hour,demand_mw,netgen_mw,ng_cell_mw,cems_gas_grid_mw,ti_mw
0,20173.147,12461.167,8372.0,5004.585,-8460.0
1,19550.234,11765.333,7428.0,4717.506,-7876.0
2,19028.798,11305.667,7118.0,4183.736,-8038.0
3,19107.282,11167.417,6710.0,3963.47,-8067.0
4,18859.918,11313.667,6629.0,3533.856,-8022.0
5,19503.47,11449.333,6312.0,3682.742,-8064.0
6,19580.12,11233.333,6399.0,3588.391,-8538.0
7,21622.684,11941.25,4732.0,3469.039,-8325.0
8,20998.3,14524.5,4655.0,2239.405,-6270.0
9,19470.867,14705.833,4111.0,1816.639,-4440.0
10,19375.204,15101.417,3964.0,1471.392,-4147.0
11,18822.073,14925.917,3918.0,1426.762,-3768.0
12,17999.903,14775.75,4079.0,1393.758,-3290.0
13,19236.938,15877.167,4165.0,1595.377,-3310.0
14,18819.113,15702.0,4844.0,1950.718,-3391.0
15,19322.218,13969.0,5233.0,2517.823,-5449.0
16,21904.041,14224.5,5968.0,3237.146,-7791.0
17,23623.676,14336.25,6092.0,3598.031,-9162.0
18,24143.499,14386.0,6090.0,3707.104,-9521.0
19,23241.182,14402.583,6895.0,3630.204,-9484.0
20,22953.188,14272.583,7091.0,3912.209,-9240.0
21,22341.561,13364.417,6113.0,3974.75,-8496.0
22,21286.322,12605.583,5535.0,3485.344,-8111.0
23,19766.262,12068.25,5356.0,3011.617,-7423.0
24,19266.32,11732.917,5121.0,2988.008,-7047.0
25,18180.34,10508.417,5087.0,2717.528,-7422.0
26,18208.383,11016.083,5369.0,2558.905,-7383.0
27,18324.14,11572.583,5664.0,2798.162,-6998.0
28,19439.762,12138.167,5482.0,3267.2,-6897.0
29,20831.594,13344.083,5897.0,3413.115,-7352.0
30,22259.761,14375.833,6619.0,3606.533,-8277.0
31,23606.748,15132.333,6624.0,3822.02,-8657.0
32,24406.587,16542.667,6131.0,3630.525,-7745.0
33,23041.918,16155.5,5619.0,3488.023,-6398.0
34,22349.618,16734.583,5879.0,3209.639,-5665.0
35,21205.415,16389.583,6104.0,3130.436,-5170.0
36,21616.516,16743.25,6290.0,3163.871,-5380.0
37,21908.045,16975.25,6508.0,3383.4,-5438.0
38,21406.034,16444.0,7088.0,3900.639,-5530.0
39,20879.949,15187.167,8344.0,4888.387,-6529.0
40,23498.821,16275.333,10040.0,5937.093,-8707.0
41,25654.714,16587.833,10218.0,7007.485,-9658.0
42,26027.351,16710.583,10328.0,7193.373,-9832.0
43,25408.089,16391.167,10367.0,7448.527,-9316.0
44,24631.75,15850.0,10198.0,7195.355,-9165.0
45,23569.107,14938.583,9773.0,7056.128,-8728.0
46,22377.898,13966.833,9266.0,6897.67,-8160.0
47,21111.445,12912.667,8651.0,6505.383,-7725.0
48,20439.164,12487.917,8428.0,6570.852,-7189.0
49,19725.629,12397.667,8355.0,6470.567,-6593.0
50,19384.04,12239.333,8188.0,6267.312,-6446.0
51,19398.793,12477.917,8352.0,6237.481,-6416.0
52,20249.285,13053.917,8465.0,6458.973,-6582.0
53,21469.556,13731.167,8767.0,6443.994,-7442.0
54,22986.457,14502.417,9349.0,6573.646,-8640.0
55,25349.197,16440.833,8799.0,6554.968,-8533.0
56,24961.226,17678.583,7714.0,6012.248,-6365.0
57,23118.597,17220.917,6698.0,5144.286,-4832.0
58,22982.923,17631.583,6377.0,4513.945,-4595.0
59,21399.009,17138.25,6390.0,4034.364,-3997.0
60,21610.388,17281.917,6322.0,4033.076,-3998.0
61,21637.09,17240.417,6722.0,4145.279,-4354.0
62,22019.625,17352.167,7261.0,4822.064,-4487.0
63,21767.057,15704.667,8172.0,5968.996,-5646.0
64,23826.177,15919.083,9803.0,6871.699,-8219.0
65,26521.361,16135.833,9845.0,7818.133,-9793.0
66,26712.082,15963.083,9695.0,7756.603,-10068.0
67,26100.924,15704.583,9606.0,7608.946,-9774.0
68,25902.057,15410.417,9434.0,7628.245,-9678.0
69,24627.044,14797.917,9547.0,7865.733,-8891.0
70,23493.228,13521.833,8702.0,7722.999,-8331.0
71,22297.177,12293.5,7845.0,7257.282,-7972.0
72,21568.166,11114.25,6788.0,6321.521,-8301.0
73,20562.717,10780.583,6440.0,5522.739,-8080.0
74,20029.419,10151.917,5851.0,4847.107,-8262.0
75,19739.919,10363.75,5885.0,4383.774,-8258.0
76,20225.082,10767.0,5794.0,4329.687,-8303.0
77,20525.164,11183.083,5912.0,4315.685,-8319.0
78,21478.27,11558.833,5873.0,4224.042,-8949.0
79,23797.448,13025.25,4511.0,4022.803,-8641.0
80,23788.168,14684.083,3083.0,2712.69,-6855.0
81,21746.634,15002.083,2950.0,2034.155,-5041.0
82,20894.866,15150.333,3165.0,1763.137,-4527.0
83,20322.42,14843.583,3008.0,1706.442,-4161.0
84,20183.751,15190.333,3423.0,1669.023,-4128.0
85,20030.666,14967.333,3505.0,1642.938,-4306.0
86,20485.87,15438.0,4677.0,1978.475,-5127.0
87,19952.104,13773.25,5780.0,3322.459,-6017.0
88,22684.94,14162.5,6616.0,4268.045,-8251.0
89,24467.505,14893.333,7198.0,4471.777,-9681.0
90,24384.59,14307.167,7182.0,4903.029,-9737.0
91,24423.369,14328.833,7503.0,5134.141,-9844.0
92,23741.605,14109.0,7951.0,5581.21,-9383.0
93,23250.72,13581.333,7975.0,5680.991,-9344.0
94,22084.57,12416.0,7378.0,5656.175,-8771.0
95,21546.842,12247.583,6958.0,5055.864,-8582.0
96,20231.108,11980.167,6733.0,4768.547,-7596.0
97,19293.287,12170.083,6701.0,4341.809,-6863.0
98,18695.726,11615.083,6419.0,4110.248,-6770.0
99,18642.813,11693.25,6272.0,3967.168,-6635.0
100,18522.816,11876.083,6730.0,4088.337,-6669.0
101,19913.63,12465.25,5843.0,4106.985,-6565.0
102,20118.437,12841.5,6141.0,4073.542,-6725.0
103,22230.023,14277.083,5236.0,3907.544,-6662.0
104,22095.102,13670.5,2652.0,2728.207,-5729.0
105,21627.472,15465.667,3219.0,1428.411,-5333.0
106,20387.15,15653.083,2683.0,1014.672,-3783.0
107,19181.04,15494.583,2722.0,661.062,-3128.0
108,19127.947,15398.0,2485.0,660.552,-2935.0
109,19161.051,14274.333,2350.0,737.323,-3880.0
110,19664.849,14623.167,3508.0,1196.287,-4734.0
111,19574.545,13481.167,4859.0,2494.984,-5838.0
112,22585.489,14706.667,6704.0,4136.427,-7827.0
113,24702.765,15162.083,7475.0,5216.287,-9180.0
114,25056.125,14825.417,8049.0,5728.313,-9932.0
115,25229.051,14833.5,8266.0,5885.156,-10157.0
116,24002.728,13859.417,8122.0,5893.917,-9752.0
117,23368.793,13225.083,8128.0,6059.315,-9593.0
118,21976.675,12215.333,7675.0,6017.946,-8799.0
119,21271.357,12192.083,7566.0,5792.879,-8233.0
120,20111.562,11904.417,7432.0,5660.751,-7359.0
121,19617.173,11749.333,7353.0,5619.444,-6982.0
122,19382.286,11675.167,7275.0,5648.724,-6714.0
123,19441.457,12143.5,7692.0,5739.562,-6631.0
124,20365.132,13017.25,8123.0,6049.487,-6802.0
125,22176.138,14765.0,9024.0,6459.743,-7356.0
126,23596.041,15953.583,9829.0,6749.063,-8103.0
127,25786.246,17102.417,8998.0,6828.434,-8234.0
128,25827.726,17424.75,7198.0,5988.581,-6993.0
129,24234.055,17583.333,6904.0,5456.327,-5479.0
130,23052.863,17098.25,6689.0,5165.218,-4859.0
131,22466.757,17922.167,7509.0,5086.195,-4348.0
132,22285.915,18065.917,7406.0,5033.603,-3973.0
133,22342.857,17625.333,7056.0,5231.129,-3923.0
134,21945.176,17554.0,7818.0,5465.781,-4124.0
135,21736.895,17118.25,9981.0,6736.25,-5244.0
136,23938.002,17199.583,11455.0,8352.023,-7222.0
137,26100.495,17591.917,11865.0,9176.184,-8578.0
138,26594.682,17521.75,11761.0,9236.537,-8978.0
139,26260.25,17186.917,11401.0,9341.938,-8513.0
140,25208.85,16403.833,11045.0,8865.622,-8365.0
141,23940.06,15153.583,10542.0,8455.081,-8254.0
142,22943.69,13909.5,9549.0,8148.795,-7815.0
143,21490.748,13225.667,8950.0,7522.687,-7073.0
144,20502.31,12877.25,8700.0,7038.665,-6667.0
145,19794.099,12458.833,8325.0,6607.871,-6433.0
146,19630.687,12401.833,8175.0,6340.458,-6444.0
147,19665.523,12626.0,8301.0,6267.128,-6454.0
148,20313.576,13141.917,8631.0,6736.264,-6447.0
149,22097.407,14968.75,9986.0,7286.262,-7209.0
150,23929.446,16323.25,11252.0,7979.801,-8259.0
151,27083.51,17828.5,9953.0,8403.615,-8185.0
152,26423.243,18007.083,8120.0,7116.765,-6800.0
153,24396.957,17652.25,7767.0,6137.312,-5755.0
154,24446.185,17927.917,7431.0,5901.873,-5428.0
155,22791.213,17495.583,7605.0,5524.235,-4757.0
156,22734.734,17171.833,7551.0,5912.506,-4582.0
157,22286.11,16420.5,8029.0,5833.215,-5442.0
158,22890.696,16597.417,9152.0,6887.884,-5938.0
159,23358.343,16872.833,10238.0,7480.115,-6624.0
160,24379.988,17267.5,11378.0,8283.093,-7588.0
161,26336.271,17922.5,11588.0,8405.376,-8977.0
162,26827.378,17981.417,11338.0,8513.566,-9051.0
163,26140.158,17934.5,11495.0,8433.263,-8648.0
164,25282.369,17001.167,10764.0,8426.807,-7999.0
165,24455.098,15627.667,9686.0,7945.036,-7949.0
166,22543.716,13744.167,8851.0,6986.154,-8045.0
167,21474.224,12728.167,7570.0,6238.663,-7458.0
168,20920.354,12020.583,5960.0,4790.376,-7450.0
169,20034.11,12252.0,5528.0,3658.715,-7032.0
170,19333.924,11851.583,5065.0,3268.946,-6659.0
171,19073.538,11856.25,5401.0,2993.893,-7005.0
172,20195.897,12501.333,5533.0,3289.169,-7319.0
173,22320.417,14404.917,6250.0,3547.105,-7999.0
174,23090.539,15742.5,7829.0,4152.644,-8405.0
175,26377.075,17059.667,7089.0,5011.013,-8776.0
176,25544.724,17539.333,6529.0,4715.996,-7199.0
177,25022.217,17456.583,6189.0,4291.239,-6844.0
178,25088.426,17678.333,5870.0,4164.698,-6496.0
179,24545.187,17492.917,5444.0,3746.876,-6130.0
180,24110.434,16929.25,4655.0,3726.789,-5490.0
181,23382.645,16703.833,5034.0,3154.417,-5939.0
182,22952.203,17246.75,6323.0,3682.058,-5727.0
183,23358.165,16971.25,6984.0,4711.52,-6040.0
184,24582.204,17180.667,8113.0,5461.143,-7434.0
185,26453.134,17679.167,8521.0,5732.573,-8943.0
186,26381.292,17429.417,8808.0,5864.48,-9276.0
187,26598.458,18056.5,9514.0,6470.563,-8966.0
188,26173.062,16594.917,8071.0,6499.75,-8530.0
189,24513.253,15109.417,7330.0,5574.441,-8540.0
190,23155.943,14326.583,6918.0,5118.965,-8009.0
191,21602.672,13037.333,5914.0,4445.944,-7414.0
192,20883.539,12901.75,5541.0,3772.394,-7131.0
193,19562.849,12554.667,5500.0,3393.787,-6495.0
194,19536.426,12389.0,5288.0,3387.031,-6429.0
195,19491.959,12904.333,5848.0,3487.231,-6329.0
196,20361.198,13595.833,6370.0,4148.97,-6367.0
197,22233.47,15577.5,7711.0,4834.575,-6913.0
198,23919.859,16662.0,8409.0,5612.464,-7435.0
199,26425.063,18416.0,8211.0,5903.668,-7697.0
200,26461.811,18667.583,6541.0,5555.832,-6160.0
201,25047.435,18158.5,6529.0,4731.54,-6067.0
202,25615.689,18091.25,5665.0,4411.045,-6159.0
203,24397.054,17760.5,5714.0,4162.159,-5569.0
204,24383.9,17607.417,5555.0,4195.088,-5517.0
205,24776.564,18515.75,5742.0,4103.419,-5280.0
206,22746.847,17675.667,6463.0,4261.786,-4653.0
207,23479.731,17978.167,7797.0,4782.169,-5897.0
208,24389.339,18528.667,9535.0,6169.278,-6607.0
209,26179.248,18664.833,9722.0,6811.02,-7806.0
210,26196.059,18529.417,10416.0,6951.247,-8512.0
211,25635.4,18001.417,10643.0,7333.588,-8324.0
212,25226.959,17280.5,10529.0,7613.064,-8243.0
213,24543.719,16026.417,9258.0,7387.907,-7768.0
214,22804.992,15090.0,8958.0,6679.597,-7374.0
215,20679.175,13826.583,8771.0,6135.197,-6869.0
216,20889.581,14222.75,7892.0,5753.436,-6186.0
217,18786.547,13277.5,8261.0,5386.652,-5764.0
218,18690.352,12970.833,8898.0,5851.123,-6147.0
219,19611.28,12878.417,8265.0,5942.469,-6436.0
220,20763.938,13857.917,7962.0,5808.627,-6440.0
221,21772.005,15452.167,9365.0,5839.443,-7226.0
222,23774.879,16554.333,10423.0,7070.151,-7954.0
223,26301.721,18379.25,10086.0,7281.076,-8108.0
224,25969.115,18806.417,7875.0,6336.303,-6082.0
225,24024.647,18873.417,7433.0,5245.836,-4719.0
226,23452.953,18282.75,6368.0,4952.808,-3966.0
227,22105.203,17644.25,6094.0,4222.558,-3713.0
228,21795.625,17559.667,5996.0,3839.564,-3773.0
229,21811.401,17941.583,6420.0,3946.423,-3724.0
230,21482.577,17804.167,7028.0,4376.015,-3711.0
231,20424.837,16337.5,8798.0,5339.942,-4926.0
232,23319.166,16818.25,10916.0,7286.521,-7511.0
233,25435.763,17229.25,11201.0,7977.118,-8811.0
234,25914.374,17436.667,11258.0,8025.313,-9091.0
235,25055.339,16523.167,10568.0,7888.777,-8592.0
236,24901.127,16320.417,10474.0,7907.316,-8528.0
237,23971.601,15387.667,9842.0,7636.54,-8170.0
238,22900.315,14449.75,9322.0,7288.17,-7865.0
239,21820.143,13588.083,8382.0,7133.664,-6861.0
240,20753.944,12963.917,7956.0,6172.632,-6954.0
241,20671.374,12434.0,6730.0,5740.979,-6607.0
242,19524.435,12388.25,6593.0,4754.79,-6355.0
243,19215.589,11862.583,6192.0,4516.611,-6409.0
244,19372.376,12074.5,6314.0,4325.481,-6667.0
245,20197.396,12804.417,6643.0,4423.584,-6993.0
246,21080.6,13413.25,7082.0,4654.955,-7475.0
247,23804.862,14825.5,5332.0,4433.967,-7258.0
248,23378.121,16014.25,4146.0,3130.476,-5760.0
249,21479.953,15863.25,3798.0,1999.308,-4796.0
250,20088.978,15782.417,4146.0,1581.166,-4252.0
251,19960.266,15750.333,3918.0,1568.538,-3940.0
252,19336.28,15510.333,3948.0,1487.552,-3667.0
253,19289.779,15575.75,4190.0,1610.634,-3674.0
254,19474.299,16181.833,5144.0,2056.07,-3761.0
255,20146.08,15429.417,5808.0,3069.268,-4836.0
256,21499.852,15774.5,7546.0,4053.957,-6598.0
257,23769.409,15828.333,7504.0,4781.681,-8044.0
258,23732.075,15878.583,8013.0,4498.096,-8749.0
259,23547.793,15653.583,8134.0,5017.815,-8391.0
260,23348.216,15730.417,8454.0,5168.404,-8284.0
261,22256.782,14684.25,7477.0,5010.137,-7420.0
262,21193.488,13766.583,7257.0,4377.51,-7687.0
263,19619.596,12803.75,7704.0,4458.451,-7442.0
264,18971.283,12154.75,7736.0,4815.138,-7118.0
265,18723.332,11626.083,7343.0,4724.854,-7096.0
266,19221.737,11961.833,6787.0,4281.508,-7146.0
267,18999.381,11989.0,5685.0,3298.986,-6777.0
268,18181.348,12068.333,6199.0,3006.62,-6686.0
269,19105.852,11934.667,5873.0,3107.79,-7317.0
270,19800.692,12611.667,6411.0,3080.631,-7900.0
271,22469.145,14518.667,5350.0,3220.083,-7461.0
272,21807.647,16384.25,4537.0,2315.002,-5026.0
273,20255.169,15917.25,4156.0,1732.524,-4142.0
274,18736.129,15179.167,4438.0,1209.567,-4166.0
275,19351.693,16215.417,4305.0,1240.882,-3581.0
276,18863.899,15723.833,4067.0,1292.671,-3295.0
277,19051.034,15476.167,4265.0,1423.472,-3797.0
278,20125.142,16220.333,4732.0,1929.414,-4088.0
279,19859.4,15960.083,5758.0,3059.922,-3978.0
280,21108.724,15311.75,7358.0,3981.579,-6554.0
281,24363.945,16236.833,7862.0,5016.717,-8353.0
282,24852.089,16173.167,7847.0,5134.527,-8772.0
283,24479.612,15755.333,7614.0,5037.884,-8681.0
284,24221.377,15575.75,7712.0,5120.232,-8618.0
285,22919.959,14426.917,7164.0,5222.647,-7815.0
286,21478.147,13383.0,6760.0,4663.752,-7572.0
287,20458.562,12777.333,5830.0,4122.834,-6769.0
288,19323.076,12285.0,5660.0,3714.681,-6364.0
289,18564.163,12337.667,6056.0,3458.101,-6205.0
290,18441.08,12458.0,6268.0,3593.685,-6038.0
291,18973.391,13168.0,6691.0,3811.996,-6065.0
292,20065.723,13895.0,6655.0,4210.328,-5996.0
293,21723.448,16058.667,7992.0,4596.386,-6441.0
294,23800.411,17920.167,9522.0,5932.849,-6850.0
295,26276.558,19425.75,8913.0,6440.413,-6704.0
296,26173.486,20333.667,7094.0,5411.424,-4903.0
297,23903.303,19821.083,6435.0,4563.825,-3334.0
298,22587.34,17884.5,5256.0,3753.445,-3586.0
299,21896.284,18246.75,5723.0,3303.139,-3450.0
300,22476.665,19137.583,6073.0,3708.686,-3084.0
301,22915.249,20247.833,6346.0,3678.02,-2716.0
302,21859.382,19801.583,6930.0,4059.404,-2309.0
303,21635.882,19010.75,8938.0,5282.737,-3661.0
304,24232.462,19928.333,11542.0,7967.733,-5259.0
305,26607.136,20698.917,11907.0,9144.824,-6051.0
306,26430.167,19686.75,11316.0,8778.022,-6662.0
307,26118.876,19405.917,11246.0,8459.564,-6880.0
308,25332.277,18115.167,10564.0,8276.716,-6885.0
309,24660.479,17221.5,10078.0,8039.584,-6858.0
310,22460.79,15699.25,9295.0,7072.145,-6365.0
311,21480.547,13862.083,7669.0,6566.069,-6102.0
312,20911.257,13306.75,7250.0,5736.112,-6499.0
313,19954.884,13011.167,7062.0,5259.322,-6127.0
314,19838.431,12814.0,6760.0,5130.036,-6035.0
315,20185.694,13457.917,7028.0,5144.382,-5992.0
316,20847.987,14766.583,7915.0,5544.008,-5833.0
317,22929.393,17200.667,9177.0,6514.331,-5772.0
318,24658.464,19054.583,10684.0,7522.486,-6146.0
319,26608.833,19630.25,9236.0,7860.188,-5735.0
320,26350.178,20755.417,7607.0,6147.366,-4435.0
321,23847.412,20346.417,7301.0,5107.601,-3075.0
322,23367.914,20360.833,6662.0,4587.685,-2462.0
323,22133.494,19543.417,6282.0,4286.682,-1966.0
324,22194.243,19243.333,6079.0,3928.515,-2482.0
325,22039.775,19299.0,6054.0,3750.38,-2425.0
326,21881.676,19549.083,7092.0,4065.197,-2740.0
327,21936.107,18136.833,7875.0,4908.878,-4146.0
328,24033.259,18796.25,9838.0,6026.614,-6429.0
329,25896.823,19294.333,10520.0,7117.095,-7386.0
330,26696.756,19570.083,10845.0,7416.278,-7936.0
331,26258.603,19305.417,10723.0,7566.792,-7490.0
332,25492.302,18755.667,10527.0,7578.24,-7066.0
333,24259.312,17376.75,9796.0,7273.167,-6786.0
334,22773.18,15956.167,8841.0,6684.619,-6354.0
335,21126.319,14732.667,8058.0,5853.258,-5979.0
336,20197.869,14291.25,7959.0,5602.224,-5644.0
337,19650.283,14076.167,7989.0,5369.722,-5574.0
338,19389.67,13972.25,8071.0,5464.025,-5405.0
339,19495.31,14127.917,8350.0,5715.998,-5382.0
340,20375.502,14433.833,8694.0,6146.274,-5870.0
341,22306.634,17365.417,11163.0,6749.822,-6735.0
342,23942.662,18152.833,11803.0,7917.434,-7056.0
343,26946.84,18851.5,10367.0,8226.945,-7616.0
344,25784.418,19731.917,9348.0,6845.106,-5936.0
345,23670.109,19736.917,8718.0,5839.797,-4192.0
346,22518.084,19331.25,8251.0,5491.439,-3327.0
347,21169.344,18662.25,8299.0,5172.699,-3014.0
348,21402.979,18849.833,8383.0,5228.75,-3088.0
349,21820.202,19135.083,7860.0,5328.724,-2597.0
350,21406.763,18757.167,8948.0,5719.201,-3259.0
351,21380.783,18041.833,10350.0,6693.555,-4376.0
352,23428.963,18635.25,12468.0,8117.318,-6525.0
353,25832.717,19135.0,12779.0,9166.322,-7691.0
354,26415.144,18756.0,12281.0,9068.749,-8252.0
355,25998.765,18247.167,11962.0,8768.203,-8326.0
356,25179.145,17160.917,11503.0,8516.834,-8385.0
357,24029.949,15931.917,10866.0,8148.638,-8196.0
358,22347.984,14608.917,10149.0,7486.672,-7782.0
359,21269.201,13688.333,9258.0,6926.472,-7293.0
360,20113.313,13172.667,8923.0,6093.251,-7151.0
361,19774.118,13056.5,8706.0,6004.223,-6800.0
362,19211.552,12652.417,8483.0,5793.74,-6629.0
363,19563.309,12956.333,8489.0,5774.581,-6702.0
364,20350.846,13484.25,8556.0,5875.201,-6928.0
365,22037.892,15376.083,9689.0,5935.414,-7796.0
366,23968.321,17120.25,10898.0,6779.676,-8347.0
367,25161.493,17554.5,10181.0,7141.598,-8027.0
368,26405.53,20075.667,9069.0,6522.468,-6257.0
369,24382.95,19584.583,8292.0,5919.972,-4551.0
370,25099.894,19752.667,8117.0,5825.832,-5019.0
371,24595.984,19239.667,7471.0,5493.922,-4714.0
372,23998.199,19570.25,7516.0,5522.554,-3802.0
373,23656.687,19169.833,7668.0,4872.459,-4663.0
374,23574.045,18817.083,8014.0,5350.567,-4801.0
375,23273.378,18190.667,9935.0,6285.317,-6113.0
376,25420.243,19189.75,11096.0,7425.098,-7282.0
377,26834.624,19324.917,10837.0,7429.313,-8298.0
378,27153.857,18958.417,10447.0,7474.045,-8549.0
379,26341.444,18482.917,10739.0,7351.132,-8627.0
380,26054.368,17984.917,10397.0,7301.057,-8546.0
381,24443.513,16620.333,9646.0,6964.784,-7885.0
382,22828.639,15028.917,8203.0,6099.327,-7284.0
383,21254.195,14423.0,7738.0,5099.8,-6850.0
384,19999.886,13678.583,7428.0,4757.908,-6372.0
385,19693.001,13491.333,7337.0,4597.272,-6322.0
386,19356.894,13373.333,7490.0,4596.165,-6258.0
387,19175.967,13224.917,7685.0,4664.655,-6352.0
388,20347.304,13890.583,7894.0,4994.326,-6737.0
389,21867.42,15549.667,8998.0,5462.358,-7234.0
390,23959.107,16949.417,10248.0,6732.295,-7906.0
391,26437.298,18451.5,10122.0,7379.403,-8109.0
392,26813.014,19765.833,8336.0,6606.786,-6157.0
393,24760.307,18457.5,7738.0,5739.412,-5682.0
394,24418.554,18201.0,7590.0,5682.159,-5506.0
395,23210.86,18067.917,7516.0,5123.548,-4916.0
396,22529.326,17939.333,7292.0,5221.597,-4041.0
397,22560.92,18235.333,7346.0,4875.192,-4177.0
398,21873.266,17804.5,7850.0,4849.371,-4450.0
399,21470.617,16185.75,8928.0,5938.472,-5655.0
400,23423.231,16488.5,10345.0,6402.336,-8258.0
401,25644.767,18066.083,11834.0,7658.289,-9135.0
402,25696.611,17533.75,11302.0,8009.466,-8836.0
403,25239.521,17015.5,11100.0,7610.626,-9094.0
404,24347.223,16105.25,10819.0,7337.578,-9104.0
405,23692.721,14956.25,10387.0,7242.076,-9262.0
406,22496.354,14215.25,9999.0,6628.709,-9032.0
407,21634.749,14477.833,9994.0,6519.52,-8012.0
408,19962.946,13678.5,9472.0,6331.051,-6806.0
409,19489.881,13285.833,9098.0,6155.652,-6527.0
410,18985.297,13085.75,8865.0,5847.152,-6298.0
411,18861.972,13191.917,8837.0,5672.66,-6215.0
412,19381.194,13304.333,8488.0,5756.465,-6189.0
413,20028.773,13395.5,8527.0,5678.878,-6862.0
414,21231.451,14115.75,9145.0,5791.306,-7850.0
415,23757.899,15621.333,7950.0,5798.17,-7669.0
416,24013.663,16887.75,6874.0,5068.518,-6312.0
417,22289.835,16951.917,6481.0,4335.523,-4864.0
418,21287.786,16109.083,5807.0,3858.308,-4508.0
419,20230.99,15849.5,6021.0,3443.095,-4340.0
420,19123.108,14937.667,5717.0,3354.047,-3929.0
421,20149.489,15430.667,5622.0,3342.427,-4379.0
422,19268.596,15259.417,6590.0,3581.784,-4398.0
423,19479.087,14715.667,7888.0,4520.026,-5512.0
424,21753.996,14991.25,8990.0,5701.351,-7432.0
425,23784.096,15524.5,9348.0,6175.201,-8813.0
426,23974.239,15450.5,9469.0,6300.344,-9073.0
427,23612.55,15316.5,9570.0,6326.655,-8920.0
428,22977.272,14763.667,9422.0,6413.211,-8603.0
429,22545.607,14555.5,9473.0,6257.712,-8586.0
430,21703.515,13770.333,9043.0,6183.786,-8173.0
431,20608.999,12833.25,8374.0,5791.354,-7739.0
432,20015.238,12614.917,8172.0,5455.926,-7497.0
433,19107.493,11903.833,7713.0,5243.265,-7054.0
434,19019.077,11690.917,7492.0,4957.766,-7243.0
435,18718.439,11727.667,7450.0,4611.377,-7210.0
436,18796.804,12039.083,7581.0,4506.326,-7213.0
437,19439.358,12442.0,7582.0,4656.963,-7303.0
438,19648.476,12762.917,7989.0,4814.165,-7441.0
439,21635.99,13700.083,6641.0,4664.511,-7293.0
440,22024.536,14251.083,5933.0,4061.058,-7026.0
441,22049.83,15175.167,5511.0,3343.268,-6423.0
442,20589.583,15639.25,5818.0,2999.938,-5149.0
443,20413.827,15827.25,5649.0,3244.182,-4372.0
444,19364.632,15275.5,5961.0,3317.737,-4113.0
445,19909.843,14173.417,6257.0,3827.032,-5547.0
446,20233.232,14041.667,7576.0,4312.171,-6836.0
447,20951.21,14008.583,8379.0,5274.232,-7428.0
448,22462.564,14853.25,8904.0,5548.919,-8345.0
449,23872.797,15721.75,9655.0,6123.652,-9063.0
450,23868.193,15507.5,9548.0,6306.298,-8983.0
451,23256.458,15191.583,9783.0,6485.48,-8743.0
452,23184.51,15467.75,9971.0,6715.365,-8353.0
453,21881.788,14668.333,9833.0,6887.06,-7540.0
454,20622.916,13719.167,9323.0,6702.355,-6905.0
455,19408.975,12579.833,8676.0,6368.747,-6517.0
456,18750.431,12053.25,8406.0,5757.786,-6726.0
457,18260.317,12173.5,8375.0,5490.422,-6352.0
458,17884.341,12005.333,8186.0,5424.613,-6021.0
459,18101.874,12389.5,8353.0,5381.979,-6064.0
460,18842.611,13099.417,8694.0,5735.799,-6082.0
461,20545.93,14098.333,8932.0,6204.202,-6556.0
462,22594.484,14839.917,9439.0,6606.172,-7968.0
463,23351.14,15711.833,10422.0,7395.912,-8046.0
464,24312.178,16317.75,10381.0,7475.033,-8281.0
465,24486.809,16872.417,10499.0,7321.998,-8172.0
466,24277.017,16896.917,10503.0,7174.706,-8089.0
467,24594.992,18068.333,10324.0,6880.264,-7351.0
468,23601.529,17341.0,9837.0,6836.134,-6642.0
469,22846.426,16361.667,9843.0,6790.364,-6918.0
470,23081.877,15967.583,10518.0,7431.899,-7581.0
471,24305.041,16295.833,10666.0,7869.812,-8186.0
472,24874.098,17585.833,11619.0,7883.87,-8404.0
473,26190.809,17817.417,11680.0,8650.998,-8783.0
474,26256.384,17379.417,11352.0,8254.572,-9355.0
475,25735.5,17170.417,11168.0,7869.688,-9244.0
476,24785.166,15517.917,9860.0,7506.854,-9001.0
477,23624.704,14553.333,9617.0,6976.976,-9092.0
478,22522.724,13728.083,9093.0,6798.246,-8470.0
479,21381.861,12967.583,8007.0,6267.883,-7534.0
480,20091.711,12499.167,7788.0,5668.15,-7093.0
481,19419.394,12362.75,7570.0,5162.249,-6845.0
482,18986.308,12202.833,7379.0,5069.08,-6474.0
483,19097.687,12660.583,7684.0,5093.709,-6408.0
484,20372.458,13705.75,7841.0,5351.313,-6537.0
485,21715.398,14591.5,8157.0,5748.503,-6913.0
486,23599.773,16575.583,9884.0,5991.795,-8297.0
487,24887.411,17415.583,9484.0,6564.432,-7772.0
488,25313.379,17775.083,8322.0,6105.901,-7135.0
489,23985.13,17905.583,8484.0,5499.151,-6445.0
490,24817.527,18938.5,7466.0,5317.632,-5408.0
491,22947.142,18817.167,7505.0,4704.58,-4311.0
492,23686.355,19088.167,7107.0,4493.793,-4592.0
493,22699.813,18773.417,6968.0,4232.001,-4043.0
494,23929.264,19367.417,7402.0,4455.453,-4889.0
495,22131.697,17956.333,8404.0,5030.969,-4929.0
496,23551.438,17259.333,9417.0,5735.71,-7354.0
497,26187.881,17701.833,9707.0,6347.653,-9226.0
498,26284.204,17319.167,9464.0,6483.643,-9326.0
499,25842.783,17205.833,9655.0,6316.555,-9356.0
500,25168.136,16395.417,9198.0,6405.324,-8946.0
501,23595.487,15348.333,8665.0,5770.758,-8522.0
502,21953.557,13979.417,8382.0,6027.745,-7709.0
503,21499.962,12858.0,7004.0,5773.567,-7253.0
504,20984.43,11835.0,6283.0,5156.035,-7657.0
505,20124.722,11541.583,6219.0,4514.744,-7668.0
506,19600.951,11161.333,5946.0,4341.223,-7425.0
507,20167.767,11617.5,5852.0,4327.872,-7455.0
508,21391.952,13136.833,6271.0,4461.724,-7445.0
509,22064.755,14076.667,6723.0,4571.693,-7520.0
510,23885.173,15502.333,8081.0,5035.444,-8809.0
511,25912.011,17525.167,8072.0,5264.449,-8575.0
512,24283.596,19215.75,8189.0,4717.451,-5920.0
513,23068.963,18929.25,7588.0,4757.318,-4351.0
514,22809.661,18834.25,7375.0,4666.016,-4065.0
515,21135.634,18238.917,7698.0,4451.323,-3524.0
516,21523.902,17924.0,7344.0,4579.507,-3745.0
517,21753.255,17593.333,7328.0,4509.527,-4359.0
518,21536.918,17497.833,7549.0,4525.689,-4443.0
519,21742.241,16403.083,8391.0,5189.763,-5921.0
520,22651.526,16362.0,10360.0,6354.131,-7676.0
521,24698.677,17578.25,11325.0,6901.032,-8925.0
522,25218.753,17365.167,10748.0,7180.192,-8802.0
523,24810.877,16775.0,10340.0,6926.482,-8830.0
524,24006.27,15708.75,9894.0,6668.125,-8904.0
525,22844.821,14147.917,9314.0,6535.509,-8856.0
526,21646.085,13231.75,9205.0,6254.94,-8745.0
527,20497.313,11722.833,8215.0,6155.085,-8215.0
528,20734.994,11315.0,7921.0,6257.599,-8464.0
529,20234.103,11088.833,7635.0,5773.875,-8387.0
530,19840.069,10733.083,7277.0,5559.59,-8205.0
531,19942.785,11239.417,7715.0,5452.973,-8346.0
532,20771.404,11887.417,8012.0,5964.592,-8312.0
533,23281.805,13980.75,8946.0,6393.66,-9234.0
534,24461.926,15451.667,10166.0,7405.864,-9151.0
535,26688.854,16654.667,9032.0,7583.792,-8863.0
536,25008.761,17373.417,8315.0,6157.95,-7173.0
537,23372.934,17506.5,8030.0,5639.039,-5638.0
538,23359.608,17695.833,7556.0,5198.38,-5402.0
539,21512.314,17367.667,7720.0,4518.253,-4727.0
540,22179.594,18076.917,7681.0,4643.283,-4521.0
541,22750.017,17664.583,7262.0,4646.038,-5082.0
542,22023.889,16705.583,7195.0,4677.91,-5216.0
543,22094.609,15926.333,8085.0,5197.88,-6436.0
544,22963.757,15885.333,10193.0,6541.029,-8111.0
545,25068.073,16416.083,10715.0,7410.594,-9337.0
546,25474.813,16508.5,10812.0,7646.918,-9512.0
547,24853.684,15908.167,10471.0,7496.122,-9301.0
548,23873.039,14661.417,9988.0,7196.228,-9384.0
549,23063.801,13748.5,9587.0,6948.906,-9334.0
550,21603.737,13055.25,9138.0,6403.092,-8664.0
551,20181.651,11945.0,8199.0,5868.256,-7948.0
552,19263.919,11380.75,7914.0,5499.774,-7678.0
553,18733.233,11317.333,7874.0,4998.505,-7672.0
554,18583.811,11169.833,7407.0,4702.583,-7499.0
555,18206.559,11275.0,7553.0,4499.164,-7366.0
556,19213.879,12429.0,8170.0,4856.484,-7479.0
557,21317.235,14308.75,8954.0,5426.09,-7917.0
558,23276.184,15483.5,9710.0,6612.289,-8271.0
559,26046.529,15782.667,7849.0,6919.468,-8574.0
560,25546.626,16794.083,7249.0,5766.148,-7616.0
561,24933.876,17179.25,6265.0,5201.231,-6199.0
562,24415.765,17452.75,5691.0,4678.62,-5356.0
563,22846.92,17157.0,5784.0,4253.525,-4601.0
564,23152.367,17795.667,5899.0,4272.306,-4364.0
565,21969.278,17075.583,6028.0,4348.3,-3954.0
566,22830.68,16502.917,5777.0,4495.369,-4990.0
567,22759.147,15592.333,6514.0,4639.418,-6422.0
568,23683.452,15505.583,8109.0,5753.473,-7914.0
569,25769.201,16379.083,9000.0,6751.722,-9019.0
570,25990.598,16073.417,9130.0,7205.786,-9222.0
571,25675.127,15842.667,8812.0,7152.065,-8873.0
572,25240.722,15036.917,8068.0,6880.411,-8772.0
573,24212.291,13349.5,6816.0,6281.396,-8778.0
574,23100.372,11731.667,6022.0,5251.311,-9520.0
575,22080.192,10249.417,4835.0,4376.381,-9670.0
576,20740.286,9306.917,4228.0,3539.974,-9502.0
577,20890.049,9655.333,3678.0,2795.32,-9498.0
578,18932.582,8955.583,3568.0,2328.603,-8597.0
579,19688.14,9415.667,3195.0,2188.078,-8660.0
580,18679.116,9272.417,3928.0,2268.305,-8447.0
581,20065.53,9695.25,4591.0,2823.885,-9518.0
582,21150.704,10061.083,4978.0,3238.226,-10210.0
583,23787.428,12496.833,4439.0,3256.2,-9854.0
584,23243.919,14371.583,3766.0,2680.94,-7338.0
585,22167.456,14801.833,3310.0,2351.227,-5705.0
586,21258.807,14413.083,3084.0,2178.328,-5132.0
587,20337.261,14221.25,3181.0,1984.616,-4693.0
588,19561.877,13634.75,3098.0,1905.732,-4500.0
589,19878.333,13991.25,3328.0,2041.688,-4554.0
590,19913.721,13582.667,4010.0,2438.659,-5283.0
591,20041.056,12451.167,4911.0,3358.495,-6523.0
592,22072.587,12854.833,7043.0,5050.359,-8591.0
593,24636.239,13402.083,7262.0,5687.761,-10189.0
594,24853.248,13769.5,7830.0,6092.353,-10202.0
595,24627.331,13419.667,7577.0,6278.27,-9887.0
596,23916.744,13049.75,7414.0,6043.599,-9618.0
597,23001.193,12252.417,7053.0,5805.381,-9377.0
598,21937.571,11198.917,6396.0,5564.259,-8951.0
599,20987.016,10577.083,5868.0,4806.538,-8852.0
600,20159.818,10106.167,5580.0,4526.256,-8488.0
601,19556.984,9539.75,4965.0,4191.839,-8171.0
602,19346.807,8859.917,4136.0,3595.495,-8408.0
603,18944.104,9181.5,4123.0,2824.209,-8442.0
604,18566.812,9184.917,4072.0,2642.501,-8192.0
605,18975.321,9823.0,4502.0,2713.926,-8321.0
606,19524.686,10734.917,4872.0,2656.375,-8386.0
607,20827.244,12378.583,4410.0,2586.265,-7653.0
608,21236.314,12958.167,3292.0,2170.752,-6780.0
609,20993.853,14051.833,3795.0,1740.624,-6377.0
610,21326.731,15882.083,3862.0,1774.252,-4913.0
611,20046.856,15627.333,3440.0,1635.128,-3605.0
612,19299.508,16472.917,3870.0,1221.196,-2856.0
613,19408.903,16309.417,3953.0,1424.091,-3009.0
614,19226.247,16125.667,4599.0,1701.185,-3379.0
615,19284.037,15125.667,5501.0,2552.975,-4487.0
616,20843.329,14434.333,6375.0,3854.601,-6310.0
617,23614.005,15197.083,7035.0,4450.526,-8382.0
618,24319.187,15592.167,7705.0,4926.625,-8886.0
619,24397.079,15091.333,7105.0,5257.35,-8534.0
620,23776.455,14785.167,7243.0,5073.894,-8541.0
621,22922.412,13662.0,6352.0,4913.017,-8080.0
622,21984.133,13089.083,5836.0,4084.655,-8027.0
623,20065.013,12020.417,5269.0,3581.202,-7113.0
624,19441.188,11727.333,5177.0,3337.459,-6934.0
625,18830.221,11584.917,5029.0,3064.91,-6590.0
626,18693.707,11739.583,5131.0,3107.728,-6358.0
627,18788.49,12069.833,5516.0,3273.262,-6342.0
628,20002.114,13357.417,6205.0,3619.303,-6611.0
629,21944.125,14560.417,6446.0,4194.313,-7016.0
630,23927.615,15654.083,7279.0,4594.137,-8339.0
631,26727.903,17655.5,6468.0,4570.008,-8351.0
632,26420.971,19451.417,5339.0,3766.159,-5923.0
633,23360.105,18469.0,4906.0,3244.71,-3933.0
634,23022.799,18420.833,4959.0,2775.571,-4166.0
635,21938.664,17976.833,4999.0,2538.435,-3803.0
636,22286.121,17806.667,4808.0,2549.06,-4119.0
637,22584.337,17902.083,4616.0,2628.859,-4050.0
638,22418.568,17527.167,4787.0,2750.007,-4309.0
639,22627.941,16759.0,5676.0,3700.546,-5225.0
640,23618.36,15934.417,7703.0,5225.549,-7542.0
641,26465.045,16990.833,8739.0,6393.817,-9200.0
642,26937.809,16702.083,8612.0,6684.331,-9544.0
643,26052.795,16436.083,8610.0,5997.317,-9610.0
644,24856.645,15512.333,8386.0,6269.917,-8841.0
645,23832.665,14349.5,7876.0,5687.77,-9052.0
646,22595.369,13075.917,6971.0,5322.057,-8549.0
647,21800.147,12021.833,5823.0,5071.919,-7910.0
648,21408.545,11521.667,5232.0,4231.483,-8268.0
649,20106.793,10859.833,5206.0,3683.565,-8150.0
650,20195.072,10799.25,5131.0,3655.427,-8252.0
651,20051.331,11285.5,5621.0,3839.436,-7928.0
652,20471.482,12150.0,6780.0,4548.087,-7934.0
653,22828.779,14275.5,7846.0,5575.884,-8204.0
654,24630.542,15398.833,8305.0,6078.314,-8839.0
655,26871.943,16883.583,6806.0,5467.965,-8707.0
656,25812.654,18171.25,6530.0,4497.009,-7055.0
657,23933.832,17814.5,5904.0,4462.937,-4941.0
658,23798.489,17940.0,5364.0,3900.094,-4703.0
659,22839.753,17999.333,5505.0,3470.025,-4256.0
660,22829.252,18285.083,5361.0,3499.774,-3786.0
661,23412.676,18886.833,5468.0,3445.448,-3929.0
662,22332.883,18402.833,5808.0,3611.655,-3507.0
663,22320.37,17490.333,6443.0,4228.641,-4425.0
664,23931.885,16854.25,7855.0,5704.24,-6609.0
665,26413.031,17918.833,9019.0,6612.803,-8281.0
666,27006.59,17587.833,8825.0,6780.362,-8844.0
667,26202.374,16685.333,8621.0,6726.645,-8792.0
668,25628.312,15567.25,8183.0,6666.667,-8958.0
669,24774.232,14681.0,7871.0,6489.837,-8855.0
670,23267.323,12846.083,6452.0,5829.844,-8424.0
671,21881.52,12351.833,6010.0,4735.291,-8185.0
672,21178.911,11505.333,5332.0,4305.183,-8081.0
673,20600.04,11164.917,4757.0,3465.729,-8107.0
674,20048.405,11260.25,4461.0,2855.76,-7774.0
675,19612.558,11310.75,4833.0,2858.413,-7657.0
676,20456.457,12175.25,5602.0,3363.812,-7900.0
677,23105.604,14326.083,6777.0,4381.126,-8556.0
678,24492.86,15211.0,7835.0,5399.465,-9098.0
679,26431.19,16135.083,7399.0,5633.711,-9442.0
680,26341.775,17612.417,6530.0,4864.964,-7775.0
681,24614.654,17015.917,5792.0,4585.343,-6186.0
682,23307.221,17054.667,5563.0,4157.16,-5039.0
683,22905.557,17046.75,5075.0,3892.412,-4422.0
684,22636.203,17499.333,4614.0,3449.475,-3682.0
685,23244.271,18094.917,4520.0,3169.959,-3880.0
686,21726.771,16398.333,5286.0,3346.042,-4649.0
687,23056.852,16035.583,6425.0,4130.873,-6696.0
688,23341.048,15521.083,8936.0,5795.569,-8341.0
689,26198.519,16378.667,9839.0,7238.457,-9801.0
690,27090.306,15881.0,9452.0,7517.911,-10524.0
691,26663.978,15290.917,9253.0,7467.666,-10539.0
692,26069.235,14392.25,8759.0,7073.59,-10743.0
693,24749.792,13214.667,8209.0,6759.731,-10365.0
694,23196.646,12221.083,7486.0,5823.168,-10019.0
695,21627.105,11653.0,7266.0,5465.71,-9155.0
696,21167.993,11234.5,6794.0,5518.098,-8590.0
697,20320.244,10839.75,6427.0,4898.1,-8390.0
698,19944.609,11088.083,6470.0,4692.131,-8015.0
699,19708.443,11304.417,6775.0,4846.632,-7713.0
700,20747.637,11585.167,6778.0,5100.075,-8221.0
701,22675.533,13653.917,8309.0,5687.222,-9024.0
702,24721.294,15107.667,9430.0,6844.232,-9580.0
703,27015.304,16496.25,8082.0,6783.659,-9198.0
704,25288.91,17260.333,7480.0,5837.181,-7052.0
705,24386.764,17329.667,7248.0,5531.702,-6154.0
706,23559.75,16972.0,6401.0,5319.355,-5050.0
707,22553.079,16450.0,6495.0,4814.684,-5164.0
708,23007.96,17158.417,6461.0,4814.148,-4877.0
709,22574.416,16643.167,6279.0,4803.854,-4787.0
710,22520.26,16168.833,6664.0,4944.031,-5452.0
711,22596.368,15065.667,7558.0,5654.306,-6815.0
712,23899.088,14555.917,9010.0,6588.776,-9145.0
713,26018.732,15480.75,10008.0,7483.587,-10443.0
714,26505.967,15422.25,10087.0,7746.322,-10805.0
715,26040.544,15018.667,9941.0,7633.482,-10710.0
716,25777.766,14998.333,9916.0,7687.037,-10389.0
717,24057.643,13773.417,9293.0,7076.831,-9881.0
718,22868.626,12381.667,7981.0,6151.565,-9697.0
719,21821.156,11438.333,7267.0,5603.427,-9427.0
720,21184.433,10717.0,6442.0,5017.038,-9273.0
721,20283.46,10449.667,6311.0,4594.399,-8931.0
722,19982.421,10406.417,6293.0,4489.609,-8760.0
723,20006.397,10773.0,6577.0,4535.002,-8656.0
724,20636.741,11316.0,6701.0,4876.346,-8526.0
725,22767.868,13021.583,7468.0,5025.889,-9569.0
726,24075.839,14256.333,8615.0,5857.111,-9958.0
727,26310.918,15845.75,7987.0,6087.773,-9745.0
728,25325.6,17003.0,6849.0,5575.205,-6977.0
729,23631.143,17327.417,6611.0,4753.331,-5542.0
730,22354.884,16797.25,6046.0,4180.239,-4804.0
731,21877.737,16897.5,5863.0,3705.842,-4518.0
732,21472.057,16344.417,5519.0,3558.246,-4469.0
733,21707.352,16609.583,5675.0,3535.374,-4618.0
734,21689.663,16339.583,6266.0,3895.685,-5101.0
735,21569.422,14291.167,6669.0,4568.86,-6759.0
736,23205.72,13582.0,7909.0,5450.325,-9463.0
737,25482.196,14300.25,8662.0,6347.551,-10877.0
738,25685.391,14101.333,8733.0,6464.663,-11233.0
739,25151.497,13863.833,8908.0,6416.269,-11160.0
740,24828.779,13653.917,8969.0,6643.467,-10881.0
741,23736.011,13112.333,8885.0,6615.283,-10274.0
742,22498.83,12102.0,8169.0,6463.435,-9483.0
743,21450.632,10487.417,6672.0,5865.82,-9150.0
744,20848.35,10104.5,6305.0,5103.455,-9326.0
745,19450.823,9681.5,6431.0,4612.928,-8968.0
746,19395.026,9461.417,6134.0,4383.215,-9065.0
747,19065.043,9344.75,6066.0,4072.898,-9094.0
748,19505.287,9593.25,6075.0,4024.642,-9343.0
749,20387.264,10363.167,6496.0,4271.703,-9629.0
750,21320.973,11153.25,6856.0,4626.328,-9778.0
751,23916.769,12726.417,4666.0,4113.957,-9123.0
752,23270.798,14168.583,3685.0,2682.82,-7485.0
753,21083.612,14407.667,3600.0,1740.55,-5916.0
754,19922.214,14467.333,3651.0,1559.485,-4927.0
755,19675.114,14672.167,3732.0,1546.552,-4569.0
756,18554.224,13998.167,3679.0,1606.662,-4009.0
757,19236.233,14266.0,3941.0,1661.838,-4630.0
758,19637.814,14798.0,4765.0,2009.419,-4976.0
759,19909.218,13880.333,5517.0,2954.49,-5972.0
760,21294.87,12355.417,7011.0,4582.058,-8749.0
761,24321.281,13345.0,8140.0,5680.886,-10816.0
762,24931.524,12976.583,7814.0,6244.545,-10905.0
763,24088.174,12572.25,7801.0,5884.529,-10813.0
764,23675.964,12628.5,8419.0,6114.069,-10733.0
765,23040.666,12225.583,8086.0,6461.687,-9820.0
766,21855.424,11355.833,7279.0,6039.196,-9120.0
767,20636.369,10387.667,6428.0,5295.307,-8762.0
768,19874.7,9660.583,5928.0,4815.721,-8707.0
769,19224.694,9715.333,6007.0,4323.966,-8573.0
770,18739.357,9445.417,5814.0,3865.545,-8623.0
771,18500.579,9592.917,5898.0,3713.268,-8473.0
772,18590.147,9692.5,5778.0,3689.252,-8367.0
773,18854.034,10198.75,6180.0,3691.889,-8524.0
774,19985.637,10761.5,6299.0,4039.742,-8864.0
775,22975.477,13341.75,4638.0,3952.332,-7700.0
776,21992.673,15543.167,4677.0,2940.111,-5567.0
777,20333.977,15577.583,4476.0,2539.999,-4073.0
778,20084.919,16486.583,4066.0,2173.94,-2871.0
779,19371.796,17011.0,3909.0,1951.401,-1699.0
780,18707.408,17136.083,4012.0,1893.93,-1070.0
781,19400.347,17863.917,4140.0,2034.036,-1023.0
782,19460.361,17958.083,4249.0,1913.882,-1218.0
783,18746.422,16154.083,4871.0,2494.944,-2349.0
784,19774.165,13598.833,5438.0,3474.937,-5519.0
785,23498.933,14759.833,6908.0,4587.705,-8440.0
786,24277.288,14060.0,6262.0,4677.893,-9182.0
787,24626.737,14733.75,6940.0,4833.592,-9380.0
788,23596.083,14032.417,7070.0,5084.272,-8930.0
789,23269.912,13063.0,6540.0,4881.517,-9246.0
790,22102.235,12108.667,6160.0,4610.174,-8924.0
791,20732.966,11687.583,5800.0,4053.987,-8172.0
792,20269.199,11378.083,5757.0,3764.72,-8264.0
793,19464.701,11147.083,5851.0,3664.222,-7885.0
794,19525.077,11292.25,6035.0,3870.432,-7778.0
795,19975.119,11953.417,6418.0,4095.307,-7725.0
796,20754.669,12588.5,6782.0,4567.774,-7761.0
797,23457.059,15003.167,7892.0,5314.498,-8412.0
798,24845.861,16183.833,8890.0,6570.632,-8362.0
799,27641.217,17607.917,8004.0,6686.905,-8731.0
800,27116.735,19166.417,6693.0,5703.923,-6320.0
801,24945.444,19391.417,5949.0,5221.632,-3662.0
802,23755.01,19069.25,5137.0,4182.365,-3021.0
803,21953.342,17804.417,4873.0,3606.53,-2796.0
804,22384.409,18226.583,5137.0,3230.431,-3445.0
805,22280.148,18776.917,6022.0,3536.836,-3369.0
806,22050.347,18026.917,5401.0,4139.035,-2666.0
807,21921.764,17249.0,6428.0,4403.369,-4078.0
808,23485.479,17035.083,8970.0,6232.0,-6569.0
809,27391.421,18927.083,11295.0,8435.943,-8704.0
810,28269.372,18826.75,11393.0,9561.227,-8655.0
811,27676.106,17477.917,10531.0,9134.794,-8975.0
812,27184.445,16789.5,10092.0,8393.55,-9474.0
813,25798.625,15396.333,9400.0,7915.897,-9267.0
814,24530.48,14448.25,8869.0,7287.835,-9044.0
815,23125.993,13358.583,7857.0,6713.014,-8292.0
816,22241.435,13624.75,8261.0,6284.29,-7974.0
817,21682.281,13094.667,7683.0,6267.219,-7384.0
818,21388.194,13388.833,7918.0,5979.965,-7318.0
819,21273.302,13509.75,7962.0,6117.157,-6989.0
820,22516.459,14801.25,8819.0,6476.814,-7438.0
821,24481.98,17053.5,10614.0,7946.085,-7477.0
822,25996.427,17899.167,10996.0,8618.866,-7855.0
823,28885.681,18551.0,8508.0,8047.286,-8176.0
824,27950.158,19813.167,7121.0,6615.596,-6023.0
825,25207.145,20395.0,7415.0,5647.75,-3960.0
826,23151.786,18772.667,5722.0,4764.724,-2717.0
827,21879.489,18004.75,5645.0,3800.344,-3100.0
828,22873.226,18937.583,5812.0,3699.248,-3429.0
829,21872.57,18356.833,5959.0,3958.341,-2897.0
830,21830.966,17863.75,6175.0,4263.821,-3259.0
831,21901.308,16115.417,6452.0,4845.496,-4773.0
832,23512.426,15893.75,9546.0,6579.281,-7966.0
833,26905.185,17332.75,11596.0,8590.04,-9959.0
834,28413.467,17604.917,11782.0,9429.156,-10542.0
835,28343.135,17113.917,11462.0,9592.823,-10479.0
836,27797.157,16308.167,11055.0,9203.595,-10721.0
837,26718.508,15045.0,10086.0,8733.113,-10407.0
838,24565.344,13598.25,9312.0,7754.699,-9905.0
839,23548.294,12983.25,8923.0,7294.649,-9574.0
840,22633.965,12713.917,8742.0,7330.654,-8712.0
841,21861.279,12496.917,8633.0,6956.967,-8421.0
842,21626.025,12588.333,8640.0,6984.297,-8074.0
843,21593.363,13055.917,8915.0,6850.051,-7983.0
844,22824.307,14313.167,9403.0,7263.745,-8031.0
845,24484.308,16675.583,11134.0,8320.33,-8003.0
846,26260.684,18234.667,12292.0,9234.622,-8464.0
847,28089.666,17775.417,9987.0,9424.854,-8257.0
848,27410.461,17889.167,7713.0,7263.899,-7351.0
849,25498.66,17616.083,6829.0,5753.182,-6339.0
850,24683.993,17005.083,5553.0,4345.514,-6267.0
851,22457.895,16143.75,5508.0,3740.75,-5462.0
852,22492.089,16088.833,4983.0,3553.861,-5213.0
853,22420.926,16267.833,5199.0,3336.698,-5396.0
854,22928.138,16358.0,5277.0,3579.743,-5648.0
855,21821.741,16033.75,7340.0,4396.596,-6112.0
856,23421.405,16027.833,9547.0,6795.176,-7526.0
857,26112.52,17240.083,10964.0,7751.042,-9466.0
858,27035.389,17481.167,11272.0,8515.827,-9691.0
859,26651.278,17214.333,11191.0,8439.55,-9569.0
860,26009.117,16746.25,10890.0,8617.472,-8916.0
861,24528.336,15094.0,10314.0,8216.941,-8912.0
862,23915.4,13068.25,8840.0,7510.755,-9557.0
863,22976.771,11615.75,7436.0,6685.626,-9492.0
864,22159.235,11013.083,7061.0,6068.757,-9519.0
865,21634.23,10630.833,6611.0,5569.002,-9426.0
866,21328.429,10821.167,6743.0,5275.868,-9355.0
867,21179.651,11568.667,7358.0,5349.589,-9000.0
868,22024.799,13137.083,8195.0,5822.321,-8641.0
869,23736.081,15717.75,10203.0,7161.936,-8440.0
870,25491.195,16982.667,11285.0,8559.134,-8615.0
871,28043.559,17079.833,8270.0,8062.331,-8552.0
872,26629.779,17561.917,6348.0,5422.467,-7374.0
873,24302.113,16849.083,5624.0,4168.635,-6289.0
874,23810.35,16347.083,4611.0,3620.871,-5834.0
875,22318.917,16186.333,4896.0,2811.188,-5598.0
876,22365.832,16208.583,4657.0,2698.854,-5496.0
877,22148.681,16179.167,4751.0,2714.119,-5387.0
878,22598.315,16503.583,5213.0,3024.337,-5664.0
879,22091.117,16506.167,6610.0,3907.555,-5668.0
880,22542.204,15438.167,8646.0,5432.642,-7698.0
881,25283.155,16317.5,9598.0,6659.261,-9285.0
882,26350.089,16673.333,10333.0,7739.36,-9651.0
883,26045.114,16312.833,10288.0,7864.886,-9536.0
884,25192.044,15479.333,10303.0,8144.315,-9252.0
885,24466.579,13867.25,9683.0,8252.934,-9410.0
886,23161.355,12200.25,8482.0,7137.71,-9686.0
887,22769.875,11306.583,7472.0,6642.896,-9673.0
888,21650.407,10481.167,6688.0,5934.845,-9303.0
889,21070.535,10082.917,6436.0,5277.223,-9527.0
890,20456.197,10011.833,6478.0,4936.969,-9366.0
891,20486.947,10693.583,7027.0,4925.969,-9275.0
892,21378.708,12083.917,8076.0,5565.396,-9186.0
893,23006.303,14427.5,9810.0,6478.408,-9291.0
894,25215.844,15695.0,10562.0,7897.449,-9566.0
895,27966.4,17377.083,8614.0,7629.922,-8954.0
896,25897.012,17826.417,6604.0,5716.2,-6339.0
897,23576.489,16700.0,5120.0,4376.094,-5001.0
898,22420.775,16295.25,4815.0,3551.13,-4770.0
899,21656.17,15718.167,4405.0,2822.608,-4901.0
900,21353.397,15414.917,3916.0,2444.086,-4791.0
901,21219.297,15535.167,3987.0,2148.735,-4903.0
902,21688.546,15814.25,4530.0,2695.901,-5089.0
903,20883.914,15978.083,6827.0,3483.436,-5630.0
904,21129.296,14480.583,8879.0,5104.317,-7804.0
905,25000.632,16339.75,10757.0,7093.487,-9705.0
906,25886.732,16113.583,10539.0,7768.753,-9924.0
907,24930.008,15581.083,10284.0,7427.53,-9586.0
908,24295.892,14761.5,9842.0,7078.997,-9678.0
909,23373.324,13646.0,9173.0,6852.929,-9428.0
910,22904.131,12163.583,7860.0,6589.153,-9392.0
911,22399.974,11148.583,7134.0,6277.996,-9488.0
912,21302.978,10449.833,6649.0,5465.749,-9417.0
913,21060.533,9757.75,5840.0,4991.388,-9532.0
914,20601.474,9699.667,5301.0,4135.413,-9448.0
915,20125.532,10023.417,5315.0,3628.72,-9169.0
916,20548.086,10610.917,5527.0,3877.775,-8967.0
917,21031.827,11187.75,6109.0,4234.682,-9099.0
918,22377.626,11500.0,5944.0,4606.231,-9596.0
919,25001.098,13893.667,3892.0,3928.037,-8452.0
920,23912.894,16219.333,3487.0,2499.165,-6062.0
921,20915.227,15377.75,2903.0,1384.082,-4437.0
922,19204.869,14596.5,2882.0,797.974,-4073.0
923,18950.604,14570.417,2816.0,767.793,-3809.0
924,18385.394,14541.833,2927.0,797.166,-3354.0
925,18542.033,14620.333,2898.0,870.305,-3330.0
926,19315.439,15758.25,3366.0,1029.794,-3274.0
927,19386.293,15352.417,4142.0,1835.481,-3721.0
928,20252.699,12720.167,5530.0,3676.137,-6767.0
929,24144.09,13760.333,6690.0,4619.362,-9835.0
930,25038.595,13529.667,6916.0,5313.534,-10492.0
931,24842.724,13267.333,6825.0,5266.996,-10514.0
932,24386.07,12914.5,6751.0,5119.175,-10484.0
933,24030.792,12482.25,5817.0,4782.147,-9964.0
934,22926.958,12371.75,5261.0,3927.813,-9269.0
935,21566.49,11537.5,4235.0,3051.595,-8593.0
936,19922.199,11321.917,4429.0,2545.887,-7864.0
937,19707.452,11018.5,4185.0,2393.557,-7861.0
938,19627.064,10858.083,3705.0,2034.585,-7820.0
939,19262.598,11240.167,3778.0,1724.037,-7457.0
940,19348.235,11066.333,3873.0,1908.507,-7627.0
941,19404.993,10733.333,4141.0,2249.265,-7944.0
942,20626.525,11062.083,4178.0,2431.046,-8692.0
943,22786.789,13657.333,4022.0,2421.061,-8111.0
944,22735.519,14879.0,3065.0,2009.124,-6293.0
945,21953.999,17114.167,2922.0,1333.437,-3809.0
946,20582.922,17244.5,2816.0,1342.027,-2193.0
947,19795.707,16974.417,2678.0,1152.895,-1727.0
948,19189.926,16468.583,2815.0,1154.947,-1762.0
949,19412.264,16588.75,2999.0,1250.119,-1953.0
950,19940.798,16930.833,3275.0,1384.57,-2281.0
951,19461.776,15652.667,4473.0,2140.715,-3522.0
952,20784.187,13982.333,5941.0,3418.458,-6705.0
953,24390.156,15104.5,7621.0,4955.261,-9332.0
954,25365.662,14681.333,7515.0,5574.933,-10005.0
955,25223.061,14659.917,7713.0,5593.749,-10063.0
956,24280.482,13926.333,7651.0,5772.754,-9613.0
957,23703.387,12837.417,7158.0,5520.576,-9884.0
958,22691.931,12187.0,6583.0,5034.536,-9434.0
959,21232.828,11368.0,5866.0,4532.433,-8579.0
960,20566.92,11246.0,5869.0,4255.525,-8315.0
961,20010.323,11523.167,6221.0,3974.762,-8114.0
962,20088.424,11826.917,6241.0,4117.112,-7766.0
963,20273.05,12347.917,6368.0,4317.738,-7356.0
964,20969.68,13034.25,6721.0,4700.035,-7337.0
965,22771.05,14687.833,7570.0,5300.822,-7733.0
966,24683.2,15892.25,8605.0,6024.555,-8752.0
967,26577.704,17523.0,8312.0,6383.309,-8364.0
968,26964.233,19202.667,7335.0,5759.171,-6718.0
969,24819.163,18729.5,5901.0,4645.268,-4726.0
970,24167.757,19553.083,5626.0,3883.278,-3738.0
971,23225.893,19549.833,5450.0,3758.665,-2748.0
972,22236.655,19044.917,5406.0,3840.343,-2138.0
973,22041.089,19059.833,5520.0,3764.86,-2117.0
974,21508.274,18570.167,6032.0,4005.712,-2345.0
975,21620.427,17833.167,7273.0,4691.865,-3749.0
976,22542.208,16331.0,9363.0,6449.813,-6505.0
977,25746.967,16534.5,10093.0,7831.072,-8855.0
978,27229.177,17627.0,11049.0,8270.782,-9761.0
979,26222.083,16988.083,10747.0,8293.605,-9068.0
980,25271.693,15974.0,10588.0,7866.298,-9400.0
981,24767.484,14682.917,9608.0,7859.173,-9214.0
982,23814.657,13055.0,8401.0,7259.262,-9282.0
983,22402.231,12420.75,8064.0,6526.086,-8900.0
984,21613.536,11728.333,7435.0,5890.808,-8810.0
985,20905.156,11501.583,7083.0,5275.177,-8592.0
986,20465.795,11417.25,6999.0,5135.151,-8293.0
987,20489.106,11771.5,7391.0,5279.211,-8210.0
988,21430.188,12662.083,7930.0,5671.71,-8407.0
989,23642.002,14366.0,8569.0,6379.607,-8846.0
990,25315.099,15516.5,9217.0,6789.204,-9607.0
991,28454.558,17142.25,6759.0,6456.913,-8995.0
992,25842.869,18132.25,5773.0,4668.224,-6196.0
993,24221.901,17116.667,4606.0,3517.84,-5574.0
994,22953.115,16819.75,4178.0,2389.97,-5302.0
995,22160.259,16885.333,4163.0,2017.531,-4801.0
996,22041.984,16868.0,4078.0,1950.589,-4682.0
997,22246.01,16850.167,4055.0,2020.448,-4811.0
998,22315.777,17235.833,5128.0,2554.549,-5034.0
999,22157.512,16384.917,6415.0,3568.2,-6000.0
1000,23001.964,15690.75,9788.0,6502.819,-7977.0
1001,25724.529,17064.083,11782.0,8468.05,-9355.0
1002,26933.504,16823.833,11843.0,9597.276,-9736.0
1003,26450.282,16843.583,11997.0,9469.304,-9515.0
1004,25341.221,16050.583,11770.0,9476.243,-8965.0
1005,24705.123,14945.667,11007.0,9338.061,-8809.0
1006,23050.784,13478.667,9632.0,8363.722,-8221.0
1007,21910.75,12304.083,8486.0,7097.272,-8376.0
1008,21094.707,11744.417,7937.0,6564.895,-8103.0
1009,20207.042,11219.667,7433.0,5652.981,-8148.0
1010,19711.38,11464.917,7701.0,5482.068,-7846.0
1011,19653.004,11576.0,7698.0,5679.609,-7476.0
1012,20356.52,12590.667,8224.0,5847.458,-7523.0
1013,22111.534,14498.25,9735.0,6543.889,-8185.0
1014,24691.29,16348.0,10748.0,7870.895,-8601.0
1015,27632.007,17535.667,7667.0,7257.945,-7886.0
1016,25248.62,17877.417,6205.0,5005.809,-5951.0
1017,24182.915,17985.25,5529.0,4211.27,-4896.0
1018,22773.62,17587.417,5009.0,3589.808,-3986.0
1019,21772.467,17338.833,5215.0,3278.239,-3751.0
1020,22124.892,17049.167,4820.0,3127.33,-4149.0
1021,21930.055,17227.083,5143.0,2893.577,-4333.0
1022,21978.181,17412.417,5930.0,3332.369,-4544.0
1023,21910.169,17062.917,7311.0,4229.857,-5309.0
1024,21658.516,16610.583,10616.0,6313.538,-6731.0
1025,24491.503,18047.25,12564.0,8535.858,-7853.0
1026,25171.214,17796.667,12618.0,9150.152,-8223.0
1027,24994.125,17832.583,12845.0,9206.147,-8181.0
1028,24441.945,17025.917,12368.0,9222.633,-7942.0
1029,23119.943,15756.417,11696.0,8738.131,-7702.0
1030,22131.763,14267.417,10382.0,8059.951,-7567.0
1031,21225.087,13148.5,9331.0,7243.192,-7545.0
1032,20534.971,12331.833,8611.0,6813.743,-7381.0
1033,20008.097,12082.167,8422.0,6210.536,-7518.0
1034,19667.794,12154.0,8468.0,6142.399,-7220.0
1035,19562.663,12515.667,8767.0,6139.601,-7055.0
1036,20339.398,14009.917,9775.0,6401.086,-7084.0
1037,22263.984,16849.75,11826.0,8118.839,-6502.0
1038,24058.529,18165.417,12464.0,9318.717,-6419.0
1039,27123.968,18338.417,8932.0,8464.156,-6634.0
1040,25423.582,18226.417,7101.0,5775.77,-5903.0
1041,24293.297,17350.083,5583.0,4356.818,-5550.0
1042,23106.103,16738.417,5017.0,3309.291,-5456.0
1043,22047.613,16460.583,4904.0,2844.635,-5027.0
1044,22143.316,16469.75,4749.0,2814.171,-4989.0
1045,22049.363,16439.5,5055.0,2906.468,-5139.0
1046,21531.652,16250.417,6062.0,3225.84,-5498.0
1047,21623.429,15436.5,7080.0,3944.534,-6703.0
1048,21893.148,14974.333,9993.0,6005.42,-8287.0
1049,24636.355,16972.333,12322.0,8026.627,-9340.0
1050,25681.446,16910.083,12170.0,8617.968,-9704.0
1051,25335.838,16712.5,12348.5,8908.443,-9444.0
1052,24573.585,16514.917,12527.0,8982.274,-8984.0
1053,23749.12,14620.583,10961.0,8811.142,-8659.0
1054,22835.451,13099.25,9528.0,7662.806,-8982.0
1055,22047.566,11655.583,8392.0,7240.588,-8924.0
1056,21589.923,11542.25,8288.0,6752.278,-8964.0
1057,20666.259,10595.75,7391.0,6107.114,-8735.0
1058,20096.947,10736.833,7550.0,5614.719,-8676.0
1059,19838.858,11517.75,8542.0,5823.713,-8420.0
1060,20875.553,12560.417,9309.0,6953.741,-8051.0
1061,22619.23,14595.417,10833.0,8071.419,-8166.0
1062,24433.696,15541.5,11249.0,8785.801,-8736.0
1063,27962.706,16144.083,7925.0,8279.228,-8845.0
1064,25796.812,15855.667,6014.0,5625.751,-7710.0
1065,24527.992,15704.5,5459.0,4150.097,-7513.0
1066,23010.211,14807.75,4379.0,2976.066,-6986.0
1067,21415.665,14297.333,4569.0,2229.936,-6838.0
1068,22065.199,14670.083,4047.0,2315.721,-6507.0
1069,21433.759,14734.5,4281.0,2099.864,-6261.0
1070,20968.304,15139.667,5303.0,2314.242,-6198.0
1071,21345.248,14489.333,6222.0,3291.52,-7167.0
1072,22209.673,14874.833,9587.0,6057.445,-8245.0
1073,24447.771,16152.333,10933.0,7716.043,-8893.0
1074,25529.362,16092.417,11035.0,8153.551,-9699.0
1075,24833.79,15537.833,10960.0,8225.562,-9411.0
1076,24443.179,14684.833,10331.0,8073.95,-9396.0
1077,23442.972,13570.167,9820.0,7615.41,-9458.0
1078,22794.214,12846.083,9116.0,7207.736,-9237.0
1079,22397.393,11974.667,8067.0,6742.331,-9128.0
1080,21263.729,11426.083,7303.0,6020.251,-8501.0
1081,20394.674,11016.25,6985.0,5420.029,-8324.0
1082,19859.853,10865.25,7015.0,5300.208,-8090.0
1083,19496.601,10483.0,7163.0,5420.206,-8137.0
1084,20074.597,10901.333,7526.0,5657.869,-8422.0
1085,20653.032,11272.833,7835.0,6023.804,-8572.0
1086,22743.862,12016.25,7524.0,6040.217,-9592.0
1087,24723.589,14590.75,5693.0,5311.445,-7895.0
1088,23411.214,15512.333,4248.0,4109.486,-5418.0
1089,20780.293,15206.083,3961.0,2901.814,-4014.0
1090,19808.484,15068.083,4063.0,2352.006,-3832.0
1091,18994.527,14872.417,3895.0,2029.715,-3368.0
1092,18527.439,15060.917,3946.0,1905.127,-2888.0
1093,17948.448,14521.167,3810.0,1806.887,-2811.0
1094,18905.137,15520.083,4471.0,2018.658,-3218.0
1095,18969.442,15203.417,5375.0,3157.63,-3364.0
1096,19178.531,13490.75,7507.0,4578.386,-5997.0
1097,23062.795,14796.583,9516.0,6589.816,-8573.0
1098,24039.525,14367.25,9156.0,7012.88,-9196.0
1099,23762.852,13965.417,8842.0,6963.04,-9057.0
1100,23343.903,13478.583,8610.0,6529.925,-9326.0
1101,22543.048,13054.0,8587.0,6332.653,-9124.0
1102,22141.042,11752.917,6903.0,6021.73,-8650.0
1103,21436.256,11157.833,5990.0,5100.028,-8549.0
1104,20498.31,10766.333,5660.0,4629.582,-8143.0
1105,19765.212,10277.333,5190.0,3998.483,-8060.0
1106,19431.575,10178.5,4924.0,3341.68,-8216.0
1107,19154.447,10257.25,4736.0,3061.802,-7952.0
1108,19407.096,10508.417,4627.0,3026.284,-7880.0
1109,19449.246,10620.583,4849.0,2978.267,-8080.0
1110,20686.482,11228.583,4638.0,2924.503,-8552.0
1111,22780.483,13965.75,3295.0,2387.338,-7103.0
1112,21105.23,15967.083,3017.0,1316.752,-4219.0
1113,18600.829,15063.75,2703.0,1101.684,-2519.0
1114,18057.678,14979.667,2722.0,848.616,-2332.0
1115,17129.003,14362.917,2680.0,731.691,-2095.0
1116,17313.518,14486.0,2640.0,737.123,-2111.0
1117,17386.885,14377.583,2792.0,792.906,-2389.0
1118,17711.695,14448.417,3316.0,1115.883,-2844.0
1119,18568.552,15020.833,4619.0,1839.323,-3708.0
1120,19340.69,12320.167,5585.0,3760.128,-6226.0
1121,23586.971,14085.583,7457.0,5228.992,-9110.0
1122,24821.458,14076.0,7522.0,5894.063,-9754.0
1123,24319.076,13977.5,7753.0,6034.181,-9441.0
1124,23824.176,13500.167,7493.0,6042.615,-9155.0
1125,22671.119,12285.083,6874.0,5546.641,-9094.0
1126,21697.698,11675.333,6733.0,5303.97,-8832.0
1127,21094.941,10883.667,5579.0,4788.879,-8382.0
1128,20205.968,10275.167,4964.0,4062.406,-8213.0
1129,19567.035,10578.167,5142.0,3574.473,-7937.0
1130,19150.304,10711.75,5165.0,3518.16,-7466.0
1131,19116.819,11048.25,5281.0,3491.174,-7239.0
1132,19655.505,11667.5,5772.0,3867.61,-7273.0
1133,21404.459,13570.917,6444.0,4171.147,-7487.0
1134,22183.517,14725.917,7115.0,5195.205,-6758.0
1135,24239.658,16429.083,5816.0,5149.179,-5858.0
1136,23771.885,17281.167,4356.0,4316.323,-3911.0
1137,21819.736,17527.25,4110.0,3048.091,-2735.0
1138,21165.527,17859.917,4315.0,2761.215,-2240.0
1139,20702.824,17860.333,4324.0,2813.095,-1734.0
1140,20606.575,18078.583,4615.0,2785.596,-1738.0
1141,20921.958,18246.833,4769.0,3126.73,-1698.0
1142,21331.037,18430.917,5554.0,3496.725,-2338.0
1143,20537.398,17856.083,7252.0,4218.92,-3095.0
1144,21111.244,17279.917,10280.0,6209.933,-5282.0
1145,24301.79,18588.667,12058.0,8579.728,-6572.0
1146,24867.314,17575.583,11574.0,8846.335,-7400.0
1147,25065.374,17476.25,11790.0,8708.729,-8051.0
1148,24186.196,16010.833,10882.0,8490.967,-7947.0
1149,22797.41,14769.833,10283.0,7758.182,-7933.0
1150,22840.371,12855.667,8457.0,7380.309,-8442.0
1151,21609.503,11837.077,7666.0,6487.031,-8332.0
1152,20925.226,11783.5,7518.0,6118.331,-7922.0
1153,20147.461,11641.167,7472.0,6088.899,-7270.0
1154,19893.115,11638.25,7536.0,6088.47,-7083.0
1155,19861.13,11930.167,7826.0,6177.569,-6960.0
1156,20652.052,12935.333,8371.0,6426.324,-7042.0
1157,22409.457,15143.75,9948.0,7143.312,-7451.0
1158,24401.681,17013.417,11020.0,8260.869,-7528.0
1159,27639.166,18112.333,8215.0,8320.437,-6802.0
1160,25644.359,19082.5,7114.0,6106.464,-4950.0
1161,23499.223,18894.833,6499.0,5241.995,-3242.0
1162,22530.289,17323.167,5629.0,5031.727,-3185.0
1163,22541.976,17482.667,5617.0,4253.914,-3803.0
1164,22107.052,16905.083,5198.0,4199.573,-3581.0
1165,22656.719,17493.167,5182.0,3961.157,-3765.0
1166,21787.803,16989.917,6155.0,4243.491,-4090.0
1167,22450.003,16825.333,7240.0,5123.275,-5122.0
1168,22018.056,16122.75,10028.0,6277.911,-7026.0
1169,24997.052,17401.667,11903.0,8145.991,-8733.0
1170,26289.126,17473.917,12008.0,9036.814,-9167.0
1171,25692.155,17017.333,11725.0,8883.426,-8897.0
1172,24785.679,16140.917,11274.0,8632.367,-8667.0
1173,23660.513,14512.25,10115.0,8149.868,-8494.0
1174,23007.007,12968.167,8603.0,7337.445,-8685.0
1175,22037.713,12835.25,8686.0,6731.068,-8538.0
1176,21222.98,12857.333,8629.0,7154.251,-7221.0
1177,20568.256,12919.083,8636.0,6998.778,-6667.0
1178,20347.28,13073.417,8726.0,6778.468,-6602.0
1179,19921.905,13471.833,9449.0,6893.676,-6386.0
1180,20213.707,14179.417,10103.0,7425.895,-6092.0
1181,22709.376,15758.083,10739.0,8437.897,-6633.0
1182,25011.144,17425.25,11211.0,8866.499,-7311.0
1183,27255.377,19234.667,9075.0,8326.315,-6150.0
1184,25470.119,19618.0,7363.0,6249.724,-4346.0
1185,23592.871,18258.083,5972.0,5472.393,-3215.0
1186,22772.703,17445.667,5355.0,4612.642,-3450.0
1187,22033.846,17239.083,5418.0,3842.367,-3751.0
1188,22110.269,17230.667,4956.0,3743.207,-3473.0
1189,22292.968,18189.667,5713.0,3861.906,-3335.0
1190,22721.729,18533.167,6254.0,4361.167,-3462.0
1191,22253.181,17094.083,6826.0,5467.702,-3898.0
1192,22318.437,17140.667,10707.0,7059.375,-6206.0
1193,24977.244,18121.417,12397.0,8954.433,-7679.0
1194,25821.868,18171.0,13084.0,9540.473,-8575.0
1195,25704.304,17934.0,12978.0,10002.909,-8126.0
1196,24305.786,16912.333,12757.0,9773.057,-7758.0
1197,23867.749,15907.917,11950.0,9472.437,-7818.0
1198,22401.655,13962.75,10230.0,8534.51,-7515.0
1199,22332.239,13226.417,9257.0,8255.428,-7488.0
1200,21241.789,12120.083,8239.0,7134.31,-7607.0
1201,20476.705,11937.333,8032.0,6569.977,-7382.0
1202,20014.702,12164.333,8281.0,6436.974,-7075.0
1203,19555.588,12638.667,8822.0,6570.526,-6549.0
1204,20449.7,13470.667,9191.0,7025.638,-6525.0
1205,22386.3,15076.0,10031.0,7909.905,-6812.0
1206,24484.195,17062.0,10801.0,8174.8,-7429.0
1207,26754.18,17648.083,7343.0,7495.702,-6334.0
1208,25109.014,18713.583,6129.0,5409.035,-4496.0
1209,23760.83,18213.083,4974.0,4106.351,-3796.0
1210,22812.877,18168.75,4630.0,3261.732,-3393.0
1211,22133.537,17776.083,4528.0,3007.059,-3259.0
1212,21838.37,17455.083,4560.0,2953.891,-3370.0
1213,22520.352,17483.667,4356.0,3050.29,-3723.0
1214,22743.039,17550.667,5345.0,3412.977,-4505.0
1215,22614.524,17282.417,7074.0,4644.712,-5142.0
1216,22639.057,15692.0,9062.0,6699.662,-6690.0
1217,25734.875,17333.0,11450.0,8436.48,-8796.0
1218,26635.193,17332.167,11582.0,9199.631,-9066.0
1219,26109.901,16879.5,11305.0,9138.006,-8778.0
1220,24920.208,16128.667,11198.0,9083.147,-8287.0
1221,23652.133,15012.75,10761.0,8853.988,-7927.0
1222,22677.772,13885.5,9785.0,8338.877,-7619.0
1223,21608.135,12340.75,8417.0,7479.99,-7585.0
1224,20985.832,11921.083,8057.0,6971.354,-7531.0
1225,20249.579,11429.083,7694.0,6337.101,-7558.0
1226,19925.818,11346.25,7580.0,6132.173,-7408.0
1227,19776.675,11615.0,7893.0,6015.28,-7420.0
1228,20624.258,12260.417,8250.0,6642.447,-7352.0
1229,22849.56,14136.25,9244.0,7464.915,-7873.0
1230,24526.958,15611.417,9915.0,7935.146,-8276.0
1231,26608.712,16833.917,8470.0,7864.4,-7761.0
1232,25486.44,16702.417,5818.0,5892.628,-6090.0
1233,23767.128,16238.25,5138.0,4512.483,-5535.0
1234,22995.871,15819.917,5284.0,3822.559,-6018.0
1235,23406.924,15928.0,4969.0,3692.529,-6136.0
1236,23127.173,16406.917,5158.0,3589.861,-5669.0
1237,23013.777,16070.5,5241.0,3608.882,-5956.0
1238,22883.216,16187.833,6187.0,3985.987,-6277.0
1239,23002.388,15399.25,7402.0,5193.743,-7192.0
1240,23890.983,14488.917,8683.0,6855.672,-8610.0
1241,26347.992,15643.167,9948.0,7885.43,-10148.0
1242,26968.266,14925.333,9324.0,8201.538,-10546.0
1243,26459.096,15073.25,9617.0,7909.451,-10474.0
1244,25093.32,14292.167,9303.0,7880.759,-9604.0
1245,24219.822,13150.583,8735.0,7571.844,-9613.0
1246,23273.001,12120.167,7837.0,6961.44,-9409.0
1247,21920.1,11164.25,6985.0,6024.455,-9097.0
1248,20969.507,10646.667,6315.0,5007.445,-9011.0
1249,20053.003,10111.917,5787.0,4439.692,-8669.0
1250,19809.954,9975.75,5227.0,3925.809,-8516.0
1251,19225.852,10070.167,5088.0,3564.291,-8060.0
1252,19519.453,10339.0,5221.0,3640.058,-8142.0
1253,20130.502,11020.5,5601.0,3740.607,-8351.0
1254,20870.544,11877.583,5961.0,4063.565,-8271.0
1255,22876.042,13860.5,5081.0,4087.147,-7390.0
1256,21806.632,13755.25,4540.0,3644.987,-6327.0
1257,22592.535,14684.917,3931.0,3105.223,-6114.0
1258,21362.973,15033.333,3608.0,2336.245,-4982.0
1259,20635.386,14755.25,3799.0,2112.741,-4947.0
1260,20692.748,14068.167,3533.0,1890.187,-5648.0
1261,21009.659,15374.833,3601.0,1715.431,-4901.0
1262,20628.112,15673.0,4011.0,1887.717,-4459.0
1263,19861.9,14650.75,5107.0,2407.755,-5291.0
1264,22105.062,13838.75,5040.0,3491.917,-7195.0
1265,23527.134,14225.417,6244.0,4302.323,-8624.0
1266,24687.802,13923.667,6490.0,4790.74,-9844.0
1267,24622.603,13919.5,6707.0,4996.708,-9794.0
1268,24491.298,14422.667,6845.0,5149.237,-9145.0
1269,23235.022,13314.5,6109.0,5028.127,-8382.0
1270,22363.594,12582.75,5514.0,4354.449,-8321.0
1271,21889.434,11176.25,3979.0,3840.79,-8232.0
1272,20484.728,10754.833,3819.0,2949.5,-7980.0
1273,20015.115,10540.75,3394.0,2569.97,-7679.0
1274,19674.423,10293.083,2844.0,2062.945,-7543.0
1275,18736.219,10302.917,2872.0,1570.907,-7115.0
1276,19097.467,10429.833,2924.0,1652.239,-7320.0
1277,19669.027,10845.833,3024.0,1645.799,-7582.0
1278,20540.536,11177.417,2863.0,1760.724,-7846.0
1279,22688.137,14722.25,2485.0,1411.492,-6420.0
1280,21208.545,16661.583,2567.0,882.567,-3612.0
1281,18987.6,15715.917,2251.0,541.288,-2362.0
1282,18494.702,15076.417,2131.0,357.891,-2572.0
1283,18337.406,14917.333,2142.0,207.678,-2735.0
1284,18169.714,14875.75,2209.0,266.569,-2617.0
1285,17978.984,14873.5,2203.0,304.089,-2385.0
1286,18139.252,15440.25,2713.0,391.607,-2401.0
1287,18130.36,15268.417,3818.0,1178.548,-2882.0
1288,18738.58,13305.167,4748.0,2613.019,-4949.0
1289,23167.873,13254.917,5513.0,3561.561,-9245.0
1290,25042.106,13222.583,6059.0,4273.127,-10986.0
1291,24862.145,13026.667,6329.0,4630.084,-10915.0
1292,24382.696,12847.75,6301.0,4828.551,-10388.0
1293,23308.111,12140.167,5639.0,4538.549,-9649.0
1294,22194.705,11253.917,4379.0,3829.394,-8871.0
1295,20442.814,10499.083,4141.0,2905.336,-8560.0
1296,19670.561,10324.75,4436.0,2548.416,-8614.0
1297,18977.276,10009.667,4347.0,2514.214,-8181.0
1298,18945.013,10186.5,4510.0,2460.118,-8189.0
1299,18487.748,10292.667,5086.0,2622.686,-8039.0
1300,19831.122,11089.167,5759.0,3515.56,-8366.0
1301,21752.407,12614.167,6519.0,4538.845,-8499.0
1302,24193.55,13930.417,6937.0,5083.738,-9497.0
1303,26660.47,15815.833,4904.0,4484.242,-8645.0
1304,25288.154,15808.833,3205.0,3048.926,-7016.0
1305,23340.487,15523.25,3088.0,1827.842,-6458.0
1306,22214.955,15619.917,3292.0,1471.643,-5796.0
1307,21712.969,15634.5,3216.0,1360.074,-5315.0
1308,21758.819,16019.167,3395.0,1320.257,-5195.0
1309,22197.062,16692.083,3598.0,1576.584,-4907.0
1310,22242.529,16440.583,4277.0,2161.551,-5298.0
1311,22372.212,16349.417,5002.0,3003.401,-5402.0
1312,22170.687,14902.167,7797.0,4898.125,-7548.0
1313,25254.341,16118.0,9797.0,7057.946,-9256.0
1314,26849.193,16362.0,9701.0,7583.798,-9985.0
1315,25997.424,15754.5,9394.0,7331.529,-9686.0
1316,24746.624,14657.417,8948.0,6920.813,-9497.0
1317,23827.776,13483.75,8347.0,6602.631,-9469.0
1318,22084.317,12364.167,7879.0,5897.755,-9082.0
1319,21500.723,11606.583,7437.0,5908.745,-8803.0
1320,20737.511,11516.417,7348.0,5889.699,-8060.0
1321,20405.833,11296.0,6909.0,5743.438,-7656.0
1322,19931.97,11467.167,6931.0,5401.408,-7375.0
1323,19782.796,11926.167,7265.0,5546.235,-6956.0
1324,20361.772,12634.833,8024.0,6063.544,-7068.0
1325,22631.535,13781.917,8355.0,7067.223,-7518.0
1326,24752.603,16004.75,9372.0,7041.458,-8459.0
1327,26819.11,17934.5,6906.0,6491.215,-6680.0
1328,25120.414,18133.667,5614.0,5165.352,-4816.0
1329,23220.345,17686.417,4971.0,3896.534,-3989.0
1330,22597.192,17829.25,4788.0,3313.547,-3623.0
1331,22057.51,17392.333,4524.0,3260.781,-3309.0
1332,22241.316,17587.0,4641.0,3011.921,-3664.0
1333,22250.687,17570.75,4374.0,2916.542,-3518.0
1334,22911.558,18821.5,5868.0,3461.663,-3877.0
1335,22444.019,18425.5,7098.0,4782.124,-3715.0
1336,22047.297,16613.0,9545.0,6522.902,-5837.0
1337,25086.343,17097.833,11373.0,8336.115,-8406.0
1338,26232.136,17052.167,11505.0,8875.574,-9190.0
1339,25725.183,15939.583,10712.0,8743.204,-9135.0
1340,24678.25,15074.25,10543.0,8350.605,-9177.0
1341,23893.48,14094.167,9841.0,7989.919,-9031.0
1342,22052.54,12801.167,8901.0,7188.979,-8344.0
1343,21540.295,12273.333,8240.0,6889.567,-7998.0
1344,20511.226,11641.167,7712.0,6641.665,-7321.0
1345,19855.071,11211.083,7311.0,6095.593,-7240.0
1346,19372.864,11301.75,7410.0,5763.719,-7098.0
1347,19175.308,11209.667,7226.0,5741.246,-6831.0
1348,20070.429,12218.333,7964.0,6016.701,-7180.0
1349,21815.99,13593.583,8827.0,6621.012,-7809.0
1350,24776.051,15084.333,8845.0,7154.323,-8763.0
1351,27510.076,17075.417,6055.0,6279.264,-7591.0
1352,25040.97,18094.667,5355.0,4436.908,-5245.0
1353,23017.803,17089.5,4217.0,3337.908,-4188.0
1354,22500.693,16752.75,3597.0,2453.548,-4272.0
1355,21768.525,16332.25,3722.0,2032.88,-4506.0
1356,22358.77,16794.417,3930.0,2067.958,-4807.0
1357,22981.305,17369.833,4207.0,2188.077,-5011.0
1358,23627.584,17251.0,4615.0,2870.189,-5502.0
1359,23559.317,17266.167,5881.0,3600.756,-5954.0
1360,22670.945,16091.5,8750.0,5438.05,-7272.0
1361,25485.545,17673.583,11887.0,8515.567,-8564.0
1362,26266.981,16952.333,11300.0,9545.253,-8450.0
1363,25861.166,16524.75,10987.0,8941.021,-8763.0
1364,24573.469,15167.917,10351.0,8521.158,-8616.0
1365,23772.204,13923.667,9568.0,7867.142,-8930.0
1366,22546.876,12510.167,8408.0,7287.314,-8538.0
1367,21340.972,11636.25,7818.0,6728.327,-8175.0
1368,20685.111,11086.833,7360.0,6099.883,-8239.0
1369,19971.233,10800.583,7093.0,5656.255,-7988.0
1370,19621.8,10673.417,6936.0,5419.989,-7845.0
1371,19537.234,11092.25,7330.0,5410.589,-7745.0
1372,20406.373,12132.667,7980.0,6054.311,-7580.0
1373,21912.172,13387.917,8790.0,6600.861,-8094.0
1374,24817.544,15337.333,8920.0,6962.816,-8818.0
1375,27037.598,16400.833,5777.0,6348.37,-7446.0
1376,25165.183,17472.333,4863.0,4154.454,-5782.0
1377,22861.91,17538.667,4808.0,3108.848,-4403.0
1378,22631.463,17266.583,4314.0,2774.485,-4285.0
1379,22302.71,16589.667,4451.0,2722.648,-4822.0
1380,22184.141,16736.583,4933.0,2746.163,-5015.0
1381,22405.574,16205.667,5544.0,2994.512,-6130.0
1382,22155.363,15495.5,6935.0,3917.468,-7058.0
1383,23011.284,15433.333,8633.0,5350.555,-8241.0
1384,23995.107,15770.667,10552.0,7754.045,-8403.0
1385,25662.584,16448.25,11386.0,8311.939,-9669.0
1386,26261.873,15417.25,10610.0,8686.228,-10149.0
1387,26276.368,15466.0,10570.0,8419.973,-10341.0
1388,25001.527,14860.5,10196.0,8269.632,-9448.0
1389,24344.608,13402.333,9048.0,8077.88,-9293.0
1390,22648.876,12753.5,8922.0,7466.981,-8731.0
1391,21426.187,11319.917,7643.0,6922.876,-8207.0
1392,20783.985,10488.667,6781.0,5692.924,-8764.0
1393,19883.403,10263.083,6621.0,4905.924,-8716.0
1394,19416.713,9998.417,6351.0,4821.901,-8328.0
1395,19611.541,10044.667,6340.0,4816.479,-8471.0
1396,20348.821,10894.167,6868.0,5157.259,-8546.0
1397,21708.393,12523.25,7998.0,5738.748,-8825.0
1398,23331.373,13935.083,8877.0,6494.894,-9159.0
1399,24575.637,14949.583,8036.0,6596.659,-8446.0
1400,24419.891,16036.667,6538.0,5447.829,-6854.0
1401,22830.575,16575.917,7032.0,4684.264,-5983.0
1402,23545.115,17884.167,6431.0,4620.554,-4852.0
1403,23278.709,18798.5,6808.0,4789.814,-3879.0
1404,23040.061,18367.167,6209.0,4686.5,-3576.0
1405,22580.214,17305.667,6837.0,4641.153,-4851.0
1406,23610.833,17275.833,7352.0,4880.605,-6187.0
1407,24006.379,17250.25,8407.0,5544.734,-6999.0
1408,23061.747,14968.5,9008.0,6513.852,-7968.0
1409,25464.544,15948.667,10390.0,7477.483,-9809.0
1410,26293.038,15425.917,9842.0,7601.726,-10488.0
1411,25629.592,15308.417,9871.0,7478.781,-10094.0
1412,24737.343,14579.583,9193.0,7193.365,-9538.0
1413,23639.339,13221.917,8367.0,7018.028,-9147.0
1414,23100.057,12190.417,7308.0,6476.245,-9122.0
1415,21955.266,11093.167,5997.0,5303.704,-8936.0
1416,19589.234,10474.333,3905.0,2698.506,-7702.0
1417,18413.67,10458.167,4428.0,2317.108,-7447.0
1418,18465.3,10441.667,4315.0,2368.239,-7351.0
1419,18182.905,10532.5,4100.0,2206.01,-6925.0
1420,17671.263,10030.167,4347.0,2232.701,-7136.0
1421,18765.228,10323.083,4402.0,2258.75,-7966.0
1422,20523.251,11281.833,3756.0,2312.023,-8066.0
1423,21898.869,13099.417,2397.0,1874.057,-6703.0
1424,21026.238,14074.917,2184.0,900.927,-5615.0
1425,19942.02,14207.917,2082.0,632.708,-4564.0
1426,19766.992,14458.75,2033.0,413.847,-4308.0
1427,19282.073,14198.75,1958.0,302.928,-4119.0
1428,18642.482,13509.833,2150.0,290.254,-4373.0
1429,19467.172,13538.417,2031.0,340.36,-5000.0
1430,19220.96,13379.083,2551.0,446.482,-5327.0
1431,19563.346,13035.0,3855.0,1450.951,-6313.0
1432,20263.142,12962.417,6430.0,3479.33,-7632.0
1433,24168.878,14835.25,7984.0,5377.233,-9321.0
1434,24991.849,14602.917,7809.0,5837.537,-9741.0
1435,25328.07,14418.417,7743.0,5905.258,-10128.0
1436,24056.384,13390.083,7375.0,5520.906,-9901.0
1437,23491.656,12302.75,6748.0,5315.511,-10002.0
1438,22288.332,11585.667,6015.0,4762.27,-9336.0
1439,20553.551,10846.167,5579.0,4156.989,-8510.0
1440,20006.625,10542.75,5365.0,3826.48,-8383.0
1441,19343.533,10416.583,5271.0,3646.555,-7932.0
1442,19113.363,10547.417,5177.0,3562.551,-7561.0
1443,19140.425,10687.583,5353.0,3590.446,-7596.0
1444,20214.592,11420.917,5843.0,4043.28,-7974.0
1445,22281.293,13084.5,7121.0,4943.398,-8755.0
1446,24756.304,14959.5,7959.0,5925.41,-9211.0
1447,25873.466,15653.667,6073.0,5442.404,-8231.0
1448,25312.045,16364.167,4226.0,3902.484,-6652.0
1449,22552.961,15586.583,4339.0,2576.983,-6109.0
1450,22452.3,16210.583,3952.0,2195.321,-5379.0
1451,21792.739,16442.167,3507.0,1931.177,-4307.0
1452,21391.33,17177.417,3897.0,1906.518,-3585.0
1453,21709.085,17762.417,4023.0,2046.273,-3304.0
1454,22063.517,18564.333,4289.0,2135.789,-3033.0
1455,21501.604,17467.333,5003.0,2560.876,-3857.0
1456,21600.897,15608.833,7147.0,4524.669,-5995.0
1457,25469.856,16670.0,9334.0,6721.461,-8793.0
1458,26910.556,16684.833,9631.0,7402.328,-9835.0
1459,26627.182,15897.167,9490.0,7662.62,-9938.0
1460,25808.129,15073.0,9224.0,7453.734,-9886.0
1461,24879.035,14356.167,8669.0,7089.473,-9483.0
1462,22853.756,12647.0,7755.0,6707.361,-8635.0
1463,21752.776,12053.5,7382.0,6069.881,-8392.0
1464,20775.568,10939.833,6725.0,5845.34,-8096.0
1465,20316.346,10618.417,6648.0,5278.535,-8448.0
1466,19867.477,10518.167,6533.0,5059.916,-8203.0
1467,20065.231,10823.0,6632.0,5096.836,-8158.0
1468,20787.492,12278.0,7707.0,5424.097,-8173.0
1469,22161.713,13501.917,8776.0,6530.401,-8286.0
1470,25472.748,15009.333,8151.0,6940.02,-9055.0
1471,27190.5,16043.083,4951.0,5555.022,-7924.0
1472,24850.115,16432.5,3936.0,3184.22,-6550.0
1473,22636.135,16467.583,3967.0,2046.156,-5470.0
1474,22321.211,16386.5,3598.0,2045.316,-4868.0
1475,21582.65,16353.833,3798.0,1810.422,-4597.0
1476,21889.29,16696.333,3942.0,2046.562,-4469.0
1477,22149.311,16885.083,4052.0,2195.833,-4501.0
1478,22787.905,16843.25,4319.0,2380.26,-5264.0
1479,22616.217,16259.833,5399.0,3211.988,-5924.0
1480,22712.952,15950.917,8915.0,5724.64,-7333.0
1481,24857.774,16631.417,11252.0,8082.962,-8776.0
1482,26671.515,16704.833,11145.0,8980.286,-9512.0
1483,26292.457,16188.083,10677.0,8689.979,-9472.0
1484,24907.902,15312.25,10446.0,8420.257,-9002.0
1485,23640.835,14481.0,10308.0,8201.44,-8647.0
1486,22307.59,12837.083,9098.0,7629.112,-8320.0
1487,21437.096,11756.083,8249.0,6974.618,-8336.0
1488,20965.315,11371.167,7825.0,6510.754,-8289.0
1489,20325.584,11140.0,7639.0,6159.189,-8046.0
1490,19973.862,10838.417,7384.0,5882.05,-8018.0
1491,19851.956,11167.5,7660.0,5786.061,-7939.0
1492,20909.252,12041.917,7991.0,6325.94,-7913.0
1493,22046.974,13151.333,8816.0,6655.246,-8437.0
1494,25485.883,15084.333,8414.0,6979.155,-9217.0
1495,26581.276,16139.0,5546.0,5611.881,-7757.0
1496,25263.589,16860.75,4511.0,3933.444,-6361.0
1497,22991.735,16803.833,4140.0,2857.506,-4851.0
1498,22503.862,16441.0,3549.0,2392.467,-4600.0
1499,21907.693,17038.0,4058.0,2047.298,-4261.0
1500,21889.466,17313.083,4379.0,2361.987,-3974.0
1501,22398.874,17641.583,4735.0,2557.896,-4315.0
1502,22712.76,17172.75,4740.0,3006.615,-4654.0
1503,22756.04,17866.667,7061.0,3840.979,-5490.0
1504,21916.038,16203.167,9511.0,5835.476,-6769.0
1505,24989.902,16915.833,11506.0,8221.674,-8739.0
1506,26491.683,16821.167,11474.0,9070.122,-9455.0
1507,26217.567,16510.75,11303.0,8732.422,-9658.0
1508,24818.682,15431.0,10895.0,8589.287,-9074.0
1509,23963.548,14363.833,10248.0,8288.32,-8940.0
1510,22910.033,13155.0,9170.0,7637.638,-8668.0
1511,21827.441,12749.333,8752.0,7176.712,-8034.0
1512,20724.227,12763.083,8683.0,7000.749,-7024.0
1513,20017.954,12834.417,8789.0,6915.143,-6438.0
1514,19533.569,12434.083,8464.0,6765.09,-6179.0
1515,19284.446,12721.667,8872.0,6752.384,-6063.0
1516,20252.55,13373.417,9326.0,7214.739,-6371.0
1517,21992.545,14314.75,9776.0,7808.4,-7026.0
1518,24488.14,15647.333,9260.0,7731.412,-7750.0
1519,26338.555,17682.0,7265.0,6510.16,-6792.0
1520,24679.762,18500.25,6343.0,4921.117,-4982.0
1521,23301.845,18650.667,5748.0,4279.784,-3500.0
1522,22619.105,17998.167,5003.0,3540.544,-3464.0
1523,22283.983,18086.333,5205.0,3331.255,-3452.0
1524,22076.036,18176.917,5503.0,3245.724,-3537.0
1525,22114.679,18132.167,5996.0,3556.118,-3803.0
1526,22128.211,17705.917,6992.0,4124.899,-4670.0
1527,22809.273,17232.75,8212.0,5307.128,-5862.0
1528,23081.341,16665.167,9978.0,6889.779,-6885.0
1529,24923.836,17445.5,11498.0,8101.941,-8255.0
1530,26176.161,17321.333,11545.0,8655.432,-9125.0
1531,25854.994,16716.833,11033.0,8723.766,-8828.0
1532,24682.238,16340.083,11005.0,8238.759,-8489.0
1533,23691.089,14962.167,10100.0,8119.528,-8090.0
1534,22020.972,13757.833,9207.0,7183.744,-7667.0
1535,21265.929,12879.917,8443.0,6730.617,-7479.0
1536,20236.938,12642.5,8661.0,6647.043,-6989.0
1537,20072.688,12514.583,8563.0,6647.71,-6854.0
1538,19649.171,12378.75,8514.0,6484.026,-6681.0
1539,19537.32,12229.167,8431.0,6531.759,-6588.0
1540,20322.155,12891.917,8902.0,6826.843,-6886.0
1541,21551.583,13673.5,9597.0,7439.688,-7416.0
1542,24841.133,15147.833,8904.0,7470.904,-8507.0
1543,26534.708,16763.167,6277.0,6418.147,-7011.0
1544,25200.758,17599.083,5389.0,4638.279,-5733.0
1545,23723.155,17900.083,5125.0,3513.676,-4815.0
1546,22577.123,17651.833,4743.0,3244.895,-3804.0
1547,21712.897,17232.333,4770.0,2983.169,-3648.0
1548,22202.97,17810.083,4672.0,3037.492,-3408.0
1549,22599.043,17980.333,4715.0,3125.314,-3589.0
1550,22843.78,18156.833,5040.0,3292.551,-3815.0
1551,22581.697,17974.167,5983.0,3643.136,-4328.0
1552,21775.641,16083.5,7930.0,5175.746,-5827.0
1553,25006.31,16652.75,9749.0,7150.165,-8333.0
1554,26502.9,16402.667,9632.0,7833.839,-9279.0
1555,25981.667,16026.167,9648.0,7950.105,-9034.0
1556,25017.209,15333.333,9533.0,7807.481,-8790.0
1557,24467.4,14500.833,9014.0,7719.171,-8642.0
1558,23044.994,13939.5,8798.0,7079.099,-8205.0
1559,21611.651,13037.25,8031.0,6717.006,-7269.0
1560,20524.112,12360.667,7692.0,6279.05,-6957.0
1561,19690.045,11863.25,7304.0,5713.4,-6798.0
1562,18816.438,11428.583,7251.0,5434.46,-6585.0
1563,18668.512,11368.0,7395.0,5426.117,-6650.0
1564,19060.322,11603.417,7433.0,5412.51,-6858.0
1565,19759.958,11972.917,7442.0,5400.646,-7209.0
1566,21586.746,13145.75,6829.0,5065.601,-7585.0
1567,22147.642,14213.333,5953.0,4386.914,-6881.0
1568,22701.42,14407.75,4768.0,3351.275,-7091.0
1569,22625.377,15422.5,4269.0,2902.482,-5950.0
1570,22088.304,16428.417,3967.0,2661.493,-4346.0
1571,21379.461,16786.833,3937.0,2244.232,-3666.0
1572,20668.802,16681.417,4020.0,2139.99,-3248.0
1573,19547.319,15771.333,4215.0,2310.59,-3061.0
1574,20573.16,16100.417,4450.0,2431.348,-3872.0
1575,20504.448,15937.75,5348.0,2998.303,-4297.0
1576,19974.306,14165.833,6790.0,4472.078,-5507.0
1577,22700.022,14743.0,8616.0,5937.627,-8016.0
1578,24633.918,15648.75,9127.0,7034.773,-8458.0
1579,24460.067,14788.583,8843.0,7222.088,-8673.0
1580,24100.31,14139.917,8700.0,6930.998,-9110.0
1581,23471.088,13760.083,8494.0,6895.61,-8690.0
1582,22077.449,12837.333,7818.0,6441.721,-7997.0
1583,20595.514,12260.0,7613.0,5806.119,-7523.0
1584,19917.022,12027.583,7436.0,5683.044,-7023.0
1585,19207.188,11697.667,7373.0,5623.126,-6640.0
1586,18737.514,11646.917,7598.0,5604.202,-6465.0
1587,18673.672,11509.167,7675.0,5357.111,-6863.0
1588,18892.836,11476.083,7761.0,5531.358,-7027.0
1589,19824.861,11632.75,7681.0,5671.717,-7582.0
1590,21544.525,13032.833,6628.0,5473.296,-7047.0
1591,22535.947,15959.083,5083.0,4412.469,-4628.0
1592,20970.188,17046.083,4291.0,3072.709,-2523.0
1593,19221.266,16571.5,3877.0,2455.371,-1452.0
1594,18498.946,15782.417,3651.0,2187.134,-1561.0
1595,18330.195,15638.25,3798.0,2087.55,-1783.0
1596,18623.398,16196.583,3899.0,2125.42,-1581.0
1597,18029.116,15923.417,4273.0,2351.304,-1408.0
1598,18183.509,16072.417,4920.0,2855.698,-1556.0
1599,19480.575,16061.5,5081.0,3571.68,-2309.0
1600,18939.429,14396.917,6993.0,4349.117,-4567.0
1601,22701.155,15140.75,8904.0,6447.01,-7398.0
1602,24365.279,15471.917,9563.0,7416.967,-8420.0
1603,24056.711,15244.5,9571.0,7471.816,-8292.0
1604,23261.636,14231.75,9066.0,7396.491,-8080.0
1605,21802.964,13271.417,8841.0,7294.153,-7459.0
1606,20460.871,12645.667,8824.0,6738.81,-7281.0
1607,19816.663,12774.583,9107.0,6746.685,-6783.0
1608,19189.839,12436.0,8892.0,6651.444,-6375.0
1609,18967.905,12408.833,8757.0,6585.676,-6111.0
1610,18830.175,12576.25,8959.0,6568.53,-6025.0
1611,19757.468,12740.5,8911.0,6757.573,-6551.0
1612,21858.224,14693.25,10066.0,7532.579,-7079.0
1613,23692.747,16717.417,11712.0,8516.935,-7551.0
1614,25988.155,18082.5,11347.0,9131.26,-7502.0
1615,25856.848,17876.417,9433.0,8314.037,-6480.0
1616,25776.14,18499.083,7726.0,7016.661,-5367.0
1617,23845.471,17799.167,6912.0,5761.909,-4577.0
1618,23077.383,17722.583,6695.0,5299.405,-4131.0
1619,21439.183,17658.083,6934.0,4805.704,-3290.0
1620,21450.44,17291.5,7075.0,5028.545,-3586.0
1621,20835.123,16321.25,8021.0,5480.478,-4435.0
1622,22435.899,16513.25,8276.0,6073.254,-5506.0
1623,22874.45,16380.167,9598.0,7236.888,-6236.0
1624,23578.505,16272.25,10720.0,8143.86,-7263.0
1625,25199.96,17316.5,11978.0,8956.065,-8286.0
1626,26282.463,17537.667,12145.0,9775.402,-8495.0
1627,25706.033,16675.667,11570.0,9590.971,-8390.0
1628,24342.331,15642.167,11079.0,8926.769,-8233.0
1629,23074.275,14601.75,10176.0,8458.13,-7571.0
1630,21792.975,14065.0,9641.0,7805.58,-6944.0
1631,20631.825,13339.167,9158.0,7522.263,-6309.0
1632,19913.193,13242.583,9069.0,7188.214,-5932.0
1633,19691.104,13084.083,8826.0,7048.625,-5765.0
1634,19811.195,13335.167,8758.0,6990.634,-5624.0
1635,20104.24,14010.25,9297.0,7164.595,-5607.0
1636,21441.926,15456.25,10538.0,7869.281,-6035.0
1637,23961.486,17415.083,11833.0,8992.007,-6768.0
1638,25131.866,18565.5,12314.0,9620.971,-6640.0
1639,25708.476,19118.083,11450.0,9386.998,-6034.0
1640,24779.93,18318.083,10393.0,8862.452,-5373.0
1641,24876.585,18306.583,9294.0,7615.607,-5629.0
1642,23581.765,17945.667,9368.0,6974.703,-5410.0
1643,23249.125,17931.417,9713.0,6877.313,-5534.0
1644,23035.441,17501.417,9729.0,7228.629,-5415.0
1645,22833.575,16654.083,9553.0,7256.097,-5857.0
1646,23360.834,16127.417,9372.0,7490.022,-6496.0
1647,23295.838,16402.75,10193.0,7612.693,-6854.0
1648,23816.402,16525.0,10911.0,8177.007,-7406.0
1649,25210.903,17412.0,11784.0,8554.509,-8409.0
1650,25903.411,17597.5,12276.0,9386.516,-8576.0
1651,25351.396,17039.417,11866.0,9530.585,-8028.0
1652,23911.154,15695.75,11262.0,9049.009,-7809.0
1653,22983.391,14160.5,9942.0,8400.496,-7745.0
1654,21834.986,13102.5,9217.0,7629.091,-7701.0
1655,21068.276,12691.75,8962.0,7481.131,-7238.0
1656,20555.949,12277.0,8509.0,7050.554,-7118.0
1657,20030.408,12018.167,8166.0,6606.847,-6952.0
1658,19709.504,12222.833,8387.0,6426.276,-6828.0
1659,19906.224,12738.5,8959.0,6826.329,-6681.0
1660,21360.088,14050.25,10259.0,8033.443,-6916.0
1661,23384.102,15534.167,11510.0,8679.54,-8061.0
1662,25008.786,16390.75,11726.0,9300.641,-8424.0
1663,24903.482,16777.167,10919.0,9045.92,-7380.0
1664,24988.152,17001.917,9449.0,8221.84,-6594.0
1665,22997.239,15896.333,7696.0,6431.51,-5746.0
1666,23037.019,16013.0,7027.0,5573.624,-5858.0
1667,22826.147,16278.917,6376.0,5233.835,-5070.0
1668,21834.982,15988.833,6159.0,4589.754,-4796.0
1669,22034.275,16647.5,6582.0,4582.38,-4767.0
1670,22090.21,16321.417,6904.0,5060.398,-4993.0
1671,22246.418,16145.667,7479.0,5264.357,-5696.0
1672,22243.97,15942.0,9925.0,6221.575,-7386.0
1673,24400.286,16595.417,11622.0,8308.474,-8499.0
1674,25909.192,16898.833,12076.0,9241.963,-9225.0
1675,25132.702,16544.417,12110.0,9204.89,-8874.0
1676,24039.951,15701.583,11650.0,9205.972,-8163.0
1677,22882.54,14367.167,10299.0,8567.978,-7627.0
1678,21310.903,14070.917,9953.0,7522.591,-7051.0
1679,20439.127,13955.5,9809.0,7872.232,-5801.0
1680,19836.466,13464.333,9293.0,7663.737,-5382.0
1681,19324.876,13174.25,9052.0,7284.231,-5299.0
1682,19003.76,13375.833,9321.0,7128.532,-5201.0
1683,19597.345,14220.667,9913.0,7594.283,-5076.0
1684,21090.162,15547.75,10605.0,8055.017,-5473.0
1685,22716.239,17589.5,12484.0,8864.344,-6127.0
1686,24686.814,18795.333,12297.0,9615.086,-5954.0
1687,24602.294,18541.25,10443.0,9043.649,-4841.0
1688,6989.639,1835.917,10239.5,7390.828,-5383.0
1689,23241.67,18226.25,10036.0,7373.025,-5059.0
1690,23229.219,18524.5,10491.0,7399.324,-5177.0
1691,23130.279,19004.25,10823.0,7505.634,-4824.0
1692,22584.181,18609.833,11109.0,7663.953,-4800.0
1693,23009.714,18452.833,10018.0,7366.486,-4589.0
1694,23337.092,18521.917,9655.0,7354.78,-4496.0
1695,23458.368,17590.5,9488.0,7609.474,-5127.0
1696,23340.193,18432.75,11491.0,7776.048,-6003.0
1697,24471.425,19057.917,12193.0,8424.113,-6563.0
1698,24950.502,18938.583,12406.0,8850.523,-6948.0
1699,24608.54,18540.167,12365.0,8888.979,-6925.0
1700,23825.587,17629.917,12044.0,9219.275,-6401.0
1701,21873.267,16622.917,11379.0,8356.956,-5653.0
1702,20763.479,14737.25,9918.0,7989.834,-5335.0
1703,20360.212,14012.5,9715.0,7817.318,-5626.0
1704,19700.875,13929.583,9751.0,7606.897,-5296.0
1705,19375.159,13997.0,9814.0,7566.764,-5006.0
1706,19331.079,13949.083,9801.0,7614.601,-4949.0
1707,20389.189,14635.5,9970.0,7757.294,-5347.0
1708,21732.266,15709.75,10186.0,8055.121,-5534.0
1709,23208.301,17679.167,11914.0,8888.739,-5935.0
1710,25035.238,18915.25,11967.0,9553.593,-5914.0
1711,25662.427,19016.167,10635.0,9106.865,-5555.0
1712,25481.376,19466.833,9657.0,8117.148,-4935.0
1713,24696.495,19773.667,9181.0,7253.434,-4231.0
1714,24044.444,19539.583,8557.0,6604.465,-3838.0
1715,23968.55,19530.833,7684.0,5914.322,-3588.0
1716,23874.661,19746.0,7330.0,5441.266,-3398.0
1717,23464.016,19844.75,7070.0,5337.871,-2732.0
1718,22951.812,19920.333,7350.0,5117.084,-2645.0
1719,22136.4,18902.667,7441.0,5210.339,-2845.0
1720,22523.544,18760.167,9533.0,6623.982,-4053.0
1721,24448.572,19221.583,11609.0,8408.593,-5808.0
1722,25159.61,19373.25,12139.0,9541.965,-5764.0
1723,24394.08,18448.417,12046.0,9548.268,-5824.0
1724,24316.902,17479.0,11300.0,9494.507,-6024.0
1725,23124.578,16167.5,10148.0,8760.683,-5725.0
1726,21608.821,14585.0,8882.0,7810.426,-5476.0
1727,20662.273,13989.333,8656.0,6971.544,-5738.0
1728,19518.09,13018.25,8322.0,6505.445,-5697.0
1729,19003.829,12680.583,8186.0,5998.851,-5891.0
1730,18623.558,12194.75,8148.0,5946.413,-6011.0
1731,19319.072,12782.667,8184.0,5906.011,-6195.0
1732,19496.744,13197.083,8357.0,6274.266,-5763.0
1733,20609.575,13999.333,9305.0,7174.846,-6121.0
1734,21458.51,15611.833,9200.0,7003.282,-5424.0
1735,23051.968,16933.167,7823.0,6640.406,-4682.0
1736,22737.898,17248.5,6780.0,5825.003,-3825.0
1737,22015.28,17501.833,6672.0,5124.052,-3442.0
1738,21660.717,17188.083,6469.0,4677.239,-3645.0
1739,21562.081,17673.75,6415.0,4366.936,-3317.0
1740,21527.834,18313.5,6571.0,4456.939,-2709.0
1741,20640.361,17582.583,6914.0,4697.383,-2655.0
1742,21394.387,17591.083,7380.0,5328.908,-3235.0
1743,20927.54,16947.833,8206.0,5936.311,-3630.0
1744,21809.634,17556.667,10607.0,7867.573,-4373.0
1745,22700.822,18702.0,12806.0,9617.427,-4568.0
1746,23762.044,18855.5,13224.0,10578.15,-4933.0
1747,23437.436,18356.833,12929.0,10251.208,-5139.0
1748,22778.25,17039.417,11853.0,9811.438,-5161.0
1749,21507.04,15525.5,10670.0,8937.145,-5095.0
1750,20695.76,14724.083,9705.0,7785.282,-5272.0
1751,19825.193,14090.583,9130.0,7834.214,-4411.0
1752,19045.252,13784.333,9040.0,7327.524,-4354.0
1753,18487.775,13407.583,8915.0,7186.797,-4189.0
1754,18477.797,13375.583,8744.0,7159.818,-4067.0
1755,18512.764,13853.083,8874.0,7023.285,-3891.0
1756,18478.93,14012.417,9180.0,7362.118,-3665.0
1757,19253.354,14541.583,9492.0,7576.375,-4008.0
1758,20406.561,14993.417,8688.0,7436.749,-4045.0
1759,21839.45,15384.583,6719.0,6539.471,-4015.0
1760,21836.443,15034.833,4998.0,4763.214,-4417.0
1761,20992.628,15286.25,4575.0,3420.983,-4241.0
1762,21483.462,16457.083,4656.0,2988.984,-4074.0
1763,20754.068,16659.333,4575.0,2787.34,-3263.0
1764,20487.704,16753.0,4660.0,2922.309,-2853.0
1765,19904.54,16626.667,4986.0,3057.478,-2587.0
1766,19194.268,16638.583,6296.0,3819.289,-2413.0
1767,21026.536,17587.833,6748.0,4721.307,-2846.0
1768,19639.445,17188.417,9429.0,5855.633,-3405.0
1769,21821.174,17697.167,11623.0,8275.612,-4852.0
1770,23013.816,17953.25,12320.0,9091.171,-5670.0
1771,22997.351,17452.667,12114.0,9259.289,-5780.0
1772,21805.506,16884.167,12081.0,8967.945,-5415.0
1773,20713.536,15623.917,11217.0,8992.224,-4695.0
1774,19703.161,14877.25,10827.0,8542.516,-4491.0
1775,19427.303,13851.583,9854.0,8213.325,-4597.0
1776,18808.549,13637.25,9649.0,7579.904,-4621.0
1777,18384.177,13433.583,9459.0,7393.199,-4397.0
1778,18470.306,14072.667,10056.0,7428.245,-4406.0
1779,19143.946,15237.917,10964.0,8070.634,-4180.0
1780,20473.471,16378.0,11560.0,8715.076,-4321.0
1781,22092.284,17669.417,12577.0,9441.472,-4939.0
1782,23993.48,18303.5,11820.0,9681.585,-5209.0
1783,25171.689,18892.667,10940.0,8967.628,-5632.0
1784,25158.481,19142.917,10471.0,8108.17,-5759.0
1785,25066.943,18710.833,9940.0,7988.715,-5688.0
1786,24718.592,18202.75,9622.0,7929.447,-5589.0
1787,24577.965,18342.25,10120.0,8110.32,-5626.0
1788,24526.453,17815.25,10030.0,8046.808,-6075.0
1789,23869.995,17904.917,10071.0,7797.683,-5619.0
1790,23725.64,18452.75,10114.0,7927.495,-4840.0
1791,22885.687,18711.75,11034.0,8321.542,-4267.0
1792,22844.658,18322.25,11512.0,8691.013,-4724.0
1793,24491.928,19401.25,13250.0,9288.284,-6433.0
1794,24702.523,19293.75,13961.0,10460.378,-6290.0
1795,24480.068,18913.833,13906.0,10542.839,-6310.0
1796,23630.688,17165.0,12508.0,10036.293,-6318.0
1797,22359.644,15947.417,11522.0,9126.832,-6188.0
1798,21082.98,15016.667,10563.0,8158.918,-5851.0
1799,20632.517,14691.5,10200.0,8236.622,-5285.0
1800,19733.894,14365.917,10102.0,8068.583,-4782.0
1801,19459.645,14596.0,10250.0,8138.25,-4356.0
1802,19074.764,14896.917,10428.0,7897.452,-4089.0
1803,19456.195,15688.5,11221.0,8340.3,-4029.0
1804,20452.046,17211.667,12599.0,8827.984,-4392.0
1805,22162.719,18351.167,13368.0,10000.158,-4560.0
1806,24954.723,19419.833,11674.0,10047.495,-4542.0
1807,24983.251,19350.583,9520.0,8733.272,-3800.0
1808,24146.036,20011.75,9071.0,7557.891,-3028.0
1809,22734.849,19570.583,8477.0,6984.871,-2037.0
1810,21999.573,19687.5,8556.0,6366.678,-1882.0
1811,22044.26,19520.25,8167.0,6319.615,-1752.0
1812,21538.972,19511.417,8323.0,6261.161,-1470.0
1813,21339.732,18852.583,8299.0,6344.754,-1822.0
1814,21911.648,19190.333,8666.0,6455.92,-2312.0
1815,21661.317,19279.75,9525.0,7216.172,-2071.0
1816,21106.832,18230.833,11190.0,8180.604,-3266.0
1817,23217.015,18867.083,12851.0,9363.537,-5218.0
1818,24326.996,19093.167,13579.0,10097.434,-6096.0
1819,24144.433,18325.333,13173.0,10267.705,-6105.0
1820,23370.912,17691.75,12618.0,9710.767,-5967.0
1821,22336.215,16085.083,11149.0,9308.737,-5472.0
1822,21264.338,15378.0,10690.0,8659.943,-5297.0
1823,20582.245,14752.417,10341.0,7777.434,-5774.0
1824,20158.523,14067.75,9797.0,7806.379,-5462.0
1825,19718.797,14500.75,10232.0,7604.652,-5226.0
1826,19889.74,14630.917,10138.0,7740.428,-5037.0
1827,20465.252,14696.833,10234.0,8112.024,-5271.0
1828,21868.677,15834.333,11191.0,8912.949,-5693.0
1829,23360.575,17277.25,12567.0,9814.93,-6216.0
1830,25988.162,19799.417,12408.0,10203.351,-5774.0
1831,25904.772,20902.667,10563.0,9256.711,-3689.0
1832,25210.318,20552.167,9856.0,7972.757,-3922.0
1833,24542.304,20626.25,9727.0,7437.659,-3586.0
1834,23723.241,19877.917,9470.0,7020.929,-3675.0
1835,23361.497,19713.417,8996.0,6759.685,-3265.0
1836,23641.498,19733.5,8316.0,6536.603,-3068.0
1837,22280.709,19958.25,8439.0,6198.064,-1944.0
1838,22173.309,19951.5,8179.0,6177.414,-1604.0
1839,20995.785,19810.417,8925.0,6683.973,-807.0
1840,21404.297,18667.917,9881.0,7573.985,-2424.0
1841,23501.435,18724.417,11163.0,8660.623,-4660.0
1842,25301.978,19548.083,12033.0,9388.5,-5779.0
1843,24983.21,18855.167,11878.0,9723.648,-5663.0
1844,23999.361,17580.583,11074.0,9890.382,-4983.0
1845,23041.102,16941.0,11140.0,9242.707,-5378.0
1846,21682.938,15464.083,9990.0,8397.46,-5192.0
1847,20847.116,14627.333,9512.0,7762.387,-5350.0
1848,20056.175,14210.0,9315.0,7349.78,-5192.0
1849,19647.235,14020.083,9360.0,7136.756,-5231.0
1850,19712.267,14243.75,9633.0,7220.122,-5262.0
1851,20128.711,14096.667,9426.0,7609.649,-5229.0
1852,21809.552,15595.75,10462.0,8151.408,-5905.0
1853,22924.763,16844.167,11882.0,9025.201,-6318.0
1854,24776.498,18041.667,11288.0,9490.436,-5913.0
1855,24987.881,19028.0,10254.0,8671.486,-4923.0
1856,23671.341,17608.667,8358.0,7364.28,-4437.0
1857,23361.915,17931.25,8018.0,6351.27,-4478.0
1858,22776.798,18805.917,8289.0,5845.487,-3795.0
1859,21803.373,18423.833,7862.0,5840.145,-2782.0
1860,21933.853,18515.333,7909.0,5782.124,-2926.0
1861,21930.994,18198.333,7613.0,5804.266,-2922.0
1862,21295.682,18061.083,7526.0,5524.203,-2617.0
1863,20689.637,18596.417,9086.0,5902.825,-2657.0
1864,21319.812,17893.833,11025.0,7539.584,-4292.0
1865,22959.171,17504.75,11954.0,8748.026,-6041.0
1866,24412.298,17872.583,12855.0,9637.32,-7138.0
1867,24251.225,17289.0,12530.0,9694.83,-7178.0
1868,23558.918,16345.833,11928.0,9525.69,-6996.0
1869,22024.24,15533.75,11791.0,8860.095,-6802.0
1870,21007.349,14606.917,11023.0,8555.037,-6249.0
1871,20544.901,13218.167,9845.0,8112.339,-6440.0
1872,20098.031,12549.167,9300.0,7756.47,-6473.0
1873,19602.647,12431.5,9221.0,7466.752,-6306.0
1874,19515.803,12462.167,9271.0,7465.241,-6240.0
1875,20381.855,12837.417,9136.0,7595.043,-6466.0
1876,21596.719,13924.833,9810.0,7873.491,-6989.0
1877,22339.027,14594.0,10586.0,8555.632,-7156.0
1878,24670.422,16197.667,10114.0,8760.36,-7207.0
1879,24818.277,17966.083,8386.0,7518.799,-5100.0
1880,23030.128,18173.667,7292.0,6466.067,-3063.0
1881,21390.72,17838.25,6813.0,5352.075,-2394.0
1882,20322.457,17612.833,7157.0,5060.229,-2187.0
1883,20612.499,18144.833,7364.0,5308.271,-1904.0
1884,20067.459,16960.25,7301.0,5608.814,-2180.0
1885,19586.668,15460.083,7385.0,5702.19,-3190.0
1886,19317.381,14699.167,8202.0,5910.819,-4290.0
1887,19925.132,14845.167,8994.0,6531.571,-4923.0
1888,21095.8,15280.667,10427.0,7686.738,-5936.0
1889,23249.073,15900.667,11125.0,8482.011,-7372.0
1890,24008.357,15766.417,11381.0,8955.546,-8048.0
1891,24209.706,15389.75,11242.0,9316.561,-8126.0
1892,23410.987,14531.417,10685.0,9180.175,-7765.0
1893,22178.734,14043.083,10686.0,8691.256,-7511.0
1894,21194.931,13453.0,10207.0,8561.536,-6768.0
1895,20127.67,12657.0,9540.0,8064.275,-6327.0
1896,19575.896,12267.167,9195.0,7618.334,-6266.0
1897,18924.613,12054.0,8899.0,7078.218,-6072.0
1898,18674.882,11869.417,8656.0,6766.07,-6076.0
1899,18717.103,11747.75,8304.0,6430.958,-6223.0
1900,19250.839,12017.417,8502.0,6291.027,-6825.0
1901,20037.975,12351.583,8641.0,6320.996,-7387.0
1902,21689.804,13714.75,7626.0,5868.659,-7113.0
1903,22552.023,14979.667,5562.0,4826.961,-5688.0
1904,21022.135,15680.0,4777.0,3582.74,-3917.0
1905,19654.832,15382.583,4413.0,2929.854,-3136.0
1906,19357.528,15245.917,4350.0,2684.216,-3158.0
1907,18779.774,14943.833,4255.0,2586.546,-2885.0
1908,18247.923,14666.167,4270.0,2512.361,-2720.0
1909,17488.196,13561.417,4438.0,2604.384,-3141.0
1910,18196.271,13236.0,5195.0,2929.876,-4606.0
1911,19249.878,13807.25,6125.0,3797.233,-5151.0
1912,19920.365,13395.583,7566.0,4888.387,-6583.0
1913,22223.342,13745.417,8623.0,6467.531,-8014.0
1914,23459.893,14581.667,9488.0,7678.832,-8068.0
1915,23209.953,14014.583,9254.0,7561.974,-8268.0
1916,22694.141,13147.0,8706.0,7471.746,-8162.0
1917,21669.424,12419.667,8134.0,6734.363,-8030.0
1918,19931.058,11743.583,8107.0,6256.08,-7419.0
1919,19389.246,11824.833,8404.0,6260.017,-7089.0
1920,18713.841,11301.167,7943.0,6249.279,-6487.0
1921,18253.092,11139.75,7868.0,5844.947,-6517.0
1922,18167.591,11026.583,7695.0,5809.612,-6407.0
1923,18391.08,11223.333,7701.0,5724.352,-6525.0
1924,18613.176,11372.833,7784.0,5750.948,-6654.0
1925,19368.164,11658.0,7839.0,5758.769,-7171.0
1926,20926.006,12438.167,6143.0,5369.445,-6642.0
1927,21491.21,14118.917,4053.0,3791.898,-5014.0
1928,19863.553,15034.25,3461.0,2571.908,-3099.0
1929,18181.017,14654.333,3439.0,1960.289,-2386.0
1930,17681.363,14845.333,3508.0,1790.635,-1934.0
1931,17554.888,14885.25,3449.0,1792.243,-1707.0
1932,17097.044,14308.417,3573.0,1802.233,-1940.0
1933,17216.762,13409.25,4016.0,2046.117,-3158.0
1934,18416.687,14249.75,5186.0,2784.542,-3949.0
1935,19057.79,14060.417,6010.0,3877.978,-4510.0
1936,20265.201,13742.5,7565.0,5033.306,-6435.0
1937,22373.239,14813.917,8868.0,6299.927,-7508.0
1938,23124.285,14917.25,9048.0,7119.64,-7516.0
1939,23081.3,13927.75,8588.0,7157.155,-7965.0
1940,22434.046,13495.917,8388.0,6967.734,-7739.0
1941,21117.428,12657.083,8185.0,6626.95,-7399.0
1942,20047.741,11746.167,7628.0,6263.179,-7047.0
1943,19182.173,11626.667,7568.0,6007.111,-6497.0
1944,18568.313,11521.0,7452.0,5717.918,-6162.0
1945,18303.869,11682.083,7315.0,5412.391,-5905.0
1946,18163.588,11901.917,7412.0,5414.277,-5640.0
1947,19120.868,12068.75,6872.0,5415.723,-5889.0
1948,19758.218,12623.667,7293.0,5512.156,-6296.0
1949,21392.315,13573.083,8073.0,5906.837,-7366.0
1950,23843.589,15024.417,6836.0,6055.777,-6980.0
1951,24710.682,17377.333,5933.0,5082.954,-5564.0
1952,23679.765,18424.333,4524.0,4228.037,-2932.0
1953,22175.134,18408.167,4226.0,3251.573,-2122.0
1954,21353.545,16974.333,3665.0,2687.817,-2737.0
1955,20416.943,16190.25,3813.0,2150.298,-3270.0
1956,21360.457,17095.5,3837.0,2313.562,-3169.0
1957,19951.874,16606.5,3972.0,2304.979,-2393.0
1958,20059.409,17038.917,4864.0,2679.097,-2586.0
1959,21555.829,18103.083,5379.0,3338.351,-2874.0
1960,20495.867,15986.333,5977.0,4211.139,-3656.0
1961,22218.435,15055.333,7746.0,5553.707,-6736.0
1962,24790.551,15127.583,8125.0,6558.572,-8610.0
1963,24208.049,14365.917,8236.0,6685.737,-8773.0
1964,22984.24,13597.0,8353.0,6683.845,-8437.0
1965,21914.213,13077.583,8216.0,6617.235,-7816.0
1966,20873.499,12769.75,7916.0,6639.354,-6761.0
1967,19667.542,12131.25,7600.0,6025.897,-6491.0
1968,19335.73,11999.917,7171.0,5710.418,-6177.0
1969,18816.636,12043.083,7094.0,5317.158,-5931.0
1970,18708.316,12390.833,7574.0,5482.088,-5790.0
1971,19504.655,12914.083,7740.0,5763.176,-5948.0
1972,20341.413,13372.167,8169.0,6279.852,-6239.0
1973,22258.448,14399.75,8932.0,6759.303,-7412.0
1974,25525.821,17063.417,7914.0,7191.009,-6566.0
1975,24676.817,19177.167,7411.0,6384.255,-3907.0
1976,22402.879,17936.833,6533.0,5788.65,-2591.0
1977,22076.585,17623.833,6101.0,4793.356,-3141.0
1978,22195.763,17976.75,5881.0,4255.618,-3225.0
1979,22487.294,18391.083,5976.0,4521.816,-2931.0
1980,21558.294,18639.5,5944.0,4329.399,-1914.0
1981,20769.029,18490.75,6175.0,4247.884,-1586.0
1982,19927.311,18235.583,7011.0,4530.332,-1553.0
1983,20343.446,17984.333,7510.0,5012.717,-2237.0
1984,21277.781,17218.167,8167.0,6071.22,-3536.0
1985,22650.219,16018.417,8870.0,7134.407,-5748.0
1986,24287.919,15863.833,9538.0,7699.691,-7643.0
1987,24548.008,15387.917,9586.0,8166.696,-7960.0
1988,23937.421,14511.0,9023.0,8230.026,-7600.0
1989,22458.142,13759.083,8662.0,7442.663,-7299.0
1990,20756.29,12798.75,8340.0,7211.145,-6467.0
1991,20694.153,12398.417,7437.0,6676.342,-6437.0
1992,19266.553,11949.5,6919.0,5635.658,-5981.0
1993,18634.435,11765.167,6924.0,5166.873,-6007.0
1994,18540.776,11723.167,7036.0,5267.214,-5967.0
1995,19433.278,11939.583,6814.0,5349.299,-6339.0
1996,20768.469,12569.667,6999.0,5533.407,-7045.0
1997,22391.141,13077.0,6941.0,5662.746,-7973.0
1998,23794.957,14552.25,6521.0,5395.312,-7749.0
1999,25182.711,17353.917,5500.0,4979.4,-5730.0
2000,22020.602,17408.417,5314.0,3971.791,-3335.0
2001,20874.659,16365.083,4875.0,3300.181,-3465.0
2002,20537.83,16972.167,4635.0,2824.268,-2757.0
2003,20409.807,17576.917,4719.0,2748.495,-2184.0
2004,20340.752,17345.333,4558.0,2879.023,-2055.0
2005,18909.102,16299.417,5055.0,2975.29,-2070.0
2006,19657.008,16101.0,5484.0,3279.613,-3141.0
2007,19894.202,16845.167,6999.0,4071.641,-3357.0
2008,20545.745,15315.167,7522.0,5400.184,-4733.0
2009,23335.874,15622.833,8541.0,6606.646,-7028.0
2010,24894.917,15802.083,8597.0,7033.438,-8037.0
2011,23776.077,14721.333,8559.0,6990.349,-8004.0
2012,24119.115,14165.333,8149.0,7249.387,-8234.0
2013,22189.84,12961.083,7304.0,6543.361,-7370.0
2014,21126.806,12932.75,7311.0,5995.661,-6890.0
2015,20238.358,12401.833,6809.0,5313.129,-6713.0
2016,19498.138,11720.833,6059.0,4772.91,-6444.0
2017,19201.168,11853.333,5954.0,4341.44,-6341.0
2018,19135.793,12183.0,6099.0,4303.398,-6129.0
2019,19615.912,12923.667,6379.0,4386.85,-6065.0
2020,20717.611,13162.667,6644.0,4851.55,-6728.0
2021,22687.991,14275.667,7316.0,5413.929,-7695.0
2022,25922.01,16743.917,5723.0,5544.698,-6737.0
2023,25095.991,18483.167,4158.0,4339.429,-3812.0
2024,21725.355,16875.917,3887.0,2797.044,-3320.0
2025,20530.113,16658.917,3734.0,2232.801,-2753.0
2026,20379.541,16468.333,3448.0,2222.813,-2517.0
2027,19721.824,15977.833,3460.0,2070.596,-2514.0
2028,19163.432,15508.75,3543.0,1925.287,-2653.0
2029,19217.234,15235.5,3362.0,1888.339,-2836.0
2030,19274.476,15382.417,3869.0,2140.665,-3001.0
2031,19977.264,15430.583,4568.0,2645.285,-3850.0
2032,21713.027,15357.083,5495.0,3609.549,-5622.0
2033,22831.793,14592.583,6831.0,4830.814,-7620.0
2034,25727.036,15494.667,7211.0,6168.974,-8655.0
2035,25337.193,15253.583,7133.0,6293.215,-8304.0
2036,23905.536,14329.5,7120.0,6085.641,-7991.0
2037,23122.381,13958.0,6715.0,5729.986,-7530.0
2038,21444.932,13214.167,6252.0,5288.37,-6575.0
2039,20690.216,12597.917,5913.0,4484.904,-6901.0
2040,20059.261,12068.5,5374.0,4305.366,-6440.0
2041,19254.741,11073.417,5093.0,3812.929,-6842.0
2042,20279.383,11984.917,5024.0,3723.071,-6976.0
2043,20884.834,12259.083,4696.0,3856.356,-6846.0
2044,22263.881,13489.583,5120.0,3782.903,-7492.0
2045,23007.127,14470.167,6001.0,4379.566,-7539.0
2046,26264.275,17016.667,4553.0,4384.213,-6797.0
2047,24116.801,18421.917,3894.0,3189.489,-3780.0
2048,21744.964,17906.833,3475.0,1904.736,-2789.0
2049,20275.704,17284.5,3375.0,1488.809,-2258.0
2050,19545.343,16992.167,3160.0,1288.782,-1805.0
2051,18852.755,17032.25,3072.0,1208.11,-1065.0
2052,18774.513,17423.667,2933.0,1047.452,-617.0
2053,18608.362,17220.0,2947.0,1070.967,-645.0
2054,18422.277,17058.5,3314.0,1414.382,-644.0
2055,19030.779,17340.75,4149.0,1963.634,-1256.0
2056,20029.512,16251.917,4599.0,2591.201,-3166.0
2057,21627.039,14611.917,5922.0,3898.728,-6419.0
2058,24396.465,15038.167,6474.0,4940.904,-8272.0
2059,24282.48,14505.333,6439.0,5323.752,-8273.0
2060,23220.586,13399.75,6310.0,5361.441,-8150.0
2061,22744.039,12695.75,5973.0,5223.894,-8178.0
2062,21134.778,11673.833,5701.0,4971.55,-7571.0
2063,20389.292,11300.667,5578.0,4417.23,-7630.0
2064,19426.148,10949.5,5684.0,4290.253,-7251.0
2065,19096.76,10446.667,5449.0,4134.698,-7345.0
2066,18968.97,10274.333,5345.0,3944.242,-7476.0
2067,19588.42,10235.083,5038.0,4042.942,-7729.0
2068,19436.394,10603.167,5699.0,4206.832,-7706.0
2069,20715.03,10867.833,5672.0,4631.802,-8268.0
2070,23120.841,12921.083,4117.0,4077.363,-7620.0
2071,22384.905,15381.833,3774.0,2896.677,-5261.0
2072,20821.191,15609.5,3509.0,2358.296,-3743.0
2073,18969.275,15268.917,3579.0,1743.963,-2916.0
2074,18546.561,14936.083,3843.0,1862.083,-2972.0
2075,18275.094,14348.75,3736.0,1910.949,-3132.0
2076,18992.911,14898.25,3822.0,1977.266,-3320.0
2077,19117.96,15370.583,3852.0,2163.981,-2816.0
2078,18116.931,15708.667,5277.0,2558.869,-2507.0
2079,19199.01,15029.167,5177.0,3894.449,-2833.0
2080,19977.46,15681.583,7857.0,5366.482,-4167.0
2081,22546.169,15776.333,8738.0,7489.44,-5399.0
2082,23592.151,16081.833,8923.0,7759.923,-6054.0
2083,23582.364,15186.75,8416.0,7717.219,-6475.0
2084,22514.443,14492.5,8255.0,7362.548,-6295.0
2085,21277.075,13875.333,8008.0,6693.346,-6097.0
2086,20071.836,11898.25,6326.0,6335.191,-5545.0
2087,19392.655,11557.333,6238.0,5228.927,-6225.0
2088,18624.617,11086.833,5813.0,4477.388,-6254.0
2089,18139.374,10374.25,5159.0,4121.729,-6183.0
2090,17845.297,10034.417,4951.0,3627.486,-6515.0
2091,18088.472,10091.167,4611.0,3219.911,-6769.0
2092,18384.38,10368.833,4714.0,3284.152,-6826.0
2093,18991.062,10803.167,4748.0,3256.5,-7060.0
2094,21238.549,13385.5,3792.0,3200.654,-5825.0
2095,20862.4,14418.167,2802.0,2668.839,-3958.0
2096,18742.678,14370.333,2543.0,1594.95,-2701.0
2097,17837.911,13925.083,2282.0,1318.432,-2257.0
2098,18329.946,14166.25,2383.0,1255.301,-2672.0
2099,18172.746,13599.083,2205.0,1287.267,-2872.0
2100,18259.542,14649.667,2685.0,1326.481,-2349.0
2101,17749.405,14482.167,2773.0,1446.844,-1974.0
2102,17250.38,14333.667,3584.0,1811.318,-2070.0
2103,18458.356,14415.083,3574.0,2376.878,-2621.0
2104,19042.604,14063.0,3982.0,2442.209,-3900.0
2105,20956.667,12915.25,5370.0,3567.022,-7225.0
2106,23812.043,13530.333,6026.0,4809.315,-8879.0
2107,23737.119,13047.583,5784.0,5074.141,-8780.0
2108,23038.953,12950.0,5559.0,4745.558,-8283.0
2109,21719.233,11979.917,5003.0,4621.921,-7501.0
2110,20085.932,11352.083,5171.0,4187.453,-7098.0
2111,19444.391,11600.917,5385.0,4040.079,-6569.0
2112,18881.241,11365.25,5062.0,3898.596,-6060.0
2113,18229.47,11203.917,5419.0,3748.158,-6077.0
2114,18004.886,10708.667,5698.0,4058.824,-6316.0
2115,19387.319,10868.333,5782.0,4589.591,-7092.0
2116,20733.285,11507.917,5986.0,4923.973,-7668.0
2117,21550.267,12413.0,6571.0,5054.872,-8034.0
2118,25006.546,14856.083,4865.0,4774.068,-7622.0
2119,24485.952,16943.417,3752.0,3421.141,-5254.0
2120,22449.085,16785.167,3190.0,2641.524,-3593.0
2121,20622.974,16059.0,2818.0,1959.579,-2803.0
2122,19905.11,15567.833,2791.0,1710.882,-2798.0
2123,19664.41,15027.75,2802.0,1604.265,-3215.0
2124,20618.668,15777.5,2637.0,1522.773,-3336.0
2125,19330.144,15898.583,3477.0,1596.166,-2693.0
2126,19477.379,16590.917,4258.0,2040.067,-2485.0
2127,20570.626,17256.5,4264.0,2591.731,-2367.0
2128,20350.619,16532.25,5476.0,3105.974,-3569.0
2129,21750.392,14692.333,6749.0,4641.663,-6546.0
2130,24074.937,14569.667,7017.0,5663.875,-8239.0
2131,24201.64,14263.5,6927.0,5654.745,-8591.0
2132,22835.029,13519.25,7080.0,5593.384,-8183.0
2133,21344.338,12695.833,7084.0,5638.11,-7475.0
2134,20318.886,11669.083,6312.0,5581.408,-6761.0
2135,19955.866,10773.75,5277.0,4441.721,-7398.0
2136,18900.939,10610.083,5021.0,3638.461,-7054.0
2137,18482.06,11094.75,5637.0,3790.915,-6614.0
2138,18544.268,10842.417,5194.0,4222.456,-6054.0
2139,18946.825,10902.167,5014.0,3954.264,-6485.0
2140,20445.864,11942.667,5405.0,4066.803,-7222.0
2141,21335.22,12916.083,6220.0,4345.742,-7674.0
2142,23454.451,14397.917,5294.0,4270.14,-7461.0
2143,23083.959,15832.75,4742.0,3624.814,-5749.0
2144,22341.376,16034.917,3916.0,2872.065,-4731.0
2145,21979.786,16140.0,3309.0,2509.391,-4020.0
2146,20643.978,16298.833,3317.0,1930.75,-3112.0
2147,20581.117,16731.417,3280.0,1904.305,-2606.0
2148,20095.01,16654.417,3143.0,1731.198,-2233.0
2149,20079.826,16822.167,3137.0,1667.265,-2108.0
2150,18761.172,15683.25,3551.0,1664.527,-2345.0
2151,20202.249,15744.25,3930.0,2001.604,-3767.0
2152,21067.567,15026.917,4599.0,2623.255,-5397.0
2153,22267.938,14377.75,5916.0,3852.793,-7334.0
2154,24083.477,14819.583,6368.0,4539.499,-8473.0
2155,23668.505,14081.333,6224.0,4803.776,-8388.0
2156,22977.835,13288.333,5944.0,4801.106,-8213.0
2157,21735.529,11892.583,5218.0,4503.551,-7938.0
2158,20663.273,11856.75,5538.0,3978.128,-7747.0
2159,19811.762,11613.25,5316.0,3770.118,-7125.0
2160,19131.82,11402.083,5171.0,3502.342,-6779.0
2161,18524.923,11199.583,4990.0,3294.945,-6401.0
2162,18413.563,10970.583,4743.0,3235.584,-6331.0
2163,18688.955,11055.417,4930.0,3179.143,-6765.0
2164,20288.04,11630.75,5153.0,3681.895,-7509.0
2165,21450.951,12894.833,6096.0,4177.722,-7855.0
2166,24530.241,16154.75,4790.0,4102.096,-6444.0
2167,23126.8,18093.417,3950.0,3247.988,-3116.0
2168,20820.755,17697.667,3751.0,2574.693,-1680.0
2169,19587.593,16769.083,3599.0,2457.114,-1341.0
2170,19286.927,16773.5,3831.0,2196.032,-1529.0
2171,19199.367,16321.417,3317.0,2134.556,-1441.0
2172,16902.79,14795.667,3789.0,2113.728,-1163.0
2173,18625.159,16237.917,3709.0,2293.847,-1183.0
2174,19227.887,16632.167,3590.0,2369.326,-1197.0
2175,19780.286,16923.25,3942.0,2433.641,-1746.0
2176,20190.473,17123.583,6035.0,3401.495,-3081.0
2177,21089.829,15028.0,6847.0,4925.434,-5364.0
2178,23711.301,15739.667,7888.0,5785.24,-7455.0
2179,23494.739,14513.75,7258.0,5846.594,-7773.0
2180,22485.826,13228.083,6842.0,5511.347,-7969.0
2181,21548.778,12368.5,6308.0,4904.883,-7964.0
2182,20137.441,11576.167,6013.0,4470.88,-7484.0
2183,19391.313,11764.0,6246.0,4112.918,-7141.0
2184,19330.638,11620.333,5430.0,3826.91,-6694.0
2185,18745.332,11744.25,5235.0,3245.687,-6371.0
2186,18478.369,11751.5,5031.0,3161.474,-5977.0
2187,18768.27,12019.333,5127.0,3094.542,-6162.0
2188,20208.16,12784.75,5385.0,3490.015,-6699.0
2189,21625.516,13941.333,5497.0,3651.787,-6910.0
2190,24912.912,17512.5,4321.0,3339.017,-5763.0
2191,23349.99,18826.167,4017.0,2647.429,-3274.0
2192,20727.954,17503.083,3417.0,2056.476,-1966.0
2193,20241.045,17315.5,3446.0,1721.15,-2031.0
2194,19156.996,16988.833,3549.0,1823.768,-1274.0
2195,19422.096,17204.083,3194.0,1642.618,-1150.0
2196,18553.729,16709.667,3215.0,1612.668,-827.0
2197,18521.628,17134.417,3353.0,1714.816,-406.0
2198,18273.803,16669.25,3281.0,1669.158,-597.0
2199,18941.851,16966.25,3806.0,2054.206,-1108.0
2200,20281.322,17161.0,5030.0,2762.927,-2768.0
2201,21218.2,15358.333,6502.0,4295.472,-5447.0
2202,23846.887,16008.667,7360.0,5591.825,-6987.0
2203,24225.558,15199.667,6813.0,5771.497,-7448.0
2204,23461.604,14111.583,5974.0,5252.625,-7452.0
2205,21916.124,12224.0,4890.0,4313.729,-7649.0
2206,20964.553,11795.417,4701.0,3609.742,-7641.0
2207,20000.676,11547.167,4428.0,3317.114,-6945.0
2208,19009.302,11190.25,4059.0,2964.657,-6294.0
2209,18818.125,11354.417,4182.0,2876.314,-6150.0
2210,18961.975,11623.833,3949.0,2861.747,-5806.0
2211,18877.453,11645.75,4143.0,2846.308,-5909.0
2212,20131.84,12466.083,4997.0,3286.361,-6757.0
2213,21537.165,13191.667,5378.0,3846.103,-7258.0
2214,24443.582,16129.167,4359.0,3844.02,-6210.0
2215,23184.337,18020.583,4011.0,2918.359,-3637.0
2216,20660.454,17825.25,3939.0,2252.809,-1902.0
2217,19081.419,17180.75,3587.0,1894.274,-974.0
2218,17967.154,16481.0,3457.0,1632.759,-691.0
2219,17859.233,16273.083,3332.0,1545.754,-753.0
2220,17897.367,16363.917,3178.0,1455.055,-637.0
2221,17838.367,16751.583,3390.0,1379.389,-478.0
2222,17593.526,16219.083,3422.0,1342.048,-835.0
2223,18321.281,16310.667,3525.0,1436.22,-1480.0
2224,19364.718,16355.417,4381.0,1858.906,-2912.0
2225,20899.943,15015.167,6035.0,3436.381,-5864.0
2226,23484.406,15327.75,6396.0,4608.261,-7325.0
2227,23917.428,15350.583,6380.0,5109.45,-7218.0
2228,22671.368,14123.333,5496.0,4884.64,-6540.0
2229,21182.815,12796.167,5122.0,4051.254,-6838.0
2230,20754.436,12859.417,5399.0,4014.624,-6660.0
2231,19636.018,12204.0,4890.0,3904.623,-5798.0
2232,18632.321,11979.083,5084.0,3521.843,-5596.0
2233,18334.3,12165.417,5226.0,3602.488,-5173.0
2234,18409.19,12241.417,4950.0,3674.378,-4824.0
2235,17905.27,12018.083,4958.0,3815.792,-4410.0
2236,18495.188,12696.75,5726.0,4238.043,-4667.0
2237,19482.682,13305.167,5823.0,4497.12,-4884.0
2238,22307.151,16788.75,4511.0,4149.006,-3261.0
2239,21139.611,18882.417,4245.0,3147.8,-735.0
2240,19881.453,18884.083,4272.0,2721.975,72.0
2241,18954.931,18671.083,4579.0,2637.453,394.0
2242,18503.919,17670.333,4150.0,2677.191,313.0
2243,18592.224,17396.25,4047.0,2457.579,-166.0
2244,18442.714,17045.833,3796.0,2392.486,-181.0
2245,18570.702,17422.25,3744.0,2185.057,-88.0
2246,18707.58,17878.667,3846.0,2079.518,24.0
2247,18458.442,17694.833,4445.0,2263.214,-326.0
2248,19530.784,16619.833,5152.0,2970.556,-2473.0
2249,20512.046,15151.75,6837.0,4443.901,-5134.0
2250,22953.835,15331.333,7993.0,6042.107,-6954.0
2251,22852.571,14507.083,7892.0,6708.093,-6910.0
2252,22406.24,13470.0,7304.0,6505.845,-7115.0
2253,21620.337,12620.333,6690.0,5941.609,-7129.0
2254,19716.803,11975.75,6849.0,5480.658,-6490.0
2255,18963.443,11757.917,6952.0,5515.131,-6023.0
2256,18141.901,12136.75,7418.0,5528.756,-5275.0
2257,17552.595,11860.5,7137.0,5190.7,-5019.0
2258,17206.47,11789.0,6875.0,4955.075,-4718.0
2259,17213.951,11825.083,6846.0,4815.472,-4800.0
2260,17658.983,12098.583,6819.0,4885.004,-4875.0
2261,18108.113,12335.583,6709.0,4676.135,-5186.0
2262,19680.099,13269.25,5289.0,4484.455,-4596.0
2263,20485.819,15101.5,5275.0,4085.924,-3954.0
2264,19467.028,14529.75,5122.0,3742.883,-3697.0
2265,20511.227,15392.333,5026.0,3441.499,-4084.0
2266,20114.452,15093.917,5053.0,3416.141,-4038.0
2267,21023.728,16296.667,5477.0,3775.667,-3809.0
2268,19962.78,15711.833,5321.0,3693.552,-3259.0
2269,20330.51,15672.083,5517.0,3723.032,-3833.0
2270,20580.479,15482.75,5309.0,3769.334,-4018.0
2271,20065.688,15745.833,6767.0,4169.46,-4298.0
2272,20639.028,15255.0,7465.0,5375.633,-4854.0
2273,22004.466,15496.5,8187.0,6116.571,-5959.0
2274,22690.148,16200.333,8881.0,6496.42,-6255.0
2275,22381.302,15063.583,8217.0,6596.323,-6319.0
2276,21581.688,13896.583,7653.0,6260.709,-6458.0
2277,20503.938,13544.0,7620.0,5851.543,-6109.0
2278,19365.466,12691.083,7080.0,5699.988,-5435.0
2279,18345.011,12608.167,7385.0,5456.449,-5046.0
2280,17643.357,12566.0,7397.0,5356.962,-4498.0
2281,17391.548,12689.333,7656.0,5374.819,-4364.0
2282,17477.882,12683.75,7977.0,5643.737,-4508.0
2283,18121.267,12881.083,7977.0,5909.789,-4688.0
2284,19209.591,13716.667,8693.0,6176.53,-5390.0
2285,21248.603,14785.417,9249.0,6824.792,-6268.0
2286,22658.041,15884.583,8521.0,7029.062,-5646.0
2287,22899.491,16538.5,8489.0,6814.596,-5416.0
2288,23676.592,17120.0,7683.0,6523.197,-5097.0
2289,23277.146,17450.5,7172.0,6264.251,-4115.0
2290,23526.232,17788.333,6914.0,5949.504,-4083.0
2291,23285.332,17917.75,6988.0,5896.187,-3840.0
2292,22831.583,17546.75,6462.0,5261.438,-3866.0
2293,22233.2,17588.417,6416.0,4965.388,-3476.0
2294,22366.057,18726.25,7329.0,5429.412,-2920.0
2295,21279.894,17487.75,7329.0,5534.749,-2967.0
2296,21487.799,16837.833,8319.0,5839.571,-4510.0
2297,22986.393,16485.25,9860.0,7161.748,-6580.0
2298,23895.921,16323.583,10222.0,7968.943,-7206.0
2299,24048.793,15382.083,9489.0,7760.315,-7776.0
2300,22801.269,14786.917,9570.0,7384.957,-7580.0
2301,21852.28,14160.667,9419.0,7709.218,-6782.0
2302,20746.011,12551.583,8312.0,7630.033,-6257.0
2303,20328.053,12155.833,7971.0,6753.824,-6770.0
2304,19025.193,11770.333,7692.0,5751.465,-6576.0
2305,18343.608,11652.0,7692.0,5509.213,-6255.0
2306,18431.922,11478.167,7450.0,5431.361,-6353.0
2307,19458.475,12558.333,8405.0,5848.747,-6837.0
2308,20233.313,13179.0,8946.0,6668.918,-6712.0
2309,21862.454,13816.917,9087.0,6617.142,-7896.0
2310,23922.706,15261.0,7893.0,6321.311,-7614.0
2311,22841.56,16093.5,6845.0,5170.665,-5803.0
2312,22398.888,17738.667,6822.0,4909.826,-3953.0
2313,19720.111,17315.583,7079.0,4700.132,-2164.0
2314,20545.333,18020.25,6725.0,4712.688,-1918.0
2315,19260.326,17186.417,6697.0,4467.514,-1684.0
2316,18948.509,16355.25,7348.0,4464.864,-2857.0
2317,20578.566,16792.5,7132.0,5004.671,-3294.0
2318,19661.02,16325.5,7687.0,4744.125,-3659.0
2319,20720.09,15595.917,7966.0,5552.778,-4918.0
2320,21977.361,15307.333,8372.0,6259.633,-6163.0
2321,23225.424,15412.5,9055.0,6839.529,-7409.0
2322,24607.44,16311.417,9089.0,7046.628,-7719.0
2323,23465.485,14653.083,8618.0,6818.007,-7993.0
2324,22811.106,13964.5,8728.0,6515.211,-8440.0
2325,22195.56,13220.75,7788.0,6561.415,-7582.0
2326,20231.544,12146.25,7217.0,5702.899,-6980.0
2327,19456.033,12174.083,7264.0,5167.555,-6759.0
2328,18463.641,11942.167,7316.0,5095.08,-6123.0
2329,18104.761,11751.667,7198.0,4916.699,-6015.0
2330,18312.547,11797.5,7060.0,4907.652,-6048.0
2331,18332.945,11983.75,7584.0,5025.8,-6288.0
2332,19894.725,13203.25,8402.0,5743.08,-6731.0
2333,21139.881,13663.667,8463.0,6044.82,-7275.0
2334,22053.298,14197.5,8208.0,5962.403,-7482.0
2335,22543.923,14790.917,8075.0,5909.611,-7299.0
2336,22385.157,15341.167,7773.0,5626.596,-6571.0
2337,22248.518,16179.083,7397.0,5524.039,-5323.0
2338,21071.163,16121.583,7066.0,5303.185,-4093.0
2339,20598.742,15969.417,7035.0,4950.931,-4094.0
2340,20194.303,16145.083,7089.0,4988.824,-3530.0
2341,20001.092,15266.667,6457.0,5001.03,-3571.0
2342,19634.82,14936.083,6875.0,4939.342,-4015.0
2343,19996.648,14514.75,6889.0,5124.503,-4627.0
2344,21626.358,14362.0,7599.0,5729.963,-6514.0
2345,23045.363,14881.25,8212.0,6377.718,-7379.0
2346,24146.318,15816.0,8907.0,6708.923,-7909.0
2347,23685.293,14855.667,8337.0,6790.231,-7757.0
2348,22899.395,14077.333,7957.0,6264.667,-7895.0
2349,21450.44,13298.917,7643.0,5848.128,-7327.0
2350,20073.609,12665.917,7199.0,5447.298,-6540.0
2351,18774.931,11959.5,7153.0,5331.036,-6018.0
2352,18241.323,12031.5,7702.0,5564.428,-5728.0
2353,17888.893,11672.667,7695.0,5487.831,-5804.0
2354,17894.486,11552.417,7667.0,5498.674,-5891.0
2355,18524.367,11701.5,7688.0,5867.472,-6024.0
2356,19570.556,12269.25,7950.0,5751.911,-6880.0
2357,21261.48,12937.667,7807.0,5780.419,-7731.0
2358,22441.227,14140.25,7740.0,5784.582,-7637.0
2359,22604.763,15023.917,8027.0,5718.451,-7270.0
2360,23305.53,16206.75,8384.0,6134.385,-6729.0
2361,23494.017,17503.083,8488.0,6542.538,-5317.0
2362,23433.104,17939.083,8010.0,6558.625,-4326.0
2363,22046.179,17299.5,7945.0,6018.284,-4054.0
2364,21726.889,16267.583,7544.0,6039.911,-4344.0
2365,21580.56,16147.167,7997.0,5907.998,-4903.0
2366,21721.567,15540.333,7688.0,5821.838,-5428.0
2367,22757.644,15559.833,7382.0,5874.416,-6086.0
2368,22476.342,14788.5,7788.0,5852.447,-7004.0
2369,23485.589,14842.167,8449.0,6460.027,-8013.0
2370,23881.431,14702.5,8696.0,6652.536,-8603.0
2371,23826.614,13907.167,8307.0,6709.053,-8898.0
2372,23180.482,13219.25,7741.0,6293.837,-8789.0
2373,21604.836,12321.5,7144.0,5810.941,-7997.0
2374,19993.582,11559.917,7097.0,5335.27,-7576.0
2375,19396.193,12009.833,7713.0,5439.964,-7040.0
2376,18619.981,11778.917,7626.0,5540.669,-6307.0
2377,18269.136,11366.0,7258.0,5446.741,-6095.0
2378,18138.182,11599.667,7379.0,5289.121,-6009.0
2379,18396.922,11792.083,7351.0,5429.443,-5907.0
2380,19473.388,12122.75,7298.0,5430.243,-6599.0
2381,20225.547,12881.833,8023.0,5341.319,-7406.0
2382,21777.25,14235.083,7581.0,5828.772,-6675.0
2383,21881.987,14681.417,6751.0,5424.175,-5908.0
2384,21740.402,15396.25,6271.0,4583.757,-5412.0
2385,21503.078,15465.083,5525.0,4329.599,-4614.0
2386,21696.043,16328.333,5509.0,4175.315,-4082.0
2387,20929.535,16302.333,5061.0,3758.807,-3310.0
2388,20457.168,15620.583,4838.0,3568.19,-3487.0
2389,19352.489,14548.5,4912.0,3404.594,-3692.0
2390,19834.904,14549.917,5191.0,3595.592,-4261.0
2391,19870.409,14195.0,5867.0,3883.014,-5040.0
2392,21057.228,14030.167,6274.0,4626.666,-6055.0
2393,21628.818,13936.5,7280.0,5105.923,-7247.0
2394,22996.211,14492.917,7947.0,5898.9,-7932.0
2395,23129.883,14061.917,7839.0,6137.571,-8150.0
2396,22199.838,13205.583,7732.0,6008.86,-8098.0
2397,21487.841,12601.083,7382.0,5945.363,-7704.0
2398,20696.176,12048.417,6484.0,5345.364,-7167.0
2399,19972.14,11535.75,5664.0,4590.995,-6890.0
2400,19121.623,10988.5,4773.0,3809.728,-6477.0
2401,18479.495,11017.583,4633.0,3253.517,-6222.0
2402,17818.106,10590.417,4420.0,2930.295,-6098.0
2403,17866.846,10730.917,4653.0,2773.535,-6396.0
2404,18089.567,11002.0,5046.0,2969.172,-6545.0
2405,19340.724,11623.417,4871.0,3066.912,-6902.0
2406,20771.146,13885.583,3429.0,2670.167,-5025.0
2407,19507.794,15283.25,3114.0,1837.149,-2882.0
2408,17587.094,14882.417,2881.0,1413.283,-1553.0
2409,17720.517,14841.167,2956.0,1524.955,-1691.0
2410,16857.224,15403.5,3177.0,1370.329,-641.0
2411,16714.817,15564.167,2978.0,1481.255,-28.0
2412,15661.744,14774.583,2966.0,1299.766,66.0
2413,16052.913,14949.0,3207.0,1290.518,-401.0
2414,16824.041,15859.667,3207.0,1375.979,-176.0
2415,16888.002,15889.833,3469.0,1577.774,-270.0
2416,18444.536,16227.75,3917.0,2058.391,-1456.0
2417,19554.757,13518.917,4272.0,2984.445,-4704.0
2418,22280.574,13823.917,5151.0,3592.262,-7396.0
2419,22904.012,13994.5,5306.0,4051.117,-7545.0
2420,21841.9,13511.833,5316.0,4178.671,-6848.0
2421,20772.316,13084.833,5067.0,3969.088,-6166.0
2422,19306.486,12906.917,5244.0,3682.174,-5342.0
2423,18877.976,12788.167,4999.0,3885.414,-4584.0
2424,17334.519,12191.917,5392.0,3761.207,-4154.0
2425,17577.045,12151.833,5280.0,3789.817,-4296.0
2426,17455.262,12149.0,5109.0,3722.867,-4073.0
2427,17100.491,12081.75,5320.0,3688.346,-4031.0
2428,17334.652,12023.583,5447.0,3947.673,-4191.0
2429,18687.266,11386.25,3692.0,3741.621,-4632.0
2430,20858.994,14851.417,2943.0,2223.182,-4108.0
2431,19177.522,16001.333,2832.0,1580.793,-1808.0
2432,18071.657,15874.083,2727.0,1229.178,-1076.0
2433,19026.105,16862.0,2942.0,1252.71,-1234.0
2434,17620.138,16049.917,3052.0,1368.827,-634.0
2435,18229.912,16647.833,2815.0,1280.684,-497.0
2436,17423.584,16362.5,2916.0,1230.689,-127.0
2437,17506.353,16581.0,3090.0,1283.958,-112.0
2438,17441.516,16825.167,3609.0,1570.954,-35.0
2439,18064.39,16793.833,3891.0,2006.162,-536.0
2440,17603.471,15027.917,4564.0,2451.16,-2069.0
2441,19592.588,13561.083,5787.0,3697.11,-5502.0
2442,21754.736,13808.75,6325.0,4509.591,-7142.0
2443,22229.069,13408.75,6178.0,4852.924,-7526.0
2444,21536.023,13387.167,6470.0,4755.461,-7244.0
2445,20475.172,13140.5,6311.0,4899.277,-6127.0
2446,18833.676,12702.833,6295.0,4781.447,-5025.0
2447,18604.95,12936.75,6308.0,4803.805,-4553.0
2448,18787.162,13139.667,5388.0,4666.1,-3750.0
2449,17463.487,12810.833,4890.0,3746.258,-3177.0
2450,17406.499,13133.5,5014.0,3658.604,-3009.0
2451,17198.32,13186.333,5486.0,3835.591,-3043.0
2452,18510.263,13709.917,6069.0,4272.952,-3977.0
2453,20360.107,14675.917,6138.0,4487.795,-4715.0
2454,22763.127,17281.75,4912.0,4225.982,-3548.0
2455,21717.469,18782.75,4608.0,3552.324,-1371.0
2456,21155.123,19135.667,3875.0,2947.062,-328.0
2457,19878.876,18713.583,3559.0,2272.897,168.0
2458,19722.3,18784.583,3528.0,2082.322,236.0
2459,20134.062,19385.083,3501.0,2080.584,450.0
2460,19780.189,19254.667,3524.0,1999.127,569.0
2461,19706.296,19458.833,3429.0,1881.067,824.0
2462,19174.554,19416.417,3959.0,1902.743,805.0
2463,19256.623,19251.917,4479.0,2539.311,675.0
2464,18735.093,17181.167,5485.0,3153.532,-1266.0
2465,20887.389,16654.25,8152.0,5144.744,-4621.0
2466,22155.261,16942.917,8995.0,5859.949,-5728.0
2467,22895.608,16189.167,7938.0,6442.046,-5583.0
2468,22763.107,15578.75,7388.0,6191.962,-5761.0
2469,20436.711,14622.917,7125.0,5289.399,-5030.0
2470,19067.767,12741.333,6232.0,5124.039,-4815.0
2471,18761.719,11945.667,6102.0,4670.658,-5628.0
2472,18112.43,11861.167,6587.0,4545.869,-5673.0
2473,17882.838,11718.083,6668.0,4633.36,-5580.0
2474,17978.523,11288.917,6425.0,4764.211,-5731.0
2475,18715.493,11814.667,6488.0,4821.431,-5948.0
2476,19439.167,12050.5,6719.0,5014.272,-6474.0
2477,21968.341,13971.583,6765.0,4912.362,-7230.0
2478,23804.647,16664.667,4622.0,4339.586,-4803.0
2479,21963.472,18179.917,4000.0,3080.161,-2084.0
2480,19738.043,17852.583,3755.0,2346.065,-675.0
2481,18155.83,16768.667,3477.0,2026.768,-218.0
2482,17920.167,16672.75,3581.0,1831.022,-378.0
2483,18276.27,16960.083,3462.0,1853.792,-305.0
2484,17484.782,16456.25,3399.0,1757.137,-51.0
2485,17868.454,16633.917,3434.0,1762.142,-287.0
2486,17964.567,16682.75,3794.0,1814.422,-642.0
2487,18380.232,16268.167,4515.0,2284.671,-1723.0
2488,19382.204,15569.083,5763.0,3108.726,-3848.0
2489,20242.868,14250.667,8467.0,5016.807,-6823.0
2490,23123.508,14878.25,9365.0,6687.863,-8303.0
2491,23325.054,14494.417,9074.0,6896.242,-8389.0
2492,22607.854,13059.333,7770.0,6526.125,-8173.0
2493,21747.357,12138.833,7163.0,5817.128,-8335.0
2494,20278.504,11562.583,6760.0,5185.526,-7671.0
2495,19437.988,11281.167,6496.0,5046.427,-6987.0
2496,18920.945,10915.333,5917.0,4663.216,-6640.0
2497,18252.856,10727.167,5809.0,4083.294,-6632.0
2498,17989.717,10558.833,5810.0,3997.489,-6624.0
2499,18654.611,10769.5,5931.0,4326.716,-6870.0
2500,19451.265,11257.25,6128.0,4487.62,-7215.0
2501,21710.528,12891.583,6045.0,4304.55,-7940.0
2502,23921.542,15895.667,4003.0,3583.48,-5826.0
2503,21831.423,17027.75,3222.0,2366.278,-3040.0
2504,19762.329,17218.25,2970.0,1666.684,-1228.0
2505,18663.834,16611.083,2990.0,1464.356,-959.0
2506,18819.796,16410.25,2769.0,1313.151,-1246.0
2507,18702.009,16273.083,2913.0,1241.531,-1481.0
2508,19126.665,16508.0,2968.0,1302.27,-1665.0
2509,19218.626,16585.333,2927.0,1323.897,-1617.0
2510,19737.22,17301.5,3374.0,1487.325,-1703.0
2511,20144.803,17269.083,3847.0,1888.325,-2215.0
2512,21302.719,17552.167,5006.0,2666.157,-3471.0
2513,20818.602,14844.917,6466.0,4066.29,-5754.0
2514,23824.228,15119.083,7013.0,5086.75,-8012.0
2515,23706.212,14643.5,7027.0,5371.317,-8099.0
2516,23061.926,14459.0,6982.0,5217.531,-7748.0
2517,21515.568,13414.0,6411.0,5106.173,-6787.0
2518,20280.862,12589.0,5664.0,4400.467,-6336.0
2519,19253.828,12203.167,5628.0,4244.266,-5815.0
2520,18597.836,11956.75,5171.0,3871.691,-5321.0
2521,17993.447,11610.083,4850.0,3452.968,-5161.0
2522,17898.175,11156.25,4447.0,3151.53,-5418.0
2523,18299.891,11207.667,4344.0,2887.829,-5929.0
2524,19005.474,11918.333,5219.0,3003.746,-6683.0
2525,21316.271,13501.417,5068.0,3360.459,-6903.0
2526,23590.125,17116.5,3768.0,2953.23,-4669.0
2527,21112.461,17329.417,3328.0,2279.649,-2212.0
2528,20109.704,17128.583,2962.0,1761.725,-1562.0
2529,19433.909,16906.167,2981.0,1558.347,-1331.0
2530,18658.628,16434.917,3063.0,1442.317,-1225.0
2531,18177.201,15766.417,3108.0,1496.389,-1403.0
2532,18373.548,15661.167,3189.0,1596.987,-1685.0
2533,19024.887,16181.583,3512.0,1979.909,-1756.0
2534,19494.409,16524.5,3867.0,2160.514,-2057.0
2535,19879.723,17074.833,4754.0,2635.495,-2304.0
2536,20546.031,16690.833,5455.0,3387.802,-3303.0
2537,21475.218,15622.333,7475.0,4704.49,-6004.0
2538,23505.304,16078.833,8090.0,5895.075,-7002.0
2539,23713.809,15610.0,7835.0,6028.414,-7291.0
2540,23064.757,14244.167,6741.0,5694.195,-7248.0
2541,21926.394,14141.417,6710.0,5011.582,-6864.0
2542,20532.47,13065.083,5684.0,4820.992,-5711.0
2543,19571.58,12455.5,5280.0,4012.685,-5764.0
2544,18592.13,11839.583,4902.0,3437.151,-5598.0
2545,18098.345,11146.5,4383.0,3000.45,-5715.0
2546,18133.644,11416.0,4430.0,2626.249,-5902.0
2547,18327.707,11673.333,4605.0,2709.979,-5930.0
2548,19190.837,11951.0,4693.0,3015.442,-6298.0
2549,20589.485,13017.917,4973.0,2889.174,-7036.0
2550,21321.31,14324.333,4586.0,2800.581,-6163.0
2551,21960.803,15275.5,3884.0,2709.908,-5240.0
2552,22041.697,16702.833,3893.0,2498.469,-4114.0
2553,21379.343,17201.833,3474.0,2333.114,-2699.0
2554,19952.94,16897.167,3704.0,2085.378,-2055.0
2555,20419.978,17843.667,3860.0,2127.916,-1689.0
2556,19104.346,17666.75,3916.0,2075.201,-659.0
2557,19636.827,18246.25,3804.0,2081.182,-494.0
2558,19338.204,17241.5,4056.0,2185.309,-1348.0
2559,20009.056,16993.333,4224.0,2403.328,-2217.0
2560,20458.099,15785.0,5316.0,3145.704,-4224.0
2561,21314.228,14510.167,6077.0,4004.666,-6257.0
2562,23145.625,15038.75,6751.0,4627.48,-7611.0
2563,23454.066,14899.083,6351.0,4911.588,-7375.0
2564,22612.587,14009.5,5740.0,4556.692,-7167.0
2565,21095.531,12659.583,4918.0,3846.552,-6888.0
2566,20201.344,12416.417,4730.0,3127.533,-6768.0
2567,19458.27,11377.75,3846.0,2779.125,-6528.0
2568,18681.442,11269.0,3755.0,2168.047,-6380.0
2569,17884.321,10742.75,3434.0,2037.176,-5919.0
2570,17684.458,10668.0,3389.0,1764.063,-6022.0
2571,17633.954,10431.5,3413.0,1766.059,-6230.0
2572,17963.939,10585.167,3952.0,1937.377,-6774.0
2573,19298.772,11690.333,3676.0,2134.044,-6531.0
2574,20174.438,13169.083,2793.0,1761.96,-5417.0
2575,20171.962,14095.667,2408.0,1206.901,-4658.0
2576,20243.074,16069.333,2414.0,756.345,-3212.0
2577,19167.371,16537.333,2429.0,746.642,-1693.0
2578,18989.964,16722.417,2303.0,722.152,-1229.0
2579,18794.09,16930.417,2223.0,616.278,-851.0
2580,17906.083,16591.333,2385.0,543.355,-537.0
2581,17785.819,16521.583,2449.0,584.841,-509.0
2582,18581.577,16939.583,2574.0,744.598,-852.0
2583,19262.888,17320.667,2908.0,1027.826,-1203.0
2584,19388.074,15726.75,3089.0,1409.929,-2721.0
2585,20527.216,14021.083,4052.0,2638.738,-5300.0
2586,22465.093,13899.583,4506.0,3123.114,-7329.0
2587,22663.456,13193.917,4415.0,3395.144,-7870.0
2588,22351.442,12591.583,3836.0,3088.464,-7888.0
2589,20955.739,11848.667,3565.0,2390.678,-7662.0
2590,20344.815,12090.75,3897.0,2355.67,-7176.0
2591,19207.655,11373.417,3335.0,2512.843,-6037.0
2592,18392.857,11195.5,3475.0,2177.962,-5875.0
2593,17295.21,10150.583,3348.0,2157.231,-5716.0
2594,17812.048,10531.75,3686.0,2031.903,-6315.0
2595,18103.115,10565.583,3264.0,2093.137,-6089.0
2596,17778.145,10683.833,3461.0,1781.917,-6154.0
2597,19056.289,11392.5,2746.0,1637.394,-6153.0
2598,20033.003,14553.833,2272.0,1082.775,-4049.0
2599,17460.999,14674.5,2282.0,591.104,-1858.0
2600,17589.914,14598.25,2130.0,582.269,-1920.0
2601,17444.267,15213.833,2128.0,486.038,-1253.0
2602,16972.458,15468.167,2054.0,346.896,-592.0
2603,16693.991,15947.333,2238.0,373.263,8.0
2604,15781.112,15354.667,2231.0,366.05,328.0
2605,15449.587,15099.417,2128.0,354.775,496.0
2606,16166.708,15211.25,2223.0,427.063,-132.0
2607,16963.557,15333.083,2561.0,709.079,-863.0
2608,19591.173,16700.167,3736.0,1337.612,-2670.0
2609,19587.011,13758.0,3873.0,2268.616,-4814.0
2610,22596.42,14046.667,4354.0,2953.358,-7331.0
2611,22879.338,13910.583,4261.0,3084.36,-7526.0
2612,21444.876,13023.083,4282.0,3157.398,-6927.0
2613,20621.364,12764.083,4170.0,3030.886,-6377.0
2614,19173.935,12498.417,3933.0,2785.124,-5204.0
2615,18235.91,12079.5,3868.0,2472.015,-4933.0
2616,17887.926,12037.667,3545.0,2226.864,-4549.0
2617,17367.219,11863.25,3583.0,1783.574,-4684.0
2618,17607.998,12018.75,3714.0,1864.853,-4819.0
2619,18176.246,12550.417,4030.0,2048.435,-4988.0
2620,19287.381,13013.333,4003.0,2381.653,-5276.0
2621,20235.726,13924.25,4353.0,2705.081,-5340.0
2622,22182.814,16332.5,4074.0,2717.919,-4587.0
2623,21102.228,16178.667,4352.0,2783.166,-3873.0
2624,22708.855,17126.5,4075.0,2600.96,-4437.0
2625,22770.002,18723.583,3906.0,2260.023,-3073.0
2626,21406.259,18156.5,3575.0,2031.364,-2174.0
2627,19854.296,16766.083,3507.0,1866.818,-2109.0
2628,19862.341,16422.75,3498.0,1742.196,-2576.0
2629,19899.356,16418.833,3475.0,1891.128,-2445.0
2630,21728.452,18649.5,3681.0,2245.557,-1895.0
2631,20805.151,18088.917,3807.0,2436.84,-1467.0
2632,20894.319,17042.917,4387.0,2945.007,-2674.0
2633,21186.889,15118.167,5279.0,3998.327,-4730.0
2634,24156.34,15553.833,5881.0,4668.111,-7196.0
2635,24019.802,15577.0,6113.0,4616.407,-7320.0
2636,22915.592,14235.083,5096.0,4531.114,-6626.0
2637,22082.713,13819.417,4674.0,4136.902,-6181.0
2638,20627.476,13000.25,4062.0,3556.831,-5513.0
2639,19764.004,11818.917,3183.0,2802.693,-5706.0
2640,19200.178,11623.417,2943.0,2043.366,-5857.0
2641,18250.93,10894.167,2564.0,1709.369,-5592.0
2642,18584.287,11554.333,2629.0,1431.559,-5608.0
2643,18905.332,11947.0,2685.0,1438.937,-5585.0
2644,19702.071,12155.083,2810.0,1468.592,-6269.0
2645,21586.794,13664.083,2797.0,1581.316,-6519.0
2646,23015.211,17329.667,2997.0,1502.149,-4561.0
2647,21197.974,18096.25,2973.0,1119.329,-2336.0
2648,20018.061,17628.167,2660.0,890.5,-1540.0
2649,19423.358,17284.833,2541.0,798.129,-1262.0
2650,18763.209,17145.667,2708.0,627.148,-1079.0
2651,18862.163,17425.833,2572.0,627.935,-761.0
2652,18749.627,17644.083,2536.0,594.149,-428.0
2653,18430.298,17351.667,2366.0,604.237,-221.0
2654,19122.928,18301.083,2826.0,709.45,-319.0
2655,19875.974,18439.5,2800.0,862.079,-755.0
2656,20126.785,16962.417,2781.0,1080.973,-2245.0
2657,21657.041,14654.083,3803.0,2405.563,-5781.0
2658,23568.723,14292.25,4244.0,2829.078,-8072.0
2659,24177.022,14053.167,4125.0,2971.461,-8658.0
2660,22961.349,12833.0,3366.0,2495.954,-8379.0
2661,22084.599,12135.417,3160.0,2212.788,-8277.0
2662,20448.457,11429.833,3315.0,2045.229,-7669.0
2663,20194.346,11510.167,3466.0,2484.785,-7046.0
2664,19495.533,10741.25,2473.0,1543.888,-7064.0
2665,18563.908,10875.25,2772.0,1039.263,-6802.0
2666,18633.625,10812.167,2847.0,953.063,-7096.0
2667,18300.397,9516.167,2680.0,1236.835,-7608.0
2668,20210.285,10131.0,3364.0,1964.89,-8859.0
2669,21974.773,11760.417,3365.0,1947.961,-9012.0
2670,23912.098,15907.667,2795.0,1530.036,-6650.0
2671,20622.505,16554.25,3176.0,1259.86,-3365.0
2672,20367.198,16799.833,3149.0,1202.97,-2894.0
2673,19551.287,16912.667,3156.0,1136.226,-2039.0
2674,19555.594,17141.75,2943.0,1135.449,-1602.0
2675,20144.028,17566.0,2707.0,996.633,-1669.0
2676,20690.707,18390.25,2651.0,921.062,-1411.0
2677,20446.392,19022.583,3177.0,842.413,-1139.0
2678,21319.632,19649.167,3391.0,1185.07,-1257.0
2679,22191.261,19838.0,3354.0,1268.866,-1819.0
2680,22563.61,18330.5,3773.0,1708.715,-3678.0
2681,23495.9,15890.333,4873.0,2819.172,-7040.0
2682,25025.577,15690.083,5554.0,3743.098,-8527.0
2683,25072.933,15485.833,6187.0,4446.705,-8708.0
2684,24000.798,14275.167,5917.0,4734.237,-8289.0
2685,22746.921,14011.917,6087.0,4506.61,-7696.0
2686,21710.631,13155.083,4945.0,4221.153,-6660.0
2687,20232.252,12625.667,4749.0,3337.19,-6399.0
2688,19580.039,11902.417,4352.0,2933.227,-6477.0
2689,18895.196,11245.667,3876.0,2514.135,-6392.0
2690,19225.767,11467.833,3874.0,2160.538,-6852.0
2691,19797.903,11944.417,3747.0,2265.091,-6716.0
2692,19640.741,11926.083,3761.0,2390.262,-6466.0
2693,22203.318,13255.0,3022.0,2254.923,-7096.0
2694,23181.114,16625.583,2547.0,1598.136,-4885.0
2695,21894.204,18240.0,2640.0,982.809,-2692.0
2696,21189.942,18482.417,2424.0,919.13,-1593.0
2697,20547.33,18489.417,2449.0,769.518,-1118.0
2698,20940.988,19153.583,2527.0,719.009,-976.0
2699,21230.502,19523.75,2618.0,772.357,-933.0
2700,22005.636,20030.75,2685.0,768.491,-1272.0
2701,22337.929,20526.083,3089.0,838.451,-1443.0
2702,23562.185,21333.083,3758.0,1281.707,-2086.0
2703,24152.745,20586.333,3716.0,1915.017,-2748.0
2704,24302.418,19388.333,5007.0,2682.689,-4619.0
2705,24684.129,17115.333,6627.0,4244.401,-7332.0
2706,27051.957,16934.333,7038.0,5568.228,-8968.0
2707,27106.624,16702.667,6955.0,5548.563,-9191.0
2708,25530.472,15700.5,6207.0,5395.577,-8022.0
2709,23368.71,14625.417,5994.0,4427.898,-7690.0
2710,22131.339,13933.083,5604.0,4458.861,-6724.0
2711,21366.291,13503.167,5238.0,4441.729,-6040.0
2712,20143.012,12949.417,4972.0,3870.2,-5676.0
2713,19251.271,12548.167,4893.0,3603.709,-5373.0
2714,18754.633,11987.833,4745.0,3353.404,-5539.0
2715,19437.85,11624.5,4241.0,3363.955,-6071.0
2716,20025.653,11565.583,4187.0,2921.675,-7106.0
2717,21699.825,13065.417,4198.0,2762.013,-7451.0
2718,23301.28,15920.25,3115.0,2434.635,-5442.0
2719,22016.989,17174.75,2992.0,1544.844,-3670.0
2720,21835.616,18053.5,2867.0,1061.721,-2968.0
2721,21499.399,18253.833,2858.0,979.171,-2505.0
2722,22243.994,18837.667,3032.0,1289.933,-2529.0
2723,23015.511,19607.75,3715.0,1769.366,-2734.0
2724,24733.803,20695.083,4416.0,2773.325,-3062.0
2725,25045.822,20715.5,4917.0,3184.927,-3443.0
2726,26595.053,21639.0,6339.0,4322.658,-4353.0
2727,28557.184,22865.167,6882.0,5042.623,-4912.0
2728,28031.81,21859.0,7912.0,5480.415,-5985.0
2729,28026.4,20320.75,10439.0,7916.255,-7609.0
2730,29693.835,20290.583,10902.0,9100.857,-8585.0
2731,29418.777,19196.25,9826.0,8993.132,-8436.0
2732,27956.482,17961.167,8914.0,8267.921,-8022.0
2733,25969.368,16039.75,7343.0,7459.223,-7194.0
2734,23918.897,14021.833,6734.0,6625.669,-7386.0
2735,22742.018,13335.25,6292.0,5543.373,-7536.0
2736,21267.334,13282.583,6033.0,5011.355,-6387.0
2737,20293.718,12512.75,5388.0,4477.573,-6072.0
2738,19295.172,12199.417,5407.0,4075.36,-5808.0
2739,19338.273,11726.5,5160.0,4079.378,-6073.0
2740,19233.196,11166.0,5040.0,3868.801,-6619.0
2741,20507.813,12078.333,4429.0,3529.085,-6710.0
2742,22118.507,15178.75,3136.0,2703.362,-4753.0
2743,20916.495,16576.833,2895.0,1504.267,-3111.0
2744,20291.668,17130.917,2718.0,1090.356,-2169.0
2745,20526.829,17072.667,2473.0,978.767,-2329.0
2746,21338.811,17422.583,2397.0,863.833,-2830.0
2747,21888.815,17549.833,2536.0,913.587,-3342.0
2748,23540.098,18723.333,3586.0,1536.37,-4247.0
2749,24545.052,19802.5,4776.0,2332.157,-4567.0
2750,26258.535,20597.75,5564.0,3585.39,-5020.0
2751,28282.033,21500.167,6276.0,5043.471,-5395.0
2752,28272.336,21169.25,7937.0,6128.691,-6292.0
2753,28401.958,19768.833,9896.0,8134.73,-7775.0
2754,29358.784,19128.333,9591.0,8661.056,-8541.0
2755,28798.531,17504.083,8112.0,8414.053,-8373.0
2756,26960.098,16649.75,7903.0,7021.953,-8572.0
2757,25044.11,14759.583,6803.0,6652.131,-7816.0
2758,23727.976,13319.333,5686.0,5986.247,-7489.0
2759,22115.033,12316.417,4409.0,4132.222,-7456.0
2760,20787.09,11453.583,3454.0,3177.111,-6991.0
2761,19615.953,10879.833,3716.0,2580.725,-7252.0
2762,19665.039,10871.0,3252.0,2443.644,-6983.0
2763,19559.646,11059.0,2798.0,2024.251,-6655.0
2764,18374.222,10078.25,2618.0,1496.577,-6798.0
2765,19432.95,10649.5,2137.0,1325.055,-6976.0
2766,20767.621,14634.417,2246.0,741.809,-5018.0
2767,19437.223,15915.0,2289.0,694.828,-2497.0
2768,19097.39,16594.167,2315.0,694.828,-1504.0
2769,18984.306,17267.083,2195.0,694.828,-598.0
2770,19538.504,17921.417,2161.0,601.692,-557.0
2771,19839.811,18326.667,2286.0,581.749,-598.0
2772,21370.132,19240.083,2208.0,620.654,-1098.0
2773,22162.184,20279.25,3183.0,741.539,-1705.0
2774,23297.489,21456.5,4248.0,1492.594,-1977.0
2775,24108.671,20913.583,5022.0,2884.692,-2713.0
2776,25587.494,19545.917,5582.0,4142.183,-4862.0
2777,25852.791,18156.417,7110.0,5322.98,-6864.0
2778,26739.271,17402.5,7359.0,6173.376,-7903.0
2779,26793.848,16624.417,6731.0,6177.036,-8104.0
2780,25296.219,15791.917,6154.0,5375.907,-7663.0
2781,23752.224,14302.583,5060.0,4927.246,-6963.0
2782,21987.385,13384.417,4613.0,4037.574,-6559.0
2783,20581.552,11942.333,3619.0,2933.824,-6705.0
2784,19807.923,11676.25,3324.0,1999.278,-6837.0
2785,19404.425,11457.833,3008.0,1506.197,-6829.0
2786,19207.041,11900.75,2984.0,1359.896,-6311.0
2787,19632.433,12492.083,3068.0,1372.955,-6216.0
2788,20138.602,12610.0,2996.0,1396.207,-6509.0
2789,21771.384,14320.917,2902.0,1371.072,-6362.0
2790,23152.554,18524.25,3143.0,1264.909,-3887.0
2791,21081.192,18673.667,3257.0,1225.131,-1820.0
2792,21152.85,19304.75,3395.0,1178.705,-1445.0
2793,21042.115,19027.25,3127.0,1229.47,-1293.0
2794,21522.276,20072.583,3296.0,1149.298,-977.0
2795,21699.76,20661.417,3366.0,1196.948,-588.0
2796,22541.586,21347.167,3475.0,1320.024,-730.0
2797,23464.816,22350.333,3964.0,1631.088,-828.0
2798,23542.024,22822.333,5167.0,2094.296,-1173.0
2799,25208.171,22571.833,5386.0,2876.943,-2526.0
2800,25745.171,20553.083,6277.0,3703.693,-5146.0
2801,26539.679,19151.25,7515.0,5502.035,-6782.0
2802,27617.171,18848.0,8001.0,6413.776,-7737.0
2803,27609.932,17769.583,7338.0,6516.954,-8042.0
2804,26578.99,16372.583,6581.0,5845.011,-8323.0
2805,24986.651,14707.167,5222.0,4890.089,-7992.0
2806,23124.307,13582.75,4547.0,3960.162,-7509.0
2807,21639.253,12893.75,4048.0,3098.108,-7076.0
2808,20259.504,12693.333,4266.0,2450.776,-6762.0
2809,19497.876,12298.417,4535.0,2283.065,-6832.0
2810,19713.047,12126.25,4311.0,2215.402,-7063.0
2811,19797.492,12372.417,4670.0,2214.681,-7261.0
2812,20131.036,11240.583,4225.0,2513.057,-7983.0
2813,22352.11,13388.583,4912.0,2709.131,-8547.0
2814,24013.975,16584.5,4021.0,2429.08,-6402.0
2815,22584.058,18348.917,4420.0,1871.746,-4164.0
2816,22119.665,18790.917,4123.0,1947.354,-2885.0
2817,22200.516,19145.083,3961.0,1909.037,-2488.0
2818,22185.258,19577.833,4385.0,1965.029,-2408.0
2819,23025.639,20173.583,5078.0,2376.661,-2934.0
2820,24250.517,21218.167,6203.0,2914.955,-3701.0
2821,25224.647,22573.0,7561.0,3861.252,-3732.0
2822,26134.937,23075.083,8363.0,4780.458,-4023.0
2823,28139.35,23103.583,8374.0,5978.372,-4812.0
2824,28359.895,23121.75,10236.0,6861.75,-5993.0
2825,27931.147,20748.417,11755.0,8886.335,-7432.0
2826,29274.718,20203.0,11870.0,9695.323,-8627.0
2827,28695.508,18849.917,10970.0,9512.196,-8684.0
2828,27290.823,17443.917,9814.0,8656.511,-8385.0
2829,25338.67,15025.75,8070.0,7547.525,-8216.0
2830,23752.222,13908.417,6927.0,6116.41,-8035.0
2831,22119.685,12707.75,5853.0,4837.54,-7808.0
2832,21139.431,11755.833,5228.0,4185.203,-7807.0
2833,20627.603,11182.583,4870.0,3585.624,-8110.0
2834,20321.822,11354.417,4786.0,3160.01,-7974.0
2835,20683.413,11691.0,4745.0,3131.018,-7987.0
2836,21105.147,12252.917,5194.0,3161.835,-8265.0
2837,23273.527,13600.667,4413.0,3226.465,-8240.0
2838,24469.836,17078.667,4341.0,2623.774,-6489.0
2839,23807.46,18284.333,4165.0,2236.732,-4832.0
2840,23358.113,19222.917,4242.0,2223.801,-3534.0
2841,23473.338,19675.5,4119.0,2108.443,-3189.0
2842,24132.972,19952.25,3862.0,2230.327,-3193.0
2843,23823.251,20156.583,4404.0,2358.272,-3093.0
2844,24888.27,20595.583,5008.0,2787.292,-3894.0
2845,25173.33,21037.75,5904.0,3150.185,-4270.0
2846,23831.082,20062.667,7456.0,3864.02,-4741.0
2847,27870.648,21090.167,7793.0,5458.087,-6496.0
2848,26224.389,20453.167,8222.0,5987.828,-5386.0
2849,26294.11,19333.833,9167.0,7188.881,-6319.0
2850,27233.892,19074.917,8768.0,6883.58,-7424.0
2851,27122.59,17919.75,7854.0,6694.445,-7743.0
2852,26319.996,16781.0,7249.0,6529.601,-7639.0
2853,24721.101,15289.0,6094.0,5323.707,-7583.0
2854,23051.414,14383.167,5138.0,3890.852,-7296.0
2855,22276.879,13773.0,4319.0,3250.484,-6953.0
2856,21501.347,13113.75,3488.0,2493.202,-6763.0
2857,20534.517,12638.917,3064.0,1639.205,-6701.0
2858,20134.162,12757.583,3183.0,1288.184,-6652.0
2859,21011.761,13144.583,3061.0,1312.783,-6996.0
2860,21180.689,13316.833,3239.0,1365.461,-7118.0
2861,22504.53,14468.833,3268.0,1468.302,-7216.0
2862,24069.412,17174.333,2726.0,1463.684,-5538.0
2863,23112.043,18621.667,3152.0,1267.981,-3755.0
2864,21988.368,18708.0,3139.0,1130.973,-2669.0
2865,20988.193,18590.667,3235.0,1205.131,-1808.0
2866,20972.36,18460.75,3231.0,1282.215,-1841.0
2867,22117.033,19848.667,3317.0,1327.972,-1638.0
2868,22212.507,20129.0,3248.0,1332.112,-1380.0
2869,23261.36,21427.167,3484.0,1358.799,-1340.0
2870,23903.278,21082.167,3650.0,1462.717,-2389.0
2871,24830.474,22323.583,5363.0,1939.496,-3311.0
2872,25063.703,21719.0,6158.0,3283.308,-3600.0
2873,24582.723,17926.667,6166.0,4049.662,-6153.0
2874,27065.342,18211.25,7173.0,4970.697,-8437.0
2875,26569.83,16907.667,6517.0,5080.768,-8479.0
2876,25383.793,15785.583,5927.0,4321.815,-8584.0
2877,24225.719,15137.833,5545.0,3850.491,-8163.0
2878,22338.907,14243.583,5214.0,3256.928,-7433.0
2879,21914.953,12675.167,3555.0,2795.391,-7380.0
2880,20651.838,12139.333,3321.0,1715.11,-7499.0
2881,20705.195,11385.5,2593.0,1499.3,-7794.0
2882,20112.653,11552.5,2726.0,832.758,-7834.0
2883,20203.913,11731.583,2875.0,1012.935,-7715.0
2884,20876.059,12095.583,3204.0,1196.08,-8169.0
2885,23319.554,14899.0,3304.0,1331.159,-7774.0
2886,23480.598,17791.25,3164.0,1165.953,-5068.0
2887,22753.329,19471.583,3247.0,1081.35,-2828.0
2888,21349.813,18845.333,3305.0,1234.084,-1956.0
2889,20294.671,16519.417,3386.0,1719.86,-2822.0
2890,20657.929,16664.583,3313.0,1757.951,-2929.0
2891,21165.501,17677.583,3613.0,1343.522,-3138.0
2892,21927.332,18641.25,3749.0,1762.687,-2653.0
2893,23821.248,19920.083,2868.0,1831.769,-2318.0
2894,23176.705,21427.667,3131.0,1308.644,-952.0
2895,23254.54,22043.833,3987.0,1369.311,-1209.0
2896,23597.055,20226.917,4531.0,2069.743,-3212.0
2897,23801.796,17401.25,5544.0,3129.151,-6196.0
2898,25753.01,17447.667,6098.0,3887.948,-7896.0
2899,25418.068,16815.333,6066.0,3900.339,-8149.0
2900,24475.602,15442.583,5389.0,3655.623,-8147.0
2901,23431.493,15344.75,5555.0,3103.348,-7919.0
2902,22298.033,13409.083,3559.0,2544.555,-7284.0
2903,21289.573,12756.917,3225.0,1451.262,-7687.0
2904,20556.85,12633.417,3107.0,1275.038,-7136.0
2905,19999.731,12523.583,2977.0,1204.753,-6629.0
2906,19087.638,12230.0,3125.0,1017.243,-6346.0
2907,19742.732,12451.75,3004.0,1068.587,-6607.0
2908,19502.303,12516.167,3080.0,1068.742,-6378.0
2909,20851.033,14386.25,2764.0,1029.388,-5580.0
2910,19443.92,16273.583,2775.0,865.942,-2460.0
2911,19361.3,17292.75,2874.0,847.155,-1476.0
2912,19040.785,17653.0,2764.0,846.39,-686.0
2913,18835.452,17944.667,2631.0,846.39,-56.0
2914,18764.566,17943.917,2571.0,753.255,-19.0
2915,19143.717,18703.0,2562.0,697.322,314.0
2916,19662.384,18945.667,2262.0,697.322,338.0
2917,20573.756,20131.417,2468.0,627.944,337.0
2918,20818.452,20285.167,2669.0,604.89,22.0
2919,22272.82,20643.0,2894.0,833.425,-1071.0
2920,22245.294,19043.25,3145.0,1092.649,-2635.0
2921,22634.661,15688.833,4058.0,2231.433,-6153.0
2922,24851.695,15462.333,4829.0,2799.967,-8799.0
2923,24844.381,15044.417,4839.0,3012.57,-9007.0
2924,23611.034,13392.417,4093.0,2938.222,-8754.0
2925,23534.332,13261.417,3821.0,2580.52,-8894.0
2926,21791.471,12921.667,3386.0,2090.409,-7546.0
2927,20627.661,12188.583,3204.0,1749.683,-7274.0
2928,19678.025,11617.917,2937.0,1379.713,-6998.0
2929,19323.54,11032.333,2628.0,1181.812,-7118.0
2930,19062.422,10829.833,2642.0,1019.194,-7236.0
2931,18926.965,10771.75,2640.0,923.82,-7252.0
2932,18583.043,10415.083,2785.0,1052.565,-7281.0
2933,19811.009,12145.833,2499.0,1037.781,-6507.0
2934,18904.129,13763.833,2224.0,788.901,-3956.0
2935,17779.702,13912.917,2430.0,846.39,-2831.0
2936,17719.119,14809.333,2361.0,846.39,-1805.0
2937,17461.566,16073.917,2336.0,753.255,-351.0
2938,17077.977,16420.75,2395.0,697.832,265.0
2939,17207.55,16624.833,2331.0,697.322,403.0
2940,17812.3,17327.583,2336.0,697.322,496.0
2941,18218.785,17475.833,2326.0,696.557,247.0
2942,20104.17,18556.167,2246.0,730.609,-444.0
2943,21796.66,19760.417,2459.0,749.848,-1126.0
2944,21188.438,18253.417,2858.0,984.626,-2189.0
2945,21503.987,14634.083,3667.0,2004.509,-5913.0
2946,23828.147,14082.917,4552.0,2959.835,-8718.0
2947,24239.635,13656.917,4745.0,3226.323,-9482.0
2948,24470.542,13954.083,4476.0,3322.063,-9051.0
2949,22438.862,12228.333,3019.0,2687.133,-7923.0
2950,21097.999,12307.417,3592.0,1939.187,-7824.0
2951,20655.238,11964.75,2999.0,1901.093,-7169.0
2952,19698.651,11523.417,2412.0,1400.839,-6567.0
2953,19135.471,11600.667,2486.0,958.41,-6443.0
2954,19195.978,12010.0,2500.0,960.583,-6106.0
2955,19176.207,11961.25,2686.0,1077.562,-6204.0
2956,19827.431,11746.667,3094.0,1347.37,-7208.0
2957,22211.006,13606.833,3011.0,1408.777,-7587.0
2958,23166.767,16518.167,2803.0,1303.205,-5529.0
2959,22007.874,17080.333,2681.0,1272.146,-3717.0
2960,21524.705,17536.833,2602.0,1255.477,-2715.0
2961,21425.702,17887.167,2361.0,1150.141,-2130.0
2962,21172.511,18454.417,2964.0,1235.699,-1827.0
2963,21463.467,18626.417,3149.0,1464.655,-1902.0
2964,22493.816,19086.417,3157.0,1513.005,-2432.0
2965,23006.04,19244.25,3213.0,1502.395,-2853.0
2966,24624.609,20184.667,3870.0,1980.547,-3710.0
2967,25473.369,20823.5,4690.0,2644.474,-4076.0
2968,25721.842,20128.667,6227.0,3891.781,-5309.0
2969,26613.78,19029.167,8427.0,6040.219,-7352.0
2970,27512.734,18533.75,8653.0,7099.589,-7913.0
2971,27533.083,17453.75,7942.0,7026.938,-8375.0
2972,26350.281,15043.5,6311.0,6236.386,-8762.0
2973,24590.557,13006.667,5291.0,4880.496,-9375.0
2974,22591.248,11094.917,4633.0,4005.937,-9504.0
2975,22238.665,10631.417,4121.0,3468.853,-9640.0
2976,21457.873,10287.167,3258.0,2798.311,-9011.0
2977,20111.369,9975.583,3279.0,2107.39,-8688.0
2978,20081.058,10035.25,3326.0,2092.413,-8660.0
2979,20526.158,10537.25,3421.0,2252.513,-8538.0
2980,21079.298,10950.333,3778.0,2397.57,-8890.0
2981,23230.006,13510.167,3879.0,2407.444,-8572.0
2982,24238.151,16832.917,3297.0,2106.839,-5976.0
2983,22722.417,18261.167,3404.0,1580.856,-3665.0
2984,22267.348,19078.833,3734.0,1687.119,-2616.0
2985,22197.124,19207.833,3580.0,1877.895,-2072.0
2986,22385.819,19415.25,3723.0,1859.174,-2215.0
2987,23362.172,19899.333,4246.0,2232.444,-2857.0
2988,24426.605,20491.25,4601.0,2310.96,-3606.0
2989,25463.412,21211.25,5072.0,2557.767,-4147.0
2990,26923.292,22240.167,5558.0,3348.73,-4273.0
2991,28132.748,22527.083,5925.0,3849.27,-5062.0
2992,28695.478,22703.417,7524.0,4855.666,-6041.0
2993,27332.123,20503.833,8893.0,6094.895,-7007.0
2994,28763.629,19608.917,8434.0,6377.318,-8592.0
2995,28501.697,18502.917,7640.0,5952.386,-9067.0
2996,27185.122,15917.333,5678.0,5363.393,-8963.0
2997,25391.257,14580.75,4685.0,3493.112,-9383.0
2998,23421.917,12866.0,3422.0,2690.522,-8668.0
2999,22306.951,12247.0,3188.0,1752.556,-8876.0
3000,21342.056,11190.417,2628.0,1210.245,-8950.0
3001,20952.014,10451.25,2166.0,1052.369,-8995.0
3002,20841.079,10695.417,2254.0,809.267,-8971.0
3003,21126.354,11034.667,2367.0,776.293,-9063.0
3004,21408.568,10745.333,2407.0,1082.84,-9368.0
3005,23294.769,12741.167,2369.0,1151.208,-9152.0
3006,25194.222,16763.583,2652.0,967.244,-7496.0
3007,22920.64,17444.333,2692.0,992.911,-4556.0
3008,22985.069,18639.25,2898.0,1041.424,-3583.0
3009,23403.817,19781.333,3037.0,1139.089,-2901.0
3010,23606.417,20562.417,3126.0,1276.605,-2274.0
3011,24032.194,21001.917,3641.0,1783.883,-2268.0
3012,25720.699,22087.917,4462.0,2071.387,-3404.0
3013,26222.958,22086.5,4850.0,2547.063,-3820.0
3014,28052.779,22401.833,5417.0,3030.551,-5418.0
3015,29178.316,22728.667,6522.0,3542.254,-6810.0
3016,29754.86,21649.25,7422.0,4700.215,-8208.0
3017,29662.489,20384.333,9040.0,6640.761,-9058.0
3018,30040.361,19685.583,9157.0,6930.382,-9962.0
3019,29427.766,18434.083,8550.0,6902.288,-10022.0
3020,28065.505,16443.833,7335.0,6422.277,-9915.0
3021,25750.561,14509.667,6016.0,5145.499,-9492.0
3022,23989.132,12860.833,4711.0,3928.903,-9291.0
3023,22533.117,11483.833,3868.0,2733.889,-9564.0
3024,20949.403,10308.917,3317.0,1664.091,-9674.0
3025,20446.444,9937.167,3486.0,1554.882,-9821.0
3026,20168.9,9934.333,3788.0,1877.172,-9526.0
3027,20372.705,9839.667,3778.0,2008.644,-9683.0
3028,21027.534,9827.417,3799.0,2089.722,-10290.0
3029,23000.817,11684.25,3444.0,1698.172,-10443.0
3030,24734.792,15566.0,3346.0,1694.397,-8201.0
3031,24094.19,17786.667,3538.0,1644.128,-5582.0
3032,23399.726,18535.583,3466.0,1872.748,-3838.0
3033,23934.12,19647.917,3877.0,2062.808,-3481.0
3034,24757.386,20728.833,4648.0,2435.158,-3622.0
3035,25769.097,21052.167,5106.0,3123.535,-4080.0
3036,27215.79,21339.0,5713.0,3474.396,-5496.0
3037,28817.397,21887.417,6336.0,4341.585,-6305.0
3038,30591.153,22407.167,6758.0,4996.591,-7326.0
3039,30930.664,23468.417,8329.0,5531.852,-7640.0
3040,30903.909,23000.833,9891.0,6908.681,-8266.0
3041,29887.549,21141.583,11621.0,8198.571,-9549.0
3042,30659.841,20134.667,11028.0,8921.779,-10012.0
3043,29838.329,18033.083,9581.0,8243.851,-10523.0
3044,28072.907,15577.083,8010.0,7120.429,-10766.0
3045,26253.14,14177.75,7328.0,5885.995,-10898.0
3046,24404.721,12686.917,6040.0,5011.41,-10127.0
3047,23057.868,11075.583,4592.0,3864.89,-10090.0
3048,22051.251,10309.75,4057.0,2712.106,-10467.0
3049,21151.307,9609.25,3504.0,2345.662,-10081.0
3050,21272.633,9722.333,3471.0,2253.905,-10148.0
3051,21089.594,9885.083,3716.0,2231.116,-10070.0
3052,21742.422,9897.0,3936.0,2709.027,-10453.0
3053,23991.775,12741.25,4343.0,2611.13,-10363.0
3054,24989.958,16478.583,4185.0,2495.979,-7581.0
3055,23973.551,17534.917,3776.0,2513.239,-5082.0
3056,24030.36,18942.167,3876.0,1972.798,-4372.0
3057,24106.441,19163.25,3739.0,2037.796,-4025.0
3058,24806.809,19534.917,3941.0,1987.497,-4606.0
3059,26082.176,20391.417,4695.0,2620.364,-5146.0
3060,27135.363,20970.917,5557.0,3326.051,-5776.0
3061,29396.258,22198.0,5872.0,3998.864,-6452.0
3062,30373.624,23181.333,6232.0,4198.896,-6606.0
3063,30075.261,23159.333,7227.0,4822.533,-6701.0
3064,30007.706,22820.833,8834.0,5658.478,-7743.0
3065,29209.691,20852.833,11331.0,8385.462,-8683.0
3066,30079.706,20327.0,11552.0,9345.311,-9340.0
3067,29905.672,19109.333,10269.0,8832.943,-9613.0
3068,28494.432,17309.083,8968.0,8116.954,-9417.0
3069,26951.584,15215.083,7124.0,6718.106,-9523.0
3070,24584.864,12876.75,5472.0,4975.719,-9585.0
3071,22952.411,12089.083,4892.0,3411.933,-9724.0
3072,21599.308,11045.417,4250.0,2723.496,-9461.0
3073,20987.248,10432.667,3920.0,2115.186,-9740.0
3074,20679.393,9984.083,3481.0,1838.915,-9718.0
3075,20690.975,9788.333,3434.0,1845.247,-9872.0
3076,21011.647,10073.917,3526.0,1862.335,-9982.0
3077,22189.902,11597.0,2689.0,1694.507,-8968.0
3078,22344.139,15059.25,2849.0,1088.494,-6426.0
3079,21744.977,16750.5,2821.0,976.082,-4220.0
3080,20913.435,16890.417,2554.0,960.623,-2997.0
3081,20906.872,17516.167,2588.0,839.31,-2520.0
3082,20915.135,17790.333,2765.0,843.407,-2427.0
3083,21794.989,18289.917,2835.0,981.677,-2739.0
3084,22930.624,18788.0,2937.0,989.229,-3471.0
3085,23932.869,19178.833,3288.0,1211.641,-4211.0
3086,25338.972,20274.583,4190.0,1630.994,-5004.0
3087,26396.58,20621.917,4989.0,2289.268,-5855.0
3088,26746.495,20085.5,6711.0,3688.6,-7064.0
3089,26702.569,19168.833,8891.0,5710.341,-8095.0
3090,27154.949,18548.917,9444.0,6869.638,-8561.0
3091,27497.145,17377.917,8227.0,6658.833,-9068.0
3092,25898.13,15354.667,7105.0,5691.069,-9338.0
3093,24765.257,14038.083,6156.0,4889.779,-9374.0
3094,23058.624,12406.917,5200.0,4061.312,-9171.0
3095,21922.135,11573.417,4487.0,3278.323,-8938.0
3096,20586.883,10572.25,3842.0,2597.238,-8640.0
3097,19891.396,10354.917,3862.0,2166.085,-8613.0
3098,19332.829,9592.833,3311.0,1674.601,-8757.0
3099,19698.416,9696.667,3432.0,1823.355,-8991.0
3100,20180.067,10001.417,3474.0,1933.255,-9100.0
3101,21000.096,11393.5,2607.0,1554.201,-8040.0
3102,21374.171,15235.75,2796.0,990.026,-5325.0
3103,20067.644,17006.667,2788.0,866.583,-2363.0
3104,20008.777,17817.583,2558.0,817.798,-1312.0
3105,19501.596,18029.083,2595.0,695.118,-753.0
3106,19236.44,18124.333,2641.0,620.711,-513.0
3107,19727.091,18636.75,2507.0,619.946,-358.0
3108,19419.998,18682.167,2560.0,619.436,-59.0
3109,20100.453,18867.833,2593.0,627.225,-579.0
3110,20828.203,18867.0,3186.0,887.808,-1640.0
3111,22186.052,18697.0,3718.0,1346.657,-3241.0
3112,23250.495,18400.75,4415.0,1881.35,-4764.0
3113,23074.343,15550.25,5120.0,2688.698,-7336.0
3114,24797.029,15184.5,5916.0,3712.134,-9197.0
3115,24801.82,14679.167,5830.0,4007.259,-9326.0
3116,24072.08,13674.167,5488.0,3786.518,-9480.0
3117,23283.521,13083.917,4943.0,3294.209,-9229.0
3118,21735.385,12011.667,3856.0,2551.324,-8409.0
3119,20652.743,11293.25,3420.0,2280.098,-7880.0
3120,19749.343,10720.667,3122.0,1785.281,-7746.0
3121,19227.39,9950.583,2902.0,1475.411,-8084.0
3122,19128.675,9669.25,3119.0,1434.03,-8525.0
3123,20133.624,10069.583,3312.0,1665.646,-9091.0
3124,20902.624,10540.917,3650.0,1969.312,-9423.0
3125,23059.096,12706.333,3479.0,2073.368,-9139.0
3126,24622.702,17642.25,3884.0,1939.057,-6306.0
3127,23168.018,18776.917,3447.0,1906.706,-3312.0
3128,22140.676,17958.417,2758.0,1385.865,-2935.0
3129,21994.325,18611.5,2741.0,924.43,-2580.0
3130,22194.372,19398.833,2922.0,927.143,-2171.0
3131,22903.441,20767.917,3006.0,893.13,-1629.0
3132,22679.518,20960.167,3044.0,956.956,-1187.0
3133,23187.433,20550.583,3004.0,1038.454,-1983.0
3134,23938.212,20538.0,3124.0,946.817,-2958.0
3135,24366.585,20648.75,3705.0,1290.44,-3513.0
3136,24670.856,19469.333,4691.0,2237.128,-5036.0
3137,24388.484,17026.0,6433.0,3588.089,-7588.0
3138,25618.753,16250.917,7107.0,4907.442,-8948.0
3139,26170.313,15972.5,6926.0,5236.418,-9268.0
3140,25253.063,14964.833,6274.0,5014.835,-8928.0
3141,23235.948,13394.583,5177.0,4057.97,-8341.0
3142,21561.957,12538.25,4815.0,3287.312,-7932.0
3143,20780.919,11164.417,4004.0,2690.107,-8311.0
3144,20016.888,10488.083,3637.0,2095.409,-8451.0
3145,19644.493,10099.667,3627.0,1911.431,-8641.0
3146,19558.917,10096.417,3578.0,1838.106,-8583.0
3147,20359.641,10741.0,3679.0,1819.247,-8859.0
3148,20999.122,11573.0,3900.0,1891.727,-8815.0
3149,22692.343,13826.917,3765.0,2022.031,-7989.0
3150,23540.221,16742.917,4088.0,2098.909,-6167.0
3151,23206.565,17886.917,3809.0,2076.253,-4433.0
3152,23103.575,18606.0,3228.0,1725.18,-3381.0
3153,22236.454,19034.417,2917.0,1261.643,-2238.0
3154,21582.354,18997.5,2927.0,931.459,-1961.0
3155,21912.174,19140.917,3101.0,907.863,-2345.0
3156,21893.671,18856.167,2804.0,929.11,-2293.0
3157,21877.043,19235.083,2869.0,796.565,-2095.0
3158,22340.361,19175.25,2982.0,913.716,-2614.0
3159,22487.841,18750.0,3314.0,1127.446,-3305.0
3160,22746.223,17787.667,3790.0,1742.161,-4387.0
3161,23742.136,15946.5,4554.0,2933.241,-6797.0
3162,24919.818,15106.583,5480.0,3698.839,-8975.0
3163,25732.073,14710.0,5455.0,4051.678,-9806.0
3164,24863.14,13683.083,4854.0,3902.662,-9512.0
3165,23248.364,12167.667,4342.0,3182.302,-9621.0
3166,21722.438,11105.75,3957.0,2436.293,-9518.0
3167,21348.816,10685.917,3487.0,2058.504,-9472.0
3168,20451.903,9898.417,2636.0,1359.092,-9211.0
3169,19872.702,9927.667,2518.0,758.64,-9085.0
3170,19733.886,10052.917,2489.0,714.575,-8836.0
3171,20152.11,10539.333,2725.0,866.382,-8852.0
3172,21233.414,11470.417,2981.0,1077.602,-9047.0
3173,22964.622,14174.167,2751.0,1126.06,-7796.0
3174,23516.517,17432.0,2806.0,1087.122,-5184.0
3175,21859.518,17959.333,3035.0,1020.789,-3295.0
3176,21305.767,17948.75,3100.0,1067.622,-2770.0
3177,21868.528,17981.583,2776.0,1082.549,-2961.0
3178,21171.873,17859.5,2898.0,914.978,-2676.0
3179,21998.207,18480.667,2560.0,898.145,-2560.0
3180,22497.401,19234.25,2655.0,874.756,-2424.0
3181,21930.41,18949.167,2669.0,787.849,-2243.0
3182,22555.408,18706.667,2383.0,813.347,-2799.0
3183,23072.536,19249.917,2865.0,858.224,-3210.0
3184,23222.033,17458.333,2744.0,1369.304,-4519.0
3185,23751.894,14904.75,3809.0,2288.749,-7748.0
3186,25453.39,15154.5,5396.0,3431.495,-9644.0
3187,25561.565,14216.75,5093.0,3720.42,-10098.0
3188,24716.955,13053.75,4571.0,3374.81,-10240.0
3189,23379.891,11525.917,3895.0,3104.579,-10025.0
3190,22486.267,11405.833,3945.0,2720.038,-9686.0
3191,21079.482,10380.833,3314.0,2329.254,-9064.0
3192,20456.102,10081.5,3169.0,1776.208,-9148.0
3193,20099.622,9724.083,2857.0,1603.144,-9010.0
3194,19666.416,9730.417,2852.0,1230.605,-8938.0
3195,20342.09,10006.667,2798.0,1255.029,-9259.0
3196,21350.675,10773.083,3239.0,1447.197,-9750.0
3197,23250.462,13043.333,2847.0,1610.734,-8824.0
3198,23277.933,15326.667,2535.0,1132.872,-6734.0
3199,23382.168,17612.167,2819.0,969.606,-5000.0
3200,22637.539,18594.417,2974.0,1032.727,-3365.0
3201,21812.778,18958.0,2947.0,1037.383,-2145.0
3202,21450.517,19161.5,3032.0,991.622,-1710.0
3203,21586.824,19231.0,2915.0,1040.429,-1611.0
3204,22183.359,19678.083,2771.0,941.88,-1715.0
3205,21952.857,19645.667,2638.0,805.795,-1520.0
3206,22347.859,19576.667,2836.0,846.797,-2141.0
3207,22439.088,18987.917,2955.0,922.777,-2864.0
3208,23399.695,17541.667,3096.0,1263.633,-5071.0
3209,24286.214,15388.75,4035.0,2109.069,-8204.0
3210,26100.794,15461.25,4888.0,3073.149,-9835.0
3211,26306.333,15192.333,4731.0,3316.605,-9909.0
3212,25154.146,14057.75,4434.0,2969.001,-9942.0
3213,23990.713,12545.75,3629.0,2535.568,-9919.0
3214,22428.936,11745.583,3357.0,1922.957,-9498.0
3215,21334.086,10868.917,2802.0,1455.774,-9192.0
3216,20261.076,10125.417,2638.0,948.264,-9206.0
3217,20102.496,9941.75,2658.0,793.351,-9406.0
3218,20088.299,10124.25,2705.0,824.654,-9225.0
3219,20471.874,10821.583,2700.0,837.896,-8893.0
3220,20773.033,11334.667,3061.0,832.972,-9047.0
3221,22651.502,13919.667,2925.0,990.44,-8047.0
3222,23199.822,17552.083,3348.0,1118.344,-5258.0
3223,20227.598,16317.75,2897.0,1097.453,-3090.0
3224,22118.533,18134.25,3006.0,1428.888,-2942.0
3225,21677.478,18977.5,2899.0,1254.583,-1725.0
3226,20743.296,19251.167,3323.0,990.734,-1205.0
3227,20911.181,19283.333,2778.0,1022.452,-764.0
3228,21949.79,20067.917,3157.0,1308.479,-1111.0
3229,21727.328,20083.25,2975.0,975.683,-1024.0
3230,22731.087,20207.667,3173.0,1314.025,-1763.0
3231,23495.864,20454.417,3701.0,1255.052,-2868.0
3232,23694.558,19422.083,4435.0,1778.08,-4310.0
3233,23955.181,17415.583,6014.0,2992.202,-6942.0
3234,25625.617,16729.75,6442.0,4248.472,-8470.0
3235,25981.096,16045.167,6012.0,4234.534,-9094.0
3236,25087.605,14717.25,5273.0,3699.96,-9324.0
3237,24272.676,13203.583,4260.0,3406.697,-9303.0
3238,23267.771,12092.833,3576.0,3009.543,-9122.0
3239,21513.316,11176.75,3159.0,2095.171,-8781.0
3240,21275.993,10364.5,2332.0,1927.098,-8697.0
3241,20433.582,10406.25,2603.0,1345.937,-8665.0
3242,19536.199,9799.417,2578.0,1195.388,-8500.0
3243,19487.72,9590.833,2862.0,1381.492,-8758.0
3244,19758.498,9429.667,2929.0,1506.437,-9132.0
3245,21331.729,11311.75,2269.0,1359.584,-8310.0
3246,21743.027,14883.25,2185.0,716.382,-5709.0
3247,20315.493,15898.917,2231.0,552.181,-3476.0
3248,19855.129,16480.0,2216.0,533.734,-2438.0
3249,19706.474,16934.333,2258.0,523.746,-1887.0
3250,19897.021,17199.167,2269.0,532.459,-1815.0
3251,20256.797,17486.167,2220.0,523.236,-1848.0
3252,20488.948,17379.0,2518.0,562.553,-2446.0
3253,20920.231,16609.5,2441.0,661.336,-3471.0
3254,23387.761,17193.667,2512.0,902.7,-5184.0
3255,23452.947,16794.667,2941.0,1223.885,-5756.0
3256,25269.16,17120.583,4597.0,2597.182,-7529.0
3257,24943.497,16213.75,6367.0,3859.352,-8618.0
3258,25813.434,16263.0,7264.0,4898.039,-9297.0
3259,26161.025,15488.917,6448.0,4987.713,-9513.0
3260,24666.948,13889.917,5697.0,4227.636,-9627.0
3261,23791.369,12453.583,4615.0,3591.39,-9742.0
3262,22353.326,11089.5,3971.0,2936.431,-9679.0
3263,21686.795,10774.417,3305.0,2396.983,-9201.0
3264,20331.275,10267.5,2872.0,1685.38,-8631.0
3265,19463.191,9422.667,2482.0,1434.129,-8469.0
3266,19560.969,9428.667,2758.0,1520.907,-8750.0
3267,19569.519,9216.583,2665.0,1398.541,-9000.0
3268,19394.805,9294.417,2939.0,1388.993,-9031.0
3269,20888.045,11412.333,2424.0,1552.316,-7728.0
3270,21020.853,14263.667,2124.0,912.792,-5349.0
3271,19843.1,15882.167,2198.0,671.538,-2868.0
3272,19651.965,16746.083,2066.0,708.487,-1644.0
3273,19285.511,17307.417,2190.0,698.699,-850.0
3274,19520.492,18030.833,2309.0,670.263,-509.0
3275,19043.575,17557.917,2171.0,670.263,-367.0
3276,20278.325,18217.667,2277.0,670.263,-1048.0
3277,21172.126,18230.75,2131.0,690.981,-1762.0
3278,22335.696,18745.167,2631.0,973.135,-2629.0
3279,23049.424,18776.5,3196.0,1262.529,-3587.0
3280,23539.183,17717.667,3583.0,1807.121,-4978.0
3281,23022.047,15285.583,4817.0,2662.068,-7272.0
3282,24613.831,14755.417,5247.0,3483.02,-9003.0
3283,24855.961,13977.5,4911.0,3549.066,-9621.0
3284,23870.389,12540.167,4409.0,3189.827,-9930.0
3285,22835.785,11857.917,4315.0,2786.473,-9887.0
3286,21766.614,10831.833,3722.0,2969.386,-9068.0
3287,21303.822,10411.333,3526.0,2782.094,-9017.0
3288,20273.044,9774.417,3210.0,2133.232,-8956.0
3289,19982.656,9618.333,3192.0,2044.928,-8892.0
3290,19980.586,9980.833,3274.0,2028.358,-8626.0
3291,20286.201,10703.583,3675.0,2160.222,-8478.0
3292,21129.803,11267.417,3710.0,2357.991,-8595.0
3293,22261.328,12775.0,3742.0,2247.933,-8361.0
3294,23615.377,15062.833,3219.0,2348.149,-6804.0
3295,23433.973,16482.333,3035.0,2058.244,-5309.0
3296,23214.028,17562.833,2924.0,1694.8,-4261.0
3297,22499.068,18041.167,3084.0,1477.506,-3445.0
3298,23142.386,18972.75,3011.0,1414.241,-3147.0
3299,22605.074,19563.75,3039.0,1107.929,-2353.0
3300,22139.617,19259.75,3012.0,1108.472,-2164.0
3301,21964.52,19650.25,3410.0,1243.875,-1861.0
3302,21952.839,19490.417,3842.0,1724.028,-1961.0
3303,22821.148,20489.167,4578.0,2182.586,-2108.0
3304,22279.844,18847.667,4935.0,2964.782,-2783.0
3305,21627.628,15563.0,5809.0,3535.233,-5719.0
3306,23603.432,14951.917,6320.0,4066.121,-8286.0
3307,25414.757,15711.833,6392.0,4485.529,-8990.0
3308,24399.53,14781.083,5294.0,4075.051,-8218.0
3309,22634.841,13718.167,4434.0,3344.279,-7387.0
3310,21353.247,12290.167,3617.0,2332.685,-7728.0
3311,20191.843,11297.083,3130.0,1698.365,-7707.0
3312,20027.172,11015.333,2830.0,1523.444,-7699.0
3313,19416.408,10813.083,2876.0,1268.929,-7591.0
3314,19441.538,10598.417,2654.0,1253.727,-7624.0
3315,19856.126,10765.583,2711.0,1234.147,-7948.0
3316,20862.911,11361.333,2972.0,1306.182,-8548.0
3317,22705.631,14112.083,3056.0,1494.152,-7536.0
3318,23022.572,16848.5,3187.0,1579.677,-5162.0
3319,21602.81,17502.25,3148.0,1629.165,-3000.0
3320,20525.786,17001.583,3167.0,1533.808,-2538.0
3321,21032.697,17479.333,3000.0,1555.968,-2378.0
3322,20731.788,17571.25,2736.0,1454.143,-1823.0
3323,20214.003,17797.167,2831.0,1241.441,-1387.0
3324,20088.51,17086.75,2737.0,1206.365,-1913.0
3325,19755.568,16562.583,2767.0,1247.59,-2093.0
3326,21188.375,17893.5,3081.0,1268.48,-2488.0
3327,20469.603,17536.083,3422.0,1594.124,-2142.0
3328,20966.34,17184.5,3957.0,1876.445,-3243.0
3329,21539.456,14973.0,4557.0,2509.061,-5995.0
3330,24238.805,14055.0,4913.0,3255.41,-9222.0
3331,25743.179,14219.167,4708.0,3734.617,-9878.0
3332,24414.936,13062.417,4212.0,3322.124,-9623.0
3333,23988.295,12770.167,3289.0,2795.733,-9092.0
3334,21898.37,11937.0,2838.0,1699.975,-8480.0
3335,21165.211,11278.167,2463.0,1420.65,-8310.0
3336,20175.753,11040.583,2538.0,1124.775,-7929.0
3337,19714.989,10727.75,2477.0,1085.844,-7759.0
3338,19702.406,10716.167,2477.0,1085.844,-7758.0
3339,19979.46,10683.75,2734.0,1227.315,-8183.0
3340,20925.673,11204.583,3143.0,1466.694,-8778.0
3341,23172.021,14027.25,3092.0,1616.376,-8001.0
3342,22480.767,16336.167,3365.0,1642.205,-5248.0
3343,21606.238,16973.333,3526.0,1742.51,-3797.0
3344,20637.976,16224.333,3234.0,1661.247,-3367.0
3345,20316.504,16046.083,3164.0,1596.026,-3219.0
3346,19845.182,15683.0,3102.0,1530.787,-3114.0
3347,20182.407,16249.583,3100.0,1393.429,-3020.0
3348,20449.527,16508.667,3112.0,1414.465,-3019.0
3349,20932.515,17301.75,3236.0,1510.37,-2737.0
3350,21475.982,17769.167,3404.0,1649.421,-2842.0
3351,22499.643,18184.667,3523.0,1855.581,-3363.0
3352,23167.931,18726.167,3908.0,1999.369,-3731.0
3353,23267.578,15599.75,3812.0,2357.433,-6503.0
3354,25146.84,14377.917,4151.0,2797.528,-9503.0
3355,26214.615,14523.167,4384.0,3064.053,-10392.0
3356,24881.955,13158.0,4089.0,3100.56,-10093.0
3357,23947.968,12621.083,4237.0,2777.489,-10167.0
3358,22976.757,10876.833,2562.0,2506.529,-9536.0
3359,21899.39,10442.667,2075.0,1429.328,-9483.0
3360,20508.418,10121.083,2117.0,1029.939,-8855.0
3361,19990.584,9790.25,2050.0,1029.939,-8601.0
3362,19611.603,9585.833,2298.0,965.375,-8739.0
3363,20180.192,9975.583,2663.0,1272.214,-8976.0
3364,20790.482,10271.0,3031.0,1673.087,-9258.0
3365,22926.226,13092.167,3025.0,1684.664,-8555.0
3366,23056.917,15771.0,3409.0,1624.522,-6451.0
3367,21382.687,15794.583,3339.0,1833.708,-4474.0
3368,20677.575,14969.667,3154.0,1677.513,-4565.0
3369,21294.835,15375.25,3095.0,1588.19,-4807.0
3370,21696.286,16173.5,3058.0,1391.391,-4570.0
3371,20872.357,15748.25,3200.0,1363.712,-4341.0
3372,23372.226,17909.25,3069.0,1339.581,-4573.0
3373,23398.8,18559.333,3064.0,1317.071,-3967.0
3374,24662.173,19280.083,3256.0,1367.695,-4651.0
3375,25428.752,19224.417,3350.0,1671.94,-5263.0
3376,26506.309,19100.667,4056.0,2244.248,-6598.0
3377,25984.066,17292.417,5753.0,3639.255,-8186.0
3378,26964.132,16809.75,6672.0,4732.987,-9474.0
3379,27731.959,15905.583,5749.0,4815.981,-10140.0
3380,26616.139,14466.167,4756.0,3967.577,-10319.0
3381,24952.629,13341.917,4154.0,3488.318,-9657.0
3382,23387.671,11939.417,3247.0,2702.859,-9373.0
3383,22196.595,11145.667,2517.0,1738.533,-9210.0
3384,21049.182,10957.25,2387.0,1295.537,-8564.0
3385,19952.59,10128.5,2156.0,1151.695,-8209.0
3386,20262.816,10361.667,2229.0,1067.755,-8443.0
3387,20318.502,10614.167,2456.0,1124.94,-8416.0
3388,20791.636,11360.583,3240.0,1225.658,-8826.0
3389,23374.433,14398.083,2972.0,1373.955,-7955.0
3390,22884.297,16725.417,3366.0,1415.485,-5490.0
3391,21907.998,16960.833,3271.0,1528.769,-4070.0
3392,21633.301,17044.917,3110.0,1456.99,-3622.0
3393,21338.201,17378.833,2925.0,1225.973,-3039.0
3394,20984.495,17795.833,2943.0,1152.267,-2360.0
3395,21083.108,18330.583,3003.0,1216.13,-1920.0
3396,21875.807,19007.25,3033.0,1253.162,-2029.0
3397,21973.098,19475.833,3215.0,1266.87,-1826.0
3398,22872.378,20112.667,3125.0,1307.317,-1958.0
3399,23513.222,19301.083,2850.0,1374.743,-3068.0
3400,23511.673,18251.083,3522.0,1586.194,-4577.0
3401,23562.184,15407.667,4288.0,2294.123,-7529.0
3402,25053.13,14534.583,5780.0,3606.152,-10073.0
3403,26113.592,15116.667,6605.0,4449.53,-10533.0
3404,25166.605,14167.333,6013.0,4548.877,-9844.0
3405,24428.478,12758.833,4618.0,4009.249,-9659.0
3406,22782.229,10768.083,3190.0,3012.751,-9572.0
3407,22006.935,10419.75,2977.0,2130.79,-9814.0
3408,21191.301,10368.75,2299.0,1557.156,-8945.0
3409,20118.404,10421.917,2285.0,1175.092,-8187.0
3410,19843.17,10515.333,2270.0,1050.442,-7928.0
3411,19523.254,10486.417,2344.0,1050.442,-7711.0
3412,19251.789,9629.75,2381.0,1060.644,-8323.0
3413,21620.241,12562.0,2166.0,1070.846,-7534.0
3414,19218.336,13268.833,2247.0,898.108,-4679.0
3415,18810.286,13949.833,2342.0,845.057,-3738.0
3416,18272.477,14315.833,2571.0,885.249,-3023.0
3417,18191.325,14483.417,2541.0,822.514,-2807.0
3418,18538.701,15299.667,2489.0,747.639,-2361.0
3419,18448.555,15952.167,2677.0,757.993,-1796.0
3420,19303.278,16801.25,2707.0,792.633,-1797.0
3421,19365.946,17095.583,2622.0,729.968,-1543.0
3422,20237.35,18038.5,2879.0,713.455,-1745.0
3423,21892.873,19247.833,3290.0,1067.645,-2248.0
3424,22431.119,18331.25,3199.0,1534.474,-3145.0
3425,22646.852,16094.833,4478.0,2224.624,-6186.0
3426,24536.72,15595.917,5698.0,3917.409,-8102.0
3427,25414.527,15119.167,5392.0,4408.965,-8659.0
3428,24617.13,13798.833,4561.0,3836.901,-8923.0
3429,23099.932,12225.0,3708.0,3058.537,-8905.0
3430,22249.906,11389.083,3244.0,2539.428,-8946.0
3431,20947.884,10604.417,2950.0,2035.072,-8639.0
3432,20318.129,10212.083,2564.0,1647.651,-8403.0
3433,19748.85,9979.25,2307.0,1393.205,-8064.0
3434,19086.387,9786.25,2295.0,1074.742,-7901.0
3435,18741.814,9487.167,2390.0,1075.252,-7950.0
3436,18295.806,8540.333,2345.0,1146.078,-8335.0
3437,20393.088,11903.917,2547.0,1097.777,-7319.0
3438,18748.176,12968.75,2563.0,962.031,-4761.0
3439,17904.287,13569.083,2495.0,821.808,-3389.0
3440,17700.248,14208.583,2458.0,765.27,-2565.0
3441,17211.217,14578.5,2478.0,706.322,-1785.0
3442,18070.709,15726.417,2577.0,739.897,-1562.0
3443,18497.936,16373.5,2512.0,830.041,-1187.0
3444,19790.479,17678.25,2810.0,956.834,-1346.0
3445,20047.152,17573.667,3200.0,1182.09,-1872.0
3446,22008.827,18581.75,3715.0,1647.682,-2875.0
3447,23708.345,19364.833,4111.0,2374.116,-3461.0
3448,24173.282,19202.083,5021.0,2746.804,-4626.0
3449,23804.075,16830.75,6248.0,3566.93,-7035.0
3450,25395.14,16106.667,7033.0,4838.078,-8864.0
3451,26114.15,15793.833,6965.0,4999.921,-9666.0
3452,24765.513,14339.167,6300.0,4716.951,-9390.0
3453,23947.728,12878.583,5145.0,4182.75,-9412.0
3454,21984.6,11090.917,4454.0,3549.289,-9179.0
3455,21741.044,10371.333,3867.0,3157.316,-9460.0
3456,20443.788,9797.75,3711.0,2580.643,-9157.0
3457,19814.908,9191.25,3546.0,2254.263,-9296.0
3458,19291.509,8734.25,3589.0,2171.864,-9355.0
3459,19462.161,8994.333,4035.0,2255.433,-9628.0
3460,19864.169,8909.417,3777.0,2586.357,-9526.0
3461,22237.474,12243.833,3170.0,2124.246,-8420.0
3462,20450.77,13936.5,3354.0,1655.875,-5593.0
3463,20896.384,15330.75,3366.0,1617.239,-4695.0
3464,20714.327,16534.667,3341.0,1580.265,-3321.0
3465,21484.141,17810.583,3293.0,1535.163,-2812.0
3466,22260.018,18988.0,3607.0,1662.623,-2597.0
3467,22992.034,19400.333,3906.0,1955.306,-2923.0
3468,24297.156,19453.5,4180.0,2206.261,-4198.0
3469,26513.15,20119.083,4803.0,2720.672,-5857.0
3470,28257.011,21596.0,6289.0,3583.616,-6747.0
3471,29400.968,22534.75,7672.0,4771.823,-7147.0
3472,30627.544,23736.667,9534.0,6303.482,-7502.0
3473,29630.758,22097.667,11575.0,8264.696,-8224.0
3474,30281.428,20469.167,11786.0,9449.866,-9529.0
3475,29913.647,19333.583,11086.0,9262.669,-9784.0
3476,28689.318,16737.917,9132.0,8480.006,-9984.0
3477,26437.788,15076.667,8072.0,7075.726,-9738.0
3478,25290.458,13639.167,6397.0,6057.896,-9371.0
3479,23699.711,12204.333,4840.0,4576.983,-9139.0
3480,22486.286,11046.667,3955.0,3444.224,-9331.0
3481,21655.272,10497.75,3529.0,2694.127,-9373.0
3482,21315.462,10355.417,3335.0,2391.65,-9284.0
3483,21367.497,10632.667,3813.0,2295.435,-9633.0
3484,22014.711,11030.667,4139.0,2653.649,-9850.0
3485,24875.174,13633.25,3348.0,2441.529,-9529.0
3486,25576.93,17289.75,3824.0,2063.785,-7428.0
3487,25280.039,18826.0,4257.0,2386.644,-5705.0
3488,25760.005,19574.167,4350.0,2628.443,-5288.0
3489,26676.587,20644.75,5011.0,2940.442,-5483.0
3490,28083.914,21943.167,6047.0,3661.353,-5907.0
3491,29719.263,23527.25,7498.0,4926.618,-6144.0
3492,31339.595,25080.583,8831.0,5912.617,-6558.0
3493,33526.742,27416.0,10668.0,7278.347,-6881.0
3494,34667.738,29216.5,12058.0,8481.843,-6408.0
3495,35087.136,29263.417,12889.0,9784.324,-6309.0
3496,34955.296,29761.083,14919.0,10846.818,-6647.0
3497,33603.955,28094.917,17310.0,12921.643,-7278.0
3498,33444.099,26288.583,17260.0,13717.121,-8079.0
3499,33445.657,24530.25,15497.0,13554.012,-8239.0
3500,32070.647,21476.583,12924.0,12392.669,-8506.0
3501,30067.589,18126.583,9881.0,9887.61,-9315.0
3502,27999.693,16375.167,8137.0,7807.131,-9335.0
3503,25883.917,14351.5,6044.0,5787.022,-9170.0
3504,24400.746,12895.833,4874.0,4308.518,-9451.0
3505,22974.23,12193.25,4386.0,3070.585,-9477.0
3506,22273.788,11904.333,4349.0,2882.06,-9217.0
3507,22590.638,12486.333,4690.0,2948.909,-9226.0
3508,22583.468,12079.167,4557.0,3090.906,-9351.0
3509,25422.922,15344.25,4977.0,3001.277,-9435.0
3510,26310.677,19074.833,5355.0,3039.448,-6932.0
3511,26096.553,20365.583,5561.0,3169.575,-5503.0
3512,26556.524,21549.583,6245.0,3435.546,-5197.0
3513,27352.918,22561.583,7043.0,4138.94,-5076.0
3514,28852.478,23650.167,7830.0,4666.917,-5746.0
3515,30831.708,24794.0,8637.0,5698.313,-6357.0
3516,32851.423,27717.917,10810.0,7139.112,-6185.0
3517,34367.875,29489.0,11669.0,8215.48,-5713.0
3518,34986.993,30513.25,12694.0,9397.348,-5151.0
3519,35798.566,31127.333,13422.0,10031.838,-5442.0
3520,36150.502,30651.667,14116.0,11345.44,-5650.0
3521,34404.125,28841.417,16457.0,12865.314,-6535.0
3522,34415.272,26381.5,15900.0,13549.377,-7765.0
3523,33798.122,24100.083,13963.0,12507.643,-8534.0
3524,32372.675,21835.667,12241.0,11310.613,-8848.0
3525,30138.709,18459.5,9482.0,9824.814,-8717.0
3526,27374.389,15834.667,7620.0,7408.327,-9132.0
3527,25744.006,13874.083,5686.0,5542.527,-9394.0
3528,23709.094,13192.583,5414.0,3917.115,-9394.0
3529,22818.158,12157.5,4825.0,3262.263,-9604.0
3530,22663.991,12339.833,4792.0,2988.763,-9508.0
3531,22729.072,12787.75,5016.0,2950.927,-9387.0
3532,22731.926,13249.583,5709.0,3108.948,-9463.0
3533,25148.98,16088.167,5477.0,3072.418,-8846.0
3534,25226.772,19758.917,6062.0,2959.46,-5951.0
3535,24934.182,20994.75,6190.0,3186.037,-4324.0
3536,24924.201,21475.25,6370.0,3365.556,-3834.0
3537,25826.274,22542.167,6973.0,3947.712,-3690.0
3538,26580.266,24021.0,8047.0,4259.871,-3727.0
3539,27274.015,24431.417,8701.0,5088.203,-3836.0
3540,29725.889,25627.917,9462.0,6303.577,-4637.0
3541,31899.458,27594.417,10180.0,7217.646,-4648.0
3542,32877.659,29097.167,11188.0,8144.098,-4205.0
3543,33009.015,29508.583,12172.0,9117.037,-3936.0
3544,33042.686,29223.167,13753.0,10355.124,-4598.0
3545,31886.706,26643.083,15409.0,11998.227,-6035.0
3546,32275.057,24054.583,14797.0,12999.078,-7399.0
3547,32862.078,22754.0,13253.0,12018.683,-8723.0
3548,30611.329,20141.667,11101.0,10704.268,-8247.0
3549,28702.081,16895.667,8757.0,9106.019,-8838.0
3550,26845.182,14012.833,6155.0,6847.954,-9520.0
3551,24655.675,12590.333,5557.0,4826.946,-10176.0
3552,23388.218,11543.667,5022.0,4101.156,-10146.0
3553,22626.359,10983.083,4626.0,3306.88,-10343.0
3554,22237.67,11514.25,4966.0,3159.025,-9911.0
3555,22378.036,11717.25,4721.0,3239.391,-9523.0
3556,22564.644,12030.75,4906.0,3050.499,-9770.0
3557,24280.024,13397.583,4631.0,3063.046,-9831.0
3558,26776.958,16965.833,3793.0,2631.73,-8353.0
3559,25492.108,18216.917,3947.0,1997.796,-6605.0
3560,25538.207,19526.083,4661.0,2159.729,-5894.0
3561,25448.232,19689.833,4498.0,2385.004,-5252.0
3562,26529.313,20776.25,4864.0,2749.668,-5248.0
3563,26716.124,21166.333,5140.0,3000.396,-5070.0
3564,26905.594,21142.083,5418.0,3292.115,-5270.0
3565,27265.013,21501.0,5819.0,3493.618,-5470.0
3566,27438.854,21891.333,6745.0,4118.125,-5555.0
3567,27564.201,21865.917,8609.0,5109.889,-6578.0
3568,28733.804,22459.167,9325.0,6718.242,-6262.0
3569,27108.597,20195.667,9130.0,6754.536,-6669.0
3570,27642.237,18776.0,8676.0,6672.842,-8250.0
3571,27816.901,18017.583,8265.0,6225.923,-9219.0
3572,27356.058,16682.0,7172.0,5933.663,-9293.0
3573,25312.817,15120.5,6447.0,5140.922,-8879.0
3574,23512.176,13788.083,6145.0,4543.698,-8706.0
3575,22782.375,12569.917,5527.0,4069.064,-9051.0
3576,21778.733,11526.5,5058.0,3621.838,-9069.0
3577,21599.428,11016.917,4749.0,3520.117,-9192.0
3578,21447.217,10432.917,4213.0,3207.906,-9400.0
3579,21425.227,10473.5,4109.0,2875.332,-9566.0
3580,21629.083,10141.25,3520.0,2693.438,-9695.0
3581,24063.098,13537.0,3314.0,1991.703,-9229.0
3582,22321.845,16050.0,3257.0,1690.45,-5219.0
3583,21075.043,15497.417,3218.0,1650.231,-4526.0
3584,22680.204,17766.083,3410.0,1516.725,-4188.0
3585,21857.863,18466.75,3350.0,1517.718,-2604.0
3586,21866.536,19029.417,3456.0,1533.724,-2140.0
3587,21282.168,18588.833,3242.0,1564.939,-1751.0
3588,22156.647,18347.167,3308.0,1654.085,-2844.0
3589,23065.457,18801.333,3347.0,1628.729,-3363.0
3590,23525.877,18933.333,3803.0,1872.148,-3904.0
3591,23314.566,17705.417,4274.0,2495.755,-4768.0
3592,24419.149,18895.167,6387.0,3692.588,-5599.0
3593,23752.584,16927.667,6805.0,4745.522,-6265.0
3594,25054.735,16169.167,7305.0,5350.174,-8221.0
3595,25698.757,16756.417,7766.0,5466.945,-8622.0
3596,24845.698,15381.333,6679.0,5361.97,-8162.0
3597,24284.357,13395.0,4945.0,4557.962,-8657.0
3598,23236.402,13081.333,4600.0,3321.674,-8814.0
3599,21426.941,11576.25,3874.0,2763.296,-8342.0
3600,21133.611,11174.083,3693.0,2387.133,-8646.0
3601,20274.752,10888.583,3633.0,1860.774,-8539.0
3602,19994.935,11115.083,3619.0,1695.457,-8184.0
3603,19807.664,10832.417,3503.0,1704.852,-8154.0
3604,19580.937,10230.917,3126.0,1667.625,-8189.0
3605,21055.056,12057.25,2621.0,1233.411,-7766.0
3606,19879.965,13211.0,2873.0,824.57,-6098.0
3607,19413.561,14146.0,2730.0,919.166,-4459.0
3608,18967.2,14726.917,2740.0,893.888,-3467.0
3609,19341.198,15729.417,2744.0,833.386,-2903.0
3610,20124.122,16638.5,2478.0,829.227,-2515.0
3611,20479.99,17069.583,2385.0,868.011,-2308.0
3612,20784.148,16915.417,2414.0,842.336,-2821.0
3613,21653.713,17114.0,2910.0,911.318,-3919.0
3614,22705.292,16997.75,3381.0,1200.147,-5269.0
3615,23869.549,17724.417,4443.0,2094.737,-5874.0
3616,24575.991,17598.333,5284.0,2877.262,-6765.0
3617,25174.828,17489.75,6387.0,4289.683,-7163.0
3618,25124.446,16525.833,6660.0,4713.218,-7926.0
3619,25724.167,16208.25,6691.0,4644.522,-8943.0
3620,25278.103,15307.333,5872.0,4238.374,-8985.0
3621,23311.972,13808.0,5464.0,3574.577,-8774.0
3622,21904.666,12226.5,4886.0,3024.771,-8920.0
3623,21262.856,10780.083,4253.0,3100.377,-9016.0
3624,21015.493,10116.167,3756.0,2479.931,-9556.0
3625,20261.682,9828.917,3860.0,2167.37,-9506.0
3626,20374.832,10115.167,3971.0,2226.27,-9385.0
3627,20826.896,10780.583,4347.0,2440.918,-9333.0
3628,21695.884,11707.75,4920.0,2929.739,-9359.0
3629,23981.398,13900.75,4433.0,3166.253,-8728.0
3630,24669.74,15999.583,4271.0,2915.762,-7406.0
3631,24561.06,17966.583,4432.0,2706.082,-5701.0
3632,23787.202,18696.667,4669.0,2491.14,-4649.0
3633,23787.471,19092.0,4963.0,2726.076,-4313.0
3634,24495.43,18890.667,5179.0,3428.368,-4736.0
3635,25503.12,19317.167,5389.0,3651.559,-5304.0
3636,26094.257,20038.667,6166.0,3733.195,-5869.0
3637,27060.883,20378.917,7037.0,4883.572,-6216.0
3638,27829.379,21819.333,8747.0,5899.65,-6238.0
3639,28133.424,22283.0,9794.0,7170.029,-5855.0
3640,28702.674,22475.917,10780.0,8472.362,-5915.0
3641,28814.472,21311.917,11417.0,9451.16,-6849.0
3642,29013.074,20712.583,10976.0,9473.096,-7184.0
3643,28812.908,20143.417,10959.0,8966.097,-8043.0
3644,28151.438,17240.25,8854.0,8767.793,-8378.0
3645,26648.415,15617.75,8351.0,7454.27,-9308.0
3646,24288.268,13833.333,7538.0,6084.54,-9289.0
3647,23580.742,12907.833,6669.0,5398.513,-9324.0
3648,21718.362,11959.75,6363.0,4550.217,-8952.0
3649,21258.174,11666.333,6235.0,4329.446,-8878.0
3650,20943.959,11498.667,6320.0,4307.897,-8838.0
3651,21251.234,12141.333,6890.0,4453.505,-8927.0
3652,21888.474,12527.667,7135.0,4895.413,-8981.0
3653,24389.135,14390.917,6280.0,5006.823,-8652.0
3654,25336.956,17682.667,6434.0,4274.895,-7194.0
3655,23089.496,16717.167,6646.0,4401.935,-5997.0
3656,24511.745,17604.0,6850.0,5054.35,-6084.0
3657,25091.481,19957.417,8274.0,5374.67,-5414.0
3658,26008.451,20885.417,8757.0,5907.64,-5353.0
3659,27653.966,22332.833,9366.0,6309.738,-5758.0
3660,28910.679,23979.75,10494.0,7223.534,-5582.0
3661,30118.469,25186.75,11646.0,8527.324,-5431.0
3662,30598.547,25466.917,12339.0,9375.236,-5476.0
3663,31422.665,26421.917,13442.0,10028.354,-5795.0
3664,30763.85,25962.083,15231.0,10876.371,-6537.0
3665,31526.185,25128.083,16228.0,13061.707,-6945.0
3666,31612.495,24354.333,16231.0,13334.767,-7535.0
3667,30982.228,23094.667,15459.0,12931.167,-7796.0
3668,30079.807,20527.333,13427.0,12358.079,-8002.0
3669,28371.862,17850.5,10963.0,10674.967,-8190.0
3670,26199.405,15182.583,9035.0,8748.427,-8684.0
3671,24892.234,14504.083,8574.0,7210.756,-9132.0
3672,23201.503,13167.667,7366.0,5937.441,-8843.0
3673,21942.035,12733.833,7197.0,5189.807,-8596.0
3674,21463.127,12586.917,7182.0,4918.815,-8520.0
3675,21560.205,12865.333,7575.0,5033.477,-8617.0
3676,22544.432,13928.333,8615.0,6019.703,-8592.0
3677,25410.956,16691.583,7932.0,6407.978,-7624.0
3678,25855.867,18680.167,7466.0,5404.306,-6618.0
3679,26946.533,20739.25,7209.0,5344.888,-5452.0
3680,27449.287,22480.083,7621.0,5575.809,-4395.0
3681,28425.919,24012.917,8584.0,6279.607,-4098.0
3682,30163.287,25726.25,9687.0,7043.642,-4461.0
3683,32371.188,27608.0,11232.0,8395.793,-4980.0
3684,34333.556,29719.5,13148.0,9999.661,-5143.0
3685,35927.558,31400.75,14655.0,11303.413,-5259.0
3686,37533.739,33084.833,15539.0,12116.511,-5252.0
3687,38051.685,33755.5,15863.0,12520.79,-5019.0
3688,37295.745,34125.167,17638.0,13731.184,-4458.0
3689,35607.345,31893.083,19236.0,15122.867,-5208.0
3690,35231.527,29027.083,18104.0,15504.048,-6185.0
3691,35044.228,27301.75,16656.0,14729.083,-7050.0
3692,32706.15,23951.333,13934.0,13225.422,-6844.0
3693,30458.37,20514.333,11026.0,11207.641,-7143.0
3694,27853.848,18764.333,10133.0,8983.12,-7620.0
3695,25766.814,16067.333,7855.0,7701.086,-7234.0
3696,24238.755,14565.833,6719.0,5425.527,-8347.0
3697,22715.262,13895.917,6309.0,4329.95,-8179.0
3698,22188.131,13242.083,5807.0,3893.653,-8240.0
3699,21925.391,13788.0,6683.0,3971.996,-8229.0
3700,22645.353,14415.5,7389.0,4689.458,-8310.0
3701,25723.181,16816.833,6483.0,4864.953,-7905.0
3702,26913.479,18991.25,5481.0,3984.834,-6799.0
3703,26814.159,20788.0,6117.0,3497.764,-6026.0
3704,27342.054,21795.833,6330.0,3928.825,-5328.0
3705,27958.407,22612.333,6724.0,4303.679,-5147.0
3706,29341.449,24109.167,7623.0,4850.887,-5385.0
3707,30505.879,25774.417,8489.0,5440.067,-5161.0
3708,31794.98,27230.083,9411.0,6540.501,-4816.0
3709,33023.768,28678.417,10536.0,7506.957,-4755.0
3710,33809.786,29602.833,11700.0,8733.558,-4554.0
3711,34188.353,30058.917,12049.0,9285.042,-4274.0
3712,33255.193,30055.083,14246.0,10239.715,-4587.0
3713,31651.945,27839.0,16576.0,12408.55,-5361.0
3714,31672.344,25113.333,16245.0,13487.616,-6697.0
3715,31887.248,24529.167,15992.0,12799.687,-7931.0
3716,30636.639,21885.0,13662.0,12395.244,-7399.0
3717,29151.266,19490.75,11199.0,10690.121,-7550.0
3718,27035.703,17238.75,8891.0,8517.558,-7551.0
3719,24970.743,15276.417,6911.0,5999.932,-7986.0
3720,23237.567,13774.333,5810.0,4232.839,-8421.0
3721,21952.92,13371.333,6051.0,3610.192,-8403.0
3722,21969.028,13272.333,6024.0,3636.3,-8465.0
3723,21983.236,13458.167,6133.0,3568.674,-8470.0
3724,22077.751,13511.75,6379.0,3714.606,-8611.0
3725,24506.124,15163.083,5807.0,3963.645,-8567.0
3726,24941.78,16050.0,4939.0,3389.385,-7822.0
3727,26206.612,17470.667,5028.0,2944.55,-8200.0
3728,26677.211,18484.417,4352.0,2815.399,-7110.0
3729,26882.694,20538.5,4423.0,2528.799,-5619.0
3730,25953.537,21014.417,4148.0,2580.725,-3887.0
3731,25594.251,21161.0,3675.0,2366.856,-3122.0
3732,24820.12,21099.083,3755.0,2087.642,-2769.0
3733,24479.733,21079.917,3996.0,2158.422,-2618.0
3734,25222.642,21672.083,4525.0,2413.164,-3043.0
3735,24659.205,21198.25,5347.0,3026.56,-3162.0
3736,24604.113,21495.25,5980.0,3380.468,-3089.0
3737,23179.152,19161.333,6893.0,4069.424,-4222.0
3738,25019.765,18203.583,7259.0,4626.787,-6829.0
3739,25720.623,17837.333,7371.0,4960.894,-7674.0
3740,24973.414,16274.5,6550.0,4771.519,-7858.0
3741,23795.329,15469.667,6351.0,4148.268,-7909.0
3742,22532.36,14134.833,5646.0,3688.131,-7736.0
3743,22376.355,13398.667,4524.0,3178.293,-7704.0
3744,20902.442,12579.083,3965.0,1940.964,-7728.0
3745,20063.469,11768.083,3451.0,1435.99,-7691.0
3746,20385.194,11609.333,3320.0,1363.466,-8113.0
3747,20210.124,11578.833,3351.0,1331.895,-8031.0
3748,20201.155,11539.0,3445.0,1349.76,-8138.0
3749,22562.143,13789.25,2720.0,1228.498,-7645.0
3750,21158.779,14992.25,2606.0,907.135,-5246.0
3751,21001.294,15976.333,2530.0,931.566,-4004.0
3752,21460.472,17270.667,2616.0,1042.41,-3144.0
3753,20672.17,17235.75,2642.0,1047.025,-2412.0
3754,20142.196,17083.333,2804.0,1141.468,-2102.0
3755,20071.524,17174.083,2673.0,1137.046,-1814.0
3756,20091.256,17309.167,2590.0,1127.694,-1625.0
3757,20092.346,17641.75,2695.0,1060.201,-1466.0
3758,20941.906,18366.167,2895.0,983.344,-1868.0
3759,21099.888,18839.917,3553.0,1110.576,-2083.0
3760,23139.834,19417.333,3481.0,1441.106,-3143.0
3761,22433.325,16866.583,3930.0,1848.347,-5029.0
3762,23048.756,15143.583,4705.0,2457.778,-7533.0
3763,24434.224,15276.75,5202.0,3046.079,-8694.0
3764,23716.476,14057.917,5038.0,3087.164,-8990.0
3765,22782.615,13037.5,4435.0,2491.72,-9069.0
3766,22153.387,12266.417,3810.0,2376.575,-8701.0
3767,21253.796,11240.583,3321.0,2017.817,-8697.0
3768,20823.418,10592.667,2805.0,1655.356,-8761.0
3769,20010.641,10294.083,2679.0,1206.163,-8570.0
3770,19851.573,10066.25,2508.0,1195.928,-8478.0
3771,19772.403,10275.667,2517.0,943.341,-8451.0
3772,19801.248,10361.083,2430.0,914.77,-8336.0
3773,20622.135,12267.25,2246.0,792.49,-7189.0
3774,19064.001,12876.25,2470.0,709.356,-5329.0
3775,19778.567,13787.583,2185.0,815.589,-4741.0
3776,18180.234,13764.25,2364.0,815.589,-3345.0
3777,18191.098,13797.5,2220.0,820.203,-3174.0
3778,17840.287,14092.0,2260.0,847.892,-2541.0
3779,18344.992,14832.25,2033.0,886.347,-2040.0
3780,17636.832,14524.917,2079.0,858.521,-1713.0
3781,18642.115,15472.583,2199.0,846.137,-1903.0
3782,19323.534,16374.25,2221.0,984.889,-1566.0
3783,20284.511,17198.667,2910.0,1087.449,-2289.0
3784,21954.607,17445.083,3183.0,1517.129,-3556.0
3785,22142.743,15740.083,3377.0,1778.265,-5382.0
3786,23076.075,13950.417,3988.0,2376.263,-8118.0
3787,24868.464,14331.083,4678.0,2883.986,-9712.0
3788,23816.735,13199.5,4614.0,3121.84,-9490.0
3789,22842.704,11535.5,3852.0,2828.809,-9711.0
3790,21536.538,10478.417,3874.0,2413.726,-9899.0
3791,21436.598,9840.0,3110.0,2139.203,-9948.0
3792,20935.366,9986.75,2921.0,1488.222,-9762.0
3793,20029.904,9834.667,2891.0,1291.843,-9175.0
3794,19833.6,9423.583,2917.0,1367.621,-9340.0
3795,20417.614,9732.0,3525.0,1564.219,-10027.0
3796,21236.255,10770.0,4176.0,2142.86,-9880.0
3797,24242.538,13231.75,2720.0,2190.393,-8921.0
3798,23442.949,15432.583,2669.0,1531.97,-6528.0
3799,22970.089,16652.417,2686.0,1202.277,-5182.0
3800,22183.112,17669.25,3177.0,1234.467,-3837.0
3801,22095.321,17989.917,3137.0,1290.009,-3333.0
3802,21384.762,17511.167,3140.0,1286.2,-3108.0
3803,21881.078,17719.75,3416.0,1302.933,-3655.0
3804,22773.394,18208.5,3454.0,1537.499,-3862.0
3805,22942.456,18361.25,3928.0,1904.811,-3985.0
3806,23768.764,18801.167,5042.0,2566.202,-4824.0
3807,25715.907,20488.25,6289.0,3311.262,-5586.0
3808,27171.233,21626.583,7152.0,4429.255,-5648.0
3809,26185.633,20896.25,9626.0,6235.988,-6060.0
3810,26942.806,19951.333,10810.0,7801.077,-7381.0
3811,27350.458,19906.5,11282.0,8425.563,-7681.0
3812,26249.029,17238.083,9627.0,8395.551,-7623.0
3813,25068.33,15356.75,8688.0,7400.185,-8380.0
3814,23125.262,13941.333,8195.0,6327.533,-8432.0
3815,22409.734,12340.5,6792.0,5669.839,-8572.0
3816,21382.016,11470.25,5948.0,4612.371,-8628.0
3817,20470.672,11195.917,5744.0,3681.36,-8718.0
3818,20292.424,10768.833,5171.0,3421.196,-8654.0
3819,20502.963,11452.583,5843.0,3316.985,-8957.0
3820,21725.912,12283.833,5958.0,3526.684,-9254.0
3821,23528.161,14673.833,5277.0,3423.933,-8088.0
3822,25159.542,17113.0,4712.0,3583.147,-6556.0
3823,23925.868,18285.667,4906.0,3129.806,-4797.0
3824,24347.445,19207.833,5061.0,3278.217,-4303.0
3825,24980.184,20013.583,5057.0,3499.206,-3905.0
3826,25242.967,20258.333,4942.0,3430.239,-3877.0
3827,27222.321,21829.333,5569.0,3884.593,-4458.0
3828,28259.641,22627.167,6101.0,4431.08,-4683.0
3829,29350.565,24107.75,7781.0,5291.42,-5113.0
3830,31138.957,26311.5,9883.0,6562.063,-5529.0
3831,32029.033,27962.917,11688.0,8273.721,-4861.0
3832,33202.015,29025.667,13731.0,10398.953,-4889.0
3833,32421.351,27585.25,15820.0,12800.706,-5236.0
3834,31677.433,25104.917,16134.0,13652.121,-6435.0
3835,31948.597,23877.333,15266.0,13490.869,-7227.0
3836,30783.13,20894.167,12778.0,12377.569,-7670.0
3837,28910.949,18209.75,10517.0,10380.804,-8218.0
3838,26612.751,15706.167,8511.0,8479.189,-8319.0
3839,24334.812,13661.5,6578.0,6054.917,-8577.0
3840,23009.533,13030.917,5960.0,4432.221,-8887.0
3841,21708.341,12013.083,5411.0,3949.863,-8537.0
3842,21277.482,11965.25,5766.0,3449.837,-9009.0
3843,21725.64,12289.083,5947.0,3591.161,-9173.0
3844,22112.833,12558.667,6238.0,3790.771,-9382.0
3845,24467.108,15638.833,5895.0,3882.88,-8221.0
3846,25663.874,18420.833,5432.0,3973.645,-6082.0
3847,25100.898,20055.667,5823.0,3709.836,-4539.0
3848,25586.925,21224.75,6069.0,3912.78,-3899.0
3849,26315.969,22262.5,6577.0,4318.074,-3693.0
3850,27684.047,22997.167,7168.0,4956.486,-4279.0
3851,29728.432,25426.417,9257.0,6023.62,-4916.0
3852,31859.707,28090.833,11846.0,8720.478,-4275.0
3853,34167.078,30379.917,13583.0,10805.766,-3945.0
3854,35058.049,32076.5,15510.0,12189.155,-3683.0
3855,36191.848,32545.5,16164.0,13120.953,-4070.0
3856,36765.643,32720.5,17562.0,14403.748,-4584.0
3857,35867.307,31485.5,19779.0,15951.412,-5590.0
3858,34901.956,28358.083,19171.0,16579.478,-6516.0
3859,34617.391,26135.417,17497.0,15904.579,-7455.0
3860,33148.388,22505.417,14186.0,13929.577,-8280.0
3861,30891.21,19653.583,11842.0,11781.231,-8679.0
3862,28147.994,16705.583,8955.0,9134.016,-8644.0
3863,25565.593,15234.333,8116.0,6874.865,-8953.0
3864,23821.182,13842.333,7072.0,5557.454,-8874.0
3865,22464.627,13499.5,7057.0,4716.732,-8686.0
3866,21638.101,13173.25,7429.0,4628.456,-8646.0
3867,21939.458,12919.25,7432.0,4752.814,-9080.0
3868,23004.653,13883.833,7793.0,4933.424,-9361.0
3869,25216.286,16266.167,6649.0,4721.725,-8258.0
3870,26089.133,19314.083,6288.0,4176.654,-6267.0
3871,25556.983,20809.167,6400.0,3905.421,-4623.0
3872,26079.105,21800.0,6553.0,4143.71,-4069.0
3873,26872.083,22541.667,6838.0,4336.021,-4213.0
3874,28063.901,23605.0,7415.0,4939.506,-4315.0
3875,30069.141,24680.417,7720.0,5384.329,-5105.0
3876,31832.746,26664.417,9400.0,6601.934,-5347.0
3877,33569.752,28559.167,10894.0,8120.19,-5165.0
3878,34966.557,30288.667,12032.0,9167.495,-4923.0
3879,34829.362,30727.333,13135.0,9880.634,-4737.0
3880,34501.65,30078.75,14189.0,10781.505,-5211.0
3881,33656.749,28177.25,16327.0,12841.104,-6346.0
3882,32618.317,24951.167,16310.0,13879.756,-7478.0
3883,32768.022,23996.75,16102.0,13890.878,-8363.0
3884,31084.025,21307.75,14220.0,13197.88,-8179.0
3885,29433.952,17976.167,11253.0,11359.391,-8732.0
3886,27500.712,15636.917,8834.0,9048.401,-9030.0
3887,25070.188,14223.333,7881.0,7180.459,-8928.0
3888,23146.187,12873.75,6767.0,5351.042,-9069.0
3889,22314.893,11841.25,5888.0,4562.248,-9180.0
3890,21975.041,11775.667,5517.0,3937.979,-9159.0
3891,21802.903,11998.417,5701.0,3679.091,-9207.0
3892,22284.604,12706.417,6219.0,3720.793,-9457.0
3893,24897.679,15374.167,5306.0,3888.118,-8322.0
3894,25630.208,17314.083,4170.0,2959.729,-6907.0
3895,25380.867,19205.5,4217.0,2361.972,-5411.0
3896,24916.417,20147.083,4240.0,2369.939,-4020.0
3897,25207.801,20228.083,4015.0,2402.322,-3973.0
3898,25276.342,20516.333,3733.0,2133.613,-3740.0
3899,25978.574,20959.833,3738.0,1884.346,-4253.0
3900,26325.317,21230.333,3655.0,1879.589,-4251.0
3901,26862.408,21741.917,4034.0,2038.096,-4497.0
3902,26873.371,21320.167,4204.0,2659.809,-4478.0
3903,28059.43,22385.75,5228.0,3058.285,-5224.0
3904,28069.162,22400.083,6281.0,4232.684,-5098.0
3905,26994.958,20192.0,6883.0,4867.563,-6199.0
3906,26804.221,18627.5,8082.0,5650.326,-7989.0
3907,28189.955,18642.833,8148.0,6287.727,-8788.0
3908,26784.891,16788.917,7212.0,5993.579,-8595.0
3909,25810.118,14830.25,5793.0,4825.473,-9328.0
3910,24885.76,13615.583,4167.0,3642.781,-9175.0
3911,23134.07,12186.583,3311.0,2690.092,-8949.0
3912,21893.164,10797.083,2591.0,1856.685,-9211.0
3913,21551.115,10734.083,2626.0,1261.636,-9562.0
3914,21156.811,10286.333,2094.0,988.083,-9357.0
3915,20903.032,10049.833,2185.0,575.803,-9843.0
3916,20939.763,10042.083,2406.0,601.285,-10083.0
3917,22416.261,13017.75,2697.0,637.116,-8839.0
3918,21896.732,16127.917,2981.0,714.42,-5416.0
3919,21148.184,17387.25,2814.0,883.539,-3072.0
3920,20100.84,17524.667,3097.0,965.778,-2088.0
3921,20296.33,18016.0,2970.0,1017.935,-1613.0
3922,19331.204,17418.833,2996.0,1032.976,-1256.0
3923,20257.99,17615.417,2694.0,956.178,-1761.0
3924,20635.628,18073.25,2683.0,792.983,-1833.0
3925,21433.249,18869.667,2656.0,723.187,-1877.0
3926,22351.931,19872.417,2823.0,722.119,-1961.0
3927,23014.325,19991.417,2897.0,912.514,-2388.0
3928,24139.705,19645.5,3158.0,1216.81,-3816.0
3929,23827.743,17625.333,4669.0,2073.015,-6179.0
3930,24660.098,16284.75,6247.0,3689.953,-8313.0
3931,26305.833,15892.583,6010.0,4257.855,-9546.0
3932,25975.156,14586.0,4960.0,3731.761,-9998.0
3933,23993.35,12653.083,3857.0,2789.872,-9788.0
3934,22975.307,11639.0,3275.0,2021.912,-9970.0
3935,22094.618,10695.833,2643.0,1750.389,-9672.0
3936,21447.467,10089.083,2200.0,1113.988,-9825.0
3937,20695.439,10098.75,2257.0,660.294,-9574.0
3938,20269.514,10155.0,2220.0,658.119,-9057.0
3939,19866.063,9988.167,2237.0,671.502,-8824.0
3940,20063.118,10496.833,2696.0,666.89,-8976.0
3941,20121.842,12242.083,2736.0,685.364,-7311.0
3942,19232.476,12959.417,2814.0,663.664,-5804.0
3943,18461.479,12894.417,2903.0,778.668,-5072.0
3944,19526.787,14254.25,2921.0,797.142,-4777.0
3945,18853.787,14495.25,2714.0,797.142,-3656.0
3946,18971.749,15003.583,2701.0,704.771,-3345.0
3947,19212.41,15618.667,2731.0,649.349,-3056.0
3948,20428.886,16716.5,2768.0,767.991,-3093.0
3949,21892.039,18509.25,3183.0,941.394,-3005.0
3950,22895.476,19384.583,3322.0,1217.498,-2996.0
3951,24822.869,20612.833,3773.0,1836.641,-3527.0
3952,25831.816,21016.167,4610.0,2557.254,-4249.0
3953,25590.645,19716.25,6992.0,4133.0,-6114.0
3954,26477.91,18399.5,7922.0,5637.015,-7744.0
3955,27046.078,17566.75,7742.0,5851.933,-8750.0
3956,26598.96,16173.917,6951.0,5412.649,-9344.0
3957,25436.979,14773.917,5750.0,4632.667,-9161.0
3958,23331.967,13302.0,4786.0,3577.572,-8619.0
3959,22150.771,12192.167,3922.0,3235.209,-8026.0
3960,21771.475,11657.5,3402.0,2660.58,-8236.0
3961,20864.364,11422.833,3347.0,2197.135,-7972.0
3962,20595.618,11257.75,3321.0,2124.473,-7915.0
3963,20793.472,11379.417,3606.0,2242.66,-8158.0
3964,22085.732,11868.417,3717.0,2395.92,-8919.0
3965,24361.406,14323.417,3052.0,2323.594,-8147.0
3966,25466.133,17836.5,2902.0,1570.238,-6342.0
3967,24386.477,19233.667,3278.0,1422.415,-4389.0
3968,24522.593,19553.417,3080.0,1559.781,-3870.0
3969,24707.119,19783.5,3135.0,1578.224,-3861.0
3970,25139.394,20332.417,3227.0,1506.583,-3908.0
3971,25492.692,20516.333,3316.0,1562.963,-4110.0
3972,26689.247,21577.0,4193.0,1974.852,-4711.0
3973,27467.86,22228.417,4621.0,2466.048,-4775.0
3974,27903.221,23066.917,5547.0,3335.909,-4428.0
3975,29228.024,23651.75,6427.0,4266.879,-5117.0
3976,28766.735,22428.833,7441.0,5085.507,-6074.0
3977,28604.982,21122.5,8703.0,6044.087,-7522.0
3978,29372.148,20051.167,9167.0,7094.586,-8774.0
3979,29381.008,19332.917,8876.0,7021.696,-9283.0
3980,28460.131,18246.0,8330.0,6739.736,-9185.0
3981,26402.926,15908.083,6790.0,6163.447,-8502.0
3982,24830.249,14408.333,5832.0,5013.521,-8621.0
3983,23864.746,13042.167,4703.0,4202.185,-8704.0
3984,22619.666,11771.5,3870.0,2875.771,-9223.0
3985,21971.775,11302.083,3409.0,2162.296,-9297.0
3986,21799.188,11143.167,3257.0,1749.626,-9544.0
3987,21611.49,11113.5,3612.0,1853.595,-9637.0
3988,22573.473,12100.667,4541.0,2244.411,-10150.0
3989,26162.873,15810.833,3752.0,2569.645,-8915.0
3990,26577.532,18895.583,2726.0,1749.553,-6039.0
3991,25106.905,20017.417,2763.0,1120.093,-4113.0
3992,24601.489,20026.417,2619.0,1115.677,-3459.0
3993,24150.14,20310.417,2726.0,1079.329,-2867.0
3994,23731.584,20286.083,2649.0,1045.106,-2430.0
3995,23747.927,19826.5,2626.0,1032.032,-2896.0
3996,24874.302,21087.583,2859.0,1101.323,-2925.0
3997,24631.439,21579.0,3531.0,1526.044,-2438.0
3998,26075.489,22156.583,3804.0,2070.511,-3033.0
3999,27207.612,23160.25,4614.0,2259.967,-3782.0
4000,27213.825,22274.417,5232.0,2959.013,-4593.0
4001,26873.699,20564.333,7571.0,4595.971,-6665.0
4002,27082.102,18587.167,8998.0,6670.541,-8203.0
4003,28369.735,18278.083,8875.0,7087.256,-9260.0
4004,27221.029,16482.333,7888.0,6790.301,-9217.0
4005,25665.873,14564.083,6581.0,5819.394,-9244.0
4006,24592.337,13123.0,5048.0,4533.942,-9364.0
4007,23017.829,11898.917,4098.0,3140.517,-9457.0
4008,22182.429,11101.25,3374.0,2425.784,-9410.0
4009,22134.778,10982.917,2944.0,2036.466,-9440.0
4010,22103.039,11416.333,2715.0,1662.311,-9120.0
4011,22339.647,12417.0,3002.0,1567.252,-8738.0
4012,22759.891,13226.5,3405.0,1778.996,-8540.0
4013,25089.064,15505.75,2620.0,1910.919,-7673.0
4014,25764.393,18110.333,2847.0,1410.664,-6471.0
4015,24997.479,19056.417,2794.0,1206.667,-4909.0
4016,24648.105,19419.333,2639.0,1189.376,-4059.0
4017,24417.291,19259.667,2617.0,1120.23,-4035.0
4018,24376.666,19345.417,2694.0,1122.855,-3983.0
4019,24634.627,19968.333,3229.0,1442.899,-3833.0
4020,24791.299,20376.25,3688.0,1902.654,-3581.0
4021,25496.901,21172.583,4591.0,2383.923,-3912.0
4022,26431.677,21832.167,5430.0,3083.115,-4327.0
4023,27819.335,22832.833,6235.0,3840.106,-4762.0
4024,29074.491,23061.833,6804.0,4882.262,-5315.0
4025,27594.864,21377.5,9099.0,5748.969,-6948.0
4026,28728.439,20292.583,10319.0,7678.461,-8457.0
4027,29198.24,19239.25,9858.0,8003.595,-9194.0
4028,28366.615,17187.583,8532.0,7506.636,-9585.0
4029,26361.814,15161.417,7439.0,6383.003,-9637.0
4030,24949.782,13846.333,6388.0,5442.054,-9430.0
4031,23665.181,13010.333,5523.0,4440.452,-9118.0
4032,22179.945,11861.917,4842.0,3657.634,-8883.0
4033,21579.226,11330.25,4464.0,3243.581,-8850.0
4034,21119.727,11061.417,4488.0,2903.915,-9023.0
4035,21205.928,11145.417,4967.0,2991.116,-9417.0
4036,22155.0,12063.917,5698.0,3361.688,-9808.0
4037,24572.693,14177.5,4660.0,3509.798,-8926.0
4038,26213.846,17079.417,3970.0,2853.034,-7632.0
4039,25841.862,18428.083,3875.0,2357.384,-6312.0
4040,25739.045,19324.583,4003.0,2370.067,-5428.0
4041,25426.741,19478.5,3919.0,2495.846,-4752.0
4042,25635.962,20357.75,4541.0,2544.817,-4655.0
4043,25830.867,20859.417,5111.0,3294.055,-4169.0
4044,26560.276,21927.083,6107.0,3865.797,-4255.0
4045,27771.854,23177.333,7017.0,4734.126,-4258.0
4046,28762.209,24099.333,7416.0,5421.481,-4038.0
4047,29922.09,25614.917,8530.0,6038.778,-4179.0
4048,30248.684,25851.167,9539.0,6870.122,-4447.0
4049,28897.579,24009.333,11620.0,8075.851,-5813.0
4050,29887.18,22582.667,12794.0,10219.119,-7260.0
4051,30255.163,21406.417,11966.0,10295.351,-7900.0
4052,29097.314,19975.167,11157.0,9567.752,-8092.0
4053,27718.091,17532.75,9099.0,8671.946,-7993.0
4054,25585.109,15103.5,7133.0,6808.214,-8187.0
4055,24757.086,13255.583,5670.0,5509.108,-9043.0
4056,22802.534,12220.833,4973.0,3891.306,-9044.0
4057,22008.663,11923.833,4733.0,3232.435,-8966.0
4058,21400.715,11809.167,4799.0,3076.153,-8695.0
4059,21800.162,12295.833,5080.0,3216.933,-8748.0
4060,22740.047,12393.583,5042.0,3407.069,-9362.0
4061,24960.758,14706.0,4340.0,3218.363,-8757.0
4062,26049.588,17140.417,3409.0,2352.776,-7346.0
4063,25548.097,18417.833,3674.0,2143.869,-6041.0
4064,25550.697,19220.167,3938.0,2400.135,-5249.0
4065,25295.58,19509.667,3967.0,2585.518,-4548.0
4066,25635.183,20063.583,4232.0,2734.205,-4450.0
4067,26239.278,20641.667,4433.0,2941.217,-4470.0
4068,26971.762,21407.083,5104.0,3369.284,-4680.0
4069,28579.81,22475.667,5771.0,4041.748,-5214.0
4070,29617.168,24025.333,7027.0,4626.44,-5373.0
4071,29991.22,25439.917,8622.0,5468.909,-5085.0
4072,30614.229,25756.75,9310.0,6452.084,-5096.0
4073,29535.742,23537.75,10667.0,7781.597,-6264.0
4074,29843.788,21859.167,11338.0,8786.227,-7917.0
4075,29719.247,20701.333,10745.0,8863.519,-8280.0
4076,29005.961,19310.25,10074.0,8443.316,-8707.0
4077,27539.058,16167.5,7472.0,7499.163,-8725.0
4078,26893.651,14332.5,5519.0,6205.756,-9255.0
4079,24583.052,13190.583,4802.0,4240.073,-9335.0
4080,23134.945,11855.333,3617.0,2999.217,-9278.0
4081,22354.355,11105.417,2981.0,2192.544,-9418.0
4082,21813.732,10957.083,2934.0,1744.254,-9427.0
4083,21573.446,11095.417,3045.0,1653.634,-9250.0
4084,21572.935,11088.833,3004.0,1649.706,-9219.0
4085,23236.522,13617.333,2652.0,1468.794,-8183.0
4086,23922.422,16961.0,2783.0,912.027,-6213.0
4087,23477.507,18233.0,2651.0,851.112,-4425.0
4088,23128.619,18340.917,2796.0,795.308,-4169.0
4089,23544.456,18428.083,2782.0,871.978,-4407.0
4090,23865.373,18775.25,3000.0,998.728,-4472.0
4091,23972.656,19250.833,3146.0,1157.428,-4091.0
4092,24293.837,19231.5,2863.0,1348.942,-3957.0
4093,25569.485,20321.917,3317.0,1555.173,-4390.0
4094,26482.192,21130.917,3748.0,2213.88,-4266.0
4095,27992.837,22347.417,4845.0,2978.025,-4893.0
4096,29096.31,23071.917,6355.0,4279.999,-5480.0
4097,28480.804,21938.5,8613.0,6188.909,-6347.0
4098,28378.232,20163.667,9314.0,7378.17,-7531.0
4099,29057.577,19041.667,8598.0,7645.515,-8349.0
4100,28494.322,17190.083,7483.0,7124.843,-9043.0
4101,26940.165,14976.25,5966.0,6029.52,-9281.0
4102,25228.316,13927.0,5371.0,4870.921,-9182.0
4103,23616.603,12911.333,4991.0,4271.874,-8805.0
4104,22799.217,12159.417,4418.0,3614.405,-8824.0
4105,21676.1,11637.917,4063.0,2697.788,-8784.0
4106,21090.396,11470.5,4048.0,2587.501,-8461.0
4107,20842.666,11071.0,3686.0,2521.271,-8317.0
4108,20690.534,10888.417,3628.0,2097.722,-8713.0
4109,22183.95,12963.75,3253.0,1758.805,-8095.0
4110,21904.588,14633.917,3143.0,1369.277,-6425.0
4111,22102.647,16528.5,3182.0,1346.752,-4790.0
4112,22122.897,17999.75,3154.0,1346.752,-3311.0
4113,21681.009,18384.333,3173.0,1370.281,-2480.0
4114,21946.387,18899.333,3605.0,1444.658,-2588.0
4115,23017.7,19375.917,3612.0,1763.388,-2871.0
4116,24269.113,20144.583,3916.0,1889.135,-3532.0
4117,25918.483,21389.5,4433.0,2263.588,-4079.0
4118,27253.471,22122.833,4757.0,2848.243,-4420.0
4119,28094.001,23325.75,6094.0,3725.856,-4517.0
4120,28432.096,23408.5,7795.0,5272.201,-4927.0
4121,29275.193,22655.333,10137.0,7596.464,-6541.0
4122,28995.935,20425.833,10997.0,9129.706,-7818.0
4123,29864.011,20193.5,10941.0,9524.116,-8468.0
4124,28665.05,17997.5,9734.0,9227.155,-8555.0
4125,27477.285,16142.333,8001.0,8151.556,-8565.0
4126,26200.093,14528.0,6141.0,6556.698,-8637.0
4127,24112.74,13045.333,5239.0,5446.012,-8241.0
4128,22558.295,12267.0,4840.0,3929.9,-8582.0
4129,21683.824,11768.417,4662.0,3149.012,-8809.0
4130,21527.698,11678.083,4591.0,3140.22,-8681.0
4131,21606.676,11870.167,5053.0,3337.114,-8833.0
4132,22446.063,12145.25,5458.0,3696.418,-9443.0
4133,25349.474,14890.167,5221.0,3765.913,-9295.0
4134,26400.722,17857.75,5028.0,3335.578,-7616.0
4135,26011.043,18991.5,5214.0,3299.148,-6315.0
4136,26211.107,19928.333,5490.0,3603.378,-5550.0
4137,26539.604,20396.833,5419.0,3771.376,-5171.0
4138,27327.112,21365.583,6016.0,4257.134,-5101.0
4139,28111.499,22894.75,7379.0,5150.354,-4826.0
4140,30039.561,24836.25,9026.0,6437.916,-5172.0
4141,31382.339,26663.583,10765.0,8194.361,-4670.0
4142,33289.583,28388.917,11886.0,9398.271,-4769.0
4143,33476.908,28724.833,12456.0,9716.68,-4872.0
4144,34253.24,28902.0,13957.0,10914.845,-5774.0
4145,33559.83,27321.167,15899.0,12927.269,-6591.0
4146,33156.775,25021.417,15843.0,13848.963,-7510.0
4147,33615.07,24045.75,14702.0,13532.925,-8119.0
4148,31578.753,21697.417,13080.0,12243.941,-8098.0
4149,30005.058,18827.5,10693.0,11003.163,-8248.0
4150,27845.204,16964.583,9150.0,9039.225,-8372.0
4151,25746.223,14731.417,7303.0,7163.412,-8535.0
4152,24562.432,13675.667,6447.0,5672.37,-9042.0
4153,23121.646,13041.833,5973.0,4628.418,-8805.0
4154,22274.685,12581.333,6028.0,4384.957,-8717.0
4155,22964.324,13129.833,6213.0,4511.095,-8917.0
4156,23624.478,13650.75,6435.0,4795.333,-8994.0
4157,25924.895,15949.333,6028.0,4843.167,-8541.0
4158,26992.503,18965.667,5830.0,4236.441,-7001.0
4159,26768.685,20522.583,6280.0,4187.707,-5719.0
4160,27042.975,21165.833,6176.0,4310.747,-5123.0
4161,27282.038,22156.75,6658.0,4535.893,-4628.0
4162,27417.155,22340.167,7179.0,4975.594,-4661.0
4163,29653.759,24126.5,7956.0,6064.864,-4799.0
4164,30852.459,25380.167,8976.0,6644.898,-5184.0
4165,32353.21,27225.0,10798.0,7977.815,-5329.0
4166,34166.231,28940.5,11785.0,9284.336,-5107.0
4167,34752.912,29363.667,12557.0,10249.85,-5077.0
4168,34668.535,29181.5,13843.0,10951.64,-5759.0
4169,34436.11,28169.0,15990.0,13108.715,-6529.0
4170,33807.17,25946.917,15917.0,13852.859,-7305.0
4171,33737.662,24393.333,14511.0,13430.934,-7805.0
4172,32137.199,22506.833,13209.0,12040.971,-8179.0
4173,30419.665,18794.5,9928.0,10854.77,-8079.0
4174,28297.529,16622.0,8165.0,8260.134,-8961.0
4175,25638.907,15119.5,6983.0,6221.012,-8662.0
4176,23927.971,13998.333,6391.0,5434.243,-8267.0
4177,23382.662,13420.083,5923.0,4811.184,-8455.0
4178,22582.371,13267.167,6034.0,4412.809,-8317.0
4179,22823.107,13592.75,6602.0,4848.962,-8364.0
4180,24059.504,14210.5,6884.0,5270.609,-8843.0
4181,25424.735,16321.25,7048.0,5498.09,-8034.0
4182,26424.136,17997.333,6719.0,5084.408,-7442.0
4183,27243.309,19620.333,6185.0,4536.581,-6652.0
4184,26996.908,20692.167,6447.0,4651.347,-5481.0
4185,27280.559,21720.417,7266.0,4992.747,-5214.0
4186,28700.809,22709.833,7562.0,5564.581,-5369.0
4187,28988.259,23841.917,8723.0,6091.947,-5158.0
4188,31255.404,25223.333,9766.0,7569.676,-5609.0
4189,32754.538,27133.5,10875.0,8274.643,-5602.0
4190,33293.573,28572.75,12221.0,8859.428,-5463.0
4191,34197.202,29240.917,13431.0,10401.891,-5366.0
4192,34293.555,28844.333,14364.0,11186.827,-6007.0
4193,33915.197,27706.667,15662.0,12423.135,-6828.0
4194,33075.134,25415.25,15568.0,12905.489,-7703.0
4195,32848.131,24689.083,15124.0,12765.653,-7898.0
4196,31000.127,22052.0,13536.0,12017.732,-7847.0
4197,29719.178,18768.833,10607.0,10648.949,-8289.0
4198,27993.27,16634.333,8770.0,8638.541,-8871.0
4199,26021.041,15570.083,7329.0,6623.563,-8537.0
4200,24202.87,14009.0,6385.0,5269.475,-8690.0
4201,23031.634,13111.833,5814.0,4039.406,-9075.0
4202,22708.856,13110.917,5698.0,3617.545,-9059.0
4203,22883.826,13759.75,6185.0,3648.681,-9041.0
4204,23662.119,14054.25,6377.0,4036.474,-9329.0
4205,25608.326,15931.5,6260.0,4070.431,-9247.0
4206,27088.389,18589.667,5797.0,3786.327,-7890.0
4207,27143.523,19846.0,5578.0,3672.128,-6584.0
4208,26987.967,21238.833,5894.0,3690.738,-5333.0
4209,26785.789,21922.5,6625.0,4048.894,-4820.0
4210,27600.552,22309.917,7206.0,4808.24,-5069.0
4211,28973.506,24092.5,8137.0,5290.611,-5108.0
4212,29505.871,24708.5,8830.0,6158.976,-4849.0
4213,31971.467,26442.833,9756.0,7368.239,-5297.0
4214,34041.207,29076.167,10597.0,7796.645,-5146.0
4215,32903.498,28802.667,11430.0,8524.436,-4387.0
4216,33747.191,28474.25,12422.0,9696.546,-5379.0
4217,32688.912,26351.083,13765.0,10858.434,-6625.0
4218,32713.95,24236.833,13934.0,11538.721,-8253.0
4219,32173.656,23193.667,13823.0,11698.594,-8485.0
4220,30886.431,21256.417,13045.0,11308.62,-8747.0
4221,29657.817,18025.5,10205.0,10458.922,-8759.0
4222,27885.621,15877.417,8359.0,8553.809,-9194.0
4223,25493.392,13884.417,6832.0,6481.58,-9340.0
4224,23863.457,12356.083,5690.0,4849.978,-9728.0
4225,22958.73,11959.5,5116.0,3699.835,-9796.0
4226,22389.993,11618.0,4686.0,3233.598,-9605.0
4227,22294.588,11916.167,4902.0,2924.026,-9737.0
4228,22883.258,12114.0,5029.0,3174.863,-10004.0
4229,25324.728,14612.25,4805.0,3141.083,-9757.0
4230,26349.522,17821.667,4886.0,3009.46,-7785.0
4231,26472.174,19061.5,4724.0,2892.279,-6623.0
4232,26741.808,20452.0,5003.0,2929.413,-5744.0
4233,26891.168,21179.167,5638.0,3384.606,-5346.0
4234,28270.203,21864.833,5795.0,3862.975,-5718.0
4235,29106.105,23018.583,6638.0,4432.127,-5674.0
4236,30800.394,25104.833,8384.0,5338.166,-6122.0
4237,31654.86,26211.583,10041.0,6828.882,-6036.0
4238,33173.575,27297.0,11530.0,8129.18,-6658.0
4239,34995.31,28562.917,11834.0,9397.999,-6249.0
4240,34625.554,28325.0,12656.0,9690.159,-6647.0
4241,33730.311,27474.25,14583.0,11184.666,-7035.0
4242,32207.266,24783.417,14636.0,11790.455,-7650.0
4243,32593.472,23787.5,13683.0,11474.577,-8395.0
4244,31435.947,21720.5,12296.0,10864.052,-8528.0
4245,29826.086,18975.167,9806.0,9421.524,-8616.0
4246,28484.207,16807.917,7688.0,7663.896,-9081.0
4247,26270.735,15073.417,6062.0,5672.923,-8967.0
4248,24659.828,13655.25,4808.0,4086.183,-9107.0
4249,23333.227,13981.75,5207.0,2842.082,-9097.0
4250,22428.606,13817.417,5111.0,3242.794,-7860.0
4251,21960.088,13790.667,5303.0,3147.027,-7706.0
4252,22046.354,13615.5,5246.0,3117.459,-7940.0
4253,24494.829,15320.083,3919.0,3061.351,-7413.0
4254,25187.18,17574.583,3063.0,1945.202,-6111.0
4255,24206.23,18700.917,3192.0,1033.918,-5044.0
4256,24388.019,19008.167,3233.0,1096.457,-4897.0
4257,25378.615,19662.917,3338.0,1286.303,-5148.0
4258,26631.53,20658.167,3493.0,1598.969,-5248.0
4259,27972.805,21914.417,3961.0,2226.994,-5173.0
4260,28663.309,23478.0,5371.0,3325.914,-4611.0
4261,29873.952,25191.25,6265.0,4303.307,-4025.0
4262,30728.63,26586.75,7234.0,5109.485,-3647.0
4263,31073.586,28353.5,9661.0,5968.691,-3793.0
4264,31249.641,28540.833,11352.0,7702.413,-3739.0
4265,30712.974,27358.5,13629.0,10072.079,-4292.0
4266,29565.932,24198.583,13390.0,10710.954,-5427.0
4267,29596.279,22675.917,12430.0,10247.967,-6483.0
4268,28332.348,19853.417,10935.0,9652.536,-7142.0
4269,27396.9,17746.417,9144.0,8571.089,-7604.0
4270,26213.738,16746.667,8360.0,7672.677,-7535.0
4271,23884.201,15425.417,7384.0,6465.389,-6758.0
4272,22627.448,14010.0,6298.0,5257.053,-7039.0
4273,21702.518,12700.25,5279.0,4254.873,-7407.0
4274,21269.712,12499.5,5489.0,3878.817,-7761.0
4275,21358.626,12578.75,5355.0,3727.481,-7788.0
4276,21054.384,12156.75,4926.0,3702.239,-7502.0
4277,22725.2,13388.917,3546.0,3085.888,-7177.0
4278,23312.034,15969.917,2256.0,1325.723,-5653.0
4279,22084.975,17395.167,2286.0,515.414,-3841.0
4280,22486.955,18656.917,2114.0,522.644,-2802.0
4281,21709.868,19271.917,2128.0,501.556,-1445.0
4282,21596.368,19716.417,2159.0,501.556,-918.0
4283,21882.476,20042.583,2116.0,521.497,-815.0
4284,22099.322,20159.333,2016.0,510.594,-826.0
4285,22361.817,19994.25,2295.0,590.172,-1453.0
4286,22695.02,19971.833,3588.0,1169.792,-2522.0
4287,24255.99,20469.417,4776.0,2312.178,-3631.0
4288,24131.176,20185.833,6459.0,3430.948,-4354.0
4289,24489.886,19328.083,8350.0,5295.407,-5597.0
4290,25285.117,18357.083,9518.0,7251.638,-6575.0
4291,25952.181,17684.0,8943.0,7523.786,-7068.0
4292,25140.131,15338.333,7478.0,6563.403,-8097.0
4293,24287.596,13466.083,6171.0,5430.117,-8943.0
4294,22928.745,12613.083,5540.0,4330.267,-8906.0
4295,21885.07,11815.417,5669.0,4179.258,-8940.0
4296,21398.938,11055.167,5408.0,3954.377,-9178.0
4297,20813.91,10801.5,5426.0,3830.015,-8989.0
4298,20895.821,10832.833,5223.0,3762.593,-8904.0
4299,21028.509,11280.917,5667.0,3729.197,-9066.0
4300,22771.025,12028.167,5459.0,3983.463,-9599.0
4301,24985.169,14939.583,4678.0,3692.191,-8412.0
4302,26887.338,17722.0,3000.0,2808.943,-6737.0
4303,25122.568,19060.75,2600.0,1085.423,-4957.0
4304,24430.838,19433.583,2434.0,607.859,-4204.0
4305,23832.201,19188.25,2477.0,501.556,-4000.0
4306,24072.342,19012.75,2520.0,584.197,-4376.0
4307,24924.901,19883.25,2704.0,523.256,-4603.0
4308,25029.747,20618.167,2781.0,522.185,-4051.0
4309,25593.914,21715.333,3429.0,763.186,-3925.0
4310,26137.841,22858.083,4708.0,1609.362,-3759.0
4311,27467.747,23735.5,5432.0,2953.852,-3591.0
4312,27612.443,23018.75,6342.0,3776.298,-4540.0
4313,26771.842,20836.5,8336.0,5460.947,-6191.0
4314,27925.047,19517.333,9325.0,7053.319,-8060.0
4315,28068.053,18679.917,9355.0,7505.741,-8618.0
4316,27716.637,17193.583,8525.0,6968.659,-9460.0
4317,26130.7,15197.75,7430.0,6187.555,-9556.0
4318,25005.673,13862.5,6062.0,5065.778,-9520.0
4319,23426.676,13000.25,5497.0,4271.031,-9033.0
4320,22832.654,11521.75,4210.0,3720.509,-9181.0
4321,21798.188,11373.333,4285.0,2742.459,-9348.0
4322,21650.121,11161.667,4082.0,2689.06,-9262.0
4323,21676.701,11291.417,4425.0,2681.889,-9509.0
4324,22569.943,11522.917,4580.0,2984.631,-10023.0
4325,24813.57,13242.417,3750.0,3203.758,-9498.0
4326,25994.08,15932.917,3467.0,2397.768,-8511.0
4327,25724.444,17162.417,3145.0,1504.633,-7583.0
4328,25536.58,18087.667,3229.0,1271.519,-6787.0
4329,24815.619,18155.417,3263.0,1302.808,-6001.0
4330,25369.548,18288.417,3251.0,1375.737,-6337.0
4331,26108.298,19237.833,4044.0,1545.069,-6750.0
4332,27135.324,19962.75,4420.0,1822.179,-7151.0
4333,28933.579,21256.583,4997.0,2704.6,-7350.0
4334,30408.525,23171.0,6064.0,3579.13,-7103.0
4335,31455.369,24473.0,6947.0,4665.974,-6644.0
4336,31348.329,24572.333,8489.0,5851.601,-6794.0
4337,30640.068,23427.25,10697.0,7614.423,-7676.0
4338,30032.14,21104.333,11388.0,9201.412,-8495.0
4339,29979.595,20772.667,11592.0,9159.533,-9020.0
4340,28953.838,18329.75,9867.0,8769.693,-9102.0
4341,27506.964,15983.083,8224.0,7350.485,-9778.0
4342,25757.718,13820.5,6222.0,5879.823,-9660.0
4343,24325.747,12577.0,4983.0,4340.352,-9772.0
4344,22668.527,11490.75,4230.0,3086.382,-9702.0
4345,21761.214,10582.5,3975.0,2575.319,-9959.0
4346,21661.5,10560.333,3831.0,2161.772,-10151.0
4347,21791.612,10746.583,3862.0,2167.633,-10120.0
4348,23062.081,12073.75,4575.0,2298.936,-10645.0
4349,24467.133,14078.0,3974.0,2520.738,-9223.0
4350,26099.394,16506.583,3101.0,1918.416,-8156.0
4351,26068.713,17687.75,2926.0,1680.568,-7007.0
4352,25811.015,18456.083,3211.0,1641.537,-6305.0
4353,25639.446,18462.917,3137.0,1905.134,-5789.0
4354,26030.221,18986.25,3377.0,1889.576,-5912.0
4355,26683.654,19813.583,3394.0,2095.676,-5549.0
4356,26976.432,20702.667,4302.0,2447.371,-5509.0
4357,28614.694,22196.083,5066.0,3379.216,-5486.0
4358,29243.838,22901.667,5743.0,3937.776,-5528.0
4359,30559.05,24321.5,6913.0,4692.155,-5839.0
4360,30723.026,24408.917,8181.0,5615.714,-6260.0
4361,29265.341,23098.417,10953.0,7340.529,-7160.0
4362,29474.522,21131.583,11688.0,9041.544,-8370.0
4363,30043.986,20338.417,11194.0,9302.174,-8978.0
4364,29222.057,18502.917,10051.0,8854.745,-9296.0
4365,27326.928,15969.917,8368.0,7713.616,-9392.0
4366,25879.884,14076.583,6487.0,6404.906,-9266.0
4367,24485.282,12716.583,5798.0,5234.303,-9713.0
4368,22581.905,11795.667,5429.0,4060.844,-9535.0
4369,22260.142,11258.417,4908.0,3531.33,-9759.0
4370,21905.148,10791.417,4425.0,3115.337,-9804.0
4371,22324.603,11161.75,4439.0,2846.458,-10136.0
4372,22611.7,11776.417,4960.0,2785.889,-10390.0
4373,24881.721,14387.75,4652.0,2747.576,-9779.0
4374,25529.624,16499.167,3754.0,2149.062,-8016.0
4375,25455.701,17692.5,3491.0,1691.806,-6943.0
4376,25029.964,18276.0,3649.0,1692.569,-6091.0
4377,24597.303,18534.5,3498.0,1676.408,-5265.0
4378,24584.78,18792.25,3600.0,1694.135,-5079.0
4379,25195.215,19536.167,4060.0,1782.654,-5317.0
4380,26769.395,21114.583,4733.0,2212.417,-5556.0
4381,28088.425,22051.5,4838.0,2855.53,-5400.0
4382,28732.037,22973.667,5848.0,3229.976,-5757.0
4383,29932.248,23864.75,6279.0,3723.103,-6004.0
4384,29906.06,24033.583,7801.0,4580.082,-6474.0
4385,29616.406,22651.417,9854.0,6820.595,-7379.0
4386,29504.073,20707.667,10769.0,8392.012,-8554.0
4387,29609.087,19784.5,10324.0,8391.192,-9138.0
4388,29015.108,18258.75,9274.0,7876.963,-9534.0
4389,27067.369,15722.417,7465.0,6974.557,-9216.0
4390,25706.223,13837.75,6104.0,6026.078,-9327.0
4391,23283.445,12238.833,5322.0,4307.217,-9440.0
4392,22401.569,11413.333,4904.0,3637.84,-9635.0
4393,21702.368,10567.667,4113.0,2903.307,-9725.0
4394,21234.293,10368.583,4311.0,2629.315,-9928.0
4395,21245.882,10256.833,4214.0,2665.654,-9918.0
4396,21393.539,10046.167,4081.0,2566.978,-10242.0
4397,23254.886,12132.5,3175.0,2126.991,-9551.0
4398,24002.97,15313.5,2553.0,1072.075,-7551.0
4399,22527.369,16628.583,2413.0,515.391,-5177.0
4400,22354.407,17154.333,2435.0,508.679,-4507.0
4401,22612.997,17779.917,2742.0,679.686,-4276.0
4402,23326.444,17894.917,2642.0,874.133,-4580.0
4403,24497.619,19004.417,3274.0,1359.808,-4788.0
4404,25825.331,19806.833,3694.0,2007.102,-5086.0
4405,27549.502,20733.917,4144.0,2665.19,-5675.0
4406,28907.639,22028.083,5384.0,2994.161,-6650.0
4407,30035.866,24315.0,7569.0,4174.471,-6496.0
4408,30936.581,25091.25,9382.0,6014.936,-6593.0
4409,30779.521,23868.333,11370.0,8564.793,-7097.0
4410,30514.448,21457.75,11594.0,9588.303,-8443.0
4411,30776.53,21126.583,11274.0,9346.552,-8958.0
4412,29397.911,19693.417,10569.0,8890.099,-8764.0
4413,27352.687,17056.667,8752.0,8007.625,-8421.0
4414,26493.058,14506.583,6546.0,6841.079,-9072.0
4415,24873.489,12641.833,5106.0,4926.26,-9792.0
4416,23337.199,11301.833,3726.0,3281.971,-9860.0
4417,22191.733,10128.5,2961.0,2274.838,-10130.0
4418,21407.656,9754.25,2924.0,1683.011,-10275.0
4419,21469.288,9402.25,2482.0,1505.643,-10424.0
4420,21116.779,9308.083,2188.0,1060.3,-10317.0
4421,22429.796,11846.75,2058.0,889.651,-9132.0
4422,22671.201,15370.25,2010.0,501.556,-6190.0
4423,21996.284,16891.333,1957.0,501.556,-3941.0
4424,21862.401,17563.917,2035.0,514.09,-3200.0
4425,22477.904,17937.75,2181.0,614.759,-3487.0
4426,23820.683,18019.5,2098.0,792.788,-4487.0
4427,25554.316,18469.583,2224.0,1027.338,-5662.0
4428,28025.59,20528.917,3534.0,1780.278,-6631.0
4429,29439.73,22234.417,4411.0,2785.918,-6211.0
4430,30528.531,23447.917,5342.0,3361.219,-6442.0
4431,31518.51,24924.917,6895.0,4526.198,-6343.0
4432,32328.553,26154.917,8845.0,5912.241,-6487.0
4433,30842.179,25075.0,11526.0,7918.784,-6755.0
4434,30232.693,22512.333,11905.0,9530.965,-7475.0
4435,30578.673,21065.75,10656.0,9107.528,-8442.0
4436,29320.385,18858.0,9099.0,7994.99,-8947.0
4437,28135.182,16791.833,7471.0,6883.953,-9311.0
4438,26388.188,15009.917,6057.0,5371.876,-9444.0
4439,24981.943,13212.333,4435.0,4456.215,-9129.0
4440,23649.554,12060.083,3757.0,3516.076,-9211.0
4441,22011.27,11573.75,3449.0,2280.125,-8987.0
4442,21020.819,10827.167,3030.0,1969.258,-8635.0
4443,21166.302,10513.25,2749.0,1740.657,-9042.0
4444,20104.653,10152.667,2932.0,1404.591,-8860.0
4445,22558.325,13041.667,2588.0,1266.263,-8219.0
4446,22144.511,16218.083,2322.0,705.033,-4924.0
4447,21333.618,17814.667,2377.0,501.556,-2775.0
4448,21040.618,17940.667,2361.0,501.556,-2340.0
4449,22434.934,18150.667,2251.0,652.873,-3263.0
4450,24114.459,19087.5,2789.0,912.564,-4284.0
4451,26319.006,19828.417,3100.0,1628.195,-5343.0
4452,28529.487,21616.917,4560.0,2621.176,-6232.0
4453,30433.245,23448.667,6023.0,3934.183,-6454.0
4454,32328.405,25873.0,8163.0,5572.01,-6427.0
4455,33179.083,28071.0,10299.0,7004.688,-5783.0
4456,34094.271,28812.75,11849.0,8550.126,-5961.0
4457,33322.684,27173.667,13691.0,10530.622,-6690.0
4458,32442.749,24848.917,14109.0,11671.438,-7412.0
4459,32786.695,24282.917,13504.0,11445.384,-7943.0
4460,30635.479,21394.333,11551.0,10989.75,-7183.0
4461,28546.876,18572.667,9084.0,9070.814,-7368.0
4462,26736.898,15754.917,6466.0,6927.587,-7901.0
4463,24709.181,14267.833,5510.0,5343.953,-7988.0
4464,23435.782,12865.75,4241.0,3920.637,-8271.0
4465,21631.373,12553.75,4654.0,2831.228,-8281.0
4466,22029.202,12297.0,4269.0,3082.807,-8299.0
4467,21803.408,12525.917,4526.0,2803.096,-8381.0
4468,22588.466,13410.5,5036.0,2869.571,-8725.0
4469,24957.761,16075.5,4917.0,3324.866,-7855.0
4470,26194.111,19720.083,5069.0,3040.633,-5883.0
4471,25647.631,20678.083,5013.0,3058.153,-4305.0
4472,26272.218,21926.333,5627.0,3288.489,-4065.0
4473,26849.023,21931.583,5592.0,3824.044,-4066.0
4474,28447.843,23718.917,6848.0,4260.532,-4697.0
4475,29900.709,26382.0,8830.0,5605.314,-4124.0
4476,31752.156,27972.333,9230.0,6914.427,-3476.0
4477,32879.316,29568.167,10332.0,7543.755,-3480.0
4478,34604.613,30202.167,10893.0,8807.051,-3869.0
4479,35922.622,31419.0,12021.0,9588.227,-4317.0
4480,36156.031,32421.75,13946.0,10596.886,-4464.0
4481,33850.929,29911.917,15820.0,12494.618,-4645.0
4482,33214.562,27456.667,16434.0,13709.501,-5863.0
4483,33538.962,25488.75,14637.0,13470.817,-6597.0
4484,31296.621,22181.5,12384.0,12031.726,-6848.0
4485,29192.707,19391.0,10155.0,9644.312,-7693.0
4486,27529.998,16360.583,7532.0,7744.019,-8338.0
4487,25932.549,14038.917,5663.0,5718.237,-9219.0
4488,23886.668,12999.083,4807.0,3764.19,-9311.0
4489,23154.216,12435.417,4562.0,3458.404,-9203.0
4490,22846.387,12428.833,4418.0,3287.159,-8929.0
4491,22778.774,12658.5,4674.0,3287.879,-8887.0
4492,23191.26,12706.583,4881.0,3336.282,-9410.0
4493,25787.51,15542.417,4672.0,3274.698,-9023.0
4494,26460.848,18898.0,4575.0,3067.453,-6451.0
4495,25787.062,20330.0,4840.0,2927.667,-4750.0
4496,26289.753,21150.583,4990.0,2994.775,-4515.0
4497,26708.332,21460.833,4989.0,3212.104,-4405.0
4498,27637.139,22243.917,5598.0,3539.827,-4832.0
4499,28912.952,24636.5,7492.0,4467.058,-4682.0
4500,29746.715,26354.417,9074.0,5696.903,-4150.0
4501,31759.925,28001.833,10482.0,7715.697,-3905.0
4502,33007.264,29248.667,11580.0,8613.203,-4106.0
4503,34471.999,29561.583,12150.0,9766.02,-4675.0
4504,35049.617,30132.667,14006.0,10894.555,-5409.0
4505,34598.101,29008.75,16213.0,13419.956,-5763.0
4506,33930.049,26410.0,15973.0,14411.654,-6462.0
4507,33149.635,24322.167,14760.0,13627.074,-7341.0
4508,31850.225,21063.667,12352.0,12263.163,-8256.0
4509,30606.437,18054.333,9604.0,10205.709,-9331.0
4510,28309.989,16225.75,7978.0,7876.844,-9566.0
4511,26403.413,14819.5,6454.0,6268.519,-9150.0
4512,24478.617,13592.167,5394.0,4793.055,-8868.0
4513,23541.232,13102.583,4981.0,3998.254,-8802.0
4514,22973.164,12552.917,4646.0,3628.852,-8818.0
4515,23163.419,13025.917,5192.0,3641.107,-9069.0
4516,23718.724,13477.917,5671.0,3926.412,-9366.0
4517,25644.546,15799.667,5405.0,4182.485,-8448.0
4518,27202.136,19666.333,5640.0,4006.408,-6550.0
4519,26422.872,21014.75,5594.0,4229.727,-4153.0
4520,26001.172,21851.0,6255.0,4281.777,-3504.0
4521,26264.458,21799.583,6039.0,4559.48,-3325.0
4522,28020.921,22682.0,6876.0,5288.526,-4307.0
4523,29046.695,23943.167,7605.0,5368.133,-4721.0
4524,31160.502,25769.5,8857.0,6680.607,-4948.0
4525,32569.74,27839.167,9970.0,7310.178,-4771.0
4526,33408.041,29215.417,11036.0,8205.23,-4404.0
4527,34912.697,30056.167,11740.0,9588.135,-4389.0
4528,35260.212,30369.25,13291.0,10352.567,-5210.0
4529,34310.473,28825.083,15794.0,12784.995,-5875.0
4530,33531.94,26157.417,15927.0,13948.129,-6734.0
4531,33518.879,24494.583,14609.0,13516.901,-7497.0
4532,31638.943,21461.417,12300.0,12072.131,-7786.0
4533,30129.94,18371.25,9510.0,9836.295,-8813.0
4534,27926.047,16517.0,7687.0,7567.652,-8909.0
4535,25945.992,14472.667,5953.0,5747.93,-9059.0
4536,24356.259,13218.917,5274.0,4537.947,-9254.0
4537,23110.952,12514.667,4847.0,3575.89,-9248.0
4538,22871.213,12562.0,5069.0,3447.818,-9311.0
4539,22632.509,12535.417,5258.0,3613.698,-9122.0
4540,23886.45,13390.5,5629.0,3745.555,-9760.0
4541,25935.108,15735.167,5046.0,3707.547,-8919.0
4542,26632.266,19284.833,5417.0,3311.038,-6834.0
4543,26133.812,20383.417,5199.0,3395.001,-4935.0
4544,26081.696,20841.75,5345.0,3467.551,-4498.0
4545,26829.353,21542.083,5848.0,3777.875,-4738.0
4546,28212.795,23201.0,6998.0,4509.4,-4881.0
4547,29025.465,24726.5,8366.0,5603.57,-4442.0
4548,30751.617,26636.083,10183.0,7004.139,-4675.0
4549,32454.274,28758.167,11845.0,8254.712,-4667.0
4550,34045.857,30436.5,13446.0,9751.962,-4684.0
4551,35682.374,31685.0,14839.0,11633.979,-4583.0
4552,36098.262,32468.917,16733.0,12893.95,-4849.0
4553,34929.05,31158.667,19136.0,15333.988,-4953.0
4554,34013.329,28106.167,18839.0,16084.768,-6042.0
4555,33967.213,26894.0,17813.0,15446.818,-6820.0
4556,32381.144,22839.0,14391.0,14401.749,-6912.0
4557,30819.797,19124.75,11338.0,11876.652,-8537.0
4558,28748.192,17560.917,9581.0,9052.881,-9096.0
4559,26381.095,15975.167,8372.0,7262.533,-8896.0
4560,24635.428,14705.75,7323.0,5605.283,-9028.0
4561,23563.893,13953.5,6694.0,4817.998,-8867.0
4562,22684.292,13100.0,6122.0,4382.897,-8704.0
4563,22848.388,13339.333,6266.0,4322.66,-8833.0
4564,23226.561,14148.0,6983.0,4364.166,-9078.0
4565,25141.894,16419.0,7242.0,4966.499,-8379.0
4566,26948.601,20116.833,7192.0,5079.373,-6325.0
4567,26325.669,21054.0,6942.0,5371.274,-4223.0
4568,26797.02,22137.5,7449.0,5241.125,-4248.0
4569,27496.218,23027.917,8276.0,5818.907,-4306.0
4570,29139.281,25104.0,9957.0,6677.886,-4695.0
4571,30689.793,27254.833,11981.0,8156.565,-4640.0
4572,32713.983,29797.0,14180.0,10026.588,-4451.0
4573,34999.194,31342.583,15615.0,11952.216,-4700.0
4574,36617.482,32518.917,17009.0,13311.171,-5177.0
4575,37519.473,33924.417,18384.0,14136.662,-5223.0
4576,37678.296,34333.0,19728.0,15025.901,-5428.0
4577,35577.42,32046.833,21491.0,16500.192,-5902.0
4578,35378.234,29641.417,21338.0,17539.423,-6916.0
4579,35181.923,28381.833,20221.0,17025.695,-7376.0
4580,33653.6,24158.5,17021.0,15930.705,-7966.0
4581,31116.173,20695.5,14319.0,13098.279,-9022.0
4582,29871.173,18057.583,11467.0,11015.195,-9646.0
4583,27951.914,15942.833,9526.0,9062.686,-9853.0
4584,25607.751,14322.75,8128.0,6737.606,-10056.0
4585,24159.574,13021.25,7136.0,5396.929,-10258.0
4586,22952.312,12815.167,7269.0,4775.75,-10011.0
4587,22862.7,12592.25,6928.0,4844.055,-9735.0
4588,22593.835,12689.25,7015.0,4515.19,-9785.0
4589,24236.607,14581.583,6235.0,4538.629,-8732.0
4590,25031.132,17746.75,6018.0,3839.987,-6843.0
4591,25001.629,19791.5,6390.0,3688.734,-5292.0
4592,25456.268,21203.583,7617.0,4502.29,-4748.0
4593,27863.921,22676.25,8145.0,5216.276,-5497.0
4594,29753.441,25039.417,10052.0,6150.629,-5996.0
4595,31939.604,27392.0,12147.0,8351.209,-5724.0
4596,34089.887,29636.417,13862.0,10352.076,-5344.0
4597,35802.035,31886.833,15591.0,11861.806,-5025.0
4598,37926.974,34239.583,17666.0,13942.996,-4791.0
4599,38525.933,35991.75,19603.0,15110.788,-4407.0
4600,38326.716,35771.75,20711.0,16318.571,-4328.0
4601,37176.925,33932.5,22257.0,17733.03,-5149.0
4602,36229.935,31471.333,22704.0,18492.207,-6351.0
4603,36195.201,30008.833,21051.0,18369.973,-6248.0
4604,34244.153,25630.333,17326.0,16556.425,-6764.0
4605,32442.984,21564.75,13595.0,13646.839,-8207.0
4606,30605.591,19359.417,11540.0,11114.779,-9052.0
4607,26974.51,17214.583,10130.0,8842.532,-8428.0
4608,25641.259,16297.25,9395.0,7559.614,-8560.0
4609,24173.73,14991.333,8291.0,6396.002,-8458.0
4610,23014.087,14211.5,7590.0,5312.192,-8461.0
4611,22744.684,13459.0,6896.0,4942.289,-8620.0
4612,22568.003,13097.75,6511.0,4549.858,-8812.0
4613,24206.327,15384.25,5946.0,4223.682,-7925.0
4614,23809.812,18520.833,6079.0,3910.584,-4838.0
4615,23790.252,20577.833,6447.0,3879.023,-3161.0
4616,24716.199,20611.0,6128.0,3978.804,-3635.0
4617,26356.846,22024.083,7704.0,4511.368,-4906.0
4618,29481.248,24265.75,9341.0,5927.103,-6010.0
4619,31527.142,27230.5,11454.0,7733.247,-5398.0
4620,33254.617,29508.917,13314.0,9582.306,-4858.0
4621,34578.001,32063.333,15814.0,11318.272,-4391.0
4622,36706.771,34135.667,17671.0,13633.709,-3989.0
4623,37496.759,36092.833,19593.0,15030.531,-3347.0
4624,38150.953,36465.5,21271.0,16830.058,-3507.0
4625,37375.918,35195.333,23647.0,18547.189,-4661.0
4626,35923.625,31649.0,22977.0,19591.23,-5041.0
4627,35818.467,29915.083,21475.0,18563.989,-6195.0
4628,34342.073,26011.25,18104.0,17040.428,-6775.0
4629,31891.233,22847.167,14843.0,13713.671,-7554.0
4630,29952.827,19632.0,11930.0,11875.432,-7756.0
4631,27194.215,17056.083,9941.0,9364.737,-8095.0
4632,25387.21,15731.0,8925.0,7474.815,-8487.0
4633,23953.146,14986.25,8258.0,6234.501,-8371.0
4634,23359.843,14494.0,7700.0,5615.448,-8331.0
4635,23569.918,14688.667,8000.0,5554.856,-8707.0
4636,24044.657,15367.75,8751.0,5517.512,-9291.0
4637,26634.325,17898.083,8634.0,5686.847,-9064.0
4638,28541.785,20861.333,7813.0,5305.057,-7569.0
4639,28421.45,22632.0,8106.0,5017.055,-6259.0
4640,29264.489,23622.5,8499.0,5441.594,-6080.0
4641,30382.644,25021.917,9257.0,5922.333,-6076.0
4642,32113.791,27039.333,10435.0,6646.063,-6244.0
4643,33100.099,29912.167,12652.0,8256.538,-4964.0
4644,34360.806,31607.167,13922.0,9616.244,-4440.0
4645,35553.054,33068.917,15135.0,10921.742,-4078.0
4646,36749.226,33943.75,15976.0,11797.081,-4365.0
4647,37230.619,34271.167,16892.0,13007.057,-4225.0
4648,36552.909,34210.5,18723.0,13969.014,-4477.0
4649,34752.408,32035.0,20640.0,15737.013,-5001.0
4650,33930.566,28706.667,19881.0,16889.504,-5596.0
4651,33680.199,26783.083,18470.0,15979.721,-6768.0
4652,32227.636,23702.417,16132.0,14628.825,-7409.0
4653,30258.262,20110.25,12987.0,12344.617,-8171.0
4654,28374.663,17302.417,10373.0,10091.851,-8734.0
4655,26634.046,15079.0,8317.0,8004.651,-9248.0
4656,24553.228,13926.917,7215.0,5888.916,-9333.0
4657,22914.249,13347.5,7357.0,5027.354,-9277.0
4658,22837.361,13067.833,6857.0,4644.133,-9363.0
4659,22555.346,13413.417,7417.0,4428.534,-9511.0
4660,23597.11,14055.417,7831.0,4953.298,-9800.0
4661,25418.139,16613.833,7728.0,4989.91,-8923.0
4662,27195.224,19904.167,6883.0,4885.663,-6669.0
4663,26541.885,21383.917,6813.0,4280.574,-5071.0
4664,26981.501,22202.583,6801.0,4043.522,-4917.0
4665,27292.109,22835.167,6955.0,3985.547,-4807.0
4666,28829.765,24909.333,7924.0,4522.036,-4703.0
4667,29250.459,25883.75,8645.0,5326.314,-4066.0
4668,30770.358,27623.917,9983.0,6491.047,-4019.0
4669,31722.892,29504.667,11825.0,7533.83,-3890.0
4670,32981.177,31294.333,13745.0,9262.449,-3550.0
4671,34650.462,31582.167,14066.0,11064.901,-3450.0
4672,35140.232,31460.333,15121.0,11853.503,-4328.0
4673,33244.928,29796.333,17357.0,13125.2,-5061.0
4674,32646.786,27109.25,17587.0,14948.142,-5557.0
4675,33015.741,25670.833,16347.0,14369.513,-6703.0
4676,31580.685,23299.667,14454.0,13233.623,-6882.0
4677,30036.153,19328.667,11005.0,11732.092,-7361.0
4678,27759.0,17123.083,9087.0,8631.522,-8472.0
4679,26567.801,15683.667,7650.0,7069.739,-8845.0
4680,24082.25,13987.333,6823.0,5525.521,-8773.0
4681,23262.406,13549.75,6895.0,4861.261,-9127.0
4682,23069.306,13528.667,6931.0,4766.244,-9086.0
4683,23187.508,13973.667,7219.0,4799.446,-9014.0
4684,23849.868,14210.833,7563.0,5083.64,-9499.0
4685,26259.484,16684.667,7363.0,5202.422,-9116.0
4686,27615.118,19939.75,6763.0,4779.973,-7039.0
4687,26663.017,21220.25,6736.0,4578.372,-4981.0
4688,26243.391,21432.333,6524.0,4497.663,-4218.0
4689,26771.872,22037.0,6794.0,4376.477,-4533.0
4690,27961.465,23105.167,7409.0,4719.904,-4926.0
4691,28874.787,24485.083,8421.0,5480.308,-4711.0
4692,30106.814,26308.0,9930.0,6545.419,-4564.0
4693,31904.266,27836.5,10846.0,7709.371,-4585.0
4694,33576.574,29162.667,11581.0,8934.512,-4441.0
4695,34459.875,30021.917,12096.0,9456.563,-4458.0
4696,34738.437,29694.083,13273.0,10285.959,-5412.0
4697,33147.318,28459.25,16195.0,12255.673,-6008.0
4698,33149.032,25589.333,15712.0,13809.304,-6843.0
4699,33645.266,25077.25,15039.0,13010.622,-7977.0
4700,31161.824,21214.417,12231.0,11676.013,-7883.0
4701,30240.598,18353.5,9666.0,10130.703,-8803.0
4702,27356.113,16561.667,8481.0,7580.052,-9076.0
4703,26401.453,15026.667,7084.0,6640.391,-9199.0
4704,24309.647,13311.917,6078.0,5391.335,-9065.0
4705,23050.658,12702.417,5838.0,4491.847,-9075.0
4706,22702.897,12580.833,5970.0,4394.669,-9078.0
4707,23120.907,13145.5,6203.0,4542.012,-9017.0
4708,23722.964,13996.333,7024.0,4843.236,-9288.0
4709,25707.713,16058.917,6812.0,5125.401,-8716.0
4710,27381.255,19695.667,6738.0,4843.193,-6961.0
4711,26836.717,21281.417,6771.0,4734.906,-4972.0
4712,26653.5,21984.25,6699.0,4710.855,-4038.0
4713,26952.957,22593.0,6868.0,4621.562,-3987.0
4714,27936.193,23480.417,7009.0,4981.381,-3864.0
4715,29054.847,24806.833,7561.0,5252.619,-3937.0
4716,29934.475,26333.0,8951.0,5726.08,-4207.0
4717,31187.433,28198.583,10635.0,7041.455,-3963.0
4718,32962.165,29148.833,11374.0,8613.937,-3954.0
4719,34629.693,30741.333,12570.0,9466.965,-4372.0
4720,34219.947,30191.0,13875.0,10741.552,-4543.0
4721,32526.108,28081.833,15874.0,12093.88,-5605.0
4722,33237.285,25467.417,15320.0,13400.473,-7070.0
4723,33506.434,24254.0,13892.0,12735.039,-7790.0
4724,31815.711,20867.417,11271.0,11073.9,-8526.0
4725,29550.665,18913.917,10048.0,8954.353,-9111.0
4726,26818.769,16606.333,8908.0,7843.041,-8658.0
4727,26059.934,15007.833,7951.0,7399.706,-8984.0
4728,24962.527,13493.917,6436.0,5939.216,-9346.0
4729,23705.074,12545.833,5723.0,5091.846,-9171.0
4730,23228.536,12765.917,6094.0,4496.224,-9441.0
4731,23277.98,12670.417,5998.0,4736.168,-9250.0
4732,24277.481,13837.75,6823.0,4882.336,-9761.0
4733,25759.965,15293.333,6109.0,4885.237,-9071.0
4734,27665.098,19012.333,5998.0,4431.37,-7600.0
4735,27056.201,20579.0,5998.0,4134.806,-5721.0
4736,26880.669,21216.833,5934.0,4035.44,-4943.0
4737,27319.633,21909.5,6001.0,3971.738,-4820.0
4738,28143.361,22823.167,6414.0,4307.8,-4807.0
4739,29681.768,24368.25,7157.0,5016.123,-4835.0
4740,30099.655,25988.417,9147.0,5728.843,-4910.0
4741,31559.043,27335.25,10516.0,7758.398,-4362.0
4742,33675.871,28757.583,11294.0,9055.892,-4537.0
4743,34168.92,29171.417,12126.0,9477.109,-5027.0
4744,34396.418,29055.583,14221.0,11046.44,-5896.0
4745,33434.55,27793.667,16687.0,13179.489,-6529.0
4746,33030.858,25784.0,17154.0,14384.463,-7397.0
4747,33361.717,24857.417,16285.0,14430.905,-7739.0
4748,31579.023,21633.0,13905.0,13354.628,-7877.0
4749,29224.51,18091.333,11359.0,10983.782,-8889.0
4750,27068.966,16073.167,10036.0,8586.404,-9826.0
4751,26199.763,14119.0,8494.0,8063.368,-9892.0
4752,24923.935,12352.167,7148.0,6973.373,-10127.0
4753,24113.717,11534.333,6505.0,5849.988,-10615.0
4754,22987.392,11107.833,6383.0,5223.164,-10420.0
4755,22842.456,11314.25,6365.0,4978.811,-10295.0
4756,23069.34,11444.333,6267.0,5043.611,-10229.0
4757,23967.054,13429.583,6171.0,4701.076,-9388.0
4758,25390.779,16965.167,5697.0,4249.218,-7254.0
4759,24216.063,18122.167,5413.0,3653.501,-5234.0
4760,24104.929,18893.5,5599.0,3706.034,-4485.0
4761,24824.975,19322.583,5415.0,3826.996,-4471.0
4762,26071.095,20721.667,6111.0,4017.033,-4824.0
4763,27369.403,21626.25,6550.0,4519.758,-5154.0
4764,28991.987,23555.417,7789.0,5369.176,-5237.0
4765,30122.599,25783.667,9787.0,6535.537,-4971.0
4766,32362.516,28309.417,11735.0,8729.704,-4439.0
4767,33741.379,29355.083,12942.0,10031.901,-4677.0
4768,34737.599,29531.333,14496.0,11711.871,-5371.0
4769,33801.367,28171.917,16303.0,13251.055,-6062.0
4770,32894.216,25411.083,16189.0,13992.737,-7060.0
4771,33414.275,24804.083,15399.0,13875.797,-7514.0
4772,31658.729,21754.333,12914.0,12770.001,-7429.0
4773,29396.47,18179.417,10238.0,10314.658,-8521.0
4774,26967.936,16584.5,9276.0,7820.041,-9220.0
4775,25629.816,15259.75,8454.0,7419.672,-8785.0
4776,23797.489,13950.667,7352.0,6021.427,-8558.0
4777,22977.235,13013.75,6353.0,5233.09,-8464.0
4778,22411.825,12240.333,5745.0,4549.096,-8748.0
4779,22246.127,12174.333,5723.0,4279.399,-8896.0
4780,22159.488,11513.667,4808.0,4027.427,-8807.0
4781,22859.129,13435.25,4465.0,3022.484,-8247.0
4782,23640.304,17210.167,4647.0,2842.742,-5615.0
4783,22670.514,18699.417,4611.0,2736.702,-3226.0
4784,22313.419,18956.25,4496.0,2716.774,-2517.0
4785,22982.397,19292.0,4536.0,2689.002,-2918.0
4786,25059.85,20622.5,4823.0,3014.955,-3626.0
4787,26526.948,22050.083,5544.0,3532.47,-3869.0
4788,27711.412,23819.417,6890.0,4355.601,-3807.0
4789,28833.894,25494.917,8023.0,5578.582,-3164.0
4790,30462.497,27167.583,9558.0,6741.519,-3492.0
4791,31762.491,28603.583,11319.0,8137.513,-3721.0
4792,32482.803,28362.25,12521.0,9798.158,-4224.0
4793,31531.928,26556.333,14657.0,11015.199,-5998.0
4794,31266.575,24445.417,14939.0,12359.764,-6781.0
4795,31563.956,23256.75,14103.0,12421.811,-7369.0
4796,29918.814,21207.333,12989.0,11413.086,-7668.0
4797,28763.702,18701.333,10644.0,10573.974,-7513.0
4798,26416.603,16417.25,8403.0,8178.958,-7604.0
4799,25888.517,14515.083,6572.0,7011.039,-8315.0
4800,23818.745,13418.583,5592.0,4772.766,-8600.0
4801,22749.902,13135.833,5604.0,4008.673,-8590.0
4802,22422.008,13234.0,5640.0,3958.613,-8250.0
4803,23050.724,13977.583,5884.0,3996.745,-8341.0
4804,23782.2,14720.917,6268.0,4325.889,-8384.0
4805,24681.778,15909.0,6344.0,4833.383,-7664.0
4806,26938.204,19996.583,7030.0,5015.226,-6337.0
4807,27099.794,21811.917,6820.0,4512.482,-4976.0
4808,27267.843,22886.583,6816.0,4526.865,-4051.0
4809,27526.28,23597.083,6833.0,4564.802,-3578.0
4810,27979.436,24865.5,7742.0,5235.541,-3001.0
4811,28851.868,26524.75,8950.0,6071.723,-2586.0
4812,30061.577,27733.5,9757.0,7098.682,-2367.0
4813,31052.638,29316.167,11491.0,7930.076,-2678.0
4814,33215.464,30317.667,12046.0,9715.402,-2609.0
4815,34234.192,31208.083,12870.0,10300.714,-2976.0
4816,34574.229,31714.25,14586.0,11374.584,-3452.0
4817,33605.281,29446.333,16035.0,13000.552,-4574.0
4818,33115.491,26841.917,15840.0,13589.179,-5905.0
4819,32707.358,25135.833,14826.0,13277.129,-6501.0
4820,31296.807,22496.417,13093.0,12450.996,-6823.0
4821,29657.657,20092.25,11601.0,10718.012,-7829.0
4822,27084.954,17017.917,9059.0,8776.642,-7730.0
4823,26422.239,15038.0,7499.0,7360.844,-8903.0
4824,24456.863,13869.25,6763.0,5763.218,-8968.0
4825,23754.253,12981.333,6106.0,5315.525,-8944.0
4826,23167.922,12987.0,6246.0,4795.527,-9012.0
4827,23495.905,13516.417,6672.0,5082.094,-8950.0
4828,23951.572,14082.0,7205.0,5264.177,-9191.0
4829,25660.633,15756.417,7115.0,5459.821,-8940.0
4830,27540.972,18494.5,6549.0,5336.077,-7640.0
4831,26794.256,19435.75,6481.0,4533.111,-6687.0
4832,26605.432,20285.417,6966.0,4754.621,-5912.0
4833,27434.501,21300.333,7477.0,5033.773,-5958.0
4834,28300.176,22790.583,8069.0,5495.197,-5464.0
4835,29671.92,25166.917,9577.0,6576.608,-4886.0
4836,30834.777,27141.333,10900.0,7851.049,-4123.0
4837,30954.159,28402.333,12826.0,9078.431,-3680.0
4838,33604.13,30419.583,14129.0,10908.152,-3786.0
4839,33143.622,30411.833,15389.0,11837.394,-3664.0
4840,34849.884,30683.417,15770.0,13193.073,-4124.0
4841,32627.186,29123.833,17767.0,13904.958,-4746.0
4842,32689.763,26210.417,16702.0,14757.952,-5804.0
4843,32852.446,24675.833,15428.0,13924.218,-7061.0
4844,30997.029,21577.833,13327.0,12699.801,-7427.0
4845,29412.31,18464.333,10615.0,10560.582,-8383.0
4846,26762.062,16454.833,9372.0,8122.834,-8937.0
4847,24974.469,14466.167,8140.0,7197.908,-8831.0
4848,23525.568,13040.333,7284.0,6019.84,-9130.0
4849,23008.115,12287.583,6817.0,5422.137,-9496.0
4850,22306.935,11999.333,6779.0,4915.207,-9552.0
4851,22662.421,12614.75,7284.0,5020.276,-9692.0
4852,23064.101,13213.833,7903.0,5303.873,-9830.0
4853,25400.744,15110.167,7387.0,5665.182,-9393.0
4854,27539.747,16973.167,5394.0,5010.185,-8331.0
4855,26853.542,18558.25,5277.0,3670.897,-7282.0
4856,26581.889,19498.5,5344.0,3576.994,-6231.0
4857,27029.378,20305.667,5194.0,3530.316,-5768.0
4858,26986.144,21073.5,5475.0,3493.249,-5275.0
4859,27557.806,21972.75,6024.0,3955.661,-5034.0
4860,29213.141,23221.667,6407.0,4408.079,-5371.0
4861,30078.323,25052.583,7893.0,4983.345,-5316.0
4862,30681.72,25921.667,8982.0,6122.659,-5000.0
4863,31538.021,26847.583,10513.0,7232.043,-5352.0
4864,31952.058,26496.75,11601.0,8587.913,-5849.0
4865,30988.725,24898.667,13812.0,10324.663,-6958.0
4866,31007.049,23192.0,14371.0,11521.654,-8045.0
4867,30506.123,22737.167,14434.0,11475.561,-8108.0
4868,29433.367,19688.333,12096.0,11288.639,-7933.0
4869,27976.446,17049.667,9980.0,9525.384,-8762.0
4870,25544.965,15201.25,8850.0,7695.32,-8879.0
4871,24271.536,13861.333,7842.0,6622.808,-9010.0
4872,23080.479,13104.583,7106.0,5556.5,-8906.0
4873,22634.489,12106.417,6025.0,4940.678,-8993.0
4874,22591.498,12039.667,5858.0,4504.437,-9286.0
4875,22413.678,12437.167,6424.0,4457.117,-9324.0
4876,23276.099,13049.25,6836.0,4865.454,-9578.0
4877,25538.38,14949.333,6045.0,4951.652,-9063.0
4878,26519.249,17325.083,5253.0,4092.77,-7735.0
4879,26257.111,18871.5,5323.0,3473.216,-6616.0
4880,25713.102,19186.5,5458.0,3167.207,-6198.0
4881,25783.229,19455.417,5195.0,3207.417,-5696.0
4882,25755.421,20176.083,5499.0,3396.943,-5062.0
4883,26195.408,21194.25,5956.0,3857.763,-4480.0
4884,27057.886,22178.667,6439.0,4134.824,-4564.0
4885,28493.642,23776.75,6929.0,4444.497,-4582.0
4886,29520.551,24850.583,7935.0,4909.572,-5076.0
4887,30516.33,25850.667,9127.0,6003.268,-5170.0
4888,31649.537,25978.25,10346.0,7826.892,-5571.0
4889,30374.964,23594.167,11943.0,8894.403,-7210.0
4890,31282.122,22594.667,13279.0,10515.06,-8832.0
4891,31483.283,21220.0,12282.0,10904.888,-9021.0
4892,30363.509,19295.583,10540.0,9905.531,-9083.0
4893,27661.402,16629.167,8871.0,8227.84,-9056.0
4894,25360.249,14552.167,7912.0,6824.687,-9276.0
4895,25147.009,13207.417,6774.0,6255.197,-9839.0
4896,23377.467,12150.417,6046.0,4838.655,-9815.0
4897,22694.294,11562.917,5754.0,4586.982,-9679.0
4898,22149.438,11313.667,5612.0,4073.376,-9755.0
4899,22795.561,11968.0,5665.0,4126.166,-9747.0
4900,22985.393,12092.833,5906.0,4245.165,-9934.0
4901,24932.46,13531.083,5411.0,4187.981,-10005.0
4902,26799.478,16672.333,4926.0,3679.749,-8754.0
4903,26303.471,17744.917,4668.0,3122.16,-7485.0
4904,25849.379,18636.583,4937.0,2983.401,-6547.0
4905,25886.0,19484.417,5343.0,3075.189,-6050.0
4906,26410.347,20184.417,5625.0,3632.535,-5599.0
4907,27037.128,21259.583,6283.0,4072.15,-5369.0
4908,28272.498,22234.583,6769.0,4619.52,-5568.0
4909,29551.371,23039.167,7250.0,5349.809,-5793.0
4910,31045.399,24107.583,7896.0,5615.421,-6599.0
4911,31902.334,25858.75,9770.0,6864.19,-6330.0
4912,31813.748,25964.25,11225.0,8431.103,-6024.0
4913,31590.407,24519.583,13165.0,10393.429,-7223.0
4914,31402.863,22230.917,12864.0,11057.552,-8359.0
4915,31161.996,20933.75,11813.0,10631.851,-8790.0
4916,29780.272,19125.167,10860.0,9643.71,-9252.0
4917,28147.432,16672.75,9020.0,8336.287,-9539.0
4918,25408.746,14156.25,7766.0,6644.101,-9755.0
4919,24518.418,13082.083,7030.0,5719.939,-10127.0
4920,23598.021,12222.417,6148.0,4992.209,-9912.0
4921,21993.806,11168.917,5613.0,4149.495,-9669.0
4922,21627.771,10968.333,5413.0,3694.043,-9759.0
4923,21620.623,10832.917,5204.0,3623.311,-9749.0
4924,21928.918,10836.833,5391.0,3718.69,-10145.0
4925,23106.028,11856.167,4512.0,3776.466,-9366.0
4926,24291.873,15110.833,4132.0,2914.645,-7779.0
4927,23296.533,16655.0,4091.0,2318.138,-5795.0
4928,22988.264,17193.75,4035.0,2207.119,-5003.0
4929,23050.557,17532.5,3969.0,2248.662,-4619.0
4930,23984.173,18341.083,4311.0,2464.694,-4870.0
4931,25124.638,18836.583,4430.0,2863.66,-5235.0
4932,26793.101,20240.5,5555.0,3638.206,-5850.0
4933,28376.51,21774.333,6761.0,4535.781,-6208.0
4934,29911.959,23273.25,7962.0,5451.314,-6530.0
4935,31118.774,25518.333,10104.0,6845.045,-6240.0
4936,31783.496,26457.167,12564.0,9068.934,-6202.0
4937,31076.245,24628.583,14441.0,11421.267,-6848.0
4938,31092.289,22224.917,14246.0,12175.978,-8318.0
4939,31077.14,21755.667,13775.0,11679.079,-8798.0
4940,29137.61,19273.25,12284.0,10956.965,-8572.0
4941,27743.21,16919.0,10437.0,9666.815,-8975.0
4942,25396.47,15134.0,9681.0,8171.075,-9153.0
4943,23967.541,13700.75,8708.0,7481.396,-8874.0
4944,23106.74,12180.0,7299.0,6397.345,-9209.0
4945,21520.331,11580.75,7101.0,5257.186,-9164.0
4946,21167.733,10930.25,6568.0,5179.088,-9007.0
4947,20969.974,10869.25,6480.0,4728.33,-9233.0
4948,20862.458,10713.667,6264.0,4641.396,-9152.0
4949,22482.919,11984.833,5166.0,4326.691,-8718.0
4950,23670.035,15681.0,4511.0,3361.64,-6519.0
4951,21960.905,16648.0,3919.0,2636.51,-3976.0
4952,21808.984,17049.75,3727.0,2324.839,-3542.0
4953,22239.97,17558.5,4016.0,2210.075,-3868.0
4954,23465.084,18133.083,4554.0,2621.605,-4645.0
4955,25074.507,19038.833,5190.0,3342.279,-5264.0
4956,27963.78,21143.917,6563.0,4758.468,-6005.0
4957,29929.183,23035.667,7545.0,5573.121,-6246.0
4958,30474.011,25051.333,10189.0,7001.282,-5991.0
4959,32264.958,27202.167,12187.0,9010.396,-5620.0
4960,32942.101,27969.417,14527.0,11024.29,-5856.0
4961,32040.451,26567.583,16542.0,13219.473,-6176.0
4962,31596.271,24211.5,16434.0,13718.376,-7481.0
4963,31546.102,22761.583,15426.0,13384.124,-8207.0
4964,30347.582,20628.833,13558.0,12307.354,-8350.0
4965,28560.641,18451.917,10947.0,10748.329,-7688.0
4966,25701.653,16352.5,9666.0,8637.758,-7758.0
4967,24328.474,14623.0,8457.0,7610.079,-7933.0
4968,23011.989,13817.583,8151.0,6650.011,-8076.0
4969,21897.45,13221.833,8122.0,6311.222,-7867.0
4970,21668.404,12917.083,7879.0,6279.925,-7731.0
4971,22228.957,13656.083,8218.0,6215.478,-7956.0
4972,22808.658,14924.333,9426.0,6631.929,-8059.0
4973,24782.792,16717.75,9277.0,7429.647,-7293.0
4974,27357.642,19424.5,7836.0,6856.747,-6293.0
4975,26709.843,20792.917,7680.0,5848.531,-5129.0
4976,26690.501,22145.667,8380.0,5961.44,-4344.0
4977,26653.038,23063.333,9177.0,6571.309,-3576.0
4978,28015.41,24862.167,10163.0,7180.848,-3516.0
4979,29384.189,27609.75,12021.0,8882.044,-2294.0
4980,31118.373,30064.083,13764.0,10755.895,-1443.0
4981,32237.368,32154.5,15660.0,12977.473,-146.0
4982,33668.561,33887.75,16494.0,13490.416,-165.0
4983,33791.037,35214.5,18445.0,14343.142,-59.0
4984,34236.458,34889.0,19790.0,16324.063,-194.0
4985,33052.231,32253.0,20969.0,17310.836,-1838.0
4986,32609.972,29886.25,20812.0,17565.327,-3351.0
4987,32733.516,27645.75,19128.0,17514.371,-4082.0
4988,31135.242,23972.0,16247.0,16017.847,-4773.0
4989,29769.748,19442.583,11632.0,12938.77,-6401.0
4990,27096.846,17361.833,10161.0,9705.618,-7571.0
4991,25306.977,16119.917,9452.0,8359.666,-7660.0
4992,23918.578,14536.833,8128.0,7416.35,-7474.0
4993,23040.482,13828.333,7814.0,6420.753,-7986.0
4994,22189.47,13633.25,7699.0,5983.825,-7652.0
4995,22479.029,13830.917,7690.0,5959.718,-7759.0
4996,23342.501,14853.75,8653.0,6295.356,-8227.0
4997,24814.151,16207.5,8236.0,6612.256,-7611.0
4998,27144.012,19089.333,7296.0,6085.283,-6646.0
4999,26484.163,20355.0,7144.0,5371.768,-5282.0
5000,26262.141,21177.667,7406.0,5462.08,-4409.0
5001,26617.724,22282.75,8220.0,5868.579,-4067.0
5002,27760.466,23570.917,9032.0,6542.154,-4060.0
5003,29107.464,25524.417,10545.0,7864.652,-3644.0
5004,30933.547,28572.75,12720.0,9541.402,-2920.0
5005,32325.039,30427.583,14279.0,11445.06,-2112.0
5006,33775.619,31808.0,15238.0,12343.224,-2243.0
5007,34854.191,33319.833,16679.0,13413.962,-2180.0
5008,35156.545,33352.167,18078.0,14665.984,-2597.0
5009,34108.85,31294.5,19845.0,16338.955,-3701.0
5010,33373.527,28312.5,19121.0,16634.632,-4928.0
5011,33294.29,27091.417,18342.0,16044.478,-5881.0
5012,31333.515,23821.833,16227.0,15108.287,-6011.0
5013,30019.152,20088.417,13015.0,13046.341,-7280.0
5014,27287.203,17594.583,11333.0,10785.225,-7621.0
5015,26152.778,15588.0,9279.0,9256.383,-7968.0
5016,24303.173,14684.417,8710.0,7446.361,-8263.0
5017,23357.893,13840.75,7863.0,6841.748,-7919.0
5018,22770.006,13507.25,7606.0,6168.361,-8081.0
5019,22939.177,13871.583,7639.0,6081.199,-8006.0
5020,23764.45,15255.5,8655.0,6245.556,-8299.0
5021,25507.041,17267.667,8643.0,6790.979,-7472.0
5022,26983.256,20061.333,7895.0,6427.528,-5770.0
5023,26301.713,21493.667,8138.0,5874.651,-4452.0
5024,26527.102,22336.667,8270.0,6156.041,-3685.0
5025,26469.363,23106.333,8984.0,6643.634,-3084.0
5026,28096.579,25207.0,10369.0,7682.184,-2957.0
5027,29083.156,27116.0,12005.0,9066.761,-2286.0
5028,31244.796,30022.75,14315.0,10872.651,-2045.0
5029,32863.285,31844.25,15589.0,12735.64,-1253.0
5030,34452.681,33466.167,16795.0,13730.119,-1432.0
5031,35429.797,34868.333,18745.0,15101.069,-1586.0
5032,35327.381,34519.0,20438.0,17027.986,-1599.0
5033,33260.215,32121.333,22408.0,18097.487,-2830.0
5034,33795.228,29588.75,21506.0,18927.083,-4166.0
5035,33543.063,27022.583,19124.0,17782.084,-5243.0
5036,31483.348,23080.417,16216.0,15785.536,-6214.0
5037,29753.897,20459.833,14298.0,13660.668,-7312.0
5038,27853.262,18064.833,12429.0,11897.033,-7701.0
5039,26119.318,16051.75,10464.0,9991.173,-7921.0
5040,24836.716,14335.417,8903.0,8338.904,-8446.0
5041,23546.709,13723.417,8133.0,6920.897,-8416.0
5042,22570.936,13272.833,8175.0,6333.707,-8520.0
5043,22872.668,13595.083,8566.0,6607.19,-8617.0
5044,23789.102,14527.5,9130.0,6890.207,-8882.0
5045,25762.426,16588.5,8863.0,7218.531,-8199.0
5046,27692.882,19556.583,7911.0,6678.904,-6749.0
5047,27157.545,21623.833,8242.0,6087.317,-5069.0
5048,26894.921,22458.75,8461.0,6085.776,-4192.0
5049,27862.934,24250.25,9877.0,6748.289,-4122.0
5050,29418.126,27310.583,11948.0,8026.148,-3410.0
5051,30701.836,29349.583,13251.0,10309.857,-1674.0
5052,32681.819,31450.583,14722.0,12124.84,-1209.0
5053,33911.792,33867.75,16904.0,13450.647,-878.0
5054,35748.02,35686.333,18403.0,14931.292,-914.0
5055,36030.475,37163.667,20523.0,16379.413,-391.0
5056,37490.947,36904.917,21837.0,18674.635,-1129.0
5057,34898.979,33794.917,23582.0,19648.667,-2418.0
5058,35311.002,31034.0,22858.0,20066.607,-4449.0
5059,34949.769,29159.667,21703.0,19394.707,-5479.0
5060,33320.781,24802.333,18344.0,18185.052,-6058.0
5061,31710.966,21489.667,15346.0,15228.904,-7719.0
5062,29214.711,18162.0,12417.0,12724.316,-8126.0
5063,26692.975,16601.5,11049.0,10018.08,-8503.0
5064,25178.281,15542.417,10015.0,8686.469,-8345.0
5065,23905.255,14709.25,9254.0,7595.61,-8235.0
5066,23106.659,14194.833,9117.0,7209.43,-8200.0
5067,23358.556,14255.5,9262.0,7185.661,-8560.0
5068,24499.601,15314.0,9844.0,7716.206,-8694.0
5069,25721.027,17084.25,9455.0,7674.382,-7798.0
5070,28076.56,19691.417,8153.0,7131.749,-6787.0
5071,27901.174,21886.333,8457.0,6236.446,-5616.0
5072,28760.98,23909.333,9383.0,6556.252,-5059.0
5073,29627.19,24892.083,9861.0,7265.712,-4711.0
5074,31224.464,28186.167,12505.0,8397.902,-4526.0
5075,32682.398,30762.083,14670.0,10984.92,-2986.0
5076,34847.202,33412.583,16572.0,12977.223,-2410.0
5077,35619.001,35211.75,17868.0,14300.856,-1355.0
5078,37443.782,36485.917,18460.0,15326.47,-1472.0
5079,36967.458,37178.833,19975.0,15816.23,-1328.0
5080,37789.372,36965.25,21523.0,17562.727,-2165.0
5081,35328.84,33483.333,22710.0,18774.112,-3162.0
5082,36459.04,31420.667,22045.0,19200.978,-5263.0
5083,35229.702,29393.583,20373.0,18271.724,-5318.0
5084,33868.862,25265.917,16755.0,16566.551,-6172.0
5085,32109.255,22166.333,13705.0,13431.527,-7597.0
5086,28649.806,18844.75,11347.0,11032.661,-7500.0
5087,27486.36,17425.25,9839.0,9372.715,-7908.0
5088,25418.911,15546.083,8244.0,7699.433,-7798.0
5089,23687.415,14652.083,8088.0,6512.936,-7991.0
5090,23074.373,14168.833,7816.0,5999.144,-8103.0
5091,22390.991,13736.5,7819.0,5769.096,-8085.0
5092,22755.106,13979.417,8096.0,5868.295,-8384.0
5093,24147.356,14956.417,7011.0,5831.544,-7751.0
5094,25774.56,18860.417,6826.0,5062.749,-6058.0
5095,24901.71,21040.167,7093.0,4759.148,-3576.0
5096,25092.84,21524.917,6903.0,5021.528,-2830.0
5097,25623.629,21977.0,7316.0,5069.234,-3274.0
5098,27490.076,23412.5,8315.0,5657.181,-4116.0
5099,29219.035,25498.083,9998.0,7075.557,-4024.0
5100,31307.49,27880.5,11573.0,8850.595,-3530.0
5101,32560.849,29341.917,12815.0,10106.537,-3308.0
5102,34059.48,31127.667,14533.0,11666.419,-3179.0
5103,35148.118,31795.417,14928.0,12531.306,-3130.0
5104,35030.378,32393.417,17307.0,13331.567,-3993.0
5105,33429.055,29871.083,19165.0,15369.577,-4734.0
5106,33614.935,27004.917,18462.0,16433.623,-6019.0
5107,33789.272,25520.583,17009.0,15492.294,-7166.0
5108,31552.328,23244.333,15492.0,14292.6,-6888.0
5109,30494.132,20333.417,12597.0,12769.321,-7369.0
5110,28185.152,18111.417,10178.0,10105.34,-7527.0
5111,26244.948,15654.0,8282.0,8311.553,-7942.0
5112,24478.19,14295.667,6878.0,6284.129,-8157.0
5113,22764.121,13441.25,6170.0,4903.476,-7970.0
5114,21604.001,12860.5,6392.0,4648.106,-7868.0
5115,21241.065,13163.583,7119.0,4429.086,-8148.0
5116,21107.236,12681.167,6833.0,5093.675,-7546.0
5117,22919.604,13708.167,5342.0,4603.042,-7331.0
5118,24012.156,17024.083,4871.0,3519.678,-5720.0
5119,22929.986,19060.917,4862.0,2911.674,-3200.0
5120,22972.653,19653.917,4765.0,2916.342,-2548.0
5121,23940.042,20484.667,5067.0,3099.981,-2803.0
5122,25799.858,22003.833,5837.0,3629.63,-3384.0
5123,28079.017,24281.583,6989.0,4691.039,-3476.0
5124,29517.499,26081.333,8500.0,5826.771,-3490.0
5125,31290.599,28599.167,10737.0,7856.038,-2953.0
5126,32588.266,30316.833,12210.0,9389.037,-2473.0
5127,33999.46,31698.417,13589.0,10980.649,-2290.0
5128,34145.116,30933.833,14755.0,12367.887,-2979.0
5129,32814.203,28454.417,16483.0,13354.392,-4869.0
5130,33094.698,26318.75,16536.0,14186.553,-6506.0
5131,32457.594,24482.25,15310.0,13911.949,-6754.0
5132,30792.516,21724.0,13437.0,12831.121,-7055.0
5133,29249.328,19163.667,11415.0,11060.267,-7821.0
5134,26785.193,17255.167,9518.0,8895.632,-7533.0
5135,25460.715,14949.75,7483.0,7548.57,-7826.0
5136,23734.504,13822.75,6591.0,5796.359,-8087.0
5137,22630.515,13305.75,6421.0,5141.37,-7985.0
5138,22409.572,13412.75,6198.0,4754.427,-7821.0
5139,23215.673,14018.5,6070.0,4708.778,-7939.0
5140,23706.764,14935.333,6654.0,4805.035,-8001.0
5141,25139.281,16514.0,6855.0,4984.886,-7876.0
5142,27697.953,19926.917,6284.0,4704.642,-6731.0
5143,27884.448,22472.083,6218.0,4285.969,-4725.0
5144,27883.988,23076.417,6154.0,4328.177,-4014.0
5145,29332.209,24274.333,6557.0,4599.48,-4396.0
5146,31294.922,26614.25,7940.0,5307.277,-4694.0
5147,32538.752,28514.083,9105.0,6389.274,-4121.0
5148,33951.709,30558.583,10632.0,7462.731,-3943.0
5149,35621.088,34224.25,14215.0,10827.443,-2165.0
5150,37193.257,36114.667,15556.0,12424.195,-1591.0
5151,36943.794,36125.583,16362.0,13564.815,-996.0
5152,36840.361,35911.667,18252.0,14714.299,-1847.0
5153,35183.001,33252.5,19869.0,16196.106,-2984.0
5154,35287.921,30893.417,19205.0,16894.109,-4086.0
5155,34025.431,26983.417,16208.0,15621.619,-5009.0
5156,32571.685,23671.417,13583.0,13197.874,-6666.0
5157,30404.404,21701.833,12041.0,11427.176,-6697.0
5158,27603.933,18628.667,9639.0,9483.871,-6511.0
5159,27236.794,15829.75,6757.0,7444.649,-8100.0
5160,25017.626,14543.833,5805.0,4977.398,-8682.0
5161,23925.168,13797.917,5264.0,4053.857,-8718.0
5162,23483.188,13485.917,5063.0,3864.876,-8576.0
5163,23726.508,13959.5,5163.0,3716.613,-8594.0
5164,23914.431,14569.583,6076.0,3848.453,-8953.0
5165,26162.837,15860.667,5783.0,4337.775,-9128.0
5166,27946.74,19521.75,5841.0,4028.595,-7618.0
5167,27924.773,21357.167,5725.0,3745.212,-5928.0
5168,27878.371,22335.667,5465.0,3699.309,-4689.0
5169,27848.386,22926.25,5528.0,3670.741,-4160.0
5170,29086.469,24371.75,6291.0,3975.324,-4411.0
5171,30047.734,25708.667,7192.0,4656.672,-4255.0
5172,31209.484,26877.083,7892.0,5482.006,-4123.0
5173,32305.202,28297.333,8908.0,6418.473,-3878.0
5174,33893.589,30411.833,10688.0,7464.361,-4086.0
5175,34468.881,30514.417,11246.0,8891.069,-3690.0
5176,34352.062,30209.417,12497.0,9578.251,-4442.0
5177,33337.587,28107.417,14519.0,11296.775,-5833.0
5178,33194.826,25651.333,13999.0,12356.097,-6567.0
5179,32859.242,24652.083,13555.0,11669.764,-7473.0
5180,31177.245,21823.083,11396.0,11186.767,-6944.0
5181,29134.38,18841.833,9019.0,8842.151,-7850.0
5182,26673.504,16538.0,7482.0,6970.109,-8028.0
5183,26090.052,14874.0,5967.0,5808.658,-8755.0
5184,24297.716,13765.167,5102.0,4253.154,-8762.0
5185,23347.202,13056.0,4536.0,3420.807,-8787.0
5186,22775.818,12809.833,4531.0,3269.589,-8608.0
5187,23396.917,13383.583,4770.0,3284.939,-8879.0
5188,24249.48,14452.833,5341.0,3365.252,-9153.0
5189,25951.381,15732.083,4913.0,3672.902,-8840.0
5190,28510.522,20072.75,4833.0,3409.377,-7242.0
5191,27365.562,21800.75,4583.0,2829.417,-4699.0
5192,26986.035,22740.417,4476.0,2621.224,-3481.0
5193,26758.486,23477.417,4566.0,2597.674,-2630.0
5194,27000.314,24052.0,4668.0,2700.919,-2296.0
5195,27555.712,24605.333,5012.0,2838.984,-2504.0
5196,28640.968,25779.833,6041.0,3495.74,-2787.0
5197,29639.761,26482.167,6934.0,4360.199,-3112.0
5198,30924.835,27497.083,7906.0,5074.356,-3640.0
5199,31049.655,27097.083,8317.0,5676.177,-3974.0
5200,31402.148,26551.417,9471.0,6655.336,-5047.0
5201,30297.53,23891.833,11191.0,8259.302,-6718.0
5202,30879.005,21932.25,11183.0,9274.36,-8236.0
5203,30653.709,21254.167,11029.0,9017.147,-8792.0
5204,29424.955,18725.417,9258.0,8435.143,-8903.0
5205,27412.964,16985.25,8069.0,6699.319,-9178.0
5206,25568.082,15086.833,6824.0,5843.854,-8842.0
5207,24438.023,13805.667,5795.0,5016.961,-8791.0
5208,23383.816,12692.083,4878.0,3967.338,-8983.0
5209,22070.961,12125.083,5052.0,3491.483,-8887.0
5210,21921.114,11913.667,5193.0,3614.053,-8967.0
5211,22644.739,12622.083,5443.0,3659.261,-9187.0
5212,23248.013,13319.583,5955.0,3958.035,-9306.0
5213,25455.654,14613.417,5397.0,4299.842,-9320.0
5214,27259.907,18221.083,5344.0,3568.428,-8195.0
5215,26651.028,20203.667,5234.0,3201.967,-5860.0
5216,25792.787,20814.667,5290.0,3040.726,-4608.0
5217,25513.118,20810.5,4990.0,2973.223,-4100.0
5218,25815.73,21403.917,5097.0,2946.419,-3943.0
5219,26446.189,21986.667,5104.0,2946.128,-3998.0
5220,27636.862,22622.833,5155.0,3107.633,-4442.0
5221,28774.137,24076.333,6079.0,3570.409,-4587.0
5222,30402.791,25476.083,6696.0,4356.313,-4647.0
5223,30570.647,25577.417,7375.0,4821.835,-4927.0
5224,31378.302,25848.583,8874.0,5872.324,-5912.0
5225,29798.833,22976.0,10346.0,7597.438,-6952.0
5226,31052.301,21276.0,10271.0,8349.906,-9078.0
5227,31043.909,20505.583,9915.0,8238.931,-9595.0
5228,29617.975,18889.917,8895.0,7767.663,-9236.0
5229,27469.085,16730.583,7375.0,6351.107,-9143.0
5230,25708.883,14820.583,5825.0,4931.905,-9162.0
5231,24798.151,13245.083,4763.0,4238.672,-9458.0
5232,23406.54,12231.417,4219.0,3242.728,-9532.0
5233,22545.728,11837.917,4068.0,2765.416,-9391.0
5234,22166.52,11562.0,3941.0,2712.125,-9214.0
5235,22809.428,12062.25,4073.0,2583.783,-9617.0
5236,23092.028,12804.083,4960.0,2719.55,-9909.0
5237,24911.402,13722.833,4340.0,3286.174,-9623.0
5238,26503.783,17344.5,4576.0,2712.888,-8403.0
5239,25979.63,18790.167,4454.0,2406.068,-6618.0
5240,25759.566,19207.083,4256.0,2316.088,-5873.0
5241,25881.833,19782.083,4529.0,2438.354,-5571.0
5242,26208.527,20023.667,4654.0,2788.465,-5431.0
5243,27440.638,20980.167,5254.0,3106.076,-5989.0
5244,28581.175,22277.75,6349.0,4096.03,-5937.0
5245,30250.508,23530.5,7277.0,4867.613,-6510.0
5246,31854.998,24621.667,8167.0,5757.937,-7023.0
5247,32516.659,25477.167,9380.0,6562.097,-7238.0
5248,33352.729,25954.0,11109.0,8143.334,-7745.0
5249,31937.912,24114.917,13263.0,10059.6,-8407.0
5250,32173.346,22810.0,13437.0,11062.951,-9118.0
5251,31524.631,21816.333,12895.0,10965.903,-9018.0
5252,30172.926,19279.25,11166.0,10194.281,-9246.0
5253,28544.819,17086.667,9513.0,8524.757,-9827.0
5254,26235.765,15800.667,8821.0,7201.704,-9435.0
5255,25086.618,14337.667,7601.0,6711.556,-9019.0
5256,23864.733,12663.583,6237.0,5580.755,-9238.0
5257,22964.1,11745.417,5482.0,4651.288,-9430.0
5258,22549.444,11375.0,5097.0,4104.049,-9548.0
5259,22278.04,11461.167,5231.0,3810.478,-9618.0
5260,22187.411,11123.833,5088.0,3713.182,-9819.0
5261,23883.457,11989.833,3733.0,3399.229,-9608.0
5262,25361.561,16151.083,3613.0,2421.083,-7783.0
5263,23679.784,17790.917,3666.0,1870.472,-5065.0
5264,23410.718,18559.583,3636.0,1848.74,-4019.0
5265,23902.482,18803.417,3661.0,1958.67,-4182.0
5266,25115.058,19536.833,4127.0,2300.829,-4785.0
5267,26605.65,20244.083,4420.0,2844.172,-5318.0
5268,28370.456,21721.917,5471.0,3522.144,-5978.0
5269,29573.358,23248.917,6805.0,4406.046,-6104.0
5270,30982.872,24534.0,8203.0,5539.477,-6493.0
5271,32873.459,26486.333,10112.0,7097.731,-6782.0
5272,33198.861,26924.917,12131.0,8888.549,-6897.0
5273,32363.881,24789.0,13920.0,11086.486,-7789.0
5274,32471.692,23159.167,13609.0,11604.13,-8698.0
5275,31860.262,21982.083,13050.0,11315.784,-8993.0
5276,30106.707,19735.083,11950.0,10741.229,-8961.0
5277,28514.548,17532.917,10226.0,9538.236,-9050.0
5278,26741.213,16251.75,9101.0,8001.068,-8970.0
5279,24449.582,15048.167,8278.0,6940.021,-8120.0
5280,23324.275,13387.083,7049.0,6223.797,-8143.0
5281,22096.003,12280.417,6295.0,4900.191,-8591.0
5282,21273.344,11393.833,5912.0,4402.116,-8770.0
5283,21292.972,11452.583,5962.0,4182.993,-9000.0
5284,20910.719,11271.5,6111.0,4198.824,-8932.0
5285,22008.847,11848.917,4625.0,3855.536,-8310.0
5286,23963.04,16035.5,4200.0,3013.145,-6495.0
5287,22800.399,17945.333,4150.0,2532.671,-3853.0
5288,22150.795,18578.917,4127.0,2446.483,-2633.0
5289,22787.026,18884.5,4212.0,2489.131,-3006.0
5290,24387.146,19852.25,4914.0,2741.501,-4088.0
5291,26274.881,20853.833,5684.0,3702.653,-4783.0
5292,28316.466,22719.167,7175.0,4939.904,-5213.0
5293,30107.528,24412.5,8752.0,6119.633,-5708.0
5294,32011.94,26378.75,10554.0,7611.795,-5956.0
5295,33622.554,27963.75,11981.0,8907.409,-6113.0
5296,33918.208,29770.833,15282.0,11377.98,-5432.0
5297,32841.598,28198.917,17455.0,13296.287,-6182.0
5298,33374.24,25467.583,15989.0,14144.262,-7132.0
5299,32641.291,23859.417,14547.0,12871.48,-7838.0
5300,30210.792,21121.167,13270.0,11876.23,-7864.0
5301,28954.898,18804.5,11032.0,10461.003,-8102.0
5302,26770.46,16894.333,9303.0,8762.732,-7797.0
5303,24814.944,15464.417,8010.0,7076.132,-7665.0
5304,22875.657,14069.667,7082.0,5603.596,-7665.0
5305,21968.734,13522.167,6736.0,4949.172,-7614.0
5306,21673.165,13302.167,6867.0,4877.603,-7741.0
5307,22399.102,13970.417,6966.0,4889.29,-7886.0
5308,22707.866,14451.583,7607.0,5153.887,-8090.0
5309,25216.791,15957.583,7082.0,5347.813,-8374.0
5310,27497.393,18995.417,6356.0,4800.581,-7438.0
5311,27026.09,20558.5,6285.0,3903.195,-6230.0
5312,27225.429,21389.917,6395.0,4117.118,-5494.0
5313,27682.799,22584.917,7044.0,4266.487,-5256.0
5314,28604.651,23289.167,7334.0,4919.089,-5111.0
5315,30305.384,25310.333,8961.0,5711.656,-5625.0
5316,32583.209,27155.333,9796.0,7010.481,-5594.0
5317,34070.176,29297.583,11495.5,8255.697,-5393.0
5318,35302.544,31439.833,13195.0,9898.316,-4540.0
5319,35936.328,31807.333,13931.0,11071.6,-4369.0
5320,35446.706,32001.0,16051.0,11862.311,-5015.0
5321,34019.097,30138.25,18623.0,14165.452,-5719.0
5322,33819.54,27422.583,17527.0,14943.562,-6361.0
5323,33451.624,25386.083,15860.0,13935.146,-7371.0
5324,31308.203,22164.5,13436.0,12390.308,-7570.0
5325,29326.601,19236.75,11388.0,10580.456,-8278.0
5326,26477.985,16739.75,9588.0,8596.84,-8110.0
5327,25365.501,14411.917,7592.0,7174.189,-8752.0
5328,24178.935,13367.833,6603.0,5523.706,-9271.0
5329,23007.97,12555.167,5934.0,4795.409,-8972.0
5330,22298.657,12298.333,5949.0,4210.929,-9119.0
5331,22829.303,12880.0,6272.0,4507.908,-9094.0
5332,23800.658,13889.167,6790.0,4759.097,-9323.0
5333,24981.096,15264.5,6772.0,4944.201,-8925.0
5334,27345.299,18571.083,6278.0,4623.821,-7809.0
5335,27043.036,20612.833,6403.0,4020.808,-6193.0
5336,26826.417,21848.25,6808.0,4271.772,-4895.0
5337,27354.06,22507.083,6811.0,4392.582,-4646.0
5338,28554.074,23172.75,6635.0,4531.929,-4865.0
5339,29897.506,24668.5,7393.0,5139.611,-4863.0
5340,30913.468,26487.917,8886.0,6072.157,-4620.0
5341,32812.218,28791.333,10483.0,7692.489,-4192.0
5342,34000.522,29898.333,11529.0,8962.793,-4049.0
5343,34656.763,30567.0,12884.0,9839.368,-4515.0
5344,34817.44,30388.167,14848.0,11259.879,-5398.0
5345,33475.816,28404.083,17433.0,13432.338,-6453.0
5346,33697.955,25970.667,16268.0,14267.893,-7108.0
5347,33061.28,24298.083,14913.0,13083.801,-7973.0
5348,31204.75,21608.75,12869.0,12126.605,-7719.0
5349,29217.314,19064.0,11020.0,10437.919,-8116.0
5350,26794.148,16263.0,8754.0,8362.753,-8303.0
5351,24649.046,15088.333,8078.0,6523.317,-8496.0
5352,23394.436,14062.917,7523.0,5642.124,-8593.0
5353,22665.448,12754.5,6317.0,4737.553,-8871.0
5354,22054.601,12497.333,6220.0,4067.873,-9090.0
5355,22515.788,12877.5,6295.0,4050.893,-9263.0
5356,23032.164,13820.333,7352.0,4386.436,-9558.0
5357,24608.11,15281.583,7532.0,4929.132,-9310.0
5358,27229.638,18501.25,6612.0,4763.993,-7957.0
5359,26287.078,20779.417,7306.0,4430.266,-5764.0
5360,26513.715,21720.667,7474.0,4707.653,-4940.0
5361,26963.199,22369.083,7787.0,5060.721,-4701.0
5362,28917.134,24695.167,9244.0,5827.572,-5019.0
5363,30337.589,26503.5,10550.0,7184.694,-4580.0
5364,32338.253,28390.5,11994.0,8638.358,-4684.0
5365,34626.382,30829.833,14401.0,10523.154,-5055.0
5366,36802.441,32746.917,15750.0,12095.13,-5091.0
5367,36938.346,32762.333,16936.0,13526.618,-4966.0
5368,37495.338,33491.667,19830.0,15582.277,-5632.0
5369,36222.668,32030.583,21678.0,17552.689,-5698.0
5370,35635.961,30271.5,21006.0,17680.066,-6071.0
5371,34942.332,27784.083,19108.0,16868.854,-6778.0
5372,32372.099,24329.0,16847.0,15471.704,-6799.0
5373,31150.541,21145.417,13973.0,13513.729,-7845.0
5374,28141.436,18162.0,11593.0,10812.041,-8141.0
5375,26685.801,16428.583,9971.0,8959.823,-8649.0
5376,25088.894,14945.667,8601.0,7276.832,-8848.0
5377,23741.345,14150.75,8494.0,6453.2,-9012.0
5378,23484.111,13668.167,8307.0,6344.549,-9159.0
5379,23841.457,14005.167,8393.0,6239.895,-9370.0
5380,24771.174,15667.667,9744.0,6838.112,-9390.0
5381,25326.462,16212.167,10295.0,7703.9,-9086.0
5382,27217.504,17765.583,10350.0,8193.526,-8989.0
5383,28854.099,20057.25,10522.0,8132.454,-8567.0
5384,28706.983,21645.75,11636.0,8711.838,-7366.0
5385,30542.096,24005.583,12821.0,9808.118,-6930.0
5386,31958.046,27304.75,15757.0,11488.901,-6302.0
5387,34224.013,30189.25,17040.0,13538.368,-4917.0
5388,36742.243,33567.667,18659.0,15060.181,-4154.0
5389,38152.572,36334.833,20471.0,15655.344,-4014.0
5390,39556.006,38486.75,21842.0,17749.861,-2542.0
5391,38262.183,38170.333,22937.0,18080.454,-2329.0
5392,38474.743,37801.917,24055.0,19543.431,-2565.0
5393,37094.34,34814.75,23921.0,20139.195,-3442.0
5394,36984.377,31167.417,21292.0,19217.566,-5272.0
5395,36597.104,29361.333,20164.0,17488.375,-7292.0
5396,35030.818,26003.917,17889.0,16653.506,-7643.0
5397,32882.994,22612.333,15187.0,14644.266,-8194.0
5398,30104.561,19937.833,13400.0,12344.333,-8603.0
5399,28009.032,18164.917,12531.0,11168.72,-8587.0
5400,26299.438,16444.5,11374.0,9782.543,-8827.0
5401,24796.6,15495.083,10906.0,8619.122,-8969.0
5402,24485.793,15176.0,10692.0,8310.398,-9072.0
5403,24700.241,15585.25,10908.0,8323.596,-9080.0
5404,25832.185,17231.333,12094.0,9006.456,-9069.0
5405,26775.6,17898.5,11813.0,9594.705,-8476.0
5406,29682.509,20745.167,11448.0,9468.947,-8297.0
5407,30631.392,23429.25,11605.0,8791.747,-7396.0
5408,31878.448,26795.583,13298.0,9192.47,-6569.0
5409,33423.736,28944.583,14552.0,10231.758,-6180.0
5410,35832.883,32461.0,17332.0,12467.488,-5617.0
5411,37979.848,34909.0,19300.0,14502.453,-5249.0
5412,40616.897,37697.5,21326.0,16597.002,-5029.0
5413,41336.051,38851.75,23331.0,18653.906,-4542.0
5414,42958.012,39777.083,24094.0,20117.534,-4538.0
5415,43316.121,39321.5,24840.0,20313.226,-5902.0
5416,42971.438,37811.333,24740.0,20786.71,-6494.0
5417,40619.193,35386.917,25637.0,21054.881,-7195.0
5418,39506.696,32868.75,24398.0,21018.551,-7398.0
5419,39198.086,32656.917,24529.0,20056.774,-8394.0
5420,38042.071,28310.917,21105.0,19883.759,-8333.0
5421,36228.158,25428.5,18870.0,17583.263,-9467.0
5422,33337.529,22378.75,16493.0,15612.384,-9220.0
5423,31034.754,20247.417,14761.0,13679.942,-9249.0
5424,28440.335,17964.5,13132.0,11510.44,-9478.0
5425,27035.326,17255.917,12771.0,10540.015,-9391.0
5426,26178.141,16352.0,12031.0,9919.746,-9318.0
5427,26070.775,15753.917,11226.0,9508.463,-9415.0
5428,25921.913,15819.167,11066.0,8955.352,-9594.0
5429,26767.396,16804.917,10626.0,8500.084,-9469.0
5430,28087.56,20670.417,11320.0,8413.748,-7704.0
5431,29184.745,22871.417,11342.0,8490.934,-6545.0
5432,31497.616,25321.25,12284.0,8903.971,-6937.0
5433,33331.045,27781.5,14393.0,10272.15,-7051.0
5434,36494.167,31615.667,17102.0,12320.106,-7041.0
5435,38110.79,33378.333,19073.0,14660.062,-6526.0
5436,40009.124,35926.833,21495.0,16455.896,-6502.0
5437,41214.443,36854.417,23264.0,18528.632,-6476.0
5438,42608.061,38159.583,23343.0,19864.083,-5308.0
5439,41890.01,39053.167,23947.0,19682.448,-4482.0
5440,40453.726,37945.583,25632.0,20388.747,-5132.0
5441,40352.775,36152.583,26094.0,21942.797,-5732.0
5442,39840.777,34609.0,25129.0,21755.382,-5986.0
5443,39499.199,32361.25,23495.0,20650.554,-7363.0
5444,37548.633,28716.167,20921.0,19315.071,-7819.0
5445,35502.285,25684.167,18718.0,17443.723,-8473.0
5446,32453.417,23140.583,17299.0,15567.438,-8425.0
5447,30331.006,20746.5,15618.0,13977.111,-8606.0
5448,28528.818,18930.333,14388.0,12654.089,-8713.0
5449,27343.548,17073.0,12805.0,11409.153,-9047.0
5450,26394.608,16818.75,12352.0,9717.463,-9591.0
5451,25739.599,15792.75,11370.0,8930.454,-9767.0
5452,25581.42,15800.5,11795.0,8942.525,-10014.0
5453,26750.075,17035.917,11468.0,9078.763,-9484.0
5454,27857.403,19353.583,10627.0,8619.425,-7892.0
5455,29280.481,22744.083,10997.0,8497.003,-6417.0
5456,30227.481,25017.75,11770.0,8549.336,-5811.0
5457,31560.871,27113.75,13228.0,9495.726,-5560.0
5458,34004.468,29598.5,14810.0,10716.573,-5880.0
5459,37038.09,32251.333,16384.0,12601.361,-5950.0
5460,38764.58,35311.25,18850.0,14330.935,-5353.0
5461,40464.681,37193.583,20255.0,16543.703,-4363.0
5462,41186.058,38173.167,20614.0,17044.497,-3963.0
5463,41105.598,38477.0,21715.0,17667.203,-4057.0
5464,39805.431,36454.333,23119.0,19036.703,-4814.0
5465,38543.051,32978.333,23257.0,20038.323,-6164.0
5466,39784.103,31701.417,21257.0,19049.291,-7671.0
5467,38224.583,28890.917,19126.0,17396.271,-8444.0
5468,35934.945,26762.667,18080.0,15746.883,-8886.0
5469,34045.997,23552.583,15475.0,14604.019,-8745.0
5470,30798.764,21383.5,14159.0,12283.869,-8671.0
5471,29305.907,18702.417,12117.0,11485.095,-8616.0
5472,27481.62,17514.0,11895.0,9852.225,-9391.0
5473,26625.505,16726.583,11438.0,9013.527,-9704.0
5474,25930.954,16565.583,11543.0,8698.976,-9590.0
5475,26096.349,16759.333,11699.0,8909.62,-9507.0
5476,26960.733,18151.5,12815.0,9272.838,-9732.0
5477,29164.0,20087.583,13828.0,10717.021,-9568.0
5478,30973.18,23029.583,15176.0,11513.202,-8987.0
5479,33743.65,26115.583,15193.0,12182.672,-8019.0
5480,34988.433,28509.0,15094.0,12086.038,-6868.0
5481,36735.669,31898.667,17401.0,13198.607,-6420.0
5482,38967.221,34832.5,19198.0,15424.326,-5289.0
5483,39879.677,37185.25,21282.0,17176.032,-4181.0
5484,40439.84,38729.25,23617.0,18951.195,-3757.0
5485,42481.553,41122.583,25524.0,20444.575,-3819.0
5486,42067.677,39941.333,25314.0,21391.949,-3429.0
5487,42518.383,40198.417,25475.0,21291.572,-3884.0
5488,40950.314,38529.5,25920.0,21290.419,-4431.0
5489,39470.261,35310.5,25307.0,21211.366,-5636.0
5490,39324.44,34744.833,25251.0,20524.211,-6687.0
5491,39077.783,34598.917,25196.0,20966.471,-6089.0
5492,36438.615,30574.833,22162.0,20279.387,-5127.0
5493,34972.89,27570.75,19131.0,17971.745,-5942.0
5494,32059.238,23971.583,16162.0,15585.26,-6045.0
5495,30606.386,21283.917,13935.0,13351.075,-7287.0
5496,28159.818,19251.75,12524.0,10705.673,-8107.0
5497,26837.653,18826.583,12718.0,9950.675,-8159.0
5498,25903.991,17873.75,12500.0,9607.846,-8303.0
5499,26416.79,18413.583,13109.0,9741.811,-8751.0
5500,27330.394,19233.917,14118.0,10792.083,-8803.0
5501,29143.605,20528.917,14607.0,11035.294,-9567.0
5502,31452.377,23103.083,14814.0,11282.898,-9261.0
5503,32970.561,25589.0,14900.0,11414.166,-8248.0
5504,35401.758,28638.0,16090.0,12165.363,-8069.0
5505,38641.139,32179.083,17391.0,13839.66,-7394.0
5506,40676.539,36415.5,20442.0,15720.645,-6363.0
5507,42201.443,39745.083,23721.0,18126.965,-5431.0
5508,44649.271,40629.833,24046.0,20010.043,-5436.0
5509,43190.402,39971.5,25245.0,20403.507,-5441.0
5510,44407.138,40552.0,25946.0,21305.743,-5876.0
5511,43571.576,39620.917,25858.0,21596.264,-5593.0
5512,42654.487,37453.417,24957.0,21494.675,-6044.0
5513,41442.568,35151.333,24455.0,20867.84,-7259.0
5514,40559.243,34721.083,24851.0,20342.764,-7727.0
5515,39977.439,33135.583,24099.0,20399.461,-7922.0
5516,37564.998,29149.917,21439.0,19611.687,-7623.0
5517,35958.22,25885.083,18574.0,17578.741,-8449.0
5518,34123.969,22976.167,15196.0,15073.407,-8651.0
5519,31630.071,20690.25,13070.0,12322.426,-9068.0
5520,29421.678,19569.417,12264.0,10242.866,-9254.0
5521,27579.783,19173.417,12586.0,9721.971,-8651.0
5522,27149.048,18771.5,12459.0,9427.153,-8790.0
5523,27270.59,18755.917,12355.0,9399.278,-8851.0
5524,28399.693,18975.833,12222.0,9510.465,-9516.0
5525,29367.221,19585.583,12583.0,9779.242,-9966.0
5526,31500.163,22434.083,13726.0,10033.685,-10139.0
5527,35197.255,25914.417,13823.0,10918.443,-9568.0
5528,35296.868,28046.583,14488.0,11220.89,-7898.0
5529,37456.133,30993.5,16237.0,12158.238,-7922.0
5530,40083.201,34905.75,18773.0,14061.056,-7270.0
5531,41917.522,37731.833,20671.0,16482.293,-5755.0
5532,42934.942,39671.667,22255.0,17982.88,-4916.0
5533,43009.916,40039.417,23216.0,18729.104,-4838.0
5534,43157.403,40043.167,23895.0,19625.841,-4764.0
5535,43672.28,39418.667,23735.0,20024.218,-5345.0
5536,41914.731,37545.0,24265.0,20121.336,-5894.0
5537,40589.029,35804.75,24458.0,20340.884,-6282.0
5538,39852.665,35298.167,24256.0,20292.103,-5899.0
5539,38861.655,32030.583,20942.0,19205.677,-5948.0
5540,36991.221,28427.833,18359.0,16892.992,-7410.0
5541,34689.779,25191.167,15461.0,14468.218,-7872.0
5542,31006.75,22281.0,13528.0,12281.355,-7353.0
5543,29824.453,20768.333,12353.0,10690.725,-8099.0
5544,27300.208,19653.167,11968.0,9860.646,-7135.0
5545,26758.21,18981.667,11788.0,9251.148,-7694.0
5546,26003.736,18623.167,11542.0,8735.174,-7568.0
5547,25780.408,19332.75,12220.0,8598.263,-7450.0
5548,26850.976,20392.083,12475.0,8970.498,-7344.0
5549,27610.37,20983.667,12523.0,9720.309,-6810.0
5550,29514.52,22834.0,12590.0,9669.125,-6982.0
5551,31653.172,25688.75,13024.0,9668.027,-6701.0
5552,32716.998,28021.167,13453.0,9944.437,-5585.0
5553,33814.982,29367.417,13898.0,10219.17,-5507.0
5554,35090.516,32080.417,16704.0,11860.705,-5234.0
5555,37606.511,34320.833,18954.0,14041.282,-5579.0
5556,39749.101,35845.333,19729.0,15590.373,-5423.0
5557,40032.985,37188.417,20948.0,16605.173,-4568.0
5558,41161.302,37927.25,21666.0,17704.657,-4576.0
5559,40577.32,37472.75,22411.0,18161.175,-4735.0
5560,39880.2,35969.667,22742.0,18928.138,-5105.0
5561,38505.016,33423.25,21925.0,18694.371,-5693.0
5562,37956.641,31895.5,20140.0,17452.746,-6129.0
5563,36893.77,28900.417,17385.0,15741.958,-7017.0
5564,34227.739,25470.667,15602.0,13631.677,-8108.0
5565,32527.183,22071.333,13224.0,12271.455,-8789.0
5566,29319.934,19402.417,12127.0,10305.122,-9120.0
5567,27605.607,17381.25,11366.0,9300.962,-9670.0
5568,26729.731,16719.917,11102.0,8243.419,-10249.0
5569,25387.781,15631.417,10716.0,7600.969,-10252.0
5570,24893.94,15538.333,10727.0,7184.212,-10279.0
5571,24657.221,15869.167,11384.0,7396.659,-10156.0
5572,25767.683,16892.083,12036.0,8089.205,-10203.0
5573,27246.374,17819.667,12349.0,8723.312,-10433.0
5574,29252.687,19878.5,12103.0,8734.792,-10123.0
5575,30661.24,22269.75,12278.0,8654.095,-9396.0
5576,31072.617,24375.917,13300.0,8936.305,-8441.0
5577,32839.126,26100.167,14027.0,9805.565,-8341.0
5578,35157.891,30041.25,16986.0,11526.246,-7957.0
5579,36505.207,32142.667,18924.0,13779.146,-6888.0
5580,38643.113,32702.583,19303.0,15199.135,-7425.0
5581,40408.353,33984.667,19729.0,15778.291,-7755.0
5582,40285.115,34150.5,20229.0,16132.22,-7612.0
5583,39682.242,33982.417,21431.0,16968.431,-7543.0
5584,39561.383,32403.0,21588.0,18216.988,-7910.0
5585,39040.69,30530.0,20067.0,17941.295,-8017.0
5586,37323.386,29551.667,19824.0,16463.324,-8513.0
5587,36812.637,27413.25,18067.0,16028.992,-8818.0
5588,34602.701,25356.167,17195.0,14713.139,-9109.0
5589,33111.753,22773.5,15264.0,13834.858,-9148.0
5590,30877.108,20687.417,13726.0,12175.296,-9121.0
5591,29112.671,18697.417,12109.0,10759.859,-9145.0
5592,27210.9,17494.917,11117.0,9061.588,-9152.0
5593,25921.476,16219.5,10276.0,7991.581,-9367.0
5594,25212.962,15752.0,9907.0,7364.567,-9384.0
5595,24875.2,15817.5,10128.0,7223.305,-9343.0
5596,24637.28,15696.833,10665.0,7561.051,-9425.0
5597,25352.588,16641.417,11593.0,7948.776,-9736.0
5598,27064.128,17951.583,10702.0,7828.15,-9367.0
5599,28291.275,20045.667,11166.0,7840.214,-8952.0
5600,30044.424,22877.5,12563.0,8498.529,-8612.0
5601,31978.714,25184.917,12473.0,9006.402,-7641.0
5602,33368.901,27691.167,13965.0,9645.339,-7378.0
5603,34636.883,30118.25,15841.0,10907.238,-6833.0
5604,35124.746,31486.25,18208.0,13019.101,-6208.0
5605,36712.761,32751.917,20064.0,15180.449,-6225.0
5606,38696.87,33298.417,20222.0,16638.058,-6363.0
5607,39465.554,34517.917,21080.0,16952.242,-6456.0
5608,38536.207,33388.167,21809.0,17748.646,-6589.0
5609,37450.046,31005.25,21790.0,18431.401,-7184.0
5610,38205.289,30229.583,20640.0,18077.31,-7919.0
5611,37153.03,27882.667,18193.0,16665.968,-8178.0
5612,34560.941,25320.0,16582.0,14635.546,-8568.0
5613,33178.783,22271.0,13972.0,13206.388,-9054.0
5614,29570.754,19426.083,12546.0,10883.276,-9188.0
5615,28108.15,18002.25,11704.0,9816.505,-9374.0
5616,27038.771,17321.667,11028.0,9020.71,-9105.0
5617,25405.561,15956.167,10098.0,8089.999,-8838.0
5618,24692.899,14956.083,9339.0,7240.421,-9216.0
5619,24013.326,14788.5,9437.0,6861.431,-9181.0
5620,24395.295,15033.417,9491.0,7173.483,-9060.0
5621,23971.944,14725.167,9082.0,6911.382,-8798.0
5622,26099.621,17096.0,8591.0,6481.226,-8494.0
5623,26771.532,19798.5,8908.0,6309.638,-6952.0
5624,27204.704,21726.917,9981.0,6712.392,-6127.0
5625,29196.958,24249.917,11361.0,7546.646,-6142.0
5626,30830.85,26416.583,12876.0,8609.871,-6061.0
5627,33164.733,28761.25,14781.0,10021.088,-6544.0
5628,34662.675,30203.333,16710.0,12278.947,-6271.0
5629,37274.664,32935.25,18610.0,13879.019,-6451.0
5630,37992.307,32994.167,18848.0,15004.745,-6222.0
5631,38070.27,32736.75,19728.0,15713.125,-6729.0
5632,37651.11,32369.083,21330.0,16978.631,-7014.0
5633,36830.01,30269.5,21837.0,18067.115,-7711.0
5634,36660.41,29383.333,21188.0,17938.682,-7907.0
5635,35946.799,26972.833,19196.0,17030.571,-8520.0
5636,33668.115,24164.417,17542.0,15162.304,-9264.0
5637,32202.554,21405.667,15271.0,14244.493,-9204.0
5638,29673.552,19130.833,13510.0,12335.324,-9098.0
5639,27611.353,17578.333,12625.0,10722.625,-9316.0
5640,26790.019,16334.833,11911.0,9757.79,-9989.0
5641,25490.621,15858.167,11558.0,8744.059,-9827.0
5642,24918.624,15951.917,11693.0,8492.312,-9548.0
5643,24924.505,16412.583,12358.0,8693.527,-9557.0
5644,26729.316,17761.417,12900.0,9593.504,-9655.0
5645,27980.363,18967.25,13146.0,9725.718,-9814.0
5646,31229.058,22056.0,12618.0,9927.663,-9244.0
5647,32204.631,24704.25,12706.0,9615.986,-7971.0
5648,32471.778,27005.75,13622.0,9934.633,-6534.0
5649,33831.122,29208.5,14794.0,10651.227,-6146.0
5650,35790.701,31414.0,15960.0,11957.306,-5760.0
5651,37456.074,33933.0,17286.0,13306.68,-4883.0
5652,38095.552,35320.0,19264.0,14934.157,-4486.0
5653,39354.67,36784.0,21401.0,16310.275,-5042.0
5654,40804.837,38119.0,22649.0,18204.442,-4511.0
5655,40384.543,37524.0,23349.0,19136.148,-4454.0
5656,39419.09,36357.0,24869.0,19987.695,-5324.0
5657,38478.151,33658.0,24744.0,20927.756,-6017.0
5658,37653.352,32306.0,24018.0,20563.957,-6182.0
5659,37268.012,29482.0,21201.0,19335.617,-7032.0
5660,34593.967,26196.0,19032.0,17215.572,-7595.0
5661,32395.885,22636.0,16103.0,15361.49,-7882.0
5662,29728.077,19096.0,13401.0,13171.682,-8242.0
5663,27987.841,17485.0,12176.0,10743.446,-9316.0
5664,26319.184,16392.0,11144.0,9290.789,-9161.0
5665,24669.837,15809.0,10948.0,8322.442,-8867.0
5666,24453.942,15707.0,10807.0,7978.547,-8956.0
5667,24796.162,16708.0,11322.0,8083.767,-8707.0
5668,25463.819,17915.0,12243.0,8781.424,-8391.0
5669,27232.619,19107.0,12437.0,9114.224,-8829.0
5670,29620.093,22014.0,12130.0,9144.698,-7972.0
5671,30539.786,24105.0,11547.0,8645.391,-6717.0
5672,30901.301,26042.0,11753.0,8063.906,-5929.0
5673,31464.753,27244.0,12060.0,8529.358,-5132.0
5674,33220.726,29906.0,14242.0,9773.331,-5164.0
5675,34847.734,32377.0,16208.0,11625.339,-4434.0
5676,36895.125,34402.0,17582.0,13188.73,-4267.0
5677,38071.455,35708.0,18391.0,14206.06,-3929.0
5678,39260.622,36784.0,19760.0,15571.227,-4046.0
5679,39770.711,36919.0,20796.0,16766.316,-4262.0
5680,38536.494,35691.0,22483.0,17960.099,-4749.0
5681,37225.926,32829.0,23059.0,18936.531,-5900.0
5682,37365.168,30989.0,21951.0,19067.773,-6640.0
5683,36521.859,27980.0,19316.0,17789.464,-7449.0
5684,34291.702,25008.0,16767.0,15516.307,-7915.0
5685,32358.089,21916.0,14283.0,13516.694,-8589.0
5686,29076.159,19100.0,12689.0,11594.764,-8451.0
5687,27526.231,17148.0,11178.0,9935.836,-9001.0
5688,26377.61,15948.0,10038.0,8618.215,-9230.0
5689,24527.746,15062.0,9771.0,7740.351,-8877.0
5690,24736.621,14489.0,9293.0,7269.226,-9652.0
5691,24656.255,15165.0,9751.0,6992.86,-9630.0
5692,25809.406,16543.0,10518.0,7536.011,-9629.0
5693,27063.726,18401.0,11718.0,8078.331,-9683.0
5694,29949.711,20975.0,10371.0,8600.316,-8126.0
5695,30379.994,23806.0,10605.0,7736.599,-6823.0
5696,29822.234,24855.0,10930.0,7750.839,-5527.0
5697,31007.5,26422.0,11582.0,8175.105,-5373.0
5698,32093.818,28015.0,13328.0,9020.423,-5767.0
5699,34707.098,30472.0,15176.0,11127.703,-5664.0
5700,36461.259,32508.0,16428.0,12443.864,-5318.0
5701,38169.372,34737.0,17275.0,13532.977,-4555.0
5702,38306.368,34744.0,17424.0,14119.973,-4247.0
5703,38802.346,35111.0,18327.0,14809.951,-4589.0
5704,37808.851,33711.0,19693.0,15843.456,-5328.0
5705,36576.525,31819.0,20934.0,17026.13,-6046.0
5706,36800.476,30192.0,19852.0,17339.081,-6502.0
5707,35309.53,27115.0,17502.0,16110.135,-6967.0
5708,33549.634,24282.0,15172.0,13928.239,-7892.0
5709,31305.237,21211.0,12626.0,11780.842,-8320.0
5710,28791.636,18220.0,10210.0,9820.241,-8342.0
5711,27091.506,17128.0,9093.0,7886.111,-8551.0
5712,25519.377,16359.0,8361.0,6962.982,-7939.0
5713,24543.542,15681.0,7951.0,6335.147,-7859.0
5714,23737.776,15807.0,8029.0,5851.381,-7489.0
5715,23923.476,16147.0,8326.0,5987.081,-7496.0
5716,24326.965,16692.0,9324.0,6323.57,-8016.0
5717,26055.272,17514.0,10018.0,7268.877,-8671.0
5718,28720.909,20085.0,9568.0,7553.514,-8031.0
5719,29456.84,22692.0,9746.0,6964.445,-6927.0
5720,29565.216,24062.0,9853.0,7134.821,-5602.0
5721,30075.618,25388.0,11033.0,7497.223,-5604.0
5722,31143.567,26646.0,12013.0,8404.172,-5487.0
5723,33010.917,29423.0,15231.0,10513.522,-5686.0
5724,35290.888,32542.0,17227.0,12448.493,-4908.0
5725,36901.556,34091.0,17907.0,13867.161,-4231.0
5726,38006.494,34957.0,18182.0,14583.099,-4029.0
5727,37577.854,35316.0,19386.0,15034.459,-3994.0
5728,36012.058,33834.0,21145.0,16512.663,-4191.0
5729,35158.451,30729.0,21724.0,17631.056,-5903.0
5730,35788.9,28412.0,19829.0,17372.505,-7214.0
5731,35508.77,26340.0,18043.0,16108.375,-8484.0
5732,33211.376,23023.0,15487.0,14404.981,-8651.0
5733,31491.669,20431.0,13146.0,12341.274,-9246.0
5734,28139.245,18028.0,11428.0,9954.85,-8965.0
5735,26569.325,16351.0,10139.0,8731.93,-9006.0
5736,25087.353,15069.0,9210.0,7798.958,-8810.0
5737,24281.82,13900.0,8311.0,6907.425,-9166.0
5738,23482.589,13749.0,8287.0,6209.194,-9192.0
5739,23544.97,14144.0,8817.0,6319.575,-9279.0
5740,24649.009,14963.0,9235.0,6778.614,-9523.0
5741,25765.983,16077.0,9396.0,6745.588,-9720.0
5742,28488.108,19534.0,9118.0,6549.713,-8903.0
5743,28978.787,22232.0,8937.0,5938.392,-7126.0
5744,28414.907,23081.0,9042.0,6120.512,-5636.0
5745,29552.079,24063.0,9072.0,6181.684,-5760.0
5746,30439.575,25525.0,10389.0,6649.18,-6035.0
5747,32246.073,27682.0,12060.0,8265.678,-5739.0
5748,33293.606,29086.0,13332.0,9520.211,-5400.0
5749,34893.346,30810.0,15570.0,11486.951,-5547.0
5750,36726.018,32844.0,16683.0,12827.623,-5118.0
5751,36765.053,33327.0,18198.0,15087.658,-3929.0
5752,34707.672,33144.0,21468.0,16420.277,-3992.0
5753,34216.541,31002.0,21513.0,18124.146,-3984.0
5754,34190.637,28041.0,19203.0,17693.242,-5040.0
5755,33504.462,24877.0,16791.0,15687.067,-7112.0
5756,31601.191,22116.0,14778.0,13517.796,-8126.0
5757,29882.04,19161.0,12100.0,11665.645,-8536.0
5758,27463.757,17747.0,11342.0,9620.362,-8819.0
5759,25399.38,16418.0,10799.0,8862.985,-8298.0
5760,23993.011,15016.0,9574.0,7793.616,-8138.0
5761,22859.642,13960.0,8879.0,6773.247,-8386.0
5762,22102.96,13492.0,8642.0,6199.565,-8434.0
5763,21802.585,13352.0,8585.0,5902.191,-8514.0
5764,22242.091,13638.0,8722.0,5872.696,-8834.0
5765,22683.919,13723.0,8221.0,5870.524,-8692.0
5766,25359.745,16915.0,7414.0,5239.35,-8000.0
5767,24323.508,19457.0,7658.0,4773.113,-5132.0
5768,24334.567,20651.0,7407.0,4797.172,-3674.0
5769,23902.375,21271.0,7841.0,4716.98,-3136.0
5770,25664.032,22120.0,7852.0,4975.637,-3801.0
5771,26797.075,22930.0,8457.0,5601.68,-4103.0
5772,28774.822,25040.0,9870.0,6236.427,-4749.0
5773,29861.601,26055.0,11037.0,7611.206,-4613.0
5774,31181.298,27566.0,12479.0,8734.903,-4740.0
5775,33065.518,27771.0,12385.0,10091.123,-4969.0
5776,31740.145,26941.0,14501.0,10589.75,-6091.0
5777,31092.172,24918.0,15788.0,12269.777,-7073.0
5778,31920.108,23651.0,14913.0,13160.713,-7402.0
5779,30871.828,21818.0,13342.0,11788.433,-7988.0
5780,29037.952,20329.0,12580.0,10717.557,-7952.0
5781,27673.043,17542.0,10519.0,9874.648,-8156.0
5782,25291.348,15650.0,9203.0,7855.953,-8369.0
5783,23713.667,14207.0,8490.0,6630.272,-8747.0
5784,22487.462,13117.0,7552.0,5738.067,-8565.0
5785,21369.218,12432.0,7095.0,4794.823,-8618.0
5786,21178.937,12419.0,7019.0,4608.542,-8551.0
5787,20676.332,12269.0,7190.0,4549.937,-8428.0
5788,20584.643,12263.0,7571.0,4426.248,-8847.0
5789,21581.642,12388.0,7086.0,4501.247,-9159.0
5790,23539.83,15684.0,6569.0,4246.435,-7559.0
5791,23091.419,17228.0,5923.0,3797.024,-5370.0
5792,22092.09,18236.0,5917.0,3290.695,-3863.0
5793,22497.15,19058.0,5721.0,3337.755,-3203.0
5794,22801.542,19932.0,6122.0,3588.147,-2784.0
5795,24120.85,21165.0,7039.0,4107.455,-3268.0
5796,25889.666,22557.0,8203.0,5144.271,-3772.0
5797,27530.005,24092.0,9927.0,6721.61,-4024.0
5798,29140.559,24459.0,10596.0,7588.164,-5070.0
5799,30608.951,24874.0,10840.0,8388.556,-5567.0
5800,30082.362,23345.0,11993.0,8997.967,-7113.0
5801,30558.647,22313.0,13363.0,10366.252,-8623.0
5802,31044.052,21981.0,12899.0,10623.657,-8719.0
5803,30045.056,20864.0,12239.0,10182.661,-8618.0
5804,28126.248,19014.0,11552.0,9523.853,-8521.0
5805,25813.116,16826.0,10685.0,8850.721,-8202.0
5806,24617.016,14874.0,8840.0,7678.621,-8285.0
5807,23129.702,13082.0,7785.0,6443.307,-8770.0
5808,21833.412,12104.0,7556.0,5441.017,-9225.0
5809,21227.291,11826.0,7573.0,5213.896,-9141.0
5810,21142.165,11722.0,7491.0,5166.77,-9125.0
5811,21601.203,12555.0,8148.0,5260.808,-9314.0
5812,22722.116,13835.0,8986.0,5806.721,-9447.0
5813,24548.644,14673.0,8855.0,6056.249,-10055.0
5814,27471.097,17410.0,7964.0,5678.702,-9727.0
5815,27889.466,19626.0,7524.0,4819.071,-8349.0
5816,27313.77,20751.0,7511.0,4641.375,-6813.0
5817,27019.13,21531.0,7769.0,4741.735,-5896.0
5818,27798.847,22653.0,8330.0,5066.452,-5790.0
5819,28882.706,23596.0,8982.0,5708.311,-5941.0
5820,30136.608,25523.0,10477.0,6514.213,-5957.0
5821,31610.198,26511.0,11246.0,8092.803,-5633.0
5822,33954.816,27438.0,11254.0,8987.421,-6164.0
5823,33646.32,27609.0,11948.0,9350.925,-6015.0
5824,32283.946,26417.0,14216.0,10500.551,-6963.0
5825,32229.809,24859.0,15411.0,12268.414,-7894.0
5826,32492.107,23883.0,14513.0,12270.712,-8232.0
5827,31518.154,22174.0,13032.0,11229.759,-8527.0
5828,29882.791,20282.0,11744.0,10495.396,-8230.0
5829,27286.434,18542.0,11094.0,9571.039,-7648.0
5830,26098.821,16529.0,8703.0,8264.426,-7389.0
5831,24576.836,14986.0,7294.0,6710.441,-7555.0
5832,22695.322,13609.0,6497.0,4938.927,-8025.0
5833,21823.128,13208.0,6765.0,4462.733,-8298.0
5834,22101.769,13604.0,7493.0,5017.374,-8354.0
5835,22007.494,14273.0,8175.0,5182.099,-8108.0
5836,23198.713,15213.0,8884.0,5940.318,-8310.0
5837,24844.565,15347.0,8292.0,6627.17,-8543.0
5838,27242.325,17061.0,7191.0,5719.93,-9033.0
5839,27734.207,19224.0,6953.0,4731.812,-8112.0
5840,27426.694,20729.0,7079.0,4405.299,-6752.0
5841,27088.416,21454.0,7188.0,4509.021,-5694.0
5842,27513.747,22015.0,7335.0,4723.352,-5491.0
5843,28695.018,23019.0,7578.0,4976.623,-5658.0
5844,29614.416,24584.0,8917.0,5755.021,-5573.0
5845,31485.106,26384.0,10150.0,6813.711,-5818.0
5846,32161.072,26819.0,11111.0,8145.677,-5688.0
5847,32803.3,26783.0,11761.0,9020.905,-6141.0
5848,31673.247,25989.0,14215.0,10300.852,-6979.0
5849,31700.517,24439.0,14912.0,11943.122,-7611.0
5850,31668.275,23199.0,13851.0,11631.88,-8069.0
5851,30655.427,22255.0,13733.0,11126.032,-8388.0
5852,29103.88,20166.0,12485.0,10603.485,-8200.0
5853,27254.612,18333.0,11406.0,9839.217,-7869.0
5854,25316.974,16423.0,9757.0,8625.579,-7406.0
5855,23974.365,14781.0,8491.0,7448.97,-7616.0
5856,23187.117,13715.0,7499.0,6457.722,-7894.0
5857,22151.649,13415.0,7516.0,5581.254,-8052.0
5858,22054.263,13480.0,7378.0,5254.868,-8078.0
5859,22386.409,13604.0,7431.0,5262.014,-8332.0
5860,23018.051,14348.0,7988.0,5295.656,-8743.0
5861,24565.861,14893.0,8085.0,5533.466,-9605.0
5862,27441.88,17958.0,7695.0,5431.486,-9128.0
5863,28075.22,20523.0,7247.0,4954.825,-7225.0
5864,27034.861,21511.0,7065.0,4611.467,-5358.0
5865,26726.023,21730.0,7131.0,4689.628,-4818.0
5866,27170.973,22191.0,7567.0,4856.578,-5071.0
5867,28398.049,22928.0,8057.0,5323.654,-5584.0
5868,30029.507,24627.0,9090.0,6213.112,-5660.0
5869,31300.373,26159.0,10566.0,7649.978,-5438.0
5870,32828.737,27038.0,11358.0,8871.342,-5658.0
5871,33835.511,27932.0,12516.0,9759.116,-6041.0
5872,32470.897,26743.0,14211.0,11104.502,-6215.0
5873,32141.459,25318.0,15476.0,12728.064,-6952.0
5874,32986.116,24400.0,14376.0,12679.721,-7663.0
5875,31710.685,22967.0,13670.0,11762.29,-8032.0
5876,29914.329,21277.0,12763.0,10835.934,-7945.0
5877,28106.749,19087.0,10963.0,10179.354,-7184.0
5878,25997.458,17885.0,9951.0,8457.063,-6987.0
5879,24419.166,16772.0,8940.0,7577.771,-6390.0
5880,23274.978,16225.0,8464.0,6802.583,-6092.0
5881,22886.065,15294.0,7492.0,6428.67,-6036.0
5882,22149.318,15080.0,7504.0,5830.923,-6123.0
5883,22246.964,15400.0,7998.0,5934.569,-6291.0
5884,23238.077,16679.0,9298.0,6604.682,-6633.0
5885,24691.439,17975.0,10120.0,7318.044,-6899.0
5886,27036.174,20409.0,9306.0,7580.779,-5733.0
5887,27722.473,22255.0,8656.0,6879.078,-4625.0
5888,27157.644,23308.0,8918.0,6346.249,-3802.0
5889,27434.407,24122.0,9445.0,6839.012,-3299.0
5890,28352.529,25602.0,10625.0,7577.134,-3179.0
5891,29535.387,27800.0,12723.0,9292.992,-2546.0
5892,31631.574,29760.0,14381.0,11061.179,-2572.0
5893,33771.052,31739.0,15895.0,12636.657,-2671.0
5894,34900.732,32011.0,16384.0,13545.337,-3109.0
5895,35812.027,32428.0,17197.0,14061.632,-3900.0
5896,34097.469,31264.0,18880.0,14834.074,-4260.0
5897,34089.461,29915.0,20092.0,16452.066,-5195.0
5898,34382.167,28405.0,18458.0,16335.772,-5480.0
5899,32848.529,26923.0,17490.0,14813.134,-5983.0
5900,31042.252,24361.0,15930.0,14187.857,-5804.0
5901,29199.09,21511.0,13913.0,12846.695,-6135.0
5902,26768.88,18536.0,11458.0,10946.485,-6125.0
5903,24867.331,16967.0,10629.0,8563.936,-7346.0
5904,24192.825,15550.0,9130.0,7750.43,-7403.0
5905,23226.435,14678.0,8577.0,6770.04,-7736.0
5906,22251.666,14498.0,8881.0,6343.271,-7672.0
5907,22528.858,15023.0,9643.0,6657.463,-7872.0
5908,23559.003,15911.0,10262.0,7460.608,-7830.0
5909,24847.571,16914.0,10795.0,7863.176,-8246.0
5910,28081.418,19993.0,9642.0,7758.023,-7353.0
5911,27781.487,22460.0,9862.0,7064.092,-5500.0
5912,28231.206,24035.0,10195.0,7294.811,-4477.0
5913,28655.625,25494.0,11182.0,7772.23,-3952.0
5914,29925.217,27463.0,12756.0,9243.823,-3355.0
5915,31927.874,29668.0,14602.0,11043.479,-3199.0
5916,34433.581,32334.0,16522.0,12618.186,-3384.0
5917,36289.359,34694.0,18761.0,14840.964,-2896.0
5918,37728.217,35558.0,20032.0,16731.822,-2851.0
5919,37658.971,34838.0,20768.0,17120.576,-3849.0
5920,36694.755,33710.0,22786.0,17908.36,-5243.0
5921,36342.417,31204.0,22607.0,19134.022,-5992.0
5922,36996.754,29240.0,20371.0,18188.359,-7320.0
5923,35021.528,26577.0,18482.0,16549.133,-7758.0
5924,33294.809,23618.0,16306.0,14642.414,-8721.0
5925,30856.641,20705.0,14121.0,12753.246,-8900.0
5926,28954.636,17665.0,11577.0,11155.241,-9092.0
5927,26984.195,15251.0,9721.0,8851.8,-9983.0
5928,25137.333,13944.0,9069.0,7235.938,-10407.0
5929,23918.337,13216.0,9023.0,6764.942,-10341.0
5930,23045.62,12651.0,8976.0,6478.225,-10273.0
5931,22841.001,12906.0,9559.0,6388.606,-10486.0
5932,23560.441,13126.0,9249.0,6828.046,-10236.0
5933,24001.841,13753.0,9090.0,6583.446,-10136.0
5934,26035.881,18223.0,9875.0,6902.486,-8166.0
5935,26820.671,22084.0,10512.0,7634.276,-4995.0
5936,26938.806,23539.0,10973.0,8075.411,-3678.0
5937,29176.313,25754.0,12549.0,8908.918,-4443.0
5938,32371.763,27877.0,13754.0,10010.368,-5619.0
5939,35659.992,29722.0,15089.0,11759.597,-6648.0
5940,37660.22,32808.0,18115.0,13784.825,-6563.0
5941,39728.287,34610.0,20537.0,16278.892,-6757.0
5942,41744.387,35865.0,22442.0,18325.992,-7376.0
5943,42342.052,35996.0,23731.0,19488.657,-7969.0
5944,41750.258,34813.0,25003.0,20369.863,-8951.0
5945,40634.874,32979.0,25462.0,20958.479,-9540.0
5946,40754.886,31725.0,24499.0,20826.491,-10083.0
5947,39163.647,30523.0,24148.0,20408.253,-9761.0
5948,38337.756,27433.0,21168.0,20068.361,-9385.0
5949,35436.226,23959.0,18158.0,17007.831,-10008.0
5950,32606.477,20793.0,15808.0,14979.082,-10023.0
5951,30839.041,18025.0,13758.0,12905.646,-11047.0
5952,28478.488,16061.0,12056.0,10873.093,-10981.0
5953,27189.796,14859.0,11084.0,9466.401,-11329.0
5954,26044.188,14062.0,10288.0,8358.793,-11292.0
5955,25515.79,14177.0,10059.0,7974.395,-10804.0
5956,24784.919,13992.0,10212.0,7909.524,-10476.0
5957,25676.595,14805.0,10124.0,7970.2,-10406.0
5958,27755.66,19286.0,10793.0,7843.265,-8800.0
5959,28455.686,22350.0,10871.0,8235.291,-6122.0
5960,29717.017,24685.0,12140.0,8584.622,-5968.0
5961,32879.88,27576.0,13984.0,10252.485,-6416.0
5962,35972.116,30503.0,16069.0,11932.721,-6986.0
5963,38452.668,34117.0,19289.0,14447.273,-6558.0
5964,40412.153,36466.0,21487.0,16292.758,-6521.0
5965,42492.785,36757.0,21502.0,17736.39,-6882.0
5966,44659.914,37104.0,21530.0,18487.519,-7979.0
5967,43852.809,35931.0,22104.0,18662.414,-8744.0
5968,43054.989,36550.0,25159.0,19696.594,-9348.0
5969,42398.179,35003.0,25422.0,21214.784,-8983.0
5970,41711.889,33200.0,24531.0,20888.494,-9535.0
5971,40472.812,30983.0,22600.0,19894.417,-9576.0
5972,38924.639,27401.0,19426.0,18616.244,-9714.0
5973,36217.07,24362.0,17255.0,15670.675,-10820.0
5974,33708.266,20966.0,14303.0,13718.871,-10707.0
5975,31362.86,18708.0,12719.0,11703.465,-11051.0
5976,29166.462,16605.0,10843.0,9766.067,-11019.0
5977,27381.09,15625.0,9875.0,8104.695,-10907.0
5978,25750.234,14747.0,9649.0,7341.839,-10691.0
5979,25206.234,14584.0,9849.0,7090.839,-10761.0
5980,25427.408,14842.0,10253.0,7415.013,-10804.0
5981,25612.965,15371.0,10592.0,7776.57,-10438.0
5982,27510.184,17619.0,10365.0,7867.789,-9769.0
5983,28794.739,20441.0,10651.0,8102.344,-8283.0
5984,30019.939,22429.0,11212.0,8462.544,-7721.0
5985,31860.796,24699.0,12435.0,9033.401,-7944.0
5986,34648.415,27301.0,13202.0,10197.02,-7733.0
5987,37313.018,29875.0,13912.0,11328.623,-7402.0
5988,38110.753,31386.0,15562.0,12392.358,-7275.0
5989,39853.325,33041.0,17226.0,13994.93,-7424.0
5990,40069.934,33616.0,18218.0,14820.539,-7232.0
5991,39783.116,32532.0,19065.0,15746.721,-7950.0
5992,39095.928,30928.0,19805.0,16411.533,-8942.0
5993,39086.894,29554.0,19187.0,16570.499,-9530.0
5994,38040.224,28095.0,18356.0,15932.829,-9749.0
5995,36774.343,26599.0,17683.0,15351.948,-9887.0
5996,35383.75,23289.0,14356.0,14274.355,-9557.0
5997,32570.093,20018.0,11851.0,11646.698,-10137.0
5998,29598.024,17372.0,10186.0,9292.629,-10500.0
5999,27526.049,16166.0,9884.0,7909.654,-10715.0
6000,26082.38,15279.0,9531.0,7285.985,-10429.0
6001,25725.602,15938.0,9711.0,7925.207,-8954.0
6002,24031.694,14776.0,9421.0,7583.299,-8474.0
6003,25311.784,15841.0,9706.0,7432.389,-9125.0
6004,26262.486,16887.0,10058.0,7684.091,-9130.0
6005,27316.783,17552.0,10914.0,8220.388,-9839.0
6006,29463.425,20139.0,12281.0,8921.03,-10065.0
6007,30288.451,21307.0,12437.0,9547.056,-9252.0
6008,31907.908,22390.0,11277.0,9245.513,-8930.0
6009,32333.699,24092.0,11530.0,9198.304,-7954.0
6010,32252.587,25232.0,11741.0,9316.192,-6826.0
6011,32352.787,26367.0,13065.0,10000.392,-6431.0
6012,33082.523,26778.0,13225.0,10904.128,-6006.0
6013,33236.959,26788.0,13699.0,11138.564,-6390.0
6014,34598.53,27295.0,14293.0,12027.135,-6950.0
6015,33307.934,26227.0,15301.0,12281.539,-7481.0
6016,32770.14,24438.0,16084.0,12995.745,-8801.0
6017,32741.597,23827.0,17178.0,13748.202,-9725.0
6018,33169.391,22789.0,16567.0,14252.996,-10075.0
6019,31972.068,21508.0,15980.0,13408.673,-10416.0
6020,30886.562,19227.0,14144.0,12726.167,-10458.0
6021,29270.967,17242.0,12546.0,11603.572,-10352.0
6022,27045.469,15340.0,10982.0,10001.074,-10067.0
6023,24705.633,14311.0,10709.0,8779.238,-9705.0
6024,23973.977,13214.0,9826.0,7840.582,-10126.0
6025,23262.71,12669.0,9270.0,7114.315,-10130.0
6026,22453.576,12653.0,9400.0,6728.181,-9853.0
6027,22828.756,13187.0,9799.0,6841.361,-9980.0
6028,23979.986,13539.0,9418.0,7136.591,-10103.0
6029,25663.947,14371.0,9583.0,7446.552,-10810.0
6030,27724.21,17495.0,10284.0,7549.815,-10344.0
6031,29109.882,19396.0,9638.0,7323.487,-9409.0
6032,29457.195,20289.0,9466.0,7590.8,-8424.0
6033,29618.923,20842.0,8874.0,7555.528,-7476.0
6034,29996.098,21930.0,9440.0,7730.703,-7156.0
6035,30495.718,22946.0,10299.0,8029.323,-7200.0
6036,31475.234,24454.0,11659.0,8659.839,-7401.0
6037,31993.764,25850.0,13253.0,10143.369,-6634.0
6038,32702.555,26190.0,13801.0,11375.16,-6319.0
6039,31702.295,25413.0,14581.0,11650.9,-6600.0
6040,30536.857,23339.0,15597.0,12346.463,-7829.0
6041,30598.429,22425.0,16552.0,12864.034,-9242.0
6042,30885.335,21933.0,16289.0,13296.94,-9325.0
6043,29759.319,20759.0,15551.0,12557.924,-9374.0
6044,28281.075,18488.0,13742.0,11969.68,-8946.0
6045,26808.456,16293.0,11801.0,10834.061,-8863.0
6046,24770.04,14928.0,10977.0,9448.645,-8751.0
6047,24175.388,13175.0,9178.0,8735.993,-8823.0
6048,22591.33,11941.0,8172.0,6833.935,-9369.0
6049,21872.081,11843.0,7885.0,5978.686,-9316.0
6050,21271.891,11861.0,7933.0,5803.496,-8921.0
6051,21742.077,12550.0,8425.0,6031.682,-8966.0
6052,22605.902,12643.0,8397.0,6156.507,-9584.0
6053,24299.737,13523.0,8555.0,6168.342,-10544.0
6054,26014.29,15033.0,8796.0,6395.895,-10762.0
6055,27423.934,16718.0,8395.0,6228.539,-10253.0
6056,27395.021,17756.0,8237.0,6307.626,-8949.0
6057,27776.76,18845.0,8366.0,6235.365,-8443.0
6058,28135.596,19758.0,8660.0,6482.201,-7936.0
6059,28675.873,20488.0,9239.0,6893.478,-7914.0
6060,28864.728,20917.0,10280.0,7483.333,-8125.0
6061,29537.448,21679.0,11840.0,8579.053,-8500.0
6062,29732.733,21009.0,12129.0,9934.338,-8299.0
6063,28991.387,20326.0,12926.0,10042.992,-8929.0
6064,28892.711,20027.0,13866.0,10878.316,-9234.0
6065,28704.103,20098.0,14239.0,11203.708,-9022.0
6066,29000.243,19305.0,13537.0,11148.848,-9464.0
6067,27763.28,18717.0,13498.0,10541.885,-9383.0
6068,26559.631,17211.0,12617.0,10220.236,-9126.0
6069,25896.059,15136.0,10631.0,9821.664,-8950.0
6070,23718.275,14215.0,10323.0,8368.88,-8838.0
6071,22771.709,14406.0,10327.0,7776.314,-8297.0
6072,21502.078,14060.0,9981.0,8011.683,-6792.0
6073,20742.069,13303.0,9371.0,7222.674,-6968.0
6074,20629.802,13005.0,9028.0,7034.407,-6999.0
6075,21040.464,13172.0,9117.0,6734.069,-7632.0
6076,21936.274,14321.0,10081.0,7159.879,-7917.0
6077,23040.861,13981.0,9510.0,7537.466,-8413.0
6078,24560.249,14527.0,9231.0,7030.854,-9614.0
6079,26104.444,15474.0,8585.0,6919.049,-9677.0
6080,26723.611,16516.0,7992.0,6586.216,-8994.0
6081,26993.938,17209.0,7326.0,6116.543,-8375.0
6082,26413.699,18239.0,8457.0,6000.304,-8012.0
6083,27256.435,18836.0,8583.0,6358.04,-8026.0
6084,28328.54,19708.0,9274.0,6739.145,-8536.0
6085,28786.489,20319.0,10585.0,7315.094,-9118.0
6086,29732.883,20134.0,11108.0,8318.488,-9769.0
6087,30739.118,20255.0,11948.0,9285.723,-10527.0
6088,30502.743,20256.0,13235.0,10179.348,-10683.0
6089,30057.341,19979.0,13843.0,11031.946,-10270.0
6090,30350.576,19267.0,13263.0,11356.181,-10371.0
6091,28895.621,18025.0,12628.0,10462.226,-10417.0
6092,27997.676,17121.0,11847.0,10082.281,-10022.0
6093,26041.284,15942.0,11407.0,9503.889,-9383.0
6094,24281.061,14804.0,10710.0,8696.666,-8871.0
6095,23523.855,13369.0,9438.0,8018.46,-8955.0
6096,21994.672,12307.0,8730.0,6808.277,-8990.0
6097,21213.245,11831.0,8367.0,5823.85,-9306.0
6098,20577.982,11809.0,8516.0,5718.587,-8947.0
6099,20453.667,11990.0,8656.0,5710.272,-8790.0
6100,20735.566,12064.0,8626.0,5756.171,-8922.0
6101,21115.966,11693.0,8198.0,5751.571,-9250.0
6102,22831.703,12527.0,6983.0,5139.308,-9529.0
6103,23651.858,14608.0,6409.0,4185.463,-8648.0
6104,23840.461,15333.0,5178.0,3595.066,-7471.0
6105,23808.507,16623.0,5173.0,2768.112,-6971.0
6106,23757.728,17385.0,5313.0,2812.333,-6254.0
6107,24416.092,18040.0,5581.0,3033.697,-6304.0
6108,25685.801,19472.0,6661.0,3681.406,-6574.0
6109,26434.651,20162.0,7819.0,4546.256,-6926.0
6110,27929.174,20797.0,9499.0,6186.779,-7825.0
6111,28545.714,20310.0,10733.0,7783.319,-8566.0
6112,28815.121,19940.0,12696.0,9415.726,-9536.0
6113,29059.833,19247.0,13468.0,10611.438,-10050.0
6114,29355.948,18383.0,12844.0,10675.553,-10522.0
6115,28260.236,16972.0,11761.0,9858.841,-10571.0
6116,27043.335,15940.0,11168.0,9166.94,-10485.0
6117,25545.773,15567.0,11192.0,8838.378,-9713.0
6118,23647.592,14718.0,10782.0,8545.197,-8547.0
6119,22480.001,13455.0,9339.0,7576.606,-8168.0
6120,21381.785,12406.0,8482.0,6722.39,-8116.0
6121,20294.881,12156.0,8247.0,5940.486,-7826.0
6122,19775.109,11936.0,8173.0,5891.714,-7501.0
6123,19929.874,11845.0,7928.0,5936.479,-7457.0
6124,20000.824,12060.0,8153.0,5794.429,-7680.0
6125,20057.465,11596.0,7686.0,5513.07,-8015.0
6126,22162.87,13222.0,6368.0,4861.475,-7828.0
6127,22126.983,15327.0,5754.0,3525.588,-6409.0
6128,21747.624,16615.0,5509.0,3026.229,-4996.0
6129,21781.527,17356.0,5475.0,2932.132,-4349.0
6130,22050.893,17604.0,5471.0,2970.498,-4328.0
6131,23235.804,18163.0,5731.0,3099.409,-5085.0
6132,24768.4,19373.0,6567.0,3649.005,-5694.0
6133,25639.603,20037.0,7728.0,4537.208,-6174.0
6134,27541.491,21003.0,9628.0,6414.096,-7133.0
6135,28673.358,21075.0,11275.0,8407.963,-7846.0
6136,29300.619,20412.0,13251.0,10581.224,-8939.0
6137,29901.287,19509.0,13578.0,11521.893,-9829.0
6138,30202.672,19418.0,13259.0,11383.277,-10041.0
6139,29324.494,18842.0,12632.0,11191.099,-9304.0
6140,27604.26,17644.0,11822.0,10338.865,-8824.0
6141,25164.143,16461.0,11218.0,9273.748,-8028.0
6142,23481.166,14666.0,9866.0,8305.771,-7756.0
6143,21572.399,13585.0,9402.0,7163.004,-7607.0
6144,21324.324,12783.0,8737.0,6682.929,-7976.0
6145,20637.973,12433.0,8417.0,6195.578,-7807.0
6146,20385.187,12612.0,8545.0,5870.792,-7828.0
6147,20608.424,13303.0,9111.0,6028.029,-7769.0
6148,21492.999,13674.0,8865.0,6299.604,-7765.0
6149,23260.291,14294.0,8995.0,6234.896,-9107.0
6150,25349.033,16501.0,9113.0,6331.638,-9010.0
6151,26535.022,18592.0,8793.0,6227.627,-7889.0
6152,26663.554,19469.0,7864.0,5941.159,-6498.0
6153,26548.624,20107.0,7668.0,5667.229,-5823.0
6154,26984.003,21059.0,8373.0,5945.608,-5733.0
6155,28088.343,22253.0,9359.0,6493.948,-6081.0
6156,29887.78,23969.0,10962.0,7859.385,-6402.0
6157,31206.039,24699.0,11983.0,9334.644,-6536.0
6158,32626.043,24502.0,12996.0,10383.648,-8117.0
6159,33524.416,25164.0,15375.0,12323.021,-8793.0
6160,33017.099,23718.0,16513.0,13811.704,-9381.0
6161,32774.203,22746.0,16753.0,14037.808,-10124.0
6162,32802.135,21941.0,15870.0,13995.74,-10116.0
6163,31426.947,20397.0,14611.0,12871.552,-10150.0
6164,29729.17,19341.0,13843.0,11826.775,-9785.0
6165,27401.284,17748.0,12620.0,11251.889,-8402.0
6166,25021.135,15648.0,11005.0,10019.74,-7739.0
6167,23558.712,14476.0,10009.0,8455.317,-8017.0
6168,22571.059,13349.0,8934.0,7552.664,-7984.0
6169,21465.117,12816.0,8562.0,6752.722,-7839.0
6170,21122.494,12576.0,8430.0,6347.099,-8010.0
6171,21695.756,13021.0,8159.0,6161.361,-8053.0
6172,22315.796,13363.0,8346.0,6273.401,-8406.0
6173,24017.059,14305.0,8766.0,6151.664,-9707.0
6174,25803.825,15994.0,8424.0,6476.43,-9138.0
6175,27231.584,17345.0,7522.0,6323.189,-8466.0
6176,27625.561,18451.0,7086.0,5952.166,-7689.0
6177,27673.862,19358.0,7063.0,5881.467,-6878.0
6178,28247.959,20704.0,8096.0,6235.564,-6785.0
6179,29584.038,21802.0,8961.0,7188.643,-6935.0
6180,31042.37,23299.0,10662.0,8123.975,-7662.0
6181,32688.176,24809.0,12470.0,9775.781,-7954.0
6182,33684.751,26485.0,15632.0,12412.356,-7800.0
6183,34125.022,25913.0,16103.0,13352.627,-8343.0
6184,33448.96,24396.0,17077.0,14270.565,-9240.0
6185,33402.361,23924.0,17495.0,14729.966,-9624.0
6186,33671.137,22586.0,15609.0,14479.742,-9595.0
6187,31629.258,21452.0,14689.0,12845.863,-9401.0
6188,29565.459,19524.0,13217.0,11690.064,-8949.0
6189,27731.738,17459.0,11711.0,10681.343,-8683.0
6190,25516.721,15815.0,10247.0,8910.326,-8419.0
6191,23432.862,14437.0,9296.0,7624.467,-8048.0
6192,22700.473,13744.0,8701.0,7006.078,-8032.0
6193,21682.057,13417.0,8510.0,6583.662,-7572.0
6194,21274.658,13389.0,8689.0,6494.263,-7461.0
6195,21658.872,13598.0,8787.0,6721.477,-7507.0
6196,22513.966,13798.0,8864.0,6797.571,-8163.0
6197,24105.685,14535.0,9280.0,6850.29,-9381.0
6198,26663.044,16440.0,8585.0,7058.649,-9130.0
6199,27691.882,17722.0,7009.0,6608.487,-7751.0
6200,27597.533,18982.0,7077.0,5903.138,-7170.0
6201,27737.764,20078.0,7397.0,5994.369,-6443.0
6202,28698.669,21581.0,8414.0,6302.274,-6610.0
6203,30461.825,23480.0,10055.0,7436.43,-6981.0
6204,32492.12,25075.0,11642.0,9390.725,-7049.0
6205,34707.676,27007.0,13632.0,11066.281,-7647.0
6206,36294.657,28085.0,15085.0,12309.262,-8366.0
6207,36037.309,27183.0,16132.0,13552.914,-8814.0
6208,35469.294,25592.0,17024.0,14377.899,-9904.0
6209,34721.05,24690.0,17216.0,14639.655,-9988.0
6210,34456.867,23694.0,16218.0,14499.472,-9862.0
6211,32344.782,21531.0,14882.0,13214.387,-9862.0
6212,30851.144,19540.0,13166.0,11994.749,-9863.0
6213,28210.106,17889.0,12167.0,10979.711,-8889.0
6214,25950.596,16093.0,10911.0,9632.201,-8517.0
6215,23998.342,14900.0,10256.0,8701.947,-8033.0
6216,22871.355,13835.0,9408.0,7880.96,-7944.0
6217,21752.044,13345.0,9203.0,7274.649,-7716.0
6218,21348.821,13165.0,9269.0,7134.426,-7699.0
6219,21696.681,13528.0,9418.0,7318.286,-7649.0
6220,22741.771,14226.0,9990.0,7722.376,-8164.0
6221,24494.976,14799.0,10031.0,8023.581,-9084.0
6222,26721.405,16632.0,9374.0,7889.01,-8955.0
6223,27570.638,18394.0,8888.0,7727.243,-7718.0
6224,27588.477,18888.0,8199.0,7521.082,-6759.0
6225,28434.159,19891.0,7961.0,6833.764,-7051.0
6226,29510.78,21675.0,8739.0,7102.385,-6853.0
6227,30491.697,23369.0,10281.0,7871.302,-6913.0
6228,32565.857,25546.0,12153.0,9315.462,-7238.0
6229,34497.648,27341.0,14767.0,11848.253,-7456.0
6230,35579.7,28251.0,16370.0,12892.305,-8187.0
6231,35654.595,27950.0,17348.0,14056.2,-8377.0
6232,34745.964,25913.0,18054.0,14968.569,-9299.0
6233,34856.95,24579.0,17263.0,14632.555,-10289.0
6234,34325.819,24005.0,16263.0,13929.424,-10035.0
6235,32181.206,22243.0,14842.0,12828.811,-9332.0
6236,30347.308,20289.0,13738.0,12029.913,-9147.0
6237,28242.674,18262.0,12219.0,11086.279,-8494.0
6238,25919.302,16410.0,11021.0,9826.907,-8084.0
6239,24643.809,14849.0,9674.0,8736.414,-8113.0
6240,23116.47,13252.0,8497.0,7412.075,-8330.0
6241,22058.068,12407.0,8248.0,6639.673,-8640.0
6242,22033.996,12131.0,8007.0,6305.601,-8985.0
6243,22772.672,13018.0,8104.0,6186.277,-9053.0
6244,23177.759,13840.0,8813.0,6614.364,-8917.0
6245,24769.425,14878.0,9086.0,6709.03,-9649.0
6246,26125.673,16133.0,8743.0,6808.278,-9308.0
6247,27908.21,18416.0,8193.0,6707.815,-8358.0
6248,29206.305,20257.0,7945.0,6730.91,-7544.0
6249,28607.261,20764.0,8343.0,6629.866,-6937.0
6250,30557.296,22592.0,9309.0,7175.901,-7479.0
6251,31940.596,24775.0,10690.0,8496.201,-6740.0
6252,33621.19,26040.0,11677.0,9440.795,-7198.0
6253,34179.795,27126.0,13538.0,10219.4,-7753.0
6254,35634.027,28179.0,14491.0,11202.632,-8124.0
6255,35426.319,27661.0,15231.0,12190.924,-8186.0
6256,34357.617,25414.0,16506.0,13582.222,-9248.0
6257,34671.434,24631.0,17114.0,14384.039,-10151.0
6258,34226.749,23498.0,15772.0,13700.354,-10181.0
6259,32534.328,21752.0,14838.0,12978.934,-10022.0
6260,31295.396,19803.0,13173.0,12372.001,-9674.0
6261,29265.116,17386.0,11114.0,10699.721,-9674.0
6262,27407.396,16125.0,9712.0,8735.001,-9640.0
6263,25502.263,14824.0,8096.0,6892.868,-9262.0
6264,23319.187,13612.0,7164.0,5631.792,-8620.0
6265,22057.914,12616.0,6381.0,4762.519,-8441.0
6266,21442.457,12426.0,6503.0,4387.062,-8513.0
6267,21104.62,12395.0,6802.0,4445.225,-8447.0
6268,21343.425,12393.0,6781.0,4523.03,-8589.0
6269,22095.482,12953.0,7084.0,4535.087,-9072.0
6270,24321.505,15401.0,6242.0,4567.11,-7976.0
6271,24991.248,17718.0,5864.0,4005.853,-6512.0
6272,24567.138,18521.0,5851.0,3878.743,-5399.0
6273,25188.387,18927.0,5798.0,3849.992,-5590.0
6274,26264.5,19381.0,5887.0,3876.105,-6275.0
6275,27842.419,19957.0,6064.0,4174.024,-7156.0
6276,29172.268,21090.0,6935.0,4886.873,-7511.0
6277,30606.644,22937.0,8667.0,5898.249,-7819.0
6278,32057.996,23820.0,9721.0,7561.601,-7778.0
6279,32435.376,24299.0,11770.0,8695.981,-8591.0
6280,31832.62,24494.0,15229.0,11440.225,-8508.0
6281,31884.487,24386.0,16582.0,13446.092,-8015.0
6282,31235.729,23794.0,15837.0,13442.334,-7217.0
6283,29775.615,20375.0,13478.0,12648.22,-7611.0
6284,28267.37,18253.0,12184.0,10524.975,-9054.0
6285,26744.355,15990.0,10531.0,9280.96,-9385.0
6286,25021.464,14091.0,9152.0,7814.069,-9649.0
6287,23352.377,12809.0,8183.0,6551.982,-9555.0
6288,22006.854,11710.0,7556.0,5758.459,-9475.0
6289,21022.322,11138.0,7271.0,5069.927,-9466.0
6290,20564.635,10836.0,7171.0,4806.24,-9474.0
6291,20206.523,10853.0,7373.0,4876.128,-9231.0
6292,20275.696,10995.0,7555.0,5011.301,-9205.0
6293,20712.25,10739.0,7058.0,5068.855,-9343.0
6294,23371.661,13286.0,5561.0,4363.266,-8664.0
6295,23271.664,16188.0,5249.0,3456.269,-6257.0
6296,22351.544,17679.0,5388.0,3139.149,-4302.0
6297,22463.983,18230.0,5450.0,3198.588,-3866.0
6298,23251.404,18400.0,5552.0,3265.009,-4519.0
6299,24859.585,19454.0,6274.0,3790.19,-5270.0
6300,26693.597,20440.0,6892.0,4958.202,-5568.0
6301,28145.111,21688.0,8477.0,6021.716,-6293.0
6302,29946.657,22988.0,10316.0,7307.262,-7348.0
6303,30704.4,23909.0,12305.0,8458.005,-8023.0
6304,30203.634,22706.0,14460.0,10836.239,-8502.0
6305,30828.029,21589.0,14838.0,11929.634,-9528.0
6306,30822.666,20554.0,13972.0,11854.271,-9767.0
6307,29296.004,19540.0,13505.0,11225.609,-9416.0
6308,27640.229,17734.0,12537.0,10701.834,-9122.0
6309,26088.402,15815.0,10979.0,9984.007,-8649.0
6310,24389.489,14222.0,9352.0,8378.094,-8522.0
6311,22433.73,13548.0,9170.0,7163.335,-8273.0
6312,21502.92,12670.0,8673.0,6651.525,-8235.0
6313,20888.763,12212.0,8314.0,6238.368,-8133.0
6314,20529.955,11935.0,8020.0,5820.56,-8175.0
6315,21000.729,12073.0,7965.0,5722.334,-8551.0
6316,21896.406,12615.0,7983.0,5570.011,-9075.0
6317,23171.435,13202.0,8297.0,5792.04,-9855.0
6318,26171.314,15206.0,7162.0,5728.919,-9779.0
6319,27261.104,17735.0,6674.0,5346.709,-8234.0
6320,26457.799,18835.0,6565.0,4760.404,-6808.0
6321,26635.76,19938.0,7319.0,4806.365,-6591.0
6322,27246.214,21119.0,8247.0,5271.819,-6483.0
6323,28514.18,21976.0,8591.0,6238.785,-6271.0
6324,29806.558,23584.0,10041.0,7010.163,-6634.0
6325,30946.327,24805.0,11430.0,7954.932,-6997.0
6326,32428.188,25400.0,12225.0,8950.793,-7683.0
6327,33307.307,25913.0,13780.0,10281.912,-8273.0
6328,32307.793,24382.0,15316.0,11795.398,-8827.0
6329,32620.049,23026.0,15435.0,12605.654,-9804.0
6330,33093.59,23044.0,14810.0,12528.195,-9712.0
6331,30348.984,20445.0,13220.0,11484.589,-9020.0
6332,28387.479,18875.0,12494.0,10121.084,-9266.0
6333,26600.519,16842.0,11076.0,9758.124,-8457.0
6334,25291.89,14998.0,9276.0,8490.495,-8460.0
6335,22957.636,13625.0,8605.0,6795.241,-8523.0
6336,21987.737,12611.0,7594.0,5803.342,-8548.0
6337,21230.832,11892.0,6949.0,5011.437,-8657.0
6338,20662.924,11803.0,6928.0,4423.529,-8745.0
6339,21366.082,12111.0,6770.0,4528.687,-8877.0
6340,22508.871,12776.0,7030.0,4668.476,-9475.0
6341,23912.632,13265.0,7118.0,4982.237,-10164.0
6342,26690.346,16155.0,6654.0,4734.951,-9835.0
6343,26658.806,18520.0,6277.0,4129.411,-7667.0
6344,26236.706,19301.0,6101.0,3584.311,-6833.0
6345,26087.782,19727.0,6233.0,3505.387,-6469.0
6346,27673.847,20773.0,6470.0,3969.452,-6782.0
6347,28562.96,22175.0,7291.0,4553.565,-6506.0
6348,29911.916,23768.0,8433.0,5509.521,-6448.0
6349,31813.983,25114.0,9484.0,6852.588,-6712.0
6350,33761.009,26517.0,10527.0,7906.614,-7245.0
6351,33349.342,26436.0,11950.0,8780.948,-7463.0
6352,32161.493,24721.0,14343.0,10840.098,-8324.0
6353,32855.738,23348.0,14053.0,11698.343,-9243.0
6354,32337.629,22308.0,12921.0,10996.234,-9335.0
6355,30245.631,20993.0,12268.0,9874.236,-9027.0
6356,28756.017,18820.0,10956.0,9573.622,-8699.0
6357,27173.868,15722.0,8604.0,8220.473,-9216.0
6358,24823.177,14278.0,7467.0,6024.782,-9368.0
6359,23532.093,13406.0,6364.0,4722.698,-9148.0
6360,22012.052,12586.0,5680.0,3874.657,-8612.0
6361,21264.397,12613.0,5876.0,3441.002,-8467.0
6362,20683.379,12372.0,5968.0,3324.984,-8335.0
6363,20867.496,12669.0,6591.0,3611.101,-8559.0
6364,22032.967,13181.0,7283.0,4339.572,-9176.0
6365,23785.705,13639.0,7453.0,4825.31,-10155.0
6366,26558.359,16597.0,7431.0,5206.964,-9566.0
6367,25902.562,19083.0,7892.0,5112.167,-6980.0
6368,25627.018,19205.0,6868.0,4730.623,-5940.0
6369,25915.013,20435.0,7617.0,4707.618,-5770.0
6370,26372.248,21165.0,7925.0,4951.853,-5561.0
6371,27068.728,22966.0,9916.0,5436.333,-5963.0
6372,29411.955,23924.0,9667.0,7080.56,-5455.0
6373,31686.855,25306.0,10620.0,7856.46,-6525.0
6374,33256.681,26305.0,11316.0,8673.286,-6975.0
6375,33130.555,26825.0,12919.0,9460.16,-7145.0
6376,31968.379,25287.0,15080.0,11277.984,-7864.0
6377,32925.588,23719.0,14611.0,12282.193,-8916.0
6378,32744.11,22329.0,12994.0,11337.715,-9452.0
6379,30880.587,20674.0,12009.0,10298.192,-9298.0
6380,28848.576,17994.0,10489.0,9189.181,-9535.0
6381,26923.158,15797.0,9045.0,7772.763,-9779.0
6382,25049.529,13971.0,7362.0,6241.134,-9580.0
6383,23673.144,12935.0,6421.0,5012.749,-9527.0
6384,22567.495,13045.0,6810.0,4448.1,-9265.0
6385,21970.933,12612.0,6135.0,4252.538,-8622.0
6386,21560.751,12659.0,5993.0,3719.356,-8556.0
6387,21996.456,12810.0,5733.0,3634.061,-8666.0
6388,22892.824,13662.0,6013.0,3339.429,-9285.0
6389,24104.152,14202.0,6404.0,3852.757,-9834.0
6390,27146.161,16475.0,5454.0,4002.766,-9503.0
6391,27738.683,18946.0,5866.0,3709.288,-8330.0
6392,27660.86,19951.0,5872.0,3821.465,-7141.0
6393,27139.63,20188.0,6248.0,3772.235,-6808.0
6394,28349.405,21648.0,7524.0,4442.01,-7164.0
6395,29590.728,22821.0,8575.0,5804.333,-6921.0
6396,31867.084,25154.0,9714.0,6994.689,-6813.0
6397,33650.738,27012.0,10669.0,8141.343,-6547.0
6398,34571.331,27372.0,10956.0,8631.936,-6904.0
6399,34837.041,27285.0,11748.0,9170.646,-7510.0
6400,32729.81,25678.0,14336.0,10586.415,-8182.0
6401,33646.398,23991.0,13829.0,11700.003,-9165.0
6402,32720.666,22803.0,13199.0,11134.271,-9363.0
6403,31232.156,21190.0,12040.0,10129.761,-9333.0
6404,29459.638,18599.0,10211.0,9329.243,-9123.0
6405,27271.378,15569.0,7901.0,7630.983,-9353.0
6406,25482.842,13577.0,6187.0,5753.447,-9720.0
6407,24182.053,13046.0,5712.0,4791.658,-9437.0
6408,22806.112,12641.0,5303.0,3660.717,-9188.0
6409,21704.511,12196.0,5000.0,3216.116,-8673.0
6410,21316.829,12041.0,5072.0,2971.434,-8757.0
6411,21453.89,11922.0,5234.0,3116.495,-9030.0
6412,22754.92,12839.0,6069.0,3599.525,-9766.0
6413,24268.175,13530.0,6233.0,4067.78,-10284.0
6414,26542.446,16075.0,5782.0,3952.051,-9678.0
6415,27714.701,19289.0,5219.0,3425.306,-7600.0
6416,26319.94,20263.0,5348.0,3147.545,-5638.0
6417,25293.285,20049.0,5584.0,3077.89,-5131.0
6418,26201.966,19873.0,6102.0,3667.571,-6144.0
6419,27344.358,20556.0,6928.0,4244.963,-6852.0
6420,29571.585,22604.0,7448.0,5102.19,-6694.0
6421,30604.653,24071.0,8387.0,6128.258,-6173.0
6422,31562.439,24884.0,9158.0,6738.044,-6479.0
6423,31593.776,24167.0,9843.0,7508.381,-7142.0
6424,29839.416,21828.0,11812.0,8639.021,-8565.0
6425,31145.544,20806.0,11697.0,9563.149,-9854.0
6426,30886.602,19898.0,11050.0,9252.207,-10167.0
6427,29840.816,19057.0,10678.0,8723.421,-10119.0
6428,28437.767,16936.0,9193.0,8297.372,-9778.0
6429,26787.306,15119.0,7577.0,6809.911,-9816.0
6430,25353.704,13984.0,6289.0,5159.309,-9880.0
6431,23060.638,12518.0,5854.0,4383.243,-9394.0
6432,22509.828,11472.0,5165.0,3777.433,-9806.0
6433,21313.096,11020.0,4934.0,3138.702,-9469.0
6434,20914.121,10443.0,4841.0,3048.726,-9644.0
6435,20782.689,10266.0,4905.0,2924.294,-9878.0
6436,21570.938,10697.0,4825.0,2893.543,-10186.0
6437,21722.391,10821.0,4824.0,2639.996,-10466.0
6438,24586.931,14361.0,4475.0,2711.536,-9370.0
6439,24757.467,16610.0,3984.0,2410.072,-7102.0
6440,23820.335,17363.0,3933.0,1961.94,-5809.0
6441,23384.895,17565.0,4035.0,1977.5,-5258.0
6442,23606.622,17647.0,4289.0,2159.227,-5470.0
6443,24706.614,18191.0,5000.0,2527.219,-6369.0
6444,26762.118,19558.0,5478.0,3249.723,-6813.0
6445,27861.009,21148.0,6677.0,4062.614,-6708.0
6446,29136.036,22200.0,8374.0,5328.641,-7362.0
6447,29297.78,22208.0,10052.0,6761.385,-7761.0
6448,28711.758,20721.0,12008.0,8526.363,-8853.0
6449,29608.366,20310.0,12462.0,9461.971,-9679.0
6450,29839.482,19386.0,11565.0,9528.087,-9871.0
6451,29068.957,18703.0,11450.0,8847.562,-10349.0
6452,27654.338,16977.0,10107.0,8759.943,-9405.0
6453,26237.424,14876.0,8690.0,7652.029,-9780.0
6454,24223.469,13837.0,8294.0,6257.074,-9804.0
6455,22611.346,12649.0,8116.0,5853.951,-9605.0
6456,21897.599,11474.0,7545.0,5460.204,-9889.0
6457,21678.333,9860.0,5913.0,4753.938,-10358.0
6458,20887.275,9880.0,6237.0,4000.88,-10624.0
6459,20866.071,9821.0,6068.0,3980.676,-10513.0
6460,21286.092,10202.0,5841.0,3830.697,-10475.0
6461,21081.843,10219.0,5832.0,3384.448,-10691.0
6462,23635.671,12727.0,4810.0,3083.276,-10016.0
6463,23712.16,15914.0,4603.0,2444.765,-7337.0
6464,22593.911,17352.0,4731.0,2249.516,-5104.0
6465,22830.778,18410.0,4785.0,2388.383,-4198.0
6466,23278.227,19232.0,5281.0,2657.832,-4050.0
6467,24777.02,20481.0,6530.0,3595.625,-4611.0
6468,26368.881,21754.0,8027.0,4823.486,-5199.0
6469,28587.666,22809.0,9490.0,6340.271,-6309.0
6470,30769.718,23940.0,10581.0,7625.323,-7166.0
6471,31072.878,23583.0,12447.0,9483.483,-7834.0
6472,30575.532,22406.0,15225.0,11667.137,-9108.0
6473,31639.745,21599.0,15657.0,12986.351,-10092.0
6474,31511.043,20310.0,14858.0,13232.648,-10207.0
6475,30308.346,19069.0,14150.0,12450.951,-10319.0
6476,28581.643,17071.0,12817.0,11679.248,-10029.0
6477,27030.734,15299.0,11339.0,10294.339,-10157.0
6478,25805.683,14117.0,9740.0,8941.288,-9868.0
6479,23747.385,13468.0,9350.0,7500.99,-9509.0
6480,23088.752,13218.0,9044.0,7079.357,-9216.0
6481,22174.606,12714.0,8518.0,6711.211,-8648.0
6482,21986.685,12806.0,8613.0,6483.29,-8691.0
6483,22467.154,12783.0,8148.0,6273.759,-8939.0
6484,23667.421,13722.0,8515.0,6248.026,-9593.0
6485,24968.53,14434.0,9014.0,6627.135,-10302.0
6486,27777.249,18013.0,9913.0,7274.854,-9783.0
6487,28919.275,20429.0,8857.0,7115.881,-7612.0
6488,28833.112,22339.0,8988.0,6606.717,-6256.0
6489,29134.163,23363.0,9323.0,6886.768,-5588.0
6490,30132.344,24211.0,10283.0,7365.949,-6219.0
6491,32640.495,25129.0,10688.0,8312.1,-7268.0
6492,34599.946,27310.0,12796.0,9524.551,-7942.0
6493,36975.883,29084.0,14745.0,11318.488,-8699.0
6494,38269.595,30243.0,16479.0,13021.2,-8865.0
6495,37603.142,29933.0,18342.0,14395.747,-8997.0
6496,35679.677,27903.0,20815.0,16390.282,-9582.0
6497,36319.955,26719.0,20702.0,17484.56,-10199.0
6498,35681.159,24648.0,18914.0,17228.764,-10099.0
6499,33077.846,22709.0,17661.0,15365.451,-10045.0
6500,31230.998,20890.0,16303.0,14274.603,-9750.0
6501,28966.489,17543.0,13561.0,13086.094,-9279.0
6502,27440.343,15549.0,11499.0,11130.948,-9640.0
6503,24891.415,13794.0,10178.0,8903.02,-9753.0
6504,23644.485,12228.0,8676.0,7629.09,-9844.0
6505,22649.285,11658.0,8178.0,6362.89,-10187.0
6506,22092.556,11535.0,8085.0,5943.161,-10080.0
6507,22181.767,11782.0,8361.0,5950.372,-10191.0
6508,23491.22,13000.0,9184.0,6545.825,-10510.0
6509,24742.66,14181.0,9948.0,7118.265,-10772.0
6510,27966.261,17092.0,8960.0,7133.866,-10081.0
6511,28938.054,20395.0,8932.0,7001.659,-7854.0
6512,28080.802,21558.0,9389.0,6850.407,-6442.0
6513,29143.336,23055.0,10098.0,7408.941,-6158.0
6514,30344.789,23970.0,11001.0,8297.394,-6459.0
6515,32989.451,26348.0,12815.0,9491.056,-7346.0
6516,34766.425,28164.0,14460.0,10971.03,-7472.0
6517,36778.696,30292.0,16398.0,12313.301,-7952.0
6518,38556.797,32138.0,18339.0,13936.402,-8202.0
6519,37437.833,30986.0,19690.0,15377.438,-8145.0
6520,36714.864,29407.0,22367.0,17539.469,-9516.0
6521,37078.363,27211.0,20965.0,18127.968,-10085.0
6522,36062.912,25303.0,19213.0,16933.517,-10420.0
6523,33456.213,25272.0,19111.0,16061.818,-8614.0
6524,31679.053,22917.0,17388.0,15542.658,-7988.0
6525,29517.483,19823.0,14776.0,14165.088,-7686.0
6526,27538.472,16486.0,11614.0,11723.077,-8324.0
6527,25023.768,14405.0,10203.0,9303.373,-8899.0
6528,24445.624,12801.0,8303.0,7793.229,-9535.0
6529,23113.726,12032.0,7414.0,5733.331,-10143.0
6530,22303.145,11818.0,7333.0,5155.75,-10043.0
6531,22383.717,12335.0,7887.0,5345.322,-9971.0
6532,23497.674,13509.0,8723.0,6092.279,-10000.0
6533,24606.245,13761.0,8864.0,6369.85,-10720.0
6534,28657.697,16864.0,8328.0,6814.302,-10688.0
6535,29162.548,19524.0,8169.0,6754.153,-8434.0
6536,29149.048,20949.0,8703.0,6855.653,-7428.0
6537,30569.604,22285.0,9501.0,7699.209,-7467.0
6538,32823.289,25057.0,11879.0,9152.894,-7873.0
6539,35458.873,28314.0,14550.0,11103.478,-7972.0
6540,37991.304,31448.0,17299.0,13649.909,-7573.0
6541,39448.104,32449.0,18557.0,15622.709,-7314.0
6542,40981.273,33676.0,20104.0,16609.878,-8180.0
6543,39905.414,33099.0,21784.0,17797.019,-8174.0
6544,38813.548,31166.0,23175.0,18987.153,-9216.0
6545,38952.306,29069.0,21648.0,19115.911,-9796.0
6546,38225.279,27959.0,20640.0,17761.884,-10525.0
6547,35363.006,25854.0,19230.0,17012.611,-9107.0
6548,33336.188,23424.0,17021.0,15609.793,-8704.0
6549,30491.73,20296.0,14671.0,13570.335,-8677.0
6550,28609.358,17366.0,12116.0,11956.963,-8783.0
6551,26425.178,15576.0,10828.0,9905.783,-9152.0
6552,24861.788,14364.0,9636.0,8449.393,-9065.0
6553,23210.87,13355.0,9143.0,7402.475,-8977.0
6554,22491.15,13059.0,9315.0,7057.755,-9070.0
6555,22876.546,13500.0,9724.0,7295.151,-9186.0
6556,23834.57,13992.0,10006.0,7933.175,-9296.0
6557,25416.614,15141.0,10747.0,8175.219,-10228.0
6558,28466.694,18081.0,10362.0,8640.299,-9488.0
6559,29598.204,20740.0,9786.0,8491.809,-7533.0
6560,29467.316,22662.0,10692.0,8463.921,-6414.0
6561,30545.827,24633.0,12035.0,9026.432,-6302.0
6562,32698.434,26439.0,13250.0,10554.039,-6336.0
6563,35762.116,29082.0,15358.0,12204.721,-7214.0
6564,38045.086,31650.0,17840.0,14134.691,-7481.0
6565,40111.988,33365.0,19233.0,15668.593,-7692.0
6566,40752.439,33764.0,20297.0,16787.044,-7879.0
6567,39165.731,32818.0,22101.0,17288.336,-8541.0
6568,38215.227,30262.0,23475.0,19371.832,-9437.0
6569,38456.147,28939.0,22764.0,19486.752,-10175.0
6570,37496.965,26280.0,20125.0,18430.57,-10292.0
6571,35095.203,24489.0,18993.0,16410.808,-10569.0
6572,32865.44,21964.0,16970.0,15619.045,-9633.0
6573,30402.808,18652.0,14301.0,14045.413,-9387.0
6574,28480.306,16465.0,12085.0,11573.911,-9907.0
6575,26405.049,14645.0,10481.0,10031.654,-9590.0
6576,24516.362,13747.0,9674.0,8334.967,-9489.0
6577,23142.904,13238.0,9362.0,7826.509,-8821.0
6578,22619.305,13252.0,9396.0,7464.91,-8679.0
6579,22652.544,13207.0,9357.0,7646.149,-8537.0
6580,23515.019,13729.0,9913.0,7824.624,-9255.0
6581,25126.499,14228.0,10208.0,8344.104,-10143.0
6582,28123.136,16914.0,9686.0,8202.741,-10073.0
6583,28837.449,19923.0,9708.0,7740.054,-8263.0
6584,28855.184,21089.0,9900.0,7770.789,-7276.0
6585,30082.8,22605.0,10574.0,8160.405,-7272.0
6586,31882.04,24386.0,11686.0,8821.645,-7741.0
6587,34509.524,26723.0,13547.0,10800.129,-7914.0
6588,36937.536,29591.0,15864.0,12541.141,-8050.0
6589,38658.493,30545.0,16962.0,13935.098,-8521.0
6590,40307.35,30953.0,18033.0,15470.955,-9297.0
6591,39494.269,30140.0,18785.0,15993.874,-9526.0
6592,37460.47,28281.0,20629.0,16429.075,-10760.0
6593,37356.49,26322.0,19333.0,16886.095,-10862.0
6594,36483.241,23997.0,16996.0,15639.846,-11223.0
6595,33550.521,22841.0,16624.0,13763.126,-10951.0
6596,31743.094,21156.0,15347.0,13339.699,-9975.0
6597,30157.889,18188.0,12235.0,12224.494,-9361.0
6598,28033.139,16662.0,10895.0,10108.744,-9538.0
6599,25779.101,15023.0,9450.0,8724.706,-8862.0
6600,24417.435,13352.0,8160.0,7421.04,-9185.0
6601,22692.227,12603.0,8069.0,6273.832,-9265.0
6602,21872.858,11966.0,8018.0,6158.463,-9147.0
6603,21896.313,12041.0,7987.0,6048.918,-9174.0
6604,21989.04,12130.0,8093.0,6096.645,-9236.0
6605,22537.619,12076.0,8174.0,6288.224,-9728.0
6606,24749.704,15073.0,8409.0,6280.309,-9186.0
6607,25922.923,17630.0,7797.0,6351.528,-7119.0
6608,25742.637,19104.0,7861.0,5986.242,-5894.0
6609,26225.857,20283.0,8488.0,6224.462,-5587.0
6610,27557.157,21284.0,9019.0,6891.762,-5781.0
6611,29344.476,23185.0,10622.0,7936.081,-6226.0
6612,31660.576,25196.0,12420.0,9965.181,-6300.0
6613,33265.493,26948.0,14679.0,11444.098,-6933.0
6614,35119.672,27138.0,15303.0,12916.277,-7749.0
6615,35151.491,27088.0,17683.0,13984.096,-9143.0
6616,34738.328,25478.0,19604.0,16252.933,-9992.0
6617,35131.824,24000.0,18490.0,16604.429,-10398.0
6618,33586.724,21803.0,16878.0,15492.329,-10550.0
6619,31382.534,20420.0,16219.0,13961.139,-10601.0
6620,29790.341,19190.0,15195.0,13437.946,-9738.0
6621,28479.502,16469.0,12396.0,12585.107,-9202.0
6622,26965.836,14394.0,10031.0,10258.441,-9725.0
6623,24078.663,13227.0,9559.0,8270.268,-9521.0
6624,23019.178,12005.0,8611.0,7553.783,-9452.0
6625,21710.764,11385.0,8292.0,6728.369,-9270.0
6626,21061.469,11286.0,8322.0,6519.074,-8959.0
6627,20494.595,10814.0,8155.0,6377.2,-8839.0
6628,20814.15,11031.0,8290.0,6450.755,-9003.0
6629,20902.459,10764.0,8122.0,6370.064,-9271.0
6630,23218.782,13313.0,7402.0,5913.387,-8775.0
6631,23131.602,14622.0,6148.0,5138.207,-6900.0
6632,23409.683,15491.0,5746.0,4680.288,-6365.0
6633,23896.543,17160.0,6412.0,4491.148,-6038.0
6634,24708.2,18226.0,7196.0,5328.805,-5730.0
6635,26810.846,19535.0,8301.0,6151.451,-6806.0
6636,29590.308,21313.0,9610.0,7371.913,-7896.0
6637,31172.489,22995.0,11554.0,8686.094,-8426.0
6638,33321.759,24824.0,13801.0,10586.364,-9093.0
6639,32643.455,24977.0,16673.0,12314.06,-9406.0
6640,33047.353,24789.0,19211.0,15034.958,-9815.0
6641,34214.946,23003.0,17258.0,15783.551,-10067.0
6642,32966.694,21101.0,15589.0,14074.299,-10761.0
6643,30797.284,19600.0,14704.0,12771.889,-10510.0
6644,29013.302,17292.0,12915.0,11849.907,-10167.0
6645,27182.515,15675.0,11559.0,10799.121,-9648.0
6646,25036.996,13663.0,10001.0,9477.601,-9278.0
6647,23195.418,12767.0,9509.0,8187.023,-9131.0
6648,21986.705,12109.0,9249.0,7659.31,-8848.0
6649,21328.324,11700.0,9048.0,7212.929,-8844.0
6650,20898.914,11586.0,9137.0,7021.519,-8809.0
6651,21054.407,12119.0,9586.0,7181.012,-8721.0
6652,22575.607,13811.0,10445.0,7988.212,-8602.0
6653,23747.514,14951.0,11647.0,9295.119,-8529.0
6654,26180.344,16911.0,11280.0,9791.949,-8138.0
6655,27900.649,18836.0,10046.0,9463.254,-7028.0
6656,27464.077,19640.0,9528.0,8800.682,-5932.0
6657,27615.931,20790.0,9992.0,8675.536,-5523.0
6658,28133.66,22176.0,11842.0,9517.265,-5663.0
6659,30787.5,24103.0,13468.0,11416.105,-6117.0
6660,33014.927,26330.0,14758.0,12749.532,-6074.0
6661,34002.201,28309.0,16627.0,13597.806,-6103.0
6662,34436.311,28955.0,18681.0,15105.916,-6437.0
6663,34779.02,28508.0,19756.0,16401.625,-7006.0
6664,34125.222,27182.0,21186.0,17471.828,-8038.0
6665,34798.503,25748.0,19864.0,17702.108,-8593.0
6666,33974.822,23356.0,17978.0,16878.427,-9099.0
6667,31202.841,21166.0,16884.0,15046.446,-9255.0
6668,29470.303,19315.0,15766.0,14119.908,-9182.0
6669,27793.189,17245.0,13894.0,13307.794,-8515.0
6670,25813.285,14740.0,11412.0,11495.89,-8370.0
6671,24217.639,13250.0,10083.0,9605.244,-8826.0
6672,22937.481,12924.0,9836.0,8551.086,-8679.0
6673,22007.333,12216.0,9317.0,8189.938,-8299.0
6674,21503.571,12034.0,9239.0,7957.176,-8132.0
6675,21705.537,12220.0,9449.0,7971.142,-8344.0
6676,22712.524,13145.0,10043.0,8289.129,-8702.0
6677,24330.961,14219.0,10930.0,9147.566,-9275.0
6678,27046.159,16033.0,9824.0,9434.764,-8783.0
6679,26833.115,17999.0,9957.0,8896.72,-7275.0
6680,27578.521,18825.0,9716.0,9094.126,-6756.0
6681,26825.843,19970.0,10632.0,8960.448,-5908.0
6682,27736.672,21111.0,11440.0,9780.277,-5666.0
6683,29664.841,22751.0,12546.0,10835.446,-6005.0
6684,30839.083,24652.0,14247.0,12047.688,-5767.0
6685,31825.632,26439.0,16201.0,12830.237,-6138.0
6686,32710.54,26820.0,17036.0,14156.145,-6151.0
6687,32034.404,26599.0,18915.0,15297.009,-6434.0
6688,32001.887,25046.0,19552.0,16265.492,-7623.0
6689,32706.015,24231.0,18831.0,16353.62,-8333.0
6690,32232.708,22506.0,17333.0,15744.313,-8696.0
6691,30508.239,20538.0,15930.0,14395.844,-8885.0
6692,28936.886,18746.0,14712.0,13130.491,-9153.0
6693,27082.88,16231.0,12355.0,11992.485,-8595.0
6694,25286.61,14444.0,10722.0,10247.215,-8698.0
6695,24030.85,13163.0,9309.0,8759.455,-8798.0
6696,22487.905,12822.0,9400.0,7983.51,-8463.0
6697,21766.187,12347.0,8833.0,7818.792,-7814.0
6698,21327.706,12305.0,8753.0,7379.311,-7777.0
6699,21509.673,12804.0,9025.0,7457.278,-7654.0
6700,22377.0,12957.0,9268.0,7716.605,-8352.0
6701,24231.735,14591.0,10342.0,8147.34,-9216.0
6702,26743.259,16678.0,9614.0,8897.864,-8162.0
6703,27466.348,18645.0,8533.0,8023.953,-6711.0
6704,26373.193,19022.0,7980.0,7411.798,-5300.0
6705,26595.834,20114.0,8208.0,7090.439,-4980.0
6706,26789.844,21151.0,8740.0,7267.449,-4492.0
6707,27160.91,22184.0,9861.0,8008.515,-4210.0
6708,29245.671,23509.0,10492.0,9063.276,-4546.0
6709,30401.926,24851.0,11919.0,9966.531,-4884.0
6710,31388.036,24967.0,12502.0,11103.641,-5200.0
6711,31002.666,24801.0,14531.0,11813.271,-6300.0
6712,30577.239,23433.0,16243.0,13461.844,-7306.0
6713,31568.543,22824.0,15540.0,13808.148,-7857.0
6714,30598.206,20825.0,14096.0,13032.811,-8217.0
6715,28978.865,19278.0,13609.0,11845.47,-8845.0
6716,28351.739,17358.0,12118.0,11242.344,-9250.0
6717,26496.764,15346.0,10492.0,10004.369,-9019.0
6718,25111.289,13737.0,8707.0,8707.894,-8754.0
6719,23737.226,12755.0,7962.0,7139.831,-9185.0
6720,22417.678,12543.0,7847.0,6220.283,-8882.0
6721,21827.941,11855.0,7197.0,6168.546,-8382.0
6722,21432.562,11885.0,7329.0,5703.167,-8554.0
6723,21808.09,11903.0,7068.0,5668.695,-8685.0
6724,22899.336,12580.0,7032.0,5579.941,-9152.0
6725,24038.95,13751.0,8245.0,6137.555,-9776.0
6726,26489.413,15413.0,8243.0,6768.018,-9932.0
6727,27871.172,18226.0,8295.0,6826.777,-8494.0
6728,27075.53,19206.0,7978.0,6595.135,-6633.0
6729,27135.674,19739.0,7733.0,6638.279,-5872.0
6730,8790.752,2219.667,7483.0,6209.691,-5225.0
6731,26457.309,19866.0,7233.0,5999.914,-5205.0
6732,27354.976,21094.0,7634.0,6137.581,-5138.0
6733,27721.384,21420.0,7467.0,6235.989,-4913.0
6734,28013.445,21267.0,7686.0,6447.05,-5366.0
6735,27750.606,20630.0,9153.0,7284.211,-6370.0
6736,27550.748,19298.0,10587.0,8428.353,-7792.0
6737,29524.59,19499.0,10619.0,9316.195,-8709.0
6738,29259.564,18752.0,10268.0,8998.169,-9158.0
6739,28479.882,17762.0,9645.0,8721.487,-9022.0
6740,26939.398,15925.0,8243.0,7921.003,-8717.0
6741,25402.656,14176.0,7178.0,6548.261,-9237.0
6742,23726.383,14851.0,7973.0,5436.988,-8792.0
6743,22243.568,14157.0,7554.0,6195.173,-6826.0
6744,21619.778,13515.0,7008.0,5659.383,-6834.0
6745,20700.77,13010.0,6848.0,5044.375,-6875.0
6746,20546.81,13090.0,7116.0,5137.415,-6816.0
6747,21116.058,13413.0,7138.0,5451.663,-6770.0
6748,21959.756,14248.0,7668.0,5809.361,-6951.0
6749,23477.827,15400.0,8843.0,6610.432,-7691.0
6750,25858.126,17528.0,8877.0,7114.731,-7473.0
6751,26639.134,19497.0,8507.0,7252.739,-5777.0
6752,25749.704,20613.0,8755.0,7100.309,-4172.0
6753,24939.208,20227.0,8576.0,7220.813,-3448.0
6754,24466.201,20012.0,8317.0,7031.806,-3120.0
6755,24876.166,20486.0,8330.0,6965.771,-3135.0
6756,25825.003,21124.0,7796.0,6554.608,-3323.0
6757,26313.763,22758.0,8669.0,6510.368,-3095.0
6758,25993.667,22157.0,8910.0,7271.272,-2856.0
6759,25901.27,20342.0,9463.0,7939.875,-4463.0
6760,25840.792,18468.0,10703.0,8468.397,-6988.0
6761,27390.797,18517.0,11300.0,9026.402,-8528.0
6762,27773.519,18051.0,10923.0,9201.124,-8825.0
6763,26529.379,17129.0,10473.0,8961.984,-8292.0
6764,25960.121,16508.0,10056.0,8552.726,-8336.0
6765,24220.75,15253.0,9377.0,7932.355,-7793.0
6766,22944.368,14134.0,8379.0,7086.973,-7483.0
6767,21782.339,12964.0,7833.0,6224.944,-7807.0
6768,21175.45,12598.0,7246.0,5685.055,-7519.0
6769,20396.07,12169.0,6770.0,5071.675,-7306.0
6770,19848.819,12003.0,6577.0,4682.424,-7121.0
6771,20016.822,12073.0,6547.0,4624.427,-7247.0
6772,20370.907,12292.0,6835.0,4905.512,-7389.0
6773,21165.46,12868.0,7264.0,5056.065,-7886.0
6774,22760.296,14400.0,6986.0,5288.901,-7438.0
6775,24737.48,16466.0,5577.0,4827.085,-6402.0
6776,23618.675,17202.0,5206.0,4018.28,-4985.0
6777,23941.867,17980.0,4977.0,3744.472,-4575.0
6778,22366.378,17620.0,5078.0,3669.983,-3535.0
6779,22635.771,17819.0,5198.0,3574.376,-3821.0
6780,23205.224,18310.0,5594.0,3861.83,-4008.0
6781,23856.567,18855.0,6062.0,4163.172,-4281.0
6782,24099.476,19625.0,7599.0,4844.081,-4610.0
6783,24018.119,19580.0,9438.0,6305.724,-4951.0
6784,24711.792,18174.0,10707.0,8133.397,-6492.0
6785,26511.135,18316.0,10775.0,8795.74,-7555.0
6786,26125.97,17128.0,10468.0,8681.575,-8165.0
6787,25606.117,16537.0,10084.0,8191.722,-8342.0
6788,24966.306,15830.0,9386.0,7954.911,-7948.0
6789,24066.852,14577.0,7689.0,7134.457,-7425.0
6790,22290.367,14260.0,7626.0,5775.972,-7261.0
6791,21407.499,12967.0,6405.0,5173.104,-7053.0
6792,20456.137,11754.0,5544.0,4136.742,-7490.0
6793,19489.383,11402.0,5694.0,3695.988,-7466.0
6794,19480.811,11185.0,5537.0,3825.416,-7388.0
6795,19162.211,11270.0,5881.0,3681.816,-7472.0
6796,19334.963,11733.0,6302.0,3909.568,-7375.0
6797,19685.827,11964.0,6652.0,4499.432,-7255.0
6798,22451.281,14201.0,4955.0,4174.886,-6411.0
6799,21986.257,16301.0,4734.0,3478.862,-4321.0
6800,21374.19,17771.0,4759.0,3106.795,-2636.0
6801,20044.608,17458.0,4712.0,3117.213,-1562.0
6802,20306.695,17632.0,4851.0,3341.3,-1565.0
6803,20600.733,17665.0,5398.0,3569.338,-2145.0
6804,21313.961,18400.0,6565.0,4283.566,-2576.0
6805,22504.129,19046.0,7513.0,5161.734,-3190.0
6806,23730.637,19671.0,8581.0,6364.242,-3657.0
6807,23463.134,19111.0,10810.0,7811.739,-4731.0
6808,24995.402,18039.0,13048.0,10419.007,-6966.0
6809,27153.846,18231.0,13214.0,11317.451,-8200.0
6810,26880.095,17545.0,12900.0,11289.7,-8326.0
6811,25928.611,16728.0,12516.0,11002.216,-8095.0
6812,24718.048,15267.0,11598.0,10564.653,-7865.0
6813,23589.534,13501.0,10226.0,9567.139,-8128.0
6814,22434.702,12203.0,8832.0,8427.307,-8017.0
6815,20940.148,11686.0,8584.0,7197.753,-8021.0
6816,19923.768,11284.0,8551.0,6923.373,-7648.0
6817,19711.77,10765.0,8125.0,6722.375,-7730.0
6818,19544.552,10801.0,8178.0,6401.157,-7901.0
6819,19886.283,11139.0,8268.0,6522.888,-7873.0
6820,21045.677,12492.0,9309.0,7111.282,-8132.0
6821,22531.858,13573.0,10088.0,7999.463,-8428.0
6822,25927.011,15712.0,8481.0,7936.616,-8140.0
6823,26915.092,18667.0,7471.0,7002.697,-6097.0
6824,25275.555,19444.0,7456.0,6327.16,-4341.0
6825,25707.338,20419.0,7927.0,6450.943,-4145.0
6826,26301.179,21216.0,8528.0,7148.784,-3845.0
6827,27545.879,21878.0,9222.0,7433.484,-4837.0
6828,29454.94,23785.0,11194.0,8921.545,-5323.0
6829,31624.451,26272.0,13479.0,10848.056,-5364.0
6830,31158.422,26547.0,15287.0,11971.027,-5308.0
6831,31461.302,25697.0,16816.0,13597.907,-6363.0
6832,31262.939,24109.0,19030.0,15321.544,-8243.0
6833,32451.397,23842.0,18560.0,16025.002,-8525.0
6834,31324.823,21988.0,16775.0,14642.428,-8850.0
6835,29736.182,20196.0,15301.0,13456.787,-8765.0
6836,27696.345,17924.0,13720.0,12216.95,-8656.0
6837,25890.24,16212.0,12659.0,11373.845,-8344.0
6838,24474.328,14272.0,10988.0,10669.933,-7901.0
6839,23461.921,12653.0,9650.0,9255.526,-8584.0
6840,22513.202,11622.0,8933.0,8283.807,-8921.0
6841,21634.508,11243.0,8482.0,7506.113,-8748.0
6842,21188.253,11287.0,8517.0,7156.858,-8642.0
6843,21681.609,11927.0,8996.0,7446.214,-8685.0
6844,22803.789,13006.0,9601.0,7886.394,-8893.0
6845,24157.531,14087.0,10409.0,8590.136,-9270.0
6846,27239.783,16112.0,9078.0,8553.388,-9033.0
6847,27320.067,18879.0,8632.0,7469.672,-6984.0
6848,26892.259,19909.0,8341.0,7073.864,-5631.0
6849,26945.845,20427.0,8477.0,7145.45,-5231.0
6850,28532.156,21533.0,9269.0,7783.761,-5865.0
6851,30091.935,23040.0,10693.0,8711.54,-6414.0
6852,32233.515,25269.0,12445.0,9929.12,-6861.0
6853,35125.132,27484.0,13438.0,11741.737,-6718.0
6854,35586.216,27361.0,13603.0,12042.821,-7166.0
6855,33281.105,27462.0,17564.0,13050.71,-7713.0
6856,33438.069,26621.0,20246.0,16334.674,-8109.0
6857,34197.033,25061.0,18546.0,16676.638,-8386.0
6858,33232.531,22444.0,15996.0,15049.136,-9116.0
6859,31358.287,20522.0,14475.0,13383.892,-9308.0
6860,29011.927,18430.0,13513.0,12233.532,-9242.0
6861,27815.546,15784.0,11316.0,11415.151,-9313.0
6862,25340.808,13712.0,9756.0,9569.413,-9196.0
6863,23921.401,11617.0,7990.0,8256.006,-9419.0
6864,22456.619,10828.0,7487.0,7005.224,-9491.0
6865,21761.861,10223.0,7088.0,6561.466,-9446.0
6866,21497.128,10408.0,7233.0,6231.733,-9471.0
6867,21914.878,11428.0,7822.0,6537.483,-9152.0
6868,22738.174,11724.0,8044.0,6986.779,-9452.0
6869,24138.533,13003.0,9079.0,7323.138,-10272.0
6870,27132.987,15361.0,8291.0,7621.592,-9822.0
6871,27288.462,17334.0,7740.0,6920.067,-8155.0
6872,26961.82,18732.0,7921.0,6302.425,-7229.0
6873,27410.887,19811.0,8480.0,6615.492,-6845.0
6874,28477.913,21387.0,9422.0,7128.518,-6765.0
6875,30072.078,23276.0,10990.0,8641.683,-6525.0
6876,32291.229,25449.0,12991.0,10342.834,-6871.0
6877,34484.03,28081.0,15242.0,12278.635,-6747.0
6878,35018.642,29502.0,17320.0,13675.247,-6542.0
6879,33525.983,29097.0,20336.0,15364.588,-6781.0
6880,33514.605,27122.0,21744.0,17875.21,-7642.0
6881,34335.881,25979.0,20896.0,18360.486,-8273.0
6882,33577.108,23152.0,18029.0,16949.713,-8885.0
6883,31918.254,20826.0,15760.0,14809.859,-9423.0
6884,29664.447,18474.0,13841.0,13041.052,-9371.0
6885,27562.722,16007.0,11891.0,11546.327,-9281.0
6886,25359.132,14330.0,10993.0,9896.738,-9506.0
6887,24183.251,13275.0,10069.0,9344.856,-9013.0
6888,22690.949,12387.0,9308.0,8188.554,-8804.0
6889,21621.586,11905.0,9336.0,7748.191,-8685.0
6890,21366.331,12063.0,9764.0,7927.936,-8520.0
6891,21751.25,12517.0,10185.0,8489.855,-8310.0
6892,23075.878,13833.0,10974.0,9043.483,-8554.0
6893,23930.182,14680.0,11815.0,9855.787,-8590.0
6894,27106.237,16957.0,11060.0,9982.842,-8607.0
6895,27750.538,18432.0,9529.0,9024.143,-7204.0
6896,27251.546,19962.0,9970.0,8226.151,-6414.0
6897,27945.211,20749.0,10110.0,8858.816,-5828.0
6898,29120.44,22203.0,11181.0,9523.045,-5956.0
6899,31209.844,24642.0,13469.0,10895.449,-6522.0
6900,33100.247,26648.0,15526.0,12687.852,-6671.0
6901,35468.049,28208.0,16896.0,14316.654,-7220.0
6902,35753.588,28620.0,18415.0,15655.193,-7274.0
6903,34192.959,27561.0,20741.0,16944.564,-7809.0
6904,33689.98,25721.0,22020.0,18349.585,-9020.0
6905,34227.854,25007.0,21645.0,18573.459,-9673.0
6906,33499.312,22796.0,19481.0,17910.917,-9654.0
6907,31315.438,21015.0,18074.0,16234.043,-9521.0
6908,29746.48,18959.0,16484.0,15077.085,-9575.0
6909,28730.009,16583.0,13946.0,14020.614,-9453.0
6910,26542.551,14505.0,11876.0,11926.156,-9368.0
6911,24922.749,13376.0,10749.0,10124.354,-9552.0
6912,22625.924,12740.0,10757.0,8861.529,-9162.0
6913,22476.001,12025.0,10127.0,8558.606,-9400.0
6914,21782.323,11763.0,10084.0,8062.928,-9421.0
6915,22072.81,12225.0,10475.0,8209.415,-9494.0
6916,23461.294,13297.0,10694.0,8645.899,-9593.0
6917,24072.552,14248.0,11708.0,9262.157,-9651.0
6918,27297.52,16354.0,10736.0,9630.125,-9430.0
6919,27879.526,18876.0,10326.0,8781.131,-7929.0
6920,27492.621,20189.0,10262.0,8097.226,-6849.0
6921,27722.129,21158.0,10781.0,8369.734,-6356.0
6922,28931.635,22521.0,11844.0,9172.24,-6463.0
6923,30620.341,24327.0,13683.0,10376.946,-6980.0
6924,33286.022,26110.0,14426.0,11965.627,-7017.0
6925,34421.983,27550.0,15875.0,12629.588,-7498.0
6926,35353.86,27918.0,17543.0,14228.465,-8131.0
6927,34056.619,26322.0,19998.0,16114.224,-8999.0
6928,34094.909,24662.0,21490.0,18313.514,-9990.0
6929,34648.639,23156.0,19830.0,18270.244,-10433.0
6930,33364.376,21354.0,18171.0,17001.981,-10560.0
6931,30553.954,19601.0,17214.0,15474.559,-10073.0
6932,29412.701,17562.0,15798.0,14531.306,-10498.0
6933,27958.951,15116.0,13503.0,13355.556,-10371.0
6934,26172.761,13256.0,11481.0,11470.366,-10308.0
6935,24059.717,11887.0,10598.0,9487.322,-10664.0
6936,22704.963,11216.0,9981.0,8451.568,-10399.0
6937,21825.237,10784.0,9646.0,7945.842,-10122.0
6938,21356.718,11095.0,9833.0,7612.323,-9863.0
6939,20936.033,11436.0,10113.0,7898.639,-9095.0
6940,21400.271,11684.0,10135.0,8082.876,-9149.0
6941,21547.131,12361.0,10824.0,8144.736,-9246.0
6942,24141.698,14271.0,9537.0,8197.303,-8591.0
6943,24472.613,16274.0,8263.0,7172.218,-6670.0
6944,23846.003,17469.0,8064.0,6450.608,-5371.0
6945,23597.302,18351.0,8466.0,6185.907,-4907.0
6946,24571.198,19972.0,9782.0,6868.803,-4893.0
6947,26035.956,22115.0,11523.0,8526.561,-4298.0
6948,27479.382,24549.0,13515.0,10261.987,-3564.0
6949,26787.264,26023.0,17677.0,12282.869,-3539.0
6950,31017.953,27499.0,16093.0,13571.558,-3421.0
6951,29606.07,26518.0,18731.0,14979.675,-4220.0
6952,30943.222,25396.0,20553.0,17839.827,-5641.0
6953,31742.143,24697.0,19560.0,17915.748,-6070.0
6954,30374.873,22585.0,17856.0,16717.478,-6309.0
6955,28680.098,21238.0,16870.0,15376.703,-6316.0
6956,27635.436,18670.0,14764.0,14354.041,-6756.0
6957,26436.662,16330.0,12789.0,12399.267,-7877.0
6958,24874.618,15189.0,11509.0,10594.223,-7981.0
6959,22668.487,13659.0,10466.0,9417.092,-7439.0
6960,21654.133,12936.0,9920.0,8252.738,-7766.0
6961,20374.064,12056.0,9273.0,7497.669,-7474.0
6962,20374.354,11794.0,8830.0,7160.959,-7630.0
6963,20126.119,11784.0,8768.0,6978.724,-7512.0
6964,20371.833,11765.0,8604.0,6958.438,-7633.0
6965,20636.75,11793.0,8408.0,7026.355,-7606.0
6966,22319.891,13432.0,7616.0,6330.496,-7554.0
6967,23255.026,15099.0,5766.0,5189.631,-6113.0
6968,22143.851,16596.0,5692.0,4226.456,-4394.0
6969,22066.149,16972.0,5721.0,4050.754,-4145.0
6970,22443.921,17925.0,6525.0,4336.526,-4088.0
6971,23887.393,19435.0,7453.0,5108.998,-4177.0
6972,25588.44,21585.0,8971.0,6255.045,-4100.0
6973,27265.169,23083.0,10284.0,7753.774,-4093.0
6974,28450.293,24682.0,12574.0,9734.898,-3988.0
6975,28655.303,24599.0,15200.0,12371.908,-4265.0
6976,28454.38,23399.0,17657.0,14586.986,-5506.0
6977,30355.935,22977.0,16994.0,15431.54,-6322.0
6978,28779.965,21188.0,16145.0,14481.57,-6636.0
6979,28128.792,19561.0,14622.0,13807.397,-6763.0
6980,26713.396,17758.0,13484.0,12694.001,-7126.0
6981,25083.994,16030.0,11749.0,11109.599,-7074.0
6982,23362.717,14581.0,10434.0,9949.322,-6647.0
6983,21574.466,13459.0,9744.0,8543.071,-6697.0
6984,20970.849,12958.0,9257.0,7846.454,-6804.0
6985,20010.557,12691.0,9622.0,7505.162,-6817.0
6986,20127.588,12709.0,9681.0,7486.193,-6994.0
6987,20610.738,13111.0,9942.0,7727.343,-7095.0
6988,21817.898,14079.0,10826.0,8673.503,-7272.0
6989,23346.046,15047.0,11617.0,9206.651,-8090.0
6990,27051.133,16268.0,10059.0,9437.738,-8785.0
6991,26918.403,18091.0,9622.0,8280.008,-7550.0
6992,26998.703,18866.0,8984.0,7850.308,-6647.0
6993,26189.372,19190.0,8982.0,7359.977,-6002.0
6994,27181.695,20205.0,9204.0,7585.3,-5976.0
6995,28567.252,21431.0,9615.0,8391.857,-5740.0
6996,29377.863,22987.0,10772.0,8986.468,-5557.0
6997,30020.386,24331.0,12114.0,9732.991,-5451.0
6998,30310.066,25100.0,13780.0,10748.672,-5622.0
6999,29700.282,24947.0,16706.0,12703.887,-6136.0
7000,29957.953,23693.0,18307.0,15191.558,-6761.0
7001,30262.269,23567.0,18516.0,15398.874,-7193.0
7002,29760.855,21571.0,16861.0,14928.46,-7503.0
7003,29046.406,20262.0,15696.0,14080.011,-7781.0
7004,27130.809,17964.0,14217.0,13009.414,-7755.0
7005,25516.716,16063.0,13032.0,12323.321,-7543.0
7006,23934.169,14830.0,12232.0,10976.774,-7740.0
7007,22892.954,13644.0,10775.0,9983.559,-7421.0
7008,21508.39,13155.0,10848.0,9252.995,-7329.0
7009,21196.553,12965.0,10581.0,8957.158,-7236.0
7010,20676.861,13020.0,10871.0,8711.466,-7197.0
7011,21166.928,13565.0,11214.0,9258.533,-6938.0
7012,22372.097,14405.0,11864.0,10125.702,-7086.0
7013,23861.362,15305.0,12756.0,10662.967,-8030.0
7014,26641.459,17099.0,12097.0,10915.065,-8105.0
7015,27671.914,19629.0,11083.0,10079.519,-6427.0
7016,26638.031,19369.0,9639.0,9142.636,-5146.0
7017,26023.626,19786.0,9318.0,8238.231,-4698.0
7018,25895.762,20730.0,10091.0,8328.367,-4309.0
7019,26458.79,22049.0,11383.0,9302.395,-3871.0
7020,27784.193,22978.0,12305.0,10376.798,-4115.0
7021,29308.669,23976.0,13570.0,11376.274,-4907.0
7022,30251.534,24827.0,14819.0,12464.139,-5160.0
7023,28518.886,23952.0,17502.0,13618.491,-5831.0
7024,29271.968,22945.0,19182.0,15968.573,-6921.0
7025,30400.806,22934.0,18874.0,16315.411,-7406.0
7026,29359.965,21211.0,17295.0,15291.57,-7533.0
7027,27484.796,19449.0,16147.0,13968.401,-7595.0
7028,26697.309,17961.0,15131.0,13397.914,-7850.0
7029,25184.084,15973.0,13377.0,12471.689,-7497.0
7030,23503.219,13619.0,11416.0,11318.824,-7362.0
7031,22487.035,12853.0,10884.0,9854.64,-8044.0
7032,21501.782,11989.0,10272.0,8881.387,-8284.0
7033,20742.847,11480.0,9955.0,8334.453,-8264.0
7034,20554.119,11491.0,10046.0,8178.724,-8311.0
7035,20931.179,12146.0,10502.0,8282.784,-8385.0
7036,22226.917,13352.0,11258.0,9087.522,-8426.0
7037,23787.186,14514.0,12252.0,9865.791,-9040.0
7038,26307.797,15864.0,11435.0,10095.402,-9164.0
7039,27637.251,17668.0,9606.0,8936.856,-8019.0
7040,26345.31,18156.0,8846.0,7629.915,-6786.0
7041,25377.628,18232.0,8744.0,7014.233,-6256.0
7042,26027.77,18951.0,8590.0,7147.375,-5900.0
7043,26059.576,19627.0,9045.0,7279.181,-5579.0
7044,26675.249,20487.0,9928.0,7801.854,-5695.0
7045,27800.379,21902.0,11653.0,9126.984,-5805.0
7046,29076.993,22528.0,12383.0,10214.598,-6098.0
7047,27422.859,22187.0,15926.0,12171.464,-6371.0
7048,28677.908,21936.0,18112.0,14881.513,-7353.0
7049,30163.29,21746.0,17667.0,15696.895,-7768.0
7050,29441.998,20102.0,16344.0,15115.603,-7949.0
7051,27719.781,18580.0,15272.0,13879.386,-7913.0
7052,26443.971,17766.0,15054.0,13183.576,-7929.0
7053,25420.981,15396.0,12734.0,12467.586,-7672.0
7054,23845.509,14400.0,11363.0,10465.114,-7724.0
7055,22503.579,13937.0,10794.0,9644.184,-7097.0
7056,21557.234,13379.0,10244.0,9016.839,-6786.0
7057,21009.18,13232.0,10091.0,8618.785,-6630.0
7058,20727.921,13522.0,10125.0,8245.526,-6466.0
7059,20789.583,13653.0,10315.0,8684.188,-6148.0
7060,22332.806,15314.0,11656.0,9515.411,-6540.0
7061,23855.701,16423.0,12539.0,10513.306,-6839.0
7062,26683.41,17560.0,11448.0,10770.015,-7182.0
7063,27728.627,19436.0,9746.0,9251.232,-6168.0
7064,26492.155,19978.0,8875.0,7871.76,-4898.0
7065,25348.797,19875.0,8945.0,7565.402,-4234.0
7066,25497.47,19868.0,8628.0,7345.075,-4293.0
7067,25462.218,20110.0,8737.0,7023.823,-4446.0
7068,26199.473,20989.0,8868.0,7345.078,-4114.0
7069,26541.983,21738.0,9519.0,7776.588,-3927.0
7070,26733.686,21756.0,9944.0,8129.291,-4173.0
7071,25553.895,21088.0,12468.0,9406.5,-4908.0
7072,26461.462,20679.0,15024.0,12004.067,-6183.0
7073,27823.089,20529.0,15337.0,13220.694,-6791.0
7074,27712.727,19241.0,14424.0,13047.332,-7229.0
7075,26268.899,18201.0,14215.0,12330.504,-7333.0
7076,25296.783,16699.0,13628.0,11968.388,-7638.0
7077,24404.128,14758.0,11652.0,11334.733,-7344.0
7078,22722.361,14432.0,11315.0,9450.966,-7535.0
7079,21579.754,14068.0,11097.0,9675.359,-6314.0
7080,20706.915,13256.0,10794.0,9312.52,-6313.0
7081,20159.485,13134.0,10894.0,8795.09,-6505.0
7082,20100.471,13302.0,11173.0,8872.076,-6480.0
7083,20485.207,13466.0,11082.0,9153.812,-6328.0
7084,21635.722,14639.0,12034.0,9744.327,-6667.0
7085,23099.263,15581.0,12809.0,10510.868,-7197.0
7086,25711.754,17524.0,12695.0,10894.359,-7369.0
7087,27299.589,19771.0,11166.0,10466.194,-5609.0
7088,25775.339,20176.0,10434.0,9255.944,-4158.0
7089,24721.675,19721.0,9894.0,8783.28,-3492.0
7090,23877.124,19674.0,10595.0,8566.729,-3612.0
7091,24090.858,19758.0,10562.0,8530.463,-3745.0
7092,24419.126,20240.0,11106.0,8580.731,-4085.0
7093,24484.901,19781.0,11447.0,8870.506,-4661.0
7094,24875.603,19100.0,11569.0,9411.209,-5314.0
7095,24345.711,18377.0,13441.0,10632.316,-6158.0
7096,25462.86,18438.0,14479.0,11715.465,-7169.0
7097,27201.939,19024.0,14404.0,12220.544,-7742.0
7098,26324.914,17513.0,13108.0,11759.519,-7541.0
7099,25427.211,17083.0,13134.0,10942.816,-7916.0
7100,24630.001,15787.0,12434.0,10893.606,-7764.0
7101,24356.885,14337.0,10855.0,9990.49,-8265.0
7102,22678.507,13677.0,10303.0,8803.112,-7882.0
7103,21213.916,12509.0,9562.0,8286.521,-7361.0
7104,20418.865,12005.0,9479.0,7568.47,-7705.0
7105,19898.201,11651.0,9146.0,7157.806,-7616.0
7106,19755.069,11705.0,9057.0,7015.674,-7472.0
7107,19762.226,11979.0,9236.0,7120.831,-7279.0
7108,19871.263,12401.0,9654.0,7271.868,-7233.0
7109,20559.692,12628.0,10167.0,7588.297,-7891.0
7110,22313.988,13528.0,9562.0,7744.593,-7984.0
7111,23477.719,14974.0,8900.0,7274.324,-7510.0
7112,23323.483,15754.0,7380.0,6438.088,-5892.0
7113,22503.622,16097.0,7293.0,5591.227,-5489.0
7114,21969.992,16144.0,7535.0,5437.597,-5304.0
7115,21642.96,15899.0,7428.0,5415.565,-5137.0
7116,21710.498,15995.0,6935.0,5043.103,-4988.0
7117,21120.756,16375.0,7548.0,4882.361,-4792.0
7118,22226.527,16559.0,8168.0,5631.132,-5585.0
7119,21663.904,15919.0,9963.0,6735.509,-6353.0
7120,23468.312,15786.0,11173.0,8640.917,-7595.0
7121,25322.191,16265.0,11141.0,9337.796,-8241.0
7122,24732.218,15394.0,10327.0,8955.824,-8090.0
7123,24118.148,14944.0,10118.0,8470.753,-8202.0
7124,23623.879,14596.0,9861.0,8317.484,-7952.0
7125,22476.789,14157.0,9628.0,8044.394,-7284.0
7126,21675.577,13288.0,8710.0,7706.182,-6772.0
7127,20347.547,12117.0,8258.0,6897.152,-6972.0
7128,20309.005,11892.0,7677.0,6179.611,-7295.0
7129,19453.386,11467.0,7185.0,5619.991,-6932.0
7130,19092.501,11445.0,7155.0,5311.106,-6872.0
7131,18839.243,11447.0,7388.0,5337.848,-6823.0
7132,18942.107,11449.0,7765.0,5636.712,-7002.0
7133,19644.256,11772.0,7999.0,5897.861,-7354.0
7134,21613.602,13292.0,6942.0,5826.207,-6818.0
7135,22551.701,15059.0,5719.0,4732.306,-5860.0
7136,22540.45,15632.0,4497.0,3840.055,-4946.0
7137,21460.659,15594.0,4561.0,2806.264,-5002.0
7138,21535.285,15904.0,4438.0,2633.89,-4816.0
7139,20990.137,15599.0,4341.0,2493.742,-4619.0
7140,21492.682,15934.0,4595.0,2613.288,-4921.0
7141,21484.876,16228.0,5442.0,3082.481,-4997.0
7142,21485.081,16094.0,6411.0,3982.686,-5200.0
7143,20754.901,15327.0,8723.0,6029.507,-5502.0
7144,22736.84,15847.0,11056.0,8302.445,-7024.0
7145,24741.239,16565.0,11559.0,9424.844,-7691.0
7146,25160.23,16237.0,10612.0,9404.835,-7511.0
7147,24002.156,15580.0,9948.0,8456.761,-7294.0
7148,23201.444,15209.0,9803.0,8093.049,-7083.0
7149,21071.178,13979.0,10437.0,8185.783,-6724.0
7150,20078.357,13559.0,10622.0,8077.962,-6444.0
7151,19380.106,13128.0,10477.0,8335.711,-5774.0
7152,19005.475,12767.0,10235.0,7762.08,-6092.0
7153,18802.418,12950.0,10526.0,7731.023,-6028.0
7154,19252.146,13279.0,10411.0,8179.751,-5585.0
7155,19098.897,14276.0,11864.0,8649.502,-5418.0
7156,20983.707,15370.0,12285.0,9830.312,-5449.0
7157,22609.357,16990.0,13182.0,10681.962,-5500.0
7158,23862.667,18862.0,13163.0,10867.272,-4677.0
7159,25168.158,19829.0,10588.0,10044.763,-3263.0
7160,24085.808,19882.0,9143.0,7752.413,-2975.0
7161,22702.355,19054.0,7932.0,6911.96,-2049.0
7162,21872.441,18115.0,6917.0,5596.046,-2459.0
7163,22322.884,18434.0,7082.0,5479.489,-2872.0
7164,21779.177,19350.0,8332.0,5773.782,-2368.0
7165,23091.656,19622.0,7643.0,6459.261,-2034.0
7166,21376.617,17955.0,8851.0,6475.222,-3178.0
7167,21348.634,17113.0,11847.0,8070.239,-5393.0
7168,23471.333,17532.0,14521.0,10801.938,-7039.0
7169,25690.929,18052.0,14856.0,12405.534,-7470.0
7170,25479.759,17058.0,13907.0,12236.364,-7473.0
7171,24411.402,16385.0,13485.0,11248.007,-7644.0
7172,24077.467,15397.0,12423.0,10766.072,-7718.0
7173,22121.436,14480.0,12068.0,9960.041,-7130.0
7174,20810.203,12702.0,10671.0,9431.808,-6728.0
7175,20237.755,12029.0,10068.0,8682.36,-6975.0
7176,19501.052,11678.0,9932.0,8195.657,-6940.0
7177,19372.167,11761.0,9951.0,8221.772,-6721.0
7178,19183.357,12135.0,10266.0,8309.962,-6385.0
7179,19526.836,12686.0,10804.0,8712.441,-6313.0
7180,20926.33,13883.0,11685.0,9545.935,-6563.0
7181,22639.468,15840.0,12935.0,10292.073,-6823.0
7182,24909.137,17572.0,12750.0,10808.742,-6659.0
7183,26338.458,18742.0,10339.0,9976.063,-5340.0
7184,24620.617,18426.0,8740.0,8294.222,-4021.0
7185,23583.677,18660.0,8563.0,7170.282,-3697.0
7186,22729.508,17754.0,7961.0,7188.113,-3129.0
7187,22228.204,17489.0,8307.0,6610.809,-3816.0
7188,22992.398,17848.0,8508.0,6869.003,-4164.0
7189,22985.064,18123.0,9016.0,6837.669,-4421.0
7190,23977.254,18030.0,9204.0,7314.859,-5217.0
7191,22200.906,17333.0,12359.0,8409.511,-6198.0
7192,24686.295,18003.0,15066.0,11414.9,-7715.0
7193,26118.275,18740.0,16340.0,13154.88,-7944.0
7194,26332.934,17277.0,14750.0,13045.539,-8141.0
7195,25234.109,16643.0,14446.0,11909.714,-8508.0
7196,23920.488,15480.0,13707.0,11447.093,-8081.0
7197,22688.223,13251.0,11907.0,11015.828,-7709.0
7198,21554.692,12555.0,11329.0,9593.297,-8116.0
7199,20585.452,11903.0,10765.0,9181.057,-7647.0
7200,19962.663,11413.0,10265.0,8752.268,-7443.0
7201,19634.58,11115.0,10034.0,8446.185,-7488.0
7202,19462.096,11774.0,10667.0,8359.701,-7376.0
7203,20090.406,12927.0,11555.0,9141.011,-6958.0
7204,21197.705,14041.0,12276.0,10057.31,-6756.0
7205,22643.737,15246.0,12943.0,10444.342,-7277.0
7206,25289.633,16714.0,12187.0,10515.238,-7628.0
7207,26235.69,17903.0,9733.0,9177.295,-6269.0
7208,24238.177,18381.0,8888.0,7683.782,-4442.0
7209,22969.904,18438.0,9090.0,7287.509,-3715.0
7210,22192.421,17908.0,8841.0,6939.026,-3567.0
7211,22419.316,17988.0,8937.0,6557.921,-4191.0
7212,23101.585,17962.0,8136.0,6583.19,-4073.0
7213,23102.684,18223.0,8853.0,6327.289,-4786.0
7214,23890.051,18500.0,9482.0,7475.656,-4777.0
7215,22316.864,16890.0,11415.0,8553.469,-5669.0
7216,24076.861,17516.0,14488.0,11017.466,-7412.0
7217,25851.268,17783.0,14540.0,12105.873,-7883.0
7218,25936.684,17204.0,14007.0,11903.289,-8217.0
7219,24556.025,16551.0,13677.0,11295.63,-7767.0
7220,23572.514,15259.0,13065.0,11256.119,-7503.0
7221,22792.254,13598.0,11524.0,10509.859,-7589.0
7222,21346.566,12783.0,10850.0,9300.171,-7494.0
7223,20118.389,12305.0,10633.0,8906.995,-6920.0
7224,19344.652,11860.0,10382.0,8459.257,-6788.0
7225,18951.185,11480.0,10054.0,8175.79,-6730.0
7226,18839.686,11651.0,10149.0,8003.291,-6715.0
7227,19357.225,12323.0,10608.0,8193.83,-6829.0
7228,20604.403,13593.0,11479.0,8947.008,-6924.0
7229,22267.583,14782.0,12345.0,9611.188,-7600.0
7230,25203.607,15905.0,10939.0,9880.212,-7738.0
7231,25643.243,17243.0,9381.0,8367.848,-6794.0
7232,23915.985,17782.0,8807.0,6798.59,-5523.0
7233,23080.378,18058.0,8636.0,6433.983,-4605.0
7234,22405.571,17694.0,8271.0,6331.176,-4032.0
7235,22887.907,17836.0,8268.0,6188.512,-4512.0
7236,23102.407,17880.0,8241.0,6143.012,-4701.0
7237,24289.621,19249.0,9121.0,6345.226,-5197.0
7238,24673.369,19108.0,9646.0,7295.974,-5296.0
7239,23186.142,18508.0,13085.0,9097.747,-6046.0
7240,25018.863,18191.0,14990.0,11794.468,-7404.0
7241,26696.449,18802.0,15341.0,12707.054,-7909.0
7242,26106.31,17544.0,14356.0,12522.915,-7776.0
7243,25059.549,16615.0,14029.0,11912.154,-7942.0
7244,24127.494,14760.0,12525.0,11307.099,-7966.0
7245,22933.748,13668.0,11639.0,10231.353,-8054.0
7246,22000.76,12462.0,10345.0,9436.365,-7828.0
7247,20272.943,11967.0,10201.0,8420.548,-7467.0
7248,19561.836,11500.0,9764.0,8116.441,-7090.0
7249,18847.2,11394.0,10029.0,7889.805,-6973.0
7250,18998.413,11706.0,10236.0,7764.018,-7145.0
7251,19604.151,12127.0,10365.0,8174.756,-7048.0
7252,20781.911,12670.0,10241.0,8256.516,-7477.0
7253,22179.76,14713.0,12172.0,9159.365,-7860.0
7254,25362.646,15804.0,10531.0,9439.251,-8031.0
7255,26024.708,16816.0,8243.0,7839.313,-6993.0
7256,23733.757,17196.0,7936.0,6091.362,-5763.0
7257,22813.141,17351.0,8051.0,5697.746,-5196.0
7258,22964.649,17061.0,7271.0,5682.254,-4873.0
7259,22883.263,16647.0,7214.0,5214.868,-5616.0
7260,23439.272,17635.0,7458.0,5170.877,-5472.0
7261,23712.926,18112.0,8087.0,5837.531,-5231.0
7262,24033.081,18135.0,8933.0,6790.686,-5421.0
7263,23397.153,17519.0,12041.0,8809.758,-6490.0
7264,24822.103,17964.0,14498.0,11018.708,-7718.0
7265,26210.264,17720.0,14158.0,12084.869,-7944.0
7266,25944.556,16791.0,13401.0,11694.161,-8241.0
7267,24792.751,16449.0,13566.0,11282.356,-8008.0
7268,23832.191,15275.0,12538.0,10943.796,-7532.0
7269,23162.328,13388.0,11029.0,10356.933,-7827.0
7270,21889.261,12202.0,9967.0,9069.866,-7965.0
7271,20606.696,11651.0,9513.0,8099.301,-7750.0
7272,19580.751,11327.0,9655.0,7571.356,-7718.0
7273,19205.224,10781.0,9034.0,7355.829,-7483.0
7274,18751.5,11181.0,9556.0,7261.105,-7246.0
7275,18823.137,11390.0,9756.0,7512.742,-7057.0
7276,19214.742,11654.0,9939.0,7753.347,-7127.0
7277,20126.678,12130.0,10265.0,7908.283,-7734.0
7278,22259.118,13296.0,9014.0,7764.723,-7593.0
7279,23979.685,14949.0,6457.0,6433.29,-6435.0
7280,21543.128,15616.0,6135.0,4771.733,-4671.0
7281,20805.381,15985.0,6336.0,4611.986,-3925.0
7282,20045.839,15453.0,6323.0,4430.444,-3866.0
7283,20330.29,15514.0,6435.0,4594.895,-4037.0
7284,21332.864,16475.0,6747.0,4853.469,-4132.0
7285,20723.21,16440.0,8241.0,5237.815,-4667.0
7286,22177.54,16796.0,9239.0,6776.145,-5225.0
7287,22415.568,16499.0,11835.0,9385.173,-5747.0
7288,23831.014,16588.0,13326.0,11037.619,-6912.0
7289,24909.41,16352.0,13222.0,11617.015,-7543.0
7290,24816.375,15355.0,12362.0,11347.98,-7856.0
7291,23412.22,14461.0,12050.0,10533.825,-7848.0
7292,22980.017,14301.0,12213.0,10387.622,-7885.0
7293,22089.061,12932.0,10761.0,10240.666,-7058.0
7294,21143.953,12468.0,10428.0,9091.558,-7393.0
7295,19738.793,11425.0,9554.0,8322.398,-6926.0
7296,18866.013,10982.0,9344.0,7456.618,-7152.0
7297,18097.265,11218.0,10080.0,7436.87,-6903.0
7298,18046.403,11253.0,9904.0,7434.008,-6644.0
7299,17701.953,11282.0,9998.0,8025.558,-5773.0
7300,17967.067,11866.0,10395.0,8036.672,-5840.0
7301,18175.474,12365.0,10724.0,8413.079,-5502.0
7302,19749.002,12732.0,9399.0,8318.607,-5478.0
7303,21194.683,14781.0,7734.0,6739.288,-4789.0
7304,19319.604,15067.0,7386.0,5355.209,-3664.0
7305,18278.611,14644.0,7242.0,4960.216,-3297.0
7306,18843.297,15225.0,7185.0,4854.902,-3329.0
7307,20442.14,16194.0,6856.0,4878.745,-3606.0
7308,20411.066,16470.0,7011.0,4718.671,-3614.0
7309,20514.213,16772.0,8478.0,5198.818,-4402.0
7310,21838.442,17318.0,9848.0,6686.047,-5063.0
7311,22372.639,17600.0,13164.0,9885.244,-5432.0
7312,24170.577,17498.0,14542.0,12089.182,-6506.0
7313,25675.47,18147.0,15256.0,13029.075,-7136.0
7314,25612.813,16657.0,13845.0,12733.418,-7448.0
7315,24774.763,16389.0,13467.0,11628.368,-7605.0
7316,22984.617,15060.0,12773.0,11085.222,-6993.0
7317,22409.522,13881.0,11999.0,10622.127,-7286.0
7318,21448.421,12656.0,10675.0,9699.026,-7149.0
7319,19875.726,11463.0,10029.0,8793.331,-7029.0
7320,18906.674,10680.0,9754.0,8066.279,-7295.0
7321,18919.171,10352.0,9398.0,7696.776,-7649.0
7322,18636.366,10454.0,9496.0,7444.971,-7614.0
7323,18635.83,10723.0,9644.0,7562.435,-7375.0
7324,19223.354,11670.0,10364.0,8134.959,-7163.0
7325,20305.189,12731.0,11393.0,8832.794,-7515.0
7326,23264.182,14411.0,11097.0,9262.787,-8068.0
7327,25423.726,17711.0,10114.0,8763.331,-6444.0
7328,23967.367,18022.0,9361.0,8296.972,-4390.0
7329,24033.971,18219.0,8805.0,7725.577,-4275.0
7330,23639.357,17890.0,8486.0,7308.962,-4307.0
7331,24453.092,18788.0,8972.0,7534.697,-4483.0
7332,24738.631,19011.0,9678.0,8056.236,-4730.0
7333,25759.59,20391.0,11274.0,9050.195,-4973.0
7334,25849.918,20863.0,12586.0,10182.523,-4771.0
7335,25324.214,20732.0,15839.0,12302.819,-5509.0
7336,26365.779,20871.0,17643.0,14464.384,-6054.0
7337,27421.549,20869.0,17833.0,15272.154,-6494.0
7338,26868.654,18666.0,15607.0,14334.259,-6856.0
7339,25968.392,17968.0,15131.0,13074.997,-7437.0
7340,24854.663,16273.0,13895.0,12445.268,-7412.0
7341,23945.248,14955.0,13001.0,11399.853,-7972.0
7342,23028.3,13071.0,11357.0,10734.905,-7960.0
7343,22188.608,12190.0,10103.0,9612.213,-7870.0
7344,20605.314,11459.0,9584.0,8312.919,-7798.0
7345,20000.586,10923.0,9221.0,8046.191,-7633.0
7346,19557.105,10917.0,9316.0,7578.711,-7758.0
7347,19334.628,11250.0,9882.0,7839.233,-7508.0
7348,20302.461,11975.0,10096.0,8305.066,-7499.0
7349,21319.345,13307.0,11040.0,8897.95,-7535.0
7350,23790.681,14351.0,10341.0,9166.286,-7995.0
7351,25362.239,16820.0,9135.0,8034.844,-7023.0
7352,24401.718,17452.0,8373.0,7477.323,-5226.0
7353,23821.172,17800.0,8527.0,6986.777,-4942.0
7354,23609.121,17420.0,8303.0,7154.726,-4718.0
7355,23946.749,17737.0,8444.0,6933.354,-5101.0
7356,24703.526,18572.0,8967.0,7433.131,-5046.0
7357,25034.136,18947.0,9628.0,7636.741,-5459.0
7358,25783.596,19784.0,10759.0,8476.201,-5663.0
7359,25046.764,19472.0,14276.0,10981.369,-6250.0
7360,27008.308,20546.0,16340.0,13501.914,-6681.0
7361,28414.199,20360.0,15713.0,14076.804,-7071.0
7362,27766.315,18783.0,14220.0,12996.92,-7587.0
7363,26461.492,18033.0,14162.0,12345.097,-7626.0
7364,25499.198,17013.0,13366.0,11855.803,-7377.0
7365,24796.968,15267.0,11775.0,11072.573,-7613.0
7366,22895.002,13237.0,10230.0,9445.607,-7823.0
7367,21919.854,12088.0,9305.0,8479.459,-8038.0
7368,20713.999,10942.0,8288.0,7244.604,-8196.0
7369,19976.005,10576.0,8207.0,6572.61,-8415.0
7370,19442.918,10406.0,8346.0,6440.523,-8323.0
7371,19532.275,10802.0,8828.0,6576.88,-8362.0
7372,19840.692,10985.0,9214.0,7236.297,-8214.0
7373,21597.002,12877.0,10596.0,8107.607,-8589.0
7374,24064.004,13695.0,9551.0,8773.609,-8527.0
7375,25786.536,15976.0,7958.0,7338.141,-7811.0
7376,24261.68,16944.0,7673.0,6483.285,-5888.0
7377,23659.713,17022.0,7009.0,6090.318,-4937.0
7378,23581.892,17142.0,7107.0,5791.497,-5136.0
7379,24073.878,17756.0,7702.0,6207.483,-5193.0
7380,24926.092,18510.0,8225.0,6660.697,-5361.0
7381,26127.51,20246.0,9885.0,8099.115,-5048.0
7382,26336.003,21480.0,12153.0,8995.608,-5394.0
7383,25235.799,21464.0,16392.0,12008.404,-5536.0
7384,26777.242,22336.0,19032.0,15127.847,-5726.0
7385,28185.399,22056.0,18590.0,16374.004,-5726.0
7386,28015.461,20454.0,17036.0,15695.066,-6283.0
7387,26738.411,19329.0,16197.0,14373.016,-6614.0
7388,25425.55,17662.0,15002.0,13697.155,-6449.0
7389,24465.955,15445.0,13340.0,12794.56,-6947.0
7390,22830.803,13744.0,12125.0,11156.408,-7436.0
7391,21563.56,12517.0,10956.0,9679.165,-7704.0
7392,20562.542,11738.0,10186.0,8946.147,-7445.0
7393,19955.833,11336.0,9787.0,8438.438,-7349.0
7394,19195.766,11233.0,9940.0,7983.371,-7300.0
7395,19101.831,11264.0,10065.0,7699.436,-7584.0
7396,19719.381,12210.0,10744.0,8284.986,-7349.0
7397,21140.186,13104.0,11061.0,9044.791,-7433.0
7398,23495.434,14625.0,10821.0,8997.039,-8075.0
7399,25828.972,16558.0,8786.0,8312.577,-7125.0
7400,24633.092,17286.0,8588.0,7183.697,-6132.0
7401,24064.334,17685.0,8867.0,7088.939,-5538.0
7402,24378.681,18649.0,9777.0,7548.286,-5339.0
7403,24469.027,18966.0,10364.0,8679.632,-4568.0
7404,25525.976,20284.0,12549.0,9852.581,-5319.0
7405,27021.032,21272.0,14591.0,12391.637,-5329.0
7406,26100.796,22195.0,17415.0,13823.401,-4878.0
7407,26101.127,21982.0,18383.0,15326.732,-4556.0
7408,26781.548,22954.0,19454.0,15753.153,-4909.0
7409,27719.255,22391.0,18927.0,16519.86,-5116.0
7410,27933.399,21085.0,17708.0,15903.004,-6034.0
7411,27379.884,19839.0,16328.0,15028.489,-6221.0
7412,25713.954,18135.0,15192.0,13718.559,-6433.0
7413,25236.463,16830.0,14099.0,12923.068,-6963.0
7414,24026.048,14989.0,11996.0,11915.653,-6498.0
7415,22520.422,13753.0,10554.0,9884.027,-6818.0
7416,21135.541,12865.0,10320.0,9078.146,-6893.0
7417,20356.175,12584.0,10398.0,8462.78,-7088.0
7418,19907.517,12323.0,9893.0,7904.122,-6954.0
7419,19810.517,12658.0,10046.0,7710.122,-6869.0
7420,20515.476,13669.0,10578.0,8058.081,-6747.0
7421,21494.83,14501.0,10723.0,8735.435,-6362.0
7422,23040.867,16206.0,11531.0,9100.473,-6646.0
7423,25144.361,18149.0,10888.0,9166.966,-6097.0
7424,24927.604,18504.0,9122.0,8250.209,-4676.0
7425,23917.779,17927.0,8210.0,7210.384,-4371.0
7426,23501.043,18025.0,8939.0,6790.648,-5005.0
7427,24212.458,18466.0,8567.0,7117.063,-4577.0
7428,24238.767,18940.0,8640.0,6982.372,-4337.0
7429,24159.825,19371.0,9265.0,7155.43,-4279.0
7430,23907.781,19540.0,10975.0,8011.386,-4712.0
7431,24185.041,19124.0,13103.0,10595.646,-4949.0
7432,25231.139,20329.0,14895.0,11511.744,-5666.0
7433,26598.985,20743.0,14752.0,12214.59,-5774.0
7434,26811.176,19544.0,13152.0,11795.781,-6004.0
7435,26191.139,18766.0,11429.0,10157.744,-6077.0
7436,24386.234,18343.0,11366.0,9077.839,-5712.0
7437,23313.606,16425.0,10148.0,8748.211,-5669.0
7438,22226.702,13887.0,8215.0,7595.308,-6340.0
7439,21329.588,13054.0,7824.0,6603.193,-6877.0
7440,20473.503,11958.0,7049.0,6185.109,-6760.0
7441,19096.707,11212.0,7068.0,5366.312,-6967.0
7442,18459.382,10797.0,7270.0,5448.987,-6864.0
7443,18427.862,10793.0,7486.0,5421.467,-7080.0
7444,18719.644,10729.0,7288.0,5762.249,-6897.0
7445,19366.663,11012.0,7669.0,5810.268,-7594.0
7446,20643.619,11814.0,7259.0,5608.224,-7861.0
7447,21865.324,13066.0,6378.0,5373.929,-7184.0
7448,21521.034,14270.0,6336.0,4870.639,-6097.0
7449,22410.326,15323.0,5749.0,4540.931,-5676.0
7450,21407.77,15533.0,5157.0,4149.375,-4263.0
7451,19831.984,15858.0,5437.0,3810.589,-2981.0
7452,19809.31,15967.0,5270.0,3932.915,-2560.0
7453,20248.979,15922.0,5340.0,3985.584,-3062.0
7454,20195.525,16611.0,6319.0,4102.13,-3182.0
7455,19442.073,15315.0,8099.0,5179.678,-4427.0
7456,21769.229,15875.0,10012.0,6469.834,-6817.0
7457,23665.406,15882.0,10274.0,7723.011,-7715.0
7458,23975.844,14972.0,9618.0,7593.449,-8409.0
7459,23288.147,14843.0,9526.0,6733.753,-8618.0
7460,22465.786,14331.0,9597.0,6836.391,-8276.0
7461,22009.989,13381.0,8715.0,6600.594,-8124.0
7462,21434.265,12425.0,7744.0,6419.87,-7714.0
7463,20524.249,11911.0,7141.0,5585.854,-7549.0
7464,19576.034,11279.0,6567.0,5282.639,-6962.0
7465,18715.251,10451.0,6008.0,4593.856,-7059.0
7466,18354.996,10699.0,6087.0,4264.601,-6859.0
7467,17964.041,10526.0,6040.0,4291.646,-6567.0
7468,18320.955,10288.0,5606.0,4168.56,-6851.0
7469,18976.735,10921.0,5850.0,3763.34,-7523.0
7470,20210.419,12007.0,4811.0,3365.024,-7030.0
7471,21319.193,14996.0,4190.0,2774.798,-5119.0
7472,19271.388,15812.0,4197.0,2539.993,-2497.0
7473,18869.732,15808.0,4152.0,2548.337,-2046.0
7474,18320.694,15433.0,4245.0,2641.299,-1872.0
7475,19099.885,15690.0,4145.0,2544.49,-2391.0
7476,18598.454,16002.0,4671.0,2613.059,-2035.0
7477,17279.127,14230.0,5352.0,3126.732,-2655.0
7478,18874.399,13687.0,6111.0,3918.005,-4761.0
7479,19910.085,14021.0,8691.0,4891.69,-7069.0
7480,22405.493,15684.0,10767.0,7076.098,-7793.0
7481,24866.138,16231.0,11350.0,8941.743,-8424.0
7482,24818.717,15797.0,10961.0,8607.322,-8756.0
7483,24852.697,15621.0,10402.0,8185.302,-8829.0
7484,23620.16,15253.0,9747.0,7380.765,-8114.0
7485,22024.134,14078.0,9486.0,7112.739,-7700.0
7486,21937.577,13530.0,8415.0,6923.182,-7280.0
7487,20506.892,12234.0,7390.0,6130.497,-6913.0
7488,19746.339,11788.0,7188.0,5443.944,-7083.0
7489,19214.507,11491.0,6964.0,5262.112,-6806.0
7490,19029.72,11464.0,7212.0,5020.325,-7138.0
7491,19255.591,11690.0,7390.0,5396.196,-6940.0
7492,19731.416,12728.0,8584.0,5820.021,-7148.0
7493,21468.763,14248.0,10076.0,7071.368,-7606.0
7494,23915.911,16383.0,10595.0,7836.516,-7672.0
7495,26578.107,18523.0,8092.0,7476.712,-6051.0
7496,25000.792,17972.0,6098.0,6109.397,-4398.0
7497,22948.598,17688.0,5701.0,4294.203,-4048.0
7498,22130.91,17141.0,5506.0,4042.515,-3834.0
7499,22001.393,17201.0,5389.0,3916.998,-3653.0
7500,21974.327,17157.0,5245.0,3694.932,-3748.0
7501,21770.926,17050.0,5316.0,3631.531,-3786.0
7502,22076.475,17627.0,6817.0,4317.081,-4330.0
7503,20644.001,16339.0,10591.0,6294.606,-5982.0
7504,24426.704,17845.0,14021.0,10160.309,-7823.0
7505,27318.709,19007.0,14397.0,11869.314,-8220.0
7506,26789.108,17996.0,13762.0,11647.713,-8288.0
7507,26421.532,17735.0,13983.0,11269.137,-8781.0
7508,25438.277,16235.0,12886.0,10755.882,-8714.0
7509,24848.093,14998.0,11923.0,10162.698,-8991.0
7510,23636.676,13535.0,10497.0,9291.281,-8688.0
7511,22194.108,13209.0,10306.0,8257.713,-8414.0
7512,21469.846,12405.0,9664.0,8310.451,-7799.0
7513,20912.711,12171.0,9598.0,7777.316,-7943.0
7514,20671.093,12161.0,9474.0,7772.698,-7592.0
7515,20710.254,12699.0,9919.0,7735.859,-7575.0
7516,21404.416,13809.0,10782.0,8191.021,-7567.0
7517,22788.341,15302.0,12054.0,9252.946,-7668.0
7518,26042.441,16820.0,11221.0,9729.046,-8095.0
7519,27843.412,17748.0,7799.0,8115.017,-7160.0
7520,25247.644,17932.0,7129.0,6204.249,-5621.0
7521,24572.077,18022.0,6451.0,5909.682,-4472.0
7522,23066.621,17251.0,6100.0,5259.226,-4037.0
7523,23317.536,17319.0,5713.0,5065.141,-4027.0
7524,22053.727,16825.0,5828.0,4467.332,-3970.0
7525,22102.414,16699.0,5776.0,4353.019,-4207.0
7526,22309.851,16461.0,6754.0,4860.456,-5123.0
7527,21266.201,15667.0,10483.0,6981.806,-6481.0
7528,24933.76,17665.0,14237.0,10539.365,-8347.0
7529,26847.817,18504.0,14904.0,12115.423,-8513.0
7530,27086.448,17536.0,13807.0,12084.053,-8654.0
7531,26349.308,16596.0,12961.0,11155.913,-8939.0
7532,25526.617,15830.0,12342.0,10406.222,-9013.0
7533,24736.195,14462.0,11204.0,10045.8,-8813.0
7534,23965.531,13184.0,9954.0,9188.136,-8928.0
7535,21747.275,12721.0,9722.0,7911.88,-8217.0
7536,21054.343,12058.0,9194.0,7540.948,-8030.0
7537,20495.466,12087.0,9186.0,7278.071,-7697.0
7538,19911.028,11880.0,9114.0,7222.633,-7303.0
7539,20046.436,12134.0,9189.0,7236.041,-7246.0
7540,20929.96,13177.0,9813.0,7715.565,-7231.0
7541,21883.718,14488.0,10897.0,8255.323,-7418.0
7542,24353.045,15843.0,10627.0,8719.65,-7798.0
7543,26645.332,18246.0,8081.0,7478.937,-6382.0
7544,24309.375,18707.0,7147.0,6211.98,-3918.0
7545,22599.622,17945.0,6449.0,5458.227,-3026.0
7546,22168.262,17716.0,6356.0,4892.867,-3296.0
7547,21859.161,17084.0,6329.0,4878.766,-3606.0
7548,22265.535,16797.0,6260.0,4793.14,-4316.0
7549,22168.278,17086.0,7101.0,4800.883,-4763.0
7550,21644.236,16141.0,7811.0,5615.841,-5079.0
7551,21740.628,16332.0,11129.0,7372.234,-6546.0
7552,24671.082,17730.0,13249.0,10177.687,-7393.0
7553,26857.283,18401.0,13961.0,11696.888,-8101.0
7554,26684.137,17731.0,13615.0,11661.742,-8287.0
7555,26153.081,17514.0,13658.0,11270.686,-8407.0
7556,25133.503,16123.0,12569.0,11029.108,-7931.0
7557,24545.58,14503.0,10823.0,9848.185,-8398.0
7558,22923.267,13059.0,9572.0,8522.872,-8294.0
7559,21493.484,12364.0,9295.0,7566.089,-8239.0
7560,20754.509,11756.0,8888.0,7397.114,-7870.0
7561,20224.556,11422.0,8598.0,6871.161,-7910.0
7562,19854.491,11448.0,8701.0,6676.097,-7812.0
7563,19902.71,11764.0,8904.0,6892.315,-7531.0
7564,20531.492,12897.0,9813.0,7301.098,-7527.0
7565,22052.871,14701.0,11373.0,8461.476,-7644.0
7566,24228.557,16234.0,11724.0,9297.162,-7802.0
7567,27061.574,17810.0,8394.0,8455.179,-6571.0
7568,25203.089,17884.0,6365.0,5883.694,-5181.0
7569,23407.897,17991.0,6091.0,4692.502,-4196.0
7570,22285.46,17752.0,5903.0,4358.065,-3459.0
7571,22211.822,17734.0,5913.0,4312.427,-3459.0
7572,22020.018,17643.0,5914.0,4362.623,-3309.0
7573,22472.083,18199.0,6602.0,4391.688,-3864.0
7574,21642.604,17569.0,7772.0,5397.209,-3829.0
7575,21041.774,16738.0,11633.0,7378.379,-5939.0
7576,24658.615,17495.0,14028.0,10914.22,-7658.0
7577,27172.781,17792.0,13994.0,11966.386,-8789.0
7578,26936.082,16666.0,12846.0,11329.687,-9167.0
7579,26233.468,16553.0,12821.0,10491.073,-9391.0
7580,25295.375,15684.0,12094.0,10238.98,-8847.0
7581,24595.848,13752.0,10195.0,9577.453,-8842.0
7582,23337.693,12366.0,9016.0,8053.299,-9315.0
7583,21796.082,11950.0,8728.0,6892.687,-9062.0
7584,20969.082,11190.0,8100.0,6786.687,-8473.0
7585,20613.946,10512.0,7129.0,6055.551,-8556.0
7586,20094.167,10691.0,7215.0,5320.772,-8678.0
7587,20138.147,11247.0,7478.0,5445.752,-8304.0
7588,20877.266,12049.0,7790.0,5862.871,-8136.0
7589,21754.651,13176.0,8633.0,6258.256,-8334.0
7590,24700.291,15105.0,8830.0,6774.896,-9031.0
7591,27157.176,16975.0,5898.0,5863.781,-7597.0
7592,25264.256,17701.0,5081.0,4379.861,-5645.0
7593,24418.512,17727.0,4423.0,3326.117,-5169.0
7594,23493.556,17702.0,4311.0,2727.161,-4756.0
7595,23460.85,18155.0,4359.0,2806.455,-4239.0
7596,23359.348,18687.0,4882.0,2985.953,-3949.0
7597,23692.354,19191.0,5460.0,3740.959,-3601.0
7598,22723.205,17892.0,5929.0,4054.81,-4086.0
7599,21883.01,15727.0,8501.0,5224.615,-6813.0
7600,24618.784,15982.0,10344.0,7549.389,-8812.0
7601,26986.486,16243.0,10256.0,8270.091,-10110.0
7602,26562.976,15755.0,9862.0,7965.581,-10085.0
7603,25834.151,15173.0,9250.0,7368.756,-9923.0
7604,24843.272,14156.0,8550.0,6777.877,-9840.0
7605,24313.785,13126.0,7514.0,6223.39,-9859.0
7606,22719.664,11552.0,6681.0,5513.269,-9716.0
7607,21811.169,10639.0,5724.0,4369.774,-9907.0
7608,20625.544,10151.0,5478.0,3758.149,-9575.0
7609,19948.389,10019.0,5333.0,3514.994,-9128.0
7610,19514.889,9630.0,4904.0,3449.494,-8720.0
7611,19226.805,9551.0,5102.0,3142.41,-9016.0
7612,19622.112,10399.0,5513.0,3287.717,-8829.0
7613,20489.246,11187.0,5553.0,3545.851,-8690.0
7614,21804.105,12028.0,4890.0,3482.71,-8564.0
7615,23324.433,14494.0,3817.0,2901.038,-7127.0
7616,22133.019,15663.0,3792.0,2565.624,-5077.0
7617,21391.485,16017.0,3426.0,2486.09,-3695.0
7618,20131.282,15524.0,3372.0,2265.887,-3094.0
7619,19938.875,15507.0,3412.0,2273.48,-2951.0
7620,19815.65,15721.0,3689.0,2349.255,-2815.0
7621,19862.23,15768.0,3796.0,2525.835,-2745.0
7622,19330.832,15675.0,5170.0,2952.437,-3254.0
7623,18358.197,14364.0,8967.0,4910.802,-5431.0
7624,22551.128,15613.0,11437.0,8365.733,-7390.0
7625,24925.959,15301.0,10668.0,9149.564,-8524.0
7626,24259.336,14416.0,10559.0,8446.941,-9336.0
7627,24011.938,14291.0,10484.0,8187.543,-9398.0
7628,23489.108,13478.0,9872.0,7970.713,-9293.0
7629,22761.244,12143.0,8840.0,7683.849,-9155.0
7630,21687.132,11105.0,8188.0,6597.737,-9553.0
7631,20538.519,10945.0,8207.0,6063.124,-9118.0
7632,19722.947,10483.0,7854.0,6162.552,-8312.0
7633,19175.203,9941.0,7218.0,5686.808,-8146.0
7634,18786.593,9167.0,6535.0,5087.198,-8448.0
7635,18802.833,9804.0,6857.0,4712.438,-8524.0
7636,18641.909,10387.0,7285.0,5024.514,-7896.0
7637,18889.185,10496.0,7382.0,5195.79,-7960.0
7638,20817.753,10793.0,6209.0,5102.358,-8512.0
7639,23319.047,13718.0,4036.0,3752.652,-7265.0
7640,20816.411,15136.0,3691.0,2570.016,-4182.0
7641,19450.422,15221.0,3555.0,2423.027,-2742.0
7642,19081.399,15176.0,3431.0,2280.004,-2437.0
7643,18690.1,15155.0,3454.0,2243.705,-2126.0
7644,19055.752,15612.0,3742.0,2404.357,-2162.0
7645,19109.266,15810.0,4353.0,2731.871,-2301.0
7646,19082.03,16273.0,6331.0,3639.635,-2881.0
7647,18958.808,14853.0,9341.0,5727.413,-5100.0
7648,22217.598,15370.0,11816.0,8636.203,-7408.0
7649,24815.917,15747.0,12186.0,10044.522,-8591.0
7650,24413.955,16787.0,13330.0,10301.56,-8036.0
7651,23399.69,16489.0,13255.0,10727.295,-6819.0
7652,22470.964,14724.0,11844.0,10001.569,-6970.0
7653,21904.962,12404.0,9560.0,8611.567,-7830.0
7654,20989.392,11388.0,8499.0,7086.997,-8394.0
7655,20158.849,10846.0,7996.0,6447.454,-8242.0
7656,19451.362,10322.0,7545.0,6254.967,-7800.0
7657,18947.095,10030.0,7250.0,5934.7,-7613.0
7658,18651.103,10269.0,7499.0,5858.708,-7403.0
7659,18535.421,10636.0,7840.0,6197.026,-6923.0
7660,19034.05,11366.0,8350.0,6406.655,-6992.0
7661,20347.721,12899.0,9779.0,6922.326,-7686.0
7662,23313.454,14484.0,9518.0,7812.059,-7916.0
7663,25597.203,17033.0,7492.0,6815.808,-6621.0
7664,23670.118,17655.0,6779.0,5547.723,-4627.0
7665,22687.084,17623.0,6368.0,5066.689,-3746.0
7666,22335.276,17603.0,6312.0,4872.881,-3552.0
7667,22809.682,18088.0,6602.0,5076.287,-3628.0
7668,23252.253,18424.0,6915.0,5321.858,-3802.0
7669,23605.692,18851.0,7607.0,5540.297,-4202.0
7670,23914.527,19728.0,9626.0,6803.132,-4390.0
7671,22465.88,18545.0,13592.0,9128.485,-5765.0
7672,25418.766,18753.0,15325.0,12165.371,-7206.0
7673,27030.101,18816.0,15171.0,12683.706,-8082.0
7674,26495.067,17394.0,13841.0,12171.672,-8151.0
7675,25555.011,16472.0,13040.0,11145.616,-8358.0
7676,24497.996,15311.0,12111.0,10458.601,-8220.0
7677,23620.153,14087.0,10936.0,9372.758,-8477.0
7678,22427.511,12796.0,9783.0,8561.116,-8234.0
7679,20484.49,11635.0,8992.0,7642.095,-7580.0
7680,20160.247,10766.0,8143.0,7046.852,-7871.0
7681,19470.673,10464.0,7850.0,6386.278,-7851.0
7682,19198.88,10310.0,7432.0,5968.485,-7733.0
7683,18854.327,10759.0,7947.0,5769.932,-7653.0
7684,19347.336,11541.0,8542.0,6299.941,-7429.0
7685,20567.703,12740.0,9720.0,7140.308,-7788.0
7686,23299.144,14421.0,9961.0,8073.749,-8146.0
7687,26047.036,16677.0,7387.0,7099.641,-7038.0
7688,24372.281,17534.0,6584.0,5639.886,-5163.0
7689,24410.129,17768.0,5851.0,5287.734,-4586.0
7690,23587.068,18168.0,6204.0,4698.673,-4305.0
7691,23926.207,18390.0,6550.0,5018.812,-4448.0
7692,24955.42,18667.0,6585.0,5218.025,-5036.0
7693,24578.596,18743.0,7824.0,5537.201,-5503.0
7694,23391.995,18381.0,10370.0,6706.6,-6055.0
7695,24105.799,18395.0,13663.0,10033.404,-6721.0
7696,25996.052,19151.0,14979.0,12096.657,-7108.0
7697,27188.062,18768.0,14543.0,12538.667,-7805.0
7698,26636.724,18095.0,14034.0,12025.329,-7931.0
7699,25962.829,17434.0,13255.0,11342.434,-7822.0
7700,24961.533,16234.0,12159.0,10727.138,-7540.0
7701,24353.405,14147.0,10058.0,9872.01,-7773.0
7702,22752.9,12915.0,9246.0,8008.505,-8456.0
7703,21508.989,12061.0,8356.0,7008.594,-8176.0
7704,20648.117,11396.0,7774.0,6688.722,-7718.0
7705,19893.385,10912.0,7338.0,5846.99,-7853.0
7706,19652.176,10504.0,6827.0,5421.781,-7934.0
7707,19576.924,11305.0,7576.0,5370.529,-7858.0
7708,19686.104,12231.0,8478.0,6116.709,-7197.0
7709,21016.094,13498.0,9413.0,7052.699,-7259.0
7710,23231.559,14751.0,9439.0,7566.164,-7734.0
7711,24885.235,16688.0,8663.0,7209.84,-7031.0
7712,25158.62,17515.0,7948.0,6943.225,-6029.0
7713,24709.751,17754.0,7063.0,6187.356,-5212.0
7714,24111.094,18157.0,6409.0,5589.699,-4154.0
7715,23702.308,18097.0,5858.0,4905.913,-3938.0
7716,23815.863,18410.0,5888.0,4660.468,-4014.0
7717,23895.732,18639.0,5816.0,4587.337,-3866.0
7718,23038.152,19496.0,7828.0,5250.757,-3500.0
7719,21755.25,18327.0,10882.0,7014.855,-4676.0
7720,24741.329,19043.0,12925.0,9835.934,-6168.0
7721,27066.947,18873.0,12562.0,10593.552,-7543.0
7722,27003.113,18283.0,11877.0,10169.718,-7808.0
7723,26022.441,17875.0,11437.0,9511.047,-7454.0
7724,24631.692,16568.0,11009.0,9074.297,-7379.0
7725,24473.327,15122.0,9419.0,8545.932,-7605.0
7726,23054.479,13382.0,7992.0,7351.084,-7694.0
7727,21844.159,12629.0,7120.0,6062.764,-7653.0
7728,21090.419,11619.0,6342.0,5543.024,-7651.0
7729,20552.547,11079.0,5674.0,4539.152,-7989.0
7730,20065.536,11017.0,5362.0,4043.141,-7748.0
7731,19808.206,11204.0,5657.0,3862.811,-7779.0
7732,20333.831,12267.0,6664.0,4478.436,-7633.0
7733,21152.964,13251.0,7740.0,5164.569,-7858.0
7734,23661.044,14449.0,7958.0,5721.649,-8829.0
7735,26009.796,16547.0,6318.0,5424.401,-7737.0
7736,25500.261,17612.0,5670.0,4726.866,-6212.0
7737,24693.312,17709.0,4926.0,4393.917,-4897.0
7738,23454.3,17408.0,4574.0,3819.905,-4181.0
7739,22760.18,17680.0,4916.0,3702.785,-3674.0
7740,22806.779,17997.0,5212.0,3794.384,-3608.0
7741,22790.494,18568.0,6158.0,4181.099,-3580.0
7742,22091.088,18887.0,8473.0,5483.693,-3574.0
7743,21478.331,16742.0,10817.0,7404.936,-5529.0
7744,24632.272,17837.0,13819.0,10339.877,-7655.0
7745,27230.828,18486.0,14218.0,11921.433,-8422.0
7746,26727.033,17528.0,13579.0,11786.638,-8372.0
7747,26267.937,17277.0,13277.0,11145.542,-8503.0
7748,25169.701,16358.0,12709.0,10731.306,-8170.0
7749,24333.877,15021.0,11597.0,10263.482,-8027.0
7750,23291.84,13225.0,10003.0,9206.445,-8244.0
7751,22098.45,12480.0,9190.0,7904.055,-8285.0
7752,21160.624,11924.0,8716.0,7399.229,-7934.0
7753,20701.692,11905.0,8239.0,6711.297,-7705.0
7754,19691.928,11478.0,8487.0,6584.533,-7497.0
7755,20147.224,11993.0,9011.0,7091.829,-7454.0
7756,20798.101,13621.0,10321.0,7601.706,-7277.0
7757,21710.465,14647.0,11030.0,8661.071,-6813.0
7758,24233.964,16020.0,11539.0,9378.569,-7755.0
7759,26245.094,16758.0,9278.0,9187.699,-6958.0
7760,24724.796,16874.0,8392.0,7101.401,-6522.0
7761,23868.32,17572.0,8264.0,6566.925,-5374.0
7762,23154.263,17753.0,8563.0,6366.868,-4978.0
7763,22491.413,17403.0,8753.0,6600.018,-4622.0
7764,22048.083,16926.0,9044.0,6503.688,-5043.0
7765,22242.458,16758.0,10005.0,7097.063,-5773.0
7766,23343.058,17094.0,11137.0,8592.663,-6174.0
7767,23417.937,17332.0,13335.0,10060.542,-6741.0
7768,25658.341,19113.0,15232.0,12363.946,-6794.0
7769,26868.044,19101.0,15239.0,13211.649,-7175.0
7770,26729.568,17957.0,14309.0,12930.173,-7532.0
7771,25894.111,17213.0,13763.0,12039.716,-7785.0
7772,24972.783,16515.0,13287.0,11413.388,-7712.0
7773,24212.934,15275.0,12073.0,10682.539,-7709.0
7774,23123.455,13936.0,11038.0,9856.06,-7750.0
7775,21794.433,12941.0,10161.0,8812.038,-7583.0
7776,21127.466,12052.0,9200.0,8015.072,-7641.0
7777,20553.483,11022.0,7896.0,6964.088,-7844.0
7778,19644.541,10765.0,7907.0,6110.146,-8057.0
7779,19519.944,11065.0,8341.0,6215.549,-7961.0
7780,20055.531,11997.0,8718.0,6564.136,-7593.0
7781,20274.715,12537.0,9227.0,6967.32,-7378.0
7782,21554.445,13264.0,9308.0,7259.05,-7720.0
7783,24326.916,14936.0,6651.0,6354.521,-7068.0
7784,21617.286,15489.0,5661.0,4719.891,-4450.0
7785,20756.415,16164.0,5278.0,3932.02,-3319.0
7786,20051.185,16375.0,5247.0,3651.79,-2652.0
7787,19948.637,16270.0,5215.0,3529.242,-2745.0
7788,20056.112,15806.0,5107.0,3545.717,-3192.0
7789,19437.93,14631.0,5953.0,3744.535,-4396.0
7790,20305.213,15273.0,7692.0,4793.818,-5311.0
7791,20060.831,14658.0,10411.0,7063.436,-6131.0
7792,23567.905,16488.0,12934.0,9624.51,-7770.0
7793,24813.447,16538.0,13214.0,10801.053,-8069.0
7794,25296.078,16226.0,12863.0,10889.683,-8424.0
7795,24240.685,15373.0,12264.0,10295.29,-8217.0
7796,23761.133,14775.0,11822.0,9783.738,-8405.0
7797,23285.545,13882.0,10989.0,9278.15,-8495.0
7798,22257.072,12879.0,10096.0,8803.677,-8051.0
7799,21019.581,12216.0,9635.0,8112.186,-7707.0
7800,20175.39,11468.0,9185.0,7744.995,-7528.0
7801,19992.61,10749.0,8258.0,7111.215,-7771.0
7802,19212.883,10198.0,7814.0,6322.488,-7887.0
7803,19184.113,10289.0,7866.0,6031.718,-8110.0
7804,19555.262,10537.0,7640.0,5942.867,-8096.0
7805,19777.676,10942.0,7863.0,5824.281,-8255.0
7806,20672.853,11833.0,8113.0,5895.458,-8438.0
7807,23621.438,14860.0,6682.0,5666.043,-7158.0
7808,21449.56,16129.0,5527.0,4567.165,-3661.0
7809,19112.622,15419.0,5269.0,3944.227,-2399.0
7810,18570.906,15083.0,5167.0,3709.511,-2326.0
7811,19058.847,15580.0,5212.0,3711.452,-2360.0
7812,19323.192,15913.0,5033.0,3577.797,-2246.0
7813,19264.71,16362.0,5929.0,3793.315,-2419.0
7814,19211.944,15599.0,6992.0,4438.549,-3547.0
7815,19689.925,15170.0,9832.0,6352.53,-5380.0
7816,23023.132,17280.0,12343.0,8750.737,-6716.0
7817,24907.049,17593.0,11829.0,9496.655,-7027.0
7818,25132.82,16961.0,11417.0,9430.425,-7539.0
7819,24270.896,16360.0,11284.0,8947.501,-7628.0
7820,23854.048,15761.0,10317.0,8275.653,-7515.0
7821,22717.12,14337.0,9738.0,7984.725,-7514.0
7822,22167.016,13592.0,8999.0,7587.621,-7367.0
7823,21357.116,12953.0,8007.0,6883.721,-6908.0
7824,20345.793,12153.0,6907.0,6040.398,-6440.0
7825,19779.965,11810.0,7108.0,5569.57,-6889.0
7826,20202.423,11655.0,6386.0,5409.028,-6905.0
7827,19844.753,12104.0,6701.0,5028.358,-6794.0
7828,20501.679,12850.0,6978.0,5044.284,-6966.0
7829,21728.679,14280.0,8208.0,5916.284,-7121.0
7830,23594.176,15970.0,9098.0,6328.781,-7774.0
7831,26128.074,18195.0,7805.0,6663.679,-6455.0
7832,25114.604,19262.0,7056.0,5622.209,-4667.0
7833,24018.924,18943.0,6361.0,4795.529,-4022.0
7834,22983.967,18597.0,6194.0,4492.572,-3469.0
7835,23269.425,18579.0,5884.0,4524.03,-3431.0
7836,22947.986,18811.0,5734.0,4236.591,-3015.0
7837,22643.702,18935.0,5731.0,3924.307,-2896.0
7838,21744.718,18157.0,6573.0,4030.323,-3511.0
7839,21488.361,17530.0,9999.0,5845.966,-5492.0
7840,25795.551,19211.0,11981.0,9006.156,-6940.0
7841,27163.328,19115.0,11944.0,9529.933,-7843.0
7842,27210.479,18759.0,11650.0,9298.084,-8184.0
7843,26393.895,18094.0,11170.0,8901.5,-7949.0
7844,25434.476,16876.0,10494.0,8615.081,-7818.0
7845,24940.424,15541.0,9700.0,8224.029,-8256.0
7846,24492.042,13815.0,7819.0,7689.647,-8187.0
7847,22335.201,12739.0,7420.0,5998.806,-8398.0
7848,21143.555,11963.0,7392.0,5732.16,-8221.0
7849,20701.176,10939.0,7247.0,5774.781,-8615.0
7850,20258.872,10661.0,7433.0,5602.477,-8809.0
7851,20562.478,11002.0,7783.0,5667.083,-9057.0
7852,21114.484,12119.0,8836.0,6470.089,-8742.0
7853,22780.487,14407.0,10955.0,8083.092,-8626.0
7854,24419.092,16069.0,11689.0,9440.697,-7979.0
7855,27905.206,17312.0,8350.0,9046.811,-7277.0
7856,26165.812,18052.0,6727.0,6395.417,-5826.0
7857,23820.54,17650.0,6131.0,4967.145,-4715.0
7858,22922.974,17292.0,5804.0,4743.579,-4072.0
7859,22600.255,17134.0,5935.0,4757.86,-4024.0
7860,23029.842,17573.0,6085.0,4769.447,-4153.0
7861,23049.51,17135.0,5983.0,4941.115,-4337.0
7862,22805.626,17592.0,8273.0,5432.231,-5435.0
7863,21894.57,16186.0,11349.0,7887.175,-6551.0
7864,25989.156,18092.0,14062.0,10811.761,-8528.0
7865,27025.634,18017.0,13990.0,11563.239,-8816.0
7866,27364.636,17218.0,13320.0,11436.241,-9411.0
7867,26786.386,16887.0,13045.0,10888.991,-9436.0
7868,25708.496,15825.0,12276.0,10369.101,-9171.0
7869,25146.141,14545.0,11190.0,9967.746,-9204.0
7870,24173.248,13091.0,9654.0,8923.853,-9193.0
7871,22608.147,12053.0,8782.0,7571.752,-9146.0
7872,21380.711,10904.0,7832.0,6732.316,-8957.0
7873,21176.788,10684.0,7454.0,6073.393,-9254.0
7874,20468.99,10353.0,7048.0,5645.595,-8899.0
7875,20483.213,10567.0,7073.0,5512.818,-8857.0
7876,21256.754,12061.0,8303.0,5886.359,-8993.0
7877,23044.175,14238.0,9635.0,7182.78,-8639.0
7878,24171.073,15057.0,9566.0,7559.678,-8501.0
7879,27937.672,16177.0,6092.0,6921.277,-8312.0
7880,25990.771,17430.0,5099.0,4263.376,-6777.0
7881,24135.032,17627.0,4487.0,3341.637,-5034.0
7882,23246.018,17671.0,4138.0,2921.623,-4172.0
7883,22283.163,17786.0,4120.0,2646.768,-3351.0
7884,22437.945,18130.0,4240.0,2611.55,-3317.0
7885,21642.17,17347.0,4466.0,2647.775,-3494.0
7886,21940.216,17235.0,5568.0,3312.821,-4341.0
7887,21091.938,15550.0,8592.0,4671.543,-6843.0
7888,25387.839,17265.0,10864.0,7516.444,-8851.0
7889,26767.794,17812.0,11626.0,8991.399,-8971.0
7890,26937.097,17412.0,11398.0,9237.702,-9066.0
7891,26754.195,16671.0,10436.0,9013.8,-8886.0
7892,25597.414,15423.0,9743.0,8255.019,-9043.0
7893,25646.77,14469.0,8383.0,7561.375,-9380.0
7894,24084.543,12872.0,6865.0,6292.148,-9166.0
7895,22520.38,12461.0,6940.0,5340.985,-9039.0
7896,21597.806,12033.0,6136.0,4888.411,-8193.0
7897,20878.553,11926.0,5900.0,4396.158,-7837.0
7898,19952.39,11161.0,5551.0,4158.995,-7564.0
7899,19611.362,10735.0,5583.0,3808.967,-8031.0
7900,19494.967,10485.0,5953.0,3972.572,-8371.0
7901,20359.133,11272.0,7093.0,4694.738,-8866.0
7902,21638.176,12201.0,7310.0,5365.781,-8762.0
7903,25181.213,14921.0,4613.0,4508.818,-7745.0
7904,22950.236,16670.0,3408.0,2753.841,-4315.0
7905,20242.257,16862.0,3437.0,1968.862,-2229.0
7906,20275.992,17014.0,3401.0,1944.597,-2099.0
7907,20321.242,17607.0,3425.0,1870.847,-1649.0
7908,20153.931,17980.0,3510.0,1870.536,-1194.0
7909,19494.143,17458.0,3794.0,1952.748,-1258.0
7910,19103.2,16678.0,4449.0,2303.805,-1951.0
7911,18628.317,14099.0,6729.0,3329.922,-5309.0
7912,22259.057,14139.0,8313.0,5273.662,-8540.0
7913,23347.112,13764.0,8461.0,6021.717,-9403.0
7914,23296.157,13611.0,8427.0,6169.762,-9323.0
7915,22757.465,12947.0,8016.0,6115.07,-9092.0
7916,22842.765,12635.0,7795.0,5931.37,-9452.0
7917,22773.243,12482.0,7550.0,5875.848,-9346.0
7918,22186.106,11783.0,6647.0,5406.711,-9024.0
7919,20894.839,11396.0,6320.0,4798.444,-8401.0
7920,20284.975,10919.0,6216.0,4713.58,-8249.0
7921,19437.358,10498.0,6488.0,4796.963,-8011.0
7922,19337.174,10180.0,6418.0,4769.779,-8186.0
7923,19582.15,10421.0,6422.0,4693.755,-8270.0
7924,19968.902,10927.0,6772.0,4977.507,-8217.0
7925,20414.631,11643.0,7706.0,5185.236,-8673.0
7926,22387.211,12170.0,7174.0,5798.816,-8973.0
7927,25897.618,14779.0,4462.0,4926.223,-8035.0
7928,23085.698,15699.0,3836.0,3199.303,-5404.0
7929,21056.81,15345.0,3785.0,2711.416,-4166.0
7930,20540.364,15380.0,3601.0,2683.969,-3458.0
7931,19485.783,15098.0,3729.0,2452.388,-3045.0
7932,19772.245,15106.0,3680.0,2571.85,-3155.0
7933,20026.278,16141.0,4761.0,2830.883,-3196.0
7934,19326.98,16221.0,6239.0,3947.585,-2778.0
7935,18691.898,13987.0,8574.0,5427.503,-5232.0
7936,22956.178,15523.0,11418.0,8249.783,-7982.0
7937,25022.645,15737.0,11489.0,9481.25,-8674.0
7938,25109.01,15558.0,11427.0,9190.615,-9168.0
7939,24701.59,15105.0,11243.0,9065.195,-9155.0
7940,24213.953,14367.0,10894.0,9023.558,-9098.0
7941,23882.677,13796.0,10430.0,8789.282,-9108.0
7942,22668.439,12821.0,9653.0,8313.044,-8568.0
7943,21562.83,12225.0,9118.0,7461.435,-8375.0
7944,20909.526,11671.0,8722.0,7110.131,-8231.0
7945,20411.456,10956.0,8007.0,6554.061,-8289.0
7946,20356.182,10500.0,7355.0,5920.787,-8671.0
7947,20013.269,10709.0,7365.0,5409.874,-8640.0
7948,20342.324,11177.0,7348.0,5364.929,-8529.0
7949,20505.039,11380.0,7582.0,5416.644,-8671.0
7950,22303.234,11890.0,6867.0,5462.839,-9198.0
7951,25240.71,14273.0,4339.0,4510.315,-8177.0
7952,23202.746,15979.0,3204.0,2690.351,-5118.0
7953,20848.249,15919.0,3002.0,1943.854,-3368.0
7954,19930.975,15785.0,3108.0,1863.58,-2771.0
7955,19290.019,15814.0,3502.0,2163.625,-2195.0
7956,19607.291,16064.0,3573.0,2442.896,-2054.0
7957,19392.922,16207.0,4047.0,2513.527,-2100.0
7958,18908.888,15451.0,5074.0,3075.493,-2837.0
7959,18658.729,13538.0,7914.0,4559.334,-5856.0
7960,23068.941,15366.0,10622.0,7363.546,-8342.0
7961,24605.409,15701.0,11145.0,8655.014,-8775.0
7962,25138.94,15283.0,10872.0,8822.545,-9286.0
7963,24599.441,15105.0,10945.0,8630.046,-9190.0
7964,23894.928,14648.0,10791.0,8603.533,-8815.0
7965,23936.991,13922.0,10143.0,8496.596,-9042.0
7966,22757.129,13001.0,9399.0,8137.734,-8398.0
7967,21698.766,12298.0,8564.0,7396.372,-7949.0
7968,21023.564,11952.0,8328.0,6978.169,-7802.0
7969,20384.199,11195.0,7633.0,6369.804,-7833.0
7970,20298.732,10839.0,7217.0,5975.337,-8082.0
7971,19907.663,10890.0,7117.0,5474.268,-8041.0
7972,20263.819,11169.0,7073.0,5406.424,-8142.0
7973,20630.054,11636.0,7339.0,5342.659,-8371.0
7974,21835.587,12200.0,7005.0,5375.192,-8646.0
7975,24816.189,13948.0,4144.0,4525.794,-7867.0
7976,23173.131,15917.0,3181.0,2858.736,-4959.0
7977,20414.651,16048.0,3281.0,2202.256,-2826.0
7978,19795.125,15969.0,3364.0,2317.73,-2253.0
7979,19470.111,16084.0,3492.0,2348.717,-1910.0
7980,19679.085,16491.0,3666.0,2606.69,-1628.0
7981,19727.226,16540.0,4092.0,2745.831,-1914.0
7982,18894.153,15593.0,5199.0,3215.758,-2665.0
7983,18716.014,13328.0,8052.0,4528.619,-6292.0
7984,23508.121,16069.0,11175.0,7938.726,-8056.0
7985,25306.301,16461.0,11649.0,9372.906,-8502.0
7986,25386.042,16230.0,11606.0,9357.647,-8785.0
7987,24642.333,15455.0,11186.0,8987.938,-8766.0
7988,24316.837,14568.0,10590.0,8804.442,-8915.0
7989,23565.628,14002.0,10215.0,8357.233,-8802.0
7990,22163.866,12887.0,9301.0,8090.471,-7868.0
7991,21021.955,12492.0,9054.0,7235.56,-7729.0
7992,20301.134,12006.0,8614.0,7215.739,-7074.0
7993,19791.391,11704.0,8383.0,6813.996,-7037.0
7994,19497.869,11783.0,8463.0,6693.474,-6865.0
7995,19903.368,12151.0,8630.0,6819.973,-6943.0
7996,20606.378,13227.0,9518.0,7260.983,-7017.0
7997,22374.428,14879.0,10868.0,8316.033,-7428.0
7998,24379.142,16039.0,11330.0,9044.747,-8006.0
7999,28188.517,17338.0,8414.0,8786.122,-7859.0
8000,27601.81,18445.0,6378.0,6159.415,-6756.0
8001,25061.937,17449.0,4998.0,4829.542,-5162.0
8002,23678.846,17448.0,5322.0,4159.451,-4774.0
8003,23533.283,17195.0,5086.0,4210.888,-4594.0
8004,23853.265,17823.0,5308.0,4134.87,-4584.0
8005,23449.824,18270.0,5912.0,4250.429,-4222.0
8006,22749.079,17156.0,6722.0,4928.684,-4767.0
8007,21938.539,15917.0,10437.0,6251.144,-7588.0
8008,26189.853,18207.0,13369.0,9559.458,-9173.0
8009,27528.594,18584.0,13812.0,10831.199,-9306.0
8010,27700.637,17561.0,12924.0,10658.242,-9786.0
8011,27361.919,16979.0,12414.0,10292.524,-9885.0
8012,26462.858,16223.0,11773.0,9641.463,-9752.0
8013,25582.66,14887.0,10701.0,9168.265,-9609.0
8014,24389.438,13344.0,8758.0,8165.043,-9019.0
8015,23043.113,12427.0,7852.0,7145.718,-8703.0
8016,21952.203,12196.0,7980.0,6471.808,-8645.0
8017,21239.38,12074.0,7906.0,6510.985,-7941.0
8018,20821.606,11757.0,7783.0,6306.211,-7922.0
8019,21073.735,12314.0,8211.0,6415.34,-7936.0
8020,21789.415,13734.0,9286.0,7105.02,-7617.0
8021,23565.822,15853.0,11049.0,8602.427,-7540.0
8022,25120.989,17545.0,12303.0,9511.594,-7748.0
8023,28337.386,19903.0,11070.0,9755.991,-7129.0
8024,27693.787,19882.0,7928.0,8378.392,-4742.0
8025,24956.223,18665.0,6659.0,6418.828,-3912.0
8026,24075.856,18097.0,6195.0,5326.461,-4228.0
8027,22987.378,17708.0,6195.0,4730.983,-4124.0
8028,23231.592,18363.0,6698.0,5032.197,-3915.0
8029,23759.683,18826.0,6872.0,5488.288,-3698.0
8030,23035.577,18156.0,7938.0,6128.182,-4070.0
8031,23138.665,16879.0,10993.0,8090.27,-6543.0
8032,26713.359,18632.0,13801.0,10605.964,-8657.0
8033,28077.22,19607.0,14755.0,11679.825,-8926.0
8034,27934.613,18722.0,13877.0,11590.218,-8880.0
8035,27245.446,17902.0,13334.0,10978.051,-9080.0
8036,26574.944,16798.0,12588.0,10651.549,-9094.0
8037,25653.392,15492.0,11570.0,9766.997,-9345.0
8038,24869.665,14058.0,10146.0,9085.27,-9253.0
8039,22767.69,13628.0,9895.0,7842.295,-8573.0
8040,21684.948,13274.0,9632.0,7552.553,-7871.0
8041,20961.714,12850.0,9259.0,7403.319,-7348.0
8042,20612.734,12790.0,9274.0,7265.339,-7212.0
8043,20906.371,13158.0,9401.0,7407.976,-7122.0
8044,21659.838,14445.0,10209.0,7856.443,-6948.0
8045,22880.444,15543.0,11033.0,8303.049,-7448.0
8046,25092.634,17230.0,11995.0,9093.239,-8145.0
8047,28323.034,18868.0,9731.0,9221.639,-7345.0
8048,27097.574,20147.0,8553.0,7533.179,-5351.0
8049,24626.648,19236.0,7590.0,6603.253,-3758.0
8050,23718.957,19146.0,7660.0,5961.562,-3652.0
8051,22881.058,18188.0,7532.0,6047.663,-3558.0
8052,23480.829,17742.0,7235.0,6240.434,-4114.0
8053,23906.219,18383.0,7379.0,5946.824,-4336.0
8054,22875.404,17765.0,8722.0,6615.009,-4598.0
8055,22662.958,16803.0,12075.0,8299.563,-7016.0
8056,26168.306,19242.0,15569.0,11299.911,-8576.0
8057,27945.926,19428.0,15489.0,12695.531,-8692.0
8058,27938.03,18502.0,14602.0,12649.635,-8769.0
8059,27586.586,18239.0,14282.0,12111.191,-8899.0
8060,26651.203,17208.0,13327.0,11455.808,-8695.0
8061,25413.526,15651.0,12024.0,10601.131,-8566.0
8062,24187.089,14151.0,10927.0,9811.694,-8532.0
8063,22909.597,13086.0,9778.0,8748.202,-8234.0
8064,21670.099,12086.0,8928.0,7858.704,-8034.0
8065,20871.496,11770.0,8706.0,7133.101,-8055.0
8066,20395.246,11516.0,8604.0,6830.851,-8033.0
8067,20271.906,12052.0,9197.0,6967.511,-7830.0
8068,21028.845,13189.0,10081.0,7681.45,-7620.0
8069,22613.387,15085.0,11444.0,8806.992,-7546.0
8070,24476.948,16127.0,11836.0,9615.553,-7951.0
8071,27983.885,17751.0,9242.0,9081.49,-7774.0
8072,26568.933,18846.0,7979.0,7147.538,-5935.0
8073,24138.799,18750.0,7745.0,6268.404,-4246.0
8074,23147.705,17664.0,7028.0,5954.31,-3938.0
8075,23050.12,18010.0,7438.0,5641.725,-4217.0
8076,22954.081,18234.0,7171.0,5555.686,-3716.0
8077,22805.852,18153.0,7170.0,5283.457,-3920.0
8078,22627.898,17744.0,8464.0,6135.503,-4593.0
8079,22062.648,17303.0,12691.0,8159.253,-6672.0
8080,25573.786,18899.0,15189.0,11619.391,-7625.0
8081,27053.246,19392.0,15877.0,12605.851,-8313.0
8082,27095.93,19239.0,15723.0,12807.535,-8153.0
8083,26794.872,18484.0,14997.0,12577.477,-8111.0
8084,25921.997,17211.0,13939.0,11840.602,-8190.0
8085,25230.705,16310.0,13201.0,11149.31,-8353.0
8086,24134.9,14283.0,11383.0,10622.505,-7993.0
8087,22708.547,12993.0,10253.0,9230.153,-8119.0
8088,22232.807,12364.0,9780.0,8758.412,-8271.0
8089,20961.846,12178.0,9731.0,7690.451,-8205.0
8090,20686.878,11851.0,9344.0,7513.483,-8047.0
8091,21077.918,12249.0,9547.0,7563.523,-8193.0
8092,21674.928,13498.0,10446.0,7983.533,-8020.0
8093,23122.85,15534.0,11964.0,9084.455,-7849.0
8094,24849.139,16994.0,12731.0,10075.744,-7891.0
8095,27846.835,18718.0,11011.0,9836.44,-7684.0
8096,26810.433,19167.0,8709.0,8191.038,-5542.0
8097,24251.994,18552.0,7988.0,6633.599,-4435.0
8098,23558.433,17820.0,7221.0,6155.038,-4185.0
8099,22903.51,17802.0,7213.0,5802.115,-3893.0
8100,23133.693,18206.0,7251.0,5809.298,-3750.0
8101,22590.895,18149.0,7648.0,5933.5,-3537.0
8102,22219.538,17110.0,8015.0,6417.143,-4088.0
8103,21758.128,16536.0,12052.0,7776.733,-6878.0
8104,25279.113,18460.0,14859.0,11068.718,-7990.0
8105,26774.146,19078.0,15623.0,12457.751,-8242.0
8106,27075.087,18609.0,15147.0,12510.692,-8483.0
8107,26881.042,17666.0,14299.0,12492.647,-8402.0
8108,26167.536,16912.0,13777.0,11856.141,-8557.0
8109,25479.996,16244.0,13398.0,11526.601,-8488.0
8110,24384.112,14625.0,11949.0,10877.717,-8211.0
8111,22789.418,13461.0,11005.0,9681.023,-8033.0
8112,22439.963,12580.0,10192.0,9258.568,-8174.0
8113,21836.041,12053.0,9680.0,8474.646,-8369.0
8114,21245.086,12015.0,9595.0,8016.691,-8189.0
8115,21096.558,12144.0,9646.0,7899.163,-8080.0
8116,21579.215,12628.0,9806.0,8005.82,-8132.0
8117,22376.28,13609.0,10509.0,8367.885,-8289.0
8118,23517.387,14149.0,10276.0,8771.992,-8253.0
8119,25800.126,15600.0,7997.0,7853.731,-7724.0
8120,24355.909,15752.0,6729.0,6307.514,-6406.0
8121,23569.352,15999.0,5641.0,4987.957,-5604.0
8122,21776.681,16130.0,5510.0,4132.286,-4405.0
8123,20990.005,15917.0,5471.0,4269.61,-3655.0
8124,21294.941,16203.0,5454.0,4285.546,-3641.0
8125,21328.605,16387.0,6360.0,4380.21,-4302.0
8126,21230.143,15952.0,7316.0,5647.748,-4327.0
8127,20504.136,15002.0,10804.0,7200.741,-6486.0
8128,24550.798,17065.0,13527.0,10320.403,-8073.0
8129,26134.789,17358.0,13856.0,11228.394,-8785.0
8130,26378.334,16809.0,13435.0,11431.939,-8953.0
8131,26111.297,16293.0,12971.0,11004.902,-9165.0
8132,25727.062,15675.0,12431.0,10624.667,-9239.0
8133,24860.993,14686.0,11845.0,10311.598,-9089.0
8134,23922.011,13284.0,10505.0,9731.616,-8792.0
8135,22454.005,12515.0,9902.0,8699.61,-8522.0
8136,21440.481,11974.0,9600.0,8191.086,-8256.0
8137,20750.344,11294.0,8926.0,7884.95,-7878.0
8138,20400.648,11238.0,8728.0,7272.253,-7999.0
8139,20232.516,11279.0,8629.0,7069.121,-7894.0
8140,20418.269,11552.0,8872.0,7310.874,-7808.0
8141,21171.09,12178.0,9116.0,7509.695,-7980.0
8142,21960.76,12716.0,9203.0,7667.365,-8161.0
8143,24606.579,14723.0,7386.0,7202.184,-7448.0
8144,23342.978,16444.0,6133.0,5656.583,-4756.0
8145,21257.752,16295.0,5560.0,4770.357,-3133.0
8146,20395.137,15893.0,5340.0,4269.742,-2953.0
8147,20015.666,15623.0,5172.0,4176.271,-2769.0
8148,19545.366,14696.0,5342.0,4100.971,-3471.0
8149,19719.648,14388.0,6578.0,4570.253,-4720.0
8150,20320.658,14274.0,7533.0,5710.263,-5250.0
8151,20909.715,13850.0,9761.0,7262.32,-6939.0
8152,23941.223,16265.0,13016.0,9564.828,-8508.0
8153,26040.526,16650.0,13273.0,10810.131,-9234.0
8154,26475.12,16618.0,13316.0,11140.725,-9413.0
8155,26140.501,16331.0,13036.0,10930.106,-9296.0
8156,25536.48,15351.0,12326.0,10895.085,-8997.0
8157,25068.888,14349.0,11417.0,10394.493,-9123.0
8158,24038.313,13052.0,9686.0,9401.918,-8651.0
8159,22295.959,12616.0,8967.0,7858.564,-8169.0
8160,20984.734,12475.0,8878.0,7360.339,-7408.0
8161,20500.213,12025.0,8288.0,7136.818,-7007.0
8162,20269.253,12169.0,8110.0,6654.858,-6936.0
8163,20091.422,12456.0,8344.0,6485.027,-6875.0
8164,20915.517,13322.0,9060.0,7057.122,-6977.0
8165,22700.758,14569.0,9933.0,7834.364,-7611.0
8166,24680.705,16254.0,10875.0,8429.31,-8253.0
8167,26926.84,18067.0,11064.0,8636.445,-8668.0
8168,27220.545,18802.0,10309.0,8693.15,-7415.0
8169,27038.559,19280.0,8902.0,7804.164,-6237.0
8170,25416.989,19067.0,8256.0,6773.594,-5213.0
8171,24401.484,19190.0,8179.0,6127.089,-4644.0
8172,23841.88,18880.0,8154.0,6142.485,-4354.0
8173,23747.757,18085.0,8182.0,6360.362,-4865.0
8174,22745.902,17319.0,9961.0,7204.507,-5564.0
8175,23713.465,16746.0,11549.0,8987.07,-6910.0
8176,26376.535,19026.0,14199.0,10759.14,-8171.0
8177,28023.771,19442.0,14660.0,12081.376,-8541.0
8178,27878.722,19215.0,14750.0,12255.327,-8539.0
8179,27529.99,18426.0,14017.0,12301.595,-8200.0
8180,26706.543,17638.0,13328.0,11610.148,-8167.0
8181,25558.24,15939.0,11880.0,10829.845,-8050.0
8182,23895.992,14313.0,10606.0,9595.597,-7974.0
8183,22385.099,12917.0,9308.0,8604.704,-7552.0
8184,21153.363,12103.0,8707.0,7573.968,-7564.0
8185,20091.608,11679.0,8736.0,6883.213,-7646.0
8186,19727.041,11386.0,8659.0,6875.646,-7505.0
8187,19866.506,11433.0,8693.0,6866.111,-7641.0
8188,20957.101,12739.0,9308.0,7092.706,-7814.0
8189,22296.159,14635.0,10707.0,7970.764,-7778.0
8190,24314.336,15773.0,11630.0,9265.941,-8286.0
8191,26875.935,16501.0,10341.0,9668.54,-8428.0
8192,26108.178,17837.0,10091.0,8321.783,-7421.0
8193,24943.719,18118.0,9807.0,8257.324,-5756.0
8194,24614.951,17637.0,9301.0,8340.556,-5319.0
8195,24058.121,18147.0,9452.0,7707.726,-5036.0
8196,23244.56,17175.0,9586.0,7870.165,-5166.0
8197,24279.752,17327.0,9341.0,7862.357,-5812.0
8198,24460.743,17243.0,10762.0,8691.348,-6669.0
8199,24169.533,16512.0,12417.0,9813.138,-7642.0
8200,26565.965,18402.0,14482.0,11379.57,-8647.0
8201,28220.307,18960.0,15011.0,12681.912,-8970.0
8202,28262.511,18178.0,14250.0,12488.116,-9227.0
8203,27824.999,17783.0,14016.0,12247.604,-9191.0
8204,26967.117,16899.0,13362.0,11914.722,-8896.0
8205,25822.835,15735.0,12470.0,11263.44,-8675.0
8206,24667.985,13464.0,10101.0,10245.59,-8440.0
8207,23088.255,12534.0,9653.0,9183.86,-8404.0
8208,21946.196,11285.0,8534.0,8205.801,-8370.0
8209,21024.366,10398.0,7751.0,6911.971,-8846.0
8210,20665.407,10126.0,7568.0,6223.012,-9265.0
8211,20967.736,10460.0,7765.0,6418.341,-9235.0
8212,21584.414,11936.0,8921.0,6755.019,-9195.0
8213,23113.755,13622.0,10185.0,8052.36,-9005.0
8214,24858.101,15217.0,11452.0,9099.706,-9374.0
8215,27340.403,16436.0,10471.0,9573.008,-9183.0
8216,27517.143,17147.0,8333.0,7949.748,-8134.0
8217,25824.852,17070.0,7770.0,6890.457,-7015.0
8218,24030.091,16826.0,7701.0,6411.696,-5874.0
8219,23565.93,16309.0,7379.0,6332.535,-5684.0
8220,23763.489,16457.0,7835.0,6374.094,-6148.0
8221,24096.587,16584.0,8080.0,6518.192,-6455.0
8222,22793.225,15530.0,9159.0,7085.83,-6717.0
8223,23816.438,15575.0,11933.0,8776.043,-8779.0
8224,26403.948,18123.0,14409.0,10923.553,-9147.0
8225,28073.15,18479.0,14610.0,12420.755,-9164.0
8226,28110.749,17988.0,14071.0,12037.354,-9537.0
8227,27998.723,17645.0,13758.0,11937.328,-9555.0
8228,26739.091,16359.0,12679.0,11216.696,-9223.0
8229,25809.403,15341.0,11999.0,10682.008,-9166.0
8230,24619.849,13259.0,10233.0,9790.454,-9184.0
8231,23353.114,11856.0,8783.0,8393.719,-9267.0
8232,22148.159,11255.0,7789.0,7012.764,-9050.0
8233,20930.776,10829.0,7594.0,6290.381,-8786.0
8234,20767.931,10628.0,7536.0,6147.536,-8909.0
8235,20722.965,11084.0,7959.0,6098.57,-8880.0
8236,21640.995,12598.0,8926.0,6756.6,-8593.0
8237,23446.084,14452.0,10002.0,8054.69,-8322.0
8238,25286.239,15978.0,11256.0,9128.844,-8816.0
8239,27893.1,17535.0,10035.0,9409.705,-8364.0
8240,26702.406,17802.0,9091.0,8141.011,-7231.0
8241,24808.613,17469.0,8269.0,7083.218,-5906.0
8242,25175.077,17888.0,6718.0,6344.682,-5041.0
8243,23457.164,17429.0,6740.0,5425.769,-4723.0
8244,24185.007,18493.0,6317.0,5354.612,-4035.0
8245,23677.664,18737.0,6782.0,5265.269,-3838.0
8246,23626.344,18596.0,7190.0,5821.949,-3779.0
8247,22705.683,16931.0,9651.0,6696.288,-6110.0
8248,26629.198,19055.0,12353.0,9262.803,-8045.0
8249,28748.297,19555.0,12531.0,10689.902,-8415.0
8250,28580.883,19038.0,12125.0,10336.488,-8712.0
8251,28063.932,18555.0,11790.0,9833.537,-8846.0
8252,27089.719,17601.0,11395.0,9765.324,-8499.0
8253,26181.766,16148.0,10396.0,9190.371,-8620.0
8254,24767.055,14064.0,8790.0,8237.66,-8636.0
8255,23394.144,13147.0,7728.0,6742.749,-8613.0
8256,21492.616,12096.0,7385.0,5963.221,-8199.0
8257,20917.685,11426.0,7574.0,6065.29,-8381.0
8258,20788.951,11192.0,7427.0,5912.556,-8492.0
8259,20846.032,11529.0,7762.0,6115.637,-8344.0
8260,21876.096,12712.0,8519.0,6935.701,-8128.0
8261,23581.188,14578.0,9652.0,7601.793,-8434.0
8262,25353.857,16241.0,10480.0,8310.462,-8663.0
8263,27550.022,17648.0,9544.0,8506.627,-8320.0
8264,26610.456,18582.0,9231.0,7760.061,-6880.0
8265,26183.996,18853.0,9023.0,7594.601,-6140.0
8266,25208.871,18701.0,8899.0,7352.476,-5435.0
8267,25116.08,18047.0,8062.0,6813.685,-5698.0
8268,25336.881,18205.0,7584.0,6393.486,-5703.0
8269,24301.887,17466.0,7306.0,5998.492,-5524.0
8270,23915.482,16991.0,8026.0,6013.087,-6318.0
8271,23947.888,16683.0,10463.0,7384.493,-7724.0
8272,26817.1,19053.0,13248.0,10007.705,-8385.0
8273,28078.223,19136.0,13199.0,10849.828,-8672.0
8274,28222.702,18576.0,12777.0,10584.307,-9220.0
8275,27699.289,17904.0,12341.0,10122.894,-9394.0
8276,26852.335,17210.0,11958.0,9880.94,-9100.0
8277,25850.531,15697.0,11159.0,9638.136,-9055.0
8278,24952.749,14409.0,10356.0,9278.354,-9002.0
8279,23570.56,12863.0,9145.0,8444.165,-8789.0
8280,22549.064,11972.0,8310.0,7590.669,-8677.0
8281,21691.019,11326.0,7517.0,6636.624,-8626.0
8282,20774.656,10961.0,7180.0,5864.261,-8510.0
8283,20573.48,10845.0,6976.0,5696.085,-8389.0
8284,21138.364,11513.0,7033.0,5681.969,-8357.0
8285,21793.409,12339.0,7067.0,5789.014,-8113.0
8286,22486.171,13418.0,7601.0,5816.776,-8233.0
8287,23112.654,14231.0,7629.0,6024.259,-7867.0
8288,24895.234,15755.0,6958.0,5969.84,-7509.0
8289,24509.951,16926.0,7309.0,6048.556,-6225.0
8290,24430.061,17068.0,6666.0,6050.666,-5358.0
8291,24167.316,16851.0,6090.0,5604.921,-5182.0
8292,23828.646,17299.0,6241.0,5198.251,-4953.0
8293,23225.637,17189.0,6914.0,5591.242,-4740.0
8294,22343.089,16067.0,7346.0,5989.694,-5013.0
8295,22044.599,14847.0,9694.0,6792.204,-7480.0
8296,25368.889,18144.0,13789.0,9984.494,-8410.0
8297,26525.053,18294.0,14247.0,11623.658,-8235.0
8298,26801.762,16935.0,13266.0,11444.367,-9069.0
8299,26569.99,16373.0,12867.0,10881.595,-9563.0
8300,26162.84,16285.0,12663.0,10585.445,-9336.0
8301,25490.892,14851.0,11339.0,10328.497,-9031.0
8302,24354.832,13508.0,10213.0,9397.437,-9043.0
8303,22722.522,12227.0,9127.0,8263.127,-8740.0
8304,21841.813,11511.0,8559.0,7702.418,-8568.0
8305,21085.696,10959.0,7875.0,6964.301,-8418.0
8306,20288.278,10695.0,7692.0,6130.883,-8535.0
8307,19952.882,10669.0,7752.0,6174.487,-8242.0
8308,20170.15,10862.0,7870.0,6238.755,-8320.0
8309,20777.049,11298.0,8022.0,6403.654,-8478.0
8310,21669.874,11935.0,8081.0,6566.479,-8630.0
8311,23723.481,14388.0,7678.0,6661.086,-7733.0
8312,22456.524,15721.0,9130.0,6774.129,-6472.0
8313,22096.917,15455.0,9129.0,7425.522,-5726.0
8314,23076.393,16918.0,9163.0,7556.998,-5145.0
8315,22931.418,16710.0,8238.0,7441.023,-4399.0
8316,21573.648,16370.0,9461.0,6999.253,-5046.0
8317,21663.231,16254.0,9818.0,7878.836,-4729.0
8318,21513.939,15018.0,10296.0,8608.544,-5564.0
8319,23176.285,15207.0,11811.0,9318.89,-7842.0
8320,25467.736,17812.0,13818.0,11052.341,-7802.0
8321,26679.843,18282.0,14053.0,11689.448,-8142.0
8322,27149.407,17854.0,13096.0,11538.012,-8234.0
8323,26421.535,17127.0,12259.0,10668.14,-8266.0
8324,25933.923,16411.0,11548.0,10210.528,-8241.0
8325,25130.142,15134.0,10341.0,9545.747,-8172.0
8326,23931.246,13858.0,8976.0,8547.851,-7882.0
8327,22180.036,12682.0,8073.0,7623.641,-7328.0
8328,21073.343,11948.0,7566.0,6686.948,-7385.0
8329,20181.779,11441.0,7468.0,6147.384,-7442.0
8330,20208.334,11637.0,7442.0,6061.939,-7332.0
8331,20007.491,11548.0,7420.0,5915.096,-7345.0
8332,21505.315,13261.0,8363.0,6305.92,-7682.0
8333,22869.723,14693.0,9129.0,7313.329,-7373.0
8334,24784.642,16539.0,10646.0,8345.247,-7927.0
8335,27913.102,18660.0,9978.0,8933.707,-7678.0
8336,27586.525,19938.0,8665.0,7723.13,-5971.0
8337,25885.519,19978.0,7858.0,6612.124,-4534.0
8338,24426.31,19605.0,7775.0,6107.915,-3869.0
8339,24251.469,19401.0,7190.0,5954.074,-3467.0
8340,23939.439,19571.0,7260.0,5519.044,-3490.0
8341,23016.872,19034.0,7536.0,5785.477,-3114.0
8342,23590.97,18612.0,7934.0,6219.575,-4074.0
8343,22225.056,16837.0,10498.0,7642.661,-5624.0
8344,26391.635,19450.0,13789.0,10062.24,-8049.0
8345,28086.455,20218.0,14788.0,11613.06,-8424.0
8346,28688.314,19170.0,14020.0,12225.919,-8693.0
8347,28196.309,18533.0,13631.0,11463.914,-9211.0
8348,27482.422,17929.0,13528.0,11189.027,-9273.0
8349,26720.963,16161.0,12061.0,11071.568,-8930.0
8350,24790.117,14577.0,10717.0,9809.722,-8501.0
8351,23248.682,12706.0,9630.0,9111.287,-8442.0
8352,22490.381,12061.0,8711.0,7787.986,-8733.0
8353,21341.69,11636.0,8417.0,7259.295,-8244.0
8354,20852.897,11173.0,8404.0,7118.502,-8346.0
8355,20988.97,11174.0,8707.0,7187.575,-8715.0
8356,22468.107,12840.0,9859.0,7946.712,-8921.0
8357,24072.909,14924.0,11389.0,9304.514,-8614.0
8358,26404.234,16637.0,12217.0,10607.839,-8757.0
8359,29056.425,17953.0,10612.0,10450.03,-8646.0
8360,28316.075,18150.0,8630.0,8668.68,-7508.0
8361,26099.386,18274.0,8060.0,7038.991,-6227.0
8362,24772.694,17948.0,7741.0,6529.299,-5417.0
8363,24053.422,17492.0,7333.0,6020.027,-5255.0
8364,24203.397,17624.0,7330.0,5874.002,-5416.0
8365,24039.994,17467.0,7581.0,6082.599,-5452.0
8366,23535.53,16912.0,8321.0,6673.135,-5652.0
8367,23352.874,16153.0,11145.0,8180.479,-7545.0
8368,26442.312,18571.0,14704.0,10806.917,-9149.0
8369,28949.616,19670.0,15826.0,13287.221,-9199.0
8370,28976.441,18762.0,15119.0,13291.046,-9423.0
8371,28495.884,18347.0,14854.0,13124.489,-9259.0
8372,27570.123,17278.0,14173.0,12621.728,-9224.0
8373,26854.701,16098.0,13225.0,12016.306,-9346.0
8374,24977.268,14081.0,11479.0,10994.873,-8761.0
8375,23463.832,13340.0,10793.0,9580.437,-8717.0
8376,22446.667,12521.0,10040.0,8899.272,-8447.0
8377,21856.796,11842.0,9494.0,8480.401,-8409.0
8378,21462.946,11820.0,9387.0,7951.551,-8459.0
8379,21441.716,12122.0,9554.0,7883.321,-8371.0
8380,22483.017,13313.0,10174.0,8361.622,-8363.0
8381,24071.746,15710.0,11982.0,9538.351,-8186.0
8382,26067.626,17559.0,13420.0,11453.231,-7856.0
8383,29192.99,19182.0,12079.0,11662.595,-7808.0
8384,28617.706,19092.0,9354.0,9689.311,-6571.0
8385,25664.283,18557.0,8761.0,7497.888,-5751.0
8386,24257.396,17886.0,8349.0,7020.001,-5081.0
8387,23750.581,17297.0,7627.0,6619.186,-4842.0
8388,23924.289,17305.0,7182.0,6189.894,-4992.0
8389,23256.913,17485.0,7841.0,6029.518,-4964.0
8390,23310.81,17066.0,9432.0,7260.416,-5797.0
8391,23674.101,17060.0,12844.0,9822.706,-7016.0
8392,26267.275,19695.0,16144.0,12276.88,-7820.0
8393,28072.797,20440.0,16666.0,13477.402,-8202.0
8394,28548.846,19902.0,16142.0,13787.451,-8382.0
8395,27846.644,18932.0,15454.0,13207.249,-8542.0
8396,27249.104,17847.0,14777.0,12908.709,-8651.0
8397,26823.508,16470.0,13375.0,12336.113,-8773.0
8398,24803.981,14649.0,12031.0,10828.586,-8738.0
8399,23893.921,13628.0,10828.0,9800.526,-8674.0
8400,22298.092,12646.0,9841.0,8556.697,-8317.0
8401,21425.676,11562.0,8964.0,7861.281,-8347.0
8402,21239.399,11402.0,8739.0,7696.004,-8261.0
8403,21247.271,11764.0,8882.0,7455.876,-8290.0
8404,21993.077,12765.0,9203.0,7773.682,-8038.0
8405,23281.503,14553.0,9673.0,8034.108,-7748.0
8406,24438.99,15449.0,10219.0,8444.595,-8145.0
8407,26454.556,16485.0,10422.0,9081.161,-8691.0
8408,28474.45,17598.0,8464.0,8516.055,-8205.0
8409,26491.427,17200.0,7331.0,7090.032,-6913.0
8410,25863.708,17795.0,6873.0,5903.313,-6419.0
8411,24130.868,17984.0,7256.0,5976.473,-4807.0
8412,23937.439,17899.0,7301.0,5975.044,-4745.0
8413,23426.614,17431.0,7442.0,6082.219,-4736.0
8414,23756.553,16571.0,8115.0,6467.158,-6214.0
8415,23907.634,15602.0,9602.0,7272.239,-8016.0
8416,26112.797,17617.0,12515.0,9292.402,-9099.0
8417,29115.922,18100.0,12536.0,10978.527,-9954.0
8418,29475.151,17477.0,10781.0,10147.756,-10012.0
8419,28382.364,16983.0,10524.0,9228.969,-10075.0
8420,27559.91,16194.0,9968.0,8957.515,-9757.0
8421,26457.784,14602.0,9423.0,8714.389,-9945.0
8422,25315.109,13202.0,8481.0,7995.714,-9979.0
8423,23564.762,11990.0,7335.0,6895.367,-9395.0
8424,22854.918,11635.0,7113.0,6409.523,-9304.0
8425,21941.644,11294.0,6837.0,5998.249,-8867.0
8426,21213.401,10842.0,6734.0,5745.006,-8741.0
8427,21260.233,11208.0,7746.0,5975.838,-9203.0
8428,22137.883,12333.0,8641.0,7095.488,-8731.0
8429,23561.545,13536.0,9714.0,7958.15,-9162.0
8430,25977.262,15222.0,10764.0,9268.867,-9631.0
8431,28819.494,17058.0,9414.0,9364.099,-9192.0
8432,28054.641,17195.0,6824.0,7114.246,-7950.0
8433,25940.853,17432.0,6490.0,5570.458,-6809.0
8434,24482.122,17071.0,6188.0,5403.727,-5576.0
8435,23779.568,17307.0,6382.0,5248.173,-4987.0
8436,23359.154,18032.0,6949.0,5482.759,-4174.0
8437,22905.077,17552.0,6998.0,5969.682,-3762.0
8438,22473.485,16666.0,7584.0,6036.09,-4736.0
8439,22029.215,15317.0,10510.0,7375.82,-7227.0
8440,25581.433,17119.0,13607.0,10347.038,-9103.0
8441,28084.991,18351.0,14684.0,12056.596,-9742.0
8442,28179.626,17604.0,14183.0,12477.231,-9662.0
8443,28062.281,16721.0,13215.0,11876.886,-10060.0
8444,27163.758,16042.0,12919.0,11382.363,-10039.0
8445,26868.479,15464.0,12362.0,11118.084,-10029.0
8446,25661.834,13171.0,10147.0,10412.439,-9606.0
8447,24032.573,11548.0,8901.0,8809.178,-9957.0
8448,22975.326,11004.0,8480.0,7517.931,-10314.0
8449,22212.947,10482.0,7978.0,7125.552,-9964.0
8450,21566.006,10074.0,7550.0,6604.611,-9818.0
8451,21311.349,10172.0,7660.0,6341.954,-9838.0
8452,21573.772,10982.0,8401.0,6807.377,-9566.0
8453,22438.786,11815.0,8939.0,7469.391,-9474.0
8454,23524.515,13028.0,9633.0,7992.121,-9518.0
8455,26144.13,14360.0,7522.0,7714.735,-8972.0
8456,25635.08,15802.0,5789.0,5952.685,-7050.0
8457,23360.735,15625.0,4737.0,4445.34,-5408.0
8458,21643.695,15365.0,4634.0,3613.3,-4680.0
8459,20999.192,15321.0,4674.0,3523.797,-4209.0
8460,20593.83,15529.0,4849.0,3567.435,-3727.0
8461,20258.375,15822.0,5560.0,3892.98,-3484.0
8462,19044.628,15155.0,7189.0,4849.233,-3610.0
8463,19679.472,14896.0,10536.0,7116.077,-5584.0
8464,23767.883,16305.0,12860.0,9521.488,-8182.0
8465,26916.446,17292.0,13350.0,10859.051,-9496.0
8466,26666.45,16394.0,12882.0,10979.055,-9556.0
8467,26431.668,15640.0,12371.0,10590.273,-9953.0
8468,26027.568,15077.0,12170.0,10142.173,-10359.0
8469,25574.058,14233.0,11522.0,9989.664,-10254.0
8470,24476.937,12457.0,10079.0,9437.542,-10042.0
8471,23419.448,11232.0,8555.0,7888.053,-10235.0
8472,22521.099,10195.0,7598.0,6814.704,-10490.0
8473,21718.144,9506.0,6974.0,5979.749,-10587.0
8474,21360.467,9521.0,6910.0,5635.072,-10495.0
8475,21055.376,9416.0,6919.0,5566.981,-10372.0
8476,21181.12,9740.0,7202.0,5656.725,-10367.0
8477,21943.732,11463.0,8718.0,6371.337,-10208.0
8478,22291.54,11623.0,8203.0,6949.145,-9303.0
8479,24986.71,12904.0,6509.0,6622.315,-9350.0
8480,24816.484,14522.0,4433.0,4729.089,-7379.0
8481,22332.567,15242.0,4287.0,3277.172,-5481.0
8482,20959.624,14938.0,4078.0,3119.229,-4361.0
8483,20738.438,15065.0,4170.0,3088.043,-4136.0
8484,20502.623,15369.0,4421.0,3028.228,-3907.0
8485,20331.72,16010.0,5446.0,3741.325,-3407.0
8486,20415.108,15578.0,6280.0,4776.713,-3721.0
8487,19948.537,13889.0,9073.0,6330.142,-6183.0
8488,24190.977,15392.0,11767.0,8802.582,-9144.0
8489,26566.481,16195.0,12686.0,10362.086,-10076.0
8490,27046.48,15767.0,12365.0,10735.085,-10290.0
8491,26599.98,15234.0,12084.0,10511.585,-10319.0
8492,25802.794,14133.0,11486.0,10338.399,-10198.0
8493,25511.44,13016.0,10386.0,9801.045,-10461.0
8494,23959.299,11703.0,9388.0,8883.904,-10141.0
8495,22744.314,10985.0,8539.0,7769.919,-9909.0
8496,21544.327,10379.0,8046.0,7349.932,-9242.0
8497,20788.916,10040.0,7821.0,6838.521,-9112.0
8498,20389.646,10237.0,8136.0,6822.251,-8847.0
8499,20538.268,10923.0,8777.0,7042.873,-8730.0
8500,21539.118,11936.0,9431.0,7846.723,-8568.0
8501,23302.778,13764.0,10493.0,8695.383,-8717.0
8502,24932.551,14961.0,11166.0,9544.156,-8974.0
8503,27523.182,16281.0,9666.0,9447.787,-8841.0
8504,27898.692,17309.0,7656.0,7968.297,-7658.0
8505,25773.456,16821.0,6730.0,6335.061,-6728.0
8506,24781.338,16365.0,6266.0,5616.943,-6446.0
8507,24181.887,16138.0,6127.0,5211.492,-6340.0
8508,24274.081,16409.0,5986.0,4976.686,-6255.0
8509,23926.904,16414.0,6405.0,5275.509,-6023.0
8510,23582.747,16304.0,7509.0,5785.352,-6383.0
8511,22487.448,15586.0,11243.0,7654.053,-7871.0
8512,26391.608,17018.0,13258.0,10642.213,-9370.0
8513,28315.521,17880.0,14004.0,11492.126,-10328.0
8514,28224.823,17300.0,13403.0,11565.428,-10143.0
8515,27777.675,16576.0,12716.0,11104.28,-10194.0
8516,26844.981,15326.0,11958.0,10713.586,-10144.0
8517,26619.419,13835.0,10107.0,10173.024,-10099.0
8518,25028.452,12477.0,8897.0,8694.057,-10135.0
8519,23227.916,11585.0,8164.0,7500.522,-9687.0
8520,22196.886,10398.0,7264.0,6881.491,-9562.0
8521,21625.394,10154.0,6864.0,6027.999,-9688.0
8522,21169.918,9798.0,6533.0,5740.523,-9545.0
8523,21382.69,10197.0,6388.0,5464.295,-9490.0
8524,21799.939,11033.0,6629.0,5400.544,-9376.0
8525,23535.568,13006.0,7780.0,6079.173,-9611.0
8526,24798.332,14362.0,9088.0,7235.937,-9669.0
8527,26925.865,15281.0,8187.0,7728.47,-9484.0
8528,27380.248,16885.0,7495.0,6962.853,-8408.0
8529,25750.479,16032.0,5684.0,5641.084,-7142.0
8530,24486.314,15311.0,5113.0,4393.919,-7275.0
8531,24345.651,15291.0,4545.0,3950.256,-7030.0
8532,23868.232,16145.0,4781.0,3598.837,-6286.0
8533,23074.636,16687.0,5730.0,4225.241,-5273.0
8534,23554.259,16675.0,6619.0,5255.864,-5623.0
8535,23432.138,15567.0,8662.0,6487.743,-7420.0
8536,26803.842,17759.0,11107.0,8715.447,-8817.0
8537,28533.475,18287.0,11653.0,9714.08,-9566.0
8538,28599.716,18286.0,11697.0,9763.321,-9628.0
8539,28086.335,17540.0,11017.0,9740.94,-9203.0
8540,27004.2,16747.0,11085.0,9397.805,-9325.0
8541,26641.946,15704.0,10232.0,9486.551,-9064.0
8542,24964.554,13997.0,9192.0,8921.159,-8619.0
8543,23116.654,12979.0,9150.0,8011.259,-8657.0
8544,22256.533,11875.0,8481.0,7794.138,-8449.0
8545,21361.7,11329.0,8440.0,7157.305,-8696.0
8546,21231.472,11255.0,8493.0,7070.077,-8780.0
8547,21359.547,11794.0,8599.0,7023.152,-8522.0
8548,22035.328,13203.0,9657.0,7635.933,-8234.0
8549,23370.456,14454.0,10212.0,8555.061,-7954.0
8550,24657.54,15270.0,11017.0,9201.145,-8584.0
8551,27028.754,16326.0,10411.0,9726.359,-8768.0
8552,28421.178,17841.0,8478.0,8732.783,-7706.0
8553,26632.291,17932.0,7356.0,6760.896,-6676.0
8554,25404.913,18020.0,7071.0,6095.518,-5741.0
8555,24580.511,17704.0,6951.0,5754.116,-5454.0
8556,23982.693,18213.0,7344.0,5645.298,-4849.0
8557,23270.611,17958.0,7643.0,6110.216,-4226.0
8558,22300.857,16161.0,8359.0,6552.462,-5327.0
8559,22990.782,15874.0,11458.0,8114.387,-7841.0
8560,26753.301,18284.0,13730.0,10974.906,-8605.0
8561,28648.735,18727.0,14183.0,12265.341,-9220.0
8562,28371.9,17837.0,13968.0,12232.505,-9651.0
8563,28368.972,17425.0,13558.0,12172.577,-9710.0
8564,27035.685,16347.0,13156.0,11648.29,-9577.0
8565,26846.518,15659.0,12537.0,11334.123,-9771.0
8566,25361.912,13586.0,10688.0,10641.517,-9203.0
8567,23890.305,12721.0,9910.0,9082.91,-9377.0
8568,22443.733,11691.0,8904.0,8359.338,-8678.0
8569,21618.685,11263.0,8572.0,7430.29,-8878.0
8570,21161.415,10915.0,8140.0,6954.02,-8813.0
8571,21062.203,11290.0,8380.0,6808.808,-8724.0
8572,21127.43,11868.0,9007.0,7113.035,-8534.0
8573,21965.441,12400.0,9314.0,7692.046,-8568.0
8574,23232.68,13153.0,9894.0,8001.285,-9353.0
8575,24201.193,13773.0,9994.0,8377.798,-9425.0
8576,25385.244,15020.0,10045.0,8528.849,-9262.0
8577,25532.044,15586.0,9972.0,8500.649,-8798.0
8578,24882.291,15432.0,9930.0,8479.896,-8281.0
8579,24126.261,15089.0,9623.0,8204.866,-7836.0
8580,23643.698,14638.0,8931.0,7996.303,-7321.0
8581,23302.746,14923.0,9110.0,7541.351,-7329.0
8582,22615.449,13922.0,9556.0,7886.054,-7744.0
8583,23773.456,14219.0,10600.0,8557.061,-8978.0
8584,25310.396,15752.0,12528.0,9962.001,-9505.0
8585,27186.069,15931.0,12584.0,10889.674,-10330.0
8586,26692.436,14920.0,11765.0,10542.041,-10376.0
8587,26155.645,14506.0,11432.0,9986.25,-10476.0
8588,25172.36,14246.0,11413.0,9651.965,-10068.0
8589,24713.693,13713.0,11160.0,9683.298,-9858.0
8590,23867.156,12481.0,9990.0,9332.762,-9424.0
8591,22579.796,11641.0,9226.0,8381.401,-9164.0
8592,21403.807,10984.0,8750.0,7676.412,-8874.0
8593,20748.242,10310.0,8299.0,7286.847,-8831.0
8594,20310.773,9854.0,7828.0,6836.378,-8829.0
8595,20206.146,9931.0,7754.0,6535.751,-8874.0
8596,20247.494,9998.0,7762.0,6582.099,-8810.0
8597,20846.288,10175.0,7811.0,6627.893,-9235.0
8598,21897.904,10678.0,7880.0,6683.509,-9797.0
8599,24460.743,12868.0,6306.0,6317.348,-8962.0
8600,23417.709,14286.0,4942.0,4967.314,-6487.0
8601,21947.49,14146.0,4423.0,3720.095,-5885.0
8602,21401.843,15349.0,4355.0,3112.448,-4676.0
8603,20458.424,15259.0,4437.0,3199.029,-3818.0
8604,20350.597,15134.0,4576.0,3308.202,-3865.0
8605,20676.656,15066.0,4785.0,3555.261,-4221.0
8606,20421.895,14435.0,5211.0,3704.5,-4874.0
8607,19610.725,12712.0,7794.0,5170.33,-6903.0
8608,22925.333,13760.0,10129.0,7725.938,-8949.0
8609,25347.081,14020.0,9843.0,8417.686,-10133.0
8610,24719.481,13385.0,9636.0,8110.086,-10241.0
8611,24616.214,13297.0,9321.0,7815.819,-10205.0
8612,24168.154,12845.0,8595.0,7380.759,-9918.0
8613,23416.245,12205.0,8289.0,7003.85,-9877.0
8614,22884.099,11277.0,7076.0,6682.704,-9381.0
8615,21276.57,10734.0,6685.0,5805.175,-8803.0
8616,20628.431,10076.0,5989.0,5518.036,-8404.0
8617,19716.123,9369.0,5747.0,5011.728,-8463.0
8618,19542.321,8547.0,5257.0,4758.926,-8874.0
8619,19229.698,8691.0,5490.0,4313.303,-9096.0
8620,19777.663,9134.0,5481.0,4405.268,-9100.0
8621,20167.444,9336.0,5511.0,4425.049,-9298.0
8622,21538.324,10375.0,5571.0,4387.929,-9727.0
8623,23255.479,12464.0,4761.0,4217.084,-8716.0
8624,22754.153,15386.0,4555.0,3572.758,-5731.0
8625,21707.476,15754.0,4072.0,3442.081,-3964.0
8626,20676.089,16599.0,4057.0,2963.694,-2551.0
8627,19316.789,16014.0,4141.0,2979.395,-1845.0
8628,19234.36,15641.0,4428.0,3133.965,-2268.0
8629,19266.959,15557.0,4811.0,3375.564,-2526.0
8630,18812.083,14671.0,5176.0,3617.688,-3080.0
8631,19538.554,12363.0,5666.0,4168.159,-6054.0
8632,22884.591,13816.0,7907.0,5086.197,-9270.0
8633,25398.592,14298.0,8638.0,6436.197,-10683.0
8634,25832.256,13894.0,8443.0,6790.861,-10971.0
8635,25604.27,13805.0,8358.0,6729.875,-10808.0
8636,24985.674,13295.0,8070.0,6669.279,-10472.0
8637,23864.59,12407.0,8205.0,6487.195,-10556.0
8638,22916.99,11371.0,7933.0,6644.595,-10215.0
8639,21658.984,10515.0,7696.0,6333.589,-9887.0
8640,20898.825,9556.0,6949.0,6138.43,-9534.0
8641,20410.347,8905.0,6375.0,5363.952,-9897.0
8642,19490.701,8820.0,6436.0,4773.306,-9714.0
8643,19273.774,8873.0,6445.0,4719.379,-9507.0
8644,19185.355,9101.0,6719.0,4900.96,-9283.0
8645,19833.744,9283.0,6631.0,5225.349,-9337.0
8646,20745.443,9940.0,7195.0,5674.048,-9707.0
8647,21821.349,10628.0,6634.0,5458.954,-9749.0
8648,22192.478,11978.0,6550.0,5130.083,-9015.0
8649,22249.075,12778.0,6063.0,4960.68,-7954.0
8650,22066.568,13566.0,5311.0,4478.173,-6714.0
8651,20536.292,13937.0,5569.0,4193.897,-5355.0
8652,19896.202,13518.0,5427.0,4343.807,-4842.0
8653,19846.939,14429.0,6036.0,4322.544,-4512.0
8654,18941.718,13606.0,6476.0,4888.323,-4304.0
8655,19748.345,12103.0,7961.0,5601.95,-7385.0
8656,23577.076,14031.0,10751.0,7881.681,-9796.0
8657,26132.999,15133.0,11193.0,9056.604,-10517.0
8658,26052.733,14759.0,11089.0,9156.338,-10607.0
8659,26331.745,14668.0,10825.0,9109.35,-10760.0
8660,25543.656,14369.0,10300.0,8742.261,-10113.0
8661,24554.868,13584.0,9567.0,8298.473,-9620.0
8662,23242.016,12751.0,9264.0,7894.621,-9241.0
8663,22072.463,11382.0,8024.0,7404.068,-8691.0
8664,21040.648,10774.0,7510.0,6801.253,-8356.0
8665,19995.507,10611.0,7504.0,6201.112,-8068.0
8666,19926.097,10618.0,7494.0,6314.702,-7868.0
8667,19629.085,11105.0,8095.0,6270.69,-7729.0
8668,20306.056,11822.0,8754.0,7023.661,-7595.0
8669,21570.257,12578.0,9175.0,7532.862,-8015.0
8670,22894.654,13923.0,10385.0,7997.259,-8740.0
8671,24805.691,15291.0,10572.0,8736.296,-8731.0
8672,26351.572,16827.0,9548.0,8441.177,-8012.0
8673,24472.975,17463.0,9655.0,7834.58,-6211.0
8674,24355.012,16976.0,8754.0,7729.617,-5784.0
8675,24006.173,16968.0,8974.0,7191.778,-6201.0
8676,23669.473,16777.0,9122.0,7351.078,-6044.0
8677,24328.941,16907.0,9404.0,7659.546,-6547.0
8678,24345.357,16398.0,10208.0,8528.962,-7007.0
8679,24815.862,16218.0,11500.0,9379.467,-8099.0
8680,26515.974,17721.0,13417.0,10641.579,-8951.0
8681,28288.961,18516.0,14122.0,11752.566,-9523.0
8682,28313.721,18116.0,13992.0,11914.326,-9656.0
8683,28082.58,17468.0,13335.0,11687.186,-9643.0
8684,26736.129,16381.0,12897.0,11320.734,-9312.0
8685,26305.641,14900.0,11389.0,10801.246,-9374.0
8686,24739.989,13243.0,10143.0,9795.594,-9225.0
8687,23197.031,12192.0,9423.0,8536.636,-9272.0
8688,21925.078,12113.0,9666.0,7820.683,-9038.0
8689,21553.493,11883.0,8917.0,7701.098,-8267.0
8690,20399.066,11650.0,8954.0,7240.671,-7843.0
8691,20522.061,11925.0,9241.0,7424.666,-7794.0
8692,21381.211,12310.0,9250.0,7828.816,-7873.0
8693,22846.466,13505.0,9943.0,8211.071,-8454.0
8694,24310.953,14899.0,10870.0,8798.558,-8864.0
8695,26591.456,16241.0,10140.0,9210.061,-8661.0
8696,27001.876,18138.0,8288.0,7997.481,-6535.0
8697,24739.321,17957.0,6710.0,6409.926,-4463.0
8698,22599.478,17545.0,6792.0,5488.083,-3739.0
8699,22152.696,17091.0,6585.0,5663.301,-3364.0
8700,22359.628,17947.0,6730.0,5410.233,-3113.0
8701,21979.17,18234.0,6617.0,5379.775,-2363.0
8702,21230.907,17699.0,7109.0,5489.512,-2532.0
8703,20945.156,16249.0,9687.0,6532.761,-5231.0
8704,24069.748,17458.0,13053.0,9516.353,-7529.0
8705,26475.167,18020.0,14022.0,10831.772,-9026.0
8706,27429.945,17827.0,13988.0,11691.55,-9280.0
8707,27162.867,17134.0,13348.0,11519.472,-9238.0
8708,26333.627,16006.0,12657.0,10851.232,-9514.0
8709,26109.532,15329.0,11990.0,10403.137,-9748.0
8710,24504.956,13762.0,10733.0,9760.561,-9096.0
8711,22948.642,12305.0,9856.0,8773.247,-9107.0
8712,22297.081,11564.0,9084.0,7931.686,-9266.0
8713,21403.743,11102.0,8580.0,7087.348,-9175.0
8714,20792.46,10852.0,8400.0,6662.065,-9059.0
8715,20947.249,11450.0,8964.0,6785.854,-9056.0
8716,21760.167,12507.0,9477.0,7292.772,-8818.0
8717,22808.531,13906.0,10581.0,7931.136,-8933.0
8718,24513.526,14497.0,10877.0,8887.131,-9387.0
8719,27732.112,16546.0,9425.0,8667.717,-9324.0
8720,27413.148,18792.0,7754.0,6921.753,-6834.0
8721,24108.442,18508.0,7232.0,6234.047,-3979.0
8722,22962.752,17779.0,6725.0,5744.357,-3545.0
8723,21844.007,17391.0,6619.0,5329.612,-3123.0
8724,21245.758,17107.0,6806.0,5245.364,-3080.0
8725,21230.621,16551.0,6542.0,5436.226,-3166.0
8726,21035.941,15949.0,7414.0,5503.546,-4378.0
8727,21392.904,15248.0,9676.0,6735.509,-6466.0
8728,24483.754,16985.0,12152.0,9035.359,-7996.0
8729,26714.06,17536.0,12692.0,9961.665,-9289.0
8730,27136.283,17005.0,12412.0,10394.888,-9529.0
8731,26778.561,16569.0,12188.0,10304.166,-9474.0
8732,26008.904,15984.0,12181.0,10237.509,-9349.0
8733,25728.956,14377.0,10249.0,9927.561,-9054.0
8734,24316.131,13033.0,9043.0,8654.736,-9052.0
8735,22390.891,11929.0,8160.0,7126.496,-8876.0
8736,21413.309,10692.0,7483.0,6743.914,-8841.0
8737,20707.931,9932.0,6824.0,5766.536,-9214.0
8738,20811.282,9888.0,6284.0,5331.887,-9256.0
8739,20411.462,10427.0,6274.0,4810.067,-8829.0
8740,20568.707,10980.0,6735.0,5008.312,-8696.0
8741,22284.389,12687.0,7211.0,5406.994,-8782.0
8742,22873.483,13025.0,7561.0,5738.088,-9052.0
8743,26009.634,15075.0,6520.0,5836.239,-8999.0
8744,25852.713,17105.0,5026.0,4522.318,-6632.0
8745,22771.246,17111.0,4882.0,3653.851,-4269.0
8746,21932.093,16521.0,4647.0,3529.698,-3909.0
8747,21540.485,16252.0,4720.0,3463.09,-3926.0
8748,21360.791,16690.0,4766.0,3454.396,-3363.0
8749,20812.239,16815.0,5100.0,3697.844,-2780.0
8750,19845.547,16203.0,6150.0,4144.152,-3029.0
8751,19073.88,13290.0,8083.0,5132.485,-6115.0
8752,23542.627,14242.0,10101.0,7215.232,-9567.0
8753,26239.183,15046.0,10449.0,8310.788,-10712.0
8754,25959.476,14422.0,10520.0,8381.081,-11057.0
8755,25643.788,13987.0,10255.0,8416.393,-10876.0
8756,24770.004,13189.0,9796.0,8243.609,-10514.0
8757,24104.913,12240.0,9188.0,7880.518,-10553.0
8758,23391.089,11364.0,8253.0,7281.694,-10379.0
8759,22577.635,11281.0,8079.0,6504.24,-10252.0
