MarketHour, CSWS, EDE, GRDA, INDN, KACY, KCPL, LES, MPS, NPPD, OKGE, OPPD, SECI, SPRM, SPS, WAUE, WFEC, WR
01/01/2025 07:00:00,4944.996,592.653,829.024,98.751,236.161,1813.625,355.435,1032.546,1939.390,3976.604,1630.958,645.974,320.549,3947.574,4068.828,1227.023,3315.810
01/01/2025 08:00:00,4941.877,584.136,826.063,96.781,234.452,1792.114,348.075,1022.978,1927.166,3974.403,1605.455,641.843,314.629,3936.405,4037.183,1228.513,3271.063
01/01/2025 09:00:00,4961.060,578.539,830.509,95.167,231.535,1766.789,341.812,1012.371,1926.486,3984.865,1589.619,638.607,310.295,3954.887,4003.873,1236.971,3240.177
01/01/2025 10:00:00,4996.046,579.655,835.331,95.055,231.991,1766.892,338.384,1012.091,1930.101,3984.214,1580.276,641.925,310.055,3957.281,3987.715,1248.242,3249.974
01/01/2025 11:00:00,5087.164,586.449,842.940,95.767,233.342,1805.244,340.151,1022.374,1939.817,4036.895,1584.197,643.505,312.476,3970.759,3992.502,1272.462,3298.152
01/01/2025 12:00:00,5217.727,602.728,849.848,98.827,238.109,1869.966,349.664,1038.475,1972.108,4109.055,1606.476,655.218,319.438,3978.327,4027.545,1300.084,3387.517
01/01/2025 13:00:00,5373.750,616.862,860.268,101.639,242.756,1931.281,368.450,1066.199,2016.919,4199.508,1634.002,669.559,327.073,4003.914,4058.394,1336.536,3479.023
01/01/2025 14:00:00,5514.951,631.180,863.055,103.872,243.541,1959.075,380.159,1080.484,2053.626,4299.727,1655.519,673.021,329.074,4047.143,4098.562,1381.763,3531.604
01/01/2025 15:00:00,5559.580,644.449,866.696,102.928,238.662,1941.485,381.329,1069.550,2046.674,4352.164,1658.631,675.622,332.485,4051.103,4130.719,1402.720,3552.032
01/01/2025 16:00:00,5458.052,636.697,862.279,98.007,236.285,1894.958,376.668,1055.789,2017.068,4313.192,1657.129,674.443,336.622,4041.870,4177.308,1366.708,3512.865
01/01/2025 17:00:00,5304.034,602.072,856.788,94.988,234.299,1871.562,373.670,1034.095,1969.262,4234.145,1657.018,676.538,328.227,4017.624,4171.503,1315.764,3468.742
01/01/2025 18:00:00,5144.322,568.740,847.393,94.098,234.782,1865.012,374.649,1012.369,1937.547,4175.231,1664.074,675.616,324.563,3989.728,4144.511,1269.546,3418.806
01/01/2025 19:00:00,4942.479,538.518,841.233,93.645,232.329,1853.361,373.511,968.827,1896.417,4088.418,1658.218,672.788,318.763,3957.322,4098.542,1230.427,3354.950
01/01/2025 20:00:00,4761.337,519.421,830.178,93.718,229.265,1809.185,363.949,945.676,1850.975,4013.562,1635.549,671.417,312.015,3921.678,4049.254,1179.876,3272.388
01/01/2025 21:00:00,4628.685,510.580,822.264,94.793,227.486,1777.464,356.044,938.284,1823.133,3934.974,1620.267,662.394,307.715,3888.086,4045.416,1144.846,3213.046
01/01/2025 22:00:00,4580.651,516.976,815.843,97.844,227.403,1780.097,353.744,948.336,1843.709,3924.146,1616.690,671.435,308.309,3869.384,4080.617,1132.267,3213.754
01/01/2025 23:00:00,4697.181,549.433,823.655,105.489,232.349,1831.442,366.433,982.726,1919.723,3964.170,1656.300,671.338,320.703,3868.899,4158.093,1151.069,3303.103
01/02/2025 00:00:00,5071.666,616.924,845.630,116.483,248.184,1978.896,398.346,1063.726,2040.135,4162.676,1750.982,707.024,351.746,3910.819,4290.980,1229.746,3516.893
01/02/2025 01:00:00,5320.100,647.865,857.971,118.969,257.129,2024.663,407.866,1105.024,2092.724,4338.120,1772.943,731.847,362.786,4063.607,4331.158,1304.173,3661.911
01/02/2025 02:00:00,5397.108,660.354,860.793,118.402,258.647,2022.267,403.699,1105.551,2072.624,4401.950,1761.119,729.441,361.997,4097.877,4321.042,1318.815,3672.223
01/02/2025 03:00:00,5460.825,671.080,861.652,117.156,257.814,2003.773,400.792,1106.548,2056.302,4414.928,1745.066,731.403,359.490,4095.209,4307.913,1323.273,3669.119
01/02/2025 04:00:00,5426.827,665.069,857.364,112.913,252.513,1952.721,388.666,1080.076,2010.287,4384.443,1709.600,711.549,354.013,4057.949,4252.774,1323.682,3622.090
01/02/2025 05:00:00,5307.277,650.657,849.941,105.691,243.929,1875.260,370.152,1043.351,1972.405,4301.815,1653.776,704.547,344.575,4022.264,4177.697,1302.691,3505.872
01/02/2025 06:00:00,5178.497,632.474,845.148,99.054,239.469,1795.746,355.508,993.027,1929.299,4195.984,1599.150,691.960,335.448,3970.552,4120.446,1285.280,3386.474
01/02/2025 07:00:00,5107.994,616.463,843.714,95.014,234.979,1746.458,345.506,967.840,1901.601,4158.011,1569.078,683.932,325.442,3950.867,4085.354,1282.079,3321.736
01/02/2025 08:00:00,5111.057,603.889,839.181,92.481,233.173,1709.910,338.776,958.412,1882.458,4154.013,1546.781,690.209,319.170,3930.881,4054.561,1289.810,3259.980
01/02/2025 09:00:00,5136.935,600.847,849.239,91.102,231.774,1695.994,335.328,950.669,1869.318,4153.876,1549.410,692.438,317.491,3935.831,4065.411,1295.119,3208.387
01/02/2025 10:00:00,5206.031,601.264,855.488,91.165,233.143,1698.214,333.811,922.786,1871.285,4182.555,1559.332,680.033,315.873,3942.371,4076.329,1308.138,3187.474
01/02/2025 11:00:00,5340.467,613.427,867.751,92.830,237.337,1738.932,340.967,943.397,1904.803,4260.697,1587.704,689.588,323.410,3954.790,4117.012,1334.893,3227.240
01/02/2025 12:00:00,5610.037,641.017,884.080,96.493,244.085,1836.187,359.274,988.714,1991.938,4429.338,1645.855,707.740,341.088,4004.608,4200.558,1374.386,3348.711
01/02/2025 13:00:00,5978.092,683.638,902.348,102.425,257.439,1971.446,392.328,1055.091,2100.595,4619.156,1729.049,745.778,363.540,4072.504,4346.226,1426.369,3560.896
01/02/2025 14:00:00,6248.718,716.605,914.405,107.404,270.018,2082.669,421.552,1112.203,2238.198,4779.934,1810.792,775.086,380.568,4168.865,4501.202,1470.519,3730.502
01/02/2025 15:00:00,6208.200,718.675,915.688,110.495,272.392,2117.322,431.395,1132.941,2294.303,4739.225,1842.771,764.221,383.252,4181.695,4569.315,1462.652,3798.963
01/02/2025 16:00:00,5963.931,713.607,912.542,112.100,273.373,2109.367,424.765,1149.214,2298.405,4656.827,1867.041,733.896,388.549,4104.648,4546.341,1389.898,3771.067
01/02/2025 17:00:00,5754.350,711.119,908.312,115.186,277.575,2119.852,436.813,1157.475,2338.793,4586.279,1882.826,722.416,381.278,4007.627,4515.464,1324.933,3737.487
01/02/2025 18:00:00,5478.023,686.794,896.855,116.809,278.538,2121.608,443.026,1170.858,2343.014,4454.434,1901.177,710.652,375.200,3940.020,4479.445,1261.152,3692.517
01/02/2025 19:00:00,5288.165,668.745,885.767,116.432,278.432,2110.316,450.545,1156.920,2283.494,4319.837,1907.418,707.676,371.026,3883.015,4428.164,1211.928,3627.002
01/02/2025 20:00:00,5163.619,654.848,884.590,115.541,276.085,2087.581,450.303,1138.266,2305.820,4238.338,1908.087,715.452,365.703,3843.100,4392.322,1166.826,3584.625
01/02/2025 21:00:00,5069.842,645.491,880.524,112.848,268.993,2025.631,443.163,1118.521,2232.928,4139.160,1888.603,715.113,367.508,3805.244,4367.498,1125.849,3556.312
01/02/2025 22:00:00,5033.495,627.836,870.994,110.488,260.788,1993.565,445.300,1116.117,2230.302,4074.336,1872.124,723.822,366.531,3769.798,4371.938,1116.477,3576.796
01/02/2025 23:00:00,5040.970,633.265,865.016,113.566,261.747,2025.236,451.393,1133.953,2243.206,4068.565,1875.205,735.790,369.365,3769.325,4422.742,1130.881,3649.692
01/03/2025 00:00:00,5245.782,668.337,879.777,121.790,272.892,2136.133,467.833,1194.213,2295.761,4196.938,1948.936,737.480,379.908,3807.143,4531.477,1174.307,3781.562
01/03/2025 01:00:00,5453.633,677.453,889.804,122.607,276.010,2153.607,470.418,1206.515,2341.407,4291.933,1965.127,743.846,377.829,3894.281,4565.363,1237.354,3876.620
01/03/2025 02:00:00,5456.415,673.992,888.136,119.944,275.652,2141.059,464.445,1195.296,2333.770,4314.939,1951.712,742.406,369.998,3906.461,4556.069,1245.131,3861.454
01/03/2025 03:00:00,5456.427,670.532,887.843,116.904,275.221,2126.587,455.740,1190.666,2303.314,4343.353,1923.009,729.624,359.460,3917.925,4507.764,1248.727,3802.176
01/03/2025 04:00:00,5365.576,653.500,886.040,114.464,272.281,2085.249,440.736,1172.667,2228.072,4312.995,1871.340,704.423,346.058,3923.834,4455.521,1236.558,3695.009
01/03/2025 05:00:00,5171.566,632.424,880.062,108.581,264.525,2010.510,417.474,1140.368,2201.072,4237.383,1803.935,695.291,329.645,3912.719,4405.591,1210.181,3565.823
01/03/2025 06:00:00,5008.836,617.294,870.133,102.965,256.606,1939.607,395.410,1104.307,2136.456,4127.734,1739.490,672.280,316.162,3858.633,4334.476,1188.489,3429.527
01/03/2025 07:00:00,4886.134,603.227,865.942,99.145,250.964,1895.742,381.921,1096.217,2111.255,4063.370,1687.390,656.404,308.199,3825.546,4304.218,1178.912,3357.286
01/03/2025 08:00:00,4811.293,603.594,860.745,96.349,249.805,1869.341,369.393,1081.249,2061.896,4016.369,1660.007,637.275,304.639,3824.842,4289.530,1179.085,3323.373
01/03/2025 09:00:00,4769.294,608.691,862.039,96.329,249.442,1882.201,362.446,1068.715,2068.810,3991.160,1654.916,641.541,309.550,3833.578,4295.740,1185.428,3329.734
01/03/2025 10:00:00,4791.532,622.260,862.901,98.045,252.335,1908.811,361.175,1081.291,2099.213,4006.156,1658.839,644.772,314.302,3843.228,4309.898,1196.673,3360.518
01/03/2025 11:00:00,4922.406,644.172,870.920,101.897,257.368,1968.954,368.169,1113.018,2130.013,4123.799,1681.269,649.856,323.268,3887.418,4338.728,1219.195,3432.800
01/03/2025 12:00:00,5182.029,687.075,884.382,106.894,268.911,2075.970,388.052,1156.192,2212.613,4303.502,1734.204,670.756,343.275,3963.106,4416.632,1257.824,3582.715
01/03/2025 13:00:00,5548.839,739.439,906.431,114.413,283.889,2220.990,422.405,1228.094,2306.834,4509.835,1830.051,709.185,370.453,4065.163,4536.555,1322.889,3815.694
01/03/2025 14:00:00,5845.452,775.418,940.164,120.235,296.305,2317.851,449.319,1291.328,2391.403,4724.041,1907.469,738.835,395.137,4177.712,4552.259,1384.105,3981.535
01/03/2025 15:00:00,5941.428,790.362,952.856,120.716,295.356,2309.540,455.914,1276.444,2413.652,4763.212,1931.797,752.441,402.112,4183.495,4585.106,1394.065,4017.123
01/03/2025 16:00:00,5837.706,792.559,947.110,115.693,290.103,2247.349,459.432,1220.316,2417.220,4668.024,1953.206,757.628,400.448,4074.409,4568.090,1337.973,3989.679
01/03/2025 17:00:00,5624.074,753.735,923.491,111.429,286.265,2212.538,463.129,1181.383,2433.282,4594.465,1969.439,762.239,391.000,3988.695,4512.232,1285.846,3949.245
01/03/2025 18:00:00,5369.721,689.945,908.020,114.496,284.755,2193.554,463.214,1170.229,2408.468,4494.443,1959.564,764.694,380.698,3943.963,4467.723,1233.213,3878.949
01/03/2025 19:00:00,5181.282,655.866,900.274,117.732,284.014,2167.263,464.246,1155.892,2407.522,4407.188,1946.335,769.932,372.199,3916.579,4515.248,1185.241,3770.141
01/03/2025 20:00:00,5038.395,625.394,887.561,113.145,280.283,2113.361,467.842,1142.254,2385.316,4334.933,1943.596,761.896,366.278,3862.314,4515.182,1140.275,3720.753
01/03/2025 21:00:00,4906.901,582.666,877.019,114.058,277.795,2079.866,467.693,1125.190,2373.839,4232.636,1938.710,744.213,357.355,3821.334,4482.735,1099.183,3671.028
01/03/2025 22:00:00,4830.925,578.138,868.775,119.200,276.741,2121.330,466.515,1147.093,2373.243,4195.386,1930.952,733.331,355.517,3792.932,4474.532,1092.172,3631.235
01/03/2025 23:00:00,4858.888,598.330,868.044,122.744,279.054,2172.373,470.843,1175.591,2405.277,4198.317,1950.432,733.585,356.556,3799.722,4514.213,1112.718,3676.979
01/04/2025 00:00:00,5091.469,651.040,881.428,128.311,286.789,2251.170,484.177,1227.985,2443.476,4178.957,1992.717,739.122,378.187,3845.733,4651.285,1173.616,3807.679
01/04/2025 01:00:00,5286.645,688.333,893.578,129.462,288.241,2260.102,479.683,1243.469,2456.655,4375.497,1991.153,754.542,385.808,3924.686,4701.677,1237.037,3941.077
01/04/2025 02:00:00,5319.828,701.332,890.766,127.466,284.602,2228.564,470.993,1237.142,2420.209,4445.274,1961.702,763.949,382.688,3948.324,4672.368,1243.912,3973.663
01/04/2025 03:00:00,5339.229,707.824,892.474,125.765,280.620,2209.246,460.330,1225.109,2400.767,4472.276,1931.702,766.345,378.808,3959.782,4646.803,1239.411,3959.481
01/04/2025 04:00:00,5273.836,705.617,888.246,121.546,277.985,2158.930,444.970,1202.982,2313.449,4420.147,1879.878,758.900,370.943,3961.287,4619.426,1222.236,3895.649
01/04/2025 05:00:00,5159.001,691.367,879.900,115.264,270.183,2091.818,426.000,1162.561,2313.415,4362.130,1822.182,738.090,357.784,3942.402,4597.607,1194.086,3802.113
01/04/2025 06:00:00,4989.760,677.558,867.139,109.263,263.168,2009.284,405.655,1130.287,2254.721,4235.449,1762.957,710.207,345.530,3886.076,4564.518,1159.391,3663.975
01/04/2025 07:00:00,4883.011,667.332,859.783,104.649,255.668,1969.477,390.869,1098.400,2214.516,4110.401,1715.756,694.378,335.894,3859.450,4513.138,1124.137,3549.729
01/04/2025 08:00:00,4801.128,657.310,852.640,101.901,251.450,1942.082,384.525,1082.730,2204.002,4042.422,1686.984,687.384,331.064,3836.816,4493.140,1105.915,3502.531
01/04/2025 09:00:00,4736.806,649.001,850.790,100.454,248.942,1921.373,378.988,1056.778,2184.082,3988.459,1682.427,674.914,330.082,3812.936,4475.488,1097.129,3485.250
01/04/2025 10:00:00,4695.321,646.416,850.953,100.820,249.467,1914.039,377.317,1057.751,2224.256,3912.642,1685.543,671.823,329.577,3787.768,4476.693,1084.521,3477.511
01/04/2025 11:00:00,4710.065,646.634,852.985,102.155,250.528,1936.142,382.954,1085.909,2243.036,3904.387,1698.664,681.062,330.525,3802.367,4476.191,1083.833,3516.363
01/04/2025 12:00:00,4809.271,660.581,862.034,105.175,255.185,1995.635,392.072,1098.165,2276.593,3943.539,1730.355,689.844,337.550,3836.116,4514.389,1095.558,3576.824
01/04/2025 13:00:00,4952.817,676.709,873.365,109.931,260.689,2069.320,406.872,1143.309,2328.739,4010.985,1783.129,708.354,349.666,3900.270,4577.161,1124.060,3678.118
01/04/2025 14:00:00,5141.510,695.922,879.441,115.029,264.624,2144.203,423.856,1194.913,2387.566,4095.027,1842.872,727.947,360.750,3947.437,4658.868,1174.934,3771.051
01/04/2025 15:00:00,5296.689,713.366,894.687,119.518,266.799,2211.185,439.262,1217.662,2423.721,4212.007,1873.650,738.705,367.251,3990.019,4694.591,1217.639,3865.544
01/04/2025 16:00:00,5392.810,726.934,906.285,123.761,271.462,2266.961,455.153,1263.840,2459.441,4274.134,1913.862,746.006,375.727,3984.382,4688.114,1238.960,3957.490
01/04/2025 17:00:00,5426.526,733.612,910.095,126.700,275.345,2309.720,469.456,1280.076,2485.466,4327.671,1950.396,752.471,385.239,3975.800,4706.733,1247.646,4041.354
01/04/2025 18:00:00,5373.698,733.454,914.711,130.426,278.706,2347.891,481.438,1299.250,2506.814,4339.883,1969.969,743.960,390.389,3938.495,4719.051,1225.335,4080.813
01/04/2025 19:00:00,5272.704,726.968,906.459,132.686,282.028,2373.423,484.635,1306.982,2490.628,4295.219,1968.669,745.104,390.550,3911.851,4656.999,1207.294,4096.379
01/04/2025 20:00:00,5176.491,714.067,901.062,134.764,283.528,2387.341,484.409,1311.434,2503.765,4211.036,1963.299,743.055,388.469,3874.470,4642.213,1197.495,4085.765
01/04/2025 21:00:00,5109.266,708.715,895.976,136.742,285.295,2395.395,482.370,1301.034,2484.033,4182.302,1964.753,743.998,389.668,3833.687,4634.706,1192.334,4070.269
01/04/2025 22:00:00,5101.964,710.074,891.910,138.571,287.031,2416.172,482.380,1316.695,2506.451,4178.726,1963.330,745.446,392.065,3803.657,4594.564,1193.295,4064.543
01/04/2025 23:00:00,5188.069,723.820,897.177,142.162,291.469,2460.761,495.360,1356.140,2520.362,4205.245,2001.535,744.125,396.109,3766.041,4647.509,1205.731,4098.356
01/05/2025 00:00:00,5418.766,749.763,910.219,146.615,300.134,2525.997,520.310,1412.295,2582.151,4350.087,2059.360,752.794,413.150,3796.574,4707.885,1264.893,4187.372
01/05/2025 01:00:00,5496.609,748.232,913.728,147.456,300.213,2500.493,523.626,1406.294,2577.238,4373.074,2064.020,752.539,411.553,3893.405,4691.083,1278.214,4170.688
01/05/2025 02:00:00,5427.884,734.729,903.871,143.195,296.716,2434.284,516.300,1366.105,2548.864,4343.057,2043.079,742.816,405.781,3893.066,4678.623,1259.996,4078.660
01/05/2025 03:00:00,5344.996,716.261,890.015,135.322,289.977,2367.543,504.513,1335.723,2489.141,4262.418,2012.598,732.300,395.360,3860.768,4669.693,1228.476,3989.743
01/05/2025 04:00:00,5199.383,692.380,879.383,129.640,284.271,2290.695,488.694,1301.005,2455.281,4221.804,1962.078,718.165,381.914,3841.167,4646.028,1200.107,3888.794
01/05/2025 05:00:00,5011.062,660.110,870.281,125.372,276.805,2210.138,468.127,1257.596,2421.264,4125.819,1903.253,701.622,368.481,3859.900,4608.638,1168.544,3775.231
01/05/2025 06:00:00,4805.332,631.601,854.814,120.663,270.577,2142.817,451.740,1209.606,2352.144,4016.680,1842.179,691.676,354.144,3861.756,4554.092,1135.491,3655.643
01/05/2025 07:00:00,4644.264,621.320,846.467,117.084,265.349,2100.785,438.442,1182.526,2339.197,3938.761,1795.917,684.128,340.348,3851.090,4502.191,1100.145,3586.860
01/05/2025 08:00:00,4534.273,617.992,839.691,114.573,263.098,2090.327,430.163,1182.977,2323.981,3864.531,1771.529,678.441,332.762,3848.468,4441.655,1078.544,3548.184
01/05/2025 09:00:00,4459.271,616.800,842.508,113.433,262.193,2081.027,431.196,1186.117,2321.194,3828.482,1767.994,680.179,328.333,3846.060,4430.595,1083.974,3521.859
01/05/2025 10:00:00,4407.510,618.931,848.977,114.148,261.221,2094.774,430.071,1182.541,2337.144,3792.232,1768.099,674.046,328.761,3881.247,4434.772,1085.391,3522.120
01/05/2025 11:00:00,4417.096,633.109,850.198,113.838,261.098,2114.124,429.212,1192.115,2342.304,3814.188,1770.845,677.033,329.366,3922.145,4438.956,1082.411,3515.554
01/05/2025 12:00:00,4470.745,649.860,850.803,115.751,266.586,2156.390,436.693,1204.552,2369.070,3912.591,1789.866,657.338,333.290,3985.035,4468.210,1109.157,3544.056
01/05/2025 13:00:00,4608.068,670.859,858.941,119.282,269.314,2193.402,456.789,1240.309,2392.699,4037.643,1829.122,670.288,343.128,4063.586,4501.920,1172.420,3638.989
01/05/2025 14:00:00,4739.220,699.810,872.612,122.467,271.154,2242.924,470.700,1270.960,2433.261,4296.820,1868.278,684.450,353.039,4129.571,4564.327,1265.795,3723.709
01/05/2025 15:00:00,4891.020,728.661,894.139,126.349,271.546,2299.936,479.667,1308.212,2474.128,4537.698,1900.490,690.768,362.960,4163.550,4616.952,1376.998,3812.114
01/05/2025 16:00:00,5024.299,746.683,913.811,131.467,276.488,2356.597,497.038,1343.696,2485.489,4746.487,1954.199,700.544,369.997,4134.455,4616.150,1452.891,3891.018
01/05/2025 17:00:00,5057.032,757.925,923.553,135.987,283.361,2404.586,513.310,1371.446,2520.420,4895.145,1996.193,710.129,377.700,4117.211,4604.355,1482.544,3980.985
01/05/2025 18:00:00,5109.938,758.731,931.977,139.886,288.877,2441.669,526.341,1403.074,2513.303,5017.195,2029.220,714.958,384.014,4077.845,4595.604,1514.093,4065.362
01/05/2025 19:00:00,5239.740,762.140,947.095,143.226,293.124,2473.751,532.014,1400.694,2491.744,5121.660,2059.296,717.640,388.540,4047.584,4545.687,1542.543,4103.437
01/05/2025 20:00:00,5324.532,764.001,955.055,143.443,295.436,2493.902,533.843,1408.045,2447.121,5201.010,2073.003,711.289,387.238,4013.874,4496.575,1550.609,4110.796
01/05/2025 21:00:00,5431.011,782.388,956.448,145.280,297.870,2538.275,533.288,1428.182,2428.893,5266.511,2086.648,711.455,386.956,3982.318,4450.683,1562.582,4110.426
01/05/2025 22:00:00,5594.140,803.454,961.272,147.291,301.985,2565.009,532.050,1417.208,2443.043,5330.594,2096.064,711.477,386.712,3967.022,4462.198,1612.447,4123.724
01/05/2025 23:00:00,5870.229,832.456,972.495,149.306,304.661,2590.721,540.458,1446.549,2472.715,5421.348,2115.783,714.844,396.162,3982.575,4522.908,1662.707,4184.328
01/06/2025 00:00:00,6307.365,885.414,992.824,157.169,313.947,2683.739,560.230,1507.267,2568.694,5623.585,2168.579,730.354,426.808,4077.117,4674.252,1740.555,4358.699
01/06/2025 01:00:00,6629.528,905.974,1001.522,157.241,316.333,2682.019,556.353,1518.478,2608.785,5711.903,2160.125,741.554,432.272,4226.932,4694.182,1786.144,4425.417
01/06/2025 02:00:00,6786.712,911.834,1001.085,152.306,312.154,2641.156,546.859,1480.705,2595.558,5717.601,2132.809,731.418,430.490,4265.983,4671.925,1784.772,4352.403
01/06/2025 03:00:00,6886.913,913.382,997.303,147.826,308.013,2587.457,533.419,1449.695,2589.878,5697.147,2090.997,722.382,426.996,4299.883,4654.465,1777.626,4275.409
01/06/2025 04:00:00,6906.227,908.468,992.594,143.290,302.580,2522.566,513.386,1414.679,2548.666,5579.706,2037.893,712.582,421.211,4302.278,4599.725,1755.250,4185.365
01/06/2025 05:00:00,6805.142,898.058,976.228,136.253,294.176,2429.367,490.750,1349.406,2479.338,5451.306,1967.923,709.015,411.781,4276.557,4549.408,1719.633,4068.930
01/06/2025 06:00:00,6724.016,885.990,960.536,128.902,286.176,2339.387,468.430,1297.592,2427.823,5322.662,1907.318,695.780,403.604,4226.610,4462.257,1684.534,3958.638
01/06/2025 07:00:00,6667.240,881.376,952.022,123.471,279.925,2285.326,456.859,1279.102,2435.117,5227.057,1871.879,686.136,399.541,4223.689,4422.703,1670.808,3905.141
01/06/2025 08:00:00,6679.529,879.944,947.374,120.592,275.673,2267.732,454.468,1265.622,2421.370,5154.466,1853.646,684.939,399.641,4196.673,4403.834,1671.900,3898.130
01/06/2025 09:00:00,6732.520,881.155,951.141,120.035,273.950,2260.660,456.716,1263.607,2434.340,5144.199,1859.688,687.225,398.546,4206.609,4393.895,1681.301,3907.179
01/06/2025 10:00:00,6776.351,887.016,955.715,118.910,273.987,2267.756,462.288,1266.162,2441.528,5155.744,1868.139,692.364,398.989,4218.540,4407.426,1688.649,3924.898
01/06/2025 11:00:00,6945.627,899.345,965.330,120.272,276.627,2302.175,476.901,1284.599,2495.522,5227.240,1897.197,695.999,410.225,4273.648,4431.843,1708.312,4000.546
01/06/2025 12:00:00,7254.648,929.638,979.902,123.510,283.488,2377.820,504.024,1323.187,2582.842,5372.114,1959.929,706.865,424.716,4327.904,4513.553,1747.978,4109.550
01/06/2025 13:00:00,7674.328,981.380,1001.095,129.501,289.561,2454.725,542.013,1366.213,2696.249,5598.341,2061.084,730.793,447.414,4451.808,4614.176,1810.598,4266.585
01/06/2025 14:00:00,7951.301,1015.620,1020.907,134.024,290.572,2521.457,574.806,1410.915,2803.432,5799.002,2146.347,754.870,467.407,4518.242,4642.476,1835.449,4384.690
01/06/2025 15:00:00,7926.646,1017.175,1024.078,135.697,287.178,2514.833,573.511,1381.048,2759.312,5769.465,2153.712,758.048,473.315,4473.855,4651.902,1778.373,4371.536
01/06/2025 16:00:00,7738.622,991.797,1017.725,136.317,289.199,2466.264,553.918,1341.332,2716.128,5725.886,2134.401,758.689,472.928,4272.250,4582.751,1717.262,4345.426
01/06/2025 17:00:00,7515.354,960.572,1002.629,136.725,289.289,2416.979,540.706,1302.104,2632.108,5621.905,2109.759,765.154,477.682,4181.873,4542.210,1649.126,4321.908
01/06/2025 18:00:00,7277.795,935.380,993.834,135.765,288.553,2380.300,529.559,1281.502,2555.803,5500.876,2085.069,763.205,477.987,4111.595,4556.529,1577.129,4293.885
01/06/2025 19:00:00,7043.670,926.031,983.331,135.319,287.261,2344.042,516.522,1264.104,2521.261,5358.227,2046.781,757.175,487.180,4043.835,4495.844,1509.253,4251.054
01/06/2025 20:00:00,6850.770,911.615,973.944,132.810,282.176,2326.521,503.065,1241.071,2492.915,5220.748,2017.750,751.734,486.361,3993.496,4423.478,1461.932,4205.268
01/06/2025 21:00:00,6703.752,915.223,958.170,132.790,283.249,2309.633,488.528,1222.759,2464.741,5085.197,1996.074,744.391,485.298,3947.749,4394.216,1424.380,4193.629
01/06/2025 22:00:00,6624.651,922.278,949.968,132.919,285.070,2316.171,484.595,1227.786,2385.546,4990.159,1982.228,734.858,482.895,3930.416,4396.870,1407.361,4176.896
01/06/2025 23:00:00,6722.740,949.360,950.891,138.724,290.356,2378.593,502.367,1273.967,2437.653,5047.471,2027.429,742.759,482.748,3980.730,4474.490,1443.389,4236.682
01/07/2025 00:00:00,7098.314,988.744,968.687,150.548,306.949,2571.580,526.305,1388.230,2560.765,5311.131,2116.796,764.009,495.918,4050.423,4590.611,1540.991,4458.616
01/07/2025 01:00:00,7436.186,996.380,980.961,153.762,316.932,2633.835,530.463,1427.370,2603.072,5495.334,2139.486,779.140,492.673,4124.945,4602.632,1624.759,4582.597
01/07/2025 02:00:00,7477.347,991.265,980.248,151.379,326.795,2598.341,523.845,1422.114,2597.426,5502.925,2126.278,770.474,482.155,4158.144,4587.721,1638.037,4551.765
01/07/2025 03:00:00,7466.886,981.442,981.882,148.469,318.844,2568.825,516.604,1426.604,2603.557,5511.914,2100.775,755.443,470.116,4177.038,4568.995,1631.676,4494.288
01/07/2025 04:00:00,7318.514,949.819,973.685,143.542,310.922,2515.921,497.111,1401.875,2572.273,5434.979,2041.343,741.842,457.044,4155.269,4512.362,1614.035,4415.910
01/07/2025 05:00:00,7081.586,915.882,958.186,137.628,309.905,2441.285,474.243,1361.556,2522.268,5291.836,1966.744,725.276,437.968,4119.170,4422.169,1579.541,4278.446
01/07/2025 06:00:00,6907.754,891.220,949.310,132.145,301.648,2392.960,456.296,1329.073,2474.645,5205.006,1903.494,714.399,421.743,4074.067,4327.791,1557.146,4187.348
01/07/2025 07:00:00,6820.980,871.485,940.809,129.684,300.913,2368.301,449.969,1325.485,2443.003,5130.296,1867.905,700.751,410.194,4029.437,4307.972,1558.648,4105.431
01/07/2025 08:00:00,6777.610,861.850,935.681,129.330,300.856,2361.977,447.830,1332.575,2447.888,5120.813,1848.408,685.120,402.018,4016.376,4285.141,1567.274,4078.835
01/07/2025 09:00:00,6777.502,866.651,941.261,129.993,297.918,2369.603,450.684,1344.727,2430.715,5147.067,1848.186,693.551,398.486,4020.723,4275.947,1579.712,4071.083
01/07/2025 10:00:00,6829.964,875.771,949.510,132.049,305.720,2386.310,456.055,1363.933,2406.788,5204.037,1851.921,695.256,398.347,4065.086,4267.375,1601.868,4084.564
01/07/2025 11:00:00,6993.395,900.843,954.726,134.602,305.596,2428.527,466.867,1396.795,2427.127,5289.406,1867.771,705.133,405.536,4093.208,4300.163,1631.356,4144.614
01/07/2025 12:00:00,7275.802,944.475,970.694,139.251,313.870,2512.927,494.203,1444.105,2513.019,5434.522,1924.019,719.132,422.621,4167.449,4389.556,1679.709,4285.337
01/07/2025 13:00:00,7712.499,1003.106,999.995,144.982,326.986,2632.119,530.325,1515.489,2622.267,5704.112,2027.219,756.236,449.548,4286.486,4523.788,1756.508,4511.779
01/07/2025 14:00:00,7895.250,1040.593,1013.668,149.623,334.603,2732.268,555.522,1578.917,2708.053,5874.862,2095.640,785.486,470.115,4383.328,4663.070,1787.864,4671.331
01/07/2025 15:00:00,7838.865,1021.473,1018.271,151.820,334.385,2743.136,552.720,1586.387,2637.600,5864.173,2091.233,792.195,475.430,4366.718,4659.439,1769.793,4711.248
01/07/2025 16:00:00,7668.333,984.252,1016.188,150.704,336.391,2675.423,543.290,1528.607,2646.836,5795.180,2085.255,797.415,480.183,4279.403,4657.433,1705.995,4647.554
01/07/2025 17:00:00,7444.053,937.986,1008.899,147.564,332.609,2609.950,535.832,1467.128,2568.707,5666.097,2076.721,788.618,473.707,4190.115,4634.776,1624.865,4579.193
01/07/2025 18:00:00,7129.730,887.052,999.382,144.594,328.028,2552.616,531.224,1412.624,2544.042,5499.601,2068.356,789.309,454.824,4097.299,4549.457,1577.299,4515.464
01/07/2025 19:00:00,6844.469,849.898,986.837,142.339,323.928,2497.706,514.953,1364.749,2492.354,5381.163,2035.121,781.797,443.469,4044.284,4461.628,1509.227,4455.962
01/07/2025 20:00:00,6606.079,823.795,975.209,139.793,319.109,2444.697,494.781,1326.883,2486.763,5243.798,1994.326,780.127,434.897,4002.783,4531.222,1446.387,4388.666
01/07/2025 21:00:00,6402.908,804.194,954.674,137.352,319.151,2382.592,493.250,1311.932,2434.196,5119.262,1986.304,776.104,425.340,3957.062,4465.689,1398.963,4330.957
01/07/2025 22:00:00,6343.871,800.361,945.297,136.611,306.759,2370.001,504.878,1319.487,2518.058,5080.429,2004.558,770.367,421.427,3971.104,4473.185,1390.161,4297.030
01/07/2025 23:00:00,6505.556,828.572,948.898,141.102,317.216,2421.913,523.418,1331.329,2557.265,5159.472,2056.582,773.027,427.297,4046.726,4526.560,1452.826,4347.112
01/08/2025 00:00:00,6921.903,893.834,965.247,152.444,328.003,2591.203,540.750,1426.781,2632.810,5367.229,2128.620,782.829,455.514,4144.207,4625.899,1556.651,4525.581
01/08/2025 01:00:00,7236.161,926.102,975.822,154.073,335.697,2623.474,539.248,1479.671,2658.038,5512.014,2129.369,785.868,465.275,4246.303,4673.512,1623.808,4628.929
01/08/2025 02:00:00,7305.561,935.070,972.973,150.596,333.758,2596.082,531.347,1449.073,2656.186,5489.279,2106.081,774.493,461.603,4282.376,4667.758,1636.999,4596.040
01/08/2025 03:00:00,7321.967,936.680,973.421,147.608,326.051,2570.038,517.767,1462.610,2625.706,5505.840,2074.491,768.066,455.974,4285.960,4650.077,1644.158,4533.730
01/08/2025 04:00:00,7244.721,929.619,963.547,142.172,322.063,2509.134,501.237,1422.733,2599.203,5455.765,2013.088,756.691,446.802,4265.955,4593.824,1646.344,4440.163
01/08/2025 05:00:00,7030.679,906.106,949.000,135.484,321.117,2423.648,474.354,1385.497,2537.415,5321.665,1947.455,737.494,431.818,4199.019,4548.805,1616.683,4287.263
01/08/2025 06:00:00,6848.176,892.463,937.247,129.806,313.558,2347.453,450.008,1347.420,2484.404,5178.299,1889.490,727.437,420.033,4130.183,4467.622,1591.358,4168.052
01/08/2025 07:00:00,6769.013,887.327,925.812,126.709,306.002,2307.085,440.290,1326.405,2471.065,5122.626,1860.027,720.367,413.017,4089.252,4398.787,1580.122,4097.338
01/08/2025 08:00:00,6752.998,892.084,926.070,124.466,301.894,2275.680,437.705,1328.442,2441.823,5043.315,1846.817,706.864,410.115,4086.350,4367.363,1578.555,4064.188
01/08/2025 09:00:00,6762.576,900.703,931.882,123.722,302.680,2263.582,440.046,1314.729,2481.937,5047.427,1852.820,704.928,409.831,4078.694,4377.139,1581.776,4057.540
01/08/2025 10:00:00,6823.990,910.432,942.119,123.172,303.407,2275.836,444.498,1330.432,2485.809,5101.905,1865.285,706.966,411.769,4089.840,4402.643,1593.881,4087.729
01/08/2025 11:00:00,6977.748,934.902,947.742,126.832,306.430,2331.111,459.032,1360.946,2533.265,5172.156,1896.372,714.927,423.879,4102.373,4451.112,1616.894,4155.860
01/08/2025 12:00:00,7300.449,980.752,964.325,131.440,312.314,2432.326,486.561,1426.009,2633.779,5316.337,1958.711,730.878,443.003,4183.939,4544.891,1660.651,4334.061
01/08/2025 13:00:00,7776.417,1047.717,993.642,138.366,323.523,2555.850,531.726,1494.209,2764.195,5536.913,2069.435,773.360,473.383,4305.362,4687.766,1739.451,4592.476
01/08/2025 14:00:00,7994.042,1080.585,1011.329,143.412,335.444,2668.171,569.214,1535.397,2867.579,5712.849,2154.442,798.403,494.777,4432.191,4777.355,1780.199,4773.033
01/08/2025 15:00:00,7887.308,1059.041,1014.293,145.084,340.859,2662.454,568.167,1529.804,2801.644,5698.668,2141.010,816.423,497.797,4435.320,4771.784,1743.786,4767.582
01/08/2025 16:00:00,7618.246,1012.431,1002.617,141.915,338.841,2600.538,548.608,1476.294,2687.731,5531.079,2098.923,815.138,496.230,4384.815,4667.849,1653.941,4664.300
01/08/2025 17:00:00,7313.600,967.519,992.830,139.399,328.793,2544.704,530.004,1419.227,2600.341,5344.866,2060.995,803.105,495.664,4308.034,4566.265,1561.051,4575.476
01/08/2025 18:00:00,6980.600,914.841,979.859,136.428,324.366,2486.877,515.284,1369.858,2534.931,5197.213,2036.547,802.832,486.997,4208.946,4511.398,1477.770,4484.598
01/08/2025 19:00:00,6687.469,867.284,968.936,133.403,328.221,2436.293,505.216,1355.948,2443.876,5025.510,2006.859,787.435,468.442,4117.455,4408.096,1406.884,4387.922
01/08/2025 20:00:00,6439.040,826.958,958.244,131.272,325.941,2400.431,493.366,1331.550,2426.917,4911.016,1971.595,772.562,453.065,4066.363,4338.125,1354.678,4324.634
01/08/2025 21:00:00,6227.771,796.823,945.314,129.994,323.050,2372.457,481.727,1314.294,2364.590,4801.388,1934.191,756.760,440.190,4004.921,4322.154,1313.398,4242.676
01/08/2025 22:00:00,6126.297,790.118,936.592,130.733,319.579,2382.406,478.367,1323.962,2346.453,4704.985,1927.646,754.755,436.765,3948.635,4348.566,1290.891,4217.293
01/08/2025 23:00:00,6269.298,825.430,936.275,135.028,321.874,2432.008,496.727,1370.506,2393.317,4808.817,1971.938,756.656,440.857,3996.715,4419.604,1335.626,4278.595
01/09/2025 00:00:00,6655.735,891.553,952.641,146.103,334.415,2584.260,529.104,1460.821,2497.180,5030.326,2062.459,782.491,463.991,4093.274,4503.278,1434.690,4445.422
01/09/2025 01:00:00,7001.696,924.097,968.570,150.021,337.560,2664.005,538.904,1509.232,2551.440,5234.248,2102.115,804.112,470.966,4257.007,4534.345,1535.026,4591.140
01/09/2025 02:00:00,7153.322,935.293,965.204,149.019,339.149,2640.153,537.008,1509.393,2544.736,5297.923,2096.563,799.996,467.599,4254.301,4522.872,1560.065,4585.704
01/09/2025 03:00:00,7207.178,945.257,968.206,145.648,336.760,2610.024,530.399,1495.466,2545.698,5296.010,2078.155,791.278,462.611,4235.944,4482.696,1574.312,4550.618
01/09/2025 04:00:00,7166.891,934.861,965.792,140.700,333.599,2547.930,510.386,1458.074,2482.378,5223.769,2025.269,784.240,453.101,4225.130,4398.331,1570.332,4439.008
01/09/2025 05:00:00,7000.860,912.977,952.710,134.171,326.025,2456.945,483.999,1428.087,2427.699,5126.396,1956.167,767.838,437.194,4183.681,4302.741,1547.417,4286.658
01/09/2025 06:00:00,6860.953,897.754,944.892,128.696,316.419,2375.940,461.697,1378.122,2363.942,5023.524,1893.873,754.159,424.450,4110.078,4215.086,1527.828,4146.077
01/09/2025 07:00:00,6783.674,890.324,935.326,124.798,312.868,2324.786,446.902,1360.369,2322.697,4908.543,1846.473,743.868,414.919,4025.984,4177.440,1519.494,4073.631
01/09/2025 08:00:00,6762.747,890.366,931.268,122.273,302.964,2295.384,434.389,1364.157,2308.338,4881.293,1820.974,731.347,409.895,4041.855,4147.049,1521.083,4022.641
01/09/2025 09:00:00,6760.010,895.168,928.090,121.335,301.988,2284.607,426.289,1357.782,2288.645,4891.887,1809.063,720.577,409.452,4020.908,4134.434,1522.312,3991.594
01/09/2025 10:00:00,6776.430,898.831,937.333,121.437,296.680,2284.370,424.735,1360.576,2277.858,4867.031,1805.131,722.940,410.725,3964.519,4140.702,1519.075,3987.757
01/09/2025 11:00:00,6860.874,920.099,939.716,123.336,301.528,2318.676,432.319,1377.438,2281.456,4906.164,1818.710,732.085,419.785,3964.996,4174.840,1525.832,4028.371
01/09/2025 12:00:00,7041.137,955.343,951.598,126.710,314.812,2402.353,455.951,1415.037,2325.291,4993.259,1867.910,754.963,438.792,4108.922,4266.705,1540.489,4169.747
01/09/2025 13:00:00,7356.692,1014.171,975.640,132.142,327.698,2520.945,494.829,1464.344,2453.412,5163.720,1967.423,792.569,466.309,4248.111,4431.456,1577.386,4395.668
01/09/2025 14:00:00,7520.369,1039.225,990.994,136.917,333.686,2617.112,525.497,1514.776,2551.346,5322.731,2049.232,818.905,482.973,4358.687,4563.444,1611.291,4537.991
01/09/2025 15:00:00,7513.483,1008.123,992.038,135.734,332.940,2600.793,523.538,1507.015,2572.972,5359.892,2035.597,803.283,478.627,4379.479,4581.850,1633.704,4528.407
01/09/2025 16:00:00,7484.741,972.891,991.314,130.395,323.213,2484.107,502.278,1429.446,2500.810,5407.735,1982.455,794.747,476.056,4358.752,4541.294,1652.469,4443.117
01/09/2025 17:00:00,7422.450,941.791,993.683,127.566,316.452,2411.327,489.776,1382.138,2503.477,5435.419,1949.304,802.130,473.589,4360.952,4522.320,1664.044,4400.671
01/09/2025 18:00:00,7331.196,912.408,993.389,126.529,315.624,2399.068,494.549,1340.788,2496.074,5432.218,1952.106,807.355,465.465,4347.165,4501.785,1663.990,4362.264
01/09/2025 19:00:00,7274.527,881.987,991.740,126.893,316.042,2381.543,489.740,1326.209,2482.878,5473.109,1956.691,808.478,460.578,4304.326,4451.731,1648.330,4314.907
01/09/2025 20:00:00,7230.485,861.322,980.417,126.171,311.775,2353.045,484.796,1305.649,2479.099,5422.638,1945.396,806.478,457.268,4255.711,4406.584,1635.146,4300.195
01/09/2025 21:00:00,7152.381,834.682,971.414,123.230,305.368,2310.094,475.679,1282.463,2446.202,5375.989,1928.084,803.151,439.855,4231.553,4353.347,1624.674,4266.027
01/09/2025 22:00:00,7141.003,832.193,966.205,127.063,307.585,2329.567,474.445,1299.694,2428.197,5351.396,1923.265,800.407,433.271,4192.320,4371.966,1622.499,4257.299
01/09/2025 23:00:00,7207.285,851.766,966.129,130.799,308.930,2367.535,481.557,1313.461,2434.635,5325.513,1957.188,810.006,441.170,4141.646,4415.910,1637.943,4294.163
01/10/2025 00:00:00,7379.484,872.118,973.180,135.655,315.450,2441.935,491.206,1352.919,2461.312,5394.364,2004.851,801.965,451.861,4230.734,4503.315,1666.280,4394.791
01/10/2025 01:00:00,7425.149,881.639,971.091,137.238,318.459,2441.267,484.366,1347.063,2479.276,5393.420,2008.197,812.071,449.272,4349.245,4534.569,1676.852,4434.440
01/10/2025 02:00:00,7320.682,873.935,963.415,133.888,314.648,2396.186,473.575,1303.403,2458.582,5345.278,1980.640,807.922,441.459,4353.381,4523.850,1642.419,4348.037
01/10/2025 03:00:00,7195.692,860.297,958.697,129.347,306.578,2347.396,459.477,1295.152,2429.195,5301.414,1944.611,777.923,431.264,4258.153,4508.909,1609.729,4274.186
01/10/2025 04:00:00,6982.775,833.966,946.906,123.101,294.884,2271.874,442.151,1260.404,2377.165,5177.259,1889.008,776.186,418.175,4197.500,4447.316,1571.889,4150.242
01/10/2025 05:00:00,6723.254,800.135,935.596,116.781,286.733,2173.364,414.679,1205.286,2320.564,5024.544,1814.101,759.877,401.086,4127.557,4343.469,1528.656,4002.318
01/10/2025 06:00:00,6485.420,771.747,920.072,111.907,280.310,2093.268,389.040,1168.292,2255.099,4901.787,1737.970,757.542,387.124,4057.742,4259.973,1503.735,3868.656
01/10/2025 07:00:00,6315.708,751.591,914.704,107.627,271.324,2055.360,373.580,1149.175,2224.478,4804.919,1685.410,737.744,373.509,4020.624,4224.852,1484.007,3804.872
01/10/2025 08:00:00,6222.911,740.779,909.587,104.669,266.519,2021.541,368.016,1129.574,2216.285,4732.349,1653.317,720.632,367.519,4011.282,4197.826,1471.306,3693.834
01/10/2025 09:00:00,6186.077,736.809,909.525,103.457,258.810,1999.733,369.149,1117.152,2221.446,4675.347,1653.623,712.480,363.814,4003.030,4199.102,1466.398,3661.195
01/10/2025 10:00:00,6187.922,739.152,911.007,103.635,264.941,1996.545,374.043,1124.335,2214.311,4671.883,1668.675,717.430,364.044,4016.709,4220.687,1467.321,3674.890
01/10/2025 11:00:00,6242.969,751.655,920.308,104.912,266.327,2030.677,383.059,1147.095,2266.547,4721.820,1700.179,726.895,367.669,4037.224,4275.434,1479.533,3717.949
01/10/2025 12:00:00,6405.967,784.730,933.172,108.340,271.356,2111.214,411.584,1181.899,2323.795,4821.899,1761.656,752.620,381.822,4079.430,4374.674,1507.993,3835.897
01/10/2025 13:00:00,6615.062,812.437,946.342,113.223,288.209,2209.396,456.707,1230.787,2442.032,4971.583,1868.270,777.565,399.890,4152.871,4544.459,1545.770,4018.906
01/10/2025 14:00:00,6802.243,831.356,957.769,117.839,290.914,2285.989,490.972,1278.574,2570.572,5102.380,1958.213,807.498,410.598,4227.480,4711.397,1595.817,4175.027
01/10/2025 15:00:00,6930.111,843.699,962.501,120.381,290.860,2333.537,492.272,1284.384,2507.631,5175.658,1962.818,820.565,412.840,4300.462,4737.186,1627.429,4238.418
01/10/2025 16:00:00,6978.101,845.647,965.225,123.094,294.816,2332.039,475.819,1273.355,2453.999,5191.048,1935.614,808.877,419.209,4224.137,4671.514,1635.461,4198.367
01/10/2025 17:00:00,6943.959,838.827,958.813,122.045,292.903,2262.216,462.101,1232.360,2390.586,5184.309,1923.730,784.283,419.259,4186.585,4657.168,1611.642,4148.016
01/10/2025 18:00:00,6902.373,820.781,958.272,118.268,314.248,2213.363,453.514,1203.253,2307.852,5107.633,1908.802,761.128,415.583,4140.599,4606.791,1592.295,4089.781
01/10/2025 19:00:00,6858.947,814.384,958.145,113.889,341.200,2185.826,445.092,1182.375,2276.849,5016.246,1895.981,748.175,420.051,4096.681,4564.997,1561.439,4034.939
01/10/2025 20:00:00,6825.611,806.072,956.035,111.736,346.304,2164.429,435.353,1180.478,2218.966,4972.786,1885.055,742.449,420.515,4051.302,4505.487,1511.835,3985.335
01/10/2025 21:00:00,6794.766,792.979,944.450,110.309,349.094,2135.168,425.474,1163.232,2189.323,4948.642,1865.036,730.335,417.561,3990.420,4485.510,1494.950,3931.085
01/10/2025 22:00:00,6756.114,781.405,933.483,113.434,302.201,2134.796,419.626,1159.284,2176.014,4873.932,1864.087,713.509,416.027,3928.284,4450.456,1472.348,3879.735
01/10/2025 23:00:00,6797.320,792.924,931.821,120.496,288.630,2179.431,430.697,1197.351,2201.508,4833.320,1893.441,704.874,415.021,3942.868,4488.315,1467.030,3901.301
01/11/2025 00:00:00,6942.476,834.766,943.718,130.018,300.010,2291.219,448.871,1267.051,2279.053,4979.979,1946.118,711.151,430.963,4058.491,4534.950,1524.079,4038.541
01/11/2025 01:00:00,7046.184,851.066,950.350,133.629,308.803,2341.663,451.661,1292.505,2354.191,5101.493,1970.114,738.823,432.293,4255.450,4512.614,1585.044,4158.687
01/11/2025 02:00:00,6975.856,837.421,946.790,131.192,307.879,2325.161,447.780,1283.833,2358.865,5106.290,1948.400,745.148,423.533,4280.830,4462.435,1586.425,4154.007
01/11/2025 03:00:00,6932.695,830.536,946.169,128.905,301.707,2307.491,444.830,1278.027,2362.350,5119.610,1935.678,742.306,413.014,4262.108,4425.835,1586.289,4143.600
01/11/2025 04:00:00,6836.568,820.273,942.644,125.260,299.373,2263.828,437.747,1272.728,2350.325,5077.962,1901.921,743.734,405.035,4228.916,4373.730,1575.494,4120.059
01/11/2025 05:00:00,6711.001,806.573,936.274,120.806,285.356,2210.571,421.290,1243.270,2303.852,4987.833,1846.580,737.061,393.745,4220.913,4302.975,1555.001,4020.031
01/11/2025 06:00:00,6584.954,794.188,925.467,116.150,279.049,2153.557,402.945,1207.804,2267.613,4903.235,1791.890,745.952,382.982,4143.290,4239.043,1538.655,3905.319
01/11/2025 07:00:00,6540.076,784.528,922.497,112.548,273.480,2117.673,391.452,1202.032,2202.803,4831.177,1741.518,734.588,373.465,4092.485,4180.445,1534.772,3833.166
01/11/2025 08:00:00,6522.804,780.108,920.532,110.468,270.852,2102.405,384.617,1198.582,2184.639,4795.803,1719.074,716.259,369.565,4055.920,4146.347,1535.492,3778.189
01/11/2025 09:00:00,6555.491,782.489,922.393,109.608,269.362,2098.383,381.650,1198.264,2151.981,4789.151,1704.749,709.163,369.332,4074.688,4158.283,1545.922,3749.033
01/11/2025 10:00:00,6649.594,794.551,924.349,110.021,269.313,2107.121,379.342,1203.679,2094.670,4803.377,1693.839,703.961,370.896,4075.919,4142.490,1559.198,3744.077
01/11/2025 11:00:00,6755.846,806.597,928.836,111.049,270.678,2140.617,379.623,1225.753,2145.034,4831.549,1692.566,700.088,376.560,4075.815,4152.380,1573.701,3768.872
01/11/2025 12:00:00,6903.984,821.126,933.500,114.561,275.148,2189.740,385.587,1266.729,2125.330,4899.480,1702.460,701.380,387.622,4090.947,4163.096,1594.203,3823.222
01/11/2025 13:00:00,7113.721,848.750,944.459,118.474,280.943,2261.487,398.417,1302.371,2159.432,5028.036,1736.074,716.892,399.338,4164.944,4231.860,1629.947,3917.352
01/11/2025 14:00:00,7296.112,871.538,951.323,121.615,282.692,2323.043,414.195,1337.642,2238.031,5166.228,1780.593,723.069,405.826,4205.538,4325.053,1675.632,4024.511
01/11/2025 15:00:00,7303.241,868.418,952.986,122.679,281.796,2326.256,425.065,1345.727,2269.285,5206.706,1809.204,730.920,406.416,4222.575,4416.889,1676.431,4063.429
01/11/2025 16:00:00,7044.482,828.629,945.133,119.672,280.218,2274.264,435.960,1292.362,2280.994,5134.664,1835.422,742.192,400.518,4103.145,4437.106,1613.703,4005.094
01/11/2025 17:00:00,6728.709,784.863,935.970,119.609,277.218,2217.434,442.032,1246.254,2275.402,5024.642,1863.561,724.337,393.850,4003.196,4448.235,1536.766,3936.531
01/11/2025 18:00:00,6376.618,746.407,927.325,118.541,271.131,2179.345,441.628,1219.370,2238.239,4870.314,1870.003,740.388,386.064,3964.606,4409.016,1470.537,3891.370
01/11/2025 19:00:00,6036.984,712.780,916.985,111.538,264.744,2122.397,432.066,1185.468,2192.492,4759.958,1845.501,720.592,376.891,3865.818,4380.349,1405.501,3828.368
01/11/2025 20:00:00,5741.493,682.385,906.194,109.300,260.808,2067.128,419.440,1135.615,2127.672,4635.997,1811.784,723.136,367.344,3747.334,4313.392,1341.972,3743.624
01/11/2025 21:00:00,5530.034,654.509,897.107,110.755,254.481,2010.628,397.604,1132.281,2100.345,4534.304,1783.159,708.574,359.561,3686.546,4327.878,1299.702,3669.675
01/11/2025 22:00:00,5427.982,642.091,887.978,112.109,258.612,2028.565,397.924,1144.345,2088.034,4439.880,1766.388,691.336,356.656,3666.617,4356.537,1282.361,3647.694
01/11/2025 23:00:00,5519.777,658.482,887.194,118.812,263.633,2083.311,400.003,1161.179,2092.408,4476.422,1785.017,694.365,362.833,3668.898,4382.400,1304.819,3715.469
01/12/2025 00:00:00,5843.494,710.077,903.109,124.875,273.646,2185.326,416.657,1212.559,2162.006,4684.486,1833.091,691.897,387.139,3705.420,4485.165,1371.710,3871.354
01/12/2025 01:00:00,6156.295,740.176,912.616,125.389,276.412,2202.131,415.679,1207.734,2183.800,4882.448,1828.191,705.794,397.421,3893.812,4519.096,1439.440,3964.055
01/12/2025 02:00:00,6237.718,748.135,910.354,122.216,274.003,2170.892,405.930,1186.363,2170.639,4883.702,1802.389,706.587,392.291,3933.041,4516.821,1445.939,3962.358
01/12/2025 03:00:00,6295.913,747.347,906.327,119.359,270.859,2136.604,393.882,1189.743,2164.061,4881.758,1776.777,711.125,384.141,3913.404,4484.488,1438.471,3918.911
01/12/2025 04:00:00,6295.549,739.862,901.835,115.001,266.691,2085.352,380.591,1174.620,2122.195,4834.141,1743.811,709.955,375.854,3934.917,4455.348,1432.014,3827.935
01/12/2025 05:00:00,6179.455,725.174,893.397,108.451,259.947,2015.459,364.408,1133.420,2059.996,4768.729,1692.878,688.176,363.713,3930.666,4393.124,1415.028,3716.602
01/12/2025 06:00:00,6064.940,708.255,881.187,102.743,253.549,1934.553,348.938,1097.043,2004.159,4678.912,1640.571,664.932,352.171,3865.367,4328.333,1395.813,3596.829
01/12/2025 07:00:00,5998.314,698.575,878.495,98.184,248.132,1882.920,338.559,1075.397,1936.938,4611.084,1595.398,667.776,341.792,3814.203,4310.566,1385.795,3533.357
01/12/2025 08:00:00,5984.331,696.646,875.802,95.331,243.470,1854.193,329.225,1068.663,1961.013,4581.677,1574.306,661.804,339.912,3782.018,4317.583,1384.412,3486.547
01/12/2025 09:00:00,6002.709,700.989,880.393,93.613,240.751,1830.951,323.099,1054.329,1934.645,4534.457,1560.022,651.897,338.482,3789.216,4306.397,1389.668,3459.511
01/12/2025 10:00:00,6077.261,699.274,883.903,92.749,239.019,1819.508,323.794,1051.629,1910.906,4515.175,1568.936,653.887,339.625,3786.677,4318.927,1395.850,3457.872
01/12/2025 11:00:00,6132.098,700.396,883.302,93.803,238.821,1832.681,328.329,1040.880,1934.093,4554.577,1580.343,664.290,340.443,3859.619,4362.352,1409.128,3493.708
01/12/2025 12:00:00,6251.777,708.099,888.659,95.457,240.465,1866.887,338.521,1047.002,1972.252,4602.690,1606.095,669.907,344.360,3898.274,4428.980,1429.731,3553.842
01/12/2025 13:00:00,6421.057,723.948,900.074,98.244,244.202,1918.155,351.358,1095.056,2075.178,4705.737,1653.087,695.356,352.501,3920.520,4499.930,1464.305,3621.227
01/12/2025 14:00:00,6605.770,745.738,910.720,100.961,245.460,1967.041,368.950,1123.880,2142.368,4856.336,1701.698,707.654,359.061,3987.710,4584.263,1527.812,3705.262
01/12/2025 15:00:00,6665.636,757.456,918.362,102.049,244.278,1975.773,384.923,1133.327,2151.217,4883.504,1749.296,708.616,362.610,3975.959,4665.852,1545.309,3740.871
01/12/2025 16:00:00,6417.914,738.209,910.917,99.018,247.510,1948.168,409.025,1121.244,2215.058,4790.179,1803.936,717.541,365.523,3947.889,4698.744,1484.316,3725.868
01/12/2025 17:00:00,6087.059,696.514,897.829,103.284,251.067,1956.597,423.511,1100.609,2178.696,4635.699,1820.394,720.534,363.909,3904.679,4664.304,1415.806,3694.474
01/12/2025 18:00:00,5793.776,656.213,890.443,104.675,251.845,1967.144,433.663,1108.894,2215.547,4539.107,1856.557,714.803,362.987,3841.916,4643.789,1352.965,3688.264
01/12/2025 19:00:00,5583.428,626.408,887.499,108.806,255.481,1998.803,438.905,1116.695,2184.097,4418.184,1868.988,692.973,361.039,3815.068,4608.691,1309.061,3655.289
01/12/2025 20:00:00,5409.562,606.639,886.112,112.490,259.819,2035.871,423.230,1122.882,2171.105,4358.620,1867.226,687.415,348.159,3796.036,4546.139,1273.000,3616.123
01/12/2025 21:00:00,5298.282,592.020,883.700,116.347,264.465,2076.454,416.639,1134.192,2157.199,4290.667,1859.313,671.510,338.601,3766.585,4495.327,1240.178,3576.437
01/12/2025 22:00:00,5275.975,596.548,882.916,119.960,268.671,2135.156,421.329,1164.060,2171.555,4272.788,1870.267,662.774,337.130,3778.630,4526.034,1231.770,3550.624
01/12/2025 23:00:00,5346.045,628.397,883.922,121.829,269.059,2166.146,439.638,1195.866,2235.216,4319.160,1925.011,649.816,349.873,3840.199,4613.617,1253.390,3634.037
01/13/2025 00:00:00,5584.304,689.213,897.907,130.661,281.598,2291.083,476.573,1254.694,2358.250,4494.085,2033.292,668.686,378.144,3959.123,4749.998,1328.167,3861.911
01/13/2025 01:00:00,5897.946,716.952,912.649,133.627,290.058,2359.332,493.723,1299.755,2447.271,4713.153,2067.069,692.612,389.525,4099.211,4816.600,1406.336,4029.104
01/13/2025 02:00:00,5974.517,730.169,912.473,132.048,296.576,2354.242,493.198,1305.656,2436.364,4753.119,2059.082,700.064,387.902,4156.480,4828.956,1424.856,4080.822
01/13/2025 03:00:00,6004.688,733.693,913.606,129.177,298.958,2332.879,486.049,1304.664,2435.636,4773.260,2033.186,702.744,381.851,4170.024,4828.042,1434.516,4074.950
01/13/2025 04:00:00,5929.932,721.570,916.128,126.187,299.902,2292.550,470.809,1284.805,2401.932,4708.847,1982.072,693.004,373.787,4135.741,4775.921,1413.966,3986.960
01/13/2025 05:00:00,5766.178,701.367,905.560,120.685,293.088,2226.006,453.268,1236.753,2359.200,4618.154,1911.837,671.318,361.558,4092.248,4695.056,1393.143,3865.227
01/13/2025 06:00:00,5602.038,685.813,890.362,116.892,285.138,2170.246,436.547,1219.038,2276.991,4558.800,1858.491,653.028,354.326,4052.093,4616.105,1372.939,3786.280
01/13/2025 07:00:00,5512.358,685.561,885.885,113.854,285.936,2160.859,429.587,1216.810,2293.505,4500.239,1828.456,647.846,350.234,4019.282,4567.648,1369.737,3779.813
01/13/2025 08:00:00,5511.614,708.048,886.227,113.328,282.989,2167.252,427.162,1235.168,2291.966,4508.979,1813.247,647.968,348.127,3993.499,4556.621,1380.278,3781.159
01/13/2025 09:00:00,5588.046,730.235,898.003,113.891,282.786,2187.938,431.103,1246.309,2280.644,4552.626,1812.650,648.504,353.354,3993.916,4566.012,1396.454,3801.923
01/13/2025 10:00:00,5712.831,753.473,913.038,115.344,287.335,2235.358,436.912,1277.752,2312.683,4614.619,1833.346,650.488,361.445,4006.443,4592.075,1416.728,3837.531
01/13/2025 11:00:00,5932.397,789.425,922.432,118.947,296.567,2306.550,452.951,1312.450,2347.237,4717.758,1876.309,663.856,375.020,4017.792,4632.901,1458.460,3917.271
01/13/2025 12:00:00,6325.027,842.175,943.577,125.755,311.755,2424.043,482.567,1395.006,2440.519,4919.850,1944.915,682.005,401.026,4080.030,4744.995,1522.610,4081.423
01/13/2025 13:00:00,6876.723,919.042,976.805,136.687,327.750,2587.483,527.205,1505.224,2550.383,5238.803,2058.808,725.673,436.117,4221.805,4866.129,1614.570,4377.136
01/13/2025 14:00:00,7182.215,967.787,998.949,143.805,336.985,2688.141,564.030,1566.641,2686.834,5409.475,2139.948,760.850,460.361,4339.082,4960.489,1667.417,4549.354
01/13/2025 15:00:00,7118.651,946.338,1003.107,143.178,338.954,2680.616,557.869,1542.646,2686.475,5340.825,2138.616,769.583,458.800,4317.947,4981.919,1641.678,4535.417
01/13/2025 16:00:00,6884.900,891.635,993.959,138.478,342.857,2640.555,535.274,1499.994,2581.833,5161.811,2104.022,761.409,449.796,4196.110,4923.045,1542.702,4428.699
01/13/2025 17:00:00,6595.331,841.298,985.643,134.804,338.582,2574.739,519.468,1447.416,2533.509,5030.106,2074.906,762.410,440.473,4116.242,4891.996,1457.254,4317.052
01/13/2025 18:00:00,6241.402,793.708,975.913,128.206,323.864,2460.062,506.602,1383.127,2459.546,4871.183,2043.959,756.160,431.946,4000.045,4846.246,1383.714,4211.735
01/13/2025 19:00:00,5975.187,747.614,959.918,122.064,319.805,2390.607,494.926,1312.273,2383.612,4758.670,2011.377,754.553,424.649,3865.499,4763.045,1321.545,4098.833
01/13/2025 20:00:00,5775.717,715.476,942.376,118.519,313.938,2340.838,480.531,1260.014,2337.956,4657.019,1971.564,742.248,414.848,3811.797,4715.016,1279.211,4025.930
01/13/2025 21:00:00,5603.857,694.200,929.010,116.942,308.640,2286.888,465.118,1228.372,2283.036,4554.229,1935.142,719.660,404.684,3753.300,4700.904,1243.443,3933.435
01/13/2025 22:00:00,5520.497,691.555,916.939,118.938,300.920,2277.015,455.764,1243.623,2260.869,4463.004,1922.246,709.935,398.796,3723.832,4729.872,1222.178,3872.414
01/13/2025 23:00:00,5601.059,720.804,918.739,128.056,309.976,2330.291,467.090,1296.799,2313.711,4464.878,1954.592,714.680,402.065,3774.918,4792.321,1222.007,3939.699
01/14/2025 00:00:00,5930.988,789.435,934.658,140.793,323.488,2475.054,496.084,1387.766,2372.711,4615.784,2032.496,735.604,427.021,3887.994,4899.410,1308.071,4119.451
01/14/2025 01:00:00,6319.227,829.409,950.433,143.217,325.802,2545.593,512.017,1438.745,2425.219,4860.110,2058.487,771.502,439.148,4045.060,4932.518,1411.346,4266.172
01/14/2025 02:00:00,6460.738,843.308,951.634,140.861,327.277,2532.773,506.786,1435.207,2424.956,4906.879,2043.131,786.725,435.436,4095.068,4924.079,1446.146,4275.753
01/14/2025 03:00:00,6557.957,855.249,954.049,137.841,326.368,2506.830,499.863,1431.610,2383.503,4936.728,2010.490,783.590,427.835,4128.364,4866.116,1456.233,4250.745
01/14/2025 04:00:00,6494.754,846.756,949.010,131.806,323.380,2437.305,479.910,1405.138,2319.634,4900.541,1957.405,783.505,416.854,4094.647,4805.065,1454.818,4169.989
01/14/2025 05:00:00,6330.339,822.463,939.647,124.924,313.467,2321.530,452.483,1344.494,2265.249,4754.878,1872.467,762.793,401.175,4039.739,4791.168,1420.245,4033.152
01/14/2025 06:00:00,6190.792,798.015,929.788,118.410,300.336,2208.691,427.106,1292.933,2180.079,4691.895,1794.127,739.154,387.719,3974.751,4694.555,1394.812,3894.524
01/14/2025 07:00:00,6152.013,788.407,920.903,114.069,297.279,2174.470,413.579,1269.627,2152.209,4600.504,1747.543,706.701,379.266,3915.104,4658.808,1388.708,3810.417
01/14/2025 08:00:00,6163.309,781.214,913.672,111.561,292.729,2153.355,403.380,1240.444,2150.778,4563.237,1733.252,671.379,373.677,3909.329,4635.486,1391.569,3778.681
01/14/2025 09:00:00,6210.183,772.580,926.287,111.380,291.942,2133.590,406.870,1239.687,2168.264,4525.734,1737.605,659.774,371.717,3942.096,4618.359,1394.971,3749.575
01/14/2025 10:00:00,6293.845,779.688,926.215,111.956,292.562,2140.846,412.486,1252.046,2206.788,4550.716,1754.056,665.650,374.228,3926.306,4654.378,1400.970,3736.455
01/14/2025 11:00:00,6465.317,789.306,932.676,113.818,296.218,2173.164,420.465,1252.369,2243.539,4648.087,1793.262,700.425,381.285,3992.843,4710.400,1425.582,3788.361
01/14/2025 12:00:00,6781.873,817.235,944.947,118.297,303.348,2264.282,448.497,1292.302,2369.757,4770.807,1886.581,721.450,399.748,4122.711,4776.892,1461.578,3934.960
01/14/2025 13:00:00,7269.692,874.707,972.548,128.040,317.920,2417.697,497.079,1380.772,2491.365,5003.084,2021.370,754.494,429.071,4247.736,4854.761,1522.846,4192.787
01/14/2025 14:00:00,7486.990,896.231,989.491,134.391,330.755,2517.256,536.755,1427.380,2619.367,5151.687,2132.310,793.096,447.089,4351.449,5001.541,1551.041,4371.532
01/14/2025 15:00:00,7267.781,864.086,987.176,134.322,327.756,2476.744,542.718,1409.361,2621.405,5097.784,2147.802,799.543,444.133,4303.950,5002.027,1522.091,4343.972
01/14/2025 16:00:00,6884.952,797.188,975.611,130.462,318.897,2398.189,531.935,1359.059,2580.534,4975.864,2124.295,779.411,425.025,4151.310,4946.968,1444.517,4232.335
01/14/2025 17:00:00,6482.850,748.034,963.488,123.703,313.377,2336.535,521.467,1325.329,2544.607,4827.662,2102.077,770.600,410.416,4027.586,4910.396,1371.698,4140.549
01/14/2025 18:00:00,6102.616,700.444,954.027,120.558,315.889,2298.994,519.576,1286.366,2503.759,4657.460,2072.211,763.587,399.760,3933.606,4807.510,1291.260,4058.233
01/14/2025 19:00:00,5874.939,672.965,942.879,118.040,316.602,2258.884,512.899,1263.899,2452.165,4495.550,2043.684,740.217,398.411,3845.733,4691.507,1234.574,3985.647
01/14/2025 20:00:00,5683.901,667.343,927.843,116.542,305.173,2221.989,514.086,1232.479,2348.507,4374.034,2015.079,731.798,391.308,3787.375,4614.759,1189.888,3913.731
01/14/2025 21:00:00,5558.398,676.128,918.790,116.823,301.482,2187.731,506.356,1225.849,2334.516,4283.628,1996.750,726.200,381.078,3734.707,4543.138,1156.311,3860.175
01/14/2025 22:00:00,5458.038,688.476,910.723,120.303,305.594,2192.838,506.863,1238.857,2365.079,4199.828,2017.803,717.617,381.516,3725.937,4519.349,1147.560,3848.347
01/14/2025 23:00:00,5557.160,719.609,911.069,131.384,308.327,2255.562,518.917,1280.747,2395.113,4257.753,2061.426,715.509,389.182,3759.842,4563.212,1165.078,3931.401
01/15/2025 00:00:00,5846.638,773.356,921.188,144.567,323.539,2407.785,532.908,1391.027,2448.437,4402.809,2123.393,718.382,410.217,3850.449,4684.821,1234.200,4109.108
01/15/2025 01:00:00,6159.506,799.113,933.349,151.472,337.218,2480.191,531.353,1444.669,2523.396,4595.749,2133.397,735.512,417.317,4036.702,4727.074,1326.422,4285.284
01/15/2025 02:00:00,6161.087,794.197,934.963,149.720,338.813,2487.392,520.930,1448.593,2511.912,4648.879,2105.950,733.198,412.421,4112.903,4747.629,1357.486,4300.490
01/15/2025 03:00:00,6222.288,800.059,938.020,144.764,331.640,2474.447,508.100,1453.944,2466.564,4658.934,2078.427,732.243,404.697,4125.365,4721.436,1367.747,4262.554
01/15/2025 04:00:00,6185.118,791.806,930.746,139.484,329.735,2438.272,487.512,1429.537,2433.943,4622.596,2017.704,735.817,394.589,4121.253,4672.646,1365.599,4181.167
01/15/2025 05:00:00,6025.063,773.554,919.143,132.547,321.988,2360.596,458.954,1365.429,2352.437,4521.081,1942.205,704.265,379.443,4096.676,4597.058,1343.931,4034.711
01/15/2025 06:00:00,5854.304,738.696,911.625,126.600,312.355,2290.497,437.354,1318.698,2266.286,4425.143,1872.803,693.396,364.486,4070.948,4553.869,1330.218,3904.222
01/15/2025 07:00:00,5802.178,734.258,906.514,122.124,304.882,2278.754,424.131,1304.693,2251.423,4403.956,1833.380,685.635,357.660,4053.518,4504.075,1339.268,3846.313
01/15/2025 08:00:00,5812.546,733.901,900.678,119.413,305.784,2266.473,415.808,1297.011,2214.325,4389.501,1818.224,676.490,353.710,4053.591,4463.484,1350.323,3809.581
01/15/2025 09:00:00,5836.421,739.603,898.818,118.642,303.339,2260.992,414.611,1287.519,2235.653,4430.694,1816.111,684.210,354.807,4052.070,4462.252,1365.819,3800.995
01/15/2025 10:00:00,5908.170,751.614,902.257,119.519,304.440,2274.186,418.489,1298.256,2222.546,4462.231,1825.049,675.128,359.997,4074.916,4479.245,1383.966,3818.556
01/15/2025 11:00:00,6040.560,777.130,916.648,122.598,306.226,2315.660,427.143,1325.710,2262.397,4553.725,1856.243,685.069,372.036,4116.052,4486.358,1413.882,3897.017
01/15/2025 12:00:00,6326.045,827.585,938.579,128.184,318.772,2427.684,453.759,1389.159,2349.193,4705.464,1922.070,718.139,395.557,4196.683,4570.610,1463.306,4088.102
01/15/2025 13:00:00,6773.163,901.913,966.935,136.960,332.396,2573.603,494.954,1481.181,2459.124,5005.861,2032.300,757.891,428.166,4324.929,4680.368,1550.308,4396.431
01/15/2025 14:00:00,6978.499,935.676,987.025,142.690,342.086,2675.358,525.157,1529.313,2573.671,5208.219,2108.495,783.622,449.065,4429.796,4772.329,1591.566,4560.403
01/15/2025 15:00:00,6888.315,914.076,987.805,143.389,339.450,2658.894,528.500,1517.355,2557.791,5190.664,2097.082,788.198,445.464,4377.799,4752.446,1557.101,4556.440
01/15/2025 16:00:00,6591.435,849.901,975.626,138.980,334.332,2588.735,522.631,1475.409,2503.127,5040.071,2082.722,779.101,431.366,4197.820,4693.054,1462.454,4422.849
01/15/2025 17:00:00,6170.899,770.055,966.590,125.384,318.771,2462.658,499.613,1395.825,2421.855,4867.076,2058.058,769.070,418.216,4075.187,4618.218,1365.995,4286.784
01/15/2025 18:00:00,5829.128,714.977,951.651,117.710,313.750,2355.329,487.668,1297.698,2306.255,4701.026,2005.918,762.527,403.769,3983.380,4516.948,1279.263,4134.844
01/15/2025 19:00:00,5569.256,680.120,939.842,113.437,311.288,2279.339,472.859,1242.150,2239.517,4544.023,1961.832,747.315,391.867,3895.901,4401.513,1215.891,4019.885
01/15/2025 20:00:00,5371.552,644.370,930.259,110.917,304.402,2224.992,459.923,1200.475,2171.097,4406.354,1925.732,741.513,382.261,3841.166,4373.738,1169.016,3943.836
01/15/2025 21:00:00,5230.540,621.419,911.951,109.687,299.922,2181.572,443.047,1171.452,2123.356,4309.310,1891.852,744.626,373.250,3817.807,4358.488,1135.009,3870.205
01/15/2025 22:00:00,5138.907,619.757,897.642,111.222,298.525,2180.460,433.779,1175.837,2094.983,4239.771,1872.666,747.046,369.000,3791.948,4337.421,1125.084,3852.249
01/15/2025 23:00:00,5195.456,646.200,895.516,120.092,298.879,2218.448,444.471,1214.892,2076.320,4267.429,1889.221,748.665,372.657,3802.283,4386.836,1146.385,3894.545
01/16/2025 00:00:00,5453.756,703.756,907.779,131.621,311.212,2348.336,471.219,1310.272,2142.583,4463.026,1959.210,751.833,392.547,3920.867,4450.881,1234.641,4071.395
01/16/2025 01:00:00,5786.259,751.160,924.517,135.926,321.142,2415.522,483.346,1349.341,2218.878,4666.171,1991.676,764.692,404.354,4081.503,4484.329,1328.540,4207.469
01/16/2025 02:00:00,5900.299,764.238,925.923,134.128,322.530,2394.785,473.246,1351.593,2243.683,4716.944,1972.633,764.670,401.988,4160.275,4440.778,1366.910,4200.784
01/16/2025 03:00:00,6015.558,760.657,928.664,130.900,320.771,2365.749,455.103,1339.894,2220.669,4781.622,1927.348,769.004,395.012,4199.984,4401.263,1386.634,4165.526
01/16/2025 04:00:00,6018.519,744.082,930.006,123.643,311.638,2290.369,431.164,1298.854,2142.431,4750.951,1859.088,778.311,384.688,4243.614,4324.771,1385.123,4072.048
01/16/2025 05:00:00,5850.579,712.417,918.648,114.549,301.686,2163.863,399.393,1225.093,2030.978,4625.350,1770.283,765.252,367.481,4184.175,4219.324,1362.159,3901.454
01/16/2025 06:00:00,5714.072,685.962,901.624,106.713,289.868,2045.418,375.757,1172.080,1969.343,4513.175,1698.158,754.152,353.190,4115.244,4122.037,1344.763,3755.708
01/16/2025 07:00:00,5685.366,672.852,893.717,101.657,282.080,1987.872,360.885,1139.186,1970.076,4440.835,1659.387,746.763,341.546,4057.053,4065.763,1341.783,3667.523
01/16/2025 08:00:00,5721.247,664.993,892.072,100.053,275.709,1950.507,352.262,1113.294,1962.820,4421.608,1630.962,737.173,334.606,4043.716,4041.443,1348.067,3620.531
01/16/2025 09:00:00,5762.134,660.612,892.591,98.355,269.910,1928.463,348.166,1109.921,1973.817,4410.249,1626.133,717.728,331.013,4041.455,4054.774,1357.619,3591.579
01/16/2025 10:00:00,5859.532,663.259,896.422,98.667,271.658,1933.142,350.225,1108.653,1995.117,4408.407,1635.711,704.313,332.578,4067.077,4093.901,1369.317,3586.539
01/16/2025 11:00:00,6062.499,674.307,902.866,101.666,275.262,1971.984,360.778,1121.310,2020.261,4492.594,1660.521,699.443,339.577,4089.529,4148.867,1391.799,3635.265
01/16/2025 12:00:00,6388.428,711.674,919.839,109.049,286.706,2073.617,385.017,1171.379,2117.813,4641.054,1719.812,714.722,358.946,4125.728,4221.077,1430.523,3805.518
01/16/2025 13:00:00,6862.472,778.743,948.343,115.978,302.322,2219.388,428.039,1241.620,2260.470,4886.318,1829.013,743.441,389.328,4326.181,4415.306,1522.639,4041.372
01/16/2025 14:00:00,7081.260,813.118,961.292,119.525,304.331,2324.257,457.708,1280.594,2359.174,5039.420,1901.830,773.736,407.821,4455.899,4540.770,1558.096,4198.649
01/16/2025 15:00:00,6902.574,787.960,960.053,118.243,298.415,2294.046,455.214,1244.320,2332.553,4968.381,1884.681,772.586,404.643,4426.969,4462.226,1512.628,4169.814
01/16/2025 16:00:00,6520.820,735.445,939.958,110.907,293.238,2190.415,437.862,1169.630,2244.954,4777.178,1845.628,755.942,394.499,4229.174,4387.340,1407.811,4027.779
01/16/2025 17:00:00,6122.047,685.005,971.801,105.806,285.269,2101.748,427.437,1119.000,2195.233,4614.379,1819.646,742.280,388.741,4090.255,4324.765,1317.561,3934.676
01/16/2025 18:00:00,5738.942,646.493,924.055,102.129,282.089,2052.097,417.287,1075.768,2142.733,4478.600,1806.040,735.191,378.326,4014.888,4295.684,1247.222,3817.164
01/16/2025 19:00:00,5460.410,615.756,913.606,98.031,275.120,2002.290,405.487,1038.132,2092.140,4326.495,1788.597,711.456,368.357,3891.451,4260.693,1181.014,3722.985
01/16/2025 20:00:00,5240.386,598.731,903.637,95.648,270.505,1964.540,396.356,1008.195,2067.251,4207.205,1752.103,706.755,360.328,3838.567,4205.715,1133.340,3629.289
01/16/2025 21:00:00,5036.635,576.983,890.854,95.502,266.698,1932.113,388.673,984.202,2021.396,4144.796,1728.445,715.465,352.233,3826.131,4214.209,1097.061,3568.870
01/16/2025 22:00:00,4947.387,567.856,874.800,97.636,260.212,1915.505,383.834,996.635,1977.125,4102.730,1708.002,722.808,346.622,3755.410,4233.078,1086.695,3507.184
01/16/2025 23:00:00,4980.394,584.299,872.823,103.434,267.919,1941.588,392.267,1029.022,2013.085,4133.152,1706.834,739.617,348.772,3718.851,4261.642,1114.715,3554.768
01/17/2025 00:00:00,5206.978,625.213,881.619,113.106,276.353,2059.778,412.270,1126.007,2079.138,4240.991,1776.647,757.633,366.369,3774.025,4382.945,1168.575,3748.004
01/17/2025 01:00:00,5574.181,665.137,896.457,118.814,287.996,2143.511,424.679,1171.331,2118.231,4447.930,1826.682,792.944,377.814,3890.153,4380.999,1264.425,3903.588
01/17/2025 02:00:00,5751.104,679.343,900.530,117.708,287.118,2148.658,420.950,1192.233,2119.222,4510.028,1816.968,794.554,375.627,3985.677,4317.405,1286.952,3932.694
01/17/2025 03:00:00,5839.185,686.297,903.008,115.888,288.578,2144.650,416.494,1182.183,2126.041,4576.321,1809.482,786.377,372.002,3997.709,4275.964,1298.029,3932.356
01/17/2025 04:00:00,5811.184,679.621,896.069,112.008,282.743,2089.099,403.633,1163.805,2097.081,4526.162,1773.736,767.209,361.568,4008.290,4218.641,1298.721,3853.295
01/17/2025 05:00:00,5672.084,658.039,886.086,105.549,275.197,1998.291,382.641,1119.340,2041.015,4431.228,1710.092,752.894,346.550,3967.964,4111.605,1272.401,3707.867
01/17/2025 06:00:00,5521.904,638.286,877.533,99.448,264.456,1910.071,363.253,1077.080,1980.220,4316.846,1654.256,728.347,334.809,3929.035,4033.810,1250.648,3574.838
01/17/2025 07:00:00,5469.050,624.585,870.921,95.434,259.677,1865.451,351.384,1062.169,1949.416,4251.250,1620.846,706.432,321.458,3881.636,4009.335,1243.220,3478.404
01/17/2025 08:00:00,5464.131,617.499,869.333,93.270,252.976,1836.886,345.403,1044.712,1936.294,4209.985,1597.037,698.336,315.189,3856.081,3990.993,1248.658,3436.952
01/17/2025 09:00:00,5494.508,617.191,869.515,92.341,253.934,1820.501,341.786,1054.290,1935.292,4204.076,1597.171,691.120,313.817,3841.701,3970.365,1257.303,3422.924
01/17/2025 10:00:00,5615.370,624.217,873.450,93.682,248.234,1825.564,341.983,1060.060,1922.438,4234.441,1603.334,704.064,316.432,3841.370,3966.423,1266.679,3438.303
01/17/2025 11:00:00,5765.297,639.813,883.324,95.759,254.757,1867.487,347.917,1059.503,1944.905,4325.777,1621.886,715.693,324.326,3866.386,4008.238,1285.812,3501.050
01/17/2025 12:00:00,6048.663,677.587,900.621,100.097,265.377,1971.517,372.768,1106.674,2029.642,4485.513,1680.835,740.342,344.553,3865.782,4136.263,1322.584,3664.260
01/17/2025 13:00:00,6484.437,734.621,927.381,107.880,282.695,2127.762,414.807,1194.878,2175.835,4743.443,1797.731,768.933,375.502,3922.243,4323.333,1387.409,3897.311
01/17/2025 14:00:00,6655.507,762.274,940.635,114.442,284.763,2226.979,443.162,1234.183,2264.896,4899.091,1875.792,783.427,393.680,4011.796,4485.340,1419.543,4039.843
01/17/2025 15:00:00,6601.004,735.204,945.838,113.272,283.982,2198.536,442.834,1221.595,2238.764,4889.935,1871.539,786.232,389.077,4009.687,4517.155,1413.361,4003.362
01/17/2025 16:00:00,6368.861,689.788,941.699,106.935,282.872,2124.169,430.762,1170.204,2166.646,4856.556,1837.532,775.006,382.220,3929.790,4520.993,1383.376,3896.479
01/17/2025 17:00:00,6235.027,647.616,939.401,100.812,273.982,2050.223,418.537,1126.093,2110.741,4761.622,1818.174,736.054,377.452,3894.155,4515.853,1336.055,3798.723
01/17/2025 18:00:00,6106.225,629.840,936.517,96.276,270.368,2005.657,409.625,1095.327,2097.964,4589.352,1805.826,722.357,366.217,3813.947,4516.653,1286.275,3713.041
01/17/2025 19:00:00,5987.720,627.740,930.298,99.161,271.314,1979.652,404.416,1056.941,2036.250,4553.547,1783.182,735.316,366.985,3717.562,4489.641,1262.728,3661.993
01/17/2025 20:00:00,5898.455,621.155,920.016,100.702,264.856,1946.805,400.050,1047.122,2049.263,4545.065,1768.011,766.846,365.236,3700.908,4503.237,1231.636,3664.566
01/17/2025 21:00:00,5850.160,610.997,914.849,102.798,268.564,1952.796,394.997,1047.417,2061.181,4464.993,1747.718,768.427,362.300,3692.776,4501.096,1192.545,3639.577
01/17/2025 22:00:00,5749.763,610.936,902.299,103.136,266.074,1945.294,390.906,1074.576,2010.907,4342.954,1731.104,766.298,361.298,3713.602,4505.448,1170.069,3615.063
01/17/2025 23:00:00,5722.496,628.745,902.346,106.719,266.584,1962.033,399.406,1075.540,2101.304,4402.226,1765.501,777.443,360.526,3646.857,4566.932,1190.801,3700.590
01/18/2025 00:00:00,5814.049,646.707,903.388,113.499,273.719,2057.067,419.146,1129.158,2148.653,4494.441,1830.211,774.919,373.172,3665.101,4659.379,1224.229,3820.784
01/18/2025 01:00:00,5906.555,644.892,908.945,116.624,281.001,2083.857,428.987,1155.888,2237.435,4586.633,1861.540,783.082,368.810,3824.705,4693.773,1272.918,3905.353
01/18/2025 02:00:00,5870.618,630.118,907.110,114.133,278.699,2068.287,427.803,1142.600,2200.036,4566.313,1857.817,777.716,360.519,3791.447,4681.889,1270.288,3857.057
01/18/2025 03:00:00,5797.274,624.042,905.073,112.809,278.390,2058.085,425.453,1139.241,2240.703,4587.093,1843.133,777.385,350.624,3836.104,4684.672,1271.593,3832.764
01/18/2025 04:00:00,5650.721,608.769,900.388,109.640,271.890,2024.022,422.083,1109.775,2201.721,4539.006,1817.710,769.453,338.613,3825.053,4667.018,1275.933,3781.753
01/18/2025 05:00:00,5459.625,590.143,893.301,104.600,262.509,1969.667,409.606,1092.076,2194.735,4468.490,1787.771,758.593,323.271,3784.085,4618.948,1266.835,3687.860
01/18/2025 06:00:00,5240.540,572.848,878.943,100.939,260.386,1931.194,397.509,1076.554,2160.861,4379.975,1748.969,752.655,308.572,3801.228,4560.505,1252.884,3586.876
01/18/2025 07:00:00,5070.184,564.075,876.389,98.870,256.226,1914.528,391.428,1074.165,2155.194,4358.610,1735.493,740.392,295.891,3790.751,4549.431,1249.870,3533.003
01/18/2025 08:00:00,4960.403,563.314,872.343,97.132,252.703,1900.237,393.176,1071.326,2162.851,4321.913,1734.302,731.078,292.628,3825.803,4547.797,1251.627,3497.445
01/18/2025 09:00:00,4925.927,569.525,876.854,96.888,254.715,1900.756,400.521,1088.392,2174.637,4321.025,1740.863,734.130,295.318,3856.106,4532.458,1263.415,3504.827
01/18/2025 10:00:00,4948.360,585.669,884.423,99.255,256.912,1912.996,406.876,1112.545,2197.451,4331.888,1749.890,736.525,303.410,3888.771,4533.769,1271.625,3529.153
01/18/2025 11:00:00,5021.997,612.756,890.523,102.798,261.827,1977.163,416.644,1146.495,2229.605,4397.635,1772.530,734.094,312.475,3922.836,4561.267,1294.859,3603.329
01/18/2025 12:00:00,5201.188,646.910,902.532,108.665,270.809,2077.181,432.582,1201.526,2280.400,4509.507,1802.964,741.705,327.671,3952.465,4593.241,1339.220,3708.055
01/18/2025 13:00:00,5467.152,695.924,917.172,115.975,281.527,2192.354,451.676,1262.573,2349.558,4680.714,1857.680,753.848,349.127,3999.603,4657.180,1408.786,3824.273
01/18/2025 14:00:00,5720.402,739.414,929.952,120.950,287.089,2296.859,468.241,1330.691,2410.182,4834.793,1918.358,764.137,362.836,4098.195,4745.598,1477.205,3963.709
01/18/2025 15:00:00,5878.310,763.487,937.095,126.093,291.846,2369.124,476.985,1371.115,2444.774,4928.287,1955.222,775.871,371.647,4167.934,4789.709,1513.554,4071.644
01/18/2025 16:00:00,5917.030,772.830,948.834,123.934,293.297,2367.557,491.607,1370.312,2456.041,4966.569,1989.384,780.554,378.363,4098.358,4805.074,1516.650,4157.493
01/18/2025 17:00:00,5866.417,770.961,948.004,121.072,292.565,2361.492,497.011,1307.840,2432.090,4932.168,1995.702,802.939,387.885,4084.798,4778.991,1493.684,4169.362
01/18/2025 18:00:00,5747.406,744.227,951.091,118.237,289.557,2346.962,485.099,1287.236,2386.655,4847.663,1984.648,791.855,391.330,4052.644,4764.397,1458.826,4170.775
01/18/2025 19:00:00,5637.380,743.579,947.680,120.772,288.384,2338.242,479.594,1286.661,2342.492,4821.459,1959.121,778.336,387.566,3968.637,4751.875,1413.260,4103.230
01/18/2025 20:00:00,5620.678,748.291,949.268,123.171,287.993,2320.394,472.726,1254.443,2273.880,4834.829,1926.431,777.553,389.986,3916.274,4700.421,1400.005,4078.533
01/18/2025 21:00:00,5621.049,747.428,947.581,121.966,286.626,2309.563,465.028,1255.310,2264.476,4874.473,1902.861,777.556,394.594,3887.370,4707.801,1408.597,4077.290
01/18/2025 22:00:00,5715.414,761.220,944.941,124.489,290.016,2310.496,470.784,1285.678,2291.356,4950.641,1901.494,776.054,398.522,3898.235,4753.669,1448.129,4121.487
01/18/2025 23:00:00,5864.290,794.435,950.388,131.116,294.182,2346.852,481.168,1313.006,2326.409,5068.660,1932.368,776.846,404.238,3957.829,4828.359,1506.402,4184.737
01/19/2025 00:00:00,6172.696,838.895,955.013,141.078,304.242,2453.192,505.506,1376.530,2438.150,5308.503,2017.443,776.575,428.781,4042.206,4949.383,1589.800,4311.218
01/19/2025 01:00:00,6406.972,856.351,967.849,143.755,309.502,2469.793,512.759,1396.522,2498.527,5514.587,2050.319,790.633,435.091,4145.865,5003.205,1662.022,4367.464
01/19/2025 02:00:00,6473.155,872.146,968.781,145.105,312.124,2486.130,510.859,1422.584,2476.075,5488.913,2053.428,795.488,436.170,4210.031,4990.901,1673.104,4385.626
01/19/2025 03:00:00,6498.972,867.316,968.270,143.897,310.870,2473.853,503.175,1411.870,2468.242,5480.011,2040.251,795.051,428.024,4239.957,4970.339,1667.777,4333.494
01/19/2025 04:00:00,6498.252,858.955,958.571,140.124,307.301,2438.554,491.024,1408.259,2447.048,5401.505,2015.696,781.813,418.336,4248.278,4956.171,1665.419,4268.065
01/19/2025 05:00:00,6456.417,843.710,957.357,134.346,300.039,2381.038,472.394,1369.424,2401.333,5339.841,1960.557,764.311,407.445,4222.088,4919.525,1651.607,4176.535
01/19/2025 06:00:00,6406.300,834.610,942.128,130.191,296.013,2325.275,455.258,1347.695,2388.417,5279.386,1909.708,750.480,398.894,4172.150,4865.544,1643.052,4091.310
01/19/2025 07:00:00,6399.289,831.739,935.166,126.797,293.135,2292.668,445.120,1336.479,2365.139,5223.913,1872.200,725.355,393.076,4198.349,4832.893,1643.161,4028.167
01/19/2025 08:00:00,6456.481,837.165,932.082,125.271,291.684,2288.331,443.728,1338.980,2370.576,5185.273,1869.547,706.488,389.534,4182.829,4817.735,1649.012,3998.828
01/19/2025 09:00:00,6566.045,846.917,940.691,125.629,290.043,2291.623,449.626,1338.923,2391.683,5173.225,1888.012,680.295,389.867,4199.723,4799.723,1657.906,3975.600
01/19/2025 10:00:00,6703.251,867.189,943.438,126.254,290.005,2295.602,459.155,1355.799,2409.374,5204.054,1911.570,690.769,395.840,4240.365,4784.746,1675.113,3969.921
01/19/2025 11:00:00,6882.139,891.837,952.217,127.917,291.218,2320.976,467.149,1376.544,2443.965,5248.464,1932.708,711.701,405.909,4268.836,4795.912,1696.653,4004.739
01/19/2025 12:00:00,7112.284,921.413,961.500,130.646,296.790,2381.376,484.183,1399.310,2485.614,5307.971,1962.909,737.355,415.812,4319.029,4819.508,1727.570,4096.027
01/19/2025 13:00:00,7316.430,954.637,972.420,135.512,304.794,2469.166,504.442,1448.917,2546.597,5424.852,1998.569,743.894,427.646,4391.521,4833.419,1768.681,4215.218
01/19/2025 14:00:00,7582.450,985.777,981.230,140.940,308.217,2546.528,525.329,1505.256,2619.968,5497.676,2036.187,744.494,440.180,4452.439,4884.401,1824.573,4329.837
01/19/2025 15:00:00,7749.042,981.383,990.638,142.396,311.330,2570.817,530.438,1536.591,2586.008,5558.411,2058.499,741.857,441.225,4427.724,4898.195,1839.815,4382.163
01/19/2025 16:00:00,7635.910,948.404,993.454,138.697,315.412,2573.659,526.663,1519.335,2551.069,5493.189,2068.704,727.341,438.895,4313.646,4867.556,1792.457,4340.807
01/19/2025 17:00:00,7365.586,916.574,983.869,136.197,316.358,2558.437,525.482,1490.087,2516.593,5386.270,2079.199,730.297,437.690,4176.476,4834.767,1715.871,4297.709
01/19/2025 18:00:00,7090.814,889.900,979.878,135.201,315.959,2537.634,518.905,1459.054,2460.445,5267.744,2073.493,722.393,436.589,4070.863,4801.793,1621.140,4246.529
01/19/2025 19:00:00,6892.181,867.012,964.036,134.651,312.918,2521.922,508.921,1435.918,2431.069,5195.250,2058.249,717.619,435.105,3995.139,4750.522,1576.430,4194.207
01/19/2025 20:00:00,6699.895,846.181,961.457,134.046,309.998,2507.142,498.274,1414.582,2387.200,5070.915,2030.617,709.184,429.571,3941.421,4698.109,1518.482,4166.392
01/19/2025 21:00:00,6524.409,831.537,954.876,134.944,307.388,2487.474,488.134,1398.720,2329.314,4994.669,2009.070,693.524,426.686,3876.829,4655.960,1475.051,4134.676
01/19/2025 22:00:00,6484.314,837.728,949.379,137.981,307.257,2494.614,485.099,1409.541,2320.498,4954.513,1993.839,689.188,427.497,3865.060,4639.312,1464.182,4124.104
01/19/2025 23:00:00,6644.840,873.970,957.354,146.879,312.772,2556.769,496.155,1451.526,2383.492,5017.697,2020.731,692.215,440.120,3885.832,4565.745,1495.545,4209.599
01/20/2025 00:00:00,7076.907,948.967,976.273,160.679,327.202,2704.884,527.704,1543.799,2513.144,5253.438,2101.325,708.629,469.295,4037.856,4710.999,1591.705,4423.810
01/20/2025 01:00:00,7479.903,1000.218,987.754,165.127,338.106,2772.207,539.466,1584.904,2610.733,5452.100,2145.047,727.275,486.428,4225.220,4808.521,1681.007,4548.864
01/20/2025 02:00:00,7619.408,1010.913,992.512,163.197,343.653,2756.418,536.322,1577.471,2627.046,5539.931,2134.805,737.103,483.605,4316.316,4818.174,1712.529,4546.770
01/20/2025 03:00:00,7681.124,1009.933,997.944,159.972,348.151,2730.407,529.743,1579.897,2616.629,5530.022,2123.844,736.523,478.449,4316.111,4830.020,1725.478,4547.698
01/20/2025 04:00:00,7678.581,1010.935,993.521,156.462,341.637,2690.691,519.956,1563.364,2581.115,5497.470,2083.121,742.421,472.422,4270.652,4781.332,1717.316,4500.002
01/20/2025 05:00:00,7540.524,994.130,985.889,150.159,334.091,2611.876,506.335,1503.814,2524.867,5398.436,2016.289,738.923,459.166,4223.497,4724.011,1698.278,4397.411
01/20/2025 06:00:00,7438.367,984.052,974.773,145.645,330.543,2560.732,494.060,1491.428,2483.767,5333.793,1968.820,740.261,449.879,4158.829,4668.341,1684.348,4312.513
01/20/2025 07:00:00,7394.862,985.851,970.071,142.222,326.198,2525.628,487.671,1472.966,2476.431,5276.575,1935.813,715.823,443.762,4142.259,4718.805,1676.666,4251.887
01/20/2025 08:00:00,7372.401,991.410,965.478,140.194,319.818,2506.253,489.576,1488.134,2487.709,5261.909,1928.440,703.803,442.355,4125.759,4730.345,1678.264,4212.737
01/20/2025 09:00:00,7385.348,994.551,966.570,138.889,321.658,2501.929,490.501,1485.430,2477.195,5228.535,1933.752,690.324,441.760,4125.234,4751.169,1680.029,4196.549
01/20/2025 10:00:00,7425.135,1011.933,975.218,139.637,322.846,2507.715,494.298,1493.987,2490.252,5219.764,1941.363,693.733,445.124,4119.912,4743.676,1688.110,4207.276
01/20/2025 11:00:00,7547.005,1042.111,982.539,141.455,327.072,2538.722,505.271,1515.676,2524.237,5289.693,1970.385,699.405,453.885,4171.185,4671.551,1696.345,4248.662
01/20/2025 12:00:00,7815.795,1090.003,1003.314,144.669,330.972,2609.030,527.036,1582.268,2618.274,5385.529,2023.252,726.862,470.724,4263.280,4757.095,1724.377,4383.499
01/20/2025 13:00:00,8162.103,1141.248,1020.009,150.071,341.486,2715.770,557.549,1648.147,2750.419,5594.238,2111.874,760.942,495.502,4357.210,4873.841,1774.416,4567.355
01/20/2025 14:00:00,8422.147,1178.226,1035.248,153.396,346.188,2801.452,586.766,1697.569,2869.562,5723.206,2188.936,805.198,510.750,4457.663,4982.373,1817.957,4734.758
01/20/2025 15:00:00,8400.774,1148.930,1039.254,153.899,349.395,2833.807,592.053,1707.137,2826.965,5774.951,2210.104,830.712,509.466,4476.833,5023.961,1832.213,4803.725
01/20/2025 16:00:00,8219.526,1083.130,1037.457,152.185,352.065,2837.972,582.844,1668.212,2772.729,5794.466,2221.304,864.588,500.201,4422.365,5001.546,1813.236,4817.225
01/20/2025 17:00:00,7867.354,1028.918,1026.970,146.193,349.066,2782.041,576.793,1603.044,2761.716,5753.082,2219.700,867.419,490.244,4399.946,5004.658,1758.792,4786.250
01/20/2025 18:00:00,7537.752,981.707,1014.096,140.952,343.768,2715.521,571.263,1540.459,2747.220,5635.747,2226.227,858.820,475.172,4314.108,5048.016,1685.712,4744.247
01/20/2025 19:00:00,7281.084,944.667,1010.065,139.738,338.725,2665.583,571.632,1519.805,2715.037,5562.543,2235.359,847.385,465.224,4210.012,5007.200,1632.145,4700.724
01/20/2025 20:00:00,7082.672,918.828,1001.601,141.365,336.921,2633.995,573.035,1489.304,2700.946,5457.712,2247.856,843.534,461.402,4158.052,4947.862,1591.246,4650.043
01/20/2025 21:00:00,6991.213,884.816,991.490,141.193,333.342,2612.422,575.084,1485.111,2686.974,5429.468,2258.560,842.511,457.612,4138.578,4913.626,1583.025,4600.861
01/20/2025 22:00:00,7028.047,873.395,985.225,145.902,335.823,2639.999,583.045,1498.765,2702.218,5396.396,2258.448,832.800,447.897,4080.528,4919.693,1594.895,4575.457
01/20/2025 23:00:00,7223.897,908.455,987.507,152.498,341.808,2702.544,598.820,1531.339,2741.963,5440.775,2281.642,823.526,452.222,4159.983,4986.940,1625.638,4618.471
01/21/2025 00:00:00,7544.209,977.377,999.674,165.072,355.231,2827.878,622.203,1627.033,2846.569,5571.538,2367.665,813.998,480.018,4312.660,4995.097,1675.094,4736.482
01/21/2025 01:00:00,7772.075,1008.665,1012.209,170.178,357.627,2890.307,637.188,1670.908,2903.134,5702.389,2407.198,817.227,489.081,4519.383,5028.975,1729.554,4852.638
01/21/2025 02:00:00,7754.099,1016.249,1006.581,168.359,362.719,2874.286,629.803,1669.392,2873.222,5639.159,2378.698,827.370,484.709,4615.827,4977.581,1718.486,4828.567
01/21/2025 03:00:00,7718.725,1011.707,1008.077,166.394,365.581,2871.765,619.847,1675.393,2877.816,5654.813,2345.527,855.248,476.751,4630.091,4947.913,1724.612,4816.741
01/21/2025 04:00:00,7572.745,1005.335,996.706,161.530,358.416,2815.236,602.462,1645.105,2846.817,5585.260,2275.312,822.302,467.278,4593.209,4842.946,1708.129,4723.903
01/21/2025 05:00:00,7364.519,974.775,986.193,153.913,346.713,2728.415,575.446,1600.178,2775.040,5462.309,2200.811,783.145,453.688,4506.086,4796.334,1686.680,4574.841
01/21/2025 06:00:00,7211.884,966.423,977.337,149.843,344.860,2672.584,554.952,1572.085,2709.082,5365.713,2142.626,750.588,444.303,4446.516,4699.807,1670.654,4445.162
01/21/2025 07:00:00,7142.216,966.449,971.435,147.455,343.545,2659.628,547.760,1561.842,2700.418,5298.506,2110.483,735.817,437.718,4422.278,4636.636,1661.196,4370.633
01/21/2025 08:00:00,7157.389,976.534,973.385,145.917,336.258,2660.889,545.958,1565.533,2700.892,5292.035,2094.264,731.542,435.981,4429.629,4625.007,1670.259,4351.907
01/21/2025 09:00:00,7211.266,995.683,982.543,146.429,342.646,2669.677,547.262,1581.890,2719.182,5338.255,2091.551,704.548,439.864,4430.281,4661.752,1708.529,4358.574
01/21/2025 10:00:00,7329.611,1021.501,989.682,147.766,340.117,2690.910,552.022,1608.936,2757.586,5391.535,2092.813,709.786,446.486,4439.510,4696.292,1743.396,4391.714
01/21/2025 11:00:00,7469.819,1057.421,1004.495,150.403,347.062,2740.445,565.953,1637.752,2784.073,5495.273,2119.477,732.477,461.018,4428.952,4730.213,1784.534,4487.304
01/21/2025 12:00:00,7805.324,1115.201,1020.392,155.024,351.903,2840.019,589.221,1712.995,2871.011,5736.376,2171.793,774.357,485.326,4461.560,4806.744,1852.347,4694.496
01/21/2025 13:00:00,8329.114,1189.230,1046.839,162.163,368.919,2976.377,626.318,1782.719,2989.277,6085.330,2256.598,841.496,519.993,4521.448,4884.177,1945.844,4971.581
01/21/2025 14:00:00,8601.863,1228.744,1069.084,167.091,379.501,3078.477,654.601,1847.556,3038.064,6297.116,2345.478,879.626,542.445,4549.452,4959.544,1988.635,5144.702
01/21/2025 15:00:00,8526.576,1197.686,1073.422,167.375,379.692,3050.249,654.995,1840.343,2994.377,6276.071,2345.112,891.206,542.879,4478.083,4979.144,1938.662,5160.793
01/21/2025 16:00:00,8311.671,1139.842,1061.455,160.395,375.209,2996.078,636.115,1787.282,2905.910,6137.756,2328.242,877.893,535.222,4315.479,4957.344,1853.580,5123.195
01/21/2025 17:00:00,8092.421,1083.145,1054.534,155.567,372.505,2930.409,623.834,1726.271,2846.800,6013.728,2308.406,864.003,525.784,4167.576,4847.957,1776.726,5042.836
01/21/2025 18:00:00,7821.914,1027.764,1050.572,152.025,365.816,2859.953,605.842,1644.137,2721.610,5851.279,2279.666,850.665,514.496,4049.861,4781.675,1692.393,4948.696
01/21/2025 19:00:00,7578.371,974.192,1039.903,147.781,357.091,2800.781,588.203,1599.597,2620.949,5679.636,2243.002,834.468,503.384,3955.146,4820.133,1622.130,4860.900
01/21/2025 20:00:00,7327.348,935.591,1023.498,145.181,352.607,2748.980,577.546,1571.487,2532.778,5528.543,2199.903,820.472,490.775,3963.872,4774.532,1563.055,4769.997
01/21/2025 21:00:00,7127.519,900.607,981.421,143.129,347.396,2684.640,560.051,1544.445,2481.791,5390.559,2166.725,815.601,477.637,3866.662,4727.079,1521.837,4648.952
01/21/2025 22:00:00,7033.267,889.605,970.342,144.831,345.110,2657.865,556.015,1545.984,2470.750,5309.948,2130.234,800.564,469.123,3833.512,4684.763,1489.735,4566.925
01/21/2025 23:00:00,7165.403,923.615,973.151,153.661,345.892,2687.691,573.863,1572.976,2487.972,5313.895,2180.532,773.386,471.663,3840.570,4748.881,1555.300,4596.634
01/22/2025 00:00:00,7562.096,992.320,989.247,167.048,355.972,2818.255,593.302,1654.410,2499.449,5522.626,2248.868,791.232,495.256,3907.434,4785.654,1648.056,4744.175
01/22/2025 01:00:00,8020.535,1038.342,1006.811,171.277,365.923,2890.553,594.548,1704.689,2518.467,5740.790,2258.157,822.024,509.296,4049.856,4791.797,1735.352,4889.089
01/22/2025 02:00:00,8169.841,1053.342,1007.361,168.281,367.389,2851.417,580.912,1692.754,2491.196,5797.508,2224.774,793.010,504.988,4138.218,4723.101,1764.230,4851.679
01/22/2025 03:00:00,8233.808,1056.082,1011.198,163.791,360.933,2815.085,563.344,1671.038,2476.372,5808.033,2183.635,810.235,497.397,4177.296,4652.432,1769.511,4801.557
01/22/2025 04:00:00,8131.889,1033.178,1005.042,157.597,353.644,2738.934,538.011,1630.384,2451.771,5719.946,2115.057,796.158,485.802,4165.623,4553.608,1752.372,4680.847
01/22/2025 05:00:00,7962.617,1004.049,992.717,148.402,340.150,2621.719,501.858,1560.610,2340.569,5605.968,2027.258,780.192,468.540,4137.209,4445.360,1721.368,4524.248
01/22/2025 06:00:00,7802.984,972.831,981.802,141.002,328.587,2514.304,468.981,1484.701,2250.069,5471.663,1942.064,768.972,454.942,4118.203,4352.782,1696.661,4370.307
01/22/2025 07:00:00,7717.834,959.975,968.684,135.657,320.041,2456.069,449.214,1451.723,2207.127,5406.634,1881.781,760.987,441.460,4057.858,4274.842,1681.565,4281.769
01/22/2025 08:00:00,7703.233,942.987,962.324,132.710,313.458,2412.012,438.402,1432.426,2156.896,5374.640,1853.810,746.454,434.128,4015.914,4229.993,1686.134,4219.974
01/22/2025 09:00:00,7718.811,937.734,967.966,130.423,309.884,2388.998,435.169,1412.382,2201.720,5303.884,1839.653,737.636,430.077,4025.483,4202.530,1692.995,4160.349
01/22/2025 10:00:00,7784.913,936.474,969.949,129.062,311.308,2377.188,434.411,1394.833,2199.928,5307.382,1829.389,758.898,433.391,4032.300,4199.689,1694.455,4154.009
01/22/2025 11:00:00,7921.788,950.292,974.966,130.550,310.791,2394.379,442.231,1394.144,2224.424,5361.056,1844.652,761.535,439.284,4027.180,4208.361,1708.367,4197.727
01/22/2025 12:00:00,8176.452,986.798,984.737,133.841,319.108,2468.739,464.790,1432.811,2308.347,5489.588,1901.185,783.864,457.102,4069.821,4286.059,1746.362,4336.457
01/22/2025 13:00:00,8596.893,1049.036,1012.241,140.442,332.690,2605.062,502.937,1511.396,2428.525,5713.726,2004.887,806.135,485.310,4165.475,4475.256,1806.528,4596.801
01/22/2025 14:00:00,8746.833,1073.159,1023.488,142.242,341.219,2702.407,525.856,1539.205,2511.018,5876.371,2066.485,834.250,503.465,4209.477,4621.100,1817.807,4774.378
01/22/2025 15:00:00,8540.660,1024.861,1025.754,142.244,336.431,2689.800,521.502,1519.772,2515.340,5824.288,2050.164,858.648,499.112,4149.712,4611.466,1764.814,4756.632
01/22/2025 16:00:00,8166.787,962.065,1014.965,139.075,335.059,2637.808,518.764,1479.753,2477.696,5664.771,2035.635,846.752,483.376,4044.366,4613.008,1674.400,4637.650
01/22/2025 17:00:00,7755.611,902.187,1001.149,134.128,337.689,2541.669,509.745,1408.911,2454.605,5487.290,2015.704,834.453,471.599,3920.704,4608.775,1592.169,4534.928
01/22/2025 18:00:00,7335.005,849.314,984.822,130.018,326.067,2475.255,494.590,1354.517,2401.690,5316.070,1890.309,818.361,457.125,3846.049,4579.404,1513.410,4400.046
01/22/2025 19:00:00,6964.417,800.099,971.067,125.282,317.909,2403.653,492.480,1304.718,2393.693,5112.342,1986.412,798.342,439.092,3793.416,4535.620,1436.692,4276.414
01/22/2025 20:00:00,6647.253,766.471,954.582,119.730,318.909,2353.102,483.062,1267.401,2380.562,4959.584,1968.565,786.227,426.925,3747.602,4512.466,1371.542,4188.338
01/22/2025 21:00:00,6388.171,743.776,933.777,126.845,312.478,2358.139,480.185,1287.341,2365.580,4849.203,1951.322,778.494,416.725,3731.094,4520.669,1312.039,4088.506
01/22/2025 22:00:00,6254.295,739.517,920.784,124.507,305.301,2310.747,481.260,1310.210,2311.452,4848.654,1930.409,787.067,412.173,3696.653,4512.034,1282.963,4029.772
01/22/2025 23:00:00,6354.844,766.165,923.102,129.486,303.484,2349.963,486.638,1321.184,2349.078,4769.717,1957.870,791.915,416.387,3718.757,4600.890,1307.936,4096.767
01/23/2025 00:00:00,6636.506,815.463,933.590,138.641,316.286,2446.442,495.623,1359.754,2379.545,4899.179,2010.439,779.873,437.454,3792.228,4721.594,1385.631,4189.787
01/23/2025 01:00:00,6942.921,847.481,948.385,144.550,319.839,2486.001,498.784,1382.799,470.002,5082.953,669.688,782.723,447.688,3869.142,937.671,1450.517,4296.285
01/23/2025 02:00:00,,,,,,,,,107.842,,400.767,,,,171.377,,
01/23/2025 03:00:00,7205.164,848.466,988.034,133.813,309.051,2382.719,470.619,1347.404,1811.135,5217.160,1532.699,818.295,429.233,4254.787,3535.742,1528.036,4192.540
01/23/2025 04:00:00,7153.029,825.963,987.776,128.211,305.518,2303.065,452.544,1317.249,2369.513,5156.073,1899.261,808.579,418.164,4265.711,4633.509,1529.446,4090.254
01/23/2025 05:00:00,6992.059,798.324,980.234,120.425,292.940,2185.041,425.438,1250.451,2292.565,5075.778,1832.554,792.797,399.776,4226.993,4558.590,1513.081,3939.962
01/23/2025 06:00:00,6834.808,776.092,972.495,114.220,283.932,2094.440,408.982,1201.953,2233.109,4992.343,1788.206,782.820,384.429,4185.759,4497.447,1501.669,3821.061
01/23/2025 07:00:00,6739.700,767.037,957.222,110.249,276.027,2047.915,406.016,1187.712,2219.325,4919.695,1776.697,770.151,375.476,4139.766,4463.174,1496.628,3751.290
01/23/2025 08:00:00,6758.874,764.246,959.160,108.112,273.252,2025.271,410.862,1171.292,2218.432,4888.295,1780.987,761.049,369.432,4130.582,4427.728,1511.157,3717.450
01/23/2025 09:00:00,6760.583,766.865,961.601,106.981,273.342,2006.429,414.981,1159.103,2215.429,4863.157,1803.881,758.479,368.365,4182.166,4452.173,1526.868,3713.983
01/23/2025 10:00:00,6859.589,768.805,976.141,107.887,271.656,2026.763,423.363,1161.828,2256.450,4890.437,1835.425,753.908,372.054,4217.945,4474.327,1545.572,3791.126
01/23/2025 11:00:00,7073.046,785.579,984.965,111.250,277.019,2088.105,439.032,1198.076,2294.930,4966.572,1876.829,741.336,376.212,4242.043,4488.288,1575.724,3869.054
01/23/2025 12:00:00,7395.841,826.006,1003.523,119.868,296.033,2235.788,471.568,1266.482,2407.500,5125.334,1944.050,757.867,395.573,4315.024,4567.127,1617.283,3985.800
01/23/2025 13:00:00,7860.901,891.593,1034.213,130.309,315.064,2440.767,519.904,1381.226,2557.562,5382.657,2067.403,796.649,425.799,4427.649,4735.361,1684.654,4291.888
01/23/2025 14:00:00,8067.940,928.166,1050.809,136.617,327.220,2580.728,554.897,1454.692,2681.341,5536.676,2149.263,809.859,445.092,4523.217,4864.372,1720.236,4414.332
01/23/2025 15:00:00,7840.666,890.191,1033.313,136.673,332.330,2578.986,551.925,1457.165,2693.464,5469.183,2132.736,806.990,443.265,4490.762,4842.077,1677.979,4416.547
01/23/2025 16:00:00,7341.527,853.404,1020.559,130.094,327.306,2514.874,543.551,1404.081,2640.776,5262.958,2110.899,796.102,435.279,4349.901,4799.637,1561.759,4332.147
01/23/2025 17:00:00,6858.172,835.623,1007.243,125.512,324.470,2458.283,532.771,1368.413,2616.951,5151.160,2091.805,809.687,440.742,4245.618,4720.636,1471.696,4282.309
01/23/2025 18:00:00,6465.619,800.647,992.031,123.121,320.093,2425.857,524.071,1330.274,2553.931,4998.241,2069.263,814.244,442.250,4168.959,4642.312,1397.345,4239.674
01/23/2025 19:00:00,6169.779,793.570,979.232,119.441,316.706,2414.870,519.260,1325.223,2534.761,4860.771,2055.755,800.275,436.430,4121.705,4567.237,1344.708,4169.469
01/23/2025 20:00:00,5996.508,776.350,971.183,117.489,317.679,2379.366,505.943,1296.307,2522.433,4756.839,2020.952,794.136,432.443,4072.075,4528.182,1317.513,4117.105
01/23/2025 21:00:00,5861.724,766.724,966.273,118.151,312.911,2334.720,491.104,1265.137,2454.499,4726.746,1986.602,790.273,438.231,4034.159,4482.506,1295.251,4042.070
01/23/2025 22:00:00,5830.197,762.019,958.754,122.430,310.168,2336.144,481.178,1263.441,2455.691,4730.386,1967.342,787.193,426.249,3996.713,4487.703,1308.393,4019.759
01/23/2025 23:00:00,5925.002,790.498,965.141,131.872,316.675,2390.431,489.224,1318.248,2494.382,4835.939,1992.576,767.583,423.683,3994.560,4520.272,1351.897,4074.319
01/24/2025 00:00:00,6272.847,855.494,985.998,143.672,327.078,2515.931,509.859,1423.698,2527.786,4968.088,2059.513,749.723,446.618,4058.400,4600.116,1421.472,4194.998
01/24/2025 01:00:00,6735.153,902.998,1004.940,149.445,339.973,2598.896,522.862,1472.067,2576.474,5162.364,2115.215,746.891,463.615,4195.933,4659.408,1503.661,4293.581
01/24/2025 02:00:00,6939.782,917.044,1003.730,150.863,336.281,2597.756,520.057,1482.509,2573.294,5211.942,2106.722,755.847,461.209,4303.333,4669.225,1536.502,4266.952
01/24/2025 03:00:00,7014.066,921.388,998.851,147.385,334.001,2581.108,511.063,1496.555,2573.315,5236.050,2085.093,754.933,454.780,4377.154,4701.461,1551.163,4267.961
01/24/2025 04:00:00,6945.913,907.015,992.337,143.148,333.699,2528.558,494.377,1462.741,2512.761,5175.243,1977.524,744.462,444.650,4390.042,4676.339,1547.511,4201.887
01/24/2025 05:00:00,6794.886,882.632,990.634,136.013,320.771,2439.147,466.192,1429.688,2507.870,5064.777,1966.890,738.259,429.787,4357.039,4640.661,1525.573,4079.075
01/24/2025 06:00:00,6667.158,870.279,976.658,129.933,316.981,2378.164,447.942,1404.979,2455.874,5006.452,1906.233,736.056,416.606,4320.950,4534.210,1522.001,3990.481
01/24/2025 07:00:00,6634.099,873.563,965.611,127.308,305.963,2377.655,441.096,1402.441,2443.931,5008.014,1857.270,744.990,405.510,4253.978,4459.701,1533.281,3981.451
01/24/2025 08:00:00,6686.039,882.593,955.351,124.748,309.505,2387.769,439.296,1420.247,2415.950,4999.372,1843.319,764.946,404.754,4243.908,4389.013,1550.286,3990.800
01/24/2025 09:00:00,6764.278,901.408,964.808,124.898,309.189,2386.248,439.555,1429.894,2405.099,4998.132,1841.935,773.562,406.383,4230.225,4368.424,1575.571,3982.625
01/24/2025 10:00:00,6870.176,920.880,973.135,126.424,301.220,2378.917,442.213,1434.560,2384.369,5015.699,1857.091,769.368,411.762,4242.104,4354.853,1595.465,3983.952
01/24/2025 11:00:00,7088.892,947.125,983.137,129.680,303.982,2422.793,451.262,1454.011,2394.236,5114.148,1879.447,787.123,423.495,4255.016,4368.628,1624.038,4059.365
01/24/2025 12:00:00,7467.382,995.158,994.391,134.391,320.814,2514.137,470.771,1515.664,2433.280,5334.848,1924.521,801.785,443.603,4324.412,4423.016,1672.335,4251.657
01/24/2025 13:00:00,7895.860,1062.251,1020.936,141.675,333.269,2659.026,508.444,1600.197,2507.939,5588.356,2026.067,823.289,474.482,4428.893,4590.016,1738.415,4506.340
01/24/2025 14:00:00,8119.024,1093.177,1036.996,145.383,338.556,2744.638,536.449,1641.346,2596.145,5712.589,2102.590,846.532,491.336,4509.554,4737.633,1771.983,4649.647
01/24/2025 15:00:00,7903.878,1044.068,1034.547,143.324,339.130,2706.312,540.340,1594.752,2580.110,5656.318,2101.322,839.967,486.976,4469.507,4703.234,1717.345,4608.636
01/24/2025 16:00:00,7407.356,957.255,1023.574,134.285,334.196,2626.790,531.995,1534.408,2542.677,5418.574,2105.787,827.443,468.897,4342.895,4682.758,1599.609,4440.541
01/24/2025 17:00:00,6910.560,880.931,1007.819,130.113,329.330,2550.464,511.460,1469.916,2443.591,5228.554,2076.765,803.312,454.743,4233.479,4642.536,1500.099,4290.257
01/24/2025 18:00:00,6454.380,818.812,987.988,123.599,317.087,2456.886,488.386,1384.236,2375.467,5057.020,1941.612,782.110,438.997,4144.744,4568.032,1419.034,4164.602
01/24/2025 19:00:00,6090.269,765.543,965.380,117.602,309.648,2384.562,471.636,1301.816,2269.000,4873.208,1946.457,755.697,422.082,4049.729,4484.826,1345.279,4030.383
01/24/2025 20:00:00,5829.744,725.618,944.202,110.489,304.158,2278.958,448.375,1252.992,2202.153,4752.965,1889.700,732.012,406.789,3980.000,4430.506,1294.395,3909.323
01/24/2025 21:00:00,5611.690,687.946,928.530,109.768,294.572,2309.839,427.620,1215.464,2139.322,4638.012,1845.908,713.452,391.514,3905.300,4397.117,1250.246,3816.015
01/24/2025 22:00:00,5501.054,673.135,919.063,116.696,293.256,2204.436,414.989,1176.033,2125.691,4576.286,1809.316,705.962,382.334,3862.065,4382.269,1236.616,3740.682
01/24/2025 23:00:00,5542.215,684.602,920.490,122.625,295.111,2220.971,417.981,1187.675,2156.951,4566.070,1823.316,709.504,382.823,3849.216,4396.632,1250.944,3759.714
01/25/2025 00:00:00,5749.576,722.142,932.553,126.721,295.820,2277.408,432.814,1249.152,2189.041,4661.196,1865.178,721.262,398.355,3886.416,4467.035,1298.421,3879.002
01/25/2025 01:00:00,6091.618,754.022,950.875,129.685,305.085,2332.789,441.481,1267.497,2254.439,4823.841,1897.671,748.401,410.963,4024.548,4482.144,1373.696,4035.803
01/25/2025 02:00:00,6214.040,759.442,946.040,127.110,303.454,2287.324,434.752,1255.188,2235.318,4852.545,1874.602,763.627,406.791,4073.954,4451.682,1396.693,4025.085
01/25/2025 03:00:00,6273.627,758.368,944.941,124.097,293.625,2248.591,426.877,1252.485,2226.254,4844.408,1848.753,745.581,397.317,4103.401,4445.054,1401.604,4011.142
01/25/2025 04:00:00,6251.139,746.732,937.479,119.866,287.922,2199.483,411.552,1231.008,2203.827,4813.087,1812.747,708.327,386.266,4114.577,4441.101,1406.045,3942.751
01/25/2025 05:00:00,6150.989,725.183,928.538,113.526,275.643,2130.881,388.066,1183.935,2137.339,4694.302,1761.349,698.748,372.619,4104.063,4397.696,1385.623,3789.257
01/25/2025 06:00:00,6008.914,705.523,918.555,108.155,267.339,2061.481,367.010,1154.012,2119.599,4580.149,1712.028,690.249,359.634,4063.562,4350.099,1363.212,3650.097
01/25/2025 07:00:00,5927.928,694.248,910.871,104.090,259.693,2016.294,351.907,1128.869,2071.639,4539.082,1653.614,699.158,350.395,4024.664,4296.933,1358.784,3590.890
01/25/2025 08:00:00,5920.096,692.358,909.804,101.642,256.004,1986.586,343.457,1114.083,2041.507,4510.230,1632.014,699.297,345.876,3998.029,4290.332,1353.308,3549.821
01/25/2025 09:00:00,5950.165,695.787,907.399,101.411,255.296,1971.093,340.799,1094.908,2028.397,4520.663,1626.362,695.799,343.123,3994.761,4286.546,1358.159,3528.437
01/25/2025 10:00:00,6000.698,702.403,908.277,101.379,256.048,1975.395,342.042,1119.011,2010.515,4508.857,1628.708,672.395,343.518,3999.513,4282.471,1366.209,3534.995
01/25/2025 11:00:00,6091.237,713.672,911.627,102.547,256.796,2004.063,348.120,1141.291,2046.514,4540.105,1642.773,671.657,347.919,3997.516,4320.621,1377.529,3581.499
01/25/2025 12:00:00,6269.972,730.413,916.312,106.535,264.586,2080.783,363.455,1167.553,2119.429,4651.880,1668.161,685.286,358.061,4047.137,4372.253,1408.939,3687.772
01/25/2025 13:00:00,6474.060,754.934,934.313,110.849,270.543,2147.604,385.124,1208.070,2171.791,4745.908,1720.965,703.230,369.769,4146.104,4445.094,1444.550,3818.601
01/25/2025 14:00:00,6633.477,772.401,944.741,115.191,271.273,2211.891,405.694,1240.378,2239.897,4832.191,1777.210,714.450,375.143,4192.460,4526.416,1491.814,3916.649
01/25/2025 15:00:00,6613.607,769.529,945.003,117.949,273.821,2241.131,418.423,1258.111,2266.898,4893.931,1802.130,720.272,377.567,4216.538,4573.755,1515.619,3955.548
01/25/2025 16:00:00,6333.152,727.348,938.887,111.018,268.478,2166.581,417.946,1223.042,2219.001,4826.295,1795.716,730.333,372.499,4225.197,4583.879,1473.638,3899.532
01/25/2025 17:00:00,5996.878,676.938,933.635,105.231,261.406,2068.944,411.164,1154.986,2196.805,4735.580,1796.703,730.751,359.760,4205.627,4557.705,1412.922,3827.451
01/25/2025 18:00:00,5691.838,635.535,919.828,102.591,256.865,2013.428,410.156,1112.823,2183.379,4672.656,1783.540,719.972,348.961,4151.852,4532.503,1338.668,3753.822
01/25/2025 19:00:00,5416.539,597.401,910.458,100.337,253.361,1975.882,404.462,1075.012,2128.256,4549.223,1763.897,705.054,337.151,4100.658,4483.515,1280.901,3694.342
01/25/2025 20:00:00,5255.064,571.818,893.591,106.715,254.309,1981.481,398.255,1070.910,2105.570,4473.285,1750.243,703.369,328.150,4068.071,4431.122,1248.775,3633.990
01/25/2025 21:00:00,5194.966,555.843,887.885,106.023,252.112,1966.491,390.926,1074.058,2073.200,4405.188,1743.393,699.552,321.221,4009.085,4357.838,1238.803,3571.821
01/25/2025 22:00:00,5211.554,556.019,883.300,107.920,251.645,1982.262,389.556,1077.255,2071.813,4357.145,1765.499,698.303,324.109,3969.923,4327.869,1214.580,3548.218
01/25/2025 23:00:00,5278.595,576.370,889.491,109.876,254.011,2022.693,407.284,1114.072,2123.013,4326.223,1812.394,693.240,332.119,3977.205,4359.291,1213.413,3586.483
01/26/2025 00:00:00,5458.163,621.061,900.309,118.471,264.703,2128.324,432.025,1158.847,2194.143,4437.535,1873.752,688.645,351.958,4032.359,4441.977,1262.551,3699.046
01/26/2025 01:00:00,5665.457,653.694,910.174,121.926,273.766,2172.031,439.500,1191.354,2261.706,4599.030,1908.092,696.306,362.480,4148.646,4527.815,1320.470,3779.227
01/26/2025 02:00:00,5663.707,665.326,909.781,120.198,273.554,2154.816,434.824,1167.300,2251.437,4594.340,1896.315,698.200,360.262,4193.934,4544.153,1331.169,3738.846
01/26/2025 03:00:00,5628.912,676.327,908.405,117.959,271.386,2132.041,427.834,1161.505,2245.381,4576.521,1876.724,690.293,357.579,4212.298,4537.236,1327.667,3697.659
01/26/2025 04:00:00,5511.270,668.399,903.184,114.590,268.631,2098.030,418.270,1166.450,2202.491,4489.551,1845.765,675.905,349.925,4198.060,4507.990,1319.135,3639.349
01/26/2025 05:00:00,5325.687,648.214,891.586,109.841,262.147,2043.822,402.648,1134.753,2183.037,4388.011,1803.014,660.197,336.374,4162.783,4442.273,1298.661,3530.791
01/26/2025 06:00:00,5170.535,632.612,881.157,106.623,254.893,2010.892,389.351,1111.961,2168.729,4301.333,1755.817,654.547,324.713,4132.115,4406.492,1278.377,3421.966
01/26/2025 07:00:00,5031.685,625.798,872.611,103.622,252.003,1988.819,378.146,1093.283,2144.279,4224.443,1717.747,655.575,316.755,4120.485,4376.842,1264.553,3376.878
01/26/2025 08:00:00,4987.033,621.120,868.782,102.211,253.167,1972.285,373.359,1082.549,2134.156,4168.515,1695.266,649.613,312.619,4137.921,4369.220,1263.205,3374.137
01/26/2025 09:00:00,4990.603,620.707,872.809,101.970,251.860,1970.823,373.256,1086.880,2157.553,4145.884,1690.995,638.124,312.344,4177.271,4360.678,1259.380,3382.178
01/26/2025 10:00:00,5003.887,625.278,881.435,102.062,252.443,1981.842,375.166,1095.643,2165.934,4172.534,1699.674,632.159,314.523,4182.372,4346.754,1253.559,3374.691
01/26/2025 11:00:00,5071.892,636.948,887.136,102.862,252.871,2005.992,379.172,1107.051,2185.461,4172.079,1709.332,634.893,317.355,4199.827,4380.157,1264.590,3410.613
01/26/2025 12:00:00,5167.891,662.731,892.899,105.061,257.101,2048.320,389.202,1139.716,2217.077,4254.113,1735.489,653.897,326.189,4235.752,4417.134,1290.829,3478.934
01/26/2025 13:00:00,5324.505,693.296,901.522,108.284,261.772,2108.923,405.073,1177.848,2273.593,4369.430,1777.364,664.141,340.998,4292.610,4482.945,1329.306,3564.445
01/26/2025 14:00:00,5556.485,727.533,911.964,111.086,265.036,2170.565,422.647,1221.920,2351.287,4502.008,1824.264,675.746,352.538,4354.723,4568.973,1388.094,3677.385
01/26/2025 15:00:00,5782.455,751.331,928.988,112.181,264.530,2185.005,435.800,1228.845,2374.502,4639.388,1860.623,679.011,361.025,4381.566,4619.688,1445.695,3742.906
01/26/2025 16:00:00,5905.319,751.292,940.143,110.223,265.666,2138.055,443.446,1210.819,2308.069,4749.761,1868.455,678.404,370.320,4291.766,4561.535,1452.946,3771.762
01/26/2025 17:00:00,5909.559,727.952,953.327,108.208,262.877,2069.492,432.710,1175.043,2236.381,4767.618,1845.782,678.431,368.218,4183.159,4475.386,1448.472,3747.105
01/26/2025 18:00:00,5876.377,711.233,951.015,106.966,261.324,2044.688,421.462,1128.051,2184.784,4692.069,1824.345,672.740,368.473,4078.465,4402.849,1421.725,3705.375
01/26/2025 19:00:00,5865.403,698.486,949.345,105.246,257.189,2023.412,418.430,1116.853,2129.934,4693.588,1803.297,666.453,366.116,4015.572,4371.187,1401.367,3662.361
01/26/2025 20:00:00,5813.940,684.059,937.629,108.160,256.966,2022.877,408.962,1100.030,2069.211,4680.386,1778.791,672.020,360.183,3937.673,4324.439,1383.323,3624.175
01/26/2025 21:00:00,5761.964,669.969,929.631,106.994,257.198,2034.403,398.351,1098.187,2074.733,4638.084,1767.684,669.772,354.589,3868.497,4274.668,1368.614,3577.682
01/26/2025 22:00:00,5743.252,664.579,924.861,107.772,256.444,2023.820,394.008,1095.003,2039.758,4630.746,1763.916,654.270,357.355,3833.207,4218.911,1367.938,3550.003
01/26/2025 23:00:00,5778.557,684.675,925.858,114.757,261.179,2073.051,403.857,1138.805,2041.273,4678.911,1781.748,658.895,367.418,3854.387,4251.003,1375.139,3635.911
01/27/2025 00:00:00,5957.712,720.286,942.243,123.792,272.713,2189.729,430.466,1203.470,2163.891,4806.142,1859.960,670.046,382.370,3935.789,4388.066,1408.173,3808.426
01/27/2025 01:00:00,6080.868,745.857,958.193,125.542,281.801,2216.032,447.157,1232.015,2216.125,4940.019,1920.512,693.067,392.491,4062.493,4507.689,1457.051,3919.221
01/27/2025 02:00:00,6083.677,764.501,956.035,125.232,290.035,2230.128,447.260,1229.157,2271.153,4987.157,1925.443,701.934,393.054,4174.542,4508.610,1468.570,3949.902
01/27/2025 03:00:00,6024.115,769.521,952.691,121.412,294.063,2210.508,440.734,1236.218,2255.289,4973.037,1902.782,696.352,388.867,4209.633,4486.290,1478.631,3919.040
01/27/2025 04:00:00,5929.272,777.670,950.755,120.979,287.716,2220.640,432.050,1257.534,2243.050,4891.670,1869.773,693.325,387.018,4249.760,4451.041,1467.455,3898.631
01/27/2025 05:00:00,5703.279,759.919,938.829,117.307,286.019,2178.006,411.802,1242.485,2181.871,4759.804,1806.359,685.173,376.086,4199.450,4366.444,1429.980,3779.328
01/27/2025 06:00:00,5490.946,744.731,929.990,112.912,280.803,2107.051,396.221,1205.965,2128.412,4603.989,1752.884,683.247,363.090,4142.053,4292.846,1407.994,3676.104
01/27/2025 07:00:00,5376.985,741.674,922.703,109.599,276.501,2068.297,387.956,1194.615,2116.533,4551.105,1723.992,671.936,357.257,4118.525,4263.405,1406.486,3634.147
01/27/2025 08:00:00,5341.774,751.119,922.647,108.282,272.092,2060.030,386.672,1196.860,2144.640,4526.999,1718.764,674.603,356.408,4125.752,4254.703,1420.161,3631.948
01/27/2025 09:00:00,5384.092,764.882,928.015,108.050,271.849,2064.193,387.649,1184.369,2149.158,4537.795,1723.930,685.885,358.164,4164.910,4246.867,1438.200,3637.322
01/27/2025 10:00:00,5470.354,783.306,940.525,109.392,275.978,2094.514,391.158,1192.930,2178.199,4607.452,1738.120,711.672,364.547,4211.095,4268.330,1457.768,3712.582
01/27/2025 11:00:00,5652.974,818.299,953.429,111.779,279.891,2146.722,404.270,1231.308,2225.064,4697.995,1765.851,738.971,378.193,4264.174,4283.911,1488.358,3822.464
01/27/2025 12:00:00,5993.084,878.329,977.582,116.459,292.507,2259.784,433.469,1294.060,2325.296,4913.493,1839.853,773.633,400.591,4351.838,4359.769,1537.190,4007.571
01/27/2025 13:00:00,6492.672,946.646,1005.946,123.825,308.432,2415.570,478.624,1380.583,2470.584,5246.256,1952.556,808.887,434.733,4496.793,4551.083,1628.135,4297.182
01/27/2025 14:00:00,6739.652,976.419,1022.522,127.188,317.530,2515.233,513.657,1433.756,2541.318,5456.468,2026.001,834.728,454.000,4604.080,4685.183,1672.834,4485.043
01/27/2025 15:00:00,6691.204,939.192,1019.533,124.775,314.701,2459.727,510.600,1398.582,2480.063,5442.687,2009.784,845.143,448.494,4563.545,4612.959,1626.495,4444.127
01/27/2025 16:00:00,6485.220,861.665,1012.158,116.744,309.171,2348.150,488.758,1338.115,2372.692,5233.418,1972.132,834.623,429.945,4406.930,4498.016,1525.641,4295.656
01/27/2025 17:00:00,6289.764,794.358,998.079,111.343,301.704,2258.027,473.883,1264.006,2300.362,5038.365,1937.766,817.726,416.392,4254.338,4436.185,1426.856,4114.842
01/27/2025 18:00:00,6045.168,736.199,984.658,107.591,289.923,2190.717,457.786,1218.488,2229.577,4877.655,1911.937,799.918,403.887,4174.748,4371.587,1346.154,3973.105
01/27/2025 19:00:00,5812.637,697.188,967.137,104.115,286.855,2133.367,445.814,1201.405,2147.366,4719.306,1877.088,757.692,391.822,4075.829,4301.191,1276.277,3868.649
01/27/2025 20:00:00,5637.136,672.231,954.463,102.496,284.886,2080.474,432.334,1154.630,2088.885,4595.505,1845.624,757.587,374.791,4012.803,4240.273,1220.134,3793.422
01/27/2025 21:00:00,5483.262,655.381,940.368,102.071,278.427,2034.962,414.967,1142.388,2017.696,4475.718,1806.528,758.549,370.786,3974.112,4212.466,1177.527,3691.956
01/27/2025 22:00:00,5379.194,647.413,930.027,103.954,272.673,2010.822,403.635,1136.987,1966.215,4367.560,1774.683,752.744,364.852,3918.568,4188.191,1152.096,3627.488
01/27/2025 23:00:00,5382.731,665.051,930.687,110.536,275.279,2033.854,406.357,1149.796,1982.438,4368.813,1781.206,737.182,367.166,3930.622,4200.948,1167.426,3637.320
01/28/2025 00:00:00,5594.973,713.677,944.155,121.676,281.860,2135.132,420.379,1210.039,2041.322,4483.672,1830.889,738.007,384.387,3996.184,4256.199,1238.202,3772.202
01/28/2025 01:00:00,5953.937,761.940,969.287,126.811,294.410,2212.205,434.869,1267.897,2129.842,4779.895,1877.058,760.794,401.533,4143.962,4325.982,1344.714,3931.703
01/28/2025 02:00:00,6085.002,776.771,972.920,123.914,295.247,2189.768,428.304,1263.174,2165.134,4911.557,1856.464,775.860,398.234,4247.413,4306.599,1381.467,3931.484
01/28/2025 03:00:00,6144.835,782.598,979.301,120.086,290.946,2153.075,418.908,1243.599,2167.358,4954.260,1822.708,771.369,392.112,4287.824,4275.048,1398.411,3893.544
01/28/2025 04:00:00,6049.958,766.562,972.433,118.383,287.872,2085.631,405.243,1201.042,2119.967,4852.372,1771.795,758.503,381.173,4277.211,4221.011,1398.211,3790.133
01/28/2025 05:00:00,5862.292,740.219,956.836,110.960,268.606,1981.441,382.837,1140.595,2060.568,4738.758,1695.518,746.090,365.115,4222.995,4129.182,1365.841,3647.611
01/28/2025 06:00:00,5665.621,722.295,943.350,104.602,264.849,1890.752,364.418,1091.520,1986.371,4640.879,1635.088,712.434,353.228,4168.956,4054.369,1328.341,3531.544
01/28/2025 07:00:00,5551.046,712.490,935.724,101.228,256.516,1839.387,355.028,1058.397,2001.959,4564.925,1593.085,678.415,342.511,4117.419,4026.809,1309.054,3468.758
01/28/2025 08:00:00,5528.285,707.126,935.268,99.255,258.324,1821.514,352.519,1047.329,1983.154,4518.672,1589.641,658.654,338.778,4149.117,4055.537,1290.075,3459.460
01/28/2025 09:00:00,5524.882,710.191,942.452,98.720,256.111,1820.385,353.369,1040.913,1963.603,4502.893,1602.444,667.510,337.530,4178.338,4106.272,1294.898,3407.953
01/28/2025 10:00:00,5541.898,724.220,949.423,100.316,252.429,1842.694,358.313,1038.062,2051.203,4525.913,1621.414,687.569,342.543,4172.035,4159.097,1302.351,3374.293
01/28/2025 11:00:00,5632.945,741.944,958.131,103.446,261.068,1893.557,370.946,1074.801,2126.068,4611.785,1660.330,712.237,352.986,4233.329,4179.409,1318.221,3456.419
01/28/2025 12:00:00,5910.713,780.766,967.286,109.167,273.531,2007.719,398.842,1139.729,2231.125,4789.922,1738.694,742.355,375.715,4303.149,4285.352,1369.730,3649.204
01/28/2025 13:00:00,6338.832,834.963,999.716,117.365,293.417,2181.727,448.899,1237.766,2382.176,5076.877,1859.269,783.844,408.687,4391.149,4422.417,1452.593,3940.907
01/28/2025 14:00:00,6534.652,858.223,1011.720,121.807,300.950,2290.231,479.660,1315.601,2489.162,5262.509,1947.187,794.641,426.273,4464.817,4542.969,1493.772,4130.659
01/28/2025 15:00:00,6412.277,811.357,1011.950,118.589,297.450,2233.331,476.468,1275.744,2433.515,5207.696,1935.854,773.711,412.973,4458.243,4491.221,1457.312,4089.868
01/28/2025 16:00:00,6199.420,742.966,986.735,111.415,291.430,2142.992,457.667,1214.110,2293.568,4996.467,1904.926,760.156,398.949,4359.442,4411.156,1373.002,3983.762
01/28/2025 17:00:00,5989.720,683.675,965.345,106.351,282.649,2059.724,440.790,1159.757,2203.159,4843.680,1871.099,754.291,385.831,4246.028,4302.359,1292.402,3884.169
01/28/2025 18:00:00,5785.611,642.802,952.470,101.657,278.214,1998.222,426.753,1119.455,2151.699,4709.281,1839.394,754.508,376.135,4204.060,4242.588,1221.056,3777.631
01/28/2025 19:00:00,5592.327,608.525,937.960,98.649,272.910,1952.739,413.726,1098.186,2072.325,4545.586,1813.889,739.190,367.850,4124.583,4161.652,1166.210,3680.492
01/28/2025 20:00:00,5454.766,585.141,919.380,96.807,270.773,1920.135,403.608,1064.708,2032.758,4406.350,1793.636,735.299,359.286,4068.860,4144.047,1129.467,3618.477
01/28/2025 21:00:00,5322.859,570.206,894.815,96.891,265.250,1880.827,390.606,1036.060,1975.767,4310.949,1766.652,726.530,350.977,4017.283,4119.603,1107.208,3546.204
01/28/2025 22:00:00,5242.657,561.226,907.228,98.339,262.741,1860.115,382.333,1041.143,1930.575,4278.448,1739.995,711.065,345.110,4000.157,4089.982,1105.918,3486.253
01/28/2025 23:00:00,5269.719,577.980,909.803,104.198,264.430,1871.710,383.240,1062.144,1937.882,4313.823,1737.446,714.433,344.941,4021.763,4101.790,1147.011,3501.064
01/29/2025 00:00:00,5452.291,621.571,913.632,113.949,269.570,1959.250,394.366,1119.707,1992.118,4402.108,1775.766,708.402,357.650,4053.799,4186.173,1192.233,3597.535
01/29/2025 01:00:00,5701.748,664.573,931.579,120.328,284.010,2051.216,409.265,1179.267,2075.276,4545.935,1818.434,727.516,370.177,4156.294,4261.822,1247.200,3737.742
01/29/2025 02:00:00,5724.781,672.087,933.124,119.297,283.484,2032.481,406.996,1176.370,2073.401,4570.680,1806.249,727.285,366.380,4220.675,4243.953,1246.558,3708.653
01/29/2025 03:00:00,5657.058,673.728,941.086,116.307,277.718,2023.966,398.991,1168.570,2072.222,4524.083,1776.304,716.660,358.991,4207.613,4247.004,1236.873,3668.659
01/29/2025 04:00:00,5487.853,658.582,940.406,111.353,274.487,1956.896,384.693,1122.202,2044.079,4436.678,1731.478,709.078,347.919,4184.307,4208.136,1215.983,3603.015
01/29/2025 05:00:00,5258.452,634.491,925.032,104.106,265.026,1845.627,363.571,1078.041,1986.888,4296.875,1660.978,700.000,331.586,4155.358,4116.187,1178.583,3450.469
01/29/2025 06:00:00,5018.306,613.487,906.125,97.648,253.437,1766.417,343.794,1044.950,1931.079,4155.207,1600.827,679.183,317.526,4078.441,4017.836,1144.393,3291.070
01/29/2025 07:00:00,4911.090,606.475,900.894,94.092,250.102,1741.953,331.338,1027.918,1952.272,4070.302,1569.237,666.660,307.165,4026.967,3998.050,1125.460,3230.774
01/29/2025 08:00:00,4839.936,604.923,895.932,92.319,249.988,1736.034,327.346,1010.630,1956.283,4031.104,1553.631,651.099,302.135,4033.932,3987.805,1120.286,3213.744
01/29/2025 09:00:00,4828.771,605.743,896.351,91.682,252.014,1724.197,328.444,1007.875,1958.419,3985.317,1551.045,655.878,302.144,4034.110,3978.578,1115.557,3214.120
01/29/2025 10:00:00,4861.384,617.002,903.632,94.253,252.756,1746.770,334.677,1017.351,1984.286,3996.756,1576.043,654.991,306.306,4015.084,4013.840,1116.857,3243.619
01/29/2025 11:00:00,4956.136,636.607,910.235,97.774,253.582,1805.591,345.859,1032.728,2020.161,4065.863,1605.929,672.094,315.089,4038.166,4069.280,1122.361,3336.849
01/29/2025 12:00:00,5201.307,670.068,926.205,104.042,265.936,1927.215,375.462,1102.610,2133.599,4206.372,1680.037,693.287,337.082,4092.279,4135.140,1156.844,3515.399
01/29/2025 13:00:00,5628.066,733.673,955.461,113.104,285.236,2101.837,424.387,1196.583,2299.910,4473.579,1799.155,724.702,371.378,4184.337,4315.062,1224.845,3809.547
01/29/2025 14:00:00,5836.365,764.721,972.330,117.173,286.784,2199.521,456.253,1234.186,2371.133,4609.433,1873.083,748.297,391.410,4267.906,4481.355,1258.645,3969.415
01/29/2025 15:00:00,5797.857,749.979,966.960,116.230,289.089,2164.217,453.943,1207.204,2342.910,4659.080,1848.713,743.425,390.620,4254.383,4440.986,1262.210,3977.115
01/29/2025 16:00:00,5723.221,692.472,961.083,108.092,284.542,2074.356,436.366,1157.177,2246.335,4672.721,1808.575,737.860,376.743,4211.738,4321.595,1260.394,3884.462
01/29/2025 17:00:00,5649.605,650.150,949.860,101.109,279.969,1986.817,423.030,1102.918,2159.073,4668.987,1783.745,724.525,365.173,4159.991,4208.506,1257.633,3777.620
01/29/2025 18:00:00,5571.744,617.492,947.251,95.788,270.858,1920.790,409.975,1058.850,2122.969,4620.319,1759.983,710.571,360.580,4130.908,4134.461,1245.555,3667.651
01/29/2025 19:00:00,5516.597,593.647,945.756,94.629,269.966,1877.186,399.256,1026.554,2074.055,4588.524,1737.329,700.408,353.334,4081.248,4048.401,1240.445,3593.555
01/29/2025 20:00:00,5468.669,576.797,941.496,93.362,264.353,1840.765,391.271,996.481,2027.866,4560.589,1720.079,696.420,346.821,4050.975,3976.913,1225.346,3520.263
01/29/2025 21:00:00,5389.836,568.231,920.222,92.161,260.706,1806.854,382.183,963.921,1951.677,4539.295,1695.652,683.891,342.812,4030.498,3933.837,1233.771,3457.613
01/29/2025 22:00:00,5369.913,567.675,917.168,93.154,256.351,1810.060,377.272,963.454,1917.436,4520.754,1674.440,692.646,341.156,4014.562,3925.525,1247.767,3429.317
01/29/2025 23:00:00,5407.119,579.775,918.501,96.193,256.811,1829.533,381.050,992.495,1930.189,4555.406,1686.379,695.510,341.528,3999.306,3959.004,1275.001,3435.028
01/30/2025 00:00:00,5521.092,606.241,927.824,104.680,260.720,1910.517,393.197,1042.105,2009.632,4642.309,1728.134,692.483,351.719,4032.188,4057.463,1298.973,3545.743
01/30/2025 01:00:00,5542.073,626.442,930.817,113.653,272.141,1985.587,406.961,1086.040,2058.853,4676.689,1782.753,714.738,357.271,4134.542,4186.675,1310.795,3642.768
01/30/2025 02:00:00,5459.525,624.795,929.566,114.560,274.608,1976.685,403.536,1093.326,2076.341,4610.059,1782.053,719.629,351.546,4203.810,4203.031,1289.610,3630.237
01/30/2025 03:00:00,5344.313,621.237,921.673,111.895,270.927,1946.420,397.052,1098.109,2071.068,4498.396,1767.437,713.556,343.428,4221.919,4210.828,1249.841,3595.258
01/30/2025 04:00:00,5124.095,606.443,897.908,106.840,266.563,1879.176,383.983,1066.620,2034.049,4346.868,1724.938,699.936,329.756,4204.838,4152.366,1206.985,3506.888
01/30/2025 05:00:00,4867.730,584.643,891.156,100.824,257.559,1796.347,363.995,1025.446,1991.399,4168.658,1668.720,683.708,311.559,4156.157,4062.362,1151.504,3387.956
01/30/2025 06:00:00,4604.033,559.567,876.848,94.763,246.050,1707.530,344.554,965.374,1925.005,3990.317,1619.561,663.598,298.028,4110.007,4005.608,1103.355,3237.758
01/30/2025 07:00:00,4422.615,545.494,862.460,91.850,242.571,1660.619,334.515,939.342,1907.330,3863.305,1587.157,637.653,278.569,4074.447,3978.967,1077.238,3128.681
01/30/2025 08:00:00,4338.132,532.970,848.178,88.770,236.626,1626.133,330.012,931.171,1910.426,3773.540,1567.259,628.024,279.521,4049.527,3976.267,1059.474,3060.666
01/30/2025 09:00:00,4264.176,519.858,841.945,87.778,233.495,1605.352,326.590,934.436,1923.603,3748.962,1572.941,627.768,279.025,4068.476,3957.612,1051.005,3026.998
01/30/2025 10:00:00,4268.283,511.883,843.312,88.270,232.799,1611.564,326.378,930.877,1930.558,3724.266,1589.272,640.344,280.137,4089.704,3965.378,1047.219,3033.226
01/30/2025 11:00:00,4331.685,521.719,848.880,91.084,238.680,1653.956,334.233,936.179,1970.310,3794.167,1610.141,663.371,285.970,4117.403,4006.963,1061.324,3073.295
01/30/2025 12:00:00,4547.583,552.167,862.376,95.616,242.992,1755.383,358.154,1002.828,2030.491,3945.570,1676.557,672.831,304.135,4192.166,4078.848,1089.972,3227.819
01/30/2025 13:00:00,4913.146,607.437,890.548,102.480,265.791,1903.306,401.782,1057.189,2168.521,4218.339,1783.742,700.791,332.732,4332.111,4245.261,1148.140,3480.367
01/30/2025 14:00:00,5117.053,632.428,904.535,107.842,272.136,2004.388,431.543,1101.579,2269.505,4387.950,1848.178,718.953,353.978,4431.543,4367.935,1188.533,3677.294
01/30/2025 15:00:00,5155.006,629.431,910.990,108.906,273.029,2019.572,435.623,1124.325,2233.463,4437.342,1846.767,728.370,359.745,4424.327,4351.040,1192.872,3718.996
01/30/2025 16:00:00,5172.201,636.062,912.422,110.370,275.172,2020.943,436.234,1128.544,2222.952,4525.257,1846.607,737.947,365.483,4353.478,4250.702,1191.160,3712.938
01/30/2025 17:00:00,5176.615,633.016,910.782,110.211,273.990,2013.311,439.372,1119.077,2220.355,4509.430,1830.228,731.885,369.814,4286.431,4183.745,1185.568,3712.917
01/30/2025 18:00:00,5139.837,624.091,913.373,109.680,273.492,1995.335,435.546,1105.877,2191.700,4522.780,1810.679,721.498,368.733,4190.169,4095.564,1173.145,3690.226
01/30/2025 19:00:00,5080.602,607.103,916.396,109.446,274.438,1990.385,428.734,1101.812,2162.519,4443.447,1789.438,711.838,368.151,4105.256,4006.896,1143.784,3664.075
01/30/2025 20:00:00,5034.000,591.775,910.927,108.564,273.847,1969.063,422.902,1082.331,2146.561,4399.896,1764.561,700.504,366.478,4038.379,3959.117,1120.280,3647.394
01/30/2025 21:00:00,4990.484,575.943,883.744,106.646,265.265,1934.589,417.426,1064.384,2102.114,4263.505,1749.873,688.924,353.964,4010.608,3943.599,1094.190,3616.360
01/30/2025 22:00:00,4948.507,578.861,876.991,106.587,266.876,1939.074,415.873,1051.796,2090.749,4137.789,1738.984,679.054,352.949,4007.527,3943.658,1079.600,3579.317
01/30/2025 23:00:00,4951.430,587.910,877.106,110.433,269.620,1962.764,421.741,1071.417,2099.989,4118.274,1749.025,678.698,349.950,4027.077,3977.585,1086.819,3587.209
01/31/2025 00:00:00,5039.206,604.567,886.930,113.314,276.146,2017.884,430.809,1126.527,2110.236,4186.029,1794.986,682.454,354.615,4088.060,4088.005,1123.576,3647.056
01/31/2025 01:00:00,5206.390,612.142,894.902,118.563,276.363,2009.271,431.238,1130.898,2136.968,4362.816,1824.739,704.844,360.057,4199.375,4188.463,1198.787,3704.071
01/31/2025 02:00:00,5185.825,608.940,884.184,117.364,278.128,1984.898,420.861,1107.437,2145.445,4358.511,1802.525,713.981,352.427,4278.484,4200.026,1215.823,3666.329
01/31/2025 03:00:00,5136.298,600.020,879.372,113.150,270.578,1939.833,408.008,1084.632,2095.666,4333.681,1773.040,698.813,340.827,4301.697,4212.567,1215.820,3602.454
01/31/2025 04:00:00,5005.521,573.416,875.445,107.655,264.756,1873.703,386.269,1046.869,2059.998,4256.888,1718.074,688.542,327.011,4257.327,4204.230,1204.560,3496.539
01/31/2025 05:00:00,4771.990,548.044,865.753,100.254,256.900,1783.012,357.906,1006.795,1979.761,4116.308,1643.082,681.752,310.276,4194.181,4119.323,1175.109,3341.406
01/31/2025 06:00:00,4598.084,529.293,849.799,94.632,247.456,1699.192,333.501,949.172,1939.952,4031.782,1580.078,675.989,294.772,4162.024,4076.344,1154.563,3207.666
01/31/2025 07:00:00,4491.571,519.015,840.837,89.965,235.617,1657.909,319.466,939.332,1896.260,3955.492,1532.097,686.510,282.173,4129.190,4041.791,1156.506,3130.824
01/31/2025 08:00:00,4455.073,512.453,840.667,88.064,237.229,1644.451,311.889,909.734,1896.324,3923.581,1517.819,692.295,274.342,4136.083,4077.449,1162.105,3105.578
01/31/2025 09:00:00,4476.000,509.024,845.263,86.677,233.399,1641.192,311.666,905.545,1919.027,3964.750,1513.425,692.626,273.270,4138.617,4109.603,1171.026,3082.760
01/31/2025 10:00:00,4551.530,519.916,855.048,88.247,233.125,1647.999,315.167,915.904,1943.133,3989.005,1523.113,658.740,275.523,4146.279,4147.609,1176.197,3082.811
01/31/2025 11:00:00,4705.095,537.624,864.862,90.439,238.076,1689.173,329.824,934.100,1989.315,4115.412,1557.406,687.783,285.438,4183.646,4211.255,1200.826,3159.421
01/31/2025 12:00:00,4977.254,571.300,878.216,95.155,251.785,1779.115,359.703,968.956,2067.455,4273.241,1629.870,681.998,306.257,4240.921,4326.272,1241.360,3313.402
01/31/2025 13:00:00,5437.957,630.109,916.668,102.931,265.187,1922.226,405.840,1055.230,2202.384,4538.212,1753.086,717.675,334.484,4353.963,4488.102,1307.896,3573.666
01/31/2025 14:00:00,5672.513,663.329,933.260,107.597,274.731,2029.162,440.067,1104.168,2306.543,4714.757,1845.935,750.950,351.225,4447.950,4638.185,1353.456,3773.153
01/31/2025 15:00:00,5663.458,666.230,936.417,110.477,275.956,2045.588,440.260,1116.423,2270.050,4730.351,1840.129,752.782,357.555,4407.494,4618.721,1329.576,3802.958
01/31/2025 16:00:00,5541.235,663.230,935.412,112.569,278.109,2065.044,428.278,1126.054,2192.281,4708.029,1823.833,742.717,362.571,4299.463,4590.426,1278.084,3781.080
01/31/2025 17:00:00,5469.104,663.380,935.637,114.540,280.270,2101.264,422.352,1131.073,2129.539,4607.641,1803.847,757.819,368.243,4180.910,4573.628,1231.498,3745.816
01/31/2025 18:00:00,5345.179,662.126,929.963,115.159,279.337,2099.497,414.637,1124.940,2050.981,4543.894,1769.351,757.573,372.576,4098.500,4488.675,1181.736,3685.365
01/31/2025 19:00:00,5218.912,670.472,925.707,115.840,281.260,2101.123,406.472,1123.345,1982.293,4474.415,1740.493,761.775,377.243,4013.435,4413.039,1141.829,3607.831
01/31/2025 20:00:00,5119.753,673.055,923.801,115.593,278.194,2087.811,396.342,1117.227,1947.923,4374.943,1720.436,750.748,375.569,3964.422,4357.884,1106.924,3551.032
01/31/2025 21:00:00,4988.904,662.242,914.850,115.822,272.048,2059.365,386.048,1096.135,1883.989,4286.121,1692.788,718.164,376.073,3925.344,4269.187,1076.454,3482.213
01/31/2025 22:00:00,4895.123,659.744,906.270,114.862,269.527,2040.462,380.040,1083.181,1891.808,4179.608,1666.314,690.011,374.840,3882.121,4240.565,1064.276,3404.920
01/31/2025 23:00:00,4873.548,668.773,890.854,116.076,267.817,2006.800,382.358,1080.260,1900.837,4096.916,1667.844,672.632,378.155,3862.205,4281.886,1071.225,3373.351
02/01/2025 00:00:00,4972.326,671.012,885.333,117.866,266.947,1976.635,390.157,1110.479,1956.112,4128.149,1703.721,656.336,383.233,3895.561,4343.032,1098.839,3391.394
02/01/2025 01:00:00,5194.409,667.664,892.513,121.501,275.443,2021.942,402.025,1118.843,2071.512,4265.827,1741.615,678.863,380.863,3973.616,4427.439,1156.610,3521.062
02/01/2025 02:00:00,5211.127,655.640,891.604,119.733,273.355,1999.797,400.221,1114.784,2074.503,4271.424,1733.133,692.511,370.786,4028.090,4434.931,1178.453,3552.776
02/01/2025 03:00:00,5208.008,644.622,891.769,117.521,272.672,1981.406,395.427,1116.367,2065.074,4279.525,1728.311,690.619,359.561,4022.602,4426.044,1184.545,3549.887
02/01/2025 04:00:00,5175.298,624.788,888.365,113.462,265.905,1943.789,386.982,1094.288,2063.358,4276.141,1704.614,694.481,346.535,4042.112,4383.140,1192.799,3512.256
02/01/2025 05:00:00,5067.580,603.146,877.130,107.824,253.515,1887.040,371.690,1072.960,2026.760,4204.334,1656.448,700.118,330.293,4057.727,4309.636,1195.152,3434.989
02/01/2025 06:00:00,4958.432,583.330,868.539,102.814,245.739,1824.757,354.725,1045.928,1990.107,4154.089,1614.298,696.063,315.406,4068.758,4286.345,1189.428,3321.686
