MarketHour, CSWS, EDE, GRDA, INDN, KACY, KCPL, LES, MPS, NPPD, OKGE, OPPD, SECI, SPRM, SPS, WAUE, WFEC, WR
09/01/2025 06:00:00,4869.580,479.113,899.528,90.497,217.217,1628.155,283.330,766.820,1529.321,4120.009,1512.422,640.191,295.486,4231.274,3256.233,999.761,3058.870
09/01/2025 07:00:00,4667.518,457.869,893.616,85.590,210.633,1559.493,295.446,732.073,1616.627,3959.857,1560.287,630.753,280.103,4155.201,3488.193,956.488,2945.114
09/01/2025 08:00:00,4542.794,446.673,889.442,81.717,205.345,1511.993,285.877,711.632,1591.569,3868.532,1536.534,603.344,270.620,4090.883,3459.812,930.376,2863.084
09/01/2025 09:00:00,4475.900,441.329,885.455,80.527,203.417,1490.125,282.293,701.442,1589.502,3832.336,1528.834,596.155,265.458,4048.806,3447.507,932.931,2818.649
09/01/2025 10:00:00,4469.170,442.419,889.709,81.940,202.539,1474.901,281.050,697.754,1591.047,3803.004,1541.132,590.377,262.214,4021.260,3443.181,925.188,2804.210
09/01/2025 11:00:00,4494.222,452.781,893.526,82.555,203.496,1483.276,286.797,701.212,1583.674,3834.678,1561.406,598.481,265.938,3999.980,3471.530,925.321,2851.299
09/01/2025 12:00:00,4541.802,459.985,898.062,83.463,205.841,1500.663,294.723,711.353,1570.730,3874.343,1587.617,612.392,269.612,3994.829,3494.798,930.780,2905.820
09/01/2025 13:00:00,4606.568,471.009,893.913,84.022,201.704,1502.982,302.283,717.357,1653.881,3895.212,1607.095,614.351,271.333,4008.671,3539.841,953.622,2940.838
09/01/2025 14:00:00,4799.962,498.142,906.146,87.842,204.935,1550.602,316.161,751.199,1694.737,3979.885,1646.473,623.175,289.671,4037.918,3652.632,1009.424,3032.347
09/01/2025 15:00:00,5110.335,533.398,924.840,95.015,210.809,1624.587,333.333,808.533,1744.600,4149.415,1704.479,651.269,314.157,4174.100,3764.912,1067.661,3183.329
09/01/2025 16:00:00,5454.283,557.476,945.235,101.138,218.029,1693.076,350.695,841.306,1787.585,4330.466,1749.061,684.869,333.468,4352.649,3889.515,1115.883,3335.332
09/01/2025 17:00:00,5868.469,570.309,963.831,107.065,226.909,1751.341,362.650,877.384,1827.347,4476.028,1778.060,727.951,354.370,4541.335,3959.776,1166.518,3500.845
09/01/2025 18:00:00,6229.710,586.058,985.930,110.181,232.493,1793.844,368.164,903.036,1835.853,4649.455,1805.498,769.457,384.952,4720.614,4009.137,1215.946,3647.458
09/01/2025 19:00:00,6475.574,596.372,1005.138,114.499,234.475,1812.164,368.562,910.863,1853.429,4819.176,1807.457,800.869,403.713,4870.823,4045.234,1262.361,3792.690
09/01/2025 20:00:00,6698.206,595.492,1030.659,116.262,235.788,1832.037,367.213,921.677,1875.629,5032.258,1807.978,818.537,395.083,5033.533,4062.167,1315.084,3931.376
09/01/2025 21:00:00,6899.679,604.736,1043.274,116.025,237.555,1855.874,366.748,928.434,1895.661,5288.035,1817.221,831.379,378.236,5130.619,4111.320,1371.511,4064.922
09/01/2025 22:00:00,7037.755,626.457,1056.621,117.623,243.609,1896.073,371.207,942.600,1919.611,5519.618,1836.501,833.636,378.194,5173.608,4144.914,1420.465,4107.741
09/01/2025 23:00:00,7029.605,645.079,1064.122,119.049,247.102,1936.936,377.198,959.303,1930.178,5652.563,1857.814,833.087,383.346,5193.191,4187.407,1439.866,4046.893
09/02/2025 00:00:00,6875.346,645.417,1055.160,121.397,243.565,1918.636,377.877,966.455,1952.844,5627.533,1858.634,812.907,380.572,5191.134,4152.421,1428.297,3961.940
09/02/2025 01:00:00,6607.853,638.106,1034.897,118.566,252.145,1883.555,373.374,954.812,1952.516,5457.616,1848.009,776.793,376.349,5142.048,4123.736,1369.302,3829.524
09/02/2025 02:00:00,6416.407,632.450,1021.606,116.102,251.016,1886.659,376.697,957.140,1927.642,5256.305,1853.073,751.947,375.191,5007.241,4085.892,1310.240,3760.305
09/02/2025 03:00:00,6092.980,597.438,997.794,106.629,244.589,1817.271,364.005,909.170,1875.819,4986.630,1799.864,729.601,359.078,4861.565,3971.126,1238.829,3599.654
09/02/2025 04:00:00,5636.082,542.590,976.070,96.516,232.097,1697.693,340.529,830.855,1767.966,4692.238,1702.922,689.339,333.465,4662.524,3781.297,1149.097,3361.037
09/02/2025 05:00:00,5204.641,504.482,946.179,86.987,221.487,1578.263,313.689,766.152,1668.794,4385.173,1611.437,652.245,306.861,4503.048,3636.825,1064.124,3140.861
09/02/2025 06:00:00,4872.803,479.401,923.778,79.834,212.625,1488.487,294.144,721.848,1596.338,4139.120,1546.873,633.095,287.975,4338.005,3538.488,1010.159,2994.939
09/02/2025 07:00:00,4647.609,463.167,905.468,76.342,210.988,1417.823,283.325,693.367,1592.424,3975.959,1509.614,616.857,276.995,4230.717,3477.009,974.980,3023.947
09/02/2025 08:00:00,4519.808,454.615,903.783,74.145,206.195,1385.327,276.417,675.861,1566.266,3924.426,1492.132,608.235,266.801,4187.797,3434.001,948.775,2932.814
09/02/2025 09:00:00,4456.913,450.035,902.742,72.650,206.750,1371.726,273.363,668.115,1580.367,3837.632,1489.231,607.135,263.055,4146.518,3416.896,935.557,2826.615
09/02/2025 10:00:00,4459.127,453.467,903.761,75.535,208.650,1389.216,275.720,675.680,1596.812,3834.258,1509.131,610.136,266.547,4125.438,3443.697,935.957,2854.994
09/02/2025 11:00:00,4638.245,480.691,919.666,79.368,208.895,1468.066,292.913,732.051,1664.355,3952.311,1564.701,629.401,283.489,4145.431,3516.044,940.001,2990.996
09/02/2025 12:00:00,4957.206,537.619,941.390,86.456,231.083,1600.010,327.169,807.084,1749.234,4213.087,1665.583,661.363,308.354,4203.866,3683.592,977.617,3235.748
09/02/2025 13:00:00,5107.226,552.777,952.598,89.542,243.973,1684.442,351.125,853.598,1816.802,4310.962,1733.592,681.074,324.641,4242.089,3807.849,990.960,3405.430
09/02/2025 14:00:00,5317.633,576.540,976.114,92.877,253.052,1740.754,373.913,892.792,1847.120,4417.840,1785.940,701.494,346.546,4260.653,3876.764,1018.729,3502.875
09/02/2025 15:00:00,5623.130,602.044,992.461,96.023,252.174,1798.348,396.329,917.582,1871.109,4560.210,1848.379,718.898,368.495,4332.201,3941.472,1063.476,3593.946
09/02/2025 16:00:00,6011.144,635.479,1008.515,97.362,261.164,1880.158,418.631,949.988,1905.235,4700.622,1913.409,731.713,397.496,4464.508,4011.260,1096.750,3690.842
09/02/2025 17:00:00,6479.104,674.915,1034.008,107.659,271.762,1998.315,438.245,1000.850,1944.296,4921.695,1978.338,745.110,429.422,4599.985,4049.719,1147.349,3790.404
09/02/2025 18:00:00,6941.346,720.314,1061.402,118.975,285.539,2103.703,453.495,1059.532,1980.651,5192.608,2048.509,764.457,463.570,4741.612,4092.416,1195.729,3891.563
09/02/2025 19:00:00,7262.459,760.276,1082.630,127.181,298.069,2203.630,469.905,1117.976,2030.012,5390.899,2103.257,799.038,490.444,4878.636,4219.203,1240.218,4004.939
09/02/2025 20:00:00,7464.548,776.190,1099.950,131.914,303.632,2304.446,483.963,1165.031,2073.154,5478.616,2164.970,820.772,500.248,5029.611,4267.705,1276.911,4070.255
09/02/2025 21:00:00,7586.544,778.530,1110.679,141.956,311.007,2362.768,496.311,1212.140,2138.747,5598.541,2222.227,839.096,494.204,5135.359,4335.823,1308.320,4119.066
09/02/2025 22:00:00,7583.366,783.859,1110.207,147.329,316.867,2350.259,507.105,1224.638,2193.199,5625.109,2274.845,846.400,489.268,5197.898,4382.995,1338.293,4151.067
09/02/2025 23:00:00,7537.841,778.380,1098.836,150.543,315.927,2387.683,512.084,1240.679,2205.006,5610.006,2309.274,846.675,486.802,5234.368,4333.977,1353.997,4168.524
09/03/2025 00:00:00,7383.212,769.116,1089.402,153.986,313.828,2370.768,509.315,1237.690,2199.201,5557.535,2282.272,843.853,474.981,5213.413,4257.173,1346.008,4156.525
09/03/2025 01:00:00,7037.731,742.568,1064.612,144.994,304.522,2256.785,486.902,1176.100,2154.445,5410.279,2209.009,821.439,455.721,5113.576,4175.863,1291.263,4044.644
09/03/2025 02:00:00,6780.802,721.489,1055.196,137.144,305.051,2205.060,468.594,1144.793,2104.423,5293.439,2146.406,796.592,440.463,4988.511,4142.742,1245.665,3960.540
09/03/2025 03:00:00,6416.761,679.407,1027.632,123.113,294.458,2082.222,440.301,1069.224,2077.667,5065.150,2034.691,769.271,417.368,4849.907,3994.901,1189.895,3774.458
09/03/2025 04:00:00,5944.714,626.598,995.771,109.187,274.932,1918.628,401.244,965.289,1979.075,4752.658,1891.276,735.896,384.300,4674.892,3850.901,1107.440,3503.274
09/03/2025 05:00:00,5475.338,577.609,966.131,96.406,251.324,1744.022,360.761,870.065,1866.626,4446.941,1759.110,703.489,349.771,4518.176,3720.676,1033.796,3247.647
09/03/2025 06:00:00,5138.744,527.759,947.929,86.767,243.026,1623.822,329.622,806.680,1797.206,4178.210,1665.751,676.735,319.851,4385.260,3641.604,981.119,3067.815
09/03/2025 07:00:00,4890.047,495.362,929.117,80.612,235.955,1537.624,311.594,757.419,1744.830,4019.530,1609.182,650.582,302.740,4305.087,3588.622,949.991,2950.610
09/03/2025 08:00:00,4709.265,476.510,924.843,76.690,229.969,1482.819,299.197,732.240,1715.758,3905.494,1580.992,648.178,291.784,4242.322,3564.720,925.709,2867.451
09/03/2025 09:00:00,4611.004,468.892,913.087,75.657,224.984,1449.170,294.342,717.211,1706.832,3854.204,1564.546,646.980,283.740,4206.366,3540.674,913.797,2836.102
09/03/2025 10:00:00,4623.398,470.739,911.402,77.196,228.955,1459.190,296.317,726.042,1718.428,3856.164,1574.092,653.707,282.420,4185.343,3540.308,911.056,2850.256
09/03/2025 11:00:00,4761.361,494.510,921.728,80.000,228.587,1527.806,312.797,764.040,1767.885,3951.058,1625.062,666.120,294.394,4204.826,3609.263,919.619,2973.769
09/03/2025 12:00:00,5076.665,546.432,943.298,85.655,245.978,1652.963,350.206,824.921,1892.675,4143.815,1732.566,703.903,319.254,4281.375,3743.822,959.846,3217.991
09/03/2025 13:00:00,5181.110,570.429,954.324,89.020,253.108,1739.174,375.898,863.066,1975.494,4271.536,1810.982,739.433,335.646,4330.726,3881.478,981.212,3368.971
09/03/2025 14:00:00,5366.450,588.566,974.097,92.751,261.425,1811.671,392.536,903.624,1991.721,4394.580,1850.323,771.866,359.982,4337.542,3900.723,1002.826,3468.366
09/03/2025 15:00:00,5709.847,616.573,996.988,98.063,269.241,1888.382,408.144,949.569,2016.730,4550.897,1919.627,769.853,389.032,4402.365,3820.889,1045.396,3572.827
09/03/2025 16:00:00,6059.958,652.207,1027.703,104.973,274.844,1991.513,421.357,1073.329,2055.215,4749.746,1970.542,780.006,421.816,4509.609,3914.839,1088.997,3754.106
09/03/2025 17:00:00,6487.132,696.921,1056.743,114.204,294.225,2106.261,426.675,1078.656,2083.409,5000.973,2008.447,815.322,453.559,4659.462,3896.604,1149.828,3961.316
09/03/2025 18:00:00,6962.924,742.911,1085.939,127.785,308.693,2241.667,446.754,1147.026,2129.050,5306.041,2003.532,848.649,483.570,4820.819,3875.007,1215.498,4208.908
09/03/2025 19:00:00,7417.109,791.584,1111.822,140.817,319.715,2377.824,462.209,1223.613,2160.826,5596.110,1986.071,900.459,513.286,5001.503,3954.465,1294.257,4492.306
09/03/2025 20:00:00,7775.047,828.221,1132.229,154.587,330.079,2482.394,462.128,1246.672,2127.164,5802.413,1988.767,937.283,538.502,5167.458,3916.492,1373.778,4736.334
09/03/2025 21:00:00,7980.503,850.833,1150.313,160.100,334.731,2578.708,446.330,1353.537,2109.418,6042.769,1959.400,951.817,557.480,5291.185,3900.383,1434.871,4905.068
09/03/2025 22:00:00,8122.242,879.863,1161.030,172.705,344.419,2672.088,439.449,1391.839,2084.486,6205.416,1955.382,970.961,564.382,5398.120,3926.354,1489.292,5045.947
09/03/2025 23:00:00,8096.809,889.640,1152.686,176.412,342.152,2644.654,426.047,1389.561,2025.779,6221.686,1939.620,953.845,559.164,5443.706,3891.504,1506.606,5016.244
09/04/2025 00:00:00,7859.498,866.370,1130.878,170.621,332.920,2533.683,412.526,1323.473,2034.817,6124.301,1904.243,928.033,540.257,5421.736,3858.191,1481.948,4878.620
09/04/2025 01:00:00,7380.200,815.227,1098.985,161.330,319.006,2421.919,396.462,1251.878,2040.284,5880.106,1872.686,926.540,506.185,5312.665,3826.994,1396.052,4596.524
09/04/2025 02:00:00,7033.512,780.728,1076.310,150.903,317.505,2354.372,394.731,1206.470,2037.456,5688.155,1866.431,905.995,478.443,5140.806,3837.998,1328.234,4331.126
09/04/2025 03:00:00,6622.889,724.786,1044.942,134.537,298.477,2204.320,377.548,1127.769,1989.649,5446.141,1796.316,839.433,443.713,5016.375,3780.461,1259.471,4079.326
09/04/2025 04:00:00,6079.870,660.090,1015.395,116.472,279.908,2000.749,348.021,1013.172,1927.851,5121.962,1701.284,783.302,407.082,4822.616,3661.983,1169.903,3754.078
09/04/2025 05:00:00,5600.270,594.289,982.638,100.042,257.232,1784.508,318.014,895.197,1855.437,4823.947,1610.474,727.056,373.495,4605.999,3541.496,1094.654,3438.824
09/04/2025 06:00:00,5212.440,541.907,955.768,88.852,241.912,1640.641,296.173,816.539,1815.555,4497.101,1549.669,684.640,341.981,4491.892,3487.272,1038.214,3213.130
09/04/2025 07:00:00,4934.461,509.458,939.377,81.563,233.895,1541.760,280.076,765.292,1765.425,4259.504,1508.429,651.871,322.887,4400.318,3419.567,994.111,3044.491
09/04/2025 08:00:00,4748.168,494.141,932.300,76.364,225.745,1468.543,271.752,729.005,1726.469,4126.902,1496.014,634.828,306.203,4308.746,3388.163,960.733,2926.700
09/04/2025 09:00:00,4632.339,485.770,924.633,74.326,221.272,1425.813,268.210,704.570,1702.890,4033.183,1485.369,633.887,297.370,4266.524,3397.456,940.690,2862.318
09/04/2025 10:00:00,4608.861,487.110,924.283,75.396,217.742,1429.171,270.909,705.751,1709.210,3985.995,1501.118,632.681,298.074,4241.032,3420.416,930.363,2866.036
09/04/2025 11:00:00,4753.221,512.755,930.375,77.796,227.282,1489.100,286.588,736.738,1763.040,4095.586,1549.754,649.022,310.984,4238.115,3471.076,932.879,2983.619
09/04/2025 12:00:00,5039.044,562.670,950.326,82.722,241.513,1603.526,319.670,797.597,1887.350,4286.766,1639.769,684.608,336.342,4305.360,3667.767,960.871,3202.534
09/04/2025 13:00:00,5146.531,580.227,958.977,84.495,245.446,1664.541,339.310,827.734,1964.598,4372.555,1704.454,714.122,348.030,4344.259,3778.958,984.686,3330.485
09/04/2025 14:00:00,5370.525,592.416,974.362,86.268,248.087,1711.895,351.131,856.733,1991.347,4459.524,1733.198,731.605,356.443,4358.789,3829.844,1013.264,3415.362
09/04/2025 15:00:00,5700.441,610.045,991.520,88.226,253.382,1766.604,361.982,878.851,2012.806,4626.972,1759.943,742.123,365.455,4426.672,3827.973,1050.938,3504.115
09/04/2025 16:00:00,6094.436,623.099,1008.823,90.834,255.651,1822.874,376.587,895.093,2034.830,4764.114,1798.707,755.215,375.111,4537.791,3792.979,1096.780,3639.093
09/04/2025 17:00:00,6538.801,645.181,1030.583,93.635,261.043,1884.045,382.630,929.450,2019.958,4977.227,1834.794,774.769,381.179,4704.799,3858.119,1149.520,3785.247
09/04/2025 18:00:00,7008.560,675.910,1055.604,98.236,267.622,1960.611,388.643,984.029,2063.917,5188.721,1878.942,795.640,393.724,4883.159,3896.707,1220.625,3947.767
09/04/2025 19:00:00,7458.300,706.159,1087.483,105.553,268.760,2033.598,397.660,1020.637,2072.521,5449.301,1898.435,809.445,409.144,5051.406,3928.329,1293.197,4118.205
09/04/2025 20:00:00,7813.850,742.931,1114.816,114.897,283.351,2108.009,400.685,1071.496,2034.799,5689.594,1905.845,833.410,431.789,5224.279,3944.498,1355.691,4247.157
09/04/2025 21:00:00,8115.247,787.652,1136.063,125.330,282.899,2181.716,404.176,1122.859,2049.042,5924.349,1920.803,862.095,461.682,5327.165,3979.439,1426.150,4370.039
09/04/2025 22:00:00,8283.651,822.956,1143.867,132.754,286.290,2187.450,407.048,1159.294,2066.980,6115.730,1950.716,887.881,485.471,5418.761,4001.305,1483.809,4481.241
09/04/2025 23:00:00,8207.567,826.146,1132.262,135.222,284.193,2137.489,405.111,1163.241,2080.151,6124.002,1960.259,888.338,490.863,5434.643,3997.634,1509.214,4479.558
09/05/2025 00:00:00,7923.207,802.183,1114.249,133.370,276.426,2055.362,399.089,1139.683,2073.651,6035.777,1942.385,883.950,475.295,5388.460,3940.662,1489.139,4364.491
09/05/2025 01:00:00,7527.559,757.324,1087.051,127.392,269.004,1983.099,392.452,1085.965,2075.707,5840.783,1924.341,865.500,454.882,5256.007,3880.983,1415.329,4179.498
09/05/2025 02:00:00,7208.769,732.680,1065.285,119.870,273.661,1973.452,393.770,1063.274,2127.036,5685.653,1926.361,861.443,437.570,5128.846,3897.783,1355.976,4093.773
09/05/2025 03:00:00,6801.932,690.386,1040.155,107.621,266.154,1889.976,380.998,1003.602,2031.941,5461.295,1874.675,850.722,409.195,5023.966,3850.265,1288.657,3908.941
09/05/2025 04:00:00,6319.128,635.372,1011.374,96.511,251.851,1774.200,352.091,916.633,1949.200,5172.718,1787.429,796.261,374.917,4861.680,3747.397,1206.248,3644.438
09/05/2025 05:00:00,5840.599,565.560,983.827,85.794,235.098,1639.322,320.119,835.623,1890.904,4818.674,1682.671,757.871,343.802,4710.068,3648.759,1126.646,3379.701
09/05/2025 06:00:00,5477.420,517.280,957.937,78.495,228.731,1520.074,294.167,782.634,1840.548,4604.225,1601.686,737.145,315.492,4564.765,3573.568,1065.251,3178.755
09/05/2025 07:00:00,5200.211,484.373,941.673,74.387,223.877,1458.883,275.945,755.126,1801.372,4394.564,1551.430,708.594,297.417,4493.827,3527.005,1019.302,3069.224
09/05/2025 08:00:00,5016.883,462.754,933.040,72.341,221.789,1413.390,266.572,730.686,1770.093,4304.398,1534.058,716.946,281.449,4412.481,3498.569,1003.739,2978.842
09/05/2025 09:00:00,4931.383,454.378,928.338,71.606,216.753,1394.573,264.763,722.285,1765.812,4247.261,1525.817,708.433,275.214,4388.015,3490.991,992.910,2919.765
09/05/2025 10:00:00,4915.428,456.549,928.463,73.588,218.648,1399.776,267.266,722.328,1757.857,4327.461,1537.444,689.433,276.366,4378.003,3498.891,987.099,2932.077
09/05/2025 11:00:00,5063.130,482.237,942.942,76.259,224.312,1450.998,284.240,746.648,1821.310,4465.977,1580.969,691.874,289.024,4401.307,3554.195,1001.122,3059.133
09/05/2025 12:00:00,5365.415,536.609,967.536,81.792,239.875,1582.615,315.961,811.304,1901.487,4638.091,1674.395,720.656,313.292,4452.609,3687.627,1038.144,3258.624
09/05/2025 13:00:00,5503.749,560.929,983.228,84.537,244.532,1664.859,338.485,846.417,2009.939,4758.500,1731.735,721.633,328.736,4493.489,3769.886,1059.165,3449.104
09/05/2025 14:00:00,5731.409,570.719,990.944,88.244,251.989,1726.740,351.034,857.848,2028.339,4786.052,1755.168,741.387,340.710,4493.464,3784.071,1083.751,3461.368
09/05/2025 15:00:00,6030.692,583.584,995.444,91.419,248.724,1759.751,361.234,881.514,2055.431,4881.210,1796.887,728.877,352.661,4522.051,3823.881,1111.478,3496.602
09/05/2025 16:00:00,6287.784,593.594,999.249,92.776,237.176,1775.966,369.893,909.226,2090.024,4930.206,1829.893,725.322,359.637,4527.323,3868.545,1138.945,3540.795
09/05/2025 17:00:00,6571.386,595.978,994.946,94.609,243.615,1786.165,378.358,913.169,2105.996,4996.862,1845.882,722.797,359.151,4531.481,3882.975,1158.632,3564.494
09/05/2025 18:00:00,6774.228,595.390,998.384,94.177,247.860,1782.542,387.005,917.066,2082.140,5000.697,1862.623,726.765,361.089,4534.490,3860.822,1174.415,3567.504
09/05/2025 19:00:00,6995.185,593.071,1000.103,92.701,249.438,1773.022,391.716,905.251,2099.581,4933.051,1871.949,724.831,361.709,4579.290,3875.218,1185.524,3559.881
09/05/2025 20:00:00,7030.719,593.247,984.886,92.920,244.252,1778.255,392.035,902.133,2088.400,4842.571,1881.390,710.205,359.889,4646.011,3896.574,1186.090,3547.042
09/05/2025 21:00:00,6998.105,579.375,970.475,97.624,244.903,1769.044,389.953,908.414,2087.496,4861.734,1881.959,695.660,352.505,4644.257,3862.563,1181.060,3500.221
09/05/2025 22:00:00,6942.187,566.926,958.367,98.702,241.512,1751.555,388.997,901.097,2080.489,4713.121,1897.286,689.862,341.301,4592.607,3854.897,1192.449,3446.796
09/05/2025 23:00:00,6816.651,559.814,944.553,98.757,232.655,1731.952,388.935,894.282,2071.598,4584.776,1904.183,684.538,331.985,4550.987,3841.272,1182.716,3405.964
09/06/2025 00:00:00,6568.448,550.004,935.929,99.336,227.727,1707.551,384.687,891.707,2066.835,4408.123,1867.876,682.029,326.074,4518.843,3849.686,1150.033,3347.766
09/06/2025 01:00:00,6338.447,540.898,928.069,97.392,231.746,1679.225,369.526,857.529,2062.860,4313.366,1811.304,675.031,319.469,4481.635,3730.324,1106.274,3276.680
09/06/2025 02:00:00,6216.113,541.182,928.806,95.719,235.041,1663.954,363.801,850.271,2046.809,4276.531,1793.740,677.264,314.674,4471.617,3711.827,1089.492,3285.928
09/06/2025 03:00:00,5975.067,518.735,919.727,89.632,232.398,1619.553,348.729,822.986,1998.266,4160.401,1745.679,668.388,303.025,4428.236,3683.146,1055.236,3200.208
09/06/2025 04:00:00,5669.484,493.270,901.759,85.141,226.789,1563.575,325.309,791.116,1947.507,3982.379,1672.046,658.939,288.149,4369.462,3620.779,1009.912,3071.207
09/06/2025 05:00:00,5331.530,462.946,884.475,79.296,213.370,1478.409,297.644,744.429,1909.414,3834.335,1588.830,645.469,270.663,4291.015,3555.446,954.089,2921.682
09/06/2025 06:00:00,5014.905,439.330,870.469,73.254,203.419,1415.035,276.538,698.735,1835.026,3625.491,1528.245,629.929,255.529,4202.704,3491.473,906.785,2824.085
09/06/2025 07:00:00,4823.873,427.385,863.343,69.617,196.508,1364.898,263.106,669.217,1818.921,3572.059,1489.400,618.215,245.305,4133.884,3457.172,884.401,2758.621
09/06/2025 08:00:00,4645.562,421.135,863.754,67.377,192.415,1331.985,254.764,652.352,1799.969,3500.244,1468.951,611.997,239.363,4094.774,3426.019,869.970,2723.332
09/06/2025 09:00:00,4496.579,412.685,859.722,66.069,191.165,1314.932,250.330,642.837,1782.966,3446.397,1457.186,608.016,237.575,4072.458,3408.916,861.629,2692.891
09/06/2025 10:00:00,4427.399,407.523,855.213,65.872,191.109,1314.610,250.605,646.545,1753.979,3425.329,1448.973,605.420,239.178,4059.837,3405.194,852.139,2685.318
09/06/2025 11:00:00,4386.532,412.196,859.860,68.045,192.476,1332.285,254.487,656.400,1771.360,3448.124,1465.892,605.053,244.345,4063.479,3436.653,853.356,2706.651
09/06/2025 12:00:00,4421.830,424.711,863.699,70.293,195.492,1373.386,264.073,679.378,1765.107,3514.448,1497.728,612.335,252.136,4081.362,3487.633,873.475,2765.962
09/06/2025 13:00:00,4505.376,439.170,870.251,71.855,194.437,1404.520,274.783,701.397,1805.974,3534.851,1530.538,615.446,254.849,4115.410,3540.849,897.166,2814.194
09/06/2025 14:00:00,4673.998,457.477,879.019,75.625,199.901,1464.734,293.982,753.446,1837.565,3668.303,1585.633,622.412,269.094,4139.576,3618.587,939.315,2891.992
09/06/2025 15:00:00,4863.386,465.420,893.477,78.287,208.099,1526.754,313.383,766.444,1894.292,3747.507,1643.697,628.969,281.345,4165.159,3704.021,965.221,2951.570
09/06/2025 16:00:00,5044.370,474.701,907.776,80.166,214.504,1580.116,329.684,779.545,1922.851,3844.540,1672.524,633.466,294.426,4192.030,3628.218,980.701,3060.501
09/06/2025 17:00:00,5226.311,488.754,925.157,82.940,218.662,1609.966,343.679,791.408,1946.323,3910.336,1696.979,637.835,305.180,4191.104,3638.878,993.139,3134.718
09/06/2025 18:00:00,5430.665,506.032,939.139,86.199,222.498,1644.560,350.937,817.869,1960.310,4005.778,1708.325,647.738,314.810,4196.965,3640.845,1013.528,3220.149
09/06/2025 19:00:00,5629.864,525.531,957.877,93.297,226.692,1687.746,357.402,847.911,1962.449,4149.893,1726.986,656.449,328.160,4216.801,3642.582,1043.960,3299.271
09/06/2025 20:00:00,5801.072,552.390,974.145,97.740,229.669,1724.089,362.614,877.801,1955.061,4384.853,1751.117,661.611,344.058,4254.395,3647.663,1081.604,3400.018
09/06/2025 21:00:00,5989.571,578.818,984.334,101.596,234.399,1762.005,367.844,904.749,1993.195,4567.687,1777.995,667.198,360.348,4329.303,3656.683,1123.356,3511.354
09/06/2025 22:00:00,6092.797,609.106,998.315,108.271,238.401,1801.420,378.024,935.147,2008.294,4656.186,1816.943,674.311,376.067,4406.415,3663.055,1167.036,3628.962
09/06/2025 23:00:00,6103.853,625.640,998.064,111.984,239.165,1818.830,385.515,970.338,2037.019,4718.379,1837.946,682.940,382.238,4483.295,3666.569,1187.131,3698.495
09/07/2025 00:00:00,5969.376,614.389,987.279,113.171,238.086,1799.583,382.608,964.414,2100.142,4664.787,1829.067,683.868,370.270,4503.538,3680.731,1183.230,3663.746
09/07/2025 01:00:00,5723.314,585.295,961.244,109.741,233.770,1760.896,360.789,941.352,2073.953,4479.018,1780.245,673.792,349.412,4480.315,3668.149,1126.604,3528.332
09/07/2025 02:00:00,5569.595,564.900,944.545,105.662,234.504,1748.854,349.929,904.150,2050.215,4377.587,1757.280,673.051,338.911,4463.415,3664.604,1098.372,3434.662
09/07/2025 03:00:00,5302.656,530.272,921.407,99.240,227.535,1684.849,333.509,849.884,2004.422,4259.115,1707.449,662.898,319.154,4425.605,3642.009,1054.946,3278.844
09/07/2025 04:00:00,4988.251,490.742,902.075,91.197,217.803,1600.859,316.816,811.806,1975.952,4081.441,1648.142,648.187,296.988,4366.329,3544.627,1012.560,3115.185
09/07/2025 05:00:00,4690.583,455.187,883.273,82.607,207.978,1502.035,294.844,748.524,1911.605,3901.287,1575.444,624.093,275.368,4279.024,3472.158,966.859,2946.768
09/07/2025 06:00:00,4413.465,426.708,866.886,75.895,199.278,1419.421,275.581,693.347,1826.354,3692.435,1515.662,612.350,257.856,4176.443,3425.049,902.124,2786.221
09/07/2025 07:00:00,4209.668,407.523,858.441,71.707,193.412,1351.545,261.834,660.470,1817.100,3578.582,1475.522,602.466,245.681,4108.476,3408.372,875.205,2668.137
09/07/2025 08:00:00,4084.547,395.134,858.498,68.635,188.146,1306.492,253.582,640.065,1817.194,3521.721,1451.145,600.483,237.741,4062.135,3407.347,871.608,2589.947
09/07/2025 09:00:00,4003.051,390.556,857.761,66.651,185.949,1275.707,248.051,645.016,1794.708,3473.142,1437.966,595.565,234.056,4031.539,3398.195,861.040,2543.853
09/07/2025 10:00:00,3962.154,392.182,850.224,66.232,184.111,1266.062,247.167,648.709,1779.862,3413.612,1436.499,588.037,233.687,4012.889,3405.823,854.435,2537.219
09/07/2025 11:00:00,3964.763,398.911,858.089,67.229,184.341,1279.692,249.307,640.745,1797.908,3476.274,1448.014,597.507,235.480,4024.093,3425.745,853.386,2570.126
09/07/2025 12:00:00,4002.761,401.552,858.114,68.814,184.419,1304.605,255.676,665.084,1827.776,3467.623,1466.018,610.719,240.348,4034.659,3480.539,871.155,2615.231
09/07/2025 13:00:00,4080.494,409.986,864.612,70.087,181.156,1322.024,261.959,689.473,1845.476,3506.988,1480.448,609.228,243.682,4043.206,3535.521,900.752,2645.416
09/07/2025 14:00:00,4323.743,433.027,879.278,73.773,188.998,1383.901,280.176,733.042,1854.338,3624.272,1532.141,613.467,258.447,4061.862,3615.070,957.844,2745.207
09/07/2025 15:00:00,4565.215,449.702,897.403,77.617,197.619,1456.620,301.557,761.592,1874.869,3782.147,1593.533,620.549,272.861,4115.411,3625.150,1002.171,2853.534
09/07/2025 16:00:00,4829.493,467.070,923.937,81.471,206.411,1527.754,322.390,785.028,1912.611,3960.706,1644.541,630.805,289.197,4204.311,3624.199,1037.096,2973.515
09/07/2025 17:00:00,5145.297,492.307,949.535,86.178,212.685,1605.251,341.027,827.832,1978.676,4182.041,1689.435,643.133,305.942,4304.115,3658.419,1072.847,3094.037
09/07/2025 18:00:00,5495.469,523.356,973.769,92.467,220.980,1680.166,359.541,876.399,2025.207,4385.993,1733.119,664.839,325.252,4413.503,3690.520,1113.379,3246.560
09/07/2025 19:00:00,5867.529,556.571,994.964,100.178,230.315,1763.619,373.504,921.345,2048.444,4582.823,1765.550,689.294,345.028,4517.027,3694.340,1172.878,3405.152
09/07/2025 20:00:00,6161.062,589.293,1008.389,110.244,241.471,1873.359,389.506,970.889,2110.651,4780.391,1811.595,718.932,364.458,4651.761,3725.170,1218.958,3587.028
09/07/2025 21:00:00,6425.028,623.470,1024.548,120.550,253.766,1987.552,410.458,1042.885,2163.292,4957.584,1872.092,736.058,383.106,4709.233,3734.398,1259.217,3747.997
09/07/2025 22:00:00,6588.083,653.296,1033.426,131.817,266.212,2073.217,434.744,1097.556,2217.582,5066.013,1950.384,751.668,398.286,4759.556,3763.839,1295.262,3876.576
09/07/2025 23:00:00,6598.771,669.486,1032.907,138.634,270.823,2137.918,454.981,1143.704,2268.465,5106.732,2012.789,759.587,407.533,4805.315,3821.094,1314.284,3949.135
09/08/2025 00:00:00,6372.427,657.125,1022.651,136.482,267.982,2123.863,452.695,1116.082,2286.400,5030.129,2022.713,755.986,395.719,4804.500,3847.119,1299.314,3910.306
09/08/2025 01:00:00,6046.934,631.553,1000.128,128.643,267.260,2047.874,433.214,1037.258,2253.191,4883.735,1973.359,740.704,376.056,4751.146,3833.339,1240.393,3776.622
09/08/2025 02:00:00,5847.781,611.620,984.808,120.835,266.579,2019.025,420.534,1024.458,2263.134,4776.978,1942.281,755.195,362.130,4701.698,3852.953,1209.440,3718.055
09/08/2025 03:00:00,5546.553,578.927,961.218,110.933,254.930,1915.589,393.559,969.593,2201.565,4608.860,1863.861,715.266,340.154,4654.499,3745.851,1147.189,3533.226
09/08/2025 04:00:00,5174.566,532.785,938.052,98.749,240.586,1765.984,355.725,872.518,2106.365,4316.069,1750.422,682.817,312.614,4531.503,3615.019,1065.288,3273.980
09/08/2025 05:00:00,4795.333,489.639,911.136,87.775,227.127,1618.191,323.613,792.680,2007.061,4062.670,1651.439,665.933,287.295,4385.138,3488.857,994.984,3046.936
09/08/2025 06:00:00,4505.087,458.461,892.342,78.888,213.776,1502.849,299.000,758.968,1914.017,3874.861,1575.061,649.765,266.835,4251.886,3410.193,935.587,2890.530
09/08/2025 07:00:00,4304.693,438.960,881.465,74.234,210.550,1420.979,282.631,735.627,1884.989,3693.990,1529.509,635.761,255.825,4195.794,3376.906,901.016,2794.334
09/08/2025 08:00:00,4180.472,432.084,881.200,71.304,202.121,1381.944,278.427,702.915,1855.795,3582.258,1505.943,628.037,249.943,4146.418,3378.120,879.056,2729.150
09/08/2025 09:00:00,4117.597,429.391,879.013,70.059,203.372,1370.854,274.550,698.586,1895.784,3498.856,1496.566,627.424,245.097,4121.337,3403.152,873.207,2724.247
09/08/2025 10:00:00,4147.456,442.374,880.425,72.875,210.281,1390.095,278.547,700.359,1910.991,3532.411,1518.057,626.408,249.127,4118.107,3447.376,871.283,2752.354
09/08/2025 11:00:00,4309.377,473.618,895.604,75.897,217.465,1463.713,296.212,734.668,1998.526,3643.890,1571.244,651.922,265.380,4162.513,3559.362,897.562,2900.664
09/08/2025 12:00:00,4623.566,520.402,915.479,80.672,232.549,1589.691,332.492,806.514,2074.656,3838.413,1680.326,693.775,290.757,4253.075,3776.139,943.180,3142.779
09/08/2025 13:00:00,4770.296,540.590,926.999,82.853,240.808,1669.923,350.669,865.176,2158.327,3930.356,1757.828,714.394,307.581,4325.799,3801.306,966.862,3297.109
09/08/2025 14:00:00,4909.334,551.143,939.458,85.236,240.618,1712.923,372.344,881.287,2178.217,4037.338,1806.580,727.845,322.052,4343.518,3859.250,990.417,3395.381
09/08/2025 15:00:00,5075.980,556.303,958.845,87.770,244.477,1759.246,386.466,878.651,2250.608,4182.987,1848.643,754.042,335.721,4371.133,3919.633,1024.506,3479.763
09/08/2025 16:00:00,5348.948,567.264,979.149,91.793,247.196,1818.205,398.755,902.294,2344.351,4330.401,1881.827,784.921,347.531,4484.331,3995.019,1058.370,3576.297
09/08/2025 17:00:00,5617.676,583.559,1001.587,97.381,255.545,1855.690,412.823,935.197,2423.128,4514.638,1919.687,799.124,361.308,4590.189,4065.417,1095.258,3635.922
09/08/2025 18:00:00,5937.029,609.842,1033.516,103.004,266.782,1895.474,436.152,965.878,2472.695,4683.264,1964.741,802.906,376.577,4695.511,4079.217,1139.967,3690.728
09/08/2025 19:00:00,6275.092,632.311,1054.498,109.577,273.190,1940.986,440.932,1010.352,2506.282,4761.923,2013.366,813.457,393.379,4850.270,4114.052,1181.897,3733.743
09/08/2025 20:00:00,6528.732,659.821,1060.227,115.091,276.502,1971.842,444.662,1031.855,2510.746,4806.910,2054.575,831.049,408.078,4985.323,4154.654,1215.069,3733.218
09/08/2025 21:00:00,6673.686,678.072,1072.656,119.369,276.433,1987.769,443.106,1059.302,2544.905,4927.485,2081.201,846.889,419.565,5083.990,4174.077,1265.041,3710.369
09/08/2025 22:00:00,6801.496,698.067,1074.237,125.431,280.125,1987.922,437.648,1076.713,2617.591,5046.158,2101.626,856.809,416.754,5154.284,4161.903,1306.662,3719.037
09/08/2025 23:00:00,6754.314,701.193,1065.498,128.664,272.210,1997.537,440.288,1081.208,2649.910,5053.659,2100.051,876.089,412.579,5180.618,4126.111,1329.292,3710.669
09/09/2025 00:00:00,6505.478,693.205,1050.031,127.980,267.419,1978.698,434.428,1072.322,2673.811,4975.665,2050.909,872.705,406.886,5172.494,4132.142,1303.472,3691.021
09/09/2025 01:00:00,6180.526,675.742,1029.894,125.490,268.811,1964.658,425.489,1054.486,2616.165,4946.346,2018.292,856.622,391.930,5116.716,4107.257,1243.809,3616.142
09/09/2025 02:00:00,5998.600,657.160,1015.645,121.970,273.841,1964.399,426.098,1055.164,2625.529,4894.142,2012.125,843.555,377.399,5025.134,4129.767,1215.087,3606.364
09/09/2025 03:00:00,5693.873,611.766,993.573,111.638,264.928,1885.902,409.099,997.116,2529.138,4661.001,1941.986,796.374,353.208,4912.614,4031.886,1167.130,3466.333
09/09/2025 04:00:00,5282.296,562.892,963.138,99.533,253.321,1749.098,377.125,912.709,2450.832,4385.555,1834.772,755.792,325.331,4739.269,3869.727,1094.426,3263.999
09/09/2025 05:00:00,4912.529,515.356,938.584,88.739,246.494,1601.961,343.287,837.698,2374.240,4145.860,1730.319,712.472,302.157,4587.668,3747.043,1023.854,3066.461
09/09/2025 06:00:00,4616.946,481.800,922.772,80.786,234.401,1516.897,320.382,799.930,2335.834,3912.249,1650.621,676.331,282.678,4439.002,3665.150,975.972,2933.089
09/09/2025 07:00:00,4410.793,455.565,910.174,75.160,234.217,1446.871,299.416,755.626,2274.862,3753.328,1602.251,659.066,269.776,4387.210,3555.516,940.595,2849.645
09/09/2025 08:00:00,4259.694,446.912,898.743,72.123,227.796,1399.167,291.764,730.358,2248.773,3650.329,1583.531,646.852,260.750,4324.105,3532.358,917.788,2787.459
09/09/2025 09:00:00,4195.720,444.379,895.227,70.567,224.114,1373.605,288.654,709.960,2220.910,3598.330,1573.022,636.001,256.172,4268.253,3511.678,909.022,2768.841
09/09/2025 10:00:00,4202.331,455.317,896.786,72.894,225.884,1390.323,290.559,715.442,2207.852,3589.965,1585.308,629.720,259.667,4237.222,3520.249,908.457,2790.349
09/09/2025 11:00:00,4342.487,477.360,908.945,76.795,229.339,1457.983,308.143,764.604,2248.105,3672.376,1635.832,647.835,273.974,4249.558,3565.364,921.563,2931.333
09/09/2025 12:00:00,4652.568,518.534,924.766,82.559,247.166,1584.869,346.927,822.874,2325.462,3869.385,1749.169,681.366,298.149,4317.174,3697.915,961.892,3163.905
09/09/2025 13:00:00,4783.247,535.730,937.938,85.964,254.224,1659.242,377.646,850.604,2383.376,3963.448,1816.382,711.521,313.009,4344.596,3908.992,988.014,3313.709
09/09/2025 14:00:00,4926.234,544.771,957.483,90.124,259.033,1708.638,392.024,884.762,2414.583,4056.012,1846.693,731.031,327.693,4369.382,3974.696,1008.486,3384.390
09/09/2025 15:00:00,5087.299,544.753,974.253,93.474,257.103,1744.212,409.549,886.542,2434.914,4184.633,1908.725,755.722,344.352,4437.414,3913.826,1039.932,3470.896
09/09/2025 16:00:00,5346.142,563.997,998.392,95.948,254.323,1778.842,429.083,896.795,2464.690,4362.268,1963.029,774.689,355.101,4524.196,3930.381,1072.150,3549.442
09/09/2025 17:00:00,5633.119,580.549,1008.306,96.636,257.023,1779.140,440.075,924.291,2516.841,4558.918,2027.375,794.432,363.136,4665.711,3943.723,1112.638,3602.657
09/09/2025 18:00:00,6009.015,600.151,1033.649,92.746,255.640,1787.509,459.580,930.054,2553.393,4793.957,2071.131,823.271,381.168,4850.247,3944.721,1162.089,3682.258
09/09/2025 19:00:00,6391.356,610.974,1055.235,93.497,263.796,1811.209,474.343,942.123,2592.472,5073.325,2110.517,855.891,399.050,5045.832,4005.383,1224.148,3831.946
09/09/2025 20:00:00,6702.516,628.458,1069.597,100.195,269.622,1834.659,489.891,967.582,2597.949,5243.269,2151.789,879.029,416.669,5227.683,4092.080,1284.161,3977.871
09/09/2025 21:00:00,6989.182,640.942,1095.942,108.487,275.239,1892.673,511.305,1011.722,2662.673,5464.275,2186.634,903.381,426.541,5352.599,4094.964,1344.871,4135.359
09/09/2025 22:00:00,7196.478,673.957,1108.074,118.959,285.241,1964.122,531.512,1067.753,2738.193,5529.225,2242.149,917.421,422.951,5410.431,4147.715,1394.016,4290.711
09/09/2025 23:00:00,7206.561,692.263,1099.327,128.436,279.513,2028.564,537.974,1093.468,2796.026,5596.242,2263.021,910.449,424.593,5375.003,4161.127,1412.041,4377.564
09/10/2025 00:00:00,7003.318,687.311,1089.861,130.489,273.718,2014.794,525.890,1093.115,2818.015,5508.209,2223.464,897.436,415.913,5284.945,4117.938,1400.595,4363.070
09/10/2025 01:00:00,6611.854,666.701,1062.455,127.191,275.041,1980.182,507.201,1075.829,2777.490,5345.377,2194.921,877.149,401.496,5125.019,4068.653,1336.955,4231.534
09/10/2025 02:00:00,6352.519,657.712,1048.568,122.767,281.002,1983.359,494.538,1064.408,2723.173,5276.580,2177.550,858.871,388.893,4972.466,4039.864,1300.109,4139.281
09/10/2025 03:00:00,5994.438,625.743,1019.817,113.243,272.254,1896.200,461.391,1016.458,2609.755,5007.513,2088.938,819.642,365.585,4882.777,3947.401,1235.524,3924.233
09/10/2025 04:00:00,5565.389,577.950,991.777,102.979,259.102,1771.485,418.244,946.839,2508.198,4692.651,1969.604,777.981,337.249,4732.908,3816.657,1146.828,3642.126
09/10/2025 05:00:00,5122.520,524.817,963.031,93.317,245.274,1635.672,376.755,868.814,2397.788,4372.407,1818.392,737.859,314.136,4572.550,3660.724,1066.793,3356.204
09/10/2025 06:00:00,4798.664,487.405,941.833,86.069,235.651,1553.121,345.480,834.747,2316.217,4104.882,1722.979,705.742,291.842,4441.759,3548.613,1009.633,3154.090
09/10/2025 07:00:00,4574.157,476.043,925.895,81.713,233.590,1499.930,324.063,801.450,2273.524,3932.103,1667.045,683.735,276.809,4344.402,3490.272,975.312,3025.712
09/10/2025 08:00:00,4414.667,468.882,917.685,79.216,227.654,1463.495,310.376,784.222,2220.264,3792.949,1635.740,661.885,266.050,4290.667,3442.418,946.338,2935.606
09/10/2025 09:00:00,4339.963,463.938,907.699,78.337,226.348,1444.210,302.822,760.674,2219.658,3713.095,1621.981,643.137,261.466,4229.980,3422.866,929.119,2892.153
09/10/2025 10:00:00,4309.064,467.357,910.655,80.907,225.330,1458.269,303.937,770.583,2204.485,3733.389,1626.846,648.015,264.729,4231.938,3430.283,924.791,2901.111
09/10/2025 11:00:00,4451.742,497.213,921.936,83.836,234.490,1519.820,321.325,799.845,2256.807,3751.129,1676.535,654.283,280.694,4214.960,3482.933,933.014,3002.469
09/10/2025 12:00:00,4770.715,551.033,938.222,90.655,250.776,1655.573,357.863,865.405,2351.837,3961.960,1777.539,691.873,305.122,4240.077,3650.887,967.808,3238.372
09/10/2025 13:00:00,4940.533,574.045,947.013,94.371,257.781,1742.946,383.068,914.997,2393.857,4070.282,1848.235,725.163,322.043,4293.096,3763.698,985.389,3388.081
09/10/2025 14:00:00,5073.589,586.227,962.024,97.147,268.398,1815.709,397.810,959.792,2434.774,4211.022,1905.388,734.993,343.185,4333.632,3829.108,1007.354,3484.898
09/10/2025 15:00:00,5320.413,597.332,984.134,101.717,268.546,1884.533,417.216,993.705,2456.881,4373.518,1980.355,749.330,362.690,4397.758,3898.924,1046.336,3568.224
09/10/2025 16:00:00,5715.791,618.063,1009.302,113.977,282.957,1997.120,445.422,1059.716,2564.919,4532.718,2070.390,779.668,388.168,4465.061,3955.799,1090.559,3718.762
09/10/2025 17:00:00,6178.370,652.936,1042.765,126.889,299.148,2110.984,474.927,1126.100,2570.002,4722.887,2171.975,802.104,418.844,4574.277,4023.699,1142.680,3834.648
09/10/2025 18:00:00,6672.119,705.037,1075.609,141.880,310.750,2235.472,498.410,1193.910,2692.366,4901.158,2273.929,831.858,450.114,4721.807,4088.154,1196.085,3965.429
09/10/2025 19:00:00,7145.229,751.143,1100.090,149.761,324.722,2335.521,522.558,1259.081,2736.961,4986.251,2351.865,862.766,487.791,4874.557,4218.239,1247.914,4125.411
09/10/2025 20:00:00,7434.034,781.697,1110.901,157.132,336.780,2438.752,544.317,1338.890,2777.406,5023.374,2421.370,883.959,520.659,5041.521,4312.807,1291.062,4244.596
09/10/2025 21:00:00,7600.690,804.356,1106.691,167.130,348.851,2561.735,564.299,1389.498,2818.299,5063.796,2491.188,902.115,535.453,5167.760,4345.331,1327.286,4355.152
09/10/2025 22:00:00,7750.129,817.784,1102.702,177.240,342.110,2604.923,589.876,1426.725,2878.705,5113.463,2551.508,912.613,543.278,5243.687,4383.261,1358.235,4481.947
09/10/2025 23:00:00,7720.977,818.668,1100.099,179.755,347.556,2634.121,593.260,1438.652,2904.224,5187.504,2571.065,912.421,544.103,5254.573,4408.192,1369.800,4549.145
09/11/2025 00:00:00,7455.029,800.678,1087.826,177.562,343.121,2562.943,576.107,1415.701,2908.344,5146.574,2512.255,898.096,517.671,5233.631,4340.896,1364.585,4507.677
09/11/2025 01:00:00,7066.235,772.676,1069.859,165.460,330.069,2447.097,544.749,1334.976,2862.150,5119.743,2418.903,867.937,497.122,5144.296,4259.550,1316.597,4346.885
09/11/2025 02:00:00,6787.107,738.583,1062.364,152.565,331.109,2384.068,522.937,1281.720,2802.131,5055.185,2344.777,835.503,478.111,5032.826,4211.672,1286.567,4236.113
09/11/2025 03:00:00,6425.552,687.761,1042.226,136.290,312.912,2245.508,487.159,1199.927,2668.258,4888.883,2223.735,800.935,450.441,4929.593,4113.281,1231.308,4017.535
09/11/2025 04:00:00,5979.225,629.166,1017.861,120.136,287.192,2055.599,442.603,1072.928,2582.898,4629.971,2072.580,760.555,412.435,4752.541,3908.080,1137.186,3728.345
09/11/2025 05:00:00,5513.340,570.578,989.822,104.325,273.420,1863.362,396.804,971.167,2444.319,4336.993,1932.232,717.660,377.078,4594.255,3738.005,1057.534,3449.105
09/11/2025 06:00:00,5142.712,521.990,966.051,92.966,261.892,1727.637,363.989,907.879,2368.219,4100.322,1822.550,688.234,346.891,4474.233,3649.351,1005.148,3248.962
09/11/2025 07:00:00,4885.967,491.704,948.138,85.231,250.703,1631.517,342.511,848.075,2311.993,3923.679,1746.019,663.957,324.927,4374.752,3571.436,973.929,3108.640
09/11/2025 08:00:00,4717.787,475.919,945.481,80.409,243.235,1557.180,325.617,821.801,2270.020,3825.266,1705.058,646.454,310.937,4316.791,3531.729,957.179,3013.221
09/11/2025 09:00:00,4617.668,472.269,939.813,77.722,236.881,1511.835,318.480,793.109,2226.293,3763.787,1679.652,641.560,303.452,4254.850,3505.531,935.189,2966.918
09/11/2025 10:00:00,4612.361,479.585,941.376,79.423,242.677,1512.408,318.471,797.364,2214.509,3729.055,1687.242,642.332,304.497,4231.086,3504.902,927.247,2983.004
09/11/2025 11:00:00,4736.904,508.652,950.581,82.492,247.106,1574.996,334.145,827.949,2268.794,3819.213,1732.878,655.635,319.734,4243.041,3567.850,944.855,3116.661
09/11/2025 12:00:00,5015.422,568.127,970.835,88.768,264.769,1709.668,371.424,874.128,2364.829,4026.530,1837.149,688.635,346.735,4302.049,3753.194,991.042,3362.197
09/11/2025 13:00:00,5144.632,590.184,977.634,92.301,267.262,1800.431,401.134,916.900,2426.058,4136.930,1914.389,707.158,366.422,4353.609,3876.201,1003.052,3511.964
09/11/2025 14:00:00,5337.313,599.790,994.316,98.316,278.653,1899.099,425.240,978.319,2438.846,4218.863,1972.385,726.406,385.014,4350.420,3879.340,1023.696,3611.303
09/11/2025 15:00:00,5720.680,630.091,1020.858,107.492,290.723,2017.618,453.740,1056.799,2494.559,4330.076,2051.071,748.111,417.594,4381.539,3935.334,1072.474,3735.512
09/11/2025 16:00:00,6203.517,677.421,1054.732,119.275,305.339,2170.794,489.538,1143.789,2549.331,4639.628,2153.441,770.987,459.066,4499.889,4024.534,1133.117,3972.268
09/11/2025 17:00:00,6801.444,737.390,1091.367,134.456,323.104,2347.915,523.816,1238.322,2656.711,4940.008,2278.394,809.196,499.497,4633.466,4170.835,1216.774,4234.938
09/11/2025 18:00:00,7354.813,799.697,1130.577,151.349,346.082,2536.642,555.882,1349.445,2725.125,5270.836,2402.597,854.823,538.097,4774.422,4308.315,1305.639,4542.636
09/11/2025 19:00:00,7835.221,858.167,1167.198,167.999,364.831,2727.254,586.049,1454.979,2791.489,5635.376,2512.804,904.766,576.919,4949.941,4300.092,1383.149,4858.220
09/11/2025 20:00:00,8176.457,904.202,1188.033,183.213,379.605,2871.921,605.701,1535.015,2821.899,5901.992,2606.438,921.475,604.742,5103.869,4361.258,1436.902,5107.456
09/11/2025 21:00:00,8435.347,929.455,1193.265,195.734,388.053,2986.464,626.915,1608.082,2855.119,6125.968,2682.615,940.244,622.148,5204.818,4391.191,1510.282,5272.464
09/11/2025 22:00:00,8551.003,947.555,1195.217,204.392,390.130,3004.253,635.320,1628.877,2880.079,6259.712,2744.093,957.310,628.306,5255.975,4443.517,1556.975,5400.103
09/11/2025 23:00:00,8456.399,944.745,1186.635,207.796,380.049,2963.227,608.567,1639.270,2861.505,6226.713,2727.611,941.635,617.043,5252.007,4432.678,1558.210,5388.625
09/12/2025 00:00:00,8176.592,912.828,1167.357,200.981,368.696,2867.364,585.929,1577.650,2852.101,6056.849,2638.011,925.826,593.183,5184.311,4362.569,1528.243,5262.586
09/12/2025 01:00:00,7702.338,860.173,1132.191,187.911,357.233,2726.701,568.235,1474.898,2809.460,5821.883,2548.218,899.233,556.592,5104.967,4327.979,1442.366,5006.960
09/12/2025 02:00:00,7325.812,816.681,1129.408,172.999,351.009,2625.673,552.096,1420.738,2755.803,5533.181,2484.606,883.296,522.261,4978.811,4330.050,1364.538,4800.914
09/12/2025 03:00:00,6883.384,749.172,1100.961,154.404,335.383,2468.984,522.869,1318.812,2661.582,5290.956,2358.949,848.156,479.925,4841.771,4215.698,1291.309,4514.143
09/12/2025 04:00:00,6351.815,687.112,1052.559,136.777,320.726,2281.070,481.615,1217.076,2571.948,4951.345,2217.163,805.477,432.726,4693.979,4025.510,1206.223,4165.650
09/12/2025 05:00:00,5825.275,629.327,998.935,120.066,298.920,2079.799,440.028,1092.687,2405.154,4701.126,2071.302,764.998,390.370,4526.070,3863.866,1132.402,3832.033
09/12/2025 06:00:00,5451.535,576.630,977.600,106.364,283.345,1925.926,404.496,993.357,2307.300,4450.856,1953.714,724.931,353.283,4397.834,3783.710,1072.714,3574.403
09/12/2025 07:00:00,5154.855,538.517,959.308,96.873,267.939,1814.303,380.911,946.697,2254.909,4207.009,1875.615,698.414,330.325,4318.902,3739.845,1033.607,3396.000
09/12/2025 08:00:00,4942.937,516.040,947.303,89.723,261.736,1720.786,363.255,903.612,2211.637,4086.166,1831.938,679.933,312.337,4239.534,3691.392,1003.585,3265.995
09/12/2025 09:00:00,4808.208,501.783,942.309,86.555,252.560,1654.044,350.817,867.445,2187.010,4001.222,1805.668,673.173,301.468,4179.363,3645.858,980.728,3170.856
09/12/2025 10:00:00,4781.685,505.285,944.234,87.305,255.544,1639.706,348.017,858.087,2169.082,3962.959,1805.102,663.162,301.228,4154.042,3655.008,969.117,3158.141
09/12/2025 11:00:00,4856.505,530.470,951.826,89.207,258.762,1689.924,364.293,885.209,2218.626,4064.238,1849.119,673.107,313.562,4168.799,3737.241,975.831,3256.794
09/12/2025 12:00:00,5105.526,577.343,966.779,94.615,272.354,1809.227,401.560,949.438,2290.247,4269.072,1953.278,703.417,336.890,4224.798,3872.339,1006.446,3475.362
09/12/2025 13:00:00,5229.638,601.685,973.830,98.035,281.093,1890.635,427.494,983.442,2390.306,4377.645,2026.724,727.914,355.663,4257.363,3982.170,1022.320,3621.807
09/12/2025 14:00:00,5526.044,631.823,997.323,104.209,290.094,1971.729,454.039,1036.114,2425.316,4537.272,2064.211,743.698,381.269,4278.688,4033.062,1068.546,3776.069
09/12/2025 15:00:00,5937.161,659.580,1034.867,112.824,303.216,2115.865,478.723,1112.914,2492.575,4777.758,2143.329,766.744,411.822,4340.534,4123.810,1127.202,3970.155
09/12/2025 16:00:00,6489.805,715.563,1069.165,126.706,326.200,2329.639,499.139,1217.352,2565.127,5106.244,2255.661,805.458,438.451,4501.752,4147.080,1225.938,4270.320
09/12/2025 17:00:00,7130.712,778.112,1116.856,147.808,349.811,2556.891,526.211,1336.797,2656.605,5454.538,2356.285,848.861,483.845,4620.395,4257.780,1306.725,4600.000
09/12/2025 18:00:00,7735.123,840.216,1167.277,167.955,375.373,2775.226,520.083,1470.483,2747.164,5875.350,2406.231,899.850,530.563,4750.172,4309.172,1396.970,4936.803
09/12/2025 19:00:00,8206.394,887.559,1199.328,186.776,391.006,2975.448,541.713,1592.361,2816.730,6127.355,2430.005,945.769,571.258,4890.295,4392.207,1477.488,5257.262
09/12/2025 20:00:00,8528.955,930.061,1218.243,203.074,404.954,3126.003,574.733,1683.254,2819.024,6241.242,2571.100,954.473,604.013,5008.663,4403.887,1536.299,5472.387
09/12/2025 21:00:00,8761.672,962.074,1229.410,215.030,412.608,3230.947,612.325,1723.172,2905.954,6405.010,2615.246,956.822,627.400,5099.761,4433.201,1575.005,5623.933
09/12/2025 22:00:00,8836.235,979.033,1232.947,222.084,411.806,3265.497,648.801,1748.537,2942.355,6494.980,2700.946,975.256,635.194,5156.458,4443.867,1611.827,5708.226
09/12/2025 23:00:00,8698.881,970.337,1219.684,220.744,404.967,3236.415,660.438,1733.665,2904.449,6481.301,2712.152,971.547,626.140,5170.463,4371.357,1607.830,5642.887
09/13/2025 00:00:00,8348.088,928.128,1190.894,210.315,392.565,3096.137,646.635,1633.738,2906.770,6282.612,2669.497,955.052,599.453,5124.567,4309.047,1571.976,5454.149
09/13/2025 01:00:00,7790.746,870.412,1149.678,194.763,372.666,2916.171,609.961,1520.318,2820.080,6017.529,2612.827,918.543,563.470,4986.634,4225.478,1466.059,5119.970
09/13/2025 02:00:00,7339.983,826.937,1121.566,180.044,368.689,2788.898,583.664,1460.174,2742.258,5772.186,2513.261,880.946,529.436,4864.075,4178.245,1388.569,4867.585
09/13/2025 03:00:00,6934.980,769.845,1091.046,163.727,353.927,2629.367,552.039,1371.945,2638.976,5541.497,2407.467,852.446,490.954,4765.701,4124.097,1315.563,4587.951
09/13/2025 04:00:00,6513.198,705.876,1062.418,147.690,330.931,2441.892,510.349,1272.077,2539.113,5235.115,2285.509,815.335,451.089,4664.047,4025.216,1256.309,4280.628
09/13/2025 05:00:00,6092.699,648.667,1023.959,132.445,310.085,2255.290,462.445,1161.832,2423.306,4952.884,2139.007,777.650,412.772,4544.882,3962.070,1183.402,3968.541
09/13/2025 06:00:00,5709.771,605.595,994.161,121.148,291.224,2110.079,421.115,1083.639,2298.905,4649.372,2004.372,744.660,378.134,4438.639,3836.943,1116.924,3716.363
09/13/2025 07:00:00,5394.619,571.635,975.725,112.301,278.567,1980.744,391.106,1024.607,2215.508,4417.198,1900.113,714.445,351.728,4351.540,3726.301,1066.477,3518.029
09/13/2025 08:00:00,5135.859,541.862,959.438,105.836,268.682,1888.696,367.955,978.759,2127.378,4257.713,1823.678,696.721,331.384,4289.890,3677.204,1028.771,3360.441
09/13/2025 09:00:00,4955.062,523.881,952.875,100.573,261.514,1813.842,349.572,935.063,2094.310,4113.936,1774.436,685.921,319.598,4252.131,3703.379,998.482,3253.988
09/13/2025 10:00:00,4841.188,514.539,942.510,97.439,255.250,1763.848,339.004,915.064,2068.197,4047.920,1740.075,680.020,312.081,4228.282,3669.903,974.632,3188.930
09/13/2025 11:00:00,4828.337,521.118,943.918,96.612,252.817,1745.834,338.439,898.478,2047.610,4008.680,1732.323,679.739,315.131,4228.066,3658.831,966.927,3188.776
09/13/2025 12:00:00,4837.095,530.396,945.788,97.162,252.973,1767.067,347.247,911.172,2026.184,4034.292,1755.016,685.394,321.163,4246.445,3659.206,972.659,3222.170
09/13/2025 13:00:00,4873.540,543.249,945.377,99.629,248.928,1796.368,361.371,932.329,2058.553,4026.365,1795.699,680.461,325.311,4257.651,3720.127,995.172,3268.095
09/13/2025 14:00:00,5225.709,580.529,960.134,110.173,261.736,1919.697,398.127,1000.891,2150.771,4236.796,1913.364,692.516,350.962,4287.058,3799.470,1063.656,3452.038
09/13/2025 15:00:00,5756.782,633.651,1004.087,124.557,280.922,2105.244,444.169,1115.302,2228.938,4541.938,2069.960,708.174,392.726,4340.941,3910.432,1148.338,3717.276
09/13/2025 16:00:00,6379.354,695.066,1050.649,144.866,307.661,2309.938,487.686,1234.434,2327.208,4940.837,2251.024,736.010,446.560,4432.311,3982.481,1242.705,4048.209
09/13/2025 17:00:00,6998.382,760.059,1100.198,164.262,327.188,2520.812,532.465,1373.488,2440.623,5319.238,2427.002,778.945,493.540,4506.586,4082.865,1334.405,4394.486
09/13/2025 18:00:00,7575.515,817.457,1138.018,180.091,348.962,2739.036,570.408,1475.134,2509.927,5656.390,2573.105,818.810,530.812,4542.837,4124.775,1417.102,4732.753
09/13/2025 19:00:00,8023.480,859.561,1168.862,195.813,367.130,2931.280,594.251,1571.205,2516.093,5890.791,2674.826,858.444,559.539,4547.504,4179.150,1475.131,4998.315
09/13/2025 20:00:00,8321.052,887.221,1183.349,206.953,380.133,3068.463,621.573,1627.301,2595.969,6063.732,2740.562,877.381,581.782,4591.634,4205.774,1510.914,5149.722
09/13/2025 21:00:00,8472.077,907.344,1189.150,214.482,387.707,3161.070,638.932,1672.446,2610.435,6156.209,2789.917,889.789,590.993,4590.243,4241.490,1539.773,5246.854
09/13/2025 22:00:00,8450.653,912.286,1189.451,219.273,391.452,3186.630,634.524,1697.737,2639.149,6171.021,2796.859,880.165,562.075,4588.766,4274.920,1554.339,5272.881
09/13/2025 23:00:00,8266.907,904.611,1185.040,221.397,383.092,3139.499,626.067,1699.701,2646.927,6172.382,2734.632,850.923,556.497,4592.797,4274.082,1539.037,5226.002
09/14/2025 00:00:00,7899.199,871.949,1150.619,210.617,369.221,2991.056,616.545,1622.410,2620.230,5954.771,2635.167,829.298,547.094,4562.135,4206.681,1493.367,5061.967
09/14/2025 01:00:00,7436.049,822.549,1112.051,194.802,356.431,2838.304,579.960,1514.990,2530.791,5697.467,2551.400,798.904,516.764,4489.708,4175.826,1410.651,4838.697
09/14/2025 02:00:00,7070.034,780.523,1087.625,180.139,346.115,2716.557,552.144,1435.110,2454.193,5596.018,2466.434,780.605,487.723,4437.296,4155.228,1343.503,4653.546
09/14/2025 03:00:00,6668.153,716.626,1056.695,165.766,331.597,2569.771,516.755,1351.677,2336.364,5320.710,2354.228,745.970,456.951,4322.025,4121.063,1277.073,4409.522
09/14/2025 04:00:00,6261.516,659.643,1028.362,150.310,313.460,2395.083,479.093,1254.989,2223.533,5022.777,2226.628,724.378,422.931,4232.326,4008.991,1209.335,4131.696
09/14/2025 05:00:00,5877.173,611.023,994.828,135.650,295.981,2211.192,444.296,1154.452,2091.821,4729.922,2101.656,690.665,390.106,4134.127,3855.652,1138.909,3843.279
09/14/2025 06:00:00,5510.066,569.041,969.705,122.119,279.314,2053.034,411.825,1076.365,2001.020,4498.379,1993.202,666.363,360.833,3972.176,3751.780,1076.379,3596.280
09/14/2025 07:00:00,5241.647,540.022,951.316,111.071,266.255,1923.892,392.123,1000.715,1942.501,4260.833,1922.914,649.354,336.367,3944.191,3717.628,1034.540,3422.131
09/14/2025 08:00:00,5013.609,518.125,947.036,101.955,254.390,1815.054,372.897,942.209,1898.109,4098.162,1863.219,644.595,318.480,3915.580,3677.438,1003.344,3288.326
09/14/2025 09:00:00,4848.103,499.578,940.210,95.418,245.575,1732.829,358.314,897.472,1855.513,4002.557,1818.140,645.543,306.875,3884.923,3636.726,991.554,3196.196
09/14/2025 10:00:00,4736.383,485.786,926.539,91.384,237.745,1680.699,347.118,868.097,1847.214,3944.346,1782.704,645.681,301.503,3868.140,3553.807,977.654,3121.686
09/14/2025 11:00:00,4702.189,486.873,929.711,89.348,231.428,1654.018,345.273,848.215,1823.030,3947.791,1762.314,655.318,300.316,3878.088,3504.838,976.742,3114.307
09/14/2025 12:00:00,4712.349,496.774,923.418,89.473,230.403,1657.367,350.801,858.180,1827.830,3978.173,1761.505,658.650,304.204,3909.046,3533.082,987.098,3155.512
09/14/2025 13:00:00,4757.893,507.307,933.365,90.725,227.735,1667.754,358.160,871.239,1844.144,4020.988,1771.535,666.680,306.880,3923.635,3609.156,1013.446,3194.872
09/14/2025 14:00:00,5066.353,545.335,955.009,98.212,238.515,1776.755,382.294,928.993,1880.861,4197.542,1855.549,675.959,330.248,3931.785,3725.895,1081.484,3358.809
09/14/2025 15:00:00,5527.002,579.911,976.854,112.634,253.740,1917.359,426.849,1013.183,1986.656,4444.317,2004.152,697.938,364.298,4006.838,3851.739,1153.877,3608.808
09/14/2025 16:00:00,6063.267,638.672,1017.884,128.701,278.173,2129.877,476.590,1132.626,2060.341,4788.958,2146.024,720.342,406.315,4076.279,3991.136,1224.797,3914.729
09/14/2025 17:00:00,6639.217,717.234,1071.157,149.867,304.262,2376.237,518.739,1261.410,2108.318,5111.923,2257.888,738.045,455.410,4166.973,4105.060,1287.259,4179.027
09/14/2025 18:00:00,7211.175,792.666,1114.980,169.843,326.514,2582.648,548.610,1382.347,2115.834,5281.626,2323.785,762.188,500.986,4279.576,4179.130,1344.791,4459.159
09/14/2025 19:00:00,7645.085,848.294,1146.938,182.975,333.326,2705.349,565.690,1462.452,2129.936,5304.316,2434.323,769.408,532.889,4396.229,4237.639,1376.733,4657.181
09/14/2025 20:00:00,7896.511,883.674,1144.564,193.237,337.846,2769.040,578.267,1530.219,2078.234,5368.195,2473.467,791.562,550.491,4511.191,4275.403,1407.325,4739.790
09/14/2025 21:00:00,8036.168,899.000,1137.563,194.219,343.269,2795.107,576.923,1508.777,2077.013,5423.967,2527.360,816.723,575.924,4626.353,4241.774,1427.765,4721.402
09/14/2025 22:00:00,8054.601,908.173,1128.966,193.108,341.429,2768.849,541.570,1496.595,2070.510,5443.442,2525.950,830.957,592.761,4707.255,4289.466,1450.930,4709.091
09/14/2025 23:00:00,7995.828,905.964,1115.565,191.040,335.286,2739.474,522.404,1480.301,2111.760,5412.122,2335.626,835.498,582.201,4754.761,4234.161,1445.977,4678.663
09/15/2025 00:00:00,7752.273,875.413,1100.352,183.201,329.177,2695.409,509.926,1454.305,2156.300,5363.028,2301.492,832.624,554.001,4746.173,4172.127,1425.917,4553.946
09/15/2025 01:00:00,7388.074,832.000,1080.624,174.612,329.280,2627.593,504.062,1404.364,2081.951,5311.600,2263.189,829.143,525.039,4693.197,4151.846,1364.149,4399.510
09/15/2025 02:00:00,7046.402,787.541,1064.145,164.148,322.038,2521.861,495.845,1360.455,2009.212,5229.381,2252.536,789.806,494.744,4602.237,4091.763,1318.030,4226.761
09/15/2025 03:00:00,6606.002,723.585,1041.850,149.679,298.082,2339.572,468.807,1247.721,1898.220,5101.178,2172.965,747.739,457.671,4490.584,3968.595,1254.567,3999.450
09/15/2025 04:00:00,6147.389,661.017,1019.506,132.728,281.663,2150.254,431.913,1141.926,1816.328,4822.099,2064.205,701.588,420.957,4347.198,3814.665,1179.435,3721.686
09/15/2025 05:00:00,5695.683,600.420,983.158,116.392,266.880,1959.698,390.262,1019.280,1703.986,4543.280,1930.517,664.609,384.314,4206.898,3678.673,1111.673,3443.517
09/15/2025 06:00:00,5326.557,553.396,963.882,104.240,256.808,1814.979,351.004,967.279,1634.468,4355.604,1817.654,639.954,356.269,4117.218,3593.301,1058.763,3257.738
09/15/2025 07:00:00,5079.339,525.991,949.929,96.851,243.238,1712.687,329.150,917.759,1621.521,4204.229,1729.998,619.606,338.529,4065.380,3542.401,1025.310,3122.454
09/15/2025 08:00:00,4885.513,505.336,938.259,91.200,242.980,1642.492,316.234,875.371,1580.123,4117.643,1685.620,596.264,324.644,4027.837,3515.332,1000.984,3031.601
09/15/2025 09:00:00,4786.920,493.424,931.695,88.538,240.930,1620.609,310.562,848.709,1589.753,4026.919,1662.213,599.661,315.497,4017.290,3474.364,976.830,2983.438
09/15/2025 10:00:00,4784.586,496.822,933.968,89.977,239.392,1648.867,312.877,850.871,1608.885,4041.836,1682.222,609.800,314.302,4005.625,3471.404,969.746,3018.870
09/15/2025 11:00:00,4953.285,523.130,948.465,92.961,245.825,1724.525,331.801,883.272,1681.965,4110.954,1735.988,631.923,328.214,4007.749,3533.236,981.080,3170.499
09/15/2025 12:00:00,5271.185,572.940,972.207,97.941,269.762,1849.835,369.565,937.073,1812.841,4318.199,1846.960,666.779,356.243,4074.439,3702.006,1014.107,3433.355
09/15/2025 13:00:00,5408.105,595.196,980.091,100.026,273.455,1938.915,402.464,969.558,1879.140,4444.775,1931.136,686.745,377.018,4129.381,3851.800,1028.704,3624.741
09/15/2025 14:00:00,5646.023,608.051,996.763,106.583,279.221,2019.158,430.006,1017.191,1939.092,4560.732,1997.200,706.784,392.841,4134.970,4015.209,1058.376,3748.925
09/15/2025 15:00:00,6049.775,673.543,1024.907,116.884,284.817,2126.923,462.206,1090.956,1968.857,4844.690,2093.618,732.816,410.824,4207.543,4057.100,1123.183,3894.270
09/15/2025 16:00:00,6608.603,729.947,1069.134,137.325,298.526,2288.589,497.302,1209.900,2044.283,5185.348,2227.826,758.093,440.213,4302.913,4167.352,1203.859,4168.508
09/15/2025 17:00:00,7219.406,793.821,1116.127,162.710,327.611,2526.095,530.733,1347.138,2118.533,5511.260,2357.649,790.729,466.585,4460.689,4197.798,1289.798,4492.935
09/15/2025 18:00:00,7781.831,857.330,1153.722,183.625,343.702,2766.441,566.322,1463.320,2201.336,5799.767,2485.269,833.969,502.882,4616.805,4247.913,1370.644,4846.448
09/15/2025 19:00:00,8236.540,900.251,1181.622,196.520,370.493,2949.217,600.524,1568.228,2257.824,6040.193,2607.156,875.959,534.955,4737.070,4403.174,1445.488,5150.854
09/15/2025 20:00:00,8535.145,928.947,1190.585,207.838,386.539,3051.983,628.918,1635.654,2326.064,6170.173,2712.454,897.714,561.784,4843.294,4423.033,1499.805,5371.122
09/15/2025 21:00:00,8698.784,945.541,1194.010,213.864,392.476,3124.809,650.835,1648.836,2389.580,6257.300,2756.900,917.197,593.676,4907.475,4517.952,1535.023,5468.051
09/15/2025 22:00:00,8696.694,949.320,1193.402,217.062,391.206,3158.827,661.748,1636.445,2470.119,6237.189,2789.477,933.202,598.382,4976.182,4554.145,1563.625,5524.548
09/15/2025 23:00:00,8532.347,918.610,1178.783,219.111,387.064,3152.912,665.261,1646.683,2499.022,6211.397,2807.261,930.681,557.976,4962.116,4550.803,1558.375,5476.796
09/16/2025 00:00:00,8183.992,870.640,1156.353,215.929,377.398,3071.432,648.679,1598.436,2499.964,5983.945,2760.544,927.032,510.953,4892.383,4525.815,1513.547,5334.026
09/16/2025 01:00:00,7762.901,819.084,1124.473,203.278,367.165,2931.621,609.115,1524.045,2430.349,5819.392,2664.427,894.967,485.701,4806.401,4409.928,1433.296,5077.774
09/16/2025 02:00:00,7365.909,774.810,1103.219,191.080,365.934,2836.612,580.937,1472.699,2348.164,5706.390,2571.902,861.822,464.881,4735.874,4412.211,1373.650,4863.730
09/16/2025 03:00:00,6900.576,723.001,1077.625,170.702,351.031,2677.543,543.731,1377.158,2204.210,5481.691,2422.927,821.921,438.966,4612.676,4206.532,1305.563,4573.182
09/16/2025 04:00:00,6381.662,659.381,1038.238,150.517,326.017,2447.915,495.778,1253.472,2036.514,5195.119,2264.889,784.510,407.808,4443.179,4026.728,1217.511,4247.262
09/16/2025 05:00:00,5874.922,597.901,1006.000,133.166,304.666,2203.320,447.283,1130.993,1897.225,4833.846,2115.806,736.562,372.464,4276.653,3859.800,1130.787,3912.581
09/16/2025 06:00:00,5476.898,555.387,986.125,120.950,286.003,2043.209,415.558,1062.385,1820.588,4588.682,2008.918,705.413,345.426,4118.631,3755.003,1071.638,3639.859
09/16/2025 07:00:00,5188.150,524.490,966.039,110.614,276.157,1901.428,391.504,965.128,1760.053,4348.372,1951.881,679.298,326.766,3978.324,3685.811,1030.147,3441.586
09/16/2025 08:00:00,4977.248,506.155,952.785,102.057,262.754,1809.844,374.953,928.630,1724.689,4194.803,1887.906,657.376,311.343,3933.965,3652.754,1000.468,3298.809
09/16/2025 09:00:00,4834.359,495.601,954.172,97.065,261.501,1746.785,362.151,897.321,1707.474,4111.553,1846.022,649.350,301.678,3927.722,3604.301,976.233,3208.865
09/16/2025 10:00:00,4782.509,496.728,946.035,96.643,255.406,1729.144,357.589,884.470,1696.520,4085.642,1839.901,647.320,304.265,3960.410,3574.252,961.899,3179.896
09/16/2025 11:00:00,4891.830,530.113,954.559,98.610,263.982,1772.980,371.809,917.101,1782.921,4129.680,1875.677,663.787,320.311,4002.925,3609.026,962.420,3277.739
09/16/2025 12:00:00,5202.287,576.856,970.631,103.319,273.940,1881.710,407.829,974.189,1908.084,4300.777,1975.149,697.803,346.488,4074.171,3756.310,997.573,3512.990
09/16/2025 13:00:00,5302.715,594.599,974.122,105.341,282.695,1964.227,432.833,1016.781,1974.850,4381.230,2044.451,717.574,363.473,4128.908,3888.948,1014.731,3652.926
09/16/2025 14:00:00,5535.475,607.878,994.467,110.821,287.186,2060.292,453.059,1064.131,2006.902,4502.052,2099.751,726.377,383.340,4140.123,3939.374,1044.928,3764.140
09/16/2025 15:00:00,5982.710,651.309,1032.412,123.681,295.987,2176.153,492.279,1128.944,2058.548,4759.524,2216.341,748.153,406.688,4208.142,3996.817,1096.386,3941.901
09/16/2025 16:00:00,6599.415,709.375,1074.414,137.220,307.413,2361.711,533.415,1247.497,2153.240,5088.283,2351.485,778.823,443.935,4287.531,4183.667,1175.466,4260.416
09/16/2025 17:00:00,7248.468,775.641,1119.085,159.247,338.817,2589.914,572.391,1371.988,2276.452,5450.761,2496.005,821.391,492.395,4396.070,4269.876,1271.649,4573.751
09/16/2025 18:00:00,7852.824,843.074,1157.369,180.724,364.563,2786.933,612.495,1482.933,2350.740,5799.570,2640.567,869.097,537.924,4504.257,4383.717,1365.417,4920.070
09/16/2025 19:00:00,8299.151,898.422,1186.501,198.487,383.583,2973.066,647.718,1572.405,2426.241,6110.655,2757.428,920.141,582.446,4633.120,4452.422,1448.392,5228.339
09/16/2025 20:00:00,8622.448,923.726,1199.426,209.532,394.396,3107.101,668.682,1658.882,2549.193,6177.272,2834.980,949.365,615.593,4747.658,4512.311,1495.967,5447.782
09/16/2025 21:00:00,8778.438,892.944,1202.395,219.295,403.546,3204.027,678.067,1711.950,2582.495,6259.221,2825.889,967.933,632.630,4809.582,4512.881,1524.502,5551.787
09/16/2025 22:00:00,8778.426,863.362,1202.312,218.347,404.743,3230.840,678.781,1727.317,2578.642,6248.300,2765.323,966.944,616.533,4840.808,4525.954,1547.707,5595.840
09/16/2025 23:00:00,8658.244,827.058,1185.850,222.552,395.310,3196.570,679.525,1705.512,2507.873,6193.297,2714.025,934.351,579.606,4810.433,4497.329,1550.137,5538.366
09/17/2025 00:00:00,8385.028,794.123,1159.042,210.990,381.205,3040.761,653.624,1636.831,2452.853,6004.456,2691.813,918.402,548.094,4770.916,4455.599,1519.131,5378.288
09/17/2025 01:00:00,7892.269,765.282,1130.165,187.122,365.367,2859.916,618.743,1535.920,2366.031,5918.522,2621.329,892.289,516.207,4737.397,4361.163,1438.727,5095.832
09/17/2025 02:00:00,7476.565,740.856,1106.482,173.174,364.747,2730.599,591.196,1467.535,2291.992,5738.717,2542.513,862.558,486.344,4655.534,4332.930,1377.668,4858.180
09/17/2025 03:00:00,6970.734,700.434,1075.205,154.752,344.681,2559.808,560.194,1345.915,2166.330,5461.689,2419.855,817.979,456.347,4542.237,4210.274,1291.799,4537.467
09/17/2025 04:00:00,6445.807,636.403,1046.462,137.873,320.740,2333.731,512.653,1221.650,1982.808,5107.694,2261.379,765.968,417.771,4375.889,4013.158,1208.867,4171.350
09/17/2025 05:00:00,5935.081,577.253,1012.494,121.101,293.735,2110.998,464.719,1097.762,1810.560,4760.109,2096.165,713.685,380.209,4208.811,3844.924,1126.585,3815.890
09/17/2025 06:00:00,5524.573,535.436,985.043,107.993,278.783,1944.348,423.763,1022.095,1655.511,4452.431,1965.566,676.544,349.155,4097.151,3716.181,1063.520,3545.264
09/17/2025 07:00:00,5250.283,511.300,967.197,99.538,267.255,1820.084,393.935,950.230,1599.025,4257.832,1864.018,657.198,329.439,4004.996,3646.798,1023.761,3371.003
09/17/2025 08:00:00,5028.096,492.873,957.952,93.066,258.571,1720.961,366.909,901.413,1568.435,4093.652,1804.159,638.876,313.628,3940.432,3570.688,986.671,3222.278
09/17/2025 09:00:00,4893.593,484.526,948.559,89.505,252.972,1660.792,349.469,858.010,1567.149,3998.485,1770.488,635.847,304.162,3917.031,3546.594,958.927,3132.874
09/17/2025 10:00:00,4838.156,487.124,947.984,90.351,252.647,1653.030,350.040,852.540,1603.722,3970.565,1758.243,634.991,302.786,3929.333,3534.345,953.592,3120.329
09/17/2025 11:00:00,4961.051,511.006,957.836,92.736,257.209,1708.555,363.105,890.389,1663.900,4059.912,1791.982,646.879,317.067,3967.922,3597.929,959.295,3239.465
09/17/2025 12:00:00,5257.929,557.234,981.518,98.251,269.662,1830.945,399.011,962.993,1792.023,4254.228,1880.394,687.361,342.352,4032.248,3771.198,992.485,3501.443
09/17/2025 13:00:00,5380.944,586.810,989.337,101.599,278.084,1918.036,427.075,998.201,1887.143,4341.180,1957.407,705.472,357.947,4109.481,3929.206,1013.737,3647.483
09/17/2025 14:00:00,5580.982,610.895,1008.922,107.740,287.589,2022.844,433.402,1058.983,1957.237,4467.724,1985.907,705.132,384.858,4133.130,3995.851,1038.078,3716.871
09/17/2025 15:00:00,5992.807,655.975,1044.972,118.025,293.229,2162.634,443.352,1128.061,1966.247,4713.128,2006.803,717.609,422.790,4128.457,4023.419,1086.278,3814.808
09/17/2025 16:00:00,6572.465,718.133,1086.788,133.558,304.029,2334.571,449.958,1225.604,2009.400,5093.195,2041.319,737.311,467.950,4234.718,4040.097,1172.961,3972.298
09/17/2025 17:00:00,7130.848,786.415,1127.340,149.745,333.639,2525.731,462.286,1334.945,1995.904,5443.418,2063.676,751.683,514.481,4329.965,4058.191,1258.368,4121.030
09/17/2025 18:00:00,7775.410,852.931,1171.324,171.773,351.597,2723.877,480.531,1445.613,1973.697,5738.790,2080.844,770.136,560.090,4471.858,4089.411,1342.121,4256.434
09/17/2025 19:00:00,8283.068,902.983,1200.191,190.246,369.222,2862.806,496.421,1515.751,1985.729,6014.927,2122.291,795.804,598.772,4599.671,4147.902,1420.860,4383.207
09/17/2025 20:00:00,8585.501,933.286,1207.885,203.421,368.345,2889.058,506.098,1560.801,2003.619,6205.443,2183.746,816.037,627.599,4725.262,4160.092,1489.193,4462.208
09/17/2025 21:00:00,8761.231,945.384,1215.315,204.701,369.585,2927.329,520.902,1588.981,1995.976,6488.375,2201.324,835.544,643.774,4822.684,4071.157,1533.984,4530.272
09/17/2025 22:00:00,8775.649,948.856,1207.399,210.372,367.795,2878.423,528.029,1582.087,2003.325,6628.097,2229.254,847.875,626.688,4826.669,4066.473,1560.657,4554.104
09/17/2025 23:00:00,8569.862,921.198,1182.561,207.996,355.322,2817.103,520.332,1542.758,2027.107,6555.887,2254.857,839.124,576.196,4804.117,4030.668,1551.630,4568.690
09/18/2025 00:00:00,8167.236,881.917,1146.915,198.740,343.915,2705.618,512.522,1486.397,2035.748,6359.796,2235.594,826.170,550.734,4735.930,4018.640,1505.656,4486.795
09/18/2025 01:00:00,7689.467,836.900,1113.632,186.885,336.058,2610.974,503.476,1417.764,2026.155,6120.100,2214.669,802.891,528.640,4647.689,4052.801,1414.571,4360.013
09/18/2025 02:00:00,7286.409,786.579,1083.359,171.087,337.864,2535.735,492.840,1368.958,2015.282,5890.546,2197.088,788.330,501.873,4570.937,4041.759,1345.284,4257.621
09/18/2025 03:00:00,6835.282,728.417,1049.372,150.744,322.095,2388.199,464.218,1287.465,1923.343,5566.952,2122.404,752.406,465.611,4447.263,3945.958,1257.255,4013.313
09/18/2025 04:00:00,6316.335,663.780,1012.634,135.401,297.507,2194.509,422.255,1171.331,1805.373,5193.047,2005.410,722.139,424.536,4321.636,3796.994,1168.249,3720.415
09/18/2025 05:00:00,5834.051,607.440,980.050,120.239,281.531,2005.643,380.741,1058.184,1702.721,4838.455,1881.143,680.527,385.076,4179.301,3667.529,1098.155,3456.710
09/18/2025 06:00:00,5432.544,551.255,956.779,105.933,263.755,1854.962,346.090,983.082,1630.112,4582.257,1779.480,649.336,354.538,4043.225,3571.314,1046.300,3248.913
09/18/2025 07:00:00,5144.634,517.227,937.509,96.543,255.071,1749.783,324.256,921.305,1594.728,4356.919,1707.655,634.661,331.251,3950.473,3520.980,1007.701,3125.597
09/18/2025 08:00:00,4931.657,500.670,920.783,90.263,250.187,1677.306,310.733,883.976,1574.370,4199.543,1667.886,626.756,314.165,3877.282,3486.492,981.051,3048.361
09/18/2025 09:00:00,4796.692,493.432,915.478,87.013,244.847,1637.060,303.141,855.589,1558.675,4114.512,1643.931,621.747,304.420,3847.001,3454.837,957.970,2995.045
09/18/2025 10:00:00,4750.935,492.795,915.295,89.736,245.411,1649.909,304.210,855.617,1559.934,4058.858,1652.126,635.608,304.939,3826.022,3453.801,955.537,2997.184
09/18/2025 11:00:00,4898.576,520.315,925.533,93.669,247.172,1717.322,321.186,894.813,1605.958,4085.563,1704.648,642.519,316.905,3864.888,3513.700,967.087,3116.406
09/18/2025 12:00:00,5182.929,568.214,942.016,98.540,263.382,1844.738,358.877,964.105,1742.458,4297.497,1815.290,676.385,345.160,3939.760,3711.427,1007.641,3369.290
09/18/2025 13:00:00,5296.343,590.938,951.888,101.402,274.915,1933.772,385.739,1004.807,1842.776,4415.132,1898.001,703.192,362.248,4012.093,3851.444,1010.637,3537.116
09/18/2025 14:00:00,5523.716,610.466,972.757,106.970,269.901,1957.732,400.087,1004.458,1867.562,4508.770,1921.193,710.577,382.846,4016.349,3906.644,1029.860,3626.529
09/18/2025 15:00:00,5898.426,631.358,1002.021,109.547,266.663,1976.439,411.768,1022.125,1881.828,4658.903,1962.859,719.424,407.120,4049.060,3923.216,1076.644,3705.878
09/18/2025 16:00:00,6467.950,684.053,1035.681,110.307,269.917,2006.138,434.640,1053.893,1893.323,4907.714,2017.983,725.259,440.327,4113.829,3959.697,1128.291,3831.253
09/18/2025 17:00:00,7048.663,738.625,1065.929,112.034,272.567,2024.623,445.945,1069.488,1911.824,5111.536,2069.347,730.802,479.870,4167.714,4006.315,1188.093,3949.913
09/18/2025 18:00:00,7605.571,804.632,1093.349,112.494,272.622,2067.037,448.478,1104.873,1937.398,5334.135,2110.489,750.012,525.637,4274.017,4032.897,1253.531,4058.806
09/18/2025 19:00:00,7966.566,868.839,1113.543,116.563,274.421,2104.718,449.616,1126.279,1992.387,5587.794,2132.920,765.838,571.092,4384.519,4061.635,1322.873,4161.674
09/18/2025 20:00:00,8067.513,906.090,1107.121,123.085,277.532,2141.147,441.671,1162.953,1989.028,5678.285,2124.429,782.396,594.936,4523.685,4065.440,1369.970,4261.426
09/18/2025 21:00:00,7890.021,891.719,1097.824,130.701,277.735,2165.534,436.429,1191.133,1990.563,5704.070,2102.427,801.348,587.226,4597.519,4081.115,1398.341,4326.641
09/18/2025 22:00:00,7767.899,866.019,1079.778,132.069,278.452,2138.318,439.728,1160.376,1990.452,5718.678,2098.203,809.846,537.027,4669.442,4054.961,1437.528,4385.959
09/18/2025 23:00:00,7579.342,799.012,1064.664,126.106,274.505,2105.089,435.929,1104.038,1990.551,5673.400,2076.793,807.035,490.927,4674.642,4028.799,1445.648,4418.277
09/19/2025 00:00:00,7324.141,747.000,1047.420,123.902,270.295,2067.828,434.798,1082.141,1995.584,5590.429,2050.358,800.706,449.887,4650.595,3999.648,1417.568,4354.097
09/19/2025 01:00:00,6994.197,714.114,1026.146,123.121,272.920,2046.799,434.197,1080.135,1970.178,5494.297,2058.751,779.823,430.091,4584.640,3959.483,1342.696,4193.264
09/19/2025 02:00:00,6732.812,686.599,1016.314,119.096,274.907,2036.906,435.417,1085.542,1947.796,5294.350,2042.243,760.509,413.056,4531.315,4017.453,1291.184,4069.476
09/19/2025 03:00:00,6363.280,643.933,991.170,110.162,265.858,1964.277,415.283,1031.499,1886.105,5055.708,1972.039,728.986,391.706,4409.211,3865.471,1225.360,3853.360
09/19/2025 04:00:00,5909.472,590.698,968.831,100.428,249.333,1848.132,383.905,956.712,1823.096,4770.279,1885.429,691.804,364.374,4283.725,3750.951,1147.863,3590.682
09/19/2025 05:00:00,5500.595,538.003,940.165,90.613,236.895,1707.619,350.208,879.793,1733.232,4507.583,1780.643,652.661,335.368,4166.385,3632.584,1066.520,3293.150
09/19/2025 06:00:00,5130.877,506.437,921.677,83.580,229.067,1600.803,325.752,820.797,1677.061,4275.562,1706.682,622.950,309.388,4076.175,3543.837,1003.140,3075.956
09/19/2025 07:00:00,4881.148,481.785,902.349,78.971,222.284,1527.913,308.447,790.582,1632.594,4112.304,1662.263,605.555,296.983,4014.128,3490.543,971.339,2950.892
09/19/2025 08:00:00,4710.456,468.520,894.826,76.302,223.083,1475.643,297.934,769.105,1621.735,3999.315,1639.729,592.634,288.820,3960.918,3461.138,932.293,2855.532
09/19/2025 09:00:00,4619.131,461.316,891.445,75.355,218.395,1445.735,290.552,759.759,1604.216,3918.539,1631.338,590.713,285.742,3917.968,3452.833,911.221,2805.776
09/19/2025 10:00:00,4588.134,454.938,892.418,77.786,221.339,1464.174,289.988,761.140,1609.200,3879.120,1637.917,597.493,287.474,3887.958,3482.829,907.630,2838.691
09/19/2025 11:00:00,4714.672,476.174,902.896,81.145,228.926,1536.572,302.147,804.050,1664.914,3922.051,1682.702,616.287,301.423,3918.555,3554.008,909.484,2964.401
09/19/2025 12:00:00,5007.156,522.672,920.599,87.507,236.925,1667.854,332.394,856.203,1777.301,4090.055,1774.459,652.879,325.265,3965.544,3732.771,942.665,3181.564
09/19/2025 13:00:00,5147.113,547.007,933.169,91.652,245.446,1745.456,358.494,902.296,1829.266,4217.315,1839.998,677.474,335.810,4015.454,3955.001,973.090,3332.549
09/19/2025 14:00:00,5364.587,571.512,947.642,95.269,254.443,1828.226,375.987,937.537,1835.468,4331.277,1881.041,690.381,356.131,4057.200,3943.059,1005.513,3435.241
09/19/2025 15:00:00,5695.130,605.351,975.696,101.485,263.742,1922.516,392.433,987.749,1825.207,4534.800,1924.066,696.789,383.891,4109.640,3939.234,1035.314,3572.206
09/19/2025 16:00:00,6151.399,642.271,1007.733,109.544,277.693,2033.286,409.983,1041.104,1894.504,4776.701,1963.412,719.172,410.674,4205.659,3956.224,1082.948,3729.341
09/19/2025 17:00:00,6573.584,684.885,1036.516,118.585,287.684,2138.541,426.183,1106.072,1954.621,5092.953,1974.204,753.392,437.550,4321.517,3976.296,1140.513,3932.024
09/19/2025 18:00:00,6992.718,734.579,1067.344,129.730,295.955,2227.177,441.257,1182.051,1967.418,5396.459,1998.736,780.340,470.193,4450.449,3977.353,1215.540,4165.299
09/19/2025 19:00:00,7350.054,773.090,1097.332,139.422,306.488,2340.840,459.722,1249.992,1979.471,5700.121,2056.478,809.892,493.944,4578.922,3994.392,1288.816,4403.126
09/19/2025 20:00:00,7590.229,795.117,1110.513,148.578,321.608,2446.275,459.387,1300.984,1956.523,5913.850,2094.779,829.012,507.719,4676.287,3978.127,1363.213,4586.868
09/19/2025 21:00:00,7766.698,819.918,1128.012,158.631,327.994,2535.022,440.590,1351.560,1931.380,6144.198,2057.044,850.049,524.388,4741.613,3954.333,1426.920,4739.151
09/19/2025 22:00:00,7845.759,836.302,1131.948,166.932,334.192,2579.836,427.200,1379.824,1907.449,6254.073,2028.087,852.119,529.941,4765.892,3947.008,1471.817,4832.296
09/19/2025 23:00:00,7771.363,830.625,1120.118,169.088,322.129,2542.805,415.171,1375.269,1904.838,6205.488,2034.913,833.049,523.641,4732.110,3976.253,1473.932,4770.713
09/20/2025 00:00:00,7418.698,797.868,1089.071,159.113,305.364,2394.537,401.883,1292.285,1928.676,5986.355,1970.282,800.114,498.596,4664.199,3924.444,1429.422,4532.130
09/20/2025 01:00:00,6972.323,745.073,1052.431,148.124,296.466,2258.176,396.289,1208.766,1926.041,5726.225,1927.871,777.331,467.488,4604.929,3917.306,1348.602,4276.703
09/20/2025 02:00:00,6611.345,696.519,1027.393,136.061,282.075,2158.181,392.201,1144.098,1924.351,5553.625,1915.802,769.246,437.017,4567.813,3856.856,1289.159,4103.517
09/20/2025 03:00:00,6258.576,651.171,1001.838,122.704,268.661,2057.283,381.080,1063.175,1861.772,5347.142,1874.900,745.445,409.679,4477.971,3760.869,1232.120,3908.241
09/20/2025 04:00:00,5902.896,603.750,982.041,112.867,251.485,1937.801,360.173,1010.812,1791.231,5073.403,1825.956,712.536,383.245,4365.025,3670.449,1175.149,3672.847
09/20/2025 05:00:00,5533.056,553.804,952.446,101.906,232.968,1796.174,332.102,927.812,1728.165,4807.138,1746.820,677.404,353.404,4229.948,3594.249,1116.339,3430.158
09/20/2025 06:00:00,5208.251,510.984,930.281,92.561,221.093,1685.886,307.840,869.562,1667.846,4568.519,1668.730,648.224,325.939,4119.527,3498.674,1064.030,3224.436
09/20/2025 07:00:00,4947.011,481.511,918.236,85.210,212.399,1594.400,293.697,808.500,1602.882,4370.281,1617.588,622.426,306.265,4030.903,3444.146,1023.944,3069.115
09/20/2025 08:00:00,4750.759,461.825,906.817,80.739,205.835,1521.405,284.523,770.526,1576.350,4250.298,1592.078,602.597,293.058,3970.219,3410.713,984.980,2952.380
09/20/2025 09:00:00,4623.320,448.809,906.675,77.508,201.018,1471.823,280.272,739.017,1538.167,4108.285,1576.156,592.652,284.392,3879.238,3372.567,958.619,2859.688
09/20/2025 10:00:00,4552.076,448.676,898.735,76.148,199.381,1454.482,279.239,724.095,1585.177,4020.184,1578.101,591.995,279.636,3829.883,3386.559,946.043,2813.483
09/20/2025 11:00:00,4558.816,459.430,904.155,77.496,199.299,1468.574,284.079,743.525,1577.711,3980.479,1592.215,590.739,280.957,3851.379,3422.988,950.876,2816.429
09/20/2025 12:00:00,4619.715,471.861,902.421,80.467,201.561,1524.545,295.738,765.947,1629.287,4028.724,1631.123,600.077,289.094,3890.170,3503.506,958.796,2866.459
09/20/2025 13:00:00,4685.816,492.385,900.519,82.646,201.272,1567.232,310.332,799.122,1668.108,4074.219,1669.946,609.755,296.080,3921.569,3588.210,982.068,2931.531
09/20/2025 14:00:00,4939.626,505.593,914.163,87.899,209.327,1651.611,331.106,839.995,1733.459,4190.242,1726.347,618.760,310.052,3934.011,3674.778,1038.751,3045.449
09/20/2025 15:00:00,5310.751,523.571,929.517,97.739,223.657,1777.326,351.721,902.716,1732.159,4490.254,1786.061,638.492,320.959,3991.856,3729.555,1104.110,3236.445
09/20/2025 16:00:00,5757.983,540.641,954.860,109.146,239.050,1903.307,372.261,975.302,1788.882,4811.635,1837.917,657.645,332.844,4104.800,3773.567,1189.610,3418.886
09/20/2025 17:00:00,6254.732,558.897,974.192,122.170,260.009,2048.542,394.360,1061.359,1789.514,5109.960,1904.791,669.360,347.333,4244.248,3823.141,1272.630,3596.897
09/20/2025 18:00:00,6726.722,572.813,994.875,135.544,272.878,2181.260,410.702,1131.231,1834.955,5454.059,1981.018,682.347,368.457,4394.158,3839.392,1354.711,3779.057
09/20/2025 19:00:00,7109.171,587.054,1022.197,146.309,281.318,2293.342,423.289,1201.802,1858.012,5775.131,2053.224,698.561,395.603,4526.379,3833.478,1426.283,3972.362
09/20/2025 20:00:00,7422.727,588.986,1047.437,155.002,285.991,2324.471,437.831,1249.383,1879.352,6029.805,2121.616,711.082,410.527,4661.402,3931.003,1480.142,4122.052
09/20/2025 21:00:00,7556.986,595.665,1070.843,155.021,296.885,2352.660,439.545,1261.646,1901.676,6186.581,2164.628,729.556,419.364,4767.248,3855.085,1494.115,4250.435
09/20/2025 22:00:00,7546.582,604.009,1083.692,159.805,299.210,2365.029,454.695,1264.742,1958.593,6220.685,2187.429,738.757,426.520,4825.704,3882.395,1482.148,4325.631
09/20/2025 23:00:00,7446.904,609.052,1078.410,161.676,296.698,2373.283,460.587,1260.955,1985.017,6071.441,2196.099,746.070,412.424,4816.699,3904.056,1436.904,4354.586
09/21/2025 00:00:00,7160.468,600.111,1055.449,158.582,289.379,2302.359,451.280,1222.825,1994.257,5783.214,2161.006,738.514,394.571,4771.021,3904.493,1368.768,4265.688
09/21/2025 01:00:00,6811.799,591.104,1027.436,149.741,280.897,2231.585,436.641,1186.587,1978.009,5496.217,2094.228,708.772,387.951,4682.049,3885.772,1301.917,4084.856
09/21/2025 02:00:00,6502.255,570.000,1000.817,139.761,274.855,2186.258,425.501,1149.920,1916.551,5300.927,2044.915,695.828,377.673,4550.798,3865.847,1262.256,3934.281
09/21/2025 03:00:00,6107.583,541.124,978.520,129.242,263.631,2087.546,399.168,1066.440,1850.635,5079.090,1960.257,680.975,358.685,4425.734,3779.327,1204.280,3745.842
09/21/2025 04:00:00,5642.066,511.624,950.362,118.188,248.073,1978.353,371.213,975.985,1810.419,4835.971,1861.323,663.792,343.009,4341.187,3663.270,1140.527,3524.395
09/21/2025 05:00:00,5267.003,470.815,922.981,106.531,233.399,1833.952,338.011,913.956,1738.530,4571.478,1756.643,634.764,320.829,4235.509,3572.742,1079.172,3306.689
09/21/2025 06:00:00,4960.365,439.619,901.615,95.340,220.251,1703.581,313.045,852.765,1678.566,4356.092,1675.047,609.883,300.422,4126.079,3511.193,1026.442,3108.138
09/21/2025 07:00:00,4758.357,430.105,886.508,87.437,210.904,1602.284,295.204,792.965,1660.507,4204.707,1613.535,600.811,286.811,4047.215,3450.881,995.114,2961.913
09/21/2025 08:00:00,4607.924,419.801,885.769,82.206,203.337,1524.970,283.541,774.788,1625.146,4122.709,1571.602,590.416,271.181,3969.923,3402.045,969.096,2867.369
09/21/2025 09:00:00,4488.047,415.387,877.358,78.953,199.109,1480.700,276.146,754.279,1593.431,4007.531,1552.080,583.650,264.079,3920.919,3372.943,943.960,2809.218
09/21/2025 10:00:00,4443.019,418.377,878.815,77.398,196.674,1458.860,271.501,722.366,1582.543,3930.187,1546.938,576.822,260.742,3871.008,3377.580,928.587,2779.978
09/21/2025 11:00:00,4421.949,421.536,877.955,77.800,196.830,1460.350,271.451,707.309,1592.607,3863.766,1542.047,584.523,261.325,3852.042,3384.442,911.801,2778.859
09/21/2025 12:00:00,4437.553,430.781,874.443,79.718,199.194,1481.286,278.064,727.594,1580.421,3886.490,1551.639,592.204,268.285,3856.115,3415.032,917.358,2805.618
09/21/2025 13:00:00,4507.826,442.691,874.077,81.622,196.860,1501.840,287.106,744.264,1624.748,3937.085,1569.190,602.613,273.460,3883.758,3482.881,948.597,2856.405
09/21/2025 14:00:00,4792.272,473.330,886.772,88.117,204.962,1601.287,306.831,799.398,1658.348,4069.029,1629.099,605.278,288.132,3913.178,3561.886,1016.168,2985.907
09/21/2025 15:00:00,5159.039,504.120,905.900,99.751,216.861,1715.700,332.766,874.349,1696.656,4190.503,1696.505,633.037,307.601,4005.144,3642.845,1062.097,3141.142
09/21/2025 16:00:00,5526.836,529.694,924.770,109.069,231.845,1817.988,355.987,948.571,1742.264,4382.416,1766.673,656.134,337.440,4115.880,3741.683,1085.479,3309.245
09/21/2025 17:00:00,5899.666,564.346,941.158,119.108,242.891,1932.085,379.521,1009.506,1800.973,4622.959,1838.313,681.670,378.483,4242.468,3838.045,1120.032,3484.114
09/21/2025 18:00:00,6224.687,607.137,961.329,129.254,253.906,2044.157,409.113,1080.313,1839.081,4777.684,1922.704,705.430,408.447,4388.789,3912.815,1160.789,3669.039
09/21/2025 19:00:00,6480.282,633.518,969.467,140.279,271.106,2205.362,425.505,1163.240,1879.755,4855.731,2010.416,723.336,433.544,4547.365,3960.244,1184.477,3848.339
09/21/2025 20:00:00,6676.257,640.640,983.963,151.665,278.609,2313.409,440.642,1213.245,1877.372,4964.797,2094.861,742.480,446.178,4692.991,3996.372,1203.268,3978.154
09/21/2025 21:00:00,6779.161,653.391,985.249,159.363,281.850,2363.593,467.240,1221.038,1969.985,4904.691,2188.530,764.331,443.724,4792.544,4035.653,1242.470,4121.609
09/21/2025 22:00:00,6806.668,663.200,985.313,161.126,281.430,2371.110,491.965,1236.772,2027.539,5130.442,2264.939,780.461,446.194,4864.480,4088.159,1269.831,4248.279
09/21/2025 23:00:00,6800.494,662.660,981.255,154.040,272.204,2339.705,505.928,1231.092,2076.474,5206.439,2305.217,781.793,444.957,4898.517,4186.569,1279.161,4303.137
09/22/2025 00:00:00,6631.785,637.930,972.042,144.202,268.955,2319.188,496.313,1211.246,2096.702,5237.988,2282.097,777.337,425.667,4899.803,4137.466,1278.878,4245.855
09/22/2025 01:00:00,6426.082,616.128,964.271,138.365,276.823,2251.496,474.544,1172.321,2049.304,5103.218,2209.415,755.697,394.986,4815.514,4054.108,1246.463,4107.346
09/22/2025 02:00:00,6243.105,594.427,954.221,130.595,271.247,2183.124,459.284,1116.795,2003.692,4995.424,2142.636,749.601,377.451,4696.190,4016.537,1223.869,3986.212
09/22/2025 03:00:00,5954.187,569.884,942.276,122.046,260.424,2095.367,428.349,1076.996,1888.821,4833.441,2043.778,726.767,359.228,4518.365,3930.651,1171.285,3804.885
09/22/2025 04:00:00,5583.444,536.741,923.359,111.714,242.366,1964.520,389.686,987.438,1785.513,4641.842,1924.275,691.138,335.991,4350.426,3769.586,1102.458,3562.316
09/22/2025 05:00:00,5222.465,498.800,908.212,100.887,231.682,1802.427,352.140,917.314,1668.979,4403.216,1806.335,645.463,314.955,4187.532,3607.971,1036.023,3310.025
09/22/2025 06:00:00,4963.893,467.883,891.688,90.718,219.685,1678.065,325.438,854.593,1614.799,4236.993,1716.477,633.704,294.714,4060.471,3500.803,990.967,3088.540
09/22/2025 07:00:00,4765.807,448.242,883.829,85.143,214.790,1584.157,309.442,797.872,1562.783,4068.594,1666.602,624.297,284.311,3975.227,3462.856,955.042,2963.970
09/22/2025 08:00:00,4610.979,438.482,884.360,81.432,212.089,1518.721,301.217,782.933,1557.066,3948.476,1642.919,622.534,277.710,3906.635,3439.928,934.386,2883.176
09/22/2025 09:00:00,4541.259,433.331,881.866,79.499,209.532,1490.476,293.915,763.334,1553.291,3906.668,1628.162,622.732,274.826,3876.650,3426.421,921.550,2852.288
09/22/2025 10:00:00,4586.260,439.358,883.653,81.796,202.816,1514.538,296.485,770.906,1558.655,3885.820,1643.938,623.195,277.166,3876.383,3442.251,917.670,2881.402
09/22/2025 11:00:00,4788.598,469.869,898.506,84.966,213.123,1601.297,314.488,809.000,1651.342,3993.943,1701.322,638.303,295.043,3912.680,3537.423,931.986,3037.052
09/22/2025 12:00:00,5118.558,519.744,929.534,91.280,237.846,1744.733,352.576,869.875,1763.855,4204.487,1805.088,670.608,325.446,4005.474,3682.654,977.240,3283.741
09/22/2025 13:00:00,5302.479,544.926,951.575,94.799,246.386,1845.845,382.980,930.385,1858.483,4363.620,1882.062,685.453,346.586,4069.123,3818.821,1000.660,3451.210
09/22/2025 14:00:00,5516.149,564.433,962.868,97.524,256.884,1893.811,404.986,964.490,1832.788,4458.985,1932.049,697.863,361.473,4094.427,3860.037,1030.050,3563.355
09/22/2025 15:00:00,5855.309,590.585,986.682,101.956,264.778,1932.964,431.084,1010.982,1880.025,4663.104,2010.386,712.349,375.193,4134.186,3899.285,1076.617,3654.558
09/22/2025 16:00:00,6222.213,614.074,1013.909,108.597,267.105,2010.068,465.074,1052.174,1957.910,4898.502,2125.012,739.850,391.156,4269.239,3995.314,1133.213,3802.408
09/22/2025 17:00:00,6603.178,650.592,1043.213,119.340,290.582,2125.904,497.818,1111.747,2064.541,5154.204,2223.700,771.621,410.915,4461.712,4062.618,1191.215,3981.625
09/22/2025 18:00:00,7070.763,698.548,1072.210,136.776,307.587,2278.155,512.668,1210.067,2135.813,5377.392,2354.226,808.991,440.913,4631.213,4125.837,1261.927,4230.883
09/22/2025 19:00:00,7499.810,733.619,1103.328,153.437,329.792,2454.813,546.471,1296.655,2206.128,5672.388,2370.403,846.132,469.720,4846.289,4211.233,1341.707,4536.505
09/22/2025 20:00:00,7805.507,768.442,1116.658,165.506,346.270,2615.108,571.174,1397.889,2278.265,5922.431,2385.772,872.257,498.579,4984.099,4324.834,1395.260,4765.207
09/22/2025 21:00:00,8039.602,789.717,1132.165,176.604,352.671,2727.542,606.284,1456.534,2331.963,6196.253,2482.708,889.072,521.133,5045.574,4373.085,1470.387,4941.328
09/22/2025 22:00:00,8165.744,820.332,1139.091,185.369,354.062,2782.222,631.935,1474.736,2354.212,6380.086,2596.127,888.818,532.089,5068.137,4496.081,1530.915,5027.051
09/22/2025 23:00:00,8099.540,830.109,1134.074,189.321,353.610,2792.791,632.375,1497.496,2364.489,6367.335,2640.056,859.672,526.921,5028.244,4395.666,1542.369,4976.435
09/23/2025 00:00:00,7838.042,805.625,1117.174,183.160,340.913,2684.699,605.987,1454.149,2316.485,6267.666,2600.523,829.897,509.523,4983.490,4326.811,1520.594,4815.373
09/23/2025 01:00:00,7500.625,778.038,1094.414,171.201,331.026,2556.610,581.159,1374.224,2260.133,6088.696,2516.582,814.626,490.940,4891.931,4228.712,1451.771,4644.282
09/23/2025 02:00:00,7208.347,744.821,1079.476,158.155,324.466,2443.235,557.963,1299.094,2206.718,5931.983,2424.418,796.444,466.137,4814.719,4166.707,1403.415,4496.811
09/23/2025 03:00:00,6855.717,699.245,1054.312,140.203,310.362,2284.503,521.078,1222.774,2106.990,5708.297,2306.009,770.404,440.384,4659.856,4049.426,1344.198,4233.541
09/23/2025 04:00:00,6420.625,640.519,1022.319,123.993,289.500,2078.509,474.632,1109.504,1965.040,5431.983,2168.278,735.381,407.084,4467.708,3881.549,1267.052,3910.532
09/23/2025 05:00:00,5985.102,584.220,999.318,109.335,270.770,1897.418,431.856,1014.035,1850.694,5108.982,2023.075,691.898,375.084,4278.213,3721.043,1189.386,3608.929
09/23/2025 06:00:00,5609.886,542.403,975.568,99.155,257.850,1770.514,398.494,928.790,1777.098,4933.356,1874.054,659.722,345.494,4142.444,3595.104,1136.663,3385.041
09/23/2025 07:00:00,5357.949,516.435,964.255,92.119,249.447,1669.644,374.573,878.077,1719.308,4727.150,1776.907,639.735,327.910,4062.283,3531.144,1091.804,3239.891
09/23/2025 08:00:00,5176.221,498.011,953.078,87.582,242.360,1596.361,357.274,848.068,1688.965,4596.175,1737.290,620.107,313.819,4004.123,3507.460,1057.602,3159.645
09/23/2025 09:00:00,5076.404,489.785,955.225,85.838,238.197,1574.161,336.334,839.606,1685.225,4534.041,1707.409,608.269,308.443,3953.154,3510.378,1038.316,3079.614
09/23/2025 10:00:00,5094.102,493.461,954.953,88.746,241.141,1591.114,327.601,837.321,1710.049,4537.183,1705.831,614.673,310.965,3919.328,3516.443,1027.396,3087.274
09/23/2025 11:00:00,5259.299,523.121,970.348,92.877,247.281,1670.340,340.292,876.100,1702.206,4592.519,1756.292,623.471,325.494,3947.086,3658.367,1038.252,3204.012
09/23/2025 12:00:00,5595.503,581.557,991.577,99.417,254.489,1801.411,376.600,914.518,1745.247,4806.825,1853.640,662.334,358.720,4029.544,3860.771,1078.433,3439.925
09/23/2025 13:00:00,5748.161,605.656,1005.753,101.966,263.076,1879.073,406.971,954.064,1846.931,4989.770,1932.447,697.399,386.390,4087.584,3936.747,1096.877,3617.721
09/23/2025 14:00:00,5922.485,612.876,1009.703,104.523,266.193,1907.254,415.528,986.044,1872.623,5065.872,1948.011,704.254,388.966,4111.416,3934.481,1117.818,3670.533
09/23/2025 15:00:00,6123.807,615.224,1011.296,105.291,265.744,1933.955,420.310,1003.860,1885.322,5198.545,1978.365,711.877,386.613,4131.984,3947.801,1154.459,3720.120
09/23/2025 16:00:00,6432.914,619.242,984.801,108.190,264.831,1956.193,430.372,1020.147,1918.093,5454.792,2011.700,708.056,385.870,4186.465,3990.700,1210.455,3791.647
09/23/2025 17:00:00,6776.120,623.531,999.275,109.491,265.526,1970.188,438.901,1025.725,1919.473,5710.902,2033.312,708.145,389.605,4274.282,4026.566,1279.177,3831.907
09/23/2025 18:00:00,7149.377,623.987,1017.486,110.778,266.533,1992.692,444.820,1035.044,1908.602,5932.917,2049.212,713.155,388.830,4363.466,4062.029,1334.784,3879.816
09/23/2025 19:00:00,7483.500,624.339,1042.676,112.716,266.073,1995.005,449.832,1030.596,1923.791,6089.141,2060.554,726.306,390.653,4492.398,4109.796,1379.933,3914.641
09/23/2025 20:00:00,7672.911,621.967,1054.729,114.050,263.767,1995.542,454.240,1038.262,1924.009,6120.207,2066.736,741.025,395.176,4604.593,4147.136,1410.942,3906.195
09/23/2025 21:00:00,7856.511,623.055,1057.183,113.508,262.794,2002.231,454.408,1040.030,1920.406,6112.074,2073.655,747.413,395.855,4704.325,4222.607,1419.445,3888.274
09/23/2025 22:00:00,7988.197,644.355,1050.963,116.454,258.842,1991.491,459.267,1031.023,1921.203,6089.107,2096.105,753.505,395.353,4806.092,4247.034,1443.694,3891.200
09/23/2025 23:00:00,7898.126,652.272,1041.177,119.238,252.653,1987.212,464.413,1037.180,1922.383,5935.816,2125.784,745.004,399.273,4876.417,4305.949,1435.835,3884.044
09/24/2025 00:00:00,7588.299,652.851,1030.477,119.851,255.364,1979.665,458.092,1044.430,1930.216,5720.776,2125.174,740.038,396.129,4895.124,4251.297,1402.209,3868.864
09/24/2025 01:00:00,7273.553,654.320,1018.392,120.195,256.825,1971.087,454.934,1047.343,1931.720,5565.052,2123.478,724.971,395.413,4788.679,4209.372,1336.955,3840.980
09/24/2025 02:00:00,6991.037,644.756,1007.618,116.408,257.118,1944.919,447.040,1023.437,1914.733,5426.653,2098.030,706.986,386.407,4642.780,4201.137,1291.233,3790.223
09/24/2025 03:00:00,6644.728,615.176,985.349,108.209,247.981,1880.887,425.952,990.930,1887.036,5172.072,2022.390,672.853,373.536,4522.749,4026.449,1221.083,3627.534
09/24/2025 04:00:00,6231.167,573.925,961.727,99.514,237.744,1765.697,390.613,926.390,1806.675,4912.212,1928.398,648.040,354.102,4379.593,3955.964,1145.176,3400.879
09/24/2025 05:00:00,5822.635,530.634,936.994,90.243,224.015,1649.984,354.461,863.998,1676.619,4609.689,1820.932,618.738,330.574,4183.004,3791.810,1069.460,3184.790
09/24/2025 06:00:00,5516.306,498.547,915.796,83.728,213.681,1572.842,328.007,812.843,1644.851,4376.805,1736.911,598.289,310.899,4054.202,3648.738,1009.835,3030.419
09/24/2025 07:00:00,5292.737,478.871,900.721,79.272,211.845,1517.605,309.116,788.220,1644.874,4225.758,1682.083,578.685,298.923,4001.690,3582.459,974.374,2937.538
09/24/2025 08:00:00,5115.754,468.301,893.335,76.610,205.773,1473.144,296.745,770.272,1631.043,4082.268,1654.313,568.322,290.320,3991.420,3535.663,946.325,2866.754
09/24/2025 09:00:00,5037.987,462.156,896.581,75.734,207.696,1452.554,289.925,758.932,1612.466,4016.450,1641.594,569.995,287.681,3981.261,3509.450,938.649,2841.161
09/24/2025 10:00:00,5039.251,466.920,899.118,78.660,209.197,1471.690,291.483,770.186,1623.476,4008.785,1654.544,575.951,291.712,3936.932,3507.047,933.347,2868.309
09/24/2025 11:00:00,5190.319,505.490,906.557,82.471,219.003,1547.927,307.667,787.983,1677.881,4122.494,1699.393,597.053,307.947,3911.717,3575.372,951.126,3007.010
09/24/2025 12:00:00,5519.194,558.994,924.407,90.067,236.508,1689.997,344.989,860.245,1788.634,4358.468,1795.813,633.918,338.009,3969.448,3736.775,1001.443,3269.686
09/24/2025 13:00:00,5683.528,589.365,941.263,93.525,246.279,1772.762,373.043,896.711,1860.172,4476.835,1867.078,654.660,358.682,4019.018,3962.726,1024.085,3445.449
09/24/2025 14:00:00,5798.424,599.178,951.273,96.636,250.186,1817.074,383.861,922.393,1887.015,4529.901,1880.664,674.297,371.723,4042.243,3892.810,1042.352,3522.850
09/24/2025 15:00:00,5939.037,606.285,962.020,101.045,251.102,1845.960,402.134,936.768,1910.885,4646.135,1930.511,695.956,379.803,4089.016,3902.383,1051.796,3585.451
09/24/2025 16:00:00,6099.558,620.410,971.013,101.836,255.402,1876.154,420.650,967.572,1971.586,4718.755,2018.700,716.021,391.112,4063.958,3984.272,1076.179,3669.099
09/24/2025 17:00:00,6179.674,621.179,980.253,107.447,254.828,1913.269,441.096,996.730,1992.836,4808.799,2082.962,717.692,395.870,4103.257,4061.973,1102.290,3731.529
09/24/2025 18:00:00,6176.956,622.782,981.688,114.460,255.354,1949.077,462.221,1026.775,2031.302,4995.337,2148.194,727.117,399.176,4145.699,4162.557,1137.274,3812.071
09/24/2025 19:00:00,6145.242,621.147,994.666,118.005,261.477,1980.132,483.807,1055.612,2094.966,5088.896,2219.973,736.450,399.606,4198.323,4263.342,1177.088,3917.391
09/24/2025 20:00:00,6119.284,620.566,988.710,114.372,270.561,1996.856,499.710,1061.785,2149.477,5153.529,2280.294,739.301,395.396,4260.792,4303.026,1194.274,3999.666
09/24/2025 21:00:00,6179.776,616.720,986.648,120.623,274.760,2058.634,512.047,1080.752,2193.727,5252.461,2323.543,756.286,389.600,4316.577,4367.178,1218.938,4083.860
09/24/2025 22:00:00,6326.441,613.222,988.630,129.023,283.393,2117.913,525.868,1113.839,2200.413,5277.122,2366.619,763.588,384.797,4368.945,4404.512,1252.914,4154.940
09/24/2025 23:00:00,6358.782,614.927,991.518,139.274,279.437,2158.725,519.048,1167.174,2190.691,5254.077,2379.206,754.855,377.675,4398.748,4445.862,1262.206,4199.845
09/25/2025 00:00:00,6298.823,610.893,981.146,137.497,275.434,2114.755,499.083,1141.543,2188.459,5125.911,2314.918,744.931,375.822,4390.031,4387.126,1238.053,4099.064
09/25/2025 01:00:00,6161.759,606.385,966.811,131.028,271.380,2045.079,472.424,1106.407,2105.461,5031.158,2208.813,727.660,373.068,4340.922,4230.447,1202.339,3945.214
09/25/2025 02:00:00,5985.265,592.680,961.065,123.184,267.531,1989.575,454.618,1061.156,2080.218,4917.887,2138.057,725.951,362.549,4327.933,4100.370,1156.119,3823.984
09/25/2025 03:00:00,5737.448,561.139,943.443,111.480,258.665,1889.709,423.734,996.888,1969.541,4753.887,2036.349,700.515,347.811,4259.554,3995.251,1099.565,3630.602
09/25/2025 04:00:00,5363.385,521.611,923.860,99.462,242.021,1751.317,385.148,920.373,1888.145,4516.231,1918.141,673.432,326.916,4148.494,3841.148,1031.621,3382.420
09/25/2025 05:00:00,4982.735,481.322,898.144,88.721,222.709,1611.589,347.579,848.312,1784.425,4283.786,1792.799,648.601,305.656,4036.239,3703.768,963.278,3124.546
09/25/2025 06:00:00,4683.886,451.203,882.274,81.879,215.900,1525.920,320.621,804.134,1704.583,4084.777,1702.003,628.532,289.344,3952.961,3605.302,920.994,2965.125
09/25/2025 07:00:00,4482.273,435.097,864.364,76.977,208.184,1460.811,301.039,764.084,1658.371,3940.663,1643.755,613.585,279.695,3880.652,3545.785,891.328,2876.072
09/25/2025 08:00:00,4368.643,427.120,862.820,74.089,201.894,1416.177,289.805,747.124,1639.488,3789.664,1613.192,603.305,272.456,3844.671,3506.948,877.826,2786.269
09/25/2025 09:00:00,4302.887,422.548,855.482,72.825,204.152,1384.306,284.062,736.004,1622.946,3755.290,1599.164,602.266,269.705,3840.014,3479.645,867.460,2751.721
09/25/2025 10:00:00,4333.552,428.866,858.374,75.058,201.374,1396.570,285.204,718.098,1622.826,3753.981,1603.782,607.346,273.534,3845.372,3463.256,869.912,2762.053
09/25/2025 11:00:00,4484.743,457.163,872.314,78.650,207.361,1463.206,300.893,756.482,1679.488,3848.680,1650.263,621.174,286.414,3861.051,3547.457,877.539,2880.217
09/25/2025 12:00:00,4781.445,507.028,889.967,85.135,226.667,1591.030,334.747,829.561,1827.343,4056.825,1744.416,659.684,311.375,3953.490,3752.738,920.735,3132.249
09/25/2025 13:00:00,4933.564,530.151,905.346,87.884,233.746,1669.253,360.954,879.190,1886.741,4205.631,1817.483,670.749,327.632,4011.237,3877.874,964.597,3277.754
09/25/2025 14:00:00,5138.413,541.606,918.024,90.486,238.977,1722.926,373.632,900.883,1889.739,4299.548,1851.007,671.412,341.719,4011.379,3794.657,987.077,3349.378
09/25/2025 15:00:00,5402.212,555.935,934.389,94.154,248.513,1789.333,394.081,946.545,1895.154,4394.289,1906.868,680.751,358.902,4026.141,3805.987,1019.408,3447.872
09/25/2025 16:00:00,5703.405,578.670,955.850,99.162,256.738,1875.992,424.185,995.715,1945.461,4625.005,1991.761,698.344,381.687,4082.404,3894.650,1059.831,3608.446
09/25/2025 17:00:00,6018.659,600.421,989.471,105.571,264.563,1969.119,449.114,1043.447,1990.894,4845.761,2073.087,716.304,401.157,4175.975,4044.011,1115.555,3770.282
09/25/2025 18:00:00,6372.489,628.308,1018.469,116.277,278.651,2070.045,473.495,1108.053,2062.704,5083.050,2163.009,728.939,414.373,4235.908,4218.301,1176.241,3951.299
09/25/2025 19:00:00,6674.351,651.206,1035.891,125.798,288.721,2162.137,496.512,1156.568,2088.892,5331.952,2249.050,754.219,427.512,4304.801,4248.820,1235.014,4153.824
09/25/2025 20:00:00,6878.139,667.093,1042.951,135.623,299.322,2254.600,516.090,1187.579,2166.167,5405.834,2328.912,781.464,434.773,4423.475,4258.599,1265.005,4317.641
09/25/2025 21:00:00,7007.618,683.013,1048.954,146.510,303.319,2308.043,538.222,1248.854,2207.117,5512.495,2405.678,797.848,443.149,4532.621,4379.669,1298.837,4440.744
09/25/2025 22:00:00,7068.588,698.517,1051.276,152.595,309.514,2342.973,560.248,1284.721,2286.964,5549.414,2469.085,813.050,443.579,4620.037,4449.416,1320.965,4529.061
09/25/2025 23:00:00,6957.183,701.303,1043.653,156.271,305.749,2377.904,559.425,1287.333,2302.127,5555.612,2476.136,807.214,434.246,4665.980,4431.862,1326.715,4536.157
09/26/2025 00:00:00,6692.462,680.533,1022.485,149.329,293.914,2294.681,538.530,1237.387,2284.655,5444.387,2408.356,798.283,419.980,4661.606,4385.751,1311.433,4406.584
09/26/2025 01:00:00,6389.194,653.188,994.771,140.487,287.971,2189.125,505.324,1180.445,2207.558,5256.954,2294.519,790.461,402.541,4589.855,4266.414,1256.258,4191.947
09/26/2025 02:00:00,6138.929,629.867,975.453,131.047,279.238,2106.646,479.813,1130.876,2137.229,5100.726,2213.543,765.793,384.086,4486.337,4204.910,1211.975,4006.294
09/26/2025 03:00:00,5781.595,590.252,949.852,117.570,262.173,1969.824,445.421,1055.175,2046.308,4904.736,2096.244,740.117,358.693,4338.928,4052.239,1155.925,3752.680
09/26/2025 04:00:00,5358.488,538.477,924.873,103.593,248.173,1816.109,400.544,953.942,1912.802,4592.164,1961.774,709.322,331.214,4191.994,3903.645,1081.887,3475.277
09/26/2025 05:00:00,4932.888,488.680,901.276,92.194,231.673,1667.056,358.642,867.038,1819.248,4300.717,1820.312,688.135,304.590,4098.509,3766.037,1007.095,3219.821
09/26/2025 06:00:00,4595.628,451.389,875.756,82.779,222.847,1556.220,327.971,804.239,1703.975,4081.131,1724.003,661.504,282.064,3993.615,3641.927,955.455,3010.082
09/26/2025 07:00:00,4373.720,432.430,867.018,77.508,214.235,1463.374,307.225,759.930,1644.121,3833.255,1656.645,639.539,268.339,3911.911,3576.365,926.794,2881.673
09/26/2025 08:00:00,4228.520,420.370,858.230,73.837,209.234,1398.395,294.944,741.777,1605.440,3716.138,1618.255,630.316,260.084,3835.734,3560.917,905.990,2793.744
09/26/2025 09:00:00,4166.832,413.873,846.992,72.808,207.962,1362.350,288.432,731.415,1599.626,3585.691,1601.942,624.262,256.703,3733.191,3535.774,893.657,2744.831
09/26/2025 10:00:00,4151.853,414.440,849.730,74.400,207.631,1371.401,288.272,736.120,1599.930,3589.943,1605.790,632.897,259.449,3714.822,3544.170,890.354,2750.236
09/26/2025 11:00:00,4274.856,437.770,860.347,77.548,213.607,1437.743,302.141,759.838,1622.749,3665.478,1653.576,643.096,272.380,3774.705,3616.298,899.145,2877.877
09/26/2025 12:00:00,4562.536,484.518,878.731,83.171,227.934,1560.492,334.394,831.132,1732.553,3819.413,1745.127,675.456,296.602,3853.778,3783.413,936.914,3107.626
09/26/2025 13:00:00,4707.119,508.697,886.848,87.044,235.521,1636.744,360.237,855.477,1807.127,3882.150,1813.251,694.718,311.544,3894.440,3888.495,964.527,3235.648
09/26/2025 14:00:00,4906.662,521.590,905.157,89.580,247.812,1712.574,379.478,876.122,1848.966,4031.225,1861.796,708.591,328.092,3910.608,3949.637,978.936,3333.576
09/26/2025 15:00:00,5207.667,542.820,929.866,93.222,252.622,1800.809,400.713,926.441,1854.074,4176.687,1930.922,709.405,350.287,3947.721,3964.583,1022.157,3458.638
09/26/2025 16:00:00,5558.681,563.155,961.608,98.431,262.272,1900.744,426.940,977.046,1953.562,4411.601,2024.777,725.219,370.100,4029.072,4005.985,1075.055,3603.520
09/26/2025 17:00:00,5890.729,585.552,990.586,106.564,273.061,1998.113,454.721,1050.271,2008.634,4632.694,2118.995,745.071,388.726,4092.668,4080.170,1140.824,3797.606
09/26/2025 18:00:00,6250.859,617.363,1012.802,117.751,284.588,2112.640,482.861,1117.075,2028.067,4885.178,2221.409,765.840,402.971,4224.619,4179.706,1205.204,3975.543
09/26/2025 19:00:00,6568.731,642.914,1028.836,130.646,297.001,2219.187,504.439,1179.670,2122.415,5135.352,2340.926,794.233,420.074,4364.939,4272.688,1270.102,4200.667
09/26/2025 20:00:00,6813.443,665.668,1047.304,142.822,307.167,2336.751,525.297,1249.961,2165.102,5311.184,2447.154,816.697,434.529,4498.100,4383.590,1325.769,4381.616
09/26/2025 21:00:00,7040.667,688.366,1058.228,154.272,317.595,2440.506,544.506,1315.410,2199.458,5454.460,2505.786,826.281,448.220,4634.189,4459.189,1378.867,4531.500
09/26/2025 22:00:00,7148.451,703.279,1063.969,163.210,322.956,2482.470,560.285,1348.564,2229.510,5520.797,2550.417,845.319,454.574,4729.498,4476.187,1413.327,4640.774
09/26/2025 23:00:00,7036.329,703.019,1053.790,165.196,308.766,2465.757,554.737,1331.871,2234.627,5461.473,2534.608,840.522,449.918,4795.838,4449.363,1418.533,4607.059
09/27/2025 00:00:00,6636.667,671.539,1025.280,157.232,291.439,2328.707,523.112,1255.897,2157.305,5248.873,2424.754,816.859,426.319,4768.606,4359.283,1369.909,4399.982
09/27/2025 01:00:00,6195.203,634.676,995.103,144.237,281.434,2175.938,483.479,1166.725,2066.967,5066.020,2289.517,789.680,401.644,4646.839,4199.738,1278.046,4125.367
09/27/2025 02:00:00,5830.591,604.136,971.326,131.649,270.847,2049.763,457.355,1091.898,1959.536,4806.193,2188.495,762.462,378.852,4463.771,4112.187,1207.597,3917.447
09/27/2025 03:00:00,5550.011,566.554,948.501,117.902,258.141,1927.303,428.061,1017.543,1897.917,4584.178,2073.418,733.087,355.075,4317.699,4044.889,1150.366,3710.343
09/27/2025 04:00:00,5268.557,524.635,921.022,106.558,242.343,1804.256,395.578,946.283,1842.828,4348.051,1969.412,718.235,328.926,4209.985,3959.165,1095.825,3494.676
09/27/2025 05:00:00,4938.004,483.878,894.476,94.726,225.130,1652.463,356.537,869.159,1741.350,4111.448,1837.550,688.021,304.690,4106.675,3839.814,1039.142,3244.822
09/27/2025 06:00:00,4624.430,446.785,870.717,85.249,211.973,1539.479,327.341,799.716,1672.437,3883.445,1740.081,648.961,280.593,4008.278,3759.823,981.872,3024.924
09/27/2025 07:00:00,4414.866,422.650,855.680,79.085,203.117,1454.654,307.402,749.575,1620.092,3696.608,1675.908,619.662,264.393,3923.869,3738.338,937.384,2883.325
09/27/2025 08:00:00,4285.560,409.423,846.434,74.741,195.673,1393.161,292.735,723.518,1580.963,3560.234,1633.570,605.080,254.417,3836.057,3694.300,915.522,2796.819
09/27/2025 09:00:00,4164.970,398.990,841.273,72.510,192.797,1353.633,285.650,703.293,1571.895,3451.976,1600.930,594.833,249.776,3804.810,3641.656,893.559,2728.404
09/27/2025 10:00:00,4125.328,399.007,836.509,71.460,191.167,1344.451,282.840,702.049,1578.966,3407.897,1590.309,592.008,249.038,3756.188,3594.454,881.025,2702.842
09/27/2025 11:00:00,4128.780,406.460,836.880,72.869,191.848,1362.824,284.878,696.170,1579.264,3404.461,1599.591,595.502,251.818,3748.796,3581.834,883.541,2717.292
09/27/2025 12:00:00,4191.915,422.167,840.820,75.776,195.890,1411.954,294.221,718.676,1575.503,3444.917,1637.905,607.183,259.560,3787.347,3650.733,902.075,2783.818
09/27/2025 13:00:00,4261.708,437.058,842.864,77.710,194.390,1442.379,305.579,743.468,1582.288,3458.981,1668.889,618.769,263.649,3843.553,3669.981,931.782,2836.014
09/27/2025 14:00:00,4504.219,461.927,861.848,83.097,202.001,1518.213,325.609,785.782,1670.694,3588.253,1739.435,619.258,279.597,3906.394,3758.132,978.161,2932.479
09/27/2025 15:00:00,4819.299,485.600,890.250,90.038,213.730,1624.951,351.971,856.768,1704.673,3796.531,1818.615,631.162,302.280,4036.582,3823.769,1016.428,3051.130
09/27/2025 16:00:00,5178.856,510.155,920.750,98.156,228.472,1751.582,377.970,917.896,1738.420,4074.134,1898.892,654.131,326.495,4156.031,3901.996,1082.526,3222.028
09/27/2025 17:00:00,5606.880,539.052,949.739,109.657,244.046,1897.996,402.683,990.223,1803.193,4410.005,1982.704,679.965,346.590,4248.762,3888.674,1143.186,3464.572
09/27/2025 18:00:00,6039.000,577.651,983.611,123.375,259.097,2045.383,426.031,1050.509,1866.962,4746.239,2058.068,713.227,366.474,4336.454,3940.424,1221.299,3750.851
09/27/2025 19:00:00,6478.110,614.659,1015.098,137.613,276.832,2199.522,447.308,1149.302,1887.082,4969.170,2133.691,750.352,390.720,4463.859,3937.249,1297.289,4031.349
09/27/2025 20:00:00,6845.661,651.880,1041.511,151.535,292.440,2347.876,464.426,1232.837,1948.501,5170.928,2209.563,774.327,413.547,4596.010,3960.206,1363.332,4292.490
09/27/2025 21:00:00,7113.614,684.634,1054.159,164.040,305.291,2470.387,478.528,1312.813,1991.674,5383.693,2261.353,782.620,433.080,4650.651,3992.254,1411.421,4500.054
09/27/2025 22:00:00,7230.425,708.875,1066.719,172.535,313.741,2547.038,485.843,1359.160,2041.973,5502.253,2285.869,793.801,443.088,4656.410,4085.630,1440.424,4639.816
09/27/2025 23:00:00,7170.351,714.452,1064.874,175.563,312.927,2558.694,486.714,1369.510,2063.533,5526.252,2276.390,797.037,443.121,4651.786,4108.568,1448.401,4664.593
09/28/2025 00:00:00,6797.975,686.694,1039.029,167.896,300.789,2441.717,464.653,1308.317,2079.442,5356.198,2196.861,790.763,420.710,4606.597,4074.693,1402.203,4509.272
09/28/2025 01:00:00,6349.928,646.715,1001.857,155.399,289.254,2300.138,433.544,1211.507,2029.694,5056.163,2081.941,772.263,395.652,4512.872,3954.569,1299.850,4234.710
09/28/2025 02:00:00,5971.179,612.570,974.338,142.203,277.187,2177.923,407.882,1132.532,1948.974,4887.989,1990.527,733.494,371.566,4380.420,3895.916,1234.697,4012.088
09/28/2025 03:00:00,5616.582,570.468,949.925,129.722,261.988,2060.126,379.226,1057.212,1865.405,4635.043,1895.425,699.870,349.100,4251.619,3817.948,1168.931,3770.308
09/28/2025 04:00:00,5257.680,527.379,926.008,117.043,246.102,1913.714,347.067,957.962,1761.792,4384.795,1794.723,667.191,323.403,4126.456,3701.237,1101.377,3507.255
09/28/2025 05:00:00,4905.550,486.464,896.688,105.170,231.919,1763.590,318.288,885.420,1674.031,4112.550,1695.337,640.856,300.290,4054.714,3606.175,1038.484,3254.183
09/28/2025 06:00:00,4587.754,450.511,872.907,94.604,220.316,1633.460,293.096,834.414,1585.432,3869.300,1614.329,621.406,279.734,3950.110,3523.969,987.797,3042.080
09/28/2025 07:00:00,4391.716,426.761,856.880,86.211,210.700,1537.600,276.419,786.001,1550.163,3678.140,1557.021,604.337,264.172,3865.120,3456.409,946.787,2887.604
09/28/2025 08:00:00,4225.811,410.636,847.910,80.759,202.812,1462.144,264.897,742.011,1528.433,3544.918,1525.651,585.053,254.090,3788.609,3436.430,917.585,2782.725
09/28/2025 09:00:00,4108.521,401.798,844.271,77.680,197.820,1413.903,258.283,718.770,1504.720,3460.514,1504.151,595.769,247.254,3737.606,3432.798,901.097,2709.232
09/28/2025 10:00:00,4044.388,399.266,835.654,76.002,195.765,1390.361,255.010,712.014,1459.304,3404.839,1493.136,597.154,244.547,3765.750,3454.307,890.662,2674.688
09/28/2025 11:00:00,4047.084,404.183,832.056,76.300,195.343,1389.295,256.749,715.572,1488.985,3391.342,1498.725,601.141,245.536,3757.084,3471.519,886.649,2686.086
09/28/2025 12:00:00,4088.802,417.297,836.697,78.019,196.176,1412.126,264.532,731.807,1540.962,3427.403,1516.335,614.679,251.135,3762.247,3542.543,894.831,2726.624
09/28/2025 13:00:00,4159.403,430.595,837.028,79.671,193.752,1430.578,272.597,741.584,1579.357,3468.449,1532.944,611.007,253.318,3789.088,3623.544,921.321,2764.118
09/28/2025 14:00:00,4424.854,460.017,857.516,86.077,203.575,1520.572,291.270,801.375,1622.967,3604.442,1584.730,614.810,272.564,3823.126,3701.082,984.346,2897.070
09/28/2025 15:00:00,4784.262,488.341,890.144,96.071,219.093,1662.311,313.077,868.938,1642.331,3852.147,1658.203,623.872,294.941,3818.799,3741.231,1045.094,3077.009
09/28/2025 16:00:00,5183.775,517.945,923.223,108.476,237.862,1839.466,340.057,962.873,1703.282,4112.465,1742.017,654.956,321.440,4022.568,3812.117,1103.780,3330.645
09/28/2025 17:00:00,5637.300,555.328,958.844,123.727,256.846,2033.791,367.442,1055.539,1775.256,4451.154,1822.879,685.018,350.852,4128.902,3877.624,1176.519,3652.158
09/28/2025 18:00:00,6103.106,603.626,993.925,140.993,276.777,2229.681,399.651,1167.033,1855.535,4792.672,1918.197,722.938,382.992,4233.742,3973.291,1259.842,3994.240
09/28/2025 19:00:00,6521.381,651.389,1024.555,158.725,298.628,2410.340,428.302,1273.187,1940.044,5100.609,2019.966,768.495,413.736,4276.640,4030.071,1331.616,4303.448
09/28/2025 20:00:00,6880.237,691.891,1048.656,173.434,315.472,2563.883,457.223,1349.364,2007.913,5315.166,2128.940,809.187,441.366,4401.887,4109.583,1390.790,4554.671
09/28/2025 21:00:00,7125.641,726.651,1063.195,183.809,327.567,2677.983,487.349,1409.492,2053.748,5472.406,2242.983,821.804,464.979,4465.621,4205.659,1430.087,4732.149
09/28/2025 22:00:00,7240.998,749.029,1069.577,188.718,331.703,2715.495,518.340,1444.306,2115.740,5565.557,2341.323,839.338,477.223,4500.843,4223.600,1453.026,4830.162
09/28/2025 23:00:00,7219.528,759.309,1064.559,189.990,327.019,2715.071,533.810,1441.852,2198.789,5527.650,2392.880,852.197,476.556,4527.091,4264.023,1445.751,4867.891
09/29/2025 00:00:00,6900.283,727.082,1041.324,180.073,315.696,2586.359,518.736,1367.077,2191.707,5349.285,2343.867,821.117,453.163,4489.310,4203.049,1390.290,4710.777
09/29/2025 01:00:00,6517.286,690.955,1009.428,168.622,306.269,2462.450,491.370,1280.603,2142.039,5284.353,2244.278,791.625,428.348,4411.342,4184.306,1323.223,4473.471
09/29/2025 02:00:00,6134.785,650.109,984.967,154.983,293.428,2335.983,468.874,1194.437,2069.587,5057.152,2144.167,765.247,399.575,4332.557,4194.999,1273.636,4258.131
09/29/2025 03:00:00,5743.596,605.110,965.068,140.324,277.535,2195.163,434.591,1102.503,1935.626,4851.452,2026.107,716.472,370.288,4238.316,4070.918,1192.129,3977.176
09/29/2025 04:00:00,5282.784,553.369,931.742,124.540,256.161,2013.984,394.918,994.184,1799.286,4535.198,1900.937,679.952,341.473,4099.318,3895.786,1108.575,3650.885
09/29/2025 05:00:00,4881.698,502.801,903.351,110.135,240.930,1842.416,357.880,897.618,1713.296,4245.824,1772.385,647.510,311.888,3966.879,3764.675,1034.259,3361.900
09/29/2025 06:00:00,4552.279,464.582,880.676,98.462,225.981,1700.427,329.170,828.400,1614.919,3963.326,1676.179,627.139,286.793,3847.011,3676.996,979.830,3140.083
09/29/2025 07:00:00,4355.319,444.425,862.259,90.582,214.722,1591.829,310.940,781.501,1564.715,3782.379,1613.128,621.610,273.146,3821.824,3601.305,945.631,2995.444
09/29/2025 08:00:00,4209.741,429.813,857.187,85.211,207.220,1515.974,298.559,746.172,1563.537,3651.398,1587.302,628.281,264.410,3808.958,3538.567,918.607,2892.612
09/29/2025 09:00:00,4117.747,422.943,853.187,83.132,204.348,1475.158,291.206,720.500,1574.572,3561.112,1576.959,626.110,259.953,3807.229,3524.561,897.390,2848.519
09/29/2025 10:00:00,4143.466,426.287,854.984,84.336,206.398,1483.165,293.683,723.620,1576.156,3555.211,1597.403,634.947,262.386,3807.098,3544.084,891.358,2859.116
09/29/2025 11:00:00,4313.987,453.933,867.564,86.146,216.587,1547.850,311.799,761.224,1626.044,3652.530,1656.352,640.026,278.239,3839.536,3600.450,903.864,2982.266
09/29/2025 12:00:00,4640.522,503.471,880.679,90.527,232.099,1674.993,349.198,831.051,1775.628,3859.215,1754.709,682.121,305.271,3947.945,3765.726,949.875,3233.441
09/29/2025 13:00:00,4790.637,527.070,907.510,92.963,242.734,1759.819,378.706,875.236,1870.193,3989.041,1837.946,723.808,322.053,4022.025,3898.415,975.594,3393.058
09/29/2025 14:00:00,4982.088,541.442,910.615,97.231,253.192,1826.940,399.718,920.179,1910.811,4075.788,1889.207,729.408,340.953,4056.016,3976.328,998.905,3481.746
09/29/2025 15:00:00,5288.975,564.406,935.205,104.516,265.400,1934.477,427.478,980.455,1918.981,4222.016,1970.767,732.173,364.691,4075.843,4005.112,1041.305,3651.739
09/29/2025 16:00:00,5696.775,596.627,965.645,115.771,281.124,2090.726,463.498,1066.103,2042.239,4457.744,2083.800,747.153,393.012,4127.351,4052.499,1092.166,3871.035
09/29/2025 17:00:00,6114.401,630.561,995.990,130.679,298.911,2257.951,499.748,1159.709,2160.673,4686.852,2205.984,776.354,415.832,4127.447,4144.450,1144.850,4108.320
09/29/2025 18:00:00,6530.455,668.582,1025.967,146.684,314.896,2407.747,531.589,1248.447,2233.290,4985.641,2336.775,796.116,440.959,4153.121,4334.729,1210.736,4332.740
09/29/2025 19:00:00,6901.611,707.785,1052.480,159.499,329.172,2532.218,557.652,1323.879,2329.227,5167.569,2463.057,822.939,466.691,4193.758,4361.601,1272.206,4560.442
09/29/2025 20:00:00,7164.242,741.391,1067.083,171.274,342.798,2634.242,574.654,1390.874,2358.335,5265.476,2556.242,832.397,487.132,4193.614,4463.377,1321.684,4730.681
09/29/2025 21:00:00,7383.824,762.558,1081.720,180.129,347.265,2708.572,583.812,1431.931,2396.415,5386.367,2614.676,830.360,500.824,4210.287,4562.999,1364.040,4810.844
09/29/2025 22:00:00,7429.513,773.508,1085.057,187.036,345.882,2703.658,593.110,1441.320,2389.756,5427.386,2625.942,826.159,504.087,4239.351,4601.565,1370.119,4856.047
09/29/2025 23:00:00,7282.787,775.105,1070.587,187.365,338.220,2657.466,585.273,1423.855,2373.437,5392.175,2590.586,816.621,491.879,4246.125,4591.929,1364.782,4771.404
09/30/2025 00:00:00,6965.435,743.292,1042.523,176.154,322.681,2518.168,558.442,1348.611,2387.024,5212.792,2501.652,791.100,471.503,4221.611,4521.882,1324.639,4573.820
09/30/2025 01:00:00,6630.135,707.345,1012.145,164.437,323.527,2402.349,532.366,1270.716,2302.422,5129.907,2408.002,802.097,449.713,4256.028,4436.108,1274.171,4369.750
09/30/2025 02:00:00,6330.845,673.366,989.173,149.301,305.365,2303.203,502.741,1205.155,2195.716,5010.883,2306.841,795.324,421.665,4266.822,4407.557,1235.983,4203.645
09/30/2025 03:00:00,5976.637,621.834,965.874,132.208,282.986,2168.087,467.191,1114.576,2076.885,4806.740,2184.060,764.866,391.556,4201.079,4264.203,1176.266,3960.967
09/30/2025 04:00:00,5535.874,565.934,938.129,116.633,262.018,1972.506,423.336,997.171,1928.180,4499.391,2036.554,715.062,356.952,4117.687,4064.475,1100.050,3630.476
09/30/2025 05:00:00,5089.657,509.611,912.332,101.207,248.833,1764.872,379.647,893.313,1821.924,4230.768,1884.920,682.255,324.231,4006.104,3891.198,1033.200,3325.190
09/30/2025 06:00:00,4761.591,475.438,890.412,90.791,236.526,1641.815,350.152,830.220,1744.442,4031.629,1778.464,664.993,297.803,3911.171,3778.582,996.317,3127.090
09/30/2025 07:00:00,4538.499,453.554,879.391,83.523,228.152,1567.287,329.982,797.532,1702.563,3856.473,1710.359,654.375,281.433,3837.682,3702.734,965.340,3007.460
09/30/2025 08:00:00,4412.786,438.870,872.157,79.043,224.185,1511.546,315.559,754.656,1687.365,3723.839,1665.273,648.836,271.585,3787.742,3639.936,941.194,2920.999
09/30/2025 09:00:00,4323.333,429.576,867.862,77.114,215.687,1472.052,307.404,754.375,1652.487,3635.273,1636.586,654.431,265.861,3750.056,3613.362,928.550,2869.767
09/30/2025 10:00:00,4337.700,430.324,867.963,78.696,218.381,1475.820,308.759,737.693,1656.289,3658.916,1647.593,649.650,268.540,3747.973,3612.806,922.035,2872.781
09/30/2025 11:00:00,4519.495,459.621,875.145,82.013,227.192,1541.193,325.183,791.992,1740.363,3768.593,1700.591,660.126,283.335,3796.803,3679.260,936.960,2987.191
09/30/2025 12:00:00,4838.300,505.598,893.401,88.618,243.073,1662.937,361.901,865.423,1828.253,3969.567,1803.040,685.193,309.315,3874.336,3888.418,976.482,3225.312
09/30/2025 13:00:00,4960.457,524.479,905.021,91.398,246.338,1737.772,391.029,887.409,1891.027,4095.153,1884.318,717.926,324.518,3939.352,4043.140,1001.054,3397.088
09/30/2025 14:00:00,5081.810,542.319,921.278,94.096,256.174,1799.372,403.133,925.256,1906.172,4179.363,1908.403,723.946,341.786,3962.227,4067.233,1014.029,3482.688
09/30/2025 15:00:00,5272.627,562.908,942.534,98.910,266.168,1882.572,426.515,974.175,1921.355,4245.596,1961.741,721.417,365.932,3990.122,4080.027,1040.255,3573.020
09/30/2025 16:00:00,5565.623,585.250,971.884,105.547,279.070,1984.416,451.637,1020.808,1984.879,4442.252,2039.906,735.955,393.798,3998.371,4174.452,1087.484,3748.692
09/30/2025 17:00:00,5898.394,618.733,1004.346,116.276,292.028,2098.516,482.784,1100.712,2021.059,4703.192,2116.065,766.608,410.767,4041.007,4249.102,1151.197,3947.805
09/30/2025 18:00:00,6304.411,656.738,1031.628,129.007,300.076,2187.348,506.990,1180.052,2027.499,4978.807,2224.274,808.887,431.557,4117.577,4263.920,1213.597,4160.331
09/30/2025 19:00:00,6707.049,693.776,1053.985,140.744,309.594,2277.877,510.769,1224.723,2061.251,5153.374,2305.434,853.167,452.878,4269.106,4340.642,1276.405,4378.041
09/30/2025 20:00:00,6950.564,717.079,1064.642,147.821,322.575,2383.041,506.204,1275.262,2085.751,5280.671,2350.677,889.478,472.665,4398.917,4404.580,1331.178,4504.503
09/30/2025 21:00:00,7111.338,732.806,1075.902,159.646,314.131,2428.413,499.816,1313.662,2113.922,5433.134,2346.786,906.591,479.738,4478.237,4443.775,1380.833,4565.826
09/30/2025 22:00:00,7203.002,758.427,1075.018,162.215,311.737,2414.765,504.755,1314.412,2132.850,5510.263,2333.164,901.925,483.719,4534.356,4418.199,1412.752,4616.405
09/30/2025 23:00:00,7135.677,758.545,1064.233,162.344,309.307,2379.945,501.457,1305.074,2129.148,5518.918,2307.017,890.367,481.470,4570.209,4383.748,1413.494,4568.328
10/01/2025 00:00:00,6892.726,734.874,1043.032,157.150,305.670,2297.872,488.377,1248.509,2117.309,5362.917,2264.862,869.262,458.231,4562.362,4335.098,1381.821,4449.960
10/01/2025 01:00:00,6599.499,712.256,1020.618,150.974,299.156,2258.348,479.472,1223.530,2134.303,5277.000,2238.776,841.034,441.852,4502.375,4325.265,1309.253,4284.665
10/01/2025 02:00:00,6310.334,675.924,1006.063,141.416,296.918,2183.701,464.781,1175.473,2108.071,5089.783,2179.006,809.027,419.081,4399.179,4315.053,1258.399,4125.811
10/01/2025 03:00:00,5946.697,621.020,978.202,127.420,288.163,2071.693,440.679,1090.192,2013.230,4783.172,2085.823,775.482,391.191,4283.368,4178.379,1189.789,3875.263
10/01/2025 04:00:00,5498.930,564.264,950.020,113.204,267.892,1910.908,405.908,1003.188,1923.869,4515.460,1968.861,734.474,356.205,4151.880,4012.800,1110.653,3570.164
10/01/2025 05:00:00,5097.158,516.355,924.634,100.656,251.382,1740.774,368.062,916.496,1817.325,4237.979,1844.193,702.766,324.737,3975.202,3873.521,1034.895,3298.135
