MarketHour, CSWS, EDE, GRDA, INDN, KACY, KCPL, LES, MPS, NPPD, OKGE, OPPD, SECI, SPRM, SPS, WAUE, WFEC, WR
01/01/2024 07:00:00,5020.998,607.780,771.919,103.190,237.686,1764.895,377.786,982.165,1893.567,3827.573,1511.498,576.662,332.303,3632.667,4435.310,1216.031,3251.630
01/01/2024 08:00:00,5006.763,606.337,766.629,100.199,235.387,1744.338,375.639,968.048,1945.628,3811.109,1498.702,578.499,329.205,3653.591,4442.420,1218.114,3208.755
01/01/2024 09:00:00,5002.793,601.337,771.309,98.340,232.638,1730.314,375.701,965.327,1953.322,3825.265,1490.396,576.087,326.002,3678.472,4414.292,1218.504,3171.306
01/01/2024 10:00:00,5026.988,600.339,773.759,97.159,232.491,1730.758,377.504,966.033,1926.419,3813.246,1495.888,577.411,325.613,3695.952,4377.230,1224.628,3161.108
01/01/2024 11:00:00,5117.848,607.990,779.154,97.541,233.415,1752.414,384.709,969.347,1988.274,3826.844,1503.241,587.948,328.806,3718.633,4368.238,1241.160,3185.058
01/01/2024 12:00:00,5248.438,626.811,785.045,99.412,236.843,1791.985,396.028,989.413,2011.029,3848.529,1526.396,601.403,337.050,3744.903,4394.723,1256.335,3244.097
01/01/2024 13:00:00,5449.504,644.145,792.901,101.701,238.967,1833.165,407.285,1015.341,2049.278,3953.956,1552.171,606.194,346.361,3801.830,4383.369,1278.980,3315.969
01/01/2024 14:00:00,5601.795,663.482,797.453,104.382,239.583,1858.965,417.096,1031.815,2069.765,4026.215,1569.622,617.815,352.057,3841.906,4465.167,1299.467,3351.719
01/01/2024 15:00:00,5725.318,680.501,803.919,105.690,238.300,1869.811,416.451,1049.642,2064.418,4088.243,1567.772,630.938,353.927,3831.377,4496.290,1329.140,3395.971
01/01/2024 16:00:00,5762.298,696.638,809.012,109.676,242.477,1907.847,408.014,1075.447,2027.503,4140.853,1557.418,646.388,362.265,3752.702,4502.690,1346.826,3468.217
01/01/2024 17:00:00,5700.755,696.141,808.905,109.626,243.229,1901.820,402.534,1062.022,1955.917,4153.155,1557.380,643.110,366.179,3666.947,4476.045,1340.922,3509.450
01/01/2024 18:00:00,5540.809,683.060,800.294,103.061,240.271,1855.279,399.125,1024.210,1934.193,4086.207,1559.129,643.552,367.096,3605.298,4421.477,1303.780,3508.128
01/01/2024 19:00:00,5327.689,648.136,792.060,100.837,236.908,1815.633,391.781,993.256,1893.575,3938.498,1550.798,636.499,365.478,3526.396,4341.165,1233.202,3477.105
01/01/2024 20:00:00,5098.883,606.401,780.944,99.208,234.333,1775.467,383.322,961.593,1834.087,3783.884,1526.585,625.121,358.270,3481.060,4264.116,1171.662,3424.335
01/01/2024 21:00:00,4941.679,570.833,779.397,98.729,232.036,1744.524,375.210,953.314,1809.494,3693.920,1503.726,617.619,344.153,3427.998,4219.405,1118.294,3384.407
01/01/2024 22:00:00,4910.633,568.103,774.292,102.787,230.460,1746.852,378.169,960.380,1813.060,3656.856,1502.618,616.923,335.708,3406.157,4219.275,1093.425,3381.595
01/01/2024 23:00:00,5034.270,602.967,773.414,110.631,236.172,1814.230,392.797,1001.045,1861.700,3707.575,1545.431,630.525,348.176,3440.542,4323.427,1115.173,3471.097
01/02/2024 00:00:00,5420.343,671.747,794.831,122.457,252.406,1989.399,427.762,1121.626,1992.635,3998.676,1657.634,675.696,381.230,3539.719,4497.709,1192.572,3721.119
01/02/2024 01:00:00,5747.110,701.970,806.953,124.830,259.912,2023.530,434.943,1158.432,2021.739,4223.634,1684.042,701.330,391.936,3700.236,4536.680,1258.757,3848.338
01/02/2024 02:00:00,5859.915,715.630,809.245,122.996,262.180,2010.466,427.748,1163.611,1992.120,4260.736,1665.651,684.710,390.046,3730.723,4505.878,1278.806,3842.145
01/02/2024 03:00:00,5954.741,726.604,818.453,121.007,260.757,1992.374,421.679,1159.813,1932.491,4281.801,1649.192,670.220,387.573,3727.909,4490.074,1286.365,3801.938
01/02/2024 04:00:00,5938.565,719.903,820.513,115.913,257.642,1941.131,404.206,1143.426,1713.344,4234.336,1607.592,658.690,380.205,3739.673,4452.209,1272.914,3729.850
01/02/2024 05:00:00,5844.059,703.451,811.338,110.939,251.129,1870.294,388.644,1113.715,1832.739,4142.506,1540.128,640.133,369.195,3713.453,4386.040,1252.400,3608.307
01/02/2024 06:00:00,5698.114,690.157,805.707,105.675,245.861,1796.881,370.095,1075.727,1767.039,4066.949,1477.649,617.433,358.884,3677.588,4312.869,1236.251,3474.052
01/02/2024 07:00:00,5643.712,688.629,801.194,101.737,242.817,1764.805,358.263,1068.268,1763.919,4023.189,1443.318,605.127,353.762,3648.149,4267.336,1226.639,3407.740
01/02/2024 08:00:00,5630.585,691.961,798.731,100.302,242.213,1752.064,353.442,1056.648,1759.507,3981.464,1426.451,601.738,349.632,3628.325,4230.300,1219.335,3372.071
01/02/2024 09:00:00,5664.543,697.644,803.611,98.981,241.401,1743.513,353.335,1031.853,1760.175,3973.631,1426.178,591.764,349.895,3611.014,4222.167,1219.199,3345.758
01/02/2024 10:00:00,5742.851,706.537,806.572,100.840,243.397,1764.593,357.261,1064.541,1779.566,3998.828,1430.907,588.469,352.807,3603.075,4221.650,1224.857,3368.414
01/02/2024 11:00:00,5910.839,727.337,819.301,103.304,251.534,1815.096,366.300,1098.568,1819.109,4067.983,1456.434,604.650,361.521,3624.720,4257.083,1241.425,3436.346
01/02/2024 12:00:00,6195.916,762.407,835.198,107.767,268.876,1919.485,389.889,1125.916,1898.474,4209.470,1517.855,636.186,379.678,3664.923,4338.009,1285.945,3589.925
01/02/2024 13:00:00,6610.962,805.625,859.221,114.441,284.504,2046.604,421.436,1189.250,1985.627,4412.162,1602.902,683.303,404.535,3755.045,4493.676,1349.606,3795.241
01/02/2024 14:00:00,6881.582,829.587,876.143,119.618,296.208,2146.841,447.284,1258.220,2078.210,4570.609,1681.244,709.669,422.127,3859.893,4634.119,1374.585,3959.294
01/02/2024 15:00:00,6881.629,826.278,889.052,120.977,299.832,2154.417,454.246,1263.713,2080.863,4650.447,1693.042,717.128,430.101,3905.225,4660.410,1382.898,4001.497
01/02/2024 16:00:00,6690.246,803.375,889.623,116.243,291.935,2105.346,445.910,1220.994,2024.697,4633.995,1690.941,723.903,430.290,3880.093,4608.397,1366.596,3948.259
01/02/2024 17:00:00,6427.183,767.211,889.043,114.262,290.762,2073.984,435.786,1178.412,1987.477,4566.897,1679.487,715.007,422.435,3838.737,4579.400,1323.407,3887.213
01/02/2024 18:00:00,6124.173,722.347,882.921,112.005,286.301,2029.987,425.975,1144.120,1962.472,4423.605,1666.901,707.134,410.047,3807.976,4543.420,1270.750,3809.181
01/02/2024 19:00:00,5864.168,677.524,870.718,111.153,285.252,1998.056,415.180,1113.686,1920.215,4308.965,1651.723,694.998,395.266,3772.862,4509.418,1215.934,3727.165
01/02/2024 20:00:00,5662.203,646.247,866.498,107.962,279.407,1957.239,405.667,1090.472,1903.178,4231.559,1640.014,693.679,378.470,3736.408,4485.207,1186.765,3664.173
01/02/2024 21:00:00,5483.138,622.653,853.843,113.035,272.879,1941.175,397.339,1066.408,1866.447,4158.422,1634.354,681.440,363.339,3692.418,4464.736,1154.659,3597.400
01/02/2024 22:00:00,5439.203,628.215,838.266,112.597,267.027,1929.374,398.055,1061.190,1851.570,4070.431,1648.360,669.748,360.832,3662.545,4430.497,1160.817,3541.885
01/02/2024 23:00:00,5568.856,649.434,844.718,114.866,266.943,1936.442,414.425,1093.734,1884.383,4137.126,1673.549,666.183,375.278,3666.517,4430.960,1194.901,3559.325
01/03/2024 00:00:00,5884.185,690.006,865.348,124.423,281.211,2056.180,436.818,1166.737,1972.811,4266.508,1740.240,666.255,399.563,3719.954,4543.443,1246.870,3729.048
01/03/2024 01:00:00,6062.782,709.583,873.346,127.432,282.089,2068.114,442.581,1178.233,2032.970,4330.776,1757.700,680.148,402.276,3824.001,4583.957,1282.153,3837.801
01/03/2024 02:00:00,6086.671,719.717,865.676,125.006,285.451,2036.919,436.389,1161.923,2067.186,4345.836,1741.418,668.891,399.192,3856.605,4587.473,1274.961,3862.511
01/03/2024 03:00:00,6022.120,725.492,869.624,121.495,286.861,2009.038,428.036,1163.351,2044.433,4297.662,1716.643,662.330,392.060,3861.026,4561.739,1268.464,3836.148
01/03/2024 04:00:00,5868.641,714.471,862.968,116.737,282.175,1956.764,415.242,1134.664,2018.277,4200.570,1664.677,656.257,382.373,3876.398,4494.225,1245.799,3763.922
01/03/2024 05:00:00,5640.077,693.962,854.274,109.122,272.792,1872.125,395.648,1093.511,1975.325,4042.605,1594.830,646.233,368.156,3836.431,4433.137,1208.611,3637.286
01/03/2024 06:00:00,5430.972,674.625,841.413,104.129,267.878,1796.619,378.754,1038.030,1916.339,3918.924,1539.217,631.890,356.002,3805.832,4368.797,1174.274,3508.954
01/03/2024 07:00:00,5318.131,665.894,834.620,100.350,262.166,1760.739,368.101,1030.061,1905.157,3851.069,1513.393,624.277,348.192,3795.272,4326.694,1153.119,3432.051
01/03/2024 08:00:00,5260.647,667.066,828.215,99.336,257.387,1746.407,365.954,1037.043,1910.346,3820.890,1493.496,614.514,345.409,3770.504,4303.732,1143.945,3387.329
01/03/2024 09:00:00,5268.527,670.782,837.346,98.665,256.355,1756.924,367.293,1037.131,1899.859,3805.489,1490.456,606.953,346.094,3783.833,4284.667,1139.218,3370.947
01/03/2024 10:00:00,5317.057,681.151,842.077,99.847,256.234,1794.942,370.843,1037.817,1921.980,3799.973,1500.099,610.285,350.933,3790.088,4303.523,1142.152,3404.599
01/03/2024 11:00:00,5437.538,704.742,845.509,102.743,256.765,1853.501,382.050,1060.555,1961.563,3905.031,1523.128,620.718,358.528,3819.789,4331.812,1163.936,3472.985
01/03/2024 12:00:00,5698.148,746.404,863.460,108.886,268.867,1961.507,403.498,1117.977,2017.675,4066.563,1584.200,642.127,379.974,3889.382,4433.252,1209.217,3633.149
01/03/2024 13:00:00,6093.958,798.403,885.026,117.695,283.915,2100.276,438.372,1195.330,2103.935,4318.056,1681.637,676.226,407.097,3988.089,4596.782,1279.397,3891.832
01/03/2024 14:00:00,6365.801,832.088,905.408,122.944,295.616,2213.751,464.883,1268.003,2195.356,4526.962,1760.539,704.497,428.820,4105.688,4745.201,1327.151,4063.453
01/03/2024 15:00:00,6390.914,810.079,904.719,124.478,299.963,2239.398,469.976,1271.410,2227.748,4547.850,1765.679,703.371,426.215,4089.865,4773.108,1317.497,4092.706
01/03/2024 16:00:00,6235.432,752.575,897.453,125.076,302.389,2242.150,455.787,1265.169,2162.980,4426.059,1738.097,695.507,412.574,3968.972,4757.484,1272.935,4043.558
01/03/2024 17:00:00,6042.634,697.723,889.750,124.520,303.885,2213.330,442.217,1250.272,2116.234,4310.113,1708.408,690.591,402.553,3878.582,4767.585,1219.586,3974.056
01/03/2024 18:00:00,5851.999,649.426,875.947,116.407,297.609,2126.623,431.450,1192.647,2099.616,4163.155,1691.679,681.441,390.381,3803.543,4796.948,1162.770,3850.957
01/03/2024 19:00:00,5590.038,618.574,864.703,107.417,285.334,2033.810,422.889,1149.110,2048.618,4013.186,1688.362,671.220,382.411,3720.547,4786.439,1114.560,3711.609
01/03/2024 20:00:00,5420.387,594.082,860.656,104.309,282.633,1970.637,413.922,1099.973,2058.136,3934.723,1693.020,661.389,375.962,3661.880,4783.306,1077.363,3617.085
01/03/2024 21:00:00,5262.488,581.640,846.886,102.871,277.227,1925.377,415.548,1085.955,2031.133,3844.055,1697.823,648.001,368.577,3604.853,4785.577,1041.666,3543.316
01/03/2024 22:00:00,5186.866,580.008,830.140,105.802,270.678,1907.178,426.407,1069.454,2052.047,3751.369,1721.085,644.972,364.145,3546.774,4778.603,1035.009,3487.205
01/03/2024 23:00:00,5244.773,604.589,829.928,112.505,273.413,1927.476,445.702,1099.569,2058.630,3766.993,1761.085,641.894,368.872,3530.776,4805.152,1056.119,3520.373
01/04/2024 00:00:00,5544.807,653.644,846.588,122.909,290.301,2058.745,472.291,1181.499,2165.137,3956.376,1825.589,659.800,392.354,3602.302,4859.054,1117.387,3674.907
01/04/2024 01:00:00,5846.325,679.047,861.258,126.701,297.206,2092.500,477.291,1208.023,2209.312,4117.450,1814.168,677.604,399.637,3691.290,4853.175,1183.633,3782.990
01/04/2024 02:00:00,5913.485,688.707,853.294,125.099,297.277,2077.886,470.017,1201.370,2232.744,4158.909,1781.218,695.122,395.026,3749.724,4814.970,1193.901,3794.582
01/04/2024 03:00:00,5953.813,693.954,855.097,122.269,296.291,2064.789,458.899,1212.344,2216.301,4155.428,1745.252,703.503,389.475,3767.391,4778.013,1208.562,3783.548
01/04/2024 04:00:00,5859.532,687.541,845.745,117.449,292.401,2010.425,439.740,1183.395,2156.449,4110.373,1687.463,706.819,379.974,3756.454,4702.549,1201.937,3712.733
01/04/2024 05:00:00,5701.844,669.624,837.605,110.018,282.153,1931.991,413.814,1134.797,2110.008,3997.935,1617.781,691.011,366.499,3728.398,4642.508,1173.001,3579.754
01/04/2024 06:00:00,5563.782,653.897,820.428,104.330,279.148,1859.447,390.187,1090.865,2042.460,3898.816,1557.515,676.350,354.981,3683.042,4558.604,1159.471,3451.592
01/04/2024 07:00:00,5525.944,648.062,821.355,100.960,276.246,1831.020,376.849,1084.307,2023.494,3842.650,1518.131,669.212,348.197,3666.082,4503.203,1153.647,3379.327
01/04/2024 08:00:00,5539.740,647.757,815.292,99.095,268.883,1819.423,369.678,1081.485,2017.217,3819.320,1490.961,662.682,345.458,3663.793,4469.621,1151.215,3345.718
01/04/2024 09:00:00,5587.854,650.416,825.850,98.895,266.059,1798.424,365.214,1074.960,2000.185,3822.929,1466.598,645.738,341.132,3668.102,4435.053,1159.808,3337.084
01/04/2024 10:00:00,5709.585,665.033,826.547,100.981,260.211,1818.070,365.907,1080.566,1994.329,3852.459,1463.825,647.237,347.353,3671.268,4452.411,1176.601,3378.630
01/04/2024 11:00:00,5897.712,691.393,843.689,103.385,268.559,1868.192,373.938,1111.929,2049.347,3926.790,1489.209,659.010,358.428,3718.097,4478.125,1203.869,3455.346
01/04/2024 12:00:00,6230.996,742.553,853.637,110.162,276.185,1962.263,396.591,1160.653,2081.414,4094.140,1551.482,685.735,380.534,3770.588,4548.376,1252.086,3618.169
01/04/2024 13:00:00,6693.099,804.032,884.829,118.551,297.362,2115.934,429.328,1240.053,2183.113,4371.997,1653.123,718.449,412.766,3812.791,4678.138,1322.766,3879.612
01/04/2024 14:00:00,6993.389,831.967,900.423,122.714,306.300,2224.501,456.365,1291.394,2315.298,4595.929,1735.504,752.371,434.531,3895.717,4836.679,1364.183,4071.507
01/04/2024 15:00:00,6888.669,823.038,907.753,124.043,304.725,2226.902,465.316,1284.751,2314.529,4563.773,1747.577,750.278,437.749,3927.808,4862.215,1349.958,4077.653
01/04/2024 16:00:00,6523.109,790.232,890.201,123.899,303.408,2198.894,470.373,1271.672,2273.421,4378.144,1750.581,744.737,439.819,3945.342,4810.397,1278.678,4037.170
01/04/2024 17:00:00,6160.163,759.262,877.899,122.445,306.471,2200.177,475.440,1262.202,2311.602,4250.270,1767.130,758.468,437.898,3982.157,4818.292,1206.096,4003.245
01/04/2024 18:00:00,5832.847,718.703,866.390,123.322,301.217,2182.510,478.227,1239.690,2254.300,4103.711,1773.934,760.136,427.495,3979.014,4831.155,1156.278,3937.574
01/04/2024 19:00:00,5579.021,685.589,851.473,121.070,306.196,2161.641,477.303,1199.297,2246.422,3987.373,1766.227,749.552,408.470,3982.979,4797.201,1117.032,3866.592
01/04/2024 20:00:00,5417.961,650.974,846.944,121.493,299.796,2142.695,475.749,1156.964,2260.033,3914.050,1761.298,742.287,396.036,3988.332,4778.839,1094.759,3813.892
01/04/2024 21:00:00,5271.618,632.292,828.415,119.258,299.789,2112.831,468.957,1139.358,2277.213,3890.378,1747.615,729.632,387.748,3980.122,4786.255,1077.284,3748.021
01/04/2024 22:00:00,5204.517,632.886,820.935,118.105,294.647,2085.533,464.431,1145.575,2268.206,3842.914,1738.883,711.422,385.346,3969.262,4795.015,1082.874,3723.633
01/04/2024 23:00:00,5313.373,658.547,827.607,121.628,293.445,2115.071,470.801,1171.020,2294.784,3935.856,1748.262,702.501,390.826,3982.541,4811.851,1119.072,3769.279
01/05/2024 00:00:00,5607.752,705.565,843.884,130.444,303.018,2204.095,483.488,1211.487,2314.506,4073.238,1794.993,707.205,412.432,4027.199,4811.784,1171.074,3930.710
01/05/2024 01:00:00,5831.111,725.584,847.183,131.764,305.575,2193.514,477.469,1218.525,2311.514,4162.269,1782.421,696.350,415.634,4095.294,4764.966,1213.306,3988.805
01/05/2024 02:00:00,5891.385,734.194,841.963,129.642,309.333,2152.881,464.782,1219.764,2257.661,4166.081,1755.216,686.740,411.637,4080.071,4742.865,1210.447,3959.936
01/05/2024 03:00:00,5866.989,728.146,836.129,126.655,301.080,2113.329,452.895,1211.850,2256.072,4159.239,1724.120,685.452,403.907,4042.867,4756.237,1202.630,3917.127
01/05/2024 04:00:00,5725.253,707.373,836.394,120.663,297.623,2041.116,433.344,1177.524,2190.493,4095.441,1662.910,681.516,391.773,4016.396,4732.181,1189.996,3825.317
01/05/2024 05:00:00,5543.825,681.345,826.816,113.034,284.027,1944.472,406.248,1092.821,2115.993,3972.872,1585.339,659.766,373.679,3925.576,4702.207,1147.940,3688.043
01/05/2024 06:00:00,5376.197,662.423,818.411,106.216,280.127,1844.893,382.766,1066.341,2001.715,3828.996,1512.765,632.382,360.389,3832.979,4538.382,1117.478,3526.675
01/05/2024 07:00:00,5285.323,647.312,808.631,102.389,270.454,1794.180,367.861,1049.819,1970.513,3722.443,1470.792,612.362,354.279,3771.246,4465.870,1100.095,3439.658
01/05/2024 08:00:00,5239.515,641.623,803.672,99.857,268.055,1773.402,358.194,1036.422,1951.858,3717.848,1447.722,594.904,347.630,3764.013,4435.890,1095.099,3377.061
01/05/2024 09:00:00,5213.603,641.266,805.827,98.746,264.848,1766.012,354.483,1023.128,1917.187,3702.224,1438.097,587.861,347.742,3740.994,4412.128,1106.689,3349.229
01/05/2024 10:00:00,5243.361,643.408,817.778,100.714,263.580,1775.013,355.861,1032.520,1911.982,3723.758,1438.551,589.522,352.216,3733.535,4403.352,1121.089,3361.058
01/05/2024 11:00:00,5390.348,652.714,823.071,102.530,261.205,1822.275,364.817,1033.471,1962.239,3764.206,1461.796,595.583,358.664,3742.930,4410.593,1139.511,3448.626
01/05/2024 12:00:00,5648.757,686.109,841.279,108.095,274.925,1930.213,387.662,1099.360,2022.660,3927.633,1520.574,612.933,375.225,3797.330,4487.801,1180.214,3602.138
01/05/2024 13:00:00,6040.728,734.138,865.170,115.097,294.757,2078.325,422.287,1183.645,2115.744,4178.603,1616.011,640.247,405.948,3891.784,4627.250,1230.755,3836.142
01/05/2024 14:00:00,6366.579,768.212,889.205,120.799,304.978,2193.872,454.949,1230.136,2243.756,4373.087,1705.243,668.012,427.496,3987.203,4786.697,1254.683,4010.892
01/05/2024 15:00:00,6482.806,778.606,895.268,123.285,303.146,2200.568,463.308,1241.629,2238.940,4439.215,1713.579,679.784,434.167,4012.454,4786.089,1260.468,4037.693
01/05/2024 16:00:00,6547.985,785.506,896.726,125.340,303.391,2198.735,464.202,1254.150,2231.013,4496.614,1723.453,691.685,443.941,3987.347,4752.449,1271.460,4018.128
01/05/2024 17:00:00,6593.191,786.778,895.000,123.821,312.329,2181.576,465.459,1233.311,2232.347,4541.039,1732.452,694.482,447.317,3926.219,4742.921,1271.083,4033.945
01/05/2024 18:00:00,6540.370,778.499,891.554,124.247,307.908,2176.013,462.749,1220.682,2203.083,4537.257,1726.189,700.786,449.410,3897.670,4736.477,1265.093,4002.205
01/05/2024 19:00:00,6451.365,755.084,883.651,123.660,307.835,2176.990,463.778,1214.943,2200.047,4550.488,1720.484,696.967,444.653,3857.214,4677.252,1250.443,3989.098
01/05/2024 20:00:00,6353.325,729.794,877.182,122.456,307.446,2171.865,464.529,1200.733,2163.390,4470.727,1716.936,698.935,436.685,3816.099,4648.286,1244.957,3945.227
01/05/2024 21:00:00,6249.283,718.040,874.230,122.397,310.652,2145.397,461.915,1199.502,2148.879,4422.517,1705.768,691.954,426.944,3753.188,4643.848,1239.858,3905.215
01/05/2024 22:00:00,6185.935,710.607,863.023,123.277,302.411,2138.958,456.821,1187.430,2158.957,4338.434,1697.360,691.529,421.315,3726.013,4635.889,1243.834,3853.779
01/05/2024 23:00:00,6179.957,716.970,863.573,127.117,302.464,2166.211,458.790,1202.951,2150.511,4323.234,1702.588,683.265,420.083,3723.658,4632.455,1255.432,3876.966
01/06/2024 00:00:00,6225.906,721.556,861.207,131.901,304.560,2224.375,465.697,1221.075,2177.936,4388.680,1738.466,675.493,428.903,3770.115,4661.662,1292.951,3965.099
01/06/2024 01:00:00,6279.803,711.574,855.798,130.049,296.715,2165.701,455.404,1217.118,2144.881,4380.429,1726.995,677.045,422.272,3855.073,4631.514,1296.590,3954.916
01/06/2024 02:00:00,6190.422,699.305,846.405,126.494,300.055,2106.441,442.894,1195.076,2138.020,4308.467,1700.017,670.262,411.077,3890.855,4596.856,1276.129,3881.910
01/06/2024 03:00:00,6095.059,685.774,839.803,122.730,296.142,2055.860,429.731,1178.563,2094.044,4231.995,1674.119,661.067,400.142,3887.772,4560.593,1252.935,3809.802
01/06/2024 04:00:00,5876.505,665.304,833.153,117.059,288.893,1992.301,416.740,1146.152,2060.482,4109.993,1631.553,658.349,389.146,3888.454,4523.236,1212.575,3718.432
01/06/2024 05:00:00,5626.570,639.703,825.114,110.026,278.427,1908.639,397.097,1099.512,2020.841,4008.828,1568.543,646.395,373.134,3874.258,4514.710,1196.604,3565.368
01/06/2024 06:00:00,5398.273,609.671,811.281,103.735,269.075,1814.312,373.477,1045.172,1921.738,3880.515,1511.686,634.868,356.263,3828.904,4420.301,1168.751,3399.727
01/06/2024 07:00:00,5255.996,589.937,798.170,98.894,262.819,1754.252,358.098,1009.521,1894.673,3802.293,1465.945,627.027,341.843,3787.126,4345.903,1129.039,3269.841
01/06/2024 08:00:00,5188.342,582.047,789.492,95.735,258.731,1719.437,349.823,994.342,1885.269,3737.736,1438.653,624.603,333.816,3753.906,4294.326,1105.637,3215.774
01/06/2024 09:00:00,5143.772,570.062,787.660,94.020,251.865,1707.408,346.429,977.047,1898.259,3696.609,1432.381,624.125,329.468,3725.541,4330.576,1103.331,3191.558
01/06/2024 10:00:00,5128.177,566.515,783.528,93.537,251.883,1708.547,345.653,953.532,1885.809,3673.964,1432.193,631.387,327.678,3729.334,4390.458,1106.580,3191.530
01/06/2024 11:00:00,5168.128,575.872,786.377,94.276,252.694,1727.098,348.582,961.949,1902.195,3741.817,1439.978,643.197,328.722,3768.351,4389.112,1116.332,3231.269
01/06/2024 12:00:00,5274.217,592.308,793.347,97.554,253.396,1776.723,358.260,1004.711,1929.696,3811.985,1468.593,657.212,334.569,3809.613,4429.851,1134.096,3309.115
01/06/2024 13:00:00,5447.322,618.044,802.851,101.879,254.471,1844.061,371.188,1037.894,1958.469,3948.120,1508.129,671.114,344.103,3827.412,4470.157,1169.611,3411.676
01/06/2024 14:00:00,5640.814,646.082,813.979,105.492,258.563,1915.993,386.429,1082.688,2046.047,4087.387,1551.069,688.050,356.588,3862.646,4576.329,1211.914,3551.485
01/06/2024 15:00:00,5809.642,669.140,821.956,110.205,260.521,1961.878,396.914,1110.912,2061.007,4188.519,1577.727,696.289,365.541,3880.954,4648.973,1248.731,3624.061
01/06/2024 16:00:00,5893.148,689.393,828.645,115.416,264.916,2009.098,407.206,1144.538,2054.685,4255.104,1613.543,696.843,377.433,3857.218,4708.889,1252.683,3666.791
01/06/2024 17:00:00,5888.650,700.966,832.368,118.941,266.800,2046.614,417.757,1163.773,2053.177,4252.704,1638.118,682.681,386.643,3819.129,4734.195,1234.312,3687.546
01/06/2024 18:00:00,5836.497,704.042,829.093,121.369,267.872,2056.836,424.074,1175.961,2016.833,4166.690,1656.277,673.647,391.441,3786.219,4735.474,1205.095,3667.512
01/06/2024 19:00:00,5770.469,695.196,829.049,122.007,268.530,2054.174,423.798,1170.031,2021.888,4110.403,1655.595,667.892,393.572,3762.245,4709.711,1169.313,3632.430
01/06/2024 20:00:00,5667.092,689.518,823.536,121.142,269.892,2043.635,418.018,1153.744,1994.960,4051.106,1643.473,656.765,391.578,3705.211,4683.333,1138.398,3625.343
01/06/2024 21:00:00,5548.924,686.147,820.635,121.677,265.399,2035.538,418.988,1157.037,1994.159,3980.572,1636.421,642.982,390.996,3653.465,4647.397,1122.727,3612.207
01/06/2024 22:00:00,5494.684,686.624,814.644,122.668,264.886,2032.422,420.803,1153.905,1988.782,3942.332,1638.016,645.945,392.027,3612.709,4626.240,1113.393,3591.418
01/06/2024 23:00:00,5534.175,695.093,818.555,124.900,267.391,2050.811,426.431,1163.451,1972.802,3972.096,1653.512,643.701,396.312,3599.336,4653.499,1132.026,3615.347
01/07/2024 00:00:00,5751.982,713.598,822.271,129.477,275.102,2108.956,441.432,1201.027,2035.801,4089.247,1704.832,658.091,409.790,3667.497,4706.923,1179.969,3710.099
01/07/2024 01:00:00,5888.799,707.438,826.627,128.325,274.390,2087.089,437.982,1186.390,2066.179,4173.216,1710.987,671.464,405.433,3812.577,4757.998,1219.224,3739.268
01/07/2024 02:00:00,5896.135,698.054,823.176,124.890,271.710,2042.417,428.389,1156.044,2052.696,4182.672,1693.368,670.399,398.923,3852.391,4769.301,1224.514,3695.178
01/07/2024 03:00:00,5871.862,683.858,822.778,121.285,266.610,1995.955,419.962,1146.994,2001.725,4132.496,1667.885,674.945,389.618,3862.101,4770.507,1228.719,3646.780
01/07/2024 04:00:00,5816.646,663.069,819.035,115.980,261.448,1939.109,407.150,1116.154,2004.140,4087.148,1629.939,666.860,378.604,3884.981,4733.219,1217.664,3552.572
01/07/2024 05:00:00,5689.785,635.151,809.691,109.450,254.630,1867.759,388.947,1072.653,1982.049,4025.221,1580.869,649.057,363.685,3861.900,4747.143,1191.800,3450.013
01/07/2024 06:00:00,5574.178,606.275,797.635,103.565,247.848,1800.535,373.612,1015.111,1950.035,3941.213,1530.692,643.285,346.401,3828.954,4680.009,1171.764,3334.408
01/07/2024 07:00:00,5513.377,587.569,786.179,99.963,242.253,1749.016,359.069,982.972,1908.939,3917.269,1485.199,631.804,336.602,3819.403,4582.782,1161.886,3236.685
01/07/2024 08:00:00,5469.783,575.704,781.499,97.020,238.004,1723.190,350.856,979.707,1910.393,3888.939,1454.531,621.842,330.650,3821.983,4592.339,1163.552,3205.533
01/07/2024 09:00:00,5521.703,572.519,783.129,95.470,235.838,1712.264,346.491,976.135,1903.538,3878.369,1443.838,622.279,326.484,3810.347,4580.584,1175.526,3191.997
01/07/2024 10:00:00,5595.080,575.995,786.217,95.271,235.694,1712.177,346.082,981.253,1922.090,3912.163,1441.544,624.716,325.636,3789.465,4578.270,1189.035,3205.892
01/07/2024 11:00:00,5711.249,592.220,790.951,96.172,236.222,1727.995,351.393,984.835,1949.820,3973.135,1454.012,635.163,326.570,3780.050,4592.095,1221.332,3262.095
01/07/2024 12:00:00,5886.809,619.972,803.069,97.713,238.721,1760.389,359.905,1006.418,2002.407,4093.512,1474.621,658.451,335.262,3806.836,4648.005,1266.798,3353.892
01/07/2024 13:00:00,6135.725,656.555,818.651,100.758,241.867,1816.370,373.259,1029.117,2056.293,4221.218,1503.118,681.898,347.575,3873.412,4663.769,1316.258,3475.340
01/07/2024 14:00:00,6358.128,689.301,830.143,104.406,244.624,1872.895,389.059,1065.746,2140.504,4349.849,1547.869,691.123,356.345,3910.401,4755.187,1377.770,3615.382
01/07/2024 15:00:00,6381.271,695.804,835.601,107.359,244.131,1908.892,399.319,1092.320,2182.241,4373.088,1581.168,687.121,357.623,3929.578,4814.652,1392.232,3682.710
01/07/2024 16:00:00,6052.848,660.131,828.956,111.654,248.748,1919.727,396.750,1097.710,2141.936,4247.797,1605.554,678.984,356.716,3895.238,4811.925,1320.999,3687.013
01/07/2024 17:00:00,5610.886,613.387,819.962,112.204,247.122,1893.033,397.021,1099.351,2095.558,4126.174,1605.298,677.340,351.544,3857.964,4826.276,1240.245,3625.721
01/07/2024 18:00:00,5274.173,569.314,816.272,104.957,243.915,1860.344,397.028,1069.148,2063.002,4039.088,1580.085,686.272,348.544,3818.011,4842.143,1190.107,3604.533
01/07/2024 19:00:00,5052.172,538.599,814.194,104.371,243.700,1843.946,401.302,1038.389,2036.783,3951.889,1578.595,683.648,343.868,3789.539,4837.156,1156.592,3578.881
01/07/2024 20:00:00,4884.997,517.143,803.750,106.152,243.513,1839.737,401.594,994.038,2004.965,3878.852,1585.684,690.300,337.338,3767.196,4760.686,1144.952,3585.527
01/07/2024 21:00:00,4779.229,507.857,799.043,108.232,243.544,1860.739,403.470,1008.148,1946.769,3815.432,1593.995,687.038,330.588,3737.293,4731.649,1124.406,3558.764
01/07/2024 22:00:00,4769.974,522.099,791.253,113.000,245.684,1899.990,411.683,1020.132,1948.963,3814.785,1612.471,681.407,330.731,3738.296,4734.354,1129.817,3537.481
01/07/2024 23:00:00,4892.326,559.457,800.765,117.239,250.054,1927.365,427.678,1042.564,1955.361,3922.506,1648.096,673.903,344.552,3735.604,4766.034,1148.162,3593.966
01/08/2024 00:00:00,5227.733,613.196,816.765,125.133,262.369,2047.783,453.865,1117.291,2021.150,4112.336,1714.216,679.583,374.829,3795.777,4919.097,1205.105,3769.326
01/08/2024 01:00:00,5511.373,634.764,827.259,125.644,267.223,2057.761,452.734,1143.348,2031.737,4234.779,1718.127,678.483,380.481,3857.528,4992.789,1253.332,3833.879
01/08/2024 02:00:00,5604.342,642.497,825.548,124.519,279.401,2046.576,442.468,1139.333,2079.992,4217.329,1701.667,675.563,378.550,3850.150,5065.136,1260.924,3817.131
01/08/2024 03:00:00,5587.027,637.118,827.043,121.607,276.079,2030.922,429.595,1125.800,2076.063,4197.023,1670.132,669.281,371.721,3813.212,5124.406,1247.126,3764.731
01/08/2024 04:00:00,5503.366,623.818,823.435,117.186,272.033,1974.902,411.255,1112.475,2024.157,4152.412,1620.685,661.753,361.676,3771.523,5043.384,1216.887,3665.960
01/08/2024 05:00:00,5297.886,602.232,806.161,109.822,263.363,1884.590,390.771,1064.861,1966.548,4000.822,1552.413,652.131,348.775,3712.184,4966.146,1163.262,3517.773
01/08/2024 06:00:00,5074.854,577.856,791.335,103.283,257.737,1795.069,372.651,1019.643,1891.040,3851.159,1504.812,640.002,336.126,3636.090,4781.539,1127.682,3380.596
01/08/2024 07:00:00,4922.417,563.898,780.299,98.603,253.030,1739.911,360.115,989.577,1859.193,3756.159,1472.620,629.915,326.981,3594.712,4578.613,1101.055,3295.181
01/08/2024 08:00:00,4864.612,561.899,775.671,96.647,248.307,1707.347,353.945,965.924,1851.358,3723.754,1447.631,616.723,322.541,3546.828,4605.811,1096.369,3261.201
01/08/2024 09:00:00,4839.619,565.653,781.908,95.699,250.463,1696.901,350.920,970.939,1841.108,3718.070,1439.462,620.933,323.560,3524.588,4619.901,1092.289,3240.258
01/08/2024 10:00:00,4860.446,574.423,781.095,96.982,251.171,1711.407,350.404,983.394,1842.491,3730.551,1439.891,618.553,328.240,3541.918,4607.991,1097.470,3269.696
01/08/2024 11:00:00,4978.012,589.893,796.519,99.646,251.734,1765.395,358.986,1010.644,1858.296,3800.241,1457.841,624.891,335.753,3566.892,4637.401,1114.141,3332.633
01/08/2024 12:00:00,5282.643,626.664,814.007,105.279,261.943,1887.628,384.469,1075.700,1941.536,3957.938,1511.906,645.893,356.786,3662.704,4703.114,1159.548,3533.074
01/08/2024 13:00:00,5714.250,682.869,842.269,112.598,283.340,2045.346,413.042,1155.040,2044.890,4236.593,1586.110,668.496,388.496,3831.862,4750.435,1232.960,3813.282
01/08/2024 14:00:00,5963.904,713.237,865.404,116.260,297.574,2157.754,433.800,1204.106,2151.453,4413.890,1658.851,687.847,411.668,3981.710,4866.441,1262.328,4017.383
01/08/2024 15:00:00,6048.027,713.617,876.161,118.837,302.478,2183.930,443.909,1210.997,2181.399,4519.072,1684.033,716.486,417.260,4009.839,4831.897,1273.255,4113.470
01/08/2024 16:00:00,6088.404,717.659,885.740,122.089,302.336,2196.443,455.687,1219.532,2205.906,4587.068,1711.084,718.883,425.202,3939.487,4812.826,1279.701,4141.392
01/08/2024 17:00:00,6095.217,733.658,891.566,123.529,300.188,2220.885,463.416,1219.710,2242.973,4553.652,1743.023,720.088,434.270,3928.939,4844.445,1262.642,4152.289
01/08/2024 18:00:00,6023.978,750.141,889.329,125.300,304.500,2240.104,467.121,1244.941,2254.163,4554.116,1770.929,713.941,430.910,3920.718,4861.355,1244.104,4169.435
01/08/2024 19:00:00,5950.399,753.432,890.805,126.732,310.393,2246.377,468.976,1267.007,2223.962,4523.373,1778.107,693.141,431.670,3907.621,4776.727,1219.504,4150.480
01/08/2024 20:00:00,5869.779,752.375,886.677,127.148,305.503,2255.556,464.944,1253.540,2164.666,4477.032,1787.234,686.559,435.527,3963.277,4740.663,1189.136,4154.002
01/08/2024 21:00:00,5747.615,735.865,878.628,127.614,308.675,2243.175,458.783,1249.454,2110.240,4370.801,1768.242,682.547,429.142,4032.298,4723.675,1160.608,4109.929
01/08/2024 22:00:00,5695.594,728.367,858.826,128.984,304.746,2233.275,449.988,1258.553,2097.355,4244.593,1758.996,628.169,424.055,4058.534,4745.703,1151.578,4015.700
01/08/2024 23:00:00,5717.029,733.744,861.156,130.606,306.848,2250.893,451.921,1274.464,2105.366,4171.260,1772.553,590.199,423.921,4120.038,4783.342,1164.946,4008.170
01/09/2024 00:00:00,5872.462,753.255,863.500,137.359,313.389,2316.782,467.921,1304.818,2166.534,4312.263,1825.163,587.068,436.183,4152.329,4832.575,1211.096,4096.613
01/09/2024 01:00:00,5935.610,753.069,863.478,136.550,310.315,2277.799,463.340,1282.384,2192.396,4384.860,1800.756,613.542,431.193,4235.211,4834.213,1267.667,4094.942
01/09/2024 02:00:00,5863.857,741.390,853.823,131.931,307.820,2219.321,445.353,1250.671,2154.797,4375.215,1755.351,610.851,419.957,4231.891,4801.739,1276.405,4032.882
01/09/2024 03:00:00,5760.748,725.588,848.631,127.132,303.399,2157.857,434.633,1241.983,2131.705,4352.122,1710.790,596.574,410.266,4224.092,4785.270,1283.287,3949.696
01/09/2024 04:00:00,5587.328,692.845,839.521,119.851,295.401,2049.737,417.236,1179.323,2083.643,4291.045,1653.939,584.185,394.570,4175.900,4729.126,1273.305,3828.716
01/09/2024 05:00:00,5359.457,649.911,825.453,112.478,281.016,1940.056,395.938,1104.398,2031.676,4169.265,1587.432,569.892,371.620,4076.867,4714.693,1238.086,3654.042
01/09/2024 06:00:00,5156.273,612.451,811.766,105.459,278.940,1846.713,381.941,1059.536,1983.047,4054.078,1529.851,572.586,351.214,3989.307,4655.685,1216.319,3474.765
01/09/2024 07:00:00,5072.414,591.997,804.324,101.335,266.990,1799.858,374.556,1056.336,1964.273,4054.531,1495.869,558.484,336.766,3945.769,4737.971,1224.912,3409.962
01/09/2024 08:00:00,5103.294,579.808,811.301,98.939,262.873,1771.652,372.344,1050.803,1957.637,4107.833,1473.401,554.622,328.100,3940.828,4803.186,1241.051,3352.430
01/09/2024 09:00:00,5165.215,573.928,811.962,97.620,257.261,1753.119,375.459,1040.572,1955.529,4158.163,1470.825,562.747,322.056,3944.094,4781.678,1257.408,3307.260
01/09/2024 10:00:00,5283.469,574.923,824.228,98.896,259.123,1740.313,382.190,1033.585,1965.610,4221.855,1482.277,569.677,322.067,3941.072,4806.705,1280.053,3327.801
01/09/2024 11:00:00,5509.683,590.352,827.720,100.342,260.055,1775.726,394.284,1042.056,1989.137,4342.288,1508.768,576.261,327.189,3949.878,4841.758,1306.627,3393.725
01/09/2024 12:00:00,5928.573,635.240,844.204,105.000,269.155,1878.638,417.693,1085.501,2034.728,4553.482,1566.058,585.436,343.188,3991.858,4873.515,1365.452,3517.006
01/09/2024 13:00:00,6515.622,689.538,878.351,110.574,280.894,1979.988,451.275,1152.418,2097.683,4841.623,1644.412,585.738,368.955,4096.603,4934.497,1439.901,3718.458
01/09/2024 14:00:00,6871.508,732.330,906.572,114.682,294.136,2060.471,474.026,1204.287,2173.156,5045.763,1715.754,596.800,394.595,4164.830,5045.338,1473.624,3893.231
01/09/2024 15:00:00,6977.982,761.952,923.523,119.550,296.451,2099.921,482.217,1223.552,2201.594,5129.377,1749.379,609.436,406.697,4098.339,5087.506,1460.564,3971.348
01/09/2024 16:00:00,6988.441,788.954,924.663,122.290,301.668,2139.720,486.323,1250.249,2188.086,5164.828,1788.537,624.802,417.557,3993.898,5061.590,1440.452,4061.919
01/09/2024 17:00:00,6883.904,807.962,923.874,126.148,304.257,2169.984,494.852,1275.225,2149.634,5171.690,1817.115,623.890,426.768,3895.273,4991.536,1410.183,4087.436
01/09/2024 18:00:00,6753.406,821.035,921.193,129.466,302.413,2213.731,495.780,1290.448,2125.105,5149.474,1841.958,613.724,436.308,3816.792,4950.717,1366.397,4089.563
01/09/2024 19:00:00,6599.271,834.889,916.630,131.444,308.265,2251.586,492.893,1305.498,2089.436,5039.943,1831.937,601.729,445.046,3748.908,4883.695,1323.311,4081.120
01/09/2024 20:00:00,6470.045,839.902,912.985,133.366,315.710,2272.566,489.272,1325.073,2094.517,4883.148,1824.730,596.864,448.356,3695.259,4820.878,1285.640,4037.284
01/09/2024 21:00:00,6325.638,832.016,899.618,133.318,308.397,2254.539,476.192,1301.116,2063.900,4734.324,1835.662,579.279,447.928,3656.831,4811.777,1245.014,3985.780
01/09/2024 22:00:00,6235.498,830.212,893.611,132.664,309.750,2257.648,464.747,1294.805,2061.958,4558.315,1819.575,564.209,449.402,3604.440,4818.425,1219.683,3937.315
01/09/2024 23:00:00,6301.549,838.704,891.173,136.746,309.972,2288.642,474.727,1317.031,2121.242,4541.670,1822.631,568.420,450.911,3616.936,4870.216,1237.867,3964.593
01/10/2024 00:00:00,6526.644,852.984,889.191,143.428,318.440,2364.035,502.721,1345.634,2241.916,4656.645,1908.867,593.898,462.374,3702.821,4927.216,1294.347,4111.812
01/10/2024 01:00:00,6736.209,855.008,893.058,143.353,321.582,2342.417,508.876,1348.752,2276.312,4816.271,1928.369,630.596,457.666,3847.059,4909.550,1348.122,4213.791
01/10/2024 02:00:00,6763.823,844.523,885.845,138.609,313.854,2280.806,501.555,1307.417,2297.732,4847.194,1902.071,640.817,446.691,3916.419,4891.428,1357.008,4206.097
01/10/2024 03:00:00,6714.943,825.450,877.504,132.900,309.906,2226.012,489.730,1276.950,2287.824,4843.946,1865.151,625.763,434.549,3943.215,4884.894,1364.373,4147.126
01/10/2024 04:00:00,6565.047,792.540,875.163,127.024,304.578,2155.646,474.073,1234.180,2242.066,4755.192,1804.731,627.563,420.558,3944.452,4805.581,1348.853,4059.781
01/10/2024 05:00:00,6344.689,753.130,856.586,120.416,294.322,2062.110,452.989,1203.690,2146.350,4624.648,1725.594,626.370,400.857,3888.843,4762.151,1324.324,3928.371
01/10/2024 06:00:00,6173.808,722.186,841.622,114.692,286.095,1994.755,432.319,1169.009,2094.602,4516.031,1658.656,620.414,381.937,3819.846,4674.929,1302.477,3793.852
01/10/2024 07:00:00,6102.407,707.997,835.246,111.460,283.350,1960.321,418.980,1142.121,2056.482,4457.530,1613.760,608.829,372.438,3769.919,4591.776,1302.987,3719.237
01/10/2024 08:00:00,6107.104,707.408,842.209,109.818,281.428,1954.829,412.494,1127.038,1990.182,4430.856,1588.800,592.100,366.425,3747.339,4517.497,1310.369,3704.861
01/10/2024 09:00:00,6180.672,709.885,842.572,111.299,278.937,1962.774,407.089,1133.233,1991.357,4400.125,1581.495,569.855,363.450,3754.197,4490.634,1313.581,3671.969
01/10/2024 10:00:00,6276.769,719.505,849.449,113.180,280.933,1978.198,409.182,1139.935,2000.950,4416.358,1587.254,559.397,364.922,3751.496,4489.719,1322.307,3677.398
01/10/2024 11:00:00,6466.516,746.967,859.395,113.880,285.714,2035.210,416.321,1169.945,2021.886,4502.605,1607.940,564.821,375.136,3761.139,4519.881,1339.532,3739.921
01/10/2024 12:00:00,6809.030,797.329,879.890,116.978,293.324,2135.307,441.630,1225.178,2090.545,4669.471,1670.521,579.648,394.791,3803.600,4618.561,1367.121,3879.689
01/10/2024 13:00:00,7318.275,862.993,904.223,123.300,310.029,2242.048,480.874,1289.940,2212.891,4941.233,1779.035,617.012,426.710,3910.520,4765.335,1417.413,4134.570
01/10/2024 14:00:00,7488.106,892.291,921.143,128.568,316.316,2342.845,507.905,1343.686,2272.414,5110.762,1856.625,657.754,445.251,3995.017,4914.248,1430.574,4277.564
01/10/2024 15:00:00,7240.336,858.305,919.702,130.287,320.029,2337.186,508.994,1344.620,2289.671,5016.237,1854.781,690.002,443.121,3955.606,4973.137,1388.569,4285.448
01/10/2024 16:00:00,6803.435,796.581,905.507,133.312,324.730,2329.290,492.329,1319.466,2232.363,4854.740,1822.721,700.487,430.424,3825.159,4986.291,1303.041,4222.472
01/10/2024 17:00:00,6380.866,733.677,891.872,132.238,321.183,2273.000,478.861,1303.550,2167.307,4690.395,1791.283,681.776,419.529,3737.138,4971.846,1233.852,4103.534
01/10/2024 18:00:00,5993.881,679.935,872.105,128.881,314.154,2197.373,474.593,1255.024,2124.323,4490.642,1771.095,663.939,407.674,3659.902,4993.238,1179.720,3987.341
01/10/2024 19:00:00,5671.226,642.993,871.746,124.911,314.964,2139.403,475.589,1207.198,2095.653,4367.971,1769.745,661.257,402.006,3603.349,4947.281,1131.260,3938.365
01/10/2024 20:00:00,5439.260,615.943,862.899,124.735,309.189,2112.140,469.497,1172.820,2060.013,4252.468,1754.986,663.173,396.522,3545.909,4891.188,1092.058,3873.452
01/10/2024 21:00:00,5227.155,592.104,846.251,122.077,300.027,2045.719,451.269,1141.382,2024.692,4118.212,1745.328,655.745,385.226,3513.340,4898.153,1063.088,3774.258
01/10/2024 22:00:00,5105.385,590.443,829.479,119.599,297.613,2024.206,440.744,1120.581,1989.061,3984.428,1709.755,639.925,379.203,3510.874,4917.321,1030.374,3701.943
01/10/2024 23:00:00,5148.967,609.745,827.637,122.397,297.206,2043.834,467.810,1137.118,1972.228,3951.416,1747.302,609.059,382.060,3535.619,4977.178,1045.227,3747.124
01/11/2024 00:00:00,5394.898,654.454,834.118,133.051,307.278,2163.141,479.520,1219.086,2027.743,4091.453,1821.574,613.253,400.115,3608.630,5075.489,1124.300,3893.180
01/11/2024 01:00:00,5661.090,677.386,843.038,134.945,312.975,2184.122,477.949,1237.975,2081.956,4292.108,1829.119,640.412,404.854,3746.675,5107.949,1206.226,4009.656
01/11/2024 02:00:00,5705.792,681.197,841.029,132.426,310.286,2162.846,466.642,1221.383,2072.264,4346.483,1811.019,636.505,398.973,3807.351,5078.247,1232.523,4052.160
01/11/2024 03:00:00,5697.727,674.787,843.092,128.301,306.417,2126.873,455.631,1203.961,2057.849,4345.825,1780.637,635.575,390.682,3841.271,5064.820,1236.801,4012.320
01/11/2024 04:00:00,5580.433,660.180,839.164,121.247,294.342,2062.145,435.146,1171.301,2019.448,4264.030,1726.124,637.608,378.387,3830.515,5021.074,1220.315,3953.359
01/11/2024 05:00:00,5373.270,634.612,831.832,113.823,283.298,1958.967,411.418,1108.005,1954.755,4155.058,1649.972,623.687,362.948,3776.519,4979.122,1186.068,3785.352
01/11/2024 06:00:00,5203.919,615.164,823.979,107.030,277.142,1876.424,391.507,1074.021,1913.001,4045.347,1593.681,610.866,350.252,3713.472,4879.435,1165.301,3645.040
01/11/2024 07:00:00,5116.556,607.082,812.875,103.716,271.811,1839.367,380.424,1056.604,1899.427,4006.956,1564.521,609.100,339.953,3666.213,4835.965,1162.402,3536.348
01/11/2024 08:00:00,5102.197,610.463,809.786,101.807,269.360,1817.118,376.138,1046.006,1909.013,4028.037,1544.181,618.135,337.583,3647.700,4806.001,1180.150,3516.727
01/11/2024 09:00:00,5166.488,621.230,816.008,101.188,260.275,1811.835,377.762,1046.542,1924.282,4034.531,1540.534,627.182,338.338,3658.532,4779.803,1204.340,3508.874
01/11/2024 10:00:00,5264.865,639.386,827.693,102.862,269.709,1823.937,384.447,1056.313,1949.887,4071.414,1546.325,639.648,342.848,3692.006,4775.056,1225.617,3535.578
01/11/2024 11:00:00,5443.397,668.331,839.490,105.630,269.489,1878.082,398.001,1081.636,1979.609,4134.065,1570.233,632.183,356.612,3735.617,4786.283,1240.099,3613.934
01/11/2024 12:00:00,5772.345,720.439,858.901,111.863,277.393,2001.212,431.457,1140.588,2069.850,4329.056,1629.963,663.156,380.089,3789.897,4834.222,1281.611,3807.678
01/11/2024 13:00:00,6285.266,785.867,886.412,121.203,300.658,2182.193,476.368,1229.642,2222.002,4595.262,1748.362,699.460,411.212,3922.063,4937.829,1344.881,4106.257
01/11/2024 14:00:00,6460.371,815.072,900.679,127.330,305.697,2301.867,510.824,1281.737,2350.778,4788.907,1847.575,722.539,432.170,4021.422,5067.943,1376.281,4283.427
01/11/2024 15:00:00,6213.360,784.767,898.849,127.008,306.724,2294.794,516.729,1275.416,2379.767,4702.810,1866.682,718.444,423.777,4020.582,5121.274,1381.336,4235.102
01/11/2024 16:00:00,5972.414,736.899,881.674,124.064,304.176,2237.369,512.323,1240.851,2390.312,4517.887,1870.579,720.065,411.657,3924.316,5143.970,1351.399,4148.280
01/11/2024 17:00:00,5730.039,676.314,871.658,122.111,306.551,2203.124,510.708,1215.104,2384.505,4342.737,1850.702,725.069,401.415,3794.439,5141.425,1277.203,4068.163
01/11/2024 18:00:00,5493.752,624.334,853.027,119.981,304.721,2167.654,517.444,1192.234,2448.588,4170.866,1860.137,710.840,389.029,3736.190,5143.971,1222.581,3949.039
01/11/2024 19:00:00,5280.172,590.729,838.293,121.175,298.343,2155.446,525.523,1175.604,2449.194,4002.661,1872.068,682.566,381.792,3683.200,5120.827,1157.557,3843.552
01/11/2024 20:00:00,5114.820,568.646,830.707,121.711,300.199,2140.856,526.822,1168.814,2445.026,3921.249,1886.890,671.905,374.185,3640.627,5134.834,1117.985,3778.610
01/11/2024 21:00:00,4953.083,556.946,816.659,123.951,308.106,2145.683,531.138,1170.973,2442.505,3833.763,1897.462,675.371,369.051,3611.791,5118.163,1085.228,3804.612
01/11/2024 22:00:00,4864.988,556.754,803.249,126.837,305.861,2180.014,537.044,1188.842,2494.258,3756.253,1921.524,696.029,364.707,3588.634,5233.747,1070.498,3805.846
01/11/2024 23:00:00,4899.173,573.577,800.027,130.666,312.815,2226.273,555.401,1216.990,2532.908,3770.888,1958.546,740.593,367.949,3656.610,5332.169,1088.151,3900.048
01/12/2024 00:00:00,5070.697,612.159,804.339,137.835,310.852,2315.658,572.597,1270.844,2590.031,3893.071,2017.878,749.622,384.791,3783.667,5407.477,1141.517,4053.809
01/12/2024 01:00:00,5309.926,628.660,822.027,139.762,319.730,2322.586,572.272,1279.731,2595.334,4077.492,2034.730,765.693,391.434,3889.266,5389.796,1215.261,4154.953
01/12/2024 02:00:00,5343.118,623.977,821.576,136.887,317.230,2289.121,565.315,1264.870,2587.434,4104.010,2006.625,746.284,382.987,3967.774,5356.704,1236.743,4148.913
01/12/2024 03:00:00,5275.585,613.131,825.156,133.364,311.753,2243.999,551.755,1251.717,2545.211,4077.197,1980.236,745.504,372.664,4027.232,5340.569,1231.342,4091.540
01/12/2024 04:00:00,5120.103,585.753,820.851,127.501,309.919,2171.347,537.203,1211.184,2515.546,4005.159,1919.270,746.520,358.203,4048.697,5233.462,1224.017,4014.041
01/12/2024 05:00:00,4897.692,556.172,813.448,119.876,296.621,2077.836,514.116,1160.647,2433.003,3981.099,1845.343,729.807,339.608,4022.643,5197.309,1215.517,3905.639
01/12/2024 06:00:00,4655.916,523.095,801.372,112.410,289.865,1991.734,497.995,1111.280,2379.283,3945.170,1791.106,712.031,322.262,4000.898,5180.994,1218.580,3775.756
01/12/2024 07:00:00,4558.175,504.050,803.347,108.312,282.250,1940.546,486.829,1088.130,2364.334,3983.716,1752.569,697.218,307.121,3986.460,5149.610,1247.275,3726.722
01/12/2024 08:00:00,4547.949,502.777,804.027,105.279,275.609,1902.886,478.749,1088.674,2345.546,4064.986,1735.196,688.451,301.751,3988.425,5104.319,1282.982,3691.876
01/12/2024 09:00:00,4564.835,509.684,809.292,104.750,277.508,1891.392,473.907,1073.305,2343.476,4147.285,1729.164,684.056,301.625,3989.938,5091.436,1333.668,3699.491
01/12/2024 10:00:00,4653.120,527.898,824.897,105.411,278.230,1918.805,471.458,1100.664,2349.869,4275.515,1732.608,681.087,302.715,3994.805,5071.452,1396.232,3744.315
01/12/2024 11:00:00,4804.444,556.249,836.701,108.947,281.417,1998.552,480.172,1144.919,2349.792,4405.717,1750.528,689.575,308.102,4030.059,5099.892,1455.006,3832.307
01/12/2024 12:00:00,5146.226,612.673,852.359,115.462,299.793,2128.902,503.863,1214.217,2394.914,4625.329,1793.432,705.450,326.243,4081.526,5129.036,1530.842,4003.677
01/12/2024 13:00:00,5671.969,689.400,895.305,124.688,312.907,2301.477,533.129,1290.275,2508.096,4979.948,1854.414,735.600,361.774,4168.427,5200.275,1639.816,4272.191
01/12/2024 14:00:00,6182.272,763.666,931.665,132.745,326.865,2431.974,550.127,1376.091,2563.508,5218.637,1918.595,753.310,397.432,4275.248,5308.262,1702.788,4474.112
01/12/2024 15:00:00,6521.271,815.124,947.259,137.248,337.273,2498.755,563.875,1421.886,2580.349,5299.324,1956.527,749.302,419.489,4261.104,5387.977,1709.261,4544.524
01/12/2024 16:00:00,6775.188,866.645,955.358,141.972,339.680,2573.805,574.062,1462.642,2564.818,5301.916,1997.073,735.181,444.127,4168.781,5410.484,1676.654,4596.692
01/12/2024 17:00:00,6966.803,902.703,960.708,147.019,346.432,2640.974,576.718,1509.591,2537.320,5279.907,2016.253,722.109,464.144,4062.520,5371.774,1641.099,4605.620
01/12/2024 18:00:00,6969.210,933.044,952.930,150.708,354.442,2682.525,579.911,1534.258,2533.597,5187.971,2040.969,706.984,478.022,3982.217,5377.697,1589.378,4580.474
01/12/2024 19:00:00,6850.961,952.520,954.939,154.219,357.461,2711.050,581.637,1550.597,2515.517,5058.583,2057.257,700.552,488.748,3877.279,5362.794,1523.890,4512.137
01/12/2024 20:00:00,6699.090,959.019,944.500,155.664,359.082,2717.245,575.338,1554.713,2490.047,4915.228,2049.110,689.154,494.888,3788.408,5323.942,1458.639,4481.455
01/12/2024 21:00:00,6566.393,953.251,935.808,156.768,358.835,2720.433,569.062,1547.502,2452.786,4776.938,2029.329,680.838,498.502,3741.598,5300.734,1399.608,4448.907
01/12/2024 22:00:00,6431.366,948.416,920.569,156.401,353.217,2707.722,565.279,1533.955,2408.314,4635.959,2021.235,668.155,499.460,3715.594,5311.114,1365.348,4401.195
01/12/2024 23:00:00,6463.859,951.080,925.352,160.236,350.565,2721.999,566.799,1577.577,2429.532,4606.679,2042.095,669.786,501.208,3705.114,5346.592,1381.729,4457.998
01/13/2024 00:00:00,6730.550,963.470,932.982,166.147,359.934,2793.571,586.345,1634.906,2523.563,4734.707,2118.783,684.220,511.681,3756.212,5364.322,1437.047,4596.592
01/13/2024 01:00:00,6995.920,961.535,939.364,167.131,366.335,2798.227,589.666,1641.046,2568.693,4870.060,2131.625,700.597,510.475,3899.979,5359.710,1515.198,4689.448
01/13/2024 02:00:00,7038.404,951.258,928.633,165.071,364.901,2749.514,578.256,1617.634,2551.023,4889.872,2093.939,689.928,501.499,3972.618,5306.227,1528.997,4643.473
01/13/2024 03:00:00,7013.180,942.199,926.344,160.860,360.040,2718.146,567.084,1590.591,2527.640,4845.763,2056.475,693.533,491.495,3989.018,5282.594,1537.666,4595.998
01/13/2024 04:00:00,6965.161,921.877,915.514,155.058,352.501,2645.973,553.730,1552.664,2496.295,4780.687,2013.697,695.089,475.940,4009.851,5247.916,1545.824,4520.189
01/13/2024 05:00:00,6843.726,895.718,902.520,148.604,349.986,2545.385,533.754,1486.879,2436.075,4689.349,1947.821,690.811,458.831,3962.639,5219.160,1533.313,4407.038
01/13/2024 06:00:00,6768.711,878.841,890.457,142.629,338.815,2480.992,518.679,1438.659,2395.491,4654.186,1896.168,681.555,445.728,3899.828,5170.212,1528.623,4297.924
01/13/2024 07:00:00,6724.931,868.814,882.656,138.483,335.569,2437.349,507.692,1427.876,2375.691,4585.483,1867.106,679.215,437.161,3841.730,5099.989,1531.615,4236.807
01/13/2024 08:00:00,6722.313,868.457,879.274,136.537,330.337,2428.636,502.492,1441.254,2365.461,4562.649,1841.806,674.540,429.543,3791.677,5067.980,1539.676,4213.057
01/13/2024 09:00:00,6758.252,871.233,882.838,136.550,327.907,2422.312,495.528,1442.543,2361.509,4556.527,1826.057,668.129,425.932,3745.050,5058.908,1554.495,4213.148
01/13/2024 10:00:00,6837.301,877.426,883.847,134.820,328.736,2435.579,492.890,1443.106,2370.365,4572.050,1823.220,675.077,424.954,3736.724,5034.420,1568.562,4218.841
01/13/2024 11:00:00,6963.317,893.454,895.841,133.253,328.022,2474.651,496.529,1454.612,2398.463,4650.019,1832.497,687.969,430.197,3769.536,5035.993,1592.262,4260.709
01/13/2024 12:00:00,7135.036,918.720,907.383,136.765,329.512,2519.764,509.037,1475.471,2443.801,4795.757,1855.448,701.173,436.247,3842.952,5039.756,1623.252,4338.368
01/13/2024 13:00:00,7378.353,949.685,923.875,141.079,331.495,2574.174,527.300,1501.505,2498.604,4938.071,1896.665,720.646,446.603,3898.252,4971.986,1673.477,4453.779
01/13/2024 14:00:00,7587.895,971.557,934.163,146.497,329.782,2628.543,544.006,1521.972,2568.657,5085.446,1939.543,730.661,456.550,3974.561,5012.223,1725.235,4549.997
01/13/2024 15:00:00,7607.818,962.442,937.770,150.372,333.683,2673.925,557.973,1541.297,2607.657,5130.991,1976.962,739.389,456.255,3951.834,5080.933,1755.171,4594.579
01/13/2024 16:00:00,7372.885,922.816,945.128,157.089,339.248,2685.459,568.747,1545.247,2624.642,5111.993,2030.726,741.611,450.946,3934.073,5143.878,1719.455,4625.748
01/13/2024 17:00:00,7076.641,887.354,948.940,162.414,345.780,2735.269,576.027,1574.810,2628.333,5163.543,2067.734,735.721,447.846,3901.912,5161.476,1690.901,4657.039
01/13/2024 18:00:00,6776.376,855.462,953.435,164.417,347.874,2748.766,579.087,1570.092,2616.796,5101.062,2076.429,746.244,447.905,3869.722,5207.152,1668.611,4635.180
01/13/2024 19:00:00,6451.535,820.492,942.961,165.534,348.729,2744.632,581.230,1566.664,2582.416,4968.233,2068.705,746.956,445.625,3820.770,5201.631,1623.181,4581.647
01/13/2024 20:00:00,6201.107,789.535,927.668,165.932,351.105,2752.984,572.571,1561.403,2555.631,4930.075,2047.016,739.573,438.971,3788.713,5174.195,1588.644,4525.234
01/13/2024 21:00:00,6043.971,798.357,916.775,165.493,350.487,2744.100,573.698,1563.131,2538.973,4901.899,2045.042,741.397,430.750,3754.144,5155.457,1572.819,4504.139
01/13/2024 22:00:00,6020.038,832.579,915.149,165.657,347.510,2754.154,578.506,1574.351,2520.404,4900.383,2058.846,728.294,440.078,3731.566,5115.242,1578.237,4547.941
01/13/2024 23:00:00,6178.679,872.873,926.555,170.731,356.519,2799.445,597.445,1608.161,2596.736,5013.544,2095.473,729.716,463.155,3762.441,5157.164,1641.138,4646.589
01/14/2024 00:00:00,6538.860,934.668,953.480,179.567,360.923,2941.201,633.509,1690.018,2731.838,5260.451,2196.814,733.629,486.597,3865.805,5200.849,1748.294,4830.551
01/14/2024 01:00:00,6930.249,965.151,976.326,183.464,374.796,2966.366,640.636,1728.898,2765.085,5460.414,2235.132,743.489,493.693,4017.549,5233.976,1846.684,4930.320
01/14/2024 02:00:00,7081.400,974.898,976.023,180.192,375.465,2944.621,633.111,1714.968,2737.335,5508.051,2210.798,730.123,492.476,4087.380,5215.159,1861.580,4874.483
01/14/2024 03:00:00,7207.166,1001.073,979.498,177.217,375.083,2952.282,624.476,1710.757,2713.776,5524.112,2177.457,723.854,491.012,4147.494,5178.421,1858.905,4829.739
01/14/2024 04:00:00,7269.535,1034.287,982.883,174.970,370.888,2955.405,611.117,1695.275,2660.247,5499.726,2134.174,717.938,489.094,4193.152,5115.136,1858.452,4777.560
01/14/2024 05:00:00,7252.182,1039.763,970.920,170.747,363.448,2906.375,589.908,1669.550,2583.307,5434.890,2074.954,709.116,485.101,4198.570,5018.599,1849.337,4687.176
01/14/2024 06:00:00,7202.318,1047.398,965.068,167.420,354.518,2853.633,571.347,1653.043,2541.677,5380.574,2023.097,693.367,480.638,4204.208,4942.330,1867.213,4596.577
01/14/2024 07:00:00,7188.708,1053.456,957.313,162.625,351.470,2809.645,560.515,1639.250,2547.740,5344.165,1984.399,676.254,475.606,4185.554,4891.169,1875.383,4514.882
01/14/2024 08:00:00,7279.077,1064.910,961.467,159.515,351.840,2781.489,555.482,1638.027,2549.298,5353.821,1957.244,664.962,474.873,4176.143,4861.284,1889.541,4479.620
01/14/2024 09:00:00,7371.166,1075.265,967.309,157.558,342.816,2767.457,552.591,1615.265,2546.061,5378.501,1945.700,663.496,476.685,4110.985,4832.210,1906.357,4454.788
01/14/2024 10:00:00,7455.763,1084.297,967.520,156.492,347.982,2742.779,551.082,1584.138,2543.779,5379.511,1942.826,654.823,478.007,4080.971,4820.857,1916.337,4460.872
01/14/2024 11:00:00,7541.633,1098.626,974.702,157.660,345.775,2735.613,551.372,1593.838,2543.854,5425.598,1947.440,653.671,483.604,4091.656,4820.864,1920.772,4492.202
01/14/2024 12:00:00,7664.763,1118.244,982.917,160.179,349.834,2752.138,560.029,1626.394,2556.869,5477.933,1967.180,660.045,491.472,4090.867,4836.407,1938.229,4541.266
01/14/2024 13:00:00,7841.130,1138.695,985.736,163.480,356.293,2777.742,569.242,1656.110,2567.681,5547.141,2006.700,661.202,501.401,4105.671,4853.767,1962.263,4611.645
01/14/2024 14:00:00,8026.643,1160.220,989.827,166.762,352.702,2794.677,582.107,1665.035,2603.469,5641.924,2055.678,668.084,507.881,4151.024,4888.698,2003.494,4679.245
01/14/2024 15:00:00,8213.120,1172.482,997.617,171.277,357.647,2832.715,592.969,1696.268,2634.208,5739.801,2093.966,672.808,517.797,4166.442,4906.766,2040.351,4726.393
01/14/2024 16:00:00,8333.495,1177.042,1013.683,176.481,362.530,2889.157,601.048,1736.416,2623.267,5862.729,2125.392,683.256,526.270,4150.252,4886.960,2054.030,4761.507
01/14/2024 17:00:00,8367.375,1168.002,1018.333,179.896,367.758,2924.839,600.144,1732.830,2601.763,5954.627,2128.408,688.802,534.239,4082.698,4838.049,2067.127,4776.833
01/14/2024 18:00:00,8412.270,1165.187,1026.961,182.320,371.967,2953.707,596.479,1739.012,2570.610,6019.799,2123.639,690.316,538.680,3955.217,4624.325,2056.287,4786.221
01/14/2024 19:00:00,8468.558,1166.302,1025.462,183.744,370.992,2976.313,588.029,1719.940,2504.273,6014.242,2124.961,687.168,543.425,3846.010,4666.046,2044.482,4722.192
01/14/2024 20:00:00,8428.904,1140.122,1022.986,176.639,365.130,2900.188,569.105,1677.016,2438.425,5942.797,2118.433,687.598,535.557,3791.620,4700.600,2022.720,4646.969
01/14/2024 21:00:00,8396.779,1131.174,1021.432,173.393,356.451,2836.484,564.886,1630.840,2380.904,5841.637,2081.390,688.867,534.790,3736.649,4625.783,1992.479,4606.465
01/14/2024 22:00:00,8399.536,1129.213,1016.677,173.596,358.051,2842.021,566.069,1625.395,2410.472,5740.739,2063.877,686.457,532.307,3729.555,4623.141,1970.551,4640.996
01/14/2024 23:00:00,8429.587,1136.486,1014.035,177.296,359.578,2909.771,584.676,1662.898,2435.255,5751.792,2077.546,693.737,532.283,3765.750,4659.927,1977.590,4695.804
01/15/2024 00:00:00,8625.086,1161.050,1023.804,187.256,365.730,3022.338,614.430,1750.320,2544.467,5880.001,2171.041,710.452,548.770,3883.367,4702.508,2036.221,4853.976
01/15/2024 01:00:00,8745.155,1161.074,1018.724,188.176,372.325,3053.448,622.321,1787.813,2655.941,5981.955,2206.799,720.099,551.375,4079.396,4790.395,2078.757,4948.542
01/15/2024 02:00:00,8721.376,1147.811,1007.595,185.715,376.497,3023.655,614.536,1778.648,2652.968,5939.336,2186.704,717.686,544.724,4159.515,4779.862,2064.187,4922.854
01/15/2024 03:00:00,8616.132,1127.851,1002.955,181.549,378.375,2989.498,605.683,1764.291,2611.432,5851.778,2159.441,709.404,533.410,4173.512,4735.949,2041.503,4860.044
01/15/2024 04:00:00,8478.389,1109.352,995.250,176.989,368.353,2936.959,589.813,1743.058,2577.224,5765.358,2110.926,709.107,521.256,4151.613,4671.806,2014.336,4775.798
01/15/2024 05:00:00,8328.693,1091.881,983.788,171.376,363.487,2866.219,567.989,1708.851,2564.582,5656.088,2022.855,701.497,508.018,4123.841,4592.989,1980.704,4674.534
01/15/2024 06:00:00,8203.011,1086.748,979.002,165.203,358.005,2791.510,553.085,1660.512,2499.180,5550.534,1968.651,688.605,495.824,4089.974,4515.872,1951.306,4531.596
01/15/2024 07:00:00,8105.963,1081.059,970.674,160.562,355.716,2753.352,543.693,1651.861,2480.010,5483.375,1938.270,681.769,487.698,4031.306,4461.947,1931.988,4480.881
01/15/2024 08:00:00,8065.514,1081.709,969.394,158.337,353.281,2735.490,539.805,1653.123,2496.374,5453.632,1920.501,684.132,484.339,4012.205,4469.142,1925.788,4478.056
01/15/2024 09:00:00,8074.454,1080.205,964.844,157.566,347.922,2730.740,535.216,1648.954,2489.043,5445.152,1909.668,676.434,481.276,3989.914,4470.234,1922.935,4473.761
01/15/2024 10:00:00,8115.174,1079.232,970.109,157.390,353.846,2733.100,531.638,1655.512,2463.927,5437.488,1905.922,672.553,482.076,3991.618,4473.788,1924.962,4492.038
01/15/2024 11:00:00,8196.732,1090.101,970.755,158.573,355.479,2754.365,537.647,1667.076,2503.236,5498.381,1923.141,678.388,487.686,4027.679,4504.742,1938.486,4519.753
01/15/2024 12:00:00,8342.129,1116.034,982.476,162.291,361.360,2787.884,553.959,1704.974,2513.907,5589.615,1963.356,686.431,500.367,4065.121,4581.070,1960.941,4596.081
01/15/2024 13:00:00,8552.483,1145.668,996.055,167.134,370.054,2861.314,575.952,1746.741,2590.518,5720.829,2018.209,712.760,519.718,4145.356,4711.728,2008.103,4740.080
01/15/2024 14:00:00,8748.163,1168.624,1013.089,171.339,370.303,2942.241,598.584,1789.207,2640.996,5871.691,2054.862,736.093,535.060,4229.950,4800.515,2045.835,4890.594
01/15/2024 15:00:00,8861.015,1173.401,1018.367,174.582,374.486,2982.562,605.582,1810.893,2676.293,5905.969,2070.443,744.426,539.769,4198.040,4849.542,2051.345,4962.532
01/15/2024 16:00:00,8924.282,1161.034,1020.268,176.758,377.633,3005.724,612.601,1813.655,2684.979,5875.200,2089.889,759.549,538.712,4113.626,4845.535,2014.595,5022.609
01/15/2024 17:00:00,8954.174,1149.399,1017.347,176.859,379.820,3018.332,625.605,1787.490,2776.012,5852.026,2111.974,769.789,544.496,4012.343,4861.028,1961.249,5069.526
01/15/2024 18:00:00,8897.061,1123.765,1019.113,178.399,378.457,3020.621,631.230,1771.764,2799.853,5781.877,2136.451,787.282,552.108,3895.429,4848.433,1909.231,5119.354
01/15/2024 19:00:00,8785.879,1104.347,1011.345,181.004,381.728,3057.261,623.853,1775.302,2724.579,5684.977,2143.985,807.634,549.475,3786.882,4785.171,1852.847,5124.939
01/15/2024 20:00:00,8691.516,1079.821,1009.032,182.046,373.584,3078.159,615.193,1761.918,2708.092,5626.578,2132.750,796.003,537.133,3714.393,4736.467,1802.455,5116.573
01/15/2024 21:00:00,8605.226,1053.547,1002.602,182.083,373.043,3060.711,612.736,1767.567,2649.888,5575.072,2125.444,802.371,533.710,3653.726,4714.625,1771.728,5097.232
01/15/2024 22:00:00,8569.003,1061.561,987.732,184.070,371.624,3047.154,611.949,1767.524,2637.508,5555.377,2124.210,797.202,529.650,3690.761,4719.831,1775.299,5091.885
01/15/2024 23:00:00,8625.039,1076.293,992.481,186.245,376.245,3040.132,622.278,1748.149,2687.621,5618.092,2157.807,786.029,533.419,3811.907,4770.600,1823.128,5108.392
01/16/2024 00:00:00,8870.827,1108.149,1003.720,192.060,385.054,3095.591,640.643,1795.226,2736.398,5869.304,2230.599,784.326,547.341,3969.808,4872.723,1932.935,5211.672
01/16/2024 01:00:00,9024.594,1121.117,1018.730,192.517,385.090,3087.075,643.808,1800.861,2804.118,6054.622,2252.602,791.996,552.193,4180.220,4921.507,2003.132,5249.395
01/16/2024 02:00:00,9006.784,1127.841,1009.697,188.406,381.850,3040.049,633.796,1797.250,2807.189,6047.902,2232.884,779.553,543.628,4271.451,4894.126,2000.848,5173.382
01/16/2024 03:00:00,8924.384,1123.385,1006.089,183.474,384.518,2990.650,619.870,1780.496,2775.108,6007.767,2200.695,756.868,533.436,4311.421,4861.591,2001.157,5075.439
01/16/2024 04:00:00,8782.450,1116.255,999.101,177.122,379.141,2903.413,598.719,1736.549,2741.530,5930.676,2146.741,744.470,524.639,4305.018,4788.041,1983.520,4967.770
01/16/2024 05:00:00,8622.896,1095.149,986.261,168.063,368.808,2801.724,571.816,1681.968,2665.550,5736.144,2063.250,727.134,511.263,4243.697,4715.287,1948.441,4813.600
01/16/2024 06:00:00,8531.480,1085.706,983.857,161.657,360.856,2725.342,552.516,1624.295,2638.624,5625.156,2003.469,717.674,500.977,4166.482,4622.574,1928.650,4698.921
01/16/2024 07:00:00,8466.198,1081.864,972.423,157.363,357.000,2678.774,541.986,1626.528,2584.486,5558.139,1961.640,703.634,492.182,4091.863,4564.596,1920.512,4631.276
01/16/2024 08:00:00,8492.996,1080.581,968.427,154.649,351.545,2660.363,539.210,1620.198,2581.767,5527.040,1936.130,702.332,487.139,4074.104,4511.705,1922.239,4585.698
01/16/2024 09:00:00,8542.368,1089.351,969.937,154.044,348.812,2653.719,538.633,1620.620,2558.948,5502.406,1933.094,702.873,486.140,4075.729,4490.430,1932.064,4589.770
01/16/2024 10:00:00,8572.146,1101.409,972.430,154.040,353.205,2663.773,539.506,1643.122,2567.356,5548.712,1936.636,709.364,486.950,4067.448,4485.817,1953.761,4623.301
01/16/2024 11:00:00,8661.611,1126.171,979.832,155.770,358.040,2700.696,547.170,1665.816,2586.644,5599.610,1955.223,714.780,494.961,4081.925,4506.677,1950.313,4689.943
01/16/2024 12:00:00,8831.673,1164.749,995.683,160.801,363.411,2772.403,573.085,1712.320,2670.557,5737.541,2001.441,725.490,512.823,4128.371,4572.547,1984.104,4829.160
01/16/2024 13:00:00,9120.015,1211.464,1019.484,166.495,378.991,2890.495,603.440,1787.694,2812.147,5948.236,2093.148,758.752,539.635,4232.295,4655.740,2044.050,5008.834
01/16/2024 14:00:00,9381.402,1238.465,1037.640,170.944,387.790,2997.795,626.645,1837.975,2889.334,6092.489,2142.601,778.345,561.925,4322.010,4761.018,2073.676,5143.413
01/16/2024 15:00:00,9468.273,1227.655,1040.105,171.608,389.789,3010.189,627.029,1839.237,2860.792,6109.941,2137.773,789.447,564.413,4291.614,4799.998,2041.793,5130.107
01/16/2024 16:00:00,9315.817,1183.818,1034.758,170.049,385.846,2963.892,610.565,1791.511,2747.314,6014.408,2108.644,782.218,561.292,4161.080,4716.458,1956.017,5042.265
01/16/2024 17:00:00,9078.616,1138.767,1026.090,168.849,386.092,2915.602,598.643,1749.825,2720.148,5889.137,2084.407,768.782,556.976,4039.794,4626.244,1847.699,4963.401
01/16/2024 18:00:00,8792.541,1095.223,1022.574,166.588,380.974,2866.060,588.570,1713.626,2625.060,5730.432,2089.874,766.707,557.422,3930.971,4554.498,1771.485,4866.215
01/16/2024 19:00:00,8496.912,1054.765,1010.976,163.906,382.765,2813.241,575.913,1670.365,2586.738,5554.847,2076.114,754.293,548.947,3844.495,4509.102,1715.323,4776.121
01/16/2024 20:00:00,8198.224,1019.078,995.502,160.973,376.832,2759.777,564.352,1625.063,2500.248,5413.004,2047.620,749.433,530.173,3744.955,4458.655,1639.889,4689.521
01/16/2024 21:00:00,7946.779,984.234,977.406,158.553,369.923,2702.287,553.304,1592.177,2464.395,5255.690,2014.467,740.006,516.243,3676.243,4413.401,1587.049,4625.963
01/16/2024 22:00:00,7765.783,973.011,964.524,158.024,362.262,2669.443,551.218,1577.398,2438.905,5164.978,1996.675,720.042,509.690,3614.713,4426.365,1560.686,4567.370
01/16/2024 23:00:00,7816.636,990.379,962.637,163.185,363.745,2686.128,565.245,1592.095,2439.783,5190.797,2020.884,711.756,508.174,3647.298,4447.764,1587.062,4595.302
01/17/2024 00:00:00,8217.788,1053.524,976.158,173.057,375.503,2825.736,597.260,1688.447,2582.281,5411.363,2113.979,728.258,528.659,3739.409,4569.468,1687.386,4813.862
01/17/2024 01:00:00,8610.432,1097.822,996.470,178.148,386.488,2919.972,616.094,1727.659,2674.505,5710.400,2166.762,754.679,539.798,3911.480,4646.334,1809.211,5000.048
01/17/2024 02:00:00,8698.015,1108.408,999.282,175.895,385.713,2903.911,609.574,1728.025,2653.145,5796.010,2147.435,756.618,537.782,3986.054,4661.873,1857.114,4987.227
01/17/2024 03:00:00,8692.771,1111.382,998.299,171.646,383.791,2865.133,599.829,1704.532,2586.480,5799.306,2122.439,760.588,533.056,3991.265,4636.434,1869.197,4947.010
01/17/2024 04:00:00,8610.432,1097.244,997.976,165.020,371.513,2792.646,579.497,1672.733,2548.484,5742.075,2067.950,748.564,519.314,3980.035,4566.775,1858.779,4839.681
01/17/2024 05:00:00,8475.266,1070.793,991.530,156.377,360.824,2686.169,550.369,1615.716,2447.716,5563.721,1983.753,727.414,502.389,3924.391,4448.050,1829.655,4667.490
01/17/2024 06:00:00,8365.490,1051.633,978.665,149.256,352.172,2594.220,526.150,1570.083,2377.776,5435.105,1916.735,697.855,496.259,3862.181,4331.800,1808.123,4521.740
01/17/2024 07:00:00,8312.724,1039.040,963.443,144.587,344.941,2537.873,508.649,1540.761,2330.424,5374.995,1867.503,695.311,488.884,3821.837,4255.145,1807.953,4425.936
01/17/2024 08:00:00,8300.927,1033.782,951.433,141.549,340.608,2504.491,499.971,1526.331,2295.529,5327.272,1834.132,685.301,482.368,3812.797,4211.049,1796.094,4362.088
01/17/2024 09:00:00,8318.419,1030.884,953.216,139.913,328.926,2478.659,493.910,1512.902,2271.093,5322.255,1816.997,682.209,480.315,3823.822,4165.136,1813.876,4339.343
01/17/2024 10:00:00,8347.204,1027.955,956.740,138.594,332.327,2470.589,493.876,1508.013,2218.773,5352.067,1810.086,682.039,478.496,3823.414,4087.133,1822.417,4332.078
01/17/2024 11:00:00,8445.746,1035.773,956.422,139.719,331.791,2491.868,497.487,1512.534,2255.602,5414.652,1821.975,684.139,485.156,3852.711,4095.185,1843.876,4388.003
01/17/2024 12:00:00,8655.453,1061.259,972.806,144.631,344.110,2565.508,522.670,1536.171,2304.856,5539.798,1864.305,681.283,498.338,3914.458,4170.114,1879.715,4530.902
01/17/2024 13:00:00,8947.182,1098.470,994.630,151.629,346.120,2702.639,558.813,1600.756,2445.375,5749.932,1955.494,714.854,523.553,4013.980,4323.219,1939.107,4762.763
01/17/2024 14:00:00,9192.084,1113.629,1009.183,155.727,357.381,2796.244,582.072,1617.014,2573.099,5901.545,2015.520,748.298,540.222,4107.081,4452.077,1955.709,4895.260
01/17/2024 15:00:00,8955.996,1069.890,1007.807,153.254,357.193,2753.373,577.263,1572.413,2482.600,5786.259,2007.937,748.032,536.604,4047.591,4475.322,1879.617,4834.784
01/17/2024 16:00:00,8541.951,1007.818,1000.896,148.666,350.268,2655.653,558.202,1493.520,2438.207,5602.561,1965.302,732.361,520.383,3885.543,4457.739,1780.554,4715.373
01/17/2024 17:00:00,8134.844,950.929,998.261,143.778,346.520,2599.918,538.904,1430.037,2331.553,5445.277,1918.414,715.529,504.357,3756.570,4403.222,1688.363,4596.652
01/17/2024 18:00:00,7753.481,889.707,983.674,139.198,337.888,2524.612,522.326,1394.349,2273.043,5236.416,1877.409,711.749,484.511,3646.568,4355.632,1593.692,4431.879
01/17/2024 19:00:00,7400.107,832.821,965.081,132.216,331.502,2460.522,508.755,1328.416,2296.309,5021.709,1844.100,695.845,469.201,3552.489,4318.847,1507.328,4307.759
01/17/2024 20:00:00,7074.514,788.776,955.804,127.851,322.744,2388.970,503.069,1289.019,2262.882,4892.221,1834.154,694.627,455.371,3487.291,4315.681,1455.565,4214.364
01/17/2024 21:00:00,6817.041,756.850,940.753,125.125,321.969,2329.559,507.040,1259.162,2304.430,4755.821,1858.985,691.255,442.012,3453.567,4332.976,1427.317,4135.080
01/17/2024 22:00:00,6714.919,745.677,924.352,130.041,320.872,2328.734,516.056,1278.833,2339.932,4657.804,1883.961,686.605,436.451,3426.016,4394.707,1414.367,4100.290
01/17/2024 23:00:00,6755.536,760.771,921.400,136.854,323.749,2375.546,526.558,1307.731,2379.713,4697.568,1908.948,704.958,440.545,3461.169,4468.547,1453.879,4163.945
01/18/2024 00:00:00,7054.998,805.800,934.224,145.098,329.710,2481.376,544.153,1367.977,2449.784,4877.655,1958.990,715.697,461.075,3513.521,4583.211,1538.803,4332.456
01/18/2024 01:00:00,7384.173,841.021,945.599,148.119,334.808,2505.497,543.768,1382.966,2470.495,5048.463,1972.541,730.309,472.470,3625.336,4616.498,1608.242,4421.296
01/18/2024 02:00:00,7408.680,849.122,941.382,146.210,332.959,2464.003,532.749,1358.806,2454.620,5047.527,1947.694,720.043,472.107,3652.221,4618.178,1620.051,4365.694
01/18/2024 03:00:00,7366.819,835.742,941.076,141.911,329.450,2420.343,518.499,1361.468,2461.859,5033.178,1911.926,701.185,463.357,3652.173,4626.404,1607.746,4309.998
01/18/2024 04:00:00,7203.273,821.207,932.489,134.897,319.713,2333.231,499.152,1304.147,2400.183,4954.432,1855.481,695.650,447.884,3644.149,4577.029,1586.361,4196.945
01/18/2024 05:00:00,6911.650,791.098,917.774,126.828,306.864,2220.181,470.877,1264.954,2327.070,4762.989,1778.072,685.787,428.481,3582.755,4507.228,1533.622,4013.847
01/18/2024 06:00:00,6648.641,765.486,903.555,119.531,299.329,2113.303,448.927,1211.918,2262.041,4606.229,1706.869,677.289,412.092,3510.363,4402.691,1498.461,3857.057
01/18/2024 07:00:00,6462.732,749.023,885.567,114.827,292.270,2060.076,435.368,1180.260,2212.300,4504.002,1667.594,664.859,400.414,3450.958,4361.014,1478.253,3766.351
01/18/2024 08:00:00,6353.885,744.348,875.484,111.843,287.433,2028.460,428.844,1155.899,2213.683,4444.719,1650.178,645.444,395.235,3434.127,4377.834,1463.751,3688.553
01/18/2024 09:00:00,6297.371,741.764,874.526,110.453,283.550,2008.533,429.020,1152.731,2219.985,4416.242,1641.838,644.175,392.310,3417.241,4372.188,1446.361,3654.985
01/18/2024 10:00:00,6274.279,746.766,876.357,110.545,280.411,2009.295,436.595,1167.353,2219.095,4415.170,1654.160,646.600,394.122,3440.249,4383.434,1449.352,3658.284
01/18/2024 11:00:00,6359.779,765.477,886.281,112.334,288.406,2041.891,448.752,1163.494,2227.800,4472.328,1675.535,662.598,399.099,3492.707,4434.861,1466.597,3730.065
01/18/2024 12:00:00,6557.227,791.598,910.762,118.671,297.419,2144.176,476.244,1226.905,2316.912,4644.353,1733.846,676.882,418.645,3582.029,4557.390,1514.986,3885.069
01/18/2024 13:00:00,6915.602,837.706,930.790,127.440,316.472,2306.996,518.124,1316.848,2433.098,4901.111,1839.479,713.197,448.206,3709.861,4728.778,1590.008,4169.494
01/18/2024 14:00:00,7059.566,862.948,950.174,132.797,326.448,2427.083,547.598,1393.686,2533.393,5179.705,1923.742,734.365,468.455,3816.018,4912.714,1620.985,4361.861
01/18/2024 15:00:00,6984.191,850.716,947.058,132.161,325.264,2387.739,549.600,1376.473,2551.006,5168.346,1916.869,740.887,464.488,3754.905,4926.883,1580.227,4337.968
01/18/2024 16:00:00,6768.823,796.144,936.446,124.966,320.016,2294.261,546.136,1316.741,2523.122,4993.401,1926.212,746.693,453.303,3670.371,4900.527,1493.736,4228.142
01/18/2024 17:00:00,6522.290,741.042,925.073,119.944,313.023,2222.529,540.714,1272.813,2485.023,4841.787,1923.765,734.127,442.611,3654.869,4902.509,1425.031,4171.004
01/18/2024 18:00:00,6242.467,695.992,908.707,120.201,305.426,2155.088,528.932,1228.124,2439.249,4679.848,1905.483,726.474,428.084,3556.688,4911.972,1352.416,4089.325
01/18/2024 19:00:00,5976.224,672.499,895.986,123.514,309.731,2158.228,527.476,1232.667,2456.341,4530.006,1898.097,716.031,416.577,3435.902,4921.676,1276.733,3989.470
01/18/2024 20:00:00,5744.107,674.761,890.706,124.320,310.291,2136.603,528.475,1227.603,2437.474,4419.088,1914.600,718.998,417.966,3376.325,4945.254,1218.632,3934.272
01/18/2024 21:00:00,5531.294,677.253,876.663,122.403,310.733,2106.113,527.644,1225.418,2442.780,4180.769,1913.928,721.368,415.368,3338.698,4974.985,1170.497,3920.726
01/18/2024 22:00:00,5387.909,671.936,860.856,126.523,310.385,2115.842,538.892,1231.937,2475.988,4081.917,1928.377,748.191,414.962,3320.491,4998.412,1156.554,3950.083
01/18/2024 23:00:00,5431.244,685.182,862.345,132.441,313.897,2183.377,548.050,1257.201,2527.520,4141.566,1958.918,729.227,412.490,3335.130,5042.185,1181.720,4033.817
01/19/2024 00:00:00,5674.890,737.606,871.279,140.042,326.131,2304.174,573.506,1324.966,2597.461,4293.270,2030.893,725.404,429.615,3405.502,5140.664,1268.887,4189.961
01/19/2024 01:00:00,6033.305,779.575,890.331,144.566,340.741,2367.152,589.196,1345.939,2668.455,4557.144,2079.882,758.013,440.940,3523.403,5197.621,1384.479,4360.949
01/19/2024 02:00:00,6196.728,791.456,895.970,144.276,329.126,2366.027,587.761,1376.236,2667.324,4654.725,2068.875,755.078,440.325,3590.854,5176.150,1439.439,4392.281
01/19/2024 03:00:00,6265.267,790.117,901.796,143.417,333.650,2379.321,578.850,1387.288,2380.259,4691.451,2055.949,756.896,435.529,3596.970,5152.780,1455.519,4387.665
01/19/2024 04:00:00,6221.827,772.984,898.568,139.844,334.956,2370.129,556.918,1393.136,2582.405,4729.502,1998.862,741.713,422.442,3676.896,5075.331,1474.258,4341.091
01/19/2024 05:00:00,6135.381,762.799,895.866,136.997,334.198,2345.025,535.547,1375.295,2551.190,4701.857,1935.163,728.116,409.695,3685.833,5003.025,1484.634,4277.495
01/19/2024 06:00:00,6040.750,754.911,889.865,134.263,329.455,2324.141,517.133,1364.076,2469.455,4642.566,1880.830,711.036,400.392,3685.653,4926.370,1487.477,4192.830
01/19/2024 07:00:00,6027.526,769.607,886.904,132.148,327.673,2318.579,504.225,1363.808,2461.889,4610.084,1846.002,697.292,397.631,3676.903,4796.438,1519.292,4173.018
01/19/2024 08:00:00,6091.083,783.406,891.894,130.623,325.034,2336.180,501.549,1401.698,2442.508,4653.171,1834.177,687.547,399.965,3693.068,4671.657,1549.966,4164.119
01/19/2024 09:00:00,6197.467,814.669,901.407,131.393,326.001,2361.833,502.110,1430.897,2442.800,4707.224,1840.911,676.135,405.035,3719.265,4649.567,1584.405,4167.178
01/19/2024 10:00:00,6345.358,851.254,914.855,134.293,327.244,2409.508,506.441,1446.196,2464.536,4776.856,1845.562,673.169,415.704,3757.235,4637.069,1622.524,4186.552
01/19/2024 11:00:00,6586.165,896.443,929.531,137.625,330.718,2464.947,518.158,1482.431,2466.374,4941.532,1868.772,676.914,432.025,3782.985,4659.592,1664.966,4271.020
01/19/2024 12:00:00,6972.477,963.397,948.987,143.614,343.635,2586.168,545.864,1543.852,2560.083,5162.699,1929.508,676.291,460.701,3872.925,4747.154,1730.077,4439.284
01/19/2024 13:00:00,7545.218,1043.807,983.452,152.547,362.427,2752.549,581.730,1623.840,2667.052,5464.001,2029.283,702.717,496.513,3988.836,4895.531,1831.188,4693.561
01/19/2024 14:00:00,7870.733,1091.108,1010.008,158.168,376.138,2876.628,608.612,1681.605,2755.116,5681.383,2116.687,730.982,520.153,4089.499,5018.738,1888.873,4872.509
01/19/2024 15:00:00,7878.357,1081.554,1020.953,159.442,381.594,2873.195,613.262,1677.413,2697.685,5673.760,2131.584,740.846,529.216,4129.309,5024.056,1886.197,4884.649
01/19/2024 16:00:00,7722.280,1042.508,1016.039,155.891,369.372,2824.959,598.971,1648.836,2591.707,5626.059,2115.854,743.560,523.596,4038.271,4953.616,1850.495,4834.985
01/19/2024 17:00:00,7477.116,995.741,1004.419,152.257,371.376,2787.791,586.758,1601.836,2534.523,5508.548,2097.161,746.402,513.927,3967.939,4900.387,1791.992,4780.182
01/19/2024 18:00:00,7229.809,952.662,990.768,147.369,365.682,2731.030,580.044,1574.410,2543.095,5362.091,2083.037,740.641,506.125,3898.875,4848.087,1734.269,4712.998
01/19/2024 19:00:00,6980.555,919.034,956.704,145.186,361.261,2682.537,570.245,1538.514,2521.477,5252.930,2068.268,726.799,494.087,3804.691,4782.235,1659.797,4620.524
01/19/2024 20:00:00,6796.706,893.049,945.254,143.253,356.269,2635.033,562.424,1513.906,2452.735,5104.635,2054.485,721.755,488.218,3737.547,4701.220,1606.180,4538.292
01/19/2024 21:00:00,6661.621,875.895,937.608,144.270,355.724,2600.697,554.293,1478.901,2424.466,5032.047,2028.096,710.407,480.839,3674.013,4660.171,1576.003,4468.815
01/19/2024 22:00:00,6630.387,870.817,927.134,146.860,351.064,2557.248,550.290,1478.846,2367.378,4951.595,2006.267,692.819,475.816,3632.640,4654.701,1565.790,4412.363
01/19/2024 23:00:00,6802.251,916.599,927.173,155.933,352.345,2603.443,563.833,1501.700,2405.108,4987.221,2032.060,694.292,484.347,3650.517,4689.959,1594.921,4450.346
01/20/2024 00:00:00,7184.969,988.863,937.946,168.108,361.729,2741.219,587.944,1562.883,2513.705,5190.181,2111.905,701.098,510.039,3750.269,4827.265,1678.976,4602.966
01/20/2024 01:00:00,7560.980,1019.351,946.053,172.434,369.273,2810.945,597.727,1608.712,2600.544,5344.589,2149.759,717.109,520.014,3926.664,4918.060,1754.357,4732.222
01/20/2024 02:00:00,7678.892,1029.064,942.709,169.965,369.932,2796.483,589.264,1616.441,2620.778,5353.580,2137.094,716.773,518.112,3993.215,4910.929,1766.660,4715.476
01/20/2024 03:00:00,7736.255,1035.501,940.658,168.030,363.921,2779.972,581.047,1610.304,2601.810,5332.672,2119.812,711.756,513.935,4013.687,4903.036,1762.299,4691.623
01/20/2024 04:00:00,7695.146,1031.589,942.631,164.185,355.293,2741.525,566.756,1583.552,2584.528,5267.044,2073.491,705.436,504.772,4001.294,4860.097,1753.639,4632.804
01/20/2024 05:00:00,7598.793,1012.150,933.569,158.258,346.284,2686.526,546.990,1561.188,2546.285,5189.037,2010.104,692.231,492.765,3978.273,4826.345,1735.787,4514.123
01/20/2024 06:00:00,7532.976,998.870,921.443,153.034,338.785,2635.926,530.389,1539.441,2526.127,5127.330,1953.400,680.730,482.362,3953.925,4783.049,1728.151,4402.056
01/20/2024 07:00:00,7489.417,993.022,916.061,149.450,335.103,2605.057,519.362,1528.000,2504.888,5060.462,1912.220,667.122,472.694,3924.024,4861.443,1723.732,4325.566
01/20/2024 08:00:00,7497.716,998.579,911.281,147.194,329.739,2584.052,517.699,1519.136,2518.979,5063.007,1899.445,663.507,466.547,3908.969,4909.681,1729.301,4284.887
01/20/2024 09:00:00,7536.537,1005.995,916.035,145.919,326.986,2581.177,519.595,1509.471,2529.875,5043.842,1895.713,664.930,466.539,3907.912,4883.133,1740.674,4281.559
01/20/2024 10:00:00,7611.582,1017.064,922.196,146.006,327.619,2592.856,524.054,1506.126,2555.412,5047.268,1898.004,668.283,469.262,3922.107,4880.378,1755.458,4283.546
01/20/2024 11:00:00,7717.620,1033.820,927.236,146.814,330.138,2618.705,529.995,1549.285,2575.856,5097.459,1912.009,681.703,473.247,3937.411,4852.776,1774.224,4338.135
01/20/2024 12:00:00,7909.981,1060.725,935.299,150.129,336.297,2664.753,544.172,1582.830,2658.235,5213.768,1942.256,700.920,482.879,3967.457,4894.235,1805.475,4429.483
01/20/2024 13:00:00,8150.300,1091.934,947.239,154.105,343.241,2735.184,563.415,1621.725,2709.191,5324.830,1987.713,728.412,494.642,4015.907,4956.847,1843.888,4565.474
01/20/2024 14:00:00,8345.839,1113.501,955.336,158.311,346.427,2805.286,583.758,1662.329,2783.651,5458.632,2037.973,752.808,502.822,4059.502,5063.874,1907.743,4681.676
01/20/2024 15:00:00,8335.280,1104.350,955.405,160.068,347.276,2813.622,590.326,1661.662,2796.927,5477.365,2051.871,758.144,503.215,4066.477,5119.520,1909.814,4683.603
01/20/2024 16:00:00,8137.201,1051.918,955.390,156.444,346.475,2755.883,579.706,1627.340,2697.677,5412.601,2020.922,765.359,499.290,4023.374,5078.749,1849.186,4645.501
01/20/2024 17:00:00,7834.110,990.011,950.839,153.133,343.972,2690.153,566.465,1574.030,2614.632,5278.096,1993.468,762.612,490.502,3986.811,5018.323,1769.101,4560.894
01/20/2024 18:00:00,7489.494,930.790,933.340,149.224,337.870,2601.939,553.452,1518.391,2535.139,5131.374,1963.777,756.145,478.709,3945.200,4948.321,1685.774,4453.208
01/20/2024 19:00:00,7145.541,878.125,924.317,146.181,332.028,2540.772,538.437,1463.742,2478.349,4954.902,1925.306,754.358,464.921,3863.199,4872.096,1605.147,4346.695
01/20/2024 20:00:00,6817.291,834.662,907.498,143.192,325.798,2474.419,526.082,1420.058,2422.525,4791.912,1898.002,762.433,451.487,3823.156,4824.596,1534.119,4240.840
01/20/2024 21:00:00,6578.248,799.787,896.257,142.592,319.523,2423.646,518.899,1384.030,2369.289,4687.204,1884.503,760.684,441.105,3752.925,4761.610,1486.466,4175.762
01/20/2024 22:00:00,6495.594,790.176,883.223,144.914,317.779,2420.911,520.301,1381.900,2445.417,4641.727,1880.409,759.421,437.078,3727.954,4783.758,1475.979,4183.788
01/20/2024 23:00:00,6622.723,816.817,883.407,154.770,323.498,2496.194,537.919,1430.361,2504.007,4709.815,1924.732,765.807,442.303,3743.912,4867.065,1510.217,4279.712
01/21/2024 00:00:00,7018.361,887.228,901.629,166.372,335.572,2636.483,570.348,1535.080,2606.193,4919.778,2017.948,778.729,469.317,3843.536,5022.542,1602.246,4497.111
01/21/2024 01:00:00,7362.086,932.104,916.023,170.612,347.111,2729.790,582.078,1594.250,2664.886,5139.812,2064.773,782.861,483.480,3966.821,5097.343,1678.614,4660.999
01/21/2024 02:00:00,7466.859,949.831,916.077,169.941,346.695,2723.110,576.146,1605.629,2626.870,5148.456,2054.630,757.812,480.913,4011.420,5071.017,1692.944,4649.070
01/21/2024 03:00:00,7505.097,955.330,917.926,166.328,345.224,2707.506,569.687,1610.259,2604.282,5176.436,2032.445,737.956,475.475,4045.513,5045.495,1691.547,4617.787
01/21/2024 04:00:00,7461.252,949.220,914.023,161.637,340.690,2668.450,555.941,1593.311,2554.379,5139.644,1997.347,723.700,468.932,4037.595,4976.172,1682.261,4560.141
01/21/2024 05:00:00,7365.706,930.281,904.843,155.023,333.477,2600.318,533.580,1555.227,2485.858,5077.198,1927.705,719.019,458.327,3997.304,4877.721,1665.183,4451.817
01/21/2024 06:00:00,7255.868,917.350,895.501,149.093,327.356,2530.285,513.645,1508.238,2451.055,4993.535,1882.797,704.475,448.947,3937.556,4801.744,1643.367,4355.481
01/21/2024 07:00:00,7176.721,907.010,890.074,144.838,322.335,2486.972,502.149,1490.944,2421.734,4917.531,1846.140,695.262,441.346,3914.146,4726.074,1633.852,4286.895
01/21/2024 08:00:00,7164.275,903.972,891.510,143.006,315.234,2467.558,495.850,1481.741,2406.586,4871.323,1824.515,688.005,437.250,3883.652,4690.921,1631.659,4247.948
01/21/2024 09:00:00,7179.405,903.284,895.820,141.134,310.283,2447.444,489.595,1485.461,2384.034,4839.243,1808.619,679.816,435.208,3868.813,4675.777,1628.287,4227.348
01/21/2024 10:00:00,7200.363,906.199,896.662,140.207,308.377,2437.259,486.506,1475.455,2365.831,4836.850,1804.005,675.842,437.059,3870.075,4644.864,1631.759,4214.797
01/21/2024 11:00:00,7272.420,915.649,897.981,139.906,307.713,2436.011,485.149,1485.622,2373.647,4848.839,1806.172,674.852,441.088,3884.203,4651.557,1634.685,4218.133
01/21/2024 12:00:00,7388.514,932.665,901.087,140.500,309.174,2455.367,489.082,1494.931,2345.596,4906.776,1816.296,678.976,447.843,3902.928,4660.632,1650.532,4250.225
01/21/2024 13:00:00,7543.957,961.029,911.440,142.938,310.283,2482.536,498.359,1507.501,2355.570,4944.076,1845.498,684.458,460.670,3930.311,4701.111,1679.516,4321.829
01/21/2024 14:00:00,7736.202,984.017,919.207,144.958,307.829,2498.389,507.034,1526.543,2386.795,5042.717,1869.374,694.598,471.892,3974.480,4752.343,1721.594,4394.472
01/21/2024 15:00:00,7894.376,987.147,917.402,146.583,308.069,2514.026,509.233,1535.753,2387.263,5131.582,1887.596,693.398,476.649,3978.456,4777.200,1767.855,4427.171
01/21/2024 16:00:00,7930.124,939.082,931.026,144.119,309.098,2514.542,502.848,1507.231,2357.225,5199.725,1880.953,695.217,468.678,3994.458,4781.121,1782.088,4401.896
01/21/2024 17:00:00,7826.990,874.112,933.118,140.828,306.897,2455.485,491.767,1440.486,2265.443,5205.720,1861.626,693.158,458.795,3989.040,4748.568,1770.592,4322.713
01/21/2024 18:00:00,7704.000,839.782,928.546,136.861,302.267,2397.845,486.791,1388.789,2185.912,5216.846,1844.074,691.083,450.401,3919.347,4692.228,1750.034,4259.187
01/21/2024 19:00:00,7595.980,827.970,929.049,133.496,301.622,2367.493,478.047,1330.136,2161.819,5200.179,1819.299,689.586,440.800,3903.118,4632.199,1735.724,4223.706
01/21/2024 20:00:00,7468.817,828.048,934.034,139.787,300.515,2366.399,467.907,1322.098,2085.836,5214.890,1787.035,685.866,441.855,3871.220,4553.432,1720.055,4166.445
01/21/2024 21:00:00,7324.693,831.914,930.638,141.845,299.134,2364.936,461.985,1319.825,2033.459,5179.257,1771.825,682.992,451.664,3813.176,4512.707,1700.961,4126.840
01/21/2024 22:00:00,7284.699,832.597,928.828,143.508,299.116,2377.733,467.514,1322.479,2041.053,5181.169,1781.984,679.945,457.867,3769.264,4504.845,1700.499,4166.647
01/21/2024 23:00:00,7320.525,845.279,929.480,145.867,300.292,2405.988,484.800,1334.894,2101.749,5195.627,1826.387,676.943,463.941,3776.508,4567.638,1713.992,4240.968
01/22/2024 00:00:00,7477.954,866.091,938.762,149.958,309.111,2469.878,509.303,1383.989,2187.056,5296.383,1897.131,683.470,478.268,3830.021,4710.707,1740.702,4368.096
01/22/2024 01:00:00,7553.119,858.269,944.843,146.603,310.030,2432.337,515.983,1361.307,2231.200,5344.338,1915.698,689.101,474.077,3912.545,4785.445,1755.697,4393.740
01/22/2024 02:00:00,7503.800,849.717,931.104,143.987,309.051,2392.971,508.364,1336.446,2262.961,5261.800,1898.083,687.472,466.260,3940.827,4765.672,1736.230,4355.117
01/22/2024 03:00:00,7360.871,831.809,926.037,138.556,309.850,2323.233,492.849,1310.161,2231.111,5194.961,1855.801,679.380,453.374,3931.534,4715.626,1703.202,4257.994
01/22/2024 04:00:00,7114.334,813.708,913.057,135.349,309.626,2287.833,473.508,1312.686,2181.328,5088.923,1802.574,675.167,442.895,3908.791,4656.891,1668.049,4186.297
01/22/2024 05:00:00,6765.410,772.756,898.608,126.998,297.332,2189.648,443.271,1248.474,2083.174,4918.784,1713.744,659.674,423.025,3841.604,4565.367,1614.577,4002.757
01/22/2024 06:00:00,6520.364,744.913,882.894,121.002,287.836,2116.997,421.298,1200.458,2023.115,4782.855,1644.498,642.714,407.575,3787.812,4457.867,1573.055,3868.713
01/22/2024 07:00:00,6373.624,732.131,873.225,116.041,284.431,2069.284,406.105,1171.889,1991.633,4674.104,1600.641,636.093,395.295,3739.145,4371.711,1551.002,3780.870
01/22/2024 08:00:00,6268.587,723.527,868.854,114.626,281.309,2042.330,398.807,1150.072,1978.909,4603.641,1580.508,630.478,388.005,3708.180,4336.590,1538.657,3725.974
01/22/2024 09:00:00,6238.050,724.517,867.501,113.157,283.646,2029.989,396.609,1151.106,1968.574,4582.966,1573.772,619.638,384.107,3691.674,4333.797,1528.521,3706.535
01/22/2024 10:00:00,6238.969,727.418,867.265,112.582,281.926,2026.891,397.847,1151.972,1977.948,4608.761,1572.510,621.344,386.423,3696.387,4309.641,1528.604,3698.826
01/22/2024 11:00:00,6322.801,743.256,873.309,114.221,285.645,2043.129,403.952,1172.934,1986.861,4672.512,1595.884,629.754,390.833,3694.901,4335.273,1533.967,3750.321
01/22/2024 12:00:00,6466.142,765.130,878.604,117.134,296.408,2109.679,425.726,1210.779,2072.354,4720.885,1650.538,645.927,400.567,3728.264,4452.555,1548.071,3868.364
01/22/2024 13:00:00,6770.718,790.410,898.312,121.569,302.192,2215.494,465.492,1273.713,2217.064,4785.365,1752.515,673.755,416.684,3844.289,4603.938,1577.567,4088.052
01/22/2024 14:00:00,6920.913,807.769,903.747,125.395,314.361,2296.068,499.812,1302.913,2334.878,4895.706,1830.334,687.300,426.964,3930.042,4799.394,1609.669,4240.213
01/22/2024 15:00:00,6894.829,818.846,905.001,128.214,322.201,2317.251,502.043,1293.038,2315.273,4946.841,1830.230,696.641,427.360,3909.116,4752.061,1634.733,4274.326
01/22/2024 16:00:00,6936.319,827.722,904.830,133.475,319.723,2330.017,500.459,1301.733,2254.618,5012.840,1825.731,691.596,434.834,3816.826,4740.177,1648.716,4279.871
01/22/2024 17:00:00,6935.480,834.360,921.858,136.018,323.204,2347.399,497.206,1298.512,2226.324,5071.382,1827.033,691.414,442.046,3735.577,4661.289,1644.353,4280.775
01/22/2024 18:00:00,6898.389,834.279,925.262,136.979,325.426,2352.960,489.212,1295.367,2172.064,5087.972,1824.182,691.163,445.589,3643.453,4641.432,1647.530,4267.041
01/22/2024 19:00:00,6840.073,829.362,929.200,137.061,327.720,2338.297,485.853,1303.015,2148.889,5027.633,1807.861,674.148,443.989,3560.995,4599.752,1635.338,4230.370
01/22/2024 20:00:00,6749.539,814.043,923.629,136.105,318.865,2306.366,483.344,1299.715,2114.000,5017.354,1800.087,663.635,442.146,3484.541,4567.299,1615.569,4173.909
01/22/2024 21:00:00,6652.701,800.588,918.980,135.322,318.471,2281.323,476.614,1289.558,2104.133,4964.044,1779.877,657.733,436.514,3423.866,4552.859,1601.357,4126.605
01/22/2024 22:00:00,6571.216,790.993,909.730,134.993,317.323,2265.003,475.469,1274.426,2081.624,4925.056,1767.048,644.786,432.509,3421.505,4528.609,1584.509,4099.381
01/22/2024 23:00:00,6560.198,789.940,907.744,136.914,314.698,2255.902,480.438,1258.834,2122.902,4902.842,1793.762,654.850,432.739,3420.884,4574.833,1586.053,4112.490
01/23/2024 00:00:00,6621.784,803.679,907.796,142.235,320.013,2321.995,492.587,1299.611,2176.594,4971.448,1830.478,651.746,443.716,3496.330,4651.982,1608.458,4171.584
01/23/2024 01:00:00,6602.310,797.642,906.468,143.338,322.118,2317.996,493.031,1306.720,2203.968,4995.386,1842.785,668.089,440.735,3592.421,4716.015,1612.786,4195.737
01/23/2024 02:00:00,6442.299,780.025,897.811,139.878,319.828,2257.958,481.505,1290.208,2218.758,4897.122,1813.109,664.959,428.946,3641.735,4695.605,1579.389,4125.437
01/23/2024 03:00:00,6231.867,762.103,891.408,134.901,314.402,2202.036,467.485,1268.208,2180.358,4783.521,1774.253,652.987,415.145,3647.118,4653.837,1535.221,4023.689
01/23/2024 04:00:00,5983.899,733.512,875.980,126.826,302.337,2142.730,447.460,1207.082,2123.608,4630.457,1709.138,645.491,400.211,3687.348,4554.904,1487.762,3897.001
01/23/2024 05:00:00,5663.384,697.086,863.068,119.067,292.699,2043.925,418.471,1149.429,2075.110,4448.596,1629.950,629.166,384.907,3670.819,4528.732,1437.300,3717.508
01/23/2024 06:00:00,5364.413,665.410,847.147,112.730,282.760,1955.778,391.616,1109.564,2010.495,4289.078,1570.946,617.924,368.592,3629.188,4455.543,1392.602,3549.709
01/23/2024 07:00:00,5165.763,644.805,840.262,108.671,277.978,1897.804,373.522,1073.812,1975.176,4202.272,1541.972,605.942,357.951,3592.423,4411.352,1366.775,3417.155
01/23/2024 08:00:00,5055.735,634.781,834.993,105.668,274.278,1871.090,366.747,1052.433,1969.743,4158.801,1512.238,596.562,351.795,3558.486,4376.069,1356.276,3358.690
01/23/2024 09:00:00,4991.176,629.700,834.677,103.859,270.530,1853.254,364.105,1041.398,1956.045,4107.791,1510.613,591.288,346.886,3590.658,4391.387,1349.668,3333.728
01/23/2024 10:00:00,4967.119,627.223,828.270,103.625,270.039,1854.960,366.352,1036.370,1940.862,4113.383,1515.448,595.350,346.197,3607.143,4388.985,1346.853,3334.890
01/23/2024 11:00:00,5020.826,637.646,831.022,106.021,271.875,1897.722,374.149,1059.724,1948.081,4155.656,1530.152,601.202,350.941,3661.342,4441.135,1355.091,3394.016
01/23/2024 12:00:00,5239.488,674.635,844.554,111.256,285.002,1999.277,399.998,1110.817,2031.138,4313.171,1593.675,618.825,368.077,3758.298,4527.793,1383.922,3558.405
01/23/2024 13:00:00,5627.667,725.199,868.771,118.592,299.277,2146.510,443.757,1174.399,2159.519,4536.970,1699.860,650.748,396.211,3882.031,4680.844,1446.884,3792.488
01/23/2024 14:00:00,5822.282,752.099,888.241,123.097,309.119,2258.314,470.867,1210.078,2220.680,4713.413,1779.187,680.848,417.720,3963.396,4817.568,1478.912,3964.776
01/23/2024 15:00:00,5830.195,743.475,893.888,124.196,313.666,2276.460,474.266,1222.107,2203.410,4723.157,1771.965,688.454,421.251,3947.786,4812.707,1475.626,4012.174
01/23/2024 16:00:00,5839.168,735.665,896.552,125.848,311.073,2262.308,472.120,1225.940,2178.708,4725.131,1774.717,695.319,420.549,3893.421,4792.338,1474.421,4019.921
01/23/2024 17:00:00,5778.297,723.881,902.444,125.526,314.135,2256.317,471.026,1226.424,2163.217,4691.639,1782.115,696.891,422.010,3867.886,4807.942,1461.560,4032.562
01/23/2024 18:00:00,5738.100,714.886,901.651,122.834,313.474,2230.616,465.344,1217.331,2140.945,4684.288,1773.188,694.309,419.309,3818.550,4803.475,1447.612,4001.995
01/23/2024 19:00:00,5674.388,707.050,898.558,122.927,311.422,2212.974,464.052,1203.119,2108.386,4627.045,1765.020,681.449,419.005,3762.668,4734.322,1431.180,3946.140
01/23/2024 20:00:00,5614.020,701.615,895.121,120.583,311.110,2189.010,463.698,1195.993,2090.308,4604.551,1753.742,682.514,417.550,3748.339,4709.963,1417.641,3913.467
01/23/2024 21:00:00,5529.715,695.586,886.548,122.386,307.287,2176.955,460.634,1185.100,2068.056,4541.334,1742.986,675.327,414.885,3747.046,4680.142,1403.381,3872.843
01/23/2024 22:00:00,5484.252,691.094,873.038,122.620,307.334,2166.503,457.732,1184.252,2053.306,4441.568,1731.685,675.142,410.985,3728.556,4658.257,1377.587,3825.320
01/23/2024 23:00:00,5502.289,696.994,869.637,126.405,306.350,2172.668,465.820,1196.117,2076.001,4460.663,1760.687,674.567,408.009,3757.797,4683.084,1382.331,3846.620
01/24/2024 00:00:00,5635.066,714.400,873.208,133.058,308.443,2232.864,475.348,1239.968,2103.044,4512.609,1800.398,666.563,415.406,3817.081,4724.851,1413.737,3910.836
01/24/2024 01:00:00,5685.312,716.526,880.541,136.096,310.674,2251.825,476.773,1256.442,2123.443,4594.894,1821.806,667.356,413.571,3908.193,4757.085,1436.081,3957.614
01/24/2024 02:00:00,5623.780,705.336,874.028,132.802,309.801,2220.519,466.411,1233.454,2158.881,4532.862,1793.781,657.595,404.100,3932.923,4739.312,1420.284,3901.490
01/24/2024 03:00:00,5512.350,689.530,870.072,128.573,302.482,2176.796,457.251,1219.796,2090.626,4488.065,1761.946,652.451,392.855,3915.499,4697.484,1394.988,3832.339
01/24/2024 04:00:00,5330.950,661.905,862.730,122.669,297.676,2084.154,440.227,1187.460,2062.126,4348.206,1708.284,639.521,377.824,3880.745,4636.651,1364.145,3695.735
01/24/2024 05:00:00,5051.798,625.936,845.085,114.141,287.867,1977.967,411.575,1128.717,1993.933,4177.441,1628.488,622.780,358.997,3807.984,4540.414,1315.110,3526.236
01/24/2024 06:00:00,4790.291,594.606,832.977,107.369,276.580,1880.735,386.442,1080.914,1947.041,4010.634,1554.763,605.139,340.305,3729.082,4437.494,1267.020,3366.201
01/24/2024 07:00:00,4620.352,577.739,823.436,102.952,273.835,1834.534,371.248,1054.427,1915.202,3898.749,1514.047,592.940,326.002,3660.608,4369.626,1247.411,3265.801
01/24/2024 08:00:00,4524.619,573.564,813.489,100.494,269.362,1810.172,364.424,1049.856,1921.567,3852.442,1497.789,582.436,317.144,3648.869,4331.996,1231.221,3211.536
01/24/2024 09:00:00,4494.396,569.392,816.157,99.377,265.295,1802.708,361.248,1041.733,1902.610,3831.948,1491.403,579.971,312.751,3641.086,4309.324,1224.374,3178.329
01/24/2024 10:00:00,4491.439,571.631,819.774,99.460,262.382,1809.486,363.153,1043.739,1911.967,3818.065,1496.637,577.542,313.227,3645.429,4326.289,1223.278,3189.417
01/24/2024 11:00:00,4562.584,587.010,820.317,101.192,269.016,1850.711,371.024,1062.875,1943.627,3900.860,1520.658,584.890,320.262,3666.980,4336.375,1239.511,3258.295
01/24/2024 12:00:00,4782.835,625.444,837.843,107.503,278.425,1959.242,396.402,1100.663,2004.178,4047.101,1580.718,603.996,340.556,3726.175,4413.315,1273.913,3415.920
01/24/2024 13:00:00,5191.724,681.259,863.963,115.251,294.640,2118.605,438.096,1204.010,2154.276,4272.783,1690.380,639.271,371.775,3848.537,4577.020,1340.607,3685.012
01/24/2024 14:00:00,5440.602,711.915,882.224,120.152,305.668,2222.055,465.676,1237.426,2241.424,4457.837,1777.461,670.272,393.513,3942.867,4760.078,1377.301,3862.959
01/24/2024 15:00:00,5495.975,708.016,888.509,120.277,307.507,2196.034,469.785,1224.976,2232.149,4493.985,1770.708,677.257,395.532,3944.546,4752.525,1379.751,3894.418
01/24/2024 16:00:00,5521.154,696.970,888.737,118.438,306.096,2180.275,468.664,1215.838,2238.549,4506.904,1767.061,679.984,395.563,3911.079,4734.379,1377.679,3896.860
01/24/2024 17:00:00,5484.527,676.093,890.193,120.107,306.590,2175.752,464.606,1208.554,2220.034,4475.001,1760.410,682.667,390.536,3890.299,4707.073,1349.790,3900.164
01/24/2024 18:00:00,5442.899,656.862,887.170,121.602,308.122,2154.695,458.703,1211.198,2159.104,4404.323,1758.976,670.779,387.682,3856.327,4642.382,1317.460,3869.222
01/24/2024 19:00:00,5355.313,644.845,880.296,119.526,305.848,2138.448,449.888,1196.315,2109.285,4369.372,1739.814,662.912,385.355,3799.167,4575.092,1294.665,3815.094
01/24/2024 20:00:00,5298.112,634.330,877.307,118.509,301.952,2119.378,448.169,1173.780,2096.795,4322.367,1720.095,664.059,382.651,3753.512,4532.582,1287.250,3778.057
01/24/2024 21:00:00,5244.402,623.011,866.963,116.304,301.205,2103.376,443.920,1158.363,2088.073,4293.751,1715.756,658.494,378.413,3715.174,4525.914,1279.022,3730.731
01/24/2024 22:00:00,5228.041,624.956,857.186,116.172,294.136,2089.120,440.209,1152.908,2076.578,4253.083,1713.967,653.440,375.768,3661.620,4510.430,1278.620,3690.360
01/24/2024 23:00:00,5270.676,638.689,859.193,122.581,295.718,2102.206,450.110,1170.835,2090.279,4276.500,1742.945,658.906,376.710,3672.913,4535.654,1300.626,3703.278
01/25/2024 00:00:00,5405.338,662.669,863.601,129.092,295.084,2161.458,464.852,1193.826,2113.297,4351.567,1788.626,654.740,389.466,3747.544,4600.303,1334.181,3758.419
01/25/2024 01:00:00,5527.189,671.448,865.935,130.724,303.962,2167.569,467.507,1215.294,2174.896,4421.477,1802.472,662.411,391.341,3841.515,4652.824,1367.538,3802.646
01/25/2024 02:00:00,5462.364,664.393,859.698,127.954,300.356,2127.297,458.068,1191.876,2153.793,4389.431,1772.570,660.073,385.543,3879.745,4638.653,1353.374,3763.852
01/25/2024 03:00:00,5386.762,656.745,853.476,123.288,298.927,2087.054,446.373,1172.004,2154.229,4334.866,1740.360,648.156,377.590,3858.626,4668.163,1331.268,3704.748
01/25/2024 04:00:00,5190.029,634.788,845.747,117.449,290.591,2016.530,426.004,1140.096,2109.621,4210.186,1676.989,640.440,363.588,3844.012,4598.604,1290.204,3592.193
01/25/2024 05:00:00,4935.042,601.723,837.708,108.322,279.658,1918.622,401.302,1087.267,2046.226,4057.591,1598.297,625.074,344.361,3779.137,4551.887,1237.680,3413.207
01/25/2024 06:00:00,4673.879,572.944,823.909,101.482,269.191,1834.604,380.561,1045.290,1986.111,3894.450,1529.990,607.507,327.705,3688.526,4488.451,1196.037,3259.936
01/25/2024 07:00:00,4517.182,553.417,813.589,97.587,265.976,1783.499,366.269,1020.643,1923.461,3784.886,1489.313,595.283,314.557,3642.136,4442.311,1173.264,3172.470
01/25/2024 08:00:00,4430.991,541.538,807.784,94.897,257.686,1753.655,359.692,1007.522,1936.623,3687.924,1468.700,580.070,306.378,3644.769,4399.240,1164.328,3136.061
01/25/2024 09:00:00,4391.218,537.843,808.363,93.544,253.254,1739.161,357.329,1007.196,1938.804,3634.019,1461.792,572.974,302.887,3636.382,4386.423,1157.524,3091.672
01/25/2024 10:00:00,4406.144,540.285,808.688,94.826,252.848,1743.620,359.755,1001.306,1960.339,3620.353,1466.537,574.091,303.679,3646.601,4403.360,1159.933,3099.759
01/25/2024 11:00:00,4498.872,553.248,810.709,97.122,258.428,1782.195,367.890,1007.947,1989.168,3669.093,1489.077,586.304,309.746,3666.357,4428.351,1171.432,3159.374
01/25/2024 12:00:00,4735.414,590.384,830.509,101.992,263.931,1886.910,394.311,1062.501,2075.171,3855.804,1554.532,607.064,329.009,3735.458,4520.296,1211.741,3330.612
01/25/2024 13:00:00,5159.287,646.222,857.494,109.740,286.506,2033.456,434.615,1140.053,2201.278,4120.500,1655.062,638.331,360.046,3854.050,4683.334,1281.197,3596.439
01/25/2024 14:00:00,5408.875,676.850,878.326,114.865,299.105,2159.132,463.985,1184.697,2304.466,4328.622,1739.126,662.044,383.321,3968.603,4863.833,1319.569,3780.436
01/25/2024 15:00:00,5454.514,677.468,885.616,118.989,299.166,2170.610,469.652,1201.079,2278.597,4337.039,1745.042,670.859,386.727,3947.460,4813.613,1314.296,3789.829
01/25/2024 16:00:00,5468.310,679.164,887.774,122.675,297.265,2184.750,468.972,1202.925,2235.930,4329.424,1747.249,675.453,391.760,3873.094,4792.502,1300.980,3825.926
01/25/2024 17:00:00,5420.951,678.234,885.845,124.240,300.695,2190.404,469.293,1201.060,2190.073,4323.010,1748.868,671.730,394.677,3823.210,4739.324,1278.001,3843.573
01/25/2024 18:00:00,5340.205,673.186,879.821,125.575,304.440,2192.175,468.082,1205.732,2185.430,4240.502,1750.709,665.854,396.575,3738.889,4695.881,1234.117,3819.745
01/25/2024 19:00:00,5202.833,665.388,875.208,125.256,304.871,2189.764,463.442,1200.896,2069.564,4190.391,1741.378,661.703,397.172,3667.831,4615.753,1186.518,3755.621
01/25/2024 20:00:00,5130.847,651.329,875.056,125.128,307.505,2180.907,458.221,1189.597,2079.584,4140.801,1733.536,657.606,392.749,3620.758,4583.181,1175.316,3728.387
01/25/2024 21:00:00,5051.848,643.896,868.150,124.342,303.450,2150.646,452.759,1176.905,2050.528,4141.750,1725.430,650.408,387.006,3596.583,4531.230,1164.921,3673.547
01/25/2024 22:00:00,5021.237,644.975,854.376,120.761,299.717,2130.129,449.781,1167.384,2029.914,4129.479,1727.455,643.382,384.158,3561.840,4510.078,1176.054,3632.876
01/25/2024 23:00:00,5081.886,652.039,851.782,121.669,296.384,2116.926,457.531,1177.101,2067.034,4159.113,1755.053,638.810,386.435,3554.367,4535.082,1203.741,3656.844
01/26/2024 00:00:00,5226.560,669.130,858.029,126.831,302.953,2167.253,468.323,1193.452,2095.644,4208.818,1781.289,633.697,395.296,3606.372,4617.266,1241.204,3723.741
01/26/2024 01:00:00,5407.995,678.294,859.993,128.457,299.587,2178.777,471.058,1201.909,2167.362,4260.651,1791.198,646.158,395.687,3716.012,4665.688,1275.467,3781.045
01/26/2024 02:00:00,5399.821,669.270,853.561,126.602,295.159,2142.491,460.908,1194.827,2140.925,4254.179,1765.579,649.276,388.934,3747.798,4637.751,1271.341,3745.363
01/26/2024 03:00:00,5348.820,656.112,851.909,122.583,294.609,2093.856,450.379,1180.805,2138.445,4190.861,1736.579,649.883,373.889,3746.810,4630.126,1253.693,3684.944
01/26/2024 04:00:00,5223.439,634.348,843.037,116.027,287.832,2022.800,432.993,1143.877,2103.641,4095.991,1683.511,637.273,363.811,3745.859,4561.320,1220.811,3573.245
01/26/2024 05:00:00,5010.487,603.428,829.310,108.190,280.020,1923.449,406.406,1088.014,2038.796,3929.199,1610.379,624.066,345.440,3688.229,4504.853,1178.258,3397.050
01/26/2024 06:00:00,4787.393,574.033,812.487,102.388,269.600,1832.358,382.519,1040.046,1972.378,3772.829,1544.181,604.980,328.904,3600.497,4428.458,1136.331,3238.191
01/26/2024 07:00:00,4662.863,556.522,808.230,97.709,263.951,1774.777,369.135,1015.463,1970.410,3668.324,1505.978,594.643,317.577,3530.144,4399.535,1110.949,3149.393
01/26/2024 08:00:00,4604.564,546.343,799.004,95.415,261.112,1742.193,362.270,994.725,1925.967,3611.170,1483.618,582.830,311.072,3505.456,4363.350,1100.740,3082.108
01/26/2024 09:00:00,4592.670,543.231,799.986,94.036,258.131,1726.853,360.305,985.462,1948.639,3589.620,1480.010,578.848,307.217,3512.562,4343.950,1097.195,3060.716
01/26/2024 10:00:00,4617.526,545.413,801.495,95.635,255.623,1730.874,362.785,988.923,1950.619,3590.659,1484.385,580.579,308.539,3532.733,4347.062,1104.987,3055.517
01/26/2024 11:00:00,4724.794,554.249,807.551,96.880,262.171,1769.814,372.440,1010.693,1974.070,3655.471,1507.476,586.556,314.871,3594.728,4374.424,1119.161,3118.886
01/26/2024 12:00:00,4975.915,593.335,818.365,100.737,270.045,1871.710,394.659,1048.533,2047.783,3805.687,1566.701,603.390,334.073,3659.290,4448.928,1146.855,3275.497
01/26/2024 13:00:00,5408.335,650.249,847.347,109.489,286.658,2030.528,435.719,1120.184,2150.954,4024.018,1661.178,641.690,365.558,3753.831,4578.105,1199.088,3533.279
01/26/2024 14:00:00,5641.508,683.437,865.034,113.779,300.311,2135.835,464.855,1161.123,2250.634,4201.115,1745.308,671.189,387.089,3864.633,4694.349,1241.014,3723.620
01/26/2024 15:00:00,5678.385,686.446,869.981,117.339,304.966,2148.399,472.050,1148.290,2234.801,4259.104,1762.933,675.106,392.422,3877.829,4746.532,1244.242,3756.710
01/26/2024 16:00:00,5693.604,685.885,872.031,118.054,302.140,2153.369,477.634,1150.691,2242.641,4286.887,1778.282,682.043,395.928,3832.101,4738.106,1246.642,3788.249
01/26/2024 17:00:00,5673.431,683.540,876.678,119.982,305.038,2161.658,477.206,1153.155,2246.900,4339.230,1782.238,681.482,400.373,3810.151,4708.865,1248.967,3812.099
01/26/2024 18:00:00,5567.863,677.127,875.752,120.894,309.581,2161.911,474.774,1169.935,2201.312,4351.549,1776.495,674.142,399.045,3784.699,4638.558,1246.215,3797.297
01/26/2024 19:00:00,5459.291,671.726,873.482,120.483,307.504,2147.406,468.919,1148.172,2136.544,4356.659,1766.154,668.816,396.357,3768.262,4554.602,1235.107,3707.327
01/26/2024 20:00:00,5395.453,667.173,870.418,120.367,306.291,2133.175,464.324,1135.399,2116.143,4316.626,1756.031,670.984,393.887,3751.670,4501.848,1219.292,3677.317
01/26/2024 21:00:00,5301.507,657.825,866.012,120.580,303.885,2117.459,458.898,1144.411,2072.792,4260.933,1731.857,669.481,390.461,3736.751,4475.190,1207.887,3641.414
01/26/2024 22:00:00,5271.600,655.395,854.641,121.500,300.916,2109.412,457.549,1151.465,2055.445,4247.738,1719.717,658.947,384.979,3735.123,4463.515,1205.792,3609.836
01/26/2024 23:00:00,5303.513,661.528,852.059,124.010,302.710,2127.751,464.506,1155.521,2031.075,4271.652,1738.298,651.913,384.688,3747.891,4421.062,1220.784,3625.509
01/27/2024 00:00:00,5421.707,674.024,850.060,128.326,307.711,2184.462,470.587,1180.339,2048.910,4275.765,1764.187,646.178,392.931,3786.130,4441.538,1250.386,3690.624
01/27/2024 01:00:00,5492.618,670.680,849.984,128.762,307.682,2153.912,469.530,1176.130,2087.144,4331.676,1767.684,651.657,391.460,3861.789,4495.099,1264.383,3722.164
01/27/2024 02:00:00,5443.668,661.629,840.992,127.275,303.217,2114.077,457.263,1148.596,2044.182,4256.569,1734.537,647.512,381.957,3862.960,4489.550,1240.110,3673.947
01/27/2024 03:00:00,5347.958,650.125,838.819,123.622,299.126,2084.456,445.210,1134.255,2063.689,4196.023,1701.727,640.814,372.539,3834.210,4488.599,1216.578,3627.005
01/27/2024 04:00:00,5207.909,632.952,836.463,118.633,288.849,2040.680,428.477,1106.663,2022.282,4082.969,1656.796,632.712,361.472,3816.858,4440.706,1182.506,3563.215
01/27/2024 05:00:00,5041.517,609.041,825.459,112.285,277.449,1968.782,406.985,1068.882,1970.234,3956.035,1590.150,620.759,346.206,3773.368,4382.428,1148.174,3455.941
01/27/2024 06:00:00,4868.808,586.608,816.293,105.851,268.706,1888.374,386.068,1030.344,1914.610,3840.979,1535.960,607.311,330.964,3716.094,4370.052,1112.945,3317.859
01/27/2024 07:00:00,4710.931,568.868,809.419,101.754,262.180,1826.514,372.538,979.153,1859.426,3747.779,1499.663,598.912,320.991,3668.516,4344.782,1085.883,3222.470
01/27/2024 08:00:00,4638.901,557.387,801.730,98.662,255.328,1791.642,366.587,960.492,1865.115,3707.898,1478.089,595.156,314.040,3633.855,4358.785,1079.208,3171.591
01/27/2024 09:00:00,4601.799,556.023,801.761,97.096,251.154,1776.807,364.754,961.506,1886.406,3675.760,1471.240,597.742,311.311,3610.874,4358.429,1076.761,3148.929
01/27/2024 10:00:00,4618.529,557.681,800.952,96.364,249.369,1772.991,366.446,977.560,1912.624,3711.292,1471.321,604.893,310.947,3623.297,4376.004,1081.576,3143.773
01/27/2024 11:00:00,4668.424,569.008,801.927,97.070,249.038,1779.275,370.801,984.703,1892.847,3762.260,1477.588,613.498,315.615,3654.846,4365.117,1102.097,3161.727
01/27/2024 12:00:00,4796.966,592.348,814.781,100.047,252.750,1823.881,381.464,1007.792,1933.139,3854.614,1502.317,633.847,323.480,3683.435,4407.336,1132.143,3223.843
01/27/2024 13:00:00,4987.991,625.331,819.824,104.402,259.009,1890.668,396.507,1044.928,1988.207,3981.756,1543.591,646.768,338.310,3736.782,4479.842,1175.209,3324.844
01/27/2024 14:00:00,5223.160,657.251,836.066,108.095,263.853,1972.078,413.091,1069.961,2084.104,4119.684,1593.565,659.308,352.333,3831.660,4556.902,1224.372,3446.397
01/27/2024 15:00:00,5423.005,685.428,849.275,111.697,265.306,2031.757,424.686,1093.585,2091.768,4226.138,1629.945,661.626,366.337,3838.194,4643.407,1266.384,3544.052
01/27/2024 16:00:00,5590.633,710.046,855.072,116.118,269.363,2084.366,433.723,1139.438,2077.330,4352.321,1664.168,669.787,378.449,3767.976,4623.113,1290.265,3643.058
01/27/2024 17:00:00,5649.889,717.302,866.451,118.139,273.022,2096.941,441.056,1143.133,1997.474,4445.602,1689.382,649.207,388.275,3709.770,4598.816,1294.272,3676.951
01/27/2024 18:00:00,5645.318,717.569,867.972,118.587,273.744,2096.656,436.622,1129.470,1957.912,4479.574,1693.030,638.760,390.722,3633.160,4567.733,1287.626,3677.594
01/27/2024 19:00:00,5608.842,709.969,870.017,117.679,273.650,2086.031,414.771,1126.297,1886.926,4492.861,1670.667,618.134,393.209,3548.889,4478.730,1273.638,3644.437
01/27/2024 20:00:00,5574.328,700.592,868.010,119.046,275.450,2065.536,398.730,1116.522,1830.266,4481.822,1637.111,605.829,392.188,3470.988,4419.019,1255.805,3593.679
01/27/2024 21:00:00,5542.403,690.093,857.082,119.540,273.753,2056.599,385.485,1109.682,1775.455,4445.029,1589.625,595.196,388.991,3439.500,4361.804,1244.337,3547.775
01/27/2024 22:00:00,5565.313,687.076,835.824,120.089,272.968,2039.232,377.155,1108.691,1768.436,4407.496,1547.468,586.344,386.795,3419.058,4263.690,1238.439,3500.145
01/27/2024 23:00:00,5647.035,697.371,829.455,122.606,273.521,2055.595,380.587,1117.260,1777.608,4417.486,1554.977,583.443,390.988,3434.878,4280.274,1242.357,3487.226
01/28/2024 00:00:00,5785.020,717.629,830.896,126.475,279.881,2099.883,399.592,1165.970,1837.200,4446.973,1612.636,584.425,405.721,3511.285,4318.537,1270.847,3565.689
01/28/2024 01:00:00,5909.096,720.503,835.938,127.173,285.517,2105.750,417.348,1172.236,1910.722,4512.203,1665.618,602.878,408.544,3635.612,4393.030,1314.094,3671.441
01/28/2024 02:00:00,5881.805,710.801,828.465,125.238,285.296,2070.487,415.078,1155.260,1933.392,4479.103,1656.411,607.610,398.674,3714.655,4415.508,1321.290,3661.304
01/28/2024 03:00:00,5830.483,701.620,827.264,121.942,282.082,2040.523,411.661,1141.545,1941.140,4426.254,1644.553,602.674,387.432,3743.091,4402.498,1310.127,3626.465
01/28/2024 04:00:00,5741.139,685.344,821.805,118.400,277.617,1988.274,403.583,1117.861,1933.042,4361.794,1623.419,593.823,375.401,3765.538,4393.249,1293.196,3574.349
01/28/2024 05:00:00,5590.163,665.890,811.164,112.956,267.055,1921.375,389.048,1087.334,1909.215,4267.210,1583.146,584.649,363.173,3746.299,4378.110,1266.889,3465.608
01/28/2024 06:00:00,5451.184,643.547,803.949,107.555,259.522,1850.351,376.532,1049.860,1889.507,4166.322,1532.522,572.959,351.280,3721.191,4335.403,1240.830,3368.568
01/28/2024 07:00:00,5365.267,633.352,792.824,103.750,253.498,1803.851,366.507,1010.934,1890.173,4109.520,1494.757,565.012,342.777,3711.733,4285.012,1233.233,3285.940
01/28/2024 08:00:00,5327.810,629.583,792.691,101.067,249.665,1776.193,361.473,1012.450,1870.541,4038.192,1472.141,562.827,339.202,3724.088,4249.513,1228.986,3227.504
01/28/2024 09:00:00,5320.781,629.739,798.071,99.307,245.959,1767.079,361.465,1009.294,1889.403,4018.945,1471.158,560.680,336.517,3739.344,4234.278,1218.827,3207.660
01/28/2024 10:00:00,5331.590,632.689,799.565,98.085,244.835,1757.123,363.153,998.840,1840.411,4036.581,1471.502,562.188,337.553,3747.236,4224.806,1217.359,3199.426
01/28/2024 11:00:00,5391.269,635.506,804.263,97.954,244.899,1763.328,367.777,1008.809,1864.132,4070.438,1476.668,575.361,340.437,3757.661,4240.751,1222.829,3215.974
01/28/2024 12:00:00,5536.517,650.391,810.866,99.973,248.984,1807.870,378.966,1031.967,1977.366,4132.870,1497.350,592.272,346.953,3801.963,4285.285,1244.526,3273.714
01/28/2024 13:00:00,5715.060,674.326,824.922,103.573,253.022,1864.356,394.579,1059.810,2023.237,4231.960,1531.245,607.421,357.448,3850.019,4324.315,1277.040,3370.811
01/28/2024 14:00:00,5937.307,703.281,843.933,107.398,254.271,1918.408,409.500,1099.488,2081.159,4349.912,1571.629,612.774,366.199,3895.001,4408.002,1319.908,3468.894
01/28/2024 15:00:00,6060.982,725.827,850.575,111.701,256.568,1949.418,412.498,1131.632,2042.245,4370.081,1589.062,611.507,371.940,3843.394,4461.263,1321.278,3505.763
01/28/2024 16:00:00,5928.575,725.438,849.066,114.834,258.379,1950.758,402.970,1139.487,1987.592,4232.602,1576.662,609.762,381.730,3730.229,4418.973,1258.557,3472.776
01/28/2024 17:00:00,5600.080,701.731,841.753,108.237,253.827,1896.189,397.118,1102.618,1924.674,4053.261,1562.002,601.154,383.426,3640.265,4337.502,1191.579,3407.386
01/28/2024 18:00:00,5289.501,648.574,828.592,102.483,247.277,1840.281,390.807,1045.546,1872.321,3877.601,1551.322,586.517,382.651,3571.849,4274.813,1127.798,3330.597
01/28/2024 19:00:00,5058.437,597.880,816.489,100.324,242.335,1803.155,386.232,1009.940,1824.780,3734.725,1534.851,579.928,374.573,3511.690,4203.438,1079.376,3275.279
01/28/2024 20:00:00,4875.222,563.209,811.087,99.286,239.156,1758.888,378.265,965.161,1767.849,3650.575,1511.329,572.159,358.457,3472.067,4142.637,1047.545,3210.096
01/28/2024 21:00:00,4707.609,529.620,802.891,95.977,231.899,1679.307,367.687,895.707,1725.919,3534.575,1478.599,564.664,343.708,3448.387,4086.672,1025.214,3116.533
01/28/2024 22:00:00,4632.129,520.403,795.083,95.307,226.925,1643.636,362.728,883.660,1711.151,3490.792,1467.426,555.998,336.875,3424.666,4055.559,1016.189,3059.024
01/28/2024 23:00:00,4686.497,534.668,793.980,98.126,226.888,1646.838,368.452,891.302,1730.021,3516.287,1487.086,552.269,339.417,3420.141,4070.783,1023.715,3101.957
01/29/2024 00:00:00,4915.781,580.011,802.892,106.584,234.674,1729.771,390.033,942.092,1821.293,3646.424,1554.783,565.231,360.623,3488.006,4188.790,1059.136,3236.328
01/29/2024 01:00:00,5279.672,631.666,815.502,115.452,251.936,1859.105,410.319,1019.236,1910.477,3848.805,1621.914,589.715,383.853,3586.161,4319.315,1118.625,3441.745
01/29/2024 02:00:00,5436.872,650.117,819.505,115.254,267.027,1872.328,409.098,1038.325,1938.965,3892.016,1623.253,591.186,382.540,3650.460,4322.387,1145.513,3468.303
01/29/2024 03:00:00,5482.243,656.273,823.535,112.749,263.183,1864.593,402.912,1040.128,1901.814,3873.572,1602.083,585.489,378.823,3662.366,4278.542,1139.977,3438.434
01/29/2024 04:00:00,5484.399,659.835,821.391,110.331,263.139,1834.755,394.389,1033.072,1889.528,3857.469,1571.285,582.488,373.644,3664.947,4260.282,1126.047,3384.768
01/29/2024 05:00:00,5351.028,645.464,811.792,104.648,255.979,1762.241,372.343,1019.720,1827.740,3733.277,1506.939,571.615,360.713,3636.711,4175.810,1088.351,3266.029
01/29/2024 06:00:00,5198.686,631.018,799.576,100.152,253.956,1699.161,355.230,1001.673,1756.375,3618.823,1452.336,554.986,349.865,3603.058,4104.527,1066.874,3180.934
01/29/2024 07:00:00,5137.506,626.882,795.260,97.174,250.821,1677.064,345.184,997.329,1755.514,3562.032,1424.689,543.358,344.259,3587.311,4068.099,1059.433,3143.261
01/29/2024 08:00:00,5145.119,631.289,795.252,96.683,249.406,1669.715,342.964,1001.685,1773.282,3545.027,1413.724,557.055,344.281,3569.107,4054.748,1057.185,3136.710
01/29/2024 09:00:00,5227.528,643.291,802.607,96.260,249.676,1677.978,343.394,1017.503,1813.534,3595.422,1419.063,566.534,344.897,3578.005,4049.973,1060.243,3166.765
01/29/2024 10:00:00,5344.314,656.104,807.494,97.784,252.642,1706.188,348.224,1033.486,1814.424,3647.357,1439.021,576.480,350.295,3601.607,4059.164,1080.108,3197.042
01/29/2024 11:00:00,5559.968,679.349,818.465,100.897,252.549,1765.039,357.825,1059.956,1877.250,3761.333,1478.391,597.775,359.769,3652.383,4114.194,1109.556,3279.445
01/29/2024 12:00:00,5941.410,723.389,842.995,106.657,267.173,1875.930,384.582,1112.026,1965.899,3949.607,1553.479,625.301,383.659,3760.126,4209.767,1157.736,3473.470
01/29/2024 13:00:00,6458.641,778.147,871.645,113.326,285.509,2038.871,428.063,1193.885,2136.192,4225.961,1671.700,673.679,416.239,3925.253,4408.423,1233.183,3811.760
01/29/2024 14:00:00,6687.037,803.910,889.279,117.029,296.640,2141.498,461.520,1247.591,2237.971,4425.644,1756.190,704.076,433.880,4045.046,4567.987,1266.650,3980.163
01/29/2024 15:00:00,6473.588,770.755,882.811,114.652,295.096,2094.215,457.823,1215.384,2197.851,4366.739,1741.910,709.153,425.533,4007.148,4558.930,1220.154,3935.205
01/29/2024 16:00:00,6030.872,701.651,868.787,108.396,288.332,2001.135,440.140,1146.525,2057.876,4208.656,1709.886,708.482,409.635,3887.654,4463.470,1147.182,3812.995
01/29/2024 17:00:00,5677.482,640.752,853.741,104.287,285.480,1937.037,426.371,1093.284,1996.435,4079.874,1683.783,699.729,397.539,3782.750,4377.010,1086.983,3706.589
01/29/2024 18:00:00,5389.294,595.247,844.842,100.435,279.151,1880.874,415.421,1046.577,1996.325,3949.363,1662.801,688.424,384.728,3685.794,4301.811,1040.412,3618.871
01/29/2024 19:00:00,5156.435,560.678,833.384,97.237,271.323,1832.113,404.936,992.746,1926.643,3823.643,1637.330,680.902,375.567,3614.607,4247.264,1002.043,3542.750
01/29/2024 20:00:00,4994.974,536.757,828.467,94.368,269.794,1793.356,397.050,971.681,1941.898,3718.225,1612.005,673.711,366.758,3600.784,4214.289,975.371,3480.779
01/29/2024 21:00:00,4838.825,520.058,824.783,93.379,264.527,1741.802,388.691,948.968,1892.022,3670.889,1588.847,663.358,359.746,3566.129,4207.087,958.616,3383.989
01/29/2024 22:00:00,4766.049,515.344,808.608,94.531,263.022,1722.185,389.615,935.111,1857.184,3613.262,1600.649,644.324,354.413,3538.349,4187.446,952.291,3309.875
01/29/2024 23:00:00,4785.393,525.690,806.378,98.854,260.921,1722.020,398.583,946.259,1893.481,3626.471,1613.585,641.123,352.280,3561.253,4201.983,969.564,3341.531
01/30/2024 00:00:00,4909.522,555.855,806.222,106.862,260.613,1795.938,409.101,1006.447,1930.265,3676.077,1657.961,626.236,361.979,3619.573,4313.897,1008.291,3495.409
01/30/2024 01:00:00,5208.047,595.716,818.167,112.572,276.414,1856.513,422.293,1028.770,1996.266,3805.258,1715.708,629.333,375.948,3707.599,4443.784,1046.743,3658.654
01/30/2024 02:00:00,5253.433,600.445,813.793,110.739,273.901,1824.800,415.896,1014.722,1969.487,3827.384,1684.477,630.750,371.900,3772.171,4427.448,1050.237,3625.136
01/30/2024 03:00:00,5229.817,599.021,815.742,107.104,275.790,1796.949,404.829,1025.009,1930.724,3777.003,1655.017,625.264,364.407,3776.196,4386.652,1040.623,3572.263
01/30/2024 04:00:00,5132.956,587.462,809.511,102.362,267.875,1734.395,386.916,993.092,1899.916,3708.645,1604.074,613.009,352.384,3752.240,4308.850,1019.465,3485.488
01/30/2024 05:00:00,4949.178,567.228,796.981,95.568,256.250,1638.814,362.743,952.365,1827.602,3605.927,1523.026,598.869,336.812,3697.248,4236.611,995.900,3326.092
01/30/2024 06:00:00,4774.833,543.256,789.477,89.076,252.290,1560.661,340.981,903.025,1784.678,3495.683,1450.489,583.481,322.398,3637.186,4166.429,976.920,3185.553
01/30/2024 07:00:00,4687.767,530.418,775.532,85.751,246.171,1513.863,328.231,902.987,1756.911,3414.130,1415.033,571.472,313.083,3600.583,4118.269,973.673,3097.112
01/30/2024 08:00:00,4695.405,526.888,779.711,83.903,246.512,1489.125,324.413,884.099,1755.353,3393.089,1408.769,564.606,305.462,3604.699,4099.955,970.052,3040.558
01/30/2024 09:00:00,4712.905,526.289,781.337,83.306,241.579,1486.966,325.867,875.614,1756.290,3385.562,1409.020,561.680,303.397,3625.833,4090.818,984.788,3017.585
01/30/2024 10:00:00,4770.796,534.497,790.258,84.581,238.539,1506.052,332.639,896.592,1770.968,3399.579,1419.962,557.701,304.897,3649.700,4089.688,998.832,3042.930
01/30/2024 11:00:00,4925.590,555.094,795.987,87.642,249.490,1560.483,345.145,926.276,1812.159,3484.379,1450.902,573.307,313.044,3694.597,4098.665,1016.807,3127.008
01/30/2024 12:00:00,5249.549,601.409,816.787,94.382,264.322,1688.098,374.602,992.736,1919.737,3681.114,1520.110,596.487,333.240,3760.411,4179.874,1058.473,3305.802
01/30/2024 13:00:00,5779.823,669.606,839.715,103.913,280.456,1870.808,420.466,1088.301,2070.480,3962.837,1636.702,643.942,366.120,3909.195,4363.556,1136.725,3607.382
01/30/2024 14:00:00,6018.530,700.933,853.681,108.238,287.941,1980.170,452.088,1116.372,2145.969,4140.670,1711.753,670.196,385.599,4032.581,4532.360,1177.859,3773.698
01/30/2024 15:00:00,5874.441,671.162,854.367,106.313,292.734,1947.909,450.036,1099.718,2095.186,4058.278,1689.033,673.573,383.611,3969.188,4461.500,1137.439,3708.087
01/30/2024 16:00:00,5536.532,619.590,844.612,101.344,288.539,1880.236,432.809,1055.851,1989.982,3958.708,1662.021,660.752,378.515,3811.788,4380.962,1071.759,3605.385
01/30/2024 17:00:00,5287.946,579.226,836.609,96.706,274.179,1825.491,421.437,1015.406,1918.755,3839.326,1638.422,649.361,373.311,3731.898,4321.862,1024.683,3511.048
01/30/2024 18:00:00,5096.045,549.937,822.019,94.222,270.505,1784.648,412.739,976.863,1875.697,3779.671,1619.338,640.595,366.371,3664.286,4277.419,1009.758,3437.784
01/30/2024 19:00:00,4927.096,525.863,810.418,92.221,278.549,1756.373,405.101,958.791,1841.422,3686.499,1607.539,634.371,363.741,3599.924,4232.610,973.611,3356.132
01/30/2024 20:00:00,4892.269,514.881,813.337,91.680,274.433,1734.234,396.555,940.559,1812.717,3659.877,1587.610,630.090,359.354,3565.220,4177.804,947.682,3295.985
01/30/2024 21:00:00,4850.032,507.811,810.602,91.848,273.294,1712.533,391.422,919.810,1774.667,3610.957,1565.203,619.117,354.252,3546.072,4123.776,937.378,3239.518
01/30/2024 22:00:00,4807.150,507.794,799.852,93.809,269.475,1704.106,387.112,921.900,1756.378,3581.484,1550.161,612.842,351.874,3535.114,4101.588,943.886,3204.802
01/30/2024 23:00:00,4805.982,522.424,795.798,98.733,265.337,1716.947,389.331,939.037,1779.893,3605.903,1560.296,615.525,351.245,3520.757,4144.454,965.901,3218.883
01/31/2024 00:00:00,4882.503,552.567,797.734,108.845,268.298,1784.967,401.068,989.044,1836.488,3657.786,1604.056,609.417,361.969,3525.523,4236.264,1005.205,3305.932
01/31/2024 01:00:00,5102.212,586.648,814.122,114.705,283.386,1860.070,417.644,1046.546,1908.740,3760.910,1669.787,625.064,374.130,3652.518,4329.417,1044.690,3431.136
01/31/2024 02:00:00,5104.288,592.218,813.106,113.821,282.372,1849.259,414.343,1052.857,1926.008,3749.014,1664.562,628.630,370.877,3712.258,4346.535,1043.879,3425.694
01/31/2024 03:00:00,5072.322,595.604,812.169,110.522,279.959,1836.375,409.476,1055.416,1974.004,3722.725,1646.705,622.815,364.470,3709.211,4317.141,1032.490,3404.788
01/31/2024 04:00:00,4987.973,588.650,812.889,107.315,276.948,1806.271,397.281,1192.872,1981.388,3665.600,1602.580,617.992,356.316,3697.425,4282.387,1018.330,3363.746
01/31/2024 05:00:00,4731.820,566.355,797.254,100.231,268.139,1734.194,373.165,1143.880,1671.620,3537.518,1529.527,606.991,339.720,3653.598,4130.637,988.559,3216.123
01/31/2024 06:00:00,4552.691,557.141,788.711,96.381,259.610,1681.445,356.898,966.775,1783.879,3409.763,1484.135,597.119,329.181,3613.149,4044.301,971.290,3097.742
01/31/2024 07:00:00,4473.830,552.433,786.266,93.706,259.265,1647.042,345.970,945.050,1827.555,3336.336,1453.679,590.658,321.768,3585.060,4031.822,967.429,3045.738
01/31/2024 08:00:00,4469.897,562.480,785.479,91.852,257.822,1645.039,341.942,946.503,1839.224,3342.470,1436.998,589.971,320.716,3606.177,4001.894,963.592,3034.691
01/31/2024 09:00:00,4521.332,575.280,794.422,92.287,251.813,1656.887,340.448,954.651,1841.407,3390.103,1437.267,596.366,322.560,3622.881,3996.205,965.960,3047.630
01/31/2024 10:00:00,4641.281,592.895,799.862,93.872,255.915,1680.693,342.099,976.606,1836.351,3412.397,1443.981,595.106,327.848,3630.857,4006.527,981.930,3091.860
01/31/2024 11:00:00,4841.648,625.167,813.543,97.902,255.818,1752.249,351.482,1014.085,1840.555,3512.113,1468.317,591.618,340.567,3647.418,4043.895,1011.155,3182.400
01/31/2024 12:00:00,5230.450,682.193,837.212,104.222,267.335,1875.669,378.231,1082.916,1931.820,3706.171,1532.911,595.690,365.395,3714.686,4164.438,1064.912,3377.038
01/31/2024 13:00:00,5788.793,751.292,861.028,112.791,282.926,2042.988,420.965,1178.944,2067.242,3976.530,1646.557,633.803,399.025,3849.096,4347.685,1135.236,3688.296
01/31/2024 14:00:00,6042.612,782.025,876.909,117.099,299.939,2152.707,447.516,1227.411,2157.950,4145.406,1720.316,668.075,417.926,3956.516,4523.393,1175.901,3852.938
01/31/2024 15:00:00,5862.952,739.004,873.809,113.801,293.156,2098.259,442.368,1182.000,2086.905,4096.826,1698.091,681.876,412.016,3911.481,4494.413,1142.020,3794.397
01/31/2024 16:00:00,5532.755,671.394,860.672,106.708,288.188,2013.748,425.944,1112.949,2026.050,3944.535,1663.040,657.196,400.902,3830.053,4366.185,1067.651,3673.677
01/31/2024 17:00:00,5267.918,614.149,848.359,101.504,286.262,1939.498,415.882,1049.927,1955.281,3780.948,1638.616,637.410,390.674,3762.730,4226.641,1015.947,3575.506
01/31/2024 18:00:00,5058.337,571.354,840.979,97.319,276.477,1881.201,407.164,992.804,1908.105,3678.347,1614.632,630.446,380.248,3686.160,4127.497,971.248,3465.679
01/31/2024 19:00:00,4883.347,538.749,833.192,93.295,273.137,1836.073,398.749,950.552,1868.974,3545.128,1586.641,624.576,371.856,3598.919,4153.850,932.435,3374.100
01/31/2024 20:00:00,4787.378,516.598,827.829,90.188,268.877,1802.378,391.969,915.682,1836.164,3655.788,1570.823,634.531,365.434,3556.304,4149.075,920.882,3356.114
01/31/2024 21:00:00,4714.759,499.848,814.852,89.277,263.934,1767.678,382.943,893.818,1792.014,3637.628,1548.761,637.466,356.107,3526.331,4104.816,927.800,3325.465
01/31/2024 22:00:00,4713.509,499.096,806.225,91.347,261.087,1736.903,378.766,888.262,1724.628,3622.705,1533.580,641.039,351.393,3499.611,4075.089,932.194,3314.785
01/31/2024 23:00:00,4760.334,510.193,804.140,96.052,257.861,1721.444,383.197,899.559,1721.308,3632.870,1540.695,648.942,350.699,3504.100,4100.090,953.995,3338.694
02/01/2024 00:00:00,4838.403,538.700,809.511,104.582,261.963,1789.413,392.219,936.542,1773.497,3677.486,1575.313,651.488,359.473,3564.876,4174.668,990.508,3399.688
02/01/2024 01:00:00,5054.070,572.370,821.635,110.150,276.599,1854.573,402.669,977.542,1803.466,3859.711,1618.592,651.587,372.075,3679.258,4302.016,1046.082,3552.216
02/01/2024 02:00:00,5090.700,579.292,819.986,108.154,275.494,1834.658,393.575,978.184,1869.531,3830.476,1604.249,670.549,368.071,3691.110,4363.999,1049.287,3542.019
02/01/2024 03:00:00,5076.261,574.795,810.829,104.945,271.658,1808.824,384.462,979.532,1869.647,3790.942,1578.284,667.162,360.697,3680.896,4400.149,1035.914,3486.215
02/01/2024 04:00:00,4941.461,572.767,800.624,100.058,263.573,1732.999,367.562,951.403,1807.036,3721.778,1525.408,656.017,350.335,3675.298,4324.633,1009.053,3387.691
02/01/2024 05:00:00,4739.134,548.940,795.509,92.664,256.094,1633.400,342.589,899.971,1767.980,3593.289,1457.772,637.250,334.287,3612.563,4293.002,978.828,3242.655
02/01/2024 06:00:00,4549.900,528.762,777.769,86.611,249.945,1563.834,320.168,862.631,1731.267,3425.620,1405.530,615.748,320.742,3544.925,4170.864,949.013,3113.510
