INTERVALSTARTTIME_GMT,INTERVALENDTIME_GMT,OPR_DT,OPR_HR,OPR_INTERVAL,OPR_TYPE,ANC_TYPE,ANC_REGION,MARKET_RUN_ID,XML_DATA_ITEM,MW,GROUP
2023-06-25T23:00:00-00:00,2023-06-26T00:00:00-00:00,2023-06-25,17,0,Hourly,SR,AS_CAISO,DAM,SP_CLR_PRC,0,1
2023-06-25T23:00:00-00:00,2023-06-26T00:00:00-00:00,2023-06-25,17,0,Hourly,SR,AS_CAISO_EXP,DAM,SP_CLR_PRC,1.35087,1
2023-06-25T23:00:00-00:00,2023-06-26T00:00:00-00:00,2023-06-25,17,0,Hourly,SR,AS_SP26,DAM,SP_CLR_PRC,0,1
2023-06-26T00:00:00-00:00,2023-06-26T01:00:00-00:00,2023-06-25,18,0,Hourly,SR,AS_SP26,DAM,SP_CLR_PRC,0,1
2023-06-26T01:00:00-00:00,2023-06-26T02:00:00-00:00,2023-06-25,19,0,Hourly,SR,AS_CAISO,DAM,SP_CLR_PRC,0,1
2023-06-26T02:00:00-00:00,2023-06-26T03:00:00-00:00,2023-06-25,20,0,Hourly,SR,AS_CAISO,DAM,SP_CLR_PRC,0,1
2023-06-26T02:00:00-00:00,2023-06-26T03:00:00-00:00,2023-06-25,20,0,Hourly,SR,AS_SP26,DAM,SP_CLR_PRC,0,1
2023-06-26T04:00:00-00:00,2023-06-26T05:00:00-00:00,2023-06-25,22,0,Hourly,SR,AS_SP26,DAM,SP_CLR_PRC,0,1
2023-06-26T05:00:00-00:00,2023-06-26T06:00:00-00:00,2023-06-25,23,0,Hourly,SR,AS_SP26,DAM,SP_CLR_PRC,0,1
2023-06-26T05:00:00-00:00,2023-06-26T06:00:00-00:00,2023-06-25,23,0,Hourly,SR,AS_SP26_EXP,DAM,SP_CLR_PRC,0,1
2023-06-25T15:00:00-00:00,2023-06-25T16:00:00-00:00,2023-06-25,9,0,Hourly,SR,AS_SP26_EXP,DAM,SP_CLR_PRC,0,1
2023-06-25T19:00:00-00:00,2023-06-25T20:00:00-00:00,2023-06-25,13,0,Hourly,SR,AS_CAISO,DAM,SP_CLR_PRC,0,1
2023-06-25T20:00:00-00:00,2023-06-25T21:00:00-00:00,2023-06-25,14,0,Hourly,SR,AS_NP26,DAM,SP_CLR_PRC,0,1
2023-06-25T21:00:00-00:00,2023-06-25T22:00:00-00:00,2023-06-25,15,0,Hourly,SR,AS_CAISO,DAM,SP_CLR_PRC,0,1
2023-06-26T01:00:00-00:00,2023-06-26T02:00:00-00:00,2023-06-25,19,0,Hourly,SR,AS_NP26_EXP,DAM,SP_CLR_PRC,0.14,1
2023-06-26T03:00:00-00:00,2023-06-26T04:00:00-00:00,2023-06-25,21,0,Hourly,SR,AS_CAISO_EXP,DAM,SP_CLR_PRC,1.97597,1
2023-06-26T06:00:00-00:00,2023-06-26T07:00:00-00:00,2023-06-25,24,0,Hourly,SR,AS_CAISO_EXP,DAM,SP_CLR_PRC,0.16,1
2023-06-26T06:00:00-00:00,2023-06-26T07:00:00-00:00,2023-06-25,24,0,Hourly,SR,AS_NP26_EXP,DAM,SP_CLR_PRC,0.19,1
2023-06-26T06:00:00-00:00,2023-06-26T07:00:00-00:00,2023-06-25,24,0,Hourly,SR,AS_SP26_EXP,DAM,SP_CLR_PRC,0,1
2023-06-25T09:00:00-00:00,2023-06-25T10:00:00-00:00,2023-06-25,3,0,Hourly,SR,AS_CAISO_EXP,DAM,SP_CLR_PRC,0.16,1
2023-06-25T09:00:00-00:00,2023-06-25T10:00:00-00:00,2023-06-25,3,0,Hourly,SR,AS_NP26,DAM,SP_CLR_PRC,0,1
2023-06-25T11:00:00-00:00,2023-06-25T12:00:00-00:00,2023-06-25,5,0,Hourly,SR,AS_CAISO_EXP,DAM,SP_CLR_PRC,0.16,1
2023-06-25T11:00:00-00:00,2023-06-25T12:00:00-00:00,2023-06-25,5,0,Hourly,SR,AS_NP26_EXP,DAM,SP_CLR_PRC,0.14,1
2023-06-25T11:00:00-00:00,2023-06-25T12:00:00-00:00,2023-06-25,5,0,Hourly,SR,AS_SP26,DAM,SP_CLR_PRC,0,1
2023-06-25T13:00:00-00:00,2023-06-25T14:00:00-00:00,2023-06-25,7,0,Hourly,SR,AS_NP26,DAM,SP_CLR_PRC,0,1
2023-06-25T16:00:00-00:00,2023-06-25T17:00:00-00:00,2023-06-25,10,0,Hourly,SR,AS_CAISO_EXP,DAM,SP_CLR_PRC,0.16,1
2023-06-25T20:00:00-00:00,2023-06-25T21:00:00-00:00,2023-06-25,14,0,Hourly,SR,AS_SP26_EXP,DAM,SP_CLR_PRC,0,1
2023-06-26T01:00:00-00:00,2023-06-26T02:00:00-00:00,2023-06-25,19,0,Hourly,SR,AS_SP26_EXP,DAM,SP_CLR_PRC,0,1
2023-06-26T02:00:00-00:00,2023-06-26T03:00:00-00:00,2023-06-25,20,0,Hourly,SR,AS_NP26,DAM,SP_CLR_PRC,0,1
2023-06-26T04:00:00-00:00,2023-06-26T05:00:00-00:00,2023-06-25,22,0,Hourly,SR,AS_NP26,DAM,SP_CLR_PRC,0,1
2023-06-26T05:00:00-00:00,2023-06-26T06:00:00-00:00,2023-06-25,23,0,Hourly,SR,AS_NP26,DAM,SP_CLR_PRC,0,1
2023-06-25T10:00:00-00:00,2023-06-25T11:00:00-00:00,2023-06-25,4,0,Hourly,SR,AS_CAISO,DAM,SP_CLR_PRC,0,1
2023-06-25T10:00:00-00:00,2023-06-25T11:00:00-00:00,2023-06-25,4,0,Hourly,SR,AS_NP26_EXP,DAM,SP_CLR_PRC,0.14,1
2023-06-25T12:00:00-00:00,2023-06-25T13:00:00-00:00,2023-06-25,6,0,Hourly,SR,AS_SP26,DAM,SP_CLR_PRC,0,1
2023-06-25T16:00:00-00:00,2023-06-25T17:00:00-00:00,2023-06-25,10,0,Hourly,SR,AS_NP26,DAM,SP_CLR_PRC,0,1
2023-06-25T16:00:00-00:00,2023-06-25T17:00:00-00:00,2023-06-25,10,0,Hourly,SR,AS_SP26,DAM,SP_CLR_PRC,0,1
2023-06-25T17:00:00-00:00,2023-06-25T18:00:00-00:00,2023-06-25,11,0,Hourly,SR,AS_CAISO,DAM,SP_CLR_PRC,0,1
2023-06-25T18:00:00-00:00,2023-06-25T19:00:00-00:00,2023-06-25,12,0,Hourly,SR,AS_CAISO_EXP,DAM,SP_CLR_PRC,0.16,1
2023-06-25T19:00:00-00:00,2023-06-25T20:00:00-00:00,2023-06-25,13,0,Hourly,SR,AS_NP26,DAM,SP_CLR_PRC,0,1
2023-06-25T19:00:00-00:00,2023-06-25T20:00:00-00:00,2023-06-25,13,0,Hourly,SR,AS_NP26_EXP,DAM,SP_CLR_PRC,0.77,1
2023-06-25T21:00:00-00:00,2023-06-25T22:00:00-00:00,2023-06-25,15,0,Hourly,SR,AS_CAISO_EXP,DAM,SP_CLR_PRC,0.16,1
2023-06-25T22:00:00-00:00,2023-06-25T23:00:00-00:00,2023-06-25,16,0,Hourly,SR,AS_CAISO_EXP,DAM,SP_CLR_PRC,0.16,1
2023-06-25T22:00:00-00:00,2023-06-25T23:00:00-00:00,2023-06-25,16,0,Hourly,SR,AS_NP26,DAM,SP_CLR_PRC,0,1
2023-06-25T22:00:00-00:00,2023-06-25T23:00:00-00:00,2023-06-25,16,0,Hourly,SR,AS_SP26_EXP,DAM,SP_CLR_PRC,0,1
2023-06-25T23:00:00-00:00,2023-06-26T00:00:00-00:00,2023-06-25,17,0,Hourly,SR,AS_NP26_EXP,DAM,SP_CLR_PRC,0.14,1
2023-06-26T02:00:00-00:00,2023-06-26T03:00:00-00:00,2023-06-25,20,0,Hourly,SR,AS_NP26_EXP,DAM,SP_CLR_PRC,0,1
2023-06-26T03:00:00-00:00,2023-06-26T04:00:00-00:00,2023-06-25,21,0,Hourly,SR,AS_CAISO,DAM,SP_CLR_PRC,0,1
2023-06-26T03:00:00-00:00,2023-06-26T04:00:00-00:00,2023-06-25,21,0,Hourly,SR,AS_NP26_EXP,DAM,SP_CLR_PRC,0.55,1
2023-06-26T03:00:00-00:00,2023-06-26T04:00:00-00:00,2023-06-25,21,0,Hourly,SR,AS_SP26_EXP,DAM,SP_CLR_PRC,0,1
2023-06-26T04:00:00-00:00,2023-06-26T05:00:00-00:00,2023-06-25,22,0,Hourly,SR,AS_CAISO_EXP,DAM,SP_CLR_PRC,0.95626,1
2023-06-26T04:00:00-00:00,2023-06-26T05:00:00-00:00,2023-06-25,22,0,Hourly,SR,AS_NP26_EXP,DAM,SP_CLR_PRC,0,1
2023-06-26T05:00:00-00:00,2023-06-26T06:00:00-00:00,2023-06-25,23,0,Hourly,SR,AS_NP26_EXP,DAM,SP_CLR_PRC,0,1
2023-06-26T06:00:00-00:00,2023-06-26T07:00:00-00:00,2023-06-25,24,0,Hourly,SR,AS_CAISO,DAM,SP_CLR_PRC,0,1
2023-06-25T08:00:00-00:00,2023-06-25T09:00:00-00:00,2023-06-25,2,0,Hourly,SR,AS_CAISO,DAM,SP_CLR_PRC,0,1
2023-06-25T08:00:00-00:00,2023-06-25T09:00:00-00:00,2023-06-25,2,0,Hourly,SR,AS_NP26,DAM,SP_CLR_PRC,0,1
2023-06-25T09:00:00-00:00,2023-06-25T10:00:00-00:00,2023-06-25,3,0,Hourly,SR,AS_SP26_EXP,DAM,SP_CLR_PRC,0,1
2023-06-25T09:00:00-00:00,2023-06-25T10:00:00-00:00,2023-06-25,3,0,Hourly,SR,AS_CAISO,DAM,SP_CLR_PRC,0,1
2023-06-25T11:00:00-00:00,2023-06-25T12:00:00-00:00,2023-06-25,5,0,Hourly,SR,AS_NP26,DAM,SP_CLR_PRC,0,1
2023-06-25T11:00:00-00:00,2023-06-25T12:00:00-00:00,2023-06-25,5,0,Hourly,SR,AS_SP26_EXP,DAM,SP_CLR_PRC,0,1
2023-06-25T12:00:00-00:00,2023-06-25T13:00:00-00:00,2023-06-25,6,0,Hourly,SR,AS_SP26_EXP,DAM,SP_CLR_PRC,0,1
2023-06-25T14:00:00-00:00,2023-06-25T15:00:00-00:00,2023-06-25,8,0,Hourly,SR,AS_CAISO_EXP,DAM,SP_CLR_PRC,1.37516,1
2023-06-25T14:00:00-00:00,2023-06-25T15:00:00-00:00,2023-06-25,8,0,Hourly,SR,AS_NP26,DAM,SP_CLR_PRC,0,1
2023-06-25T17:00:00-00:00,2023-06-25T18:00:00-00:00,2023-06-25,11,0,Hourly,SR,AS_CAISO_EXP,DAM,SP_CLR_PRC,0.16,1
2023-06-25T17:00:00-00:00,2023-06-25T18:00:00-00:00,2023-06-25,11,0,Hourly,SR,AS_NP26,DAM,SP_CLR_PRC,0,1
2023-06-25T17:00:00-00:00,2023-06-25T18:00:00-00:00,2023-06-25,11,0,Hourly,SR,AS_SP26_EXP,DAM,SP_CLR_PRC,0,1
2023-06-25T18:00:00-00:00,2023-06-25T19:00:00-00:00,2023-06-25,12,0,Hourly,SR,AS_SP26,DAM,SP_CLR_PRC,0,1
2023-06-25T19:00:00-00:00,2023-06-25T20:00:00-00:00,2023-06-25,13,0,Hourly,SR,AS_SP26,DAM,SP_CLR_PRC,0,1
2023-06-25T20:00:00-00:00,2023-06-25T21:00:00-00:00,2023-06-25,14,0,Hourly,SR,AS_CAISO_EXP,DAM,SP_CLR_PRC,0.16,1
2023-06-25T20:00:00-00:00,2023-06-25T21:00:00-00:00,2023-06-25,14,0,Hourly,SR,AS_NP26_EXP,DAM,SP_CLR_PRC,0.93,1
2023-06-25T20:00:00-00:00,2023-06-25T21:00:00-00:00,2023-06-25,14,0,Hourly,SR,AS_SP26,DAM,SP_CLR_PRC,0,1
2023-06-25T21:00:00-00:00,2023-06-25T22:00:00-00:00,2023-06-25,15,0,Hourly,SR,AS_NP26,DAM,SP_CLR_PRC,0,1
2023-06-25T21:00:00-00:00,2023-06-25T22:00:00-00:00,2023-06-25,15,0,Hourly,SR,AS_NP26_EXP,DAM,SP_CLR_PRC,0.19,1
2023-06-25T21:00:00-00:00,2023-06-25T22:00:00-00:00,2023-06-25,15,0,Hourly,SR,AS_SP26_EXP,DAM,SP_CLR_PRC,0,1
2023-06-25T22:00:00-00:00,2023-06-25T23:00:00-00:00,2023-06-25,16,0,Hourly,SR,AS_NP26_EXP,DAM,SP_CLR_PRC,0.19,1
2023-06-25T15:00:00-00:00,2023-06-25T16:00:00-00:00,2023-06-25,9,0,Hourly,SR,AS_CAISO,DAM,SP_CLR_PRC,0,1
2023-06-25T15:00:00-00:00,2023-06-25T16:00:00-00:00,2023-06-25,9,0,Hourly,SR,AS_NP26_EXP,DAM,SP_CLR_PRC,2,1
2023-06-25T16:00:00-00:00,2023-06-25T17:00:00-00:00,2023-06-25,10,0,Hourly,SR,AS_CAISO,DAM,SP_CLR_PRC,0,1
2023-06-25T16:00:00-00:00,2023-06-25T17:00:00-00:00,2023-06-25,10,0,Hourly,SR,AS_SP26_EXP,DAM,SP_CLR_PRC,0,1
2023-06-25T18:00:00-00:00,2023-06-25T19:00:00-00:00,2023-06-25,12,0,Hourly,SR,AS_NP26_EXP,DAM,SP_CLR_PRC,0.45,1
2023-06-25T21:00:00-00:00,2023-06-25T22:00:00-00:00,2023-06-25,15,0,Hourly,SR,AS_SP26,DAM,SP_CLR_PRC,0,1
2023-06-25T22:00:00-00:00,2023-06-25T23:00:00-00:00,2023-06-25,16,0,Hourly,SR,AS_SP26,DAM,SP_CLR_PRC,0,1
2023-06-26T02:00:00-00:00,2023-06-26T03:00:00-00:00,2023-06-25,20,0,Hourly,SR,AS_SP26_EXP,DAM,SP_CLR_PRC,0.40117,1
2023-06-25T08:00:00-00:00,2023-06-25T09:00:00-00:00,2023-06-25,2,0,Hourly,SR,AS_CAISO_EXP,DAM,SP_CLR_PRC,0.16,1
2023-06-25T08:00:00-00:00,2023-06-25T09:00:00-00:00,2023-06-25,2,0,Hourly,SR,AS_NP26_EXP,DAM,SP_CLR_PRC,0.14,1
2023-06-25T08:00:00-00:00,2023-06-25T09:00:00-00:00,2023-06-25,2,0,Hourly,SR,AS_SP26,DAM,SP_CLR_PRC,0,1
2023-06-25T12:00:00-00:00,2023-06-25T13:00:00-00:00,2023-06-25,6,0,Hourly,SR,AS_NP26_EXP,DAM,SP_CLR_PRC,0.09,1
2023-06-25T13:00:00-00:00,2023-06-25T14:00:00-00:00,2023-06-25,7,0,Hourly,SR,AS_CAISO,DAM,SP_CLR_PRC,0,1
2023-06-25T13:00:00-00:00,2023-06-25T14:00:00-00:00,2023-06-25,7,0,Hourly,SR,AS_SP26_EXP,DAM,SP_CLR_PRC,0,1
2023-06-25T14:00:00-00:00,2023-06-25T15:00:00-00:00,2023-06-25,8,0,Hourly,SR,AS_CAISO,DAM,SP_CLR_PRC,0,1
2023-06-25T08:00:00-00:00,2023-06-25T09:00:00-00:00,2023-06-25,2,0,Hourly,SR,AS_SP26_EXP,DAM,SP_CLR_PRC,0,1
2023-06-25T13:00:00-00:00,2023-06-25T14:00:00-00:00,2023-06-25,7,0,Hourly,SR,AS_NP26_EXP,DAM,SP_CLR_PRC,0.09,1
2023-06-25T13:00:00-00:00,2023-06-25T14:00:00-00:00,2023-06-25,7,0,Hourly,SR,AS_SP26,DAM,SP_CLR_PRC,0,1
2023-06-25T16:00:00-00:00,2023-06-25T17:00:00-00:00,2023-06-25,10,0,Hourly,SR,AS_NP26_EXP,DAM,SP_CLR_PRC,0.81,1
2023-06-25T17:00:00-00:00,2023-06-25T18:00:00-00:00,2023-06-25,11,0,Hourly,SR,AS_NP26_EXP,DAM,SP_CLR_PRC,0.74,1
2023-06-25T18:00:00-00:00,2023-06-25T19:00:00-00:00,2023-06-25,12,0,Hourly,SR,AS_CAISO,DAM,SP_CLR_PRC,0,1
2023-06-25T19:00:00-00:00,2023-06-25T20:00:00-00:00,2023-06-25,13,0,Hourly,SR,AS_CAISO_EXP,DAM,SP_CLR_PRC,0.16,1
2023-06-25T20:00:00-00:00,2023-06-25T21:00:00-00:00,2023-06-25,14,0,Hourly,SR,AS_CAISO,DAM,SP_CLR_PRC,0,1
2023-06-25T23:00:00-00:00,2023-06-26T00:00:00-00:00,2023-06-25,17,0,Hourly,SR,AS_NP26,DAM,SP_CLR_PRC,0,1
2023-06-25T23:00:00-00:00,2023-06-26T00:00:00-00:00,2023-06-25,17,0,Hourly,SR,AS_SP26_EXP,DAM,SP_CLR_PRC,0,1
2023-06-26T00:00:00-00:00,2023-06-26T01:00:00-00:00,2023-06-25,18,0,Hourly,SR,AS_CAISO,DAM,SP_CLR_PRC,0,1
2023-06-26T00:00:00-00:00,2023-06-26T01:00:00-00:00,2023-06-25,18,0,Hourly,SR,AS_SP26_EXP,DAM,SP_CLR_PRC,0,1
2023-06-26T01:00:00-00:00,2023-06-26T02:00:00-00:00,2023-06-25,19,0,Hourly,SR,AS_SP26,DAM,SP_CLR_PRC,0,1
2023-06-26T02:00:00-00:00,2023-06-26T03:00:00-00:00,2023-06-25,20,0,Hourly,SR,AS_CAISO_EXP,DAM,SP_CLR_PRC,1,1
2023-06-26T03:00:00-00:00,2023-06-26T04:00:00-00:00,2023-06-25,21,0,Hourly,SR,AS_SP26,DAM,SP_CLR_PRC,0,1
2023-06-26T04:00:00-00:00,2023-06-26T05:00:00-00:00,2023-06-25,22,0,Hourly,SR,AS_CAISO,DAM,SP_CLR_PRC,0,1
2023-06-26T05:00:00-00:00,2023-06-26T06:00:00-00:00,2023-06-25,23,0,Hourly,SR,AS_CAISO,DAM,SP_CLR_PRC,0,1
2023-06-26T06:00:00-00:00,2023-06-26T07:00:00-00:00,2023-06-25,24,0,Hourly,SR,AS_SP26,DAM,SP_CLR_PRC,0,1
2023-06-25T09:00:00-00:00,2023-06-25T10:00:00-00:00,2023-06-25,3,0,Hourly,SR,AS_NP26_EXP,DAM,SP_CLR_PRC,0.14,1
2023-06-25T09:00:00-00:00,2023-06-25T10:00:00-00:00,2023-06-25,3,0,Hourly,SR,AS_SP26,DAM,SP_CLR_PRC,0,1
2023-06-25T10:00:00-00:00,2023-06-25T11:00:00-00:00,2023-06-25,4,0,Hourly,SR,AS_SP26_EXP,DAM,SP_CLR_PRC,0,1
2023-06-25T11:00:00-00:00,2023-06-25T12:00:00-00:00,2023-06-25,5,0,Hourly,SR,AS_CAISO,DAM,SP_CLR_PRC,0,1
2023-06-25T12:00:00-00:00,2023-06-25T13:00:00-00:00,2023-06-25,6,0,Hourly,SR,AS_CAISO_EXP,DAM,SP_CLR_PRC,0.16,1
2023-06-25T14:00:00-00:00,2023-06-25T15:00:00-00:00,2023-06-25,8,0,Hourly,SR,AS_SP26,DAM,SP_CLR_PRC,0,1
2023-06-25T14:00:00-00:00,2023-06-25T15:00:00-00:00,2023-06-25,8,0,Hourly,SR,AS_SP26_EXP,DAM,SP_CLR_PRC,0,1
2023-06-25T17:00:00-00:00,2023-06-25T18:00:00-00:00,2023-06-25,11,0,Hourly,SR,AS_SP26,DAM,SP_CLR_PRC,0,1
2023-06-25T18:00:00-00:00,2023-06-25T19:00:00-00:00,2023-06-25,12,0,Hourly,SR,AS_SP26_EXP,DAM,SP_CLR_PRC,0,1
2023-06-26T00:00:00-00:00,2023-06-26T01:00:00-00:00,2023-06-25,18,0,Hourly,SR,AS_CAISO_EXP,DAM,SP_CLR_PRC,0.85,1
2023-06-26T05:00:00-00:00,2023-06-26T06:00:00-00:00,2023-06-25,23,0,Hourly,SR,AS_CAISO_EXP,DAM,SP_CLR_PRC,0.35,1
2023-06-26T06:00:00-00:00,2023-06-26T07:00:00-00:00,2023-06-25,24,0,Hourly,SR,AS_NP26,DAM,SP_CLR_PRC,0,1
2023-06-25T10:00:00-00:00,2023-06-25T11:00:00-00:00,2023-06-25,4,0,Hourly,SR,AS_CAISO_EXP,DAM,SP_CLR_PRC,0.16,1
2023-06-25T10:00:00-00:00,2023-06-25T11:00:00-00:00,2023-06-25,4,0,Hourly,SR,AS_SP26,DAM,SP_CLR_PRC,0,1
2023-06-25T12:00:00-00:00,2023-06-25T13:00:00-00:00,2023-06-25,6,0,Hourly,SR,AS_CAISO,DAM,SP_CLR_PRC,0,1
2023-06-25T12:00:00-00:00,2023-06-25T13:00:00-00:00,2023-06-25,6,0,Hourly,SR,AS_NP26,DAM,SP_CLR_PRC,0,1
2023-06-25T18:00:00-00:00,2023-06-25T19:00:00-00:00,2023-06-25,12,0,Hourly,SR,AS_NP26,DAM,SP_CLR_PRC,0,1
2023-06-25T19:00:00-00:00,2023-06-25T20:00:00-00:00,2023-06-25,13,0,Hourly,SR,AS_SP26_EXP,DAM,SP_CLR_PRC,0,1
2023-06-25T22:00:00-00:00,2023-06-25T23:00:00-00:00,2023-06-25,16,0,Hourly,SR,AS_CAISO,DAM,SP_CLR_PRC,0,1
2023-06-26T00:00:00-00:00,2023-06-26T01:00:00-00:00,2023-06-25,18,0,Hourly,SR,AS_NP26,DAM,SP_CLR_PRC,0,1
2023-06-26T00:00:00-00:00,2023-06-26T01:00:00-00:00,2023-06-25,18,0,Hourly,SR,AS_NP26_EXP,DAM,SP_CLR_PRC,0.14,1
2023-06-26T01:00:00-00:00,2023-06-26T02:00:00-00:00,2023-06-25,19,0,Hourly,SR,AS_CAISO_EXP,DAM,SP_CLR_PRC,0.21,1
2023-06-26T01:00:00-00:00,2023-06-26T02:00:00-00:00,2023-06-25,19,0,Hourly,SR,AS_NP26,DAM,SP_CLR_PRC,0,1
2023-06-26T03:00:00-00:00,2023-06-26T04:00:00-00:00,2023-06-25,21,0,Hourly,SR,AS_NP26,DAM,SP_CLR_PRC,0,1
2023-06-26T04:00:00-00:00,2023-06-26T05:00:00-00:00,2023-06-25,22,0,Hourly,SR,AS_SP26_EXP,DAM,SP_CLR_PRC,0,1
2023-06-25T10:00:00-00:00,2023-06-25T11:00:00-00:00,2023-06-25,4,0,Hourly,SR,AS_NP26,DAM,SP_CLR_PRC,0,1
2023-06-25T13:00:00-00:00,2023-06-25T14:00:00-00:00,2023-06-25,7,0,Hourly,SR,AS_CAISO_EXP,DAM,SP_CLR_PRC,0.16,1
2023-06-25T14:00:00-00:00,2023-06-25T15:00:00-00:00,2023-06-25,8,0,Hourly,SR,AS_NP26_EXP,DAM,SP_CLR_PRC,0.14,1
2023-06-25T15:00:00-00:00,2023-06-25T16:00:00-00:00,2023-06-25,9,0,Hourly,SR,AS_CAISO_EXP,DAM,SP_CLR_PRC,0.16,1
2023-06-25T15:00:00-00:00,2023-06-25T16:00:00-00:00,2023-06-25,9,0,Hourly,SR,AS_NP26,DAM,SP_CLR_PRC,0,1
2023-06-25T15:00:00-00:00,2023-06-25T16:00:00-00:00,2023-06-25,9,0,Hourly,SR,AS_SP26,DAM,SP_CLR_PRC,0,1
2023-06-26T16:00:00-00:00,2023-06-26T17:00:00-00:00,2023-06-26,10,0,Hourly,SR,AS_NP26,DAM,SP_CLR_PRC,0,2
2023-06-26T16:00:00-00:00,2023-06-26T17:00:00-00:00,2023-06-26,10,0,Hourly,SR,AS_SP26,DAM,SP_CLR_PRC,0,2
2023-06-26T16:00:00-00:00,2023-06-26T17:00:00-00:00,2023-06-26,10,0,Hourly,SR,AS_SP26_EXP,DAM,SP_CLR_PRC,0,2
2023-06-26T17:00:00-00:00,2023-06-26T18:00:00-00:00,2023-06-26,11,0,Hourly,SR,AS_NP26_EXP,DAM,SP_CLR_PRC,0.35,2
2023-06-26T18:00:00-00:00,2023-06-26T19:00:00-00:00,2023-06-26,12,0,Hourly,SR,AS_CAISO,DAM,SP_CLR_PRC,0,2
2023-06-26T19:00:00-00:00,2023-06-26T20:00:00-00:00,2023-06-26,13,0,Hourly,SR,AS_CAISO,DAM,SP_CLR_PRC,0,2
2023-06-26T19:00:00-00:00,2023-06-26T20:00:00-00:00,2023-06-26,13,0,Hourly,SR,AS_SP26,DAM,SP_CLR_PRC,0,2
2023-06-26T20:00:00-00:00,2023-06-26T21:00:00-00:00,2023-06-26,14,0,Hourly,SR,AS_CAISO_EXP,DAM,SP_CLR_PRC,0.16,2
2023-06-26T23:00:00-00:00,2023-06-27T00:00:00-00:00,2023-06-26,17,0,Hourly,SR,AS_CAISO,DAM,SP_CLR_PRC,0,2
2023-06-27T00:00:00-00:00,2023-06-27T01:00:00-00:00,2023-06-26,18,0,Hourly,SR,AS_NP26,DAM,SP_CLR_PRC,0,2
2023-06-27T01:00:00-00:00,2023-06-27T02:00:00-00:00,2023-06-26,19,0,Hourly,SR,AS_NP26,DAM,SP_CLR_PRC,0,2
2023-06-27T04:00:00-00:00,2023-06-27T05:00:00-00:00,2023-06-26,22,0,Hourly,SR,AS_NP26_EXP,DAM,SP_CLR_PRC,0,2
2023-06-27T04:00:00-00:00,2023-06-27T05:00:00-00:00,2023-06-26,22,0,Hourly,SR,AS_SP26_EXP,DAM,SP_CLR_PRC,0,2
2023-06-27T05:00:00-00:00,2023-06-27T06:00:00-00:00,2023-06-26,23,0,Hourly,SR,AS_SP26_EXP,DAM,SP_CLR_PRC,0,2
2023-06-27T06:00:00-00:00,2023-06-27T07:00:00-00:00,2023-06-26,24,0,Hourly,SR,AS_NP26,DAM,SP_CLR_PRC,0,2
2023-06-27T06:00:00-00:00,2023-06-27T07:00:00-00:00,2023-06-26,24,0,Hourly,SR,AS_NP26_EXP,DAM,SP_CLR_PRC,0.09,2
2023-06-26T20:00:00-00:00,2023-06-26T21:00:00-00:00,2023-06-26,14,0,Hourly,SR,AS_NP26,DAM,SP_CLR_PRC,0,2
2023-06-26T22:00:00-00:00,2023-06-26T23:00:00-00:00,2023-06-26,16,0,Hourly,SR,AS_SP26_EXP,DAM,SP_CLR_PRC,0,2
2023-06-26T23:00:00-00:00,2023-06-27T00:00:00-00:00,2023-06-26,17,0,Hourly,SR,AS_CAISO_EXP,DAM,SP_CLR_PRC,0.36,2
2023-06-26T23:00:00-00:00,2023-06-27T00:00:00-00:00,2023-06-26,17,0,Hourly,SR,AS_NP26_EXP,DAM,SP_CLR_PRC,0.14,2
2023-06-27T02:00:00-00:00,2023-06-27T03:00:00-00:00,2023-06-26,20,0,Hourly,SR,AS_SP26,DAM,SP_CLR_PRC,0,2
2023-06-27T03:00:00-00:00,2023-06-27T04:00:00-00:00,2023-06-26,21,0,Hourly,SR,AS_NP26,DAM,SP_CLR_PRC,0,2
2023-06-27T03:00:00-00:00,2023-06-27T04:00:00-00:00,2023-06-26,21,0,Hourly,SR,AS_SP26_EXP,DAM,SP_CLR_PRC,0,2
2023-06-27T04:00:00-00:00,2023-06-27T05:00:00-00:00,2023-06-26,22,0,Hourly,SR,AS_NP26,DAM,SP_CLR_PRC,0,2
2023-06-26T08:00:00-00:00,2023-06-26T09:00:00-00:00,2023-06-26,2,0,Hourly,SR,AS_CAISO_EXP,DAM,SP_CLR_PRC,0.16,2
2023-06-26T08:00:00-00:00,2023-06-26T09:00:00-00:00,2023-06-26,2,0,Hourly,SR,AS_NP26,DAM,SP_CLR_PRC,0,2
2023-06-26T08:00:00-00:00,2023-06-26T09:00:00-00:00,2023-06-26,2,0,Hourly,SR,AS_SP26_EXP,DAM,SP_CLR_PRC,0,2
2023-06-26T09:00:00-00:00,2023-06-26T10:00:00-00:00,2023-06-26,3,0,Hourly,SR,AS_NP26,DAM,SP_CLR_PRC,0,2
2023-06-26T10:00:00-00:00,2023-06-26T11:00:00-00:00,2023-06-26,4,0,Hourly,SR,AS_CAISO,DAM,SP_CLR_PRC,0,2
2023-06-26T11:00:00-00:00,2023-06-26T12:00:00-00:00,2023-06-26,5,0,Hourly,SR,AS_CAISO,DAM,SP_CLR_PRC,0,2
2023-06-26T12:00:00-00:00,2023-06-26T13:00:00-00:00,2023-06-26,6,0,Hourly,SR,AS_NP26,DAM,SP_CLR_PRC,0,2
2023-06-26T14:00:00-00:00,2023-06-26T15:00:00-00:00,2023-06-26,8,0,Hourly,SR,AS_CAISO_EXP,DAM,SP_CLR_PRC,0.16,2
2023-06-26T14:00:00-00:00,2023-06-26T15:00:00-00:00,2023-06-26,8,0,Hourly,SR,AS_SP26,DAM,SP_CLR_PRC,0,2
2023-06-26T15:00:00-00:00,2023-06-26T16:00:00-00:00,2023-06-26,9,0,Hourly,SR,AS_NP26_EXP,DAM,SP_CLR_PRC,2.64,2
2023-06-26T16:00:00-00:00,2023-06-26T17:00:00-00:00,2023-06-26,10,0,Hourly,SR,AS_CAISO_EXP,DAM,SP_CLR_PRC,0.16,2
2023-06-26T22:00:00-00:00,2023-06-26T23:00:00-00:00,2023-06-26,16,0,Hourly,SR,AS_CAISO_EXP,DAM,SP_CLR_PRC,0.36,2
2023-06-26T22:00:00-00:00,2023-06-26T23:00:00-00:00,2023-06-26,16,0,Hourly,SR,AS_SP26,DAM,SP_CLR_PRC,0,2
2023-06-26T23:00:00-00:00,2023-06-27T00:00:00-00:00,2023-06-26,17,0,Hourly,SR,AS_SP26_EXP,DAM,SP_CLR_PRC,0,2
2023-06-27T00:00:00-00:00,2023-06-27T01:00:00-00:00,2023-06-26,18,0,Hourly,SR,AS_NP26_EXP,DAM,SP_CLR_PRC,0.14,2
2023-06-27T02:00:00-00:00,2023-06-27T03:00:00-00:00,2023-06-26,20,0,Hourly,SR,AS_CAISO,DAM,SP_CLR_PRC,0,2
2023-06-27T03:00:00-00:00,2023-06-27T04:00:00-00:00,2023-06-26,21,0,Hourly,SR,AS_NP26_EXP,DAM,SP_CLR_PRC,0,2
2023-06-27T06:00:00-00:00,2023-06-27T07:00:00-00:00,2023-06-26,24,0,Hourly,SR,AS_CAISO,DAM,SP_CLR_PRC,0,2
2023-06-27T06:00:00-00:00,2023-06-27T07:00:00-00:00,2023-06-26,24,0,Hourly,SR,AS_SP26,DAM,SP_CLR_PRC,0,2
2023-06-27T06:00:00-00:00,2023-06-27T07:00:00-00:00,2023-06-26,24,0,Hourly,SR,AS_SP26_EXP,DAM,SP_CLR_PRC,0,2
2023-06-26T07:00:00-00:00,2023-06-26T08:00:00-00:00,2023-06-26,1,0,Hourly,SR,AS_CAISO_EXP,DAM,SP_CLR_PRC,0.16,2
2023-06-26T11:00:00-00:00,2023-06-26T12:00:00-00:00,2023-06-26,5,0,Hourly,SR,AS_CAISO_EXP,DAM,SP_CLR_PRC,0.16,2
2023-06-26T12:00:00-00:00,2023-06-26T13:00:00-00:00,2023-06-26,6,0,Hourly,SR,AS_SP26_EXP,DAM,SP_CLR_PRC,0,2
2023-06-26T15:00:00-00:00,2023-06-26T16:00:00-00:00,2023-06-26,9,0,Hourly,SR,AS_CAISO,DAM,SP_CLR_PRC,0,2
2023-06-26T17:00:00-00:00,2023-06-26T18:00:00-00:00,2023-06-26,11,0,Hourly,SR,AS_SP26,DAM,SP_CLR_PRC,0,2
2023-06-26T18:00:00-00:00,2023-06-26T19:00:00-00:00,2023-06-26,12,0,Hourly,SR,AS_NP26_EXP,DAM,SP_CLR_PRC,0.37968,2
2023-06-26T18:00:00-00:00,2023-06-26T19:00:00-00:00,2023-06-26,12,0,Hourly,SR,AS_SP26,DAM,SP_CLR_PRC,0,2
2023-06-26T22:00:00-00:00,2023-06-26T23:00:00-00:00,2023-06-26,16,0,Hourly,SR,AS_NP26_EXP,DAM,SP_CLR_PRC,0.14,2
2023-06-26T23:00:00-00:00,2023-06-27T00:00:00-00:00,2023-06-26,17,0,Hourly,SR,AS_NP26,DAM,SP_CLR_PRC,0,2
2023-06-27T00:00:00-00:00,2023-06-27T01:00:00-00:00,2023-06-26,18,0,Hourly,SR,AS_SP26,DAM,SP_CLR_PRC,0,2
2023-06-27T00:00:00-00:00,2023-06-27T01:00:00-00:00,2023-06-26,18,0,Hourly,SR,AS_SP26_EXP,DAM,SP_CLR_PRC,0,2
2023-06-27T01:00:00-00:00,2023-06-27T02:00:00-00:00,2023-06-26,19,0,Hourly,SR,AS_CAISO,DAM,SP_CLR_PRC,0,2
2023-06-27T02:00:00-00:00,2023-06-27T03:00:00-00:00,2023-06-26,20,0,Hourly,SR,AS_NP26_EXP,DAM,SP_CLR_PRC,0,2
2023-06-27T03:00:00-00:00,2023-06-27T04:00:00-00:00,2023-06-26,21,0,Hourly,SR,AS_CAISO_EXP,DAM,SP_CLR_PRC,11,2
2023-06-27T05:00:00-00:00,2023-06-27T06:00:00-00:00,2023-06-26,23,0,Hourly,SR,AS_CAISO,DAM,SP_CLR_PRC,0,2
2023-06-26T08:00:00-00:00,2023-06-26T09:00:00-00:00,2023-06-26,2,0,Hourly,SR,AS_NP26_EXP,DAM,SP_CLR_PRC,0.09,2
2023-06-26T09:00:00-00:00,2023-06-26T10:00:00-00:00,2023-06-26,3,0,Hourly,SR,AS_NP26_EXP,DAM,SP_CLR_PRC,0.09,2
2023-06-26T10:00:00-00:00,2023-06-26T11:00:00-00:00,2023-06-26,4,0,Hourly,SR,AS_CAISO_EXP,DAM,SP_CLR_PRC,0.16,2
2023-06-26T13:00:00-00:00,2023-06-26T14:00:00-00:00,2023-06-26,7,0,Hourly,SR,AS_CAISO,DAM,SP_CLR_PRC,0,2
2023-06-26T13:00:00-00:00,2023-06-26T14:00:00-00:00,2023-06-26,7,0,Hourly,SR,AS_CAISO_EXP,DAM,SP_CLR_PRC,0.16,2
2023-06-26T14:00:00-00:00,2023-06-26T15:00:00-00:00,2023-06-26,8,0,Hourly,SR,AS_CAISO,DAM,SP_CLR_PRC,0,2
2023-06-26T17:00:00-00:00,2023-06-26T18:00:00-00:00,2023-06-26,11,0,Hourly,SR,AS_NP26,DAM,SP_CLR_PRC,0,2
2023-06-26T18:00:00-00:00,2023-06-26T19:00:00-00:00,2023-06-26,12,0,Hourly,SR,AS_SP26_EXP,DAM,SP_CLR_PRC,0,2
2023-06-26T19:00:00-00:00,2023-06-26T20:00:00-00:00,2023-06-26,13,0,Hourly,SR,AS_CAISO_EXP,DAM,SP_CLR_PRC,0.16,2
2023-06-26T20:00:00-00:00,2023-06-26T21:00:00-00:00,2023-06-26,14,0,Hourly,SR,AS_CAISO,DAM,SP_CLR_PRC,0,2
2023-06-26T20:00:00-00:00,2023-06-26T21:00:00-00:00,2023-06-26,14,0,Hourly,SR,AS_SP26,DAM,SP_CLR_PRC,0,2
2023-06-26T21:00:00-00:00,2023-06-26T22:00:00-00:00,2023-06-26,15,0,Hourly,SR,AS_CAISO_EXP,DAM,SP_CLR_PRC,0.16,2
2023-06-27T00:00:00-00:00,2023-06-27T01:00:00-00:00,2023-06-26,18,0,Hourly,SR,AS_CAISO_EXP,DAM,SP_CLR_PRC,1.99,2
2023-06-27T01:00:00-00:00,2023-06-27T02:00:00-00:00,2023-06-26,19,0,Hourly,SR,AS_SP26,DAM,SP_CLR_PRC,0,2
2023-06-27T04:00:00-00:00,2023-06-27T05:00:00-00:00,2023-06-26,22,0,Hourly,SR,AS_CAISO_EXP,DAM,SP_CLR_PRC,7.04167,2
2023-06-27T05:00:00-00:00,2023-06-27T06:00:00-00:00,2023-06-26,23,0,Hourly,SR,AS_NP26,DAM,SP_CLR_PRC,0,2
2023-06-27T06:00:00-00:00,2023-06-27T07:00:00-00:00,2023-06-26,24,0,Hourly,SR,AS_CAISO_EXP,DAM,SP_CLR_PRC,0.36,2
2023-06-26T07:00:00-00:00,2023-06-26T08:00:00-00:00,2023-06-26,1,0,Hourly,SR,AS_NP26,DAM,SP_CLR_PRC,0,2
2023-06-26T09:00:00-00:00,2023-06-26T10:00:00-00:00,2023-06-26,3,0,Hourly,SR,AS_SP26_EXP,DAM,SP_CLR_PRC,0,2
2023-06-26T14:00:00-00:00,2023-06-26T15:00:00-00:00,2023-06-26,8,0,Hourly,SR,AS_NP26_EXP,DAM,SP_CLR_PRC,0.84,2
2023-06-26T15:00:00-00:00,2023-06-26T16:00:00-00:00,2023-06-26,9,0,Hourly,SR,AS_CAISO_EXP,DAM,SP_CLR_PRC,0.16,2
2023-06-26T08:00:00-00:00,2023-06-26T09:00:00-00:00,2023-06-26,2,0,Hourly,SR,AS_SP26,DAM,SP_CLR_PRC,0,2
2023-06-26T09:00:00-00:00,2023-06-26T10:00:00-00:00,2023-06-26,3,0,Hourly,SR,AS_CAISO_EXP,DAM,SP_CLR_PRC,0.16,2
2023-06-26T12:00:00-00:00,2023-06-26T13:00:00-00:00,2023-06-26,6,0,Hourly,SR,AS_CAISO,DAM,SP_CLR_PRC,0,2
2023-06-26T12:00:00-00:00,2023-06-26T13:00:00-00:00,2023-06-26,6,0,Hourly,SR,AS_CAISO_EXP,DAM,SP_CLR_PRC,0.16,2
2023-06-26T13:00:00-00:00,2023-06-26T14:00:00-00:00,2023-06-26,7,0,Hourly,SR,AS_NP26_EXP,DAM,SP_CLR_PRC,0.09,2
2023-06-26T13:00:00-00:00,2023-06-26T14:00:00-00:00,2023-06-26,7,0,Hourly,SR,AS_SP26,DAM,SP_CLR_PRC,0,2
2023-06-26T14:00:00-00:00,2023-06-26T15:00:00-00:00,2023-06-26,8,0,Hourly,SR,AS_SP26_EXP,DAM,SP_CLR_PRC,0,2
2023-06-26T15:00:00-00:00,2023-06-26T16:00:00-00:00,2023-06-26,9,0,Hourly,SR,AS_NP26,DAM,SP_CLR_PRC,0,2
2023-06-26T18:00:00-00:00,2023-06-26T19:00:00-00:00,2023-06-26,12,0,Hourly,SR,AS_NP26,DAM,SP_CLR_PRC,0,2
2023-06-26T23:00:00-00:00,2023-06-27T00:00:00-00:00,2023-06-26,17,0,Hourly,SR,AS_SP26,DAM,SP_CLR_PRC,0,2
2023-06-27T01:00:00-00:00,2023-06-27T02:00:00-00:00,2023-06-26,19,0,Hourly,SR,AS_CAISO_EXP,DAM,SP_CLR_PRC,5.86,2
2023-06-27T01:00:00-00:00,2023-06-27T02:00:00-00:00,2023-06-26,19,0,Hourly,SR,AS_SP26_EXP,DAM,SP_CLR_PRC,0,2
2023-06-27T03:00:00-00:00,2023-06-27T04:00:00-00:00,2023-06-26,21,0,Hourly,SR,AS_CAISO,DAM,SP_CLR_PRC,0,2
2023-06-26T07:00:00-00:00,2023-06-26T08:00:00-00:00,2023-06-26,1,0,Hourly,SR,AS_NP26_EXP,DAM,SP_CLR_PRC,0.09,2
2023-06-26T11:00:00-00:00,2023-06-26T12:00:00-00:00,2023-06-26,5,0,Hourly,SR,AS_SP26,DAM,SP_CLR_PRC,0,2
2023-06-26T11:00:00-00:00,2023-06-26T12:00:00-00:00,2023-06-26,5,0,Hourly,SR,AS_SP26_EXP,DAM,SP_CLR_PRC,0,2
2023-06-26T12:00:00-00:00,2023-06-26T13:00:00-00:00,2023-06-26,6,0,Hourly,SR,AS_NP26_EXP,DAM,SP_CLR_PRC,0.09,2
2023-06-26T12:00:00-00:00,2023-06-26T13:00:00-00:00,2023-06-26,6,0,Hourly,SR,AS_SP26,DAM,SP_CLR_PRC,0,2
2023-06-26T14:00:00-00:00,2023-06-26T15:00:00-00:00,2023-06-26,8,0,Hourly,SR,AS_NP26,DAM,SP_CLR_PRC,0,2
2023-06-26T16:00:00-00:00,2023-06-26T17:00:00-00:00,2023-06-26,10,0,Hourly,SR,AS_NP26_EXP,DAM,SP_CLR_PRC,2.21936,2
2023-06-26T17:00:00-00:00,2023-06-26T18:00:00-00:00,2023-06-26,11,0,Hourly,SR,AS_CAISO,DAM,SP_CLR_PRC,0,2
2023-06-26T17:00:00-00:00,2023-06-26T18:00:00-00:00,2023-06-26,11,0,Hourly,SR,AS_CAISO_EXP,DAM,SP_CLR_PRC,0.16,2
2023-06-26T19:00:00-00:00,2023-06-26T20:00:00-00:00,2023-06-26,13,0,Hourly,SR,AS_SP26_EXP,DAM,SP_CLR_PRC,0,2
2023-06-26T20:00:00-00:00,2023-06-26T21:00:00-00:00,2023-06-26,14,0,Hourly,SR,AS_NP26_EXP,DAM,SP_CLR_PRC,0.34,2
2023-06-26T20:00:00-00:00,2023-06-26T21:00:00-00:00,2023-06-26,14,0,Hourly,SR,AS_SP26_EXP,DAM,SP_CLR_PRC,0,2
2023-06-26T21:00:00-00:00,2023-06-26T22:00:00-00:00,2023-06-26,15,0,Hourly,SR,AS_SP26,DAM,SP_CLR_PRC,0,2
2023-06-26T21:00:00-00:00,2023-06-26T22:00:00-00:00,2023-06-26,15,0,Hourly,SR,AS_SP26_EXP,DAM,SP_CLR_PRC,0,2
2023-06-26T22:00:00-00:00,2023-06-26T23:00:00-00:00,2023-06-26,16,0,Hourly,SR,AS_CAISO,DAM,SP_CLR_PRC,0,2
2023-06-27T00:00:00-00:00,2023-06-27T01:00:00-00:00,2023-06-26,18,0,Hourly,SR,AS_CAISO,DAM,SP_CLR_PRC,0,2
2023-06-27T01:00:00-00:00,2023-06-27T02:00:00-00:00,2023-06-26,19,0,Hourly,SR,AS_NP26_EXP,DAM,SP_CLR_PRC,0.19,2
2023-06-27T02:00:00-00:00,2023-06-27T03:00:00-00:00,2023-06-26,20,0,Hourly,SR,AS_CAISO_EXP,DAM,SP_CLR_PRC,1,2
2023-06-27T02:00:00-00:00,2023-06-27T03:00:00-00:00,2023-06-26,20,0,Hourly,SR,AS_NP26,DAM,SP_CLR_PRC,0,2
2023-06-27T03:00:00-00:00,2023-06-27T04:00:00-00:00,2023-06-26,21,0,Hourly,SR,AS_SP26,DAM,SP_CLR_PRC,0,2
2023-06-27T04:00:00-00:00,2023-06-27T05:00:00-00:00,2023-06-26,22,0,Hourly,SR,AS_SP26,DAM,SP_CLR_PRC,0,2
2023-06-27T05:00:00-00:00,2023-06-27T06:00:00-00:00,2023-06-26,23,0,Hourly,SR,AS_CAISO_EXP,DAM,SP_CLR_PRC,1.73485,2
2023-06-26T09:00:00-00:00,2023-06-26T10:00:00-00:00,2023-06-26,3,0,Hourly,SR,AS_CAISO,DAM,SP_CLR_PRC,0,2
2023-06-26T09:00:00-00:00,2023-06-26T10:00:00-00:00,2023-06-26,3,0,Hourly,SR,AS_SP26,DAM,SP_CLR_PRC,0,2
2023-06-26T10:00:00-00:00,2023-06-26T11:00:00-00:00,2023-06-26,4,0,Hourly,SR,AS_SP26_EXP,DAM,SP_CLR_PRC,0,2
2023-06-26T11:00:00-00:00,2023-06-26T12:00:00-00:00,2023-06-26,5,0,Hourly,SR,AS_NP26,DAM,SP_CLR_PRC,0,2
2023-06-26T13:00:00-00:00,2023-06-26T14:00:00-00:00,2023-06-26,7,0,Hourly,SR,AS_SP26_EXP,DAM,SP_CLR_PRC,0,2
2023-06-26T15:00:00-00:00,2023-06-26T16:00:00-00:00,2023-06-26,9,0,Hourly,SR,AS_SP26,DAM,SP_CLR_PRC,0,2
2023-06-26T15:00:00-00:00,2023-06-26T16:00:00-00:00,2023-06-26,9,0,Hourly,SR,AS_SP26_EXP,DAM,SP_CLR_PRC,0,2
2023-06-26T19:00:00-00:00,2023-06-26T20:00:00-00:00,2023-06-26,13,0,Hourly,SR,AS_NP26_EXP,DAM,SP_CLR_PRC,0.34,2
2023-06-26T21:00:00-00:00,2023-06-26T22:00:00-00:00,2023-06-26,15,0,Hourly,SR,AS_CAISO,DAM,SP_CLR_PRC,0,2
2023-06-26T21:00:00-00:00,2023-06-26T22:00:00-00:00,2023-06-26,15,0,Hourly,SR,AS_NP26,DAM,SP_CLR_PRC,0,2
2023-06-26T21:00:00-00:00,2023-06-26T22:00:00-00:00,2023-06-26,15,0,Hourly,SR,AS_NP26_EXP,DAM,SP_CLR_PRC,1.11724,2
2023-06-26T22:00:00-00:00,2023-06-26T23:00:00-00:00,2023-06-26,16,0,Hourly,SR,AS_NP26,DAM,SP_CLR_PRC,0,2
2023-06-27T02:00:00-00:00,2023-06-27T03:00:00-00:00,2023-06-26,20,0,Hourly,SR,AS_SP26_EXP,DAM,SP_CLR_PRC,1.14,2
2023-06-27T04:00:00-00:00,2023-06-27T05:00:00-00:00,2023-06-26,22,0,Hourly,SR,AS_CAISO,DAM,SP_CLR_PRC,0,2
2023-06-27T05:00:00-00:00,2023-06-27T06:00:00-00:00,2023-06-26,23,0,Hourly,SR,AS_NP26_EXP,DAM,SP_CLR_PRC,0,2
2023-06-27T05:00:00-00:00,2023-06-27T06:00:00-00:00,2023-06-26,23,0,Hourly,SR,AS_SP26,DAM,SP_CLR_PRC,0,2
2023-06-26T07:00:00-00:00,2023-06-26T08:00:00-00:00,2023-06-26,1,0,Hourly,SR,AS_CAISO,DAM,SP_CLR_PRC,0,2
2023-06-26T07:00:00-00:00,2023-06-26T08:00:00-00:00,2023-06-26,1,0,Hourly,SR,AS_SP26,DAM,SP_CLR_PRC,0,2
2023-06-26T07:00:00-00:00,2023-06-26T08:00:00-00:00,2023-06-26,1,0,Hourly,SR,AS_SP26_EXP,DAM,SP_CLR_PRC,0,2
2023-06-26T08:00:00-00:00,2023-06-26T09:00:00-00:00,2023-06-26,2,0,Hourly,SR,AS_CAISO,DAM,SP_CLR_PRC,0,2
2023-06-26T10:00:00-00:00,2023-06-26T11:00:00-00:00,2023-06-26,4,0,Hourly,SR,AS_NP26,DAM,SP_CLR_PRC,0,2
2023-06-26T10:00:00-00:00,2023-06-26T11:00:00-00:00,2023-06-26,4,0,Hourly,SR,AS_NP26_EXP,DAM,SP_CLR_PRC,0.09,2
2023-06-26T10:00:00-00:00,2023-06-26T11:00:00-00:00,2023-06-26,4,0,Hourly,SR,AS_SP26,DAM,SP_CLR_PRC,0,2
2023-06-26T11:00:00-00:00,2023-06-26T12:00:00-00:00,2023-06-26,5,0,Hourly,SR,AS_NP26_EXP,DAM,SP_CLR_PRC,0.09,2
2023-06-26T13:00:00-00:00,2023-06-26T14:00:00-00:00,2023-06-26,7,0,Hourly,SR,AS_NP26,DAM,SP_CLR_PRC,0,2
2023-06-26T16:00:00-00:00,2023-06-26T17:00:00-00:00,2023-06-26,10,0,Hourly,SR,AS_CAISO,DAM,SP_CLR_PRC,0,2
2023-06-26T17:00:00-00:00,2023-06-26T18:00:00-00:00,2023-06-26,11,0,Hourly,SR,AS_SP26_EXP,DAM,SP_CLR_PRC,0,2
2023-06-26T18:00:00-00:00,2023-06-26T19:00:00-00:00,2023-06-26,12,0,Hourly,SR,AS_CAISO_EXP,DAM,SP_CLR_PRC,0.16,2
2023-06-26T19:00:00-00:00,2023-06-26T20:00:00-00:00,2023-06-26,13,0,Hourly,SR,AS_NP26,DAM,SP_CLR_PRC,0,2
2023-06-27T07:00:00-00:00,2023-06-27T08:00:00-00:00,2023-06-27,1,0,Hourly,SR,AS_CAISO_EXP,DAM,SP_CLR_PRC,0.16,3
2023-06-27T09:00:00-00:00,2023-06-27T10:00:00-00:00,2023-06-27,3,0,Hourly,SR,AS_CAISO_EXP,DAM,SP_CLR_PRC,0.16,3
2023-06-27T10:00:00-00:00,2023-06-27T11:00:00-00:00,2023-06-27,4,0,Hourly,SR,AS_CAISO_EXP,DAM,SP_CLR_PRC,0.16,3
2023-06-27T10:00:00-00:00,2023-06-27T11:00:00-00:00,2023-06-27,4,0,Hourly,SR,AS_NP26_EXP,DAM,SP_CLR_PRC,0.09,3
2023-06-27T13:00:00-00:00,2023-06-27T14:00:00-00:00,2023-06-27,7,0,Hourly,SR,AS_NP26_EXP,DAM,SP_CLR_PRC,0.09,3
2023-06-27T14:00:00-00:00,2023-06-27T15:00:00-00:00,2023-06-27,8,0,Hourly,SR,AS_SP26_EXP,DAM,SP_CLR_PRC,0,3
2023-06-27T15:00:00-00:00,2023-06-27T16:00:00-00:00,2023-06-27,9,0,Hourly,SR,AS_CAISO,DAM,SP_CLR_PRC,0,3
2023-06-27T15:00:00-00:00,2023-06-27T16:00:00-00:00,2023-06-27,9,0,Hourly,SR,AS_NP26,DAM,SP_CLR_PRC,0,3
2023-06-27T15:00:00-00:00,2023-06-27T16:00:00-00:00,2023-06-27,9,0,Hourly,SR,AS_SP26,DAM,SP_CLR_PRC,0,3
2023-06-27T16:00:00-00:00,2023-06-27T17:00:00-00:00,2023-06-27,10,0,Hourly,SR,AS_CAISO_EXP,DAM,SP_CLR_PRC,0.16,3
2023-06-27T16:00:00-00:00,2023-06-27T17:00:00-00:00,2023-06-27,10,0,Hourly,SR,AS_SP26,DAM,SP_CLR_PRC,0,3
2023-06-27T19:00:00-00:00,2023-06-27T20:00:00-00:00,2023-06-27,13,0,Hourly,SR,AS_CAISO_EXP,DAM,SP_CLR_PRC,0.16,3
2023-06-27T19:00:00-00:00,2023-06-27T20:00:00-00:00,2023-06-27,13,0,Hourly,SR,AS_SP26,DAM,SP_CLR_PRC,0,3
2023-06-27T21:00:00-00:00,2023-06-27T22:00:00-00:00,2023-06-27,15,0,Hourly,SR,AS_NP26,DAM,SP_CLR_PRC,0,3
2023-06-28T00:00:00-00:00,2023-06-28T01:00:00-00:00,2023-06-27,18,0,Hourly,SR,AS_CAISO_EXP,DAM,SP_CLR_PRC,0.36,3
2023-06-28T00:00:00-00:00,2023-06-28T01:00:00-00:00,2023-06-27,18,0,Hourly,SR,AS_NP26,DAM,SP_CLR_PRC,0,3
2023-06-28T01:00:00-00:00,2023-06-28T02:00:00-00:00,2023-06-27,19,0,Hourly,SR,AS_CAISO,DAM,SP_CLR_PRC,0,3
2023-06-28T02:00:00-00:00,2023-06-28T03:00:00-00:00,2023-06-27,20,0,Hourly,SR,AS_CAISO,DAM,SP_CLR_PRC,0,3
2023-06-28T02:00:00-00:00,2023-06-28T03:00:00-00:00,2023-06-27,20,0,Hourly,SR,AS_SP26_EXP,DAM,SP_CLR_PRC,0,3
2023-06-28T04:00:00-00:00,2023-06-28T05:00:00-00:00,2023-06-27,22,0,Hourly,SR,AS_NP26,DAM,SP_CLR_PRC,0,3
2023-06-28T05:00:00-00:00,2023-06-28T06:00:00-00:00,2023-06-27,23,0,Hourly,SR,AS_CAISO,DAM,SP_CLR_PRC,0,3
2023-06-28T05:00:00-00:00,2023-06-28T06:00:00-00:00,2023-06-27,23,0,Hourly,SR,AS_SP26_EXP,DAM,SP_CLR_PRC,1.51,3
2023-06-28T01:00:00-00:00,2023-06-28T02:00:00-00:00,2023-06-27,19,0,Hourly,SR,AS_SP26,DAM,SP_CLR_PRC,0,3
2023-06-28T02:00:00-00:00,2023-06-28T03:00:00-00:00,2023-06-27,20,0,Hourly,SR,AS_NP26,DAM,SP_CLR_PRC,0,3
2023-06-28T03:00:00-00:00,2023-06-28T04:00:00-00:00,2023-06-27,21,0,Hourly,SR,AS_SP26_EXP,DAM,SP_CLR_PRC,0,3
2023-06-28T06:00:00-00:00,2023-06-28T07:00:00-00:00,2023-06-27,24,0,Hourly,SR,AS_CAISO_EXP,DAM,SP_CLR_PRC,0.31,3
2023-06-28T06:00:00-00:00,2023-06-28T07:00:00-00:00,2023-06-27,24,0,Hourly,SR,AS_NP26_EXP,DAM,SP_CLR_PRC,0.19,3
2023-06-28T06:00:00-00:00,2023-06-28T07:00:00-00:00,2023-06-27,24,0,Hourly,SR,AS_SP26_EXP,DAM,SP_CLR_PRC,0,3
2023-06-27T09:00:00-00:00,2023-06-27T10:00:00-00:00,2023-06-27,3,0,Hourly,SR,AS_SP26,DAM,SP_CLR_PRC,0,3
2023-06-27T10:00:00-00:00,2023-06-27T11:00:00-00:00,2023-06-27,4,0,Hourly,SR,AS_CAISO,DAM,SP_CLR_PRC,0,3
2023-06-27T12:00:00-00:00,2023-06-27T13:00:00-00:00,2023-06-27,6,0,Hourly,SR,AS_NP26_EXP,DAM,SP_CLR_PRC,0.09,3
2023-06-27T12:00:00-00:00,2023-06-27T13:00:00-00:00,2023-06-27,6,0,Hourly,SR,AS_SP26,DAM,SP_CLR_PRC,0,3
2023-06-27T14:00:00-00:00,2023-06-27T15:00:00-00:00,2023-06-27,8,0,Hourly,SR,AS_CAISO,DAM,SP_CLR_PRC,0,3
2023-06-27T18:00:00-00:00,2023-06-27T19:00:00-00:00,2023-06-27,12,0,Hourly,SR,AS_SP26_EXP,DAM,SP_CLR_PRC,0,3
2023-06-27T19:00:00-00:00,2023-06-27T20:00:00-00:00,2023-06-27,13,0,Hourly,SR,AS_NP26,DAM,SP_CLR_PRC,0,3
2023-06-27T19:00:00-00:00,2023-06-27T20:00:00-00:00,2023-06-27,13,0,Hourly,SR,AS_NP26_EXP,DAM,SP_CLR_PRC,2.24,3
2023-06-27T20:00:00-00:00,2023-06-27T21:00:00-00:00,2023-06-27,14,0,Hourly,SR,AS_NP26,DAM,SP_CLR_PRC,0,3
2023-06-27T20:00:00-00:00,2023-06-27T21:00:00-00:00,2023-06-27,14,0,Hourly,SR,AS_SP26_EXP,DAM,SP_CLR_PRC,0,3
2023-06-27T21:00:00-00:00,2023-06-27T22:00:00-00:00,2023-06-27,15,0,Hourly,SR,AS_SP26_EXP,DAM,SP_CLR_PRC,0,3
2023-06-27T22:00:00-00:00,2023-06-27T23:00:00-00:00,2023-06-27,16,0,Hourly,SR,AS_CAISO,DAM,SP_CLR_PRC,0,3
2023-06-27T21:00:00-00:00,2023-06-27T22:00:00-00:00,2023-06-27,15,0,Hourly,SR,AS_SP26,DAM,SP_CLR_PRC,0,3
2023-06-28T01:00:00-00:00,2023-06-28T02:00:00-00:00,2023-06-27,19,0,Hourly,SR,AS_NP26_EXP,DAM,SP_CLR_PRC,0.19,3
2023-06-28T01:00:00-00:00,2023-06-28T02:00:00-00:00,2023-06-27,19,0,Hourly,SR,AS_SP26_EXP,DAM,SP_CLR_PRC,0,3
2023-06-28T04:00:00-00:00,2023-06-28T05:00:00-00:00,2023-06-27,22,0,Hourly,SR,AS_SP26_EXP,DAM,SP_CLR_PRC,0.33396,3
2023-06-28T06:00:00-00:00,2023-06-28T07:00:00-00:00,2023-06-27,24,0,Hourly,SR,AS_SP26,DAM,SP_CLR_PRC,0,3
2023-06-27T07:00:00-00:00,2023-06-27T08:00:00-00:00,2023-06-27,1,0,Hourly,SR,AS_NP26,DAM,SP_CLR_PRC,0,3
2023-06-27T07:00:00-00:00,2023-06-27T08:00:00-00:00,2023-06-27,1,0,Hourly,SR,AS_SP26_EXP,DAM,SP_CLR_PRC,0,3
2023-06-27T08:00:00-00:00,2023-06-27T09:00:00-00:00,2023-06-27,2,0,Hourly,SR,AS_CAISO,DAM,SP_CLR_PRC,0,3
2023-06-27T08:00:00-00:00,2023-06-27T09:00:00-00:00,2023-06-27,2,0,Hourly,SR,AS_NP26,DAM,SP_CLR_PRC,0,3
2023-06-27T08:00:00-00:00,2023-06-27T09:00:00-00:00,2023-06-27,2,0,Hourly,SR,AS_SP26_EXP,DAM,SP_CLR_PRC,0,3
2023-06-27T13:00:00-00:00,2023-06-27T14:00:00-00:00,2023-06-27,7,0,Hourly,SR,AS_CAISO_EXP,DAM,SP_CLR_PRC,0.26,3
2023-06-27T15:00:00-00:00,2023-06-27T16:00:00-00:00,2023-06-27,9,0,Hourly,SR,AS_CAISO_EXP,DAM,SP_CLR_PRC,0.16,3
2023-06-27T17:00:00-00:00,2023-06-27T18:00:00-00:00,2023-06-27,11,0,Hourly,SR,AS_CAISO_EXP,DAM,SP_CLR_PRC,0.16,3
2023-06-27T18:00:00-00:00,2023-06-27T19:00:00-00:00,2023-06-27,12,0,Hourly,SR,AS_NP26,DAM,SP_CLR_PRC,0,3
2023-06-27T18:00:00-00:00,2023-06-27T19:00:00-00:00,2023-06-27,12,0,Hourly,SR,AS_SP26,DAM,SP_CLR_PRC,0,3
2023-06-27T08:00:00-00:00,2023-06-27T09:00:00-00:00,2023-06-27,2,0,Hourly,SR,AS_NP26_EXP,DAM,SP_CLR_PRC,0.09,3
2023-06-27T12:00:00-00:00,2023-06-27T13:00:00-00:00,2023-06-27,6,0,Hourly,SR,AS_NP26,DAM,SP_CLR_PRC,0,3
2023-06-27T12:00:00-00:00,2023-06-27T13:00:00-00:00,2023-06-27,6,0,Hourly,SR,AS_SP26_EXP,DAM,SP_CLR_PRC,0,3
2023-06-27T15:00:00-00:00,2023-06-27T16:00:00-00:00,2023-06-27,9,0,Hourly,SR,AS_NP26_EXP,DAM,SP_CLR_PRC,0.34,3
2023-06-27T16:00:00-00:00,2023-06-27T17:00:00-00:00,2023-06-27,10,0,Hourly,SR,AS_NP26,DAM,SP_CLR_PRC,0,3
2023-06-27T17:00:00-00:00,2023-06-27T18:00:00-00:00,2023-06-27,11,0,Hourly,SR,AS_CAISO,DAM,SP_CLR_PRC,0,3
2023-06-27T20:00:00-00:00,2023-06-27T21:00:00-00:00,2023-06-27,14,0,Hourly,SR,AS_NP26_EXP,DAM,SP_CLR_PRC,0.14,3
2023-06-27T21:00:00-00:00,2023-06-27T22:00:00-00:00,2023-06-27,15,0,Hourly,SR,AS_CAISO,DAM,SP_CLR_PRC,0,3
2023-06-27T23:00:00-00:00,2023-06-28T00:00:00-00:00,2023-06-27,17,0,Hourly,SR,AS_CAISO_EXP,DAM,SP_CLR_PRC,1,3
2023-06-27T23:00:00-00:00,2023-06-28T00:00:00-00:00,2023-06-27,17,0,Hourly,SR,AS_NP26,DAM,SP_CLR_PRC,0,3
2023-06-27T23:00:00-00:00,2023-06-28T00:00:00-00:00,2023-06-27,17,0,Hourly,SR,AS_NP26_EXP,DAM,SP_CLR_PRC,0.14,3
2023-06-27T23:00:00-00:00,2023-06-28T00:00:00-00:00,2023-06-27,17,0,Hourly,SR,AS_SP26,DAM,SP_CLR_PRC,0,3
2023-06-28T04:00:00-00:00,2023-06-28T05:00:00-00:00,2023-06-27,22,0,Hourly,SR,AS_CAISO_EXP,DAM,SP_CLR_PRC,2.56857,3
2023-06-28T05:00:00-00:00,2023-06-28T06:00:00-00:00,2023-06-27,23,0,Hourly,SR,AS_NP26_EXP,DAM,SP_CLR_PRC,0,3
2023-06-28T06:00:00-00:00,2023-06-28T07:00:00-00:00,2023-06-27,24,0,Hourly,SR,AS_CAISO,DAM,SP_CLR_PRC,0,3
2023-06-27T14:00:00-00:00,2023-06-27T15:00:00-00:00,2023-06-27,8,0,Hourly,SR,AS_NP26,DAM,SP_CLR_PRC,0,3
2023-06-27T14:00:00-00:00,2023-06-27T15:00:00-00:00,2023-06-27,8,0,Hourly,SR,AS_NP26_EXP,DAM,SP_CLR_PRC,2.64,3
2023-06-27T17:00:00-00:00,2023-06-27T18:00:00-00:00,2023-06-27,11,0,Hourly,SR,AS_SP26,DAM,SP_CLR_PRC,0,3
2023-06-27T17:00:00-00:00,2023-06-27T18:00:00-00:00,2023-06-27,11,0,Hourly,SR,AS_SP26_EXP,DAM,SP_CLR_PRC,0,3
2023-06-27T20:00:00-00:00,2023-06-27T21:00:00-00:00,2023-06-27,14,0,Hourly,SR,AS_CAISO,DAM,SP_CLR_PRC,0,3
2023-06-27T21:00:00-00:00,2023-06-27T22:00:00-00:00,2023-06-27,15,0,Hourly,SR,AS_NP26_EXP,DAM,SP_CLR_PRC,0.14,3
2023-06-27T22:00:00-00:00,2023-06-27T23:00:00-00:00,2023-06-27,16,0,Hourly,SR,AS_NP26_EXP,DAM,SP_CLR_PRC,0.81,3
2023-06-28T00:00:00-00:00,2023-06-28T01:00:00-00:00,2023-06-27,18,0,Hourly,SR,AS_CAISO,DAM,SP_CLR_PRC,0,3
2023-06-28T00:00:00-00:00,2023-06-28T01:00:00-00:00,2023-06-27,18,0,Hourly,SR,AS_SP26_EXP,DAM,SP_CLR_PRC,0,3
2023-06-28T02:00:00-00:00,2023-06-28T03:00:00-00:00,2023-06-27,20,0,Hourly,SR,AS_SP26,DAM,SP_CLR_PRC,0,3
2023-06-28T03:00:00-00:00,2023-06-28T04:00:00-00:00,2023-06-27,21,0,Hourly,SR,AS_CAISO_EXP,DAM,SP_CLR_PRC,10.88089,3
2023-06-28T03:00:00-00:00,2023-06-28T04:00:00-00:00,2023-06-27,21,0,Hourly,SR,AS_NP26,DAM,SP_CLR_PRC,0,3
2023-06-28T03:00:00-00:00,2023-06-28T04:00:00-00:00,2023-06-27,21,0,Hourly,SR,AS_NP26_EXP,DAM,SP_CLR_PRC,0,3
2023-06-28T04:00:00-00:00,2023-06-28T05:00:00-00:00,2023-06-27,22,0,Hourly,SR,AS_CAISO,DAM,SP_CLR_PRC,0,3
2023-06-28T05:00:00-00:00,2023-06-28T06:00:00-00:00,2023-06-27,23,0,Hourly,SR,AS_NP26,DAM,SP_CLR_PRC,0,3
2023-06-28T05:00:00-00:00,2023-06-28T06:00:00-00:00,2023-06-27,23,0,Hourly,SR,AS_SP26,DAM,SP_CLR_PRC,0,3
2023-06-27T09:00:00-00:00,2023-06-27T10:00:00-00:00,2023-06-27,3,0,Hourly,SR,AS_CAISO,DAM,SP_CLR_PRC,0,3
2023-06-27T09:00:00-00:00,2023-06-27T10:00:00-00:00,2023-06-27,3,0,Hourly,SR,AS_SP26_EXP,DAM,SP_CLR_PRC,0,3
2023-06-27T10:00:00-00:00,2023-06-27T11:00:00-00:00,2023-06-27,4,0,Hourly,SR,AS_NP26,DAM,SP_CLR_PRC,0,3
2023-06-27T11:00:00-00:00,2023-06-27T12:00:00-00:00,2023-06-27,5,0,Hourly,SR,AS_CAISO_EXP,DAM,SP_CLR_PRC,0.16,3
2023-06-27T07:00:00-00:00,2023-06-27T08:00:00-00:00,2023-06-27,1,0,Hourly,SR,AS_CAISO,DAM,SP_CLR_PRC,0,3
2023-06-27T10:00:00-00:00,2023-06-27T11:00:00-00:00,2023-06-27,4,0,Hourly,SR,AS_SP26_EXP,DAM,SP_CLR_PRC,0,3
2023-06-27T11:00:00-00:00,2023-06-27T12:00:00-00:00,2023-06-27,5,0,Hourly,SR,AS_CAISO,DAM,SP_CLR_PRC,0,3
2023-06-27T11:00:00-00:00,2023-06-27T12:00:00-00:00,2023-06-27,5,0,Hourly,SR,AS_SP26,DAM,SP_CLR_PRC,0,3
2023-06-27T13:00:00-00:00,2023-06-27T14:00:00-00:00,2023-06-27,7,0,Hourly,SR,AS_CAISO,DAM,SP_CLR_PRC,0,3
2023-06-27T16:00:00-00:00,2023-06-27T17:00:00-00:00,2023-06-27,10,0,Hourly,SR,AS_CAISO,DAM,SP_CLR_PRC,0,3
2023-06-27T16:00:00-00:00,2023-06-27T17:00:00-00:00,2023-06-27,10,0,Hourly,SR,AS_NP26_EXP,DAM,SP_CLR_PRC,1.8,3
2023-06-27T16:00:00-00:00,2023-06-27T17:00:00-00:00,2023-06-27,10,0,Hourly,SR,AS_SP26_EXP,DAM,SP_CLR_PRC,0,3
2023-06-27T18:00:00-00:00,2023-06-27T19:00:00-00:00,2023-06-27,12,0,Hourly,SR,AS_CAISO,DAM,SP_CLR_PRC,0,3
2023-06-27T18:00:00-00:00,2023-06-27T19:00:00-00:00,2023-06-27,12,0,Hourly,SR,AS_NP26_EXP,DAM,SP_CLR_PRC,0.50122,3
2023-06-27T19:00:00-00:00,2023-06-27T20:00:00-00:00,2023-06-27,13,0,Hourly,SR,AS_CAISO,DAM,SP_CLR_PRC,0,3
2023-06-27T19:00:00-00:00,2023-06-27T20:00:00-00:00,2023-06-27,13,0,Hourly,SR,AS_SP26_EXP,DAM,SP_CLR_PRC,0,3
2023-06-27T20:00:00-00:00,2023-06-27T21:00:00-00:00,2023-06-27,14,0,Hourly,SR,AS_CAISO_EXP,DAM,SP_CLR_PRC,1.01,3
2023-06-27T22:00:00-00:00,2023-06-27T23:00:00-00:00,2023-06-27,16,0,Hourly,SR,AS_CAISO_EXP,DAM,SP_CLR_PRC,0.16,3
2023-06-27T22:00:00-00:00,2023-06-27T23:00:00-00:00,2023-06-27,16,0,Hourly,SR,AS_NP26,DAM,SP_CLR_PRC,0,3
2023-06-27T23:00:00-00:00,2023-06-28T00:00:00-00:00,2023-06-27,17,0,Hourly,SR,AS_CAISO,DAM,SP_CLR_PRC,0,3
2023-06-28T00:00:00-00:00,2023-06-28T01:00:00-00:00,2023-06-27,18,0,Hourly,SR,AS_SP26,DAM,SP_CLR_PRC,0,3
2023-06-28T02:00:00-00:00,2023-06-28T03:00:00-00:00,2023-06-27,20,0,Hourly,SR,AS_NP26_EXP,DAM,SP_CLR_PRC,0,3
2023-06-28T03:00:00-00:00,2023-06-28T04:00:00-00:00,2023-06-27,21,0,Hourly,SR,AS_SP26,DAM,SP_CLR_PRC,0,3
2023-06-28T04:00:00-00:00,2023-06-28T05:00:00-00:00,2023-06-27,22,0,Hourly,SR,AS_SP26,DAM,SP_CLR_PRC,0,3
2023-06-28T06:00:00-00:00,2023-06-28T07:00:00-00:00,2023-06-27,24,0,Hourly,SR,AS_NP26,DAM,SP_CLR_PRC,0,3
2023-06-27T07:00:00-00:00,2023-06-27T08:00:00-00:00,2023-06-27,1,0,Hourly,SR,AS_SP26,DAM,SP_CLR_PRC,0,3
2023-06-27T08:00:00-00:00,2023-06-27T09:00:00-00:00,2023-06-27,2,0,Hourly,SR,AS_CAISO_EXP,DAM,SP_CLR_PRC,0.16,3
2023-06-27T09:00:00-00:00,2023-06-27T10:00:00-00:00,2023-06-27,3,0,Hourly,SR,AS_NP26_EXP,DAM,SP_CLR_PRC,0.09,3
2023-06-27T10:00:00-00:00,2023-06-27T11:00:00-00:00,2023-06-27,4,0,Hourly,SR,AS_SP26,DAM,SP_CLR_PRC,0,3
2023-06-27T11:00:00-00:00,2023-06-27T12:00:00-00:00,2023-06-27,5,0,Hourly,SR,AS_NP26,DAM,SP_CLR_PRC,0,3
2023-06-27T11:00:00-00:00,2023-06-27T12:00:00-00:00,2023-06-27,5,0,Hourly,SR,AS_NP26_EXP,DAM,SP_CLR_PRC,0.09,3
2023-06-27T12:00:00-00:00,2023-06-27T13:00:00-00:00,2023-06-27,6,0,Hourly,SR,AS_CAISO,DAM,SP_CLR_PRC,0,3
2023-06-27T13:00:00-00:00,2023-06-27T14:00:00-00:00,2023-06-27,7,0,Hourly,SR,AS_NP26,DAM,SP_CLR_PRC,0,3
2023-06-27T13:00:00-00:00,2023-06-27T14:00:00-00:00,2023-06-27,7,0,Hourly,SR,AS_SP26,DAM,SP_CLR_PRC,0,3
2023-06-27T17:00:00-00:00,2023-06-27T18:00:00-00:00,2023-06-27,11,0,Hourly,SR,AS_NP26_EXP,DAM,SP_CLR_PRC,0.63704,3
2023-06-27T20:00:00-00:00,2023-06-27T21:00:00-00:00,2023-06-27,14,0,Hourly,SR,AS_SP26,DAM,SP_CLR_PRC,0,3
2023-06-27T22:00:00-00:00,2023-06-27T23:00:00-00:00,2023-06-27,16,0,Hourly,SR,AS_SP26,DAM,SP_CLR_PRC,0,3
2023-06-28T00:00:00-00:00,2023-06-28T01:00:00-00:00,2023-06-27,18,0,Hourly,SR,AS_NP26_EXP,DAM,SP_CLR_PRC,0.14,3
2023-06-28T01:00:00-00:00,2023-06-28T02:00:00-00:00,2023-06-27,19,0,Hourly,SR,AS_NP26,DAM,SP_CLR_PRC,0,3
2023-06-28T03:00:00-00:00,2023-06-28T04:00:00-00:00,2023-06-27,21,0,Hourly,SR,AS_CAISO,DAM,SP_CLR_PRC,0,3
2023-06-28T04:00:00-00:00,2023-06-28T05:00:00-00:00,2023-06-27,22,0,Hourly,SR,AS_NP26_EXP,DAM,SP_CLR_PRC,0,3
2023-06-28T05:00:00-00:00,2023-06-28T06:00:00-00:00,2023-06-27,23,0,Hourly,SR,AS_CAISO_EXP,DAM,SP_CLR_PRC,0.45,3
2023-06-27T07:00:00-00:00,2023-06-27T08:00:00-00:00,2023-06-27,1,0,Hourly,SR,AS_NP26_EXP,DAM,SP_CLR_PRC,0.19,3
2023-06-27T08:00:00-00:00,2023-06-27T09:00:00-00:00,2023-06-27,2,0,Hourly,SR,AS_SP26,DAM,SP_CLR_PRC,0,3
2023-06-27T09:00:00-00:00,2023-06-27T10:00:00-00:00,2023-06-27,3,0,Hourly,SR,AS_NP26,DAM,SP_CLR_PRC,0,3
2023-06-27T11:00:00-00:00,2023-06-27T12:00:00-00:00,2023-06-27,5,0,Hourly,SR,AS_SP26_EXP,DAM,SP_CLR_PRC,0,3
2023-06-27T12:00:00-00:00,2023-06-27T13:00:00-00:00,2023-06-27,6,0,Hourly,SR,AS_CAISO_EXP,DAM,SP_CLR_PRC,0.16,3
2023-06-27T13:00:00-00:00,2023-06-27T14:00:00-00:00,2023-06-27,7,0,Hourly,SR,AS_SP26_EXP,DAM,SP_CLR_PRC,0,3
2023-06-27T14:00:00-00:00,2023-06-27T15:00:00-00:00,2023-06-27,8,0,Hourly,SR,AS_CAISO_EXP,DAM,SP_CLR_PRC,0.16,3
2023-06-27T14:00:00-00:00,2023-06-27T15:00:00-00:00,2023-06-27,8,0,Hourly,SR,AS_SP26,DAM,SP_CLR_PRC,0,3
2023-06-27T15:00:00-00:00,2023-06-27T16:00:00-00:00,2023-06-27,9,0,Hourly,SR,AS_SP26_EXP,DAM,SP_CLR_PRC,0,3
2023-06-27T17:00:00-00:00,2023-06-27T18:00:00-00:00,2023-06-27,11,0,Hourly,SR,AS_NP26,DAM,SP_CLR_PRC,0,3
2023-06-27T18:00:00-00:00,2023-06-27T19:00:00-00:00,2023-06-27,12,0,Hourly,SR,AS_CAISO_EXP,DAM,SP_CLR_PRC,0.16,3
2023-06-27T21:00:00-00:00,2023-06-27T22:00:00-00:00,2023-06-27,15,0,Hourly,SR,AS_CAISO_EXP,DAM,SP_CLR_PRC,0.3,3
2023-06-27T22:00:00-00:00,2023-06-27T23:00:00-00:00,2023-06-27,16,0,Hourly,SR,AS_SP26_EXP,DAM,SP_CLR_PRC,0,3
2023-06-27T23:00:00-00:00,2023-06-28T00:00:00-00:00,2023-06-27,17,0,Hourly,SR,AS_SP26_EXP,DAM,SP_CLR_PRC,0,3
2023-06-28T01:00:00-00:00,2023-06-28T02:00:00-00:00,2023-06-27,19,0,Hourly,SR,AS_CAISO_EXP,DAM,SP_CLR_PRC,0.16,3
2023-06-28T02:00:00-00:00,2023-06-28T03:00:00-00:00,2023-06-27,20,0,Hourly,SR,AS_CAISO_EXP,DAM,SP_CLR_PRC,1.66,3
2023-06-28T14:00:00-00:00,2023-06-28T15:00:00-00:00,2023-06-28,8,0,Hourly,SR,AS_SP26,DAM,SP_CLR_PRC,0,4
2023-06-28T18:00:00-00:00,2023-06-28T19:00:00-00:00,2023-06-28,12,0,Hourly,SR,AS_CAISO,DAM,SP_CLR_PRC,0,4
2023-06-28T19:00:00-00:00,2023-06-28T20:00:00-00:00,2023-06-28,13,0,Hourly,SR,AS_NP26_EXP,DAM,SP_CLR_PRC,0.89,4
2023-06-28T19:00:00-00:00,2023-06-28T20:00:00-00:00,2023-06-28,13,0,Hourly,SR,AS_SP26,DAM,SP_CLR_PRC,0,4
2023-06-28T19:00:00-00:00,2023-06-28T20:00:00-00:00,2023-06-28,13,0,Hourly,SR,AS_SP26_EXP,DAM,SP_CLR_PRC,0,4
2023-06-28T20:00:00-00:00,2023-06-28T21:00:00-00:00,2023-06-28,14,0,Hourly,SR,AS_CAISO,DAM,SP_CLR_PRC,0,4
2023-06-28T20:00:00-00:00,2023-06-28T21:00:00-00:00,2023-06-28,14,0,Hourly,SR,AS_NP26,DAM,SP_CLR_PRC,0,4
2023-06-28T22:00:00-00:00,2023-06-28T23:00:00-00:00,2023-06-28,16,0,Hourly,SR,AS_NP26,DAM,SP_CLR_PRC,0,4
2023-06-28T23:00:00-00:00,2023-06-29T00:00:00-00:00,2023-06-28,17,0,Hourly,SR,AS_CAISO_EXP,DAM,SP_CLR_PRC,1,4
2023-06-29T00:00:00-00:00,2023-06-29T01:00:00-00:00,2023-06-28,18,0,Hourly,SR,AS_CAISO,DAM,SP_CLR_PRC,0,4
2023-06-29T00:00:00-00:00,2023-06-29T01:00:00-00:00,2023-06-28,18,0,Hourly,SR,AS_NP26_EXP,DAM,SP_CLR_PRC,0.14,4
2023-06-29T01:00:00-00:00,2023-06-29T02:00:00-00:00,2023-06-28,19,0,Hourly,SR,AS_SP26_EXP,DAM,SP_CLR_PRC,0,4
2023-06-29T02:00:00-00:00,2023-06-29T03:00:00-00:00,2023-06-28,20,0,Hourly,SR,AS_SP26_EXP,DAM,SP_CLR_PRC,0,4
2023-06-29T03:00:00-00:00,2023-06-29T04:00:00-00:00,2023-06-28,21,0,Hourly,SR,AS_NP26_EXP,DAM,SP_CLR_PRC,0,4
2023-06-29T05:00:00-00:00,2023-06-29T06:00:00-00:00,2023-06-28,23,0,Hourly,SR,AS_CAISO_EXP,DAM,SP_CLR_PRC,0.26,4
2023-06-29T05:00:00-00:00,2023-06-29T06:00:00-00:00,2023-06-28,23,0,Hourly,SR,AS_SP26,DAM,SP_CLR_PRC,0,4
2023-06-28T11:00:00-00:00,2023-06-28T12:00:00-00:00,2023-06-28,5,0,Hourly,SR,AS_CAISO,DAM,SP_CLR_PRC,0,4
2023-06-28T13:00:00-00:00,2023-06-28T14:00:00-00:00,2023-06-28,7,0,Hourly,SR,AS_SP26_EXP,DAM,SP_CLR_PRC,0,4
2023-06-28T16:00:00-00:00,2023-06-28T17:00:00-00:00,2023-06-28,10,0,Hourly,SR,AS_NP26_EXP,DAM,SP_CLR_PRC,0.38434,4
2023-06-28T23:00:00-00:00,2023-06-29T00:00:00-00:00,2023-06-28,17,0,Hourly,SR,AS_SP26,DAM,SP_CLR_PRC,0,4
2023-06-29T01:00:00-00:00,2023-06-29T02:00:00-00:00,2023-06-28,19,0,Hourly,SR,AS_CAISO,DAM,SP_CLR_PRC,0,4
2023-06-29T01:00:00-00:00,2023-06-29T02:00:00-00:00,2023-06-28,19,0,Hourly,SR,AS_NP26_EXP,DAM,SP_CLR_PRC,0.19,4
2023-06-29T02:00:00-00:00,2023-06-29T03:00:00-00:00,2023-06-28,20,0,Hourly,SR,AS_NP26,DAM,SP_CLR_PRC,0,4
2023-06-29T04:00:00-00:00,2023-06-29T05:00:00-00:00,2023-06-28,22,0,Hourly,SR,AS_CAISO_EXP,DAM,SP_CLR_PRC,2.23011,4
2023-06-29T04:00:00-00:00,2023-06-29T05:00:00-00:00,2023-06-28,22,0,Hourly,SR,AS_SP26,DAM,SP_CLR_PRC,0,4
2023-06-29T05:00:00-00:00,2023-06-29T06:00:00-00:00,2023-06-28,23,0,Hourly,SR,AS_NP26_EXP,DAM,SP_CLR_PRC,0.19,4
2023-06-28T07:00:00-00:00,2023-06-28T08:00:00-00:00,2023-06-28,1,0,Hourly,SR,AS_CAISO,DAM,SP_CLR_PRC,0,4
2023-06-28T10:00:00-00:00,2023-06-28T11:00:00-00:00,2023-06-28,4,0,Hourly,SR,AS_NP26_EXP,DAM,SP_CLR_PRC,0.09,4
2023-06-28T12:00:00-00:00,2023-06-28T13:00:00-00:00,2023-06-28,6,0,Hourly,SR,AS_CAISO_EXP,DAM,SP_CLR_PRC,0.16,4
2023-06-28T15:00:00-00:00,2023-06-28T16:00:00-00:00,2023-06-28,9,0,Hourly,SR,AS_CAISO,DAM,SP_CLR_PRC,0,4
2023-06-28T15:00:00-00:00,2023-06-28T16:00:00-00:00,2023-06-28,9,0,Hourly,SR,AS_NP26_EXP,DAM,SP_CLR_PRC,0.34,4
2023-06-28T15:00:00-00:00,2023-06-28T16:00:00-00:00,2023-06-28,9,0,Hourly,SR,AS_SP26,DAM,SP_CLR_PRC,0,4
2023-06-28T16:00:00-00:00,2023-06-28T17:00:00-00:00,2023-06-28,10,0,Hourly,SR,AS_NP26,DAM,SP_CLR_PRC,0,4
2023-06-28T19:00:00-00:00,2023-06-28T20:00:00-00:00,2023-06-28,13,0,Hourly,SR,AS_NP26,DAM,SP_CLR_PRC,0,4
2023-06-28T20:00:00-00:00,2023-06-28T21:00:00-00:00,2023-06-28,14,0,Hourly,SR,AS_SP26,DAM,SP_CLR_PRC,0,4
2023-06-28T21:00:00-00:00,2023-06-28T22:00:00-00:00,2023-06-28,15,0,Hourly,SR,AS_NP26,DAM,SP_CLR_PRC,0,4
2023-06-28T21:00:00-00:00,2023-06-28T22:00:00-00:00,2023-06-28,15,0,Hourly,SR,AS_SP26,DAM,SP_CLR_PRC,0,4
2023-06-28T22:00:00-00:00,2023-06-28T23:00:00-00:00,2023-06-28,16,0,Hourly,SR,AS_CAISO,DAM,SP_CLR_PRC,0,4
2023-06-28T22:00:00-00:00,2023-06-28T23:00:00-00:00,2023-06-28,16,0,Hourly,SR,AS_SP26,DAM,SP_CLR_PRC,0,4
2023-06-28T23:00:00-00:00,2023-06-29T00:00:00-00:00,2023-06-28,17,0,Hourly,SR,AS_NP26,DAM,SP_CLR_PRC,0,4
2023-06-29T02:00:00-00:00,2023-06-29T03:00:00-00:00,2023-06-28,20,0,Hourly,SR,AS_NP26_EXP,DAM,SP_CLR_PRC,0.19,4
2023-06-29T02:00:00-00:00,2023-06-29T03:00:00-00:00,2023-06-28,20,0,Hourly,SR,AS_SP26,DAM,SP_CLR_PRC,0,4
2023-06-28T08:00:00-00:00,2023-06-28T09:00:00-00:00,2023-06-28,2,0,Hourly,SR,AS_SP26_EXP,DAM,SP_CLR_PRC,0,4
2023-06-28T09:00:00-00:00,2023-06-28T10:00:00-00:00,2023-06-28,3,0,Hourly,SR,AS_NP26,DAM,SP_CLR_PRC,0,4
2023-06-28T13:00:00-00:00,2023-06-28T14:00:00-00:00,2023-06-28,7,0,Hourly,SR,AS_SP26,DAM,SP_CLR_PRC,0,4
2023-06-28T15:00:00-00:00,2023-06-28T16:00:00-00:00,2023-06-28,9,0,Hourly,SR,AS_CAISO_EXP,DAM,SP_CLR_PRC,0.16,4
2023-06-28T16:00:00-00:00,2023-06-28T17:00:00-00:00,2023-06-28,10,0,Hourly,SR,AS_SP26,DAM,SP_CLR_PRC,0,4
2023-06-28T17:00:00-00:00,2023-06-28T18:00:00-00:00,2023-06-28,11,0,Hourly,SR,AS_CAISO_EXP,DAM,SP_CLR_PRC,0.16,4
2023-06-28T18:00:00-00:00,2023-06-28T19:00:00-00:00,2023-06-28,12,0,Hourly,SR,AS_NP26,DAM,SP_CLR_PRC,0,4
2023-06-28T19:00:00-00:00,2023-06-28T20:00:00-00:00,2023-06-28,13,0,Hourly,SR,AS_CAISO_EXP,DAM,SP_CLR_PRC,0.16,4
2023-06-28T21:00:00-00:00,2023-06-28T22:00:00-00:00,2023-06-28,15,0,Hourly,SR,AS_NP26_EXP,DAM,SP_CLR_PRC,1.05,4
2023-06-29T01:00:00-00:00,2023-06-29T02:00:00-00:00,2023-06-28,19,0,Hourly,SR,AS_CAISO_EXP,DAM,SP_CLR_PRC,0.16,4
2023-06-29T02:00:00-00:00,2023-06-29T03:00:00-00:00,2023-06-28,20,0,Hourly,SR,AS_CAISO,DAM,SP_CLR_PRC,0,4
2023-06-29T03:00:00-00:00,2023-06-29T04:00:00-00:00,2023-06-28,21,0,Hourly,SR,AS_CAISO,DAM,SP_CLR_PRC,0,4
2023-06-29T03:00:00-00:00,2023-06-29T04:00:00-00:00,2023-06-28,21,0,Hourly,SR,AS_SP26_EXP,DAM,SP_CLR_PRC,0,4
2023-06-29T05:00:00-00:00,2023-06-29T06:00:00-00:00,2023-06-28,23,0,Hourly,SR,AS_SP26_EXP,DAM,SP_CLR_PRC,0,4
2023-06-28T21:00:00-00:00,2023-06-28T22:00:00-00:00,2023-06-28,15,0,Hourly,SR,AS_CAISO,DAM,SP_CLR_PRC,0,4
2023-06-28T22:00:00-00:00,2023-06-28T23:00:00-00:00,2023-06-28,16,0,Hourly,SR,AS_CAISO_EXP,DAM,SP_CLR_PRC,0.81,4
2023-06-28T23:00:00-00:00,2023-06-29T00:00:00-00:00,2023-06-28,17,0,Hourly,SR,AS_SP26_EXP,DAM,SP_CLR_PRC,0,4
2023-06-29T00:00:00-00:00,2023-06-29T01:00:00-00:00,2023-06-28,18,0,Hourly,SR,AS_CAISO_EXP,DAM,SP_CLR_PRC,0.16,4
2023-06-29T00:00:00-00:00,2023-06-29T01:00:00-00:00,2023-06-28,18,0,Hourly,SR,AS_NP26,DAM,SP_CLR_PRC,0,4
2023-06-29T00:00:00-00:00,2023-06-29T01:00:00-00:00,2023-06-28,18,0,Hourly,SR,AS_SP26,DAM,SP_CLR_PRC,0,4
2023-06-29T00:00:00-00:00,2023-06-29T01:00:00-00:00,2023-06-28,18,0,Hourly,SR,AS_SP26_EXP,DAM,SP_CLR_PRC,0,4
2023-06-29T01:00:00-00:00,2023-06-29T02:00:00-00:00,2023-06-28,19,0,Hourly,SR,AS_NP26,DAM,SP_CLR_PRC,0,4
2023-06-29T01:00:00-00:00,2023-06-29T02:00:00-00:00,2023-06-28,19,0,Hourly,SR,AS_SP26,DAM,SP_CLR_PRC,0,4
2023-06-29T03:00:00-00:00,2023-06-29T04:00:00-00:00,2023-06-28,21,0,Hourly,SR,AS_SP26,DAM,SP_CLR_PRC,0,4
2023-06-29T06:00:00-00:00,2023-06-29T07:00:00-00:00,2023-06-28,24,0,Hourly,SR,AS_CAISO_EXP,DAM,SP_CLR_PRC,0.26,4
2023-06-29T06:00:00-00:00,2023-06-29T07:00:00-00:00,2023-06-28,24,0,Hourly,SR,AS_SP26,DAM,SP_CLR_PRC,0,4
2023-06-28T07:00:00-00:00,2023-06-28T08:00:00-00:00,2023-06-28,1,0,Hourly,SR,AS_SP26,DAM,SP_CLR_PRC,0,4
2023-06-28T09:00:00-00:00,2023-06-28T10:00:00-00:00,2023-06-28,3,0,Hourly,SR,AS_CAISO,DAM,SP_CLR_PRC,0,4
2023-06-28T11:00:00-00:00,2023-06-28T12:00:00-00:00,2023-06-28,5,0,Hourly,SR,AS_SP26,DAM,SP_CLR_PRC,0,4
2023-06-28T11:00:00-00:00,2023-06-28T12:00:00-00:00,2023-06-28,5,0,Hourly,SR,AS_SP26_EXP,DAM,SP_CLR_PRC,0,4
2023-06-28T12:00:00-00:00,2023-06-28T13:00:00-00:00,2023-06-28,6,0,Hourly,SR,AS_NP26,DAM,SP_CLR_PRC,0,4
2023-06-28T12:00:00-00:00,2023-06-28T13:00:00-00:00,2023-06-28,6,0,Hourly,SR,AS_NP26_EXP,DAM,SP_CLR_PRC,0.14,4
2023-06-28T12:00:00-00:00,2023-06-28T13:00:00-00:00,2023-06-28,6,0,Hourly,SR,AS_SP26_EXP,DAM,SP_CLR_PRC,0,4
2023-06-28T16:00:00-00:00,2023-06-28T17:00:00-00:00,2023-06-28,10,0,Hourly,SR,AS_CAISO,DAM,SP_CLR_PRC,0,4
2023-06-28T16:00:00-00:00,2023-06-28T17:00:00-00:00,2023-06-28,10,0,Hourly,SR,AS_CAISO_EXP,DAM,SP_CLR_PRC,0.36779,4
2023-06-28T17:00:00-00:00,2023-06-28T18:00:00-00:00,2023-06-28,11,0,Hourly,SR,AS_CAISO,DAM,SP_CLR_PRC,0,4
2023-06-28T20:00:00-00:00,2023-06-28T21:00:00-00:00,2023-06-28,14,0,Hourly,SR,AS_CAISO_EXP,DAM,SP_CLR_PRC,0.16,4
2023-06-28T08:00:00-00:00,2023-06-28T09:00:00-00:00,2023-06-28,2,0,Hourly,SR,AS_NP26_EXP,DAM,SP_CLR_PRC,0.09,4
2023-06-28T07:00:00-00:00,2023-06-28T08:00:00-00:00,2023-06-28,1,0,Hourly,SR,AS_CAISO_EXP,DAM,SP_CLR_PRC,0.16,4
2023-06-28T08:00:00-00:00,2023-06-28T09:00:00-00:00,2023-06-28,2,0,Hourly,SR,AS_NP26,DAM,SP_CLR_PRC,0,4
2023-06-28T09:00:00-00:00,2023-06-28T10:00:00-00:00,2023-06-28,3,0,Hourly,SR,AS_CAISO_EXP,DAM,SP_CLR_PRC,0.16,4
2023-06-28T09:00:00-00:00,2023-06-28T10:00:00-00:00,2023-06-28,3,0,Hourly,SR,AS_NP26_EXP,DAM,SP_CLR_PRC,0.09,4
2023-06-28T10:00:00-00:00,2023-06-28T11:00:00-00:00,2023-06-28,4,0,Hourly,SR,AS_CAISO_EXP,DAM,SP_CLR_PRC,0.16,4
2023-06-28T12:00:00-00:00,2023-06-28T13:00:00-00:00,2023-06-28,6,0,Hourly,SR,AS_CAISO,DAM,SP_CLR_PRC,0,4
2023-06-28T14:00:00-00:00,2023-06-28T15:00:00-00:00,2023-06-28,8,0,Hourly,SR,AS_CAISO,DAM,SP_CLR_PRC,0,4
2023-06-28T14:00:00-00:00,2023-06-28T15:00:00-00:00,2023-06-28,8,0,Hourly,SR,AS_CAISO_EXP,DAM,SP_CLR_PRC,0.16,4
2023-06-28T15:00:00-00:00,2023-06-28T16:00:00-00:00,2023-06-28,9,0,Hourly,SR,AS_SP26_EXP,DAM,SP_CLR_PRC,0,4
2023-06-28T20:00:00-00:00,2023-06-28T21:00:00-00:00,2023-06-28,14,0,Hourly,SR,AS_SP26_EXP,DAM,SP_CLR_PRC,0,4
2023-06-28T21:00:00-00:00,2023-06-28T22:00:00-00:00,2023-06-28,15,0,Hourly,SR,AS_SP26_EXP,DAM,SP_CLR_PRC,0,4
2023-06-28T23:00:00-00:00,2023-06-29T00:00:00-00:00,2023-06-28,17,0,Hourly,SR,AS_NP26_EXP,DAM,SP_CLR_PRC,1.13,4
2023-06-29T02:00:00-00:00,2023-06-29T03:00:00-00:00,2023-06-28,20,0,Hourly,SR,AS_CAISO_EXP,DAM,SP_CLR_PRC,4.99,4
2023-06-29T04:00:00-00:00,2023-06-29T05:00:00-00:00,2023-06-28,22,0,Hourly,SR,AS_CAISO,DAM,SP_CLR_PRC,0,4
2023-06-29T06:00:00-00:00,2023-06-29T07:00:00-00:00,2023-06-28,24,0,Hourly,SR,AS_CAISO,DAM,SP_CLR_PRC,0,4
2023-06-29T06:00:00-00:00,2023-06-29T07:00:00-00:00,2023-06-28,24,0,Hourly,SR,AS_NP26,DAM,SP_CLR_PRC,0,4
2023-06-29T06:00:00-00:00,2023-06-29T07:00:00-00:00,2023-06-28,24,0,Hourly,SR,AS_SP26_EXP,DAM,SP_CLR_PRC,0,4
2023-06-28T07:00:00-00:00,2023-06-28T08:00:00-00:00,2023-06-28,1,0,Hourly,SR,AS_NP26_EXP,DAM,SP_CLR_PRC,0.19,4
2023-06-28T08:00:00-00:00,2023-06-28T09:00:00-00:00,2023-06-28,2,0,Hourly,SR,AS_CAISO,DAM,SP_CLR_PRC,0,4
2023-06-28T08:00:00-00:00,2023-06-28T09:00:00-00:00,2023-06-28,2,0,Hourly,SR,AS_CAISO_EXP,DAM,SP_CLR_PRC,0.16,4
2023-06-28T09:00:00-00:00,2023-06-28T10:00:00-00:00,2023-06-28,3,0,Hourly,SR,AS_SP26_EXP,DAM,SP_CLR_PRC,0,4
2023-06-28T10:00:00-00:00,2023-06-28T11:00:00-00:00,2023-06-28,4,0,Hourly,SR,AS_CAISO,DAM,SP_CLR_PRC,0,4
2023-06-28T10:00:00-00:00,2023-06-28T11:00:00-00:00,2023-06-28,4,0,Hourly,SR,AS_SP26_EXP,DAM,SP_CLR_PRC,0,4
2023-06-28T11:00:00-00:00,2023-06-28T12:00:00-00:00,2023-06-28,5,0,Hourly,SR,AS_CAISO_EXP,DAM,SP_CLR_PRC,0.16,4
2023-06-28T11:00:00-00:00,2023-06-28T12:00:00-00:00,2023-06-28,5,0,Hourly,SR,AS_NP26,DAM,SP_CLR_PRC,0,4
2023-06-28T13:00:00-00:00,2023-06-28T14:00:00-00:00,2023-06-28,7,0,Hourly,SR,AS_CAISO_EXP,DAM,SP_CLR_PRC,0.16,4
2023-06-28T13:00:00-00:00,2023-06-28T14:00:00-00:00,2023-06-28,7,0,Hourly,SR,AS_NP26_EXP,DAM,SP_CLR_PRC,1.31548,4
2023-06-28T14:00:00-00:00,2023-06-28T15:00:00-00:00,2023-06-28,8,0,Hourly,SR,AS_NP26,DAM,SP_CLR_PRC,0,4
2023-06-28T14:00:00-00:00,2023-06-28T15:00:00-00:00,2023-06-28,8,0,Hourly,SR,AS_NP26_EXP,DAM,SP_CLR_PRC,0.14,4
2023-06-28T14:00:00-00:00,2023-06-28T15:00:00-00:00,2023-06-28,8,0,Hourly,SR,AS_SP26_EXP,DAM,SP_CLR_PRC,0,4
2023-06-28T18:00:00-00:00,2023-06-28T19:00:00-00:00,2023-06-28,12,0,Hourly,SR,AS_CAISO_EXP,DAM,SP_CLR_PRC,0.16,4
2023-06-28T19:00:00-00:00,2023-06-28T20:00:00-00:00,2023-06-28,13,0,Hourly,SR,AS_CAISO,DAM,SP_CLR_PRC,0,4
2023-06-28T22:00:00-00:00,2023-06-28T23:00:00-00:00,2023-06-28,16,0,Hourly,SR,AS_NP26_EXP,DAM,SP_CLR_PRC,1,4
2023-06-28T22:00:00-00:00,2023-06-28T23:00:00-00:00,2023-06-28,16,0,Hourly,SR,AS_SP26_EXP,DAM,SP_CLR_PRC,0,4
2023-06-28T23:00:00-00:00,2023-06-29T00:00:00-00:00,2023-06-28,17,0,Hourly,SR,AS_CAISO,DAM,SP_CLR_PRC,0,4
2023-06-29T05:00:00-00:00,2023-06-29T06:00:00-00:00,2023-06-28,23,0,Hourly,SR,AS_NP26,DAM,SP_CLR_PRC,0,4
2023-06-28T08:00:00-00:00,2023-06-28T09:00:00-00:00,2023-06-28,2,0,Hourly,SR,AS_SP26,DAM,SP_CLR_PRC,0,4
2023-06-28T09:00:00-00:00,2023-06-28T10:00:00-00:00,2023-06-28,3,0,Hourly,SR,AS_SP26,DAM,SP_CLR_PRC,0,4
2023-06-28T10:00:00-00:00,2023-06-28T11:00:00-00:00,2023-06-28,4,0,Hourly,SR,AS_NP26,DAM,SP_CLR_PRC,0,4
2023-06-28T11:00:00-00:00,2023-06-28T12:00:00-00:00,2023-06-28,5,0,Hourly,SR,AS_NP26_EXP,DAM,SP_CLR_PRC,0.09,4
2023-06-28T12:00:00-00:00,2023-06-28T13:00:00-00:00,2023-06-28,6,0,Hourly,SR,AS_SP26,DAM,SP_CLR_PRC,0,4
2023-06-28T13:00:00-00:00,2023-06-28T14:00:00-00:00,2023-06-28,7,0,Hourly,SR,AS_CAISO,DAM,SP_CLR_PRC,0,4
2023-06-28T13:00:00-00:00,2023-06-28T14:00:00-00:00,2023-06-28,7,0,Hourly,SR,AS_NP26,DAM,SP_CLR_PRC,0,4
2023-06-28T15:00:00-00:00,2023-06-28T16:00:00-00:00,2023-06-28,9,0,Hourly,SR,AS_NP26,DAM,SP_CLR_PRC,0,4
2023-06-28T16:00:00-00:00,2023-06-28T17:00:00-00:00,2023-06-28,10,0,Hourly,SR,AS_SP26_EXP,DAM,SP_CLR_PRC,0,4
2023-06-28T17:00:00-00:00,2023-06-28T18:00:00-00:00,2023-06-28,11,0,Hourly,SR,AS_NP26,DAM,SP_CLR_PRC,0,4
2023-06-28T17:00:00-00:00,2023-06-28T18:00:00-00:00,2023-06-28,11,0,Hourly,SR,AS_NP26_EXP,DAM,SP_CLR_PRC,0.89,4
2023-06-28T17:00:00-00:00,2023-06-28T18:00:00-00:00,2023-06-28,11,0,Hourly,SR,AS_SP26,DAM,SP_CLR_PRC,0,4
2023-06-28T17:00:00-00:00,2023-06-28T18:00:00-00:00,2023-06-28,11,0,Hourly,SR,AS_SP26_EXP,DAM,SP_CLR_PRC,0,4
2023-06-28T18:00:00-00:00,2023-06-28T19:00:00-00:00,2023-06-28,12,0,Hourly,SR,AS_NP26_EXP,DAM,SP_CLR_PRC,0.98,4
2023-06-28T18:00:00-00:00,2023-06-28T19:00:00-00:00,2023-06-28,12,0,Hourly,SR,AS_SP26,DAM,SP_CLR_PRC,0,4
2023-06-28T18:00:00-00:00,2023-06-28T19:00:00-00:00,2023-06-28,12,0,Hourly,SR,AS_SP26_EXP,DAM,SP_CLR_PRC,0,4
2023-06-28T20:00:00-00:00,2023-06-28T21:00:00-00:00,2023-06-28,14,0,Hourly,SR,AS_NP26_EXP,DAM,SP_CLR_PRC,0.34,4
2023-06-28T21:00:00-00:00,2023-06-28T22:00:00-00:00,2023-06-28,15,0,Hourly,SR,AS_CAISO_EXP,DAM,SP_CLR_PRC,0.16,4
2023-06-29T03:00:00-00:00,2023-06-29T04:00:00-00:00,2023-06-28,21,0,Hourly,SR,AS_CAISO_EXP,DAM,SP_CLR_PRC,10.2987,4
2023-06-29T03:00:00-00:00,2023-06-29T04:00:00-00:00,2023-06-28,21,0,Hourly,SR,AS_NP26,DAM,SP_CLR_PRC,0,4
2023-06-29T04:00:00-00:00,2023-06-29T05:00:00-00:00,2023-06-28,22,0,Hourly,SR,AS_NP26,DAM,SP_CLR_PRC,0,4
2023-06-29T04:00:00-00:00,2023-06-29T05:00:00-00:00,2023-06-28,22,0,Hourly,SR,AS_NP26_EXP,DAM,SP_CLR_PRC,0.19,4
2023-06-29T04:00:00-00:00,2023-06-29T05:00:00-00:00,2023-06-28,22,0,Hourly,SR,AS_SP26_EXP,DAM,SP_CLR_PRC,0,4
2023-06-29T05:00:00-00:00,2023-06-29T06:00:00-00:00,2023-06-28,23,0,Hourly,SR,AS_CAISO,DAM,SP_CLR_PRC,0,4
2023-06-29T06:00:00-00:00,2023-06-29T07:00:00-00:00,2023-06-28,24,0,Hourly,SR,AS_NP26_EXP,DAM,SP_CLR_PRC,0.19,4
2023-06-28T07:00:00-00:00,2023-06-28T08:00:00-00:00,2023-06-28,1,0,Hourly,SR,AS_NP26,DAM,SP_CLR_PRC,0,4
2023-06-28T07:00:00-00:00,2023-06-28T08:00:00-00:00,2023-06-28,1,0,Hourly,SR,AS_SP26_EXP,DAM,SP_CLR_PRC,0,4
2023-06-28T10:00:00-00:00,2023-06-28T11:00:00-00:00,2023-06-28,4,0,Hourly,SR,AS_SP26,DAM,SP_CLR_PRC,0,4
2023-06-29T09:00:00-00:00,2023-06-29T10:00:00-00:00,2023-06-29,3,0,Hourly,SR,AS_NP26_EXP,DAM,SP_CLR_PRC,0.14,5
2023-06-29T12:00:00-00:00,2023-06-29T13:00:00-00:00,2023-06-29,6,0,Hourly,SR,AS_NP26_EXP,DAM,SP_CLR_PRC,0.43,5
2023-06-29T14:00:00-00:00,2023-06-29T15:00:00-00:00,2023-06-29,8,0,Hourly,SR,AS_SP26,DAM,SP_CLR_PRC,0,5
2023-06-29T15:00:00-00:00,2023-06-29T16:00:00-00:00,2023-06-29,9,0,Hourly,SR,AS_CAISO_EXP,DAM,SP_CLR_PRC,0.16,5
2023-06-29T17:00:00-00:00,2023-06-29T18:00:00-00:00,2023-06-29,11,0,Hourly,SR,AS_CAISO,DAM,SP_CLR_PRC,0,5
2023-06-29T17:00:00-00:00,2023-06-29T18:00:00-00:00,2023-06-29,11,0,Hourly,SR,AS_NP26_EXP,DAM,SP_CLR_PRC,0.14,5
2023-06-29T18:00:00-00:00,2023-06-29T19:00:00-00:00,2023-06-29,12,0,Hourly,SR,AS_CAISO_EXP,DAM,SP_CLR_PRC,0.16,5
2023-06-29T19:00:00-00:00,2023-06-29T20:00:00-00:00,2023-06-29,13,0,Hourly,SR,AS_SP26_EXP,DAM,SP_CLR_PRC,0,5
2023-06-29T21:00:00-00:00,2023-06-29T22:00:00-00:00,2023-06-29,15,0,Hourly,SR,AS_SP26_EXP,DAM,SP_CLR_PRC,0,5
2023-06-29T22:00:00-00:00,2023-06-29T23:00:00-00:00,2023-06-29,16,0,Hourly,SR,AS_CAISO,DAM,SP_CLR_PRC,0,5
2023-06-29T22:00:00-00:00,2023-06-29T23:00:00-00:00,2023-06-29,16,0,Hourly,SR,AS_CAISO_EXP,DAM,SP_CLR_PRC,0.4,5
2023-06-29T22:00:00-00:00,2023-06-29T23:00:00-00:00,2023-06-29,16,0,Hourly,SR,AS_SP26,DAM,SP_CLR_PRC,0,5
2023-06-30T01:00:00-00:00,2023-06-30T02:00:00-00:00,2023-06-29,19,0,Hourly,SR,AS_CAISO,DAM,SP_CLR_PRC,0,5
2023-06-30T02:00:00-00:00,2023-06-30T03:00:00-00:00,2023-06-29,20,0,Hourly,SR,AS_SP26,DAM,SP_CLR_PRC,0,5
2023-06-30T05:00:00-00:00,2023-06-30T06:00:00-00:00,2023-06-29,23,0,Hourly,SR,AS_CAISO_EXP,DAM,SP_CLR_PRC,2.67287,5
2023-06-30T05:00:00-00:00,2023-06-30T06:00:00-00:00,2023-06-29,23,0,Hourly,SR,AS_NP26_EXP,DAM,SP_CLR_PRC,0,5
2023-06-30T01:00:00-00:00,2023-06-30T02:00:00-00:00,2023-06-29,19,0,Hourly,SR,AS_NP26_EXP,DAM,SP_CLR_PRC,0.19,5
2023-06-30T04:00:00-00:00,2023-06-30T05:00:00-00:00,2023-06-29,22,0,Hourly,SR,AS_NP26_EXP,DAM,SP_CLR_PRC,0,5
2023-06-29T08:00:00-00:00,2023-06-29T09:00:00-00:00,2023-06-29,2,0,Hourly,SR,AS_CAISO,DAM,SP_CLR_PRC,0,5
2023-06-29T08:00:00-00:00,2023-06-29T09:00:00-00:00,2023-06-29,2,0,Hourly,SR,AS_NP26,DAM,SP_CLR_PRC,0,5
2023-06-29T07:00:00-00:00,2023-06-29T08:00:00-00:00,2023-06-29,1,0,Hourly,SR,AS_SP26,DAM,SP_CLR_PRC,0,5
2023-06-29T11:00:00-00:00,2023-06-29T12:00:00-00:00,2023-06-29,5,0,Hourly,SR,AS_CAISO_EXP,DAM,SP_CLR_PRC,0.39,5
2023-06-29T12:00:00-00:00,2023-06-29T13:00:00-00:00,2023-06-29,6,0,Hourly,SR,AS_SP26,DAM,SP_CLR_PRC,0,5
2023-06-29T13:00:00-00:00,2023-06-29T14:00:00-00:00,2023-06-29,7,0,Hourly,SR,AS_CAISO_EXP,DAM,SP_CLR_PRC,0.26686,5
2023-06-29T13:00:00-00:00,2023-06-29T14:00:00-00:00,2023-06-29,7,0,Hourly,SR,AS_NP26,DAM,SP_CLR_PRC,0,5
2023-06-29T14:00:00-00:00,2023-06-29T15:00:00-00:00,2023-06-29,8,0,Hourly,SR,AS_NP26,DAM,SP_CLR_PRC,0,5
2023-06-29T15:00:00-00:00,2023-06-29T16:00:00-00:00,2023-06-29,9,0,Hourly,SR,AS_CAISO,DAM,SP_CLR_PRC,0,5
2023-06-29T17:00:00-00:00,2023-06-29T18:00:00-00:00,2023-06-29,11,0,Hourly,SR,AS_CAISO_EXP,DAM,SP_CLR_PRC,0.16,5
2023-06-29T18:00:00-00:00,2023-06-29T19:00:00-00:00,2023-06-29,12,0,Hourly,SR,AS_SP26_EXP,DAM,SP_CLR_PRC,0,5
2023-06-29T19:00:00-00:00,2023-06-29T20:00:00-00:00,2023-06-29,13,0,Hourly,SR,AS_SP26,DAM,SP_CLR_PRC,0,5
2023-06-29T20:00:00-00:00,2023-06-29T21:00:00-00:00,2023-06-29,14,0,Hourly,SR,AS_NP26,DAM,SP_CLR_PRC,0,5
2023-06-29T21:00:00-00:00,2023-06-29T22:00:00-00:00,2023-06-29,15,0,Hourly,SR,AS_CAISO,DAM,SP_CLR_PRC,0,5
2023-06-29T23:00:00-00:00,2023-06-30T00:00:00-00:00,2023-06-29,17,0,Hourly,SR,AS_CAISO_EXP,DAM,SP_CLR_PRC,0.97546,5
2023-06-29T23:00:00-00:00,2023-06-30T00:00:00-00:00,2023-06-29,17,0,Hourly,SR,AS_SP26,DAM,SP_CLR_PRC,0,5
2023-06-30T00:00:00-00:00,2023-06-30T01:00:00-00:00,2023-06-29,18,0,Hourly,SR,AS_CAISO_EXP,DAM,SP_CLR_PRC,0.16,5
2023-06-30T00:00:00-00:00,2023-06-30T01:00:00-00:00,2023-06-29,18,0,Hourly,SR,AS_SP26_EXP,DAM,SP_CLR_PRC,0,5
2023-06-30T03:00:00-00:00,2023-06-30T04:00:00-00:00,2023-06-29,21,0,Hourly,SR,AS_CAISO_EXP,DAM,SP_CLR_PRC,6.29463,5
2023-06-30T04:00:00-00:00,2023-06-30T05:00:00-00:00,2023-06-29,22,0,Hourly,SR,AS_CAISO,DAM,SP_CLR_PRC,0,5
2023-06-30T03:00:00-00:00,2023-06-30T04:00:00-00:00,2023-06-29,21,0,Hourly,SR,AS_SP26,DAM,SP_CLR_PRC,0,5
2023-06-30T03:00:00-00:00,2023-06-30T04:00:00-00:00,2023-06-29,21,0,Hourly,SR,AS_SP26_EXP,DAM,SP_CLR_PRC,0,5
2023-06-30T05:00:00-00:00,2023-06-30T06:00:00-00:00,2023-06-29,23,0,Hourly,SR,AS_SP26_EXP,DAM,SP_CLR_PRC,0,5
2023-06-30T06:00:00-00:00,2023-06-30T07:00:00-00:00,2023-06-29,24,0,Hourly,SR,AS_CAISO_EXP,DAM,SP_CLR_PRC,3,5
2023-06-29T08:00:00-00:00,2023-06-29T09:00:00-00:00,2023-06-29,2,0,Hourly,SR,AS_SP26,DAM,SP_CLR_PRC,0,5
2023-06-29T09:00:00-00:00,2023-06-29T10:00:00-00:00,2023-06-29,3,0,Hourly,SR,AS_CAISO_EXP,DAM,SP_CLR_PRC,0.36,5
2023-06-29T09:00:00-00:00,2023-06-29T10:00:00-00:00,2023-06-29,3,0,Hourly,SR,AS_SP26,DAM,SP_CLR_PRC,0,5
2023-06-29T11:00:00-00:00,2023-06-29T12:00:00-00:00,2023-06-29,5,0,Hourly,SR,AS_NP26,DAM,SP_CLR_PRC,0,5
2023-06-29T11:00:00-00:00,2023-06-29T12:00:00-00:00,2023-06-29,5,0,Hourly,SR,AS_NP26_EXP,DAM,SP_CLR_PRC,0.14,5
2023-06-29T12:00:00-00:00,2023-06-29T13:00:00-00:00,2023-06-29,6,0,Hourly,SR,AS_NP26,DAM,SP_CLR_PRC,0,5
2023-06-29T15:00:00-00:00,2023-06-29T16:00:00-00:00,2023-06-29,9,0,Hourly,SR,AS_NP26_EXP,DAM,SP_CLR_PRC,1.11,5
2023-06-29T16:00:00-00:00,2023-06-29T17:00:00-00:00,2023-06-29,10,0,Hourly,SR,AS_SP26_EXP,DAM,SP_CLR_PRC,0,5
2023-06-29T19:00:00-00:00,2023-06-29T20:00:00-00:00,2023-06-29,13,0,Hourly,SR,AS_CAISO_EXP,DAM,SP_CLR_PRC,0.16,5
2023-06-29T20:00:00-00:00,2023-06-29T21:00:00-00:00,2023-06-29,14,0,Hourly,SR,AS_CAISO,DAM,SP_CLR_PRC,0,5
2023-06-29T20:00:00-00:00,2023-06-29T21:00:00-00:00,2023-06-29,14,0,Hourly,SR,AS_NP26_EXP,DAM,SP_CLR_PRC,0.14,5
2023-06-29T22:00:00-00:00,2023-06-29T23:00:00-00:00,2023-06-29,16,0,Hourly,SR,AS_SP26_EXP,DAM,SP_CLR_PRC,0,5
2023-06-30T02:00:00-00:00,2023-06-30T03:00:00-00:00,2023-06-29,20,0,Hourly,SR,AS_SP26_EXP,DAM,SP_CLR_PRC,0,5
2023-06-29T08:00:00-00:00,2023-06-29T09:00:00-00:00,2023-06-29,2,0,Hourly,SR,AS_SP26_EXP,DAM,SP_CLR_PRC,0,5
2023-06-29T09:00:00-00:00,2023-06-29T10:00:00-00:00,2023-06-29,3,0,Hourly,SR,AS_SP26_EXP,DAM,SP_CLR_PRC,0,5
2023-06-29T10:00:00-00:00,2023-06-29T11:00:00-00:00,2023-06-29,4,0,Hourly,SR,AS_CAISO_EXP,DAM,SP_CLR_PRC,0.39,5
2023-06-29T10:00:00-00:00,2023-06-29T11:00:00-00:00,2023-06-29,4,0,Hourly,SR,AS_SP26_EXP,DAM,SP_CLR_PRC,0,5
2023-06-29T14:00:00-00:00,2023-06-29T15:00:00-00:00,2023-06-29,8,0,Hourly,SR,AS_NP26_EXP,DAM,SP_CLR_PRC,1.13,5
2023-06-29T15:00:00-00:00,2023-06-29T16:00:00-00:00,2023-06-29,9,0,Hourly,SR,AS_SP26,DAM,SP_CLR_PRC,0,5
2023-06-29T16:00:00-00:00,2023-06-29T17:00:00-00:00,2023-06-29,10,0,Hourly,SR,AS_CAISO_EXP,DAM,SP_CLR_PRC,0.16,5
2023-06-29T16:00:00-00:00,2023-06-29T17:00:00-00:00,2023-06-29,10,0,Hourly,SR,AS_NP26,DAM,SP_CLR_PRC,0,5
2023-06-29T16:00:00-00:00,2023-06-29T17:00:00-00:00,2023-06-29,10,0,Hourly,SR,AS_SP26,DAM,SP_CLR_PRC,0,5
2023-06-29T20:00:00-00:00,2023-06-29T21:00:00-00:00,2023-06-29,14,0,Hourly,SR,AS_SP26,DAM,SP_CLR_PRC,0,5
2023-06-29T22:00:00-00:00,2023-06-29T23:00:00-00:00,2023-06-29,16,0,Hourly,SR,AS_NP26,DAM,SP_CLR_PRC,0,5
2023-06-29T22:00:00-00:00,2023-06-29T23:00:00-00:00,2023-06-29,16,0,Hourly,SR,AS_NP26_EXP,DAM,SP_CLR_PRC,0.14,5
2023-06-30T00:00:00-00:00,2023-06-30T01:00:00-00:00,2023-06-29,18,0,Hourly,SR,AS_NP26_EXP,DAM,SP_CLR_PRC,0.85,5
2023-06-30T01:00:00-00:00,2023-06-30T02:00:00-00:00,2023-06-29,19,0,Hourly,SR,AS_NP26,DAM,SP_CLR_PRC,0,5
2023-06-30T01:00:00-00:00,2023-06-30T02:00:00-00:00,2023-06-29,19,0,Hourly,SR,AS_SP26_EXP,DAM,SP_CLR_PRC,0,5
2023-06-30T03:00:00-00:00,2023-06-30T04:00:00-00:00,2023-06-29,21,0,Hourly,SR,AS_CAISO,DAM,SP_CLR_PRC,0,5
2023-06-30T04:00:00-00:00,2023-06-30T05:00:00-00:00,2023-06-29,22,0,Hourly,SR,AS_CAISO_EXP,DAM,SP_CLR_PRC,2.29259,5
2023-06-30T04:00:00-00:00,2023-06-30T05:00:00-00:00,2023-06-29,22,0,Hourly,SR,AS_NP26,DAM,SP_CLR_PRC,0,5
2023-06-30T05:00:00-00:00,2023-06-30T06:00:00-00:00,2023-06-29,23,0,Hourly,SR,AS_CAISO,DAM,SP_CLR_PRC,0,5
2023-06-30T06:00:00-00:00,2023-06-30T07:00:00-00:00,2023-06-29,24,0,Hourly,SR,AS_CAISO,DAM,SP_CLR_PRC,0,5
2023-06-30T06:00:00-00:00,2023-06-30T07:00:00-00:00,2023-06-29,24,0,Hourly,SR,AS_NP26_EXP,DAM,SP_CLR_PRC,0,5
2023-06-30T06:00:00-00:00,2023-06-30T07:00:00-00:00,2023-06-29,24,0,Hourly,SR,AS_SP26,DAM,SP_CLR_PRC,0,5
2023-06-30T06:00:00-00:00,2023-06-30T07:00:00-00:00,2023-06-29,24,0,Hourly,SR,AS_SP26_EXP,DAM,SP_CLR_PRC,0,5
2023-06-29T07:00:00-00:00,2023-06-29T08:00:00-00:00,2023-06-29,1,0,Hourly,SR,AS_NP26,DAM,SP_CLR_PRC,0,5
2023-06-29T09:00:00-00:00,2023-06-29T10:00:00-00:00,2023-06-29,3,0,Hourly,SR,AS_CAISO,DAM,SP_CLR_PRC,0,5
2023-06-29T13:00:00-00:00,2023-06-29T14:00:00-00:00,2023-06-29,7,0,Hourly,SR,AS_NP26_EXP,DAM,SP_CLR_PRC,0.23314,5
2023-06-29T13:00:00-00:00,2023-06-29T14:00:00-00:00,2023-06-29,7,0,Hourly,SR,AS_SP26_EXP,DAM,SP_CLR_PRC,0,5
2023-06-29T15:00:00-00:00,2023-06-29T16:00:00-00:00,2023-06-29,9,0,Hourly,SR,AS_SP26_EXP,DAM,SP_CLR_PRC,0,5
2023-06-29T18:00:00-00:00,2023-06-29T19:00:00-00:00,2023-06-29,12,0,Hourly,SR,AS_CAISO,DAM,SP_CLR_PRC,0,5
2023-06-29T18:00:00-00:00,2023-06-29T19:00:00-00:00,2023-06-29,12,0,Hourly,SR,AS_NP26,DAM,SP_CLR_PRC,0,5
2023-06-29T21:00:00-00:00,2023-06-29T22:00:00-00:00,2023-06-29,15,0,Hourly,SR,AS_CAISO_EXP,DAM,SP_CLR_PRC,0.71,5
2023-06-29T21:00:00-00:00,2023-06-29T22:00:00-00:00,2023-06-29,15,0,Hourly,SR,AS_NP26,DAM,SP_CLR_PRC,0,5
2023-06-29T21:00:00-00:00,2023-06-29T22:00:00-00:00,2023-06-29,15,0,Hourly,SR,AS_SP26,DAM,SP_CLR_PRC,0,5
2023-06-30T00:00:00-00:00,2023-06-30T01:00:00-00:00,2023-06-29,18,0,Hourly,SR,AS_CAISO,DAM,SP_CLR_PRC,0,5
2023-06-30T00:00:00-00:00,2023-06-30T01:00:00-00:00,2023-06-29,18,0,Hourly,SR,AS_SP26,DAM,SP_CLR_PRC,0,5
2023-06-30T02:00:00-00:00,2023-06-30T03:00:00-00:00,2023-06-29,20,0,Hourly,SR,AS_NP26,DAM,SP_CLR_PRC,0,5
2023-06-29T07:00:00-00:00,2023-06-29T08:00:00-00:00,2023-06-29,1,0,Hourly,SR,AS_CAISO,DAM,SP_CLR_PRC,0,5
2023-06-29T07:00:00-00:00,2023-06-29T08:00:00-00:00,2023-06-29,1,0,Hourly,SR,AS_SP26_EXP,DAM,SP_CLR_PRC,0,5
2023-06-29T08:00:00-00:00,2023-06-29T09:00:00-00:00,2023-06-29,2,0,Hourly,SR,AS_NP26_EXP,DAM,SP_CLR_PRC,0.14,5
2023-06-29T10:00:00-00:00,2023-06-29T11:00:00-00:00,2023-06-29,4,0,Hourly,SR,AS_SP26,DAM,SP_CLR_PRC,0,5
2023-06-29T10:00:00-00:00,2023-06-29T11:00:00-00:00,2023-06-29,4,0,Hourly,SR,AS_CAISO,DAM,SP_CLR_PRC,0,5
2023-06-29T11:00:00-00:00,2023-06-29T12:00:00-00:00,2023-06-29,5,0,Hourly,SR,AS_CAISO,DAM,SP_CLR_PRC,0,5
2023-06-29T11:00:00-00:00,2023-06-29T12:00:00-00:00,2023-06-29,5,0,Hourly,SR,AS_SP26,DAM,SP_CLR_PRC,0,5
2023-06-29T11:00:00-00:00,2023-06-29T12:00:00-00:00,2023-06-29,5,0,Hourly,SR,AS_SP26_EXP,DAM,SP_CLR_PRC,0,5
2023-06-29T12:00:00-00:00,2023-06-29T13:00:00-00:00,2023-06-29,6,0,Hourly,SR,AS_SP26_EXP,DAM,SP_CLR_PRC,0,5
2023-06-29T13:00:00-00:00,2023-06-29T14:00:00-00:00,2023-06-29,7,0,Hourly,SR,AS_SP26,DAM,SP_CLR_PRC,0,5
2023-06-29T14:00:00-00:00,2023-06-29T15:00:00-00:00,2023-06-29,8,0,Hourly,SR,AS_CAISO_EXP,DAM,SP_CLR_PRC,0.16,5
2023-06-29T17:00:00-00:00,2023-06-29T18:00:00-00:00,2023-06-29,11,0,Hourly,SR,AS_SP26,DAM,SP_CLR_PRC,0,5
2023-06-30T00:00:00-00:00,2023-06-30T01:00:00-00:00,2023-06-29,18,0,Hourly,SR,AS_NP26,DAM,SP_CLR_PRC,0,5
2023-06-30T01:00:00-00:00,2023-06-30T02:00:00-00:00,2023-06-29,19,0,Hourly,SR,AS_CAISO_EXP,DAM,SP_CLR_PRC,0.26,5
2023-06-30T01:00:00-00:00,2023-06-30T02:00:00-00:00,2023-06-29,19,0,Hourly,SR,AS_SP26,DAM,SP_CLR_PRC,0,5
2023-06-30T02:00:00-00:00,2023-06-30T03:00:00-00:00,2023-06-29,20,0,Hourly,SR,AS_CAISO,DAM,SP_CLR_PRC,0,5
2023-06-30T03:00:00-00:00,2023-06-30T04:00:00-00:00,2023-06-29,21,0,Hourly,SR,AS_NP26,DAM,SP_CLR_PRC,0,5
2023-06-29T07:00:00-00:00,2023-06-29T08:00:00-00:00,2023-06-29,1,0,Hourly,SR,AS_NP26_EXP,DAM,SP_CLR_PRC,0.29,5
2023-06-29T07:00:00-00:00,2023-06-29T08:00:00-00:00,2023-06-29,1,0,Hourly,SR,AS_CAISO_EXP,DAM,SP_CLR_PRC,0.16,5
2023-06-29T08:00:00-00:00,2023-06-29T09:00:00-00:00,2023-06-29,2,0,Hourly,SR,AS_CAISO_EXP,DAM,SP_CLR_PRC,0.36,5
2023-06-29T09:00:00-00:00,2023-06-29T10:00:00-00:00,2023-06-29,3,0,Hourly,SR,AS_NP26,DAM,SP_CLR_PRC,0,5
2023-06-29T10:00:00-00:00,2023-06-29T11:00:00-00:00,2023-06-29,4,0,Hourly,SR,AS_NP26,DAM,SP_CLR_PRC,0,5
2023-06-29T10:00:00-00:00,2023-06-29T11:00:00-00:00,2023-06-29,4,0,Hourly,SR,AS_NP26_EXP,DAM,SP_CLR_PRC,0.14,5
2023-06-29T14:00:00-00:00,2023-06-29T15:00:00-00:00,2023-06-29,8,0,Hourly,SR,AS_CAISO,DAM,SP_CLR_PRC,0,5
2023-06-29T14:00:00-00:00,2023-06-29T15:00:00-00:00,2023-06-29,8,0,Hourly,SR,AS_SP26_EXP,DAM,SP_CLR_PRC,0,5
2023-06-29T15:00:00-00:00,2023-06-29T16:00:00-00:00,2023-06-29,9,0,Hourly,SR,AS_NP26,DAM,SP_CLR_PRC,0,5
2023-06-29T16:00:00-00:00,2023-06-29T17:00:00-00:00,2023-06-29,10,0,Hourly,SR,AS_CAISO,DAM,SP_CLR_PRC,0,5
2023-06-29T16:00:00-00:00,2023-06-29T17:00:00-00:00,2023-06-29,10,0,Hourly,SR,AS_NP26_EXP,DAM,SP_CLR_PRC,0.54,5
2023-06-29T17:00:00-00:00,2023-06-29T18:00:00-00:00,2023-06-29,11,0,Hourly,SR,AS_NP26,DAM,SP_CLR_PRC,0,5
2023-06-29T18:00:00-00:00,2023-06-29T19:00:00-00:00,2023-06-29,12,0,Hourly,SR,AS_NP26_EXP,DAM,SP_CLR_PRC,0.6,5
2023-06-29T18:00:00-00:00,2023-06-29T19:00:00-00:00,2023-06-29,12,0,Hourly,SR,AS_SP26,DAM,SP_CLR_PRC,0,5
2023-06-29T19:00:00-00:00,2023-06-29T20:00:00-00:00,2023-06-29,13,0,Hourly,SR,AS_NP26,DAM,SP_CLR_PRC,0,5
2023-06-29T19:00:00-00:00,2023-06-29T20:00:00-00:00,2023-06-29,13,0,Hourly,SR,AS_NP26_EXP,DAM,SP_CLR_PRC,1.51,5
2023-06-29T20:00:00-00:00,2023-06-29T21:00:00-00:00,2023-06-29,14,0,Hourly,SR,AS_CAISO_EXP,DAM,SP_CLR_PRC,0.16,5
2023-06-29T21:00:00-00:00,2023-06-29T22:00:00-00:00,2023-06-29,15,0,Hourly,SR,AS_NP26_EXP,DAM,SP_CLR_PRC,0.65,5
2023-06-29T23:00:00-00:00,2023-06-30T00:00:00-00:00,2023-06-29,17,0,Hourly,SR,AS_NP26,DAM,SP_CLR_PRC,0,5
2023-06-29T23:00:00-00:00,2023-06-30T00:00:00-00:00,2023-06-29,17,0,Hourly,SR,AS_NP26_EXP,DAM,SP_CLR_PRC,0.19,5
2023-06-29T23:00:00-00:00,2023-06-30T00:00:00-00:00,2023-06-29,17,0,Hourly,SR,AS_SP26_EXP,DAM,SP_CLR_PRC,0,5
2023-06-30T02:00:00-00:00,2023-06-30T03:00:00-00:00,2023-06-29,20,0,Hourly,SR,AS_CAISO_EXP,DAM,SP_CLR_PRC,4.99,5
2023-06-30T02:00:00-00:00,2023-06-30T03:00:00-00:00,2023-06-29,20,0,Hourly,SR,AS_NP26_EXP,DAM,SP_CLR_PRC,0,5
2023-06-30T03:00:00-00:00,2023-06-30T04:00:00-00:00,2023-06-29,21,0,Hourly,SR,AS_NP26_EXP,DAM,SP_CLR_PRC,0,5
2023-06-30T04:00:00-00:00,2023-06-30T05:00:00-00:00,2023-06-29,22,0,Hourly,SR,AS_SP26,DAM,SP_CLR_PRC,0,5
2023-06-30T04:00:00-00:00,2023-06-30T05:00:00-00:00,2023-06-29,22,0,Hourly,SR,AS_SP26_EXP,DAM,SP_CLR_PRC,0,5
2023-06-30T05:00:00-00:00,2023-06-30T06:00:00-00:00,2023-06-29,23,0,Hourly,SR,AS_NP26,DAM,SP_CLR_PRC,0,5
2023-06-30T05:00:00-00:00,2023-06-30T06:00:00-00:00,2023-06-29,23,0,Hourly,SR,AS_SP26,DAM,SP_CLR_PRC,0,5
2023-06-30T06:00:00-00:00,2023-06-30T07:00:00-00:00,2023-06-29,24,0,Hourly,SR,AS_NP26,DAM,SP_CLR_PRC,0,5
2023-06-29T12:00:00-00:00,2023-06-29T13:00:00-00:00,2023-06-29,6,0,Hourly,SR,AS_CAISO,DAM,SP_CLR_PRC,0,5
2023-06-29T12:00:00-00:00,2023-06-29T13:00:00-00:00,2023-06-29,6,0,Hourly,SR,AS_CAISO_EXP,DAM,SP_CLR_PRC,0.39,5
2023-06-29T13:00:00-00:00,2023-06-29T14:00:00-00:00,2023-06-29,7,0,Hourly,SR,AS_CAISO,DAM,SP_CLR_PRC,0,5
2023-06-29T17:00:00-00:00,2023-06-29T18:00:00-00:00,2023-06-29,11,0,Hourly,SR,AS_SP26_EXP,DAM,SP_CLR_PRC,0,5
2023-06-29T19:00:00-00:00,2023-06-29T20:00:00-00:00,2023-06-29,13,0,Hourly,SR,AS_CAISO,DAM,SP_CLR_PRC,0,5
2023-06-29T20:00:00-00:00,2023-06-29T21:00:00-00:00,2023-06-29,14,0,Hourly,SR,AS_SP26_EXP,DAM,SP_CLR_PRC,0,5
2023-06-29T23:00:00-00:00,2023-06-30T00:00:00-00:00,2023-06-29,17,0,Hourly,SR,AS_CAISO,DAM,SP_CLR_PRC,0,5
2023-06-30T11:00:00-00:00,2023-06-30T12:00:00-00:00,2023-06-30,5,0,Hourly,SR,AS_CAISO,DAM,SP_CLR_PRC,0,6
2023-06-30T11:00:00-00:00,2023-06-30T12:00:00-00:00,2023-06-30,5,0,Hourly,SR,AS_SP26,DAM,SP_CLR_PRC,0,6
2023-06-30T13:00:00-00:00,2023-06-30T14:00:00-00:00,2023-06-30,7,0,Hourly,SR,AS_CAISO,DAM,SP_CLR_PRC,0,6
2023-06-30T14:00:00-00:00,2023-06-30T15:00:00-00:00,2023-06-30,8,0,Hourly,SR,AS_CAISO,DAM,SP_CLR_PRC,0,6
2023-06-30T14:00:00-00:00,2023-06-30T15:00:00-00:00,2023-06-30,8,0,Hourly,SR,AS_SP26_EXP,DAM,SP_CLR_PRC,0,6
2023-06-30T15:00:00-00:00,2023-06-30T16:00:00-00:00,2023-06-30,9,0,Hourly,SR,AS_NP26_EXP,DAM,SP_CLR_PRC,0.35725,6
2023-06-30T19:00:00-00:00,2023-06-30T20:00:00-00:00,2023-06-30,13,0,Hourly,SR,AS_CAISO_EXP,DAM,SP_CLR_PRC,0.16,6
2023-06-30T20:00:00-00:00,2023-06-30T21:00:00-00:00,2023-06-30,14,0,Hourly,SR,AS_NP26,DAM,SP_CLR_PRC,0,6
2023-06-30T21:00:00-00:00,2023-06-30T22:00:00-00:00,2023-06-30,15,0,Hourly,SR,AS_CAISO_EXP,DAM,SP_CLR_PRC,0.16,6
2023-06-30T21:00:00-00:00,2023-06-30T22:00:00-00:00,2023-06-30,15,0,Hourly,SR,AS_NP26,DAM,SP_CLR_PRC,0,6
2023-06-30T21:00:00-00:00,2023-06-30T22:00:00-00:00,2023-06-30,15,0,Hourly,SR,AS_SP26,DAM,SP_CLR_PRC,0,6
2023-06-30T22:00:00-00:00,2023-06-30T23:00:00-00:00,2023-06-30,16,0,Hourly,SR,AS_CAISO,DAM,SP_CLR_PRC,0,6
2023-07-01T00:00:00-00:00,2023-07-01T01:00:00-00:00,2023-06-30,18,0,Hourly,SR,AS_SP26,DAM,SP_CLR_PRC,0,6
2023-07-01T00:00:00-00:00,2023-07-01T01:00:00-00:00,2023-06-30,18,0,Hourly,SR,AS_SP26_EXP,DAM,SP_CLR_PRC,0,6
2023-07-01T02:00:00-00:00,2023-07-01T03:00:00-00:00,2023-06-30,20,0,Hourly,SR,AS_NP26,DAM,SP_CLR_PRC,0,6
2023-07-01T06:00:00-00:00,2023-07-01T07:00:00-00:00,2023-06-30,24,0,Hourly,SR,AS_NP26_EXP,DAM,SP_CLR_PRC,0.19,6
2023-06-30T21:00:00-00:00,2023-06-30T22:00:00-00:00,2023-06-30,15,0,Hourly,SR,AS_CAISO,DAM,SP_CLR_PRC,0,6
2023-06-30T22:00:00-00:00,2023-06-30T23:00:00-00:00,2023-06-30,16,0,Hourly,SR,AS_NP26,DAM,SP_CLR_PRC,0,6
2023-06-30T23:00:00-00:00,2023-07-01T00:00:00-00:00,2023-06-30,17,0,Hourly,SR,AS_SP26,DAM,SP_CLR_PRC,0,6
2023-07-01T00:00:00-00:00,2023-07-01T01:00:00-00:00,2023-06-30,18,0,Hourly,SR,AS_CAISO_EXP,DAM,SP_CLR_PRC,0.16,6
2023-06-30T10:00:00-00:00,2023-06-30T11:00:00-00:00,2023-06-30,4,0,Hourly,SR,AS_NP26,DAM,SP_CLR_PRC,0,6
2023-06-30T11:00:00-00:00,2023-06-30T12:00:00-00:00,2023-06-30,5,0,Hourly,SR,AS_NP26,DAM,SP_CLR_PRC,0,6
2023-06-30T13:00:00-00:00,2023-06-30T14:00:00-00:00,2023-06-30,7,0,Hourly,SR,AS_CAISO_EXP,DAM,SP_CLR_PRC,0.16,6
2023-06-30T13:00:00-00:00,2023-06-30T14:00:00-00:00,2023-06-30,7,0,Hourly,SR,AS_NP26_EXP,DAM,SP_CLR_PRC,0.32,6
2023-06-30T13:00:00-00:00,2023-06-30T14:00:00-00:00,2023-06-30,7,0,Hourly,SR,AS_SP26,DAM,SP_CLR_PRC,0,6
2023-06-30T14:00:00-00:00,2023-06-30T15:00:00-00:00,2023-06-30,8,0,Hourly,SR,AS_NP26_EXP,DAM,SP_CLR_PRC,0.21,6
2023-06-30T16:00:00-00:00,2023-06-30T17:00:00-00:00,2023-06-30,10,0,Hourly,SR,AS_CAISO,DAM,SP_CLR_PRC,0,6
2023-06-30T17:00:00-00:00,2023-06-30T18:00:00-00:00,2023-06-30,11,0,Hourly,SR,AS_CAISO_EXP,DAM,SP_CLR_PRC,0.16,6
2023-06-30T20:00:00-00:00,2023-06-30T21:00:00-00:00,2023-06-30,14,0,Hourly,SR,AS_CAISO_EXP,DAM,SP_CLR_PRC,0.16,6
2023-06-30T20:00:00-00:00,2023-06-30T21:00:00-00:00,2023-06-30,14,0,Hourly,SR,AS_NP26_EXP,DAM,SP_CLR_PRC,0.62,6
2023-06-30T20:00:00-00:00,2023-06-30T21:00:00-00:00,2023-06-30,14,0,Hourly,SR,AS_SP26_EXP,DAM,SP_CLR_PRC,0,6
2023-06-30T22:00:00-00:00,2023-06-30T23:00:00-00:00,2023-06-30,16,0,Hourly,SR,AS_SP26_EXP,DAM,SP_CLR_PRC,0,6
2023-07-01T04:00:00-00:00,2023-07-01T05:00:00-00:00,2023-06-30,22,0,Hourly,SR,AS_CAISO,DAM,SP_CLR_PRC,0,6
2023-07-01T06:00:00-00:00,2023-07-01T07:00:00-00:00,2023-06-30,24,0,Hourly,SR,AS_SP26,DAM,SP_CLR_PRC,0,6
2023-06-30T07:00:00-00:00,2023-06-30T08:00:00-00:00,2023-06-30,1,0,Hourly,SR,AS_CAISO,DAM,SP_CLR_PRC,0,6
2023-06-30T07:00:00-00:00,2023-06-30T08:00:00-00:00,2023-06-30,1,0,Hourly,SR,AS_CAISO_EXP,DAM,SP_CLR_PRC,0.16,6
2023-06-30T07:00:00-00:00,2023-06-30T08:00:00-00:00,2023-06-30,1,0,Hourly,SR,AS_NP26,DAM,SP_CLR_PRC,0,6
2023-06-30T07:00:00-00:00,2023-06-30T08:00:00-00:00,2023-06-30,1,0,Hourly,SR,AS_SP26_EXP,DAM,SP_CLR_PRC,0,6
2023-06-30T08:00:00-00:00,2023-06-30T09:00:00-00:00,2023-06-30,2,0,Hourly,SR,AS_SP26,DAM,SP_CLR_PRC,0,6
2023-06-30T10:00:00-00:00,2023-06-30T11:00:00-00:00,2023-06-30,4,0,Hourly,SR,AS_SP26,DAM,SP_CLR_PRC,0,6
2023-06-30T11:00:00-00:00,2023-06-30T12:00:00-00:00,2023-06-30,5,0,Hourly,SR,AS_SP26_EXP,DAM,SP_CLR_PRC,0,6
2023-06-30T12:00:00-00:00,2023-06-30T13:00:00-00:00,2023-06-30,6,0,Hourly,SR,AS_CAISO_EXP,DAM,SP_CLR_PRC,0.16,6
2023-06-30T15:00:00-00:00,2023-06-30T16:00:00-00:00,2023-06-30,9,0,Hourly,SR,AS_CAISO,DAM,SP_CLR_PRC,0,6
2023-06-30T15:00:00-00:00,2023-06-30T16:00:00-00:00,2023-06-30,9,0,Hourly,SR,AS_SP26,DAM,SP_CLR_PRC,0,6
2023-06-30T18:00:00-00:00,2023-06-30T19:00:00-00:00,2023-06-30,12,0,Hourly,SR,AS_CAISO,DAM,SP_CLR_PRC,0,6
2023-06-30T22:00:00-00:00,2023-06-30T23:00:00-00:00,2023-06-30,16,0,Hourly,SR,AS_NP26_EXP,DAM,SP_CLR_PRC,0.19,6
2023-06-30T23:00:00-00:00,2023-07-01T00:00:00-00:00,2023-06-30,17,0,Hourly,SR,AS_CAISO,DAM,SP_CLR_PRC,0,6
2023-06-30T23:00:00-00:00,2023-07-01T00:00:00-00:00,2023-06-30,17,0,Hourly,SR,AS_CAISO_EXP,DAM,SP_CLR_PRC,0.43,6
2023-06-30T23:00:00-00:00,2023-07-01T00:00:00-00:00,2023-06-30,17,0,Hourly,SR,AS_NP26,DAM,SP_CLR_PRC,0,6
2023-07-01T00:00:00-00:00,2023-07-01T01:00:00-00:00,2023-06-30,18,0,Hourly,SR,AS_CAISO,DAM,SP_CLR_PRC,0,6
2023-07-01T01:00:00-00:00,2023-07-01T02:00:00-00:00,2023-06-30,19,0,Hourly,SR,AS_NP26_EXP,DAM,SP_CLR_PRC,0,6
2023-07-01T02:00:00-00:00,2023-07-01T03:00:00-00:00,2023-06-30,20,0,Hourly,SR,AS_CAISO,DAM,SP_CLR_PRC,0,6
2023-07-01T03:00:00-00:00,2023-07-01T04:00:00-00:00,2023-06-30,21,0,Hourly,SR,AS_SP26_EXP,DAM,SP_CLR_PRC,0,6
2023-07-01T05:00:00-00:00,2023-07-01T06:00:00-00:00,2023-06-30,23,0,Hourly,SR,AS_CAISO_EXP,DAM,SP_CLR_PRC,0.35,6
2023-07-01T05:00:00-00:00,2023-07-01T06:00:00-00:00,2023-06-30,23,0,Hourly,SR,AS_SP26,DAM,SP_CLR_PRC,0,6
2023-07-01T06:00:00-00:00,2023-07-01T07:00:00-00:00,2023-06-30,24,0,Hourly,SR,AS_NP26,DAM,SP_CLR_PRC,0,6
2023-06-30T09:00:00-00:00,2023-06-30T10:00:00-00:00,2023-06-30,3,0,Hourly,SR,AS_NP26,DAM,SP_CLR_PRC,0,6
2023-06-30T11:00:00-00:00,2023-06-30T12:00:00-00:00,2023-06-30,5,0,Hourly,SR,AS_NP26_EXP,DAM,SP_CLR_PRC,0.14,6
2023-06-30T13:00:00-00:00,2023-06-30T14:00:00-00:00,2023-06-30,7,0,Hourly,SR,AS_SP26_EXP,DAM,SP_CLR_PRC,0,6
2023-06-30T14:00:00-00:00,2023-06-30T15:00:00-00:00,2023-06-30,8,0,Hourly,SR,AS_CAISO_EXP,DAM,SP_CLR_PRC,0.16,6
2023-06-30T15:00:00-00:00,2023-06-30T16:00:00-00:00,2023-06-30,9,0,Hourly,SR,AS_SP26_EXP,DAM,SP_CLR_PRC,0,6
2023-06-30T16:00:00-00:00,2023-06-30T17:00:00-00:00,2023-06-30,10,0,Hourly,SR,AS_SP26,DAM,SP_CLR_PRC,0,6
2023-06-30T18:00:00-00:00,2023-06-30T19:00:00-00:00,2023-06-30,12,0,Hourly,SR,AS_NP26_EXP,DAM,SP_CLR_PRC,0.14,6
2023-06-30T18:00:00-00:00,2023-06-30T19:00:00-00:00,2023-06-30,12,0,Hourly,SR,AS_SP26_EXP,DAM,SP_CLR_PRC,0,6
2023-06-30T19:00:00-00:00,2023-06-30T20:00:00-00:00,2023-06-30,13,0,Hourly,SR,AS_SP26_EXP,DAM,SP_CLR_PRC,0,6
2023-06-30T20:00:00-00:00,2023-06-30T21:00:00-00:00,2023-06-30,14,0,Hourly,SR,AS_CAISO,DAM,SP_CLR_PRC,0,6
2023-06-30T20:00:00-00:00,2023-06-30T21:00:00-00:00,2023-06-30,14,0,Hourly,SR,AS_SP26,DAM,SP_CLR_PRC,0,6
2023-06-30T21:00:00-00:00,2023-06-30T22:00:00-00:00,2023-06-30,15,0,Hourly,SR,AS_NP26_EXP,DAM,SP_CLR_PRC,0.64,6
2023-07-01T01:00:00-00:00,2023-07-01T02:00:00-00:00,2023-06-30,19,0,Hourly,SR,AS_SP26_EXP,DAM,SP_CLR_PRC,0,6
2023-07-01T03:00:00-00:00,2023-07-01T04:00:00-00:00,2023-06-30,21,0,Hourly,SR,AS_CAISO,DAM,SP_CLR_PRC,0,6
2023-07-01T04:00:00-00:00,2023-07-01T05:00:00-00:00,2023-06-30,22,0,Hourly,SR,AS_NP26,DAM,SP_CLR_PRC,0,6
2023-07-01T04:00:00-00:00,2023-07-01T05:00:00-00:00,2023-06-30,22,0,Hourly,SR,AS_SP26_EXP,DAM,SP_CLR_PRC,0,6
2023-07-01T05:00:00-00:00,2023-07-01T06:00:00-00:00,2023-06-30,23,0,Hourly,SR,AS_SP26_EXP,DAM,SP_CLR_PRC,0,6
2023-06-30T07:00:00-00:00,2023-06-30T08:00:00-00:00,2023-06-30,1,0,Hourly,SR,AS_NP26_EXP,DAM,SP_CLR_PRC,0.19,6
2023-06-30T07:00:00-00:00,2023-06-30T08:00:00-00:00,2023-06-30,1,0,Hourly,SR,AS_SP26,DAM,SP_CLR_PRC,0,6
2023-06-30T08:00:00-00:00,2023-06-30T09:00:00-00:00,2023-06-30,2,0,Hourly,SR,AS_SP26_EXP,DAM,SP_CLR_PRC,0,6
2023-06-30T09:00:00-00:00,2023-06-30T10:00:00-00:00,2023-06-30,3,0,Hourly,SR,AS_SP26,DAM,SP_CLR_PRC,0,6
2023-06-30T10:00:00-00:00,2023-06-30T11:00:00-00:00,2023-06-30,4,0,Hourly,SR,AS_CAISO,DAM,SP_CLR_PRC,0,6
2023-06-30T10:00:00-00:00,2023-06-30T11:00:00-00:00,2023-06-30,4,0,Hourly,SR,AS_CAISO_EXP,DAM,SP_CLR_PRC,0.16,6
2023-06-30T10:00:00-00:00,2023-06-30T11:00:00-00:00,2023-06-30,4,0,Hourly,SR,AS_SP26_EXP,DAM,SP_CLR_PRC,0,6
2023-06-30T12:00:00-00:00,2023-06-30T13:00:00-00:00,2023-06-30,6,0,Hourly,SR,AS_NP26,DAM,SP_CLR_PRC,0,6
2023-06-30T12:00:00-00:00,2023-06-30T13:00:00-00:00,2023-06-30,6,0,Hourly,SR,AS_NP26_EXP,DAM,SP_CLR_PRC,0.14,6
2023-06-30T14:00:00-00:00,2023-06-30T15:00:00-00:00,2023-06-30,8,0,Hourly,SR,AS_NP26,DAM,SP_CLR_PRC,0,6
2023-06-30T16:00:00-00:00,2023-06-30T17:00:00-00:00,2023-06-30,10,0,Hourly,SR,AS_SP26_EXP,DAM,SP_CLR_PRC,0,6
2023-06-30T17:00:00-00:00,2023-06-30T18:00:00-00:00,2023-06-30,11,0,Hourly,SR,AS_SP26,DAM,SP_CLR_PRC,0,6
2023-06-30T18:00:00-00:00,2023-06-30T19:00:00-00:00,2023-06-30,12,0,Hourly,SR,AS_SP26,DAM,SP_CLR_PRC,0,6
2023-06-30T21:00:00-00:00,2023-06-30T22:00:00-00:00,2023-06-30,15,0,Hourly,SR,AS_SP26_EXP,DAM,SP_CLR_PRC,0,6
2023-06-30T22:00:00-00:00,2023-06-30T23:00:00-00:00,2023-06-30,16,0,Hourly,SR,AS_CAISO_EXP,DAM,SP_CLR_PRC,0.31,6
2023-07-01T01:00:00-00:00,2023-07-01T02:00:00-00:00,2023-06-30,19,0,Hourly,SR,AS_CAISO,DAM,SP_CLR_PRC,0,6
2023-07-01T02:00:00-00:00,2023-07-01T03:00:00-00:00,2023-06-30,20,0,Hourly,SR,AS_NP26_EXP,DAM,SP_CLR_PRC,0,6
2023-07-01T02:00:00-00:00,2023-07-01T03:00:00-00:00,2023-06-30,20,0,Hourly,SR,AS_SP26_EXP,DAM,SP_CLR_PRC,0,6
2023-07-01T03:00:00-00:00,2023-07-01T04:00:00-00:00,2023-06-30,21,0,Hourly,SR,AS_NP26,DAM,SP_CLR_PRC,0,6
2023-07-01T04:00:00-00:00,2023-07-01T05:00:00-00:00,2023-06-30,22,0,Hourly,SR,AS_SP26,DAM,SP_CLR_PRC,0,6
2023-07-01T05:00:00-00:00,2023-07-01T06:00:00-00:00,2023-06-30,23,0,Hourly,SR,AS_NP26_EXP,DAM,SP_CLR_PRC,0,6
2023-07-01T06:00:00-00:00,2023-07-01T07:00:00-00:00,2023-06-30,24,0,Hourly,SR,AS_CAISO_EXP,DAM,SP_CLR_PRC,0.31,6
2023-06-30T08:00:00-00:00,2023-06-30T09:00:00-00:00,2023-06-30,2,0,Hourly,SR,AS_NP26_EXP,DAM,SP_CLR_PRC,0.19,6
2023-06-30T09:00:00-00:00,2023-06-30T10:00:00-00:00,2023-06-30,3,0,Hourly,SR,AS_SP26_EXP,DAM,SP_CLR_PRC,0,6
2023-06-30T10:00:00-00:00,2023-06-30T11:00:00-00:00,2023-06-30,4,0,Hourly,SR,AS_NP26_EXP,DAM,SP_CLR_PRC,0.14,6
2023-06-30T11:00:00-00:00,2023-06-30T12:00:00-00:00,2023-06-30,5,0,Hourly,SR,AS_CAISO_EXP,DAM,SP_CLR_PRC,0.16,6
2023-06-30T12:00:00-00:00,2023-06-30T13:00:00-00:00,2023-06-30,6,0,Hourly,SR,AS_CAISO,DAM,SP_CLR_PRC,0,6
2023-06-30T12:00:00-00:00,2023-06-30T13:00:00-00:00,2023-06-30,6,0,Hourly,SR,AS_SP26,DAM,SP_CLR_PRC,0,6
2023-06-30T16:00:00-00:00,2023-06-30T17:00:00-00:00,2023-06-30,10,0,Hourly,SR,AS_NP26_EXP,DAM,SP_CLR_PRC,0.73,6
2023-06-30T19:00:00-00:00,2023-06-30T20:00:00-00:00,2023-06-30,13,0,Hourly,SR,AS_CAISO,DAM,SP_CLR_PRC,0,6
2023-06-30T19:00:00-00:00,2023-06-30T20:00:00-00:00,2023-06-30,13,0,Hourly,SR,AS_NP26,DAM,SP_CLR_PRC,0,6
2023-07-01T00:00:00-00:00,2023-07-01T01:00:00-00:00,2023-06-30,18,0,Hourly,SR,AS_NP26,DAM,SP_CLR_PRC,0,6
2023-07-01T00:00:00-00:00,2023-07-01T01:00:00-00:00,2023-06-30,18,0,Hourly,SR,AS_NP26_EXP,DAM,SP_CLR_PRC,0.19,6
2023-07-01T01:00:00-00:00,2023-07-01T02:00:00-00:00,2023-06-30,19,0,Hourly,SR,AS_SP26,DAM,SP_CLR_PRC,0,6
2023-07-01T03:00:00-00:00,2023-07-01T04:00:00-00:00,2023-06-30,21,0,Hourly,SR,AS_CAISO_EXP,DAM,SP_CLR_PRC,9.45428,6
2023-07-01T03:00:00-00:00,2023-07-01T04:00:00-00:00,2023-06-30,21,0,Hourly,SR,AS_NP26_EXP,DAM,SP_CLR_PRC,0,6
2023-07-01T03:00:00-00:00,2023-07-01T04:00:00-00:00,2023-06-30,21,0,Hourly,SR,AS_SP26,DAM,SP_CLR_PRC,0,6
2023-07-01T04:00:00-00:00,2023-07-01T05:00:00-00:00,2023-06-30,22,0,Hourly,SR,AS_CAISO_EXP,DAM,SP_CLR_PRC,1,6
2023-07-01T04:00:00-00:00,2023-07-01T05:00:00-00:00,2023-06-30,22,0,Hourly,SR,AS_NP26_EXP,DAM,SP_CLR_PRC,0,6
2023-07-01T05:00:00-00:00,2023-07-01T06:00:00-00:00,2023-06-30,23,0,Hourly,SR,AS_CAISO,DAM,SP_CLR_PRC,0,6
2023-07-01T05:00:00-00:00,2023-07-01T06:00:00-00:00,2023-06-30,23,0,Hourly,SR,AS_NP26,DAM,SP_CLR_PRC,0,6
2023-06-30T18:00:00-00:00,2023-06-30T19:00:00-00:00,2023-06-30,12,0,Hourly,SR,AS_NP26,DAM,SP_CLR_PRC,0,6
2023-06-30T19:00:00-00:00,2023-06-30T20:00:00-00:00,2023-06-30,13,0,Hourly,SR,AS_NP26_EXP,DAM,SP_CLR_PRC,0.58,6
2023-06-30T19:00:00-00:00,2023-06-30T20:00:00-00:00,2023-06-30,13,0,Hourly,SR,AS_SP26,DAM,SP_CLR_PRC,0,6
2023-06-30T22:00:00-00:00,2023-06-30T23:00:00-00:00,2023-06-30,16,0,Hourly,SR,AS_SP26,DAM,SP_CLR_PRC,0,6
2023-06-30T23:00:00-00:00,2023-07-01T00:00:00-00:00,2023-06-30,17,0,Hourly,SR,AS_NP26_EXP,DAM,SP_CLR_PRC,0.19,6
2023-06-30T23:00:00-00:00,2023-07-01T00:00:00-00:00,2023-06-30,17,0,Hourly,SR,AS_SP26_EXP,DAM,SP_CLR_PRC,0,6
2023-07-01T01:00:00-00:00,2023-07-01T02:00:00-00:00,2023-06-30,19,0,Hourly,SR,AS_CAISO_EXP,DAM,SP_CLR_PRC,0.54,6
2023-07-01T01:00:00-00:00,2023-07-01T02:00:00-00:00,2023-06-30,19,0,Hourly,SR,AS_NP26,DAM,SP_CLR_PRC,0,6
2023-07-01T02:00:00-00:00,2023-07-01T03:00:00-00:00,2023-06-30,20,0,Hourly,SR,AS_CAISO_EXP,DAM,SP_CLR_PRC,12.82009,6
2023-07-01T02:00:00-00:00,2023-07-01T03:00:00-00:00,2023-06-30,20,0,Hourly,SR,AS_SP26,DAM,SP_CLR_PRC,0,6
2023-07-01T06:00:00-00:00,2023-07-01T07:00:00-00:00,2023-06-30,24,0,Hourly,SR,AS_CAISO,DAM,SP_CLR_PRC,0,6
2023-07-01T06:00:00-00:00,2023-07-01T07:00:00-00:00,2023-06-30,24,0,Hourly,SR,AS_SP26_EXP,DAM,SP_CLR_PRC,0,6
2023-06-30T08:00:00-00:00,2023-06-30T09:00:00-00:00,2023-06-30,2,0,Hourly,SR,AS_CAISO,DAM,SP_CLR_PRC,0,6
2023-06-30T09:00:00-00:00,2023-06-30T10:00:00-00:00,2023-06-30,3,0,Hourly,SR,AS_NP26_EXP,DAM,SP_CLR_PRC,0.14,6
2023-06-30T13:00:00-00:00,2023-06-30T14:00:00-00:00,2023-06-30,7,0,Hourly,SR,AS_NP26,DAM,SP_CLR_PRC,0,6
2023-06-30T17:00:00-00:00,2023-06-30T18:00:00-00:00,2023-06-30,11,0,Hourly,SR,AS_CAISO,DAM,SP_CLR_PRC,0,6
2023-06-30T18:00:00-00:00,2023-06-30T19:00:00-00:00,2023-06-30,12,0,Hourly,SR,AS_CAISO_EXP,DAM,SP_CLR_PRC,0.16,6
2023-06-30T08:00:00-00:00,2023-06-30T09:00:00-00:00,2023-06-30,2,0,Hourly,SR,AS_CAISO_EXP,DAM,SP_CLR_PRC,0.16,6
2023-06-30T08:00:00-00:00,2023-06-30T09:00:00-00:00,2023-06-30,2,0,Hourly,SR,AS_NP26,DAM,SP_CLR_PRC,0,6
2023-06-30T09:00:00-00:00,2023-06-30T10:00:00-00:00,2023-06-30,3,0,Hourly,SR,AS_CAISO,DAM,SP_CLR_PRC,0,6
2023-06-30T09:00:00-00:00,2023-06-30T10:00:00-00:00,2023-06-30,3,0,Hourly,SR,AS_CAISO_EXP,DAM,SP_CLR_PRC,0.16,6
2023-06-30T12:00:00-00:00,2023-06-30T13:00:00-00:00,2023-06-30,6,0,Hourly,SR,AS_SP26_EXP,DAM,SP_CLR_PRC,0,6
2023-06-30T14:00:00-00:00,2023-06-30T15:00:00-00:00,2023-06-30,8,0,Hourly,SR,AS_SP26,DAM,SP_CLR_PRC,0,6
2023-06-30T15:00:00-00:00,2023-06-30T16:00:00-00:00,2023-06-30,9,0,Hourly,SR,AS_CAISO_EXP,DAM,SP_CLR_PRC,0.16,6
2023-06-30T15:00:00-00:00,2023-06-30T16:00:00-00:00,2023-06-30,9,0,Hourly,SR,AS_NP26,DAM,SP_CLR_PRC,0,6
2023-06-30T16:00:00-00:00,2023-06-30T17:00:00-00:00,2023-06-30,10,0,Hourly,SR,AS_CAISO_EXP,DAM,SP_CLR_PRC,0.16,6
2023-06-30T16:00:00-00:00,2023-06-30T17:00:00-00:00,2023-06-30,10,0,Hourly,SR,AS_NP26,DAM,SP_CLR_PRC,0,6
2023-06-30T17:00:00-00:00,2023-06-30T18:00:00-00:00,2023-06-30,11,0,Hourly,SR,AS_NP26,DAM,SP_CLR_PRC,0,6
2023-06-30T17:00:00-00:00,2023-06-30T18:00:00-00:00,2023-06-30,11,0,Hourly,SR,AS_NP26_EXP,DAM,SP_CLR_PRC,0.14,6
2023-06-30T17:00:00-00:00,2023-06-30T18:00:00-00:00,2023-06-30,11,0,Hourly,SR,AS_SP26_EXP,DAM,SP_CLR_PRC,0,6
2023-07-01T13:00:00-00:00,2023-07-01T14:00:00-00:00,2023-07-01,7,0,Hourly,SR,AS_CAISO_EXP,DAM,SP_CLR_PRC,0.16,7
2023-07-01T13:00:00-00:00,2023-07-01T14:00:00-00:00,2023-07-01,7,0,Hourly,SR,AS_SP26,DAM,SP_CLR_PRC,0,7
2023-07-01T14:00:00-00:00,2023-07-01T15:00:00-00:00,2023-07-01,8,0,Hourly,SR,AS_NP26,DAM,SP_CLR_PRC,0,7
2023-07-01T14:00:00-00:00,2023-07-01T15:00:00-00:00,2023-07-01,8,0,Hourly,SR,AS_SP26_EXP,DAM,SP_CLR_PRC,0,7
2023-07-01T16:00:00-00:00,2023-07-01T17:00:00-00:00,2023-07-01,10,0,Hourly,SR,AS_NP26,DAM,SP_CLR_PRC,0,7
2023-07-01T16:00:00-00:00,2023-07-01T17:00:00-00:00,2023-07-01,10,0,Hourly,SR,AS_NP26_EXP,DAM,SP_CLR_PRC,1.02,7
2023-07-01T17:00:00-00:00,2023-07-01T18:00:00-00:00,2023-07-01,11,0,Hourly,SR,AS_CAISO,DAM,SP_CLR_PRC,0,7
2023-07-01T17:00:00-00:00,2023-07-01T18:00:00-00:00,2023-07-01,11,0,Hourly,SR,AS_CAISO_EXP,DAM,SP_CLR_PRC,0.16,7
2023-07-01T19:00:00-00:00,2023-07-01T20:00:00-00:00,2023-07-01,13,0,Hourly,SR,AS_CAISO,DAM,SP_CLR_PRC,0,7
2023-07-01T19:00:00-00:00,2023-07-01T20:00:00-00:00,2023-07-01,13,0,Hourly,SR,AS_NP26_EXP,DAM,SP_CLR_PRC,0.14,7
2023-07-02T00:00:00-00:00,2023-07-02T01:00:00-00:00,2023-07-01,18,0,Hourly,SR,AS_NP26,DAM,SP_CLR_PRC,0,7
2023-07-02T01:00:00-00:00,2023-07-02T02:00:00-00:00,2023-07-01,19,0,Hourly,SR,AS_NP26_EXP,DAM,SP_CLR_PRC,0,7
2023-07-02T02:00:00-00:00,2023-07-02T03:00:00-00:00,2023-07-01,20,0,Hourly,SR,AS_SP26_EXP,DAM,SP_CLR_PRC,4.34932,7
2023-07-02T03:00:00-00:00,2023-07-02T04:00:00-00:00,2023-07-01,21,0,Hourly,SR,AS_CAISO_EXP,DAM,SP_CLR_PRC,5.56,7
2023-07-02T05:00:00-00:00,2023-07-02T06:00:00-00:00,2023-07-01,23,0,Hourly,SR,AS_CAISO_EXP,DAM,SP_CLR_PRC,1,7
2023-07-02T06:00:00-00:00,2023-07-02T07:00:00-00:00,2023-07-01,24,0,Hourly,SR,AS_SP26_EXP,DAM,SP_CLR_PRC,0,7
2023-07-02T02:00:00-00:00,2023-07-02T03:00:00-00:00,2023-07-01,20,0,Hourly,SR,AS_NP26_EXP,DAM,SP_CLR_PRC,12.61872,7
2023-07-02T04:00:00-00:00,2023-07-02T05:00:00-00:00,2023-07-01,22,0,Hourly,SR,AS_NP26,DAM,SP_CLR_PRC,0,7
2023-07-02T05:00:00-00:00,2023-07-02T06:00:00-00:00,2023-07-01,23,0,Hourly,SR,AS_SP26,DAM,SP_CLR_PRC,0,7
2023-07-02T06:00:00-00:00,2023-07-02T07:00:00-00:00,2023-07-01,24,0,Hourly,SR,AS_CAISO_EXP,DAM,SP_CLR_PRC,0.16,7
2023-07-02T06:00:00-00:00,2023-07-02T07:00:00-00:00,2023-07-01,24,0,Hourly,SR,AS_NP26_EXP,DAM,SP_CLR_PRC,0.84,7
2023-07-01T09:00:00-00:00,2023-07-01T10:00:00-00:00,2023-07-01,3,0,Hourly,SR,AS_NP26,DAM,SP_CLR_PRC,0,7
2023-07-01T09:00:00-00:00,2023-07-01T10:00:00-00:00,2023-07-01,3,0,Hourly,SR,AS_SP26_EXP,DAM,SP_CLR_PRC,0,7
2023-07-01T11:00:00-00:00,2023-07-01T12:00:00-00:00,2023-07-01,5,0,Hourly,SR,AS_CAISO_EXP,DAM,SP_CLR_PRC,0.15,7
2023-07-01T11:00:00-00:00,2023-07-01T12:00:00-00:00,2023-07-01,5,0,Hourly,SR,AS_NP26,DAM,SP_CLR_PRC,0,7
2023-07-01T13:00:00-00:00,2023-07-01T14:00:00-00:00,2023-07-01,7,0,Hourly,SR,AS_NP26,DAM,SP_CLR_PRC,0,7
2023-07-01T14:00:00-00:00,2023-07-01T15:00:00-00:00,2023-07-01,8,0,Hourly,SR,AS_CAISO,DAM,SP_CLR_PRC,0,7
2023-07-01T15:00:00-00:00,2023-07-01T16:00:00-00:00,2023-07-01,9,0,Hourly,SR,AS_CAISO_EXP,DAM,SP_CLR_PRC,0.68755,7
2023-07-01T19:00:00-00:00,2023-07-01T20:00:00-00:00,2023-07-01,13,0,Hourly,SR,AS_NP26,DAM,SP_CLR_PRC,0,7
2023-07-01T20:00:00-00:00,2023-07-01T21:00:00-00:00,2023-07-01,14,0,Hourly,SR,AS_SP26_EXP,DAM,SP_CLR_PRC,0,7
2023-07-01T21:00:00-00:00,2023-07-01T22:00:00-00:00,2023-07-01,15,0,Hourly,SR,AS_CAISO,DAM,SP_CLR_PRC,0,7
2023-07-02T01:00:00-00:00,2023-07-02T02:00:00-00:00,2023-07-01,19,0,Hourly,SR,AS_SP26,DAM,SP_CLR_PRC,0,7
2023-07-02T02:00:00-00:00,2023-07-02T03:00:00-00:00,2023-07-01,20,0,Hourly,SR,AS_CAISO,DAM,SP_CLR_PRC,0,7
2023-07-02T04:00:00-00:00,2023-07-02T05:00:00-00:00,2023-07-01,22,0,Hourly,SR,AS_CAISO,DAM,SP_CLR_PRC,0,7
2023-07-02T05:00:00-00:00,2023-07-02T06:00:00-00:00,2023-07-01,23,0,Hourly,SR,AS_SP26_EXP,DAM,SP_CLR_PRC,0,7
2023-07-02T06:00:00-00:00,2023-07-02T07:00:00-00:00,2023-07-01,24,0,Hourly,SR,AS_CAISO,DAM,SP_CLR_PRC,0,7
2023-07-01T08:00:00-00:00,2023-07-01T09:00:00-00:00,2023-07-01,2,0,Hourly,SR,AS_SP26,DAM,SP_CLR_PRC,0,7
2023-07-01T09:00:00-00:00,2023-07-01T10:00:00-00:00,2023-07-01,3,0,Hourly,SR,AS_CAISO,DAM,SP_CLR_PRC,0,7
2023-07-01T10:00:00-00:00,2023-07-01T11:00:00-00:00,2023-07-01,4,0,Hourly,SR,AS_NP26,DAM,SP_CLR_PRC,0,7
2023-07-01T11:00:00-00:00,2023-07-01T12:00:00-00:00,2023-07-01,5,0,Hourly,SR,AS_CAISO,DAM,SP_CLR_PRC,0,7
2023-07-01T12:00:00-00:00,2023-07-01T13:00:00-00:00,2023-07-01,6,0,Hourly,SR,AS_NP26,DAM,SP_CLR_PRC,0,7
2023-07-01T15:00:00-00:00,2023-07-01T16:00:00-00:00,2023-07-01,9,0,Hourly,SR,AS_CAISO,DAM,SP_CLR_PRC,0,7
2023-07-01T15:00:00-00:00,2023-07-01T16:00:00-00:00,2023-07-01,9,0,Hourly,SR,AS_NP26_EXP,DAM,SP_CLR_PRC,0.14,7
2023-07-01T16:00:00-00:00,2023-07-01T17:00:00-00:00,2023-07-01,10,0,Hourly,SR,AS_CAISO_EXP,DAM,SP_CLR_PRC,0.16,7
2023-07-01T18:00:00-00:00,2023-07-01T19:00:00-00:00,2023-07-01,12,0,Hourly,SR,AS_SP26_EXP,DAM,SP_CLR_PRC,0,7
2023-07-01T19:00:00-00:00,2023-07-01T20:00:00-00:00,2023-07-01,13,0,Hourly,SR,AS_CAISO_EXP,DAM,SP_CLR_PRC,1,7
2023-07-01T19:00:00-00:00,2023-07-01T20:00:00-00:00,2023-07-01,13,0,Hourly,SR,AS_SP26_EXP,DAM,SP_CLR_PRC,0,7
2023-07-01T23:00:00-00:00,2023-07-02T00:00:00-00:00,2023-07-01,17,0,Hourly,SR,AS_CAISO_EXP,DAM,SP_CLR_PRC,1,7
2023-07-02T03:00:00-00:00,2023-07-02T04:00:00-00:00,2023-07-01,21,0,Hourly,SR,AS_CAISO,DAM,SP_CLR_PRC,0,7
2023-07-02T04:00:00-00:00,2023-07-02T05:00:00-00:00,2023-07-01,22,0,Hourly,SR,AS_CAISO_EXP,DAM,SP_CLR_PRC,1,7
2023-07-02T04:00:00-00:00,2023-07-02T05:00:00-00:00,2023-07-01,22,0,Hourly,SR,AS_SP26_EXP,DAM,SP_CLR_PRC,0,7
2023-07-02T05:00:00-00:00,2023-07-02T06:00:00-00:00,2023-07-01,23,0,Hourly,SR,AS_CAISO,DAM,SP_CLR_PRC,0,7
2023-07-01T18:00:00-00:00,2023-07-01T19:00:00-00:00,2023-07-01,12,0,Hourly,SR,AS_CAISO_EXP,DAM,SP_CLR_PRC,1,7
2023-07-01T20:00:00-00:00,2023-07-01T21:00:00-00:00,2023-07-01,14,0,Hourly,SR,AS_CAISO_EXP,DAM,SP_CLR_PRC,0.16,7
2023-07-01T20:00:00-00:00,2023-07-01T21:00:00-00:00,2023-07-01,14,0,Hourly,SR,AS_NP26,DAM,SP_CLR_PRC,0,7
2023-07-01T21:00:00-00:00,2023-07-01T22:00:00-00:00,2023-07-01,15,0,Hourly,SR,AS_CAISO_EXP,DAM,SP_CLR_PRC,1,7
2023-07-01T22:00:00-00:00,2023-07-01T23:00:00-00:00,2023-07-01,16,0,Hourly,SR,AS_CAISO,DAM,SP_CLR_PRC,0,7
2023-07-01T22:00:00-00:00,2023-07-01T23:00:00-00:00,2023-07-01,16,0,Hourly,SR,AS_NP26_EXP,DAM,SP_CLR_PRC,0.19,7
2023-07-01T22:00:00-00:00,2023-07-01T23:00:00-00:00,2023-07-01,16,0,Hourly,SR,AS_SP26_EXP,DAM,SP_CLR_PRC,0,7
2023-07-02T02:00:00-00:00,2023-07-02T03:00:00-00:00,2023-07-01,20,0,Hourly,SR,AS_NP26,DAM,SP_CLR_PRC,0,7
2023-07-02T02:00:00-00:00,2023-07-02T03:00:00-00:00,2023-07-01,20,0,Hourly,SR,AS_SP26,DAM,SP_CLR_PRC,0,7
2023-07-02T03:00:00-00:00,2023-07-02T04:00:00-00:00,2023-07-01,21,0,Hourly,SR,AS_NP26,DAM,SP_CLR_PRC,0,7
2023-07-02T03:00:00-00:00,2023-07-02T04:00:00-00:00,2023-07-01,21,0,Hourly,SR,AS_SP26,DAM,SP_CLR_PRC,0,7
2023-07-02T03:00:00-00:00,2023-07-02T04:00:00-00:00,2023-07-01,21,0,Hourly,SR,AS_SP26_EXP,DAM,SP_CLR_PRC,3.34334,7
2023-07-02T04:00:00-00:00,2023-07-02T05:00:00-00:00,2023-07-01,22,0,Hourly,SR,AS_SP26,DAM,SP_CLR_PRC,0,7
2023-07-02T06:00:00-00:00,2023-07-02T07:00:00-00:00,2023-07-01,24,0,Hourly,SR,AS_SP26,DAM,SP_CLR_PRC,0,7
2023-07-01T07:00:00-00:00,2023-07-01T08:00:00-00:00,2023-07-01,1,0,Hourly,SR,AS_CAISO,DAM,SP_CLR_PRC,0,7
2023-07-01T09:00:00-00:00,2023-07-01T10:00:00-00:00,2023-07-01,3,0,Hourly,SR,AS_NP26_EXP,DAM,SP_CLR_PRC,1.36,7
2023-07-01T10:00:00-00:00,2023-07-01T11:00:00-00:00,2023-07-01,4,0,Hourly,SR,AS_NP26_EXP,DAM,SP_CLR_PRC,1.59,7
2023-07-01T10:00:00-00:00,2023-07-01T11:00:00-00:00,2023-07-01,4,0,Hourly,SR,AS_SP26_EXP,DAM,SP_CLR_PRC,0,7
2023-07-01T12:00:00-00:00,2023-07-01T13:00:00-00:00,2023-07-01,6,0,Hourly,SR,AS_CAISO,DAM,SP_CLR_PRC,0,7
2023-07-01T12:00:00-00:00,2023-07-01T13:00:00-00:00,2023-07-01,6,0,Hourly,SR,AS_SP26_EXP,DAM,SP_CLR_PRC,0,7
2023-07-01T14:00:00-00:00,2023-07-01T15:00:00-00:00,2023-07-01,8,0,Hourly,SR,AS_CAISO_EXP,DAM,SP_CLR_PRC,0.84,7
2023-07-01T16:00:00-00:00,2023-07-01T17:00:00-00:00,2023-07-01,10,0,Hourly,SR,AS_SP26,DAM,SP_CLR_PRC,0,7
2023-07-01T17:00:00-00:00,2023-07-01T18:00:00-00:00,2023-07-01,11,0,Hourly,SR,AS_NP26_EXP,DAM,SP_CLR_PRC,0.14,7
2023-07-01T17:00:00-00:00,2023-07-01T18:00:00-00:00,2023-07-01,11,0,Hourly,SR,AS_NP26,DAM,SP_CLR_PRC,0,7
2023-07-01T17:00:00-00:00,2023-07-01T18:00:00-00:00,2023-07-01,11,0,Hourly,SR,AS_SP26,DAM,SP_CLR_PRC,0,7
2023-07-01T11:00:00-00:00,2023-07-01T12:00:00-00:00,2023-07-01,5,0,Hourly,SR,AS_NP26_EXP,DAM,SP_CLR_PRC,0.15,7
2023-07-01T11:00:00-00:00,2023-07-01T12:00:00-00:00,2023-07-01,5,0,Hourly,SR,AS_SP26_EXP,DAM,SP_CLR_PRC,0,7
2023-07-01T12:00:00-00:00,2023-07-01T13:00:00-00:00,2023-07-01,6,0,Hourly,SR,AS_SP26,DAM,SP_CLR_PRC,0,7
2023-07-01T21:00:00-00:00,2023-07-01T22:00:00-00:00,2023-07-01,15,0,Hourly,SR,AS_NP26_EXP,DAM,SP_CLR_PRC,0.19,7
2023-07-01T23:00:00-00:00,2023-07-02T00:00:00-00:00,2023-07-01,17,0,Hourly,SR,AS_CAISO,DAM,SP_CLR_PRC,0,7
2023-07-02T00:00:00-00:00,2023-07-02T01:00:00-00:00,2023-07-01,18,0,Hourly,SR,AS_CAISO,DAM,SP_CLR_PRC,0,7
2023-07-02T00:00:00-00:00,2023-07-02T01:00:00-00:00,2023-07-01,18,0,Hourly,SR,AS_SP26_EXP,DAM,SP_CLR_PRC,0,7
2023-07-01T07:00:00-00:00,2023-07-01T08:00:00-00:00,2023-07-01,1,0,Hourly,SR,AS_NP26_EXP,DAM,SP_CLR_PRC,0.19,7
2023-07-01T08:00:00-00:00,2023-07-01T09:00:00-00:00,2023-07-01,2,0,Hourly,SR,AS_CAISO,DAM,SP_CLR_PRC,0,7
2023-07-01T08:00:00-00:00,2023-07-01T09:00:00-00:00,2023-07-01,2,0,Hourly,SR,AS_CAISO_EXP,DAM,SP_CLR_PRC,0.16,7
2023-07-01T08:00:00-00:00,2023-07-01T09:00:00-00:00,2023-07-01,2,0,Hourly,SR,AS_NP26_EXP,DAM,SP_CLR_PRC,0.14,7
2023-07-01T09:00:00-00:00,2023-07-01T10:00:00-00:00,2023-07-01,3,0,Hourly,SR,AS_CAISO_EXP,DAM,SP_CLR_PRC,0.15,7
2023-07-01T10:00:00-00:00,2023-07-01T11:00:00-00:00,2023-07-01,4,0,Hourly,SR,AS_CAISO,DAM,SP_CLR_PRC,0,7
2023-07-01T20:00:00-00:00,2023-07-01T21:00:00-00:00,2023-07-01,14,0,Hourly,SR,AS_CAISO,DAM,SP_CLR_PRC,0,7
2023-07-01T20:00:00-00:00,2023-07-01T21:00:00-00:00,2023-07-01,14,0,Hourly,SR,AS_SP26,DAM,SP_CLR_PRC,0,7
2023-07-02T01:00:00-00:00,2023-07-02T02:00:00-00:00,2023-07-01,19,0,Hourly,SR,AS_CAISO,DAM,SP_CLR_PRC,0,7
2023-07-02T01:00:00-00:00,2023-07-02T02:00:00-00:00,2023-07-01,19,0,Hourly,SR,AS_CAISO_EXP,DAM,SP_CLR_PRC,1,7
2023-07-02T01:00:00-00:00,2023-07-02T02:00:00-00:00,2023-07-01,19,0,Hourly,SR,AS_SP26_EXP,DAM,SP_CLR_PRC,2.59654,7
2023-07-02T04:00:00-00:00,2023-07-02T05:00:00-00:00,2023-07-01,22,0,Hourly,SR,AS_NP26_EXP,DAM,SP_CLR_PRC,1.54,7
2023-07-02T05:00:00-00:00,2023-07-02T06:00:00-00:00,2023-07-01,23,0,Hourly,SR,AS_NP26,DAM,SP_CLR_PRC,0,7
2023-07-02T05:00:00-00:00,2023-07-02T06:00:00-00:00,2023-07-01,23,0,Hourly,SR,AS_NP26_EXP,DAM,SP_CLR_PRC,0,7
2023-07-02T06:00:00-00:00,2023-07-02T07:00:00-00:00,2023-07-01,24,0,Hourly,SR,AS_NP26,DAM,SP_CLR_PRC,0,7
2023-07-01T07:00:00-00:00,2023-07-01T08:00:00-00:00,2023-07-01,1,0,Hourly,SR,AS_SP26,DAM,SP_CLR_PRC,0,7
2023-07-01T07:00:00-00:00,2023-07-01T08:00:00-00:00,2023-07-01,1,0,Hourly,SR,AS_SP26_EXP,DAM,SP_CLR_PRC,0,7
2023-07-01T10:00:00-00:00,2023-07-01T11:00:00-00:00,2023-07-01,4,0,Hourly,SR,AS_CAISO_EXP,DAM,SP_CLR_PRC,0.15,7
2023-07-01T13:00:00-00:00,2023-07-01T14:00:00-00:00,2023-07-01,7,0,Hourly,SR,AS_SP26_EXP,DAM,SP_CLR_PRC,0,7
2023-07-01T14:00:00-00:00,2023-07-01T15:00:00-00:00,2023-07-01,8,0,Hourly,SR,AS_NP26_EXP,DAM,SP_CLR_PRC,0.14,7
2023-07-01T15:00:00-00:00,2023-07-01T16:00:00-00:00,2023-07-01,9,0,Hourly,SR,AS_NP26,DAM,SP_CLR_PRC,0,7
2023-07-01T15:00:00-00:00,2023-07-01T16:00:00-00:00,2023-07-01,9,0,Hourly,SR,AS_SP26,DAM,SP_CLR_PRC,0,7
2023-07-01T18:00:00-00:00,2023-07-01T19:00:00-00:00,2023-07-01,12,0,Hourly,SR,AS_SP26,DAM,SP_CLR_PRC,0,7
2023-07-02T00:00:00-00:00,2023-07-02T01:00:00-00:00,2023-07-01,18,0,Hourly,SR,AS_NP26_EXP,DAM,SP_CLR_PRC,5.13,7
2023-07-02T00:00:00-00:00,2023-07-02T01:00:00-00:00,2023-07-01,18,0,Hourly,SR,AS_SP26,DAM,SP_CLR_PRC,0,7
2023-07-01T08:00:00-00:00,2023-07-01T09:00:00-00:00,2023-07-01,2,0,Hourly,SR,AS_SP26_EXP,DAM,SP_CLR_PRC,0,7
2023-07-01T09:00:00-00:00,2023-07-01T10:00:00-00:00,2023-07-01,3,0,Hourly,SR,AS_SP26,DAM,SP_CLR_PRC,0,7
2023-07-01T10:00:00-00:00,2023-07-01T11:00:00-00:00,2023-07-01,4,0,Hourly,SR,AS_SP26,DAM,SP_CLR_PRC,0,7
2023-07-01T11:00:00-00:00,2023-07-01T12:00:00-00:00,2023-07-01,5,0,Hourly,SR,AS_SP26,DAM,SP_CLR_PRC,0,7
2023-07-01T12:00:00-00:00,2023-07-01T13:00:00-00:00,2023-07-01,6,0,Hourly,SR,AS_CAISO_EXP,DAM,SP_CLR_PRC,0.15,7
2023-07-01T13:00:00-00:00,2023-07-01T14:00:00-00:00,2023-07-01,7,0,Hourly,SR,AS_NP26_EXP,DAM,SP_CLR_PRC,0.14,7
2023-07-01T15:00:00-00:00,2023-07-01T16:00:00-00:00,2023-07-01,9,0,Hourly,SR,AS_SP26_EXP,DAM,SP_CLR_PRC,0,7
2023-07-01T16:00:00-00:00,2023-07-01T17:00:00-00:00,2023-07-01,10,0,Hourly,SR,AS_CAISO,DAM,SP_CLR_PRC,0,7
2023-07-01T17:00:00-00:00,2023-07-01T18:00:00-00:00,2023-07-01,11,0,Hourly,SR,AS_SP26_EXP,DAM,SP_CLR_PRC,0,7
2023-07-01T18:00:00-00:00,2023-07-01T19:00:00-00:00,2023-07-01,12,0,Hourly,SR,AS_CAISO,DAM,SP_CLR_PRC,0,7
2023-07-01T18:00:00-00:00,2023-07-01T19:00:00-00:00,2023-07-01,12,0,Hourly,SR,AS_NP26,DAM,SP_CLR_PRC,0,7
2023-07-01T18:00:00-00:00,2023-07-01T19:00:00-00:00,2023-07-01,12,0,Hourly,SR,AS_NP26_EXP,DAM,SP_CLR_PRC,0.14,7
2023-07-01T22:00:00-00:00,2023-07-01T23:00:00-00:00,2023-07-01,16,0,Hourly,SR,AS_NP26,DAM,SP_CLR_PRC,0,7
2023-07-01T23:00:00-00:00,2023-07-02T00:00:00-00:00,2023-07-01,17,0,Hourly,SR,AS_NP26,DAM,SP_CLR_PRC,0,7
2023-07-01T23:00:00-00:00,2023-07-02T00:00:00-00:00,2023-07-01,17,0,Hourly,SR,AS_SP26_EXP,DAM,SP_CLR_PRC,0,7
2023-07-02T00:00:00-00:00,2023-07-02T01:00:00-00:00,2023-07-01,18,0,Hourly,SR,AS_CAISO_EXP,DAM,SP_CLR_PRC,0.27,7
2023-07-02T02:00:00-00:00,2023-07-02T03:00:00-00:00,2023-07-01,20,0,Hourly,SR,AS_CAISO_EXP,DAM,SP_CLR_PRC,12.56,7
2023-07-02T03:00:00-00:00,2023-07-02T04:00:00-00:00,2023-07-01,21,0,Hourly,SR,AS_NP26_EXP,DAM,SP_CLR_PRC,10.27144,7
2023-07-01T07:00:00-00:00,2023-07-01T08:00:00-00:00,2023-07-01,1,0,Hourly,SR,AS_CAISO_EXP,DAM,SP_CLR_PRC,0.16,7
2023-07-01T07:00:00-00:00,2023-07-01T08:00:00-00:00,2023-07-01,1,0,Hourly,SR,AS_NP26,DAM,SP_CLR_PRC,0,7
2023-07-01T08:00:00-00:00,2023-07-01T09:00:00-00:00,2023-07-01,2,0,Hourly,SR,AS_NP26,DAM,SP_CLR_PRC,0,7
2023-07-01T12:00:00-00:00,2023-07-01T13:00:00-00:00,2023-07-01,6,0,Hourly,SR,AS_NP26_EXP,DAM,SP_CLR_PRC,0.15,7
2023-07-01T13:00:00-00:00,2023-07-01T14:00:00-00:00,2023-07-01,7,0,Hourly,SR,AS_CAISO,DAM,SP_CLR_PRC,0,7
2023-07-01T14:00:00-00:00,2023-07-01T15:00:00-00:00,2023-07-01,8,0,Hourly,SR,AS_SP26,DAM,SP_CLR_PRC,0,7
2023-07-01T16:00:00-00:00,2023-07-01T17:00:00-00:00,2023-07-01,10,0,Hourly,SR,AS_SP26_EXP,DAM,SP_CLR_PRC,0,7
2023-07-01T19:00:00-00:00,2023-07-01T20:00:00-00:00,2023-07-01,13,0,Hourly,SR,AS_SP26,DAM,SP_CLR_PRC,0,7
2023-07-01T20:00:00-00:00,2023-07-01T21:00:00-00:00,2023-07-01,14,0,Hourly,SR,AS_NP26_EXP,DAM,SP_CLR_PRC,0.19,7
2023-07-01T21:00:00-00:00,2023-07-01T22:00:00-00:00,2023-07-01,15,0,Hourly,SR,AS_NP26,DAM,SP_CLR_PRC,0,7
2023-07-01T21:00:00-00:00,2023-07-01T22:00:00-00:00,2023-07-01,15,0,Hourly,SR,AS_SP26,DAM,SP_CLR_PRC,0,7
2023-07-01T21:00:00-00:00,2023-07-01T22:00:00-00:00,2023-07-01,15,0,Hourly,SR,AS_SP26_EXP,DAM,SP_CLR_PRC,0,7
2023-07-01T22:00:00-00:00,2023-07-01T23:00:00-00:00,2023-07-01,16,0,Hourly,SR,AS_CAISO_EXP,DAM,SP_CLR_PRC,1,7
2023-07-01T22:00:00-00:00,2023-07-01T23:00:00-00:00,2023-07-01,16,0,Hourly,SR,AS_SP26,DAM,SP_CLR_PRC,0,7
2023-07-01T23:00:00-00:00,2023-07-02T00:00:00-00:00,2023-07-01,17,0,Hourly,SR,AS_NP26_EXP,DAM,SP_CLR_PRC,0.67,7
2023-07-01T23:00:00-00:00,2023-07-02T00:00:00-00:00,2023-07-01,17,0,Hourly,SR,AS_SP26,DAM,SP_CLR_PRC,0,7
2023-07-02T01:00:00-00:00,2023-07-02T02:00:00-00:00,2023-07-01,19,0,Hourly,SR,AS_NP26,DAM,SP_CLR_PRC,0,7
2023-07-03T05:00:00-00:00,2023-07-03T06:00:00-00:00,2023-07-02,23,0,Hourly,SR,AS_NP26_EXP,DAM,SP_CLR_PRC,0.84,8
2023-07-03T05:00:00-00:00,2023-07-03T06:00:00-00:00,2023-07-02,23,0,Hourly,SR,AS_SP26,DAM,SP_CLR_PRC,0,8
2023-07-03T06:00:00-00:00,2023-07-03T07:00:00-00:00,2023-07-02,24,0,Hourly,SR,AS_CAISO_EXP,DAM,SP_CLR_PRC,0.83,8
2023-07-02T09:00:00-00:00,2023-07-02T10:00:00-00:00,2023-07-02,3,0,Hourly,SR,AS_NP26,DAM,SP_CLR_PRC,0,8
2023-07-02T09:00:00-00:00,2023-07-02T10:00:00-00:00,2023-07-02,3,0,Hourly,SR,AS_SP26_EXP,DAM,SP_CLR_PRC,0,8
2023-07-02T10:00:00-00:00,2023-07-02T11:00:00-00:00,2023-07-02,4,0,Hourly,SR,AS_NP26_EXP,DAM,SP_CLR_PRC,0.26822,8
2023-07-02T10:00:00-00:00,2023-07-02T11:00:00-00:00,2023-07-02,4,0,Hourly,SR,AS_SP26_EXP,DAM,SP_CLR_PRC,0,8
2023-07-02T12:00:00-00:00,2023-07-02T13:00:00-00:00,2023-07-02,6,0,Hourly,SR,AS_NP26,DAM,SP_CLR_PRC,0,8
2023-07-02T14:00:00-00:00,2023-07-02T15:00:00-00:00,2023-07-02,8,0,Hourly,SR,AS_SP26_EXP,DAM,SP_CLR_PRC,0,8
2023-07-02T15:00:00-00:00,2023-07-02T16:00:00-00:00,2023-07-02,9,0,Hourly,SR,AS_SP26,DAM,SP_CLR_PRC,0,8
2023-07-03T02:00:00-00:00,2023-07-03T03:00:00-00:00,2023-07-02,20,0,Hourly,SR,AS_NP26_EXP,DAM,SP_CLR_PRC,0,8
2023-07-03T04:00:00-00:00,2023-07-03T05:00:00-00:00,2023-07-02,22,0,Hourly,SR,AS_NP26,DAM,SP_CLR_PRC,0,8
2023-07-03T04:00:00-00:00,2023-07-03T05:00:00-00:00,2023-07-02,22,0,Hourly,SR,AS_SP26_EXP,DAM,SP_CLR_PRC,0,8
2023-07-03T05:00:00-00:00,2023-07-03T06:00:00-00:00,2023-07-02,23,0,Hourly,SR,AS_NP26,DAM,SP_CLR_PRC,0,8
2023-07-03T06:00:00-00:00,2023-07-03T07:00:00-00:00,2023-07-02,24,0,Hourly,SR,AS_CAISO,DAM,SP_CLR_PRC,0,8
2023-07-03T06:00:00-00:00,2023-07-03T07:00:00-00:00,2023-07-02,24,0,Hourly,SR,AS_NP26_EXP,DAM,SP_CLR_PRC,0,8
2023-07-02T19:00:00-00:00,2023-07-02T20:00:00-00:00,2023-07-02,13,0,Hourly,SR,AS_CAISO,DAM,SP_CLR_PRC,0,8
2023-07-02T19:00:00-00:00,2023-07-02T20:00:00-00:00,2023-07-02,13,0,Hourly,SR,AS_NP26_EXP,DAM,SP_CLR_PRC,0.14,8
2023-07-02T20:00:00-00:00,2023-07-02T21:00:00-00:00,2023-07-02,14,0,Hourly,SR,AS_CAISO_EXP,DAM,SP_CLR_PRC,0.16,8
2023-07-02T21:00:00-00:00,2023-07-02T22:00:00-00:00,2023-07-02,15,0,Hourly,SR,AS_SP26_EXP,DAM,SP_CLR_PRC,0,8
2023-07-02T23:00:00-00:00,2023-07-03T00:00:00-00:00,2023-07-02,17,0,Hourly,SR,AS_CAISO_EXP,DAM,SP_CLR_PRC,1,8
2023-07-03T00:00:00-00:00,2023-07-03T01:00:00-00:00,2023-07-02,18,0,Hourly,SR,AS_SP26_EXP,DAM,SP_CLR_PRC,0,8
2023-07-03T02:00:00-00:00,2023-07-03T03:00:00-00:00,2023-07-02,20,0,Hourly,SR,AS_CAISO,DAM,SP_CLR_PRC,0,8
2023-07-03T03:00:00-00:00,2023-07-03T04:00:00-00:00,2023-07-02,21,0,Hourly,SR,AS_CAISO,DAM,SP_CLR_PRC,0,8
2023-07-03T03:00:00-00:00,2023-07-03T04:00:00-00:00,2023-07-02,21,0,Hourly,SR,AS_NP26_EXP,DAM,SP_CLR_PRC,5.21652,8
2023-07-03T03:00:00-00:00,2023-07-03T04:00:00-00:00,2023-07-02,21,0,Hourly,SR,AS_SP26_EXP,DAM,SP_CLR_PRC,0,8
2023-07-03T04:00:00-00:00,2023-07-03T05:00:00-00:00,2023-07-02,22,0,Hourly,SR,AS_CAISO,DAM,SP_CLR_PRC,0,8
2023-07-03T06:00:00-00:00,2023-07-03T07:00:00-00:00,2023-07-02,24,0,Hourly,SR,AS_SP26,DAM,SP_CLR_PRC,0,8
2023-07-02T09:00:00-00:00,2023-07-02T10:00:00-00:00,2023-07-02,3,0,Hourly,SR,AS_SP26,DAM,SP_CLR_PRC,0,8
2023-07-02T10:00:00-00:00,2023-07-02T11:00:00-00:00,2023-07-02,4,0,Hourly,SR,AS_CAISO,DAM,SP_CLR_PRC,0,8
2023-07-03T00:00:00-00:00,2023-07-03T01:00:00-00:00,2023-07-02,18,0,Hourly,SR,AS_SP26,DAM,SP_CLR_PRC,0,8
2023-07-03T01:00:00-00:00,2023-07-03T02:00:00-00:00,2023-07-02,19,0,Hourly,SR,AS_SP26_EXP,DAM,SP_CLR_PRC,0,8
2023-07-03T02:00:00-00:00,2023-07-03T03:00:00-00:00,2023-07-02,20,0,Hourly,SR,AS_NP26,DAM,SP_CLR_PRC,0,8
2023-07-03T02:00:00-00:00,2023-07-03T03:00:00-00:00,2023-07-02,20,0,Hourly,SR,AS_SP26,DAM,SP_CLR_PRC,0,8
2023-07-02T07:00:00-00:00,2023-07-02T08:00:00-00:00,2023-07-02,1,0,Hourly,SR,AS_NP26,DAM,SP_CLR_PRC,0,8
2023-07-02T08:00:00-00:00,2023-07-02T09:00:00-00:00,2023-07-02,2,0,Hourly,SR,AS_CAISO,DAM,SP_CLR_PRC,0,8
2023-07-02T08:00:00-00:00,2023-07-02T09:00:00-00:00,2023-07-02,2,0,Hourly,SR,AS_SP26_EXP,DAM,SP_CLR_PRC,0,8
2023-07-02T10:00:00-00:00,2023-07-02T11:00:00-00:00,2023-07-02,4,0,Hourly,SR,AS_NP26,DAM,SP_CLR_PRC,0,8
2023-07-02T12:00:00-00:00,2023-07-02T13:00:00-00:00,2023-07-02,6,0,Hourly,SR,AS_CAISO,DAM,SP_CLR_PRC,0,8
2023-07-02T12:00:00-00:00,2023-07-02T13:00:00-00:00,2023-07-02,6,0,Hourly,SR,AS_NP26_EXP,DAM,SP_CLR_PRC,0.14,8
2023-07-02T15:00:00-00:00,2023-07-02T16:00:00-00:00,2023-07-02,9,0,Hourly,SR,AS_NP26_EXP,DAM,SP_CLR_PRC,0.72844,8
2023-07-02T17:00:00-00:00,2023-07-02T18:00:00-00:00,2023-07-02,11,0,Hourly,SR,AS_NP26,DAM,SP_CLR_PRC,0,8
2023-07-02T18:00:00-00:00,2023-07-02T19:00:00-00:00,2023-07-02,12,0,Hourly,SR,AS_CAISO,DAM,SP_CLR_PRC,0,8
2023-07-02T18:00:00-00:00,2023-07-02T19:00:00-00:00,2023-07-02,12,0,Hourly,SR,AS_SP26_EXP,DAM,SP_CLR_PRC,0,8
2023-07-02T21:00:00-00:00,2023-07-02T22:00:00-00:00,2023-07-02,15,0,Hourly,SR,AS_CAISO,DAM,SP_CLR_PRC,0,8
2023-07-02T22:00:00-00:00,2023-07-02T23:00:00-00:00,2023-07-02,16,0,Hourly,SR,AS_SP26_EXP,DAM,SP_CLR_PRC,0,8
2023-07-03T00:00:00-00:00,2023-07-03T01:00:00-00:00,2023-07-02,18,0,Hourly,SR,AS_CAISO_EXP,DAM,SP_CLR_PRC,0.82,8
2023-07-03T00:00:00-00:00,2023-07-03T01:00:00-00:00,2023-07-02,18,0,Hourly,SR,AS_NP26,DAM,SP_CLR_PRC,0,8
2023-07-02T13:00:00-00:00,2023-07-02T14:00:00-00:00,2023-07-02,7,0,Hourly,SR,AS_SP26,DAM,SP_CLR_PRC,0,8
2023-07-02T14:00:00-00:00,2023-07-02T15:00:00-00:00,2023-07-02,8,0,Hourly,SR,AS_NP26,DAM,SP_CLR_PRC,0,8
2023-07-02T15:00:00-00:00,2023-07-02T16:00:00-00:00,2023-07-02,9,0,Hourly,SR,AS_CAISO_EXP,DAM,SP_CLR_PRC,0.16,8
2023-07-02T20:00:00-00:00,2023-07-02T21:00:00-00:00,2023-07-02,14,0,Hourly,SR,AS_CAISO,DAM,SP_CLR_PRC,0,8
2023-07-02T21:00:00-00:00,2023-07-02T22:00:00-00:00,2023-07-02,15,0,Hourly,SR,AS_NP26,DAM,SP_CLR_PRC,0,8
2023-07-02T21:00:00-00:00,2023-07-02T22:00:00-00:00,2023-07-02,15,0,Hourly,SR,AS_SP26,DAM,SP_CLR_PRC,0,8
2023-07-02T22:00:00-00:00,2023-07-02T23:00:00-00:00,2023-07-02,16,0,Hourly,SR,AS_NP26,DAM,SP_CLR_PRC,0,8
2023-07-02T22:00:00-00:00,2023-07-02T23:00:00-00:00,2023-07-02,16,0,Hourly,SR,AS_SP26,DAM,SP_CLR_PRC,0,8
2023-07-02T23:00:00-00:00,2023-07-03T00:00:00-00:00,2023-07-02,17,0,Hourly,SR,AS_NP26_EXP,DAM,SP_CLR_PRC,0,8
2023-07-03T04:00:00-00:00,2023-07-03T05:00:00-00:00,2023-07-02,22,0,Hourly,SR,AS_CAISO_EXP,DAM,SP_CLR_PRC,1.98,8
2023-07-03T06:00:00-00:00,2023-07-03T07:00:00-00:00,2023-07-02,24,0,Hourly,SR,AS_NP26,DAM,SP_CLR_PRC,0,8
2023-07-03T06:00:00-00:00,2023-07-03T07:00:00-00:00,2023-07-02,24,0,Hourly,SR,AS_SP26_EXP,DAM,SP_CLR_PRC,0,8
2023-07-02T07:00:00-00:00,2023-07-02T08:00:00-00:00,2023-07-02,1,0,Hourly,SR,AS_CAISO_EXP,DAM,SP_CLR_PRC,0.16,8
2023-07-02T08:00:00-00:00,2023-07-02T09:00:00-00:00,2023-07-02,2,0,Hourly,SR,AS_SP26,DAM,SP_CLR_PRC,0,8
2023-07-02T09:00:00-00:00,2023-07-02T10:00:00-00:00,2023-07-02,3,0,Hourly,SR,AS_NP26_EXP,DAM,SP_CLR_PRC,0.14,8
2023-07-02T11:00:00-00:00,2023-07-02T12:00:00-00:00,2023-07-02,5,0,Hourly,SR,AS_CAISO_EXP,DAM,SP_CLR_PRC,0.16,8
2023-07-02T11:00:00-00:00,2023-07-02T12:00:00-00:00,2023-07-02,5,0,Hourly,SR,AS_SP26,DAM,SP_CLR_PRC,0,8
2023-07-02T12:00:00-00:00,2023-07-02T13:00:00-00:00,2023-07-02,6,0,Hourly,SR,AS_SP26_EXP,DAM,SP_CLR_PRC,0,8
2023-07-02T13:00:00-00:00,2023-07-02T14:00:00-00:00,2023-07-02,7,0,Hourly,SR,AS_CAISO,DAM,SP_CLR_PRC,0,8
2023-07-02T07:00:00-00:00,2023-07-02T08:00:00-00:00,2023-07-02,1,0,Hourly,SR,AS_CAISO,DAM,SP_CLR_PRC,0,8
2023-07-02T07:00:00-00:00,2023-07-02T08:00:00-00:00,2023-07-02,1,0,Hourly,SR,AS_SP26_EXP,DAM,SP_CLR_PRC,0,8
2023-07-02T08:00:00-00:00,2023-07-02T09:00:00-00:00,2023-07-02,2,0,Hourly,SR,AS_CAISO_EXP,DAM,SP_CLR_PRC,0.16,8
2023-07-02T09:00:00-00:00,2023-07-02T10:00:00-00:00,2023-07-02,3,0,Hourly,SR,AS_CAISO_EXP,DAM,SP_CLR_PRC,0.16,8
2023-07-02T11:00:00-00:00,2023-07-02T12:00:00-00:00,2023-07-02,5,0,Hourly,SR,AS_NP26_EXP,DAM,SP_CLR_PRC,1.56,8
2023-07-02T12:00:00-00:00,2023-07-02T13:00:00-00:00,2023-07-02,6,0,Hourly,SR,AS_SP26,DAM,SP_CLR_PRC,0,8
2023-07-02T15:00:00-00:00,2023-07-02T16:00:00-00:00,2023-07-02,9,0,Hourly,SR,AS_CAISO,DAM,SP_CLR_PRC,0,8
2023-07-02T17:00:00-00:00,2023-07-02T18:00:00-00:00,2023-07-02,11,0,Hourly,SR,AS_CAISO,DAM,SP_CLR_PRC,0,8
2023-07-02T19:00:00-00:00,2023-07-02T20:00:00-00:00,2023-07-02,13,0,Hourly,SR,AS_SP26_EXP,DAM,SP_CLR_PRC,0,8
2023-07-02T20:00:00-00:00,2023-07-02T21:00:00-00:00,2023-07-02,14,0,Hourly,SR,AS_NP26_EXP,DAM,SP_CLR_PRC,1.44,8
2023-07-03T01:00:00-00:00,2023-07-03T02:00:00-00:00,2023-07-02,19,0,Hourly,SR,AS_SP26,DAM,SP_CLR_PRC,0,8
2023-07-03T03:00:00-00:00,2023-07-03T04:00:00-00:00,2023-07-02,21,0,Hourly,SR,AS_SP26,DAM,SP_CLR_PRC,0,8
2023-07-03T05:00:00-00:00,2023-07-03T06:00:00-00:00,2023-07-02,23,0,Hourly,SR,AS_CAISO_EXP,DAM,SP_CLR_PRC,1,8
2023-07-02T08:00:00-00:00,2023-07-02T09:00:00-00:00,2023-07-02,2,0,Hourly,SR,AS_NP26_EXP,DAM,SP_CLR_PRC,0.84,8
2023-07-02T10:00:00-00:00,2023-07-02T11:00:00-00:00,2023-07-02,4,0,Hourly,SR,AS_SP26,DAM,SP_CLR_PRC,0,8
2023-07-02T13:00:00-00:00,2023-07-02T14:00:00-00:00,2023-07-02,7,0,Hourly,SR,AS_NP26_EXP,DAM,SP_CLR_PRC,0.81069,8
2023-07-02T15:00:00-00:00,2023-07-02T16:00:00-00:00,2023-07-02,9,0,Hourly,SR,AS_NP26,DAM,SP_CLR_PRC,0,8
2023-07-02T16:00:00-00:00,2023-07-02T17:00:00-00:00,2023-07-02,10,0,Hourly,SR,AS_CAISO,DAM,SP_CLR_PRC,0,8
2023-07-02T17:00:00-00:00,2023-07-02T18:00:00-00:00,2023-07-02,11,0,Hourly,SR,AS_CAISO_EXP,DAM,SP_CLR_PRC,0.16,8
2023-07-02T17:00:00-00:00,2023-07-02T18:00:00-00:00,2023-07-02,11,0,Hourly,SR,AS_SP26,DAM,SP_CLR_PRC,0,8
2023-07-02T18:00:00-00:00,2023-07-02T19:00:00-00:00,2023-07-02,12,0,Hourly,SR,AS_NP26_EXP,DAM,SP_CLR_PRC,0.19,8
2023-07-02T19:00:00-00:00,2023-07-02T20:00:00-00:00,2023-07-02,13,0,Hourly,SR,AS_NP26,DAM,SP_CLR_PRC,0,8
2023-07-02T21:00:00-00:00,2023-07-02T22:00:00-00:00,2023-07-02,15,0,Hourly,SR,AS_NP26_EXP,DAM,SP_CLR_PRC,0.19,8
2023-07-02T22:00:00-00:00,2023-07-02T23:00:00-00:00,2023-07-02,16,0,Hourly,SR,AS_CAISO,DAM,SP_CLR_PRC,0,8
2023-07-02T23:00:00-00:00,2023-07-03T00:00:00-00:00,2023-07-02,17,0,Hourly,SR,AS_NP26,DAM,SP_CLR_PRC,0,8
2023-07-03T01:00:00-00:00,2023-07-03T02:00:00-00:00,2023-07-02,19,0,Hourly,SR,AS_CAISO_EXP,DAM,SP_CLR_PRC,1,8
2023-07-03T02:00:00-00:00,2023-07-03T03:00:00-00:00,2023-07-02,20,0,Hourly,SR,AS_SP26_EXP,DAM,SP_CLR_PRC,0,8
2023-07-02T07:00:00-00:00,2023-07-02T08:00:00-00:00,2023-07-02,1,0,Hourly,SR,AS_SP26,DAM,SP_CLR_PRC,0,8
2023-07-02T09:00:00-00:00,2023-07-02T10:00:00-00:00,2023-07-02,3,0,Hourly,SR,AS_CAISO,DAM,SP_CLR_PRC,0,8
2023-07-02T10:00:00-00:00,2023-07-02T11:00:00-00:00,2023-07-02,4,0,Hourly,SR,AS_CAISO_EXP,DAM,SP_CLR_PRC,0.16,8
2023-07-02T13:00:00-00:00,2023-07-02T14:00:00-00:00,2023-07-02,7,0,Hourly,SR,AS_CAISO_EXP,DAM,SP_CLR_PRC,0.16,8
2023-07-02T14:00:00-00:00,2023-07-02T15:00:00-00:00,2023-07-02,8,0,Hourly,SR,AS_CAISO_EXP,DAM,SP_CLR_PRC,0.16,8
2023-07-02T14:00:00-00:00,2023-07-02T15:00:00-00:00,2023-07-02,8,0,Hourly,SR,AS_SP26,DAM,SP_CLR_PRC,0,8
2023-07-02T15:00:00-00:00,2023-07-02T16:00:00-00:00,2023-07-02,9,0,Hourly,SR,AS_SP26_EXP,DAM,SP_CLR_PRC,0,8
2023-07-02T16:00:00-00:00,2023-07-02T17:00:00-00:00,2023-07-02,10,0,Hourly,SR,AS_NP26,DAM,SP_CLR_PRC,0,8
2023-07-02T17:00:00-00:00,2023-07-02T18:00:00-00:00,2023-07-02,11,0,Hourly,SR,AS_SP26_EXP,DAM,SP_CLR_PRC,0,8
2023-07-02T18:00:00-00:00,2023-07-02T19:00:00-00:00,2023-07-02,12,0,Hourly,SR,AS_NP26,DAM,SP_CLR_PRC,0,8
2023-07-02T20:00:00-00:00,2023-07-02T21:00:00-00:00,2023-07-02,14,0,Hourly,SR,AS_SP26,DAM,SP_CLR_PRC,0,8
2023-07-02T21:00:00-00:00,2023-07-02T22:00:00-00:00,2023-07-02,15,0,Hourly,SR,AS_CAISO_EXP,DAM,SP_CLR_PRC,0.16,8
2023-07-02T22:00:00-00:00,2023-07-02T23:00:00-00:00,2023-07-02,16,0,Hourly,SR,AS_CAISO_EXP,DAM,SP_CLR_PRC,1,8
2023-07-02T23:00:00-00:00,2023-07-03T00:00:00-00:00,2023-07-02,17,0,Hourly,SR,AS_SP26,DAM,SP_CLR_PRC,0,8
2023-07-02T23:00:00-00:00,2023-07-03T00:00:00-00:00,2023-07-02,17,0,Hourly,SR,AS_SP26_EXP,DAM,SP_CLR_PRC,0,8
2023-07-03T00:00:00-00:00,2023-07-03T01:00:00-00:00,2023-07-02,18,0,Hourly,SR,AS_CAISO,DAM,SP_CLR_PRC,0,8
2023-07-03T01:00:00-00:00,2023-07-03T02:00:00-00:00,2023-07-02,19,0,Hourly,SR,AS_CAISO,DAM,SP_CLR_PRC,0,8
2023-07-03T01:00:00-00:00,2023-07-03T02:00:00-00:00,2023-07-02,19,0,Hourly,SR,AS_NP26,DAM,SP_CLR_PRC,0,8
2023-07-03T02:00:00-00:00,2023-07-03T03:00:00-00:00,2023-07-02,20,0,Hourly,SR,AS_CAISO_EXP,DAM,SP_CLR_PRC,31.04,8
2023-07-03T03:00:00-00:00,2023-07-03T04:00:00-00:00,2023-07-02,21,0,Hourly,SR,AS_NP26,DAM,SP_CLR_PRC,0,8
2023-07-03T04:00:00-00:00,2023-07-03T05:00:00-00:00,2023-07-02,22,0,Hourly,SR,AS_SP26,DAM,SP_CLR_PRC,0,8
2023-07-03T05:00:00-00:00,2023-07-03T06:00:00-00:00,2023-07-02,23,0,Hourly,SR,AS_SP26_EXP,DAM,SP_CLR_PRC,0,8
2023-07-02T08:00:00-00:00,2023-07-02T09:00:00-00:00,2023-07-02,2,0,Hourly,SR,AS_NP26,DAM,SP_CLR_PRC,0,8
2023-07-02T11:00:00-00:00,2023-07-02T12:00:00-00:00,2023-07-02,5,0,Hourly,SR,AS_CAISO,DAM,SP_CLR_PRC,0,8
2023-07-02T11:00:00-00:00,2023-07-02T12:00:00-00:00,2023-07-02,5,0,Hourly,SR,AS_NP26,DAM,SP_CLR_PRC,0,8
2023-07-02T11:00:00-00:00,2023-07-02T12:00:00-00:00,2023-07-02,5,0,Hourly,SR,AS_SP26_EXP,DAM,SP_CLR_PRC,0,8
2023-07-02T12:00:00-00:00,2023-07-02T13:00:00-00:00,2023-07-02,6,0,Hourly,SR,AS_CAISO_EXP,DAM,SP_CLR_PRC,0.16,8
2023-07-02T13:00:00-00:00,2023-07-02T14:00:00-00:00,2023-07-02,7,0,Hourly,SR,AS_NP26,DAM,SP_CLR_PRC,0,8
2023-07-02T14:00:00-00:00,2023-07-02T15:00:00-00:00,2023-07-02,8,0,Hourly,SR,AS_CAISO,DAM,SP_CLR_PRC,0,8
2023-07-02T16:00:00-00:00,2023-07-02T17:00:00-00:00,2023-07-02,10,0,Hourly,SR,AS_CAISO_EXP,DAM,SP_CLR_PRC,0.16,8
2023-07-02T17:00:00-00:00,2023-07-02T18:00:00-00:00,2023-07-02,11,0,Hourly,SR,AS_NP26_EXP,DAM,SP_CLR_PRC,0.39,8
2023-07-02T18:00:00-00:00,2023-07-02T19:00:00-00:00,2023-07-02,12,0,Hourly,SR,AS_CAISO_EXP,DAM,SP_CLR_PRC,0.16,8
2023-07-02T18:00:00-00:00,2023-07-02T19:00:00-00:00,2023-07-02,12,0,Hourly,SR,AS_SP26,DAM,SP_CLR_PRC,0,8
2023-07-02T19:00:00-00:00,2023-07-02T20:00:00-00:00,2023-07-02,13,0,Hourly,SR,AS_CAISO_EXP,DAM,SP_CLR_PRC,0.16,8
2023-07-02T19:00:00-00:00,2023-07-02T20:00:00-00:00,2023-07-02,13,0,Hourly,SR,AS_SP26,DAM,SP_CLR_PRC,0,8
2023-07-02T20:00:00-00:00,2023-07-02T21:00:00-00:00,2023-07-02,14,0,Hourly,SR,AS_NP26,DAM,SP_CLR_PRC,0,8
2023-07-02T20:00:00-00:00,2023-07-02T21:00:00-00:00,2023-07-02,14,0,Hourly,SR,AS_SP26_EXP,DAM,SP_CLR_PRC,0,8
2023-07-02T22:00:00-00:00,2023-07-02T23:00:00-00:00,2023-07-02,16,0,Hourly,SR,AS_NP26_EXP,DAM,SP_CLR_PRC,0.19,8
2023-07-02T23:00:00-00:00,2023-07-03T00:00:00-00:00,2023-07-02,17,0,Hourly,SR,AS_CAISO,DAM,SP_CLR_PRC,0,8
2023-07-03T00:00:00-00:00,2023-07-03T01:00:00-00:00,2023-07-02,18,0,Hourly,SR,AS_NP26_EXP,DAM,SP_CLR_PRC,0,8
2023-07-03T01:00:00-00:00,2023-07-03T02:00:00-00:00,2023-07-02,19,0,Hourly,SR,AS_NP26_EXP,DAM,SP_CLR_PRC,0,8
2023-07-03T03:00:00-00:00,2023-07-03T04:00:00-00:00,2023-07-02,21,0,Hourly,SR,AS_CAISO_EXP,DAM,SP_CLR_PRC,9.33,8
2023-07-03T04:00:00-00:00,2023-07-03T05:00:00-00:00,2023-07-02,22,0,Hourly,SR,AS_NP26_EXP,DAM,SP_CLR_PRC,0.57359,8
2023-07-03T05:00:00-00:00,2023-07-03T06:00:00-00:00,2023-07-02,23,0,Hourly,SR,AS_CAISO,DAM,SP_CLR_PRC,0,8
2023-07-02T07:00:00-00:00,2023-07-02T08:00:00-00:00,2023-07-02,1,0,Hourly,SR,AS_NP26_EXP,DAM,SP_CLR_PRC,0.34,8
2023-07-02T13:00:00-00:00,2023-07-02T14:00:00-00:00,2023-07-02,7,0,Hourly,SR,AS_SP26_EXP,DAM,SP_CLR_PRC,0,8
2023-07-02T14:00:00-00:00,2023-07-02T15:00:00-00:00,2023-07-02,8,0,Hourly,SR,AS_NP26_EXP,DAM,SP_CLR_PRC,0.14,8
2023-07-02T16:00:00-00:00,2023-07-02T17:00:00-00:00,2023-07-02,10,0,Hourly,SR,AS_NP26_EXP,DAM,SP_CLR_PRC,0.14,8
2023-07-02T16:00:00-00:00,2023-07-02T17:00:00-00:00,2023-07-02,10,0,Hourly,SR,AS_SP26,DAM,SP_CLR_PRC,0,8
2023-07-02T16:00:00-00:00,2023-07-02T17:00:00-00:00,2023-07-02,10,0,Hourly,SR,AS_SP26_EXP,DAM,SP_CLR_PRC,0,8
2023-07-03T07:00:00-00:00,2023-07-03T08:00:00-00:00,2023-07-03,1,0,Hourly,SR,AS_NP26,DAM,SP_CLR_PRC,0,9
2023-07-03T07:00:00-00:00,2023-07-03T08:00:00-00:00,2023-07-03,1,0,Hourly,SR,AS_SP26_EXP,DAM,SP_CLR_PRC,0,9
2023-07-03T14:00:00-00:00,2023-07-03T15:00:00-00:00,2023-07-03,8,0,Hourly,SR,AS_CAISO_EXP,DAM,SP_CLR_PRC,0.36,9
2023-07-03T14:00:00-00:00,2023-07-03T15:00:00-00:00,2023-07-03,8,0,Hourly,SR,AS_NP26_EXP,DAM,SP_CLR_PRC,0.14,9
2023-07-03T14:00:00-00:00,2023-07-03T15:00:00-00:00,2023-07-03,8,0,Hourly,SR,AS_SP26,DAM,SP_CLR_PRC,0,9
2023-07-03T16:00:00-00:00,2023-07-03T17:00:00-00:00,2023-07-03,10,0,Hourly,SR,AS_SP26,DAM,SP_CLR_PRC,0,9
2023-07-03T17:00:00-00:00,2023-07-03T18:00:00-00:00,2023-07-03,11,0,Hourly,SR,AS_SP26,DAM,SP_CLR_PRC,0,9
2023-07-03T17:00:00-00:00,2023-07-03T18:00:00-00:00,2023-07-03,11,0,Hourly,SR,AS_SP26_EXP,DAM,SP_CLR_PRC,0,9
2023-07-03T18:00:00-00:00,2023-07-03T19:00:00-00:00,2023-07-03,12,0,Hourly,SR,AS_SP26_EXP,DAM,SP_CLR_PRC,0,9
2023-07-03T20:00:00-00:00,2023-07-03T21:00:00-00:00,2023-07-03,14,0,Hourly,SR,AS_NP26,DAM,SP_CLR_PRC,0,9
2023-07-03T20:00:00-00:00,2023-07-03T21:00:00-00:00,2023-07-03,14,0,Hourly,SR,AS_NP26_EXP,DAM,SP_CLR_PRC,0.14,9
2023-07-03T20:00:00-00:00,2023-07-03T21:00:00-00:00,2023-07-03,14,0,Hourly,SR,AS_SP26,DAM,SP_CLR_PRC,0,9
2023-07-03T21:00:00-00:00,2023-07-03T22:00:00-00:00,2023-07-03,15,0,Hourly,SR,AS_SP26_EXP,DAM,SP_CLR_PRC,0,9
2023-07-04T04:00:00-00:00,2023-07-04T05:00:00-00:00,2023-07-03,22,0,Hourly,SR,AS_CAISO_EXP,DAM,SP_CLR_PRC,1,9
2023-07-04T04:00:00-00:00,2023-07-04T05:00:00-00:00,2023-07-03,22,0,Hourly,SR,AS_SP26,DAM,SP_CLR_PRC,0,9
2023-07-04T05:00:00-00:00,2023-07-04T06:00:00-00:00,2023-07-03,23,0,Hourly,SR,AS_CAISO_EXP,DAM,SP_CLR_PRC,1,9
2023-07-03T19:00:00-00:00,2023-07-03T20:00:00-00:00,2023-07-03,13,0,Hourly,SR,AS_SP26,DAM,SP_CLR_PRC,0,9
2023-07-03T21:00:00-00:00,2023-07-03T22:00:00-00:00,2023-07-03,15,0,Hourly,SR,AS_CAISO,DAM,SP_CLR_PRC,0,9
2023-07-03T22:00:00-00:00,2023-07-03T23:00:00-00:00,2023-07-03,16,0,Hourly,SR,AS_NP26_EXP,DAM,SP_CLR_PRC,0.14,9
2023-07-03T23:00:00-00:00,2023-07-04T00:00:00-00:00,2023-07-03,17,0,Hourly,SR,AS_SP26_EXP,DAM,SP_CLR_PRC,0,9
2023-07-04T01:00:00-00:00,2023-07-04T02:00:00-00:00,2023-07-03,19,0,Hourly,SR,AS_CAISO,DAM,SP_CLR_PRC,0,9
2023-07-04T01:00:00-00:00,2023-07-04T02:00:00-00:00,2023-07-03,19,0,Hourly,SR,AS_NP26,DAM,SP_CLR_PRC,0,9
2023-07-04T02:00:00-00:00,2023-07-04T03:00:00-00:00,2023-07-03,20,0,Hourly,SR,AS_SP26,DAM,SP_CLR_PRC,0,9
2023-07-04T04:00:00-00:00,2023-07-04T05:00:00-00:00,2023-07-03,22,0,Hourly,SR,AS_SP26_EXP,DAM,SP_CLR_PRC,0,9
2023-07-03T07:00:00-00:00,2023-07-03T08:00:00-00:00,2023-07-03,1,0,Hourly,SR,AS_SP26,DAM,SP_CLR_PRC,0,9
2023-07-03T08:00:00-00:00,2023-07-03T09:00:00-00:00,2023-07-03,2,0,Hourly,SR,AS_CAISO,DAM,SP_CLR_PRC,0,9
2023-07-03T08:00:00-00:00,2023-07-03T09:00:00-00:00,2023-07-03,2,0,Hourly,SR,AS_CAISO_EXP,DAM,SP_CLR_PRC,0.16,9
2023-07-03T10:00:00-00:00,2023-07-03T11:00:00-00:00,2023-07-03,4,0,Hourly,SR,AS_CAISO,DAM,SP_CLR_PRC,0,9
2023-07-03T15:00:00-00:00,2023-07-03T16:00:00-00:00,2023-07-03,9,0,Hourly,SR,AS_CAISO_EXP,DAM,SP_CLR_PRC,1,9
2023-07-03T16:00:00-00:00,2023-07-03T17:00:00-00:00,2023-07-03,10,0,Hourly,SR,AS_NP26_EXP,DAM,SP_CLR_PRC,0.14,9
2023-07-03T18:00:00-00:00,2023-07-03T19:00:00-00:00,2023-07-03,12,0,Hourly,SR,AS_CAISO,DAM,SP_CLR_PRC,0,9
2023-07-03T18:00:00-00:00,2023-07-03T19:00:00-00:00,2023-07-03,12,0,Hourly,SR,AS_NP26_EXP,DAM,SP_CLR_PRC,0.14,9
2023-07-03T19:00:00-00:00,2023-07-03T20:00:00-00:00,2023-07-03,13,0,Hourly,SR,AS_CAISO,DAM,SP_CLR_PRC,0,9
2023-07-03T20:00:00-00:00,2023-07-03T21:00:00-00:00,2023-07-03,14,0,Hourly,SR,AS_SP26_EXP,DAM,SP_CLR_PRC,0,9
2023-07-03T21:00:00-00:00,2023-07-03T22:00:00-00:00,2023-07-03,15,0,Hourly,SR,AS_NP26,DAM,SP_CLR_PRC,0,9
2023-07-03T22:00:00-00:00,2023-07-03T23:00:00-00:00,2023-07-03,16,0,Hourly,SR,AS_SP26,DAM,SP_CLR_PRC,0,9
2023-07-03T22:00:00-00:00,2023-07-03T23:00:00-00:00,2023-07-03,16,0,Hourly,SR,AS_SP26_EXP,DAM,SP_CLR_PRC,0,9
2023-07-03T23:00:00-00:00,2023-07-04T00:00:00-00:00,2023-07-03,17,0,Hourly,SR,AS_NP26_EXP,DAM,SP_CLR_PRC,0.19,9
2023-07-03T23:00:00-00:00,2023-07-04T00:00:00-00:00,2023-07-03,17,0,Hourly,SR,AS_SP26,DAM,SP_CLR_PRC,0,9
2023-07-04T00:00:00-00:00,2023-07-04T01:00:00-00:00,2023-07-03,18,0,Hourly,SR,AS_NP26_EXP,DAM,SP_CLR_PRC,0.48,9
2023-07-04T02:00:00-00:00,2023-07-04T03:00:00-00:00,2023-07-03,20,0,Hourly,SR,AS_CAISO_EXP,DAM,SP_CLR_PRC,24.02,9
2023-07-04T03:00:00-00:00,2023-07-04T04:00:00-00:00,2023-07-03,21,0,Hourly,SR,AS_CAISO_EXP,DAM,SP_CLR_PRC,10.66,9
2023-07-04T03:00:00-00:00,2023-07-04T04:00:00-00:00,2023-07-03,21,0,Hourly,SR,AS_NP26,DAM,SP_CLR_PRC,0,9
2023-07-04T04:00:00-00:00,2023-07-04T05:00:00-00:00,2023-07-03,22,0,Hourly,SR,AS_CAISO,DAM,SP_CLR_PRC,0,9
2023-07-04T05:00:00-00:00,2023-07-04T06:00:00-00:00,2023-07-03,23,0,Hourly,SR,AS_SP26,DAM,SP_CLR_PRC,0,9
2023-07-04T06:00:00-00:00,2023-07-04T07:00:00-00:00,2023-07-03,24,0,Hourly,SR,AS_CAISO_EXP,DAM,SP_CLR_PRC,0.35,9
2023-07-04T06:00:00-00:00,2023-07-04T07:00:00-00:00,2023-07-03,24,0,Hourly,SR,AS_NP26_EXP,DAM,SP_CLR_PRC,1.49,9
2023-07-04T06:00:00-00:00,2023-07-04T07:00:00-00:00,2023-07-03,24,0,Hourly,SR,AS_SP26,DAM,SP_CLR_PRC,0,9
2023-07-03T08:00:00-00:00,2023-07-03T09:00:00-00:00,2023-07-03,2,0,Hourly,SR,AS_NP26_EXP,DAM,SP_CLR_PRC,0.34,9
2023-07-03T08:00:00-00:00,2023-07-03T09:00:00-00:00,2023-07-03,2,0,Hourly,SR,AS_SP26,DAM,SP_CLR_PRC,0,9
2023-07-03T09:00:00-00:00,2023-07-03T10:00:00-00:00,2023-07-03,3,0,Hourly,SR,AS_SP26,DAM,SP_CLR_PRC,0,9
2023-07-03T10:00:00-00:00,2023-07-03T11:00:00-00:00,2023-07-03,4,0,Hourly,SR,AS_CAISO_EXP,DAM,SP_CLR_PRC,0.16,9
2023-07-03T10:00:00-00:00,2023-07-03T11:00:00-00:00,2023-07-03,4,0,Hourly,SR,AS_NP26_EXP,DAM,SP_CLR_PRC,2.315,9
2023-07-03T13:00:00-00:00,2023-07-03T14:00:00-00:00,2023-07-03,7,0,Hourly,SR,AS_SP26,DAM,SP_CLR_PRC,0,9
2023-07-03T15:00:00-00:00,2023-07-03T16:00:00-00:00,2023-07-03,9,0,Hourly,SR,AS_NP26,DAM,SP_CLR_PRC,0,9
2023-07-03T16:00:00-00:00,2023-07-03T17:00:00-00:00,2023-07-03,10,0,Hourly,SR,AS_NP26,DAM,SP_CLR_PRC,0,9
2023-07-03T23:00:00-00:00,2023-07-04T00:00:00-00:00,2023-07-03,17,0,Hourly,SR,AS_NP26,DAM,SP_CLR_PRC,0,9
2023-07-04T00:00:00-00:00,2023-07-04T01:00:00-00:00,2023-07-03,18,0,Hourly,SR,AS_CAISO,DAM,SP_CLR_PRC,0,9
2023-07-04T00:00:00-00:00,2023-07-04T01:00:00-00:00,2023-07-03,18,0,Hourly,SR,AS_NP26,DAM,SP_CLR_PRC,0,9
2023-07-04T02:00:00-00:00,2023-07-04T03:00:00-00:00,2023-07-03,20,0,Hourly,SR,AS_CAISO,DAM,SP_CLR_PRC,0,9
2023-07-04T03:00:00-00:00,2023-07-04T04:00:00-00:00,2023-07-03,21,0,Hourly,SR,AS_NP26_EXP,DAM,SP_CLR_PRC,0,9
2023-07-04T04:00:00-00:00,2023-07-04T05:00:00-00:00,2023-07-03,22,0,Hourly,SR,AS_NP26,DAM,SP_CLR_PRC,0,9
2023-07-04T04:00:00-00:00,2023-07-04T05:00:00-00:00,2023-07-03,22,0,Hourly,SR,AS_NP26_EXP,DAM,SP_CLR_PRC,3.85504,9
2023-07-04T05:00:00-00:00,2023-07-04T06:00:00-00:00,2023-07-03,23,0,Hourly,SR,AS_CAISO,DAM,SP_CLR_PRC,0,9
2023-07-04T05:00:00-00:00,2023-07-04T06:00:00-00:00,2023-07-03,23,0,Hourly,SR,AS_NP26,DAM,SP_CLR_PRC,0,9
2023-07-03T11:00:00-00:00,2023-07-03T12:00:00-00:00,2023-07-03,5,0,Hourly,SR,AS_CAISO_EXP,DAM,SP_CLR_PRC,0.16,9
2023-07-03T12:00:00-00:00,2023-07-03T13:00:00-00:00,2023-07-03,6,0,Hourly,SR,AS_SP26,DAM,SP_CLR_PRC,0,9
2023-07-03T13:00:00-00:00,2023-07-03T14:00:00-00:00,2023-07-03,7,0,Hourly,SR,AS_NP26,DAM,SP_CLR_PRC,0,9
2023-07-03T13:00:00-00:00,2023-07-03T14:00:00-00:00,2023-07-03,7,0,Hourly,SR,AS_NP26_EXP,DAM,SP_CLR_PRC,0.495,9
2023-07-03T17:00:00-00:00,2023-07-03T18:00:00-00:00,2023-07-03,11,0,Hourly,SR,AS_CAISO,DAM,SP_CLR_PRC,0,9
2023-07-03T18:00:00-00:00,2023-07-03T19:00:00-00:00,2023-07-03,12,0,Hourly,SR,AS_CAISO_EXP,DAM,SP_CLR_PRC,0.57,9
2023-07-03T18:00:00-00:00,2023-07-03T19:00:00-00:00,2023-07-03,12,0,Hourly,SR,AS_NP26,DAM,SP_CLR_PRC,0,9
2023-07-03T19:00:00-00:00,2023-07-03T20:00:00-00:00,2023-07-03,13,0,Hourly,SR,AS_NP26_EXP,DAM,SP_CLR_PRC,0.14,9
2023-07-03T20:00:00-00:00,2023-07-03T21:00:00-00:00,2023-07-03,14,0,Hourly,SR,AS_CAISO_EXP,DAM,SP_CLR_PRC,0.16,9
2023-07-03T21:00:00-00:00,2023-07-03T22:00:00-00:00,2023-07-03,15,0,Hourly,SR,AS_NP26_EXP,DAM,SP_CLR_PRC,0.14,9
2023-07-04T00:00:00-00:00,2023-07-04T01:00:00-00:00,2023-07-03,18,0,Hourly,SR,AS_SP26,DAM,SP_CLR_PRC,0,9
2023-07-04T00:00:00-00:00,2023-07-04T01:00:00-00:00,2023-07-03,18,0,Hourly,SR,AS_SP26_EXP,DAM,SP_CLR_PRC,0,9
2023-07-04T02:00:00-00:00,2023-07-04T03:00:00-00:00,2023-07-03,20,0,Hourly,SR,AS_NP26,DAM,SP_CLR_PRC,0,9
2023-07-04T03:00:00-00:00,2023-07-04T04:00:00-00:00,2023-07-03,21,0,Hourly,SR,AS_SP26,DAM,SP_CLR_PRC,0,9
2023-07-04T05:00:00-00:00,2023-07-04T06:00:00-00:00,2023-07-03,23,0,Hourly,SR,AS_NP26_EXP,DAM,SP_CLR_PRC,0,9
2023-07-03T07:00:00-00:00,2023-07-03T08:00:00-00:00,2023-07-03,1,0,Hourly,SR,AS_CAISO_EXP,DAM,SP_CLR_PRC,0.16,9
2023-07-03T08:00:00-00:00,2023-07-03T09:00:00-00:00,2023-07-03,2,0,Hourly,SR,AS_NP26,DAM,SP_CLR_PRC,0,9
2023-07-03T09:00:00-00:00,2023-07-03T10:00:00-00:00,2023-07-03,3,0,Hourly,SR,AS_CAISO_EXP,DAM,SP_CLR_PRC,0.16,9
2023-07-03T09:00:00-00:00,2023-07-03T10:00:00-00:00,2023-07-03,3,0,Hourly,SR,AS_SP26_EXP,DAM,SP_CLR_PRC,0,9
2023-07-03T10:00:00-00:00,2023-07-03T11:00:00-00:00,2023-07-03,4,0,Hourly,SR,AS_NP26,DAM,SP_CLR_PRC,0,9
2023-07-03T11:00:00-00:00,2023-07-03T12:00:00-00:00,2023-07-03,5,0,Hourly,SR,AS_NP26,DAM,SP_CLR_PRC,0,9
2023-07-03T12:00:00-00:00,2023-07-03T13:00:00-00:00,2023-07-03,6,0,Hourly,SR,AS_CAISO_EXP,DAM,SP_CLR_PRC,0.16,9
2023-07-03T13:00:00-00:00,2023-07-03T14:00:00-00:00,2023-07-03,7,0,Hourly,SR,AS_SP26_EXP,DAM,SP_CLR_PRC,0,9
2023-07-03T14:00:00-00:00,2023-07-03T15:00:00-00:00,2023-07-03,8,0,Hourly,SR,AS_NP26,DAM,SP_CLR_PRC,0,9
2023-07-03T15:00:00-00:00,2023-07-03T16:00:00-00:00,2023-07-03,9,0,Hourly,SR,AS_CAISO,DAM,SP_CLR_PRC,0,9
2023-07-03T15:00:00-00:00,2023-07-03T16:00:00-00:00,2023-07-03,9,0,Hourly,SR,AS_SP26,DAM,SP_CLR_PRC,0,9
2023-07-03T16:00:00-00:00,2023-07-03T17:00:00-00:00,2023-07-03,10,0,Hourly,SR,AS_CAISO_EXP,DAM,SP_CLR_PRC,1,9
2023-07-03T17:00:00-00:00,2023-07-03T18:00:00-00:00,2023-07-03,11,0,Hourly,SR,AS_NP26_EXP,DAM,SP_CLR_PRC,1.21,9
2023-07-03T20:00:00-00:00,2023-07-03T21:00:00-00:00,2023-07-03,14,0,Hourly,SR,AS_CAISO,DAM,SP_CLR_PRC,0,9
2023-07-03T22:00:00-00:00,2023-07-03T23:00:00-00:00,2023-07-03,16,0,Hourly,SR,AS_CAISO,DAM,SP_CLR_PRC,0,9
2023-07-03T22:00:00-00:00,2023-07-03T23:00:00-00:00,2023-07-03,16,0,Hourly,SR,AS_CAISO_EXP,DAM,SP_CLR_PRC,1,9
2023-07-03T22:00:00-00:00,2023-07-03T23:00:00-00:00,2023-07-03,16,0,Hourly,SR,AS_NP26,DAM,SP_CLR_PRC,0,9
2023-07-04T00:00:00-00:00,2023-07-04T01:00:00-00:00,2023-07-03,18,0,Hourly,SR,AS_CAISO_EXP,DAM,SP_CLR_PRC,0.40515,9
2023-07-04T01:00:00-00:00,2023-07-04T02:00:00-00:00,2023-07-03,19,0,Hourly,SR,AS_NP26_EXP,DAM,SP_CLR_PRC,0,9
2023-07-04T02:00:00-00:00,2023-07-04T03:00:00-00:00,2023-07-03,20,0,Hourly,SR,AS_NP26_EXP,DAM,SP_CLR_PRC,6.8944,9
2023-07-04T03:00:00-00:00,2023-07-04T04:00:00-00:00,2023-07-03,21,0,Hourly,SR,AS_SP26_EXP,DAM,SP_CLR_PRC,0,9
2023-07-04T05:00:00-00:00,2023-07-04T06:00:00-00:00,2023-07-03,23,0,Hourly,SR,AS_SP26_EXP,DAM,SP_CLR_PRC,0,9
2023-07-04T06:00:00-00:00,2023-07-04T07:00:00-00:00,2023-07-03,24,0,Hourly,SR,AS_CAISO,DAM,SP_CLR_PRC,0,9
2023-07-04T06:00:00-00:00,2023-07-04T07:00:00-00:00,2023-07-03,24,0,Hourly,SR,AS_SP26_EXP,DAM,SP_CLR_PRC,0,9
2023-07-03T07:00:00-00:00,2023-07-03T08:00:00-00:00,2023-07-03,1,0,Hourly,SR,AS_NP26_EXP,DAM,SP_CLR_PRC,0.19,9
2023-07-03T07:00:00-00:00,2023-07-03T08:00:00-00:00,2023-07-03,1,0,Hourly,SR,AS_CAISO,DAM,SP_CLR_PRC,0,9
2023-07-03T09:00:00-00:00,2023-07-03T10:00:00-00:00,2023-07-03,3,0,Hourly,SR,AS_NP26_EXP,DAM,SP_CLR_PRC,0.44,9
2023-07-03T10:00:00-00:00,2023-07-03T11:00:00-00:00,2023-07-03,4,0,Hourly,SR,AS_SP26_EXP,DAM,SP_CLR_PRC,0,9
2023-07-03T11:00:00-00:00,2023-07-03T12:00:00-00:00,2023-07-03,5,0,Hourly,SR,AS_NP26_EXP,DAM,SP_CLR_PRC,1.41,9
2023-07-03T11:00:00-00:00,2023-07-03T12:00:00-00:00,2023-07-03,5,0,Hourly,SR,AS_SP26,DAM,SP_CLR_PRC,0,9
2023-07-03T11:00:00-00:00,2023-07-03T12:00:00-00:00,2023-07-03,5,0,Hourly,SR,AS_SP26_EXP,DAM,SP_CLR_PRC,0,9
2023-07-03T13:00:00-00:00,2023-07-03T14:00:00-00:00,2023-07-03,7,0,Hourly,SR,AS_CAISO,DAM,SP_CLR_PRC,0,9
2023-07-03T13:00:00-00:00,2023-07-03T14:00:00-00:00,2023-07-03,7,0,Hourly,SR,AS_CAISO_EXP,DAM,SP_CLR_PRC,0.16,9
2023-07-03T14:00:00-00:00,2023-07-03T15:00:00-00:00,2023-07-03,8,0,Hourly,SR,AS_SP26_EXP,DAM,SP_CLR_PRC,0,9
2023-07-03T19:00:00-00:00,2023-07-03T20:00:00-00:00,2023-07-03,13,0,Hourly,SR,AS_NP26,DAM,SP_CLR_PRC,0,9
2023-07-03T19:00:00-00:00,2023-07-03T20:00:00-00:00,2023-07-03,13,0,Hourly,SR,AS_SP26_EXP,DAM,SP_CLR_PRC,0,9
2023-07-03T23:00:00-00:00,2023-07-04T00:00:00-00:00,2023-07-03,17,0,Hourly,SR,AS_CAISO,DAM,SP_CLR_PRC,0,9
2023-07-04T03:00:00-00:00,2023-07-04T04:00:00-00:00,2023-07-03,21,0,Hourly,SR,AS_CAISO,DAM,SP_CLR_PRC,0,9
2023-07-04T06:00:00-00:00,2023-07-04T07:00:00-00:00,2023-07-03,24,0,Hourly,SR,AS_NP26,DAM,SP_CLR_PRC,0,9
2023-07-03T11:00:00-00:00,2023-07-03T12:00:00-00:00,2023-07-03,5,0,Hourly,SR,AS_CAISO,DAM,SP_CLR_PRC,0,9
2023-07-03T12:00:00-00:00,2023-07-03T13:00:00-00:00,2023-07-03,6,0,Hourly,SR,AS_CAISO,DAM,SP_CLR_PRC,0,9
2023-07-03T12:00:00-00:00,2023-07-03T13:00:00-00:00,2023-07-03,6,0,Hourly,SR,AS_NP26,DAM,SP_CLR_PRC,0,9
2023-07-03T12:00:00-00:00,2023-07-03T13:00:00-00:00,2023-07-03,6,0,Hourly,SR,AS_NP26_EXP,DAM,SP_CLR_PRC,0.955,9
2023-07-03T15:00:00-00:00,2023-07-03T16:00:00-00:00,2023-07-03,9,0,Hourly,SR,AS_NP26_EXP,DAM,SP_CLR_PRC,0.14,9
2023-07-03T15:00:00-00:00,2023-07-03T16:00:00-00:00,2023-07-03,9,0,Hourly,SR,AS_SP26_EXP,DAM,SP_CLR_PRC,0,9
2023-07-03T16:00:00-00:00,2023-07-03T17:00:00-00:00,2023-07-03,10,0,Hourly,SR,AS_CAISO,DAM,SP_CLR_PRC,0,9
2023-07-03T17:00:00-00:00,2023-07-03T18:00:00-00:00,2023-07-03,11,0,Hourly,SR,AS_CAISO_EXP,DAM,SP_CLR_PRC,0.16,9
2023-07-03T17:00:00-00:00,2023-07-03T18:00:00-00:00,2023-07-03,11,0,Hourly,SR,AS_NP26,DAM,SP_CLR_PRC,0,9
2023-07-03T18:00:00-00:00,2023-07-03T19:00:00-00:00,2023-07-03,12,0,Hourly,SR,AS_SP26,DAM,SP_CLR_PRC,0,9
2023-07-03T19:00:00-00:00,2023-07-03T20:00:00-00:00,2023-07-03,13,0,Hourly,SR,AS_CAISO_EXP,DAM,SP_CLR_PRC,0.40903,9
2023-07-03T21:00:00-00:00,2023-07-03T22:00:00-00:00,2023-07-03,15,0,Hourly,SR,AS_CAISO_EXP,DAM,SP_CLR_PRC,0.38705,9
2023-07-03T21:00:00-00:00,2023-07-03T22:00:00-00:00,2023-07-03,15,0,Hourly,SR,AS_SP26,DAM,SP_CLR_PRC,0,9
2023-07-03T23:00:00-00:00,2023-07-04T00:00:00-00:00,2023-07-03,17,0,Hourly,SR,AS_CAISO_EXP,DAM,SP_CLR_PRC,1,9
2023-07-04T01:00:00-00:00,2023-07-04T02:00:00-00:00,2023-07-03,19,0,Hourly,SR,AS_CAISO_EXP,DAM,SP_CLR_PRC,3.62445,9
2023-07-04T01:00:00-00:00,2023-07-04T02:00:00-00:00,2023-07-03,19,0,Hourly,SR,AS_SP26,DAM,SP_CLR_PRC,0,9
2023-07-04T01:00:00-00:00,2023-07-04T02:00:00-00:00,2023-07-03,19,0,Hourly,SR,AS_SP26_EXP,DAM,SP_CLR_PRC,0,9
2023-07-04T02:00:00-00:00,2023-07-04T03:00:00-00:00,2023-07-03,20,0,Hourly,SR,AS_SP26_EXP,DAM,SP_CLR_PRC,0,9
2023-07-03T08:00:00-00:00,2023-07-03T09:00:00-00:00,2023-07-03,2,0,Hourly,SR,AS_SP26_EXP,DAM,SP_CLR_PRC,0,9
2023-07-03T09:00:00-00:00,2023-07-03T10:00:00-00:00,2023-07-03,3,0,Hourly,SR,AS_CAISO,DAM,SP_CLR_PRC,0,9
2023-07-03T09:00:00-00:00,2023-07-03T10:00:00-00:00,2023-07-03,3,0,Hourly,SR,AS_NP26,DAM,SP_CLR_PRC,0,9
2023-07-03T10:00:00-00:00,2023-07-03T11:00:00-00:00,2023-07-03,4,0,Hourly,SR,AS_SP26,DAM,SP_CLR_PRC,0,9
2023-07-03T12:00:00-00:00,2023-07-03T13:00:00-00:00,2023-07-03,6,0,Hourly,SR,AS_SP26_EXP,DAM,SP_CLR_PRC,0,9
2023-07-03T14:00:00-00:00,2023-07-03T15:00:00-00:00,2023-07-03,8,0,Hourly,SR,AS_CAISO,DAM,SP_CLR_PRC,0,9
2023-07-03T16:00:00-00:00,2023-07-03T17:00:00-00:00,2023-07-03,10,0,Hourly,SR,AS_SP26_EXP,DAM,SP_CLR_PRC,0,9
2023-07-04T07:00:00-00:00,2023-07-04T08:00:00-00:00,2023-07-04,1,0,Hourly,SR,AS_NP26_EXP,DAM,SP_CLR_PRC,0.19,10
2023-07-04T07:00:00-00:00,2023-07-04T08:00:00-00:00,2023-07-04,1,0,Hourly,SR,AS_CAISO,DAM,SP_CLR_PRC,0,10
2023-07-04T07:00:00-00:00,2023-07-04T08:00:00-00:00,2023-07-04,1,0,Hourly,SR,AS_NP26,DAM,SP_CLR_PRC,0,10
2023-07-04T07:00:00-00:00,2023-07-04T08:00:00-00:00,2023-07-04,1,0,Hourly,SR,AS_SP26,DAM,SP_CLR_PRC,0,10
2023-07-04T08:00:00-00:00,2023-07-04T09:00:00-00:00,2023-07-04,2,0,Hourly,SR,AS_SP26,DAM,SP_CLR_PRC,0,10
2023-07-04T09:00:00-00:00,2023-07-04T10:00:00-00:00,2023-07-04,3,0,Hourly,SR,AS_SP26,DAM,SP_CLR_PRC,0,10
2023-07-04T10:00:00-00:00,2023-07-04T11:00:00-00:00,2023-07-04,4,0,Hourly,SR,AS_SP26,DAM,SP_CLR_PRC,0,10
2023-07-04T12:00:00-00:00,2023-07-04T13:00:00-00:00,2023-07-04,6,0,Hourly,SR,AS_NP26,DAM,SP_CLR_PRC,0,10
2023-07-04T13:00:00-00:00,2023-07-04T14:00:00-00:00,2023-07-04,7,0,Hourly,SR,AS_SP26_EXP,DAM,SP_CLR_PRC,0,10
2023-07-04T14:00:00-00:00,2023-07-04T15:00:00-00:00,2023-07-04,8,0,Hourly,SR,AS_NP26,DAM,SP_CLR_PRC,0,10
2023-07-04T15:00:00-00:00,2023-07-04T16:00:00-00:00,2023-07-04,9,0,Hourly,SR,AS_CAISO,DAM,SP_CLR_PRC,0,10
2023-07-04T15:00:00-00:00,2023-07-04T16:00:00-00:00,2023-07-04,9,0,Hourly,SR,AS_CAISO_EXP,DAM,SP_CLR_PRC,1,10
2023-07-04T19:00:00-00:00,2023-07-04T20:00:00-00:00,2023-07-04,13,0,Hourly,SR,AS_CAISO,DAM,SP_CLR_PRC,0,10
2023-07-04T19:00:00-00:00,2023-07-04T20:00:00-00:00,2023-07-04,13,0,Hourly,SR,AS_SP26_EXP,DAM,SP_CLR_PRC,0,10
2023-07-04T20:00:00-00:00,2023-07-04T21:00:00-00:00,2023-07-04,14,0,Hourly,SR,AS_CAISO,DAM,SP_CLR_PRC,0,10
2023-07-04T20:00:00-00:00,2023-07-04T21:00:00-00:00,2023-07-04,14,0,Hourly,SR,AS_CAISO_EXP,DAM,SP_CLR_PRC,0.16,10
2023-07-05T03:00:00-00:00,2023-07-05T04:00:00-00:00,2023-07-04,21,0,Hourly,SR,AS_CAISO,DAM,SP_CLR_PRC,0,10
2023-07-05T05:00:00-00:00,2023-07-05T06:00:00-00:00,2023-07-04,23,0,Hourly,SR,AS_SP26,DAM,SP_CLR_PRC,0,10
2023-07-05T06:00:00-00:00,2023-07-05T07:00:00-00:00,2023-07-04,24,0,Hourly,SR,AS_SP26,DAM,SP_CLR_PRC,0,10
2023-07-05T06:00:00-00:00,2023-07-05T07:00:00-00:00,2023-07-04,24,0,Hourly,SR,AS_SP26_EXP,DAM,SP_CLR_PRC,0,10
2023-07-04T08:00:00-00:00,2023-07-04T09:00:00-00:00,2023-07-04,2,0,Hourly,SR,AS_CAISO,DAM,SP_CLR_PRC,0,10
2023-07-04T10:00:00-00:00,2023-07-04T11:00:00-00:00,2023-07-04,4,0,Hourly,SR,AS_NP26,DAM,SP_CLR_PRC,0,10
2023-07-04T11:00:00-00:00,2023-07-04T12:00:00-00:00,2023-07-04,5,0,Hourly,SR,AS_SP26_EXP,DAM,SP_CLR_PRC,0,10
2023-07-04T14:00:00-00:00,2023-07-04T15:00:00-00:00,2023-07-04,8,0,Hourly,SR,AS_NP26_EXP,DAM,SP_CLR_PRC,0.59,10
2023-07-04T14:00:00-00:00,2023-07-04T15:00:00-00:00,2023-07-04,8,0,Hourly,SR,AS_SP26_EXP,DAM,SP_CLR_PRC,0,10
2023-07-04T16:00:00-00:00,2023-07-04T17:00:00-00:00,2023-07-04,10,0,Hourly,SR,AS_CAISO_EXP,DAM,SP_CLR_PRC,0.16,10
2023-07-04T16:00:00-00:00,2023-07-04T17:00:00-00:00,2023-07-04,10,0,Hourly,SR,AS_NP26,DAM,SP_CLR_PRC,0,10
2023-07-04T17:00:00-00:00,2023-07-04T18:00:00-00:00,2023-07-04,11,0,Hourly,SR,AS_CAISO,DAM,SP_CLR_PRC,0,10
2023-07-04T17:00:00-00:00,2023-07-04T18:00:00-00:00,2023-07-04,11,0,Hourly,SR,AS_CAISO_EXP,DAM,SP_CLR_PRC,0.16,10
2023-07-04T19:00:00-00:00,2023-07-04T20:00:00-00:00,2023-07-04,13,0,Hourly,SR,AS_NP26,DAM,SP_CLR_PRC,0,10
2023-07-04T20:00:00-00:00,2023-07-04T21:00:00-00:00,2023-07-04,14,0,Hourly,SR,AS_NP26,DAM,SP_CLR_PRC,0,10
2023-07-04T21:00:00-00:00,2023-07-04T22:00:00-00:00,2023-07-04,15,0,Hourly,SR,AS_NP26_EXP,DAM,SP_CLR_PRC,0.19,10
2023-07-04T23:00:00-00:00,2023-07-05T00:00:00-00:00,2023-07-04,17,0,Hourly,SR,AS_SP26,DAM,SP_CLR_PRC,0,10
2023-07-05T00:00:00-00:00,2023-07-05T01:00:00-00:00,2023-07-04,18,0,Hourly,SR,AS_CAISO,DAM,SP_CLR_PRC,0,10
2023-07-05T01:00:00-00:00,2023-07-05T02:00:00-00:00,2023-07-04,19,0,Hourly,SR,AS_CAISO_EXP,DAM,SP_CLR_PRC,1,10
2023-07-05T01:00:00-00:00,2023-07-05T02:00:00-00:00,2023-07-04,19,0,Hourly,SR,AS_SP26,DAM,SP_CLR_PRC,0,10
2023-07-05T02:00:00-00:00,2023-07-05T03:00:00-00:00,2023-07-04,20,0,Hourly,SR,AS_CAISO,DAM,SP_CLR_PRC,0,10
2023-07-05T03:00:00-00:00,2023-07-05T04:00:00-00:00,2023-07-04,21,0,Hourly,SR,AS_SP26_EXP,DAM,SP_CLR_PRC,0,10
2023-07-05T04:00:00-00:00,2023-07-05T05:00:00-00:00,2023-07-04,22,0,Hourly,SR,AS_SP26,DAM,SP_CLR_PRC,0,10
2023-07-05T06:00:00-00:00,2023-07-05T07:00:00-00:00,2023-07-04,24,0,Hourly,SR,AS_CAISO,DAM,SP_CLR_PRC,0,10
2023-07-04T08:00:00-00:00,2023-07-04T09:00:00-00:00,2023-07-04,2,0,Hourly,SR,AS_SP26_EXP,DAM,SP_CLR_PRC,0,10
2023-07-04T09:00:00-00:00,2023-07-04T10:00:00-00:00,2023-07-04,3,0,Hourly,SR,AS_NP26,DAM,SP_CLR_PRC,0,10
2023-07-04T10:00:00-00:00,2023-07-04T11:00:00-00:00,2023-07-04,4,0,Hourly,SR,AS_CAISO,DAM,SP_CLR_PRC,0,10
2023-07-04T13:00:00-00:00,2023-07-04T14:00:00-00:00,2023-07-04,7,0,Hourly,SR,AS_CAISO,DAM,SP_CLR_PRC,0,10
2023-07-04T13:00:00-00:00,2023-07-04T14:00:00-00:00,2023-07-04,7,0,Hourly,SR,AS_NP26,DAM,SP_CLR_PRC,0,10
2023-07-04T16:00:00-00:00,2023-07-04T17:00:00-00:00,2023-07-04,10,0,Hourly,SR,AS_SP26_EXP,DAM,SP_CLR_PRC,0,10
2023-07-04T17:00:00-00:00,2023-07-04T18:00:00-00:00,2023-07-04,11,0,Hourly,SR,AS_SP26,DAM,SP_CLR_PRC,0,10
2023-07-04T18:00:00-00:00,2023-07-04T19:00:00-00:00,2023-07-04,12,0,Hourly,SR,AS_NP26_EXP,DAM,SP_CLR_PRC,1.55,10
2023-07-04T19:00:00-00:00,2023-07-04T20:00:00-00:00,2023-07-04,13,0,Hourly,SR,AS_CAISO_EXP,DAM,SP_CLR_PRC,0.16,10
2023-07-04T19:00:00-00:00,2023-07-04T20:00:00-00:00,2023-07-04,13,0,Hourly,SR,AS_NP26_EXP,DAM,SP_CLR_PRC,0.19,10
2023-07-04T19:00:00-00:00,2023-07-04T20:00:00-00:00,2023-07-04,13,0,Hourly,SR,AS_SP26,DAM,SP_CLR_PRC,0,10
2023-07-04T20:00:00-00:00,2023-07-04T21:00:00-00:00,2023-07-04,14,0,Hourly,SR,AS_NP26_EXP,DAM,SP_CLR_PRC,0.19,10
2023-07-04T21:00:00-00:00,2023-07-04T22:00:00-00:00,2023-07-04,15,0,Hourly,SR,AS_CAISO_EXP,DAM,SP_CLR_PRC,0.16,10
2023-07-04T23:00:00-00:00,2023-07-05T00:00:00-00:00,2023-07-04,17,0,Hourly,SR,AS_CAISO_EXP,DAM,SP_CLR_PRC,0.48,10
2023-07-05T00:00:00-00:00,2023-07-05T01:00:00-00:00,2023-07-04,18,0,Hourly,SR,AS_CAISO_EXP,DAM,SP_CLR_PRC,0.16,10
2023-07-05T00:00:00-00:00,2023-07-05T01:00:00-00:00,2023-07-04,18,0,Hourly,SR,AS_SP26_EXP,DAM,SP_CLR_PRC,0,10
2023-07-05T02:00:00-00:00,2023-07-05T03:00:00-00:00,2023-07-04,20,0,Hourly,SR,AS_NP26_EXP,DAM,SP_CLR_PRC,4.3,10
2023-07-05T03:00:00-00:00,2023-07-05T04:00:00-00:00,2023-07-04,21,0,Hourly,SR,AS_CAISO_EXP,DAM,SP_CLR_PRC,7.24605,10
2023-07-05T03:00:00-00:00,2023-07-05T04:00:00-00:00,2023-07-04,21,0,Hourly,SR,AS_NP26_EXP,DAM,SP_CLR_PRC,3.55,10
2023-07-05T04:00:00-00:00,2023-07-05T05:00:00-00:00,2023-07-04,22,0,Hourly,SR,AS_NP26_EXP,DAM,SP_CLR_PRC,2.86,10
2023-07-05T06:00:00-00:00,2023-07-05T07:00:00-00:00,2023-07-04,24,0,Hourly,SR,AS_NP26,DAM,SP_CLR_PRC,0,10
2023-07-05T06:00:00-00:00,2023-07-05T07:00:00-00:00,2023-07-04,24,0,Hourly,SR,AS_NP26_EXP,DAM,SP_CLR_PRC,0.19,10
2023-07-04T07:00:00-00:00,2023-07-04T08:00:00-00:00,2023-07-04,1,0,Hourly,SR,AS_SP26_EXP,DAM,SP_CLR_PRC,0,10
2023-07-04T08:00:00-00:00,2023-07-04T09:00:00-00:00,2023-07-04,2,0,Hourly,SR,AS_CAISO_EXP,DAM,SP_CLR_PRC,0.16,10
2023-07-04T09:00:00-00:00,2023-07-04T10:00:00-00:00,2023-07-04,3,0,Hourly,SR,AS_CAISO_EXP,DAM,SP_CLR_PRC,0.26,10
2023-07-04T12:00:00-00:00,2023-07-04T13:00:00-00:00,2023-07-04,6,0,Hourly,SR,AS_SP26_EXP,DAM,SP_CLR_PRC,0,10
2023-07-04T15:00:00-00:00,2023-07-04T16:00:00-00:00,2023-07-04,9,0,Hourly,SR,AS_NP26_EXP,DAM,SP_CLR_PRC,0.14,10
2023-07-04T15:00:00-00:00,2023-07-04T16:00:00-00:00,2023-07-04,9,0,Hourly,SR,AS_SP26,DAM,SP_CLR_PRC,0,10
2023-07-04T17:00:00-00:00,2023-07-04T18:00:00-00:00,2023-07-04,11,0,Hourly,SR,AS_NP26,DAM,SP_CLR_PRC,0,10
2023-07-04T18:00:00-00:00,2023-07-04T19:00:00-00:00,2023-07-04,12,0,Hourly,SR,AS_CAISO_EXP,DAM,SP_CLR_PRC,0.16,10
2023-07-04T20:00:00-00:00,2023-07-04T21:00:00-00:00,2023-07-04,14,0,Hourly,SR,AS_SP26,DAM,SP_CLR_PRC,0,10
2023-07-04T22:00:00-00:00,2023-07-04T23:00:00-00:00,2023-07-04,16,0,Hourly,SR,AS_SP26,DAM,SP_CLR_PRC,0,10
2023-07-04T23:00:00-00:00,2023-07-05T00:00:00-00:00,2023-07-04,17,0,Hourly,SR,AS_NP26_EXP,DAM,SP_CLR_PRC,0.19,10
2023-07-05T00:00:00-00:00,2023-07-05T01:00:00-00:00,2023-07-04,18,0,Hourly,SR,AS_NP26_EXP,DAM,SP_CLR_PRC,1.00353,10
2023-07-05T01:00:00-00:00,2023-07-05T02:00:00-00:00,2023-07-04,19,0,Hourly,SR,AS_CAISO,DAM,SP_CLR_PRC,0,10
2023-07-05T02:00:00-00:00,2023-07-05T03:00:00-00:00,2023-07-04,20,0,Hourly,SR,AS_SP26,DAM,SP_CLR_PRC,0,10
2023-07-05T03:00:00-00:00,2023-07-05T04:00:00-00:00,2023-07-04,21,0,Hourly,SR,AS_SP26,DAM,SP_CLR_PRC,0,10
2023-07-05T04:00:00-00:00,2023-07-05T05:00:00-00:00,2023-07-04,22,0,Hourly,SR,AS_CAISO_EXP,DAM,SP_CLR_PRC,1,10
2023-07-05T05:00:00-00:00,2023-07-05T06:00:00-00:00,2023-07-04,23,0,Hourly,SR,AS_CAISO,DAM,SP_CLR_PRC,0,10
2023-07-05T05:00:00-00:00,2023-07-05T06:00:00-00:00,2023-07-04,23,0,Hourly,SR,AS_NP26,DAM,SP_CLR_PRC,0,10
2023-07-04T10:00:00-00:00,2023-07-04T11:00:00-00:00,2023-07-04,4,0,Hourly,SR,AS_CAISO_EXP,DAM,SP_CLR_PRC,0.16,10
2023-07-04T10:00:00-00:00,2023-07-04T11:00:00-00:00,2023-07-04,4,0,Hourly,SR,AS_SP26_EXP,DAM,SP_CLR_PRC,0,10
2023-07-04T12:00:00-00:00,2023-07-04T13:00:00-00:00,2023-07-04,6,0,Hourly,SR,AS_SP26,DAM,SP_CLR_PRC,0,10
2023-07-04T14:00:00-00:00,2023-07-04T15:00:00-00:00,2023-07-04,8,0,Hourly,SR,AS_CAISO,DAM,SP_CLR_PRC,0,10
2023-07-04T16:00:00-00:00,2023-07-04T17:00:00-00:00,2023-07-04,10,0,Hourly,SR,AS_NP26_EXP,DAM,SP_CLR_PRC,0.19,10
2023-07-04T16:00:00-00:00,2023-07-04T17:00:00-00:00,2023-07-04,10,0,Hourly,SR,AS_SP26,DAM,SP_CLR_PRC,0,10
2023-07-04T17:00:00-00:00,2023-07-04T18:00:00-00:00,2023-07-04,11,0,Hourly,SR,AS_NP26_EXP,DAM,SP_CLR_PRC,1.55,10
2023-07-04T17:00:00-00:00,2023-07-04T18:00:00-00:00,2023-07-04,11,0,Hourly,SR,AS_SP26_EXP,DAM,SP_CLR_PRC,0,10
2023-07-04T18:00:00-00:00,2023-07-04T19:00:00-00:00,2023-07-04,12,0,Hourly,SR,AS_CAISO,DAM,SP_CLR_PRC,0,10
2023-07-04T21:00:00-00:00,2023-07-04T22:00:00-00:00,2023-07-04,15,0,Hourly,SR,AS_NP26,DAM,SP_CLR_PRC,0,10
2023-07-04T22:00:00-00:00,2023-07-04T23:00:00-00:00,2023-07-04,16,0,Hourly,SR,AS_CAISO_EXP,DAM,SP_CLR_PRC,0.16,10
2023-07-04T22:00:00-00:00,2023-07-04T23:00:00-00:00,2023-07-04,16,0,Hourly,SR,AS_NP26_EXP,DAM,SP_CLR_PRC,0.58,10
2023-07-04T23:00:00-00:00,2023-07-05T00:00:00-00:00,2023-07-04,17,0,Hourly,SR,AS_CAISO,DAM,SP_CLR_PRC,0,10
2023-07-04T23:00:00-00:00,2023-07-05T00:00:00-00:00,2023-07-04,17,0,Hourly,SR,AS_NP26,DAM,SP_CLR_PRC,0,10
2023-07-04T07:00:00-00:00,2023-07-04T08:00:00-00:00,2023-07-04,1,0,Hourly,SR,AS_CAISO_EXP,DAM,SP_CLR_PRC,0.16,10
2023-07-04T08:00:00-00:00,2023-07-04T09:00:00-00:00,2023-07-04,2,0,Hourly,SR,AS_NP26,DAM,SP_CLR_PRC,0,10
2023-07-04T09:00:00-00:00,2023-07-04T10:00:00-00:00,2023-07-04,3,0,Hourly,SR,AS_CAISO,DAM,SP_CLR_PRC,0,10
2023-07-04T09:00:00-00:00,2023-07-04T10:00:00-00:00,2023-07-04,3,0,Hourly,SR,AS_SP26_EXP,DAM,SP_CLR_PRC,0,10
2023-07-04T11:00:00-00:00,2023-07-04T12:00:00-00:00,2023-07-04,5,0,Hourly,SR,AS_CAISO,DAM,SP_CLR_PRC,0,10
2023-07-04T14:00:00-00:00,2023-07-04T15:00:00-00:00,2023-07-04,8,0,Hourly,SR,AS_SP26,DAM,SP_CLR_PRC,0,10
2023-07-04T16:00:00-00:00,2023-07-04T17:00:00-00:00,2023-07-04,10,0,Hourly,SR,AS_CAISO,DAM,SP_CLR_PRC,0,10
2023-07-04T20:00:00-00:00,2023-07-04T21:00:00-00:00,2023-07-04,14,0,Hourly,SR,AS_SP26_EXP,DAM,SP_CLR_PRC,0,10
2023-07-04T21:00:00-00:00,2023-07-04T22:00:00-00:00,2023-07-04,15,0,Hourly,SR,AS_SP26,DAM,SP_CLR_PRC,0,10
2023-07-04T22:00:00-00:00,2023-07-04T23:00:00-00:00,2023-07-04,16,0,Hourly,SR,AS_NP26,DAM,SP_CLR_PRC,0,10
2023-07-04T22:00:00-00:00,2023-07-04T23:00:00-00:00,2023-07-04,16,0,Hourly,SR,AS_SP26_EXP,DAM,SP_CLR_PRC,0,10
2023-07-05T00:00:00-00:00,2023-07-05T01:00:00-00:00,2023-07-04,18,0,Hourly,SR,AS_NP26,DAM,SP_CLR_PRC,0,10
2023-07-05T00:00:00-00:00,2023-07-05T01:00:00-00:00,2023-07-04,18,0,Hourly,SR,AS_SP26,DAM,SP_CLR_PRC,0,10
2023-07-05T01:00:00-00:00,2023-07-05T02:00:00-00:00,2023-07-04,19,0,Hourly,SR,AS_SP26_EXP,DAM,SP_CLR_PRC,0,10
2023-07-05T02:00:00-00:00,2023-07-05T03:00:00-00:00,2023-07-04,20,0,Hourly,SR,AS_NP26,DAM,SP_CLR_PRC,0,10
2023-07-05T02:00:00-00:00,2023-07-05T03:00:00-00:00,2023-07-04,20,0,Hourly,SR,AS_SP26_EXP,DAM,SP_CLR_PRC,0,10
2023-07-05T04:00:00-00:00,2023-07-05T05:00:00-00:00,2023-07-04,22,0,Hourly,SR,AS_CAISO,DAM,SP_CLR_PRC,0,10
2023-07-05T04:00:00-00:00,2023-07-05T05:00:00-00:00,2023-07-04,22,0,Hourly,SR,AS_NP26,DAM,SP_CLR_PRC,0,10
2023-07-05T05:00:00-00:00,2023-07-05T06:00:00-00:00,2023-07-04,23,0,Hourly,SR,AS_CAISO_EXP,DAM,SP_CLR_PRC,0.48798,10
2023-07-05T05:00:00-00:00,2023-07-05T06:00:00-00:00,2023-07-04,23,0,Hourly,SR,AS_SP26_EXP,DAM,SP_CLR_PRC,0,10
2023-07-04T10:00:00-00:00,2023-07-04T11:00:00-00:00,2023-07-04,4,0,Hourly,SR,AS_NP26_EXP,DAM,SP_CLR_PRC,0.29,10
2023-07-04T11:00:00-00:00,2023-07-04T12:00:00-00:00,2023-07-04,5,0,Hourly,SR,AS_CAISO_EXP,DAM,SP_CLR_PRC,0.81794,10
2023-07-04T11:00:00-00:00,2023-07-04T12:00:00-00:00,2023-07-04,5,0,Hourly,SR,AS_NP26,DAM,SP_CLR_PRC,0,10
2023-07-04T11:00:00-00:00,2023-07-04T12:00:00-00:00,2023-07-04,5,0,Hourly,SR,AS_NP26_EXP,DAM,SP_CLR_PRC,0.14,10
2023-07-04T12:00:00-00:00,2023-07-04T13:00:00-00:00,2023-07-04,6,0,Hourly,SR,AS_CAISO,DAM,SP_CLR_PRC,0,10
2023-07-04T14:00:00-00:00,2023-07-04T15:00:00-00:00,2023-07-04,8,0,Hourly,SR,AS_CAISO_EXP,DAM,SP_CLR_PRC,0.16,10
2023-07-04T15:00:00-00:00,2023-07-04T16:00:00-00:00,2023-07-04,9,0,Hourly,SR,AS_NP26,DAM,SP_CLR_PRC,0,10
2023-07-04T15:00:00-00:00,2023-07-04T16:00:00-00:00,2023-07-04,9,0,Hourly,SR,AS_SP26_EXP,DAM,SP_CLR_PRC,0,10
2023-07-04T18:00:00-00:00,2023-07-04T19:00:00-00:00,2023-07-04,12,0,Hourly,SR,AS_SP26,DAM,SP_CLR_PRC,0,10
2023-07-04T18:00:00-00:00,2023-07-04T19:00:00-00:00,2023-07-04,12,0,Hourly,SR,AS_SP26_EXP,DAM,SP_CLR_PRC,0,10
2023-07-04T21:00:00-00:00,2023-07-04T22:00:00-00:00,2023-07-04,15,0,Hourly,SR,AS_CAISO,DAM,SP_CLR_PRC,0,10
2023-07-04T23:00:00-00:00,2023-07-05T00:00:00-00:00,2023-07-04,17,0,Hourly,SR,AS_SP26_EXP,DAM,SP_CLR_PRC,0,10
2023-07-05T03:00:00-00:00,2023-07-05T04:00:00-00:00,2023-07-04,21,0,Hourly,SR,AS_NP26,DAM,SP_CLR_PRC,0,10
2023-07-05T05:00:00-00:00,2023-07-05T06:00:00-00:00,2023-07-04,23,0,Hourly,SR,AS_NP26_EXP,DAM,SP_CLR_PRC,2.99,10
2023-07-05T06:00:00-00:00,2023-07-05T07:00:00-00:00,2023-07-04,24,0,Hourly,SR,AS_CAISO_EXP,DAM,SP_CLR_PRC,0.16,10
2023-07-04T08:00:00-00:00,2023-07-04T09:00:00-00:00,2023-07-04,2,0,Hourly,SR,AS_NP26_EXP,DAM,SP_CLR_PRC,0.19,10
2023-07-04T09:00:00-00:00,2023-07-04T10:00:00-00:00,2023-07-04,3,0,Hourly,SR,AS_NP26_EXP,DAM,SP_CLR_PRC,0.19,10
2023-07-04T11:00:00-00:00,2023-07-04T12:00:00-00:00,2023-07-04,5,0,Hourly,SR,AS_SP26,DAM,SP_CLR_PRC,0,10
2023-07-04T12:00:00-00:00,2023-07-04T13:00:00-00:00,2023-07-04,6,0,Hourly,SR,AS_CAISO_EXP,DAM,SP_CLR_PRC,0.85,10
2023-07-04T12:00:00-00:00,2023-07-04T13:00:00-00:00,2023-07-04,6,0,Hourly,SR,AS_NP26_EXP,DAM,SP_CLR_PRC,1.20227,10
2023-07-04T13:00:00-00:00,2023-07-04T14:00:00-00:00,2023-07-04,7,0,Hourly,SR,AS_CAISO_EXP,DAM,SP_CLR_PRC,0.16,10
2023-07-04T13:00:00-00:00,2023-07-04T14:00:00-00:00,2023-07-04,7,0,Hourly,SR,AS_NP26_EXP,DAM,SP_CLR_PRC,0.14,10
2023-07-04T13:00:00-00:00,2023-07-04T14:00:00-00:00,2023-07-04,7,0,Hourly,SR,AS_SP26,DAM,SP_CLR_PRC,0,10
2023-07-04T18:00:00-00:00,2023-07-04T19:00:00-00:00,2023-07-04,12,0,Hourly,SR,AS_NP26,DAM,SP_CLR_PRC,0,10
2023-07-04T21:00:00-00:00,2023-07-04T22:00:00-00:00,2023-07-04,15,0,Hourly,SR,AS_SP26_EXP,DAM,SP_CLR_PRC,0,10
2023-07-04T22:00:00-00:00,2023-07-04T23:00:00-00:00,2023-07-04,16,0,Hourly,SR,AS_CAISO,DAM,SP_CLR_PRC,0,10
2023-07-05T01:00:00-00:00,2023-07-05T02:00:00-00:00,2023-07-04,19,0,Hourly,SR,AS_NP26,DAM,SP_CLR_PRC,0,10
2023-07-05T01:00:00-00:00,2023-07-05T02:00:00-00:00,2023-07-04,19,0,Hourly,SR,AS_NP26_EXP,DAM,SP_CLR_PRC,2.55,10
2023-07-05T02:00:00-00:00,2023-07-05T03:00:00-00:00,2023-07-04,20,0,Hourly,SR,AS_CAISO_EXP,DAM,SP_CLR_PRC,4.14,10
2023-07-05T04:00:00-00:00,2023-07-05T05:00:00-00:00,2023-07-04,22,0,Hourly,SR,AS_SP26_EXP,DAM,SP_CLR_PRC,0,10
2023-07-05T11:00:00-00:00,2023-07-05T12:00:00-00:00,2023-07-05,5,0,Hourly,SR,AS_NP26,DAM,SP_CLR_PRC,0,11
2023-07-05T11:00:00-00:00,2023-07-05T12:00:00-00:00,2023-07-05,5,0,Hourly,SR,AS_NP26_EXP,DAM,SP_CLR_PRC,0.14,11
2023-07-05T15:00:00-00:00,2023-07-05T16:00:00-00:00,2023-07-05,9,0,Hourly,SR,AS_NP26_EXP,DAM,SP_CLR_PRC,0.14,11
2023-07-05T17:00:00-00:00,2023-07-05T18:00:00-00:00,2023-07-05,11,0,Hourly,SR,AS_NP26_EXP,DAM,SP_CLR_PRC,0.14,11
2023-07-05T17:00:00-00:00,2023-07-05T18:00:00-00:00,2023-07-05,11,0,Hourly,SR,AS_SP26,DAM,SP_CLR_PRC,0,11
2023-07-05T19:00:00-00:00,2023-07-05T20:00:00-00:00,2023-07-05,13,0,Hourly,SR,AS_NP26_EXP,DAM,SP_CLR_PRC,0.14,11
2023-07-05T19:00:00-00:00,2023-07-05T20:00:00-00:00,2023-07-05,13,0,Hourly,SR,AS_SP26,DAM,SP_CLR_PRC,0,11
2023-07-05T20:00:00-00:00,2023-07-05T21:00:00-00:00,2023-07-05,14,0,Hourly,SR,AS_CAISO_EXP,DAM,SP_CLR_PRC,0.36,11
2023-07-05T23:00:00-00:00,2023-07-06T00:00:00-00:00,2023-07-05,17,0,Hourly,SR,AS_NP26_EXP,DAM,SP_CLR_PRC,0.14,11
2023-07-06T02:00:00-00:00,2023-07-06T03:00:00-00:00,2023-07-05,20,0,Hourly,SR,AS_SP26,DAM,SP_CLR_PRC,0,11
2023-07-06T04:00:00-00:00,2023-07-06T05:00:00-00:00,2023-07-05,22,0,Hourly,SR,AS_CAISO,DAM,SP_CLR_PRC,0,11
2023-07-06T04:00:00-00:00,2023-07-06T05:00:00-00:00,2023-07-05,22,0,Hourly,SR,AS_SP26_EXP,DAM,SP_CLR_PRC,0,11
2023-07-06T05:00:00-00:00,2023-07-06T06:00:00-00:00,2023-07-05,23,0,Hourly,SR,AS_CAISO_EXP,DAM,SP_CLR_PRC,3.05186,11
2023-07-06T06:00:00-00:00,2023-07-06T07:00:00-00:00,2023-07-05,24,0,Hourly,SR,AS_NP26_EXP,DAM,SP_CLR_PRC,0.19,11
2023-07-06T06:00:00-00:00,2023-07-06T07:00:00-00:00,2023-07-05,24,0,Hourly,SR,AS_SP26_EXP,DAM,SP_CLR_PRC,0,11
2023-07-05T07:00:00-00:00,2023-07-05T08:00:00-00:00,2023-07-05,1,0,Hourly,SR,AS_NP26_EXP,DAM,SP_CLR_PRC,0.19,11
2023-07-06T06:00:00-00:00,2023-07-06T07:00:00-00:00,2023-07-05,24,0,Hourly,SR,AS_SP26,DAM,SP_CLR_PRC,0,11
2023-07-05T07:00:00-00:00,2023-07-05T08:00:00-00:00,2023-07-05,1,0,Hourly,SR,AS_SP26_EXP,DAM,SP_CLR_PRC,0,11
2023-07-05T09:00:00-00:00,2023-07-05T10:00:00-00:00,2023-07-05,3,0,Hourly,SR,AS_NP26,DAM,SP_CLR_PRC,0,11
2023-07-05T10:00:00-00:00,2023-07-05T11:00:00-00:00,2023-07-05,4,0,Hourly,SR,AS_CAISO,DAM,SP_CLR_PRC,0,11
2023-07-05T10:00:00-00:00,2023-07-05T11:00:00-00:00,2023-07-05,4,0,Hourly,SR,AS_SP26_EXP,DAM,SP_CLR_PRC,0,11
2023-07-05T12:00:00-00:00,2023-07-05T13:00:00-00:00,2023-07-05,6,0,Hourly,SR,AS_CAISO,DAM,SP_CLR_PRC,0,11
2023-07-05T12:00:00-00:00,2023-07-05T13:00:00-00:00,2023-07-05,6,0,Hourly,SR,AS_NP26_EXP,DAM,SP_CLR_PRC,0.14,11
2023-07-05T12:00:00-00:00,2023-07-05T13:00:00-00:00,2023-07-05,6,0,Hourly,SR,AS_SP26_EXP,DAM,SP_CLR_PRC,0,11
2023-07-05T13:00:00-00:00,2023-07-05T14:00:00-00:00,2023-07-05,7,0,Hourly,SR,AS_CAISO,DAM,SP_CLR_PRC,0,11
2023-07-05T14:00:00-00:00,2023-07-05T15:00:00-00:00,2023-07-05,8,0,Hourly,SR,AS_NP26,DAM,SP_CLR_PRC,0,11
2023-07-05T15:00:00-00:00,2023-07-05T16:00:00-00:00,2023-07-05,9,0,Hourly,SR,AS_CAISO,DAM,SP_CLR_PRC,0,11
2023-07-05T16:00:00-00:00,2023-07-05T17:00:00-00:00,2023-07-05,10,0,Hourly,SR,AS_SP26_EXP,DAM,SP_CLR_PRC,0,11
2023-07-05T17:00:00-00:00,2023-07-05T18:00:00-00:00,2023-07-05,11,0,Hourly,SR,AS_CAISO_EXP,DAM,SP_CLR_PRC,1.31793,11
2023-07-05T18:00:00-00:00,2023-07-05T19:00:00-00:00,2023-07-05,12,0,Hourly,SR,AS_NP26_EXP,DAM,SP_CLR_PRC,0.14,11
2023-07-05T20:00:00-00:00,2023-07-05T21:00:00-00:00,2023-07-05,14,0,Hourly,SR,AS_NP26_EXP,DAM,SP_CLR_PRC,0.14,11
2023-07-05T10:00:00-00:00,2023-07-05T11:00:00-00:00,2023-07-05,4,0,Hourly,SR,AS_NP26,DAM,SP_CLR_PRC,0,11
2023-07-05T10:00:00-00:00,2023-07-05T11:00:00-00:00,2023-07-05,4,0,Hourly,SR,AS_SP26,DAM,SP_CLR_PRC,0,11
2023-07-05T11:00:00-00:00,2023-07-05T12:00:00-00:00,2023-07-05,5,0,Hourly,SR,AS_SP26,DAM,SP_CLR_PRC,0,11
2023-07-05T16:00:00-00:00,2023-07-05T17:00:00-00:00,2023-07-05,10,0,Hourly,SR,AS_CAISO_EXP,DAM,SP_CLR_PRC,1,11
2023-07-05T16:00:00-00:00,2023-07-05T17:00:00-00:00,2023-07-05,10,0,Hourly,SR,AS_NP26,DAM,SP_CLR_PRC,0,11
2023-07-05T18:00:00-00:00,2023-07-05T19:00:00-00:00,2023-07-05,12,0,Hourly,SR,AS_CAISO_EXP,DAM,SP_CLR_PRC,1,11
2023-07-05T18:00:00-00:00,2023-07-05T19:00:00-00:00,2023-07-05,12,0,Hourly,SR,AS_NP26,DAM,SP_CLR_PRC,0,11
2023-07-05T22:00:00-00:00,2023-07-05T23:00:00-00:00,2023-07-05,16,0,Hourly,SR,AS_NP26_EXP,DAM,SP_CLR_PRC,0.14,11
2023-07-06T00:00:00-00:00,2023-07-06T01:00:00-00:00,2023-07-05,18,0,Hourly,SR,AS_CAISO_EXP,DAM,SP_CLR_PRC,3,11
2023-07-06T01:00:00-00:00,2023-07-06T02:00:00-00:00,2023-07-05,19,0,Hourly,SR,AS_CAISO,DAM,SP_CLR_PRC,0,11
2023-07-06T02:00:00-00:00,2023-07-06T03:00:00-00:00,2023-07-05,20,0,Hourly,SR,AS_CAISO,DAM,SP_CLR_PRC,0,11
2023-07-06T02:00:00-00:00,2023-07-06T03:00:00-00:00,2023-07-05,20,0,Hourly,SR,AS_SP26_EXP,DAM,SP_CLR_PRC,0,11
2023-07-06T03:00:00-00:00,2023-07-06T04:00:00-00:00,2023-07-05,21,0,Hourly,SR,AS_CAISO_EXP,DAM,SP_CLR_PRC,6.21,11
2023-07-06T05:00:00-00:00,2023-07-06T06:00:00-00:00,2023-07-05,23,0,Hourly,SR,AS_NP26,DAM,SP_CLR_PRC,0,11
2023-07-06T05:00:00-00:00,2023-07-06T06:00:00-00:00,2023-07-05,23,0,Hourly,SR,AS_SP26_EXP,DAM,SP_CLR_PRC,0,11
2023-07-06T05:00:00-00:00,2023-07-06T06:00:00-00:00,2023-07-05,23,0,Hourly,SR,AS_CAISO,DAM,SP_CLR_PRC,0,11
2023-07-06T06:00:00-00:00,2023-07-06T07:00:00-00:00,2023-07-05,24,0,Hourly,SR,AS_NP26,DAM,SP_CLR_PRC,0,11
2023-07-05T07:00:00-00:00,2023-07-05T08:00:00-00:00,2023-07-05,1,0,Hourly,SR,AS_CAISO,DAM,SP_CLR_PRC,0,11
2023-07-05T10:00:00-00:00,2023-07-05T11:00:00-00:00,2023-07-05,4,0,Hourly,SR,AS_CAISO_EXP,DAM,SP_CLR_PRC,0.16,11
2023-07-05T13:00:00-00:00,2023-07-05T14:00:00-00:00,2023-07-05,7,0,Hourly,SR,AS_CAISO_EXP,DAM,SP_CLR_PRC,3.5,11
2023-07-05T14:00:00-00:00,2023-07-05T15:00:00-00:00,2023-07-05,8,0,Hourly,SR,AS_CAISO_EXP,DAM,SP_CLR_PRC,0.16,11
2023-07-05T14:00:00-00:00,2023-07-05T15:00:00-00:00,2023-07-05,8,0,Hourly,SR,AS_NP26_EXP,DAM,SP_CLR_PRC,0.14,11
2023-07-05T16:00:00-00:00,2023-07-05T17:00:00-00:00,2023-07-05,10,0,Hourly,SR,AS_NP26_EXP,DAM,SP_CLR_PRC,0.14,11
2023-07-05T18:00:00-00:00,2023-07-05T19:00:00-00:00,2023-07-05,12,0,Hourly,SR,AS_SP26_EXP,DAM,SP_CLR_PRC,0,11
2023-07-05T19:00:00-00:00,2023-07-05T20:00:00-00:00,2023-07-05,13,0,Hourly,SR,AS_CAISO_EXP,DAM,SP_CLR_PRC,1.47,11
2023-07-05T20:00:00-00:00,2023-07-05T21:00:00-00:00,2023-07-05,14,0,Hourly,SR,AS_NP26,DAM,SP_CLR_PRC,0,11
2023-07-05T20:00:00-00:00,2023-07-05T21:00:00-00:00,2023-07-05,14,0,Hourly,SR,AS_SP26_EXP,DAM,SP_CLR_PRC,0,11
2023-07-05T21:00:00-00:00,2023-07-05T22:00:00-00:00,2023-07-05,15,0,Hourly,SR,AS_CAISO_EXP,DAM,SP_CLR_PRC,1.32,11
2023-07-05T22:00:00-00:00,2023-07-05T23:00:00-00:00,2023-07-05,16,0,Hourly,SR,AS_SP26,DAM,SP_CLR_PRC,0,11
2023-07-05T23:00:00-00:00,2023-07-06T00:00:00-00:00,2023-07-05,17,0,Hourly,SR,AS_SP26,DAM,SP_CLR_PRC,0,11
2023-07-06T01:00:00-00:00,2023-07-06T02:00:00-00:00,2023-07-05,19,0,Hourly,SR,AS_SP26,DAM,SP_CLR_PRC,0,11
2023-07-06T04:00:00-00:00,2023-07-06T05:00:00-00:00,2023-07-05,22,0,Hourly,SR,AS_SP26,DAM,SP_CLR_PRC,0,11
2023-07-05T17:00:00-00:00,2023-07-05T18:00:00-00:00,2023-07-05,11,0,Hourly,SR,AS_CAISO,DAM,SP_CLR_PRC,0,11
2023-07-05T18:00:00-00:00,2023-07-05T19:00:00-00:00,2023-07-05,12,0,Hourly,SR,AS_CAISO,DAM,SP_CLR_PRC,0,11
2023-07-05T21:00:00-00:00,2023-07-05T22:00:00-00:00,2023-07-05,15,0,Hourly,SR,AS_SP26_EXP,DAM,SP_CLR_PRC,0,11
2023-07-05T22:00:00-00:00,2023-07-05T23:00:00-00:00,2023-07-05,16,0,Hourly,SR,AS_CAISO,DAM,SP_CLR_PRC,0,11
2023-07-05T22:00:00-00:00,2023-07-05T23:00:00-00:00,2023-07-05,16,0,Hourly,SR,AS_CAISO_EXP,DAM,SP_CLR_PRC,1,11
2023-07-05T23:00:00-00:00,2023-07-06T00:00:00-00:00,2023-07-05,17,0,Hourly,SR,AS_CAISO,DAM,SP_CLR_PRC,0,11
2023-07-06T01:00:00-00:00,2023-07-06T02:00:00-00:00,2023-07-05,19,0,Hourly,SR,AS_NP26_EXP,DAM,SP_CLR_PRC,0.84,11
2023-07-06T02:00:00-00:00,2023-07-06T03:00:00-00:00,2023-07-05,20,0,Hourly,SR,AS_NP26_EXP,DAM,SP_CLR_PRC,5.16838,11
2023-07-06T03:00:00-00:00,2023-07-06T04:00:00-00:00,2023-07-05,21,0,Hourly,SR,AS_SP26,DAM,SP_CLR_PRC,0,11
2023-07-06T04:00:00-00:00,2023-07-06T05:00:00-00:00,2023-07-05,22,0,Hourly,SR,AS_NP26,DAM,SP_CLR_PRC,0,11
2023-07-06T06:00:00-00:00,2023-07-06T07:00:00-00:00,2023-07-05,24,0,Hourly,SR,AS_CAISO_EXP,DAM,SP_CLR_PRC,3.20012,11
2023-07-05T07:00:00-00:00,2023-07-05T08:00:00-00:00,2023-07-05,1,0,Hourly,SR,AS_NP26,DAM,SP_CLR_PRC,0,11
2023-07-05T11:00:00-00:00,2023-07-05T12:00:00-00:00,2023-07-05,5,0,Hourly,SR,AS_SP26_EXP,DAM,SP_CLR_PRC,0,11
2023-07-05T13:00:00-00:00,2023-07-05T14:00:00-00:00,2023-07-05,7,0,Hourly,SR,AS_SP26_EXP,DAM,SP_CLR_PRC,0,11
2023-07-05T14:00:00-00:00,2023-07-05T15:00:00-00:00,2023-07-05,8,0,Hourly,SR,AS_SP26,DAM,SP_CLR_PRC,0,11
2023-07-05T07:00:00-00:00,2023-07-05T08:00:00-00:00,2023-07-05,1,0,Hourly,SR,AS_SP26,DAM,SP_CLR_PRC,0,11
2023-07-05T09:00:00-00:00,2023-07-05T10:00:00-00:00,2023-07-05,3,0,Hourly,SR,AS_CAISO_EXP,DAM,SP_CLR_PRC,0.16,11
2023-07-05T08:00:00-00:00,2023-07-05T09:00:00-00:00,2023-07-05,2,0,Hourly,SR,AS_SP26_EXP,DAM,SP_CLR_PRC,0,11
2023-07-05T09:00:00-00:00,2023-07-05T10:00:00-00:00,2023-07-05,3,0,Hourly,SR,AS_NP26_EXP,DAM,SP_CLR_PRC,0.14,11
2023-07-05T10:00:00-00:00,2023-07-05T11:00:00-00:00,2023-07-05,4,0,Hourly,SR,AS_NP26_EXP,DAM,SP_CLR_PRC,0.14,11
2023-07-05T12:00:00-00:00,2023-07-05T13:00:00-00:00,2023-07-05,6,0,Hourly,SR,AS_SP26,DAM,SP_CLR_PRC,0,11
2023-07-05T14:00:00-00:00,2023-07-05T15:00:00-00:00,2023-07-05,8,0,Hourly,SR,AS_CAISO,DAM,SP_CLR_PRC,0,11
2023-07-05T15:00:00-00:00,2023-07-05T16:00:00-00:00,2023-07-05,9,0,Hourly,SR,AS_CAISO_EXP,DAM,SP_CLR_PRC,0.21,11
2023-07-05T15:00:00-00:00,2023-07-05T16:00:00-00:00,2023-07-05,9,0,Hourly,SR,AS_NP26,DAM,SP_CLR_PRC,0,11
2023-07-05T15:00:00-00:00,2023-07-05T16:00:00-00:00,2023-07-05,9,0,Hourly,SR,AS_SP26,DAM,SP_CLR_PRC,0,11
2023-07-05T15:00:00-00:00,2023-07-05T16:00:00-00:00,2023-07-05,9,0,Hourly,SR,AS_SP26_EXP,DAM,SP_CLR_PRC,0,11
2023-07-05T19:00:00-00:00,2023-07-05T20:00:00-00:00,2023-07-05,13,0,Hourly,SR,AS_CAISO,DAM,SP_CLR_PRC,0,11
2023-07-05T19:00:00-00:00,2023-07-05T20:00:00-00:00,2023-07-05,13,0,Hourly,SR,AS_SP26_EXP,DAM,SP_CLR_PRC,0,11
2023-07-05T21:00:00-00:00,2023-07-05T22:00:00-00:00,2023-07-05,15,0,Hourly,SR,AS_NP26_EXP,DAM,SP_CLR_PRC,0.14,11
2023-07-05T23:00:00-00:00,2023-07-06T00:00:00-00:00,2023-07-05,17,0,Hourly,SR,AS_NP26,DAM,SP_CLR_PRC,0,11
2023-07-06T00:00:00-00:00,2023-07-06T01:00:00-00:00,2023-07-05,18,0,Hourly,SR,AS_NP26,DAM,SP_CLR_PRC,0,11
2023-07-06T00:00:00-00:00,2023-07-06T01:00:00-00:00,2023-07-05,18,0,Hourly,SR,AS_SP26,DAM,SP_CLR_PRC,0,11
2023-07-06T01:00:00-00:00,2023-07-06T02:00:00-00:00,2023-07-05,19,0,Hourly,SR,AS_NP26,DAM,SP_CLR_PRC,0,11
2023-07-06T03:00:00-00:00,2023-07-06T04:00:00-00:00,2023-07-05,21,0,Hourly,SR,AS_CAISO,DAM,SP_CLR_PRC,0,11
2023-07-06T04:00:00-00:00,2023-07-06T05:00:00-00:00,2023-07-05,22,0,Hourly,SR,AS_NP26_EXP,DAM,SP_CLR_PRC,0.84,11
2023-07-05T08:00:00-00:00,2023-07-05T09:00:00-00:00,2023-07-05,2,0,Hourly,SR,AS_CAISO_EXP,DAM,SP_CLR_PRC,0.67126,11
2023-07-05T08:00:00-00:00,2023-07-05T09:00:00-00:00,2023-07-05,2,0,Hourly,SR,AS_NP26_EXP,DAM,SP_CLR_PRC,0.14,11
2023-07-05T07:00:00-00:00,2023-07-05T08:00:00-00:00,2023-07-05,1,0,Hourly,SR,AS_CAISO_EXP,DAM,SP_CLR_PRC,1.71,11
2023-07-05T08:00:00-00:00,2023-07-05T09:00:00-00:00,2023-07-05,2,0,Hourly,SR,AS_CAISO,DAM,SP_CLR_PRC,0,11
2023-07-05T08:00:00-00:00,2023-07-05T09:00:00-00:00,2023-07-05,2,0,Hourly,SR,AS_SP26,DAM,SP_CLR_PRC,0,11
2023-07-05T09:00:00-00:00,2023-07-05T10:00:00-00:00,2023-07-05,3,0,Hourly,SR,AS_SP26,DAM,SP_CLR_PRC,0,11
2023-07-05T13:00:00-00:00,2023-07-05T14:00:00-00:00,2023-07-05,7,0,Hourly,SR,AS_NP26,DAM,SP_CLR_PRC,0,11
2023-07-05T13:00:00-00:00,2023-07-05T14:00:00-00:00,2023-07-05,7,0,Hourly,SR,AS_NP26_EXP,DAM,SP_CLR_PRC,0.14,11
2023-07-05T13:00:00-00:00,2023-07-05T14:00:00-00:00,2023-07-05,7,0,Hourly,SR,AS_SP26,DAM,SP_CLR_PRC,0,11
2023-07-05T17:00:00-00:00,2023-07-05T18:00:00-00:00,2023-07-05,11,0,Hourly,SR,AS_NP26,DAM,SP_CLR_PRC,0,11
2023-07-05T19:00:00-00:00,2023-07-05T20:00:00-00:00,2023-07-05,13,0,Hourly,SR,AS_NP26,DAM,SP_CLR_PRC,0,11
2023-07-05T23:00:00-00:00,2023-07-06T00:00:00-00:00,2023-07-05,17,0,Hourly,SR,AS_CAISO_EXP,DAM,SP_CLR_PRC,1,11
2023-07-05T23:00:00-00:00,2023-07-06T00:00:00-00:00,2023-07-05,17,0,Hourly,SR,AS_SP26_EXP,DAM,SP_CLR_PRC,0,11
2023-07-06T00:00:00-00:00,2023-07-06T01:00:00-00:00,2023-07-05,18,0,Hourly,SR,AS_SP26_EXP,DAM,SP_CLR_PRC,0,11
2023-07-06T02:00:00-00:00,2023-07-06T03:00:00-00:00,2023-07-05,20,0,Hourly,SR,AS_CAISO_EXP,DAM,SP_CLR_PRC,6.69,11
2023-07-06T04:00:00-00:00,2023-07-06T05:00:00-00:00,2023-07-05,22,0,Hourly,SR,AS_CAISO_EXP,DAM,SP_CLR_PRC,4.94172,11
2023-07-05T09:00:00-00:00,2023-07-05T10:00:00-00:00,2023-07-05,3,0,Hourly,SR,AS_SP26_EXP,DAM,SP_CLR_PRC,0,11
2023-07-05T11:00:00-00:00,2023-07-05T12:00:00-00:00,2023-07-05,5,0,Hourly,SR,AS_CAISO,DAM,SP_CLR_PRC,0,11
2023-07-05T11:00:00-00:00,2023-07-05T12:00:00-00:00,2023-07-05,5,0,Hourly,SR,AS_CAISO_EXP,DAM,SP_CLR_PRC,0.16,11
2023-07-05T12:00:00-00:00,2023-07-05T13:00:00-00:00,2023-07-05,6,0,Hourly,SR,AS_CAISO_EXP,DAM,SP_CLR_PRC,1.71,11
2023-07-05T12:00:00-00:00,2023-07-05T13:00:00-00:00,2023-07-05,6,0,Hourly,SR,AS_NP26,DAM,SP_CLR_PRC,0,11
2023-07-05T14:00:00-00:00,2023-07-05T15:00:00-00:00,2023-07-05,8,0,Hourly,SR,AS_SP26_EXP,DAM,SP_CLR_PRC,0,11
2023-07-05T16:00:00-00:00,2023-07-05T17:00:00-00:00,2023-07-05,10,0,Hourly,SR,AS_CAISO,DAM,SP_CLR_PRC,0,11
2023-07-05T16:00:00-00:00,2023-07-05T17:00:00-00:00,2023-07-05,10,0,Hourly,SR,AS_SP26,DAM,SP_CLR_PRC,0,11
2023-07-05T17:00:00-00:00,2023-07-05T18:00:00-00:00,2023-07-05,11,0,Hourly,SR,AS_SP26_EXP,DAM,SP_CLR_PRC,0,11
2023-07-05T18:00:00-00:00,2023-07-05T19:00:00-00:00,2023-07-05,12,0,Hourly,SR,AS_SP26,DAM,SP_CLR_PRC,0,11
2023-07-05T20:00:00-00:00,2023-07-05T21:00:00-00:00,2023-07-05,14,0,Hourly,SR,AS_CAISO,DAM,SP_CLR_PRC,0,11
2023-07-05T21:00:00-00:00,2023-07-05T22:00:00-00:00,2023-07-05,15,0,Hourly,SR,AS_NP26,DAM,SP_CLR_PRC,0,11
2023-07-05T21:00:00-00:00,2023-07-05T22:00:00-00:00,2023-07-05,15,0,Hourly,SR,AS_SP26,DAM,SP_CLR_PRC,0,11
2023-07-05T22:00:00-00:00,2023-07-05T23:00:00-00:00,2023-07-05,16,0,Hourly,SR,AS_NP26,DAM,SP_CLR_PRC,0,11
2023-07-05T22:00:00-00:00,2023-07-05T23:00:00-00:00,2023-07-05,16,0,Hourly,SR,AS_SP26_EXP,DAM,SP_CLR_PRC,0,11
2023-07-06T00:00:00-00:00,2023-07-06T01:00:00-00:00,2023-07-05,18,0,Hourly,SR,AS_NP26_EXP,DAM,SP_CLR_PRC,0.19,11
2023-07-06T01:00:00-00:00,2023-07-06T02:00:00-00:00,2023-07-05,19,0,Hourly,SR,AS_CAISO_EXP,DAM,SP_CLR_PRC,0.16,11
2023-07-06T02:00:00-00:00,2023-07-06T03:00:00-00:00,2023-07-05,20,0,Hourly,SR,AS_NP26,DAM,SP_CLR_PRC,0,11
2023-07-06T03:00:00-00:00,2023-07-06T04:00:00-00:00,2023-07-05,21,0,Hourly,SR,AS_SP26_EXP,DAM,SP_CLR_PRC,1.29,11
2023-07-06T05:00:00-00:00,2023-07-06T06:00:00-00:00,2023-07-05,23,0,Hourly,SR,AS_NP26_EXP,DAM,SP_CLR_PRC,0,11
2023-07-06T05:00:00-00:00,2023-07-06T06:00:00-00:00,2023-07-05,23,0,Hourly,SR,AS_SP26,DAM,SP_CLR_PRC,0,11
2023-07-05T08:00:00-00:00,2023-07-05T09:00:00-00:00,2023-07-05,2,0,Hourly,SR,AS_NP26,DAM,SP_CLR_PRC,0,11
2023-07-05T09:00:00-00:00,2023-07-05T10:00:00-00:00,2023-07-05,3,0,Hourly,SR,AS_CAISO,DAM,SP_CLR_PRC,0,11
2023-07-05T20:00:00-00:00,2023-07-05T21:00:00-00:00,2023-07-05,14,0,Hourly,SR,AS_SP26,DAM,SP_CLR_PRC,0,11
2023-07-05T21:00:00-00:00,2023-07-05T22:00:00-00:00,2023-07-05,15,0,Hourly,SR,AS_CAISO,DAM,SP_CLR_PRC,0,11
2023-07-06T00:00:00-00:00,2023-07-06T01:00:00-00:00,2023-07-05,18,0,Hourly,SR,AS_CAISO,DAM,SP_CLR_PRC,0,11
2023-07-06T01:00:00-00:00,2023-07-06T02:00:00-00:00,2023-07-05,19,0,Hourly,SR,AS_SP26_EXP,DAM,SP_CLR_PRC,0,11
2023-07-06T03:00:00-00:00,2023-07-06T04:00:00-00:00,2023-07-05,21,0,Hourly,SR,AS_NP26,DAM,SP_CLR_PRC,0,11
2023-07-06T03:00:00-00:00,2023-07-06T04:00:00-00:00,2023-07-05,21,0,Hourly,SR,AS_NP26_EXP,DAM,SP_CLR_PRC,4,11
2023-07-06T06:00:00-00:00,2023-07-06T07:00:00-00:00,2023-07-05,24,0,Hourly,SR,AS_CAISO,DAM,SP_CLR_PRC,0,11
2023-07-06T19:00:00-00:00,2023-07-06T20:00:00-00:00,2023-07-06,13,0,Hourly,SR,AS_SP26_EXP,DAM,SP_CLR_PRC,0,12
2023-07-06T20:00:00-00:00,2023-07-06T21:00:00-00:00,2023-07-06,14,0,Hourly,SR,AS_SP26_EXP,DAM,SP_CLR_PRC,0.25,12
2023-07-06T21:00:00-00:00,2023-07-06T22:00:00-00:00,2023-07-06,15,0,Hourly,SR,AS_SP26_EXP,DAM,SP_CLR_PRC,0,12
2023-07-07T00:00:00-00:00,2023-07-07T01:00:00-00:00,2023-07-06,18,0,Hourly,SR,AS_SP26,DAM,SP_CLR_PRC,0,12
2023-07-07T04:00:00-00:00,2023-07-07T05:00:00-00:00,2023-07-06,22,0,Hourly,SR,AS_NP26_EXP,DAM,SP_CLR_PRC,0,12
2023-07-07T04:00:00-00:00,2023-07-07T05:00:00-00:00,2023-07-06,22,0,Hourly,SR,AS_SP26,DAM,SP_CLR_PRC,0,12
2023-07-07T04:00:00-00:00,2023-07-07T05:00:00-00:00,2023-07-06,22,0,Hourly,SR,AS_SP26_EXP,DAM,SP_CLR_PRC,1,12
2023-07-06T14:00:00-00:00,2023-07-06T15:00:00-00:00,2023-07-06,8,0,Hourly,SR,AS_CAISO,DAM,SP_CLR_PRC,0,12
2023-07-06T14:00:00-00:00,2023-07-06T15:00:00-00:00,2023-07-06,8,0,Hourly,SR,AS_SP26_EXP,DAM,SP_CLR_PRC,0,12
2023-07-06T20:00:00-00:00,2023-07-06T21:00:00-00:00,2023-07-06,14,0,Hourly,SR,AS_CAISO,DAM,SP_CLR_PRC,0,12
2023-07-06T23:00:00-00:00,2023-07-07T00:00:00-00:00,2023-07-06,17,0,Hourly,SR,AS_SP26_EXP,DAM,SP_CLR_PRC,0,12
2023-07-07T00:00:00-00:00,2023-07-07T01:00:00-00:00,2023-07-06,18,0,Hourly,SR,AS_CAISO_EXP,DAM,SP_CLR_PRC,0.36,12
2023-07-07T01:00:00-00:00,2023-07-07T02:00:00-00:00,2023-07-06,19,0,Hourly,SR,AS_SP26,DAM,SP_CLR_PRC,0,12
2023-07-07T01:00:00-00:00,2023-07-07T02:00:00-00:00,2023-07-06,19,0,Hourly,SR,AS_SP26_EXP,DAM,SP_CLR_PRC,0,12
2023-07-07T02:00:00-00:00,2023-07-07T03:00:00-00:00,2023-07-06,20,0,Hourly,SR,AS_SP26_EXP,DAM,SP_CLR_PRC,0,12
2023-07-07T03:00:00-00:00,2023-07-07T04:00:00-00:00,2023-07-06,21,0,Hourly,SR,AS_SP26_EXP,DAM,SP_CLR_PRC,1,12
2023-07-06T19:00:00-00:00,2023-07-06T20:00:00-00:00,2023-07-06,13,0,Hourly,SR,AS_CAISO,DAM,SP_CLR_PRC,0,12
2023-07-06T21:00:00-00:00,2023-07-06T22:00:00-00:00,2023-07-06,15,0,Hourly,SR,AS_CAISO_EXP,DAM,SP_CLR_PRC,0.5,12
2023-07-06T21:00:00-00:00,2023-07-06T22:00:00-00:00,2023-07-06,15,0,Hourly,SR,AS_NP26_EXP,DAM,SP_CLR_PRC,0,12
2023-07-07T00:00:00-00:00,2023-07-07T01:00:00-00:00,2023-07-06,18,0,Hourly,SR,AS_SP26_EXP,DAM,SP_CLR_PRC,0,12
2023-07-07T01:00:00-00:00,2023-07-07T02:00:00-00:00,2023-07-06,19,0,Hourly,SR,AS_CAISO_EXP,DAM,SP_CLR_PRC,1,12
2023-07-07T03:00:00-00:00,2023-07-07T04:00:00-00:00,2023-07-06,21,0,Hourly,SR,AS_CAISO,DAM,SP_CLR_PRC,0,12
2023-07-07T03:00:00-00:00,2023-07-07T04:00:00-00:00,2023-07-06,21,0,Hourly,SR,AS_NP26,DAM,SP_CLR_PRC,0,12
2023-07-07T06:00:00-00:00,2023-07-07T07:00:00-00:00,2023-07-06,24,0,Hourly,SR,AS_NP26,DAM,SP_CLR_PRC,0,12
2023-07-07T06:00:00-00:00,2023-07-07T07:00:00-00:00,2023-07-06,24,0,Hourly,SR,AS_SP26_EXP,DAM,SP_CLR_PRC,0.38,12
2023-07-06T14:00:00-00:00,2023-07-06T15:00:00-00:00,2023-07-06,8,0,Hourly,SR,AS_NP26_EXP,DAM,SP_CLR_PRC,0.535,12
2023-07-06T15:00:00-00:00,2023-07-06T16:00:00-00:00,2023-07-06,9,0,Hourly,SR,AS_CAISO,DAM,SP_CLR_PRC,0,12
2023-07-06T15:00:00-00:00,2023-07-06T16:00:00-00:00,2023-07-06,9,0,Hourly,SR,AS_SP26,DAM,SP_CLR_PRC,0,12
2023-07-06T16:00:00-00:00,2023-07-06T17:00:00-00:00,2023-07-06,10,0,Hourly,SR,AS_SP26_EXP,DAM,SP_CLR_PRC,0,12
2023-07-06T17:00:00-00:00,2023-07-06T18:00:00-00:00,2023-07-06,11,0,Hourly,SR,AS_SP26,DAM,SP_CLR_PRC,0,12
2023-07-06T19:00:00-00:00,2023-07-06T20:00:00-00:00,2023-07-06,13,0,Hourly,SR,AS_NP26,DAM,SP_CLR_PRC,0,12
2023-07-06T21:00:00-00:00,2023-07-06T22:00:00-00:00,2023-07-06,15,0,Hourly,SR,AS_SP26,DAM,SP_CLR_PRC,0,12
2023-07-06T22:00:00-00:00,2023-07-06T23:00:00-00:00,2023-07-06,16,0,Hourly,SR,AS_NP26_EXP,DAM,SP_CLR_PRC,0,12
2023-07-06T23:00:00-00:00,2023-07-07T00:00:00-00:00,2023-07-06,17,0,Hourly,SR,AS_CAISO,DAM,SP_CLR_PRC,0,12
2023-07-06T23:00:00-00:00,2023-07-07T00:00:00-00:00,2023-07-06,17,0,Hourly,SR,AS_NP26,DAM,SP_CLR_PRC,0,12
2023-07-07T00:00:00-00:00,2023-07-07T01:00:00-00:00,2023-07-06,18,0,Hourly,SR,AS_CAISO,DAM,SP_CLR_PRC,0,12
2023-07-07T00:00:00-00:00,2023-07-07T01:00:00-00:00,2023-07-06,18,0,Hourly,SR,AS_NP26_EXP,DAM,SP_CLR_PRC,0.14,12
2023-07-07T02:00:00-00:00,2023-07-07T03:00:00-00:00,2023-07-06,20,0,Hourly,SR,AS_CAISO,DAM,SP_CLR_PRC,0,12
2023-07-07T02:00:00-00:00,2023-07-07T03:00:00-00:00,2023-07-06,20,0,Hourly,SR,AS_SP26,DAM,SP_CLR_PRC,0,12
2023-07-07T03:00:00-00:00,2023-07-07T04:00:00-00:00,2023-07-06,21,0,Hourly,SR,AS_NP26_EXP,DAM,SP_CLR_PRC,0,12
2023-07-07T04:00:00-00:00,2023-07-07T05:00:00-00:00,2023-07-06,22,0,Hourly,SR,AS_CAISO_EXP,DAM,SP_CLR_PRC,1.83274,12
2023-07-07T05:00:00-00:00,2023-07-07T06:00:00-00:00,2023-07-06,23,0,Hourly,SR,AS_SP26,DAM,SP_CLR_PRC,0,12
2023-07-07T06:00:00-00:00,2023-07-07T07:00:00-00:00,2023-07-06,24,0,Hourly,SR,AS_CAISO_EXP,DAM,SP_CLR_PRC,0.31,12
2023-07-07T06:00:00-00:00,2023-07-07T07:00:00-00:00,2023-07-06,24,0,Hourly,SR,AS_NP26_EXP,DAM,SP_CLR_PRC,0.19,12
2023-07-06T07:00:00-00:00,2023-07-06T08:00:00-00:00,2023-07-06,1,0,Hourly,SR,AS_NP26_EXP,DAM,SP_CLR_PRC,0.34,12
2023-07-06T07:00:00-00:00,2023-07-06T08:00:00-00:00,2023-07-06,1,0,Hourly,SR,AS_CAISO,DAM,SP_CLR_PRC,0,12
2023-07-06T08:00:00-00:00,2023-07-06T09:00:00-00:00,2023-07-06,2,0,Hourly,SR,AS_CAISO_EXP,DAM,SP_CLR_PRC,0.16,12
2023-07-06T08:00:00-00:00,2023-07-06T09:00:00-00:00,2023-07-06,2,0,Hourly,SR,AS_SP26,DAM,SP_CLR_PRC,0,12
2023-07-06T10:00:00-00:00,2023-07-06T11:00:00-00:00,2023-07-06,4,0,Hourly,SR,AS_NP26,DAM,SP_CLR_PRC,0,12
2023-07-06T10:00:00-00:00,2023-07-06T11:00:00-00:00,2023-07-06,4,0,Hourly,SR,AS_SP26_EXP,DAM,SP_CLR_PRC,0,12
2023-07-06T11:00:00-00:00,2023-07-06T12:00:00-00:00,2023-07-06,5,0,Hourly,SR,AS_CAISO_EXP,DAM,SP_CLR_PRC,0.16,12
2023-07-06T07:00:00-00:00,2023-07-06T08:00:00-00:00,2023-07-06,1,0,Hourly,SR,AS_NP26,DAM,SP_CLR_PRC,0,12
2023-07-06T07:00:00-00:00,2023-07-06T08:00:00-00:00,2023-07-06,1,0,Hourly,SR,AS_SP26_EXP,DAM,SP_CLR_PRC,0,12
2023-07-06T08:00:00-00:00,2023-07-06T09:00:00-00:00,2023-07-06,2,0,Hourly,SR,AS_NP26,DAM,SP_CLR_PRC,0,12
2023-07-06T08:00:00-00:00,2023-07-06T09:00:00-00:00,2023-07-06,2,0,Hourly,SR,AS_NP26_EXP,DAM,SP_CLR_PRC,0.14,12
2023-07-06T09:00:00-00:00,2023-07-06T10:00:00-00:00,2023-07-06,3,0,Hourly,SR,AS_SP26_EXP,DAM,SP_CLR_PRC,0,12
2023-07-06T10:00:00-00:00,2023-07-06T11:00:00-00:00,2023-07-06,4,0,Hourly,SR,AS_CAISO,DAM,SP_CLR_PRC,0,12
2023-07-06T11:00:00-00:00,2023-07-06T12:00:00-00:00,2023-07-06,5,0,Hourly,SR,AS_CAISO,DAM,SP_CLR_PRC,0,12
2023-07-06T11:00:00-00:00,2023-07-06T12:00:00-00:00,2023-07-06,5,0,Hourly,SR,AS_NP26_EXP,DAM,SP_CLR_PRC,0.29,12
2023-07-06T15:00:00-00:00,2023-07-06T16:00:00-00:00,2023-07-06,9,0,Hourly,SR,AS_NP26_EXP,DAM,SP_CLR_PRC,0.14,12
2023-07-06T16:00:00-00:00,2023-07-06T17:00:00-00:00,2023-07-06,10,0,Hourly,SR,AS_CAISO,DAM,SP_CLR_PRC,0,12
2023-07-06T21:00:00-00:00,2023-07-06T22:00:00-00:00,2023-07-06,15,0,Hourly,SR,AS_CAISO,DAM,SP_CLR_PRC,0,12
2023-07-06T21:00:00-00:00,2023-07-06T22:00:00-00:00,2023-07-06,15,0,Hourly,SR,AS_NP26,DAM,SP_CLR_PRC,0,12
2023-07-06T22:00:00-00:00,2023-07-06T23:00:00-00:00,2023-07-06,16,0,Hourly,SR,AS_SP26_EXP,DAM,SP_CLR_PRC,0,12
2023-07-06T23:00:00-00:00,2023-07-07T00:00:00-00:00,2023-07-06,17,0,Hourly,SR,AS_NP26_EXP,DAM,SP_CLR_PRC,0.14,12
2023-07-06T23:00:00-00:00,2023-07-07T00:00:00-00:00,2023-07-06,17,0,Hourly,SR,AS_SP26,DAM,SP_CLR_PRC,0,12
2023-07-07T01:00:00-00:00,2023-07-07T02:00:00-00:00,2023-07-06,19,0,Hourly,SR,AS_NP26_EXP,DAM,SP_CLR_PRC,0.14,12
2023-07-07T05:00:00-00:00,2023-07-07T06:00:00-00:00,2023-07-06,23,0,Hourly,SR,AS_SP26_EXP,DAM,SP_CLR_PRC,0,12
2023-07-07T06:00:00-00:00,2023-07-07T07:00:00-00:00,2023-07-06,24,0,Hourly,SR,AS_SP26,DAM,SP_CLR_PRC,0,12
2023-07-06T09:00:00-00:00,2023-07-06T10:00:00-00:00,2023-07-06,3,0,Hourly,SR,AS_NP26,DAM,SP_CLR_PRC,0,12
2023-07-06T11:00:00-00:00,2023-07-06T12:00:00-00:00,2023-07-06,5,0,Hourly,SR,AS_SP26,DAM,SP_CLR_PRC,0,12
2023-07-06T12:00:00-00:00,2023-07-06T13:00:00-00:00,2023-07-06,6,0,Hourly,SR,AS_NP26_EXP,DAM,SP_CLR_PRC,0.14,12
2023-07-06T13:00:00-00:00,2023-07-06T14:00:00-00:00,2023-07-06,7,0,Hourly,SR,AS_NP26,DAM,SP_CLR_PRC,0,12
2023-07-06T14:00:00-00:00,2023-07-06T15:00:00-00:00,2023-07-06,8,0,Hourly,SR,AS_NP26,DAM,SP_CLR_PRC,0,12
2023-07-06T16:00:00-00:00,2023-07-06T17:00:00-00:00,2023-07-06,10,0,Hourly,SR,AS_CAISO_EXP,DAM,SP_CLR_PRC,0.31,12
2023-07-06T16:00:00-00:00,2023-07-06T17:00:00-00:00,2023-07-06,10,0,Hourly,SR,AS_NP26_EXP,DAM,SP_CLR_PRC,0.19,12
2023-07-06T16:00:00-00:00,2023-07-06T17:00:00-00:00,2023-07-06,10,0,Hourly,SR,AS_SP26,DAM,SP_CLR_PRC,0,12
2023-07-06T18:00:00-00:00,2023-07-06T19:00:00-00:00,2023-07-06,12,0,Hourly,SR,AS_SP26_EXP,DAM,SP_CLR_PRC,0,12
2023-07-06T19:00:00-00:00,2023-07-06T20:00:00-00:00,2023-07-06,13,0,Hourly,SR,AS_NP26_EXP,DAM,SP_CLR_PRC,0,12
2023-07-06T19:00:00-00:00,2023-07-06T20:00:00-00:00,2023-07-06,13,0,Hourly,SR,AS_SP26,DAM,SP_CLR_PRC,0,12
2023-07-06T09:00:00-00:00,2023-07-06T10:00:00-00:00,2023-07-06,3,0,Hourly,SR,AS_CAISO_EXP,DAM,SP_CLR_PRC,0.16,12
2023-07-06T09:00:00-00:00,2023-07-06T10:00:00-00:00,2023-07-06,3,0,Hourly,SR,AS_NP26_EXP,DAM,SP_CLR_PRC,0.14,12
2023-07-06T11:00:00-00:00,2023-07-06T12:00:00-00:00,2023-07-06,5,0,Hourly,SR,AS_NP26,DAM,SP_CLR_PRC,0,12
2023-07-06T12:00:00-00:00,2023-07-06T13:00:00-00:00,2023-07-06,6,0,Hourly,SR,AS_SP26,DAM,SP_CLR_PRC,0,12
2023-07-06T12:00:00-00:00,2023-07-06T13:00:00-00:00,2023-07-06,6,0,Hourly,SR,AS_SP26_EXP,DAM,SP_CLR_PRC,0,12
2023-07-06T13:00:00-00:00,2023-07-06T14:00:00-00:00,2023-07-06,7,0,Hourly,SR,AS_CAISO_EXP,DAM,SP_CLR_PRC,0.87,12
2023-07-06T18:00:00-00:00,2023-07-06T19:00:00-00:00,2023-07-06,12,0,Hourly,SR,AS_NP26,DAM,SP_CLR_PRC,0,12
2023-07-06T19:00:00-00:00,2023-07-06T20:00:00-00:00,2023-07-06,13,0,Hourly,SR,AS_CAISO_EXP,DAM,SP_CLR_PRC,1,12
2023-07-06T20:00:00-00:00,2023-07-06T21:00:00-00:00,2023-07-06,14,0,Hourly,SR,AS_NP26_EXP,DAM,SP_CLR_PRC,0,12
2023-07-06T20:00:00-00:00,2023-07-06T21:00:00-00:00,2023-07-06,14,0,Hourly,SR,AS_CAISO_EXP,DAM,SP_CLR_PRC,0.5,12
2023-07-06T20:00:00-00:00,2023-07-06T21:00:00-00:00,2023-07-06,14,0,Hourly,SR,AS_SP26,DAM,SP_CLR_PRC,0,12
2023-07-06T22:00:00-00:00,2023-07-06T23:00:00-00:00,2023-07-06,16,0,Hourly,SR,AS_SP26,DAM,SP_CLR_PRC,0,12
2023-07-07T01:00:00-00:00,2023-07-07T02:00:00-00:00,2023-07-06,19,0,Hourly,SR,AS_CAISO,DAM,SP_CLR_PRC,0,12
2023-07-07T02:00:00-00:00,2023-07-07T03:00:00-00:00,2023-07-06,20,0,Hourly,SR,AS_CAISO_EXP,DAM,SP_CLR_PRC,2.62225,12
2023-07-07T02:00:00-00:00,2023-07-07T03:00:00-00:00,2023-07-06,20,0,Hourly,SR,AS_NP26,DAM,SP_CLR_PRC,0,12
2023-07-07T02:00:00-00:00,2023-07-07T03:00:00-00:00,2023-07-06,20,0,Hourly,SR,AS_NP26_EXP,DAM,SP_CLR_PRC,0,12
2023-07-07T04:00:00-00:00,2023-07-07T05:00:00-00:00,2023-07-06,22,0,Hourly,SR,AS_CAISO,DAM,SP_CLR_PRC,0,12
2023-07-06T07:00:00-00:00,2023-07-06T08:00:00-00:00,2023-07-06,1,0,Hourly,SR,AS_CAISO_EXP,DAM,SP_CLR_PRC,0.16,12
2023-07-06T07:00:00-00:00,2023-07-06T08:00:00-00:00,2023-07-06,1,0,Hourly,SR,AS_SP26,DAM,SP_CLR_PRC,0,12
2023-07-06T09:00:00-00:00,2023-07-06T10:00:00-00:00,2023-07-06,3,0,Hourly,SR,AS_SP26,DAM,SP_CLR_PRC,0,12
2023-07-06T10:00:00-00:00,2023-07-06T11:00:00-00:00,2023-07-06,4,0,Hourly,SR,AS_NP26_EXP,DAM,SP_CLR_PRC,0.14,12
2023-07-06T12:00:00-00:00,2023-07-06T13:00:00-00:00,2023-07-06,6,0,Hourly,SR,AS_CAISO,DAM,SP_CLR_PRC,0,12
2023-07-06T13:00:00-00:00,2023-07-06T14:00:00-00:00,2023-07-06,7,0,Hourly,SR,AS_NP26_EXP,DAM,SP_CLR_PRC,0.14,12
2023-07-06T13:00:00-00:00,2023-07-06T14:00:00-00:00,2023-07-06,7,0,Hourly,SR,AS_SP26,DAM,SP_CLR_PRC,0,12
2023-07-06T13:00:00-00:00,2023-07-06T14:00:00-00:00,2023-07-06,7,0,Hourly,SR,AS_SP26_EXP,DAM,SP_CLR_PRC,0,12
2023-07-06T14:00:00-00:00,2023-07-06T15:00:00-00:00,2023-07-06,8,0,Hourly,SR,AS_CAISO_EXP,DAM,SP_CLR_PRC,0.16,12
2023-07-06T16:00:00-00:00,2023-07-06T17:00:00-00:00,2023-07-06,10,0,Hourly,SR,AS_NP26,DAM,SP_CLR_PRC,0,12
2023-07-06T17:00:00-00:00,2023-07-06T18:00:00-00:00,2023-07-06,11,0,Hourly,SR,AS_CAISO_EXP,DAM,SP_CLR_PRC,0.5,12
2023-07-06T17:00:00-00:00,2023-07-06T18:00:00-00:00,2023-07-06,11,0,Hourly,SR,AS_NP26,DAM,SP_CLR_PRC,0,12
2023-07-06T17:00:00-00:00,2023-07-06T18:00:00-00:00,2023-07-06,11,0,Hourly,SR,AS_NP26_EXP,DAM,SP_CLR_PRC,0,12
2023-07-06T17:00:00-00:00,2023-07-06T18:00:00-00:00,2023-07-06,11,0,Hourly,SR,AS_SP26_EXP,DAM,SP_CLR_PRC,0,12
2023-07-06T18:00:00-00:00,2023-07-06T19:00:00-00:00,2023-07-06,12,0,Hourly,SR,AS_CAISO_EXP,DAM,SP_CLR_PRC,1.46678,12
2023-07-06T18:00:00-00:00,2023-07-06T19:00:00-00:00,2023-07-06,12,0,Hourly,SR,AS_NP26_EXP,DAM,SP_CLR_PRC,0,12
2023-07-06T20:00:00-00:00,2023-07-06T21:00:00-00:00,2023-07-06,14,0,Hourly,SR,AS_NP26,DAM,SP_CLR_PRC,0,12
2023-07-06T22:00:00-00:00,2023-07-06T23:00:00-00:00,2023-07-06,16,0,Hourly,SR,AS_CAISO,DAM,SP_CLR_PRC,0,12
2023-07-06T22:00:00-00:00,2023-07-06T23:00:00-00:00,2023-07-06,16,0,Hourly,SR,AS_CAISO_EXP,DAM,SP_CLR_PRC,0.83,12
2023-07-06T23:00:00-00:00,2023-07-07T00:00:00-00:00,2023-07-06,17,0,Hourly,SR,AS_CAISO_EXP,DAM,SP_CLR_PRC,1,12
2023-07-07T00:00:00-00:00,2023-07-07T01:00:00-00:00,2023-07-06,18,0,Hourly,SR,AS_NP26,DAM,SP_CLR_PRC,0,12
2023-07-07T01:00:00-00:00,2023-07-07T02:00:00-00:00,2023-07-06,19,0,Hourly,SR,AS_NP26,DAM,SP_CLR_PRC,0,12
2023-07-07T03:00:00-00:00,2023-07-07T04:00:00-00:00,2023-07-06,21,0,Hourly,SR,AS_CAISO_EXP,DAM,SP_CLR_PRC,0.93,12
2023-07-07T04:00:00-00:00,2023-07-07T05:00:00-00:00,2023-07-06,22,0,Hourly,SR,AS_NP26,DAM,SP_CLR_PRC,0,12
2023-07-07T05:00:00-00:00,2023-07-07T06:00:00-00:00,2023-07-06,23,0,Hourly,SR,AS_NP26,DAM,SP_CLR_PRC,0,12
2023-07-07T05:00:00-00:00,2023-07-07T06:00:00-00:00,2023-07-06,23,0,Hourly,SR,AS_NP26_EXP,DAM,SP_CLR_PRC,0,12
2023-07-07T06:00:00-00:00,2023-07-07T07:00:00-00:00,2023-07-06,24,0,Hourly,SR,AS_CAISO,DAM,SP_CLR_PRC,0,12
2023-07-06T09:00:00-00:00,2023-07-06T10:00:00-00:00,2023-07-06,3,0,Hourly,SR,AS_CAISO,DAM,SP_CLR_PRC,0,12
2023-07-06T10:00:00-00:00,2023-07-06T11:00:00-00:00,2023-07-06,4,0,Hourly,SR,AS_CAISO_EXP,DAM,SP_CLR_PRC,0.16,12
2023-07-06T10:00:00-00:00,2023-07-06T11:00:00-00:00,2023-07-06,4,0,Hourly,SR,AS_SP26,DAM,SP_CLR_PRC,0,12
2023-07-06T14:00:00-00:00,2023-07-06T15:00:00-00:00,2023-07-06,8,0,Hourly,SR,AS_SP26,DAM,SP_CLR_PRC,0,12
2023-07-06T15:00:00-00:00,2023-07-06T16:00:00-00:00,2023-07-06,9,0,Hourly,SR,AS_CAISO_EXP,DAM,SP_CLR_PRC,1,12
2023-07-06T18:00:00-00:00,2023-07-06T19:00:00-00:00,2023-07-06,12,0,Hourly,SR,AS_CAISO,DAM,SP_CLR_PRC,0,12
2023-07-06T22:00:00-00:00,2023-07-06T23:00:00-00:00,2023-07-06,16,0,Hourly,SR,AS_NP26,DAM,SP_CLR_PRC,0,12
2023-07-07T03:00:00-00:00,2023-07-07T04:00:00-00:00,2023-07-06,21,0,Hourly,SR,AS_SP26,DAM,SP_CLR_PRC,0,12
2023-07-07T05:00:00-00:00,2023-07-07T06:00:00-00:00,2023-07-06,23,0,Hourly,SR,AS_CAISO,DAM,SP_CLR_PRC,0,12
2023-07-07T05:00:00-00:00,2023-07-07T06:00:00-00:00,2023-07-06,23,0,Hourly,SR,AS_CAISO_EXP,DAM,SP_CLR_PRC,2.20629,12
2023-07-06T08:00:00-00:00,2023-07-06T09:00:00-00:00,2023-07-06,2,0,Hourly,SR,AS_CAISO,DAM,SP_CLR_PRC,0,12
2023-07-06T08:00:00-00:00,2023-07-06T09:00:00-00:00,2023-07-06,2,0,Hourly,SR,AS_SP26_EXP,DAM,SP_CLR_PRC,0,12
2023-07-06T11:00:00-00:00,2023-07-06T12:00:00-00:00,2023-07-06,5,0,Hourly,SR,AS_SP26_EXP,DAM,SP_CLR_PRC,0,12
2023-07-06T12:00:00-00:00,2023-07-06T13:00:00-00:00,2023-07-06,6,0,Hourly,SR,AS_CAISO_EXP,DAM,SP_CLR_PRC,0.16,12
2023-07-06T12:00:00-00:00,2023-07-06T13:00:00-00:00,2023-07-06,6,0,Hourly,SR,AS_NP26,DAM,SP_CLR_PRC,0,12
2023-07-06T13:00:00-00:00,2023-07-06T14:00:00-00:00,2023-07-06,7,0,Hourly,SR,AS_CAISO,DAM,SP_CLR_PRC,0,12
2023-07-06T15:00:00-00:00,2023-07-06T16:00:00-00:00,2023-07-06,9,0,Hourly,SR,AS_NP26,DAM,SP_CLR_PRC,0,12
2023-07-06T15:00:00-00:00,2023-07-06T16:00:00-00:00,2023-07-06,9,0,Hourly,SR,AS_SP26_EXP,DAM,SP_CLR_PRC,0,12
2023-07-06T17:00:00-00:00,2023-07-06T18:00:00-00:00,2023-07-06,11,0,Hourly,SR,AS_CAISO,DAM,SP_CLR_PRC,0,12
2023-07-06T18:00:00-00:00,2023-07-06T19:00:00-00:00,2023-07-06,12,0,Hourly,SR,AS_SP26,DAM,SP_CLR_PRC,0,12
2023-07-07T16:00:00-00:00,2023-07-07T17:00:00-00:00,2023-07-07,10,0,Hourly,SR,AS_SP26_EXP,DAM,SP_CLR_PRC,0,13
2023-07-07T17:00:00-00:00,2023-07-07T18:00:00-00:00,2023-07-07,11,0,Hourly,SR,AS_NP26_EXP,DAM,SP_CLR_PRC,0,13
2023-07-07T17:00:00-00:00,2023-07-07T18:00:00-00:00,2023-07-07,11,0,Hourly,SR,AS_SP26_EXP,DAM,SP_CLR_PRC,0,13
2023-07-07T18:00:00-00:00,2023-07-07T19:00:00-00:00,2023-07-07,12,0,Hourly,SR,AS_CAISO,DAM,SP_CLR_PRC,0,13
2023-07-07T18:00:00-00:00,2023-07-07T19:00:00-00:00,2023-07-07,12,0,Hourly,SR,AS_NP26,DAM,SP_CLR_PRC,0,13
2023-07-07T19:00:00-00:00,2023-07-07T20:00:00-00:00,2023-07-07,13,0,Hourly,SR,AS_NP26,DAM,SP_CLR_PRC,0,13
2023-07-07T19:00:00-00:00,2023-07-07T20:00:00-00:00,2023-07-07,13,0,Hourly,SR,AS_SP26,DAM,SP_CLR_PRC,0,13
2023-07-07T20:00:00-00:00,2023-07-07T21:00:00-00:00,2023-07-07,14,0,Hourly,SR,AS_CAISO_EXP,DAM,SP_CLR_PRC,1.6,13
2023-07-07T21:00:00-00:00,2023-07-07T22:00:00-00:00,2023-07-07,15,0,Hourly,SR,AS_NP26,DAM,SP_CLR_PRC,0,13
2023-07-07T21:00:00-00:00,2023-07-07T22:00:00-00:00,2023-07-07,15,0,Hourly,SR,AS_NP26_EXP,DAM,SP_CLR_PRC,0,13
2023-07-08T00:00:00-00:00,2023-07-08T01:00:00-00:00,2023-07-07,18,0,Hourly,SR,AS_CAISO,DAM,SP_CLR_PRC,0,13
2023-07-08T02:00:00-00:00,2023-07-08T03:00:00-00:00,2023-07-07,20,0,Hourly,SR,AS_CAISO,DAM,SP_CLR_PRC,0,13
2023-07-08T03:00:00-00:00,2023-07-08T04:00:00-00:00,2023-07-07,21,0,Hourly,SR,AS_NP26_EXP,DAM,SP_CLR_PRC,0,13
2023-07-08T04:00:00-00:00,2023-07-08T05:00:00-00:00,2023-07-07,22,0,Hourly,SR,AS_CAISO,DAM,SP_CLR_PRC,0,13
2023-07-08T04:00:00-00:00,2023-07-08T05:00:00-00:00,2023-07-07,22,0,Hourly,SR,AS_CAISO_EXP,DAM,SP_CLR_PRC,0.51,13
2023-07-08T05:00:00-00:00,2023-07-08T06:00:00-00:00,2023-07-07,23,0,Hourly,SR,AS_CAISO_EXP,DAM,SP_CLR_PRC,2.46,13
2023-07-08T01:00:00-00:00,2023-07-08T02:00:00-00:00,2023-07-07,19,0,Hourly,SR,AS_CAISO_EXP,DAM,SP_CLR_PRC,0.5,13
2023-07-08T01:00:00-00:00,2023-07-08T02:00:00-00:00,2023-07-07,19,0,Hourly,SR,AS_SP26,DAM,SP_CLR_PRC,0,13
2023-07-08T03:00:00-00:00,2023-07-08T04:00:00-00:00,2023-07-07,21,0,Hourly,SR,AS_SP26,DAM,SP_CLR_PRC,0,13
2023-07-08T04:00:00-00:00,2023-07-08T05:00:00-00:00,2023-07-07,22,0,Hourly,SR,AS_NP26_EXP,DAM,SP_CLR_PRC,0,13
2023-07-08T06:00:00-00:00,2023-07-08T07:00:00-00:00,2023-07-07,24,0,Hourly,SR,AS_CAISO_EXP,DAM,SP_CLR_PRC,1.03045,13
2023-07-07T07:00:00-00:00,2023-07-07T08:00:00-00:00,2023-07-07,1,0,Hourly,SR,AS_CAISO_EXP,DAM,SP_CLR_PRC,1.05,13
2023-07-07T09:00:00-00:00,2023-07-07T10:00:00-00:00,2023-07-07,3,0,Hourly,SR,AS_SP26_EXP,DAM,SP_CLR_PRC,0,13
2023-07-07T10:00:00-00:00,2023-07-07T11:00:00-00:00,2023-07-07,4,0,Hourly,SR,AS_CAISO,DAM,SP_CLR_PRC,0,13
2023-07-07T10:00:00-00:00,2023-07-07T11:00:00-00:00,2023-07-07,4,0,Hourly,SR,AS_CAISO_EXP,DAM,SP_CLR_PRC,0.91,13
2023-07-07T11:00:00-00:00,2023-07-07T12:00:00-00:00,2023-07-07,5,0,Hourly,SR,AS_NP26_EXP,DAM,SP_CLR_PRC,0.14,13
2023-07-07T12:00:00-00:00,2023-07-07T13:00:00-00:00,2023-07-07,6,0,Hourly,SR,AS_SP26,DAM,SP_CLR_PRC,0,13
2023-07-07T13:00:00-00:00,2023-07-07T14:00:00-00:00,2023-07-07,7,0,Hourly,SR,AS_NP26_EXP,DAM,SP_CLR_PRC,0.84,13
2023-07-07T13:00:00-00:00,2023-07-07T14:00:00-00:00,2023-07-07,7,0,Hourly,SR,AS_SP26_EXP,DAM,SP_CLR_PRC,0.10465,13
2023-07-07T14:00:00-00:00,2023-07-07T15:00:00-00:00,2023-07-07,8,0,Hourly,SR,AS_CAISO_EXP,DAM,SP_CLR_PRC,0.86,13
2023-07-07T15:00:00-00:00,2023-07-07T16:00:00-00:00,2023-07-07,9,0,Hourly,SR,AS_NP26_EXP,DAM,SP_CLR_PRC,0.14,13
2023-07-07T16:00:00-00:00,2023-07-07T17:00:00-00:00,2023-07-07,10,0,Hourly,SR,AS_NP26_EXP,DAM,SP_CLR_PRC,0,13
2023-07-07T19:00:00-00:00,2023-07-07T20:00:00-00:00,2023-07-07,13,0,Hourly,SR,AS_CAISO,DAM,SP_CLR_PRC,0,13
2023-07-07T20:00:00-00:00,2023-07-07T21:00:00-00:00,2023-07-07,14,0,Hourly,SR,AS_CAISO,DAM,SP_CLR_PRC,0,13
2023-07-07T20:00:00-00:00,2023-07-07T21:00:00-00:00,2023-07-07,14,0,Hourly,SR,AS_SP26,DAM,SP_CLR_PRC,0,13
2023-07-07T21:00:00-00:00,2023-07-07T22:00:00-00:00,2023-07-07,15,0,Hourly,SR,AS_SP26,DAM,SP_CLR_PRC,0,13
2023-07-07T22:00:00-00:00,2023-07-07T23:00:00-00:00,2023-07-07,16,0,Hourly,SR,AS_CAISO_EXP,DAM,SP_CLR_PRC,2.8,13
2023-07-07T22:00:00-00:00,2023-07-07T23:00:00-00:00,2023-07-07,16,0,Hourly,SR,AS_SP26,DAM,SP_CLR_PRC,0,13
2023-07-07T23:00:00-00:00,2023-07-08T00:00:00-00:00,2023-07-07,17,0,Hourly,SR,AS_NP26_EXP,DAM,SP_CLR_PRC,2.64,13
2023-07-08T04:00:00-00:00,2023-07-08T05:00:00-00:00,2023-07-07,22,0,Hourly,SR,AS_NP26,DAM,SP_CLR_PRC,0,13
2023-07-08T06:00:00-00:00,2023-07-08T07:00:00-00:00,2023-07-07,24,0,Hourly,SR,AS_NP26,DAM,SP_CLR_PRC,0,13
2023-07-08T06:00:00-00:00,2023-07-08T07:00:00-00:00,2023-07-07,24,0,Hourly,SR,AS_SP26_EXP,DAM,SP_CLR_PRC,1.96955,13
2023-07-07T07:00:00-00:00,2023-07-07T08:00:00-00:00,2023-07-07,1,0,Hourly,SR,AS_NP26_EXP,DAM,SP_CLR_PRC,0.19,13
2023-07-07T10:00:00-00:00,2023-07-07T11:00:00-00:00,2023-07-07,4,0,Hourly,SR,AS_NP26_EXP,DAM,SP_CLR_PRC,0.14,13
2023-07-07T11:00:00-00:00,2023-07-07T12:00:00-00:00,2023-07-07,5,0,Hourly,SR,AS_CAISO,DAM,SP_CLR_PRC,0,13
2023-07-07T13:00:00-00:00,2023-07-07T14:00:00-00:00,2023-07-07,7,0,Hourly,SR,AS_SP26,DAM,SP_CLR_PRC,0,13
2023-07-07T14:00:00-00:00,2023-07-07T15:00:00-00:00,2023-07-07,8,0,Hourly,SR,AS_NP26,DAM,SP_CLR_PRC,0,13
2023-07-07T14:00:00-00:00,2023-07-07T15:00:00-00:00,2023-07-07,8,0,Hourly,SR,AS_NP26_EXP,DAM,SP_CLR_PRC,0.14,13
2023-07-07T16:00:00-00:00,2023-07-07T17:00:00-00:00,2023-07-07,10,0,Hourly,SR,AS_CAISO,DAM,SP_CLR_PRC,0,13
2023-07-07T16:00:00-00:00,2023-07-07T17:00:00-00:00,2023-07-07,10,0,Hourly,SR,AS_CAISO_EXP,DAM,SP_CLR_PRC,1,13
2023-07-07T18:00:00-00:00,2023-07-07T19:00:00-00:00,2023-07-07,12,0,Hourly,SR,AS_SP26_EXP,DAM,SP_CLR_PRC,0,13
2023-07-07T20:00:00-00:00,2023-07-07T21:00:00-00:00,2023-07-07,14,0,Hourly,SR,AS_NP26,DAM,SP_CLR_PRC,0,13
2023-07-07T22:00:00-00:00,2023-07-07T23:00:00-00:00,2023-07-07,16,0,Hourly,SR,AS_NP26,DAM,SP_CLR_PRC,0,13
2023-07-08T01:00:00-00:00,2023-07-08T02:00:00-00:00,2023-07-07,19,0,Hourly,SR,AS_NP26,DAM,SP_CLR_PRC,0,13
2023-07-08T03:00:00-00:00,2023-07-08T04:00:00-00:00,2023-07-07,21,0,Hourly,SR,AS_NP26,DAM,SP_CLR_PRC,0,13
2023-07-08T04:00:00-00:00,2023-07-08T05:00:00-00:00,2023-07-07,22,0,Hourly,SR,AS_SP26_EXP,DAM,SP_CLR_PRC,6,13
2023-07-08T06:00:00-00:00,2023-07-08T07:00:00-00:00,2023-07-07,24,0,Hourly,SR,AS_CAISO,DAM,SP_CLR_PRC,0,13
2023-07-07T08:00:00-00:00,2023-07-07T09:00:00-00:00,2023-07-07,2,0,Hourly,SR,AS_SP26,DAM,SP_CLR_PRC,0,13
2023-07-07T09:00:00-00:00,2023-07-07T10:00:00-00:00,2023-07-07,3,0,Hourly,SR,AS_CAISO,DAM,SP_CLR_PRC,0,13
2023-07-07T11:00:00-00:00,2023-07-07T12:00:00-00:00,2023-07-07,5,0,Hourly,SR,AS_NP26,DAM,SP_CLR_PRC,0,13
2023-07-07T15:00:00-00:00,2023-07-07T16:00:00-00:00,2023-07-07,9,0,Hourly,SR,AS_CAISO_EXP,DAM,SP_CLR_PRC,0.86,13
2023-07-07T16:00:00-00:00,2023-07-07T17:00:00-00:00,2023-07-07,10,0,Hourly,SR,AS_NP26,DAM,SP_CLR_PRC,0,13
2023-07-07T18:00:00-00:00,2023-07-07T19:00:00-00:00,2023-07-07,12,0,Hourly,SR,AS_SP26,DAM,SP_CLR_PRC,0,13
2023-07-07T19:00:00-00:00,2023-07-07T20:00:00-00:00,2023-07-07,13,0,Hourly,SR,AS_CAISO_EXP,DAM,SP_CLR_PRC,1.67,13
2023-07-07T20:00:00-00:00,2023-07-07T21:00:00-00:00,2023-07-07,14,0,Hourly,SR,AS_NP26_EXP,DAM,SP_CLR_PRC,0,13
2023-07-07T20:00:00-00:00,2023-07-07T21:00:00-00:00,2023-07-07,14,0,Hourly,SR,AS_SP26_EXP,DAM,SP_CLR_PRC,0,13
2023-07-08T02:00:00-00:00,2023-07-08T03:00:00-00:00,2023-07-07,20,0,Hourly,SR,AS_SP26,DAM,SP_CLR_PRC,0,13
2023-07-08T05:00:00-00:00,2023-07-08T06:00:00-00:00,2023-07-07,23,0,Hourly,SR,AS_NP26_EXP,DAM,SP_CLR_PRC,0,13
2023-07-08T06:00:00-00:00,2023-07-08T07:00:00-00:00,2023-07-07,24,0,Hourly,SR,AS_SP26,DAM,SP_CLR_PRC,0,13
2023-07-07T08:00:00-00:00,2023-07-07T09:00:00-00:00,2023-07-07,2,0,Hourly,SR,AS_CAISO_EXP,DAM,SP_CLR_PRC,1.05,13
2023-07-07T08:00:00-00:00,2023-07-07T09:00:00-00:00,2023-07-07,2,0,Hourly,SR,AS_NP26_EXP,DAM,SP_CLR_PRC,0.14,13
2023-07-07T09:00:00-00:00,2023-07-07T10:00:00-00:00,2023-07-07,3,0,Hourly,SR,AS_CAISO_EXP,DAM,SP_CLR_PRC,1.05,13
2023-07-07T09:00:00-00:00,2023-07-07T10:00:00-00:00,2023-07-07,3,0,Hourly,SR,AS_NP26_EXP,DAM,SP_CLR_PRC,0.14,13
2023-07-07T11:00:00-00:00,2023-07-07T12:00:00-00:00,2023-07-07,5,0,Hourly,SR,AS_SP26,DAM,SP_CLR_PRC,0,13
2023-07-07T12:00:00-00:00,2023-07-07T13:00:00-00:00,2023-07-07,6,0,Hourly,SR,AS_NP26_EXP,DAM,SP_CLR_PRC,0.14,13
2023-07-07T12:00:00-00:00,2023-07-07T13:00:00-00:00,2023-07-07,6,0,Hourly,SR,AS_SP26_EXP,DAM,SP_CLR_PRC,0,13
2023-07-07T13:00:00-00:00,2023-07-07T14:00:00-00:00,2023-07-07,7,0,Hourly,SR,AS_CAISO,DAM,SP_CLR_PRC,0,13
2023-07-07T14:00:00-00:00,2023-07-07T15:00:00-00:00,2023-07-07,8,0,Hourly,SR,AS_SP26,DAM,SP_CLR_PRC,0,13
2023-07-07T15:00:00-00:00,2023-07-07T16:00:00-00:00,2023-07-07,9,0,Hourly,SR,AS_NP26,DAM,SP_CLR_PRC,0,13
2023-07-07T15:00:00-00:00,2023-07-07T16:00:00-00:00,2023-07-07,9,0,Hourly,SR,AS_SP26,DAM,SP_CLR_PRC,0,13
2023-07-07T09:00:00-00:00,2023-07-07T10:00:00-00:00,2023-07-07,3,0,Hourly,SR,AS_NP26,DAM,SP_CLR_PRC,0,13
2023-07-07T09:00:00-00:00,2023-07-07T10:00:00-00:00,2023-07-07,3,0,Hourly,SR,AS_SP26,DAM,SP_CLR_PRC,0,13
2023-07-07T11:00:00-00:00,2023-07-07T12:00:00-00:00,2023-07-07,5,0,Hourly,SR,AS_CAISO_EXP,DAM,SP_CLR_PRC,0.56918,13
2023-07-07T12:00:00-00:00,2023-07-07T13:00:00-00:00,2023-07-07,6,0,Hourly,SR,AS_NP26,DAM,SP_CLR_PRC,0,13
2023-07-07T14:00:00-00:00,2023-07-07T15:00:00-00:00,2023-07-07,8,0,Hourly,SR,AS_CAISO,DAM,SP_CLR_PRC,0,13
2023-07-07T15:00:00-00:00,2023-07-07T16:00:00-00:00,2023-07-07,9,0,Hourly,SR,AS_CAISO,DAM,SP_CLR_PRC,0,13
2023-07-07T15:00:00-00:00,2023-07-07T16:00:00-00:00,2023-07-07,9,0,Hourly,SR,AS_SP26_EXP,DAM,SP_CLR_PRC,0.15581,13
2023-07-07T17:00:00-00:00,2023-07-07T18:00:00-00:00,2023-07-07,11,0,Hourly,SR,AS_SP26,DAM,SP_CLR_PRC,0,13
2023-07-08T01:00:00-00:00,2023-07-08T02:00:00-00:00,2023-07-07,19,0,Hourly,SR,AS_CAISO,DAM,SP_CLR_PRC,0,13
2023-07-08T02:00:00-00:00,2023-07-08T03:00:00-00:00,2023-07-07,20,0,Hourly,SR,AS_CAISO_EXP,DAM,SP_CLR_PRC,1.14,13
2023-07-08T03:00:00-00:00,2023-07-08T04:00:00-00:00,2023-07-07,21,0,Hourly,SR,AS_SP26_EXP,DAM,SP_CLR_PRC,0,13
2023-07-08T04:00:00-00:00,2023-07-08T05:00:00-00:00,2023-07-07,22,0,Hourly,SR,AS_SP26,DAM,SP_CLR_PRC,0,13
2023-07-08T05:00:00-00:00,2023-07-08T06:00:00-00:00,2023-07-07,23,0,Hourly,SR,AS_SP26,DAM,SP_CLR_PRC,0,13
2023-07-07T07:00:00-00:00,2023-07-07T08:00:00-00:00,2023-07-07,1,0,Hourly,SR,AS_NP26,DAM,SP_CLR_PRC,0,13
2023-07-07T07:00:00-00:00,2023-07-07T08:00:00-00:00,2023-07-07,1,0,Hourly,SR,AS_SP26,DAM,SP_CLR_PRC,0,13
2023-07-07T14:00:00-00:00,2023-07-07T15:00:00-00:00,2023-07-07,8,0,Hourly,SR,AS_SP26_EXP,DAM,SP_CLR_PRC,0,13
2023-07-07T17:00:00-00:00,2023-07-07T18:00:00-00:00,2023-07-07,11,0,Hourly,SR,AS_CAISO,DAM,SP_CLR_PRC,0,13
2023-07-07T21:00:00-00:00,2023-07-07T22:00:00-00:00,2023-07-07,15,0,Hourly,SR,AS_SP26_EXP,DAM,SP_CLR_PRC,0,13
2023-07-07T22:00:00-00:00,2023-07-07T23:00:00-00:00,2023-07-07,16,0,Hourly,SR,AS_CAISO,DAM,SP_CLR_PRC,0,13
2023-07-07T22:00:00-00:00,2023-07-07T23:00:00-00:00,2023-07-07,16,0,Hourly,SR,AS_NP26_EXP,DAM,SP_CLR_PRC,0,13
2023-07-07T23:00:00-00:00,2023-07-08T00:00:00-00:00,2023-07-07,17,0,Hourly,SR,AS_SP26_EXP,DAM,SP_CLR_PRC,0,13
2023-07-08T00:00:00-00:00,2023-07-08T01:00:00-00:00,2023-07-07,18,0,Hourly,SR,AS_NP26_EXP,DAM,SP_CLR_PRC,0.22,13
2023-07-08T00:00:00-00:00,2023-07-08T01:00:00-00:00,2023-07-07,18,0,Hourly,SR,AS_SP26,DAM,SP_CLR_PRC,0,13
2023-07-08T01:00:00-00:00,2023-07-08T02:00:00-00:00,2023-07-07,19,0,Hourly,SR,AS_NP26_EXP,DAM,SP_CLR_PRC,0,13
2023-07-08T03:00:00-00:00,2023-07-08T04:00:00-00:00,2023-07-07,21,0,Hourly,SR,AS_CAISO,DAM,SP_CLR_PRC,0,13
2023-07-08T05:00:00-00:00,2023-07-08T06:00:00-00:00,2023-07-07,23,0,Hourly,SR,AS_CAISO,DAM,SP_CLR_PRC,0,13
2023-07-08T05:00:00-00:00,2023-07-08T06:00:00-00:00,2023-07-07,23,0,Hourly,SR,AS_NP26,DAM,SP_CLR_PRC,0,13
2023-07-08T06:00:00-00:00,2023-07-08T07:00:00-00:00,2023-07-07,24,0,Hourly,SR,AS_NP26_EXP,DAM,SP_CLR_PRC,0,13
2023-07-07T07:00:00-00:00,2023-07-07T08:00:00-00:00,2023-07-07,1,0,Hourly,SR,AS_SP26_EXP,DAM,SP_CLR_PRC,0,13
2023-07-07T08:00:00-00:00,2023-07-07T09:00:00-00:00,2023-07-07,2,0,Hourly,SR,AS_CAISO,DAM,SP_CLR_PRC,0,13
2023-07-07T08:00:00-00:00,2023-07-07T09:00:00-00:00,2023-07-07,2,0,Hourly,SR,AS_SP26_EXP,DAM,SP_CLR_PRC,0,13
2023-07-07T10:00:00-00:00,2023-07-07T11:00:00-00:00,2023-07-07,4,0,Hourly,SR,AS_SP26,DAM,SP_CLR_PRC,0,13
2023-07-07T10:00:00-00:00,2023-07-07T11:00:00-00:00,2023-07-07,4,0,Hourly,SR,AS_SP26_EXP,DAM,SP_CLR_PRC,0,13
2023-07-07T12:00:00-00:00,2023-07-07T13:00:00-00:00,2023-07-07,6,0,Hourly,SR,AS_CAISO,DAM,SP_CLR_PRC,0,13
2023-07-07T13:00:00-00:00,2023-07-07T14:00:00-00:00,2023-07-07,7,0,Hourly,SR,AS_CAISO_EXP,DAM,SP_CLR_PRC,1.96,13
2023-07-07T13:00:00-00:00,2023-07-07T14:00:00-00:00,2023-07-07,7,0,Hourly,SR,AS_NP26,DAM,SP_CLR_PRC,0,13
2023-07-07T17:00:00-00:00,2023-07-07T18:00:00-00:00,2023-07-07,11,0,Hourly,SR,AS_CAISO_EXP,DAM,SP_CLR_PRC,1,13
2023-07-07T18:00:00-00:00,2023-07-07T19:00:00-00:00,2023-07-07,12,0,Hourly,SR,AS_CAISO_EXP,DAM,SP_CLR_PRC,1.56,13
2023-07-07T21:00:00-00:00,2023-07-07T22:00:00-00:00,2023-07-07,15,0,Hourly,SR,AS_CAISO,DAM,SP_CLR_PRC,0,13
2023-07-07T21:00:00-00:00,2023-07-07T22:00:00-00:00,2023-07-07,15,0,Hourly,SR,AS_CAISO_EXP,DAM,SP_CLR_PRC,1,13
2023-07-07T22:00:00-00:00,2023-07-07T23:00:00-00:00,2023-07-07,16,0,Hourly,SR,AS_SP26_EXP,DAM,SP_CLR_PRC,0,13
2023-07-07T23:00:00-00:00,2023-07-08T00:00:00-00:00,2023-07-07,17,0,Hourly,SR,AS_CAISO,DAM,SP_CLR_PRC,0,13
2023-07-07T23:00:00-00:00,2023-07-08T00:00:00-00:00,2023-07-07,17,0,Hourly,SR,AS_CAISO_EXP,DAM,SP_CLR_PRC,0.16,13
2023-07-07T23:00:00-00:00,2023-07-08T00:00:00-00:00,2023-07-07,17,0,Hourly,SR,AS_NP26,DAM,SP_CLR_PRC,0,13
2023-07-08T00:00:00-00:00,2023-07-08T01:00:00-00:00,2023-07-07,18,0,Hourly,SR,AS_CAISO_EXP,DAM,SP_CLR_PRC,0.28,13
2023-07-08T01:00:00-00:00,2023-07-08T02:00:00-00:00,2023-07-07,19,0,Hourly,SR,AS_SP26_EXP,DAM,SP_CLR_PRC,0,13
2023-07-08T02:00:00-00:00,2023-07-08T03:00:00-00:00,2023-07-07,20,0,Hourly,SR,AS_NP26,DAM,SP_CLR_PRC,0,13
2023-07-08T02:00:00-00:00,2023-07-08T03:00:00-00:00,2023-07-07,20,0,Hourly,SR,AS_NP26_EXP,DAM,SP_CLR_PRC,0,13
2023-07-08T02:00:00-00:00,2023-07-08T03:00:00-00:00,2023-07-07,20,0,Hourly,SR,AS_SP26_EXP,DAM,SP_CLR_PRC,2.57,13
2023-07-08T03:00:00-00:00,2023-07-08T04:00:00-00:00,2023-07-07,21,0,Hourly,SR,AS_CAISO_EXP,DAM,SP_CLR_PRC,1.14,13
2023-07-08T05:00:00-00:00,2023-07-08T06:00:00-00:00,2023-07-07,23,0,Hourly,SR,AS_SP26_EXP,DAM,SP_CLR_PRC,0.31501,13
2023-07-07T07:00:00-00:00,2023-07-07T08:00:00-00:00,2023-07-07,1,0,Hourly,SR,AS_CAISO,DAM,SP_CLR_PRC,0,13
2023-07-07T08:00:00-00:00,2023-07-07T09:00:00-00:00,2023-07-07,2,0,Hourly,SR,AS_NP26,DAM,SP_CLR_PRC,0,13
2023-07-07T10:00:00-00:00,2023-07-07T11:00:00-00:00,2023-07-07,4,0,Hourly,SR,AS_NP26,DAM,SP_CLR_PRC,0,13
2023-07-07T11:00:00-00:00,2023-07-07T12:00:00-00:00,2023-07-07,5,0,Hourly,SR,AS_SP26_EXP,DAM,SP_CLR_PRC,0,13
2023-07-07T12:00:00-00:00,2023-07-07T13:00:00-00:00,2023-07-07,6,0,Hourly,SR,AS_CAISO_EXP,DAM,SP_CLR_PRC,1.15,13
2023-07-07T16:00:00-00:00,2023-07-07T17:00:00-00:00,2023-07-07,10,0,Hourly,SR,AS_SP26,DAM,SP_CLR_PRC,0,13
2023-07-07T17:00:00-00:00,2023-07-07T18:00:00-00:00,2023-07-07,11,0,Hourly,SR,AS_NP26,DAM,SP_CLR_PRC,0,13
2023-07-07T18:00:00-00:00,2023-07-07T19:00:00-00:00,2023-07-07,12,0,Hourly,SR,AS_NP26_EXP,DAM,SP_CLR_PRC,0,13
2023-07-07T19:00:00-00:00,2023-07-07T20:00:00-00:00,2023-07-07,13,0,Hourly,SR,AS_NP26_EXP,DAM,SP_CLR_PRC,0,13
2023-07-07T19:00:00-00:00,2023-07-07T20:00:00-00:00,2023-07-07,13,0,Hourly,SR,AS_SP26_EXP,DAM,SP_CLR_PRC,0,13
2023-07-07T23:00:00-00:00,2023-07-08T00:00:00-00:00,2023-07-07,17,0,Hourly,SR,AS_SP26,DAM,SP_CLR_PRC,0,13
2023-07-08T00:00:00-00:00,2023-07-08T01:00:00-00:00,2023-07-07,18,0,Hourly,SR,AS_NP26,DAM,SP_CLR_PRC,0,13
2023-07-08T00:00:00-00:00,2023-07-08T01:00:00-00:00,2023-07-07,18,0,Hourly,SR,AS_SP26_EXP,DAM,SP_CLR_PRC,0,13
2023-07-08T08:00:00-00:00,2023-07-08T09:00:00-00:00,2023-07-08,2,0,Hourly,SR,AS_CAISO,DAM,SP_CLR_PRC,0,14
2023-07-08T12:00:00-00:00,2023-07-08T13:00:00-00:00,2023-07-08,6,0,Hourly,SR,AS_NP26,DAM,SP_CLR_PRC,0,14
2023-07-08T14:00:00-00:00,2023-07-08T15:00:00-00:00,2023-07-08,8,0,Hourly,SR,AS_NP26_EXP,DAM,SP_CLR_PRC,0.14,14
2023-07-08T16:00:00-00:00,2023-07-08T17:00:00-00:00,2023-07-08,10,0,Hourly,SR,AS_SP26,DAM,SP_CLR_PRC,0,14
2023-07-08T17:00:00-00:00,2023-07-08T18:00:00-00:00,2023-07-08,11,0,Hourly,SR,AS_NP26_EXP,DAM,SP_CLR_PRC,0.14,14
2023-07-08T18:00:00-00:00,2023-07-08T19:00:00-00:00,2023-07-08,12,0,Hourly,SR,AS_CAISO,DAM,SP_CLR_PRC,0,14
2023-07-08T19:00:00-00:00,2023-07-08T20:00:00-00:00,2023-07-08,13,0,Hourly,SR,AS_CAISO,DAM,SP_CLR_PRC,0,14
2023-07-08T19:00:00-00:00,2023-07-08T20:00:00-00:00,2023-07-08,13,0,Hourly,SR,AS_SP26_EXP,DAM,SP_CLR_PRC,0,14
2023-07-08T20:00:00-00:00,2023-07-08T21:00:00-00:00,2023-07-08,14,0,Hourly,SR,AS_NP26,DAM,SP_CLR_PRC,0,14
2023-07-08T21:00:00-00:00,2023-07-08T22:00:00-00:00,2023-07-08,15,0,Hourly,SR,AS_NP26,DAM,SP_CLR_PRC,0,14
2023-07-08T22:00:00-00:00,2023-07-08T23:00:00-00:00,2023-07-08,16,0,Hourly,SR,AS_CAISO_EXP,DAM,SP_CLR_PRC,0.86,14
2023-07-08T22:00:00-00:00,2023-07-08T23:00:00-00:00,2023-07-08,16,0,Hourly,SR,AS_NP26,DAM,SP_CLR_PRC,0,14
2023-07-08T23:00:00-00:00,2023-07-09T00:00:00-00:00,2023-07-08,17,0,Hourly,SR,AS_SP26,DAM,SP_CLR_PRC,0,14
2023-07-08T23:00:00-00:00,2023-07-09T00:00:00-00:00,2023-07-08,17,0,Hourly,SR,AS_SP26_EXP,DAM,SP_CLR_PRC,0,14
2023-07-09T00:00:00-00:00,2023-07-09T01:00:00-00:00,2023-07-08,18,0,Hourly,SR,AS_NP26,DAM,SP_CLR_PRC,0,14
2023-07-09T00:00:00-00:00,2023-07-09T01:00:00-00:00,2023-07-08,18,0,Hourly,SR,AS_SP26_EXP,DAM,SP_CLR_PRC,0,14
2023-07-09T03:00:00-00:00,2023-07-09T04:00:00-00:00,2023-07-08,21,0,Hourly,SR,AS_CAISO_EXP,DAM,SP_CLR_PRC,8.6307,14
2023-07-09T03:00:00-00:00,2023-07-09T04:00:00-00:00,2023-07-08,21,0,Hourly,SR,AS_NP26,DAM,SP_CLR_PRC,0,14
2023-07-09T03:00:00-00:00,2023-07-09T04:00:00-00:00,2023-07-08,21,0,Hourly,SR,AS_SP26,DAM,SP_CLR_PRC,0,14
2023-07-09T04:00:00-00:00,2023-07-09T05:00:00-00:00,2023-07-08,22,0,Hourly,SR,AS_SP26,DAM,SP_CLR_PRC,0,14
2023-07-09T06:00:00-00:00,2023-07-09T07:00:00-00:00,2023-07-08,24,0,Hourly,SR,AS_CAISO,DAM,SP_CLR_PRC,0,14
2023-07-08T07:00:00-00:00,2023-07-08T08:00:00-00:00,2023-07-08,1,0,Hourly,SR,AS_CAISO,DAM,SP_CLR_PRC,0,14
2023-07-08T07:00:00-00:00,2023-07-08T08:00:00-00:00,2023-07-08,1,0,Hourly,SR,AS_SP26,DAM,SP_CLR_PRC,0,14
2023-07-08T07:00:00-00:00,2023-07-08T08:00:00-00:00,2023-07-08,1,0,Hourly,SR,AS_SP26_EXP,DAM,SP_CLR_PRC,0,14
2023-07-08T08:00:00-00:00,2023-07-08T09:00:00-00:00,2023-07-08,2,0,Hourly,SR,AS_NP26_EXP,DAM,SP_CLR_PRC,0.14,14
2023-07-08T11:00:00-00:00,2023-07-08T12:00:00-00:00,2023-07-08,5,0,Hourly,SR,AS_CAISO,DAM,SP_CLR_PRC,0,14
2023-07-08T11:00:00-00:00,2023-07-08T12:00:00-00:00,2023-07-08,5,0,Hourly,SR,AS_CAISO_EXP,DAM,SP_CLR_PRC,0.73,14
2023-07-08T13:00:00-00:00,2023-07-08T14:00:00-00:00,2023-07-08,7,0,Hourly,SR,AS_NP26_EXP,DAM,SP_CLR_PRC,0.14,14
2023-07-08T14:00:00-00:00,2023-07-08T15:00:00-00:00,2023-07-08,8,0,Hourly,SR,AS_NP26,DAM,SP_CLR_PRC,0,14
2023-07-08T14:00:00-00:00,2023-07-08T15:00:00-00:00,2023-07-08,8,0,Hourly,SR,AS_SP26_EXP,DAM,SP_CLR_PRC,0,14
2023-07-08T15:00:00-00:00,2023-07-08T16:00:00-00:00,2023-07-08,9,0,Hourly,SR,AS_SP26_EXP,DAM,SP_CLR_PRC,0,14
2023-07-08T17:00:00-00:00,2023-07-08T18:00:00-00:00,2023-07-08,11,0,Hourly,SR,AS_SP26_EXP,DAM,SP_CLR_PRC,0,14
2023-07-08T19:00:00-00:00,2023-07-08T20:00:00-00:00,2023-07-08,13,0,Hourly,SR,AS_NP26_EXP,DAM,SP_CLR_PRC,0.14,14
2023-07-08T20:00:00-00:00,2023-07-08T21:00:00-00:00,2023-07-08,14,0,Hourly,SR,AS_CAISO,DAM,SP_CLR_PRC,0,14
2023-07-08T21:00:00-00:00,2023-07-08T22:00:00-00:00,2023-07-08,15,0,Hourly,SR,AS_NP26_EXP,DAM,SP_CLR_PRC,0.14,14
2023-07-09T00:00:00-00:00,2023-07-09T01:00:00-00:00,2023-07-08,18,0,Hourly,SR,AS_CAISO,DAM,SP_CLR_PRC,0,14
2023-07-09T01:00:00-00:00,2023-07-09T02:00:00-00:00,2023-07-08,19,0,Hourly,SR,AS_CAISO_EXP,DAM,SP_CLR_PRC,0.31,14
2023-07-09T02:00:00-00:00,2023-07-09T03:00:00-00:00,2023-07-08,20,0,Hourly,SR,AS_NP26,DAM,SP_CLR_PRC,0,14
2023-07-09T05:00:00-00:00,2023-07-09T06:00:00-00:00,2023-07-08,23,0,Hourly,SR,AS_NP26,DAM,SP_CLR_PRC,0,14
2023-07-09T05:00:00-00:00,2023-07-09T06:00:00-00:00,2023-07-08,23,0,Hourly,SR,AS_SP26_EXP,DAM,SP_CLR_PRC,0,14
2023-07-08T07:00:00-00:00,2023-07-08T08:00:00-00:00,2023-07-08,1,0,Hourly,SR,AS_NP26_EXP,DAM,SP_CLR_PRC,0.14,14
2023-07-08T08:00:00-00:00,2023-07-08T09:00:00-00:00,2023-07-08,2,0,Hourly,SR,AS_CAISO_EXP,DAM,SP_CLR_PRC,0.73,14
2023-07-08T10:00:00-00:00,2023-07-08T11:00:00-00:00,2023-07-08,4,0,Hourly,SR,AS_NP26,DAM,SP_CLR_PRC,0,14
2023-07-08T12:00:00-00:00,2023-07-08T13:00:00-00:00,2023-07-08,6,0,Hourly,SR,AS_CAISO,DAM,SP_CLR_PRC,0,14
2023-07-08T12:00:00-00:00,2023-07-08T13:00:00-00:00,2023-07-08,6,0,Hourly,SR,AS_CAISO_EXP,DAM,SP_CLR_PRC,0.73,14
2023-07-08T13:00:00-00:00,2023-07-08T14:00:00-00:00,2023-07-08,7,0,Hourly,SR,AS_CAISO_EXP,DAM,SP_CLR_PRC,0.86,14
2023-07-08T15:00:00-00:00,2023-07-08T16:00:00-00:00,2023-07-08,9,0,Hourly,SR,AS_NP26,DAM,SP_CLR_PRC,0,14
2023-07-08T16:00:00-00:00,2023-07-08T17:00:00-00:00,2023-07-08,10,0,Hourly,SR,AS_NP26_EXP,DAM,SP_CLR_PRC,0.19,14
2023-07-08T17:00:00-00:00,2023-07-08T18:00:00-00:00,2023-07-08,11,0,Hourly,SR,AS_NP26,DAM,SP_CLR_PRC,0,14
2023-07-08T23:00:00-00:00,2023-07-09T00:00:00-00:00,2023-07-08,17,0,Hourly,SR,AS_CAISO,DAM,SP_CLR_PRC,0,14
2023-07-09T00:00:00-00:00,2023-07-09T01:00:00-00:00,2023-07-08,18,0,Hourly,SR,AS_CAISO_EXP,DAM,SP_CLR_PRC,0.36,14
2023-07-09T01:00:00-00:00,2023-07-09T02:00:00-00:00,2023-07-08,19,0,Hourly,SR,AS_NP26,DAM,SP_CLR_PRC,0,14
2023-07-09T02:00:00-00:00,2023-07-09T03:00:00-00:00,2023-07-08,20,0,Hourly,SR,AS_CAISO,DAM,SP_CLR_PRC,0,14
2023-07-08T09:00:00-00:00,2023-07-08T10:00:00-00:00,2023-07-08,3,0,Hourly,SR,AS_CAISO,DAM,SP_CLR_PRC,0,14
2023-07-08T09:00:00-00:00,2023-07-08T10:00:00-00:00,2023-07-08,3,0,Hourly,SR,AS_NP26_EXP,DAM,SP_CLR_PRC,0.14,14
2023-07-08T09:00:00-00:00,2023-07-08T10:00:00-00:00,2023-07-08,3,0,Hourly,SR,AS_SP26,DAM,SP_CLR_PRC,0,14
2023-07-08T11:00:00-00:00,2023-07-08T12:00:00-00:00,2023-07-08,5,0,Hourly,SR,AS_SP26_EXP,DAM,SP_CLR_PRC,0,14
2023-07-08T13:00:00-00:00,2023-07-08T14:00:00-00:00,2023-07-08,7,0,Hourly,SR,AS_NP26,DAM,SP_CLR_PRC,0,14
2023-07-08T14:00:00-00:00,2023-07-08T15:00:00-00:00,2023-07-08,8,0,Hourly,SR,AS_CAISO,DAM,SP_CLR_PRC,0,14
2023-07-08T16:00:00-00:00,2023-07-08T17:00:00-00:00,2023-07-08,10,0,Hourly,SR,AS_CAISO,DAM,SP_CLR_PRC,0,14
2023-07-08T16:00:00-00:00,2023-07-08T17:00:00-00:00,2023-07-08,10,0,Hourly,SR,AS_CAISO_EXP,DAM,SP_CLR_PRC,0.81,14
2023-07-08T18:00:00-00:00,2023-07-08T19:00:00-00:00,2023-07-08,12,0,Hourly,SR,AS_NP26,DAM,SP_CLR_PRC,0,14
2023-07-08T18:00:00-00:00,2023-07-08T19:00:00-00:00,2023-07-08,12,0,Hourly,SR,AS_SP26,DAM,SP_CLR_PRC,0,14
2023-07-08T21:00:00-00:00,2023-07-08T22:00:00-00:00,2023-07-08,15,0,Hourly,SR,AS_SP26_EXP,DAM,SP_CLR_PRC,0,14
2023-07-08T22:00:00-00:00,2023-07-08T23:00:00-00:00,2023-07-08,16,0,Hourly,SR,AS_CAISO,DAM,SP_CLR_PRC,0,14
2023-07-08T23:00:00-00:00,2023-07-09T00:00:00-00:00,2023-07-08,17,0,Hourly,SR,AS_NP26,DAM,SP_CLR_PRC,0,14
2023-07-09T01:00:00-00:00,2023-07-09T02:00:00-00:00,2023-07-08,19,0,Hourly,SR,AS_NP26_EXP,DAM,SP_CLR_PRC,0.19,14
2023-07-09T03:00:00-00:00,2023-07-09T04:00:00-00:00,2023-07-08,21,0,Hourly,SR,AS_CAISO,DAM,SP_CLR_PRC,0,14
2023-07-09T06:00:00-00:00,2023-07-09T07:00:00-00:00,2023-07-08,24,0,Hourly,SR,AS_CAISO_EXP,DAM,SP_CLR_PRC,4.27249,14
2023-07-09T06:00:00-00:00,2023-07-09T07:00:00-00:00,2023-07-08,24,0,Hourly,SR,AS_NP26_EXP,DAM,SP_CLR_PRC,0,14
2023-07-08T07:00:00-00:00,2023-07-08T08:00:00-00:00,2023-07-08,1,0,Hourly,SR,AS_CAISO_EXP,DAM,SP_CLR_PRC,0.73,14
2023-07-08T08:00:00-00:00,2023-07-08T09:00:00-00:00,2023-07-08,2,0,Hourly,SR,AS_SP26,DAM,SP_CLR_PRC,0,14
2023-07-08T10:00:00-00:00,2023-07-08T11:00:00-00:00,2023-07-08,4,0,Hourly,SR,AS_CAISO,DAM,SP_CLR_PRC,0,14
2023-07-08T13:00:00-00:00,2023-07-08T14:00:00-00:00,2023-07-08,7,0,Hourly,SR,AS_CAISO,DAM,SP_CLR_PRC,0,14
2023-07-08T14:00:00-00:00,2023-07-08T15:00:00-00:00,2023-07-08,8,0,Hourly,SR,AS_SP26,DAM,SP_CLR_PRC,0,14
2023-07-08T15:00:00-00:00,2023-07-08T16:00:00-00:00,2023-07-08,9,0,Hourly,SR,AS_CAISO,DAM,SP_CLR_PRC,0,14
2023-07-08T16:00:00-00:00,2023-07-08T17:00:00-00:00,2023-07-08,10,0,Hourly,SR,AS_NP26,DAM,SP_CLR_PRC,0,14
2023-07-08T17:00:00-00:00,2023-07-08T18:00:00-00:00,2023-07-08,11,0,Hourly,SR,AS_SP26,DAM,SP_CLR_PRC,0,14
2023-07-08T18:00:00-00:00,2023-07-08T19:00:00-00:00,2023-07-08,12,0,Hourly,SR,AS_CAISO_EXP,DAM,SP_CLR_PRC,0.86,14
2023-07-08T19:00:00-00:00,2023-07-08T20:00:00-00:00,2023-07-08,13,0,Hourly,SR,AS_SP26,DAM,SP_CLR_PRC,0,14
2023-07-08T20:00:00-00:00,2023-07-08T21:00:00-00:00,2023-07-08,14,0,Hourly,SR,AS_NP26_EXP,DAM,SP_CLR_PRC,0.14,14
2023-07-08T21:00:00-00:00,2023-07-08T22:00:00-00:00,2023-07-08,15,0,Hourly,SR,AS_CAISO_EXP,DAM,SP_CLR_PRC,0.86,14
2023-07-08T22:00:00-00:00,2023-07-08T23:00:00-00:00,2023-07-08,16,0,Hourly,SR,AS_NP26_EXP,DAM,SP_CLR_PRC,0.14,14
2023-07-08T22:00:00-00:00,2023-07-08T23:00:00-00:00,2023-07-08,16,0,Hourly,SR,AS_SP26,DAM,SP_CLR_PRC,0,14
2023-07-09T00:00:00-00:00,2023-07-09T01:00:00-00:00,2023-07-08,18,0,Hourly,SR,AS_SP26,DAM,SP_CLR_PRC,0,14
2023-07-09T04:00:00-00:00,2023-07-09T05:00:00-00:00,2023-07-08,22,0,Hourly,SR,AS_CAISO_EXP,DAM,SP_CLR_PRC,4,14
2023-07-08T08:00:00-00:00,2023-07-08T09:00:00-00:00,2023-07-08,2,0,Hourly,SR,AS_SP26_EXP,DAM,SP_CLR_PRC,0,14
2023-07-08T10:00:00-00:00,2023-07-08T11:00:00-00:00,2023-07-08,4,0,Hourly,SR,AS_CAISO_EXP,DAM,SP_CLR_PRC,0.16,14
2023-07-08T10:00:00-00:00,2023-07-08T11:00:00-00:00,2023-07-08,4,0,Hourly,SR,AS_SP26,DAM,SP_CLR_PRC,0,14
2023-07-08T11:00:00-00:00,2023-07-08T12:00:00-00:00,2023-07-08,5,0,Hourly,SR,AS_NP26,DAM,SP_CLR_PRC,0,14
2023-07-08T12:00:00-00:00,2023-07-08T13:00:00-00:00,2023-07-08,6,0,Hourly,SR,AS_NP26_EXP,DAM,SP_CLR_PRC,0.14,14
2023-07-08T12:00:00-00:00,2023-07-08T13:00:00-00:00,2023-07-08,6,0,Hourly,SR,AS_SP26_EXP,DAM,SP_CLR_PRC,0,14
2023-07-08T13:00:00-00:00,2023-07-08T14:00:00-00:00,2023-07-08,7,0,Hourly,SR,AS_SP26,DAM,SP_CLR_PRC,0,14
2023-07-08T13:00:00-00:00,2023-07-08T14:00:00-00:00,2023-07-08,7,0,Hourly,SR,AS_SP26_EXP,DAM,SP_CLR_PRC,0,14
2023-07-08T14:00:00-00:00,2023-07-08T15:00:00-00:00,2023-07-08,8,0,Hourly,SR,AS_CAISO_EXP,DAM,SP_CLR_PRC,0.16,14
2023-07-08T16:00:00-00:00,2023-07-08T17:00:00-00:00,2023-07-08,10,0,Hourly,SR,AS_SP26_EXP,DAM,SP_CLR_PRC,0,14
2023-07-08T20:00:00-00:00,2023-07-08T21:00:00-00:00,2023-07-08,14,0,Hourly,SR,AS_SP26_EXP,DAM,SP_CLR_PRC,0,14
2023-07-08T21:00:00-00:00,2023-07-08T22:00:00-00:00,2023-07-08,15,0,Hourly,SR,AS_SP26,DAM,SP_CLR_PRC,0,14
2023-07-08T22:00:00-00:00,2023-07-08T23:00:00-00:00,2023-07-08,16,0,Hourly,SR,AS_SP26_EXP,DAM,SP_CLR_PRC,0,14
2023-07-09T00:00:00-00:00,2023-07-09T01:00:00-00:00,2023-07-08,18,0,Hourly,SR,AS_NP26_EXP,DAM,SP_CLR_PRC,0.14,14
2023-07-09T01:00:00-00:00,2023-07-09T02:00:00-00:00,2023-07-08,19,0,Hourly,SR,AS_CAISO,DAM,SP_CLR_PRC,0,14
2023-07-09T01:00:00-00:00,2023-07-09T02:00:00-00:00,2023-07-08,19,0,Hourly,SR,AS_SP26_EXP,DAM,SP_CLR_PRC,0,14
2023-07-09T02:00:00-00:00,2023-07-09T03:00:00-00:00,2023-07-08,20,0,Hourly,SR,AS_CAISO_EXP,DAM,SP_CLR_PRC,1.33744,14
2023-07-09T04:00:00-00:00,2023-07-09T05:00:00-00:00,2023-07-08,22,0,Hourly,SR,AS_CAISO,DAM,SP_CLR_PRC,0,14
2023-07-09T04:00:00-00:00,2023-07-09T05:00:00-00:00,2023-07-08,22,0,Hourly,SR,AS_SP26_EXP,DAM,SP_CLR_PRC,0,14
2023-07-09T05:00:00-00:00,2023-07-09T06:00:00-00:00,2023-07-08,23,0,Hourly,SR,AS_NP26_EXP,DAM,SP_CLR_PRC,0,14
2023-07-09T06:00:00-00:00,2023-07-09T07:00:00-00:00,2023-07-08,24,0,Hourly,SR,AS_NP26,DAM,SP_CLR_PRC,0,14
2023-07-09T06:00:00-00:00,2023-07-09T07:00:00-00:00,2023-07-08,24,0,Hourly,SR,AS_SP26_EXP,DAM,SP_CLR_PRC,0,14
2023-07-08T07:00:00-00:00,2023-07-08T08:00:00-00:00,2023-07-08,1,0,Hourly,SR,AS_NP26,DAM,SP_CLR_PRC,0,14
2023-07-08T08:00:00-00:00,2023-07-08T09:00:00-00:00,2023-07-08,2,0,Hourly,SR,AS_NP26,DAM,SP_CLR_PRC,0,14
2023-07-08T09:00:00-00:00,2023-07-08T10:00:00-00:00,2023-07-08,3,0,Hourly,SR,AS_CAISO_EXP,DAM,SP_CLR_PRC,0.68,14
2023-07-08T09:00:00-00:00,2023-07-08T10:00:00-00:00,2023-07-08,3,0,Hourly,SR,AS_NP26,DAM,SP_CLR_PRC,0,14
2023-07-08T10:00:00-00:00,2023-07-08T11:00:00-00:00,2023-07-08,4,0,Hourly,SR,AS_SP26_EXP,DAM,SP_CLR_PRC,0,14
2023-07-08T11:00:00-00:00,2023-07-08T12:00:00-00:00,2023-07-08,5,0,Hourly,SR,AS_SP26,DAM,SP_CLR_PRC,0,14
2023-07-08T12:00:00-00:00,2023-07-08T13:00:00-00:00,2023-07-08,6,0,Hourly,SR,AS_SP26,DAM,SP_CLR_PRC,0,14
2023-07-08T15:00:00-00:00,2023-07-08T16:00:00-00:00,2023-07-08,9,0,Hourly,SR,AS_CAISO_EXP,DAM,SP_CLR_PRC,0.16,14
2023-07-08T15:00:00-00:00,2023-07-08T16:00:00-00:00,2023-07-08,9,0,Hourly,SR,AS_SP26,DAM,SP_CLR_PRC,0,14
2023-07-08T18:00:00-00:00,2023-07-08T19:00:00-00:00,2023-07-08,12,0,Hourly,SR,AS_SP26_EXP,DAM,SP_CLR_PRC,0,14
2023-07-08T19:00:00-00:00,2023-07-08T20:00:00-00:00,2023-07-08,13,0,Hourly,SR,AS_CAISO_EXP,DAM,SP_CLR_PRC,0.86,14
2023-07-08T19:00:00-00:00,2023-07-08T20:00:00-00:00,2023-07-08,13,0,Hourly,SR,AS_NP26,DAM,SP_CLR_PRC,0,14
2023-07-08T20:00:00-00:00,2023-07-08T21:00:00-00:00,2023-07-08,14,0,Hourly,SR,AS_SP26,DAM,SP_CLR_PRC,0,14
2023-07-09T02:00:00-00:00,2023-07-09T03:00:00-00:00,2023-07-08,20,0,Hourly,SR,AS_NP26_EXP,DAM,SP_CLR_PRC,0,14
2023-07-09T02:00:00-00:00,2023-07-09T03:00:00-00:00,2023-07-08,20,0,Hourly,SR,AS_SP26,DAM,SP_CLR_PRC,0,14
2023-07-09T03:00:00-00:00,2023-07-09T04:00:00-00:00,2023-07-08,21,0,Hourly,SR,AS_SP26_EXP,DAM,SP_CLR_PRC,0,14
2023-07-09T06:00:00-00:00,2023-07-09T07:00:00-00:00,2023-07-08,24,0,Hourly,SR,AS_SP26,DAM,SP_CLR_PRC,0,14
2023-07-08T09:00:00-00:00,2023-07-08T10:00:00-00:00,2023-07-08,3,0,Hourly,SR,AS_SP26_EXP,DAM,SP_CLR_PRC,0,14
2023-07-08T10:00:00-00:00,2023-07-08T11:00:00-00:00,2023-07-08,4,0,Hourly,SR,AS_NP26_EXP,DAM,SP_CLR_PRC,0.14,14
2023-07-08T11:00:00-00:00,2023-07-08T12:00:00-00:00,2023-07-08,5,0,Hourly,SR,AS_NP26_EXP,DAM,SP_CLR_PRC,0.14,14
2023-07-08T15:00:00-00:00,2023-07-08T16:00:00-00:00,2023-07-08,9,0,Hourly,SR,AS_NP26_EXP,DAM,SP_CLR_PRC,0.14,14
2023-07-08T17:00:00-00:00,2023-07-08T18:00:00-00:00,2023-07-08,11,0,Hourly,SR,AS_CAISO,DAM,SP_CLR_PRC,0,14
2023-07-08T17:00:00-00:00,2023-07-08T18:00:00-00:00,2023-07-08,11,0,Hourly,SR,AS_CAISO_EXP,DAM,SP_CLR_PRC,0.86,14
2023-07-08T18:00:00-00:00,2023-07-08T19:00:00-00:00,2023-07-08,12,0,Hourly,SR,AS_NP26_EXP,DAM,SP_CLR_PRC,0.14,14
2023-07-08T20:00:00-00:00,2023-07-08T21:00:00-00:00,2023-07-08,14,0,Hourly,SR,AS_CAISO_EXP,DAM,SP_CLR_PRC,0.3,14
2023-07-08T21:00:00-00:00,2023-07-08T22:00:00-00:00,2023-07-08,15,0,Hourly,SR,AS_CAISO,DAM,SP_CLR_PRC,0,14
2023-07-08T23:00:00-00:00,2023-07-09T00:00:00-00:00,2023-07-08,17,0,Hourly,SR,AS_CAISO_EXP,DAM,SP_CLR_PRC,0.72,14
2023-07-08T23:00:00-00:00,2023-07-09T00:00:00-00:00,2023-07-08,17,0,Hourly,SR,AS_NP26_EXP,DAM,SP_CLR_PRC,0.19,14
2023-07-09T01:00:00-00:00,2023-07-09T02:00:00-00:00,2023-07-08,19,0,Hourly,SR,AS_SP26,DAM,SP_CLR_PRC,0,14
2023-07-09T02:00:00-00:00,2023-07-09T03:00:00-00:00,2023-07-08,20,0,Hourly,SR,AS_SP26_EXP,DAM,SP_CLR_PRC,0,14
2023-07-09T03:00:00-00:00,2023-07-09T04:00:00-00:00,2023-07-08,21,0,Hourly,SR,AS_NP26_EXP,DAM,SP_CLR_PRC,0,14
2023-07-09T04:00:00-00:00,2023-07-09T05:00:00-00:00,2023-07-08,22,0,Hourly,SR,AS_NP26,DAM,SP_CLR_PRC,0,14
2023-07-09T04:00:00-00:00,2023-07-09T05:00:00-00:00,2023-07-08,22,0,Hourly,SR,AS_NP26_EXP,DAM,SP_CLR_PRC,0,14
2023-07-09T05:00:00-00:00,2023-07-09T06:00:00-00:00,2023-07-08,23,0,Hourly,SR,AS_CAISO,DAM,SP_CLR_PRC,0,14
2023-07-09T05:00:00-00:00,2023-07-09T06:00:00-00:00,2023-07-08,23,0,Hourly,SR,AS_CAISO_EXP,DAM,SP_CLR_PRC,0.35,14
2023-07-09T05:00:00-00:00,2023-07-09T06:00:00-00:00,2023-07-08,23,0,Hourly,SR,AS_SP26,DAM,SP_CLR_PRC,0,14
2023-07-09T07:00:00-00:00,2023-07-09T08:00:00-00:00,2023-07-09,1,0,Hourly,SR,AS_SP26,DAM,SP_CLR_PRC,0,15
2023-07-09T08:00:00-00:00,2023-07-09T09:00:00-00:00,2023-07-09,2,0,Hourly,SR,AS_CAISO,DAM,SP_CLR_PRC,0,15
2023-07-09T08:00:00-00:00,2023-07-09T09:00:00-00:00,2023-07-09,2,0,Hourly,SR,AS_NP26,DAM,SP_CLR_PRC,0,15
2023-07-09T09:00:00-00:00,2023-07-09T10:00:00-00:00,2023-07-09,3,0,Hourly,SR,AS_SP26_EXP,DAM,SP_CLR_PRC,0,15
2023-07-09T10:00:00-00:00,2023-07-09T11:00:00-00:00,2023-07-09,4,0,Hourly,SR,AS_NP26,DAM,SP_CLR_PRC,0,15
2023-07-09T13:00:00-00:00,2023-07-09T14:00:00-00:00,2023-07-09,7,0,Hourly,SR,AS_SP26_EXP,DAM,SP_CLR_PRC,0,15
2023-07-09T15:00:00-00:00,2023-07-09T16:00:00-00:00,2023-07-09,9,0,Hourly,SR,AS_SP26,DAM,SP_CLR_PRC,0,15
2023-07-09T17:00:00-00:00,2023-07-09T18:00:00-00:00,2023-07-09,11,0,Hourly,SR,AS_CAISO_EXP,DAM,SP_CLR_PRC,1,15
2023-07-09T19:00:00-00:00,2023-07-09T20:00:00-00:00,2023-07-09,13,0,Hourly,SR,AS_SP26,DAM,SP_CLR_PRC,0,15
2023-07-09T20:00:00-00:00,2023-07-09T21:00:00-00:00,2023-07-09,14,0,Hourly,SR,AS_NP26,DAM,SP_CLR_PRC,0,15
2023-07-09T20:00:00-00:00,2023-07-09T21:00:00-00:00,2023-07-09,14,0,Hourly,SR,AS_NP26_EXP,DAM,SP_CLR_PRC,0,15
2023-07-09T21:00:00-00:00,2023-07-09T22:00:00-00:00,2023-07-09,15,0,Hourly,SR,AS_NP26_EXP,DAM,SP_CLR_PRC,0,15
2023-07-09T23:00:00-00:00,2023-07-10T00:00:00-00:00,2023-07-09,17,0,Hourly,SR,AS_CAISO_EXP,DAM,SP_CLR_PRC,0.81,15
2023-07-10T04:00:00-00:00,2023-07-10T05:00:00-00:00,2023-07-09,22,0,Hourly,SR,AS_CAISO_EXP,DAM,SP_CLR_PRC,4.38029,15
2023-07-10T05:00:00-00:00,2023-07-10T06:00:00-00:00,2023-07-09,23,0,Hourly,SR,AS_CAISO_EXP,DAM,SP_CLR_PRC,0.16,15
2023-07-10T06:00:00-00:00,2023-07-10T07:00:00-00:00,2023-07-09,24,0,Hourly,SR,AS_CAISO,DAM,SP_CLR_PRC,0,15
2023-07-10T02:00:00-00:00,2023-07-10T03:00:00-00:00,2023-07-09,20,0,Hourly,SR,AS_NP26,DAM,SP_CLR_PRC,0,15
2023-07-10T03:00:00-00:00,2023-07-10T04:00:00-00:00,2023-07-09,21,0,Hourly,SR,AS_CAISO,DAM,SP_CLR_PRC,0,15
2023-07-10T03:00:00-00:00,2023-07-10T04:00:00-00:00,2023-07-09,21,0,Hourly,SR,AS_NP26,DAM,SP_CLR_PRC,0,15
2023-07-10T04:00:00-00:00,2023-07-10T05:00:00-00:00,2023-07-09,22,0,Hourly,SR,AS_CAISO,DAM,SP_CLR_PRC,0,15
2023-07-10T04:00:00-00:00,2023-07-10T05:00:00-00:00,2023-07-09,22,0,Hourly,SR,AS_SP26,DAM,SP_CLR_PRC,0,15
2023-07-10T04:00:00-00:00,2023-07-10T05:00:00-00:00,2023-07-09,22,0,Hourly,SR,AS_SP26_EXP,DAM,SP_CLR_PRC,0,15
2023-07-10T06:00:00-00:00,2023-07-10T07:00:00-00:00,2023-07-09,24,0,Hourly,SR,AS_CAISO_EXP,DAM,SP_CLR_PRC,0.31,15
2023-07-09T10:00:00-00:00,2023-07-09T11:00:00-00:00,2023-07-09,4,0,Hourly,SR,AS_NP26_EXP,DAM,SP_CLR_PRC,0.14,15
2023-07-09T17:00:00-00:00,2023-07-09T18:00:00-00:00,2023-07-09,11,0,Hourly,SR,AS_NP26,DAM,SP_CLR_PRC,0,15
2023-07-09T18:00:00-00:00,2023-07-09T19:00:00-00:00,2023-07-09,12,0,Hourly,SR,AS_CAISO_EXP,DAM,SP_CLR_PRC,1,15
2023-07-09T19:00:00-00:00,2023-07-09T20:00:00-00:00,2023-07-09,13,0,Hourly,SR,AS_CAISO,DAM,SP_CLR_PRC,0,15
2023-07-09T19:00:00-00:00,2023-07-09T20:00:00-00:00,2023-07-09,13,0,Hourly,SR,AS_SP26_EXP,DAM,SP_CLR_PRC,0,15
2023-07-09T20:00:00-00:00,2023-07-09T21:00:00-00:00,2023-07-09,14,0,Hourly,SR,AS_SP26_EXP,DAM,SP_CLR_PRC,0,15
2023-07-09T22:00:00-00:00,2023-07-09T23:00:00-00:00,2023-07-09,16,0,Hourly,SR,AS_CAISO,DAM,SP_CLR_PRC,0,15
2023-07-09T23:00:00-00:00,2023-07-10T00:00:00-00:00,2023-07-09,17,0,Hourly,SR,AS_CAISO,DAM,SP_CLR_PRC,0,15
2023-07-10T00:00:00-00:00,2023-07-10T01:00:00-00:00,2023-07-09,18,0,Hourly,SR,AS_SP26,DAM,SP_CLR_PRC,0,15
2023-07-10T02:00:00-00:00,2023-07-10T03:00:00-00:00,2023-07-09,20,0,Hourly,SR,AS_CAISO,DAM,SP_CLR_PRC,0,15
2023-07-10T02:00:00-00:00,2023-07-10T03:00:00-00:00,2023-07-09,20,0,Hourly,SR,AS_NP26_EXP,DAM,SP_CLR_PRC,0.84,15
2023-07-10T03:00:00-00:00,2023-07-10T04:00:00-00:00,2023-07-09,21,0,Hourly,SR,AS_SP26,DAM,SP_CLR_PRC,0,15
2023-07-10T06:00:00-00:00,2023-07-10T07:00:00-00:00,2023-07-09,24,0,Hourly,SR,AS_NP26,DAM,SP_CLR_PRC,0,15
2023-07-09T07:00:00-00:00,2023-07-09T08:00:00-00:00,2023-07-09,1,0,Hourly,SR,AS_CAISO_EXP,DAM,SP_CLR_PRC,0.16,15
2023-07-09T08:00:00-00:00,2023-07-09T09:00:00-00:00,2023-07-09,2,0,Hourly,SR,AS_SP26_EXP,DAM,SP_CLR_PRC,0,15
2023-07-09T09:00:00-00:00,2023-07-09T10:00:00-00:00,2023-07-09,3,0,Hourly,SR,AS_CAISO_EXP,DAM,SP_CLR_PRC,0.16,15
2023-07-09T09:00:00-00:00,2023-07-09T10:00:00-00:00,2023-07-09,3,0,Hourly,SR,AS_NP26,DAM,SP_CLR_PRC,0,15
2023-07-09T11:00:00-00:00,2023-07-09T12:00:00-00:00,2023-07-09,5,0,Hourly,SR,AS_CAISO,DAM,SP_CLR_PRC,0,15
2023-07-09T11:00:00-00:00,2023-07-09T12:00:00-00:00,2023-07-09,5,0,Hourly,SR,AS_SP26,DAM,SP_CLR_PRC,0,15
2023-07-09T12:00:00-00:00,2023-07-09T13:00:00-00:00,2023-07-09,6,0,Hourly,SR,AS_NP26,DAM,SP_CLR_PRC,0,15
2023-07-09T12:00:00-00:00,2023-07-09T13:00:00-00:00,2023-07-09,6,0,Hourly,SR,AS_NP26_EXP,DAM,SP_CLR_PRC,0.14,15
2023-07-09T14:00:00-00:00,2023-07-09T15:00:00-00:00,2023-07-09,8,0,Hourly,SR,AS_CAISO,DAM,SP_CLR_PRC,0,15
2023-07-09T15:00:00-00:00,2023-07-09T16:00:00-00:00,2023-07-09,9,0,Hourly,SR,AS_SP26_EXP,DAM,SP_CLR_PRC,0,15
2023-07-09T16:00:00-00:00,2023-07-09T17:00:00-00:00,2023-07-09,10,0,Hourly,SR,AS_CAISO,DAM,SP_CLR_PRC,0,15
2023-07-09T16:00:00-00:00,2023-07-09T17:00:00-00:00,2023-07-09,10,0,Hourly,SR,AS_CAISO_EXP,DAM,SP_CLR_PRC,0.81,15
2023-07-09T16:00:00-00:00,2023-07-09T17:00:00-00:00,2023-07-09,10,0,Hourly,SR,AS_NP26,DAM,SP_CLR_PRC,0,15
2023-07-09T16:00:00-00:00,2023-07-09T17:00:00-00:00,2023-07-09,10,0,Hourly,SR,AS_SP26_EXP,DAM,SP_CLR_PRC,0,15
2023-07-09T18:00:00-00:00,2023-07-09T19:00:00-00:00,2023-07-09,12,0,Hourly,SR,AS_CAISO,DAM,SP_CLR_PRC,0,15
2023-07-09T20:00:00-00:00,2023-07-09T21:00:00-00:00,2023-07-09,14,0,Hourly,SR,AS_CAISO_EXP,DAM,SP_CLR_PRC,1,15
2023-07-09T21:00:00-00:00,2023-07-09T22:00:00-00:00,2023-07-09,15,0,Hourly,SR,AS_NP26,DAM,SP_CLR_PRC,0,15
2023-07-09T21:00:00-00:00,2023-07-09T22:00:00-00:00,2023-07-09,15,0,Hourly,SR,AS_SP26,DAM,SP_CLR_PRC,0,15
2023-07-09T22:00:00-00:00,2023-07-09T23:00:00-00:00,2023-07-09,16,0,Hourly,SR,AS_NP26_EXP,DAM,SP_CLR_PRC,0,15
2023-07-09T23:00:00-00:00,2023-07-10T00:00:00-00:00,2023-07-09,17,0,Hourly,SR,AS_SP26_EXP,DAM,SP_CLR_PRC,0,15
2023-07-10T00:00:00-00:00,2023-07-10T01:00:00-00:00,2023-07-09,18,0,Hourly,SR,AS_CAISO_EXP,DAM,SP_CLR_PRC,1,15
2023-07-10T00:00:00-00:00,2023-07-10T01:00:00-00:00,2023-07-09,18,0,Hourly,SR,AS_SP26_EXP,DAM,SP_CLR_PRC,0,15
2023-07-10T01:00:00-00:00,2023-07-10T02:00:00-00:00,2023-07-09,19,0,Hourly,SR,AS_SP26,DAM,SP_CLR_PRC,0,15
2023-07-10T03:00:00-00:00,2023-07-10T04:00:00-00:00,2023-07-09,21,0,Hourly,SR,AS_NP26_EXP,DAM,SP_CLR_PRC,0,15
2023-07-10T04:00:00-00:00,2023-07-10T05:00:00-00:00,2023-07-09,22,0,Hourly,SR,AS_NP26_EXP,DAM,SP_CLR_PRC,0,15
2023-07-10T05:00:00-00:00,2023-07-10T06:00:00-00:00,2023-07-09,23,0,Hourly,SR,AS_CAISO,DAM,SP_CLR_PRC,0,15
2023-07-10T05:00:00-00:00,2023-07-10T06:00:00-00:00,2023-07-09,23,0,Hourly,SR,AS_NP26,DAM,SP_CLR_PRC,0,15
2023-07-10T05:00:00-00:00,2023-07-10T06:00:00-00:00,2023-07-09,23,0,Hourly,SR,AS_SP26,DAM,SP_CLR_PRC,0,15
2023-07-10T06:00:00-00:00,2023-07-10T07:00:00-00:00,2023-07-09,24,0,Hourly,SR,AS_SP26,DAM,SP_CLR_PRC,0,15
2023-07-09T07:00:00-00:00,2023-07-09T08:00:00-00:00,2023-07-09,1,0,Hourly,SR,AS_CAISO,DAM,SP_CLR_PRC,0,15
2023-07-09T11:00:00-00:00,2023-07-09T12:00:00-00:00,2023-07-09,5,0,Hourly,SR,AS_NP26,DAM,SP_CLR_PRC,0,15
2023-07-09T11:00:00-00:00,2023-07-09T12:00:00-00:00,2023-07-09,5,0,Hourly,SR,AS_SP26_EXP,DAM,SP_CLR_PRC,0,15
2023-07-09T12:00:00-00:00,2023-07-09T13:00:00-00:00,2023-07-09,6,0,Hourly,SR,AS_CAISO_EXP,DAM,SP_CLR_PRC,0.16,15
2023-07-09T13:00:00-00:00,2023-07-09T14:00:00-00:00,2023-07-09,7,0,Hourly,SR,AS_SP26,DAM,SP_CLR_PRC,0,15
2023-07-09T14:00:00-00:00,2023-07-09T15:00:00-00:00,2023-07-09,8,0,Hourly,SR,AS_SP26,DAM,SP_CLR_PRC,0,15
2023-07-09T15:00:00-00:00,2023-07-09T16:00:00-00:00,2023-07-09,9,0,Hourly,SR,AS_NP26,DAM,SP_CLR_PRC,0,15
2023-07-09T17:00:00-00:00,2023-07-09T18:00:00-00:00,2023-07-09,11,0,Hourly,SR,AS_NP26_EXP,DAM,SP_CLR_PRC,0,15
2023-07-09T18:00:00-00:00,2023-07-09T19:00:00-00:00,2023-07-09,12,0,Hourly,SR,AS_SP26_EXP,DAM,SP_CLR_PRC,0,15
2023-07-09T22:00:00-00:00,2023-07-09T23:00:00-00:00,2023-07-09,16,0,Hourly,SR,AS_CAISO_EXP,DAM,SP_CLR_PRC,1,15
2023-07-10T00:00:00-00:00,2023-07-10T01:00:00-00:00,2023-07-09,18,0,Hourly,SR,AS_NP26,DAM,SP_CLR_PRC,0,15
2023-07-10T01:00:00-00:00,2023-07-10T02:00:00-00:00,2023-07-09,19,0,Hourly,SR,AS_SP26_EXP,DAM,SP_CLR_PRC,0,15
2023-07-10T05:00:00-00:00,2023-07-10T06:00:00-00:00,2023-07-09,23,0,Hourly,SR,AS_NP26_EXP,DAM,SP_CLR_PRC,0.19,15
2023-07-10T05:00:00-00:00,2023-07-10T06:00:00-00:00,2023-07-09,23,0,Hourly,SR,AS_SP26_EXP,DAM,SP_CLR_PRC,0,15
2023-07-10T06:00:00-00:00,2023-07-10T07:00:00-00:00,2023-07-09,24,0,Hourly,SR,AS_NP26_EXP,DAM,SP_CLR_PRC,0.19,15
2023-07-09T08:00:00-00:00,2023-07-09T09:00:00-00:00,2023-07-09,2,0,Hourly,SR,AS_CAISO_EXP,DAM,SP_CLR_PRC,0.86,15
2023-07-09T10:00:00-00:00,2023-07-09T11:00:00-00:00,2023-07-09,4,0,Hourly,SR,AS_CAISO,DAM,SP_CLR_PRC,0,15
2023-07-09T10:00:00-00:00,2023-07-09T11:00:00-00:00,2023-07-09,4,0,Hourly,SR,AS_SP26,DAM,SP_CLR_PRC,0,15
2023-07-09T11:00:00-00:00,2023-07-09T12:00:00-00:00,2023-07-09,5,0,Hourly,SR,AS_NP26_EXP,DAM,SP_CLR_PRC,0.14,15
2023-07-09T11:00:00-00:00,2023-07-09T12:00:00-00:00,2023-07-09,5,0,Hourly,SR,AS_CAISO_EXP,DAM,SP_CLR_PRC,0.36,15
2023-07-09T12:00:00-00:00,2023-07-09T13:00:00-00:00,2023-07-09,6,0,Hourly,SR,AS_SP26,DAM,SP_CLR_PRC,0,15
2023-07-09T14:00:00-00:00,2023-07-09T15:00:00-00:00,2023-07-09,8,0,Hourly,SR,AS_SP26_EXP,DAM,SP_CLR_PRC,0,15
2023-07-09T16:00:00-00:00,2023-07-09T17:00:00-00:00,2023-07-09,10,0,Hourly,SR,AS_NP26_EXP,DAM,SP_CLR_PRC,0.19,15
2023-07-09T19:00:00-00:00,2023-07-09T20:00:00-00:00,2023-07-09,13,0,Hourly,SR,AS_NP26_EXP,DAM,SP_CLR_PRC,0,15
2023-07-09T20:00:00-00:00,2023-07-09T21:00:00-00:00,2023-07-09,14,0,Hourly,SR,AS_CAISO,DAM,SP_CLR_PRC,0,15
2023-07-09T22:00:00-00:00,2023-07-09T23:00:00-00:00,2023-07-09,16,0,Hourly,SR,AS_NP26,DAM,SP_CLR_PRC,0,15
2023-07-09T23:00:00-00:00,2023-07-10T00:00:00-00:00,2023-07-09,17,0,Hourly,SR,AS_SP26,DAM,SP_CLR_PRC,0,15
2023-07-10T00:00:00-00:00,2023-07-10T01:00:00-00:00,2023-07-09,18,0,Hourly,SR,AS_NP26_EXP,DAM,SP_CLR_PRC,0.19,15
2023-07-09T08:00:00-00:00,2023-07-09T09:00:00-00:00,2023-07-09,2,0,Hourly,SR,AS_SP26,DAM,SP_CLR_PRC,0,15
2023-07-09T09:00:00-00:00,2023-07-09T10:00:00-00:00,2023-07-09,3,0,Hourly,SR,AS_NP26_EXP,DAM,SP_CLR_PRC,0.14,15
2023-07-09T13:00:00-00:00,2023-07-09T14:00:00-00:00,2023-07-09,7,0,Hourly,SR,AS_CAISO,DAM,SP_CLR_PRC,0,15
2023-07-09T13:00:00-00:00,2023-07-09T14:00:00-00:00,2023-07-09,7,0,Hourly,SR,AS_NP26,DAM,SP_CLR_PRC,0,15
2023-07-09T14:00:00-00:00,2023-07-09T15:00:00-00:00,2023-07-09,8,0,Hourly,SR,AS_CAISO_EXP,DAM,SP_CLR_PRC,0.16,15
2023-07-09T14:00:00-00:00,2023-07-09T15:00:00-00:00,2023-07-09,8,0,Hourly,SR,AS_NP26_EXP,DAM,SP_CLR_PRC,0.14,15
2023-07-09T15:00:00-00:00,2023-07-09T16:00:00-00:00,2023-07-09,9,0,Hourly,SR,AS_CAISO_EXP,DAM,SP_CLR_PRC,0.86,15
2023-07-09T17:00:00-00:00,2023-07-09T18:00:00-00:00,2023-07-09,11,0,Hourly,SR,AS_CAISO,DAM,SP_CLR_PRC,0,15
2023-07-09T18:00:00-00:00,2023-07-09T19:00:00-00:00,2023-07-09,12,0,Hourly,SR,AS_NP26,DAM,SP_CLR_PRC,0,15
2023-07-09T21:00:00-00:00,2023-07-09T22:00:00-00:00,2023-07-09,15,0,Hourly,SR,AS_CAISO,DAM,SP_CLR_PRC,0,15
2023-07-09T21:00:00-00:00,2023-07-09T22:00:00-00:00,2023-07-09,15,0,Hourly,SR,AS_CAISO_EXP,DAM,SP_CLR_PRC,1,15
2023-07-09T22:00:00-00:00,2023-07-09T23:00:00-00:00,2023-07-09,16,0,Hourly,SR,AS_SP26,DAM,SP_CLR_PRC,0,15
2023-07-09T23:00:00-00:00,2023-07-10T00:00:00-00:00,2023-07-09,17,0,Hourly,SR,AS_NP26_EXP,DAM,SP_CLR_PRC,0.19,15
2023-07-10T01:00:00-00:00,2023-07-10T02:00:00-00:00,2023-07-09,19,0,Hourly,SR,AS_NP26_EXP,DAM,SP_CLR_PRC,0.56,15
2023-07-10T01:00:00-00:00,2023-07-10T02:00:00-00:00,2023-07-09,19,0,Hourly,SR,AS_NP26,DAM,SP_CLR_PRC,0,15
2023-07-10T02:00:00-00:00,2023-07-10T03:00:00-00:00,2023-07-09,20,0,Hourly,SR,AS_SP26,DAM,SP_CLR_PRC,0,15
2023-07-10T02:00:00-00:00,2023-07-10T03:00:00-00:00,2023-07-09,20,0,Hourly,SR,AS_SP26_EXP,DAM,SP_CLR_PRC,0,15
2023-07-09T07:00:00-00:00,2023-07-09T08:00:00-00:00,2023-07-09,1,0,Hourly,SR,AS_NP26,DAM,SP_CLR_PRC,0,15
2023-07-09T08:00:00-00:00,2023-07-09T09:00:00-00:00,2023-07-09,2,0,Hourly,SR,AS_NP26_EXP,DAM,SP_CLR_PRC,0.14,15
2023-07-09T09:00:00-00:00,2023-07-09T10:00:00-00:00,2023-07-09,3,0,Hourly,SR,AS_CAISO,DAM,SP_CLR_PRC,0,15
2023-07-09T10:00:00-00:00,2023-07-09T11:00:00-00:00,2023-07-09,4,0,Hourly,SR,AS_CAISO_EXP,DAM,SP_CLR_PRC,0.16,15
2023-07-09T12:00:00-00:00,2023-07-09T13:00:00-00:00,2023-07-09,6,0,Hourly,SR,AS_CAISO,DAM,SP_CLR_PRC,0,15
2023-07-09T13:00:00-00:00,2023-07-09T14:00:00-00:00,2023-07-09,7,0,Hourly,SR,AS_CAISO_EXP,DAM,SP_CLR_PRC,0.16,15
2023-07-09T13:00:00-00:00,2023-07-09T14:00:00-00:00,2023-07-09,7,0,Hourly,SR,AS_NP26_EXP,DAM,SP_CLR_PRC,0.14,15
2023-07-09T16:00:00-00:00,2023-07-09T17:00:00-00:00,2023-07-09,10,0,Hourly,SR,AS_SP26,DAM,SP_CLR_PRC,0,15
2023-07-09T17:00:00-00:00,2023-07-09T18:00:00-00:00,2023-07-09,11,0,Hourly,SR,AS_SP26,DAM,SP_CLR_PRC,0,15
2023-07-09T18:00:00-00:00,2023-07-09T19:00:00-00:00,2023-07-09,12,0,Hourly,SR,AS_SP26,DAM,SP_CLR_PRC,0,15
2023-07-09T19:00:00-00:00,2023-07-09T20:00:00-00:00,2023-07-09,13,0,Hourly,SR,AS_CAISO_EXP,DAM,SP_CLR_PRC,1,15
2023-07-09T19:00:00-00:00,2023-07-09T20:00:00-00:00,2023-07-09,13,0,Hourly,SR,AS_NP26,DAM,SP_CLR_PRC,0,15
2023-07-10T01:00:00-00:00,2023-07-10T02:00:00-00:00,2023-07-09,19,0,Hourly,SR,AS_CAISO_EXP,DAM,SP_CLR_PRC,0.16,15
2023-07-10T03:00:00-00:00,2023-07-10T04:00:00-00:00,2023-07-09,21,0,Hourly,SR,AS_CAISO_EXP,DAM,SP_CLR_PRC,3.57178,15
2023-07-10T03:00:00-00:00,2023-07-10T04:00:00-00:00,2023-07-09,21,0,Hourly,SR,AS_SP26_EXP,DAM,SP_CLR_PRC,0,15
2023-07-10T04:00:00-00:00,2023-07-10T05:00:00-00:00,2023-07-09,22,0,Hourly,SR,AS_NP26,DAM,SP_CLR_PRC,0,15
2023-07-10T06:00:00-00:00,2023-07-10T07:00:00-00:00,2023-07-09,24,0,Hourly,SR,AS_SP26_EXP,DAM,SP_CLR_PRC,0,15
2023-07-09T07:00:00-00:00,2023-07-09T08:00:00-00:00,2023-07-09,1,0,Hourly,SR,AS_NP26_EXP,DAM,SP_CLR_PRC,0.19,15
2023-07-09T07:00:00-00:00,2023-07-09T08:00:00-00:00,2023-07-09,1,0,Hourly,SR,AS_SP26_EXP,DAM,SP_CLR_PRC,0,15
2023-07-09T09:00:00-00:00,2023-07-09T10:00:00-00:00,2023-07-09,3,0,Hourly,SR,AS_SP26,DAM,SP_CLR_PRC,0,15
2023-07-09T10:00:00-00:00,2023-07-09T11:00:00-00:00,2023-07-09,4,0,Hourly,SR,AS_SP26_EXP,DAM,SP_CLR_PRC,0,15
2023-07-09T12:00:00-00:00,2023-07-09T13:00:00-00:00,2023-07-09,6,0,Hourly,SR,AS_SP26_EXP,DAM,SP_CLR_PRC,0,15
2023-07-09T14:00:00-00:00,2023-07-09T15:00:00-00:00,2023-07-09,8,0,Hourly,SR,AS_NP26,DAM,SP_CLR_PRC,0,15
2023-07-09T15:00:00-00:00,2023-07-09T16:00:00-00:00,2023-07-09,9,0,Hourly,SR,AS_CAISO,DAM,SP_CLR_PRC,0,15
2023-07-09T15:00:00-00:00,2023-07-09T16:00:00-00:00,2023-07-09,9,0,Hourly,SR,AS_NP26_EXP,DAM,SP_CLR_PRC,0.14,15
2023-07-09T17:00:00-00:00,2023-07-09T18:00:00-00:00,2023-07-09,11,0,Hourly,SR,AS_SP26_EXP,DAM,SP_CLR_PRC,0,15
2023-07-09T18:00:00-00:00,2023-07-09T19:00:00-00:00,2023-07-09,12,0,Hourly,SR,AS_NP26_EXP,DAM,SP_CLR_PRC,0,15
2023-07-09T20:00:00-00:00,2023-07-09T21:00:00-00:00,2023-07-09,14,0,Hourly,SR,AS_SP26,DAM,SP_CLR_PRC,0,15
2023-07-09T21:00:00-00:00,2023-07-09T22:00:00-00:00,2023-07-09,15,0,Hourly,SR,AS_SP26_EXP,DAM,SP_CLR_PRC,0,15
2023-07-09T22:00:00-00:00,2023-07-09T23:00:00-00:00,2023-07-09,16,0,Hourly,SR,AS_SP26_EXP,DAM,SP_CLR_PRC,0,15
2023-07-09T23:00:00-00:00,2023-07-10T00:00:00-00:00,2023-07-09,17,0,Hourly,SR,AS_NP26,DAM,SP_CLR_PRC,0,15
2023-07-10T00:00:00-00:00,2023-07-10T01:00:00-00:00,2023-07-09,18,0,Hourly,SR,AS_CAISO,DAM,SP_CLR_PRC,0,15
2023-07-10T01:00:00-00:00,2023-07-10T02:00:00-00:00,2023-07-09,19,0,Hourly,SR,AS_CAISO,DAM,SP_CLR_PRC,0,15
2023-07-10T02:00:00-00:00,2023-07-10T03:00:00-00:00,2023-07-09,20,0,Hourly,SR,AS_CAISO_EXP,DAM,SP_CLR_PRC,1,15
2023-07-10T11:00:00-00:00,2023-07-10T12:00:00-00:00,2023-07-10,5,0,Hourly,SR,AS_CAISO,DAM,SP_CLR_PRC,0,16
2023-07-10T13:00:00-00:00,2023-07-10T14:00:00-00:00,2023-07-10,7,0,Hourly,SR,AS_NP26_EXP,DAM,SP_CLR_PRC,0.19,16
2023-07-10T16:00:00-00:00,2023-07-10T17:00:00-00:00,2023-07-10,10,0,Hourly,SR,AS_SP26,DAM,SP_CLR_PRC,0,16
2023-07-10T16:00:00-00:00,2023-07-10T17:00:00-00:00,2023-07-10,10,0,Hourly,SR,AS_SP26_EXP,DAM,SP_CLR_PRC,0,16
2023-07-10T17:00:00-00:00,2023-07-10T18:00:00-00:00,2023-07-10,11,0,Hourly,SR,AS_CAISO,DAM,SP_CLR_PRC,0,16
2023-07-10T18:00:00-00:00,2023-07-10T19:00:00-00:00,2023-07-10,12,0,Hourly,SR,AS_SP26,DAM,SP_CLR_PRC,0,16
2023-07-10T19:00:00-00:00,2023-07-10T20:00:00-00:00,2023-07-10,13,0,Hourly,SR,AS_CAISO,DAM,SP_CLR_PRC,0,16
2023-07-10T20:00:00-00:00,2023-07-10T21:00:00-00:00,2023-07-10,14,0,Hourly,SR,AS_SP26_EXP,DAM,SP_CLR_PRC,0,16
2023-07-10T21:00:00-00:00,2023-07-10T22:00:00-00:00,2023-07-10,15,0,Hourly,SR,AS_CAISO_EXP,DAM,SP_CLR_PRC,0.86,16
2023-07-10T21:00:00-00:00,2023-07-10T22:00:00-00:00,2023-07-10,15,0,Hourly,SR,AS_NP26_EXP,DAM,SP_CLR_PRC,0.14,16
2023-07-10T23:00:00-00:00,2023-07-11T00:00:00-00:00,2023-07-10,17,0,Hourly,SR,AS_NP26_EXP,DAM,SP_CLR_PRC,0.19,16
2023-07-11T00:00:00-00:00,2023-07-11T01:00:00-00:00,2023-07-10,18,0,Hourly,SR,AS_NP26,DAM,SP_CLR_PRC,0,16
2023-07-11T00:00:00-00:00,2023-07-11T01:00:00-00:00,2023-07-10,18,0,Hourly,SR,AS_NP26_EXP,DAM,SP_CLR_PRC,0.19,16
2023-07-11T03:00:00-00:00,2023-07-11T04:00:00-00:00,2023-07-10,21,0,Hourly,SR,AS_SP26_EXP,DAM,SP_CLR_PRC,0,16
2023-07-11T05:00:00-00:00,2023-07-11T06:00:00-00:00,2023-07-10,23,0,Hourly,SR,AS_CAISO,DAM,SP_CLR_PRC,0,16
2023-07-11T06:00:00-00:00,2023-07-11T07:00:00-00:00,2023-07-10,24,0,Hourly,SR,AS_SP26,DAM,SP_CLR_PRC,0,16
2023-07-11T04:00:00-00:00,2023-07-11T05:00:00-00:00,2023-07-10,22,0,Hourly,SR,AS_NP26_EXP,DAM,SP_CLR_PRC,0,16
2023-07-11T05:00:00-00:00,2023-07-11T06:00:00-00:00,2023-07-10,23,0,Hourly,SR,AS_NP26,DAM,SP_CLR_PRC,0,16
2023-07-11T06:00:00-00:00,2023-07-11T07:00:00-00:00,2023-07-10,24,0,Hourly,SR,AS_CAISO,DAM,SP_CLR_PRC,0,16
2023-07-10T08:00:00-00:00,2023-07-10T09:00:00-00:00,2023-07-10,2,0,Hourly,SR,AS_NP26_EXP,DAM,SP_CLR_PRC,0.19,16
2023-07-10T09:00:00-00:00,2023-07-10T10:00:00-00:00,2023-07-10,3,0,Hourly,SR,AS_CAISO,DAM,SP_CLR_PRC,0,16
2023-07-10T09:00:00-00:00,2023-07-10T10:00:00-00:00,2023-07-10,3,0,Hourly,SR,AS_NP26_EXP,DAM,SP_CLR_PRC,0.84,16
2023-07-10T11:00:00-00:00,2023-07-10T12:00:00-00:00,2023-07-10,5,0,Hourly,SR,AS_SP26_EXP,DAM,SP_CLR_PRC,0,16
2023-07-10T12:00:00-00:00,2023-07-10T13:00:00-00:00,2023-07-10,6,0,Hourly,SR,AS_NP26_EXP,DAM,SP_CLR_PRC,0.19,16
2023-07-10T13:00:00-00:00,2023-07-10T14:00:00-00:00,2023-07-10,7,0,Hourly,SR,AS_CAISO,DAM,SP_CLR_PRC,0,16
2023-07-10T14:00:00-00:00,2023-07-10T15:00:00-00:00,2023-07-10,8,0,Hourly,SR,AS_CAISO_EXP,DAM,SP_CLR_PRC,0.81,16
2023-07-10T15:00:00-00:00,2023-07-10T16:00:00-00:00,2023-07-10,9,0,Hourly,SR,AS_NP26,DAM,SP_CLR_PRC,0,16
2023-07-10T16:00:00-00:00,2023-07-10T17:00:00-00:00,2023-07-10,10,0,Hourly,SR,AS_NP26_EXP,DAM,SP_CLR_PRC,0.14,16
2023-07-10T17:00:00-00:00,2023-07-10T18:00:00-00:00,2023-07-10,11,0,Hourly,SR,AS_CAISO_EXP,DAM,SP_CLR_PRC,0.86,16
2023-07-10T18:00:00-00:00,2023-07-10T19:00:00-00:00,2023-07-10,12,0,Hourly,SR,AS_NP26_EXP,DAM,SP_CLR_PRC,0.14,16
2023-07-10T18:00:00-00:00,2023-07-10T19:00:00-00:00,2023-07-10,12,0,Hourly,SR,AS_SP26_EXP,DAM,SP_CLR_PRC,0,16
2023-07-10T19:00:00-00:00,2023-07-10T20:00:00-00:00,2023-07-10,13,0,Hourly,SR,AS_CAISO_EXP,DAM,SP_CLR_PRC,0.86,16
2023-07-10T19:00:00-00:00,2023-07-10T20:00:00-00:00,2023-07-10,13,0,Hourly,SR,AS_NP26,DAM,SP_CLR_PRC,0,16
2023-07-10T21:00:00-00:00,2023-07-10T22:00:00-00:00,2023-07-10,15,0,Hourly,SR,AS_SP26,DAM,SP_CLR_PRC,0,16
2023-07-11T01:00:00-00:00,2023-07-11T02:00:00-00:00,2023-07-10,19,0,Hourly,SR,AS_NP26_EXP,DAM,SP_CLR_PRC,0.56,16
2023-07-11T04:00:00-00:00,2023-07-11T05:00:00-00:00,2023-07-10,22,0,Hourly,SR,AS_NP26,DAM,SP_CLR_PRC,0,16
2023-07-11T04:00:00-00:00,2023-07-11T05:00:00-00:00,2023-07-10,22,0,Hourly,SR,AS_SP26,DAM,SP_CLR_PRC,0,16
2023-07-11T05:00:00-00:00,2023-07-11T06:00:00-00:00,2023-07-10,23,0,Hourly,SR,AS_CAISO_EXP,DAM,SP_CLR_PRC,3,16
2023-07-10T07:00:00-00:00,2023-07-10T08:00:00-00:00,2023-07-10,1,0,Hourly,SR,AS_CAISO,DAM,SP_CLR_PRC,0,16
2023-07-10T07:00:00-00:00,2023-07-10T08:00:00-00:00,2023-07-10,1,0,Hourly,SR,AS_SP26_EXP,DAM,SP_CLR_PRC,0,16
2023-07-10T08:00:00-00:00,2023-07-10T09:00:00-00:00,2023-07-10,2,0,Hourly,SR,AS_CAISO_EXP,DAM,SP_CLR_PRC,0.16,16
2023-07-10T08:00:00-00:00,2023-07-10T09:00:00-00:00,2023-07-10,2,0,Hourly,SR,AS_NP26,DAM,SP_CLR_PRC,0,16
2023-07-10T08:00:00-00:00,2023-07-10T09:00:00-00:00,2023-07-10,2,0,Hourly,SR,AS_SP26_EXP,DAM,SP_CLR_PRC,0,16
2023-07-10T11:00:00-00:00,2023-07-10T12:00:00-00:00,2023-07-10,5,0,Hourly,SR,AS_SP26,DAM,SP_CLR_PRC,0,16
2023-07-10T13:00:00-00:00,2023-07-10T14:00:00-00:00,2023-07-10,7,0,Hourly,SR,AS_NP26,DAM,SP_CLR_PRC,0,16
2023-07-10T15:00:00-00:00,2023-07-10T16:00:00-00:00,2023-07-10,9,0,Hourly,SR,AS_NP26_EXP,DAM,SP_CLR_PRC,0.14,16
2023-07-10T15:00:00-00:00,2023-07-10T16:00:00-00:00,2023-07-10,9,0,Hourly,SR,AS_SP26_EXP,DAM,SP_CLR_PRC,0,16
2023-07-10T16:00:00-00:00,2023-07-10T17:00:00-00:00,2023-07-10,10,0,Hourly,SR,AS_CAISO,DAM,SP_CLR_PRC,0,16
2023-07-10T18:00:00-00:00,2023-07-10T19:00:00-00:00,2023-07-10,12,0,Hourly,SR,AS_CAISO,DAM,SP_CLR_PRC,0,16
2023-07-10T18:00:00-00:00,2023-07-10T19:00:00-00:00,2023-07-10,12,0,Hourly,SR,AS_NP26,DAM,SP_CLR_PRC,0,16
2023-07-10T19:00:00-00:00,2023-07-10T20:00:00-00:00,2023-07-10,13,0,Hourly,SR,AS_SP26,DAM,SP_CLR_PRC,0,16
2023-07-10T20:00:00-00:00,2023-07-10T21:00:00-00:00,2023-07-10,14,0,Hourly,SR,AS_CAISO_EXP,DAM,SP_CLR_PRC,0.77864,16
2023-07-10T20:00:00-00:00,2023-07-10T21:00:00-00:00,2023-07-10,14,0,Hourly,SR,AS_NP26_EXP,DAM,SP_CLR_PRC,0.14,16
2023-07-10T23:00:00-00:00,2023-07-11T00:00:00-00:00,2023-07-10,17,0,Hourly,SR,AS_NP26,DAM,SP_CLR_PRC,0,16
2023-07-11T01:00:00-00:00,2023-07-11T02:00:00-00:00,2023-07-10,19,0,Hourly,SR,AS_NP26,DAM,SP_CLR_PRC,0,16
2023-07-11T02:00:00-00:00,2023-07-11T03:00:00-00:00,2023-07-10,20,0,Hourly,SR,AS_CAISO,DAM,SP_CLR_PRC,0,16
2023-07-11T02:00:00-00:00,2023-07-11T03:00:00-00:00,2023-07-10,20,0,Hourly,SR,AS_NP26,DAM,SP_CLR_PRC,0,16
2023-07-11T03:00:00-00:00,2023-07-11T04:00:00-00:00,2023-07-10,21,0,Hourly,SR,AS_NP26,DAM,SP_CLR_PRC,0,16
2023-07-11T03:00:00-00:00,2023-07-11T04:00:00-00:00,2023-07-10,21,0,Hourly,SR,AS_NP26_EXP,DAM,SP_CLR_PRC,0,16
2023-07-11T06:00:00-00:00,2023-07-11T07:00:00-00:00,2023-07-10,24,0,Hourly,SR,AS_NP26_EXP,DAM,SP_CLR_PRC,0,16
2023-07-10T07:00:00-00:00,2023-07-10T08:00:00-00:00,2023-07-10,1,0,Hourly,SR,AS_NP26,DAM,SP_CLR_PRC,0,16
2023-07-10T08:00:00-00:00,2023-07-10T09:00:00-00:00,2023-07-10,2,0,Hourly,SR,AS_CAISO,DAM,SP_CLR_PRC,0,16
2023-07-10T09:00:00-00:00,2023-07-10T10:00:00-00:00,2023-07-10,3,0,Hourly,SR,AS_SP26_EXP,DAM,SP_CLR_PRC,0,16
2023-07-10T12:00:00-00:00,2023-07-10T13:00:00-00:00,2023-07-10,6,0,Hourly,SR,AS_SP26_EXP,DAM,SP_CLR_PRC,0,16
2023-07-10T15:00:00-00:00,2023-07-10T16:00:00-00:00,2023-07-10,9,0,Hourly,SR,AS_CAISO,DAM,SP_CLR_PRC,0,16
2023-07-10T15:00:00-00:00,2023-07-10T16:00:00-00:00,2023-07-10,9,0,Hourly,SR,AS_SP26,DAM,SP_CLR_PRC,0,16
2023-07-10T17:00:00-00:00,2023-07-10T18:00:00-00:00,2023-07-10,11,0,Hourly,SR,AS_NP26_EXP,DAM,SP_CLR_PRC,0.14,16
2023-07-10T19:00:00-00:00,2023-07-10T20:00:00-00:00,2023-07-10,13,0,Hourly,SR,AS_SP26_EXP,DAM,SP_CLR_PRC,0,16
2023-07-10T20:00:00-00:00,2023-07-10T21:00:00-00:00,2023-07-10,14,0,Hourly,SR,AS_CAISO,DAM,SP_CLR_PRC,0,16
2023-07-10T20:00:00-00:00,2023-07-10T21:00:00-00:00,2023-07-10,14,0,Hourly,SR,AS_SP26,DAM,SP_CLR_PRC,0,16
2023-07-10T21:00:00-00:00,2023-07-10T22:00:00-00:00,2023-07-10,15,0,Hourly,SR,AS_NP26,DAM,SP_CLR_PRC,0,16
2023-07-10T21:00:00-00:00,2023-07-10T22:00:00-00:00,2023-07-10,15,0,Hourly,SR,AS_SP26_EXP,DAM,SP_CLR_PRC,0,16
2023-07-10T22:00:00-00:00,2023-07-10T23:00:00-00:00,2023-07-10,16,0,Hourly,SR,AS_CAISO,DAM,SP_CLR_PRC,0,16
2023-07-10T22:00:00-00:00,2023-07-10T23:00:00-00:00,2023-07-10,16,0,Hourly,SR,AS_CAISO_EXP,DAM,SP_CLR_PRC,0.86,16
2023-07-11T06:00:00-00:00,2023-07-11T07:00:00-00:00,2023-07-10,24,0,Hourly,SR,AS_CAISO_EXP,DAM,SP_CLR_PRC,0.5,16
2023-07-11T06:00:00-00:00,2023-07-11T07:00:00-00:00,2023-07-10,24,0,Hourly,SR,AS_NP26,DAM,SP_CLR_PRC,0,16
2023-07-11T06:00:00-00:00,2023-07-11T07:00:00-00:00,2023-07-10,24,0,Hourly,SR,AS_SP26_EXP,DAM,SP_CLR_PRC,0,16
2023-07-10T07:00:00-00:00,2023-07-10T08:00:00-00:00,2023-07-10,1,0,Hourly,SR,AS_SP26,DAM,SP_CLR_PRC,0,16
2023-07-10T08:00:00-00:00,2023-07-10T09:00:00-00:00,2023-07-10,2,0,Hourly,SR,AS_SP26,DAM,SP_CLR_PRC,0,16
2023-07-10T10:00:00-00:00,2023-07-10T11:00:00-00:00,2023-07-10,4,0,Hourly,SR,AS_SP26_EXP,DAM,SP_CLR_PRC,0,16
2023-07-10T07:00:00-00:00,2023-07-10T08:00:00-00:00,2023-07-10,1,0,Hourly,SR,AS_NP26_EXP,DAM,SP_CLR_PRC,0.19,16
2023-07-10T10:00:00-00:00,2023-07-10T11:00:00-00:00,2023-07-10,4,0,Hourly,SR,AS_NP26,DAM,SP_CLR_PRC,0,16
2023-07-10T10:00:00-00:00,2023-07-10T11:00:00-00:00,2023-07-10,4,0,Hourly,SR,AS_NP26_EXP,DAM,SP_CLR_PRC,0.19,16
2023-07-10T11:00:00-00:00,2023-07-10T12:00:00-00:00,2023-07-10,5,0,Hourly,SR,AS_CAISO_EXP,DAM,SP_CLR_PRC,0.16,16
2023-07-10T13:00:00-00:00,2023-07-10T14:00:00-00:00,2023-07-10,7,0,Hourly,SR,AS_CAISO_EXP,DAM,SP_CLR_PRC,0.26,16
2023-07-10T14:00:00-00:00,2023-07-10T15:00:00-00:00,2023-07-10,8,0,Hourly,SR,AS_NP26_EXP,DAM,SP_CLR_PRC,0.19,16
2023-07-10T21:00:00-00:00,2023-07-10T22:00:00-00:00,2023-07-10,15,0,Hourly,SR,AS_CAISO,DAM,SP_CLR_PRC,0,16
2023-07-11T00:00:00-00:00,2023-07-11T01:00:00-00:00,2023-07-10,18,0,Hourly,SR,AS_CAISO_EXP,DAM,SP_CLR_PRC,0.16,16
2023-07-11T01:00:00-00:00,2023-07-11T02:00:00-00:00,2023-07-10,19,0,Hourly,SR,AS_SP26_EXP,DAM,SP_CLR_PRC,0,16
2023-07-11T02:00:00-00:00,2023-07-11T03:00:00-00:00,2023-07-10,20,0,Hourly,SR,AS_NP26_EXP,DAM,SP_CLR_PRC,0,16
2023-07-11T04:00:00-00:00,2023-07-11T05:00:00-00:00,2023-07-10,22,0,Hourly,SR,AS_SP26_EXP,DAM,SP_CLR_PRC,0,16
2023-07-11T05:00:00-00:00,2023-07-11T06:00:00-00:00,2023-07-10,23,0,Hourly,SR,AS_NP26_EXP,DAM,SP_CLR_PRC,0,16
2023-07-10T07:00:00-00:00,2023-07-10T08:00:00-00:00,2023-07-10,1,0,Hourly,SR,AS_CAISO_EXP,DAM,SP_CLR_PRC,0.16,16
2023-07-10T09:00:00-00:00,2023-07-10T10:00:00-00:00,2023-07-10,3,0,Hourly,SR,AS_SP26,DAM,SP_CLR_PRC,0,16
2023-07-10T10:00:00-00:00,2023-07-10T11:00:00-00:00,2023-07-10,4,0,Hourly,SR,AS_SP26,DAM,SP_CLR_PRC,0,16
2023-07-10T12:00:00-00:00,2023-07-10T13:00:00-00:00,2023-07-10,6,0,Hourly,SR,AS_CAISO_EXP,DAM,SP_CLR_PRC,0.16,16
2023-07-10T12:00:00-00:00,2023-07-10T13:00:00-00:00,2023-07-10,6,0,Hourly,SR,AS_NP26,DAM,SP_CLR_PRC,0,16
2023-07-10T12:00:00-00:00,2023-07-10T13:00:00-00:00,2023-07-10,6,0,Hourly,SR,AS_SP26,DAM,SP_CLR_PRC,0,16
2023-07-10T14:00:00-00:00,2023-07-10T15:00:00-00:00,2023-07-10,8,0,Hourly,SR,AS_SP26,DAM,SP_CLR_PRC,0,16
2023-07-10T16:00:00-00:00,2023-07-10T17:00:00-00:00,2023-07-10,10,0,Hourly,SR,AS_CAISO_EXP,DAM,SP_CLR_PRC,0.16,16
2023-07-10T20:00:00-00:00,2023-07-10T21:00:00-00:00,2023-07-10,14,0,Hourly,SR,AS_NP26,DAM,SP_CLR_PRC,0,16
2023-07-10T22:00:00-00:00,2023-07-10T23:00:00-00:00,2023-07-10,16,0,Hourly,SR,AS_SP26,DAM,SP_CLR_PRC,0,16
2023-07-10T22:00:00-00:00,2023-07-10T23:00:00-00:00,2023-07-10,16,0,Hourly,SR,AS_SP26_EXP,DAM,SP_CLR_PRC,0,16
2023-07-10T23:00:00-00:00,2023-07-11T00:00:00-00:00,2023-07-10,17,0,Hourly,SR,AS_CAISO_EXP,DAM,SP_CLR_PRC,0.81,16
2023-07-11T03:00:00-00:00,2023-07-11T04:00:00-00:00,2023-07-10,21,0,Hourly,SR,AS_SP26,DAM,SP_CLR_PRC,0,16
2023-07-11T04:00:00-00:00,2023-07-11T05:00:00-00:00,2023-07-10,22,0,Hourly,SR,AS_CAISO,DAM,SP_CLR_PRC,0,16
2023-07-11T05:00:00-00:00,2023-07-11T06:00:00-00:00,2023-07-10,23,0,Hourly,SR,AS_SP26_EXP,DAM,SP_CLR_PRC,0,16
2023-07-10T09:00:00-00:00,2023-07-10T10:00:00-00:00,2023-07-10,3,0,Hourly,SR,AS_CAISO_EXP,DAM,SP_CLR_PRC,0.16,16
2023-07-10T09:00:00-00:00,2023-07-10T10:00:00-00:00,2023-07-10,3,0,Hourly,SR,AS_NP26,DAM,SP_CLR_PRC,0,16
2023-07-10T10:00:00-00:00,2023-07-10T11:00:00-00:00,2023-07-10,4,0,Hourly,SR,AS_CAISO,DAM,SP_CLR_PRC,0,16
2023-07-10T10:00:00-00:00,2023-07-10T11:00:00-00:00,2023-07-10,4,0,Hourly,SR,AS_CAISO_EXP,DAM,SP_CLR_PRC,0.16,16
2023-07-10T11:00:00-00:00,2023-07-10T12:00:00-00:00,2023-07-10,5,0,Hourly,SR,AS_NP26,DAM,SP_CLR_PRC,0,16
2023-07-10T11:00:00-00:00,2023-07-10T12:00:00-00:00,2023-07-10,5,0,Hourly,SR,AS_NP26_EXP,DAM,SP_CLR_PRC,0.19,16
2023-07-10T13:00:00-00:00,2023-07-10T14:00:00-00:00,2023-07-10,7,0,Hourly,SR,AS_SP26_EXP,DAM,SP_CLR_PRC,0,16
2023-07-10T14:00:00-00:00,2023-07-10T15:00:00-00:00,2023-07-10,8,0,Hourly,SR,AS_CAISO,DAM,SP_CLR_PRC,0,16
2023-07-10T14:00:00-00:00,2023-07-10T15:00:00-00:00,2023-07-10,8,0,Hourly,SR,AS_SP26_EXP,DAM,SP_CLR_PRC,0,16
2023-07-10T15:00:00-00:00,2023-07-10T16:00:00-00:00,2023-07-10,9,0,Hourly,SR,AS_CAISO_EXP,DAM,SP_CLR_PRC,0.86,16
2023-07-10T16:00:00-00:00,2023-07-10T17:00:00-00:00,2023-07-10,10,0,Hourly,SR,AS_NP26,DAM,SP_CLR_PRC,0,16
2023-07-10T17:00:00-00:00,2023-07-10T18:00:00-00:00,2023-07-10,11,0,Hourly,SR,AS_NP26,DAM,SP_CLR_PRC,0,16
2023-07-10T17:00:00-00:00,2023-07-10T18:00:00-00:00,2023-07-10,11,0,Hourly,SR,AS_SP26,DAM,SP_CLR_PRC,0,16
2023-07-10T18:00:00-00:00,2023-07-10T19:00:00-00:00,2023-07-10,12,0,Hourly,SR,AS_CAISO_EXP,DAM,SP_CLR_PRC,0.3,16
2023-07-10T19:00:00-00:00,2023-07-10T20:00:00-00:00,2023-07-10,13,0,Hourly,SR,AS_NP26_EXP,DAM,SP_CLR_PRC,0.14,16
2023-07-10T22:00:00-00:00,2023-07-10T23:00:00-00:00,2023-07-10,16,0,Hourly,SR,AS_NP26_EXP,DAM,SP_CLR_PRC,0.14,16
2023-07-10T23:00:00-00:00,2023-07-11T00:00:00-00:00,2023-07-10,17,0,Hourly,SR,AS_CAISO,DAM,SP_CLR_PRC,0,16
2023-07-10T23:00:00-00:00,2023-07-11T00:00:00-00:00,2023-07-10,17,0,Hourly,SR,AS_SP26,DAM,SP_CLR_PRC,0,16
2023-07-10T23:00:00-00:00,2023-07-11T00:00:00-00:00,2023-07-10,17,0,Hourly,SR,AS_SP26_EXP,DAM,SP_CLR_PRC,0,16
2023-07-11T00:00:00-00:00,2023-07-11T01:00:00-00:00,2023-07-10,18,0,Hourly,SR,AS_CAISO,DAM,SP_CLR_PRC,0,16
2023-07-11T00:00:00-00:00,2023-07-11T01:00:00-00:00,2023-07-10,18,0,Hourly,SR,AS_SP26_EXP,DAM,SP_CLR_PRC,0,16
2023-07-11T01:00:00-00:00,2023-07-11T02:00:00-00:00,2023-07-10,19,0,Hourly,SR,AS_CAISO,DAM,SP_CLR_PRC,0,16
2023-07-11T01:00:00-00:00,2023-07-11T02:00:00-00:00,2023-07-10,19,0,Hourly,SR,AS_SP26,DAM,SP_CLR_PRC,0,16
2023-07-11T02:00:00-00:00,2023-07-11T03:00:00-00:00,2023-07-10,20,0,Hourly,SR,AS_SP26_EXP,DAM,SP_CLR_PRC,0,16
2023-07-11T03:00:00-00:00,2023-07-11T04:00:00-00:00,2023-07-10,21,0,Hourly,SR,AS_CAISO,DAM,SP_CLR_PRC,0,16
2023-07-11T05:00:00-00:00,2023-07-11T06:00:00-00:00,2023-07-10,23,0,Hourly,SR,AS_SP26,DAM,SP_CLR_PRC,0,16
2023-07-10T12:00:00-00:00,2023-07-10T13:00:00-00:00,2023-07-10,6,0,Hourly,SR,AS_CAISO,DAM,SP_CLR_PRC,0,16
2023-07-10T13:00:00-00:00,2023-07-10T14:00:00-00:00,2023-07-10,7,0,Hourly,SR,AS_SP26,DAM,SP_CLR_PRC,0,16
2023-07-10T14:00:00-00:00,2023-07-10T15:00:00-00:00,2023-07-10,8,0,Hourly,SR,AS_NP26,DAM,SP_CLR_PRC,0,16
2023-07-10T17:00:00-00:00,2023-07-10T18:00:00-00:00,2023-07-10,11,0,Hourly,SR,AS_SP26_EXP,DAM,SP_CLR_PRC,0,16
2023-07-10T22:00:00-00:00,2023-07-10T23:00:00-00:00,2023-07-10,16,0,Hourly,SR,AS_NP26,DAM,SP_CLR_PRC,0,16
2023-07-11T00:00:00-00:00,2023-07-11T01:00:00-00:00,2023-07-10,18,0,Hourly,SR,AS_SP26,DAM,SP_CLR_PRC,0,16
2023-07-11T01:00:00-00:00,2023-07-11T02:00:00-00:00,2023-07-10,19,0,Hourly,SR,AS_CAISO_EXP,DAM,SP_CLR_PRC,0.16,16
2023-07-11T02:00:00-00:00,2023-07-11T03:00:00-00:00,2023-07-10,20,0,Hourly,SR,AS_CAISO_EXP,DAM,SP_CLR_PRC,4.56,16
2023-07-11T02:00:00-00:00,2023-07-11T03:00:00-00:00,2023-07-10,20,0,Hourly,SR,AS_SP26,DAM,SP_CLR_PRC,0,16
2023-07-11T03:00:00-00:00,2023-07-11T04:00:00-00:00,2023-07-10,21,0,Hourly,SR,AS_CAISO_EXP,DAM,SP_CLR_PRC,2.3,16
2023-07-11T04:00:00-00:00,2023-07-11T05:00:00-00:00,2023-07-10,22,0,Hourly,SR,AS_CAISO_EXP,DAM,SP_CLR_PRC,1.66174,16
2023-07-11T09:00:00-00:00,2023-07-11T10:00:00-00:00,2023-07-11,3,0,Hourly,SR,AS_NP26_EXP,DAM,SP_CLR_PRC,0.14,17
2023-07-11T10:00:00-00:00,2023-07-11T11:00:00-00:00,2023-07-11,4,0,Hourly,SR,AS_NP26,DAM,SP_CLR_PRC,0,17
2023-07-11T11:00:00-00:00,2023-07-11T12:00:00-00:00,2023-07-11,5,0,Hourly,SR,AS_SP26,DAM,SP_CLR_PRC,0,17
2023-07-11T12:00:00-00:00,2023-07-11T13:00:00-00:00,2023-07-11,6,0,Hourly,SR,AS_NP26_EXP,DAM,SP_CLR_PRC,0.14,17
2023-07-11T13:00:00-00:00,2023-07-11T14:00:00-00:00,2023-07-11,7,0,Hourly,SR,AS_NP26_EXP,DAM,SP_CLR_PRC,0.14,17
2023-07-11T16:00:00-00:00,2023-07-11T17:00:00-00:00,2023-07-11,10,0,Hourly,SR,AS_SP26,DAM,SP_CLR_PRC,0,17
2023-07-11T17:00:00-00:00,2023-07-11T18:00:00-00:00,2023-07-11,11,0,Hourly,SR,AS_NP26,DAM,SP_CLR_PRC,0,17
2023-07-11T17:00:00-00:00,2023-07-11T18:00:00-00:00,2023-07-11,11,0,Hourly,SR,AS_SP26,DAM,SP_CLR_PRC,0,17
2023-07-11T19:00:00-00:00,2023-07-11T20:00:00-00:00,2023-07-11,13,0,Hourly,SR,AS_SP26,DAM,SP_CLR_PRC,0,17
2023-07-11T20:00:00-00:00,2023-07-11T21:00:00-00:00,2023-07-11,14,0,Hourly,SR,AS_NP26,DAM,SP_CLR_PRC,0,17
2023-07-12T01:00:00-00:00,2023-07-12T02:00:00-00:00,2023-07-11,19,0,Hourly,SR,AS_CAISO,DAM,SP_CLR_PRC,0,17
2023-07-12T02:00:00-00:00,2023-07-12T03:00:00-00:00,2023-07-11,20,0,Hourly,SR,AS_SP26_EXP,DAM,SP_CLR_PRC,13.53,17
2023-07-12T03:00:00-00:00,2023-07-12T04:00:00-00:00,2023-07-11,21,0,Hourly,SR,AS_CAISO,DAM,SP_CLR_PRC,0,17
2023-07-12T03:00:00-00:00,2023-07-12T04:00:00-00:00,2023-07-11,21,0,Hourly,SR,AS_SP26,DAM,SP_CLR_PRC,0,17
2023-07-12T05:00:00-00:00,2023-07-12T06:00:00-00:00,2023-07-11,23,0,Hourly,SR,AS_NP26_EXP,DAM,SP_CLR_PRC,0,17
2023-07-12T05:00:00-00:00,2023-07-12T06:00:00-00:00,2023-07-11,23,0,Hourly,SR,AS_SP26,DAM,SP_CLR_PRC,0,17
2023-07-11T09:00:00-00:00,2023-07-11T10:00:00-00:00,2023-07-11,3,0,Hourly,SR,AS_NP26,DAM,SP_CLR_PRC,0,17
2023-07-11T09:00:00-00:00,2023-07-11T10:00:00-00:00,2023-07-11,3,0,Hourly,SR,AS_SP26_EXP,DAM,SP_CLR_PRC,0,17
2023-07-11T10:00:00-00:00,2023-07-11T11:00:00-00:00,2023-07-11,4,0,Hourly,SR,AS_NP26_EXP,DAM,SP_CLR_PRC,0.14,17
2023-07-11T11:00:00-00:00,2023-07-11T12:00:00-00:00,2023-07-11,5,0,Hourly,SR,AS_CAISO_EXP,DAM,SP_CLR_PRC,0.16,17
2023-07-11T12:00:00-00:00,2023-07-11T13:00:00-00:00,2023-07-11,6,0,Hourly,SR,AS_SP26_EXP,DAM,SP_CLR_PRC,0,17
2023-07-11T14:00:00-00:00,2023-07-11T15:00:00-00:00,2023-07-11,8,0,Hourly,SR,AS_NP26_EXP,DAM,SP_CLR_PRC,0.14,17
2023-07-11T15:00:00-00:00,2023-07-11T16:00:00-00:00,2023-07-11,9,0,Hourly,SR,AS_CAISO,DAM,SP_CLR_PRC,0,17
2023-07-11T15:00:00-00:00,2023-07-11T16:00:00-00:00,2023-07-11,9,0,Hourly,SR,AS_CAISO_EXP,DAM,SP_CLR_PRC,0.59,17
2023-07-11T15:00:00-00:00,2023-07-11T16:00:00-00:00,2023-07-11,9,0,Hourly,SR,AS_NP26_EXP,DAM,SP_CLR_PRC,0.14,17
2023-07-11T16:00:00-00:00,2023-07-11T17:00:00-00:00,2023-07-11,10,0,Hourly,SR,AS_SP26_EXP,DAM,SP_CLR_PRC,0,17
2023-07-11T17:00:00-00:00,2023-07-11T18:00:00-00:00,2023-07-11,11,0,Hourly,SR,AS_CAISO,DAM,SP_CLR_PRC,0,17
2023-07-11T18:00:00-00:00,2023-07-11T19:00:00-00:00,2023-07-11,12,0,Hourly,SR,AS_NP26,DAM,SP_CLR_PRC,0,17
2023-07-11T20:00:00-00:00,2023-07-11T21:00:00-00:00,2023-07-11,14,0,Hourly,SR,AS_CAISO,DAM,SP_CLR_PRC,0,17
2023-07-11T20:00:00-00:00,2023-07-11T21:00:00-00:00,2023-07-11,14,0,Hourly,SR,AS_SP26,DAM,SP_CLR_PRC,0,17
2023-07-11T21:00:00-00:00,2023-07-11T22:00:00-00:00,2023-07-11,15,0,Hourly,SR,AS_CAISO,DAM,SP_CLR_PRC,0,17
2023-07-11T21:00:00-00:00,2023-07-11T22:00:00-00:00,2023-07-11,15,0,Hourly,SR,AS_NP26_EXP,DAM,SP_CLR_PRC,0.14,17
2023-07-11T22:00:00-00:00,2023-07-11T23:00:00-00:00,2023-07-11,16,0,Hourly,SR,AS_NP26,DAM,SP_CLR_PRC,0,17
2023-07-11T22:00:00-00:00,2023-07-11T23:00:00-00:00,2023-07-11,16,0,Hourly,SR,AS_SP26_EXP,DAM,SP_CLR_PRC,0,17
2023-07-12T00:00:00-00:00,2023-07-12T01:00:00-00:00,2023-07-11,18,0,Hourly,SR,AS_NP26_EXP,DAM,SP_CLR_PRC,0.19,17
2023-07-12T00:00:00-00:00,2023-07-12T01:00:00-00:00,2023-07-11,18,0,Hourly,SR,AS_SP26_EXP,DAM,SP_CLR_PRC,0,17
2023-07-12T01:00:00-00:00,2023-07-12T02:00:00-00:00,2023-07-11,19,0,Hourly,SR,AS_SP26,DAM,SP_CLR_PRC,0,17
2023-07-12T04:00:00-00:00,2023-07-12T05:00:00-00:00,2023-07-11,22,0,Hourly,SR,AS_NP26,DAM,SP_CLR_PRC,0,17
2023-07-12T05:00:00-00:00,2023-07-12T06:00:00-00:00,2023-07-11,23,0,Hourly,SR,AS_SP26_EXP,DAM,SP_CLR_PRC,0,17
2023-07-12T06:00:00-00:00,2023-07-12T07:00:00-00:00,2023-07-11,24,0,Hourly,SR,AS_SP26,DAM,SP_CLR_PRC,0,17
2023-07-11T07:00:00-00:00,2023-07-11T08:00:00-00:00,2023-07-11,1,0,Hourly,SR,AS_SP26,DAM,SP_CLR_PRC,0,17
2023-07-11T09:00:00-00:00,2023-07-11T10:00:00-00:00,2023-07-11,3,0,Hourly,SR,AS_CAISO_EXP,DAM,SP_CLR_PRC,0.16,17
2023-07-11T11:00:00-00:00,2023-07-11T12:00:00-00:00,2023-07-11,5,0,Hourly,SR,AS_CAISO,DAM,SP_CLR_PRC,0,17
2023-07-11T11:00:00-00:00,2023-07-11T12:00:00-00:00,2023-07-11,5,0,Hourly,SR,AS_SP26_EXP,DAM,SP_CLR_PRC,0,17
2023-07-11T13:00:00-00:00,2023-07-11T14:00:00-00:00,2023-07-11,7,0,Hourly,SR,AS_CAISO,DAM,SP_CLR_PRC,0,17
2023-07-11T15:00:00-00:00,2023-07-11T16:00:00-00:00,2023-07-11,9,0,Hourly,SR,AS_NP26,DAM,SP_CLR_PRC,0,17
2023-07-11T17:00:00-00:00,2023-07-11T18:00:00-00:00,2023-07-11,11,0,Hourly,SR,AS_NP26_EXP,DAM,SP_CLR_PRC,0.14,17
2023-07-11T18:00:00-00:00,2023-07-11T19:00:00-00:00,2023-07-11,12,0,Hourly,SR,AS_CAISO,DAM,SP_CLR_PRC,0,17
2023-07-11T19:00:00-00:00,2023-07-11T20:00:00-00:00,2023-07-11,13,0,Hourly,SR,AS_SP26_EXP,DAM,SP_CLR_PRC,0,17
2023-07-11T20:00:00-00:00,2023-07-11T21:00:00-00:00,2023-07-11,14,0,Hourly,SR,AS_NP26_EXP,DAM,SP_CLR_PRC,0.19,17
2023-07-11T21:00:00-00:00,2023-07-11T22:00:00-00:00,2023-07-11,15,0,Hourly,SR,AS_SP26,DAM,SP_CLR_PRC,0,17
2023-07-11T22:00:00-00:00,2023-07-11T23:00:00-00:00,2023-07-11,16,0,Hourly,SR,AS_NP26_EXP,DAM,SP_CLR_PRC,0.14,17
2023-07-12T00:00:00-00:00,2023-07-12T01:00:00-00:00,2023-07-11,18,0,Hourly,SR,AS_CAISO_EXP,DAM,SP_CLR_PRC,0.81,17
2023-07-12T02:00:00-00:00,2023-07-12T03:00:00-00:00,2023-07-11,20,0,Hourly,SR,AS_NP26,DAM,SP_CLR_PRC,0,17
2023-07-12T03:00:00-00:00,2023-07-12T04:00:00-00:00,2023-07-11,21,0,Hourly,SR,AS_NP26_EXP,DAM,SP_CLR_PRC,0,17
2023-07-12T04:00:00-00:00,2023-07-12T05:00:00-00:00,2023-07-11,22,0,Hourly,SR,AS_NP26_EXP,DAM,SP_CLR_PRC,0,17
2023-07-12T05:00:00-00:00,2023-07-12T06:00:00-00:00,2023-07-11,23,0,Hourly,SR,AS_CAISO,DAM,SP_CLR_PRC,0,17
2023-07-12T06:00:00-00:00,2023-07-12T07:00:00-00:00,2023-07-11,24,0,Hourly,SR,AS_CAISO_EXP,DAM,SP_CLR_PRC,3,17
2023-07-12T06:00:00-00:00,2023-07-12T07:00:00-00:00,2023-07-11,24,0,Hourly,SR,AS_SP26_EXP,DAM,SP_CLR_PRC,0,17
2023-07-11T08:00:00-00:00,2023-07-11T09:00:00-00:00,2023-07-11,2,0,Hourly,SR,AS_NP26_EXP,DAM,SP_CLR_PRC,0.84,17
2023-07-11T08:00:00-00:00,2023-07-11T09:00:00-00:00,2023-07-11,2,0,Hourly,SR,AS_SP26,DAM,SP_CLR_PRC,0,17
2023-07-11T09:00:00-00:00,2023-07-11T10:00:00-00:00,2023-07-11,3,0,Hourly,SR,AS_SP26,DAM,SP_CLR_PRC,0,17
2023-07-11T10:00:00-00:00,2023-07-11T11:00:00-00:00,2023-07-11,4,0,Hourly,SR,AS_CAISO_EXP,DAM,SP_CLR_PRC,0.16,17
2023-07-11T11:00:00-00:00,2023-07-11T12:00:00-00:00,2023-07-11,5,0,Hourly,SR,AS_NP26_EXP,DAM,SP_CLR_PRC,0.14,17
2023-07-11T12:00:00-00:00,2023-07-11T13:00:00-00:00,2023-07-11,6,0,Hourly,SR,AS_SP26,DAM,SP_CLR_PRC,0,17
2023-07-11T14:00:00-00:00,2023-07-11T15:00:00-00:00,2023-07-11,8,0,Hourly,SR,AS_CAISO,DAM,SP_CLR_PRC,0,17
2023-07-11T16:00:00-00:00,2023-07-11T17:00:00-00:00,2023-07-11,10,0,Hourly,SR,AS_CAISO,DAM,SP_CLR_PRC,0,17
2023-07-11T16:00:00-00:00,2023-07-11T17:00:00-00:00,2023-07-11,10,0,Hourly,SR,AS_NP26_EXP,DAM,SP_CLR_PRC,0.14,17
2023-07-11T18:00:00-00:00,2023-07-11T19:00:00-00:00,2023-07-11,12,0,Hourly,SR,AS_CAISO_EXP,DAM,SP_CLR_PRC,0.68,17
2023-07-11T18:00:00-00:00,2023-07-11T19:00:00-00:00,2023-07-11,12,0,Hourly,SR,AS_SP26,DAM,SP_CLR_PRC,0,17
2023-07-11T19:00:00-00:00,2023-07-11T20:00:00-00:00,2023-07-11,13,0,Hourly,SR,AS_NP26_EXP,DAM,SP_CLR_PRC,0.14,17
2023-07-11T21:00:00-00:00,2023-07-11T22:00:00-00:00,2023-07-11,15,0,Hourly,SR,AS_CAISO_EXP,DAM,SP_CLR_PRC,0.16,17
2023-07-11T23:00:00-00:00,2023-07-12T00:00:00-00:00,2023-07-11,17,0,Hourly,SR,AS_CAISO,DAM,SP_CLR_PRC,0,17
2023-07-12T01:00:00-00:00,2023-07-12T02:00:00-00:00,2023-07-11,19,0,Hourly,SR,AS_SP26_EXP,DAM,SP_CLR_PRC,0,17
2023-07-12T03:00:00-00:00,2023-07-12T04:00:00-00:00,2023-07-11,21,0,Hourly,SR,AS_SP26_EXP,DAM,SP_CLR_PRC,10.82622,17
2023-07-12T04:00:00-00:00,2023-07-12T05:00:00-00:00,2023-07-11,22,0,Hourly,SR,AS_CAISO,DAM,SP_CLR_PRC,0,17
2023-07-12T04:00:00-00:00,2023-07-12T05:00:00-00:00,2023-07-11,22,0,Hourly,SR,AS_CAISO_EXP,DAM,SP_CLR_PRC,1.84,17
2023-07-12T04:00:00-00:00,2023-07-12T05:00:00-00:00,2023-07-11,22,0,Hourly,SR,AS_SP26,DAM,SP_CLR_PRC,0,17
2023-07-12T05:00:00-00:00,2023-07-12T06:00:00-00:00,2023-07-11,23,0,Hourly,SR,AS_NP26,DAM,SP_CLR_PRC,0,17
2023-07-12T06:00:00-00:00,2023-07-12T07:00:00-00:00,2023-07-11,24,0,Hourly,SR,AS_NP26_EXP,DAM,SP_CLR_PRC,0,17
2023-07-11T07:00:00-00:00,2023-07-11T08:00:00-00:00,2023-07-11,1,0,Hourly,SR,AS_CAISO,DAM,SP_CLR_PRC,0,17
2023-07-11T12:00:00-00:00,2023-07-11T13:00:00-00:00,2023-07-11,6,0,Hourly,SR,AS_CAISO,DAM,SP_CLR_PRC,0,17
2023-07-11T12:00:00-00:00,2023-07-11T13:00:00-00:00,2023-07-11,6,0,Hourly,SR,AS_CAISO_EXP,DAM,SP_CLR_PRC,0.16,17
2023-07-11T13:00:00-00:00,2023-07-11T14:00:00-00:00,2023-07-11,7,0,Hourly,SR,AS_NP26,DAM,SP_CLR_PRC,0,17
2023-07-11T13:00:00-00:00,2023-07-11T14:00:00-00:00,2023-07-11,7,0,Hourly,SR,AS_SP26_EXP,DAM,SP_CLR_PRC,0,17
2023-07-11T14:00:00-00:00,2023-07-11T15:00:00-00:00,2023-07-11,8,0,Hourly,SR,AS_CAISO_EXP,DAM,SP_CLR_PRC,0.86,17
2023-07-11T16:00:00-00:00,2023-07-11T17:00:00-00:00,2023-07-11,10,0,Hourly,SR,AS_NP26,DAM,SP_CLR_PRC,0,17
2023-07-11T17:00:00-00:00,2023-07-11T18:00:00-00:00,2023-07-11,11,0,Hourly,SR,AS_SP26_EXP,DAM,SP_CLR_PRC,0,17
2023-07-11T18:00:00-00:00,2023-07-11T19:00:00-00:00,2023-07-11,12,0,Hourly,SR,AS_SP26_EXP,DAM,SP_CLR_PRC,0,17
2023-07-11T20:00:00-00:00,2023-07-11T21:00:00-00:00,2023-07-11,14,0,Hourly,SR,AS_SP26_EXP,DAM,SP_CLR_PRC,0,17
2023-07-11T21:00:00-00:00,2023-07-11T22:00:00-00:00,2023-07-11,15,0,Hourly,SR,AS_NP26,DAM,SP_CLR_PRC,0,17
2023-07-11T23:00:00-00:00,2023-07-12T00:00:00-00:00,2023-07-11,17,0,Hourly,SR,AS_SP26,DAM,SP_CLR_PRC,0,17
2023-07-11T23:00:00-00:00,2023-07-12T00:00:00-00:00,2023-07-11,17,0,Hourly,SR,AS_SP26_EXP,DAM,SP_CLR_PRC,0,17
2023-07-12T03:00:00-00:00,2023-07-12T04:00:00-00:00,2023-07-11,21,0,Hourly,SR,AS_CAISO_EXP,DAM,SP_CLR_PRC,4.17378,17
2023-07-12T03:00:00-00:00,2023-07-12T04:00:00-00:00,2023-07-11,21,0,Hourly,SR,AS_NP26,DAM,SP_CLR_PRC,0,17
2023-07-12T05:00:00-00:00,2023-07-12T06:00:00-00:00,2023-07-11,23,0,Hourly,SR,AS_CAISO_EXP,DAM,SP_CLR_PRC,1.84404,17
2023-07-11T10:00:00-00:00,2023-07-11T11:00:00-00:00,2023-07-11,4,0,Hourly,SR,AS_SP26,DAM,SP_CLR_PRC,0,17
2023-07-11T13:00:00-00:00,2023-07-11T14:00:00-00:00,2023-07-11,7,0,Hourly,SR,AS_SP26,DAM,SP_CLR_PRC,0,17
2023-07-11T14:00:00-00:00,2023-07-11T15:00:00-00:00,2023-07-11,8,0,Hourly,SR,AS_SP26_EXP,DAM,SP_CLR_PRC,0,17
2023-07-11T15:00:00-00:00,2023-07-11T16:00:00-00:00,2023-07-11,9,0,Hourly,SR,AS_SP26_EXP,DAM,SP_CLR_PRC,0,17
2023-07-11T19:00:00-00:00,2023-07-11T20:00:00-00:00,2023-07-11,13,0,Hourly,SR,AS_CAISO_EXP,DAM,SP_CLR_PRC,0.31,17
2023-07-11T22:00:00-00:00,2023-07-11T23:00:00-00:00,2023-07-11,16,0,Hourly,SR,AS_CAISO,DAM,SP_CLR_PRC,0,17
2023-07-12T00:00:00-00:00,2023-07-12T01:00:00-00:00,2023-07-11,18,0,Hourly,SR,AS_NP26,DAM,SP_CLR_PRC,0,17
2023-07-12T00:00:00-00:00,2023-07-12T01:00:00-00:00,2023-07-11,18,0,Hourly,SR,AS_SP26,DAM,SP_CLR_PRC,0,17
2023-07-12T01:00:00-00:00,2023-07-12T02:00:00-00:00,2023-07-11,19,0,Hourly,SR,AS_NP26_EXP,DAM,SP_CLR_PRC,0,17
2023-07-12T02:00:00-00:00,2023-07-12T03:00:00-00:00,2023-07-11,20,0,Hourly,SR,AS_CAISO_EXP,DAM,SP_CLR_PRC,6.47,17
2023-07-12T06:00:00-00:00,2023-07-12T07:00:00-00:00,2023-07-11,24,0,Hourly,SR,AS_CAISO,DAM,SP_CLR_PRC,0,17
2023-07-12T06:00:00-00:00,2023-07-12T07:00:00-00:00,2023-07-11,24,0,Hourly,SR,AS_NP26,DAM,SP_CLR_PRC,0,17
2023-07-11T09:00:00-00:00,2023-07-11T10:00:00-00:00,2023-07-11,3,0,Hourly,SR,AS_CAISO,DAM,SP_CLR_PRC,0,17
2023-07-11T10:00:00-00:00,2023-07-11T11:00:00-00:00,2023-07-11,4,0,Hourly,SR,AS_SP26_EXP,DAM,SP_CLR_PRC,0,17
2023-07-11T14:00:00-00:00,2023-07-11T15:00:00-00:00,2023-07-11,8,0,Hourly,SR,AS_NP26,DAM,SP_CLR_PRC,0,17
2023-07-11T16:00:00-00:00,2023-07-11T17:00:00-00:00,2023-07-11,10,0,Hourly,SR,AS_CAISO_EXP,DAM,SP_CLR_PRC,0.59,17
2023-07-11T19:00:00-00:00,2023-07-11T20:00:00-00:00,2023-07-11,13,0,Hourly,SR,AS_CAISO,DAM,SP_CLR_PRC,0,17
2023-07-11T19:00:00-00:00,2023-07-11T20:00:00-00:00,2023-07-11,13,0,Hourly,SR,AS_NP26,DAM,SP_CLR_PRC,0,17
2023-07-11T20:00:00-00:00,2023-07-11T21:00:00-00:00,2023-07-11,14,0,Hourly,SR,AS_CAISO_EXP,DAM,SP_CLR_PRC,0.31,17
2023-07-11T21:00:00-00:00,2023-07-11T22:00:00-00:00,2023-07-11,15,0,Hourly,SR,AS_SP26_EXP,DAM,SP_CLR_PRC,0,17
2023-07-11T22:00:00-00:00,2023-07-11T23:00:00-00:00,2023-07-11,16,0,Hourly,SR,AS_CAISO_EXP,DAM,SP_CLR_PRC,0.595,17
2023-07-11T22:00:00-00:00,2023-07-11T23:00:00-00:00,2023-07-11,16,0,Hourly,SR,AS_SP26,DAM,SP_CLR_PRC,0,17
2023-07-11T23:00:00-00:00,2023-07-12T00:00:00-00:00,2023-07-11,17,0,Hourly,SR,AS_NP26_EXP,DAM,SP_CLR_PRC,0.14,17
2023-07-12T00:00:00-00:00,2023-07-12T01:00:00-00:00,2023-07-11,18,0,Hourly,SR,AS_CAISO,DAM,SP_CLR_PRC,0,17
2023-07-12T01:00:00-00:00,2023-07-12T02:00:00-00:00,2023-07-11,19,0,Hourly,SR,AS_CAISO_EXP,DAM,SP_CLR_PRC,1,17
2023-07-12T01:00:00-00:00,2023-07-12T02:00:00-00:00,2023-07-11,19,0,Hourly,SR,AS_NP26,DAM,SP_CLR_PRC,0,17
2023-07-12T02:00:00-00:00,2023-07-12T03:00:00-00:00,2023-07-11,20,0,Hourly,SR,AS_CAISO,DAM,SP_CLR_PRC,0,17
2023-07-12T04:00:00-00:00,2023-07-12T05:00:00-00:00,2023-07-11,22,0,Hourly,SR,AS_SP26_EXP,DAM,SP_CLR_PRC,6.31,17
2023-07-11T07:00:00-00:00,2023-07-11T08:00:00-00:00,2023-07-11,1,0,Hourly,SR,AS_SP26_EXP,DAM,SP_CLR_PRC,0,17
2023-07-11T08:00:00-00:00,2023-07-11T09:00:00-00:00,2023-07-11,2,0,Hourly,SR,AS_CAISO,DAM,SP_CLR_PRC,0,17
2023-07-11T08:00:00-00:00,2023-07-11T09:00:00-00:00,2023-07-11,2,0,Hourly,SR,AS_NP26,DAM,SP_CLR_PRC,0,17
2023-07-11T08:00:00-00:00,2023-07-11T09:00:00-00:00,2023-07-11,2,0,Hourly,SR,AS_SP26_EXP,DAM,SP_CLR_PRC,0,17
2023-07-11T10:00:00-00:00,2023-07-11T11:00:00-00:00,2023-07-11,4,0,Hourly,SR,AS_CAISO,DAM,SP_CLR_PRC,0,17
2023-07-11T11:00:00-00:00,2023-07-11T12:00:00-00:00,2023-07-11,5,0,Hourly,SR,AS_NP26,DAM,SP_CLR_PRC,0,17
2023-07-11T12:00:00-00:00,2023-07-11T13:00:00-00:00,2023-07-11,6,0,Hourly,SR,AS_NP26,DAM,SP_CLR_PRC,0,17
2023-07-11T13:00:00-00:00,2023-07-11T14:00:00-00:00,2023-07-11,7,0,Hourly,SR,AS_CAISO_EXP,DAM,SP_CLR_PRC,0.16,17
2023-07-11T14:00:00-00:00,2023-07-11T15:00:00-00:00,2023-07-11,8,0,Hourly,SR,AS_SP26,DAM,SP_CLR_PRC,0,17
2023-07-11T15:00:00-00:00,2023-07-11T16:00:00-00:00,2023-07-11,9,0,Hourly,SR,AS_SP26,DAM,SP_CLR_PRC,0,17
2023-07-11T17:00:00-00:00,2023-07-11T18:00:00-00:00,2023-07-11,11,0,Hourly,SR,AS_CAISO_EXP,DAM,SP_CLR_PRC,0.36,17
2023-07-11T18:00:00-00:00,2023-07-11T19:00:00-00:00,2023-07-11,12,0,Hourly,SR,AS_NP26_EXP,DAM,SP_CLR_PRC,0.14,17
2023-07-11T23:00:00-00:00,2023-07-12T00:00:00-00:00,2023-07-11,17,0,Hourly,SR,AS_CAISO_EXP,DAM,SP_CLR_PRC,0.86,17
2023-07-11T23:00:00-00:00,2023-07-12T00:00:00-00:00,2023-07-11,17,0,Hourly,SR,AS_NP26,DAM,SP_CLR_PRC,0,17
2023-07-12T02:00:00-00:00,2023-07-12T03:00:00-00:00,2023-07-11,20,0,Hourly,SR,AS_NP26_EXP,DAM,SP_CLR_PRC,0,17
2023-07-12T02:00:00-00:00,2023-07-12T03:00:00-00:00,2023-07-11,20,0,Hourly,SR,AS_SP26,DAM,SP_CLR_PRC,0,17
2023-07-11T07:00:00-00:00,2023-07-11T08:00:00-00:00,2023-07-11,1,0,Hourly,SR,AS_CAISO_EXP,DAM,SP_CLR_PRC,0.16,17
2023-07-11T07:00:00-00:00,2023-07-11T08:00:00-00:00,2023-07-11,1,0,Hourly,SR,AS_NP26,DAM,SP_CLR_PRC,0,17
2023-07-11T07:00:00-00:00,2023-07-11T08:00:00-00:00,2023-07-11,1,0,Hourly,SR,AS_NP26_EXP,DAM,SP_CLR_PRC,0.19,17
2023-07-11T08:00:00-00:00,2023-07-11T09:00:00-00:00,2023-07-11,2,0,Hourly,SR,AS_CAISO_EXP,DAM,SP_CLR_PRC,0.16,17
2023-07-12T12:00:00-00:00,2023-07-12T13:00:00-00:00,2023-07-12,6,0,Hourly,SR,AS_SP26,DAM,SP_CLR_PRC,0,18
2023-07-12T12:00:00-00:00,2023-07-12T13:00:00-00:00,2023-07-12,6,0,Hourly,SR,AS_SP26_EXP,DAM,SP_CLR_PRC,0,18
2023-07-12T15:00:00-00:00,2023-07-12T16:00:00-00:00,2023-07-12,9,0,Hourly,SR,AS_NP26_EXP,DAM,SP_CLR_PRC,0.14,18
2023-07-12T16:00:00-00:00,2023-07-12T17:00:00-00:00,2023-07-12,10,0,Hourly,SR,AS_NP26_EXP,DAM,SP_CLR_PRC,0.19,18
2023-07-12T17:00:00-00:00,2023-07-12T18:00:00-00:00,2023-07-12,11,0,Hourly,SR,AS_SP26_EXP,DAM,SP_CLR_PRC,0,18
2023-07-12T19:00:00-00:00,2023-07-12T20:00:00-00:00,2023-07-12,13,0,Hourly,SR,AS_NP26_EXP,DAM,SP_CLR_PRC,0.34,18
2023-07-12T19:00:00-00:00,2023-07-12T20:00:00-00:00,2023-07-12,13,0,Hourly,SR,AS_NP26,DAM,SP_CLR_PRC,0,18
2023-07-12T19:00:00-00:00,2023-07-12T20:00:00-00:00,2023-07-12,13,0,Hourly,SR,AS_SP26,DAM,SP_CLR_PRC,0,18
2023-07-12T21:00:00-00:00,2023-07-12T22:00:00-00:00,2023-07-12,15,0,Hourly,SR,AS_SP26_EXP,DAM,SP_CLR_PRC,0,18
2023-07-12T23:00:00-00:00,2023-07-13T00:00:00-00:00,2023-07-12,17,0,Hourly,SR,AS_NP26,DAM,SP_CLR_PRC,0,18
2023-07-13T01:00:00-00:00,2023-07-13T02:00:00-00:00,2023-07-12,19,0,Hourly,SR,AS_CAISO,DAM,SP_CLR_PRC,0,18
2023-07-13T01:00:00-00:00,2023-07-13T02:00:00-00:00,2023-07-12,19,0,Hourly,SR,AS_NP26,DAM,SP_CLR_PRC,0,18
2023-07-13T04:00:00-00:00,2023-07-13T05:00:00-00:00,2023-07-12,22,0,Hourly,SR,AS_SP26,DAM,SP_CLR_PRC,0,18
2023-07-13T04:00:00-00:00,2023-07-13T05:00:00-00:00,2023-07-12,22,0,Hourly,SR,AS_SP26_EXP,DAM,SP_CLR_PRC,8.43771,18
2023-07-13T06:00:00-00:00,2023-07-13T07:00:00-00:00,2023-07-12,24,0,Hourly,SR,AS_NP26_EXP,DAM,SP_CLR_PRC,0,18
2023-07-13T06:00:00-00:00,2023-07-13T07:00:00-00:00,2023-07-12,24,0,Hourly,SR,AS_CAISO_EXP,DAM,SP_CLR_PRC,0.85,18
2023-07-12T16:00:00-00:00,2023-07-12T17:00:00-00:00,2023-07-12,10,0,Hourly,SR,AS_CAISO_EXP,DAM,SP_CLR_PRC,0.16,18
2023-07-12T17:00:00-00:00,2023-07-12T18:00:00-00:00,2023-07-12,11,0,Hourly,SR,AS_CAISO,DAM,SP_CLR_PRC,0,18
2023-07-12T17:00:00-00:00,2023-07-12T18:00:00-00:00,2023-07-12,11,0,Hourly,SR,AS_SP26,DAM,SP_CLR_PRC,0,18
2023-07-12T18:00:00-00:00,2023-07-12T19:00:00-00:00,2023-07-12,12,0,Hourly,SR,AS_SP26_EXP,DAM,SP_CLR_PRC,0,18
2023-07-12T20:00:00-00:00,2023-07-12T21:00:00-00:00,2023-07-12,14,0,Hourly,SR,AS_CAISO,DAM,SP_CLR_PRC,0,18
2023-07-12T22:00:00-00:00,2023-07-12T23:00:00-00:00,2023-07-12,16,0,Hourly,SR,AS_CAISO_EXP,DAM,SP_CLR_PRC,0.86,18
2023-07-13T00:00:00-00:00,2023-07-13T01:00:00-00:00,2023-07-12,18,0,Hourly,SR,AS_NP26,DAM,SP_CLR_PRC,0,18
2023-07-13T03:00:00-00:00,2023-07-13T04:00:00-00:00,2023-07-12,21,0,Hourly,SR,AS_SP26_EXP,DAM,SP_CLR_PRC,10.71,18
2023-07-13T04:00:00-00:00,2023-07-13T05:00:00-00:00,2023-07-12,22,0,Hourly,SR,AS_NP26,DAM,SP_CLR_PRC,0,18
2023-07-13T05:00:00-00:00,2023-07-13T06:00:00-00:00,2023-07-12,23,0,Hourly,SR,AS_SP26,DAM,SP_CLR_PRC,0,18
2023-07-13T06:00:00-00:00,2023-07-13T07:00:00-00:00,2023-07-12,24,0,Hourly,SR,AS_SP26,DAM,SP_CLR_PRC,0,18
2023-07-12T08:00:00-00:00,2023-07-12T09:00:00-00:00,2023-07-12,2,0,Hourly,SR,AS_SP26_EXP,DAM,SP_CLR_PRC,0,18
2023-07-12T10:00:00-00:00,2023-07-12T11:00:00-00:00,2023-07-12,4,0,Hourly,SR,AS_SP26_EXP,DAM,SP_CLR_PRC,0,18
2023-07-12T11:00:00-00:00,2023-07-12T12:00:00-00:00,2023-07-12,5,0,Hourly,SR,AS_NP26_EXP,DAM,SP_CLR_PRC,0.14,18
2023-07-12T13:00:00-00:00,2023-07-12T14:00:00-00:00,2023-07-12,7,0,Hourly,SR,AS_CAISO_EXP,DAM,SP_CLR_PRC,0.16,18
2023-07-12T13:00:00-00:00,2023-07-12T14:00:00-00:00,2023-07-12,7,0,Hourly,SR,AS_NP26_EXP,DAM,SP_CLR_PRC,0.14,18
2023-07-12T13:00:00-00:00,2023-07-12T14:00:00-00:00,2023-07-12,7,0,Hourly,SR,AS_SP26_EXP,DAM,SP_CLR_PRC,0,18
2023-07-12T18:00:00-00:00,2023-07-12T19:00:00-00:00,2023-07-12,12,0,Hourly,SR,AS_SP26,DAM,SP_CLR_PRC,0,18
2023-07-12T22:00:00-00:00,2023-07-12T23:00:00-00:00,2023-07-12,16,0,Hourly,SR,AS_CAISO,DAM,SP_CLR_PRC,0,18
2023-07-12T22:00:00-00:00,2023-07-12T23:00:00-00:00,2023-07-12,16,0,Hourly,SR,AS_NP26,DAM,SP_CLR_PRC,0,18
2023-07-12T22:00:00-00:00,2023-07-12T23:00:00-00:00,2023-07-12,16,0,Hourly,SR,AS_SP26,DAM,SP_CLR_PRC,0,18
2023-07-12T23:00:00-00:00,2023-07-13T00:00:00-00:00,2023-07-12,17,0,Hourly,SR,AS_CAISO_EXP,DAM,SP_CLR_PRC,1,18
2023-07-13T00:00:00-00:00,2023-07-13T01:00:00-00:00,2023-07-12,18,0,Hourly,SR,AS_SP26_EXP,DAM,SP_CLR_PRC,0,18
2023-07-13T03:00:00-00:00,2023-07-13T04:00:00-00:00,2023-07-12,21,0,Hourly,SR,AS_CAISO_EXP,DAM,SP_CLR_PRC,8.29,18
2023-07-13T03:00:00-00:00,2023-07-13T04:00:00-00:00,2023-07-12,21,0,Hourly,SR,AS_NP26_EXP,DAM,SP_CLR_PRC,0,18
2023-07-13T04:00:00-00:00,2023-07-13T05:00:00-00:00,2023-07-12,22,0,Hourly,SR,AS_CAISO_EXP,DAM,SP_CLR_PRC,2.27229,18
2023-07-13T05:00:00-00:00,2023-07-13T06:00:00-00:00,2023-07-12,23,0,Hourly,SR,AS_NP26,DAM,SP_CLR_PRC,0,18
2023-07-13T05:00:00-00:00,2023-07-13T06:00:00-00:00,2023-07-12,23,0,Hourly,SR,AS_SP26_EXP,DAM,SP_CLR_PRC,2.49914,18
2023-07-12T07:00:00-00:00,2023-07-12T08:00:00-00:00,2023-07-12,1,0,Hourly,SR,AS_SP26,DAM,SP_CLR_PRC,0,18
2023-07-12T07:00:00-00:00,2023-07-12T08:00:00-00:00,2023-07-12,1,0,Hourly,SR,AS_SP26_EXP,DAM,SP_CLR_PRC,0,18
2023-07-12T08:00:00-00:00,2023-07-12T09:00:00-00:00,2023-07-12,2,0,Hourly,SR,AS_CAISO,DAM,SP_CLR_PRC,0,18
2023-07-12T09:00:00-00:00,2023-07-12T10:00:00-00:00,2023-07-12,3,0,Hourly,SR,AS_CAISO_EXP,DAM,SP_CLR_PRC,0.16,18
2023-07-12T09:00:00-00:00,2023-07-12T10:00:00-00:00,2023-07-12,3,0,Hourly,SR,AS_NP26_EXP,DAM,SP_CLR_PRC,0.14,18
2023-07-12T09:00:00-00:00,2023-07-12T10:00:00-00:00,2023-07-12,3,0,Hourly,SR,AS_SP26_EXP,DAM,SP_CLR_PRC,0,18
2023-07-12T10:00:00-00:00,2023-07-12T11:00:00-00:00,2023-07-12,4,0,Hourly,SR,AS_CAISO,DAM,SP_CLR_PRC,0,18
2023-07-12T10:00:00-00:00,2023-07-12T11:00:00-00:00,2023-07-12,4,0,Hourly,SR,AS_NP26,DAM,SP_CLR_PRC,0,18
2023-07-12T14:00:00-00:00,2023-07-12T15:00:00-00:00,2023-07-12,8,0,Hourly,SR,AS_CAISO,DAM,SP_CLR_PRC,0,18
2023-07-12T15:00:00-00:00,2023-07-12T16:00:00-00:00,2023-07-12,9,0,Hourly,SR,AS_CAISO_EXP,DAM,SP_CLR_PRC,0.86,18
2023-07-12T16:00:00-00:00,2023-07-12T17:00:00-00:00,2023-07-12,10,0,Hourly,SR,AS_CAISO,DAM,SP_CLR_PRC,0,18
2023-07-12T18:00:00-00:00,2023-07-12T19:00:00-00:00,2023-07-12,12,0,Hourly,SR,AS_CAISO,DAM,SP_CLR_PRC,0,18
2023-07-12T19:00:00-00:00,2023-07-12T20:00:00-00:00,2023-07-12,13,0,Hourly,SR,AS_SP26_EXP,DAM,SP_CLR_PRC,0,18
2023-07-12T20:00:00-00:00,2023-07-12T21:00:00-00:00,2023-07-12,14,0,Hourly,SR,AS_CAISO_EXP,DAM,SP_CLR_PRC,0.16,18
2023-07-12T23:00:00-00:00,2023-07-13T00:00:00-00:00,2023-07-12,17,0,Hourly,SR,AS_CAISO,DAM,SP_CLR_PRC,0,18
2023-07-12T23:00:00-00:00,2023-07-13T00:00:00-00:00,2023-07-12,17,0,Hourly,SR,AS_SP26_EXP,DAM,SP_CLR_PRC,0,18
2023-07-13T01:00:00-00:00,2023-07-13T02:00:00-00:00,2023-07-12,19,0,Hourly,SR,AS_SP26,DAM,SP_CLR_PRC,0,18
2023-07-13T02:00:00-00:00,2023-07-13T03:00:00-00:00,2023-07-12,20,0,Hourly,SR,AS_CAISO_EXP,DAM,SP_CLR_PRC,9.62,18
2023-07-13T02:00:00-00:00,2023-07-13T03:00:00-00:00,2023-07-12,20,0,Hourly,SR,AS_NP26_EXP,DAM,SP_CLR_PRC,0,18
2023-07-13T06:00:00-00:00,2023-07-13T07:00:00-00:00,2023-07-12,24,0,Hourly,SR,AS_NP26,DAM,SP_CLR_PRC,0,18
2023-07-12T07:00:00-00:00,2023-07-12T08:00:00-00:00,2023-07-12,1,0,Hourly,SR,AS_NP26_EXP,DAM,SP_CLR_PRC,0.19,18
2023-07-12T08:00:00-00:00,2023-07-12T09:00:00-00:00,2023-07-12,2,0,Hourly,SR,AS_CAISO_EXP,DAM,SP_CLR_PRC,0.16,18
2023-07-12T10:00:00-00:00,2023-07-12T11:00:00-00:00,2023-07-12,4,0,Hourly,SR,AS_NP26_EXP,DAM,SP_CLR_PRC,0.14,18
2023-07-12T12:00:00-00:00,2023-07-12T13:00:00-00:00,2023-07-12,6,0,Hourly,SR,AS_NP26_EXP,DAM,SP_CLR_PRC,0.14,18
2023-07-12T13:00:00-00:00,2023-07-12T14:00:00-00:00,2023-07-12,7,0,Hourly,SR,AS_NP26,DAM,SP_CLR_PRC,0,18
2023-07-12T13:00:00-00:00,2023-07-12T14:00:00-00:00,2023-07-12,7,0,Hourly,SR,AS_SP26,DAM,SP_CLR_PRC,0,18
2023-07-12T14:00:00-00:00,2023-07-12T15:00:00-00:00,2023-07-12,8,0,Hourly,SR,AS_SP26,DAM,SP_CLR_PRC,0,18
2023-07-12T14:00:00-00:00,2023-07-12T15:00:00-00:00,2023-07-12,8,0,Hourly,SR,AS_SP26_EXP,DAM,SP_CLR_PRC,0,18
2023-07-12T15:00:00-00:00,2023-07-12T16:00:00-00:00,2023-07-12,9,0,Hourly,SR,AS_CAISO,DAM,SP_CLR_PRC,0,18
2023-07-12T18:00:00-00:00,2023-07-12T19:00:00-00:00,2023-07-12,12,0,Hourly,SR,AS_NP26_EXP,DAM,SP_CLR_PRC,0.84,18
2023-07-12T20:00:00-00:00,2023-07-12T21:00:00-00:00,2023-07-12,14,0,Hourly,SR,AS_NP26_EXP,DAM,SP_CLR_PRC,0.84,18
2023-07-13T03:00:00-00:00,2023-07-13T04:00:00-00:00,2023-07-12,21,0,Hourly,SR,AS_CAISO,DAM,SP_CLR_PRC,0,18
2023-07-12T10:00:00-00:00,2023-07-12T11:00:00-00:00,2023-07-12,4,0,Hourly,SR,AS_SP26,DAM,SP_CLR_PRC,0,18
2023-07-12T11:00:00-00:00,2023-07-12T12:00:00-00:00,2023-07-12,5,0,Hourly,SR,AS_CAISO_EXP,DAM,SP_CLR_PRC,0.16,18
2023-07-12T11:00:00-00:00,2023-07-12T12:00:00-00:00,2023-07-12,5,0,Hourly,SR,AS_SP26,DAM,SP_CLR_PRC,0,18
2023-07-12T12:00:00-00:00,2023-07-12T13:00:00-00:00,2023-07-12,6,0,Hourly,SR,AS_CAISO,DAM,SP_CLR_PRC,0,18
2023-07-12T07:00:00-00:00,2023-07-12T08:00:00-00:00,2023-07-12,1,0,Hourly,SR,AS_CAISO_EXP,DAM,SP_CLR_PRC,0.16,18
2023-07-12T07:00:00-00:00,2023-07-12T08:00:00-00:00,2023-07-12,1,0,Hourly,SR,AS_NP26,DAM,SP_CLR_PRC,0,18
2023-07-12T09:00:00-00:00,2023-07-12T10:00:00-00:00,2023-07-12,3,0,Hourly,SR,AS_NP26,DAM,SP_CLR_PRC,0,18
2023-07-12T10:00:00-00:00,2023-07-12T11:00:00-00:00,2023-07-12,4,0,Hourly,SR,AS_CAISO_EXP,DAM,SP_CLR_PRC,0.16,18
2023-07-12T14:00:00-00:00,2023-07-12T15:00:00-00:00,2023-07-12,8,0,Hourly,SR,AS_CAISO_EXP,DAM,SP_CLR_PRC,0.86,18
2023-07-12T14:00:00-00:00,2023-07-12T15:00:00-00:00,2023-07-12,8,0,Hourly,SR,AS_NP26_EXP,DAM,SP_CLR_PRC,0.14,18
2023-07-12T16:00:00-00:00,2023-07-12T17:00:00-00:00,2023-07-12,10,0,Hourly,SR,AS_NP26,DAM,SP_CLR_PRC,0,18
2023-07-12T16:00:00-00:00,2023-07-12T17:00:00-00:00,2023-07-12,10,0,Hourly,SR,AS_SP26_EXP,DAM,SP_CLR_PRC,0,18
2023-07-12T18:00:00-00:00,2023-07-12T19:00:00-00:00,2023-07-12,12,0,Hourly,SR,AS_NP26,DAM,SP_CLR_PRC,0,18
2023-07-12T19:00:00-00:00,2023-07-12T20:00:00-00:00,2023-07-12,13,0,Hourly,SR,AS_CAISO,DAM,SP_CLR_PRC,0,18
2023-07-12T19:00:00-00:00,2023-07-12T20:00:00-00:00,2023-07-12,13,0,Hourly,SR,AS_CAISO_EXP,DAM,SP_CLR_PRC,0.16,18
2023-07-12T20:00:00-00:00,2023-07-12T21:00:00-00:00,2023-07-12,14,0,Hourly,SR,AS_SP26_EXP,DAM,SP_CLR_PRC,0,18
2023-07-12T21:00:00-00:00,2023-07-12T22:00:00-00:00,2023-07-12,15,0,Hourly,SR,AS_CAISO_EXP,DAM,SP_CLR_PRC,0.86,18
2023-07-12T21:00:00-00:00,2023-07-12T22:00:00-00:00,2023-07-12,15,0,Hourly,SR,AS_NP26,DAM,SP_CLR_PRC,0,18
2023-07-12T21:00:00-00:00,2023-07-12T22:00:00-00:00,2023-07-12,15,0,Hourly,SR,AS_NP26_EXP,DAM,SP_CLR_PRC,0.14,18
2023-07-12T23:00:00-00:00,2023-07-13T00:00:00-00:00,2023-07-12,17,0,Hourly,SR,AS_NP26_EXP,DAM,SP_CLR_PRC,0,18
2023-07-13T00:00:00-00:00,2023-07-13T01:00:00-00:00,2023-07-12,18,0,Hourly,SR,AS_CAISO,DAM,SP_CLR_PRC,0,18
2023-07-13T00:00:00-00:00,2023-07-13T01:00:00-00:00,2023-07-12,18,0,Hourly,SR,AS_CAISO_EXP,DAM,SP_CLR_PRC,6,18
2023-07-13T00:00:00-00:00,2023-07-13T01:00:00-00:00,2023-07-12,18,0,Hourly,SR,AS_NP26_EXP,DAM,SP_CLR_PRC,0,18
2023-07-13T02:00:00-00:00,2023-07-13T03:00:00-00:00,2023-07-12,20,0,Hourly,SR,AS_SP26,DAM,SP_CLR_PRC,0,18
2023-07-13T02:00:00-00:00,2023-07-13T03:00:00-00:00,2023-07-12,20,0,Hourly,SR,AS_SP26_EXP,DAM,SP_CLR_PRC,10.38,18
2023-07-13T05:00:00-00:00,2023-07-13T06:00:00-00:00,2023-07-12,23,0,Hourly,SR,AS_NP26_EXP,DAM,SP_CLR_PRC,0,18
2023-07-13T06:00:00-00:00,2023-07-13T07:00:00-00:00,2023-07-12,24,0,Hourly,SR,AS_CAISO,DAM,SP_CLR_PRC,0,18
2023-07-13T06:00:00-00:00,2023-07-13T07:00:00-00:00,2023-07-12,24,0,Hourly,SR,AS_SP26_EXP,DAM,SP_CLR_PRC,4.61,18
2023-07-12T08:00:00-00:00,2023-07-12T09:00:00-00:00,2023-07-12,2,0,Hourly,SR,AS_NP26,DAM,SP_CLR_PRC,0,18
2023-07-12T09:00:00-00:00,2023-07-12T10:00:00-00:00,2023-07-12,3,0,Hourly,SR,AS_SP26,DAM,SP_CLR_PRC,0,18
2023-07-12T15:00:00-00:00,2023-07-12T16:00:00-00:00,2023-07-12,9,0,Hourly,SR,AS_NP26,DAM,SP_CLR_PRC,0,18
2023-07-12T15:00:00-00:00,2023-07-12T16:00:00-00:00,2023-07-12,9,0,Hourly,SR,AS_SP26,DAM,SP_CLR_PRC,0,18
2023-07-12T16:00:00-00:00,2023-07-12T17:00:00-00:00,2023-07-12,10,0,Hourly,SR,AS_SP26,DAM,SP_CLR_PRC,0,18
2023-07-12T17:00:00-00:00,2023-07-12T18:00:00-00:00,2023-07-12,11,0,Hourly,SR,AS_CAISO_EXP,DAM,SP_CLR_PRC,0.16,18
2023-07-12T17:00:00-00:00,2023-07-12T18:00:00-00:00,2023-07-12,11,0,Hourly,SR,AS_NP26_EXP,DAM,SP_CLR_PRC,0.84,18
2023-07-12T18:00:00-00:00,2023-07-12T19:00:00-00:00,2023-07-12,12,0,Hourly,SR,AS_CAISO_EXP,DAM,SP_CLR_PRC,0.16,18
2023-07-12T20:00:00-00:00,2023-07-12T21:00:00-00:00,2023-07-12,14,0,Hourly,SR,AS_NP26,DAM,SP_CLR_PRC,0,18
2023-07-12T21:00:00-00:00,2023-07-12T22:00:00-00:00,2023-07-12,15,0,Hourly,SR,AS_CAISO,DAM,SP_CLR_PRC,0,18
2023-07-12T22:00:00-00:00,2023-07-12T23:00:00-00:00,2023-07-12,16,0,Hourly,SR,AS_NP26_EXP,DAM,SP_CLR_PRC,0.14,18
2023-07-12T22:00:00-00:00,2023-07-12T23:00:00-00:00,2023-07-12,16,0,Hourly,SR,AS_SP26_EXP,DAM,SP_CLR_PRC,0,18
2023-07-13T01:00:00-00:00,2023-07-13T02:00:00-00:00,2023-07-12,19,0,Hourly,SR,AS_CAISO_EXP,DAM,SP_CLR_PRC,1.68,18
2023-07-13T01:00:00-00:00,2023-07-13T02:00:00-00:00,2023-07-12,19,0,Hourly,SR,AS_NP26_EXP,DAM,SP_CLR_PRC,0,18
2023-07-13T01:00:00-00:00,2023-07-13T02:00:00-00:00,2023-07-12,19,0,Hourly,SR,AS_SP26_EXP,DAM,SP_CLR_PRC,7.23,18
2023-07-13T02:00:00-00:00,2023-07-13T03:00:00-00:00,2023-07-12,20,0,Hourly,SR,AS_NP26,DAM,SP_CLR_PRC,0,18
2023-07-13T04:00:00-00:00,2023-07-13T05:00:00-00:00,2023-07-12,22,0,Hourly,SR,AS_CAISO,DAM,SP_CLR_PRC,0,18
2023-07-13T05:00:00-00:00,2023-07-13T06:00:00-00:00,2023-07-12,23,0,Hourly,SR,AS_CAISO,DAM,SP_CLR_PRC,0,18
2023-07-13T05:00:00-00:00,2023-07-13T06:00:00-00:00,2023-07-12,23,0,Hourly,SR,AS_CAISO_EXP,DAM,SP_CLR_PRC,2.43409,18
2023-07-12T07:00:00-00:00,2023-07-12T08:00:00-00:00,2023-07-12,1,0,Hourly,SR,AS_CAISO,DAM,SP_CLR_PRC,0,18
2023-07-12T11:00:00-00:00,2023-07-12T12:00:00-00:00,2023-07-12,5,0,Hourly,SR,AS_CAISO,DAM,SP_CLR_PRC,0,18
2023-07-12T12:00:00-00:00,2023-07-12T13:00:00-00:00,2023-07-12,6,0,Hourly,SR,AS_NP26,DAM,SP_CLR_PRC,0,18
2023-07-12T14:00:00-00:00,2023-07-12T15:00:00-00:00,2023-07-12,8,0,Hourly,SR,AS_NP26,DAM,SP_CLR_PRC,0,18
2023-07-12T17:00:00-00:00,2023-07-12T18:00:00-00:00,2023-07-12,11,0,Hourly,SR,AS_NP26,DAM,SP_CLR_PRC,0,18
2023-07-12T20:00:00-00:00,2023-07-12T21:00:00-00:00,2023-07-12,14,0,Hourly,SR,AS_SP26,DAM,SP_CLR_PRC,0,18
2023-07-12T21:00:00-00:00,2023-07-12T22:00:00-00:00,2023-07-12,15,0,Hourly,SR,AS_SP26,DAM,SP_CLR_PRC,0,18
2023-07-12T23:00:00-00:00,2023-07-13T00:00:00-00:00,2023-07-12,17,0,Hourly,SR,AS_SP26,DAM,SP_CLR_PRC,0,18
2023-07-13T00:00:00-00:00,2023-07-13T01:00:00-00:00,2023-07-12,18,0,Hourly,SR,AS_SP26,DAM,SP_CLR_PRC,0,18
2023-07-13T02:00:00-00:00,2023-07-13T03:00:00-00:00,2023-07-12,20,0,Hourly,SR,AS_CAISO,DAM,SP_CLR_PRC,0,18
2023-07-13T03:00:00-00:00,2023-07-13T04:00:00-00:00,2023-07-12,21,0,Hourly,SR,AS_NP26,DAM,SP_CLR_PRC,0,18
2023-07-13T03:00:00-00:00,2023-07-13T04:00:00-00:00,2023-07-12,21,0,Hourly,SR,AS_SP26,DAM,SP_CLR_PRC,0,18
2023-07-13T04:00:00-00:00,2023-07-13T05:00:00-00:00,2023-07-12,22,0,Hourly,SR,AS_NP26_EXP,DAM,SP_CLR_PRC,0,18
2023-07-12T08:00:00-00:00,2023-07-12T09:00:00-00:00,2023-07-12,2,0,Hourly,SR,AS_NP26_EXP,DAM,SP_CLR_PRC,0.14,18
2023-07-12T08:00:00-00:00,2023-07-12T09:00:00-00:00,2023-07-12,2,0,Hourly,SR,AS_SP26,DAM,SP_CLR_PRC,0,18
2023-07-12T09:00:00-00:00,2023-07-12T10:00:00-00:00,2023-07-12,3,0,Hourly,SR,AS_CAISO,DAM,SP_CLR_PRC,0,18
2023-07-12T11:00:00-00:00,2023-07-12T12:00:00-00:00,2023-07-12,5,0,Hourly,SR,AS_NP26,DAM,SP_CLR_PRC,0,18
2023-07-12T11:00:00-00:00,2023-07-12T12:00:00-00:00,2023-07-12,5,0,Hourly,SR,AS_SP26_EXP,DAM,SP_CLR_PRC,0,18
2023-07-12T12:00:00-00:00,2023-07-12T13:00:00-00:00,2023-07-12,6,0,Hourly,SR,AS_CAISO_EXP,DAM,SP_CLR_PRC,0.16,18
2023-07-12T13:00:00-00:00,2023-07-12T14:00:00-00:00,2023-07-12,7,0,Hourly,SR,AS_CAISO,DAM,SP_CLR_PRC,0,18
2023-07-12T15:00:00-00:00,2023-07-12T16:00:00-00:00,2023-07-12,9,0,Hourly,SR,AS_SP26_EXP,DAM,SP_CLR_PRC,0,18
2023-07-13T07:00:00-00:00,2023-07-13T08:00:00-00:00,2023-07-13,1,0,Hourly,SR,AS_NP26,DAM,SP_CLR_PRC,0,19
2023-07-13T07:00:00-00:00,2023-07-13T08:00:00-00:00,2023-07-13,1,0,Hourly,SR,AS_SP26_EXP,DAM,SP_CLR_PRC,0,19
2023-07-13T08:00:00-00:00,2023-07-13T09:00:00-00:00,2023-07-13,2,0,Hourly,SR,AS_CAISO_EXP,DAM,SP_CLR_PRC,0.16,19
2023-07-13T09:00:00-00:00,2023-07-13T10:00:00-00:00,2023-07-13,3,0,Hourly,SR,AS_NP26_EXP,DAM,SP_CLR_PRC,0.14,19
2023-07-13T09:00:00-00:00,2023-07-13T10:00:00-00:00,2023-07-13,3,0,Hourly,SR,AS_SP26_EXP,DAM,SP_CLR_PRC,0,19
2023-07-13T11:00:00-00:00,2023-07-13T12:00:00-00:00,2023-07-13,5,0,Hourly,SR,AS_SP26,DAM,SP_CLR_PRC,0,19
2023-07-13T17:00:00-00:00,2023-07-13T18:00:00-00:00,2023-07-13,11,0,Hourly,SR,AS_SP26,DAM,SP_CLR_PRC,0,19
2023-07-13T18:00:00-00:00,2023-07-13T19:00:00-00:00,2023-07-13,12,0,Hourly,SR,AS_CAISO_EXP,DAM,SP_CLR_PRC,0.16,19
2023-07-13T19:00:00-00:00,2023-07-13T20:00:00-00:00,2023-07-13,13,0,Hourly,SR,AS_NP26,DAM,SP_CLR_PRC,0,19
2023-07-13T20:00:00-00:00,2023-07-13T21:00:00-00:00,2023-07-13,14,0,Hourly,SR,AS_NP26,DAM,SP_CLR_PRC,0,19
2023-07-14T01:00:00-00:00,2023-07-14T02:00:00-00:00,2023-07-13,19,0,Hourly,SR,AS_NP26_EXP,DAM,SP_CLR_PRC,0,19
2023-07-14T02:00:00-00:00,2023-07-14T03:00:00-00:00,2023-07-13,20,0,Hourly,SR,AS_SP26_EXP,DAM,SP_CLR_PRC,8.11547,19
2023-07-14T04:00:00-00:00,2023-07-14T05:00:00-00:00,2023-07-13,22,0,Hourly,SR,AS_NP26,DAM,SP_CLR_PRC,0,19
2023-07-14T05:00:00-00:00,2023-07-14T06:00:00-00:00,2023-07-13,23,0,Hourly,SR,AS_CAISO_EXP,DAM,SP_CLR_PRC,1,19
2023-07-14T05:00:00-00:00,2023-07-14T06:00:00-00:00,2023-07-13,23,0,Hourly,SR,AS_SP26,DAM,SP_CLR_PRC,0,19
2023-07-14T06:00:00-00:00,2023-07-14T07:00:00-00:00,2023-07-13,24,0,Hourly,SR,AS_SP26,DAM,SP_CLR_PRC,0,19
2023-07-13T22:00:00-00:00,2023-07-13T23:00:00-00:00,2023-07-13,16,0,Hourly,SR,AS_CAISO_EXP,DAM,SP_CLR_PRC,0.81,19
2023-07-13T23:00:00-00:00,2023-07-14T00:00:00-00:00,2023-07-13,17,0,Hourly,SR,AS_CAISO,DAM,SP_CLR_PRC,0,19
2023-07-14T00:00:00-00:00,2023-07-14T01:00:00-00:00,2023-07-13,18,0,Hourly,SR,AS_CAISO,DAM,SP_CLR_PRC,0,19
2023-07-14T01:00:00-00:00,2023-07-14T02:00:00-00:00,2023-07-13,19,0,Hourly,SR,AS_CAISO,DAM,SP_CLR_PRC,0,19
2023-07-14T03:00:00-00:00,2023-07-14T04:00:00-00:00,2023-07-13,21,0,Hourly,SR,AS_CAISO,DAM,SP_CLR_PRC,0,19
2023-07-14T02:00:00-00:00,2023-07-14T03:00:00-00:00,2023-07-13,20,0,Hourly,SR,AS_NP26_EXP,DAM,SP_CLR_PRC,0,19
2023-07-13T07:00:00-00:00,2023-07-13T08:00:00-00:00,2023-07-13,1,0,Hourly,SR,AS_CAISO_EXP,DAM,SP_CLR_PRC,0.16,19
2023-07-13T09:00:00-00:00,2023-07-13T10:00:00-00:00,2023-07-13,3,0,Hourly,SR,AS_SP26,DAM,SP_CLR_PRC,0,19
2023-07-13T10:00:00-00:00,2023-07-13T11:00:00-00:00,2023-07-13,4,0,Hourly,SR,AS_CAISO_EXP,DAM,SP_CLR_PRC,0.16,19
2023-07-13T10:00:00-00:00,2023-07-13T11:00:00-00:00,2023-07-13,4,0,Hourly,SR,AS_SP26,DAM,SP_CLR_PRC,0,19
2023-07-13T12:00:00-00:00,2023-07-13T13:00:00-00:00,2023-07-13,6,0,Hourly,SR,AS_CAISO_EXP,DAM,SP_CLR_PRC,0.16,19
2023-07-13T12:00:00-00:00,2023-07-13T13:00:00-00:00,2023-07-13,6,0,Hourly,SR,AS_NP26,DAM,SP_CLR_PRC,0,19
2023-07-13T12:00:00-00:00,2023-07-13T13:00:00-00:00,2023-07-13,6,0,Hourly,SR,AS_NP26_EXP,DAM,SP_CLR_PRC,0.14,19
2023-07-13T13:00:00-00:00,2023-07-13T14:00:00-00:00,2023-07-13,7,0,Hourly,SR,AS_CAISO_EXP,DAM,SP_CLR_PRC,0.16,19
2023-07-13T14:00:00-00:00,2023-07-13T15:00:00-00:00,2023-07-13,8,0,Hourly,SR,AS_NP26_EXP,DAM,SP_CLR_PRC,0.84,19
2023-07-13T15:00:00-00:00,2023-07-13T16:00:00-00:00,2023-07-13,9,0,Hourly,SR,AS_CAISO_EXP,DAM,SP_CLR_PRC,0.16,19
2023-07-13T16:00:00-00:00,2023-07-13T17:00:00-00:00,2023-07-13,10,0,Hourly,SR,AS_NP26,DAM,SP_CLR_PRC,0,19
2023-07-13T17:00:00-00:00,2023-07-13T18:00:00-00:00,2023-07-13,11,0,Hourly,SR,AS_CAISO_EXP,DAM,SP_CLR_PRC,0.16,19
2023-07-13T19:00:00-00:00,2023-07-13T20:00:00-00:00,2023-07-13,13,0,Hourly,SR,AS_NP26_EXP,DAM,SP_CLR_PRC,0.19,19
2023-07-13T19:00:00-00:00,2023-07-13T20:00:00-00:00,2023-07-13,13,0,Hourly,SR,AS_SP26_EXP,DAM,SP_CLR_PRC,0,19
2023-07-13T20:00:00-00:00,2023-07-13T21:00:00-00:00,2023-07-13,14,0,Hourly,SR,AS_CAISO,DAM,SP_CLR_PRC,0,19
2023-07-13T20:00:00-00:00,2023-07-13T21:00:00-00:00,2023-07-13,14,0,Hourly,SR,AS_NP26_EXP,DAM,SP_CLR_PRC,0.19,19
2023-07-13T21:00:00-00:00,2023-07-13T22:00:00-00:00,2023-07-13,15,0,Hourly,SR,AS_CAISO,DAM,SP_CLR_PRC,0,19
2023-07-14T02:00:00-00:00,2023-07-14T03:00:00-00:00,2023-07-13,20,0,Hourly,SR,AS_CAISO,DAM,SP_CLR_PRC,0,19
2023-07-14T02:00:00-00:00,2023-07-14T03:00:00-00:00,2023-07-13,20,0,Hourly,SR,AS_CAISO_EXP,DAM,SP_CLR_PRC,11.88453,19
2023-07-14T03:00:00-00:00,2023-07-14T04:00:00-00:00,2023-07-13,21,0,Hourly,SR,AS_CAISO_EXP,DAM,SP_CLR_PRC,6.04,19
2023-07-14T04:00:00-00:00,2023-07-14T05:00:00-00:00,2023-07-13,22,0,Hourly,SR,AS_SP26,DAM,SP_CLR_PRC,0,19
2023-07-14T04:00:00-00:00,2023-07-14T05:00:00-00:00,2023-07-13,22,0,Hourly,SR,AS_SP26_EXP,DAM,SP_CLR_PRC,7.24163,19
2023-07-14T06:00:00-00:00,2023-07-14T07:00:00-00:00,2023-07-13,24,0,Hourly,SR,AS_CAISO_EXP,DAM,SP_CLR_PRC,1,19
2023-07-14T06:00:00-00:00,2023-07-14T07:00:00-00:00,2023-07-13,24,0,Hourly,SR,AS_NP26,DAM,SP_CLR_PRC,0,19
2023-07-13T08:00:00-00:00,2023-07-13T09:00:00-00:00,2023-07-13,2,0,Hourly,SR,AS_NP26,DAM,SP_CLR_PRC,0,19
2023-07-13T11:00:00-00:00,2023-07-13T12:00:00-00:00,2023-07-13,5,0,Hourly,SR,AS_NP26,DAM,SP_CLR_PRC,0,19
2023-07-13T12:00:00-00:00,2023-07-13T13:00:00-00:00,2023-07-13,6,0,Hourly,SR,AS_SP26,DAM,SP_CLR_PRC,0,19
2023-07-13T13:00:00-00:00,2023-07-13T14:00:00-00:00,2023-07-13,7,0,Hourly,SR,AS_NP26_EXP,DAM,SP_CLR_PRC,0.14,19
2023-07-13T14:00:00-00:00,2023-07-13T15:00:00-00:00,2023-07-13,8,0,Hourly,SR,AS_SP26,DAM,SP_CLR_PRC,0,19
2023-07-13T16:00:00-00:00,2023-07-13T17:00:00-00:00,2023-07-13,10,0,Hourly,SR,AS_NP26_EXP,DAM,SP_CLR_PRC,0.39,19
2023-07-13T17:00:00-00:00,2023-07-13T18:00:00-00:00,2023-07-13,11,0,Hourly,SR,AS_SP26_EXP,DAM,SP_CLR_PRC,0,19
2023-07-13T18:00:00-00:00,2023-07-13T19:00:00-00:00,2023-07-13,12,0,Hourly,SR,AS_SP26_EXP,DAM,SP_CLR_PRC,0,19
2023-07-13T19:00:00-00:00,2023-07-13T20:00:00-00:00,2023-07-13,13,0,Hourly,SR,AS_CAISO,DAM,SP_CLR_PRC,0,19
2023-07-13T19:00:00-00:00,2023-07-13T20:00:00-00:00,2023-07-13,13,0,Hourly,SR,AS_CAISO_EXP,DAM,SP_CLR_PRC,0.16,19
2023-07-13T20:00:00-00:00,2023-07-13T21:00:00-00:00,2023-07-13,14,0,Hourly,SR,AS_SP26,DAM,SP_CLR_PRC,0,19
2023-07-13T22:00:00-00:00,2023-07-13T23:00:00-00:00,2023-07-13,16,0,Hourly,SR,AS_CAISO,DAM,SP_CLR_PRC,0,19
2023-07-14T00:00:00-00:00,2023-07-14T01:00:00-00:00,2023-07-13,18,0,Hourly,SR,AS_CAISO_EXP,DAM,SP_CLR_PRC,2.8,19
2023-07-14T00:00:00-00:00,2023-07-14T01:00:00-00:00,2023-07-13,18,0,Hourly,SR,AS_NP26_EXP,DAM,SP_CLR_PRC,0,19
2023-07-14T00:00:00-00:00,2023-07-14T01:00:00-00:00,2023-07-13,18,0,Hourly,SR,AS_SP26_EXP,DAM,SP_CLR_PRC,0,19
2023-07-14T03:00:00-00:00,2023-07-14T04:00:00-00:00,2023-07-13,21,0,Hourly,SR,AS_NP26,DAM,SP_CLR_PRC,0,19
2023-07-14T03:00:00-00:00,2023-07-14T04:00:00-00:00,2023-07-13,21,0,Hourly,SR,AS_NP26_EXP,DAM,SP_CLR_PRC,0,19
2023-07-14T04:00:00-00:00,2023-07-14T05:00:00-00:00,2023-07-13,22,0,Hourly,SR,AS_NP26_EXP,DAM,SP_CLR_PRC,0,19
2023-07-13T07:00:00-00:00,2023-07-13T08:00:00-00:00,2023-07-13,1,0,Hourly,SR,AS_NP26_EXP,DAM,SP_CLR_PRC,0.24,19
2023-07-13T07:00:00-00:00,2023-07-13T08:00:00-00:00,2023-07-13,1,0,Hourly,SR,AS_SP26,DAM,SP_CLR_PRC,0,19
2023-07-13T09:00:00-00:00,2023-07-13T10:00:00-00:00,2023-07-13,3,0,Hourly,SR,AS_CAISO,DAM,SP_CLR_PRC,0,19
2023-07-13T11:00:00-00:00,2023-07-13T12:00:00-00:00,2023-07-13,5,0,Hourly,SR,AS_SP26_EXP,DAM,SP_CLR_PRC,0,19
2023-07-13T15:00:00-00:00,2023-07-13T16:00:00-00:00,2023-07-13,9,0,Hourly,SR,AS_NP26_EXP,DAM,SP_CLR_PRC,0.14,19
2023-07-13T15:00:00-00:00,2023-07-13T16:00:00-00:00,2023-07-13,9,0,Hourly,SR,AS_SP26,DAM,SP_CLR_PRC,0,19
2023-07-13T16:00:00-00:00,2023-07-13T17:00:00-00:00,2023-07-13,10,0,Hourly,SR,AS_CAISO,DAM,SP_CLR_PRC,0,19
2023-07-13T18:00:00-00:00,2023-07-13T19:00:00-00:00,2023-07-13,12,0,Hourly,SR,AS_NP26,DAM,SP_CLR_PRC,0,19
2023-07-13T21:00:00-00:00,2023-07-13T22:00:00-00:00,2023-07-13,15,0,Hourly,SR,AS_SP26_EXP,DAM,SP_CLR_PRC,0,19
2023-07-13T22:00:00-00:00,2023-07-13T23:00:00-00:00,2023-07-13,16,0,Hourly,SR,AS_SP26_EXP,DAM,SP_CLR_PRC,0,19
2023-07-13T23:00:00-00:00,2023-07-14T00:00:00-00:00,2023-07-13,17,0,Hourly,SR,AS_CAISO_EXP,DAM,SP_CLR_PRC,1,19
2023-07-13T23:00:00-00:00,2023-07-14T00:00:00-00:00,2023-07-13,17,0,Hourly,SR,AS_NP26,DAM,SP_CLR_PRC,0,19
2023-07-14T00:00:00-00:00,2023-07-14T01:00:00-00:00,2023-07-13,18,0,Hourly,SR,AS_SP26,DAM,SP_CLR_PRC,0,19
2023-07-14T01:00:00-00:00,2023-07-14T02:00:00-00:00,2023-07-13,19,0,Hourly,SR,AS_CAISO_EXP,DAM,SP_CLR_PRC,2.34,19
2023-07-14T03:00:00-00:00,2023-07-14T04:00:00-00:00,2023-07-13,21,0,Hourly,SR,AS_SP26_EXP,DAM,SP_CLR_PRC,10.26,19
2023-07-14T06:00:00-00:00,2023-07-14T07:00:00-00:00,2023-07-13,24,0,Hourly,SR,AS_SP26_EXP,DAM,SP_CLR_PRC,0,19
2023-07-13T07:00:00-00:00,2023-07-13T08:00:00-00:00,2023-07-13,1,0,Hourly,SR,AS_CAISO,DAM,SP_CLR_PRC,0,19
2023-07-13T08:00:00-00:00,2023-07-13T09:00:00-00:00,2023-07-13,2,0,Hourly,SR,AS_NP26_EXP,DAM,SP_CLR_PRC,0.14,19
2023-07-13T09:00:00-00:00,2023-07-13T10:00:00-00:00,2023-07-13,3,0,Hourly,SR,AS_CAISO_EXP,DAM,SP_CLR_PRC,0.16,19
2023-07-13T10:00:00-00:00,2023-07-13T11:00:00-00:00,2023-07-13,4,0,Hourly,SR,AS_SP26_EXP,DAM,SP_CLR_PRC,0,19
2023-07-13T13:00:00-00:00,2023-07-13T14:00:00-00:00,2023-07-13,7,0,Hourly,SR,AS_CAISO,DAM,SP_CLR_PRC,0,19
2023-07-13T13:00:00-00:00,2023-07-13T14:00:00-00:00,2023-07-13,7,0,Hourly,SR,AS_NP26,DAM,SP_CLR_PRC,0,19
2023-07-13T14:00:00-00:00,2023-07-13T15:00:00-00:00,2023-07-13,8,0,Hourly,SR,AS_CAISO,DAM,SP_CLR_PRC,0,19
2023-07-13T14:00:00-00:00,2023-07-13T15:00:00-00:00,2023-07-13,8,0,Hourly,SR,AS_CAISO_EXP,DAM,SP_CLR_PRC,0.16,19
2023-07-13T21:00:00-00:00,2023-07-13T22:00:00-00:00,2023-07-13,15,0,Hourly,SR,AS_CAISO_EXP,DAM,SP_CLR_PRC,0.16,19
2023-07-13T21:00:00-00:00,2023-07-13T22:00:00-00:00,2023-07-13,15,0,Hourly,SR,AS_SP26,DAM,SP_CLR_PRC,0,19
2023-07-13T22:00:00-00:00,2023-07-13T23:00:00-00:00,2023-07-13,16,0,Hourly,SR,AS_NP26_EXP,DAM,SP_CLR_PRC,0.19,19
2023-07-14T01:00:00-00:00,2023-07-14T02:00:00-00:00,2023-07-13,19,0,Hourly,SR,AS_SP26,DAM,SP_CLR_PRC,0,19
2023-07-14T02:00:00-00:00,2023-07-14T03:00:00-00:00,2023-07-13,20,0,Hourly,SR,AS_SP26,DAM,SP_CLR_PRC,0,19
2023-07-14T04:00:00-00:00,2023-07-14T05:00:00-00:00,2023-07-13,22,0,Hourly,SR,AS_CAISO,DAM,SP_CLR_PRC,0,19
2023-07-14T05:00:00-00:00,2023-07-14T06:00:00-00:00,2023-07-13,23,0,Hourly,SR,AS_SP26_EXP,DAM,SP_CLR_PRC,0,19
2023-07-13T10:00:00-00:00,2023-07-13T11:00:00-00:00,2023-07-13,4,0,Hourly,SR,AS_CAISO,DAM,SP_CLR_PRC,0,19
2023-07-13T10:00:00-00:00,2023-07-13T11:00:00-00:00,2023-07-13,4,0,Hourly,SR,AS_NP26_EXP,DAM,SP_CLR_PRC,0.14,19
2023-07-13T15:00:00-00:00,2023-07-13T16:00:00-00:00,2023-07-13,9,0,Hourly,SR,AS_CAISO,DAM,SP_CLR_PRC,0,19
2023-07-13T15:00:00-00:00,2023-07-13T16:00:00-00:00,2023-07-13,9,0,Hourly,SR,AS_NP26,DAM,SP_CLR_PRC,0,19
2023-07-13T16:00:00-00:00,2023-07-13T17:00:00-00:00,2023-07-13,10,0,Hourly,SR,AS_SP26,DAM,SP_CLR_PRC,0,19
2023-07-13T17:00:00-00:00,2023-07-13T18:00:00-00:00,2023-07-13,11,0,Hourly,SR,AS_NP26_EXP,DAM,SP_CLR_PRC,0.84,19
2023-07-13T18:00:00-00:00,2023-07-13T19:00:00-00:00,2023-07-13,12,0,Hourly,SR,AS_CAISO,DAM,SP_CLR_PRC,0,19
2023-07-13T18:00:00-00:00,2023-07-13T19:00:00-00:00,2023-07-13,12,0,Hourly,SR,AS_SP26,DAM,SP_CLR_PRC,0,19
2023-07-13T20:00:00-00:00,2023-07-13T21:00:00-00:00,2023-07-13,14,0,Hourly,SR,AS_CAISO_EXP,DAM,SP_CLR_PRC,0.16,19
2023-07-13T20:00:00-00:00,2023-07-13T21:00:00-00:00,2023-07-13,14,0,Hourly,SR,AS_SP26_EXP,DAM,SP_CLR_PRC,0,19
2023-07-13T22:00:00-00:00,2023-07-13T23:00:00-00:00,2023-07-13,16,0,Hourly,SR,AS_NP26,DAM,SP_CLR_PRC,0,19
2023-07-13T23:00:00-00:00,2023-07-14T00:00:00-00:00,2023-07-13,17,0,Hourly,SR,AS_SP26_EXP,DAM,SP_CLR_PRC,0,19
2023-07-14T00:00:00-00:00,2023-07-14T01:00:00-00:00,2023-07-13,18,0,Hourly,SR,AS_NP26,DAM,SP_CLR_PRC,0,19
2023-07-14T02:00:00-00:00,2023-07-14T03:00:00-00:00,2023-07-13,20,0,Hourly,SR,AS_NP26,DAM,SP_CLR_PRC,0,19
2023-07-14T03:00:00-00:00,2023-07-14T04:00:00-00:00,2023-07-13,21,0,Hourly,SR,AS_SP26,DAM,SP_CLR_PRC,0,19
2023-07-14T05:00:00-00:00,2023-07-14T06:00:00-00:00,2023-07-13,23,0,Hourly,SR,AS_NP26,DAM,SP_CLR_PRC,0,19
2023-07-14T05:00:00-00:00,2023-07-14T06:00:00-00:00,2023-07-13,23,0,Hourly,SR,AS_NP26_EXP,DAM,SP_CLR_PRC,0,19
2023-07-13T08:00:00-00:00,2023-07-13T09:00:00-00:00,2023-07-13,2,0,Hourly,SR,AS_CAISO,DAM,SP_CLR_PRC,0,19
2023-07-13T09:00:00-00:00,2023-07-13T10:00:00-00:00,2023-07-13,3,0,Hourly,SR,AS_NP26,DAM,SP_CLR_PRC,0,19
2023-07-13T10:00:00-00:00,2023-07-13T11:00:00-00:00,2023-07-13,4,0,Hourly,SR,AS_NP26,DAM,SP_CLR_PRC,0,19
2023-07-13T11:00:00-00:00,2023-07-13T12:00:00-00:00,2023-07-13,5,0,Hourly,SR,AS_CAISO_EXP,DAM,SP_CLR_PRC,0.16,19
2023-07-13T12:00:00-00:00,2023-07-13T13:00:00-00:00,2023-07-13,6,0,Hourly,SR,AS_CAISO,DAM,SP_CLR_PRC,0,19
2023-07-13T14:00:00-00:00,2023-07-13T15:00:00-00:00,2023-07-13,8,0,Hourly,SR,AS_NP26,DAM,SP_CLR_PRC,0,19
2023-07-13T15:00:00-00:00,2023-07-13T16:00:00-00:00,2023-07-13,9,0,Hourly,SR,AS_SP26_EXP,DAM,SP_CLR_PRC,0,19
2023-07-13T16:00:00-00:00,2023-07-13T17:00:00-00:00,2023-07-13,10,0,Hourly,SR,AS_CAISO_EXP,DAM,SP_CLR_PRC,0.16,19
2023-07-13T17:00:00-00:00,2023-07-13T18:00:00-00:00,2023-07-13,11,0,Hourly,SR,AS_CAISO,DAM,SP_CLR_PRC,0,19
2023-07-13T19:00:00-00:00,2023-07-13T20:00:00-00:00,2023-07-13,13,0,Hourly,SR,AS_SP26,DAM,SP_CLR_PRC,0,19
2023-07-13T21:00:00-00:00,2023-07-13T22:00:00-00:00,2023-07-13,15,0,Hourly,SR,AS_NP26,DAM,SP_CLR_PRC,0,19
2023-07-13T21:00:00-00:00,2023-07-13T22:00:00-00:00,2023-07-13,15,0,Hourly,SR,AS_NP26_EXP,DAM,SP_CLR_PRC,0.14,19
2023-07-13T22:00:00-00:00,2023-07-13T23:00:00-00:00,2023-07-13,16,0,Hourly,SR,AS_SP26,DAM,SP_CLR_PRC,0,19
2023-07-13T23:00:00-00:00,2023-07-14T00:00:00-00:00,2023-07-13,17,0,Hourly,SR,AS_NP26_EXP,DAM,SP_CLR_PRC,0,19
2023-07-13T23:00:00-00:00,2023-07-14T00:00:00-00:00,2023-07-13,17,0,Hourly,SR,AS_SP26,DAM,SP_CLR_PRC,0,19
2023-07-14T01:00:00-00:00,2023-07-14T02:00:00-00:00,2023-07-13,19,0,Hourly,SR,AS_NP26,DAM,SP_CLR_PRC,0,19
2023-07-14T01:00:00-00:00,2023-07-14T02:00:00-00:00,2023-07-13,19,0,Hourly,SR,AS_SP26_EXP,DAM,SP_CLR_PRC,2.17,19
2023-07-14T04:00:00-00:00,2023-07-14T05:00:00-00:00,2023-07-13,22,0,Hourly,SR,AS_CAISO_EXP,DAM,SP_CLR_PRC,5.03497,19
2023-07-14T05:00:00-00:00,2023-07-14T06:00:00-00:00,2023-07-13,23,0,Hourly,SR,AS_CAISO,DAM,SP_CLR_PRC,0,19
2023-07-14T06:00:00-00:00,2023-07-14T07:00:00-00:00,2023-07-13,24,0,Hourly,SR,AS_CAISO,DAM,SP_CLR_PRC,0,19
2023-07-14T06:00:00-00:00,2023-07-14T07:00:00-00:00,2023-07-13,24,0,Hourly,SR,AS_NP26_EXP,DAM,SP_CLR_PRC,0,19
2023-07-13T08:00:00-00:00,2023-07-13T09:00:00-00:00,2023-07-13,2,0,Hourly,SR,AS_SP26,DAM,SP_CLR_PRC,0,19
2023-07-13T08:00:00-00:00,2023-07-13T09:00:00-00:00,2023-07-13,2,0,Hourly,SR,AS_SP26_EXP,DAM,SP_CLR_PRC,0,19
2023-07-13T11:00:00-00:00,2023-07-13T12:00:00-00:00,2023-07-13,5,0,Hourly,SR,AS_CAISO,DAM,SP_CLR_PRC,0,19
2023-07-13T11:00:00-00:00,2023-07-13T12:00:00-00:00,2023-07-13,5,0,Hourly,SR,AS_NP26_EXP,DAM,SP_CLR_PRC,0.14,19
2023-07-13T12:00:00-00:00,2023-07-13T13:00:00-00:00,2023-07-13,6,0,Hourly,SR,AS_SP26_EXP,DAM,SP_CLR_PRC,0,19
2023-07-13T13:00:00-00:00,2023-07-13T14:00:00-00:00,2023-07-13,7,0,Hourly,SR,AS_SP26,DAM,SP_CLR_PRC,0,19
2023-07-13T13:00:00-00:00,2023-07-13T14:00:00-00:00,2023-07-13,7,0,Hourly,SR,AS_SP26_EXP,DAM,SP_CLR_PRC,0,19
2023-07-13T14:00:00-00:00,2023-07-13T15:00:00-00:00,2023-07-13,8,0,Hourly,SR,AS_SP26_EXP,DAM,SP_CLR_PRC,0,19
2023-07-13T16:00:00-00:00,2023-07-13T17:00:00-00:00,2023-07-13,10,0,Hourly,SR,AS_SP26_EXP,DAM,SP_CLR_PRC,0,19
2023-07-13T17:00:00-00:00,2023-07-13T18:00:00-00:00,2023-07-13,11,0,Hourly,SR,AS_NP26,DAM,SP_CLR_PRC,0,19
2023-07-13T18:00:00-00:00,2023-07-13T19:00:00-00:00,2023-07-13,12,0,Hourly,SR,AS_NP26_EXP,DAM,SP_CLR_PRC,0.83,19
2023-07-15T06:00:00-00:00,2023-07-15T07:00:00-00:00,2023-07-14,24,0,Hourly,SR,AS_SP26_EXP,DAM,SP_CLR_PRC,0.70244,20
2023-07-14T09:00:00-00:00,2023-07-14T10:00:00-00:00,2023-07-14,3,0,Hourly,SR,AS_SP26,DAM,SP_CLR_PRC,0,20
2023-07-14T10:00:00-00:00,2023-07-14T11:00:00-00:00,2023-07-14,4,0,Hourly,SR,AS_CAISO,DAM,SP_CLR_PRC,0,20
2023-07-14T11:00:00-00:00,2023-07-14T12:00:00-00:00,2023-07-14,5,0,Hourly,SR,AS_NP26_EXP,DAM,SP_CLR_PRC,0.14,20
2023-07-14T12:00:00-00:00,2023-07-14T13:00:00-00:00,2023-07-14,6,0,Hourly,SR,AS_CAISO_EXP,DAM,SP_CLR_PRC,0.16,20
2023-07-14T13:00:00-00:00,2023-07-14T14:00:00-00:00,2023-07-14,7,0,Hourly,SR,AS_NP26,DAM,SP_CLR_PRC,0,20
2023-07-14T14:00:00-00:00,2023-07-14T15:00:00-00:00,2023-07-14,8,0,Hourly,SR,AS_NP26_EXP,DAM,SP_CLR_PRC,0.66286,20
2023-07-14T17:00:00-00:00,2023-07-14T18:00:00-00:00,2023-07-14,11,0,Hourly,SR,AS_SP26_EXP,DAM,SP_CLR_PRC,0,20
2023-07-14T19:00:00-00:00,2023-07-14T20:00:00-00:00,2023-07-14,13,0,Hourly,SR,AS_CAISO_EXP,DAM,SP_CLR_PRC,0.16,20
2023-07-14T19:00:00-00:00,2023-07-14T20:00:00-00:00,2023-07-14,13,0,Hourly,SR,AS_SP26,DAM,SP_CLR_PRC,0,20
2023-07-14T21:00:00-00:00,2023-07-14T22:00:00-00:00,2023-07-14,15,0,Hourly,SR,AS_CAISO,DAM,SP_CLR_PRC,0,20
2023-07-15T02:00:00-00:00,2023-07-15T03:00:00-00:00,2023-07-14,20,0,Hourly,SR,AS_CAISO,DAM,SP_CLR_PRC,0,20
2023-07-15T03:00:00-00:00,2023-07-15T04:00:00-00:00,2023-07-14,21,0,Hourly,SR,AS_CAISO,DAM,SP_CLR_PRC,0,20
2023-07-15T03:00:00-00:00,2023-07-15T04:00:00-00:00,2023-07-14,21,0,Hourly,SR,AS_NP26,DAM,SP_CLR_PRC,0,20
2023-07-15T05:00:00-00:00,2023-07-15T06:00:00-00:00,2023-07-14,23,0,Hourly,SR,AS_SP26_EXP,DAM,SP_CLR_PRC,0,20
2023-07-15T06:00:00-00:00,2023-07-15T07:00:00-00:00,2023-07-14,24,0,Hourly,SR,AS_SP26,DAM,SP_CLR_PRC,0,20
2023-07-15T05:00:00-00:00,2023-07-15T06:00:00-00:00,2023-07-14,23,0,Hourly,SR,AS_CAISO,DAM,SP_CLR_PRC,0,20
2023-07-15T05:00:00-00:00,2023-07-15T06:00:00-00:00,2023-07-14,23,0,Hourly,SR,AS_NP26,DAM,SP_CLR_PRC,0,20
2023-07-14T07:00:00-00:00,2023-07-14T08:00:00-00:00,2023-07-14,1,0,Hourly,SR,AS_NP26,DAM,SP_CLR_PRC,0,20
2023-07-14T08:00:00-00:00,2023-07-14T09:00:00-00:00,2023-07-14,2,0,Hourly,SR,AS_NP26_EXP,DAM,SP_CLR_PRC,0.19,20
2023-07-14T11:00:00-00:00,2023-07-14T12:00:00-00:00,2023-07-14,5,0,Hourly,SR,AS_SP26_EXP,DAM,SP_CLR_PRC,0,20
2023-07-14T12:00:00-00:00,2023-07-14T13:00:00-00:00,2023-07-14,6,0,Hourly,SR,AS_SP26,DAM,SP_CLR_PRC,0,20
2023-07-14T13:00:00-00:00,2023-07-14T14:00:00-00:00,2023-07-14,7,0,Hourly,SR,AS_CAISO_EXP,DAM,SP_CLR_PRC,0.16,20
2023-07-14T13:00:00-00:00,2023-07-14T14:00:00-00:00,2023-07-14,7,0,Hourly,SR,AS_SP26,DAM,SP_CLR_PRC,0,20
2023-07-14T14:00:00-00:00,2023-07-14T15:00:00-00:00,2023-07-14,8,0,Hourly,SR,AS_SP26_EXP,DAM,SP_CLR_PRC,0,20
2023-07-14T16:00:00-00:00,2023-07-14T17:00:00-00:00,2023-07-14,10,0,Hourly,SR,AS_CAISO,DAM,SP_CLR_PRC,0,20
2023-07-14T16:00:00-00:00,2023-07-14T17:00:00-00:00,2023-07-14,10,0,Hourly,SR,AS_SP26_EXP,DAM,SP_CLR_PRC,0,20
2023-07-14T18:00:00-00:00,2023-07-14T19:00:00-00:00,2023-07-14,12,0,Hourly,SR,AS_SP26,DAM,SP_CLR_PRC,0,20
2023-07-14T18:00:00-00:00,2023-07-14T19:00:00-00:00,2023-07-14,12,0,Hourly,SR,AS_SP26_EXP,DAM,SP_CLR_PRC,0,20
2023-07-14T19:00:00-00:00,2023-07-14T20:00:00-00:00,2023-07-14,13,0,Hourly,SR,AS_NP26,DAM,SP_CLR_PRC,0,20
2023-07-14T19:00:00-00:00,2023-07-14T20:00:00-00:00,2023-07-14,13,0,Hourly,SR,AS_SP26_EXP,DAM,SP_CLR_PRC,0,20
2023-07-14T21:00:00-00:00,2023-07-14T22:00:00-00:00,2023-07-14,15,0,Hourly,SR,AS_CAISO_EXP,DAM,SP_CLR_PRC,1,20
2023-07-14T21:00:00-00:00,2023-07-14T22:00:00-00:00,2023-07-14,15,0,Hourly,SR,AS_NP26,DAM,SP_CLR_PRC,0,20
2023-07-14T21:00:00-00:00,2023-07-14T22:00:00-00:00,2023-07-14,15,0,Hourly,SR,AS_NP26_EXP,DAM,SP_CLR_PRC,0,20
2023-07-14T23:00:00-00:00,2023-07-15T00:00:00-00:00,2023-07-14,17,0,Hourly,SR,AS_NP26_EXP,DAM,SP_CLR_PRC,0,20
2023-07-14T23:00:00-00:00,2023-07-15T00:00:00-00:00,2023-07-14,17,0,Hourly,SR,AS_SP26,DAM,SP_CLR_PRC,0,20
2023-07-15T01:00:00-00:00,2023-07-15T02:00:00-00:00,2023-07-14,19,0,Hourly,SR,AS_SP26_EXP,DAM,SP_CLR_PRC,24.70584,20
2023-07-15T02:00:00-00:00,2023-07-15T03:00:00-00:00,2023-07-14,20,0,Hourly,SR,AS_SP26_EXP,DAM,SP_CLR_PRC,40.03498,20
2023-07-14T07:00:00-00:00,2023-07-14T08:00:00-00:00,2023-07-14,1,0,Hourly,SR,AS_NP26_EXP,DAM,SP_CLR_PRC,0.19,20
2023-07-14T09:00:00-00:00,2023-07-14T10:00:00-00:00,2023-07-14,3,0,Hourly,SR,AS_CAISO_EXP,DAM,SP_CLR_PRC,0.16,20
2023-07-14T09:00:00-00:00,2023-07-14T10:00:00-00:00,2023-07-14,3,0,Hourly,SR,AS_SP26_EXP,DAM,SP_CLR_PRC,0,20
2023-07-14T10:00:00-00:00,2023-07-14T11:00:00-00:00,2023-07-14,4,0,Hourly,SR,AS_SP26,DAM,SP_CLR_PRC,0,20
2023-07-14T15:00:00-00:00,2023-07-14T16:00:00-00:00,2023-07-14,9,0,Hourly,SR,AS_CAISO_EXP,DAM,SP_CLR_PRC,0.16,20
2023-07-14T15:00:00-00:00,2023-07-14T16:00:00-00:00,2023-07-14,9,0,Hourly,SR,AS_NP26,DAM,SP_CLR_PRC,0,20
2023-07-14T15:00:00-00:00,2023-07-14T16:00:00-00:00,2023-07-14,9,0,Hourly,SR,AS_SP26,DAM,SP_CLR_PRC,0,20
2023-07-14T16:00:00-00:00,2023-07-14T17:00:00-00:00,2023-07-14,10,0,Hourly,SR,AS_NP26,DAM,SP_CLR_PRC,0,20
2023-07-14T17:00:00-00:00,2023-07-14T18:00:00-00:00,2023-07-14,11,0,Hourly,SR,AS_SP26,DAM,SP_CLR_PRC,0,20
2023-07-14T18:00:00-00:00,2023-07-14T19:00:00-00:00,2023-07-14,12,0,Hourly,SR,AS_CAISO_EXP,DAM,SP_CLR_PRC,0.16,20
2023-07-14T20:00:00-00:00,2023-07-14T21:00:00-00:00,2023-07-14,14,0,Hourly,SR,AS_NP26,DAM,SP_CLR_PRC,0,20
2023-07-14T20:00:00-00:00,2023-07-14T21:00:00-00:00,2023-07-14,14,0,Hourly,SR,AS_SP26,DAM,SP_CLR_PRC,0,20
2023-07-14T20:00:00-00:00,2023-07-14T21:00:00-00:00,2023-07-14,14,0,Hourly,SR,AS_SP26_EXP,DAM,SP_CLR_PRC,0,20
2023-07-14T21:00:00-00:00,2023-07-14T22:00:00-00:00,2023-07-14,15,0,Hourly,SR,AS_SP26_EXP,DAM,SP_CLR_PRC,0,20
2023-07-14T22:00:00-00:00,2023-07-14T23:00:00-00:00,2023-07-14,16,0,Hourly,SR,AS_NP26,DAM,SP_CLR_PRC,0,20
2023-07-15T00:00:00-00:00,2023-07-15T01:00:00-00:00,2023-07-14,18,0,Hourly,SR,AS_CAISO_EXP,DAM,SP_CLR_PRC,5.4,20
2023-07-15T01:00:00-00:00,2023-07-15T02:00:00-00:00,2023-07-14,19,0,Hourly,SR,AS_CAISO,DAM,SP_CLR_PRC,0,20
2023-07-15T02:00:00-00:00,2023-07-15T03:00:00-00:00,2023-07-14,20,0,Hourly,SR,AS_NP26,DAM,SP_CLR_PRC,0,20
2023-07-15T06:00:00-00:00,2023-07-15T07:00:00-00:00,2023-07-14,24,0,Hourly,SR,AS_CAISO,DAM,SP_CLR_PRC,0,20
2023-07-15T06:00:00-00:00,2023-07-15T07:00:00-00:00,2023-07-14,24,0,Hourly,SR,AS_CAISO_EXP,DAM,SP_CLR_PRC,1,20
2023-07-14T07:00:00-00:00,2023-07-14T08:00:00-00:00,2023-07-14,1,0,Hourly,SR,AS_SP26,DAM,SP_CLR_PRC,0,20
2023-07-14T07:00:00-00:00,2023-07-14T08:00:00-00:00,2023-07-14,1,0,Hourly,SR,AS_SP26_EXP,DAM,SP_CLR_PRC,0,20
2023-07-14T09:00:00-00:00,2023-07-14T10:00:00-00:00,2023-07-14,3,0,Hourly,SR,AS_CAISO,DAM,SP_CLR_PRC,0,20
2023-07-14T10:00:00-00:00,2023-07-14T11:00:00-00:00,2023-07-14,4,0,Hourly,SR,AS_NP26,DAM,SP_CLR_PRC,0,20
2023-07-14T11:00:00-00:00,2023-07-14T12:00:00-00:00,2023-07-14,5,0,Hourly,SR,AS_NP26,DAM,SP_CLR_PRC,0,20
2023-07-14T13:00:00-00:00,2023-07-14T14:00:00-00:00,2023-07-14,7,0,Hourly,SR,AS_CAISO,DAM,SP_CLR_PRC,0,20
2023-07-14T13:00:00-00:00,2023-07-14T14:00:00-00:00,2023-07-14,7,0,Hourly,SR,AS_SP26_EXP,DAM,SP_CLR_PRC,0,20
2023-07-14T15:00:00-00:00,2023-07-14T16:00:00-00:00,2023-07-14,9,0,Hourly,SR,AS_CAISO,DAM,SP_CLR_PRC,0,20
2023-07-14T16:00:00-00:00,2023-07-14T17:00:00-00:00,2023-07-14,10,0,Hourly,SR,AS_CAISO_EXP,DAM,SP_CLR_PRC,0.16,20
2023-07-14T17:00:00-00:00,2023-07-14T18:00:00-00:00,2023-07-14,11,0,Hourly,SR,AS_NP26,DAM,SP_CLR_PRC,0,20
2023-07-14T18:00:00-00:00,2023-07-14T19:00:00-00:00,2023-07-14,12,0,Hourly,SR,AS_CAISO,DAM,SP_CLR_PRC,0,20
2023-07-14T20:00:00-00:00,2023-07-14T21:00:00-00:00,2023-07-14,14,0,Hourly,SR,AS_CAISO_EXP,DAM,SP_CLR_PRC,1,20
2023-07-14T22:00:00-00:00,2023-07-14T23:00:00-00:00,2023-07-14,16,0,Hourly,SR,AS_SP26,DAM,SP_CLR_PRC,0,20
2023-07-14T23:00:00-00:00,2023-07-15T00:00:00-00:00,2023-07-14,17,0,Hourly,SR,AS_CAISO_EXP,DAM,SP_CLR_PRC,5.4,20
2023-07-14T23:00:00-00:00,2023-07-15T00:00:00-00:00,2023-07-14,17,0,Hourly,SR,AS_NP26,DAM,SP_CLR_PRC,0,20
2023-07-15T00:00:00-00:00,2023-07-15T01:00:00-00:00,2023-07-14,18,0,Hourly,SR,AS_SP26_EXP,DAM,SP_CLR_PRC,4.72648,20
2023-07-15T01:00:00-00:00,2023-07-15T02:00:00-00:00,2023-07-14,19,0,Hourly,SR,AS_CAISO_EXP,DAM,SP_CLR_PRC,9.45,20
2023-07-15T03:00:00-00:00,2023-07-15T04:00:00-00:00,2023-07-14,21,0,Hourly,SR,AS_NP26_EXP,DAM,SP_CLR_PRC,0,20
2023-07-15T04:00:00-00:00,2023-07-15T05:00:00-00:00,2023-07-14,22,0,Hourly,SR,AS_NP26_EXP,DAM,SP_CLR_PRC,0,20
2023-07-15T05:00:00-00:00,2023-07-15T06:00:00-00:00,2023-07-14,23,0,Hourly,SR,AS_SP26,DAM,SP_CLR_PRC,0,20
2023-07-15T06:00:00-00:00,2023-07-15T07:00:00-00:00,2023-07-14,24,0,Hourly,SR,AS_NP26,DAM,SP_CLR_PRC,0,20
2023-07-15T06:00:00-00:00,2023-07-15T07:00:00-00:00,2023-07-14,24,0,Hourly,SR,AS_NP26_EXP,DAM,SP_CLR_PRC,0,20
2023-07-14T08:00:00-00:00,2023-07-14T09:00:00-00:00,2023-07-14,2,0,Hourly,SR,AS_CAISO,DAM,SP_CLR_PRC,0,20
2023-07-14T09:00:00-00:00,2023-07-14T10:00:00-00:00,2023-07-14,3,0,Hourly,SR,AS_NP26_EXP,DAM,SP_CLR_PRC,0.14,20
2023-07-14T12:00:00-00:00,2023-07-14T13:00:00-00:00,2023-07-14,6,0,Hourly,SR,AS_CAISO,DAM,SP_CLR_PRC,0,20
2023-07-14T12:00:00-00:00,2023-07-14T13:00:00-00:00,2023-07-14,6,0,Hourly,SR,AS_NP26,DAM,SP_CLR_PRC,0,20
2023-07-14T14:00:00-00:00,2023-07-14T15:00:00-00:00,2023-07-14,8,0,Hourly,SR,AS_CAISO,DAM,SP_CLR_PRC,0,20
2023-07-14T18:00:00-00:00,2023-07-14T19:00:00-00:00,2023-07-14,12,0,Hourly,SR,AS_NP26,DAM,SP_CLR_PRC,0,20
2023-07-14T20:00:00-00:00,2023-07-14T21:00:00-00:00,2023-07-14,14,0,Hourly,SR,AS_NP26_EXP,DAM,SP_CLR_PRC,0,20
2023-07-15T00:00:00-00:00,2023-07-15T01:00:00-00:00,2023-07-14,18,0,Hourly,SR,AS_SP26,DAM,SP_CLR_PRC,0,20
2023-07-15T03:00:00-00:00,2023-07-15T04:00:00-00:00,2023-07-14,21,0,Hourly,SR,AS_SP26,DAM,SP_CLR_PRC,0,20
2023-07-15T04:00:00-00:00,2023-07-15T05:00:00-00:00,2023-07-14,22,0,Hourly,SR,AS_NP26,DAM,SP_CLR_PRC,0,20
2023-07-15T04:00:00-00:00,2023-07-15T05:00:00-00:00,2023-07-14,22,0,Hourly,SR,AS_SP26,DAM,SP_CLR_PRC,0,20
2023-07-15T04:00:00-00:00,2023-07-15T05:00:00-00:00,2023-07-14,22,0,Hourly,SR,AS_SP26_EXP,DAM,SP_CLR_PRC,2.65389,20
2023-07-14T07:00:00-00:00,2023-07-14T08:00:00-00:00,2023-07-14,1,0,Hourly,SR,AS_CAISO,DAM,SP_CLR_PRC,0,20
2023-07-14T09:00:00-00:00,2023-07-14T10:00:00-00:00,2023-07-14,3,0,Hourly,SR,AS_NP26,DAM,SP_CLR_PRC,0,20
2023-07-14T12:00:00-00:00,2023-07-14T13:00:00-00:00,2023-07-14,6,0,Hourly,SR,AS_SP26_EXP,DAM,SP_CLR_PRC,0,20
2023-07-14T14:00:00-00:00,2023-07-14T15:00:00-00:00,2023-07-14,8,0,Hourly,SR,AS_NP26,DAM,SP_CLR_PRC,0,20
2023-07-14T15:00:00-00:00,2023-07-14T16:00:00-00:00,2023-07-14,9,0,Hourly,SR,AS_SP26_EXP,DAM,SP_CLR_PRC,0,20
2023-07-14T16:00:00-00:00,2023-07-14T17:00:00-00:00,2023-07-14,10,0,Hourly,SR,AS_NP26_EXP,DAM,SP_CLR_PRC,0.14024,20
2023-07-14T17:00:00-00:00,2023-07-14T18:00:00-00:00,2023-07-14,11,0,Hourly,SR,AS_CAISO,DAM,SP_CLR_PRC,0,20
2023-07-14T17:00:00-00:00,2023-07-14T18:00:00-00:00,2023-07-14,11,0,Hourly,SR,AS_CAISO_EXP,DAM,SP_CLR_PRC,0.16,20
2023-07-14T18:00:00-00:00,2023-07-14T19:00:00-00:00,2023-07-14,12,0,Hourly,SR,AS_NP26_EXP,DAM,SP_CLR_PRC,0.84,20
2023-07-14T22:00:00-00:00,2023-07-14T23:00:00-00:00,2023-07-14,16,0,Hourly,SR,AS_CAISO_EXP,DAM,SP_CLR_PRC,1,20
2023-07-14T22:00:00-00:00,2023-07-14T23:00:00-00:00,2023-07-14,16,0,Hourly,SR,AS_NP26_EXP,DAM,SP_CLR_PRC,0,20
2023-07-14T22:00:00-00:00,2023-07-14T23:00:00-00:00,2023-07-14,16,0,Hourly,SR,AS_SP26_EXP,DAM,SP_CLR_PRC,0,20
2023-07-14T23:00:00-00:00,2023-07-15T00:00:00-00:00,2023-07-14,17,0,Hourly,SR,AS_CAISO,DAM,SP_CLR_PRC,0,20
2023-07-15T01:00:00-00:00,2023-07-15T02:00:00-00:00,2023-07-14,19,0,Hourly,SR,AS_NP26,DAM,SP_CLR_PRC,0,20
2023-07-15T02:00:00-00:00,2023-07-15T03:00:00-00:00,2023-07-14,20,0,Hourly,SR,AS_SP26,DAM,SP_CLR_PRC,0,20
2023-07-15T03:00:00-00:00,2023-07-15T04:00:00-00:00,2023-07-14,21,0,Hourly,SR,AS_CAISO_EXP,DAM,SP_CLR_PRC,25,20
2023-07-15T03:00:00-00:00,2023-07-15T04:00:00-00:00,2023-07-14,21,0,Hourly,SR,AS_SP26_EXP,DAM,SP_CLR_PRC,15.38,20
2023-07-15T05:00:00-00:00,2023-07-15T06:00:00-00:00,2023-07-14,23,0,Hourly,SR,AS_NP26_EXP,DAM,SP_CLR_PRC,0,20
2023-07-14T08:00:00-00:00,2023-07-14T09:00:00-00:00,2023-07-14,2,0,Hourly,SR,AS_CAISO_EXP,DAM,SP_CLR_PRC,0.16,20
2023-07-14T10:00:00-00:00,2023-07-14T11:00:00-00:00,2023-07-14,4,0,Hourly,SR,AS_CAISO_EXP,DAM,SP_CLR_PRC,0.16,20
2023-07-14T10:00:00-00:00,2023-07-14T11:00:00-00:00,2023-07-14,4,0,Hourly,SR,AS_SP26_EXP,DAM,SP_CLR_PRC,0,20
2023-07-14T11:00:00-00:00,2023-07-14T12:00:00-00:00,2023-07-14,5,0,Hourly,SR,AS_CAISO_EXP,DAM,SP_CLR_PRC,0.16,20
2023-07-14T11:00:00-00:00,2023-07-14T12:00:00-00:00,2023-07-14,5,0,Hourly,SR,AS_SP26,DAM,SP_CLR_PRC,0,20
2023-07-14T14:00:00-00:00,2023-07-14T15:00:00-00:00,2023-07-14,8,0,Hourly,SR,AS_CAISO_EXP,DAM,SP_CLR_PRC,0.16,20
2023-07-14T14:00:00-00:00,2023-07-14T15:00:00-00:00,2023-07-14,8,0,Hourly,SR,AS_SP26,DAM,SP_CLR_PRC,0,20
2023-07-14T15:00:00-00:00,2023-07-14T16:00:00-00:00,2023-07-14,9,0,Hourly,SR,AS_NP26_EXP,DAM,SP_CLR_PRC,0.68,20
2023-07-14T17:00:00-00:00,2023-07-14T18:00:00-00:00,2023-07-14,11,0,Hourly,SR,AS_NP26_EXP,DAM,SP_CLR_PRC,0.37278,20
2023-07-14T19:00:00-00:00,2023-07-14T20:00:00-00:00,2023-07-14,13,0,Hourly,SR,AS_NP26_EXP,DAM,SP_CLR_PRC,0.14,20
2023-07-14T20:00:00-00:00,2023-07-14T21:00:00-00:00,2023-07-14,14,0,Hourly,SR,AS_CAISO,DAM,SP_CLR_PRC,0,20
2023-07-15T02:00:00-00:00,2023-07-15T03:00:00-00:00,2023-07-14,20,0,Hourly,SR,AS_NP26_EXP,DAM,SP_CLR_PRC,0,20
2023-07-15T04:00:00-00:00,2023-07-15T05:00:00-00:00,2023-07-14,22,0,Hourly,SR,AS_CAISO_EXP,DAM,SP_CLR_PRC,11.66,20
2023-07-15T05:00:00-00:00,2023-07-15T06:00:00-00:00,2023-07-14,23,0,Hourly,SR,AS_CAISO_EXP,DAM,SP_CLR_PRC,3,20
2023-07-14T07:00:00-00:00,2023-07-14T08:00:00-00:00,2023-07-14,1,0,Hourly,SR,AS_CAISO_EXP,DAM,SP_CLR_PRC,0.16,20
2023-07-14T08:00:00-00:00,2023-07-14T09:00:00-00:00,2023-07-14,2,0,Hourly,SR,AS_NP26,DAM,SP_CLR_PRC,0,20
2023-07-14T08:00:00-00:00,2023-07-14T09:00:00-00:00,2023-07-14,2,0,Hourly,SR,AS_SP26,DAM,SP_CLR_PRC,0,20
2023-07-14T08:00:00-00:00,2023-07-14T09:00:00-00:00,2023-07-14,2,0,Hourly,SR,AS_SP26_EXP,DAM,SP_CLR_PRC,0,20
2023-07-14T10:00:00-00:00,2023-07-14T11:00:00-00:00,2023-07-14,4,0,Hourly,SR,AS_NP26_EXP,DAM,SP_CLR_PRC,0.14,20
2023-07-14T11:00:00-00:00,2023-07-14T12:00:00-00:00,2023-07-14,5,0,Hourly,SR,AS_CAISO,DAM,SP_CLR_PRC,0,20
2023-07-14T12:00:00-00:00,2023-07-14T13:00:00-00:00,2023-07-14,6,0,Hourly,SR,AS_NP26_EXP,DAM,SP_CLR_PRC,0.34,20
2023-07-14T13:00:00-00:00,2023-07-14T14:00:00-00:00,2023-07-14,7,0,Hourly,SR,AS_NP26_EXP,DAM,SP_CLR_PRC,0.34,20
2023-07-14T16:00:00-00:00,2023-07-14T17:00:00-00:00,2023-07-14,10,0,Hourly,SR,AS_SP26,DAM,SP_CLR_PRC,0,20
2023-07-14T19:00:00-00:00,2023-07-14T20:00:00-00:00,2023-07-14,13,0,Hourly,SR,AS_CAISO,DAM,SP_CLR_PRC,0,20
2023-07-14T21:00:00-00:00,2023-07-14T22:00:00-00:00,2023-07-14,15,0,Hourly,SR,AS_SP26,DAM,SP_CLR_PRC,0,20
2023-07-14T22:00:00-00:00,2023-07-14T23:00:00-00:00,2023-07-14,16,0,Hourly,SR,AS_CAISO,DAM,SP_CLR_PRC,0,20
2023-07-14T23:00:00-00:00,2023-07-15T00:00:00-00:00,2023-07-14,17,0,Hourly,SR,AS_SP26_EXP,DAM,SP_CLR_PRC,0,20
2023-07-15T00:00:00-00:00,2023-07-15T01:00:00-00:00,2023-07-14,18,0,Hourly,SR,AS_CAISO,DAM,SP_CLR_PRC,0,20
2023-07-15T00:00:00-00:00,2023-07-15T01:00:00-00:00,2023-07-14,18,0,Hourly,SR,AS_NP26,DAM,SP_CLR_PRC,0,20
2023-07-15T00:00:00-00:00,2023-07-15T01:00:00-00:00,2023-07-14,18,0,Hourly,SR,AS_NP26_EXP,DAM,SP_CLR_PRC,0,20
2023-07-15T01:00:00-00:00,2023-07-15T02:00:00-00:00,2023-07-14,19,0,Hourly,SR,AS_NP26_EXP,DAM,SP_CLR_PRC,0,20
2023-07-15T01:00:00-00:00,2023-07-15T02:00:00-00:00,2023-07-14,19,0,Hourly,SR,AS_SP26,DAM,SP_CLR_PRC,0,20
2023-07-15T02:00:00-00:00,2023-07-15T03:00:00-00:00,2023-07-14,20,0,Hourly,SR,AS_CAISO_EXP,DAM,SP_CLR_PRC,36.59406,20
2023-07-15T04:00:00-00:00,2023-07-15T05:00:00-00:00,2023-07-14,22,0,Hourly,SR,AS_CAISO,DAM,SP_CLR_PRC,0,20
2023-07-15T17:00:00-00:00,2023-07-15T18:00:00-00:00,2023-07-15,11,0,Hourly,SR,AS_SP26,DAM,SP_CLR_PRC,0,21
2023-07-15T18:00:00-00:00,2023-07-15T19:00:00-00:00,2023-07-15,12,0,Hourly,SR,AS_CAISO,DAM,SP_CLR_PRC,0,21
2023-07-15T18:00:00-00:00,2023-07-15T19:00:00-00:00,2023-07-15,12,0,Hourly,SR,AS_NP26_EXP,DAM,SP_CLR_PRC,0.14,21
2023-07-15T19:00:00-00:00,2023-07-15T20:00:00-00:00,2023-07-15,13,0,Hourly,SR,AS_NP26_EXP,DAM,SP_CLR_PRC,0.14,21
2023-07-15T22:00:00-00:00,2023-07-15T23:00:00-00:00,2023-07-15,16,0,Hourly,SR,AS_NP26,DAM,SP_CLR_PRC,0,21
2023-07-16T00:00:00-00:00,2023-07-16T01:00:00-00:00,2023-07-15,18,0,Hourly,SR,AS_SP26,DAM,SP_CLR_PRC,0,21
2023-07-16T02:00:00-00:00,2023-07-16T03:00:00-00:00,2023-07-15,20,0,Hourly,SR,AS_NP26_EXP,DAM,SP_CLR_PRC,0,21
2023-07-16T03:00:00-00:00,2023-07-16T04:00:00-00:00,2023-07-15,21,0,Hourly,SR,AS_NP26,DAM,SP_CLR_PRC,0,21
2023-07-16T03:00:00-00:00,2023-07-16T04:00:00-00:00,2023-07-15,21,0,Hourly,SR,AS_SP26_EXP,DAM,SP_CLR_PRC,0,21
2023-07-16T04:00:00-00:00,2023-07-16T05:00:00-00:00,2023-07-15,22,0,Hourly,SR,AS_CAISO,DAM,SP_CLR_PRC,0,21
2023-07-16T04:00:00-00:00,2023-07-16T05:00:00-00:00,2023-07-15,22,0,Hourly,SR,AS_CAISO_EXP,DAM,SP_CLR_PRC,27.50145,21
2023-07-16T04:00:00-00:00,2023-07-16T05:00:00-00:00,2023-07-15,22,0,Hourly,SR,AS_NP26_EXP,DAM,SP_CLR_PRC,0,21
2023-07-16T04:00:00-00:00,2023-07-16T05:00:00-00:00,2023-07-15,22,0,Hourly,SR,AS_SP26,DAM,SP_CLR_PRC,0,21
2023-07-16T04:00:00-00:00,2023-07-16T05:00:00-00:00,2023-07-15,22,0,Hourly,SR,AS_SP26_EXP,DAM,SP_CLR_PRC,0,21
2023-07-16T05:00:00-00:00,2023-07-16T06:00:00-00:00,2023-07-15,23,0,Hourly,SR,AS_CAISO_EXP,DAM,SP_CLR_PRC,10.05475,21
2023-07-16T06:00:00-00:00,2023-07-16T07:00:00-00:00,2023-07-15,24,0,Hourly,SR,AS_SP26,DAM,SP_CLR_PRC,0,21
2023-07-15T23:00:00-00:00,2023-07-16T00:00:00-00:00,2023-07-15,17,0,Hourly,SR,AS_SP26_EXP,DAM,SP_CLR_PRC,0,21
2023-07-16T01:00:00-00:00,2023-07-16T02:00:00-00:00,2023-07-15,19,0,Hourly,SR,AS_CAISO_EXP,DAM,SP_CLR_PRC,52.07466,21
2023-07-16T05:00:00-00:00,2023-07-16T06:00:00-00:00,2023-07-15,23,0,Hourly,SR,AS_NP26,DAM,SP_CLR_PRC,0,21
2023-07-16T06:00:00-00:00,2023-07-16T07:00:00-00:00,2023-07-15,24,0,Hourly,SR,AS_NP26,DAM,SP_CLR_PRC,0,21
2023-07-15T08:00:00-00:00,2023-07-15T09:00:00-00:00,2023-07-15,2,0,Hourly,SR,AS_CAISO,DAM,SP_CLR_PRC,0,21
2023-07-15T08:00:00-00:00,2023-07-15T09:00:00-00:00,2023-07-15,2,0,Hourly,SR,AS_CAISO_EXP,DAM,SP_CLR_PRC,0.3,21
2023-07-15T08:00:00-00:00,2023-07-15T09:00:00-00:00,2023-07-15,2,0,Hourly,SR,AS_NP26,DAM,SP_CLR_PRC,0,21
2023-07-15T08:00:00-00:00,2023-07-15T09:00:00-00:00,2023-07-15,2,0,Hourly,SR,AS_NP26_EXP,DAM,SP_CLR_PRC,0.05,21
2023-07-15T08:00:00-00:00,2023-07-15T09:00:00-00:00,2023-07-15,2,0,Hourly,SR,AS_SP26_EXP,DAM,SP_CLR_PRC,0,21
2023-07-15T10:00:00-00:00,2023-07-15T11:00:00-00:00,2023-07-15,4,0,Hourly,SR,AS_CAISO,DAM,SP_CLR_PRC,0,21
2023-07-15T10:00:00-00:00,2023-07-15T11:00:00-00:00,2023-07-15,4,0,Hourly,SR,AS_NP26,DAM,SP_CLR_PRC,0,21
2023-07-15T11:00:00-00:00,2023-07-15T12:00:00-00:00,2023-07-15,5,0,Hourly,SR,AS_CAISO_EXP,DAM,SP_CLR_PRC,0.16,21
2023-07-15T12:00:00-00:00,2023-07-15T13:00:00-00:00,2023-07-15,6,0,Hourly,SR,AS_CAISO,DAM,SP_CLR_PRC,0,21
2023-07-15T13:00:00-00:00,2023-07-15T14:00:00-00:00,2023-07-15,7,0,Hourly,SR,AS_SP26,DAM,SP_CLR_PRC,0,21
2023-07-15T18:00:00-00:00,2023-07-15T19:00:00-00:00,2023-07-15,12,0,Hourly,SR,AS_CAISO_EXP,DAM,SP_CLR_PRC,0.86,21
2023-07-15T19:00:00-00:00,2023-07-15T20:00:00-00:00,2023-07-15,13,0,Hourly,SR,AS_CAISO,DAM,SP_CLR_PRC,0,21
2023-07-15T19:00:00-00:00,2023-07-15T20:00:00-00:00,2023-07-15,13,0,Hourly,SR,AS_SP26_EXP,DAM,SP_CLR_PRC,0,21
2023-07-15T21:00:00-00:00,2023-07-15T22:00:00-00:00,2023-07-15,15,0,Hourly,SR,AS_SP26,DAM,SP_CLR_PRC,0,21
2023-07-15T22:00:00-00:00,2023-07-15T23:00:00-00:00,2023-07-15,16,0,Hourly,SR,AS_CAISO_EXP,DAM,SP_CLR_PRC,1,21
2023-07-15T22:00:00-00:00,2023-07-15T23:00:00-00:00,2023-07-15,16,0,Hourly,SR,AS_NP26_EXP,DAM,SP_CLR_PRC,0,21
2023-07-15T23:00:00-00:00,2023-07-16T00:00:00-00:00,2023-07-15,17,0,Hourly,SR,AS_SP26,DAM,SP_CLR_PRC,0,21
2023-07-16T02:00:00-00:00,2023-07-16T03:00:00-00:00,2023-07-15,20,0,Hourly,SR,AS_CAISO,DAM,SP_CLR_PRC,0,21
2023-07-16T02:00:00-00:00,2023-07-16T03:00:00-00:00,2023-07-15,20,0,Hourly,SR,AS_SP26_EXP,DAM,SP_CLR_PRC,0,21
2023-07-16T04:00:00-00:00,2023-07-16T05:00:00-00:00,2023-07-15,22,0,Hourly,SR,AS_NP26,DAM,SP_CLR_PRC,0,21
2023-07-16T06:00:00-00:00,2023-07-16T07:00:00-00:00,2023-07-15,24,0,Hourly,SR,AS_CAISO_EXP,DAM,SP_CLR_PRC,1.84,21
2023-07-16T06:00:00-00:00,2023-07-16T07:00:00-00:00,2023-07-15,24,0,Hourly,SR,AS_NP26_EXP,DAM,SP_CLR_PRC,0,21
2023-07-15T13:00:00-00:00,2023-07-15T14:00:00-00:00,2023-07-15,7,0,Hourly,SR,AS_NP26_EXP,DAM,SP_CLR_PRC,0.14,21
2023-07-15T13:00:00-00:00,2023-07-15T14:00:00-00:00,2023-07-15,7,0,Hourly,SR,AS_SP26_EXP,DAM,SP_CLR_PRC,0,21
2023-07-15T14:00:00-00:00,2023-07-15T15:00:00-00:00,2023-07-15,8,0,Hourly,SR,AS_CAISO_EXP,DAM,SP_CLR_PRC,0.3,21
2023-07-15T15:00:00-00:00,2023-07-15T16:00:00-00:00,2023-07-15,9,0,Hourly,SR,AS_CAISO_EXP,DAM,SP_CLR_PRC,0.86,21
2023-07-15T16:00:00-00:00,2023-07-15T17:00:00-00:00,2023-07-15,10,0,Hourly,SR,AS_CAISO,DAM,SP_CLR_PRC,0,21
2023-07-15T17:00:00-00:00,2023-07-15T18:00:00-00:00,2023-07-15,11,0,Hourly,SR,AS_CAISO,DAM,SP_CLR_PRC,0,21
2023-07-15T20:00:00-00:00,2023-07-15T21:00:00-00:00,2023-07-15,14,0,Hourly,SR,AS_NP26,DAM,SP_CLR_PRC,0,21
2023-07-15T21:00:00-00:00,2023-07-15T22:00:00-00:00,2023-07-15,15,0,Hourly,SR,AS_NP26_EXP,DAM,SP_CLR_PRC,0.14,21
2023-07-15T21:00:00-00:00,2023-07-15T22:00:00-00:00,2023-07-15,15,0,Hourly,SR,AS_SP26_EXP,DAM,SP_CLR_PRC,0,21
2023-07-15T23:00:00-00:00,2023-07-16T00:00:00-00:00,2023-07-15,17,0,Hourly,SR,AS_NP26,DAM,SP_CLR_PRC,0,21
2023-07-16T00:00:00-00:00,2023-07-16T01:00:00-00:00,2023-07-15,18,0,Hourly,SR,AS_CAISO,DAM,SP_CLR_PRC,0,21
2023-07-16T00:00:00-00:00,2023-07-16T01:00:00-00:00,2023-07-15,18,0,Hourly,SR,AS_CAISO_EXP,DAM,SP_CLR_PRC,8.61,21
2023-07-16T00:00:00-00:00,2023-07-16T01:00:00-00:00,2023-07-15,18,0,Hourly,SR,AS_NP26_EXP,DAM,SP_CLR_PRC,0,21
2023-07-16T01:00:00-00:00,2023-07-16T02:00:00-00:00,2023-07-15,19,0,Hourly,SR,AS_SP26,DAM,SP_CLR_PRC,0,21
2023-07-16T03:00:00-00:00,2023-07-16T04:00:00-00:00,2023-07-15,21,0,Hourly,SR,AS_CAISO,DAM,SP_CLR_PRC,0,21
2023-07-16T05:00:00-00:00,2023-07-16T06:00:00-00:00,2023-07-15,23,0,Hourly,SR,AS_CAISO,DAM,SP_CLR_PRC,0,21
2023-07-16T05:00:00-00:00,2023-07-16T06:00:00-00:00,2023-07-15,23,0,Hourly,SR,AS_SP26,DAM,SP_CLR_PRC,0,21
2023-07-15T08:00:00-00:00,2023-07-15T09:00:00-00:00,2023-07-15,2,0,Hourly,SR,AS_SP26,DAM,SP_CLR_PRC,0,21
2023-07-15T09:00:00-00:00,2023-07-15T10:00:00-00:00,2023-07-15,3,0,Hourly,SR,AS_CAISO,DAM,SP_CLR_PRC,0,21
2023-07-15T11:00:00-00:00,2023-07-15T12:00:00-00:00,2023-07-15,5,0,Hourly,SR,AS_NP26_EXP,DAM,SP_CLR_PRC,0.14,21
2023-07-15T14:00:00-00:00,2023-07-15T15:00:00-00:00,2023-07-15,8,0,Hourly,SR,AS_CAISO,DAM,SP_CLR_PRC,0,21
2023-07-15T15:00:00-00:00,2023-07-15T16:00:00-00:00,2023-07-15,9,0,Hourly,SR,AS_NP26,DAM,SP_CLR_PRC,0,21
2023-07-15T17:00:00-00:00,2023-07-15T18:00:00-00:00,2023-07-15,11,0,Hourly,SR,AS_NP26,DAM,SP_CLR_PRC,0,21
2023-07-15T17:00:00-00:00,2023-07-15T18:00:00-00:00,2023-07-15,11,0,Hourly,SR,AS_SP26_EXP,DAM,SP_CLR_PRC,0,21
2023-07-15T20:00:00-00:00,2023-07-15T21:00:00-00:00,2023-07-15,14,0,Hourly,SR,AS_NP26_EXP,DAM,SP_CLR_PRC,0.14,21
2023-07-16T03:00:00-00:00,2023-07-16T04:00:00-00:00,2023-07-15,21,0,Hourly,SR,AS_SP26,DAM,SP_CLR_PRC,0,21
2023-07-16T06:00:00-00:00,2023-07-16T07:00:00-00:00,2023-07-15,24,0,Hourly,SR,AS_CAISO,DAM,SP_CLR_PRC,0,21
2023-07-15T09:00:00-00:00,2023-07-15T10:00:00-00:00,2023-07-15,3,0,Hourly,SR,AS_CAISO_EXP,DAM,SP_CLR_PRC,0.16,21
2023-07-15T09:00:00-00:00,2023-07-15T10:00:00-00:00,2023-07-15,3,0,Hourly,SR,AS_SP26,DAM,SP_CLR_PRC,0,21
2023-07-15T11:00:00-00:00,2023-07-15T12:00:00-00:00,2023-07-15,5,0,Hourly,SR,AS_NP26,DAM,SP_CLR_PRC,0,21
2023-07-15T11:00:00-00:00,2023-07-15T12:00:00-00:00,2023-07-15,5,0,Hourly,SR,AS_SP26,DAM,SP_CLR_PRC,0,21
2023-07-15T11:00:00-00:00,2023-07-15T12:00:00-00:00,2023-07-15,5,0,Hourly,SR,AS_SP26_EXP,DAM,SP_CLR_PRC,0,21
2023-07-15T12:00:00-00:00,2023-07-15T13:00:00-00:00,2023-07-15,6,0,Hourly,SR,AS_SP26_EXP,DAM,SP_CLR_PRC,0,21
2023-07-15T13:00:00-00:00,2023-07-15T14:00:00-00:00,2023-07-15,7,0,Hourly,SR,AS_CAISO_EXP,DAM,SP_CLR_PRC,0.16,21
2023-07-15T14:00:00-00:00,2023-07-15T15:00:00-00:00,2023-07-15,8,0,Hourly,SR,AS_NP26_EXP,DAM,SP_CLR_PRC,0.14,21
2023-07-15T16:00:00-00:00,2023-07-15T17:00:00-00:00,2023-07-15,10,0,Hourly,SR,AS_NP26,DAM,SP_CLR_PRC,0,21
2023-07-15T16:00:00-00:00,2023-07-15T17:00:00-00:00,2023-07-15,10,0,Hourly,SR,AS_SP26,DAM,SP_CLR_PRC,0,21
2023-07-15T17:00:00-00:00,2023-07-15T18:00:00-00:00,2023-07-15,11,0,Hourly,SR,AS_NP26_EXP,DAM,SP_CLR_PRC,0.14,21
2023-07-15T07:00:00-00:00,2023-07-15T08:00:00-00:00,2023-07-15,1,0,Hourly,SR,AS_NP26_EXP,DAM,SP_CLR_PRC,0,21
2023-07-15T07:00:00-00:00,2023-07-15T08:00:00-00:00,2023-07-15,1,0,Hourly,SR,AS_SP26,DAM,SP_CLR_PRC,0,21
2023-07-15T12:00:00-00:00,2023-07-15T13:00:00-00:00,2023-07-15,6,0,Hourly,SR,AS_NP26,DAM,SP_CLR_PRC,0,21
2023-07-15T12:00:00-00:00,2023-07-15T13:00:00-00:00,2023-07-15,6,0,Hourly,SR,AS_NP26_EXP,DAM,SP_CLR_PRC,0.84,21
2023-07-15T12:00:00-00:00,2023-07-15T13:00:00-00:00,2023-07-15,6,0,Hourly,SR,AS_SP26,DAM,SP_CLR_PRC,0,21
2023-07-15T13:00:00-00:00,2023-07-15T14:00:00-00:00,2023-07-15,7,0,Hourly,SR,AS_CAISO,DAM,SP_CLR_PRC,0,21
2023-07-15T14:00:00-00:00,2023-07-15T15:00:00-00:00,2023-07-15,8,0,Hourly,SR,AS_SP26_EXP,DAM,SP_CLR_PRC,0,21
2023-07-15T16:00:00-00:00,2023-07-15T17:00:00-00:00,2023-07-15,10,0,Hourly,SR,AS_CAISO_EXP,DAM,SP_CLR_PRC,0.47,21
2023-07-15T16:00:00-00:00,2023-07-15T17:00:00-00:00,2023-07-15,10,0,Hourly,SR,AS_NP26_EXP,DAM,SP_CLR_PRC,0.14,21
2023-07-15T16:00:00-00:00,2023-07-15T17:00:00-00:00,2023-07-15,10,0,Hourly,SR,AS_SP26_EXP,DAM,SP_CLR_PRC,0,21
2023-07-15T18:00:00-00:00,2023-07-15T19:00:00-00:00,2023-07-15,12,0,Hourly,SR,AS_SP26_EXP,DAM,SP_CLR_PRC,0,21
2023-07-15T20:00:00-00:00,2023-07-15T21:00:00-00:00,2023-07-15,14,0,Hourly,SR,AS_CAISO_EXP,DAM,SP_CLR_PRC,0.36,21
2023-07-15T23:00:00-00:00,2023-07-16T00:00:00-00:00,2023-07-15,17,0,Hourly,SR,AS_CAISO,DAM,SP_CLR_PRC,0,21
2023-07-16T01:00:00-00:00,2023-07-16T02:00:00-00:00,2023-07-15,19,0,Hourly,SR,AS_CAISO,DAM,SP_CLR_PRC,0,21
2023-07-16T05:00:00-00:00,2023-07-16T06:00:00-00:00,2023-07-15,23,0,Hourly,SR,AS_NP26_EXP,DAM,SP_CLR_PRC,0,21
2023-07-15T09:00:00-00:00,2023-07-15T10:00:00-00:00,2023-07-15,3,0,Hourly,SR,AS_NP26_EXP,DAM,SP_CLR_PRC,0.34,21
2023-07-15T10:00:00-00:00,2023-07-15T11:00:00-00:00,2023-07-15,4,0,Hourly,SR,AS_CAISO_EXP,DAM,SP_CLR_PRC,0.16,21
2023-07-15T12:00:00-00:00,2023-07-15T13:00:00-00:00,2023-07-15,6,0,Hourly,SR,AS_CAISO_EXP,DAM,SP_CLR_PRC,0.16,21
2023-07-15T14:00:00-00:00,2023-07-15T15:00:00-00:00,2023-07-15,8,0,Hourly,SR,AS_SP26,DAM,SP_CLR_PRC,0,21
2023-07-15T15:00:00-00:00,2023-07-15T16:00:00-00:00,2023-07-15,9,0,Hourly,SR,AS_NP26_EXP,DAM,SP_CLR_PRC,0.14,21
2023-07-15T17:00:00-00:00,2023-07-15T18:00:00-00:00,2023-07-15,11,0,Hourly,SR,AS_CAISO_EXP,DAM,SP_CLR_PRC,0.86,21
2023-07-15T19:00:00-00:00,2023-07-15T20:00:00-00:00,2023-07-15,13,0,Hourly,SR,AS_CAISO_EXP,DAM,SP_CLR_PRC,0.86,21
2023-07-15T19:00:00-00:00,2023-07-15T20:00:00-00:00,2023-07-15,13,0,Hourly,SR,AS_NP26,DAM,SP_CLR_PRC,0,21
2023-07-15T19:00:00-00:00,2023-07-15T20:00:00-00:00,2023-07-15,13,0,Hourly,SR,AS_SP26,DAM,SP_CLR_PRC,0,21
2023-07-15T20:00:00-00:00,2023-07-15T21:00:00-00:00,2023-07-15,14,0,Hourly,SR,AS_SP26,DAM,SP_CLR_PRC,0,21
2023-07-15T22:00:00-00:00,2023-07-15T23:00:00-00:00,2023-07-15,16,0,Hourly,SR,AS_SP26_EXP,DAM,SP_CLR_PRC,0,21
2023-07-15T23:00:00-00:00,2023-07-16T00:00:00-00:00,2023-07-15,17,0,Hourly,SR,AS_CAISO_EXP,DAM,SP_CLR_PRC,3.99,21
2023-07-16T01:00:00-00:00,2023-07-16T02:00:00-00:00,2023-07-15,19,0,Hourly,SR,AS_NP26,DAM,SP_CLR_PRC,0,21
2023-07-16T01:00:00-00:00,2023-07-16T02:00:00-00:00,2023-07-15,19,0,Hourly,SR,AS_NP26_EXP,DAM,SP_CLR_PRC,0,21
2023-07-16T01:00:00-00:00,2023-07-16T02:00:00-00:00,2023-07-15,19,0,Hourly,SR,AS_SP26_EXP,DAM,SP_CLR_PRC,0,21
2023-07-16T02:00:00-00:00,2023-07-16T03:00:00-00:00,2023-07-15,20,0,Hourly,SR,AS_CAISO_EXP,DAM,SP_CLR_PRC,132.8168,21
2023-07-16T02:00:00-00:00,2023-07-16T03:00:00-00:00,2023-07-15,20,0,Hourly,SR,AS_NP26,DAM,SP_CLR_PRC,0,21
2023-07-16T02:00:00-00:00,2023-07-16T03:00:00-00:00,2023-07-15,20,0,Hourly,SR,AS_SP26,DAM,SP_CLR_PRC,0,21
2023-07-15T07:00:00-00:00,2023-07-15T08:00:00-00:00,2023-07-15,1,0,Hourly,SR,AS_CAISO,DAM,SP_CLR_PRC,0,21
2023-07-15T07:00:00-00:00,2023-07-15T08:00:00-00:00,2023-07-15,1,0,Hourly,SR,AS_CAISO_EXP,DAM,SP_CLR_PRC,0.35,21
2023-07-15T07:00:00-00:00,2023-07-15T08:00:00-00:00,2023-07-15,1,0,Hourly,SR,AS_SP26_EXP,DAM,SP_CLR_PRC,0,21
2023-07-15T09:00:00-00:00,2023-07-15T10:00:00-00:00,2023-07-15,3,0,Hourly,SR,AS_SP26_EXP,DAM,SP_CLR_PRC,0,21
2023-07-15T10:00:00-00:00,2023-07-15T11:00:00-00:00,2023-07-15,4,0,Hourly,SR,AS_SP26,DAM,SP_CLR_PRC,0,21
2023-07-15T14:00:00-00:00,2023-07-15T15:00:00-00:00,2023-07-15,8,0,Hourly,SR,AS_NP26,DAM,SP_CLR_PRC,0,21
2023-07-15T15:00:00-00:00,2023-07-15T16:00:00-00:00,2023-07-15,9,0,Hourly,SR,AS_CAISO,DAM,SP_CLR_PRC,0,21
2023-07-15T15:00:00-00:00,2023-07-15T16:00:00-00:00,2023-07-15,9,0,Hourly,SR,AS_SP26,DAM,SP_CLR_PRC,0,21
2023-07-15T21:00:00-00:00,2023-07-15T22:00:00-00:00,2023-07-15,15,0,Hourly,SR,AS_CAISO,DAM,SP_CLR_PRC,0,21
2023-07-15T21:00:00-00:00,2023-07-15T22:00:00-00:00,2023-07-15,15,0,Hourly,SR,AS_CAISO_EXP,DAM,SP_CLR_PRC,0.86,21
2023-07-15T22:00:00-00:00,2023-07-15T23:00:00-00:00,2023-07-15,16,0,Hourly,SR,AS_SP26,DAM,SP_CLR_PRC,0,21
2023-07-15T23:00:00-00:00,2023-07-16T00:00:00-00:00,2023-07-15,17,0,Hourly,SR,AS_NP26_EXP,DAM,SP_CLR_PRC,0,21
2023-07-16T00:00:00-00:00,2023-07-16T01:00:00-00:00,2023-07-15,18,0,Hourly,SR,AS_NP26,DAM,SP_CLR_PRC,0,21
2023-07-16T00:00:00-00:00,2023-07-16T01:00:00-00:00,2023-07-15,18,0,Hourly,SR,AS_SP26_EXP,DAM,SP_CLR_PRC,0,21
2023-07-16T03:00:00-00:00,2023-07-16T04:00:00-00:00,2023-07-15,21,0,Hourly,SR,AS_CAISO_EXP,DAM,SP_CLR_PRC,70.53528,21
2023-07-16T03:00:00-00:00,2023-07-16T04:00:00-00:00,2023-07-15,21,0,Hourly,SR,AS_NP26_EXP,DAM,SP_CLR_PRC,0,21
2023-07-16T05:00:00-00:00,2023-07-16T06:00:00-00:00,2023-07-15,23,0,Hourly,SR,AS_SP26_EXP,DAM,SP_CLR_PRC,0,21
2023-07-16T06:00:00-00:00,2023-07-16T07:00:00-00:00,2023-07-15,24,0,Hourly,SR,AS_SP26_EXP,DAM,SP_CLR_PRC,1.38,21
2023-07-15T07:00:00-00:00,2023-07-15T08:00:00-00:00,2023-07-15,1,0,Hourly,SR,AS_NP26,DAM,SP_CLR_PRC,0,21
2023-07-15T09:00:00-00:00,2023-07-15T10:00:00-00:00,2023-07-15,3,0,Hourly,SR,AS_NP26,DAM,SP_CLR_PRC,0,21
2023-07-15T10:00:00-00:00,2023-07-15T11:00:00-00:00,2023-07-15,4,0,Hourly,SR,AS_NP26_EXP,DAM,SP_CLR_PRC,0.14,21
2023-07-15T10:00:00-00:00,2023-07-15T11:00:00-00:00,2023-07-15,4,0,Hourly,SR,AS_SP26_EXP,DAM,SP_CLR_PRC,0,21
2023-07-15T11:00:00-00:00,2023-07-15T12:00:00-00:00,2023-07-15,5,0,Hourly,SR,AS_CAISO,DAM,SP_CLR_PRC,0,21
2023-07-15T13:00:00-00:00,2023-07-15T14:00:00-00:00,2023-07-15,7,0,Hourly,SR,AS_NP26,DAM,SP_CLR_PRC,0,21
2023-07-15T15:00:00-00:00,2023-07-15T16:00:00-00:00,2023-07-15,9,0,Hourly,SR,AS_SP26_EXP,DAM,SP_CLR_PRC,0,21
2023-07-15T18:00:00-00:00,2023-07-15T19:00:00-00:00,2023-07-15,12,0,Hourly,SR,AS_NP26,DAM,SP_CLR_PRC,0,21
2023-07-15T18:00:00-00:00,2023-07-15T19:00:00-00:00,2023-07-15,12,0,Hourly,SR,AS_SP26,DAM,SP_CLR_PRC,0,21
2023-07-15T20:00:00-00:00,2023-07-15T21:00:00-00:00,2023-07-15,14,0,Hourly,SR,AS_CAISO,DAM,SP_CLR_PRC,0,21
2023-07-15T20:00:00-00:00,2023-07-15T21:00:00-00:00,2023-07-15,14,0,Hourly,SR,AS_SP26_EXP,DAM,SP_CLR_PRC,0,21
2023-07-15T21:00:00-00:00,2023-07-15T22:00:00-00:00,2023-07-15,15,0,Hourly,SR,AS_NP26,DAM,SP_CLR_PRC,0,21
2023-07-15T22:00:00-00:00,2023-07-15T23:00:00-00:00,2023-07-15,16,0,Hourly,SR,AS_CAISO,DAM,SP_CLR_PRC,0,21
2023-07-16T08:00:00-00:00,2023-07-16T09:00:00-00:00,2023-07-16,2,0,Hourly,SR,AS_CAISO,DAM,SP_CLR_PRC,0,22
2023-07-16T11:00:00-00:00,2023-07-16T12:00:00-00:00,2023-07-16,5,0,Hourly,SR,AS_CAISO,DAM,SP_CLR_PRC,0,22
2023-07-16T14:00:00-00:00,2023-07-16T15:00:00-00:00,2023-07-16,8,0,Hourly,SR,AS_CAISO,DAM,SP_CLR_PRC,0,22
2023-07-16T15:00:00-00:00,2023-07-16T16:00:00-00:00,2023-07-16,9,0,Hourly,SR,AS_NP26,DAM,SP_CLR_PRC,0,22
2023-07-16T18:00:00-00:00,2023-07-16T19:00:00-00:00,2023-07-16,12,0,Hourly,SR,AS_CAISO,DAM,SP_CLR_PRC,0,22
2023-07-16T20:00:00-00:00,2023-07-16T21:00:00-00:00,2023-07-16,14,0,Hourly,SR,AS_NP26,DAM,SP_CLR_PRC,0,22
2023-07-16T20:00:00-00:00,2023-07-16T21:00:00-00:00,2023-07-16,14,0,Hourly,SR,AS_NP26_EXP,DAM,SP_CLR_PRC,0,22
2023-07-16T21:00:00-00:00,2023-07-16T22:00:00-00:00,2023-07-16,15,0,Hourly,SR,AS_CAISO_EXP,DAM,SP_CLR_PRC,2.5,22
2023-07-16T23:00:00-00:00,2023-07-17T00:00:00-00:00,2023-07-16,17,0,Hourly,SR,AS_SP26_EXP,DAM,SP_CLR_PRC,0,22
2023-07-17T00:00:00-00:00,2023-07-17T01:00:00-00:00,2023-07-16,18,0,Hourly,SR,AS_NP26,DAM,SP_CLR_PRC,0,22
2023-07-17T00:00:00-00:00,2023-07-17T01:00:00-00:00,2023-07-16,18,0,Hourly,SR,AS_SP26,DAM,SP_CLR_PRC,0,22
2023-07-17T03:00:00-00:00,2023-07-17T04:00:00-00:00,2023-07-16,21,0,Hourly,SR,AS_CAISO,DAM,SP_CLR_PRC,0,22
2023-07-17T03:00:00-00:00,2023-07-17T04:00:00-00:00,2023-07-16,21,0,Hourly,SR,AS_CAISO_EXP,DAM,SP_CLR_PRC,51.64467,22
2023-07-17T04:00:00-00:00,2023-07-17T05:00:00-00:00,2023-07-16,22,0,Hourly,SR,AS_SP26,DAM,SP_CLR_PRC,0,22
2023-07-17T05:00:00-00:00,2023-07-17T06:00:00-00:00,2023-07-16,23,0,Hourly,SR,AS_CAISO,DAM,SP_CLR_PRC,0,22
2023-07-17T06:00:00-00:00,2023-07-17T07:00:00-00:00,2023-07-16,24,0,Hourly,SR,AS_CAISO,DAM,SP_CLR_PRC,0,22
2023-07-16T11:00:00-00:00,2023-07-16T12:00:00-00:00,2023-07-16,5,0,Hourly,SR,AS_CAISO_EXP,DAM,SP_CLR_PRC,0.16,22
2023-07-16T11:00:00-00:00,2023-07-16T12:00:00-00:00,2023-07-16,5,0,Hourly,SR,AS_SP26_EXP,DAM,SP_CLR_PRC,0,22
2023-07-16T12:00:00-00:00,2023-07-16T13:00:00-00:00,2023-07-16,6,0,Hourly,SR,AS_SP26,DAM,SP_CLR_PRC,0,22
2023-07-16T13:00:00-00:00,2023-07-16T14:00:00-00:00,2023-07-16,7,0,Hourly,SR,AS_CAISO_EXP,DAM,SP_CLR_PRC,0.16,22
2023-07-16T13:00:00-00:00,2023-07-16T14:00:00-00:00,2023-07-16,7,0,Hourly,SR,AS_SP26_EXP,DAM,SP_CLR_PRC,0,22
2023-07-16T14:00:00-00:00,2023-07-16T15:00:00-00:00,2023-07-16,8,0,Hourly,SR,AS_SP26_EXP,DAM,SP_CLR_PRC,0,22
2023-07-16T15:00:00-00:00,2023-07-16T16:00:00-00:00,2023-07-16,9,0,Hourly,SR,AS_NP26_EXP,DAM,SP_CLR_PRC,0.22,22
2023-07-16T16:00:00-00:00,2023-07-16T17:00:00-00:00,2023-07-16,10,0,Hourly,SR,AS_SP26,DAM,SP_CLR_PRC,0,22
2023-07-16T18:00:00-00:00,2023-07-16T19:00:00-00:00,2023-07-16,12,0,Hourly,SR,AS_SP26,DAM,SP_CLR_PRC,0,22
2023-07-16T19:00:00-00:00,2023-07-16T20:00:00-00:00,2023-07-16,13,0,Hourly,SR,AS_NP26,DAM,SP_CLR_PRC,0,22
2023-07-16T19:00:00-00:00,2023-07-16T20:00:00-00:00,2023-07-16,13,0,Hourly,SR,AS_NP26_EXP,DAM,SP_CLR_PRC,0.19,22
2023-07-16T20:00:00-00:00,2023-07-16T21:00:00-00:00,2023-07-16,14,0,Hourly,SR,AS_CAISO_EXP,DAM,SP_CLR_PRC,1.29,22
2023-07-16T21:00:00-00:00,2023-07-16T22:00:00-00:00,2023-07-16,15,0,Hourly,SR,AS_NP26,DAM,SP_CLR_PRC,0,22
2023-07-16T21:00:00-00:00,2023-07-16T22:00:00-00:00,2023-07-16,15,0,Hourly,SR,AS_SP26,DAM,SP_CLR_PRC,0,22
2023-07-16T23:00:00-00:00,2023-07-17T00:00:00-00:00,2023-07-16,17,0,Hourly,SR,AS_CAISO,DAM,SP_CLR_PRC,0,22
2023-07-17T00:00:00-00:00,2023-07-17T01:00:00-00:00,2023-07-16,18,0,Hourly,SR,AS_SP26_EXP,DAM,SP_CLR_PRC,0,22
2023-07-17T01:00:00-00:00,2023-07-17T02:00:00-00:00,2023-07-16,19,0,Hourly,SR,AS_SP26_EXP,DAM,SP_CLR_PRC,8.82621,22
2023-07-17T03:00:00-00:00,2023-07-17T04:00:00-00:00,2023-07-16,21,0,Hourly,SR,AS_SP26_EXP,DAM,SP_CLR_PRC,45.51349,22
2023-07-17T05:00:00-00:00,2023-07-17T06:00:00-00:00,2023-07-16,23,0,Hourly,SR,AS_NP26,DAM,SP_CLR_PRC,0,22
2023-07-17T06:00:00-00:00,2023-07-17T07:00:00-00:00,2023-07-16,24,0,Hourly,SR,AS_SP26,DAM,SP_CLR_PRC,0,22
2023-07-16T14:00:00-00:00,2023-07-16T15:00:00-00:00,2023-07-16,8,0,Hourly,SR,AS_NP26,DAM,SP_CLR_PRC,0,22
2023-07-16T15:00:00-00:00,2023-07-16T16:00:00-00:00,2023-07-16,9,0,Hourly,SR,AS_SP26_EXP,DAM,SP_CLR_PRC,0,22
2023-07-16T16:00:00-00:00,2023-07-16T17:00:00-00:00,2023-07-16,10,0,Hourly,SR,AS_SP26_EXP,DAM,SP_CLR_PRC,0,22
2023-07-16T17:00:00-00:00,2023-07-16T18:00:00-00:00,2023-07-16,11,0,Hourly,SR,AS_CAISO_EXP,DAM,SP_CLR_PRC,0.16,22
2023-07-16T17:00:00-00:00,2023-07-16T18:00:00-00:00,2023-07-16,11,0,Hourly,SR,AS_NP26_EXP,DAM,SP_CLR_PRC,0.14,22
2023-07-16T18:00:00-00:00,2023-07-16T19:00:00-00:00,2023-07-16,12,0,Hourly,SR,AS_SP26_EXP,DAM,SP_CLR_PRC,0,22
2023-07-16T22:00:00-00:00,2023-07-16T23:00:00-00:00,2023-07-16,16,0,Hourly,SR,AS_NP26,DAM,SP_CLR_PRC,0,22
2023-07-16T22:00:00-00:00,2023-07-16T23:00:00-00:00,2023-07-16,16,0,Hourly,SR,AS_NP26_EXP,DAM,SP_CLR_PRC,0,22
2023-07-17T00:00:00-00:00,2023-07-17T01:00:00-00:00,2023-07-16,18,0,Hourly,SR,AS_NP26_EXP,DAM,SP_CLR_PRC,0,22
2023-07-17T01:00:00-00:00,2023-07-17T02:00:00-00:00,2023-07-16,19,0,Hourly,SR,AS_SP26,DAM,SP_CLR_PRC,0,22
2023-07-17T02:00:00-00:00,2023-07-17T03:00:00-00:00,2023-07-16,20,0,Hourly,SR,AS_CAISO_EXP,DAM,SP_CLR_PRC,114.27369,22
2023-07-17T02:00:00-00:00,2023-07-17T03:00:00-00:00,2023-07-16,20,0,Hourly,SR,AS_NP26,DAM,SP_CLR_PRC,0,22
2023-07-17T02:00:00-00:00,2023-07-17T03:00:00-00:00,2023-07-16,20,0,Hourly,SR,AS_NP26_EXP,DAM,SP_CLR_PRC,0,22
2023-07-16T09:00:00-00:00,2023-07-16T10:00:00-00:00,2023-07-16,3,0,Hourly,SR,AS_CAISO_EXP,DAM,SP_CLR_PRC,0.81,22
2023-07-16T09:00:00-00:00,2023-07-16T10:00:00-00:00,2023-07-16,3,0,Hourly,SR,AS_SP26_EXP,DAM,SP_CLR_PRC,0,22
2023-07-16T10:00:00-00:00,2023-07-16T11:00:00-00:00,2023-07-16,4,0,Hourly,SR,AS_NP26,DAM,SP_CLR_PRC,0,22
2023-07-16T12:00:00-00:00,2023-07-16T13:00:00-00:00,2023-07-16,6,0,Hourly,SR,AS_NP26,DAM,SP_CLR_PRC,0,22
2023-07-16T12:00:00-00:00,2023-07-16T13:00:00-00:00,2023-07-16,6,0,Hourly,SR,AS_SP26_EXP,DAM,SP_CLR_PRC,0,22
2023-07-16T13:00:00-00:00,2023-07-16T14:00:00-00:00,2023-07-16,7,0,Hourly,SR,AS_NP26_EXP,DAM,SP_CLR_PRC,0.19,22
2023-07-16T15:00:00-00:00,2023-07-16T16:00:00-00:00,2023-07-16,9,0,Hourly,SR,AS_SP26,DAM,SP_CLR_PRC,0,22
2023-07-16T16:00:00-00:00,2023-07-16T17:00:00-00:00,2023-07-16,10,0,Hourly,SR,AS_CAISO,DAM,SP_CLR_PRC,0,22
2023-07-16T19:00:00-00:00,2023-07-16T20:00:00-00:00,2023-07-16,13,0,Hourly,SR,AS_SP26_EXP,DAM,SP_CLR_PRC,0,22
2023-07-16T20:00:00-00:00,2023-07-16T21:00:00-00:00,2023-07-16,14,0,Hourly,SR,AS_CAISO,DAM,SP_CLR_PRC,0,22
2023-07-16T21:00:00-00:00,2023-07-16T22:00:00-00:00,2023-07-16,15,0,Hourly,SR,AS_NP26_EXP,DAM,SP_CLR_PRC,0,22
2023-07-16T22:00:00-00:00,2023-07-16T23:00:00-00:00,2023-07-16,16,0,Hourly,SR,AS_SP26,DAM,SP_CLR_PRC,0,22
2023-07-17T02:00:00-00:00,2023-07-17T03:00:00-00:00,2023-07-16,20,0,Hourly,SR,AS_SP26,DAM,SP_CLR_PRC,0,22
2023-07-17T03:00:00-00:00,2023-07-17T04:00:00-00:00,2023-07-16,21,0,Hourly,SR,AS_NP26_EXP,DAM,SP_CLR_PRC,0,22
2023-07-17T06:00:00-00:00,2023-07-17T07:00:00-00:00,2023-07-16,24,0,Hourly,SR,AS_CAISO_EXP,DAM,SP_CLR_PRC,5.4639,22
2023-07-17T06:00:00-00:00,2023-07-17T07:00:00-00:00,2023-07-16,24,0,Hourly,SR,AS_NP26,DAM,SP_CLR_PRC,0,22
2023-07-16T07:00:00-00:00,2023-07-16T08:00:00-00:00,2023-07-16,1,0,Hourly,SR,AS_NP26,DAM,SP_CLR_PRC,0,22
2023-07-16T07:00:00-00:00,2023-07-16T08:00:00-00:00,2023-07-16,1,0,Hourly,SR,AS_SP26,DAM,SP_CLR_PRC,0,22
2023-07-16T07:00:00-00:00,2023-07-16T08:00:00-00:00,2023-07-16,1,0,Hourly,SR,AS_SP26_EXP,DAM,SP_CLR_PRC,0,22
2023-07-16T09:00:00-00:00,2023-07-16T10:00:00-00:00,2023-07-16,3,0,Hourly,SR,AS_NP26_EXP,DAM,SP_CLR_PRC,0.19,22
2023-07-16T10:00:00-00:00,2023-07-16T11:00:00-00:00,2023-07-16,4,0,Hourly,SR,AS_CAISO,DAM,SP_CLR_PRC,0,22
2023-07-16T10:00:00-00:00,2023-07-16T11:00:00-00:00,2023-07-16,4,0,Hourly,SR,AS_SP26,DAM,SP_CLR_PRC,0,22
2023-07-16T11:00:00-00:00,2023-07-16T12:00:00-00:00,2023-07-16,5,0,Hourly,SR,AS_NP26_EXP,DAM,SP_CLR_PRC,0.19,22
2023-07-16T13:00:00-00:00,2023-07-16T14:00:00-00:00,2023-07-16,7,0,Hourly,SR,AS_NP26,DAM,SP_CLR_PRC,0,22
2023-07-16T17:00:00-00:00,2023-07-16T18:00:00-00:00,2023-07-16,11,0,Hourly,SR,AS_SP26_EXP,DAM,SP_CLR_PRC,0,22
2023-07-16T23:00:00-00:00,2023-07-17T00:00:00-00:00,2023-07-16,17,0,Hourly,SR,AS_CAISO_EXP,DAM,SP_CLR_PRC,5,22
2023-07-17T00:00:00-00:00,2023-07-17T01:00:00-00:00,2023-07-16,18,0,Hourly,SR,AS_CAISO_EXP,DAM,SP_CLR_PRC,22.87473,22
2023-07-17T01:00:00-00:00,2023-07-17T02:00:00-00:00,2023-07-16,19,0,Hourly,SR,AS_NP26_EXP,DAM,SP_CLR_PRC,0,22
2023-07-17T04:00:00-00:00,2023-07-17T05:00:00-00:00,2023-07-16,22,0,Hourly,SR,AS_NP26,DAM,SP_CLR_PRC,0,22
2023-07-17T06:00:00-00:00,2023-07-17T07:00:00-00:00,2023-07-16,24,0,Hourly,SR,AS_NP26_EXP,DAM,SP_CLR_PRC,0,22
2023-07-16T07:00:00-00:00,2023-07-16T08:00:00-00:00,2023-07-16,1,0,Hourly,SR,AS_NP26_EXP,DAM,SP_CLR_PRC,0,22
2023-07-16T09:00:00-00:00,2023-07-16T10:00:00-00:00,2023-07-16,3,0,Hourly,SR,AS_SP26,DAM,SP_CLR_PRC,0,22
2023-07-16T10:00:00-00:00,2023-07-16T11:00:00-00:00,2023-07-16,4,0,Hourly,SR,AS_NP26_EXP,DAM,SP_CLR_PRC,0.19,22
2023-07-16T11:00:00-00:00,2023-07-16T12:00:00-00:00,2023-07-16,5,0,Hourly,SR,AS_SP26,DAM,SP_CLR_PRC,0,22
2023-07-16T14:00:00-00:00,2023-07-16T15:00:00-00:00,2023-07-16,8,0,Hourly,SR,AS_CAISO_EXP,DAM,SP_CLR_PRC,0.16,22
2023-07-16T14:00:00-00:00,2023-07-16T15:00:00-00:00,2023-07-16,8,0,Hourly,SR,AS_NP26_EXP,DAM,SP_CLR_PRC,0.59,22
2023-07-16T15:00:00-00:00,2023-07-16T16:00:00-00:00,2023-07-16,9,0,Hourly,SR,AS_CAISO,DAM,SP_CLR_PRC,0,22
2023-07-16T15:00:00-00:00,2023-07-16T16:00:00-00:00,2023-07-16,9,0,Hourly,SR,AS_CAISO_EXP,DAM,SP_CLR_PRC,0.16,22
2023-07-16T16:00:00-00:00,2023-07-16T17:00:00-00:00,2023-07-16,10,0,Hourly,SR,AS_CAISO_EXP,DAM,SP_CLR_PRC,0.16,22
2023-07-16T16:00:00-00:00,2023-07-16T17:00:00-00:00,2023-07-16,10,0,Hourly,SR,AS_NP26,DAM,SP_CLR_PRC,0,22
2023-07-16T16:00:00-00:00,2023-07-16T17:00:00-00:00,2023-07-16,10,0,Hourly,SR,AS_NP26_EXP,DAM,SP_CLR_PRC,0.31,22
2023-07-16T17:00:00-00:00,2023-07-16T18:00:00-00:00,2023-07-16,11,0,Hourly,SR,AS_SP26,DAM,SP_CLR_PRC,0,22
2023-07-16T19:00:00-00:00,2023-07-16T20:00:00-00:00,2023-07-16,13,0,Hourly,SR,AS_CAISO,DAM,SP_CLR_PRC,0,22
2023-07-16T22:00:00-00:00,2023-07-16T23:00:00-00:00,2023-07-16,16,0,Hourly,SR,AS_CAISO,DAM,SP_CLR_PRC,0,22
2023-07-16T23:00:00-00:00,2023-07-17T00:00:00-00:00,2023-07-16,17,0,Hourly,SR,AS_NP26,DAM,SP_CLR_PRC,0,22
2023-07-17T02:00:00-00:00,2023-07-17T03:00:00-00:00,2023-07-16,20,0,Hourly,SR,AS_CAISO,DAM,SP_CLR_PRC,0,22
2023-07-17T04:00:00-00:00,2023-07-17T05:00:00-00:00,2023-07-16,22,0,Hourly,SR,AS_CAISO_EXP,DAM,SP_CLR_PRC,25.47,22
2023-07-17T05:00:00-00:00,2023-07-17T06:00:00-00:00,2023-07-16,23,0,Hourly,SR,AS_NP26_EXP,DAM,SP_CLR_PRC,0,22
2023-07-17T05:00:00-00:00,2023-07-17T06:00:00-00:00,2023-07-16,23,0,Hourly,SR,AS_SP26_EXP,DAM,SP_CLR_PRC,0,22
2023-07-16T07:00:00-00:00,2023-07-16T08:00:00-00:00,2023-07-16,1,0,Hourly,SR,AS_CAISO,DAM,SP_CLR_PRC,0,22
2023-07-16T07:00:00-00:00,2023-07-16T08:00:00-00:00,2023-07-16,1,0,Hourly,SR,AS_CAISO_EXP,DAM,SP_CLR_PRC,1,22
2023-07-16T10:00:00-00:00,2023-07-16T11:00:00-00:00,2023-07-16,4,0,Hourly,SR,AS_CAISO_EXP,DAM,SP_CLR_PRC,0.16,22
2023-07-16T11:00:00-00:00,2023-07-16T12:00:00-00:00,2023-07-16,5,0,Hourly,SR,AS_NP26,DAM,SP_CLR_PRC,0,22
2023-07-16T12:00:00-00:00,2023-07-16T13:00:00-00:00,2023-07-16,6,0,Hourly,SR,AS_CAISO,DAM,SP_CLR_PRC,0,22
2023-07-16T12:00:00-00:00,2023-07-16T13:00:00-00:00,2023-07-16,6,0,Hourly,SR,AS_CAISO_EXP,DAM,SP_CLR_PRC,0.35898,22
2023-07-16T12:00:00-00:00,2023-07-16T13:00:00-00:00,2023-07-16,6,0,Hourly,SR,AS_NP26_EXP,DAM,SP_CLR_PRC,0.19,22
2023-07-16T14:00:00-00:00,2023-07-16T15:00:00-00:00,2023-07-16,8,0,Hourly,SR,AS_SP26,DAM,SP_CLR_PRC,0,22
2023-07-16T17:00:00-00:00,2023-07-16T18:00:00-00:00,2023-07-16,11,0,Hourly,SR,AS_NP26,DAM,SP_CLR_PRC,0,22
2023-07-16T18:00:00-00:00,2023-07-16T19:00:00-00:00,2023-07-16,12,0,Hourly,SR,AS_CAISO_EXP,DAM,SP_CLR_PRC,0.16,22
2023-07-16T18:00:00-00:00,2023-07-16T19:00:00-00:00,2023-07-16,12,0,Hourly,SR,AS_NP26_EXP,DAM,SP_CLR_PRC,0.19,22
2023-07-16T19:00:00-00:00,2023-07-16T20:00:00-00:00,2023-07-16,13,0,Hourly,SR,AS_SP26,DAM,SP_CLR_PRC,0,22
2023-07-16T21:00:00-00:00,2023-07-16T22:00:00-00:00,2023-07-16,15,0,Hourly,SR,AS_CAISO,DAM,SP_CLR_PRC,0,22
2023-07-16T22:00:00-00:00,2023-07-16T23:00:00-00:00,2023-07-16,16,0,Hourly,SR,AS_CAISO_EXP,DAM,SP_CLR_PRC,7,22
2023-07-16T22:00:00-00:00,2023-07-16T23:00:00-00:00,2023-07-16,16,0,Hourly,SR,AS_SP26_EXP,DAM,SP_CLR_PRC,0,22
2023-07-16T23:00:00-00:00,2023-07-17T00:00:00-00:00,2023-07-16,17,0,Hourly,SR,AS_SP26,DAM,SP_CLR_PRC,0,22
2023-07-17T00:00:00-00:00,2023-07-17T01:00:00-00:00,2023-07-16,18,0,Hourly,SR,AS_CAISO,DAM,SP_CLR_PRC,0,22
2023-07-17T01:00:00-00:00,2023-07-17T02:00:00-00:00,2023-07-16,19,0,Hourly,SR,AS_CAISO,DAM,SP_CLR_PRC,0,22
2023-07-17T01:00:00-00:00,2023-07-17T02:00:00-00:00,2023-07-16,19,0,Hourly,SR,AS_CAISO_EXP,DAM,SP_CLR_PRC,64.16445,22
2023-07-17T02:00:00-00:00,2023-07-17T03:00:00-00:00,2023-07-16,20,0,Hourly,SR,AS_SP26_EXP,DAM,SP_CLR_PRC,55.59164,22
2023-07-17T03:00:00-00:00,2023-07-17T04:00:00-00:00,2023-07-16,21,0,Hourly,SR,AS_NP26,DAM,SP_CLR_PRC,0,22
2023-07-17T03:00:00-00:00,2023-07-17T04:00:00-00:00,2023-07-16,21,0,Hourly,SR,AS_SP26,DAM,SP_CLR_PRC,0,22
2023-07-17T04:00:00-00:00,2023-07-17T05:00:00-00:00,2023-07-16,22,0,Hourly,SR,AS_SP26_EXP,DAM,SP_CLR_PRC,10.30303,22
2023-07-17T05:00:00-00:00,2023-07-17T06:00:00-00:00,2023-07-16,23,0,Hourly,SR,AS_SP26,DAM,SP_CLR_PRC,0,22
2023-07-17T06:00:00-00:00,2023-07-17T07:00:00-00:00,2023-07-16,24,0,Hourly,SR,AS_SP26_EXP,DAM,SP_CLR_PRC,0.5361,22
2023-07-16T08:00:00-00:00,2023-07-16T09:00:00-00:00,2023-07-16,2,0,Hourly,SR,AS_CAISO_EXP,DAM,SP_CLR_PRC,1,22
2023-07-16T08:00:00-00:00,2023-07-16T09:00:00-00:00,2023-07-16,2,0,Hourly,SR,AS_SP26_EXP,DAM,SP_CLR_PRC,0,22
2023-07-16T09:00:00-00:00,2023-07-16T10:00:00-00:00,2023-07-16,3,0,Hourly,SR,AS_CAISO,DAM,SP_CLR_PRC,0,22
2023-07-16T09:00:00-00:00,2023-07-16T10:00:00-00:00,2023-07-16,3,0,Hourly,SR,AS_NP26,DAM,SP_CLR_PRC,0,22
2023-07-16T13:00:00-00:00,2023-07-16T14:00:00-00:00,2023-07-16,7,0,Hourly,SR,AS_CAISO,DAM,SP_CLR_PRC,0,22
2023-07-16T13:00:00-00:00,2023-07-16T14:00:00-00:00,2023-07-16,7,0,Hourly,SR,AS_SP26,DAM,SP_CLR_PRC,0,22
2023-07-16T17:00:00-00:00,2023-07-16T18:00:00-00:00,2023-07-16,11,0,Hourly,SR,AS_CAISO,DAM,SP_CLR_PRC,0,22
2023-07-16T18:00:00-00:00,2023-07-16T19:00:00-00:00,2023-07-16,12,0,Hourly,SR,AS_NP26,DAM,SP_CLR_PRC,0,22
2023-07-16T19:00:00-00:00,2023-07-16T20:00:00-00:00,2023-07-16,13,0,Hourly,SR,AS_CAISO_EXP,DAM,SP_CLR_PRC,0.16,22
2023-07-16T20:00:00-00:00,2023-07-16T21:00:00-00:00,2023-07-16,14,0,Hourly,SR,AS_SP26,DAM,SP_CLR_PRC,0,22
2023-07-16T20:00:00-00:00,2023-07-16T21:00:00-00:00,2023-07-16,14,0,Hourly,SR,AS_SP26_EXP,DAM,SP_CLR_PRC,0,22
2023-07-16T21:00:00-00:00,2023-07-16T22:00:00-00:00,2023-07-16,15,0,Hourly,SR,AS_SP26_EXP,DAM,SP_CLR_PRC,0,22
2023-07-16T23:00:00-00:00,2023-07-17T00:00:00-00:00,2023-07-16,17,0,Hourly,SR,AS_NP26_EXP,DAM,SP_CLR_PRC,0,22
2023-07-17T01:00:00-00:00,2023-07-17T02:00:00-00:00,2023-07-16,19,0,Hourly,SR,AS_NP26,DAM,SP_CLR_PRC,0,22
2023-07-17T04:00:00-00:00,2023-07-17T05:00:00-00:00,2023-07-16,22,0,Hourly,SR,AS_CAISO,DAM,SP_CLR_PRC,0,22
2023-07-17T04:00:00-00:00,2023-07-17T05:00:00-00:00,2023-07-16,22,0,Hourly,SR,AS_NP26_EXP,DAM,SP_CLR_PRC,0,22
2023-07-17T05:00:00-00:00,2023-07-17T06:00:00-00:00,2023-07-16,23,0,Hourly,SR,AS_CAISO_EXP,DAM,SP_CLR_PRC,14.38845,22
2023-07-16T08:00:00-00:00,2023-07-16T09:00:00-00:00,2023-07-16,2,0,Hourly,SR,AS_NP26,DAM,SP_CLR_PRC,0,22
2023-07-16T08:00:00-00:00,2023-07-16T09:00:00-00:00,2023-07-16,2,0,Hourly,SR,AS_NP26_EXP,DAM,SP_CLR_PRC,0,22
2023-07-16T08:00:00-00:00,2023-07-16T09:00:00-00:00,2023-07-16,2,0,Hourly,SR,AS_SP26,DAM,SP_CLR_PRC,0,22
2023-07-16T10:00:00-00:00,2023-07-16T11:00:00-00:00,2023-07-16,4,0,Hourly,SR,AS_SP26_EXP,DAM,SP_CLR_PRC,0,22
2023-07-18T04:00:00-00:00,2023-07-18T05:00:00-00:00,2023-07-17,22,0,Hourly,SR,AS_CAISO_EXP,DAM,SP_CLR_PRC,24.33747,23
2023-07-18T04:00:00-00:00,2023-07-18T05:00:00-00:00,2023-07-17,22,0,Hourly,SR,AS_SP26_EXP,DAM,SP_CLR_PRC,0,23
2023-07-18T05:00:00-00:00,2023-07-18T06:00:00-00:00,2023-07-17,23,0,Hourly,SR,AS_SP26,DAM,SP_CLR_PRC,0,23
2023-07-18T06:00:00-00:00,2023-07-18T07:00:00-00:00,2023-07-17,24,0,Hourly,SR,AS_CAISO_EXP,DAM,SP_CLR_PRC,6.42825,23
2023-07-18T06:00:00-00:00,2023-07-18T07:00:00-00:00,2023-07-17,24,0,Hourly,SR,AS_SP26,DAM,SP_CLR_PRC,0,23
2023-07-17T08:00:00-00:00,2023-07-17T09:00:00-00:00,2023-07-17,2,0,Hourly,SR,AS_NP26,DAM,SP_CLR_PRC,0,23
2023-07-17T11:00:00-00:00,2023-07-17T12:00:00-00:00,2023-07-17,5,0,Hourly,SR,AS_NP26,DAM,SP_CLR_PRC,0,23
2023-07-17T11:00:00-00:00,2023-07-17T12:00:00-00:00,2023-07-17,5,0,Hourly,SR,AS_NP26_EXP,DAM,SP_CLR_PRC,0.19,23
2023-07-17T11:00:00-00:00,2023-07-17T12:00:00-00:00,2023-07-17,5,0,Hourly,SR,AS_SP26,DAM,SP_CLR_PRC,0,23
2023-07-17T12:00:00-00:00,2023-07-17T13:00:00-00:00,2023-07-17,6,0,Hourly,SR,AS_SP26,DAM,SP_CLR_PRC,0,23
2023-07-17T19:00:00-00:00,2023-07-17T20:00:00-00:00,2023-07-17,13,0,Hourly,SR,AS_SP26_EXP,DAM,SP_CLR_PRC,0,23
2023-07-17T20:00:00-00:00,2023-07-17T21:00:00-00:00,2023-07-17,14,0,Hourly,SR,AS_NP26_EXP,DAM,SP_CLR_PRC,0,23
2023-07-17T21:00:00-00:00,2023-07-17T22:00:00-00:00,2023-07-17,15,0,Hourly,SR,AS_SP26,DAM,SP_CLR_PRC,0,23
2023-07-17T22:00:00-00:00,2023-07-17T23:00:00-00:00,2023-07-17,16,0,Hourly,SR,AS_CAISO_EXP,DAM,SP_CLR_PRC,9.64,23
2023-07-18T00:00:00-00:00,2023-07-18T01:00:00-00:00,2023-07-17,18,0,Hourly,SR,AS_SP26,DAM,SP_CLR_PRC,0,23
2023-07-18T03:00:00-00:00,2023-07-18T04:00:00-00:00,2023-07-17,21,0,Hourly,SR,AS_NP26,DAM,SP_CLR_PRC,0,23
2023-07-18T05:00:00-00:00,2023-07-18T06:00:00-00:00,2023-07-17,23,0,Hourly,SR,AS_NP26,DAM,SP_CLR_PRC,0,23
2023-07-18T05:00:00-00:00,2023-07-18T06:00:00-00:00,2023-07-17,23,0,Hourly,SR,AS_SP26_EXP,DAM,SP_CLR_PRC,0,23
2023-07-17T07:00:00-00:00,2023-07-17T08:00:00-00:00,2023-07-17,1,0,Hourly,SR,AS_CAISO_EXP,DAM,SP_CLR_PRC,1,23
2023-07-17T08:00:00-00:00,2023-07-17T09:00:00-00:00,2023-07-17,2,0,Hourly,SR,AS_NP26_EXP,DAM,SP_CLR_PRC,0,23
2023-07-17T09:00:00-00:00,2023-07-17T10:00:00-00:00,2023-07-17,3,0,Hourly,SR,AS_CAISO_EXP,DAM,SP_CLR_PRC,0.35,23
2023-07-17T10:00:00-00:00,2023-07-17T11:00:00-00:00,2023-07-17,4,0,Hourly,SR,AS_SP26,DAM,SP_CLR_PRC,0,23
2023-07-17T11:00:00-00:00,2023-07-17T12:00:00-00:00,2023-07-17,5,0,Hourly,SR,AS_CAISO_EXP,DAM,SP_CLR_PRC,0.16,23
2023-07-17T13:00:00-00:00,2023-07-17T14:00:00-00:00,2023-07-17,7,0,Hourly,SR,AS_CAISO_EXP,DAM,SP_CLR_PRC,0.81,23
2023-07-17T14:00:00-00:00,2023-07-17T15:00:00-00:00,2023-07-17,8,0,Hourly,SR,AS_CAISO_EXP,DAM,SP_CLR_PRC,0.16,23
2023-07-17T17:00:00-00:00,2023-07-17T18:00:00-00:00,2023-07-17,11,0,Hourly,SR,AS_SP26_EXP,DAM,SP_CLR_PRC,0,23
2023-07-17T22:00:00-00:00,2023-07-17T23:00:00-00:00,2023-07-17,16,0,Hourly,SR,AS_SP26,DAM,SP_CLR_PRC,0,23
2023-07-18T00:00:00-00:00,2023-07-18T01:00:00-00:00,2023-07-17,18,0,Hourly,SR,AS_SP26_EXP,DAM,SP_CLR_PRC,0,23
2023-07-18T01:00:00-00:00,2023-07-18T02:00:00-00:00,2023-07-17,19,0,Hourly,SR,AS_SP26_EXP,DAM,SP_CLR_PRC,41.66459,23
2023-07-18T02:00:00-00:00,2023-07-18T03:00:00-00:00,2023-07-17,20,0,Hourly,SR,AS_CAISO,DAM,SP_CLR_PRC,0,23
2023-07-18T02:00:00-00:00,2023-07-18T03:00:00-00:00,2023-07-17,20,0,Hourly,SR,AS_CAISO_EXP,DAM,SP_CLR_PRC,144.25299,23
2023-07-18T03:00:00-00:00,2023-07-18T04:00:00-00:00,2023-07-17,21,0,Hourly,SR,AS_SP26_EXP,DAM,SP_CLR_PRC,35.88279,23
2023-07-18T06:00:00-00:00,2023-07-18T07:00:00-00:00,2023-07-17,24,0,Hourly,SR,AS_CAISO,DAM,SP_CLR_PRC,0,23
2023-07-17T09:00:00-00:00,2023-07-17T10:00:00-00:00,2023-07-17,3,0,Hourly,SR,AS_SP26,DAM,SP_CLR_PRC,0,23
2023-07-17T09:00:00-00:00,2023-07-17T10:00:00-00:00,2023-07-17,3,0,Hourly,SR,AS_SP26_EXP,DAM,SP_CLR_PRC,0,23
2023-07-17T10:00:00-00:00,2023-07-17T11:00:00-00:00,2023-07-17,4,0,Hourly,SR,AS_CAISO_EXP,DAM,SP_CLR_PRC,0.35,23
2023-07-17T11:00:00-00:00,2023-07-17T12:00:00-00:00,2023-07-17,5,0,Hourly,SR,AS_CAISO,DAM,SP_CLR_PRC,0,23
2023-07-17T14:00:00-00:00,2023-07-17T15:00:00-00:00,2023-07-17,8,0,Hourly,SR,AS_NP26_EXP,DAM,SP_CLR_PRC,0.56115,23
2023-07-17T15:00:00-00:00,2023-07-17T16:00:00-00:00,2023-07-17,9,0,Hourly,SR,AS_CAISO_EXP,DAM,SP_CLR_PRC,0.16,23
2023-07-17T15:00:00-00:00,2023-07-17T16:00:00-00:00,2023-07-17,9,0,Hourly,SR,AS_NP26,DAM,SP_CLR_PRC,0,23
2023-07-17T16:00:00-00:00,2023-07-17T17:00:00-00:00,2023-07-17,10,0,Hourly,SR,AS_CAISO,DAM,SP_CLR_PRC,0,23
2023-07-17T16:00:00-00:00,2023-07-17T17:00:00-00:00,2023-07-17,10,0,Hourly,SR,AS_SP26_EXP,DAM,SP_CLR_PRC,0,23
2023-07-17T17:00:00-00:00,2023-07-17T18:00:00-00:00,2023-07-17,11,0,Hourly,SR,AS_NP26_EXP,DAM,SP_CLR_PRC,0.14,23
2023-07-17T21:00:00-00:00,2023-07-17T22:00:00-00:00,2023-07-17,15,0,Hourly,SR,AS_CAISO,DAM,SP_CLR_PRC,0,23
2023-07-17T21:00:00-00:00,2023-07-17T22:00:00-00:00,2023-07-17,15,0,Hourly,SR,AS_SP26_EXP,DAM,SP_CLR_PRC,0,23
2023-07-17T23:00:00-00:00,2023-07-18T00:00:00-00:00,2023-07-17,17,0,Hourly,SR,AS_NP26_EXP,DAM,SP_CLR_PRC,0,23
2023-07-18T00:00:00-00:00,2023-07-18T01:00:00-00:00,2023-07-17,18,0,Hourly,SR,AS_NP26,DAM,SP_CLR_PRC,0,23
2023-07-18T01:00:00-00:00,2023-07-18T02:00:00-00:00,2023-07-17,19,0,Hourly,SR,AS_CAISO,DAM,SP_CLR_PRC,0,23
2023-07-18T03:00:00-00:00,2023-07-18T04:00:00-00:00,2023-07-17,21,0,Hourly,SR,AS_CAISO,DAM,SP_CLR_PRC,0,23
2023-07-18T03:00:00-00:00,2023-07-18T04:00:00-00:00,2023-07-17,21,0,Hourly,SR,AS_NP26_EXP,DAM,SP_CLR_PRC,0,23
2023-07-18T03:00:00-00:00,2023-07-18T04:00:00-00:00,2023-07-17,21,0,Hourly,SR,AS_SP26,DAM,SP_CLR_PRC,0,23
2023-07-18T06:00:00-00:00,2023-07-18T07:00:00-00:00,2023-07-17,24,0,Hourly,SR,AS_NP26,DAM,SP_CLR_PRC,0,23
2023-07-17T07:00:00-00:00,2023-07-17T08:00:00-00:00,2023-07-17,1,0,Hourly,SR,AS_NP26_EXP,DAM,SP_CLR_PRC,0,23
2023-07-17T07:00:00-00:00,2023-07-17T08:00:00-00:00,2023-07-17,1,0,Hourly,SR,AS_CAISO,DAM,SP_CLR_PRC,0,23
2023-07-17T07:00:00-00:00,2023-07-17T08:00:00-00:00,2023-07-17,1,0,Hourly,SR,AS_NP26,DAM,SP_CLR_PRC,0,23
2023-07-17T10:00:00-00:00,2023-07-17T11:00:00-00:00,2023-07-17,4,0,Hourly,SR,AS_NP26_EXP,DAM,SP_CLR_PRC,0,23
2023-07-17T10:00:00-00:00,2023-07-17T11:00:00-00:00,2023-07-17,4,0,Hourly,SR,AS_SP26_EXP,DAM,SP_CLR_PRC,0,23
2023-07-17T14:00:00-00:00,2023-07-17T15:00:00-00:00,2023-07-17,8,0,Hourly,SR,AS_SP26_EXP,DAM,SP_CLR_PRC,0,23
2023-07-17T17:00:00-00:00,2023-07-17T18:00:00-00:00,2023-07-17,11,0,Hourly,SR,AS_SP26,DAM,SP_CLR_PRC,0,23
2023-07-17T18:00:00-00:00,2023-07-17T19:00:00-00:00,2023-07-17,12,0,Hourly,SR,AS_CAISO_EXP,DAM,SP_CLR_PRC,0.16,23
2023-07-17T18:00:00-00:00,2023-07-17T19:00:00-00:00,2023-07-17,12,0,Hourly,SR,AS_NP26,DAM,SP_CLR_PRC,0,23
2023-07-17T20:00:00-00:00,2023-07-17T21:00:00-00:00,2023-07-17,14,0,Hourly,SR,AS_SP26,DAM,SP_CLR_PRC,0,23
2023-07-17T22:00:00-00:00,2023-07-17T23:00:00-00:00,2023-07-17,16,0,Hourly,SR,AS_NP26,DAM,SP_CLR_PRC,0,23
2023-07-17T23:00:00-00:00,2023-07-18T00:00:00-00:00,2023-07-17,17,0,Hourly,SR,AS_CAISO,DAM,SP_CLR_PRC,0,23
2023-07-18T02:00:00-00:00,2023-07-18T03:00:00-00:00,2023-07-17,20,0,Hourly,SR,AS_NP26_EXP,DAM,SP_CLR_PRC,0,23
2023-07-18T04:00:00-00:00,2023-07-18T05:00:00-00:00,2023-07-17,22,0,Hourly,SR,AS_CAISO,DAM,SP_CLR_PRC,0,23
2023-07-17T08:00:00-00:00,2023-07-17T09:00:00-00:00,2023-07-17,2,0,Hourly,SR,AS_CAISO_EXP,DAM,SP_CLR_PRC,0.35,23
2023-07-17T09:00:00-00:00,2023-07-17T10:00:00-00:00,2023-07-17,3,0,Hourly,SR,AS_CAISO,DAM,SP_CLR_PRC,0,23
2023-07-17T14:00:00-00:00,2023-07-17T15:00:00-00:00,2023-07-17,8,0,Hourly,SR,AS_NP26,DAM,SP_CLR_PRC,0,23
2023-07-17T14:00:00-00:00,2023-07-17T15:00:00-00:00,2023-07-17,8,0,Hourly,SR,AS_SP26,DAM,SP_CLR_PRC,0,23
2023-07-17T15:00:00-00:00,2023-07-17T16:00:00-00:00,2023-07-17,9,0,Hourly,SR,AS_NP26_EXP,DAM,SP_CLR_PRC,0.84,23
2023-07-17T16:00:00-00:00,2023-07-17T17:00:00-00:00,2023-07-17,10,0,Hourly,SR,AS_NP26,DAM,SP_CLR_PRC,0,23
2023-07-17T18:00:00-00:00,2023-07-17T19:00:00-00:00,2023-07-17,12,0,Hourly,SR,AS_NP26_EXP,DAM,SP_CLR_PRC,0.84,23
2023-07-17T18:00:00-00:00,2023-07-17T19:00:00-00:00,2023-07-17,12,0,Hourly,SR,AS_SP26,DAM,SP_CLR_PRC,0,23
2023-07-17T19:00:00-00:00,2023-07-17T20:00:00-00:00,2023-07-17,13,0,Hourly,SR,AS_SP26,DAM,SP_CLR_PRC,0,23
2023-07-17T20:00:00-00:00,2023-07-17T21:00:00-00:00,2023-07-17,14,0,Hourly,SR,AS_NP26,DAM,SP_CLR_PRC,0,23
2023-07-17T20:00:00-00:00,2023-07-17T21:00:00-00:00,2023-07-17,14,0,Hourly,SR,AS_SP26_EXP,DAM,SP_CLR_PRC,0,23
2023-07-17T22:00:00-00:00,2023-07-17T23:00:00-00:00,2023-07-17,16,0,Hourly,SR,AS_SP26_EXP,DAM,SP_CLR_PRC,0,23
2023-07-18T00:00:00-00:00,2023-07-18T01:00:00-00:00,2023-07-17,18,0,Hourly,SR,AS_NP26_EXP,DAM,SP_CLR_PRC,0,23
2023-07-18T02:00:00-00:00,2023-07-18T03:00:00-00:00,2023-07-17,20,0,Hourly,SR,AS_SP26,DAM,SP_CLR_PRC,0,23
2023-07-17T07:00:00-00:00,2023-07-17T08:00:00-00:00,2023-07-17,1,0,Hourly,SR,AS_SP26,DAM,SP_CLR_PRC,0,23
2023-07-17T07:00:00-00:00,2023-07-17T08:00:00-00:00,2023-07-17,1,0,Hourly,SR,AS_SP26_EXP,DAM,SP_CLR_PRC,0,23
2023-07-17T08:00:00-00:00,2023-07-17T09:00:00-00:00,2023-07-17,2,0,Hourly,SR,AS_CAISO,DAM,SP_CLR_PRC,0,23
2023-07-17T10:00:00-00:00,2023-07-17T11:00:00-00:00,2023-07-17,4,0,Hourly,SR,AS_CAISO,DAM,SP_CLR_PRC,0,23
2023-07-17T10:00:00-00:00,2023-07-17T11:00:00-00:00,2023-07-17,4,0,Hourly,SR,AS_NP26,DAM,SP_CLR_PRC,0,23
2023-07-17T12:00:00-00:00,2023-07-17T13:00:00-00:00,2023-07-17,6,0,Hourly,SR,AS_CAISO_EXP,DAM,SP_CLR_PRC,0.16,23
2023-07-17T12:00:00-00:00,2023-07-17T13:00:00-00:00,2023-07-17,6,0,Hourly,SR,AS_SP26_EXP,DAM,SP_CLR_PRC,0,23
2023-07-17T13:00:00-00:00,2023-07-17T14:00:00-00:00,2023-07-17,7,0,Hourly,SR,AS_CAISO,DAM,SP_CLR_PRC,0,23
2023-07-17T13:00:00-00:00,2023-07-17T14:00:00-00:00,2023-07-17,7,0,Hourly,SR,AS_NP26,DAM,SP_CLR_PRC,0,23
2023-07-17T13:00:00-00:00,2023-07-17T14:00:00-00:00,2023-07-17,7,0,Hourly,SR,AS_NP26_EXP,DAM,SP_CLR_PRC,0.19,23
2023-07-17T15:00:00-00:00,2023-07-17T16:00:00-00:00,2023-07-17,9,0,Hourly,SR,AS_SP26,DAM,SP_CLR_PRC,0,23
2023-07-17T15:00:00-00:00,2023-07-17T16:00:00-00:00,2023-07-17,9,0,Hourly,SR,AS_SP26_EXP,DAM,SP_CLR_PRC,0,23
2023-07-17T16:00:00-00:00,2023-07-17T17:00:00-00:00,2023-07-17,10,0,Hourly,SR,AS_CAISO_EXP,DAM,SP_CLR_PRC,0.16,23
2023-07-17T17:00:00-00:00,2023-07-17T18:00:00-00:00,2023-07-17,11,0,Hourly,SR,AS_NP26,DAM,SP_CLR_PRC,0,23
2023-07-17T19:00:00-00:00,2023-07-17T20:00:00-00:00,2023-07-17,13,0,Hourly,SR,AS_CAISO,DAM,SP_CLR_PRC,0,23
2023-07-17T20:00:00-00:00,2023-07-17T21:00:00-00:00,2023-07-17,14,0,Hourly,SR,AS_CAISO_EXP,DAM,SP_CLR_PRC,4.23,23
2023-07-17T21:00:00-00:00,2023-07-17T22:00:00-00:00,2023-07-17,15,0,Hourly,SR,AS_NP26,DAM,SP_CLR_PRC,0,23
2023-07-17T21:00:00-00:00,2023-07-17T22:00:00-00:00,2023-07-17,15,0,Hourly,SR,AS_NP26_EXP,DAM,SP_CLR_PRC,0,23
2023-07-18T01:00:00-00:00,2023-07-18T02:00:00-00:00,2023-07-17,19,0,Hourly,SR,AS_NP26_EXP,DAM,SP_CLR_PRC,0,23
2023-07-18T04:00:00-00:00,2023-07-18T05:00:00-00:00,2023-07-17,22,0,Hourly,SR,AS_NP26,DAM,SP_CLR_PRC,0,23
2023-07-18T06:00:00-00:00,2023-07-18T07:00:00-00:00,2023-07-17,24,0,Hourly,SR,AS_NP26_EXP,DAM,SP_CLR_PRC,0,23
2023-07-18T06:00:00-00:00,2023-07-18T07:00:00-00:00,2023-07-17,24,0,Hourly,SR,AS_SP26_EXP,DAM,SP_CLR_PRC,0,23
2023-07-17T08:00:00-00:00,2023-07-17T09:00:00-00:00,2023-07-17,2,0,Hourly,SR,AS_SP26,DAM,SP_CLR_PRC,0,23
2023-07-17T08:00:00-00:00,2023-07-17T09:00:00-00:00,2023-07-17,2,0,Hourly,SR,AS_SP26_EXP,DAM,SP_CLR_PRC,0,23
2023-07-17T09:00:00-00:00,2023-07-17T10:00:00-00:00,2023-07-17,3,0,Hourly,SR,AS_NP26,DAM,SP_CLR_PRC,0,23
2023-07-17T11:00:00-00:00,2023-07-17T12:00:00-00:00,2023-07-17,5,0,Hourly,SR,AS_SP26_EXP,DAM,SP_CLR_PRC,0,23
2023-07-17T12:00:00-00:00,2023-07-17T13:00:00-00:00,2023-07-17,6,0,Hourly,SR,AS_CAISO,DAM,SP_CLR_PRC,0,23
2023-07-17T12:00:00-00:00,2023-07-17T13:00:00-00:00,2023-07-17,6,0,Hourly,SR,AS_NP26_EXP,DAM,SP_CLR_PRC,0.84,23
2023-07-17T13:00:00-00:00,2023-07-17T14:00:00-00:00,2023-07-17,7,0,Hourly,SR,AS_SP26,DAM,SP_CLR_PRC,0,23
2023-07-17T16:00:00-00:00,2023-07-17T17:00:00-00:00,2023-07-17,10,0,Hourly,SR,AS_NP26_EXP,DAM,SP_CLR_PRC,0.14,23
2023-07-17T17:00:00-00:00,2023-07-17T18:00:00-00:00,2023-07-17,11,0,Hourly,SR,AS_CAISO_EXP,DAM,SP_CLR_PRC,0.16,23
2023-07-17T19:00:00-00:00,2023-07-17T20:00:00-00:00,2023-07-17,13,0,Hourly,SR,AS_CAISO_EXP,DAM,SP_CLR_PRC,0.86,23
2023-07-17T19:00:00-00:00,2023-07-17T20:00:00-00:00,2023-07-17,13,0,Hourly,SR,AS_NP26,DAM,SP_CLR_PRC,0,23
2023-07-17T20:00:00-00:00,2023-07-17T21:00:00-00:00,2023-07-17,14,0,Hourly,SR,AS_CAISO,DAM,SP_CLR_PRC,0,23
2023-07-17T23:00:00-00:00,2023-07-18T00:00:00-00:00,2023-07-17,17,0,Hourly,SR,AS_NP26,DAM,SP_CLR_PRC,0,23
2023-07-17T23:00:00-00:00,2023-07-18T00:00:00-00:00,2023-07-17,17,0,Hourly,SR,AS_SP26,DAM,SP_CLR_PRC,0,23
2023-07-17T23:00:00-00:00,2023-07-18T00:00:00-00:00,2023-07-17,17,0,Hourly,SR,AS_SP26_EXP,DAM,SP_CLR_PRC,0.86648,23
2023-07-18T00:00:00-00:00,2023-07-18T01:00:00-00:00,2023-07-17,18,0,Hourly,SR,AS_CAISO_EXP,DAM,SP_CLR_PRC,34.91,23
2023-07-18T01:00:00-00:00,2023-07-18T02:00:00-00:00,2023-07-17,19,0,Hourly,SR,AS_SP26,DAM,SP_CLR_PRC,0,23
2023-07-18T02:00:00-00:00,2023-07-18T03:00:00-00:00,2023-07-17,20,0,Hourly,SR,AS_SP26_EXP,DAM,SP_CLR_PRC,53.77474,23
2023-07-18T03:00:00-00:00,2023-07-18T04:00:00-00:00,2023-07-17,21,0,Hourly,SR,AS_CAISO_EXP,DAM,SP_CLR_PRC,62.50792,23
2023-07-18T04:00:00-00:00,2023-07-18T05:00:00-00:00,2023-07-17,22,0,Hourly,SR,AS_NP26_EXP,DAM,SP_CLR_PRC,0,23
2023-07-18T05:00:00-00:00,2023-07-18T06:00:00-00:00,2023-07-17,23,0,Hourly,SR,AS_CAISO_EXP,DAM,SP_CLR_PRC,11.94052,23
2023-07-18T05:00:00-00:00,2023-07-18T06:00:00-00:00,2023-07-17,23,0,Hourly,SR,AS_NP26_EXP,DAM,SP_CLR_PRC,0,23
2023-07-17T09:00:00-00:00,2023-07-17T10:00:00-00:00,2023-07-17,3,0,Hourly,SR,AS_NP26_EXP,DAM,SP_CLR_PRC,0.43,23
2023-07-17T12:00:00-00:00,2023-07-17T13:00:00-00:00,2023-07-17,6,0,Hourly,SR,AS_NP26,DAM,SP_CLR_PRC,0,23
2023-07-17T13:00:00-00:00,2023-07-17T14:00:00-00:00,2023-07-17,7,0,Hourly,SR,AS_SP26_EXP,DAM,SP_CLR_PRC,0,23
2023-07-17T14:00:00-00:00,2023-07-17T15:00:00-00:00,2023-07-17,8,0,Hourly,SR,AS_CAISO,DAM,SP_CLR_PRC,0,23
2023-07-17T15:00:00-00:00,2023-07-17T16:00:00-00:00,2023-07-17,9,0,Hourly,SR,AS_CAISO,DAM,SP_CLR_PRC,0,23
2023-07-17T16:00:00-00:00,2023-07-17T17:00:00-00:00,2023-07-17,10,0,Hourly,SR,AS_SP26,DAM,SP_CLR_PRC,0,23
2023-07-17T17:00:00-00:00,2023-07-17T18:00:00-00:00,2023-07-17,11,0,Hourly,SR,AS_CAISO,DAM,SP_CLR_PRC,0,23
2023-07-17T18:00:00-00:00,2023-07-17T19:00:00-00:00,2023-07-17,12,0,Hourly,SR,AS_CAISO,DAM,SP_CLR_PRC,0,23
2023-07-17T18:00:00-00:00,2023-07-17T19:00:00-00:00,2023-07-17,12,0,Hourly,SR,AS_SP26_EXP,DAM,SP_CLR_PRC,0,23
2023-07-17T19:00:00-00:00,2023-07-17T20:00:00-00:00,2023-07-17,13,0,Hourly,SR,AS_NP26_EXP,DAM,SP_CLR_PRC,0.14,23
2023-07-17T21:00:00-00:00,2023-07-17T22:00:00-00:00,2023-07-17,15,0,Hourly,SR,AS_CAISO_EXP,DAM,SP_CLR_PRC,4.915,23
2023-07-17T22:00:00-00:00,2023-07-17T23:00:00-00:00,2023-07-17,16,0,Hourly,SR,AS_CAISO,DAM,SP_CLR_PRC,0,23
2023-07-17T22:00:00-00:00,2023-07-17T23:00:00-00:00,2023-07-17,16,0,Hourly,SR,AS_NP26_EXP,DAM,SP_CLR_PRC,0,23
2023-07-17T23:00:00-00:00,2023-07-18T00:00:00-00:00,2023-07-17,17,0,Hourly,SR,AS_CAISO_EXP,DAM,SP_CLR_PRC,8.44691,23
2023-07-18T00:00:00-00:00,2023-07-18T01:00:00-00:00,2023-07-17,18,0,Hourly,SR,AS_CAISO,DAM,SP_CLR_PRC,0,23
2023-07-18T01:00:00-00:00,2023-07-18T02:00:00-00:00,2023-07-17,19,0,Hourly,SR,AS_CAISO_EXP,DAM,SP_CLR_PRC,63.88218,23
2023-07-18T01:00:00-00:00,2023-07-18T02:00:00-00:00,2023-07-17,19,0,Hourly,SR,AS_NP26,DAM,SP_CLR_PRC,0,23
2023-07-18T02:00:00-00:00,2023-07-18T03:00:00-00:00,2023-07-17,20,0,Hourly,SR,AS_NP26,DAM,SP_CLR_PRC,0,23
2023-07-18T04:00:00-00:00,2023-07-18T05:00:00-00:00,2023-07-17,22,0,Hourly,SR,AS_SP26,DAM,SP_CLR_PRC,0,23
2023-07-18T05:00:00-00:00,2023-07-18T06:00:00-00:00,2023-07-17,23,0,Hourly,SR,AS_CAISO,DAM,SP_CLR_PRC,0,23
2023-07-18T07:00:00-00:00,2023-07-18T08:00:00-00:00,2023-07-18,1,0,Hourly,SR,AS_CAISO_EXP,DAM,SP_CLR_PRC,0.85,24
2023-07-18T10:00:00-00:00,2023-07-18T11:00:00-00:00,2023-07-18,4,0,Hourly,SR,AS_CAISO_EXP,DAM,SP_CLR_PRC,0.16,24
2023-07-18T11:00:00-00:00,2023-07-18T12:00:00-00:00,2023-07-18,5,0,Hourly,SR,AS_CAISO_EXP,DAM,SP_CLR_PRC,0.16,24
2023-07-18T11:00:00-00:00,2023-07-18T12:00:00-00:00,2023-07-18,5,0,Hourly,SR,AS_SP26_EXP,DAM,SP_CLR_PRC,0,24
2023-07-18T13:00:00-00:00,2023-07-18T14:00:00-00:00,2023-07-18,7,0,Hourly,SR,AS_CAISO_EXP,DAM,SP_CLR_PRC,0.81,24
2023-07-18T14:00:00-00:00,2023-07-18T15:00:00-00:00,2023-07-18,8,0,Hourly,SR,AS_CAISO,DAM,SP_CLR_PRC,0,24
2023-07-18T15:00:00-00:00,2023-07-18T16:00:00-00:00,2023-07-18,9,0,Hourly,SR,AS_SP26_EXP,DAM,SP_CLR_PRC,0,24
2023-07-18T16:00:00-00:00,2023-07-18T17:00:00-00:00,2023-07-18,10,0,Hourly,SR,AS_CAISO_EXP,DAM,SP_CLR_PRC,0.16,24
2023-07-18T19:00:00-00:00,2023-07-18T20:00:00-00:00,2023-07-18,13,0,Hourly,SR,AS_SP26,DAM,SP_CLR_PRC,0,24
2023-07-18T20:00:00-00:00,2023-07-18T21:00:00-00:00,2023-07-18,14,0,Hourly,SR,AS_NP26,DAM,SP_CLR_PRC,0,24
2023-07-19T00:00:00-00:00,2023-07-19T01:00:00-00:00,2023-07-18,18,0,Hourly,SR,AS_SP26,DAM,SP_CLR_PRC,0,24
2023-07-19T02:00:00-00:00,2023-07-19T03:00:00-00:00,2023-07-18,20,0,Hourly,SR,AS_CAISO,DAM,SP_CLR_PRC,0,24
2023-07-19T02:00:00-00:00,2023-07-19T03:00:00-00:00,2023-07-18,20,0,Hourly,SR,AS_SP26_EXP,DAM,SP_CLR_PRC,26.38445,24
2023-07-19T04:00:00-00:00,2023-07-19T05:00:00-00:00,2023-07-18,22,0,Hourly,SR,AS_NP26,DAM,SP_CLR_PRC,0,24
2023-07-19T04:00:00-00:00,2023-07-19T05:00:00-00:00,2023-07-18,22,0,Hourly,SR,AS_NP26_EXP,DAM,SP_CLR_PRC,0,24
2023-07-19T05:00:00-00:00,2023-07-19T06:00:00-00:00,2023-07-18,23,0,Hourly,SR,AS_CAISO,DAM,SP_CLR_PRC,0,24
2023-07-18T14:00:00-00:00,2023-07-18T15:00:00-00:00,2023-07-18,8,0,Hourly,SR,AS_SP26,DAM,SP_CLR_PRC,0,24
2023-07-18T15:00:00-00:00,2023-07-18T16:00:00-00:00,2023-07-18,9,0,Hourly,SR,AS_CAISO_EXP,DAM,SP_CLR_PRC,0.16,24
2023-07-18T16:00:00-00:00,2023-07-18T17:00:00-00:00,2023-07-18,10,0,Hourly,SR,AS_NP26_EXP,DAM,SP_CLR_PRC,0.14,24
2023-07-18T17:00:00-00:00,2023-07-18T18:00:00-00:00,2023-07-18,11,0,Hourly,SR,AS_NP26,DAM,SP_CLR_PRC,0,24
2023-07-18T18:00:00-00:00,2023-07-18T19:00:00-00:00,2023-07-18,12,0,Hourly,SR,AS_CAISO,DAM,SP_CLR_PRC,0,24
2023-07-18T18:00:00-00:00,2023-07-18T19:00:00-00:00,2023-07-18,12,0,Hourly,SR,AS_SP26,DAM,SP_CLR_PRC,0,24
2023-07-18T21:00:00-00:00,2023-07-18T22:00:00-00:00,2023-07-18,15,0,Hourly,SR,AS_CAISO,DAM,SP_CLR_PRC,0,24
2023-07-18T21:00:00-00:00,2023-07-18T22:00:00-00:00,2023-07-18,15,0,Hourly,SR,AS_CAISO_EXP,DAM,SP_CLR_PRC,0.66,24
2023-07-18T21:00:00-00:00,2023-07-18T22:00:00-00:00,2023-07-18,15,0,Hourly,SR,AS_NP26_EXP,DAM,SP_CLR_PRC,0,24
2023-07-18T21:00:00-00:00,2023-07-18T22:00:00-00:00,2023-07-18,15,0,Hourly,SR,AS_SP26_EXP,DAM,SP_CLR_PRC,0,24
2023-07-18T22:00:00-00:00,2023-07-18T23:00:00-00:00,2023-07-18,16,0,Hourly,SR,AS_NP26,DAM,SP_CLR_PRC,0,24
2023-07-18T23:00:00-00:00,2023-07-19T00:00:00-00:00,2023-07-18,17,0,Hourly,SR,AS_NP26_EXP,DAM,SP_CLR_PRC,0,24
2023-07-19T01:00:00-00:00,2023-07-19T02:00:00-00:00,2023-07-18,19,0,Hourly,SR,AS_CAISO,DAM,SP_CLR_PRC,0,24
2023-07-19T01:00:00-00:00,2023-07-19T02:00:00-00:00,2023-07-18,19,0,Hourly,SR,AS_NP26_EXP,DAM,SP_CLR_PRC,0,24
2023-07-19T03:00:00-00:00,2023-07-19T04:00:00-00:00,2023-07-18,21,0,Hourly,SR,AS_NP26_EXP,DAM,SP_CLR_PRC,0,24
2023-07-19T03:00:00-00:00,2023-07-19T04:00:00-00:00,2023-07-18,21,0,Hourly,SR,AS_SP26_EXP,DAM,SP_CLR_PRC,15.4,24
2023-07-19T05:00:00-00:00,2023-07-19T06:00:00-00:00,2023-07-18,23,0,Hourly,SR,AS_CAISO_EXP,DAM,SP_CLR_PRC,6,24
2023-07-19T05:00:00-00:00,2023-07-19T06:00:00-00:00,2023-07-18,23,0,Hourly,SR,AS_SP26_EXP,DAM,SP_CLR_PRC,0,24
2023-07-19T06:00:00-00:00,2023-07-19T07:00:00-00:00,2023-07-18,24,0,Hourly,SR,AS_SP26,DAM,SP_CLR_PRC,0,24
2023-07-18T08:00:00-00:00,2023-07-18T09:00:00-00:00,2023-07-18,2,0,Hourly,SR,AS_NP26,DAM,SP_CLR_PRC,0,24
2023-07-18T09:00:00-00:00,2023-07-18T10:00:00-00:00,2023-07-18,3,0,Hourly,SR,AS_CAISO_EXP,DAM,SP_CLR_PRC,0.16,24
2023-07-18T09:00:00-00:00,2023-07-18T10:00:00-00:00,2023-07-18,3,0,Hourly,SR,AS_SP26,DAM,SP_CLR_PRC,0,24
2023-07-18T10:00:00-00:00,2023-07-18T11:00:00-00:00,2023-07-18,4,0,Hourly,SR,AS_SP26,DAM,SP_CLR_PRC,0,24
2023-07-18T12:00:00-00:00,2023-07-18T13:00:00-00:00,2023-07-18,6,0,Hourly,SR,AS_CAISO_EXP,DAM,SP_CLR_PRC,0.81,24
2023-07-18T12:00:00-00:00,2023-07-18T13:00:00-00:00,2023-07-18,6,0,Hourly,SR,AS_NP26_EXP,DAM,SP_CLR_PRC,0.19,24
2023-07-18T14:00:00-00:00,2023-07-18T15:00:00-00:00,2023-07-18,8,0,Hourly,SR,AS_SP26_EXP,DAM,SP_CLR_PRC,0,24
2023-07-18T16:00:00-00:00,2023-07-18T17:00:00-00:00,2023-07-18,10,0,Hourly,SR,AS_NP26,DAM,SP_CLR_PRC,0,24
2023-07-18T17:00:00-00:00,2023-07-18T18:00:00-00:00,2023-07-18,11,0,Hourly,SR,AS_CAISO,DAM,SP_CLR_PRC,0,24
2023-07-18T19:00:00-00:00,2023-07-18T20:00:00-00:00,2023-07-18,13,0,Hourly,SR,AS_NP26_EXP,DAM,SP_CLR_PRC,0.84,24
2023-07-18T20:00:00-00:00,2023-07-18T21:00:00-00:00,2023-07-18,14,0,Hourly,SR,AS_CAISO_EXP,DAM,SP_CLR_PRC,0.66,24
2023-07-18T20:00:00-00:00,2023-07-18T21:00:00-00:00,2023-07-18,14,0,Hourly,SR,AS_NP26_EXP,DAM,SP_CLR_PRC,0.34,24
2023-07-18T22:00:00-00:00,2023-07-18T23:00:00-00:00,2023-07-18,16,0,Hourly,SR,AS_SP26,DAM,SP_CLR_PRC,0,24
2023-07-18T23:00:00-00:00,2023-07-19T00:00:00-00:00,2023-07-18,17,0,Hourly,SR,AS_CAISO,DAM,SP_CLR_PRC,0,24
2023-07-19T01:00:00-00:00,2023-07-19T02:00:00-00:00,2023-07-18,19,0,Hourly,SR,AS_NP26,DAM,SP_CLR_PRC,0,24
2023-07-19T02:00:00-00:00,2023-07-19T03:00:00-00:00,2023-07-18,20,0,Hourly,SR,AS_CAISO_EXP,DAM,SP_CLR_PRC,73.61555,24
2023-07-19T03:00:00-00:00,2023-07-19T04:00:00-00:00,2023-07-18,21,0,Hourly,SR,AS_CAISO,DAM,SP_CLR_PRC,0,24
2023-07-19T03:00:00-00:00,2023-07-19T04:00:00-00:00,2023-07-18,21,0,Hourly,SR,AS_CAISO_EXP,DAM,SP_CLR_PRC,34.6,24
2023-07-19T04:00:00-00:00,2023-07-19T05:00:00-00:00,2023-07-18,22,0,Hourly,SR,AS_CAISO_EXP,DAM,SP_CLR_PRC,20,24
2023-07-19T05:00:00-00:00,2023-07-19T06:00:00-00:00,2023-07-18,23,0,Hourly,SR,AS_NP26_EXP,DAM,SP_CLR_PRC,0,24
2023-07-18T07:00:00-00:00,2023-07-18T08:00:00-00:00,2023-07-18,1,0,Hourly,SR,AS_SP26_EXP,DAM,SP_CLR_PRC,0,24
2023-07-18T08:00:00-00:00,2023-07-18T09:00:00-00:00,2023-07-18,2,0,Hourly,SR,AS_CAISO_EXP,DAM,SP_CLR_PRC,1,24
2023-07-18T09:00:00-00:00,2023-07-18T10:00:00-00:00,2023-07-18,3,0,Hourly,SR,AS_CAISO,DAM,SP_CLR_PRC,0,24
2023-07-18T10:00:00-00:00,2023-07-18T11:00:00-00:00,2023-07-18,4,0,Hourly,SR,AS_NP26_EXP,DAM,SP_CLR_PRC,0.39,24
2023-07-18T12:00:00-00:00,2023-07-18T13:00:00-00:00,2023-07-18,6,0,Hourly,SR,AS_CAISO,DAM,SP_CLR_PRC,0,24
2023-07-18T17:00:00-00:00,2023-07-18T18:00:00-00:00,2023-07-18,11,0,Hourly,SR,AS_NP26_EXP,DAM,SP_CLR_PRC,0.84,24
2023-07-18T22:00:00-00:00,2023-07-18T23:00:00-00:00,2023-07-18,16,0,Hourly,SR,AS_NP26_EXP,DAM,SP_CLR_PRC,0,24
2023-07-18T23:00:00-00:00,2023-07-19T00:00:00-00:00,2023-07-18,17,0,Hourly,SR,AS_NP26,DAM,SP_CLR_PRC,0,24
2023-07-19T00:00:00-00:00,2023-07-19T01:00:00-00:00,2023-07-18,18,0,Hourly,SR,AS_CAISO,DAM,SP_CLR_PRC,0,24
2023-07-19T02:00:00-00:00,2023-07-19T03:00:00-00:00,2023-07-18,20,0,Hourly,SR,AS_NP26,DAM,SP_CLR_PRC,0,24
2023-07-19T06:00:00-00:00,2023-07-19T07:00:00-00:00,2023-07-18,24,0,Hourly,SR,AS_CAISO_EXP,DAM,SP_CLR_PRC,2.5498,24
2023-07-18T07:00:00-00:00,2023-07-18T08:00:00-00:00,2023-07-18,1,0,Hourly,SR,AS_NP26,DAM,SP_CLR_PRC,0,24
2023-07-18T07:00:00-00:00,2023-07-18T08:00:00-00:00,2023-07-18,1,0,Hourly,SR,AS_SP26,DAM,SP_CLR_PRC,0,24
2023-07-18T08:00:00-00:00,2023-07-18T09:00:00-00:00,2023-07-18,2,0,Hourly,SR,AS_NP26_EXP,DAM,SP_CLR_PRC,0,24
2023-07-18T10:00:00-00:00,2023-07-18T11:00:00-00:00,2023-07-18,4,0,Hourly,SR,AS_CAISO,DAM,SP_CLR_PRC,0,24
2023-07-18T11:00:00-00:00,2023-07-18T12:00:00-00:00,2023-07-18,5,0,Hourly,SR,AS_NP26,DAM,SP_CLR_PRC,0,24
2023-07-18T13:00:00-00:00,2023-07-18T14:00:00-00:00,2023-07-18,7,0,Hourly,SR,AS_SP26,DAM,SP_CLR_PRC,0,24
2023-07-18T15:00:00-00:00,2023-07-18T16:00:00-00:00,2023-07-18,9,0,Hourly,SR,AS_CAISO,DAM,SP_CLR_PRC,0,24
2023-07-18T16:00:00-00:00,2023-07-18T17:00:00-00:00,2023-07-18,10,0,Hourly,SR,AS_SP26_EXP,DAM,SP_CLR_PRC,0,24
2023-07-18T18:00:00-00:00,2023-07-18T19:00:00-00:00,2023-07-18,12,0,Hourly,SR,AS_CAISO_EXP,DAM,SP_CLR_PRC,0.16,24
2023-07-18T19:00:00-00:00,2023-07-18T20:00:00-00:00,2023-07-18,13,0,Hourly,SR,AS_CAISO_EXP,DAM,SP_CLR_PRC,0.16,24
2023-07-18T20:00:00-00:00,2023-07-18T21:00:00-00:00,2023-07-18,14,0,Hourly,SR,AS_SP26,DAM,SP_CLR_PRC,0,24
2023-07-18T22:00:00-00:00,2023-07-18T23:00:00-00:00,2023-07-18,16,0,Hourly,SR,AS_CAISO,DAM,SP_CLR_PRC,0,24
2023-07-19T00:00:00-00:00,2023-07-19T01:00:00-00:00,2023-07-18,18,0,Hourly,SR,AS_NP26_EXP,DAM,SP_CLR_PRC,0,24
2023-07-19T02:00:00-00:00,2023-07-19T03:00:00-00:00,2023-07-18,20,0,Hourly,SR,AS_NP26_EXP,DAM,SP_CLR_PRC,0,24
2023-07-18T07:00:00-00:00,2023-07-18T08:00:00-00:00,2023-07-18,1,0,Hourly,SR,AS_NP26_EXP,DAM,SP_CLR_PRC,0,24
2023-07-18T10:00:00-00:00,2023-07-18T11:00:00-00:00,2023-07-18,4,0,Hourly,SR,AS_NP26,DAM,SP_CLR_PRC,0,24
2023-07-18T13:00:00-00:00,2023-07-18T14:00:00-00:00,2023-07-18,7,0,Hourly,SR,AS_NP26,DAM,SP_CLR_PRC,0,24
2023-07-18T14:00:00-00:00,2023-07-18T15:00:00-00:00,2023-07-18,8,0,Hourly,SR,AS_NP26,DAM,SP_CLR_PRC,0,24
2023-07-18T15:00:00-00:00,2023-07-18T16:00:00-00:00,2023-07-18,9,0,Hourly,SR,AS_NP26_EXP,DAM,SP_CLR_PRC,0.84,24
2023-07-18T15:00:00-00:00,2023-07-18T16:00:00-00:00,2023-07-18,9,0,Hourly,SR,AS_SP26,DAM,SP_CLR_PRC,0,24
2023-07-18T17:00:00-00:00,2023-07-18T18:00:00-00:00,2023-07-18,11,0,Hourly,SR,AS_CAISO_EXP,DAM,SP_CLR_PRC,0.16,24
2023-07-18T18:00:00-00:00,2023-07-18T19:00:00-00:00,2023-07-18,12,0,Hourly,SR,AS_NP26,DAM,SP_CLR_PRC,0,24
2023-07-18T18:00:00-00:00,2023-07-18T19:00:00-00:00,2023-07-18,12,0,Hourly,SR,AS_NP26_EXP,DAM,SP_CLR_PRC,0.84,24
2023-07-18T18:00:00-00:00,2023-07-18T19:00:00-00:00,2023-07-18,12,0,Hourly,SR,AS_SP26_EXP,DAM,SP_CLR_PRC,0,24
2023-07-18T21:00:00-00:00,2023-07-18T22:00:00-00:00,2023-07-18,15,0,Hourly,SR,AS_NP26,DAM,SP_CLR_PRC,0,24
2023-07-18T21:00:00-00:00,2023-07-18T22:00:00-00:00,2023-07-18,15,0,Hourly,SR,AS_SP26,DAM,SP_CLR_PRC,0,24
2023-07-18T23:00:00-00:00,2023-07-19T00:00:00-00:00,2023-07-18,17,0,Hourly,SR,AS_CAISO_EXP,DAM,SP_CLR_PRC,6,24
2023-07-19T01:00:00-00:00,2023-07-19T02:00:00-00:00,2023-07-18,19,0,Hourly,SR,AS_CAISO_EXP,DAM,SP_CLR_PRC,30.48904,24
2023-07-19T06:00:00-00:00,2023-07-19T07:00:00-00:00,2023-07-18,24,0,Hourly,SR,AS_SP26_EXP,DAM,SP_CLR_PRC,0.4502,24
2023-07-18T09:00:00-00:00,2023-07-18T10:00:00-00:00,2023-07-18,3,0,Hourly,SR,AS_SP26_EXP,DAM,SP_CLR_PRC,0,24
2023-07-18T11:00:00-00:00,2023-07-18T12:00:00-00:00,2023-07-18,5,0,Hourly,SR,AS_CAISO,DAM,SP_CLR_PRC,0,24
2023-07-18T11:00:00-00:00,2023-07-18T12:00:00-00:00,2023-07-18,5,0,Hourly,SR,AS_NP26_EXP,DAM,SP_CLR_PRC,0.84,24
2023-07-18T11:00:00-00:00,2023-07-18T12:00:00-00:00,2023-07-18,5,0,Hourly,SR,AS_SP26,DAM,SP_CLR_PRC,0,24
2023-07-18T13:00:00-00:00,2023-07-18T14:00:00-00:00,2023-07-18,7,0,Hourly,SR,AS_NP26_EXP,DAM,SP_CLR_PRC,0.19,24
2023-07-18T13:00:00-00:00,2023-07-18T14:00:00-00:00,2023-07-18,7,0,Hourly,SR,AS_SP26_EXP,DAM,SP_CLR_PRC,0,24
2023-07-18T14:00:00-00:00,2023-07-18T15:00:00-00:00,2023-07-18,8,0,Hourly,SR,AS_CAISO_EXP,DAM,SP_CLR_PRC,0.16,24
2023-07-18T14:00:00-00:00,2023-07-18T15:00:00-00:00,2023-07-18,8,0,Hourly,SR,AS_NP26_EXP,DAM,SP_CLR_PRC,0.84,24
2023-07-18T17:00:00-00:00,2023-07-18T18:00:00-00:00,2023-07-18,11,0,Hourly,SR,AS_SP26,DAM,SP_CLR_PRC,0,24
2023-07-18T19:00:00-00:00,2023-07-18T20:00:00-00:00,2023-07-18,13,0,Hourly,SR,AS_CAISO,DAM,SP_CLR_PRC,0,24
2023-07-18T19:00:00-00:00,2023-07-18T20:00:00-00:00,2023-07-18,13,0,Hourly,SR,AS_NP26,DAM,SP_CLR_PRC,0,24
2023-07-18T22:00:00-00:00,2023-07-18T23:00:00-00:00,2023-07-18,16,0,Hourly,SR,AS_CAISO_EXP,DAM,SP_CLR_PRC,3,24
2023-07-18T23:00:00-00:00,2023-07-19T00:00:00-00:00,2023-07-18,17,0,Hourly,SR,AS_SP26,DAM,SP_CLR_PRC,0,24
2023-07-19T00:00:00-00:00,2023-07-19T01:00:00-00:00,2023-07-18,18,0,Hourly,SR,AS_CAISO_EXP,DAM,SP_CLR_PRC,7.80835,24
2023-07-19T00:00:00-00:00,2023-07-19T01:00:00-00:00,2023-07-18,18,0,Hourly,SR,AS_SP26_EXP,DAM,SP_CLR_PRC,0,24
2023-07-19T02:00:00-00:00,2023-07-19T03:00:00-00:00,2023-07-18,20,0,Hourly,SR,AS_SP26,DAM,SP_CLR_PRC,0,24
2023-07-19T03:00:00-00:00,2023-07-19T04:00:00-00:00,2023-07-18,21,0,Hourly,SR,AS_NP26,DAM,SP_CLR_PRC,0,24
2023-07-19T04:00:00-00:00,2023-07-19T05:00:00-00:00,2023-07-18,22,0,Hourly,SR,AS_CAISO,DAM,SP_CLR_PRC,0,24
2023-07-19T04:00:00-00:00,2023-07-19T05:00:00-00:00,2023-07-18,22,0,Hourly,SR,AS_SP26,DAM,SP_CLR_PRC,0,24
2023-07-19T05:00:00-00:00,2023-07-19T06:00:00-00:00,2023-07-18,23,0,Hourly,SR,AS_NP26,DAM,SP_CLR_PRC,0,24
2023-07-19T05:00:00-00:00,2023-07-19T06:00:00-00:00,2023-07-18,23,0,Hourly,SR,AS_SP26,DAM,SP_CLR_PRC,0,24
2023-07-18T09:00:00-00:00,2023-07-18T10:00:00-00:00,2023-07-18,3,0,Hourly,SR,AS_NP26_EXP,DAM,SP_CLR_PRC,0.19,24
2023-07-18T10:00:00-00:00,2023-07-18T11:00:00-00:00,2023-07-18,4,0,Hourly,SR,AS_SP26_EXP,DAM,SP_CLR_PRC,0,24
2023-07-18T12:00:00-00:00,2023-07-18T13:00:00-00:00,2023-07-18,6,0,Hourly,SR,AS_NP26,DAM,SP_CLR_PRC,0,24
2023-07-18T12:00:00-00:00,2023-07-18T13:00:00-00:00,2023-07-18,6,0,Hourly,SR,AS_SP26,DAM,SP_CLR_PRC,0,24
2023-07-18T15:00:00-00:00,2023-07-18T16:00:00-00:00,2023-07-18,9,0,Hourly,SR,AS_NP26,DAM,SP_CLR_PRC,0,24
2023-07-18T16:00:00-00:00,2023-07-18T17:00:00-00:00,2023-07-18,10,0,Hourly,SR,AS_CAISO,DAM,SP_CLR_PRC,0,24
2023-07-18T16:00:00-00:00,2023-07-18T17:00:00-00:00,2023-07-18,10,0,Hourly,SR,AS_SP26,DAM,SP_CLR_PRC,0,24
2023-07-18T17:00:00-00:00,2023-07-18T18:00:00-00:00,2023-07-18,11,0,Hourly,SR,AS_SP26_EXP,DAM,SP_CLR_PRC,0,24
2023-07-18T19:00:00-00:00,2023-07-18T20:00:00-00:00,2023-07-18,13,0,Hourly,SR,AS_SP26_EXP,DAM,SP_CLR_PRC,0,24
2023-07-18T20:00:00-00:00,2023-07-18T21:00:00-00:00,2023-07-18,14,0,Hourly,SR,AS_CAISO,DAM,SP_CLR_PRC,0,24
2023-07-18T20:00:00-00:00,2023-07-18T21:00:00-00:00,2023-07-18,14,0,Hourly,SR,AS_SP26_EXP,DAM,SP_CLR_PRC,0,24
2023-07-18T22:00:00-00:00,2023-07-18T23:00:00-00:00,2023-07-18,16,0,Hourly,SR,AS_SP26_EXP,DAM,SP_CLR_PRC,0,24
2023-07-18T23:00:00-00:00,2023-07-19T00:00:00-00:00,2023-07-18,17,0,Hourly,SR,AS_SP26_EXP,DAM,SP_CLR_PRC,0,24
2023-07-19T00:00:00-00:00,2023-07-19T01:00:00-00:00,2023-07-18,18,0,Hourly,SR,AS_NP26,DAM,SP_CLR_PRC,0,24
2023-07-19T01:00:00-00:00,2023-07-19T02:00:00-00:00,2023-07-18,19,0,Hourly,SR,AS_SP26,DAM,SP_CLR_PRC,0,24
2023-07-19T01:00:00-00:00,2023-07-19T02:00:00-00:00,2023-07-18,19,0,Hourly,SR,AS_SP26_EXP,DAM,SP_CLR_PRC,13.56439,24
2023-07-19T03:00:00-00:00,2023-07-19T04:00:00-00:00,2023-07-18,21,0,Hourly,SR,AS_SP26,DAM,SP_CLR_PRC,0,24
2023-07-19T04:00:00-00:00,2023-07-19T05:00:00-00:00,2023-07-18,22,0,Hourly,SR,AS_SP26_EXP,DAM,SP_CLR_PRC,0,24
2023-07-19T06:00:00-00:00,2023-07-19T07:00:00-00:00,2023-07-18,24,0,Hourly,SR,AS_CAISO,DAM,SP_CLR_PRC,0,24
2023-07-19T06:00:00-00:00,2023-07-19T07:00:00-00:00,2023-07-18,24,0,Hourly,SR,AS_NP26,DAM,SP_CLR_PRC,0,24
2023-07-19T06:00:00-00:00,2023-07-19T07:00:00-00:00,2023-07-18,24,0,Hourly,SR,AS_NP26_EXP,DAM,SP_CLR_PRC,0,24
2023-07-18T07:00:00-00:00,2023-07-18T08:00:00-00:00,2023-07-18,1,0,Hourly,SR,AS_CAISO,DAM,SP_CLR_PRC,0,24
2023-07-18T08:00:00-00:00,2023-07-18T09:00:00-00:00,2023-07-18,2,0,Hourly,SR,AS_CAISO,DAM,SP_CLR_PRC,0,24
2023-07-18T08:00:00-00:00,2023-07-18T09:00:00-00:00,2023-07-18,2,0,Hourly,SR,AS_SP26,DAM,SP_CLR_PRC,0,24
2023-07-18T08:00:00-00:00,2023-07-18T09:00:00-00:00,2023-07-18,2,0,Hourly,SR,AS_SP26_EXP,DAM,SP_CLR_PRC,0,24
2023-07-18T09:00:00-00:00,2023-07-18T10:00:00-00:00,2023-07-18,3,0,Hourly,SR,AS_NP26,DAM,SP_CLR_PRC,0,24
2023-07-18T12:00:00-00:00,2023-07-18T13:00:00-00:00,2023-07-18,6,0,Hourly,SR,AS_SP26_EXP,DAM,SP_CLR_PRC,0,24
2023-07-18T13:00:00-00:00,2023-07-18T14:00:00-00:00,2023-07-18,7,0,Hourly,SR,AS_CAISO,DAM,SP_CLR_PRC,0,24
2023-07-19T10:00:00-00:00,2023-07-19T11:00:00-00:00,2023-07-19,4,0,Hourly,SR,AS_SP26,DAM,SP_CLR_PRC,0,25
2023-07-19T10:00:00-00:00,2023-07-19T11:00:00-00:00,2023-07-19,4,0,Hourly,SR,AS_SP26_EXP,DAM,SP_CLR_PRC,0,25
2023-07-19T12:00:00-00:00,2023-07-19T13:00:00-00:00,2023-07-19,6,0,Hourly,SR,AS_CAISO,DAM,SP_CLR_PRC,0,25
2023-07-19T12:00:00-00:00,2023-07-19T13:00:00-00:00,2023-07-19,6,0,Hourly,SR,AS_NP26_EXP,DAM,SP_CLR_PRC,0.19,25
2023-07-19T16:00:00-00:00,2023-07-19T17:00:00-00:00,2023-07-19,10,0,Hourly,SR,AS_CAISO,DAM,SP_CLR_PRC,0,25
2023-07-19T17:00:00-00:00,2023-07-19T18:00:00-00:00,2023-07-19,11,0,Hourly,SR,AS_CAISO_EXP,DAM,SP_CLR_PRC,0.16,25
2023-07-19T18:00:00-00:00,2023-07-19T19:00:00-00:00,2023-07-19,12,0,Hourly,SR,AS_NP26_EXP,DAM,SP_CLR_PRC,0.55,25
2023-07-19T19:00:00-00:00,2023-07-19T20:00:00-00:00,2023-07-19,13,0,Hourly,SR,AS_CAISO,DAM,SP_CLR_PRC,0,25
2023-07-19T19:00:00-00:00,2023-07-19T20:00:00-00:00,2023-07-19,13,0,Hourly,SR,AS_SP26_EXP,DAM,SP_CLR_PRC,0,25
2023-07-19T20:00:00-00:00,2023-07-19T21:00:00-00:00,2023-07-19,14,0,Hourly,SR,AS_CAISO,DAM,SP_CLR_PRC,0,25
2023-07-19T21:00:00-00:00,2023-07-19T22:00:00-00:00,2023-07-19,15,0,Hourly,SR,AS_NP26_EXP,DAM,SP_CLR_PRC,0,25
2023-07-19T22:00:00-00:00,2023-07-19T23:00:00-00:00,2023-07-19,16,0,Hourly,SR,AS_CAISO_EXP,DAM,SP_CLR_PRC,1.69,25
2023-07-20T01:00:00-00:00,2023-07-20T02:00:00-00:00,2023-07-19,19,0,Hourly,SR,AS_NP26_EXP,DAM,SP_CLR_PRC,0,25
2023-07-20T02:00:00-00:00,2023-07-20T03:00:00-00:00,2023-07-19,20,0,Hourly,SR,AS_NP26_EXP,DAM,SP_CLR_PRC,0,25
2023-07-20T05:00:00-00:00,2023-07-20T06:00:00-00:00,2023-07-19,23,0,Hourly,SR,AS_SP26_EXP,DAM,SP_CLR_PRC,0,25
2023-07-20T06:00:00-00:00,2023-07-20T07:00:00-00:00,2023-07-19,24,0,Hourly,SR,AS_NP26_EXP,DAM,SP_CLR_PRC,0,25
2023-07-20T00:00:00-00:00,2023-07-20T01:00:00-00:00,2023-07-19,18,0,Hourly,SR,AS_NP26_EXP,DAM,SP_CLR_PRC,5.1193,25
2023-07-20T02:00:00-00:00,2023-07-20T03:00:00-00:00,2023-07-19,20,0,Hourly,SR,AS_CAISO,DAM,SP_CLR_PRC,0,25
2023-07-20T02:00:00-00:00,2023-07-20T03:00:00-00:00,2023-07-19,20,0,Hourly,SR,AS_NP26,DAM,SP_CLR_PRC,0,25
2023-07-20T06:00:00-00:00,2023-07-20T07:00:00-00:00,2023-07-19,24,0,Hourly,SR,AS_NP26,DAM,SP_CLR_PRC,0,25
2023-07-19T07:00:00-00:00,2023-07-19T08:00:00-00:00,2023-07-19,1,0,Hourly,SR,AS_SP26,DAM,SP_CLR_PRC,0,25
2023-07-19T08:00:00-00:00,2023-07-19T09:00:00-00:00,2023-07-19,2,0,Hourly,SR,AS_SP26_EXP,DAM,SP_CLR_PRC,0,25
2023-07-19T10:00:00-00:00,2023-07-19T11:00:00-00:00,2023-07-19,4,0,Hourly,SR,AS_CAISO,DAM,SP_CLR_PRC,0,25
2023-07-19T11:00:00-00:00,2023-07-19T12:00:00-00:00,2023-07-19,5,0,Hourly,SR,AS_CAISO_EXP,DAM,SP_CLR_PRC,0.77,25
2023-07-19T12:00:00-00:00,2023-07-19T13:00:00-00:00,2023-07-19,6,0,Hourly,SR,AS_CAISO_EXP,DAM,SP_CLR_PRC,0.81,25
2023-07-19T12:00:00-00:00,2023-07-19T13:00:00-00:00,2023-07-19,6,0,Hourly,SR,AS_SP26,DAM,SP_CLR_PRC,0,25
2023-07-19T13:00:00-00:00,2023-07-19T14:00:00-00:00,2023-07-19,7,0,Hourly,SR,AS_SP26_EXP,DAM,SP_CLR_PRC,0,25
2023-07-19T15:00:00-00:00,2023-07-19T16:00:00-00:00,2023-07-19,9,0,Hourly,SR,AS_CAISO,DAM,SP_CLR_PRC,0,25
2023-07-19T15:00:00-00:00,2023-07-19T16:00:00-00:00,2023-07-19,9,0,Hourly,SR,AS_SP26,DAM,SP_CLR_PRC,0,25
2023-07-19T19:00:00-00:00,2023-07-19T20:00:00-00:00,2023-07-19,13,0,Hourly,SR,AS_CAISO_EXP,DAM,SP_CLR_PRC,0.81,25
2023-07-19T21:00:00-00:00,2023-07-19T22:00:00-00:00,2023-07-19,15,0,Hourly,SR,AS_CAISO_EXP,DAM,SP_CLR_PRC,1,25
2023-07-19T22:00:00-00:00,2023-07-19T23:00:00-00:00,2023-07-19,16,0,Hourly,SR,AS_NP26_EXP,DAM,SP_CLR_PRC,0,25
2023-07-19T23:00:00-00:00,2023-07-20T00:00:00-00:00,2023-07-19,17,0,Hourly,SR,AS_SP26_EXP,DAM,SP_CLR_PRC,0,25
2023-07-20T00:00:00-00:00,2023-07-20T01:00:00-00:00,2023-07-19,18,0,Hourly,SR,AS_CAISO,DAM,SP_CLR_PRC,0,25
2023-07-20T01:00:00-00:00,2023-07-20T02:00:00-00:00,2023-07-19,19,0,Hourly,SR,AS_CAISO_EXP,DAM,SP_CLR_PRC,36.00997,25
2023-07-20T01:00:00-00:00,2023-07-20T02:00:00-00:00,2023-07-19,19,0,Hourly,SR,AS_SP26,DAM,SP_CLR_PRC,0,25
2023-07-20T04:00:00-00:00,2023-07-20T05:00:00-00:00,2023-07-19,22,0,Hourly,SR,AS_CAISO,DAM,SP_CLR_PRC,0,25
2023-07-20T04:00:00-00:00,2023-07-20T05:00:00-00:00,2023-07-19,22,0,Hourly,SR,AS_NP26,DAM,SP_CLR_PRC,0,25
2023-07-20T05:00:00-00:00,2023-07-20T06:00:00-00:00,2023-07-19,23,0,Hourly,SR,AS_CAISO,DAM,SP_CLR_PRC,0,25
2023-07-20T05:00:00-00:00,2023-07-20T06:00:00-00:00,2023-07-19,23,0,Hourly,SR,AS_NP26_EXP,DAM,SP_CLR_PRC,0,25
2023-07-19T09:00:00-00:00,2023-07-19T10:00:00-00:00,2023-07-19,3,0,Hourly,SR,AS_SP26,DAM,SP_CLR_PRC,0,25
2023-07-19T09:00:00-00:00,2023-07-19T10:00:00-00:00,2023-07-19,3,0,Hourly,SR,AS_SP26_EXP,DAM,SP_CLR_PRC,0,25
2023-07-19T10:00:00-00:00,2023-07-19T11:00:00-00:00,2023-07-19,4,0,Hourly,SR,AS_NP26,DAM,SP_CLR_PRC,0,25
2023-07-19T11:00:00-00:00,2023-07-19T12:00:00-00:00,2023-07-19,5,0,Hourly,SR,AS_SP26,DAM,SP_CLR_PRC,0,25
2023-07-19T11:00:00-00:00,2023-07-19T12:00:00-00:00,2023-07-19,5,0,Hourly,SR,AS_SP26_EXP,DAM,SP_CLR_PRC,0,25
2023-07-19T12:00:00-00:00,2023-07-19T13:00:00-00:00,2023-07-19,6,0,Hourly,SR,AS_NP26,DAM,SP_CLR_PRC,0,25
2023-07-19T12:00:00-00:00,2023-07-19T13:00:00-00:00,2023-07-19,6,0,Hourly,SR,AS_SP26_EXP,DAM,SP_CLR_PRC,0,25
2023-07-19T13:00:00-00:00,2023-07-19T14:00:00-00:00,2023-07-19,7,0,Hourly,SR,AS_NP26,DAM,SP_CLR_PRC,0,25
2023-07-19T13:00:00-00:00,2023-07-19T14:00:00-00:00,2023-07-19,7,0,Hourly,SR,AS_SP26,DAM,SP_CLR_PRC,0,25
2023-07-19T14:00:00-00:00,2023-07-19T15:00:00-00:00,2023-07-19,8,0,Hourly,SR,AS_NP26_EXP,DAM,SP_CLR_PRC,0.19,25
2023-07-19T14:00:00-00:00,2023-07-19T15:00:00-00:00,2023-07-19,8,0,Hourly,SR,AS_CAISO_EXP,DAM,SP_CLR_PRC,0.16,25
2023-07-19T16:00:00-00:00,2023-07-19T17:00:00-00:00,2023-07-19,10,0,Hourly,SR,AS_CAISO_EXP,DAM,SP_CLR_PRC,0.16,25
2023-07-19T16:00:00-00:00,2023-07-19T17:00:00-00:00,2023-07-19,10,0,Hourly,SR,AS_NP26,DAM,SP_CLR_PRC,0,25
2023-07-19T16:00:00-00:00,2023-07-19T17:00:00-00:00,2023-07-19,10,0,Hourly,SR,AS_NP26_EXP,DAM,SP_CLR_PRC,0.84,25
2023-07-19T16:00:00-00:00,2023-07-19T17:00:00-00:00,2023-07-19,10,0,Hourly,SR,AS_SP26_EXP,DAM,SP_CLR_PRC,0,25
2023-07-19T20:00:00-00:00,2023-07-19T21:00:00-00:00,2023-07-19,14,0,Hourly,SR,AS_NP26,DAM,SP_CLR_PRC,0,25
2023-07-19T20:00:00-00:00,2023-07-19T21:00:00-00:00,2023-07-19,14,0,Hourly,SR,AS_NP26_EXP,DAM,SP_CLR_PRC,0.19,25
2023-07-19T22:00:00-00:00,2023-07-19T23:00:00-00:00,2023-07-19,16,0,Hourly,SR,AS_SP26,DAM,SP_CLR_PRC,0,25
2023-07-19T23:00:00-00:00,2023-07-20T00:00:00-00:00,2023-07-19,17,0,Hourly,SR,AS_CAISO,DAM,SP_CLR_PRC,0,25
2023-07-19T23:00:00-00:00,2023-07-20T00:00:00-00:00,2023-07-19,17,0,Hourly,SR,AS_CAISO_EXP,DAM,SP_CLR_PRC,5,25
2023-07-20T01:00:00-00:00,2023-07-20T02:00:00-00:00,2023-07-19,19,0,Hourly,SR,AS_CAISO,DAM,SP_CLR_PRC,0,25
2023-07-19T08:00:00-00:00,2023-07-19T09:00:00-00:00,2023-07-19,2,0,Hourly,SR,AS_CAISO_EXP,DAM,SP_CLR_PRC,0.83,25
2023-07-19T09:00:00-00:00,2023-07-19T10:00:00-00:00,2023-07-19,3,0,Hourly,SR,AS_NP26,DAM,SP_CLR_PRC,0,25
2023-07-19T13:00:00-00:00,2023-07-19T14:00:00-00:00,2023-07-19,7,0,Hourly,SR,AS_CAISO,DAM,SP_CLR_PRC,0,25
2023-07-19T15:00:00-00:00,2023-07-19T16:00:00-00:00,2023-07-19,9,0,Hourly,SR,AS_SP26_EXP,DAM,SP_CLR_PRC,0,25
2023-07-19T16:00:00-00:00,2023-07-19T17:00:00-00:00,2023-07-19,10,0,Hourly,SR,AS_SP26,DAM,SP_CLR_PRC,0,25
2023-07-19T17:00:00-00:00,2023-07-19T18:00:00-00:00,2023-07-19,11,0,Hourly,SR,AS_SP26,DAM,SP_CLR_PRC,0,25
2023-07-19T18:00:00-00:00,2023-07-19T19:00:00-00:00,2023-07-19,12,0,Hourly,SR,AS_CAISO,DAM,SP_CLR_PRC,0,25
2023-07-19T20:00:00-00:00,2023-07-19T21:00:00-00:00,2023-07-19,14,0,Hourly,SR,AS_CAISO_EXP,DAM,SP_CLR_PRC,0.36,25
2023-07-19T20:00:00-00:00,2023-07-19T21:00:00-00:00,2023-07-19,14,0,Hourly,SR,AS_SP26,DAM,SP_CLR_PRC,0,25
2023-07-19T20:00:00-00:00,2023-07-19T21:00:00-00:00,2023-07-19,14,0,Hourly,SR,AS_SP26_EXP,DAM,SP_CLR_PRC,0,25
2023-07-19T21:00:00-00:00,2023-07-19T22:00:00-00:00,2023-07-19,15,0,Hourly,SR,AS_NP26,DAM,SP_CLR_PRC,0,25
2023-07-20T00:00:00-00:00,2023-07-20T01:00:00-00:00,2023-07-19,18,0,Hourly,SR,AS_SP26,DAM,SP_CLR_PRC,0,25
2023-07-20T00:00:00-00:00,2023-07-20T01:00:00-00:00,2023-07-19,18,0,Hourly,SR,AS_SP26_EXP,DAM,SP_CLR_PRC,0,25
2023-07-20T02:00:00-00:00,2023-07-20T03:00:00-00:00,2023-07-19,20,0,Hourly,SR,AS_SP26,DAM,SP_CLR_PRC,0,25
2023-07-20T03:00:00-00:00,2023-07-20T04:00:00-00:00,2023-07-19,21,0,Hourly,SR,AS_SP26_EXP,DAM,SP_CLR_PRC,11.5508,25
2023-07-20T05:00:00-00:00,2023-07-20T06:00:00-00:00,2023-07-19,23,0,Hourly,SR,AS_CAISO_EXP,DAM,SP_CLR_PRC,7,25
2023-07-20T05:00:00-00:00,2023-07-20T06:00:00-00:00,2023-07-19,23,0,Hourly,SR,AS_SP26,DAM,SP_CLR_PRC,0,25
2023-07-19T08:00:00-00:00,2023-07-19T09:00:00-00:00,2023-07-19,2,0,Hourly,SR,AS_SP26,DAM,SP_CLR_PRC,0,25
2023-07-19T09:00:00-00:00,2023-07-19T10:00:00-00:00,2023-07-19,3,0,Hourly,SR,AS_CAISO,DAM,SP_CLR_PRC,0,25
2023-07-19T08:00:00-00:00,2023-07-19T09:00:00-00:00,2023-07-19,2,0,Hourly,SR,AS_NP26_EXP,DAM,SP_CLR_PRC,0,25
2023-07-19T09:00:00-00:00,2023-07-19T10:00:00-00:00,2023-07-19,3,0,Hourly,SR,AS_NP26_EXP,DAM,SP_CLR_PRC,0.19,25
2023-07-19T10:00:00-00:00,2023-07-19T11:00:00-00:00,2023-07-19,4,0,Hourly,SR,AS_CAISO_EXP,DAM,SP_CLR_PRC,0.57,25
2023-07-19T11:00:00-00:00,2023-07-19T12:00:00-00:00,2023-07-19,5,0,Hourly,SR,AS_CAISO,DAM,SP_CLR_PRC,0,25
2023-07-19T11:00:00-00:00,2023-07-19T12:00:00-00:00,2023-07-19,5,0,Hourly,SR,AS_NP26,DAM,SP_CLR_PRC,0,25
2023-07-19T11:00:00-00:00,2023-07-19T12:00:00-00:00,2023-07-19,5,0,Hourly,SR,AS_NP26_EXP,DAM,SP_CLR_PRC,0.23,25
2023-07-19T13:00:00-00:00,2023-07-19T14:00:00-00:00,2023-07-19,7,0,Hourly,SR,AS_CAISO_EXP,DAM,SP_CLR_PRC,0.81,25
2023-07-19T14:00:00-00:00,2023-07-19T15:00:00-00:00,2023-07-19,8,0,Hourly,SR,AS_NP26,DAM,SP_CLR_PRC,0,25
2023-07-19T15:00:00-00:00,2023-07-19T16:00:00-00:00,2023-07-19,9,0,Hourly,SR,AS_CAISO_EXP,DAM,SP_CLR_PRC,0.16,25
2023-07-19T17:00:00-00:00,2023-07-19T18:00:00-00:00,2023-07-19,11,0,Hourly,SR,AS_CAISO,DAM,SP_CLR_PRC,0,25
2023-07-19T18:00:00-00:00,2023-07-19T19:00:00-00:00,2023-07-19,12,0,Hourly,SR,AS_SP26_EXP,DAM,SP_CLR_PRC,0,25
2023-07-19T23:00:00-00:00,2023-07-20T00:00:00-00:00,2023-07-19,17,0,Hourly,SR,AS_NP26_EXP,DAM,SP_CLR_PRC,0,25
2023-07-19T23:00:00-00:00,2023-07-20T00:00:00-00:00,2023-07-19,17,0,Hourly,SR,AS_SP26,DAM,SP_CLR_PRC,0,25
2023-07-20T01:00:00-00:00,2023-07-20T02:00:00-00:00,2023-07-19,19,0,Hourly,SR,AS_NP26,DAM,SP_CLR_PRC,0,25
2023-07-20T01:00:00-00:00,2023-07-20T02:00:00-00:00,2023-07-19,19,0,Hourly,SR,AS_SP26_EXP,DAM,SP_CLR_PRC,5.81971,25
2023-07-20T02:00:00-00:00,2023-07-20T03:00:00-00:00,2023-07-19,20,0,Hourly,SR,AS_CAISO_EXP,DAM,SP_CLR_PRC,62.76206,25
2023-07-20T03:00:00-00:00,2023-07-20T04:00:00-00:00,2023-07-19,21,0,Hourly,SR,AS_CAISO_EXP,DAM,SP_CLR_PRC,38.81365,25
2023-07-20T03:00:00-00:00,2023-07-20T04:00:00-00:00,2023-07-19,21,0,Hourly,SR,AS_NP26,DAM,SP_CLR_PRC,0,25
2023-07-20T04:00:00-00:00,2023-07-20T05:00:00-00:00,2023-07-19,22,0,Hourly,SR,AS_CAISO_EXP,DAM,SP_CLR_PRC,20,25
2023-07-20T04:00:00-00:00,2023-07-20T05:00:00-00:00,2023-07-19,22,0,Hourly,SR,AS_NP26_EXP,DAM,SP_CLR_PRC,0,25
2023-07-20T04:00:00-00:00,2023-07-20T05:00:00-00:00,2023-07-19,22,0,Hourly,SR,AS_SP26_EXP,DAM,SP_CLR_PRC,0,25
2023-07-20T05:00:00-00:00,2023-07-20T06:00:00-00:00,2023-07-19,23,0,Hourly,SR,AS_NP26,DAM,SP_CLR_PRC,0,25
2023-07-19T07:00:00-00:00,2023-07-19T08:00:00-00:00,2023-07-19,1,0,Hourly,SR,AS_NP26,DAM,SP_CLR_PRC,0,25
2023-07-19T09:00:00-00:00,2023-07-19T10:00:00-00:00,2023-07-19,3,0,Hourly,SR,AS_CAISO_EXP,DAM,SP_CLR_PRC,0.645,25
2023-07-19T15:00:00-00:00,2023-07-19T16:00:00-00:00,2023-07-19,9,0,Hourly,SR,AS_NP26_EXP,DAM,SP_CLR_PRC,0.84,25
2023-07-19T18:00:00-00:00,2023-07-19T19:00:00-00:00,2023-07-19,12,0,Hourly,SR,AS_NP26,DAM,SP_CLR_PRC,0,25
2023-07-19T19:00:00-00:00,2023-07-19T20:00:00-00:00,2023-07-19,13,0,Hourly,SR,AS_NP26,DAM,SP_CLR_PRC,0,25
2023-07-19T19:00:00-00:00,2023-07-19T20:00:00-00:00,2023-07-19,13,0,Hourly,SR,AS_NP26_EXP,DAM,SP_CLR_PRC,0.19,25
2023-07-19T19:00:00-00:00,2023-07-19T20:00:00-00:00,2023-07-19,13,0,Hourly,SR,AS_SP26,DAM,SP_CLR_PRC,0,25
2023-07-19T21:00:00-00:00,2023-07-19T22:00:00-00:00,2023-07-19,15,0,Hourly,SR,AS_SP26_EXP,DAM,SP_CLR_PRC,0,25
2023-07-19T22:00:00-00:00,2023-07-19T23:00:00-00:00,2023-07-19,16,0,Hourly,SR,AS_NP26,DAM,SP_CLR_PRC,0,25
2023-07-20T02:00:00-00:00,2023-07-20T03:00:00-00:00,2023-07-19,20,0,Hourly,SR,AS_SP26_EXP,DAM,SP_CLR_PRC,39.9433,25
2023-07-20T03:00:00-00:00,2023-07-20T04:00:00-00:00,2023-07-19,21,0,Hourly,SR,AS_CAISO,DAM,SP_CLR_PRC,0,25
2023-07-20T03:00:00-00:00,2023-07-20T04:00:00-00:00,2023-07-19,21,0,Hourly,SR,AS_NP26_EXP,DAM,SP_CLR_PRC,0,25
2023-07-20T06:00:00-00:00,2023-07-20T07:00:00-00:00,2023-07-19,24,0,Hourly,SR,AS_SP26_EXP,DAM,SP_CLR_PRC,0,25
2023-07-19T07:00:00-00:00,2023-07-19T08:00:00-00:00,2023-07-19,1,0,Hourly,SR,AS_CAISO,DAM,SP_CLR_PRC,0,25
2023-07-19T07:00:00-00:00,2023-07-19T08:00:00-00:00,2023-07-19,1,0,Hourly,SR,AS_SP26_EXP,DAM,SP_CLR_PRC,0,25
2023-07-19T14:00:00-00:00,2023-07-19T15:00:00-00:00,2023-07-19,8,0,Hourly,SR,AS_CAISO,DAM,SP_CLR_PRC,0,25
2023-07-19T17:00:00-00:00,2023-07-19T18:00:00-00:00,2023-07-19,11,0,Hourly,SR,AS_SP26_EXP,DAM,SP_CLR_PRC,0,25
2023-07-19T21:00:00-00:00,2023-07-19T22:00:00-00:00,2023-07-19,15,0,Hourly,SR,AS_SP26,DAM,SP_CLR_PRC,0,25
2023-07-19T22:00:00-00:00,2023-07-19T23:00:00-00:00,2023-07-19,16,0,Hourly,SR,AS_CAISO,DAM,SP_CLR_PRC,0,25
2023-07-19T22:00:00-00:00,2023-07-19T23:00:00-00:00,2023-07-19,16,0,Hourly,SR,AS_SP26_EXP,DAM,SP_CLR_PRC,0,25
2023-07-20T00:00:00-00:00,2023-07-20T01:00:00-00:00,2023-07-19,18,0,Hourly,SR,AS_CAISO_EXP,DAM,SP_CLR_PRC,6,25
2023-07-20T00:00:00-00:00,2023-07-20T01:00:00-00:00,2023-07-19,18,0,Hourly,SR,AS_NP26,DAM,SP_CLR_PRC,0,25
2023-07-20T03:00:00-00:00,2023-07-20T04:00:00-00:00,2023-07-19,21,0,Hourly,SR,AS_SP26,DAM,SP_CLR_PRC,0,25
2023-07-20T04:00:00-00:00,2023-07-20T05:00:00-00:00,2023-07-19,22,0,Hourly,SR,AS_SP26,DAM,SP_CLR_PRC,0,25
2023-07-20T06:00:00-00:00,2023-07-20T07:00:00-00:00,2023-07-19,24,0,Hourly,SR,AS_CAISO,DAM,SP_CLR_PRC,0,25
2023-07-20T06:00:00-00:00,2023-07-20T07:00:00-00:00,2023-07-19,24,0,Hourly,SR,AS_CAISO_EXP,DAM,SP_CLR_PRC,1.9338,25
2023-07-20T06:00:00-00:00,2023-07-20T07:00:00-00:00,2023-07-19,24,0,Hourly,SR,AS_SP26,DAM,SP_CLR_PRC,0,25
2023-07-19T07:00:00-00:00,2023-07-19T08:00:00-00:00,2023-07-19,1,0,Hourly,SR,AS_NP26_EXP,DAM,SP_CLR_PRC,0,25
2023-07-19T07:00:00-00:00,2023-07-19T08:00:00-00:00,2023-07-19,1,0,Hourly,SR,AS_CAISO_EXP,DAM,SP_CLR_PRC,1,25
2023-07-19T08:00:00-00:00,2023-07-19T09:00:00-00:00,2023-07-19,2,0,Hourly,SR,AS_CAISO,DAM,SP_CLR_PRC,0,25
2023-07-19T08:00:00-00:00,2023-07-19T09:00:00-00:00,2023-07-19,2,0,Hourly,SR,AS_NP26,DAM,SP_CLR_PRC,0,25
2023-07-19T10:00:00-00:00,2023-07-19T11:00:00-00:00,2023-07-19,4,0,Hourly,SR,AS_NP26_EXP,DAM,SP_CLR_PRC,0.19,25
2023-07-19T13:00:00-00:00,2023-07-19T14:00:00-00:00,2023-07-19,7,0,Hourly,SR,AS_NP26_EXP,DAM,SP_CLR_PRC,0.19,25
2023-07-19T14:00:00-00:00,2023-07-19T15:00:00-00:00,2023-07-19,8,0,Hourly,SR,AS_SP26,DAM,SP_CLR_PRC,0,25
2023-07-19T14:00:00-00:00,2023-07-19T15:00:00-00:00,2023-07-19,8,0,Hourly,SR,AS_SP26_EXP,DAM,SP_CLR_PRC,0,25
2023-07-19T15:00:00-00:00,2023-07-19T16:00:00-00:00,2023-07-19,9,0,Hourly,SR,AS_NP26,DAM,SP_CLR_PRC,0,25
2023-07-19T17:00:00-00:00,2023-07-19T18:00:00-00:00,2023-07-19,11,0,Hourly,SR,AS_NP26,DAM,SP_CLR_PRC,0,25
2023-07-19T17:00:00-00:00,2023-07-19T18:00:00-00:00,2023-07-19,11,0,Hourly,SR,AS_NP26_EXP,DAM,SP_CLR_PRC,0.84,25
2023-07-19T18:00:00-00:00,2023-07-19T19:00:00-00:00,2023-07-19,12,0,Hourly,SR,AS_CAISO_EXP,DAM,SP_CLR_PRC,0.45,25
2023-07-19T18:00:00-00:00,2023-07-19T19:00:00-00:00,2023-07-19,12,0,Hourly,SR,AS_SP26,DAM,SP_CLR_PRC,0,25
2023-07-19T21:00:00-00:00,2023-07-19T22:00:00-00:00,2023-07-19,15,0,Hourly,SR,AS_CAISO,DAM,SP_CLR_PRC,0,25
2023-07-19T23:00:00-00:00,2023-07-20T00:00:00-00:00,2023-07-19,17,0,Hourly,SR,AS_NP26,DAM,SP_CLR_PRC,0,25
2023-07-20T07:00:00-00:00,2023-07-20T08:00:00-00:00,2023-07-20,1,0,Hourly,SR,AS_SP26,DAM,SP_CLR_PRC,0,26
2023-07-20T07:00:00-00:00,2023-07-20T08:00:00-00:00,2023-07-20,1,0,Hourly,SR,AS_SP26_EXP,DAM,SP_CLR_PRC,0,26
2023-07-20T07:00:00-00:00,2023-07-20T08:00:00-00:00,2023-07-20,1,0,Hourly,SR,AS_NP26_EXP,DAM,SP_CLR_PRC,0,26
2023-07-20T07:00:00-00:00,2023-07-20T08:00:00-00:00,2023-07-20,1,0,Hourly,SR,AS_CAISO,DAM,SP_CLR_PRC,0,26
2023-07-20T07:00:00-00:00,2023-07-20T08:00:00-00:00,2023-07-20,1,0,Hourly,SR,AS_NP26,DAM,SP_CLR_PRC,0,26
2023-07-20T07:00:00-00:00,2023-07-20T08:00:00-00:00,2023-07-20,1,0,Hourly,SR,AS_CAISO_EXP,DAM,SP_CLR_PRC,1,26
