INTERVALSTARTTIME_GMT,INTERVALENDTIME_GMT,OPR_DT,OPR_HR,OPR_INTERVAL,OPR_TYPE,ANC_TYPE,ANC_REGION,MARKET_RUN_ID,XML_DATA_ITEM,MW,GROUP
2025-06-19T15:00:00-00:00,2025-06-19T16:00:00-00:00,2025-06-19,9,0,Hourly,RU,AS_CAISO_EXP,DAM,RU_CLR_PRC,1.61463,1
2025-06-19T15:00:00-00:00,2025-06-19T16:00:00-00:00,2025-06-19,9,0,Hourly,RU,AS_NP26,DAM,RU_CLR_PRC,0,1
2025-06-19T18:00:00-00:00,2025-06-19T19:00:00-00:00,2025-06-19,12,0,Hourly,RU,AS_CAISO,DAM,RU_CLR_PRC,0,1
2025-06-19T19:00:00-00:00,2025-06-19T20:00:00-00:00,2025-06-19,13,0,Hourly,RU,AS_NP26,DAM,RU_CLR_PRC,0,1
2025-06-19T19:00:00-00:00,2025-06-19T20:00:00-00:00,2025-06-19,13,0,Hourly,RU,AS_SP26_EXP,DAM,RU_CLR_PRC,0,1
2025-06-19T20:00:00-00:00,2025-06-19T21:00:00-00:00,2025-06-19,14,0,Hourly,RU,AS_CAISO_EXP,DAM,RU_CLR_PRC,1.5,1
2025-06-20T01:00:00-00:00,2025-06-20T02:00:00-00:00,2025-06-19,19,0,Hourly,RU,AS_NP26_EXP,DAM,RU_CLR_PRC,5.26807,1
2025-06-20T03:00:00-00:00,2025-06-20T04:00:00-00:00,2025-06-19,21,0,Hourly,RU,AS_CAISO,DAM,RU_CLR_PRC,0,1
2025-06-20T05:00:00-00:00,2025-06-20T06:00:00-00:00,2025-06-19,23,0,Hourly,RU,AS_SP26,DAM,RU_CLR_PRC,0,1
2025-06-20T06:00:00-00:00,2025-06-20T07:00:00-00:00,2025-06-19,24,0,Hourly,RU,AS_SP26_EXP,DAM,RU_CLR_PRC,0,1
2025-06-19T12:00:00-00:00,2025-06-19T13:00:00-00:00,2025-06-19,6,0,Hourly,RU,AS_NP26,DAM,RU_CLR_PRC,0,1
2025-06-19T14:00:00-00:00,2025-06-19T15:00:00-00:00,2025-06-19,8,0,Hourly,RU,AS_SP26,DAM,RU_CLR_PRC,0,1
2025-06-19T15:00:00-00:00,2025-06-19T16:00:00-00:00,2025-06-19,9,0,Hourly,RU,AS_SP26_EXP,DAM,RU_CLR_PRC,0,1
2025-06-19T16:00:00-00:00,2025-06-19T17:00:00-00:00,2025-06-19,10,0,Hourly,RU,AS_SP26,DAM,RU_CLR_PRC,0,1
2025-06-19T17:00:00-00:00,2025-06-19T18:00:00-00:00,2025-06-19,11,0,Hourly,RU,AS_SP26_EXP,DAM,RU_CLR_PRC,0,1
2025-06-19T18:00:00-00:00,2025-06-19T19:00:00-00:00,2025-06-19,12,0,Hourly,RU,AS_NP26,DAM,RU_CLR_PRC,0,1
2025-06-19T18:00:00-00:00,2025-06-19T19:00:00-00:00,2025-06-19,12,0,Hourly,RU,AS_SP26,DAM,RU_CLR_PRC,0,1
2025-06-19T19:00:00-00:00,2025-06-19T20:00:00-00:00,2025-06-19,13,0,Hourly,RU,AS_NP26_EXP,DAM,RU_CLR_PRC,1.95542,1
2025-06-19T20:00:00-00:00,2025-06-19T21:00:00-00:00,2025-06-19,14,0,Hourly,RU,AS_SP26,DAM,RU_CLR_PRC,0,1
2025-06-19T22:00:00-00:00,2025-06-19T23:00:00-00:00,2025-06-19,16,0,Hourly,RU,AS_CAISO,DAM,RU_CLR_PRC,0,1
2025-06-20T02:00:00-00:00,2025-06-20T03:00:00-00:00,2025-06-19,20,0,Hourly,RU,AS_NP26,DAM,RU_CLR_PRC,0,1
2025-06-20T02:00:00-00:00,2025-06-20T03:00:00-00:00,2025-06-19,20,0,Hourly,RU,AS_SP26_EXP,DAM,RU_CLR_PRC,0,1
2025-06-20T05:00:00-00:00,2025-06-20T06:00:00-00:00,2025-06-19,23,0,Hourly,RU,AS_NP26,DAM,RU_CLR_PRC,0,1
2025-06-20T06:00:00-00:00,2025-06-20T07:00:00-00:00,2025-06-19,24,0,Hourly,RU,AS_NP26,DAM,RU_CLR_PRC,0,1
2025-06-19T22:00:00-00:00,2025-06-19T23:00:00-00:00,2025-06-19,16,0,Hourly,RU,AS_NP26,DAM,RU_CLR_PRC,0,1
2025-06-19T22:00:00-00:00,2025-06-19T23:00:00-00:00,2025-06-19,16,0,Hourly,RU,AS_SP26,DAM,RU_CLR_PRC,0,1
2025-06-20T01:00:00-00:00,2025-06-20T02:00:00-00:00,2025-06-19,19,0,Hourly,RU,AS_SP26_EXP,DAM,RU_CLR_PRC,0,1
2025-06-20T02:00:00-00:00,2025-06-20T03:00:00-00:00,2025-06-19,20,0,Hourly,RU,AS_SP26,DAM,RU_CLR_PRC,0,1
2025-06-20T03:00:00-00:00,2025-06-20T04:00:00-00:00,2025-06-19,21,0,Hourly,RU,AS_NP26,DAM,RU_CLR_PRC,0,1
2025-06-20T03:00:00-00:00,2025-06-20T04:00:00-00:00,2025-06-19,21,0,Hourly,RU,AS_SP26,DAM,RU_CLR_PRC,0,1
2025-06-20T03:00:00-00:00,2025-06-20T04:00:00-00:00,2025-06-19,21,0,Hourly,RU,AS_SP26_EXP,DAM,RU_CLR_PRC,0,1
2025-06-20T04:00:00-00:00,2025-06-20T05:00:00-00:00,2025-06-19,22,0,Hourly,RU,AS_CAISO_EXP,DAM,RU_CLR_PRC,1,1
2025-06-20T04:00:00-00:00,2025-06-20T05:00:00-00:00,2025-06-19,22,0,Hourly,RU,AS_NP26,DAM,RU_CLR_PRC,0,1
2025-06-20T04:00:00-00:00,2025-06-20T05:00:00-00:00,2025-06-19,22,0,Hourly,RU,AS_SP26,DAM,RU_CLR_PRC,0,1
2025-06-19T10:00:00-00:00,2025-06-19T11:00:00-00:00,2025-06-19,4,0,Hourly,RU,AS_NP26,DAM,RU_CLR_PRC,0,1
2025-06-19T11:00:00-00:00,2025-06-19T12:00:00-00:00,2025-06-19,5,0,Hourly,RU,AS_CAISO,DAM,RU_CLR_PRC,0,1
2025-06-19T12:00:00-00:00,2025-06-19T13:00:00-00:00,2025-06-19,6,0,Hourly,RU,AS_NP26_EXP,DAM,RU_CLR_PRC,1.65018,1
2025-06-19T13:00:00-00:00,2025-06-19T14:00:00-00:00,2025-06-19,7,0,Hourly,RU,AS_SP26,DAM,RU_CLR_PRC,0,1
2025-06-19T16:00:00-00:00,2025-06-19T17:00:00-00:00,2025-06-19,10,0,Hourly,RU,AS_CAISO_EXP,DAM,RU_CLR_PRC,0.74019,1
2025-06-19T16:00:00-00:00,2025-06-19T17:00:00-00:00,2025-06-19,10,0,Hourly,RU,AS_SP26_EXP,DAM,RU_CLR_PRC,0,1
2025-06-19T17:00:00-00:00,2025-06-19T18:00:00-00:00,2025-06-19,11,0,Hourly,RU,AS_NP26,DAM,RU_CLR_PRC,0,1
2025-06-19T21:00:00-00:00,2025-06-19T22:00:00-00:00,2025-06-19,15,0,Hourly,RU,AS_NP26_EXP,DAM,RU_CLR_PRC,1.50242,1
2025-06-20T04:00:00-00:00,2025-06-20T05:00:00-00:00,2025-06-19,22,0,Hourly,RU,AS_CAISO,DAM,RU_CLR_PRC,0,1
2025-06-20T05:00:00-00:00,2025-06-20T06:00:00-00:00,2025-06-19,23,0,Hourly,RU,AS_CAISO_EXP,DAM,RU_CLR_PRC,1,1
2025-06-19T08:00:00-00:00,2025-06-19T09:00:00-00:00,2025-06-19,2,0,Hourly,RU,AS_NP26_EXP,DAM,RU_CLR_PRC,1.48,1
2025-06-19T10:00:00-00:00,2025-06-19T11:00:00-00:00,2025-06-19,4,0,Hourly,RU,AS_SP26_EXP,DAM,RU_CLR_PRC,0,1
2025-06-19T12:00:00-00:00,2025-06-19T13:00:00-00:00,2025-06-19,6,0,Hourly,RU,AS_SP26_EXP,DAM,RU_CLR_PRC,0,1
2025-06-19T13:00:00-00:00,2025-06-19T14:00:00-00:00,2025-06-19,7,0,Hourly,RU,AS_NP26_EXP,DAM,RU_CLR_PRC,2.79,1
2025-06-19T14:00:00-00:00,2025-06-19T15:00:00-00:00,2025-06-19,8,0,Hourly,RU,AS_CAISO,DAM,RU_CLR_PRC,0,1
2025-06-19T14:00:00-00:00,2025-06-19T15:00:00-00:00,2025-06-19,8,0,Hourly,RU,AS_CAISO_EXP,DAM,RU_CLR_PRC,1,1
2025-06-19T14:00:00-00:00,2025-06-19T15:00:00-00:00,2025-06-19,8,0,Hourly,RU,AS_NP26_EXP,DAM,RU_CLR_PRC,2.76913,1
2025-06-19T15:00:00-00:00,2025-06-19T16:00:00-00:00,2025-06-19,9,0,Hourly,RU,AS_CAISO,DAM,RU_CLR_PRC,0,1
2025-06-19T17:00:00-00:00,2025-06-19T18:00:00-00:00,2025-06-19,11,0,Hourly,RU,AS_NP26_EXP,DAM,RU_CLR_PRC,2.81666,1
2025-06-19T18:00:00-00:00,2025-06-19T19:00:00-00:00,2025-06-19,12,0,Hourly,RU,AS_SP26_EXP,DAM,RU_CLR_PRC,0,1
2025-06-19T20:00:00-00:00,2025-06-19T21:00:00-00:00,2025-06-19,14,0,Hourly,RU,AS_NP26,DAM,RU_CLR_PRC,0,1
2025-06-19T21:00:00-00:00,2025-06-19T22:00:00-00:00,2025-06-19,15,0,Hourly,RU,AS_CAISO_EXP,DAM,RU_CLR_PRC,2,1
2025-06-19T22:00:00-00:00,2025-06-19T23:00:00-00:00,2025-06-19,16,0,Hourly,RU,AS_NP26_EXP,DAM,RU_CLR_PRC,1.93907,1
2025-06-20T00:00:00-00:00,2025-06-20T01:00:00-00:00,2025-06-19,18,0,Hourly,RU,AS_CAISO,DAM,RU_CLR_PRC,0,1
2025-06-20T01:00:00-00:00,2025-06-20T02:00:00-00:00,2025-06-19,19,0,Hourly,RU,AS_NP26,DAM,RU_CLR_PRC,0,1
2025-06-20T02:00:00-00:00,2025-06-20T03:00:00-00:00,2025-06-19,20,0,Hourly,RU,AS_CAISO_EXP,DAM,RU_CLR_PRC,6,1
2025-06-20T02:00:00-00:00,2025-06-20T03:00:00-00:00,2025-06-19,20,0,Hourly,RU,AS_NP26_EXP,DAM,RU_CLR_PRC,0.96,1
2025-06-19T08:00:00-00:00,2025-06-19T09:00:00-00:00,2025-06-19,2,0,Hourly,RU,AS_CAISO_EXP,DAM,RU_CLR_PRC,1.22,1
2025-06-19T08:00:00-00:00,2025-06-19T09:00:00-00:00,2025-06-19,2,0,Hourly,RU,AS_NP26,DAM,RU_CLR_PRC,0,1
2025-06-19T08:00:00-00:00,2025-06-19T09:00:00-00:00,2025-06-19,2,0,Hourly,RU,AS_SP26,DAM,RU_CLR_PRC,0,1
2025-06-19T09:00:00-00:00,2025-06-19T10:00:00-00:00,2025-06-19,3,0,Hourly,RU,AS_CAISO_EXP,DAM,RU_CLR_PRC,1.58132,1
2025-06-19T09:00:00-00:00,2025-06-19T10:00:00-00:00,2025-06-19,3,0,Hourly,RU,AS_NP26,DAM,RU_CLR_PRC,0,1
2025-06-19T09:00:00-00:00,2025-06-19T10:00:00-00:00,2025-06-19,3,0,Hourly,RU,AS_SP26_EXP,DAM,RU_CLR_PRC,0,1
2025-06-19T10:00:00-00:00,2025-06-19T11:00:00-00:00,2025-06-19,4,0,Hourly,RU,AS_CAISO_EXP,DAM,RU_CLR_PRC,1.59129,1
2025-06-19T11:00:00-00:00,2025-06-19T12:00:00-00:00,2025-06-19,5,0,Hourly,RU,AS_NP26,DAM,RU_CLR_PRC,0,1
2025-06-19T11:00:00-00:00,2025-06-19T12:00:00-00:00,2025-06-19,5,0,Hourly,RU,AS_SP26_EXP,DAM,RU_CLR_PRC,0,1
2025-06-19T12:00:00-00:00,2025-06-19T13:00:00-00:00,2025-06-19,6,0,Hourly,RU,AS_SP26,DAM,RU_CLR_PRC,0,1
2025-06-19T13:00:00-00:00,2025-06-19T14:00:00-00:00,2025-06-19,7,0,Hourly,RU,AS_CAISO_EXP,DAM,RU_CLR_PRC,5.21,1
2025-06-19T14:00:00-00:00,2025-06-19T15:00:00-00:00,2025-06-19,8,0,Hourly,RU,AS_NP26,DAM,RU_CLR_PRC,0,1
2025-06-19T14:00:00-00:00,2025-06-19T15:00:00-00:00,2025-06-19,8,0,Hourly,RU,AS_SP26_EXP,DAM,RU_CLR_PRC,0,1
2025-06-19T09:00:00-00:00,2025-06-19T10:00:00-00:00,2025-06-19,3,0,Hourly,RU,AS_NP26_EXP,DAM,RU_CLR_PRC,0,1
2025-06-19T10:00:00-00:00,2025-06-19T11:00:00-00:00,2025-06-19,4,0,Hourly,RU,AS_SP26,DAM,RU_CLR_PRC,0,1
2025-06-19T11:00:00-00:00,2025-06-19T12:00:00-00:00,2025-06-19,5,0,Hourly,RU,AS_NP26_EXP,DAM,RU_CLR_PRC,0,1
2025-06-19T13:00:00-00:00,2025-06-19T14:00:00-00:00,2025-06-19,7,0,Hourly,RU,AS_CAISO,DAM,RU_CLR_PRC,0,1
2025-06-19T16:00:00-00:00,2025-06-19T17:00:00-00:00,2025-06-19,10,0,Hourly,RU,AS_NP26_EXP,DAM,RU_CLR_PRC,2.26981,1
2025-06-19T21:00:00-00:00,2025-06-19T22:00:00-00:00,2025-06-19,15,0,Hourly,RU,AS_SP26,DAM,RU_CLR_PRC,0,1
2025-06-20T00:00:00-00:00,2025-06-20T01:00:00-00:00,2025-06-19,18,0,Hourly,RU,AS_CAISO_EXP,DAM,RU_CLR_PRC,1.85748,1
2025-06-20T00:00:00-00:00,2025-06-20T01:00:00-00:00,2025-06-19,18,0,Hourly,RU,AS_NP26_EXP,DAM,RU_CLR_PRC,6.14252,1
2025-06-20T01:00:00-00:00,2025-06-20T02:00:00-00:00,2025-06-19,19,0,Hourly,RU,AS_CAISO,DAM,RU_CLR_PRC,0,1
2025-06-20T03:00:00-00:00,2025-06-20T04:00:00-00:00,2025-06-19,21,0,Hourly,RU,AS_NP26_EXP,DAM,RU_CLR_PRC,0.79,1
2025-06-20T04:00:00-00:00,2025-06-20T05:00:00-00:00,2025-06-19,22,0,Hourly,RU,AS_SP26_EXP,DAM,RU_CLR_PRC,0,1
2025-06-20T05:00:00-00:00,2025-06-20T06:00:00-00:00,2025-06-19,23,0,Hourly,RU,AS_CAISO,DAM,RU_CLR_PRC,0,1
2025-06-20T05:00:00-00:00,2025-06-20T06:00:00-00:00,2025-06-19,23,0,Hourly,RU,AS_NP26_EXP,DAM,RU_CLR_PRC,2.86942,1
2025-06-19T13:00:00-00:00,2025-06-19T14:00:00-00:00,2025-06-19,7,0,Hourly,RU,AS_SP26_EXP,DAM,RU_CLR_PRC,0,1
2025-06-19T15:00:00-00:00,2025-06-19T16:00:00-00:00,2025-06-19,9,0,Hourly,RU,AS_NP26_EXP,DAM,RU_CLR_PRC,2.651,1
2025-06-19T15:00:00-00:00,2025-06-19T16:00:00-00:00,2025-06-19,9,0,Hourly,RU,AS_SP26,DAM,RU_CLR_PRC,0,1
2025-06-19T17:00:00-00:00,2025-06-19T18:00:00-00:00,2025-06-19,11,0,Hourly,RU,AS_CAISO,DAM,RU_CLR_PRC,0,1
2025-06-19T18:00:00-00:00,2025-06-19T19:00:00-00:00,2025-06-19,12,0,Hourly,RU,AS_CAISO_EXP,DAM,RU_CLR_PRC,1.58144,1
2025-06-19T19:00:00-00:00,2025-06-19T20:00:00-00:00,2025-06-19,13,0,Hourly,RU,AS_CAISO,DAM,RU_CLR_PRC,0,1
2025-06-19T20:00:00-00:00,2025-06-19T21:00:00-00:00,2025-06-19,14,0,Hourly,RU,AS_SP26_EXP,DAM,RU_CLR_PRC,0,1
2025-06-19T23:00:00-00:00,2025-06-20T00:00:00-00:00,2025-06-19,17,0,Hourly,RU,AS_CAISO,DAM,RU_CLR_PRC,0,1
2025-06-19T23:00:00-00:00,2025-06-20T00:00:00-00:00,2025-06-19,17,0,Hourly,RU,AS_CAISO_EXP,DAM,RU_CLR_PRC,2.6731,1
2025-06-19T23:00:00-00:00,2025-06-20T00:00:00-00:00,2025-06-19,17,0,Hourly,RU,AS_SP26_EXP,DAM,RU_CLR_PRC,0,1
2025-06-20T00:00:00-00:00,2025-06-20T01:00:00-00:00,2025-06-19,18,0,Hourly,RU,AS_SP26,DAM,RU_CLR_PRC,0,1
2025-06-20T01:00:00-00:00,2025-06-20T02:00:00-00:00,2025-06-19,19,0,Hourly,RU,AS_SP26,DAM,RU_CLR_PRC,0,1
2025-06-20T02:00:00-00:00,2025-06-20T03:00:00-00:00,2025-06-19,20,0,Hourly,RU,AS_CAISO,DAM,RU_CLR_PRC,0,1
2025-06-20T03:00:00-00:00,2025-06-20T04:00:00-00:00,2025-06-19,21,0,Hourly,RU,AS_CAISO_EXP,DAM,RU_CLR_PRC,5.21,1
2025-06-20T05:00:00-00:00,2025-06-20T06:00:00-00:00,2025-06-19,23,0,Hourly,RU,AS_SP26_EXP,DAM,RU_CLR_PRC,0,1
2025-06-20T06:00:00-00:00,2025-06-20T07:00:00-00:00,2025-06-19,24,0,Hourly,RU,AS_CAISO,DAM,RU_CLR_PRC,0,1
2025-06-20T06:00:00-00:00,2025-06-20T07:00:00-00:00,2025-06-19,24,0,Hourly,RU,AS_CAISO_EXP,DAM,RU_CLR_PRC,4.23253,1
2025-06-20T06:00:00-00:00,2025-06-20T07:00:00-00:00,2025-06-19,24,0,Hourly,RU,AS_SP26,DAM,RU_CLR_PRC,0,1
2025-06-19T09:00:00-00:00,2025-06-19T10:00:00-00:00,2025-06-19,3,0,Hourly,RU,AS_CAISO,DAM,RU_CLR_PRC,0,1
2025-06-19T10:00:00-00:00,2025-06-19T11:00:00-00:00,2025-06-19,4,0,Hourly,RU,AS_CAISO,DAM,RU_CLR_PRC,0,1
2025-06-19T16:00:00-00:00,2025-06-19T17:00:00-00:00,2025-06-19,10,0,Hourly,RU,AS_NP26,DAM,RU_CLR_PRC,0,1
2025-06-19T17:00:00-00:00,2025-06-19T18:00:00-00:00,2025-06-19,11,0,Hourly,RU,AS_CAISO_EXP,DAM,RU_CLR_PRC,0.56,1
2025-06-19T17:00:00-00:00,2025-06-19T18:00:00-00:00,2025-06-19,11,0,Hourly,RU,AS_SP26,DAM,RU_CLR_PRC,0,1
2025-06-19T19:00:00-00:00,2025-06-19T20:00:00-00:00,2025-06-19,13,0,Hourly,RU,AS_CAISO_EXP,DAM,RU_CLR_PRC,0.93,1
2025-06-19T19:00:00-00:00,2025-06-19T20:00:00-00:00,2025-06-19,13,0,Hourly,RU,AS_SP26,DAM,RU_CLR_PRC,0,1
2025-06-19T21:00:00-00:00,2025-06-19T22:00:00-00:00,2025-06-19,15,0,Hourly,RU,AS_CAISO,DAM,RU_CLR_PRC,0,1
2025-06-19T21:00:00-00:00,2025-06-19T22:00:00-00:00,2025-06-19,15,0,Hourly,RU,AS_NP26,DAM,RU_CLR_PRC,0,1
2025-06-19T21:00:00-00:00,2025-06-19T22:00:00-00:00,2025-06-19,15,0,Hourly,RU,AS_SP26_EXP,DAM,RU_CLR_PRC,0,1
2025-06-19T23:00:00-00:00,2025-06-20T00:00:00-00:00,2025-06-19,17,0,Hourly,RU,AS_NP26_EXP,DAM,RU_CLR_PRC,2.92544,1
2025-06-20T00:00:00-00:00,2025-06-20T01:00:00-00:00,2025-06-19,18,0,Hourly,RU,AS_SP26_EXP,DAM,RU_CLR_PRC,0,1
2025-06-20T01:00:00-00:00,2025-06-20T02:00:00-00:00,2025-06-19,19,0,Hourly,RU,AS_CAISO_EXP,DAM,RU_CLR_PRC,1.28693,1
2025-06-19T08:00:00-00:00,2025-06-19T09:00:00-00:00,2025-06-19,2,0,Hourly,RU,AS_CAISO,DAM,RU_CLR_PRC,0,1
2025-06-19T08:00:00-00:00,2025-06-19T09:00:00-00:00,2025-06-19,2,0,Hourly,RU,AS_SP26_EXP,DAM,RU_CLR_PRC,0,1
2025-06-19T10:00:00-00:00,2025-06-19T11:00:00-00:00,2025-06-19,4,0,Hourly,RU,AS_NP26_EXP,DAM,RU_CLR_PRC,0,1
2025-06-19T12:00:00-00:00,2025-06-19T13:00:00-00:00,2025-06-19,6,0,Hourly,RU,AS_CAISO_EXP,DAM,RU_CLR_PRC,2.22,1
2025-06-19T13:00:00-00:00,2025-06-19T14:00:00-00:00,2025-06-19,7,0,Hourly,RU,AS_NP26,DAM,RU_CLR_PRC,0,1
2025-06-19T16:00:00-00:00,2025-06-19T17:00:00-00:00,2025-06-19,10,0,Hourly,RU,AS_CAISO,DAM,RU_CLR_PRC,0,1
2025-06-19T18:00:00-00:00,2025-06-19T19:00:00-00:00,2025-06-19,12,0,Hourly,RU,AS_NP26_EXP,DAM,RU_CLR_PRC,0.13,1
2025-06-19T20:00:00-00:00,2025-06-19T21:00:00-00:00,2025-06-19,14,0,Hourly,RU,AS_CAISO,DAM,RU_CLR_PRC,0,1
2025-06-19T20:00:00-00:00,2025-06-19T21:00:00-00:00,2025-06-19,14,0,Hourly,RU,AS_NP26_EXP,DAM,RU_CLR_PRC,2.4813,1
2025-06-19T22:00:00-00:00,2025-06-19T23:00:00-00:00,2025-06-19,16,0,Hourly,RU,AS_CAISO_EXP,DAM,RU_CLR_PRC,1.5,1
2025-06-19T22:00:00-00:00,2025-06-19T23:00:00-00:00,2025-06-19,16,0,Hourly,RU,AS_SP26_EXP,DAM,RU_CLR_PRC,0,1
2025-06-19T23:00:00-00:00,2025-06-20T00:00:00-00:00,2025-06-19,17,0,Hourly,RU,AS_NP26,DAM,RU_CLR_PRC,0,1
2025-06-19T23:00:00-00:00,2025-06-20T00:00:00-00:00,2025-06-19,17,0,Hourly,RU,AS_SP26,DAM,RU_CLR_PRC,0,1
2025-06-20T00:00:00-00:00,2025-06-20T01:00:00-00:00,2025-06-19,18,0,Hourly,RU,AS_NP26,DAM,RU_CLR_PRC,0,1
2025-06-20T04:00:00-00:00,2025-06-20T05:00:00-00:00,2025-06-19,22,0,Hourly,RU,AS_NP26_EXP,DAM,RU_CLR_PRC,3.69,1
2025-06-20T06:00:00-00:00,2025-06-20T07:00:00-00:00,2025-06-19,24,0,Hourly,RU,AS_NP26_EXP,DAM,RU_CLR_PRC,0,1
2025-06-19T09:00:00-00:00,2025-06-19T10:00:00-00:00,2025-06-19,3,0,Hourly,RU,AS_SP26,DAM,RU_CLR_PRC,0,1
2025-06-19T11:00:00-00:00,2025-06-19T12:00:00-00:00,2025-06-19,5,0,Hourly,RU,AS_CAISO_EXP,DAM,RU_CLR_PRC,1.59129,1
2025-06-19T11:00:00-00:00,2025-06-19T12:00:00-00:00,2025-06-19,5,0,Hourly,RU,AS_SP26,DAM,RU_CLR_PRC,0,1
2025-06-19T12:00:00-00:00,2025-06-19T13:00:00-00:00,2025-06-19,6,0,Hourly,RU,AS_CAISO,DAM,RU_CLR_PRC,0,1
2025-06-20T09:00:00-00:00,2025-06-20T10:00:00-00:00,2025-06-20,3,0,Hourly,RU,AS_SP26,DAM,RU_CLR_PRC,0,2
2025-06-20T12:00:00-00:00,2025-06-20T13:00:00-00:00,2025-06-20,6,0,Hourly,RU,AS_NP26,DAM,RU_CLR_PRC,0,2
2025-06-20T13:00:00-00:00,2025-06-20T14:00:00-00:00,2025-06-20,7,0,Hourly,RU,AS_NP26_EXP,DAM,RU_CLR_PRC,0,2
2025-06-20T14:00:00-00:00,2025-06-20T15:00:00-00:00,2025-06-20,8,0,Hourly,RU,AS_CAISO_EXP,DAM,RU_CLR_PRC,1.76156,2
2025-06-20T14:00:00-00:00,2025-06-20T15:00:00-00:00,2025-06-20,8,0,Hourly,RU,AS_NP26_EXP,DAM,RU_CLR_PRC,2.63795,2
2025-06-20T16:00:00-00:00,2025-06-20T17:00:00-00:00,2025-06-20,10,0,Hourly,RU,AS_NP26_EXP,DAM,RU_CLR_PRC,0.67,2
2025-06-20T18:00:00-00:00,2025-06-20T19:00:00-00:00,2025-06-20,12,0,Hourly,RU,AS_CAISO,DAM,RU_CLR_PRC,0,2
2025-06-20T18:00:00-00:00,2025-06-20T19:00:00-00:00,2025-06-20,12,0,Hourly,RU,AS_SP26_EXP,DAM,RU_CLR_PRC,0,2
2025-06-20T21:00:00-00:00,2025-06-20T22:00:00-00:00,2025-06-20,15,0,Hourly,RU,AS_SP26,DAM,RU_CLR_PRC,0,2
2025-06-20T22:00:00-00:00,2025-06-20T23:00:00-00:00,2025-06-20,16,0,Hourly,RU,AS_SP26,DAM,RU_CLR_PRC,0,2
2025-06-21T00:00:00-00:00,2025-06-21T01:00:00-00:00,2025-06-20,18,0,Hourly,RU,AS_NP26_EXP,DAM,RU_CLR_PRC,3.4493,2
2025-06-21T01:00:00-00:00,2025-06-21T02:00:00-00:00,2025-06-20,19,0,Hourly,RU,AS_SP26,DAM,RU_CLR_PRC,0,2
2025-06-21T02:00:00-00:00,2025-06-21T03:00:00-00:00,2025-06-20,20,0,Hourly,RU,AS_CAISO_EXP,DAM,RU_CLR_PRC,2.95083,2
2025-06-21T02:00:00-00:00,2025-06-21T03:00:00-00:00,2025-06-20,20,0,Hourly,RU,AS_NP26,DAM,RU_CLR_PRC,0,2
2025-06-21T03:00:00-00:00,2025-06-21T04:00:00-00:00,2025-06-20,21,0,Hourly,RU,AS_NP26,DAM,RU_CLR_PRC,0,2
2025-06-21T04:00:00-00:00,2025-06-21T05:00:00-00:00,2025-06-20,22,0,Hourly,RU,AS_SP26,DAM,RU_CLR_PRC,0,2
2025-06-21T05:00:00-00:00,2025-06-21T06:00:00-00:00,2025-06-20,23,0,Hourly,RU,AS_CAISO_EXP,DAM,RU_CLR_PRC,0.53469,2
2025-06-20T07:00:00-00:00,2025-06-20T08:00:00-00:00,2025-06-20,1,0,Hourly,RU,AS_NP26_EXP,DAM,RU_CLR_PRC,2.66588,2
2025-06-20T08:00:00-00:00,2025-06-20T09:00:00-00:00,2025-06-20,2,0,Hourly,RU,AS_SP26_EXP,DAM,RU_CLR_PRC,0,2
2025-06-20T09:00:00-00:00,2025-06-20T10:00:00-00:00,2025-06-20,3,0,Hourly,RU,AS_CAISO,DAM,RU_CLR_PRC,0,2
2025-06-20T10:00:00-00:00,2025-06-20T11:00:00-00:00,2025-06-20,4,0,Hourly,RU,AS_NP26,DAM,RU_CLR_PRC,0,2
2025-06-20T13:00:00-00:00,2025-06-20T14:00:00-00:00,2025-06-20,7,0,Hourly,RU,AS_SP26,DAM,RU_CLR_PRC,0,2
2025-06-20T14:00:00-00:00,2025-06-20T15:00:00-00:00,2025-06-20,8,0,Hourly,RU,AS_CAISO,DAM,RU_CLR_PRC,0,2
2025-06-20T09:00:00-00:00,2025-06-20T10:00:00-00:00,2025-06-20,3,0,Hourly,RU,AS_NP26,DAM,RU_CLR_PRC,0,2
2025-06-20T10:00:00-00:00,2025-06-20T11:00:00-00:00,2025-06-20,4,0,Hourly,RU,AS_NP26_EXP,DAM,RU_CLR_PRC,0.57,2
2025-06-20T10:00:00-00:00,2025-06-20T11:00:00-00:00,2025-06-20,4,0,Hourly,RU,AS_SP26,DAM,RU_CLR_PRC,0,2
2025-06-20T10:00:00-00:00,2025-06-20T11:00:00-00:00,2025-06-20,4,0,Hourly,RU,AS_SP26_EXP,DAM,RU_CLR_PRC,0,2
2025-06-20T11:00:00-00:00,2025-06-20T12:00:00-00:00,2025-06-20,5,0,Hourly,RU,AS_CAISO,DAM,RU_CLR_PRC,0,2
2025-06-20T11:00:00-00:00,2025-06-20T12:00:00-00:00,2025-06-20,5,0,Hourly,RU,AS_NP26_EXP,DAM,RU_CLR_PRC,0.3,2
2025-06-20T12:00:00-00:00,2025-06-20T13:00:00-00:00,2025-06-20,6,0,Hourly,RU,AS_CAISO,DAM,RU_CLR_PRC,0,2
2025-06-20T12:00:00-00:00,2025-06-20T13:00:00-00:00,2025-06-20,6,0,Hourly,RU,AS_NP26_EXP,DAM,RU_CLR_PRC,0,2
2025-06-20T14:00:00-00:00,2025-06-20T15:00:00-00:00,2025-06-20,8,0,Hourly,RU,AS_NP26,DAM,RU_CLR_PRC,0,2
2025-06-20T14:00:00-00:00,2025-06-20T15:00:00-00:00,2025-06-20,8,0,Hourly,RU,AS_SP26_EXP,DAM,RU_CLR_PRC,0,2
2025-06-20T15:00:00-00:00,2025-06-20T16:00:00-00:00,2025-06-20,9,0,Hourly,RU,AS_NP26,DAM,RU_CLR_PRC,0,2
2025-06-20T21:00:00-00:00,2025-06-20T22:00:00-00:00,2025-06-20,15,0,Hourly,RU,AS_CAISO_EXP,DAM,RU_CLR_PRC,1.29125,2
2025-06-20T23:00:00-00:00,2025-06-21T00:00:00-00:00,2025-06-20,17,0,Hourly,RU,AS_NP26_EXP,DAM,RU_CLR_PRC,3.68241,2
2025-06-21T00:00:00-00:00,2025-06-21T01:00:00-00:00,2025-06-20,18,0,Hourly,RU,AS_CAISO,DAM,RU_CLR_PRC,0,2
2025-06-21T01:00:00-00:00,2025-06-21T02:00:00-00:00,2025-06-20,19,0,Hourly,RU,AS_NP26,DAM,RU_CLR_PRC,0,2
2025-06-21T01:00:00-00:00,2025-06-21T02:00:00-00:00,2025-06-20,19,0,Hourly,RU,AS_SP26_EXP,DAM,RU_CLR_PRC,0,2
2025-06-21T02:00:00-00:00,2025-06-21T03:00:00-00:00,2025-06-20,20,0,Hourly,RU,AS_SP26_EXP,DAM,RU_CLR_PRC,0,2
2025-06-21T05:00:00-00:00,2025-06-21T06:00:00-00:00,2025-06-20,23,0,Hourly,RU,AS_CAISO,DAM,RU_CLR_PRC,0,2
2025-06-21T05:00:00-00:00,2025-06-21T06:00:00-00:00,2025-06-20,23,0,Hourly,RU,AS_SP26,DAM,RU_CLR_PRC,0,2
2025-06-21T06:00:00-00:00,2025-06-21T07:00:00-00:00,2025-06-20,24,0,Hourly,RU,AS_CAISO,DAM,RU_CLR_PRC,0,2
2025-06-21T06:00:00-00:00,2025-06-21T07:00:00-00:00,2025-06-20,24,0,Hourly,RU,AS_CAISO_EXP,DAM,RU_CLR_PRC,4.26,2
2025-06-21T06:00:00-00:00,2025-06-21T07:00:00-00:00,2025-06-20,24,0,Hourly,RU,AS_NP26,DAM,RU_CLR_PRC,0,2
2025-06-20T09:00:00-00:00,2025-06-20T10:00:00-00:00,2025-06-20,3,0,Hourly,RU,AS_NP26_EXP,DAM,RU_CLR_PRC,0.49,2
2025-06-20T09:00:00-00:00,2025-06-20T10:00:00-00:00,2025-06-20,3,0,Hourly,RU,AS_SP26_EXP,DAM,RU_CLR_PRC,0,2
2025-06-20T13:00:00-00:00,2025-06-20T14:00:00-00:00,2025-06-20,7,0,Hourly,RU,AS_CAISO_EXP,DAM,RU_CLR_PRC,4.965,2
2025-06-20T13:00:00-00:00,2025-06-20T14:00:00-00:00,2025-06-20,7,0,Hourly,RU,AS_SP26_EXP,DAM,RU_CLR_PRC,0,2
2025-06-20T16:00:00-00:00,2025-06-20T17:00:00-00:00,2025-06-20,10,0,Hourly,RU,AS_CAISO,DAM,RU_CLR_PRC,0,2
2025-06-20T17:00:00-00:00,2025-06-20T18:00:00-00:00,2025-06-20,11,0,Hourly,RU,AS_NP26,DAM,RU_CLR_PRC,0,2
2025-06-20T17:00:00-00:00,2025-06-20T18:00:00-00:00,2025-06-20,11,0,Hourly,RU,AS_SP26,DAM,RU_CLR_PRC,0,2
2025-06-20T19:00:00-00:00,2025-06-20T20:00:00-00:00,2025-06-20,13,0,Hourly,RU,AS_NP26,DAM,RU_CLR_PRC,0,2
2025-06-20T22:00:00-00:00,2025-06-20T23:00:00-00:00,2025-06-20,16,0,Hourly,RU,AS_CAISO,DAM,RU_CLR_PRC,0,2
2025-06-20T22:00:00-00:00,2025-06-20T23:00:00-00:00,2025-06-20,16,0,Hourly,RU,AS_NP26,DAM,RU_CLR_PRC,0,2
2025-06-20T23:00:00-00:00,2025-06-21T00:00:00-00:00,2025-06-20,17,0,Hourly,RU,AS_CAISO,DAM,RU_CLR_PRC,0,2
2025-06-20T23:00:00-00:00,2025-06-21T00:00:00-00:00,2025-06-20,17,0,Hourly,RU,AS_CAISO_EXP,DAM,RU_CLR_PRC,1.17847,2
2025-06-20T23:00:00-00:00,2025-06-21T00:00:00-00:00,2025-06-20,17,0,Hourly,RU,AS_SP26_EXP,DAM,RU_CLR_PRC,0,2
2025-06-21T02:00:00-00:00,2025-06-21T03:00:00-00:00,2025-06-20,20,0,Hourly,RU,AS_CAISO,DAM,RU_CLR_PRC,0,2
2025-06-21T04:00:00-00:00,2025-06-21T05:00:00-00:00,2025-06-20,22,0,Hourly,RU,AS_SP26_EXP,DAM,RU_CLR_PRC,0,2
2025-06-21T06:00:00-00:00,2025-06-21T07:00:00-00:00,2025-06-20,24,0,Hourly,RU,AS_NP26_EXP,DAM,RU_CLR_PRC,0.74,2
2025-06-20T10:00:00-00:00,2025-06-20T11:00:00-00:00,2025-06-20,4,0,Hourly,RU,AS_CAISO,DAM,RU_CLR_PRC,0,2
2025-06-20T11:00:00-00:00,2025-06-20T12:00:00-00:00,2025-06-20,5,0,Hourly,RU,AS_SP26,DAM,RU_CLR_PRC,0,2
2025-06-20T13:00:00-00:00,2025-06-20T14:00:00-00:00,2025-06-20,7,0,Hourly,RU,AS_CAISO,DAM,RU_CLR_PRC,0,2
2025-06-20T15:00:00-00:00,2025-06-20T16:00:00-00:00,2025-06-20,9,0,Hourly,RU,AS_NP26_EXP,DAM,RU_CLR_PRC,2.29079,2
2025-06-20T15:00:00-00:00,2025-06-20T16:00:00-00:00,2025-06-20,9,0,Hourly,RU,AS_SP26,DAM,RU_CLR_PRC,0,2
2025-06-20T16:00:00-00:00,2025-06-20T17:00:00-00:00,2025-06-20,10,0,Hourly,RU,AS_SP26,DAM,RU_CLR_PRC,0,2
2025-06-20T17:00:00-00:00,2025-06-20T18:00:00-00:00,2025-06-20,11,0,Hourly,RU,AS_NP26_EXP,DAM,RU_CLR_PRC,2.49443,2
2025-06-20T17:00:00-00:00,2025-06-20T18:00:00-00:00,2025-06-20,11,0,Hourly,RU,AS_CAISO,DAM,RU_CLR_PRC,0,2
2025-06-20T19:00:00-00:00,2025-06-20T20:00:00-00:00,2025-06-20,13,0,Hourly,RU,AS_CAISO,DAM,RU_CLR_PRC,0,2
2025-06-20T19:00:00-00:00,2025-06-20T20:00:00-00:00,2025-06-20,13,0,Hourly,RU,AS_CAISO_EXP,DAM,RU_CLR_PRC,0.73059,2
2025-06-20T21:00:00-00:00,2025-06-20T22:00:00-00:00,2025-06-20,15,0,Hourly,RU,AS_CAISO,DAM,RU_CLR_PRC,0,2
2025-06-20T22:00:00-00:00,2025-06-20T23:00:00-00:00,2025-06-20,16,0,Hourly,RU,AS_CAISO_EXP,DAM,RU_CLR_PRC,1.27137,2
2025-06-21T00:00:00-00:00,2025-06-21T01:00:00-00:00,2025-06-20,18,0,Hourly,RU,AS_CAISO_EXP,DAM,RU_CLR_PRC,3.11157,2
2025-06-21T00:00:00-00:00,2025-06-21T01:00:00-00:00,2025-06-20,18,0,Hourly,RU,AS_NP26,DAM,RU_CLR_PRC,0,2
2025-06-21T03:00:00-00:00,2025-06-21T04:00:00-00:00,2025-06-20,21,0,Hourly,RU,AS_NP26_EXP,DAM,RU_CLR_PRC,4.27,2
2025-06-21T06:00:00-00:00,2025-06-21T07:00:00-00:00,2025-06-20,24,0,Hourly,RU,AS_SP26,DAM,RU_CLR_PRC,0,2
2025-06-20T07:00:00-00:00,2025-06-20T08:00:00-00:00,2025-06-20,1,0,Hourly,RU,AS_CAISO,DAM,RU_CLR_PRC,0,2
2025-06-20T07:00:00-00:00,2025-06-20T08:00:00-00:00,2025-06-20,1,0,Hourly,RU,AS_CAISO_EXP,DAM,RU_CLR_PRC,1.76201,2
2025-06-20T08:00:00-00:00,2025-06-20T09:00:00-00:00,2025-06-20,2,0,Hourly,RU,AS_NP26_EXP,DAM,RU_CLR_PRC,1.41,2
2025-06-20T07:00:00-00:00,2025-06-20T08:00:00-00:00,2025-06-20,1,0,Hourly,RU,AS_NP26,DAM,RU_CLR_PRC,0,2
2025-06-20T07:00:00-00:00,2025-06-20T08:00:00-00:00,2025-06-20,1,0,Hourly,RU,AS_SP26_EXP,DAM,RU_CLR_PRC,0,2
2025-06-20T08:00:00-00:00,2025-06-20T09:00:00-00:00,2025-06-20,2,0,Hourly,RU,AS_CAISO_EXP,DAM,RU_CLR_PRC,0.82,2
2025-06-20T09:00:00-00:00,2025-06-20T10:00:00-00:00,2025-06-20,3,0,Hourly,RU,AS_CAISO_EXP,DAM,RU_CLR_PRC,1,2
2025-06-20T11:00:00-00:00,2025-06-20T12:00:00-00:00,2025-06-20,5,0,Hourly,RU,AS_NP26,DAM,RU_CLR_PRC,0,2
2025-06-20T12:00:00-00:00,2025-06-20T13:00:00-00:00,2025-06-20,6,0,Hourly,RU,AS_SP26_EXP,DAM,RU_CLR_PRC,0,2
2025-06-20T14:00:00-00:00,2025-06-20T15:00:00-00:00,2025-06-20,8,0,Hourly,RU,AS_SP26,DAM,RU_CLR_PRC,0,2
2025-06-20T15:00:00-00:00,2025-06-20T16:00:00-00:00,2025-06-20,9,0,Hourly,RU,AS_CAISO_EXP,DAM,RU_CLR_PRC,2.39998,2
2025-06-20T19:00:00-00:00,2025-06-20T20:00:00-00:00,2025-06-20,13,0,Hourly,RU,AS_NP26_EXP,DAM,RU_CLR_PRC,1.83197,2
2025-06-20T20:00:00-00:00,2025-06-20T21:00:00-00:00,2025-06-20,14,0,Hourly,RU,AS_CAISO,DAM,RU_CLR_PRC,0,2
2025-06-20T20:00:00-00:00,2025-06-20T21:00:00-00:00,2025-06-20,14,0,Hourly,RU,AS_CAISO_EXP,DAM,RU_CLR_PRC,1.28131,2
2025-06-20T21:00:00-00:00,2025-06-20T22:00:00-00:00,2025-06-20,15,0,Hourly,RU,AS_NP26_EXP,DAM,RU_CLR_PRC,3.48222,2
2025-06-20T23:00:00-00:00,2025-06-21T00:00:00-00:00,2025-06-20,17,0,Hourly,RU,AS_NP26,DAM,RU_CLR_PRC,0,2
2025-06-21T00:00:00-00:00,2025-06-21T01:00:00-00:00,2025-06-20,18,0,Hourly,RU,AS_SP26_EXP,DAM,RU_CLR_PRC,0,2
2025-06-21T01:00:00-00:00,2025-06-21T02:00:00-00:00,2025-06-20,19,0,Hourly,RU,AS_CAISO_EXP,DAM,RU_CLR_PRC,4.39731,2
2025-06-21T02:00:00-00:00,2025-06-21T03:00:00-00:00,2025-06-20,20,0,Hourly,RU,AS_NP26_EXP,DAM,RU_CLR_PRC,3.88917,2
2025-06-21T04:00:00-00:00,2025-06-21T05:00:00-00:00,2025-06-20,22,0,Hourly,RU,AS_CAISO_EXP,DAM,RU_CLR_PRC,3.2319,2
2025-06-21T05:00:00-00:00,2025-06-21T06:00:00-00:00,2025-06-20,23,0,Hourly,RU,AS_SP26_EXP,DAM,RU_CLR_PRC,0,2
2025-06-20T07:00:00-00:00,2025-06-20T08:00:00-00:00,2025-06-20,1,0,Hourly,RU,AS_SP26,DAM,RU_CLR_PRC,0,2
2025-06-20T10:00:00-00:00,2025-06-20T11:00:00-00:00,2025-06-20,4,0,Hourly,RU,AS_CAISO_EXP,DAM,RU_CLR_PRC,0.82,2
2025-06-20T11:00:00-00:00,2025-06-20T12:00:00-00:00,2025-06-20,5,0,Hourly,RU,AS_CAISO_EXP,DAM,RU_CLR_PRC,1,2
2025-06-20T11:00:00-00:00,2025-06-20T12:00:00-00:00,2025-06-20,5,0,Hourly,RU,AS_SP26_EXP,DAM,RU_CLR_PRC,0,2
2025-06-20T12:00:00-00:00,2025-06-20T13:00:00-00:00,2025-06-20,6,0,Hourly,RU,AS_SP26,DAM,RU_CLR_PRC,0,2
2025-06-20T16:00:00-00:00,2025-06-20T17:00:00-00:00,2025-06-20,10,0,Hourly,RU,AS_NP26,DAM,RU_CLR_PRC,0,2
2025-06-20T19:00:00-00:00,2025-06-20T20:00:00-00:00,2025-06-20,13,0,Hourly,RU,AS_SP26_EXP,DAM,RU_CLR_PRC,0,2
2025-06-20T20:00:00-00:00,2025-06-20T21:00:00-00:00,2025-06-20,14,0,Hourly,RU,AS_SP26,DAM,RU_CLR_PRC,0,2
2025-06-20T20:00:00-00:00,2025-06-20T21:00:00-00:00,2025-06-20,14,0,Hourly,RU,AS_SP26_EXP,DAM,RU_CLR_PRC,0,2
2025-06-21T02:00:00-00:00,2025-06-21T03:00:00-00:00,2025-06-20,20,0,Hourly,RU,AS_SP26,DAM,RU_CLR_PRC,0,2
2025-06-21T03:00:00-00:00,2025-06-21T04:00:00-00:00,2025-06-20,21,0,Hourly,RU,AS_SP26,DAM,RU_CLR_PRC,0,2
2025-06-21T05:00:00-00:00,2025-06-21T06:00:00-00:00,2025-06-20,23,0,Hourly,RU,AS_NP26,DAM,RU_CLR_PRC,0,2
2025-06-21T05:00:00-00:00,2025-06-21T06:00:00-00:00,2025-06-20,23,0,Hourly,RU,AS_NP26_EXP,DAM,RU_CLR_PRC,2.96531,2
2025-06-21T06:00:00-00:00,2025-06-21T07:00:00-00:00,2025-06-20,24,0,Hourly,RU,AS_SP26_EXP,DAM,RU_CLR_PRC,0,2
2025-06-20T08:00:00-00:00,2025-06-20T09:00:00-00:00,2025-06-20,2,0,Hourly,RU,AS_CAISO,DAM,RU_CLR_PRC,0,2
2025-06-20T08:00:00-00:00,2025-06-20T09:00:00-00:00,2025-06-20,2,0,Hourly,RU,AS_NP26,DAM,RU_CLR_PRC,0,2
2025-06-20T08:00:00-00:00,2025-06-20T09:00:00-00:00,2025-06-20,2,0,Hourly,RU,AS_SP26,DAM,RU_CLR_PRC,0,2
2025-06-20T12:00:00-00:00,2025-06-20T13:00:00-00:00,2025-06-20,6,0,Hourly,RU,AS_CAISO_EXP,DAM,RU_CLR_PRC,3.08383,2
2025-06-20T13:00:00-00:00,2025-06-20T14:00:00-00:00,2025-06-20,7,0,Hourly,RU,AS_NP26,DAM,RU_CLR_PRC,0,2
2025-06-20T15:00:00-00:00,2025-06-20T16:00:00-00:00,2025-06-20,9,0,Hourly,RU,AS_CAISO,DAM,RU_CLR_PRC,0,2
2025-06-20T15:00:00-00:00,2025-06-20T16:00:00-00:00,2025-06-20,9,0,Hourly,RU,AS_SP26_EXP,DAM,RU_CLR_PRC,0,2
2025-06-20T16:00:00-00:00,2025-06-20T17:00:00-00:00,2025-06-20,10,0,Hourly,RU,AS_CAISO_EXP,DAM,RU_CLR_PRC,1.62,2
2025-06-20T17:00:00-00:00,2025-06-20T18:00:00-00:00,2025-06-20,11,0,Hourly,RU,AS_CAISO_EXP,DAM,RU_CLR_PRC,0.20557,2
2025-06-20T17:00:00-00:00,2025-06-20T18:00:00-00:00,2025-06-20,11,0,Hourly,RU,AS_SP26_EXP,DAM,RU_CLR_PRC,0,2
2025-06-20T18:00:00-00:00,2025-06-20T19:00:00-00:00,2025-06-20,12,0,Hourly,RU,AS_NP26,DAM,RU_CLR_PRC,0,2
2025-06-20T21:00:00-00:00,2025-06-20T22:00:00-00:00,2025-06-20,15,0,Hourly,RU,AS_NP26,DAM,RU_CLR_PRC,0,2
2025-06-20T21:00:00-00:00,2025-06-20T22:00:00-00:00,2025-06-20,15,0,Hourly,RU,AS_SP26_EXP,DAM,RU_CLR_PRC,0,2
2025-06-20T23:00:00-00:00,2025-06-21T00:00:00-00:00,2025-06-20,17,0,Hourly,RU,AS_SP26,DAM,RU_CLR_PRC,0,2
2025-06-21T00:00:00-00:00,2025-06-21T01:00:00-00:00,2025-06-20,18,0,Hourly,RU,AS_SP26,DAM,RU_CLR_PRC,0,2
2025-06-21T01:00:00-00:00,2025-06-21T02:00:00-00:00,2025-06-20,19,0,Hourly,RU,AS_NP26_EXP,DAM,RU_CLR_PRC,3.60269,2
2025-06-21T03:00:00-00:00,2025-06-21T04:00:00-00:00,2025-06-20,21,0,Hourly,RU,AS_CAISO,DAM,RU_CLR_PRC,0,2
2025-06-21T03:00:00-00:00,2025-06-21T04:00:00-00:00,2025-06-20,21,0,Hourly,RU,AS_CAISO_EXP,DAM,RU_CLR_PRC,3.07,2
2025-06-21T04:00:00-00:00,2025-06-21T05:00:00-00:00,2025-06-20,22,0,Hourly,RU,AS_CAISO,DAM,RU_CLR_PRC,0,2
2025-06-21T04:00:00-00:00,2025-06-21T05:00:00-00:00,2025-06-20,22,0,Hourly,RU,AS_NP26,DAM,RU_CLR_PRC,0,2
2025-06-20T16:00:00-00:00,2025-06-20T17:00:00-00:00,2025-06-20,10,0,Hourly,RU,AS_SP26_EXP,DAM,RU_CLR_PRC,0,2
2025-06-20T18:00:00-00:00,2025-06-20T19:00:00-00:00,2025-06-20,12,0,Hourly,RU,AS_CAISO_EXP,DAM,RU_CLR_PRC,0.17,2
2025-06-20T18:00:00-00:00,2025-06-20T19:00:00-00:00,2025-06-20,12,0,Hourly,RU,AS_NP26_EXP,DAM,RU_CLR_PRC,0.88129,2
2025-06-20T18:00:00-00:00,2025-06-20T19:00:00-00:00,2025-06-20,12,0,Hourly,RU,AS_SP26,DAM,RU_CLR_PRC,0,2
2025-06-20T19:00:00-00:00,2025-06-20T20:00:00-00:00,2025-06-20,13,0,Hourly,RU,AS_SP26,DAM,RU_CLR_PRC,0,2
2025-06-20T20:00:00-00:00,2025-06-20T21:00:00-00:00,2025-06-20,14,0,Hourly,RU,AS_NP26,DAM,RU_CLR_PRC,0,2
2025-06-20T20:00:00-00:00,2025-06-20T21:00:00-00:00,2025-06-20,14,0,Hourly,RU,AS_NP26_EXP,DAM,RU_CLR_PRC,3.48137,2
2025-06-20T22:00:00-00:00,2025-06-20T23:00:00-00:00,2025-06-20,16,0,Hourly,RU,AS_NP26_EXP,DAM,RU_CLR_PRC,1.76852,2
2025-06-20T22:00:00-00:00,2025-06-20T23:00:00-00:00,2025-06-20,16,0,Hourly,RU,AS_SP26_EXP,DAM,RU_CLR_PRC,0,2
2025-06-21T01:00:00-00:00,2025-06-21T02:00:00-00:00,2025-06-20,19,0,Hourly,RU,AS_CAISO,DAM,RU_CLR_PRC,0,2
2025-06-21T03:00:00-00:00,2025-06-21T04:00:00-00:00,2025-06-20,21,0,Hourly,RU,AS_SP26_EXP,DAM,RU_CLR_PRC,0,2
2025-06-21T04:00:00-00:00,2025-06-21T05:00:00-00:00,2025-06-20,22,0,Hourly,RU,AS_NP26_EXP,DAM,RU_CLR_PRC,2.7681,2
2025-06-21T16:00:00-00:00,2025-06-21T17:00:00-00:00,2025-06-21,10,0,Hourly,RU,AS_NP26_EXP,DAM,RU_CLR_PRC,0.13,3
2025-06-21T17:00:00-00:00,2025-06-21T18:00:00-00:00,2025-06-21,11,0,Hourly,RU,AS_CAISO,DAM,RU_CLR_PRC,0,3
2025-06-21T17:00:00-00:00,2025-06-21T18:00:00-00:00,2025-06-21,11,0,Hourly,RU,AS_NP26,DAM,RU_CLR_PRC,0,3
2025-06-21T19:00:00-00:00,2025-06-21T20:00:00-00:00,2025-06-21,13,0,Hourly,RU,AS_NP26_EXP,DAM,RU_CLR_PRC,1.92716,3
2025-06-21T20:00:00-00:00,2025-06-21T21:00:00-00:00,2025-06-21,14,0,Hourly,RU,AS_NP26,DAM,RU_CLR_PRC,0,3
2025-06-21T21:00:00-00:00,2025-06-21T22:00:00-00:00,2025-06-21,15,0,Hourly,RU,AS_NP26,DAM,RU_CLR_PRC,0,3
2025-06-21T23:00:00-00:00,2025-06-22T00:00:00-00:00,2025-06-21,17,0,Hourly,RU,AS_NP26,DAM,RU_CLR_PRC,0,3
2025-06-21T23:00:00-00:00,2025-06-22T00:00:00-00:00,2025-06-21,17,0,Hourly,RU,AS_SP26,DAM,RU_CLR_PRC,0,3
2025-06-22T00:00:00-00:00,2025-06-22T01:00:00-00:00,2025-06-21,18,0,Hourly,RU,AS_NP26_EXP,DAM,RU_CLR_PRC,2.13178,3
2025-06-22T00:00:00-00:00,2025-06-22T01:00:00-00:00,2025-06-21,18,0,Hourly,RU,AS_SP26_EXP,DAM,RU_CLR_PRC,0,3
2025-06-22T01:00:00-00:00,2025-06-22T02:00:00-00:00,2025-06-21,19,0,Hourly,RU,AS_CAISO,DAM,RU_CLR_PRC,0,3
2025-06-22T01:00:00-00:00,2025-06-22T02:00:00-00:00,2025-06-21,19,0,Hourly,RU,AS_NP26,DAM,RU_CLR_PRC,0,3
2025-06-22T02:00:00-00:00,2025-06-22T03:00:00-00:00,2025-06-21,20,0,Hourly,RU,AS_CAISO_EXP,DAM,RU_CLR_PRC,0.96,3
2025-06-22T04:00:00-00:00,2025-06-22T05:00:00-00:00,2025-06-21,22,0,Hourly,RU,AS_SP26,DAM,RU_CLR_PRC,0,3
2025-06-22T04:00:00-00:00,2025-06-22T05:00:00-00:00,2025-06-21,22,0,Hourly,RU,AS_SP26_EXP,DAM,RU_CLR_PRC,0,3
2025-06-22T05:00:00-00:00,2025-06-22T06:00:00-00:00,2025-06-21,23,0,Hourly,RU,AS_SP26_EXP,DAM,RU_CLR_PRC,0,3
2025-06-22T06:00:00-00:00,2025-06-22T07:00:00-00:00,2025-06-21,24,0,Hourly,RU,AS_CAISO,DAM,RU_CLR_PRC,0,3
2025-06-22T06:00:00-00:00,2025-06-22T07:00:00-00:00,2025-06-21,24,0,Hourly,RU,AS_NP26,DAM,RU_CLR_PRC,0,3
2025-06-21T07:00:00-00:00,2025-06-21T08:00:00-00:00,2025-06-21,1,0,Hourly,RU,AS_NP26,DAM,RU_CLR_PRC,0,3
2025-06-21T09:00:00-00:00,2025-06-21T10:00:00-00:00,2025-06-21,3,0,Hourly,RU,AS_CAISO_EXP,DAM,RU_CLR_PRC,1.48614,3
2025-06-21T11:00:00-00:00,2025-06-21T12:00:00-00:00,2025-06-21,5,0,Hourly,RU,AS_CAISO_EXP,DAM,RU_CLR_PRC,1.48161,3
2025-06-21T12:00:00-00:00,2025-06-21T13:00:00-00:00,2025-06-21,6,0,Hourly,RU,AS_SP26_EXP,DAM,RU_CLR_PRC,0,3
2025-06-21T13:00:00-00:00,2025-06-21T14:00:00-00:00,2025-06-21,7,0,Hourly,RU,AS_CAISO_EXP,DAM,RU_CLR_PRC,8,3
2025-06-22T00:00:00-00:00,2025-06-22T01:00:00-00:00,2025-06-21,18,0,Hourly,RU,AS_CAISO,DAM,RU_CLR_PRC,0,3
2025-06-22T03:00:00-00:00,2025-06-22T04:00:00-00:00,2025-06-21,21,0,Hourly,RU,AS_NP26,DAM,RU_CLR_PRC,0,3
2025-06-22T06:00:00-00:00,2025-06-22T07:00:00-00:00,2025-06-21,24,0,Hourly,RU,AS_CAISO_EXP,DAM,RU_CLR_PRC,4.66,3
2025-06-22T06:00:00-00:00,2025-06-22T07:00:00-00:00,2025-06-21,24,0,Hourly,RU,AS_NP26_EXP,DAM,RU_CLR_PRC,0.63238,3
2025-06-21T07:00:00-00:00,2025-06-21T08:00:00-00:00,2025-06-21,1,0,Hourly,RU,AS_NP26_EXP,DAM,RU_CLR_PRC,0,3
2025-06-21T09:00:00-00:00,2025-06-21T10:00:00-00:00,2025-06-21,3,0,Hourly,RU,AS_NP26,DAM,RU_CLR_PRC,0,3
2025-06-21T12:00:00-00:00,2025-06-21T13:00:00-00:00,2025-06-21,6,0,Hourly,RU,AS_NP26_EXP,DAM,RU_CLR_PRC,0,3
2025-06-21T13:00:00-00:00,2025-06-21T14:00:00-00:00,2025-06-21,7,0,Hourly,RU,AS_NP26,DAM,RU_CLR_PRC,0,3
2025-06-21T13:00:00-00:00,2025-06-21T14:00:00-00:00,2025-06-21,7,0,Hourly,RU,AS_NP26_EXP,DAM,RU_CLR_PRC,0,3
2025-06-21T14:00:00-00:00,2025-06-21T15:00:00-00:00,2025-06-21,8,0,Hourly,RU,AS_SP26,DAM,RU_CLR_PRC,0,3
2025-06-21T16:00:00-00:00,2025-06-21T17:00:00-00:00,2025-06-21,10,0,Hourly,RU,AS_SP26_EXP,DAM,RU_CLR_PRC,0,3
2025-06-21T18:00:00-00:00,2025-06-21T19:00:00-00:00,2025-06-21,12,0,Hourly,RU,AS_NP26_EXP,DAM,RU_CLR_PRC,1.48873,3
2025-06-21T18:00:00-00:00,2025-06-21T19:00:00-00:00,2025-06-21,12,0,Hourly,RU,AS_SP26_EXP,DAM,RU_CLR_PRC,0,3
2025-06-21T22:00:00-00:00,2025-06-21T23:00:00-00:00,2025-06-21,16,0,Hourly,RU,AS_NP26_EXP,DAM,RU_CLR_PRC,1.92935,3
2025-06-21T22:00:00-00:00,2025-06-21T23:00:00-00:00,2025-06-21,16,0,Hourly,RU,AS_SP26_EXP,DAM,RU_CLR_PRC,0,3
2025-06-22T04:00:00-00:00,2025-06-22T05:00:00-00:00,2025-06-21,22,0,Hourly,RU,AS_NP26,DAM,RU_CLR_PRC,0,3
2025-06-21T08:00:00-00:00,2025-06-21T09:00:00-00:00,2025-06-21,2,0,Hourly,RU,AS_SP26_EXP,DAM,RU_CLR_PRC,0,3
2025-06-21T09:00:00-00:00,2025-06-21T10:00:00-00:00,2025-06-21,3,0,Hourly,RU,AS_SP26_EXP,DAM,RU_CLR_PRC,0,3
2025-06-21T10:00:00-00:00,2025-06-21T11:00:00-00:00,2025-06-21,4,0,Hourly,RU,AS_NP26,DAM,RU_CLR_PRC,0,3
2025-06-21T10:00:00-00:00,2025-06-21T11:00:00-00:00,2025-06-21,4,0,Hourly,RU,AS_SP26_EXP,DAM,RU_CLR_PRC,0,3
2025-06-21T13:00:00-00:00,2025-06-21T14:00:00-00:00,2025-06-21,7,0,Hourly,RU,AS_CAISO,DAM,RU_CLR_PRC,0,3
2025-06-21T14:00:00-00:00,2025-06-21T15:00:00-00:00,2025-06-21,8,0,Hourly,RU,AS_CAISO_EXP,DAM,RU_CLR_PRC,4.35316,3
2025-06-21T15:00:00-00:00,2025-06-21T16:00:00-00:00,2025-06-21,9,0,Hourly,RU,AS_SP26_EXP,DAM,RU_CLR_PRC,0,3
2025-06-21T16:00:00-00:00,2025-06-21T17:00:00-00:00,2025-06-21,10,0,Hourly,RU,AS_CAISO_EXP,DAM,RU_CLR_PRC,3.8498,3
2025-06-21T17:00:00-00:00,2025-06-21T18:00:00-00:00,2025-06-21,11,0,Hourly,RU,AS_CAISO_EXP,DAM,RU_CLR_PRC,2.27106,3
2025-06-21T18:00:00-00:00,2025-06-21T19:00:00-00:00,2025-06-21,12,0,Hourly,RU,AS_CAISO,DAM,RU_CLR_PRC,0,3
2025-06-21T21:00:00-00:00,2025-06-21T22:00:00-00:00,2025-06-21,15,0,Hourly,RU,AS_SP26,DAM,RU_CLR_PRC,0,3
2025-06-21T22:00:00-00:00,2025-06-21T23:00:00-00:00,2025-06-21,16,0,Hourly,RU,AS_NP26,DAM,RU_CLR_PRC,0,3
2025-06-22T00:00:00-00:00,2025-06-22T01:00:00-00:00,2025-06-21,18,0,Hourly,RU,AS_NP26,DAM,RU_CLR_PRC,0,3
2025-06-22T02:00:00-00:00,2025-06-22T03:00:00-00:00,2025-06-21,20,0,Hourly,RU,AS_CAISO,DAM,RU_CLR_PRC,0,3
2025-06-22T02:00:00-00:00,2025-06-22T03:00:00-00:00,2025-06-21,20,0,Hourly,RU,AS_NP26,DAM,RU_CLR_PRC,0,3
2025-06-22T03:00:00-00:00,2025-06-22T04:00:00-00:00,2025-06-21,21,0,Hourly,RU,AS_CAISO_EXP,DAM,RU_CLR_PRC,1.55,3
2025-06-22T05:00:00-00:00,2025-06-22T06:00:00-00:00,2025-06-21,23,0,Hourly,RU,AS_CAISO_EXP,DAM,RU_CLR_PRC,0.54739,3
2025-06-22T05:00:00-00:00,2025-06-22T06:00:00-00:00,2025-06-21,23,0,Hourly,RU,AS_NP26_EXP,DAM,RU_CLR_PRC,2.87803,3
2025-06-21T09:00:00-00:00,2025-06-21T10:00:00-00:00,2025-06-21,3,0,Hourly,RU,AS_SP26,DAM,RU_CLR_PRC,0,3
2025-06-21T10:00:00-00:00,2025-06-21T11:00:00-00:00,2025-06-21,4,0,Hourly,RU,AS_CAISO,DAM,RU_CLR_PRC,0,3
2025-06-21T14:00:00-00:00,2025-06-21T15:00:00-00:00,2025-06-21,8,0,Hourly,RU,AS_NP26,DAM,RU_CLR_PRC,0,3
2025-06-21T15:00:00-00:00,2025-06-21T16:00:00-00:00,2025-06-21,9,0,Hourly,RU,AS_CAISO,DAM,RU_CLR_PRC,0,3
2025-06-21T15:00:00-00:00,2025-06-21T16:00:00-00:00,2025-06-21,9,0,Hourly,RU,AS_SP26,DAM,RU_CLR_PRC,0,3
2025-06-21T19:00:00-00:00,2025-06-21T20:00:00-00:00,2025-06-21,13,0,Hourly,RU,AS_SP26_EXP,DAM,RU_CLR_PRC,0,3
2025-06-21T20:00:00-00:00,2025-06-21T21:00:00-00:00,2025-06-21,14,0,Hourly,RU,AS_CAISO_EXP,DAM,RU_CLR_PRC,2.72196,3
2025-06-21T20:00:00-00:00,2025-06-21T21:00:00-00:00,2025-06-21,14,0,Hourly,RU,AS_NP26_EXP,DAM,RU_CLR_PRC,0.36627,3
2025-06-21T21:00:00-00:00,2025-06-21T22:00:00-00:00,2025-06-21,15,0,Hourly,RU,AS_CAISO,DAM,RU_CLR_PRC,0,3
2025-06-21T21:00:00-00:00,2025-06-21T22:00:00-00:00,2025-06-21,15,0,Hourly,RU,AS_NP26_EXP,DAM,RU_CLR_PRC,0.13,3
2025-06-21T22:00:00-00:00,2025-06-21T23:00:00-00:00,2025-06-21,16,0,Hourly,RU,AS_CAISO_EXP,DAM,RU_CLR_PRC,2,3
2025-06-21T23:00:00-00:00,2025-06-22T00:00:00-00:00,2025-06-21,17,0,Hourly,RU,AS_CAISO,DAM,RU_CLR_PRC,0,3
2025-06-22T01:00:00-00:00,2025-06-22T02:00:00-00:00,2025-06-21,19,0,Hourly,RU,AS_NP26_EXP,DAM,RU_CLR_PRC,7.83,3
2025-06-22T01:00:00-00:00,2025-06-22T02:00:00-00:00,2025-06-21,19,0,Hourly,RU,AS_SP26,DAM,RU_CLR_PRC,0,3
2025-06-22T02:00:00-00:00,2025-06-22T03:00:00-00:00,2025-06-21,20,0,Hourly,RU,AS_SP26,DAM,RU_CLR_PRC,0,3
2025-06-22T06:00:00-00:00,2025-06-22T07:00:00-00:00,2025-06-21,24,0,Hourly,RU,AS_SP26,DAM,RU_CLR_PRC,0,3
2025-06-22T06:00:00-00:00,2025-06-22T07:00:00-00:00,2025-06-21,24,0,Hourly,RU,AS_SP26_EXP,DAM,RU_CLR_PRC,0,3
2025-06-21T08:00:00-00:00,2025-06-21T09:00:00-00:00,2025-06-21,2,0,Hourly,RU,AS_CAISO,DAM,RU_CLR_PRC,0,3
2025-06-21T08:00:00-00:00,2025-06-21T09:00:00-00:00,2025-06-21,2,0,Hourly,RU,AS_NP26,DAM,RU_CLR_PRC,0,3
2025-06-21T11:00:00-00:00,2025-06-21T12:00:00-00:00,2025-06-21,5,0,Hourly,RU,AS_NP26_EXP,DAM,RU_CLR_PRC,0,3
2025-06-21T11:00:00-00:00,2025-06-21T12:00:00-00:00,2025-06-21,5,0,Hourly,RU,AS_SP26,DAM,RU_CLR_PRC,0,3
2025-06-21T14:00:00-00:00,2025-06-21T15:00:00-00:00,2025-06-21,8,0,Hourly,RU,AS_NP26_EXP,DAM,RU_CLR_PRC,0,3
2025-06-21T15:00:00-00:00,2025-06-21T16:00:00-00:00,2025-06-21,9,0,Hourly,RU,AS_NP26_EXP,DAM,RU_CLR_PRC,2.25474,3
2025-06-21T07:00:00-00:00,2025-06-21T08:00:00-00:00,2025-06-21,1,0,Hourly,RU,AS_SP26_EXP,DAM,RU_CLR_PRC,0,3
2025-06-21T09:00:00-00:00,2025-06-21T10:00:00-00:00,2025-06-21,3,0,Hourly,RU,AS_NP26_EXP,DAM,RU_CLR_PRC,0,3
2025-06-21T10:00:00-00:00,2025-06-21T11:00:00-00:00,2025-06-21,4,0,Hourly,RU,AS_CAISO_EXP,DAM,RU_CLR_PRC,1.48161,3
2025-06-21T11:00:00-00:00,2025-06-21T12:00:00-00:00,2025-06-21,5,0,Hourly,RU,AS_CAISO,DAM,RU_CLR_PRC,0,3
2025-06-21T11:00:00-00:00,2025-06-21T12:00:00-00:00,2025-06-21,5,0,Hourly,RU,AS_NP26,DAM,RU_CLR_PRC,0,3
2025-06-21T11:00:00-00:00,2025-06-21T12:00:00-00:00,2025-06-21,5,0,Hourly,RU,AS_SP26_EXP,DAM,RU_CLR_PRC,0,3
2025-06-21T12:00:00-00:00,2025-06-21T13:00:00-00:00,2025-06-21,6,0,Hourly,RU,AS_CAISO,DAM,RU_CLR_PRC,0,3
2025-06-21T12:00:00-00:00,2025-06-21T13:00:00-00:00,2025-06-21,6,0,Hourly,RU,AS_NP26,DAM,RU_CLR_PRC,0,3
2025-06-21T12:00:00-00:00,2025-06-21T13:00:00-00:00,2025-06-21,6,0,Hourly,RU,AS_SP26,DAM,RU_CLR_PRC,0,3
2025-06-21T14:00:00-00:00,2025-06-21T15:00:00-00:00,2025-06-21,8,0,Hourly,RU,AS_CAISO,DAM,RU_CLR_PRC,0,3
2025-06-21T15:00:00-00:00,2025-06-21T16:00:00-00:00,2025-06-21,9,0,Hourly,RU,AS_CAISO_EXP,DAM,RU_CLR_PRC,1.66781,3
2025-06-21T16:00:00-00:00,2025-06-21T17:00:00-00:00,2025-06-21,10,0,Hourly,RU,AS_SP26,DAM,RU_CLR_PRC,0,3
2025-06-21T17:00:00-00:00,2025-06-21T18:00:00-00:00,2025-06-21,11,0,Hourly,RU,AS_SP26,DAM,RU_CLR_PRC,0,3
2025-06-21T19:00:00-00:00,2025-06-21T20:00:00-00:00,2025-06-21,13,0,Hourly,RU,AS_SP26,DAM,RU_CLR_PRC,0,3
2025-06-21T20:00:00-00:00,2025-06-21T21:00:00-00:00,2025-06-21,14,0,Hourly,RU,AS_SP26,DAM,RU_CLR_PRC,0,3
2025-06-21T20:00:00-00:00,2025-06-21T21:00:00-00:00,2025-06-21,14,0,Hourly,RU,AS_SP26_EXP,DAM,RU_CLR_PRC,0,3
2025-06-21T21:00:00-00:00,2025-06-21T22:00:00-00:00,2025-06-21,15,0,Hourly,RU,AS_SP26_EXP,DAM,RU_CLR_PRC,0,3
2025-06-21T22:00:00-00:00,2025-06-21T23:00:00-00:00,2025-06-21,16,0,Hourly,RU,AS_SP26,DAM,RU_CLR_PRC,0,3
2025-06-21T23:00:00-00:00,2025-06-22T00:00:00-00:00,2025-06-21,17,0,Hourly,RU,AS_CAISO_EXP,DAM,RU_CLR_PRC,3.26559,3
2025-06-22T00:00:00-00:00,2025-06-22T01:00:00-00:00,2025-06-21,18,0,Hourly,RU,AS_CAISO_EXP,DAM,RU_CLR_PRC,2.10616,3
2025-06-22T01:00:00-00:00,2025-06-22T02:00:00-00:00,2025-06-21,19,0,Hourly,RU,AS_SP26_EXP,DAM,RU_CLR_PRC,0,3
2025-06-22T02:00:00-00:00,2025-06-22T03:00:00-00:00,2025-06-21,20,0,Hourly,RU,AS_SP26_EXP,DAM,RU_CLR_PRC,0,3
2025-06-22T05:00:00-00:00,2025-06-22T06:00:00-00:00,2025-06-21,23,0,Hourly,RU,AS_CAISO,DAM,RU_CLR_PRC,0,3
2025-06-22T05:00:00-00:00,2025-06-22T06:00:00-00:00,2025-06-21,23,0,Hourly,RU,AS_SP26,DAM,RU_CLR_PRC,0,3
2025-06-21T07:00:00-00:00,2025-06-21T08:00:00-00:00,2025-06-21,1,0,Hourly,RU,AS_SP26,DAM,RU_CLR_PRC,0,3
2025-06-21T15:00:00-00:00,2025-06-21T16:00:00-00:00,2025-06-21,9,0,Hourly,RU,AS_NP26,DAM,RU_CLR_PRC,0,3
2025-06-21T16:00:00-00:00,2025-06-21T17:00:00-00:00,2025-06-21,10,0,Hourly,RU,AS_NP26,DAM,RU_CLR_PRC,0,3
2025-06-21T17:00:00-00:00,2025-06-21T18:00:00-00:00,2025-06-21,11,0,Hourly,RU,AS_SP26_EXP,DAM,RU_CLR_PRC,0,3
2025-06-21T19:00:00-00:00,2025-06-21T20:00:00-00:00,2025-06-21,13,0,Hourly,RU,AS_CAISO,DAM,RU_CLR_PRC,0,3
2025-06-21T19:00:00-00:00,2025-06-21T20:00:00-00:00,2025-06-21,13,0,Hourly,RU,AS_NP26,DAM,RU_CLR_PRC,0,3
2025-06-21T20:00:00-00:00,2025-06-21T21:00:00-00:00,2025-06-21,14,0,Hourly,RU,AS_CAISO,DAM,RU_CLR_PRC,0,3
2025-06-21T23:00:00-00:00,2025-06-22T00:00:00-00:00,2025-06-21,17,0,Hourly,RU,AS_NP26_EXP,DAM,RU_CLR_PRC,0.51235,3
2025-06-21T23:00:00-00:00,2025-06-22T00:00:00-00:00,2025-06-21,17,0,Hourly,RU,AS_SP26_EXP,DAM,RU_CLR_PRC,0,3
2025-06-22T00:00:00-00:00,2025-06-22T01:00:00-00:00,2025-06-21,18,0,Hourly,RU,AS_SP26,DAM,RU_CLR_PRC,0,3
2025-06-22T03:00:00-00:00,2025-06-22T04:00:00-00:00,2025-06-21,21,0,Hourly,RU,AS_SP26,DAM,RU_CLR_PRC,0,3
2025-06-22T04:00:00-00:00,2025-06-22T05:00:00-00:00,2025-06-21,22,0,Hourly,RU,AS_CAISO,DAM,RU_CLR_PRC,0,3
2025-06-22T04:00:00-00:00,2025-06-22T05:00:00-00:00,2025-06-21,22,0,Hourly,RU,AS_CAISO_EXP,DAM,RU_CLR_PRC,1,3
2025-06-21T08:00:00-00:00,2025-06-21T09:00:00-00:00,2025-06-21,2,0,Hourly,RU,AS_CAISO_EXP,DAM,RU_CLR_PRC,1.36495,3
2025-06-21T08:00:00-00:00,2025-06-21T09:00:00-00:00,2025-06-21,2,0,Hourly,RU,AS_NP26_EXP,DAM,RU_CLR_PRC,0,3
2025-06-21T09:00:00-00:00,2025-06-21T10:00:00-00:00,2025-06-21,3,0,Hourly,RU,AS_CAISO,DAM,RU_CLR_PRC,0,3
2025-06-21T13:00:00-00:00,2025-06-21T14:00:00-00:00,2025-06-21,7,0,Hourly,RU,AS_SP26_EXP,DAM,RU_CLR_PRC,0,3
2025-06-21T07:00:00-00:00,2025-06-21T08:00:00-00:00,2025-06-21,1,0,Hourly,RU,AS_CAISO,DAM,RU_CLR_PRC,0,3
2025-06-21T07:00:00-00:00,2025-06-21T08:00:00-00:00,2025-06-21,1,0,Hourly,RU,AS_CAISO_EXP,DAM,RU_CLR_PRC,1.08014,3
2025-06-21T08:00:00-00:00,2025-06-21T09:00:00-00:00,2025-06-21,2,0,Hourly,RU,AS_SP26,DAM,RU_CLR_PRC,0,3
2025-06-21T10:00:00-00:00,2025-06-21T11:00:00-00:00,2025-06-21,4,0,Hourly,RU,AS_NP26_EXP,DAM,RU_CLR_PRC,0,3
2025-06-21T10:00:00-00:00,2025-06-21T11:00:00-00:00,2025-06-21,4,0,Hourly,RU,AS_SP26,DAM,RU_CLR_PRC,0,3
2025-06-21T12:00:00-00:00,2025-06-21T13:00:00-00:00,2025-06-21,6,0,Hourly,RU,AS_CAISO_EXP,DAM,RU_CLR_PRC,4.54304,3
2025-06-21T13:00:00-00:00,2025-06-21T14:00:00-00:00,2025-06-21,7,0,Hourly,RU,AS_SP26,DAM,RU_CLR_PRC,0,3
2025-06-21T14:00:00-00:00,2025-06-21T15:00:00-00:00,2025-06-21,8,0,Hourly,RU,AS_SP26_EXP,DAM,RU_CLR_PRC,0,3
2025-06-21T16:00:00-00:00,2025-06-21T17:00:00-00:00,2025-06-21,10,0,Hourly,RU,AS_CAISO,DAM,RU_CLR_PRC,0,3
2025-06-21T17:00:00-00:00,2025-06-21T18:00:00-00:00,2025-06-21,11,0,Hourly,RU,AS_NP26_EXP,DAM,RU_CLR_PRC,0.13,3
2025-06-21T18:00:00-00:00,2025-06-21T19:00:00-00:00,2025-06-21,12,0,Hourly,RU,AS_CAISO_EXP,DAM,RU_CLR_PRC,0.17,3
2025-06-21T18:00:00-00:00,2025-06-21T19:00:00-00:00,2025-06-21,12,0,Hourly,RU,AS_NP26,DAM,RU_CLR_PRC,0,3
2025-06-21T18:00:00-00:00,2025-06-21T19:00:00-00:00,2025-06-21,12,0,Hourly,RU,AS_SP26,DAM,RU_CLR_PRC,0,3
2025-06-21T19:00:00-00:00,2025-06-21T20:00:00-00:00,2025-06-21,13,0,Hourly,RU,AS_CAISO_EXP,DAM,RU_CLR_PRC,0.17,3
2025-06-21T21:00:00-00:00,2025-06-21T22:00:00-00:00,2025-06-21,15,0,Hourly,RU,AS_CAISO_EXP,DAM,RU_CLR_PRC,3.24859,3
2025-06-21T22:00:00-00:00,2025-06-21T23:00:00-00:00,2025-06-21,16,0,Hourly,RU,AS_CAISO,DAM,RU_CLR_PRC,0,3
2025-06-22T01:00:00-00:00,2025-06-22T02:00:00-00:00,2025-06-21,19,0,Hourly,RU,AS_CAISO_EXP,DAM,RU_CLR_PRC,0.17,3
2025-06-22T02:00:00-00:00,2025-06-22T03:00:00-00:00,2025-06-21,20,0,Hourly,RU,AS_NP26_EXP,DAM,RU_CLR_PRC,2.14045,3
2025-06-22T03:00:00-00:00,2025-06-22T04:00:00-00:00,2025-06-21,21,0,Hourly,RU,AS_CAISO,DAM,RU_CLR_PRC,0,3
2025-06-22T03:00:00-00:00,2025-06-22T04:00:00-00:00,2025-06-21,21,0,Hourly,RU,AS_NP26_EXP,DAM,RU_CLR_PRC,4.45,3
2025-06-22T03:00:00-00:00,2025-06-22T04:00:00-00:00,2025-06-21,21,0,Hourly,RU,AS_SP26_EXP,DAM,RU_CLR_PRC,0,3
2025-06-22T04:00:00-00:00,2025-06-22T05:00:00-00:00,2025-06-21,22,0,Hourly,RU,AS_NP26_EXP,DAM,RU_CLR_PRC,4.42,3
2025-06-22T05:00:00-00:00,2025-06-22T06:00:00-00:00,2025-06-21,23,0,Hourly,RU,AS_NP26,DAM,RU_CLR_PRC,0,3
2025-06-22T10:00:00-00:00,2025-06-22T11:00:00-00:00,2025-06-22,4,0,Hourly,RU,AS_CAISO,DAM,RU_CLR_PRC,0,4
2025-06-22T11:00:00-00:00,2025-06-22T12:00:00-00:00,2025-06-22,5,0,Hourly,RU,AS_CAISO,DAM,RU_CLR_PRC,0,4
2025-06-22T11:00:00-00:00,2025-06-22T12:00:00-00:00,2025-06-22,5,0,Hourly,RU,AS_CAISO_EXP,DAM,RU_CLR_PRC,0.55,4
2025-06-22T11:00:00-00:00,2025-06-22T12:00:00-00:00,2025-06-22,5,0,Hourly,RU,AS_SP26,DAM,RU_CLR_PRC,0,4
2025-06-22T12:00:00-00:00,2025-06-22T13:00:00-00:00,2025-06-22,6,0,Hourly,RU,AS_NP26_EXP,DAM,RU_CLR_PRC,1.46614,4
2025-06-22T13:00:00-00:00,2025-06-22T14:00:00-00:00,2025-06-22,7,0,Hourly,RU,AS_CAISO,DAM,RU_CLR_PRC,0,4
2025-06-22T14:00:00-00:00,2025-06-22T15:00:00-00:00,2025-06-22,8,0,Hourly,RU,AS_CAISO,DAM,RU_CLR_PRC,0,4
2025-06-22T14:00:00-00:00,2025-06-22T15:00:00-00:00,2025-06-22,8,0,Hourly,RU,AS_NP26,DAM,RU_CLR_PRC,0,4
2025-06-22T19:00:00-00:00,2025-06-22T20:00:00-00:00,2025-06-22,13,0,Hourly,RU,AS_CAISO_EXP,DAM,RU_CLR_PRC,0.54603,4
2025-06-22T21:00:00-00:00,2025-06-22T22:00:00-00:00,2025-06-22,15,0,Hourly,RU,AS_CAISO,DAM,RU_CLR_PRC,0,4
2025-06-22T22:00:00-00:00,2025-06-22T23:00:00-00:00,2025-06-22,16,0,Hourly,RU,AS_CAISO,DAM,RU_CLR_PRC,0,4
2025-06-22T22:00:00-00:00,2025-06-22T23:00:00-00:00,2025-06-22,16,0,Hourly,RU,AS_NP26,DAM,RU_CLR_PRC,0,4
2025-06-22T22:00:00-00:00,2025-06-22T23:00:00-00:00,2025-06-22,16,0,Hourly,RU,AS_SP26,DAM,RU_CLR_PRC,0,4
2025-06-23T01:00:00-00:00,2025-06-23T02:00:00-00:00,2025-06-22,19,0,Hourly,RU,AS_NP26_EXP,DAM,RU_CLR_PRC,4.8824,4
2025-06-23T04:00:00-00:00,2025-06-23T05:00:00-00:00,2025-06-22,22,0,Hourly,RU,AS_NP26,DAM,RU_CLR_PRC,0,4
2025-06-23T04:00:00-00:00,2025-06-23T05:00:00-00:00,2025-06-22,22,0,Hourly,RU,AS_SP26_EXP,DAM,RU_CLR_PRC,0,4
2025-06-22T13:00:00-00:00,2025-06-22T14:00:00-00:00,2025-06-22,7,0,Hourly,RU,AS_SP26,DAM,RU_CLR_PRC,0,4
2025-06-22T13:00:00-00:00,2025-06-22T14:00:00-00:00,2025-06-22,7,0,Hourly,RU,AS_SP26_EXP,DAM,RU_CLR_PRC,0,4
2025-06-22T15:00:00-00:00,2025-06-22T16:00:00-00:00,2025-06-22,9,0,Hourly,RU,AS_CAISO_EXP,DAM,RU_CLR_PRC,3.03639,4
2025-06-22T16:00:00-00:00,2025-06-22T17:00:00-00:00,2025-06-22,10,0,Hourly,RU,AS_CAISO,DAM,RU_CLR_PRC,0,4
2025-06-22T17:00:00-00:00,2025-06-22T18:00:00-00:00,2025-06-22,11,0,Hourly,RU,AS_CAISO_EXP,DAM,RU_CLR_PRC,0.38231,4
2025-06-22T17:00:00-00:00,2025-06-22T18:00:00-00:00,2025-06-22,11,0,Hourly,RU,AS_NP26_EXP,DAM,RU_CLR_PRC,1.79959,4
2025-06-22T19:00:00-00:00,2025-06-22T20:00:00-00:00,2025-06-22,13,0,Hourly,RU,AS_NP26,DAM,RU_CLR_PRC,0,4
2025-06-22T21:00:00-00:00,2025-06-22T22:00:00-00:00,2025-06-22,15,0,Hourly,RU,AS_CAISO_EXP,DAM,RU_CLR_PRC,1.53115,4
2025-06-23T02:00:00-00:00,2025-06-23T03:00:00-00:00,2025-06-22,20,0,Hourly,RU,AS_CAISO_EXP,DAM,RU_CLR_PRC,2.60016,4
2025-06-23T02:00:00-00:00,2025-06-23T03:00:00-00:00,2025-06-22,20,0,Hourly,RU,AS_NP26_EXP,DAM,RU_CLR_PRC,3.39984,4
2025-06-23T03:00:00-00:00,2025-06-23T04:00:00-00:00,2025-06-22,21,0,Hourly,RU,AS_SP26,DAM,RU_CLR_PRC,0,4
2025-06-23T04:00:00-00:00,2025-06-23T05:00:00-00:00,2025-06-22,22,0,Hourly,RU,AS_CAISO,DAM,RU_CLR_PRC,0,4
2025-06-23T04:00:00-00:00,2025-06-23T05:00:00-00:00,2025-06-22,22,0,Hourly,RU,AS_NP26_EXP,DAM,RU_CLR_PRC,4.21607,4
2025-06-23T06:00:00-00:00,2025-06-23T07:00:00-00:00,2025-06-22,24,0,Hourly,RU,AS_SP26,DAM,RU_CLR_PRC,0,4
2025-06-22T18:00:00-00:00,2025-06-22T19:00:00-00:00,2025-06-22,12,0,Hourly,RU,AS_SP26_EXP,DAM,RU_CLR_PRC,0,4
2025-06-22T20:00:00-00:00,2025-06-22T21:00:00-00:00,2025-06-22,14,0,Hourly,RU,AS_CAISO_EXP,DAM,RU_CLR_PRC,1.81681,4
2025-06-22T21:00:00-00:00,2025-06-22T22:00:00-00:00,2025-06-22,15,0,Hourly,RU,AS_SP26,DAM,RU_CLR_PRC,0,4
2025-06-22T23:00:00-00:00,2025-06-23T00:00:00-00:00,2025-06-22,17,0,Hourly,RU,AS_CAISO,DAM,RU_CLR_PRC,0,4
2025-06-22T23:00:00-00:00,2025-06-23T00:00:00-00:00,2025-06-22,17,0,Hourly,RU,AS_NP26,DAM,RU_CLR_PRC,0,4
2025-06-23T00:00:00-00:00,2025-06-23T01:00:00-00:00,2025-06-22,18,0,Hourly,RU,AS_NP26_EXP,DAM,RU_CLR_PRC,0.13,4
2025-06-23T01:00:00-00:00,2025-06-23T02:00:00-00:00,2025-06-22,19,0,Hourly,RU,AS_CAISO_EXP,DAM,RU_CLR_PRC,3.1176,4
2025-06-23T01:00:00-00:00,2025-06-23T02:00:00-00:00,2025-06-22,19,0,Hourly,RU,AS_SP26,DAM,RU_CLR_PRC,0,4
2025-06-23T04:00:00-00:00,2025-06-23T05:00:00-00:00,2025-06-22,22,0,Hourly,RU,AS_SP26,DAM,RU_CLR_PRC,0,4
2025-06-22T08:00:00-00:00,2025-06-22T09:00:00-00:00,2025-06-22,2,0,Hourly,RU,AS_NP26_EXP,DAM,RU_CLR_PRC,1.47138,4
2025-06-22T10:00:00-00:00,2025-06-22T11:00:00-00:00,2025-06-22,4,0,Hourly,RU,AS_CAISO_EXP,DAM,RU_CLR_PRC,0.5,4
2025-06-22T10:00:00-00:00,2025-06-22T11:00:00-00:00,2025-06-22,4,0,Hourly,RU,AS_NP26_EXP,DAM,RU_CLR_PRC,1.44187,4
2025-06-22T13:00:00-00:00,2025-06-22T14:00:00-00:00,2025-06-22,7,0,Hourly,RU,AS_CAISO_EXP,DAM,RU_CLR_PRC,8,4
2025-06-22T15:00:00-00:00,2025-06-22T16:00:00-00:00,2025-06-22,9,0,Hourly,RU,AS_NP26_EXP,DAM,RU_CLR_PRC,1.05401,4
2025-06-22T16:00:00-00:00,2025-06-22T17:00:00-00:00,2025-06-22,10,0,Hourly,RU,AS_NP26,DAM,RU_CLR_PRC,0,4
2025-06-22T16:00:00-00:00,2025-06-22T17:00:00-00:00,2025-06-22,10,0,Hourly,RU,AS_SP26_EXP,DAM,RU_CLR_PRC,0,4
2025-06-22T18:00:00-00:00,2025-06-22T19:00:00-00:00,2025-06-22,12,0,Hourly,RU,AS_NP26,DAM,RU_CLR_PRC,0,4
2025-06-22T08:00:00-00:00,2025-06-22T09:00:00-00:00,2025-06-22,2,0,Hourly,RU,AS_CAISO,DAM,RU_CLR_PRC,0,4
2025-06-22T12:00:00-00:00,2025-06-22T13:00:00-00:00,2025-06-22,6,0,Hourly,RU,AS_SP26,DAM,RU_CLR_PRC,0,4
2025-06-22T14:00:00-00:00,2025-06-22T15:00:00-00:00,2025-06-22,8,0,Hourly,RU,AS_CAISO_EXP,DAM,RU_CLR_PRC,4.61488,4
2025-06-22T14:00:00-00:00,2025-06-22T15:00:00-00:00,2025-06-22,8,0,Hourly,RU,AS_SP26,DAM,RU_CLR_PRC,0,4
2025-06-22T16:00:00-00:00,2025-06-22T17:00:00-00:00,2025-06-22,10,0,Hourly,RU,AS_NP26_EXP,DAM,RU_CLR_PRC,1.18802,4
2025-06-22T17:00:00-00:00,2025-06-22T18:00:00-00:00,2025-06-22,11,0,Hourly,RU,AS_SP26_EXP,DAM,RU_CLR_PRC,0,4
2025-06-22T19:00:00-00:00,2025-06-22T20:00:00-00:00,2025-06-22,13,0,Hourly,RU,AS_NP26_EXP,DAM,RU_CLR_PRC,1.67018,4
2025-06-22T19:00:00-00:00,2025-06-22T20:00:00-00:00,2025-06-22,13,0,Hourly,RU,AS_SP26,DAM,RU_CLR_PRC,0,4
2025-06-22T20:00:00-00:00,2025-06-22T21:00:00-00:00,2025-06-22,14,0,Hourly,RU,AS_CAISO,DAM,RU_CLR_PRC,0,4
2025-06-22T20:00:00-00:00,2025-06-22T21:00:00-00:00,2025-06-22,14,0,Hourly,RU,AS_NP26,DAM,RU_CLR_PRC,0,4
2025-06-22T21:00:00-00:00,2025-06-22T22:00:00-00:00,2025-06-22,15,0,Hourly,RU,AS_NP26_EXP,DAM,RU_CLR_PRC,1.90349,4
2025-06-22T23:00:00-00:00,2025-06-23T00:00:00-00:00,2025-06-22,17,0,Hourly,RU,AS_SP26,DAM,RU_CLR_PRC,0,4
2025-06-23T00:00:00-00:00,2025-06-23T01:00:00-00:00,2025-06-22,18,0,Hourly,RU,AS_CAISO,DAM,RU_CLR_PRC,0,4
2025-06-23T00:00:00-00:00,2025-06-23T01:00:00-00:00,2025-06-22,18,0,Hourly,RU,AS_SP26,DAM,RU_CLR_PRC,0,4
2025-06-23T00:00:00-00:00,2025-06-23T01:00:00-00:00,2025-06-22,18,0,Hourly,RU,AS_SP26_EXP,DAM,RU_CLR_PRC,0,4
2025-06-23T01:00:00-00:00,2025-06-23T02:00:00-00:00,2025-06-22,19,0,Hourly,RU,AS_NP26,DAM,RU_CLR_PRC,0,4
2025-06-23T05:00:00-00:00,2025-06-23T06:00:00-00:00,2025-06-22,23,0,Hourly,RU,AS_NP26_EXP,DAM,RU_CLR_PRC,0.31284,4
2025-06-23T05:00:00-00:00,2025-06-23T06:00:00-00:00,2025-06-22,23,0,Hourly,RU,AS_SP26,DAM,RU_CLR_PRC,0,4
2025-06-22T07:00:00-00:00,2025-06-22T08:00:00-00:00,2025-06-22,1,0,Hourly,RU,AS_SP26,DAM,RU_CLR_PRC,0,4
2025-06-22T08:00:00-00:00,2025-06-22T09:00:00-00:00,2025-06-22,2,0,Hourly,RU,AS_CAISO_EXP,DAM,RU_CLR_PRC,1,4
2025-06-22T08:00:00-00:00,2025-06-22T09:00:00-00:00,2025-06-22,2,0,Hourly,RU,AS_SP26_EXP,DAM,RU_CLR_PRC,0,4
2025-06-22T10:00:00-00:00,2025-06-22T11:00:00-00:00,2025-06-22,4,0,Hourly,RU,AS_NP26,DAM,RU_CLR_PRC,0,4
2025-06-22T11:00:00-00:00,2025-06-22T12:00:00-00:00,2025-06-22,5,0,Hourly,RU,AS_SP26_EXP,DAM,RU_CLR_PRC,0,4
2025-06-22T17:00:00-00:00,2025-06-22T18:00:00-00:00,2025-06-22,11,0,Hourly,RU,AS_NP26,DAM,RU_CLR_PRC,0,4
2025-06-22T17:00:00-00:00,2025-06-22T18:00:00-00:00,2025-06-22,11,0,Hourly,RU,AS_SP26,DAM,RU_CLR_PRC,0,4
2025-06-22T19:00:00-00:00,2025-06-22T20:00:00-00:00,2025-06-22,13,0,Hourly,RU,AS_SP26_EXP,DAM,RU_CLR_PRC,0,4
2025-06-22T20:00:00-00:00,2025-06-22T21:00:00-00:00,2025-06-22,14,0,Hourly,RU,AS_NP26_EXP,DAM,RU_CLR_PRC,1.73319,4
2025-06-23T00:00:00-00:00,2025-06-23T01:00:00-00:00,2025-06-22,18,0,Hourly,RU,AS_CAISO_EXP,DAM,RU_CLR_PRC,5.79854,4
2025-06-23T01:00:00-00:00,2025-06-23T02:00:00-00:00,2025-06-22,19,0,Hourly,RU,AS_CAISO,DAM,RU_CLR_PRC,0,4
2025-06-23T03:00:00-00:00,2025-06-23T04:00:00-00:00,2025-06-22,21,0,Hourly,RU,AS_SP26_EXP,DAM,RU_CLR_PRC,0,4
2025-06-23T04:00:00-00:00,2025-06-23T05:00:00-00:00,2025-06-22,22,0,Hourly,RU,AS_CAISO_EXP,DAM,RU_CLR_PRC,1.185,4
2025-06-23T06:00:00-00:00,2025-06-23T07:00:00-00:00,2025-06-22,24,0,Hourly,RU,AS_CAISO,DAM,RU_CLR_PRC,0,4
2025-06-23T06:00:00-00:00,2025-06-23T07:00:00-00:00,2025-06-22,24,0,Hourly,RU,AS_NP26,DAM,RU_CLR_PRC,0,4
2025-06-22T07:00:00-00:00,2025-06-22T08:00:00-00:00,2025-06-22,1,0,Hourly,RU,AS_CAISO_EXP,DAM,RU_CLR_PRC,2.25227,4
2025-06-22T09:00:00-00:00,2025-06-22T10:00:00-00:00,2025-06-22,3,0,Hourly,RU,AS_SP26_EXP,DAM,RU_CLR_PRC,0,4
2025-06-22T10:00:00-00:00,2025-06-22T11:00:00-00:00,2025-06-22,4,0,Hourly,RU,AS_SP26,DAM,RU_CLR_PRC,0,4
2025-06-22T10:00:00-00:00,2025-06-22T11:00:00-00:00,2025-06-22,4,0,Hourly,RU,AS_SP26_EXP,DAM,RU_CLR_PRC,0,4
2025-06-22T11:00:00-00:00,2025-06-22T12:00:00-00:00,2025-06-22,5,0,Hourly,RU,AS_NP26_EXP,DAM,RU_CLR_PRC,1.45,4
2025-06-22T13:00:00-00:00,2025-06-22T14:00:00-00:00,2025-06-22,7,0,Hourly,RU,AS_NP26,DAM,RU_CLR_PRC,0,4
2025-06-22T13:00:00-00:00,2025-06-22T14:00:00-00:00,2025-06-22,7,0,Hourly,RU,AS_NP26_EXP,DAM,RU_CLR_PRC,0,4
2025-06-22T14:00:00-00:00,2025-06-22T15:00:00-00:00,2025-06-22,8,0,Hourly,RU,AS_NP26_EXP,DAM,RU_CLR_PRC,0,4
2025-06-22T14:00:00-00:00,2025-06-22T15:00:00-00:00,2025-06-22,8,0,Hourly,RU,AS_SP26_EXP,DAM,RU_CLR_PRC,0,4
2025-06-22T15:00:00-00:00,2025-06-22T16:00:00-00:00,2025-06-22,9,0,Hourly,RU,AS_CAISO,DAM,RU_CLR_PRC,0,4
2025-06-22T15:00:00-00:00,2025-06-22T16:00:00-00:00,2025-06-22,9,0,Hourly,RU,AS_SP26,DAM,RU_CLR_PRC,0,4
2025-06-22T16:00:00-00:00,2025-06-22T17:00:00-00:00,2025-06-22,10,0,Hourly,RU,AS_CAISO_EXP,DAM,RU_CLR_PRC,1.51198,4
2025-06-22T18:00:00-00:00,2025-06-22T19:00:00-00:00,2025-06-22,12,0,Hourly,RU,AS_CAISO,DAM,RU_CLR_PRC,0,4
2025-06-22T18:00:00-00:00,2025-06-22T19:00:00-00:00,2025-06-22,12,0,Hourly,RU,AS_CAISO_EXP,DAM,RU_CLR_PRC,0.56092,4
2025-06-22T18:00:00-00:00,2025-06-22T19:00:00-00:00,2025-06-22,12,0,Hourly,RU,AS_NP26_EXP,DAM,RU_CLR_PRC,1.21296,4
2025-06-22T19:00:00-00:00,2025-06-22T20:00:00-00:00,2025-06-22,13,0,Hourly,RU,AS_CAISO,DAM,RU_CLR_PRC,0,4
2025-06-22T23:00:00-00:00,2025-06-23T00:00:00-00:00,2025-06-22,17,0,Hourly,RU,AS_CAISO_EXP,DAM,RU_CLR_PRC,3.86459,4
2025-06-22T23:00:00-00:00,2025-06-23T00:00:00-00:00,2025-06-22,17,0,Hourly,RU,AS_NP26_EXP,DAM,RU_CLR_PRC,0.13,4
2025-06-22T23:00:00-00:00,2025-06-23T00:00:00-00:00,2025-06-22,17,0,Hourly,RU,AS_SP26_EXP,DAM,RU_CLR_PRC,0,4
2025-06-23T02:00:00-00:00,2025-06-23T03:00:00-00:00,2025-06-22,20,0,Hourly,RU,AS_CAISO,DAM,RU_CLR_PRC,0,4
2025-06-23T03:00:00-00:00,2025-06-23T04:00:00-00:00,2025-06-22,21,0,Hourly,RU,AS_CAISO,DAM,RU_CLR_PRC,0,4
2025-06-23T05:00:00-00:00,2025-06-23T06:00:00-00:00,2025-06-22,23,0,Hourly,RU,AS_SP26_EXP,DAM,RU_CLR_PRC,0,4
2025-06-23T06:00:00-00:00,2025-06-23T07:00:00-00:00,2025-06-22,24,0,Hourly,RU,AS_NP26_EXP,DAM,RU_CLR_PRC,3.855,4
2025-06-23T06:00:00-00:00,2025-06-23T07:00:00-00:00,2025-06-22,24,0,Hourly,RU,AS_SP26_EXP,DAM,RU_CLR_PRC,0,4
2025-06-22T07:00:00-00:00,2025-06-22T08:00:00-00:00,2025-06-22,1,0,Hourly,RU,AS_CAISO,DAM,RU_CLR_PRC,0,4
2025-06-22T09:00:00-00:00,2025-06-22T10:00:00-00:00,2025-06-22,3,0,Hourly,RU,AS_SP26,DAM,RU_CLR_PRC,0,4
2025-06-22T12:00:00-00:00,2025-06-22T13:00:00-00:00,2025-06-22,6,0,Hourly,RU,AS_CAISO_EXP,DAM,RU_CLR_PRC,3.23109,4
2025-06-22T12:00:00-00:00,2025-06-22T13:00:00-00:00,2025-06-22,6,0,Hourly,RU,AS_SP26_EXP,DAM,RU_CLR_PRC,0,4
2025-06-22T15:00:00-00:00,2025-06-22T16:00:00-00:00,2025-06-22,9,0,Hourly,RU,AS_NP26,DAM,RU_CLR_PRC,0,4
2025-06-22T15:00:00-00:00,2025-06-22T16:00:00-00:00,2025-06-22,9,0,Hourly,RU,AS_SP26_EXP,DAM,RU_CLR_PRC,0,4
2025-06-22T16:00:00-00:00,2025-06-22T17:00:00-00:00,2025-06-22,10,0,Hourly,RU,AS_SP26,DAM,RU_CLR_PRC,0,4
2025-06-22T17:00:00-00:00,2025-06-22T18:00:00-00:00,2025-06-22,11,0,Hourly,RU,AS_CAISO,DAM,RU_CLR_PRC,0,4
2025-06-22T18:00:00-00:00,2025-06-22T19:00:00-00:00,2025-06-22,12,0,Hourly,RU,AS_SP26,DAM,RU_CLR_PRC,0,4
2025-06-22T20:00:00-00:00,2025-06-22T21:00:00-00:00,2025-06-22,14,0,Hourly,RU,AS_SP26,DAM,RU_CLR_PRC,0,4
2025-06-22T20:00:00-00:00,2025-06-22T21:00:00-00:00,2025-06-22,14,0,Hourly,RU,AS_SP26_EXP,DAM,RU_CLR_PRC,0,4
2025-06-22T21:00:00-00:00,2025-06-22T22:00:00-00:00,2025-06-22,15,0,Hourly,RU,AS_SP26_EXP,DAM,RU_CLR_PRC,0,4
2025-06-22T22:00:00-00:00,2025-06-22T23:00:00-00:00,2025-06-22,16,0,Hourly,RU,AS_CAISO_EXP,DAM,RU_CLR_PRC,1.4279,4
2025-06-22T22:00:00-00:00,2025-06-22T23:00:00-00:00,2025-06-22,16,0,Hourly,RU,AS_NP26_EXP,DAM,RU_CLR_PRC,2.93766,4
2025-06-22T22:00:00-00:00,2025-06-22T23:00:00-00:00,2025-06-22,16,0,Hourly,RU,AS_SP26_EXP,DAM,RU_CLR_PRC,0,4
2025-06-23T02:00:00-00:00,2025-06-23T03:00:00-00:00,2025-06-22,20,0,Hourly,RU,AS_NP26,DAM,RU_CLR_PRC,0,4
2025-06-23T02:00:00-00:00,2025-06-23T03:00:00-00:00,2025-06-22,20,0,Hourly,RU,AS_SP26,DAM,RU_CLR_PRC,0,4
2025-06-23T03:00:00-00:00,2025-06-23T04:00:00-00:00,2025-06-22,21,0,Hourly,RU,AS_NP26_EXP,DAM,RU_CLR_PRC,0,4
2025-06-23T05:00:00-00:00,2025-06-23T06:00:00-00:00,2025-06-22,23,0,Hourly,RU,AS_CAISO,DAM,RU_CLR_PRC,0,4
2025-06-23T05:00:00-00:00,2025-06-23T06:00:00-00:00,2025-06-22,23,0,Hourly,RU,AS_CAISO_EXP,DAM,RU_CLR_PRC,0.68716,4
2025-06-22T09:00:00-00:00,2025-06-22T10:00:00-00:00,2025-06-22,3,0,Hourly,RU,AS_CAISO_EXP,DAM,RU_CLR_PRC,1,4
2025-06-22T09:00:00-00:00,2025-06-22T10:00:00-00:00,2025-06-22,3,0,Hourly,RU,AS_NP26_EXP,DAM,RU_CLR_PRC,1.56,4
2025-06-22T12:00:00-00:00,2025-06-22T13:00:00-00:00,2025-06-22,6,0,Hourly,RU,AS_CAISO,DAM,RU_CLR_PRC,0,4
2025-06-22T21:00:00-00:00,2025-06-22T22:00:00-00:00,2025-06-22,15,0,Hourly,RU,AS_NP26,DAM,RU_CLR_PRC,0,4
2025-06-23T00:00:00-00:00,2025-06-23T01:00:00-00:00,2025-06-22,18,0,Hourly,RU,AS_NP26,DAM,RU_CLR_PRC,0,4
2025-06-23T01:00:00-00:00,2025-06-23T02:00:00-00:00,2025-06-22,19,0,Hourly,RU,AS_SP26_EXP,DAM,RU_CLR_PRC,0,4
2025-06-23T02:00:00-00:00,2025-06-23T03:00:00-00:00,2025-06-22,20,0,Hourly,RU,AS_SP26_EXP,DAM,RU_CLR_PRC,0,4
2025-06-23T03:00:00-00:00,2025-06-23T04:00:00-00:00,2025-06-22,21,0,Hourly,RU,AS_CAISO_EXP,DAM,RU_CLR_PRC,6,4
2025-06-23T03:00:00-00:00,2025-06-23T04:00:00-00:00,2025-06-22,21,0,Hourly,RU,AS_NP26,DAM,RU_CLR_PRC,0,4
2025-06-23T05:00:00-00:00,2025-06-23T06:00:00-00:00,2025-06-22,23,0,Hourly,RU,AS_NP26,DAM,RU_CLR_PRC,0,4
2025-06-23T06:00:00-00:00,2025-06-23T07:00:00-00:00,2025-06-22,24,0,Hourly,RU,AS_CAISO_EXP,DAM,RU_CLR_PRC,2.985,4
2025-06-22T07:00:00-00:00,2025-06-22T08:00:00-00:00,2025-06-22,1,0,Hourly,RU,AS_NP26,DAM,RU_CLR_PRC,0,4
2025-06-22T08:00:00-00:00,2025-06-22T09:00:00-00:00,2025-06-22,2,0,Hourly,RU,AS_SP26,DAM,RU_CLR_PRC,0,4
2025-06-22T09:00:00-00:00,2025-06-22T10:00:00-00:00,2025-06-22,3,0,Hourly,RU,AS_CAISO,DAM,RU_CLR_PRC,0,4
2025-06-22T07:00:00-00:00,2025-06-22T08:00:00-00:00,2025-06-22,1,0,Hourly,RU,AS_NP26_EXP,DAM,RU_CLR_PRC,1.22384,4
2025-06-22T07:00:00-00:00,2025-06-22T08:00:00-00:00,2025-06-22,1,0,Hourly,RU,AS_SP26_EXP,DAM,RU_CLR_PRC,0,4
2025-06-22T08:00:00-00:00,2025-06-22T09:00:00-00:00,2025-06-22,2,0,Hourly,RU,AS_NP26,DAM,RU_CLR_PRC,0,4
2025-06-22T09:00:00-00:00,2025-06-22T10:00:00-00:00,2025-06-22,3,0,Hourly,RU,AS_NP26,DAM,RU_CLR_PRC,0,4
2025-06-22T11:00:00-00:00,2025-06-22T12:00:00-00:00,2025-06-22,5,0,Hourly,RU,AS_NP26,DAM,RU_CLR_PRC,0,4
2025-06-22T12:00:00-00:00,2025-06-22T13:00:00-00:00,2025-06-22,6,0,Hourly,RU,AS_NP26,DAM,RU_CLR_PRC,0,4
2025-06-23T13:00:00-00:00,2025-06-23T14:00:00-00:00,2025-06-23,7,0,Hourly,RU,AS_NP26_EXP,DAM,RU_CLR_PRC,0,5
2025-06-23T14:00:00-00:00,2025-06-23T15:00:00-00:00,2025-06-23,8,0,Hourly,RU,AS_SP26,DAM,RU_CLR_PRC,0,5
2025-06-23T15:00:00-00:00,2025-06-23T16:00:00-00:00,2025-06-23,9,0,Hourly,RU,AS_CAISO,DAM,RU_CLR_PRC,0,5
2025-06-23T15:00:00-00:00,2025-06-23T16:00:00-00:00,2025-06-23,9,0,Hourly,RU,AS_SP26,DAM,RU_CLR_PRC,0,5
2025-06-23T16:00:00-00:00,2025-06-23T17:00:00-00:00,2025-06-23,10,0,Hourly,RU,AS_SP26_EXP,DAM,RU_CLR_PRC,0,5
2025-06-23T19:00:00-00:00,2025-06-23T20:00:00-00:00,2025-06-23,13,0,Hourly,RU,AS_NP26_EXP,DAM,RU_CLR_PRC,1.08957,5
2025-06-23T20:00:00-00:00,2025-06-23T21:00:00-00:00,2025-06-23,14,0,Hourly,RU,AS_CAISO,DAM,RU_CLR_PRC,0,5
2025-06-23T21:00:00-00:00,2025-06-23T22:00:00-00:00,2025-06-23,15,0,Hourly,RU,AS_NP26,DAM,RU_CLR_PRC,0,5
2025-06-23T23:00:00-00:00,2025-06-24T00:00:00-00:00,2025-06-23,17,0,Hourly,RU,AS_SP26_EXP,DAM,RU_CLR_PRC,0,5
2025-06-24T00:00:00-00:00,2025-06-24T01:00:00-00:00,2025-06-23,18,0,Hourly,RU,AS_NP26_EXP,DAM,RU_CLR_PRC,1.52205,5
2025-06-24T00:00:00-00:00,2025-06-24T01:00:00-00:00,2025-06-23,18,0,Hourly,RU,AS_SP26_EXP,DAM,RU_CLR_PRC,0,5
2025-06-24T04:00:00-00:00,2025-06-24T05:00:00-00:00,2025-06-23,22,0,Hourly,RU,AS_CAISO,DAM,RU_CLR_PRC,0,5
2025-06-24T05:00:00-00:00,2025-06-24T06:00:00-00:00,2025-06-23,23,0,Hourly,RU,AS_CAISO,DAM,RU_CLR_PRC,0,5
2025-06-24T05:00:00-00:00,2025-06-24T06:00:00-00:00,2025-06-23,23,0,Hourly,RU,AS_SP26_EXP,DAM,RU_CLR_PRC,0,5
2025-06-24T06:00:00-00:00,2025-06-24T07:00:00-00:00,2025-06-23,24,0,Hourly,RU,AS_SP26,DAM,RU_CLR_PRC,0,5
2025-06-24T06:00:00-00:00,2025-06-24T07:00:00-00:00,2025-06-23,24,0,Hourly,RU,AS_SP26_EXP,DAM,RU_CLR_PRC,0,5
2025-06-23T19:00:00-00:00,2025-06-23T20:00:00-00:00,2025-06-23,13,0,Hourly,RU,AS_SP26,DAM,RU_CLR_PRC,0,5
2025-06-23T22:00:00-00:00,2025-06-23T23:00:00-00:00,2025-06-23,16,0,Hourly,RU,AS_SP26,DAM,RU_CLR_PRC,0,5
2025-06-23T23:00:00-00:00,2025-06-24T00:00:00-00:00,2025-06-23,17,0,Hourly,RU,AS_NP26,DAM,RU_CLR_PRC,0,5
2025-06-24T02:00:00-00:00,2025-06-24T03:00:00-00:00,2025-06-23,20,0,Hourly,RU,AS_NP26,DAM,RU_CLR_PRC,0,5
2025-06-24T02:00:00-00:00,2025-06-24T03:00:00-00:00,2025-06-23,20,0,Hourly,RU,AS_SP26,DAM,RU_CLR_PRC,0,5
2025-06-24T03:00:00-00:00,2025-06-24T04:00:00-00:00,2025-06-23,21,0,Hourly,RU,AS_NP26,DAM,RU_CLR_PRC,0,5
2025-06-24T04:00:00-00:00,2025-06-24T05:00:00-00:00,2025-06-23,22,0,Hourly,RU,AS_NP26,DAM,RU_CLR_PRC,0,5
2025-06-24T04:00:00-00:00,2025-06-24T05:00:00-00:00,2025-06-23,22,0,Hourly,RU,AS_NP26_EXP,DAM,RU_CLR_PRC,0.9157,5
2025-06-24T06:00:00-00:00,2025-06-24T07:00:00-00:00,2025-06-23,24,0,Hourly,RU,AS_CAISO_EXP,DAM,RU_CLR_PRC,4.41,5
2025-06-23T09:00:00-00:00,2025-06-23T10:00:00-00:00,2025-06-23,3,0,Hourly,RU,AS_CAISO,DAM,RU_CLR_PRC,0,5
2025-06-23T09:00:00-00:00,2025-06-23T10:00:00-00:00,2025-06-23,3,0,Hourly,RU,AS_NP26,DAM,RU_CLR_PRC,0,5
2025-06-23T10:00:00-00:00,2025-06-23T11:00:00-00:00,2025-06-23,4,0,Hourly,RU,AS_NP26_EXP,DAM,RU_CLR_PRC,0,5
2025-06-23T11:00:00-00:00,2025-06-23T12:00:00-00:00,2025-06-23,5,0,Hourly,RU,AS_CAISO_EXP,DAM,RU_CLR_PRC,1,5
2025-06-23T11:00:00-00:00,2025-06-23T12:00:00-00:00,2025-06-23,5,0,Hourly,RU,AS_NP26,DAM,RU_CLR_PRC,0,5
2025-06-23T11:00:00-00:00,2025-06-23T12:00:00-00:00,2025-06-23,5,0,Hourly,RU,AS_NP26_EXP,DAM,RU_CLR_PRC,0.66212,5
2025-06-23T11:00:00-00:00,2025-06-23T12:00:00-00:00,2025-06-23,5,0,Hourly,RU,AS_SP26_EXP,DAM,RU_CLR_PRC,0,5
2025-06-23T12:00:00-00:00,2025-06-23T13:00:00-00:00,2025-06-23,6,0,Hourly,RU,AS_CAISO,DAM,RU_CLR_PRC,0,5
2025-06-23T16:00:00-00:00,2025-06-23T17:00:00-00:00,2025-06-23,10,0,Hourly,RU,AS_CAISO,DAM,RU_CLR_PRC,0,5
2025-06-23T17:00:00-00:00,2025-06-23T18:00:00-00:00,2025-06-23,11,0,Hourly,RU,AS_NP26,DAM,RU_CLR_PRC,0,5
2025-06-23T17:00:00-00:00,2025-06-23T18:00:00-00:00,2025-06-23,11,0,Hourly,RU,AS_SP26,DAM,RU_CLR_PRC,0,5
2025-06-23T18:00:00-00:00,2025-06-23T19:00:00-00:00,2025-06-23,12,0,Hourly,RU,AS_CAISO,DAM,RU_CLR_PRC,0,5
2025-06-23T18:00:00-00:00,2025-06-23T19:00:00-00:00,2025-06-23,12,0,Hourly,RU,AS_CAISO_EXP,DAM,RU_CLR_PRC,0.17,5
2025-06-23T20:00:00-00:00,2025-06-23T21:00:00-00:00,2025-06-23,14,0,Hourly,RU,AS_CAISO_EXP,DAM,RU_CLR_PRC,1.59716,5
2025-06-23T21:00:00-00:00,2025-06-23T22:00:00-00:00,2025-06-23,15,0,Hourly,RU,AS_SP26,DAM,RU_CLR_PRC,0,5
2025-06-23T22:00:00-00:00,2025-06-23T23:00:00-00:00,2025-06-23,16,0,Hourly,RU,AS_CAISO_EXP,DAM,RU_CLR_PRC,4,5
2025-06-23T23:00:00-00:00,2025-06-24T00:00:00-00:00,2025-06-23,17,0,Hourly,RU,AS_SP26,DAM,RU_CLR_PRC,0,5
2025-06-24T01:00:00-00:00,2025-06-24T02:00:00-00:00,2025-06-23,19,0,Hourly,RU,AS_CAISO,DAM,RU_CLR_PRC,0,5
2025-06-24T03:00:00-00:00,2025-06-24T04:00:00-00:00,2025-06-23,21,0,Hourly,RU,AS_NP26_EXP,DAM,RU_CLR_PRC,0,5
2025-06-24T04:00:00-00:00,2025-06-24T05:00:00-00:00,2025-06-23,22,0,Hourly,RU,AS_CAISO_EXP,DAM,RU_CLR_PRC,3.10233,5
2025-06-24T05:00:00-00:00,2025-06-24T06:00:00-00:00,2025-06-23,23,0,Hourly,RU,AS_NP26_EXP,DAM,RU_CLR_PRC,1.5,5
2025-06-23T10:00:00-00:00,2025-06-23T11:00:00-00:00,2025-06-23,4,0,Hourly,RU,AS_CAISO,DAM,RU_CLR_PRC,0,5
2025-06-23T13:00:00-00:00,2025-06-23T14:00:00-00:00,2025-06-23,7,0,Hourly,RU,AS_NP26,DAM,RU_CLR_PRC,0,5
2025-06-23T14:00:00-00:00,2025-06-23T15:00:00-00:00,2025-06-23,8,0,Hourly,RU,AS_CAISO,DAM,RU_CLR_PRC,0,5
2025-06-23T17:00:00-00:00,2025-06-23T18:00:00-00:00,2025-06-23,11,0,Hourly,RU,AS_CAISO_EXP,DAM,RU_CLR_PRC,1,5
2025-06-23T19:00:00-00:00,2025-06-23T20:00:00-00:00,2025-06-23,13,0,Hourly,RU,AS_CAISO,DAM,RU_CLR_PRC,0,5
2025-06-23T19:00:00-00:00,2025-06-23T20:00:00-00:00,2025-06-23,13,0,Hourly,RU,AS_CAISO_EXP,DAM,RU_CLR_PRC,0.98,5
2025-06-23T19:00:00-00:00,2025-06-23T20:00:00-00:00,2025-06-23,13,0,Hourly,RU,AS_SP26_EXP,DAM,RU_CLR_PRC,0,5
2025-06-23T21:00:00-00:00,2025-06-23T22:00:00-00:00,2025-06-23,15,0,Hourly,RU,AS_CAISO,DAM,RU_CLR_PRC,0,5
2025-06-24T00:00:00-00:00,2025-06-24T01:00:00-00:00,2025-06-23,18,0,Hourly,RU,AS_SP26,DAM,RU_CLR_PRC,0,5
2025-06-24T02:00:00-00:00,2025-06-24T03:00:00-00:00,2025-06-23,20,0,Hourly,RU,AS_NP26_EXP,DAM,RU_CLR_PRC,0,5
2025-06-24T03:00:00-00:00,2025-06-24T04:00:00-00:00,2025-06-23,21,0,Hourly,RU,AS_SP26_EXP,DAM,RU_CLR_PRC,0,5
2025-06-24T06:00:00-00:00,2025-06-24T07:00:00-00:00,2025-06-23,24,0,Hourly,RU,AS_NP26_EXP,DAM,RU_CLR_PRC,0,5
2025-06-23T07:00:00-00:00,2025-06-23T08:00:00-00:00,2025-06-23,1,0,Hourly,RU,AS_CAISO_EXP,DAM,RU_CLR_PRC,1.06488,5
2025-06-23T08:00:00-00:00,2025-06-23T09:00:00-00:00,2025-06-23,2,0,Hourly,RU,AS_NP26_EXP,DAM,RU_CLR_PRC,0,5
2025-06-24T02:00:00-00:00,2025-06-24T03:00:00-00:00,2025-06-23,20,0,Hourly,RU,AS_SP26_EXP,DAM,RU_CLR_PRC,0,5
2025-06-24T03:00:00-00:00,2025-06-24T04:00:00-00:00,2025-06-23,21,0,Hourly,RU,AS_SP26,DAM,RU_CLR_PRC,0,5
2025-06-23T08:00:00-00:00,2025-06-23T09:00:00-00:00,2025-06-23,2,0,Hourly,RU,AS_NP26,DAM,RU_CLR_PRC,0,5
2025-06-23T09:00:00-00:00,2025-06-23T10:00:00-00:00,2025-06-23,3,0,Hourly,RU,AS_SP26,DAM,RU_CLR_PRC,0,5
2025-06-23T10:00:00-00:00,2025-06-23T11:00:00-00:00,2025-06-23,4,0,Hourly,RU,AS_NP26,DAM,RU_CLR_PRC,0,5
2025-06-23T10:00:00-00:00,2025-06-23T11:00:00-00:00,2025-06-23,4,0,Hourly,RU,AS_SP26_EXP,DAM,RU_CLR_PRC,0,5
2025-06-23T11:00:00-00:00,2025-06-23T12:00:00-00:00,2025-06-23,5,0,Hourly,RU,AS_CAISO,DAM,RU_CLR_PRC,0,5
2025-06-23T13:00:00-00:00,2025-06-23T14:00:00-00:00,2025-06-23,7,0,Hourly,RU,AS_SP26,DAM,RU_CLR_PRC,0,5
2025-06-23T14:00:00-00:00,2025-06-23T15:00:00-00:00,2025-06-23,8,0,Hourly,RU,AS_NP26,DAM,RU_CLR_PRC,0,5
2025-06-23T14:00:00-00:00,2025-06-23T15:00:00-00:00,2025-06-23,8,0,Hourly,RU,AS_SP26_EXP,DAM,RU_CLR_PRC,0,5
2025-06-23T19:00:00-00:00,2025-06-23T20:00:00-00:00,2025-06-23,13,0,Hourly,RU,AS_NP26,DAM,RU_CLR_PRC,0,5
2025-06-23T21:00:00-00:00,2025-06-23T22:00:00-00:00,2025-06-23,15,0,Hourly,RU,AS_CAISO_EXP,DAM,RU_CLR_PRC,2,5
2025-06-23T22:00:00-00:00,2025-06-23T23:00:00-00:00,2025-06-23,16,0,Hourly,RU,AS_CAISO,DAM,RU_CLR_PRC,0,5
2025-06-23T22:00:00-00:00,2025-06-23T23:00:00-00:00,2025-06-23,16,0,Hourly,RU,AS_NP26,DAM,RU_CLR_PRC,0,5
2025-06-23T22:00:00-00:00,2025-06-23T23:00:00-00:00,2025-06-23,16,0,Hourly,RU,AS_NP26_EXP,DAM,RU_CLR_PRC,0.13,5
2025-06-24T00:00:00-00:00,2025-06-24T01:00:00-00:00,2025-06-23,18,0,Hourly,RU,AS_NP26,DAM,RU_CLR_PRC,0,5
2025-06-24T01:00:00-00:00,2025-06-24T02:00:00-00:00,2025-06-23,19,0,Hourly,RU,AS_NP26,DAM,RU_CLR_PRC,0,5
2025-06-24T01:00:00-00:00,2025-06-24T02:00:00-00:00,2025-06-23,19,0,Hourly,RU,AS_SP26_EXP,DAM,RU_CLR_PRC,0,5
2025-06-23T08:00:00-00:00,2025-06-23T09:00:00-00:00,2025-06-23,2,0,Hourly,RU,AS_SP26_EXP,DAM,RU_CLR_PRC,0,5
2025-06-23T11:00:00-00:00,2025-06-23T12:00:00-00:00,2025-06-23,5,0,Hourly,RU,AS_SP26,DAM,RU_CLR_PRC,0,5
2025-06-24T02:00:00-00:00,2025-06-24T03:00:00-00:00,2025-06-23,20,0,Hourly,RU,AS_CAISO,DAM,RU_CLR_PRC,0,5
2025-06-24T02:00:00-00:00,2025-06-24T03:00:00-00:00,2025-06-23,20,0,Hourly,RU,AS_CAISO_EXP,DAM,RU_CLR_PRC,4.98,5
2025-06-24T03:00:00-00:00,2025-06-24T04:00:00-00:00,2025-06-23,21,0,Hourly,RU,AS_CAISO_EXP,DAM,RU_CLR_PRC,6,5
2025-06-24T04:00:00-00:00,2025-06-24T05:00:00-00:00,2025-06-23,22,0,Hourly,RU,AS_SP26_EXP,DAM,RU_CLR_PRC,0,5
2025-06-24T05:00:00-00:00,2025-06-24T06:00:00-00:00,2025-06-23,23,0,Hourly,RU,AS_SP26,DAM,RU_CLR_PRC,0,5
2025-06-24T06:00:00-00:00,2025-06-24T07:00:00-00:00,2025-06-23,24,0,Hourly,RU,AS_NP26,DAM,RU_CLR_PRC,0,5
2025-06-23T07:00:00-00:00,2025-06-23T08:00:00-00:00,2025-06-23,1,0,Hourly,RU,AS_NP26_EXP,DAM,RU_CLR_PRC,0,5
2025-06-23T07:00:00-00:00,2025-06-23T08:00:00-00:00,2025-06-23,1,0,Hourly,RU,AS_NP26,DAM,RU_CLR_PRC,0,5
2025-06-23T07:00:00-00:00,2025-06-23T08:00:00-00:00,2025-06-23,1,0,Hourly,RU,AS_SP26_EXP,DAM,RU_CLR_PRC,0,5
2025-06-23T09:00:00-00:00,2025-06-23T10:00:00-00:00,2025-06-23,3,0,Hourly,RU,AS_CAISO_EXP,DAM,RU_CLR_PRC,1,5
2025-06-23T12:00:00-00:00,2025-06-23T13:00:00-00:00,2025-06-23,6,0,Hourly,RU,AS_SP26,DAM,RU_CLR_PRC,0,5
2025-06-23T12:00:00-00:00,2025-06-23T13:00:00-00:00,2025-06-23,6,0,Hourly,RU,AS_SP26_EXP,DAM,RU_CLR_PRC,0,5
2025-06-23T13:00:00-00:00,2025-06-23T14:00:00-00:00,2025-06-23,7,0,Hourly,RU,AS_SP26_EXP,DAM,RU_CLR_PRC,0,5
2025-06-23T15:00:00-00:00,2025-06-23T16:00:00-00:00,2025-06-23,9,0,Hourly,RU,AS_NP26,DAM,RU_CLR_PRC,0,5
2025-06-23T15:00:00-00:00,2025-06-23T16:00:00-00:00,2025-06-23,9,0,Hourly,RU,AS_NP26_EXP,DAM,RU_CLR_PRC,1.775,5
2025-06-23T17:00:00-00:00,2025-06-23T18:00:00-00:00,2025-06-23,11,0,Hourly,RU,AS_CAISO,DAM,RU_CLR_PRC,0,5
2025-06-23T17:00:00-00:00,2025-06-23T18:00:00-00:00,2025-06-23,11,0,Hourly,RU,AS_SP26_EXP,DAM,RU_CLR_PRC,0,5
2025-06-23T21:00:00-00:00,2025-06-23T22:00:00-00:00,2025-06-23,15,0,Hourly,RU,AS_SP26_EXP,DAM,RU_CLR_PRC,0,5
2025-06-23T22:00:00-00:00,2025-06-23T23:00:00-00:00,2025-06-23,16,0,Hourly,RU,AS_SP26_EXP,DAM,RU_CLR_PRC,0,5
2025-06-23T23:00:00-00:00,2025-06-24T00:00:00-00:00,2025-06-23,17,0,Hourly,RU,AS_CAISO,DAM,RU_CLR_PRC,0,5
2025-06-23T23:00:00-00:00,2025-06-24T00:00:00-00:00,2025-06-23,17,0,Hourly,RU,AS_CAISO_EXP,DAM,RU_CLR_PRC,1.385,5
2025-06-24T01:00:00-00:00,2025-06-24T02:00:00-00:00,2025-06-23,19,0,Hourly,RU,AS_CAISO_EXP,DAM,RU_CLR_PRC,3.39748,5
2025-06-23T07:00:00-00:00,2025-06-23T08:00:00-00:00,2025-06-23,1,0,Hourly,RU,AS_SP26,DAM,RU_CLR_PRC,0,5
2025-06-23T08:00:00-00:00,2025-06-23T09:00:00-00:00,2025-06-23,2,0,Hourly,RU,AS_CAISO,DAM,RU_CLR_PRC,0,5
2025-06-23T10:00:00-00:00,2025-06-23T11:00:00-00:00,2025-06-23,4,0,Hourly,RU,AS_SP26,DAM,RU_CLR_PRC,0,5
2025-06-23T14:00:00-00:00,2025-06-23T15:00:00-00:00,2025-06-23,8,0,Hourly,RU,AS_NP26_EXP,DAM,RU_CLR_PRC,0,5
2025-06-23T15:00:00-00:00,2025-06-23T16:00:00-00:00,2025-06-23,9,0,Hourly,RU,AS_CAISO_EXP,DAM,RU_CLR_PRC,2.645,5
2025-06-23T15:00:00-00:00,2025-06-23T16:00:00-00:00,2025-06-23,9,0,Hourly,RU,AS_SP26_EXP,DAM,RU_CLR_PRC,0,5
2025-06-23T16:00:00-00:00,2025-06-23T17:00:00-00:00,2025-06-23,10,0,Hourly,RU,AS_NP26_EXP,DAM,RU_CLR_PRC,2.96247,5
2025-06-23T17:00:00-00:00,2025-06-23T18:00:00-00:00,2025-06-23,11,0,Hourly,RU,AS_NP26_EXP,DAM,RU_CLR_PRC,0.13,5
2025-06-23T18:00:00-00:00,2025-06-23T19:00:00-00:00,2025-06-23,12,0,Hourly,RU,AS_NP26_EXP,DAM,RU_CLR_PRC,1.73602,5
2025-06-23T20:00:00-00:00,2025-06-23T21:00:00-00:00,2025-06-23,14,0,Hourly,RU,AS_SP26,DAM,RU_CLR_PRC,0,5
2025-06-23T21:00:00-00:00,2025-06-23T22:00:00-00:00,2025-06-23,15,0,Hourly,RU,AS_NP26_EXP,DAM,RU_CLR_PRC,0.7,5
2025-06-24T01:00:00-00:00,2025-06-24T02:00:00-00:00,2025-06-23,19,0,Hourly,RU,AS_NP26_EXP,DAM,RU_CLR_PRC,4.47272,5
2025-06-24T03:00:00-00:00,2025-06-24T04:00:00-00:00,2025-06-23,21,0,Hourly,RU,AS_CAISO,DAM,RU_CLR_PRC,0,5
2025-06-24T05:00:00-00:00,2025-06-24T06:00:00-00:00,2025-06-23,23,0,Hourly,RU,AS_CAISO_EXP,DAM,RU_CLR_PRC,2,5
2025-06-23T07:00:00-00:00,2025-06-23T08:00:00-00:00,2025-06-23,1,0,Hourly,RU,AS_CAISO,DAM,RU_CLR_PRC,0,5
2025-06-23T08:00:00-00:00,2025-06-23T09:00:00-00:00,2025-06-23,2,0,Hourly,RU,AS_CAISO_EXP,DAM,RU_CLR_PRC,1.55498,5
2025-06-23T09:00:00-00:00,2025-06-23T10:00:00-00:00,2025-06-23,3,0,Hourly,RU,AS_SP26_EXP,DAM,RU_CLR_PRC,0,5
2025-06-23T12:00:00-00:00,2025-06-23T13:00:00-00:00,2025-06-23,6,0,Hourly,RU,AS_NP26_EXP,DAM,RU_CLR_PRC,1.57329,5
2025-06-23T13:00:00-00:00,2025-06-23T14:00:00-00:00,2025-06-23,7,0,Hourly,RU,AS_CAISO_EXP,DAM,RU_CLR_PRC,5,5
2025-06-23T14:00:00-00:00,2025-06-23T15:00:00-00:00,2025-06-23,8,0,Hourly,RU,AS_CAISO_EXP,DAM,RU_CLR_PRC,5,5
2025-06-23T16:00:00-00:00,2025-06-23T17:00:00-00:00,2025-06-23,10,0,Hourly,RU,AS_SP26,DAM,RU_CLR_PRC,0,5
2025-06-23T18:00:00-00:00,2025-06-23T19:00:00-00:00,2025-06-23,12,0,Hourly,RU,AS_NP26,DAM,RU_CLR_PRC,0,5
2025-06-23T20:00:00-00:00,2025-06-23T21:00:00-00:00,2025-06-23,14,0,Hourly,RU,AS_NP26,DAM,RU_CLR_PRC,0,5
2025-06-23T20:00:00-00:00,2025-06-23T21:00:00-00:00,2025-06-23,14,0,Hourly,RU,AS_NP26_EXP,DAM,RU_CLR_PRC,1.10284,5
2025-06-23T20:00:00-00:00,2025-06-23T21:00:00-00:00,2025-06-23,14,0,Hourly,RU,AS_SP26_EXP,DAM,RU_CLR_PRC,0,5
2025-06-23T23:00:00-00:00,2025-06-24T00:00:00-00:00,2025-06-23,17,0,Hourly,RU,AS_NP26_EXP,DAM,RU_CLR_PRC,3.035,5
2025-06-24T00:00:00-00:00,2025-06-24T01:00:00-00:00,2025-06-23,18,0,Hourly,RU,AS_CAISO,DAM,RU_CLR_PRC,0,5
2025-06-24T00:00:00-00:00,2025-06-24T01:00:00-00:00,2025-06-23,18,0,Hourly,RU,AS_CAISO_EXP,DAM,RU_CLR_PRC,3.35795,5
2025-06-24T01:00:00-00:00,2025-06-24T02:00:00-00:00,2025-06-23,19,0,Hourly,RU,AS_SP26,DAM,RU_CLR_PRC,0,5
2025-06-24T04:00:00-00:00,2025-06-24T05:00:00-00:00,2025-06-23,22,0,Hourly,RU,AS_SP26,DAM,RU_CLR_PRC,0,5
2025-06-24T05:00:00-00:00,2025-06-24T06:00:00-00:00,2025-06-23,23,0,Hourly,RU,AS_NP26,DAM,RU_CLR_PRC,0,5
2025-06-24T06:00:00-00:00,2025-06-24T07:00:00-00:00,2025-06-23,24,0,Hourly,RU,AS_CAISO,DAM,RU_CLR_PRC,0,5
2025-06-23T08:00:00-00:00,2025-06-23T09:00:00-00:00,2025-06-23,2,0,Hourly,RU,AS_SP26,DAM,RU_CLR_PRC,0,5
2025-06-23T09:00:00-00:00,2025-06-23T10:00:00-00:00,2025-06-23,3,0,Hourly,RU,AS_NP26_EXP,DAM,RU_CLR_PRC,0.65387,5
2025-06-23T10:00:00-00:00,2025-06-23T11:00:00-00:00,2025-06-23,4,0,Hourly,RU,AS_CAISO_EXP,DAM,RU_CLR_PRC,1.66212,5
2025-06-23T12:00:00-00:00,2025-06-23T13:00:00-00:00,2025-06-23,6,0,Hourly,RU,AS_CAISO_EXP,DAM,RU_CLR_PRC,2,5
2025-06-23T12:00:00-00:00,2025-06-23T13:00:00-00:00,2025-06-23,6,0,Hourly,RU,AS_NP26,DAM,RU_CLR_PRC,0,5
2025-06-23T13:00:00-00:00,2025-06-23T14:00:00-00:00,2025-06-23,7,0,Hourly,RU,AS_CAISO,DAM,RU_CLR_PRC,0,5
2025-06-23T16:00:00-00:00,2025-06-23T17:00:00-00:00,2025-06-23,10,0,Hourly,RU,AS_CAISO_EXP,DAM,RU_CLR_PRC,0.17,5
2025-06-23T16:00:00-00:00,2025-06-23T17:00:00-00:00,2025-06-23,10,0,Hourly,RU,AS_NP26,DAM,RU_CLR_PRC,0,5
2025-06-23T18:00:00-00:00,2025-06-23T19:00:00-00:00,2025-06-23,12,0,Hourly,RU,AS_SP26,DAM,RU_CLR_PRC,0,5
2025-06-23T18:00:00-00:00,2025-06-23T19:00:00-00:00,2025-06-23,12,0,Hourly,RU,AS_SP26_EXP,DAM,RU_CLR_PRC,0,5
2025-06-24T07:00:00-00:00,2025-06-24T08:00:00-00:00,2025-06-24,1,0,Hourly,RU,AS_SP26_EXP,DAM,RU_CLR_PRC,0,6
2025-06-24T11:00:00-00:00,2025-06-24T12:00:00-00:00,2025-06-24,5,0,Hourly,RU,AS_SP26,DAM,RU_CLR_PRC,0,6
2025-06-24T14:00:00-00:00,2025-06-24T15:00:00-00:00,2025-06-24,8,0,Hourly,RU,AS_SP26_EXP,DAM,RU_CLR_PRC,0,6
2025-06-24T20:00:00-00:00,2025-06-24T21:00:00-00:00,2025-06-24,14,0,Hourly,RU,AS_CAISO,DAM,RU_CLR_PRC,0,6
2025-06-24T21:00:00-00:00,2025-06-24T22:00:00-00:00,2025-06-24,15,0,Hourly,RU,AS_CAISO_EXP,DAM,RU_CLR_PRC,1.59,6
2025-06-24T22:00:00-00:00,2025-06-24T23:00:00-00:00,2025-06-24,16,0,Hourly,RU,AS_SP26,DAM,RU_CLR_PRC,0,6
2025-06-25T02:00:00-00:00,2025-06-25T03:00:00-00:00,2025-06-24,20,0,Hourly,RU,AS_CAISO,DAM,RU_CLR_PRC,0,6
2025-06-25T02:00:00-00:00,2025-06-25T03:00:00-00:00,2025-06-24,20,0,Hourly,RU,AS_NP26,DAM,RU_CLR_PRC,0,6
2025-06-25T02:00:00-00:00,2025-06-25T03:00:00-00:00,2025-06-24,20,0,Hourly,RU,AS_NP26_EXP,DAM,RU_CLR_PRC,0,6
2025-06-25T03:00:00-00:00,2025-06-25T04:00:00-00:00,2025-06-24,21,0,Hourly,RU,AS_CAISO_EXP,DAM,RU_CLR_PRC,6.96,6
2025-06-25T03:00:00-00:00,2025-06-25T04:00:00-00:00,2025-06-24,21,0,Hourly,RU,AS_SP26,DAM,RU_CLR_PRC,0,6
2025-06-25T04:00:00-00:00,2025-06-25T05:00:00-00:00,2025-06-24,22,0,Hourly,RU,AS_NP26,DAM,RU_CLR_PRC,0,6
2025-06-25T04:00:00-00:00,2025-06-25T05:00:00-00:00,2025-06-24,22,0,Hourly,RU,AS_NP26_EXP,DAM,RU_CLR_PRC,0,6
2025-06-25T06:00:00-00:00,2025-06-25T07:00:00-00:00,2025-06-24,24,0,Hourly,RU,AS_SP26,DAM,RU_CLR_PRC,0,6
2025-06-25T06:00:00-00:00,2025-06-25T07:00:00-00:00,2025-06-24,24,0,Hourly,RU,AS_SP26_EXP,DAM,RU_CLR_PRC,0,6
2025-06-25T02:00:00-00:00,2025-06-25T03:00:00-00:00,2025-06-24,20,0,Hourly,RU,AS_SP26,DAM,RU_CLR_PRC,0,6
2025-06-25T05:00:00-00:00,2025-06-25T06:00:00-00:00,2025-06-24,23,0,Hourly,RU,AS_SP26,DAM,RU_CLR_PRC,0,6
2025-06-24T07:00:00-00:00,2025-06-24T08:00:00-00:00,2025-06-24,1,0,Hourly,RU,AS_CAISO_EXP,DAM,RU_CLR_PRC,2,6
2025-06-24T09:00:00-00:00,2025-06-24T10:00:00-00:00,2025-06-24,3,0,Hourly,RU,AS_CAISO,DAM,RU_CLR_PRC,0,6
2025-06-24T09:00:00-00:00,2025-06-24T10:00:00-00:00,2025-06-24,3,0,Hourly,RU,AS_NP26,DAM,RU_CLR_PRC,0,6
2025-06-24T10:00:00-00:00,2025-06-24T11:00:00-00:00,2025-06-24,4,0,Hourly,RU,AS_NP26_EXP,DAM,RU_CLR_PRC,1.43,6
2025-06-24T12:00:00-00:00,2025-06-24T13:00:00-00:00,2025-06-24,6,0,Hourly,RU,AS_CAISO,DAM,RU_CLR_PRC,0,6
2025-06-24T12:00:00-00:00,2025-06-24T13:00:00-00:00,2025-06-24,6,0,Hourly,RU,AS_NP26,DAM,RU_CLR_PRC,0,6
2025-06-24T13:00:00-00:00,2025-06-24T14:00:00-00:00,2025-06-24,7,0,Hourly,RU,AS_CAISO_EXP,DAM,RU_CLR_PRC,5.26056,6
2025-06-24T14:00:00-00:00,2025-06-24T15:00:00-00:00,2025-06-24,8,0,Hourly,RU,AS_SP26,DAM,RU_CLR_PRC,0,6
2025-06-24T15:00:00-00:00,2025-06-24T16:00:00-00:00,2025-06-24,9,0,Hourly,RU,AS_CAISO_EXP,DAM,RU_CLR_PRC,2.55568,6
2025-06-24T15:00:00-00:00,2025-06-24T16:00:00-00:00,2025-06-24,9,0,Hourly,RU,AS_NP26_EXP,DAM,RU_CLR_PRC,0.23432,6
2025-06-24T16:00:00-00:00,2025-06-24T17:00:00-00:00,2025-06-24,10,0,Hourly,RU,AS_NP26,DAM,RU_CLR_PRC,0,6
2025-06-24T18:00:00-00:00,2025-06-24T19:00:00-00:00,2025-06-24,12,0,Hourly,RU,AS_NP26_EXP,DAM,RU_CLR_PRC,0.13,6
2025-06-24T18:00:00-00:00,2025-06-24T19:00:00-00:00,2025-06-24,12,0,Hourly,RU,AS_SP26,DAM,RU_CLR_PRC,0,6
2025-06-24T19:00:00-00:00,2025-06-24T20:00:00-00:00,2025-06-24,13,0,Hourly,RU,AS_SP26,DAM,RU_CLR_PRC,0,6
2025-06-24T19:00:00-00:00,2025-06-24T20:00:00-00:00,2025-06-24,13,0,Hourly,RU,AS_SP26_EXP,DAM,RU_CLR_PRC,0,6
2025-06-24T23:00:00-00:00,2025-06-25T00:00:00-00:00,2025-06-24,17,0,Hourly,RU,AS_CAISO,DAM,RU_CLR_PRC,0,6
2025-06-24T23:00:00-00:00,2025-06-25T00:00:00-00:00,2025-06-24,17,0,Hourly,RU,AS_SP26,DAM,RU_CLR_PRC,0,6
2025-06-25T00:00:00-00:00,2025-06-25T01:00:00-00:00,2025-06-24,18,0,Hourly,RU,AS_CAISO,DAM,RU_CLR_PRC,0,6
2025-06-24T07:00:00-00:00,2025-06-24T08:00:00-00:00,2025-06-24,1,0,Hourly,RU,AS_NP26,DAM,RU_CLR_PRC,0,6
2025-06-24T12:00:00-00:00,2025-06-24T13:00:00-00:00,2025-06-24,6,0,Hourly,RU,AS_SP26_EXP,DAM,RU_CLR_PRC,0,6
2025-06-24T14:00:00-00:00,2025-06-24T15:00:00-00:00,2025-06-24,8,0,Hourly,RU,AS_CAISO_EXP,DAM,RU_CLR_PRC,4.76497,6
2025-06-24T14:00:00-00:00,2025-06-24T15:00:00-00:00,2025-06-24,8,0,Hourly,RU,AS_NP26,DAM,RU_CLR_PRC,0,6
2025-06-24T15:00:00-00:00,2025-06-24T16:00:00-00:00,2025-06-24,9,0,Hourly,RU,AS_NP26,DAM,RU_CLR_PRC,0,6
2025-06-24T16:00:00-00:00,2025-06-24T17:00:00-00:00,2025-06-24,10,0,Hourly,RU,AS_CAISO,DAM,RU_CLR_PRC,0,6
2025-06-24T16:00:00-00:00,2025-06-24T17:00:00-00:00,2025-06-24,10,0,Hourly,RU,AS_CAISO_EXP,DAM,RU_CLR_PRC,2.71043,6
2025-06-24T17:00:00-00:00,2025-06-24T18:00:00-00:00,2025-06-24,11,0,Hourly,RU,AS_NP26,DAM,RU_CLR_PRC,0,6
2025-06-24T17:00:00-00:00,2025-06-24T18:00:00-00:00,2025-06-24,11,0,Hourly,RU,AS_SP26,DAM,RU_CLR_PRC,0,6
2025-06-24T23:00:00-00:00,2025-06-25T00:00:00-00:00,2025-06-24,17,0,Hourly,RU,AS_SP26_EXP,DAM,RU_CLR_PRC,0,6
2025-06-25T01:00:00-00:00,2025-06-25T02:00:00-00:00,2025-06-24,19,0,Hourly,RU,AS_CAISO_EXP,DAM,RU_CLR_PRC,2.17883,6
2025-06-25T03:00:00-00:00,2025-06-25T04:00:00-00:00,2025-06-24,21,0,Hourly,RU,AS_CAISO,DAM,RU_CLR_PRC,0,6
2025-06-25T03:00:00-00:00,2025-06-25T04:00:00-00:00,2025-06-24,21,0,Hourly,RU,AS_NP26_EXP,DAM,RU_CLR_PRC,0,6
2025-06-25T04:00:00-00:00,2025-06-25T05:00:00-00:00,2025-06-24,22,0,Hourly,RU,AS_CAISO_EXP,DAM,RU_CLR_PRC,5.42,6
2025-06-25T05:00:00-00:00,2025-06-25T06:00:00-00:00,2025-06-24,23,0,Hourly,RU,AS_SP26_EXP,DAM,RU_CLR_PRC,0,6
2025-06-25T06:00:00-00:00,2025-06-25T07:00:00-00:00,2025-06-24,24,0,Hourly,RU,AS_CAISO,DAM,RU_CLR_PRC,0,6
2025-06-24T15:00:00-00:00,2025-06-24T16:00:00-00:00,2025-06-24,9,0,Hourly,RU,AS_CAISO,DAM,RU_CLR_PRC,0,6
2025-06-24T16:00:00-00:00,2025-06-24T17:00:00-00:00,2025-06-24,10,0,Hourly,RU,AS_SP26,DAM,RU_CLR_PRC,0,6
2025-06-24T19:00:00-00:00,2025-06-24T20:00:00-00:00,2025-06-24,13,0,Hourly,RU,AS_NP26_EXP,DAM,RU_CLR_PRC,1.04569,6
2025-06-24T21:00:00-00:00,2025-06-24T22:00:00-00:00,2025-06-24,15,0,Hourly,RU,AS_SP26_EXP,DAM,RU_CLR_PRC,0,6
2025-06-24T22:00:00-00:00,2025-06-24T23:00:00-00:00,2025-06-24,16,0,Hourly,RU,AS_CAISO_EXP,DAM,RU_CLR_PRC,2,6
2025-06-24T22:00:00-00:00,2025-06-24T23:00:00-00:00,2025-06-24,16,0,Hourly,RU,AS_NP26,DAM,RU_CLR_PRC,0,6
2025-06-24T23:00:00-00:00,2025-06-25T00:00:00-00:00,2025-06-24,17,0,Hourly,RU,AS_NP26,DAM,RU_CLR_PRC,0,6
2025-06-25T00:00:00-00:00,2025-06-25T01:00:00-00:00,2025-06-24,18,0,Hourly,RU,AS_NP26,DAM,RU_CLR_PRC,0,6
2025-06-25T02:00:00-00:00,2025-06-25T03:00:00-00:00,2025-06-24,20,0,Hourly,RU,AS_CAISO_EXP,DAM,RU_CLR_PRC,4,6
2025-06-25T04:00:00-00:00,2025-06-25T05:00:00-00:00,2025-06-24,22,0,Hourly,RU,AS_SP26,DAM,RU_CLR_PRC,0,6
2025-06-25T06:00:00-00:00,2025-06-25T07:00:00-00:00,2025-06-24,24,0,Hourly,RU,AS_CAISO_EXP,DAM,RU_CLR_PRC,5,6
2025-06-25T06:00:00-00:00,2025-06-25T07:00:00-00:00,2025-06-24,24,0,Hourly,RU,AS_NP26,DAM,RU_CLR_PRC,0,6
2025-06-24T08:00:00-00:00,2025-06-24T09:00:00-00:00,2025-06-24,2,0,Hourly,RU,AS_NP26,DAM,RU_CLR_PRC,0,6
2025-06-24T10:00:00-00:00,2025-06-24T11:00:00-00:00,2025-06-24,4,0,Hourly,RU,AS_SP26_EXP,DAM,RU_CLR_PRC,0,6
2025-06-24T13:00:00-00:00,2025-06-24T14:00:00-00:00,2025-06-24,7,0,Hourly,RU,AS_CAISO,DAM,RU_CLR_PRC,0,6
2025-06-24T07:00:00-00:00,2025-06-24T08:00:00-00:00,2025-06-24,1,0,Hourly,RU,AS_NP26_EXP,DAM,RU_CLR_PRC,2.56686,6
2025-06-24T07:00:00-00:00,2025-06-24T08:00:00-00:00,2025-06-24,1,0,Hourly,RU,AS_SP26,DAM,RU_CLR_PRC,0,6
2025-06-24T08:00:00-00:00,2025-06-24T09:00:00-00:00,2025-06-24,2,0,Hourly,RU,AS_CAISO_EXP,DAM,RU_CLR_PRC,1,6
2025-06-24T08:00:00-00:00,2025-06-24T09:00:00-00:00,2025-06-24,2,0,Hourly,RU,AS_SP26_EXP,DAM,RU_CLR_PRC,0,6
2025-06-24T10:00:00-00:00,2025-06-24T11:00:00-00:00,2025-06-24,4,0,Hourly,RU,AS_CAISO_EXP,DAM,RU_CLR_PRC,0.55,6
2025-06-24T10:00:00-00:00,2025-06-24T11:00:00-00:00,2025-06-24,4,0,Hourly,RU,AS_NP26,DAM,RU_CLR_PRC,0,6
2025-06-24T11:00:00-00:00,2025-06-24T12:00:00-00:00,2025-06-24,5,0,Hourly,RU,AS_CAISO_EXP,DAM,RU_CLR_PRC,0.92125,6
2025-06-24T13:00:00-00:00,2025-06-24T14:00:00-00:00,2025-06-24,7,0,Hourly,RU,AS_SP26,DAM,RU_CLR_PRC,0,6
2025-06-24T15:00:00-00:00,2025-06-24T16:00:00-00:00,2025-06-24,9,0,Hourly,RU,AS_SP26_EXP,DAM,RU_CLR_PRC,0,6
2025-06-24T16:00:00-00:00,2025-06-24T17:00:00-00:00,2025-06-24,10,0,Hourly,RU,AS_SP26_EXP,DAM,RU_CLR_PRC,0,6
2025-06-24T17:00:00-00:00,2025-06-24T18:00:00-00:00,2025-06-24,11,0,Hourly,RU,AS_CAISO,DAM,RU_CLR_PRC,0,6
2025-06-24T18:00:00-00:00,2025-06-24T19:00:00-00:00,2025-06-24,12,0,Hourly,RU,AS_CAISO,DAM,RU_CLR_PRC,0,6
2025-06-24T19:00:00-00:00,2025-06-24T20:00:00-00:00,2025-06-24,13,0,Hourly,RU,AS_CAISO,DAM,RU_CLR_PRC,0,6
2025-06-24T19:00:00-00:00,2025-06-24T20:00:00-00:00,2025-06-24,13,0,Hourly,RU,AS_CAISO_EXP,DAM,RU_CLR_PRC,1.02,6
2025-06-24T20:00:00-00:00,2025-06-24T21:00:00-00:00,2025-06-24,14,0,Hourly,RU,AS_SP26,DAM,RU_CLR_PRC,0,6
2025-06-24T20:00:00-00:00,2025-06-24T21:00:00-00:00,2025-06-24,14,0,Hourly,RU,AS_SP26_EXP,DAM,RU_CLR_PRC,0,6
2025-06-24T21:00:00-00:00,2025-06-24T22:00:00-00:00,2025-06-24,15,0,Hourly,RU,AS_CAISO,DAM,RU_CLR_PRC,0,6
2025-06-24T21:00:00-00:00,2025-06-24T22:00:00-00:00,2025-06-24,15,0,Hourly,RU,AS_NP26_EXP,DAM,RU_CLR_PRC,2.52513,6
2025-06-24T21:00:00-00:00,2025-06-24T22:00:00-00:00,2025-06-24,15,0,Hourly,RU,AS_SP26,DAM,RU_CLR_PRC,0,6
2025-06-24T22:00:00-00:00,2025-06-24T23:00:00-00:00,2025-06-24,16,0,Hourly,RU,AS_CAISO,DAM,RU_CLR_PRC,0,6
2025-06-24T22:00:00-00:00,2025-06-24T23:00:00-00:00,2025-06-24,16,0,Hourly,RU,AS_SP26_EXP,DAM,RU_CLR_PRC,0,6
2025-06-24T23:00:00-00:00,2025-06-25T00:00:00-00:00,2025-06-24,17,0,Hourly,RU,AS_CAISO_EXP,DAM,RU_CLR_PRC,3.91143,6
2025-06-25T00:00:00-00:00,2025-06-25T01:00:00-00:00,2025-06-24,18,0,Hourly,RU,AS_CAISO_EXP,DAM,RU_CLR_PRC,2.67429,6
2025-06-25T01:00:00-00:00,2025-06-25T02:00:00-00:00,2025-06-24,19,0,Hourly,RU,AS_NP26,DAM,RU_CLR_PRC,0,6
2025-06-25T01:00:00-00:00,2025-06-25T02:00:00-00:00,2025-06-24,19,0,Hourly,RU,AS_NP26_EXP,DAM,RU_CLR_PRC,4.28066,6
2025-06-25T05:00:00-00:00,2025-06-25T06:00:00-00:00,2025-06-24,23,0,Hourly,RU,AS_CAISO,DAM,RU_CLR_PRC,0,6
2025-06-24T09:00:00-00:00,2025-06-24T10:00:00-00:00,2025-06-24,3,0,Hourly,RU,AS_SP26,DAM,RU_CLR_PRC,0,6
2025-06-24T11:00:00-00:00,2025-06-24T12:00:00-00:00,2025-06-24,5,0,Hourly,RU,AS_NP26_EXP,DAM,RU_CLR_PRC,1.07875,6
2025-06-24T12:00:00-00:00,2025-06-24T13:00:00-00:00,2025-06-24,6,0,Hourly,RU,AS_SP26,DAM,RU_CLR_PRC,0,6
2025-06-24T15:00:00-00:00,2025-06-24T16:00:00-00:00,2025-06-24,9,0,Hourly,RU,AS_SP26,DAM,RU_CLR_PRC,0,6
2025-06-24T18:00:00-00:00,2025-06-24T19:00:00-00:00,2025-06-24,12,0,Hourly,RU,AS_CAISO_EXP,DAM,RU_CLR_PRC,1.50944,6
2025-06-24T20:00:00-00:00,2025-06-24T21:00:00-00:00,2025-06-24,14,0,Hourly,RU,AS_NP26,DAM,RU_CLR_PRC,0,6
2025-06-24T22:00:00-00:00,2025-06-24T23:00:00-00:00,2025-06-24,16,0,Hourly,RU,AS_NP26_EXP,DAM,RU_CLR_PRC,0.13,6
2025-06-25T00:00:00-00:00,2025-06-25T01:00:00-00:00,2025-06-24,18,0,Hourly,RU,AS_NP26_EXP,DAM,RU_CLR_PRC,1.82714,6
2025-06-25T00:00:00-00:00,2025-06-25T01:00:00-00:00,2025-06-24,18,0,Hourly,RU,AS_SP26,DAM,RU_CLR_PRC,0,6
2025-06-25T03:00:00-00:00,2025-06-25T04:00:00-00:00,2025-06-24,21,0,Hourly,RU,AS_SP26_EXP,DAM,RU_CLR_PRC,0,6
2025-06-25T04:00:00-00:00,2025-06-25T05:00:00-00:00,2025-06-24,22,0,Hourly,RU,AS_SP26_EXP,DAM,RU_CLR_PRC,0,6
2025-06-25T06:00:00-00:00,2025-06-25T07:00:00-00:00,2025-06-24,24,0,Hourly,RU,AS_NP26_EXP,DAM,RU_CLR_PRC,0,6
2025-06-24T08:00:00-00:00,2025-06-24T09:00:00-00:00,2025-06-24,2,0,Hourly,RU,AS_CAISO,DAM,RU_CLR_PRC,0,6
2025-06-24T08:00:00-00:00,2025-06-24T09:00:00-00:00,2025-06-24,2,0,Hourly,RU,AS_NP26_EXP,DAM,RU_CLR_PRC,1.375,6
2025-06-24T09:00:00-00:00,2025-06-24T10:00:00-00:00,2025-06-24,3,0,Hourly,RU,AS_CAISO_EXP,DAM,RU_CLR_PRC,0.6259,6
2025-06-24T09:00:00-00:00,2025-06-24T10:00:00-00:00,2025-06-24,3,0,Hourly,RU,AS_NP26_EXP,DAM,RU_CLR_PRC,1.3641,6
2025-06-24T10:00:00-00:00,2025-06-24T11:00:00-00:00,2025-06-24,4,0,Hourly,RU,AS_SP26,DAM,RU_CLR_PRC,0,6
2025-06-24T12:00:00-00:00,2025-06-24T13:00:00-00:00,2025-06-24,6,0,Hourly,RU,AS_CAISO_EXP,DAM,RU_CLR_PRC,3.11782,6
2025-06-24T14:00:00-00:00,2025-06-24T15:00:00-00:00,2025-06-24,8,0,Hourly,RU,AS_CAISO,DAM,RU_CLR_PRC,0,6
2025-06-24T17:00:00-00:00,2025-06-24T18:00:00-00:00,2025-06-24,11,0,Hourly,RU,AS_CAISO_EXP,DAM,RU_CLR_PRC,1.30989,6
2025-06-24T17:00:00-00:00,2025-06-24T18:00:00-00:00,2025-06-24,11,0,Hourly,RU,AS_SP26_EXP,DAM,RU_CLR_PRC,0,6
2025-06-24T18:00:00-00:00,2025-06-24T19:00:00-00:00,2025-06-24,12,0,Hourly,RU,AS_SP26_EXP,DAM,RU_CLR_PRC,0,6
2025-06-24T19:00:00-00:00,2025-06-24T20:00:00-00:00,2025-06-24,13,0,Hourly,RU,AS_NP26,DAM,RU_CLR_PRC,0,6
2025-06-25T00:00:00-00:00,2025-06-25T01:00:00-00:00,2025-06-24,18,0,Hourly,RU,AS_SP26_EXP,DAM,RU_CLR_PRC,0,6
2025-06-25T01:00:00-00:00,2025-06-25T02:00:00-00:00,2025-06-24,19,0,Hourly,RU,AS_CAISO,DAM,RU_CLR_PRC,0,6
2025-06-25T01:00:00-00:00,2025-06-25T02:00:00-00:00,2025-06-24,19,0,Hourly,RU,AS_SP26,DAM,RU_CLR_PRC,0,6
2025-06-25T03:00:00-00:00,2025-06-25T04:00:00-00:00,2025-06-24,21,0,Hourly,RU,AS_NP26,DAM,RU_CLR_PRC,0,6
2025-06-24T07:00:00-00:00,2025-06-24T08:00:00-00:00,2025-06-24,1,0,Hourly,RU,AS_CAISO,DAM,RU_CLR_PRC,0,6
2025-06-24T08:00:00-00:00,2025-06-24T09:00:00-00:00,2025-06-24,2,0,Hourly,RU,AS_SP26,DAM,RU_CLR_PRC,0,6
2025-06-24T09:00:00-00:00,2025-06-24T10:00:00-00:00,2025-06-24,3,0,Hourly,RU,AS_SP26_EXP,DAM,RU_CLR_PRC,0,6
2025-06-24T10:00:00-00:00,2025-06-24T11:00:00-00:00,2025-06-24,4,0,Hourly,RU,AS_CAISO,DAM,RU_CLR_PRC,0,6
2025-06-24T11:00:00-00:00,2025-06-24T12:00:00-00:00,2025-06-24,5,0,Hourly,RU,AS_CAISO,DAM,RU_CLR_PRC,0,6
2025-06-24T11:00:00-00:00,2025-06-24T12:00:00-00:00,2025-06-24,5,0,Hourly,RU,AS_NP26,DAM,RU_CLR_PRC,0,6
2025-06-24T11:00:00-00:00,2025-06-24T12:00:00-00:00,2025-06-24,5,0,Hourly,RU,AS_SP26_EXP,DAM,RU_CLR_PRC,0,6
2025-06-24T12:00:00-00:00,2025-06-24T13:00:00-00:00,2025-06-24,6,0,Hourly,RU,AS_NP26_EXP,DAM,RU_CLR_PRC,0.17273,6
2025-06-24T13:00:00-00:00,2025-06-24T14:00:00-00:00,2025-06-24,7,0,Hourly,RU,AS_NP26,DAM,RU_CLR_PRC,0,6
2025-06-24T13:00:00-00:00,2025-06-24T14:00:00-00:00,2025-06-24,7,0,Hourly,RU,AS_NP26_EXP,DAM,RU_CLR_PRC,0,6
2025-06-24T13:00:00-00:00,2025-06-24T14:00:00-00:00,2025-06-24,7,0,Hourly,RU,AS_SP26_EXP,DAM,RU_CLR_PRC,0,6
2025-06-24T14:00:00-00:00,2025-06-24T15:00:00-00:00,2025-06-24,8,0,Hourly,RU,AS_NP26_EXP,DAM,RU_CLR_PRC,0,6
2025-06-24T16:00:00-00:00,2025-06-24T17:00:00-00:00,2025-06-24,10,0,Hourly,RU,AS_NP26_EXP,DAM,RU_CLR_PRC,0.13,6
2025-06-24T17:00:00-00:00,2025-06-24T18:00:00-00:00,2025-06-24,11,0,Hourly,RU,AS_NP26_EXP,DAM,RU_CLR_PRC,0.73026,6
2025-06-24T18:00:00-00:00,2025-06-24T19:00:00-00:00,2025-06-24,12,0,Hourly,RU,AS_NP26,DAM,RU_CLR_PRC,0,6
2025-06-24T20:00:00-00:00,2025-06-24T21:00:00-00:00,2025-06-24,14,0,Hourly,RU,AS_CAISO_EXP,DAM,RU_CLR_PRC,1.93638,6
2025-06-24T20:00:00-00:00,2025-06-24T21:00:00-00:00,2025-06-24,14,0,Hourly,RU,AS_NP26_EXP,DAM,RU_CLR_PRC,1.02433,6
2025-06-24T21:00:00-00:00,2025-06-24T22:00:00-00:00,2025-06-24,15,0,Hourly,RU,AS_NP26,DAM,RU_CLR_PRC,0,6
2025-06-24T23:00:00-00:00,2025-06-25T00:00:00-00:00,2025-06-24,17,0,Hourly,RU,AS_NP26_EXP,DAM,RU_CLR_PRC,0.13,6
2025-06-25T01:00:00-00:00,2025-06-25T02:00:00-00:00,2025-06-24,19,0,Hourly,RU,AS_SP26_EXP,DAM,RU_CLR_PRC,0,6
2025-06-25T02:00:00-00:00,2025-06-25T03:00:00-00:00,2025-06-24,20,0,Hourly,RU,AS_SP26_EXP,DAM,RU_CLR_PRC,0,6
2025-06-25T04:00:00-00:00,2025-06-25T05:00:00-00:00,2025-06-24,22,0,Hourly,RU,AS_CAISO,DAM,RU_CLR_PRC,0,6
2025-06-25T05:00:00-00:00,2025-06-25T06:00:00-00:00,2025-06-24,23,0,Hourly,RU,AS_CAISO_EXP,DAM,RU_CLR_PRC,1.68061,6
2025-06-25T05:00:00-00:00,2025-06-25T06:00:00-00:00,2025-06-24,23,0,Hourly,RU,AS_NP26,DAM,RU_CLR_PRC,0,6
2025-06-25T05:00:00-00:00,2025-06-25T06:00:00-00:00,2025-06-24,23,0,Hourly,RU,AS_NP26_EXP,DAM,RU_CLR_PRC,1.00939,6
2025-06-25T16:00:00-00:00,2025-06-25T17:00:00-00:00,2025-06-25,10,0,Hourly,RU,AS_SP26,DAM,RU_CLR_PRC,0,7
2025-06-25T18:00:00-00:00,2025-06-25T19:00:00-00:00,2025-06-25,12,0,Hourly,RU,AS_SP26_EXP,DAM,RU_CLR_PRC,0,7
2025-06-25T19:00:00-00:00,2025-06-25T20:00:00-00:00,2025-06-25,13,0,Hourly,RU,AS_NP26_EXP,DAM,RU_CLR_PRC,0.18488,7
2025-06-25T19:00:00-00:00,2025-06-25T20:00:00-00:00,2025-06-25,13,0,Hourly,RU,AS_SP26_EXP,DAM,RU_CLR_PRC,0,7
2025-06-25T21:00:00-00:00,2025-06-25T22:00:00-00:00,2025-06-25,15,0,Hourly,RU,AS_SP26,DAM,RU_CLR_PRC,0,7
2025-06-25T23:00:00-00:00,2025-06-26T00:00:00-00:00,2025-06-25,17,0,Hourly,RU,AS_CAISO_EXP,DAM,RU_CLR_PRC,2.28198,7
2025-06-25T23:00:00-00:00,2025-06-26T00:00:00-00:00,2025-06-25,17,0,Hourly,RU,AS_NP26_EXP,DAM,RU_CLR_PRC,0.13,7
2025-06-25T23:00:00-00:00,2025-06-26T00:00:00-00:00,2025-06-25,17,0,Hourly,RU,AS_SP26_EXP,DAM,RU_CLR_PRC,0,7
2025-06-26T00:00:00-00:00,2025-06-26T01:00:00-00:00,2025-06-25,18,0,Hourly,RU,AS_SP26_EXP,DAM,RU_CLR_PRC,0,7
2025-06-26T01:00:00-00:00,2025-06-26T02:00:00-00:00,2025-06-25,19,0,Hourly,RU,AS_SP26,DAM,RU_CLR_PRC,0,7
2025-06-26T02:00:00-00:00,2025-06-26T03:00:00-00:00,2025-06-25,20,0,Hourly,RU,AS_CAISO,DAM,RU_CLR_PRC,0,7
2025-06-26T04:00:00-00:00,2025-06-26T05:00:00-00:00,2025-06-25,22,0,Hourly,RU,AS_NP26,DAM,RU_CLR_PRC,0,7
2025-06-26T05:00:00-00:00,2025-06-26T06:00:00-00:00,2025-06-25,23,0,Hourly,RU,AS_NP26,DAM,RU_CLR_PRC,0,7
2025-06-25T07:00:00-00:00,2025-06-25T08:00:00-00:00,2025-06-25,1,0,Hourly,RU,AS_SP26,DAM,RU_CLR_PRC,0,7
2025-06-25T07:00:00-00:00,2025-06-25T08:00:00-00:00,2025-06-25,1,0,Hourly,RU,AS_SP26_EXP,DAM,RU_CLR_PRC,0,7
2025-06-25T09:00:00-00:00,2025-06-25T10:00:00-00:00,2025-06-25,3,0,Hourly,RU,AS_CAISO_EXP,DAM,RU_CLR_PRC,0.85217,7
2025-06-25T20:00:00-00:00,2025-06-25T21:00:00-00:00,2025-06-25,14,0,Hourly,RU,AS_SP26_EXP,DAM,RU_CLR_PRC,0,7
2025-06-25T22:00:00-00:00,2025-06-25T23:00:00-00:00,2025-06-25,16,0,Hourly,RU,AS_SP26,DAM,RU_CLR_PRC,0,7
2025-06-25T23:00:00-00:00,2025-06-26T00:00:00-00:00,2025-06-25,17,0,Hourly,RU,AS_SP26,DAM,RU_CLR_PRC,0,7
2025-06-26T00:00:00-00:00,2025-06-26T01:00:00-00:00,2025-06-25,18,0,Hourly,RU,AS_SP26,DAM,RU_CLR_PRC,0,7
2025-06-26T01:00:00-00:00,2025-06-26T02:00:00-00:00,2025-06-25,19,0,Hourly,RU,AS_CAISO,DAM,RU_CLR_PRC,0,7
2025-06-26T02:00:00-00:00,2025-06-26T03:00:00-00:00,2025-06-25,20,0,Hourly,RU,AS_NP26,DAM,RU_CLR_PRC,0,7
2025-06-26T03:00:00-00:00,2025-06-26T04:00:00-00:00,2025-06-25,21,0,Hourly,RU,AS_NP26_EXP,DAM,RU_CLR_PRC,0,7
2025-06-26T04:00:00-00:00,2025-06-26T05:00:00-00:00,2025-06-25,22,0,Hourly,RU,AS_CAISO,DAM,RU_CLR_PRC,0,7
2025-06-26T05:00:00-00:00,2025-06-26T06:00:00-00:00,2025-06-25,23,0,Hourly,RU,AS_SP26,DAM,RU_CLR_PRC,0,7
2025-06-25T07:00:00-00:00,2025-06-25T08:00:00-00:00,2025-06-25,1,0,Hourly,RU,AS_NP26_EXP,DAM,RU_CLR_PRC,3.9785,7
2025-06-25T08:00:00-00:00,2025-06-25T09:00:00-00:00,2025-06-25,2,0,Hourly,RU,AS_NP26,DAM,RU_CLR_PRC,0,7
2025-06-25T09:00:00-00:00,2025-06-25T10:00:00-00:00,2025-06-25,3,0,Hourly,RU,AS_SP26,DAM,RU_CLR_PRC,0,7
2025-06-25T10:00:00-00:00,2025-06-25T11:00:00-00:00,2025-06-25,4,0,Hourly,RU,AS_SP26_EXP,DAM,RU_CLR_PRC,0,7
2025-06-25T12:00:00-00:00,2025-06-25T13:00:00-00:00,2025-06-25,6,0,Hourly,RU,AS_CAISO,DAM,RU_CLR_PRC,0,7
2025-06-25T13:00:00-00:00,2025-06-25T14:00:00-00:00,2025-06-25,7,0,Hourly,RU,AS_NP26_EXP,DAM,RU_CLR_PRC,0,7
2025-06-25T14:00:00-00:00,2025-06-25T15:00:00-00:00,2025-06-25,8,0,Hourly,RU,AS_SP26_EXP,DAM,RU_CLR_PRC,0,7
2025-06-25T18:00:00-00:00,2025-06-25T19:00:00-00:00,2025-06-25,12,0,Hourly,RU,AS_NP26,DAM,RU_CLR_PRC,0,7
2025-06-25T08:00:00-00:00,2025-06-25T09:00:00-00:00,2025-06-25,2,0,Hourly,RU,AS_SP26_EXP,DAM,RU_CLR_PRC,0,7
2025-06-25T09:00:00-00:00,2025-06-25T10:00:00-00:00,2025-06-25,3,0,Hourly,RU,AS_SP26_EXP,DAM,RU_CLR_PRC,0,7
2025-06-25T10:00:00-00:00,2025-06-25T11:00:00-00:00,2025-06-25,4,0,Hourly,RU,AS_CAISO,DAM,RU_CLR_PRC,0,7
2025-06-25T11:00:00-00:00,2025-06-25T12:00:00-00:00,2025-06-25,5,0,Hourly,RU,AS_CAISO_EXP,DAM,RU_CLR_PRC,0.88331,7
2025-06-25T11:00:00-00:00,2025-06-25T12:00:00-00:00,2025-06-25,5,0,Hourly,RU,AS_SP26_EXP,DAM,RU_CLR_PRC,0,7
2025-06-25T13:00:00-00:00,2025-06-25T14:00:00-00:00,2025-06-25,7,0,Hourly,RU,AS_CAISO,DAM,RU_CLR_PRC,0,7
2025-06-25T16:00:00-00:00,2025-06-25T17:00:00-00:00,2025-06-25,10,0,Hourly,RU,AS_CAISO,DAM,RU_CLR_PRC,0,7
2025-06-25T17:00:00-00:00,2025-06-25T18:00:00-00:00,2025-06-25,11,0,Hourly,RU,AS_SP26,DAM,RU_CLR_PRC,0,7
2025-06-25T19:00:00-00:00,2025-06-25T20:00:00-00:00,2025-06-25,13,0,Hourly,RU,AS_CAISO_EXP,DAM,RU_CLR_PRC,0.5,7
2025-06-25T20:00:00-00:00,2025-06-25T21:00:00-00:00,2025-06-25,14,0,Hourly,RU,AS_SP26,DAM,RU_CLR_PRC,0,7
2025-06-25T21:00:00-00:00,2025-06-25T22:00:00-00:00,2025-06-25,15,0,Hourly,RU,AS_CAISO_EXP,DAM,RU_CLR_PRC,2.03779,7
2025-06-25T21:00:00-00:00,2025-06-25T22:00:00-00:00,2025-06-25,15,0,Hourly,RU,AS_NP26,DAM,RU_CLR_PRC,0,7
2025-06-25T22:00:00-00:00,2025-06-25T23:00:00-00:00,2025-06-25,16,0,Hourly,RU,AS_CAISO,DAM,RU_CLR_PRC,0,7
2025-06-25T22:00:00-00:00,2025-06-25T23:00:00-00:00,2025-06-25,16,0,Hourly,RU,AS_CAISO_EXP,DAM,RU_CLR_PRC,1.96309,7
2025-06-26T00:00:00-00:00,2025-06-26T01:00:00-00:00,2025-06-25,18,0,Hourly,RU,AS_NP26,DAM,RU_CLR_PRC,0,7
2025-06-26T00:00:00-00:00,2025-06-26T01:00:00-00:00,2025-06-25,18,0,Hourly,RU,AS_NP26_EXP,DAM,RU_CLR_PRC,0.81067,7
2025-06-26T02:00:00-00:00,2025-06-26T03:00:00-00:00,2025-06-25,20,0,Hourly,RU,AS_NP26_EXP,DAM,RU_CLR_PRC,2.96,7
2025-06-26T06:00:00-00:00,2025-06-26T07:00:00-00:00,2025-06-25,24,0,Hourly,RU,AS_SP26_EXP,DAM,RU_CLR_PRC,0,7
2025-06-25T08:00:00-00:00,2025-06-25T09:00:00-00:00,2025-06-25,2,0,Hourly,RU,AS_CAISO,DAM,RU_CLR_PRC,0,7
2025-06-25T09:00:00-00:00,2025-06-25T10:00:00-00:00,2025-06-25,3,0,Hourly,RU,AS_NP26_EXP,DAM,RU_CLR_PRC,1.96779,7
2025-06-25T13:00:00-00:00,2025-06-25T14:00:00-00:00,2025-06-25,7,0,Hourly,RU,AS_SP26,DAM,RU_CLR_PRC,0,7
2025-06-25T15:00:00-00:00,2025-06-25T16:00:00-00:00,2025-06-25,9,0,Hourly,RU,AS_CAISO,DAM,RU_CLR_PRC,0,7
2025-06-25T17:00:00-00:00,2025-06-25T18:00:00-00:00,2025-06-25,11,0,Hourly,RU,AS_NP26_EXP,DAM,RU_CLR_PRC,1.41095,7
2025-06-25T17:00:00-00:00,2025-06-25T18:00:00-00:00,2025-06-25,11,0,Hourly,RU,AS_SP26_EXP,DAM,RU_CLR_PRC,0,7
2025-06-25T18:00:00-00:00,2025-06-25T19:00:00-00:00,2025-06-25,12,0,Hourly,RU,AS_NP26_EXP,DAM,RU_CLR_PRC,1.42809,7
2025-06-25T19:00:00-00:00,2025-06-25T20:00:00-00:00,2025-06-25,13,0,Hourly,RU,AS_CAISO,DAM,RU_CLR_PRC,0,7
2025-06-25T19:00:00-00:00,2025-06-25T20:00:00-00:00,2025-06-25,13,0,Hourly,RU,AS_SP26,DAM,RU_CLR_PRC,0,7
2025-06-25T21:00:00-00:00,2025-06-25T22:00:00-00:00,2025-06-25,15,0,Hourly,RU,AS_CAISO,DAM,RU_CLR_PRC,0,7
2025-06-25T23:00:00-00:00,2025-06-26T00:00:00-00:00,2025-06-25,17,0,Hourly,RU,AS_CAISO,DAM,RU_CLR_PRC,0,7
2025-06-26T01:00:00-00:00,2025-06-26T02:00:00-00:00,2025-06-25,19,0,Hourly,RU,AS_CAISO_EXP,DAM,RU_CLR_PRC,0.95,7
2025-06-26T02:00:00-00:00,2025-06-26T03:00:00-00:00,2025-06-25,20,0,Hourly,RU,AS_SP26,DAM,RU_CLR_PRC,0,7
2025-06-26T02:00:00-00:00,2025-06-26T03:00:00-00:00,2025-06-25,20,0,Hourly,RU,AS_SP26_EXP,DAM,RU_CLR_PRC,0,7
2025-06-26T03:00:00-00:00,2025-06-26T04:00:00-00:00,2025-06-25,21,0,Hourly,RU,AS_NP26,DAM,RU_CLR_PRC,0,7
2025-06-26T04:00:00-00:00,2025-06-26T05:00:00-00:00,2025-06-25,22,0,Hourly,RU,AS_SP26,DAM,RU_CLR_PRC,0,7
2025-06-26T05:00:00-00:00,2025-06-26T06:00:00-00:00,2025-06-25,23,0,Hourly,RU,AS_SP26_EXP,DAM,RU_CLR_PRC,0,7
2025-06-26T06:00:00-00:00,2025-06-26T07:00:00-00:00,2025-06-25,24,0,Hourly,RU,AS_NP26_EXP,DAM,RU_CLR_PRC,0,7
2025-06-26T06:00:00-00:00,2025-06-26T07:00:00-00:00,2025-06-25,24,0,Hourly,RU,AS_CAISO,DAM,RU_CLR_PRC,0,7
2025-06-26T06:00:00-00:00,2025-06-26T07:00:00-00:00,2025-06-25,24,0,Hourly,RU,AS_CAISO_EXP,DAM,RU_CLR_PRC,5.99,7
2025-06-26T06:00:00-00:00,2025-06-26T07:00:00-00:00,2025-06-25,24,0,Hourly,RU,AS_SP26,DAM,RU_CLR_PRC,0,7
2025-06-25T10:00:00-00:00,2025-06-25T11:00:00-00:00,2025-06-25,4,0,Hourly,RU,AS_CAISO_EXP,DAM,RU_CLR_PRC,1.00331,7
2025-06-25T11:00:00-00:00,2025-06-25T12:00:00-00:00,2025-06-25,5,0,Hourly,RU,AS_NP26_EXP,DAM,RU_CLR_PRC,1.95594,7
2025-06-25T12:00:00-00:00,2025-06-25T13:00:00-00:00,2025-06-25,6,0,Hourly,RU,AS_NP26_EXP,DAM,RU_CLR_PRC,1.18324,7
2025-06-25T12:00:00-00:00,2025-06-25T13:00:00-00:00,2025-06-25,6,0,Hourly,RU,AS_SP26,DAM,RU_CLR_PRC,0,7
2025-06-25T15:00:00-00:00,2025-06-25T16:00:00-00:00,2025-06-25,9,0,Hourly,RU,AS_NP26,DAM,RU_CLR_PRC,0,7
2025-06-25T15:00:00-00:00,2025-06-25T16:00:00-00:00,2025-06-25,9,0,Hourly,RU,AS_SP26,DAM,RU_CLR_PRC,0,7
2025-06-25T16:00:00-00:00,2025-06-25T17:00:00-00:00,2025-06-25,10,0,Hourly,RU,AS_NP26,DAM,RU_CLR_PRC,0,7
2025-06-25T16:00:00-00:00,2025-06-25T17:00:00-00:00,2025-06-25,10,0,Hourly,RU,AS_NP26_EXP,DAM,RU_CLR_PRC,2.14,7
2025-06-25T08:00:00-00:00,2025-06-25T09:00:00-00:00,2025-06-25,2,0,Hourly,RU,AS_SP26,DAM,RU_CLR_PRC,0,7
2025-06-25T11:00:00-00:00,2025-06-25T12:00:00-00:00,2025-06-25,5,0,Hourly,RU,AS_CAISO,DAM,RU_CLR_PRC,0,7
2025-06-25T12:00:00-00:00,2025-06-25T13:00:00-00:00,2025-06-25,6,0,Hourly,RU,AS_CAISO_EXP,DAM,RU_CLR_PRC,3.80338,7
2025-06-25T13:00:00-00:00,2025-06-25T14:00:00-00:00,2025-06-25,7,0,Hourly,RU,AS_CAISO_EXP,DAM,RU_CLR_PRC,5.3,7
2025-06-25T13:00:00-00:00,2025-06-25T14:00:00-00:00,2025-06-25,7,0,Hourly,RU,AS_NP26,DAM,RU_CLR_PRC,0,7
2025-06-25T14:00:00-00:00,2025-06-25T15:00:00-00:00,2025-06-25,8,0,Hourly,RU,AS_NP26,DAM,RU_CLR_PRC,0,7
2025-06-25T14:00:00-00:00,2025-06-25T15:00:00-00:00,2025-06-25,8,0,Hourly,RU,AS_NP26_EXP,DAM,RU_CLR_PRC,0,7
2025-06-25T15:00:00-00:00,2025-06-25T16:00:00-00:00,2025-06-25,9,0,Hourly,RU,AS_SP26_EXP,DAM,RU_CLR_PRC,0,7
2025-06-25T16:00:00-00:00,2025-06-25T17:00:00-00:00,2025-06-25,10,0,Hourly,RU,AS_SP26_EXP,DAM,RU_CLR_PRC,0,7
2025-06-25T17:00:00-00:00,2025-06-25T18:00:00-00:00,2025-06-25,11,0,Hourly,RU,AS_CAISO,DAM,RU_CLR_PRC,0,7
2025-06-25T18:00:00-00:00,2025-06-25T19:00:00-00:00,2025-06-25,12,0,Hourly,RU,AS_SP26,DAM,RU_CLR_PRC,0,7
2025-06-25T20:00:00-00:00,2025-06-25T21:00:00-00:00,2025-06-25,14,0,Hourly,RU,AS_CAISO_EXP,DAM,RU_CLR_PRC,2,7
2025-06-25T21:00:00-00:00,2025-06-25T22:00:00-00:00,2025-06-25,15,0,Hourly,RU,AS_SP26_EXP,DAM,RU_CLR_PRC,0,7
2025-06-25T22:00:00-00:00,2025-06-25T23:00:00-00:00,2025-06-25,16,0,Hourly,RU,AS_NP26,DAM,RU_CLR_PRC,0,7
2025-06-25T23:00:00-00:00,2025-06-26T00:00:00-00:00,2025-06-25,17,0,Hourly,RU,AS_NP26,DAM,RU_CLR_PRC,0,7
2025-06-26T00:00:00-00:00,2025-06-26T01:00:00-00:00,2025-06-25,18,0,Hourly,RU,AS_CAISO_EXP,DAM,RU_CLR_PRC,1.88933,7
2025-06-26T04:00:00-00:00,2025-06-26T05:00:00-00:00,2025-06-25,22,0,Hourly,RU,AS_CAISO_EXP,DAM,RU_CLR_PRC,4.91,7
2025-06-26T05:00:00-00:00,2025-06-26T06:00:00-00:00,2025-06-25,23,0,Hourly,RU,AS_NP26_EXP,DAM,RU_CLR_PRC,0.72499,7
2025-06-25T07:00:00-00:00,2025-06-25T08:00:00-00:00,2025-06-25,1,0,Hourly,RU,AS_CAISO_EXP,DAM,RU_CLR_PRC,1,7
2025-06-25T08:00:00-00:00,2025-06-25T09:00:00-00:00,2025-06-25,2,0,Hourly,RU,AS_CAISO_EXP,DAM,RU_CLR_PRC,1,7
2025-06-25T12:00:00-00:00,2025-06-25T13:00:00-00:00,2025-06-25,6,0,Hourly,RU,AS_NP26,DAM,RU_CLR_PRC,0,7
2025-06-25T15:00:00-00:00,2025-06-25T16:00:00-00:00,2025-06-25,9,0,Hourly,RU,AS_CAISO_EXP,DAM,RU_CLR_PRC,2.21423,7
2025-06-25T18:00:00-00:00,2025-06-25T19:00:00-00:00,2025-06-25,12,0,Hourly,RU,AS_CAISO,DAM,RU_CLR_PRC,0,7
2025-06-25T18:00:00-00:00,2025-06-25T19:00:00-00:00,2025-06-25,12,0,Hourly,RU,AS_CAISO_EXP,DAM,RU_CLR_PRC,0.56192,7
2025-06-26T01:00:00-00:00,2025-06-26T02:00:00-00:00,2025-06-25,19,0,Hourly,RU,AS_NP26_EXP,DAM,RU_CLR_PRC,6.64644,7
2025-06-26T03:00:00-00:00,2025-06-26T04:00:00-00:00,2025-06-25,21,0,Hourly,RU,AS_SP26,DAM,RU_CLR_PRC,0,7
2025-06-26T06:00:00-00:00,2025-06-26T07:00:00-00:00,2025-06-25,24,0,Hourly,RU,AS_NP26,DAM,RU_CLR_PRC,0,7
2025-06-26T04:00:00-00:00,2025-06-26T05:00:00-00:00,2025-06-25,22,0,Hourly,RU,AS_SP26_EXP,DAM,RU_CLR_PRC,0,7
2025-06-25T07:00:00-00:00,2025-06-25T08:00:00-00:00,2025-06-25,1,0,Hourly,RU,AS_CAISO,DAM,RU_CLR_PRC,0,7
2025-06-25T07:00:00-00:00,2025-06-25T08:00:00-00:00,2025-06-25,1,0,Hourly,RU,AS_NP26,DAM,RU_CLR_PRC,0,7
2025-06-25T10:00:00-00:00,2025-06-25T11:00:00-00:00,2025-06-25,4,0,Hourly,RU,AS_NP26,DAM,RU_CLR_PRC,0,7
2025-06-25T10:00:00-00:00,2025-06-25T11:00:00-00:00,2025-06-25,4,0,Hourly,RU,AS_SP26,DAM,RU_CLR_PRC,0,7
2025-06-25T13:00:00-00:00,2025-06-25T14:00:00-00:00,2025-06-25,7,0,Hourly,RU,AS_SP26_EXP,DAM,RU_CLR_PRC,0,7
2025-06-25T14:00:00-00:00,2025-06-25T15:00:00-00:00,2025-06-25,8,0,Hourly,RU,AS_CAISO,DAM,RU_CLR_PRC,0,7
2025-06-25T14:00:00-00:00,2025-06-25T15:00:00-00:00,2025-06-25,8,0,Hourly,RU,AS_CAISO_EXP,DAM,RU_CLR_PRC,4.82173,7
2025-06-25T14:00:00-00:00,2025-06-25T15:00:00-00:00,2025-06-25,8,0,Hourly,RU,AS_SP26,DAM,RU_CLR_PRC,0,7
2025-06-25T15:00:00-00:00,2025-06-25T16:00:00-00:00,2025-06-25,9,0,Hourly,RU,AS_NP26_EXP,DAM,RU_CLR_PRC,2.19121,7
2025-06-25T16:00:00-00:00,2025-06-25T17:00:00-00:00,2025-06-25,10,0,Hourly,RU,AS_CAISO_EXP,DAM,RU_CLR_PRC,0.56,7
2025-06-25T17:00:00-00:00,2025-06-25T18:00:00-00:00,2025-06-25,11,0,Hourly,RU,AS_CAISO_EXP,DAM,RU_CLR_PRC,1.075,7
2025-06-25T19:00:00-00:00,2025-06-25T20:00:00-00:00,2025-06-25,13,0,Hourly,RU,AS_NP26,DAM,RU_CLR_PRC,0,7
2025-06-25T20:00:00-00:00,2025-06-25T21:00:00-00:00,2025-06-25,14,0,Hourly,RU,AS_NP26,DAM,RU_CLR_PRC,0,7
2025-06-26T00:00:00-00:00,2025-06-26T01:00:00-00:00,2025-06-25,18,0,Hourly,RU,AS_CAISO,DAM,RU_CLR_PRC,0,7
2025-06-26T01:00:00-00:00,2025-06-26T02:00:00-00:00,2025-06-25,19,0,Hourly,RU,AS_NP26,DAM,RU_CLR_PRC,0,7
2025-06-26T02:00:00-00:00,2025-06-26T03:00:00-00:00,2025-06-25,20,0,Hourly,RU,AS_CAISO_EXP,DAM,RU_CLR_PRC,4,7
2025-06-26T03:00:00-00:00,2025-06-26T04:00:00-00:00,2025-06-25,21,0,Hourly,RU,AS_CAISO_EXP,DAM,RU_CLR_PRC,6,7
2025-06-26T03:00:00-00:00,2025-06-26T04:00:00-00:00,2025-06-25,21,0,Hourly,RU,AS_SP26_EXP,DAM,RU_CLR_PRC,0,7
2025-06-26T04:00:00-00:00,2025-06-26T05:00:00-00:00,2025-06-25,22,0,Hourly,RU,AS_NP26_EXP,DAM,RU_CLR_PRC,0,7
2025-06-25T08:00:00-00:00,2025-06-25T09:00:00-00:00,2025-06-25,2,0,Hourly,RU,AS_NP26_EXP,DAM,RU_CLR_PRC,2.80852,7
2025-06-25T09:00:00-00:00,2025-06-25T10:00:00-00:00,2025-06-25,3,0,Hourly,RU,AS_CAISO,DAM,RU_CLR_PRC,0,7
2025-06-25T09:00:00-00:00,2025-06-25T10:00:00-00:00,2025-06-25,3,0,Hourly,RU,AS_NP26,DAM,RU_CLR_PRC,0,7
2025-06-25T10:00:00-00:00,2025-06-25T11:00:00-00:00,2025-06-25,4,0,Hourly,RU,AS_NP26_EXP,DAM,RU_CLR_PRC,1.85594,7
2025-06-25T11:00:00-00:00,2025-06-25T12:00:00-00:00,2025-06-25,5,0,Hourly,RU,AS_NP26,DAM,RU_CLR_PRC,0,7
2025-06-25T11:00:00-00:00,2025-06-25T12:00:00-00:00,2025-06-25,5,0,Hourly,RU,AS_SP26,DAM,RU_CLR_PRC,0,7
2025-06-25T12:00:00-00:00,2025-06-25T13:00:00-00:00,2025-06-25,6,0,Hourly,RU,AS_SP26_EXP,DAM,RU_CLR_PRC,0,7
2025-06-25T17:00:00-00:00,2025-06-25T18:00:00-00:00,2025-06-25,11,0,Hourly,RU,AS_NP26,DAM,RU_CLR_PRC,0,7
2025-06-25T20:00:00-00:00,2025-06-25T21:00:00-00:00,2025-06-25,14,0,Hourly,RU,AS_CAISO,DAM,RU_CLR_PRC,0,7
2025-06-25T20:00:00-00:00,2025-06-25T21:00:00-00:00,2025-06-25,14,0,Hourly,RU,AS_NP26_EXP,DAM,RU_CLR_PRC,1.45883,7
2025-06-25T21:00:00-00:00,2025-06-25T22:00:00-00:00,2025-06-25,15,0,Hourly,RU,AS_NP26_EXP,DAM,RU_CLR_PRC,0.66221,7
2025-06-25T22:00:00-00:00,2025-06-25T23:00:00-00:00,2025-06-25,16,0,Hourly,RU,AS_NP26_EXP,DAM,RU_CLR_PRC,0.13,7
2025-06-25T22:00:00-00:00,2025-06-25T23:00:00-00:00,2025-06-25,16,0,Hourly,RU,AS_SP26_EXP,DAM,RU_CLR_PRC,0,7
2025-06-26T01:00:00-00:00,2025-06-26T02:00:00-00:00,2025-06-25,19,0,Hourly,RU,AS_SP26_EXP,DAM,RU_CLR_PRC,0,7
2025-06-26T03:00:00-00:00,2025-06-26T04:00:00-00:00,2025-06-25,21,0,Hourly,RU,AS_CAISO,DAM,RU_CLR_PRC,0,7
2025-06-26T05:00:00-00:00,2025-06-26T06:00:00-00:00,2025-06-25,23,0,Hourly,RU,AS_CAISO,DAM,RU_CLR_PRC,0,7
2025-06-26T05:00:00-00:00,2025-06-26T06:00:00-00:00,2025-06-25,23,0,Hourly,RU,AS_CAISO_EXP,DAM,RU_CLR_PRC,2.31729,7
2025-06-26T09:00:00-00:00,2025-06-26T10:00:00-00:00,2025-06-26,3,0,Hourly,RU,AS_NP26,DAM,RU_CLR_PRC,0,8
2025-06-26T11:00:00-00:00,2025-06-26T12:00:00-00:00,2025-06-26,5,0,Hourly,RU,AS_NP26,DAM,RU_CLR_PRC,0,8
2025-06-26T11:00:00-00:00,2025-06-26T12:00:00-00:00,2025-06-26,5,0,Hourly,RU,AS_NP26_EXP,DAM,RU_CLR_PRC,0.8824,8
2025-06-26T12:00:00-00:00,2025-06-26T13:00:00-00:00,2025-06-26,6,0,Hourly,RU,AS_SP26,DAM,RU_CLR_PRC,0,8
2025-06-26T14:00:00-00:00,2025-06-26T15:00:00-00:00,2025-06-26,8,0,Hourly,RU,AS_CAISO_EXP,DAM,RU_CLR_PRC,2.70244,8
2025-06-26T14:00:00-00:00,2025-06-26T15:00:00-00:00,2025-06-26,8,0,Hourly,RU,AS_NP26_EXP,DAM,RU_CLR_PRC,1.46556,8
2025-06-26T15:00:00-00:00,2025-06-26T16:00:00-00:00,2025-06-26,9,0,Hourly,RU,AS_SP26_EXP,DAM,RU_CLR_PRC,0,8
2025-06-26T16:00:00-00:00,2025-06-26T17:00:00-00:00,2025-06-26,10,0,Hourly,RU,AS_CAISO_EXP,DAM,RU_CLR_PRC,2,8
2025-06-26T16:00:00-00:00,2025-06-26T17:00:00-00:00,2025-06-26,10,0,Hourly,RU,AS_NP26,DAM,RU_CLR_PRC,0,8
2025-06-26T20:00:00-00:00,2025-06-26T21:00:00-00:00,2025-06-26,14,0,Hourly,RU,AS_CAISO_EXP,DAM,RU_CLR_PRC,2,8
2025-06-26T20:00:00-00:00,2025-06-26T21:00:00-00:00,2025-06-26,14,0,Hourly,RU,AS_NP26_EXP,DAM,RU_CLR_PRC,1.20047,8
2025-06-27T00:00:00-00:00,2025-06-27T01:00:00-00:00,2025-06-26,18,0,Hourly,RU,AS_NP26,DAM,RU_CLR_PRC,0,8
2025-06-27T00:00:00-00:00,2025-06-27T01:00:00-00:00,2025-06-26,18,0,Hourly,RU,AS_SP26_EXP,DAM,RU_CLR_PRC,0,8
2025-06-27T03:00:00-00:00,2025-06-27T04:00:00-00:00,2025-06-26,21,0,Hourly,RU,AS_CAISO_EXP,DAM,RU_CLR_PRC,6.96,8
2025-06-27T03:00:00-00:00,2025-06-27T04:00:00-00:00,2025-06-26,21,0,Hourly,RU,AS_SP26_EXP,DAM,RU_CLR_PRC,0,8
2025-06-27T04:00:00-00:00,2025-06-27T05:00:00-00:00,2025-06-26,22,0,Hourly,RU,AS_NP26,DAM,RU_CLR_PRC,0,8
2025-06-26T09:00:00-00:00,2025-06-26T10:00:00-00:00,2025-06-26,3,0,Hourly,RU,AS_CAISO_EXP,DAM,RU_CLR_PRC,1.60657,8
2025-06-26T10:00:00-00:00,2025-06-26T11:00:00-00:00,2025-06-26,4,0,Hourly,RU,AS_CAISO_EXP,DAM,RU_CLR_PRC,1.2176,8
2025-06-26T10:00:00-00:00,2025-06-26T11:00:00-00:00,2025-06-26,4,0,Hourly,RU,AS_NP26_EXP,DAM,RU_CLR_PRC,0.91466,8
2025-06-26T12:00:00-00:00,2025-06-26T13:00:00-00:00,2025-06-26,6,0,Hourly,RU,AS_NP26,DAM,RU_CLR_PRC,0,8
2025-06-26T13:00:00-00:00,2025-06-26T14:00:00-00:00,2025-06-26,7,0,Hourly,RU,AS_NP26,DAM,RU_CLR_PRC,0,8
2025-06-26T14:00:00-00:00,2025-06-26T15:00:00-00:00,2025-06-26,8,0,Hourly,RU,AS_CAISO,DAM,RU_CLR_PRC,0,8
2025-06-26T15:00:00-00:00,2025-06-26T16:00:00-00:00,2025-06-26,9,0,Hourly,RU,AS_SP26,DAM,RU_CLR_PRC,0,8
2025-06-26T16:00:00-00:00,2025-06-26T17:00:00-00:00,2025-06-26,10,0,Hourly,RU,AS_CAISO,DAM,RU_CLR_PRC,0,8
2025-06-26T17:00:00-00:00,2025-06-26T18:00:00-00:00,2025-06-26,11,0,Hourly,RU,AS_SP26,DAM,RU_CLR_PRC,0,8
2025-06-26T20:00:00-00:00,2025-06-26T21:00:00-00:00,2025-06-26,14,0,Hourly,RU,AS_CAISO,DAM,RU_CLR_PRC,0,8
2025-06-26T21:00:00-00:00,2025-06-26T22:00:00-00:00,2025-06-26,15,0,Hourly,RU,AS_SP26,DAM,RU_CLR_PRC,0,8
2025-06-26T22:00:00-00:00,2025-06-26T23:00:00-00:00,2025-06-26,16,0,Hourly,RU,AS_CAISO_EXP,DAM,RU_CLR_PRC,2,8
2025-06-26T23:00:00-00:00,2025-06-27T00:00:00-00:00,2025-06-26,17,0,Hourly,RU,AS_SP26,DAM,RU_CLR_PRC,0,8
2025-06-27T00:00:00-00:00,2025-06-27T01:00:00-00:00,2025-06-26,18,0,Hourly,RU,AS_CAISO_EXP,DAM,RU_CLR_PRC,1.89996,8
2025-06-27T01:00:00-00:00,2025-06-27T02:00:00-00:00,2025-06-26,19,0,Hourly,RU,AS_CAISO,DAM,RU_CLR_PRC,0,8
2025-06-27T01:00:00-00:00,2025-06-27T02:00:00-00:00,2025-06-26,19,0,Hourly,RU,AS_CAISO_EXP,DAM,RU_CLR_PRC,0.18,8
2025-06-27T01:00:00-00:00,2025-06-27T02:00:00-00:00,2025-06-26,19,0,Hourly,RU,AS_SP26,DAM,RU_CLR_PRC,0,8
2025-06-27T03:00:00-00:00,2025-06-27T04:00:00-00:00,2025-06-26,21,0,Hourly,RU,AS_NP26,DAM,RU_CLR_PRC,0,8
2025-06-27T04:00:00-00:00,2025-06-27T05:00:00-00:00,2025-06-26,22,0,Hourly,RU,AS_NP26_EXP,DAM,RU_CLR_PRC,1.7147,8
2025-06-27T05:00:00-00:00,2025-06-27T06:00:00-00:00,2025-06-26,23,0,Hourly,RU,AS_SP26_EXP,DAM,RU_CLR_PRC,0,8
2025-06-27T06:00:00-00:00,2025-06-27T07:00:00-00:00,2025-06-26,24,0,Hourly,RU,AS_NP26,DAM,RU_CLR_PRC,0,8
2025-06-26T07:00:00-00:00,2025-06-26T08:00:00-00:00,2025-06-26,1,0,Hourly,RU,AS_NP26,DAM,RU_CLR_PRC,0,8
2025-06-26T09:00:00-00:00,2025-06-26T10:00:00-00:00,2025-06-26,3,0,Hourly,RU,AS_NP26_EXP,DAM,RU_CLR_PRC,0.14921,8
2025-06-26T10:00:00-00:00,2025-06-26T11:00:00-00:00,2025-06-26,4,0,Hourly,RU,AS_SP26_EXP,DAM,RU_CLR_PRC,0,8
2025-06-26T13:00:00-00:00,2025-06-26T14:00:00-00:00,2025-06-26,7,0,Hourly,RU,AS_NP26_EXP,DAM,RU_CLR_PRC,0,8
2025-06-26T15:00:00-00:00,2025-06-26T16:00:00-00:00,2025-06-26,9,0,Hourly,RU,AS_NP26,DAM,RU_CLR_PRC,0,8
2025-06-26T16:00:00-00:00,2025-06-26T17:00:00-00:00,2025-06-26,10,0,Hourly,RU,AS_SP26_EXP,DAM,RU_CLR_PRC,0,8
2025-06-26T17:00:00-00:00,2025-06-26T18:00:00-00:00,2025-06-26,11,0,Hourly,RU,AS_CAISO,DAM,RU_CLR_PRC,0,8
2025-06-26T18:00:00-00:00,2025-06-26T19:00:00-00:00,2025-06-26,12,0,Hourly,RU,AS_CAISO_EXP,DAM,RU_CLR_PRC,1.67905,8
2025-06-26T18:00:00-00:00,2025-06-26T19:00:00-00:00,2025-06-26,12,0,Hourly,RU,AS_NP26,DAM,RU_CLR_PRC,0,8
2025-06-26T18:00:00-00:00,2025-06-26T19:00:00-00:00,2025-06-26,12,0,Hourly,RU,AS_NP26_EXP,DAM,RU_CLR_PRC,0.08,8
2025-06-26T18:00:00-00:00,2025-06-26T19:00:00-00:00,2025-06-26,12,0,Hourly,RU,AS_SP26_EXP,DAM,RU_CLR_PRC,0.31065,8
2025-06-26T19:00:00-00:00,2025-06-26T20:00:00-00:00,2025-06-26,13,0,Hourly,RU,AS_SP26_EXP,DAM,RU_CLR_PRC,0,8
2025-06-26T20:00:00-00:00,2025-06-26T21:00:00-00:00,2025-06-26,14,0,Hourly,RU,AS_SP26,DAM,RU_CLR_PRC,0,8
2025-06-26T20:00:00-00:00,2025-06-26T21:00:00-00:00,2025-06-26,14,0,Hourly,RU,AS_SP26_EXP,DAM,RU_CLR_PRC,0,8
2025-06-26T21:00:00-00:00,2025-06-26T22:00:00-00:00,2025-06-26,15,0,Hourly,RU,AS_CAISO,DAM,RU_CLR_PRC,0,8
2025-06-26T23:00:00-00:00,2025-06-27T00:00:00-00:00,2025-06-26,17,0,Hourly,RU,AS_SP26_EXP,DAM,RU_CLR_PRC,0,8
2025-06-27T02:00:00-00:00,2025-06-27T03:00:00-00:00,2025-06-26,20,0,Hourly,RU,AS_NP26,DAM,RU_CLR_PRC,0,8
2025-06-27T03:00:00-00:00,2025-06-27T04:00:00-00:00,2025-06-26,21,0,Hourly,RU,AS_CAISO,DAM,RU_CLR_PRC,0,8
2025-06-27T05:00:00-00:00,2025-06-27T06:00:00-00:00,2025-06-26,23,0,Hourly,RU,AS_CAISO_EXP,DAM,RU_CLR_PRC,2.22,8
2025-06-27T06:00:00-00:00,2025-06-27T07:00:00-00:00,2025-06-26,24,0,Hourly,RU,AS_SP26_EXP,DAM,RU_CLR_PRC,0,8
2025-06-26T07:00:00-00:00,2025-06-26T08:00:00-00:00,2025-06-26,1,0,Hourly,RU,AS_NP26_EXP,DAM,RU_CLR_PRC,1.7,8
2025-06-26T08:00:00-00:00,2025-06-26T09:00:00-00:00,2025-06-26,2,0,Hourly,RU,AS_NP26,DAM,RU_CLR_PRC,0,8
2025-06-26T10:00:00-00:00,2025-06-26T11:00:00-00:00,2025-06-26,4,0,Hourly,RU,AS_NP26,DAM,RU_CLR_PRC,0,8
2025-06-26T11:00:00-00:00,2025-06-26T12:00:00-00:00,2025-06-26,5,0,Hourly,RU,AS_SP26_EXP,DAM,RU_CLR_PRC,0,8
2025-06-26T12:00:00-00:00,2025-06-26T13:00:00-00:00,2025-06-26,6,0,Hourly,RU,AS_SP26_EXP,DAM,RU_CLR_PRC,0,8
2025-06-26T14:00:00-00:00,2025-06-26T15:00:00-00:00,2025-06-26,8,0,Hourly,RU,AS_SP26,DAM,RU_CLR_PRC,0,8
2025-06-26T17:00:00-00:00,2025-06-26T18:00:00-00:00,2025-06-26,11,0,Hourly,RU,AS_NP26_EXP,DAM,RU_CLR_PRC,1.46074,8
2025-06-26T18:00:00-00:00,2025-06-26T19:00:00-00:00,2025-06-26,12,0,Hourly,RU,AS_CAISO,DAM,RU_CLR_PRC,0,8
2025-06-26T19:00:00-00:00,2025-06-26T20:00:00-00:00,2025-06-26,13,0,Hourly,RU,AS_CAISO,DAM,RU_CLR_PRC,0,8
2025-06-26T19:00:00-00:00,2025-06-26T20:00:00-00:00,2025-06-26,13,0,Hourly,RU,AS_NP26,DAM,RU_CLR_PRC,0,8
2025-06-26T20:00:00-00:00,2025-06-26T21:00:00-00:00,2025-06-26,14,0,Hourly,RU,AS_NP26,DAM,RU_CLR_PRC,0,8
2025-06-26T22:00:00-00:00,2025-06-26T23:00:00-00:00,2025-06-26,16,0,Hourly,RU,AS_NP26,DAM,RU_CLR_PRC,0,8
2025-06-26T22:00:00-00:00,2025-06-26T23:00:00-00:00,2025-06-26,16,0,Hourly,RU,AS_SP26,DAM,RU_CLR_PRC,0,8
2025-06-26T23:00:00-00:00,2025-06-27T00:00:00-00:00,2025-06-26,17,0,Hourly,RU,AS_NP26,DAM,RU_CLR_PRC,0,8
2025-06-26T23:00:00-00:00,2025-06-27T00:00:00-00:00,2025-06-26,17,0,Hourly,RU,AS_NP26_EXP,DAM,RU_CLR_PRC,0.13,8
2025-06-27T00:00:00-00:00,2025-06-27T01:00:00-00:00,2025-06-26,18,0,Hourly,RU,AS_SP26,DAM,RU_CLR_PRC,0,8
2025-06-27T01:00:00-00:00,2025-06-27T02:00:00-00:00,2025-06-26,19,0,Hourly,RU,AS_SP26_EXP,DAM,RU_CLR_PRC,0,8
2025-06-27T02:00:00-00:00,2025-06-27T03:00:00-00:00,2025-06-26,20,0,Hourly,RU,AS_CAISO,DAM,RU_CLR_PRC,0,8
2025-06-27T02:00:00-00:00,2025-06-27T03:00:00-00:00,2025-06-26,20,0,Hourly,RU,AS_NP26_EXP,DAM,RU_CLR_PRC,0,8
2025-06-27T03:00:00-00:00,2025-06-27T04:00:00-00:00,2025-06-26,21,0,Hourly,RU,AS_SP26,DAM,RU_CLR_PRC,0,8
2025-06-27T05:00:00-00:00,2025-06-27T06:00:00-00:00,2025-06-26,23,0,Hourly,RU,AS_CAISO,DAM,RU_CLR_PRC,0,8
2025-06-26T07:00:00-00:00,2025-06-26T08:00:00-00:00,2025-06-26,1,0,Hourly,RU,AS_SP26_EXP,DAM,RU_CLR_PRC,0,8
2025-06-26T08:00:00-00:00,2025-06-26T09:00:00-00:00,2025-06-26,2,0,Hourly,RU,AS_NP26_EXP,DAM,RU_CLR_PRC,0.49829,8
2025-06-26T07:00:00-00:00,2025-06-26T08:00:00-00:00,2025-06-26,1,0,Hourly,RU,AS_SP26,DAM,RU_CLR_PRC,0,8
2025-06-26T08:00:00-00:00,2025-06-26T09:00:00-00:00,2025-06-26,2,0,Hourly,RU,AS_CAISO_EXP,DAM,RU_CLR_PRC,1.6943,8
2025-06-26T11:00:00-00:00,2025-06-26T12:00:00-00:00,2025-06-26,5,0,Hourly,RU,AS_SP26,DAM,RU_CLR_PRC,0,8
2025-06-26T12:00:00-00:00,2025-06-26T13:00:00-00:00,2025-06-26,6,0,Hourly,RU,AS_CAISO_EXP,DAM,RU_CLR_PRC,2.33,8
2025-06-26T14:00:00-00:00,2025-06-26T15:00:00-00:00,2025-06-26,8,0,Hourly,RU,AS_SP26_EXP,DAM,RU_CLR_PRC,0,8
2025-06-26T15:00:00-00:00,2025-06-26T16:00:00-00:00,2025-06-26,9,0,Hourly,RU,AS_CAISO,DAM,RU_CLR_PRC,0,8
2025-06-26T17:00:00-00:00,2025-06-26T18:00:00-00:00,2025-06-26,11,0,Hourly,RU,AS_CAISO_EXP,DAM,RU_CLR_PRC,0.17,8
2025-06-26T19:00:00-00:00,2025-06-26T20:00:00-00:00,2025-06-26,13,0,Hourly,RU,AS_SP26,DAM,RU_CLR_PRC,0,8
2025-06-26T21:00:00-00:00,2025-06-26T22:00:00-00:00,2025-06-26,15,0,Hourly,RU,AS_NP26_EXP,DAM,RU_CLR_PRC,1.23899,8
2025-06-26T23:00:00-00:00,2025-06-27T00:00:00-00:00,2025-06-26,17,0,Hourly,RU,AS_CAISO,DAM,RU_CLR_PRC,0,8
2025-06-27T04:00:00-00:00,2025-06-27T05:00:00-00:00,2025-06-26,22,0,Hourly,RU,AS_CAISO,DAM,RU_CLR_PRC,0,8
2025-06-27T05:00:00-00:00,2025-06-27T06:00:00-00:00,2025-06-26,23,0,Hourly,RU,AS_NP26,DAM,RU_CLR_PRC,0,8
2025-06-27T05:00:00-00:00,2025-06-27T06:00:00-00:00,2025-06-26,23,0,Hourly,RU,AS_SP26,DAM,RU_CLR_PRC,0,8
2025-06-27T06:00:00-00:00,2025-06-27T07:00:00-00:00,2025-06-26,24,0,Hourly,RU,AS_CAISO,DAM,RU_CLR_PRC,0,8
2025-06-26T08:00:00-00:00,2025-06-26T09:00:00-00:00,2025-06-26,2,0,Hourly,RU,AS_CAISO,DAM,RU_CLR_PRC,0,8
2025-06-26T09:00:00-00:00,2025-06-26T10:00:00-00:00,2025-06-26,3,0,Hourly,RU,AS_SP26,DAM,RU_CLR_PRC,0,8
2025-06-26T09:00:00-00:00,2025-06-26T10:00:00-00:00,2025-06-26,3,0,Hourly,RU,AS_SP26_EXP,DAM,RU_CLR_PRC,0,8
2025-06-26T11:00:00-00:00,2025-06-26T12:00:00-00:00,2025-06-26,5,0,Hourly,RU,AS_CAISO,DAM,RU_CLR_PRC,0,8
2025-06-26T11:00:00-00:00,2025-06-26T12:00:00-00:00,2025-06-26,5,0,Hourly,RU,AS_CAISO_EXP,DAM,RU_CLR_PRC,1.1176,8
2025-06-26T12:00:00-00:00,2025-06-26T13:00:00-00:00,2025-06-26,6,0,Hourly,RU,AS_NP26_EXP,DAM,RU_CLR_PRC,2.34738,8
2025-06-26T14:00:00-00:00,2025-06-26T15:00:00-00:00,2025-06-26,8,0,Hourly,RU,AS_NP26,DAM,RU_CLR_PRC,0,8
2025-06-26T22:00:00-00:00,2025-06-26T23:00:00-00:00,2025-06-26,16,0,Hourly,RU,AS_SP26_EXP,DAM,RU_CLR_PRC,0,8
2025-06-27T01:00:00-00:00,2025-06-27T02:00:00-00:00,2025-06-26,19,0,Hourly,RU,AS_NP26,DAM,RU_CLR_PRC,0,8
2025-06-27T02:00:00-00:00,2025-06-27T03:00:00-00:00,2025-06-26,20,0,Hourly,RU,AS_SP26,DAM,RU_CLR_PRC,0,8
2025-06-27T06:00:00-00:00,2025-06-27T07:00:00-00:00,2025-06-26,24,0,Hourly,RU,AS_NP26_EXP,DAM,RU_CLR_PRC,0,8
2025-06-27T06:00:00-00:00,2025-06-27T07:00:00-00:00,2025-06-26,24,0,Hourly,RU,AS_SP26,DAM,RU_CLR_PRC,0,8
2025-06-26T08:00:00-00:00,2025-06-26T09:00:00-00:00,2025-06-26,2,0,Hourly,RU,AS_SP26_EXP,DAM,RU_CLR_PRC,0,8
2025-06-26T09:00:00-00:00,2025-06-26T10:00:00-00:00,2025-06-26,3,0,Hourly,RU,AS_CAISO,DAM,RU_CLR_PRC,0,8
2025-06-26T10:00:00-00:00,2025-06-26T11:00:00-00:00,2025-06-26,4,0,Hourly,RU,AS_CAISO,DAM,RU_CLR_PRC,0,8
2025-06-26T12:00:00-00:00,2025-06-26T13:00:00-00:00,2025-06-26,6,0,Hourly,RU,AS_CAISO,DAM,RU_CLR_PRC,0,8
2025-06-26T13:00:00-00:00,2025-06-26T14:00:00-00:00,2025-06-26,7,0,Hourly,RU,AS_CAISO,DAM,RU_CLR_PRC,0,8
2025-06-26T13:00:00-00:00,2025-06-26T14:00:00-00:00,2025-06-26,7,0,Hourly,RU,AS_CAISO_EXP,DAM,RU_CLR_PRC,5.02936,8
2025-06-26T13:00:00-00:00,2025-06-26T14:00:00-00:00,2025-06-26,7,0,Hourly,RU,AS_SP26,DAM,RU_CLR_PRC,0,8
2025-06-26T13:00:00-00:00,2025-06-26T14:00:00-00:00,2025-06-26,7,0,Hourly,RU,AS_SP26_EXP,DAM,RU_CLR_PRC,0,8
2025-06-26T17:00:00-00:00,2025-06-26T18:00:00-00:00,2025-06-26,11,0,Hourly,RU,AS_SP26_EXP,DAM,RU_CLR_PRC,0,8
2025-06-26T19:00:00-00:00,2025-06-26T20:00:00-00:00,2025-06-26,13,0,Hourly,RU,AS_NP26_EXP,DAM,RU_CLR_PRC,0.13,8
2025-06-26T22:00:00-00:00,2025-06-26T23:00:00-00:00,2025-06-26,16,0,Hourly,RU,AS_NP26_EXP,DAM,RU_CLR_PRC,1.21391,8
2025-06-27T00:00:00-00:00,2025-06-27T01:00:00-00:00,2025-06-26,18,0,Hourly,RU,AS_NP26_EXP,DAM,RU_CLR_PRC,2.52674,8
2025-06-27T02:00:00-00:00,2025-06-27T03:00:00-00:00,2025-06-26,20,0,Hourly,RU,AS_SP26_EXP,DAM,RU_CLR_PRC,0,8
2025-06-27T04:00:00-00:00,2025-06-27T05:00:00-00:00,2025-06-26,22,0,Hourly,RU,AS_SP26,DAM,RU_CLR_PRC,0,8
2025-06-26T07:00:00-00:00,2025-06-26T08:00:00-00:00,2025-06-26,1,0,Hourly,RU,AS_CAISO_EXP,DAM,RU_CLR_PRC,1,8
2025-06-26T10:00:00-00:00,2025-06-26T11:00:00-00:00,2025-06-26,4,0,Hourly,RU,AS_SP26,DAM,RU_CLR_PRC,0,8
2025-06-26T15:00:00-00:00,2025-06-26T16:00:00-00:00,2025-06-26,9,0,Hourly,RU,AS_CAISO_EXP,DAM,RU_CLR_PRC,1.24172,8
2025-06-26T15:00:00-00:00,2025-06-26T16:00:00-00:00,2025-06-26,9,0,Hourly,RU,AS_NP26_EXP,DAM,RU_CLR_PRC,1.45828,8
2025-06-26T16:00:00-00:00,2025-06-26T17:00:00-00:00,2025-06-26,10,0,Hourly,RU,AS_NP26_EXP,DAM,RU_CLR_PRC,0.08,8
2025-06-26T16:00:00-00:00,2025-06-26T17:00:00-00:00,2025-06-26,10,0,Hourly,RU,AS_SP26,DAM,RU_CLR_PRC,0,8
2025-06-26T17:00:00-00:00,2025-06-26T18:00:00-00:00,2025-06-26,11,0,Hourly,RU,AS_NP26,DAM,RU_CLR_PRC,0,8
2025-06-26T18:00:00-00:00,2025-06-26T19:00:00-00:00,2025-06-26,12,0,Hourly,RU,AS_SP26,DAM,RU_CLR_PRC,0,8
2025-06-26T19:00:00-00:00,2025-06-26T20:00:00-00:00,2025-06-26,13,0,Hourly,RU,AS_CAISO_EXP,DAM,RU_CLR_PRC,1.67012,8
2025-06-26T21:00:00-00:00,2025-06-26T22:00:00-00:00,2025-06-26,15,0,Hourly,RU,AS_CAISO_EXP,DAM,RU_CLR_PRC,2,8
2025-06-26T21:00:00-00:00,2025-06-26T22:00:00-00:00,2025-06-26,15,0,Hourly,RU,AS_NP26,DAM,RU_CLR_PRC,0,8
2025-06-26T21:00:00-00:00,2025-06-26T22:00:00-00:00,2025-06-26,15,0,Hourly,RU,AS_SP26_EXP,DAM,RU_CLR_PRC,0,8
2025-06-26T22:00:00-00:00,2025-06-26T23:00:00-00:00,2025-06-26,16,0,Hourly,RU,AS_CAISO,DAM,RU_CLR_PRC,0,8
2025-06-26T23:00:00-00:00,2025-06-27T00:00:00-00:00,2025-06-26,17,0,Hourly,RU,AS_CAISO_EXP,DAM,RU_CLR_PRC,2.82647,8
2025-06-27T00:00:00-00:00,2025-06-27T01:00:00-00:00,2025-06-26,18,0,Hourly,RU,AS_CAISO,DAM,RU_CLR_PRC,0,8
2025-06-27T01:00:00-00:00,2025-06-27T02:00:00-00:00,2025-06-26,19,0,Hourly,RU,AS_NP26_EXP,DAM,RU_CLR_PRC,6.315,8
2025-06-27T02:00:00-00:00,2025-06-27T03:00:00-00:00,2025-06-26,20,0,Hourly,RU,AS_CAISO_EXP,DAM,RU_CLR_PRC,6.04596,8
2025-06-27T03:00:00-00:00,2025-06-27T04:00:00-00:00,2025-06-26,21,0,Hourly,RU,AS_NP26_EXP,DAM,RU_CLR_PRC,0,8
2025-06-27T04:00:00-00:00,2025-06-27T05:00:00-00:00,2025-06-26,22,0,Hourly,RU,AS_CAISO_EXP,DAM,RU_CLR_PRC,3.7053,8
2025-06-27T04:00:00-00:00,2025-06-27T05:00:00-00:00,2025-06-26,22,0,Hourly,RU,AS_SP26_EXP,DAM,RU_CLR_PRC,0,8
2025-06-27T05:00:00-00:00,2025-06-27T06:00:00-00:00,2025-06-26,23,0,Hourly,RU,AS_NP26_EXP,DAM,RU_CLR_PRC,0,8
2025-06-27T06:00:00-00:00,2025-06-27T07:00:00-00:00,2025-06-26,24,0,Hourly,RU,AS_CAISO_EXP,DAM,RU_CLR_PRC,6.30075,8
2025-06-26T07:00:00-00:00,2025-06-26T08:00:00-00:00,2025-06-26,1,0,Hourly,RU,AS_CAISO,DAM,RU_CLR_PRC,0,8
2025-06-26T08:00:00-00:00,2025-06-26T09:00:00-00:00,2025-06-26,2,0,Hourly,RU,AS_SP26,DAM,RU_CLR_PRC,0,8
2025-06-27T13:00:00-00:00,2025-06-27T14:00:00-00:00,2025-06-27,7,0,Hourly,RU,AS_NP26,DAM,RU_CLR_PRC,0,9
2025-06-27T14:00:00-00:00,2025-06-27T15:00:00-00:00,2025-06-27,8,0,Hourly,RU,AS_NP26,DAM,RU_CLR_PRC,0,9
2025-06-27T16:00:00-00:00,2025-06-27T17:00:00-00:00,2025-06-27,10,0,Hourly,RU,AS_NP26_EXP,DAM,RU_CLR_PRC,0.13,9
2025-06-27T17:00:00-00:00,2025-06-27T18:00:00-00:00,2025-06-27,11,0,Hourly,RU,AS_SP26,DAM,RU_CLR_PRC,0,9
2025-06-27T18:00:00-00:00,2025-06-27T19:00:00-00:00,2025-06-27,12,0,Hourly,RU,AS_CAISO_EXP,DAM,RU_CLR_PRC,0.56,9
2025-06-27T20:00:00-00:00,2025-06-27T21:00:00-00:00,2025-06-27,14,0,Hourly,RU,AS_CAISO,DAM,RU_CLR_PRC,0,9
2025-06-27T20:00:00-00:00,2025-06-27T21:00:00-00:00,2025-06-27,14,0,Hourly,RU,AS_SP26,DAM,RU_CLR_PRC,0,9
2025-06-27T21:00:00-00:00,2025-06-27T22:00:00-00:00,2025-06-27,15,0,Hourly,RU,AS_CAISO_EXP,DAM,RU_CLR_PRC,2,9
2025-06-27T22:00:00-00:00,2025-06-27T23:00:00-00:00,2025-06-27,16,0,Hourly,RU,AS_SP26,DAM,RU_CLR_PRC,0,9
2025-06-27T23:00:00-00:00,2025-06-28T00:00:00-00:00,2025-06-27,17,0,Hourly,RU,AS_NP26,DAM,RU_CLR_PRC,0,9
2025-06-28T01:00:00-00:00,2025-06-28T02:00:00-00:00,2025-06-27,19,0,Hourly,RU,AS_CAISO,DAM,RU_CLR_PRC,0,9
2025-06-28T03:00:00-00:00,2025-06-28T04:00:00-00:00,2025-06-27,21,0,Hourly,RU,AS_CAISO_EXP,DAM,RU_CLR_PRC,6.65783,9
2025-06-28T03:00:00-00:00,2025-06-28T04:00:00-00:00,2025-06-27,21,0,Hourly,RU,AS_SP26_EXP,DAM,RU_CLR_PRC,0,9
2025-06-28T04:00:00-00:00,2025-06-28T05:00:00-00:00,2025-06-27,22,0,Hourly,RU,AS_SP26_EXP,DAM,RU_CLR_PRC,0,9
2025-06-28T05:00:00-00:00,2025-06-28T06:00:00-00:00,2025-06-27,23,0,Hourly,RU,AS_CAISO_EXP,DAM,RU_CLR_PRC,1.5695,9
2025-06-28T06:00:00-00:00,2025-06-28T07:00:00-00:00,2025-06-27,24,0,Hourly,RU,AS_NP26,DAM,RU_CLR_PRC,0,9
2025-06-28T00:00:00-00:00,2025-06-28T01:00:00-00:00,2025-06-27,18,0,Hourly,RU,AS_CAISO_EXP,DAM,RU_CLR_PRC,0.69877,9
2025-06-28T00:00:00-00:00,2025-06-28T01:00:00-00:00,2025-06-27,18,0,Hourly,RU,AS_SP26_EXP,DAM,RU_CLR_PRC,0,9
2025-06-28T01:00:00-00:00,2025-06-28T02:00:00-00:00,2025-06-27,19,0,Hourly,RU,AS_NP26,DAM,RU_CLR_PRC,0,9
2025-06-28T02:00:00-00:00,2025-06-28T03:00:00-00:00,2025-06-27,20,0,Hourly,RU,AS_CAISO_EXP,DAM,RU_CLR_PRC,4.80082,9
2025-06-28T03:00:00-00:00,2025-06-28T04:00:00-00:00,2025-06-27,21,0,Hourly,RU,AS_NP26_EXP,DAM,RU_CLR_PRC,0,9
2025-06-28T03:00:00-00:00,2025-06-28T04:00:00-00:00,2025-06-27,21,0,Hourly,RU,AS_CAISO,DAM,RU_CLR_PRC,0,9
2025-06-28T03:00:00-00:00,2025-06-28T04:00:00-00:00,2025-06-27,21,0,Hourly,RU,AS_NP26,DAM,RU_CLR_PRC,0,9
2025-06-28T05:00:00-00:00,2025-06-28T06:00:00-00:00,2025-06-27,23,0,Hourly,RU,AS_CAISO,DAM,RU_CLR_PRC,0,9
2025-06-28T05:00:00-00:00,2025-06-28T06:00:00-00:00,2025-06-27,23,0,Hourly,RU,AS_NP26,DAM,RU_CLR_PRC,0,9
2025-06-28T06:00:00-00:00,2025-06-28T07:00:00-00:00,2025-06-27,24,0,Hourly,RU,AS_SP26,DAM,RU_CLR_PRC,0,9
2025-06-27T07:00:00-00:00,2025-06-27T08:00:00-00:00,2025-06-27,1,0,Hourly,RU,AS_NP26_EXP,DAM,RU_CLR_PRC,2.89271,9
2025-06-27T07:00:00-00:00,2025-06-27T08:00:00-00:00,2025-06-27,1,0,Hourly,RU,AS_CAISO_EXP,DAM,RU_CLR_PRC,1.49701,9
2025-06-27T07:00:00-00:00,2025-06-27T08:00:00-00:00,2025-06-27,1,0,Hourly,RU,AS_SP26,DAM,RU_CLR_PRC,0,9
2025-06-27T08:00:00-00:00,2025-06-27T09:00:00-00:00,2025-06-27,2,0,Hourly,RU,AS_SP26_EXP,DAM,RU_CLR_PRC,0,9
2025-06-27T09:00:00-00:00,2025-06-27T10:00:00-00:00,2025-06-27,3,0,Hourly,RU,AS_CAISO_EXP,DAM,RU_CLR_PRC,1.1592,9
2025-06-27T14:00:00-00:00,2025-06-27T15:00:00-00:00,2025-06-27,8,0,Hourly,RU,AS_CAISO,DAM,RU_CLR_PRC,0,9
2025-06-27T14:00:00-00:00,2025-06-27T15:00:00-00:00,2025-06-27,8,0,Hourly,RU,AS_SP26,DAM,RU_CLR_PRC,0,9
2025-06-27T16:00:00-00:00,2025-06-27T17:00:00-00:00,2025-06-27,10,0,Hourly,RU,AS_CAISO_EXP,DAM,RU_CLR_PRC,1.53599,9
2025-06-27T16:00:00-00:00,2025-06-27T17:00:00-00:00,2025-06-27,10,0,Hourly,RU,AS_SP26_EXP,DAM,RU_CLR_PRC,0,9
2025-06-27T19:00:00-00:00,2025-06-27T20:00:00-00:00,2025-06-27,13,0,Hourly,RU,AS_NP26,DAM,RU_CLR_PRC,0,9
2025-06-27T21:00:00-00:00,2025-06-27T22:00:00-00:00,2025-06-27,15,0,Hourly,RU,AS_CAISO,DAM,RU_CLR_PRC,0,9
2025-06-27T22:00:00-00:00,2025-06-27T23:00:00-00:00,2025-06-27,16,0,Hourly,RU,AS_CAISO,DAM,RU_CLR_PRC,0,9
2025-06-27T22:00:00-00:00,2025-06-27T23:00:00-00:00,2025-06-27,16,0,Hourly,RU,AS_CAISO_EXP,DAM,RU_CLR_PRC,1.63941,9
2025-06-27T07:00:00-00:00,2025-06-27T08:00:00-00:00,2025-06-27,1,0,Hourly,RU,AS_NP26,DAM,RU_CLR_PRC,0,9
2025-06-27T10:00:00-00:00,2025-06-27T11:00:00-00:00,2025-06-27,4,0,Hourly,RU,AS_CAISO,DAM,RU_CLR_PRC,0,9
2025-06-27T10:00:00-00:00,2025-06-27T11:00:00-00:00,2025-06-27,4,0,Hourly,RU,AS_NP26,DAM,RU_CLR_PRC,0,9
2025-06-27T12:00:00-00:00,2025-06-27T13:00:00-00:00,2025-06-27,6,0,Hourly,RU,AS_CAISO,DAM,RU_CLR_PRC,0,9
2025-06-27T13:00:00-00:00,2025-06-27T14:00:00-00:00,2025-06-27,7,0,Hourly,RU,AS_NP26_EXP,DAM,RU_CLR_PRC,0,9
2025-06-27T13:00:00-00:00,2025-06-27T14:00:00-00:00,2025-06-27,7,0,Hourly,RU,AS_SP26_EXP,DAM,RU_CLR_PRC,0,9
2025-06-27T15:00:00-00:00,2025-06-27T16:00:00-00:00,2025-06-27,9,0,Hourly,RU,AS_CAISO_EXP,DAM,RU_CLR_PRC,1.07538,9
2025-06-27T16:00:00-00:00,2025-06-27T17:00:00-00:00,2025-06-27,10,0,Hourly,RU,AS_NP26,DAM,RU_CLR_PRC,0,9
2025-06-27T18:00:00-00:00,2025-06-27T19:00:00-00:00,2025-06-27,12,0,Hourly,RU,AS_SP26,DAM,RU_CLR_PRC,0,9
2025-06-27T19:00:00-00:00,2025-06-27T20:00:00-00:00,2025-06-27,13,0,Hourly,RU,AS_SP26,DAM,RU_CLR_PRC,0,9
2025-06-28T00:00:00-00:00,2025-06-28T01:00:00-00:00,2025-06-27,18,0,Hourly,RU,AS_CAISO,DAM,RU_CLR_PRC,0,9
2025-06-28T00:00:00-00:00,2025-06-28T01:00:00-00:00,2025-06-27,18,0,Hourly,RU,AS_SP26,DAM,RU_CLR_PRC,0,9
2025-06-28T01:00:00-00:00,2025-06-28T02:00:00-00:00,2025-06-27,19,0,Hourly,RU,AS_SP26_EXP,DAM,RU_CLR_PRC,0,9
2025-06-28T06:00:00-00:00,2025-06-28T07:00:00-00:00,2025-06-27,24,0,Hourly,RU,AS_CAISO_EXP,DAM,RU_CLR_PRC,6.1,9
2025-06-27T14:00:00-00:00,2025-06-27T15:00:00-00:00,2025-06-27,8,0,Hourly,RU,AS_NP26_EXP,DAM,RU_CLR_PRC,0,9
2025-06-27T15:00:00-00:00,2025-06-27T16:00:00-00:00,2025-06-27,9,0,Hourly,RU,AS_NP26_EXP,DAM,RU_CLR_PRC,1.32254,9
2025-06-27T16:00:00-00:00,2025-06-27T17:00:00-00:00,2025-06-27,10,0,Hourly,RU,AS_CAISO,DAM,RU_CLR_PRC,0,9
2025-06-27T18:00:00-00:00,2025-06-27T19:00:00-00:00,2025-06-27,12,0,Hourly,RU,AS_NP26,DAM,RU_CLR_PRC,0,9
2025-06-27T18:00:00-00:00,2025-06-27T19:00:00-00:00,2025-06-27,12,0,Hourly,RU,AS_NP26_EXP,DAM,RU_CLR_PRC,1.0881,9
2025-06-27T19:00:00-00:00,2025-06-27T20:00:00-00:00,2025-06-27,13,0,Hourly,RU,AS_CAISO,DAM,RU_CLR_PRC,0,9
2025-06-28T00:00:00-00:00,2025-06-28T01:00:00-00:00,2025-06-27,18,0,Hourly,RU,AS_NP26_EXP,DAM,RU_CLR_PRC,2.86629,9
2025-06-28T01:00:00-00:00,2025-06-28T02:00:00-00:00,2025-06-27,19,0,Hourly,RU,AS_CAISO_EXP,DAM,RU_CLR_PRC,1.01,9
2025-06-28T04:00:00-00:00,2025-06-28T05:00:00-00:00,2025-06-27,22,0,Hourly,RU,AS_NP26_EXP,DAM,RU_CLR_PRC,3.57,9
2025-06-27T09:00:00-00:00,2025-06-27T10:00:00-00:00,2025-06-27,3,0,Hourly,RU,AS_NP26_EXP,DAM,RU_CLR_PRC,0.74909,9
2025-06-27T14:00:00-00:00,2025-06-27T15:00:00-00:00,2025-06-27,8,0,Hourly,RU,AS_CAISO_EXP,DAM,RU_CLR_PRC,5,9
2025-06-27T17:00:00-00:00,2025-06-27T18:00:00-00:00,2025-06-27,11,0,Hourly,RU,AS_CAISO,DAM,RU_CLR_PRC,0,9
2025-06-27T17:00:00-00:00,2025-06-27T18:00:00-00:00,2025-06-27,11,0,Hourly,RU,AS_CAISO_EXP,DAM,RU_CLR_PRC,1.89162,9
2025-06-27T20:00:00-00:00,2025-06-27T21:00:00-00:00,2025-06-27,14,0,Hourly,RU,AS_NP26,DAM,RU_CLR_PRC,0,9
2025-06-27T21:00:00-00:00,2025-06-27T22:00:00-00:00,2025-06-27,15,0,Hourly,RU,AS_SP26,DAM,RU_CLR_PRC,0,9
2025-06-27T22:00:00-00:00,2025-06-27T23:00:00-00:00,2025-06-27,16,0,Hourly,RU,AS_SP26_EXP,DAM,RU_CLR_PRC,0,9
2025-06-28T04:00:00-00:00,2025-06-28T05:00:00-00:00,2025-06-27,22,0,Hourly,RU,AS_CAISO_EXP,DAM,RU_CLR_PRC,2.42,9
2025-06-27T09:00:00-00:00,2025-06-27T10:00:00-00:00,2025-06-27,3,0,Hourly,RU,AS_SP26,DAM,RU_CLR_PRC,0,9
2025-06-27T10:00:00-00:00,2025-06-27T11:00:00-00:00,2025-06-27,4,0,Hourly,RU,AS_SP26_EXP,DAM,RU_CLR_PRC,0,9
2025-06-27T11:00:00-00:00,2025-06-27T12:00:00-00:00,2025-06-27,5,0,Hourly,RU,AS_CAISO,DAM,RU_CLR_PRC,0,9
2025-06-27T11:00:00-00:00,2025-06-27T12:00:00-00:00,2025-06-27,5,0,Hourly,RU,AS_CAISO_EXP,DAM,RU_CLR_PRC,1,9
2025-06-27T11:00:00-00:00,2025-06-27T12:00:00-00:00,2025-06-27,5,0,Hourly,RU,AS_NP26_EXP,DAM,RU_CLR_PRC,1,9
2025-06-27T07:00:00-00:00,2025-06-27T08:00:00-00:00,2025-06-27,1,0,Hourly,RU,AS_SP26_EXP,DAM,RU_CLR_PRC,0,9
2025-06-27T08:00:00-00:00,2025-06-27T09:00:00-00:00,2025-06-27,2,0,Hourly,RU,AS_SP26,DAM,RU_CLR_PRC,0,9
2025-06-27T09:00:00-00:00,2025-06-27T10:00:00-00:00,2025-06-27,3,0,Hourly,RU,AS_NP26,DAM,RU_CLR_PRC,0,9
2025-06-27T12:00:00-00:00,2025-06-27T13:00:00-00:00,2025-06-27,6,0,Hourly,RU,AS_SP26,DAM,RU_CLR_PRC,0,9
2025-06-27T13:00:00-00:00,2025-06-27T14:00:00-00:00,2025-06-27,7,0,Hourly,RU,AS_CAISO,DAM,RU_CLR_PRC,0,9
2025-06-27T17:00:00-00:00,2025-06-27T18:00:00-00:00,2025-06-27,11,0,Hourly,RU,AS_SP26_EXP,DAM,RU_CLR_PRC,0,9
2025-06-27T19:00:00-00:00,2025-06-27T20:00:00-00:00,2025-06-27,13,0,Hourly,RU,AS_CAISO_EXP,DAM,RU_CLR_PRC,0.56,9
2025-06-27T19:00:00-00:00,2025-06-27T20:00:00-00:00,2025-06-27,13,0,Hourly,RU,AS_NP26_EXP,DAM,RU_CLR_PRC,1.32108,9
2025-06-27T20:00:00-00:00,2025-06-27T21:00:00-00:00,2025-06-27,14,0,Hourly,RU,AS_CAISO_EXP,DAM,RU_CLR_PRC,2,9
2025-06-27T20:00:00-00:00,2025-06-27T21:00:00-00:00,2025-06-27,14,0,Hourly,RU,AS_NP26_EXP,DAM,RU_CLR_PRC,0.7,9
2025-06-27T20:00:00-00:00,2025-06-27T21:00:00-00:00,2025-06-27,14,0,Hourly,RU,AS_SP26_EXP,DAM,RU_CLR_PRC,0,9
2025-06-27T21:00:00-00:00,2025-06-27T22:00:00-00:00,2025-06-27,15,0,Hourly,RU,AS_NP26_EXP,DAM,RU_CLR_PRC,0.13,9
2025-06-27T22:00:00-00:00,2025-06-27T23:00:00-00:00,2025-06-27,16,0,Hourly,RU,AS_NP26_EXP,DAM,RU_CLR_PRC,0.13,9
2025-06-28T02:00:00-00:00,2025-06-28T03:00:00-00:00,2025-06-27,20,0,Hourly,RU,AS_NP26,DAM,RU_CLR_PRC,0,9
2025-06-28T02:00:00-00:00,2025-06-28T03:00:00-00:00,2025-06-27,20,0,Hourly,RU,AS_SP26,DAM,RU_CLR_PRC,0,9
2025-06-28T06:00:00-00:00,2025-06-28T07:00:00-00:00,2025-06-27,24,0,Hourly,RU,AS_CAISO,DAM,RU_CLR_PRC,0,9
2025-06-27T08:00:00-00:00,2025-06-27T09:00:00-00:00,2025-06-27,2,0,Hourly,RU,AS_CAISO_EXP,DAM,RU_CLR_PRC,1.42698,9
2025-06-27T09:00:00-00:00,2025-06-27T10:00:00-00:00,2025-06-27,3,0,Hourly,RU,AS_SP26_EXP,DAM,RU_CLR_PRC,0,9
2025-06-27T10:00:00-00:00,2025-06-27T11:00:00-00:00,2025-06-27,4,0,Hourly,RU,AS_CAISO_EXP,DAM,RU_CLR_PRC,1,9
2025-06-27T11:00:00-00:00,2025-06-27T12:00:00-00:00,2025-06-27,5,0,Hourly,RU,AS_SP26_EXP,DAM,RU_CLR_PRC,0,9
2025-06-27T12:00:00-00:00,2025-06-27T13:00:00-00:00,2025-06-27,6,0,Hourly,RU,AS_CAISO_EXP,DAM,RU_CLR_PRC,1.6854,9
2025-06-27T12:00:00-00:00,2025-06-27T13:00:00-00:00,2025-06-27,6,0,Hourly,RU,AS_NP26_EXP,DAM,RU_CLR_PRC,2.27781,9
2025-06-27T13:00:00-00:00,2025-06-27T14:00:00-00:00,2025-06-27,7,0,Hourly,RU,AS_CAISO_EXP,DAM,RU_CLR_PRC,4.40001,9
2025-06-27T15:00:00-00:00,2025-06-27T16:00:00-00:00,2025-06-27,9,0,Hourly,RU,AS_CAISO,DAM,RU_CLR_PRC,0,9
2025-06-27T15:00:00-00:00,2025-06-27T16:00:00-00:00,2025-06-27,9,0,Hourly,RU,AS_SP26,DAM,RU_CLR_PRC,0,9
2025-06-27T17:00:00-00:00,2025-06-27T18:00:00-00:00,2025-06-27,11,0,Hourly,RU,AS_NP26,DAM,RU_CLR_PRC,0,9
2025-06-27T17:00:00-00:00,2025-06-27T18:00:00-00:00,2025-06-27,11,0,Hourly,RU,AS_NP26_EXP,DAM,RU_CLR_PRC,0.27174,9
2025-06-27T07:00:00-00:00,2025-06-27T08:00:00-00:00,2025-06-27,1,0,Hourly,RU,AS_CAISO,DAM,RU_CLR_PRC,0,9
2025-06-27T08:00:00-00:00,2025-06-27T09:00:00-00:00,2025-06-27,2,0,Hourly,RU,AS_NP26_EXP,DAM,RU_CLR_PRC,0.32408,9
2025-06-27T09:00:00-00:00,2025-06-27T10:00:00-00:00,2025-06-27,3,0,Hourly,RU,AS_CAISO,DAM,RU_CLR_PRC,0,9
2025-06-27T11:00:00-00:00,2025-06-27T12:00:00-00:00,2025-06-27,5,0,Hourly,RU,AS_NP26,DAM,RU_CLR_PRC,0,9
2025-06-27T11:00:00-00:00,2025-06-27T12:00:00-00:00,2025-06-27,5,0,Hourly,RU,AS_SP26,DAM,RU_CLR_PRC,0,9
2025-06-27T13:00:00-00:00,2025-06-27T14:00:00-00:00,2025-06-27,7,0,Hourly,RU,AS_SP26,DAM,RU_CLR_PRC,0,9
2025-06-27T16:00:00-00:00,2025-06-27T17:00:00-00:00,2025-06-27,10,0,Hourly,RU,AS_SP26,DAM,RU_CLR_PRC,0,9
2025-06-27T21:00:00-00:00,2025-06-27T22:00:00-00:00,2025-06-27,15,0,Hourly,RU,AS_NP26,DAM,RU_CLR_PRC,0,9
2025-06-27T22:00:00-00:00,2025-06-27T23:00:00-00:00,2025-06-27,16,0,Hourly,RU,AS_NP26,DAM,RU_CLR_PRC,0,9
2025-06-27T23:00:00-00:00,2025-06-28T00:00:00-00:00,2025-06-27,17,0,Hourly,RU,AS_CAISO_EXP,DAM,RU_CLR_PRC,1.48897,9
2025-06-27T23:00:00-00:00,2025-06-28T00:00:00-00:00,2025-06-27,17,0,Hourly,RU,AS_NP26_EXP,DAM,RU_CLR_PRC,0.51103,9
2025-06-27T23:00:00-00:00,2025-06-28T00:00:00-00:00,2025-06-27,17,0,Hourly,RU,AS_SP26_EXP,DAM,RU_CLR_PRC,0,9
2025-06-28T00:00:00-00:00,2025-06-28T01:00:00-00:00,2025-06-27,18,0,Hourly,RU,AS_NP26,DAM,RU_CLR_PRC,0,9
2025-06-28T01:00:00-00:00,2025-06-28T02:00:00-00:00,2025-06-27,19,0,Hourly,RU,AS_NP26_EXP,DAM,RU_CLR_PRC,5.485,9
2025-06-28T02:00:00-00:00,2025-06-28T03:00:00-00:00,2025-06-27,20,0,Hourly,RU,AS_CAISO,DAM,RU_CLR_PRC,0,9
2025-06-28T03:00:00-00:00,2025-06-28T04:00:00-00:00,2025-06-27,21,0,Hourly,RU,AS_SP26,DAM,RU_CLR_PRC,0,9
2025-06-28T04:00:00-00:00,2025-06-28T05:00:00-00:00,2025-06-27,22,0,Hourly,RU,AS_NP26,DAM,RU_CLR_PRC,0,9
2025-06-28T05:00:00-00:00,2025-06-28T06:00:00-00:00,2025-06-27,23,0,Hourly,RU,AS_NP26_EXP,DAM,RU_CLR_PRC,1.9305,9
2025-06-28T05:00:00-00:00,2025-06-28T06:00:00-00:00,2025-06-27,23,0,Hourly,RU,AS_SP26_EXP,DAM,RU_CLR_PRC,0,9
2025-06-28T06:00:00-00:00,2025-06-28T07:00:00-00:00,2025-06-27,24,0,Hourly,RU,AS_NP26_EXP,DAM,RU_CLR_PRC,0,9
2025-06-28T06:00:00-00:00,2025-06-28T07:00:00-00:00,2025-06-27,24,0,Hourly,RU,AS_SP26_EXP,DAM,RU_CLR_PRC,0,9
2025-06-27T08:00:00-00:00,2025-06-27T09:00:00-00:00,2025-06-27,2,0,Hourly,RU,AS_CAISO,DAM,RU_CLR_PRC,0,9
2025-06-27T08:00:00-00:00,2025-06-27T09:00:00-00:00,2025-06-27,2,0,Hourly,RU,AS_NP26,DAM,RU_CLR_PRC,0,9
2025-06-27T10:00:00-00:00,2025-06-27T11:00:00-00:00,2025-06-27,4,0,Hourly,RU,AS_NP26_EXP,DAM,RU_CLR_PRC,0.77761,9
2025-06-27T10:00:00-00:00,2025-06-27T11:00:00-00:00,2025-06-27,4,0,Hourly,RU,AS_SP26,DAM,RU_CLR_PRC,0,9
2025-06-27T12:00:00-00:00,2025-06-27T13:00:00-00:00,2025-06-27,6,0,Hourly,RU,AS_NP26,DAM,RU_CLR_PRC,0,9
2025-06-27T12:00:00-00:00,2025-06-27T13:00:00-00:00,2025-06-27,6,0,Hourly,RU,AS_SP26_EXP,DAM,RU_CLR_PRC,0,9
2025-06-27T14:00:00-00:00,2025-06-27T15:00:00-00:00,2025-06-27,8,0,Hourly,RU,AS_SP26_EXP,DAM,RU_CLR_PRC,0,9
2025-06-27T15:00:00-00:00,2025-06-27T16:00:00-00:00,2025-06-27,9,0,Hourly,RU,AS_NP26,DAM,RU_CLR_PRC,0,9
2025-06-27T15:00:00-00:00,2025-06-27T16:00:00-00:00,2025-06-27,9,0,Hourly,RU,AS_SP26_EXP,DAM,RU_CLR_PRC,0,9
2025-06-27T18:00:00-00:00,2025-06-27T19:00:00-00:00,2025-06-27,12,0,Hourly,RU,AS_CAISO,DAM,RU_CLR_PRC,0,9
2025-06-27T18:00:00-00:00,2025-06-27T19:00:00-00:00,2025-06-27,12,0,Hourly,RU,AS_SP26_EXP,DAM,RU_CLR_PRC,0,9
2025-06-27T19:00:00-00:00,2025-06-27T20:00:00-00:00,2025-06-27,13,0,Hourly,RU,AS_SP26_EXP,DAM,RU_CLR_PRC,0,9
2025-06-27T21:00:00-00:00,2025-06-27T22:00:00-00:00,2025-06-27,15,0,Hourly,RU,AS_SP26_EXP,DAM,RU_CLR_PRC,0,9
2025-06-27T23:00:00-00:00,2025-06-28T00:00:00-00:00,2025-06-27,17,0,Hourly,RU,AS_CAISO,DAM,RU_CLR_PRC,0,9
2025-06-27T23:00:00-00:00,2025-06-28T00:00:00-00:00,2025-06-27,17,0,Hourly,RU,AS_SP26,DAM,RU_CLR_PRC,0,9
2025-06-28T01:00:00-00:00,2025-06-28T02:00:00-00:00,2025-06-27,19,0,Hourly,RU,AS_SP26,DAM,RU_CLR_PRC,0,9
2025-06-28T02:00:00-00:00,2025-06-28T03:00:00-00:00,2025-06-27,20,0,Hourly,RU,AS_NP26_EXP,DAM,RU_CLR_PRC,2.15918,9
2025-06-28T02:00:00-00:00,2025-06-28T03:00:00-00:00,2025-06-27,20,0,Hourly,RU,AS_SP26_EXP,DAM,RU_CLR_PRC,0,9
2025-06-28T04:00:00-00:00,2025-06-28T05:00:00-00:00,2025-06-27,22,0,Hourly,RU,AS_CAISO,DAM,RU_CLR_PRC,0,9
2025-06-28T04:00:00-00:00,2025-06-28T05:00:00-00:00,2025-06-27,22,0,Hourly,RU,AS_SP26,DAM,RU_CLR_PRC,0,9
2025-06-28T05:00:00-00:00,2025-06-28T06:00:00-00:00,2025-06-27,23,0,Hourly,RU,AS_SP26,DAM,RU_CLR_PRC,0,9
2025-06-28T19:00:00-00:00,2025-06-28T20:00:00-00:00,2025-06-28,13,0,Hourly,RU,AS_SP26,DAM,RU_CLR_PRC,0,10
2025-06-28T20:00:00-00:00,2025-06-28T21:00:00-00:00,2025-06-28,14,0,Hourly,RU,AS_SP26_EXP,DAM,RU_CLR_PRC,0,10
2025-06-28T21:00:00-00:00,2025-06-28T22:00:00-00:00,2025-06-28,15,0,Hourly,RU,AS_NP26_EXP,DAM,RU_CLR_PRC,0.13,10
2025-06-28T22:00:00-00:00,2025-06-28T23:00:00-00:00,2025-06-28,16,0,Hourly,RU,AS_NP26,DAM,RU_CLR_PRC,0,10
2025-06-28T23:00:00-00:00,2025-06-29T00:00:00-00:00,2025-06-28,17,0,Hourly,RU,AS_NP26_EXP,DAM,RU_CLR_PRC,1.74652,10
2025-06-28T23:00:00-00:00,2025-06-29T00:00:00-00:00,2025-06-28,17,0,Hourly,RU,AS_SP26,DAM,RU_CLR_PRC,0,10
2025-06-28T23:00:00-00:00,2025-06-29T00:00:00-00:00,2025-06-28,17,0,Hourly,RU,AS_SP26_EXP,DAM,RU_CLR_PRC,0,10
2025-06-29T01:00:00-00:00,2025-06-29T02:00:00-00:00,2025-06-28,19,0,Hourly,RU,AS_SP26,DAM,RU_CLR_PRC,0,10
2025-06-29T04:00:00-00:00,2025-06-29T05:00:00-00:00,2025-06-28,22,0,Hourly,RU,AS_NP26_EXP,DAM,RU_CLR_PRC,1.6251,10
2025-06-29T04:00:00-00:00,2025-06-29T05:00:00-00:00,2025-06-28,22,0,Hourly,RU,AS_SP26,DAM,RU_CLR_PRC,0,10
2025-06-29T04:00:00-00:00,2025-06-29T05:00:00-00:00,2025-06-28,22,0,Hourly,RU,AS_SP26_EXP,DAM,RU_CLR_PRC,0,10
2025-06-29T06:00:00-00:00,2025-06-29T07:00:00-00:00,2025-06-28,24,0,Hourly,RU,AS_NP26,DAM,RU_CLR_PRC,0,10
2025-06-28T07:00:00-00:00,2025-06-28T08:00:00-00:00,2025-06-28,1,0,Hourly,RU,AS_CAISO_EXP,DAM,RU_CLR_PRC,2,10
2025-06-28T07:00:00-00:00,2025-06-28T08:00:00-00:00,2025-06-28,1,0,Hourly,RU,AS_NP26,DAM,RU_CLR_PRC,0,10
2025-06-28T08:00:00-00:00,2025-06-28T09:00:00-00:00,2025-06-28,2,0,Hourly,RU,AS_CAISO_EXP,DAM,RU_CLR_PRC,1.09306,10
2025-06-28T10:00:00-00:00,2025-06-28T11:00:00-00:00,2025-06-28,4,0,Hourly,RU,AS_SP26_EXP,DAM,RU_CLR_PRC,0,10
2025-06-28T23:00:00-00:00,2025-06-29T00:00:00-00:00,2025-06-28,17,0,Hourly,RU,AS_NP26,DAM,RU_CLR_PRC,0,10
2025-06-29T00:00:00-00:00,2025-06-29T01:00:00-00:00,2025-06-28,18,0,Hourly,RU,AS_CAISO,DAM,RU_CLR_PRC,0,10
2025-06-29T01:00:00-00:00,2025-06-29T02:00:00-00:00,2025-06-28,19,0,Hourly,RU,AS_NP26,DAM,RU_CLR_PRC,0,10
2025-06-29T03:00:00-00:00,2025-06-29T04:00:00-00:00,2025-06-28,21,0,Hourly,RU,AS_CAISO,DAM,RU_CLR_PRC,0,10
2025-06-29T03:00:00-00:00,2025-06-29T04:00:00-00:00,2025-06-28,21,0,Hourly,RU,AS_NP26_EXP,DAM,RU_CLR_PRC,0,10
2025-06-29T05:00:00-00:00,2025-06-29T06:00:00-00:00,2025-06-28,23,0,Hourly,RU,AS_NP26_EXP,DAM,RU_CLR_PRC,1.15844,10
2025-06-29T04:00:00-00:00,2025-06-29T05:00:00-00:00,2025-06-28,22,0,Hourly,RU,AS_NP26,DAM,RU_CLR_PRC,0,10
2025-06-29T05:00:00-00:00,2025-06-29T06:00:00-00:00,2025-06-28,23,0,Hourly,RU,AS_NP26,DAM,RU_CLR_PRC,0,10
2025-06-29T05:00:00-00:00,2025-06-29T06:00:00-00:00,2025-06-28,23,0,Hourly,RU,AS_SP26_EXP,DAM,RU_CLR_PRC,0,10
2025-06-28T08:00:00-00:00,2025-06-28T09:00:00-00:00,2025-06-28,2,0,Hourly,RU,AS_NP26,DAM,RU_CLR_PRC,0,10
2025-06-28T09:00:00-00:00,2025-06-28T10:00:00-00:00,2025-06-28,3,0,Hourly,RU,AS_SP26,DAM,RU_CLR_PRC,0,10
2025-06-28T10:00:00-00:00,2025-06-28T11:00:00-00:00,2025-06-28,4,0,Hourly,RU,AS_NP26,DAM,RU_CLR_PRC,0,10
2025-06-28T10:00:00-00:00,2025-06-28T11:00:00-00:00,2025-06-28,4,0,Hourly,RU,AS_NP26_EXP,DAM,RU_CLR_PRC,1.10411,10
2025-06-28T11:00:00-00:00,2025-06-28T12:00:00-00:00,2025-06-28,5,0,Hourly,RU,AS_CAISO_EXP,DAM,RU_CLR_PRC,1.43722,10
2025-06-28T11:00:00-00:00,2025-06-28T12:00:00-00:00,2025-06-28,5,0,Hourly,RU,AS_NP26,DAM,RU_CLR_PRC,0,10
2025-06-28T12:00:00-00:00,2025-06-28T13:00:00-00:00,2025-06-28,6,0,Hourly,RU,AS_SP26_EXP,DAM,RU_CLR_PRC,0,10
2025-06-28T14:00:00-00:00,2025-06-28T15:00:00-00:00,2025-06-28,8,0,Hourly,RU,AS_NP26_EXP,DAM,RU_CLR_PRC,1.60062,10
2025-06-28T15:00:00-00:00,2025-06-28T16:00:00-00:00,2025-06-28,9,0,Hourly,RU,AS_NP26_EXP,DAM,RU_CLR_PRC,0.08716,10
2025-06-28T17:00:00-00:00,2025-06-28T18:00:00-00:00,2025-06-28,11,0,Hourly,RU,AS_SP26,DAM,RU_CLR_PRC,0,10
2025-06-28T20:00:00-00:00,2025-06-28T21:00:00-00:00,2025-06-28,14,0,Hourly,RU,AS_NP26,DAM,RU_CLR_PRC,0,10
2025-06-28T21:00:00-00:00,2025-06-28T22:00:00-00:00,2025-06-28,15,0,Hourly,RU,AS_CAISO,DAM,RU_CLR_PRC,0,10
2025-06-29T00:00:00-00:00,2025-06-29T01:00:00-00:00,2025-06-28,18,0,Hourly,RU,AS_NP26,DAM,RU_CLR_PRC,0,10
2025-06-29T02:00:00-00:00,2025-06-29T03:00:00-00:00,2025-06-28,20,0,Hourly,RU,AS_CAISO_EXP,DAM,RU_CLR_PRC,3.08118,10
2025-06-29T02:00:00-00:00,2025-06-29T03:00:00-00:00,2025-06-28,20,0,Hourly,RU,AS_NP26_EXP,DAM,RU_CLR_PRC,2.91882,10
2025-06-29T03:00:00-00:00,2025-06-29T04:00:00-00:00,2025-06-28,21,0,Hourly,RU,AS_NP26,DAM,RU_CLR_PRC,0,10
2025-06-29T03:00:00-00:00,2025-06-29T04:00:00-00:00,2025-06-28,21,0,Hourly,RU,AS_SP26,DAM,RU_CLR_PRC,0,10
2025-06-29T04:00:00-00:00,2025-06-29T05:00:00-00:00,2025-06-28,22,0,Hourly,RU,AS_CAISO_EXP,DAM,RU_CLR_PRC,1,10
2025-06-28T07:00:00-00:00,2025-06-28T08:00:00-00:00,2025-06-28,1,0,Hourly,RU,AS_CAISO,DAM,RU_CLR_PRC,0,10
2025-06-28T08:00:00-00:00,2025-06-28T09:00:00-00:00,2025-06-28,2,0,Hourly,RU,AS_SP26,DAM,RU_CLR_PRC,0,10
2025-06-28T10:00:00-00:00,2025-06-28T11:00:00-00:00,2025-06-28,4,0,Hourly,RU,AS_CAISO_EXP,DAM,RU_CLR_PRC,1,10
2025-06-28T11:00:00-00:00,2025-06-28T12:00:00-00:00,2025-06-28,5,0,Hourly,RU,AS_CAISO,DAM,RU_CLR_PRC,0,10
2025-06-28T15:00:00-00:00,2025-06-28T16:00:00-00:00,2025-06-28,9,0,Hourly,RU,AS_SP26_EXP,DAM,RU_CLR_PRC,0,10
2025-06-28T16:00:00-00:00,2025-06-28T17:00:00-00:00,2025-06-28,10,0,Hourly,RU,AS_NP26,DAM,RU_CLR_PRC,0,10
2025-06-28T16:00:00-00:00,2025-06-28T17:00:00-00:00,2025-06-28,10,0,Hourly,RU,AS_NP26_EXP,DAM,RU_CLR_PRC,1.11886,10
2025-06-28T16:00:00-00:00,2025-06-28T17:00:00-00:00,2025-06-28,10,0,Hourly,RU,AS_SP26_EXP,DAM,RU_CLR_PRC,0,10
2025-06-28T18:00:00-00:00,2025-06-28T19:00:00-00:00,2025-06-28,12,0,Hourly,RU,AS_CAISO_EXP,DAM,RU_CLR_PRC,1.52826,10
2025-06-28T19:00:00-00:00,2025-06-28T20:00:00-00:00,2025-06-28,13,0,Hourly,RU,AS_NP26,DAM,RU_CLR_PRC,0,10
2025-06-28T20:00:00-00:00,2025-06-28T21:00:00-00:00,2025-06-28,14,0,Hourly,RU,AS_SP26,DAM,RU_CLR_PRC,0,10
2025-06-28T21:00:00-00:00,2025-06-28T22:00:00-00:00,2025-06-28,15,0,Hourly,RU,AS_CAISO_EXP,DAM,RU_CLR_PRC,1.70619,10
2025-06-28T21:00:00-00:00,2025-06-28T22:00:00-00:00,2025-06-28,15,0,Hourly,RU,AS_SP26_EXP,DAM,RU_CLR_PRC,0,10
2025-06-28T23:00:00-00:00,2025-06-29T00:00:00-00:00,2025-06-28,17,0,Hourly,RU,AS_CAISO,DAM,RU_CLR_PRC,0,10
2025-06-29T02:00:00-00:00,2025-06-29T03:00:00-00:00,2025-06-28,20,0,Hourly,RU,AS_NP26,DAM,RU_CLR_PRC,0,10
2025-06-29T03:00:00-00:00,2025-06-29T04:00:00-00:00,2025-06-28,21,0,Hourly,RU,AS_SP26_EXP,DAM,RU_CLR_PRC,0.71,10
2025-06-28T07:00:00-00:00,2025-06-28T08:00:00-00:00,2025-06-28,1,0,Hourly,RU,AS_SP26,DAM,RU_CLR_PRC,0,10
2025-06-28T07:00:00-00:00,2025-06-28T08:00:00-00:00,2025-06-28,1,0,Hourly,RU,AS_SP26_EXP,DAM,RU_CLR_PRC,0,10
2025-06-28T09:00:00-00:00,2025-06-28T10:00:00-00:00,2025-06-28,3,0,Hourly,RU,AS_CAISO,DAM,RU_CLR_PRC,0,10
2025-06-28T09:00:00-00:00,2025-06-28T10:00:00-00:00,2025-06-28,3,0,Hourly,RU,AS_NP26,DAM,RU_CLR_PRC,0,10
2025-06-28T12:00:00-00:00,2025-06-28T13:00:00-00:00,2025-06-28,6,0,Hourly,RU,AS_NP26,DAM,RU_CLR_PRC,0,10
2025-06-28T14:00:00-00:00,2025-06-28T15:00:00-00:00,2025-06-28,8,0,Hourly,RU,AS_CAISO_EXP,DAM,RU_CLR_PRC,1.64482,10
2025-06-28T15:00:00-00:00,2025-06-28T16:00:00-00:00,2025-06-28,9,0,Hourly,RU,AS_CAISO,DAM,RU_CLR_PRC,0,10
2025-06-28T16:00:00-00:00,2025-06-28T17:00:00-00:00,2025-06-28,10,0,Hourly,RU,AS_CAISO,DAM,RU_CLR_PRC,0,10
2025-06-28T17:00:00-00:00,2025-06-28T18:00:00-00:00,2025-06-28,11,0,Hourly,RU,AS_CAISO,DAM,RU_CLR_PRC,0,10
2025-06-28T19:00:00-00:00,2025-06-28T20:00:00-00:00,2025-06-28,13,0,Hourly,RU,AS_SP26_EXP,DAM,RU_CLR_PRC,0,10
2025-06-29T00:00:00-00:00,2025-06-29T01:00:00-00:00,2025-06-28,18,0,Hourly,RU,AS_NP26_EXP,DAM,RU_CLR_PRC,1.71675,10
2025-06-29T01:00:00-00:00,2025-06-29T02:00:00-00:00,2025-06-28,19,0,Hourly,RU,AS_CAISO_EXP,DAM,RU_CLR_PRC,2.16343,10
2025-06-29T02:00:00-00:00,2025-06-29T03:00:00-00:00,2025-06-28,20,0,Hourly,RU,AS_CAISO,DAM,RU_CLR_PRC,0,10
2025-06-29T02:00:00-00:00,2025-06-29T03:00:00-00:00,2025-06-28,20,0,Hourly,RU,AS_SP26,DAM,RU_CLR_PRC,0,10
2025-06-29T04:00:00-00:00,2025-06-29T05:00:00-00:00,2025-06-28,22,0,Hourly,RU,AS_CAISO,DAM,RU_CLR_PRC,0,10
2025-06-29T05:00:00-00:00,2025-06-29T06:00:00-00:00,2025-06-28,23,0,Hourly,RU,AS_CAISO,DAM,RU_CLR_PRC,0,10
2025-06-29T06:00:00-00:00,2025-06-29T07:00:00-00:00,2025-06-28,24,0,Hourly,RU,AS_SP26_EXP,DAM,RU_CLR_PRC,0,10
2025-06-28T13:00:00-00:00,2025-06-28T14:00:00-00:00,2025-06-28,7,0,Hourly,RU,AS_CAISO,DAM,RU_CLR_PRC,0,10
2025-06-28T13:00:00-00:00,2025-06-28T14:00:00-00:00,2025-06-28,7,0,Hourly,RU,AS_SP26,DAM,RU_CLR_PRC,0,10
2025-06-28T14:00:00-00:00,2025-06-28T15:00:00-00:00,2025-06-28,8,0,Hourly,RU,AS_NP26,DAM,RU_CLR_PRC,0,10
2025-06-28T15:00:00-00:00,2025-06-28T16:00:00-00:00,2025-06-28,9,0,Hourly,RU,AS_CAISO_EXP,DAM,RU_CLR_PRC,2.04284,10
2025-06-28T09:00:00-00:00,2025-06-28T10:00:00-00:00,2025-06-28,3,0,Hourly,RU,AS_SP26_EXP,DAM,RU_CLR_PRC,0,10
2025-06-28T10:00:00-00:00,2025-06-28T11:00:00-00:00,2025-06-28,4,0,Hourly,RU,AS_CAISO,DAM,RU_CLR_PRC,0,10
2025-06-28T13:00:00-00:00,2025-06-28T14:00:00-00:00,2025-06-28,7,0,Hourly,RU,AS_NP26,DAM,RU_CLR_PRC,0,10
2025-06-28T13:00:00-00:00,2025-06-28T14:00:00-00:00,2025-06-28,7,0,Hourly,RU,AS_NP26_EXP,DAM,RU_CLR_PRC,0,10
2025-06-28T13:00:00-00:00,2025-06-28T14:00:00-00:00,2025-06-28,7,0,Hourly,RU,AS_SP26_EXP,DAM,RU_CLR_PRC,0,10
2025-06-28T15:00:00-00:00,2025-06-28T16:00:00-00:00,2025-06-28,9,0,Hourly,RU,AS_NP26,DAM,RU_CLR_PRC,0,10
2025-06-28T16:00:00-00:00,2025-06-28T17:00:00-00:00,2025-06-28,10,0,Hourly,RU,AS_SP26,DAM,RU_CLR_PRC,0,10
2025-06-28T17:00:00-00:00,2025-06-28T18:00:00-00:00,2025-06-28,11,0,Hourly,RU,AS_CAISO_EXP,DAM,RU_CLR_PRC,0.5,10
2025-06-28T19:00:00-00:00,2025-06-28T20:00:00-00:00,2025-06-28,13,0,Hourly,RU,AS_CAISO_EXP,DAM,RU_CLR_PRC,0.521,10
2025-06-28T22:00:00-00:00,2025-06-28T23:00:00-00:00,2025-06-28,16,0,Hourly,RU,AS_CAISO_EXP,DAM,RU_CLR_PRC,0.93,10
2025-06-28T23:00:00-00:00,2025-06-29T00:00:00-00:00,2025-06-28,17,0,Hourly,RU,AS_CAISO_EXP,DAM,RU_CLR_PRC,0.95348,10
2025-06-29T00:00:00-00:00,2025-06-29T01:00:00-00:00,2025-06-28,18,0,Hourly,RU,AS_CAISO_EXP,DAM,RU_CLR_PRC,2.58708,10
2025-06-29T01:00:00-00:00,2025-06-29T02:00:00-00:00,2025-06-28,19,0,Hourly,RU,AS_CAISO,DAM,RU_CLR_PRC,0,10
2025-06-29T01:00:00-00:00,2025-06-29T02:00:00-00:00,2025-06-28,19,0,Hourly,RU,AS_SP26_EXP,DAM,RU_CLR_PRC,0,10
2025-06-29T02:00:00-00:00,2025-06-29T03:00:00-00:00,2025-06-28,20,0,Hourly,RU,AS_SP26_EXP,DAM,RU_CLR_PRC,0,10
2025-06-28T07:00:00-00:00,2025-06-28T08:00:00-00:00,2025-06-28,1,0,Hourly,RU,AS_NP26_EXP,DAM,RU_CLR_PRC,1.82913,10
2025-06-28T08:00:00-00:00,2025-06-28T09:00:00-00:00,2025-06-28,2,0,Hourly,RU,AS_CAISO,DAM,RU_CLR_PRC,0,10
2025-06-28T08:00:00-00:00,2025-06-28T09:00:00-00:00,2025-06-28,2,0,Hourly,RU,AS_NP26_EXP,DAM,RU_CLR_PRC,1.60694,10
2025-06-28T10:00:00-00:00,2025-06-28T11:00:00-00:00,2025-06-28,4,0,Hourly,RU,AS_SP26,DAM,RU_CLR_PRC,0,10
2025-06-28T11:00:00-00:00,2025-06-28T12:00:00-00:00,2025-06-28,5,0,Hourly,RU,AS_NP26_EXP,DAM,RU_CLR_PRC,0.82508,10
2025-06-28T11:00:00-00:00,2025-06-28T12:00:00-00:00,2025-06-28,5,0,Hourly,RU,AS_SP26_EXP,DAM,RU_CLR_PRC,0,10
2025-06-28T12:00:00-00:00,2025-06-28T13:00:00-00:00,2025-06-28,6,0,Hourly,RU,AS_SP26,DAM,RU_CLR_PRC,0,10
2025-06-28T14:00:00-00:00,2025-06-28T15:00:00-00:00,2025-06-28,8,0,Hourly,RU,AS_SP26,DAM,RU_CLR_PRC,0,10
2025-06-28T18:00:00-00:00,2025-06-28T19:00:00-00:00,2025-06-28,12,0,Hourly,RU,AS_NP26_EXP,DAM,RU_CLR_PRC,0.13,10
2025-06-28T18:00:00-00:00,2025-06-28T19:00:00-00:00,2025-06-28,12,0,Hourly,RU,AS_SP26,DAM,RU_CLR_PRC,0,10
2025-06-28T21:00:00-00:00,2025-06-28T22:00:00-00:00,2025-06-28,15,0,Hourly,RU,AS_SP26,DAM,RU_CLR_PRC,0,10
2025-06-28T22:00:00-00:00,2025-06-28T23:00:00-00:00,2025-06-28,16,0,Hourly,RU,AS_CAISO,DAM,RU_CLR_PRC,0,10
2025-06-28T22:00:00-00:00,2025-06-28T23:00:00-00:00,2025-06-28,16,0,Hourly,RU,AS_SP26_EXP,DAM,RU_CLR_PRC,0,10
2025-06-29T01:00:00-00:00,2025-06-29T02:00:00-00:00,2025-06-28,19,0,Hourly,RU,AS_NP26_EXP,DAM,RU_CLR_PRC,3.89157,10
2025-06-29T06:00:00-00:00,2025-06-29T07:00:00-00:00,2025-06-28,24,0,Hourly,RU,AS_CAISO,DAM,RU_CLR_PRC,0,10
2025-06-29T06:00:00-00:00,2025-06-29T07:00:00-00:00,2025-06-28,24,0,Hourly,RU,AS_NP26_EXP,DAM,RU_CLR_PRC,0,10
2025-06-28T09:00:00-00:00,2025-06-28T10:00:00-00:00,2025-06-28,3,0,Hourly,RU,AS_CAISO_EXP,DAM,RU_CLR_PRC,1.42349,10
2025-06-28T11:00:00-00:00,2025-06-28T12:00:00-00:00,2025-06-28,5,0,Hourly,RU,AS_SP26,DAM,RU_CLR_PRC,0,10
2025-06-28T12:00:00-00:00,2025-06-28T13:00:00-00:00,2025-06-28,6,0,Hourly,RU,AS_CAISO,DAM,RU_CLR_PRC,0,10
2025-06-28T12:00:00-00:00,2025-06-28T13:00:00-00:00,2025-06-28,6,0,Hourly,RU,AS_CAISO_EXP,DAM,RU_CLR_PRC,2.91562,10
2025-06-28T13:00:00-00:00,2025-06-28T14:00:00-00:00,2025-06-28,7,0,Hourly,RU,AS_CAISO_EXP,DAM,RU_CLR_PRC,4.63662,10
2025-06-28T15:00:00-00:00,2025-06-28T16:00:00-00:00,2025-06-28,9,0,Hourly,RU,AS_SP26,DAM,RU_CLR_PRC,0,10
2025-06-28T17:00:00-00:00,2025-06-28T18:00:00-00:00,2025-06-28,11,0,Hourly,RU,AS_NP26_EXP,DAM,RU_CLR_PRC,1.03885,10
2025-06-28T17:00:00-00:00,2025-06-28T18:00:00-00:00,2025-06-28,11,0,Hourly,RU,AS_SP26_EXP,DAM,RU_CLR_PRC,0,10
2025-06-28T18:00:00-00:00,2025-06-28T19:00:00-00:00,2025-06-28,12,0,Hourly,RU,AS_NP26,DAM,RU_CLR_PRC,0,10
2025-06-28T18:00:00-00:00,2025-06-28T19:00:00-00:00,2025-06-28,12,0,Hourly,RU,AS_SP26_EXP,DAM,RU_CLR_PRC,0,10
2025-06-28T19:00:00-00:00,2025-06-28T20:00:00-00:00,2025-06-28,13,0,Hourly,RU,AS_CAISO,DAM,RU_CLR_PRC,0,10
2025-06-28T20:00:00-00:00,2025-06-28T21:00:00-00:00,2025-06-28,14,0,Hourly,RU,AS_CAISO,DAM,RU_CLR_PRC,0,10
2025-06-28T20:00:00-00:00,2025-06-28T21:00:00-00:00,2025-06-28,14,0,Hourly,RU,AS_NP26_EXP,DAM,RU_CLR_PRC,1.12741,10
2025-06-28T21:00:00-00:00,2025-06-28T22:00:00-00:00,2025-06-28,15,0,Hourly,RU,AS_NP26,DAM,RU_CLR_PRC,0,10
2025-06-29T00:00:00-00:00,2025-06-29T01:00:00-00:00,2025-06-28,18,0,Hourly,RU,AS_SP26,DAM,RU_CLR_PRC,0,10
2025-06-29T00:00:00-00:00,2025-06-29T01:00:00-00:00,2025-06-28,18,0,Hourly,RU,AS_SP26_EXP,DAM,RU_CLR_PRC,0,10
2025-06-29T03:00:00-00:00,2025-06-29T04:00:00-00:00,2025-06-28,21,0,Hourly,RU,AS_CAISO_EXP,DAM,RU_CLR_PRC,6.96,10
2025-06-29T05:00:00-00:00,2025-06-29T06:00:00-00:00,2025-06-28,23,0,Hourly,RU,AS_CAISO_EXP,DAM,RU_CLR_PRC,1,10
2025-06-29T06:00:00-00:00,2025-06-29T07:00:00-00:00,2025-06-28,24,0,Hourly,RU,AS_CAISO_EXP,DAM,RU_CLR_PRC,5.4,10
2025-06-29T05:00:00-00:00,2025-06-29T06:00:00-00:00,2025-06-28,23,0,Hourly,RU,AS_SP26,DAM,RU_CLR_PRC,0,10
2025-06-29T06:00:00-00:00,2025-06-29T07:00:00-00:00,2025-06-28,24,0,Hourly,RU,AS_SP26,DAM,RU_CLR_PRC,0,10
2025-06-28T08:00:00-00:00,2025-06-28T09:00:00-00:00,2025-06-28,2,0,Hourly,RU,AS_SP26_EXP,DAM,RU_CLR_PRC,0,10
2025-06-28T09:00:00-00:00,2025-06-28T10:00:00-00:00,2025-06-28,3,0,Hourly,RU,AS_NP26_EXP,DAM,RU_CLR_PRC,0.82651,10
2025-06-28T12:00:00-00:00,2025-06-28T13:00:00-00:00,2025-06-28,6,0,Hourly,RU,AS_NP26_EXP,DAM,RU_CLR_PRC,1.67431,10
2025-06-28T14:00:00-00:00,2025-06-28T15:00:00-00:00,2025-06-28,8,0,Hourly,RU,AS_CAISO,DAM,RU_CLR_PRC,0,10
2025-06-28T14:00:00-00:00,2025-06-28T15:00:00-00:00,2025-06-28,8,0,Hourly,RU,AS_SP26_EXP,DAM,RU_CLR_PRC,0,10
2025-06-28T16:00:00-00:00,2025-06-28T17:00:00-00:00,2025-06-28,10,0,Hourly,RU,AS_CAISO_EXP,DAM,RU_CLR_PRC,0.57,10
2025-06-28T17:00:00-00:00,2025-06-28T18:00:00-00:00,2025-06-28,11,0,Hourly,RU,AS_NP26,DAM,RU_CLR_PRC,0,10
2025-06-28T18:00:00-00:00,2025-06-28T19:00:00-00:00,2025-06-28,12,0,Hourly,RU,AS_CAISO,DAM,RU_CLR_PRC,0,10
2025-06-28T19:00:00-00:00,2025-06-28T20:00:00-00:00,2025-06-28,13,0,Hourly,RU,AS_NP26_EXP,DAM,RU_CLR_PRC,1.14008,10
2025-06-28T20:00:00-00:00,2025-06-28T21:00:00-00:00,2025-06-28,14,0,Hourly,RU,AS_CAISO_EXP,DAM,RU_CLR_PRC,2,10
2025-06-28T22:00:00-00:00,2025-06-28T23:00:00-00:00,2025-06-28,16,0,Hourly,RU,AS_NP26_EXP,DAM,RU_CLR_PRC,0.79,10
2025-06-28T22:00:00-00:00,2025-06-28T23:00:00-00:00,2025-06-28,16,0,Hourly,RU,AS_SP26,DAM,RU_CLR_PRC,0,10
2025-06-29T09:00:00-00:00,2025-06-29T10:00:00-00:00,2025-06-29,3,0,Hourly,RU,AS_SP26_EXP,DAM,RU_CLR_PRC,0,11
2025-06-29T13:00:00-00:00,2025-06-29T14:00:00-00:00,2025-06-29,7,0,Hourly,RU,AS_NP26,DAM,RU_CLR_PRC,0,11
2025-06-29T13:00:00-00:00,2025-06-29T14:00:00-00:00,2025-06-29,7,0,Hourly,RU,AS_SP26_EXP,DAM,RU_CLR_PRC,0,11
2025-06-29T15:00:00-00:00,2025-06-29T16:00:00-00:00,2025-06-29,9,0,Hourly,RU,AS_CAISO,DAM,RU_CLR_PRC,0,11
2025-06-29T17:00:00-00:00,2025-06-29T18:00:00-00:00,2025-06-29,11,0,Hourly,RU,AS_CAISO_EXP,DAM,RU_CLR_PRC,1.20795,11
2025-06-29T19:00:00-00:00,2025-06-29T20:00:00-00:00,2025-06-29,13,0,Hourly,RU,AS_NP26,DAM,RU_CLR_PRC,0,11
2025-06-29T20:00:00-00:00,2025-06-29T21:00:00-00:00,2025-06-29,14,0,Hourly,RU,AS_NP26,DAM,RU_CLR_PRC,0,11
2025-06-29T21:00:00-00:00,2025-06-29T22:00:00-00:00,2025-06-29,15,0,Hourly,RU,AS_CAISO_EXP,DAM,RU_CLR_PRC,2,11
2025-06-29T21:00:00-00:00,2025-06-29T22:00:00-00:00,2025-06-29,15,0,Hourly,RU,AS_NP26,DAM,RU_CLR_PRC,0,11
2025-06-29T21:00:00-00:00,2025-06-29T22:00:00-00:00,2025-06-29,15,0,Hourly,RU,AS_NP26_EXP,DAM,RU_CLR_PRC,0.30407,11
2025-06-29T21:00:00-00:00,2025-06-29T22:00:00-00:00,2025-06-29,15,0,Hourly,RU,AS_SP26,DAM,RU_CLR_PRC,0,11
2025-06-29T22:00:00-00:00,2025-06-29T23:00:00-00:00,2025-06-29,16,0,Hourly,RU,AS_NP26_EXP,DAM,RU_CLR_PRC,0.64481,11
2025-06-29T23:00:00-00:00,2025-06-30T00:00:00-00:00,2025-06-29,17,0,Hourly,RU,AS_CAISO_EXP,DAM,RU_CLR_PRC,2.94,11
2025-06-30T03:00:00-00:00,2025-06-30T04:00:00-00:00,2025-06-29,21,0,Hourly,RU,AS_CAISO,DAM,RU_CLR_PRC,0,11
2025-06-30T03:00:00-00:00,2025-06-30T04:00:00-00:00,2025-06-29,21,0,Hourly,RU,AS_SP26,DAM,RU_CLR_PRC,0,11
2025-06-30T06:00:00-00:00,2025-06-30T07:00:00-00:00,2025-06-29,24,0,Hourly,RU,AS_SP26_EXP,DAM,RU_CLR_PRC,0,11
2025-06-30T03:00:00-00:00,2025-06-30T04:00:00-00:00,2025-06-29,21,0,Hourly,RU,AS_CAISO_EXP,DAM,RU_CLR_PRC,4,11
2025-06-30T04:00:00-00:00,2025-06-30T05:00:00-00:00,2025-06-29,22,0,Hourly,RU,AS_SP26,DAM,RU_CLR_PRC,0,11
2025-06-30T06:00:00-00:00,2025-06-30T07:00:00-00:00,2025-06-29,24,0,Hourly,RU,AS_CAISO,DAM,RU_CLR_PRC,0,11
2025-06-30T06:00:00-00:00,2025-06-30T07:00:00-00:00,2025-06-29,24,0,Hourly,RU,AS_CAISO_EXP,DAM,RU_CLR_PRC,6.93,11
2025-06-29T09:00:00-00:00,2025-06-29T10:00:00-00:00,2025-06-29,3,0,Hourly,RU,AS_CAISO_EXP,DAM,RU_CLR_PRC,1.5884,11
2025-06-29T10:00:00-00:00,2025-06-29T11:00:00-00:00,2025-06-29,4,0,Hourly,RU,AS_CAISO_EXP,DAM,RU_CLR_PRC,1.5982,11
2025-06-29T11:00:00-00:00,2025-06-29T12:00:00-00:00,2025-06-29,5,0,Hourly,RU,AS_SP26,DAM,RU_CLR_PRC,0,11
2025-06-29T12:00:00-00:00,2025-06-29T13:00:00-00:00,2025-06-29,6,0,Hourly,RU,AS_CAISO,DAM,RU_CLR_PRC,0,11
2025-06-29T12:00:00-00:00,2025-06-29T13:00:00-00:00,2025-06-29,6,0,Hourly,RU,AS_CAISO_EXP,DAM,RU_CLR_PRC,3.2258,11
2025-06-29T12:00:00-00:00,2025-06-29T13:00:00-00:00,2025-06-29,6,0,Hourly,RU,AS_SP26,DAM,RU_CLR_PRC,0,11
2025-06-29T13:00:00-00:00,2025-06-29T14:00:00-00:00,2025-06-29,7,0,Hourly,RU,AS_CAISO,DAM,RU_CLR_PRC,0,11
2025-06-29T14:00:00-00:00,2025-06-29T15:00:00-00:00,2025-06-29,8,0,Hourly,RU,AS_SP26,DAM,RU_CLR_PRC,0,11
2025-06-29T14:00:00-00:00,2025-06-29T15:00:00-00:00,2025-06-29,8,0,Hourly,RU,AS_SP26_EXP,DAM,RU_CLR_PRC,0,11
2025-06-29T15:00:00-00:00,2025-06-29T16:00:00-00:00,2025-06-29,9,0,Hourly,RU,AS_NP26,DAM,RU_CLR_PRC,0,11
2025-06-29T15:00:00-00:00,2025-06-29T16:00:00-00:00,2025-06-29,9,0,Hourly,RU,AS_NP26_EXP,DAM,RU_CLR_PRC,0,11
2025-06-29T21:00:00-00:00,2025-06-29T22:00:00-00:00,2025-06-29,15,0,Hourly,RU,AS_SP26_EXP,DAM,RU_CLR_PRC,0,11
2025-06-29T22:00:00-00:00,2025-06-29T23:00:00-00:00,2025-06-29,16,0,Hourly,RU,AS_CAISO,DAM,RU_CLR_PRC,0,11
2025-06-29T22:00:00-00:00,2025-06-29T23:00:00-00:00,2025-06-29,16,0,Hourly,RU,AS_SP26,DAM,RU_CLR_PRC,0,11
2025-06-30T02:00:00-00:00,2025-06-30T03:00:00-00:00,2025-06-29,20,0,Hourly,RU,AS_CAISO_EXP,DAM,RU_CLR_PRC,3.8579,11
2025-06-30T02:00:00-00:00,2025-06-30T03:00:00-00:00,2025-06-29,20,0,Hourly,RU,AS_SP26_EXP,DAM,RU_CLR_PRC,0,11
2025-06-30T03:00:00-00:00,2025-06-30T04:00:00-00:00,2025-06-29,21,0,Hourly,RU,AS_SP26_EXP,DAM,RU_CLR_PRC,0,11
2025-06-30T04:00:00-00:00,2025-06-30T05:00:00-00:00,2025-06-29,22,0,Hourly,RU,AS_CAISO_EXP,DAM,RU_CLR_PRC,1,11
2025-06-30T04:00:00-00:00,2025-06-30T05:00:00-00:00,2025-06-29,22,0,Hourly,RU,AS_NP26,DAM,RU_CLR_PRC,0,11
2025-06-30T05:00:00-00:00,2025-06-30T06:00:00-00:00,2025-06-29,23,0,Hourly,RU,AS_CAISO_EXP,DAM,RU_CLR_PRC,1.31,11
2025-06-30T05:00:00-00:00,2025-06-30T06:00:00-00:00,2025-06-29,23,0,Hourly,RU,AS_SP26,DAM,RU_CLR_PRC,0,11
2025-06-29T07:00:00-00:00,2025-06-29T08:00:00-00:00,2025-06-29,1,0,Hourly,RU,AS_NP26,DAM,RU_CLR_PRC,0,11
2025-06-29T08:00:00-00:00,2025-06-29T09:00:00-00:00,2025-06-29,2,0,Hourly,RU,AS_CAISO_EXP,DAM,RU_CLR_PRC,1.4708,11
2025-06-29T08:00:00-00:00,2025-06-29T09:00:00-00:00,2025-06-29,2,0,Hourly,RU,AS_NP26,DAM,RU_CLR_PRC,0,11
2025-06-29T09:00:00-00:00,2025-06-29T10:00:00-00:00,2025-06-29,3,0,Hourly,RU,AS_CAISO,DAM,RU_CLR_PRC,0,11
2025-06-29T10:00:00-00:00,2025-06-29T11:00:00-00:00,2025-06-29,4,0,Hourly,RU,AS_SP26,DAM,RU_CLR_PRC,0,11
2025-06-29T10:00:00-00:00,2025-06-29T11:00:00-00:00,2025-06-29,4,0,Hourly,RU,AS_SP26_EXP,DAM,RU_CLR_PRC,0,11
2025-06-29T12:00:00-00:00,2025-06-29T13:00:00-00:00,2025-06-29,6,0,Hourly,RU,AS_NP26_EXP,DAM,RU_CLR_PRC,1.35801,11
2025-06-29T13:00:00-00:00,2025-06-29T14:00:00-00:00,2025-06-29,7,0,Hourly,RU,AS_CAISO_EXP,DAM,RU_CLR_PRC,5.61861,11
2025-06-29T13:00:00-00:00,2025-06-29T14:00:00-00:00,2025-06-29,7,0,Hourly,RU,AS_NP26_EXP,DAM,RU_CLR_PRC,0,11
2025-06-29T14:00:00-00:00,2025-06-29T15:00:00-00:00,2025-06-29,8,0,Hourly,RU,AS_CAISO_EXP,DAM,RU_CLR_PRC,1.32394,11
2025-06-29T16:00:00-00:00,2025-06-29T17:00:00-00:00,2025-06-29,10,0,Hourly,RU,AS_NP26_EXP,DAM,RU_CLR_PRC,0.08,11
2025-06-29T16:00:00-00:00,2025-06-29T17:00:00-00:00,2025-06-29,10,0,Hourly,RU,AS_SP26,DAM,RU_CLR_PRC,0,11
2025-06-29T17:00:00-00:00,2025-06-29T18:00:00-00:00,2025-06-29,11,0,Hourly,RU,AS_SP26_EXP,DAM,RU_CLR_PRC,0,11
2025-06-29T18:00:00-00:00,2025-06-29T19:00:00-00:00,2025-06-29,12,0,Hourly,RU,AS_NP26,DAM,RU_CLR_PRC,0,11
2025-06-29T18:00:00-00:00,2025-06-29T19:00:00-00:00,2025-06-29,12,0,Hourly,RU,AS_NP26_EXP,DAM,RU_CLR_PRC,1.15041,11
2025-06-29T19:00:00-00:00,2025-06-29T20:00:00-00:00,2025-06-29,13,0,Hourly,RU,AS_SP26_EXP,DAM,RU_CLR_PRC,0,11
2025-06-29T20:00:00-00:00,2025-06-29T21:00:00-00:00,2025-06-29,14,0,Hourly,RU,AS_CAISO_EXP,DAM,RU_CLR_PRC,1.57,11
2025-06-29T22:00:00-00:00,2025-06-29T23:00:00-00:00,2025-06-29,16,0,Hourly,RU,AS_NP26,DAM,RU_CLR_PRC,0,11
2025-06-30T00:00:00-00:00,2025-06-30T01:00:00-00:00,2025-06-29,18,0,Hourly,RU,AS_NP26_EXP,DAM,RU_CLR_PRC,1.74855,11
2025-06-30T01:00:00-00:00,2025-06-30T02:00:00-00:00,2025-06-29,19,0,Hourly,RU,AS_NP26,DAM,RU_CLR_PRC,0,11
2025-06-30T02:00:00-00:00,2025-06-30T03:00:00-00:00,2025-06-29,20,0,Hourly,RU,AS_NP26,DAM,RU_CLR_PRC,0,11
2025-06-30T04:00:00-00:00,2025-06-30T05:00:00-00:00,2025-06-29,22,0,Hourly,RU,AS_CAISO,DAM,RU_CLR_PRC,0,11
2025-06-30T06:00:00-00:00,2025-06-30T07:00:00-00:00,2025-06-29,24,0,Hourly,RU,AS_NP26_EXP,DAM,RU_CLR_PRC,0.03,11
2025-06-29T07:00:00-00:00,2025-06-29T08:00:00-00:00,2025-06-29,1,0,Hourly,RU,AS_CAISO,DAM,RU_CLR_PRC,0,11
2025-06-29T07:00:00-00:00,2025-06-29T08:00:00-00:00,2025-06-29,1,0,Hourly,RU,AS_SP26_EXP,DAM,RU_CLR_PRC,0,11
2025-06-29T08:00:00-00:00,2025-06-29T09:00:00-00:00,2025-06-29,2,0,Hourly,RU,AS_CAISO,DAM,RU_CLR_PRC,0,11
2025-06-29T09:00:00-00:00,2025-06-29T10:00:00-00:00,2025-06-29,3,0,Hourly,RU,AS_SP26,DAM,RU_CLR_PRC,0,11
2025-06-29T11:00:00-00:00,2025-06-29T12:00:00-00:00,2025-06-29,5,0,Hourly,RU,AS_CAISO,DAM,RU_CLR_PRC,0,11
2025-06-29T12:00:00-00:00,2025-06-29T13:00:00-00:00,2025-06-29,6,0,Hourly,RU,AS_SP26_EXP,DAM,RU_CLR_PRC,0,11
2025-06-29T13:00:00-00:00,2025-06-29T14:00:00-00:00,2025-06-29,7,0,Hourly,RU,AS_SP26,DAM,RU_CLR_PRC,0,11
2025-06-29T14:00:00-00:00,2025-06-29T15:00:00-00:00,2025-06-29,8,0,Hourly,RU,AS_NP26,DAM,RU_CLR_PRC,0,11
2025-06-29T15:00:00-00:00,2025-06-29T16:00:00-00:00,2025-06-29,9,0,Hourly,RU,AS_CAISO_EXP,DAM,RU_CLR_PRC,2.05,11
2025-06-29T18:00:00-00:00,2025-06-29T19:00:00-00:00,2025-06-29,12,0,Hourly,RU,AS_SP26,DAM,RU_CLR_PRC,0,11
2025-06-29T19:00:00-00:00,2025-06-29T20:00:00-00:00,2025-06-29,13,0,Hourly,RU,AS_NP26_EXP,DAM,RU_CLR_PRC,0.12864,11
2025-06-29T22:00:00-00:00,2025-06-29T23:00:00-00:00,2025-06-29,16,0,Hourly,RU,AS_SP26_EXP,DAM,RU_CLR_PRC,0,11
2025-06-30T00:00:00-00:00,2025-06-30T01:00:00-00:00,2025-06-29,18,0,Hourly,RU,AS_CAISO,DAM,RU_CLR_PRC,0,11
2025-06-30T00:00:00-00:00,2025-06-30T01:00:00-00:00,2025-06-29,18,0,Hourly,RU,AS_CAISO_EXP,DAM,RU_CLR_PRC,2.54668,11
2025-06-30T03:00:00-00:00,2025-06-30T04:00:00-00:00,2025-06-29,21,0,Hourly,RU,AS_NP26,DAM,RU_CLR_PRC,0,11
2025-06-30T05:00:00-00:00,2025-06-30T06:00:00-00:00,2025-06-29,23,0,Hourly,RU,AS_SP26_EXP,DAM,RU_CLR_PRC,0,11
2025-06-29T07:00:00-00:00,2025-06-29T08:00:00-00:00,2025-06-29,1,0,Hourly,RU,AS_NP26_EXP,DAM,RU_CLR_PRC,2.33094,11
2025-06-29T08:00:00-00:00,2025-06-29T09:00:00-00:00,2025-06-29,2,0,Hourly,RU,AS_SP26,DAM,RU_CLR_PRC,0,11
2025-06-29T08:00:00-00:00,2025-06-29T09:00:00-00:00,2025-06-29,2,0,Hourly,RU,AS_SP26_EXP,DAM,RU_CLR_PRC,0,11
2025-06-29T09:00:00-00:00,2025-06-29T10:00:00-00:00,2025-06-29,3,0,Hourly,RU,AS_NP26_EXP,DAM,RU_CLR_PRC,0.95629,11
2025-06-29T11:00:00-00:00,2025-06-29T12:00:00-00:00,2025-06-29,5,0,Hourly,RU,AS_NP26,DAM,RU_CLR_PRC,0,11
2025-06-29T14:00:00-00:00,2025-06-29T15:00:00-00:00,2025-06-29,8,0,Hourly,RU,AS_NP26_EXP,DAM,RU_CLR_PRC,2.64628,11
2025-06-29T20:00:00-00:00,2025-06-29T21:00:00-00:00,2025-06-29,14,0,Hourly,RU,AS_CAISO,DAM,RU_CLR_PRC,0,11
2025-06-29T21:00:00-00:00,2025-06-29T22:00:00-00:00,2025-06-29,15,0,Hourly,RU,AS_CAISO,DAM,RU_CLR_PRC,0,11
2025-06-29T23:00:00-00:00,2025-06-30T00:00:00-00:00,2025-06-29,17,0,Hourly,RU,AS_SP26_EXP,DAM,RU_CLR_PRC,0,11
2025-06-30T00:00:00-00:00,2025-06-30T01:00:00-00:00,2025-06-29,18,0,Hourly,RU,AS_SP26,DAM,RU_CLR_PRC,0,11
2025-06-30T01:00:00-00:00,2025-06-30T02:00:00-00:00,2025-06-29,19,0,Hourly,RU,AS_CAISO,DAM,RU_CLR_PRC,0,11
2025-06-30T01:00:00-00:00,2025-06-30T02:00:00-00:00,2025-06-29,19,0,Hourly,RU,AS_SP26,DAM,RU_CLR_PRC,0,11
2025-06-30T02:00:00-00:00,2025-06-30T03:00:00-00:00,2025-06-29,20,0,Hourly,RU,AS_CAISO,DAM,RU_CLR_PRC,0,11
2025-06-30T02:00:00-00:00,2025-06-30T03:00:00-00:00,2025-06-29,20,0,Hourly,RU,AS_NP26_EXP,DAM,RU_CLR_PRC,3.1021,11
2025-06-30T02:00:00-00:00,2025-06-30T03:00:00-00:00,2025-06-29,20,0,Hourly,RU,AS_SP26,DAM,RU_CLR_PRC,0,11
2025-06-30T05:00:00-00:00,2025-06-30T06:00:00-00:00,2025-06-29,23,0,Hourly,RU,AS_NP26,DAM,RU_CLR_PRC,0,11
2025-06-30T05:00:00-00:00,2025-06-30T06:00:00-00:00,2025-06-29,23,0,Hourly,RU,AS_NP26_EXP,DAM,RU_CLR_PRC,3.43402,11
2025-06-30T06:00:00-00:00,2025-06-30T07:00:00-00:00,2025-06-29,24,0,Hourly,RU,AS_NP26,DAM,RU_CLR_PRC,0,11
2025-06-29T17:00:00-00:00,2025-06-29T18:00:00-00:00,2025-06-29,11,0,Hourly,RU,AS_CAISO,DAM,RU_CLR_PRC,0,11
2025-06-29T17:00:00-00:00,2025-06-29T18:00:00-00:00,2025-06-29,11,0,Hourly,RU,AS_NP26,DAM,RU_CLR_PRC,0,11
2025-06-29T18:00:00-00:00,2025-06-29T19:00:00-00:00,2025-06-29,12,0,Hourly,RU,AS_CAISO_EXP,DAM,RU_CLR_PRC,0.5,11
2025-06-29T18:00:00-00:00,2025-06-29T19:00:00-00:00,2025-06-29,12,0,Hourly,RU,AS_SP26_EXP,DAM,RU_CLR_PRC,0,11
2025-06-29T19:00:00-00:00,2025-06-29T20:00:00-00:00,2025-06-29,13,0,Hourly,RU,AS_SP26,DAM,RU_CLR_PRC,0,11
2025-06-29T20:00:00-00:00,2025-06-29T21:00:00-00:00,2025-06-29,14,0,Hourly,RU,AS_NP26_EXP,DAM,RU_CLR_PRC,1.5523,11
2025-06-29T20:00:00-00:00,2025-06-29T21:00:00-00:00,2025-06-29,14,0,Hourly,RU,AS_SP26,DAM,RU_CLR_PRC,0,11
2025-06-29T22:00:00-00:00,2025-06-29T23:00:00-00:00,2025-06-29,16,0,Hourly,RU,AS_CAISO_EXP,DAM,RU_CLR_PRC,0.71425,11
2025-06-29T23:00:00-00:00,2025-06-30T00:00:00-00:00,2025-06-29,17,0,Hourly,RU,AS_CAISO,DAM,RU_CLR_PRC,0,11
2025-06-29T23:00:00-00:00,2025-06-30T00:00:00-00:00,2025-06-29,17,0,Hourly,RU,AS_NP26,DAM,RU_CLR_PRC,0,11
2025-06-30T00:00:00-00:00,2025-06-30T01:00:00-00:00,2025-06-29,18,0,Hourly,RU,AS_NP26,DAM,RU_CLR_PRC,0,11
2025-06-30T01:00:00-00:00,2025-06-30T02:00:00-00:00,2025-06-29,19,0,Hourly,RU,AS_SP26_EXP,DAM,RU_CLR_PRC,0,11
2025-06-30T03:00:00-00:00,2025-06-30T04:00:00-00:00,2025-06-29,21,0,Hourly,RU,AS_NP26_EXP,DAM,RU_CLR_PRC,2,11
2025-06-30T04:00:00-00:00,2025-06-30T05:00:00-00:00,2025-06-29,22,0,Hourly,RU,AS_NP26_EXP,DAM,RU_CLR_PRC,5,11
2025-06-30T05:00:00-00:00,2025-06-30T06:00:00-00:00,2025-06-29,23,0,Hourly,RU,AS_CAISO,DAM,RU_CLR_PRC,0,11
2025-06-30T06:00:00-00:00,2025-06-30T07:00:00-00:00,2025-06-29,24,0,Hourly,RU,AS_SP26,DAM,RU_CLR_PRC,0,11
2025-06-29T10:00:00-00:00,2025-06-29T11:00:00-00:00,2025-06-29,4,0,Hourly,RU,AS_NP26,DAM,RU_CLR_PRC,0,11
2025-06-29T11:00:00-00:00,2025-06-29T12:00:00-00:00,2025-06-29,5,0,Hourly,RU,AS_CAISO_EXP,DAM,RU_CLR_PRC,1.5982,11
2025-06-29T14:00:00-00:00,2025-06-29T15:00:00-00:00,2025-06-29,8,0,Hourly,RU,AS_CAISO,DAM,RU_CLR_PRC,0,11
2025-06-29T15:00:00-00:00,2025-06-29T16:00:00-00:00,2025-06-29,9,0,Hourly,RU,AS_SP26_EXP,DAM,RU_CLR_PRC,0,11
2025-06-29T16:00:00-00:00,2025-06-29T17:00:00-00:00,2025-06-29,10,0,Hourly,RU,AS_SP26_EXP,DAM,RU_CLR_PRC,0,11
2025-06-29T17:00:00-00:00,2025-06-29T18:00:00-00:00,2025-06-29,11,0,Hourly,RU,AS_NP26_EXP,DAM,RU_CLR_PRC,0.2829,11
2025-06-29T18:00:00-00:00,2025-06-29T19:00:00-00:00,2025-06-29,12,0,Hourly,RU,AS_CAISO,DAM,RU_CLR_PRC,0,11
2025-06-29T19:00:00-00:00,2025-06-29T20:00:00-00:00,2025-06-29,13,0,Hourly,RU,AS_CAISO,DAM,RU_CLR_PRC,0,11
2025-06-29T23:00:00-00:00,2025-06-30T00:00:00-00:00,2025-06-29,17,0,Hourly,RU,AS_NP26_EXP,DAM,RU_CLR_PRC,0.13,11
2025-06-30T00:00:00-00:00,2025-06-30T01:00:00-00:00,2025-06-29,18,0,Hourly,RU,AS_SP26_EXP,DAM,RU_CLR_PRC,0,11
2025-06-30T01:00:00-00:00,2025-06-30T02:00:00-00:00,2025-06-29,19,0,Hourly,RU,AS_NP26_EXP,DAM,RU_CLR_PRC,3.55274,11
2025-06-30T04:00:00-00:00,2025-06-30T05:00:00-00:00,2025-06-29,22,0,Hourly,RU,AS_SP26_EXP,DAM,RU_CLR_PRC,0,11
2025-06-29T08:00:00-00:00,2025-06-29T09:00:00-00:00,2025-06-29,2,0,Hourly,RU,AS_NP26_EXP,DAM,RU_CLR_PRC,3.24472,11
2025-06-29T09:00:00-00:00,2025-06-29T10:00:00-00:00,2025-06-29,3,0,Hourly,RU,AS_NP26,DAM,RU_CLR_PRC,0,11
2025-06-29T11:00:00-00:00,2025-06-29T12:00:00-00:00,2025-06-29,5,0,Hourly,RU,AS_SP26_EXP,DAM,RU_CLR_PRC,0,11
2025-06-29T15:00:00-00:00,2025-06-29T16:00:00-00:00,2025-06-29,9,0,Hourly,RU,AS_SP26,DAM,RU_CLR_PRC,0,11
2025-06-29T16:00:00-00:00,2025-06-29T17:00:00-00:00,2025-06-29,10,0,Hourly,RU,AS_CAISO,DAM,RU_CLR_PRC,0,11
2025-06-29T16:00:00-00:00,2025-06-29T17:00:00-00:00,2025-06-29,10,0,Hourly,RU,AS_CAISO_EXP,DAM,RU_CLR_PRC,1.48903,11
2025-06-29T16:00:00-00:00,2025-06-29T17:00:00-00:00,2025-06-29,10,0,Hourly,RU,AS_NP26,DAM,RU_CLR_PRC,0,11
2025-06-29T07:00:00-00:00,2025-06-29T08:00:00-00:00,2025-06-29,1,0,Hourly,RU,AS_CAISO_EXP,DAM,RU_CLR_PRC,2,11
2025-06-29T07:00:00-00:00,2025-06-29T08:00:00-00:00,2025-06-29,1,0,Hourly,RU,AS_SP26,DAM,RU_CLR_PRC,0,11
2025-06-29T10:00:00-00:00,2025-06-29T11:00:00-00:00,2025-06-29,4,0,Hourly,RU,AS_NP26_EXP,DAM,RU_CLR_PRC,0.9118,11
2025-06-29T10:00:00-00:00,2025-06-29T11:00:00-00:00,2025-06-29,4,0,Hourly,RU,AS_CAISO,DAM,RU_CLR_PRC,0,11
2025-06-29T11:00:00-00:00,2025-06-29T12:00:00-00:00,2025-06-29,5,0,Hourly,RU,AS_NP26_EXP,DAM,RU_CLR_PRC,0.6218,11
2025-06-29T12:00:00-00:00,2025-06-29T13:00:00-00:00,2025-06-29,6,0,Hourly,RU,AS_NP26,DAM,RU_CLR_PRC,0,11
2025-06-29T17:00:00-00:00,2025-06-29T18:00:00-00:00,2025-06-29,11,0,Hourly,RU,AS_SP26,DAM,RU_CLR_PRC,0,11
2025-06-29T19:00:00-00:00,2025-06-29T20:00:00-00:00,2025-06-29,13,0,Hourly,RU,AS_CAISO_EXP,DAM,RU_CLR_PRC,2,11
2025-06-29T20:00:00-00:00,2025-06-29T21:00:00-00:00,2025-06-29,14,0,Hourly,RU,AS_SP26_EXP,DAM,RU_CLR_PRC,0,11
2025-06-29T23:00:00-00:00,2025-06-30T00:00:00-00:00,2025-06-29,17,0,Hourly,RU,AS_SP26,DAM,RU_CLR_PRC,0,11
2025-06-30T01:00:00-00:00,2025-06-30T02:00:00-00:00,2025-06-29,19,0,Hourly,RU,AS_CAISO_EXP,DAM,RU_CLR_PRC,2.94226,11
2025-07-01T05:00:00-00:00,2025-07-01T06:00:00-00:00,2025-06-30,23,0,Hourly,RU,AS_SP26_EXP,DAM,RU_CLR_PRC,0,12
2025-06-30T07:00:00-00:00,2025-06-30T08:00:00-00:00,2025-06-30,1,0,Hourly,RU,AS_CAISO_EXP,DAM,RU_CLR_PRC,1.25187,12
2025-06-30T10:00:00-00:00,2025-06-30T11:00:00-00:00,2025-06-30,4,0,Hourly,RU,AS_SP26_EXP,DAM,RU_CLR_PRC,0,12
2025-06-30T11:00:00-00:00,2025-06-30T12:00:00-00:00,2025-06-30,5,0,Hourly,RU,AS_CAISO,DAM,RU_CLR_PRC,0,12
2025-06-30T11:00:00-00:00,2025-06-30T12:00:00-00:00,2025-06-30,5,0,Hourly,RU,AS_SP26,DAM,RU_CLR_PRC,0,12
2025-06-30T12:00:00-00:00,2025-06-30T13:00:00-00:00,2025-06-30,6,0,Hourly,RU,AS_CAISO,DAM,RU_CLR_PRC,0,12
2025-06-30T12:00:00-00:00,2025-06-30T13:00:00-00:00,2025-06-30,6,0,Hourly,RU,AS_SP26_EXP,DAM,RU_CLR_PRC,0,12
2025-06-30T13:00:00-00:00,2025-06-30T14:00:00-00:00,2025-06-30,7,0,Hourly,RU,AS_SP26_EXP,DAM,RU_CLR_PRC,0,12
2025-06-30T16:00:00-00:00,2025-06-30T17:00:00-00:00,2025-06-30,10,0,Hourly,RU,AS_NP26,DAM,RU_CLR_PRC,0,12
2025-06-30T18:00:00-00:00,2025-06-30T19:00:00-00:00,2025-06-30,12,0,Hourly,RU,AS_CAISO_EXP,DAM,RU_CLR_PRC,0.5,12
2025-06-30T19:00:00-00:00,2025-06-30T20:00:00-00:00,2025-06-30,13,0,Hourly,RU,AS_NP26_EXP,DAM,RU_CLR_PRC,1.62698,12
2025-06-30T20:00:00-00:00,2025-06-30T21:00:00-00:00,2025-06-30,14,0,Hourly,RU,AS_NP26_EXP,DAM,RU_CLR_PRC,0.63388,12
2025-06-30T23:00:00-00:00,2025-07-01T00:00:00-00:00,2025-06-30,17,0,Hourly,RU,AS_SP26_EXP,DAM,RU_CLR_PRC,0,12
2025-07-01T03:00:00-00:00,2025-07-01T04:00:00-00:00,2025-06-30,21,0,Hourly,RU,AS_SP26,DAM,RU_CLR_PRC,0,12
2025-07-01T05:00:00-00:00,2025-07-01T06:00:00-00:00,2025-06-30,23,0,Hourly,RU,AS_NP26_EXP,DAM,RU_CLR_PRC,3.99,12
2025-07-01T06:00:00-00:00,2025-07-01T07:00:00-00:00,2025-06-30,24,0,Hourly,RU,AS_SP26,DAM,RU_CLR_PRC,0,12
2025-06-30T18:00:00-00:00,2025-06-30T19:00:00-00:00,2025-06-30,12,0,Hourly,RU,AS_SP26,DAM,RU_CLR_PRC,0,12
2025-06-30T19:00:00-00:00,2025-06-30T20:00:00-00:00,2025-06-30,13,0,Hourly,RU,AS_SP26,DAM,RU_CLR_PRC,0,12
2025-06-30T21:00:00-00:00,2025-06-30T22:00:00-00:00,2025-06-30,15,0,Hourly,RU,AS_CAISO_EXP,DAM,RU_CLR_PRC,2,12
2025-06-30T22:00:00-00:00,2025-06-30T23:00:00-00:00,2025-06-30,16,0,Hourly,RU,AS_NP26,DAM,RU_CLR_PRC,0,12
2025-06-30T23:00:00-00:00,2025-07-01T00:00:00-00:00,2025-06-30,17,0,Hourly,RU,AS_CAISO_EXP,DAM,RU_CLR_PRC,2,12
2025-07-01T00:00:00-00:00,2025-07-01T01:00:00-00:00,2025-06-30,18,0,Hourly,RU,AS_SP26,DAM,RU_CLR_PRC,0,12
2025-07-01T01:00:00-00:00,2025-07-01T02:00:00-00:00,2025-06-30,19,0,Hourly,RU,AS_NP26_EXP,DAM,RU_CLR_PRC,5.56288,12
2025-07-01T02:00:00-00:00,2025-07-01T03:00:00-00:00,2025-06-30,20,0,Hourly,RU,AS_NP26,DAM,RU_CLR_PRC,0,12
2025-07-01T02:00:00-00:00,2025-07-01T03:00:00-00:00,2025-06-30,20,0,Hourly,RU,AS_SP26,DAM,RU_CLR_PRC,0,12
2025-07-01T04:00:00-00:00,2025-07-01T05:00:00-00:00,2025-06-30,22,0,Hourly,RU,AS_NP26_EXP,DAM,RU_CLR_PRC,3.99,12
2025-06-30T07:00:00-00:00,2025-06-30T08:00:00-00:00,2025-06-30,1,0,Hourly,RU,AS_NP26_EXP,DAM,RU_CLR_PRC,2.54645,12
2025-06-30T07:00:00-00:00,2025-06-30T08:00:00-00:00,2025-06-30,1,0,Hourly,RU,AS_CAISO,DAM,RU_CLR_PRC,0,12
2025-06-30T08:00:00-00:00,2025-06-30T09:00:00-00:00,2025-06-30,2,0,Hourly,RU,AS_NP26,DAM,RU_CLR_PRC,0,12
2025-06-30T09:00:00-00:00,2025-06-30T10:00:00-00:00,2025-06-30,3,0,Hourly,RU,AS_NP26_EXP,DAM,RU_CLR_PRC,0.3728,12
2025-06-30T15:00:00-00:00,2025-06-30T16:00:00-00:00,2025-06-30,9,0,Hourly,RU,AS_CAISO,DAM,RU_CLR_PRC,0,12
2025-06-30T15:00:00-00:00,2025-06-30T16:00:00-00:00,2025-06-30,9,0,Hourly,RU,AS_CAISO_EXP,DAM,RU_CLR_PRC,1.70097,12
2025-06-30T16:00:00-00:00,2025-06-30T17:00:00-00:00,2025-06-30,10,0,Hourly,RU,AS_SP26,DAM,RU_CLR_PRC,0,12
2025-06-30T17:00:00-00:00,2025-06-30T18:00:00-00:00,2025-06-30,11,0,Hourly,RU,AS_CAISO,DAM,RU_CLR_PRC,0,12
2025-06-30T18:00:00-00:00,2025-06-30T19:00:00-00:00,2025-06-30,12,0,Hourly,RU,AS_CAISO,DAM,RU_CLR_PRC,0,12
2025-06-30T19:00:00-00:00,2025-06-30T20:00:00-00:00,2025-06-30,13,0,Hourly,RU,AS_SP26_EXP,DAM,RU_CLR_PRC,0,12
2025-06-30T20:00:00-00:00,2025-06-30T21:00:00-00:00,2025-06-30,14,0,Hourly,RU,AS_NP26,DAM,RU_CLR_PRC,0,12
2025-06-30T21:00:00-00:00,2025-06-30T22:00:00-00:00,2025-06-30,15,0,Hourly,RU,AS_CAISO,DAM,RU_CLR_PRC,0,12
2025-07-01T01:00:00-00:00,2025-07-01T02:00:00-00:00,2025-06-30,19,0,Hourly,RU,AS_CAISO_EXP,DAM,RU_CLR_PRC,2.415,12
2025-07-01T01:00:00-00:00,2025-07-01T02:00:00-00:00,2025-06-30,19,0,Hourly,RU,AS_SP26,DAM,RU_CLR_PRC,0,12
2025-07-01T04:00:00-00:00,2025-07-01T05:00:00-00:00,2025-06-30,22,0,Hourly,RU,AS_SP26_EXP,DAM,RU_CLR_PRC,0,12
2025-07-01T05:00:00-00:00,2025-07-01T06:00:00-00:00,2025-06-30,23,0,Hourly,RU,AS_CAISO,DAM,RU_CLR_PRC,0,12
2025-07-01T05:00:00-00:00,2025-07-01T06:00:00-00:00,2025-06-30,23,0,Hourly,RU,AS_NP26,DAM,RU_CLR_PRC,0,12
2025-07-01T06:00:00-00:00,2025-07-01T07:00:00-00:00,2025-06-30,24,0,Hourly,RU,AS_CAISO,DAM,RU_CLR_PRC,0,12
2025-07-01T01:00:00-00:00,2025-07-01T02:00:00-00:00,2025-06-30,19,0,Hourly,RU,AS_NP26,DAM,RU_CLR_PRC,0,12
2025-07-01T01:00:00-00:00,2025-07-01T02:00:00-00:00,2025-06-30,19,0,Hourly,RU,AS_SP26_EXP,DAM,RU_CLR_PRC,0,12
2025-07-01T02:00:00-00:00,2025-07-01T03:00:00-00:00,2025-06-30,20,0,Hourly,RU,AS_CAISO_EXP,DAM,RU_CLR_PRC,6.495,12
2025-07-01T06:00:00-00:00,2025-07-01T07:00:00-00:00,2025-06-30,24,0,Hourly,RU,AS_NP26_EXP,DAM,RU_CLR_PRC,0.82113,12
2025-06-30T08:00:00-00:00,2025-06-30T09:00:00-00:00,2025-06-30,2,0,Hourly,RU,AS_CAISO,DAM,RU_CLR_PRC,0,12
2025-06-30T10:00:00-00:00,2025-06-30T11:00:00-00:00,2025-06-30,4,0,Hourly,RU,AS_NP26_EXP,DAM,RU_CLR_PRC,0.38773,12
2025-06-30T11:00:00-00:00,2025-06-30T12:00:00-00:00,2025-06-30,5,0,Hourly,RU,AS_SP26_EXP,DAM,RU_CLR_PRC,0,12
2025-06-30T14:00:00-00:00,2025-06-30T15:00:00-00:00,2025-06-30,8,0,Hourly,RU,AS_NP26,DAM,RU_CLR_PRC,0,12
2025-06-30T14:00:00-00:00,2025-06-30T15:00:00-00:00,2025-06-30,8,0,Hourly,RU,AS_SP26,DAM,RU_CLR_PRC,0,12
2025-06-30T15:00:00-00:00,2025-06-30T16:00:00-00:00,2025-06-30,9,0,Hourly,RU,AS_NP26_EXP,DAM,RU_CLR_PRC,0.63963,12
2025-06-30T15:00:00-00:00,2025-06-30T16:00:00-00:00,2025-06-30,9,0,Hourly,RU,AS_SP26_EXP,DAM,RU_CLR_PRC,0,12
2025-06-30T16:00:00-00:00,2025-06-30T17:00:00-00:00,2025-06-30,10,0,Hourly,RU,AS_SP26_EXP,DAM,RU_CLR_PRC,0,12
2025-06-30T18:00:00-00:00,2025-06-30T19:00:00-00:00,2025-06-30,12,0,Hourly,RU,AS_SP26_EXP,DAM,RU_CLR_PRC,0,12
2025-06-30T19:00:00-00:00,2025-06-30T20:00:00-00:00,2025-06-30,13,0,Hourly,RU,AS_CAISO_EXP,DAM,RU_CLR_PRC,0.24583,12
2025-06-30T21:00:00-00:00,2025-06-30T22:00:00-00:00,2025-06-30,15,0,Hourly,RU,AS_NP26_EXP,DAM,RU_CLR_PRC,0.88901,12
2025-06-30T21:00:00-00:00,2025-06-30T22:00:00-00:00,2025-06-30,15,0,Hourly,RU,AS_SP26,DAM,RU_CLR_PRC,0,12
2025-06-30T23:00:00-00:00,2025-07-01T00:00:00-00:00,2025-06-30,17,0,Hourly,RU,AS_NP26,DAM,RU_CLR_PRC,0,12
2025-07-01T00:00:00-00:00,2025-07-01T01:00:00-00:00,2025-06-30,18,0,Hourly,RU,AS_CAISO,DAM,RU_CLR_PRC,0,12
2025-07-01T00:00:00-00:00,2025-07-01T01:00:00-00:00,2025-06-30,18,0,Hourly,RU,AS_SP26_EXP,DAM,RU_CLR_PRC,0,12
2025-07-01T01:00:00-00:00,2025-07-01T02:00:00-00:00,2025-06-30,19,0,Hourly,RU,AS_CAISO,DAM,RU_CLR_PRC,0,12
2025-06-30T08:00:00-00:00,2025-06-30T09:00:00-00:00,2025-06-30,2,0,Hourly,RU,AS_SP26_EXP,DAM,RU_CLR_PRC,0,12
2025-06-30T10:00:00-00:00,2025-06-30T11:00:00-00:00,2025-06-30,4,0,Hourly,RU,AS_SP26,DAM,RU_CLR_PRC,0,12
2025-06-30T12:00:00-00:00,2025-06-30T13:00:00-00:00,2025-06-30,6,0,Hourly,RU,AS_SP26,DAM,RU_CLR_PRC,0,12
2025-06-30T13:00:00-00:00,2025-06-30T14:00:00-00:00,2025-06-30,7,0,Hourly,RU,AS_CAISO,DAM,RU_CLR_PRC,0,12
2025-06-30T13:00:00-00:00,2025-06-30T14:00:00-00:00,2025-06-30,7,0,Hourly,RU,AS_NP26,DAM,RU_CLR_PRC,0,12
2025-06-30T15:00:00-00:00,2025-06-30T16:00:00-00:00,2025-06-30,9,0,Hourly,RU,AS_NP26,DAM,RU_CLR_PRC,0,12
2025-06-30T16:00:00-00:00,2025-06-30T17:00:00-00:00,2025-06-30,10,0,Hourly,RU,AS_NP26_EXP,DAM,RU_CLR_PRC,0.13,12
2025-06-30T17:00:00-00:00,2025-06-30T18:00:00-00:00,2025-06-30,11,0,Hourly,RU,AS_NP26,DAM,RU_CLR_PRC,0,12
2025-06-30T17:00:00-00:00,2025-06-30T18:00:00-00:00,2025-06-30,11,0,Hourly,RU,AS_SP26_EXP,DAM,RU_CLR_PRC,0,12
2025-06-30T19:00:00-00:00,2025-06-30T20:00:00-00:00,2025-06-30,13,0,Hourly,RU,AS_NP26,DAM,RU_CLR_PRC,0,12
2025-06-30T20:00:00-00:00,2025-06-30T21:00:00-00:00,2025-06-30,14,0,Hourly,RU,AS_CAISO,DAM,RU_CLR_PRC,0,12
2025-06-30T21:00:00-00:00,2025-06-30T22:00:00-00:00,2025-06-30,15,0,Hourly,RU,AS_NP26,DAM,RU_CLR_PRC,0,12
2025-06-30T23:00:00-00:00,2025-07-01T00:00:00-00:00,2025-06-30,17,0,Hourly,RU,AS_NP26_EXP,DAM,RU_CLR_PRC,0.23,12
2025-07-01T00:00:00-00:00,2025-07-01T01:00:00-00:00,2025-06-30,18,0,Hourly,RU,AS_NP26_EXP,DAM,RU_CLR_PRC,2.41679,12
2025-07-01T02:00:00-00:00,2025-07-01T03:00:00-00:00,2025-06-30,20,0,Hourly,RU,AS_SP26_EXP,DAM,RU_CLR_PRC,0,12
2025-07-01T03:00:00-00:00,2025-07-01T04:00:00-00:00,2025-06-30,21,0,Hourly,RU,AS_NP26_EXP,DAM,RU_CLR_PRC,0,12
2025-06-30T08:00:00-00:00,2025-06-30T09:00:00-00:00,2025-06-30,2,0,Hourly,RU,AS_SP26,DAM,RU_CLR_PRC,0,12
2025-06-30T09:00:00-00:00,2025-06-30T10:00:00-00:00,2025-06-30,3,0,Hourly,RU,AS_SP26,DAM,RU_CLR_PRC,0,12
2025-06-30T11:00:00-00:00,2025-06-30T12:00:00-00:00,2025-06-30,5,0,Hourly,RU,AS_CAISO_EXP,DAM,RU_CLR_PRC,1,12
2025-06-30T12:00:00-00:00,2025-06-30T13:00:00-00:00,2025-06-30,6,0,Hourly,RU,AS_NP26_EXP,DAM,RU_CLR_PRC,2.40779,12
2025-06-30T13:00:00-00:00,2025-06-30T14:00:00-00:00,2025-06-30,7,0,Hourly,RU,AS_NP26_EXP,DAM,RU_CLR_PRC,0.03554,12
2025-06-30T13:00:00-00:00,2025-06-30T14:00:00-00:00,2025-06-30,7,0,Hourly,RU,AS_SP26,DAM,RU_CLR_PRC,0,12
2025-06-30T14:00:00-00:00,2025-06-30T15:00:00-00:00,2025-06-30,8,0,Hourly,RU,AS_CAISO,DAM,RU_CLR_PRC,0,12
2025-06-30T16:00:00-00:00,2025-06-30T17:00:00-00:00,2025-06-30,10,0,Hourly,RU,AS_CAISO,DAM,RU_CLR_PRC,0,12
2025-06-30T19:00:00-00:00,2025-06-30T20:00:00-00:00,2025-06-30,13,0,Hourly,RU,AS_CAISO,DAM,RU_CLR_PRC,0,12
2025-06-30T22:00:00-00:00,2025-06-30T23:00:00-00:00,2025-06-30,16,0,Hourly,RU,AS_CAISO_EXP,DAM,RU_CLR_PRC,2,12
2025-07-01T00:00:00-00:00,2025-07-01T01:00:00-00:00,2025-06-30,18,0,Hourly,RU,AS_NP26,DAM,RU_CLR_PRC,0,12
2025-07-01T03:00:00-00:00,2025-07-01T04:00:00-00:00,2025-06-30,21,0,Hourly,RU,AS_NP26,DAM,RU_CLR_PRC,0,12
2025-07-01T03:00:00-00:00,2025-07-01T04:00:00-00:00,2025-06-30,21,0,Hourly,RU,AS_SP26_EXP,DAM,RU_CLR_PRC,0,12
2025-07-01T04:00:00-00:00,2025-07-01T05:00:00-00:00,2025-06-30,22,0,Hourly,RU,AS_SP26,DAM,RU_CLR_PRC,0,12
2025-06-30T07:00:00-00:00,2025-06-30T08:00:00-00:00,2025-06-30,1,0,Hourly,RU,AS_SP26,DAM,RU_CLR_PRC,0,12
2025-06-30T08:00:00-00:00,2025-06-30T09:00:00-00:00,2025-06-30,2,0,Hourly,RU,AS_NP26_EXP,DAM,RU_CLR_PRC,1.38393,12
2025-06-30T09:00:00-00:00,2025-06-30T10:00:00-00:00,2025-06-30,3,0,Hourly,RU,AS_NP26,DAM,RU_CLR_PRC,0,12
2025-06-30T09:00:00-00:00,2025-06-30T10:00:00-00:00,2025-06-30,3,0,Hourly,RU,AS_SP26_EXP,DAM,RU_CLR_PRC,0,12
2025-06-30T11:00:00-00:00,2025-06-30T12:00:00-00:00,2025-06-30,5,0,Hourly,RU,AS_NP26_EXP,DAM,RU_CLR_PRC,1.04261,12
2025-06-30T13:00:00-00:00,2025-06-30T14:00:00-00:00,2025-06-30,7,0,Hourly,RU,AS_CAISO_EXP,DAM,RU_CLR_PRC,3.59139,12
2025-06-30T14:00:00-00:00,2025-06-30T15:00:00-00:00,2025-06-30,8,0,Hourly,RU,AS_CAISO_EXP,DAM,RU_CLR_PRC,2.35854,12
2025-06-30T16:00:00-00:00,2025-06-30T17:00:00-00:00,2025-06-30,10,0,Hourly,RU,AS_CAISO_EXP,DAM,RU_CLR_PRC,1.39,12
2025-06-30T18:00:00-00:00,2025-06-30T19:00:00-00:00,2025-06-30,12,0,Hourly,RU,AS_NP26,DAM,RU_CLR_PRC,0,12
2025-06-30T18:00:00-00:00,2025-06-30T19:00:00-00:00,2025-06-30,12,0,Hourly,RU,AS_NP26_EXP,DAM,RU_CLR_PRC,0.94174,12
2025-06-30T20:00:00-00:00,2025-06-30T21:00:00-00:00,2025-06-30,14,0,Hourly,RU,AS_CAISO_EXP,DAM,RU_CLR_PRC,2,12
2025-06-30T21:00:00-00:00,2025-06-30T22:00:00-00:00,2025-06-30,15,0,Hourly,RU,AS_SP26_EXP,DAM,RU_CLR_PRC,0,12
2025-06-30T23:00:00-00:00,2025-07-01T00:00:00-00:00,2025-06-30,17,0,Hourly,RU,AS_CAISO,DAM,RU_CLR_PRC,0,12
2025-07-01T04:00:00-00:00,2025-07-01T05:00:00-00:00,2025-06-30,22,0,Hourly,RU,AS_NP26,DAM,RU_CLR_PRC,0,12
2025-07-01T05:00:00-00:00,2025-07-01T06:00:00-00:00,2025-06-30,23,0,Hourly,RU,AS_SP26,DAM,RU_CLR_PRC,0,12
2025-07-01T06:00:00-00:00,2025-07-01T07:00:00-00:00,2025-06-30,24,0,Hourly,RU,AS_CAISO_EXP,DAM,RU_CLR_PRC,5.63,12
2025-06-30T07:00:00-00:00,2025-06-30T08:00:00-00:00,2025-06-30,1,0,Hourly,RU,AS_SP26_EXP,DAM,RU_CLR_PRC,0,12
2025-06-30T12:00:00-00:00,2025-06-30T13:00:00-00:00,2025-06-30,6,0,Hourly,RU,AS_CAISO_EXP,DAM,RU_CLR_PRC,1,12
2025-06-30T14:00:00-00:00,2025-06-30T15:00:00-00:00,2025-06-30,8,0,Hourly,RU,AS_NP26_EXP,DAM,RU_CLR_PRC,0,12
2025-06-30T14:00:00-00:00,2025-06-30T15:00:00-00:00,2025-06-30,8,0,Hourly,RU,AS_SP26_EXP,DAM,RU_CLR_PRC,0,12
2025-06-30T15:00:00-00:00,2025-06-30T16:00:00-00:00,2025-06-30,9,0,Hourly,RU,AS_SP26,DAM,RU_CLR_PRC,0,12
2025-06-30T17:00:00-00:00,2025-06-30T18:00:00-00:00,2025-06-30,11,0,Hourly,RU,AS_CAISO_EXP,DAM,RU_CLR_PRC,0.17,12
2025-06-30T20:00:00-00:00,2025-06-30T21:00:00-00:00,2025-06-30,14,0,Hourly,RU,AS_SP26,DAM,RU_CLR_PRC,0,12
2025-06-30T20:00:00-00:00,2025-06-30T21:00:00-00:00,2025-06-30,14,0,Hourly,RU,AS_SP26_EXP,DAM,RU_CLR_PRC,0,12
2025-06-30T22:00:00-00:00,2025-06-30T23:00:00-00:00,2025-06-30,16,0,Hourly,RU,AS_CAISO,DAM,RU_CLR_PRC,0,12
2025-06-30T22:00:00-00:00,2025-06-30T23:00:00-00:00,2025-06-30,16,0,Hourly,RU,AS_NP26_EXP,DAM,RU_CLR_PRC,0.32802,12
2025-06-30T22:00:00-00:00,2025-06-30T23:00:00-00:00,2025-06-30,16,0,Hourly,RU,AS_SP26,DAM,RU_CLR_PRC,0,12
2025-06-30T22:00:00-00:00,2025-06-30T23:00:00-00:00,2025-06-30,16,0,Hourly,RU,AS_SP26_EXP,DAM,RU_CLR_PRC,0,12
2025-06-30T23:00:00-00:00,2025-07-01T00:00:00-00:00,2025-06-30,17,0,Hourly,RU,AS_SP26,DAM,RU_CLR_PRC,0,12
2025-07-01T00:00:00-00:00,2025-07-01T01:00:00-00:00,2025-06-30,18,0,Hourly,RU,AS_CAISO_EXP,DAM,RU_CLR_PRC,2,12
2025-07-01T02:00:00-00:00,2025-07-01T03:00:00-00:00,2025-06-30,20,0,Hourly,RU,AS_NP26_EXP,DAM,RU_CLR_PRC,0,12
2025-07-01T02:00:00-00:00,2025-07-01T03:00:00-00:00,2025-06-30,20,0,Hourly,RU,AS_CAISO,DAM,RU_CLR_PRC,0,12
2025-07-01T03:00:00-00:00,2025-07-01T04:00:00-00:00,2025-06-30,21,0,Hourly,RU,AS_CAISO,DAM,RU_CLR_PRC,0,12
2025-07-01T03:00:00-00:00,2025-07-01T04:00:00-00:00,2025-06-30,21,0,Hourly,RU,AS_CAISO_EXP,DAM,RU_CLR_PRC,9.46,12
2025-07-01T04:00:00-00:00,2025-07-01T05:00:00-00:00,2025-06-30,22,0,Hourly,RU,AS_CAISO,DAM,RU_CLR_PRC,0,12
2025-07-01T04:00:00-00:00,2025-07-01T05:00:00-00:00,2025-06-30,22,0,Hourly,RU,AS_CAISO_EXP,DAM,RU_CLR_PRC,2,12
2025-07-01T05:00:00-00:00,2025-07-01T06:00:00-00:00,2025-06-30,23,0,Hourly,RU,AS_CAISO_EXP,DAM,RU_CLR_PRC,2,12
2025-07-01T06:00:00-00:00,2025-07-01T07:00:00-00:00,2025-06-30,24,0,Hourly,RU,AS_NP26,DAM,RU_CLR_PRC,0,12
2025-07-01T06:00:00-00:00,2025-07-01T07:00:00-00:00,2025-06-30,24,0,Hourly,RU,AS_SP26_EXP,DAM,RU_CLR_PRC,0,12
2025-06-30T07:00:00-00:00,2025-06-30T08:00:00-00:00,2025-06-30,1,0,Hourly,RU,AS_NP26,DAM,RU_CLR_PRC,0,12
2025-06-30T08:00:00-00:00,2025-06-30T09:00:00-00:00,2025-06-30,2,0,Hourly,RU,AS_CAISO_EXP,DAM,RU_CLR_PRC,1.59,12
2025-06-30T09:00:00-00:00,2025-06-30T10:00:00-00:00,2025-06-30,3,0,Hourly,RU,AS_CAISO,DAM,RU_CLR_PRC,0,12
2025-06-30T09:00:00-00:00,2025-06-30T10:00:00-00:00,2025-06-30,3,0,Hourly,RU,AS_CAISO_EXP,DAM,RU_CLR_PRC,1,12
2025-06-30T10:00:00-00:00,2025-06-30T11:00:00-00:00,2025-06-30,4,0,Hourly,RU,AS_CAISO,DAM,RU_CLR_PRC,0,12
2025-06-30T10:00:00-00:00,2025-06-30T11:00:00-00:00,2025-06-30,4,0,Hourly,RU,AS_CAISO_EXP,DAM,RU_CLR_PRC,1,12
2025-06-30T10:00:00-00:00,2025-06-30T11:00:00-00:00,2025-06-30,4,0,Hourly,RU,AS_NP26,DAM,RU_CLR_PRC,0,12
2025-06-30T11:00:00-00:00,2025-06-30T12:00:00-00:00,2025-06-30,5,0,Hourly,RU,AS_NP26,DAM,RU_CLR_PRC,0,12
2025-06-30T12:00:00-00:00,2025-06-30T13:00:00-00:00,2025-06-30,6,0,Hourly,RU,AS_NP26,DAM,RU_CLR_PRC,0,12
2025-06-30T17:00:00-00:00,2025-06-30T18:00:00-00:00,2025-06-30,11,0,Hourly,RU,AS_NP26_EXP,DAM,RU_CLR_PRC,1.54465,12
2025-06-30T17:00:00-00:00,2025-06-30T18:00:00-00:00,2025-06-30,11,0,Hourly,RU,AS_SP26,DAM,RU_CLR_PRC,0,12
2025-07-01T07:00:00-00:00,2025-07-01T08:00:00-00:00,2025-07-01,1,0,Hourly,RU,AS_CAISO,DAM,RU_CLR_PRC,0,13
2025-07-01T08:00:00-00:00,2025-07-01T09:00:00-00:00,2025-07-01,2,0,Hourly,RU,AS_CAISO_EXP,DAM,RU_CLR_PRC,1,13
2025-07-01T09:00:00-00:00,2025-07-01T10:00:00-00:00,2025-07-01,3,0,Hourly,RU,AS_CAISO,DAM,RU_CLR_PRC,0,13
2025-07-01T09:00:00-00:00,2025-07-01T10:00:00-00:00,2025-07-01,3,0,Hourly,RU,AS_NP26,DAM,RU_CLR_PRC,0,13
2025-07-01T10:00:00-00:00,2025-07-01T11:00:00-00:00,2025-07-01,4,0,Hourly,RU,AS_CAISO_EXP,DAM,RU_CLR_PRC,1.35044,13
2025-07-01T10:00:00-00:00,2025-07-01T11:00:00-00:00,2025-07-01,4,0,Hourly,RU,AS_NP26,DAM,RU_CLR_PRC,0,13
2025-07-01T11:00:00-00:00,2025-07-01T12:00:00-00:00,2025-07-01,5,0,Hourly,RU,AS_SP26,DAM,RU_CLR_PRC,0,13
2025-07-01T12:00:00-00:00,2025-07-01T13:00:00-00:00,2025-07-01,6,0,Hourly,RU,AS_SP26,DAM,RU_CLR_PRC,0,13
2025-07-01T13:00:00-00:00,2025-07-01T14:00:00-00:00,2025-07-01,7,0,Hourly,RU,AS_CAISO,DAM,RU_CLR_PRC,0,13
2025-07-01T14:00:00-00:00,2025-07-01T15:00:00-00:00,2025-07-01,8,0,Hourly,RU,AS_CAISO,DAM,RU_CLR_PRC,0,13
2025-07-01T14:00:00-00:00,2025-07-01T15:00:00-00:00,2025-07-01,8,0,Hourly,RU,AS_SP26,DAM,RU_CLR_PRC,0,13
2025-07-01T14:00:00-00:00,2025-07-01T15:00:00-00:00,2025-07-01,8,0,Hourly,RU,AS_SP26_EXP,DAM,RU_CLR_PRC,0,13
2025-07-01T16:00:00-00:00,2025-07-01T17:00:00-00:00,2025-07-01,10,0,Hourly,RU,AS_CAISO,DAM,RU_CLR_PRC,0,13
2025-07-01T16:00:00-00:00,2025-07-01T17:00:00-00:00,2025-07-01,10,0,Hourly,RU,AS_SP26,DAM,RU_CLR_PRC,0,13
2025-07-01T17:00:00-00:00,2025-07-01T18:00:00-00:00,2025-07-01,11,0,Hourly,RU,AS_NP26_EXP,DAM,RU_CLR_PRC,0.13,13
2025-07-01T18:00:00-00:00,2025-07-01T19:00:00-00:00,2025-07-01,12,0,Hourly,RU,AS_CAISO_EXP,DAM,RU_CLR_PRC,2,13
2025-07-01T21:00:00-00:00,2025-07-01T22:00:00-00:00,2025-07-01,15,0,Hourly,RU,AS_NP26_EXP,DAM,RU_CLR_PRC,0.95971,13
2025-07-02T00:00:00-00:00,2025-07-02T01:00:00-00:00,2025-07-01,18,0,Hourly,RU,AS_CAISO_EXP,DAM,RU_CLR_PRC,2.03,13
2025-07-02T01:00:00-00:00,2025-07-02T02:00:00-00:00,2025-07-01,19,0,Hourly,RU,AS_SP26,DAM,RU_CLR_PRC,0,13
2025-07-02T01:00:00-00:00,2025-07-02T02:00:00-00:00,2025-07-01,19,0,Hourly,RU,AS_SP26_EXP,DAM,RU_CLR_PRC,0,13
2025-07-02T02:00:00-00:00,2025-07-02T03:00:00-00:00,2025-07-01,20,0,Hourly,RU,AS_NP26_EXP,DAM,RU_CLR_PRC,4.40941,13
2025-07-02T02:00:00-00:00,2025-07-02T03:00:00-00:00,2025-07-01,20,0,Hourly,RU,AS_SP26_EXP,DAM,RU_CLR_PRC,0,13
2025-07-02T04:00:00-00:00,2025-07-02T05:00:00-00:00,2025-07-01,22,0,Hourly,RU,AS_SP26,DAM,RU_CLR_PRC,0,13
2025-07-02T05:00:00-00:00,2025-07-02T06:00:00-00:00,2025-07-01,23,0,Hourly,RU,AS_NP26_EXP,DAM,RU_CLR_PRC,0.59,13
2025-07-02T06:00:00-00:00,2025-07-02T07:00:00-00:00,2025-07-01,24,0,Hourly,RU,AS_SP26,DAM,RU_CLR_PRC,0,13
2025-07-01T14:00:00-00:00,2025-07-01T15:00:00-00:00,2025-07-01,8,0,Hourly,RU,AS_NP26_EXP,DAM,RU_CLR_PRC,0.2812,13
2025-07-01T15:00:00-00:00,2025-07-01T16:00:00-00:00,2025-07-01,9,0,Hourly,RU,AS_SP26,DAM,RU_CLR_PRC,0,13
2025-07-01T16:00:00-00:00,2025-07-01T17:00:00-00:00,2025-07-01,10,0,Hourly,RU,AS_NP26,DAM,RU_CLR_PRC,0,13
2025-07-01T18:00:00-00:00,2025-07-01T19:00:00-00:00,2025-07-01,12,0,Hourly,RU,AS_NP26,DAM,RU_CLR_PRC,0,13
2025-07-01T20:00:00-00:00,2025-07-01T21:00:00-00:00,2025-07-01,14,0,Hourly,RU,AS_NP26_EXP,DAM,RU_CLR_PRC,0.45958,13
2025-07-01T20:00:00-00:00,2025-07-01T21:00:00-00:00,2025-07-01,14,0,Hourly,RU,AS_SP26_EXP,DAM,RU_CLR_PRC,0,13
2025-07-01T21:00:00-00:00,2025-07-01T22:00:00-00:00,2025-07-01,15,0,Hourly,RU,AS_CAISO_EXP,DAM,RU_CLR_PRC,2.86697,13
2025-07-01T21:00:00-00:00,2025-07-01T22:00:00-00:00,2025-07-01,15,0,Hourly,RU,AS_SP26,DAM,RU_CLR_PRC,0,13
2025-07-01T21:00:00-00:00,2025-07-01T22:00:00-00:00,2025-07-01,15,0,Hourly,RU,AS_SP26_EXP,DAM,RU_CLR_PRC,0,13
2025-07-01T23:00:00-00:00,2025-07-02T00:00:00-00:00,2025-07-01,17,0,Hourly,RU,AS_NP26_EXP,DAM,RU_CLR_PRC,1.23393,13
2025-07-01T23:00:00-00:00,2025-07-02T00:00:00-00:00,2025-07-01,17,0,Hourly,RU,AS_CAISO,DAM,RU_CLR_PRC,0,13
2025-07-01T23:00:00-00:00,2025-07-02T00:00:00-00:00,2025-07-01,17,0,Hourly,RU,AS_CAISO_EXP,DAM,RU_CLR_PRC,2.46637,13
2025-07-02T02:00:00-00:00,2025-07-02T03:00:00-00:00,2025-07-01,20,0,Hourly,RU,AS_CAISO_EXP,DAM,RU_CLR_PRC,10.60554,13
2025-07-02T02:00:00-00:00,2025-07-02T03:00:00-00:00,2025-07-01,20,0,Hourly,RU,AS_SP26,DAM,RU_CLR_PRC,0,13
2025-07-02T03:00:00-00:00,2025-07-02T04:00:00-00:00,2025-07-01,21,0,Hourly,RU,AS_CAISO_EXP,DAM,RU_CLR_PRC,8.36,13
2025-07-02T04:00:00-00:00,2025-07-02T05:00:00-00:00,2025-07-01,22,0,Hourly,RU,AS_CAISO,DAM,RU_CLR_PRC,0,13
2025-07-02T05:00:00-00:00,2025-07-02T06:00:00-00:00,2025-07-01,23,0,Hourly,RU,AS_SP26,DAM,RU_CLR_PRC,0,13
2025-07-01T07:00:00-00:00,2025-07-01T08:00:00-00:00,2025-07-01,1,0,Hourly,RU,AS_NP26_EXP,DAM,RU_CLR_PRC,0.36,13
2025-07-01T07:00:00-00:00,2025-07-01T08:00:00-00:00,2025-07-01,1,0,Hourly,RU,AS_SP26_EXP,DAM,RU_CLR_PRC,0,13
2025-07-01T08:00:00-00:00,2025-07-01T09:00:00-00:00,2025-07-01,2,0,Hourly,RU,AS_CAISO,DAM,RU_CLR_PRC,0,13
2025-07-01T08:00:00-00:00,2025-07-01T09:00:00-00:00,2025-07-01,2,0,Hourly,RU,AS_NP26_EXP,DAM,RU_CLR_PRC,2.44365,13
2025-07-01T08:00:00-00:00,2025-07-01T09:00:00-00:00,2025-07-01,2,0,Hourly,RU,AS_SP26_EXP,DAM,RU_CLR_PRC,0,13
2025-07-01T10:00:00-00:00,2025-07-01T11:00:00-00:00,2025-07-01,4,0,Hourly,RU,AS_NP26_EXP,DAM,RU_CLR_PRC,0.14576,13
2025-07-01T16:00:00-00:00,2025-07-01T17:00:00-00:00,2025-07-01,10,0,Hourly,RU,AS_NP26_EXP,DAM,RU_CLR_PRC,0.13,13
2025-07-01T17:00:00-00:00,2025-07-01T18:00:00-00:00,2025-07-01,11,0,Hourly,RU,AS_NP26,DAM,RU_CLR_PRC,0,13
2025-07-02T01:00:00-00:00,2025-07-02T02:00:00-00:00,2025-07-01,19,0,Hourly,RU,AS_CAISO_EXP,DAM,RU_CLR_PRC,1.01,13
2025-07-02T01:00:00-00:00,2025-07-02T02:00:00-00:00,2025-07-01,19,0,Hourly,RU,AS_NP26_EXP,DAM,RU_CLR_PRC,8.17,13
2025-07-02T04:00:00-00:00,2025-07-02T05:00:00-00:00,2025-07-01,22,0,Hourly,RU,AS_SP26_EXP,DAM,RU_CLR_PRC,0,13
2025-07-02T05:00:00-00:00,2025-07-02T06:00:00-00:00,2025-07-01,23,0,Hourly,RU,AS_CAISO,DAM,RU_CLR_PRC,0,13
2025-07-02T05:00:00-00:00,2025-07-02T06:00:00-00:00,2025-07-01,23,0,Hourly,RU,AS_CAISO_EXP,DAM,RU_CLR_PRC,2.11,13
2025-07-01T11:00:00-00:00,2025-07-01T12:00:00-00:00,2025-07-01,5,0,Hourly,RU,AS_SP26_EXP,DAM,RU_CLR_PRC,0,13
2025-07-01T12:00:00-00:00,2025-07-01T13:00:00-00:00,2025-07-01,6,0,Hourly,RU,AS_CAISO,DAM,RU_CLR_PRC,0,13
2025-07-01T12:00:00-00:00,2025-07-01T13:00:00-00:00,2025-07-01,6,0,Hourly,RU,AS_SP26_EXP,DAM,RU_CLR_PRC,0,13
2025-07-01T13:00:00-00:00,2025-07-01T14:00:00-00:00,2025-07-01,7,0,Hourly,RU,AS_NP26_EXP,DAM,RU_CLR_PRC,1.66532,13
2025-07-01T14:00:00-00:00,2025-07-01T15:00:00-00:00,2025-07-01,8,0,Hourly,RU,AS_CAISO_EXP,DAM,RU_CLR_PRC,4.03822,13
2025-07-01T14:00:00-00:00,2025-07-01T15:00:00-00:00,2025-07-01,8,0,Hourly,RU,AS_NP26,DAM,RU_CLR_PRC,0,13
2025-07-01T15:00:00-00:00,2025-07-01T16:00:00-00:00,2025-07-01,9,0,Hourly,RU,AS_NP26,DAM,RU_CLR_PRC,0,13
2025-07-01T15:00:00-00:00,2025-07-01T16:00:00-00:00,2025-07-01,9,0,Hourly,RU,AS_SP26_EXP,DAM,RU_CLR_PRC,0,13
2025-07-01T17:00:00-00:00,2025-07-01T18:00:00-00:00,2025-07-01,11,0,Hourly,RU,AS_CAISO,DAM,RU_CLR_PRC,0,13
2025-07-01T19:00:00-00:00,2025-07-01T20:00:00-00:00,2025-07-01,13,0,Hourly,RU,AS_NP26_EXP,DAM,RU_CLR_PRC,0.60609,13
2025-07-01T19:00:00-00:00,2025-07-01T20:00:00-00:00,2025-07-01,13,0,Hourly,RU,AS_SP26,DAM,RU_CLR_PRC,0,13
2025-07-01T21:00:00-00:00,2025-07-01T22:00:00-00:00,2025-07-01,15,0,Hourly,RU,AS_CAISO,DAM,RU_CLR_PRC,0,13
2025-07-01T22:00:00-00:00,2025-07-01T23:00:00-00:00,2025-07-01,16,0,Hourly,RU,AS_CAISO_EXP,DAM,RU_CLR_PRC,2.87058,13
2025-07-01T23:00:00-00:00,2025-07-02T00:00:00-00:00,2025-07-01,17,0,Hourly,RU,AS_SP26,DAM,RU_CLR_PRC,0,13
2025-07-02T00:00:00-00:00,2025-07-02T01:00:00-00:00,2025-07-01,18,0,Hourly,RU,AS_CAISO,DAM,RU_CLR_PRC,0,13
2025-07-02T03:00:00-00:00,2025-07-02T04:00:00-00:00,2025-07-01,21,0,Hourly,RU,AS_CAISO,DAM,RU_CLR_PRC,0,13
2025-07-02T03:00:00-00:00,2025-07-02T04:00:00-00:00,2025-07-01,21,0,Hourly,RU,AS_NP26_EXP,DAM,RU_CLR_PRC,0,13
2025-07-02T05:00:00-00:00,2025-07-02T06:00:00-00:00,2025-07-01,23,0,Hourly,RU,AS_NP26,DAM,RU_CLR_PRC,0,13
2025-07-01T10:00:00-00:00,2025-07-01T11:00:00-00:00,2025-07-01,4,0,Hourly,RU,AS_SP26,DAM,RU_CLR_PRC,0,13
2025-07-01T11:00:00-00:00,2025-07-01T12:00:00-00:00,2025-07-01,5,0,Hourly,RU,AS_CAISO,DAM,RU_CLR_PRC,0,13
2025-07-01T12:00:00-00:00,2025-07-01T13:00:00-00:00,2025-07-01,6,0,Hourly,RU,AS_NP26,DAM,RU_CLR_PRC,0,13
2025-07-01T12:00:00-00:00,2025-07-01T13:00:00-00:00,2025-07-01,6,0,Hourly,RU,AS_NP26_EXP,DAM,RU_CLR_PRC,1.30651,13
2025-07-01T15:00:00-00:00,2025-07-01T16:00:00-00:00,2025-07-01,9,0,Hourly,RU,AS_CAISO_EXP,DAM,RU_CLR_PRC,1.68875,13
2025-07-01T15:00:00-00:00,2025-07-01T16:00:00-00:00,2025-07-01,9,0,Hourly,RU,AS_NP26_EXP,DAM,RU_CLR_PRC,2.18559,13
2025-07-01T19:00:00-00:00,2025-07-01T20:00:00-00:00,2025-07-01,13,0,Hourly,RU,AS_CAISO_EXP,DAM,RU_CLR_PRC,2.79231,13
2025-07-01T19:00:00-00:00,2025-07-01T20:00:00-00:00,2025-07-01,13,0,Hourly,RU,AS_SP26_EXP,DAM,RU_CLR_PRC,0,13
2025-07-01T20:00:00-00:00,2025-07-01T21:00:00-00:00,2025-07-01,14,0,Hourly,RU,AS_CAISO,DAM,RU_CLR_PRC,0,13
2025-07-01T20:00:00-00:00,2025-07-01T21:00:00-00:00,2025-07-01,14,0,Hourly,RU,AS_SP26,DAM,RU_CLR_PRC,0,13
2025-07-01T21:00:00-00:00,2025-07-01T22:00:00-00:00,2025-07-01,15,0,Hourly,RU,AS_NP26,DAM,RU_CLR_PRC,0,13
2025-07-02T00:00:00-00:00,2025-07-02T01:00:00-00:00,2025-07-01,18,0,Hourly,RU,AS_NP26,DAM,RU_CLR_PRC,0,13
2025-07-02T03:00:00-00:00,2025-07-02T04:00:00-00:00,2025-07-01,21,0,Hourly,RU,AS_SP26,DAM,RU_CLR_PRC,0,13
2025-07-02T04:00:00-00:00,2025-07-02T05:00:00-00:00,2025-07-01,22,0,Hourly,RU,AS_NP26,DAM,RU_CLR_PRC,0,13
2025-07-02T04:00:00-00:00,2025-07-02T05:00:00-00:00,2025-07-01,22,0,Hourly,RU,AS_NP26_EXP,DAM,RU_CLR_PRC,5.53047,13
2025-07-02T05:00:00-00:00,2025-07-02T06:00:00-00:00,2025-07-01,23,0,Hourly,RU,AS_SP26_EXP,DAM,RU_CLR_PRC,0,13
2025-07-02T06:00:00-00:00,2025-07-02T07:00:00-00:00,2025-07-01,24,0,Hourly,RU,AS_CAISO,DAM,RU_CLR_PRC,0,13
2025-07-02T06:00:00-00:00,2025-07-02T07:00:00-00:00,2025-07-01,24,0,Hourly,RU,AS_SP26_EXP,DAM,RU_CLR_PRC,0,13
2025-07-01T07:00:00-00:00,2025-07-01T08:00:00-00:00,2025-07-01,1,0,Hourly,RU,AS_SP26,DAM,RU_CLR_PRC,0,13
2025-07-01T08:00:00-00:00,2025-07-01T09:00:00-00:00,2025-07-01,2,0,Hourly,RU,AS_NP26,DAM,RU_CLR_PRC,0,13
2025-07-01T08:00:00-00:00,2025-07-01T09:00:00-00:00,2025-07-01,2,0,Hourly,RU,AS_SP26,DAM,RU_CLR_PRC,0,13
2025-07-01T10:00:00-00:00,2025-07-01T11:00:00-00:00,2025-07-01,4,0,Hourly,RU,AS_SP26_EXP,DAM,RU_CLR_PRC,0,13
2025-07-01T11:00:00-00:00,2025-07-01T12:00:00-00:00,2025-07-01,5,0,Hourly,RU,AS_CAISO_EXP,DAM,RU_CLR_PRC,2,13
2025-07-01T11:00:00-00:00,2025-07-01T12:00:00-00:00,2025-07-01,5,0,Hourly,RU,AS_NP26_EXP,DAM,RU_CLR_PRC,0.0547,13
2025-07-01T20:00:00-00:00,2025-07-01T21:00:00-00:00,2025-07-01,14,0,Hourly,RU,AS_NP26,DAM,RU_CLR_PRC,0,13
2025-07-01T22:00:00-00:00,2025-07-01T23:00:00-00:00,2025-07-01,16,0,Hourly,RU,AS_CAISO,DAM,RU_CLR_PRC,0,13
2025-07-01T22:00:00-00:00,2025-07-01T23:00:00-00:00,2025-07-01,16,0,Hourly,RU,AS_NP26_EXP,DAM,RU_CLR_PRC,2.41511,13
2025-07-01T23:00:00-00:00,2025-07-02T00:00:00-00:00,2025-07-01,17,0,Hourly,RU,AS_SP26_EXP,DAM,RU_CLR_PRC,0,13
2025-07-02T01:00:00-00:00,2025-07-02T02:00:00-00:00,2025-07-01,19,0,Hourly,RU,AS_NP26,DAM,RU_CLR_PRC,0,13
2025-07-02T02:00:00-00:00,2025-07-02T03:00:00-00:00,2025-07-01,20,0,Hourly,RU,AS_NP26,DAM,RU_CLR_PRC,0,13
2025-07-02T06:00:00-00:00,2025-07-02T07:00:00-00:00,2025-07-01,24,0,Hourly,RU,AS_NP26,DAM,RU_CLR_PRC,0,13
2025-07-01T07:00:00-00:00,2025-07-01T08:00:00-00:00,2025-07-01,1,0,Hourly,RU,AS_CAISO_EXP,DAM,RU_CLR_PRC,6.48,13
2025-07-01T07:00:00-00:00,2025-07-01T08:00:00-00:00,2025-07-01,1,0,Hourly,RU,AS_NP26,DAM,RU_CLR_PRC,0,13
2025-07-01T09:00:00-00:00,2025-07-01T10:00:00-00:00,2025-07-01,3,0,Hourly,RU,AS_NP26_EXP,DAM,RU_CLR_PRC,1.88652,13
2025-07-01T09:00:00-00:00,2025-07-01T10:00:00-00:00,2025-07-01,3,0,Hourly,RU,AS_SP26_EXP,DAM,RU_CLR_PRC,0,13
2025-07-01T10:00:00-00:00,2025-07-01T11:00:00-00:00,2025-07-01,4,0,Hourly,RU,AS_CAISO,DAM,RU_CLR_PRC,0,13
2025-07-01T12:00:00-00:00,2025-07-01T13:00:00-00:00,2025-07-01,6,0,Hourly,RU,AS_CAISO_EXP,DAM,RU_CLR_PRC,2.0554,13
2025-07-01T13:00:00-00:00,2025-07-01T14:00:00-00:00,2025-07-01,7,0,Hourly,RU,AS_CAISO_EXP,DAM,RU_CLR_PRC,2.86821,13
2025-07-01T13:00:00-00:00,2025-07-01T14:00:00-00:00,2025-07-01,7,0,Hourly,RU,AS_SP26,DAM,RU_CLR_PRC,0,13
2025-07-01T15:00:00-00:00,2025-07-01T16:00:00-00:00,2025-07-01,9,0,Hourly,RU,AS_CAISO,DAM,RU_CLR_PRC,0,13
2025-07-01T16:00:00-00:00,2025-07-01T17:00:00-00:00,2025-07-01,10,0,Hourly,RU,AS_SP26_EXP,DAM,RU_CLR_PRC,0,13
2025-07-01T17:00:00-00:00,2025-07-01T18:00:00-00:00,2025-07-01,11,0,Hourly,RU,AS_CAISO_EXP,DAM,RU_CLR_PRC,2,13
2025-07-01T17:00:00-00:00,2025-07-01T18:00:00-00:00,2025-07-01,11,0,Hourly,RU,AS_SP26_EXP,DAM,RU_CLR_PRC,0,13
2025-07-01T18:00:00-00:00,2025-07-01T19:00:00-00:00,2025-07-01,12,0,Hourly,RU,AS_CAISO,DAM,RU_CLR_PRC,0,13
2025-07-01T18:00:00-00:00,2025-07-01T19:00:00-00:00,2025-07-01,12,0,Hourly,RU,AS_NP26_EXP,DAM,RU_CLR_PRC,0.13,13
2025-07-01T19:00:00-00:00,2025-07-01T20:00:00-00:00,2025-07-01,13,0,Hourly,RU,AS_CAISO,DAM,RU_CLR_PRC,0,13
2025-07-01T19:00:00-00:00,2025-07-01T20:00:00-00:00,2025-07-01,13,0,Hourly,RU,AS_NP26,DAM,RU_CLR_PRC,0,13
2025-07-01T20:00:00-00:00,2025-07-01T21:00:00-00:00,2025-07-01,14,0,Hourly,RU,AS_CAISO_EXP,DAM,RU_CLR_PRC,2.74511,13
2025-07-02T00:00:00-00:00,2025-07-02T01:00:00-00:00,2025-07-01,18,0,Hourly,RU,AS_SP26_EXP,DAM,RU_CLR_PRC,0,13
2025-07-02T02:00:00-00:00,2025-07-02T03:00:00-00:00,2025-07-01,20,0,Hourly,RU,AS_CAISO,DAM,RU_CLR_PRC,0,13
2025-07-02T04:00:00-00:00,2025-07-02T05:00:00-00:00,2025-07-01,22,0,Hourly,RU,AS_CAISO_EXP,DAM,RU_CLR_PRC,2.95231,13
2025-07-02T06:00:00-00:00,2025-07-02T07:00:00-00:00,2025-07-01,24,0,Hourly,RU,AS_CAISO_EXP,DAM,RU_CLR_PRC,2.37,13
2025-07-02T06:00:00-00:00,2025-07-02T07:00:00-00:00,2025-07-01,24,0,Hourly,RU,AS_NP26_EXP,DAM,RU_CLR_PRC,1.07047,13
2025-07-01T09:00:00-00:00,2025-07-01T10:00:00-00:00,2025-07-01,3,0,Hourly,RU,AS_CAISO_EXP,DAM,RU_CLR_PRC,0.78064,13
2025-07-01T09:00:00-00:00,2025-07-01T10:00:00-00:00,2025-07-01,3,0,Hourly,RU,AS_SP26,DAM,RU_CLR_PRC,0,13
2025-07-01T11:00:00-00:00,2025-07-01T12:00:00-00:00,2025-07-01,5,0,Hourly,RU,AS_NP26,DAM,RU_CLR_PRC,0,13
2025-07-01T13:00:00-00:00,2025-07-01T14:00:00-00:00,2025-07-01,7,0,Hourly,RU,AS_NP26,DAM,RU_CLR_PRC,0,13
2025-07-01T13:00:00-00:00,2025-07-01T14:00:00-00:00,2025-07-01,7,0,Hourly,RU,AS_SP26_EXP,DAM,RU_CLR_PRC,0,13
2025-07-01T16:00:00-00:00,2025-07-01T17:00:00-00:00,2025-07-01,10,0,Hourly,RU,AS_CAISO_EXP,DAM,RU_CLR_PRC,0.99,13
2025-07-01T17:00:00-00:00,2025-07-01T18:00:00-00:00,2025-07-01,11,0,Hourly,RU,AS_SP26,DAM,RU_CLR_PRC,0,13
2025-07-01T18:00:00-00:00,2025-07-01T19:00:00-00:00,2025-07-01,12,0,Hourly,RU,AS_SP26,DAM,RU_CLR_PRC,0,13
2025-07-01T18:00:00-00:00,2025-07-01T19:00:00-00:00,2025-07-01,12,0,Hourly,RU,AS_SP26_EXP,DAM,RU_CLR_PRC,0,13
2025-07-01T22:00:00-00:00,2025-07-01T23:00:00-00:00,2025-07-01,16,0,Hourly,RU,AS_NP26,DAM,RU_CLR_PRC,0,13
2025-07-01T22:00:00-00:00,2025-07-01T23:00:00-00:00,2025-07-01,16,0,Hourly,RU,AS_SP26,DAM,RU_CLR_PRC,0,13
2025-07-01T22:00:00-00:00,2025-07-01T23:00:00-00:00,2025-07-01,16,0,Hourly,RU,AS_SP26_EXP,DAM,RU_CLR_PRC,0,13
2025-07-01T23:00:00-00:00,2025-07-02T00:00:00-00:00,2025-07-01,17,0,Hourly,RU,AS_NP26,DAM,RU_CLR_PRC,0,13
2025-07-02T00:00:00-00:00,2025-07-02T01:00:00-00:00,2025-07-01,18,0,Hourly,RU,AS_NP26_EXP,DAM,RU_CLR_PRC,4.29,13
2025-07-02T00:00:00-00:00,2025-07-02T01:00:00-00:00,2025-07-01,18,0,Hourly,RU,AS_SP26,DAM,RU_CLR_PRC,0,13
2025-07-02T01:00:00-00:00,2025-07-02T02:00:00-00:00,2025-07-01,19,0,Hourly,RU,AS_CAISO,DAM,RU_CLR_PRC,0,13
2025-07-02T03:00:00-00:00,2025-07-02T04:00:00-00:00,2025-07-01,21,0,Hourly,RU,AS_NP26,DAM,RU_CLR_PRC,0,13
2025-07-02T03:00:00-00:00,2025-07-02T04:00:00-00:00,2025-07-01,21,0,Hourly,RU,AS_SP26_EXP,DAM,RU_CLR_PRC,0,13
2025-07-02T08:00:00-00:00,2025-07-02T09:00:00-00:00,2025-07-02,2,0,Hourly,RU,AS_SP26_EXP,DAM,RU_CLR_PRC,0,14
2025-07-02T09:00:00-00:00,2025-07-02T10:00:00-00:00,2025-07-02,3,0,Hourly,RU,AS_CAISO,DAM,RU_CLR_PRC,0,14
2025-07-02T09:00:00-00:00,2025-07-02T10:00:00-00:00,2025-07-02,3,0,Hourly,RU,AS_NP26_EXP,DAM,RU_CLR_PRC,0.5009,14
2025-07-02T11:00:00-00:00,2025-07-02T12:00:00-00:00,2025-07-02,5,0,Hourly,RU,AS_CAISO,DAM,RU_CLR_PRC,0,14
2025-07-02T11:00:00-00:00,2025-07-02T12:00:00-00:00,2025-07-02,5,0,Hourly,RU,AS_NP26,DAM,RU_CLR_PRC,0,14
2025-07-02T12:00:00-00:00,2025-07-02T13:00:00-00:00,2025-07-02,6,0,Hourly,RU,AS_CAISO_EXP,DAM,RU_CLR_PRC,1.69,14
2025-07-02T17:00:00-00:00,2025-07-02T18:00:00-00:00,2025-07-02,11,0,Hourly,RU,AS_NP26,DAM,RU_CLR_PRC,0,14
2025-07-02T22:00:00-00:00,2025-07-02T23:00:00-00:00,2025-07-02,16,0,Hourly,RU,AS_CAISO,DAM,RU_CLR_PRC,0,14
2025-07-02T22:00:00-00:00,2025-07-02T23:00:00-00:00,2025-07-02,16,0,Hourly,RU,AS_SP26,DAM,RU_CLR_PRC,0,14
2025-07-03T00:00:00-00:00,2025-07-03T01:00:00-00:00,2025-07-02,18,0,Hourly,RU,AS_CAISO,DAM,RU_CLR_PRC,0,14
2025-07-03T01:00:00-00:00,2025-07-03T02:00:00-00:00,2025-07-02,19,0,Hourly,RU,AS_CAISO_EXP,DAM,RU_CLR_PRC,1.66,14
2025-07-03T01:00:00-00:00,2025-07-03T02:00:00-00:00,2025-07-02,19,0,Hourly,RU,AS_SP26,DAM,RU_CLR_PRC,0,14
2025-07-03T04:00:00-00:00,2025-07-03T05:00:00-00:00,2025-07-02,22,0,Hourly,RU,AS_SP26,DAM,RU_CLR_PRC,0,14
2025-07-03T06:00:00-00:00,2025-07-03T07:00:00-00:00,2025-07-02,24,0,Hourly,RU,AS_CAISO,DAM,RU_CLR_PRC,0,14
2025-07-03T06:00:00-00:00,2025-07-03T07:00:00-00:00,2025-07-02,24,0,Hourly,RU,AS_CAISO_EXP,DAM,RU_CLR_PRC,2.64,14
2025-07-03T06:00:00-00:00,2025-07-03T07:00:00-00:00,2025-07-02,24,0,Hourly,RU,AS_SP26,DAM,RU_CLR_PRC,0,14
2025-07-02T20:00:00-00:00,2025-07-02T21:00:00-00:00,2025-07-02,14,0,Hourly,RU,AS_CAISO_EXP,DAM,RU_CLR_PRC,2,14
2025-07-02T21:00:00-00:00,2025-07-02T22:00:00-00:00,2025-07-02,15,0,Hourly,RU,AS_CAISO_EXP,DAM,RU_CLR_PRC,3.225,14
2025-07-02T22:00:00-00:00,2025-07-02T23:00:00-00:00,2025-07-02,16,0,Hourly,RU,AS_CAISO_EXP,DAM,RU_CLR_PRC,3.42233,14
2025-07-02T23:00:00-00:00,2025-07-03T00:00:00-00:00,2025-07-02,17,0,Hourly,RU,AS_SP26,DAM,RU_CLR_PRC,0,14
2025-07-03T02:00:00-00:00,2025-07-03T03:00:00-00:00,2025-07-02,20,0,Hourly,RU,AS_NP26,DAM,RU_CLR_PRC,0,14
2025-07-03T04:00:00-00:00,2025-07-03T05:00:00-00:00,2025-07-02,22,0,Hourly,RU,AS_NP26_EXP,DAM,RU_CLR_PRC,3.27,14
2025-07-03T05:00:00-00:00,2025-07-03T06:00:00-00:00,2025-07-02,23,0,Hourly,RU,AS_CAISO,DAM,RU_CLR_PRC,0,14
2025-07-03T05:00:00-00:00,2025-07-03T06:00:00-00:00,2025-07-02,23,0,Hourly,RU,AS_NP26,DAM,RU_CLR_PRC,0,14
2025-07-03T06:00:00-00:00,2025-07-03T07:00:00-00:00,2025-07-02,24,0,Hourly,RU,AS_NP26,DAM,RU_CLR_PRC,0,14
2025-07-03T06:00:00-00:00,2025-07-03T07:00:00-00:00,2025-07-02,24,0,Hourly,RU,AS_NP26_EXP,DAM,RU_CLR_PRC,0,14
2025-07-02T07:00:00-00:00,2025-07-02T08:00:00-00:00,2025-07-02,1,0,Hourly,RU,AS_CAISO,DAM,RU_CLR_PRC,0,14
2025-07-02T07:00:00-00:00,2025-07-02T08:00:00-00:00,2025-07-02,1,0,Hourly,RU,AS_NP26,DAM,RU_CLR_PRC,0,14
2025-07-02T08:00:00-00:00,2025-07-02T09:00:00-00:00,2025-07-02,2,0,Hourly,RU,AS_NP26_EXP,DAM,RU_CLR_PRC,0.17045,14
2025-07-02T09:00:00-00:00,2025-07-02T10:00:00-00:00,2025-07-02,3,0,Hourly,RU,AS_SP26,DAM,RU_CLR_PRC,0,14
2025-07-02T13:00:00-00:00,2025-07-02T14:00:00-00:00,2025-07-02,7,0,Hourly,RU,AS_CAISO_EXP,DAM,RU_CLR_PRC,5.21465,14
2025-07-02T13:00:00-00:00,2025-07-02T14:00:00-00:00,2025-07-02,7,0,Hourly,RU,AS_NP26_EXP,DAM,RU_CLR_PRC,0,14
2025-07-02T15:00:00-00:00,2025-07-02T16:00:00-00:00,2025-07-02,9,0,Hourly,RU,AS_NP26_EXP,DAM,RU_CLR_PRC,3.15435,14
2025-07-02T15:00:00-00:00,2025-07-02T16:00:00-00:00,2025-07-02,9,0,Hourly,RU,AS_SP26_EXP,DAM,RU_CLR_PRC,0,14
2025-07-02T17:00:00-00:00,2025-07-02T18:00:00-00:00,2025-07-02,11,0,Hourly,RU,AS_SP26_EXP,DAM,RU_CLR_PRC,0,14
2025-07-02T18:00:00-00:00,2025-07-02T19:00:00-00:00,2025-07-02,12,0,Hourly,RU,AS_SP26_EXP,DAM,RU_CLR_PRC,0,14
2025-07-02T19:00:00-00:00,2025-07-02T20:00:00-00:00,2025-07-02,13,0,Hourly,RU,AS_SP26_EXP,DAM,RU_CLR_PRC,0,14
2025-07-02T20:00:00-00:00,2025-07-02T21:00:00-00:00,2025-07-02,14,0,Hourly,RU,AS_CAISO,DAM,RU_CLR_PRC,0,14
2025-07-02T20:00:00-00:00,2025-07-02T21:00:00-00:00,2025-07-02,14,0,Hourly,RU,AS_NP26_EXP,DAM,RU_CLR_PRC,1.46,14
2025-07-02T21:00:00-00:00,2025-07-02T22:00:00-00:00,2025-07-02,15,0,Hourly,RU,AS_SP26,DAM,RU_CLR_PRC,0,14
2025-07-02T22:00:00-00:00,2025-07-02T23:00:00-00:00,2025-07-02,16,0,Hourly,RU,AS_NP26_EXP,DAM,RU_CLR_PRC,1.1972,14
2025-07-02T22:00:00-00:00,2025-07-02T23:00:00-00:00,2025-07-02,16,0,Hourly,RU,AS_SP26_EXP,DAM,RU_CLR_PRC,0,14
2025-07-02T23:00:00-00:00,2025-07-03T00:00:00-00:00,2025-07-02,17,0,Hourly,RU,AS_CAISO,DAM,RU_CLR_PRC,0,14
2025-07-03T01:00:00-00:00,2025-07-03T02:00:00-00:00,2025-07-02,19,0,Hourly,RU,AS_CAISO,DAM,RU_CLR_PRC,0,14
2025-07-03T03:00:00-00:00,2025-07-03T04:00:00-00:00,2025-07-02,21,0,Hourly,RU,AS_NP26_EXP,DAM,RU_CLR_PRC,0.5,14
2025-07-03T04:00:00-00:00,2025-07-03T05:00:00-00:00,2025-07-02,22,0,Hourly,RU,AS_CAISO,DAM,RU_CLR_PRC,0,14
2025-07-03T05:00:00-00:00,2025-07-03T06:00:00-00:00,2025-07-02,23,0,Hourly,RU,AS_CAISO_EXP,DAM,RU_CLR_PRC,1.15228,14
2025-07-03T05:00:00-00:00,2025-07-03T06:00:00-00:00,2025-07-02,23,0,Hourly,RU,AS_NP26_EXP,DAM,RU_CLR_PRC,2.34772,14
2025-07-02T08:00:00-00:00,2025-07-02T09:00:00-00:00,2025-07-02,2,0,Hourly,RU,AS_SP26,DAM,RU_CLR_PRC,0,14
2025-07-02T10:00:00-00:00,2025-07-02T11:00:00-00:00,2025-07-02,4,0,Hourly,RU,AS_CAISO,DAM,RU_CLR_PRC,0,14
2025-07-02T10:00:00-00:00,2025-07-02T11:00:00-00:00,2025-07-02,4,0,Hourly,RU,AS_NP26_EXP,DAM,RU_CLR_PRC,0.59,14
2025-07-02T12:00:00-00:00,2025-07-02T13:00:00-00:00,2025-07-02,6,0,Hourly,RU,AS_CAISO,DAM,RU_CLR_PRC,0,14
2025-07-02T13:00:00-00:00,2025-07-02T14:00:00-00:00,2025-07-02,7,0,Hourly,RU,AS_SP26,DAM,RU_CLR_PRC,0,14
2025-07-02T15:00:00-00:00,2025-07-02T16:00:00-00:00,2025-07-02,9,0,Hourly,RU,AS_NP26,DAM,RU_CLR_PRC,0,14
2025-07-02T17:00:00-00:00,2025-07-02T18:00:00-00:00,2025-07-02,11,0,Hourly,RU,AS_CAISO_EXP,DAM,RU_CLR_PRC,1.61019,14
2025-07-02T17:00:00-00:00,2025-07-02T18:00:00-00:00,2025-07-02,11,0,Hourly,RU,AS_SP26,DAM,RU_CLR_PRC,0,14
2025-07-02T18:00:00-00:00,2025-07-02T19:00:00-00:00,2025-07-02,12,0,Hourly,RU,AS_CAISO_EXP,DAM,RU_CLR_PRC,1.86194,14
2025-07-02T18:00:00-00:00,2025-07-02T19:00:00-00:00,2025-07-02,12,0,Hourly,RU,AS_NP26_EXP,DAM,RU_CLR_PRC,0.13,14
2025-07-02T18:00:00-00:00,2025-07-02T19:00:00-00:00,2025-07-02,12,0,Hourly,RU,AS_SP26,DAM,RU_CLR_PRC,0,14
2025-07-02T19:00:00-00:00,2025-07-02T20:00:00-00:00,2025-07-02,13,0,Hourly,RU,AS_CAISO,DAM,RU_CLR_PRC,0,14
2025-07-02T20:00:00-00:00,2025-07-02T21:00:00-00:00,2025-07-02,14,0,Hourly,RU,AS_NP26,DAM,RU_CLR_PRC,0,14
2025-07-02T20:00:00-00:00,2025-07-02T21:00:00-00:00,2025-07-02,14,0,Hourly,RU,AS_SP26_EXP,DAM,RU_CLR_PRC,0,14
2025-07-02T21:00:00-00:00,2025-07-02T22:00:00-00:00,2025-07-02,15,0,Hourly,RU,AS_NP26_EXP,DAM,RU_CLR_PRC,1.09509,14
2025-07-03T00:00:00-00:00,2025-07-03T01:00:00-00:00,2025-07-02,18,0,Hourly,RU,AS_NP26,DAM,RU_CLR_PRC,0,14
2025-07-03T01:00:00-00:00,2025-07-03T02:00:00-00:00,2025-07-02,19,0,Hourly,RU,AS_NP26_EXP,DAM,RU_CLR_PRC,7.52,14
2025-07-03T03:00:00-00:00,2025-07-03T04:00:00-00:00,2025-07-02,21,0,Hourly,RU,AS_SP26_EXP,DAM,RU_CLR_PRC,0,14
2025-07-03T04:00:00-00:00,2025-07-03T05:00:00-00:00,2025-07-02,22,0,Hourly,RU,AS_CAISO_EXP,DAM,RU_CLR_PRC,1.23,14
2025-07-03T06:00:00-00:00,2025-07-03T07:00:00-00:00,2025-07-02,24,0,Hourly,RU,AS_SP26_EXP,DAM,RU_CLR_PRC,0,14
2025-07-02T10:00:00-00:00,2025-07-02T11:00:00-00:00,2025-07-02,4,0,Hourly,RU,AS_SP26_EXP,DAM,RU_CLR_PRC,0,14
2025-07-02T11:00:00-00:00,2025-07-02T12:00:00-00:00,2025-07-02,5,0,Hourly,RU,AS_CAISO_EXP,DAM,RU_CLR_PRC,0.56,14
2025-07-02T14:00:00-00:00,2025-07-02T15:00:00-00:00,2025-07-02,8,0,Hourly,RU,AS_CAISO,DAM,RU_CLR_PRC,0,14
2025-07-02T19:00:00-00:00,2025-07-02T20:00:00-00:00,2025-07-02,13,0,Hourly,RU,AS_SP26,DAM,RU_CLR_PRC,0,14
2025-07-02T20:00:00-00:00,2025-07-02T21:00:00-00:00,2025-07-02,14,0,Hourly,RU,AS_SP26,DAM,RU_CLR_PRC,0,14
2025-07-02T23:00:00-00:00,2025-07-03T00:00:00-00:00,2025-07-02,17,0,Hourly,RU,AS_CAISO_EXP,DAM,RU_CLR_PRC,2.5399,14
2025-07-03T00:00:00-00:00,2025-07-03T01:00:00-00:00,2025-07-02,18,0,Hourly,RU,AS_CAISO_EXP,DAM,RU_CLR_PRC,1.92377,14
2025-07-03T01:00:00-00:00,2025-07-03T02:00:00-00:00,2025-07-02,19,0,Hourly,RU,AS_SP26_EXP,DAM,RU_CLR_PRC,0,14
2025-07-03T02:00:00-00:00,2025-07-03T03:00:00-00:00,2025-07-02,20,0,Hourly,RU,AS_SP26_EXP,DAM,RU_CLR_PRC,0,14
2025-07-03T04:00:00-00:00,2025-07-03T05:00:00-00:00,2025-07-02,22,0,Hourly,RU,AS_NP26,DAM,RU_CLR_PRC,0,14
2025-07-02T08:00:00-00:00,2025-07-02T09:00:00-00:00,2025-07-02,2,0,Hourly,RU,AS_CAISO,DAM,RU_CLR_PRC,0,14
2025-07-02T08:00:00-00:00,2025-07-02T09:00:00-00:00,2025-07-02,2,0,Hourly,RU,AS_NP26,DAM,RU_CLR_PRC,0,14
2025-07-02T07:00:00-00:00,2025-07-02T08:00:00-00:00,2025-07-02,1,0,Hourly,RU,AS_CAISO_EXP,DAM,RU_CLR_PRC,2.25,14
2025-07-02T10:00:00-00:00,2025-07-02T11:00:00-00:00,2025-07-02,4,0,Hourly,RU,AS_SP26,DAM,RU_CLR_PRC,0,14
2025-07-02T13:00:00-00:00,2025-07-02T14:00:00-00:00,2025-07-02,7,0,Hourly,RU,AS_NP26,DAM,RU_CLR_PRC,0,14
2025-07-02T13:00:00-00:00,2025-07-02T14:00:00-00:00,2025-07-02,7,0,Hourly,RU,AS_SP26_EXP,DAM,RU_CLR_PRC,0,14
2025-07-02T14:00:00-00:00,2025-07-02T15:00:00-00:00,2025-07-02,8,0,Hourly,RU,AS_NP26_EXP,DAM,RU_CLR_PRC,0,14
2025-07-02T16:00:00-00:00,2025-07-02T17:00:00-00:00,2025-07-02,10,0,Hourly,RU,AS_CAISO_EXP,DAM,RU_CLR_PRC,3.40046,14
2025-07-02T16:00:00-00:00,2025-07-02T17:00:00-00:00,2025-07-02,10,0,Hourly,RU,AS_NP26_EXP,DAM,RU_CLR_PRC,0.13,14
2025-07-02T17:00:00-00:00,2025-07-02T18:00:00-00:00,2025-07-02,11,0,Hourly,RU,AS_NP26_EXP,DAM,RU_CLR_PRC,0.88055,14
2025-07-02T18:00:00-00:00,2025-07-02T19:00:00-00:00,2025-07-02,12,0,Hourly,RU,AS_CAISO,DAM,RU_CLR_PRC,0,14
2025-07-02T21:00:00-00:00,2025-07-02T22:00:00-00:00,2025-07-02,15,0,Hourly,RU,AS_SP26_EXP,DAM,RU_CLR_PRC,0,14
2025-07-02T23:00:00-00:00,2025-07-03T00:00:00-00:00,2025-07-02,17,0,Hourly,RU,AS_SP26_EXP,DAM,RU_CLR_PRC,0,14
2025-07-03T00:00:00-00:00,2025-07-03T01:00:00-00:00,2025-07-02,18,0,Hourly,RU,AS_SP26_EXP,DAM,RU_CLR_PRC,0,14
2025-07-03T02:00:00-00:00,2025-07-03T03:00:00-00:00,2025-07-02,20,0,Hourly,RU,AS_CAISO,DAM,RU_CLR_PRC,0,14
2025-07-03T02:00:00-00:00,2025-07-03T03:00:00-00:00,2025-07-02,20,0,Hourly,RU,AS_SP26,DAM,RU_CLR_PRC,0,14
2025-07-03T03:00:00-00:00,2025-07-03T04:00:00-00:00,2025-07-02,21,0,Hourly,RU,AS_CAISO,DAM,RU_CLR_PRC,0,14
2025-07-03T03:00:00-00:00,2025-07-03T04:00:00-00:00,2025-07-02,21,0,Hourly,RU,AS_NP26,DAM,RU_CLR_PRC,0,14
2025-07-02T07:00:00-00:00,2025-07-02T08:00:00-00:00,2025-07-02,1,0,Hourly,RU,AS_SP26,DAM,RU_CLR_PRC,0,14
2025-07-02T08:00:00-00:00,2025-07-02T09:00:00-00:00,2025-07-02,2,0,Hourly,RU,AS_CAISO_EXP,DAM,RU_CLR_PRC,1.75442,14
2025-07-02T09:00:00-00:00,2025-07-02T10:00:00-00:00,2025-07-02,3,0,Hourly,RU,AS_SP26_EXP,DAM,RU_CLR_PRC,0,14
2025-07-02T11:00:00-00:00,2025-07-02T12:00:00-00:00,2025-07-02,5,0,Hourly,RU,AS_NP26_EXP,DAM,RU_CLR_PRC,0.61,14
2025-07-02T11:00:00-00:00,2025-07-02T12:00:00-00:00,2025-07-02,5,0,Hourly,RU,AS_SP26,DAM,RU_CLR_PRC,0,14
2025-07-02T12:00:00-00:00,2025-07-02T13:00:00-00:00,2025-07-02,6,0,Hourly,RU,AS_NP26_EXP,DAM,RU_CLR_PRC,1.55,14
2025-07-02T12:00:00-00:00,2025-07-02T13:00:00-00:00,2025-07-02,6,0,Hourly,RU,AS_SP26,DAM,RU_CLR_PRC,0,14
2025-07-02T12:00:00-00:00,2025-07-02T13:00:00-00:00,2025-07-02,6,0,Hourly,RU,AS_SP26_EXP,DAM,RU_CLR_PRC,0,14
2025-07-02T13:00:00-00:00,2025-07-02T14:00:00-00:00,2025-07-02,7,0,Hourly,RU,AS_CAISO,DAM,RU_CLR_PRC,0,14
2025-07-02T14:00:00-00:00,2025-07-02T15:00:00-00:00,2025-07-02,8,0,Hourly,RU,AS_CAISO_EXP,DAM,RU_CLR_PRC,4.83454,14
2025-07-02T14:00:00-00:00,2025-07-02T15:00:00-00:00,2025-07-02,8,0,Hourly,RU,AS_SP26_EXP,DAM,RU_CLR_PRC,0,14
2025-07-02T15:00:00-00:00,2025-07-02T16:00:00-00:00,2025-07-02,9,0,Hourly,RU,AS_CAISO,DAM,RU_CLR_PRC,0,14
2025-07-02T15:00:00-00:00,2025-07-02T16:00:00-00:00,2025-07-02,9,0,Hourly,RU,AS_CAISO_EXP,DAM,RU_CLR_PRC,1.25491,14
2025-07-02T16:00:00-00:00,2025-07-02T17:00:00-00:00,2025-07-02,10,0,Hourly,RU,AS_SP26,DAM,RU_CLR_PRC,0,14
2025-07-02T16:00:00-00:00,2025-07-02T17:00:00-00:00,2025-07-02,10,0,Hourly,RU,AS_SP26_EXP,DAM,RU_CLR_PRC,0,14
2025-07-02T17:00:00-00:00,2025-07-02T18:00:00-00:00,2025-07-02,11,0,Hourly,RU,AS_CAISO,DAM,RU_CLR_PRC,0,14
2025-07-02T19:00:00-00:00,2025-07-02T20:00:00-00:00,2025-07-02,13,0,Hourly,RU,AS_CAISO_EXP,DAM,RU_CLR_PRC,2,14
2025-07-02T21:00:00-00:00,2025-07-02T22:00:00-00:00,2025-07-02,15,0,Hourly,RU,AS_CAISO,DAM,RU_CLR_PRC,0,14
2025-07-02T22:00:00-00:00,2025-07-02T23:00:00-00:00,2025-07-02,16,0,Hourly,RU,AS_NP26,DAM,RU_CLR_PRC,0,14
2025-07-02T23:00:00-00:00,2025-07-03T00:00:00-00:00,2025-07-02,17,0,Hourly,RU,AS_NP26_EXP,DAM,RU_CLR_PRC,3.38397,14
2025-07-03T01:00:00-00:00,2025-07-03T02:00:00-00:00,2025-07-02,19,0,Hourly,RU,AS_NP26,DAM,RU_CLR_PRC,0,14
2025-07-03T02:00:00-00:00,2025-07-03T03:00:00-00:00,2025-07-02,20,0,Hourly,RU,AS_NP26_EXP,DAM,RU_CLR_PRC,4.3236,14
2025-07-03T03:00:00-00:00,2025-07-03T04:00:00-00:00,2025-07-02,21,0,Hourly,RU,AS_CAISO_EXP,DAM,RU_CLR_PRC,5.9958,14
2025-07-03T03:00:00-00:00,2025-07-03T04:00:00-00:00,2025-07-02,21,0,Hourly,RU,AS_SP26,DAM,RU_CLR_PRC,0,14
2025-07-03T05:00:00-00:00,2025-07-03T06:00:00-00:00,2025-07-02,23,0,Hourly,RU,AS_SP26,DAM,RU_CLR_PRC,0,14
2025-07-03T05:00:00-00:00,2025-07-03T06:00:00-00:00,2025-07-02,23,0,Hourly,RU,AS_SP26_EXP,DAM,RU_CLR_PRC,0,14
2025-07-02T07:00:00-00:00,2025-07-02T08:00:00-00:00,2025-07-02,1,0,Hourly,RU,AS_NP26_EXP,DAM,RU_CLR_PRC,0.15033,14
2025-07-02T10:00:00-00:00,2025-07-02T11:00:00-00:00,2025-07-02,4,0,Hourly,RU,AS_CAISO_EXP,DAM,RU_CLR_PRC,0.5,14
2025-07-02T11:00:00-00:00,2025-07-02T12:00:00-00:00,2025-07-02,5,0,Hourly,RU,AS_SP26_EXP,DAM,RU_CLR_PRC,0,14
2025-07-02T12:00:00-00:00,2025-07-02T13:00:00-00:00,2025-07-02,6,0,Hourly,RU,AS_NP26,DAM,RU_CLR_PRC,0,14
2025-07-02T14:00:00-00:00,2025-07-02T15:00:00-00:00,2025-07-02,8,0,Hourly,RU,AS_NP26,DAM,RU_CLR_PRC,0,14
2025-07-02T16:00:00-00:00,2025-07-02T17:00:00-00:00,2025-07-02,10,0,Hourly,RU,AS_CAISO,DAM,RU_CLR_PRC,0,14
2025-07-02T16:00:00-00:00,2025-07-02T17:00:00-00:00,2025-07-02,10,0,Hourly,RU,AS_NP26,DAM,RU_CLR_PRC,0,14
2025-07-02T19:00:00-00:00,2025-07-02T20:00:00-00:00,2025-07-02,13,0,Hourly,RU,AS_NP26,DAM,RU_CLR_PRC,0,14
2025-07-02T21:00:00-00:00,2025-07-02T22:00:00-00:00,2025-07-02,15,0,Hourly,RU,AS_NP26,DAM,RU_CLR_PRC,0,14
2025-07-02T23:00:00-00:00,2025-07-03T00:00:00-00:00,2025-07-02,17,0,Hourly,RU,AS_NP26,DAM,RU_CLR_PRC,0,14
2025-07-03T00:00:00-00:00,2025-07-03T01:00:00-00:00,2025-07-02,18,0,Hourly,RU,AS_NP26_EXP,DAM,RU_CLR_PRC,2.93623,14
2025-07-03T00:00:00-00:00,2025-07-03T01:00:00-00:00,2025-07-02,18,0,Hourly,RU,AS_SP26,DAM,RU_CLR_PRC,0,14
2025-07-03T02:00:00-00:00,2025-07-03T03:00:00-00:00,2025-07-02,20,0,Hourly,RU,AS_CAISO_EXP,DAM,RU_CLR_PRC,5.6764,14
2025-07-03T04:00:00-00:00,2025-07-03T05:00:00-00:00,2025-07-02,22,0,Hourly,RU,AS_SP26_EXP,DAM,RU_CLR_PRC,0,14
2025-07-02T07:00:00-00:00,2025-07-02T08:00:00-00:00,2025-07-02,1,0,Hourly,RU,AS_SP26_EXP,DAM,RU_CLR_PRC,0,14
2025-07-02T09:00:00-00:00,2025-07-02T10:00:00-00:00,2025-07-02,3,0,Hourly,RU,AS_CAISO_EXP,DAM,RU_CLR_PRC,0.6291,14
2025-07-02T09:00:00-00:00,2025-07-02T10:00:00-00:00,2025-07-02,3,0,Hourly,RU,AS_NP26,DAM,RU_CLR_PRC,0,14
2025-07-02T10:00:00-00:00,2025-07-02T11:00:00-00:00,2025-07-02,4,0,Hourly,RU,AS_NP26,DAM,RU_CLR_PRC,0,14
2025-07-02T14:00:00-00:00,2025-07-02T15:00:00-00:00,2025-07-02,8,0,Hourly,RU,AS_SP26,DAM,RU_CLR_PRC,0,14
2025-07-02T15:00:00-00:00,2025-07-02T16:00:00-00:00,2025-07-02,9,0,Hourly,RU,AS_SP26,DAM,RU_CLR_PRC,0,14
2025-07-02T18:00:00-00:00,2025-07-02T19:00:00-00:00,2025-07-02,12,0,Hourly,RU,AS_NP26,DAM,RU_CLR_PRC,0,14
2025-07-02T19:00:00-00:00,2025-07-02T20:00:00-00:00,2025-07-02,13,0,Hourly,RU,AS_NP26_EXP,DAM,RU_CLR_PRC,0.55,14
2025-07-03T10:00:00-00:00,2025-07-03T11:00:00-00:00,2025-07-03,4,0,Hourly,RU,AS_CAISO_EXP,DAM,RU_CLR_PRC,0.56,15
2025-07-03T10:00:00-00:00,2025-07-03T11:00:00-00:00,2025-07-03,4,0,Hourly,RU,AS_NP26,DAM,RU_CLR_PRC,0,15
2025-07-03T10:00:00-00:00,2025-07-03T11:00:00-00:00,2025-07-03,4,0,Hourly,RU,AS_SP26,DAM,RU_CLR_PRC,0,15
2025-07-03T11:00:00-00:00,2025-07-03T12:00:00-00:00,2025-07-03,5,0,Hourly,RU,AS_NP26,DAM,RU_CLR_PRC,0,15
2025-07-03T12:00:00-00:00,2025-07-03T13:00:00-00:00,2025-07-03,6,0,Hourly,RU,AS_CAISO,DAM,RU_CLR_PRC,0,15
2025-07-03T18:00:00-00:00,2025-07-03T19:00:00-00:00,2025-07-03,12,0,Hourly,RU,AS_NP26,DAM,RU_CLR_PRC,0,15
2025-07-03T20:00:00-00:00,2025-07-03T21:00:00-00:00,2025-07-03,14,0,Hourly,RU,AS_NP26_EXP,DAM,RU_CLR_PRC,1.38923,15
2025-07-03T21:00:00-00:00,2025-07-03T22:00:00-00:00,2025-07-03,15,0,Hourly,RU,AS_NP26_EXP,DAM,RU_CLR_PRC,1.98248,15
2025-07-03T21:00:00-00:00,2025-07-03T22:00:00-00:00,2025-07-03,15,0,Hourly,RU,AS_SP26_EXP,DAM,RU_CLR_PRC,0,15
2025-07-03T23:00:00-00:00,2025-07-04T00:00:00-00:00,2025-07-03,17,0,Hourly,RU,AS_NP26,DAM,RU_CLR_PRC,0,15
2025-07-04T03:00:00-00:00,2025-07-04T04:00:00-00:00,2025-07-03,21,0,Hourly,RU,AS_SP26_EXP,DAM,RU_CLR_PRC,0,15
2025-07-04T04:00:00-00:00,2025-07-04T05:00:00-00:00,2025-07-03,22,0,Hourly,RU,AS_CAISO_EXP,DAM,RU_CLR_PRC,1,15
2025-07-04T04:00:00-00:00,2025-07-04T05:00:00-00:00,2025-07-03,22,0,Hourly,RU,AS_NP26,DAM,RU_CLR_PRC,0,15
2025-07-04T04:00:00-00:00,2025-07-04T05:00:00-00:00,2025-07-03,22,0,Hourly,RU,AS_NP26_EXP,DAM,RU_CLR_PRC,2.61776,15
2025-07-04T06:00:00-00:00,2025-07-04T07:00:00-00:00,2025-07-03,24,0,Hourly,RU,AS_NP26_EXP,DAM,RU_CLR_PRC,0,15
2025-07-04T06:00:00-00:00,2025-07-04T07:00:00-00:00,2025-07-03,24,0,Hourly,RU,AS_SP26_EXP,DAM,RU_CLR_PRC,0,15
2025-07-03T12:00:00-00:00,2025-07-03T13:00:00-00:00,2025-07-03,6,0,Hourly,RU,AS_NP26_EXP,DAM,RU_CLR_PRC,0.29031,15
2025-07-03T14:00:00-00:00,2025-07-03T15:00:00-00:00,2025-07-03,8,0,Hourly,RU,AS_NP26_EXP,DAM,RU_CLR_PRC,0.6324,15
2025-07-03T14:00:00-00:00,2025-07-03T15:00:00-00:00,2025-07-03,8,0,Hourly,RU,AS_SP26_EXP,DAM,RU_CLR_PRC,0,15
2025-07-03T16:00:00-00:00,2025-07-03T17:00:00-00:00,2025-07-03,10,0,Hourly,RU,AS_CAISO,DAM,RU_CLR_PRC,0,15
2025-07-03T17:00:00-00:00,2025-07-03T18:00:00-00:00,2025-07-03,11,0,Hourly,RU,AS_CAISO_EXP,DAM,RU_CLR_PRC,0.66151,15
2025-07-03T17:00:00-00:00,2025-07-03T18:00:00-00:00,2025-07-03,11,0,Hourly,RU,AS_NP26_EXP,DAM,RU_CLR_PRC,0.83431,15
2025-07-03T18:00:00-00:00,2025-07-03T19:00:00-00:00,2025-07-03,12,0,Hourly,RU,AS_SP26,DAM,RU_CLR_PRC,0,15
2025-07-03T19:00:00-00:00,2025-07-03T20:00:00-00:00,2025-07-03,13,0,Hourly,RU,AS_SP26,DAM,RU_CLR_PRC,0,15
2025-07-03T20:00:00-00:00,2025-07-03T21:00:00-00:00,2025-07-03,14,0,Hourly,RU,AS_SP26_EXP,DAM,RU_CLR_PRC,0,15
2025-07-03T22:00:00-00:00,2025-07-03T23:00:00-00:00,2025-07-03,16,0,Hourly,RU,AS_SP26_EXP,DAM,RU_CLR_PRC,0,15
2025-07-04T00:00:00-00:00,2025-07-04T01:00:00-00:00,2025-07-03,18,0,Hourly,RU,AS_CAISO_EXP,DAM,RU_CLR_PRC,1.94,15
2025-07-04T01:00:00-00:00,2025-07-04T02:00:00-00:00,2025-07-03,19,0,Hourly,RU,AS_CAISO_EXP,DAM,RU_CLR_PRC,1.85279,15
2025-07-04T02:00:00-00:00,2025-07-04T03:00:00-00:00,2025-07-03,20,0,Hourly,RU,AS_CAISO_EXP,DAM,RU_CLR_PRC,4.94946,15
2025-07-04T02:00:00-00:00,2025-07-04T03:00:00-00:00,2025-07-03,20,0,Hourly,RU,AS_SP26,DAM,RU_CLR_PRC,0,15
2025-07-04T03:00:00-00:00,2025-07-04T04:00:00-00:00,2025-07-03,21,0,Hourly,RU,AS_NP26_EXP,DAM,RU_CLR_PRC,5.1,15
2025-07-04T05:00:00-00:00,2025-07-04T06:00:00-00:00,2025-07-03,23,0,Hourly,RU,AS_NP26_EXP,DAM,RU_CLR_PRC,2.13942,15
2025-07-04T05:00:00-00:00,2025-07-04T06:00:00-00:00,2025-07-03,23,0,Hourly,RU,AS_SP26_EXP,DAM,RU_CLR_PRC,0,15
2025-07-03T07:00:00-00:00,2025-07-03T08:00:00-00:00,2025-07-03,1,0,Hourly,RU,AS_CAISO_EXP,DAM,RU_CLR_PRC,1.24,15
2025-07-03T07:00:00-00:00,2025-07-03T08:00:00-00:00,2025-07-03,1,0,Hourly,RU,AS_SP26_EXP,DAM,RU_CLR_PRC,0,15
2025-07-03T09:00:00-00:00,2025-07-03T10:00:00-00:00,2025-07-03,3,0,Hourly,RU,AS_CAISO,DAM,RU_CLR_PRC,0,15
2025-07-03T09:00:00-00:00,2025-07-03T10:00:00-00:00,2025-07-03,3,0,Hourly,RU,AS_CAISO_EXP,DAM,RU_CLR_PRC,0.56384,15
2025-07-03T10:00:00-00:00,2025-07-03T11:00:00-00:00,2025-07-03,4,0,Hourly,RU,AS_NP26_EXP,DAM,RU_CLR_PRC,0.29,15
2025-07-03T11:00:00-00:00,2025-07-03T12:00:00-00:00,2025-07-03,5,0,Hourly,RU,AS_NP26_EXP,DAM,RU_CLR_PRC,0.05,15
2025-07-03T12:00:00-00:00,2025-07-03T13:00:00-00:00,2025-07-03,6,0,Hourly,RU,AS_SP26_EXP,DAM,RU_CLR_PRC,0,15
2025-07-03T15:00:00-00:00,2025-07-03T16:00:00-00:00,2025-07-03,9,0,Hourly,RU,AS_CAISO_EXP,DAM,RU_CLR_PRC,1.42662,15
2025-07-03T18:00:00-00:00,2025-07-03T19:00:00-00:00,2025-07-03,12,0,Hourly,RU,AS_CAISO,DAM,RU_CLR_PRC,0,15
2025-07-03T18:00:00-00:00,2025-07-03T19:00:00-00:00,2025-07-03,12,0,Hourly,RU,AS_CAISO_EXP,DAM,RU_CLR_PRC,1.265,15
2025-07-03T21:00:00-00:00,2025-07-03T22:00:00-00:00,2025-07-03,15,0,Hourly,RU,AS_CAISO_EXP,DAM,RU_CLR_PRC,2,15
2025-07-03T21:00:00-00:00,2025-07-03T22:00:00-00:00,2025-07-03,15,0,Hourly,RU,AS_NP26,DAM,RU_CLR_PRC,0,15
2025-07-04T01:00:00-00:00,2025-07-04T02:00:00-00:00,2025-07-03,19,0,Hourly,RU,AS_NP26_EXP,DAM,RU_CLR_PRC,4.64221,15
2025-07-04T01:00:00-00:00,2025-07-04T02:00:00-00:00,2025-07-03,19,0,Hourly,RU,AS_SP26,DAM,RU_CLR_PRC,0,15
2025-07-04T02:00:00-00:00,2025-07-04T03:00:00-00:00,2025-07-03,20,0,Hourly,RU,AS_NP26,DAM,RU_CLR_PRC,0,15
2025-07-04T03:00:00-00:00,2025-07-04T04:00:00-00:00,2025-07-03,21,0,Hourly,RU,AS_NP26,DAM,RU_CLR_PRC,0,15
2025-07-04T04:00:00-00:00,2025-07-04T05:00:00-00:00,2025-07-03,22,0,Hourly,RU,AS_SP26,DAM,RU_CLR_PRC,0,15
2025-07-04T06:00:00-00:00,2025-07-04T07:00:00-00:00,2025-07-03,24,0,Hourly,RU,AS_CAISO,DAM,RU_CLR_PRC,0,15
2025-07-03T07:00:00-00:00,2025-07-03T08:00:00-00:00,2025-07-03,1,0,Hourly,RU,AS_CAISO,DAM,RU_CLR_PRC,0,15
2025-07-03T08:00:00-00:00,2025-07-03T09:00:00-00:00,2025-07-03,2,0,Hourly,RU,AS_SP26,DAM,RU_CLR_PRC,0,15
2025-07-03T09:00:00-00:00,2025-07-03T10:00:00-00:00,2025-07-03,3,0,Hourly,RU,AS_NP26_EXP,DAM,RU_CLR_PRC,0.81616,15
2025-07-03T09:00:00-00:00,2025-07-03T10:00:00-00:00,2025-07-03,3,0,Hourly,RU,AS_SP26,DAM,RU_CLR_PRC,0,15
2025-07-03T12:00:00-00:00,2025-07-03T13:00:00-00:00,2025-07-03,6,0,Hourly,RU,AS_NP26,DAM,RU_CLR_PRC,0,15
2025-07-03T13:00:00-00:00,2025-07-03T14:00:00-00:00,2025-07-03,7,0,Hourly,RU,AS_SP26_EXP,DAM,RU_CLR_PRC,0,15
2025-07-03T15:00:00-00:00,2025-07-03T16:00:00-00:00,2025-07-03,9,0,Hourly,RU,AS_NP26,DAM,RU_CLR_PRC,0,15
2025-07-03T15:00:00-00:00,2025-07-03T16:00:00-00:00,2025-07-03,9,0,Hourly,RU,AS_NP26_EXP,DAM,RU_CLR_PRC,1.24391,15
2025-07-03T15:00:00-00:00,2025-07-03T16:00:00-00:00,2025-07-03,9,0,Hourly,RU,AS_SP26_EXP,DAM,RU_CLR_PRC,0,15
2025-07-03T16:00:00-00:00,2025-07-03T17:00:00-00:00,2025-07-03,10,0,Hourly,RU,AS_NP26_EXP,DAM,RU_CLR_PRC,2.50913,15
2025-07-03T18:00:00-00:00,2025-07-03T19:00:00-00:00,2025-07-03,12,0,Hourly,RU,AS_SP26_EXP,DAM,RU_CLR_PRC,0,15
2025-07-03T19:00:00-00:00,2025-07-03T20:00:00-00:00,2025-07-03,13,0,Hourly,RU,AS_CAISO,DAM,RU_CLR_PRC,0,15
2025-07-03T19:00:00-00:00,2025-07-03T20:00:00-00:00,2025-07-03,13,0,Hourly,RU,AS_SP26_EXP,DAM,RU_CLR_PRC,0,15
2025-07-03T08:00:00-00:00,2025-07-03T09:00:00-00:00,2025-07-03,2,0,Hourly,RU,AS_SP26_EXP,DAM,RU_CLR_PRC,0,15
2025-07-03T10:00:00-00:00,2025-07-03T11:00:00-00:00,2025-07-03,4,0,Hourly,RU,AS_SP26_EXP,DAM,RU_CLR_PRC,0,15
2025-07-03T12:00:00-00:00,2025-07-03T13:00:00-00:00,2025-07-03,6,0,Hourly,RU,AS_CAISO_EXP,DAM,RU_CLR_PRC,1,15
2025-07-03T12:00:00-00:00,2025-07-03T13:00:00-00:00,2025-07-03,6,0,Hourly,RU,AS_SP26,DAM,RU_CLR_PRC,0,15
2025-07-03T14:00:00-00:00,2025-07-03T15:00:00-00:00,2025-07-03,8,0,Hourly,RU,AS_NP26,DAM,RU_CLR_PRC,0,15
2025-07-03T14:00:00-00:00,2025-07-03T15:00:00-00:00,2025-07-03,8,0,Hourly,RU,AS_SP26,DAM,RU_CLR_PRC,0,15
2025-07-03T15:00:00-00:00,2025-07-03T16:00:00-00:00,2025-07-03,9,0,Hourly,RU,AS_CAISO,DAM,RU_CLR_PRC,0,15
2025-07-03T15:00:00-00:00,2025-07-03T16:00:00-00:00,2025-07-03,9,0,Hourly,RU,AS_SP26,DAM,RU_CLR_PRC,0,15
2025-07-03T22:00:00-00:00,2025-07-03T23:00:00-00:00,2025-07-03,16,0,Hourly,RU,AS_NP26,DAM,RU_CLR_PRC,0,15
2025-07-03T22:00:00-00:00,2025-07-03T23:00:00-00:00,2025-07-03,16,0,Hourly,RU,AS_SP26,DAM,RU_CLR_PRC,0,15
2025-07-03T23:00:00-00:00,2025-07-04T00:00:00-00:00,2025-07-03,17,0,Hourly,RU,AS_SP26,DAM,RU_CLR_PRC,0,15
2025-07-04T00:00:00-00:00,2025-07-04T01:00:00-00:00,2025-07-03,18,0,Hourly,RU,AS_NP26,DAM,RU_CLR_PRC,0,15
2025-07-04T00:00:00-00:00,2025-07-04T01:00:00-00:00,2025-07-03,18,0,Hourly,RU,AS_SP26_EXP,DAM,RU_CLR_PRC,0,15
2025-07-04T04:00:00-00:00,2025-07-04T05:00:00-00:00,2025-07-03,22,0,Hourly,RU,AS_CAISO,DAM,RU_CLR_PRC,0,15
2025-07-04T05:00:00-00:00,2025-07-04T06:00:00-00:00,2025-07-03,23,0,Hourly,RU,AS_CAISO_EXP,DAM,RU_CLR_PRC,1.01,15
2025-07-03T09:00:00-00:00,2025-07-03T10:00:00-00:00,2025-07-03,3,0,Hourly,RU,AS_NP26,DAM,RU_CLR_PRC,0,15
2025-07-03T08:00:00-00:00,2025-07-03T09:00:00-00:00,2025-07-03,2,0,Hourly,RU,AS_NP26_EXP,DAM,RU_CLR_PRC,0.17995,15
2025-07-03T09:00:00-00:00,2025-07-03T10:00:00-00:00,2025-07-03,3,0,Hourly,RU,AS_SP26_EXP,DAM,RU_CLR_PRC,0,15
2025-07-03T11:00:00-00:00,2025-07-03T12:00:00-00:00,2025-07-03,5,0,Hourly,RU,AS_CAISO,DAM,RU_CLR_PRC,0,15
2025-07-03T11:00:00-00:00,2025-07-03T12:00:00-00:00,2025-07-03,5,0,Hourly,RU,AS_CAISO_EXP,DAM,RU_CLR_PRC,0.71,15
2025-07-03T11:00:00-00:00,2025-07-03T12:00:00-00:00,2025-07-03,5,0,Hourly,RU,AS_SP26_EXP,DAM,RU_CLR_PRC,0,15
2025-07-03T13:00:00-00:00,2025-07-03T14:00:00-00:00,2025-07-03,7,0,Hourly,RU,AS_CAISO,DAM,RU_CLR_PRC,0,15
2025-07-03T13:00:00-00:00,2025-07-03T14:00:00-00:00,2025-07-03,7,0,Hourly,RU,AS_CAISO_EXP,DAM,RU_CLR_PRC,5.423,15
2025-07-03T13:00:00-00:00,2025-07-03T14:00:00-00:00,2025-07-03,7,0,Hourly,RU,AS_NP26,DAM,RU_CLR_PRC,0,15
2025-07-03T13:00:00-00:00,2025-07-03T14:00:00-00:00,2025-07-03,7,0,Hourly,RU,AS_SP26,DAM,RU_CLR_PRC,0,15
2025-07-03T16:00:00-00:00,2025-07-03T17:00:00-00:00,2025-07-03,10,0,Hourly,RU,AS_SP26_EXP,DAM,RU_CLR_PRC,0,15
2025-07-03T17:00:00-00:00,2025-07-03T18:00:00-00:00,2025-07-03,11,0,Hourly,RU,AS_SP26_EXP,DAM,RU_CLR_PRC,0,15
2025-07-03T21:00:00-00:00,2025-07-03T22:00:00-00:00,2025-07-03,15,0,Hourly,RU,AS_CAISO,DAM,RU_CLR_PRC,0,15
2025-07-03T22:00:00-00:00,2025-07-03T23:00:00-00:00,2025-07-03,16,0,Hourly,RU,AS_CAISO,DAM,RU_CLR_PRC,0,15
2025-07-04T00:00:00-00:00,2025-07-04T01:00:00-00:00,2025-07-03,18,0,Hourly,RU,AS_CAISO,DAM,RU_CLR_PRC,0,15
2025-07-04T01:00:00-00:00,2025-07-04T02:00:00-00:00,2025-07-03,19,0,Hourly,RU,AS_CAISO,DAM,RU_CLR_PRC,0,15
2025-07-04T02:00:00-00:00,2025-07-04T03:00:00-00:00,2025-07-03,20,0,Hourly,RU,AS_NP26_EXP,DAM,RU_CLR_PRC,2.51054,15
2025-07-04T04:00:00-00:00,2025-07-04T05:00:00-00:00,2025-07-03,22,0,Hourly,RU,AS_SP26_EXP,DAM,RU_CLR_PRC,0,15
2025-07-04T05:00:00-00:00,2025-07-04T06:00:00-00:00,2025-07-03,23,0,Hourly,RU,AS_NP26,DAM,RU_CLR_PRC,0,15
2025-07-04T05:00:00-00:00,2025-07-04T06:00:00-00:00,2025-07-03,23,0,Hourly,RU,AS_SP26,DAM,RU_CLR_PRC,0,15
2025-07-03T07:00:00-00:00,2025-07-03T08:00:00-00:00,2025-07-03,1,0,Hourly,RU,AS_NP26_EXP,DAM,RU_CLR_PRC,0.54499,15
2025-07-03T07:00:00-00:00,2025-07-03T08:00:00-00:00,2025-07-03,1,0,Hourly,RU,AS_NP26,DAM,RU_CLR_PRC,0,15
2025-07-03T07:00:00-00:00,2025-07-03T08:00:00-00:00,2025-07-03,1,0,Hourly,RU,AS_SP26,DAM,RU_CLR_PRC,0,15
2025-07-03T10:00:00-00:00,2025-07-03T11:00:00-00:00,2025-07-03,4,0,Hourly,RU,AS_CAISO,DAM,RU_CLR_PRC,0,15
2025-07-03T14:00:00-00:00,2025-07-03T15:00:00-00:00,2025-07-03,8,0,Hourly,RU,AS_CAISO,DAM,RU_CLR_PRC,0,15
2025-07-03T16:00:00-00:00,2025-07-03T17:00:00-00:00,2025-07-03,10,0,Hourly,RU,AS_CAISO_EXP,DAM,RU_CLR_PRC,0.20455,15
2025-07-03T16:00:00-00:00,2025-07-03T17:00:00-00:00,2025-07-03,10,0,Hourly,RU,AS_NP26,DAM,RU_CLR_PRC,0,15
2025-07-03T17:00:00-00:00,2025-07-03T18:00:00-00:00,2025-07-03,11,0,Hourly,RU,AS_CAISO,DAM,RU_CLR_PRC,0,15
2025-07-03T17:00:00-00:00,2025-07-03T18:00:00-00:00,2025-07-03,11,0,Hourly,RU,AS_SP26,DAM,RU_CLR_PRC,0,15
2025-07-03T19:00:00-00:00,2025-07-03T20:00:00-00:00,2025-07-03,13,0,Hourly,RU,AS_CAISO_EXP,DAM,RU_CLR_PRC,1.74701,15
2025-07-03T19:00:00-00:00,2025-07-03T20:00:00-00:00,2025-07-03,13,0,Hourly,RU,AS_NP26,DAM,RU_CLR_PRC,0,15
2025-07-03T20:00:00-00:00,2025-07-03T21:00:00-00:00,2025-07-03,14,0,Hourly,RU,AS_CAISO,DAM,RU_CLR_PRC,0,15
2025-07-03T20:00:00-00:00,2025-07-03T21:00:00-00:00,2025-07-03,14,0,Hourly,RU,AS_NP26,DAM,RU_CLR_PRC,0,15
2025-07-03T21:00:00-00:00,2025-07-03T22:00:00-00:00,2025-07-03,15,0,Hourly,RU,AS_SP26,DAM,RU_CLR_PRC,0,15
2025-07-03T22:00:00-00:00,2025-07-03T23:00:00-00:00,2025-07-03,16,0,Hourly,RU,AS_NP26_EXP,DAM,RU_CLR_PRC,1.33186,15
2025-07-03T23:00:00-00:00,2025-07-04T00:00:00-00:00,2025-07-03,17,0,Hourly,RU,AS_CAISO,DAM,RU_CLR_PRC,0,15
2025-07-03T23:00:00-00:00,2025-07-04T00:00:00-00:00,2025-07-03,17,0,Hourly,RU,AS_CAISO_EXP,DAM,RU_CLR_PRC,1.58,15
2025-07-03T23:00:00-00:00,2025-07-04T00:00:00-00:00,2025-07-03,17,0,Hourly,RU,AS_NP26_EXP,DAM,RU_CLR_PRC,2.34308,15
2025-07-04T00:00:00-00:00,2025-07-04T01:00:00-00:00,2025-07-03,18,0,Hourly,RU,AS_NP26_EXP,DAM,RU_CLR_PRC,2.23846,15
2025-07-04T01:00:00-00:00,2025-07-04T02:00:00-00:00,2025-07-03,19,0,Hourly,RU,AS_SP26_EXP,DAM,RU_CLR_PRC,0,15
2025-07-04T02:00:00-00:00,2025-07-04T03:00:00-00:00,2025-07-03,20,0,Hourly,RU,AS_CAISO,DAM,RU_CLR_PRC,0,15
2025-07-04T03:00:00-00:00,2025-07-04T04:00:00-00:00,2025-07-03,21,0,Hourly,RU,AS_CAISO,DAM,RU_CLR_PRC,0,15
2025-07-04T03:00:00-00:00,2025-07-04T04:00:00-00:00,2025-07-03,21,0,Hourly,RU,AS_SP26,DAM,RU_CLR_PRC,0,15
2025-07-04T05:00:00-00:00,2025-07-04T06:00:00-00:00,2025-07-03,23,0,Hourly,RU,AS_CAISO,DAM,RU_CLR_PRC,0,15
2025-07-04T06:00:00-00:00,2025-07-04T07:00:00-00:00,2025-07-03,24,0,Hourly,RU,AS_CAISO_EXP,DAM,RU_CLR_PRC,5,15
2025-07-04T06:00:00-00:00,2025-07-04T07:00:00-00:00,2025-07-03,24,0,Hourly,RU,AS_SP26,DAM,RU_CLR_PRC,0,15
2025-07-03T08:00:00-00:00,2025-07-03T09:00:00-00:00,2025-07-03,2,0,Hourly,RU,AS_CAISO_EXP,DAM,RU_CLR_PRC,1.16154,15
2025-07-03T08:00:00-00:00,2025-07-03T09:00:00-00:00,2025-07-03,2,0,Hourly,RU,AS_NP26,DAM,RU_CLR_PRC,0,15
2025-07-03T13:00:00-00:00,2025-07-03T14:00:00-00:00,2025-07-03,7,0,Hourly,RU,AS_NP26_EXP,DAM,RU_CLR_PRC,0,15
2025-07-03T14:00:00-00:00,2025-07-03T15:00:00-00:00,2025-07-03,8,0,Hourly,RU,AS_CAISO_EXP,DAM,RU_CLR_PRC,3.67521,15
2025-07-03T16:00:00-00:00,2025-07-03T17:00:00-00:00,2025-07-03,10,0,Hourly,RU,AS_SP26,DAM,RU_CLR_PRC,0,15
2025-07-03T17:00:00-00:00,2025-07-03T18:00:00-00:00,2025-07-03,11,0,Hourly,RU,AS_NP26,DAM,RU_CLR_PRC,0,15
2025-07-03T18:00:00-00:00,2025-07-03T19:00:00-00:00,2025-07-03,12,0,Hourly,RU,AS_NP26_EXP,DAM,RU_CLR_PRC,1.015,15
2025-07-03T19:00:00-00:00,2025-07-03T20:00:00-00:00,2025-07-03,13,0,Hourly,RU,AS_NP26_EXP,DAM,RU_CLR_PRC,0.41718,15
2025-07-03T20:00:00-00:00,2025-07-03T21:00:00-00:00,2025-07-03,14,0,Hourly,RU,AS_CAISO_EXP,DAM,RU_CLR_PRC,1.73,15
2025-07-03T20:00:00-00:00,2025-07-03T21:00:00-00:00,2025-07-03,14,0,Hourly,RU,AS_SP26,DAM,RU_CLR_PRC,0,15
2025-07-03T22:00:00-00:00,2025-07-03T23:00:00-00:00,2025-07-03,16,0,Hourly,RU,AS_CAISO_EXP,DAM,RU_CLR_PRC,2,15
2025-07-03T23:00:00-00:00,2025-07-04T00:00:00-00:00,2025-07-03,17,0,Hourly,RU,AS_SP26_EXP,DAM,RU_CLR_PRC,0,15
2025-07-04T00:00:00-00:00,2025-07-04T01:00:00-00:00,2025-07-03,18,0,Hourly,RU,AS_SP26,DAM,RU_CLR_PRC,0,15
2025-07-04T01:00:00-00:00,2025-07-04T02:00:00-00:00,2025-07-03,19,0,Hourly,RU,AS_NP26,DAM,RU_CLR_PRC,0,15
2025-07-04T02:00:00-00:00,2025-07-04T03:00:00-00:00,2025-07-03,20,0,Hourly,RU,AS_SP26_EXP,DAM,RU_CLR_PRC,0,15
2025-07-04T03:00:00-00:00,2025-07-04T04:00:00-00:00,2025-07-03,21,0,Hourly,RU,AS_CAISO_EXP,DAM,RU_CLR_PRC,2.36,15
2025-07-04T06:00:00-00:00,2025-07-04T07:00:00-00:00,2025-07-03,24,0,Hourly,RU,AS_NP26,DAM,RU_CLR_PRC,0,15
2025-07-03T08:00:00-00:00,2025-07-03T09:00:00-00:00,2025-07-03,2,0,Hourly,RU,AS_CAISO,DAM,RU_CLR_PRC,0,15
2025-07-03T11:00:00-00:00,2025-07-03T12:00:00-00:00,2025-07-03,5,0,Hourly,RU,AS_SP26,DAM,RU_CLR_PRC,0,15
2025-07-04T10:00:00-00:00,2025-07-04T11:00:00-00:00,2025-07-04,4,0,Hourly,RU,AS_CAISO,DAM,RU_CLR_PRC,0,16
2025-07-04T10:00:00-00:00,2025-07-04T11:00:00-00:00,2025-07-04,4,0,Hourly,RU,AS_CAISO_EXP,DAM,RU_CLR_PRC,0.66615,16
2025-07-04T10:00:00-00:00,2025-07-04T11:00:00-00:00,2025-07-04,4,0,Hourly,RU,AS_NP26,DAM,RU_CLR_PRC,0,16
2025-07-04T11:00:00-00:00,2025-07-04T12:00:00-00:00,2025-07-04,5,0,Hourly,RU,AS_CAISO_EXP,DAM,RU_CLR_PRC,0.5,16
2025-07-04T13:00:00-00:00,2025-07-04T14:00:00-00:00,2025-07-04,7,0,Hourly,RU,AS_SP26,DAM,RU_CLR_PRC,0,16
2025-07-04T17:00:00-00:00,2025-07-04T18:00:00-00:00,2025-07-04,11,0,Hourly,RU,AS_CAISO,DAM,RU_CLR_PRC,0,16
2025-07-04T18:00:00-00:00,2025-07-04T19:00:00-00:00,2025-07-04,12,0,Hourly,RU,AS_CAISO_EXP,DAM,RU_CLR_PRC,1,16
2025-07-04T19:00:00-00:00,2025-07-04T20:00:00-00:00,2025-07-04,13,0,Hourly,RU,AS_SP26_EXP,DAM,RU_CLR_PRC,0,16
2025-07-04T20:00:00-00:00,2025-07-04T21:00:00-00:00,2025-07-04,14,0,Hourly,RU,AS_CAISO,DAM,RU_CLR_PRC,0,16
2025-07-04T20:00:00-00:00,2025-07-04T21:00:00-00:00,2025-07-04,14,0,Hourly,RU,AS_NP26_EXP,DAM,RU_CLR_PRC,1.2545,16
2025-07-04T22:00:00-00:00,2025-07-04T23:00:00-00:00,2025-07-04,16,0,Hourly,RU,AS_CAISO,DAM,RU_CLR_PRC,0,16
2025-07-04T22:00:00-00:00,2025-07-04T23:00:00-00:00,2025-07-04,16,0,Hourly,RU,AS_NP26_EXP,DAM,RU_CLR_PRC,2.04461,16
2025-07-04T23:00:00-00:00,2025-07-05T00:00:00-00:00,2025-07-04,17,0,Hourly,RU,AS_SP26,DAM,RU_CLR_PRC,0,16
2025-07-05T00:00:00-00:00,2025-07-05T01:00:00-00:00,2025-07-04,18,0,Hourly,RU,AS_CAISO_EXP,DAM,RU_CLR_PRC,3.1247,16
2025-07-05T01:00:00-00:00,2025-07-05T02:00:00-00:00,2025-07-04,19,0,Hourly,RU,AS_NP26_EXP,DAM,RU_CLR_PRC,6.99336,16
2025-07-05T04:00:00-00:00,2025-07-05T05:00:00-00:00,2025-07-04,22,0,Hourly,RU,AS_NP26,DAM,RU_CLR_PRC,0,16
2025-07-05T05:00:00-00:00,2025-07-05T06:00:00-00:00,2025-07-04,23,0,Hourly,RU,AS_CAISO_EXP,DAM,RU_CLR_PRC,0.8443,16
2025-07-05T05:00:00-00:00,2025-07-05T06:00:00-00:00,2025-07-04,23,0,Hourly,RU,AS_SP26_EXP,DAM,RU_CLR_PRC,0,16
2025-07-04T08:00:00-00:00,2025-07-04T09:00:00-00:00,2025-07-04,2,0,Hourly,RU,AS_NP26_EXP,DAM,RU_CLR_PRC,0.41943,16
2025-07-04T09:00:00-00:00,2025-07-04T10:00:00-00:00,2025-07-04,3,0,Hourly,RU,AS_NP26_EXP,DAM,RU_CLR_PRC,1.135,16
2025-07-04T12:00:00-00:00,2025-07-04T13:00:00-00:00,2025-07-04,6,0,Hourly,RU,AS_NP26,DAM,RU_CLR_PRC,0,16
2025-07-04T12:00:00-00:00,2025-07-04T13:00:00-00:00,2025-07-04,6,0,Hourly,RU,AS_SP26,DAM,RU_CLR_PRC,0,16
2025-07-04T13:00:00-00:00,2025-07-04T14:00:00-00:00,2025-07-04,7,0,Hourly,RU,AS_CAISO_EXP,DAM,RU_CLR_PRC,8,16
2025-07-04T13:00:00-00:00,2025-07-04T14:00:00-00:00,2025-07-04,7,0,Hourly,RU,AS_SP26_EXP,DAM,RU_CLR_PRC,1.12174,16
2025-07-04T14:00:00-00:00,2025-07-04T15:00:00-00:00,2025-07-04,8,0,Hourly,RU,AS_SP26,DAM,RU_CLR_PRC,0,16
2025-07-04T16:00:00-00:00,2025-07-04T17:00:00-00:00,2025-07-04,10,0,Hourly,RU,AS_CAISO,DAM,RU_CLR_PRC,0,16
2025-07-04T16:00:00-00:00,2025-07-04T17:00:00-00:00,2025-07-04,10,0,Hourly,RU,AS_CAISO_EXP,DAM,RU_CLR_PRC,1.7,16
2025-07-04T17:00:00-00:00,2025-07-04T18:00:00-00:00,2025-07-04,11,0,Hourly,RU,AS_NP26,DAM,RU_CLR_PRC,0,16
2025-07-04T17:00:00-00:00,2025-07-04T18:00:00-00:00,2025-07-04,11,0,Hourly,RU,AS_SP26_EXP,DAM,RU_CLR_PRC,0,16
2025-07-04T19:00:00-00:00,2025-07-04T20:00:00-00:00,2025-07-04,13,0,Hourly,RU,AS_NP26_EXP,DAM,RU_CLR_PRC,0.2057,16
2025-07-04T21:00:00-00:00,2025-07-04T22:00:00-00:00,2025-07-04,15,0,Hourly,RU,AS_NP26_EXP,DAM,RU_CLR_PRC,1.75676,16
2025-07-05T00:00:00-00:00,2025-07-05T01:00:00-00:00,2025-07-04,18,0,Hourly,RU,AS_SP26_EXP,DAM,RU_CLR_PRC,0,16
2025-07-05T01:00:00-00:00,2025-07-05T02:00:00-00:00,2025-07-04,19,0,Hourly,RU,AS_CAISO_EXP,DAM,RU_CLR_PRC,1.00664,16
2025-07-05T02:00:00-00:00,2025-07-05T03:00:00-00:00,2025-07-04,20,0,Hourly,RU,AS_CAISO,DAM,RU_CLR_PRC,0,16
2025-07-05T03:00:00-00:00,2025-07-05T04:00:00-00:00,2025-07-04,21,0,Hourly,RU,AS_CAISO,DAM,RU_CLR_PRC,0,16
2025-07-05T03:00:00-00:00,2025-07-05T04:00:00-00:00,2025-07-04,21,0,Hourly,RU,AS_SP26,DAM,RU_CLR_PRC,0,16
2025-07-05T03:00:00-00:00,2025-07-05T04:00:00-00:00,2025-07-04,21,0,Hourly,RU,AS_SP26_EXP,DAM,RU_CLR_PRC,0,16
2025-07-05T04:00:00-00:00,2025-07-05T05:00:00-00:00,2025-07-04,22,0,Hourly,RU,AS_SP26_EXP,DAM,RU_CLR_PRC,0,16
2025-07-05T05:00:00-00:00,2025-07-05T06:00:00-00:00,2025-07-04,23,0,Hourly,RU,AS_NP26_EXP,DAM,RU_CLR_PRC,2.1557,16
2025-07-05T05:00:00-00:00,2025-07-05T06:00:00-00:00,2025-07-04,23,0,Hourly,RU,AS_SP26,DAM,RU_CLR_PRC,0,16
2025-07-04T07:00:00-00:00,2025-07-04T08:00:00-00:00,2025-07-04,1,0,Hourly,RU,AS_SP26,DAM,RU_CLR_PRC,0,16
2025-07-04T09:00:00-00:00,2025-07-04T10:00:00-00:00,2025-07-04,3,0,Hourly,RU,AS_SP26_EXP,DAM,RU_CLR_PRC,0,16
2025-07-04T10:00:00-00:00,2025-07-04T11:00:00-00:00,2025-07-04,4,0,Hourly,RU,AS_NP26_EXP,DAM,RU_CLR_PRC,1.381,16
2025-07-04T11:00:00-00:00,2025-07-04T12:00:00-00:00,2025-07-04,5,0,Hourly,RU,AS_NP26,DAM,RU_CLR_PRC,0,16
2025-07-04T12:00:00-00:00,2025-07-04T13:00:00-00:00,2025-07-04,6,0,Hourly,RU,AS_NP26_EXP,DAM,RU_CLR_PRC,2.51574,16
2025-07-04T15:00:00-00:00,2025-07-04T16:00:00-00:00,2025-07-04,9,0,Hourly,RU,AS_NP26_EXP,DAM,RU_CLR_PRC,0,16
2025-07-04T18:00:00-00:00,2025-07-04T19:00:00-00:00,2025-07-04,12,0,Hourly,RU,AS_CAISO,DAM,RU_CLR_PRC,0,16
2025-07-04T18:00:00-00:00,2025-07-04T19:00:00-00:00,2025-07-04,12,0,Hourly,RU,AS_NP26,DAM,RU_CLR_PRC,0,16
2025-07-04T20:00:00-00:00,2025-07-04T21:00:00-00:00,2025-07-04,14,0,Hourly,RU,AS_NP26,DAM,RU_CLR_PRC,0,16
2025-07-04T21:00:00-00:00,2025-07-04T22:00:00-00:00,2025-07-04,15,0,Hourly,RU,AS_SP26_EXP,DAM,RU_CLR_PRC,0,16
2025-07-04T22:00:00-00:00,2025-07-04T23:00:00-00:00,2025-07-04,16,0,Hourly,RU,AS_CAISO_EXP,DAM,RU_CLR_PRC,1.98,16
2025-07-04T22:00:00-00:00,2025-07-04T23:00:00-00:00,2025-07-04,16,0,Hourly,RU,AS_SP26_EXP,DAM,RU_CLR_PRC,0,16
2025-07-04T23:00:00-00:00,2025-07-05T00:00:00-00:00,2025-07-04,17,0,Hourly,RU,AS_CAISO,DAM,RU_CLR_PRC,0,16
2025-07-05T00:00:00-00:00,2025-07-05T01:00:00-00:00,2025-07-04,18,0,Hourly,RU,AS_SP26,DAM,RU_CLR_PRC,0,16
2025-07-05T03:00:00-00:00,2025-07-05T04:00:00-00:00,2025-07-04,21,0,Hourly,RU,AS_CAISO_EXP,DAM,RU_CLR_PRC,2.365,16
2025-07-05T04:00:00-00:00,2025-07-05T05:00:00-00:00,2025-07-04,22,0,Hourly,RU,AS_NP26_EXP,DAM,RU_CLR_PRC,2.015,16
2025-07-05T06:00:00-00:00,2025-07-05T07:00:00-00:00,2025-07-04,24,0,Hourly,RU,AS_SP26_EXP,DAM,RU_CLR_PRC,0,16
2025-07-04T07:00:00-00:00,2025-07-04T08:00:00-00:00,2025-07-04,1,0,Hourly,RU,AS_CAISO,DAM,RU_CLR_PRC,0,16
2025-07-04T10:00:00-00:00,2025-07-04T11:00:00-00:00,2025-07-04,4,0,Hourly,RU,AS_SP26_EXP,DAM,RU_CLR_PRC,0,16
2025-07-04T11:00:00-00:00,2025-07-04T12:00:00-00:00,2025-07-04,5,0,Hourly,RU,AS_SP26_EXP,DAM,RU_CLR_PRC,0,16
2025-07-04T14:00:00-00:00,2025-07-04T15:00:00-00:00,2025-07-04,8,0,Hourly,RU,AS_CAISO,DAM,RU_CLR_PRC,0,16
2025-07-04T15:00:00-00:00,2025-07-04T16:00:00-00:00,2025-07-04,9,0,Hourly,RU,AS_SP26_EXP,DAM,RU_CLR_PRC,0,16
2025-07-04T16:00:00-00:00,2025-07-04T17:00:00-00:00,2025-07-04,10,0,Hourly,RU,AS_SP26,DAM,RU_CLR_PRC,0,16
2025-07-04T17:00:00-00:00,2025-07-04T18:00:00-00:00,2025-07-04,11,0,Hourly,RU,AS_SP26,DAM,RU_CLR_PRC,0,16
2025-07-04T20:00:00-00:00,2025-07-04T21:00:00-00:00,2025-07-04,14,0,Hourly,RU,AS_SP26,DAM,RU_CLR_PRC,0,16
2025-07-04T20:00:00-00:00,2025-07-04T21:00:00-00:00,2025-07-04,14,0,Hourly,RU,AS_CAISO_EXP,DAM,RU_CLR_PRC,1.63689,16
2025-07-04T21:00:00-00:00,2025-07-04T22:00:00-00:00,2025-07-04,15,0,Hourly,RU,AS_CAISO,DAM,RU_CLR_PRC,0,16
2025-07-04T21:00:00-00:00,2025-07-04T22:00:00-00:00,2025-07-04,15,0,Hourly,RU,AS_CAISO_EXP,DAM,RU_CLR_PRC,2,16
2025-07-04T23:00:00-00:00,2025-07-05T00:00:00-00:00,2025-07-04,17,0,Hourly,RU,AS_NP26_EXP,DAM,RU_CLR_PRC,0.96995,16
2025-07-04T23:00:00-00:00,2025-07-05T00:00:00-00:00,2025-07-04,17,0,Hourly,RU,AS_SP26_EXP,DAM,RU_CLR_PRC,0,16
2025-07-05T00:00:00-00:00,2025-07-05T01:00:00-00:00,2025-07-04,18,0,Hourly,RU,AS_CAISO,DAM,RU_CLR_PRC,0,16
2025-07-05T01:00:00-00:00,2025-07-05T02:00:00-00:00,2025-07-04,19,0,Hourly,RU,AS_CAISO,DAM,RU_CLR_PRC,0,16
2025-07-05T01:00:00-00:00,2025-07-05T02:00:00-00:00,2025-07-04,19,0,Hourly,RU,AS_SP26_EXP,DAM,RU_CLR_PRC,0,16
2025-07-05T02:00:00-00:00,2025-07-05T03:00:00-00:00,2025-07-04,20,0,Hourly,RU,AS_NP26,DAM,RU_CLR_PRC,0,16
2025-07-05T02:00:00-00:00,2025-07-05T03:00:00-00:00,2025-07-04,20,0,Hourly,RU,AS_NP26_EXP,DAM,RU_CLR_PRC,8.47896,16
2025-07-05T04:00:00-00:00,2025-07-05T05:00:00-00:00,2025-07-04,22,0,Hourly,RU,AS_CAISO_EXP,DAM,RU_CLR_PRC,2.29,16
2025-07-05T06:00:00-00:00,2025-07-05T07:00:00-00:00,2025-07-04,24,0,Hourly,RU,AS_CAISO_EXP,DAM,RU_CLR_PRC,4.22,16
2025-07-05T06:00:00-00:00,2025-07-05T07:00:00-00:00,2025-07-04,24,0,Hourly,RU,AS_NP26,DAM,RU_CLR_PRC,0,16
2025-07-05T06:00:00-00:00,2025-07-05T07:00:00-00:00,2025-07-04,24,0,Hourly,RU,AS_SP26,DAM,RU_CLR_PRC,0,16
2025-07-04T07:00:00-00:00,2025-07-04T08:00:00-00:00,2025-07-04,1,0,Hourly,RU,AS_CAISO_EXP,DAM,RU_CLR_PRC,1.77975,16
2025-07-04T08:00:00-00:00,2025-07-04T09:00:00-00:00,2025-07-04,2,0,Hourly,RU,AS_CAISO,DAM,RU_CLR_PRC,0,16
2025-07-04T08:00:00-00:00,2025-07-04T09:00:00-00:00,2025-07-04,2,0,Hourly,RU,AS_SP26,DAM,RU_CLR_PRC,0,16
2025-07-04T10:00:00-00:00,2025-07-04T11:00:00-00:00,2025-07-04,4,0,Hourly,RU,AS_SP26,DAM,RU_CLR_PRC,0,16
2025-07-04T12:00:00-00:00,2025-07-04T13:00:00-00:00,2025-07-04,6,0,Hourly,RU,AS_CAISO_EXP,DAM,RU_CLR_PRC,2.10388,16
2025-07-04T12:00:00-00:00,2025-07-04T13:00:00-00:00,2025-07-04,6,0,Hourly,RU,AS_SP26_EXP,DAM,RU_CLR_PRC,0,16
2025-07-04T13:00:00-00:00,2025-07-04T14:00:00-00:00,2025-07-04,7,0,Hourly,RU,AS_CAISO,DAM,RU_CLR_PRC,0,16
2025-07-04T13:00:00-00:00,2025-07-04T14:00:00-00:00,2025-07-04,7,0,Hourly,RU,AS_NP26,DAM,RU_CLR_PRC,0,16
2025-07-04T13:00:00-00:00,2025-07-04T14:00:00-00:00,2025-07-04,7,0,Hourly,RU,AS_NP26_EXP,DAM,RU_CLR_PRC,0,16
2025-07-04T14:00:00-00:00,2025-07-04T15:00:00-00:00,2025-07-04,8,0,Hourly,RU,AS_CAISO_EXP,DAM,RU_CLR_PRC,4.8858,16
2025-07-04T14:00:00-00:00,2025-07-04T15:00:00-00:00,2025-07-04,8,0,Hourly,RU,AS_NP26_EXP,DAM,RU_CLR_PRC,0,16
2025-07-04T15:00:00-00:00,2025-07-04T16:00:00-00:00,2025-07-04,9,0,Hourly,RU,AS_CAISO_EXP,DAM,RU_CLR_PRC,2.19623,16
2025-07-04T15:00:00-00:00,2025-07-04T16:00:00-00:00,2025-07-04,9,0,Hourly,RU,AS_NP26,DAM,RU_CLR_PRC,0,16
2025-07-04T16:00:00-00:00,2025-07-04T17:00:00-00:00,2025-07-04,10,0,Hourly,RU,AS_NP26,DAM,RU_CLR_PRC,0,16
2025-07-04T16:00:00-00:00,2025-07-04T17:00:00-00:00,2025-07-04,10,0,Hourly,RU,AS_SP26_EXP,DAM,RU_CLR_PRC,0,16
2025-07-04T17:00:00-00:00,2025-07-04T18:00:00-00:00,2025-07-04,11,0,Hourly,RU,AS_NP26_EXP,DAM,RU_CLR_PRC,0.17547,16
2025-07-04T18:00:00-00:00,2025-07-04T19:00:00-00:00,2025-07-04,12,0,Hourly,RU,AS_NP26_EXP,DAM,RU_CLR_PRC,0.5339,16
2025-07-04T18:00:00-00:00,2025-07-04T19:00:00-00:00,2025-07-04,12,0,Hourly,RU,AS_SP26,DAM,RU_CLR_PRC,0,16
2025-07-04T18:00:00-00:00,2025-07-04T19:00:00-00:00,2025-07-04,12,0,Hourly,RU,AS_SP26_EXP,DAM,RU_CLR_PRC,0,16
2025-07-04T21:00:00-00:00,2025-07-04T22:00:00-00:00,2025-07-04,15,0,Hourly,RU,AS_NP26,DAM,RU_CLR_PRC,0,16
2025-07-04T21:00:00-00:00,2025-07-04T22:00:00-00:00,2025-07-04,15,0,Hourly,RU,AS_SP26,DAM,RU_CLR_PRC,0,16
2025-07-04T22:00:00-00:00,2025-07-04T23:00:00-00:00,2025-07-04,16,0,Hourly,RU,AS_SP26,DAM,RU_CLR_PRC,0,16
2025-07-04T23:00:00-00:00,2025-07-05T00:00:00-00:00,2025-07-04,17,0,Hourly,RU,AS_NP26,DAM,RU_CLR_PRC,0,16
2025-07-05T00:00:00-00:00,2025-07-05T01:00:00-00:00,2025-07-04,18,0,Hourly,RU,AS_NP26_EXP,DAM,RU_CLR_PRC,0.5981,16
2025-07-05T03:00:00-00:00,2025-07-05T04:00:00-00:00,2025-07-04,21,0,Hourly,RU,AS_NP26,DAM,RU_CLR_PRC,0,16
2025-07-05T03:00:00-00:00,2025-07-05T04:00:00-00:00,2025-07-04,21,0,Hourly,RU,AS_NP26_EXP,DAM,RU_CLR_PRC,3.635,16
2025-07-04T07:00:00-00:00,2025-07-04T08:00:00-00:00,2025-07-04,1,0,Hourly,RU,AS_NP26,DAM,RU_CLR_PRC,0,16
2025-07-04T08:00:00-00:00,2025-07-04T09:00:00-00:00,2025-07-04,2,0,Hourly,RU,AS_CAISO_EXP,DAM,RU_CLR_PRC,1.90364,16
2025-07-04T09:00:00-00:00,2025-07-04T10:00:00-00:00,2025-07-04,3,0,Hourly,RU,AS_CAISO,DAM,RU_CLR_PRC,0,16
2025-07-04T14:00:00-00:00,2025-07-04T15:00:00-00:00,2025-07-04,8,0,Hourly,RU,AS_SP26_EXP,DAM,RU_CLR_PRC,0,16
2025-07-04T15:00:00-00:00,2025-07-04T16:00:00-00:00,2025-07-04,9,0,Hourly,RU,AS_SP26,DAM,RU_CLR_PRC,0,16
2025-07-04T17:00:00-00:00,2025-07-04T18:00:00-00:00,2025-07-04,11,0,Hourly,RU,AS_CAISO_EXP,DAM,RU_CLR_PRC,1.66379,16
2025-07-04T19:00:00-00:00,2025-07-04T20:00:00-00:00,2025-07-04,13,0,Hourly,RU,AS_CAISO_EXP,DAM,RU_CLR_PRC,1.77285,16
2025-07-04T19:00:00-00:00,2025-07-04T20:00:00-00:00,2025-07-04,13,0,Hourly,RU,AS_NP26,DAM,RU_CLR_PRC,0,16
2025-07-05T02:00:00-00:00,2025-07-05T03:00:00-00:00,2025-07-04,20,0,Hourly,RU,AS_SP26,DAM,RU_CLR_PRC,0,16
2025-07-05T04:00:00-00:00,2025-07-05T05:00:00-00:00,2025-07-04,22,0,Hourly,RU,AS_CAISO,DAM,RU_CLR_PRC,0,16
2025-07-05T04:00:00-00:00,2025-07-05T05:00:00-00:00,2025-07-04,22,0,Hourly,RU,AS_SP26,DAM,RU_CLR_PRC,0,16
2025-07-05T05:00:00-00:00,2025-07-05T06:00:00-00:00,2025-07-04,23,0,Hourly,RU,AS_NP26,DAM,RU_CLR_PRC,0,16
2025-07-05T06:00:00-00:00,2025-07-05T07:00:00-00:00,2025-07-04,24,0,Hourly,RU,AS_NP26_EXP,DAM,RU_CLR_PRC,0,16
2025-07-04T09:00:00-00:00,2025-07-04T10:00:00-00:00,2025-07-04,3,0,Hourly,RU,AS_NP26,DAM,RU_CLR_PRC,0,16
2025-07-04T09:00:00-00:00,2025-07-04T10:00:00-00:00,2025-07-04,3,0,Hourly,RU,AS_SP26,DAM,RU_CLR_PRC,0,16
2025-07-04T11:00:00-00:00,2025-07-04T12:00:00-00:00,2025-07-04,5,0,Hourly,RU,AS_CAISO,DAM,RU_CLR_PRC,0,16
2025-07-04T11:00:00-00:00,2025-07-04T12:00:00-00:00,2025-07-04,5,0,Hourly,RU,AS_SP26,DAM,RU_CLR_PRC,0,16
2025-07-04T12:00:00-00:00,2025-07-04T13:00:00-00:00,2025-07-04,6,0,Hourly,RU,AS_CAISO,DAM,RU_CLR_PRC,0,16
2025-07-04T15:00:00-00:00,2025-07-04T16:00:00-00:00,2025-07-04,9,0,Hourly,RU,AS_CAISO,DAM,RU_CLR_PRC,0,16
2025-07-04T19:00:00-00:00,2025-07-04T20:00:00-00:00,2025-07-04,13,0,Hourly,RU,AS_CAISO,DAM,RU_CLR_PRC,0,16
2025-07-04T19:00:00-00:00,2025-07-04T20:00:00-00:00,2025-07-04,13,0,Hourly,RU,AS_SP26,DAM,RU_CLR_PRC,0,16
2025-07-04T20:00:00-00:00,2025-07-04T21:00:00-00:00,2025-07-04,14,0,Hourly,RU,AS_SP26_EXP,DAM,RU_CLR_PRC,0,16
2025-07-04T22:00:00-00:00,2025-07-04T23:00:00-00:00,2025-07-04,16,0,Hourly,RU,AS_NP26,DAM,RU_CLR_PRC,0,16
2025-07-04T23:00:00-00:00,2025-07-05T00:00:00-00:00,2025-07-04,17,0,Hourly,RU,AS_CAISO_EXP,DAM,RU_CLR_PRC,2.63036,16
2025-07-05T00:00:00-00:00,2025-07-05T01:00:00-00:00,2025-07-04,18,0,Hourly,RU,AS_NP26,DAM,RU_CLR_PRC,0,16
2025-07-05T01:00:00-00:00,2025-07-05T02:00:00-00:00,2025-07-04,19,0,Hourly,RU,AS_SP26,DAM,RU_CLR_PRC,0,16
2025-07-05T05:00:00-00:00,2025-07-05T06:00:00-00:00,2025-07-04,23,0,Hourly,RU,AS_CAISO,DAM,RU_CLR_PRC,0,16
2025-07-05T06:00:00-00:00,2025-07-05T07:00:00-00:00,2025-07-04,24,0,Hourly,RU,AS_CAISO,DAM,RU_CLR_PRC,0,16
2025-07-04T07:00:00-00:00,2025-07-04T08:00:00-00:00,2025-07-04,1,0,Hourly,RU,AS_NP26_EXP,DAM,RU_CLR_PRC,0.48253,16
2025-07-04T07:00:00-00:00,2025-07-04T08:00:00-00:00,2025-07-04,1,0,Hourly,RU,AS_SP26_EXP,DAM,RU_CLR_PRC,0,16
2025-07-04T08:00:00-00:00,2025-07-04T09:00:00-00:00,2025-07-04,2,0,Hourly,RU,AS_NP26,DAM,RU_CLR_PRC,0,16
2025-07-04T08:00:00-00:00,2025-07-04T09:00:00-00:00,2025-07-04,2,0,Hourly,RU,AS_SP26_EXP,DAM,RU_CLR_PRC,0,16
2025-07-04T09:00:00-00:00,2025-07-04T10:00:00-00:00,2025-07-04,3,0,Hourly,RU,AS_CAISO_EXP,DAM,RU_CLR_PRC,1,16
2025-07-04T11:00:00-00:00,2025-07-04T12:00:00-00:00,2025-07-04,5,0,Hourly,RU,AS_NP26_EXP,DAM,RU_CLR_PRC,1.5,16
2025-07-04T14:00:00-00:00,2025-07-04T15:00:00-00:00,2025-07-04,8,0,Hourly,RU,AS_NP26,DAM,RU_CLR_PRC,0,16
2025-07-04T16:00:00-00:00,2025-07-04T17:00:00-00:00,2025-07-04,10,0,Hourly,RU,AS_NP26_EXP,DAM,RU_CLR_PRC,0,16
2025-07-05T01:00:00-00:00,2025-07-05T02:00:00-00:00,2025-07-04,19,0,Hourly,RU,AS_NP26,DAM,RU_CLR_PRC,0,16
2025-07-05T02:00:00-00:00,2025-07-05T03:00:00-00:00,2025-07-04,20,0,Hourly,RU,AS_CAISO_EXP,DAM,RU_CLR_PRC,1.27104,16
2025-07-05T02:00:00-00:00,2025-07-05T03:00:00-00:00,2025-07-04,20,0,Hourly,RU,AS_SP26_EXP,DAM,RU_CLR_PRC,0,16
2025-07-05T14:00:00-00:00,2025-07-05T15:00:00-00:00,2025-07-05,8,0,Hourly,RU,AS_NP26,DAM,RU_CLR_PRC,0,17
2025-07-05T15:00:00-00:00,2025-07-05T16:00:00-00:00,2025-07-05,9,0,Hourly,RU,AS_NP26_EXP,DAM,RU_CLR_PRC,0,17
2025-07-05T15:00:00-00:00,2025-07-05T16:00:00-00:00,2025-07-05,9,0,Hourly,RU,AS_SP26,DAM,RU_CLR_PRC,0,17
2025-07-05T16:00:00-00:00,2025-07-05T17:00:00-00:00,2025-07-05,10,0,Hourly,RU,AS_NP26_EXP,DAM,RU_CLR_PRC,0.17872,17
2025-07-05T18:00:00-00:00,2025-07-05T19:00:00-00:00,2025-07-05,12,0,Hourly,RU,AS_SP26,DAM,RU_CLR_PRC,0,17
2025-07-05T19:00:00-00:00,2025-07-05T20:00:00-00:00,2025-07-05,13,0,Hourly,RU,AS_NP26,DAM,RU_CLR_PRC,0,17
2025-07-05T23:00:00-00:00,2025-07-06T00:00:00-00:00,2025-07-05,17,0,Hourly,RU,AS_CAISO,DAM,RU_CLR_PRC,0,17
2025-07-06T01:00:00-00:00,2025-07-06T02:00:00-00:00,2025-07-05,19,0,Hourly,RU,AS_SP26,DAM,RU_CLR_PRC,0,17
2025-07-06T02:00:00-00:00,2025-07-06T03:00:00-00:00,2025-07-05,20,0,Hourly,RU,AS_CAISO,DAM,RU_CLR_PRC,0,17
2025-07-06T02:00:00-00:00,2025-07-06T03:00:00-00:00,2025-07-05,20,0,Hourly,RU,AS_CAISO_EXP,DAM,RU_CLR_PRC,1.61429,17
2025-07-06T02:00:00-00:00,2025-07-06T03:00:00-00:00,2025-07-05,20,0,Hourly,RU,AS_NP26_EXP,DAM,RU_CLR_PRC,4.38571,17
2025-07-06T03:00:00-00:00,2025-07-06T04:00:00-00:00,2025-07-05,21,0,Hourly,RU,AS_CAISO,DAM,RU_CLR_PRC,0,17
2025-07-06T04:00:00-00:00,2025-07-06T05:00:00-00:00,2025-07-05,22,0,Hourly,RU,AS_NP26_EXP,DAM,RU_CLR_PRC,2.21081,17
2025-07-06T04:00:00-00:00,2025-07-06T05:00:00-00:00,2025-07-05,22,0,Hourly,RU,AS_SP26,DAM,RU_CLR_PRC,0,17
2025-07-06T06:00:00-00:00,2025-07-06T07:00:00-00:00,2025-07-05,24,0,Hourly,RU,AS_CAISO,DAM,RU_CLR_PRC,0,17
2025-07-06T06:00:00-00:00,2025-07-06T07:00:00-00:00,2025-07-05,24,0,Hourly,RU,AS_SP26,DAM,RU_CLR_PRC,0,17
2025-07-05T20:00:00-00:00,2025-07-05T21:00:00-00:00,2025-07-05,14,0,Hourly,RU,AS_SP26,DAM,RU_CLR_PRC,0,17
2025-07-05T22:00:00-00:00,2025-07-05T23:00:00-00:00,2025-07-05,16,0,Hourly,RU,AS_CAISO_EXP,DAM,RU_CLR_PRC,1.07,17
2025-07-06T02:00:00-00:00,2025-07-06T03:00:00-00:00,2025-07-05,20,0,Hourly,RU,AS_SP26,DAM,RU_CLR_PRC,0,17
2025-07-06T03:00:00-00:00,2025-07-06T04:00:00-00:00,2025-07-05,21,0,Hourly,RU,AS_CAISO_EXP,DAM,RU_CLR_PRC,1.84089,17
2025-07-06T04:00:00-00:00,2025-07-06T05:00:00-00:00,2025-07-05,22,0,Hourly,RU,AS_CAISO,DAM,RU_CLR_PRC,0,17
2025-07-06T05:00:00-00:00,2025-07-06T06:00:00-00:00,2025-07-05,23,0,Hourly,RU,AS_CAISO,DAM,RU_CLR_PRC,0,17
2025-07-06T06:00:00-00:00,2025-07-06T07:00:00-00:00,2025-07-05,24,0,Hourly,RU,AS_NP26_EXP,DAM,RU_CLR_PRC,0,17
2025-07-06T06:00:00-00:00,2025-07-06T07:00:00-00:00,2025-07-05,24,0,Hourly,RU,AS_SP26_EXP,DAM,RU_CLR_PRC,0,17
2025-07-05T08:00:00-00:00,2025-07-05T09:00:00-00:00,2025-07-05,2,0,Hourly,RU,AS_CAISO,DAM,RU_CLR_PRC,0,17
2025-07-05T10:00:00-00:00,2025-07-05T11:00:00-00:00,2025-07-05,4,0,Hourly,RU,AS_NP26,DAM,RU_CLR_PRC,0,17
2025-07-05T11:00:00-00:00,2025-07-05T12:00:00-00:00,2025-07-05,5,0,Hourly,RU,AS_CAISO,DAM,RU_CLR_PRC,0,17
2025-07-05T11:00:00-00:00,2025-07-05T12:00:00-00:00,2025-07-05,5,0,Hourly,RU,AS_SP26_EXP,DAM,RU_CLR_PRC,0,17
2025-07-05T12:00:00-00:00,2025-07-05T13:00:00-00:00,2025-07-05,6,0,Hourly,RU,AS_SP26,DAM,RU_CLR_PRC,0,17
2025-07-05T15:00:00-00:00,2025-07-05T16:00:00-00:00,2025-07-05,9,0,Hourly,RU,AS_NP26,DAM,RU_CLR_PRC,0,17
2025-07-05T15:00:00-00:00,2025-07-05T16:00:00-00:00,2025-07-05,9,0,Hourly,RU,AS_SP26_EXP,DAM,RU_CLR_PRC,0,17
2025-07-05T17:00:00-00:00,2025-07-05T18:00:00-00:00,2025-07-05,11,0,Hourly,RU,AS_SP26,DAM,RU_CLR_PRC,0,17
2025-07-05T19:00:00-00:00,2025-07-05T20:00:00-00:00,2025-07-05,13,0,Hourly,RU,AS_NP26_EXP,DAM,RU_CLR_PRC,0.14119,17
2025-07-05T21:00:00-00:00,2025-07-05T22:00:00-00:00,2025-07-05,15,0,Hourly,RU,AS_CAISO,DAM,RU_CLR_PRC,0,17
2025-07-05T21:00:00-00:00,2025-07-05T22:00:00-00:00,2025-07-05,15,0,Hourly,RU,AS_SP26,DAM,RU_CLR_PRC,0,17
2025-07-05T22:00:00-00:00,2025-07-05T23:00:00-00:00,2025-07-05,16,0,Hourly,RU,AS_SP26,DAM,RU_CLR_PRC,0,17
2025-07-05T23:00:00-00:00,2025-07-06T00:00:00-00:00,2025-07-05,17,0,Hourly,RU,AS_CAISO_EXP,DAM,RU_CLR_PRC,2,17
2025-07-06T01:00:00-00:00,2025-07-06T02:00:00-00:00,2025-07-05,19,0,Hourly,RU,AS_SP26_EXP,DAM,RU_CLR_PRC,0,17
2025-07-06T02:00:00-00:00,2025-07-06T03:00:00-00:00,2025-07-05,20,0,Hourly,RU,AS_NP26,DAM,RU_CLR_PRC,0,17
2025-07-06T03:00:00-00:00,2025-07-06T04:00:00-00:00,2025-07-05,21,0,Hourly,RU,AS_NP26,DAM,RU_CLR_PRC,0,17
2025-07-06T03:00:00-00:00,2025-07-06T04:00:00-00:00,2025-07-05,21,0,Hourly,RU,AS_SP26_EXP,DAM,RU_CLR_PRC,0,17
2025-07-06T05:00:00-00:00,2025-07-06T06:00:00-00:00,2025-07-05,23,0,Hourly,RU,AS_NP26_EXP,DAM,RU_CLR_PRC,1.27685,17
2025-07-06T06:00:00-00:00,2025-07-06T07:00:00-00:00,2025-07-05,24,0,Hourly,RU,AS_CAISO_EXP,DAM,RU_CLR_PRC,3.5,17
2025-07-05T07:00:00-00:00,2025-07-05T08:00:00-00:00,2025-07-05,1,0,Hourly,RU,AS_NP26,DAM,RU_CLR_PRC,0,17
2025-07-05T08:00:00-00:00,2025-07-05T09:00:00-00:00,2025-07-05,2,0,Hourly,RU,AS_SP26,DAM,RU_CLR_PRC,0,17
2025-07-05T09:00:00-00:00,2025-07-05T10:00:00-00:00,2025-07-05,3,0,Hourly,RU,AS_SP26_EXP,DAM,RU_CLR_PRC,0,17
2025-07-05T10:00:00-00:00,2025-07-05T11:00:00-00:00,2025-07-05,4,0,Hourly,RU,AS_CAISO,DAM,RU_CLR_PRC,0,17
2025-07-05T11:00:00-00:00,2025-07-05T12:00:00-00:00,2025-07-05,5,0,Hourly,RU,AS_NP26,DAM,RU_CLR_PRC,0,17
2025-07-05T11:00:00-00:00,2025-07-05T12:00:00-00:00,2025-07-05,5,0,Hourly,RU,AS_NP26_EXP,DAM,RU_CLR_PRC,0,17
2025-07-05T12:00:00-00:00,2025-07-05T13:00:00-00:00,2025-07-05,6,0,Hourly,RU,AS_CAISO_EXP,DAM,RU_CLR_PRC,4.75085,17
2025-07-05T14:00:00-00:00,2025-07-05T15:00:00-00:00,2025-07-05,8,0,Hourly,RU,AS_CAISO,DAM,RU_CLR_PRC,0,17
2025-07-05T14:00:00-00:00,2025-07-05T15:00:00-00:00,2025-07-05,8,0,Hourly,RU,AS_CAISO_EXP,DAM,RU_CLR_PRC,6.69473,17
2025-07-05T16:00:00-00:00,2025-07-05T17:00:00-00:00,2025-07-05,10,0,Hourly,RU,AS_CAISO_EXP,DAM,RU_CLR_PRC,1.49003,17
2025-07-05T16:00:00-00:00,2025-07-05T17:00:00-00:00,2025-07-05,10,0,Hourly,RU,AS_NP26,DAM,RU_CLR_PRC,0,17
2025-07-05T17:00:00-00:00,2025-07-05T18:00:00-00:00,2025-07-05,11,0,Hourly,RU,AS_CAISO,DAM,RU_CLR_PRC,0,17
2025-07-05T17:00:00-00:00,2025-07-05T18:00:00-00:00,2025-07-05,11,0,Hourly,RU,AS_CAISO_EXP,DAM,RU_CLR_PRC,0.17,17
2025-07-05T18:00:00-00:00,2025-07-05T19:00:00-00:00,2025-07-05,12,0,Hourly,RU,AS_SP26_EXP,DAM,RU_CLR_PRC,0,17
2025-07-05T20:00:00-00:00,2025-07-05T21:00:00-00:00,2025-07-05,14,0,Hourly,RU,AS_SP26_EXP,DAM,RU_CLR_PRC,0,17
2025-07-05T22:00:00-00:00,2025-07-05T23:00:00-00:00,2025-07-05,16,0,Hourly,RU,AS_SP26_EXP,DAM,RU_CLR_PRC,0,17
2025-07-06T00:00:00-00:00,2025-07-06T01:00:00-00:00,2025-07-05,18,0,Hourly,RU,AS_NP26,DAM,RU_CLR_PRC,0,17
2025-07-06T03:00:00-00:00,2025-07-06T04:00:00-00:00,2025-07-05,21,0,Hourly,RU,AS_NP26_EXP,DAM,RU_CLR_PRC,4.15911,17
2025-07-05T08:00:00-00:00,2025-07-05T09:00:00-00:00,2025-07-05,2,0,Hourly,RU,AS_CAISO_EXP,DAM,RU_CLR_PRC,1.68808,17
2025-07-05T10:00:00-00:00,2025-07-05T11:00:00-00:00,2025-07-05,4,0,Hourly,RU,AS_CAISO_EXP,DAM,RU_CLR_PRC,0.72976,17
2025-07-05T11:00:00-00:00,2025-07-05T12:00:00-00:00,2025-07-05,5,0,Hourly,RU,AS_SP26,DAM,RU_CLR_PRC,0,17
2025-07-05T14:00:00-00:00,2025-07-05T15:00:00-00:00,2025-07-05,8,0,Hourly,RU,AS_SP26,DAM,RU_CLR_PRC,0,17
2025-07-05T18:00:00-00:00,2025-07-05T19:00:00-00:00,2025-07-05,12,0,Hourly,RU,AS_CAISO_EXP,DAM,RU_CLR_PRC,1.5647,17
2025-07-05T19:00:00-00:00,2025-07-05T20:00:00-00:00,2025-07-05,13,0,Hourly,RU,AS_CAISO_EXP,DAM,RU_CLR_PRC,2,17
2025-07-05T21:00:00-00:00,2025-07-05T22:00:00-00:00,2025-07-05,15,0,Hourly,RU,AS_CAISO_EXP,DAM,RU_CLR_PRC,2,17
2025-07-05T22:00:00-00:00,2025-07-05T23:00:00-00:00,2025-07-05,16,0,Hourly,RU,AS_CAISO,DAM,RU_CLR_PRC,0,17
2025-07-06T01:00:00-00:00,2025-07-06T02:00:00-00:00,2025-07-05,19,0,Hourly,RU,AS_CAISO_EXP,DAM,RU_CLR_PRC,2.39953,17
2025-07-06T05:00:00-00:00,2025-07-06T06:00:00-00:00,2025-07-05,23,0,Hourly,RU,AS_CAISO_EXP,DAM,RU_CLR_PRC,1,17
2025-07-06T06:00:00-00:00,2025-07-06T07:00:00-00:00,2025-07-05,24,0,Hourly,RU,AS_NP26,DAM,RU_CLR_PRC,0,17
2025-07-05T07:00:00-00:00,2025-07-05T08:00:00-00:00,2025-07-05,1,0,Hourly,RU,AS_CAISO,DAM,RU_CLR_PRC,0,17
2025-07-05T07:00:00-00:00,2025-07-05T08:00:00-00:00,2025-07-05,1,0,Hourly,RU,AS_SP26,DAM,RU_CLR_PRC,0,17
2025-07-05T09:00:00-00:00,2025-07-05T10:00:00-00:00,2025-07-05,3,0,Hourly,RU,AS_NP26_EXP,DAM,RU_CLR_PRC,1.44,17
2025-07-05T10:00:00-00:00,2025-07-05T11:00:00-00:00,2025-07-05,4,0,Hourly,RU,AS_NP26_EXP,DAM,RU_CLR_PRC,1.27024,17
2025-07-05T12:00:00-00:00,2025-07-05T13:00:00-00:00,2025-07-05,6,0,Hourly,RU,AS_CAISO,DAM,RU_CLR_PRC,0,17
2025-07-05T12:00:00-00:00,2025-07-05T13:00:00-00:00,2025-07-05,6,0,Hourly,RU,AS_SP26_EXP,DAM,RU_CLR_PRC,0,17
2025-07-05T13:00:00-00:00,2025-07-05T14:00:00-00:00,2025-07-05,7,0,Hourly,RU,AS_CAISO,DAM,RU_CLR_PRC,0,17
2025-07-05T13:00:00-00:00,2025-07-05T14:00:00-00:00,2025-07-05,7,0,Hourly,RU,AS_NP26_EXP,DAM,RU_CLR_PRC,0,17
2025-07-05T09:00:00-00:00,2025-07-05T10:00:00-00:00,2025-07-05,3,0,Hourly,RU,AS_CAISO,DAM,RU_CLR_PRC,0,17
2025-07-05T09:00:00-00:00,2025-07-05T10:00:00-00:00,2025-07-05,3,0,Hourly,RU,AS_CAISO_EXP,DAM,RU_CLR_PRC,0.56,17
2025-07-05T16:00:00-00:00,2025-07-05T17:00:00-00:00,2025-07-05,10,0,Hourly,RU,AS_SP26,DAM,RU_CLR_PRC,0,17
2025-07-05T17:00:00-00:00,2025-07-05T18:00:00-00:00,2025-07-05,11,0,Hourly,RU,AS_NP26,DAM,RU_CLR_PRC,0,17
2025-07-05T17:00:00-00:00,2025-07-05T18:00:00-00:00,2025-07-05,11,0,Hourly,RU,AS_SP26_EXP,DAM,RU_CLR_PRC,0,17
2025-07-05T19:00:00-00:00,2025-07-05T20:00:00-00:00,2025-07-05,13,0,Hourly,RU,AS_SP26_EXP,DAM,RU_CLR_PRC,0,17
2025-07-05T20:00:00-00:00,2025-07-05T21:00:00-00:00,2025-07-05,14,0,Hourly,RU,AS_NP26_EXP,DAM,RU_CLR_PRC,1.10036,17
2025-07-05T22:00:00-00:00,2025-07-05T23:00:00-00:00,2025-07-05,16,0,Hourly,RU,AS_NP26,DAM,RU_CLR_PRC,0,17
2025-07-05T22:00:00-00:00,2025-07-05T23:00:00-00:00,2025-07-05,16,0,Hourly,RU,AS_NP26_EXP,DAM,RU_CLR_PRC,1.78034,17
2025-07-05T23:00:00-00:00,2025-07-06T00:00:00-00:00,2025-07-05,17,0,Hourly,RU,AS_NP26,DAM,RU_CLR_PRC,0,17
2025-07-05T23:00:00-00:00,2025-07-06T00:00:00-00:00,2025-07-05,17,0,Hourly,RU,AS_SP26,DAM,RU_CLR_PRC,0,17
2025-07-06T00:00:00-00:00,2025-07-06T01:00:00-00:00,2025-07-05,18,0,Hourly,RU,AS_CAISO,DAM,RU_CLR_PRC,0,17
2025-07-06T00:00:00-00:00,2025-07-06T01:00:00-00:00,2025-07-05,18,0,Hourly,RU,AS_SP26,DAM,RU_CLR_PRC,0,17
2025-07-06T00:00:00-00:00,2025-07-06T01:00:00-00:00,2025-07-05,18,0,Hourly,RU,AS_SP26_EXP,DAM,RU_CLR_PRC,0,17
2025-07-06T01:00:00-00:00,2025-07-06T02:00:00-00:00,2025-07-05,19,0,Hourly,RU,AS_CAISO,DAM,RU_CLR_PRC,0,17
2025-07-06T03:00:00-00:00,2025-07-06T04:00:00-00:00,2025-07-05,21,0,Hourly,RU,AS_SP26,DAM,RU_CLR_PRC,0,17
2025-07-06T04:00:00-00:00,2025-07-06T05:00:00-00:00,2025-07-05,22,0,Hourly,RU,AS_NP26,DAM,RU_CLR_PRC,0,17
2025-07-06T05:00:00-00:00,2025-07-06T06:00:00-00:00,2025-07-05,23,0,Hourly,RU,AS_NP26,DAM,RU_CLR_PRC,0,17
2025-07-05T07:00:00-00:00,2025-07-05T08:00:00-00:00,2025-07-05,1,0,Hourly,RU,AS_SP26_EXP,DAM,RU_CLR_PRC,0,17
2025-07-05T09:00:00-00:00,2025-07-05T10:00:00-00:00,2025-07-05,3,0,Hourly,RU,AS_SP26,DAM,RU_CLR_PRC,0,17
2025-07-05T10:00:00-00:00,2025-07-05T11:00:00-00:00,2025-07-05,4,0,Hourly,RU,AS_SP26_EXP,DAM,RU_CLR_PRC,0,17
2025-07-05T11:00:00-00:00,2025-07-05T12:00:00-00:00,2025-07-05,5,0,Hourly,RU,AS_CAISO_EXP,DAM,RU_CLR_PRC,2,17
2025-07-05T12:00:00-00:00,2025-07-05T13:00:00-00:00,2025-07-05,6,0,Hourly,RU,AS_NP26_EXP,DAM,RU_CLR_PRC,0,17
2025-07-05T13:00:00-00:00,2025-07-05T14:00:00-00:00,2025-07-05,7,0,Hourly,RU,AS_NP26,DAM,RU_CLR_PRC,0,17
2025-07-05T15:00:00-00:00,2025-07-05T16:00:00-00:00,2025-07-05,9,0,Hourly,RU,AS_CAISO,DAM,RU_CLR_PRC,0,17
2025-07-05T16:00:00-00:00,2025-07-05T17:00:00-00:00,2025-07-05,10,0,Hourly,RU,AS_SP26_EXP,DAM,RU_CLR_PRC,0,17
2025-07-05T18:00:00-00:00,2025-07-05T19:00:00-00:00,2025-07-05,12,0,Hourly,RU,AS_NP26,DAM,RU_CLR_PRC,0,17
2025-07-05T20:00:00-00:00,2025-07-05T21:00:00-00:00,2025-07-05,14,0,Hourly,RU,AS_CAISO,DAM,RU_CLR_PRC,0,17
2025-07-06T00:00:00-00:00,2025-07-06T01:00:00-00:00,2025-07-05,18,0,Hourly,RU,AS_CAISO_EXP,DAM,RU_CLR_PRC,2,17
2025-07-06T02:00:00-00:00,2025-07-06T03:00:00-00:00,2025-07-05,20,0,Hourly,RU,AS_SP26_EXP,DAM,RU_CLR_PRC,0,17
2025-07-06T04:00:00-00:00,2025-07-06T05:00:00-00:00,2025-07-05,22,0,Hourly,RU,AS_CAISO_EXP,DAM,RU_CLR_PRC,1,17
2025-07-05T07:00:00-00:00,2025-07-05T08:00:00-00:00,2025-07-05,1,0,Hourly,RU,AS_NP26_EXP,DAM,RU_CLR_PRC,1.77,17
2025-07-05T08:00:00-00:00,2025-07-05T09:00:00-00:00,2025-07-05,2,0,Hourly,RU,AS_NP26,DAM,RU_CLR_PRC,0,17
2025-07-05T13:00:00-00:00,2025-07-05T14:00:00-00:00,2025-07-05,7,0,Hourly,RU,AS_SP26,DAM,RU_CLR_PRC,0,17
2025-07-05T14:00:00-00:00,2025-07-05T15:00:00-00:00,2025-07-05,8,0,Hourly,RU,AS_NP26_EXP,DAM,RU_CLR_PRC,0,17
2025-07-05T15:00:00-00:00,2025-07-05T16:00:00-00:00,2025-07-05,9,0,Hourly,RU,AS_CAISO_EXP,DAM,RU_CLR_PRC,2.27787,17
2025-07-05T17:00:00-00:00,2025-07-05T18:00:00-00:00,2025-07-05,11,0,Hourly,RU,AS_NP26_EXP,DAM,RU_CLR_PRC,1.69654,17
2025-07-05T21:00:00-00:00,2025-07-05T22:00:00-00:00,2025-07-05,15,0,Hourly,RU,AS_NP26,DAM,RU_CLR_PRC,0,17
2025-07-05T21:00:00-00:00,2025-07-05T22:00:00-00:00,2025-07-05,15,0,Hourly,RU,AS_NP26_EXP,DAM,RU_CLR_PRC,1.95452,17
2025-07-05T21:00:00-00:00,2025-07-05T22:00:00-00:00,2025-07-05,15,0,Hourly,RU,AS_SP26_EXP,DAM,RU_CLR_PRC,0,17
2025-07-05T23:00:00-00:00,2025-07-06T00:00:00-00:00,2025-07-05,17,0,Hourly,RU,AS_NP26_EXP,DAM,RU_CLR_PRC,1.8831,17
2025-07-05T23:00:00-00:00,2025-07-06T00:00:00-00:00,2025-07-05,17,0,Hourly,RU,AS_SP26_EXP,DAM,RU_CLR_PRC,0,17
2025-07-06T00:00:00-00:00,2025-07-06T01:00:00-00:00,2025-07-05,18,0,Hourly,RU,AS_NP26_EXP,DAM,RU_CLR_PRC,2.52102,17
2025-07-06T01:00:00-00:00,2025-07-06T02:00:00-00:00,2025-07-05,19,0,Hourly,RU,AS_NP26,DAM,RU_CLR_PRC,0,17
2025-07-06T01:00:00-00:00,2025-07-06T02:00:00-00:00,2025-07-05,19,0,Hourly,RU,AS_NP26_EXP,DAM,RU_CLR_PRC,5.02197,17
2025-07-06T04:00:00-00:00,2025-07-06T05:00:00-00:00,2025-07-05,22,0,Hourly,RU,AS_SP26_EXP,DAM,RU_CLR_PRC,0,17
2025-07-06T05:00:00-00:00,2025-07-06T06:00:00-00:00,2025-07-05,23,0,Hourly,RU,AS_SP26,DAM,RU_CLR_PRC,0,17
2025-07-06T05:00:00-00:00,2025-07-06T06:00:00-00:00,2025-07-05,23,0,Hourly,RU,AS_SP26_EXP,DAM,RU_CLR_PRC,0,17
2025-07-05T07:00:00-00:00,2025-07-05T08:00:00-00:00,2025-07-05,1,0,Hourly,RU,AS_CAISO_EXP,DAM,RU_CLR_PRC,2.14,17
2025-07-05T08:00:00-00:00,2025-07-05T09:00:00-00:00,2025-07-05,2,0,Hourly,RU,AS_NP26_EXP,DAM,RU_CLR_PRC,0.31192,17
2025-07-05T08:00:00-00:00,2025-07-05T09:00:00-00:00,2025-07-05,2,0,Hourly,RU,AS_SP26_EXP,DAM,RU_CLR_PRC,0,17
2025-07-05T09:00:00-00:00,2025-07-05T10:00:00-00:00,2025-07-05,3,0,Hourly,RU,AS_NP26,DAM,RU_CLR_PRC,0,17
2025-07-05T10:00:00-00:00,2025-07-05T11:00:00-00:00,2025-07-05,4,0,Hourly,RU,AS_SP26,DAM,RU_CLR_PRC,0,17
2025-07-05T12:00:00-00:00,2025-07-05T13:00:00-00:00,2025-07-05,6,0,Hourly,RU,AS_NP26,DAM,RU_CLR_PRC,0,17
2025-07-05T13:00:00-00:00,2025-07-05T14:00:00-00:00,2025-07-05,7,0,Hourly,RU,AS_CAISO_EXP,DAM,RU_CLR_PRC,6.6149,17
2025-07-05T13:00:00-00:00,2025-07-05T14:00:00-00:00,2025-07-05,7,0,Hourly,RU,AS_SP26_EXP,DAM,RU_CLR_PRC,0,17
2025-07-05T14:00:00-00:00,2025-07-05T15:00:00-00:00,2025-07-05,8,0,Hourly,RU,AS_SP26_EXP,DAM,RU_CLR_PRC,0,17
2025-07-05T16:00:00-00:00,2025-07-05T17:00:00-00:00,2025-07-05,10,0,Hourly,RU,AS_CAISO,DAM,RU_CLR_PRC,0,17
2025-07-05T18:00:00-00:00,2025-07-05T19:00:00-00:00,2025-07-05,12,0,Hourly,RU,AS_CAISO,DAM,RU_CLR_PRC,0,17
2025-07-05T18:00:00-00:00,2025-07-05T19:00:00-00:00,2025-07-05,12,0,Hourly,RU,AS_NP26_EXP,DAM,RU_CLR_PRC,0.13,17
2025-07-05T19:00:00-00:00,2025-07-05T20:00:00-00:00,2025-07-05,13,0,Hourly,RU,AS_CAISO,DAM,RU_CLR_PRC,0,17
2025-07-05T19:00:00-00:00,2025-07-05T20:00:00-00:00,2025-07-05,13,0,Hourly,RU,AS_SP26,DAM,RU_CLR_PRC,0,17
2025-07-05T20:00:00-00:00,2025-07-05T21:00:00-00:00,2025-07-05,14,0,Hourly,RU,AS_CAISO_EXP,DAM,RU_CLR_PRC,1.99065,17
2025-07-05T20:00:00-00:00,2025-07-05T21:00:00-00:00,2025-07-05,14,0,Hourly,RU,AS_NP26,DAM,RU_CLR_PRC,0,17
2025-07-07T00:00:00-00:00,2025-07-07T01:00:00-00:00,2025-07-06,18,0,Hourly,RU,AS_SP26,DAM,RU_CLR_PRC,0,18
2025-07-07T00:00:00-00:00,2025-07-07T01:00:00-00:00,2025-07-06,18,0,Hourly,RU,AS_SP26_EXP,DAM,RU_CLR_PRC,0,18
2025-07-07T02:00:00-00:00,2025-07-07T03:00:00-00:00,2025-07-06,20,0,Hourly,RU,AS_CAISO,DAM,RU_CLR_PRC,0,18
2025-07-07T04:00:00-00:00,2025-07-07T05:00:00-00:00,2025-07-06,22,0,Hourly,RU,AS_CAISO_EXP,DAM,RU_CLR_PRC,3.74374,18
2025-07-07T06:00:00-00:00,2025-07-07T07:00:00-00:00,2025-07-06,24,0,Hourly,RU,AS_SP26,DAM,RU_CLR_PRC,0,18
2025-07-06T07:00:00-00:00,2025-07-06T08:00:00-00:00,2025-07-06,1,0,Hourly,RU,AS_CAISO_EXP,DAM,RU_CLR_PRC,1.87501,18
2025-07-06T10:00:00-00:00,2025-07-06T11:00:00-00:00,2025-07-06,4,0,Hourly,RU,AS_SP26_EXP,DAM,RU_CLR_PRC,0,18
2025-07-06T15:00:00-00:00,2025-07-06T16:00:00-00:00,2025-07-06,9,0,Hourly,RU,AS_CAISO,DAM,RU_CLR_PRC,0,18
2025-07-06T16:00:00-00:00,2025-07-06T17:00:00-00:00,2025-07-06,10,0,Hourly,RU,AS_CAISO,DAM,RU_CLR_PRC,0,18
2025-07-06T18:00:00-00:00,2025-07-06T19:00:00-00:00,2025-07-06,12,0,Hourly,RU,AS_NP26,DAM,RU_CLR_PRC,0,18
2025-07-06T20:00:00-00:00,2025-07-06T21:00:00-00:00,2025-07-06,14,0,Hourly,RU,AS_CAISO_EXP,DAM,RU_CLR_PRC,2,18
2025-07-06T20:00:00-00:00,2025-07-06T21:00:00-00:00,2025-07-06,14,0,Hourly,RU,AS_NP26,DAM,RU_CLR_PRC,0,18
2025-07-07T00:00:00-00:00,2025-07-07T01:00:00-00:00,2025-07-06,18,0,Hourly,RU,AS_NP26,DAM,RU_CLR_PRC,0,18
2025-07-07T01:00:00-00:00,2025-07-07T02:00:00-00:00,2025-07-06,19,0,Hourly,RU,AS_SP26,DAM,RU_CLR_PRC,0,18
2025-07-07T03:00:00-00:00,2025-07-07T04:00:00-00:00,2025-07-06,21,0,Hourly,RU,AS_CAISO,DAM,RU_CLR_PRC,0,18
2025-07-07T03:00:00-00:00,2025-07-07T04:00:00-00:00,2025-07-06,21,0,Hourly,RU,AS_CAISO_EXP,DAM,RU_CLR_PRC,3.6818,18
2025-07-06T22:00:00-00:00,2025-07-06T23:00:00-00:00,2025-07-06,16,0,Hourly,RU,AS_CAISO,DAM,RU_CLR_PRC,0,18
2025-07-06T22:00:00-00:00,2025-07-06T23:00:00-00:00,2025-07-06,16,0,Hourly,RU,AS_NP26_EXP,DAM,RU_CLR_PRC,0.36684,18
2025-07-06T23:00:00-00:00,2025-07-07T00:00:00-00:00,2025-07-06,17,0,Hourly,RU,AS_SP26,DAM,RU_CLR_PRC,0,18
2025-07-06T23:00:00-00:00,2025-07-07T00:00:00-00:00,2025-07-06,17,0,Hourly,RU,AS_SP26_EXP,DAM,RU_CLR_PRC,0,18
2025-07-07T00:00:00-00:00,2025-07-07T01:00:00-00:00,2025-07-06,18,0,Hourly,RU,AS_CAISO,DAM,RU_CLR_PRC,0,18
2025-07-07T01:00:00-00:00,2025-07-07T02:00:00-00:00,2025-07-06,19,0,Hourly,RU,AS_CAISO,DAM,RU_CLR_PRC,0,18
2025-07-07T02:00:00-00:00,2025-07-07T03:00:00-00:00,2025-07-06,20,0,Hourly,RU,AS_CAISO_EXP,DAM,RU_CLR_PRC,1.92426,18
2025-07-07T04:00:00-00:00,2025-07-07T05:00:00-00:00,2025-07-06,22,0,Hourly,RU,AS_CAISO,DAM,RU_CLR_PRC,0,18
2025-07-07T04:00:00-00:00,2025-07-07T05:00:00-00:00,2025-07-06,22,0,Hourly,RU,AS_NP26,DAM,RU_CLR_PRC,0,18
2025-07-07T05:00:00-00:00,2025-07-07T06:00:00-00:00,2025-07-06,23,0,Hourly,RU,AS_CAISO,DAM,RU_CLR_PRC,0,18
2025-07-07T05:00:00-00:00,2025-07-07T06:00:00-00:00,2025-07-06,23,0,Hourly,RU,AS_SP26_EXP,DAM,RU_CLR_PRC,0,18
2025-07-07T06:00:00-00:00,2025-07-07T07:00:00-00:00,2025-07-06,24,0,Hourly,RU,AS_SP26_EXP,DAM,RU_CLR_PRC,0,18
2025-07-06T08:00:00-00:00,2025-07-06T09:00:00-00:00,2025-07-06,2,0,Hourly,RU,AS_CAISO,DAM,RU_CLR_PRC,0,18
2025-07-06T08:00:00-00:00,2025-07-06T09:00:00-00:00,2025-07-06,2,0,Hourly,RU,AS_CAISO_EXP,DAM,RU_CLR_PRC,1.05636,18
2025-07-06T11:00:00-00:00,2025-07-06T12:00:00-00:00,2025-07-06,5,0,Hourly,RU,AS_SP26_EXP,DAM,RU_CLR_PRC,0,18
2025-07-06T12:00:00-00:00,2025-07-06T13:00:00-00:00,2025-07-06,6,0,Hourly,RU,AS_NP26_EXP,DAM,RU_CLR_PRC,1.31955,18
2025-07-06T14:00:00-00:00,2025-07-06T15:00:00-00:00,2025-07-06,8,0,Hourly,RU,AS_CAISO_EXP,DAM,RU_CLR_PRC,2.47247,18
2025-07-06T16:00:00-00:00,2025-07-06T17:00:00-00:00,2025-07-06,10,0,Hourly,RU,AS_NP26_EXP,DAM,RU_CLR_PRC,0.08,18
2025-07-06T17:00:00-00:00,2025-07-06T18:00:00-00:00,2025-07-06,11,0,Hourly,RU,AS_NP26,DAM,RU_CLR_PRC,0,18
2025-07-06T17:00:00-00:00,2025-07-06T18:00:00-00:00,2025-07-06,11,0,Hourly,RU,AS_NP26_EXP,DAM,RU_CLR_PRC,0.33363,18
2025-07-06T18:00:00-00:00,2025-07-06T19:00:00-00:00,2025-07-06,12,0,Hourly,RU,AS_CAISO_EXP,DAM,RU_CLR_PRC,1.76741,18
2025-07-06T19:00:00-00:00,2025-07-06T20:00:00-00:00,2025-07-06,13,0,Hourly,RU,AS_CAISO_EXP,DAM,RU_CLR_PRC,1.07997,18
2025-07-06T19:00:00-00:00,2025-07-06T20:00:00-00:00,2025-07-06,13,0,Hourly,RU,AS_SP26,DAM,RU_CLR_PRC,0,18
2025-07-06T20:00:00-00:00,2025-07-06T21:00:00-00:00,2025-07-06,14,0,Hourly,RU,AS_SP26,DAM,RU_CLR_PRC,0,18
2025-07-06T20:00:00-00:00,2025-07-06T21:00:00-00:00,2025-07-06,14,0,Hourly,RU,AS_SP26_EXP,DAM,RU_CLR_PRC,0,18
2025-07-06T21:00:00-00:00,2025-07-06T22:00:00-00:00,2025-07-06,15,0,Hourly,RU,AS_NP26_EXP,DAM,RU_CLR_PRC,1.99751,18
2025-07-06T21:00:00-00:00,2025-07-06T22:00:00-00:00,2025-07-06,15,0,Hourly,RU,AS_SP26,DAM,RU_CLR_PRC,0,18
2025-07-06T21:00:00-00:00,2025-07-06T22:00:00-00:00,2025-07-06,15,0,Hourly,RU,AS_SP26_EXP,DAM,RU_CLR_PRC,0,18
2025-07-06T22:00:00-00:00,2025-07-06T23:00:00-00:00,2025-07-06,16,0,Hourly,RU,AS_SP26,DAM,RU_CLR_PRC,0,18
2025-07-06T22:00:00-00:00,2025-07-06T23:00:00-00:00,2025-07-06,16,0,Hourly,RU,AS_SP26_EXP,DAM,RU_CLR_PRC,0,18
2025-07-06T23:00:00-00:00,2025-07-07T00:00:00-00:00,2025-07-06,17,0,Hourly,RU,AS_CAISO,DAM,RU_CLR_PRC,0,18
2025-07-07T01:00:00-00:00,2025-07-07T02:00:00-00:00,2025-07-06,19,0,Hourly,RU,AS_NP26,DAM,RU_CLR_PRC,0,18
2025-07-07T06:00:00-00:00,2025-07-07T07:00:00-00:00,2025-07-06,24,0,Hourly,RU,AS_NP26_EXP,DAM,RU_CLR_PRC,0,18
2025-07-06T07:00:00-00:00,2025-07-06T08:00:00-00:00,2025-07-06,1,0,Hourly,RU,AS_NP26_EXP,DAM,RU_CLR_PRC,2.95519,18
2025-07-06T07:00:00-00:00,2025-07-06T08:00:00-00:00,2025-07-06,1,0,Hourly,RU,AS_SP26,DAM,RU_CLR_PRC,0,18
2025-07-06T09:00:00-00:00,2025-07-06T10:00:00-00:00,2025-07-06,3,0,Hourly,RU,AS_CAISO,DAM,RU_CLR_PRC,0,18
2025-07-06T10:00:00-00:00,2025-07-06T11:00:00-00:00,2025-07-06,4,0,Hourly,RU,AS_CAISO_EXP,DAM,RU_CLR_PRC,1.19984,18
2025-07-06T10:00:00-00:00,2025-07-06T11:00:00-00:00,2025-07-06,4,0,Hourly,RU,AS_NP26_EXP,DAM,RU_CLR_PRC,0.94468,18
2025-07-06T11:00:00-00:00,2025-07-06T12:00:00-00:00,2025-07-06,5,0,Hourly,RU,AS_CAISO,DAM,RU_CLR_PRC,0,18
2025-07-06T14:00:00-00:00,2025-07-06T15:00:00-00:00,2025-07-06,8,0,Hourly,RU,AS_CAISO,DAM,RU_CLR_PRC,0,18
2025-07-06T14:00:00-00:00,2025-07-06T15:00:00-00:00,2025-07-06,8,0,Hourly,RU,AS_NP26_EXP,DAM,RU_CLR_PRC,2.1806,18
2025-07-06T14:00:00-00:00,2025-07-06T15:00:00-00:00,2025-07-06,8,0,Hourly,RU,AS_SP26_EXP,DAM,RU_CLR_PRC,0,18
2025-07-06T17:00:00-00:00,2025-07-06T18:00:00-00:00,2025-07-06,11,0,Hourly,RU,AS_SP26_EXP,DAM,RU_CLR_PRC,0,18
2025-07-06T19:00:00-00:00,2025-07-06T20:00:00-00:00,2025-07-06,13,0,Hourly,RU,AS_CAISO,DAM,RU_CLR_PRC,0,18
2025-07-06T20:00:00-00:00,2025-07-06T21:00:00-00:00,2025-07-06,14,0,Hourly,RU,AS_CAISO,DAM,RU_CLR_PRC,0,18
2025-07-06T23:00:00-00:00,2025-07-07T00:00:00-00:00,2025-07-06,17,0,Hourly,RU,AS_NP26,DAM,RU_CLR_PRC,0,18
2025-07-06T23:00:00-00:00,2025-07-07T00:00:00-00:00,2025-07-06,17,0,Hourly,RU,AS_NP26_EXP,DAM,RU_CLR_PRC,4.35973,18
2025-07-07T01:00:00-00:00,2025-07-07T02:00:00-00:00,2025-07-06,19,0,Hourly,RU,AS_NP26_EXP,DAM,RU_CLR_PRC,4.495,18
2025-07-07T01:00:00-00:00,2025-07-07T02:00:00-00:00,2025-07-06,19,0,Hourly,RU,AS_SP26_EXP,DAM,RU_CLR_PRC,0,18
2025-07-07T02:00:00-00:00,2025-07-07T03:00:00-00:00,2025-07-06,20,0,Hourly,RU,AS_SP26_EXP,DAM,RU_CLR_PRC,0,18
2025-07-07T03:00:00-00:00,2025-07-07T04:00:00-00:00,2025-07-06,21,0,Hourly,RU,AS_NP26,DAM,RU_CLR_PRC,0,18
2025-07-07T03:00:00-00:00,2025-07-07T04:00:00-00:00,2025-07-06,21,0,Hourly,RU,AS_NP26_EXP,DAM,RU_CLR_PRC,2.3182,18
2025-07-07T04:00:00-00:00,2025-07-07T05:00:00-00:00,2025-07-06,22,0,Hourly,RU,AS_NP26_EXP,DAM,RU_CLR_PRC,0.5,18
2025-07-07T04:00:00-00:00,2025-07-07T05:00:00-00:00,2025-07-06,22,0,Hourly,RU,AS_SP26_EXP,DAM,RU_CLR_PRC,0,18
2025-07-07T05:00:00-00:00,2025-07-07T06:00:00-00:00,2025-07-06,23,0,Hourly,RU,AS_NP26,DAM,RU_CLR_PRC,0,18
2025-07-07T06:00:00-00:00,2025-07-07T07:00:00-00:00,2025-07-06,24,0,Hourly,RU,AS_CAISO,DAM,RU_CLR_PRC,0,18
2025-07-06T10:00:00-00:00,2025-07-06T11:00:00-00:00,2025-07-06,4,0,Hourly,RU,AS_NP26,DAM,RU_CLR_PRC,0,18
2025-07-06T13:00:00-00:00,2025-07-06T14:00:00-00:00,2025-07-06,7,0,Hourly,RU,AS_SP26_EXP,DAM,RU_CLR_PRC,0,18
2025-07-06T14:00:00-00:00,2025-07-06T15:00:00-00:00,2025-07-06,8,0,Hourly,RU,AS_NP26,DAM,RU_CLR_PRC,0,18
2025-07-06T16:00:00-00:00,2025-07-06T17:00:00-00:00,2025-07-06,10,0,Hourly,RU,AS_CAISO_EXP,DAM,RU_CLR_PRC,2,18
2025-07-06T19:00:00-00:00,2025-07-06T20:00:00-00:00,2025-07-06,13,0,Hourly,RU,AS_SP26_EXP,DAM,RU_CLR_PRC,0,18
2025-07-06T21:00:00-00:00,2025-07-06T22:00:00-00:00,2025-07-06,15,0,Hourly,RU,AS_NP26,DAM,RU_CLR_PRC,0,18
2025-07-06T22:00:00-00:00,2025-07-06T23:00:00-00:00,2025-07-06,16,0,Hourly,RU,AS_CAISO_EXP,DAM,RU_CLR_PRC,3.28852,18
2025-07-07T00:00:00-00:00,2025-07-07T01:00:00-00:00,2025-07-06,18,0,Hourly,RU,AS_CAISO_EXP,DAM,RU_CLR_PRC,3.31869,18
2025-07-06T09:00:00-00:00,2025-07-06T10:00:00-00:00,2025-07-06,3,0,Hourly,RU,AS_CAISO_EXP,DAM,RU_CLR_PRC,3.2994,18
2025-07-06T09:00:00-00:00,2025-07-06T10:00:00-00:00,2025-07-06,3,0,Hourly,RU,AS_NP26_EXP,DAM,RU_CLR_PRC,0,18
2025-07-06T09:00:00-00:00,2025-07-06T10:00:00-00:00,2025-07-06,3,0,Hourly,RU,AS_SP26,DAM,RU_CLR_PRC,0,18
2025-07-06T10:00:00-00:00,2025-07-06T11:00:00-00:00,2025-07-06,4,0,Hourly,RU,AS_CAISO,DAM,RU_CLR_PRC,0,18
2025-07-06T11:00:00-00:00,2025-07-06T12:00:00-00:00,2025-07-06,5,0,Hourly,RU,AS_NP26_EXP,DAM,RU_CLR_PRC,0,18
2025-07-06T11:00:00-00:00,2025-07-06T12:00:00-00:00,2025-07-06,5,0,Hourly,RU,AS_SP26,DAM,RU_CLR_PRC,0,18
2025-07-06T13:00:00-00:00,2025-07-06T14:00:00-00:00,2025-07-06,7,0,Hourly,RU,AS_NP26_EXP,DAM,RU_CLR_PRC,0,18
2025-07-06T13:00:00-00:00,2025-07-06T14:00:00-00:00,2025-07-06,7,0,Hourly,RU,AS_SP26,DAM,RU_CLR_PRC,0,18
2025-07-06T15:00:00-00:00,2025-07-06T16:00:00-00:00,2025-07-06,9,0,Hourly,RU,AS_NP26_EXP,DAM,RU_CLR_PRC,0.08,18
2025-07-06T15:00:00-00:00,2025-07-06T16:00:00-00:00,2025-07-06,9,0,Hourly,RU,AS_SP26,DAM,RU_CLR_PRC,0,18
2025-07-06T16:00:00-00:00,2025-07-06T17:00:00-00:00,2025-07-06,10,0,Hourly,RU,AS_SP26_EXP,DAM,RU_CLR_PRC,0,18
2025-07-06T18:00:00-00:00,2025-07-06T19:00:00-00:00,2025-07-06,12,0,Hourly,RU,AS_SP26,DAM,RU_CLR_PRC,0,18
2025-07-06T19:00:00-00:00,2025-07-06T20:00:00-00:00,2025-07-06,13,0,Hourly,RU,AS_NP26,DAM,RU_CLR_PRC,0,18
2025-07-06T21:00:00-00:00,2025-07-06T22:00:00-00:00,2025-07-06,15,0,Hourly,RU,AS_CAISO_EXP,DAM,RU_CLR_PRC,2,18
2025-07-07T00:00:00-00:00,2025-07-07T01:00:00-00:00,2025-07-06,18,0,Hourly,RU,AS_NP26_EXP,DAM,RU_CLR_PRC,1.3066,18
2025-07-07T02:00:00-00:00,2025-07-07T03:00:00-00:00,2025-07-06,20,0,Hourly,RU,AS_NP26,DAM,RU_CLR_PRC,0,18
2025-07-07T02:00:00-00:00,2025-07-07T03:00:00-00:00,2025-07-06,20,0,Hourly,RU,AS_SP26,DAM,RU_CLR_PRC,0,18
2025-07-07T03:00:00-00:00,2025-07-07T04:00:00-00:00,2025-07-06,21,0,Hourly,RU,AS_SP26,DAM,RU_CLR_PRC,0,18
2025-07-06T08:00:00-00:00,2025-07-06T09:00:00-00:00,2025-07-06,2,0,Hourly,RU,AS_SP26,DAM,RU_CLR_PRC,0,18
2025-07-06T09:00:00-00:00,2025-07-06T10:00:00-00:00,2025-07-06,3,0,Hourly,RU,AS_NP26,DAM,RU_CLR_PRC,0,18
2025-07-06T12:00:00-00:00,2025-07-06T13:00:00-00:00,2025-07-06,6,0,Hourly,RU,AS_NP26,DAM,RU_CLR_PRC,0,18
2025-07-06T12:00:00-00:00,2025-07-06T13:00:00-00:00,2025-07-06,6,0,Hourly,RU,AS_SP26_EXP,DAM,RU_CLR_PRC,0,18
2025-07-06T13:00:00-00:00,2025-07-06T14:00:00-00:00,2025-07-06,7,0,Hourly,RU,AS_CAISO,DAM,RU_CLR_PRC,0,18
2025-07-06T13:00:00-00:00,2025-07-06T14:00:00-00:00,2025-07-06,7,0,Hourly,RU,AS_CAISO_EXP,DAM,RU_CLR_PRC,5,18
2025-07-06T14:00:00-00:00,2025-07-06T15:00:00-00:00,2025-07-06,8,0,Hourly,RU,AS_SP26,DAM,RU_CLR_PRC,0,18
2025-07-06T15:00:00-00:00,2025-07-06T16:00:00-00:00,2025-07-06,9,0,Hourly,RU,AS_CAISO_EXP,DAM,RU_CLR_PRC,2.60929,18
2025-07-06T15:00:00-00:00,2025-07-06T16:00:00-00:00,2025-07-06,9,0,Hourly,RU,AS_NP26,DAM,RU_CLR_PRC,0,18
2025-07-06T16:00:00-00:00,2025-07-06T17:00:00-00:00,2025-07-06,10,0,Hourly,RU,AS_NP26,DAM,RU_CLR_PRC,0,18
2025-07-06T16:00:00-00:00,2025-07-06T17:00:00-00:00,2025-07-06,10,0,Hourly,RU,AS_SP26,DAM,RU_CLR_PRC,0,18
2025-07-06T18:00:00-00:00,2025-07-06T19:00:00-00:00,2025-07-06,12,0,Hourly,RU,AS_NP26_EXP,DAM,RU_CLR_PRC,0.13,18
2025-07-06T18:00:00-00:00,2025-07-06T19:00:00-00:00,2025-07-06,12,0,Hourly,RU,AS_SP26_EXP,DAM,RU_CLR_PRC,0,18
2025-07-06T23:00:00-00:00,2025-07-07T00:00:00-00:00,2025-07-06,17,0,Hourly,RU,AS_CAISO_EXP,DAM,RU_CLR_PRC,3.64027,18
2025-07-07T04:00:00-00:00,2025-07-07T05:00:00-00:00,2025-07-06,22,0,Hourly,RU,AS_SP26,DAM,RU_CLR_PRC,0,18
2025-07-07T05:00:00-00:00,2025-07-07T06:00:00-00:00,2025-07-06,23,0,Hourly,RU,AS_CAISO_EXP,DAM,RU_CLR_PRC,2.37696,18
2025-07-06T08:00:00-00:00,2025-07-06T09:00:00-00:00,2025-07-06,2,0,Hourly,RU,AS_SP26_EXP,DAM,RU_CLR_PRC,0,18
2025-07-06T09:00:00-00:00,2025-07-06T10:00:00-00:00,2025-07-06,3,0,Hourly,RU,AS_SP26_EXP,DAM,RU_CLR_PRC,0,18
2025-07-06T11:00:00-00:00,2025-07-06T12:00:00-00:00,2025-07-06,5,0,Hourly,RU,AS_NP26,DAM,RU_CLR_PRC,0,18
2025-07-06T12:00:00-00:00,2025-07-06T13:00:00-00:00,2025-07-06,6,0,Hourly,RU,AS_CAISO,DAM,RU_CLR_PRC,0,18
2025-07-06T12:00:00-00:00,2025-07-06T13:00:00-00:00,2025-07-06,6,0,Hourly,RU,AS_CAISO_EXP,DAM,RU_CLR_PRC,3.59673,18
2025-07-06T12:00:00-00:00,2025-07-06T13:00:00-00:00,2025-07-06,6,0,Hourly,RU,AS_SP26,DAM,RU_CLR_PRC,0,18
2025-07-06T13:00:00-00:00,2025-07-06T14:00:00-00:00,2025-07-06,7,0,Hourly,RU,AS_NP26,DAM,RU_CLR_PRC,0,18
2025-07-06T17:00:00-00:00,2025-07-06T18:00:00-00:00,2025-07-06,11,0,Hourly,RU,AS_CAISO,DAM,RU_CLR_PRC,0,18
2025-07-06T17:00:00-00:00,2025-07-06T18:00:00-00:00,2025-07-06,11,0,Hourly,RU,AS_SP26,DAM,RU_CLR_PRC,0,18
2025-07-06T18:00:00-00:00,2025-07-06T19:00:00-00:00,2025-07-06,12,0,Hourly,RU,AS_CAISO,DAM,RU_CLR_PRC,0,18
2025-07-06T21:00:00-00:00,2025-07-06T22:00:00-00:00,2025-07-06,15,0,Hourly,RU,AS_CAISO,DAM,RU_CLR_PRC,0,18
2025-07-06T22:00:00-00:00,2025-07-06T23:00:00-00:00,2025-07-06,16,0,Hourly,RU,AS_NP26,DAM,RU_CLR_PRC,0,18
2025-07-07T01:00:00-00:00,2025-07-07T02:00:00-00:00,2025-07-06,19,0,Hourly,RU,AS_CAISO_EXP,DAM,RU_CLR_PRC,2,18
2025-07-07T02:00:00-00:00,2025-07-07T03:00:00-00:00,2025-07-06,20,0,Hourly,RU,AS_NP26_EXP,DAM,RU_CLR_PRC,4.07574,18
2025-07-07T03:00:00-00:00,2025-07-07T04:00:00-00:00,2025-07-06,21,0,Hourly,RU,AS_SP26_EXP,DAM,RU_CLR_PRC,0,18
2025-07-07T05:00:00-00:00,2025-07-07T06:00:00-00:00,2025-07-06,23,0,Hourly,RU,AS_NP26_EXP,DAM,RU_CLR_PRC,0.58622,18
2025-07-07T05:00:00-00:00,2025-07-07T06:00:00-00:00,2025-07-06,23,0,Hourly,RU,AS_SP26,DAM,RU_CLR_PRC,0,18
2025-07-07T06:00:00-00:00,2025-07-07T07:00:00-00:00,2025-07-06,24,0,Hourly,RU,AS_CAISO_EXP,DAM,RU_CLR_PRC,3.82116,18
2025-07-07T06:00:00-00:00,2025-07-07T07:00:00-00:00,2025-07-06,24,0,Hourly,RU,AS_NP26,DAM,RU_CLR_PRC,0,18
2025-07-06T07:00:00-00:00,2025-07-06T08:00:00-00:00,2025-07-06,1,0,Hourly,RU,AS_CAISO,DAM,RU_CLR_PRC,0,18
2025-07-06T07:00:00-00:00,2025-07-06T08:00:00-00:00,2025-07-06,1,0,Hourly,RU,AS_NP26,DAM,RU_CLR_PRC,0,18
2025-07-06T07:00:00-00:00,2025-07-06T08:00:00-00:00,2025-07-06,1,0,Hourly,RU,AS_SP26_EXP,DAM,RU_CLR_PRC,0,18
2025-07-06T08:00:00-00:00,2025-07-06T09:00:00-00:00,2025-07-06,2,0,Hourly,RU,AS_NP26,DAM,RU_CLR_PRC,0,18
2025-07-06T08:00:00-00:00,2025-07-06T09:00:00-00:00,2025-07-06,2,0,Hourly,RU,AS_NP26_EXP,DAM,RU_CLR_PRC,2.0002,18
2025-07-06T10:00:00-00:00,2025-07-06T11:00:00-00:00,2025-07-06,4,0,Hourly,RU,AS_SP26,DAM,RU_CLR_PRC,0,18
2025-07-06T11:00:00-00:00,2025-07-06T12:00:00-00:00,2025-07-06,5,0,Hourly,RU,AS_CAISO_EXP,DAM,RU_CLR_PRC,2.89485,18
2025-07-06T15:00:00-00:00,2025-07-06T16:00:00-00:00,2025-07-06,9,0,Hourly,RU,AS_SP26_EXP,DAM,RU_CLR_PRC,0,18
2025-07-06T17:00:00-00:00,2025-07-06T18:00:00-00:00,2025-07-06,11,0,Hourly,RU,AS_CAISO_EXP,DAM,RU_CLR_PRC,1.65,18
2025-07-06T19:00:00-00:00,2025-07-06T20:00:00-00:00,2025-07-06,13,0,Hourly,RU,AS_NP26_EXP,DAM,RU_CLR_PRC,1.26626,18
2025-07-06T20:00:00-00:00,2025-07-06T21:00:00-00:00,2025-07-06,14,0,Hourly,RU,AS_NP26_EXP,DAM,RU_CLR_PRC,1.34264,18
2025-07-07T15:00:00-00:00,2025-07-07T16:00:00-00:00,2025-07-07,9,0,Hourly,RU,AS_CAISO,DAM,RU_CLR_PRC,0,19
2025-07-07T16:00:00-00:00,2025-07-07T17:00:00-00:00,2025-07-07,10,0,Hourly,RU,AS_NP26_EXP,DAM,RU_CLR_PRC,0.08,19
2025-07-07T17:00:00-00:00,2025-07-07T18:00:00-00:00,2025-07-07,11,0,Hourly,RU,AS_CAISO,DAM,RU_CLR_PRC,0,19
2025-07-07T22:00:00-00:00,2025-07-07T23:00:00-00:00,2025-07-07,16,0,Hourly,RU,AS_NP26_EXP,DAM,RU_CLR_PRC,3.13633,19
2025-07-07T22:00:00-00:00,2025-07-07T23:00:00-00:00,2025-07-07,16,0,Hourly,RU,AS_SP26,DAM,RU_CLR_PRC,0,19
2025-07-07T23:00:00-00:00,2025-07-08T00:00:00-00:00,2025-07-07,17,0,Hourly,RU,AS_NP26,DAM,RU_CLR_PRC,0,19
2025-07-07T23:00:00-00:00,2025-07-08T00:00:00-00:00,2025-07-07,17,0,Hourly,RU,AS_NP26_EXP,DAM,RU_CLR_PRC,2.42,19
2025-07-08T00:00:00-00:00,2025-07-08T01:00:00-00:00,2025-07-07,18,0,Hourly,RU,AS_NP26,DAM,RU_CLR_PRC,0,19
2025-07-08T00:00:00-00:00,2025-07-08T01:00:00-00:00,2025-07-07,18,0,Hourly,RU,AS_NP26_EXP,DAM,RU_CLR_PRC,2.88,19
2025-07-08T01:00:00-00:00,2025-07-08T02:00:00-00:00,2025-07-07,19,0,Hourly,RU,AS_NP26_EXP,DAM,RU_CLR_PRC,6.313,19
2025-07-08T01:00:00-00:00,2025-07-08T02:00:00-00:00,2025-07-07,19,0,Hourly,RU,AS_SP26,DAM,RU_CLR_PRC,0,19
2025-07-08T03:00:00-00:00,2025-07-08T04:00:00-00:00,2025-07-07,21,0,Hourly,RU,AS_CAISO_EXP,DAM,RU_CLR_PRC,7.02535,19
2025-07-08T03:00:00-00:00,2025-07-08T04:00:00-00:00,2025-07-07,21,0,Hourly,RU,AS_NP26,DAM,RU_CLR_PRC,0,19
2025-07-08T03:00:00-00:00,2025-07-08T04:00:00-00:00,2025-07-07,21,0,Hourly,RU,AS_SP26_EXP,DAM,RU_CLR_PRC,0,19
2025-07-08T04:00:00-00:00,2025-07-08T05:00:00-00:00,2025-07-07,22,0,Hourly,RU,AS_CAISO,DAM,RU_CLR_PRC,0,19
2025-07-08T06:00:00-00:00,2025-07-08T07:00:00-00:00,2025-07-07,24,0,Hourly,RU,AS_NP26,DAM,RU_CLR_PRC,0,19
2025-07-08T02:00:00-00:00,2025-07-08T03:00:00-00:00,2025-07-07,20,0,Hourly,RU,AS_NP26_EXP,DAM,RU_CLR_PRC,0,19
2025-07-07T11:00:00-00:00,2025-07-07T12:00:00-00:00,2025-07-07,5,0,Hourly,RU,AS_NP26,DAM,RU_CLR_PRC,0,19
2025-07-07T13:00:00-00:00,2025-07-07T14:00:00-00:00,2025-07-07,7,0,Hourly,RU,AS_CAISO_EXP,DAM,RU_CLR_PRC,4.86184,19
2025-07-07T15:00:00-00:00,2025-07-07T16:00:00-00:00,2025-07-07,9,0,Hourly,RU,AS_NP26,DAM,RU_CLR_PRC,0,19
2025-07-07T16:00:00-00:00,2025-07-07T17:00:00-00:00,2025-07-07,10,0,Hourly,RU,AS_NP26,DAM,RU_CLR_PRC,0,19
2025-07-07T16:00:00-00:00,2025-07-07T17:00:00-00:00,2025-07-07,10,0,Hourly,RU,AS_SP26_EXP,DAM,RU_CLR_PRC,0,19
2025-07-07T17:00:00-00:00,2025-07-07T18:00:00-00:00,2025-07-07,11,0,Hourly,RU,AS_NP26_EXP,DAM,RU_CLR_PRC,2.09466,19
2025-07-07T18:00:00-00:00,2025-07-07T19:00:00-00:00,2025-07-07,12,0,Hourly,RU,AS_CAISO,DAM,RU_CLR_PRC,0,19
2025-07-07T18:00:00-00:00,2025-07-07T19:00:00-00:00,2025-07-07,12,0,Hourly,RU,AS_SP26_EXP,DAM,RU_CLR_PRC,0,19
2025-07-07T20:00:00-00:00,2025-07-07T21:00:00-00:00,2025-07-07,14,0,Hourly,RU,AS_CAISO_EXP,DAM,RU_CLR_PRC,1.22836,19
2025-07-07T22:00:00-00:00,2025-07-07T23:00:00-00:00,2025-07-07,16,0,Hourly,RU,AS_CAISO,DAM,RU_CLR_PRC,0,19
2025-07-07T23:00:00-00:00,2025-07-08T00:00:00-00:00,2025-07-07,17,0,Hourly,RU,AS_SP26_EXP,DAM,RU_CLR_PRC,0,19
2025-07-08T00:00:00-00:00,2025-07-08T01:00:00-00:00,2025-07-07,18,0,Hourly,RU,AS_CAISO,DAM,RU_CLR_PRC,0,19
2025-07-08T03:00:00-00:00,2025-07-08T04:00:00-00:00,2025-07-07,21,0,Hourly,RU,AS_NP26_EXP,DAM,RU_CLR_PRC,0,19
2025-07-08T04:00:00-00:00,2025-07-08T05:00:00-00:00,2025-07-07,22,0,Hourly,RU,AS_CAISO_EXP,DAM,RU_CLR_PRC,4.10735,19
2025-07-08T04:00:00-00:00,2025-07-08T05:00:00-00:00,2025-07-07,22,0,Hourly,RU,AS_SP26_EXP,DAM,RU_CLR_PRC,0,19
2025-07-08T05:00:00-00:00,2025-07-08T06:00:00-00:00,2025-07-07,23,0,Hourly,RU,AS_CAISO,DAM,RU_CLR_PRC,0,19
2025-07-08T05:00:00-00:00,2025-07-08T06:00:00-00:00,2025-07-07,23,0,Hourly,RU,AS_SP26,DAM,RU_CLR_PRC,0,19
2025-07-08T05:00:00-00:00,2025-07-08T06:00:00-00:00,2025-07-07,23,0,Hourly,RU,AS_SP26_EXP,DAM,RU_CLR_PRC,0,19
2025-07-07T08:00:00-00:00,2025-07-07T09:00:00-00:00,2025-07-07,2,0,Hourly,RU,AS_CAISO,DAM,RU_CLR_PRC,0,19
2025-07-07T09:00:00-00:00,2025-07-07T10:00:00-00:00,2025-07-07,3,0,Hourly,RU,AS_CAISO,DAM,RU_CLR_PRC,0,19
2025-07-07T09:00:00-00:00,2025-07-07T10:00:00-00:00,2025-07-07,3,0,Hourly,RU,AS_SP26_EXP,DAM,RU_CLR_PRC,0,19
2025-07-07T10:00:00-00:00,2025-07-07T11:00:00-00:00,2025-07-07,4,0,Hourly,RU,AS_SP26,DAM,RU_CLR_PRC,0,19
2025-07-07T10:00:00-00:00,2025-07-07T11:00:00-00:00,2025-07-07,4,0,Hourly,RU,AS_SP26_EXP,DAM,RU_CLR_PRC,0,19
2025-07-07T13:00:00-00:00,2025-07-07T14:00:00-00:00,2025-07-07,7,0,Hourly,RU,AS_SP26_EXP,DAM,RU_CLR_PRC,0,19
2025-07-07T14:00:00-00:00,2025-07-07T15:00:00-00:00,2025-07-07,8,0,Hourly,RU,AS_CAISO_EXP,DAM,RU_CLR_PRC,2.47216,19
2025-07-07T14:00:00-00:00,2025-07-07T15:00:00-00:00,2025-07-07,8,0,Hourly,RU,AS_NP26,DAM,RU_CLR_PRC,0,19
2025-07-07T15:00:00-00:00,2025-07-07T16:00:00-00:00,2025-07-07,9,0,Hourly,RU,AS_SP26,DAM,RU_CLR_PRC,0,19
2025-07-07T16:00:00-00:00,2025-07-07T17:00:00-00:00,2025-07-07,10,0,Hourly,RU,AS_SP26,DAM,RU_CLR_PRC,0,19
2025-07-07T17:00:00-00:00,2025-07-07T18:00:00-00:00,2025-07-07,11,0,Hourly,RU,AS_NP26,DAM,RU_CLR_PRC,0,19
2025-07-07T19:00:00-00:00,2025-07-07T20:00:00-00:00,2025-07-07,13,0,Hourly,RU,AS_SP26_EXP,DAM,RU_CLR_PRC,0,19
2025-07-07T20:00:00-00:00,2025-07-07T21:00:00-00:00,2025-07-07,14,0,Hourly,RU,AS_NP26_EXP,DAM,RU_CLR_PRC,2.12125,19
2025-07-08T00:00:00-00:00,2025-07-08T01:00:00-00:00,2025-07-07,18,0,Hourly,RU,AS_CAISO_EXP,DAM,RU_CLR_PRC,2,19
2025-07-08T01:00:00-00:00,2025-07-08T02:00:00-00:00,2025-07-07,19,0,Hourly,RU,AS_SP26_EXP,DAM,RU_CLR_PRC,0,19
2025-07-08T02:00:00-00:00,2025-07-08T03:00:00-00:00,2025-07-07,20,0,Hourly,RU,AS_NP26,DAM,RU_CLR_PRC,0,19
2025-07-07T08:00:00-00:00,2025-07-07T09:00:00-00:00,2025-07-07,2,0,Hourly,RU,AS_CAISO_EXP,DAM,RU_CLR_PRC,2,19
2025-07-07T10:00:00-00:00,2025-07-07T11:00:00-00:00,2025-07-07,4,0,Hourly,RU,AS_CAISO,DAM,RU_CLR_PRC,0,19
2025-07-07T10:00:00-00:00,2025-07-07T11:00:00-00:00,2025-07-07,4,0,Hourly,RU,AS_CAISO_EXP,DAM,RU_CLR_PRC,0.56,19
2025-07-07T11:00:00-00:00,2025-07-07T12:00:00-00:00,2025-07-07,5,0,Hourly,RU,AS_CAISO_EXP,DAM,RU_CLR_PRC,0.84701,19
2025-07-07T11:00:00-00:00,2025-07-07T12:00:00-00:00,2025-07-07,5,0,Hourly,RU,AS_SP26_EXP,DAM,RU_CLR_PRC,0,19
2025-07-07T12:00:00-00:00,2025-07-07T13:00:00-00:00,2025-07-07,6,0,Hourly,RU,AS_SP26_EXP,DAM,RU_CLR_PRC,0,19
2025-07-07T13:00:00-00:00,2025-07-07T14:00:00-00:00,2025-07-07,7,0,Hourly,RU,AS_NP26_EXP,DAM,RU_CLR_PRC,0,19
2025-07-07T15:00:00-00:00,2025-07-07T16:00:00-00:00,2025-07-07,9,0,Hourly,RU,AS_NP26_EXP,DAM,RU_CLR_PRC,0.17139,19
2025-07-07T15:00:00-00:00,2025-07-07T16:00:00-00:00,2025-07-07,9,0,Hourly,RU,AS_SP26_EXP,DAM,RU_CLR_PRC,0,19
2025-07-07T19:00:00-00:00,2025-07-07T20:00:00-00:00,2025-07-07,13,0,Hourly,RU,AS_CAISO_EXP,DAM,RU_CLR_PRC,1,19
2025-07-07T19:00:00-00:00,2025-07-07T20:00:00-00:00,2025-07-07,13,0,Hourly,RU,AS_SP26,DAM,RU_CLR_PRC,0,19
2025-07-07T20:00:00-00:00,2025-07-07T21:00:00-00:00,2025-07-07,14,0,Hourly,RU,AS_CAISO,DAM,RU_CLR_PRC,0,19
2025-07-07T22:00:00-00:00,2025-07-07T23:00:00-00:00,2025-07-07,16,0,Hourly,RU,AS_SP26_EXP,DAM,RU_CLR_PRC,0,19
2025-07-07T23:00:00-00:00,2025-07-08T00:00:00-00:00,2025-07-07,17,0,Hourly,RU,AS_CAISO_EXP,DAM,RU_CLR_PRC,2,19
2025-07-07T23:00:00-00:00,2025-07-08T00:00:00-00:00,2025-07-07,17,0,Hourly,RU,AS_SP26,DAM,RU_CLR_PRC,0,19
2025-07-08T02:00:00-00:00,2025-07-08T03:00:00-00:00,2025-07-07,20,0,Hourly,RU,AS_SP26,DAM,RU_CLR_PRC,0,19
2025-07-08T03:00:00-00:00,2025-07-08T04:00:00-00:00,2025-07-07,21,0,Hourly,RU,AS_CAISO,DAM,RU_CLR_PRC,0,19
2025-07-08T03:00:00-00:00,2025-07-08T04:00:00-00:00,2025-07-07,21,0,Hourly,RU,AS_SP26,DAM,RU_CLR_PRC,0,19
2025-07-08T05:00:00-00:00,2025-07-08T06:00:00-00:00,2025-07-07,23,0,Hourly,RU,AS_NP26_EXP,DAM,RU_CLR_PRC,0,19
2025-07-08T06:00:00-00:00,2025-07-08T07:00:00-00:00,2025-07-07,24,0,Hourly,RU,AS_CAISO,DAM,RU_CLR_PRC,0,19
2025-07-08T06:00:00-00:00,2025-07-08T07:00:00-00:00,2025-07-07,24,0,Hourly,RU,AS_SP26_EXP,DAM,RU_CLR_PRC,0,19
2025-07-07T07:00:00-00:00,2025-07-07T08:00:00-00:00,2025-07-07,1,0,Hourly,RU,AS_CAISO_EXP,DAM,RU_CLR_PRC,1.4285,19
2025-07-07T07:00:00-00:00,2025-07-07T08:00:00-00:00,2025-07-07,1,0,Hourly,RU,AS_SP26_EXP,DAM,RU_CLR_PRC,0,19
2025-07-07T09:00:00-00:00,2025-07-07T10:00:00-00:00,2025-07-07,3,0,Hourly,RU,AS_CAISO_EXP,DAM,RU_CLR_PRC,1.69742,19
2025-07-07T09:00:00-00:00,2025-07-07T10:00:00-00:00,2025-07-07,3,0,Hourly,RU,AS_SP26,DAM,RU_CLR_PRC,0,19
2025-07-07T10:00:00-00:00,2025-07-07T11:00:00-00:00,2025-07-07,4,0,Hourly,RU,AS_NP26_EXP,DAM,RU_CLR_PRC,1.44,19
2025-07-07T11:00:00-00:00,2025-07-07T12:00:00-00:00,2025-07-07,5,0,Hourly,RU,AS_CAISO,DAM,RU_CLR_PRC,0,19
2025-07-07T11:00:00-00:00,2025-07-07T12:00:00-00:00,2025-07-07,5,0,Hourly,RU,AS_SP26,DAM,RU_CLR_PRC,0,19
2025-07-07T12:00:00-00:00,2025-07-07T13:00:00-00:00,2025-07-07,6,0,Hourly,RU,AS_NP26_EXP,DAM,RU_CLR_PRC,3.26422,19
2025-07-07T07:00:00-00:00,2025-07-07T08:00:00-00:00,2025-07-07,1,0,Hourly,RU,AS_CAISO,DAM,RU_CLR_PRC,0,19
2025-07-07T07:00:00-00:00,2025-07-07T08:00:00-00:00,2025-07-07,1,0,Hourly,RU,AS_NP26,DAM,RU_CLR_PRC,0,19
2025-07-07T12:00:00-00:00,2025-07-07T13:00:00-00:00,2025-07-07,6,0,Hourly,RU,AS_SP26,DAM,RU_CLR_PRC,0,19
2025-07-07T13:00:00-00:00,2025-07-07T14:00:00-00:00,2025-07-07,7,0,Hourly,RU,AS_SP26,DAM,RU_CLR_PRC,0,19
2025-07-07T14:00:00-00:00,2025-07-07T15:00:00-00:00,2025-07-07,8,0,Hourly,RU,AS_SP26,DAM,RU_CLR_PRC,0,19
2025-07-07T15:00:00-00:00,2025-07-07T16:00:00-00:00,2025-07-07,9,0,Hourly,RU,AS_CAISO_EXP,DAM,RU_CLR_PRC,2.52861,19
2025-07-07T17:00:00-00:00,2025-07-07T18:00:00-00:00,2025-07-07,11,0,Hourly,RU,AS_SP26,DAM,RU_CLR_PRC,0,19
2025-07-07T21:00:00-00:00,2025-07-07T22:00:00-00:00,2025-07-07,15,0,Hourly,RU,AS_CAISO_EXP,DAM,RU_CLR_PRC,2,19
2025-07-07T21:00:00-00:00,2025-07-07T22:00:00-00:00,2025-07-07,15,0,Hourly,RU,AS_NP26,DAM,RU_CLR_PRC,0,19
2025-07-07T21:00:00-00:00,2025-07-07T22:00:00-00:00,2025-07-07,15,0,Hourly,RU,AS_NP26_EXP,DAM,RU_CLR_PRC,2.21072,19
2025-07-07T21:00:00-00:00,2025-07-07T22:00:00-00:00,2025-07-07,15,0,Hourly,RU,AS_SP26,DAM,RU_CLR_PRC,0,19
2025-07-08T00:00:00-00:00,2025-07-08T01:00:00-00:00,2025-07-07,18,0,Hourly,RU,AS_SP26,DAM,RU_CLR_PRC,0,19
2025-07-08T01:00:00-00:00,2025-07-08T02:00:00-00:00,2025-07-07,19,0,Hourly,RU,AS_CAISO_EXP,DAM,RU_CLR_PRC,1.687,19
2025-07-08T02:00:00-00:00,2025-07-08T03:00:00-00:00,2025-07-07,20,0,Hourly,RU,AS_CAISO_EXP,DAM,RU_CLR_PRC,8.46,19
2025-07-08T04:00:00-00:00,2025-07-08T05:00:00-00:00,2025-07-07,22,0,Hourly,RU,AS_NP26_EXP,DAM,RU_CLR_PRC,1.88265,19
2025-07-08T04:00:00-00:00,2025-07-08T05:00:00-00:00,2025-07-07,22,0,Hourly,RU,AS_NP26,DAM,RU_CLR_PRC,0,19
2025-07-08T05:00:00-00:00,2025-07-08T06:00:00-00:00,2025-07-07,23,0,Hourly,RU,AS_NP26,DAM,RU_CLR_PRC,0,19
2025-07-07T08:00:00-00:00,2025-07-07T09:00:00-00:00,2025-07-07,2,0,Hourly,RU,AS_NP26_EXP,DAM,RU_CLR_PRC,0.59335,19
2025-07-07T08:00:00-00:00,2025-07-07T09:00:00-00:00,2025-07-07,2,0,Hourly,RU,AS_SP26,DAM,RU_CLR_PRC,0,19
2025-07-07T08:00:00-00:00,2025-07-07T09:00:00-00:00,2025-07-07,2,0,Hourly,RU,AS_SP26_EXP,DAM,RU_CLR_PRC,0,19
2025-07-07T09:00:00-00:00,2025-07-07T10:00:00-00:00,2025-07-07,3,0,Hourly,RU,AS_NP26_EXP,DAM,RU_CLR_PRC,0.30258,19
2025-07-07T14:00:00-00:00,2025-07-07T15:00:00-00:00,2025-07-07,8,0,Hourly,RU,AS_NP26_EXP,DAM,RU_CLR_PRC,2.19168,19
2025-07-07T14:00:00-00:00,2025-07-07T15:00:00-00:00,2025-07-07,8,0,Hourly,RU,AS_CAISO,DAM,RU_CLR_PRC,0,19
2025-07-07T16:00:00-00:00,2025-07-07T17:00:00-00:00,2025-07-07,10,0,Hourly,RU,AS_CAISO_EXP,DAM,RU_CLR_PRC,2.8209,19
2025-07-07T18:00:00-00:00,2025-07-07T19:00:00-00:00,2025-07-07,12,0,Hourly,RU,AS_CAISO_EXP,DAM,RU_CLR_PRC,0.85257,19
2025-07-07T18:00:00-00:00,2025-07-07T19:00:00-00:00,2025-07-07,12,0,Hourly,RU,AS_NP26,DAM,RU_CLR_PRC,0,19
2025-07-07T18:00:00-00:00,2025-07-07T19:00:00-00:00,2025-07-07,12,0,Hourly,RU,AS_SP26,DAM,RU_CLR_PRC,0,19
2025-07-07T22:00:00-00:00,2025-07-07T23:00:00-00:00,2025-07-07,16,0,Hourly,RU,AS_NP26,DAM,RU_CLR_PRC,0,19
2025-07-08T02:00:00-00:00,2025-07-08T03:00:00-00:00,2025-07-07,20,0,Hourly,RU,AS_CAISO,DAM,RU_CLR_PRC,0,19
2025-07-08T04:00:00-00:00,2025-07-08T05:00:00-00:00,2025-07-07,22,0,Hourly,RU,AS_SP26,DAM,RU_CLR_PRC,0,19
2025-07-08T05:00:00-00:00,2025-07-08T06:00:00-00:00,2025-07-07,23,0,Hourly,RU,AS_CAISO_EXP,DAM,RU_CLR_PRC,5.43,19
2025-07-07T07:00:00-00:00,2025-07-07T08:00:00-00:00,2025-07-07,1,0,Hourly,RU,AS_NP26_EXP,DAM,RU_CLR_PRC,1.4215,19
2025-07-07T07:00:00-00:00,2025-07-07T08:00:00-00:00,2025-07-07,1,0,Hourly,RU,AS_SP26,DAM,RU_CLR_PRC,0,19
2025-07-07T10:00:00-00:00,2025-07-07T11:00:00-00:00,2025-07-07,4,0,Hourly,RU,AS_NP26,DAM,RU_CLR_PRC,0,19
2025-07-07T12:00:00-00:00,2025-07-07T13:00:00-00:00,2025-07-07,6,0,Hourly,RU,AS_CAISO,DAM,RU_CLR_PRC,0,19
2025-07-07T13:00:00-00:00,2025-07-07T14:00:00-00:00,2025-07-07,7,0,Hourly,RU,AS_CAISO,DAM,RU_CLR_PRC,0,19
2025-07-07T16:00:00-00:00,2025-07-07T17:00:00-00:00,2025-07-07,10,0,Hourly,RU,AS_CAISO,DAM,RU_CLR_PRC,0,19
2025-07-07T17:00:00-00:00,2025-07-07T18:00:00-00:00,2025-07-07,11,0,Hourly,RU,AS_CAISO_EXP,DAM,RU_CLR_PRC,0.29387,19
2025-07-07T18:00:00-00:00,2025-07-07T19:00:00-00:00,2025-07-07,12,0,Hourly,RU,AS_NP26_EXP,DAM,RU_CLR_PRC,1.21229,19
2025-07-07T19:00:00-00:00,2025-07-07T20:00:00-00:00,2025-07-07,13,0,Hourly,RU,AS_CAISO,DAM,RU_CLR_PRC,0,19
2025-07-07T19:00:00-00:00,2025-07-07T20:00:00-00:00,2025-07-07,13,0,Hourly,RU,AS_NP26,DAM,RU_CLR_PRC,0,19
2025-07-07T20:00:00-00:00,2025-07-07T21:00:00-00:00,2025-07-07,14,0,Hourly,RU,AS_NP26,DAM,RU_CLR_PRC,0,19
2025-07-07T20:00:00-00:00,2025-07-07T21:00:00-00:00,2025-07-07,14,0,Hourly,RU,AS_SP26_EXP,DAM,RU_CLR_PRC,0,19
2025-07-07T21:00:00-00:00,2025-07-07T22:00:00-00:00,2025-07-07,15,0,Hourly,RU,AS_CAISO,DAM,RU_CLR_PRC,0,19
2025-07-07T22:00:00-00:00,2025-07-07T23:00:00-00:00,2025-07-07,16,0,Hourly,RU,AS_CAISO_EXP,DAM,RU_CLR_PRC,1,19
2025-07-08T01:00:00-00:00,2025-07-08T02:00:00-00:00,2025-07-07,19,0,Hourly,RU,AS_CAISO,DAM,RU_CLR_PRC,0,19
2025-07-08T01:00:00-00:00,2025-07-08T02:00:00-00:00,2025-07-07,19,0,Hourly,RU,AS_NP26,DAM,RU_CLR_PRC,0,19
2025-07-08T02:00:00-00:00,2025-07-08T03:00:00-00:00,2025-07-07,20,0,Hourly,RU,AS_SP26_EXP,DAM,RU_CLR_PRC,2.1461,19
2025-07-08T06:00:00-00:00,2025-07-08T07:00:00-00:00,2025-07-07,24,0,Hourly,RU,AS_CAISO_EXP,DAM,RU_CLR_PRC,5.43,19
2025-07-08T06:00:00-00:00,2025-07-08T07:00:00-00:00,2025-07-07,24,0,Hourly,RU,AS_NP26_EXP,DAM,RU_CLR_PRC,0,19
2025-07-08T06:00:00-00:00,2025-07-08T07:00:00-00:00,2025-07-07,24,0,Hourly,RU,AS_SP26,DAM,RU_CLR_PRC,0,19
2025-07-07T08:00:00-00:00,2025-07-07T09:00:00-00:00,2025-07-07,2,0,Hourly,RU,AS_NP26,DAM,RU_CLR_PRC,0,19
2025-07-07T09:00:00-00:00,2025-07-07T10:00:00-00:00,2025-07-07,3,0,Hourly,RU,AS_NP26,DAM,RU_CLR_PRC,0,19
2025-07-07T11:00:00-00:00,2025-07-07T12:00:00-00:00,2025-07-07,5,0,Hourly,RU,AS_NP26_EXP,DAM,RU_CLR_PRC,1.15299,19
2025-07-07T12:00:00-00:00,2025-07-07T13:00:00-00:00,2025-07-07,6,0,Hourly,RU,AS_CAISO_EXP,DAM,RU_CLR_PRC,0.78,19
2025-07-07T12:00:00-00:00,2025-07-07T13:00:00-00:00,2025-07-07,6,0,Hourly,RU,AS_NP26,DAM,RU_CLR_PRC,0,19
2025-07-07T13:00:00-00:00,2025-07-07T14:00:00-00:00,2025-07-07,7,0,Hourly,RU,AS_NP26,DAM,RU_CLR_PRC,0,19
2025-07-07T14:00:00-00:00,2025-07-07T15:00:00-00:00,2025-07-07,8,0,Hourly,RU,AS_SP26_EXP,DAM,RU_CLR_PRC,0,19
2025-07-07T17:00:00-00:00,2025-07-07T18:00:00-00:00,2025-07-07,11,0,Hourly,RU,AS_SP26_EXP,DAM,RU_CLR_PRC,0,19
2025-07-07T19:00:00-00:00,2025-07-07T20:00:00-00:00,2025-07-07,13,0,Hourly,RU,AS_NP26_EXP,DAM,RU_CLR_PRC,1.3519,19
2025-07-07T20:00:00-00:00,2025-07-07T21:00:00-00:00,2025-07-07,14,0,Hourly,RU,AS_SP26,DAM,RU_CLR_PRC,0,19
2025-07-07T21:00:00-00:00,2025-07-07T22:00:00-00:00,2025-07-07,15,0,Hourly,RU,AS_SP26_EXP,DAM,RU_CLR_PRC,0,19
2025-07-07T23:00:00-00:00,2025-07-08T00:00:00-00:00,2025-07-07,17,0,Hourly,RU,AS_CAISO,DAM,RU_CLR_PRC,0,19
2025-07-08T00:00:00-00:00,2025-07-08T01:00:00-00:00,2025-07-07,18,0,Hourly,RU,AS_SP26_EXP,DAM,RU_CLR_PRC,0,19
2025-07-08T09:00:00-00:00,2025-07-08T10:00:00-00:00,2025-07-08,3,0,Hourly,RU,AS_NP26,DAM,RU_CLR_PRC,0,20
2025-07-08T10:00:00-00:00,2025-07-08T11:00:00-00:00,2025-07-08,4,0,Hourly,RU,AS_CAISO_EXP,DAM,RU_CLR_PRC,1.46526,20
2025-07-08T10:00:00-00:00,2025-07-08T11:00:00-00:00,2025-07-08,4,0,Hourly,RU,AS_NP26_EXP,DAM,RU_CLR_PRC,0,20
2025-07-08T11:00:00-00:00,2025-07-08T12:00:00-00:00,2025-07-08,5,0,Hourly,RU,AS_NP26_EXP,DAM,RU_CLR_PRC,0.29,20
2025-07-08T13:00:00-00:00,2025-07-08T14:00:00-00:00,2025-07-08,7,0,Hourly,RU,AS_CAISO,DAM,RU_CLR_PRC,0,20
2025-07-08T14:00:00-00:00,2025-07-08T15:00:00-00:00,2025-07-08,8,0,Hourly,RU,AS_NP26_EXP,DAM,RU_CLR_PRC,2.75893,20
2025-07-08T14:00:00-00:00,2025-07-08T15:00:00-00:00,2025-07-08,8,0,Hourly,RU,AS_SP26,DAM,RU_CLR_PRC,0,20
2025-07-08T18:00:00-00:00,2025-07-08T19:00:00-00:00,2025-07-08,12,0,Hourly,RU,AS_CAISO,DAM,RU_CLR_PRC,0,20
2025-07-08T19:00:00-00:00,2025-07-08T20:00:00-00:00,2025-07-08,13,0,Hourly,RU,AS_SP26,DAM,RU_CLR_PRC,0,20
2025-07-08T20:00:00-00:00,2025-07-08T21:00:00-00:00,2025-07-08,14,0,Hourly,RU,AS_CAISO_EXP,DAM,RU_CLR_PRC,1.45,20
2025-07-08T20:00:00-00:00,2025-07-08T21:00:00-00:00,2025-07-08,14,0,Hourly,RU,AS_SP26,DAM,RU_CLR_PRC,0,20
2025-07-08T20:00:00-00:00,2025-07-08T21:00:00-00:00,2025-07-08,14,0,Hourly,RU,AS_SP26_EXP,DAM,RU_CLR_PRC,0,20
2025-07-08T23:00:00-00:00,2025-07-09T00:00:00-00:00,2025-07-08,17,0,Hourly,RU,AS_SP26_EXP,DAM,RU_CLR_PRC,0,20
2025-07-09T02:00:00-00:00,2025-07-09T03:00:00-00:00,2025-07-08,20,0,Hourly,RU,AS_CAISO,DAM,RU_CLR_PRC,0,20
2025-07-09T03:00:00-00:00,2025-07-09T04:00:00-00:00,2025-07-08,21,0,Hourly,RU,AS_NP26,DAM,RU_CLR_PRC,0,20
2025-07-09T05:00:00-00:00,2025-07-09T06:00:00-00:00,2025-07-08,23,0,Hourly,RU,AS_CAISO_EXP,DAM,RU_CLR_PRC,4.49035,20
2025-07-08T22:00:00-00:00,2025-07-08T23:00:00-00:00,2025-07-08,16,0,Hourly,RU,AS_SP26_EXP,DAM,RU_CLR_PRC,0,20
2025-07-08T23:00:00-00:00,2025-07-09T00:00:00-00:00,2025-07-08,17,0,Hourly,RU,AS_CAISO,DAM,RU_CLR_PRC,0,20
2025-07-08T23:00:00-00:00,2025-07-09T00:00:00-00:00,2025-07-08,17,0,Hourly,RU,AS_CAISO_EXP,DAM,RU_CLR_PRC,2,20
2025-07-09T01:00:00-00:00,2025-07-09T02:00:00-00:00,2025-07-08,19,0,Hourly,RU,AS_CAISO,DAM,RU_CLR_PRC,0,20
2025-07-09T01:00:00-00:00,2025-07-09T02:00:00-00:00,2025-07-08,19,0,Hourly,RU,AS_CAISO_EXP,DAM,RU_CLR_PRC,6.58685,20
2025-07-09T01:00:00-00:00,2025-07-09T02:00:00-00:00,2025-07-08,19,0,Hourly,RU,AS_NP26,DAM,RU_CLR_PRC,0,20
2025-07-09T03:00:00-00:00,2025-07-09T04:00:00-00:00,2025-07-08,21,0,Hourly,RU,AS_CAISO_EXP,DAM,RU_CLR_PRC,8.98,20
2025-07-09T04:00:00-00:00,2025-07-09T05:00:00-00:00,2025-07-08,22,0,Hourly,RU,AS_NP26_EXP,DAM,RU_CLR_PRC,6.2775,20
2025-07-09T05:00:00-00:00,2025-07-09T06:00:00-00:00,2025-07-08,23,0,Hourly,RU,AS_NP26_EXP,DAM,RU_CLR_PRC,0,20
2025-07-09T06:00:00-00:00,2025-07-09T07:00:00-00:00,2025-07-08,24,0,Hourly,RU,AS_SP26,DAM,RU_CLR_PRC,0,20
2025-07-08T07:00:00-00:00,2025-07-08T08:00:00-00:00,2025-07-08,1,0,Hourly,RU,AS_NP26_EXP,DAM,RU_CLR_PRC,2.49269,20
2025-07-08T07:00:00-00:00,2025-07-08T08:00:00-00:00,2025-07-08,1,0,Hourly,RU,AS_CAISO,DAM,RU_CLR_PRC,0,20
2025-07-08T08:00:00-00:00,2025-07-08T09:00:00-00:00,2025-07-08,2,0,Hourly,RU,AS_CAISO_EXP,DAM,RU_CLR_PRC,1.64,20
2025-07-08T11:00:00-00:00,2025-07-08T12:00:00-00:00,2025-07-08,5,0,Hourly,RU,AS_CAISO,DAM,RU_CLR_PRC,0,20
2025-07-08T12:00:00-00:00,2025-07-08T13:00:00-00:00,2025-07-08,6,0,Hourly,RU,AS_NP26,DAM,RU_CLR_PRC,0,20
2025-07-08T12:00:00-00:00,2025-07-08T13:00:00-00:00,2025-07-08,6,0,Hourly,RU,AS_SP26,DAM,RU_CLR_PRC,0,20
2025-07-08T12:00:00-00:00,2025-07-08T13:00:00-00:00,2025-07-08,6,0,Hourly,RU,AS_SP26_EXP,DAM,RU_CLR_PRC,0,20
2025-07-08T14:00:00-00:00,2025-07-08T15:00:00-00:00,2025-07-08,8,0,Hourly,RU,AS_SP26_EXP,DAM,RU_CLR_PRC,0,20
2025-07-08T15:00:00-00:00,2025-07-08T16:00:00-00:00,2025-07-08,9,0,Hourly,RU,AS_CAISO_EXP,DAM,RU_CLR_PRC,0.89,20
2025-07-08T16:00:00-00:00,2025-07-08T17:00:00-00:00,2025-07-08,10,0,Hourly,RU,AS_NP26_EXP,DAM,RU_CLR_PRC,1.86603,20
2025-07-08T16:00:00-00:00,2025-07-08T17:00:00-00:00,2025-07-08,10,0,Hourly,RU,AS_SP26_EXP,DAM,RU_CLR_PRC,0,20
2025-07-08T19:00:00-00:00,2025-07-08T20:00:00-00:00,2025-07-08,13,0,Hourly,RU,AS_NP26_EXP,DAM,RU_CLR_PRC,1.38505,20
2025-07-08T22:00:00-00:00,2025-07-08T23:00:00-00:00,2025-07-08,16,0,Hourly,RU,AS_NP26,DAM,RU_CLR_PRC,0,20
2025-07-09T00:00:00-00:00,2025-07-09T01:00:00-00:00,2025-07-08,18,0,Hourly,RU,AS_NP26_EXP,DAM,RU_CLR_PRC,2.88,20
2025-07-09T01:00:00-00:00,2025-07-09T02:00:00-00:00,2025-07-08,19,0,Hourly,RU,AS_SP26_EXP,DAM,RU_CLR_PRC,0,20
2025-07-09T02:00:00-00:00,2025-07-09T03:00:00-00:00,2025-07-08,20,0,Hourly,RU,AS_CAISO_EXP,DAM,RU_CLR_PRC,16.89394,20
2025-07-09T02:00:00-00:00,2025-07-09T03:00:00-00:00,2025-07-08,20,0,Hourly,RU,AS_SP26_EXP,DAM,RU_CLR_PRC,0,20
2025-07-09T03:00:00-00:00,2025-07-09T04:00:00-00:00,2025-07-08,21,0,Hourly,RU,AS_NP26_EXP,DAM,RU_CLR_PRC,1.53796,20
2025-07-09T04:00:00-00:00,2025-07-09T05:00:00-00:00,2025-07-08,22,0,Hourly,RU,AS_SP26,DAM,RU_CLR_PRC,0,20
2025-07-09T05:00:00-00:00,2025-07-09T06:00:00-00:00,2025-07-08,23,0,Hourly,RU,AS_NP26,DAM,RU_CLR_PRC,0,20
2025-07-09T05:00:00-00:00,2025-07-09T06:00:00-00:00,2025-07-08,23,0,Hourly,RU,AS_SP26,DAM,RU_CLR_PRC,0,20
2025-07-08T07:00:00-00:00,2025-07-08T08:00:00-00:00,2025-07-08,1,0,Hourly,RU,AS_SP26_EXP,DAM,RU_CLR_PRC,0,20
2025-07-08T08:00:00-00:00,2025-07-08T09:00:00-00:00,2025-07-08,2,0,Hourly,RU,AS_CAISO,DAM,RU_CLR_PRC,0,20
2025-07-08T08:00:00-00:00,2025-07-08T09:00:00-00:00,2025-07-08,2,0,Hourly,RU,AS_NP26_EXP,DAM,RU_CLR_PRC,1.63,20
2025-07-08T08:00:00-00:00,2025-07-08T09:00:00-00:00,2025-07-08,2,0,Hourly,RU,AS_SP26,DAM,RU_CLR_PRC,0,20
2025-07-08T08:00:00-00:00,2025-07-08T09:00:00-00:00,2025-07-08,2,0,Hourly,RU,AS_SP26_EXP,DAM,RU_CLR_PRC,0,20
2025-07-08T12:00:00-00:00,2025-07-08T13:00:00-00:00,2025-07-08,6,0,Hourly,RU,AS_CAISO,DAM,RU_CLR_PRC,0,20
2025-07-08T15:00:00-00:00,2025-07-08T16:00:00-00:00,2025-07-08,9,0,Hourly,RU,AS_NP26,DAM,RU_CLR_PRC,0,20
2025-07-08T17:00:00-00:00,2025-07-08T18:00:00-00:00,2025-07-08,11,0,Hourly,RU,AS_CAISO,DAM,RU_CLR_PRC,0,20
2025-07-08T18:00:00-00:00,2025-07-08T19:00:00-00:00,2025-07-08,12,0,Hourly,RU,AS_NP26,DAM,RU_CLR_PRC,0,20
2025-07-08T19:00:00-00:00,2025-07-08T20:00:00-00:00,2025-07-08,13,0,Hourly,RU,AS_CAISO_EXP,DAM,RU_CLR_PRC,1.47495,20
2025-07-08T19:00:00-00:00,2025-07-08T20:00:00-00:00,2025-07-08,13,0,Hourly,RU,AS_NP26,DAM,RU_CLR_PRC,0,20
2025-07-08T19:00:00-00:00,2025-07-08T20:00:00-00:00,2025-07-08,13,0,Hourly,RU,AS_SP26_EXP,DAM,RU_CLR_PRC,0,20
2025-07-08T20:00:00-00:00,2025-07-08T21:00:00-00:00,2025-07-08,14,0,Hourly,RU,AS_CAISO,DAM,RU_CLR_PRC,0,20
2025-07-08T21:00:00-00:00,2025-07-08T22:00:00-00:00,2025-07-08,15,0,Hourly,RU,AS_NP26_EXP,DAM,RU_CLR_PRC,2.33,20
2025-07-09T04:00:00-00:00,2025-07-09T05:00:00-00:00,2025-07-08,22,0,Hourly,RU,AS_CAISO_EXP,DAM,RU_CLR_PRC,2.5,20
2025-07-08T10:00:00-00:00,2025-07-08T11:00:00-00:00,2025-07-08,4,0,Hourly,RU,AS_SP26,DAM,RU_CLR_PRC,0,20
2025-07-08T11:00:00-00:00,2025-07-08T12:00:00-00:00,2025-07-08,5,0,Hourly,RU,AS_SP26_EXP,DAM,RU_CLR_PRC,0,20
2025-07-08T15:00:00-00:00,2025-07-08T16:00:00-00:00,2025-07-08,9,0,Hourly,RU,AS_SP26_EXP,DAM,RU_CLR_PRC,0,20
2025-07-08T16:00:00-00:00,2025-07-08T17:00:00-00:00,2025-07-08,10,0,Hourly,RU,AS_CAISO,DAM,RU_CLR_PRC,0,20
2025-07-08T18:00:00-00:00,2025-07-08T19:00:00-00:00,2025-07-08,12,0,Hourly,RU,AS_NP26_EXP,DAM,RU_CLR_PRC,0.39155,20
2025-07-08T18:00:00-00:00,2025-07-08T19:00:00-00:00,2025-07-08,12,0,Hourly,RU,AS_SP26_EXP,DAM,RU_CLR_PRC,0,20
2025-07-08T21:00:00-00:00,2025-07-08T22:00:00-00:00,2025-07-08,15,0,Hourly,RU,AS_CAISO,DAM,RU_CLR_PRC,0,20
2025-07-08T21:00:00-00:00,2025-07-08T22:00:00-00:00,2025-07-08,15,0,Hourly,RU,AS_CAISO_EXP,DAM,RU_CLR_PRC,2,20
2025-07-08T21:00:00-00:00,2025-07-08T22:00:00-00:00,2025-07-08,15,0,Hourly,RU,AS_SP26_EXP,DAM,RU_CLR_PRC,0,20
2025-07-08T22:00:00-00:00,2025-07-08T23:00:00-00:00,2025-07-08,16,0,Hourly,RU,AS_CAISO_EXP,DAM,RU_CLR_PRC,2.12,20
2025-07-08T23:00:00-00:00,2025-07-09T00:00:00-00:00,2025-07-08,17,0,Hourly,RU,AS_SP26,DAM,RU_CLR_PRC,0,20
2025-07-09T00:00:00-00:00,2025-07-09T01:00:00-00:00,2025-07-08,18,0,Hourly,RU,AS_NP26,DAM,RU_CLR_PRC,0,20
2025-07-09T02:00:00-00:00,2025-07-09T03:00:00-00:00,2025-07-08,20,0,Hourly,RU,AS_SP26,DAM,RU_CLR_PRC,0,20
2025-07-09T03:00:00-00:00,2025-07-09T04:00:00-00:00,2025-07-08,21,0,Hourly,RU,AS_SP26,DAM,RU_CLR_PRC,0,20
2025-07-09T03:00:00-00:00,2025-07-09T04:00:00-00:00,2025-07-08,21,0,Hourly,RU,AS_SP26_EXP,DAM,RU_CLR_PRC,0,20
2025-07-09T04:00:00-00:00,2025-07-09T05:00:00-00:00,2025-07-08,22,0,Hourly,RU,AS_CAISO,DAM,RU_CLR_PRC,0,20
2025-07-09T04:00:00-00:00,2025-07-09T05:00:00-00:00,2025-07-08,22,0,Hourly,RU,AS_SP26_EXP,DAM,RU_CLR_PRC,0,20
2025-07-08T09:00:00-00:00,2025-07-08T10:00:00-00:00,2025-07-08,3,0,Hourly,RU,AS_CAISO,DAM,RU_CLR_PRC,0,20
2025-07-08T07:00:00-00:00,2025-07-08T08:00:00-00:00,2025-07-08,1,0,Hourly,RU,AS_CAISO_EXP,DAM,RU_CLR_PRC,1.68473,20
2025-07-08T10:00:00-00:00,2025-07-08T11:00:00-00:00,2025-07-08,4,0,Hourly,RU,AS_CAISO,DAM,RU_CLR_PRC,0,20
2025-07-08T11:00:00-00:00,2025-07-08T12:00:00-00:00,2025-07-08,5,0,Hourly,RU,AS_SP26,DAM,RU_CLR_PRC,0,20
2025-07-08T14:00:00-00:00,2025-07-08T15:00:00-00:00,2025-07-08,8,0,Hourly,RU,AS_CAISO,DAM,RU_CLR_PRC,0,20
2025-07-08T18:00:00-00:00,2025-07-08T19:00:00-00:00,2025-07-08,12,0,Hourly,RU,AS_CAISO_EXP,DAM,RU_CLR_PRC,1.60845,20
2025-07-08T19:00:00-00:00,2025-07-08T20:00:00-00:00,2025-07-08,13,0,Hourly,RU,AS_CAISO,DAM,RU_CLR_PRC,0,20
2025-07-08T21:00:00-00:00,2025-07-08T22:00:00-00:00,2025-07-08,15,0,Hourly,RU,AS_SP26,DAM,RU_CLR_PRC,0,20
2025-07-09T00:00:00-00:00,2025-07-09T01:00:00-00:00,2025-07-08,18,0,Hourly,RU,AS_SP26_EXP,DAM,RU_CLR_PRC,0,20
2025-07-09T02:00:00-00:00,2025-07-09T03:00:00-00:00,2025-07-08,20,0,Hourly,RU,AS_NP26_EXP,DAM,RU_CLR_PRC,0,20
2025-07-09T04:00:00-00:00,2025-07-09T05:00:00-00:00,2025-07-08,22,0,Hourly,RU,AS_NP26,DAM,RU_CLR_PRC,0,20
2025-07-09T06:00:00-00:00,2025-07-09T07:00:00-00:00,2025-07-08,24,0,Hourly,RU,AS_CAISO,DAM,RU_CLR_PRC,0,20
2025-07-08T07:00:00-00:00,2025-07-08T08:00:00-00:00,2025-07-08,1,0,Hourly,RU,AS_NP26,DAM,RU_CLR_PRC,0,20
2025-07-08T09:00:00-00:00,2025-07-08T10:00:00-00:00,2025-07-08,3,0,Hourly,RU,AS_CAISO_EXP,DAM,RU_CLR_PRC,1,20
2025-07-08T09:00:00-00:00,2025-07-08T10:00:00-00:00,2025-07-08,3,0,Hourly,RU,AS_SP26_EXP,DAM,RU_CLR_PRC,0,20
2025-07-08T11:00:00-00:00,2025-07-08T12:00:00-00:00,2025-07-08,5,0,Hourly,RU,AS_NP26,DAM,RU_CLR_PRC,0,20
2025-07-08T12:00:00-00:00,2025-07-08T13:00:00-00:00,2025-07-08,6,0,Hourly,RU,AS_NP26_EXP,DAM,RU_CLR_PRC,1.08,20
2025-07-08T13:00:00-00:00,2025-07-08T14:00:00-00:00,2025-07-08,7,0,Hourly,RU,AS_NP26_EXP,DAM,RU_CLR_PRC,0.66,20
2025-07-08T13:00:00-00:00,2025-07-08T14:00:00-00:00,2025-07-08,7,0,Hourly,RU,AS_SP26_EXP,DAM,RU_CLR_PRC,0,20
2025-07-08T15:00:00-00:00,2025-07-08T16:00:00-00:00,2025-07-08,9,0,Hourly,RU,AS_NP26_EXP,DAM,RU_CLR_PRC,2.1058,20
2025-07-08T17:00:00-00:00,2025-07-08T18:00:00-00:00,2025-07-08,11,0,Hourly,RU,AS_SP26,DAM,RU_CLR_PRC,0,20
2025-07-08T17:00:00-00:00,2025-07-08T18:00:00-00:00,2025-07-08,11,0,Hourly,RU,AS_SP26_EXP,DAM,RU_CLR_PRC,0,20
2025-07-08T18:00:00-00:00,2025-07-08T19:00:00-00:00,2025-07-08,12,0,Hourly,RU,AS_SP26,DAM,RU_CLR_PRC,0,20
2025-07-08T23:00:00-00:00,2025-07-09T00:00:00-00:00,2025-07-08,17,0,Hourly,RU,AS_NP26,DAM,RU_CLR_PRC,0,20
2025-07-09T00:00:00-00:00,2025-07-09T01:00:00-00:00,2025-07-08,18,0,Hourly,RU,AS_CAISO,DAM,RU_CLR_PRC,0,20
2025-07-09T01:00:00-00:00,2025-07-09T02:00:00-00:00,2025-07-08,19,0,Hourly,RU,AS_SP26,DAM,RU_CLR_PRC,0,20
2025-07-09T02:00:00-00:00,2025-07-09T03:00:00-00:00,2025-07-08,20,0,Hourly,RU,AS_NP26,DAM,RU_CLR_PRC,0,20
2025-07-09T03:00:00-00:00,2025-07-09T04:00:00-00:00,2025-07-08,21,0,Hourly,RU,AS_CAISO,DAM,RU_CLR_PRC,0,20
2025-07-09T06:00:00-00:00,2025-07-09T07:00:00-00:00,2025-07-08,24,0,Hourly,RU,AS_NP26,DAM,RU_CLR_PRC,0,20
2025-07-09T06:00:00-00:00,2025-07-09T07:00:00-00:00,2025-07-08,24,0,Hourly,RU,AS_SP26_EXP,DAM,RU_CLR_PRC,0,20
2025-07-08T09:00:00-00:00,2025-07-08T10:00:00-00:00,2025-07-08,3,0,Hourly,RU,AS_SP26,DAM,RU_CLR_PRC,0,20
2025-07-08T11:00:00-00:00,2025-07-08T12:00:00-00:00,2025-07-08,5,0,Hourly,RU,AS_CAISO_EXP,DAM,RU_CLR_PRC,0.56,20
2025-07-08T12:00:00-00:00,2025-07-08T13:00:00-00:00,2025-07-08,6,0,Hourly,RU,AS_CAISO_EXP,DAM,RU_CLR_PRC,0.69,20
2025-07-08T13:00:00-00:00,2025-07-08T14:00:00-00:00,2025-07-08,7,0,Hourly,RU,AS_SP26,DAM,RU_CLR_PRC,0,20
2025-07-08T14:00:00-00:00,2025-07-08T15:00:00-00:00,2025-07-08,8,0,Hourly,RU,AS_CAISO_EXP,DAM,RU_CLR_PRC,1.64139,20
2025-07-08T15:00:00-00:00,2025-07-08T16:00:00-00:00,2025-07-08,9,0,Hourly,RU,AS_SP26,DAM,RU_CLR_PRC,0,20
2025-07-08T16:00:00-00:00,2025-07-08T17:00:00-00:00,2025-07-08,10,0,Hourly,RU,AS_SP26,DAM,RU_CLR_PRC,0,20
2025-07-08T17:00:00-00:00,2025-07-08T18:00:00-00:00,2025-07-08,11,0,Hourly,RU,AS_NP26,DAM,RU_CLR_PRC,0,20
2025-07-08T20:00:00-00:00,2025-07-08T21:00:00-00:00,2025-07-08,14,0,Hourly,RU,AS_NP26,DAM,RU_CLR_PRC,0,20
2025-07-08T22:00:00-00:00,2025-07-08T23:00:00-00:00,2025-07-08,16,0,Hourly,RU,AS_CAISO,DAM,RU_CLR_PRC,0,20
2025-07-08T22:00:00-00:00,2025-07-08T23:00:00-00:00,2025-07-08,16,0,Hourly,RU,AS_NP26_EXP,DAM,RU_CLR_PRC,2.51,20
2025-07-08T23:00:00-00:00,2025-07-09T00:00:00-00:00,2025-07-08,17,0,Hourly,RU,AS_NP26_EXP,DAM,RU_CLR_PRC,2.42,20
2025-07-09T00:00:00-00:00,2025-07-09T01:00:00-00:00,2025-07-08,18,0,Hourly,RU,AS_CAISO_EXP,DAM,RU_CLR_PRC,2,20
2025-07-09T00:00:00-00:00,2025-07-09T01:00:00-00:00,2025-07-08,18,0,Hourly,RU,AS_SP26,DAM,RU_CLR_PRC,0,20
2025-07-09T01:00:00-00:00,2025-07-09T02:00:00-00:00,2025-07-08,19,0,Hourly,RU,AS_NP26_EXP,DAM,RU_CLR_PRC,2.59315,20
2025-07-09T05:00:00-00:00,2025-07-09T06:00:00-00:00,2025-07-08,23,0,Hourly,RU,AS_CAISO,DAM,RU_CLR_PRC,0,20
2025-07-09T05:00:00-00:00,2025-07-09T06:00:00-00:00,2025-07-08,23,0,Hourly,RU,AS_SP26_EXP,DAM,RU_CLR_PRC,0,20
2025-07-09T06:00:00-00:00,2025-07-09T07:00:00-00:00,2025-07-08,24,0,Hourly,RU,AS_CAISO_EXP,DAM,RU_CLR_PRC,5.75,20
2025-07-09T06:00:00-00:00,2025-07-09T07:00:00-00:00,2025-07-08,24,0,Hourly,RU,AS_NP26_EXP,DAM,RU_CLR_PRC,0.5,20
2025-07-08T07:00:00-00:00,2025-07-08T08:00:00-00:00,2025-07-08,1,0,Hourly,RU,AS_SP26,DAM,RU_CLR_PRC,0,20
2025-07-08T08:00:00-00:00,2025-07-08T09:00:00-00:00,2025-07-08,2,0,Hourly,RU,AS_NP26,DAM,RU_CLR_PRC,0,20
2025-07-08T09:00:00-00:00,2025-07-08T10:00:00-00:00,2025-07-08,3,0,Hourly,RU,AS_NP26_EXP,DAM,RU_CLR_PRC,0.26141,20
2025-07-08T10:00:00-00:00,2025-07-08T11:00:00-00:00,2025-07-08,4,0,Hourly,RU,AS_NP26,DAM,RU_CLR_PRC,0,20
2025-07-08T10:00:00-00:00,2025-07-08T11:00:00-00:00,2025-07-08,4,0,Hourly,RU,AS_SP26_EXP,DAM,RU_CLR_PRC,0,20
2025-07-08T13:00:00-00:00,2025-07-08T14:00:00-00:00,2025-07-08,7,0,Hourly,RU,AS_CAISO_EXP,DAM,RU_CLR_PRC,4,20
2025-07-08T13:00:00-00:00,2025-07-08T14:00:00-00:00,2025-07-08,7,0,Hourly,RU,AS_NP26,DAM,RU_CLR_PRC,0,20
2025-07-08T14:00:00-00:00,2025-07-08T15:00:00-00:00,2025-07-08,8,0,Hourly,RU,AS_NP26,DAM,RU_CLR_PRC,0,20
2025-07-08T15:00:00-00:00,2025-07-08T16:00:00-00:00,2025-07-08,9,0,Hourly,RU,AS_CAISO,DAM,RU_CLR_PRC,0,20
2025-07-08T16:00:00-00:00,2025-07-08T17:00:00-00:00,2025-07-08,10,0,Hourly,RU,AS_CAISO_EXP,DAM,RU_CLR_PRC,0.33,20
2025-07-08T16:00:00-00:00,2025-07-08T17:00:00-00:00,2025-07-08,10,0,Hourly,RU,AS_NP26,DAM,RU_CLR_PRC,0,20
2025-07-08T17:00:00-00:00,2025-07-08T18:00:00-00:00,2025-07-08,11,0,Hourly,RU,AS_CAISO_EXP,DAM,RU_CLR_PRC,0.18,20
2025-07-08T17:00:00-00:00,2025-07-08T18:00:00-00:00,2025-07-08,11,0,Hourly,RU,AS_NP26_EXP,DAM,RU_CLR_PRC,2.32,20
2025-07-08T20:00:00-00:00,2025-07-08T21:00:00-00:00,2025-07-08,14,0,Hourly,RU,AS_NP26_EXP,DAM,RU_CLR_PRC,2.06109,20
2025-07-08T21:00:00-00:00,2025-07-08T22:00:00-00:00,2025-07-08,15,0,Hourly,RU,AS_NP26,DAM,RU_CLR_PRC,0,20
2025-07-08T22:00:00-00:00,2025-07-08T23:00:00-00:00,2025-07-08,16,0,Hourly,RU,AS_SP26,DAM,RU_CLR_PRC,0,20
2025-07-09T08:00:00-00:00,2025-07-09T09:00:00-00:00,2025-07-09,2,0,Hourly,RU,AS_CAISO_EXP,DAM,RU_CLR_PRC,1.6456,21
2025-07-09T08:00:00-00:00,2025-07-09T09:00:00-00:00,2025-07-09,2,0,Hourly,RU,AS_NP26,DAM,RU_CLR_PRC,0,21
2025-07-09T11:00:00-00:00,2025-07-09T12:00:00-00:00,2025-07-09,5,0,Hourly,RU,AS_SP26,DAM,RU_CLR_PRC,0,21
2025-07-09T12:00:00-00:00,2025-07-09T13:00:00-00:00,2025-07-09,6,0,Hourly,RU,AS_NP26,DAM,RU_CLR_PRC,0,21
2025-07-09T13:00:00-00:00,2025-07-09T14:00:00-00:00,2025-07-09,7,0,Hourly,RU,AS_SP26_EXP,DAM,RU_CLR_PRC,0,21
2025-07-09T15:00:00-00:00,2025-07-09T16:00:00-00:00,2025-07-09,9,0,Hourly,RU,AS_NP26,DAM,RU_CLR_PRC,0,21
2025-07-09T15:00:00-00:00,2025-07-09T16:00:00-00:00,2025-07-09,9,0,Hourly,RU,AS_SP26,DAM,RU_CLR_PRC,0,21
2025-07-09T15:00:00-00:00,2025-07-09T16:00:00-00:00,2025-07-09,9,0,Hourly,RU,AS_SP26_EXP,DAM,RU_CLR_PRC,0,21
2025-07-09T17:00:00-00:00,2025-07-09T18:00:00-00:00,2025-07-09,11,0,Hourly,RU,AS_CAISO_EXP,DAM,RU_CLR_PRC,0.17,21
2025-07-09T20:00:00-00:00,2025-07-09T21:00:00-00:00,2025-07-09,14,0,Hourly,RU,AS_SP26,DAM,RU_CLR_PRC,0,21
2025-07-09T21:00:00-00:00,2025-07-09T22:00:00-00:00,2025-07-09,15,0,Hourly,RU,AS_CAISO_EXP,DAM,RU_CLR_PRC,1.63614,21
2025-07-09T22:00:00-00:00,2025-07-09T23:00:00-00:00,2025-07-09,16,0,Hourly,RU,AS_SP26_EXP,DAM,RU_CLR_PRC,0,21
2025-07-10T00:00:00-00:00,2025-07-10T01:00:00-00:00,2025-07-09,18,0,Hourly,RU,AS_NP26_EXP,DAM,RU_CLR_PRC,2.88,21
2025-07-10T00:00:00-00:00,2025-07-10T01:00:00-00:00,2025-07-09,18,0,Hourly,RU,AS_SP26_EXP,DAM,RU_CLR_PRC,0,21
2025-07-10T01:00:00-00:00,2025-07-10T02:00:00-00:00,2025-07-09,19,0,Hourly,RU,AS_SP26,DAM,RU_CLR_PRC,0,21
2025-07-10T06:00:00-00:00,2025-07-10T07:00:00-00:00,2025-07-09,24,0,Hourly,RU,AS_SP26,DAM,RU_CLR_PRC,0,21
2025-07-09T13:00:00-00:00,2025-07-09T14:00:00-00:00,2025-07-09,7,0,Hourly,RU,AS_SP26,DAM,RU_CLR_PRC,0,21
2025-07-09T16:00:00-00:00,2025-07-09T17:00:00-00:00,2025-07-09,10,0,Hourly,RU,AS_CAISO_EXP,DAM,RU_CLR_PRC,0.79,21
2025-07-09T18:00:00-00:00,2025-07-09T19:00:00-00:00,2025-07-09,12,0,Hourly,RU,AS_CAISO,DAM,RU_CLR_PRC,0,21
2025-07-09T18:00:00-00:00,2025-07-09T19:00:00-00:00,2025-07-09,12,0,Hourly,RU,AS_SP26,DAM,RU_CLR_PRC,0,21
2025-07-09T19:00:00-00:00,2025-07-09T20:00:00-00:00,2025-07-09,13,0,Hourly,RU,AS_NP26_EXP,DAM,RU_CLR_PRC,0.25869,21
2025-07-09T20:00:00-00:00,2025-07-09T21:00:00-00:00,2025-07-09,14,0,Hourly,RU,AS_CAISO,DAM,RU_CLR_PRC,0,21
2025-07-09T21:00:00-00:00,2025-07-09T22:00:00-00:00,2025-07-09,15,0,Hourly,RU,AS_CAISO,DAM,RU_CLR_PRC,0,21
2025-07-09T22:00:00-00:00,2025-07-09T23:00:00-00:00,2025-07-09,16,0,Hourly,RU,AS_NP26,DAM,RU_CLR_PRC,0,21
2025-07-10T00:00:00-00:00,2025-07-10T01:00:00-00:00,2025-07-09,18,0,Hourly,RU,AS_CAISO,DAM,RU_CLR_PRC,0,21
2025-07-10T02:00:00-00:00,2025-07-10T03:00:00-00:00,2025-07-09,20,0,Hourly,RU,AS_SP26,DAM,RU_CLR_PRC,0,21
2025-07-10T04:00:00-00:00,2025-07-10T05:00:00-00:00,2025-07-09,22,0,Hourly,RU,AS_NP26_EXP,DAM,RU_CLR_PRC,1.45,21
2025-07-10T04:00:00-00:00,2025-07-10T05:00:00-00:00,2025-07-09,22,0,Hourly,RU,AS_SP26_EXP,DAM,RU_CLR_PRC,0,21
2025-07-10T05:00:00-00:00,2025-07-10T06:00:00-00:00,2025-07-09,23,0,Hourly,RU,AS_CAISO,DAM,RU_CLR_PRC,0,21
2025-07-09T07:00:00-00:00,2025-07-09T08:00:00-00:00,2025-07-09,1,0,Hourly,RU,AS_CAISO_EXP,DAM,RU_CLR_PRC,2.35805,21
2025-07-09T08:00:00-00:00,2025-07-09T09:00:00-00:00,2025-07-09,2,0,Hourly,RU,AS_NP26_EXP,DAM,RU_CLR_PRC,0.5044,21
2025-07-09T09:00:00-00:00,2025-07-09T10:00:00-00:00,2025-07-09,3,0,Hourly,RU,AS_SP26,DAM,RU_CLR_PRC,0,21
2025-07-09T10:00:00-00:00,2025-07-09T11:00:00-00:00,2025-07-09,4,0,Hourly,RU,AS_SP26_EXP,DAM,RU_CLR_PRC,0,21
2025-07-09T11:00:00-00:00,2025-07-09T12:00:00-00:00,2025-07-09,5,0,Hourly,RU,AS_NP26,DAM,RU_CLR_PRC,0,21
2025-07-09T11:00:00-00:00,2025-07-09T12:00:00-00:00,2025-07-09,5,0,Hourly,RU,AS_NP26_EXP,DAM,RU_CLR_PRC,0.79765,21
2025-07-09T12:00:00-00:00,2025-07-09T13:00:00-00:00,2025-07-09,6,0,Hourly,RU,AS_NP26_EXP,DAM,RU_CLR_PRC,0.89032,21
2025-07-09T14:00:00-00:00,2025-07-09T15:00:00-00:00,2025-07-09,8,0,Hourly,RU,AS_NP26_EXP,DAM,RU_CLR_PRC,3.05813,21
2025-07-09T17:00:00-00:00,2025-07-09T18:00:00-00:00,2025-07-09,11,0,Hourly,RU,AS_SP26,DAM,RU_CLR_PRC,0,21
2025-07-09T19:00:00-00:00,2025-07-09T20:00:00-00:00,2025-07-09,13,0,Hourly,RU,AS_SP26_EXP,DAM,RU_CLR_PRC,0,21
2025-07-09T23:00:00-00:00,2025-07-10T00:00:00-00:00,2025-07-09,17,0,Hourly,RU,AS_NP26_EXP,DAM,RU_CLR_PRC,2.42,21
2025-07-09T23:00:00-00:00,2025-07-10T00:00:00-00:00,2025-07-09,17,0,Hourly,RU,AS_SP26_EXP,DAM,RU_CLR_PRC,0,21
2025-07-10T00:00:00-00:00,2025-07-10T01:00:00-00:00,2025-07-09,18,0,Hourly,RU,AS_NP26,DAM,RU_CLR_PRC,0,21
2025-07-10T01:00:00-00:00,2025-07-10T02:00:00-00:00,2025-07-09,19,0,Hourly,RU,AS_SP26_EXP,DAM,RU_CLR_PRC,0,21
2025-07-10T03:00:00-00:00,2025-07-10T04:00:00-00:00,2025-07-09,21,0,Hourly,RU,AS_CAISO,DAM,RU_CLR_PRC,0,21
2025-07-10T03:00:00-00:00,2025-07-10T04:00:00-00:00,2025-07-09,21,0,Hourly,RU,AS_CAISO_EXP,DAM,RU_CLR_PRC,7.60873,21
2025-07-10T04:00:00-00:00,2025-07-10T05:00:00-00:00,2025-07-09,22,0,Hourly,RU,AS_CAISO,DAM,RU_CLR_PRC,0,21
2025-07-10T06:00:00-00:00,2025-07-10T07:00:00-00:00,2025-07-09,24,0,Hourly,RU,AS_CAISO_EXP,DAM,RU_CLR_PRC,4.76,21
2025-07-09T09:00:00-00:00,2025-07-09T10:00:00-00:00,2025-07-09,3,0,Hourly,RU,AS_CAISO,DAM,RU_CLR_PRC,0,21
2025-07-09T09:00:00-00:00,2025-07-09T10:00:00-00:00,2025-07-09,3,0,Hourly,RU,AS_NP26,DAM,RU_CLR_PRC,0,21
2025-07-09T10:00:00-00:00,2025-07-09T11:00:00-00:00,2025-07-09,4,0,Hourly,RU,AS_CAISO,DAM,RU_CLR_PRC,0,21
2025-07-09T10:00:00-00:00,2025-07-09T11:00:00-00:00,2025-07-09,4,0,Hourly,RU,AS_CAISO_EXP,DAM,RU_CLR_PRC,1.57933,21
2025-07-09T11:00:00-00:00,2025-07-09T12:00:00-00:00,2025-07-09,5,0,Hourly,RU,AS_CAISO_EXP,DAM,RU_CLR_PRC,1,21
2025-07-09T13:00:00-00:00,2025-07-09T14:00:00-00:00,2025-07-09,7,0,Hourly,RU,AS_NP26_EXP,DAM,RU_CLR_PRC,0.23374,21
2025-07-09T16:00:00-00:00,2025-07-09T17:00:00-00:00,2025-07-09,10,0,Hourly,RU,AS_NP26,DAM,RU_CLR_PRC,0,21
2025-07-09T16:00:00-00:00,2025-07-09T17:00:00-00:00,2025-07-09,10,0,Hourly,RU,AS_NP26_EXP,DAM,RU_CLR_PRC,0.88936,21
2025-07-09T16:00:00-00:00,2025-07-09T17:00:00-00:00,2025-07-09,10,0,Hourly,RU,AS_SP26_EXP,DAM,RU_CLR_PRC,0,21
2025-07-09T18:00:00-00:00,2025-07-09T19:00:00-00:00,2025-07-09,12,0,Hourly,RU,AS_SP26_EXP,DAM,RU_CLR_PRC,0,21
2025-07-09T19:00:00-00:00,2025-07-09T20:00:00-00:00,2025-07-09,13,0,Hourly,RU,AS_CAISO_EXP,DAM,RU_CLR_PRC,1.92131,21
2025-07-09T20:00:00-00:00,2025-07-09T21:00:00-00:00,2025-07-09,14,0,Hourly,RU,AS_SP26_EXP,DAM,RU_CLR_PRC,0,21
2025-07-09T22:00:00-00:00,2025-07-09T23:00:00-00:00,2025-07-09,16,0,Hourly,RU,AS_NP26_EXP,DAM,RU_CLR_PRC,2.163,21
2025-07-10T01:00:00-00:00,2025-07-10T02:00:00-00:00,2025-07-09,19,0,Hourly,RU,AS_CAISO_EXP,DAM,RU_CLR_PRC,5,21
2025-07-10T02:00:00-00:00,2025-07-10T03:00:00-00:00,2025-07-09,20,0,Hourly,RU,AS_CAISO,DAM,RU_CLR_PRC,0,21
2025-07-10T03:00:00-00:00,2025-07-10T04:00:00-00:00,2025-07-09,21,0,Hourly,RU,AS_NP26,DAM,RU_CLR_PRC,0,21
2025-07-10T04:00:00-00:00,2025-07-10T05:00:00-00:00,2025-07-09,22,0,Hourly,RU,AS_NP26,DAM,RU_CLR_PRC,0,21
2025-07-10T05:00:00-00:00,2025-07-10T06:00:00-00:00,2025-07-09,23,0,Hourly,RU,AS_SP26,DAM,RU_CLR_PRC,0,21
2025-07-10T06:00:00-00:00,2025-07-10T07:00:00-00:00,2025-07-09,24,0,Hourly,RU,AS_NP26,DAM,RU_CLR_PRC,0,21
2025-07-09T07:00:00-00:00,2025-07-09T08:00:00-00:00,2025-07-09,1,0,Hourly,RU,AS_NP26,DAM,RU_CLR_PRC,0,21
2025-07-09T09:00:00-00:00,2025-07-09T10:00:00-00:00,2025-07-09,3,0,Hourly,RU,AS_NP26_EXP,DAM,RU_CLR_PRC,1.2595,21
2025-07-09T13:00:00-00:00,2025-07-09T14:00:00-00:00,2025-07-09,7,0,Hourly,RU,AS_CAISO_EXP,DAM,RU_CLR_PRC,4.74626,21
2025-07-09T15:00:00-00:00,2025-07-09T16:00:00-00:00,2025-07-09,9,0,Hourly,RU,AS_CAISO,DAM,RU_CLR_PRC,0,21
2025-07-09T16:00:00-00:00,2025-07-09T17:00:00-00:00,2025-07-09,10,0,Hourly,RU,AS_CAISO,DAM,RU_CLR_PRC,0,21
2025-07-09T18:00:00-00:00,2025-07-09T19:00:00-00:00,2025-07-09,12,0,Hourly,RU,AS_NP26,DAM,RU_CLR_PRC,0,21
2025-07-09T23:00:00-00:00,2025-07-10T00:00:00-00:00,2025-07-09,17,0,Hourly,RU,AS_CAISO,DAM,RU_CLR_PRC,0,21
2025-07-09T23:00:00-00:00,2025-07-10T00:00:00-00:00,2025-07-09,17,0,Hourly,RU,AS_NP26,DAM,RU_CLR_PRC,0,21
2025-07-10T00:00:00-00:00,2025-07-10T01:00:00-00:00,2025-07-09,18,0,Hourly,RU,AS_CAISO_EXP,DAM,RU_CLR_PRC,2,21
2025-07-10T02:00:00-00:00,2025-07-10T03:00:00-00:00,2025-07-09,20,0,Hourly,RU,AS_NP26,DAM,RU_CLR_PRC,0,21
2025-07-10T03:00:00-00:00,2025-07-10T04:00:00-00:00,2025-07-09,21,0,Hourly,RU,AS_NP26_EXP,DAM,RU_CLR_PRC,2.74932,21
2025-07-10T03:00:00-00:00,2025-07-10T04:00:00-00:00,2025-07-09,21,0,Hourly,RU,AS_SP26,DAM,RU_CLR_PRC,0,21
2025-07-10T05:00:00-00:00,2025-07-10T06:00:00-00:00,2025-07-09,23,0,Hourly,RU,AS_SP26_EXP,DAM,RU_CLR_PRC,0,21
2025-07-09T08:00:00-00:00,2025-07-09T09:00:00-00:00,2025-07-09,2,0,Hourly,RU,AS_CAISO,DAM,RU_CLR_PRC,0,21
2025-07-09T07:00:00-00:00,2025-07-09T08:00:00-00:00,2025-07-09,1,0,Hourly,RU,AS_SP26,DAM,RU_CLR_PRC,0,21
2025-07-09T08:00:00-00:00,2025-07-09T09:00:00-00:00,2025-07-09,2,0,Hourly,RU,AS_SP26,DAM,RU_CLR_PRC,0,21
2025-07-09T12:00:00-00:00,2025-07-09T13:00:00-00:00,2025-07-09,6,0,Hourly,RU,AS_CAISO_EXP,DAM,RU_CLR_PRC,2.33,21
2025-07-09T12:00:00-00:00,2025-07-09T13:00:00-00:00,2025-07-09,6,0,Hourly,RU,AS_SP26,DAM,RU_CLR_PRC,0,21
2025-07-09T13:00:00-00:00,2025-07-09T14:00:00-00:00,2025-07-09,7,0,Hourly,RU,AS_CAISO,DAM,RU_CLR_PRC,0,21
2025-07-09T14:00:00-00:00,2025-07-09T15:00:00-00:00,2025-07-09,8,0,Hourly,RU,AS_SP26_EXP,DAM,RU_CLR_PRC,0,21
2025-07-09T15:00:00-00:00,2025-07-09T16:00:00-00:00,2025-07-09,9,0,Hourly,RU,AS_CAISO_EXP,DAM,RU_CLR_PRC,1.79587,21
2025-07-09T16:00:00-00:00,2025-07-09T17:00:00-00:00,2025-07-09,10,0,Hourly,RU,AS_SP26,DAM,RU_CLR_PRC,0,21
2025-07-09T17:00:00-00:00,2025-07-09T18:00:00-00:00,2025-07-09,11,0,Hourly,RU,AS_NP26,DAM,RU_CLR_PRC,0,21
2025-07-09T17:00:00-00:00,2025-07-09T18:00:00-00:00,2025-07-09,11,0,Hourly,RU,AS_NP26_EXP,DAM,RU_CLR_PRC,1.51869,21
2025-07-09T19:00:00-00:00,2025-07-09T20:00:00-00:00,2025-07-09,13,0,Hourly,RU,AS_CAISO,DAM,RU_CLR_PRC,0,21
2025-07-09T19:00:00-00:00,2025-07-09T20:00:00-00:00,2025-07-09,13,0,Hourly,RU,AS_SP26,DAM,RU_CLR_PRC,0,21
2025-07-09T20:00:00-00:00,2025-07-09T21:00:00-00:00,2025-07-09,14,0,Hourly,RU,AS_NP26_EXP,DAM,RU_CLR_PRC,0.18,21
2025-07-09T21:00:00-00:00,2025-07-09T22:00:00-00:00,2025-07-09,15,0,Hourly,RU,AS_NP26_EXP,DAM,RU_CLR_PRC,1.06386,21
2025-07-09T21:00:00-00:00,2025-07-09T22:00:00-00:00,2025-07-09,15,0,Hourly,RU,AS_SP26_EXP,DAM,RU_CLR_PRC,0,21
2025-07-09T22:00:00-00:00,2025-07-09T23:00:00-00:00,2025-07-09,16,0,Hourly,RU,AS_CAISO,DAM,RU_CLR_PRC,0,21
2025-07-09T23:00:00-00:00,2025-07-10T00:00:00-00:00,2025-07-09,17,0,Hourly,RU,AS_CAISO_EXP,DAM,RU_CLR_PRC,2,21
2025-07-09T23:00:00-00:00,2025-07-10T00:00:00-00:00,2025-07-09,17,0,Hourly,RU,AS_SP26,DAM,RU_CLR_PRC,0,21
2025-07-10T00:00:00-00:00,2025-07-10T01:00:00-00:00,2025-07-09,18,0,Hourly,RU,AS_SP26,DAM,RU_CLR_PRC,0,21
2025-07-10T01:00:00-00:00,2025-07-10T02:00:00-00:00,2025-07-09,19,0,Hourly,RU,AS_NP26,DAM,RU_CLR_PRC,0,21
2025-07-10T01:00:00-00:00,2025-07-10T02:00:00-00:00,2025-07-09,19,0,Hourly,RU,AS_NP26_EXP,DAM,RU_CLR_PRC,1.495,21
2025-07-10T04:00:00-00:00,2025-07-10T05:00:00-00:00,2025-07-09,22,0,Hourly,RU,AS_SP26,DAM,RU_CLR_PRC,0,21
2025-07-10T05:00:00-00:00,2025-07-10T06:00:00-00:00,2025-07-09,23,0,Hourly,RU,AS_CAISO_EXP,DAM,RU_CLR_PRC,2.7,21
2025-07-09T07:00:00-00:00,2025-07-09T08:00:00-00:00,2025-07-09,1,0,Hourly,RU,AS_CAISO,DAM,RU_CLR_PRC,0,21
2025-07-09T07:00:00-00:00,2025-07-09T08:00:00-00:00,2025-07-09,1,0,Hourly,RU,AS_SP26_EXP,DAM,RU_CLR_PRC,0,21
2025-07-09T08:00:00-00:00,2025-07-09T09:00:00-00:00,2025-07-09,2,0,Hourly,RU,AS_SP26_EXP,DAM,RU_CLR_PRC,0,21
2025-07-09T09:00:00-00:00,2025-07-09T10:00:00-00:00,2025-07-09,3,0,Hourly,RU,AS_SP26_EXP,DAM,RU_CLR_PRC,0,21
2025-07-09T10:00:00-00:00,2025-07-09T11:00:00-00:00,2025-07-09,4,0,Hourly,RU,AS_NP26_EXP,DAM,RU_CLR_PRC,0.42067,21
2025-07-09T12:00:00-00:00,2025-07-09T13:00:00-00:00,2025-07-09,6,0,Hourly,RU,AS_CAISO,DAM,RU_CLR_PRC,0,21
2025-07-09T14:00:00-00:00,2025-07-09T15:00:00-00:00,2025-07-09,8,0,Hourly,RU,AS_CAISO_EXP,DAM,RU_CLR_PRC,1.79187,21
2025-07-09T15:00:00-00:00,2025-07-09T16:00:00-00:00,2025-07-09,9,0,Hourly,RU,AS_NP26_EXP,DAM,RU_CLR_PRC,1.60334,21
2025-07-09T17:00:00-00:00,2025-07-09T18:00:00-00:00,2025-07-09,11,0,Hourly,RU,AS_CAISO,DAM,RU_CLR_PRC,0,21
2025-07-09T20:00:00-00:00,2025-07-09T21:00:00-00:00,2025-07-09,14,0,Hourly,RU,AS_NP26,DAM,RU_CLR_PRC,0,21
2025-07-09T21:00:00-00:00,2025-07-09T22:00:00-00:00,2025-07-09,15,0,Hourly,RU,AS_NP26,DAM,RU_CLR_PRC,0,21
2025-07-09T22:00:00-00:00,2025-07-09T23:00:00-00:00,2025-07-09,16,0,Hourly,RU,AS_SP26,DAM,RU_CLR_PRC,0,21
2025-07-10T02:00:00-00:00,2025-07-10T03:00:00-00:00,2025-07-09,20,0,Hourly,RU,AS_CAISO_EXP,DAM,RU_CLR_PRC,9.12785,21
2025-07-10T02:00:00-00:00,2025-07-10T03:00:00-00:00,2025-07-09,20,0,Hourly,RU,AS_NP26_EXP,DAM,RU_CLR_PRC,0,21
2025-07-10T03:00:00-00:00,2025-07-10T04:00:00-00:00,2025-07-09,21,0,Hourly,RU,AS_SP26_EXP,DAM,RU_CLR_PRC,0,21
2025-07-10T04:00:00-00:00,2025-07-10T05:00:00-00:00,2025-07-09,22,0,Hourly,RU,AS_CAISO_EXP,DAM,RU_CLR_PRC,4.54,21
2025-07-10T05:00:00-00:00,2025-07-10T06:00:00-00:00,2025-07-09,23,0,Hourly,RU,AS_NP26,DAM,RU_CLR_PRC,0,21
2025-07-10T05:00:00-00:00,2025-07-10T06:00:00-00:00,2025-07-09,23,0,Hourly,RU,AS_NP26_EXP,DAM,RU_CLR_PRC,0,21
2025-07-10T06:00:00-00:00,2025-07-10T07:00:00-00:00,2025-07-09,24,0,Hourly,RU,AS_NP26_EXP,DAM,RU_CLR_PRC,0,21
2025-07-10T06:00:00-00:00,2025-07-10T07:00:00-00:00,2025-07-09,24,0,Hourly,RU,AS_SP26_EXP,DAM,RU_CLR_PRC,0,21
2025-07-09T10:00:00-00:00,2025-07-09T11:00:00-00:00,2025-07-09,4,0,Hourly,RU,AS_NP26,DAM,RU_CLR_PRC,0,21
2025-07-09T11:00:00-00:00,2025-07-09T12:00:00-00:00,2025-07-09,5,0,Hourly,RU,AS_SP26_EXP,DAM,RU_CLR_PRC,0,21
2025-07-09T13:00:00-00:00,2025-07-09T14:00:00-00:00,2025-07-09,7,0,Hourly,RU,AS_NP26,DAM,RU_CLR_PRC,0,21
2025-07-09T14:00:00-00:00,2025-07-09T15:00:00-00:00,2025-07-09,8,0,Hourly,RU,AS_CAISO,DAM,RU_CLR_PRC,0,21
2025-07-09T14:00:00-00:00,2025-07-09T15:00:00-00:00,2025-07-09,8,0,Hourly,RU,AS_NP26,DAM,RU_CLR_PRC,0,21
2025-07-09T14:00:00-00:00,2025-07-09T15:00:00-00:00,2025-07-09,8,0,Hourly,RU,AS_SP26,DAM,RU_CLR_PRC,0,21
2025-07-09T17:00:00-00:00,2025-07-09T18:00:00-00:00,2025-07-09,11,0,Hourly,RU,AS_SP26_EXP,DAM,RU_CLR_PRC,0,21
2025-07-09T18:00:00-00:00,2025-07-09T19:00:00-00:00,2025-07-09,12,0,Hourly,RU,AS_CAISO_EXP,DAM,RU_CLR_PRC,0.59405,21
2025-07-09T18:00:00-00:00,2025-07-09T19:00:00-00:00,2025-07-09,12,0,Hourly,RU,AS_NP26_EXP,DAM,RU_CLR_PRC,1.13511,21
2025-07-09T19:00:00-00:00,2025-07-09T20:00:00-00:00,2025-07-09,13,0,Hourly,RU,AS_NP26,DAM,RU_CLR_PRC,0,21
2025-07-09T20:00:00-00:00,2025-07-09T21:00:00-00:00,2025-07-09,14,0,Hourly,RU,AS_CAISO_EXP,DAM,RU_CLR_PRC,2,21
2025-07-09T21:00:00-00:00,2025-07-09T22:00:00-00:00,2025-07-09,15,0,Hourly,RU,AS_SP26,DAM,RU_CLR_PRC,0,21
2025-07-09T22:00:00-00:00,2025-07-09T23:00:00-00:00,2025-07-09,16,0,Hourly,RU,AS_CAISO_EXP,DAM,RU_CLR_PRC,1.61574,21
2025-07-10T01:00:00-00:00,2025-07-10T02:00:00-00:00,2025-07-09,19,0,Hourly,RU,AS_CAISO,DAM,RU_CLR_PRC,0,21
2025-07-10T02:00:00-00:00,2025-07-10T03:00:00-00:00,2025-07-09,20,0,Hourly,RU,AS_SP26_EXP,DAM,RU_CLR_PRC,1.1782,21
2025-07-10T06:00:00-00:00,2025-07-10T07:00:00-00:00,2025-07-09,24,0,Hourly,RU,AS_CAISO,DAM,RU_CLR_PRC,0,21
2025-07-09T07:00:00-00:00,2025-07-09T08:00:00-00:00,2025-07-09,1,0,Hourly,RU,AS_NP26_EXP,DAM,RU_CLR_PRC,0,21
2025-07-09T09:00:00-00:00,2025-07-09T10:00:00-00:00,2025-07-09,3,0,Hourly,RU,AS_CAISO_EXP,DAM,RU_CLR_PRC,0.65,21
2025-07-09T10:00:00-00:00,2025-07-09T11:00:00-00:00,2025-07-09,4,0,Hourly,RU,AS_SP26,DAM,RU_CLR_PRC,0,21
2025-07-09T11:00:00-00:00,2025-07-09T12:00:00-00:00,2025-07-09,5,0,Hourly,RU,AS_CAISO,DAM,RU_CLR_PRC,0,21
2025-07-09T12:00:00-00:00,2025-07-09T13:00:00-00:00,2025-07-09,6,0,Hourly,RU,AS_SP26_EXP,DAM,RU_CLR_PRC,0,21
2025-07-10T12:00:00-00:00,2025-07-10T13:00:00-00:00,2025-07-10,6,0,Hourly,RU,AS_SP26_EXP,DAM,RU_CLR_PRC,0,22
2025-07-10T13:00:00-00:00,2025-07-10T14:00:00-00:00,2025-07-10,7,0,Hourly,RU,AS_SP26_EXP,DAM,RU_CLR_PRC,0,22
2025-07-10T14:00:00-00:00,2025-07-10T15:00:00-00:00,2025-07-10,8,0,Hourly,RU,AS_CAISO_EXP,DAM,RU_CLR_PRC,2.22939,22
2025-07-10T15:00:00-00:00,2025-07-10T16:00:00-00:00,2025-07-10,9,0,Hourly,RU,AS_NP26_EXP,DAM,RU_CLR_PRC,0.08,22
2025-07-10T16:00:00-00:00,2025-07-10T17:00:00-00:00,2025-07-10,10,0,Hourly,RU,AS_SP26,DAM,RU_CLR_PRC,0,22
2025-07-10T18:00:00-00:00,2025-07-10T19:00:00-00:00,2025-07-10,12,0,Hourly,RU,AS_CAISO,DAM,RU_CLR_PRC,0,22
2025-07-10T18:00:00-00:00,2025-07-10T19:00:00-00:00,2025-07-10,12,0,Hourly,RU,AS_CAISO_EXP,DAM,RU_CLR_PRC,1.35,22
2025-07-10T19:00:00-00:00,2025-07-10T20:00:00-00:00,2025-07-10,13,0,Hourly,RU,AS_NP26,DAM,RU_CLR_PRC,0,22
2025-07-10T20:00:00-00:00,2025-07-10T21:00:00-00:00,2025-07-10,14,0,Hourly,RU,AS_SP26,DAM,RU_CLR_PRC,0,22
2025-07-10T21:00:00-00:00,2025-07-10T22:00:00-00:00,2025-07-10,15,0,Hourly,RU,AS_SP26,DAM,RU_CLR_PRC,0,22
2025-07-10T23:00:00-00:00,2025-07-11T00:00:00-00:00,2025-07-10,17,0,Hourly,RU,AS_CAISO,DAM,RU_CLR_PRC,0,22
2025-07-11T00:00:00-00:00,2025-07-11T01:00:00-00:00,2025-07-10,18,0,Hourly,RU,AS_SP26_EXP,DAM,RU_CLR_PRC,0,22
2025-07-11T01:00:00-00:00,2025-07-11T02:00:00-00:00,2025-07-10,19,0,Hourly,RU,AS_NP26_EXP,DAM,RU_CLR_PRC,3.40513,22
2025-07-11T02:00:00-00:00,2025-07-11T03:00:00-00:00,2025-07-10,20,0,Hourly,RU,AS_CAISO,DAM,RU_CLR_PRC,0,22
2025-07-11T02:00:00-00:00,2025-07-11T03:00:00-00:00,2025-07-10,20,0,Hourly,RU,AS_CAISO_EXP,DAM,RU_CLR_PRC,13.20448,22
2025-07-11T05:00:00-00:00,2025-07-11T06:00:00-00:00,2025-07-10,23,0,Hourly,RU,AS_CAISO,DAM,RU_CLR_PRC,0,22
2025-07-11T00:00:00-00:00,2025-07-11T01:00:00-00:00,2025-07-10,18,0,Hourly,RU,AS_NP26_EXP,DAM,RU_CLR_PRC,2.88,22
2025-07-11T00:00:00-00:00,2025-07-11T01:00:00-00:00,2025-07-10,18,0,Hourly,RU,AS_SP26,DAM,RU_CLR_PRC,0,22
2025-07-11T01:00:00-00:00,2025-07-11T02:00:00-00:00,2025-07-10,19,0,Hourly,RU,AS_NP26,DAM,RU_CLR_PRC,0,22
2025-07-11T04:00:00-00:00,2025-07-11T05:00:00-00:00,2025-07-10,22,0,Hourly,RU,AS_NP26,DAM,RU_CLR_PRC,0,22
2025-07-10T07:00:00-00:00,2025-07-10T08:00:00-00:00,2025-07-10,1,0,Hourly,RU,AS_NP26_EXP,DAM,RU_CLR_PRC,0,22
2025-07-10T09:00:00-00:00,2025-07-10T10:00:00-00:00,2025-07-10,3,0,Hourly,RU,AS_CAISO,DAM,RU_CLR_PRC,0,22
2025-07-10T10:00:00-00:00,2025-07-10T11:00:00-00:00,2025-07-10,4,0,Hourly,RU,AS_CAISO_EXP,DAM,RU_CLR_PRC,0.43634,22
2025-07-10T11:00:00-00:00,2025-07-10T12:00:00-00:00,2025-07-10,5,0,Hourly,RU,AS_NP26_EXP,DAM,RU_CLR_PRC,0.51288,22
2025-07-10T12:00:00-00:00,2025-07-10T13:00:00-00:00,2025-07-10,6,0,Hourly,RU,AS_CAISO,DAM,RU_CLR_PRC,0,22
2025-07-10T12:00:00-00:00,2025-07-10T13:00:00-00:00,2025-07-10,6,0,Hourly,RU,AS_CAISO_EXP,DAM,RU_CLR_PRC,0.44603,22
2025-07-10T14:00:00-00:00,2025-07-10T15:00:00-00:00,2025-07-10,8,0,Hourly,RU,AS_NP26,DAM,RU_CLR_PRC,0,22
2025-07-10T17:00:00-00:00,2025-07-10T18:00:00-00:00,2025-07-10,11,0,Hourly,RU,AS_SP26,DAM,RU_CLR_PRC,0,22
2025-07-10T19:00:00-00:00,2025-07-10T20:00:00-00:00,2025-07-10,13,0,Hourly,RU,AS_SP26_EXP,DAM,RU_CLR_PRC,0,22
2025-07-10T20:00:00-00:00,2025-07-10T21:00:00-00:00,2025-07-10,14,0,Hourly,RU,AS_NP26_EXP,DAM,RU_CLR_PRC,1.47,22
2025-07-10T20:00:00-00:00,2025-07-10T21:00:00-00:00,2025-07-10,14,0,Hourly,RU,AS_SP26_EXP,DAM,RU_CLR_PRC,0,22
2025-07-10T23:00:00-00:00,2025-07-11T00:00:00-00:00,2025-07-10,17,0,Hourly,RU,AS_CAISO_EXP,DAM,RU_CLR_PRC,2.98075,22
2025-07-11T01:00:00-00:00,2025-07-11T02:00:00-00:00,2025-07-10,19,0,Hourly,RU,AS_SP26,DAM,RU_CLR_PRC,0,22
2025-07-11T03:00:00-00:00,2025-07-11T04:00:00-00:00,2025-07-10,21,0,Hourly,RU,AS_CAISO,DAM,RU_CLR_PRC,0,22
2025-07-11T04:00:00-00:00,2025-07-11T05:00:00-00:00,2025-07-10,22,0,Hourly,RU,AS_CAISO,DAM,RU_CLR_PRC,0,22
2025-07-11T04:00:00-00:00,2025-07-11T05:00:00-00:00,2025-07-10,22,0,Hourly,RU,AS_SP26,DAM,RU_CLR_PRC,0,22
2025-07-11T06:00:00-00:00,2025-07-11T07:00:00-00:00,2025-07-10,24,0,Hourly,RU,AS_NP26,DAM,RU_CLR_PRC,0,22
2025-07-10T08:00:00-00:00,2025-07-10T09:00:00-00:00,2025-07-10,2,0,Hourly,RU,AS_SP26,DAM,RU_CLR_PRC,0,22
2025-07-10T10:00:00-00:00,2025-07-10T11:00:00-00:00,2025-07-10,4,0,Hourly,RU,AS_SP26,DAM,RU_CLR_PRC,0,22
2025-07-10T11:00:00-00:00,2025-07-10T12:00:00-00:00,2025-07-10,5,0,Hourly,RU,AS_CAISO,DAM,RU_CLR_PRC,0,22
2025-07-10T11:00:00-00:00,2025-07-10T12:00:00-00:00,2025-07-10,5,0,Hourly,RU,AS_SP26_EXP,DAM,RU_CLR_PRC,0,22
2025-07-10T14:00:00-00:00,2025-07-10T15:00:00-00:00,2025-07-10,8,0,Hourly,RU,AS_SP26_EXP,DAM,RU_CLR_PRC,0,22
2025-07-10T15:00:00-00:00,2025-07-10T16:00:00-00:00,2025-07-10,9,0,Hourly,RU,AS_NP26,DAM,RU_CLR_PRC,0,22
2025-07-10T16:00:00-00:00,2025-07-10T17:00:00-00:00,2025-07-10,10,0,Hourly,RU,AS_CAISO,DAM,RU_CLR_PRC,0,22
2025-07-10T16:00:00-00:00,2025-07-10T17:00:00-00:00,2025-07-10,10,0,Hourly,RU,AS_CAISO_EXP,DAM,RU_CLR_PRC,1.44068,22
2025-07-10T17:00:00-00:00,2025-07-10T18:00:00-00:00,2025-07-10,11,0,Hourly,RU,AS_NP26_EXP,DAM,RU_CLR_PRC,1.05158,22
2025-07-10T18:00:00-00:00,2025-07-10T19:00:00-00:00,2025-07-10,12,0,Hourly,RU,AS_SP26_EXP,DAM,RU_CLR_PRC,0,22
2025-07-10T21:00:00-00:00,2025-07-10T22:00:00-00:00,2025-07-10,15,0,Hourly,RU,AS_NP26,DAM,RU_CLR_PRC,0,22
2025-07-11T01:00:00-00:00,2025-07-11T02:00:00-00:00,2025-07-10,19,0,Hourly,RU,AS_CAISO,DAM,RU_CLR_PRC,0,22
2025-07-11T01:00:00-00:00,2025-07-11T02:00:00-00:00,2025-07-10,19,0,Hourly,RU,AS_CAISO_EXP,DAM,RU_CLR_PRC,4.59487,22
2025-07-11T05:00:00-00:00,2025-07-11T06:00:00-00:00,2025-07-10,23,0,Hourly,RU,AS_NP26,DAM,RU_CLR_PRC,0,22
2025-07-11T05:00:00-00:00,2025-07-11T06:00:00-00:00,2025-07-10,23,0,Hourly,RU,AS_NP26_EXP,DAM,RU_CLR_PRC,0.78138,22
2025-07-11T05:00:00-00:00,2025-07-11T06:00:00-00:00,2025-07-10,23,0,Hourly,RU,AS_SP26,DAM,RU_CLR_PRC,0,22
2025-07-11T06:00:00-00:00,2025-07-11T07:00:00-00:00,2025-07-10,24,0,Hourly,RU,AS_CAISO_EXP,DAM,RU_CLR_PRC,6.21738,22
2025-07-10T07:00:00-00:00,2025-07-10T08:00:00-00:00,2025-07-10,1,0,Hourly,RU,AS_CAISO,DAM,RU_CLR_PRC,0,22
2025-07-10T07:00:00-00:00,2025-07-10T08:00:00-00:00,2025-07-10,1,0,Hourly,RU,AS_SP26,DAM,RU_CLR_PRC,0,22
2025-07-10T08:00:00-00:00,2025-07-10T09:00:00-00:00,2025-07-10,2,0,Hourly,RU,AS_CAISO,DAM,RU_CLR_PRC,0,22
2025-07-10T09:00:00-00:00,2025-07-10T10:00:00-00:00,2025-07-10,3,0,Hourly,RU,AS_NP26,DAM,RU_CLR_PRC,0,22
2025-07-10T09:00:00-00:00,2025-07-10T10:00:00-00:00,2025-07-10,3,0,Hourly,RU,AS_SP26_EXP,DAM,RU_CLR_PRC,0,22
2025-07-10T10:00:00-00:00,2025-07-10T11:00:00-00:00,2025-07-10,4,0,Hourly,RU,AS_CAISO,DAM,RU_CLR_PRC,0,22
2025-07-10T10:00:00-00:00,2025-07-10T11:00:00-00:00,2025-07-10,4,0,Hourly,RU,AS_SP26_EXP,DAM,RU_CLR_PRC,0,22
2025-07-10T16:00:00-00:00,2025-07-10T17:00:00-00:00,2025-07-10,10,0,Hourly,RU,AS_SP26_EXP,DAM,RU_CLR_PRC,0,22
2025-07-10T18:00:00-00:00,2025-07-10T19:00:00-00:00,2025-07-10,12,0,Hourly,RU,AS_NP26,DAM,RU_CLR_PRC,0,22
2025-07-10T19:00:00-00:00,2025-07-10T20:00:00-00:00,2025-07-10,13,0,Hourly,RU,AS_CAISO,DAM,RU_CLR_PRC,0,22
2025-07-10T21:00:00-00:00,2025-07-10T22:00:00-00:00,2025-07-10,15,0,Hourly,RU,AS_NP26_EXP,DAM,RU_CLR_PRC,1.55114,22
2025-07-10T22:00:00-00:00,2025-07-10T23:00:00-00:00,2025-07-10,16,0,Hourly,RU,AS_NP26,DAM,RU_CLR_PRC,0,22
2025-07-10T22:00:00-00:00,2025-07-10T23:00:00-00:00,2025-07-10,16,0,Hourly,RU,AS_SP26,DAM,RU_CLR_PRC,0,22
2025-07-11T00:00:00-00:00,2025-07-11T01:00:00-00:00,2025-07-10,18,0,Hourly,RU,AS_CAISO_EXP,DAM,RU_CLR_PRC,2,22
2025-07-11T01:00:00-00:00,2025-07-11T02:00:00-00:00,2025-07-10,19,0,Hourly,RU,AS_SP26_EXP,DAM,RU_CLR_PRC,0,22
2025-07-11T02:00:00-00:00,2025-07-11T03:00:00-00:00,2025-07-10,20,0,Hourly,RU,AS_NP26,DAM,RU_CLR_PRC,0,22
2025-07-11T03:00:00-00:00,2025-07-11T04:00:00-00:00,2025-07-10,21,0,Hourly,RU,AS_CAISO_EXP,DAM,RU_CLR_PRC,8.68,22
2025-07-11T03:00:00-00:00,2025-07-11T04:00:00-00:00,2025-07-10,21,0,Hourly,RU,AS_NP26_EXP,DAM,RU_CLR_PRC,0.51023,22
2025-07-11T04:00:00-00:00,2025-07-11T05:00:00-00:00,2025-07-10,22,0,Hourly,RU,AS_SP26_EXP,DAM,RU_CLR_PRC,0,22
2025-07-11T05:00:00-00:00,2025-07-11T06:00:00-00:00,2025-07-10,23,0,Hourly,RU,AS_CAISO_EXP,DAM,RU_CLR_PRC,2.09,22
2025-07-11T06:00:00-00:00,2025-07-11T07:00:00-00:00,2025-07-10,24,0,Hourly,RU,AS_SP26_EXP,DAM,RU_CLR_PRC,0,22
2025-07-10T07:00:00-00:00,2025-07-10T08:00:00-00:00,2025-07-10,1,0,Hourly,RU,AS_CAISO_EXP,DAM,RU_CLR_PRC,1.21804,22
2025-07-10T07:00:00-00:00,2025-07-10T08:00:00-00:00,2025-07-10,1,0,Hourly,RU,AS_SP26_EXP,DAM,RU_CLR_PRC,0,22
2025-07-10T09:00:00-00:00,2025-07-10T10:00:00-00:00,2025-07-10,3,0,Hourly,RU,AS_CAISO_EXP,DAM,RU_CLR_PRC,1,22
2025-07-10T12:00:00-00:00,2025-07-10T13:00:00-00:00,2025-07-10,6,0,Hourly,RU,AS_NP26,DAM,RU_CLR_PRC,0,22
2025-07-10T12:00:00-00:00,2025-07-10T13:00:00-00:00,2025-07-10,6,0,Hourly,RU,AS_SP26,DAM,RU_CLR_PRC,0,22
2025-07-10T10:00:00-00:00,2025-07-10T11:00:00-00:00,2025-07-10,4,0,Hourly,RU,AS_NP26,DAM,RU_CLR_PRC,0,22
2025-07-10T10:00:00-00:00,2025-07-10T11:00:00-00:00,2025-07-10,4,0,Hourly,RU,AS_NP26_EXP,DAM,RU_CLR_PRC,0.30366,22
2025-07-10T13:00:00-00:00,2025-07-10T14:00:00-00:00,2025-07-10,7,0,Hourly,RU,AS_CAISO,DAM,RU_CLR_PRC,0,22
2025-07-10T13:00:00-00:00,2025-07-10T14:00:00-00:00,2025-07-10,7,0,Hourly,RU,AS_CAISO_EXP,DAM,RU_CLR_PRC,4.28409,22
2025-07-10T15:00:00-00:00,2025-07-10T16:00:00-00:00,2025-07-10,9,0,Hourly,RU,AS_SP26_EXP,DAM,RU_CLR_PRC,0,22
2025-07-10T17:00:00-00:00,2025-07-10T18:00:00-00:00,2025-07-10,11,0,Hourly,RU,AS_NP26,DAM,RU_CLR_PRC,0,22
2025-07-10T19:00:00-00:00,2025-07-10T20:00:00-00:00,2025-07-10,13,0,Hourly,RU,AS_CAISO_EXP,DAM,RU_CLR_PRC,1.10858,22
2025-07-10T21:00:00-00:00,2025-07-10T22:00:00-00:00,2025-07-10,15,0,Hourly,RU,AS_CAISO,DAM,RU_CLR_PRC,0,22
2025-07-10T22:00:00-00:00,2025-07-10T23:00:00-00:00,2025-07-10,16,0,Hourly,RU,AS_NP26_EXP,DAM,RU_CLR_PRC,1.86355,22
2025-07-11T03:00:00-00:00,2025-07-11T04:00:00-00:00,2025-07-10,21,0,Hourly,RU,AS_SP26,DAM,RU_CLR_PRC,0,22
2025-07-11T06:00:00-00:00,2025-07-11T07:00:00-00:00,2025-07-10,24,0,Hourly,RU,AS_SP26,DAM,RU_CLR_PRC,0,22
2025-07-10T09:00:00-00:00,2025-07-10T10:00:00-00:00,2025-07-10,3,0,Hourly,RU,AS_NP26_EXP,DAM,RU_CLR_PRC,0,22
2025-07-10T09:00:00-00:00,2025-07-10T10:00:00-00:00,2025-07-10,3,0,Hourly,RU,AS_SP26,DAM,RU_CLR_PRC,0,22
2025-07-10T13:00:00-00:00,2025-07-10T14:00:00-00:00,2025-07-10,7,0,Hourly,RU,AS_NP26_EXP,DAM,RU_CLR_PRC,0.20683,22
2025-07-10T14:00:00-00:00,2025-07-10T15:00:00-00:00,2025-07-10,8,0,Hourly,RU,AS_CAISO,DAM,RU_CLR_PRC,0,22
2025-07-10T15:00:00-00:00,2025-07-10T16:00:00-00:00,2025-07-10,9,0,Hourly,RU,AS_SP26,DAM,RU_CLR_PRC,0,22
2025-07-10T16:00:00-00:00,2025-07-10T17:00:00-00:00,2025-07-10,10,0,Hourly,RU,AS_NP26_EXP,DAM,RU_CLR_PRC,0.73932,22
2025-07-10T18:00:00-00:00,2025-07-10T19:00:00-00:00,2025-07-10,12,0,Hourly,RU,AS_NP26_EXP,DAM,RU_CLR_PRC,0.24859,22
2025-07-10T19:00:00-00:00,2025-07-10T20:00:00-00:00,2025-07-10,13,0,Hourly,RU,AS_NP26_EXP,DAM,RU_CLR_PRC,1.12576,22
2025-07-10T20:00:00-00:00,2025-07-10T21:00:00-00:00,2025-07-10,14,0,Hourly,RU,AS_NP26,DAM,RU_CLR_PRC,0,22
2025-07-10T21:00:00-00:00,2025-07-10T22:00:00-00:00,2025-07-10,15,0,Hourly,RU,AS_SP26_EXP,DAM,RU_CLR_PRC,0,22
2025-07-10T22:00:00-00:00,2025-07-10T23:00:00-00:00,2025-07-10,16,0,Hourly,RU,AS_CAISO,DAM,RU_CLR_PRC,0,22
2025-07-10T22:00:00-00:00,2025-07-10T23:00:00-00:00,2025-07-10,16,0,Hourly,RU,AS_SP26_EXP,DAM,RU_CLR_PRC,0,22
2025-07-10T23:00:00-00:00,2025-07-11T00:00:00-00:00,2025-07-10,17,0,Hourly,RU,AS_SP26_EXP,DAM,RU_CLR_PRC,0,22
2025-07-11T02:00:00-00:00,2025-07-11T03:00:00-00:00,2025-07-10,20,0,Hourly,RU,AS_NP26_EXP,DAM,RU_CLR_PRC,0,22
2025-07-11T02:00:00-00:00,2025-07-11T03:00:00-00:00,2025-07-10,20,0,Hourly,RU,AS_SP26_EXP,DAM,RU_CLR_PRC,0,22
2025-07-11T03:00:00-00:00,2025-07-11T04:00:00-00:00,2025-07-10,21,0,Hourly,RU,AS_SP26_EXP,DAM,RU_CLR_PRC,0,22
2025-07-11T04:00:00-00:00,2025-07-11T05:00:00-00:00,2025-07-10,22,0,Hourly,RU,AS_CAISO_EXP,DAM,RU_CLR_PRC,2,22
2025-07-11T05:00:00-00:00,2025-07-11T06:00:00-00:00,2025-07-10,23,0,Hourly,RU,AS_SP26_EXP,DAM,RU_CLR_PRC,0,22
2025-07-11T06:00:00-00:00,2025-07-11T07:00:00-00:00,2025-07-10,24,0,Hourly,RU,AS_CAISO,DAM,RU_CLR_PRC,0,22
2025-07-10T08:00:00-00:00,2025-07-10T09:00:00-00:00,2025-07-10,2,0,Hourly,RU,AS_NP26,DAM,RU_CLR_PRC,0,22
2025-07-10T11:00:00-00:00,2025-07-10T12:00:00-00:00,2025-07-10,5,0,Hourly,RU,AS_CAISO_EXP,DAM,RU_CLR_PRC,0.3,22
2025-07-10T11:00:00-00:00,2025-07-10T12:00:00-00:00,2025-07-10,5,0,Hourly,RU,AS_NP26,DAM,RU_CLR_PRC,0,22
2025-07-10T12:00:00-00:00,2025-07-10T13:00:00-00:00,2025-07-10,6,0,Hourly,RU,AS_NP26_EXP,DAM,RU_CLR_PRC,1.88781,22
2025-07-10T13:00:00-00:00,2025-07-10T14:00:00-00:00,2025-07-10,7,0,Hourly,RU,AS_NP26,DAM,RU_CLR_PRC,0,22
2025-07-10T14:00:00-00:00,2025-07-10T15:00:00-00:00,2025-07-10,8,0,Hourly,RU,AS_NP26_EXP,DAM,RU_CLR_PRC,0.65061,22
2025-07-10T14:00:00-00:00,2025-07-10T15:00:00-00:00,2025-07-10,8,0,Hourly,RU,AS_SP26,DAM,RU_CLR_PRC,0,22
2025-07-10T15:00:00-00:00,2025-07-10T16:00:00-00:00,2025-07-10,9,0,Hourly,RU,AS_CAISO,DAM,RU_CLR_PRC,0,22
2025-07-10T15:00:00-00:00,2025-07-10T16:00:00-00:00,2025-07-10,9,0,Hourly,RU,AS_CAISO_EXP,DAM,RU_CLR_PRC,2.05,22
2025-07-10T17:00:00-00:00,2025-07-10T18:00:00-00:00,2025-07-10,11,0,Hourly,RU,AS_SP26_EXP,DAM,RU_CLR_PRC,0,22
2025-07-10T18:00:00-00:00,2025-07-10T19:00:00-00:00,2025-07-10,12,0,Hourly,RU,AS_SP26,DAM,RU_CLR_PRC,0,22
2025-07-10T20:00:00-00:00,2025-07-10T21:00:00-00:00,2025-07-10,14,0,Hourly,RU,AS_CAISO,DAM,RU_CLR_PRC,0,22
2025-07-10T22:00:00-00:00,2025-07-10T23:00:00-00:00,2025-07-10,16,0,Hourly,RU,AS_CAISO_EXP,DAM,RU_CLR_PRC,2.76645,22
2025-07-11T02:00:00-00:00,2025-07-11T03:00:00-00:00,2025-07-10,20,0,Hourly,RU,AS_SP26,DAM,RU_CLR_PRC,0,22
2025-07-11T03:00:00-00:00,2025-07-11T04:00:00-00:00,2025-07-10,21,0,Hourly,RU,AS_NP26,DAM,RU_CLR_PRC,0,22
2025-07-11T04:00:00-00:00,2025-07-11T05:00:00-00:00,2025-07-10,22,0,Hourly,RU,AS_NP26_EXP,DAM,RU_CLR_PRC,3.99,22
2025-07-11T06:00:00-00:00,2025-07-11T07:00:00-00:00,2025-07-10,24,0,Hourly,RU,AS_NP26_EXP,DAM,RU_CLR_PRC,0,22
2025-07-10T07:00:00-00:00,2025-07-10T08:00:00-00:00,2025-07-10,1,0,Hourly,RU,AS_NP26,DAM,RU_CLR_PRC,0,22
2025-07-10T08:00:00-00:00,2025-07-10T09:00:00-00:00,2025-07-10,2,0,Hourly,RU,AS_CAISO_EXP,DAM,RU_CLR_PRC,1,22
2025-07-10T08:00:00-00:00,2025-07-10T09:00:00-00:00,2025-07-10,2,0,Hourly,RU,AS_NP26_EXP,DAM,RU_CLR_PRC,0,22
2025-07-10T08:00:00-00:00,2025-07-10T09:00:00-00:00,2025-07-10,2,0,Hourly,RU,AS_SP26_EXP,DAM,RU_CLR_PRC,0,22
2025-07-10T11:00:00-00:00,2025-07-10T12:00:00-00:00,2025-07-10,5,0,Hourly,RU,AS_SP26,DAM,RU_CLR_PRC,0,22
2025-07-10T13:00:00-00:00,2025-07-10T14:00:00-00:00,2025-07-10,7,0,Hourly,RU,AS_SP26,DAM,RU_CLR_PRC,0,22
2025-07-10T16:00:00-00:00,2025-07-10T17:00:00-00:00,2025-07-10,10,0,Hourly,RU,AS_NP26,DAM,RU_CLR_PRC,0,22
2025-07-10T17:00:00-00:00,2025-07-10T18:00:00-00:00,2025-07-10,11,0,Hourly,RU,AS_CAISO,DAM,RU_CLR_PRC,0,22
2025-07-10T17:00:00-00:00,2025-07-10T18:00:00-00:00,2025-07-10,11,0,Hourly,RU,AS_CAISO_EXP,DAM,RU_CLR_PRC,0.98702,22
2025-07-10T19:00:00-00:00,2025-07-10T20:00:00-00:00,2025-07-10,13,0,Hourly,RU,AS_SP26,DAM,RU_CLR_PRC,0,22
2025-07-10T20:00:00-00:00,2025-07-10T21:00:00-00:00,2025-07-10,14,0,Hourly,RU,AS_CAISO_EXP,DAM,RU_CLR_PRC,2,22
2025-07-10T21:00:00-00:00,2025-07-10T22:00:00-00:00,2025-07-10,15,0,Hourly,RU,AS_CAISO_EXP,DAM,RU_CLR_PRC,2.77886,22
2025-07-10T23:00:00-00:00,2025-07-11T00:00:00-00:00,2025-07-10,17,0,Hourly,RU,AS_NP26,DAM,RU_CLR_PRC,0,22
2025-07-10T23:00:00-00:00,2025-07-11T00:00:00-00:00,2025-07-10,17,0,Hourly,RU,AS_NP26_EXP,DAM,RU_CLR_PRC,1.43925,22
2025-07-10T23:00:00-00:00,2025-07-11T00:00:00-00:00,2025-07-10,17,0,Hourly,RU,AS_SP26,DAM,RU_CLR_PRC,0,22
2025-07-11T00:00:00-00:00,2025-07-11T01:00:00-00:00,2025-07-10,18,0,Hourly,RU,AS_CAISO,DAM,RU_CLR_PRC,0,22
2025-07-11T00:00:00-00:00,2025-07-11T01:00:00-00:00,2025-07-10,18,0,Hourly,RU,AS_NP26,DAM,RU_CLR_PRC,0,22
2025-07-11T08:00:00-00:00,2025-07-11T09:00:00-00:00,2025-07-11,2,0,Hourly,RU,AS_CAISO,DAM,RU_CLR_PRC,0,23
2025-07-11T08:00:00-00:00,2025-07-11T09:00:00-00:00,2025-07-11,2,0,Hourly,RU,AS_SP26_EXP,DAM,RU_CLR_PRC,0,23
2025-07-11T13:00:00-00:00,2025-07-11T14:00:00-00:00,2025-07-11,7,0,Hourly,RU,AS_SP26_EXP,DAM,RU_CLR_PRC,0,23
2025-07-11T14:00:00-00:00,2025-07-11T15:00:00-00:00,2025-07-11,8,0,Hourly,RU,AS_NP26_EXP,DAM,RU_CLR_PRC,1.28965,23
2025-07-11T14:00:00-00:00,2025-07-11T15:00:00-00:00,2025-07-11,8,0,Hourly,RU,AS_SP26,DAM,RU_CLR_PRC,0,23
2025-07-11T16:00:00-00:00,2025-07-11T17:00:00-00:00,2025-07-11,10,0,Hourly,RU,AS_SP26_EXP,DAM,RU_CLR_PRC,0,23
2025-07-11T17:00:00-00:00,2025-07-11T18:00:00-00:00,2025-07-11,11,0,Hourly,RU,AS_CAISO_EXP,DAM,RU_CLR_PRC,1.26,23
2025-07-11T17:00:00-00:00,2025-07-11T18:00:00-00:00,2025-07-11,11,0,Hourly,RU,AS_NP26_EXP,DAM,RU_CLR_PRC,0.74,23
2025-07-11T18:00:00-00:00,2025-07-11T19:00:00-00:00,2025-07-11,12,0,Hourly,RU,AS_CAISO,DAM,RU_CLR_PRC,0,23
2025-07-11T19:00:00-00:00,2025-07-11T20:00:00-00:00,2025-07-11,13,0,Hourly,RU,AS_NP26,DAM,RU_CLR_PRC,0,23
2025-07-11T21:00:00-00:00,2025-07-11T22:00:00-00:00,2025-07-11,15,0,Hourly,RU,AS_CAISO,DAM,RU_CLR_PRC,0,23
2025-07-11T22:00:00-00:00,2025-07-11T23:00:00-00:00,2025-07-11,16,0,Hourly,RU,AS_NP26,DAM,RU_CLR_PRC,0,23
2025-07-11T23:00:00-00:00,2025-07-12T00:00:00-00:00,2025-07-11,17,0,Hourly,RU,AS_CAISO,DAM,RU_CLR_PRC,0,23
2025-07-11T23:00:00-00:00,2025-07-12T00:00:00-00:00,2025-07-11,17,0,Hourly,RU,AS_NP26,DAM,RU_CLR_PRC,0,23
2025-07-12T01:00:00-00:00,2025-07-12T02:00:00-00:00,2025-07-11,19,0,Hourly,RU,AS_CAISO_EXP,DAM,RU_CLR_PRC,2.72801,23
2025-07-12T04:00:00-00:00,2025-07-12T05:00:00-00:00,2025-07-11,22,0,Hourly,RU,AS_SP26_EXP,DAM,RU_CLR_PRC,0,23
2025-07-11T10:00:00-00:00,2025-07-11T11:00:00-00:00,2025-07-11,4,0,Hourly,RU,AS_NP26_EXP,DAM,RU_CLR_PRC,0,23
2025-07-11T11:00:00-00:00,2025-07-11T12:00:00-00:00,2025-07-11,5,0,Hourly,RU,AS_SP26,DAM,RU_CLR_PRC,0,23
2025-07-11T12:00:00-00:00,2025-07-11T13:00:00-00:00,2025-07-11,6,0,Hourly,RU,AS_CAISO_EXP,DAM,RU_CLR_PRC,1,23
2025-07-11T12:00:00-00:00,2025-07-11T13:00:00-00:00,2025-07-11,6,0,Hourly,RU,AS_SP26,DAM,RU_CLR_PRC,0,23
2025-07-11T13:00:00-00:00,2025-07-11T14:00:00-00:00,2025-07-11,7,0,Hourly,RU,AS_SP26,DAM,RU_CLR_PRC,0,23
2025-07-11T18:00:00-00:00,2025-07-11T19:00:00-00:00,2025-07-11,12,0,Hourly,RU,AS_NP26,DAM,RU_CLR_PRC,0,23
2025-07-11T20:00:00-00:00,2025-07-11T21:00:00-00:00,2025-07-11,14,0,Hourly,RU,AS_SP26,DAM,RU_CLR_PRC,0,23
2025-07-12T02:00:00-00:00,2025-07-12T03:00:00-00:00,2025-07-11,20,0,Hourly,RU,AS_CAISO_EXP,DAM,RU_CLR_PRC,8.90292,23
2025-07-12T03:00:00-00:00,2025-07-12T04:00:00-00:00,2025-07-11,21,0,Hourly,RU,AS_NP26,DAM,RU_CLR_PRC,0,23
2025-07-12T05:00:00-00:00,2025-07-12T06:00:00-00:00,2025-07-11,23,0,Hourly,RU,AS_CAISO_EXP,DAM,RU_CLR_PRC,2,23
2025-07-11T07:00:00-00:00,2025-07-11T08:00:00-00:00,2025-07-11,1,0,Hourly,RU,AS_CAISO_EXP,DAM,RU_CLR_PRC,2.37041,23
2025-07-11T09:00:00-00:00,2025-07-11T10:00:00-00:00,2025-07-11,3,0,Hourly,RU,AS_CAISO,DAM,RU_CLR_PRC,0,23
2025-07-11T12:00:00-00:00,2025-07-11T13:00:00-00:00,2025-07-11,6,0,Hourly,RU,AS_SP26_EXP,DAM,RU_CLR_PRC,0,23
2025-07-11T18:00:00-00:00,2025-07-11T19:00:00-00:00,2025-07-11,12,0,Hourly,RU,AS_SP26_EXP,DAM,RU_CLR_PRC,0,23
2025-07-11T20:00:00-00:00,2025-07-11T21:00:00-00:00,2025-07-11,14,0,Hourly,RU,AS_NP26,DAM,RU_CLR_PRC,0,23
2025-07-11T21:00:00-00:00,2025-07-11T22:00:00-00:00,2025-07-11,15,0,Hourly,RU,AS_CAISO_EXP,DAM,RU_CLR_PRC,1.9214,23
2025-07-11T21:00:00-00:00,2025-07-11T22:00:00-00:00,2025-07-11,15,0,Hourly,RU,AS_SP26,DAM,RU_CLR_PRC,0,23
2025-07-12T00:00:00-00:00,2025-07-12T01:00:00-00:00,2025-07-11,18,0,Hourly,RU,AS_SP26,DAM,RU_CLR_PRC,0,23
2025-07-12T02:00:00-00:00,2025-07-12T03:00:00-00:00,2025-07-11,20,0,Hourly,RU,AS_NP26,DAM,RU_CLR_PRC,0,23
2025-07-12T02:00:00-00:00,2025-07-12T03:00:00-00:00,2025-07-11,20,0,Hourly,RU,AS_SP26_EXP,DAM,RU_CLR_PRC,0.12252,23
2025-07-12T04:00:00-00:00,2025-07-12T05:00:00-00:00,2025-07-11,22,0,Hourly,RU,AS_CAISO,DAM,RU_CLR_PRC,0,23
2025-07-12T04:00:00-00:00,2025-07-12T05:00:00-00:00,2025-07-11,22,0,Hourly,RU,AS_NP26,DAM,RU_CLR_PRC,0,23
2025-07-12T04:00:00-00:00,2025-07-12T05:00:00-00:00,2025-07-11,22,0,Hourly,RU,AS_SP26,DAM,RU_CLR_PRC,0,23
2025-07-12T05:00:00-00:00,2025-07-12T06:00:00-00:00,2025-07-11,23,0,Hourly,RU,AS_SP26,DAM,RU_CLR_PRC,0,23
2025-07-12T05:00:00-00:00,2025-07-12T06:00:00-00:00,2025-07-11,23,0,Hourly,RU,AS_SP26_EXP,DAM,RU_CLR_PRC,0,23
2025-07-12T06:00:00-00:00,2025-07-12T07:00:00-00:00,2025-07-11,24,0,Hourly,RU,AS_CAISO_EXP,DAM,RU_CLR_PRC,4.60771,23
2025-07-12T06:00:00-00:00,2025-07-12T07:00:00-00:00,2025-07-11,24,0,Hourly,RU,AS_SP26_EXP,DAM,RU_CLR_PRC,0,23
2025-07-11T07:00:00-00:00,2025-07-11T08:00:00-00:00,2025-07-11,1,0,Hourly,RU,AS_CAISO,DAM,RU_CLR_PRC,0,23
2025-07-11T07:00:00-00:00,2025-07-11T08:00:00-00:00,2025-07-11,1,0,Hourly,RU,AS_SP26_EXP,DAM,RU_CLR_PRC,0,23
2025-07-11T10:00:00-00:00,2025-07-11T11:00:00-00:00,2025-07-11,4,0,Hourly,RU,AS_NP26,DAM,RU_CLR_PRC,0,23
2025-07-11T12:00:00-00:00,2025-07-11T13:00:00-00:00,2025-07-11,6,0,Hourly,RU,AS_NP26_EXP,DAM,RU_CLR_PRC,0,23
2025-07-11T13:00:00-00:00,2025-07-11T14:00:00-00:00,2025-07-11,7,0,Hourly,RU,AS_CAISO,DAM,RU_CLR_PRC,0,23
2025-07-11T14:00:00-00:00,2025-07-11T15:00:00-00:00,2025-07-11,8,0,Hourly,RU,AS_CAISO,DAM,RU_CLR_PRC,0,23
2025-07-11T15:00:00-00:00,2025-07-11T16:00:00-00:00,2025-07-11,9,0,Hourly,RU,AS_CAISO,DAM,RU_CLR_PRC,0,23
2025-07-11T15:00:00-00:00,2025-07-11T16:00:00-00:00,2025-07-11,9,0,Hourly,RU,AS_NP26,DAM,RU_CLR_PRC,0,23
2025-07-11T16:00:00-00:00,2025-07-11T17:00:00-00:00,2025-07-11,10,0,Hourly,RU,AS_CAISO_EXP,DAM,RU_CLR_PRC,2,23
2025-07-11T17:00:00-00:00,2025-07-11T18:00:00-00:00,2025-07-11,11,0,Hourly,RU,AS_SP26_EXP,DAM,RU_CLR_PRC,0,23
2025-07-11T18:00:00-00:00,2025-07-11T19:00:00-00:00,2025-07-11,12,0,Hourly,RU,AS_CAISO_EXP,DAM,RU_CLR_PRC,0.93609,23
2025-07-11T18:00:00-00:00,2025-07-11T19:00:00-00:00,2025-07-11,12,0,Hourly,RU,AS_SP26,DAM,RU_CLR_PRC,0,23
2025-07-11T21:00:00-00:00,2025-07-11T22:00:00-00:00,2025-07-11,15,0,Hourly,RU,AS_NP26_EXP,DAM,RU_CLR_PRC,2.4086,23
2025-07-11T22:00:00-00:00,2025-07-11T23:00:00-00:00,2025-07-11,16,0,Hourly,RU,AS_SP26_EXP,DAM,RU_CLR_PRC,0,23
2025-07-11T23:00:00-00:00,2025-07-12T00:00:00-00:00,2025-07-11,17,0,Hourly,RU,AS_NP26_EXP,DAM,RU_CLR_PRC,2.42,23
2025-07-12T01:00:00-00:00,2025-07-12T02:00:00-00:00,2025-07-11,19,0,Hourly,RU,AS_SP26_EXP,DAM,RU_CLR_PRC,0,23
2025-07-12T05:00:00-00:00,2025-07-12T06:00:00-00:00,2025-07-11,23,0,Hourly,RU,AS_NP26_EXP,DAM,RU_CLR_PRC,1,23
2025-07-12T06:00:00-00:00,2025-07-12T07:00:00-00:00,2025-07-11,24,0,Hourly,RU,AS_NP26,DAM,RU_CLR_PRC,0,23
2025-07-12T06:00:00-00:00,2025-07-12T07:00:00-00:00,2025-07-11,24,0,Hourly,RU,AS_SP26,DAM,RU_CLR_PRC,0,23
2025-07-11T08:00:00-00:00,2025-07-11T09:00:00-00:00,2025-07-11,2,0,Hourly,RU,AS_CAISO_EXP,DAM,RU_CLR_PRC,1.47946,23
2025-07-11T09:00:00-00:00,2025-07-11T10:00:00-00:00,2025-07-11,3,0,Hourly,RU,AS_NP26_EXP,DAM,RU_CLR_PRC,0,23
2025-07-11T10:00:00-00:00,2025-07-11T11:00:00-00:00,2025-07-11,4,0,Hourly,RU,AS_SP26,DAM,RU_CLR_PRC,0,23
2025-07-11T10:00:00-00:00,2025-07-11T11:00:00-00:00,2025-07-11,4,0,Hourly,RU,AS_SP26_EXP,DAM,RU_CLR_PRC,0,23
2025-07-11T14:00:00-00:00,2025-07-11T15:00:00-00:00,2025-07-11,8,0,Hourly,RU,AS_NP26,DAM,RU_CLR_PRC,0,23
2025-07-11T15:00:00-00:00,2025-07-11T16:00:00-00:00,2025-07-11,9,0,Hourly,RU,AS_SP26,DAM,RU_CLR_PRC,0,23
2025-07-11T15:00:00-00:00,2025-07-11T16:00:00-00:00,2025-07-11,9,0,Hourly,RU,AS_SP26_EXP,DAM,RU_CLR_PRC,0,23
2025-07-11T16:00:00-00:00,2025-07-11T17:00:00-00:00,2025-07-11,10,0,Hourly,RU,AS_SP26,DAM,RU_CLR_PRC,0,23
2025-07-11T17:00:00-00:00,2025-07-11T18:00:00-00:00,2025-07-11,11,0,Hourly,RU,AS_SP26,DAM,RU_CLR_PRC,0,23
2025-07-11T19:00:00-00:00,2025-07-11T20:00:00-00:00,2025-07-11,13,0,Hourly,RU,AS_SP26_EXP,DAM,RU_CLR_PRC,0,23
2025-07-11T21:00:00-00:00,2025-07-11T22:00:00-00:00,2025-07-11,15,0,Hourly,RU,AS_SP26_EXP,DAM,RU_CLR_PRC,0,23
2025-07-11T22:00:00-00:00,2025-07-11T23:00:00-00:00,2025-07-11,16,0,Hourly,RU,AS_SP26,DAM,RU_CLR_PRC,0,23
2025-07-12T00:00:00-00:00,2025-07-12T01:00:00-00:00,2025-07-11,18,0,Hourly,RU,AS_NP26,DAM,RU_CLR_PRC,0,23
2025-07-12T01:00:00-00:00,2025-07-12T02:00:00-00:00,2025-07-11,19,0,Hourly,RU,AS_CAISO,DAM,RU_CLR_PRC,0,23
2025-07-12T01:00:00-00:00,2025-07-12T02:00:00-00:00,2025-07-11,19,0,Hourly,RU,AS_SP26,DAM,RU_CLR_PRC,0,23
2025-07-12T03:00:00-00:00,2025-07-12T04:00:00-00:00,2025-07-11,21,0,Hourly,RU,AS_CAISO_EXP,DAM,RU_CLR_PRC,9.53,23
2025-07-12T05:00:00-00:00,2025-07-12T06:00:00-00:00,2025-07-11,23,0,Hourly,RU,AS_CAISO,DAM,RU_CLR_PRC,0,23
2025-07-11T07:00:00-00:00,2025-07-11T08:00:00-00:00,2025-07-11,1,0,Hourly,RU,AS_NP26_EXP,DAM,RU_CLR_PRC,0,23
2025-07-11T08:00:00-00:00,2025-07-11T09:00:00-00:00,2025-07-11,2,0,Hourly,RU,AS_SP26,DAM,RU_CLR_PRC,0,23
2025-07-11T09:00:00-00:00,2025-07-11T10:00:00-00:00,2025-07-11,3,0,Hourly,RU,AS_NP26,DAM,RU_CLR_PRC,0,23
2025-07-11T11:00:00-00:00,2025-07-11T12:00:00-00:00,2025-07-11,5,0,Hourly,RU,AS_NP26_EXP,DAM,RU_CLR_PRC,0,23
2025-07-11T11:00:00-00:00,2025-07-11T12:00:00-00:00,2025-07-11,5,0,Hourly,RU,AS_SP26_EXP,DAM,RU_CLR_PRC,0,23
2025-07-11T14:00:00-00:00,2025-07-11T15:00:00-00:00,2025-07-11,8,0,Hourly,RU,AS_CAISO_EXP,DAM,RU_CLR_PRC,1.59035,23
2025-07-11T15:00:00-00:00,2025-07-11T16:00:00-00:00,2025-07-11,9,0,Hourly,RU,AS_CAISO_EXP,DAM,RU_CLR_PRC,0.91479,23
2025-07-11T17:00:00-00:00,2025-07-11T18:00:00-00:00,2025-07-11,11,0,Hourly,RU,AS_CAISO,DAM,RU_CLR_PRC,0,23
2025-07-11T17:00:00-00:00,2025-07-11T18:00:00-00:00,2025-07-11,11,0,Hourly,RU,AS_NP26,DAM,RU_CLR_PRC,0,23
2025-07-11T18:00:00-00:00,2025-07-11T19:00:00-00:00,2025-07-11,12,0,Hourly,RU,AS_NP26_EXP,DAM,RU_CLR_PRC,1.06391,23
2025-07-11T20:00:00-00:00,2025-07-11T21:00:00-00:00,2025-07-11,14,0,Hourly,RU,AS_NP26_EXP,DAM,RU_CLR_PRC,2.53,23
2025-07-12T00:00:00-00:00,2025-07-12T01:00:00-00:00,2025-07-11,18,0,Hourly,RU,AS_CAISO_EXP,DAM,RU_CLR_PRC,2,23
2025-07-12T02:00:00-00:00,2025-07-12T03:00:00-00:00,2025-07-11,20,0,Hourly,RU,AS_NP26_EXP,DAM,RU_CLR_PRC,0,23
2025-07-12T02:00:00-00:00,2025-07-12T03:00:00-00:00,2025-07-11,20,0,Hourly,RU,AS_SP26,DAM,RU_CLR_PRC,0,23
2025-07-12T03:00:00-00:00,2025-07-12T04:00:00-00:00,2025-07-11,21,0,Hourly,RU,AS_CAISO,DAM,RU_CLR_PRC,0,23
2025-07-12T03:00:00-00:00,2025-07-12T04:00:00-00:00,2025-07-11,21,0,Hourly,RU,AS_SP26,DAM,RU_CLR_PRC,0,23
2025-07-12T04:00:00-00:00,2025-07-12T05:00:00-00:00,2025-07-11,22,0,Hourly,RU,AS_CAISO_EXP,DAM,RU_CLR_PRC,1,23
2025-07-12T06:00:00-00:00,2025-07-12T07:00:00-00:00,2025-07-11,24,0,Hourly,RU,AS_NP26_EXP,DAM,RU_CLR_PRC,0,23
2025-07-11T07:00:00-00:00,2025-07-11T08:00:00-00:00,2025-07-11,1,0,Hourly,RU,AS_NP26,DAM,RU_CLR_PRC,0,23
2025-07-11T08:00:00-00:00,2025-07-11T09:00:00-00:00,2025-07-11,2,0,Hourly,RU,AS_NP26_EXP,DAM,RU_CLR_PRC,0,23
2025-07-11T10:00:00-00:00,2025-07-11T11:00:00-00:00,2025-07-11,4,0,Hourly,RU,AS_CAISO_EXP,DAM,RU_CLR_PRC,0.57981,23
2025-07-11T11:00:00-00:00,2025-07-11T12:00:00-00:00,2025-07-11,5,0,Hourly,RU,AS_CAISO_EXP,DAM,RU_CLR_PRC,0.56,23
2025-07-11T11:00:00-00:00,2025-07-11T12:00:00-00:00,2025-07-11,5,0,Hourly,RU,AS_NP26,DAM,RU_CLR_PRC,0,23
2025-07-11T12:00:00-00:00,2025-07-11T13:00:00-00:00,2025-07-11,6,0,Hourly,RU,AS_NP26,DAM,RU_CLR_PRC,0,23
2025-07-11T13:00:00-00:00,2025-07-11T14:00:00-00:00,2025-07-11,7,0,Hourly,RU,AS_CAISO_EXP,DAM,RU_CLR_PRC,1.58,23
2025-07-11T13:00:00-00:00,2025-07-11T14:00:00-00:00,2025-07-11,7,0,Hourly,RU,AS_NP26,DAM,RU_CLR_PRC,0,23
2025-07-11T13:00:00-00:00,2025-07-11T14:00:00-00:00,2025-07-11,7,0,Hourly,RU,AS_NP26_EXP,DAM,RU_CLR_PRC,0.58,23
2025-07-11T14:00:00-00:00,2025-07-11T15:00:00-00:00,2025-07-11,8,0,Hourly,RU,AS_SP26_EXP,DAM,RU_CLR_PRC,0,23
2025-07-11T16:00:00-00:00,2025-07-11T17:00:00-00:00,2025-07-11,10,0,Hourly,RU,AS_NP26,DAM,RU_CLR_PRC,0,23
2025-07-11T16:00:00-00:00,2025-07-11T17:00:00-00:00,2025-07-11,10,0,Hourly,RU,AS_NP26_EXP,DAM,RU_CLR_PRC,0.13,23
2025-07-11T20:00:00-00:00,2025-07-11T21:00:00-00:00,2025-07-11,14,0,Hourly,RU,AS_CAISO,DAM,RU_CLR_PRC,0,23
2025-07-11T22:00:00-00:00,2025-07-11T23:00:00-00:00,2025-07-11,16,0,Hourly,RU,AS_CAISO,DAM,RU_CLR_PRC,0,23
2025-07-11T22:00:00-00:00,2025-07-11T23:00:00-00:00,2025-07-11,16,0,Hourly,RU,AS_CAISO_EXP,DAM,RU_CLR_PRC,2,23
2025-07-11T23:00:00-00:00,2025-07-12T00:00:00-00:00,2025-07-11,17,0,Hourly,RU,AS_SP26,DAM,RU_CLR_PRC,0,23
2025-07-11T23:00:00-00:00,2025-07-12T00:00:00-00:00,2025-07-11,17,0,Hourly,RU,AS_SP26_EXP,DAM,RU_CLR_PRC,0,23
2025-07-12T00:00:00-00:00,2025-07-12T01:00:00-00:00,2025-07-11,18,0,Hourly,RU,AS_CAISO,DAM,RU_CLR_PRC,0,23
2025-07-12T00:00:00-00:00,2025-07-12T01:00:00-00:00,2025-07-11,18,0,Hourly,RU,AS_NP26_EXP,DAM,RU_CLR_PRC,2.88,23
2025-07-12T01:00:00-00:00,2025-07-12T02:00:00-00:00,2025-07-11,19,0,Hourly,RU,AS_NP26_EXP,DAM,RU_CLR_PRC,6.45199,23
2025-07-12T03:00:00-00:00,2025-07-12T04:00:00-00:00,2025-07-11,21,0,Hourly,RU,AS_NP26_EXP,DAM,RU_CLR_PRC,0,23
2025-07-12T03:00:00-00:00,2025-07-12T04:00:00-00:00,2025-07-11,21,0,Hourly,RU,AS_SP26_EXP,DAM,RU_CLR_PRC,0,23
2025-07-12T06:00:00-00:00,2025-07-12T07:00:00-00:00,2025-07-11,24,0,Hourly,RU,AS_CAISO,DAM,RU_CLR_PRC,0,23
2025-07-11T09:00:00-00:00,2025-07-11T10:00:00-00:00,2025-07-11,3,0,Hourly,RU,AS_SP26,DAM,RU_CLR_PRC,0,23
2025-07-11T11:00:00-00:00,2025-07-11T12:00:00-00:00,2025-07-11,5,0,Hourly,RU,AS_CAISO,DAM,RU_CLR_PRC,0,23
2025-07-11T12:00:00-00:00,2025-07-11T13:00:00-00:00,2025-07-11,6,0,Hourly,RU,AS_CAISO,DAM,RU_CLR_PRC,0,23
2025-07-11T15:00:00-00:00,2025-07-11T16:00:00-00:00,2025-07-11,9,0,Hourly,RU,AS_NP26_EXP,DAM,RU_CLR_PRC,1.26521,23
2025-07-11T16:00:00-00:00,2025-07-11T17:00:00-00:00,2025-07-11,10,0,Hourly,RU,AS_CAISO,DAM,RU_CLR_PRC,0,23
2025-07-11T19:00:00-00:00,2025-07-11T20:00:00-00:00,2025-07-11,13,0,Hourly,RU,AS_CAISO_EXP,DAM,RU_CLR_PRC,0.93536,23
2025-07-11T19:00:00-00:00,2025-07-11T20:00:00-00:00,2025-07-11,13,0,Hourly,RU,AS_CAISO,DAM,RU_CLR_PRC,0,23
2025-07-11T19:00:00-00:00,2025-07-11T20:00:00-00:00,2025-07-11,13,0,Hourly,RU,AS_NP26_EXP,DAM,RU_CLR_PRC,1.06464,23
2025-07-11T19:00:00-00:00,2025-07-11T20:00:00-00:00,2025-07-11,13,0,Hourly,RU,AS_SP26,DAM,RU_CLR_PRC,0,23
2025-07-11T20:00:00-00:00,2025-07-11T21:00:00-00:00,2025-07-11,14,0,Hourly,RU,AS_CAISO_EXP,DAM,RU_CLR_PRC,0.94,23
2025-07-11T20:00:00-00:00,2025-07-11T21:00:00-00:00,2025-07-11,14,0,Hourly,RU,AS_SP26_EXP,DAM,RU_CLR_PRC,0,23
2025-07-11T21:00:00-00:00,2025-07-11T22:00:00-00:00,2025-07-11,15,0,Hourly,RU,AS_NP26,DAM,RU_CLR_PRC,0,23
2025-07-11T22:00:00-00:00,2025-07-11T23:00:00-00:00,2025-07-11,16,0,Hourly,RU,AS_NP26_EXP,DAM,RU_CLR_PRC,2.63,23
2025-07-11T23:00:00-00:00,2025-07-12T00:00:00-00:00,2025-07-11,17,0,Hourly,RU,AS_CAISO_EXP,DAM,RU_CLR_PRC,2,23
2025-07-12T00:00:00-00:00,2025-07-12T01:00:00-00:00,2025-07-11,18,0,Hourly,RU,AS_SP26_EXP,DAM,RU_CLR_PRC,0,23
2025-07-12T01:00:00-00:00,2025-07-12T02:00:00-00:00,2025-07-11,19,0,Hourly,RU,AS_NP26,DAM,RU_CLR_PRC,0,23
2025-07-12T02:00:00-00:00,2025-07-12T03:00:00-00:00,2025-07-11,20,0,Hourly,RU,AS_CAISO,DAM,RU_CLR_PRC,0,23
2025-07-12T04:00:00-00:00,2025-07-12T05:00:00-00:00,2025-07-11,22,0,Hourly,RU,AS_NP26_EXP,DAM,RU_CLR_PRC,4.99,23
2025-07-12T05:00:00-00:00,2025-07-12T06:00:00-00:00,2025-07-11,23,0,Hourly,RU,AS_NP26,DAM,RU_CLR_PRC,0,23
2025-07-11T07:00:00-00:00,2025-07-11T08:00:00-00:00,2025-07-11,1,0,Hourly,RU,AS_SP26,DAM,RU_CLR_PRC,0,23
2025-07-11T08:00:00-00:00,2025-07-11T09:00:00-00:00,2025-07-11,2,0,Hourly,RU,AS_NP26,DAM,RU_CLR_PRC,0,23
2025-07-11T09:00:00-00:00,2025-07-11T10:00:00-00:00,2025-07-11,3,0,Hourly,RU,AS_CAISO_EXP,DAM,RU_CLR_PRC,1,23
2025-07-11T09:00:00-00:00,2025-07-11T10:00:00-00:00,2025-07-11,3,0,Hourly,RU,AS_SP26_EXP,DAM,RU_CLR_PRC,0,23
2025-07-11T10:00:00-00:00,2025-07-11T11:00:00-00:00,2025-07-11,4,0,Hourly,RU,AS_CAISO,DAM,RU_CLR_PRC,0,23
2025-07-13T03:00:00-00:00,2025-07-13T04:00:00-00:00,2025-07-12,21,0,Hourly,RU,AS_CAISO,DAM,RU_CLR_PRC,0,24
2025-07-13T04:00:00-00:00,2025-07-13T05:00:00-00:00,2025-07-12,22,0,Hourly,RU,AS_CAISO_EXP,DAM,RU_CLR_PRC,1,24
2025-07-13T06:00:00-00:00,2025-07-13T07:00:00-00:00,2025-07-12,24,0,Hourly,RU,AS_NP26,DAM,RU_CLR_PRC,0,24
2025-07-12T10:00:00-00:00,2025-07-12T11:00:00-00:00,2025-07-12,4,0,Hourly,RU,AS_NP26_EXP,DAM,RU_CLR_PRC,0.65,24
2025-07-12T12:00:00-00:00,2025-07-12T13:00:00-00:00,2025-07-12,6,0,Hourly,RU,AS_SP26,DAM,RU_CLR_PRC,0,24
2025-07-12T17:00:00-00:00,2025-07-12T18:00:00-00:00,2025-07-12,11,0,Hourly,RU,AS_NP26_EXP,DAM,RU_CLR_PRC,0.99978,24
2025-07-12T18:00:00-00:00,2025-07-12T19:00:00-00:00,2025-07-12,12,0,Hourly,RU,AS_SP26,DAM,RU_CLR_PRC,0,24
2025-07-12T19:00:00-00:00,2025-07-12T20:00:00-00:00,2025-07-12,13,0,Hourly,RU,AS_SP26,DAM,RU_CLR_PRC,0,24
2025-07-12T19:00:00-00:00,2025-07-12T20:00:00-00:00,2025-07-12,13,0,Hourly,RU,AS_SP26_EXP,DAM,RU_CLR_PRC,0,24
2025-07-12T21:00:00-00:00,2025-07-12T22:00:00-00:00,2025-07-12,15,0,Hourly,RU,AS_NP26,DAM,RU_CLR_PRC,0,24
2025-07-12T23:00:00-00:00,2025-07-13T00:00:00-00:00,2025-07-12,17,0,Hourly,RU,AS_NP26_EXP,DAM,RU_CLR_PRC,0.92,24
2025-07-12T23:00:00-00:00,2025-07-13T00:00:00-00:00,2025-07-12,17,0,Hourly,RU,AS_SP26_EXP,DAM,RU_CLR_PRC,0,24
2025-07-13T03:00:00-00:00,2025-07-13T04:00:00-00:00,2025-07-12,21,0,Hourly,RU,AS_CAISO_EXP,DAM,RU_CLR_PRC,1.7,24
2025-07-13T04:00:00-00:00,2025-07-13T05:00:00-00:00,2025-07-12,22,0,Hourly,RU,AS_SP26,DAM,RU_CLR_PRC,0,24
2025-07-13T04:00:00-00:00,2025-07-13T05:00:00-00:00,2025-07-12,22,0,Hourly,RU,AS_SP26_EXP,DAM,RU_CLR_PRC,0,24
2025-07-13T05:00:00-00:00,2025-07-13T06:00:00-00:00,2025-07-12,23,0,Hourly,RU,AS_NP26,DAM,RU_CLR_PRC,0,24
2025-07-12T23:00:00-00:00,2025-07-13T00:00:00-00:00,2025-07-12,17,0,Hourly,RU,AS_CAISO_EXP,DAM,RU_CLR_PRC,3.5,24
2025-07-12T23:00:00-00:00,2025-07-13T00:00:00-00:00,2025-07-12,17,0,Hourly,RU,AS_SP26,DAM,RU_CLR_PRC,0,24
2025-07-13T00:00:00-00:00,2025-07-13T01:00:00-00:00,2025-07-12,18,0,Hourly,RU,AS_CAISO_EXP,DAM,RU_CLR_PRC,3.22895,24
2025-07-13T00:00:00-00:00,2025-07-13T01:00:00-00:00,2025-07-12,18,0,Hourly,RU,AS_NP26_EXP,DAM,RU_CLR_PRC,1.65105,24
2025-07-13T00:00:00-00:00,2025-07-13T01:00:00-00:00,2025-07-12,18,0,Hourly,RU,AS_SP26,DAM,RU_CLR_PRC,0,24
2025-07-13T02:00:00-00:00,2025-07-13T03:00:00-00:00,2025-07-12,20,0,Hourly,RU,AS_CAISO_EXP,DAM,RU_CLR_PRC,2.69219,24
2025-07-13T04:00:00-00:00,2025-07-13T05:00:00-00:00,2025-07-12,22,0,Hourly,RU,AS_CAISO,DAM,RU_CLR_PRC,0,24
2025-07-13T04:00:00-00:00,2025-07-13T05:00:00-00:00,2025-07-12,22,0,Hourly,RU,AS_NP26,DAM,RU_CLR_PRC,0,24
2025-07-13T06:00:00-00:00,2025-07-13T07:00:00-00:00,2025-07-12,24,0,Hourly,RU,AS_CAISO,DAM,RU_CLR_PRC,0,24
2025-07-13T06:00:00-00:00,2025-07-13T07:00:00-00:00,2025-07-12,24,0,Hourly,RU,AS_SP26_EXP,DAM,RU_CLR_PRC,0,24
2025-07-12T07:00:00-00:00,2025-07-12T08:00:00-00:00,2025-07-12,1,0,Hourly,RU,AS_SP26_EXP,DAM,RU_CLR_PRC,0,24
2025-07-12T08:00:00-00:00,2025-07-12T09:00:00-00:00,2025-07-12,2,0,Hourly,RU,AS_NP26,DAM,RU_CLR_PRC,0,24
2025-07-12T09:00:00-00:00,2025-07-12T10:00:00-00:00,2025-07-12,3,0,Hourly,RU,AS_SP26_EXP,DAM,RU_CLR_PRC,0,24
2025-07-12T13:00:00-00:00,2025-07-12T14:00:00-00:00,2025-07-12,7,0,Hourly,RU,AS_CAISO_EXP,DAM,RU_CLR_PRC,5,24
2025-07-12T14:00:00-00:00,2025-07-12T15:00:00-00:00,2025-07-12,8,0,Hourly,RU,AS_NP26,DAM,RU_CLR_PRC,0,24
2025-07-12T15:00:00-00:00,2025-07-12T16:00:00-00:00,2025-07-12,9,0,Hourly,RU,AS_CAISO,DAM,RU_CLR_PRC,0,24
2025-07-12T15:00:00-00:00,2025-07-12T16:00:00-00:00,2025-07-12,9,0,Hourly,RU,AS_CAISO_EXP,DAM,RU_CLR_PRC,1,24
2025-07-12T15:00:00-00:00,2025-07-12T16:00:00-00:00,2025-07-12,9,0,Hourly,RU,AS_SP26_EXP,DAM,RU_CLR_PRC,0,24
2025-07-12T17:00:00-00:00,2025-07-12T18:00:00-00:00,2025-07-12,11,0,Hourly,RU,AS_SP26,DAM,RU_CLR_PRC,0,24
2025-07-12T18:00:00-00:00,2025-07-12T19:00:00-00:00,2025-07-12,12,0,Hourly,RU,AS_CAISO,DAM,RU_CLR_PRC,0,24
2025-07-12T20:00:00-00:00,2025-07-12T21:00:00-00:00,2025-07-12,14,0,Hourly,RU,AS_SP26,DAM,RU_CLR_PRC,0,24
2025-07-12T23:00:00-00:00,2025-07-13T00:00:00-00:00,2025-07-12,17,0,Hourly,RU,AS_CAISO,DAM,RU_CLR_PRC,0,24
2025-07-13T01:00:00-00:00,2025-07-13T02:00:00-00:00,2025-07-12,19,0,Hourly,RU,AS_SP26,DAM,RU_CLR_PRC,0,24
2025-07-13T04:00:00-00:00,2025-07-13T05:00:00-00:00,2025-07-12,22,0,Hourly,RU,AS_NP26_EXP,DAM,RU_CLR_PRC,2.96204,24
2025-07-13T05:00:00-00:00,2025-07-13T06:00:00-00:00,2025-07-12,23,0,Hourly,RU,AS_SP26_EXP,DAM,RU_CLR_PRC,0,24
2025-07-12T07:00:00-00:00,2025-07-12T08:00:00-00:00,2025-07-12,1,0,Hourly,RU,AS_NP26_EXP,DAM,RU_CLR_PRC,2.07863,24
2025-07-12T07:00:00-00:00,2025-07-12T08:00:00-00:00,2025-07-12,1,0,Hourly,RU,AS_CAISO,DAM,RU_CLR_PRC,0,24
2025-07-12T09:00:00-00:00,2025-07-12T10:00:00-00:00,2025-07-12,3,0,Hourly,RU,AS_CAISO_EXP,DAM,RU_CLR_PRC,2.61,24
2025-07-12T11:00:00-00:00,2025-07-12T12:00:00-00:00,2025-07-12,5,0,Hourly,RU,AS_SP26,DAM,RU_CLR_PRC,0,24
2025-07-12T13:00:00-00:00,2025-07-12T14:00:00-00:00,2025-07-12,7,0,Hourly,RU,AS_NP26_EXP,DAM,RU_CLR_PRC,0,24
2025-07-12T16:00:00-00:00,2025-07-12T17:00:00-00:00,2025-07-12,10,0,Hourly,RU,AS_NP26,DAM,RU_CLR_PRC,0,24
2025-07-12T16:00:00-00:00,2025-07-12T17:00:00-00:00,2025-07-12,10,0,Hourly,RU,AS_SP26_EXP,DAM,RU_CLR_PRC,0,24
2025-07-12T17:00:00-00:00,2025-07-12T18:00:00-00:00,2025-07-12,11,0,Hourly,RU,AS_CAISO,DAM,RU_CLR_PRC,0,24
2025-07-12T17:00:00-00:00,2025-07-12T18:00:00-00:00,2025-07-12,11,0,Hourly,RU,AS_NP26,DAM,RU_CLR_PRC,0,24
2025-07-12T22:00:00-00:00,2025-07-12T23:00:00-00:00,2025-07-12,16,0,Hourly,RU,AS_NP26,DAM,RU_CLR_PRC,0,24
2025-07-12T23:00:00-00:00,2025-07-13T00:00:00-00:00,2025-07-12,17,0,Hourly,RU,AS_NP26,DAM,RU_CLR_PRC,0,24
2025-07-13T00:00:00-00:00,2025-07-13T01:00:00-00:00,2025-07-12,18,0,Hourly,RU,AS_CAISO,DAM,RU_CLR_PRC,0,24
2025-07-13T01:00:00-00:00,2025-07-13T02:00:00-00:00,2025-07-12,19,0,Hourly,RU,AS_CAISO,DAM,RU_CLR_PRC,0,24
2025-07-13T01:00:00-00:00,2025-07-13T02:00:00-00:00,2025-07-12,19,0,Hourly,RU,AS_CAISO_EXP,DAM,RU_CLR_PRC,1.59932,24
2025-07-13T02:00:00-00:00,2025-07-13T03:00:00-00:00,2025-07-12,20,0,Hourly,RU,AS_CAISO,DAM,RU_CLR_PRC,0,24
2025-07-13T03:00:00-00:00,2025-07-13T04:00:00-00:00,2025-07-12,21,0,Hourly,RU,AS_NP26,DAM,RU_CLR_PRC,0,24
2025-07-13T03:00:00-00:00,2025-07-13T04:00:00-00:00,2025-07-12,21,0,Hourly,RU,AS_SP26,DAM,RU_CLR_PRC,0,24
2025-07-13T05:00:00-00:00,2025-07-13T06:00:00-00:00,2025-07-12,23,0,Hourly,RU,AS_CAISO_EXP,DAM,RU_CLR_PRC,1,24
2025-07-13T06:00:00-00:00,2025-07-13T07:00:00-00:00,2025-07-12,24,0,Hourly,RU,AS_CAISO_EXP,DAM,RU_CLR_PRC,5,24
2025-07-12T08:00:00-00:00,2025-07-12T09:00:00-00:00,2025-07-12,2,0,Hourly,RU,AS_SP26,DAM,RU_CLR_PRC,0,24
2025-07-12T09:00:00-00:00,2025-07-12T10:00:00-00:00,2025-07-12,3,0,Hourly,RU,AS_CAISO,DAM,RU_CLR_PRC,0,24
2025-07-12T09:00:00-00:00,2025-07-12T10:00:00-00:00,2025-07-12,3,0,Hourly,RU,AS_NP26_EXP,DAM,RU_CLR_PRC,0,24
2025-07-12T10:00:00-00:00,2025-07-12T11:00:00-00:00,2025-07-12,4,0,Hourly,RU,AS_CAISO,DAM,RU_CLR_PRC,0,24
2025-07-12T11:00:00-00:00,2025-07-12T12:00:00-00:00,2025-07-12,5,0,Hourly,RU,AS_NP26,DAM,RU_CLR_PRC,0,24
2025-07-12T13:00:00-00:00,2025-07-12T14:00:00-00:00,2025-07-12,7,0,Hourly,RU,AS_NP26,DAM,RU_CLR_PRC,0,24
2025-07-12T13:00:00-00:00,2025-07-12T14:00:00-00:00,2025-07-12,7,0,Hourly,RU,AS_SP26_EXP,DAM,RU_CLR_PRC,1.21716,24
2025-07-12T14:00:00-00:00,2025-07-12T15:00:00-00:00,2025-07-12,8,0,Hourly,RU,AS_CAISO_EXP,DAM,RU_CLR_PRC,2.03699,24
2025-07-12T14:00:00-00:00,2025-07-12T15:00:00-00:00,2025-07-12,8,0,Hourly,RU,AS_NP26_EXP,DAM,RU_CLR_PRC,2.63895,24
2025-07-12T14:00:00-00:00,2025-07-12T15:00:00-00:00,2025-07-12,8,0,Hourly,RU,AS_SP26,DAM,RU_CLR_PRC,0,24
2025-07-12T14:00:00-00:00,2025-07-12T15:00:00-00:00,2025-07-12,8,0,Hourly,RU,AS_SP26_EXP,DAM,RU_CLR_PRC,0,24
2025-07-12T15:00:00-00:00,2025-07-12T16:00:00-00:00,2025-07-12,9,0,Hourly,RU,AS_NP26_EXP,DAM,RU_CLR_PRC,0.08,24
2025-07-12T15:00:00-00:00,2025-07-12T16:00:00-00:00,2025-07-12,9,0,Hourly,RU,AS_SP26,DAM,RU_CLR_PRC,0,24
2025-07-12T18:00:00-00:00,2025-07-12T19:00:00-00:00,2025-07-12,12,0,Hourly,RU,AS_CAISO_EXP,DAM,RU_CLR_PRC,1,24
2025-07-12T18:00:00-00:00,2025-07-12T19:00:00-00:00,2025-07-12,12,0,Hourly,RU,AS_NP26,DAM,RU_CLR_PRC,0,24
2025-07-12T19:00:00-00:00,2025-07-12T20:00:00-00:00,2025-07-12,13,0,Hourly,RU,AS_NP26_EXP,DAM,RU_CLR_PRC,1.16228,24
2025-07-12T22:00:00-00:00,2025-07-12T23:00:00-00:00,2025-07-12,16,0,Hourly,RU,AS_SP26,DAM,RU_CLR_PRC,0,24
2025-07-13T01:00:00-00:00,2025-07-13T02:00:00-00:00,2025-07-12,19,0,Hourly,RU,AS_NP26,DAM,RU_CLR_PRC,0,24
2025-07-13T01:00:00-00:00,2025-07-13T02:00:00-00:00,2025-07-12,19,0,Hourly,RU,AS_NP26_EXP,DAM,RU_CLR_PRC,6.31068,24
2025-07-13T02:00:00-00:00,2025-07-13T03:00:00-00:00,2025-07-12,20,0,Hourly,RU,AS_NP26,DAM,RU_CLR_PRC,0,24
2025-07-12T07:00:00-00:00,2025-07-12T08:00:00-00:00,2025-07-12,1,0,Hourly,RU,AS_CAISO_EXP,DAM,RU_CLR_PRC,2.77128,24
2025-07-12T07:00:00-00:00,2025-07-12T08:00:00-00:00,2025-07-12,1,0,Hourly,RU,AS_SP26,DAM,RU_CLR_PRC,0,24
2025-07-12T09:00:00-00:00,2025-07-12T10:00:00-00:00,2025-07-12,3,0,Hourly,RU,AS_NP26,DAM,RU_CLR_PRC,0,24
2025-07-12T09:00:00-00:00,2025-07-12T10:00:00-00:00,2025-07-12,3,0,Hourly,RU,AS_SP26,DAM,RU_CLR_PRC,0,24
2025-07-12T12:00:00-00:00,2025-07-12T13:00:00-00:00,2025-07-12,6,0,Hourly,RU,AS_CAISO,DAM,RU_CLR_PRC,0,24
2025-07-12T12:00:00-00:00,2025-07-12T13:00:00-00:00,2025-07-12,6,0,Hourly,RU,AS_SP26_EXP,DAM,RU_CLR_PRC,0,24
2025-07-12T13:00:00-00:00,2025-07-12T14:00:00-00:00,2025-07-12,7,0,Hourly,RU,AS_SP26,DAM,RU_CLR_PRC,0,24
2025-07-12T18:00:00-00:00,2025-07-12T19:00:00-00:00,2025-07-12,12,0,Hourly,RU,AS_SP26_EXP,DAM,RU_CLR_PRC,0,24
2025-07-12T19:00:00-00:00,2025-07-12T20:00:00-00:00,2025-07-12,13,0,Hourly,RU,AS_CAISO_EXP,DAM,RU_CLR_PRC,1,24
2025-07-12T19:00:00-00:00,2025-07-12T20:00:00-00:00,2025-07-12,13,0,Hourly,RU,AS_NP26,DAM,RU_CLR_PRC,0,24
2025-07-12T20:00:00-00:00,2025-07-12T21:00:00-00:00,2025-07-12,14,0,Hourly,RU,AS_CAISO,DAM,RU_CLR_PRC,0,24
2025-07-12T21:00:00-00:00,2025-07-12T22:00:00-00:00,2025-07-12,15,0,Hourly,RU,AS_NP26_EXP,DAM,RU_CLR_PRC,0.56688,24
2025-07-12T21:00:00-00:00,2025-07-12T22:00:00-00:00,2025-07-12,15,0,Hourly,RU,AS_SP26,DAM,RU_CLR_PRC,0,24
2025-07-12T22:00:00-00:00,2025-07-12T23:00:00-00:00,2025-07-12,16,0,Hourly,RU,AS_SP26_EXP,DAM,RU_CLR_PRC,0,24
2025-07-13T00:00:00-00:00,2025-07-13T01:00:00-00:00,2025-07-12,18,0,Hourly,RU,AS_NP26,DAM,RU_CLR_PRC,0,24
2025-07-13T00:00:00-00:00,2025-07-13T01:00:00-00:00,2025-07-12,18,0,Hourly,RU,AS_SP26_EXP,DAM,RU_CLR_PRC,0,24
2025-07-13T05:00:00-00:00,2025-07-13T06:00:00-00:00,2025-07-12,23,0,Hourly,RU,AS_CAISO,DAM,RU_CLR_PRC,0,24
2025-07-13T05:00:00-00:00,2025-07-13T06:00:00-00:00,2025-07-12,23,0,Hourly,RU,AS_NP26_EXP,DAM,RU_CLR_PRC,2.75537,24
2025-07-13T05:00:00-00:00,2025-07-13T06:00:00-00:00,2025-07-12,23,0,Hourly,RU,AS_SP26,DAM,RU_CLR_PRC,0,24
2025-07-12T08:00:00-00:00,2025-07-12T09:00:00-00:00,2025-07-12,2,0,Hourly,RU,AS_CAISO_EXP,DAM,RU_CLR_PRC,2,24
2025-07-12T10:00:00-00:00,2025-07-12T11:00:00-00:00,2025-07-12,4,0,Hourly,RU,AS_SP26_EXP,DAM,RU_CLR_PRC,0,24
2025-07-12T11:00:00-00:00,2025-07-12T12:00:00-00:00,2025-07-12,5,0,Hourly,RU,AS_NP26_EXP,DAM,RU_CLR_PRC,0.26653,24
2025-07-12T16:00:00-00:00,2025-07-12T17:00:00-00:00,2025-07-12,10,0,Hourly,RU,AS_CAISO,DAM,RU_CLR_PRC,0,24
2025-07-12T16:00:00-00:00,2025-07-12T17:00:00-00:00,2025-07-12,10,0,Hourly,RU,AS_NP26_EXP,DAM,RU_CLR_PRC,0.6831,24
2025-07-12T17:00:00-00:00,2025-07-12T18:00:00-00:00,2025-07-12,11,0,Hourly,RU,AS_SP26_EXP,DAM,RU_CLR_PRC,0,24
2025-07-12T18:00:00-00:00,2025-07-12T19:00:00-00:00,2025-07-12,12,0,Hourly,RU,AS_NP26_EXP,DAM,RU_CLR_PRC,0.90932,24
2025-07-12T20:00:00-00:00,2025-07-12T21:00:00-00:00,2025-07-12,14,0,Hourly,RU,AS_NP26_EXP,DAM,RU_CLR_PRC,2.22336,24
2025-07-12T20:00:00-00:00,2025-07-12T21:00:00-00:00,2025-07-12,14,0,Hourly,RU,AS_SP26_EXP,DAM,RU_CLR_PRC,0,24
2025-07-12T21:00:00-00:00,2025-07-12T22:00:00-00:00,2025-07-12,15,0,Hourly,RU,AS_CAISO,DAM,RU_CLR_PRC,0,24
2025-07-12T22:00:00-00:00,2025-07-12T23:00:00-00:00,2025-07-12,16,0,Hourly,RU,AS_NP26_EXP,DAM,RU_CLR_PRC,0.95489,24
2025-07-13T01:00:00-00:00,2025-07-13T02:00:00-00:00,2025-07-12,19,0,Hourly,RU,AS_SP26_EXP,DAM,RU_CLR_PRC,0,24
2025-07-13T02:00:00-00:00,2025-07-13T03:00:00-00:00,2025-07-12,20,0,Hourly,RU,AS_NP26_EXP,DAM,RU_CLR_PRC,3.80281,24
2025-07-13T06:00:00-00:00,2025-07-13T07:00:00-00:00,2025-07-12,24,0,Hourly,RU,AS_SP26,DAM,RU_CLR_PRC,0,24
2025-07-12T07:00:00-00:00,2025-07-12T08:00:00-00:00,2025-07-12,1,0,Hourly,RU,AS_NP26,DAM,RU_CLR_PRC,0,24
2025-07-12T08:00:00-00:00,2025-07-12T09:00:00-00:00,2025-07-12,2,0,Hourly,RU,AS_NP26_EXP,DAM,RU_CLR_PRC,0.37287,24
2025-07-12T11:00:00-00:00,2025-07-12T12:00:00-00:00,2025-07-12,5,0,Hourly,RU,AS_CAISO,DAM,RU_CLR_PRC,0,24
2025-07-12T11:00:00-00:00,2025-07-12T12:00:00-00:00,2025-07-12,5,0,Hourly,RU,AS_SP26_EXP,DAM,RU_CLR_PRC,0,24
2025-07-12T12:00:00-00:00,2025-07-12T13:00:00-00:00,2025-07-12,6,0,Hourly,RU,AS_CAISO_EXP,DAM,RU_CLR_PRC,4.926,24
2025-07-12T16:00:00-00:00,2025-07-12T17:00:00-00:00,2025-07-12,10,0,Hourly,RU,AS_SP26,DAM,RU_CLR_PRC,0,24
2025-07-12T17:00:00-00:00,2025-07-12T18:00:00-00:00,2025-07-12,11,0,Hourly,RU,AS_CAISO_EXP,DAM,RU_CLR_PRC,1,24
2025-07-12T19:00:00-00:00,2025-07-12T20:00:00-00:00,2025-07-12,13,0,Hourly,RU,AS_CAISO,DAM,RU_CLR_PRC,0,24
2025-07-12T20:00:00-00:00,2025-07-12T21:00:00-00:00,2025-07-12,14,0,Hourly,RU,AS_CAISO_EXP,DAM,RU_CLR_PRC,1.24664,24
2025-07-12T20:00:00-00:00,2025-07-12T21:00:00-00:00,2025-07-12,14,0,Hourly,RU,AS_NP26,DAM,RU_CLR_PRC,0,24
2025-07-12T22:00:00-00:00,2025-07-12T23:00:00-00:00,2025-07-12,16,0,Hourly,RU,AS_CAISO,DAM,RU_CLR_PRC,0,24
2025-07-12T22:00:00-00:00,2025-07-12T23:00:00-00:00,2025-07-12,16,0,Hourly,RU,AS_CAISO_EXP,DAM,RU_CLR_PRC,2.58716,24
2025-07-13T02:00:00-00:00,2025-07-13T03:00:00-00:00,2025-07-12,20,0,Hourly,RU,AS_SP26,DAM,RU_CLR_PRC,0,24
2025-07-13T02:00:00-00:00,2025-07-13T03:00:00-00:00,2025-07-12,20,0,Hourly,RU,AS_SP26_EXP,DAM,RU_CLR_PRC,0,24
2025-07-13T03:00:00-00:00,2025-07-13T04:00:00-00:00,2025-07-12,21,0,Hourly,RU,AS_NP26_EXP,DAM,RU_CLR_PRC,4.15,24
2025-07-13T03:00:00-00:00,2025-07-13T04:00:00-00:00,2025-07-12,21,0,Hourly,RU,AS_SP26_EXP,DAM,RU_CLR_PRC,0,24
2025-07-13T06:00:00-00:00,2025-07-13T07:00:00-00:00,2025-07-12,24,0,Hourly,RU,AS_NP26_EXP,DAM,RU_CLR_PRC,0,24
2025-07-12T08:00:00-00:00,2025-07-12T09:00:00-00:00,2025-07-12,2,0,Hourly,RU,AS_CAISO,DAM,RU_CLR_PRC,0,24
2025-07-12T08:00:00-00:00,2025-07-12T09:00:00-00:00,2025-07-12,2,0,Hourly,RU,AS_SP26_EXP,DAM,RU_CLR_PRC,0,24
2025-07-12T10:00:00-00:00,2025-07-12T11:00:00-00:00,2025-07-12,4,0,Hourly,RU,AS_CAISO_EXP,DAM,RU_CLR_PRC,2.05,24
2025-07-12T10:00:00-00:00,2025-07-12T11:00:00-00:00,2025-07-12,4,0,Hourly,RU,AS_NP26,DAM,RU_CLR_PRC,0,24
2025-07-12T10:00:00-00:00,2025-07-12T11:00:00-00:00,2025-07-12,4,0,Hourly,RU,AS_SP26,DAM,RU_CLR_PRC,0,24
2025-07-12T11:00:00-00:00,2025-07-12T12:00:00-00:00,2025-07-12,5,0,Hourly,RU,AS_CAISO_EXP,DAM,RU_CLR_PRC,2.28347,24
2025-07-12T12:00:00-00:00,2025-07-12T13:00:00-00:00,2025-07-12,6,0,Hourly,RU,AS_NP26,DAM,RU_CLR_PRC,0,24
2025-07-12T13:00:00-00:00,2025-07-12T14:00:00-00:00,2025-07-12,7,0,Hourly,RU,AS_CAISO,DAM,RU_CLR_PRC,0,24
2025-07-12T12:00:00-00:00,2025-07-12T13:00:00-00:00,2025-07-12,6,0,Hourly,RU,AS_NP26_EXP,DAM,RU_CLR_PRC,0,24
2025-07-12T14:00:00-00:00,2025-07-12T15:00:00-00:00,2025-07-12,8,0,Hourly,RU,AS_CAISO,DAM,RU_CLR_PRC,0,24
2025-07-12T15:00:00-00:00,2025-07-12T16:00:00-00:00,2025-07-12,9,0,Hourly,RU,AS_NP26,DAM,RU_CLR_PRC,0,24
2025-07-12T16:00:00-00:00,2025-07-12T17:00:00-00:00,2025-07-12,10,0,Hourly,RU,AS_CAISO_EXP,DAM,RU_CLR_PRC,0.5,24
2025-07-12T21:00:00-00:00,2025-07-12T22:00:00-00:00,2025-07-12,15,0,Hourly,RU,AS_CAISO_EXP,DAM,RU_CLR_PRC,2.67108,24
2025-07-12T21:00:00-00:00,2025-07-12T22:00:00-00:00,2025-07-12,15,0,Hourly,RU,AS_SP26_EXP,DAM,RU_CLR_PRC,0,24
2025-07-13T15:00:00-00:00,2025-07-13T16:00:00-00:00,2025-07-13,9,0,Hourly,RU,AS_CAISO,DAM,RU_CLR_PRC,0,25
2025-07-13T15:00:00-00:00,2025-07-13T16:00:00-00:00,2025-07-13,9,0,Hourly,RU,AS_CAISO_EXP,DAM,RU_CLR_PRC,2.05,25
2025-07-13T16:00:00-00:00,2025-07-13T17:00:00-00:00,2025-07-13,10,0,Hourly,RU,AS_SP26_EXP,DAM,RU_CLR_PRC,0,25
2025-07-13T19:00:00-00:00,2025-07-13T20:00:00-00:00,2025-07-13,13,0,Hourly,RU,AS_CAISO_EXP,DAM,RU_CLR_PRC,0.72491,25
2025-07-13T20:00:00-00:00,2025-07-13T21:00:00-00:00,2025-07-13,14,0,Hourly,RU,AS_CAISO,DAM,RU_CLR_PRC,0,25
2025-07-13T20:00:00-00:00,2025-07-13T21:00:00-00:00,2025-07-13,14,0,Hourly,RU,AS_NP26,DAM,RU_CLR_PRC,0,25
2025-07-13T20:00:00-00:00,2025-07-13T21:00:00-00:00,2025-07-13,14,0,Hourly,RU,AS_SP26,DAM,RU_CLR_PRC,0,25
2025-07-13T21:00:00-00:00,2025-07-13T22:00:00-00:00,2025-07-13,15,0,Hourly,RU,AS_SP26,DAM,RU_CLR_PRC,0,25
2025-07-13T23:00:00-00:00,2025-07-14T00:00:00-00:00,2025-07-13,17,0,Hourly,RU,AS_CAISO_EXP,DAM,RU_CLR_PRC,2.455,25
2025-07-14T00:00:00-00:00,2025-07-14T01:00:00-00:00,2025-07-13,18,0,Hourly,RU,AS_CAISO_EXP,DAM,RU_CLR_PRC,3.02607,25
2025-07-14T00:00:00-00:00,2025-07-14T01:00:00-00:00,2025-07-13,18,0,Hourly,RU,AS_NP26,DAM,RU_CLR_PRC,0,25
2025-07-14T01:00:00-00:00,2025-07-14T02:00:00-00:00,2025-07-13,19,0,Hourly,RU,AS_NP26,DAM,RU_CLR_PRC,0,25
2025-07-14T01:00:00-00:00,2025-07-14T02:00:00-00:00,2025-07-13,19,0,Hourly,RU,AS_SP26_EXP,DAM,RU_CLR_PRC,0,25
2025-07-14T02:00:00-00:00,2025-07-14T03:00:00-00:00,2025-07-13,20,0,Hourly,RU,AS_NP26_EXP,DAM,RU_CLR_PRC,2.44124,25
2025-07-14T02:00:00-00:00,2025-07-14T03:00:00-00:00,2025-07-13,20,0,Hourly,RU,AS_SP26_EXP,DAM,RU_CLR_PRC,0,25
2025-07-14T06:00:00-00:00,2025-07-14T07:00:00-00:00,2025-07-13,24,0,Hourly,RU,AS_SP26_EXP,DAM,RU_CLR_PRC,0,25
2025-07-14T02:00:00-00:00,2025-07-14T03:00:00-00:00,2025-07-13,20,0,Hourly,RU,AS_CAISO,DAM,RU_CLR_PRC,0,25
2025-07-14T02:00:00-00:00,2025-07-14T03:00:00-00:00,2025-07-13,20,0,Hourly,RU,AS_NP26,DAM,RU_CLR_PRC,0,25
2025-07-14T03:00:00-00:00,2025-07-14T04:00:00-00:00,2025-07-13,21,0,Hourly,RU,AS_NP26_EXP,DAM,RU_CLR_PRC,3.88934,25
2025-07-14T04:00:00-00:00,2025-07-14T05:00:00-00:00,2025-07-13,22,0,Hourly,RU,AS_CAISO,DAM,RU_CLR_PRC,0,25
2025-07-14T04:00:00-00:00,2025-07-14T05:00:00-00:00,2025-07-13,22,0,Hourly,RU,AS_NP26_EXP,DAM,RU_CLR_PRC,3.055,25
2025-07-14T05:00:00-00:00,2025-07-14T06:00:00-00:00,2025-07-13,23,0,Hourly,RU,AS_CAISO,DAM,RU_CLR_PRC,0,25
2025-07-14T06:00:00-00:00,2025-07-14T07:00:00-00:00,2025-07-13,24,0,Hourly,RU,AS_NP26,DAM,RU_CLR_PRC,0,25
2025-07-13T07:00:00-00:00,2025-07-13T08:00:00-00:00,2025-07-13,1,0,Hourly,RU,AS_CAISO_EXP,DAM,RU_CLR_PRC,2,25
2025-07-13T07:00:00-00:00,2025-07-13T08:00:00-00:00,2025-07-13,1,0,Hourly,RU,AS_NP26,DAM,RU_CLR_PRC,0,25
2025-07-13T08:00:00-00:00,2025-07-13T09:00:00-00:00,2025-07-13,2,0,Hourly,RU,AS_NP26,DAM,RU_CLR_PRC,0,25
2025-07-13T09:00:00-00:00,2025-07-13T10:00:00-00:00,2025-07-13,3,0,Hourly,RU,AS_NP26,DAM,RU_CLR_PRC,0,25
2025-07-13T11:00:00-00:00,2025-07-13T12:00:00-00:00,2025-07-13,5,0,Hourly,RU,AS_CAISO_EXP,DAM,RU_CLR_PRC,1,25
2025-07-13T11:00:00-00:00,2025-07-13T12:00:00-00:00,2025-07-13,5,0,Hourly,RU,AS_SP26,DAM,RU_CLR_PRC,0,25
2025-07-13T12:00:00-00:00,2025-07-13T13:00:00-00:00,2025-07-13,6,0,Hourly,RU,AS_NP26_EXP,DAM,RU_CLR_PRC,0,25
2025-07-13T13:00:00-00:00,2025-07-13T14:00:00-00:00,2025-07-13,7,0,Hourly,RU,AS_NP26,DAM,RU_CLR_PRC,0,25
2025-07-13T13:00:00-00:00,2025-07-13T14:00:00-00:00,2025-07-13,7,0,Hourly,RU,AS_SP26,DAM,RU_CLR_PRC,0,25
2025-07-13T14:00:00-00:00,2025-07-13T15:00:00-00:00,2025-07-13,8,0,Hourly,RU,AS_CAISO,DAM,RU_CLR_PRC,0,25
2025-07-13T14:00:00-00:00,2025-07-13T15:00:00-00:00,2025-07-13,8,0,Hourly,RU,AS_SP26_EXP,DAM,RU_CLR_PRC,0,25
2025-07-13T16:00:00-00:00,2025-07-13T17:00:00-00:00,2025-07-13,10,0,Hourly,RU,AS_SP26,DAM,RU_CLR_PRC,0,25
2025-07-13T17:00:00-00:00,2025-07-13T18:00:00-00:00,2025-07-13,11,0,Hourly,RU,AS_NP26_EXP,DAM,RU_CLR_PRC,1.06081,25
2025-07-13T19:00:00-00:00,2025-07-13T20:00:00-00:00,2025-07-13,13,0,Hourly,RU,AS_SP26,DAM,RU_CLR_PRC,0,25
2025-07-13T20:00:00-00:00,2025-07-13T21:00:00-00:00,2025-07-13,14,0,Hourly,RU,AS_SP26_EXP,DAM,RU_CLR_PRC,0,25
2025-07-14T00:00:00-00:00,2025-07-14T01:00:00-00:00,2025-07-13,18,0,Hourly,RU,AS_SP26,DAM,RU_CLR_PRC,0,25
2025-07-14T03:00:00-00:00,2025-07-14T04:00:00-00:00,2025-07-13,21,0,Hourly,RU,AS_CAISO,DAM,RU_CLR_PRC,0,25
2025-07-14T04:00:00-00:00,2025-07-14T05:00:00-00:00,2025-07-13,22,0,Hourly,RU,AS_NP26,DAM,RU_CLR_PRC,0,25
2025-07-14T06:00:00-00:00,2025-07-14T07:00:00-00:00,2025-07-13,24,0,Hourly,RU,AS_NP26_EXP,DAM,RU_CLR_PRC,0,25
2025-07-13T07:00:00-00:00,2025-07-13T08:00:00-00:00,2025-07-13,1,0,Hourly,RU,AS_SP26_EXP,DAM,RU_CLR_PRC,0,25
2025-07-13T11:00:00-00:00,2025-07-13T12:00:00-00:00,2025-07-13,5,0,Hourly,RU,AS_NP26_EXP,DAM,RU_CLR_PRC,1.26,25
2025-07-13T14:00:00-00:00,2025-07-13T15:00:00-00:00,2025-07-13,8,0,Hourly,RU,AS_CAISO_EXP,DAM,RU_CLR_PRC,1.34884,25
2025-07-13T15:00:00-00:00,2025-07-13T16:00:00-00:00,2025-07-13,9,0,Hourly,RU,AS_NP26,DAM,RU_CLR_PRC,0,25
2025-07-13T18:00:00-00:00,2025-07-13T19:00:00-00:00,2025-07-13,12,0,Hourly,RU,AS_SP26,DAM,RU_CLR_PRC,0,25
2025-07-13T22:00:00-00:00,2025-07-13T23:00:00-00:00,2025-07-13,16,0,Hourly,RU,AS_CAISO,DAM,RU_CLR_PRC,0,25
2025-07-13T22:00:00-00:00,2025-07-13T23:00:00-00:00,2025-07-13,16,0,Hourly,RU,AS_NP26_EXP,DAM,RU_CLR_PRC,2.63,25
2025-07-14T01:00:00-00:00,2025-07-14T02:00:00-00:00,2025-07-13,19,0,Hourly,RU,AS_CAISO_EXP,DAM,RU_CLR_PRC,3.43718,25
2025-07-14T02:00:00-00:00,2025-07-14T03:00:00-00:00,2025-07-13,20,0,Hourly,RU,AS_SP26,DAM,RU_CLR_PRC,0,25
2025-07-14T03:00:00-00:00,2025-07-14T04:00:00-00:00,2025-07-13,21,0,Hourly,RU,AS_SP26_EXP,DAM,RU_CLR_PRC,0,25
2025-07-14T04:00:00-00:00,2025-07-14T05:00:00-00:00,2025-07-13,22,0,Hourly,RU,AS_SP26,DAM,RU_CLR_PRC,0,25
2025-07-14T05:00:00-00:00,2025-07-14T06:00:00-00:00,2025-07-13,23,0,Hourly,RU,AS_NP26,DAM,RU_CLR_PRC,0,25
2025-07-14T06:00:00-00:00,2025-07-14T07:00:00-00:00,2025-07-13,24,0,Hourly,RU,AS_CAISO_EXP,DAM,RU_CLR_PRC,3.5,25
2025-07-13T10:00:00-00:00,2025-07-13T11:00:00-00:00,2025-07-13,4,0,Hourly,RU,AS_CAISO_EXP,DAM,RU_CLR_PRC,1,25
2025-07-13T10:00:00-00:00,2025-07-13T11:00:00-00:00,2025-07-13,4,0,Hourly,RU,AS_SP26,DAM,RU_CLR_PRC,0,25
2025-07-13T12:00:00-00:00,2025-07-13T13:00:00-00:00,2025-07-13,6,0,Hourly,RU,AS_CAISO_EXP,DAM,RU_CLR_PRC,2.54901,25
2025-07-13T13:00:00-00:00,2025-07-13T14:00:00-00:00,2025-07-13,7,0,Hourly,RU,AS_NP26_EXP,DAM,RU_CLR_PRC,0,25
2025-07-13T14:00:00-00:00,2025-07-13T15:00:00-00:00,2025-07-13,8,0,Hourly,RU,AS_NP26,DAM,RU_CLR_PRC,0,25
2025-07-13T16:00:00-00:00,2025-07-13T17:00:00-00:00,2025-07-13,10,0,Hourly,RU,AS_CAISO,DAM,RU_CLR_PRC,0,25
2025-07-13T17:00:00-00:00,2025-07-13T18:00:00-00:00,2025-07-13,11,0,Hourly,RU,AS_CAISO,DAM,RU_CLR_PRC,0,25
2025-07-13T18:00:00-00:00,2025-07-13T19:00:00-00:00,2025-07-13,12,0,Hourly,RU,AS_CAISO,DAM,RU_CLR_PRC,0,25
2025-07-13T18:00:00-00:00,2025-07-13T19:00:00-00:00,2025-07-13,12,0,Hourly,RU,AS_CAISO_EXP,DAM,RU_CLR_PRC,0.72804,25
2025-07-13T18:00:00-00:00,2025-07-13T19:00:00-00:00,2025-07-13,12,0,Hourly,RU,AS_NP26,DAM,RU_CLR_PRC,0,25
2025-07-13T19:00:00-00:00,2025-07-13T20:00:00-00:00,2025-07-13,13,0,Hourly,RU,AS_NP26,DAM,RU_CLR_PRC,0,25
2025-07-13T19:00:00-00:00,2025-07-13T20:00:00-00:00,2025-07-13,13,0,Hourly,RU,AS_SP26_EXP,DAM,RU_CLR_PRC,0,25
2025-07-13T21:00:00-00:00,2025-07-13T22:00:00-00:00,2025-07-13,15,0,Hourly,RU,AS_CAISO,DAM,RU_CLR_PRC,0,25
2025-07-13T21:00:00-00:00,2025-07-13T22:00:00-00:00,2025-07-13,15,0,Hourly,RU,AS_SP26_EXP,DAM,RU_CLR_PRC,0,25
2025-07-13T23:00:00-00:00,2025-07-14T00:00:00-00:00,2025-07-13,17,0,Hourly,RU,AS_NP26_EXP,DAM,RU_CLR_PRC,1.965,25
2025-07-13T23:00:00-00:00,2025-07-14T00:00:00-00:00,2025-07-13,17,0,Hourly,RU,AS_SP26,DAM,RU_CLR_PRC,0,25
2025-07-14T00:00:00-00:00,2025-07-14T01:00:00-00:00,2025-07-13,18,0,Hourly,RU,AS_NP26_EXP,DAM,RU_CLR_PRC,1.85393,25
2025-07-14T01:00:00-00:00,2025-07-14T02:00:00-00:00,2025-07-13,19,0,Hourly,RU,AS_CAISO,DAM,RU_CLR_PRC,0,25
2025-07-14T03:00:00-00:00,2025-07-14T04:00:00-00:00,2025-07-13,21,0,Hourly,RU,AS_NP26,DAM,RU_CLR_PRC,0,25
2025-07-13T07:00:00-00:00,2025-07-13T08:00:00-00:00,2025-07-13,1,0,Hourly,RU,AS_NP26_EXP,DAM,RU_CLR_PRC,1.19,25
2025-07-13T08:00:00-00:00,2025-07-13T09:00:00-00:00,2025-07-13,2,0,Hourly,RU,AS_NP26_EXP,DAM,RU_CLR_PRC,1.46109,25
2025-07-13T09:00:00-00:00,2025-07-13T10:00:00-00:00,2025-07-13,3,0,Hourly,RU,AS_SP26,DAM,RU_CLR_PRC,0,25
2025-07-13T10:00:00-00:00,2025-07-13T11:00:00-00:00,2025-07-13,4,0,Hourly,RU,AS_SP26_EXP,DAM,RU_CLR_PRC,0,25
2025-07-13T11:00:00-00:00,2025-07-13T12:00:00-00:00,2025-07-13,5,0,Hourly,RU,AS_CAISO,DAM,RU_CLR_PRC,0,25
2025-07-13T12:00:00-00:00,2025-07-13T13:00:00-00:00,2025-07-13,6,0,Hourly,RU,AS_SP26,DAM,RU_CLR_PRC,0,25
2025-07-13T07:00:00-00:00,2025-07-13T08:00:00-00:00,2025-07-13,1,0,Hourly,RU,AS_SP26,DAM,RU_CLR_PRC,0,25
2025-07-13T10:00:00-00:00,2025-07-13T11:00:00-00:00,2025-07-13,4,0,Hourly,RU,AS_NP26,DAM,RU_CLR_PRC,0,25
2025-07-13T11:00:00-00:00,2025-07-13T12:00:00-00:00,2025-07-13,5,0,Hourly,RU,AS_SP26_EXP,DAM,RU_CLR_PRC,0,25
2025-07-13T15:00:00-00:00,2025-07-13T16:00:00-00:00,2025-07-13,9,0,Hourly,RU,AS_NP26_EXP,DAM,RU_CLR_PRC,0,25
2025-07-13T16:00:00-00:00,2025-07-13T17:00:00-00:00,2025-07-13,10,0,Hourly,RU,AS_CAISO_EXP,DAM,RU_CLR_PRC,0.56663,25
2025-07-13T19:00:00-00:00,2025-07-13T20:00:00-00:00,2025-07-13,13,0,Hourly,RU,AS_NP26_EXP,DAM,RU_CLR_PRC,1.72509,25
2025-07-13T20:00:00-00:00,2025-07-13T21:00:00-00:00,2025-07-13,14,0,Hourly,RU,AS_NP26_EXP,DAM,RU_CLR_PRC,1.20818,25
2025-07-13T22:00:00-00:00,2025-07-13T23:00:00-00:00,2025-07-13,16,0,Hourly,RU,AS_NP26,DAM,RU_CLR_PRC,0,25
2025-07-13T22:00:00-00:00,2025-07-13T23:00:00-00:00,2025-07-13,16,0,Hourly,RU,AS_SP26,DAM,RU_CLR_PRC,0,25
2025-07-13T22:00:00-00:00,2025-07-13T23:00:00-00:00,2025-07-13,16,0,Hourly,RU,AS_SP26_EXP,DAM,RU_CLR_PRC,0,25
2025-07-14T03:00:00-00:00,2025-07-14T04:00:00-00:00,2025-07-13,21,0,Hourly,RU,AS_SP26,DAM,RU_CLR_PRC,0,25
2025-07-14T06:00:00-00:00,2025-07-14T07:00:00-00:00,2025-07-13,24,0,Hourly,RU,AS_CAISO,DAM,RU_CLR_PRC,0,25
2025-07-13T08:00:00-00:00,2025-07-13T09:00:00-00:00,2025-07-13,2,0,Hourly,RU,AS_CAISO,DAM,RU_CLR_PRC,0,25
2025-07-13T08:00:00-00:00,2025-07-13T09:00:00-00:00,2025-07-13,2,0,Hourly,RU,AS_CAISO_EXP,DAM,RU_CLR_PRC,1.81922,25
2025-07-13T08:00:00-00:00,2025-07-13T09:00:00-00:00,2025-07-13,2,0,Hourly,RU,AS_SP26,DAM,RU_CLR_PRC,0,25
2025-07-13T08:00:00-00:00,2025-07-13T09:00:00-00:00,2025-07-13,2,0,Hourly,RU,AS_SP26_EXP,DAM,RU_CLR_PRC,0,25
2025-07-13T09:00:00-00:00,2025-07-13T10:00:00-00:00,2025-07-13,3,0,Hourly,RU,AS_CAISO_EXP,DAM,RU_CLR_PRC,1,25
2025-07-13T09:00:00-00:00,2025-07-13T10:00:00-00:00,2025-07-13,3,0,Hourly,RU,AS_NP26_EXP,DAM,RU_CLR_PRC,1.17,25
2025-07-13T10:00:00-00:00,2025-07-13T11:00:00-00:00,2025-07-13,4,0,Hourly,RU,AS_NP26_EXP,DAM,RU_CLR_PRC,1.26,25
2025-07-13T13:00:00-00:00,2025-07-13T14:00:00-00:00,2025-07-13,7,0,Hourly,RU,AS_CAISO_EXP,DAM,RU_CLR_PRC,5,25
2025-07-13T14:00:00-00:00,2025-07-13T15:00:00-00:00,2025-07-13,8,0,Hourly,RU,AS_NP26_EXP,DAM,RU_CLR_PRC,2.47116,25
2025-07-13T15:00:00-00:00,2025-07-13T16:00:00-00:00,2025-07-13,9,0,Hourly,RU,AS_SP26,DAM,RU_CLR_PRC,0,25
2025-07-13T15:00:00-00:00,2025-07-13T16:00:00-00:00,2025-07-13,9,0,Hourly,RU,AS_SP26_EXP,DAM,RU_CLR_PRC,0,25
2025-07-13T16:00:00-00:00,2025-07-13T17:00:00-00:00,2025-07-13,10,0,Hourly,RU,AS_NP26_EXP,DAM,RU_CLR_PRC,1.04971,25
2025-07-13T17:00:00-00:00,2025-07-13T18:00:00-00:00,2025-07-13,11,0,Hourly,RU,AS_CAISO_EXP,DAM,RU_CLR_PRC,1.26086,25
2025-07-13T17:00:00-00:00,2025-07-13T18:00:00-00:00,2025-07-13,11,0,Hourly,RU,AS_NP26,DAM,RU_CLR_PRC,0,25
2025-07-13T17:00:00-00:00,2025-07-13T18:00:00-00:00,2025-07-13,11,0,Hourly,RU,AS_SP26,DAM,RU_CLR_PRC,0,25
2025-07-13T17:00:00-00:00,2025-07-13T18:00:00-00:00,2025-07-13,11,0,Hourly,RU,AS_SP26_EXP,DAM,RU_CLR_PRC,0,25
2025-07-13T18:00:00-00:00,2025-07-13T19:00:00-00:00,2025-07-13,12,0,Hourly,RU,AS_SP26_EXP,DAM,RU_CLR_PRC,0,25
2025-07-13T19:00:00-00:00,2025-07-13T20:00:00-00:00,2025-07-13,13,0,Hourly,RU,AS_CAISO,DAM,RU_CLR_PRC,0,25
2025-07-13T21:00:00-00:00,2025-07-13T22:00:00-00:00,2025-07-13,15,0,Hourly,RU,AS_CAISO_EXP,DAM,RU_CLR_PRC,2.20912,25
2025-07-13T23:00:00-00:00,2025-07-14T00:00:00-00:00,2025-07-13,17,0,Hourly,RU,AS_CAISO,DAM,RU_CLR_PRC,0,25
2025-07-13T23:00:00-00:00,2025-07-14T00:00:00-00:00,2025-07-13,17,0,Hourly,RU,AS_SP26_EXP,DAM,RU_CLR_PRC,0,25
2025-07-14T00:00:00-00:00,2025-07-14T01:00:00-00:00,2025-07-13,18,0,Hourly,RU,AS_CAISO,DAM,RU_CLR_PRC,0,25
2025-07-14T01:00:00-00:00,2025-07-14T02:00:00-00:00,2025-07-13,19,0,Hourly,RU,AS_SP26,DAM,RU_CLR_PRC,0,25
2025-07-14T04:00:00-00:00,2025-07-14T05:00:00-00:00,2025-07-13,22,0,Hourly,RU,AS_CAISO_EXP,DAM,RU_CLR_PRC,1,25
2025-07-14T04:00:00-00:00,2025-07-14T05:00:00-00:00,2025-07-13,22,0,Hourly,RU,AS_SP26_EXP,DAM,RU_CLR_PRC,0,25
2025-07-14T05:00:00-00:00,2025-07-14T06:00:00-00:00,2025-07-13,23,0,Hourly,RU,AS_CAISO_EXP,DAM,RU_CLR_PRC,1.22,25
2025-07-14T06:00:00-00:00,2025-07-14T07:00:00-00:00,2025-07-13,24,0,Hourly,RU,AS_SP26,DAM,RU_CLR_PRC,0,25
2025-07-13T09:00:00-00:00,2025-07-13T10:00:00-00:00,2025-07-13,3,0,Hourly,RU,AS_CAISO,DAM,RU_CLR_PRC,0,25
2025-07-13T09:00:00-00:00,2025-07-13T10:00:00-00:00,2025-07-13,3,0,Hourly,RU,AS_SP26_EXP,DAM,RU_CLR_PRC,0,25
2025-07-13T11:00:00-00:00,2025-07-13T12:00:00-00:00,2025-07-13,5,0,Hourly,RU,AS_NP26,DAM,RU_CLR_PRC,0,25
2025-07-13T12:00:00-00:00,2025-07-13T13:00:00-00:00,2025-07-13,6,0,Hourly,RU,AS_SP26_EXP,DAM,RU_CLR_PRC,0,25
2025-07-13T13:00:00-00:00,2025-07-13T14:00:00-00:00,2025-07-13,7,0,Hourly,RU,AS_CAISO,DAM,RU_CLR_PRC,0,25
2025-07-13T13:00:00-00:00,2025-07-13T14:00:00-00:00,2025-07-13,7,0,Hourly,RU,AS_SP26_EXP,DAM,RU_CLR_PRC,0,25
2025-07-13T14:00:00-00:00,2025-07-13T15:00:00-00:00,2025-07-13,8,0,Hourly,RU,AS_SP26,DAM,RU_CLR_PRC,0,25
2025-07-13T18:00:00-00:00,2025-07-13T19:00:00-00:00,2025-07-13,12,0,Hourly,RU,AS_NP26_EXP,DAM,RU_CLR_PRC,1.27196,25
2025-07-13T21:00:00-00:00,2025-07-13T22:00:00-00:00,2025-07-13,15,0,Hourly,RU,AS_NP26,DAM,RU_CLR_PRC,0,25
2025-07-13T23:00:00-00:00,2025-07-14T00:00:00-00:00,2025-07-13,17,0,Hourly,RU,AS_NP26,DAM,RU_CLR_PRC,0,25
2025-07-14T00:00:00-00:00,2025-07-14T01:00:00-00:00,2025-07-13,18,0,Hourly,RU,AS_SP26_EXP,DAM,RU_CLR_PRC,0,25
2025-07-14T01:00:00-00:00,2025-07-14T02:00:00-00:00,2025-07-13,19,0,Hourly,RU,AS_NP26_EXP,DAM,RU_CLR_PRC,2.65076,25
2025-07-14T02:00:00-00:00,2025-07-14T03:00:00-00:00,2025-07-13,20,0,Hourly,RU,AS_CAISO_EXP,DAM,RU_CLR_PRC,4.05831,25
2025-07-14T03:00:00-00:00,2025-07-14T04:00:00-00:00,2025-07-13,21,0,Hourly,RU,AS_CAISO_EXP,DAM,RU_CLR_PRC,2.1613,25
2025-07-14T05:00:00-00:00,2025-07-14T06:00:00-00:00,2025-07-13,23,0,Hourly,RU,AS_NP26_EXP,DAM,RU_CLR_PRC,3.78,25
2025-07-14T05:00:00-00:00,2025-07-14T06:00:00-00:00,2025-07-13,23,0,Hourly,RU,AS_SP26,DAM,RU_CLR_PRC,0,25
2025-07-14T05:00:00-00:00,2025-07-14T06:00:00-00:00,2025-07-13,23,0,Hourly,RU,AS_SP26_EXP,DAM,RU_CLR_PRC,0,25
2025-07-13T07:00:00-00:00,2025-07-13T08:00:00-00:00,2025-07-13,1,0,Hourly,RU,AS_CAISO,DAM,RU_CLR_PRC,0,25
2025-07-13T10:00:00-00:00,2025-07-13T11:00:00-00:00,2025-07-13,4,0,Hourly,RU,AS_CAISO,DAM,RU_CLR_PRC,0,25
2025-07-13T12:00:00-00:00,2025-07-13T13:00:00-00:00,2025-07-13,6,0,Hourly,RU,AS_CAISO,DAM,RU_CLR_PRC,0,25
2025-07-13T12:00:00-00:00,2025-07-13T13:00:00-00:00,2025-07-13,6,0,Hourly,RU,AS_NP26,DAM,RU_CLR_PRC,0,25
2025-07-13T16:00:00-00:00,2025-07-13T17:00:00-00:00,2025-07-13,10,0,Hourly,RU,AS_NP26,DAM,RU_CLR_PRC,0,25
2025-07-13T20:00:00-00:00,2025-07-13T21:00:00-00:00,2025-07-13,14,0,Hourly,RU,AS_CAISO_EXP,DAM,RU_CLR_PRC,1.20173,25
2025-07-13T21:00:00-00:00,2025-07-13T22:00:00-00:00,2025-07-13,15,0,Hourly,RU,AS_NP26_EXP,DAM,RU_CLR_PRC,2.12088,25
2025-07-13T22:00:00-00:00,2025-07-13T23:00:00-00:00,2025-07-13,16,0,Hourly,RU,AS_CAISO_EXP,DAM,RU_CLR_PRC,2,25
2025-07-14T07:00:00-00:00,2025-07-14T08:00:00-00:00,2025-07-14,1,0,Hourly,RU,AS_CAISO_EXP,DAM,RU_CLR_PRC,1.96,26
2025-07-14T07:00:00-00:00,2025-07-14T08:00:00-00:00,2025-07-14,1,0,Hourly,RU,AS_NP26,DAM,RU_CLR_PRC,0,26
2025-07-14T07:00:00-00:00,2025-07-14T08:00:00-00:00,2025-07-14,1,0,Hourly,RU,AS_SP26,DAM,RU_CLR_PRC,0,26
2025-07-14T07:00:00-00:00,2025-07-14T08:00:00-00:00,2025-07-14,1,0,Hourly,RU,AS_SP26_EXP,DAM,RU_CLR_PRC,0,26
2025-07-14T07:00:00-00:00,2025-07-14T08:00:00-00:00,2025-07-14,1,0,Hourly,RU,AS_CAISO,DAM,RU_CLR_PRC,0,26
2025-07-14T07:00:00-00:00,2025-07-14T08:00:00-00:00,2025-07-14,1,0,Hourly,RU,AS_NP26_EXP,DAM,RU_CLR_PRC,2.70954,26
