INTERVALSTARTTIME_GMT,INTERVALENDTIME_GMT,OPR_DT,OPR_HR,OPR_INTERVAL,OPR_TYPE,ANC_TYPE,ANC_REGION,MARKET_RUN_ID,XML_DATA_ITEM,MW,GROUP
2025-01-20T10:00:00-00:00,2025-01-20T11:00:00-00:00,2025-01-20,3,0,Hourly,RD,AS_NP26_EXP,DAM,RD_CLR_PRC,3.50264,1
2025-01-20T12:00:00-00:00,2025-01-20T13:00:00-00:00,2025-01-20,5,0,Hourly,RD,AS_NP26_EXP,DAM,RD_CLR_PRC,2.99,1
2025-01-20T14:00:00-00:00,2025-01-20T15:00:00-00:00,2025-01-20,7,0,Hourly,RD,AS_NP26,DAM,RD_CLR_PRC,0,1
2025-01-20T14:00:00-00:00,2025-01-20T15:00:00-00:00,2025-01-20,7,0,Hourly,RD,AS_NP26_EXP,DAM,RD_CLR_PRC,0.74051,1
2025-01-20T18:00:00-00:00,2025-01-20T19:00:00-00:00,2025-01-20,11,0,Hourly,RD,AS_CAISO,DAM,RD_CLR_PRC,0,1
2025-01-20T19:00:00-00:00,2025-01-20T20:00:00-00:00,2025-01-20,12,0,Hourly,RD,AS_NP26,DAM,RD_CLR_PRC,0,1
2025-01-20T21:00:00-00:00,2025-01-20T22:00:00-00:00,2025-01-20,14,0,Hourly,RD,AS_CAISO_EXP,DAM,RD_CLR_PRC,8.668,1
2025-01-20T22:00:00-00:00,2025-01-20T23:00:00-00:00,2025-01-20,15,0,Hourly,RD,AS_NP26_EXP,DAM,RD_CLR_PRC,25.57826,1
2025-01-20T23:00:00-00:00,2025-01-21T00:00:00-00:00,2025-01-20,16,0,Hourly,RD,AS_SP26_EXP,DAM,RD_CLR_PRC,0,1
2025-01-21T00:00:00-00:00,2025-01-21T01:00:00-00:00,2025-01-20,17,0,Hourly,RD,AS_NP26_EXP,DAM,RD_CLR_PRC,0,1
2025-01-21T02:00:00-00:00,2025-01-21T03:00:00-00:00,2025-01-20,19,0,Hourly,RD,AS_NP26,DAM,RD_CLR_PRC,0,1
2025-01-21T03:00:00-00:00,2025-01-21T04:00:00-00:00,2025-01-20,20,0,Hourly,RD,AS_CAISO_EXP,DAM,RD_CLR_PRC,4,1
2025-01-21T03:00:00-00:00,2025-01-21T04:00:00-00:00,2025-01-20,20,0,Hourly,RD,AS_NP26_EXP,DAM,RD_CLR_PRC,3.99,1
2025-01-21T04:00:00-00:00,2025-01-21T05:00:00-00:00,2025-01-20,21,0,Hourly,RD,AS_NP26,DAM,RD_CLR_PRC,0,1
2025-01-21T04:00:00-00:00,2025-01-21T05:00:00-00:00,2025-01-20,21,0,Hourly,RD,AS_SP26_EXP,DAM,RD_CLR_PRC,0,1
2025-01-21T07:00:00-00:00,2025-01-21T08:00:00-00:00,2025-01-20,24,0,Hourly,RD,AS_CAISO,DAM,RD_CLR_PRC,0,1
2025-01-21T02:00:00-00:00,2025-01-21T03:00:00-00:00,2025-01-20,19,0,Hourly,RD,AS_NP26_EXP,DAM,RD_CLR_PRC,3.51607,1
2025-01-21T04:00:00-00:00,2025-01-21T05:00:00-00:00,2025-01-20,21,0,Hourly,RD,AS_CAISO_EXP,DAM,RD_CLR_PRC,4.27837,1
2025-01-21T05:00:00-00:00,2025-01-21T06:00:00-00:00,2025-01-20,22,0,Hourly,RD,AS_SP26,DAM,RD_CLR_PRC,0,1
2025-01-21T06:00:00-00:00,2025-01-21T07:00:00-00:00,2025-01-20,23,0,Hourly,RD,AS_SP26_EXP,DAM,RD_CLR_PRC,0,1
2025-01-21T07:00:00-00:00,2025-01-21T08:00:00-00:00,2025-01-20,24,0,Hourly,RD,AS_SP26,DAM,RD_CLR_PRC,0,1
2025-01-20T09:00:00-00:00,2025-01-20T10:00:00-00:00,2025-01-20,2,0,Hourly,RD,AS_CAISO_EXP,DAM,RD_CLR_PRC,5.39544,1
2025-01-20T09:00:00-00:00,2025-01-20T10:00:00-00:00,2025-01-20,2,0,Hourly,RD,AS_NP26_EXP,DAM,RD_CLR_PRC,3.47578,1
2025-01-20T10:00:00-00:00,2025-01-20T11:00:00-00:00,2025-01-20,3,0,Hourly,RD,AS_NP26,DAM,RD_CLR_PRC,0,1
2025-01-20T12:00:00-00:00,2025-01-20T13:00:00-00:00,2025-01-20,5,0,Hourly,RD,AS_CAISO_EXP,DAM,RD_CLR_PRC,5,1
2025-01-20T13:00:00-00:00,2025-01-20T14:00:00-00:00,2025-01-20,6,0,Hourly,RD,AS_NP26,DAM,RD_CLR_PRC,0,1
2025-01-20T14:00:00-00:00,2025-01-20T15:00:00-00:00,2025-01-20,7,0,Hourly,RD,AS_CAISO_EXP,DAM,RD_CLR_PRC,7.24949,1
2025-01-20T15:00:00-00:00,2025-01-20T16:00:00-00:00,2025-01-20,8,0,Hourly,RD,AS_NP26,DAM,RD_CLR_PRC,0,1
2025-01-20T16:00:00-00:00,2025-01-20T17:00:00-00:00,2025-01-20,9,0,Hourly,RD,AS_SP26_EXP,DAM,RD_CLR_PRC,0,1
2025-01-20T17:00:00-00:00,2025-01-20T18:00:00-00:00,2025-01-20,10,0,Hourly,RD,AS_SP26_EXP,DAM,RD_CLR_PRC,0,1
2025-01-20T19:00:00-00:00,2025-01-20T20:00:00-00:00,2025-01-20,12,0,Hourly,RD,AS_CAISO_EXP,DAM,RD_CLR_PRC,9.04447,1
2025-01-20T19:00:00-00:00,2025-01-20T20:00:00-00:00,2025-01-20,12,0,Hourly,RD,AS_SP26_EXP,DAM,RD_CLR_PRC,0,1
2025-01-20T20:00:00-00:00,2025-01-20T21:00:00-00:00,2025-01-20,13,0,Hourly,RD,AS_CAISO,DAM,RD_CLR_PRC,0,1
2025-01-20T21:00:00-00:00,2025-01-20T22:00:00-00:00,2025-01-20,14,0,Hourly,RD,AS_NP26,DAM,RD_CLR_PRC,0,1
2025-01-21T04:00:00-00:00,2025-01-21T05:00:00-00:00,2025-01-20,21,0,Hourly,RD,AS_SP26,DAM,RD_CLR_PRC,0,1
2025-01-21T05:00:00-00:00,2025-01-21T06:00:00-00:00,2025-01-20,22,0,Hourly,RD,AS_CAISO_EXP,DAM,RD_CLR_PRC,5.8355,1
2025-01-20T08:00:00-00:00,2025-01-20T09:00:00-00:00,2025-01-20,1,0,Hourly,RD,AS_NP26,DAM,RD_CLR_PRC,0,1
2025-01-20T08:00:00-00:00,2025-01-20T09:00:00-00:00,2025-01-20,1,0,Hourly,RD,AS_SP26_EXP,DAM,RD_CLR_PRC,0,1
2025-01-20T11:00:00-00:00,2025-01-20T12:00:00-00:00,2025-01-20,4,0,Hourly,RD,AS_CAISO_EXP,DAM,RD_CLR_PRC,5.41,1
2025-01-20T12:00:00-00:00,2025-01-20T13:00:00-00:00,2025-01-20,5,0,Hourly,RD,AS_NP26,DAM,RD_CLR_PRC,0,1
2025-01-20T13:00:00-00:00,2025-01-20T14:00:00-00:00,2025-01-20,6,0,Hourly,RD,AS_SP26_EXP,DAM,RD_CLR_PRC,0,1
2025-01-20T14:00:00-00:00,2025-01-20T15:00:00-00:00,2025-01-20,7,0,Hourly,RD,AS_CAISO,DAM,RD_CLR_PRC,0,1
2025-01-20T15:00:00-00:00,2025-01-20T16:00:00-00:00,2025-01-20,8,0,Hourly,RD,AS_NP26_EXP,DAM,RD_CLR_PRC,0,1
2025-01-20T15:00:00-00:00,2025-01-20T16:00:00-00:00,2025-01-20,8,0,Hourly,RD,AS_SP26,DAM,RD_CLR_PRC,0,1
2025-01-20T16:00:00-00:00,2025-01-20T17:00:00-00:00,2025-01-20,9,0,Hourly,RD,AS_CAISO_EXP,DAM,RD_CLR_PRC,6.05,1
2025-01-20T17:00:00-00:00,2025-01-20T18:00:00-00:00,2025-01-20,10,0,Hourly,RD,AS_SP26,DAM,RD_CLR_PRC,0,1
2025-01-20T19:00:00-00:00,2025-01-20T20:00:00-00:00,2025-01-20,12,0,Hourly,RD,AS_SP26,DAM,RD_CLR_PRC,0,1
2025-01-20T20:00:00-00:00,2025-01-20T21:00:00-00:00,2025-01-20,13,0,Hourly,RD,AS_NP26,DAM,RD_CLR_PRC,0,1
2025-01-20T23:00:00-00:00,2025-01-21T00:00:00-00:00,2025-01-20,16,0,Hourly,RD,AS_CAISO,DAM,RD_CLR_PRC,0,1
2025-01-20T23:00:00-00:00,2025-01-21T00:00:00-00:00,2025-01-20,16,0,Hourly,RD,AS_NP26_EXP,DAM,RD_CLR_PRC,14.50996,1
2025-01-21T00:00:00-00:00,2025-01-21T01:00:00-00:00,2025-01-20,17,0,Hourly,RD,AS_CAISO_EXP,DAM,RD_CLR_PRC,9.38,1
2025-01-21T03:00:00-00:00,2025-01-21T04:00:00-00:00,2025-01-20,20,0,Hourly,RD,AS_NP26,DAM,RD_CLR_PRC,0,1
2025-01-21T06:00:00-00:00,2025-01-21T07:00:00-00:00,2025-01-20,23,0,Hourly,RD,AS_NP26_EXP,DAM,RD_CLR_PRC,1.5,1
2025-01-21T07:00:00-00:00,2025-01-21T08:00:00-00:00,2025-01-20,24,0,Hourly,RD,AS_NP26_EXP,DAM,RD_CLR_PRC,1.5,1
2025-01-20T08:00:00-00:00,2025-01-20T09:00:00-00:00,2025-01-20,1,0,Hourly,RD,AS_CAISO,DAM,RD_CLR_PRC,0,1
2025-01-20T09:00:00-00:00,2025-01-20T10:00:00-00:00,2025-01-20,2,0,Hourly,RD,AS_SP26_EXP,DAM,RD_CLR_PRC,0,1
2025-01-20T11:00:00-00:00,2025-01-20T12:00:00-00:00,2025-01-20,4,0,Hourly,RD,AS_CAISO,DAM,RD_CLR_PRC,0,1
2025-01-20T12:00:00-00:00,2025-01-20T13:00:00-00:00,2025-01-20,5,0,Hourly,RD,AS_CAISO,DAM,RD_CLR_PRC,0,1
2025-01-20T12:00:00-00:00,2025-01-20T13:00:00-00:00,2025-01-20,5,0,Hourly,RD,AS_SP26,DAM,RD_CLR_PRC,0,1
2025-01-20T13:00:00-00:00,2025-01-20T14:00:00-00:00,2025-01-20,6,0,Hourly,RD,AS_CAISO,DAM,RD_CLR_PRC,0,1
2025-01-20T13:00:00-00:00,2025-01-20T14:00:00-00:00,2025-01-20,6,0,Hourly,RD,AS_CAISO_EXP,DAM,RD_CLR_PRC,5,1
2025-01-20T13:00:00-00:00,2025-01-20T14:00:00-00:00,2025-01-20,6,0,Hourly,RD,AS_SP26,DAM,RD_CLR_PRC,0,1
2025-01-20T15:00:00-00:00,2025-01-20T16:00:00-00:00,2025-01-20,8,0,Hourly,RD,AS_CAISO,DAM,RD_CLR_PRC,0,1
2025-01-20T15:00:00-00:00,2025-01-20T16:00:00-00:00,2025-01-20,8,0,Hourly,RD,AS_SP26_EXP,DAM,RD_CLR_PRC,0,1
2025-01-20T17:00:00-00:00,2025-01-20T18:00:00-00:00,2025-01-20,10,0,Hourly,RD,AS_CAISO,DAM,RD_CLR_PRC,0,1
2025-01-20T18:00:00-00:00,2025-01-20T19:00:00-00:00,2025-01-20,11,0,Hourly,RD,AS_SP26,DAM,RD_CLR_PRC,0,1
2025-01-20T18:00:00-00:00,2025-01-20T19:00:00-00:00,2025-01-20,11,0,Hourly,RD,AS_SP26_EXP,DAM,RD_CLR_PRC,0,1
2025-01-20T20:00:00-00:00,2025-01-20T21:00:00-00:00,2025-01-20,13,0,Hourly,RD,AS_NP26_EXP,DAM,RD_CLR_PRC,41.24134,1
2025-01-20T21:00:00-00:00,2025-01-20T22:00:00-00:00,2025-01-20,14,0,Hourly,RD,AS_CAISO,DAM,RD_CLR_PRC,0,1
2025-01-20T21:00:00-00:00,2025-01-20T22:00:00-00:00,2025-01-20,14,0,Hourly,RD,AS_NP26_EXP,DAM,RD_CLR_PRC,41.342,1
2025-01-20T22:00:00-00:00,2025-01-20T23:00:00-00:00,2025-01-20,15,0,Hourly,RD,AS_SP26_EXP,DAM,RD_CLR_PRC,0,1
2025-01-20T23:00:00-00:00,2025-01-21T00:00:00-00:00,2025-01-20,16,0,Hourly,RD,AS_CAISO_EXP,DAM,RD_CLR_PRC,17.23722,1
2025-01-20T23:00:00-00:00,2025-01-21T00:00:00-00:00,2025-01-20,16,0,Hourly,RD,AS_SP26,DAM,RD_CLR_PRC,0,1
2025-01-21T01:00:00-00:00,2025-01-21T02:00:00-00:00,2025-01-20,18,0,Hourly,RD,AS_NP26_EXP,DAM,RD_CLR_PRC,0,1
2025-01-21T02:00:00-00:00,2025-01-21T03:00:00-00:00,2025-01-20,19,0,Hourly,RD,AS_CAISO,DAM,RD_CLR_PRC,0,1
2025-01-21T02:00:00-00:00,2025-01-21T03:00:00-00:00,2025-01-20,19,0,Hourly,RD,AS_CAISO_EXP,DAM,RD_CLR_PRC,4.47393,1
2025-01-21T04:00:00-00:00,2025-01-21T05:00:00-00:00,2025-01-20,21,0,Hourly,RD,AS_CAISO,DAM,RD_CLR_PRC,0,1
2025-01-21T07:00:00-00:00,2025-01-21T08:00:00-00:00,2025-01-20,24,0,Hourly,RD,AS_SP26_EXP,DAM,RD_CLR_PRC,0,1
2025-01-20T08:00:00-00:00,2025-01-20T09:00:00-00:00,2025-01-20,1,0,Hourly,RD,AS_NP26_EXP,DAM,RD_CLR_PRC,2.44304,1
2025-01-20T10:00:00-00:00,2025-01-20T11:00:00-00:00,2025-01-20,3,0,Hourly,RD,AS_CAISO,DAM,RD_CLR_PRC,0,1
2025-01-20T09:00:00-00:00,2025-01-20T10:00:00-00:00,2025-01-20,2,0,Hourly,RD,AS_CAISO,DAM,RD_CLR_PRC,0,1
2025-01-20T10:00:00-00:00,2025-01-20T11:00:00-00:00,2025-01-20,3,0,Hourly,RD,AS_CAISO_EXP,DAM,RD_CLR_PRC,5.39544,1
2025-01-20T11:00:00-00:00,2025-01-20T12:00:00-00:00,2025-01-20,4,0,Hourly,RD,AS_NP26,DAM,RD_CLR_PRC,0,1
2025-01-20T11:00:00-00:00,2025-01-20T12:00:00-00:00,2025-01-20,4,0,Hourly,RD,AS_SP26_EXP,DAM,RD_CLR_PRC,0,1
2025-01-20T15:00:00-00:00,2025-01-20T16:00:00-00:00,2025-01-20,8,0,Hourly,RD,AS_CAISO_EXP,DAM,RD_CLR_PRC,10,1
2025-01-20T17:00:00-00:00,2025-01-20T18:00:00-00:00,2025-01-20,10,0,Hourly,RD,AS_NP26,DAM,RD_CLR_PRC,0,1
2025-01-20T18:00:00-00:00,2025-01-20T19:00:00-00:00,2025-01-20,11,0,Hourly,RD,AS_CAISO_EXP,DAM,RD_CLR_PRC,6.75,1
2025-01-20T20:00:00-00:00,2025-01-20T21:00:00-00:00,2025-01-20,13,0,Hourly,RD,AS_SP26_EXP,DAM,RD_CLR_PRC,0,1
2025-01-20T21:00:00-00:00,2025-01-20T22:00:00-00:00,2025-01-20,14,0,Hourly,RD,AS_SP26_EXP,DAM,RD_CLR_PRC,0,1
2025-01-20T23:00:00-00:00,2025-01-21T00:00:00-00:00,2025-01-20,16,0,Hourly,RD,AS_NP26,DAM,RD_CLR_PRC,0,1
2025-01-21T00:00:00-00:00,2025-01-21T01:00:00-00:00,2025-01-20,17,0,Hourly,RD,AS_SP26,DAM,RD_CLR_PRC,0,1
2025-01-21T01:00:00-00:00,2025-01-21T02:00:00-00:00,2025-01-20,18,0,Hourly,RD,AS_NP26,DAM,RD_CLR_PRC,0,1
2025-01-21T01:00:00-00:00,2025-01-21T02:00:00-00:00,2025-01-20,18,0,Hourly,RD,AS_SP26,DAM,RD_CLR_PRC,0,1
2025-01-21T02:00:00-00:00,2025-01-21T03:00:00-00:00,2025-01-20,19,0,Hourly,RD,AS_SP26,DAM,RD_CLR_PRC,0,1
2025-01-21T02:00:00-00:00,2025-01-21T03:00:00-00:00,2025-01-20,19,0,Hourly,RD,AS_SP26_EXP,DAM,RD_CLR_PRC,0,1
2025-01-21T03:00:00-00:00,2025-01-21T04:00:00-00:00,2025-01-20,20,0,Hourly,RD,AS_SP26,DAM,RD_CLR_PRC,0,1
2025-01-21T03:00:00-00:00,2025-01-21T04:00:00-00:00,2025-01-20,20,0,Hourly,RD,AS_SP26_EXP,DAM,RD_CLR_PRC,0,1
2025-01-21T04:00:00-00:00,2025-01-21T05:00:00-00:00,2025-01-20,21,0,Hourly,RD,AS_NP26_EXP,DAM,RD_CLR_PRC,3.55109,1
2025-01-21T05:00:00-00:00,2025-01-21T06:00:00-00:00,2025-01-20,22,0,Hourly,RD,AS_NP26_EXP,DAM,RD_CLR_PRC,1.88311,1
2025-01-21T05:00:00-00:00,2025-01-21T06:00:00-00:00,2025-01-20,22,0,Hourly,RD,AS_SP26_EXP,DAM,RD_CLR_PRC,0,1
2025-01-21T06:00:00-00:00,2025-01-21T07:00:00-00:00,2025-01-20,23,0,Hourly,RD,AS_CAISO_EXP,DAM,RD_CLR_PRC,6,1
2025-01-21T06:00:00-00:00,2025-01-21T07:00:00-00:00,2025-01-20,23,0,Hourly,RD,AS_SP26,DAM,RD_CLR_PRC,0,1
2025-01-20T08:00:00-00:00,2025-01-20T09:00:00-00:00,2025-01-20,1,0,Hourly,RD,AS_CAISO_EXP,DAM,RD_CLR_PRC,6.275,1
2025-01-20T10:00:00-00:00,2025-01-20T11:00:00-00:00,2025-01-20,3,0,Hourly,RD,AS_SP26,DAM,RD_CLR_PRC,0,1
2025-01-20T11:00:00-00:00,2025-01-20T12:00:00-00:00,2025-01-20,4,0,Hourly,RD,AS_NP26_EXP,DAM,RD_CLR_PRC,3.51894,1
2025-01-20T11:00:00-00:00,2025-01-20T12:00:00-00:00,2025-01-20,4,0,Hourly,RD,AS_SP26,DAM,RD_CLR_PRC,0,1
2025-01-20T12:00:00-00:00,2025-01-20T13:00:00-00:00,2025-01-20,5,0,Hourly,RD,AS_SP26_EXP,DAM,RD_CLR_PRC,0,1
2025-01-20T16:00:00-00:00,2025-01-20T17:00:00-00:00,2025-01-20,9,0,Hourly,RD,AS_NP26_EXP,DAM,RD_CLR_PRC,17.72653,1
2025-01-20T16:00:00-00:00,2025-01-20T17:00:00-00:00,2025-01-20,9,0,Hourly,RD,AS_SP26,DAM,RD_CLR_PRC,0,1
2025-01-20T19:00:00-00:00,2025-01-20T20:00:00-00:00,2025-01-20,12,0,Hourly,RD,AS_CAISO,DAM,RD_CLR_PRC,0,1
2025-01-20T20:00:00-00:00,2025-01-20T21:00:00-00:00,2025-01-20,13,0,Hourly,RD,AS_CAISO_EXP,DAM,RD_CLR_PRC,7.47,1
2025-01-20T20:00:00-00:00,2025-01-20T21:00:00-00:00,2025-01-20,13,0,Hourly,RD,AS_SP26,DAM,RD_CLR_PRC,0,1
2025-01-20T21:00:00-00:00,2025-01-20T22:00:00-00:00,2025-01-20,14,0,Hourly,RD,AS_SP26,DAM,RD_CLR_PRC,0,1
2025-01-20T22:00:00-00:00,2025-01-20T23:00:00-00:00,2025-01-20,15,0,Hourly,RD,AS_CAISO,DAM,RD_CLR_PRC,0,1
2025-01-21T01:00:00-00:00,2025-01-21T02:00:00-00:00,2025-01-20,18,0,Hourly,RD,AS_CAISO,DAM,RD_CLR_PRC,0,1
2025-01-21T05:00:00-00:00,2025-01-21T06:00:00-00:00,2025-01-20,22,0,Hourly,RD,AS_CAISO,DAM,RD_CLR_PRC,0,1
2025-01-21T06:00:00-00:00,2025-01-21T07:00:00-00:00,2025-01-20,23,0,Hourly,RD,AS_CAISO,DAM,RD_CLR_PRC,0,1
2025-01-21T07:00:00-00:00,2025-01-21T08:00:00-00:00,2025-01-20,24,0,Hourly,RD,AS_CAISO_EXP,DAM,RD_CLR_PRC,6,1
2025-01-20T08:00:00-00:00,2025-01-20T09:00:00-00:00,2025-01-20,1,0,Hourly,RD,AS_SP26,DAM,RD_CLR_PRC,0,1
2025-01-20T09:00:00-00:00,2025-01-20T10:00:00-00:00,2025-01-20,2,0,Hourly,RD,AS_NP26,DAM,RD_CLR_PRC,0,1
2025-01-20T13:00:00-00:00,2025-01-20T14:00:00-00:00,2025-01-20,6,0,Hourly,RD,AS_NP26_EXP,DAM,RD_CLR_PRC,2.99,1
2025-01-20T16:00:00-00:00,2025-01-20T17:00:00-00:00,2025-01-20,9,0,Hourly,RD,AS_CAISO,DAM,RD_CLR_PRC,0,1
2025-01-20T16:00:00-00:00,2025-01-20T17:00:00-00:00,2025-01-20,9,0,Hourly,RD,AS_NP26,DAM,RD_CLR_PRC,0,1
2025-01-20T17:00:00-00:00,2025-01-20T18:00:00-00:00,2025-01-20,10,0,Hourly,RD,AS_NP26_EXP,DAM,RD_CLR_PRC,16.27307,1
2025-01-20T18:00:00-00:00,2025-01-20T19:00:00-00:00,2025-01-20,11,0,Hourly,RD,AS_NP26_EXP,DAM,RD_CLR_PRC,17.02653,1
2025-01-20T22:00:00-00:00,2025-01-20T23:00:00-00:00,2025-01-20,15,0,Hourly,RD,AS_CAISO_EXP,DAM,RD_CLR_PRC,18.67329,1
2025-01-20T22:00:00-00:00,2025-01-20T23:00:00-00:00,2025-01-20,15,0,Hourly,RD,AS_NP26,DAM,RD_CLR_PRC,0,1
2025-01-21T00:00:00-00:00,2025-01-21T01:00:00-00:00,2025-01-20,17,0,Hourly,RD,AS_NP26,DAM,RD_CLR_PRC,0,1
2025-01-21T00:00:00-00:00,2025-01-21T01:00:00-00:00,2025-01-20,17,0,Hourly,RD,AS_SP26_EXP,DAM,RD_CLR_PRC,0,1
2025-01-21T01:00:00-00:00,2025-01-21T02:00:00-00:00,2025-01-20,18,0,Hourly,RD,AS_CAISO_EXP,DAM,RD_CLR_PRC,7.99,1
2025-01-21T03:00:00-00:00,2025-01-21T04:00:00-00:00,2025-01-20,20,0,Hourly,RD,AS_CAISO,DAM,RD_CLR_PRC,0,1
2025-01-21T05:00:00-00:00,2025-01-21T06:00:00-00:00,2025-01-20,22,0,Hourly,RD,AS_NP26,DAM,RD_CLR_PRC,0,1
2025-01-21T06:00:00-00:00,2025-01-21T07:00:00-00:00,2025-01-20,23,0,Hourly,RD,AS_NP26,DAM,RD_CLR_PRC,0,1
2025-01-21T07:00:00-00:00,2025-01-21T08:00:00-00:00,2025-01-20,24,0,Hourly,RD,AS_NP26,DAM,RD_CLR_PRC,0,1
2025-01-20T09:00:00-00:00,2025-01-20T10:00:00-00:00,2025-01-20,2,0,Hourly,RD,AS_SP26,DAM,RD_CLR_PRC,0,1
2025-01-20T10:00:00-00:00,2025-01-20T11:00:00-00:00,2025-01-20,3,0,Hourly,RD,AS_SP26_EXP,DAM,RD_CLR_PRC,0,1
2025-01-20T14:00:00-00:00,2025-01-20T15:00:00-00:00,2025-01-20,7,0,Hourly,RD,AS_SP26,DAM,RD_CLR_PRC,0,1
2025-01-20T14:00:00-00:00,2025-01-20T15:00:00-00:00,2025-01-20,7,0,Hourly,RD,AS_SP26_EXP,DAM,RD_CLR_PRC,0,1
2025-01-20T17:00:00-00:00,2025-01-20T18:00:00-00:00,2025-01-20,10,0,Hourly,RD,AS_CAISO_EXP,DAM,RD_CLR_PRC,5.15803,1
2025-01-20T18:00:00-00:00,2025-01-20T19:00:00-00:00,2025-01-20,11,0,Hourly,RD,AS_NP26,DAM,RD_CLR_PRC,0,1
2025-01-20T19:00:00-00:00,2025-01-20T20:00:00-00:00,2025-01-20,12,0,Hourly,RD,AS_NP26_EXP,DAM,RD_CLR_PRC,16.13022,1
2025-01-20T22:00:00-00:00,2025-01-20T23:00:00-00:00,2025-01-20,15,0,Hourly,RD,AS_SP26,DAM,RD_CLR_PRC,0,1
2025-01-21T00:00:00-00:00,2025-01-21T01:00:00-00:00,2025-01-20,17,0,Hourly,RD,AS_CAISO,DAM,RD_CLR_PRC,0,1
2025-01-21T01:00:00-00:00,2025-01-21T02:00:00-00:00,2025-01-20,18,0,Hourly,RD,AS_SP26_EXP,DAM,RD_CLR_PRC,0,1
2025-01-21T10:00:00-00:00,2025-01-21T11:00:00-00:00,2025-01-21,3,0,Hourly,RD,AS_SP26_EXP,DAM,RD_CLR_PRC,0,2
2025-01-21T11:00:00-00:00,2025-01-21T12:00:00-00:00,2025-01-21,4,0,Hourly,RD,AS_SP26_EXP,DAM,RD_CLR_PRC,0,2
2025-01-21T12:00:00-00:00,2025-01-21T13:00:00-00:00,2025-01-21,5,0,Hourly,RD,AS_CAISO_EXP,DAM,RD_CLR_PRC,4.83,2
2025-01-21T17:00:00-00:00,2025-01-21T18:00:00-00:00,2025-01-21,10,0,Hourly,RD,AS_NP26,DAM,RD_CLR_PRC,0,2
2025-01-21T17:00:00-00:00,2025-01-21T18:00:00-00:00,2025-01-21,10,0,Hourly,RD,AS_NP26_EXP,DAM,RD_CLR_PRC,15.09085,2
2025-01-21T18:00:00-00:00,2025-01-21T19:00:00-00:00,2025-01-21,11,0,Hourly,RD,AS_SP26,DAM,RD_CLR_PRC,0,2
2025-01-21T19:00:00-00:00,2025-01-21T20:00:00-00:00,2025-01-21,12,0,Hourly,RD,AS_CAISO_EXP,DAM,RD_CLR_PRC,7.17107,2
2025-01-21T19:00:00-00:00,2025-01-21T20:00:00-00:00,2025-01-21,12,0,Hourly,RD,AS_SP26,DAM,RD_CLR_PRC,0,2
2025-01-21T22:00:00-00:00,2025-01-21T23:00:00-00:00,2025-01-21,15,0,Hourly,RD,AS_CAISO,DAM,RD_CLR_PRC,0,2
2025-01-21T22:00:00-00:00,2025-01-21T23:00:00-00:00,2025-01-21,15,0,Hourly,RD,AS_CAISO_EXP,DAM,RD_CLR_PRC,17.94745,2
2025-01-22T02:00:00-00:00,2025-01-22T03:00:00-00:00,2025-01-21,19,0,Hourly,RD,AS_CAISO_EXP,DAM,RD_CLR_PRC,4.5,2
2025-01-22T02:00:00-00:00,2025-01-22T03:00:00-00:00,2025-01-21,19,0,Hourly,RD,AS_NP26_EXP,DAM,RD_CLR_PRC,3,2
2025-01-22T04:00:00-00:00,2025-01-22T05:00:00-00:00,2025-01-21,21,0,Hourly,RD,AS_CAISO_EXP,DAM,RD_CLR_PRC,4.5,2
2025-01-22T04:00:00-00:00,2025-01-22T05:00:00-00:00,2025-01-21,21,0,Hourly,RD,AS_SP26_EXP,DAM,RD_CLR_PRC,0,2
2025-01-22T05:00:00-00:00,2025-01-22T06:00:00-00:00,2025-01-21,22,0,Hourly,RD,AS_SP26_EXP,DAM,RD_CLR_PRC,0,2
2025-01-22T06:00:00-00:00,2025-01-22T07:00:00-00:00,2025-01-21,23,0,Hourly,RD,AS_NP26_EXP,DAM,RD_CLR_PRC,5.36486,2
2025-01-21T19:00:00-00:00,2025-01-21T20:00:00-00:00,2025-01-21,12,0,Hourly,RD,AS_SP26_EXP,DAM,RD_CLR_PRC,0,2
2025-01-21T20:00:00-00:00,2025-01-21T21:00:00-00:00,2025-01-21,13,0,Hourly,RD,AS_NP26,DAM,RD_CLR_PRC,0,2
2025-01-21T21:00:00-00:00,2025-01-21T22:00:00-00:00,2025-01-21,14,0,Hourly,RD,AS_NP26,DAM,RD_CLR_PRC,0,2
2025-01-21T21:00:00-00:00,2025-01-21T22:00:00-00:00,2025-01-21,14,0,Hourly,RD,AS_NP26_EXP,DAM,RD_CLR_PRC,34.65731,2
2025-01-21T21:00:00-00:00,2025-01-21T22:00:00-00:00,2025-01-21,14,0,Hourly,RD,AS_SP26,DAM,RD_CLR_PRC,0,2
2025-01-21T22:00:00-00:00,2025-01-21T23:00:00-00:00,2025-01-21,15,0,Hourly,RD,AS_NP26,DAM,RD_CLR_PRC,0,2
2025-01-21T22:00:00-00:00,2025-01-21T23:00:00-00:00,2025-01-21,15,0,Hourly,RD,AS_NP26_EXP,DAM,RD_CLR_PRC,19.69677,2
2025-01-22T00:00:00-00:00,2025-01-22T01:00:00-00:00,2025-01-21,17,0,Hourly,RD,AS_CAISO,DAM,RD_CLR_PRC,0,2
2025-01-22T02:00:00-00:00,2025-01-22T03:00:00-00:00,2025-01-21,19,0,Hourly,RD,AS_SP26,DAM,RD_CLR_PRC,0,2
2025-01-22T03:00:00-00:00,2025-01-22T04:00:00-00:00,2025-01-21,20,0,Hourly,RD,AS_CAISO_EXP,DAM,RD_CLR_PRC,3.44,2
2025-01-22T04:00:00-00:00,2025-01-22T05:00:00-00:00,2025-01-21,21,0,Hourly,RD,AS_SP26,DAM,RD_CLR_PRC,0,2
2025-01-22T05:00:00-00:00,2025-01-22T06:00:00-00:00,2025-01-21,22,0,Hourly,RD,AS_NP26,DAM,RD_CLR_PRC,0,2
2025-01-22T06:00:00-00:00,2025-01-22T07:00:00-00:00,2025-01-21,23,0,Hourly,RD,AS_CAISO,DAM,RD_CLR_PRC,0,2
2025-01-22T07:00:00-00:00,2025-01-22T08:00:00-00:00,2025-01-21,24,0,Hourly,RD,AS_CAISO_EXP,DAM,RD_CLR_PRC,4.55,2
2025-01-21T10:00:00-00:00,2025-01-21T11:00:00-00:00,2025-01-21,3,0,Hourly,RD,AS_NP26,DAM,RD_CLR_PRC,0,2
2025-01-21T12:00:00-00:00,2025-01-21T13:00:00-00:00,2025-01-21,5,0,Hourly,RD,AS_SP26,DAM,RD_CLR_PRC,0,2
2025-01-21T13:00:00-00:00,2025-01-21T14:00:00-00:00,2025-01-21,6,0,Hourly,RD,AS_CAISO_EXP,DAM,RD_CLR_PRC,0.7,2
2025-01-21T14:00:00-00:00,2025-01-21T15:00:00-00:00,2025-01-21,7,0,Hourly,RD,AS_CAISO,DAM,RD_CLR_PRC,0,2
2025-01-21T14:00:00-00:00,2025-01-21T15:00:00-00:00,2025-01-21,7,0,Hourly,RD,AS_SP26,DAM,RD_CLR_PRC,0,2
2025-01-21T15:00:00-00:00,2025-01-21T16:00:00-00:00,2025-01-21,8,0,Hourly,RD,AS_NP26,DAM,RD_CLR_PRC,0,2
2025-01-21T15:00:00-00:00,2025-01-21T16:00:00-00:00,2025-01-21,8,0,Hourly,RD,AS_SP26,DAM,RD_CLR_PRC,0,2
2025-01-21T17:00:00-00:00,2025-01-21T18:00:00-00:00,2025-01-21,10,0,Hourly,RD,AS_SP26,DAM,RD_CLR_PRC,0,2
2025-01-21T19:00:00-00:00,2025-01-21T20:00:00-00:00,2025-01-21,12,0,Hourly,RD,AS_CAISO,DAM,RD_CLR_PRC,0,2
2025-01-21T20:00:00-00:00,2025-01-21T21:00:00-00:00,2025-01-21,13,0,Hourly,RD,AS_SP26,DAM,RD_CLR_PRC,0,2
2025-01-21T21:00:00-00:00,2025-01-21T22:00:00-00:00,2025-01-21,14,0,Hourly,RD,AS_SP26_EXP,DAM,RD_CLR_PRC,0,2
2025-01-21T23:00:00-00:00,2025-01-22T00:00:00-00:00,2025-01-21,16,0,Hourly,RD,AS_CAISO,DAM,RD_CLR_PRC,0,2
2025-01-21T23:00:00-00:00,2025-01-22T00:00:00-00:00,2025-01-21,16,0,Hourly,RD,AS_NP26,DAM,RD_CLR_PRC,0,2
2025-01-22T01:00:00-00:00,2025-01-22T02:00:00-00:00,2025-01-21,18,0,Hourly,RD,AS_SP26_EXP,DAM,RD_CLR_PRC,0,2
2025-01-22T03:00:00-00:00,2025-01-22T04:00:00-00:00,2025-01-21,20,0,Hourly,RD,AS_SP26_EXP,DAM,RD_CLR_PRC,0,2
2025-01-22T04:00:00-00:00,2025-01-22T05:00:00-00:00,2025-01-21,21,0,Hourly,RD,AS_NP26,DAM,RD_CLR_PRC,0,2
2025-01-22T06:00:00-00:00,2025-01-22T07:00:00-00:00,2025-01-21,23,0,Hourly,RD,AS_NP26,DAM,RD_CLR_PRC,0,2
2025-01-22T07:00:00-00:00,2025-01-22T08:00:00-00:00,2025-01-21,24,0,Hourly,RD,AS_NP26_EXP,DAM,RD_CLR_PRC,2.82355,2
2025-01-22T07:00:00-00:00,2025-01-22T08:00:00-00:00,2025-01-21,24,0,Hourly,RD,AS_SP26,DAM,RD_CLR_PRC,0,2
2025-01-22T07:00:00-00:00,2025-01-22T08:00:00-00:00,2025-01-21,24,0,Hourly,RD,AS_SP26_EXP,DAM,RD_CLR_PRC,0,2
2025-01-21T08:00:00-00:00,2025-01-21T09:00:00-00:00,2025-01-21,1,0,Hourly,RD,AS_NP26_EXP,DAM,RD_CLR_PRC,2.5,2
2025-01-21T08:00:00-00:00,2025-01-21T09:00:00-00:00,2025-01-21,1,0,Hourly,RD,AS_SP26_EXP,DAM,RD_CLR_PRC,0,2
2025-01-21T09:00:00-00:00,2025-01-21T10:00:00-00:00,2025-01-21,2,0,Hourly,RD,AS_CAISO_EXP,DAM,RD_CLR_PRC,5,2
2025-01-21T09:00:00-00:00,2025-01-21T10:00:00-00:00,2025-01-21,2,0,Hourly,RD,AS_SP26,DAM,RD_CLR_PRC,0,2
2025-01-21T14:00:00-00:00,2025-01-21T15:00:00-00:00,2025-01-21,7,0,Hourly,RD,AS_CAISO_EXP,DAM,RD_CLR_PRC,7.5,2
2025-01-21T20:00:00-00:00,2025-01-21T21:00:00-00:00,2025-01-21,13,0,Hourly,RD,AS_SP26_EXP,DAM,RD_CLR_PRC,0,2
2025-01-22T01:00:00-00:00,2025-01-22T02:00:00-00:00,2025-01-21,18,0,Hourly,RD,AS_CAISO_EXP,DAM,RD_CLR_PRC,5,2
2025-01-22T02:00:00-00:00,2025-01-22T03:00:00-00:00,2025-01-21,19,0,Hourly,RD,AS_SP26_EXP,DAM,RD_CLR_PRC,0,2
2025-01-22T07:00:00-00:00,2025-01-22T08:00:00-00:00,2025-01-21,24,0,Hourly,RD,AS_NP26,DAM,RD_CLR_PRC,0,2
2025-01-21T08:00:00-00:00,2025-01-21T09:00:00-00:00,2025-01-21,1,0,Hourly,RD,AS_SP26,DAM,RD_CLR_PRC,0,2
2025-01-21T09:00:00-00:00,2025-01-21T10:00:00-00:00,2025-01-21,2,0,Hourly,RD,AS_CAISO,DAM,RD_CLR_PRC,0,2
2025-01-21T10:00:00-00:00,2025-01-21T11:00:00-00:00,2025-01-21,3,0,Hourly,RD,AS_CAISO_EXP,DAM,RD_CLR_PRC,5,2
2025-01-21T11:00:00-00:00,2025-01-21T12:00:00-00:00,2025-01-21,4,0,Hourly,RD,AS_CAISO,DAM,RD_CLR_PRC,0,2
2025-01-21T11:00:00-00:00,2025-01-21T12:00:00-00:00,2025-01-21,4,0,Hourly,RD,AS_SP26,DAM,RD_CLR_PRC,0,2
2025-01-21T13:00:00-00:00,2025-01-21T14:00:00-00:00,2025-01-21,6,0,Hourly,RD,AS_SP26_EXP,DAM,RD_CLR_PRC,0,2
2025-01-21T17:00:00-00:00,2025-01-21T18:00:00-00:00,2025-01-21,10,0,Hourly,RD,AS_CAISO,DAM,RD_CLR_PRC,0,2
2025-01-21T17:00:00-00:00,2025-01-21T18:00:00-00:00,2025-01-21,10,0,Hourly,RD,AS_SP26_EXP,DAM,RD_CLR_PRC,0,2
2025-01-21T18:00:00-00:00,2025-01-21T19:00:00-00:00,2025-01-21,11,0,Hourly,RD,AS_SP26_EXP,DAM,RD_CLR_PRC,0,2
2025-01-21T20:00:00-00:00,2025-01-21T21:00:00-00:00,2025-01-21,13,0,Hourly,RD,AS_CAISO,DAM,RD_CLR_PRC,0,2
2025-01-21T20:00:00-00:00,2025-01-21T21:00:00-00:00,2025-01-21,13,0,Hourly,RD,AS_NP26_EXP,DAM,RD_CLR_PRC,28.69314,2
2025-01-21T21:00:00-00:00,2025-01-21T22:00:00-00:00,2025-01-21,14,0,Hourly,RD,AS_CAISO,DAM,RD_CLR_PRC,0,2
2025-01-21T21:00:00-00:00,2025-01-21T22:00:00-00:00,2025-01-21,14,0,Hourly,RD,AS_CAISO_EXP,DAM,RD_CLR_PRC,15.35269,2
2025-01-21T22:00:00-00:00,2025-01-21T23:00:00-00:00,2025-01-21,15,0,Hourly,RD,AS_SP26,DAM,RD_CLR_PRC,0,2
2025-01-22T00:00:00-00:00,2025-01-22T01:00:00-00:00,2025-01-21,17,0,Hourly,RD,AS_NP26_EXP,DAM,RD_CLR_PRC,0,2
2025-01-22T01:00:00-00:00,2025-01-22T02:00:00-00:00,2025-01-21,18,0,Hourly,RD,AS_SP26,DAM,RD_CLR_PRC,0,2
2025-01-22T03:00:00-00:00,2025-01-22T04:00:00-00:00,2025-01-21,20,0,Hourly,RD,AS_NP26,DAM,RD_CLR_PRC,0,2
2025-01-22T04:00:00-00:00,2025-01-22T05:00:00-00:00,2025-01-21,21,0,Hourly,RD,AS_CAISO,DAM,RD_CLR_PRC,0,2
2025-01-22T04:00:00-00:00,2025-01-22T05:00:00-00:00,2025-01-21,21,0,Hourly,RD,AS_NP26_EXP,DAM,RD_CLR_PRC,2.91892,2
2025-01-22T05:00:00-00:00,2025-01-22T06:00:00-00:00,2025-01-21,22,0,Hourly,RD,AS_CAISO,DAM,RD_CLR_PRC,0,2
2025-01-21T10:00:00-00:00,2025-01-21T11:00:00-00:00,2025-01-21,3,0,Hourly,RD,AS_NP26_EXP,DAM,RD_CLR_PRC,2.5524,2
2025-01-21T08:00:00-00:00,2025-01-21T09:00:00-00:00,2025-01-21,1,0,Hourly,RD,AS_NP26,DAM,RD_CLR_PRC,0,2
2025-01-21T09:00:00-00:00,2025-01-21T10:00:00-00:00,2025-01-21,2,0,Hourly,RD,AS_NP26,DAM,RD_CLR_PRC,0,2
2025-01-21T09:00:00-00:00,2025-01-21T10:00:00-00:00,2025-01-21,2,0,Hourly,RD,AS_NP26_EXP,DAM,RD_CLR_PRC,2.5,2
2025-01-21T13:00:00-00:00,2025-01-21T14:00:00-00:00,2025-01-21,6,0,Hourly,RD,AS_CAISO,DAM,RD_CLR_PRC,0,2
2025-01-21T18:00:00-00:00,2025-01-21T19:00:00-00:00,2025-01-21,11,0,Hourly,RD,AS_NP26,DAM,RD_CLR_PRC,0,2
2025-01-21T18:00:00-00:00,2025-01-21T19:00:00-00:00,2025-01-21,11,0,Hourly,RD,AS_NP26_EXP,DAM,RD_CLR_PRC,9.86518,2
2025-01-21T19:00:00-00:00,2025-01-21T20:00:00-00:00,2025-01-21,12,0,Hourly,RD,AS_NP26_EXP,DAM,RD_CLR_PRC,0.31845,2
2025-01-21T20:00:00-00:00,2025-01-21T21:00:00-00:00,2025-01-21,13,0,Hourly,RD,AS_CAISO_EXP,DAM,RD_CLR_PRC,7.74,2
2025-01-22T00:00:00-00:00,2025-01-22T01:00:00-00:00,2025-01-21,17,0,Hourly,RD,AS_SP26,DAM,RD_CLR_PRC,0,2
2025-01-22T00:00:00-00:00,2025-01-22T01:00:00-00:00,2025-01-21,17,0,Hourly,RD,AS_SP26_EXP,DAM,RD_CLR_PRC,0,2
2025-01-22T03:00:00-00:00,2025-01-22T04:00:00-00:00,2025-01-21,20,0,Hourly,RD,AS_NP26_EXP,DAM,RD_CLR_PRC,4.06,2
2025-01-22T03:00:00-00:00,2025-01-22T04:00:00-00:00,2025-01-21,20,0,Hourly,RD,AS_SP26,DAM,RD_CLR_PRC,0,2
2025-01-22T05:00:00-00:00,2025-01-22T06:00:00-00:00,2025-01-21,22,0,Hourly,RD,AS_CAISO_EXP,DAM,RD_CLR_PRC,7.5,2
2025-01-22T06:00:00-00:00,2025-01-22T07:00:00-00:00,2025-01-21,23,0,Hourly,RD,AS_SP26,DAM,RD_CLR_PRC,0,2
2025-01-21T09:00:00-00:00,2025-01-21T10:00:00-00:00,2025-01-21,2,0,Hourly,RD,AS_SP26_EXP,DAM,RD_CLR_PRC,0,2
2025-01-21T10:00:00-00:00,2025-01-21T11:00:00-00:00,2025-01-21,3,0,Hourly,RD,AS_SP26,DAM,RD_CLR_PRC,0,2
2025-01-21T13:00:00-00:00,2025-01-21T14:00:00-00:00,2025-01-21,6,0,Hourly,RD,AS_NP26,DAM,RD_CLR_PRC,0,2
2025-01-21T14:00:00-00:00,2025-01-21T15:00:00-00:00,2025-01-21,7,0,Hourly,RD,AS_NP26,DAM,RD_CLR_PRC,0,2
2025-01-21T14:00:00-00:00,2025-01-21T15:00:00-00:00,2025-01-21,7,0,Hourly,RD,AS_SP26_EXP,DAM,RD_CLR_PRC,0,2
2025-01-21T15:00:00-00:00,2025-01-21T16:00:00-00:00,2025-01-21,8,0,Hourly,RD,AS_CAISO,DAM,RD_CLR_PRC,0,2
2025-01-21T15:00:00-00:00,2025-01-21T16:00:00-00:00,2025-01-21,8,0,Hourly,RD,AS_SP26_EXP,DAM,RD_CLR_PRC,0,2
2025-01-21T16:00:00-00:00,2025-01-21T17:00:00-00:00,2025-01-21,9,0,Hourly,RD,AS_SP26,DAM,RD_CLR_PRC,0,2
2025-01-21T16:00:00-00:00,2025-01-21T17:00:00-00:00,2025-01-21,9,0,Hourly,RD,AS_SP26_EXP,DAM,RD_CLR_PRC,0,2
2025-01-21T18:00:00-00:00,2025-01-21T19:00:00-00:00,2025-01-21,11,0,Hourly,RD,AS_CAISO_EXP,DAM,RD_CLR_PRC,8.01753,2
2025-01-21T23:00:00-00:00,2025-01-22T00:00:00-00:00,2025-01-21,16,0,Hourly,RD,AS_CAISO_EXP,DAM,RD_CLR_PRC,9.12,2
2025-01-21T23:00:00-00:00,2025-01-22T00:00:00-00:00,2025-01-21,16,0,Hourly,RD,AS_SP26,DAM,RD_CLR_PRC,0,2
2025-01-21T23:00:00-00:00,2025-01-22T00:00:00-00:00,2025-01-21,16,0,Hourly,RD,AS_SP26_EXP,DAM,RD_CLR_PRC,0,2
2025-01-22T00:00:00-00:00,2025-01-22T01:00:00-00:00,2025-01-21,17,0,Hourly,RD,AS_CAISO_EXP,DAM,RD_CLR_PRC,9.11,2
2025-01-22T00:00:00-00:00,2025-01-22T01:00:00-00:00,2025-01-21,17,0,Hourly,RD,AS_NP26,DAM,RD_CLR_PRC,0,2
2025-01-22T01:00:00-00:00,2025-01-22T02:00:00-00:00,2025-01-21,18,0,Hourly,RD,AS_CAISO,DAM,RD_CLR_PRC,0,2
2025-01-22T01:00:00-00:00,2025-01-22T02:00:00-00:00,2025-01-21,18,0,Hourly,RD,AS_NP26_EXP,DAM,RD_CLR_PRC,2.99,2
2025-01-22T02:00:00-00:00,2025-01-22T03:00:00-00:00,2025-01-21,19,0,Hourly,RD,AS_CAISO,DAM,RD_CLR_PRC,0,2
2025-01-22T02:00:00-00:00,2025-01-22T03:00:00-00:00,2025-01-21,19,0,Hourly,RD,AS_NP26,DAM,RD_CLR_PRC,0,2
2025-01-22T03:00:00-00:00,2025-01-22T04:00:00-00:00,2025-01-21,20,0,Hourly,RD,AS_CAISO,DAM,RD_CLR_PRC,0,2
2025-01-22T05:00:00-00:00,2025-01-22T06:00:00-00:00,2025-01-21,22,0,Hourly,RD,AS_NP26_EXP,DAM,RD_CLR_PRC,0,2
2025-01-22T06:00:00-00:00,2025-01-22T07:00:00-00:00,2025-01-21,23,0,Hourly,RD,AS_SP26_EXP,DAM,RD_CLR_PRC,0,2
2025-01-21T08:00:00-00:00,2025-01-21T09:00:00-00:00,2025-01-21,1,0,Hourly,RD,AS_CAISO,DAM,RD_CLR_PRC,0,2
2025-01-21T08:00:00-00:00,2025-01-21T09:00:00-00:00,2025-01-21,1,0,Hourly,RD,AS_CAISO_EXP,DAM,RD_CLR_PRC,5,2
2025-01-21T11:00:00-00:00,2025-01-21T12:00:00-00:00,2025-01-21,4,0,Hourly,RD,AS_NP26,DAM,RD_CLR_PRC,0,2
2025-01-21T12:00:00-00:00,2025-01-21T13:00:00-00:00,2025-01-21,5,0,Hourly,RD,AS_NP26,DAM,RD_CLR_PRC,0,2
2025-01-21T13:00:00-00:00,2025-01-21T14:00:00-00:00,2025-01-21,6,0,Hourly,RD,AS_NP26_EXP,DAM,RD_CLR_PRC,6.8,2
2025-01-21T13:00:00-00:00,2025-01-21T14:00:00-00:00,2025-01-21,6,0,Hourly,RD,AS_SP26,DAM,RD_CLR_PRC,0,2
2025-01-21T15:00:00-00:00,2025-01-21T16:00:00-00:00,2025-01-21,8,0,Hourly,RD,AS_CAISO_EXP,DAM,RD_CLR_PRC,7.57,2
2025-01-21T16:00:00-00:00,2025-01-21T17:00:00-00:00,2025-01-21,9,0,Hourly,RD,AS_NP26,DAM,RD_CLR_PRC,0,2
2025-01-21T17:00:00-00:00,2025-01-21T18:00:00-00:00,2025-01-21,10,0,Hourly,RD,AS_CAISO_EXP,DAM,RD_CLR_PRC,3.77916,2
2025-01-21T22:00:00-00:00,2025-01-21T23:00:00-00:00,2025-01-21,15,0,Hourly,RD,AS_SP26_EXP,DAM,RD_CLR_PRC,0,2
2025-01-21T23:00:00-00:00,2025-01-22T00:00:00-00:00,2025-01-21,16,0,Hourly,RD,AS_NP26_EXP,DAM,RD_CLR_PRC,11.78657,2
2025-01-22T01:00:00-00:00,2025-01-22T02:00:00-00:00,2025-01-21,18,0,Hourly,RD,AS_NP26,DAM,RD_CLR_PRC,0,2
2025-01-22T05:00:00-00:00,2025-01-22T06:00:00-00:00,2025-01-21,22,0,Hourly,RD,AS_SP26,DAM,RD_CLR_PRC,0,2
2025-01-22T06:00:00-00:00,2025-01-22T07:00:00-00:00,2025-01-21,23,0,Hourly,RD,AS_CAISO_EXP,DAM,RD_CLR_PRC,2,2
2025-01-22T07:00:00-00:00,2025-01-22T08:00:00-00:00,2025-01-21,24,0,Hourly,RD,AS_CAISO,DAM,RD_CLR_PRC,0,2
2025-01-21T10:00:00-00:00,2025-01-21T11:00:00-00:00,2025-01-21,3,0,Hourly,RD,AS_CAISO,DAM,RD_CLR_PRC,0,2
2025-01-21T11:00:00-00:00,2025-01-21T12:00:00-00:00,2025-01-21,4,0,Hourly,RD,AS_CAISO_EXP,DAM,RD_CLR_PRC,5,2
2025-01-21T11:00:00-00:00,2025-01-21T12:00:00-00:00,2025-01-21,4,0,Hourly,RD,AS_NP26_EXP,DAM,RD_CLR_PRC,2.5,2
2025-01-21T12:00:00-00:00,2025-01-21T13:00:00-00:00,2025-01-21,5,0,Hourly,RD,AS_CAISO,DAM,RD_CLR_PRC,0,2
2025-01-21T12:00:00-00:00,2025-01-21T13:00:00-00:00,2025-01-21,5,0,Hourly,RD,AS_NP26_EXP,DAM,RD_CLR_PRC,2.67,2
2025-01-21T12:00:00-00:00,2025-01-21T13:00:00-00:00,2025-01-21,5,0,Hourly,RD,AS_SP26_EXP,DAM,RD_CLR_PRC,0,2
2025-01-21T14:00:00-00:00,2025-01-21T15:00:00-00:00,2025-01-21,7,0,Hourly,RD,AS_NP26_EXP,DAM,RD_CLR_PRC,0,2
2025-01-21T15:00:00-00:00,2025-01-21T16:00:00-00:00,2025-01-21,8,0,Hourly,RD,AS_NP26_EXP,DAM,RD_CLR_PRC,0.42,2
2025-01-21T16:00:00-00:00,2025-01-21T17:00:00-00:00,2025-01-21,9,0,Hourly,RD,AS_CAISO,DAM,RD_CLR_PRC,0,2
2025-01-21T16:00:00-00:00,2025-01-21T17:00:00-00:00,2025-01-21,9,0,Hourly,RD,AS_CAISO_EXP,DAM,RD_CLR_PRC,3.67036,2
2025-01-21T16:00:00-00:00,2025-01-21T17:00:00-00:00,2025-01-21,9,0,Hourly,RD,AS_NP26_EXP,DAM,RD_CLR_PRC,6.52393,2
2025-01-21T18:00:00-00:00,2025-01-21T19:00:00-00:00,2025-01-21,11,0,Hourly,RD,AS_CAISO,DAM,RD_CLR_PRC,0,2
2025-01-21T19:00:00-00:00,2025-01-21T20:00:00-00:00,2025-01-21,12,0,Hourly,RD,AS_NP26,DAM,RD_CLR_PRC,0,2
2025-01-22T15:00:00-00:00,2025-01-22T16:00:00-00:00,2025-01-22,8,0,Hourly,RD,AS_NP26_EXP,DAM,RD_CLR_PRC,4.23341,3
2025-01-22T15:00:00-00:00,2025-01-22T16:00:00-00:00,2025-01-22,8,0,Hourly,RD,AS_SP26_EXP,DAM,RD_CLR_PRC,0,3
2025-01-22T16:00:00-00:00,2025-01-22T17:00:00-00:00,2025-01-22,9,0,Hourly,RD,AS_CAISO,DAM,RD_CLR_PRC,0,3
2025-01-22T16:00:00-00:00,2025-01-22T17:00:00-00:00,2025-01-22,9,0,Hourly,RD,AS_SP26,DAM,RD_CLR_PRC,0,3
2025-01-22T19:00:00-00:00,2025-01-22T20:00:00-00:00,2025-01-22,12,0,Hourly,RD,AS_CAISO,DAM,RD_CLR_PRC,0,3
2025-01-22T19:00:00-00:00,2025-01-22T20:00:00-00:00,2025-01-22,12,0,Hourly,RD,AS_CAISO_EXP,DAM,RD_CLR_PRC,6.66,3
2025-01-22T19:00:00-00:00,2025-01-22T20:00:00-00:00,2025-01-22,12,0,Hourly,RD,AS_NP26,DAM,RD_CLR_PRC,0,3
2025-01-22T20:00:00-00:00,2025-01-22T21:00:00-00:00,2025-01-22,13,0,Hourly,RD,AS_CAISO_EXP,DAM,RD_CLR_PRC,9.95473,3
2025-01-22T21:00:00-00:00,2025-01-22T22:00:00-00:00,2025-01-22,14,0,Hourly,RD,AS_NP26_EXP,DAM,RD_CLR_PRC,23.44154,3
2025-01-22T22:00:00-00:00,2025-01-22T23:00:00-00:00,2025-01-22,15,0,Hourly,RD,AS_NP26_EXP,DAM,RD_CLR_PRC,20.77086,3
2025-01-22T23:00:00-00:00,2025-01-23T00:00:00-00:00,2025-01-22,16,0,Hourly,RD,AS_SP26_EXP,DAM,RD_CLR_PRC,0,3
2025-01-23T01:00:00-00:00,2025-01-23T02:00:00-00:00,2025-01-22,18,0,Hourly,RD,AS_CAISO_EXP,DAM,RD_CLR_PRC,7.45472,3
2025-01-23T03:00:00-00:00,2025-01-23T04:00:00-00:00,2025-01-22,20,0,Hourly,RD,AS_NP26_EXP,DAM,RD_CLR_PRC,5.99,3
2025-01-23T07:00:00-00:00,2025-01-23T08:00:00-00:00,2025-01-22,24,0,Hourly,RD,AS_CAISO,DAM,RD_CLR_PRC,0,3
2025-01-23T07:00:00-00:00,2025-01-23T08:00:00-00:00,2025-01-22,24,0,Hourly,RD,AS_CAISO_EXP,DAM,RD_CLR_PRC,5.87462,3
2025-01-23T07:00:00-00:00,2025-01-23T08:00:00-00:00,2025-01-22,24,0,Hourly,RD,AS_NP26,DAM,RD_CLR_PRC,0,3
2025-01-23T05:00:00-00:00,2025-01-23T06:00:00-00:00,2025-01-22,22,0,Hourly,RD,AS_NP26_EXP,DAM,RD_CLR_PRC,0,3
2025-01-23T06:00:00-00:00,2025-01-23T07:00:00-00:00,2025-01-22,23,0,Hourly,RD,AS_NP26_EXP,DAM,RD_CLR_PRC,0,3
2025-01-22T10:00:00-00:00,2025-01-22T11:00:00-00:00,2025-01-22,3,0,Hourly,RD,AS_CAISO,DAM,RD_CLR_PRC,0,3
2025-01-22T10:00:00-00:00,2025-01-22T11:00:00-00:00,2025-01-22,3,0,Hourly,RD,AS_CAISO_EXP,DAM,RD_CLR_PRC,6,3
2025-01-22T10:00:00-00:00,2025-01-22T11:00:00-00:00,2025-01-22,3,0,Hourly,RD,AS_NP26,DAM,RD_CLR_PRC,0,3
2025-01-22T12:00:00-00:00,2025-01-22T13:00:00-00:00,2025-01-22,5,0,Hourly,RD,AS_NP26,DAM,RD_CLR_PRC,0,3
2025-01-22T12:00:00-00:00,2025-01-22T13:00:00-00:00,2025-01-22,5,0,Hourly,RD,AS_NP26_EXP,DAM,RD_CLR_PRC,5.53232,3
2025-01-22T13:00:00-00:00,2025-01-22T14:00:00-00:00,2025-01-22,6,0,Hourly,RD,AS_NP26,DAM,RD_CLR_PRC,0,3
2025-01-22T15:00:00-00:00,2025-01-22T16:00:00-00:00,2025-01-22,8,0,Hourly,RD,AS_CAISO,DAM,RD_CLR_PRC,0,3
2025-01-22T15:00:00-00:00,2025-01-22T16:00:00-00:00,2025-01-22,8,0,Hourly,RD,AS_SP26,DAM,RD_CLR_PRC,0,3
2025-01-22T16:00:00-00:00,2025-01-22T17:00:00-00:00,2025-01-22,9,0,Hourly,RD,AS_CAISO_EXP,DAM,RD_CLR_PRC,8.31,3
2025-01-22T16:00:00-00:00,2025-01-22T17:00:00-00:00,2025-01-22,9,0,Hourly,RD,AS_NP26_EXP,DAM,RD_CLR_PRC,16.48919,3
2025-01-22T17:00:00-00:00,2025-01-22T18:00:00-00:00,2025-01-22,10,0,Hourly,RD,AS_NP26,DAM,RD_CLR_PRC,0,3
2025-01-22T18:00:00-00:00,2025-01-22T19:00:00-00:00,2025-01-22,11,0,Hourly,RD,AS_CAISO,DAM,RD_CLR_PRC,0,3
2025-01-22T18:00:00-00:00,2025-01-22T19:00:00-00:00,2025-01-22,11,0,Hourly,RD,AS_SP26,DAM,RD_CLR_PRC,0,3
2025-01-22T20:00:00-00:00,2025-01-22T21:00:00-00:00,2025-01-22,13,0,Hourly,RD,AS_SP26,DAM,RD_CLR_PRC,0,3
2025-01-22T21:00:00-00:00,2025-01-22T22:00:00-00:00,2025-01-22,14,0,Hourly,RD,AS_CAISO,DAM,RD_CLR_PRC,0,3
2025-01-22T21:00:00-00:00,2025-01-22T22:00:00-00:00,2025-01-22,14,0,Hourly,RD,AS_NP26,DAM,RD_CLR_PRC,0,3
2025-01-22T22:00:00-00:00,2025-01-22T23:00:00-00:00,2025-01-22,15,0,Hourly,RD,AS_CAISO,DAM,RD_CLR_PRC,0,3
2025-01-22T23:00:00-00:00,2025-01-23T00:00:00-00:00,2025-01-22,16,0,Hourly,RD,AS_NP26_EXP,DAM,RD_CLR_PRC,5.69482,3
2025-01-23T00:00:00-00:00,2025-01-23T01:00:00-00:00,2025-01-22,17,0,Hourly,RD,AS_SP26,DAM,RD_CLR_PRC,0,3
2025-01-23T01:00:00-00:00,2025-01-23T02:00:00-00:00,2025-01-22,18,0,Hourly,RD,AS_CAISO,DAM,RD_CLR_PRC,0,3
2025-01-23T01:00:00-00:00,2025-01-23T02:00:00-00:00,2025-01-22,18,0,Hourly,RD,AS_NP26,DAM,RD_CLR_PRC,0,3
2025-01-23T01:00:00-00:00,2025-01-23T02:00:00-00:00,2025-01-22,18,0,Hourly,RD,AS_NP26_EXP,DAM,RD_CLR_PRC,5.05335,3
2025-01-23T05:00:00-00:00,2025-01-23T06:00:00-00:00,2025-01-22,22,0,Hourly,RD,AS_CAISO,DAM,RD_CLR_PRC,0,3
2025-01-23T05:00:00-00:00,2025-01-23T06:00:00-00:00,2025-01-22,22,0,Hourly,RD,AS_SP26_EXP,DAM,RD_CLR_PRC,0,3
2025-01-22T09:00:00-00:00,2025-01-22T10:00:00-00:00,2025-01-22,2,0,Hourly,RD,AS_CAISO_EXP,DAM,RD_CLR_PRC,6.43052,3
2025-01-22T10:00:00-00:00,2025-01-22T11:00:00-00:00,2025-01-22,3,0,Hourly,RD,AS_NP26_EXP,DAM,RD_CLR_PRC,1.99,3
2025-01-22T10:00:00-00:00,2025-01-22T11:00:00-00:00,2025-01-22,3,0,Hourly,RD,AS_SP26_EXP,DAM,RD_CLR_PRC,0,3
2025-01-22T18:00:00-00:00,2025-01-22T19:00:00-00:00,2025-01-22,11,0,Hourly,RD,AS_NP26_EXP,DAM,RD_CLR_PRC,25.52359,3
2025-01-22T19:00:00-00:00,2025-01-22T20:00:00-00:00,2025-01-22,12,0,Hourly,RD,AS_SP26_EXP,DAM,RD_CLR_PRC,0,3
2025-01-22T21:00:00-00:00,2025-01-22T22:00:00-00:00,2025-01-22,14,0,Hourly,RD,AS_CAISO_EXP,DAM,RD_CLR_PRC,14.77929,3
2025-01-22T23:00:00-00:00,2025-01-23T00:00:00-00:00,2025-01-22,16,0,Hourly,RD,AS_CAISO_EXP,DAM,RD_CLR_PRC,8.31,3
2025-01-22T23:00:00-00:00,2025-01-23T00:00:00-00:00,2025-01-22,16,0,Hourly,RD,AS_NP26,DAM,RD_CLR_PRC,0,3
2025-01-23T02:00:00-00:00,2025-01-23T03:00:00-00:00,2025-01-22,19,0,Hourly,RD,AS_CAISO,DAM,RD_CLR_PRC,0,3
2025-01-23T02:00:00-00:00,2025-01-23T03:00:00-00:00,2025-01-22,19,0,Hourly,RD,AS_NP26_EXP,DAM,RD_CLR_PRC,8.00262,3
2025-01-23T02:00:00-00:00,2025-01-23T03:00:00-00:00,2025-01-22,19,0,Hourly,RD,AS_SP26_EXP,DAM,RD_CLR_PRC,0,3
2025-01-23T05:00:00-00:00,2025-01-23T06:00:00-00:00,2025-01-22,22,0,Hourly,RD,AS_CAISO_EXP,DAM,RD_CLR_PRC,7.99,3
2025-01-23T07:00:00-00:00,2025-01-23T08:00:00-00:00,2025-01-22,24,0,Hourly,RD,AS_NP26_EXP,DAM,RD_CLR_PRC,2.11538,3
2025-01-23T07:00:00-00:00,2025-01-23T08:00:00-00:00,2025-01-22,24,0,Hourly,RD,AS_SP26,DAM,RD_CLR_PRC,0,3
2025-01-23T07:00:00-00:00,2025-01-23T08:00:00-00:00,2025-01-22,24,0,Hourly,RD,AS_SP26_EXP,DAM,RD_CLR_PRC,0,3
2025-01-22T08:00:00-00:00,2025-01-22T09:00:00-00:00,2025-01-22,1,0,Hourly,RD,AS_NP26,DAM,RD_CLR_PRC,0,3
2025-01-22T09:00:00-00:00,2025-01-22T10:00:00-00:00,2025-01-22,2,0,Hourly,RD,AS_NP26_EXP,DAM,RD_CLR_PRC,1.06948,3
2025-01-22T10:00:00-00:00,2025-01-22T11:00:00-00:00,2025-01-22,3,0,Hourly,RD,AS_SP26,DAM,RD_CLR_PRC,0,3
2025-01-22T11:00:00-00:00,2025-01-22T12:00:00-00:00,2025-01-22,4,0,Hourly,RD,AS_CAISO_EXP,DAM,RD_CLR_PRC,4.88981,3
2025-01-22T11:00:00-00:00,2025-01-22T12:00:00-00:00,2025-01-22,4,0,Hourly,RD,AS_SP26,DAM,RD_CLR_PRC,0,3
2025-01-22T13:00:00-00:00,2025-01-22T14:00:00-00:00,2025-01-22,6,0,Hourly,RD,AS_CAISO_EXP,DAM,RD_CLR_PRC,7.99,3
2025-01-22T13:00:00-00:00,2025-01-22T14:00:00-00:00,2025-01-22,6,0,Hourly,RD,AS_SP26_EXP,DAM,RD_CLR_PRC,0,3
2025-01-22T15:00:00-00:00,2025-01-22T16:00:00-00:00,2025-01-22,8,0,Hourly,RD,AS_CAISO_EXP,DAM,RD_CLR_PRC,8.31,3
2025-01-22T17:00:00-00:00,2025-01-22T18:00:00-00:00,2025-01-22,10,0,Hourly,RD,AS_NP26_EXP,DAM,RD_CLR_PRC,15.84682,3
2025-01-22T18:00:00-00:00,2025-01-22T19:00:00-00:00,2025-01-22,11,0,Hourly,RD,AS_NP26,DAM,RD_CLR_PRC,0,3
2025-01-22T20:00:00-00:00,2025-01-22T21:00:00-00:00,2025-01-22,13,0,Hourly,RD,AS_CAISO,DAM,RD_CLR_PRC,0,3
2025-01-22T21:00:00-00:00,2025-01-22T22:00:00-00:00,2025-01-22,14,0,Hourly,RD,AS_SP26,DAM,RD_CLR_PRC,0,3
2025-01-22T22:00:00-00:00,2025-01-22T23:00:00-00:00,2025-01-22,15,0,Hourly,RD,AS_CAISO_EXP,DAM,RD_CLR_PRC,14.49498,3
2025-01-23T02:00:00-00:00,2025-01-23T03:00:00-00:00,2025-01-22,19,0,Hourly,RD,AS_CAISO_EXP,DAM,RD_CLR_PRC,2,3
2025-01-23T03:00:00-00:00,2025-01-23T04:00:00-00:00,2025-01-22,20,0,Hourly,RD,AS_NP26,DAM,RD_CLR_PRC,0,3
2025-01-23T03:00:00-00:00,2025-01-23T04:00:00-00:00,2025-01-22,20,0,Hourly,RD,AS_SP26_EXP,DAM,RD_CLR_PRC,0,3
2025-01-23T05:00:00-00:00,2025-01-23T06:00:00-00:00,2025-01-22,22,0,Hourly,RD,AS_NP26,DAM,RD_CLR_PRC,0,3
2025-01-23T06:00:00-00:00,2025-01-23T07:00:00-00:00,2025-01-22,23,0,Hourly,RD,AS_CAISO_EXP,DAM,RD_CLR_PRC,7.99,3
2025-01-22T08:00:00-00:00,2025-01-22T09:00:00-00:00,2025-01-22,1,0,Hourly,RD,AS_NP26_EXP,DAM,RD_CLR_PRC,0.99,3
2025-01-22T08:00:00-00:00,2025-01-22T09:00:00-00:00,2025-01-22,1,0,Hourly,RD,AS_SP26_EXP,DAM,RD_CLR_PRC,0,3
2025-01-22T11:00:00-00:00,2025-01-22T12:00:00-00:00,2025-01-22,4,0,Hourly,RD,AS_SP26_EXP,DAM,RD_CLR_PRC,0,3
2025-01-22T14:00:00-00:00,2025-01-22T15:00:00-00:00,2025-01-22,7,0,Hourly,RD,AS_CAISO_EXP,DAM,RD_CLR_PRC,3.41368,3
2025-01-22T14:00:00-00:00,2025-01-22T15:00:00-00:00,2025-01-22,7,0,Hourly,RD,AS_SP26_EXP,DAM,RD_CLR_PRC,0,3
2025-01-22T08:00:00-00:00,2025-01-22T09:00:00-00:00,2025-01-22,1,0,Hourly,RD,AS_CAISO_EXP,DAM,RD_CLR_PRC,7,3
2025-01-22T11:00:00-00:00,2025-01-22T12:00:00-00:00,2025-01-22,4,0,Hourly,RD,AS_NP26_EXP,DAM,RD_CLR_PRC,2.61019,3
2025-01-22T12:00:00-00:00,2025-01-22T13:00:00-00:00,2025-01-22,5,0,Hourly,RD,AS_SP26_EXP,DAM,RD_CLR_PRC,0,3
2025-01-22T13:00:00-00:00,2025-01-22T14:00:00-00:00,2025-01-22,6,0,Hourly,RD,AS_SP26,DAM,RD_CLR_PRC,1.91,3
2025-01-22T14:00:00-00:00,2025-01-22T15:00:00-00:00,2025-01-22,7,0,Hourly,RD,AS_NP26_EXP,DAM,RD_CLR_PRC,4.57632,3
2025-01-22T17:00:00-00:00,2025-01-22T18:00:00-00:00,2025-01-22,10,0,Hourly,RD,AS_SP26_EXP,DAM,RD_CLR_PRC,0,3
2025-01-22T18:00:00-00:00,2025-01-22T19:00:00-00:00,2025-01-22,11,0,Hourly,RD,AS_CAISO_EXP,DAM,RD_CLR_PRC,5.28641,3
2025-01-22T18:00:00-00:00,2025-01-22T19:00:00-00:00,2025-01-22,11,0,Hourly,RD,AS_SP26_EXP,DAM,RD_CLR_PRC,0,3
2025-01-22T21:00:00-00:00,2025-01-22T22:00:00-00:00,2025-01-22,14,0,Hourly,RD,AS_SP26_EXP,DAM,RD_CLR_PRC,0,3
2025-01-22T22:00:00-00:00,2025-01-22T23:00:00-00:00,2025-01-22,15,0,Hourly,RD,AS_SP26,DAM,RD_CLR_PRC,0,3
2025-01-23T00:00:00-00:00,2025-01-23T01:00:00-00:00,2025-01-22,17,0,Hourly,RD,AS_CAISO,DAM,RD_CLR_PRC,0,3
2025-01-23T00:00:00-00:00,2025-01-23T01:00:00-00:00,2025-01-22,17,0,Hourly,RD,AS_NP26,DAM,RD_CLR_PRC,0,3
2025-01-23T01:00:00-00:00,2025-01-23T02:00:00-00:00,2025-01-22,18,0,Hourly,RD,AS_SP26_EXP,DAM,RD_CLR_PRC,0,3
2025-01-23T03:00:00-00:00,2025-01-23T04:00:00-00:00,2025-01-22,20,0,Hourly,RD,AS_CAISO_EXP,DAM,RD_CLR_PRC,2,3
2025-01-23T06:00:00-00:00,2025-01-23T07:00:00-00:00,2025-01-22,23,0,Hourly,RD,AS_CAISO,DAM,RD_CLR_PRC,0,3
2025-01-23T06:00:00-00:00,2025-01-23T07:00:00-00:00,2025-01-22,23,0,Hourly,RD,AS_NP26,DAM,RD_CLR_PRC,0,3
2025-01-22T09:00:00-00:00,2025-01-22T10:00:00-00:00,2025-01-22,2,0,Hourly,RD,AS_CAISO,DAM,RD_CLR_PRC,0,3
2025-01-22T09:00:00-00:00,2025-01-22T10:00:00-00:00,2025-01-22,2,0,Hourly,RD,AS_SP26_EXP,DAM,RD_CLR_PRC,0,3
2025-01-22T12:00:00-00:00,2025-01-22T13:00:00-00:00,2025-01-22,5,0,Hourly,RD,AS_CAISO_EXP,DAM,RD_CLR_PRC,1.96768,3
2025-01-22T14:00:00-00:00,2025-01-22T15:00:00-00:00,2025-01-22,7,0,Hourly,RD,AS_SP26,DAM,RD_CLR_PRC,0,3
2025-01-22T17:00:00-00:00,2025-01-22T18:00:00-00:00,2025-01-22,10,0,Hourly,RD,AS_CAISO,DAM,RD_CLR_PRC,0,3
2025-01-22T17:00:00-00:00,2025-01-22T18:00:00-00:00,2025-01-22,10,0,Hourly,RD,AS_CAISO_EXP,DAM,RD_CLR_PRC,2.9,3
2025-01-22T19:00:00-00:00,2025-01-22T20:00:00-00:00,2025-01-22,12,0,Hourly,RD,AS_NP26_EXP,DAM,RD_CLR_PRC,24.1795,3
2025-01-22T20:00:00-00:00,2025-01-22T21:00:00-00:00,2025-01-22,13,0,Hourly,RD,AS_SP26_EXP,DAM,RD_CLR_PRC,0,3
2025-01-22T22:00:00-00:00,2025-01-22T23:00:00-00:00,2025-01-22,15,0,Hourly,RD,AS_SP26_EXP,DAM,RD_CLR_PRC,0,3
2025-01-22T23:00:00-00:00,2025-01-23T00:00:00-00:00,2025-01-22,16,0,Hourly,RD,AS_CAISO,DAM,RD_CLR_PRC,0,3
2025-01-23T02:00:00-00:00,2025-01-23T03:00:00-00:00,2025-01-22,19,0,Hourly,RD,AS_NP26,DAM,RD_CLR_PRC,0,3
2025-01-23T03:00:00-00:00,2025-01-23T04:00:00-00:00,2025-01-22,20,0,Hourly,RD,AS_SP26,DAM,RD_CLR_PRC,0,3
2025-01-23T04:00:00-00:00,2025-01-23T05:00:00-00:00,2025-01-22,21,0,Hourly,RD,AS_CAISO,DAM,RD_CLR_PRC,0,3
2025-01-23T04:00:00-00:00,2025-01-23T05:00:00-00:00,2025-01-22,21,0,Hourly,RD,AS_NP26,DAM,RD_CLR_PRC,0,3
2025-01-23T05:00:00-00:00,2025-01-23T06:00:00-00:00,2025-01-22,22,0,Hourly,RD,AS_SP26,DAM,RD_CLR_PRC,0,3
2025-01-23T06:00:00-00:00,2025-01-23T07:00:00-00:00,2025-01-22,23,0,Hourly,RD,AS_SP26_EXP,DAM,RD_CLR_PRC,0,3
2025-01-22T08:00:00-00:00,2025-01-22T09:00:00-00:00,2025-01-22,1,0,Hourly,RD,AS_CAISO,DAM,RD_CLR_PRC,0,3
2025-01-22T09:00:00-00:00,2025-01-22T10:00:00-00:00,2025-01-22,2,0,Hourly,RD,AS_NP26,DAM,RD_CLR_PRC,0,3
2025-01-22T09:00:00-00:00,2025-01-22T10:00:00-00:00,2025-01-22,2,0,Hourly,RD,AS_SP26,DAM,RD_CLR_PRC,0,3
2025-01-22T11:00:00-00:00,2025-01-22T12:00:00-00:00,2025-01-22,4,0,Hourly,RD,AS_CAISO,DAM,RD_CLR_PRC,0,3
2025-01-22T11:00:00-00:00,2025-01-22T12:00:00-00:00,2025-01-22,4,0,Hourly,RD,AS_NP26,DAM,RD_CLR_PRC,0,3
2025-01-22T16:00:00-00:00,2025-01-22T17:00:00-00:00,2025-01-22,9,0,Hourly,RD,AS_SP26_EXP,DAM,RD_CLR_PRC,0,3
2025-01-22T20:00:00-00:00,2025-01-22T21:00:00-00:00,2025-01-22,13,0,Hourly,RD,AS_NP26_EXP,DAM,RD_CLR_PRC,24.03608,3
2025-01-22T23:00:00-00:00,2025-01-23T00:00:00-00:00,2025-01-22,16,0,Hourly,RD,AS_SP26,DAM,RD_CLR_PRC,0,3
2025-01-23T00:00:00-00:00,2025-01-23T01:00:00-00:00,2025-01-22,17,0,Hourly,RD,AS_CAISO_EXP,DAM,RD_CLR_PRC,7.0953,3
2025-01-23T01:00:00-00:00,2025-01-23T02:00:00-00:00,2025-01-22,18,0,Hourly,RD,AS_SP26,DAM,RD_CLR_PRC,0,3
2025-01-23T02:00:00-00:00,2025-01-23T03:00:00-00:00,2025-01-22,19,0,Hourly,RD,AS_SP26,DAM,RD_CLR_PRC,0,3
2025-01-23T03:00:00-00:00,2025-01-23T04:00:00-00:00,2025-01-22,20,0,Hourly,RD,AS_CAISO,DAM,RD_CLR_PRC,0,3
2025-01-23T04:00:00-00:00,2025-01-23T05:00:00-00:00,2025-01-22,21,0,Hourly,RD,AS_SP26_EXP,DAM,RD_CLR_PRC,0,3
2025-01-23T06:00:00-00:00,2025-01-23T07:00:00-00:00,2025-01-22,23,0,Hourly,RD,AS_SP26,DAM,RD_CLR_PRC,0,3
2025-01-22T08:00:00-00:00,2025-01-22T09:00:00-00:00,2025-01-22,1,0,Hourly,RD,AS_SP26,DAM,RD_CLR_PRC,0,3
2025-01-22T12:00:00-00:00,2025-01-22T13:00:00-00:00,2025-01-22,5,0,Hourly,RD,AS_CAISO,DAM,RD_CLR_PRC,0,3
2025-01-22T12:00:00-00:00,2025-01-22T13:00:00-00:00,2025-01-22,5,0,Hourly,RD,AS_SP26,DAM,RD_CLR_PRC,0,3
2025-01-22T13:00:00-00:00,2025-01-22T14:00:00-00:00,2025-01-22,6,0,Hourly,RD,AS_CAISO,DAM,RD_CLR_PRC,0,3
2025-01-22T13:00:00-00:00,2025-01-22T14:00:00-00:00,2025-01-22,6,0,Hourly,RD,AS_NP26_EXP,DAM,RD_CLR_PRC,0,3
2025-01-22T14:00:00-00:00,2025-01-22T15:00:00-00:00,2025-01-22,7,0,Hourly,RD,AS_CAISO,DAM,RD_CLR_PRC,0,3
2025-01-22T14:00:00-00:00,2025-01-22T15:00:00-00:00,2025-01-22,7,0,Hourly,RD,AS_NP26,DAM,RD_CLR_PRC,0,3
2025-01-22T15:00:00-00:00,2025-01-22T16:00:00-00:00,2025-01-22,8,0,Hourly,RD,AS_NP26,DAM,RD_CLR_PRC,0,3
2025-01-22T16:00:00-00:00,2025-01-22T17:00:00-00:00,2025-01-22,9,0,Hourly,RD,AS_NP26,DAM,RD_CLR_PRC,0,3
2025-01-22T17:00:00-00:00,2025-01-22T18:00:00-00:00,2025-01-22,10,0,Hourly,RD,AS_SP26,DAM,RD_CLR_PRC,0,3
2025-01-22T19:00:00-00:00,2025-01-22T20:00:00-00:00,2025-01-22,12,0,Hourly,RD,AS_SP26,DAM,RD_CLR_PRC,0,3
2025-01-22T20:00:00-00:00,2025-01-22T21:00:00-00:00,2025-01-22,13,0,Hourly,RD,AS_NP26,DAM,RD_CLR_PRC,0,3
2025-01-22T22:00:00-00:00,2025-01-22T23:00:00-00:00,2025-01-22,15,0,Hourly,RD,AS_NP26,DAM,RD_CLR_PRC,0,3
2025-01-23T00:00:00-00:00,2025-01-23T01:00:00-00:00,2025-01-22,17,0,Hourly,RD,AS_NP26_EXP,DAM,RD_CLR_PRC,2.66939,3
2025-01-23T00:00:00-00:00,2025-01-23T01:00:00-00:00,2025-01-22,17,0,Hourly,RD,AS_SP26_EXP,DAM,RD_CLR_PRC,0,3
2025-01-23T04:00:00-00:00,2025-01-23T05:00:00-00:00,2025-01-22,21,0,Hourly,RD,AS_CAISO_EXP,DAM,RD_CLR_PRC,2,3
2025-01-23T04:00:00-00:00,2025-01-23T05:00:00-00:00,2025-01-22,21,0,Hourly,RD,AS_NP26_EXP,DAM,RD_CLR_PRC,5.99,3
2025-01-23T04:00:00-00:00,2025-01-23T05:00:00-00:00,2025-01-22,21,0,Hourly,RD,AS_SP26,DAM,RD_CLR_PRC,0,3
2025-01-24T05:00:00-00:00,2025-01-24T06:00:00-00:00,2025-01-23,22,0,Hourly,RD,AS_SP26,DAM,RD_CLR_PRC,0,4
2025-01-24T05:00:00-00:00,2025-01-24T06:00:00-00:00,2025-01-23,22,0,Hourly,RD,AS_SP26_EXP,DAM,RD_CLR_PRC,0,4
2025-01-24T06:00:00-00:00,2025-01-24T07:00:00-00:00,2025-01-23,23,0,Hourly,RD,AS_SP26,DAM,RD_CLR_PRC,0,4
2025-01-24T07:00:00-00:00,2025-01-24T08:00:00-00:00,2025-01-23,24,0,Hourly,RD,AS_CAISO_EXP,DAM,RD_CLR_PRC,6.61,4
2025-01-23T08:00:00-00:00,2025-01-23T09:00:00-00:00,2025-01-23,1,0,Hourly,RD,AS_NP26,DAM,RD_CLR_PRC,0,4
2025-01-23T09:00:00-00:00,2025-01-23T10:00:00-00:00,2025-01-23,2,0,Hourly,RD,AS_SP26_EXP,DAM,RD_CLR_PRC,0,4
2025-01-23T10:00:00-00:00,2025-01-23T11:00:00-00:00,2025-01-23,3,0,Hourly,RD,AS_CAISO,DAM,RD_CLR_PRC,0,4
2025-01-23T12:00:00-00:00,2025-01-23T13:00:00-00:00,2025-01-23,5,0,Hourly,RD,AS_SP26_EXP,DAM,RD_CLR_PRC,0,4
2025-01-23T18:00:00-00:00,2025-01-23T19:00:00-00:00,2025-01-23,11,0,Hourly,RD,AS_CAISO,DAM,RD_CLR_PRC,0,4
2025-01-24T00:00:00-00:00,2025-01-24T01:00:00-00:00,2025-01-23,17,0,Hourly,RD,AS_CAISO,DAM,RD_CLR_PRC,0,4
2025-01-24T01:00:00-00:00,2025-01-24T02:00:00-00:00,2025-01-23,18,0,Hourly,RD,AS_NP26,DAM,RD_CLR_PRC,0,4
2025-01-24T03:00:00-00:00,2025-01-24T04:00:00-00:00,2025-01-23,20,0,Hourly,RD,AS_CAISO_EXP,DAM,RD_CLR_PRC,4.57,4
2025-01-24T03:00:00-00:00,2025-01-24T04:00:00-00:00,2025-01-23,20,0,Hourly,RD,AS_NP26_EXP,DAM,RD_CLR_PRC,3.42,4
2025-01-24T04:00:00-00:00,2025-01-24T05:00:00-00:00,2025-01-23,21,0,Hourly,RD,AS_NP26,DAM,RD_CLR_PRC,0,4
2025-01-24T04:00:00-00:00,2025-01-24T05:00:00-00:00,2025-01-23,21,0,Hourly,RD,AS_NP26_EXP,DAM,RD_CLR_PRC,0.60946,4
2025-01-24T06:00:00-00:00,2025-01-24T07:00:00-00:00,2025-01-23,23,0,Hourly,RD,AS_NP26,DAM,RD_CLR_PRC,0,4
2025-01-23T18:00:00-00:00,2025-01-23T19:00:00-00:00,2025-01-23,11,0,Hourly,RD,AS_NP26_EXP,DAM,RD_CLR_PRC,2.90889,4
2025-01-23T21:00:00-00:00,2025-01-23T22:00:00-00:00,2025-01-23,14,0,Hourly,RD,AS_NP26_EXP,DAM,RD_CLR_PRC,13.19312,4
2025-01-23T23:00:00-00:00,2025-01-24T00:00:00-00:00,2025-01-23,16,0,Hourly,RD,AS_CAISO_EXP,DAM,RD_CLR_PRC,13.51,4
2025-01-24T01:00:00-00:00,2025-01-24T02:00:00-00:00,2025-01-23,18,0,Hourly,RD,AS_NP26_EXP,DAM,RD_CLR_PRC,1.28,4
2025-01-24T01:00:00-00:00,2025-01-24T02:00:00-00:00,2025-01-23,18,0,Hourly,RD,AS_SP26,DAM,RD_CLR_PRC,0,4
2025-01-24T01:00:00-00:00,2025-01-24T02:00:00-00:00,2025-01-23,18,0,Hourly,RD,AS_SP26_EXP,DAM,RD_CLR_PRC,0,4
2025-01-24T02:00:00-00:00,2025-01-24T03:00:00-00:00,2025-01-23,19,0,Hourly,RD,AS_NP26,DAM,RD_CLR_PRC,0,4
2025-01-24T02:00:00-00:00,2025-01-24T03:00:00-00:00,2025-01-23,19,0,Hourly,RD,AS_SP26_EXP,DAM,RD_CLR_PRC,0,4
2025-01-24T04:00:00-00:00,2025-01-24T05:00:00-00:00,2025-01-23,21,0,Hourly,RD,AS_SP26,DAM,RD_CLR_PRC,0,4
2025-01-24T06:00:00-00:00,2025-01-24T07:00:00-00:00,2025-01-23,23,0,Hourly,RD,AS_CAISO,DAM,RD_CLR_PRC,0,4
2025-01-23T08:00:00-00:00,2025-01-23T09:00:00-00:00,2025-01-23,1,0,Hourly,RD,AS_SP26,DAM,RD_CLR_PRC,0,4
2025-01-23T12:00:00-00:00,2025-01-23T13:00:00-00:00,2025-01-23,5,0,Hourly,RD,AS_NP26_EXP,DAM,RD_CLR_PRC,3.96597,4
2025-01-23T14:00:00-00:00,2025-01-23T15:00:00-00:00,2025-01-23,7,0,Hourly,RD,AS_NP26_EXP,DAM,RD_CLR_PRC,1.28,4
2025-01-23T15:00:00-00:00,2025-01-23T16:00:00-00:00,2025-01-23,8,0,Hourly,RD,AS_CAISO,DAM,RD_CLR_PRC,0,4
2025-01-23T17:00:00-00:00,2025-01-23T18:00:00-00:00,2025-01-23,10,0,Hourly,RD,AS_SP26_EXP,DAM,RD_CLR_PRC,0,4
2025-01-23T19:00:00-00:00,2025-01-23T20:00:00-00:00,2025-01-23,12,0,Hourly,RD,AS_CAISO_EXP,DAM,RD_CLR_PRC,6.72518,4
2025-01-23T20:00:00-00:00,2025-01-23T21:00:00-00:00,2025-01-23,13,0,Hourly,RD,AS_SP26,DAM,RD_CLR_PRC,0,4
2025-01-23T21:00:00-00:00,2025-01-23T22:00:00-00:00,2025-01-23,14,0,Hourly,RD,AS_CAISO,DAM,RD_CLR_PRC,0,4
2025-01-23T21:00:00-00:00,2025-01-23T22:00:00-00:00,2025-01-23,14,0,Hourly,RD,AS_SP26_EXP,DAM,RD_CLR_PRC,0,4
2025-01-23T22:00:00-00:00,2025-01-23T23:00:00-00:00,2025-01-23,15,0,Hourly,RD,AS_CAISO_EXP,DAM,RD_CLR_PRC,16.33371,4
2025-01-23T22:00:00-00:00,2025-01-23T23:00:00-00:00,2025-01-23,15,0,Hourly,RD,AS_SP26,DAM,RD_CLR_PRC,0,4
2025-01-23T23:00:00-00:00,2025-01-24T00:00:00-00:00,2025-01-23,16,0,Hourly,RD,AS_CAISO,DAM,RD_CLR_PRC,0,4
2025-01-23T23:00:00-00:00,2025-01-24T00:00:00-00:00,2025-01-23,16,0,Hourly,RD,AS_NP26_EXP,DAM,RD_CLR_PRC,0,4
2025-01-23T23:00:00-00:00,2025-01-24T00:00:00-00:00,2025-01-23,16,0,Hourly,RD,AS_SP26,DAM,RD_CLR_PRC,0,4
2025-01-23T23:00:00-00:00,2025-01-24T00:00:00-00:00,2025-01-23,16,0,Hourly,RD,AS_SP26_EXP,DAM,RD_CLR_PRC,0,4
2025-01-24T00:00:00-00:00,2025-01-24T01:00:00-00:00,2025-01-23,17,0,Hourly,RD,AS_SP26,DAM,RD_CLR_PRC,0,4
2025-01-24T04:00:00-00:00,2025-01-24T05:00:00-00:00,2025-01-23,21,0,Hourly,RD,AS_CAISO,DAM,RD_CLR_PRC,0,4
2025-01-24T07:00:00-00:00,2025-01-24T08:00:00-00:00,2025-01-23,24,0,Hourly,RD,AS_CAISO,DAM,RD_CLR_PRC,0,4
2025-01-23T08:00:00-00:00,2025-01-23T09:00:00-00:00,2025-01-23,1,0,Hourly,RD,AS_NP26_EXP,DAM,RD_CLR_PRC,2.99,4
2025-01-23T11:00:00-00:00,2025-01-23T12:00:00-00:00,2025-01-23,4,0,Hourly,RD,AS_SP26_EXP,DAM,RD_CLR_PRC,0,4
2025-01-23T12:00:00-00:00,2025-01-23T13:00:00-00:00,2025-01-23,5,0,Hourly,RD,AS_CAISO,DAM,RD_CLR_PRC,0,4
2025-01-23T12:00:00-00:00,2025-01-23T13:00:00-00:00,2025-01-23,5,0,Hourly,RD,AS_NP26,DAM,RD_CLR_PRC,0,4
2025-01-23T13:00:00-00:00,2025-01-23T14:00:00-00:00,2025-01-23,6,0,Hourly,RD,AS_SP26,DAM,RD_CLR_PRC,0,4
2025-01-23T14:00:00-00:00,2025-01-23T15:00:00-00:00,2025-01-23,7,0,Hourly,RD,AS_CAISO,DAM,RD_CLR_PRC,0,4
2025-01-23T16:00:00-00:00,2025-01-23T17:00:00-00:00,2025-01-23,9,0,Hourly,RD,AS_NP26_EXP,DAM,RD_CLR_PRC,7.90781,4
2025-01-23T17:00:00-00:00,2025-01-23T18:00:00-00:00,2025-01-23,10,0,Hourly,RD,AS_NP26_EXP,DAM,RD_CLR_PRC,12.97912,4
2025-01-23T17:00:00-00:00,2025-01-23T18:00:00-00:00,2025-01-23,10,0,Hourly,RD,AS_SP26,DAM,RD_CLR_PRC,0,4
2025-01-23T18:00:00-00:00,2025-01-23T19:00:00-00:00,2025-01-23,11,0,Hourly,RD,AS_NP26,DAM,RD_CLR_PRC,0,4
2025-01-23T19:00:00-00:00,2025-01-23T20:00:00-00:00,2025-01-23,12,0,Hourly,RD,AS_SP26,DAM,RD_CLR_PRC,0,4
2025-01-23T20:00:00-00:00,2025-01-23T21:00:00-00:00,2025-01-23,13,0,Hourly,RD,AS_NP26,DAM,RD_CLR_PRC,0,4
2025-01-23T21:00:00-00:00,2025-01-23T22:00:00-00:00,2025-01-23,14,0,Hourly,RD,AS_CAISO_EXP,DAM,RD_CLR_PRC,10,4
2025-01-23T22:00:00-00:00,2025-01-23T23:00:00-00:00,2025-01-23,15,0,Hourly,RD,AS_NP26,DAM,RD_CLR_PRC,0,4
2025-01-23T23:00:00-00:00,2025-01-24T00:00:00-00:00,2025-01-23,16,0,Hourly,RD,AS_NP26,DAM,RD_CLR_PRC,0,4
2025-01-24T05:00:00-00:00,2025-01-24T06:00:00-00:00,2025-01-23,22,0,Hourly,RD,AS_CAISO_EXP,DAM,RD_CLR_PRC,1.66,4
2025-01-24T07:00:00-00:00,2025-01-24T08:00:00-00:00,2025-01-23,24,0,Hourly,RD,AS_SP26,DAM,RD_CLR_PRC,0,4
2025-01-24T07:00:00-00:00,2025-01-24T08:00:00-00:00,2025-01-23,24,0,Hourly,RD,AS_SP26_EXP,DAM,RD_CLR_PRC,0,4
2025-01-23T10:00:00-00:00,2025-01-23T11:00:00-00:00,2025-01-23,3,0,Hourly,RD,AS_NP26,DAM,RD_CLR_PRC,0,4
2025-01-23T11:00:00-00:00,2025-01-23T12:00:00-00:00,2025-01-23,4,0,Hourly,RD,AS_NP26_EXP,DAM,RD_CLR_PRC,3.09976,4
2025-01-23T13:00:00-00:00,2025-01-23T14:00:00-00:00,2025-01-23,6,0,Hourly,RD,AS_NP26_EXP,DAM,RD_CLR_PRC,2.99,4
2025-01-23T14:00:00-00:00,2025-01-23T15:00:00-00:00,2025-01-23,7,0,Hourly,RD,AS_CAISO_EXP,DAM,RD_CLR_PRC,6.71,4
2025-01-23T14:00:00-00:00,2025-01-23T15:00:00-00:00,2025-01-23,7,0,Hourly,RD,AS_SP26,DAM,RD_CLR_PRC,0,4
2025-01-23T17:00:00-00:00,2025-01-23T18:00:00-00:00,2025-01-23,10,0,Hourly,RD,AS_CAISO_EXP,DAM,RD_CLR_PRC,3.48,4
2025-01-23T17:00:00-00:00,2025-01-23T18:00:00-00:00,2025-01-23,10,0,Hourly,RD,AS_NP26,DAM,RD_CLR_PRC,0,4
2025-01-23T18:00:00-00:00,2025-01-23T19:00:00-00:00,2025-01-23,11,0,Hourly,RD,AS_CAISO_EXP,DAM,RD_CLR_PRC,6.68164,4
2025-01-23T18:00:00-00:00,2025-01-23T19:00:00-00:00,2025-01-23,11,0,Hourly,RD,AS_SP26_EXP,DAM,RD_CLR_PRC,0,4
2025-01-23T20:00:00-00:00,2025-01-23T21:00:00-00:00,2025-01-23,13,0,Hourly,RD,AS_CAISO_EXP,DAM,RD_CLR_PRC,10.59,4
2025-01-23T22:00:00-00:00,2025-01-23T23:00:00-00:00,2025-01-23,15,0,Hourly,RD,AS_NP26_EXP,DAM,RD_CLR_PRC,0.96363,4
2025-01-24T00:00:00-00:00,2025-01-24T01:00:00-00:00,2025-01-23,17,0,Hourly,RD,AS_NP26_EXP,DAM,RD_CLR_PRC,0.58445,4
2025-01-24T01:00:00-00:00,2025-01-24T02:00:00-00:00,2025-01-23,18,0,Hourly,RD,AS_CAISO_EXP,DAM,RD_CLR_PRC,6.71,4
2025-01-24T02:00:00-00:00,2025-01-24T03:00:00-00:00,2025-01-23,19,0,Hourly,RD,AS_CAISO,DAM,RD_CLR_PRC,0,4
2025-01-24T02:00:00-00:00,2025-01-24T03:00:00-00:00,2025-01-23,19,0,Hourly,RD,AS_NP26_EXP,DAM,RD_CLR_PRC,1.28,4
2025-01-24T03:00:00-00:00,2025-01-24T04:00:00-00:00,2025-01-23,20,0,Hourly,RD,AS_CAISO,DAM,RD_CLR_PRC,0,4
2025-01-24T05:00:00-00:00,2025-01-24T06:00:00-00:00,2025-01-23,22,0,Hourly,RD,AS_CAISO,DAM,RD_CLR_PRC,0,4
2025-01-24T05:00:00-00:00,2025-01-24T06:00:00-00:00,2025-01-23,22,0,Hourly,RD,AS_NP26_EXP,DAM,RD_CLR_PRC,6.05861,4
2025-01-23T08:00:00-00:00,2025-01-23T09:00:00-00:00,2025-01-23,1,0,Hourly,RD,AS_CAISO_EXP,DAM,RD_CLR_PRC,5,4
2025-01-23T11:00:00-00:00,2025-01-23T12:00:00-00:00,2025-01-23,4,0,Hourly,RD,AS_CAISO_EXP,DAM,RD_CLR_PRC,4.89024,4
2025-01-23T12:00:00-00:00,2025-01-23T13:00:00-00:00,2025-01-23,5,0,Hourly,RD,AS_SP26,DAM,RD_CLR_PRC,0,4
2025-01-23T13:00:00-00:00,2025-01-23T14:00:00-00:00,2025-01-23,6,0,Hourly,RD,AS_CAISO,DAM,RD_CLR_PRC,0,4
2025-01-23T13:00:00-00:00,2025-01-23T14:00:00-00:00,2025-01-23,6,0,Hourly,RD,AS_CAISO_EXP,DAM,RD_CLR_PRC,5,4
2025-01-23T15:00:00-00:00,2025-01-23T16:00:00-00:00,2025-01-23,8,0,Hourly,RD,AS_CAISO_EXP,DAM,RD_CLR_PRC,8.9335,4
2025-01-23T16:00:00-00:00,2025-01-23T17:00:00-00:00,2025-01-23,9,0,Hourly,RD,AS_CAISO,DAM,RD_CLR_PRC,0,4
2025-01-23T16:00:00-00:00,2025-01-23T17:00:00-00:00,2025-01-23,9,0,Hourly,RD,AS_SP26_EXP,DAM,RD_CLR_PRC,0,4
2025-01-23T19:00:00-00:00,2025-01-23T20:00:00-00:00,2025-01-23,12,0,Hourly,RD,AS_SP26_EXP,DAM,RD_CLR_PRC,0,4
2025-01-24T00:00:00-00:00,2025-01-24T01:00:00-00:00,2025-01-23,17,0,Hourly,RD,AS_SP26_EXP,DAM,RD_CLR_PRC,0,4
2025-01-24T02:00:00-00:00,2025-01-24T03:00:00-00:00,2025-01-23,19,0,Hourly,RD,AS_SP26,DAM,RD_CLR_PRC,0,4
2025-01-24T05:00:00-00:00,2025-01-24T06:00:00-00:00,2025-01-23,22,0,Hourly,RD,AS_NP26,DAM,RD_CLR_PRC,0,4
2025-01-24T06:00:00-00:00,2025-01-24T07:00:00-00:00,2025-01-23,23,0,Hourly,RD,AS_CAISO_EXP,DAM,RD_CLR_PRC,2,4
2025-01-24T06:00:00-00:00,2025-01-24T07:00:00-00:00,2025-01-23,23,0,Hourly,RD,AS_NP26_EXP,DAM,RD_CLR_PRC,5.72243,4
2025-01-23T08:00:00-00:00,2025-01-23T09:00:00-00:00,2025-01-23,1,0,Hourly,RD,AS_CAISO,DAM,RD_CLR_PRC,0,4
2025-01-23T09:00:00-00:00,2025-01-23T10:00:00-00:00,2025-01-23,2,0,Hourly,RD,AS_NP26,DAM,RD_CLR_PRC,0,4
2025-01-23T09:00:00-00:00,2025-01-23T10:00:00-00:00,2025-01-23,2,0,Hourly,RD,AS_NP26_EXP,DAM,RD_CLR_PRC,3.6632,4
2025-01-23T10:00:00-00:00,2025-01-23T11:00:00-00:00,2025-01-23,3,0,Hourly,RD,AS_CAISO_EXP,DAM,RD_CLR_PRC,4.82,4
2025-01-23T11:00:00-00:00,2025-01-23T12:00:00-00:00,2025-01-23,4,0,Hourly,RD,AS_SP26,DAM,RD_CLR_PRC,0,4
2025-01-23T14:00:00-00:00,2025-01-23T15:00:00-00:00,2025-01-23,7,0,Hourly,RD,AS_SP26_EXP,DAM,RD_CLR_PRC,0,4
2025-01-23T15:00:00-00:00,2025-01-23T16:00:00-00:00,2025-01-23,8,0,Hourly,RD,AS_NP26_EXP,DAM,RD_CLR_PRC,0,4
2025-01-23T15:00:00-00:00,2025-01-23T16:00:00-00:00,2025-01-23,8,0,Hourly,RD,AS_SP26_EXP,DAM,RD_CLR_PRC,0,4
2025-01-23T18:00:00-00:00,2025-01-23T19:00:00-00:00,2025-01-23,11,0,Hourly,RD,AS_SP26,DAM,RD_CLR_PRC,0,4
2025-01-23T19:00:00-00:00,2025-01-23T20:00:00-00:00,2025-01-23,12,0,Hourly,RD,AS_CAISO,DAM,RD_CLR_PRC,0,4
2025-01-23T19:00:00-00:00,2025-01-23T20:00:00-00:00,2025-01-23,12,0,Hourly,RD,AS_NP26_EXP,DAM,RD_CLR_PRC,1.26482,4
2025-01-23T20:00:00-00:00,2025-01-23T21:00:00-00:00,2025-01-23,13,0,Hourly,RD,AS_CAISO,DAM,RD_CLR_PRC,0,4
2025-01-23T21:00:00-00:00,2025-01-23T22:00:00-00:00,2025-01-23,14,0,Hourly,RD,AS_NP26,DAM,RD_CLR_PRC,0,4
2025-01-23T21:00:00-00:00,2025-01-23T22:00:00-00:00,2025-01-23,14,0,Hourly,RD,AS_SP26,DAM,RD_CLR_PRC,0,4
2025-01-24T00:00:00-00:00,2025-01-24T01:00:00-00:00,2025-01-23,17,0,Hourly,RD,AS_NP26,DAM,RD_CLR_PRC,0,4
2025-01-24T01:00:00-00:00,2025-01-24T02:00:00-00:00,2025-01-23,18,0,Hourly,RD,AS_CAISO,DAM,RD_CLR_PRC,0,4
2025-01-24T03:00:00-00:00,2025-01-24T04:00:00-00:00,2025-01-23,20,0,Hourly,RD,AS_NP26,DAM,RD_CLR_PRC,0,4
2025-01-24T03:00:00-00:00,2025-01-24T04:00:00-00:00,2025-01-23,20,0,Hourly,RD,AS_SP26_EXP,DAM,RD_CLR_PRC,0,4
2025-01-24T07:00:00-00:00,2025-01-24T08:00:00-00:00,2025-01-23,24,0,Hourly,RD,AS_NP26_EXP,DAM,RD_CLR_PRC,1.12963,4
2025-01-23T09:00:00-00:00,2025-01-23T10:00:00-00:00,2025-01-23,2,0,Hourly,RD,AS_CAISO,DAM,RD_CLR_PRC,0,4
2025-01-23T09:00:00-00:00,2025-01-23T10:00:00-00:00,2025-01-23,2,0,Hourly,RD,AS_CAISO_EXP,DAM,RD_CLR_PRC,4.3268,4
2025-01-23T10:00:00-00:00,2025-01-23T11:00:00-00:00,2025-01-23,3,0,Hourly,RD,AS_SP26,DAM,RD_CLR_PRC,0,4
2025-01-23T10:00:00-00:00,2025-01-23T11:00:00-00:00,2025-01-23,3,0,Hourly,RD,AS_SP26_EXP,DAM,RD_CLR_PRC,0,4
2025-01-23T11:00:00-00:00,2025-01-23T12:00:00-00:00,2025-01-23,4,0,Hourly,RD,AS_CAISO,DAM,RD_CLR_PRC,0,4
2025-01-23T13:00:00-00:00,2025-01-23T14:00:00-00:00,2025-01-23,6,0,Hourly,RD,AS_NP26,DAM,RD_CLR_PRC,0,4
2025-01-23T14:00:00-00:00,2025-01-23T15:00:00-00:00,2025-01-23,7,0,Hourly,RD,AS_NP26,DAM,RD_CLR_PRC,0,4
2025-01-23T16:00:00-00:00,2025-01-23T17:00:00-00:00,2025-01-23,9,0,Hourly,RD,AS_NP26,DAM,RD_CLR_PRC,0,4
2025-01-23T16:00:00-00:00,2025-01-23T17:00:00-00:00,2025-01-23,9,0,Hourly,RD,AS_SP26,DAM,RD_CLR_PRC,0,4
2025-01-23T17:00:00-00:00,2025-01-23T18:00:00-00:00,2025-01-23,10,0,Hourly,RD,AS_CAISO,DAM,RD_CLR_PRC,0,4
2025-01-23T19:00:00-00:00,2025-01-23T20:00:00-00:00,2025-01-23,12,0,Hourly,RD,AS_NP26,DAM,RD_CLR_PRC,0,4
2025-01-23T20:00:00-00:00,2025-01-23T21:00:00-00:00,2025-01-23,13,0,Hourly,RD,AS_NP26_EXP,DAM,RD_CLR_PRC,4.36938,4
2025-01-23T20:00:00-00:00,2025-01-23T21:00:00-00:00,2025-01-23,13,0,Hourly,RD,AS_SP26_EXP,DAM,RD_CLR_PRC,0,4
2025-01-23T22:00:00-00:00,2025-01-23T23:00:00-00:00,2025-01-23,15,0,Hourly,RD,AS_CAISO,DAM,RD_CLR_PRC,0,4
2025-01-23T22:00:00-00:00,2025-01-23T23:00:00-00:00,2025-01-23,15,0,Hourly,RD,AS_SP26_EXP,DAM,RD_CLR_PRC,0,4
2025-01-24T00:00:00-00:00,2025-01-24T01:00:00-00:00,2025-01-23,17,0,Hourly,RD,AS_CAISO_EXP,DAM,RD_CLR_PRC,8.34357,4
2025-01-24T02:00:00-00:00,2025-01-24T03:00:00-00:00,2025-01-23,19,0,Hourly,RD,AS_CAISO_EXP,DAM,RD_CLR_PRC,6.71,4
2025-01-24T03:00:00-00:00,2025-01-24T04:00:00-00:00,2025-01-23,20,0,Hourly,RD,AS_SP26,DAM,RD_CLR_PRC,0,4
2025-01-24T04:00:00-00:00,2025-01-24T05:00:00-00:00,2025-01-23,21,0,Hourly,RD,AS_CAISO_EXP,DAM,RD_CLR_PRC,7.22,4
2025-01-24T04:00:00-00:00,2025-01-24T05:00:00-00:00,2025-01-23,21,0,Hourly,RD,AS_SP26_EXP,DAM,RD_CLR_PRC,0,4
2025-01-24T06:00:00-00:00,2025-01-24T07:00:00-00:00,2025-01-23,23,0,Hourly,RD,AS_SP26_EXP,DAM,RD_CLR_PRC,0,4
2025-01-24T07:00:00-00:00,2025-01-24T08:00:00-00:00,2025-01-23,24,0,Hourly,RD,AS_NP26,DAM,RD_CLR_PRC,0,4
2025-01-23T08:00:00-00:00,2025-01-23T09:00:00-00:00,2025-01-23,1,0,Hourly,RD,AS_SP26_EXP,DAM,RD_CLR_PRC,0,4
2025-01-23T09:00:00-00:00,2025-01-23T10:00:00-00:00,2025-01-23,2,0,Hourly,RD,AS_SP26,DAM,RD_CLR_PRC,0,4
2025-01-23T10:00:00-00:00,2025-01-23T11:00:00-00:00,2025-01-23,3,0,Hourly,RD,AS_NP26_EXP,DAM,RD_CLR_PRC,3.5166,4
2025-01-23T11:00:00-00:00,2025-01-23T12:00:00-00:00,2025-01-23,4,0,Hourly,RD,AS_NP26,DAM,RD_CLR_PRC,0,4
2025-01-23T12:00:00-00:00,2025-01-23T13:00:00-00:00,2025-01-23,5,0,Hourly,RD,AS_CAISO_EXP,DAM,RD_CLR_PRC,4.02403,4
2025-01-23T13:00:00-00:00,2025-01-23T14:00:00-00:00,2025-01-23,6,0,Hourly,RD,AS_SP26_EXP,DAM,RD_CLR_PRC,0,4
2025-01-23T15:00:00-00:00,2025-01-23T16:00:00-00:00,2025-01-23,8,0,Hourly,RD,AS_NP26,DAM,RD_CLR_PRC,0,4
2025-01-23T15:00:00-00:00,2025-01-23T16:00:00-00:00,2025-01-23,8,0,Hourly,RD,AS_SP26,DAM,RD_CLR_PRC,0,4
2025-01-23T16:00:00-00:00,2025-01-23T17:00:00-00:00,2025-01-23,9,0,Hourly,RD,AS_CAISO_EXP,DAM,RD_CLR_PRC,4.95,4
2025-01-24T22:00:00-00:00,2025-01-24T23:00:00-00:00,2025-01-24,15,0,Hourly,RD,AS_CAISO,DAM,RD_CLR_PRC,0,5
2025-01-24T22:00:00-00:00,2025-01-24T23:00:00-00:00,2025-01-24,15,0,Hourly,RD,AS_SP26,DAM,RD_CLR_PRC,0,5
2025-01-25T01:00:00-00:00,2025-01-25T02:00:00-00:00,2025-01-24,18,0,Hourly,RD,AS_CAISO_EXP,DAM,RD_CLR_PRC,6,5
2025-01-25T03:00:00-00:00,2025-01-25T04:00:00-00:00,2025-01-24,20,0,Hourly,RD,AS_CAISO,DAM,RD_CLR_PRC,0,5
2025-01-25T04:00:00-00:00,2025-01-25T05:00:00-00:00,2025-01-24,21,0,Hourly,RD,AS_CAISO_EXP,DAM,RD_CLR_PRC,5.70348,5
2025-01-25T07:00:00-00:00,2025-01-25T08:00:00-00:00,2025-01-24,24,0,Hourly,RD,AS_NP26,DAM,RD_CLR_PRC,0,5
2025-01-24T08:00:00-00:00,2025-01-24T09:00:00-00:00,2025-01-24,1,0,Hourly,RD,AS_NP26_EXP,DAM,RD_CLR_PRC,7.95648,5
2025-01-24T08:00:00-00:00,2025-01-24T09:00:00-00:00,2025-01-24,1,0,Hourly,RD,AS_CAISO,DAM,RD_CLR_PRC,0,5
2025-01-24T13:00:00-00:00,2025-01-24T14:00:00-00:00,2025-01-24,6,0,Hourly,RD,AS_NP26,DAM,RD_CLR_PRC,0,5
2025-01-24T14:00:00-00:00,2025-01-24T15:00:00-00:00,2025-01-24,7,0,Hourly,RD,AS_SP26_EXP,DAM,RD_CLR_PRC,0,5
2025-01-24T15:00:00-00:00,2025-01-24T16:00:00-00:00,2025-01-24,8,0,Hourly,RD,AS_SP26,DAM,RD_CLR_PRC,0,5
2025-01-24T16:00:00-00:00,2025-01-24T17:00:00-00:00,2025-01-24,9,0,Hourly,RD,AS_SP26_EXP,DAM,RD_CLR_PRC,0,5
2025-01-24T22:00:00-00:00,2025-01-24T23:00:00-00:00,2025-01-24,15,0,Hourly,RD,AS_NP26,DAM,RD_CLR_PRC,0,5
2025-01-25T01:00:00-00:00,2025-01-25T02:00:00-00:00,2025-01-24,18,0,Hourly,RD,AS_SP26,DAM,RD_CLR_PRC,0,5
2025-01-25T01:00:00-00:00,2025-01-25T02:00:00-00:00,2025-01-24,18,0,Hourly,RD,AS_SP26_EXP,DAM,RD_CLR_PRC,0,5
2025-01-25T06:00:00-00:00,2025-01-25T07:00:00-00:00,2025-01-24,23,0,Hourly,RD,AS_SP26,DAM,RD_CLR_PRC,0,5
2025-01-24T23:00:00-00:00,2025-01-25T00:00:00-00:00,2025-01-24,16,0,Hourly,RD,AS_NP26_EXP,DAM,RD_CLR_PRC,0,5
2025-01-24T23:00:00-00:00,2025-01-25T00:00:00-00:00,2025-01-24,16,0,Hourly,RD,AS_CAISO,DAM,RD_CLR_PRC,0,5
2025-01-25T00:00:00-00:00,2025-01-25T01:00:00-00:00,2025-01-24,17,0,Hourly,RD,AS_NP26,DAM,RD_CLR_PRC,0,5
2025-01-25T00:00:00-00:00,2025-01-25T01:00:00-00:00,2025-01-24,17,0,Hourly,RD,AS_SP26,DAM,RD_CLR_PRC,0,5
2025-01-25T01:00:00-00:00,2025-01-25T02:00:00-00:00,2025-01-24,18,0,Hourly,RD,AS_CAISO,DAM,RD_CLR_PRC,0,5
2025-01-25T04:00:00-00:00,2025-01-25T05:00:00-00:00,2025-01-24,21,0,Hourly,RD,AS_NP26,DAM,RD_CLR_PRC,0,5
2025-01-25T05:00:00-00:00,2025-01-25T06:00:00-00:00,2025-01-24,22,0,Hourly,RD,AS_SP26,DAM,RD_CLR_PRC,0,5
2025-01-25T05:00:00-00:00,2025-01-25T06:00:00-00:00,2025-01-24,22,0,Hourly,RD,AS_SP26_EXP,DAM,RD_CLR_PRC,0,5
2025-01-24T11:00:00-00:00,2025-01-24T12:00:00-00:00,2025-01-24,4,0,Hourly,RD,AS_CAISO,DAM,RD_CLR_PRC,0,5
2025-01-24T12:00:00-00:00,2025-01-24T13:00:00-00:00,2025-01-24,5,0,Hourly,RD,AS_CAISO,DAM,RD_CLR_PRC,0,5
2025-01-24T12:00:00-00:00,2025-01-24T13:00:00-00:00,2025-01-24,5,0,Hourly,RD,AS_SP26_EXP,DAM,RD_CLR_PRC,0,5
2025-01-24T16:00:00-00:00,2025-01-24T17:00:00-00:00,2025-01-24,9,0,Hourly,RD,AS_SP26,DAM,RD_CLR_PRC,0,5
2025-01-24T17:00:00-00:00,2025-01-24T18:00:00-00:00,2025-01-24,10,0,Hourly,RD,AS_NP26_EXP,DAM,RD_CLR_PRC,3.51094,5
2025-01-24T17:00:00-00:00,2025-01-24T18:00:00-00:00,2025-01-24,10,0,Hourly,RD,AS_SP26_EXP,DAM,RD_CLR_PRC,0,5
2025-01-24T20:00:00-00:00,2025-01-24T21:00:00-00:00,2025-01-24,13,0,Hourly,RD,AS_CAISO_EXP,DAM,RD_CLR_PRC,9.87929,5
2025-01-24T21:00:00-00:00,2025-01-24T22:00:00-00:00,2025-01-24,14,0,Hourly,RD,AS_NP26,DAM,RD_CLR_PRC,0,5
2025-01-24T21:00:00-00:00,2025-01-24T22:00:00-00:00,2025-01-24,14,0,Hourly,RD,AS_SP26_EXP,DAM,RD_CLR_PRC,0,5
2025-01-25T01:00:00-00:00,2025-01-25T02:00:00-00:00,2025-01-24,18,0,Hourly,RD,AS_NP26,DAM,RD_CLR_PRC,0,5
2025-01-25T04:00:00-00:00,2025-01-25T05:00:00-00:00,2025-01-24,21,0,Hourly,RD,AS_SP26_EXP,DAM,RD_CLR_PRC,0,5
2025-01-25T06:00:00-00:00,2025-01-25T07:00:00-00:00,2025-01-24,23,0,Hourly,RD,AS_NP26_EXP,DAM,RD_CLR_PRC,0.59,5
2025-01-25T07:00:00-00:00,2025-01-25T08:00:00-00:00,2025-01-24,24,0,Hourly,RD,AS_SP26_EXP,DAM,RD_CLR_PRC,0,5
2025-01-24T09:00:00-00:00,2025-01-24T10:00:00-00:00,2025-01-24,2,0,Hourly,RD,AS_SP26_EXP,DAM,RD_CLR_PRC,0,5
2025-01-24T11:00:00-00:00,2025-01-24T12:00:00-00:00,2025-01-24,4,0,Hourly,RD,AS_SP26_EXP,DAM,RD_CLR_PRC,0,5
2025-01-24T12:00:00-00:00,2025-01-24T13:00:00-00:00,2025-01-24,5,0,Hourly,RD,AS_NP26,DAM,RD_CLR_PRC,0,5
2025-01-24T13:00:00-00:00,2025-01-24T14:00:00-00:00,2025-01-24,6,0,Hourly,RD,AS_SP26_EXP,DAM,RD_CLR_PRC,0,5
2025-01-24T14:00:00-00:00,2025-01-24T15:00:00-00:00,2025-01-24,7,0,Hourly,RD,AS_NP26,DAM,RD_CLR_PRC,0,5
2025-01-24T15:00:00-00:00,2025-01-24T16:00:00-00:00,2025-01-24,8,0,Hourly,RD,AS_CAISO_EXP,DAM,RD_CLR_PRC,6.72,5
2025-01-24T15:00:00-00:00,2025-01-24T16:00:00-00:00,2025-01-24,8,0,Hourly,RD,AS_NP26_EXP,DAM,RD_CLR_PRC,10.45142,5
2025-01-24T18:00:00-00:00,2025-01-24T19:00:00-00:00,2025-01-24,11,0,Hourly,RD,AS_SP26,DAM,RD_CLR_PRC,0,5
2025-01-24T18:00:00-00:00,2025-01-24T19:00:00-00:00,2025-01-24,11,0,Hourly,RD,AS_SP26_EXP,DAM,RD_CLR_PRC,0,5
2025-01-24T19:00:00-00:00,2025-01-24T20:00:00-00:00,2025-01-24,12,0,Hourly,RD,AS_NP26,DAM,RD_CLR_PRC,0,5
2025-01-24T19:00:00-00:00,2025-01-24T20:00:00-00:00,2025-01-24,12,0,Hourly,RD,AS_NP26_EXP,DAM,RD_CLR_PRC,5.40386,5
2025-01-24T19:00:00-00:00,2025-01-24T20:00:00-00:00,2025-01-24,12,0,Hourly,RD,AS_SP26_EXP,DAM,RD_CLR_PRC,0,5
2025-01-24T21:00:00-00:00,2025-01-24T22:00:00-00:00,2025-01-24,14,0,Hourly,RD,AS_CAISO_EXP,DAM,RD_CLR_PRC,10.82802,5
2025-01-24T22:00:00-00:00,2025-01-24T23:00:00-00:00,2025-01-24,15,0,Hourly,RD,AS_NP26_EXP,DAM,RD_CLR_PRC,7.42337,5
2025-01-24T23:00:00-00:00,2025-01-25T00:00:00-00:00,2025-01-24,16,0,Hourly,RD,AS_SP26,DAM,RD_CLR_PRC,0,5
2025-01-24T23:00:00-00:00,2025-01-25T00:00:00-00:00,2025-01-24,16,0,Hourly,RD,AS_SP26_EXP,DAM,RD_CLR_PRC,0,5
2025-01-25T00:00:00-00:00,2025-01-25T01:00:00-00:00,2025-01-24,17,0,Hourly,RD,AS_CAISO,DAM,RD_CLR_PRC,0,5
2025-01-25T01:00:00-00:00,2025-01-25T02:00:00-00:00,2025-01-24,18,0,Hourly,RD,AS_NP26_EXP,DAM,RD_CLR_PRC,8.66936,5
2025-01-25T02:00:00-00:00,2025-01-25T03:00:00-00:00,2025-01-24,19,0,Hourly,RD,AS_CAISO,DAM,RD_CLR_PRC,0,5
2025-01-25T02:00:00-00:00,2025-01-25T03:00:00-00:00,2025-01-24,19,0,Hourly,RD,AS_SP26,DAM,RD_CLR_PRC,0,5
2025-01-25T03:00:00-00:00,2025-01-25T04:00:00-00:00,2025-01-24,20,0,Hourly,RD,AS_NP26,DAM,RD_CLR_PRC,0,5
2025-01-25T03:00:00-00:00,2025-01-25T04:00:00-00:00,2025-01-24,20,0,Hourly,RD,AS_NP26_EXP,DAM,RD_CLR_PRC,2.46399,5
2025-01-25T04:00:00-00:00,2025-01-25T05:00:00-00:00,2025-01-24,21,0,Hourly,RD,AS_NP26_EXP,DAM,RD_CLR_PRC,2.53132,5
2025-01-25T05:00:00-00:00,2025-01-25T06:00:00-00:00,2025-01-24,22,0,Hourly,RD,AS_CAISO,DAM,RD_CLR_PRC,0,5
2025-01-25T05:00:00-00:00,2025-01-25T06:00:00-00:00,2025-01-24,22,0,Hourly,RD,AS_NP26,DAM,RD_CLR_PRC,0,5
2025-01-25T05:00:00-00:00,2025-01-25T06:00:00-00:00,2025-01-24,22,0,Hourly,RD,AS_NP26_EXP,DAM,RD_CLR_PRC,2.28832,5
2025-01-25T06:00:00-00:00,2025-01-25T07:00:00-00:00,2025-01-24,23,0,Hourly,RD,AS_CAISO,DAM,RD_CLR_PRC,0,5
2025-01-25T07:00:00-00:00,2025-01-25T08:00:00-00:00,2025-01-24,24,0,Hourly,RD,AS_CAISO,DAM,RD_CLR_PRC,0,5
2025-01-24T08:00:00-00:00,2025-01-24T09:00:00-00:00,2025-01-24,1,0,Hourly,RD,AS_SP26,DAM,RD_CLR_PRC,0,5
2025-01-24T09:00:00-00:00,2025-01-24T10:00:00-00:00,2025-01-24,2,0,Hourly,RD,AS_CAISO,DAM,RD_CLR_PRC,0,5
2025-01-24T10:00:00-00:00,2025-01-24T11:00:00-00:00,2025-01-24,3,0,Hourly,RD,AS_CAISO,DAM,RD_CLR_PRC,0,5
2025-01-24T10:00:00-00:00,2025-01-24T11:00:00-00:00,2025-01-24,3,0,Hourly,RD,AS_CAISO_EXP,DAM,RD_CLR_PRC,4.5,5
2025-01-24T10:00:00-00:00,2025-01-24T11:00:00-00:00,2025-01-24,3,0,Hourly,RD,AS_NP26,DAM,RD_CLR_PRC,0,5
2025-01-24T10:00:00-00:00,2025-01-24T11:00:00-00:00,2025-01-24,3,0,Hourly,RD,AS_NP26_EXP,DAM,RD_CLR_PRC,3,5
2025-01-24T10:00:00-00:00,2025-01-24T11:00:00-00:00,2025-01-24,3,0,Hourly,RD,AS_SP26,DAM,RD_CLR_PRC,0,5
2025-01-24T10:00:00-00:00,2025-01-24T11:00:00-00:00,2025-01-24,3,0,Hourly,RD,AS_SP26_EXP,DAM,RD_CLR_PRC,0,5
2025-01-24T12:00:00-00:00,2025-01-24T13:00:00-00:00,2025-01-24,5,0,Hourly,RD,AS_CAISO_EXP,DAM,RD_CLR_PRC,3.91038,5
2025-01-24T15:00:00-00:00,2025-01-24T16:00:00-00:00,2025-01-24,8,0,Hourly,RD,AS_NP26,DAM,RD_CLR_PRC,0,5
2025-01-24T17:00:00-00:00,2025-01-24T18:00:00-00:00,2025-01-24,10,0,Hourly,RD,AS_CAISO,DAM,RD_CLR_PRC,0,5
2025-01-24T17:00:00-00:00,2025-01-24T18:00:00-00:00,2025-01-24,10,0,Hourly,RD,AS_NP26,DAM,RD_CLR_PRC,0,5
2025-01-24T17:00:00-00:00,2025-01-24T18:00:00-00:00,2025-01-24,10,0,Hourly,RD,AS_SP26,DAM,RD_CLR_PRC,0,5
2025-01-24T18:00:00-00:00,2025-01-24T19:00:00-00:00,2025-01-24,11,0,Hourly,RD,AS_NP26,DAM,RD_CLR_PRC,0,5
2025-01-24T20:00:00-00:00,2025-01-24T21:00:00-00:00,2025-01-24,13,0,Hourly,RD,AS_NP26_EXP,DAM,RD_CLR_PRC,16.48124,5
2025-01-24T09:00:00-00:00,2025-01-24T10:00:00-00:00,2025-01-24,2,0,Hourly,RD,AS_NP26,DAM,RD_CLR_PRC,0,5
2025-01-24T11:00:00-00:00,2025-01-24T12:00:00-00:00,2025-01-24,4,0,Hourly,RD,AS_CAISO_EXP,DAM,RD_CLR_PRC,4.53165,5
2025-01-24T16:00:00-00:00,2025-01-24T17:00:00-00:00,2025-01-24,9,0,Hourly,RD,AS_CAISO_EXP,DAM,RD_CLR_PRC,7.47705,5
2025-01-24T20:00:00-00:00,2025-01-24T21:00:00-00:00,2025-01-24,13,0,Hourly,RD,AS_NP26,DAM,RD_CLR_PRC,0,5
2025-01-24T20:00:00-00:00,2025-01-24T21:00:00-00:00,2025-01-24,13,0,Hourly,RD,AS_SP26_EXP,DAM,RD_CLR_PRC,0,5
2025-01-24T22:00:00-00:00,2025-01-24T23:00:00-00:00,2025-01-24,15,0,Hourly,RD,AS_CAISO_EXP,DAM,RD_CLR_PRC,13.65374,5
2025-01-24T23:00:00-00:00,2025-01-25T00:00:00-00:00,2025-01-24,16,0,Hourly,RD,AS_CAISO_EXP,DAM,RD_CLR_PRC,16.09719,5
2025-01-25T02:00:00-00:00,2025-01-25T03:00:00-00:00,2025-01-24,19,0,Hourly,RD,AS_CAISO_EXP,DAM,RD_CLR_PRC,4.28,5
2025-01-25T03:00:00-00:00,2025-01-25T04:00:00-00:00,2025-01-24,20,0,Hourly,RD,AS_CAISO_EXP,DAM,RD_CLR_PRC,6,5
2025-01-25T05:00:00-00:00,2025-01-25T06:00:00-00:00,2025-01-24,22,0,Hourly,RD,AS_CAISO_EXP,DAM,RD_CLR_PRC,5.70168,5
2025-01-25T07:00:00-00:00,2025-01-25T08:00:00-00:00,2025-01-24,24,0,Hourly,RD,AS_CAISO_EXP,DAM,RD_CLR_PRC,7,5
2025-01-25T07:00:00-00:00,2025-01-25T08:00:00-00:00,2025-01-24,24,0,Hourly,RD,AS_NP26_EXP,DAM,RD_CLR_PRC,0.99,5
2025-01-25T07:00:00-00:00,2025-01-25T08:00:00-00:00,2025-01-24,24,0,Hourly,RD,AS_SP26,DAM,RD_CLR_PRC,0,5
2025-01-24T08:00:00-00:00,2025-01-24T09:00:00-00:00,2025-01-24,1,0,Hourly,RD,AS_SP26_EXP,DAM,RD_CLR_PRC,0,5
2025-01-24T09:00:00-00:00,2025-01-24T10:00:00-00:00,2025-01-24,2,0,Hourly,RD,AS_CAISO_EXP,DAM,RD_CLR_PRC,4.5,5
2025-01-24T11:00:00-00:00,2025-01-24T12:00:00-00:00,2025-01-24,4,0,Hourly,RD,AS_NP26,DAM,RD_CLR_PRC,0,5
2025-01-24T11:00:00-00:00,2025-01-24T12:00:00-00:00,2025-01-24,4,0,Hourly,RD,AS_NP26_EXP,DAM,RD_CLR_PRC,10.26203,5
2025-01-24T11:00:00-00:00,2025-01-24T12:00:00-00:00,2025-01-24,4,0,Hourly,RD,AS_SP26,DAM,RD_CLR_PRC,0,5
2025-01-24T13:00:00-00:00,2025-01-24T14:00:00-00:00,2025-01-24,6,0,Hourly,RD,AS_CAISO,DAM,RD_CLR_PRC,0,5
2025-01-24T13:00:00-00:00,2025-01-24T14:00:00-00:00,2025-01-24,6,0,Hourly,RD,AS_CAISO_EXP,DAM,RD_CLR_PRC,6.91,5
2025-01-24T14:00:00-00:00,2025-01-24T15:00:00-00:00,2025-01-24,7,0,Hourly,RD,AS_NP26_EXP,DAM,RD_CLR_PRC,1.27,5
2025-01-24T18:00:00-00:00,2025-01-24T19:00:00-00:00,2025-01-24,11,0,Hourly,RD,AS_NP26_EXP,DAM,RD_CLR_PRC,10.3237,5
2025-01-24T20:00:00-00:00,2025-01-24T21:00:00-00:00,2025-01-24,13,0,Hourly,RD,AS_CAISO,DAM,RD_CLR_PRC,0,5
2025-01-24T23:00:00-00:00,2025-01-25T00:00:00-00:00,2025-01-24,16,0,Hourly,RD,AS_NP26,DAM,RD_CLR_PRC,0,5
2025-01-25T00:00:00-00:00,2025-01-25T01:00:00-00:00,2025-01-24,17,0,Hourly,RD,AS_NP26_EXP,DAM,RD_CLR_PRC,6.085,5
2025-01-25T00:00:00-00:00,2025-01-25T01:00:00-00:00,2025-01-24,17,0,Hourly,RD,AS_SP26_EXP,DAM,RD_CLR_PRC,0,5
2025-01-25T02:00:00-00:00,2025-01-25T03:00:00-00:00,2025-01-24,19,0,Hourly,RD,AS_NP26_EXP,DAM,RD_CLR_PRC,4.43307,5
2025-01-25T03:00:00-00:00,2025-01-25T04:00:00-00:00,2025-01-24,20,0,Hourly,RD,AS_SP26,DAM,RD_CLR_PRC,0,5
2025-01-25T04:00:00-00:00,2025-01-25T05:00:00-00:00,2025-01-24,21,0,Hourly,RD,AS_CAISO,DAM,RD_CLR_PRC,0,5
2025-01-25T06:00:00-00:00,2025-01-25T07:00:00-00:00,2025-01-24,23,0,Hourly,RD,AS_SP26_EXP,DAM,RD_CLR_PRC,0,5
2025-01-24T08:00:00-00:00,2025-01-24T09:00:00-00:00,2025-01-24,1,0,Hourly,RD,AS_CAISO_EXP,DAM,RD_CLR_PRC,7,5
2025-01-24T08:00:00-00:00,2025-01-24T09:00:00-00:00,2025-01-24,1,0,Hourly,RD,AS_NP26,DAM,RD_CLR_PRC,0,5
2025-01-24T12:00:00-00:00,2025-01-24T13:00:00-00:00,2025-01-24,5,0,Hourly,RD,AS_SP26,DAM,RD_CLR_PRC,0,5
2025-01-24T13:00:00-00:00,2025-01-24T14:00:00-00:00,2025-01-24,6,0,Hourly,RD,AS_NP26_EXP,DAM,RD_CLR_PRC,0.59,5
2025-01-24T14:00:00-00:00,2025-01-24T15:00:00-00:00,2025-01-24,7,0,Hourly,RD,AS_CAISO,DAM,RD_CLR_PRC,0,5
2025-01-24T15:00:00-00:00,2025-01-24T16:00:00-00:00,2025-01-24,8,0,Hourly,RD,AS_CAISO,DAM,RD_CLR_PRC,0,5
2025-01-24T15:00:00-00:00,2025-01-24T16:00:00-00:00,2025-01-24,8,0,Hourly,RD,AS_SP26_EXP,DAM,RD_CLR_PRC,0,5
2025-01-24T16:00:00-00:00,2025-01-24T17:00:00-00:00,2025-01-24,9,0,Hourly,RD,AS_CAISO,DAM,RD_CLR_PRC,0,5
2025-01-24T17:00:00-00:00,2025-01-24T18:00:00-00:00,2025-01-24,10,0,Hourly,RD,AS_CAISO_EXP,DAM,RD_CLR_PRC,4.47906,5
2025-01-24T19:00:00-00:00,2025-01-24T20:00:00-00:00,2025-01-24,12,0,Hourly,RD,AS_CAISO,DAM,RD_CLR_PRC,0,5
2025-01-24T19:00:00-00:00,2025-01-24T20:00:00-00:00,2025-01-24,12,0,Hourly,RD,AS_CAISO_EXP,DAM,RD_CLR_PRC,6.83748,5
2025-01-24T19:00:00-00:00,2025-01-24T20:00:00-00:00,2025-01-24,12,0,Hourly,RD,AS_SP26,DAM,RD_CLR_PRC,0,5
2025-01-24T20:00:00-00:00,2025-01-24T21:00:00-00:00,2025-01-24,13,0,Hourly,RD,AS_SP26,DAM,RD_CLR_PRC,0,5
2025-01-24T21:00:00-00:00,2025-01-24T22:00:00-00:00,2025-01-24,14,0,Hourly,RD,AS_CAISO,DAM,RD_CLR_PRC,0,5
2025-01-25T00:00:00-00:00,2025-01-25T01:00:00-00:00,2025-01-24,17,0,Hourly,RD,AS_CAISO_EXP,DAM,RD_CLR_PRC,8.56,5
2025-01-25T02:00:00-00:00,2025-01-25T03:00:00-00:00,2025-01-24,19,0,Hourly,RD,AS_NP26,DAM,RD_CLR_PRC,0,5
2025-01-25T02:00:00-00:00,2025-01-25T03:00:00-00:00,2025-01-24,19,0,Hourly,RD,AS_SP26_EXP,DAM,RD_CLR_PRC,0,5
2025-01-25T03:00:00-00:00,2025-01-25T04:00:00-00:00,2025-01-24,20,0,Hourly,RD,AS_SP26_EXP,DAM,RD_CLR_PRC,0,5
2025-01-25T04:00:00-00:00,2025-01-25T05:00:00-00:00,2025-01-24,21,0,Hourly,RD,AS_SP26,DAM,RD_CLR_PRC,0,5
2025-01-25T06:00:00-00:00,2025-01-25T07:00:00-00:00,2025-01-24,23,0,Hourly,RD,AS_CAISO_EXP,DAM,RD_CLR_PRC,6.91,5
2025-01-25T06:00:00-00:00,2025-01-25T07:00:00-00:00,2025-01-24,23,0,Hourly,RD,AS_NP26,DAM,RD_CLR_PRC,0,5
2025-01-24T09:00:00-00:00,2025-01-24T10:00:00-00:00,2025-01-24,2,0,Hourly,RD,AS_NP26_EXP,DAM,RD_CLR_PRC,0,5
2025-01-24T09:00:00-00:00,2025-01-24T10:00:00-00:00,2025-01-24,2,0,Hourly,RD,AS_SP26,DAM,RD_CLR_PRC,0,5
2025-01-24T12:00:00-00:00,2025-01-24T13:00:00-00:00,2025-01-24,5,0,Hourly,RD,AS_NP26_EXP,DAM,RD_CLR_PRC,3.58962,5
2025-01-24T13:00:00-00:00,2025-01-24T14:00:00-00:00,2025-01-24,6,0,Hourly,RD,AS_SP26,DAM,RD_CLR_PRC,0,5
2025-01-24T14:00:00-00:00,2025-01-24T15:00:00-00:00,2025-01-24,7,0,Hourly,RD,AS_CAISO_EXP,DAM,RD_CLR_PRC,6.72,5
2025-01-24T14:00:00-00:00,2025-01-24T15:00:00-00:00,2025-01-24,7,0,Hourly,RD,AS_SP26,DAM,RD_CLR_PRC,0,5
2025-01-24T16:00:00-00:00,2025-01-24T17:00:00-00:00,2025-01-24,9,0,Hourly,RD,AS_NP26_EXP,DAM,RD_CLR_PRC,13.01632,5
2025-01-24T16:00:00-00:00,2025-01-24T17:00:00-00:00,2025-01-24,9,0,Hourly,RD,AS_NP26,DAM,RD_CLR_PRC,0,5
2025-01-24T18:00:00-00:00,2025-01-24T19:00:00-00:00,2025-01-24,11,0,Hourly,RD,AS_CAISO,DAM,RD_CLR_PRC,0,5
2025-01-24T18:00:00-00:00,2025-01-24T19:00:00-00:00,2025-01-24,11,0,Hourly,RD,AS_CAISO_EXP,DAM,RD_CLR_PRC,7.89585,5
2025-01-24T21:00:00-00:00,2025-01-24T22:00:00-00:00,2025-01-24,14,0,Hourly,RD,AS_NP26_EXP,DAM,RD_CLR_PRC,17.01806,5
2025-01-24T21:00:00-00:00,2025-01-24T22:00:00-00:00,2025-01-24,14,0,Hourly,RD,AS_SP26,DAM,RD_CLR_PRC,0,5
2025-01-24T22:00:00-00:00,2025-01-24T23:00:00-00:00,2025-01-24,15,0,Hourly,RD,AS_SP26_EXP,DAM,RD_CLR_PRC,0,5
2025-01-25T14:00:00-00:00,2025-01-25T15:00:00-00:00,2025-01-25,7,0,Hourly,RD,AS_NP26_EXP,DAM,RD_CLR_PRC,4.18673,6
2025-01-25T15:00:00-00:00,2025-01-25T16:00:00-00:00,2025-01-25,8,0,Hourly,RD,AS_NP26_EXP,DAM,RD_CLR_PRC,0.09863,6
2025-01-25T15:00:00-00:00,2025-01-25T16:00:00-00:00,2025-01-25,8,0,Hourly,RD,AS_SP26,DAM,RD_CLR_PRC,0,6
2025-01-25T15:00:00-00:00,2025-01-25T16:00:00-00:00,2025-01-25,8,0,Hourly,RD,AS_SP26_EXP,DAM,RD_CLR_PRC,0,6
2025-01-25T16:00:00-00:00,2025-01-25T17:00:00-00:00,2025-01-25,9,0,Hourly,RD,AS_NP26_EXP,DAM,RD_CLR_PRC,3.29612,6
2025-01-25T16:00:00-00:00,2025-01-25T17:00:00-00:00,2025-01-25,9,0,Hourly,RD,AS_SP26,DAM,RD_CLR_PRC,0,6
2025-01-25T17:00:00-00:00,2025-01-25T18:00:00-00:00,2025-01-25,10,0,Hourly,RD,AS_CAISO_EXP,DAM,RD_CLR_PRC,4.47491,6
2025-01-25T18:00:00-00:00,2025-01-25T19:00:00-00:00,2025-01-25,11,0,Hourly,RD,AS_SP26_EXP,DAM,RD_CLR_PRC,0,6
2025-01-25T20:00:00-00:00,2025-01-25T21:00:00-00:00,2025-01-25,13,0,Hourly,RD,AS_CAISO_EXP,DAM,RD_CLR_PRC,12,6
2025-01-25T20:00:00-00:00,2025-01-25T21:00:00-00:00,2025-01-25,13,0,Hourly,RD,AS_SP26_EXP,DAM,RD_CLR_PRC,0,6
2025-01-26T00:00:00-00:00,2025-01-26T01:00:00-00:00,2025-01-25,17,0,Hourly,RD,AS_NP26_EXP,DAM,RD_CLR_PRC,3.56027,6
2025-01-26T03:00:00-00:00,2025-01-26T04:00:00-00:00,2025-01-25,20,0,Hourly,RD,AS_SP26,DAM,RD_CLR_PRC,0,6
2025-01-26T04:00:00-00:00,2025-01-26T05:00:00-00:00,2025-01-25,21,0,Hourly,RD,AS_CAISO_EXP,DAM,RD_CLR_PRC,2.95,6
2025-01-26T06:00:00-00:00,2025-01-26T07:00:00-00:00,2025-01-25,23,0,Hourly,RD,AS_CAISO,DAM,RD_CLR_PRC,0,6
2025-01-26T06:00:00-00:00,2025-01-26T07:00:00-00:00,2025-01-25,23,0,Hourly,RD,AS_SP26,DAM,RD_CLR_PRC,0,6
2025-01-26T07:00:00-00:00,2025-01-26T08:00:00-00:00,2025-01-25,24,0,Hourly,RD,AS_CAISO,DAM,RD_CLR_PRC,0,6
2025-01-25T20:00:00-00:00,2025-01-25T21:00:00-00:00,2025-01-25,13,0,Hourly,RD,AS_SP26,DAM,RD_CLR_PRC,0,6
2025-01-25T21:00:00-00:00,2025-01-25T22:00:00-00:00,2025-01-25,14,0,Hourly,RD,AS_CAISO,DAM,RD_CLR_PRC,0,6
2025-01-25T21:00:00-00:00,2025-01-25T22:00:00-00:00,2025-01-25,14,0,Hourly,RD,AS_SP26_EXP,DAM,RD_CLR_PRC,0,6
2025-01-25T22:00:00-00:00,2025-01-25T23:00:00-00:00,2025-01-25,15,0,Hourly,RD,AS_CAISO,DAM,RD_CLR_PRC,0,6
2025-01-25T22:00:00-00:00,2025-01-25T23:00:00-00:00,2025-01-25,15,0,Hourly,RD,AS_CAISO_EXP,DAM,RD_CLR_PRC,10.94585,6
2025-01-25T22:00:00-00:00,2025-01-25T23:00:00-00:00,2025-01-25,15,0,Hourly,RD,AS_NP26,DAM,RD_CLR_PRC,0,6
2025-01-25T23:00:00-00:00,2025-01-26T00:00:00-00:00,2025-01-25,16,0,Hourly,RD,AS_CAISO_EXP,DAM,RD_CLR_PRC,10.91,6
2025-01-26T00:00:00-00:00,2025-01-26T01:00:00-00:00,2025-01-25,17,0,Hourly,RD,AS_CAISO_EXP,DAM,RD_CLR_PRC,5.18,6
2025-01-26T00:00:00-00:00,2025-01-26T01:00:00-00:00,2025-01-25,17,0,Hourly,RD,AS_NP26,DAM,RD_CLR_PRC,0,6
2025-01-26T00:00:00-00:00,2025-01-26T01:00:00-00:00,2025-01-25,17,0,Hourly,RD,AS_SP26_EXP,DAM,RD_CLR_PRC,0,6
2025-01-26T02:00:00-00:00,2025-01-26T03:00:00-00:00,2025-01-25,19,0,Hourly,RD,AS_SP26,DAM,RD_CLR_PRC,0,6
2025-01-26T02:00:00-00:00,2025-01-26T03:00:00-00:00,2025-01-25,19,0,Hourly,RD,AS_SP26_EXP,DAM,RD_CLR_PRC,0,6
2025-01-26T03:00:00-00:00,2025-01-26T04:00:00-00:00,2025-01-25,20,0,Hourly,RD,AS_CAISO_EXP,DAM,RD_CLR_PRC,4.83,6
2025-01-26T04:00:00-00:00,2025-01-26T05:00:00-00:00,2025-01-25,21,0,Hourly,RD,AS_SP26_EXP,DAM,RD_CLR_PRC,0,6
2025-01-26T05:00:00-00:00,2025-01-26T06:00:00-00:00,2025-01-25,22,0,Hourly,RD,AS_NP26,DAM,RD_CLR_PRC,0,6
2025-01-25T09:00:00-00:00,2025-01-25T10:00:00-00:00,2025-01-25,2,0,Hourly,RD,AS_CAISO,DAM,RD_CLR_PRC,0,6
2025-01-25T09:00:00-00:00,2025-01-25T10:00:00-00:00,2025-01-25,2,0,Hourly,RD,AS_CAISO_EXP,DAM,RD_CLR_PRC,4.25,6
2025-01-25T12:00:00-00:00,2025-01-25T13:00:00-00:00,2025-01-25,5,0,Hourly,RD,AS_SP26_EXP,DAM,RD_CLR_PRC,0,6
2025-01-25T15:00:00-00:00,2025-01-25T16:00:00-00:00,2025-01-25,8,0,Hourly,RD,AS_CAISO,DAM,RD_CLR_PRC,0,6
2025-01-25T16:00:00-00:00,2025-01-25T17:00:00-00:00,2025-01-25,9,0,Hourly,RD,AS_CAISO_EXP,DAM,RD_CLR_PRC,8.40041,6
2025-01-25T18:00:00-00:00,2025-01-25T19:00:00-00:00,2025-01-25,11,0,Hourly,RD,AS_CAISO,DAM,RD_CLR_PRC,0,6
2025-01-25T21:00:00-00:00,2025-01-25T22:00:00-00:00,2025-01-25,14,0,Hourly,RD,AS_CAISO_EXP,DAM,RD_CLR_PRC,15.15028,6
2025-01-25T22:00:00-00:00,2025-01-25T23:00:00-00:00,2025-01-25,15,0,Hourly,RD,AS_SP26_EXP,DAM,RD_CLR_PRC,0,6
2025-01-25T23:00:00-00:00,2025-01-26T00:00:00-00:00,2025-01-25,16,0,Hourly,RD,AS_CAISO,DAM,RD_CLR_PRC,0,6
2025-01-25T23:00:00-00:00,2025-01-26T00:00:00-00:00,2025-01-25,16,0,Hourly,RD,AS_SP26_EXP,DAM,RD_CLR_PRC,0,6
2025-01-26T01:00:00-00:00,2025-01-26T02:00:00-00:00,2025-01-25,18,0,Hourly,RD,AS_SP26_EXP,DAM,RD_CLR_PRC,0,6
2025-01-26T03:00:00-00:00,2025-01-26T04:00:00-00:00,2025-01-25,20,0,Hourly,RD,AS_CAISO,DAM,RD_CLR_PRC,0,6
2025-01-26T04:00:00-00:00,2025-01-26T05:00:00-00:00,2025-01-25,21,0,Hourly,RD,AS_NP26,DAM,RD_CLR_PRC,0,6
2025-01-26T05:00:00-00:00,2025-01-26T06:00:00-00:00,2025-01-25,22,0,Hourly,RD,AS_CAISO,DAM,RD_CLR_PRC,0,6
2025-01-26T05:00:00-00:00,2025-01-26T06:00:00-00:00,2025-01-25,22,0,Hourly,RD,AS_CAISO_EXP,DAM,RD_CLR_PRC,2.06,6
2025-01-26T06:00:00-00:00,2025-01-26T07:00:00-00:00,2025-01-25,23,0,Hourly,RD,AS_NP26,DAM,RD_CLR_PRC,0,6
2025-01-26T07:00:00-00:00,2025-01-26T08:00:00-00:00,2025-01-25,24,0,Hourly,RD,AS_CAISO_EXP,DAM,RD_CLR_PRC,4.17,6
2025-01-25T10:00:00-00:00,2025-01-25T11:00:00-00:00,2025-01-25,3,0,Hourly,RD,AS_CAISO,DAM,RD_CLR_PRC,0,6
2025-01-25T10:00:00-00:00,2025-01-25T11:00:00-00:00,2025-01-25,3,0,Hourly,RD,AS_SP26_EXP,DAM,RD_CLR_PRC,0,6
2025-01-25T11:00:00-00:00,2025-01-25T12:00:00-00:00,2025-01-25,4,0,Hourly,RD,AS_CAISO_EXP,DAM,RD_CLR_PRC,3.86001,6
2025-01-25T11:00:00-00:00,2025-01-25T12:00:00-00:00,2025-01-25,4,0,Hourly,RD,AS_NP26_EXP,DAM,RD_CLR_PRC,4.12999,6
2025-01-25T12:00:00-00:00,2025-01-25T13:00:00-00:00,2025-01-25,5,0,Hourly,RD,AS_SP26,DAM,RD_CLR_PRC,0,6
2025-01-25T14:00:00-00:00,2025-01-25T15:00:00-00:00,2025-01-25,7,0,Hourly,RD,AS_SP26,DAM,RD_CLR_PRC,0,6
2025-01-25T16:00:00-00:00,2025-01-25T17:00:00-00:00,2025-01-25,9,0,Hourly,RD,AS_NP26,DAM,RD_CLR_PRC,0,6
2025-01-25T19:00:00-00:00,2025-01-25T20:00:00-00:00,2025-01-25,12,0,Hourly,RD,AS_NP26_EXP,DAM,RD_CLR_PRC,7.60397,6
2025-01-25T20:00:00-00:00,2025-01-25T21:00:00-00:00,2025-01-25,13,0,Hourly,RD,AS_CAISO,DAM,RD_CLR_PRC,0,6
2025-01-25T21:00:00-00:00,2025-01-25T22:00:00-00:00,2025-01-25,14,0,Hourly,RD,AS_NP26,DAM,RD_CLR_PRC,0,6
2025-01-26T02:00:00-00:00,2025-01-26T03:00:00-00:00,2025-01-25,19,0,Hourly,RD,AS_NP26_EXP,DAM,RD_CLR_PRC,4.14,6
2025-01-26T05:00:00-00:00,2025-01-26T06:00:00-00:00,2025-01-25,22,0,Hourly,RD,AS_NP26_EXP,DAM,RD_CLR_PRC,5.78882,6
2025-01-26T05:00:00-00:00,2025-01-26T06:00:00-00:00,2025-01-25,22,0,Hourly,RD,AS_SP26_EXP,DAM,RD_CLR_PRC,0,6
2025-01-25T08:00:00-00:00,2025-01-25T09:00:00-00:00,2025-01-25,1,0,Hourly,RD,AS_NP26_EXP,DAM,RD_CLR_PRC,3.3,6
2025-01-25T08:00:00-00:00,2025-01-25T09:00:00-00:00,2025-01-25,1,0,Hourly,RD,AS_CAISO,DAM,RD_CLR_PRC,0,6
2025-01-25T08:00:00-00:00,2025-01-25T09:00:00-00:00,2025-01-25,1,0,Hourly,RD,AS_CAISO_EXP,DAM,RD_CLR_PRC,4.69,6
2025-01-25T13:00:00-00:00,2025-01-25T14:00:00-00:00,2025-01-25,6,0,Hourly,RD,AS_CAISO,DAM,RD_CLR_PRC,0,6
2025-01-25T14:00:00-00:00,2025-01-25T15:00:00-00:00,2025-01-25,7,0,Hourly,RD,AS_NP26,DAM,RD_CLR_PRC,0,6
2025-01-25T15:00:00-00:00,2025-01-25T16:00:00-00:00,2025-01-25,8,0,Hourly,RD,AS_NP26,DAM,RD_CLR_PRC,0,6
2025-01-25T20:00:00-00:00,2025-01-25T21:00:00-00:00,2025-01-25,13,0,Hourly,RD,AS_NP26,DAM,RD_CLR_PRC,0,6
2025-01-25T20:00:00-00:00,2025-01-25T21:00:00-00:00,2025-01-25,13,0,Hourly,RD,AS_NP26_EXP,DAM,RD_CLR_PRC,10.98962,6
2025-01-25T21:00:00-00:00,2025-01-25T22:00:00-00:00,2025-01-25,14,0,Hourly,RD,AS_SP26,DAM,RD_CLR_PRC,0,6
2025-01-25T23:00:00-00:00,2025-01-26T00:00:00-00:00,2025-01-25,16,0,Hourly,RD,AS_SP26,DAM,RD_CLR_PRC,0,6
2025-01-26T03:00:00-00:00,2025-01-26T04:00:00-00:00,2025-01-25,20,0,Hourly,RD,AS_NP26_EXP,DAM,RD_CLR_PRC,3.16,6
2025-01-26T03:00:00-00:00,2025-01-26T04:00:00-00:00,2025-01-25,20,0,Hourly,RD,AS_SP26_EXP,DAM,RD_CLR_PRC,0,6
2025-01-26T04:00:00-00:00,2025-01-26T05:00:00-00:00,2025-01-25,21,0,Hourly,RD,AS_CAISO,DAM,RD_CLR_PRC,0,6
2025-01-26T04:00:00-00:00,2025-01-26T05:00:00-00:00,2025-01-25,21,0,Hourly,RD,AS_SP26,DAM,RD_CLR_PRC,0,6
2025-01-26T06:00:00-00:00,2025-01-26T07:00:00-00:00,2025-01-25,23,0,Hourly,RD,AS_NP26_EXP,DAM,RD_CLR_PRC,3.34,6
2025-01-26T06:00:00-00:00,2025-01-26T07:00:00-00:00,2025-01-25,23,0,Hourly,RD,AS_SP26_EXP,DAM,RD_CLR_PRC,0,6
2025-01-25T09:00:00-00:00,2025-01-25T10:00:00-00:00,2025-01-25,2,0,Hourly,RD,AS_NP26,DAM,RD_CLR_PRC,0,6
2025-01-25T09:00:00-00:00,2025-01-25T10:00:00-00:00,2025-01-25,2,0,Hourly,RD,AS_NP26_EXP,DAM,RD_CLR_PRC,3.86375,6
2025-01-25T13:00:00-00:00,2025-01-25T14:00:00-00:00,2025-01-25,6,0,Hourly,RD,AS_SP26,DAM,RD_CLR_PRC,0,6
2025-01-25T08:00:00-00:00,2025-01-25T09:00:00-00:00,2025-01-25,1,0,Hourly,RD,AS_NP26,DAM,RD_CLR_PRC,0,6
2025-01-25T08:00:00-00:00,2025-01-25T09:00:00-00:00,2025-01-25,1,0,Hourly,RD,AS_SP26_EXP,DAM,RD_CLR_PRC,0,6
2025-01-25T09:00:00-00:00,2025-01-25T10:00:00-00:00,2025-01-25,2,0,Hourly,RD,AS_SP26,DAM,RD_CLR_PRC,0,6
2025-01-25T09:00:00-00:00,2025-01-25T10:00:00-00:00,2025-01-25,2,0,Hourly,RD,AS_SP26_EXP,DAM,RD_CLR_PRC,0,6
2025-01-25T11:00:00-00:00,2025-01-25T12:00:00-00:00,2025-01-25,4,0,Hourly,RD,AS_CAISO,DAM,RD_CLR_PRC,0,6
2025-01-25T11:00:00-00:00,2025-01-25T12:00:00-00:00,2025-01-25,4,0,Hourly,RD,AS_SP26_EXP,DAM,RD_CLR_PRC,0,6
2025-01-25T13:00:00-00:00,2025-01-25T14:00:00-00:00,2025-01-25,6,0,Hourly,RD,AS_SP26_EXP,DAM,RD_CLR_PRC,0,6
2025-01-25T14:00:00-00:00,2025-01-25T15:00:00-00:00,2025-01-25,7,0,Hourly,RD,AS_CAISO_EXP,DAM,RD_CLR_PRC,3.80327,6
2025-01-25T15:00:00-00:00,2025-01-25T16:00:00-00:00,2025-01-25,8,0,Hourly,RD,AS_CAISO_EXP,DAM,RD_CLR_PRC,9,6
2025-01-25T16:00:00-00:00,2025-01-25T17:00:00-00:00,2025-01-25,9,0,Hourly,RD,AS_CAISO,DAM,RD_CLR_PRC,0,6
2025-01-25T17:00:00-00:00,2025-01-25T18:00:00-00:00,2025-01-25,10,0,Hourly,RD,AS_NP26,DAM,RD_CLR_PRC,0,6
2025-01-25T17:00:00-00:00,2025-01-25T18:00:00-00:00,2025-01-25,10,0,Hourly,RD,AS_NP26_EXP,DAM,RD_CLR_PRC,3.51509,6
2025-01-25T19:00:00-00:00,2025-01-25T20:00:00-00:00,2025-01-25,12,0,Hourly,RD,AS_CAISO_EXP,DAM,RD_CLR_PRC,5.49,6
2025-01-25T21:00:00-00:00,2025-01-25T22:00:00-00:00,2025-01-25,14,0,Hourly,RD,AS_NP26_EXP,DAM,RD_CLR_PRC,12.87484,6
2025-01-25T22:00:00-00:00,2025-01-25T23:00:00-00:00,2025-01-25,15,0,Hourly,RD,AS_NP26_EXP,DAM,RD_CLR_PRC,12.1753,6
2025-01-25T23:00:00-00:00,2025-01-26T00:00:00-00:00,2025-01-25,16,0,Hourly,RD,AS_NP26,DAM,RD_CLR_PRC,0,6
2025-01-26T01:00:00-00:00,2025-01-26T02:00:00-00:00,2025-01-25,18,0,Hourly,RD,AS_CAISO_EXP,DAM,RD_CLR_PRC,5,6
2025-01-26T02:00:00-00:00,2025-01-26T03:00:00-00:00,2025-01-25,19,0,Hourly,RD,AS_CAISO_EXP,DAM,RD_CLR_PRC,3.85,6
2025-01-26T03:00:00-00:00,2025-01-26T04:00:00-00:00,2025-01-25,20,0,Hourly,RD,AS_NP26,DAM,RD_CLR_PRC,0,6
2025-01-26T06:00:00-00:00,2025-01-26T07:00:00-00:00,2025-01-25,23,0,Hourly,RD,AS_CAISO_EXP,DAM,RD_CLR_PRC,3.66,6
2025-01-26T07:00:00-00:00,2025-01-26T08:00:00-00:00,2025-01-25,24,0,Hourly,RD,AS_NP26_EXP,DAM,RD_CLR_PRC,2.83,6
2025-01-26T07:00:00-00:00,2025-01-26T08:00:00-00:00,2025-01-25,24,0,Hourly,RD,AS_SP26_EXP,DAM,RD_CLR_PRC,0,6
2025-01-25T10:00:00-00:00,2025-01-25T11:00:00-00:00,2025-01-25,3,0,Hourly,RD,AS_NP26_EXP,DAM,RD_CLR_PRC,5.04375,6
2025-01-25T12:00:00-00:00,2025-01-25T13:00:00-00:00,2025-01-25,5,0,Hourly,RD,AS_CAISO,DAM,RD_CLR_PRC,0,6
2025-01-25T12:00:00-00:00,2025-01-25T13:00:00-00:00,2025-01-25,5,0,Hourly,RD,AS_NP26,DAM,RD_CLR_PRC,0,6
2025-01-25T18:00:00-00:00,2025-01-25T19:00:00-00:00,2025-01-25,11,0,Hourly,RD,AS_NP26_EXP,DAM,RD_CLR_PRC,4.48659,6
2025-01-25T18:00:00-00:00,2025-01-25T19:00:00-00:00,2025-01-25,11,0,Hourly,RD,AS_NP26,DAM,RD_CLR_PRC,0,6
2025-01-25T18:00:00-00:00,2025-01-25T19:00:00-00:00,2025-01-25,11,0,Hourly,RD,AS_SP26,DAM,RD_CLR_PRC,0,6
2025-01-25T19:00:00-00:00,2025-01-25T20:00:00-00:00,2025-01-25,12,0,Hourly,RD,AS_CAISO,DAM,RD_CLR_PRC,0,6
2025-01-25T19:00:00-00:00,2025-01-25T20:00:00-00:00,2025-01-25,12,0,Hourly,RD,AS_NP26,DAM,RD_CLR_PRC,0,6
2025-01-25T19:00:00-00:00,2025-01-25T20:00:00-00:00,2025-01-25,12,0,Hourly,RD,AS_SP26,DAM,RD_CLR_PRC,0,6
2025-01-25T19:00:00-00:00,2025-01-25T20:00:00-00:00,2025-01-25,12,0,Hourly,RD,AS_SP26_EXP,DAM,RD_CLR_PRC,0,6
2025-01-25T22:00:00-00:00,2025-01-25T23:00:00-00:00,2025-01-25,15,0,Hourly,RD,AS_SP26,DAM,RD_CLR_PRC,0,6
2025-01-26T00:00:00-00:00,2025-01-26T01:00:00-00:00,2025-01-25,17,0,Hourly,RD,AS_CAISO,DAM,RD_CLR_PRC,0,6
2025-01-26T00:00:00-00:00,2025-01-26T01:00:00-00:00,2025-01-25,17,0,Hourly,RD,AS_SP26,DAM,RD_CLR_PRC,0,6
2025-01-26T01:00:00-00:00,2025-01-26T02:00:00-00:00,2025-01-25,18,0,Hourly,RD,AS_CAISO,DAM,RD_CLR_PRC,0,6
2025-01-26T01:00:00-00:00,2025-01-26T02:00:00-00:00,2025-01-25,18,0,Hourly,RD,AS_NP26,DAM,RD_CLR_PRC,0,6
2025-01-26T05:00:00-00:00,2025-01-26T06:00:00-00:00,2025-01-25,22,0,Hourly,RD,AS_SP26,DAM,RD_CLR_PRC,0,6
2025-01-26T07:00:00-00:00,2025-01-26T08:00:00-00:00,2025-01-25,24,0,Hourly,RD,AS_NP26,DAM,RD_CLR_PRC,0,6
2025-01-25T08:00:00-00:00,2025-01-25T09:00:00-00:00,2025-01-25,1,0,Hourly,RD,AS_SP26,DAM,RD_CLR_PRC,0,6
2025-01-25T10:00:00-00:00,2025-01-25T11:00:00-00:00,2025-01-25,3,0,Hourly,RD,AS_CAISO_EXP,DAM,RD_CLR_PRC,3.07,6
2025-01-25T10:00:00-00:00,2025-01-25T11:00:00-00:00,2025-01-25,3,0,Hourly,RD,AS_NP26,DAM,RD_CLR_PRC,0,6
2025-01-25T10:00:00-00:00,2025-01-25T11:00:00-00:00,2025-01-25,3,0,Hourly,RD,AS_SP26,DAM,RD_CLR_PRC,0,6
2025-01-25T11:00:00-00:00,2025-01-25T12:00:00-00:00,2025-01-25,4,0,Hourly,RD,AS_SP26,DAM,RD_CLR_PRC,0,6
2025-01-25T12:00:00-00:00,2025-01-25T13:00:00-00:00,2025-01-25,5,0,Hourly,RD,AS_NP26_EXP,DAM,RD_CLR_PRC,4.71289,6
2025-01-25T13:00:00-00:00,2025-01-25T14:00:00-00:00,2025-01-25,6,0,Hourly,RD,AS_CAISO_EXP,DAM,RD_CLR_PRC,4.34169,6
2025-01-25T14:00:00-00:00,2025-01-25T15:00:00-00:00,2025-01-25,7,0,Hourly,RD,AS_CAISO,DAM,RD_CLR_PRC,0,6
2025-01-25T14:00:00-00:00,2025-01-25T15:00:00-00:00,2025-01-25,7,0,Hourly,RD,AS_SP26_EXP,DAM,RD_CLR_PRC,0,6
2025-01-25T17:00:00-00:00,2025-01-25T18:00:00-00:00,2025-01-25,10,0,Hourly,RD,AS_SP26_EXP,DAM,RD_CLR_PRC,0,6
2025-01-25T18:00:00-00:00,2025-01-25T19:00:00-00:00,2025-01-25,11,0,Hourly,RD,AS_CAISO_EXP,DAM,RD_CLR_PRC,3.6,6
2025-01-25T23:00:00-00:00,2025-01-26T00:00:00-00:00,2025-01-25,16,0,Hourly,RD,AS_NP26_EXP,DAM,RD_CLR_PRC,0,6
2025-01-26T01:00:00-00:00,2025-01-26T02:00:00-00:00,2025-01-25,18,0,Hourly,RD,AS_NP26_EXP,DAM,RD_CLR_PRC,2.99,6
2025-01-26T01:00:00-00:00,2025-01-26T02:00:00-00:00,2025-01-25,18,0,Hourly,RD,AS_SP26,DAM,RD_CLR_PRC,0,6
2025-01-26T02:00:00-00:00,2025-01-26T03:00:00-00:00,2025-01-25,19,0,Hourly,RD,AS_CAISO,DAM,RD_CLR_PRC,0,6
2025-01-26T02:00:00-00:00,2025-01-26T03:00:00-00:00,2025-01-25,19,0,Hourly,RD,AS_NP26,DAM,RD_CLR_PRC,0,6
2025-01-26T04:00:00-00:00,2025-01-26T05:00:00-00:00,2025-01-25,21,0,Hourly,RD,AS_NP26_EXP,DAM,RD_CLR_PRC,4.05,6
2025-01-26T07:00:00-00:00,2025-01-26T08:00:00-00:00,2025-01-25,24,0,Hourly,RD,AS_SP26,DAM,RD_CLR_PRC,0,6
2025-01-25T11:00:00-00:00,2025-01-25T12:00:00-00:00,2025-01-25,4,0,Hourly,RD,AS_NP26,DAM,RD_CLR_PRC,0,6
2025-01-25T12:00:00-00:00,2025-01-25T13:00:00-00:00,2025-01-25,5,0,Hourly,RD,AS_CAISO_EXP,DAM,RD_CLR_PRC,3.27711,6
2025-01-25T13:00:00-00:00,2025-01-25T14:00:00-00:00,2025-01-25,6,0,Hourly,RD,AS_NP26,DAM,RD_CLR_PRC,0,6
2025-01-25T13:00:00-00:00,2025-01-25T14:00:00-00:00,2025-01-25,6,0,Hourly,RD,AS_NP26_EXP,DAM,RD_CLR_PRC,3.64831,6
2025-01-25T16:00:00-00:00,2025-01-25T17:00:00-00:00,2025-01-25,9,0,Hourly,RD,AS_SP26_EXP,DAM,RD_CLR_PRC,0,6
2025-01-25T17:00:00-00:00,2025-01-25T18:00:00-00:00,2025-01-25,10,0,Hourly,RD,AS_CAISO,DAM,RD_CLR_PRC,0,6
2025-01-25T17:00:00-00:00,2025-01-25T18:00:00-00:00,2025-01-25,10,0,Hourly,RD,AS_SP26,DAM,RD_CLR_PRC,0,6
2025-01-26T08:00:00-00:00,2025-01-26T09:00:00-00:00,2025-01-26,1,0,Hourly,RD,AS_CAISO,DAM,RD_CLR_PRC,0,7
2025-01-26T09:00:00-00:00,2025-01-26T10:00:00-00:00,2025-01-26,2,0,Hourly,RD,AS_SP26_EXP,DAM,RD_CLR_PRC,0,7
2025-01-26T10:00:00-00:00,2025-01-26T11:00:00-00:00,2025-01-26,3,0,Hourly,RD,AS_CAISO_EXP,DAM,RD_CLR_PRC,4.31772,7
2025-01-26T11:00:00-00:00,2025-01-26T12:00:00-00:00,2025-01-26,4,0,Hourly,RD,AS_CAISO_EXP,DAM,RD_CLR_PRC,3.82464,7
2025-01-26T11:00:00-00:00,2025-01-26T12:00:00-00:00,2025-01-26,4,0,Hourly,RD,AS_SP26_EXP,DAM,RD_CLR_PRC,0,7
2025-01-26T12:00:00-00:00,2025-01-26T13:00:00-00:00,2025-01-26,5,0,Hourly,RD,AS_SP26,DAM,RD_CLR_PRC,0,7
2025-01-26T19:00:00-00:00,2025-01-26T20:00:00-00:00,2025-01-26,12,0,Hourly,RD,AS_CAISO,DAM,RD_CLR_PRC,0,7
2025-01-26T21:00:00-00:00,2025-01-26T22:00:00-00:00,2025-01-26,14,0,Hourly,RD,AS_CAISO,DAM,RD_CLR_PRC,0,7
2025-01-27T00:00:00-00:00,2025-01-27T01:00:00-00:00,2025-01-26,17,0,Hourly,RD,AS_CAISO,DAM,RD_CLR_PRC,0,7
2025-01-27T00:00:00-00:00,2025-01-27T01:00:00-00:00,2025-01-26,17,0,Hourly,RD,AS_NP26_EXP,DAM,RD_CLR_PRC,2.82553,7
2025-01-27T00:00:00-00:00,2025-01-27T01:00:00-00:00,2025-01-26,17,0,Hourly,RD,AS_SP26,DAM,RD_CLR_PRC,0,7
2025-01-27T01:00:00-00:00,2025-01-27T02:00:00-00:00,2025-01-26,18,0,Hourly,RD,AS_NP26,DAM,RD_CLR_PRC,0,7
2025-01-27T05:00:00-00:00,2025-01-27T06:00:00-00:00,2025-01-26,22,0,Hourly,RD,AS_NP26_EXP,DAM,RD_CLR_PRC,3.99,7
2025-01-27T06:00:00-00:00,2025-01-27T07:00:00-00:00,2025-01-26,23,0,Hourly,RD,AS_CAISO,DAM,RD_CLR_PRC,0,7
2025-01-27T06:00:00-00:00,2025-01-27T07:00:00-00:00,2025-01-26,23,0,Hourly,RD,AS_CAISO_EXP,DAM,RD_CLR_PRC,4,7
2025-01-27T06:00:00-00:00,2025-01-27T07:00:00-00:00,2025-01-26,23,0,Hourly,RD,AS_NP26_EXP,DAM,RD_CLR_PRC,0,7
2025-01-26T08:00:00-00:00,2025-01-26T09:00:00-00:00,2025-01-26,1,0,Hourly,RD,AS_NP26_EXP,DAM,RD_CLR_PRC,0,7
2025-01-26T08:00:00-00:00,2025-01-26T09:00:00-00:00,2025-01-26,1,0,Hourly,RD,AS_SP26_EXP,DAM,RD_CLR_PRC,0,7
2025-01-26T09:00:00-00:00,2025-01-26T10:00:00-00:00,2025-01-26,2,0,Hourly,RD,AS_CAISO_EXP,DAM,RD_CLR_PRC,4,7
2025-01-26T09:00:00-00:00,2025-01-26T10:00:00-00:00,2025-01-26,2,0,Hourly,RD,AS_NP26,DAM,RD_CLR_PRC,0,7
2025-01-26T12:00:00-00:00,2025-01-26T13:00:00-00:00,2025-01-26,5,0,Hourly,RD,AS_CAISO,DAM,RD_CLR_PRC,0,7
2025-01-26T12:00:00-00:00,2025-01-26T13:00:00-00:00,2025-01-26,5,0,Hourly,RD,AS_NP26,DAM,RD_CLR_PRC,0,7
2025-01-26T12:00:00-00:00,2025-01-26T13:00:00-00:00,2025-01-26,5,0,Hourly,RD,AS_NP26_EXP,DAM,RD_CLR_PRC,3.52151,7
2025-01-26T13:00:00-00:00,2025-01-26T14:00:00-00:00,2025-01-26,6,0,Hourly,RD,AS_NP26,DAM,RD_CLR_PRC,0,7
2025-01-26T17:00:00-00:00,2025-01-26T18:00:00-00:00,2025-01-26,10,0,Hourly,RD,AS_CAISO_EXP,DAM,RD_CLR_PRC,4.19673,7
2025-01-26T18:00:00-00:00,2025-01-26T19:00:00-00:00,2025-01-26,11,0,Hourly,RD,AS_SP26_EXP,DAM,RD_CLR_PRC,0,7
2025-01-26T19:00:00-00:00,2025-01-26T20:00:00-00:00,2025-01-26,12,0,Hourly,RD,AS_CAISO_EXP,DAM,RD_CLR_PRC,4.07841,7
2025-01-26T21:00:00-00:00,2025-01-26T22:00:00-00:00,2025-01-26,14,0,Hourly,RD,AS_SP26,DAM,RD_CLR_PRC,0,7
2025-01-26T22:00:00-00:00,2025-01-26T23:00:00-00:00,2025-01-26,15,0,Hourly,RD,AS_SP26_EXP,DAM,RD_CLR_PRC,0,7
2025-01-26T23:00:00-00:00,2025-01-27T00:00:00-00:00,2025-01-26,16,0,Hourly,RD,AS_CAISO_EXP,DAM,RD_CLR_PRC,11.28343,7
2025-01-26T23:00:00-00:00,2025-01-27T00:00:00-00:00,2025-01-26,16,0,Hourly,RD,AS_NP26,DAM,RD_CLR_PRC,0,7
2025-01-27T00:00:00-00:00,2025-01-27T01:00:00-00:00,2025-01-26,17,0,Hourly,RD,AS_CAISO_EXP,DAM,RD_CLR_PRC,5.16447,7
2025-01-27T02:00:00-00:00,2025-01-27T03:00:00-00:00,2025-01-26,19,0,Hourly,RD,AS_NP26,DAM,RD_CLR_PRC,0,7
2025-01-27T05:00:00-00:00,2025-01-27T06:00:00-00:00,2025-01-26,22,0,Hourly,RD,AS_CAISO_EXP,DAM,RD_CLR_PRC,4,7
2025-01-27T05:00:00-00:00,2025-01-27T06:00:00-00:00,2025-01-26,22,0,Hourly,RD,AS_SP26_EXP,DAM,RD_CLR_PRC,0,7
2025-01-27T06:00:00-00:00,2025-01-27T07:00:00-00:00,2025-01-26,23,0,Hourly,RD,AS_SP26_EXP,DAM,RD_CLR_PRC,0,7
2025-01-27T07:00:00-00:00,2025-01-27T08:00:00-00:00,2025-01-26,24,0,Hourly,RD,AS_NP26,DAM,RD_CLR_PRC,0,7
2025-01-26T09:00:00-00:00,2025-01-26T10:00:00-00:00,2025-01-26,2,0,Hourly,RD,AS_SP26,DAM,RD_CLR_PRC,0,7
2025-01-26T11:00:00-00:00,2025-01-26T12:00:00-00:00,2025-01-26,4,0,Hourly,RD,AS_NP26_EXP,DAM,RD_CLR_PRC,0,7
2025-01-26T17:00:00-00:00,2025-01-26T18:00:00-00:00,2025-01-26,10,0,Hourly,RD,AS_SP26_EXP,DAM,RD_CLR_PRC,0,7
2025-01-26T20:00:00-00:00,2025-01-26T21:00:00-00:00,2025-01-26,13,0,Hourly,RD,AS_NP26_EXP,DAM,RD_CLR_PRC,15.93684,7
2025-01-26T20:00:00-00:00,2025-01-26T21:00:00-00:00,2025-01-26,13,0,Hourly,RD,AS_SP26,DAM,RD_CLR_PRC,0,7
2025-01-26T20:00:00-00:00,2025-01-26T21:00:00-00:00,2025-01-26,13,0,Hourly,RD,AS_SP26_EXP,DAM,RD_CLR_PRC,0,7
2025-01-26T21:00:00-00:00,2025-01-26T22:00:00-00:00,2025-01-26,14,0,Hourly,RD,AS_NP26_EXP,DAM,RD_CLR_PRC,9.76409,7
2025-01-26T22:00:00-00:00,2025-01-26T23:00:00-00:00,2025-01-26,15,0,Hourly,RD,AS_NP26_EXP,DAM,RD_CLR_PRC,42.38516,7
2025-01-27T00:00:00-00:00,2025-01-27T01:00:00-00:00,2025-01-26,17,0,Hourly,RD,AS_SP26_EXP,DAM,RD_CLR_PRC,0,7
2025-01-27T01:00:00-00:00,2025-01-27T02:00:00-00:00,2025-01-26,18,0,Hourly,RD,AS_CAISO,DAM,RD_CLR_PRC,0,7
2025-01-27T02:00:00-00:00,2025-01-27T03:00:00-00:00,2025-01-26,19,0,Hourly,RD,AS_NP26_EXP,DAM,RD_CLR_PRC,2.43,7
2025-01-27T03:00:00-00:00,2025-01-27T04:00:00-00:00,2025-01-26,20,0,Hourly,RD,AS_NP26,DAM,RD_CLR_PRC,0,7
2025-01-27T03:00:00-00:00,2025-01-27T04:00:00-00:00,2025-01-26,20,0,Hourly,RD,AS_SP26,DAM,RD_CLR_PRC,0,7
2025-01-27T05:00:00-00:00,2025-01-27T06:00:00-00:00,2025-01-26,22,0,Hourly,RD,AS_CAISO,DAM,RD_CLR_PRC,0,7
2025-01-26T08:00:00-00:00,2025-01-26T09:00:00-00:00,2025-01-26,1,0,Hourly,RD,AS_CAISO_EXP,DAM,RD_CLR_PRC,4.04718,7
2025-01-26T10:00:00-00:00,2025-01-26T11:00:00-00:00,2025-01-26,3,0,Hourly,RD,AS_CAISO,DAM,RD_CLR_PRC,0,7
2025-01-26T11:00:00-00:00,2025-01-26T12:00:00-00:00,2025-01-26,4,0,Hourly,RD,AS_NP26,DAM,RD_CLR_PRC,0,7
2025-01-26T12:00:00-00:00,2025-01-26T13:00:00-00:00,2025-01-26,5,0,Hourly,RD,AS_SP26_EXP,DAM,RD_CLR_PRC,0,7
2025-01-26T13:00:00-00:00,2025-01-26T14:00:00-00:00,2025-01-26,6,0,Hourly,RD,AS_CAISO,DAM,RD_CLR_PRC,0,7
2025-01-26T13:00:00-00:00,2025-01-26T14:00:00-00:00,2025-01-26,6,0,Hourly,RD,AS_CAISO_EXP,DAM,RD_CLR_PRC,5,7
2025-01-26T13:00:00-00:00,2025-01-26T14:00:00-00:00,2025-01-26,6,0,Hourly,RD,AS_NP26_EXP,DAM,RD_CLR_PRC,2.96559,7
2025-01-26T14:00:00-00:00,2025-01-26T15:00:00-00:00,2025-01-26,7,0,Hourly,RD,AS_CAISO,DAM,RD_CLR_PRC,0,7
2025-01-26T14:00:00-00:00,2025-01-26T15:00:00-00:00,2025-01-26,7,0,Hourly,RD,AS_CAISO_EXP,DAM,RD_CLR_PRC,4.40166,7
2025-01-26T14:00:00-00:00,2025-01-26T15:00:00-00:00,2025-01-26,7,0,Hourly,RD,AS_NP26_EXP,DAM,RD_CLR_PRC,3.58834,7
2025-01-26T15:00:00-00:00,2025-01-26T16:00:00-00:00,2025-01-26,8,0,Hourly,RD,AS_SP26,DAM,RD_CLR_PRC,0,7
2025-01-26T16:00:00-00:00,2025-01-26T17:00:00-00:00,2025-01-26,9,0,Hourly,RD,AS_CAISO_EXP,DAM,RD_CLR_PRC,6.37677,7
2025-01-26T16:00:00-00:00,2025-01-26T17:00:00-00:00,2025-01-26,9,0,Hourly,RD,AS_SP26,DAM,RD_CLR_PRC,0,7
2025-01-26T16:00:00-00:00,2025-01-26T17:00:00-00:00,2025-01-26,9,0,Hourly,RD,AS_SP26_EXP,DAM,RD_CLR_PRC,0,7
2025-01-26T17:00:00-00:00,2025-01-26T18:00:00-00:00,2025-01-26,10,0,Hourly,RD,AS_NP26_EXP,DAM,RD_CLR_PRC,3.73574,7
2025-01-26T18:00:00-00:00,2025-01-26T19:00:00-00:00,2025-01-26,11,0,Hourly,RD,AS_NP26,DAM,RD_CLR_PRC,0,7
2025-01-26T19:00:00-00:00,2025-01-26T20:00:00-00:00,2025-01-26,12,0,Hourly,RD,AS_SP26,DAM,RD_CLR_PRC,0,7
2025-01-26T19:00:00-00:00,2025-01-26T20:00:00-00:00,2025-01-26,12,0,Hourly,RD,AS_SP26_EXP,DAM,RD_CLR_PRC,0,7
2025-01-26T20:00:00-00:00,2025-01-26T21:00:00-00:00,2025-01-26,13,0,Hourly,RD,AS_CAISO,DAM,RD_CLR_PRC,0,7
2025-01-26T20:00:00-00:00,2025-01-26T21:00:00-00:00,2025-01-26,13,0,Hourly,RD,AS_NP26,DAM,RD_CLR_PRC,0,7
2025-01-26T21:00:00-00:00,2025-01-26T22:00:00-00:00,2025-01-26,14,0,Hourly,RD,AS_NP26,DAM,RD_CLR_PRC,0,7
2025-01-26T21:00:00-00:00,2025-01-26T22:00:00-00:00,2025-01-26,14,0,Hourly,RD,AS_SP26_EXP,DAM,RD_CLR_PRC,0,7
2025-01-26T23:00:00-00:00,2025-01-27T00:00:00-00:00,2025-01-26,16,0,Hourly,RD,AS_NP26_EXP,DAM,RD_CLR_PRC,0,7
2025-01-27T01:00:00-00:00,2025-01-27T02:00:00-00:00,2025-01-26,18,0,Hourly,RD,AS_CAISO_EXP,DAM,RD_CLR_PRC,5.9,7
2025-01-27T03:00:00-00:00,2025-01-27T04:00:00-00:00,2025-01-26,20,0,Hourly,RD,AS_CAISO_EXP,DAM,RD_CLR_PRC,4,7
2025-01-27T04:00:00-00:00,2025-01-27T05:00:00-00:00,2025-01-26,21,0,Hourly,RD,AS_CAISO,DAM,RD_CLR_PRC,0,7
2025-01-27T04:00:00-00:00,2025-01-27T05:00:00-00:00,2025-01-26,21,0,Hourly,RD,AS_SP26,DAM,RD_CLR_PRC,0,7
2025-01-27T07:00:00-00:00,2025-01-27T08:00:00-00:00,2025-01-26,24,0,Hourly,RD,AS_CAISO,DAM,RD_CLR_PRC,0,7
2025-01-27T07:00:00-00:00,2025-01-27T08:00:00-00:00,2025-01-26,24,0,Hourly,RD,AS_CAISO_EXP,DAM,RD_CLR_PRC,2.53,7
2025-01-26T08:00:00-00:00,2025-01-26T09:00:00-00:00,2025-01-26,1,0,Hourly,RD,AS_SP26,DAM,RD_CLR_PRC,0,7
2025-01-26T10:00:00-00:00,2025-01-26T11:00:00-00:00,2025-01-26,3,0,Hourly,RD,AS_NP26_EXP,DAM,RD_CLR_PRC,3.06228,7
2025-01-26T10:00:00-00:00,2025-01-26T11:00:00-00:00,2025-01-26,3,0,Hourly,RD,AS_SP26_EXP,DAM,RD_CLR_PRC,0,7
2025-01-26T13:00:00-00:00,2025-01-26T14:00:00-00:00,2025-01-26,6,0,Hourly,RD,AS_SP26_EXP,DAM,RD_CLR_PRC,0,7
2025-01-26T14:00:00-00:00,2025-01-26T15:00:00-00:00,2025-01-26,7,0,Hourly,RD,AS_SP26_EXP,DAM,RD_CLR_PRC,0,7
2025-01-26T15:00:00-00:00,2025-01-26T16:00:00-00:00,2025-01-26,8,0,Hourly,RD,AS_CAISO,DAM,RD_CLR_PRC,0,7
2025-01-26T15:00:00-00:00,2025-01-26T16:00:00-00:00,2025-01-26,8,0,Hourly,RD,AS_NP26_EXP,DAM,RD_CLR_PRC,0,7
2025-01-26T15:00:00-00:00,2025-01-26T16:00:00-00:00,2025-01-26,8,0,Hourly,RD,AS_SP26_EXP,DAM,RD_CLR_PRC,0,7
2025-01-26T16:00:00-00:00,2025-01-26T17:00:00-00:00,2025-01-26,9,0,Hourly,RD,AS_NP26,DAM,RD_CLR_PRC,0,7
2025-01-26T17:00:00-00:00,2025-01-26T18:00:00-00:00,2025-01-26,10,0,Hourly,RD,AS_NP26,DAM,RD_CLR_PRC,0,7
2025-01-26T17:00:00-00:00,2025-01-26T18:00:00-00:00,2025-01-26,10,0,Hourly,RD,AS_SP26,DAM,RD_CLR_PRC,0,7
2025-01-26T19:00:00-00:00,2025-01-26T20:00:00-00:00,2025-01-26,12,0,Hourly,RD,AS_NP26_EXP,DAM,RD_CLR_PRC,3.7547,7
2025-01-26T22:00:00-00:00,2025-01-26T23:00:00-00:00,2025-01-26,15,0,Hourly,RD,AS_CAISO,DAM,RD_CLR_PRC,0,7
2025-01-26T22:00:00-00:00,2025-01-26T23:00:00-00:00,2025-01-26,15,0,Hourly,RD,AS_CAISO_EXP,DAM,RD_CLR_PRC,7.62484,7
2025-01-26T23:00:00-00:00,2025-01-27T00:00:00-00:00,2025-01-26,16,0,Hourly,RD,AS_CAISO,DAM,RD_CLR_PRC,0,7
2025-01-26T23:00:00-00:00,2025-01-27T00:00:00-00:00,2025-01-26,16,0,Hourly,RD,AS_SP26,DAM,RD_CLR_PRC,0,7
2025-01-26T23:00:00-00:00,2025-01-27T00:00:00-00:00,2025-01-26,16,0,Hourly,RD,AS_SP26_EXP,DAM,RD_CLR_PRC,0,7
2025-01-27T00:00:00-00:00,2025-01-27T01:00:00-00:00,2025-01-26,17,0,Hourly,RD,AS_NP26,DAM,RD_CLR_PRC,0,7
2025-01-27T01:00:00-00:00,2025-01-27T02:00:00-00:00,2025-01-26,18,0,Hourly,RD,AS_SP26_EXP,DAM,RD_CLR_PRC,0,7
2025-01-27T02:00:00-00:00,2025-01-27T03:00:00-00:00,2025-01-26,19,0,Hourly,RD,AS_SP26,DAM,RD_CLR_PRC,0,7
2025-01-27T07:00:00-00:00,2025-01-27T08:00:00-00:00,2025-01-26,24,0,Hourly,RD,AS_SP26,DAM,RD_CLR_PRC,0,7
2025-01-26T14:00:00-00:00,2025-01-26T15:00:00-00:00,2025-01-26,7,0,Hourly,RD,AS_SP26,DAM,RD_CLR_PRC,0,7
2025-01-26T15:00:00-00:00,2025-01-26T16:00:00-00:00,2025-01-26,8,0,Hourly,RD,AS_NP26,DAM,RD_CLR_PRC,0,7
2025-01-26T16:00:00-00:00,2025-01-26T17:00:00-00:00,2025-01-26,9,0,Hourly,RD,AS_NP26_EXP,DAM,RD_CLR_PRC,4.782,7
2025-01-26T22:00:00-00:00,2025-01-26T23:00:00-00:00,2025-01-26,15,0,Hourly,RD,AS_NP26,DAM,RD_CLR_PRC,0,7
2025-01-27T01:00:00-00:00,2025-01-27T02:00:00-00:00,2025-01-26,18,0,Hourly,RD,AS_NP26_EXP,DAM,RD_CLR_PRC,2.09,7
2025-01-27T01:00:00-00:00,2025-01-27T02:00:00-00:00,2025-01-26,18,0,Hourly,RD,AS_SP26,DAM,RD_CLR_PRC,0,7
2025-01-27T03:00:00-00:00,2025-01-27T04:00:00-00:00,2025-01-26,20,0,Hourly,RD,AS_CAISO,DAM,RD_CLR_PRC,0,7
2025-01-27T03:00:00-00:00,2025-01-27T04:00:00-00:00,2025-01-26,20,0,Hourly,RD,AS_NP26_EXP,DAM,RD_CLR_PRC,3.99,7
2025-01-27T03:00:00-00:00,2025-01-27T04:00:00-00:00,2025-01-26,20,0,Hourly,RD,AS_SP26_EXP,DAM,RD_CLR_PRC,0,7
2025-01-27T04:00:00-00:00,2025-01-27T05:00:00-00:00,2025-01-26,21,0,Hourly,RD,AS_CAISO_EXP,DAM,RD_CLR_PRC,4,7
2025-01-27T05:00:00-00:00,2025-01-27T06:00:00-00:00,2025-01-26,22,0,Hourly,RD,AS_SP26,DAM,RD_CLR_PRC,0,7
2025-01-27T06:00:00-00:00,2025-01-27T07:00:00-00:00,2025-01-26,23,0,Hourly,RD,AS_SP26,DAM,RD_CLR_PRC,0,7
2025-01-27T07:00:00-00:00,2025-01-27T08:00:00-00:00,2025-01-26,24,0,Hourly,RD,AS_NP26_EXP,DAM,RD_CLR_PRC,4.47,7
2025-01-26T08:00:00-00:00,2025-01-26T09:00:00-00:00,2025-01-26,1,0,Hourly,RD,AS_NP26,DAM,RD_CLR_PRC,0,7
2025-01-26T09:00:00-00:00,2025-01-26T10:00:00-00:00,2025-01-26,2,0,Hourly,RD,AS_NP26_EXP,DAM,RD_CLR_PRC,0,7
2025-01-26T10:00:00-00:00,2025-01-26T11:00:00-00:00,2025-01-26,3,0,Hourly,RD,AS_NP26,DAM,RD_CLR_PRC,0,7
2025-01-26T11:00:00-00:00,2025-01-26T12:00:00-00:00,2025-01-26,4,0,Hourly,RD,AS_SP26,DAM,RD_CLR_PRC,0,7
2025-01-26T13:00:00-00:00,2025-01-26T14:00:00-00:00,2025-01-26,6,0,Hourly,RD,AS_SP26,DAM,RD_CLR_PRC,0,7
2025-01-26T14:00:00-00:00,2025-01-26T15:00:00-00:00,2025-01-26,7,0,Hourly,RD,AS_NP26,DAM,RD_CLR_PRC,0,7
2025-01-26T15:00:00-00:00,2025-01-26T16:00:00-00:00,2025-01-26,8,0,Hourly,RD,AS_CAISO_EXP,DAM,RD_CLR_PRC,8.07788,7
2025-01-26T17:00:00-00:00,2025-01-26T18:00:00-00:00,2025-01-26,10,0,Hourly,RD,AS_CAISO,DAM,RD_CLR_PRC,0,7
2025-01-26T18:00:00-00:00,2025-01-26T19:00:00-00:00,2025-01-26,11,0,Hourly,RD,AS_CAISO,DAM,RD_CLR_PRC,0,7
2025-01-26T18:00:00-00:00,2025-01-26T19:00:00-00:00,2025-01-26,11,0,Hourly,RD,AS_NP26_EXP,DAM,RD_CLR_PRC,10.35091,7
2025-01-26T19:00:00-00:00,2025-01-26T20:00:00-00:00,2025-01-26,12,0,Hourly,RD,AS_NP26,DAM,RD_CLR_PRC,0,7
2025-01-26T20:00:00-00:00,2025-01-26T21:00:00-00:00,2025-01-26,13,0,Hourly,RD,AS_CAISO_EXP,DAM,RD_CLR_PRC,4.81192,7
2025-01-27T02:00:00-00:00,2025-01-27T03:00:00-00:00,2025-01-26,19,0,Hourly,RD,AS_CAISO,DAM,RD_CLR_PRC,0,7
2025-01-27T02:00:00-00:00,2025-01-27T03:00:00-00:00,2025-01-26,19,0,Hourly,RD,AS_CAISO_EXP,DAM,RD_CLR_PRC,5.56,7
2025-01-27T02:00:00-00:00,2025-01-27T03:00:00-00:00,2025-01-26,19,0,Hourly,RD,AS_SP26_EXP,DAM,RD_CLR_PRC,0,7
2025-01-27T04:00:00-00:00,2025-01-27T05:00:00-00:00,2025-01-26,21,0,Hourly,RD,AS_NP26_EXP,DAM,RD_CLR_PRC,3,7
2025-01-26T09:00:00-00:00,2025-01-26T10:00:00-00:00,2025-01-26,2,0,Hourly,RD,AS_CAISO,DAM,RD_CLR_PRC,0,7
2025-01-26T10:00:00-00:00,2025-01-26T11:00:00-00:00,2025-01-26,3,0,Hourly,RD,AS_SP26,DAM,RD_CLR_PRC,0,7
2025-01-26T11:00:00-00:00,2025-01-26T12:00:00-00:00,2025-01-26,4,0,Hourly,RD,AS_CAISO,DAM,RD_CLR_PRC,0,7
2025-01-26T12:00:00-00:00,2025-01-26T13:00:00-00:00,2025-01-26,5,0,Hourly,RD,AS_CAISO_EXP,DAM,RD_CLR_PRC,3.73694,7
2025-01-26T16:00:00-00:00,2025-01-26T17:00:00-00:00,2025-01-26,9,0,Hourly,RD,AS_CAISO,DAM,RD_CLR_PRC,0,7
2025-01-26T18:00:00-00:00,2025-01-26T19:00:00-00:00,2025-01-26,11,0,Hourly,RD,AS_CAISO_EXP,DAM,RD_CLR_PRC,7.12502,7
2025-01-26T18:00:00-00:00,2025-01-26T19:00:00-00:00,2025-01-26,11,0,Hourly,RD,AS_SP26,DAM,RD_CLR_PRC,0,7
2025-01-26T21:00:00-00:00,2025-01-26T22:00:00-00:00,2025-01-26,14,0,Hourly,RD,AS_CAISO_EXP,DAM,RD_CLR_PRC,6.44045,7
2025-01-26T22:00:00-00:00,2025-01-26T23:00:00-00:00,2025-01-26,15,0,Hourly,RD,AS_SP26,DAM,RD_CLR_PRC,0,7
2025-01-27T04:00:00-00:00,2025-01-27T05:00:00-00:00,2025-01-26,21,0,Hourly,RD,AS_NP26,DAM,RD_CLR_PRC,0,7
2025-01-27T04:00:00-00:00,2025-01-27T05:00:00-00:00,2025-01-26,21,0,Hourly,RD,AS_SP26_EXP,DAM,RD_CLR_PRC,0,7
2025-01-27T05:00:00-00:00,2025-01-27T06:00:00-00:00,2025-01-26,22,0,Hourly,RD,AS_NP26,DAM,RD_CLR_PRC,0,7
2025-01-27T06:00:00-00:00,2025-01-27T07:00:00-00:00,2025-01-26,23,0,Hourly,RD,AS_NP26,DAM,RD_CLR_PRC,0,7
2025-01-27T07:00:00-00:00,2025-01-27T08:00:00-00:00,2025-01-26,24,0,Hourly,RD,AS_SP26_EXP,DAM,RD_CLR_PRC,0,7
2025-01-27T14:00:00-00:00,2025-01-27T15:00:00-00:00,2025-01-27,7,0,Hourly,RD,AS_CAISO_EXP,DAM,RD_CLR_PRC,7,8
2025-01-27T14:00:00-00:00,2025-01-27T15:00:00-00:00,2025-01-27,7,0,Hourly,RD,AS_SP26,DAM,RD_CLR_PRC,0,8
2025-01-27T18:00:00-00:00,2025-01-27T19:00:00-00:00,2025-01-27,11,0,Hourly,RD,AS_NP26,DAM,RD_CLR_PRC,0,8
2025-01-27T20:00:00-00:00,2025-01-27T21:00:00-00:00,2025-01-27,13,0,Hourly,RD,AS_SP26,DAM,RD_CLR_PRC,0,8
2025-01-27T21:00:00-00:00,2025-01-27T22:00:00-00:00,2025-01-27,14,0,Hourly,RD,AS_CAISO_EXP,DAM,RD_CLR_PRC,13.62676,8
2025-01-27T22:00:00-00:00,2025-01-27T23:00:00-00:00,2025-01-27,15,0,Hourly,RD,AS_SP26_EXP,DAM,RD_CLR_PRC,0,8
2025-01-28T00:00:00-00:00,2025-01-28T01:00:00-00:00,2025-01-27,17,0,Hourly,RD,AS_SP26,DAM,RD_CLR_PRC,0,8
2025-01-28T01:00:00-00:00,2025-01-28T02:00:00-00:00,2025-01-27,18,0,Hourly,RD,AS_SP26_EXP,DAM,RD_CLR_PRC,0,8
2025-01-28T02:00:00-00:00,2025-01-28T03:00:00-00:00,2025-01-27,19,0,Hourly,RD,AS_NP26_EXP,DAM,RD_CLR_PRC,3.17,8
2025-01-28T03:00:00-00:00,2025-01-28T04:00:00-00:00,2025-01-27,20,0,Hourly,RD,AS_CAISO_EXP,DAM,RD_CLR_PRC,3.19,8
2025-01-28T04:00:00-00:00,2025-01-28T05:00:00-00:00,2025-01-27,21,0,Hourly,RD,AS_NP26,DAM,RD_CLR_PRC,0,8
2025-01-28T04:00:00-00:00,2025-01-28T05:00:00-00:00,2025-01-27,21,0,Hourly,RD,AS_SP26,DAM,RD_CLR_PRC,0,8
2025-01-28T04:00:00-00:00,2025-01-28T05:00:00-00:00,2025-01-27,21,0,Hourly,RD,AS_SP26_EXP,DAM,RD_CLR_PRC,0,8
2025-01-28T05:00:00-00:00,2025-01-28T06:00:00-00:00,2025-01-27,22,0,Hourly,RD,AS_SP26_EXP,DAM,RD_CLR_PRC,0,8
2025-01-28T06:00:00-00:00,2025-01-28T07:00:00-00:00,2025-01-27,23,0,Hourly,RD,AS_NP26,DAM,RD_CLR_PRC,0,8
2025-01-28T07:00:00-00:00,2025-01-28T08:00:00-00:00,2025-01-27,24,0,Hourly,RD,AS_CAISO_EXP,DAM,RD_CLR_PRC,4.69,8
2025-01-27T09:00:00-00:00,2025-01-27T10:00:00-00:00,2025-01-27,2,0,Hourly,RD,AS_NP26,DAM,RD_CLR_PRC,0,8
2025-01-27T09:00:00-00:00,2025-01-27T10:00:00-00:00,2025-01-27,2,0,Hourly,RD,AS_SP26,DAM,RD_CLR_PRC,0,8
2025-01-27T12:00:00-00:00,2025-01-27T13:00:00-00:00,2025-01-27,5,0,Hourly,RD,AS_CAISO,DAM,RD_CLR_PRC,0,8
2025-01-27T12:00:00-00:00,2025-01-27T13:00:00-00:00,2025-01-27,5,0,Hourly,RD,AS_SP26,DAM,RD_CLR_PRC,0,8
2025-01-27T14:00:00-00:00,2025-01-27T15:00:00-00:00,2025-01-27,7,0,Hourly,RD,AS_SP26_EXP,DAM,RD_CLR_PRC,0,8
2025-01-27T16:00:00-00:00,2025-01-27T17:00:00-00:00,2025-01-27,9,0,Hourly,RD,AS_CAISO_EXP,DAM,RD_CLR_PRC,7.95807,8
2025-01-27T16:00:00-00:00,2025-01-27T17:00:00-00:00,2025-01-27,9,0,Hourly,RD,AS_NP26_EXP,DAM,RD_CLR_PRC,7.04193,8
2025-01-27T17:00:00-00:00,2025-01-27T18:00:00-00:00,2025-01-27,10,0,Hourly,RD,AS_CAISO_EXP,DAM,RD_CLR_PRC,8.3371,8
2025-01-27T18:00:00-00:00,2025-01-27T19:00:00-00:00,2025-01-27,11,0,Hourly,RD,AS_SP26,DAM,RD_CLR_PRC,0,8
2025-01-27T20:00:00-00:00,2025-01-27T21:00:00-00:00,2025-01-27,13,0,Hourly,RD,AS_CAISO_EXP,DAM,RD_CLR_PRC,8.6242,8
2025-01-27T20:00:00-00:00,2025-01-27T21:00:00-00:00,2025-01-27,13,0,Hourly,RD,AS_NP26_EXP,DAM,RD_CLR_PRC,6.3758,8
2025-01-27T20:00:00-00:00,2025-01-27T21:00:00-00:00,2025-01-27,13,0,Hourly,RD,AS_SP26_EXP,DAM,RD_CLR_PRC,0,8
2025-01-27T21:00:00-00:00,2025-01-27T22:00:00-00:00,2025-01-27,14,0,Hourly,RD,AS_SP26_EXP,DAM,RD_CLR_PRC,0,8
2025-01-27T22:00:00-00:00,2025-01-27T23:00:00-00:00,2025-01-27,15,0,Hourly,RD,AS_SP26,DAM,RD_CLR_PRC,0,8
2025-01-28T00:00:00-00:00,2025-01-28T01:00:00-00:00,2025-01-27,17,0,Hourly,RD,AS_CAISO,DAM,RD_CLR_PRC,0,8
2025-01-28T01:00:00-00:00,2025-01-28T02:00:00-00:00,2025-01-27,18,0,Hourly,RD,AS_CAISO_EXP,DAM,RD_CLR_PRC,5.02,8
2025-01-28T03:00:00-00:00,2025-01-28T04:00:00-00:00,2025-01-27,20,0,Hourly,RD,AS_NP26,DAM,RD_CLR_PRC,0,8
2025-01-28T03:00:00-00:00,2025-01-28T04:00:00-00:00,2025-01-27,20,0,Hourly,RD,AS_NP26_EXP,DAM,RD_CLR_PRC,4.36,8
2025-01-28T05:00:00-00:00,2025-01-28T06:00:00-00:00,2025-01-27,22,0,Hourly,RD,AS_SP26,DAM,RD_CLR_PRC,0,8
2025-01-27T08:00:00-00:00,2025-01-27T09:00:00-00:00,2025-01-27,1,0,Hourly,RD,AS_SP26,DAM,RD_CLR_PRC,0,8
2025-01-27T09:00:00-00:00,2025-01-27T10:00:00-00:00,2025-01-27,2,0,Hourly,RD,AS_CAISO,DAM,RD_CLR_PRC,0,8
2025-01-27T09:00:00-00:00,2025-01-27T10:00:00-00:00,2025-01-27,2,0,Hourly,RD,AS_SP26_EXP,DAM,RD_CLR_PRC,0,8
2025-01-27T10:00:00-00:00,2025-01-27T11:00:00-00:00,2025-01-27,3,0,Hourly,RD,AS_CAISO_EXP,DAM,RD_CLR_PRC,3.82849,8
2025-01-27T11:00:00-00:00,2025-01-27T12:00:00-00:00,2025-01-27,4,0,Hourly,RD,AS_NP26,DAM,RD_CLR_PRC,0,8
2025-01-27T11:00:00-00:00,2025-01-27T12:00:00-00:00,2025-01-27,4,0,Hourly,RD,AS_NP26_EXP,DAM,RD_CLR_PRC,3.27249,8
2025-01-27T12:00:00-00:00,2025-01-27T13:00:00-00:00,2025-01-27,5,0,Hourly,RD,AS_NP26,DAM,RD_CLR_PRC,0,8
2025-01-27T13:00:00-00:00,2025-01-27T14:00:00-00:00,2025-01-27,6,0,Hourly,RD,AS_SP26_EXP,DAM,RD_CLR_PRC,0,8
2025-01-27T14:00:00-00:00,2025-01-27T15:00:00-00:00,2025-01-27,7,0,Hourly,RD,AS_CAISO,DAM,RD_CLR_PRC,0,8
2025-01-27T14:00:00-00:00,2025-01-27T15:00:00-00:00,2025-01-27,7,0,Hourly,RD,AS_NP26,DAM,RD_CLR_PRC,0,8
2025-01-27T14:00:00-00:00,2025-01-27T15:00:00-00:00,2025-01-27,7,0,Hourly,RD,AS_NP26_EXP,DAM,RD_CLR_PRC,1.33987,8
2025-01-27T15:00:00-00:00,2025-01-27T16:00:00-00:00,2025-01-27,8,0,Hourly,RD,AS_SP26_EXP,DAM,RD_CLR_PRC,0,8
2025-01-27T16:00:00-00:00,2025-01-27T17:00:00-00:00,2025-01-27,9,0,Hourly,RD,AS_SP26_EXP,DAM,RD_CLR_PRC,0,8
2025-01-27T17:00:00-00:00,2025-01-27T18:00:00-00:00,2025-01-27,10,0,Hourly,RD,AS_SP26,DAM,RD_CLR_PRC,0,8
2025-01-27T18:00:00-00:00,2025-01-27T19:00:00-00:00,2025-01-27,11,0,Hourly,RD,AS_CAISO_EXP,DAM,RD_CLR_PRC,5.98407,8
2025-01-27T21:00:00-00:00,2025-01-27T22:00:00-00:00,2025-01-27,14,0,Hourly,RD,AS_CAISO,DAM,RD_CLR_PRC,0,8
2025-01-27T21:00:00-00:00,2025-01-27T22:00:00-00:00,2025-01-27,14,0,Hourly,RD,AS_NP26,DAM,RD_CLR_PRC,0,8
2025-01-27T21:00:00-00:00,2025-01-27T22:00:00-00:00,2025-01-27,14,0,Hourly,RD,AS_NP26_EXP,DAM,RD_CLR_PRC,8.6911,8
2025-01-27T23:00:00-00:00,2025-01-28T00:00:00-00:00,2025-01-27,16,0,Hourly,RD,AS_CAISO_EXP,DAM,RD_CLR_PRC,8.32146,8
2025-01-27T23:00:00-00:00,2025-01-28T00:00:00-00:00,2025-01-27,16,0,Hourly,RD,AS_NP26_EXP,DAM,RD_CLR_PRC,1.51386,8
2025-01-28T00:00:00-00:00,2025-01-28T01:00:00-00:00,2025-01-27,17,0,Hourly,RD,AS_CAISO_EXP,DAM,RD_CLR_PRC,7.16649,8
2025-01-28T01:00:00-00:00,2025-01-28T02:00:00-00:00,2025-01-27,18,0,Hourly,RD,AS_NP26_EXP,DAM,RD_CLR_PRC,5.74153,8
2025-01-28T03:00:00-00:00,2025-01-28T04:00:00-00:00,2025-01-27,20,0,Hourly,RD,AS_CAISO,DAM,RD_CLR_PRC,0,8
2025-01-28T04:00:00-00:00,2025-01-28T05:00:00-00:00,2025-01-27,21,0,Hourly,RD,AS_CAISO_EXP,DAM,RD_CLR_PRC,5.36,8
2025-01-28T06:00:00-00:00,2025-01-28T07:00:00-00:00,2025-01-27,23,0,Hourly,RD,AS_NP26_EXP,DAM,RD_CLR_PRC,1.77433,8
2025-01-28T07:00:00-00:00,2025-01-28T08:00:00-00:00,2025-01-27,24,0,Hourly,RD,AS_SP26,DAM,RD_CLR_PRC,0,8
2025-01-27T08:00:00-00:00,2025-01-27T09:00:00-00:00,2025-01-27,1,0,Hourly,RD,AS_SP26_EXP,DAM,RD_CLR_PRC,0,8
2025-01-27T11:00:00-00:00,2025-01-27T12:00:00-00:00,2025-01-27,4,0,Hourly,RD,AS_CAISO,DAM,RD_CLR_PRC,0,8
2025-01-27T11:00:00-00:00,2025-01-27T12:00:00-00:00,2025-01-27,4,0,Hourly,RD,AS_SP26,DAM,RD_CLR_PRC,0,8
2025-01-27T17:00:00-00:00,2025-01-27T18:00:00-00:00,2025-01-27,10,0,Hourly,RD,AS_CAISO,DAM,RD_CLR_PRC,0,8
2025-01-27T18:00:00-00:00,2025-01-27T19:00:00-00:00,2025-01-27,11,0,Hourly,RD,AS_CAISO,DAM,RD_CLR_PRC,0,8
2025-01-27T19:00:00-00:00,2025-01-27T20:00:00-00:00,2025-01-27,12,0,Hourly,RD,AS_SP26_EXP,DAM,RD_CLR_PRC,0,8
2025-01-27T22:00:00-00:00,2025-01-27T23:00:00-00:00,2025-01-27,15,0,Hourly,RD,AS_NP26,DAM,RD_CLR_PRC,0,8
2025-01-27T22:00:00-00:00,2025-01-27T23:00:00-00:00,2025-01-27,15,0,Hourly,RD,AS_NP26_EXP,DAM,RD_CLR_PRC,3.73421,8
2025-01-27T23:00:00-00:00,2025-01-28T00:00:00-00:00,2025-01-27,16,0,Hourly,RD,AS_CAISO,DAM,RD_CLR_PRC,0,8
2025-01-28T00:00:00-00:00,2025-01-28T01:00:00-00:00,2025-01-27,17,0,Hourly,RD,AS_NP26_EXP,DAM,RD_CLR_PRC,7.83351,8
2025-01-28T02:00:00-00:00,2025-01-28T03:00:00-00:00,2025-01-27,19,0,Hourly,RD,AS_SP26,DAM,RD_CLR_PRC,0,8
2025-01-28T04:00:00-00:00,2025-01-28T05:00:00-00:00,2025-01-27,21,0,Hourly,RD,AS_NP26_EXP,DAM,RD_CLR_PRC,2.63,8
2025-01-28T05:00:00-00:00,2025-01-28T06:00:00-00:00,2025-01-27,22,0,Hourly,RD,AS_NP26_EXP,DAM,RD_CLR_PRC,2.99,8
2025-01-27T08:00:00-00:00,2025-01-27T09:00:00-00:00,2025-01-27,1,0,Hourly,RD,AS_NP26_EXP,DAM,RD_CLR_PRC,3.03584,8
2025-01-27T09:00:00-00:00,2025-01-27T10:00:00-00:00,2025-01-27,2,0,Hourly,RD,AS_CAISO_EXP,DAM,RD_CLR_PRC,3.37849,8
2025-01-27T10:00:00-00:00,2025-01-27T11:00:00-00:00,2025-01-27,3,0,Hourly,RD,AS_CAISO,DAM,RD_CLR_PRC,0,8
2025-01-27T10:00:00-00:00,2025-01-27T11:00:00-00:00,2025-01-27,3,0,Hourly,RD,AS_SP26,DAM,RD_CLR_PRC,0,8
2025-01-27T12:00:00-00:00,2025-01-27T13:00:00-00:00,2025-01-27,5,0,Hourly,RD,AS_NP26_EXP,DAM,RD_CLR_PRC,4.85863,8
2025-01-27T13:00:00-00:00,2025-01-27T14:00:00-00:00,2025-01-27,6,0,Hourly,RD,AS_SP26,DAM,RD_CLR_PRC,0,8
2025-01-27T08:00:00-00:00,2025-01-27T09:00:00-00:00,2025-01-27,1,0,Hourly,RD,AS_CAISO_EXP,DAM,RD_CLR_PRC,4.95416,8
2025-01-27T11:00:00-00:00,2025-01-27T12:00:00-00:00,2025-01-27,4,0,Hourly,RD,AS_CAISO_EXP,DAM,RD_CLR_PRC,3.39001,8
2025-01-27T13:00:00-00:00,2025-01-27T14:00:00-00:00,2025-01-27,6,0,Hourly,RD,AS_NP26,DAM,RD_CLR_PRC,0,8
2025-01-27T15:00:00-00:00,2025-01-27T16:00:00-00:00,2025-01-27,8,0,Hourly,RD,AS_CAISO,DAM,RD_CLR_PRC,0,8
2025-01-27T15:00:00-00:00,2025-01-27T16:00:00-00:00,2025-01-27,8,0,Hourly,RD,AS_CAISO_EXP,DAM,RD_CLR_PRC,9,8
2025-01-27T16:00:00-00:00,2025-01-27T17:00:00-00:00,2025-01-27,9,0,Hourly,RD,AS_NP26,DAM,RD_CLR_PRC,0,8
2025-01-27T16:00:00-00:00,2025-01-27T17:00:00-00:00,2025-01-27,9,0,Hourly,RD,AS_SP26,DAM,RD_CLR_PRC,0,8
2025-01-27T17:00:00-00:00,2025-01-27T18:00:00-00:00,2025-01-27,10,0,Hourly,RD,AS_NP26_EXP,DAM,RD_CLR_PRC,0.158,8
2025-01-27T19:00:00-00:00,2025-01-27T20:00:00-00:00,2025-01-27,12,0,Hourly,RD,AS_NP26_EXP,DAM,RD_CLR_PRC,1.27731,8
2025-01-27T20:00:00-00:00,2025-01-27T21:00:00-00:00,2025-01-27,13,0,Hourly,RD,AS_CAISO,DAM,RD_CLR_PRC,0,8
2025-01-27T21:00:00-00:00,2025-01-27T22:00:00-00:00,2025-01-27,14,0,Hourly,RD,AS_SP26,DAM,RD_CLR_PRC,0,8
2025-01-28T01:00:00-00:00,2025-01-28T02:00:00-00:00,2025-01-27,18,0,Hourly,RD,AS_NP26,DAM,RD_CLR_PRC,0,8
2025-01-28T02:00:00-00:00,2025-01-28T03:00:00-00:00,2025-01-27,19,0,Hourly,RD,AS_CAISO,DAM,RD_CLR_PRC,0,8
2025-01-28T02:00:00-00:00,2025-01-28T03:00:00-00:00,2025-01-27,19,0,Hourly,RD,AS_NP26,DAM,RD_CLR_PRC,0,8
2025-01-28T02:00:00-00:00,2025-01-28T03:00:00-00:00,2025-01-27,19,0,Hourly,RD,AS_SP26_EXP,DAM,RD_CLR_PRC,0,8
2025-01-28T05:00:00-00:00,2025-01-28T06:00:00-00:00,2025-01-27,22,0,Hourly,RD,AS_CAISO_EXP,DAM,RD_CLR_PRC,5,8
2025-01-28T06:00:00-00:00,2025-01-28T07:00:00-00:00,2025-01-27,23,0,Hourly,RD,AS_SP26,DAM,RD_CLR_PRC,0,8
2025-01-28T07:00:00-00:00,2025-01-28T08:00:00-00:00,2025-01-27,24,0,Hourly,RD,AS_NP26_EXP,DAM,RD_CLR_PRC,2.02,8
2025-01-27T08:00:00-00:00,2025-01-27T09:00:00-00:00,2025-01-27,1,0,Hourly,RD,AS_CAISO,DAM,RD_CLR_PRC,0,8
2025-01-27T13:00:00-00:00,2025-01-27T14:00:00-00:00,2025-01-27,6,0,Hourly,RD,AS_CAISO_EXP,DAM,RD_CLR_PRC,5,8
2025-01-27T15:00:00-00:00,2025-01-27T16:00:00-00:00,2025-01-27,8,0,Hourly,RD,AS_NP26,DAM,RD_CLR_PRC,0,8
2025-01-27T15:00:00-00:00,2025-01-27T16:00:00-00:00,2025-01-27,8,0,Hourly,RD,AS_SP26,DAM,RD_CLR_PRC,0,8
2025-01-27T18:00:00-00:00,2025-01-27T19:00:00-00:00,2025-01-27,11,0,Hourly,RD,AS_SP26_EXP,DAM,RD_CLR_PRC,0,8
2025-01-27T19:00:00-00:00,2025-01-27T20:00:00-00:00,2025-01-27,12,0,Hourly,RD,AS_CAISO,DAM,RD_CLR_PRC,0,8
2025-01-27T22:00:00-00:00,2025-01-27T23:00:00-00:00,2025-01-27,15,0,Hourly,RD,AS_CAISO,DAM,RD_CLR_PRC,0,8
2025-01-27T23:00:00-00:00,2025-01-28T00:00:00-00:00,2025-01-27,16,0,Hourly,RD,AS_SP26,DAM,RD_CLR_PRC,0,8
2025-01-27T08:00:00-00:00,2025-01-27T09:00:00-00:00,2025-01-27,1,0,Hourly,RD,AS_NP26,DAM,RD_CLR_PRC,0,8
2025-01-27T10:00:00-00:00,2025-01-27T11:00:00-00:00,2025-01-27,3,0,Hourly,RD,AS_NP26,DAM,RD_CLR_PRC,0,8
2025-01-27T10:00:00-00:00,2025-01-27T11:00:00-00:00,2025-01-27,3,0,Hourly,RD,AS_NP26_EXP,DAM,RD_CLR_PRC,4.05547,8
2025-01-27T11:00:00-00:00,2025-01-27T12:00:00-00:00,2025-01-27,4,0,Hourly,RD,AS_SP26_EXP,DAM,RD_CLR_PRC,0,8
2025-01-27T12:00:00-00:00,2025-01-27T13:00:00-00:00,2025-01-27,5,0,Hourly,RD,AS_CAISO_EXP,DAM,RD_CLR_PRC,3.13137,8
2025-01-27T17:00:00-00:00,2025-01-27T18:00:00-00:00,2025-01-27,10,0,Hourly,RD,AS_NP26,DAM,RD_CLR_PRC,0,8
2025-01-27T18:00:00-00:00,2025-01-27T19:00:00-00:00,2025-01-27,11,0,Hourly,RD,AS_NP26_EXP,DAM,RD_CLR_PRC,5.71187,8
2025-01-27T19:00:00-00:00,2025-01-27T20:00:00-00:00,2025-01-27,12,0,Hourly,RD,AS_NP26,DAM,RD_CLR_PRC,0,8
2025-01-27T20:00:00-00:00,2025-01-27T21:00:00-00:00,2025-01-27,13,0,Hourly,RD,AS_NP26,DAM,RD_CLR_PRC,0,8
2025-01-27T23:00:00-00:00,2025-01-28T00:00:00-00:00,2025-01-27,16,0,Hourly,RD,AS_SP26_EXP,DAM,RD_CLR_PRC,0,8
2025-01-28T00:00:00-00:00,2025-01-28T01:00:00-00:00,2025-01-27,17,0,Hourly,RD,AS_NP26,DAM,RD_CLR_PRC,0,8
2025-01-28T00:00:00-00:00,2025-01-28T01:00:00-00:00,2025-01-27,17,0,Hourly,RD,AS_SP26_EXP,DAM,RD_CLR_PRC,0,8
2025-01-28T01:00:00-00:00,2025-01-28T02:00:00-00:00,2025-01-27,18,0,Hourly,RD,AS_CAISO,DAM,RD_CLR_PRC,0,8
2025-01-28T01:00:00-00:00,2025-01-28T02:00:00-00:00,2025-01-27,18,0,Hourly,RD,AS_SP26,DAM,RD_CLR_PRC,0,8
2025-01-28T02:00:00-00:00,2025-01-28T03:00:00-00:00,2025-01-27,19,0,Hourly,RD,AS_CAISO_EXP,DAM,RD_CLR_PRC,5.77,8
2025-01-28T03:00:00-00:00,2025-01-28T04:00:00-00:00,2025-01-27,20,0,Hourly,RD,AS_SP26_EXP,DAM,RD_CLR_PRC,0,8
2025-01-28T04:00:00-00:00,2025-01-28T05:00:00-00:00,2025-01-27,21,0,Hourly,RD,AS_CAISO,DAM,RD_CLR_PRC,0,8
2025-01-28T05:00:00-00:00,2025-01-28T06:00:00-00:00,2025-01-27,22,0,Hourly,RD,AS_NP26,DAM,RD_CLR_PRC,0,8
2025-01-28T06:00:00-00:00,2025-01-28T07:00:00-00:00,2025-01-27,23,0,Hourly,RD,AS_CAISO,DAM,RD_CLR_PRC,0,8
2025-01-27T09:00:00-00:00,2025-01-27T10:00:00-00:00,2025-01-27,2,0,Hourly,RD,AS_NP26_EXP,DAM,RD_CLR_PRC,3.89653,8
2025-01-27T10:00:00-00:00,2025-01-27T11:00:00-00:00,2025-01-27,3,0,Hourly,RD,AS_SP26_EXP,DAM,RD_CLR_PRC,0,8
2025-01-27T12:00:00-00:00,2025-01-27T13:00:00-00:00,2025-01-27,5,0,Hourly,RD,AS_SP26_EXP,DAM,RD_CLR_PRC,0,8
2025-01-27T13:00:00-00:00,2025-01-27T14:00:00-00:00,2025-01-27,6,0,Hourly,RD,AS_CAISO,DAM,RD_CLR_PRC,0,8
2025-01-27T13:00:00-00:00,2025-01-27T14:00:00-00:00,2025-01-27,6,0,Hourly,RD,AS_NP26_EXP,DAM,RD_CLR_PRC,2.99,8
2025-01-27T15:00:00-00:00,2025-01-27T16:00:00-00:00,2025-01-27,8,0,Hourly,RD,AS_NP26_EXP,DAM,RD_CLR_PRC,0,8
2025-01-27T16:00:00-00:00,2025-01-27T17:00:00-00:00,2025-01-27,9,0,Hourly,RD,AS_CAISO,DAM,RD_CLR_PRC,0,8
2025-01-27T17:00:00-00:00,2025-01-27T18:00:00-00:00,2025-01-27,10,0,Hourly,RD,AS_SP26_EXP,DAM,RD_CLR_PRC,0,8
2025-01-27T19:00:00-00:00,2025-01-27T20:00:00-00:00,2025-01-27,12,0,Hourly,RD,AS_CAISO_EXP,DAM,RD_CLR_PRC,7,8
2025-01-27T19:00:00-00:00,2025-01-27T20:00:00-00:00,2025-01-27,12,0,Hourly,RD,AS_SP26,DAM,RD_CLR_PRC,0,8
2025-01-27T22:00:00-00:00,2025-01-27T23:00:00-00:00,2025-01-27,15,0,Hourly,RD,AS_CAISO_EXP,DAM,RD_CLR_PRC,12,8
2025-01-27T23:00:00-00:00,2025-01-28T00:00:00-00:00,2025-01-27,16,0,Hourly,RD,AS_NP26,DAM,RD_CLR_PRC,0,8
2025-01-28T03:00:00-00:00,2025-01-28T04:00:00-00:00,2025-01-27,20,0,Hourly,RD,AS_SP26,DAM,RD_CLR_PRC,0,8
2025-01-28T05:00:00-00:00,2025-01-28T06:00:00-00:00,2025-01-27,22,0,Hourly,RD,AS_CAISO,DAM,RD_CLR_PRC,0,8
2025-01-28T06:00:00-00:00,2025-01-28T07:00:00-00:00,2025-01-27,23,0,Hourly,RD,AS_CAISO_EXP,DAM,RD_CLR_PRC,2.22567,8
2025-01-28T06:00:00-00:00,2025-01-28T07:00:00-00:00,2025-01-27,23,0,Hourly,RD,AS_SP26_EXP,DAM,RD_CLR_PRC,0,8
2025-01-28T07:00:00-00:00,2025-01-28T08:00:00-00:00,2025-01-27,24,0,Hourly,RD,AS_CAISO,DAM,RD_CLR_PRC,0,8
2025-01-28T07:00:00-00:00,2025-01-28T08:00:00-00:00,2025-01-27,24,0,Hourly,RD,AS_NP26,DAM,RD_CLR_PRC,0,8
2025-01-28T07:00:00-00:00,2025-01-28T08:00:00-00:00,2025-01-27,24,0,Hourly,RD,AS_SP26_EXP,DAM,RD_CLR_PRC,0,8
2025-01-28T08:00:00-00:00,2025-01-28T09:00:00-00:00,2025-01-28,1,0,Hourly,RD,AS_SP26_EXP,DAM,RD_CLR_PRC,0,9
2025-01-28T10:00:00-00:00,2025-01-28T11:00:00-00:00,2025-01-28,3,0,Hourly,RD,AS_CAISO_EXP,DAM,RD_CLR_PRC,4.57261,9
2025-01-28T10:00:00-00:00,2025-01-28T11:00:00-00:00,2025-01-28,3,0,Hourly,RD,AS_NP26,DAM,RD_CLR_PRC,0,9
2025-01-28T10:00:00-00:00,2025-01-28T11:00:00-00:00,2025-01-28,3,0,Hourly,RD,AS_SP26,DAM,RD_CLR_PRC,0,9
2025-01-28T11:00:00-00:00,2025-01-28T12:00:00-00:00,2025-01-28,4,0,Hourly,RD,AS_CAISO,DAM,RD_CLR_PRC,0,9
2025-01-28T12:00:00-00:00,2025-01-28T13:00:00-00:00,2025-01-28,5,0,Hourly,RD,AS_SP26_EXP,DAM,RD_CLR_PRC,0,9
2025-01-28T13:00:00-00:00,2025-01-28T14:00:00-00:00,2025-01-28,6,0,Hourly,RD,AS_SP26,DAM,RD_CLR_PRC,0,9
2025-01-28T14:00:00-00:00,2025-01-28T15:00:00-00:00,2025-01-28,7,0,Hourly,RD,AS_CAISO,DAM,RD_CLR_PRC,0,9
2025-01-28T14:00:00-00:00,2025-01-28T15:00:00-00:00,2025-01-28,7,0,Hourly,RD,AS_NP26_EXP,DAM,RD_CLR_PRC,0.99,9
2025-01-28T16:00:00-00:00,2025-01-28T17:00:00-00:00,2025-01-28,9,0,Hourly,RD,AS_NP26,DAM,RD_CLR_PRC,0,9
2025-01-28T19:00:00-00:00,2025-01-28T20:00:00-00:00,2025-01-28,12,0,Hourly,RD,AS_NP26,DAM,RD_CLR_PRC,0,9
2025-01-28T23:00:00-00:00,2025-01-29T00:00:00-00:00,2025-01-28,16,0,Hourly,RD,AS_CAISO,DAM,RD_CLR_PRC,0,9
2025-01-28T23:00:00-00:00,2025-01-29T00:00:00-00:00,2025-01-28,16,0,Hourly,RD,AS_CAISO_EXP,DAM,RD_CLR_PRC,10.91,9
2025-01-29T03:00:00-00:00,2025-01-29T04:00:00-00:00,2025-01-28,20,0,Hourly,RD,AS_CAISO_EXP,DAM,RD_CLR_PRC,7.04,9
2025-01-29T04:00:00-00:00,2025-01-29T05:00:00-00:00,2025-01-28,21,0,Hourly,RD,AS_SP26,DAM,RD_CLR_PRC,0,9
2025-01-29T05:00:00-00:00,2025-01-29T06:00:00-00:00,2025-01-28,22,0,Hourly,RD,AS_SP26,DAM,RD_CLR_PRC,0,9
2025-01-28T18:00:00-00:00,2025-01-28T19:00:00-00:00,2025-01-28,11,0,Hourly,RD,AS_SP26_EXP,DAM,RD_CLR_PRC,0,9
2025-01-28T19:00:00-00:00,2025-01-28T20:00:00-00:00,2025-01-28,12,0,Hourly,RD,AS_CAISO_EXP,DAM,RD_CLR_PRC,11.11752,9
2025-01-28T19:00:00-00:00,2025-01-28T20:00:00-00:00,2025-01-28,12,0,Hourly,RD,AS_SP26,DAM,RD_CLR_PRC,0,9
2025-01-28T21:00:00-00:00,2025-01-28T22:00:00-00:00,2025-01-28,14,0,Hourly,RD,AS_NP26,DAM,RD_CLR_PRC,0,9
2025-01-29T01:00:00-00:00,2025-01-29T02:00:00-00:00,2025-01-28,18,0,Hourly,RD,AS_SP26_EXP,DAM,RD_CLR_PRC,0,9
2025-01-29T02:00:00-00:00,2025-01-29T03:00:00-00:00,2025-01-28,19,0,Hourly,RD,AS_CAISO_EXP,DAM,RD_CLR_PRC,6,9
2025-01-29T02:00:00-00:00,2025-01-29T03:00:00-00:00,2025-01-28,19,0,Hourly,RD,AS_NP26,DAM,RD_CLR_PRC,0,9
2025-01-29T02:00:00-00:00,2025-01-29T03:00:00-00:00,2025-01-28,19,0,Hourly,RD,AS_NP26_EXP,DAM,RD_CLR_PRC,5.26807,9
2025-01-29T05:00:00-00:00,2025-01-29T06:00:00-00:00,2025-01-28,22,0,Hourly,RD,AS_CAISO_EXP,DAM,RD_CLR_PRC,4,9
2025-01-29T06:00:00-00:00,2025-01-29T07:00:00-00:00,2025-01-28,23,0,Hourly,RD,AS_NP26_EXP,DAM,RD_CLR_PRC,0,9
2025-01-29T06:00:00-00:00,2025-01-29T07:00:00-00:00,2025-01-28,23,0,Hourly,RD,AS_SP26_EXP,DAM,RD_CLR_PRC,0,9
2025-01-28T08:00:00-00:00,2025-01-28T09:00:00-00:00,2025-01-28,1,0,Hourly,RD,AS_CAISO_EXP,DAM,RD_CLR_PRC,7.20079,9
2025-01-28T11:00:00-00:00,2025-01-28T12:00:00-00:00,2025-01-28,4,0,Hourly,RD,AS_NP26_EXP,DAM,RD_CLR_PRC,5.02566,9
2025-01-28T11:00:00-00:00,2025-01-28T12:00:00-00:00,2025-01-28,4,0,Hourly,RD,AS_SP26,DAM,RD_CLR_PRC,0,9
2025-01-28T13:00:00-00:00,2025-01-28T14:00:00-00:00,2025-01-28,6,0,Hourly,RD,AS_NP26_EXP,DAM,RD_CLR_PRC,7.29,9
2025-01-28T14:00:00-00:00,2025-01-28T15:00:00-00:00,2025-01-28,7,0,Hourly,RD,AS_NP26,DAM,RD_CLR_PRC,0,9
2025-01-28T14:00:00-00:00,2025-01-28T15:00:00-00:00,2025-01-28,7,0,Hourly,RD,AS_SP26,DAM,RD_CLR_PRC,0,9
2025-01-28T15:00:00-00:00,2025-01-28T16:00:00-00:00,2025-01-28,8,0,Hourly,RD,AS_CAISO,DAM,RD_CLR_PRC,0,9
2025-01-28T17:00:00-00:00,2025-01-28T18:00:00-00:00,2025-01-28,10,0,Hourly,RD,AS_NP26,DAM,RD_CLR_PRC,0,9
2025-01-28T20:00:00-00:00,2025-01-28T21:00:00-00:00,2025-01-28,13,0,Hourly,RD,AS_CAISO,DAM,RD_CLR_PRC,0,9
2025-01-28T20:00:00-00:00,2025-01-28T21:00:00-00:00,2025-01-28,13,0,Hourly,RD,AS_SP26_EXP,DAM,RD_CLR_PRC,0,9
2025-01-28T23:00:00-00:00,2025-01-29T00:00:00-00:00,2025-01-28,16,0,Hourly,RD,AS_NP26_EXP,DAM,RD_CLR_PRC,3.48764,9
2025-01-29T00:00:00-00:00,2025-01-29T01:00:00-00:00,2025-01-28,17,0,Hourly,RD,AS_CAISO,DAM,RD_CLR_PRC,0,9
2025-01-29T01:00:00-00:00,2025-01-29T02:00:00-00:00,2025-01-28,18,0,Hourly,RD,AS_NP26_EXP,DAM,RD_CLR_PRC,5.44,9
2025-01-29T01:00:00-00:00,2025-01-29T02:00:00-00:00,2025-01-28,18,0,Hourly,RD,AS_SP26,DAM,RD_CLR_PRC,0,9
2025-01-29T04:00:00-00:00,2025-01-29T05:00:00-00:00,2025-01-28,21,0,Hourly,RD,AS_NP26,DAM,RD_CLR_PRC,0,9
2025-01-29T05:00:00-00:00,2025-01-29T06:00:00-00:00,2025-01-28,22,0,Hourly,RD,AS_CAISO,DAM,RD_CLR_PRC,0,9
2025-01-29T05:00:00-00:00,2025-01-29T06:00:00-00:00,2025-01-28,22,0,Hourly,RD,AS_NP26_EXP,DAM,RD_CLR_PRC,3.99,9
2025-01-29T06:00:00-00:00,2025-01-29T07:00:00-00:00,2025-01-28,23,0,Hourly,RD,AS_CAISO_EXP,DAM,RD_CLR_PRC,4.86645,9
2025-01-29T07:00:00-00:00,2025-01-29T08:00:00-00:00,2025-01-28,24,0,Hourly,RD,AS_NP26,DAM,RD_CLR_PRC,0,9
2025-01-28T08:00:00-00:00,2025-01-28T09:00:00-00:00,2025-01-28,1,0,Hourly,RD,AS_NP26_EXP,DAM,RD_CLR_PRC,3.77003,9
2025-01-28T09:00:00-00:00,2025-01-28T10:00:00-00:00,2025-01-28,2,0,Hourly,RD,AS_SP26,DAM,RD_CLR_PRC,0,9
2025-01-28T12:00:00-00:00,2025-01-28T13:00:00-00:00,2025-01-28,5,0,Hourly,RD,AS_NP26_EXP,DAM,RD_CLR_PRC,4.49,9
2025-01-28T12:00:00-00:00,2025-01-28T13:00:00-00:00,2025-01-28,5,0,Hourly,RD,AS_SP26,DAM,RD_CLR_PRC,0,9
2025-01-28T13:00:00-00:00,2025-01-28T14:00:00-00:00,2025-01-28,6,0,Hourly,RD,AS_CAISO,DAM,RD_CLR_PRC,0,9
2025-01-28T13:00:00-00:00,2025-01-28T14:00:00-00:00,2025-01-28,6,0,Hourly,RD,AS_NP26,DAM,RD_CLR_PRC,0,9
2025-01-28T14:00:00-00:00,2025-01-28T15:00:00-00:00,2025-01-28,7,0,Hourly,RD,AS_CAISO_EXP,DAM,RD_CLR_PRC,7,9
2025-01-28T15:00:00-00:00,2025-01-28T16:00:00-00:00,2025-01-28,8,0,Hourly,RD,AS_SP26,DAM,RD_CLR_PRC,0,9
2025-01-28T16:00:00-00:00,2025-01-28T17:00:00-00:00,2025-01-28,9,0,Hourly,RD,AS_NP26_EXP,DAM,RD_CLR_PRC,6.39843,9
2025-01-28T17:00:00-00:00,2025-01-28T18:00:00-00:00,2025-01-28,10,0,Hourly,RD,AS_SP26_EXP,DAM,RD_CLR_PRC,0,9
2025-01-28T18:00:00-00:00,2025-01-28T19:00:00-00:00,2025-01-28,11,0,Hourly,RD,AS_CAISO_EXP,DAM,RD_CLR_PRC,9.12677,9
2025-01-28T18:00:00-00:00,2025-01-28T19:00:00-00:00,2025-01-28,11,0,Hourly,RD,AS_NP26,DAM,RD_CLR_PRC,0,9
2025-01-28T19:00:00-00:00,2025-01-28T20:00:00-00:00,2025-01-28,12,0,Hourly,RD,AS_CAISO,DAM,RD_CLR_PRC,0,9
2025-01-28T22:00:00-00:00,2025-01-28T23:00:00-00:00,2025-01-28,15,0,Hourly,RD,AS_CAISO_EXP,DAM,RD_CLR_PRC,16.724,9
2025-01-28T22:00:00-00:00,2025-01-28T23:00:00-00:00,2025-01-28,15,0,Hourly,RD,AS_NP26_EXP,DAM,RD_CLR_PRC,5.31402,9
2025-01-28T23:00:00-00:00,2025-01-29T00:00:00-00:00,2025-01-28,16,0,Hourly,RD,AS_SP26,DAM,RD_CLR_PRC,0,9
2025-01-28T23:00:00-00:00,2025-01-29T00:00:00-00:00,2025-01-28,16,0,Hourly,RD,AS_SP26_EXP,DAM,RD_CLR_PRC,0,9
2025-01-29T00:00:00-00:00,2025-01-29T01:00:00-00:00,2025-01-28,17,0,Hourly,RD,AS_SP26_EXP,DAM,RD_CLR_PRC,0,9
2025-01-28T11:00:00-00:00,2025-01-28T12:00:00-00:00,2025-01-28,4,0,Hourly,RD,AS_SP26_EXP,DAM,RD_CLR_PRC,0,9
2025-01-28T12:00:00-00:00,2025-01-28T13:00:00-00:00,2025-01-28,5,0,Hourly,RD,AS_CAISO,DAM,RD_CLR_PRC,0,9
2025-01-28T13:00:00-00:00,2025-01-28T14:00:00-00:00,2025-01-28,6,0,Hourly,RD,AS_CAISO_EXP,DAM,RD_CLR_PRC,0.7,9
2025-01-28T14:00:00-00:00,2025-01-28T15:00:00-00:00,2025-01-28,7,0,Hourly,RD,AS_SP26_EXP,DAM,RD_CLR_PRC,0,9
2025-01-28T17:00:00-00:00,2025-01-28T18:00:00-00:00,2025-01-28,10,0,Hourly,RD,AS_CAISO,DAM,RD_CLR_PRC,0,9
2025-01-28T19:00:00-00:00,2025-01-28T20:00:00-00:00,2025-01-28,12,0,Hourly,RD,AS_SP26_EXP,DAM,RD_CLR_PRC,0,9
2025-01-28T21:00:00-00:00,2025-01-28T22:00:00-00:00,2025-01-28,14,0,Hourly,RD,AS_NP26_EXP,DAM,RD_CLR_PRC,13.27011,9
2025-01-28T22:00:00-00:00,2025-01-28T23:00:00-00:00,2025-01-28,15,0,Hourly,RD,AS_SP26,DAM,RD_CLR_PRC,0,9
2025-01-29T00:00:00-00:00,2025-01-29T01:00:00-00:00,2025-01-28,17,0,Hourly,RD,AS_CAISO_EXP,DAM,RD_CLR_PRC,7.60836,9
2025-01-29T02:00:00-00:00,2025-01-29T03:00:00-00:00,2025-01-28,19,0,Hourly,RD,AS_CAISO,DAM,RD_CLR_PRC,0,9
2025-01-29T03:00:00-00:00,2025-01-29T04:00:00-00:00,2025-01-28,20,0,Hourly,RD,AS_CAISO,DAM,RD_CLR_PRC,0,9
2025-01-29T03:00:00-00:00,2025-01-29T04:00:00-00:00,2025-01-28,20,0,Hourly,RD,AS_SP26,DAM,RD_CLR_PRC,0,9
2025-01-29T04:00:00-00:00,2025-01-29T05:00:00-00:00,2025-01-28,21,0,Hourly,RD,AS_NP26_EXP,DAM,RD_CLR_PRC,3.99,9
2025-01-29T06:00:00-00:00,2025-01-29T07:00:00-00:00,2025-01-28,23,0,Hourly,RD,AS_CAISO,DAM,RD_CLR_PRC,0,9
2025-01-29T07:00:00-00:00,2025-01-29T08:00:00-00:00,2025-01-28,24,0,Hourly,RD,AS_SP26_EXP,DAM,RD_CLR_PRC,0,9
2025-01-28T08:00:00-00:00,2025-01-28T09:00:00-00:00,2025-01-28,1,0,Hourly,RD,AS_SP26,DAM,RD_CLR_PRC,0,9
2025-01-28T08:00:00-00:00,2025-01-28T09:00:00-00:00,2025-01-28,1,0,Hourly,RD,AS_CAISO,DAM,RD_CLR_PRC,0,9
2025-01-28T09:00:00-00:00,2025-01-28T10:00:00-00:00,2025-01-28,2,0,Hourly,RD,AS_NP26_EXP,DAM,RD_CLR_PRC,0,9
2025-01-28T11:00:00-00:00,2025-01-28T12:00:00-00:00,2025-01-28,4,0,Hourly,RD,AS_NP26,DAM,RD_CLR_PRC,0,9
2025-01-28T15:00:00-00:00,2025-01-28T16:00:00-00:00,2025-01-28,8,0,Hourly,RD,AS_NP26,DAM,RD_CLR_PRC,0,9
2025-01-28T15:00:00-00:00,2025-01-28T16:00:00-00:00,2025-01-28,8,0,Hourly,RD,AS_NP26_EXP,DAM,RD_CLR_PRC,4.02752,9
2025-01-28T17:00:00-00:00,2025-01-28T18:00:00-00:00,2025-01-28,10,0,Hourly,RD,AS_NP26_EXP,DAM,RD_CLR_PRC,5.71978,9
2025-01-28T19:00:00-00:00,2025-01-28T20:00:00-00:00,2025-01-28,12,0,Hourly,RD,AS_NP26_EXP,DAM,RD_CLR_PRC,0,9
2025-01-28T20:00:00-00:00,2025-01-28T21:00:00-00:00,2025-01-28,13,0,Hourly,RD,AS_NP26_EXP,DAM,RD_CLR_PRC,0,9
2025-01-28T21:00:00-00:00,2025-01-28T22:00:00-00:00,2025-01-28,14,0,Hourly,RD,AS_SP26,DAM,RD_CLR_PRC,0,9
2025-01-28T21:00:00-00:00,2025-01-28T22:00:00-00:00,2025-01-28,14,0,Hourly,RD,AS_SP26_EXP,DAM,RD_CLR_PRC,0,9
2025-01-28T22:00:00-00:00,2025-01-28T23:00:00-00:00,2025-01-28,15,0,Hourly,RD,AS_NP26,DAM,RD_CLR_PRC,0,9
2025-01-29T00:00:00-00:00,2025-01-29T01:00:00-00:00,2025-01-28,17,0,Hourly,RD,AS_NP26,DAM,RD_CLR_PRC,0,9
2025-01-29T00:00:00-00:00,2025-01-29T01:00:00-00:00,2025-01-28,17,0,Hourly,RD,AS_NP26_EXP,DAM,RD_CLR_PRC,1.62224,9
2025-01-29T01:00:00-00:00,2025-01-29T02:00:00-00:00,2025-01-28,18,0,Hourly,RD,AS_CAISO,DAM,RD_CLR_PRC,0,9
2025-01-29T01:00:00-00:00,2025-01-29T02:00:00-00:00,2025-01-28,18,0,Hourly,RD,AS_NP26,DAM,RD_CLR_PRC,0,9
2025-01-29T02:00:00-00:00,2025-01-29T03:00:00-00:00,2025-01-28,19,0,Hourly,RD,AS_SP26,DAM,RD_CLR_PRC,0,9
2025-01-29T04:00:00-00:00,2025-01-29T05:00:00-00:00,2025-01-28,21,0,Hourly,RD,AS_CAISO,DAM,RD_CLR_PRC,0,9
2025-01-29T04:00:00-00:00,2025-01-29T05:00:00-00:00,2025-01-28,21,0,Hourly,RD,AS_CAISO_EXP,DAM,RD_CLR_PRC,4,9
2025-01-29T04:00:00-00:00,2025-01-29T05:00:00-00:00,2025-01-28,21,0,Hourly,RD,AS_SP26_EXP,DAM,RD_CLR_PRC,0,9
2025-01-29T05:00:00-00:00,2025-01-29T06:00:00-00:00,2025-01-28,22,0,Hourly,RD,AS_SP26_EXP,DAM,RD_CLR_PRC,0,9
2025-01-29T06:00:00-00:00,2025-01-29T07:00:00-00:00,2025-01-28,23,0,Hourly,RD,AS_NP26,DAM,RD_CLR_PRC,0,9
2025-01-29T07:00:00-00:00,2025-01-29T08:00:00-00:00,2025-01-28,24,0,Hourly,RD,AS_CAISO_EXP,DAM,RD_CLR_PRC,4.00327,9
2025-01-29T07:00:00-00:00,2025-01-29T08:00:00-00:00,2025-01-28,24,0,Hourly,RD,AS_SP26,DAM,RD_CLR_PRC,0,9
2025-01-28T12:00:00-00:00,2025-01-28T13:00:00-00:00,2025-01-28,5,0,Hourly,RD,AS_CAISO_EXP,DAM,RD_CLR_PRC,3.5,9
2025-01-28T15:00:00-00:00,2025-01-28T16:00:00-00:00,2025-01-28,8,0,Hourly,RD,AS_CAISO_EXP,DAM,RD_CLR_PRC,10.97248,9
2025-01-28T16:00:00-00:00,2025-01-28T17:00:00-00:00,2025-01-28,9,0,Hourly,RD,AS_CAISO,DAM,RD_CLR_PRC,0,9
2025-01-28T20:00:00-00:00,2025-01-28T21:00:00-00:00,2025-01-28,13,0,Hourly,RD,AS_CAISO_EXP,DAM,RD_CLR_PRC,15.55007,9
2025-01-28T20:00:00-00:00,2025-01-28T21:00:00-00:00,2025-01-28,13,0,Hourly,RD,AS_NP26,DAM,RD_CLR_PRC,0,9
2025-01-28T21:00:00-00:00,2025-01-28T22:00:00-00:00,2025-01-28,14,0,Hourly,RD,AS_CAISO_EXP,DAM,RD_CLR_PRC,18.75842,9
2025-01-28T22:00:00-00:00,2025-01-28T23:00:00-00:00,2025-01-28,15,0,Hourly,RD,AS_SP26_EXP,DAM,RD_CLR_PRC,0,9
2025-01-28T23:00:00-00:00,2025-01-29T00:00:00-00:00,2025-01-28,16,0,Hourly,RD,AS_NP26,DAM,RD_CLR_PRC,0,9
2025-01-29T02:00:00-00:00,2025-01-29T03:00:00-00:00,2025-01-28,19,0,Hourly,RD,AS_SP26_EXP,DAM,RD_CLR_PRC,0,9
2025-01-29T03:00:00-00:00,2025-01-29T04:00:00-00:00,2025-01-28,20,0,Hourly,RD,AS_NP26,DAM,RD_CLR_PRC,0,9
2025-01-29T03:00:00-00:00,2025-01-29T04:00:00-00:00,2025-01-28,20,0,Hourly,RD,AS_SP26_EXP,DAM,RD_CLR_PRC,0,9
2025-01-29T05:00:00-00:00,2025-01-29T06:00:00-00:00,2025-01-28,22,0,Hourly,RD,AS_NP26,DAM,RD_CLR_PRC,0,9
2025-01-29T07:00:00-00:00,2025-01-29T08:00:00-00:00,2025-01-28,24,0,Hourly,RD,AS_NP26_EXP,DAM,RD_CLR_PRC,2.99673,9
2025-01-29T07:00:00-00:00,2025-01-29T08:00:00-00:00,2025-01-28,24,0,Hourly,RD,AS_CAISO,DAM,RD_CLR_PRC,0,9
2025-01-28T09:00:00-00:00,2025-01-28T10:00:00-00:00,2025-01-28,2,0,Hourly,RD,AS_CAISO_EXP,DAM,RD_CLR_PRC,3.97261,9
2025-01-28T09:00:00-00:00,2025-01-28T10:00:00-00:00,2025-01-28,2,0,Hourly,RD,AS_SP26_EXP,DAM,RD_CLR_PRC,0,9
2025-01-28T10:00:00-00:00,2025-01-28T11:00:00-00:00,2025-01-28,3,0,Hourly,RD,AS_SP26_EXP,DAM,RD_CLR_PRC,0,9
2025-01-28T16:00:00-00:00,2025-01-28T17:00:00-00:00,2025-01-28,9,0,Hourly,RD,AS_CAISO_EXP,DAM,RD_CLR_PRC,8.60157,9
2025-01-28T16:00:00-00:00,2025-01-28T17:00:00-00:00,2025-01-28,9,0,Hourly,RD,AS_SP26,DAM,RD_CLR_PRC,0,9
2025-01-28T16:00:00-00:00,2025-01-28T17:00:00-00:00,2025-01-28,9,0,Hourly,RD,AS_SP26_EXP,DAM,RD_CLR_PRC,0,9
2025-01-28T17:00:00-00:00,2025-01-28T18:00:00-00:00,2025-01-28,10,0,Hourly,RD,AS_CAISO_EXP,DAM,RD_CLR_PRC,4.23326,9
2025-01-28T18:00:00-00:00,2025-01-28T19:00:00-00:00,2025-01-28,11,0,Hourly,RD,AS_CAISO,DAM,RD_CLR_PRC,0,9
2025-01-28T18:00:00-00:00,2025-01-28T19:00:00-00:00,2025-01-28,11,0,Hourly,RD,AS_NP26_EXP,DAM,RD_CLR_PRC,0.22811,9
2025-01-28T20:00:00-00:00,2025-01-28T21:00:00-00:00,2025-01-28,13,0,Hourly,RD,AS_SP26,DAM,RD_CLR_PRC,0,9
2025-01-28T21:00:00-00:00,2025-01-28T22:00:00-00:00,2025-01-28,14,0,Hourly,RD,AS_CAISO,DAM,RD_CLR_PRC,0,9
2025-01-28T22:00:00-00:00,2025-01-28T23:00:00-00:00,2025-01-28,15,0,Hourly,RD,AS_CAISO,DAM,RD_CLR_PRC,0,9
2025-01-29T00:00:00-00:00,2025-01-29T01:00:00-00:00,2025-01-28,17,0,Hourly,RD,AS_SP26,DAM,RD_CLR_PRC,0,9
2025-01-29T01:00:00-00:00,2025-01-29T02:00:00-00:00,2025-01-28,18,0,Hourly,RD,AS_CAISO_EXP,DAM,RD_CLR_PRC,7.04,9
2025-01-29T03:00:00-00:00,2025-01-29T04:00:00-00:00,2025-01-28,20,0,Hourly,RD,AS_NP26_EXP,DAM,RD_CLR_PRC,0.95,9
2025-01-29T06:00:00-00:00,2025-01-29T07:00:00-00:00,2025-01-28,23,0,Hourly,RD,AS_SP26,DAM,RD_CLR_PRC,0,9
2025-01-28T08:00:00-00:00,2025-01-28T09:00:00-00:00,2025-01-28,1,0,Hourly,RD,AS_NP26,DAM,RD_CLR_PRC,0,9
2025-01-28T09:00:00-00:00,2025-01-28T10:00:00-00:00,2025-01-28,2,0,Hourly,RD,AS_CAISO,DAM,RD_CLR_PRC,0,9
2025-01-28T09:00:00-00:00,2025-01-28T10:00:00-00:00,2025-01-28,2,0,Hourly,RD,AS_NP26,DAM,RD_CLR_PRC,0,9
2025-01-28T10:00:00-00:00,2025-01-28T11:00:00-00:00,2025-01-28,3,0,Hourly,RD,AS_CAISO,DAM,RD_CLR_PRC,0,9
2025-01-28T10:00:00-00:00,2025-01-28T11:00:00-00:00,2025-01-28,3,0,Hourly,RD,AS_NP26_EXP,DAM,RD_CLR_PRC,6.64582,9
2025-01-28T11:00:00-00:00,2025-01-28T12:00:00-00:00,2025-01-28,4,0,Hourly,RD,AS_CAISO_EXP,DAM,RD_CLR_PRC,3.43664,9
2025-01-28T12:00:00-00:00,2025-01-28T13:00:00-00:00,2025-01-28,5,0,Hourly,RD,AS_NP26,DAM,RD_CLR_PRC,0,9
2025-01-28T13:00:00-00:00,2025-01-28T14:00:00-00:00,2025-01-28,6,0,Hourly,RD,AS_SP26_EXP,DAM,RD_CLR_PRC,0,9
2025-01-28T15:00:00-00:00,2025-01-28T16:00:00-00:00,2025-01-28,8,0,Hourly,RD,AS_SP26_EXP,DAM,RD_CLR_PRC,0,9
2025-01-28T17:00:00-00:00,2025-01-28T18:00:00-00:00,2025-01-28,10,0,Hourly,RD,AS_SP26,DAM,RD_CLR_PRC,0,9
2025-01-28T18:00:00-00:00,2025-01-28T19:00:00-00:00,2025-01-28,11,0,Hourly,RD,AS_SP26,DAM,RD_CLR_PRC,0,9
2025-01-29T09:00:00-00:00,2025-01-29T10:00:00-00:00,2025-01-29,2,0,Hourly,RD,AS_CAISO_EXP,DAM,RD_CLR_PRC,2.9,10
2025-01-29T10:00:00-00:00,2025-01-29T11:00:00-00:00,2025-01-29,3,0,Hourly,RD,AS_CAISO,DAM,RD_CLR_PRC,0,10
2025-01-29T10:00:00-00:00,2025-01-29T11:00:00-00:00,2025-01-29,3,0,Hourly,RD,AS_SP26_EXP,DAM,RD_CLR_PRC,0,10
2025-01-29T11:00:00-00:00,2025-01-29T12:00:00-00:00,2025-01-29,4,0,Hourly,RD,AS_CAISO,DAM,RD_CLR_PRC,0,10
2025-01-29T11:00:00-00:00,2025-01-29T12:00:00-00:00,2025-01-29,4,0,Hourly,RD,AS_NP26,DAM,RD_CLR_PRC,0,10
2025-01-29T12:00:00-00:00,2025-01-29T13:00:00-00:00,2025-01-29,5,0,Hourly,RD,AS_SP26,DAM,RD_CLR_PRC,0,10
2025-01-29T12:00:00-00:00,2025-01-29T13:00:00-00:00,2025-01-29,5,0,Hourly,RD,AS_SP26_EXP,DAM,RD_CLR_PRC,0,10
2025-01-29T15:00:00-00:00,2025-01-29T16:00:00-00:00,2025-01-29,8,0,Hourly,RD,AS_NP26_EXP,DAM,RD_CLR_PRC,6.8182,10
2025-01-29T17:00:00-00:00,2025-01-29T18:00:00-00:00,2025-01-29,10,0,Hourly,RD,AS_SP26_EXP,DAM,RD_CLR_PRC,0,10
2025-01-29T19:00:00-00:00,2025-01-29T20:00:00-00:00,2025-01-29,12,0,Hourly,RD,AS_NP26,DAM,RD_CLR_PRC,0,10
2025-01-29T20:00:00-00:00,2025-01-29T21:00:00-00:00,2025-01-29,13,0,Hourly,RD,AS_NP26_EXP,DAM,RD_CLR_PRC,5.08609,10
2025-01-29T21:00:00-00:00,2025-01-29T22:00:00-00:00,2025-01-29,14,0,Hourly,RD,AS_SP26,DAM,RD_CLR_PRC,0,10
2025-01-29T23:00:00-00:00,2025-01-30T00:00:00-00:00,2025-01-29,16,0,Hourly,RD,AS_SP26_EXP,DAM,RD_CLR_PRC,0,10
2025-01-30T02:00:00-00:00,2025-01-30T03:00:00-00:00,2025-01-29,19,0,Hourly,RD,AS_NP26,DAM,RD_CLR_PRC,0,10
2025-01-30T03:00:00-00:00,2025-01-30T04:00:00-00:00,2025-01-29,20,0,Hourly,RD,AS_CAISO_EXP,DAM,RD_CLR_PRC,5,10
2025-01-30T04:00:00-00:00,2025-01-30T05:00:00-00:00,2025-01-29,21,0,Hourly,RD,AS_CAISO,DAM,RD_CLR_PRC,0,10
2025-01-29T19:00:00-00:00,2025-01-29T20:00:00-00:00,2025-01-29,12,0,Hourly,RD,AS_CAISO,DAM,RD_CLR_PRC,0,10
2025-01-29T19:00:00-00:00,2025-01-29T20:00:00-00:00,2025-01-29,12,0,Hourly,RD,AS_NP26_EXP,DAM,RD_CLR_PRC,1.26233,10
2025-01-29T20:00:00-00:00,2025-01-29T21:00:00-00:00,2025-01-29,13,0,Hourly,RD,AS_SP26_EXP,DAM,RD_CLR_PRC,0,10
2025-01-29T21:00:00-00:00,2025-01-29T22:00:00-00:00,2025-01-29,14,0,Hourly,RD,AS_CAISO,DAM,RD_CLR_PRC,0,10
2025-01-29T22:00:00-00:00,2025-01-29T23:00:00-00:00,2025-01-29,15,0,Hourly,RD,AS_CAISO,DAM,RD_CLR_PRC,0,10
2025-01-29T22:00:00-00:00,2025-01-29T23:00:00-00:00,2025-01-29,15,0,Hourly,RD,AS_NP26_EXP,DAM,RD_CLR_PRC,0,10
2025-01-29T23:00:00-00:00,2025-01-30T00:00:00-00:00,2025-01-29,16,0,Hourly,RD,AS_CAISO,DAM,RD_CLR_PRC,0,10
2025-01-30T01:00:00-00:00,2025-01-30T02:00:00-00:00,2025-01-29,18,0,Hourly,RD,AS_NP26,DAM,RD_CLR_PRC,0,10
2025-01-30T01:00:00-00:00,2025-01-30T02:00:00-00:00,2025-01-29,18,0,Hourly,RD,AS_NP26_EXP,DAM,RD_CLR_PRC,8.48442,10
2025-01-30T04:00:00-00:00,2025-01-30T05:00:00-00:00,2025-01-29,21,0,Hourly,RD,AS_CAISO_EXP,DAM,RD_CLR_PRC,5,10
2025-01-30T05:00:00-00:00,2025-01-30T06:00:00-00:00,2025-01-29,22,0,Hourly,RD,AS_CAISO,DAM,RD_CLR_PRC,0,10
2025-01-30T05:00:00-00:00,2025-01-30T06:00:00-00:00,2025-01-29,22,0,Hourly,RD,AS_NP26,DAM,RD_CLR_PRC,0,10
2025-01-29T09:00:00-00:00,2025-01-29T10:00:00-00:00,2025-01-29,2,0,Hourly,RD,AS_NP26,DAM,RD_CLR_PRC,0,10
2025-01-29T09:00:00-00:00,2025-01-29T10:00:00-00:00,2025-01-29,2,0,Hourly,RD,AS_SP26,DAM,RD_CLR_PRC,0,10
2025-01-29T13:00:00-00:00,2025-01-29T14:00:00-00:00,2025-01-29,6,0,Hourly,RD,AS_CAISO,DAM,RD_CLR_PRC,0,10
2025-01-29T13:00:00-00:00,2025-01-29T14:00:00-00:00,2025-01-29,6,0,Hourly,RD,AS_NP26_EXP,DAM,RD_CLR_PRC,1.62342,10
2025-01-29T13:00:00-00:00,2025-01-29T14:00:00-00:00,2025-01-29,6,0,Hourly,RD,AS_SP26,DAM,RD_CLR_PRC,0,10
2025-01-29T15:00:00-00:00,2025-01-29T16:00:00-00:00,2025-01-29,8,0,Hourly,RD,AS_NP26,DAM,RD_CLR_PRC,0,10
2025-01-29T16:00:00-00:00,2025-01-29T17:00:00-00:00,2025-01-29,9,0,Hourly,RD,AS_CAISO_EXP,DAM,RD_CLR_PRC,6.32,10
2025-01-29T16:00:00-00:00,2025-01-29T17:00:00-00:00,2025-01-29,9,0,Hourly,RD,AS_NP26_EXP,DAM,RD_CLR_PRC,16.77523,10
2025-01-29T23:00:00-00:00,2025-01-30T00:00:00-00:00,2025-01-29,16,0,Hourly,RD,AS_CAISO_EXP,DAM,RD_CLR_PRC,13.24643,10
2025-01-30T00:00:00-00:00,2025-01-30T01:00:00-00:00,2025-01-29,17,0,Hourly,RD,AS_NP26_EXP,DAM,RD_CLR_PRC,17.07104,10
2025-01-30T00:00:00-00:00,2025-01-30T01:00:00-00:00,2025-01-29,17,0,Hourly,RD,AS_SP26_EXP,DAM,RD_CLR_PRC,0,10
2025-01-30T01:00:00-00:00,2025-01-30T02:00:00-00:00,2025-01-29,18,0,Hourly,RD,AS_CAISO_EXP,DAM,RD_CLR_PRC,6.57058,10
2025-01-30T03:00:00-00:00,2025-01-30T04:00:00-00:00,2025-01-29,20,0,Hourly,RD,AS_CAISO,DAM,RD_CLR_PRC,0,10
2025-01-30T03:00:00-00:00,2025-01-30T04:00:00-00:00,2025-01-29,20,0,Hourly,RD,AS_SP26,DAM,RD_CLR_PRC,0,10
2025-01-30T03:00:00-00:00,2025-01-30T04:00:00-00:00,2025-01-29,20,0,Hourly,RD,AS_SP26_EXP,DAM,RD_CLR_PRC,0,10
2025-01-30T05:00:00-00:00,2025-01-30T06:00:00-00:00,2025-01-29,22,0,Hourly,RD,AS_SP26,DAM,RD_CLR_PRC,0,10
2025-01-30T07:00:00-00:00,2025-01-30T08:00:00-00:00,2025-01-29,24,0,Hourly,RD,AS_CAISO,DAM,RD_CLR_PRC,0,10
2025-01-30T07:00:00-00:00,2025-01-30T08:00:00-00:00,2025-01-29,24,0,Hourly,RD,AS_NP26_EXP,DAM,RD_CLR_PRC,1,10
2025-01-30T07:00:00-00:00,2025-01-30T08:00:00-00:00,2025-01-29,24,0,Hourly,RD,AS_SP26,DAM,RD_CLR_PRC,0,10
2025-01-29T10:00:00-00:00,2025-01-29T11:00:00-00:00,2025-01-29,3,0,Hourly,RD,AS_CAISO_EXP,DAM,RD_CLR_PRC,4,10
2025-01-29T11:00:00-00:00,2025-01-29T12:00:00-00:00,2025-01-29,4,0,Hourly,RD,AS_SP26_EXP,DAM,RD_CLR_PRC,0,10
2025-01-29T12:00:00-00:00,2025-01-29T13:00:00-00:00,2025-01-29,5,0,Hourly,RD,AS_CAISO_EXP,DAM,RD_CLR_PRC,0.96389,10
2025-01-29T12:00:00-00:00,2025-01-29T13:00:00-00:00,2025-01-29,5,0,Hourly,RD,AS_NP26,DAM,RD_CLR_PRC,0,10
2025-01-29T15:00:00-00:00,2025-01-29T16:00:00-00:00,2025-01-29,8,0,Hourly,RD,AS_CAISO,DAM,RD_CLR_PRC,0,10
2025-01-29T16:00:00-00:00,2025-01-29T17:00:00-00:00,2025-01-29,9,0,Hourly,RD,AS_SP26,DAM,RD_CLR_PRC,0,10
2025-01-29T18:00:00-00:00,2025-01-29T19:00:00-00:00,2025-01-29,11,0,Hourly,RD,AS_CAISO_EXP,DAM,RD_CLR_PRC,6.3,10
2025-01-29T19:00:00-00:00,2025-01-29T20:00:00-00:00,2025-01-29,12,0,Hourly,RD,AS_SP26,DAM,RD_CLR_PRC,0,10
2025-01-30T01:00:00-00:00,2025-01-30T02:00:00-00:00,2025-01-29,18,0,Hourly,RD,AS_CAISO,DAM,RD_CLR_PRC,0,10
2025-01-30T01:00:00-00:00,2025-01-30T02:00:00-00:00,2025-01-29,18,0,Hourly,RD,AS_SP26,DAM,RD_CLR_PRC,0,10
2025-01-30T03:00:00-00:00,2025-01-30T04:00:00-00:00,2025-01-29,20,0,Hourly,RD,AS_NP26,DAM,RD_CLR_PRC,0,10
2025-01-30T04:00:00-00:00,2025-01-30T05:00:00-00:00,2025-01-29,21,0,Hourly,RD,AS_NP26,DAM,RD_CLR_PRC,0,10
2025-01-30T04:00:00-00:00,2025-01-30T05:00:00-00:00,2025-01-29,21,0,Hourly,RD,AS_NP26_EXP,DAM,RD_CLR_PRC,2,10
2025-01-30T05:00:00-00:00,2025-01-30T06:00:00-00:00,2025-01-29,22,0,Hourly,RD,AS_SP26_EXP,DAM,RD_CLR_PRC,0,10
2025-01-30T06:00:00-00:00,2025-01-30T07:00:00-00:00,2025-01-29,23,0,Hourly,RD,AS_NP26_EXP,DAM,RD_CLR_PRC,0,10
2025-01-30T07:00:00-00:00,2025-01-30T08:00:00-00:00,2025-01-29,24,0,Hourly,RD,AS_CAISO_EXP,DAM,RD_CLR_PRC,6,10
2025-01-29T11:00:00-00:00,2025-01-29T12:00:00-00:00,2025-01-29,4,0,Hourly,RD,AS_SP26,DAM,RD_CLR_PRC,0,10
2025-01-29T12:00:00-00:00,2025-01-29T13:00:00-00:00,2025-01-29,5,0,Hourly,RD,AS_NP26_EXP,DAM,RD_CLR_PRC,8.17784,10
2025-01-29T15:00:00-00:00,2025-01-29T16:00:00-00:00,2025-01-29,8,0,Hourly,RD,AS_CAISO_EXP,DAM,RD_CLR_PRC,8.1818,10
2025-01-29T17:00:00-00:00,2025-01-29T18:00:00-00:00,2025-01-29,10,0,Hourly,RD,AS_SP26,DAM,RD_CLR_PRC,0,10
2025-01-29T18:00:00-00:00,2025-01-29T19:00:00-00:00,2025-01-29,11,0,Hourly,RD,AS_SP26,DAM,RD_CLR_PRC,0,10
2025-01-29T20:00:00-00:00,2025-01-29T21:00:00-00:00,2025-01-29,13,0,Hourly,RD,AS_CAISO,DAM,RD_CLR_PRC,0,10
2025-01-29T20:00:00-00:00,2025-01-29T21:00:00-00:00,2025-01-29,13,0,Hourly,RD,AS_CAISO_EXP,DAM,RD_CLR_PRC,9.09,10
2025-01-29T22:00:00-00:00,2025-01-29T23:00:00-00:00,2025-01-29,15,0,Hourly,RD,AS_CAISO_EXP,DAM,RD_CLR_PRC,17.46293,10
2025-01-29T22:00:00-00:00,2025-01-29T23:00:00-00:00,2025-01-29,15,0,Hourly,RD,AS_NP26,DAM,RD_CLR_PRC,0,10
2025-01-29T23:00:00-00:00,2025-01-30T00:00:00-00:00,2025-01-29,16,0,Hourly,RD,AS_NP26_EXP,DAM,RD_CLR_PRC,0,10
2025-01-30T00:00:00-00:00,2025-01-30T01:00:00-00:00,2025-01-29,17,0,Hourly,RD,AS_CAISO,DAM,RD_CLR_PRC,0,10
2025-01-30T02:00:00-00:00,2025-01-30T03:00:00-00:00,2025-01-29,19,0,Hourly,RD,AS_NP26_EXP,DAM,RD_CLR_PRC,7.3,10
2025-01-30T04:00:00-00:00,2025-01-30T05:00:00-00:00,2025-01-29,21,0,Hourly,RD,AS_SP26,DAM,RD_CLR_PRC,0,10
2025-01-30T06:00:00-00:00,2025-01-30T07:00:00-00:00,2025-01-29,23,0,Hourly,RD,AS_SP26,DAM,RD_CLR_PRC,0,10
2025-01-30T06:00:00-00:00,2025-01-30T07:00:00-00:00,2025-01-29,23,0,Hourly,RD,AS_SP26_EXP,DAM,RD_CLR_PRC,0,10
2025-01-29T08:00:00-00:00,2025-01-29T09:00:00-00:00,2025-01-29,1,0,Hourly,RD,AS_NP26_EXP,DAM,RD_CLR_PRC,1.93908,10
2025-01-29T08:00:00-00:00,2025-01-29T09:00:00-00:00,2025-01-29,1,0,Hourly,RD,AS_CAISO_EXP,DAM,RD_CLR_PRC,4,10
2025-01-29T08:00:00-00:00,2025-01-29T09:00:00-00:00,2025-01-29,1,0,Hourly,RD,AS_NP26,DAM,RD_CLR_PRC,0,10
2025-01-29T09:00:00-00:00,2025-01-29T10:00:00-00:00,2025-01-29,2,0,Hourly,RD,AS_NP26_EXP,DAM,RD_CLR_PRC,6.46616,10
2025-01-29T11:00:00-00:00,2025-01-29T12:00:00-00:00,2025-01-29,4,0,Hourly,RD,AS_NP26_EXP,DAM,RD_CLR_PRC,1.2,10
2025-01-29T13:00:00-00:00,2025-01-29T14:00:00-00:00,2025-01-29,6,0,Hourly,RD,AS_CAISO_EXP,DAM,RD_CLR_PRC,6.92,10
2025-01-29T15:00:00-00:00,2025-01-29T16:00:00-00:00,2025-01-29,8,0,Hourly,RD,AS_SP26,DAM,RD_CLR_PRC,0,10
2025-01-29T15:00:00-00:00,2025-01-29T16:00:00-00:00,2025-01-29,8,0,Hourly,RD,AS_SP26_EXP,DAM,RD_CLR_PRC,0,10
2025-01-29T16:00:00-00:00,2025-01-29T17:00:00-00:00,2025-01-29,9,0,Hourly,RD,AS_NP26,DAM,RD_CLR_PRC,0,10
2025-01-29T17:00:00-00:00,2025-01-29T18:00:00-00:00,2025-01-29,10,0,Hourly,RD,AS_CAISO_EXP,DAM,RD_CLR_PRC,3.21618,10
2025-01-29T18:00:00-00:00,2025-01-29T19:00:00-00:00,2025-01-29,11,0,Hourly,RD,AS_CAISO,DAM,RD_CLR_PRC,0,10
2025-01-29T21:00:00-00:00,2025-01-29T22:00:00-00:00,2025-01-29,14,0,Hourly,RD,AS_NP26,DAM,RD_CLR_PRC,0,10
2025-01-29T22:00:00-00:00,2025-01-29T23:00:00-00:00,2025-01-29,15,0,Hourly,RD,AS_SP26_EXP,DAM,RD_CLR_PRC,0,10
2025-01-30T02:00:00-00:00,2025-01-30T03:00:00-00:00,2025-01-29,19,0,Hourly,RD,AS_CAISO,DAM,RD_CLR_PRC,0,10
2025-01-30T02:00:00-00:00,2025-01-30T03:00:00-00:00,2025-01-29,19,0,Hourly,RD,AS_CAISO_EXP,DAM,RD_CLR_PRC,6,10
2025-01-30T02:00:00-00:00,2025-01-30T03:00:00-00:00,2025-01-29,19,0,Hourly,RD,AS_SP26_EXP,DAM,RD_CLR_PRC,0,10
2025-01-30T03:00:00-00:00,2025-01-30T04:00:00-00:00,2025-01-29,20,0,Hourly,RD,AS_NP26_EXP,DAM,RD_CLR_PRC,9.38226,10
2025-01-30T06:00:00-00:00,2025-01-30T07:00:00-00:00,2025-01-29,23,0,Hourly,RD,AS_NP26,DAM,RD_CLR_PRC,0,10
2025-01-30T07:00:00-00:00,2025-01-30T08:00:00-00:00,2025-01-29,24,0,Hourly,RD,AS_NP26,DAM,RD_CLR_PRC,0,10
2025-01-30T07:00:00-00:00,2025-01-30T08:00:00-00:00,2025-01-29,24,0,Hourly,RD,AS_SP26_EXP,DAM,RD_CLR_PRC,0,10
2025-01-29T10:00:00-00:00,2025-01-29T11:00:00-00:00,2025-01-29,3,0,Hourly,RD,AS_NP26,DAM,RD_CLR_PRC,0,10
2025-01-29T10:00:00-00:00,2025-01-29T11:00:00-00:00,2025-01-29,3,0,Hourly,RD,AS_NP26_EXP,DAM,RD_CLR_PRC,1.31,10
2025-01-29T12:00:00-00:00,2025-01-29T13:00:00-00:00,2025-01-29,5,0,Hourly,RD,AS_CAISO,DAM,RD_CLR_PRC,0,10
2025-01-29T14:00:00-00:00,2025-01-29T15:00:00-00:00,2025-01-29,7,0,Hourly,RD,AS_CAISO_EXP,DAM,RD_CLR_PRC,6.81,10
2025-01-29T14:00:00-00:00,2025-01-29T15:00:00-00:00,2025-01-29,7,0,Hourly,RD,AS_NP26,DAM,RD_CLR_PRC,0,10
2025-01-29T14:00:00-00:00,2025-01-29T15:00:00-00:00,2025-01-29,7,0,Hourly,RD,AS_SP26_EXP,DAM,RD_CLR_PRC,0,10
2025-01-29T17:00:00-00:00,2025-01-29T18:00:00-00:00,2025-01-29,10,0,Hourly,RD,AS_CAISO,DAM,RD_CLR_PRC,0,10
2025-01-29T17:00:00-00:00,2025-01-29T18:00:00-00:00,2025-01-29,10,0,Hourly,RD,AS_NP26,DAM,RD_CLR_PRC,0,10
2025-01-29T17:00:00-00:00,2025-01-29T18:00:00-00:00,2025-01-29,10,0,Hourly,RD,AS_NP26_EXP,DAM,RD_CLR_PRC,17.44295,10
2025-01-29T18:00:00-00:00,2025-01-29T19:00:00-00:00,2025-01-29,11,0,Hourly,RD,AS_NP26_EXP,DAM,RD_CLR_PRC,3.98556,10
2025-01-29T20:00:00-00:00,2025-01-29T21:00:00-00:00,2025-01-29,13,0,Hourly,RD,AS_SP26,DAM,RD_CLR_PRC,0,10
2025-01-29T21:00:00-00:00,2025-01-29T22:00:00-00:00,2025-01-29,14,0,Hourly,RD,AS_NP26_EXP,DAM,RD_CLR_PRC,0,10
2025-01-29T21:00:00-00:00,2025-01-29T22:00:00-00:00,2025-01-29,14,0,Hourly,RD,AS_SP26_EXP,DAM,RD_CLR_PRC,0,10
2025-01-29T22:00:00-00:00,2025-01-29T23:00:00-00:00,2025-01-29,15,0,Hourly,RD,AS_SP26,DAM,RD_CLR_PRC,0,10
2025-01-30T00:00:00-00:00,2025-01-30T01:00:00-00:00,2025-01-29,17,0,Hourly,RD,AS_NP26,DAM,RD_CLR_PRC,0,10
2025-01-30T00:00:00-00:00,2025-01-30T01:00:00-00:00,2025-01-29,17,0,Hourly,RD,AS_SP26,DAM,RD_CLR_PRC,0,10
2025-01-30T05:00:00-00:00,2025-01-30T06:00:00-00:00,2025-01-29,22,0,Hourly,RD,AS_NP26_EXP,DAM,RD_CLR_PRC,2.4565,10
2025-01-29T08:00:00-00:00,2025-01-29T09:00:00-00:00,2025-01-29,1,0,Hourly,RD,AS_SP26_EXP,DAM,RD_CLR_PRC,0,10
2025-01-29T09:00:00-00:00,2025-01-29T10:00:00-00:00,2025-01-29,2,0,Hourly,RD,AS_CAISO,DAM,RD_CLR_PRC,0,10
2025-01-29T09:00:00-00:00,2025-01-29T10:00:00-00:00,2025-01-29,2,0,Hourly,RD,AS_SP26_EXP,DAM,RD_CLR_PRC,0,10
2025-01-29T10:00:00-00:00,2025-01-29T11:00:00-00:00,2025-01-29,3,0,Hourly,RD,AS_SP26,DAM,RD_CLR_PRC,0,10
2025-01-29T11:00:00-00:00,2025-01-29T12:00:00-00:00,2025-01-29,4,0,Hourly,RD,AS_CAISO_EXP,DAM,RD_CLR_PRC,2.9,10
2025-01-29T14:00:00-00:00,2025-01-29T15:00:00-00:00,2025-01-29,7,0,Hourly,RD,AS_CAISO,DAM,RD_CLR_PRC,0,10
2025-01-29T18:00:00-00:00,2025-01-29T19:00:00-00:00,2025-01-29,11,0,Hourly,RD,AS_SP26_EXP,DAM,RD_CLR_PRC,0,10
2025-01-29T19:00:00-00:00,2025-01-29T20:00:00-00:00,2025-01-29,12,0,Hourly,RD,AS_CAISO_EXP,DAM,RD_CLR_PRC,6.69365,10
2025-01-29T19:00:00-00:00,2025-01-29T20:00:00-00:00,2025-01-29,12,0,Hourly,RD,AS_SP26_EXP,DAM,RD_CLR_PRC,0,10
2025-01-29T20:00:00-00:00,2025-01-29T21:00:00-00:00,2025-01-29,13,0,Hourly,RD,AS_NP26,DAM,RD_CLR_PRC,0,10
2025-01-29T21:00:00-00:00,2025-01-29T22:00:00-00:00,2025-01-29,14,0,Hourly,RD,AS_CAISO_EXP,DAM,RD_CLR_PRC,16.81004,10
2025-01-29T23:00:00-00:00,2025-01-30T00:00:00-00:00,2025-01-29,16,0,Hourly,RD,AS_NP26,DAM,RD_CLR_PRC,0,10
2025-01-29T23:00:00-00:00,2025-01-30T00:00:00-00:00,2025-01-29,16,0,Hourly,RD,AS_SP26,DAM,RD_CLR_PRC,0,10
2025-01-30T00:00:00-00:00,2025-01-30T01:00:00-00:00,2025-01-29,17,0,Hourly,RD,AS_CAISO_EXP,DAM,RD_CLR_PRC,10.13,10
2025-01-30T01:00:00-00:00,2025-01-30T02:00:00-00:00,2025-01-29,18,0,Hourly,RD,AS_SP26_EXP,DAM,RD_CLR_PRC,0,10
2025-01-30T02:00:00-00:00,2025-01-30T03:00:00-00:00,2025-01-29,19,0,Hourly,RD,AS_SP26,DAM,RD_CLR_PRC,0,10
2025-01-30T04:00:00-00:00,2025-01-30T05:00:00-00:00,2025-01-29,21,0,Hourly,RD,AS_SP26_EXP,DAM,RD_CLR_PRC,0,10
2025-01-30T05:00:00-00:00,2025-01-30T06:00:00-00:00,2025-01-29,22,0,Hourly,RD,AS_CAISO_EXP,DAM,RD_CLR_PRC,4.5435,10
2025-01-30T06:00:00-00:00,2025-01-30T07:00:00-00:00,2025-01-29,23,0,Hourly,RD,AS_CAISO,DAM,RD_CLR_PRC,0,10
2025-01-30T06:00:00-00:00,2025-01-30T07:00:00-00:00,2025-01-29,23,0,Hourly,RD,AS_CAISO_EXP,DAM,RD_CLR_PRC,4.44097,10
2025-01-29T08:00:00-00:00,2025-01-29T09:00:00-00:00,2025-01-29,1,0,Hourly,RD,AS_CAISO,DAM,RD_CLR_PRC,0,10
2025-01-29T08:00:00-00:00,2025-01-29T09:00:00-00:00,2025-01-29,1,0,Hourly,RD,AS_SP26,DAM,RD_CLR_PRC,0,10
2025-01-29T13:00:00-00:00,2025-01-29T14:00:00-00:00,2025-01-29,6,0,Hourly,RD,AS_NP26,DAM,RD_CLR_PRC,0,10
2025-01-29T13:00:00-00:00,2025-01-29T14:00:00-00:00,2025-01-29,6,0,Hourly,RD,AS_SP26_EXP,DAM,RD_CLR_PRC,0,10
2025-01-29T14:00:00-00:00,2025-01-29T15:00:00-00:00,2025-01-29,7,0,Hourly,RD,AS_NP26_EXP,DAM,RD_CLR_PRC,1.18,10
2025-01-29T14:00:00-00:00,2025-01-29T15:00:00-00:00,2025-01-29,7,0,Hourly,RD,AS_SP26,DAM,RD_CLR_PRC,0,10
2025-01-29T16:00:00-00:00,2025-01-29T17:00:00-00:00,2025-01-29,9,0,Hourly,RD,AS_CAISO,DAM,RD_CLR_PRC,0,10
2025-01-29T16:00:00-00:00,2025-01-29T17:00:00-00:00,2025-01-29,9,0,Hourly,RD,AS_SP26_EXP,DAM,RD_CLR_PRC,0,10
2025-01-29T18:00:00-00:00,2025-01-29T19:00:00-00:00,2025-01-29,11,0,Hourly,RD,AS_NP26,DAM,RD_CLR_PRC,0,10
2025-01-30T18:00:00-00:00,2025-01-30T19:00:00-00:00,2025-01-30,11,0,Hourly,RD,AS_CAISO_EXP,DAM,RD_CLR_PRC,8.10271,11
2025-01-30T18:00:00-00:00,2025-01-30T19:00:00-00:00,2025-01-30,11,0,Hourly,RD,AS_NP26,DAM,RD_CLR_PRC,0,11
2025-01-30T18:00:00-00:00,2025-01-30T19:00:00-00:00,2025-01-30,11,0,Hourly,RD,AS_SP26,DAM,RD_CLR_PRC,0,11
2025-01-30T19:00:00-00:00,2025-01-30T20:00:00-00:00,2025-01-30,12,0,Hourly,RD,AS_CAISO_EXP,DAM,RD_CLR_PRC,8.695,11
2025-01-30T19:00:00-00:00,2025-01-30T20:00:00-00:00,2025-01-30,12,0,Hourly,RD,AS_NP26_EXP,DAM,RD_CLR_PRC,0,11
2025-01-30T20:00:00-00:00,2025-01-30T21:00:00-00:00,2025-01-30,13,0,Hourly,RD,AS_NP26_EXP,DAM,RD_CLR_PRC,9.02455,11
2025-01-30T21:00:00-00:00,2025-01-30T22:00:00-00:00,2025-01-30,14,0,Hourly,RD,AS_SP26,DAM,RD_CLR_PRC,0,11
2025-01-30T22:00:00-00:00,2025-01-30T23:00:00-00:00,2025-01-30,15,0,Hourly,RD,AS_NP26_EXP,DAM,RD_CLR_PRC,2.4922,11
2025-01-30T23:00:00-00:00,2025-01-31T00:00:00-00:00,2025-01-30,16,0,Hourly,RD,AS_CAISO_EXP,DAM,RD_CLR_PRC,15.60654,11
2025-01-31T00:00:00-00:00,2025-01-31T01:00:00-00:00,2025-01-30,17,0,Hourly,RD,AS_SP26_EXP,DAM,RD_CLR_PRC,0,11
2025-01-31T01:00:00-00:00,2025-01-31T02:00:00-00:00,2025-01-30,18,0,Hourly,RD,AS_NP26,DAM,RD_CLR_PRC,0,11
2025-01-31T01:00:00-00:00,2025-01-31T02:00:00-00:00,2025-01-30,18,0,Hourly,RD,AS_SP26,DAM,RD_CLR_PRC,0,11
2025-01-31T05:00:00-00:00,2025-01-31T06:00:00-00:00,2025-01-30,22,0,Hourly,RD,AS_CAISO,DAM,RD_CLR_PRC,0,11
2025-01-31T06:00:00-00:00,2025-01-31T07:00:00-00:00,2025-01-30,23,0,Hourly,RD,AS_CAISO_EXP,DAM,RD_CLR_PRC,6,11
2025-01-31T06:00:00-00:00,2025-01-31T07:00:00-00:00,2025-01-30,23,0,Hourly,RD,AS_SP26,DAM,RD_CLR_PRC,0,11
2025-01-31T07:00:00-00:00,2025-01-31T08:00:00-00:00,2025-01-30,24,0,Hourly,RD,AS_CAISO,DAM,RD_CLR_PRC,0,11
2025-01-31T05:00:00-00:00,2025-01-31T06:00:00-00:00,2025-01-30,22,0,Hourly,RD,AS_SP26,DAM,RD_CLR_PRC,0,11
2025-01-31T07:00:00-00:00,2025-01-31T08:00:00-00:00,2025-01-30,24,0,Hourly,RD,AS_NP26,DAM,RD_CLR_PRC,0,11
2025-01-31T07:00:00-00:00,2025-01-31T08:00:00-00:00,2025-01-30,24,0,Hourly,RD,AS_NP26_EXP,DAM,RD_CLR_PRC,0.43384,11
2025-01-31T07:00:00-00:00,2025-01-31T08:00:00-00:00,2025-01-30,24,0,Hourly,RD,AS_SP26,DAM,RD_CLR_PRC,0,11
2025-01-30T09:00:00-00:00,2025-01-30T10:00:00-00:00,2025-01-30,2,0,Hourly,RD,AS_NP26,DAM,RD_CLR_PRC,0,11
2025-01-30T12:00:00-00:00,2025-01-30T13:00:00-00:00,2025-01-30,5,0,Hourly,RD,AS_NP26_EXP,DAM,RD_CLR_PRC,5.39388,11
2025-01-30T14:00:00-00:00,2025-01-30T15:00:00-00:00,2025-01-30,7,0,Hourly,RD,AS_CAISO,DAM,RD_CLR_PRC,0,11
2025-01-30T15:00:00-00:00,2025-01-30T16:00:00-00:00,2025-01-30,8,0,Hourly,RD,AS_SP26,DAM,RD_CLR_PRC,0,11
2025-01-30T16:00:00-00:00,2025-01-30T17:00:00-00:00,2025-01-30,9,0,Hourly,RD,AS_NP26,DAM,RD_CLR_PRC,0,11
2025-01-30T19:00:00-00:00,2025-01-30T20:00:00-00:00,2025-01-30,12,0,Hourly,RD,AS_SP26,DAM,RD_CLR_PRC,0,11
2025-01-30T20:00:00-00:00,2025-01-30T21:00:00-00:00,2025-01-30,13,0,Hourly,RD,AS_SP26,DAM,RD_CLR_PRC,0,11
2025-01-30T21:00:00-00:00,2025-01-30T22:00:00-00:00,2025-01-30,14,0,Hourly,RD,AS_NP26_EXP,DAM,RD_CLR_PRC,11.18324,11
2025-01-31T02:00:00-00:00,2025-01-31T03:00:00-00:00,2025-01-30,19,0,Hourly,RD,AS_CAISO_EXP,DAM,RD_CLR_PRC,5.5,11
2025-01-31T02:00:00-00:00,2025-01-31T03:00:00-00:00,2025-01-30,19,0,Hourly,RD,AS_NP26_EXP,DAM,RD_CLR_PRC,2.49,11
2025-01-31T02:00:00-00:00,2025-01-31T03:00:00-00:00,2025-01-30,19,0,Hourly,RD,AS_SP26_EXP,DAM,RD_CLR_PRC,0,11
2025-01-31T03:00:00-00:00,2025-01-31T04:00:00-00:00,2025-01-30,20,0,Hourly,RD,AS_NP26_EXP,DAM,RD_CLR_PRC,2.49,11
2025-01-31T04:00:00-00:00,2025-01-31T05:00:00-00:00,2025-01-30,21,0,Hourly,RD,AS_CAISO_EXP,DAM,RD_CLR_PRC,6.68444,11
2025-01-31T05:00:00-00:00,2025-01-31T06:00:00-00:00,2025-01-30,22,0,Hourly,RD,AS_CAISO_EXP,DAM,RD_CLR_PRC,5.5,11
2025-01-30T09:00:00-00:00,2025-01-30T10:00:00-00:00,2025-01-30,2,0,Hourly,RD,AS_CAISO,DAM,RD_CLR_PRC,0,11
2025-01-30T09:00:00-00:00,2025-01-30T10:00:00-00:00,2025-01-30,2,0,Hourly,RD,AS_SP26_EXP,DAM,RD_CLR_PRC,0,11
2025-01-30T11:00:00-00:00,2025-01-30T12:00:00-00:00,2025-01-30,4,0,Hourly,RD,AS_SP26,DAM,RD_CLR_PRC,0,11
2025-01-30T12:00:00-00:00,2025-01-30T13:00:00-00:00,2025-01-30,5,0,Hourly,RD,AS_CAISO_EXP,DAM,RD_CLR_PRC,2,11
2025-01-30T12:00:00-00:00,2025-01-30T13:00:00-00:00,2025-01-30,5,0,Hourly,RD,AS_NP26,DAM,RD_CLR_PRC,0,11
2025-01-30T12:00:00-00:00,2025-01-30T13:00:00-00:00,2025-01-30,5,0,Hourly,RD,AS_SP26_EXP,DAM,RD_CLR_PRC,0,11
2025-01-30T14:00:00-00:00,2025-01-30T15:00:00-00:00,2025-01-30,7,0,Hourly,RD,AS_CAISO_EXP,DAM,RD_CLR_PRC,6.7,11
2025-01-30T14:00:00-00:00,2025-01-30T15:00:00-00:00,2025-01-30,7,0,Hourly,RD,AS_NP26,DAM,RD_CLR_PRC,0,11
2025-01-30T16:00:00-00:00,2025-01-30T17:00:00-00:00,2025-01-30,9,0,Hourly,RD,AS_NP26_EXP,DAM,RD_CLR_PRC,14.88903,11
2025-01-30T21:00:00-00:00,2025-01-30T22:00:00-00:00,2025-01-30,14,0,Hourly,RD,AS_SP26_EXP,DAM,RD_CLR_PRC,0,11
2025-01-30T23:00:00-00:00,2025-01-31T00:00:00-00:00,2025-01-30,16,0,Hourly,RD,AS_NP26,DAM,RD_CLR_PRC,0,11
2025-01-30T23:00:00-00:00,2025-01-31T00:00:00-00:00,2025-01-30,16,0,Hourly,RD,AS_NP26_EXP,DAM,RD_CLR_PRC,0,11
2025-01-31T00:00:00-00:00,2025-01-31T01:00:00-00:00,2025-01-30,17,0,Hourly,RD,AS_CAISO_EXP,DAM,RD_CLR_PRC,9.71,11
2025-01-31T01:00:00-00:00,2025-01-31T02:00:00-00:00,2025-01-30,18,0,Hourly,RD,AS_CAISO,DAM,RD_CLR_PRC,0,11
2025-01-31T01:00:00-00:00,2025-01-31T02:00:00-00:00,2025-01-30,18,0,Hourly,RD,AS_NP26_EXP,DAM,RD_CLR_PRC,1.29,11
2025-01-31T02:00:00-00:00,2025-01-31T03:00:00-00:00,2025-01-30,19,0,Hourly,RD,AS_NP26,DAM,RD_CLR_PRC,0,11
2025-01-31T02:00:00-00:00,2025-01-31T03:00:00-00:00,2025-01-30,19,0,Hourly,RD,AS_SP26,DAM,RD_CLR_PRC,0,11
2025-01-31T05:00:00-00:00,2025-01-31T06:00:00-00:00,2025-01-30,22,0,Hourly,RD,AS_SP26_EXP,DAM,RD_CLR_PRC,0,11
2025-01-30T08:00:00-00:00,2025-01-30T09:00:00-00:00,2025-01-30,1,0,Hourly,RD,AS_NP26_EXP,DAM,RD_CLR_PRC,3.61562,11
2025-01-30T08:00:00-00:00,2025-01-30T09:00:00-00:00,2025-01-30,1,0,Hourly,RD,AS_SP26_EXP,DAM,RD_CLR_PRC,0,11
2025-01-30T10:00:00-00:00,2025-01-30T11:00:00-00:00,2025-01-30,3,0,Hourly,RD,AS_CAISO,DAM,RD_CLR_PRC,0,11
2025-01-30T10:00:00-00:00,2025-01-30T11:00:00-00:00,2025-01-30,3,0,Hourly,RD,AS_SP26,DAM,RD_CLR_PRC,0,11
2025-01-30T13:00:00-00:00,2025-01-30T14:00:00-00:00,2025-01-30,6,0,Hourly,RD,AS_NP26_EXP,DAM,RD_CLR_PRC,4.73718,11
2025-01-30T14:00:00-00:00,2025-01-30T15:00:00-00:00,2025-01-30,7,0,Hourly,RD,AS_NP26_EXP,DAM,RD_CLR_PRC,1.58111,11
2025-01-30T15:00:00-00:00,2025-01-30T16:00:00-00:00,2025-01-30,8,0,Hourly,RD,AS_NP26,DAM,RD_CLR_PRC,0,11
2025-01-30T16:00:00-00:00,2025-01-30T17:00:00-00:00,2025-01-30,9,0,Hourly,RD,AS_CAISO_EXP,DAM,RD_CLR_PRC,6.86016,11
2025-01-30T17:00:00-00:00,2025-01-30T18:00:00-00:00,2025-01-30,10,0,Hourly,RD,AS_NP26_EXP,DAM,RD_CLR_PRC,4.56216,11
2025-01-30T18:00:00-00:00,2025-01-30T19:00:00-00:00,2025-01-30,11,0,Hourly,RD,AS_CAISO,DAM,RD_CLR_PRC,0,11
2025-01-30T19:00:00-00:00,2025-01-30T20:00:00-00:00,2025-01-30,12,0,Hourly,RD,AS_CAISO,DAM,RD_CLR_PRC,0,11
2025-01-30T20:00:00-00:00,2025-01-30T21:00:00-00:00,2025-01-30,13,0,Hourly,RD,AS_CAISO,DAM,RD_CLR_PRC,0,11
2025-01-30T20:00:00-00:00,2025-01-30T21:00:00-00:00,2025-01-30,13,0,Hourly,RD,AS_NP26,DAM,RD_CLR_PRC,0,11
2025-01-30T23:00:00-00:00,2025-01-31T00:00:00-00:00,2025-01-30,16,0,Hourly,RD,AS_CAISO,DAM,RD_CLR_PRC,0,11
2025-01-31T00:00:00-00:00,2025-01-31T01:00:00-00:00,2025-01-30,17,0,Hourly,RD,AS_CAISO,DAM,RD_CLR_PRC,0,11
2025-01-31T00:00:00-00:00,2025-01-31T01:00:00-00:00,2025-01-30,17,0,Hourly,RD,AS_SP26,DAM,RD_CLR_PRC,0,11
2025-01-31T01:00:00-00:00,2025-01-31T02:00:00-00:00,2025-01-30,18,0,Hourly,RD,AS_SP26_EXP,DAM,RD_CLR_PRC,0,11
2025-01-31T02:00:00-00:00,2025-01-31T03:00:00-00:00,2025-01-30,19,0,Hourly,RD,AS_CAISO,DAM,RD_CLR_PRC,0,11
2025-01-31T05:00:00-00:00,2025-01-31T06:00:00-00:00,2025-01-30,22,0,Hourly,RD,AS_NP26,DAM,RD_CLR_PRC,0,11
2025-01-30T09:00:00-00:00,2025-01-30T10:00:00-00:00,2025-01-30,2,0,Hourly,RD,AS_CAISO_EXP,DAM,RD_CLR_PRC,3.87779,11
2025-01-30T10:00:00-00:00,2025-01-30T11:00:00-00:00,2025-01-30,3,0,Hourly,RD,AS_CAISO_EXP,DAM,RD_CLR_PRC,3.87779,11
2025-01-30T11:00:00-00:00,2025-01-30T12:00:00-00:00,2025-01-30,4,0,Hourly,RD,AS_CAISO,DAM,RD_CLR_PRC,0,11
2025-01-30T11:00:00-00:00,2025-01-30T12:00:00-00:00,2025-01-30,4,0,Hourly,RD,AS_NP26,DAM,RD_CLR_PRC,0,11
2025-01-30T11:00:00-00:00,2025-01-30T12:00:00-00:00,2025-01-30,4,0,Hourly,RD,AS_NP26_EXP,DAM,RD_CLR_PRC,2.75026,11
2025-01-30T13:00:00-00:00,2025-01-30T14:00:00-00:00,2025-01-30,6,0,Hourly,RD,AS_CAISO,DAM,RD_CLR_PRC,0,11
2025-01-30T15:00:00-00:00,2025-01-30T16:00:00-00:00,2025-01-30,8,0,Hourly,RD,AS_CAISO,DAM,RD_CLR_PRC,0,11
2025-01-30T15:00:00-00:00,2025-01-30T16:00:00-00:00,2025-01-30,8,0,Hourly,RD,AS_SP26_EXP,DAM,RD_CLR_PRC,0,11
2025-01-30T16:00:00-00:00,2025-01-30T17:00:00-00:00,2025-01-30,9,0,Hourly,RD,AS_CAISO,DAM,RD_CLR_PRC,0,11
2025-01-30T09:00:00-00:00,2025-01-30T10:00:00-00:00,2025-01-30,2,0,Hourly,RD,AS_NP26_EXP,DAM,RD_CLR_PRC,0,11
2025-01-30T10:00:00-00:00,2025-01-30T11:00:00-00:00,2025-01-30,3,0,Hourly,RD,AS_NP26_EXP,DAM,RD_CLR_PRC,2.13221,11
2025-01-30T13:00:00-00:00,2025-01-30T14:00:00-00:00,2025-01-30,6,0,Hourly,RD,AS_SP26,DAM,RD_CLR_PRC,0,11
2025-01-30T16:00:00-00:00,2025-01-30T17:00:00-00:00,2025-01-30,9,0,Hourly,RD,AS_SP26,DAM,RD_CLR_PRC,0,11
2025-01-30T19:00:00-00:00,2025-01-30T20:00:00-00:00,2025-01-30,12,0,Hourly,RD,AS_NP26,DAM,RD_CLR_PRC,0,11
2025-01-30T21:00:00-00:00,2025-01-30T22:00:00-00:00,2025-01-30,14,0,Hourly,RD,AS_CAISO_EXP,DAM,RD_CLR_PRC,13.43638,11
2025-01-30T21:00:00-00:00,2025-01-30T22:00:00-00:00,2025-01-30,14,0,Hourly,RD,AS_NP26,DAM,RD_CLR_PRC,0,11
2025-01-30T22:00:00-00:00,2025-01-30T23:00:00-00:00,2025-01-30,15,0,Hourly,RD,AS_CAISO_EXP,DAM,RD_CLR_PRC,16.11428,11
2025-01-31T01:00:00-00:00,2025-01-31T02:00:00-00:00,2025-01-30,18,0,Hourly,RD,AS_CAISO_EXP,DAM,RD_CLR_PRC,6.7,11
2025-01-31T03:00:00-00:00,2025-01-31T04:00:00-00:00,2025-01-30,20,0,Hourly,RD,AS_SP26,DAM,RD_CLR_PRC,0,11
2025-01-31T04:00:00-00:00,2025-01-31T05:00:00-00:00,2025-01-30,21,0,Hourly,RD,AS_NP26_EXP,DAM,RD_CLR_PRC,1.30556,11
2025-01-31T06:00:00-00:00,2025-01-31T07:00:00-00:00,2025-01-30,23,0,Hourly,RD,AS_NP26_EXP,DAM,RD_CLR_PRC,0,11
2025-01-30T09:00:00-00:00,2025-01-30T10:00:00-00:00,2025-01-30,2,0,Hourly,RD,AS_SP26,DAM,RD_CLR_PRC,0,11
2025-01-30T12:00:00-00:00,2025-01-30T13:00:00-00:00,2025-01-30,5,0,Hourly,RD,AS_CAISO,DAM,RD_CLR_PRC,0,11
2025-01-30T13:00:00-00:00,2025-01-30T14:00:00-00:00,2025-01-30,6,0,Hourly,RD,AS_CAISO_EXP,DAM,RD_CLR_PRC,4.22737,11
2025-01-30T14:00:00-00:00,2025-01-30T15:00:00-00:00,2025-01-30,7,0,Hourly,RD,AS_SP26,DAM,RD_CLR_PRC,0,11
2025-01-30T17:00:00-00:00,2025-01-30T18:00:00-00:00,2025-01-30,10,0,Hourly,RD,AS_SP26,DAM,RD_CLR_PRC,0,11
2025-01-30T17:00:00-00:00,2025-01-30T18:00:00-00:00,2025-01-30,10,0,Hourly,RD,AS_SP26_EXP,DAM,RD_CLR_PRC,0,11
2025-01-30T18:00:00-00:00,2025-01-30T19:00:00-00:00,2025-01-30,11,0,Hourly,RD,AS_NP26_EXP,DAM,RD_CLR_PRC,1.90729,11
2025-01-30T19:00:00-00:00,2025-01-30T20:00:00-00:00,2025-01-30,12,0,Hourly,RD,AS_SP26_EXP,DAM,RD_CLR_PRC,0,11
2025-01-30T21:00:00-00:00,2025-01-30T22:00:00-00:00,2025-01-30,14,0,Hourly,RD,AS_CAISO,DAM,RD_CLR_PRC,0,11
2025-01-30T23:00:00-00:00,2025-01-31T00:00:00-00:00,2025-01-30,16,0,Hourly,RD,AS_SP26,DAM,RD_CLR_PRC,0,11
2025-01-31T00:00:00-00:00,2025-01-31T01:00:00-00:00,2025-01-30,17,0,Hourly,RD,AS_NP26_EXP,DAM,RD_CLR_PRC,7.83467,11
2025-01-31T03:00:00-00:00,2025-01-31T04:00:00-00:00,2025-01-30,20,0,Hourly,RD,AS_CAISO_EXP,DAM,RD_CLR_PRC,5.5,11
2025-01-31T03:00:00-00:00,2025-01-31T04:00:00-00:00,2025-01-30,20,0,Hourly,RD,AS_SP26_EXP,DAM,RD_CLR_PRC,0,11
2025-01-31T04:00:00-00:00,2025-01-31T05:00:00-00:00,2025-01-30,21,0,Hourly,RD,AS_SP26,DAM,RD_CLR_PRC,0,11
2025-01-31T05:00:00-00:00,2025-01-31T06:00:00-00:00,2025-01-30,22,0,Hourly,RD,AS_NP26_EXP,DAM,RD_CLR_PRC,1.92151,11
2025-01-31T06:00:00-00:00,2025-01-31T07:00:00-00:00,2025-01-30,23,0,Hourly,RD,AS_SP26_EXP,DAM,RD_CLR_PRC,0,11
2025-01-31T07:00:00-00:00,2025-01-31T08:00:00-00:00,2025-01-30,24,0,Hourly,RD,AS_SP26_EXP,DAM,RD_CLR_PRC,0,11
2025-01-30T08:00:00-00:00,2025-01-30T09:00:00-00:00,2025-01-30,1,0,Hourly,RD,AS_NP26,DAM,RD_CLR_PRC,0,11
2025-01-30T08:00:00-00:00,2025-01-30T09:00:00-00:00,2025-01-30,1,0,Hourly,RD,AS_SP26,DAM,RD_CLR_PRC,0,11
2025-01-30T10:00:00-00:00,2025-01-30T11:00:00-00:00,2025-01-30,3,0,Hourly,RD,AS_NP26,DAM,RD_CLR_PRC,0,11
2025-01-30T10:00:00-00:00,2025-01-30T11:00:00-00:00,2025-01-30,3,0,Hourly,RD,AS_SP26_EXP,DAM,RD_CLR_PRC,0,11
2025-01-30T11:00:00-00:00,2025-01-30T12:00:00-00:00,2025-01-30,4,0,Hourly,RD,AS_CAISO_EXP,DAM,RD_CLR_PRC,3.87986,11
2025-01-30T11:00:00-00:00,2025-01-30T12:00:00-00:00,2025-01-30,4,0,Hourly,RD,AS_SP26_EXP,DAM,RD_CLR_PRC,0,11
2025-01-30T13:00:00-00:00,2025-01-30T14:00:00-00:00,2025-01-30,6,0,Hourly,RD,AS_NP26,DAM,RD_CLR_PRC,0,11
2025-01-30T13:00:00-00:00,2025-01-30T14:00:00-00:00,2025-01-30,6,0,Hourly,RD,AS_SP26_EXP,DAM,RD_CLR_PRC,0,11
2025-01-30T17:00:00-00:00,2025-01-30T18:00:00-00:00,2025-01-30,10,0,Hourly,RD,AS_CAISO,DAM,RD_CLR_PRC,0,11
2025-01-30T17:00:00-00:00,2025-01-30T18:00:00-00:00,2025-01-30,10,0,Hourly,RD,AS_CAISO_EXP,DAM,RD_CLR_PRC,4.335,11
2025-01-30T17:00:00-00:00,2025-01-30T18:00:00-00:00,2025-01-30,10,0,Hourly,RD,AS_NP26,DAM,RD_CLR_PRC,0,11
2025-01-30T20:00:00-00:00,2025-01-30T21:00:00-00:00,2025-01-30,13,0,Hourly,RD,AS_SP26_EXP,DAM,RD_CLR_PRC,0,11
2025-01-30T22:00:00-00:00,2025-01-30T23:00:00-00:00,2025-01-30,15,0,Hourly,RD,AS_CAISO,DAM,RD_CLR_PRC,0,11
2025-01-30T22:00:00-00:00,2025-01-30T23:00:00-00:00,2025-01-30,15,0,Hourly,RD,AS_NP26,DAM,RD_CLR_PRC,0,11
2025-01-30T22:00:00-00:00,2025-01-30T23:00:00-00:00,2025-01-30,15,0,Hourly,RD,AS_SP26_EXP,DAM,RD_CLR_PRC,0,11
2025-01-31T00:00:00-00:00,2025-01-31T01:00:00-00:00,2025-01-30,17,0,Hourly,RD,AS_NP26,DAM,RD_CLR_PRC,0,11
2025-01-31T03:00:00-00:00,2025-01-31T04:00:00-00:00,2025-01-30,20,0,Hourly,RD,AS_CAISO,DAM,RD_CLR_PRC,0,11
2025-01-31T03:00:00-00:00,2025-01-31T04:00:00-00:00,2025-01-30,20,0,Hourly,RD,AS_NP26,DAM,RD_CLR_PRC,0,11
2025-01-31T04:00:00-00:00,2025-01-31T05:00:00-00:00,2025-01-30,21,0,Hourly,RD,AS_CAISO,DAM,RD_CLR_PRC,0,11
2025-01-31T06:00:00-00:00,2025-01-31T07:00:00-00:00,2025-01-30,23,0,Hourly,RD,AS_CAISO,DAM,RD_CLR_PRC,0,11
2025-01-31T06:00:00-00:00,2025-01-31T07:00:00-00:00,2025-01-30,23,0,Hourly,RD,AS_NP26,DAM,RD_CLR_PRC,0,11
2025-01-31T07:00:00-00:00,2025-01-31T08:00:00-00:00,2025-01-30,24,0,Hourly,RD,AS_CAISO_EXP,DAM,RD_CLR_PRC,7,11
2025-01-30T08:00:00-00:00,2025-01-30T09:00:00-00:00,2025-01-30,1,0,Hourly,RD,AS_CAISO,DAM,RD_CLR_PRC,0,11
2025-01-30T08:00:00-00:00,2025-01-30T09:00:00-00:00,2025-01-30,1,0,Hourly,RD,AS_CAISO_EXP,DAM,RD_CLR_PRC,5.11567,11
2025-01-30T12:00:00-00:00,2025-01-30T13:00:00-00:00,2025-01-30,5,0,Hourly,RD,AS_SP26,DAM,RD_CLR_PRC,0,11
2025-01-30T14:00:00-00:00,2025-01-30T15:00:00-00:00,2025-01-30,7,0,Hourly,RD,AS_SP26_EXP,DAM,RD_CLR_PRC,0,11
2025-01-30T15:00:00-00:00,2025-01-30T16:00:00-00:00,2025-01-30,8,0,Hourly,RD,AS_CAISO_EXP,DAM,RD_CLR_PRC,14.79258,11
2025-01-30T15:00:00-00:00,2025-01-30T16:00:00-00:00,2025-01-30,8,0,Hourly,RD,AS_NP26_EXP,DAM,RD_CLR_PRC,0,11
2025-01-30T16:00:00-00:00,2025-01-30T17:00:00-00:00,2025-01-30,9,0,Hourly,RD,AS_SP26_EXP,DAM,RD_CLR_PRC,0,11
2025-01-30T18:00:00-00:00,2025-01-30T19:00:00-00:00,2025-01-30,11,0,Hourly,RD,AS_SP26_EXP,DAM,RD_CLR_PRC,0,11
2025-01-30T20:00:00-00:00,2025-01-30T21:00:00-00:00,2025-01-30,13,0,Hourly,RD,AS_CAISO_EXP,DAM,RD_CLR_PRC,11.37244,11
2025-01-30T22:00:00-00:00,2025-01-30T23:00:00-00:00,2025-01-30,15,0,Hourly,RD,AS_SP26,DAM,RD_CLR_PRC,0,11
2025-01-30T23:00:00-00:00,2025-01-31T00:00:00-00:00,2025-01-30,16,0,Hourly,RD,AS_SP26_EXP,DAM,RD_CLR_PRC,0,11
2025-01-31T04:00:00-00:00,2025-01-31T05:00:00-00:00,2025-01-30,21,0,Hourly,RD,AS_NP26,DAM,RD_CLR_PRC,0,11
2025-01-31T04:00:00-00:00,2025-01-31T05:00:00-00:00,2025-01-30,21,0,Hourly,RD,AS_SP26_EXP,DAM,RD_CLR_PRC,0,11
2025-01-31T10:00:00-00:00,2025-01-31T11:00:00-00:00,2025-01-31,3,0,Hourly,RD,AS_CAISO_EXP,DAM,RD_CLR_PRC,6.51833,12
2025-01-31T11:00:00-00:00,2025-01-31T12:00:00-00:00,2025-01-31,4,0,Hourly,RD,AS_NP26,DAM,RD_CLR_PRC,0,12
2025-01-31T12:00:00-00:00,2025-01-31T13:00:00-00:00,2025-01-31,5,0,Hourly,RD,AS_NP26_EXP,DAM,RD_CLR_PRC,4.37245,12
2025-01-31T14:00:00-00:00,2025-01-31T15:00:00-00:00,2025-01-31,7,0,Hourly,RD,AS_CAISO_EXP,DAM,RD_CLR_PRC,6.5,12
2025-01-31T17:00:00-00:00,2025-01-31T18:00:00-00:00,2025-01-31,10,0,Hourly,RD,AS_SP26_EXP,DAM,RD_CLR_PRC,0,12
2025-01-31T18:00:00-00:00,2025-01-31T19:00:00-00:00,2025-01-31,11,0,Hourly,RD,AS_NP26,DAM,RD_CLR_PRC,0,12
2025-01-31T23:00:00-00:00,2025-02-01T00:00:00-00:00,2025-01-31,16,0,Hourly,RD,AS_CAISO_EXP,DAM,RD_CLR_PRC,11,12
2025-01-31T23:00:00-00:00,2025-02-01T00:00:00-00:00,2025-01-31,16,0,Hourly,RD,AS_SP26_EXP,DAM,RD_CLR_PRC,0,12
2025-02-01T00:00:00-00:00,2025-02-01T01:00:00-00:00,2025-01-31,17,0,Hourly,RD,AS_CAISO,DAM,RD_CLR_PRC,0,12
2025-02-01T01:00:00-00:00,2025-02-01T02:00:00-00:00,2025-01-31,18,0,Hourly,RD,AS_CAISO_EXP,DAM,RD_CLR_PRC,6.5,12
2025-02-01T01:00:00-00:00,2025-02-01T02:00:00-00:00,2025-01-31,18,0,Hourly,RD,AS_SP26_EXP,DAM,RD_CLR_PRC,0,12
2025-02-01T06:00:00-00:00,2025-02-01T07:00:00-00:00,2025-01-31,23,0,Hourly,RD,AS_SP26,DAM,RD_CLR_PRC,0,12
2025-02-01T06:00:00-00:00,2025-02-01T07:00:00-00:00,2025-01-31,23,0,Hourly,RD,AS_SP26_EXP,DAM,RD_CLR_PRC,0,12
2025-02-01T07:00:00-00:00,2025-02-01T08:00:00-00:00,2025-01-31,24,0,Hourly,RD,AS_NP26,DAM,RD_CLR_PRC,0,12
2025-02-01T07:00:00-00:00,2025-02-01T08:00:00-00:00,2025-01-31,24,0,Hourly,RD,AS_SP26_EXP,DAM,RD_CLR_PRC,0,12
2025-01-31T08:00:00-00:00,2025-01-31T09:00:00-00:00,2025-01-31,1,0,Hourly,RD,AS_SP26_EXP,DAM,RD_CLR_PRC,0,12
2025-01-31T09:00:00-00:00,2025-01-31T10:00:00-00:00,2025-01-31,2,0,Hourly,RD,AS_NP26_EXP,DAM,RD_CLR_PRC,0,12
2025-01-31T11:00:00-00:00,2025-01-31T12:00:00-00:00,2025-01-31,4,0,Hourly,RD,AS_CAISO_EXP,DAM,RD_CLR_PRC,6.52676,12
2025-01-31T13:00:00-00:00,2025-01-31T14:00:00-00:00,2025-01-31,6,0,Hourly,RD,AS_SP26,DAM,RD_CLR_PRC,0,12
2025-01-31T16:00:00-00:00,2025-01-31T17:00:00-00:00,2025-01-31,9,0,Hourly,RD,AS_SP26_EXP,DAM,RD_CLR_PRC,0,12
2025-01-31T17:00:00-00:00,2025-01-31T18:00:00-00:00,2025-01-31,10,0,Hourly,RD,AS_SP26,DAM,RD_CLR_PRC,0,12
2025-01-31T19:00:00-00:00,2025-01-31T20:00:00-00:00,2025-01-31,12,0,Hourly,RD,AS_NP26,DAM,RD_CLR_PRC,0,12
2025-01-31T19:00:00-00:00,2025-01-31T20:00:00-00:00,2025-01-31,12,0,Hourly,RD,AS_NP26_EXP,DAM,RD_CLR_PRC,1.42,12
2025-01-31T22:00:00-00:00,2025-01-31T23:00:00-00:00,2025-01-31,15,0,Hourly,RD,AS_CAISO,DAM,RD_CLR_PRC,0,12
2025-02-01T01:00:00-00:00,2025-02-01T02:00:00-00:00,2025-01-31,18,0,Hourly,RD,AS_NP26_EXP,DAM,RD_CLR_PRC,8.5,12
2025-01-31T08:00:00-00:00,2025-01-31T09:00:00-00:00,2025-01-31,1,0,Hourly,RD,AS_NP26_EXP,DAM,RD_CLR_PRC,1.53917,12
2025-01-31T08:00:00-00:00,2025-01-31T09:00:00-00:00,2025-01-31,1,0,Hourly,RD,AS_CAISO_EXP,DAM,RD_CLR_PRC,6.33329,12
2025-01-31T08:00:00-00:00,2025-01-31T09:00:00-00:00,2025-01-31,1,0,Hourly,RD,AS_NP26,DAM,RD_CLR_PRC,0,12
2025-01-31T08:00:00-00:00,2025-01-31T09:00:00-00:00,2025-01-31,1,0,Hourly,RD,AS_SP26,DAM,RD_CLR_PRC,0,12
2025-01-31T10:00:00-00:00,2025-01-31T11:00:00-00:00,2025-01-31,3,0,Hourly,RD,AS_NP26,DAM,RD_CLR_PRC,0,12
2025-01-31T11:00:00-00:00,2025-01-31T12:00:00-00:00,2025-01-31,4,0,Hourly,RD,AS_SP26,DAM,RD_CLR_PRC,0,12
2025-01-31T12:00:00-00:00,2025-01-31T13:00:00-00:00,2025-01-31,5,0,Hourly,RD,AS_CAISO_EXP,DAM,RD_CLR_PRC,3.5,12
2025-01-31T12:00:00-00:00,2025-01-31T13:00:00-00:00,2025-01-31,5,0,Hourly,RD,AS_NP26,DAM,RD_CLR_PRC,0,12
2025-01-31T12:00:00-00:00,2025-01-31T13:00:00-00:00,2025-01-31,5,0,Hourly,RD,AS_SP26,DAM,RD_CLR_PRC,0,12
2025-01-31T14:00:00-00:00,2025-01-31T15:00:00-00:00,2025-01-31,7,0,Hourly,RD,AS_NP26,DAM,RD_CLR_PRC,0,12
2025-01-31T14:00:00-00:00,2025-01-31T15:00:00-00:00,2025-01-31,7,0,Hourly,RD,AS_SP26,DAM,RD_CLR_PRC,0,12
2025-01-31T15:00:00-00:00,2025-01-31T16:00:00-00:00,2025-01-31,8,0,Hourly,RD,AS_CAISO,DAM,RD_CLR_PRC,0,12
2025-01-31T15:00:00-00:00,2025-01-31T16:00:00-00:00,2025-01-31,8,0,Hourly,RD,AS_CAISO_EXP,DAM,RD_CLR_PRC,11.34606,12
2025-01-31T18:00:00-00:00,2025-01-31T19:00:00-00:00,2025-01-31,11,0,Hourly,RD,AS_CAISO_EXP,DAM,RD_CLR_PRC,6.53234,12
2025-01-31T20:00:00-00:00,2025-01-31T21:00:00-00:00,2025-01-31,13,0,Hourly,RD,AS_CAISO_EXP,DAM,RD_CLR_PRC,8.42,12
2025-01-31T21:00:00-00:00,2025-01-31T22:00:00-00:00,2025-01-31,14,0,Hourly,RD,AS_SP26,DAM,RD_CLR_PRC,0,12
2025-01-31T23:00:00-00:00,2025-02-01T00:00:00-00:00,2025-01-31,16,0,Hourly,RD,AS_SP26,DAM,RD_CLR_PRC,0,12
2025-02-01T03:00:00-00:00,2025-02-01T04:00:00-00:00,2025-01-31,20,0,Hourly,RD,AS_CAISO,DAM,RD_CLR_PRC,0,12
2025-02-01T04:00:00-00:00,2025-02-01T05:00:00-00:00,2025-01-31,21,0,Hourly,RD,AS_CAISO_EXP,DAM,RD_CLR_PRC,5,12
2025-01-31T10:00:00-00:00,2025-01-31T11:00:00-00:00,2025-01-31,3,0,Hourly,RD,AS_SP26,DAM,RD_CLR_PRC,0,12
2025-01-31T10:00:00-00:00,2025-01-31T11:00:00-00:00,2025-01-31,3,0,Hourly,RD,AS_SP26_EXP,DAM,RD_CLR_PRC,0,12
2025-01-31T11:00:00-00:00,2025-01-31T12:00:00-00:00,2025-01-31,4,0,Hourly,RD,AS_CAISO,DAM,RD_CLR_PRC,0,12
2025-01-31T12:00:00-00:00,2025-01-31T13:00:00-00:00,2025-01-31,5,0,Hourly,RD,AS_SP26_EXP,DAM,RD_CLR_PRC,0,12
2025-01-31T13:00:00-00:00,2025-01-31T14:00:00-00:00,2025-01-31,6,0,Hourly,RD,AS_CAISO,DAM,RD_CLR_PRC,0,12
2025-01-31T13:00:00-00:00,2025-01-31T14:00:00-00:00,2025-01-31,6,0,Hourly,RD,AS_CAISO_EXP,DAM,RD_CLR_PRC,6.44,12
2025-01-31T13:00:00-00:00,2025-01-31T14:00:00-00:00,2025-01-31,6,0,Hourly,RD,AS_SP26_EXP,DAM,RD_CLR_PRC,0,12
2025-01-31T14:00:00-00:00,2025-01-31T15:00:00-00:00,2025-01-31,7,0,Hourly,RD,AS_NP26_EXP,DAM,RD_CLR_PRC,1.49,12
2025-01-31T15:00:00-00:00,2025-01-31T16:00:00-00:00,2025-01-31,8,0,Hourly,RD,AS_NP26,DAM,RD_CLR_PRC,0,12
2025-01-31T15:00:00-00:00,2025-01-31T16:00:00-00:00,2025-01-31,8,0,Hourly,RD,AS_NP26_EXP,DAM,RD_CLR_PRC,3.65394,12
2025-01-31T17:00:00-00:00,2025-01-31T18:00:00-00:00,2025-01-31,10,0,Hourly,RD,AS_CAISO,DAM,RD_CLR_PRC,0,12
2025-01-31T18:00:00-00:00,2025-01-31T19:00:00-00:00,2025-01-31,11,0,Hourly,RD,AS_CAISO,DAM,RD_CLR_PRC,0,12
2025-01-31T19:00:00-00:00,2025-01-31T20:00:00-00:00,2025-01-31,12,0,Hourly,RD,AS_CAISO,DAM,RD_CLR_PRC,0,12
2025-01-31T21:00:00-00:00,2025-01-31T22:00:00-00:00,2025-01-31,14,0,Hourly,RD,AS_CAISO,DAM,RD_CLR_PRC,0,12
2025-01-31T22:00:00-00:00,2025-01-31T23:00:00-00:00,2025-01-31,15,0,Hourly,RD,AS_NP26_EXP,DAM,RD_CLR_PRC,0,12
2025-02-01T02:00:00-00:00,2025-02-01T03:00:00-00:00,2025-01-31,19,0,Hourly,RD,AS_SP26,DAM,RD_CLR_PRC,0,12
2025-02-01T03:00:00-00:00,2025-02-01T04:00:00-00:00,2025-01-31,20,0,Hourly,RD,AS_NP26,DAM,RD_CLR_PRC,0,12
2025-02-01T04:00:00-00:00,2025-02-01T05:00:00-00:00,2025-01-31,21,0,Hourly,RD,AS_SP26,DAM,RD_CLR_PRC,0,12
2025-01-31T14:00:00-00:00,2025-01-31T15:00:00-00:00,2025-01-31,7,0,Hourly,RD,AS_CAISO,DAM,RD_CLR_PRC,0,12
2025-01-31T16:00:00-00:00,2025-01-31T17:00:00-00:00,2025-01-31,9,0,Hourly,RD,AS_CAISO_EXP,DAM,RD_CLR_PRC,8.94,12
2025-01-31T18:00:00-00:00,2025-01-31T19:00:00-00:00,2025-01-31,11,0,Hourly,RD,AS_SP26,DAM,RD_CLR_PRC,0,12
2025-01-31T19:00:00-00:00,2025-01-31T20:00:00-00:00,2025-01-31,12,0,Hourly,RD,AS_CAISO_EXP,DAM,RD_CLR_PRC,6.57,12
2025-01-31T21:00:00-00:00,2025-01-31T22:00:00-00:00,2025-01-31,14,0,Hourly,RD,AS_CAISO_EXP,DAM,RD_CLR_PRC,10.88,12
2025-01-31T22:00:00-00:00,2025-01-31T23:00:00-00:00,2025-01-31,15,0,Hourly,RD,AS_NP26,DAM,RD_CLR_PRC,0,12
2025-01-31T23:00:00-00:00,2025-02-01T00:00:00-00:00,2025-01-31,16,0,Hourly,RD,AS_NP26_EXP,DAM,RD_CLR_PRC,0,12
2025-02-01T02:00:00-00:00,2025-02-01T03:00:00-00:00,2025-01-31,19,0,Hourly,RD,AS_CAISO,DAM,RD_CLR_PRC,0,12
2025-02-01T02:00:00-00:00,2025-02-01T03:00:00-00:00,2025-01-31,19,0,Hourly,RD,AS_SP26_EXP,DAM,RD_CLR_PRC,0,12
2025-02-01T03:00:00-00:00,2025-02-01T04:00:00-00:00,2025-01-31,20,0,Hourly,RD,AS_SP26_EXP,DAM,RD_CLR_PRC,0,12
2025-01-31T09:00:00-00:00,2025-01-31T10:00:00-00:00,2025-01-31,2,0,Hourly,RD,AS_CAISO_EXP,DAM,RD_CLR_PRC,5.97549,12
2025-01-31T09:00:00-00:00,2025-01-31T10:00:00-00:00,2025-01-31,2,0,Hourly,RD,AS_NP26,DAM,RD_CLR_PRC,0,12
2025-01-31T10:00:00-00:00,2025-01-31T11:00:00-00:00,2025-01-31,3,0,Hourly,RD,AS_CAISO,DAM,RD_CLR_PRC,0,12
2025-01-31T10:00:00-00:00,2025-01-31T11:00:00-00:00,2025-01-31,3,0,Hourly,RD,AS_NP26_EXP,DAM,RD_CLR_PRC,1.44555,12
2025-01-31T12:00:00-00:00,2025-01-31T13:00:00-00:00,2025-01-31,5,0,Hourly,RD,AS_CAISO,DAM,RD_CLR_PRC,0,12
2025-01-31T14:00:00-00:00,2025-01-31T15:00:00-00:00,2025-01-31,7,0,Hourly,RD,AS_SP26_EXP,DAM,RD_CLR_PRC,0,12
2025-01-31T15:00:00-00:00,2025-01-31T16:00:00-00:00,2025-01-31,8,0,Hourly,RD,AS_SP26,DAM,RD_CLR_PRC,0,12
2025-01-31T15:00:00-00:00,2025-01-31T16:00:00-00:00,2025-01-31,8,0,Hourly,RD,AS_SP26_EXP,DAM,RD_CLR_PRC,0,12
2025-01-31T18:00:00-00:00,2025-01-31T19:00:00-00:00,2025-01-31,11,0,Hourly,RD,AS_SP26_EXP,DAM,RD_CLR_PRC,0,12
2025-01-31T20:00:00-00:00,2025-01-31T21:00:00-00:00,2025-01-31,13,0,Hourly,RD,AS_CAISO,DAM,RD_CLR_PRC,0,12
2025-01-31T21:00:00-00:00,2025-01-31T22:00:00-00:00,2025-01-31,14,0,Hourly,RD,AS_NP26_EXP,DAM,RD_CLR_PRC,0,12
2025-01-31T23:00:00-00:00,2025-02-01T00:00:00-00:00,2025-01-31,16,0,Hourly,RD,AS_NP26,DAM,RD_CLR_PRC,0,12
2025-02-01T00:00:00-00:00,2025-02-01T01:00:00-00:00,2025-01-31,17,0,Hourly,RD,AS_CAISO_EXP,DAM,RD_CLR_PRC,6.86153,12
2025-02-01T00:00:00-00:00,2025-02-01T01:00:00-00:00,2025-01-31,17,0,Hourly,RD,AS_NP26,DAM,RD_CLR_PRC,0,12
2025-02-01T00:00:00-00:00,2025-02-01T01:00:00-00:00,2025-01-31,17,0,Hourly,RD,AS_SP26_EXP,DAM,RD_CLR_PRC,0,12
2025-02-01T01:00:00-00:00,2025-02-01T02:00:00-00:00,2025-01-31,18,0,Hourly,RD,AS_SP26,DAM,RD_CLR_PRC,0,12
2025-02-01T02:00:00-00:00,2025-02-01T03:00:00-00:00,2025-01-31,19,0,Hourly,RD,AS_NP26,DAM,RD_CLR_PRC,0,12
2025-02-01T02:00:00-00:00,2025-02-01T03:00:00-00:00,2025-01-31,19,0,Hourly,RD,AS_NP26_EXP,DAM,RD_CLR_PRC,3.23815,12
2025-02-01T03:00:00-00:00,2025-02-01T04:00:00-00:00,2025-01-31,20,0,Hourly,RD,AS_CAISO_EXP,DAM,RD_CLR_PRC,2,12
2025-02-01T03:00:00-00:00,2025-02-01T04:00:00-00:00,2025-01-31,20,0,Hourly,RD,AS_SP26,DAM,RD_CLR_PRC,0,12
2025-02-01T04:00:00-00:00,2025-02-01T05:00:00-00:00,2025-01-31,21,0,Hourly,RD,AS_SP26_EXP,DAM,RD_CLR_PRC,0,12
2025-02-01T05:00:00-00:00,2025-02-01T06:00:00-00:00,2025-01-31,22,0,Hourly,RD,AS_CAISO,DAM,RD_CLR_PRC,0,12
2025-02-01T05:00:00-00:00,2025-02-01T06:00:00-00:00,2025-01-31,22,0,Hourly,RD,AS_CAISO_EXP,DAM,RD_CLR_PRC,3.22553,12
2025-02-01T05:00:00-00:00,2025-02-01T06:00:00-00:00,2025-01-31,22,0,Hourly,RD,AS_NP26_EXP,DAM,RD_CLR_PRC,4.75663,12
2025-02-01T06:00:00-00:00,2025-02-01T07:00:00-00:00,2025-01-31,23,0,Hourly,RD,AS_NP26,DAM,RD_CLR_PRC,0,12
2025-02-01T07:00:00-00:00,2025-02-01T08:00:00-00:00,2025-01-31,24,0,Hourly,RD,AS_CAISO,DAM,RD_CLR_PRC,0,12
2025-01-31T13:00:00-00:00,2025-01-31T14:00:00-00:00,2025-01-31,6,0,Hourly,RD,AS_NP26_EXP,DAM,RD_CLR_PRC,1.55,12
2025-01-31T13:00:00-00:00,2025-01-31T14:00:00-00:00,2025-01-31,6,0,Hourly,RD,AS_NP26,DAM,RD_CLR_PRC,0,12
2025-01-31T16:00:00-00:00,2025-01-31T17:00:00-00:00,2025-01-31,9,0,Hourly,RD,AS_CAISO,DAM,RD_CLR_PRC,0,12
2025-01-31T16:00:00-00:00,2025-01-31T17:00:00-00:00,2025-01-31,9,0,Hourly,RD,AS_NP26,DAM,RD_CLR_PRC,0,12
2025-01-31T16:00:00-00:00,2025-01-31T17:00:00-00:00,2025-01-31,9,0,Hourly,RD,AS_NP26_EXP,DAM,RD_CLR_PRC,21.50456,12
2025-01-31T16:00:00-00:00,2025-01-31T17:00:00-00:00,2025-01-31,9,0,Hourly,RD,AS_SP26,DAM,RD_CLR_PRC,0,12
2025-01-31T17:00:00-00:00,2025-01-31T18:00:00-00:00,2025-01-31,10,0,Hourly,RD,AS_NP26,DAM,RD_CLR_PRC,0,12
2025-01-31T18:00:00-00:00,2025-01-31T19:00:00-00:00,2025-01-31,11,0,Hourly,RD,AS_NP26_EXP,DAM,RD_CLR_PRC,2.99896,12
2025-01-31T19:00:00-00:00,2025-01-31T20:00:00-00:00,2025-01-31,12,0,Hourly,RD,AS_SP26,DAM,RD_CLR_PRC,0,12
2025-01-31T20:00:00-00:00,2025-01-31T21:00:00-00:00,2025-01-31,13,0,Hourly,RD,AS_NP26_EXP,DAM,RD_CLR_PRC,0.21359,12
2025-01-31T20:00:00-00:00,2025-01-31T21:00:00-00:00,2025-01-31,13,0,Hourly,RD,AS_SP26,DAM,RD_CLR_PRC,0,12
2025-01-31T22:00:00-00:00,2025-01-31T23:00:00-00:00,2025-01-31,15,0,Hourly,RD,AS_SP26_EXP,DAM,RD_CLR_PRC,0,12
2025-01-31T23:00:00-00:00,2025-02-01T00:00:00-00:00,2025-01-31,16,0,Hourly,RD,AS_CAISO,DAM,RD_CLR_PRC,0,12
2025-02-01T00:00:00-00:00,2025-02-01T01:00:00-00:00,2025-01-31,17,0,Hourly,RD,AS_NP26_EXP,DAM,RD_CLR_PRC,3.21847,12
2025-02-01T00:00:00-00:00,2025-02-01T01:00:00-00:00,2025-01-31,17,0,Hourly,RD,AS_SP26,DAM,RD_CLR_PRC,0,12
2025-02-01T01:00:00-00:00,2025-02-01T02:00:00-00:00,2025-01-31,18,0,Hourly,RD,AS_CAISO,DAM,RD_CLR_PRC,0,12
2025-02-01T01:00:00-00:00,2025-02-01T02:00:00-00:00,2025-01-31,18,0,Hourly,RD,AS_NP26,DAM,RD_CLR_PRC,0,12
2025-02-01T03:00:00-00:00,2025-02-01T04:00:00-00:00,2025-01-31,20,0,Hourly,RD,AS_NP26_EXP,DAM,RD_CLR_PRC,5.99,12
2025-02-01T04:00:00-00:00,2025-02-01T05:00:00-00:00,2025-01-31,21,0,Hourly,RD,AS_CAISO,DAM,RD_CLR_PRC,0,12
2025-02-01T05:00:00-00:00,2025-02-01T06:00:00-00:00,2025-01-31,22,0,Hourly,RD,AS_NP26,DAM,RD_CLR_PRC,0,12
2025-02-01T06:00:00-00:00,2025-02-01T07:00:00-00:00,2025-01-31,23,0,Hourly,RD,AS_CAISO,DAM,RD_CLR_PRC,0,12
2025-02-01T07:00:00-00:00,2025-02-01T08:00:00-00:00,2025-01-31,24,0,Hourly,RD,AS_CAISO_EXP,DAM,RD_CLR_PRC,5.18,12
2025-02-01T07:00:00-00:00,2025-02-01T08:00:00-00:00,2025-01-31,24,0,Hourly,RD,AS_NP26_EXP,DAM,RD_CLR_PRC,2.81,12
2025-01-31T08:00:00-00:00,2025-01-31T09:00:00-00:00,2025-01-31,1,0,Hourly,RD,AS_CAISO,DAM,RD_CLR_PRC,0,12
2025-01-31T09:00:00-00:00,2025-01-31T10:00:00-00:00,2025-01-31,2,0,Hourly,RD,AS_CAISO,DAM,RD_CLR_PRC,0,12
2025-01-31T09:00:00-00:00,2025-01-31T10:00:00-00:00,2025-01-31,2,0,Hourly,RD,AS_SP26,DAM,RD_CLR_PRC,0,12
2025-01-31T09:00:00-00:00,2025-01-31T10:00:00-00:00,2025-01-31,2,0,Hourly,RD,AS_SP26_EXP,DAM,RD_CLR_PRC,0,12
2025-01-31T11:00:00-00:00,2025-01-31T12:00:00-00:00,2025-01-31,4,0,Hourly,RD,AS_NP26_EXP,DAM,RD_CLR_PRC,1.42049,12
2025-01-31T11:00:00-00:00,2025-01-31T12:00:00-00:00,2025-01-31,4,0,Hourly,RD,AS_SP26_EXP,DAM,RD_CLR_PRC,0,12
2025-01-31T17:00:00-00:00,2025-01-31T18:00:00-00:00,2025-01-31,10,0,Hourly,RD,AS_CAISO_EXP,DAM,RD_CLR_PRC,4,12
2025-01-31T17:00:00-00:00,2025-01-31T18:00:00-00:00,2025-01-31,10,0,Hourly,RD,AS_NP26_EXP,DAM,RD_CLR_PRC,11,12
2025-01-31T19:00:00-00:00,2025-01-31T20:00:00-00:00,2025-01-31,12,0,Hourly,RD,AS_SP26_EXP,DAM,RD_CLR_PRC,0,12
2025-01-31T20:00:00-00:00,2025-01-31T21:00:00-00:00,2025-01-31,13,0,Hourly,RD,AS_NP26,DAM,RD_CLR_PRC,0,12
2025-01-31T20:00:00-00:00,2025-01-31T21:00:00-00:00,2025-01-31,13,0,Hourly,RD,AS_SP26_EXP,DAM,RD_CLR_PRC,0,12
2025-01-31T21:00:00-00:00,2025-01-31T22:00:00-00:00,2025-01-31,14,0,Hourly,RD,AS_NP26,DAM,RD_CLR_PRC,0,12
2025-01-31T21:00:00-00:00,2025-01-31T22:00:00-00:00,2025-01-31,14,0,Hourly,RD,AS_SP26_EXP,DAM,RD_CLR_PRC,0,12
2025-01-31T22:00:00-00:00,2025-01-31T23:00:00-00:00,2025-01-31,15,0,Hourly,RD,AS_CAISO_EXP,DAM,RD_CLR_PRC,12.15,12
2025-01-31T22:00:00-00:00,2025-01-31T23:00:00-00:00,2025-01-31,15,0,Hourly,RD,AS_SP26,DAM,RD_CLR_PRC,0,12
2025-02-01T02:00:00-00:00,2025-02-01T03:00:00-00:00,2025-01-31,19,0,Hourly,RD,AS_CAISO_EXP,DAM,RD_CLR_PRC,5,12
2025-02-01T04:00:00-00:00,2025-02-01T05:00:00-00:00,2025-01-31,21,0,Hourly,RD,AS_NP26,DAM,RD_CLR_PRC,0,12
2025-02-01T04:00:00-00:00,2025-02-01T05:00:00-00:00,2025-01-31,21,0,Hourly,RD,AS_NP26_EXP,DAM,RD_CLR_PRC,3.13367,12
2025-02-01T05:00:00-00:00,2025-02-01T06:00:00-00:00,2025-01-31,22,0,Hourly,RD,AS_SP26,DAM,RD_CLR_PRC,0,12
2025-02-01T05:00:00-00:00,2025-02-01T06:00:00-00:00,2025-01-31,22,0,Hourly,RD,AS_SP26_EXP,DAM,RD_CLR_PRC,0,12
2025-02-01T06:00:00-00:00,2025-02-01T07:00:00-00:00,2025-01-31,23,0,Hourly,RD,AS_CAISO_EXP,DAM,RD_CLR_PRC,3.24258,12
2025-02-01T06:00:00-00:00,2025-02-01T07:00:00-00:00,2025-01-31,23,0,Hourly,RD,AS_NP26_EXP,DAM,RD_CLR_PRC,0.75742,12
2025-02-01T07:00:00-00:00,2025-02-01T08:00:00-00:00,2025-01-31,24,0,Hourly,RD,AS_SP26,DAM,RD_CLR_PRC,0,12
2025-02-01T11:00:00-00:00,2025-02-01T12:00:00-00:00,2025-02-01,4,0,Hourly,RD,AS_SP26_EXP,DAM,RD_CLR_PRC,0,13
2025-02-01T12:00:00-00:00,2025-02-01T13:00:00-00:00,2025-02-01,5,0,Hourly,RD,AS_CAISO_EXP,DAM,RD_CLR_PRC,3.5,13
2025-02-01T12:00:00-00:00,2025-02-01T13:00:00-00:00,2025-02-01,5,0,Hourly,RD,AS_SP26_EXP,DAM,RD_CLR_PRC,0,13
2025-02-01T13:00:00-00:00,2025-02-01T14:00:00-00:00,2025-02-01,6,0,Hourly,RD,AS_NP26,DAM,RD_CLR_PRC,0,13
2025-02-01T13:00:00-00:00,2025-02-01T14:00:00-00:00,2025-02-01,6,0,Hourly,RD,AS_SP26_EXP,DAM,RD_CLR_PRC,0,13
2025-02-01T15:00:00-00:00,2025-02-01T16:00:00-00:00,2025-02-01,8,0,Hourly,RD,AS_SP26_EXP,DAM,RD_CLR_PRC,0,13
2025-02-01T16:00:00-00:00,2025-02-01T17:00:00-00:00,2025-02-01,9,0,Hourly,RD,AS_CAISO_EXP,DAM,RD_CLR_PRC,5.01507,13
2025-02-01T18:00:00-00:00,2025-02-01T19:00:00-00:00,2025-02-01,11,0,Hourly,RD,AS_CAISO,DAM,RD_CLR_PRC,0,13
2025-02-01T18:00:00-00:00,2025-02-01T19:00:00-00:00,2025-02-01,11,0,Hourly,RD,AS_CAISO_EXP,DAM,RD_CLR_PRC,5.45,13
2025-02-01T18:00:00-00:00,2025-02-01T19:00:00-00:00,2025-02-01,11,0,Hourly,RD,AS_SP26,DAM,RD_CLR_PRC,0,13
2025-02-01T19:00:00-00:00,2025-02-01T20:00:00-00:00,2025-02-01,12,0,Hourly,RD,AS_SP26_EXP,DAM,RD_CLR_PRC,0,13
2025-02-01T23:00:00-00:00,2025-02-02T00:00:00-00:00,2025-02-01,16,0,Hourly,RD,AS_NP26_EXP,DAM,RD_CLR_PRC,0.3139,13
2025-02-02T01:00:00-00:00,2025-02-02T02:00:00-00:00,2025-02-01,18,0,Hourly,RD,AS_NP26_EXP,DAM,RD_CLR_PRC,2.0647,13
2025-02-02T02:00:00-00:00,2025-02-02T03:00:00-00:00,2025-02-01,19,0,Hourly,RD,AS_SP26_EXP,DAM,RD_CLR_PRC,0,13
2025-02-02T05:00:00-00:00,2025-02-02T06:00:00-00:00,2025-02-01,22,0,Hourly,RD,AS_NP26,DAM,RD_CLR_PRC,0,13
2025-02-02T07:00:00-00:00,2025-02-02T08:00:00-00:00,2025-02-01,24,0,Hourly,RD,AS_NP26,DAM,RD_CLR_PRC,0,13
2025-02-01T16:00:00-00:00,2025-02-01T17:00:00-00:00,2025-02-01,9,0,Hourly,RD,AS_NP26_EXP,DAM,RD_CLR_PRC,6.8565,13
2025-02-01T17:00:00-00:00,2025-02-01T18:00:00-00:00,2025-02-01,10,0,Hourly,RD,AS_CAISO,DAM,RD_CLR_PRC,0,13
2025-02-01T17:00:00-00:00,2025-02-01T18:00:00-00:00,2025-02-01,10,0,Hourly,RD,AS_SP26_EXP,DAM,RD_CLR_PRC,0,13
2025-02-01T20:00:00-00:00,2025-02-01T21:00:00-00:00,2025-02-01,13,0,Hourly,RD,AS_NP26,DAM,RD_CLR_PRC,0,13
2025-02-01T20:00:00-00:00,2025-02-01T21:00:00-00:00,2025-02-01,13,0,Hourly,RD,AS_NP26_EXP,DAM,RD_CLR_PRC,1.01222,13
2025-02-01T20:00:00-00:00,2025-02-01T21:00:00-00:00,2025-02-01,13,0,Hourly,RD,AS_SP26_EXP,DAM,RD_CLR_PRC,0,13
2025-02-01T21:00:00-00:00,2025-02-01T22:00:00-00:00,2025-02-01,14,0,Hourly,RD,AS_NP26_EXP,DAM,RD_CLR_PRC,0,13
2025-02-01T22:00:00-00:00,2025-02-01T23:00:00-00:00,2025-02-01,15,0,Hourly,RD,AS_SP26_EXP,DAM,RD_CLR_PRC,0,13
2025-02-01T23:00:00-00:00,2025-02-02T00:00:00-00:00,2025-02-01,16,0,Hourly,RD,AS_CAISO_EXP,DAM,RD_CLR_PRC,12.78789,13
2025-02-02T00:00:00-00:00,2025-02-02T01:00:00-00:00,2025-02-01,17,0,Hourly,RD,AS_CAISO_EXP,DAM,RD_CLR_PRC,14.64335,13
2025-02-02T01:00:00-00:00,2025-02-02T02:00:00-00:00,2025-02-01,18,0,Hourly,RD,AS_CAISO_EXP,DAM,RD_CLR_PRC,5.9253,13
2025-02-02T03:00:00-00:00,2025-02-02T04:00:00-00:00,2025-02-01,20,0,Hourly,RD,AS_NP26,DAM,RD_CLR_PRC,0,13
2025-02-02T04:00:00-00:00,2025-02-02T05:00:00-00:00,2025-02-01,21,0,Hourly,RD,AS_SP26,DAM,RD_CLR_PRC,0,13
2025-02-02T05:00:00-00:00,2025-02-02T06:00:00-00:00,2025-02-01,22,0,Hourly,RD,AS_SP26,DAM,RD_CLR_PRC,0,13
2025-02-02T07:00:00-00:00,2025-02-02T08:00:00-00:00,2025-02-01,24,0,Hourly,RD,AS_CAISO,DAM,RD_CLR_PRC,0,13
2025-02-02T07:00:00-00:00,2025-02-02T08:00:00-00:00,2025-02-01,24,0,Hourly,RD,AS_NP26_EXP,DAM,RD_CLR_PRC,0,13
2025-02-01T10:00:00-00:00,2025-02-01T11:00:00-00:00,2025-02-01,3,0,Hourly,RD,AS_CAISO_EXP,DAM,RD_CLR_PRC,4.47,13
2025-02-01T11:00:00-00:00,2025-02-01T12:00:00-00:00,2025-02-01,4,0,Hourly,RD,AS_NP26,DAM,RD_CLR_PRC,0,13
2025-02-01T19:00:00-00:00,2025-02-01T20:00:00-00:00,2025-02-01,12,0,Hourly,RD,AS_CAISO,DAM,RD_CLR_PRC,0,13
2025-02-01T19:00:00-00:00,2025-02-01T20:00:00-00:00,2025-02-01,12,0,Hourly,RD,AS_NP26,DAM,RD_CLR_PRC,0,13
2025-02-01T20:00:00-00:00,2025-02-01T21:00:00-00:00,2025-02-01,13,0,Hourly,RD,AS_CAISO,DAM,RD_CLR_PRC,0,13
2025-02-01T21:00:00-00:00,2025-02-01T22:00:00-00:00,2025-02-01,14,0,Hourly,RD,AS_CAISO_EXP,DAM,RD_CLR_PRC,9.41718,13
2025-02-01T22:00:00-00:00,2025-02-01T23:00:00-00:00,2025-02-01,15,0,Hourly,RD,AS_SP26,DAM,RD_CLR_PRC,0,13
2025-02-01T23:00:00-00:00,2025-02-02T00:00:00-00:00,2025-02-01,16,0,Hourly,RD,AS_CAISO,DAM,RD_CLR_PRC,0,13
2025-02-02T02:00:00-00:00,2025-02-02T03:00:00-00:00,2025-02-01,19,0,Hourly,RD,AS_CAISO,DAM,RD_CLR_PRC,0,13
2025-02-02T03:00:00-00:00,2025-02-02T04:00:00-00:00,2025-02-01,20,0,Hourly,RD,AS_CAISO,DAM,RD_CLR_PRC,0,13
2025-02-02T04:00:00-00:00,2025-02-02T05:00:00-00:00,2025-02-01,21,0,Hourly,RD,AS_SP26_EXP,DAM,RD_CLR_PRC,0,13
2025-02-02T06:00:00-00:00,2025-02-02T07:00:00-00:00,2025-02-01,23,0,Hourly,RD,AS_CAISO_EXP,DAM,RD_CLR_PRC,5.34,13
2025-02-01T08:00:00-00:00,2025-02-01T09:00:00-00:00,2025-02-01,1,0,Hourly,RD,AS_CAISO_EXP,DAM,RD_CLR_PRC,5.68343,13
2025-02-01T08:00:00-00:00,2025-02-01T09:00:00-00:00,2025-02-01,1,0,Hourly,RD,AS_NP26,DAM,RD_CLR_PRC,0,13
2025-02-01T12:00:00-00:00,2025-02-01T13:00:00-00:00,2025-02-01,5,0,Hourly,RD,AS_CAISO,DAM,RD_CLR_PRC,0,13
2025-02-01T12:00:00-00:00,2025-02-01T13:00:00-00:00,2025-02-01,5,0,Hourly,RD,AS_NP26,DAM,RD_CLR_PRC,0,13
2025-02-01T14:00:00-00:00,2025-02-01T15:00:00-00:00,2025-02-01,7,0,Hourly,RD,AS_CAISO_EXP,DAM,RD_CLR_PRC,6.42,13
2025-02-01T15:00:00-00:00,2025-02-01T16:00:00-00:00,2025-02-01,8,0,Hourly,RD,AS_CAISO_EXP,DAM,RD_CLR_PRC,10,13
2025-02-01T16:00:00-00:00,2025-02-01T17:00:00-00:00,2025-02-01,9,0,Hourly,RD,AS_SP26,DAM,RD_CLR_PRC,0,13
2025-02-01T16:00:00-00:00,2025-02-01T17:00:00-00:00,2025-02-01,9,0,Hourly,RD,AS_SP26_EXP,DAM,RD_CLR_PRC,0,13
2025-02-01T17:00:00-00:00,2025-02-01T18:00:00-00:00,2025-02-01,10,0,Hourly,RD,AS_CAISO_EXP,DAM,RD_CLR_PRC,5.28049,13
2025-02-01T19:00:00-00:00,2025-02-01T20:00:00-00:00,2025-02-01,12,0,Hourly,RD,AS_NP26_EXP,DAM,RD_CLR_PRC,2.27,13
2025-02-01T20:00:00-00:00,2025-02-01T21:00:00-00:00,2025-02-01,13,0,Hourly,RD,AS_SP26,DAM,RD_CLR_PRC,0,13
2025-02-01T21:00:00-00:00,2025-02-01T22:00:00-00:00,2025-02-01,14,0,Hourly,RD,AS_SP26,DAM,RD_CLR_PRC,0,13
2025-02-01T22:00:00-00:00,2025-02-01T23:00:00-00:00,2025-02-01,15,0,Hourly,RD,AS_NP26_EXP,DAM,RD_CLR_PRC,38.37138,13
2025-02-02T00:00:00-00:00,2025-02-02T01:00:00-00:00,2025-02-01,17,0,Hourly,RD,AS_NP26_EXP,DAM,RD_CLR_PRC,0,13
2025-02-02T02:00:00-00:00,2025-02-02T03:00:00-00:00,2025-02-01,19,0,Hourly,RD,AS_SP26,DAM,RD_CLR_PRC,0,13
2025-02-02T06:00:00-00:00,2025-02-02T07:00:00-00:00,2025-02-01,23,0,Hourly,RD,AS_SP26_EXP,DAM,RD_CLR_PRC,0,13
2025-02-02T07:00:00-00:00,2025-02-02T08:00:00-00:00,2025-02-01,24,0,Hourly,RD,AS_CAISO_EXP,DAM,RD_CLR_PRC,5.18,13
2025-02-01T09:00:00-00:00,2025-02-01T10:00:00-00:00,2025-02-01,2,0,Hourly,RD,AS_NP26_EXP,DAM,RD_CLR_PRC,2.96,13
2025-02-01T11:00:00-00:00,2025-02-01T12:00:00-00:00,2025-02-01,4,0,Hourly,RD,AS_NP26_EXP,DAM,RD_CLR_PRC,0.62044,13
2025-02-01T12:00:00-00:00,2025-02-01T13:00:00-00:00,2025-02-01,5,0,Hourly,RD,AS_SP26,DAM,RD_CLR_PRC,0,13
2025-02-01T14:00:00-00:00,2025-02-01T15:00:00-00:00,2025-02-01,7,0,Hourly,RD,AS_NP26,DAM,RD_CLR_PRC,0,13
2025-02-01T14:00:00-00:00,2025-02-01T15:00:00-00:00,2025-02-01,7,0,Hourly,RD,AS_NP26_EXP,DAM,RD_CLR_PRC,0.58,13
2025-02-01T16:00:00-00:00,2025-02-01T17:00:00-00:00,2025-02-01,9,0,Hourly,RD,AS_NP26,DAM,RD_CLR_PRC,0,13
2025-02-01T17:00:00-00:00,2025-02-01T18:00:00-00:00,2025-02-01,10,0,Hourly,RD,AS_NP26_EXP,DAM,RD_CLR_PRC,2.22294,13
2025-02-01T18:00:00-00:00,2025-02-01T19:00:00-00:00,2025-02-01,11,0,Hourly,RD,AS_NP26_EXP,DAM,RD_CLR_PRC,2.05631,13
2025-02-01T21:00:00-00:00,2025-02-01T22:00:00-00:00,2025-02-01,14,0,Hourly,RD,AS_NP26,DAM,RD_CLR_PRC,0,13
2025-02-01T22:00:00-00:00,2025-02-01T23:00:00-00:00,2025-02-01,15,0,Hourly,RD,AS_CAISO_EXP,DAM,RD_CLR_PRC,11.63862,13
2025-02-02T00:00:00-00:00,2025-02-02T01:00:00-00:00,2025-02-01,17,0,Hourly,RD,AS_SP26_EXP,DAM,RD_CLR_PRC,0,13
2025-02-02T01:00:00-00:00,2025-02-02T02:00:00-00:00,2025-02-01,18,0,Hourly,RD,AS_SP26_EXP,DAM,RD_CLR_PRC,0,13
2025-02-02T02:00:00-00:00,2025-02-02T03:00:00-00:00,2025-02-01,19,0,Hourly,RD,AS_NP26_EXP,DAM,RD_CLR_PRC,2.81636,13
2025-02-02T03:00:00-00:00,2025-02-02T04:00:00-00:00,2025-02-01,20,0,Hourly,RD,AS_NP26_EXP,DAM,RD_CLR_PRC,0.58,13
2025-02-02T03:00:00-00:00,2025-02-02T04:00:00-00:00,2025-02-01,20,0,Hourly,RD,AS_SP26_EXP,DAM,RD_CLR_PRC,0,13
2025-02-02T05:00:00-00:00,2025-02-02T06:00:00-00:00,2025-02-01,22,0,Hourly,RD,AS_CAISO,DAM,RD_CLR_PRC,0,13
2025-02-01T08:00:00-00:00,2025-02-01T09:00:00-00:00,2025-02-01,1,0,Hourly,RD,AS_SP26,DAM,RD_CLR_PRC,0,13
2025-02-01T09:00:00-00:00,2025-02-01T10:00:00-00:00,2025-02-01,2,0,Hourly,RD,AS_SP26_EXP,DAM,RD_CLR_PRC,0,13
2025-02-01T10:00:00-00:00,2025-02-01T11:00:00-00:00,2025-02-01,3,0,Hourly,RD,AS_SP26,DAM,RD_CLR_PRC,0,13
2025-02-01T08:00:00-00:00,2025-02-01T09:00:00-00:00,2025-02-01,1,0,Hourly,RD,AS_CAISO,DAM,RD_CLR_PRC,0,13
2025-02-01T09:00:00-00:00,2025-02-01T10:00:00-00:00,2025-02-01,2,0,Hourly,RD,AS_CAISO,DAM,RD_CLR_PRC,0,13
2025-02-01T09:00:00-00:00,2025-02-01T10:00:00-00:00,2025-02-01,2,0,Hourly,RD,AS_NP26,DAM,RD_CLR_PRC,0,13
2025-02-01T11:00:00-00:00,2025-02-01T12:00:00-00:00,2025-02-01,4,0,Hourly,RD,AS_CAISO,DAM,RD_CLR_PRC,0,13
2025-02-01T14:00:00-00:00,2025-02-01T15:00:00-00:00,2025-02-01,7,0,Hourly,RD,AS_CAISO,DAM,RD_CLR_PRC,0,13
2025-02-01T14:00:00-00:00,2025-02-01T15:00:00-00:00,2025-02-01,7,0,Hourly,RD,AS_SP26,DAM,RD_CLR_PRC,0,13
2025-02-01T18:00:00-00:00,2025-02-01T19:00:00-00:00,2025-02-01,11,0,Hourly,RD,AS_SP26_EXP,DAM,RD_CLR_PRC,0,13
2025-02-01T20:00:00-00:00,2025-02-01T21:00:00-00:00,2025-02-01,13,0,Hourly,RD,AS_CAISO_EXP,DAM,RD_CLR_PRC,6.95884,13
2025-02-01T22:00:00-00:00,2025-02-01T23:00:00-00:00,2025-02-01,15,0,Hourly,RD,AS_NP26,DAM,RD_CLR_PRC,0,13
2025-02-02T00:00:00-00:00,2025-02-02T01:00:00-00:00,2025-02-01,17,0,Hourly,RD,AS_CAISO,DAM,RD_CLR_PRC,0,13
2025-02-02T01:00:00-00:00,2025-02-02T02:00:00-00:00,2025-02-01,18,0,Hourly,RD,AS_NP26,DAM,RD_CLR_PRC,0,13
2025-02-02T04:00:00-00:00,2025-02-02T05:00:00-00:00,2025-02-01,21,0,Hourly,RD,AS_CAISO_EXP,DAM,RD_CLR_PRC,5,13
2025-02-02T04:00:00-00:00,2025-02-02T05:00:00-00:00,2025-02-01,21,0,Hourly,RD,AS_NP26,DAM,RD_CLR_PRC,0,13
2025-02-02T05:00:00-00:00,2025-02-02T06:00:00-00:00,2025-02-01,22,0,Hourly,RD,AS_NP26_EXP,DAM,RD_CLR_PRC,0,13
2025-02-02T05:00:00-00:00,2025-02-02T06:00:00-00:00,2025-02-01,22,0,Hourly,RD,AS_SP26_EXP,DAM,RD_CLR_PRC,0,13
2025-02-02T06:00:00-00:00,2025-02-02T07:00:00-00:00,2025-02-01,23,0,Hourly,RD,AS_CAISO,DAM,RD_CLR_PRC,0,13
2025-02-02T06:00:00-00:00,2025-02-02T07:00:00-00:00,2025-02-01,23,0,Hourly,RD,AS_NP26_EXP,DAM,RD_CLR_PRC,0,13
2025-02-02T07:00:00-00:00,2025-02-02T08:00:00-00:00,2025-02-01,24,0,Hourly,RD,AS_SP26,DAM,RD_CLR_PRC,0,13
2025-02-01T10:00:00-00:00,2025-02-01T11:00:00-00:00,2025-02-01,3,0,Hourly,RD,AS_CAISO,DAM,RD_CLR_PRC,0,13
2025-02-01T10:00:00-00:00,2025-02-01T11:00:00-00:00,2025-02-01,3,0,Hourly,RD,AS_NP26,DAM,RD_CLR_PRC,0,13
2025-02-01T11:00:00-00:00,2025-02-01T12:00:00-00:00,2025-02-01,4,0,Hourly,RD,AS_SP26,DAM,RD_CLR_PRC,0,13
2025-02-01T13:00:00-00:00,2025-02-01T14:00:00-00:00,2025-02-01,6,0,Hourly,RD,AS_CAISO,DAM,RD_CLR_PRC,0,13
2025-02-01T13:00:00-00:00,2025-02-01T14:00:00-00:00,2025-02-01,6,0,Hourly,RD,AS_SP26,DAM,RD_CLR_PRC,0,13
2025-02-01T14:00:00-00:00,2025-02-01T15:00:00-00:00,2025-02-01,7,0,Hourly,RD,AS_SP26_EXP,DAM,RD_CLR_PRC,0,13
2025-02-01T15:00:00-00:00,2025-02-01T16:00:00-00:00,2025-02-01,8,0,Hourly,RD,AS_CAISO,DAM,RD_CLR_PRC,0,13
2025-02-01T15:00:00-00:00,2025-02-01T16:00:00-00:00,2025-02-01,8,0,Hourly,RD,AS_NP26,DAM,RD_CLR_PRC,0,13
2025-02-01T15:00:00-00:00,2025-02-01T16:00:00-00:00,2025-02-01,8,0,Hourly,RD,AS_NP26_EXP,DAM,RD_CLR_PRC,0,13
2025-02-01T17:00:00-00:00,2025-02-01T18:00:00-00:00,2025-02-01,10,0,Hourly,RD,AS_NP26,DAM,RD_CLR_PRC,0,13
2025-02-01T17:00:00-00:00,2025-02-01T18:00:00-00:00,2025-02-01,10,0,Hourly,RD,AS_SP26,DAM,RD_CLR_PRC,0,13
2025-02-01T18:00:00-00:00,2025-02-01T19:00:00-00:00,2025-02-01,11,0,Hourly,RD,AS_NP26,DAM,RD_CLR_PRC,0,13
2025-02-01T19:00:00-00:00,2025-02-01T20:00:00-00:00,2025-02-01,12,0,Hourly,RD,AS_SP26,DAM,RD_CLR_PRC,0,13
2025-02-01T21:00:00-00:00,2025-02-01T22:00:00-00:00,2025-02-01,14,0,Hourly,RD,AS_CAISO,DAM,RD_CLR_PRC,0,13
2025-02-01T21:00:00-00:00,2025-02-01T22:00:00-00:00,2025-02-01,14,0,Hourly,RD,AS_SP26_EXP,DAM,RD_CLR_PRC,0,13
2025-02-01T23:00:00-00:00,2025-02-02T00:00:00-00:00,2025-02-01,16,0,Hourly,RD,AS_SP26_EXP,DAM,RD_CLR_PRC,0,13
2025-02-02T01:00:00-00:00,2025-02-02T02:00:00-00:00,2025-02-01,18,0,Hourly,RD,AS_SP26,DAM,RD_CLR_PRC,0,13
2025-02-02T02:00:00-00:00,2025-02-02T03:00:00-00:00,2025-02-01,19,0,Hourly,RD,AS_CAISO_EXP,DAM,RD_CLR_PRC,5.17364,13
2025-02-02T02:00:00-00:00,2025-02-02T03:00:00-00:00,2025-02-01,19,0,Hourly,RD,AS_NP26,DAM,RD_CLR_PRC,0,13
2025-02-02T03:00:00-00:00,2025-02-02T04:00:00-00:00,2025-02-01,20,0,Hourly,RD,AS_CAISO_EXP,DAM,RD_CLR_PRC,6.42,13
2025-02-02T03:00:00-00:00,2025-02-02T04:00:00-00:00,2025-02-01,20,0,Hourly,RD,AS_SP26,DAM,RD_CLR_PRC,0,13
2025-02-02T04:00:00-00:00,2025-02-02T05:00:00-00:00,2025-02-01,21,0,Hourly,RD,AS_NP26_EXP,DAM,RD_CLR_PRC,0,13
2025-02-02T06:00:00-00:00,2025-02-02T07:00:00-00:00,2025-02-01,23,0,Hourly,RD,AS_NP26,DAM,RD_CLR_PRC,0,13
2025-02-01T08:00:00-00:00,2025-02-01T09:00:00-00:00,2025-02-01,1,0,Hourly,RD,AS_SP26_EXP,DAM,RD_CLR_PRC,0,13
2025-02-01T09:00:00-00:00,2025-02-01T10:00:00-00:00,2025-02-01,2,0,Hourly,RD,AS_SP26,DAM,RD_CLR_PRC,0,13
2025-02-01T10:00:00-00:00,2025-02-01T11:00:00-00:00,2025-02-01,3,0,Hourly,RD,AS_SP26_EXP,DAM,RD_CLR_PRC,0,13
2025-02-01T11:00:00-00:00,2025-02-01T12:00:00-00:00,2025-02-01,4,0,Hourly,RD,AS_CAISO_EXP,DAM,RD_CLR_PRC,3.5,13
2025-02-01T12:00:00-00:00,2025-02-01T13:00:00-00:00,2025-02-01,5,0,Hourly,RD,AS_NP26_EXP,DAM,RD_CLR_PRC,0,13
2025-02-01T13:00:00-00:00,2025-02-01T14:00:00-00:00,2025-02-01,6,0,Hourly,RD,AS_CAISO_EXP,DAM,RD_CLR_PRC,7,13
2025-02-01T13:00:00-00:00,2025-02-01T14:00:00-00:00,2025-02-01,6,0,Hourly,RD,AS_NP26_EXP,DAM,RD_CLR_PRC,0,13
2025-02-01T15:00:00-00:00,2025-02-01T16:00:00-00:00,2025-02-01,8,0,Hourly,RD,AS_SP26,DAM,RD_CLR_PRC,0,13
2025-02-01T19:00:00-00:00,2025-02-01T20:00:00-00:00,2025-02-01,12,0,Hourly,RD,AS_CAISO_EXP,DAM,RD_CLR_PRC,5.72,13
2025-02-01T22:00:00-00:00,2025-02-01T23:00:00-00:00,2025-02-01,15,0,Hourly,RD,AS_CAISO,DAM,RD_CLR_PRC,0,13
2025-02-01T23:00:00-00:00,2025-02-02T00:00:00-00:00,2025-02-01,16,0,Hourly,RD,AS_NP26,DAM,RD_CLR_PRC,0,13
2025-02-01T23:00:00-00:00,2025-02-02T00:00:00-00:00,2025-02-01,16,0,Hourly,RD,AS_SP26,DAM,RD_CLR_PRC,0,13
2025-02-02T00:00:00-00:00,2025-02-02T01:00:00-00:00,2025-02-01,17,0,Hourly,RD,AS_NP26,DAM,RD_CLR_PRC,0,13
2025-02-02T00:00:00-00:00,2025-02-02T01:00:00-00:00,2025-02-01,17,0,Hourly,RD,AS_SP26,DAM,RD_CLR_PRC,0,13
2025-02-02T01:00:00-00:00,2025-02-02T02:00:00-00:00,2025-02-01,18,0,Hourly,RD,AS_CAISO,DAM,RD_CLR_PRC,0,13
2025-02-02T04:00:00-00:00,2025-02-02T05:00:00-00:00,2025-02-01,21,0,Hourly,RD,AS_CAISO,DAM,RD_CLR_PRC,0,13
2025-02-02T05:00:00-00:00,2025-02-02T06:00:00-00:00,2025-02-01,22,0,Hourly,RD,AS_CAISO_EXP,DAM,RD_CLR_PRC,5,13
2025-02-02T06:00:00-00:00,2025-02-02T07:00:00-00:00,2025-02-01,23,0,Hourly,RD,AS_SP26,DAM,RD_CLR_PRC,0,13
2025-02-02T07:00:00-00:00,2025-02-02T08:00:00-00:00,2025-02-01,24,0,Hourly,RD,AS_SP26_EXP,DAM,RD_CLR_PRC,0,13
2025-02-01T08:00:00-00:00,2025-02-01T09:00:00-00:00,2025-02-01,1,0,Hourly,RD,AS_NP26_EXP,DAM,RD_CLR_PRC,0,13
2025-02-01T09:00:00-00:00,2025-02-01T10:00:00-00:00,2025-02-01,2,0,Hourly,RD,AS_CAISO_EXP,DAM,RD_CLR_PRC,4.04,13
2025-02-01T10:00:00-00:00,2025-02-01T11:00:00-00:00,2025-02-01,3,0,Hourly,RD,AS_NP26_EXP,DAM,RD_CLR_PRC,0,13
2025-02-01T16:00:00-00:00,2025-02-01T17:00:00-00:00,2025-02-01,9,0,Hourly,RD,AS_CAISO,DAM,RD_CLR_PRC,0,13
2025-02-02T08:00:00-00:00,2025-02-02T09:00:00-00:00,2025-02-02,1,0,Hourly,RD,AS_CAISO,DAM,RD_CLR_PRC,0,14
2025-02-02T09:00:00-00:00,2025-02-02T10:00:00-00:00,2025-02-02,2,0,Hourly,RD,AS_SP26,DAM,RD_CLR_PRC,0,14
2025-02-02T10:00:00-00:00,2025-02-02T11:00:00-00:00,2025-02-02,3,0,Hourly,RD,AS_NP26,DAM,RD_CLR_PRC,0,14
2025-02-02T10:00:00-00:00,2025-02-02T11:00:00-00:00,2025-02-02,3,0,Hourly,RD,AS_SP26,DAM,RD_CLR_PRC,0,14
2025-02-02T10:00:00-00:00,2025-02-02T11:00:00-00:00,2025-02-02,3,0,Hourly,RD,AS_SP26_EXP,DAM,RD_CLR_PRC,0,14
2025-02-02T11:00:00-00:00,2025-02-02T12:00:00-00:00,2025-02-02,4,0,Hourly,RD,AS_CAISO_EXP,DAM,RD_CLR_PRC,4.5,14
2025-02-02T12:00:00-00:00,2025-02-02T13:00:00-00:00,2025-02-02,5,0,Hourly,RD,AS_SP26_EXP,DAM,RD_CLR_PRC,0,14
2025-02-02T13:00:00-00:00,2025-02-02T14:00:00-00:00,2025-02-02,6,0,Hourly,RD,AS_CAISO_EXP,DAM,RD_CLR_PRC,5,14
2025-02-02T14:00:00-00:00,2025-02-02T15:00:00-00:00,2025-02-02,7,0,Hourly,RD,AS_CAISO_EXP,DAM,RD_CLR_PRC,6.36,14
2025-02-02T14:00:00-00:00,2025-02-02T15:00:00-00:00,2025-02-02,7,0,Hourly,RD,AS_NP26,DAM,RD_CLR_PRC,0,14
2025-02-02T17:00:00-00:00,2025-02-02T18:00:00-00:00,2025-02-02,10,0,Hourly,RD,AS_CAISO_EXP,DAM,RD_CLR_PRC,6,14
2025-02-02T17:00:00-00:00,2025-02-02T18:00:00-00:00,2025-02-02,10,0,Hourly,RD,AS_SP26,DAM,RD_CLR_PRC,0,14
2025-02-02T18:00:00-00:00,2025-02-02T19:00:00-00:00,2025-02-02,11,0,Hourly,RD,AS_SP26_EXP,DAM,RD_CLR_PRC,0,14
2025-02-02T20:00:00-00:00,2025-02-02T21:00:00-00:00,2025-02-02,13,0,Hourly,RD,AS_NP26_EXP,DAM,RD_CLR_PRC,2.54358,14
2025-02-02T23:00:00-00:00,2025-02-03T00:00:00-00:00,2025-02-02,16,0,Hourly,RD,AS_SP26_EXP,DAM,RD_CLR_PRC,0,14
2025-02-03T05:00:00-00:00,2025-02-03T06:00:00-00:00,2025-02-02,22,0,Hourly,RD,AS_NP26_EXP,DAM,RD_CLR_PRC,4.18776,14
2025-02-03T05:00:00-00:00,2025-02-03T06:00:00-00:00,2025-02-02,22,0,Hourly,RD,AS_CAISO,DAM,RD_CLR_PRC,0,14
2025-02-03T06:00:00-00:00,2025-02-03T07:00:00-00:00,2025-02-02,23,0,Hourly,RD,AS_CAISO,DAM,RD_CLR_PRC,0,14
2025-02-03T07:00:00-00:00,2025-02-03T08:00:00-00:00,2025-02-02,24,0,Hourly,RD,AS_SP26_EXP,DAM,RD_CLR_PRC,0,14
2025-02-02T11:00:00-00:00,2025-02-02T12:00:00-00:00,2025-02-02,4,0,Hourly,RD,AS_NP26_EXP,DAM,RD_CLR_PRC,0,14
2025-02-02T11:00:00-00:00,2025-02-02T12:00:00-00:00,2025-02-02,4,0,Hourly,RD,AS_SP26,DAM,RD_CLR_PRC,0,14
2025-02-02T13:00:00-00:00,2025-02-02T14:00:00-00:00,2025-02-02,6,0,Hourly,RD,AS_CAISO,DAM,RD_CLR_PRC,0,14
2025-02-02T17:00:00-00:00,2025-02-02T18:00:00-00:00,2025-02-02,10,0,Hourly,RD,AS_SP26_EXP,DAM,RD_CLR_PRC,0,14
2025-02-02T18:00:00-00:00,2025-02-02T19:00:00-00:00,2025-02-02,11,0,Hourly,RD,AS_CAISO_EXP,DAM,RD_CLR_PRC,6.43186,14
2025-02-02T21:00:00-00:00,2025-02-02T22:00:00-00:00,2025-02-02,14,0,Hourly,RD,AS_CAISO,DAM,RD_CLR_PRC,0,14
2025-02-02T08:00:00-00:00,2025-02-02T09:00:00-00:00,2025-02-02,1,0,Hourly,RD,AS_SP26_EXP,DAM,RD_CLR_PRC,0.26341,14
2025-02-02T10:00:00-00:00,2025-02-02T11:00:00-00:00,2025-02-02,3,0,Hourly,RD,AS_NP26_EXP,DAM,RD_CLR_PRC,0,14
2025-02-02T13:00:00-00:00,2025-02-02T14:00:00-00:00,2025-02-02,6,0,Hourly,RD,AS_NP26,DAM,RD_CLR_PRC,0,14
2025-02-02T15:00:00-00:00,2025-02-02T16:00:00-00:00,2025-02-02,8,0,Hourly,RD,AS_NP26,DAM,RD_CLR_PRC,0,14
2025-02-02T16:00:00-00:00,2025-02-02T17:00:00-00:00,2025-02-02,9,0,Hourly,RD,AS_CAISO_EXP,DAM,RD_CLR_PRC,6.43186,14
2025-02-02T16:00:00-00:00,2025-02-02T17:00:00-00:00,2025-02-02,9,0,Hourly,RD,AS_NP26_EXP,DAM,RD_CLR_PRC,3.57814,14
2025-02-02T18:00:00-00:00,2025-02-02T19:00:00-00:00,2025-02-02,11,0,Hourly,RD,AS_NP26,DAM,RD_CLR_PRC,0,14
2025-02-02T18:00:00-00:00,2025-02-02T19:00:00-00:00,2025-02-02,11,0,Hourly,RD,AS_SP26,DAM,RD_CLR_PRC,0,14
2025-02-02T19:00:00-00:00,2025-02-02T20:00:00-00:00,2025-02-02,12,0,Hourly,RD,AS_NP26_EXP,DAM,RD_CLR_PRC,0,14
2025-02-02T20:00:00-00:00,2025-02-02T21:00:00-00:00,2025-02-02,13,0,Hourly,RD,AS_CAISO_EXP,DAM,RD_CLR_PRC,5.42,14
2025-02-03T02:00:00-00:00,2025-02-03T03:00:00-00:00,2025-02-02,19,0,Hourly,RD,AS_CAISO_EXP,DAM,RD_CLR_PRC,5,14
2025-02-03T02:00:00-00:00,2025-02-03T03:00:00-00:00,2025-02-02,19,0,Hourly,RD,AS_SP26,DAM,RD_CLR_PRC,0,14
2025-02-03T03:00:00-00:00,2025-02-03T04:00:00-00:00,2025-02-02,20,0,Hourly,RD,AS_SP26,DAM,RD_CLR_PRC,0,14
2025-02-03T05:00:00-00:00,2025-02-03T06:00:00-00:00,2025-02-02,22,0,Hourly,RD,AS_NP26,DAM,RD_CLR_PRC,0,14
2025-02-03T05:00:00-00:00,2025-02-03T06:00:00-00:00,2025-02-02,22,0,Hourly,RD,AS_SP26_EXP,DAM,RD_CLR_PRC,0,14
2025-02-02T09:00:00-00:00,2025-02-02T10:00:00-00:00,2025-02-02,2,0,Hourly,RD,AS_CAISO,DAM,RD_CLR_PRC,0,14
2025-02-02T10:00:00-00:00,2025-02-02T11:00:00-00:00,2025-02-02,3,0,Hourly,RD,AS_CAISO,DAM,RD_CLR_PRC,0,14
2025-02-02T10:00:00-00:00,2025-02-02T11:00:00-00:00,2025-02-02,3,0,Hourly,RD,AS_CAISO_EXP,DAM,RD_CLR_PRC,3.51,14
2025-02-02T13:00:00-00:00,2025-02-02T14:00:00-00:00,2025-02-02,6,0,Hourly,RD,AS_SP26,DAM,RD_CLR_PRC,0,14
2025-02-02T15:00:00-00:00,2025-02-02T16:00:00-00:00,2025-02-02,8,0,Hourly,RD,AS_CAISO_EXP,DAM,RD_CLR_PRC,9.19033,14
2025-02-02T15:00:00-00:00,2025-02-02T16:00:00-00:00,2025-02-02,8,0,Hourly,RD,AS_SP26,DAM,RD_CLR_PRC,0,14
2025-02-02T17:00:00-00:00,2025-02-02T18:00:00-00:00,2025-02-02,10,0,Hourly,RD,AS_NP26_EXP,DAM,RD_CLR_PRC,0,14
2025-02-02T18:00:00-00:00,2025-02-02T19:00:00-00:00,2025-02-02,11,0,Hourly,RD,AS_NP26_EXP,DAM,RD_CLR_PRC,0,14
2025-02-02T19:00:00-00:00,2025-02-02T20:00:00-00:00,2025-02-02,12,0,Hourly,RD,AS_CAISO,DAM,RD_CLR_PRC,0,14
2025-02-02T19:00:00-00:00,2025-02-02T20:00:00-00:00,2025-02-02,12,0,Hourly,RD,AS_CAISO_EXP,DAM,RD_CLR_PRC,5.62943,14
2025-02-02T22:00:00-00:00,2025-02-02T23:00:00-00:00,2025-02-02,15,0,Hourly,RD,AS_CAISO,DAM,RD_CLR_PRC,0,14
2025-02-03T01:00:00-00:00,2025-02-03T02:00:00-00:00,2025-02-02,18,0,Hourly,RD,AS_NP26,DAM,RD_CLR_PRC,0,14
2025-02-03T03:00:00-00:00,2025-02-03T04:00:00-00:00,2025-02-02,20,0,Hourly,RD,AS_NP26,DAM,RD_CLR_PRC,0,14
2025-02-03T04:00:00-00:00,2025-02-03T05:00:00-00:00,2025-02-02,21,0,Hourly,RD,AS_SP26_EXP,DAM,RD_CLR_PRC,0,14
2025-02-03T05:00:00-00:00,2025-02-03T06:00:00-00:00,2025-02-02,22,0,Hourly,RD,AS_SP26,DAM,RD_CLR_PRC,0,14
2025-02-03T07:00:00-00:00,2025-02-03T08:00:00-00:00,2025-02-02,24,0,Hourly,RD,AS_CAISO_EXP,DAM,RD_CLR_PRC,5.18,14
2025-02-03T07:00:00-00:00,2025-02-03T08:00:00-00:00,2025-02-02,24,0,Hourly,RD,AS_NP26,DAM,RD_CLR_PRC,0,14
2025-02-02T22:00:00-00:00,2025-02-02T23:00:00-00:00,2025-02-02,15,0,Hourly,RD,AS_NP26_EXP,DAM,RD_CLR_PRC,12.26689,14
2025-02-02T22:00:00-00:00,2025-02-02T23:00:00-00:00,2025-02-02,15,0,Hourly,RD,AS_SP26,DAM,RD_CLR_PRC,0,14
2025-02-03T00:00:00-00:00,2025-02-03T01:00:00-00:00,2025-02-02,17,0,Hourly,RD,AS_CAISO,DAM,RD_CLR_PRC,0,14
2025-02-03T00:00:00-00:00,2025-02-03T01:00:00-00:00,2025-02-02,17,0,Hourly,RD,AS_CAISO_EXP,DAM,RD_CLR_PRC,11.79994,14
2025-02-03T00:00:00-00:00,2025-02-03T01:00:00-00:00,2025-02-02,17,0,Hourly,RD,AS_NP26,DAM,RD_CLR_PRC,0,14
2025-02-03T00:00:00-00:00,2025-02-03T01:00:00-00:00,2025-02-02,17,0,Hourly,RD,AS_NP26_EXP,DAM,RD_CLR_PRC,1.127,14
2025-02-03T01:00:00-00:00,2025-02-03T02:00:00-00:00,2025-02-02,18,0,Hourly,RD,AS_NP26_EXP,DAM,RD_CLR_PRC,1.63,14
2025-02-03T02:00:00-00:00,2025-02-03T03:00:00-00:00,2025-02-02,19,0,Hourly,RD,AS_SP26_EXP,DAM,RD_CLR_PRC,0,14
2025-02-03T03:00:00-00:00,2025-02-03T04:00:00-00:00,2025-02-02,20,0,Hourly,RD,AS_CAISO_EXP,DAM,RD_CLR_PRC,6.12,14
2025-02-03T03:00:00-00:00,2025-02-03T04:00:00-00:00,2025-02-02,20,0,Hourly,RD,AS_NP26_EXP,DAM,RD_CLR_PRC,1.87,14
2025-02-03T03:00:00-00:00,2025-02-03T04:00:00-00:00,2025-02-02,20,0,Hourly,RD,AS_SP26_EXP,DAM,RD_CLR_PRC,0,14
2025-02-03T06:00:00-00:00,2025-02-03T07:00:00-00:00,2025-02-02,23,0,Hourly,RD,AS_NP26,DAM,RD_CLR_PRC,0,14
2025-02-03T07:00:00-00:00,2025-02-03T08:00:00-00:00,2025-02-02,24,0,Hourly,RD,AS_SP26,DAM,RD_CLR_PRC,0,14
2025-02-02T12:00:00-00:00,2025-02-02T13:00:00-00:00,2025-02-02,5,0,Hourly,RD,AS_CAISO,DAM,RD_CLR_PRC,0,14
2025-02-02T12:00:00-00:00,2025-02-02T13:00:00-00:00,2025-02-02,5,0,Hourly,RD,AS_NP26_EXP,DAM,RD_CLR_PRC,0,14
2025-02-02T15:00:00-00:00,2025-02-02T16:00:00-00:00,2025-02-02,8,0,Hourly,RD,AS_CAISO,DAM,RD_CLR_PRC,0,14
2025-02-02T15:00:00-00:00,2025-02-02T16:00:00-00:00,2025-02-02,8,0,Hourly,RD,AS_NP26_EXP,DAM,RD_CLR_PRC,0,14
2025-02-02T16:00:00-00:00,2025-02-02T17:00:00-00:00,2025-02-02,9,0,Hourly,RD,AS_CAISO,DAM,RD_CLR_PRC,0,14
2025-02-02T17:00:00-00:00,2025-02-02T18:00:00-00:00,2025-02-02,10,0,Hourly,RD,AS_CAISO,DAM,RD_CLR_PRC,0,14
2025-02-02T17:00:00-00:00,2025-02-02T18:00:00-00:00,2025-02-02,10,0,Hourly,RD,AS_NP26,DAM,RD_CLR_PRC,0,14
2025-02-02T20:00:00-00:00,2025-02-02T21:00:00-00:00,2025-02-02,13,0,Hourly,RD,AS_SP26,DAM,RD_CLR_PRC,0,14
2025-02-02T20:00:00-00:00,2025-02-02T21:00:00-00:00,2025-02-02,13,0,Hourly,RD,AS_SP26_EXP,DAM,RD_CLR_PRC,0,14
2025-02-02T21:00:00-00:00,2025-02-02T22:00:00-00:00,2025-02-02,14,0,Hourly,RD,AS_SP26,DAM,RD_CLR_PRC,0,14
2025-02-02T08:00:00-00:00,2025-02-02T09:00:00-00:00,2025-02-02,1,0,Hourly,RD,AS_NP26,DAM,RD_CLR_PRC,0,14
2025-02-02T08:00:00-00:00,2025-02-02T09:00:00-00:00,2025-02-02,1,0,Hourly,RD,AS_SP26,DAM,RD_CLR_PRC,0,14
2025-02-02T09:00:00-00:00,2025-02-02T10:00:00-00:00,2025-02-02,2,0,Hourly,RD,AS_CAISO_EXP,DAM,RD_CLR_PRC,3,14
2025-02-02T09:00:00-00:00,2025-02-02T10:00:00-00:00,2025-02-02,2,0,Hourly,RD,AS_NP26,DAM,RD_CLR_PRC,0,14
2025-02-02T09:00:00-00:00,2025-02-02T10:00:00-00:00,2025-02-02,2,0,Hourly,RD,AS_NP26_EXP,DAM,RD_CLR_PRC,0,14
2025-02-02T09:00:00-00:00,2025-02-02T10:00:00-00:00,2025-02-02,2,0,Hourly,RD,AS_SP26_EXP,DAM,RD_CLR_PRC,0,14
2025-02-02T11:00:00-00:00,2025-02-02T12:00:00-00:00,2025-02-02,4,0,Hourly,RD,AS_NP26,DAM,RD_CLR_PRC,0,14
2025-02-02T11:00:00-00:00,2025-02-02T12:00:00-00:00,2025-02-02,4,0,Hourly,RD,AS_SP26_EXP,DAM,RD_CLR_PRC,0,14
2025-02-02T12:00:00-00:00,2025-02-02T13:00:00-00:00,2025-02-02,5,0,Hourly,RD,AS_SP26,DAM,RD_CLR_PRC,0,14
2025-02-02T16:00:00-00:00,2025-02-02T17:00:00-00:00,2025-02-02,9,0,Hourly,RD,AS_SP26,DAM,RD_CLR_PRC,0,14
2025-02-02T16:00:00-00:00,2025-02-02T17:00:00-00:00,2025-02-02,9,0,Hourly,RD,AS_SP26_EXP,DAM,RD_CLR_PRC,0,14
2025-02-02T18:00:00-00:00,2025-02-02T19:00:00-00:00,2025-02-02,11,0,Hourly,RD,AS_CAISO,DAM,RD_CLR_PRC,0,14
2025-02-02T20:00:00-00:00,2025-02-02T21:00:00-00:00,2025-02-02,13,0,Hourly,RD,AS_CAISO,DAM,RD_CLR_PRC,0,14
2025-02-02T20:00:00-00:00,2025-02-02T21:00:00-00:00,2025-02-02,13,0,Hourly,RD,AS_NP26,DAM,RD_CLR_PRC,0,14
2025-02-02T22:00:00-00:00,2025-02-02T23:00:00-00:00,2025-02-02,15,0,Hourly,RD,AS_SP26_EXP,DAM,RD_CLR_PRC,0,14
2025-02-02T23:00:00-00:00,2025-02-03T00:00:00-00:00,2025-02-02,16,0,Hourly,RD,AS_CAISO_EXP,DAM,RD_CLR_PRC,10,14
2025-02-03T01:00:00-00:00,2025-02-03T02:00:00-00:00,2025-02-02,18,0,Hourly,RD,AS_CAISO_EXP,DAM,RD_CLR_PRC,6.36,14
2025-02-03T01:00:00-00:00,2025-02-03T02:00:00-00:00,2025-02-02,18,0,Hourly,RD,AS_SP26,DAM,RD_CLR_PRC,0,14
2025-02-03T01:00:00-00:00,2025-02-03T02:00:00-00:00,2025-02-02,18,0,Hourly,RD,AS_SP26_EXP,DAM,RD_CLR_PRC,0,14
2025-02-03T03:00:00-00:00,2025-02-03T04:00:00-00:00,2025-02-02,20,0,Hourly,RD,AS_CAISO,DAM,RD_CLR_PRC,0,14
2025-02-03T04:00:00-00:00,2025-02-03T05:00:00-00:00,2025-02-02,21,0,Hourly,RD,AS_SP26,DAM,RD_CLR_PRC,0,14
2025-02-03T05:00:00-00:00,2025-02-03T06:00:00-00:00,2025-02-02,22,0,Hourly,RD,AS_CAISO_EXP,DAM,RD_CLR_PRC,2.81224,14
2025-02-03T06:00:00-00:00,2025-02-03T07:00:00-00:00,2025-02-02,23,0,Hourly,RD,AS_NP26_EXP,DAM,RD_CLR_PRC,0,14
2025-02-03T06:00:00-00:00,2025-02-03T07:00:00-00:00,2025-02-02,23,0,Hourly,RD,AS_SP26_EXP,DAM,RD_CLR_PRC,0,14
2025-02-03T07:00:00-00:00,2025-02-03T08:00:00-00:00,2025-02-02,24,0,Hourly,RD,AS_CAISO,DAM,RD_CLR_PRC,0,14
2025-02-03T07:00:00-00:00,2025-02-03T08:00:00-00:00,2025-02-02,24,0,Hourly,RD,AS_NP26_EXP,DAM,RD_CLR_PRC,1.82,14
2025-02-02T08:00:00-00:00,2025-02-02T09:00:00-00:00,2025-02-02,1,0,Hourly,RD,AS_NP26_EXP,DAM,RD_CLR_PRC,0,14
2025-02-02T08:00:00-00:00,2025-02-02T09:00:00-00:00,2025-02-02,1,0,Hourly,RD,AS_CAISO_EXP,DAM,RD_CLR_PRC,4.23659,14
2025-02-02T12:00:00-00:00,2025-02-02T13:00:00-00:00,2025-02-02,5,0,Hourly,RD,AS_CAISO_EXP,DAM,RD_CLR_PRC,2.80935,14
2025-02-02T12:00:00-00:00,2025-02-02T13:00:00-00:00,2025-02-02,5,0,Hourly,RD,AS_NP26,DAM,RD_CLR_PRC,0,14
2025-02-02T13:00:00-00:00,2025-02-02T14:00:00-00:00,2025-02-02,6,0,Hourly,RD,AS_NP26_EXP,DAM,RD_CLR_PRC,0,14
2025-02-02T14:00:00-00:00,2025-02-02T15:00:00-00:00,2025-02-02,7,0,Hourly,RD,AS_SP26,DAM,RD_CLR_PRC,0,14
2025-02-02T14:00:00-00:00,2025-02-02T15:00:00-00:00,2025-02-02,7,0,Hourly,RD,AS_SP26_EXP,DAM,RD_CLR_PRC,0,14
2025-02-02T15:00:00-00:00,2025-02-02T16:00:00-00:00,2025-02-02,8,0,Hourly,RD,AS_SP26_EXP,DAM,RD_CLR_PRC,0,14
2025-02-02T16:00:00-00:00,2025-02-02T17:00:00-00:00,2025-02-02,9,0,Hourly,RD,AS_NP26,DAM,RD_CLR_PRC,0,14
2025-02-02T19:00:00-00:00,2025-02-02T20:00:00-00:00,2025-02-02,12,0,Hourly,RD,AS_SP26,DAM,RD_CLR_PRC,0,14
2025-02-02T21:00:00-00:00,2025-02-02T22:00:00-00:00,2025-02-02,14,0,Hourly,RD,AS_NP26,DAM,RD_CLR_PRC,0,14
2025-02-02T23:00:00-00:00,2025-02-03T00:00:00-00:00,2025-02-02,16,0,Hourly,RD,AS_NP26,DAM,RD_CLR_PRC,0,14
2025-02-03T02:00:00-00:00,2025-02-03T03:00:00-00:00,2025-02-02,19,0,Hourly,RD,AS_CAISO,DAM,RD_CLR_PRC,0,14
2025-02-03T02:00:00-00:00,2025-02-03T03:00:00-00:00,2025-02-02,19,0,Hourly,RD,AS_NP26_EXP,DAM,RD_CLR_PRC,2.99,14
2025-02-03T06:00:00-00:00,2025-02-03T07:00:00-00:00,2025-02-02,23,0,Hourly,RD,AS_SP26,DAM,RD_CLR_PRC,0,14
2025-02-02T11:00:00-00:00,2025-02-02T12:00:00-00:00,2025-02-02,4,0,Hourly,RD,AS_CAISO,DAM,RD_CLR_PRC,0,14
2025-02-02T13:00:00-00:00,2025-02-02T14:00:00-00:00,2025-02-02,6,0,Hourly,RD,AS_SP26_EXP,DAM,RD_CLR_PRC,0,14
2025-02-02T14:00:00-00:00,2025-02-02T15:00:00-00:00,2025-02-02,7,0,Hourly,RD,AS_CAISO,DAM,RD_CLR_PRC,0,14
2025-02-02T14:00:00-00:00,2025-02-02T15:00:00-00:00,2025-02-02,7,0,Hourly,RD,AS_NP26_EXP,DAM,RD_CLR_PRC,1.04044,14
2025-02-02T19:00:00-00:00,2025-02-02T20:00:00-00:00,2025-02-02,12,0,Hourly,RD,AS_NP26,DAM,RD_CLR_PRC,0,14
2025-02-02T19:00:00-00:00,2025-02-02T20:00:00-00:00,2025-02-02,12,0,Hourly,RD,AS_SP26_EXP,DAM,RD_CLR_PRC,0,14
2025-02-02T21:00:00-00:00,2025-02-02T22:00:00-00:00,2025-02-02,14,0,Hourly,RD,AS_NP26_EXP,DAM,RD_CLR_PRC,0,14
2025-02-02T22:00:00-00:00,2025-02-02T23:00:00-00:00,2025-02-02,15,0,Hourly,RD,AS_NP26,DAM,RD_CLR_PRC,0,14
2025-02-03T00:00:00-00:00,2025-02-03T01:00:00-00:00,2025-02-02,17,0,Hourly,RD,AS_SP26_EXP,DAM,RD_CLR_PRC,0,14
2025-02-03T04:00:00-00:00,2025-02-03T05:00:00-00:00,2025-02-02,21,0,Hourly,RD,AS_CAISO_EXP,DAM,RD_CLR_PRC,3.24295,14
2025-02-03T04:00:00-00:00,2025-02-03T05:00:00-00:00,2025-02-02,21,0,Hourly,RD,AS_NP26_EXP,DAM,RD_CLR_PRC,3.75705,14
2025-02-03T06:00:00-00:00,2025-02-03T07:00:00-00:00,2025-02-02,23,0,Hourly,RD,AS_CAISO_EXP,DAM,RD_CLR_PRC,4,14
2025-02-02T21:00:00-00:00,2025-02-02T22:00:00-00:00,2025-02-02,14,0,Hourly,RD,AS_CAISO_EXP,DAM,RD_CLR_PRC,11.1158,14
2025-02-02T21:00:00-00:00,2025-02-02T22:00:00-00:00,2025-02-02,14,0,Hourly,RD,AS_SP26_EXP,DAM,RD_CLR_PRC,0,14
2025-02-02T22:00:00-00:00,2025-02-02T23:00:00-00:00,2025-02-02,15,0,Hourly,RD,AS_CAISO_EXP,DAM,RD_CLR_PRC,11.61,14
2025-02-02T23:00:00-00:00,2025-02-03T00:00:00-00:00,2025-02-02,16,0,Hourly,RD,AS_CAISO,DAM,RD_CLR_PRC,0,14
2025-02-02T23:00:00-00:00,2025-02-03T00:00:00-00:00,2025-02-02,16,0,Hourly,RD,AS_NP26_EXP,DAM,RD_CLR_PRC,0,14
2025-02-02T23:00:00-00:00,2025-02-03T00:00:00-00:00,2025-02-02,16,0,Hourly,RD,AS_SP26,DAM,RD_CLR_PRC,0,14
2025-02-03T00:00:00-00:00,2025-02-03T01:00:00-00:00,2025-02-02,17,0,Hourly,RD,AS_SP26,DAM,RD_CLR_PRC,0,14
2025-02-03T01:00:00-00:00,2025-02-03T02:00:00-00:00,2025-02-02,18,0,Hourly,RD,AS_CAISO,DAM,RD_CLR_PRC,0,14
2025-02-03T02:00:00-00:00,2025-02-03T03:00:00-00:00,2025-02-02,19,0,Hourly,RD,AS_NP26,DAM,RD_CLR_PRC,0,14
2025-02-03T04:00:00-00:00,2025-02-03T05:00:00-00:00,2025-02-02,21,0,Hourly,RD,AS_CAISO,DAM,RD_CLR_PRC,0,14
2025-02-03T04:00:00-00:00,2025-02-03T05:00:00-00:00,2025-02-02,21,0,Hourly,RD,AS_NP26,DAM,RD_CLR_PRC,0,14
2025-02-04T02:00:00-00:00,2025-02-04T03:00:00-00:00,2025-02-03,19,0,Hourly,RD,AS_NP26,DAM,RD_CLR_PRC,0,15
2025-02-04T02:00:00-00:00,2025-02-04T03:00:00-00:00,2025-02-03,19,0,Hourly,RD,AS_SP26_EXP,DAM,RD_CLR_PRC,0,15
2025-02-04T03:00:00-00:00,2025-02-04T04:00:00-00:00,2025-02-03,20,0,Hourly,RD,AS_CAISO,DAM,RD_CLR_PRC,0,15
2025-02-04T05:00:00-00:00,2025-02-04T06:00:00-00:00,2025-02-03,22,0,Hourly,RD,AS_NP26_EXP,DAM,RD_CLR_PRC,2.69535,15
2025-02-04T06:00:00-00:00,2025-02-04T07:00:00-00:00,2025-02-03,23,0,Hourly,RD,AS_SP26,DAM,RD_CLR_PRC,0,15
2025-02-03T09:00:00-00:00,2025-02-03T10:00:00-00:00,2025-02-03,2,0,Hourly,RD,AS_CAISO,DAM,RD_CLR_PRC,0,15
2025-02-03T10:00:00-00:00,2025-02-03T11:00:00-00:00,2025-02-03,3,0,Hourly,RD,AS_NP26,DAM,RD_CLR_PRC,0,15
2025-02-03T12:00:00-00:00,2025-02-03T13:00:00-00:00,2025-02-03,5,0,Hourly,RD,AS_CAISO_EXP,DAM,RD_CLR_PRC,4.67849,15
2025-02-03T16:00:00-00:00,2025-02-03T17:00:00-00:00,2025-02-03,9,0,Hourly,RD,AS_SP26,DAM,RD_CLR_PRC,0,15
2025-02-03T18:00:00-00:00,2025-02-03T19:00:00-00:00,2025-02-03,11,0,Hourly,RD,AS_SP26,DAM,RD_CLR_PRC,0,15
2025-02-03T18:00:00-00:00,2025-02-03T19:00:00-00:00,2025-02-03,11,0,Hourly,RD,AS_SP26_EXP,DAM,RD_CLR_PRC,0,15
2025-02-03T19:00:00-00:00,2025-02-03T20:00:00-00:00,2025-02-03,12,0,Hourly,RD,AS_SP26_EXP,DAM,RD_CLR_PRC,0,15
2025-02-03T20:00:00-00:00,2025-02-03T21:00:00-00:00,2025-02-03,13,0,Hourly,RD,AS_CAISO,DAM,RD_CLR_PRC,0,15
2025-02-03T20:00:00-00:00,2025-02-03T21:00:00-00:00,2025-02-03,13,0,Hourly,RD,AS_CAISO_EXP,DAM,RD_CLR_PRC,7.15656,15
2025-02-04T04:00:00-00:00,2025-02-04T05:00:00-00:00,2025-02-03,21,0,Hourly,RD,AS_NP26_EXP,DAM,RD_CLR_PRC,2.03442,15
2025-02-04T07:00:00-00:00,2025-02-04T08:00:00-00:00,2025-02-03,24,0,Hourly,RD,AS_CAISO_EXP,DAM,RD_CLR_PRC,4.6,15
2025-02-03T15:00:00-00:00,2025-02-03T16:00:00-00:00,2025-02-03,8,0,Hourly,RD,AS_SP26,DAM,RD_CLR_PRC,0,15
2025-02-03T15:00:00-00:00,2025-02-03T16:00:00-00:00,2025-02-03,8,0,Hourly,RD,AS_SP26_EXP,DAM,RD_CLR_PRC,0,15
2025-02-03T16:00:00-00:00,2025-02-03T17:00:00-00:00,2025-02-03,9,0,Hourly,RD,AS_NP26,DAM,RD_CLR_PRC,0,15
2025-02-03T16:00:00-00:00,2025-02-03T17:00:00-00:00,2025-02-03,9,0,Hourly,RD,AS_SP26_EXP,DAM,RD_CLR_PRC,0,15
2025-02-03T18:00:00-00:00,2025-02-03T19:00:00-00:00,2025-02-03,11,0,Hourly,RD,AS_CAISO_EXP,DAM,RD_CLR_PRC,7.4419,15
2025-02-03T19:00:00-00:00,2025-02-03T20:00:00-00:00,2025-02-03,12,0,Hourly,RD,AS_NP26_EXP,DAM,RD_CLR_PRC,8.57052,15
2025-02-03T22:00:00-00:00,2025-02-03T23:00:00-00:00,2025-02-03,15,0,Hourly,RD,AS_CAISO,DAM,RD_CLR_PRC,0,15
2025-02-04T01:00:00-00:00,2025-02-04T02:00:00-00:00,2025-02-03,18,0,Hourly,RD,AS_SP26_EXP,DAM,RD_CLR_PRC,0,15
2025-02-04T03:00:00-00:00,2025-02-04T04:00:00-00:00,2025-02-03,20,0,Hourly,RD,AS_CAISO_EXP,DAM,RD_CLR_PRC,6.44,15
2025-02-03T09:00:00-00:00,2025-02-03T10:00:00-00:00,2025-02-03,2,0,Hourly,RD,AS_NP26,DAM,RD_CLR_PRC,0,15
2025-02-03T09:00:00-00:00,2025-02-03T10:00:00-00:00,2025-02-03,2,0,Hourly,RD,AS_NP26_EXP,DAM,RD_CLR_PRC,0,15
2025-02-03T11:00:00-00:00,2025-02-03T12:00:00-00:00,2025-02-03,4,0,Hourly,RD,AS_CAISO_EXP,DAM,RD_CLR_PRC,5.42852,15
2025-02-03T12:00:00-00:00,2025-02-03T13:00:00-00:00,2025-02-03,5,0,Hourly,RD,AS_SP26,DAM,RD_CLR_PRC,0,15
2025-02-03T13:00:00-00:00,2025-02-03T14:00:00-00:00,2025-02-03,6,0,Hourly,RD,AS_NP26,DAM,RD_CLR_PRC,0,15
2025-02-03T14:00:00-00:00,2025-02-03T15:00:00-00:00,2025-02-03,7,0,Hourly,RD,AS_NP26_EXP,DAM,RD_CLR_PRC,0.55285,15
2025-02-03T14:00:00-00:00,2025-02-03T15:00:00-00:00,2025-02-03,7,0,Hourly,RD,AS_SP26,DAM,RD_CLR_PRC,0,15
2025-02-03T16:00:00-00:00,2025-02-03T17:00:00-00:00,2025-02-03,9,0,Hourly,RD,AS_CAISO_EXP,DAM,RD_CLR_PRC,8.58191,15
2025-02-03T19:00:00-00:00,2025-02-03T20:00:00-00:00,2025-02-03,12,0,Hourly,RD,AS_CAISO,DAM,RD_CLR_PRC,0,15
2025-02-03T19:00:00-00:00,2025-02-03T20:00:00-00:00,2025-02-03,12,0,Hourly,RD,AS_SP26,DAM,RD_CLR_PRC,0,15
2025-02-03T21:00:00-00:00,2025-02-03T22:00:00-00:00,2025-02-03,14,0,Hourly,RD,AS_NP26,DAM,RD_CLR_PRC,0,15
2025-02-03T22:00:00-00:00,2025-02-03T23:00:00-00:00,2025-02-03,15,0,Hourly,RD,AS_NP26,DAM,RD_CLR_PRC,0,15
2025-02-03T23:00:00-00:00,2025-02-04T00:00:00-00:00,2025-02-03,16,0,Hourly,RD,AS_CAISO,DAM,RD_CLR_PRC,0,15
2025-02-03T23:00:00-00:00,2025-02-04T00:00:00-00:00,2025-02-03,16,0,Hourly,RD,AS_CAISO_EXP,DAM,RD_CLR_PRC,12.2726,15
2025-02-03T23:00:00-00:00,2025-02-04T00:00:00-00:00,2025-02-03,16,0,Hourly,RD,AS_SP26_EXP,DAM,RD_CLR_PRC,0,15
2025-02-04T00:00:00-00:00,2025-02-04T01:00:00-00:00,2025-02-03,17,0,Hourly,RD,AS_NP26,DAM,RD_CLR_PRC,0,15
2025-02-04T03:00:00-00:00,2025-02-04T04:00:00-00:00,2025-02-03,20,0,Hourly,RD,AS_NP26,DAM,RD_CLR_PRC,0,15
2025-02-04T03:00:00-00:00,2025-02-04T04:00:00-00:00,2025-02-03,20,0,Hourly,RD,AS_NP26_EXP,DAM,RD_CLR_PRC,1.55,15
2025-02-04T05:00:00-00:00,2025-02-04T06:00:00-00:00,2025-02-03,22,0,Hourly,RD,AS_SP26,DAM,RD_CLR_PRC,0,15
2025-02-04T06:00:00-00:00,2025-02-04T07:00:00-00:00,2025-02-03,23,0,Hourly,RD,AS_CAISO_EXP,DAM,RD_CLR_PRC,6.87138,15
2025-02-04T06:00:00-00:00,2025-02-04T07:00:00-00:00,2025-02-03,23,0,Hourly,RD,AS_SP26_EXP,DAM,RD_CLR_PRC,0,15
2025-02-04T07:00:00-00:00,2025-02-04T08:00:00-00:00,2025-02-03,24,0,Hourly,RD,AS_CAISO,DAM,RD_CLR_PRC,0,15
2025-02-04T07:00:00-00:00,2025-02-04T08:00:00-00:00,2025-02-03,24,0,Hourly,RD,AS_SP26_EXP,DAM,RD_CLR_PRC,0,15
2025-02-03T19:00:00-00:00,2025-02-03T20:00:00-00:00,2025-02-03,12,0,Hourly,RD,AS_CAISO_EXP,DAM,RD_CLR_PRC,6.85187,15
2025-02-03T20:00:00-00:00,2025-02-03T21:00:00-00:00,2025-02-03,13,0,Hourly,RD,AS_NP26,DAM,RD_CLR_PRC,0,15
2025-02-03T20:00:00-00:00,2025-02-03T21:00:00-00:00,2025-02-03,13,0,Hourly,RD,AS_NP26_EXP,DAM,RD_CLR_PRC,32.84344,15
2025-02-03T20:00:00-00:00,2025-02-03T21:00:00-00:00,2025-02-03,13,0,Hourly,RD,AS_SP26,DAM,RD_CLR_PRC,0,15
2025-02-03T20:00:00-00:00,2025-02-03T21:00:00-00:00,2025-02-03,13,0,Hourly,RD,AS_SP26_EXP,DAM,RD_CLR_PRC,0,15
2025-02-03T21:00:00-00:00,2025-02-03T22:00:00-00:00,2025-02-03,14,0,Hourly,RD,AS_CAISO,DAM,RD_CLR_PRC,0,15
2025-02-03T22:00:00-00:00,2025-02-03T23:00:00-00:00,2025-02-03,15,0,Hourly,RD,AS_SP26_EXP,DAM,RD_CLR_PRC,0,15
2025-02-04T00:00:00-00:00,2025-02-04T01:00:00-00:00,2025-02-03,17,0,Hourly,RD,AS_SP26,DAM,RD_CLR_PRC,0,15
2025-02-04T01:00:00-00:00,2025-02-04T02:00:00-00:00,2025-02-03,18,0,Hourly,RD,AS_NP26_EXP,DAM,RD_CLR_PRC,7.28,15
2025-02-04T01:00:00-00:00,2025-02-04T02:00:00-00:00,2025-02-03,18,0,Hourly,RD,AS_SP26,DAM,RD_CLR_PRC,0,15
2025-02-04T02:00:00-00:00,2025-02-04T03:00:00-00:00,2025-02-03,19,0,Hourly,RD,AS_CAISO_EXP,DAM,RD_CLR_PRC,7.0214,15
2025-02-04T04:00:00-00:00,2025-02-04T05:00:00-00:00,2025-02-03,21,0,Hourly,RD,AS_CAISO,DAM,RD_CLR_PRC,0,15
2025-02-04T07:00:00-00:00,2025-02-04T08:00:00-00:00,2025-02-03,24,0,Hourly,RD,AS_SP26,DAM,RD_CLR_PRC,0,15
2025-02-03T08:00:00-00:00,2025-02-03T09:00:00-00:00,2025-02-03,1,0,Hourly,RD,AS_CAISO_EXP,DAM,RD_CLR_PRC,6.02509,15
2025-02-03T08:00:00-00:00,2025-02-03T09:00:00-00:00,2025-02-03,1,0,Hourly,RD,AS_NP26,DAM,RD_CLR_PRC,0,15
2025-02-03T10:00:00-00:00,2025-02-03T11:00:00-00:00,2025-02-03,3,0,Hourly,RD,AS_CAISO_EXP,DAM,RD_CLR_PRC,4.77579,15
2025-02-03T10:00:00-00:00,2025-02-03T11:00:00-00:00,2025-02-03,3,0,Hourly,RD,AS_SP26,DAM,RD_CLR_PRC,0,15
2025-02-03T11:00:00-00:00,2025-02-03T12:00:00-00:00,2025-02-03,4,0,Hourly,RD,AS_SP26,DAM,RD_CLR_PRC,0,15
2025-02-03T12:00:00-00:00,2025-02-03T13:00:00-00:00,2025-02-03,5,0,Hourly,RD,AS_NP26,DAM,RD_CLR_PRC,0,15
2025-02-03T13:00:00-00:00,2025-02-03T14:00:00-00:00,2025-02-03,6,0,Hourly,RD,AS_CAISO_EXP,DAM,RD_CLR_PRC,7.22,15
2025-02-03T16:00:00-00:00,2025-02-03T17:00:00-00:00,2025-02-03,9,0,Hourly,RD,AS_CAISO,DAM,RD_CLR_PRC,0,15
2025-02-03T17:00:00-00:00,2025-02-03T18:00:00-00:00,2025-02-03,10,0,Hourly,RD,AS_NP26,DAM,RD_CLR_PRC,0,15
2025-02-03T18:00:00-00:00,2025-02-03T19:00:00-00:00,2025-02-03,11,0,Hourly,RD,AS_NP26_EXP,DAM,RD_CLR_PRC,7.5581,15
2025-02-03T08:00:00-00:00,2025-02-03T09:00:00-00:00,2025-02-03,1,0,Hourly,RD,AS_SP26,DAM,RD_CLR_PRC,0,15
2025-02-03T11:00:00-00:00,2025-02-03T12:00:00-00:00,2025-02-03,4,0,Hourly,RD,AS_CAISO,DAM,RD_CLR_PRC,0,15
2025-02-03T13:00:00-00:00,2025-02-03T14:00:00-00:00,2025-02-03,6,0,Hourly,RD,AS_CAISO,DAM,RD_CLR_PRC,0,15
2025-02-03T17:00:00-00:00,2025-02-03T18:00:00-00:00,2025-02-03,10,0,Hourly,RD,AS_SP26_EXP,DAM,RD_CLR_PRC,0,15
2025-02-03T18:00:00-00:00,2025-02-03T19:00:00-00:00,2025-02-03,11,0,Hourly,RD,AS_NP26,DAM,RD_CLR_PRC,0,15
2025-02-03T19:00:00-00:00,2025-02-03T20:00:00-00:00,2025-02-03,12,0,Hourly,RD,AS_NP26,DAM,RD_CLR_PRC,0,15
2025-02-03T21:00:00-00:00,2025-02-03T22:00:00-00:00,2025-02-03,14,0,Hourly,RD,AS_SP26_EXP,DAM,RD_CLR_PRC,0,15
2025-02-04T00:00:00-00:00,2025-02-04T01:00:00-00:00,2025-02-03,17,0,Hourly,RD,AS_CAISO_EXP,DAM,RD_CLR_PRC,10,15
2025-02-04T00:00:00-00:00,2025-02-04T01:00:00-00:00,2025-02-03,17,0,Hourly,RD,AS_NP26_EXP,DAM,RD_CLR_PRC,11.82165,15
2025-02-03T09:00:00-00:00,2025-02-03T10:00:00-00:00,2025-02-03,2,0,Hourly,RD,AS_SP26_EXP,DAM,RD_CLR_PRC,0,15
2025-02-03T10:00:00-00:00,2025-02-03T11:00:00-00:00,2025-02-03,3,0,Hourly,RD,AS_NP26_EXP,DAM,RD_CLR_PRC,0,15
2025-02-03T10:00:00-00:00,2025-02-03T11:00:00-00:00,2025-02-03,3,0,Hourly,RD,AS_SP26_EXP,DAM,RD_CLR_PRC,0,15
2025-02-03T11:00:00-00:00,2025-02-03T12:00:00-00:00,2025-02-03,4,0,Hourly,RD,AS_NP26_EXP,DAM,RD_CLR_PRC,0,15
2025-02-03T12:00:00-00:00,2025-02-03T13:00:00-00:00,2025-02-03,5,0,Hourly,RD,AS_NP26_EXP,DAM,RD_CLR_PRC,2.32151,15
2025-02-03T14:00:00-00:00,2025-02-03T15:00:00-00:00,2025-02-03,7,0,Hourly,RD,AS_CAISO_EXP,DAM,RD_CLR_PRC,7.43715,15
2025-02-03T15:00:00-00:00,2025-02-03T16:00:00-00:00,2025-02-03,8,0,Hourly,RD,AS_CAISO_EXP,DAM,RD_CLR_PRC,11.59702,15
2025-02-03T15:00:00-00:00,2025-02-03T16:00:00-00:00,2025-02-03,8,0,Hourly,RD,AS_NP26,DAM,RD_CLR_PRC,0,15
2025-02-03T17:00:00-00:00,2025-02-03T18:00:00-00:00,2025-02-03,10,0,Hourly,RD,AS_NP26_EXP,DAM,RD_CLR_PRC,9.61403,15
2025-02-03T22:00:00-00:00,2025-02-03T23:00:00-00:00,2025-02-03,15,0,Hourly,RD,AS_CAISO_EXP,DAM,RD_CLR_PRC,11.89833,15
2025-02-03T23:00:00-00:00,2025-02-04T00:00:00-00:00,2025-02-03,16,0,Hourly,RD,AS_NP26_EXP,DAM,RD_CLR_PRC,9.3674,15
2025-02-04T00:00:00-00:00,2025-02-04T01:00:00-00:00,2025-02-03,17,0,Hourly,RD,AS_CAISO,DAM,RD_CLR_PRC,0,15
2025-02-04T00:00:00-00:00,2025-02-04T01:00:00-00:00,2025-02-03,17,0,Hourly,RD,AS_SP26_EXP,DAM,RD_CLR_PRC,0,15
2025-02-04T01:00:00-00:00,2025-02-04T02:00:00-00:00,2025-02-03,18,0,Hourly,RD,AS_CAISO,DAM,RD_CLR_PRC,0,15
2025-02-04T01:00:00-00:00,2025-02-04T02:00:00-00:00,2025-02-03,18,0,Hourly,RD,AS_NP26,DAM,RD_CLR_PRC,0,15
2025-02-04T05:00:00-00:00,2025-02-04T06:00:00-00:00,2025-02-03,22,0,Hourly,RD,AS_NP26,DAM,RD_CLR_PRC,0,15
2025-02-04T06:00:00-00:00,2025-02-04T07:00:00-00:00,2025-02-03,23,0,Hourly,RD,AS_NP26,DAM,RD_CLR_PRC,0,15
2025-02-04T06:00:00-00:00,2025-02-04T07:00:00-00:00,2025-02-03,23,0,Hourly,RD,AS_NP26_EXP,DAM,RD_CLR_PRC,0,15
2025-02-03T10:00:00-00:00,2025-02-03T11:00:00-00:00,2025-02-03,3,0,Hourly,RD,AS_CAISO,DAM,RD_CLR_PRC,0,15
2025-02-03T12:00:00-00:00,2025-02-03T13:00:00-00:00,2025-02-03,5,0,Hourly,RD,AS_CAISO,DAM,RD_CLR_PRC,0,15
2025-02-03T13:00:00-00:00,2025-02-03T14:00:00-00:00,2025-02-03,6,0,Hourly,RD,AS_NP26_EXP,DAM,RD_CLR_PRC,0,15
2025-02-03T13:00:00-00:00,2025-02-03T14:00:00-00:00,2025-02-03,6,0,Hourly,RD,AS_SP26_EXP,DAM,RD_CLR_PRC,0,15
2025-02-03T14:00:00-00:00,2025-02-03T15:00:00-00:00,2025-02-03,7,0,Hourly,RD,AS_CAISO,DAM,RD_CLR_PRC,0,15
2025-02-03T14:00:00-00:00,2025-02-03T15:00:00-00:00,2025-02-03,7,0,Hourly,RD,AS_NP26,DAM,RD_CLR_PRC,0,15
2025-02-03T16:00:00-00:00,2025-02-03T17:00:00-00:00,2025-02-03,9,0,Hourly,RD,AS_NP26_EXP,DAM,RD_CLR_PRC,41.42809,15
2025-02-03T17:00:00-00:00,2025-02-03T18:00:00-00:00,2025-02-03,10,0,Hourly,RD,AS_SP26,DAM,RD_CLR_PRC,0,15
2025-02-03T21:00:00-00:00,2025-02-03T22:00:00-00:00,2025-02-03,14,0,Hourly,RD,AS_CAISO_EXP,DAM,RD_CLR_PRC,7.4164,15
2025-02-03T21:00:00-00:00,2025-02-03T22:00:00-00:00,2025-02-03,14,0,Hourly,RD,AS_NP26_EXP,DAM,RD_CLR_PRC,14.05968,15
2025-02-03T21:00:00-00:00,2025-02-03T22:00:00-00:00,2025-02-03,14,0,Hourly,RD,AS_SP26,DAM,RD_CLR_PRC,0,15
2025-02-03T23:00:00-00:00,2025-02-04T00:00:00-00:00,2025-02-03,16,0,Hourly,RD,AS_NP26,DAM,RD_CLR_PRC,0,15
2025-02-03T23:00:00-00:00,2025-02-04T00:00:00-00:00,2025-02-03,16,0,Hourly,RD,AS_SP26,DAM,RD_CLR_PRC,0,15
2025-02-04T02:00:00-00:00,2025-02-04T03:00:00-00:00,2025-02-03,19,0,Hourly,RD,AS_SP26,DAM,RD_CLR_PRC,0,15
2025-02-04T04:00:00-00:00,2025-02-04T05:00:00-00:00,2025-02-03,21,0,Hourly,RD,AS_NP26,DAM,RD_CLR_PRC,0,15
2025-02-04T05:00:00-00:00,2025-02-04T06:00:00-00:00,2025-02-03,22,0,Hourly,RD,AS_CAISO_EXP,DAM,RD_CLR_PRC,4.30465,15
2025-02-04T05:00:00-00:00,2025-02-04T06:00:00-00:00,2025-02-03,22,0,Hourly,RD,AS_SP26_EXP,DAM,RD_CLR_PRC,0,15
2025-02-04T06:00:00-00:00,2025-02-04T07:00:00-00:00,2025-02-03,23,0,Hourly,RD,AS_CAISO,DAM,RD_CLR_PRC,0,15
2025-02-04T07:00:00-00:00,2025-02-04T08:00:00-00:00,2025-02-03,24,0,Hourly,RD,AS_NP26_EXP,DAM,RD_CLR_PRC,3.39,15
2025-02-03T22:00:00-00:00,2025-02-03T23:00:00-00:00,2025-02-03,15,0,Hourly,RD,AS_SP26,DAM,RD_CLR_PRC,0,15
2025-02-04T01:00:00-00:00,2025-02-04T02:00:00-00:00,2025-02-03,18,0,Hourly,RD,AS_CAISO_EXP,DAM,RD_CLR_PRC,7.72,15
2025-02-04T02:00:00-00:00,2025-02-04T03:00:00-00:00,2025-02-03,19,0,Hourly,RD,AS_CAISO,DAM,RD_CLR_PRC,0,15
2025-02-04T02:00:00-00:00,2025-02-04T03:00:00-00:00,2025-02-03,19,0,Hourly,RD,AS_NP26_EXP,DAM,RD_CLR_PRC,7.9786,15
2025-02-04T03:00:00-00:00,2025-02-04T04:00:00-00:00,2025-02-03,20,0,Hourly,RD,AS_SP26,DAM,RD_CLR_PRC,0,15
2025-02-04T03:00:00-00:00,2025-02-04T04:00:00-00:00,2025-02-03,20,0,Hourly,RD,AS_SP26_EXP,DAM,RD_CLR_PRC,0,15
2025-02-04T04:00:00-00:00,2025-02-04T05:00:00-00:00,2025-02-03,21,0,Hourly,RD,AS_CAISO_EXP,DAM,RD_CLR_PRC,4.96558,15
2025-02-04T04:00:00-00:00,2025-02-04T05:00:00-00:00,2025-02-03,21,0,Hourly,RD,AS_SP26,DAM,RD_CLR_PRC,0,15
2025-02-04T04:00:00-00:00,2025-02-04T05:00:00-00:00,2025-02-03,21,0,Hourly,RD,AS_SP26_EXP,DAM,RD_CLR_PRC,0,15
2025-02-04T05:00:00-00:00,2025-02-04T06:00:00-00:00,2025-02-03,22,0,Hourly,RD,AS_CAISO,DAM,RD_CLR_PRC,0,15
2025-02-04T07:00:00-00:00,2025-02-04T08:00:00-00:00,2025-02-03,24,0,Hourly,RD,AS_NP26,DAM,RD_CLR_PRC,0,15
2025-02-03T08:00:00-00:00,2025-02-03T09:00:00-00:00,2025-02-03,1,0,Hourly,RD,AS_NP26_EXP,DAM,RD_CLR_PRC,0.97491,15
2025-02-03T08:00:00-00:00,2025-02-03T09:00:00-00:00,2025-02-03,1,0,Hourly,RD,AS_CAISO,DAM,RD_CLR_PRC,0,15
2025-02-03T08:00:00-00:00,2025-02-03T09:00:00-00:00,2025-02-03,1,0,Hourly,RD,AS_SP26_EXP,DAM,RD_CLR_PRC,0,15
2025-02-03T11:00:00-00:00,2025-02-03T12:00:00-00:00,2025-02-03,4,0,Hourly,RD,AS_NP26,DAM,RD_CLR_PRC,0,15
2025-02-03T15:00:00-00:00,2025-02-03T16:00:00-00:00,2025-02-03,8,0,Hourly,RD,AS_NP26_EXP,DAM,RD_CLR_PRC,3.40298,15
2025-02-03T17:00:00-00:00,2025-02-03T18:00:00-00:00,2025-02-03,10,0,Hourly,RD,AS_CAISO,DAM,RD_CLR_PRC,0,15
2025-02-03T17:00:00-00:00,2025-02-03T18:00:00-00:00,2025-02-03,10,0,Hourly,RD,AS_CAISO_EXP,DAM,RD_CLR_PRC,5.38597,15
2025-02-03T18:00:00-00:00,2025-02-03T19:00:00-00:00,2025-02-03,11,0,Hourly,RD,AS_CAISO,DAM,RD_CLR_PRC,0,15
2025-02-03T22:00:00-00:00,2025-02-03T23:00:00-00:00,2025-02-03,15,0,Hourly,RD,AS_NP26_EXP,DAM,RD_CLR_PRC,14.55167,15
2025-02-03T09:00:00-00:00,2025-02-03T10:00:00-00:00,2025-02-03,2,0,Hourly,RD,AS_CAISO_EXP,DAM,RD_CLR_PRC,5.50438,15
2025-02-03T09:00:00-00:00,2025-02-03T10:00:00-00:00,2025-02-03,2,0,Hourly,RD,AS_SP26,DAM,RD_CLR_PRC,0,15
2025-02-03T11:00:00-00:00,2025-02-03T12:00:00-00:00,2025-02-03,4,0,Hourly,RD,AS_SP26_EXP,DAM,RD_CLR_PRC,0,15
2025-02-03T12:00:00-00:00,2025-02-03T13:00:00-00:00,2025-02-03,5,0,Hourly,RD,AS_SP26_EXP,DAM,RD_CLR_PRC,0,15
2025-02-03T13:00:00-00:00,2025-02-03T14:00:00-00:00,2025-02-03,6,0,Hourly,RD,AS_SP26,DAM,RD_CLR_PRC,0,15
2025-02-03T14:00:00-00:00,2025-02-03T15:00:00-00:00,2025-02-03,7,0,Hourly,RD,AS_SP26_EXP,DAM,RD_CLR_PRC,0,15
2025-02-03T15:00:00-00:00,2025-02-03T16:00:00-00:00,2025-02-03,8,0,Hourly,RD,AS_CAISO,DAM,RD_CLR_PRC,0,15
2025-02-04T11:00:00-00:00,2025-02-04T12:00:00-00:00,2025-02-04,4,0,Hourly,RD,AS_NP26_EXP,DAM,RD_CLR_PRC,0,16
2025-02-04T11:00:00-00:00,2025-02-04T12:00:00-00:00,2025-02-04,4,0,Hourly,RD,AS_SP26,DAM,RD_CLR_PRC,0,16
2025-02-04T12:00:00-00:00,2025-02-04T13:00:00-00:00,2025-02-04,5,0,Hourly,RD,AS_CAISO_EXP,DAM,RD_CLR_PRC,4,16
2025-02-04T13:00:00-00:00,2025-02-04T14:00:00-00:00,2025-02-04,6,0,Hourly,RD,AS_SP26_EXP,DAM,RD_CLR_PRC,0,16
2025-02-04T14:00:00-00:00,2025-02-04T15:00:00-00:00,2025-02-04,7,0,Hourly,RD,AS_CAISO_EXP,DAM,RD_CLR_PRC,7,16
2025-02-04T14:00:00-00:00,2025-02-04T15:00:00-00:00,2025-02-04,7,0,Hourly,RD,AS_NP26_EXP,DAM,RD_CLR_PRC,0.99,16
2025-02-04T15:00:00-00:00,2025-02-04T16:00:00-00:00,2025-02-04,8,0,Hourly,RD,AS_CAISO_EXP,DAM,RD_CLR_PRC,8.63829,16
2025-02-04T15:00:00-00:00,2025-02-04T16:00:00-00:00,2025-02-04,8,0,Hourly,RD,AS_SP26,DAM,RD_CLR_PRC,0,16
2025-02-04T16:00:00-00:00,2025-02-04T17:00:00-00:00,2025-02-04,9,0,Hourly,RD,AS_CAISO,DAM,RD_CLR_PRC,0,16
2025-02-04T17:00:00-00:00,2025-02-04T18:00:00-00:00,2025-02-04,10,0,Hourly,RD,AS_SP26_EXP,DAM,RD_CLR_PRC,0,16
2025-02-04T20:00:00-00:00,2025-02-04T21:00:00-00:00,2025-02-04,13,0,Hourly,RD,AS_NP26,DAM,RD_CLR_PRC,0,16
2025-02-04T21:00:00-00:00,2025-02-04T22:00:00-00:00,2025-02-04,14,0,Hourly,RD,AS_NP26_EXP,DAM,RD_CLR_PRC,4.12,16
2025-02-04T22:00:00-00:00,2025-02-04T23:00:00-00:00,2025-02-04,15,0,Hourly,RD,AS_CAISO_EXP,DAM,RD_CLR_PRC,13.64914,16
2025-02-04T22:00:00-00:00,2025-02-04T23:00:00-00:00,2025-02-04,15,0,Hourly,RD,AS_SP26,DAM,RD_CLR_PRC,0,16
2025-02-05T03:00:00-00:00,2025-02-05T04:00:00-00:00,2025-02-04,20,0,Hourly,RD,AS_NP26,DAM,RD_CLR_PRC,0,16
2025-02-05T03:00:00-00:00,2025-02-05T04:00:00-00:00,2025-02-04,20,0,Hourly,RD,AS_SP26_EXP,DAM,RD_CLR_PRC,0,16
2025-02-05T07:00:00-00:00,2025-02-05T08:00:00-00:00,2025-02-04,24,0,Hourly,RD,AS_NP26,DAM,RD_CLR_PRC,0,16
2025-02-04T21:00:00-00:00,2025-02-04T22:00:00-00:00,2025-02-04,14,0,Hourly,RD,AS_SP26,DAM,RD_CLR_PRC,0,16
2025-02-04T22:00:00-00:00,2025-02-04T23:00:00-00:00,2025-02-04,15,0,Hourly,RD,AS_NP26_EXP,DAM,RD_CLR_PRC,4.02532,16
2025-02-04T23:00:00-00:00,2025-02-05T00:00:00-00:00,2025-02-04,16,0,Hourly,RD,AS_NP26,DAM,RD_CLR_PRC,0,16
2025-02-05T00:00:00-00:00,2025-02-05T01:00:00-00:00,2025-02-04,17,0,Hourly,RD,AS_CAISO,DAM,RD_CLR_PRC,0,16
2025-02-05T00:00:00-00:00,2025-02-05T01:00:00-00:00,2025-02-04,17,0,Hourly,RD,AS_NP26_EXP,DAM,RD_CLR_PRC,8.34221,16
2025-02-05T02:00:00-00:00,2025-02-05T03:00:00-00:00,2025-02-04,19,0,Hourly,RD,AS_SP26_EXP,DAM,RD_CLR_PRC,0,16
2025-02-05T03:00:00-00:00,2025-02-05T04:00:00-00:00,2025-02-04,20,0,Hourly,RD,AS_SP26,DAM,RD_CLR_PRC,0,16
2025-02-05T05:00:00-00:00,2025-02-05T06:00:00-00:00,2025-02-04,22,0,Hourly,RD,AS_CAISO,DAM,RD_CLR_PRC,0,16
2025-02-05T05:00:00-00:00,2025-02-05T06:00:00-00:00,2025-02-04,22,0,Hourly,RD,AS_CAISO_EXP,DAM,RD_CLR_PRC,7,16
2025-02-04T09:00:00-00:00,2025-02-04T10:00:00-00:00,2025-02-04,2,0,Hourly,RD,AS_NP26_EXP,DAM,RD_CLR_PRC,0,16
2025-02-04T11:00:00-00:00,2025-02-04T12:00:00-00:00,2025-02-04,4,0,Hourly,RD,AS_CAISO_EXP,DAM,RD_CLR_PRC,4.55201,16
2025-02-04T12:00:00-00:00,2025-02-04T13:00:00-00:00,2025-02-04,5,0,Hourly,RD,AS_NP26_EXP,DAM,RD_CLR_PRC,1.92,16
2025-02-04T13:00:00-00:00,2025-02-04T14:00:00-00:00,2025-02-04,6,0,Hourly,RD,AS_CAISO,DAM,RD_CLR_PRC,0,16
2025-02-04T13:00:00-00:00,2025-02-04T14:00:00-00:00,2025-02-04,6,0,Hourly,RD,AS_CAISO_EXP,DAM,RD_CLR_PRC,5.3207,16
2025-02-04T17:00:00-00:00,2025-02-04T18:00:00-00:00,2025-02-04,10,0,Hourly,RD,AS_CAISO,DAM,RD_CLR_PRC,0,16
2025-02-04T17:00:00-00:00,2025-02-04T18:00:00-00:00,2025-02-04,10,0,Hourly,RD,AS_SP26,DAM,RD_CLR_PRC,0,16
2025-02-04T18:00:00-00:00,2025-02-04T19:00:00-00:00,2025-02-04,11,0,Hourly,RD,AS_SP26_EXP,DAM,RD_CLR_PRC,0,16
2025-02-04T19:00:00-00:00,2025-02-04T20:00:00-00:00,2025-02-04,12,0,Hourly,RD,AS_CAISO,DAM,RD_CLR_PRC,0,16
2025-02-04T19:00:00-00:00,2025-02-04T20:00:00-00:00,2025-02-04,12,0,Hourly,RD,AS_NP26_EXP,DAM,RD_CLR_PRC,2.11374,16
2025-02-04T20:00:00-00:00,2025-02-04T21:00:00-00:00,2025-02-04,13,0,Hourly,RD,AS_SP26,DAM,RD_CLR_PRC,0,16
2025-02-04T21:00:00-00:00,2025-02-04T22:00:00-00:00,2025-02-04,14,0,Hourly,RD,AS_CAISO,DAM,RD_CLR_PRC,0,16
2025-02-04T08:00:00-00:00,2025-02-04T09:00:00-00:00,2025-02-04,1,0,Hourly,RD,AS_NP26_EXP,DAM,RD_CLR_PRC,0,16
2025-02-04T08:00:00-00:00,2025-02-04T09:00:00-00:00,2025-02-04,1,0,Hourly,RD,AS_SP26,DAM,RD_CLR_PRC,0,16
2025-02-04T10:00:00-00:00,2025-02-04T11:00:00-00:00,2025-02-04,3,0,Hourly,RD,AS_NP26,DAM,RD_CLR_PRC,0,16
2025-02-04T10:00:00-00:00,2025-02-04T11:00:00-00:00,2025-02-04,3,0,Hourly,RD,AS_SP26,DAM,RD_CLR_PRC,0,16
2025-02-04T12:00:00-00:00,2025-02-04T13:00:00-00:00,2025-02-04,5,0,Hourly,RD,AS_NP26,DAM,RD_CLR_PRC,0,16
2025-02-04T15:00:00-00:00,2025-02-04T16:00:00-00:00,2025-02-04,8,0,Hourly,RD,AS_CAISO,DAM,RD_CLR_PRC,0,16
2025-02-04T17:00:00-00:00,2025-02-04T18:00:00-00:00,2025-02-04,10,0,Hourly,RD,AS_NP26,DAM,RD_CLR_PRC,0,16
2025-02-04T18:00:00-00:00,2025-02-04T19:00:00-00:00,2025-02-04,11,0,Hourly,RD,AS_NP26,DAM,RD_CLR_PRC,0,16
2025-02-04T18:00:00-00:00,2025-02-04T19:00:00-00:00,2025-02-04,11,0,Hourly,RD,AS_NP26_EXP,DAM,RD_CLR_PRC,7.40119,16
2025-02-04T22:00:00-00:00,2025-02-04T23:00:00-00:00,2025-02-04,15,0,Hourly,RD,AS_SP26_EXP,DAM,RD_CLR_PRC,0,16
2025-02-05T01:00:00-00:00,2025-02-05T02:00:00-00:00,2025-02-04,18,0,Hourly,RD,AS_CAISO_EXP,DAM,RD_CLR_PRC,9.36008,16
2025-02-05T01:00:00-00:00,2025-02-05T02:00:00-00:00,2025-02-04,18,0,Hourly,RD,AS_NP26_EXP,DAM,RD_CLR_PRC,0,16
2025-02-05T02:00:00-00:00,2025-02-05T03:00:00-00:00,2025-02-04,19,0,Hourly,RD,AS_CAISO_EXP,DAM,RD_CLR_PRC,6.9515,16
2025-02-05T02:00:00-00:00,2025-02-05T03:00:00-00:00,2025-02-04,19,0,Hourly,RD,AS_NP26,DAM,RD_CLR_PRC,0,16
2025-02-05T02:00:00-00:00,2025-02-05T03:00:00-00:00,2025-02-04,19,0,Hourly,RD,AS_SP26,DAM,RD_CLR_PRC,0,16
2025-02-05T03:00:00-00:00,2025-02-05T04:00:00-00:00,2025-02-04,20,0,Hourly,RD,AS_CAISO,DAM,RD_CLR_PRC,0,16
2025-02-05T06:00:00-00:00,2025-02-05T07:00:00-00:00,2025-02-04,23,0,Hourly,RD,AS_CAISO_EXP,DAM,RD_CLR_PRC,7,16
2025-02-05T06:00:00-00:00,2025-02-05T07:00:00-00:00,2025-02-04,23,0,Hourly,RD,AS_NP26,DAM,RD_CLR_PRC,0,16
2025-02-04T12:00:00-00:00,2025-02-04T13:00:00-00:00,2025-02-04,5,0,Hourly,RD,AS_CAISO,DAM,RD_CLR_PRC,0,16
2025-02-04T13:00:00-00:00,2025-02-04T14:00:00-00:00,2025-02-04,6,0,Hourly,RD,AS_NP26_EXP,DAM,RD_CLR_PRC,2.6693,16
2025-02-04T13:00:00-00:00,2025-02-04T14:00:00-00:00,2025-02-04,6,0,Hourly,RD,AS_SP26,DAM,RD_CLR_PRC,0,16
2025-02-04T15:00:00-00:00,2025-02-04T16:00:00-00:00,2025-02-04,8,0,Hourly,RD,AS_SP26_EXP,DAM,RD_CLR_PRC,0,16
2025-02-04T16:00:00-00:00,2025-02-04T17:00:00-00:00,2025-02-04,9,0,Hourly,RD,AS_SP26,DAM,RD_CLR_PRC,0,16
2025-02-04T19:00:00-00:00,2025-02-04T20:00:00-00:00,2025-02-04,12,0,Hourly,RD,AS_SP26_EXP,DAM,RD_CLR_PRC,0,16
2025-02-04T20:00:00-00:00,2025-02-04T21:00:00-00:00,2025-02-04,13,0,Hourly,RD,AS_CAISO,DAM,RD_CLR_PRC,0,16
2025-02-04T21:00:00-00:00,2025-02-04T22:00:00-00:00,2025-02-04,14,0,Hourly,RD,AS_NP26,DAM,RD_CLR_PRC,0,16
2025-02-04T23:00:00-00:00,2025-02-05T00:00:00-00:00,2025-02-04,16,0,Hourly,RD,AS_CAISO_EXP,DAM,RD_CLR_PRC,20,16
2025-02-04T23:00:00-00:00,2025-02-05T00:00:00-00:00,2025-02-04,16,0,Hourly,RD,AS_SP26_EXP,DAM,RD_CLR_PRC,0,16
2025-02-05T00:00:00-00:00,2025-02-05T01:00:00-00:00,2025-02-04,17,0,Hourly,RD,AS_CAISO_EXP,DAM,RD_CLR_PRC,8.48,16
2025-02-05T00:00:00-00:00,2025-02-05T01:00:00-00:00,2025-02-04,17,0,Hourly,RD,AS_SP26,DAM,RD_CLR_PRC,0,16
2025-02-05T01:00:00-00:00,2025-02-05T02:00:00-00:00,2025-02-04,18,0,Hourly,RD,AS_CAISO,DAM,RD_CLR_PRC,0,16
2025-02-05T02:00:00-00:00,2025-02-05T03:00:00-00:00,2025-02-04,19,0,Hourly,RD,AS_CAISO,DAM,RD_CLR_PRC,0,16
2025-02-05T03:00:00-00:00,2025-02-05T04:00:00-00:00,2025-02-04,20,0,Hourly,RD,AS_NP26_EXP,DAM,RD_CLR_PRC,2.05617,16
2025-02-05T04:00:00-00:00,2025-02-05T05:00:00-00:00,2025-02-04,21,0,Hourly,RD,AS_NP26,DAM,RD_CLR_PRC,0,16
2025-02-05T04:00:00-00:00,2025-02-05T05:00:00-00:00,2025-02-04,21,0,Hourly,RD,AS_NP26_EXP,DAM,RD_CLR_PRC,0.43946,16
2025-02-05T06:00:00-00:00,2025-02-05T07:00:00-00:00,2025-02-04,23,0,Hourly,RD,AS_CAISO,DAM,RD_CLR_PRC,0,16
2025-02-05T07:00:00-00:00,2025-02-05T08:00:00-00:00,2025-02-04,24,0,Hourly,RD,AS_CAISO,DAM,RD_CLR_PRC,0,16
2025-02-05T07:00:00-00:00,2025-02-05T08:00:00-00:00,2025-02-04,24,0,Hourly,RD,AS_SP26_EXP,DAM,RD_CLR_PRC,0,16
2025-02-05T06:00:00-00:00,2025-02-05T07:00:00-00:00,2025-02-04,23,0,Hourly,RD,AS_NP26_EXP,DAM,RD_CLR_PRC,0,16
2025-02-05T06:00:00-00:00,2025-02-05T07:00:00-00:00,2025-02-04,23,0,Hourly,RD,AS_SP26,DAM,RD_CLR_PRC,0,16
2025-02-04T08:00:00-00:00,2025-02-04T09:00:00-00:00,2025-02-04,1,0,Hourly,RD,AS_CAISO,DAM,RD_CLR_PRC,0,16
2025-02-04T08:00:00-00:00,2025-02-04T09:00:00-00:00,2025-02-04,1,0,Hourly,RD,AS_CAISO_EXP,DAM,RD_CLR_PRC,4.96098,16
2025-02-04T08:00:00-00:00,2025-02-04T09:00:00-00:00,2025-02-04,1,0,Hourly,RD,AS_NP26,DAM,RD_CLR_PRC,0,16
2025-02-04T10:00:00-00:00,2025-02-04T11:00:00-00:00,2025-02-04,3,0,Hourly,RD,AS_CAISO_EXP,DAM,RD_CLR_PRC,4,16
2025-02-04T16:00:00-00:00,2025-02-04T17:00:00-00:00,2025-02-04,9,0,Hourly,RD,AS_NP26_EXP,DAM,RD_CLR_PRC,15.80287,16
2025-02-04T18:00:00-00:00,2025-02-04T19:00:00-00:00,2025-02-04,11,0,Hourly,RD,AS_CAISO,DAM,RD_CLR_PRC,0,16
2025-02-04T19:00:00-00:00,2025-02-04T20:00:00-00:00,2025-02-04,12,0,Hourly,RD,AS_CAISO_EXP,DAM,RD_CLR_PRC,11.93818,16
2025-02-04T20:00:00-00:00,2025-02-04T21:00:00-00:00,2025-02-04,13,0,Hourly,RD,AS_NP26_EXP,DAM,RD_CLR_PRC,6.62492,16
2025-02-04T21:00:00-00:00,2025-02-04T22:00:00-00:00,2025-02-04,14,0,Hourly,RD,AS_CAISO_EXP,DAM,RD_CLR_PRC,10.88,16
2025-02-04T21:00:00-00:00,2025-02-04T22:00:00-00:00,2025-02-04,14,0,Hourly,RD,AS_SP26_EXP,DAM,RD_CLR_PRC,0,16
2025-02-04T22:00:00-00:00,2025-02-04T23:00:00-00:00,2025-02-04,15,0,Hourly,RD,AS_CAISO,DAM,RD_CLR_PRC,0,16
2025-02-04T23:00:00-00:00,2025-02-05T00:00:00-00:00,2025-02-04,16,0,Hourly,RD,AS_NP26_EXP,DAM,RD_CLR_PRC,0,16
2025-02-04T23:00:00-00:00,2025-02-05T00:00:00-00:00,2025-02-04,16,0,Hourly,RD,AS_SP26,DAM,RD_CLR_PRC,0,16
2025-02-05T00:00:00-00:00,2025-02-05T01:00:00-00:00,2025-02-04,17,0,Hourly,RD,AS_SP26_EXP,DAM,RD_CLR_PRC,0,16
2025-02-05T07:00:00-00:00,2025-02-05T08:00:00-00:00,2025-02-04,24,0,Hourly,RD,AS_SP26,DAM,RD_CLR_PRC,0,16
2025-02-04T08:00:00-00:00,2025-02-04T09:00:00-00:00,2025-02-04,1,0,Hourly,RD,AS_SP26_EXP,DAM,RD_CLR_PRC,0,16
2025-02-04T09:00:00-00:00,2025-02-04T10:00:00-00:00,2025-02-04,2,0,Hourly,RD,AS_CAISO_EXP,DAM,RD_CLR_PRC,4,16
2025-02-04T09:00:00-00:00,2025-02-04T10:00:00-00:00,2025-02-04,2,0,Hourly,RD,AS_SP26_EXP,DAM,RD_CLR_PRC,0,16
2025-02-04T10:00:00-00:00,2025-02-04T11:00:00-00:00,2025-02-04,3,0,Hourly,RD,AS_NP26_EXP,DAM,RD_CLR_PRC,0,16
2025-02-04T10:00:00-00:00,2025-02-04T11:00:00-00:00,2025-02-04,3,0,Hourly,RD,AS_SP26_EXP,DAM,RD_CLR_PRC,0,16
2025-02-04T11:00:00-00:00,2025-02-04T12:00:00-00:00,2025-02-04,4,0,Hourly,RD,AS_NP26,DAM,RD_CLR_PRC,0,16
2025-02-04T12:00:00-00:00,2025-02-04T13:00:00-00:00,2025-02-04,5,0,Hourly,RD,AS_SP26,DAM,RD_CLR_PRC,0,16
2025-02-04T14:00:00-00:00,2025-02-04T15:00:00-00:00,2025-02-04,7,0,Hourly,RD,AS_SP26_EXP,DAM,RD_CLR_PRC,0,16
2025-02-04T15:00:00-00:00,2025-02-04T16:00:00-00:00,2025-02-04,8,0,Hourly,RD,AS_NP26,DAM,RD_CLR_PRC,0,16
2025-02-04T16:00:00-00:00,2025-02-04T17:00:00-00:00,2025-02-04,9,0,Hourly,RD,AS_SP26_EXP,DAM,RD_CLR_PRC,0,16
2025-02-04T18:00:00-00:00,2025-02-04T19:00:00-00:00,2025-02-04,11,0,Hourly,RD,AS_SP26,DAM,RD_CLR_PRC,0,16
2025-02-04T19:00:00-00:00,2025-02-04T20:00:00-00:00,2025-02-04,12,0,Hourly,RD,AS_SP26,DAM,RD_CLR_PRC,0,16
2025-02-04T20:00:00-00:00,2025-02-04T21:00:00-00:00,2025-02-04,13,0,Hourly,RD,AS_SP26_EXP,DAM,RD_CLR_PRC,0,16
2025-02-04T22:00:00-00:00,2025-02-04T23:00:00-00:00,2025-02-04,15,0,Hourly,RD,AS_NP26,DAM,RD_CLR_PRC,0,16
2025-02-04T23:00:00-00:00,2025-02-05T00:00:00-00:00,2025-02-04,16,0,Hourly,RD,AS_CAISO,DAM,RD_CLR_PRC,0,16
2025-02-05T01:00:00-00:00,2025-02-05T02:00:00-00:00,2025-02-04,18,0,Hourly,RD,AS_SP26_EXP,DAM,RD_CLR_PRC,0,16
2025-02-05T04:00:00-00:00,2025-02-05T05:00:00-00:00,2025-02-04,21,0,Hourly,RD,AS_CAISO,DAM,RD_CLR_PRC,0,16
2025-02-05T04:00:00-00:00,2025-02-05T05:00:00-00:00,2025-02-04,21,0,Hourly,RD,AS_CAISO_EXP,DAM,RD_CLR_PRC,7.39,16
2025-02-05T05:00:00-00:00,2025-02-05T06:00:00-00:00,2025-02-04,22,0,Hourly,RD,AS_NP26_EXP,DAM,RD_CLR_PRC,0.71861,16
2025-02-05T06:00:00-00:00,2025-02-05T07:00:00-00:00,2025-02-04,23,0,Hourly,RD,AS_SP26_EXP,DAM,RD_CLR_PRC,0,16
2025-02-04T09:00:00-00:00,2025-02-04T10:00:00-00:00,2025-02-04,2,0,Hourly,RD,AS_CAISO,DAM,RD_CLR_PRC,0,16
2025-02-04T11:00:00-00:00,2025-02-04T12:00:00-00:00,2025-02-04,4,0,Hourly,RD,AS_CAISO,DAM,RD_CLR_PRC,0,16
2025-02-04T13:00:00-00:00,2025-02-04T14:00:00-00:00,2025-02-04,6,0,Hourly,RD,AS_NP26,DAM,RD_CLR_PRC,0,16
2025-02-04T14:00:00-00:00,2025-02-04T15:00:00-00:00,2025-02-04,7,0,Hourly,RD,AS_NP26,DAM,RD_CLR_PRC,0,16
2025-02-04T14:00:00-00:00,2025-02-04T15:00:00-00:00,2025-02-04,7,0,Hourly,RD,AS_SP26,DAM,RD_CLR_PRC,0,16
2025-02-04T16:00:00-00:00,2025-02-04T17:00:00-00:00,2025-02-04,9,0,Hourly,RD,AS_CAISO_EXP,DAM,RD_CLR_PRC,5.86824,16
2025-02-04T16:00:00-00:00,2025-02-04T17:00:00-00:00,2025-02-04,9,0,Hourly,RD,AS_NP26,DAM,RD_CLR_PRC,0,16
2025-02-04T19:00:00-00:00,2025-02-04T20:00:00-00:00,2025-02-04,12,0,Hourly,RD,AS_NP26,DAM,RD_CLR_PRC,0,16
2025-02-04T20:00:00-00:00,2025-02-04T21:00:00-00:00,2025-02-04,13,0,Hourly,RD,AS_CAISO_EXP,DAM,RD_CLR_PRC,7.79,16
2025-02-05T00:00:00-00:00,2025-02-05T01:00:00-00:00,2025-02-04,17,0,Hourly,RD,AS_NP26,DAM,RD_CLR_PRC,0,16
2025-02-05T02:00:00-00:00,2025-02-05T03:00:00-00:00,2025-02-04,19,0,Hourly,RD,AS_NP26_EXP,DAM,RD_CLR_PRC,1.0385,16
2025-02-05T05:00:00-00:00,2025-02-05T06:00:00-00:00,2025-02-04,22,0,Hourly,RD,AS_NP26,DAM,RD_CLR_PRC,0,16
2025-02-05T05:00:00-00:00,2025-02-05T06:00:00-00:00,2025-02-04,22,0,Hourly,RD,AS_SP26,DAM,RD_CLR_PRC,0,16
2025-02-05T05:00:00-00:00,2025-02-05T06:00:00-00:00,2025-02-04,22,0,Hourly,RD,AS_SP26_EXP,DAM,RD_CLR_PRC,0,16
2025-02-05T07:00:00-00:00,2025-02-05T08:00:00-00:00,2025-02-04,24,0,Hourly,RD,AS_NP26_EXP,DAM,RD_CLR_PRC,0,16
2025-02-04T09:00:00-00:00,2025-02-04T10:00:00-00:00,2025-02-04,2,0,Hourly,RD,AS_NP26,DAM,RD_CLR_PRC,0,16
2025-02-04T09:00:00-00:00,2025-02-04T10:00:00-00:00,2025-02-04,2,0,Hourly,RD,AS_SP26,DAM,RD_CLR_PRC,0,16
2025-02-04T10:00:00-00:00,2025-02-04T11:00:00-00:00,2025-02-04,3,0,Hourly,RD,AS_CAISO,DAM,RD_CLR_PRC,0,16
2025-02-04T11:00:00-00:00,2025-02-04T12:00:00-00:00,2025-02-04,4,0,Hourly,RD,AS_SP26_EXP,DAM,RD_CLR_PRC,0,16
2025-02-04T12:00:00-00:00,2025-02-04T13:00:00-00:00,2025-02-04,5,0,Hourly,RD,AS_SP26_EXP,DAM,RD_CLR_PRC,0,16
2025-02-04T14:00:00-00:00,2025-02-04T15:00:00-00:00,2025-02-04,7,0,Hourly,RD,AS_CAISO,DAM,RD_CLR_PRC,0,16
2025-02-04T15:00:00-00:00,2025-02-04T16:00:00-00:00,2025-02-04,8,0,Hourly,RD,AS_NP26_EXP,DAM,RD_CLR_PRC,0,16
2025-02-04T17:00:00-00:00,2025-02-04T18:00:00-00:00,2025-02-04,10,0,Hourly,RD,AS_CAISO_EXP,DAM,RD_CLR_PRC,3.99834,16
2025-02-04T17:00:00-00:00,2025-02-04T18:00:00-00:00,2025-02-04,10,0,Hourly,RD,AS_NP26_EXP,DAM,RD_CLR_PRC,4.20095,16
2025-02-04T18:00:00-00:00,2025-02-04T19:00:00-00:00,2025-02-04,11,0,Hourly,RD,AS_CAISO_EXP,DAM,RD_CLR_PRC,6.57,16
2025-02-05T01:00:00-00:00,2025-02-05T02:00:00-00:00,2025-02-04,18,0,Hourly,RD,AS_NP26,DAM,RD_CLR_PRC,0,16
2025-02-05T01:00:00-00:00,2025-02-05T02:00:00-00:00,2025-02-04,18,0,Hourly,RD,AS_SP26,DAM,RD_CLR_PRC,0,16
2025-02-05T03:00:00-00:00,2025-02-05T04:00:00-00:00,2025-02-04,20,0,Hourly,RD,AS_CAISO_EXP,DAM,RD_CLR_PRC,5.93383,16
2025-02-05T04:00:00-00:00,2025-02-05T05:00:00-00:00,2025-02-04,21,0,Hourly,RD,AS_SP26,DAM,RD_CLR_PRC,0,16
2025-02-05T04:00:00-00:00,2025-02-05T05:00:00-00:00,2025-02-04,21,0,Hourly,RD,AS_SP26_EXP,DAM,RD_CLR_PRC,0,16
2025-02-05T07:00:00-00:00,2025-02-05T08:00:00-00:00,2025-02-04,24,0,Hourly,RD,AS_CAISO_EXP,DAM,RD_CLR_PRC,6,16
2025-02-05T13:00:00-00:00,2025-02-05T14:00:00-00:00,2025-02-05,6,0,Hourly,RD,AS_SP26_EXP,DAM,RD_CLR_PRC,0,17
2025-02-05T16:00:00-00:00,2025-02-05T17:00:00-00:00,2025-02-05,9,0,Hourly,RD,AS_CAISO_EXP,DAM,RD_CLR_PRC,7.49,17
2025-02-05T17:00:00-00:00,2025-02-05T18:00:00-00:00,2025-02-05,10,0,Hourly,RD,AS_NP26,DAM,RD_CLR_PRC,0,17
2025-02-05T18:00:00-00:00,2025-02-05T19:00:00-00:00,2025-02-05,11,0,Hourly,RD,AS_CAISO,DAM,RD_CLR_PRC,0,17
2025-02-05T20:00:00-00:00,2025-02-05T21:00:00-00:00,2025-02-05,13,0,Hourly,RD,AS_CAISO,DAM,RD_CLR_PRC,0,17
2025-02-05T21:00:00-00:00,2025-02-05T22:00:00-00:00,2025-02-05,14,0,Hourly,RD,AS_SP26,DAM,RD_CLR_PRC,0,17
2025-02-05T21:00:00-00:00,2025-02-05T22:00:00-00:00,2025-02-05,14,0,Hourly,RD,AS_SP26_EXP,DAM,RD_CLR_PRC,0,17
2025-02-05T23:00:00-00:00,2025-02-06T00:00:00-00:00,2025-02-05,16,0,Hourly,RD,AS_CAISO_EXP,DAM,RD_CLR_PRC,19.24553,17
2025-02-05T23:00:00-00:00,2025-02-06T00:00:00-00:00,2025-02-05,16,0,Hourly,RD,AS_SP26_EXP,DAM,RD_CLR_PRC,0,17
2025-02-06T01:00:00-00:00,2025-02-06T02:00:00-00:00,2025-02-05,18,0,Hourly,RD,AS_NP26_EXP,DAM,RD_CLR_PRC,24.88556,17
2025-02-06T02:00:00-00:00,2025-02-06T03:00:00-00:00,2025-02-05,19,0,Hourly,RD,AS_NP26,DAM,RD_CLR_PRC,0,17
2025-02-06T02:00:00-00:00,2025-02-06T03:00:00-00:00,2025-02-05,19,0,Hourly,RD,AS_NP26_EXP,DAM,RD_CLR_PRC,32.06,17
2025-02-06T02:00:00-00:00,2025-02-06T03:00:00-00:00,2025-02-05,19,0,Hourly,RD,AS_SP26,DAM,RD_CLR_PRC,0,17
2025-02-06T02:00:00-00:00,2025-02-06T03:00:00-00:00,2025-02-05,19,0,Hourly,RD,AS_SP26_EXP,DAM,RD_CLR_PRC,0,17
2025-02-06T06:00:00-00:00,2025-02-06T07:00:00-00:00,2025-02-05,23,0,Hourly,RD,AS_NP26_EXP,DAM,RD_CLR_PRC,0,17
2025-02-06T07:00:00-00:00,2025-02-06T08:00:00-00:00,2025-02-05,24,0,Hourly,RD,AS_NP26_EXP,DAM,RD_CLR_PRC,2.81,17
2025-02-05T19:00:00-00:00,2025-02-05T20:00:00-00:00,2025-02-05,12,0,Hourly,RD,AS_SP26,DAM,RD_CLR_PRC,0,17
2025-02-05T19:00:00-00:00,2025-02-05T20:00:00-00:00,2025-02-05,12,0,Hourly,RD,AS_SP26_EXP,DAM,RD_CLR_PRC,0,17
2025-02-05T22:00:00-00:00,2025-02-05T23:00:00-00:00,2025-02-05,15,0,Hourly,RD,AS_CAISO_EXP,DAM,RD_CLR_PRC,19.20053,17
2025-02-05T22:00:00-00:00,2025-02-05T23:00:00-00:00,2025-02-05,15,0,Hourly,RD,AS_SP26_EXP,DAM,RD_CLR_PRC,0,17
2025-02-05T23:00:00-00:00,2025-02-06T00:00:00-00:00,2025-02-05,16,0,Hourly,RD,AS_NP26,DAM,RD_CLR_PRC,0,17
2025-02-06T01:00:00-00:00,2025-02-06T02:00:00-00:00,2025-02-05,18,0,Hourly,RD,AS_SP26_EXP,DAM,RD_CLR_PRC,0,17
2025-02-06T04:00:00-00:00,2025-02-06T05:00:00-00:00,2025-02-05,21,0,Hourly,RD,AS_SP26,DAM,RD_CLR_PRC,0,17
2025-02-05T10:00:00-00:00,2025-02-05T11:00:00-00:00,2025-02-05,3,0,Hourly,RD,AS_SP26,DAM,RD_CLR_PRC,0,17
2025-02-05T10:00:00-00:00,2025-02-05T11:00:00-00:00,2025-02-05,3,0,Hourly,RD,AS_SP26_EXP,DAM,RD_CLR_PRC,0,17
2025-02-05T11:00:00-00:00,2025-02-05T12:00:00-00:00,2025-02-05,4,0,Hourly,RD,AS_SP26_EXP,DAM,RD_CLR_PRC,0,17
2025-02-05T14:00:00-00:00,2025-02-05T15:00:00-00:00,2025-02-05,7,0,Hourly,RD,AS_CAISO_EXP,DAM,RD_CLR_PRC,7,17
2025-02-05T14:00:00-00:00,2025-02-05T15:00:00-00:00,2025-02-05,7,0,Hourly,RD,AS_NP26,DAM,RD_CLR_PRC,0,17
2025-02-05T15:00:00-00:00,2025-02-05T16:00:00-00:00,2025-02-05,8,0,Hourly,RD,AS_SP26,DAM,RD_CLR_PRC,0,17
2025-02-05T18:00:00-00:00,2025-02-05T19:00:00-00:00,2025-02-05,11,0,Hourly,RD,AS_NP26_EXP,DAM,RD_CLR_PRC,8.17654,17
2025-02-05T19:00:00-00:00,2025-02-05T20:00:00-00:00,2025-02-05,12,0,Hourly,RD,AS_CAISO,DAM,RD_CLR_PRC,0,17
2025-02-05T20:00:00-00:00,2025-02-05T21:00:00-00:00,2025-02-05,13,0,Hourly,RD,AS_NP26_EXP,DAM,RD_CLR_PRC,12.24422,17
2025-02-05T21:00:00-00:00,2025-02-05T22:00:00-00:00,2025-02-05,14,0,Hourly,RD,AS_CAISO_EXP,DAM,RD_CLR_PRC,12.19746,17
2025-02-05T22:00:00-00:00,2025-02-05T23:00:00-00:00,2025-02-05,15,0,Hourly,RD,AS_SP26,DAM,RD_CLR_PRC,0,17
2025-02-06T00:00:00-00:00,2025-02-06T01:00:00-00:00,2025-02-05,17,0,Hourly,RD,AS_CAISO,DAM,RD_CLR_PRC,0,17
2025-02-06T00:00:00-00:00,2025-02-06T01:00:00-00:00,2025-02-05,17,0,Hourly,RD,AS_CAISO_EXP,DAM,RD_CLR_PRC,10.14602,17
2025-02-06T02:00:00-00:00,2025-02-06T03:00:00-00:00,2025-02-05,19,0,Hourly,RD,AS_CAISO,DAM,RD_CLR_PRC,0,17
2025-02-05T08:00:00-00:00,2025-02-05T09:00:00-00:00,2025-02-05,1,0,Hourly,RD,AS_SP26,DAM,RD_CLR_PRC,0,17
2025-02-05T09:00:00-00:00,2025-02-05T10:00:00-00:00,2025-02-05,2,0,Hourly,RD,AS_NP26,DAM,RD_CLR_PRC,0,17
2025-02-05T11:00:00-00:00,2025-02-05T12:00:00-00:00,2025-02-05,4,0,Hourly,RD,AS_CAISO_EXP,DAM,RD_CLR_PRC,4,17
2025-02-05T11:00:00-00:00,2025-02-05T12:00:00-00:00,2025-02-05,4,0,Hourly,RD,AS_NP26,DAM,RD_CLR_PRC,0,17
2025-02-05T12:00:00-00:00,2025-02-05T13:00:00-00:00,2025-02-05,5,0,Hourly,RD,AS_CAISO,DAM,RD_CLR_PRC,0,17
2025-02-05T12:00:00-00:00,2025-02-05T13:00:00-00:00,2025-02-05,5,0,Hourly,RD,AS_NP26,DAM,RD_CLR_PRC,0,17
2025-02-05T12:00:00-00:00,2025-02-05T13:00:00-00:00,2025-02-05,5,0,Hourly,RD,AS_SP26,DAM,RD_CLR_PRC,0,17
2025-02-05T13:00:00-00:00,2025-02-05T14:00:00-00:00,2025-02-05,6,0,Hourly,RD,AS_NP26,DAM,RD_CLR_PRC,0,17
2025-02-05T14:00:00-00:00,2025-02-05T15:00:00-00:00,2025-02-05,7,0,Hourly,RD,AS_NP26_EXP,DAM,RD_CLR_PRC,7.09599,17
2025-02-05T14:00:00-00:00,2025-02-05T15:00:00-00:00,2025-02-05,7,0,Hourly,RD,AS_CAISO,DAM,RD_CLR_PRC,0,17
2025-02-05T14:00:00-00:00,2025-02-05T15:00:00-00:00,2025-02-05,7,0,Hourly,RD,AS_SP26,DAM,RD_CLR_PRC,0,17
2025-02-05T17:00:00-00:00,2025-02-05T18:00:00-00:00,2025-02-05,10,0,Hourly,RD,AS_SP26,DAM,RD_CLR_PRC,0,17
2025-02-05T17:00:00-00:00,2025-02-05T18:00:00-00:00,2025-02-05,10,0,Hourly,RD,AS_SP26_EXP,DAM,RD_CLR_PRC,0,17
2025-02-05T18:00:00-00:00,2025-02-05T19:00:00-00:00,2025-02-05,11,0,Hourly,RD,AS_NP26,DAM,RD_CLR_PRC,0,17
2025-02-05T18:00:00-00:00,2025-02-05T19:00:00-00:00,2025-02-05,11,0,Hourly,RD,AS_SP26,DAM,RD_CLR_PRC,0,17
2025-02-05T20:00:00-00:00,2025-02-05T21:00:00-00:00,2025-02-05,13,0,Hourly,RD,AS_NP26,DAM,RD_CLR_PRC,0,17
2025-02-06T00:00:00-00:00,2025-02-06T01:00:00-00:00,2025-02-05,17,0,Hourly,RD,AS_NP26_EXP,DAM,RD_CLR_PRC,17.92398,17
2025-02-06T07:00:00-00:00,2025-02-06T08:00:00-00:00,2025-02-05,24,0,Hourly,RD,AS_NP26,DAM,RD_CLR_PRC,0,17
2025-02-06T06:00:00-00:00,2025-02-06T07:00:00-00:00,2025-02-05,23,0,Hourly,RD,AS_NP26,DAM,RD_CLR_PRC,0,17
2025-02-06T07:00:00-00:00,2025-02-06T08:00:00-00:00,2025-02-05,24,0,Hourly,RD,AS_CAISO_EXP,DAM,RD_CLR_PRC,5.18,17
2025-02-05T08:00:00-00:00,2025-02-05T09:00:00-00:00,2025-02-05,1,0,Hourly,RD,AS_CAISO,DAM,RD_CLR_PRC,0,17
2025-02-05T08:00:00-00:00,2025-02-05T09:00:00-00:00,2025-02-05,1,0,Hourly,RD,AS_SP26_EXP,DAM,RD_CLR_PRC,0,17
2025-02-05T10:00:00-00:00,2025-02-05T11:00:00-00:00,2025-02-05,3,0,Hourly,RD,AS_NP26_EXP,DAM,RD_CLR_PRC,1.5,17
2025-02-05T12:00:00-00:00,2025-02-05T13:00:00-00:00,2025-02-05,5,0,Hourly,RD,AS_NP26_EXP,DAM,RD_CLR_PRC,1.92,17
2025-02-05T12:00:00-00:00,2025-02-05T13:00:00-00:00,2025-02-05,5,0,Hourly,RD,AS_SP26_EXP,DAM,RD_CLR_PRC,0,17
2025-02-05T15:00:00-00:00,2025-02-05T16:00:00-00:00,2025-02-05,8,0,Hourly,RD,AS_NP26,DAM,RD_CLR_PRC,0,17
2025-02-05T15:00:00-00:00,2025-02-05T16:00:00-00:00,2025-02-05,8,0,Hourly,RD,AS_SP26_EXP,DAM,RD_CLR_PRC,0,17
2025-02-05T20:00:00-00:00,2025-02-05T21:00:00-00:00,2025-02-05,13,0,Hourly,RD,AS_SP26_EXP,DAM,RD_CLR_PRC,0,17
2025-02-05T22:00:00-00:00,2025-02-05T23:00:00-00:00,2025-02-05,15,0,Hourly,RD,AS_CAISO,DAM,RD_CLR_PRC,0,17
2025-02-05T23:00:00-00:00,2025-02-06T00:00:00-00:00,2025-02-05,16,0,Hourly,RD,AS_CAISO,DAM,RD_CLR_PRC,0,17
2025-02-06T00:00:00-00:00,2025-02-06T01:00:00-00:00,2025-02-05,17,0,Hourly,RD,AS_NP26,DAM,RD_CLR_PRC,0,17
2025-02-06T01:00:00-00:00,2025-02-06T02:00:00-00:00,2025-02-05,18,0,Hourly,RD,AS_CAISO,DAM,RD_CLR_PRC,0,17
2025-02-06T03:00:00-00:00,2025-02-06T04:00:00-00:00,2025-02-05,20,0,Hourly,RD,AS_CAISO_EXP,DAM,RD_CLR_PRC,2,17
2025-02-06T03:00:00-00:00,2025-02-06T04:00:00-00:00,2025-02-05,20,0,Hourly,RD,AS_NP26_EXP,DAM,RD_CLR_PRC,13,17
2025-02-06T03:00:00-00:00,2025-02-06T04:00:00-00:00,2025-02-05,20,0,Hourly,RD,AS_SP26,DAM,RD_CLR_PRC,0,17
2025-02-06T04:00:00-00:00,2025-02-06T05:00:00-00:00,2025-02-05,21,0,Hourly,RD,AS_CAISO,DAM,RD_CLR_PRC,0,17
2025-02-06T05:00:00-00:00,2025-02-06T06:00:00-00:00,2025-02-05,22,0,Hourly,RD,AS_CAISO,DAM,RD_CLR_PRC,0,17
2025-02-05T08:00:00-00:00,2025-02-05T09:00:00-00:00,2025-02-05,1,0,Hourly,RD,AS_NP26_EXP,DAM,RD_CLR_PRC,0,17
2025-02-05T09:00:00-00:00,2025-02-05T10:00:00-00:00,2025-02-05,2,0,Hourly,RD,AS_CAISO,DAM,RD_CLR_PRC,0,17
2025-02-05T09:00:00-00:00,2025-02-05T10:00:00-00:00,2025-02-05,2,0,Hourly,RD,AS_SP26,DAM,RD_CLR_PRC,0,17
2025-02-05T09:00:00-00:00,2025-02-05T10:00:00-00:00,2025-02-05,2,0,Hourly,RD,AS_SP26_EXP,DAM,RD_CLR_PRC,0,17
2025-02-05T12:00:00-00:00,2025-02-05T13:00:00-00:00,2025-02-05,5,0,Hourly,RD,AS_CAISO_EXP,DAM,RD_CLR_PRC,4,17
2025-02-05T13:00:00-00:00,2025-02-05T14:00:00-00:00,2025-02-05,6,0,Hourly,RD,AS_SP26,DAM,RD_CLR_PRC,0,17
2025-02-06T05:00:00-00:00,2025-02-06T06:00:00-00:00,2025-02-05,22,0,Hourly,RD,AS_CAISO_EXP,DAM,RD_CLR_PRC,2.49494,17
2025-02-06T05:00:00-00:00,2025-02-06T06:00:00-00:00,2025-02-05,22,0,Hourly,RD,AS_NP26_EXP,DAM,RD_CLR_PRC,4.50506,17
2025-02-06T05:00:00-00:00,2025-02-06T06:00:00-00:00,2025-02-05,22,0,Hourly,RD,AS_SP26_EXP,DAM,RD_CLR_PRC,0,17
2025-02-06T06:00:00-00:00,2025-02-06T07:00:00-00:00,2025-02-05,23,0,Hourly,RD,AS_CAISO_EXP,DAM,RD_CLR_PRC,7,17
2025-02-05T10:00:00-00:00,2025-02-05T11:00:00-00:00,2025-02-05,3,0,Hourly,RD,AS_CAISO_EXP,DAM,RD_CLR_PRC,4,17
2025-02-05T11:00:00-00:00,2025-02-05T12:00:00-00:00,2025-02-05,4,0,Hourly,RD,AS_NP26_EXP,DAM,RD_CLR_PRC,1.5,17
2025-02-05T20:00:00-00:00,2025-02-05T21:00:00-00:00,2025-02-05,13,0,Hourly,RD,AS_SP26,DAM,RD_CLR_PRC,0,17
2025-02-05T21:00:00-00:00,2025-02-05T22:00:00-00:00,2025-02-05,14,0,Hourly,RD,AS_NP26_EXP,DAM,RD_CLR_PRC,13.30254,17
2025-02-05T23:00:00-00:00,2025-02-06T00:00:00-00:00,2025-02-05,16,0,Hourly,RD,AS_SP26,DAM,RD_CLR_PRC,0,17
2025-02-06T02:00:00-00:00,2025-02-06T03:00:00-00:00,2025-02-05,19,0,Hourly,RD,AS_CAISO_EXP,DAM,RD_CLR_PRC,5,17
2025-02-06T03:00:00-00:00,2025-02-06T04:00:00-00:00,2025-02-05,20,0,Hourly,RD,AS_SP26_EXP,DAM,RD_CLR_PRC,0,17
2025-02-05T08:00:00-00:00,2025-02-05T09:00:00-00:00,2025-02-05,1,0,Hourly,RD,AS_CAISO_EXP,DAM,RD_CLR_PRC,6.10964,17
2025-02-05T08:00:00-00:00,2025-02-05T09:00:00-00:00,2025-02-05,1,0,Hourly,RD,AS_NP26,DAM,RD_CLR_PRC,0,17
2025-02-05T09:00:00-00:00,2025-02-05T10:00:00-00:00,2025-02-05,2,0,Hourly,RD,AS_CAISO_EXP,DAM,RD_CLR_PRC,5.4882,17
2025-02-05T11:00:00-00:00,2025-02-05T12:00:00-00:00,2025-02-05,4,0,Hourly,RD,AS_CAISO,DAM,RD_CLR_PRC,0,17
2025-02-05T13:00:00-00:00,2025-02-05T14:00:00-00:00,2025-02-05,6,0,Hourly,RD,AS_CAISO,DAM,RD_CLR_PRC,0,17
2025-02-05T15:00:00-00:00,2025-02-05T16:00:00-00:00,2025-02-05,8,0,Hourly,RD,AS_CAISO,DAM,RD_CLR_PRC,0,17
2025-02-05T15:00:00-00:00,2025-02-05T16:00:00-00:00,2025-02-05,8,0,Hourly,RD,AS_CAISO_EXP,DAM,RD_CLR_PRC,9.48425,17
2025-02-05T15:00:00-00:00,2025-02-05T16:00:00-00:00,2025-02-05,8,0,Hourly,RD,AS_NP26_EXP,DAM,RD_CLR_PRC,5.51575,17
2025-02-05T16:00:00-00:00,2025-02-05T17:00:00-00:00,2025-02-05,9,0,Hourly,RD,AS_NP26_EXP,DAM,RD_CLR_PRC,22.52,17
2025-02-05T17:00:00-00:00,2025-02-05T18:00:00-00:00,2025-02-05,10,0,Hourly,RD,AS_CAISO_EXP,DAM,RD_CLR_PRC,8.42652,17
2025-02-05T19:00:00-00:00,2025-02-05T20:00:00-00:00,2025-02-05,12,0,Hourly,RD,AS_CAISO_EXP,DAM,RD_CLR_PRC,9.72724,17
2025-02-05T21:00:00-00:00,2025-02-05T22:00:00-00:00,2025-02-05,14,0,Hourly,RD,AS_NP26,DAM,RD_CLR_PRC,0,17
2025-02-05T22:00:00-00:00,2025-02-05T23:00:00-00:00,2025-02-05,15,0,Hourly,RD,AS_NP26,DAM,RD_CLR_PRC,0,17
2025-02-05T22:00:00-00:00,2025-02-05T23:00:00-00:00,2025-02-05,15,0,Hourly,RD,AS_NP26_EXP,DAM,RD_CLR_PRC,9.21903,17
2025-02-06T01:00:00-00:00,2025-02-06T02:00:00-00:00,2025-02-05,18,0,Hourly,RD,AS_CAISO_EXP,DAM,RD_CLR_PRC,7.49,17
2025-02-06T01:00:00-00:00,2025-02-06T02:00:00-00:00,2025-02-05,18,0,Hourly,RD,AS_NP26,DAM,RD_CLR_PRC,0,17
2025-02-06T03:00:00-00:00,2025-02-06T04:00:00-00:00,2025-02-05,20,0,Hourly,RD,AS_CAISO,DAM,RD_CLR_PRC,0,17
2025-02-06T03:00:00-00:00,2025-02-06T04:00:00-00:00,2025-02-05,20,0,Hourly,RD,AS_NP26,DAM,RD_CLR_PRC,0,17
2025-02-06T04:00:00-00:00,2025-02-06T05:00:00-00:00,2025-02-05,21,0,Hourly,RD,AS_NP26_EXP,DAM,RD_CLR_PRC,3.79817,17
2025-02-06T04:00:00-00:00,2025-02-06T05:00:00-00:00,2025-02-05,21,0,Hourly,RD,AS_CAISO_EXP,DAM,RD_CLR_PRC,3.20183,17
2025-02-06T06:00:00-00:00,2025-02-06T07:00:00-00:00,2025-02-05,23,0,Hourly,RD,AS_CAISO,DAM,RD_CLR_PRC,0,17
2025-02-06T07:00:00-00:00,2025-02-06T08:00:00-00:00,2025-02-05,24,0,Hourly,RD,AS_SP26,DAM,RD_CLR_PRC,0,17
2025-02-06T07:00:00-00:00,2025-02-06T08:00:00-00:00,2025-02-05,24,0,Hourly,RD,AS_SP26_EXP,DAM,RD_CLR_PRC,0,17
2025-02-05T09:00:00-00:00,2025-02-05T10:00:00-00:00,2025-02-05,2,0,Hourly,RD,AS_NP26_EXP,DAM,RD_CLR_PRC,0,17
2025-02-05T10:00:00-00:00,2025-02-05T11:00:00-00:00,2025-02-05,3,0,Hourly,RD,AS_CAISO,DAM,RD_CLR_PRC,0,17
2025-02-05T13:00:00-00:00,2025-02-05T14:00:00-00:00,2025-02-05,6,0,Hourly,RD,AS_NP26_EXP,DAM,RD_CLR_PRC,3.09,17
2025-02-05T16:00:00-00:00,2025-02-05T17:00:00-00:00,2025-02-05,9,0,Hourly,RD,AS_CAISO,DAM,RD_CLR_PRC,0,17
2025-02-05T16:00:00-00:00,2025-02-05T17:00:00-00:00,2025-02-05,9,0,Hourly,RD,AS_SP26_EXP,DAM,RD_CLR_PRC,0,17
2025-02-05T17:00:00-00:00,2025-02-05T18:00:00-00:00,2025-02-05,10,0,Hourly,RD,AS_CAISO,DAM,RD_CLR_PRC,0,17
2025-02-05T18:00:00-00:00,2025-02-05T19:00:00-00:00,2025-02-05,11,0,Hourly,RD,AS_CAISO_EXP,DAM,RD_CLR_PRC,4.7658,17
2025-02-05T20:00:00-00:00,2025-02-05T21:00:00-00:00,2025-02-05,13,0,Hourly,RD,AS_CAISO_EXP,DAM,RD_CLR_PRC,10,17
2025-02-05T21:00:00-00:00,2025-02-05T22:00:00-00:00,2025-02-05,14,0,Hourly,RD,AS_CAISO,DAM,RD_CLR_PRC,0,17
2025-02-05T23:00:00-00:00,2025-02-06T00:00:00-00:00,2025-02-05,16,0,Hourly,RD,AS_NP26_EXP,DAM,RD_CLR_PRC,4.82506,17
2025-02-06T00:00:00-00:00,2025-02-06T01:00:00-00:00,2025-02-05,17,0,Hourly,RD,AS_SP26,DAM,RD_CLR_PRC,0,17
2025-02-06T00:00:00-00:00,2025-02-06T01:00:00-00:00,2025-02-05,17,0,Hourly,RD,AS_SP26_EXP,DAM,RD_CLR_PRC,0,17
2025-02-06T01:00:00-00:00,2025-02-06T02:00:00-00:00,2025-02-05,18,0,Hourly,RD,AS_SP26,DAM,RD_CLR_PRC,0,17
2025-02-06T04:00:00-00:00,2025-02-06T05:00:00-00:00,2025-02-05,21,0,Hourly,RD,AS_NP26,DAM,RD_CLR_PRC,0,17
2025-02-06T05:00:00-00:00,2025-02-06T06:00:00-00:00,2025-02-05,22,0,Hourly,RD,AS_NP26,DAM,RD_CLR_PRC,0,17
2025-02-06T05:00:00-00:00,2025-02-06T06:00:00-00:00,2025-02-05,22,0,Hourly,RD,AS_SP26,DAM,RD_CLR_PRC,0,17
2025-02-06T07:00:00-00:00,2025-02-06T08:00:00-00:00,2025-02-05,24,0,Hourly,RD,AS_CAISO,DAM,RD_CLR_PRC,0,17
2025-02-06T04:00:00-00:00,2025-02-06T05:00:00-00:00,2025-02-05,21,0,Hourly,RD,AS_SP26_EXP,DAM,RD_CLR_PRC,0,17
2025-02-06T06:00:00-00:00,2025-02-06T07:00:00-00:00,2025-02-05,23,0,Hourly,RD,AS_SP26,DAM,RD_CLR_PRC,0,17
2025-02-06T06:00:00-00:00,2025-02-06T07:00:00-00:00,2025-02-05,23,0,Hourly,RD,AS_SP26_EXP,DAM,RD_CLR_PRC,0,17
2025-02-05T10:00:00-00:00,2025-02-05T11:00:00-00:00,2025-02-05,3,0,Hourly,RD,AS_NP26,DAM,RD_CLR_PRC,0,17
2025-02-05T11:00:00-00:00,2025-02-05T12:00:00-00:00,2025-02-05,4,0,Hourly,RD,AS_SP26,DAM,RD_CLR_PRC,0,17
2025-02-05T13:00:00-00:00,2025-02-05T14:00:00-00:00,2025-02-05,6,0,Hourly,RD,AS_CAISO_EXP,DAM,RD_CLR_PRC,7,17
2025-02-05T14:00:00-00:00,2025-02-05T15:00:00-00:00,2025-02-05,7,0,Hourly,RD,AS_SP26_EXP,DAM,RD_CLR_PRC,0,17
2025-02-05T16:00:00-00:00,2025-02-05T17:00:00-00:00,2025-02-05,9,0,Hourly,RD,AS_NP26,DAM,RD_CLR_PRC,0,17
2025-02-05T16:00:00-00:00,2025-02-05T17:00:00-00:00,2025-02-05,9,0,Hourly,RD,AS_SP26,DAM,RD_CLR_PRC,0,17
2025-02-05T17:00:00-00:00,2025-02-05T18:00:00-00:00,2025-02-05,10,0,Hourly,RD,AS_NP26_EXP,DAM,RD_CLR_PRC,6.57348,17
2025-02-05T18:00:00-00:00,2025-02-05T19:00:00-00:00,2025-02-05,11,0,Hourly,RD,AS_SP26_EXP,DAM,RD_CLR_PRC,0,17
2025-02-05T19:00:00-00:00,2025-02-05T20:00:00-00:00,2025-02-05,12,0,Hourly,RD,AS_NP26,DAM,RD_CLR_PRC,0,17
2025-02-05T19:00:00-00:00,2025-02-05T20:00:00-00:00,2025-02-05,12,0,Hourly,RD,AS_NP26_EXP,DAM,RD_CLR_PRC,0,17
2025-02-06T10:00:00-00:00,2025-02-06T11:00:00-00:00,2025-02-06,3,0,Hourly,RD,AS_NP26,DAM,RD_CLR_PRC,0,18
2025-02-06T10:00:00-00:00,2025-02-06T11:00:00-00:00,2025-02-06,3,0,Hourly,RD,AS_SP26,DAM,RD_CLR_PRC,0,18
2025-02-06T14:00:00-00:00,2025-02-06T15:00:00-00:00,2025-02-06,7,0,Hourly,RD,AS_CAISO_EXP,DAM,RD_CLR_PRC,7,18
2025-02-06T15:00:00-00:00,2025-02-06T16:00:00-00:00,2025-02-06,8,0,Hourly,RD,AS_CAISO,DAM,RD_CLR_PRC,0,18
2025-02-06T18:00:00-00:00,2025-02-06T19:00:00-00:00,2025-02-06,11,0,Hourly,RD,AS_CAISO,DAM,RD_CLR_PRC,0,18
2025-02-06T18:00:00-00:00,2025-02-06T19:00:00-00:00,2025-02-06,11,0,Hourly,RD,AS_NP26,DAM,RD_CLR_PRC,0,18
2025-02-06T19:00:00-00:00,2025-02-06T20:00:00-00:00,2025-02-06,12,0,Hourly,RD,AS_CAISO,DAM,RD_CLR_PRC,0,18
2025-02-06T21:00:00-00:00,2025-02-06T22:00:00-00:00,2025-02-06,14,0,Hourly,RD,AS_CAISO,DAM,RD_CLR_PRC,0,18
2025-02-06T22:00:00-00:00,2025-02-06T23:00:00-00:00,2025-02-06,15,0,Hourly,RD,AS_CAISO,DAM,RD_CLR_PRC,0,18
2025-02-06T23:00:00-00:00,2025-02-07T00:00:00-00:00,2025-02-06,16,0,Hourly,RD,AS_SP26_EXP,DAM,RD_CLR_PRC,0,18
2025-02-07T03:00:00-00:00,2025-02-07T04:00:00-00:00,2025-02-06,20,0,Hourly,RD,AS_CAISO_EXP,DAM,RD_CLR_PRC,7.99,18
2025-02-07T03:00:00-00:00,2025-02-07T04:00:00-00:00,2025-02-06,20,0,Hourly,RD,AS_NP26,DAM,RD_CLR_PRC,0,18
2025-02-07T04:00:00-00:00,2025-02-07T05:00:00-00:00,2025-02-06,21,0,Hourly,RD,AS_NP26,DAM,RD_CLR_PRC,0,18
2025-02-07T04:00:00-00:00,2025-02-07T05:00:00-00:00,2025-02-06,21,0,Hourly,RD,AS_SP26,DAM,RD_CLR_PRC,0,18
2025-02-07T05:00:00-00:00,2025-02-07T06:00:00-00:00,2025-02-06,22,0,Hourly,RD,AS_NP26,DAM,RD_CLR_PRC,0,18
2025-02-07T07:00:00-00:00,2025-02-07T08:00:00-00:00,2025-02-06,24,0,Hourly,RD,AS_CAISO,DAM,RD_CLR_PRC,0,18
2025-02-07T00:00:00-00:00,2025-02-07T01:00:00-00:00,2025-02-06,17,0,Hourly,RD,AS_CAISO_EXP,DAM,RD_CLR_PRC,13.56721,18
2025-02-07T01:00:00-00:00,2025-02-07T02:00:00-00:00,2025-02-06,18,0,Hourly,RD,AS_CAISO,DAM,RD_CLR_PRC,0,18
2025-02-07T01:00:00-00:00,2025-02-07T02:00:00-00:00,2025-02-06,18,0,Hourly,RD,AS_SP26,DAM,RD_CLR_PRC,0,18
2025-02-07T02:00:00-00:00,2025-02-07T03:00:00-00:00,2025-02-06,19,0,Hourly,RD,AS_CAISO,DAM,RD_CLR_PRC,0,18
2025-02-07T04:00:00-00:00,2025-02-07T05:00:00-00:00,2025-02-06,21,0,Hourly,RD,AS_NP26_EXP,DAM,RD_CLR_PRC,1.99,18
2025-02-07T05:00:00-00:00,2025-02-07T06:00:00-00:00,2025-02-06,22,0,Hourly,RD,AS_CAISO_EXP,DAM,RD_CLR_PRC,6,18
2025-02-07T06:00:00-00:00,2025-02-07T07:00:00-00:00,2025-02-06,23,0,Hourly,RD,AS_SP26,DAM,RD_CLR_PRC,0,18
2025-02-06T10:00:00-00:00,2025-02-06T11:00:00-00:00,2025-02-06,3,0,Hourly,RD,AS_NP26_EXP,DAM,RD_CLR_PRC,0,18
2025-02-06T11:00:00-00:00,2025-02-06T12:00:00-00:00,2025-02-06,4,0,Hourly,RD,AS_CAISO_EXP,DAM,RD_CLR_PRC,6.87378,18
2025-02-06T11:00:00-00:00,2025-02-06T12:00:00-00:00,2025-02-06,4,0,Hourly,RD,AS_SP26_EXP,DAM,RD_CLR_PRC,0,18
2025-02-06T14:00:00-00:00,2025-02-06T15:00:00-00:00,2025-02-06,7,0,Hourly,RD,AS_NP26,DAM,RD_CLR_PRC,0,18
2025-02-06T15:00:00-00:00,2025-02-06T16:00:00-00:00,2025-02-06,8,0,Hourly,RD,AS_SP26_EXP,DAM,RD_CLR_PRC,0,18
2025-02-06T16:00:00-00:00,2025-02-06T17:00:00-00:00,2025-02-06,9,0,Hourly,RD,AS_CAISO_EXP,DAM,RD_CLR_PRC,15.10602,18
2025-02-06T16:00:00-00:00,2025-02-06T17:00:00-00:00,2025-02-06,9,0,Hourly,RD,AS_NP26,DAM,RD_CLR_PRC,0,18
2025-02-06T17:00:00-00:00,2025-02-06T18:00:00-00:00,2025-02-06,10,0,Hourly,RD,AS_CAISO,DAM,RD_CLR_PRC,0,18
2025-02-06T17:00:00-00:00,2025-02-06T18:00:00-00:00,2025-02-06,10,0,Hourly,RD,AS_CAISO_EXP,DAM,RD_CLR_PRC,12.73329,18
2025-02-06T20:00:00-00:00,2025-02-06T21:00:00-00:00,2025-02-06,13,0,Hourly,RD,AS_SP26_EXP,DAM,RD_CLR_PRC,0,18
2025-02-06T21:00:00-00:00,2025-02-06T22:00:00-00:00,2025-02-06,14,0,Hourly,RD,AS_NP26,DAM,RD_CLR_PRC,0,18
2025-02-06T22:00:00-00:00,2025-02-06T23:00:00-00:00,2025-02-06,15,0,Hourly,RD,AS_SP26,DAM,RD_CLR_PRC,0,18
2025-02-06T23:00:00-00:00,2025-02-07T00:00:00-00:00,2025-02-06,16,0,Hourly,RD,AS_NP26,DAM,RD_CLR_PRC,0,18
2025-02-07T01:00:00-00:00,2025-02-07T02:00:00-00:00,2025-02-06,18,0,Hourly,RD,AS_NP26,DAM,RD_CLR_PRC,0,18
2025-02-07T02:00:00-00:00,2025-02-07T03:00:00-00:00,2025-02-06,19,0,Hourly,RD,AS_SP26,DAM,RD_CLR_PRC,0,18
2025-02-07T03:00:00-00:00,2025-02-07T04:00:00-00:00,2025-02-06,20,0,Hourly,RD,AS_SP26_EXP,DAM,RD_CLR_PRC,0,18
2025-02-07T05:00:00-00:00,2025-02-07T06:00:00-00:00,2025-02-06,22,0,Hourly,RD,AS_NP26_EXP,DAM,RD_CLR_PRC,1,18
2025-02-07T03:00:00-00:00,2025-02-07T04:00:00-00:00,2025-02-06,20,0,Hourly,RD,AS_NP26_EXP,DAM,RD_CLR_PRC,0,18
2025-02-07T04:00:00-00:00,2025-02-07T05:00:00-00:00,2025-02-06,21,0,Hourly,RD,AS_CAISO,DAM,RD_CLR_PRC,0,18
2025-02-07T04:00:00-00:00,2025-02-07T05:00:00-00:00,2025-02-06,21,0,Hourly,RD,AS_CAISO_EXP,DAM,RD_CLR_PRC,6,18
2025-02-07T05:00:00-00:00,2025-02-07T06:00:00-00:00,2025-02-06,22,0,Hourly,RD,AS_CAISO,DAM,RD_CLR_PRC,0,18
2025-02-07T06:00:00-00:00,2025-02-07T07:00:00-00:00,2025-02-06,23,0,Hourly,RD,AS_SP26_EXP,DAM,RD_CLR_PRC,0,18
2025-02-06T08:00:00-00:00,2025-02-06T09:00:00-00:00,2025-02-06,1,0,Hourly,RD,AS_NP26_EXP,DAM,RD_CLR_PRC,0.33294,18
2025-02-06T11:00:00-00:00,2025-02-06T12:00:00-00:00,2025-02-06,4,0,Hourly,RD,AS_SP26,DAM,RD_CLR_PRC,0,18
2025-02-06T12:00:00-00:00,2025-02-06T13:00:00-00:00,2025-02-06,5,0,Hourly,RD,AS_CAISO,DAM,RD_CLR_PRC,0,18
2025-02-06T12:00:00-00:00,2025-02-06T13:00:00-00:00,2025-02-06,5,0,Hourly,RD,AS_CAISO_EXP,DAM,RD_CLR_PRC,4,18
2025-02-06T13:00:00-00:00,2025-02-06T14:00:00-00:00,2025-02-06,6,0,Hourly,RD,AS_NP26_EXP,DAM,RD_CLR_PRC,0.3778,18
2025-02-06T14:00:00-00:00,2025-02-06T15:00:00-00:00,2025-02-06,7,0,Hourly,RD,AS_CAISO,DAM,RD_CLR_PRC,0,18
2025-02-06T14:00:00-00:00,2025-02-06T15:00:00-00:00,2025-02-06,7,0,Hourly,RD,AS_SP26,DAM,RD_CLR_PRC,0,18
2025-02-06T17:00:00-00:00,2025-02-06T18:00:00-00:00,2025-02-06,10,0,Hourly,RD,AS_NP26,DAM,RD_CLR_PRC,0,18
2025-02-06T18:00:00-00:00,2025-02-06T19:00:00-00:00,2025-02-06,11,0,Hourly,RD,AS_SP26,DAM,RD_CLR_PRC,0,18
2025-02-06T19:00:00-00:00,2025-02-06T20:00:00-00:00,2025-02-06,12,0,Hourly,RD,AS_NP26,DAM,RD_CLR_PRC,0,18
2025-02-06T20:00:00-00:00,2025-02-06T21:00:00-00:00,2025-02-06,13,0,Hourly,RD,AS_NP26,DAM,RD_CLR_PRC,0,18
2025-02-06T20:00:00-00:00,2025-02-06T21:00:00-00:00,2025-02-06,13,0,Hourly,RD,AS_SP26,DAM,RD_CLR_PRC,0,18
2025-02-06T23:00:00-00:00,2025-02-07T00:00:00-00:00,2025-02-06,16,0,Hourly,RD,AS_CAISO_EXP,DAM,RD_CLR_PRC,20,18
2025-02-07T00:00:00-00:00,2025-02-07T01:00:00-00:00,2025-02-06,17,0,Hourly,RD,AS_SP26,DAM,RD_CLR_PRC,0,18
2025-02-07T02:00:00-00:00,2025-02-07T03:00:00-00:00,2025-02-06,19,0,Hourly,RD,AS_CAISO_EXP,DAM,RD_CLR_PRC,7.72,18
2025-02-06T08:00:00-00:00,2025-02-06T09:00:00-00:00,2025-02-06,1,0,Hourly,RD,AS_NP26,DAM,RD_CLR_PRC,0,18
2025-02-06T09:00:00-00:00,2025-02-06T10:00:00-00:00,2025-02-06,2,0,Hourly,RD,AS_CAISO,DAM,RD_CLR_PRC,0,18
2025-02-06T13:00:00-00:00,2025-02-06T14:00:00-00:00,2025-02-06,6,0,Hourly,RD,AS_CAISO_EXP,DAM,RD_CLR_PRC,7,18
2025-02-06T19:00:00-00:00,2025-02-06T20:00:00-00:00,2025-02-06,12,0,Hourly,RD,AS_NP26_EXP,DAM,RD_CLR_PRC,0.76632,18
2025-02-06T20:00:00-00:00,2025-02-06T21:00:00-00:00,2025-02-06,13,0,Hourly,RD,AS_CAISO,DAM,RD_CLR_PRC,0,18
2025-02-06T20:00:00-00:00,2025-02-06T21:00:00-00:00,2025-02-06,13,0,Hourly,RD,AS_NP26_EXP,DAM,RD_CLR_PRC,3.08013,18
2025-02-06T22:00:00-00:00,2025-02-06T23:00:00-00:00,2025-02-06,15,0,Hourly,RD,AS_CAISO_EXP,DAM,RD_CLR_PRC,17.22426,18
2025-02-06T22:00:00-00:00,2025-02-06T23:00:00-00:00,2025-02-06,15,0,Hourly,RD,AS_NP26,DAM,RD_CLR_PRC,0,18
2025-02-06T22:00:00-00:00,2025-02-06T23:00:00-00:00,2025-02-06,15,0,Hourly,RD,AS_NP26_EXP,DAM,RD_CLR_PRC,20.27945,18
2025-02-07T00:00:00-00:00,2025-02-07T01:00:00-00:00,2025-02-06,17,0,Hourly,RD,AS_CAISO,DAM,RD_CLR_PRC,0,18
2025-02-07T01:00:00-00:00,2025-02-07T02:00:00-00:00,2025-02-06,18,0,Hourly,RD,AS_SP26_EXP,DAM,RD_CLR_PRC,0,18
2025-02-07T02:00:00-00:00,2025-02-07T03:00:00-00:00,2025-02-06,19,0,Hourly,RD,AS_NP26,DAM,RD_CLR_PRC,0,18
2025-02-07T05:00:00-00:00,2025-02-07T06:00:00-00:00,2025-02-06,22,0,Hourly,RD,AS_SP26,DAM,RD_CLR_PRC,0,18
2025-02-07T06:00:00-00:00,2025-02-07T07:00:00-00:00,2025-02-06,23,0,Hourly,RD,AS_NP26,DAM,RD_CLR_PRC,0,18
2025-02-07T06:00:00-00:00,2025-02-07T07:00:00-00:00,2025-02-06,23,0,Hourly,RD,AS_NP26_EXP,DAM,RD_CLR_PRC,0,18
2025-02-07T07:00:00-00:00,2025-02-07T08:00:00-00:00,2025-02-06,24,0,Hourly,RD,AS_CAISO_EXP,DAM,RD_CLR_PRC,6.04,18
2025-02-07T07:00:00-00:00,2025-02-07T08:00:00-00:00,2025-02-06,24,0,Hourly,RD,AS_NP26_EXP,DAM,RD_CLR_PRC,1.19,18
2025-02-06T08:00:00-00:00,2025-02-06T09:00:00-00:00,2025-02-06,1,0,Hourly,RD,AS_SP26_EXP,DAM,RD_CLR_PRC,0,18
2025-02-06T09:00:00-00:00,2025-02-06T10:00:00-00:00,2025-02-06,2,0,Hourly,RD,AS_NP26_EXP,DAM,RD_CLR_PRC,2.44728,18
2025-02-06T10:00:00-00:00,2025-02-06T11:00:00-00:00,2025-02-06,3,0,Hourly,RD,AS_CAISO_EXP,DAM,RD_CLR_PRC,4,18
2025-02-06T08:00:00-00:00,2025-02-06T09:00:00-00:00,2025-02-06,1,0,Hourly,RD,AS_CAISO,DAM,RD_CLR_PRC,0,18
2025-02-06T11:00:00-00:00,2025-02-06T12:00:00-00:00,2025-02-06,4,0,Hourly,RD,AS_CAISO,DAM,RD_CLR_PRC,0,18
2025-02-06T12:00:00-00:00,2025-02-06T13:00:00-00:00,2025-02-06,5,0,Hourly,RD,AS_SP26,DAM,RD_CLR_PRC,0,18
2025-02-06T12:00:00-00:00,2025-02-06T13:00:00-00:00,2025-02-06,5,0,Hourly,RD,AS_SP26_EXP,DAM,RD_CLR_PRC,0,18
2025-02-06T13:00:00-00:00,2025-02-06T14:00:00-00:00,2025-02-06,6,0,Hourly,RD,AS_NP26,DAM,RD_CLR_PRC,0,18
2025-02-06T13:00:00-00:00,2025-02-06T14:00:00-00:00,2025-02-06,6,0,Hourly,RD,AS_SP26_EXP,DAM,RD_CLR_PRC,0,18
2025-02-06T15:00:00-00:00,2025-02-06T16:00:00-00:00,2025-02-06,8,0,Hourly,RD,AS_CAISO_EXP,DAM,RD_CLR_PRC,18.3938,18
2025-02-06T15:00:00-00:00,2025-02-06T16:00:00-00:00,2025-02-06,8,0,Hourly,RD,AS_NP26_EXP,DAM,RD_CLR_PRC,20.23294,18
2025-02-06T17:00:00-00:00,2025-02-06T18:00:00-00:00,2025-02-06,10,0,Hourly,RD,AS_NP26_EXP,DAM,RD_CLR_PRC,2.26671,18
2025-02-06T19:00:00-00:00,2025-02-06T20:00:00-00:00,2025-02-06,12,0,Hourly,RD,AS_CAISO_EXP,DAM,RD_CLR_PRC,14.23368,18
2025-02-06T20:00:00-00:00,2025-02-06T21:00:00-00:00,2025-02-06,13,0,Hourly,RD,AS_CAISO_EXP,DAM,RD_CLR_PRC,11.91987,18
2025-02-06T23:00:00-00:00,2025-02-07T00:00:00-00:00,2025-02-06,16,0,Hourly,RD,AS_SP26,DAM,RD_CLR_PRC,0,18
2025-02-07T00:00:00-00:00,2025-02-07T01:00:00-00:00,2025-02-06,17,0,Hourly,RD,AS_NP26,DAM,RD_CLR_PRC,0,18
2025-02-07T01:00:00-00:00,2025-02-07T02:00:00-00:00,2025-02-06,18,0,Hourly,RD,AS_NP26_EXP,DAM,RD_CLR_PRC,5.32,18
2025-02-07T03:00:00-00:00,2025-02-07T04:00:00-00:00,2025-02-06,20,0,Hourly,RD,AS_CAISO,DAM,RD_CLR_PRC,0,18
2025-02-07T06:00:00-00:00,2025-02-07T07:00:00-00:00,2025-02-06,23,0,Hourly,RD,AS_CAISO,DAM,RD_CLR_PRC,0,18
2025-02-07T07:00:00-00:00,2025-02-07T08:00:00-00:00,2025-02-06,24,0,Hourly,RD,AS_SP26_EXP,DAM,RD_CLR_PRC,0,18
2025-02-06T09:00:00-00:00,2025-02-06T10:00:00-00:00,2025-02-06,2,0,Hourly,RD,AS_CAISO_EXP,DAM,RD_CLR_PRC,4,18
2025-02-06T09:00:00-00:00,2025-02-06T10:00:00-00:00,2025-02-06,2,0,Hourly,RD,AS_NP26,DAM,RD_CLR_PRC,0,18
2025-02-06T09:00:00-00:00,2025-02-06T10:00:00-00:00,2025-02-06,2,0,Hourly,RD,AS_SP26_EXP,DAM,RD_CLR_PRC,0,18
2025-02-06T10:00:00-00:00,2025-02-06T11:00:00-00:00,2025-02-06,3,0,Hourly,RD,AS_CAISO,DAM,RD_CLR_PRC,0,18
2025-02-06T10:00:00-00:00,2025-02-06T11:00:00-00:00,2025-02-06,3,0,Hourly,RD,AS_SP26_EXP,DAM,RD_CLR_PRC,0,18
2025-02-06T11:00:00-00:00,2025-02-06T12:00:00-00:00,2025-02-06,4,0,Hourly,RD,AS_NP26,DAM,RD_CLR_PRC,0,18
2025-02-06T11:00:00-00:00,2025-02-06T12:00:00-00:00,2025-02-06,4,0,Hourly,RD,AS_NP26_EXP,DAM,RD_CLR_PRC,0,18
2025-02-06T13:00:00-00:00,2025-02-06T14:00:00-00:00,2025-02-06,6,0,Hourly,RD,AS_SP26,DAM,RD_CLR_PRC,0,18
2025-02-06T15:00:00-00:00,2025-02-06T16:00:00-00:00,2025-02-06,8,0,Hourly,RD,AS_NP26,DAM,RD_CLR_PRC,0,18
2025-02-06T15:00:00-00:00,2025-02-06T16:00:00-00:00,2025-02-06,8,0,Hourly,RD,AS_SP26,DAM,RD_CLR_PRC,0,18
2025-02-06T16:00:00-00:00,2025-02-06T17:00:00-00:00,2025-02-06,9,0,Hourly,RD,AS_SP26,DAM,RD_CLR_PRC,0,18
2025-02-06T16:00:00-00:00,2025-02-06T17:00:00-00:00,2025-02-06,9,0,Hourly,RD,AS_SP26_EXP,DAM,RD_CLR_PRC,0,18
2025-02-06T17:00:00-00:00,2025-02-06T18:00:00-00:00,2025-02-06,10,0,Hourly,RD,AS_SP26_EXP,DAM,RD_CLR_PRC,0,18
2025-02-06T19:00:00-00:00,2025-02-06T20:00:00-00:00,2025-02-06,12,0,Hourly,RD,AS_SP26,DAM,RD_CLR_PRC,0,18
2025-02-06T19:00:00-00:00,2025-02-06T20:00:00-00:00,2025-02-06,12,0,Hourly,RD,AS_SP26_EXP,DAM,RD_CLR_PRC,0,18
2025-02-06T23:00:00-00:00,2025-02-07T00:00:00-00:00,2025-02-06,16,0,Hourly,RD,AS_CAISO,DAM,RD_CLR_PRC,0,18
2025-02-07T01:00:00-00:00,2025-02-07T02:00:00-00:00,2025-02-06,18,0,Hourly,RD,AS_CAISO_EXP,DAM,RD_CLR_PRC,9.68,18
2025-02-07T02:00:00-00:00,2025-02-07T03:00:00-00:00,2025-02-06,19,0,Hourly,RD,AS_NP26_EXP,DAM,RD_CLR_PRC,7.28,18
2025-02-07T05:00:00-00:00,2025-02-07T06:00:00-00:00,2025-02-06,22,0,Hourly,RD,AS_SP26_EXP,DAM,RD_CLR_PRC,0,18
2025-02-07T06:00:00-00:00,2025-02-07T07:00:00-00:00,2025-02-06,23,0,Hourly,RD,AS_CAISO_EXP,DAM,RD_CLR_PRC,7,18
2025-02-06T08:00:00-00:00,2025-02-06T09:00:00-00:00,2025-02-06,1,0,Hourly,RD,AS_CAISO_EXP,DAM,RD_CLR_PRC,7,18
2025-02-06T08:00:00-00:00,2025-02-06T09:00:00-00:00,2025-02-06,1,0,Hourly,RD,AS_SP26,DAM,RD_CLR_PRC,0,18
2025-02-06T12:00:00-00:00,2025-02-06T13:00:00-00:00,2025-02-06,5,0,Hourly,RD,AS_NP26_EXP,DAM,RD_CLR_PRC,3.99,18
2025-02-06T13:00:00-00:00,2025-02-06T14:00:00-00:00,2025-02-06,6,0,Hourly,RD,AS_CAISO,DAM,RD_CLR_PRC,0,18
2025-02-06T14:00:00-00:00,2025-02-06T15:00:00-00:00,2025-02-06,7,0,Hourly,RD,AS_SP26_EXP,DAM,RD_CLR_PRC,0,18
2025-02-06T16:00:00-00:00,2025-02-06T17:00:00-00:00,2025-02-06,9,0,Hourly,RD,AS_CAISO,DAM,RD_CLR_PRC,0,18
2025-02-06T18:00:00-00:00,2025-02-06T19:00:00-00:00,2025-02-06,11,0,Hourly,RD,AS_NP26_EXP,DAM,RD_CLR_PRC,0,18
2025-02-06T21:00:00-00:00,2025-02-06T22:00:00-00:00,2025-02-06,14,0,Hourly,RD,AS_SP26_EXP,DAM,RD_CLR_PRC,0,18
2025-02-06T22:00:00-00:00,2025-02-06T23:00:00-00:00,2025-02-06,15,0,Hourly,RD,AS_SP26_EXP,DAM,RD_CLR_PRC,0,18
2025-02-07T00:00:00-00:00,2025-02-07T01:00:00-00:00,2025-02-06,17,0,Hourly,RD,AS_NP26_EXP,DAM,RD_CLR_PRC,36.44279,18
2025-02-07T00:00:00-00:00,2025-02-07T01:00:00-00:00,2025-02-06,17,0,Hourly,RD,AS_SP26_EXP,DAM,RD_CLR_PRC,0,18
2025-02-07T02:00:00-00:00,2025-02-07T03:00:00-00:00,2025-02-06,19,0,Hourly,RD,AS_SP26_EXP,DAM,RD_CLR_PRC,0,18
2025-02-07T03:00:00-00:00,2025-02-07T04:00:00-00:00,2025-02-06,20,0,Hourly,RD,AS_SP26,DAM,RD_CLR_PRC,0,18
2025-02-07T04:00:00-00:00,2025-02-07T05:00:00-00:00,2025-02-06,21,0,Hourly,RD,AS_SP26_EXP,DAM,RD_CLR_PRC,0,18
2025-02-07T07:00:00-00:00,2025-02-07T08:00:00-00:00,2025-02-06,24,0,Hourly,RD,AS_NP26,DAM,RD_CLR_PRC,0,18
2025-02-07T07:00:00-00:00,2025-02-07T08:00:00-00:00,2025-02-06,24,0,Hourly,RD,AS_SP26,DAM,RD_CLR_PRC,0,18
2025-02-06T09:00:00-00:00,2025-02-06T10:00:00-00:00,2025-02-06,2,0,Hourly,RD,AS_SP26,DAM,RD_CLR_PRC,0,18
2025-02-06T12:00:00-00:00,2025-02-06T13:00:00-00:00,2025-02-06,5,0,Hourly,RD,AS_NP26,DAM,RD_CLR_PRC,0,18
2025-02-06T14:00:00-00:00,2025-02-06T15:00:00-00:00,2025-02-06,7,0,Hourly,RD,AS_NP26_EXP,DAM,RD_CLR_PRC,0.99,18
2025-02-06T16:00:00-00:00,2025-02-06T17:00:00-00:00,2025-02-06,9,0,Hourly,RD,AS_NP26_EXP,DAM,RD_CLR_PRC,21.98398,18
2025-02-06T17:00:00-00:00,2025-02-06T18:00:00-00:00,2025-02-06,10,0,Hourly,RD,AS_SP26,DAM,RD_CLR_PRC,0,18
2025-02-06T18:00:00-00:00,2025-02-06T19:00:00-00:00,2025-02-06,11,0,Hourly,RD,AS_CAISO_EXP,DAM,RD_CLR_PRC,15.10602,18
2025-02-06T18:00:00-00:00,2025-02-06T19:00:00-00:00,2025-02-06,11,0,Hourly,RD,AS_SP26_EXP,DAM,RD_CLR_PRC,0,18
2025-02-06T21:00:00-00:00,2025-02-06T22:00:00-00:00,2025-02-06,14,0,Hourly,RD,AS_CAISO_EXP,DAM,RD_CLR_PRC,18.19461,18
2025-02-06T21:00:00-00:00,2025-02-06T22:00:00-00:00,2025-02-06,14,0,Hourly,RD,AS_NP26_EXP,DAM,RD_CLR_PRC,0,18
2025-02-06T21:00:00-00:00,2025-02-06T22:00:00-00:00,2025-02-06,14,0,Hourly,RD,AS_SP26,DAM,RD_CLR_PRC,0,18
2025-02-06T23:00:00-00:00,2025-02-07T00:00:00-00:00,2025-02-06,16,0,Hourly,RD,AS_NP26_EXP,DAM,RD_CLR_PRC,30.01,18
2025-02-07T09:00:00-00:00,2025-02-07T10:00:00-00:00,2025-02-07,2,0,Hourly,RD,AS_CAISO_EXP,DAM,RD_CLR_PRC,4.92272,19
2025-02-07T12:00:00-00:00,2025-02-07T13:00:00-00:00,2025-02-07,5,0,Hourly,RD,AS_SP26,DAM,RD_CLR_PRC,0,19
2025-02-07T14:00:00-00:00,2025-02-07T15:00:00-00:00,2025-02-07,7,0,Hourly,RD,AS_NP26,DAM,RD_CLR_PRC,0,19
2025-02-07T14:00:00-00:00,2025-02-07T15:00:00-00:00,2025-02-07,7,0,Hourly,RD,AS_NP26_EXP,DAM,RD_CLR_PRC,0,19
2025-02-07T15:00:00-00:00,2025-02-07T16:00:00-00:00,2025-02-07,8,0,Hourly,RD,AS_SP26_EXP,DAM,RD_CLR_PRC,0,19
2025-02-07T18:00:00-00:00,2025-02-07T19:00:00-00:00,2025-02-07,11,0,Hourly,RD,AS_NP26_EXP,DAM,RD_CLR_PRC,4.91348,19
2025-02-07T18:00:00-00:00,2025-02-07T19:00:00-00:00,2025-02-07,11,0,Hourly,RD,AS_SP26_EXP,DAM,RD_CLR_PRC,0,19
2025-02-07T20:00:00-00:00,2025-02-07T21:00:00-00:00,2025-02-07,13,0,Hourly,RD,AS_NP26,DAM,RD_CLR_PRC,0,19
2025-02-07T22:00:00-00:00,2025-02-07T23:00:00-00:00,2025-02-07,15,0,Hourly,RD,AS_SP26_EXP,DAM,RD_CLR_PRC,0,19
2025-02-08T01:00:00-00:00,2025-02-08T02:00:00-00:00,2025-02-07,18,0,Hourly,RD,AS_NP26,DAM,RD_CLR_PRC,0,19
2025-02-08T02:00:00-00:00,2025-02-08T03:00:00-00:00,2025-02-07,19,0,Hourly,RD,AS_CAISO_EXP,DAM,RD_CLR_PRC,6.75,19
2025-02-08T03:00:00-00:00,2025-02-08T04:00:00-00:00,2025-02-07,20,0,Hourly,RD,AS_NP26,DAM,RD_CLR_PRC,0,19
2025-02-08T04:00:00-00:00,2025-02-08T05:00:00-00:00,2025-02-07,21,0,Hourly,RD,AS_NP26_EXP,DAM,RD_CLR_PRC,0,19
2025-02-07T08:00:00-00:00,2025-02-07T09:00:00-00:00,2025-02-07,1,0,Hourly,RD,AS_NP26,DAM,RD_CLR_PRC,0,19
2025-02-07T09:00:00-00:00,2025-02-07T10:00:00-00:00,2025-02-07,2,0,Hourly,RD,AS_SP26_EXP,DAM,RD_CLR_PRC,0,19
2025-02-07T10:00:00-00:00,2025-02-07T11:00:00-00:00,2025-02-07,3,0,Hourly,RD,AS_SP26_EXP,DAM,RD_CLR_PRC,0,19
2025-02-07T12:00:00-00:00,2025-02-07T13:00:00-00:00,2025-02-07,5,0,Hourly,RD,AS_SP26_EXP,DAM,RD_CLR_PRC,0,19
2025-02-07T13:00:00-00:00,2025-02-07T14:00:00-00:00,2025-02-07,6,0,Hourly,RD,AS_CAISO,DAM,RD_CLR_PRC,0,19
2025-02-07T14:00:00-00:00,2025-02-07T15:00:00-00:00,2025-02-07,7,0,Hourly,RD,AS_CAISO,DAM,RD_CLR_PRC,0,19
2025-02-07T15:00:00-00:00,2025-02-07T16:00:00-00:00,2025-02-07,8,0,Hourly,RD,AS_NP26_EXP,DAM,RD_CLR_PRC,1.10114,19
2025-02-07T19:00:00-00:00,2025-02-07T20:00:00-00:00,2025-02-07,12,0,Hourly,RD,AS_NP26_EXP,DAM,RD_CLR_PRC,10.13455,19
2025-02-07T20:00:00-00:00,2025-02-07T21:00:00-00:00,2025-02-07,13,0,Hourly,RD,AS_CAISO_EXP,DAM,RD_CLR_PRC,9.03453,19
2025-02-07T20:00:00-00:00,2025-02-07T21:00:00-00:00,2025-02-07,13,0,Hourly,RD,AS_SP26,DAM,RD_CLR_PRC,0,19
2025-02-07T21:00:00-00:00,2025-02-07T22:00:00-00:00,2025-02-07,14,0,Hourly,RD,AS_CAISO_EXP,DAM,RD_CLR_PRC,11.45086,19
2025-02-07T21:00:00-00:00,2025-02-07T22:00:00-00:00,2025-02-07,14,0,Hourly,RD,AS_SP26_EXP,DAM,RD_CLR_PRC,0,19
2025-02-07T23:00:00-00:00,2025-02-08T00:00:00-00:00,2025-02-07,16,0,Hourly,RD,AS_NP26,DAM,RD_CLR_PRC,0,19
2025-02-08T00:00:00-00:00,2025-02-08T01:00:00-00:00,2025-02-07,17,0,Hourly,RD,AS_NP26_EXP,DAM,RD_CLR_PRC,30.92973,19
2025-02-08T02:00:00-00:00,2025-02-08T03:00:00-00:00,2025-02-07,19,0,Hourly,RD,AS_NP26,DAM,RD_CLR_PRC,0,19
2025-02-08T03:00:00-00:00,2025-02-08T04:00:00-00:00,2025-02-07,20,0,Hourly,RD,AS_CAISO_EXP,DAM,RD_CLR_PRC,6,19
2025-02-08T03:00:00-00:00,2025-02-08T04:00:00-00:00,2025-02-07,20,0,Hourly,RD,AS_SP26,DAM,RD_CLR_PRC,0,19
2025-02-07T08:00:00-00:00,2025-02-07T09:00:00-00:00,2025-02-07,1,0,Hourly,RD,AS_CAISO,DAM,RD_CLR_PRC,0,19
2025-02-07T19:00:00-00:00,2025-02-07T20:00:00-00:00,2025-02-07,12,0,Hourly,RD,AS_CAISO,DAM,RD_CLR_PRC,0,19
2025-02-07T19:00:00-00:00,2025-02-07T20:00:00-00:00,2025-02-07,12,0,Hourly,RD,AS_NP26,DAM,RD_CLR_PRC,0,19
2025-02-07T21:00:00-00:00,2025-02-07T22:00:00-00:00,2025-02-07,14,0,Hourly,RD,AS_CAISO,DAM,RD_CLR_PRC,0,19
2025-02-07T22:00:00-00:00,2025-02-07T23:00:00-00:00,2025-02-07,15,0,Hourly,RD,AS_CAISO,DAM,RD_CLR_PRC,0,19
2025-02-07T22:00:00-00:00,2025-02-07T23:00:00-00:00,2025-02-07,15,0,Hourly,RD,AS_NP26,DAM,RD_CLR_PRC,0,19
2025-02-07T22:00:00-00:00,2025-02-07T23:00:00-00:00,2025-02-07,15,0,Hourly,RD,AS_SP26,DAM,RD_CLR_PRC,0,19
2025-02-07T23:00:00-00:00,2025-02-08T00:00:00-00:00,2025-02-07,16,0,Hourly,RD,AS_CAISO,DAM,RD_CLR_PRC,0,19
2025-02-08T00:00:00-00:00,2025-02-08T01:00:00-00:00,2025-02-07,17,0,Hourly,RD,AS_SP26_EXP,DAM,RD_CLR_PRC,0,19
2025-02-08T01:00:00-00:00,2025-02-08T02:00:00-00:00,2025-02-07,18,0,Hourly,RD,AS_CAISO_EXP,DAM,RD_CLR_PRC,7.95314,19
2025-02-08T02:00:00-00:00,2025-02-08T03:00:00-00:00,2025-02-07,19,0,Hourly,RD,AS_CAISO,DAM,RD_CLR_PRC,0,19
2025-02-08T04:00:00-00:00,2025-02-08T05:00:00-00:00,2025-02-07,21,0,Hourly,RD,AS_CAISO,DAM,RD_CLR_PRC,0,19
2025-02-08T05:00:00-00:00,2025-02-08T06:00:00-00:00,2025-02-07,22,0,Hourly,RD,AS_CAISO_EXP,DAM,RD_CLR_PRC,6,19
2025-02-08T06:00:00-00:00,2025-02-08T07:00:00-00:00,2025-02-07,23,0,Hourly,RD,AS_NP26_EXP,DAM,RD_CLR_PRC,0,19
2025-02-08T06:00:00-00:00,2025-02-08T07:00:00-00:00,2025-02-07,23,0,Hourly,RD,AS_SP26_EXP,DAM,RD_CLR_PRC,0,19
2025-02-08T07:00:00-00:00,2025-02-08T08:00:00-00:00,2025-02-07,24,0,Hourly,RD,AS_CAISO_EXP,DAM,RD_CLR_PRC,7,19
2025-02-08T07:00:00-00:00,2025-02-08T08:00:00-00:00,2025-02-07,24,0,Hourly,RD,AS_SP26,DAM,RD_CLR_PRC,0,19
2025-02-07T08:00:00-00:00,2025-02-07T09:00:00-00:00,2025-02-07,1,0,Hourly,RD,AS_CAISO_EXP,DAM,RD_CLR_PRC,5.59515,19
2025-02-07T12:00:00-00:00,2025-02-07T13:00:00-00:00,2025-02-07,5,0,Hourly,RD,AS_CAISO_EXP,DAM,RD_CLR_PRC,5,19
2025-02-07T13:00:00-00:00,2025-02-07T14:00:00-00:00,2025-02-07,6,0,Hourly,RD,AS_CAISO_EXP,DAM,RD_CLR_PRC,5,19
2025-02-07T16:00:00-00:00,2025-02-07T17:00:00-00:00,2025-02-07,9,0,Hourly,RD,AS_CAISO,DAM,RD_CLR_PRC,0,19
2025-02-07T16:00:00-00:00,2025-02-07T17:00:00-00:00,2025-02-07,9,0,Hourly,RD,AS_NP26,DAM,RD_CLR_PRC,0,19
2025-02-07T08:00:00-00:00,2025-02-07T09:00:00-00:00,2025-02-07,1,0,Hourly,RD,AS_NP26_EXP,DAM,RD_CLR_PRC,0,19
2025-02-07T09:00:00-00:00,2025-02-07T10:00:00-00:00,2025-02-07,2,0,Hourly,RD,AS_SP26,DAM,RD_CLR_PRC,0,19
2025-02-07T10:00:00-00:00,2025-02-07T11:00:00-00:00,2025-02-07,3,0,Hourly,RD,AS_CAISO_EXP,DAM,RD_CLR_PRC,5,19
2025-02-07T10:00:00-00:00,2025-02-07T11:00:00-00:00,2025-02-07,3,0,Hourly,RD,AS_NP26_EXP,DAM,RD_CLR_PRC,0,19
2025-02-07T11:00:00-00:00,2025-02-07T12:00:00-00:00,2025-02-07,4,0,Hourly,RD,AS_SP26_EXP,DAM,RD_CLR_PRC,0,19
2025-02-07T13:00:00-00:00,2025-02-07T14:00:00-00:00,2025-02-07,6,0,Hourly,RD,AS_NP26_EXP,DAM,RD_CLR_PRC,0,19
2025-02-07T14:00:00-00:00,2025-02-07T15:00:00-00:00,2025-02-07,7,0,Hourly,RD,AS_SP26_EXP,DAM,RD_CLR_PRC,0,19
2025-02-07T15:00:00-00:00,2025-02-07T16:00:00-00:00,2025-02-07,8,0,Hourly,RD,AS_CAISO,DAM,RD_CLR_PRC,0,19
2025-02-07T15:00:00-00:00,2025-02-07T16:00:00-00:00,2025-02-07,8,0,Hourly,RD,AS_CAISO_EXP,DAM,RD_CLR_PRC,8.14754,19
2025-02-07T15:00:00-00:00,2025-02-07T16:00:00-00:00,2025-02-07,8,0,Hourly,RD,AS_NP26,DAM,RD_CLR_PRC,0,19
2025-02-07T16:00:00-00:00,2025-02-07T17:00:00-00:00,2025-02-07,9,0,Hourly,RD,AS_CAISO_EXP,DAM,RD_CLR_PRC,8.03279,19
2025-02-07T17:00:00-00:00,2025-02-07T18:00:00-00:00,2025-02-07,10,0,Hourly,RD,AS_SP26,DAM,RD_CLR_PRC,0,19
2025-02-07T20:00:00-00:00,2025-02-07T21:00:00-00:00,2025-02-07,13,0,Hourly,RD,AS_NP26_EXP,DAM,RD_CLR_PRC,40.97547,19
2025-02-07T22:00:00-00:00,2025-02-07T23:00:00-00:00,2025-02-07,15,0,Hourly,RD,AS_NP26_EXP,DAM,RD_CLR_PRC,38.90121,19
2025-02-08T00:00:00-00:00,2025-02-08T01:00:00-00:00,2025-02-07,17,0,Hourly,RD,AS_CAISO,DAM,RD_CLR_PRC,0,19
2025-02-08T02:00:00-00:00,2025-02-08T03:00:00-00:00,2025-02-07,19,0,Hourly,RD,AS_SP26,DAM,RD_CLR_PRC,0,19
2025-02-08T03:00:00-00:00,2025-02-08T04:00:00-00:00,2025-02-07,20,0,Hourly,RD,AS_SP26_EXP,DAM,RD_CLR_PRC,0,19
2025-02-08T05:00:00-00:00,2025-02-08T06:00:00-00:00,2025-02-07,22,0,Hourly,RD,AS_SP26,DAM,RD_CLR_PRC,0,19
2025-02-08T05:00:00-00:00,2025-02-08T06:00:00-00:00,2025-02-07,22,0,Hourly,RD,AS_SP26_EXP,DAM,RD_CLR_PRC,0,19
2025-02-08T06:00:00-00:00,2025-02-08T07:00:00-00:00,2025-02-07,23,0,Hourly,RD,AS_CAISO_EXP,DAM,RD_CLR_PRC,7,19
2025-02-08T06:00:00-00:00,2025-02-08T07:00:00-00:00,2025-02-07,23,0,Hourly,RD,AS_SP26,DAM,RD_CLR_PRC,0,19
2025-02-08T07:00:00-00:00,2025-02-08T08:00:00-00:00,2025-02-07,24,0,Hourly,RD,AS_CAISO,DAM,RD_CLR_PRC,0,19
2025-02-08T07:00:00-00:00,2025-02-08T08:00:00-00:00,2025-02-07,24,0,Hourly,RD,AS_NP26,DAM,RD_CLR_PRC,0,19
2025-02-07T11:00:00-00:00,2025-02-07T12:00:00-00:00,2025-02-07,4,0,Hourly,RD,AS_NP26,DAM,RD_CLR_PRC,0,19
2025-02-07T11:00:00-00:00,2025-02-07T12:00:00-00:00,2025-02-07,4,0,Hourly,RD,AS_NP26_EXP,DAM,RD_CLR_PRC,0,19
2025-02-07T12:00:00-00:00,2025-02-07T13:00:00-00:00,2025-02-07,5,0,Hourly,RD,AS_NP26,DAM,RD_CLR_PRC,0,19
2025-02-07T13:00:00-00:00,2025-02-07T14:00:00-00:00,2025-02-07,6,0,Hourly,RD,AS_SP26_EXP,DAM,RD_CLR_PRC,0,19
2025-02-07T14:00:00-00:00,2025-02-07T15:00:00-00:00,2025-02-07,7,0,Hourly,RD,AS_SP26,DAM,RD_CLR_PRC,0,19
2025-02-07T15:00:00-00:00,2025-02-07T16:00:00-00:00,2025-02-07,8,0,Hourly,RD,AS_SP26,DAM,RD_CLR_PRC,0,19
2025-02-07T16:00:00-00:00,2025-02-07T17:00:00-00:00,2025-02-07,9,0,Hourly,RD,AS_SP26,DAM,RD_CLR_PRC,0,19
2025-02-07T16:00:00-00:00,2025-02-07T17:00:00-00:00,2025-02-07,9,0,Hourly,RD,AS_SP26_EXP,DAM,RD_CLR_PRC,0,19
2025-02-07T17:00:00-00:00,2025-02-07T18:00:00-00:00,2025-02-07,10,0,Hourly,RD,AS_CAISO_EXP,DAM,RD_CLR_PRC,8,19
2025-02-07T17:00:00-00:00,2025-02-07T18:00:00-00:00,2025-02-07,10,0,Hourly,RD,AS_NP26,DAM,RD_CLR_PRC,0,19
2025-02-07T18:00:00-00:00,2025-02-07T19:00:00-00:00,2025-02-07,11,0,Hourly,RD,AS_SP26,DAM,RD_CLR_PRC,0,19
2025-02-07T23:00:00-00:00,2025-02-08T00:00:00-00:00,2025-02-07,16,0,Hourly,RD,AS_CAISO_EXP,DAM,RD_CLR_PRC,18.6,19
2025-02-07T23:00:00-00:00,2025-02-08T00:00:00-00:00,2025-02-07,16,0,Hourly,RD,AS_SP26_EXP,DAM,RD_CLR_PRC,0,19
2025-02-08T00:00:00-00:00,2025-02-08T01:00:00-00:00,2025-02-07,17,0,Hourly,RD,AS_SP26,DAM,RD_CLR_PRC,0,19
2025-02-08T01:00:00-00:00,2025-02-08T02:00:00-00:00,2025-02-07,18,0,Hourly,RD,AS_NP26_EXP,DAM,RD_CLR_PRC,28.58686,19
2025-02-08T01:00:00-00:00,2025-02-08T02:00:00-00:00,2025-02-07,18,0,Hourly,RD,AS_SP26,DAM,RD_CLR_PRC,0,19
2025-02-08T02:00:00-00:00,2025-02-08T03:00:00-00:00,2025-02-07,19,0,Hourly,RD,AS_NP26_EXP,DAM,RD_CLR_PRC,243.25,19
2025-02-08T02:00:00-00:00,2025-02-08T03:00:00-00:00,2025-02-07,19,0,Hourly,RD,AS_SP26_EXP,DAM,RD_CLR_PRC,0,19
2025-02-08T03:00:00-00:00,2025-02-08T04:00:00-00:00,2025-02-07,20,0,Hourly,RD,AS_CAISO,DAM,RD_CLR_PRC,0,19
2025-02-08T03:00:00-00:00,2025-02-08T04:00:00-00:00,2025-02-07,20,0,Hourly,RD,AS_NP26_EXP,DAM,RD_CLR_PRC,1,19
2025-02-08T05:00:00-00:00,2025-02-08T06:00:00-00:00,2025-02-07,22,0,Hourly,RD,AS_NP26_EXP,DAM,RD_CLR_PRC,0,19
2025-02-07T09:00:00-00:00,2025-02-07T10:00:00-00:00,2025-02-07,2,0,Hourly,RD,AS_CAISO,DAM,RD_CLR_PRC,0,19
2025-02-07T10:00:00-00:00,2025-02-07T11:00:00-00:00,2025-02-07,3,0,Hourly,RD,AS_CAISO,DAM,RD_CLR_PRC,0,19
2025-02-07T11:00:00-00:00,2025-02-07T12:00:00-00:00,2025-02-07,4,0,Hourly,RD,AS_CAISO,DAM,RD_CLR_PRC,0,19
2025-02-07T17:00:00-00:00,2025-02-07T18:00:00-00:00,2025-02-07,10,0,Hourly,RD,AS_SP26_EXP,DAM,RD_CLR_PRC,0,19
2025-02-07T18:00:00-00:00,2025-02-07T19:00:00-00:00,2025-02-07,11,0,Hourly,RD,AS_CAISO,DAM,RD_CLR_PRC,0,19
2025-02-07T19:00:00-00:00,2025-02-07T20:00:00-00:00,2025-02-07,12,0,Hourly,RD,AS_CAISO_EXP,DAM,RD_CLR_PRC,7.93571,19
2025-02-07T19:00:00-00:00,2025-02-07T20:00:00-00:00,2025-02-07,12,0,Hourly,RD,AS_SP26,DAM,RD_CLR_PRC,0,19
2025-02-07T20:00:00-00:00,2025-02-07T21:00:00-00:00,2025-02-07,13,0,Hourly,RD,AS_SP26_EXP,DAM,RD_CLR_PRC,0,19
2025-02-07T21:00:00-00:00,2025-02-07T22:00:00-00:00,2025-02-07,14,0,Hourly,RD,AS_NP26,DAM,RD_CLR_PRC,0,19
2025-02-07T23:00:00-00:00,2025-02-08T00:00:00-00:00,2025-02-07,16,0,Hourly,RD,AS_NP26_EXP,DAM,RD_CLR_PRC,31.41,19
2025-02-08T00:00:00-00:00,2025-02-08T01:00:00-00:00,2025-02-07,17,0,Hourly,RD,AS_CAISO_EXP,DAM,RD_CLR_PRC,19.08027,19
2025-02-08T01:00:00-00:00,2025-02-08T02:00:00-00:00,2025-02-07,18,0,Hourly,RD,AS_CAISO,DAM,RD_CLR_PRC,0,19
2025-02-08T04:00:00-00:00,2025-02-08T05:00:00-00:00,2025-02-07,21,0,Hourly,RD,AS_CAISO_EXP,DAM,RD_CLR_PRC,5.62734,19
2025-02-08T04:00:00-00:00,2025-02-08T05:00:00-00:00,2025-02-07,21,0,Hourly,RD,AS_NP26,DAM,RD_CLR_PRC,0,19
2025-02-08T05:00:00-00:00,2025-02-08T06:00:00-00:00,2025-02-07,22,0,Hourly,RD,AS_NP26,DAM,RD_CLR_PRC,0,19
2025-02-08T07:00:00-00:00,2025-02-08T08:00:00-00:00,2025-02-07,24,0,Hourly,RD,AS_NP26_EXP,DAM,RD_CLR_PRC,0,19
2025-02-07T09:00:00-00:00,2025-02-07T10:00:00-00:00,2025-02-07,2,0,Hourly,RD,AS_NP26,DAM,RD_CLR_PRC,0,19
2025-02-07T11:00:00-00:00,2025-02-07T12:00:00-00:00,2025-02-07,4,0,Hourly,RD,AS_CAISO_EXP,DAM,RD_CLR_PRC,5,19
2025-02-07T13:00:00-00:00,2025-02-07T14:00:00-00:00,2025-02-07,6,0,Hourly,RD,AS_NP26,DAM,RD_CLR_PRC,0,19
2025-02-07T13:00:00-00:00,2025-02-07T14:00:00-00:00,2025-02-07,6,0,Hourly,RD,AS_SP26,DAM,RD_CLR_PRC,0,19
2025-02-07T16:00:00-00:00,2025-02-07T17:00:00-00:00,2025-02-07,9,0,Hourly,RD,AS_NP26_EXP,DAM,RD_CLR_PRC,24.06721,19
2025-02-07T19:00:00-00:00,2025-02-07T20:00:00-00:00,2025-02-07,12,0,Hourly,RD,AS_SP26_EXP,DAM,RD_CLR_PRC,0,19
2025-02-07T20:00:00-00:00,2025-02-07T21:00:00-00:00,2025-02-07,13,0,Hourly,RD,AS_CAISO,DAM,RD_CLR_PRC,0,19
2025-02-08T00:00:00-00:00,2025-02-08T01:00:00-00:00,2025-02-07,17,0,Hourly,RD,AS_NP26,DAM,RD_CLR_PRC,0,19
2025-02-08T04:00:00-00:00,2025-02-08T05:00:00-00:00,2025-02-07,21,0,Hourly,RD,AS_SP26,DAM,RD_CLR_PRC,0,19
2025-02-08T04:00:00-00:00,2025-02-08T05:00:00-00:00,2025-02-07,21,0,Hourly,RD,AS_SP26_EXP,DAM,RD_CLR_PRC,0,19
2025-02-08T05:00:00-00:00,2025-02-08T06:00:00-00:00,2025-02-07,22,0,Hourly,RD,AS_CAISO,DAM,RD_CLR_PRC,0,19
2025-02-08T07:00:00-00:00,2025-02-08T08:00:00-00:00,2025-02-07,24,0,Hourly,RD,AS_SP26_EXP,DAM,RD_CLR_PRC,0,19
2025-02-07T08:00:00-00:00,2025-02-07T09:00:00-00:00,2025-02-07,1,0,Hourly,RD,AS_SP26,DAM,RD_CLR_PRC,0,19
2025-02-07T08:00:00-00:00,2025-02-07T09:00:00-00:00,2025-02-07,1,0,Hourly,RD,AS_SP26_EXP,DAM,RD_CLR_PRC,0,19
2025-02-07T09:00:00-00:00,2025-02-07T10:00:00-00:00,2025-02-07,2,0,Hourly,RD,AS_NP26_EXP,DAM,RD_CLR_PRC,0,19
2025-02-07T10:00:00-00:00,2025-02-07T11:00:00-00:00,2025-02-07,3,0,Hourly,RD,AS_NP26,DAM,RD_CLR_PRC,0,19
2025-02-07T10:00:00-00:00,2025-02-07T11:00:00-00:00,2025-02-07,3,0,Hourly,RD,AS_SP26,DAM,RD_CLR_PRC,0,19
2025-02-07T11:00:00-00:00,2025-02-07T12:00:00-00:00,2025-02-07,4,0,Hourly,RD,AS_SP26,DAM,RD_CLR_PRC,0,19
2025-02-07T12:00:00-00:00,2025-02-07T13:00:00-00:00,2025-02-07,5,0,Hourly,RD,AS_CAISO,DAM,RD_CLR_PRC,0,19
2025-02-07T12:00:00-00:00,2025-02-07T13:00:00-00:00,2025-02-07,5,0,Hourly,RD,AS_NP26_EXP,DAM,RD_CLR_PRC,0,19
2025-02-07T14:00:00-00:00,2025-02-07T15:00:00-00:00,2025-02-07,7,0,Hourly,RD,AS_CAISO_EXP,DAM,RD_CLR_PRC,7,19
2025-02-07T17:00:00-00:00,2025-02-07T18:00:00-00:00,2025-02-07,10,0,Hourly,RD,AS_CAISO,DAM,RD_CLR_PRC,0,19
2025-02-07T17:00:00-00:00,2025-02-07T18:00:00-00:00,2025-02-07,10,0,Hourly,RD,AS_NP26_EXP,DAM,RD_CLR_PRC,0,19
2025-02-07T18:00:00-00:00,2025-02-07T19:00:00-00:00,2025-02-07,11,0,Hourly,RD,AS_CAISO_EXP,DAM,RD_CLR_PRC,6.71,19
2025-02-07T18:00:00-00:00,2025-02-07T19:00:00-00:00,2025-02-07,11,0,Hourly,RD,AS_NP26,DAM,RD_CLR_PRC,0,19
2025-02-07T21:00:00-00:00,2025-02-07T22:00:00-00:00,2025-02-07,14,0,Hourly,RD,AS_NP26_EXP,DAM,RD_CLR_PRC,38.55914,19
2025-02-07T21:00:00-00:00,2025-02-07T22:00:00-00:00,2025-02-07,14,0,Hourly,RD,AS_SP26,DAM,RD_CLR_PRC,0,19
2025-02-07T22:00:00-00:00,2025-02-07T23:00:00-00:00,2025-02-07,15,0,Hourly,RD,AS_CAISO_EXP,DAM,RD_CLR_PRC,11.10879,19
2025-02-07T23:00:00-00:00,2025-02-08T00:00:00-00:00,2025-02-07,16,0,Hourly,RD,AS_SP26,DAM,RD_CLR_PRC,0,19
2025-02-08T01:00:00-00:00,2025-02-08T02:00:00-00:00,2025-02-07,18,0,Hourly,RD,AS_SP26_EXP,DAM,RD_CLR_PRC,0,19
2025-02-08T06:00:00-00:00,2025-02-08T07:00:00-00:00,2025-02-07,23,0,Hourly,RD,AS_CAISO,DAM,RD_CLR_PRC,0,19
2025-02-08T06:00:00-00:00,2025-02-08T07:00:00-00:00,2025-02-07,23,0,Hourly,RD,AS_NP26,DAM,RD_CLR_PRC,0,19
2025-02-08T16:00:00-00:00,2025-02-08T17:00:00-00:00,2025-02-08,9,0,Hourly,RD,AS_CAISO,DAM,RD_CLR_PRC,0,20
2025-02-08T16:00:00-00:00,2025-02-08T17:00:00-00:00,2025-02-08,9,0,Hourly,RD,AS_NP26,DAM,RD_CLR_PRC,0,20
2025-02-08T17:00:00-00:00,2025-02-08T18:00:00-00:00,2025-02-08,10,0,Hourly,RD,AS_CAISO_EXP,DAM,RD_CLR_PRC,8,20
2025-02-08T18:00:00-00:00,2025-02-08T19:00:00-00:00,2025-02-08,11,0,Hourly,RD,AS_SP26,DAM,RD_CLR_PRC,0,20
2025-02-08T21:00:00-00:00,2025-02-08T22:00:00-00:00,2025-02-08,14,0,Hourly,RD,AS_SP26_EXP,DAM,RD_CLR_PRC,0,20
2025-02-08T23:00:00-00:00,2025-02-09T00:00:00-00:00,2025-02-08,16,0,Hourly,RD,AS_SP26,DAM,RD_CLR_PRC,0,20
2025-02-08T23:00:00-00:00,2025-02-09T00:00:00-00:00,2025-02-08,16,0,Hourly,RD,AS_SP26_EXP,DAM,RD_CLR_PRC,0,20
2025-02-09T01:00:00-00:00,2025-02-09T02:00:00-00:00,2025-02-08,18,0,Hourly,RD,AS_NP26_EXP,DAM,RD_CLR_PRC,12.68,20
2025-02-09T01:00:00-00:00,2025-02-09T02:00:00-00:00,2025-02-08,18,0,Hourly,RD,AS_SP26,DAM,RD_CLR_PRC,0,20
2025-02-09T02:00:00-00:00,2025-02-09T03:00:00-00:00,2025-02-08,19,0,Hourly,RD,AS_NP26,DAM,RD_CLR_PRC,0,20
2025-02-09T02:00:00-00:00,2025-02-09T03:00:00-00:00,2025-02-08,19,0,Hourly,RD,AS_SP26_EXP,DAM,RD_CLR_PRC,0,20
2025-02-09T03:00:00-00:00,2025-02-09T04:00:00-00:00,2025-02-08,20,0,Hourly,RD,AS_CAISO,DAM,RD_CLR_PRC,0,20
2025-02-09T04:00:00-00:00,2025-02-09T05:00:00-00:00,2025-02-08,21,0,Hourly,RD,AS_SP26_EXP,DAM,RD_CLR_PRC,0,20
2025-02-09T05:00:00-00:00,2025-02-09T06:00:00-00:00,2025-02-08,22,0,Hourly,RD,AS_NP26_EXP,DAM,RD_CLR_PRC,1.58135,20
2025-02-09T05:00:00-00:00,2025-02-09T06:00:00-00:00,2025-02-08,22,0,Hourly,RD,AS_SP26_EXP,DAM,RD_CLR_PRC,0,20
2025-02-08T09:00:00-00:00,2025-02-08T10:00:00-00:00,2025-02-08,2,0,Hourly,RD,AS_CAISO,DAM,RD_CLR_PRC,0,20
2025-02-09T00:00:00-00:00,2025-02-09T01:00:00-00:00,2025-02-08,17,0,Hourly,RD,AS_CAISO_EXP,DAM,RD_CLR_PRC,22.94364,20
2025-02-09T04:00:00-00:00,2025-02-09T05:00:00-00:00,2025-02-08,21,0,Hourly,RD,AS_CAISO_EXP,DAM,RD_CLR_PRC,4.65801,20
2025-02-09T04:00:00-00:00,2025-02-09T05:00:00-00:00,2025-02-08,21,0,Hourly,RD,AS_NP26,DAM,RD_CLR_PRC,0,20
2025-02-09T06:00:00-00:00,2025-02-09T07:00:00-00:00,2025-02-08,23,0,Hourly,RD,AS_NP26,DAM,RD_CLR_PRC,0,20
2025-02-09T06:00:00-00:00,2025-02-09T07:00:00-00:00,2025-02-08,23,0,Hourly,RD,AS_NP26_EXP,DAM,RD_CLR_PRC,0,20
2025-02-09T07:00:00-00:00,2025-02-09T08:00:00-00:00,2025-02-08,24,0,Hourly,RD,AS_CAISO_EXP,DAM,RD_CLR_PRC,5.59,20
2025-02-08T12:00:00-00:00,2025-02-08T13:00:00-00:00,2025-02-08,5,0,Hourly,RD,AS_SP26_EXP,DAM,RD_CLR_PRC,0,20
2025-02-08T14:00:00-00:00,2025-02-08T15:00:00-00:00,2025-02-08,7,0,Hourly,RD,AS_NP26_EXP,DAM,RD_CLR_PRC,0,20
2025-02-08T17:00:00-00:00,2025-02-08T18:00:00-00:00,2025-02-08,10,0,Hourly,RD,AS_NP26_EXP,DAM,RD_CLR_PRC,33.59707,20
2025-02-08T18:00:00-00:00,2025-02-08T19:00:00-00:00,2025-02-08,11,0,Hourly,RD,AS_NP26_EXP,DAM,RD_CLR_PRC,17.82606,20
2025-02-08T18:00:00-00:00,2025-02-08T19:00:00-00:00,2025-02-08,11,0,Hourly,RD,AS_SP26_EXP,DAM,RD_CLR_PRC,0,20
2025-02-08T20:00:00-00:00,2025-02-08T21:00:00-00:00,2025-02-08,13,0,Hourly,RD,AS_SP26_EXP,DAM,RD_CLR_PRC,0,20
2025-02-08T21:00:00-00:00,2025-02-08T22:00:00-00:00,2025-02-08,14,0,Hourly,RD,AS_CAISO_EXP,DAM,RD_CLR_PRC,9.73972,20
2025-02-08T21:00:00-00:00,2025-02-08T22:00:00-00:00,2025-02-08,14,0,Hourly,RD,AS_SP26,DAM,RD_CLR_PRC,0,20
2025-02-08T22:00:00-00:00,2025-02-08T23:00:00-00:00,2025-02-08,15,0,Hourly,RD,AS_CAISO,DAM,RD_CLR_PRC,0,20
2025-02-08T23:00:00-00:00,2025-02-09T00:00:00-00:00,2025-02-08,16,0,Hourly,RD,AS_CAISO_EXP,DAM,RD_CLR_PRC,22.08194,20
2025-02-09T00:00:00-00:00,2025-02-09T01:00:00-00:00,2025-02-08,17,0,Hourly,RD,AS_NP26,DAM,RD_CLR_PRC,0,20
2025-02-09T00:00:00-00:00,2025-02-09T01:00:00-00:00,2025-02-08,17,0,Hourly,RD,AS_NP26_EXP,DAM,RD_CLR_PRC,18.01659,20
2025-02-09T00:00:00-00:00,2025-02-09T01:00:00-00:00,2025-02-08,17,0,Hourly,RD,AS_SP26,DAM,RD_CLR_PRC,0,20
2025-02-09T02:00:00-00:00,2025-02-09T03:00:00-00:00,2025-02-08,19,0,Hourly,RD,AS_CAISO,DAM,RD_CLR_PRC,0,20
2025-02-09T04:00:00-00:00,2025-02-09T05:00:00-00:00,2025-02-08,21,0,Hourly,RD,AS_CAISO,DAM,RD_CLR_PRC,0,20
2025-02-09T07:00:00-00:00,2025-02-09T08:00:00-00:00,2025-02-08,24,0,Hourly,RD,AS_CAISO,DAM,RD_CLR_PRC,0,20
2025-02-08T10:00:00-00:00,2025-02-08T11:00:00-00:00,2025-02-08,3,0,Hourly,RD,AS_NP26,DAM,RD_CLR_PRC,0,20
2025-02-08T12:00:00-00:00,2025-02-08T13:00:00-00:00,2025-02-08,5,0,Hourly,RD,AS_NP26_EXP,DAM,RD_CLR_PRC,0,20
2025-02-08T12:00:00-00:00,2025-02-08T13:00:00-00:00,2025-02-08,5,0,Hourly,RD,AS_SP26,DAM,RD_CLR_PRC,0,20
2025-02-08T08:00:00-00:00,2025-02-08T09:00:00-00:00,2025-02-08,1,0,Hourly,RD,AS_NP26_EXP,DAM,RD_CLR_PRC,0,20
2025-02-08T11:00:00-00:00,2025-02-08T12:00:00-00:00,2025-02-08,4,0,Hourly,RD,AS_CAISO_EXP,DAM,RD_CLR_PRC,3.34,20
2025-02-08T11:00:00-00:00,2025-02-08T12:00:00-00:00,2025-02-08,4,0,Hourly,RD,AS_NP26_EXP,DAM,RD_CLR_PRC,0,20
2025-02-08T11:00:00-00:00,2025-02-08T12:00:00-00:00,2025-02-08,4,0,Hourly,RD,AS_SP26,DAM,RD_CLR_PRC,0,20
2025-02-08T14:00:00-00:00,2025-02-08T15:00:00-00:00,2025-02-08,7,0,Hourly,RD,AS_SP26,DAM,RD_CLR_PRC,0,20
2025-02-08T15:00:00-00:00,2025-02-08T16:00:00-00:00,2025-02-08,8,0,Hourly,RD,AS_SP26,DAM,RD_CLR_PRC,0,20
2025-02-08T17:00:00-00:00,2025-02-08T18:00:00-00:00,2025-02-08,10,0,Hourly,RD,AS_SP26,DAM,RD_CLR_PRC,0,20
2025-02-08T18:00:00-00:00,2025-02-08T19:00:00-00:00,2025-02-08,11,0,Hourly,RD,AS_CAISO,DAM,RD_CLR_PRC,0,20
2025-02-08T18:00:00-00:00,2025-02-08T19:00:00-00:00,2025-02-08,11,0,Hourly,RD,AS_CAISO_EXP,DAM,RD_CLR_PRC,8,20
2025-02-08T19:00:00-00:00,2025-02-08T20:00:00-00:00,2025-02-08,12,0,Hourly,RD,AS_CAISO_EXP,DAM,RD_CLR_PRC,8.1,20
2025-02-08T19:00:00-00:00,2025-02-08T20:00:00-00:00,2025-02-08,12,0,Hourly,RD,AS_SP26,DAM,RD_CLR_PRC,0,20
2025-02-08T20:00:00-00:00,2025-02-08T21:00:00-00:00,2025-02-08,13,0,Hourly,RD,AS_NP26,DAM,RD_CLR_PRC,0,20
2025-02-08T21:00:00-00:00,2025-02-08T22:00:00-00:00,2025-02-08,14,0,Hourly,RD,AS_NP26_EXP,DAM,RD_CLR_PRC,40.27028,20
2025-02-08T23:00:00-00:00,2025-02-09T00:00:00-00:00,2025-02-08,16,0,Hourly,RD,AS_CAISO,DAM,RD_CLR_PRC,0,20
2025-02-09T03:00:00-00:00,2025-02-09T04:00:00-00:00,2025-02-08,20,0,Hourly,RD,AS_SP26,DAM,RD_CLR_PRC,0,20
2025-02-09T07:00:00-00:00,2025-02-09T08:00:00-00:00,2025-02-08,24,0,Hourly,RD,AS_SP26_EXP,DAM,RD_CLR_PRC,0,20
2025-02-08T08:00:00-00:00,2025-02-08T09:00:00-00:00,2025-02-08,1,0,Hourly,RD,AS_CAISO,DAM,RD_CLR_PRC,0,20
2025-02-08T08:00:00-00:00,2025-02-08T09:00:00-00:00,2025-02-08,1,0,Hourly,RD,AS_NP26,DAM,RD_CLR_PRC,0,20
2025-02-08T08:00:00-00:00,2025-02-08T09:00:00-00:00,2025-02-08,1,0,Hourly,RD,AS_SP26,DAM,RD_CLR_PRC,0,20
2025-02-08T12:00:00-00:00,2025-02-08T13:00:00-00:00,2025-02-08,5,0,Hourly,RD,AS_CAISO,DAM,RD_CLR_PRC,0,20
2025-02-08T12:00:00-00:00,2025-02-08T13:00:00-00:00,2025-02-08,5,0,Hourly,RD,AS_NP26,DAM,RD_CLR_PRC,0,20
2025-02-08T13:00:00-00:00,2025-02-08T14:00:00-00:00,2025-02-08,6,0,Hourly,RD,AS_NP26_EXP,DAM,RD_CLR_PRC,0,20
2025-02-08T17:00:00-00:00,2025-02-08T18:00:00-00:00,2025-02-08,10,0,Hourly,RD,AS_CAISO,DAM,RD_CLR_PRC,0,20
2025-02-08T17:00:00-00:00,2025-02-08T18:00:00-00:00,2025-02-08,10,0,Hourly,RD,AS_SP26_EXP,DAM,RD_CLR_PRC,0,20
2025-02-08T20:00:00-00:00,2025-02-08T21:00:00-00:00,2025-02-08,13,0,Hourly,RD,AS_CAISO_EXP,DAM,RD_CLR_PRC,7.7215,20
2025-02-08T21:00:00-00:00,2025-02-08T22:00:00-00:00,2025-02-08,14,0,Hourly,RD,AS_NP26,DAM,RD_CLR_PRC,0,20
2025-02-09T00:00:00-00:00,2025-02-09T01:00:00-00:00,2025-02-08,17,0,Hourly,RD,AS_SP26_EXP,DAM,RD_CLR_PRC,0,20
2025-02-09T01:00:00-00:00,2025-02-09T02:00:00-00:00,2025-02-08,18,0,Hourly,RD,AS_SP26_EXP,DAM,RD_CLR_PRC,0,20
2025-02-09T04:00:00-00:00,2025-02-09T05:00:00-00:00,2025-02-08,21,0,Hourly,RD,AS_NP26_EXP,DAM,RD_CLR_PRC,2.34199,20
2025-02-09T05:00:00-00:00,2025-02-09T06:00:00-00:00,2025-02-08,22,0,Hourly,RD,AS_CAISO_EXP,DAM,RD_CLR_PRC,5.41865,20
2025-02-09T05:00:00-00:00,2025-02-09T06:00:00-00:00,2025-02-08,22,0,Hourly,RD,AS_NP26,DAM,RD_CLR_PRC,0,20
2025-02-08T09:00:00-00:00,2025-02-08T10:00:00-00:00,2025-02-08,2,0,Hourly,RD,AS_NP26,DAM,RD_CLR_PRC,0,20
2025-02-08T12:00:00-00:00,2025-02-08T13:00:00-00:00,2025-02-08,5,0,Hourly,RD,AS_CAISO_EXP,DAM,RD_CLR_PRC,5.25,20
2025-02-08T13:00:00-00:00,2025-02-08T14:00:00-00:00,2025-02-08,6,0,Hourly,RD,AS_CAISO_EXP,DAM,RD_CLR_PRC,5.2422,20
2025-02-08T13:00:00-00:00,2025-02-08T14:00:00-00:00,2025-02-08,6,0,Hourly,RD,AS_SP26_EXP,DAM,RD_CLR_PRC,0,20
2025-02-08T14:00:00-00:00,2025-02-08T15:00:00-00:00,2025-02-08,7,0,Hourly,RD,AS_CAISO_EXP,DAM,RD_CLR_PRC,7,20
2025-02-08T14:00:00-00:00,2025-02-08T15:00:00-00:00,2025-02-08,7,0,Hourly,RD,AS_SP26_EXP,DAM,RD_CLR_PRC,0,20
2025-02-08T15:00:00-00:00,2025-02-08T16:00:00-00:00,2025-02-08,8,0,Hourly,RD,AS_CAISO_EXP,DAM,RD_CLR_PRC,13.59533,20
2025-02-08T15:00:00-00:00,2025-02-08T16:00:00-00:00,2025-02-08,8,0,Hourly,RD,AS_NP26,DAM,RD_CLR_PRC,0,20
2025-02-08T08:00:00-00:00,2025-02-08T09:00:00-00:00,2025-02-08,1,0,Hourly,RD,AS_SP26_EXP,DAM,RD_CLR_PRC,0,20
2025-02-08T10:00:00-00:00,2025-02-08T11:00:00-00:00,2025-02-08,3,0,Hourly,RD,AS_SP26,DAM,RD_CLR_PRC,0,20
2025-02-08T11:00:00-00:00,2025-02-08T12:00:00-00:00,2025-02-08,4,0,Hourly,RD,AS_NP26,DAM,RD_CLR_PRC,0,20
2025-02-08T13:00:00-00:00,2025-02-08T14:00:00-00:00,2025-02-08,6,0,Hourly,RD,AS_NP26,DAM,RD_CLR_PRC,0,20
2025-02-08T19:00:00-00:00,2025-02-08T20:00:00-00:00,2025-02-08,12,0,Hourly,RD,AS_NP26,DAM,RD_CLR_PRC,0,20
2025-02-08T20:00:00-00:00,2025-02-08T21:00:00-00:00,2025-02-08,13,0,Hourly,RD,AS_CAISO,DAM,RD_CLR_PRC,0,20
2025-02-08T21:00:00-00:00,2025-02-08T22:00:00-00:00,2025-02-08,14,0,Hourly,RD,AS_CAISO,DAM,RD_CLR_PRC,0,20
2025-02-08T22:00:00-00:00,2025-02-08T23:00:00-00:00,2025-02-08,15,0,Hourly,RD,AS_CAISO_EXP,DAM,RD_CLR_PRC,10.88991,20
2025-02-08T22:00:00-00:00,2025-02-08T23:00:00-00:00,2025-02-08,15,0,Hourly,RD,AS_NP26,DAM,RD_CLR_PRC,0,20
2025-02-09T02:00:00-00:00,2025-02-09T03:00:00-00:00,2025-02-08,19,0,Hourly,RD,AS_CAISO_EXP,DAM,RD_CLR_PRC,4.22445,20
2025-02-09T02:00:00-00:00,2025-02-09T03:00:00-00:00,2025-02-08,19,0,Hourly,RD,AS_NP26_EXP,DAM,RD_CLR_PRC,8.44555,20
2025-02-09T03:00:00-00:00,2025-02-09T04:00:00-00:00,2025-02-08,20,0,Hourly,RD,AS_CAISO_EXP,DAM,RD_CLR_PRC,3.76537,20
2025-02-09T03:00:00-00:00,2025-02-09T04:00:00-00:00,2025-02-08,20,0,Hourly,RD,AS_NP26,DAM,RD_CLR_PRC,0,20
2025-02-09T05:00:00-00:00,2025-02-09T06:00:00-00:00,2025-02-08,22,0,Hourly,RD,AS_SP26,DAM,RD_CLR_PRC,0,20
2025-02-09T06:00:00-00:00,2025-02-09T07:00:00-00:00,2025-02-08,23,0,Hourly,RD,AS_SP26_EXP,DAM,RD_CLR_PRC,0,20
2025-02-09T07:00:00-00:00,2025-02-09T08:00:00-00:00,2025-02-08,24,0,Hourly,RD,AS_NP26,DAM,RD_CLR_PRC,0,20
2025-02-08T09:00:00-00:00,2025-02-08T10:00:00-00:00,2025-02-08,2,0,Hourly,RD,AS_NP26_EXP,DAM,RD_CLR_PRC,0,20
2025-02-08T09:00:00-00:00,2025-02-08T10:00:00-00:00,2025-02-08,2,0,Hourly,RD,AS_SP26,DAM,RD_CLR_PRC,0,20
2025-02-08T10:00:00-00:00,2025-02-08T11:00:00-00:00,2025-02-08,3,0,Hourly,RD,AS_NP26_EXP,DAM,RD_CLR_PRC,0,20
2025-02-08T11:00:00-00:00,2025-02-08T12:00:00-00:00,2025-02-08,4,0,Hourly,RD,AS_CAISO,DAM,RD_CLR_PRC,0,20
2025-02-08T11:00:00-00:00,2025-02-08T12:00:00-00:00,2025-02-08,4,0,Hourly,RD,AS_SP26_EXP,DAM,RD_CLR_PRC,1.91,20
2025-02-08T14:00:00-00:00,2025-02-08T15:00:00-00:00,2025-02-08,7,0,Hourly,RD,AS_NP26,DAM,RD_CLR_PRC,0,20
2025-02-08T15:00:00-00:00,2025-02-08T16:00:00-00:00,2025-02-08,8,0,Hourly,RD,AS_NP26_EXP,DAM,RD_CLR_PRC,0,20
2025-02-08T15:00:00-00:00,2025-02-08T16:00:00-00:00,2025-02-08,8,0,Hourly,RD,AS_SP26_EXP,DAM,RD_CLR_PRC,0,20
2025-02-08T16:00:00-00:00,2025-02-08T17:00:00-00:00,2025-02-08,9,0,Hourly,RD,AS_SP26_EXP,DAM,RD_CLR_PRC,0,20
2025-02-08T19:00:00-00:00,2025-02-08T20:00:00-00:00,2025-02-08,12,0,Hourly,RD,AS_NP26_EXP,DAM,RD_CLR_PRC,38.78632,20
2025-02-08T20:00:00-00:00,2025-02-08T21:00:00-00:00,2025-02-08,13,0,Hourly,RD,AS_SP26,DAM,RD_CLR_PRC,0,20
2025-02-08T22:00:00-00:00,2025-02-08T23:00:00-00:00,2025-02-08,15,0,Hourly,RD,AS_SP26_EXP,DAM,RD_CLR_PRC,0,20
2025-02-09T03:00:00-00:00,2025-02-09T04:00:00-00:00,2025-02-08,20,0,Hourly,RD,AS_NP26_EXP,DAM,RD_CLR_PRC,5.68463,20
2025-02-09T05:00:00-00:00,2025-02-09T06:00:00-00:00,2025-02-08,22,0,Hourly,RD,AS_CAISO,DAM,RD_CLR_PRC,0,20
2025-02-09T06:00:00-00:00,2025-02-09T07:00:00-00:00,2025-02-08,23,0,Hourly,RD,AS_CAISO,DAM,RD_CLR_PRC,0,20
2025-02-09T06:00:00-00:00,2025-02-09T07:00:00-00:00,2025-02-08,23,0,Hourly,RD,AS_SP26,DAM,RD_CLR_PRC,0,20
2025-02-08T08:00:00-00:00,2025-02-08T09:00:00-00:00,2025-02-08,1,0,Hourly,RD,AS_CAISO_EXP,DAM,RD_CLR_PRC,5.25,20
2025-02-08T09:00:00-00:00,2025-02-08T10:00:00-00:00,2025-02-08,2,0,Hourly,RD,AS_CAISO_EXP,DAM,RD_CLR_PRC,4.44,20
2025-02-08T09:00:00-00:00,2025-02-08T10:00:00-00:00,2025-02-08,2,0,Hourly,RD,AS_SP26_EXP,DAM,RD_CLR_PRC,0,20
2025-02-08T13:00:00-00:00,2025-02-08T14:00:00-00:00,2025-02-08,6,0,Hourly,RD,AS_CAISO,DAM,RD_CLR_PRC,0,20
2025-02-08T13:00:00-00:00,2025-02-08T14:00:00-00:00,2025-02-08,6,0,Hourly,RD,AS_SP26,DAM,RD_CLR_PRC,0,20
2025-02-08T16:00:00-00:00,2025-02-08T17:00:00-00:00,2025-02-08,9,0,Hourly,RD,AS_NP26_EXP,DAM,RD_CLR_PRC,0.27572,20
2025-02-08T16:00:00-00:00,2025-02-08T17:00:00-00:00,2025-02-08,9,0,Hourly,RD,AS_SP26,DAM,RD_CLR_PRC,0,20
2025-02-08T18:00:00-00:00,2025-02-08T19:00:00-00:00,2025-02-08,11,0,Hourly,RD,AS_NP26,DAM,RD_CLR_PRC,0,20
2025-02-08T19:00:00-00:00,2025-02-08T20:00:00-00:00,2025-02-08,12,0,Hourly,RD,AS_SP26_EXP,DAM,RD_CLR_PRC,0,20
2025-02-08T22:00:00-00:00,2025-02-08T23:00:00-00:00,2025-02-08,15,0,Hourly,RD,AS_NP26_EXP,DAM,RD_CLR_PRC,74.03656,20
2025-02-08T22:00:00-00:00,2025-02-08T23:00:00-00:00,2025-02-08,15,0,Hourly,RD,AS_SP26,DAM,RD_CLR_PRC,0,20
2025-02-08T23:00:00-00:00,2025-02-09T00:00:00-00:00,2025-02-08,16,0,Hourly,RD,AS_NP26_EXP,DAM,RD_CLR_PRC,27.92806,20
2025-02-09T01:00:00-00:00,2025-02-09T02:00:00-00:00,2025-02-08,18,0,Hourly,RD,AS_CAISO,DAM,RD_CLR_PRC,0,20
2025-02-09T01:00:00-00:00,2025-02-09T02:00:00-00:00,2025-02-08,18,0,Hourly,RD,AS_CAISO_EXP,DAM,RD_CLR_PRC,5,20
2025-02-09T01:00:00-00:00,2025-02-09T02:00:00-00:00,2025-02-08,18,0,Hourly,RD,AS_NP26,DAM,RD_CLR_PRC,0,20
2025-02-09T02:00:00-00:00,2025-02-09T03:00:00-00:00,2025-02-08,19,0,Hourly,RD,AS_SP26,DAM,RD_CLR_PRC,0,20
2025-02-09T03:00:00-00:00,2025-02-09T04:00:00-00:00,2025-02-08,20,0,Hourly,RD,AS_SP26_EXP,DAM,RD_CLR_PRC,0,20
2025-02-09T04:00:00-00:00,2025-02-09T05:00:00-00:00,2025-02-08,21,0,Hourly,RD,AS_SP26,DAM,RD_CLR_PRC,0,20
2025-02-09T06:00:00-00:00,2025-02-09T07:00:00-00:00,2025-02-08,23,0,Hourly,RD,AS_CAISO_EXP,DAM,RD_CLR_PRC,4.87311,20
2025-02-09T07:00:00-00:00,2025-02-09T08:00:00-00:00,2025-02-08,24,0,Hourly,RD,AS_NP26_EXP,DAM,RD_CLR_PRC,1.41,20
2025-02-09T07:00:00-00:00,2025-02-09T08:00:00-00:00,2025-02-08,24,0,Hourly,RD,AS_SP26,DAM,RD_CLR_PRC,0,20
2025-02-08T10:00:00-00:00,2025-02-08T11:00:00-00:00,2025-02-08,3,0,Hourly,RD,AS_CAISO,DAM,RD_CLR_PRC,0,20
2025-02-08T10:00:00-00:00,2025-02-08T11:00:00-00:00,2025-02-08,3,0,Hourly,RD,AS_CAISO_EXP,DAM,RD_CLR_PRC,5.17168,20
2025-02-08T10:00:00-00:00,2025-02-08T11:00:00-00:00,2025-02-08,3,0,Hourly,RD,AS_SP26_EXP,DAM,RD_CLR_PRC,0,20
2025-02-08T14:00:00-00:00,2025-02-08T15:00:00-00:00,2025-02-08,7,0,Hourly,RD,AS_CAISO,DAM,RD_CLR_PRC,0,20
2025-02-08T15:00:00-00:00,2025-02-08T16:00:00-00:00,2025-02-08,8,0,Hourly,RD,AS_CAISO,DAM,RD_CLR_PRC,0,20
2025-02-08T16:00:00-00:00,2025-02-08T17:00:00-00:00,2025-02-08,9,0,Hourly,RD,AS_CAISO_EXP,DAM,RD_CLR_PRC,10,20
2025-02-08T17:00:00-00:00,2025-02-08T18:00:00-00:00,2025-02-08,10,0,Hourly,RD,AS_NP26,DAM,RD_CLR_PRC,0,20
2025-02-08T19:00:00-00:00,2025-02-08T20:00:00-00:00,2025-02-08,12,0,Hourly,RD,AS_CAISO,DAM,RD_CLR_PRC,0,20
2025-02-08T20:00:00-00:00,2025-02-08T21:00:00-00:00,2025-02-08,13,0,Hourly,RD,AS_NP26_EXP,DAM,RD_CLR_PRC,42.59533,20
2025-02-08T23:00:00-00:00,2025-02-09T00:00:00-00:00,2025-02-08,16,0,Hourly,RD,AS_NP26,DAM,RD_CLR_PRC,0,20
2025-02-09T00:00:00-00:00,2025-02-09T01:00:00-00:00,2025-02-08,17,0,Hourly,RD,AS_CAISO,DAM,RD_CLR_PRC,0,20
2025-02-09T21:00:00-00:00,2025-02-09T22:00:00-00:00,2025-02-09,14,0,Hourly,RD,AS_SP26_EXP,DAM,RD_CLR_PRC,0,21
2025-02-09T22:00:00-00:00,2025-02-09T23:00:00-00:00,2025-02-09,15,0,Hourly,RD,AS_CAISO_EXP,DAM,RD_CLR_PRC,13.07045,21
2025-02-09T22:00:00-00:00,2025-02-09T23:00:00-00:00,2025-02-09,15,0,Hourly,RD,AS_NP26_EXP,DAM,RD_CLR_PRC,41.30102,21
2025-02-10T04:00:00-00:00,2025-02-10T05:00:00-00:00,2025-02-09,21,0,Hourly,RD,AS_SP26,DAM,RD_CLR_PRC,0,21
2025-02-09T08:00:00-00:00,2025-02-09T09:00:00-00:00,2025-02-09,1,0,Hourly,RD,AS_CAISO,DAM,RD_CLR_PRC,0,21
2025-02-09T10:00:00-00:00,2025-02-09T11:00:00-00:00,2025-02-09,3,0,Hourly,RD,AS_NP26,DAM,RD_CLR_PRC,0,21
2025-02-09T11:00:00-00:00,2025-02-09T12:00:00-00:00,2025-02-09,4,0,Hourly,RD,AS_NP26_EXP,DAM,RD_CLR_PRC,5.39,21
2025-02-09T12:00:00-00:00,2025-02-09T13:00:00-00:00,2025-02-09,5,0,Hourly,RD,AS_CAISO_EXP,DAM,RD_CLR_PRC,2.83,21
2025-02-09T12:00:00-00:00,2025-02-09T13:00:00-00:00,2025-02-09,5,0,Hourly,RD,AS_SP26_EXP,DAM,RD_CLR_PRC,0,21
2025-02-09T14:00:00-00:00,2025-02-09T15:00:00-00:00,2025-02-09,7,0,Hourly,RD,AS_SP26,DAM,RD_CLR_PRC,0,21
2025-02-09T14:00:00-00:00,2025-02-09T15:00:00-00:00,2025-02-09,7,0,Hourly,RD,AS_SP26_EXP,DAM,RD_CLR_PRC,0,21
2025-02-09T22:00:00-00:00,2025-02-09T23:00:00-00:00,2025-02-09,15,0,Hourly,RD,AS_SP26_EXP,DAM,RD_CLR_PRC,0,21
2025-02-09T23:00:00-00:00,2025-02-10T00:00:00-00:00,2025-02-09,16,0,Hourly,RD,AS_CAISO,DAM,RD_CLR_PRC,0,21
2025-02-09T23:00:00-00:00,2025-02-10T00:00:00-00:00,2025-02-09,16,0,Hourly,RD,AS_SP26,DAM,RD_CLR_PRC,0,21
2025-02-10T00:00:00-00:00,2025-02-10T01:00:00-00:00,2025-02-09,17,0,Hourly,RD,AS_NP26,DAM,RD_CLR_PRC,0,21
2025-02-10T01:00:00-00:00,2025-02-10T02:00:00-00:00,2025-02-09,18,0,Hourly,RD,AS_NP26_EXP,DAM,RD_CLR_PRC,39.11149,21
2025-02-10T07:00:00-00:00,2025-02-10T08:00:00-00:00,2025-02-09,24,0,Hourly,RD,AS_NP26_EXP,DAM,RD_CLR_PRC,0.99,21
2025-02-09T19:00:00-00:00,2025-02-09T20:00:00-00:00,2025-02-09,12,0,Hourly,RD,AS_CAISO_EXP,DAM,RD_CLR_PRC,11.32017,21
2025-02-09T19:00:00-00:00,2025-02-09T20:00:00-00:00,2025-02-09,12,0,Hourly,RD,AS_SP26,DAM,RD_CLR_PRC,0,21
2025-02-09T20:00:00-00:00,2025-02-09T21:00:00-00:00,2025-02-09,13,0,Hourly,RD,AS_CAISO_EXP,DAM,RD_CLR_PRC,12.78201,21
2025-02-09T21:00:00-00:00,2025-02-09T22:00:00-00:00,2025-02-09,14,0,Hourly,RD,AS_SP26,DAM,RD_CLR_PRC,0,21
2025-02-10T00:00:00-00:00,2025-02-10T01:00:00-00:00,2025-02-09,17,0,Hourly,RD,AS_SP26_EXP,DAM,RD_CLR_PRC,0,21
2025-02-10T01:00:00-00:00,2025-02-10T02:00:00-00:00,2025-02-09,18,0,Hourly,RD,AS_CAISO,DAM,RD_CLR_PRC,0,21
2025-02-10T01:00:00-00:00,2025-02-10T02:00:00-00:00,2025-02-09,18,0,Hourly,RD,AS_NP26,DAM,RD_CLR_PRC,0,21
2025-02-10T02:00:00-00:00,2025-02-10T03:00:00-00:00,2025-02-09,19,0,Hourly,RD,AS_CAISO_EXP,DAM,RD_CLR_PRC,6,21
2025-02-10T03:00:00-00:00,2025-02-10T04:00:00-00:00,2025-02-09,20,0,Hourly,RD,AS_CAISO,DAM,RD_CLR_PRC,0,21
2025-02-10T03:00:00-00:00,2025-02-10T04:00:00-00:00,2025-02-09,20,0,Hourly,RD,AS_CAISO_EXP,DAM,RD_CLR_PRC,6.28,21
2025-02-10T03:00:00-00:00,2025-02-10T04:00:00-00:00,2025-02-09,20,0,Hourly,RD,AS_SP26_EXP,DAM,RD_CLR_PRC,0,21
2025-02-10T05:00:00-00:00,2025-02-10T06:00:00-00:00,2025-02-09,22,0,Hourly,RD,AS_NP26,DAM,RD_CLR_PRC,0,21
2025-02-10T05:00:00-00:00,2025-02-10T06:00:00-00:00,2025-02-09,22,0,Hourly,RD,AS_NP26_EXP,DAM,RD_CLR_PRC,1.70157,21
2025-02-10T06:00:00-00:00,2025-02-10T07:00:00-00:00,2025-02-09,23,0,Hourly,RD,AS_NP26_EXP,DAM,RD_CLR_PRC,0.73274,21
2025-02-09T09:00:00-00:00,2025-02-09T10:00:00-00:00,2025-02-09,2,0,Hourly,RD,AS_NP26_EXP,DAM,RD_CLR_PRC,5.55752,21
2025-02-09T11:00:00-00:00,2025-02-09T12:00:00-00:00,2025-02-09,4,0,Hourly,RD,AS_CAISO,DAM,RD_CLR_PRC,0,21
2025-02-09T12:00:00-00:00,2025-02-09T13:00:00-00:00,2025-02-09,5,0,Hourly,RD,AS_NP26,DAM,RD_CLR_PRC,0,21
2025-02-09T08:00:00-00:00,2025-02-09T09:00:00-00:00,2025-02-09,1,0,Hourly,RD,AS_CAISO_EXP,DAM,RD_CLR_PRC,5.34,21
2025-02-09T09:00:00-00:00,2025-02-09T10:00:00-00:00,2025-02-09,2,0,Hourly,RD,AS_SP26_EXP,DAM,RD_CLR_PRC,0,21
2025-02-09T10:00:00-00:00,2025-02-09T11:00:00-00:00,2025-02-09,3,0,Hourly,RD,AS_CAISO,DAM,RD_CLR_PRC,0,21
2025-02-09T10:00:00-00:00,2025-02-09T11:00:00-00:00,2025-02-09,3,0,Hourly,RD,AS_NP26_EXP,DAM,RD_CLR_PRC,0.29765,21
2025-02-09T10:00:00-00:00,2025-02-09T11:00:00-00:00,2025-02-09,3,0,Hourly,RD,AS_SP26_EXP,DAM,RD_CLR_PRC,0,21
2025-02-09T11:00:00-00:00,2025-02-09T12:00:00-00:00,2025-02-09,4,0,Hourly,RD,AS_NP26,DAM,RD_CLR_PRC,0,21
2025-02-09T18:00:00-00:00,2025-02-09T19:00:00-00:00,2025-02-09,11,0,Hourly,RD,AS_CAISO_EXP,DAM,RD_CLR_PRC,10.16056,21
2025-02-09T19:00:00-00:00,2025-02-09T20:00:00-00:00,2025-02-09,12,0,Hourly,RD,AS_NP26,DAM,RD_CLR_PRC,0,21
2025-02-09T19:00:00-00:00,2025-02-09T20:00:00-00:00,2025-02-09,12,0,Hourly,RD,AS_SP26_EXP,DAM,RD_CLR_PRC,0,21
2025-02-09T21:00:00-00:00,2025-02-09T22:00:00-00:00,2025-02-09,14,0,Hourly,RD,AS_CAISO,DAM,RD_CLR_PRC,0,21
2025-02-09T21:00:00-00:00,2025-02-09T22:00:00-00:00,2025-02-09,14,0,Hourly,RD,AS_NP26,DAM,RD_CLR_PRC,0,21
2025-02-09T22:00:00-00:00,2025-02-09T23:00:00-00:00,2025-02-09,15,0,Hourly,RD,AS_CAISO,DAM,RD_CLR_PRC,0,21
2025-02-10T00:00:00-00:00,2025-02-10T01:00:00-00:00,2025-02-09,17,0,Hourly,RD,AS_NP26_EXP,DAM,RD_CLR_PRC,26.35151,21
2025-02-10T02:00:00-00:00,2025-02-10T03:00:00-00:00,2025-02-09,19,0,Hourly,RD,AS_NP26_EXP,DAM,RD_CLR_PRC,132.38065,21
2025-02-10T03:00:00-00:00,2025-02-10T04:00:00-00:00,2025-02-09,20,0,Hourly,RD,AS_NP26,DAM,RD_CLR_PRC,0,21
2025-02-10T03:00:00-00:00,2025-02-10T04:00:00-00:00,2025-02-09,20,0,Hourly,RD,AS_SP26,DAM,RD_CLR_PRC,0,21
2025-02-10T04:00:00-00:00,2025-02-10T05:00:00-00:00,2025-02-09,21,0,Hourly,RD,AS_CAISO_EXP,DAM,RD_CLR_PRC,5.70806,21
2025-02-10T06:00:00-00:00,2025-02-10T07:00:00-00:00,2025-02-09,23,0,Hourly,RD,AS_CAISO_EXP,DAM,RD_CLR_PRC,7,21
2025-02-10T06:00:00-00:00,2025-02-10T07:00:00-00:00,2025-02-09,23,0,Hourly,RD,AS_SP26,DAM,RD_CLR_PRC,0,21
2025-02-10T06:00:00-00:00,2025-02-10T07:00:00-00:00,2025-02-09,23,0,Hourly,RD,AS_SP26_EXP,DAM,RD_CLR_PRC,0,21
2025-02-09T08:00:00-00:00,2025-02-09T09:00:00-00:00,2025-02-09,1,0,Hourly,RD,AS_NP26,DAM,RD_CLR_PRC,0,21
2025-02-09T13:00:00-00:00,2025-02-09T14:00:00-00:00,2025-02-09,6,0,Hourly,RD,AS_CAISO,DAM,RD_CLR_PRC,0,21
2025-02-09T14:00:00-00:00,2025-02-09T15:00:00-00:00,2025-02-09,7,0,Hourly,RD,AS_CAISO_EXP,DAM,RD_CLR_PRC,3.76,21
2025-02-09T15:00:00-00:00,2025-02-09T16:00:00-00:00,2025-02-09,8,0,Hourly,RD,AS_SP26,DAM,RD_CLR_PRC,0,21
2025-02-09T17:00:00-00:00,2025-02-09T18:00:00-00:00,2025-02-09,10,0,Hourly,RD,AS_CAISO_EXP,DAM,RD_CLR_PRC,7.9779,21
2025-02-09T18:00:00-00:00,2025-02-09T19:00:00-00:00,2025-02-09,11,0,Hourly,RD,AS_NP26,DAM,RD_CLR_PRC,0,21
2025-02-09T18:00:00-00:00,2025-02-09T19:00:00-00:00,2025-02-09,11,0,Hourly,RD,AS_SP26,DAM,RD_CLR_PRC,0,21
2025-02-09T19:00:00-00:00,2025-02-09T20:00:00-00:00,2025-02-09,12,0,Hourly,RD,AS_CAISO,DAM,RD_CLR_PRC,0,21
2025-02-09T19:00:00-00:00,2025-02-09T20:00:00-00:00,2025-02-09,12,0,Hourly,RD,AS_NP26_EXP,DAM,RD_CLR_PRC,45.10033,21
2025-02-09T21:00:00-00:00,2025-02-09T22:00:00-00:00,2025-02-09,14,0,Hourly,RD,AS_CAISO_EXP,DAM,RD_CLR_PRC,12.97,21
2025-02-09T23:00:00-00:00,2025-02-10T00:00:00-00:00,2025-02-09,16,0,Hourly,RD,AS_SP26_EXP,DAM,RD_CLR_PRC,0,21
2025-02-10T01:00:00-00:00,2025-02-10T02:00:00-00:00,2025-02-09,18,0,Hourly,RD,AS_SP26,DAM,RD_CLR_PRC,0,21
2025-02-10T02:00:00-00:00,2025-02-10T03:00:00-00:00,2025-02-09,19,0,Hourly,RD,AS_SP26,DAM,RD_CLR_PRC,0,21
2025-02-10T03:00:00-00:00,2025-02-10T04:00:00-00:00,2025-02-09,20,0,Hourly,RD,AS_NP26_EXP,DAM,RD_CLR_PRC,0.72,21
2025-02-09T09:00:00-00:00,2025-02-09T10:00:00-00:00,2025-02-09,2,0,Hourly,RD,AS_CAISO,DAM,RD_CLR_PRC,0.37655,21
2025-02-09T11:00:00-00:00,2025-02-09T12:00:00-00:00,2025-02-09,4,0,Hourly,RD,AS_CAISO_EXP,DAM,RD_CLR_PRC,2.6,21
2025-02-09T12:00:00-00:00,2025-02-09T13:00:00-00:00,2025-02-09,5,0,Hourly,RD,AS_CAISO,DAM,RD_CLR_PRC,0,21
2025-02-09T14:00:00-00:00,2025-02-09T15:00:00-00:00,2025-02-09,7,0,Hourly,RD,AS_NP26,DAM,RD_CLR_PRC,0,21
2025-02-09T15:00:00-00:00,2025-02-09T16:00:00-00:00,2025-02-09,8,0,Hourly,RD,AS_NP26,DAM,RD_CLR_PRC,0,21
2025-02-09T16:00:00-00:00,2025-02-09T17:00:00-00:00,2025-02-09,9,0,Hourly,RD,AS_NP26,DAM,RD_CLR_PRC,0,21
2025-02-09T16:00:00-00:00,2025-02-09T17:00:00-00:00,2025-02-09,9,0,Hourly,RD,AS_SP26,DAM,RD_CLR_PRC,0,21
2025-02-09T17:00:00-00:00,2025-02-09T18:00:00-00:00,2025-02-09,10,0,Hourly,RD,AS_CAISO,DAM,RD_CLR_PRC,0,21
2025-02-09T17:00:00-00:00,2025-02-09T18:00:00-00:00,2025-02-09,10,0,Hourly,RD,AS_SP26_EXP,DAM,RD_CLR_PRC,0,21
2025-02-09T20:00:00-00:00,2025-02-09T21:00:00-00:00,2025-02-09,13,0,Hourly,RD,AS_NP26,DAM,RD_CLR_PRC,0,21
2025-02-09T20:00:00-00:00,2025-02-09T21:00:00-00:00,2025-02-09,13,0,Hourly,RD,AS_SP26,DAM,RD_CLR_PRC,0,21
2025-02-09T20:00:00-00:00,2025-02-09T21:00:00-00:00,2025-02-09,13,0,Hourly,RD,AS_SP26_EXP,DAM,RD_CLR_PRC,0,21
2025-02-10T00:00:00-00:00,2025-02-10T01:00:00-00:00,2025-02-09,17,0,Hourly,RD,AS_SP26,DAM,RD_CLR_PRC,0,21
2025-02-10T02:00:00-00:00,2025-02-10T03:00:00-00:00,2025-02-09,19,0,Hourly,RD,AS_CAISO,DAM,RD_CLR_PRC,0,21
2025-02-10T02:00:00-00:00,2025-02-10T03:00:00-00:00,2025-02-09,19,0,Hourly,RD,AS_NP26,DAM,RD_CLR_PRC,0,21
2025-02-10T04:00:00-00:00,2025-02-10T05:00:00-00:00,2025-02-09,21,0,Hourly,RD,AS_CAISO,DAM,RD_CLR_PRC,0,21
2025-02-10T04:00:00-00:00,2025-02-10T05:00:00-00:00,2025-02-09,21,0,Hourly,RD,AS_NP26_EXP,DAM,RD_CLR_PRC,2.28194,21
2025-02-10T07:00:00-00:00,2025-02-10T08:00:00-00:00,2025-02-09,24,0,Hourly,RD,AS_SP26,DAM,RD_CLR_PRC,0,21
2025-02-10T07:00:00-00:00,2025-02-10T08:00:00-00:00,2025-02-09,24,0,Hourly,RD,AS_SP26_EXP,DAM,RD_CLR_PRC,0,21
2025-02-09T08:00:00-00:00,2025-02-09T09:00:00-00:00,2025-02-09,1,0,Hourly,RD,AS_SP26,DAM,RD_CLR_PRC,0,21
2025-02-09T08:00:00-00:00,2025-02-09T09:00:00-00:00,2025-02-09,1,0,Hourly,RD,AS_SP26_EXP,DAM,RD_CLR_PRC,0,21
2025-02-09T09:00:00-00:00,2025-02-09T10:00:00-00:00,2025-02-09,2,0,Hourly,RD,AS_CAISO_EXP,DAM,RD_CLR_PRC,4.39,21
2025-02-09T09:00:00-00:00,2025-02-09T10:00:00-00:00,2025-02-09,2,0,Hourly,RD,AS_NP26,DAM,RD_CLR_PRC,0,21
2025-02-09T10:00:00-00:00,2025-02-09T11:00:00-00:00,2025-02-09,3,0,Hourly,RD,AS_SP26,DAM,RD_CLR_PRC,0,21
2025-02-09T12:00:00-00:00,2025-02-09T13:00:00-00:00,2025-02-09,5,0,Hourly,RD,AS_NP26_EXP,DAM,RD_CLR_PRC,4.05209,21
2025-02-09T12:00:00-00:00,2025-02-09T13:00:00-00:00,2025-02-09,5,0,Hourly,RD,AS_SP26,DAM,RD_CLR_PRC,0,21
2025-02-09T13:00:00-00:00,2025-02-09T14:00:00-00:00,2025-02-09,6,0,Hourly,RD,AS_NP26_EXP,DAM,RD_CLR_PRC,0,21
2025-02-09T15:00:00-00:00,2025-02-09T16:00:00-00:00,2025-02-09,8,0,Hourly,RD,AS_SP26_EXP,DAM,RD_CLR_PRC,0,21
2025-02-09T17:00:00-00:00,2025-02-09T18:00:00-00:00,2025-02-09,10,0,Hourly,RD,AS_NP26,DAM,RD_CLR_PRC,0,21
2025-02-09T18:00:00-00:00,2025-02-09T19:00:00-00:00,2025-02-09,11,0,Hourly,RD,AS_NP26_EXP,DAM,RD_CLR_PRC,39.84944,21
2025-02-09T18:00:00-00:00,2025-02-09T19:00:00-00:00,2025-02-09,11,0,Hourly,RD,AS_SP26_EXP,DAM,RD_CLR_PRC,0,21
2025-02-09T23:00:00-00:00,2025-02-10T00:00:00-00:00,2025-02-09,16,0,Hourly,RD,AS_NP26_EXP,DAM,RD_CLR_PRC,25.5178,21
2025-02-10T00:00:00-00:00,2025-02-10T01:00:00-00:00,2025-02-09,17,0,Hourly,RD,AS_CAISO,DAM,RD_CLR_PRC,0,21
2025-02-09T08:00:00-00:00,2025-02-09T09:00:00-00:00,2025-02-09,1,0,Hourly,RD,AS_NP26_EXP,DAM,RD_CLR_PRC,4.66878,21
2025-02-09T09:00:00-00:00,2025-02-09T10:00:00-00:00,2025-02-09,2,0,Hourly,RD,AS_SP26,DAM,RD_CLR_PRC,0,21
2025-02-09T11:00:00-00:00,2025-02-09T12:00:00-00:00,2025-02-09,4,0,Hourly,RD,AS_SP26,DAM,RD_CLR_PRC,0,21
2025-02-09T11:00:00-00:00,2025-02-09T12:00:00-00:00,2025-02-09,4,0,Hourly,RD,AS_SP26_EXP,DAM,RD_CLR_PRC,0,21
2025-02-09T13:00:00-00:00,2025-02-09T14:00:00-00:00,2025-02-09,6,0,Hourly,RD,AS_NP26,DAM,RD_CLR_PRC,0,21
2025-02-09T13:00:00-00:00,2025-02-09T14:00:00-00:00,2025-02-09,6,0,Hourly,RD,AS_SP26,DAM,RD_CLR_PRC,0,21
2025-02-09T13:00:00-00:00,2025-02-09T14:00:00-00:00,2025-02-09,6,0,Hourly,RD,AS_SP26_EXP,DAM,RD_CLR_PRC,0,21
2025-02-09T14:00:00-00:00,2025-02-09T15:00:00-00:00,2025-02-09,7,0,Hourly,RD,AS_CAISO,DAM,RD_CLR_PRC,0,21
2025-02-09T15:00:00-00:00,2025-02-09T16:00:00-00:00,2025-02-09,8,0,Hourly,RD,AS_CAISO_EXP,DAM,RD_CLR_PRC,16.03801,21
2025-02-09T15:00:00-00:00,2025-02-09T16:00:00-00:00,2025-02-09,8,0,Hourly,RD,AS_NP26_EXP,DAM,RD_CLR_PRC,0,21
2025-02-09T17:00:00-00:00,2025-02-09T18:00:00-00:00,2025-02-09,10,0,Hourly,RD,AS_SP26,DAM,RD_CLR_PRC,0,21
2025-02-09T18:00:00-00:00,2025-02-09T19:00:00-00:00,2025-02-09,11,0,Hourly,RD,AS_CAISO,DAM,RD_CLR_PRC,0,21
2025-02-09T21:00:00-00:00,2025-02-09T22:00:00-00:00,2025-02-09,14,0,Hourly,RD,AS_NP26_EXP,DAM,RD_CLR_PRC,37.04,21
2025-02-09T22:00:00-00:00,2025-02-09T23:00:00-00:00,2025-02-09,15,0,Hourly,RD,AS_NP26,DAM,RD_CLR_PRC,0,21
2025-02-09T23:00:00-00:00,2025-02-10T00:00:00-00:00,2025-02-09,16,0,Hourly,RD,AS_NP26,DAM,RD_CLR_PRC,0,21
2025-02-10T01:00:00-00:00,2025-02-10T02:00:00-00:00,2025-02-09,18,0,Hourly,RD,AS_CAISO_EXP,DAM,RD_CLR_PRC,6.29374,21
2025-02-10T01:00:00-00:00,2025-02-10T02:00:00-00:00,2025-02-09,18,0,Hourly,RD,AS_SP26_EXP,DAM,RD_CLR_PRC,0,21
2025-02-10T04:00:00-00:00,2025-02-10T05:00:00-00:00,2025-02-09,21,0,Hourly,RD,AS_SP26_EXP,DAM,RD_CLR_PRC,0,21
2025-02-10T05:00:00-00:00,2025-02-10T06:00:00-00:00,2025-02-09,22,0,Hourly,RD,AS_CAISO_EXP,DAM,RD_CLR_PRC,5.29843,21
2025-02-10T05:00:00-00:00,2025-02-10T06:00:00-00:00,2025-02-09,22,0,Hourly,RD,AS_SP26,DAM,RD_CLR_PRC,0,21
2025-02-10T05:00:00-00:00,2025-02-10T06:00:00-00:00,2025-02-09,22,0,Hourly,RD,AS_SP26_EXP,DAM,RD_CLR_PRC,0,21
2025-02-10T06:00:00-00:00,2025-02-10T07:00:00-00:00,2025-02-09,23,0,Hourly,RD,AS_CAISO,DAM,RD_CLR_PRC,0,21
2025-02-10T07:00:00-00:00,2025-02-10T08:00:00-00:00,2025-02-09,24,0,Hourly,RD,AS_CAISO,DAM,RD_CLR_PRC,0,21
2025-02-10T07:00:00-00:00,2025-02-10T08:00:00-00:00,2025-02-09,24,0,Hourly,RD,AS_CAISO_EXP,DAM,RD_CLR_PRC,7,21
2025-02-09T10:00:00-00:00,2025-02-09T11:00:00-00:00,2025-02-09,3,0,Hourly,RD,AS_CAISO_EXP,DAM,RD_CLR_PRC,4.13,21
2025-02-09T13:00:00-00:00,2025-02-09T14:00:00-00:00,2025-02-09,6,0,Hourly,RD,AS_CAISO_EXP,DAM,RD_CLR_PRC,7,21
2025-02-09T14:00:00-00:00,2025-02-09T15:00:00-00:00,2025-02-09,7,0,Hourly,RD,AS_NP26_EXP,DAM,RD_CLR_PRC,4.23,21
2025-02-09T15:00:00-00:00,2025-02-09T16:00:00-00:00,2025-02-09,8,0,Hourly,RD,AS_CAISO,DAM,RD_CLR_PRC,0,21
2025-02-09T16:00:00-00:00,2025-02-09T17:00:00-00:00,2025-02-09,9,0,Hourly,RD,AS_CAISO,DAM,RD_CLR_PRC,0,21
2025-02-09T16:00:00-00:00,2025-02-09T17:00:00-00:00,2025-02-09,9,0,Hourly,RD,AS_CAISO_EXP,DAM,RD_CLR_PRC,9.1599,21
2025-02-09T16:00:00-00:00,2025-02-09T17:00:00-00:00,2025-02-09,9,0,Hourly,RD,AS_NP26_EXP,DAM,RD_CLR_PRC,22.79133,21
2025-02-09T16:00:00-00:00,2025-02-09T17:00:00-00:00,2025-02-09,9,0,Hourly,RD,AS_SP26_EXP,DAM,RD_CLR_PRC,0,21
2025-02-09T17:00:00-00:00,2025-02-09T18:00:00-00:00,2025-02-09,10,0,Hourly,RD,AS_NP26_EXP,DAM,RD_CLR_PRC,42.0321,21
2025-02-09T20:00:00-00:00,2025-02-09T21:00:00-00:00,2025-02-09,13,0,Hourly,RD,AS_CAISO,DAM,RD_CLR_PRC,0,21
2025-02-09T20:00:00-00:00,2025-02-09T21:00:00-00:00,2025-02-09,13,0,Hourly,RD,AS_NP26_EXP,DAM,RD_CLR_PRC,42.2577,21
2025-02-09T22:00:00-00:00,2025-02-09T23:00:00-00:00,2025-02-09,15,0,Hourly,RD,AS_SP26,DAM,RD_CLR_PRC,0,21
2025-02-09T23:00:00-00:00,2025-02-10T00:00:00-00:00,2025-02-09,16,0,Hourly,RD,AS_CAISO_EXP,DAM,RD_CLR_PRC,26.18473,21
2025-02-10T00:00:00-00:00,2025-02-10T01:00:00-00:00,2025-02-09,17,0,Hourly,RD,AS_CAISO_EXP,DAM,RD_CLR_PRC,23.65849,21
2025-02-10T02:00:00-00:00,2025-02-10T03:00:00-00:00,2025-02-09,19,0,Hourly,RD,AS_SP26_EXP,DAM,RD_CLR_PRC,0,21
2025-02-10T04:00:00-00:00,2025-02-10T05:00:00-00:00,2025-02-09,21,0,Hourly,RD,AS_NP26,DAM,RD_CLR_PRC,0,21
2025-02-10T05:00:00-00:00,2025-02-10T06:00:00-00:00,2025-02-09,22,0,Hourly,RD,AS_CAISO,DAM,RD_CLR_PRC,0,21
2025-02-10T06:00:00-00:00,2025-02-10T07:00:00-00:00,2025-02-09,23,0,Hourly,RD,AS_NP26,DAM,RD_CLR_PRC,0,21
2025-02-10T07:00:00-00:00,2025-02-10T08:00:00-00:00,2025-02-09,24,0,Hourly,RD,AS_NP26,DAM,RD_CLR_PRC,0,21
2025-02-10T12:00:00-00:00,2025-02-10T13:00:00-00:00,2025-02-10,5,0,Hourly,RD,AS_NP26_EXP,DAM,RD_CLR_PRC,4.57908,22
2025-02-10T08:00:00-00:00,2025-02-10T09:00:00-00:00,2025-02-10,1,0,Hourly,RD,AS_CAISO,DAM,RD_CLR_PRC,0,22
2025-02-10T09:00:00-00:00,2025-02-10T10:00:00-00:00,2025-02-10,2,0,Hourly,RD,AS_NP26,DAM,RD_CLR_PRC,0,22
2025-02-10T10:00:00-00:00,2025-02-10T11:00:00-00:00,2025-02-10,3,0,Hourly,RD,AS_SP26,DAM,RD_CLR_PRC,0,22
2025-02-10T12:00:00-00:00,2025-02-10T13:00:00-00:00,2025-02-10,5,0,Hourly,RD,AS_SP26_EXP,DAM,RD_CLR_PRC,0,22
2025-02-10T14:00:00-00:00,2025-02-10T15:00:00-00:00,2025-02-10,7,0,Hourly,RD,AS_NP26,DAM,RD_CLR_PRC,0,22
2025-02-10T14:00:00-00:00,2025-02-10T15:00:00-00:00,2025-02-10,7,0,Hourly,RD,AS_SP26_EXP,DAM,RD_CLR_PRC,0,22
2025-02-10T19:00:00-00:00,2025-02-10T20:00:00-00:00,2025-02-10,12,0,Hourly,RD,AS_SP26,DAM,RD_CLR_PRC,0,22
2025-02-10T19:00:00-00:00,2025-02-10T20:00:00-00:00,2025-02-10,12,0,Hourly,RD,AS_SP26_EXP,DAM,RD_CLR_PRC,0,22
2025-02-10T23:00:00-00:00,2025-02-11T00:00:00-00:00,2025-02-10,16,0,Hourly,RD,AS_NP26_EXP,DAM,RD_CLR_PRC,15,22
2025-02-11T00:00:00-00:00,2025-02-11T01:00:00-00:00,2025-02-10,17,0,Hourly,RD,AS_CAISO_EXP,DAM,RD_CLR_PRC,21.27649,22
2025-02-11T02:00:00-00:00,2025-02-11T03:00:00-00:00,2025-02-10,19,0,Hourly,RD,AS_CAISO,DAM,RD_CLR_PRC,0,22
2025-02-11T05:00:00-00:00,2025-02-11T06:00:00-00:00,2025-02-10,22,0,Hourly,RD,AS_NP26,DAM,RD_CLR_PRC,0,22
2025-02-11T05:00:00-00:00,2025-02-11T06:00:00-00:00,2025-02-10,22,0,Hourly,RD,AS_NP26_EXP,DAM,RD_CLR_PRC,1.709,22
2025-02-11T06:00:00-00:00,2025-02-11T07:00:00-00:00,2025-02-10,23,0,Hourly,RD,AS_SP26_EXP,DAM,RD_CLR_PRC,0,22
2025-02-11T07:00:00-00:00,2025-02-11T08:00:00-00:00,2025-02-10,24,0,Hourly,RD,AS_SP26,DAM,RD_CLR_PRC,0,22
2025-02-10T17:00:00-00:00,2025-02-10T18:00:00-00:00,2025-02-10,10,0,Hourly,RD,AS_CAISO,DAM,RD_CLR_PRC,0,22
2025-02-10T17:00:00-00:00,2025-02-10T18:00:00-00:00,2025-02-10,10,0,Hourly,RD,AS_SP26,DAM,RD_CLR_PRC,0,22
2025-02-10T18:00:00-00:00,2025-02-10T19:00:00-00:00,2025-02-10,11,0,Hourly,RD,AS_CAISO_EXP,DAM,RD_CLR_PRC,9.77985,22
2025-02-10T21:00:00-00:00,2025-02-10T22:00:00-00:00,2025-02-10,14,0,Hourly,RD,AS_SP26_EXP,DAM,RD_CLR_PRC,0,22
2025-02-10T22:00:00-00:00,2025-02-10T23:00:00-00:00,2025-02-10,15,0,Hourly,RD,AS_SP26,DAM,RD_CLR_PRC,0,22
2025-02-10T23:00:00-00:00,2025-02-11T00:00:00-00:00,2025-02-10,16,0,Hourly,RD,AS_SP26,DAM,RD_CLR_PRC,0,22
2025-02-11T01:00:00-00:00,2025-02-11T02:00:00-00:00,2025-02-10,18,0,Hourly,RD,AS_NP26,DAM,RD_CLR_PRC,0,22
2025-02-11T01:00:00-00:00,2025-02-11T02:00:00-00:00,2025-02-10,18,0,Hourly,RD,AS_SP26_EXP,DAM,RD_CLR_PRC,0,22
2025-02-11T03:00:00-00:00,2025-02-11T04:00:00-00:00,2025-02-10,20,0,Hourly,RD,AS_SP26_EXP,DAM,RD_CLR_PRC,0,22
2025-02-11T05:00:00-00:00,2025-02-11T06:00:00-00:00,2025-02-10,22,0,Hourly,RD,AS_SP26_EXP,DAM,RD_CLR_PRC,0,22
2025-02-11T06:00:00-00:00,2025-02-11T07:00:00-00:00,2025-02-10,23,0,Hourly,RD,AS_CAISO_EXP,DAM,RD_CLR_PRC,7,22
2025-02-11T07:00:00-00:00,2025-02-11T08:00:00-00:00,2025-02-10,24,0,Hourly,RD,AS_NP26_EXP,DAM,RD_CLR_PRC,0.21435,22
2025-02-11T07:00:00-00:00,2025-02-11T08:00:00-00:00,2025-02-10,24,0,Hourly,RD,AS_SP26_EXP,DAM,RD_CLR_PRC,0,22
2025-02-10T08:00:00-00:00,2025-02-10T09:00:00-00:00,2025-02-10,1,0,Hourly,RD,AS_SP26,DAM,RD_CLR_PRC,0,22
2025-02-10T12:00:00-00:00,2025-02-10T13:00:00-00:00,2025-02-10,5,0,Hourly,RD,AS_NP26,DAM,RD_CLR_PRC,0,22
2025-02-10T15:00:00-00:00,2025-02-10T16:00:00-00:00,2025-02-10,8,0,Hourly,RD,AS_CAISO,DAM,RD_CLR_PRC,0,22
2025-02-10T15:00:00-00:00,2025-02-10T16:00:00-00:00,2025-02-10,8,0,Hourly,RD,AS_SP26,DAM,RD_CLR_PRC,0,22
2025-02-10T16:00:00-00:00,2025-02-10T17:00:00-00:00,2025-02-10,9,0,Hourly,RD,AS_NP26_EXP,DAM,RD_CLR_PRC,24.19628,22
2025-02-10T17:00:00-00:00,2025-02-10T18:00:00-00:00,2025-02-10,10,0,Hourly,RD,AS_NP26,DAM,RD_CLR_PRC,0,22
2025-02-10T18:00:00-00:00,2025-02-10T19:00:00-00:00,2025-02-10,11,0,Hourly,RD,AS_SP26,DAM,RD_CLR_PRC,0,22
2025-02-10T18:00:00-00:00,2025-02-10T19:00:00-00:00,2025-02-10,11,0,Hourly,RD,AS_SP26_EXP,DAM,RD_CLR_PRC,0,22
2025-02-10T20:00:00-00:00,2025-02-10T21:00:00-00:00,2025-02-10,13,0,Hourly,RD,AS_SP26,DAM,RD_CLR_PRC,0,22
2025-02-10T21:00:00-00:00,2025-02-10T22:00:00-00:00,2025-02-10,14,0,Hourly,RD,AS_NP26,DAM,RD_CLR_PRC,0,22
2025-02-10T21:00:00-00:00,2025-02-10T22:00:00-00:00,2025-02-10,14,0,Hourly,RD,AS_SP26,DAM,RD_CLR_PRC,0,22
2025-02-10T22:00:00-00:00,2025-02-10T23:00:00-00:00,2025-02-10,15,0,Hourly,RD,AS_CAISO,DAM,RD_CLR_PRC,0,22
2025-02-10T23:00:00-00:00,2025-02-11T00:00:00-00:00,2025-02-10,16,0,Hourly,RD,AS_NP26,DAM,RD_CLR_PRC,0,22
2025-02-11T00:00:00-00:00,2025-02-11T01:00:00-00:00,2025-02-10,17,0,Hourly,RD,AS_SP26_EXP,DAM,RD_CLR_PRC,0,22
2025-02-11T02:00:00-00:00,2025-02-11T03:00:00-00:00,2025-02-10,19,0,Hourly,RD,AS_SP26_EXP,DAM,RD_CLR_PRC,0,22
2025-02-11T03:00:00-00:00,2025-02-11T04:00:00-00:00,2025-02-10,20,0,Hourly,RD,AS_NP26_EXP,DAM,RD_CLR_PRC,8.72,22
2025-02-11T04:00:00-00:00,2025-02-11T05:00:00-00:00,2025-02-10,21,0,Hourly,RD,AS_NP26,DAM,RD_CLR_PRC,0,22
2025-02-11T07:00:00-00:00,2025-02-11T08:00:00-00:00,2025-02-10,24,0,Hourly,RD,AS_CAISO_EXP,DAM,RD_CLR_PRC,7,22
2025-02-11T06:00:00-00:00,2025-02-11T07:00:00-00:00,2025-02-10,23,0,Hourly,RD,AS_NP26_EXP,DAM,RD_CLR_PRC,0,22
2025-02-10T10:00:00-00:00,2025-02-10T11:00:00-00:00,2025-02-10,3,0,Hourly,RD,AS_CAISO_EXP,DAM,RD_CLR_PRC,4.23,22
2025-02-10T10:00:00-00:00,2025-02-10T11:00:00-00:00,2025-02-10,3,0,Hourly,RD,AS_SP26_EXP,DAM,RD_CLR_PRC,0,22
2025-02-10T11:00:00-00:00,2025-02-10T12:00:00-00:00,2025-02-10,4,0,Hourly,RD,AS_CAISO,DAM,RD_CLR_PRC,0,22
2025-02-10T18:00:00-00:00,2025-02-10T19:00:00-00:00,2025-02-10,11,0,Hourly,RD,AS_CAISO,DAM,RD_CLR_PRC,0,22
2025-02-10T18:00:00-00:00,2025-02-10T19:00:00-00:00,2025-02-10,11,0,Hourly,RD,AS_NP26,DAM,RD_CLR_PRC,0,22
2025-02-10T19:00:00-00:00,2025-02-10T20:00:00-00:00,2025-02-10,12,0,Hourly,RD,AS_CAISO_EXP,DAM,RD_CLR_PRC,7.54992,22
2025-02-10T23:00:00-00:00,2025-02-11T00:00:00-00:00,2025-02-10,16,0,Hourly,RD,AS_CAISO,DAM,RD_CLR_PRC,0,22
2025-02-10T23:00:00-00:00,2025-02-11T00:00:00-00:00,2025-02-10,16,0,Hourly,RD,AS_SP26_EXP,DAM,RD_CLR_PRC,0,22
2025-02-11T00:00:00-00:00,2025-02-11T01:00:00-00:00,2025-02-10,17,0,Hourly,RD,AS_NP26,DAM,RD_CLR_PRC,0,22
2025-02-11T02:00:00-00:00,2025-02-11T03:00:00-00:00,2025-02-10,19,0,Hourly,RD,AS_CAISO_EXP,DAM,RD_CLR_PRC,6,22
2025-02-11T03:00:00-00:00,2025-02-11T04:00:00-00:00,2025-02-10,20,0,Hourly,RD,AS_CAISO_EXP,DAM,RD_CLR_PRC,6.28,22
2025-02-11T04:00:00-00:00,2025-02-11T05:00:00-00:00,2025-02-10,21,0,Hourly,RD,AS_CAISO_EXP,DAM,RD_CLR_PRC,6,22
2025-02-11T06:00:00-00:00,2025-02-11T07:00:00-00:00,2025-02-10,23,0,Hourly,RD,AS_CAISO,DAM,RD_CLR_PRC,0,22
2025-02-10T15:00:00-00:00,2025-02-10T16:00:00-00:00,2025-02-10,8,0,Hourly,RD,AS_CAISO_EXP,DAM,RD_CLR_PRC,6.99,22
2025-02-10T15:00:00-00:00,2025-02-10T16:00:00-00:00,2025-02-10,8,0,Hourly,RD,AS_NP26,DAM,RD_CLR_PRC,0,22
2025-02-10T16:00:00-00:00,2025-02-10T17:00:00-00:00,2025-02-10,9,0,Hourly,RD,AS_SP26_EXP,DAM,RD_CLR_PRC,0,22
2025-02-10T17:00:00-00:00,2025-02-10T18:00:00-00:00,2025-02-10,10,0,Hourly,RD,AS_SP26_EXP,DAM,RD_CLR_PRC,0,22
2025-02-10T19:00:00-00:00,2025-02-10T20:00:00-00:00,2025-02-10,12,0,Hourly,RD,AS_NP26,DAM,RD_CLR_PRC,0,22
2025-02-10T19:00:00-00:00,2025-02-10T20:00:00-00:00,2025-02-10,12,0,Hourly,RD,AS_NP26_EXP,DAM,RD_CLR_PRC,1.6486,22
2025-02-10T23:00:00-00:00,2025-02-11T00:00:00-00:00,2025-02-10,16,0,Hourly,RD,AS_CAISO_EXP,DAM,RD_CLR_PRC,25,22
2025-02-11T00:00:00-00:00,2025-02-11T01:00:00-00:00,2025-02-10,17,0,Hourly,RD,AS_SP26,DAM,RD_CLR_PRC,0,22
2025-02-11T01:00:00-00:00,2025-02-11T02:00:00-00:00,2025-02-10,18,0,Hourly,RD,AS_CAISO,DAM,RD_CLR_PRC,0,22
2025-02-11T01:00:00-00:00,2025-02-11T02:00:00-00:00,2025-02-10,18,0,Hourly,RD,AS_CAISO_EXP,DAM,RD_CLR_PRC,6.21165,22
2025-02-11T01:00:00-00:00,2025-02-11T02:00:00-00:00,2025-02-10,18,0,Hourly,RD,AS_NP26_EXP,DAM,RD_CLR_PRC,8.78835,22
2025-02-11T03:00:00-00:00,2025-02-11T04:00:00-00:00,2025-02-10,20,0,Hourly,RD,AS_SP26,DAM,RD_CLR_PRC,0,22
2025-02-11T04:00:00-00:00,2025-02-11T05:00:00-00:00,2025-02-10,21,0,Hourly,RD,AS_CAISO,DAM,RD_CLR_PRC,0,22
2025-02-11T04:00:00-00:00,2025-02-11T05:00:00-00:00,2025-02-10,21,0,Hourly,RD,AS_SP26,DAM,RD_CLR_PRC,0,22
2025-02-11T04:00:00-00:00,2025-02-11T05:00:00-00:00,2025-02-10,21,0,Hourly,RD,AS_SP26_EXP,DAM,RD_CLR_PRC,0,22
2025-02-11T05:00:00-00:00,2025-02-11T06:00:00-00:00,2025-02-10,22,0,Hourly,RD,AS_CAISO_EXP,DAM,RD_CLR_PRC,5.49926,22
2025-02-11T05:00:00-00:00,2025-02-11T06:00:00-00:00,2025-02-10,22,0,Hourly,RD,AS_SP26,DAM,RD_CLR_PRC,0,22
2025-02-11T06:00:00-00:00,2025-02-11T07:00:00-00:00,2025-02-10,23,0,Hourly,RD,AS_NP26,DAM,RD_CLR_PRC,0,22
2025-02-10T08:00:00-00:00,2025-02-10T09:00:00-00:00,2025-02-10,1,0,Hourly,RD,AS_SP26_EXP,DAM,RD_CLR_PRC,0,22
2025-02-10T08:00:00-00:00,2025-02-10T09:00:00-00:00,2025-02-10,1,0,Hourly,RD,AS_NP26_EXP,DAM,RD_CLR_PRC,0,22
2025-02-10T09:00:00-00:00,2025-02-10T10:00:00-00:00,2025-02-10,2,0,Hourly,RD,AS_CAISO_EXP,DAM,RD_CLR_PRC,5,22
2025-02-10T09:00:00-00:00,2025-02-10T10:00:00-00:00,2025-02-10,2,0,Hourly,RD,AS_SP26_EXP,DAM,RD_CLR_PRC,0,22
2025-02-10T10:00:00-00:00,2025-02-10T11:00:00-00:00,2025-02-10,3,0,Hourly,RD,AS_NP26_EXP,DAM,RD_CLR_PRC,4.92237,22
2025-02-10T11:00:00-00:00,2025-02-10T12:00:00-00:00,2025-02-10,4,0,Hourly,RD,AS_CAISO_EXP,DAM,RD_CLR_PRC,5,22
2025-02-10T11:00:00-00:00,2025-02-10T12:00:00-00:00,2025-02-10,4,0,Hourly,RD,AS_NP26_EXP,DAM,RD_CLR_PRC,2,22
2025-02-10T11:00:00-00:00,2025-02-10T12:00:00-00:00,2025-02-10,4,0,Hourly,RD,AS_SP26,DAM,RD_CLR_PRC,0,22
2025-02-10T12:00:00-00:00,2025-02-10T13:00:00-00:00,2025-02-10,5,0,Hourly,RD,AS_SP26,DAM,RD_CLR_PRC,0,22
2025-02-10T13:00:00-00:00,2025-02-10T14:00:00-00:00,2025-02-10,6,0,Hourly,RD,AS_CAISO_EXP,DAM,RD_CLR_PRC,5,22
2025-02-10T13:00:00-00:00,2025-02-10T14:00:00-00:00,2025-02-10,6,0,Hourly,RD,AS_NP26_EXP,DAM,RD_CLR_PRC,4.92656,22
2025-02-10T14:00:00-00:00,2025-02-10T15:00:00-00:00,2025-02-10,7,0,Hourly,RD,AS_SP26,DAM,RD_CLR_PRC,0,22
2025-02-10T16:00:00-00:00,2025-02-10T17:00:00-00:00,2025-02-10,9,0,Hourly,RD,AS_CAISO_EXP,DAM,RD_CLR_PRC,8.30372,22
2025-02-10T16:00:00-00:00,2025-02-10T17:00:00-00:00,2025-02-10,9,0,Hourly,RD,AS_SP26,DAM,RD_CLR_PRC,0,22
2025-02-10T17:00:00-00:00,2025-02-10T18:00:00-00:00,2025-02-10,10,0,Hourly,RD,AS_NP26_EXP,DAM,RD_CLR_PRC,2.98618,22
2025-02-10T18:00:00-00:00,2025-02-10T19:00:00-00:00,2025-02-10,11,0,Hourly,RD,AS_NP26_EXP,DAM,RD_CLR_PRC,0,22
2025-02-10T20:00:00-00:00,2025-02-10T21:00:00-00:00,2025-02-10,13,0,Hourly,RD,AS_NP26,DAM,RD_CLR_PRC,0,22
2025-02-10T21:00:00-00:00,2025-02-10T22:00:00-00:00,2025-02-10,14,0,Hourly,RD,AS_CAISO,DAM,RD_CLR_PRC,0,22
2025-02-10T21:00:00-00:00,2025-02-10T22:00:00-00:00,2025-02-10,14,0,Hourly,RD,AS_CAISO_EXP,DAM,RD_CLR_PRC,10,22
2025-02-10T21:00:00-00:00,2025-02-10T22:00:00-00:00,2025-02-10,14,0,Hourly,RD,AS_NP26_EXP,DAM,RD_CLR_PRC,7.52171,22
2025-02-11T00:00:00-00:00,2025-02-11T01:00:00-00:00,2025-02-10,17,0,Hourly,RD,AS_CAISO,DAM,RD_CLR_PRC,0,22
2025-02-11T01:00:00-00:00,2025-02-11T02:00:00-00:00,2025-02-10,18,0,Hourly,RD,AS_SP26,DAM,RD_CLR_PRC,0,22
2025-02-11T02:00:00-00:00,2025-02-11T03:00:00-00:00,2025-02-10,19,0,Hourly,RD,AS_SP26,DAM,RD_CLR_PRC,0,22
2025-02-11T07:00:00-00:00,2025-02-11T08:00:00-00:00,2025-02-10,24,0,Hourly,RD,AS_NP26,DAM,RD_CLR_PRC,0,22
2025-02-10T16:00:00-00:00,2025-02-10T17:00:00-00:00,2025-02-10,9,0,Hourly,RD,AS_CAISO,DAM,RD_CLR_PRC,0,22
2025-02-10T20:00:00-00:00,2025-02-10T21:00:00-00:00,2025-02-10,13,0,Hourly,RD,AS_CAISO,DAM,RD_CLR_PRC,0,22
2025-02-10T20:00:00-00:00,2025-02-10T21:00:00-00:00,2025-02-10,13,0,Hourly,RD,AS_CAISO_EXP,DAM,RD_CLR_PRC,6.88076,22
2025-02-10T20:00:00-00:00,2025-02-10T21:00:00-00:00,2025-02-10,13,0,Hourly,RD,AS_SP26_EXP,DAM,RD_CLR_PRC,0,22
2025-02-11T02:00:00-00:00,2025-02-11T03:00:00-00:00,2025-02-10,19,0,Hourly,RD,AS_NP26,DAM,RD_CLR_PRC,0,22
2025-02-11T04:00:00-00:00,2025-02-11T05:00:00-00:00,2025-02-10,21,0,Hourly,RD,AS_NP26_EXP,DAM,RD_CLR_PRC,1.24039,22
2025-02-11T05:00:00-00:00,2025-02-11T06:00:00-00:00,2025-02-10,22,0,Hourly,RD,AS_CAISO,DAM,RD_CLR_PRC,0,22
2025-02-10T09:00:00-00:00,2025-02-10T10:00:00-00:00,2025-02-10,2,0,Hourly,RD,AS_CAISO,DAM,RD_CLR_PRC,0,22
2025-02-10T10:00:00-00:00,2025-02-10T11:00:00-00:00,2025-02-10,3,0,Hourly,RD,AS_CAISO,DAM,RD_CLR_PRC,0,22
2025-02-10T12:00:00-00:00,2025-02-10T13:00:00-00:00,2025-02-10,5,0,Hourly,RD,AS_CAISO,DAM,RD_CLR_PRC,0,22
2025-02-10T14:00:00-00:00,2025-02-10T15:00:00-00:00,2025-02-10,7,0,Hourly,RD,AS_NP26_EXP,DAM,RD_CLR_PRC,11.96266,22
2025-02-10T14:00:00-00:00,2025-02-10T15:00:00-00:00,2025-02-10,7,0,Hourly,RD,AS_CAISO,DAM,RD_CLR_PRC,0,22
2025-02-10T14:00:00-00:00,2025-02-10T15:00:00-00:00,2025-02-10,7,0,Hourly,RD,AS_CAISO_EXP,DAM,RD_CLR_PRC,2.04,22
2025-02-10T15:00:00-00:00,2025-02-10T16:00:00-00:00,2025-02-10,8,0,Hourly,RD,AS_NP26_EXP,DAM,RD_CLR_PRC,9.92195,22
2025-02-10T13:00:00-00:00,2025-02-10T14:00:00-00:00,2025-02-10,6,0,Hourly,RD,AS_NP26,DAM,RD_CLR_PRC,0,22
2025-02-10T13:00:00-00:00,2025-02-10T14:00:00-00:00,2025-02-10,6,0,Hourly,RD,AS_SP26,DAM,RD_CLR_PRC,0,22
2025-02-10T13:00:00-00:00,2025-02-10T14:00:00-00:00,2025-02-10,6,0,Hourly,RD,AS_SP26_EXP,DAM,RD_CLR_PRC,0,22
2025-02-10T15:00:00-00:00,2025-02-10T16:00:00-00:00,2025-02-10,8,0,Hourly,RD,AS_SP26_EXP,DAM,RD_CLR_PRC,0,22
2025-02-10T17:00:00-00:00,2025-02-10T18:00:00-00:00,2025-02-10,10,0,Hourly,RD,AS_CAISO_EXP,DAM,RD_CLR_PRC,6.84,22
2025-02-10T19:00:00-00:00,2025-02-10T20:00:00-00:00,2025-02-10,12,0,Hourly,RD,AS_CAISO,DAM,RD_CLR_PRC,0,22
2025-02-10T20:00:00-00:00,2025-02-10T21:00:00-00:00,2025-02-10,13,0,Hourly,RD,AS_NP26_EXP,DAM,RD_CLR_PRC,14.7866,22
2025-02-10T22:00:00-00:00,2025-02-10T23:00:00-00:00,2025-02-10,15,0,Hourly,RD,AS_CAISO_EXP,DAM,RD_CLR_PRC,12,22
2025-02-10T22:00:00-00:00,2025-02-10T23:00:00-00:00,2025-02-10,15,0,Hourly,RD,AS_NP26,DAM,RD_CLR_PRC,0,22
2025-02-10T22:00:00-00:00,2025-02-10T23:00:00-00:00,2025-02-10,15,0,Hourly,RD,AS_NP26_EXP,DAM,RD_CLR_PRC,24.5605,22
2025-02-10T22:00:00-00:00,2025-02-10T23:00:00-00:00,2025-02-10,15,0,Hourly,RD,AS_SP26_EXP,DAM,RD_CLR_PRC,0,22
2025-02-11T00:00:00-00:00,2025-02-11T01:00:00-00:00,2025-02-10,17,0,Hourly,RD,AS_NP26_EXP,DAM,RD_CLR_PRC,3.35661,22
2025-02-11T02:00:00-00:00,2025-02-11T03:00:00-00:00,2025-02-10,19,0,Hourly,RD,AS_NP26_EXP,DAM,RD_CLR_PRC,9,22
2025-02-11T03:00:00-00:00,2025-02-11T04:00:00-00:00,2025-02-10,20,0,Hourly,RD,AS_CAISO,DAM,RD_CLR_PRC,0,22
2025-02-11T03:00:00-00:00,2025-02-11T04:00:00-00:00,2025-02-10,20,0,Hourly,RD,AS_NP26,DAM,RD_CLR_PRC,0,22
2025-02-11T06:00:00-00:00,2025-02-11T07:00:00-00:00,2025-02-10,23,0,Hourly,RD,AS_SP26,DAM,RD_CLR_PRC,0,22
2025-02-11T07:00:00-00:00,2025-02-11T08:00:00-00:00,2025-02-10,24,0,Hourly,RD,AS_CAISO,DAM,RD_CLR_PRC,0,22
2025-02-10T08:00:00-00:00,2025-02-10T09:00:00-00:00,2025-02-10,1,0,Hourly,RD,AS_CAISO_EXP,DAM,RD_CLR_PRC,5,22
2025-02-10T08:00:00-00:00,2025-02-10T09:00:00-00:00,2025-02-10,1,0,Hourly,RD,AS_NP26,DAM,RD_CLR_PRC,0,22
2025-02-10T09:00:00-00:00,2025-02-10T10:00:00-00:00,2025-02-10,2,0,Hourly,RD,AS_NP26_EXP,DAM,RD_CLR_PRC,4.84934,22
2025-02-10T11:00:00-00:00,2025-02-10T12:00:00-00:00,2025-02-10,4,0,Hourly,RD,AS_NP26,DAM,RD_CLR_PRC,0,22
2025-02-10T11:00:00-00:00,2025-02-10T12:00:00-00:00,2025-02-10,4,0,Hourly,RD,AS_SP26_EXP,DAM,RD_CLR_PRC,0,22
2025-02-10T12:00:00-00:00,2025-02-10T13:00:00-00:00,2025-02-10,5,0,Hourly,RD,AS_CAISO_EXP,DAM,RD_CLR_PRC,5,22
2025-02-10T13:00:00-00:00,2025-02-10T14:00:00-00:00,2025-02-10,6,0,Hourly,RD,AS_CAISO,DAM,RD_CLR_PRC,0,22
2025-02-10T09:00:00-00:00,2025-02-10T10:00:00-00:00,2025-02-10,2,0,Hourly,RD,AS_SP26,DAM,RD_CLR_PRC,0,22
2025-02-10T10:00:00-00:00,2025-02-10T11:00:00-00:00,2025-02-10,3,0,Hourly,RD,AS_NP26,DAM,RD_CLR_PRC,0,22
2025-02-10T16:00:00-00:00,2025-02-10T17:00:00-00:00,2025-02-10,9,0,Hourly,RD,AS_NP26,DAM,RD_CLR_PRC,0,22
2025-02-12T07:00:00-00:00,2025-02-12T08:00:00-00:00,2025-02-11,24,0,Hourly,RD,AS_SP26,DAM,RD_CLR_PRC,0,23
2025-02-12T05:00:00-00:00,2025-02-12T06:00:00-00:00,2025-02-11,22,0,Hourly,RD,AS_SP26,DAM,RD_CLR_PRC,0,23
2025-02-11T11:00:00-00:00,2025-02-11T12:00:00-00:00,2025-02-11,4,0,Hourly,RD,AS_SP26,DAM,RD_CLR_PRC,0,23
2025-02-11T13:00:00-00:00,2025-02-11T14:00:00-00:00,2025-02-11,6,0,Hourly,RD,AS_SP26_EXP,DAM,RD_CLR_PRC,0,23
2025-02-11T15:00:00-00:00,2025-02-11T16:00:00-00:00,2025-02-11,8,0,Hourly,RD,AS_CAISO,DAM,RD_CLR_PRC,0,23
2025-02-11T16:00:00-00:00,2025-02-11T17:00:00-00:00,2025-02-11,9,0,Hourly,RD,AS_SP26_EXP,DAM,RD_CLR_PRC,0,23
2025-02-11T17:00:00-00:00,2025-02-11T18:00:00-00:00,2025-02-11,10,0,Hourly,RD,AS_SP26_EXP,DAM,RD_CLR_PRC,0,23
2025-02-11T18:00:00-00:00,2025-02-11T19:00:00-00:00,2025-02-11,11,0,Hourly,RD,AS_CAISO,DAM,RD_CLR_PRC,0,23
2025-02-11T19:00:00-00:00,2025-02-11T20:00:00-00:00,2025-02-11,12,0,Hourly,RD,AS_CAISO,DAM,RD_CLR_PRC,0,23
2025-02-11T20:00:00-00:00,2025-02-11T21:00:00-00:00,2025-02-11,13,0,Hourly,RD,AS_CAISO_EXP,DAM,RD_CLR_PRC,8.87451,23
2025-02-11T20:00:00-00:00,2025-02-11T21:00:00-00:00,2025-02-11,13,0,Hourly,RD,AS_NP26_EXP,DAM,RD_CLR_PRC,10.39945,23
2025-02-11T20:00:00-00:00,2025-02-11T21:00:00-00:00,2025-02-11,13,0,Hourly,RD,AS_SP26,DAM,RD_CLR_PRC,0,23
2025-02-11T21:00:00-00:00,2025-02-11T22:00:00-00:00,2025-02-11,14,0,Hourly,RD,AS_CAISO,DAM,RD_CLR_PRC,0,23
2025-02-11T21:00:00-00:00,2025-02-11T22:00:00-00:00,2025-02-11,14,0,Hourly,RD,AS_NP26_EXP,DAM,RD_CLR_PRC,10.86959,23
2025-02-12T00:00:00-00:00,2025-02-12T01:00:00-00:00,2025-02-11,17,0,Hourly,RD,AS_SP26_EXP,DAM,RD_CLR_PRC,0,23
2025-02-12T02:00:00-00:00,2025-02-12T03:00:00-00:00,2025-02-11,19,0,Hourly,RD,AS_CAISO_EXP,DAM,RD_CLR_PRC,7,23
2025-02-11T13:00:00-00:00,2025-02-11T14:00:00-00:00,2025-02-11,6,0,Hourly,RD,AS_SP26,DAM,RD_CLR_PRC,0,23
2025-02-11T15:00:00-00:00,2025-02-11T16:00:00-00:00,2025-02-11,8,0,Hourly,RD,AS_SP26,DAM,RD_CLR_PRC,0,23
2025-02-11T16:00:00-00:00,2025-02-11T17:00:00-00:00,2025-02-11,9,0,Hourly,RD,AS_CAISO,DAM,RD_CLR_PRC,0,23
2025-02-11T16:00:00-00:00,2025-02-11T17:00:00-00:00,2025-02-11,9,0,Hourly,RD,AS_SP26,DAM,RD_CLR_PRC,0,23
2025-02-11T19:00:00-00:00,2025-02-11T20:00:00-00:00,2025-02-11,12,0,Hourly,RD,AS_CAISO_EXP,DAM,RD_CLR_PRC,9.09046,23
2025-02-11T23:00:00-00:00,2025-02-12T00:00:00-00:00,2025-02-11,16,0,Hourly,RD,AS_SP26_EXP,DAM,RD_CLR_PRC,0,23
2025-02-12T00:00:00-00:00,2025-02-12T01:00:00-00:00,2025-02-11,17,0,Hourly,RD,AS_CAISO,DAM,RD_CLR_PRC,0,23
2025-02-12T00:00:00-00:00,2025-02-12T01:00:00-00:00,2025-02-11,17,0,Hourly,RD,AS_CAISO_EXP,DAM,RD_CLR_PRC,21.31436,23
2025-02-12T02:00:00-00:00,2025-02-12T03:00:00-00:00,2025-02-11,19,0,Hourly,RD,AS_NP26_EXP,DAM,RD_CLR_PRC,0.99,23
2025-02-12T06:00:00-00:00,2025-02-12T07:00:00-00:00,2025-02-11,23,0,Hourly,RD,AS_NP26,DAM,RD_CLR_PRC,0,23
2025-02-12T06:00:00-00:00,2025-02-12T07:00:00-00:00,2025-02-11,23,0,Hourly,RD,AS_SP26,DAM,RD_CLR_PRC,0,23
2025-02-11T23:00:00-00:00,2025-02-12T00:00:00-00:00,2025-02-11,16,0,Hourly,RD,AS_NP26,DAM,RD_CLR_PRC,0,23
2025-02-12T03:00:00-00:00,2025-02-12T04:00:00-00:00,2025-02-11,20,0,Hourly,RD,AS_CAISO,DAM,RD_CLR_PRC,0,23
2025-02-12T07:00:00-00:00,2025-02-12T08:00:00-00:00,2025-02-11,24,0,Hourly,RD,AS_NP26,DAM,RD_CLR_PRC,0,23
2025-02-11T08:00:00-00:00,2025-02-11T09:00:00-00:00,2025-02-11,1,0,Hourly,RD,AS_CAISO_EXP,DAM,RD_CLR_PRC,7,23
2025-02-11T10:00:00-00:00,2025-02-11T11:00:00-00:00,2025-02-11,3,0,Hourly,RD,AS_NP26,DAM,RD_CLR_PRC,0,23
2025-02-11T13:00:00-00:00,2025-02-11T14:00:00-00:00,2025-02-11,6,0,Hourly,RD,AS_NP26,DAM,RD_CLR_PRC,0,23
2025-02-11T15:00:00-00:00,2025-02-11T16:00:00-00:00,2025-02-11,8,0,Hourly,RD,AS_NP26_EXP,DAM,RD_CLR_PRC,0,23
2025-02-11T16:00:00-00:00,2025-02-11T17:00:00-00:00,2025-02-11,9,0,Hourly,RD,AS_NP26,DAM,RD_CLR_PRC,0,23
2025-02-11T17:00:00-00:00,2025-02-11T18:00:00-00:00,2025-02-11,10,0,Hourly,RD,AS_CAISO,DAM,RD_CLR_PRC,0,23
2025-02-11T17:00:00-00:00,2025-02-11T18:00:00-00:00,2025-02-11,10,0,Hourly,RD,AS_CAISO_EXP,DAM,RD_CLR_PRC,9.26269,23
2025-02-11T17:00:00-00:00,2025-02-11T18:00:00-00:00,2025-02-11,10,0,Hourly,RD,AS_NP26_EXP,DAM,RD_CLR_PRC,5.73731,23
2025-02-11T18:00:00-00:00,2025-02-11T19:00:00-00:00,2025-02-11,11,0,Hourly,RD,AS_SP26,DAM,RD_CLR_PRC,0,23
2025-02-11T19:00:00-00:00,2025-02-11T20:00:00-00:00,2025-02-11,12,0,Hourly,RD,AS_SP26,DAM,RD_CLR_PRC,0,23
2025-02-11T10:00:00-00:00,2025-02-11T11:00:00-00:00,2025-02-11,3,0,Hourly,RD,AS_SP26,DAM,RD_CLR_PRC,0,23
2025-02-11T12:00:00-00:00,2025-02-11T13:00:00-00:00,2025-02-11,5,0,Hourly,RD,AS_NP26_EXP,DAM,RD_CLR_PRC,4.78678,23
2025-02-11T13:00:00-00:00,2025-02-11T14:00:00-00:00,2025-02-11,6,0,Hourly,RD,AS_CAISO,DAM,RD_CLR_PRC,0,23
2025-02-11T14:00:00-00:00,2025-02-11T15:00:00-00:00,2025-02-11,7,0,Hourly,RD,AS_CAISO_EXP,DAM,RD_CLR_PRC,2,23
2025-02-11T14:00:00-00:00,2025-02-11T15:00:00-00:00,2025-02-11,7,0,Hourly,RD,AS_SP26,DAM,RD_CLR_PRC,0,23
2025-02-11T16:00:00-00:00,2025-02-11T17:00:00-00:00,2025-02-11,9,0,Hourly,RD,AS_CAISO_EXP,DAM,RD_CLR_PRC,10,23
2025-02-11T17:00:00-00:00,2025-02-11T18:00:00-00:00,2025-02-11,10,0,Hourly,RD,AS_NP26,DAM,RD_CLR_PRC,0,23
2025-02-11T17:00:00-00:00,2025-02-11T18:00:00-00:00,2025-02-11,10,0,Hourly,RD,AS_SP26,DAM,RD_CLR_PRC,0,23
2025-02-11T18:00:00-00:00,2025-02-11T19:00:00-00:00,2025-02-11,11,0,Hourly,RD,AS_SP26_EXP,DAM,RD_CLR_PRC,0,23
2025-02-11T21:00:00-00:00,2025-02-11T22:00:00-00:00,2025-02-11,14,0,Hourly,RD,AS_NP26,DAM,RD_CLR_PRC,0,23
2025-02-12T01:00:00-00:00,2025-02-12T02:00:00-00:00,2025-02-11,18,0,Hourly,RD,AS_CAISO,DAM,RD_CLR_PRC,0,23
2025-02-12T01:00:00-00:00,2025-02-12T02:00:00-00:00,2025-02-11,18,0,Hourly,RD,AS_NP26_EXP,DAM,RD_CLR_PRC,5.86946,23
2025-02-12T02:00:00-00:00,2025-02-12T03:00:00-00:00,2025-02-11,19,0,Hourly,RD,AS_NP26,DAM,RD_CLR_PRC,0,23
2025-02-12T04:00:00-00:00,2025-02-12T05:00:00-00:00,2025-02-11,21,0,Hourly,RD,AS_NP26,DAM,RD_CLR_PRC,0,23
2025-02-12T04:00:00-00:00,2025-02-12T05:00:00-00:00,2025-02-11,21,0,Hourly,RD,AS_NP26_EXP,DAM,RD_CLR_PRC,0.96192,23
2025-02-12T05:00:00-00:00,2025-02-12T06:00:00-00:00,2025-02-11,22,0,Hourly,RD,AS_CAISO,DAM,RD_CLR_PRC,0,23
2025-02-12T05:00:00-00:00,2025-02-12T06:00:00-00:00,2025-02-11,22,0,Hourly,RD,AS_CAISO_EXP,DAM,RD_CLR_PRC,6.63,23
2025-02-12T06:00:00-00:00,2025-02-12T07:00:00-00:00,2025-02-11,23,0,Hourly,RD,AS_CAISO,DAM,RD_CLR_PRC,0,23
2025-02-12T07:00:00-00:00,2025-02-12T08:00:00-00:00,2025-02-11,24,0,Hourly,RD,AS_CAISO,DAM,RD_CLR_PRC,0,23
2025-02-11T08:00:00-00:00,2025-02-11T09:00:00-00:00,2025-02-11,1,0,Hourly,RD,AS_NP26,DAM,RD_CLR_PRC,0,23
2025-02-11T10:00:00-00:00,2025-02-11T11:00:00-00:00,2025-02-11,3,0,Hourly,RD,AS_CAISO_EXP,DAM,RD_CLR_PRC,5.5,23
2025-02-11T10:00:00-00:00,2025-02-11T11:00:00-00:00,2025-02-11,3,0,Hourly,RD,AS_SP26_EXP,DAM,RD_CLR_PRC,0,23
2025-02-11T11:00:00-00:00,2025-02-11T12:00:00-00:00,2025-02-11,4,0,Hourly,RD,AS_CAISO_EXP,DAM,RD_CLR_PRC,5.62106,23
2025-02-11T11:00:00-00:00,2025-02-11T12:00:00-00:00,2025-02-11,4,0,Hourly,RD,AS_NP26,DAM,RD_CLR_PRC,0,23
2025-02-11T12:00:00-00:00,2025-02-11T13:00:00-00:00,2025-02-11,5,0,Hourly,RD,AS_NP26,DAM,RD_CLR_PRC,0,23
2025-02-11T15:00:00-00:00,2025-02-11T16:00:00-00:00,2025-02-11,8,0,Hourly,RD,AS_CAISO_EXP,DAM,RD_CLR_PRC,15.07855,23
2025-02-11T15:00:00-00:00,2025-02-11T16:00:00-00:00,2025-02-11,8,0,Hourly,RD,AS_NP26,DAM,RD_CLR_PRC,0,23
2025-02-11T15:00:00-00:00,2025-02-11T16:00:00-00:00,2025-02-11,8,0,Hourly,RD,AS_SP26_EXP,DAM,RD_CLR_PRC,0,23
2025-02-11T22:00:00-00:00,2025-02-11T23:00:00-00:00,2025-02-11,15,0,Hourly,RD,AS_CAISO,DAM,RD_CLR_PRC,0,23
2025-02-11T22:00:00-00:00,2025-02-11T23:00:00-00:00,2025-02-11,15,0,Hourly,RD,AS_NP26_EXP,DAM,RD_CLR_PRC,15.67495,23
2025-02-11T22:00:00-00:00,2025-02-11T23:00:00-00:00,2025-02-11,15,0,Hourly,RD,AS_SP26,DAM,RD_CLR_PRC,0,23
2025-02-11T22:00:00-00:00,2025-02-11T23:00:00-00:00,2025-02-11,15,0,Hourly,RD,AS_SP26_EXP,DAM,RD_CLR_PRC,0,23
2025-02-12T00:00:00-00:00,2025-02-12T01:00:00-00:00,2025-02-11,17,0,Hourly,RD,AS_NP26,DAM,RD_CLR_PRC,0,23
2025-02-12T01:00:00-00:00,2025-02-12T02:00:00-00:00,2025-02-11,18,0,Hourly,RD,AS_CAISO_EXP,DAM,RD_CLR_PRC,9.26,23
2025-02-12T01:00:00-00:00,2025-02-12T02:00:00-00:00,2025-02-11,18,0,Hourly,RD,AS_NP26,DAM,RD_CLR_PRC,0,23
2025-02-12T03:00:00-00:00,2025-02-12T04:00:00-00:00,2025-02-11,20,0,Hourly,RD,AS_SP26_EXP,DAM,RD_CLR_PRC,0,23
2025-02-12T04:00:00-00:00,2025-02-12T05:00:00-00:00,2025-02-11,21,0,Hourly,RD,AS_SP26,DAM,RD_CLR_PRC,0,23
2025-02-12T06:00:00-00:00,2025-02-12T07:00:00-00:00,2025-02-11,23,0,Hourly,RD,AS_CAISO_EXP,DAM,RD_CLR_PRC,7,23
2025-02-12T06:00:00-00:00,2025-02-12T07:00:00-00:00,2025-02-11,23,0,Hourly,RD,AS_NP26_EXP,DAM,RD_CLR_PRC,0,23
2025-02-12T06:00:00-00:00,2025-02-12T07:00:00-00:00,2025-02-11,23,0,Hourly,RD,AS_SP26_EXP,DAM,RD_CLR_PRC,0,23
2025-02-11T12:00:00-00:00,2025-02-11T13:00:00-00:00,2025-02-11,5,0,Hourly,RD,AS_CAISO,DAM,RD_CLR_PRC,0,23
2025-02-11T14:00:00-00:00,2025-02-11T15:00:00-00:00,2025-02-11,7,0,Hourly,RD,AS_CAISO,DAM,RD_CLR_PRC,0,23
2025-02-11T14:00:00-00:00,2025-02-11T15:00:00-00:00,2025-02-11,7,0,Hourly,RD,AS_NP26_EXP,DAM,RD_CLR_PRC,5.99,23
2025-02-11T18:00:00-00:00,2025-02-11T19:00:00-00:00,2025-02-11,11,0,Hourly,RD,AS_CAISO_EXP,DAM,RD_CLR_PRC,10,23
2025-02-11T18:00:00-00:00,2025-02-11T19:00:00-00:00,2025-02-11,11,0,Hourly,RD,AS_NP26,DAM,RD_CLR_PRC,0,23
2025-02-11T19:00:00-00:00,2025-02-11T20:00:00-00:00,2025-02-11,12,0,Hourly,RD,AS_SP26_EXP,DAM,RD_CLR_PRC,0,23
2025-02-11T20:00:00-00:00,2025-02-11T21:00:00-00:00,2025-02-11,13,0,Hourly,RD,AS_CAISO,DAM,RD_CLR_PRC,0,23
2025-02-11T20:00:00-00:00,2025-02-11T21:00:00-00:00,2025-02-11,13,0,Hourly,RD,AS_SP26_EXP,DAM,RD_CLR_PRC,0,23
2025-02-11T21:00:00-00:00,2025-02-11T22:00:00-00:00,2025-02-11,14,0,Hourly,RD,AS_SP26_EXP,DAM,RD_CLR_PRC,0,23
2025-02-11T22:00:00-00:00,2025-02-11T23:00:00-00:00,2025-02-11,15,0,Hourly,RD,AS_CAISO_EXP,DAM,RD_CLR_PRC,13.48279,23
2025-02-11T23:00:00-00:00,2025-02-12T00:00:00-00:00,2025-02-11,16,0,Hourly,RD,AS_CAISO_EXP,DAM,RD_CLR_PRC,18.6,23
2025-02-11T23:00:00-00:00,2025-02-12T00:00:00-00:00,2025-02-11,16,0,Hourly,RD,AS_NP26_EXP,DAM,RD_CLR_PRC,0,23
2025-02-12T00:00:00-00:00,2025-02-12T01:00:00-00:00,2025-02-11,17,0,Hourly,RD,AS_SP26,DAM,RD_CLR_PRC,0,23
2025-02-12T01:00:00-00:00,2025-02-12T02:00:00-00:00,2025-02-11,18,0,Hourly,RD,AS_SP26_EXP,DAM,RD_CLR_PRC,0,23
2025-02-12T02:00:00-00:00,2025-02-12T03:00:00-00:00,2025-02-11,19,0,Hourly,RD,AS_CAISO,DAM,RD_CLR_PRC,0,23
2025-02-12T03:00:00-00:00,2025-02-12T04:00:00-00:00,2025-02-11,20,0,Hourly,RD,AS_NP26,DAM,RD_CLR_PRC,0,23
2025-02-12T03:00:00-00:00,2025-02-12T04:00:00-00:00,2025-02-11,20,0,Hourly,RD,AS_SP26,DAM,RD_CLR_PRC,0,23
2025-02-12T04:00:00-00:00,2025-02-12T05:00:00-00:00,2025-02-11,21,0,Hourly,RD,AS_CAISO,DAM,RD_CLR_PRC,0,23
2025-02-12T07:00:00-00:00,2025-02-12T08:00:00-00:00,2025-02-11,24,0,Hourly,RD,AS_CAISO_EXP,DAM,RD_CLR_PRC,7,23
2025-02-12T07:00:00-00:00,2025-02-12T08:00:00-00:00,2025-02-11,24,0,Hourly,RD,AS_SP26_EXP,DAM,RD_CLR_PRC,0,23
2025-02-11T08:00:00-00:00,2025-02-11T09:00:00-00:00,2025-02-11,1,0,Hourly,RD,AS_NP26_EXP,DAM,RD_CLR_PRC,0.99,23
2025-02-11T11:00:00-00:00,2025-02-11T12:00:00-00:00,2025-02-11,4,0,Hourly,RD,AS_NP26_EXP,DAM,RD_CLR_PRC,2.36894,23
2025-02-11T11:00:00-00:00,2025-02-11T12:00:00-00:00,2025-02-11,4,0,Hourly,RD,AS_SP26_EXP,DAM,RD_CLR_PRC,0,23
2025-02-11T14:00:00-00:00,2025-02-11T15:00:00-00:00,2025-02-11,7,0,Hourly,RD,AS_SP26_EXP,DAM,RD_CLR_PRC,0,23
2025-02-11T18:00:00-00:00,2025-02-11T19:00:00-00:00,2025-02-11,11,0,Hourly,RD,AS_NP26_EXP,DAM,RD_CLR_PRC,0,23
2025-02-11T20:00:00-00:00,2025-02-11T21:00:00-00:00,2025-02-11,13,0,Hourly,RD,AS_NP26,DAM,RD_CLR_PRC,0,23
2025-02-11T22:00:00-00:00,2025-02-11T23:00:00-00:00,2025-02-11,15,0,Hourly,RD,AS_NP26,DAM,RD_CLR_PRC,0,23
2025-02-12T00:00:00-00:00,2025-02-12T01:00:00-00:00,2025-02-11,17,0,Hourly,RD,AS_NP26_EXP,DAM,RD_CLR_PRC,13.34479,23
2025-02-12T01:00:00-00:00,2025-02-12T02:00:00-00:00,2025-02-11,18,0,Hourly,RD,AS_SP26,DAM,RD_CLR_PRC,0,23
2025-02-12T02:00:00-00:00,2025-02-12T03:00:00-00:00,2025-02-11,19,0,Hourly,RD,AS_SP26,DAM,RD_CLR_PRC,0,23
2025-02-12T03:00:00-00:00,2025-02-12T04:00:00-00:00,2025-02-11,20,0,Hourly,RD,AS_NP26_EXP,DAM,RD_CLR_PRC,0.99,23
2025-02-12T05:00:00-00:00,2025-02-12T06:00:00-00:00,2025-02-11,22,0,Hourly,RD,AS_NP26_EXP,DAM,RD_CLR_PRC,0.88282,23
2025-02-11T08:00:00-00:00,2025-02-11T09:00:00-00:00,2025-02-11,1,0,Hourly,RD,AS_CAISO,DAM,RD_CLR_PRC,0,23
2025-02-11T08:00:00-00:00,2025-02-11T09:00:00-00:00,2025-02-11,1,0,Hourly,RD,AS_SP26,DAM,RD_CLR_PRC,0,23
2025-02-11T09:00:00-00:00,2025-02-11T10:00:00-00:00,2025-02-11,2,0,Hourly,RD,AS_CAISO_EXP,DAM,RD_CLR_PRC,5.5,23
2025-02-11T09:00:00-00:00,2025-02-11T10:00:00-00:00,2025-02-11,2,0,Hourly,RD,AS_NP26,DAM,RD_CLR_PRC,0,23
2025-02-11T09:00:00-00:00,2025-02-11T10:00:00-00:00,2025-02-11,2,0,Hourly,RD,AS_SP26_EXP,DAM,RD_CLR_PRC,0,23
2025-02-11T10:00:00-00:00,2025-02-11T11:00:00-00:00,2025-02-11,3,0,Hourly,RD,AS_CAISO,DAM,RD_CLR_PRC,0,23
2025-02-11T10:00:00-00:00,2025-02-11T11:00:00-00:00,2025-02-11,3,0,Hourly,RD,AS_NP26_EXP,DAM,RD_CLR_PRC,4.40983,23
2025-02-11T12:00:00-00:00,2025-02-11T13:00:00-00:00,2025-02-11,5,0,Hourly,RD,AS_CAISO_EXP,DAM,RD_CLR_PRC,4.84705,23
2025-02-11T13:00:00-00:00,2025-02-11T14:00:00-00:00,2025-02-11,6,0,Hourly,RD,AS_NP26_EXP,DAM,RD_CLR_PRC,0.99,23
2025-02-11T14:00:00-00:00,2025-02-11T15:00:00-00:00,2025-02-11,7,0,Hourly,RD,AS_NP26,DAM,RD_CLR_PRC,0,23
2025-02-11T16:00:00-00:00,2025-02-11T17:00:00-00:00,2025-02-11,9,0,Hourly,RD,AS_NP26_EXP,DAM,RD_CLR_PRC,7.55567,23
2025-02-11T19:00:00-00:00,2025-02-11T20:00:00-00:00,2025-02-11,12,0,Hourly,RD,AS_NP26,DAM,RD_CLR_PRC,0,23
2025-02-11T19:00:00-00:00,2025-02-11T20:00:00-00:00,2025-02-11,12,0,Hourly,RD,AS_NP26_EXP,DAM,RD_CLR_PRC,1.41726,23
2025-02-11T21:00:00-00:00,2025-02-11T22:00:00-00:00,2025-02-11,14,0,Hourly,RD,AS_CAISO_EXP,DAM,RD_CLR_PRC,11.16533,23
2025-02-11T21:00:00-00:00,2025-02-11T22:00:00-00:00,2025-02-11,14,0,Hourly,RD,AS_SP26,DAM,RD_CLR_PRC,0,23
2025-02-11T23:00:00-00:00,2025-02-12T00:00:00-00:00,2025-02-11,16,0,Hourly,RD,AS_CAISO,DAM,RD_CLR_PRC,0,23
2025-02-11T23:00:00-00:00,2025-02-12T00:00:00-00:00,2025-02-11,16,0,Hourly,RD,AS_SP26,DAM,RD_CLR_PRC,0,23
2025-02-12T02:00:00-00:00,2025-02-12T03:00:00-00:00,2025-02-11,19,0,Hourly,RD,AS_SP26_EXP,DAM,RD_CLR_PRC,0,23
2025-02-12T03:00:00-00:00,2025-02-12T04:00:00-00:00,2025-02-11,20,0,Hourly,RD,AS_CAISO_EXP,DAM,RD_CLR_PRC,7,23
2025-02-12T04:00:00-00:00,2025-02-12T05:00:00-00:00,2025-02-11,21,0,Hourly,RD,AS_CAISO_EXP,DAM,RD_CLR_PRC,6.63,23
2025-02-12T04:00:00-00:00,2025-02-12T05:00:00-00:00,2025-02-11,21,0,Hourly,RD,AS_SP26_EXP,DAM,RD_CLR_PRC,0,23
2025-02-12T05:00:00-00:00,2025-02-12T06:00:00-00:00,2025-02-11,22,0,Hourly,RD,AS_NP26,DAM,RD_CLR_PRC,0,23
2025-02-12T05:00:00-00:00,2025-02-12T06:00:00-00:00,2025-02-11,22,0,Hourly,RD,AS_SP26_EXP,DAM,RD_CLR_PRC,0,23
2025-02-12T07:00:00-00:00,2025-02-12T08:00:00-00:00,2025-02-11,24,0,Hourly,RD,AS_NP26_EXP,DAM,RD_CLR_PRC,0.52782,23
2025-02-11T08:00:00-00:00,2025-02-11T09:00:00-00:00,2025-02-11,1,0,Hourly,RD,AS_SP26_EXP,DAM,RD_CLR_PRC,0,23
2025-02-11T09:00:00-00:00,2025-02-11T10:00:00-00:00,2025-02-11,2,0,Hourly,RD,AS_CAISO,DAM,RD_CLR_PRC,0,23
2025-02-11T09:00:00-00:00,2025-02-11T10:00:00-00:00,2025-02-11,2,0,Hourly,RD,AS_NP26_EXP,DAM,RD_CLR_PRC,2.49,23
2025-02-11T09:00:00-00:00,2025-02-11T10:00:00-00:00,2025-02-11,2,0,Hourly,RD,AS_SP26,DAM,RD_CLR_PRC,0,23
2025-02-11T11:00:00-00:00,2025-02-11T12:00:00-00:00,2025-02-11,4,0,Hourly,RD,AS_CAISO,DAM,RD_CLR_PRC,0,23
2025-02-11T12:00:00-00:00,2025-02-11T13:00:00-00:00,2025-02-11,5,0,Hourly,RD,AS_SP26,DAM,RD_CLR_PRC,0,23
2025-02-11T12:00:00-00:00,2025-02-11T13:00:00-00:00,2025-02-11,5,0,Hourly,RD,AS_SP26_EXP,DAM,RD_CLR_PRC,0,23
2025-02-11T13:00:00-00:00,2025-02-11T14:00:00-00:00,2025-02-11,6,0,Hourly,RD,AS_CAISO_EXP,DAM,RD_CLR_PRC,7,23
2025-02-12T18:00:00-00:00,2025-02-12T19:00:00-00:00,2025-02-12,11,0,Hourly,RD,AS_NP26_EXP,DAM,RD_CLR_PRC,9.08081,24
2025-02-12T19:00:00-00:00,2025-02-12T20:00:00-00:00,2025-02-12,12,0,Hourly,RD,AS_NP26,DAM,RD_CLR_PRC,0,24
2025-02-12T20:00:00-00:00,2025-02-12T21:00:00-00:00,2025-02-12,13,0,Hourly,RD,AS_CAISO,DAM,RD_CLR_PRC,0,24
2025-02-12T21:00:00-00:00,2025-02-12T22:00:00-00:00,2025-02-12,14,0,Hourly,RD,AS_NP26,DAM,RD_CLR_PRC,0,24
2025-02-12T22:00:00-00:00,2025-02-12T23:00:00-00:00,2025-02-12,15,0,Hourly,RD,AS_CAISO_EXP,DAM,RD_CLR_PRC,4.03525,24
2025-02-12T23:00:00-00:00,2025-02-13T00:00:00-00:00,2025-02-12,16,0,Hourly,RD,AS_CAISO_EXP,DAM,RD_CLR_PRC,7.52086,24
2025-02-13T00:00:00-00:00,2025-02-13T01:00:00-00:00,2025-02-12,17,0,Hourly,RD,AS_NP26_EXP,DAM,RD_CLR_PRC,6.75617,24
2025-02-13T00:00:00-00:00,2025-02-13T01:00:00-00:00,2025-02-12,17,0,Hourly,RD,AS_SP26,DAM,RD_CLR_PRC,0,24
2025-02-13T01:00:00-00:00,2025-02-13T02:00:00-00:00,2025-02-12,18,0,Hourly,RD,AS_NP26_EXP,DAM,RD_CLR_PRC,6.2,24
2025-02-13T01:00:00-00:00,2025-02-13T02:00:00-00:00,2025-02-12,18,0,Hourly,RD,AS_SP26,DAM,RD_CLR_PRC,0,24
2025-02-13T01:00:00-00:00,2025-02-13T02:00:00-00:00,2025-02-12,18,0,Hourly,RD,AS_SP26_EXP,DAM,RD_CLR_PRC,0,24
2025-02-13T03:00:00-00:00,2025-02-13T04:00:00-00:00,2025-02-12,20,0,Hourly,RD,AS_CAISO,DAM,RD_CLR_PRC,0,24
2025-02-13T03:00:00-00:00,2025-02-13T04:00:00-00:00,2025-02-12,20,0,Hourly,RD,AS_NP26,DAM,RD_CLR_PRC,0,24
2025-02-13T05:00:00-00:00,2025-02-13T06:00:00-00:00,2025-02-12,22,0,Hourly,RD,AS_CAISO,DAM,RD_CLR_PRC,0,24
2025-02-13T06:00:00-00:00,2025-02-13T07:00:00-00:00,2025-02-12,23,0,Hourly,RD,AS_NP26_EXP,DAM,RD_CLR_PRC,0.24,24
2025-02-13T07:00:00-00:00,2025-02-13T08:00:00-00:00,2025-02-12,24,0,Hourly,RD,AS_NP26_EXP,DAM,RD_CLR_PRC,7.12,24
2025-02-12T16:00:00-00:00,2025-02-12T17:00:00-00:00,2025-02-12,9,0,Hourly,RD,AS_NP26,DAM,RD_CLR_PRC,0,24
2025-02-12T17:00:00-00:00,2025-02-12T18:00:00-00:00,2025-02-12,10,0,Hourly,RD,AS_NP26,DAM,RD_CLR_PRC,0,24
2025-02-12T17:00:00-00:00,2025-02-12T18:00:00-00:00,2025-02-12,10,0,Hourly,RD,AS_SP26,DAM,RD_CLR_PRC,0,24
2025-02-12T18:00:00-00:00,2025-02-12T19:00:00-00:00,2025-02-12,11,0,Hourly,RD,AS_CAISO,DAM,RD_CLR_PRC,0,24
2025-02-12T18:00:00-00:00,2025-02-12T19:00:00-00:00,2025-02-12,11,0,Hourly,RD,AS_SP26_EXP,DAM,RD_CLR_PRC,0,24
2025-02-12T23:00:00-00:00,2025-02-13T00:00:00-00:00,2025-02-12,16,0,Hourly,RD,AS_NP26_EXP,DAM,RD_CLR_PRC,10.82165,24
2025-02-13T00:00:00-00:00,2025-02-13T01:00:00-00:00,2025-02-12,17,0,Hourly,RD,AS_NP26,DAM,RD_CLR_PRC,0,24
2025-02-13T01:00:00-00:00,2025-02-13T02:00:00-00:00,2025-02-12,18,0,Hourly,RD,AS_CAISO_EXP,DAM,RD_CLR_PRC,8.8,24
2025-02-13T02:00:00-00:00,2025-02-13T03:00:00-00:00,2025-02-12,19,0,Hourly,RD,AS_CAISO,DAM,RD_CLR_PRC,0,24
2025-02-13T03:00:00-00:00,2025-02-13T04:00:00-00:00,2025-02-12,20,0,Hourly,RD,AS_CAISO_EXP,DAM,RD_CLR_PRC,4.08,24
2025-02-13T03:00:00-00:00,2025-02-13T04:00:00-00:00,2025-02-12,20,0,Hourly,RD,AS_SP26_EXP,DAM,RD_CLR_PRC,0,24
2025-02-13T04:00:00-00:00,2025-02-13T05:00:00-00:00,2025-02-12,21,0,Hourly,RD,AS_CAISO,DAM,RD_CLR_PRC,0,24
2025-02-13T04:00:00-00:00,2025-02-13T05:00:00-00:00,2025-02-12,21,0,Hourly,RD,AS_NP26,DAM,RD_CLR_PRC,0,24
2025-02-13T04:00:00-00:00,2025-02-13T05:00:00-00:00,2025-02-12,21,0,Hourly,RD,AS_SP26,DAM,RD_CLR_PRC,0,24
2025-02-13T05:00:00-00:00,2025-02-13T06:00:00-00:00,2025-02-12,22,0,Hourly,RD,AS_CAISO_EXP,DAM,RD_CLR_PRC,2,24
2025-02-12T08:00:00-00:00,2025-02-12T09:00:00-00:00,2025-02-12,1,0,Hourly,RD,AS_SP26,DAM,RD_CLR_PRC,0,24
2025-02-12T10:00:00-00:00,2025-02-12T11:00:00-00:00,2025-02-12,3,0,Hourly,RD,AS_NP26,DAM,RD_CLR_PRC,0,24
2025-02-12T10:00:00-00:00,2025-02-12T11:00:00-00:00,2025-02-12,3,0,Hourly,RD,AS_SP26_EXP,DAM,RD_CLR_PRC,0,24
2025-02-12T12:00:00-00:00,2025-02-12T13:00:00-00:00,2025-02-12,5,0,Hourly,RD,AS_NP26,DAM,RD_CLR_PRC,0,24
2025-02-12T12:00:00-00:00,2025-02-12T13:00:00-00:00,2025-02-12,5,0,Hourly,RD,AS_SP26,DAM,RD_CLR_PRC,0,24
2025-02-12T13:00:00-00:00,2025-02-12T14:00:00-00:00,2025-02-12,6,0,Hourly,RD,AS_SP26,DAM,RD_CLR_PRC,0,24
2025-02-12T14:00:00-00:00,2025-02-12T15:00:00-00:00,2025-02-12,7,0,Hourly,RD,AS_NP26_EXP,DAM,RD_CLR_PRC,4.89,24
2025-02-12T17:00:00-00:00,2025-02-12T18:00:00-00:00,2025-02-12,10,0,Hourly,RD,AS_SP26_EXP,DAM,RD_CLR_PRC,0,24
2025-02-12T19:00:00-00:00,2025-02-12T20:00:00-00:00,2025-02-12,12,0,Hourly,RD,AS_NP26_EXP,DAM,RD_CLR_PRC,7.53219,24
2025-02-12T20:00:00-00:00,2025-02-12T21:00:00-00:00,2025-02-12,13,0,Hourly,RD,AS_NP26_EXP,DAM,RD_CLR_PRC,8.95904,24
2025-02-12T21:00:00-00:00,2025-02-12T22:00:00-00:00,2025-02-12,14,0,Hourly,RD,AS_CAISO,DAM,RD_CLR_PRC,0,24
2025-02-12T21:00:00-00:00,2025-02-12T22:00:00-00:00,2025-02-12,14,0,Hourly,RD,AS_CAISO_EXP,DAM,RD_CLR_PRC,4.73395,24
2025-02-12T21:00:00-00:00,2025-02-12T22:00:00-00:00,2025-02-12,14,0,Hourly,RD,AS_SP26,DAM,RD_CLR_PRC,0,24
2025-02-12T22:00:00-00:00,2025-02-12T23:00:00-00:00,2025-02-12,15,0,Hourly,RD,AS_NP26_EXP,DAM,RD_CLR_PRC,11.53475,24
2025-02-12T22:00:00-00:00,2025-02-12T23:00:00-00:00,2025-02-12,15,0,Hourly,RD,AS_SP26_EXP,DAM,RD_CLR_PRC,0,24
2025-02-12T23:00:00-00:00,2025-02-13T00:00:00-00:00,2025-02-12,16,0,Hourly,RD,AS_SP26,DAM,RD_CLR_PRC,0,24
2025-02-13T00:00:00-00:00,2025-02-13T01:00:00-00:00,2025-02-12,17,0,Hourly,RD,AS_CAISO,DAM,RD_CLR_PRC,0,24
2025-02-13T00:00:00-00:00,2025-02-13T01:00:00-00:00,2025-02-12,17,0,Hourly,RD,AS_CAISO_EXP,DAM,RD_CLR_PRC,9.62997,24
2025-02-13T00:00:00-00:00,2025-02-13T01:00:00-00:00,2025-02-12,17,0,Hourly,RD,AS_SP26_EXP,DAM,RD_CLR_PRC,0,24
2025-02-13T01:00:00-00:00,2025-02-13T02:00:00-00:00,2025-02-12,18,0,Hourly,RD,AS_CAISO,DAM,RD_CLR_PRC,0,24
2025-02-13T02:00:00-00:00,2025-02-13T03:00:00-00:00,2025-02-12,19,0,Hourly,RD,AS_NP26_EXP,DAM,RD_CLR_PRC,7,24
2025-02-13T02:00:00-00:00,2025-02-13T03:00:00-00:00,2025-02-12,19,0,Hourly,RD,AS_SP26_EXP,DAM,RD_CLR_PRC,0,24
2025-02-13T05:00:00-00:00,2025-02-13T06:00:00-00:00,2025-02-12,22,0,Hourly,RD,AS_SP26,DAM,RD_CLR_PRC,0,24
2025-02-13T07:00:00-00:00,2025-02-13T08:00:00-00:00,2025-02-12,24,0,Hourly,RD,AS_CAISO,DAM,RD_CLR_PRC,0,24
2025-02-13T07:00:00-00:00,2025-02-13T08:00:00-00:00,2025-02-12,24,0,Hourly,RD,AS_NP26,DAM,RD_CLR_PRC,0,24
2025-02-12T09:00:00-00:00,2025-02-12T10:00:00-00:00,2025-02-12,2,0,Hourly,RD,AS_CAISO,DAM,RD_CLR_PRC,0,24
2025-02-12T09:00:00-00:00,2025-02-12T10:00:00-00:00,2025-02-12,2,0,Hourly,RD,AS_CAISO_EXP,DAM,RD_CLR_PRC,2.95118,24
2025-02-12T10:00:00-00:00,2025-02-12T11:00:00-00:00,2025-02-12,3,0,Hourly,RD,AS_NP26_EXP,DAM,RD_CLR_PRC,6.22763,24
2025-02-12T11:00:00-00:00,2025-02-12T12:00:00-00:00,2025-02-12,4,0,Hourly,RD,AS_CAISO,DAM,RD_CLR_PRC,0,24
2025-02-12T11:00:00-00:00,2025-02-12T12:00:00-00:00,2025-02-12,4,0,Hourly,RD,AS_CAISO_EXP,DAM,RD_CLR_PRC,3,24
2025-02-12T13:00:00-00:00,2025-02-12T14:00:00-00:00,2025-02-12,6,0,Hourly,RD,AS_SP26_EXP,DAM,RD_CLR_PRC,0,24
2025-02-12T14:00:00-00:00,2025-02-12T15:00:00-00:00,2025-02-12,7,0,Hourly,RD,AS_NP26,DAM,RD_CLR_PRC,0,24
2025-02-12T14:00:00-00:00,2025-02-12T15:00:00-00:00,2025-02-12,7,0,Hourly,RD,AS_SP26,DAM,RD_CLR_PRC,0,24
2025-02-12T15:00:00-00:00,2025-02-12T16:00:00-00:00,2025-02-12,8,0,Hourly,RD,AS_SP26_EXP,DAM,RD_CLR_PRC,0,24
2025-02-12T18:00:00-00:00,2025-02-12T19:00:00-00:00,2025-02-12,11,0,Hourly,RD,AS_CAISO_EXP,DAM,RD_CLR_PRC,3.73994,24
2025-02-12T19:00:00-00:00,2025-02-12T20:00:00-00:00,2025-02-12,12,0,Hourly,RD,AS_CAISO,DAM,RD_CLR_PRC,0,24
2025-02-12T19:00:00-00:00,2025-02-12T20:00:00-00:00,2025-02-12,12,0,Hourly,RD,AS_SP26_EXP,DAM,RD_CLR_PRC,0,24
2025-02-12T21:00:00-00:00,2025-02-12T22:00:00-00:00,2025-02-12,14,0,Hourly,RD,AS_SP26_EXP,DAM,RD_CLR_PRC,0,24
2025-02-13T01:00:00-00:00,2025-02-13T02:00:00-00:00,2025-02-12,18,0,Hourly,RD,AS_NP26,DAM,RD_CLR_PRC,0,24
2025-02-13T02:00:00-00:00,2025-02-13T03:00:00-00:00,2025-02-12,19,0,Hourly,RD,AS_CAISO_EXP,DAM,RD_CLR_PRC,8,24
2025-02-13T04:00:00-00:00,2025-02-13T05:00:00-00:00,2025-02-12,21,0,Hourly,RD,AS_NP26_EXP,DAM,RD_CLR_PRC,8.89,24
2025-02-13T06:00:00-00:00,2025-02-13T07:00:00-00:00,2025-02-12,23,0,Hourly,RD,AS_CAISO_EXP,DAM,RD_CLR_PRC,6.76,24
2025-02-13T06:00:00-00:00,2025-02-13T07:00:00-00:00,2025-02-12,23,0,Hourly,RD,AS_NP26,DAM,RD_CLR_PRC,0,24
2025-02-12T08:00:00-00:00,2025-02-12T09:00:00-00:00,2025-02-12,1,0,Hourly,RD,AS_CAISO_EXP,DAM,RD_CLR_PRC,2.9,24
2025-02-12T08:00:00-00:00,2025-02-12T09:00:00-00:00,2025-02-12,1,0,Hourly,RD,AS_SP26_EXP,DAM,RD_CLR_PRC,0,24
2025-02-12T11:00:00-00:00,2025-02-12T12:00:00-00:00,2025-02-12,4,0,Hourly,RD,AS_NP26,DAM,RD_CLR_PRC,0,24
2025-02-12T12:00:00-00:00,2025-02-12T13:00:00-00:00,2025-02-12,5,0,Hourly,RD,AS_SP26_EXP,DAM,RD_CLR_PRC,0,24
2025-02-12T15:00:00-00:00,2025-02-12T16:00:00-00:00,2025-02-12,8,0,Hourly,RD,AS_CAISO_EXP,DAM,RD_CLR_PRC,9.72,24
2025-02-12T16:00:00-00:00,2025-02-12T17:00:00-00:00,2025-02-12,9,0,Hourly,RD,AS_SP26_EXP,DAM,RD_CLR_PRC,0,24
2025-02-13T07:00:00-00:00,2025-02-13T08:00:00-00:00,2025-02-12,24,0,Hourly,RD,AS_CAISO_EXP,DAM,RD_CLR_PRC,5.18,24
2025-02-12T10:00:00-00:00,2025-02-12T11:00:00-00:00,2025-02-12,3,0,Hourly,RD,AS_CAISO,DAM,RD_CLR_PRC,0,24
2025-02-12T11:00:00-00:00,2025-02-12T12:00:00-00:00,2025-02-12,4,0,Hourly,RD,AS_NP26_EXP,DAM,RD_CLR_PRC,0,24
2025-02-12T12:00:00-00:00,2025-02-12T13:00:00-00:00,2025-02-12,5,0,Hourly,RD,AS_CAISO_EXP,DAM,RD_CLR_PRC,0.5,24
2025-02-12T15:00:00-00:00,2025-02-12T16:00:00-00:00,2025-02-12,8,0,Hourly,RD,AS_CAISO,DAM,RD_CLR_PRC,0,24
2025-02-12T16:00:00-00:00,2025-02-12T17:00:00-00:00,2025-02-12,9,0,Hourly,RD,AS_CAISO_EXP,DAM,RD_CLR_PRC,3.55525,24
2025-02-12T17:00:00-00:00,2025-02-12T18:00:00-00:00,2025-02-12,10,0,Hourly,RD,AS_NP26_EXP,DAM,RD_CLR_PRC,15.97672,24
2025-02-12T19:00:00-00:00,2025-02-12T20:00:00-00:00,2025-02-12,12,0,Hourly,RD,AS_SP26,DAM,RD_CLR_PRC,0,24
2025-02-12T20:00:00-00:00,2025-02-12T21:00:00-00:00,2025-02-12,13,0,Hourly,RD,AS_CAISO_EXP,DAM,RD_CLR_PRC,6.04096,24
2025-02-12T20:00:00-00:00,2025-02-12T21:00:00-00:00,2025-02-12,13,0,Hourly,RD,AS_NP26,DAM,RD_CLR_PRC,0,24
2025-02-12T22:00:00-00:00,2025-02-12T23:00:00-00:00,2025-02-12,15,0,Hourly,RD,AS_NP26,DAM,RD_CLR_PRC,0,24
2025-02-13T04:00:00-00:00,2025-02-13T05:00:00-00:00,2025-02-12,21,0,Hourly,RD,AS_SP26_EXP,DAM,RD_CLR_PRC,0,24
2025-02-13T05:00:00-00:00,2025-02-13T06:00:00-00:00,2025-02-12,22,0,Hourly,RD,AS_NP26_EXP,DAM,RD_CLR_PRC,8.37014,24
2025-02-13T05:00:00-00:00,2025-02-13T06:00:00-00:00,2025-02-12,22,0,Hourly,RD,AS_SP26_EXP,DAM,RD_CLR_PRC,0,24
2025-02-13T06:00:00-00:00,2025-02-13T07:00:00-00:00,2025-02-12,23,0,Hourly,RD,AS_SP26,DAM,RD_CLR_PRC,0,24
2025-02-12T08:00:00-00:00,2025-02-12T09:00:00-00:00,2025-02-12,1,0,Hourly,RD,AS_NP26,DAM,RD_CLR_PRC,0,24
2025-02-12T09:00:00-00:00,2025-02-12T10:00:00-00:00,2025-02-12,2,0,Hourly,RD,AS_NP26_EXP,DAM,RD_CLR_PRC,8.49818,24
2025-02-12T10:00:00-00:00,2025-02-12T11:00:00-00:00,2025-02-12,3,0,Hourly,RD,AS_SP26,DAM,RD_CLR_PRC,0,24
2025-02-12T11:00:00-00:00,2025-02-12T12:00:00-00:00,2025-02-12,4,0,Hourly,RD,AS_SP26,DAM,RD_CLR_PRC,0,24
2025-02-12T13:00:00-00:00,2025-02-12T14:00:00-00:00,2025-02-12,6,0,Hourly,RD,AS_CAISO_EXP,DAM,RD_CLR_PRC,6.27563,24
2025-02-12T16:00:00-00:00,2025-02-12T17:00:00-00:00,2025-02-12,9,0,Hourly,RD,AS_SP26,DAM,RD_CLR_PRC,0,24
2025-02-12T18:00:00-00:00,2025-02-12T19:00:00-00:00,2025-02-12,11,0,Hourly,RD,AS_SP26,DAM,RD_CLR_PRC,0,24
2025-02-12T19:00:00-00:00,2025-02-12T20:00:00-00:00,2025-02-12,12,0,Hourly,RD,AS_CAISO_EXP,DAM,RD_CLR_PRC,4.0405,24
2025-02-12T20:00:00-00:00,2025-02-12T21:00:00-00:00,2025-02-12,13,0,Hourly,RD,AS_SP26,DAM,RD_CLR_PRC,0,24
2025-02-12T23:00:00-00:00,2025-02-13T00:00:00-00:00,2025-02-12,16,0,Hourly,RD,AS_NP26,DAM,RD_CLR_PRC,0,24
2025-02-13T02:00:00-00:00,2025-02-13T03:00:00-00:00,2025-02-12,19,0,Hourly,RD,AS_SP26,DAM,RD_CLR_PRC,0,24
2025-02-13T03:00:00-00:00,2025-02-13T04:00:00-00:00,2025-02-12,20,0,Hourly,RD,AS_NP26_EXP,DAM,RD_CLR_PRC,8.61741,24
2025-02-13T03:00:00-00:00,2025-02-13T04:00:00-00:00,2025-02-12,20,0,Hourly,RD,AS_SP26,DAM,RD_CLR_PRC,0,24
2025-02-13T05:00:00-00:00,2025-02-13T06:00:00-00:00,2025-02-12,22,0,Hourly,RD,AS_NP26,DAM,RD_CLR_PRC,0,24
2025-02-13T07:00:00-00:00,2025-02-13T08:00:00-00:00,2025-02-12,24,0,Hourly,RD,AS_SP26,DAM,RD_CLR_PRC,0,24
2025-02-13T07:00:00-00:00,2025-02-13T08:00:00-00:00,2025-02-12,24,0,Hourly,RD,AS_SP26_EXP,DAM,RD_CLR_PRC,0,24
2025-02-12T08:00:00-00:00,2025-02-12T09:00:00-00:00,2025-02-12,1,0,Hourly,RD,AS_CAISO,DAM,RD_CLR_PRC,0,24
2025-02-12T09:00:00-00:00,2025-02-12T10:00:00-00:00,2025-02-12,2,0,Hourly,RD,AS_SP26,DAM,RD_CLR_PRC,0,24
2025-02-12T09:00:00-00:00,2025-02-12T10:00:00-00:00,2025-02-12,2,0,Hourly,RD,AS_SP26_EXP,DAM,RD_CLR_PRC,0,24
2025-02-12T10:00:00-00:00,2025-02-12T11:00:00-00:00,2025-02-12,3,0,Hourly,RD,AS_CAISO_EXP,DAM,RD_CLR_PRC,2.81896,24
2025-02-12T11:00:00-00:00,2025-02-12T12:00:00-00:00,2025-02-12,4,0,Hourly,RD,AS_SP26_EXP,DAM,RD_CLR_PRC,0,24
2025-02-12T12:00:00-00:00,2025-02-12T13:00:00-00:00,2025-02-12,5,0,Hourly,RD,AS_NP26_EXP,DAM,RD_CLR_PRC,8.64878,24
2025-02-12T14:00:00-00:00,2025-02-12T15:00:00-00:00,2025-02-12,7,0,Hourly,RD,AS_CAISO,DAM,RD_CLR_PRC,0,24
2025-02-12T23:00:00-00:00,2025-02-13T00:00:00-00:00,2025-02-12,16,0,Hourly,RD,AS_CAISO,DAM,RD_CLR_PRC,0,24
2025-02-13T02:00:00-00:00,2025-02-13T03:00:00-00:00,2025-02-12,19,0,Hourly,RD,AS_NP26,DAM,RD_CLR_PRC,0,24
2025-02-13T04:00:00-00:00,2025-02-13T05:00:00-00:00,2025-02-12,21,0,Hourly,RD,AS_CAISO_EXP,DAM,RD_CLR_PRC,2,24
2025-02-13T06:00:00-00:00,2025-02-13T07:00:00-00:00,2025-02-12,23,0,Hourly,RD,AS_CAISO,DAM,RD_CLR_PRC,0,24
2025-02-13T06:00:00-00:00,2025-02-13T07:00:00-00:00,2025-02-12,23,0,Hourly,RD,AS_SP26_EXP,DAM,RD_CLR_PRC,0,24
2025-02-12T08:00:00-00:00,2025-02-12T09:00:00-00:00,2025-02-12,1,0,Hourly,RD,AS_NP26_EXP,DAM,RD_CLR_PRC,5.85491,24
2025-02-12T09:00:00-00:00,2025-02-12T10:00:00-00:00,2025-02-12,2,0,Hourly,RD,AS_NP26,DAM,RD_CLR_PRC,0,24
2025-02-12T13:00:00-00:00,2025-02-12T14:00:00-00:00,2025-02-12,6,0,Hourly,RD,AS_NP26,DAM,RD_CLR_PRC,0,24
2025-02-12T14:00:00-00:00,2025-02-12T15:00:00-00:00,2025-02-12,7,0,Hourly,RD,AS_CAISO_EXP,DAM,RD_CLR_PRC,10.11,24
2025-02-12T15:00:00-00:00,2025-02-12T16:00:00-00:00,2025-02-12,8,0,Hourly,RD,AS_NP26,DAM,RD_CLR_PRC,0,24
2025-02-12T16:00:00-00:00,2025-02-12T17:00:00-00:00,2025-02-12,9,0,Hourly,RD,AS_CAISO,DAM,RD_CLR_PRC,0,24
2025-02-12T16:00:00-00:00,2025-02-12T17:00:00-00:00,2025-02-12,9,0,Hourly,RD,AS_NP26_EXP,DAM,RD_CLR_PRC,30.42475,24
2025-02-12T17:00:00-00:00,2025-02-12T18:00:00-00:00,2025-02-12,10,0,Hourly,RD,AS_CAISO,DAM,RD_CLR_PRC,0,24
2025-02-12T17:00:00-00:00,2025-02-12T18:00:00-00:00,2025-02-12,10,0,Hourly,RD,AS_CAISO_EXP,DAM,RD_CLR_PRC,3.67882,24
2025-02-12T18:00:00-00:00,2025-02-12T19:00:00-00:00,2025-02-12,11,0,Hourly,RD,AS_NP26,DAM,RD_CLR_PRC,0,24
2025-02-12T20:00:00-00:00,2025-02-12T21:00:00-00:00,2025-02-12,13,0,Hourly,RD,AS_SP26_EXP,DAM,RD_CLR_PRC,0,24
2025-02-12T21:00:00-00:00,2025-02-12T22:00:00-00:00,2025-02-12,14,0,Hourly,RD,AS_NP26_EXP,DAM,RD_CLR_PRC,9.94168,24
2025-02-12T22:00:00-00:00,2025-02-12T23:00:00-00:00,2025-02-12,15,0,Hourly,RD,AS_CAISO,DAM,RD_CLR_PRC,0,24
2025-02-12T22:00:00-00:00,2025-02-12T23:00:00-00:00,2025-02-12,15,0,Hourly,RD,AS_SP26,DAM,RD_CLR_PRC,0,24
2025-02-12T23:00:00-00:00,2025-02-13T00:00:00-00:00,2025-02-12,16,0,Hourly,RD,AS_SP26_EXP,DAM,RD_CLR_PRC,0,24
2025-02-12T12:00:00-00:00,2025-02-12T13:00:00-00:00,2025-02-12,5,0,Hourly,RD,AS_CAISO,DAM,RD_CLR_PRC,0,24
2025-02-12T13:00:00-00:00,2025-02-12T14:00:00-00:00,2025-02-12,6,0,Hourly,RD,AS_CAISO,DAM,RD_CLR_PRC,0,24
2025-02-12T13:00:00-00:00,2025-02-12T14:00:00-00:00,2025-02-12,6,0,Hourly,RD,AS_NP26_EXP,DAM,RD_CLR_PRC,5.68043,24
2025-02-12T14:00:00-00:00,2025-02-12T15:00:00-00:00,2025-02-12,7,0,Hourly,RD,AS_SP26_EXP,DAM,RD_CLR_PRC,0,24
2025-02-12T15:00:00-00:00,2025-02-12T16:00:00-00:00,2025-02-12,8,0,Hourly,RD,AS_NP26_EXP,DAM,RD_CLR_PRC,9.02683,24
2025-02-12T15:00:00-00:00,2025-02-12T16:00:00-00:00,2025-02-12,8,0,Hourly,RD,AS_SP26,DAM,RD_CLR_PRC,0,24
2025-02-13T14:00:00-00:00,2025-02-13T15:00:00-00:00,2025-02-13,7,0,Hourly,RD,AS_CAISO_EXP,DAM,RD_CLR_PRC,5.84162,25
2025-02-13T08:00:00-00:00,2025-02-13T09:00:00-00:00,2025-02-13,1,0,Hourly,RD,AS_CAISO,DAM,RD_CLR_PRC,0,25
2025-02-13T11:00:00-00:00,2025-02-13T12:00:00-00:00,2025-02-13,4,0,Hourly,RD,AS_SP26,DAM,RD_CLR_PRC,0,25
2025-02-13T12:00:00-00:00,2025-02-13T13:00:00-00:00,2025-02-13,5,0,Hourly,RD,AS_SP26_EXP,DAM,RD_CLR_PRC,0,25
2025-02-13T18:00:00-00:00,2025-02-13T19:00:00-00:00,2025-02-13,11,0,Hourly,RD,AS_CAISO,DAM,RD_CLR_PRC,0,25
2025-02-13T18:00:00-00:00,2025-02-13T19:00:00-00:00,2025-02-13,11,0,Hourly,RD,AS_CAISO_EXP,DAM,RD_CLR_PRC,2.25,25
2025-02-13T18:00:00-00:00,2025-02-13T19:00:00-00:00,2025-02-13,11,0,Hourly,RD,AS_SP26,DAM,RD_CLR_PRC,0,25
2025-02-13T18:00:00-00:00,2025-02-13T19:00:00-00:00,2025-02-13,11,0,Hourly,RD,AS_SP26_EXP,DAM,RD_CLR_PRC,0,25
2025-02-13T20:00:00-00:00,2025-02-13T21:00:00-00:00,2025-02-13,13,0,Hourly,RD,AS_SP26,DAM,RD_CLR_PRC,0,25
2025-02-13T22:00:00-00:00,2025-02-13T23:00:00-00:00,2025-02-13,15,0,Hourly,RD,AS_SP26_EXP,DAM,RD_CLR_PRC,0,25
2025-02-14T00:00:00-00:00,2025-02-14T01:00:00-00:00,2025-02-13,17,0,Hourly,RD,AS_SP26_EXP,DAM,RD_CLR_PRC,0,25
2025-02-14T02:00:00-00:00,2025-02-14T03:00:00-00:00,2025-02-13,19,0,Hourly,RD,AS_NP26,DAM,RD_CLR_PRC,0,25
2025-02-14T03:00:00-00:00,2025-02-14T04:00:00-00:00,2025-02-13,20,0,Hourly,RD,AS_NP26_EXP,DAM,RD_CLR_PRC,12.35,25
2025-02-14T03:00:00-00:00,2025-02-14T04:00:00-00:00,2025-02-13,20,0,Hourly,RD,AS_SP26_EXP,DAM,RD_CLR_PRC,0,25
2025-02-14T04:00:00-00:00,2025-02-14T05:00:00-00:00,2025-02-13,21,0,Hourly,RD,AS_NP26,DAM,RD_CLR_PRC,0,25
2025-02-14T06:00:00-00:00,2025-02-14T07:00:00-00:00,2025-02-13,23,0,Hourly,RD,AS_CAISO,DAM,RD_CLR_PRC,0,25
2025-02-14T02:00:00-00:00,2025-02-14T03:00:00-00:00,2025-02-13,19,0,Hourly,RD,AS_CAISO,DAM,RD_CLR_PRC,0,25
2025-02-14T02:00:00-00:00,2025-02-14T03:00:00-00:00,2025-02-13,19,0,Hourly,RD,AS_CAISO_EXP,DAM,RD_CLR_PRC,4.76,25
2025-02-14T04:00:00-00:00,2025-02-14T05:00:00-00:00,2025-02-13,21,0,Hourly,RD,AS_SP26_EXP,DAM,RD_CLR_PRC,0,25
2025-02-14T05:00:00-00:00,2025-02-14T06:00:00-00:00,2025-02-13,22,0,Hourly,RD,AS_SP26,DAM,RD_CLR_PRC,0,25
2025-02-13T10:00:00-00:00,2025-02-13T11:00:00-00:00,2025-02-13,3,0,Hourly,RD,AS_CAISO,DAM,RD_CLR_PRC,0,25
2025-02-13T11:00:00-00:00,2025-02-13T12:00:00-00:00,2025-02-13,4,0,Hourly,RD,AS_NP26_EXP,DAM,RD_CLR_PRC,0.9068,25
2025-02-13T16:00:00-00:00,2025-02-13T17:00:00-00:00,2025-02-13,9,0,Hourly,RD,AS_CAISO_EXP,DAM,RD_CLR_PRC,7.2458,25
2025-02-13T16:00:00-00:00,2025-02-13T17:00:00-00:00,2025-02-13,9,0,Hourly,RD,AS_NP26,DAM,RD_CLR_PRC,0,25
2025-02-13T16:00:00-00:00,2025-02-13T17:00:00-00:00,2025-02-13,9,0,Hourly,RD,AS_SP26_EXP,DAM,RD_CLR_PRC,0,25
2025-02-13T19:00:00-00:00,2025-02-13T20:00:00-00:00,2025-02-13,12,0,Hourly,RD,AS_CAISO,DAM,RD_CLR_PRC,0,25
2025-02-14T02:00:00-00:00,2025-02-14T03:00:00-00:00,2025-02-13,19,0,Hourly,RD,AS_NP26_EXP,DAM,RD_CLR_PRC,26.79,25
2025-02-14T03:00:00-00:00,2025-02-14T04:00:00-00:00,2025-02-13,20,0,Hourly,RD,AS_SP26,DAM,RD_CLR_PRC,0,25
2025-02-14T04:00:00-00:00,2025-02-14T05:00:00-00:00,2025-02-13,21,0,Hourly,RD,AS_NP26_EXP,DAM,RD_CLR_PRC,8.15964,25
2025-02-14T05:00:00-00:00,2025-02-14T06:00:00-00:00,2025-02-13,22,0,Hourly,RD,AS_NP26,DAM,RD_CLR_PRC,0,25
2025-02-14T06:00:00-00:00,2025-02-14T07:00:00-00:00,2025-02-13,23,0,Hourly,RD,AS_NP26,DAM,RD_CLR_PRC,0,25
2025-02-14T06:00:00-00:00,2025-02-14T07:00:00-00:00,2025-02-13,23,0,Hourly,RD,AS_SP26,DAM,RD_CLR_PRC,0,25
2025-02-14T07:00:00-00:00,2025-02-14T08:00:00-00:00,2025-02-13,24,0,Hourly,RD,AS_CAISO,DAM,RD_CLR_PRC,0,25
2025-02-14T07:00:00-00:00,2025-02-14T08:00:00-00:00,2025-02-13,24,0,Hourly,RD,AS_SP26_EXP,DAM,RD_CLR_PRC,0,25
2025-02-14T06:00:00-00:00,2025-02-14T07:00:00-00:00,2025-02-13,23,0,Hourly,RD,AS_CAISO_EXP,DAM,RD_CLR_PRC,2.76,25
2025-02-14T06:00:00-00:00,2025-02-14T07:00:00-00:00,2025-02-13,23,0,Hourly,RD,AS_SP26_EXP,DAM,RD_CLR_PRC,0,25
2025-02-13T08:00:00-00:00,2025-02-13T09:00:00-00:00,2025-02-13,1,0,Hourly,RD,AS_CAISO_EXP,DAM,RD_CLR_PRC,2.8884,25
2025-02-13T09:00:00-00:00,2025-02-13T10:00:00-00:00,2025-02-13,2,0,Hourly,RD,AS_CAISO,DAM,RD_CLR_PRC,0,25
2025-02-13T09:00:00-00:00,2025-02-13T10:00:00-00:00,2025-02-13,2,0,Hourly,RD,AS_NP26,DAM,RD_CLR_PRC,0,25
2025-02-13T10:00:00-00:00,2025-02-13T11:00:00-00:00,2025-02-13,3,0,Hourly,RD,AS_NP26,DAM,RD_CLR_PRC,0,25
2025-02-13T10:00:00-00:00,2025-02-13T11:00:00-00:00,2025-02-13,3,0,Hourly,RD,AS_NP26_EXP,DAM,RD_CLR_PRC,1.65,25
2025-02-13T11:00:00-00:00,2025-02-13T12:00:00-00:00,2025-02-13,4,0,Hourly,RD,AS_NP26,DAM,RD_CLR_PRC,0,25
2025-02-13T13:00:00-00:00,2025-02-13T14:00:00-00:00,2025-02-13,6,0,Hourly,RD,AS_NP26_EXP,DAM,RD_CLR_PRC,4.08598,25
2025-02-13T15:00:00-00:00,2025-02-13T16:00:00-00:00,2025-02-13,8,0,Hourly,RD,AS_NP26,DAM,RD_CLR_PRC,0,25
2025-02-13T15:00:00-00:00,2025-02-13T16:00:00-00:00,2025-02-13,8,0,Hourly,RD,AS_NP26_EXP,DAM,RD_CLR_PRC,11.18266,25
2025-02-13T16:00:00-00:00,2025-02-13T17:00:00-00:00,2025-02-13,9,0,Hourly,RD,AS_SP26,DAM,RD_CLR_PRC,0,25
2025-02-13T17:00:00-00:00,2025-02-13T18:00:00-00:00,2025-02-13,10,0,Hourly,RD,AS_NP26,DAM,RD_CLR_PRC,0,25
2025-02-13T19:00:00-00:00,2025-02-13T20:00:00-00:00,2025-02-13,12,0,Hourly,RD,AS_CAISO_EXP,DAM,RD_CLR_PRC,2.41168,25
2025-02-13T21:00:00-00:00,2025-02-13T22:00:00-00:00,2025-02-13,14,0,Hourly,RD,AS_SP26,DAM,RD_CLR_PRC,0,25
2025-02-13T23:00:00-00:00,2025-02-14T00:00:00-00:00,2025-02-13,16,0,Hourly,RD,AS_CAISO,DAM,RD_CLR_PRC,0,25
2025-02-14T00:00:00-00:00,2025-02-14T01:00:00-00:00,2025-02-13,17,0,Hourly,RD,AS_NP26_EXP,DAM,RD_CLR_PRC,33.90328,25
2025-02-14T01:00:00-00:00,2025-02-14T02:00:00-00:00,2025-02-13,18,0,Hourly,RD,AS_CAISO,DAM,RD_CLR_PRC,0,25
2025-02-14T01:00:00-00:00,2025-02-14T02:00:00-00:00,2025-02-13,18,0,Hourly,RD,AS_SP26_EXP,DAM,RD_CLR_PRC,0,25
2025-02-14T04:00:00-00:00,2025-02-14T05:00:00-00:00,2025-02-13,21,0,Hourly,RD,AS_CAISO_EXP,DAM,RD_CLR_PRC,2,25
2025-02-14T05:00:00-00:00,2025-02-14T06:00:00-00:00,2025-02-13,22,0,Hourly,RD,AS_CAISO,DAM,RD_CLR_PRC,0,25
2025-02-13T15:00:00-00:00,2025-02-13T16:00:00-00:00,2025-02-13,8,0,Hourly,RD,AS_CAISO_EXP,DAM,RD_CLR_PRC,4.97113,25
2025-02-13T16:00:00-00:00,2025-02-13T17:00:00-00:00,2025-02-13,9,0,Hourly,RD,AS_CAISO,DAM,RD_CLR_PRC,0,25
2025-02-13T17:00:00-00:00,2025-02-13T18:00:00-00:00,2025-02-13,10,0,Hourly,RD,AS_CAISO,DAM,RD_CLR_PRC,0,25
2025-02-13T17:00:00-00:00,2025-02-13T18:00:00-00:00,2025-02-13,10,0,Hourly,RD,AS_SP26,DAM,RD_CLR_PRC,0,25
2025-02-13T18:00:00-00:00,2025-02-13T19:00:00-00:00,2025-02-13,11,0,Hourly,RD,AS_NP26,DAM,RD_CLR_PRC,0,25
2025-02-13T19:00:00-00:00,2025-02-13T20:00:00-00:00,2025-02-13,12,0,Hourly,RD,AS_NP26,DAM,RD_CLR_PRC,0,25
2025-02-13T20:00:00-00:00,2025-02-13T21:00:00-00:00,2025-02-13,13,0,Hourly,RD,AS_SP26_EXP,DAM,RD_CLR_PRC,0,25
2025-02-13T21:00:00-00:00,2025-02-13T22:00:00-00:00,2025-02-13,14,0,Hourly,RD,AS_CAISO,DAM,RD_CLR_PRC,0,25
2025-02-13T21:00:00-00:00,2025-02-13T22:00:00-00:00,2025-02-13,14,0,Hourly,RD,AS_NP26,DAM,RD_CLR_PRC,0,25
2025-02-13T22:00:00-00:00,2025-02-13T23:00:00-00:00,2025-02-13,15,0,Hourly,RD,AS_CAISO,DAM,RD_CLR_PRC,0,25
2025-02-13T22:00:00-00:00,2025-02-13T23:00:00-00:00,2025-02-13,15,0,Hourly,RD,AS_CAISO_EXP,DAM,RD_CLR_PRC,4.69921,25
2025-02-13T22:00:00-00:00,2025-02-13T23:00:00-00:00,2025-02-13,15,0,Hourly,RD,AS_NP26_EXP,DAM,RD_CLR_PRC,18.79079,25
2025-02-13T23:00:00-00:00,2025-02-14T00:00:00-00:00,2025-02-13,16,0,Hourly,RD,AS_NP26_EXP,DAM,RD_CLR_PRC,20.34639,25
2025-02-14T01:00:00-00:00,2025-02-14T02:00:00-00:00,2025-02-13,18,0,Hourly,RD,AS_SP26,DAM,RD_CLR_PRC,0,25
2025-02-14T02:00:00-00:00,2025-02-14T03:00:00-00:00,2025-02-13,19,0,Hourly,RD,AS_SP26_EXP,DAM,RD_CLR_PRC,0,25
2025-02-14T03:00:00-00:00,2025-02-14T04:00:00-00:00,2025-02-13,20,0,Hourly,RD,AS_CAISO,DAM,RD_CLR_PRC,0,25
2025-02-14T04:00:00-00:00,2025-02-14T05:00:00-00:00,2025-02-13,21,0,Hourly,RD,AS_CAISO,DAM,RD_CLR_PRC,0,25
2025-02-14T04:00:00-00:00,2025-02-14T05:00:00-00:00,2025-02-13,21,0,Hourly,RD,AS_SP26,DAM,RD_CLR_PRC,0,25
2025-02-14T05:00:00-00:00,2025-02-14T06:00:00-00:00,2025-02-13,22,0,Hourly,RD,AS_SP26_EXP,DAM,RD_CLR_PRC,0,25
2025-02-14T07:00:00-00:00,2025-02-14T08:00:00-00:00,2025-02-13,24,0,Hourly,RD,AS_SP26,DAM,RD_CLR_PRC,0,25
2025-02-13T08:00:00-00:00,2025-02-13T09:00:00-00:00,2025-02-13,1,0,Hourly,RD,AS_NP26_EXP,DAM,RD_CLR_PRC,1.8016,25
2025-02-13T08:00:00-00:00,2025-02-13T09:00:00-00:00,2025-02-13,1,0,Hourly,RD,AS_SP26_EXP,DAM,RD_CLR_PRC,0,25
2025-02-13T09:00:00-00:00,2025-02-13T10:00:00-00:00,2025-02-13,2,0,Hourly,RD,AS_NP26_EXP,DAM,RD_CLR_PRC,1.59616,25
2025-02-13T09:00:00-00:00,2025-02-13T10:00:00-00:00,2025-02-13,2,0,Hourly,RD,AS_SP26_EXP,DAM,RD_CLR_PRC,0,25
2025-02-13T13:00:00-00:00,2025-02-13T14:00:00-00:00,2025-02-13,6,0,Hourly,RD,AS_CAISO_EXP,DAM,RD_CLR_PRC,3.43658,25
2025-02-13T14:00:00-00:00,2025-02-13T15:00:00-00:00,2025-02-13,7,0,Hourly,RD,AS_CAISO,DAM,RD_CLR_PRC,0,25
2025-02-13T14:00:00-00:00,2025-02-13T15:00:00-00:00,2025-02-13,7,0,Hourly,RD,AS_NP26,DAM,RD_CLR_PRC,0,25
2025-02-13T15:00:00-00:00,2025-02-13T16:00:00-00:00,2025-02-13,8,0,Hourly,RD,AS_CAISO,DAM,RD_CLR_PRC,0,25
2025-02-13T15:00:00-00:00,2025-02-13T16:00:00-00:00,2025-02-13,8,0,Hourly,RD,AS_SP26_EXP,DAM,RD_CLR_PRC,0,25
2025-02-13T17:00:00-00:00,2025-02-13T18:00:00-00:00,2025-02-13,10,0,Hourly,RD,AS_NP26_EXP,DAM,RD_CLR_PRC,10.48267,25
2025-02-13T19:00:00-00:00,2025-02-13T20:00:00-00:00,2025-02-13,12,0,Hourly,RD,AS_NP26_EXP,DAM,RD_CLR_PRC,13.51115,25
2025-02-13T19:00:00-00:00,2025-02-13T20:00:00-00:00,2025-02-13,12,0,Hourly,RD,AS_SP26_EXP,DAM,RD_CLR_PRC,0,25
2025-02-13T20:00:00-00:00,2025-02-13T21:00:00-00:00,2025-02-13,13,0,Hourly,RD,AS_CAISO_EXP,DAM,RD_CLR_PRC,2.45,25
2025-02-13T21:00:00-00:00,2025-02-13T22:00:00-00:00,2025-02-13,14,0,Hourly,RD,AS_CAISO_EXP,DAM,RD_CLR_PRC,3.87423,25
2025-02-13T22:00:00-00:00,2025-02-13T23:00:00-00:00,2025-02-13,15,0,Hourly,RD,AS_SP26,DAM,RD_CLR_PRC,0,25
2025-02-14T01:00:00-00:00,2025-02-14T02:00:00-00:00,2025-02-13,18,0,Hourly,RD,AS_CAISO_EXP,DAM,RD_CLR_PRC,5,25
2025-02-14T01:00:00-00:00,2025-02-14T02:00:00-00:00,2025-02-13,18,0,Hourly,RD,AS_NP26,DAM,RD_CLR_PRC,0,25
2025-02-14T03:00:00-00:00,2025-02-14T04:00:00-00:00,2025-02-13,20,0,Hourly,RD,AS_NP26,DAM,RD_CLR_PRC,0,25
2025-02-14T07:00:00-00:00,2025-02-14T08:00:00-00:00,2025-02-13,24,0,Hourly,RD,AS_CAISO_EXP,DAM,RD_CLR_PRC,3.08,25
2025-02-14T07:00:00-00:00,2025-02-14T08:00:00-00:00,2025-02-13,24,0,Hourly,RD,AS_NP26_EXP,DAM,RD_CLR_PRC,4.47124,25
2025-02-13T12:00:00-00:00,2025-02-13T13:00:00-00:00,2025-02-13,5,0,Hourly,RD,AS_CAISO,DAM,RD_CLR_PRC,0,25
2025-02-13T12:00:00-00:00,2025-02-13T13:00:00-00:00,2025-02-13,5,0,Hourly,RD,AS_SP26,DAM,RD_CLR_PRC,0,25
2025-02-13T14:00:00-00:00,2025-02-13T15:00:00-00:00,2025-02-13,7,0,Hourly,RD,AS_SP26_EXP,DAM,RD_CLR_PRC,0,25
2025-02-13T15:00:00-00:00,2025-02-13T16:00:00-00:00,2025-02-13,8,0,Hourly,RD,AS_SP26,DAM,RD_CLR_PRC,0,25
2025-02-13T17:00:00-00:00,2025-02-13T18:00:00-00:00,2025-02-13,10,0,Hourly,RD,AS_CAISO_EXP,DAM,RD_CLR_PRC,4.51733,25
2025-02-13T17:00:00-00:00,2025-02-13T18:00:00-00:00,2025-02-13,10,0,Hourly,RD,AS_SP26_EXP,DAM,RD_CLR_PRC,0,25
2025-02-14T00:00:00-00:00,2025-02-14T01:00:00-00:00,2025-02-13,17,0,Hourly,RD,AS_NP26,DAM,RD_CLR_PRC,0,25
2025-02-14T01:00:00-00:00,2025-02-14T02:00:00-00:00,2025-02-13,18,0,Hourly,RD,AS_NP26_EXP,DAM,RD_CLR_PRC,31.72,25
2025-02-14T02:00:00-00:00,2025-02-14T03:00:00-00:00,2025-02-13,19,0,Hourly,RD,AS_SP26,DAM,RD_CLR_PRC,0,25
2025-02-14T06:00:00-00:00,2025-02-14T07:00:00-00:00,2025-02-13,23,0,Hourly,RD,AS_NP26_EXP,DAM,RD_CLR_PRC,4.77842,25
2025-02-13T21:00:00-00:00,2025-02-13T22:00:00-00:00,2025-02-13,14,0,Hourly,RD,AS_NP26_EXP,DAM,RD_CLR_PRC,10.35577,25
2025-02-13T21:00:00-00:00,2025-02-13T22:00:00-00:00,2025-02-13,14,0,Hourly,RD,AS_SP26_EXP,DAM,RD_CLR_PRC,0,25
2025-02-13T23:00:00-00:00,2025-02-14T00:00:00-00:00,2025-02-13,16,0,Hourly,RD,AS_NP26,DAM,RD_CLR_PRC,0,25
2025-02-14T00:00:00-00:00,2025-02-14T01:00:00-00:00,2025-02-13,17,0,Hourly,RD,AS_SP26,DAM,RD_CLR_PRC,0,25
2025-02-14T03:00:00-00:00,2025-02-14T04:00:00-00:00,2025-02-13,20,0,Hourly,RD,AS_CAISO_EXP,DAM,RD_CLR_PRC,2.65,25
2025-02-14T05:00:00-00:00,2025-02-14T06:00:00-00:00,2025-02-13,22,0,Hourly,RD,AS_CAISO_EXP,DAM,RD_CLR_PRC,2.5,25
2025-02-14T05:00:00-00:00,2025-02-14T06:00:00-00:00,2025-02-13,22,0,Hourly,RD,AS_NP26_EXP,DAM,RD_CLR_PRC,6.06843,25
2025-02-14T07:00:00-00:00,2025-02-14T08:00:00-00:00,2025-02-13,24,0,Hourly,RD,AS_NP26,DAM,RD_CLR_PRC,0,25
2025-02-13T08:00:00-00:00,2025-02-13T09:00:00-00:00,2025-02-13,1,0,Hourly,RD,AS_NP26,DAM,RD_CLR_PRC,0,25
2025-02-13T08:00:00-00:00,2025-02-13T09:00:00-00:00,2025-02-13,1,0,Hourly,RD,AS_SP26,DAM,RD_CLR_PRC,0,25
2025-02-13T09:00:00-00:00,2025-02-13T10:00:00-00:00,2025-02-13,2,0,Hourly,RD,AS_SP26,DAM,RD_CLR_PRC,0,25
2025-02-13T10:00:00-00:00,2025-02-13T11:00:00-00:00,2025-02-13,3,0,Hourly,RD,AS_CAISO_EXP,DAM,RD_CLR_PRC,2.5,25
2025-02-13T10:00:00-00:00,2025-02-13T11:00:00-00:00,2025-02-13,3,0,Hourly,RD,AS_SP26_EXP,DAM,RD_CLR_PRC,0,25
2025-02-13T11:00:00-00:00,2025-02-13T12:00:00-00:00,2025-02-13,4,0,Hourly,RD,AS_CAISO,DAM,RD_CLR_PRC,0,25
2025-02-13T12:00:00-00:00,2025-02-13T13:00:00-00:00,2025-02-13,5,0,Hourly,RD,AS_NP26_EXP,DAM,RD_CLR_PRC,5.77977,25
2025-02-13T13:00:00-00:00,2025-02-13T14:00:00-00:00,2025-02-13,6,0,Hourly,RD,AS_CAISO,DAM,RD_CLR_PRC,0,25
2025-02-13T13:00:00-00:00,2025-02-13T14:00:00-00:00,2025-02-13,6,0,Hourly,RD,AS_NP26,DAM,RD_CLR_PRC,0,25
2025-02-13T13:00:00-00:00,2025-02-13T14:00:00-00:00,2025-02-13,6,0,Hourly,RD,AS_SP26,DAM,RD_CLR_PRC,0,25
2025-02-13T13:00:00-00:00,2025-02-13T14:00:00-00:00,2025-02-13,6,0,Hourly,RD,AS_SP26_EXP,DAM,RD_CLR_PRC,0,25
2025-02-13T14:00:00-00:00,2025-02-13T15:00:00-00:00,2025-02-13,7,0,Hourly,RD,AS_NP26_EXP,DAM,RD_CLR_PRC,1.62558,25
2025-02-13T16:00:00-00:00,2025-02-13T17:00:00-00:00,2025-02-13,9,0,Hourly,RD,AS_NP26_EXP,DAM,RD_CLR_PRC,23.7542,25
2025-02-13T18:00:00-00:00,2025-02-13T19:00:00-00:00,2025-02-13,11,0,Hourly,RD,AS_NP26_EXP,DAM,RD_CLR_PRC,12.75,25
2025-02-13T20:00:00-00:00,2025-02-13T21:00:00-00:00,2025-02-13,13,0,Hourly,RD,AS_NP26,DAM,RD_CLR_PRC,0,25
2025-02-13T09:00:00-00:00,2025-02-13T10:00:00-00:00,2025-02-13,2,0,Hourly,RD,AS_CAISO_EXP,DAM,RD_CLR_PRC,2.5,25
2025-02-13T10:00:00-00:00,2025-02-13T11:00:00-00:00,2025-02-13,3,0,Hourly,RD,AS_SP26,DAM,RD_CLR_PRC,0,25
2025-02-13T11:00:00-00:00,2025-02-13T12:00:00-00:00,2025-02-13,4,0,Hourly,RD,AS_CAISO_EXP,DAM,RD_CLR_PRC,3.2532,25
2025-02-13T11:00:00-00:00,2025-02-13T12:00:00-00:00,2025-02-13,4,0,Hourly,RD,AS_SP26_EXP,DAM,RD_CLR_PRC,0,25
2025-02-13T12:00:00-00:00,2025-02-13T13:00:00-00:00,2025-02-13,5,0,Hourly,RD,AS_CAISO_EXP,DAM,RD_CLR_PRC,1.69598,25
2025-02-13T12:00:00-00:00,2025-02-13T13:00:00-00:00,2025-02-13,5,0,Hourly,RD,AS_NP26,DAM,RD_CLR_PRC,0,25
2025-02-13T14:00:00-00:00,2025-02-13T15:00:00-00:00,2025-02-13,7,0,Hourly,RD,AS_SP26,DAM,RD_CLR_PRC,0,25
2025-02-13T19:00:00-00:00,2025-02-13T20:00:00-00:00,2025-02-13,12,0,Hourly,RD,AS_SP26,DAM,RD_CLR_PRC,0,25
2025-02-13T20:00:00-00:00,2025-02-13T21:00:00-00:00,2025-02-13,13,0,Hourly,RD,AS_CAISO,DAM,RD_CLR_PRC,0,25
2025-02-13T20:00:00-00:00,2025-02-13T21:00:00-00:00,2025-02-13,13,0,Hourly,RD,AS_NP26_EXP,DAM,RD_CLR_PRC,12.55,25
2025-02-13T22:00:00-00:00,2025-02-13T23:00:00-00:00,2025-02-13,15,0,Hourly,RD,AS_NP26,DAM,RD_CLR_PRC,0,25
2025-02-13T23:00:00-00:00,2025-02-14T00:00:00-00:00,2025-02-13,16,0,Hourly,RD,AS_CAISO_EXP,DAM,RD_CLR_PRC,3.14361,25
2025-02-13T23:00:00-00:00,2025-02-14T00:00:00-00:00,2025-02-13,16,0,Hourly,RD,AS_SP26,DAM,RD_CLR_PRC,0,25
2025-02-13T23:00:00-00:00,2025-02-14T00:00:00-00:00,2025-02-13,16,0,Hourly,RD,AS_SP26_EXP,DAM,RD_CLR_PRC,0,25
2025-02-14T00:00:00-00:00,2025-02-14T01:00:00-00:00,2025-02-13,17,0,Hourly,RD,AS_CAISO,DAM,RD_CLR_PRC,0,25
2025-02-14T00:00:00-00:00,2025-02-14T01:00:00-00:00,2025-02-13,17,0,Hourly,RD,AS_CAISO_EXP,DAM,RD_CLR_PRC,7.5,25
