INTERVALSTARTTIME_GMT,INTERVALENDTIME_GMT,OPR_DT,OPR_HR,OPR_INTERVAL,OPR_TYPE,ANC_TYPE,ANC_REGION,MARKET_RUN_ID,XML_DATA_ITEM,MW,GROUP
2025-12-11T11:00:00-00:00,2025-12-11T12:00:00-00:00,2025-12-11,4,0,Hourly,SR,AS_SP26_EXP,DAM,SP_CLR_PRC,0,1
2025-12-11T13:00:00-00:00,2025-12-11T14:00:00-00:00,2025-12-11,6,0,Hourly,SR,AS_CAISO,DAM,SP_CLR_PRC,0,1
2025-12-11T13:00:00-00:00,2025-12-11T14:00:00-00:00,2025-12-11,6,0,Hourly,SR,AS_CAISO_EXP,DAM,SP_CLR_PRC,1,1
2025-12-11T13:00:00-00:00,2025-12-11T14:00:00-00:00,2025-12-11,6,0,Hourly,SR,AS_SP26,DAM,SP_CLR_PRC,0,1
2025-12-11T14:00:00-00:00,2025-12-11T15:00:00-00:00,2025-12-11,7,0,Hourly,SR,AS_CAISO,DAM,SP_CLR_PRC,0,1
2025-12-11T14:00:00-00:00,2025-12-11T15:00:00-00:00,2025-12-11,7,0,Hourly,SR,AS_SP26,DAM,SP_CLR_PRC,0,1
2025-12-11T18:00:00-00:00,2025-12-11T19:00:00-00:00,2025-12-11,11,0,Hourly,SR,AS_SP26_EXP,DAM,SP_CLR_PRC,0,1
2025-12-11T19:00:00-00:00,2025-12-11T20:00:00-00:00,2025-12-11,12,0,Hourly,SR,AS_SP26,DAM,SP_CLR_PRC,0,1
2025-12-11T21:00:00-00:00,2025-12-11T22:00:00-00:00,2025-12-11,14,0,Hourly,SR,AS_SP26_EXP,DAM,SP_CLR_PRC,0,1
2025-12-11T23:00:00-00:00,2025-12-12T00:00:00-00:00,2025-12-11,16,0,Hourly,SR,AS_CAISO_EXP,DAM,SP_CLR_PRC,0.17,1
2025-12-12T01:00:00-00:00,2025-12-12T02:00:00-00:00,2025-12-11,18,0,Hourly,SR,AS_CAISO_EXP,DAM,SP_CLR_PRC,0.93862,1
2025-12-12T02:00:00-00:00,2025-12-12T03:00:00-00:00,2025-12-11,19,0,Hourly,SR,AS_NP26_EXP,DAM,SP_CLR_PRC,0.15162,1
2025-12-12T03:00:00-00:00,2025-12-12T04:00:00-00:00,2025-12-11,20,0,Hourly,SR,AS_CAISO_EXP,DAM,SP_CLR_PRC,0.67525,1
2025-12-12T05:00:00-00:00,2025-12-12T06:00:00-00:00,2025-12-11,22,0,Hourly,SR,AS_SP26_EXP,DAM,SP_CLR_PRC,0,1
2025-12-12T06:00:00-00:00,2025-12-12T07:00:00-00:00,2025-12-11,23,0,Hourly,SR,AS_CAISO,DAM,SP_CLR_PRC,0,1
2025-12-12T07:00:00-00:00,2025-12-12T08:00:00-00:00,2025-12-11,24,0,Hourly,SR,AS_NP26_EXP,DAM,SP_CLR_PRC,0.5,1
2025-12-12T01:00:00-00:00,2025-12-12T02:00:00-00:00,2025-12-11,18,0,Hourly,SR,AS_CAISO,DAM,SP_CLR_PRC,0,1
2025-12-12T03:00:00-00:00,2025-12-12T04:00:00-00:00,2025-12-11,20,0,Hourly,SR,AS_CAISO,DAM,SP_CLR_PRC,0,1
2025-12-12T03:00:00-00:00,2025-12-12T04:00:00-00:00,2025-12-11,20,0,Hourly,SR,AS_NP26_EXP,DAM,SP_CLR_PRC,0.32475,1
2025-12-12T04:00:00-00:00,2025-12-12T05:00:00-00:00,2025-12-11,21,0,Hourly,SR,AS_SP26,DAM,SP_CLR_PRC,0,1
2025-12-12T07:00:00-00:00,2025-12-12T08:00:00-00:00,2025-12-11,24,0,Hourly,SR,AS_CAISO_EXP,DAM,SP_CLR_PRC,1,1
2025-12-12T07:00:00-00:00,2025-12-12T08:00:00-00:00,2025-12-11,24,0,Hourly,SR,AS_SP26,DAM,SP_CLR_PRC,0,1
2025-12-11T08:00:00-00:00,2025-12-11T09:00:00-00:00,2025-12-11,1,0,Hourly,SR,AS_NP26_EXP,DAM,SP_CLR_PRC,0.5,1
2025-12-11T09:00:00-00:00,2025-12-11T10:00:00-00:00,2025-12-11,2,0,Hourly,SR,AS_NP26,DAM,SP_CLR_PRC,0,1
2025-12-11T13:00:00-00:00,2025-12-11T14:00:00-00:00,2025-12-11,6,0,Hourly,SR,AS_NP26,DAM,SP_CLR_PRC,0,1
2025-12-11T15:00:00-00:00,2025-12-11T16:00:00-00:00,2025-12-11,8,0,Hourly,SR,AS_CAISO,DAM,SP_CLR_PRC,0,1
2025-12-11T16:00:00-00:00,2025-12-11T17:00:00-00:00,2025-12-11,9,0,Hourly,SR,AS_CAISO,DAM,SP_CLR_PRC,0,1
2025-12-11T16:00:00-00:00,2025-12-11T17:00:00-00:00,2025-12-11,9,0,Hourly,SR,AS_CAISO_EXP,DAM,SP_CLR_PRC,0.41,1
2025-12-11T17:00:00-00:00,2025-12-11T18:00:00-00:00,2025-12-11,10,0,Hourly,SR,AS_NP26,DAM,SP_CLR_PRC,0,1
2025-12-11T17:00:00-00:00,2025-12-11T18:00:00-00:00,2025-12-11,10,0,Hourly,SR,AS_NP26_EXP,DAM,SP_CLR_PRC,0.92935,1
2025-12-11T17:00:00-00:00,2025-12-11T18:00:00-00:00,2025-12-11,10,0,Hourly,SR,AS_SP26,DAM,SP_CLR_PRC,0,1
2025-12-11T17:00:00-00:00,2025-12-11T18:00:00-00:00,2025-12-11,10,0,Hourly,SR,AS_SP26_EXP,DAM,SP_CLR_PRC,0,1
2025-12-11T18:00:00-00:00,2025-12-11T19:00:00-00:00,2025-12-11,11,0,Hourly,SR,AS_CAISO_EXP,DAM,SP_CLR_PRC,0.41,1
2025-12-11T20:00:00-00:00,2025-12-11T21:00:00-00:00,2025-12-11,13,0,Hourly,SR,AS_NP26_EXP,DAM,SP_CLR_PRC,0.33,1
2025-12-11T21:00:00-00:00,2025-12-11T22:00:00-00:00,2025-12-11,14,0,Hourly,SR,AS_CAISO,DAM,SP_CLR_PRC,0,1
2025-12-12T03:00:00-00:00,2025-12-12T04:00:00-00:00,2025-12-11,20,0,Hourly,SR,AS_SP26_EXP,DAM,SP_CLR_PRC,0,1
2025-12-12T04:00:00-00:00,2025-12-12T05:00:00-00:00,2025-12-11,21,0,Hourly,SR,AS_CAISO,DAM,SP_CLR_PRC,0,1
2025-12-12T04:00:00-00:00,2025-12-12T05:00:00-00:00,2025-12-11,21,0,Hourly,SR,AS_SP26_EXP,DAM,SP_CLR_PRC,0,1
2025-12-12T05:00:00-00:00,2025-12-12T06:00:00-00:00,2025-12-11,22,0,Hourly,SR,AS_SP26,DAM,SP_CLR_PRC,0,1
2025-12-12T06:00:00-00:00,2025-12-12T07:00:00-00:00,2025-12-11,23,0,Hourly,SR,AS_SP26_EXP,DAM,SP_CLR_PRC,0,1
2025-12-11T08:00:00-00:00,2025-12-11T09:00:00-00:00,2025-12-11,1,0,Hourly,SR,AS_CAISO_EXP,DAM,SP_CLR_PRC,1,1
2025-12-11T08:00:00-00:00,2025-12-11T09:00:00-00:00,2025-12-11,1,0,Hourly,SR,AS_SP26,DAM,SP_CLR_PRC,0,1
2025-12-11T10:00:00-00:00,2025-12-11T11:00:00-00:00,2025-12-11,3,0,Hourly,SR,AS_CAISO_EXP,DAM,SP_CLR_PRC,1,1
2025-12-11T10:00:00-00:00,2025-12-11T11:00:00-00:00,2025-12-11,3,0,Hourly,SR,AS_NP26_EXP,DAM,SP_CLR_PRC,0,1
2025-12-11T11:00:00-00:00,2025-12-11T12:00:00-00:00,2025-12-11,4,0,Hourly,SR,AS_NP26,DAM,SP_CLR_PRC,0,1
2025-12-11T12:00:00-00:00,2025-12-11T13:00:00-00:00,2025-12-11,5,0,Hourly,SR,AS_NP26_EXP,DAM,SP_CLR_PRC,0,1
2025-12-11T12:00:00-00:00,2025-12-11T13:00:00-00:00,2025-12-11,5,0,Hourly,SR,AS_SP26_EXP,DAM,SP_CLR_PRC,0,1
2025-12-11T14:00:00-00:00,2025-12-11T15:00:00-00:00,2025-12-11,7,0,Hourly,SR,AS_NP26,DAM,SP_CLR_PRC,0,1
2025-12-11T15:00:00-00:00,2025-12-11T16:00:00-00:00,2025-12-11,8,0,Hourly,SR,AS_CAISO_EXP,DAM,SP_CLR_PRC,1,1
2025-12-11T19:00:00-00:00,2025-12-11T20:00:00-00:00,2025-12-11,12,0,Hourly,SR,AS_CAISO_EXP,DAM,SP_CLR_PRC,0.17,1
2025-12-11T19:00:00-00:00,2025-12-11T20:00:00-00:00,2025-12-11,12,0,Hourly,SR,AS_NP26_EXP,DAM,SP_CLR_PRC,0.5243,1
2025-12-11T19:00:00-00:00,2025-12-11T20:00:00-00:00,2025-12-11,12,0,Hourly,SR,AS_SP26_EXP,DAM,SP_CLR_PRC,0,1
2025-12-11T22:00:00-00:00,2025-12-11T23:00:00-00:00,2025-12-11,15,0,Hourly,SR,AS_NP26,DAM,SP_CLR_PRC,0,1
2025-12-12T00:00:00-00:00,2025-12-12T01:00:00-00:00,2025-12-11,17,0,Hourly,SR,AS_NP26_EXP,DAM,SP_CLR_PRC,0.5,1
2025-12-12T02:00:00-00:00,2025-12-12T03:00:00-00:00,2025-12-11,19,0,Hourly,SR,AS_SP26,DAM,SP_CLR_PRC,0,1
2025-12-12T02:00:00-00:00,2025-12-12T03:00:00-00:00,2025-12-11,19,0,Hourly,SR,AS_SP26_EXP,DAM,SP_CLR_PRC,0,1
2025-12-12T03:00:00-00:00,2025-12-12T04:00:00-00:00,2025-12-11,20,0,Hourly,SR,AS_NP26,DAM,SP_CLR_PRC,0,1
2025-12-12T05:00:00-00:00,2025-12-12T06:00:00-00:00,2025-12-11,22,0,Hourly,SR,AS_CAISO_EXP,DAM,SP_CLR_PRC,1,1
2025-12-12T06:00:00-00:00,2025-12-12T07:00:00-00:00,2025-12-11,23,0,Hourly,SR,AS_NP26,DAM,SP_CLR_PRC,0,1
2025-12-12T06:00:00-00:00,2025-12-12T07:00:00-00:00,2025-12-11,23,0,Hourly,SR,AS_NP26_EXP,DAM,SP_CLR_PRC,1.59001,1
2025-12-12T07:00:00-00:00,2025-12-12T08:00:00-00:00,2025-12-11,24,0,Hourly,SR,AS_CAISO,DAM,SP_CLR_PRC,0,1
2025-12-11T10:00:00-00:00,2025-12-11T11:00:00-00:00,2025-12-11,3,0,Hourly,SR,AS_SP26_EXP,DAM,SP_CLR_PRC,0,1
2025-12-11T12:00:00-00:00,2025-12-11T13:00:00-00:00,2025-12-11,5,0,Hourly,SR,AS_SP26,DAM,SP_CLR_PRC,0,1
2025-12-11T15:00:00-00:00,2025-12-11T16:00:00-00:00,2025-12-11,8,0,Hourly,SR,AS_SP26,DAM,SP_CLR_PRC,0,1
2025-12-11T16:00:00-00:00,2025-12-11T17:00:00-00:00,2025-12-11,9,0,Hourly,SR,AS_SP26,DAM,SP_CLR_PRC,0,1
2025-12-11T16:00:00-00:00,2025-12-11T17:00:00-00:00,2025-12-11,9,0,Hourly,SR,AS_SP26_EXP,DAM,SP_CLR_PRC,0,1
2025-12-11T17:00:00-00:00,2025-12-11T18:00:00-00:00,2025-12-11,10,0,Hourly,SR,AS_CAISO,DAM,SP_CLR_PRC,0,1
2025-12-11T18:00:00-00:00,2025-12-11T19:00:00-00:00,2025-12-11,11,0,Hourly,SR,AS_NP26,DAM,SP_CLR_PRC,0,1
2025-12-11T19:00:00-00:00,2025-12-11T20:00:00-00:00,2025-12-11,12,0,Hourly,SR,AS_NP26,DAM,SP_CLR_PRC,0,1
2025-12-11T20:00:00-00:00,2025-12-11T21:00:00-00:00,2025-12-11,13,0,Hourly,SR,AS_NP26,DAM,SP_CLR_PRC,0,1
2025-12-11T22:00:00-00:00,2025-12-11T23:00:00-00:00,2025-12-11,15,0,Hourly,SR,AS_NP26_EXP,DAM,SP_CLR_PRC,0.76,1
2025-12-11T23:00:00-00:00,2025-12-12T00:00:00-00:00,2025-12-11,16,0,Hourly,SR,AS_SP26_EXP,DAM,SP_CLR_PRC,0,1
2025-12-12T00:00:00-00:00,2025-12-12T01:00:00-00:00,2025-12-11,17,0,Hourly,SR,AS_CAISO,DAM,SP_CLR_PRC,0,1
2025-12-12T00:00:00-00:00,2025-12-12T01:00:00-00:00,2025-12-11,17,0,Hourly,SR,AS_SP26_EXP,DAM,SP_CLR_PRC,0,1
2025-12-12T03:00:00-00:00,2025-12-12T04:00:00-00:00,2025-12-11,20,0,Hourly,SR,AS_SP26,DAM,SP_CLR_PRC,0,1
2025-12-12T04:00:00-00:00,2025-12-12T05:00:00-00:00,2025-12-11,21,0,Hourly,SR,AS_NP26_EXP,DAM,SP_CLR_PRC,0.04117,1
2025-12-12T05:00:00-00:00,2025-12-12T06:00:00-00:00,2025-12-11,22,0,Hourly,SR,AS_CAISO,DAM,SP_CLR_PRC,0,1
2025-12-12T05:00:00-00:00,2025-12-12T06:00:00-00:00,2025-12-11,22,0,Hourly,SR,AS_NP26,DAM,SP_CLR_PRC,0,1
2025-12-12T06:00:00-00:00,2025-12-12T07:00:00-00:00,2025-12-11,23,0,Hourly,SR,AS_SP26,DAM,SP_CLR_PRC,0,1
2025-12-11T11:00:00-00:00,2025-12-11T12:00:00-00:00,2025-12-11,4,0,Hourly,SR,AS_NP26_EXP,DAM,SP_CLR_PRC,0,1
2025-12-11T10:00:00-00:00,2025-12-11T11:00:00-00:00,2025-12-11,3,0,Hourly,SR,AS_NP26,DAM,SP_CLR_PRC,0,1
2025-12-11T11:00:00-00:00,2025-12-11T12:00:00-00:00,2025-12-11,4,0,Hourly,SR,AS_SP26,DAM,SP_CLR_PRC,0,1
2025-12-11T14:00:00-00:00,2025-12-11T15:00:00-00:00,2025-12-11,7,0,Hourly,SR,AS_CAISO_EXP,DAM,SP_CLR_PRC,1,1
2025-12-11T14:00:00-00:00,2025-12-11T15:00:00-00:00,2025-12-11,7,0,Hourly,SR,AS_NP26_EXP,DAM,SP_CLR_PRC,0,1
2025-12-11T16:00:00-00:00,2025-12-11T17:00:00-00:00,2025-12-11,9,0,Hourly,SR,AS_NP26_EXP,DAM,SP_CLR_PRC,1.09,1
2025-12-11T17:00:00-00:00,2025-12-11T18:00:00-00:00,2025-12-11,10,0,Hourly,SR,AS_CAISO_EXP,DAM,SP_CLR_PRC,0.57065,1
2025-12-11T20:00:00-00:00,2025-12-11T21:00:00-00:00,2025-12-11,13,0,Hourly,SR,AS_CAISO,DAM,SP_CLR_PRC,0,1
2025-12-11T20:00:00-00:00,2025-12-11T21:00:00-00:00,2025-12-11,13,0,Hourly,SR,AS_SP26_EXP,DAM,SP_CLR_PRC,0,1
2025-12-11T21:00:00-00:00,2025-12-11T22:00:00-00:00,2025-12-11,14,0,Hourly,SR,AS_CAISO_EXP,DAM,SP_CLR_PRC,0.17,1
2025-12-11T21:00:00-00:00,2025-12-11T22:00:00-00:00,2025-12-11,14,0,Hourly,SR,AS_NP26_EXP,DAM,SP_CLR_PRC,0.33,1
2025-12-11T21:00:00-00:00,2025-12-11T22:00:00-00:00,2025-12-11,14,0,Hourly,SR,AS_SP26,DAM,SP_CLR_PRC,0,1
2025-12-11T22:00:00-00:00,2025-12-11T23:00:00-00:00,2025-12-11,15,0,Hourly,SR,AS_SP26_EXP,DAM,SP_CLR_PRC,0,1
2025-12-12T00:00:00-00:00,2025-12-12T01:00:00-00:00,2025-12-11,17,0,Hourly,SR,AS_NP26,DAM,SP_CLR_PRC,0,1
2025-12-12T01:00:00-00:00,2025-12-12T02:00:00-00:00,2025-12-11,18,0,Hourly,SR,AS_SP26,DAM,SP_CLR_PRC,0,1
2025-12-12T01:00:00-00:00,2025-12-12T02:00:00-00:00,2025-12-11,18,0,Hourly,SR,AS_SP26_EXP,DAM,SP_CLR_PRC,0,1
2025-12-12T07:00:00-00:00,2025-12-12T08:00:00-00:00,2025-12-11,24,0,Hourly,SR,AS_SP26_EXP,DAM,SP_CLR_PRC,0,1
2025-12-11T08:00:00-00:00,2025-12-11T09:00:00-00:00,2025-12-11,1,0,Hourly,SR,AS_NP26,DAM,SP_CLR_PRC,0,1
2025-12-11T10:00:00-00:00,2025-12-11T11:00:00-00:00,2025-12-11,3,0,Hourly,SR,AS_CAISO,DAM,SP_CLR_PRC,0,1
2025-12-11T10:00:00-00:00,2025-12-11T11:00:00-00:00,2025-12-11,3,0,Hourly,SR,AS_SP26,DAM,SP_CLR_PRC,0,1
2025-12-11T11:00:00-00:00,2025-12-11T12:00:00-00:00,2025-12-11,4,0,Hourly,SR,AS_CAISO_EXP,DAM,SP_CLR_PRC,0.54,1
2025-12-11T15:00:00-00:00,2025-12-11T16:00:00-00:00,2025-12-11,8,0,Hourly,SR,AS_NP26_EXP,DAM,SP_CLR_PRC,0.5,1
2025-12-11T16:00:00-00:00,2025-12-11T17:00:00-00:00,2025-12-11,9,0,Hourly,SR,AS_NP26,DAM,SP_CLR_PRC,0,1
2025-12-11T18:00:00-00:00,2025-12-11T19:00:00-00:00,2025-12-11,11,0,Hourly,SR,AS_NP26_EXP,DAM,SP_CLR_PRC,1.09,1
2025-12-11T21:00:00-00:00,2025-12-11T22:00:00-00:00,2025-12-11,14,0,Hourly,SR,AS_NP26,DAM,SP_CLR_PRC,0,1
2025-12-11T23:00:00-00:00,2025-12-12T00:00:00-00:00,2025-12-11,16,0,Hourly,SR,AS_NP26,DAM,SP_CLR_PRC,0,1
2025-12-12T00:00:00-00:00,2025-12-12T01:00:00-00:00,2025-12-11,17,0,Hourly,SR,AS_SP26,DAM,SP_CLR_PRC,0,1
2025-12-12T01:00:00-00:00,2025-12-12T02:00:00-00:00,2025-12-11,18,0,Hourly,SR,AS_NP26,DAM,SP_CLR_PRC,0,1
2025-12-12T01:00:00-00:00,2025-12-12T02:00:00-00:00,2025-12-11,18,0,Hourly,SR,AS_NP26_EXP,DAM,SP_CLR_PRC,0.06138,1
2025-12-12T02:00:00-00:00,2025-12-12T03:00:00-00:00,2025-12-11,19,0,Hourly,SR,AS_NP26,DAM,SP_CLR_PRC,0,1
2025-12-12T04:00:00-00:00,2025-12-12T05:00:00-00:00,2025-12-11,21,0,Hourly,SR,AS_NP26,DAM,SP_CLR_PRC,0,1
2025-12-12T07:00:00-00:00,2025-12-12T08:00:00-00:00,2025-12-11,24,0,Hourly,SR,AS_NP26,DAM,SP_CLR_PRC,0,1
2025-12-11T09:00:00-00:00,2025-12-11T10:00:00-00:00,2025-12-11,2,0,Hourly,SR,AS_CAISO,DAM,SP_CLR_PRC,0,1
2025-12-11T09:00:00-00:00,2025-12-11T10:00:00-00:00,2025-12-11,2,0,Hourly,SR,AS_NP26_EXP,DAM,SP_CLR_PRC,0,1
2025-12-11T09:00:00-00:00,2025-12-11T10:00:00-00:00,2025-12-11,2,0,Hourly,SR,AS_SP26,DAM,SP_CLR_PRC,0,1
2025-12-11T09:00:00-00:00,2025-12-11T10:00:00-00:00,2025-12-11,2,0,Hourly,SR,AS_SP26_EXP,DAM,SP_CLR_PRC,0,1
2025-12-11T12:00:00-00:00,2025-12-11T13:00:00-00:00,2025-12-11,5,0,Hourly,SR,AS_CAISO_EXP,DAM,SP_CLR_PRC,1,1
2025-12-11T12:00:00-00:00,2025-12-11T13:00:00-00:00,2025-12-11,5,0,Hourly,SR,AS_NP26,DAM,SP_CLR_PRC,0,1
2025-12-11T13:00:00-00:00,2025-12-11T14:00:00-00:00,2025-12-11,6,0,Hourly,SR,AS_NP26_EXP,DAM,SP_CLR_PRC,0,1
2025-12-11T15:00:00-00:00,2025-12-11T16:00:00-00:00,2025-12-11,8,0,Hourly,SR,AS_SP26_EXP,DAM,SP_CLR_PRC,0,1
2025-12-11T20:00:00-00:00,2025-12-11T21:00:00-00:00,2025-12-11,13,0,Hourly,SR,AS_CAISO_EXP,DAM,SP_CLR_PRC,0.17,1
2025-12-11T20:00:00-00:00,2025-12-11T21:00:00-00:00,2025-12-11,13,0,Hourly,SR,AS_SP26,DAM,SP_CLR_PRC,0,1
2025-12-11T22:00:00-00:00,2025-12-11T23:00:00-00:00,2025-12-11,15,0,Hourly,SR,AS_CAISO,DAM,SP_CLR_PRC,0,1
2025-12-11T22:00:00-00:00,2025-12-11T23:00:00-00:00,2025-12-11,15,0,Hourly,SR,AS_CAISO_EXP,DAM,SP_CLR_PRC,0.17,1
2025-12-11T22:00:00-00:00,2025-12-11T23:00:00-00:00,2025-12-11,15,0,Hourly,SR,AS_SP26,DAM,SP_CLR_PRC,0,1
2025-12-11T23:00:00-00:00,2025-12-12T00:00:00-00:00,2025-12-11,16,0,Hourly,SR,AS_SP26,DAM,SP_CLR_PRC,0,1
2025-12-12T02:00:00-00:00,2025-12-12T03:00:00-00:00,2025-12-11,19,0,Hourly,SR,AS_CAISO,DAM,SP_CLR_PRC,0,1
2025-12-12T02:00:00-00:00,2025-12-12T03:00:00-00:00,2025-12-11,19,0,Hourly,SR,AS_CAISO_EXP,DAM,SP_CLR_PRC,0.84838,1
2025-12-12T04:00:00-00:00,2025-12-12T05:00:00-00:00,2025-12-11,21,0,Hourly,SR,AS_CAISO_EXP,DAM,SP_CLR_PRC,0.95883,1
2025-12-12T05:00:00-00:00,2025-12-12T06:00:00-00:00,2025-12-11,22,0,Hourly,SR,AS_NP26_EXP,DAM,SP_CLR_PRC,0,1
2025-12-12T06:00:00-00:00,2025-12-12T07:00:00-00:00,2025-12-11,23,0,Hourly,SR,AS_CAISO_EXP,DAM,SP_CLR_PRC,0.81853,1
2025-12-11T08:00:00-00:00,2025-12-11T09:00:00-00:00,2025-12-11,1,0,Hourly,SR,AS_CAISO,DAM,SP_CLR_PRC,0,1
2025-12-11T08:00:00-00:00,2025-12-11T09:00:00-00:00,2025-12-11,1,0,Hourly,SR,AS_SP26_EXP,DAM,SP_CLR_PRC,0,1
2025-12-11T09:00:00-00:00,2025-12-11T10:00:00-00:00,2025-12-11,2,0,Hourly,SR,AS_CAISO_EXP,DAM,SP_CLR_PRC,1,1
2025-12-11T11:00:00-00:00,2025-12-11T12:00:00-00:00,2025-12-11,4,0,Hourly,SR,AS_CAISO,DAM,SP_CLR_PRC,0,1
2025-12-11T12:00:00-00:00,2025-12-11T13:00:00-00:00,2025-12-11,5,0,Hourly,SR,AS_CAISO,DAM,SP_CLR_PRC,0,1
2025-12-11T13:00:00-00:00,2025-12-11T14:00:00-00:00,2025-12-11,6,0,Hourly,SR,AS_SP26_EXP,DAM,SP_CLR_PRC,0,1
2025-12-11T14:00:00-00:00,2025-12-11T15:00:00-00:00,2025-12-11,7,0,Hourly,SR,AS_SP26_EXP,DAM,SP_CLR_PRC,0,1
2025-12-11T15:00:00-00:00,2025-12-11T16:00:00-00:00,2025-12-11,8,0,Hourly,SR,AS_NP26,DAM,SP_CLR_PRC,0,1
2025-12-11T18:00:00-00:00,2025-12-11T19:00:00-00:00,2025-12-11,11,0,Hourly,SR,AS_CAISO,DAM,SP_CLR_PRC,0,1
2025-12-11T18:00:00-00:00,2025-12-11T19:00:00-00:00,2025-12-11,11,0,Hourly,SR,AS_SP26,DAM,SP_CLR_PRC,0,1
2025-12-11T19:00:00-00:00,2025-12-11T20:00:00-00:00,2025-12-11,12,0,Hourly,SR,AS_CAISO,DAM,SP_CLR_PRC,0,1
2025-12-11T23:00:00-00:00,2025-12-12T00:00:00-00:00,2025-12-11,16,0,Hourly,SR,AS_CAISO,DAM,SP_CLR_PRC,0,1
2025-12-11T23:00:00-00:00,2025-12-12T00:00:00-00:00,2025-12-11,16,0,Hourly,SR,AS_NP26_EXP,DAM,SP_CLR_PRC,0.83,1
2025-12-12T00:00:00-00:00,2025-12-12T01:00:00-00:00,2025-12-11,17,0,Hourly,SR,AS_CAISO_EXP,DAM,SP_CLR_PRC,1,1
2025-12-12T13:00:00-00:00,2025-12-12T14:00:00-00:00,2025-12-12,6,0,Hourly,SR,AS_CAISO,DAM,SP_CLR_PRC,0,2
2025-12-12T13:00:00-00:00,2025-12-12T14:00:00-00:00,2025-12-12,6,0,Hourly,SR,AS_NP26,DAM,SP_CLR_PRC,0,2
2025-12-12T14:00:00-00:00,2025-12-12T15:00:00-00:00,2025-12-12,7,0,Hourly,SR,AS_NP26_EXP,DAM,SP_CLR_PRC,0.5,2
2025-12-12T14:00:00-00:00,2025-12-12T15:00:00-00:00,2025-12-12,7,0,Hourly,SR,AS_SP26_EXP,DAM,SP_CLR_PRC,0,2
2025-12-12T16:00:00-00:00,2025-12-12T17:00:00-00:00,2025-12-12,9,0,Hourly,SR,AS_CAISO_EXP,DAM,SP_CLR_PRC,0.88821,2
2025-12-12T16:00:00-00:00,2025-12-12T17:00:00-00:00,2025-12-12,9,0,Hourly,SR,AS_SP26,DAM,SP_CLR_PRC,0,2
2025-12-12T18:00:00-00:00,2025-12-12T19:00:00-00:00,2025-12-12,11,0,Hourly,SR,AS_CAISO_EXP,DAM,SP_CLR_PRC,0.17,2
2025-12-12T19:00:00-00:00,2025-12-12T20:00:00-00:00,2025-12-12,12,0,Hourly,SR,AS_NP26_EXP,DAM,SP_CLR_PRC,0.88545,2
2025-12-12T21:00:00-00:00,2025-12-12T22:00:00-00:00,2025-12-12,14,0,Hourly,SR,AS_SP26,DAM,SP_CLR_PRC,0,2
2025-12-12T22:00:00-00:00,2025-12-12T23:00:00-00:00,2025-12-12,15,0,Hourly,SR,AS_CAISO,DAM,SP_CLR_PRC,0,2
2025-12-13T01:00:00-00:00,2025-12-13T02:00:00-00:00,2025-12-12,18,0,Hourly,SR,AS_NP26_EXP,DAM,SP_CLR_PRC,1.29,2
2025-12-13T02:00:00-00:00,2025-12-13T03:00:00-00:00,2025-12-12,19,0,Hourly,SR,AS_NP26_EXP,DAM,SP_CLR_PRC,0.75,2
2025-12-13T03:00:00-00:00,2025-12-13T04:00:00-00:00,2025-12-12,20,0,Hourly,SR,AS_CAISO_EXP,DAM,SP_CLR_PRC,0.75,2
2025-12-13T03:00:00-00:00,2025-12-13T04:00:00-00:00,2025-12-12,20,0,Hourly,SR,AS_NP26,DAM,SP_CLR_PRC,0,2
2025-12-13T06:00:00-00:00,2025-12-13T07:00:00-00:00,2025-12-12,23,0,Hourly,SR,AS_CAISO,DAM,SP_CLR_PRC,0,2
2025-12-13T07:00:00-00:00,2025-12-13T08:00:00-00:00,2025-12-12,24,0,Hourly,SR,AS_SP26,DAM,SP_CLR_PRC,0,2
2025-12-12T14:00:00-00:00,2025-12-12T15:00:00-00:00,2025-12-12,7,0,Hourly,SR,AS_NP26,DAM,SP_CLR_PRC,0,2
2025-12-12T14:00:00-00:00,2025-12-12T15:00:00-00:00,2025-12-12,7,0,Hourly,SR,AS_SP26,DAM,SP_CLR_PRC,0,2
2025-12-12T15:00:00-00:00,2025-12-12T16:00:00-00:00,2025-12-12,8,0,Hourly,SR,AS_SP26_EXP,DAM,SP_CLR_PRC,0,2
2025-12-12T20:00:00-00:00,2025-12-12T21:00:00-00:00,2025-12-12,13,0,Hourly,SR,AS_CAISO_EXP,DAM,SP_CLR_PRC,0.17,2
2025-12-12T22:00:00-00:00,2025-12-12T23:00:00-00:00,2025-12-12,15,0,Hourly,SR,AS_SP26_EXP,DAM,SP_CLR_PRC,0,2
2025-12-13T02:00:00-00:00,2025-12-13T03:00:00-00:00,2025-12-12,19,0,Hourly,SR,AS_CAISO_EXP,DAM,SP_CLR_PRC,0.75,2
2025-12-13T03:00:00-00:00,2025-12-13T04:00:00-00:00,2025-12-12,20,0,Hourly,SR,AS_SP26_EXP,DAM,SP_CLR_PRC,0,2
2025-12-13T05:00:00-00:00,2025-12-13T06:00:00-00:00,2025-12-12,22,0,Hourly,SR,AS_NP26,DAM,SP_CLR_PRC,0,2
2025-12-13T06:00:00-00:00,2025-12-13T07:00:00-00:00,2025-12-12,23,0,Hourly,SR,AS_NP26_EXP,DAM,SP_CLR_PRC,0.46019,2
2025-12-13T06:00:00-00:00,2025-12-13T07:00:00-00:00,2025-12-12,23,0,Hourly,SR,AS_SP26_EXP,DAM,SP_CLR_PRC,0,2
2025-12-13T07:00:00-00:00,2025-12-13T08:00:00-00:00,2025-12-12,24,0,Hourly,SR,AS_NP26,DAM,SP_CLR_PRC,0,2
2025-12-12T09:00:00-00:00,2025-12-12T10:00:00-00:00,2025-12-12,2,0,Hourly,SR,AS_SP26,DAM,SP_CLR_PRC,0,2
2025-12-12T10:00:00-00:00,2025-12-12T11:00:00-00:00,2025-12-12,3,0,Hourly,SR,AS_CAISO,DAM,SP_CLR_PRC,0,2
2025-12-12T10:00:00-00:00,2025-12-12T11:00:00-00:00,2025-12-12,3,0,Hourly,SR,AS_SP26_EXP,DAM,SP_CLR_PRC,0,2
2025-12-12T11:00:00-00:00,2025-12-12T12:00:00-00:00,2025-12-12,4,0,Hourly,SR,AS_NP26_EXP,DAM,SP_CLR_PRC,0.25,2
2025-12-12T11:00:00-00:00,2025-12-12T12:00:00-00:00,2025-12-12,4,0,Hourly,SR,AS_SP26_EXP,DAM,SP_CLR_PRC,0,2
2025-12-12T13:00:00-00:00,2025-12-12T14:00:00-00:00,2025-12-12,6,0,Hourly,SR,AS_SP26_EXP,DAM,SP_CLR_PRC,0,2
2025-12-12T15:00:00-00:00,2025-12-12T16:00:00-00:00,2025-12-12,8,0,Hourly,SR,AS_CAISO,DAM,SP_CLR_PRC,0,2
2025-12-12T21:00:00-00:00,2025-12-12T22:00:00-00:00,2025-12-12,14,0,Hourly,SR,AS_CAISO_EXP,DAM,SP_CLR_PRC,0.17,2
2025-12-12T21:00:00-00:00,2025-12-12T22:00:00-00:00,2025-12-12,14,0,Hourly,SR,AS_NP26,DAM,SP_CLR_PRC,0,2
2025-12-13T00:00:00-00:00,2025-12-13T01:00:00-00:00,2025-12-12,17,0,Hourly,SR,AS_SP26_EXP,DAM,SP_CLR_PRC,0,2
2025-12-13T04:00:00-00:00,2025-12-13T05:00:00-00:00,2025-12-12,21,0,Hourly,SR,AS_NP26_EXP,DAM,SP_CLR_PRC,0.31986,2
2025-12-12T10:00:00-00:00,2025-12-12T11:00:00-00:00,2025-12-12,3,0,Hourly,SR,AS_CAISO_EXP,DAM,SP_CLR_PRC,1,2
2025-12-12T13:00:00-00:00,2025-12-12T14:00:00-00:00,2025-12-12,6,0,Hourly,SR,AS_NP26_EXP,DAM,SP_CLR_PRC,0.25,2
2025-12-12T14:00:00-00:00,2025-12-12T15:00:00-00:00,2025-12-12,7,0,Hourly,SR,AS_CAISO,DAM,SP_CLR_PRC,0,2
2025-12-12T16:00:00-00:00,2025-12-12T17:00:00-00:00,2025-12-12,9,0,Hourly,SR,AS_SP26_EXP,DAM,SP_CLR_PRC,0,2
2025-12-12T18:00:00-00:00,2025-12-12T19:00:00-00:00,2025-12-12,11,0,Hourly,SR,AS_NP26,DAM,SP_CLR_PRC,0,2
2025-12-12T18:00:00-00:00,2025-12-12T19:00:00-00:00,2025-12-12,11,0,Hourly,SR,AS_NP26_EXP,DAM,SP_CLR_PRC,1.33,2
2025-12-12T20:00:00-00:00,2025-12-12T21:00:00-00:00,2025-12-12,13,0,Hourly,SR,AS_SP26,DAM,SP_CLR_PRC,0,2
2025-12-12T22:00:00-00:00,2025-12-12T23:00:00-00:00,2025-12-12,15,0,Hourly,SR,AS_NP26,DAM,SP_CLR_PRC,0,2
2025-12-12T22:00:00-00:00,2025-12-12T23:00:00-00:00,2025-12-12,15,0,Hourly,SR,AS_NP26_EXP,DAM,SP_CLR_PRC,0.33,2
2025-12-13T00:00:00-00:00,2025-12-13T01:00:00-00:00,2025-12-12,17,0,Hourly,SR,AS_CAISO_EXP,DAM,SP_CLR_PRC,0.75,2
2025-12-13T00:00:00-00:00,2025-12-13T01:00:00-00:00,2025-12-12,17,0,Hourly,SR,AS_NP26,DAM,SP_CLR_PRC,0,2
2025-12-13T01:00:00-00:00,2025-12-13T02:00:00-00:00,2025-12-12,18,0,Hourly,SR,AS_CAISO,DAM,SP_CLR_PRC,0,2
2025-12-13T01:00:00-00:00,2025-12-13T02:00:00-00:00,2025-12-12,18,0,Hourly,SR,AS_CAISO_EXP,DAM,SP_CLR_PRC,0.56,2
2025-12-13T06:00:00-00:00,2025-12-13T07:00:00-00:00,2025-12-12,23,0,Hourly,SR,AS_SP26,DAM,SP_CLR_PRC,0,2
2025-12-13T07:00:00-00:00,2025-12-13T08:00:00-00:00,2025-12-12,24,0,Hourly,SR,AS_CAISO,DAM,SP_CLR_PRC,0,2
2025-12-13T07:00:00-00:00,2025-12-13T08:00:00-00:00,2025-12-12,24,0,Hourly,SR,AS_SP26_EXP,DAM,SP_CLR_PRC,0,2
2025-12-12T08:00:00-00:00,2025-12-12T09:00:00-00:00,2025-12-12,1,0,Hourly,SR,AS_SP26_EXP,DAM,SP_CLR_PRC,0,2
2025-12-12T10:00:00-00:00,2025-12-12T11:00:00-00:00,2025-12-12,3,0,Hourly,SR,AS_NP26_EXP,DAM,SP_CLR_PRC,0.5,2
2025-12-12T16:00:00-00:00,2025-12-12T17:00:00-00:00,2025-12-12,9,0,Hourly,SR,AS_CAISO,DAM,SP_CLR_PRC,0,2
2025-12-12T16:00:00-00:00,2025-12-12T17:00:00-00:00,2025-12-12,9,0,Hourly,SR,AS_NP26_EXP,DAM,SP_CLR_PRC,0.61179,2
2025-12-12T17:00:00-00:00,2025-12-12T18:00:00-00:00,2025-12-12,10,0,Hourly,SR,AS_CAISO,DAM,SP_CLR_PRC,0,2
2025-12-12T19:00:00-00:00,2025-12-12T20:00:00-00:00,2025-12-12,12,0,Hourly,SR,AS_CAISO,DAM,SP_CLR_PRC,0,2
2025-12-12T20:00:00-00:00,2025-12-12T21:00:00-00:00,2025-12-12,13,0,Hourly,SR,AS_CAISO,DAM,SP_CLR_PRC,0,2
2025-12-12T20:00:00-00:00,2025-12-12T21:00:00-00:00,2025-12-12,13,0,Hourly,SR,AS_NP26,DAM,SP_CLR_PRC,0,2
2025-12-12T21:00:00-00:00,2025-12-12T22:00:00-00:00,2025-12-12,14,0,Hourly,SR,AS_CAISO,DAM,SP_CLR_PRC,0,2
2025-12-12T22:00:00-00:00,2025-12-12T23:00:00-00:00,2025-12-12,15,0,Hourly,SR,AS_CAISO_EXP,DAM,SP_CLR_PRC,0.17,2
2025-12-13T00:00:00-00:00,2025-12-13T01:00:00-00:00,2025-12-12,17,0,Hourly,SR,AS_CAISO,DAM,SP_CLR_PRC,0,2
2025-12-13T00:00:00-00:00,2025-12-13T01:00:00-00:00,2025-12-12,17,0,Hourly,SR,AS_SP26,DAM,SP_CLR_PRC,0,2
2025-12-13T01:00:00-00:00,2025-12-13T02:00:00-00:00,2025-12-12,18,0,Hourly,SR,AS_NP26,DAM,SP_CLR_PRC,0,2
2025-12-13T02:00:00-00:00,2025-12-13T03:00:00-00:00,2025-12-12,19,0,Hourly,SR,AS_CAISO,DAM,SP_CLR_PRC,0,2
2025-12-13T02:00:00-00:00,2025-12-13T03:00:00-00:00,2025-12-12,19,0,Hourly,SR,AS_NP26,DAM,SP_CLR_PRC,0,2
2025-12-13T02:00:00-00:00,2025-12-13T03:00:00-00:00,2025-12-12,19,0,Hourly,SR,AS_SP26_EXP,DAM,SP_CLR_PRC,0,2
2025-12-13T03:00:00-00:00,2025-12-13T04:00:00-00:00,2025-12-12,20,0,Hourly,SR,AS_CAISO,DAM,SP_CLR_PRC,0,2
2025-12-13T03:00:00-00:00,2025-12-13T04:00:00-00:00,2025-12-12,20,0,Hourly,SR,AS_NP26_EXP,DAM,SP_CLR_PRC,0.75,2
2025-12-13T03:00:00-00:00,2025-12-13T04:00:00-00:00,2025-12-12,20,0,Hourly,SR,AS_SP26,DAM,SP_CLR_PRC,0,2
2025-12-13T04:00:00-00:00,2025-12-13T05:00:00-00:00,2025-12-12,21,0,Hourly,SR,AS_CAISO,DAM,SP_CLR_PRC,0,2
2025-12-13T04:00:00-00:00,2025-12-13T05:00:00-00:00,2025-12-12,21,0,Hourly,SR,AS_SP26_EXP,DAM,SP_CLR_PRC,0,2
2025-12-13T06:00:00-00:00,2025-12-13T07:00:00-00:00,2025-12-12,23,0,Hourly,SR,AS_CAISO_EXP,DAM,SP_CLR_PRC,1.03981,2
2025-12-12T08:00:00-00:00,2025-12-12T09:00:00-00:00,2025-12-12,1,0,Hourly,SR,AS_NP26_EXP,DAM,SP_CLR_PRC,0.5,2
2025-12-12T09:00:00-00:00,2025-12-12T10:00:00-00:00,2025-12-12,2,0,Hourly,SR,AS_NP26,DAM,SP_CLR_PRC,0,2
2025-12-12T12:00:00-00:00,2025-12-12T13:00:00-00:00,2025-12-12,5,0,Hourly,SR,AS_CAISO_EXP,DAM,SP_CLR_PRC,0.75,2
2025-12-12T12:00:00-00:00,2025-12-12T13:00:00-00:00,2025-12-12,5,0,Hourly,SR,AS_SP26_EXP,DAM,SP_CLR_PRC,0,2
2025-12-12T08:00:00-00:00,2025-12-12T09:00:00-00:00,2025-12-12,1,0,Hourly,SR,AS_NP26,DAM,SP_CLR_PRC,0,2
2025-12-12T09:00:00-00:00,2025-12-12T10:00:00-00:00,2025-12-12,2,0,Hourly,SR,AS_CAISO,DAM,SP_CLR_PRC,0,2
2025-12-12T10:00:00-00:00,2025-12-12T11:00:00-00:00,2025-12-12,3,0,Hourly,SR,AS_NP26,DAM,SP_CLR_PRC,0,2
2025-12-12T11:00:00-00:00,2025-12-12T12:00:00-00:00,2025-12-12,4,0,Hourly,SR,AS_CAISO_EXP,DAM,SP_CLR_PRC,0.75,2
2025-12-12T11:00:00-00:00,2025-12-12T12:00:00-00:00,2025-12-12,4,0,Hourly,SR,AS_NP26,DAM,SP_CLR_PRC,0,2
2025-12-12T13:00:00-00:00,2025-12-12T14:00:00-00:00,2025-12-12,6,0,Hourly,SR,AS_CAISO_EXP,DAM,SP_CLR_PRC,0.75,2
2025-12-12T15:00:00-00:00,2025-12-12T16:00:00-00:00,2025-12-12,8,0,Hourly,SR,AS_NP26,DAM,SP_CLR_PRC,0,2
2025-12-12T17:00:00-00:00,2025-12-12T18:00:00-00:00,2025-12-12,10,0,Hourly,SR,AS_NP26,DAM,SP_CLR_PRC,0,2
2025-12-12T17:00:00-00:00,2025-12-12T18:00:00-00:00,2025-12-12,10,0,Hourly,SR,AS_SP26,DAM,SP_CLR_PRC,0,2
2025-12-12T18:00:00-00:00,2025-12-12T19:00:00-00:00,2025-12-12,11,0,Hourly,SR,AS_SP26,DAM,SP_CLR_PRC,0,2
2025-12-12T19:00:00-00:00,2025-12-12T20:00:00-00:00,2025-12-12,12,0,Hourly,SR,AS_CAISO_EXP,DAM,SP_CLR_PRC,0.17,2
2025-12-12T19:00:00-00:00,2025-12-12T20:00:00-00:00,2025-12-12,12,0,Hourly,SR,AS_SP26_EXP,DAM,SP_CLR_PRC,0,2
2025-12-12T20:00:00-00:00,2025-12-12T21:00:00-00:00,2025-12-12,13,0,Hourly,SR,AS_SP26_EXP,DAM,SP_CLR_PRC,0,2
2025-12-12T23:00:00-00:00,2025-12-13T00:00:00-00:00,2025-12-12,16,0,Hourly,SR,AS_CAISO,DAM,SP_CLR_PRC,0,2
2025-12-12T23:00:00-00:00,2025-12-13T00:00:00-00:00,2025-12-12,16,0,Hourly,SR,AS_CAISO_EXP,DAM,SP_CLR_PRC,0.19,2
2025-12-12T23:00:00-00:00,2025-12-13T00:00:00-00:00,2025-12-12,16,0,Hourly,SR,AS_NP26,DAM,SP_CLR_PRC,0,2
2025-12-12T23:00:00-00:00,2025-12-13T00:00:00-00:00,2025-12-12,16,0,Hourly,SR,AS_NP26_EXP,DAM,SP_CLR_PRC,0.92,2
2025-12-12T23:00:00-00:00,2025-12-13T00:00:00-00:00,2025-12-12,16,0,Hourly,SR,AS_SP26,DAM,SP_CLR_PRC,0,2
2025-12-13T01:00:00-00:00,2025-12-13T02:00:00-00:00,2025-12-12,18,0,Hourly,SR,AS_SP26,DAM,SP_CLR_PRC,0,2
2025-12-13T04:00:00-00:00,2025-12-13T05:00:00-00:00,2025-12-12,21,0,Hourly,SR,AS_CAISO_EXP,DAM,SP_CLR_PRC,0.68014,2
2025-12-13T05:00:00-00:00,2025-12-13T06:00:00-00:00,2025-12-12,22,0,Hourly,SR,AS_NP26_EXP,DAM,SP_CLR_PRC,0.75,2
2025-12-13T05:00:00-00:00,2025-12-13T06:00:00-00:00,2025-12-12,22,0,Hourly,SR,AS_SP26_EXP,DAM,SP_CLR_PRC,0,2
2025-12-13T07:00:00-00:00,2025-12-13T08:00:00-00:00,2025-12-12,24,0,Hourly,SR,AS_NP26_EXP,DAM,SP_CLR_PRC,1,2
2025-12-12T08:00:00-00:00,2025-12-12T09:00:00-00:00,2025-12-12,1,0,Hourly,SR,AS_SP26,DAM,SP_CLR_PRC,0,2
2025-12-12T09:00:00-00:00,2025-12-12T10:00:00-00:00,2025-12-12,2,0,Hourly,SR,AS_CAISO_EXP,DAM,SP_CLR_PRC,1,2
2025-12-12T13:00:00-00:00,2025-12-12T14:00:00-00:00,2025-12-12,6,0,Hourly,SR,AS_SP26,DAM,SP_CLR_PRC,0,2
2025-12-12T15:00:00-00:00,2025-12-12T16:00:00-00:00,2025-12-12,8,0,Hourly,SR,AS_NP26_EXP,DAM,SP_CLR_PRC,1.5,2
2025-12-12T15:00:00-00:00,2025-12-12T16:00:00-00:00,2025-12-12,8,0,Hourly,SR,AS_SP26,DAM,SP_CLR_PRC,0,2
2025-12-12T17:00:00-00:00,2025-12-12T18:00:00-00:00,2025-12-12,10,0,Hourly,SR,AS_NP26_EXP,DAM,SP_CLR_PRC,1.33,2
2025-12-12T18:00:00-00:00,2025-12-12T19:00:00-00:00,2025-12-12,11,0,Hourly,SR,AS_SP26_EXP,DAM,SP_CLR_PRC,0,2
2025-12-12T20:00:00-00:00,2025-12-12T21:00:00-00:00,2025-12-12,13,0,Hourly,SR,AS_NP26_EXP,DAM,SP_CLR_PRC,0.91,2
2025-12-13T00:00:00-00:00,2025-12-13T01:00:00-00:00,2025-12-12,17,0,Hourly,SR,AS_NP26_EXP,DAM,SP_CLR_PRC,0.75,2
2025-12-13T04:00:00-00:00,2025-12-13T05:00:00-00:00,2025-12-12,21,0,Hourly,SR,AS_NP26,DAM,SP_CLR_PRC,0,2
2025-12-13T05:00:00-00:00,2025-12-13T06:00:00-00:00,2025-12-12,22,0,Hourly,SR,AS_CAISO,DAM,SP_CLR_PRC,0,2
2025-12-13T05:00:00-00:00,2025-12-13T06:00:00-00:00,2025-12-12,22,0,Hourly,SR,AS_CAISO_EXP,DAM,SP_CLR_PRC,0.75,2
2025-12-12T08:00:00-00:00,2025-12-12T09:00:00-00:00,2025-12-12,1,0,Hourly,SR,AS_CAISO_EXP,DAM,SP_CLR_PRC,1,2
2025-12-12T10:00:00-00:00,2025-12-12T11:00:00-00:00,2025-12-12,3,0,Hourly,SR,AS_SP26,DAM,SP_CLR_PRC,0,2
2025-12-12T12:00:00-00:00,2025-12-12T13:00:00-00:00,2025-12-12,5,0,Hourly,SR,AS_NP26_EXP,DAM,SP_CLR_PRC,0.25,2
2025-12-12T12:00:00-00:00,2025-12-12T13:00:00-00:00,2025-12-12,5,0,Hourly,SR,AS_SP26,DAM,SP_CLR_PRC,0,2
2025-12-12T15:00:00-00:00,2025-12-12T16:00:00-00:00,2025-12-12,8,0,Hourly,SR,AS_CAISO_EXP,DAM,SP_CLR_PRC,1,2
2025-12-12T16:00:00-00:00,2025-12-12T17:00:00-00:00,2025-12-12,9,0,Hourly,SR,AS_NP26,DAM,SP_CLR_PRC,0,2
2025-12-12T17:00:00-00:00,2025-12-12T18:00:00-00:00,2025-12-12,10,0,Hourly,SR,AS_CAISO_EXP,DAM,SP_CLR_PRC,0.17,2
2025-12-12T17:00:00-00:00,2025-12-12T18:00:00-00:00,2025-12-12,10,0,Hourly,SR,AS_SP26_EXP,DAM,SP_CLR_PRC,0,2
2025-12-12T18:00:00-00:00,2025-12-12T19:00:00-00:00,2025-12-12,11,0,Hourly,SR,AS_CAISO,DAM,SP_CLR_PRC,0,2
2025-12-12T19:00:00-00:00,2025-12-12T20:00:00-00:00,2025-12-12,12,0,Hourly,SR,AS_NP26,DAM,SP_CLR_PRC,0,2
2025-12-12T19:00:00-00:00,2025-12-12T20:00:00-00:00,2025-12-12,12,0,Hourly,SR,AS_SP26,DAM,SP_CLR_PRC,0,2
2025-12-12T21:00:00-00:00,2025-12-12T22:00:00-00:00,2025-12-12,14,0,Hourly,SR,AS_NP26_EXP,DAM,SP_CLR_PRC,0.88,2
2025-12-12T21:00:00-00:00,2025-12-12T22:00:00-00:00,2025-12-12,14,0,Hourly,SR,AS_SP26_EXP,DAM,SP_CLR_PRC,0,2
2025-12-12T22:00:00-00:00,2025-12-12T23:00:00-00:00,2025-12-12,15,0,Hourly,SR,AS_SP26,DAM,SP_CLR_PRC,0,2
2025-12-12T23:00:00-00:00,2025-12-13T00:00:00-00:00,2025-12-12,16,0,Hourly,SR,AS_SP26_EXP,DAM,SP_CLR_PRC,0,2
2025-12-13T01:00:00-00:00,2025-12-13T02:00:00-00:00,2025-12-12,18,0,Hourly,SR,AS_SP26_EXP,DAM,SP_CLR_PRC,0,2
2025-12-13T02:00:00-00:00,2025-12-13T03:00:00-00:00,2025-12-12,19,0,Hourly,SR,AS_SP26,DAM,SP_CLR_PRC,0,2
2025-12-13T04:00:00-00:00,2025-12-13T05:00:00-00:00,2025-12-12,21,0,Hourly,SR,AS_SP26,DAM,SP_CLR_PRC,0,2
2025-12-13T05:00:00-00:00,2025-12-13T06:00:00-00:00,2025-12-12,22,0,Hourly,SR,AS_SP26,DAM,SP_CLR_PRC,0,2
2025-12-13T06:00:00-00:00,2025-12-13T07:00:00-00:00,2025-12-12,23,0,Hourly,SR,AS_NP26,DAM,SP_CLR_PRC,0,2
2025-12-13T07:00:00-00:00,2025-12-13T08:00:00-00:00,2025-12-12,24,0,Hourly,SR,AS_CAISO_EXP,DAM,SP_CLR_PRC,1,2
2025-12-12T08:00:00-00:00,2025-12-12T09:00:00-00:00,2025-12-12,1,0,Hourly,SR,AS_CAISO,DAM,SP_CLR_PRC,0,2
2025-12-12T09:00:00-00:00,2025-12-12T10:00:00-00:00,2025-12-12,2,0,Hourly,SR,AS_NP26_EXP,DAM,SP_CLR_PRC,0.5,2
2025-12-12T09:00:00-00:00,2025-12-12T10:00:00-00:00,2025-12-12,2,0,Hourly,SR,AS_SP26_EXP,DAM,SP_CLR_PRC,0,2
2025-12-12T11:00:00-00:00,2025-12-12T12:00:00-00:00,2025-12-12,4,0,Hourly,SR,AS_CAISO,DAM,SP_CLR_PRC,0,2
2025-12-12T11:00:00-00:00,2025-12-12T12:00:00-00:00,2025-12-12,4,0,Hourly,SR,AS_SP26,DAM,SP_CLR_PRC,0,2
2025-12-12T12:00:00-00:00,2025-12-12T13:00:00-00:00,2025-12-12,5,0,Hourly,SR,AS_CAISO,DAM,SP_CLR_PRC,0,2
2025-12-12T12:00:00-00:00,2025-12-12T13:00:00-00:00,2025-12-12,5,0,Hourly,SR,AS_NP26,DAM,SP_CLR_PRC,0,2
2025-12-12T14:00:00-00:00,2025-12-12T15:00:00-00:00,2025-12-12,7,0,Hourly,SR,AS_CAISO_EXP,DAM,SP_CLR_PRC,1,2
2025-12-14T00:00:00-00:00,2025-12-14T01:00:00-00:00,2025-12-13,17,0,Hourly,SR,AS_SP26_EXP,DAM,SP_CLR_PRC,0,3
2025-12-14T02:00:00-00:00,2025-12-14T03:00:00-00:00,2025-12-13,19,0,Hourly,SR,AS_NP26,DAM,SP_CLR_PRC,0,3
2025-12-14T02:00:00-00:00,2025-12-14T03:00:00-00:00,2025-12-13,19,0,Hourly,SR,AS_NP26_EXP,DAM,SP_CLR_PRC,0.40285,3
2025-12-14T07:00:00-00:00,2025-12-14T08:00:00-00:00,2025-12-13,24,0,Hourly,SR,AS_CAISO,DAM,SP_CLR_PRC,0,3
2025-12-13T08:00:00-00:00,2025-12-13T09:00:00-00:00,2025-12-13,1,0,Hourly,SR,AS_SP26_EXP,DAM,SP_CLR_PRC,0,3
2025-12-13T11:00:00-00:00,2025-12-13T12:00:00-00:00,2025-12-13,4,0,Hourly,SR,AS_NP26_EXP,DAM,SP_CLR_PRC,0.25,3
2025-12-13T15:00:00-00:00,2025-12-13T16:00:00-00:00,2025-12-13,8,0,Hourly,SR,AS_CAISO,DAM,SP_CLR_PRC,0,3
2025-12-13T15:00:00-00:00,2025-12-13T16:00:00-00:00,2025-12-13,8,0,Hourly,SR,AS_NP26_EXP,DAM,SP_CLR_PRC,0.25,3
2025-12-13T17:00:00-00:00,2025-12-13T18:00:00-00:00,2025-12-13,10,0,Hourly,SR,AS_SP26,DAM,SP_CLR_PRC,0,3
2025-12-13T20:00:00-00:00,2025-12-13T21:00:00-00:00,2025-12-13,13,0,Hourly,SR,AS_NP26,DAM,SP_CLR_PRC,0,3
2025-12-13T23:00:00-00:00,2025-12-14T00:00:00-00:00,2025-12-13,16,0,Hourly,SR,AS_NP26_EXP,DAM,SP_CLR_PRC,0.83,3
2025-12-14T02:00:00-00:00,2025-12-14T03:00:00-00:00,2025-12-13,19,0,Hourly,SR,AS_SP26,DAM,SP_CLR_PRC,0,3
2025-12-14T03:00:00-00:00,2025-12-14T04:00:00-00:00,2025-12-13,20,0,Hourly,SR,AS_CAISO,DAM,SP_CLR_PRC,0,3
2025-12-14T04:00:00-00:00,2025-12-14T05:00:00-00:00,2025-12-13,21,0,Hourly,SR,AS_CAISO_EXP,DAM,SP_CLR_PRC,0.40582,3
2025-12-14T05:00:00-00:00,2025-12-14T06:00:00-00:00,2025-12-13,22,0,Hourly,SR,AS_NP26,DAM,SP_CLR_PRC,0,3
2025-12-14T06:00:00-00:00,2025-12-14T07:00:00-00:00,2025-12-13,23,0,Hourly,SR,AS_NP26_EXP,DAM,SP_CLR_PRC,1.31477,3
2025-12-13T13:00:00-00:00,2025-12-13T14:00:00-00:00,2025-12-13,6,0,Hourly,SR,AS_NP26,DAM,SP_CLR_PRC,0,3
2025-12-13T13:00:00-00:00,2025-12-13T14:00:00-00:00,2025-12-13,6,0,Hourly,SR,AS_NP26_EXP,DAM,SP_CLR_PRC,0.25,3
2025-12-13T14:00:00-00:00,2025-12-13T15:00:00-00:00,2025-12-13,7,0,Hourly,SR,AS_CAISO,DAM,SP_CLR_PRC,0,3
2025-12-13T15:00:00-00:00,2025-12-13T16:00:00-00:00,2025-12-13,8,0,Hourly,SR,AS_NP26,DAM,SP_CLR_PRC,0,3
2025-12-13T16:00:00-00:00,2025-12-13T17:00:00-00:00,2025-12-13,9,0,Hourly,SR,AS_SP26,DAM,SP_CLR_PRC,0,3
2025-12-13T16:00:00-00:00,2025-12-13T17:00:00-00:00,2025-12-13,9,0,Hourly,SR,AS_SP26_EXP,DAM,SP_CLR_PRC,0,3
2025-12-13T19:00:00-00:00,2025-12-13T20:00:00-00:00,2025-12-13,12,0,Hourly,SR,AS_CAISO_EXP,DAM,SP_CLR_PRC,0.17,3
2025-12-13T20:00:00-00:00,2025-12-13T21:00:00-00:00,2025-12-13,13,0,Hourly,SR,AS_CAISO,DAM,SP_CLR_PRC,0,3
2025-12-13T20:00:00-00:00,2025-12-13T21:00:00-00:00,2025-12-13,13,0,Hourly,SR,AS_CAISO_EXP,DAM,SP_CLR_PRC,0.17,3
2025-12-13T21:00:00-00:00,2025-12-13T22:00:00-00:00,2025-12-13,14,0,Hourly,SR,AS_SP26,DAM,SP_CLR_PRC,0,3
2025-12-13T22:00:00-00:00,2025-12-13T23:00:00-00:00,2025-12-13,15,0,Hourly,SR,AS_CAISO,DAM,SP_CLR_PRC,0,3
2025-12-14T01:00:00-00:00,2025-12-14T02:00:00-00:00,2025-12-13,18,0,Hourly,SR,AS_CAISO,DAM,SP_CLR_PRC,0,3
2025-12-14T03:00:00-00:00,2025-12-14T04:00:00-00:00,2025-12-13,20,0,Hourly,SR,AS_SP26,DAM,SP_CLR_PRC,0,3
2025-12-14T06:00:00-00:00,2025-12-14T07:00:00-00:00,2025-12-13,23,0,Hourly,SR,AS_SP26_EXP,DAM,SP_CLR_PRC,0,3
2025-12-14T07:00:00-00:00,2025-12-14T08:00:00-00:00,2025-12-13,24,0,Hourly,SR,AS_CAISO_EXP,DAM,SP_CLR_PRC,1,3
2025-12-14T07:00:00-00:00,2025-12-14T08:00:00-00:00,2025-12-13,24,0,Hourly,SR,AS_SP26_EXP,DAM,SP_CLR_PRC,0,3
2025-12-13T09:00:00-00:00,2025-12-13T10:00:00-00:00,2025-12-13,2,0,Hourly,SR,AS_CAISO_EXP,DAM,SP_CLR_PRC,1.4185,3
2025-12-13T09:00:00-00:00,2025-12-13T10:00:00-00:00,2025-12-13,2,0,Hourly,SR,AS_NP26_EXP,DAM,SP_CLR_PRC,0.5815,3
2025-12-13T10:00:00-00:00,2025-12-13T11:00:00-00:00,2025-12-13,3,0,Hourly,SR,AS_SP26,DAM,SP_CLR_PRC,0,3
2025-12-13T11:00:00-00:00,2025-12-13T12:00:00-00:00,2025-12-13,4,0,Hourly,SR,AS_CAISO,DAM,SP_CLR_PRC,0,3
2025-12-13T11:00:00-00:00,2025-12-13T12:00:00-00:00,2025-12-13,4,0,Hourly,SR,AS_NP26,DAM,SP_CLR_PRC,0,3
2025-12-13T12:00:00-00:00,2025-12-13T13:00:00-00:00,2025-12-13,5,0,Hourly,SR,AS_CAISO,DAM,SP_CLR_PRC,0,3
2025-12-13T13:00:00-00:00,2025-12-13T14:00:00-00:00,2025-12-13,6,0,Hourly,SR,AS_CAISO,DAM,SP_CLR_PRC,0,3
2025-12-13T14:00:00-00:00,2025-12-13T15:00:00-00:00,2025-12-13,7,0,Hourly,SR,AS_SP26,DAM,SP_CLR_PRC,0,3
2025-12-13T15:00:00-00:00,2025-12-13T16:00:00-00:00,2025-12-13,8,0,Hourly,SR,AS_CAISO_EXP,DAM,SP_CLR_PRC,0.75,3
2025-12-13T15:00:00-00:00,2025-12-13T16:00:00-00:00,2025-12-13,8,0,Hourly,SR,AS_SP26_EXP,DAM,SP_CLR_PRC,0,3
2025-12-13T17:00:00-00:00,2025-12-13T18:00:00-00:00,2025-12-13,10,0,Hourly,SR,AS_CAISO_EXP,DAM,SP_CLR_PRC,0.21158,3
2025-12-13T17:00:00-00:00,2025-12-13T18:00:00-00:00,2025-12-13,10,0,Hourly,SR,AS_NP26,DAM,SP_CLR_PRC,0,3
2025-12-13T19:00:00-00:00,2025-12-13T20:00:00-00:00,2025-12-13,12,0,Hourly,SR,AS_NP26_EXP,DAM,SP_CLR_PRC,0.8,3
2025-12-13T19:00:00-00:00,2025-12-13T20:00:00-00:00,2025-12-13,12,0,Hourly,SR,AS_SP26_EXP,DAM,SP_CLR_PRC,0,3
2025-12-13T20:00:00-00:00,2025-12-13T21:00:00-00:00,2025-12-13,13,0,Hourly,SR,AS_SP26,DAM,SP_CLR_PRC,0,3
2025-12-13T20:00:00-00:00,2025-12-13T21:00:00-00:00,2025-12-13,13,0,Hourly,SR,AS_SP26_EXP,DAM,SP_CLR_PRC,0,3
2025-12-13T22:00:00-00:00,2025-12-13T23:00:00-00:00,2025-12-13,15,0,Hourly,SR,AS_SP26,DAM,SP_CLR_PRC,0,3
2025-12-14T00:00:00-00:00,2025-12-14T01:00:00-00:00,2025-12-13,17,0,Hourly,SR,AS_NP26_EXP,DAM,SP_CLR_PRC,0.25,3
2025-12-14T01:00:00-00:00,2025-12-14T02:00:00-00:00,2025-12-13,18,0,Hourly,SR,AS_SP26_EXP,DAM,SP_CLR_PRC,0,3
2025-12-14T02:00:00-00:00,2025-12-14T03:00:00-00:00,2025-12-13,19,0,Hourly,SR,AS_CAISO,DAM,SP_CLR_PRC,0,3
2025-12-14T04:00:00-00:00,2025-12-14T05:00:00-00:00,2025-12-13,21,0,Hourly,SR,AS_CAISO,DAM,SP_CLR_PRC,0,3
2025-12-14T05:00:00-00:00,2025-12-14T06:00:00-00:00,2025-12-13,22,0,Hourly,SR,AS_NP26_EXP,DAM,SP_CLR_PRC,0.25,3
2025-12-14T05:00:00-00:00,2025-12-14T06:00:00-00:00,2025-12-13,22,0,Hourly,SR,AS_SP26,DAM,SP_CLR_PRC,0,3
2025-12-14T06:00:00-00:00,2025-12-14T07:00:00-00:00,2025-12-13,23,0,Hourly,SR,AS_CAISO_EXP,DAM,SP_CLR_PRC,0.68523,3
2025-12-14T06:00:00-00:00,2025-12-14T07:00:00-00:00,2025-12-13,23,0,Hourly,SR,AS_SP26,DAM,SP_CLR_PRC,0,3
2025-12-13T08:00:00-00:00,2025-12-13T09:00:00-00:00,2025-12-13,1,0,Hourly,SR,AS_NP26_EXP,DAM,SP_CLR_PRC,1.27767,3
2025-12-13T09:00:00-00:00,2025-12-13T10:00:00-00:00,2025-12-13,2,0,Hourly,SR,AS_NP26,DAM,SP_CLR_PRC,0,3
2025-12-13T09:00:00-00:00,2025-12-13T10:00:00-00:00,2025-12-13,2,0,Hourly,SR,AS_SP26,DAM,SP_CLR_PRC,0,3
2025-12-13T10:00:00-00:00,2025-12-13T11:00:00-00:00,2025-12-13,3,0,Hourly,SR,AS_NP26_EXP,DAM,SP_CLR_PRC,0.08,3
2025-12-13T12:00:00-00:00,2025-12-13T13:00:00-00:00,2025-12-13,5,0,Hourly,SR,AS_CAISO_EXP,DAM,SP_CLR_PRC,0.75,3
2025-12-13T13:00:00-00:00,2025-12-13T14:00:00-00:00,2025-12-13,6,0,Hourly,SR,AS_SP26_EXP,DAM,SP_CLR_PRC,0,3
2025-12-13T14:00:00-00:00,2025-12-13T15:00:00-00:00,2025-12-13,7,0,Hourly,SR,AS_CAISO_EXP,DAM,SP_CLR_PRC,0.8248,3
2025-12-13T14:00:00-00:00,2025-12-13T15:00:00-00:00,2025-12-13,7,0,Hourly,SR,AS_NP26,DAM,SP_CLR_PRC,0,3
2025-12-13T16:00:00-00:00,2025-12-13T17:00:00-00:00,2025-12-13,9,0,Hourly,SR,AS_CAISO,DAM,SP_CLR_PRC,0,3
2025-12-13T16:00:00-00:00,2025-12-13T17:00:00-00:00,2025-12-13,9,0,Hourly,SR,AS_NP26_EXP,DAM,SP_CLR_PRC,0.04385,3
2025-12-13T17:00:00-00:00,2025-12-13T18:00:00-00:00,2025-12-13,10,0,Hourly,SR,AS_CAISO,DAM,SP_CLR_PRC,0,3
2025-12-13T17:00:00-00:00,2025-12-13T18:00:00-00:00,2025-12-13,10,0,Hourly,SR,AS_NP26_EXP,DAM,SP_CLR_PRC,0.95,3
2025-12-13T18:00:00-00:00,2025-12-13T19:00:00-00:00,2025-12-13,11,0,Hourly,SR,AS_NP26,DAM,SP_CLR_PRC,0,3
2025-12-13T18:00:00-00:00,2025-12-13T19:00:00-00:00,2025-12-13,11,0,Hourly,SR,AS_SP26,DAM,SP_CLR_PRC,0,3
2025-12-13T18:00:00-00:00,2025-12-13T19:00:00-00:00,2025-12-13,11,0,Hourly,SR,AS_SP26_EXP,DAM,SP_CLR_PRC,0,3
2025-12-13T19:00:00-00:00,2025-12-13T20:00:00-00:00,2025-12-13,12,0,Hourly,SR,AS_NP26,DAM,SP_CLR_PRC,0,3
2025-12-13T19:00:00-00:00,2025-12-13T20:00:00-00:00,2025-12-13,12,0,Hourly,SR,AS_SP26,DAM,SP_CLR_PRC,0,3
2025-12-13T20:00:00-00:00,2025-12-13T21:00:00-00:00,2025-12-13,13,0,Hourly,SR,AS_NP26_EXP,DAM,SP_CLR_PRC,0.13,3
2025-12-13T21:00:00-00:00,2025-12-13T22:00:00-00:00,2025-12-13,14,0,Hourly,SR,AS_NP26_EXP,DAM,SP_CLR_PRC,0.13,3
2025-12-13T22:00:00-00:00,2025-12-13T23:00:00-00:00,2025-12-13,15,0,Hourly,SR,AS_NP26_EXP,DAM,SP_CLR_PRC,0.13,3
2025-12-14T00:00:00-00:00,2025-12-14T01:00:00-00:00,2025-12-13,17,0,Hourly,SR,AS_CAISO,DAM,SP_CLR_PRC,0,3
2025-12-14T00:00:00-00:00,2025-12-14T01:00:00-00:00,2025-12-13,17,0,Hourly,SR,AS_CAISO_EXP,DAM,SP_CLR_PRC,0.75,3
2025-12-14T00:00:00-00:00,2025-12-14T01:00:00-00:00,2025-12-13,17,0,Hourly,SR,AS_SP26,DAM,SP_CLR_PRC,0,3
2025-12-13T09:00:00-00:00,2025-12-13T10:00:00-00:00,2025-12-13,2,0,Hourly,SR,AS_CAISO,DAM,SP_CLR_PRC,0,3
2025-12-13T09:00:00-00:00,2025-12-13T10:00:00-00:00,2025-12-13,2,0,Hourly,SR,AS_SP26_EXP,DAM,SP_CLR_PRC,0,3
2025-12-13T11:00:00-00:00,2025-12-13T12:00:00-00:00,2025-12-13,4,0,Hourly,SR,AS_SP26,DAM,SP_CLR_PRC,0,3
2025-12-13T21:00:00-00:00,2025-12-13T22:00:00-00:00,2025-12-13,14,0,Hourly,SR,AS_CAISO,DAM,SP_CLR_PRC,0,3
2025-12-13T23:00:00-00:00,2025-12-14T00:00:00-00:00,2025-12-13,16,0,Hourly,SR,AS_SP26,DAM,SP_CLR_PRC,0,3
2025-12-13T23:00:00-00:00,2025-12-14T00:00:00-00:00,2025-12-13,16,0,Hourly,SR,AS_SP26_EXP,DAM,SP_CLR_PRC,0,3
2025-12-14T05:00:00-00:00,2025-12-14T06:00:00-00:00,2025-12-13,22,0,Hourly,SR,AS_CAISO_EXP,DAM,SP_CLR_PRC,0.75,3
2025-12-14T05:00:00-00:00,2025-12-14T06:00:00-00:00,2025-12-13,22,0,Hourly,SR,AS_SP26_EXP,DAM,SP_CLR_PRC,0,3
2025-12-14T07:00:00-00:00,2025-12-14T08:00:00-00:00,2025-12-13,24,0,Hourly,SR,AS_NP26,DAM,SP_CLR_PRC,0,3
2025-12-13T08:00:00-00:00,2025-12-13T09:00:00-00:00,2025-12-13,1,0,Hourly,SR,AS_CAISO_EXP,DAM,SP_CLR_PRC,1.22233,3
2025-12-13T08:00:00-00:00,2025-12-13T09:00:00-00:00,2025-12-13,1,0,Hourly,SR,AS_NP26,DAM,SP_CLR_PRC,0,3
2025-12-13T10:00:00-00:00,2025-12-13T11:00:00-00:00,2025-12-13,3,0,Hourly,SR,AS_NP26,DAM,SP_CLR_PRC,0,3
2025-12-13T13:00:00-00:00,2025-12-13T14:00:00-00:00,2025-12-13,6,0,Hourly,SR,AS_SP26,DAM,SP_CLR_PRC,0,3
2025-12-13T17:00:00-00:00,2025-12-13T18:00:00-00:00,2025-12-13,10,0,Hourly,SR,AS_SP26_EXP,DAM,SP_CLR_PRC,0,3
2025-12-13T18:00:00-00:00,2025-12-13T19:00:00-00:00,2025-12-13,11,0,Hourly,SR,AS_NP26_EXP,DAM,SP_CLR_PRC,0.65636,3
2025-12-13T22:00:00-00:00,2025-12-13T23:00:00-00:00,2025-12-13,15,0,Hourly,SR,AS_CAISO_EXP,DAM,SP_CLR_PRC,0.17,3
2025-12-13T22:00:00-00:00,2025-12-13T23:00:00-00:00,2025-12-13,15,0,Hourly,SR,AS_SP26_EXP,DAM,SP_CLR_PRC,0,3
2025-12-13T23:00:00-00:00,2025-12-14T00:00:00-00:00,2025-12-13,16,0,Hourly,SR,AS_CAISO_EXP,DAM,SP_CLR_PRC,0.17,3
2025-12-14T00:00:00-00:00,2025-12-14T01:00:00-00:00,2025-12-13,17,0,Hourly,SR,AS_NP26,DAM,SP_CLR_PRC,0,3
2025-12-14T01:00:00-00:00,2025-12-14T02:00:00-00:00,2025-12-13,18,0,Hourly,SR,AS_NP26,DAM,SP_CLR_PRC,0,3
2025-12-14T01:00:00-00:00,2025-12-14T02:00:00-00:00,2025-12-13,18,0,Hourly,SR,AS_SP26,DAM,SP_CLR_PRC,0,3
2025-12-14T02:00:00-00:00,2025-12-14T03:00:00-00:00,2025-12-13,19,0,Hourly,SR,AS_SP26_EXP,DAM,SP_CLR_PRC,0,3
2025-12-14T03:00:00-00:00,2025-12-14T04:00:00-00:00,2025-12-13,20,0,Hourly,SR,AS_NP26_EXP,DAM,SP_CLR_PRC,0.57294,3
2025-12-14T03:00:00-00:00,2025-12-14T04:00:00-00:00,2025-12-13,20,0,Hourly,SR,AS_SP26_EXP,DAM,SP_CLR_PRC,0,3
2025-12-14T05:00:00-00:00,2025-12-14T06:00:00-00:00,2025-12-13,22,0,Hourly,SR,AS_CAISO,DAM,SP_CLR_PRC,0,3
2025-12-14T06:00:00-00:00,2025-12-14T07:00:00-00:00,2025-12-13,23,0,Hourly,SR,AS_NP26,DAM,SP_CLR_PRC,0,3
2025-12-14T07:00:00-00:00,2025-12-14T08:00:00-00:00,2025-12-13,24,0,Hourly,SR,AS_NP26_EXP,DAM,SP_CLR_PRC,1,3
2025-12-14T07:00:00-00:00,2025-12-14T08:00:00-00:00,2025-12-13,24,0,Hourly,SR,AS_SP26,DAM,SP_CLR_PRC,0,3
2025-12-13T08:00:00-00:00,2025-12-13T09:00:00-00:00,2025-12-13,1,0,Hourly,SR,AS_CAISO,DAM,SP_CLR_PRC,0,3
2025-12-13T08:00:00-00:00,2025-12-13T09:00:00-00:00,2025-12-13,1,0,Hourly,SR,AS_SP26,DAM,SP_CLR_PRC,0,3
2025-12-13T10:00:00-00:00,2025-12-13T11:00:00-00:00,2025-12-13,3,0,Hourly,SR,AS_SP26_EXP,DAM,SP_CLR_PRC,0,3
2025-12-13T11:00:00-00:00,2025-12-13T12:00:00-00:00,2025-12-13,4,0,Hourly,SR,AS_SP26_EXP,DAM,SP_CLR_PRC,0,3
2025-12-13T12:00:00-00:00,2025-12-13T13:00:00-00:00,2025-12-13,5,0,Hourly,SR,AS_SP26_EXP,DAM,SP_CLR_PRC,0,3
2025-12-13T14:00:00-00:00,2025-12-13T15:00:00-00:00,2025-12-13,7,0,Hourly,SR,AS_SP26_EXP,DAM,SP_CLR_PRC,0,3
2025-12-13T18:00:00-00:00,2025-12-13T19:00:00-00:00,2025-12-13,11,0,Hourly,SR,AS_CAISO,DAM,SP_CLR_PRC,0,3
2025-12-13T18:00:00-00:00,2025-12-13T19:00:00-00:00,2025-12-13,11,0,Hourly,SR,AS_CAISO_EXP,DAM,SP_CLR_PRC,0.17,3
2025-12-13T19:00:00-00:00,2025-12-13T20:00:00-00:00,2025-12-13,12,0,Hourly,SR,AS_CAISO,DAM,SP_CLR_PRC,0,3
2025-12-13T21:00:00-00:00,2025-12-13T22:00:00-00:00,2025-12-13,14,0,Hourly,SR,AS_CAISO_EXP,DAM,SP_CLR_PRC,0.17,3
2025-12-13T21:00:00-00:00,2025-12-13T22:00:00-00:00,2025-12-13,14,0,Hourly,SR,AS_NP26,DAM,SP_CLR_PRC,0,3
2025-12-13T22:00:00-00:00,2025-12-13T23:00:00-00:00,2025-12-13,15,0,Hourly,SR,AS_NP26,DAM,SP_CLR_PRC,0,3
2025-12-13T23:00:00-00:00,2025-12-14T00:00:00-00:00,2025-12-13,16,0,Hourly,SR,AS_NP26,DAM,SP_CLR_PRC,0,3
2025-12-14T01:00:00-00:00,2025-12-14T02:00:00-00:00,2025-12-13,18,0,Hourly,SR,AS_NP26_EXP,DAM,SP_CLR_PRC,0.25,3
2025-12-14T02:00:00-00:00,2025-12-14T03:00:00-00:00,2025-12-13,19,0,Hourly,SR,AS_CAISO_EXP,DAM,SP_CLR_PRC,0.59715,3
2025-12-14T04:00:00-00:00,2025-12-14T05:00:00-00:00,2025-12-13,21,0,Hourly,SR,AS_SP26,DAM,SP_CLR_PRC,0,3
2025-12-14T04:00:00-00:00,2025-12-14T05:00:00-00:00,2025-12-13,21,0,Hourly,SR,AS_SP26_EXP,DAM,SP_CLR_PRC,0,3
2025-12-13T10:00:00-00:00,2025-12-13T11:00:00-00:00,2025-12-13,3,0,Hourly,SR,AS_CAISO,DAM,SP_CLR_PRC,0,3
2025-12-13T10:00:00-00:00,2025-12-13T11:00:00-00:00,2025-12-13,3,0,Hourly,SR,AS_CAISO_EXP,DAM,SP_CLR_PRC,1.42,3
2025-12-13T12:00:00-00:00,2025-12-13T13:00:00-00:00,2025-12-13,5,0,Hourly,SR,AS_NP26,DAM,SP_CLR_PRC,0,3
2025-12-13T12:00:00-00:00,2025-12-13T13:00:00-00:00,2025-12-13,5,0,Hourly,SR,AS_SP26,DAM,SP_CLR_PRC,0,3
2025-12-13T14:00:00-00:00,2025-12-13T15:00:00-00:00,2025-12-13,7,0,Hourly,SR,AS_NP26_EXP,DAM,SP_CLR_PRC,0.54496,3
2025-12-13T15:00:00-00:00,2025-12-13T16:00:00-00:00,2025-12-13,8,0,Hourly,SR,AS_SP26,DAM,SP_CLR_PRC,0,3
2025-12-13T16:00:00-00:00,2025-12-13T17:00:00-00:00,2025-12-13,9,0,Hourly,SR,AS_CAISO_EXP,DAM,SP_CLR_PRC,0.45615,3
2025-12-13T16:00:00-00:00,2025-12-13T17:00:00-00:00,2025-12-13,9,0,Hourly,SR,AS_NP26,DAM,SP_CLR_PRC,0,3
2025-12-13T21:00:00-00:00,2025-12-13T22:00:00-00:00,2025-12-13,14,0,Hourly,SR,AS_SP26_EXP,DAM,SP_CLR_PRC,0,3
2025-12-13T23:00:00-00:00,2025-12-14T00:00:00-00:00,2025-12-13,16,0,Hourly,SR,AS_CAISO,DAM,SP_CLR_PRC,0,3
2025-12-14T01:00:00-00:00,2025-12-14T02:00:00-00:00,2025-12-13,18,0,Hourly,SR,AS_CAISO_EXP,DAM,SP_CLR_PRC,0.75,3
2025-12-14T03:00:00-00:00,2025-12-14T04:00:00-00:00,2025-12-13,20,0,Hourly,SR,AS_CAISO_EXP,DAM,SP_CLR_PRC,0.42706,3
2025-12-14T03:00:00-00:00,2025-12-14T04:00:00-00:00,2025-12-13,20,0,Hourly,SR,AS_NP26,DAM,SP_CLR_PRC,0,3
2025-12-14T04:00:00-00:00,2025-12-14T05:00:00-00:00,2025-12-13,21,0,Hourly,SR,AS_NP26_EXP,DAM,SP_CLR_PRC,0.59418,3
2025-12-14T04:00:00-00:00,2025-12-14T05:00:00-00:00,2025-12-13,21,0,Hourly,SR,AS_NP26,DAM,SP_CLR_PRC,0,3
2025-12-14T06:00:00-00:00,2025-12-14T07:00:00-00:00,2025-12-13,23,0,Hourly,SR,AS_CAISO,DAM,SP_CLR_PRC,0,3
2025-12-13T11:00:00-00:00,2025-12-13T12:00:00-00:00,2025-12-13,4,0,Hourly,SR,AS_CAISO_EXP,DAM,SP_CLR_PRC,0.75,3
2025-12-13T12:00:00-00:00,2025-12-13T13:00:00-00:00,2025-12-13,5,0,Hourly,SR,AS_NP26_EXP,DAM,SP_CLR_PRC,0.25,3
2025-12-13T13:00:00-00:00,2025-12-13T14:00:00-00:00,2025-12-13,6,0,Hourly,SR,AS_CAISO_EXP,DAM,SP_CLR_PRC,0.75,3
2025-12-14T10:00:00-00:00,2025-12-14T11:00:00-00:00,2025-12-14,3,0,Hourly,SR,AS_NP26_EXP,DAM,SP_CLR_PRC,0,4
2025-12-14T10:00:00-00:00,2025-12-14T11:00:00-00:00,2025-12-14,3,0,Hourly,SR,AS_SP26_EXP,DAM,SP_CLR_PRC,0,4
2025-12-14T11:00:00-00:00,2025-12-14T12:00:00-00:00,2025-12-14,4,0,Hourly,SR,AS_NP26_EXP,DAM,SP_CLR_PRC,0,4
2025-12-14T14:00:00-00:00,2025-12-14T15:00:00-00:00,2025-12-14,7,0,Hourly,SR,AS_NP26_EXP,DAM,SP_CLR_PRC,0,4
2025-12-14T14:00:00-00:00,2025-12-14T15:00:00-00:00,2025-12-14,7,0,Hourly,SR,AS_SP26_EXP,DAM,SP_CLR_PRC,0,4
2025-12-14T16:00:00-00:00,2025-12-14T17:00:00-00:00,2025-12-14,9,0,Hourly,SR,AS_NP26_EXP,DAM,SP_CLR_PRC,0,4
2025-12-14T18:00:00-00:00,2025-12-14T19:00:00-00:00,2025-12-14,11,0,Hourly,SR,AS_NP26,DAM,SP_CLR_PRC,0,4
2025-12-14T19:00:00-00:00,2025-12-14T20:00:00-00:00,2025-12-14,12,0,Hourly,SR,AS_SP26_EXP,DAM,SP_CLR_PRC,0,4
2025-12-14T20:00:00-00:00,2025-12-14T21:00:00-00:00,2025-12-14,13,0,Hourly,SR,AS_NP26_EXP,DAM,SP_CLR_PRC,0.13,4
2025-12-14T22:00:00-00:00,2025-12-14T23:00:00-00:00,2025-12-14,15,0,Hourly,SR,AS_SP26_EXP,DAM,SP_CLR_PRC,0,4
2025-12-15T00:00:00-00:00,2025-12-15T01:00:00-00:00,2025-12-14,17,0,Hourly,SR,AS_SP26_EXP,DAM,SP_CLR_PRC,0,4
2025-12-15T01:00:00-00:00,2025-12-15T02:00:00-00:00,2025-12-14,18,0,Hourly,SR,AS_NP26,DAM,SP_CLR_PRC,0,4
2025-12-15T05:00:00-00:00,2025-12-15T06:00:00-00:00,2025-12-14,22,0,Hourly,SR,AS_SP26_EXP,DAM,SP_CLR_PRC,0,4
2025-12-15T07:00:00-00:00,2025-12-15T08:00:00-00:00,2025-12-14,24,0,Hourly,SR,AS_NP26,DAM,SP_CLR_PRC,0,4
2025-12-14T08:00:00-00:00,2025-12-14T09:00:00-00:00,2025-12-14,1,0,Hourly,SR,AS_SP26,DAM,SP_CLR_PRC,0,4
2025-12-14T09:00:00-00:00,2025-12-14T10:00:00-00:00,2025-12-14,2,0,Hourly,SR,AS_CAISO_EXP,DAM,SP_CLR_PRC,1,4
2025-12-14T09:00:00-00:00,2025-12-14T10:00:00-00:00,2025-12-14,2,0,Hourly,SR,AS_SP26_EXP,DAM,SP_CLR_PRC,0,4
2025-12-14T10:00:00-00:00,2025-12-14T11:00:00-00:00,2025-12-14,3,0,Hourly,SR,AS_SP26,DAM,SP_CLR_PRC,0,4
2025-12-14T11:00:00-00:00,2025-12-14T12:00:00-00:00,2025-12-14,4,0,Hourly,SR,AS_NP26,DAM,SP_CLR_PRC,0,4
2025-12-14T12:00:00-00:00,2025-12-14T13:00:00-00:00,2025-12-14,5,0,Hourly,SR,AS_NP26,DAM,SP_CLR_PRC,0,4
2025-12-14T14:00:00-00:00,2025-12-14T15:00:00-00:00,2025-12-14,7,0,Hourly,SR,AS_CAISO_EXP,DAM,SP_CLR_PRC,0.75,4
2025-12-14T14:00:00-00:00,2025-12-14T15:00:00-00:00,2025-12-14,7,0,Hourly,SR,AS_NP26,DAM,SP_CLR_PRC,0,4
2025-12-14T14:00:00-00:00,2025-12-14T15:00:00-00:00,2025-12-14,7,0,Hourly,SR,AS_SP26,DAM,SP_CLR_PRC,0,4
2025-12-14T15:00:00-00:00,2025-12-14T16:00:00-00:00,2025-12-14,8,0,Hourly,SR,AS_NP26_EXP,DAM,SP_CLR_PRC,0,4
2025-12-14T15:00:00-00:00,2025-12-14T16:00:00-00:00,2025-12-14,8,0,Hourly,SR,AS_SP26,DAM,SP_CLR_PRC,0,4
2025-12-14T15:00:00-00:00,2025-12-14T16:00:00-00:00,2025-12-14,8,0,Hourly,SR,AS_SP26_EXP,DAM,SP_CLR_PRC,0,4
2025-12-14T21:00:00-00:00,2025-12-14T22:00:00-00:00,2025-12-14,14,0,Hourly,SR,AS_SP26,DAM,SP_CLR_PRC,0,4
2025-12-14T22:00:00-00:00,2025-12-14T23:00:00-00:00,2025-12-14,15,0,Hourly,SR,AS_CAISO,DAM,SP_CLR_PRC,0,4
2025-12-14T23:00:00-00:00,2025-12-15T00:00:00-00:00,2025-12-14,16,0,Hourly,SR,AS_CAISO_EXP,DAM,SP_CLR_PRC,0.17,4
2025-12-15T00:00:00-00:00,2025-12-15T01:00:00-00:00,2025-12-14,17,0,Hourly,SR,AS_CAISO,DAM,SP_CLR_PRC,0,4
2025-12-15T00:00:00-00:00,2025-12-15T01:00:00-00:00,2025-12-14,17,0,Hourly,SR,AS_SP26,DAM,SP_CLR_PRC,0,4
2025-12-15T01:00:00-00:00,2025-12-15T02:00:00-00:00,2025-12-14,18,0,Hourly,SR,AS_NP26_EXP,DAM,SP_CLR_PRC,0.2846,4
2025-12-15T02:00:00-00:00,2025-12-15T03:00:00-00:00,2025-12-14,19,0,Hourly,SR,AS_CAISO,DAM,SP_CLR_PRC,0,4
2025-12-15T02:00:00-00:00,2025-12-15T03:00:00-00:00,2025-12-14,19,0,Hourly,SR,AS_NP26_EXP,DAM,SP_CLR_PRC,0.21793,4
2025-12-15T03:00:00-00:00,2025-12-15T04:00:00-00:00,2025-12-14,20,0,Hourly,SR,AS_CAISO,DAM,SP_CLR_PRC,0,4
2025-12-15T05:00:00-00:00,2025-12-15T06:00:00-00:00,2025-12-14,22,0,Hourly,SR,AS_CAISO,DAM,SP_CLR_PRC,0,4
2025-12-15T06:00:00-00:00,2025-12-15T07:00:00-00:00,2025-12-14,23,0,Hourly,SR,AS_SP26_EXP,DAM,SP_CLR_PRC,0,4
2025-12-15T07:00:00-00:00,2025-12-15T08:00:00-00:00,2025-12-14,24,0,Hourly,SR,AS_CAISO,DAM,SP_CLR_PRC,0,4
2025-12-14T09:00:00-00:00,2025-12-14T10:00:00-00:00,2025-12-14,2,0,Hourly,SR,AS_NP26_EXP,DAM,SP_CLR_PRC,0,4
2025-12-14T13:00:00-00:00,2025-12-14T14:00:00-00:00,2025-12-14,6,0,Hourly,SR,AS_CAISO,DAM,SP_CLR_PRC,0,4
2025-12-14T15:00:00-00:00,2025-12-14T16:00:00-00:00,2025-12-14,8,0,Hourly,SR,AS_CAISO_EXP,DAM,SP_CLR_PRC,0.75,4
2025-12-14T16:00:00-00:00,2025-12-14T17:00:00-00:00,2025-12-14,9,0,Hourly,SR,AS_SP26_EXP,DAM,SP_CLR_PRC,0,4
2025-12-14T17:00:00-00:00,2025-12-14T18:00:00-00:00,2025-12-14,10,0,Hourly,SR,AS_CAISO,DAM,SP_CLR_PRC,0,4
2025-12-14T18:00:00-00:00,2025-12-14T19:00:00-00:00,2025-12-14,11,0,Hourly,SR,AS_SP26,DAM,SP_CLR_PRC,0,4
2025-12-14T19:00:00-00:00,2025-12-14T20:00:00-00:00,2025-12-14,12,0,Hourly,SR,AS_NP26_EXP,DAM,SP_CLR_PRC,0.13,4
2025-12-14T19:00:00-00:00,2025-12-14T20:00:00-00:00,2025-12-14,12,0,Hourly,SR,AS_SP26,DAM,SP_CLR_PRC,0,4
2025-12-14T20:00:00-00:00,2025-12-14T21:00:00-00:00,2025-12-14,13,0,Hourly,SR,AS_CAISO,DAM,SP_CLR_PRC,0,4
2025-12-14T20:00:00-00:00,2025-12-14T21:00:00-00:00,2025-12-14,13,0,Hourly,SR,AS_CAISO_EXP,DAM,SP_CLR_PRC,0.17,4
2025-12-14T21:00:00-00:00,2025-12-14T22:00:00-00:00,2025-12-14,14,0,Hourly,SR,AS_CAISO,DAM,SP_CLR_PRC,0,4
2025-12-14T21:00:00-00:00,2025-12-14T22:00:00-00:00,2025-12-14,14,0,Hourly,SR,AS_NP26_EXP,DAM,SP_CLR_PRC,0.13,4
2025-12-14T23:00:00-00:00,2025-12-15T00:00:00-00:00,2025-12-14,16,0,Hourly,SR,AS_CAISO,DAM,SP_CLR_PRC,0,4
2025-12-14T23:00:00-00:00,2025-12-15T00:00:00-00:00,2025-12-14,16,0,Hourly,SR,AS_NP26_EXP,DAM,SP_CLR_PRC,0.33,4
2025-12-15T01:00:00-00:00,2025-12-15T02:00:00-00:00,2025-12-14,18,0,Hourly,SR,AS_CAISO_EXP,DAM,SP_CLR_PRC,0.7154,4
2025-12-15T02:00:00-00:00,2025-12-15T03:00:00-00:00,2025-12-14,19,0,Hourly,SR,AS_SP26,DAM,SP_CLR_PRC,0,4
2025-12-15T03:00:00-00:00,2025-12-15T04:00:00-00:00,2025-12-14,20,0,Hourly,SR,AS_CAISO_EXP,DAM,SP_CLR_PRC,0.72021,4
2025-12-15T04:00:00-00:00,2025-12-15T05:00:00-00:00,2025-12-14,21,0,Hourly,SR,AS_NP26_EXP,DAM,SP_CLR_PRC,0.31903,4
2025-12-15T05:00:00-00:00,2025-12-15T06:00:00-00:00,2025-12-14,22,0,Hourly,SR,AS_SP26,DAM,SP_CLR_PRC,0,4
2025-12-14T08:00:00-00:00,2025-12-14T09:00:00-00:00,2025-12-14,1,0,Hourly,SR,AS_SP26_EXP,DAM,SP_CLR_PRC,0,4
2025-12-14T09:00:00-00:00,2025-12-14T10:00:00-00:00,2025-12-14,2,0,Hourly,SR,AS_NP26,DAM,SP_CLR_PRC,0,4
2025-12-14T09:00:00-00:00,2025-12-14T10:00:00-00:00,2025-12-14,2,0,Hourly,SR,AS_SP26,DAM,SP_CLR_PRC,0,4
2025-12-14T11:00:00-00:00,2025-12-14T12:00:00-00:00,2025-12-14,4,0,Hourly,SR,AS_CAISO,DAM,SP_CLR_PRC,0,4
2025-12-14T11:00:00-00:00,2025-12-14T12:00:00-00:00,2025-12-14,4,0,Hourly,SR,AS_SP26_EXP,DAM,SP_CLR_PRC,0,4
2025-12-14T12:00:00-00:00,2025-12-14T13:00:00-00:00,2025-12-14,5,0,Hourly,SR,AS_SP26_EXP,DAM,SP_CLR_PRC,0,4
2025-12-14T13:00:00-00:00,2025-12-14T14:00:00-00:00,2025-12-14,6,0,Hourly,SR,AS_SP26,DAM,SP_CLR_PRC,0,4
2025-12-14T15:00:00-00:00,2025-12-14T16:00:00-00:00,2025-12-14,8,0,Hourly,SR,AS_CAISO,DAM,SP_CLR_PRC,0,4
2025-12-14T15:00:00-00:00,2025-12-14T16:00:00-00:00,2025-12-14,8,0,Hourly,SR,AS_NP26,DAM,SP_CLR_PRC,0,4
2025-12-14T17:00:00-00:00,2025-12-14T18:00:00-00:00,2025-12-14,10,0,Hourly,SR,AS_NP26_EXP,DAM,SP_CLR_PRC,0,4
2025-12-14T18:00:00-00:00,2025-12-14T19:00:00-00:00,2025-12-14,11,0,Hourly,SR,AS_CAISO,DAM,SP_CLR_PRC,0,4
2025-12-14T18:00:00-00:00,2025-12-14T19:00:00-00:00,2025-12-14,11,0,Hourly,SR,AS_SP26_EXP,DAM,SP_CLR_PRC,0,4
2025-12-14T19:00:00-00:00,2025-12-14T20:00:00-00:00,2025-12-14,12,0,Hourly,SR,AS_CAISO,DAM,SP_CLR_PRC,0,4
2025-12-14T21:00:00-00:00,2025-12-14T22:00:00-00:00,2025-12-14,14,0,Hourly,SR,AS_SP26_EXP,DAM,SP_CLR_PRC,0,4
2025-12-14T22:00:00-00:00,2025-12-14T23:00:00-00:00,2025-12-14,15,0,Hourly,SR,AS_SP26,DAM,SP_CLR_PRC,0,4
2025-12-15T00:00:00-00:00,2025-12-15T01:00:00-00:00,2025-12-14,17,0,Hourly,SR,AS_NP26_EXP,DAM,SP_CLR_PRC,0.25,4
2025-12-15T06:00:00-00:00,2025-12-15T07:00:00-00:00,2025-12-14,23,0,Hourly,SR,AS_NP26_EXP,DAM,SP_CLR_PRC,1,4
2025-12-15T07:00:00-00:00,2025-12-15T08:00:00-00:00,2025-12-14,24,0,Hourly,SR,AS_NP26_EXP,DAM,SP_CLR_PRC,1.5,4
2025-12-15T07:00:00-00:00,2025-12-15T08:00:00-00:00,2025-12-14,24,0,Hourly,SR,AS_SP26,DAM,SP_CLR_PRC,0,4
2025-12-14T08:00:00-00:00,2025-12-14T09:00:00-00:00,2025-12-14,1,0,Hourly,SR,AS_CAISO,DAM,SP_CLR_PRC,0,4
2025-12-14T11:00:00-00:00,2025-12-14T12:00:00-00:00,2025-12-14,4,0,Hourly,SR,AS_SP26,DAM,SP_CLR_PRC,0,4
2025-12-14T12:00:00-00:00,2025-12-14T13:00:00-00:00,2025-12-14,5,0,Hourly,SR,AS_NP26_EXP,DAM,SP_CLR_PRC,0,4
2025-12-14T12:00:00-00:00,2025-12-14T13:00:00-00:00,2025-12-14,5,0,Hourly,SR,AS_SP26,DAM,SP_CLR_PRC,0,4
2025-12-14T13:00:00-00:00,2025-12-14T14:00:00-00:00,2025-12-14,6,0,Hourly,SR,AS_SP26_EXP,DAM,SP_CLR_PRC,0,4
2025-12-14T16:00:00-00:00,2025-12-14T17:00:00-00:00,2025-12-14,9,0,Hourly,SR,AS_NP26,DAM,SP_CLR_PRC,0,4
2025-12-14T17:00:00-00:00,2025-12-14T18:00:00-00:00,2025-12-14,10,0,Hourly,SR,AS_SP26,DAM,SP_CLR_PRC,0,4
2025-12-14T18:00:00-00:00,2025-12-14T19:00:00-00:00,2025-12-14,11,0,Hourly,SR,AS_CAISO_EXP,DAM,SP_CLR_PRC,0.17,4
2025-12-14T20:00:00-00:00,2025-12-14T21:00:00-00:00,2025-12-14,13,0,Hourly,SR,AS_NP26,DAM,SP_CLR_PRC,0,4
2025-12-15T02:00:00-00:00,2025-12-15T03:00:00-00:00,2025-12-14,19,0,Hourly,SR,AS_CAISO_EXP,DAM,SP_CLR_PRC,0.78207,4
2025-12-15T02:00:00-00:00,2025-12-15T03:00:00-00:00,2025-12-14,19,0,Hourly,SR,AS_NP26,DAM,SP_CLR_PRC,0,4
2025-12-15T04:00:00-00:00,2025-12-15T05:00:00-00:00,2025-12-14,21,0,Hourly,SR,AS_CAISO,DAM,SP_CLR_PRC,0,4
2025-12-14T08:00:00-00:00,2025-12-14T09:00:00-00:00,2025-12-14,1,0,Hourly,SR,AS_NP26,DAM,SP_CLR_PRC,0,4
2025-12-14T10:00:00-00:00,2025-12-14T11:00:00-00:00,2025-12-14,3,0,Hourly,SR,AS_CAISO,DAM,SP_CLR_PRC,0,4
2025-12-14T17:00:00-00:00,2025-12-14T18:00:00-00:00,2025-12-14,10,0,Hourly,SR,AS_NP26,DAM,SP_CLR_PRC,0,4
2025-12-14T18:00:00-00:00,2025-12-14T19:00:00-00:00,2025-12-14,11,0,Hourly,SR,AS_NP26_EXP,DAM,SP_CLR_PRC,0.13,4
2025-12-14T23:00:00-00:00,2025-12-15T00:00:00-00:00,2025-12-14,16,0,Hourly,SR,AS_SP26,DAM,SP_CLR_PRC,0,4
2025-12-14T23:00:00-00:00,2025-12-15T00:00:00-00:00,2025-12-14,16,0,Hourly,SR,AS_SP26_EXP,DAM,SP_CLR_PRC,0,4
2025-12-15T01:00:00-00:00,2025-12-15T02:00:00-00:00,2025-12-14,18,0,Hourly,SR,AS_SP26_EXP,DAM,SP_CLR_PRC,0,4
2025-12-15T03:00:00-00:00,2025-12-15T04:00:00-00:00,2025-12-14,20,0,Hourly,SR,AS_SP26_EXP,DAM,SP_CLR_PRC,0,4
2025-12-15T06:00:00-00:00,2025-12-15T07:00:00-00:00,2025-12-14,23,0,Hourly,SR,AS_CAISO_EXP,DAM,SP_CLR_PRC,1,4
2025-12-14T08:00:00-00:00,2025-12-14T09:00:00-00:00,2025-12-14,1,0,Hourly,SR,AS_NP26_EXP,DAM,SP_CLR_PRC,1.40929,4
2025-12-14T09:00:00-00:00,2025-12-14T10:00:00-00:00,2025-12-14,2,0,Hourly,SR,AS_CAISO,DAM,SP_CLR_PRC,0,4
2025-12-14T10:00:00-00:00,2025-12-14T11:00:00-00:00,2025-12-14,3,0,Hourly,SR,AS_CAISO_EXP,DAM,SP_CLR_PRC,1,4
2025-12-14T11:00:00-00:00,2025-12-14T12:00:00-00:00,2025-12-14,4,0,Hourly,SR,AS_CAISO_EXP,DAM,SP_CLR_PRC,0.75,4
2025-12-14T12:00:00-00:00,2025-12-14T13:00:00-00:00,2025-12-14,5,0,Hourly,SR,AS_CAISO,DAM,SP_CLR_PRC,0,4
2025-12-14T13:00:00-00:00,2025-12-14T14:00:00-00:00,2025-12-14,6,0,Hourly,SR,AS_NP26_EXP,DAM,SP_CLR_PRC,0,4
2025-12-14T13:00:00-00:00,2025-12-14T14:00:00-00:00,2025-12-14,6,0,Hourly,SR,AS_NP26,DAM,SP_CLR_PRC,0,4
2025-12-14T16:00:00-00:00,2025-12-14T17:00:00-00:00,2025-12-14,9,0,Hourly,SR,AS_CAISO_EXP,DAM,SP_CLR_PRC,0.7635,4
2025-12-14T19:00:00-00:00,2025-12-14T20:00:00-00:00,2025-12-14,12,0,Hourly,SR,AS_CAISO_EXP,DAM,SP_CLR_PRC,0.17,4
2025-12-14T20:00:00-00:00,2025-12-14T21:00:00-00:00,2025-12-14,13,0,Hourly,SR,AS_SP26,DAM,SP_CLR_PRC,0,4
2025-12-14T21:00:00-00:00,2025-12-14T22:00:00-00:00,2025-12-14,14,0,Hourly,SR,AS_NP26,DAM,SP_CLR_PRC,0,4
2025-12-14T22:00:00-00:00,2025-12-14T23:00:00-00:00,2025-12-14,15,0,Hourly,SR,AS_NP26,DAM,SP_CLR_PRC,0,4
2025-12-14T23:00:00-00:00,2025-12-15T00:00:00-00:00,2025-12-14,16,0,Hourly,SR,AS_NP26,DAM,SP_CLR_PRC,0,4
2025-12-15T00:00:00-00:00,2025-12-15T01:00:00-00:00,2025-12-14,17,0,Hourly,SR,AS_CAISO_EXP,DAM,SP_CLR_PRC,0.75,4
2025-12-15T00:00:00-00:00,2025-12-15T01:00:00-00:00,2025-12-14,17,0,Hourly,SR,AS_NP26,DAM,SP_CLR_PRC,0,4
2025-12-15T01:00:00-00:00,2025-12-15T02:00:00-00:00,2025-12-14,18,0,Hourly,SR,AS_CAISO,DAM,SP_CLR_PRC,0,4
2025-12-15T01:00:00-00:00,2025-12-15T02:00:00-00:00,2025-12-14,18,0,Hourly,SR,AS_SP26,DAM,SP_CLR_PRC,0,4
2025-12-15T02:00:00-00:00,2025-12-15T03:00:00-00:00,2025-12-14,19,0,Hourly,SR,AS_SP26_EXP,DAM,SP_CLR_PRC,0,4
2025-12-15T03:00:00-00:00,2025-12-15T04:00:00-00:00,2025-12-14,20,0,Hourly,SR,AS_NP26,DAM,SP_CLR_PRC,0,4
2025-12-15T04:00:00-00:00,2025-12-15T05:00:00-00:00,2025-12-14,21,0,Hourly,SR,AS_CAISO_EXP,DAM,SP_CLR_PRC,0.68097,4
2025-12-15T04:00:00-00:00,2025-12-15T05:00:00-00:00,2025-12-14,21,0,Hourly,SR,AS_SP26,DAM,SP_CLR_PRC,0,4
2025-12-15T04:00:00-00:00,2025-12-15T05:00:00-00:00,2025-12-14,21,0,Hourly,SR,AS_SP26_EXP,DAM,SP_CLR_PRC,0,4
2025-12-15T05:00:00-00:00,2025-12-15T06:00:00-00:00,2025-12-14,22,0,Hourly,SR,AS_CAISO_EXP,DAM,SP_CLR_PRC,0.74626,4
2025-12-15T05:00:00-00:00,2025-12-15T06:00:00-00:00,2025-12-14,22,0,Hourly,SR,AS_NP26_EXP,DAM,SP_CLR_PRC,0.25374,4
2025-12-15T06:00:00-00:00,2025-12-15T07:00:00-00:00,2025-12-14,23,0,Hourly,SR,AS_NP26,DAM,SP_CLR_PRC,0,4
2025-12-14T08:00:00-00:00,2025-12-14T09:00:00-00:00,2025-12-14,1,0,Hourly,SR,AS_CAISO_EXP,DAM,SP_CLR_PRC,1.09071,4
2025-12-14T10:00:00-00:00,2025-12-14T11:00:00-00:00,2025-12-14,3,0,Hourly,SR,AS_NP26,DAM,SP_CLR_PRC,0,4
2025-12-14T12:00:00-00:00,2025-12-14T13:00:00-00:00,2025-12-14,5,0,Hourly,SR,AS_CAISO_EXP,DAM,SP_CLR_PRC,0.71,4
2025-12-14T13:00:00-00:00,2025-12-14T14:00:00-00:00,2025-12-14,6,0,Hourly,SR,AS_CAISO_EXP,DAM,SP_CLR_PRC,0.83972,4
2025-12-14T14:00:00-00:00,2025-12-14T15:00:00-00:00,2025-12-14,7,0,Hourly,SR,AS_CAISO,DAM,SP_CLR_PRC,0,4
2025-12-14T16:00:00-00:00,2025-12-14T17:00:00-00:00,2025-12-14,9,0,Hourly,SR,AS_CAISO,DAM,SP_CLR_PRC,0,4
2025-12-14T16:00:00-00:00,2025-12-14T17:00:00-00:00,2025-12-14,9,0,Hourly,SR,AS_SP26,DAM,SP_CLR_PRC,0,4
2025-12-14T17:00:00-00:00,2025-12-14T18:00:00-00:00,2025-12-14,10,0,Hourly,SR,AS_CAISO_EXP,DAM,SP_CLR_PRC,0.3,4
2025-12-14T17:00:00-00:00,2025-12-14T18:00:00-00:00,2025-12-14,10,0,Hourly,SR,AS_SP26_EXP,DAM,SP_CLR_PRC,0,4
2025-12-14T19:00:00-00:00,2025-12-14T20:00:00-00:00,2025-12-14,12,0,Hourly,SR,AS_NP26,DAM,SP_CLR_PRC,0,4
2025-12-14T20:00:00-00:00,2025-12-14T21:00:00-00:00,2025-12-14,13,0,Hourly,SR,AS_SP26_EXP,DAM,SP_CLR_PRC,0,4
2025-12-14T21:00:00-00:00,2025-12-14T22:00:00-00:00,2025-12-14,14,0,Hourly,SR,AS_CAISO_EXP,DAM,SP_CLR_PRC,0.17,4
2025-12-14T22:00:00-00:00,2025-12-14T23:00:00-00:00,2025-12-14,15,0,Hourly,SR,AS_CAISO_EXP,DAM,SP_CLR_PRC,0.17,4
2025-12-14T22:00:00-00:00,2025-12-14T23:00:00-00:00,2025-12-14,15,0,Hourly,SR,AS_NP26_EXP,DAM,SP_CLR_PRC,0.13,4
2025-12-15T03:00:00-00:00,2025-12-15T04:00:00-00:00,2025-12-14,20,0,Hourly,SR,AS_NP26_EXP,DAM,SP_CLR_PRC,0.27979,4
2025-12-15T03:00:00-00:00,2025-12-15T04:00:00-00:00,2025-12-14,20,0,Hourly,SR,AS_SP26,DAM,SP_CLR_PRC,0,4
2025-12-15T04:00:00-00:00,2025-12-15T05:00:00-00:00,2025-12-14,21,0,Hourly,SR,AS_NP26,DAM,SP_CLR_PRC,0,4
2025-12-15T05:00:00-00:00,2025-12-15T06:00:00-00:00,2025-12-14,22,0,Hourly,SR,AS_NP26,DAM,SP_CLR_PRC,0,4
2025-12-15T06:00:00-00:00,2025-12-15T07:00:00-00:00,2025-12-14,23,0,Hourly,SR,AS_CAISO,DAM,SP_CLR_PRC,0,4
2025-12-15T06:00:00-00:00,2025-12-15T07:00:00-00:00,2025-12-14,23,0,Hourly,SR,AS_SP26,DAM,SP_CLR_PRC,0,4
2025-12-15T07:00:00-00:00,2025-12-15T08:00:00-00:00,2025-12-14,24,0,Hourly,SR,AS_CAISO_EXP,DAM,SP_CLR_PRC,1,4
2025-12-15T07:00:00-00:00,2025-12-15T08:00:00-00:00,2025-12-14,24,0,Hourly,SR,AS_SP26_EXP,DAM,SP_CLR_PRC,0,4
2025-12-15T12:00:00-00:00,2025-12-15T13:00:00-00:00,2025-12-15,5,0,Hourly,SR,AS_SP26,DAM,SP_CLR_PRC,0,5
2025-12-15T14:00:00-00:00,2025-12-15T15:00:00-00:00,2025-12-15,7,0,Hourly,SR,AS_SP26_EXP,DAM,SP_CLR_PRC,0,5
2025-12-15T15:00:00-00:00,2025-12-15T16:00:00-00:00,2025-12-15,8,0,Hourly,SR,AS_CAISO_EXP,DAM,SP_CLR_PRC,0.75,5
2025-12-15T16:00:00-00:00,2025-12-15T17:00:00-00:00,2025-12-15,9,0,Hourly,SR,AS_SP26_EXP,DAM,SP_CLR_PRC,0,5
2025-12-15T18:00:00-00:00,2025-12-15T19:00:00-00:00,2025-12-15,11,0,Hourly,SR,AS_CAISO,DAM,SP_CLR_PRC,0,5
2025-12-15T20:00:00-00:00,2025-12-15T21:00:00-00:00,2025-12-15,13,0,Hourly,SR,AS_SP26_EXP,DAM,SP_CLR_PRC,0,5
2025-12-15T21:00:00-00:00,2025-12-15T22:00:00-00:00,2025-12-15,14,0,Hourly,SR,AS_CAISO_EXP,DAM,SP_CLR_PRC,0.17,5
2025-12-15T22:00:00-00:00,2025-12-15T23:00:00-00:00,2025-12-15,15,0,Hourly,SR,AS_NP26_EXP,DAM,SP_CLR_PRC,0.24,5
2025-12-16T01:00:00-00:00,2025-12-16T02:00:00-00:00,2025-12-15,18,0,Hourly,SR,AS_CAISO_EXP,DAM,SP_CLR_PRC,0.56099,5
2025-12-16T02:00:00-00:00,2025-12-16T03:00:00-00:00,2025-12-15,19,0,Hourly,SR,AS_CAISO,DAM,SP_CLR_PRC,0,5
2025-12-16T04:00:00-00:00,2025-12-16T05:00:00-00:00,2025-12-15,21,0,Hourly,SR,AS_SP26,DAM,SP_CLR_PRC,0,5
2025-12-16T04:00:00-00:00,2025-12-16T05:00:00-00:00,2025-12-15,21,0,Hourly,SR,AS_SP26_EXP,DAM,SP_CLR_PRC,0,5
2025-12-16T05:00:00-00:00,2025-12-16T06:00:00-00:00,2025-12-15,22,0,Hourly,SR,AS_NP26,DAM,SP_CLR_PRC,0,5
2025-12-16T06:00:00-00:00,2025-12-16T07:00:00-00:00,2025-12-15,23,0,Hourly,SR,AS_CAISO,DAM,SP_CLR_PRC,0,5
2025-12-16T06:00:00-00:00,2025-12-16T07:00:00-00:00,2025-12-15,23,0,Hourly,SR,AS_NP26_EXP,DAM,SP_CLR_PRC,0.5,5
2025-12-16T07:00:00-00:00,2025-12-16T08:00:00-00:00,2025-12-15,24,0,Hourly,SR,AS_SP26,DAM,SP_CLR_PRC,0,5
2025-12-15T13:00:00-00:00,2025-12-15T14:00:00-00:00,2025-12-15,6,0,Hourly,SR,AS_SP26_EXP,DAM,SP_CLR_PRC,0,5
2025-12-15T15:00:00-00:00,2025-12-15T16:00:00-00:00,2025-12-15,8,0,Hourly,SR,AS_NP26_EXP,DAM,SP_CLR_PRC,0.25,5
2025-12-15T17:00:00-00:00,2025-12-15T18:00:00-00:00,2025-12-15,10,0,Hourly,SR,AS_SP26,DAM,SP_CLR_PRC,0,5
2025-12-15T20:00:00-00:00,2025-12-15T21:00:00-00:00,2025-12-15,13,0,Hourly,SR,AS_NP26,DAM,SP_CLR_PRC,0,5
2025-12-15T21:00:00-00:00,2025-12-15T22:00:00-00:00,2025-12-15,14,0,Hourly,SR,AS_SP26,DAM,SP_CLR_PRC,0,5
2025-12-15T23:00:00-00:00,2025-12-16T00:00:00-00:00,2025-12-15,16,0,Hourly,SR,AS_SP26_EXP,DAM,SP_CLR_PRC,0,5
2025-12-16T01:00:00-00:00,2025-12-16T02:00:00-00:00,2025-12-15,18,0,Hourly,SR,AS_CAISO,DAM,SP_CLR_PRC,0,5
2025-12-16T03:00:00-00:00,2025-12-16T04:00:00-00:00,2025-12-15,20,0,Hourly,SR,AS_NP26_EXP,DAM,SP_CLR_PRC,0.34954,5
2025-12-16T03:00:00-00:00,2025-12-16T04:00:00-00:00,2025-12-15,20,0,Hourly,SR,AS_SP26,DAM,SP_CLR_PRC,0,5
2025-12-16T03:00:00-00:00,2025-12-16T04:00:00-00:00,2025-12-15,20,0,Hourly,SR,AS_SP26_EXP,DAM,SP_CLR_PRC,0,5
2025-12-16T05:00:00-00:00,2025-12-16T06:00:00-00:00,2025-12-15,22,0,Hourly,SR,AS_SP26,DAM,SP_CLR_PRC,0,5
2025-12-16T07:00:00-00:00,2025-12-16T08:00:00-00:00,2025-12-15,24,0,Hourly,SR,AS_CAISO,DAM,SP_CLR_PRC,0,5
2025-12-16T07:00:00-00:00,2025-12-16T08:00:00-00:00,2025-12-15,24,0,Hourly,SR,AS_NP26,DAM,SP_CLR_PRC,0,5
2025-12-15T09:00:00-00:00,2025-12-15T10:00:00-00:00,2025-12-15,2,0,Hourly,SR,AS_CAISO,DAM,SP_CLR_PRC,0,5
2025-12-15T10:00:00-00:00,2025-12-15T11:00:00-00:00,2025-12-15,3,0,Hourly,SR,AS_NP26,DAM,SP_CLR_PRC,0,5
2025-12-15T14:00:00-00:00,2025-12-15T15:00:00-00:00,2025-12-15,7,0,Hourly,SR,AS_NP26_EXP,DAM,SP_CLR_PRC,0.65245,5
2025-12-15T18:00:00-00:00,2025-12-15T19:00:00-00:00,2025-12-15,11,0,Hourly,SR,AS_CAISO_EXP,DAM,SP_CLR_PRC,0.17,5
2025-12-15T20:00:00-00:00,2025-12-15T21:00:00-00:00,2025-12-15,13,0,Hourly,SR,AS_CAISO,DAM,SP_CLR_PRC,0,5
2025-12-15T20:00:00-00:00,2025-12-15T21:00:00-00:00,2025-12-15,13,0,Hourly,SR,AS_SP26,DAM,SP_CLR_PRC,0,5
2025-12-15T22:00:00-00:00,2025-12-15T23:00:00-00:00,2025-12-15,15,0,Hourly,SR,AS_CAISO,DAM,SP_CLR_PRC,0,5
2025-12-15T23:00:00-00:00,2025-12-16T00:00:00-00:00,2025-12-15,16,0,Hourly,SR,AS_CAISO_EXP,DAM,SP_CLR_PRC,0.17,5
2025-12-15T23:00:00-00:00,2025-12-16T00:00:00-00:00,2025-12-15,16,0,Hourly,SR,AS_NP26,DAM,SP_CLR_PRC,0,5
2025-12-16T00:00:00-00:00,2025-12-16T01:00:00-00:00,2025-12-15,17,0,Hourly,SR,AS_NP26,DAM,SP_CLR_PRC,0,5
2025-12-16T01:00:00-00:00,2025-12-16T02:00:00-00:00,2025-12-15,18,0,Hourly,SR,AS_SP26_EXP,DAM,SP_CLR_PRC,0,5
2025-12-16T02:00:00-00:00,2025-12-16T03:00:00-00:00,2025-12-15,19,0,Hourly,SR,AS_CAISO_EXP,DAM,SP_CLR_PRC,0.48267,5
2025-12-16T02:00:00-00:00,2025-12-16T03:00:00-00:00,2025-12-15,19,0,Hourly,SR,AS_NP26,DAM,SP_CLR_PRC,0,5
2025-12-16T02:00:00-00:00,2025-12-16T03:00:00-00:00,2025-12-15,19,0,Hourly,SR,AS_NP26_EXP,DAM,SP_CLR_PRC,0.54809,5
2025-12-16T03:00:00-00:00,2025-12-16T04:00:00-00:00,2025-12-15,20,0,Hourly,SR,AS_CAISO_EXP,DAM,SP_CLR_PRC,0.65507,5
2025-12-16T04:00:00-00:00,2025-12-16T05:00:00-00:00,2025-12-15,21,0,Hourly,SR,AS_CAISO,DAM,SP_CLR_PRC,0,5
2025-12-16T06:00:00-00:00,2025-12-16T07:00:00-00:00,2025-12-15,23,0,Hourly,SR,AS_SP26_EXP,DAM,SP_CLR_PRC,0,5
2025-12-15T10:00:00-00:00,2025-12-15T11:00:00-00:00,2025-12-15,3,0,Hourly,SR,AS_CAISO_EXP,DAM,SP_CLR_PRC,1,5
2025-12-15T10:00:00-00:00,2025-12-15T11:00:00-00:00,2025-12-15,3,0,Hourly,SR,AS_SP26,DAM,SP_CLR_PRC,0,5
2025-12-15T11:00:00-00:00,2025-12-15T12:00:00-00:00,2025-12-15,4,0,Hourly,SR,AS_CAISO,DAM,SP_CLR_PRC,0,5
2025-12-15T14:00:00-00:00,2025-12-15T15:00:00-00:00,2025-12-15,7,0,Hourly,SR,AS_CAISO,DAM,SP_CLR_PRC,0,5
2025-12-15T14:00:00-00:00,2025-12-15T15:00:00-00:00,2025-12-15,7,0,Hourly,SR,AS_NP26,DAM,SP_CLR_PRC,0,5
2025-12-15T15:00:00-00:00,2025-12-15T16:00:00-00:00,2025-12-15,8,0,Hourly,SR,AS_CAISO,DAM,SP_CLR_PRC,0,5
2025-12-15T15:00:00-00:00,2025-12-15T16:00:00-00:00,2025-12-15,8,0,Hourly,SR,AS_SP26_EXP,DAM,SP_CLR_PRC,0,5
2025-12-15T16:00:00-00:00,2025-12-15T17:00:00-00:00,2025-12-15,9,0,Hourly,SR,AS_CAISO,DAM,SP_CLR_PRC,0,5
2025-12-15T19:00:00-00:00,2025-12-15T20:00:00-00:00,2025-12-15,12,0,Hourly,SR,AS_CAISO,DAM,SP_CLR_PRC,0,5
2025-12-15T21:00:00-00:00,2025-12-15T22:00:00-00:00,2025-12-15,14,0,Hourly,SR,AS_NP26,DAM,SP_CLR_PRC,0,5
2025-12-15T23:00:00-00:00,2025-12-16T00:00:00-00:00,2025-12-15,16,0,Hourly,SR,AS_NP26_EXP,DAM,SP_CLR_PRC,0.83,5
2025-12-16T00:00:00-00:00,2025-12-16T01:00:00-00:00,2025-12-15,17,0,Hourly,SR,AS_CAISO_EXP,DAM,SP_CLR_PRC,0.75,5
2025-12-16T00:00:00-00:00,2025-12-16T01:00:00-00:00,2025-12-15,17,0,Hourly,SR,AS_SP26,DAM,SP_CLR_PRC,0,5
2025-12-16T01:00:00-00:00,2025-12-16T02:00:00-00:00,2025-12-15,18,0,Hourly,SR,AS_SP26,DAM,SP_CLR_PRC,0,5
2025-12-16T02:00:00-00:00,2025-12-16T03:00:00-00:00,2025-12-15,19,0,Hourly,SR,AS_SP26,DAM,SP_CLR_PRC,0,5
2025-12-16T04:00:00-00:00,2025-12-16T05:00:00-00:00,2025-12-15,21,0,Hourly,SR,AS_NP26_EXP,DAM,SP_CLR_PRC,0.35043,5
2025-12-16T06:00:00-00:00,2025-12-16T07:00:00-00:00,2025-12-15,23,0,Hourly,SR,AS_NP26,DAM,SP_CLR_PRC,0,5
2025-12-15T08:00:00-00:00,2025-12-15T09:00:00-00:00,2025-12-15,1,0,Hourly,SR,AS_SP26,DAM,SP_CLR_PRC,0,5
2025-12-15T09:00:00-00:00,2025-12-15T10:00:00-00:00,2025-12-15,2,0,Hourly,SR,AS_CAISO_EXP,DAM,SP_CLR_PRC,1,5
2025-12-15T09:00:00-00:00,2025-12-15T10:00:00-00:00,2025-12-15,2,0,Hourly,SR,AS_SP26_EXP,DAM,SP_CLR_PRC,0,5
2025-12-15T11:00:00-00:00,2025-12-15T12:00:00-00:00,2025-12-15,4,0,Hourly,SR,AS_NP26_EXP,DAM,SP_CLR_PRC,0,5
2025-12-15T12:00:00-00:00,2025-12-15T13:00:00-00:00,2025-12-15,5,0,Hourly,SR,AS_CAISO_EXP,DAM,SP_CLR_PRC,0.59,5
2025-12-15T16:00:00-00:00,2025-12-15T17:00:00-00:00,2025-12-15,9,0,Hourly,SR,AS_SP26,DAM,SP_CLR_PRC,0,5
2025-12-15T17:00:00-00:00,2025-12-15T18:00:00-00:00,2025-12-15,10,0,Hourly,SR,AS_NP26,DAM,SP_CLR_PRC,0,5
2025-12-15T17:00:00-00:00,2025-12-15T18:00:00-00:00,2025-12-15,10,0,Hourly,SR,AS_SP26_EXP,DAM,SP_CLR_PRC,0,5
2025-12-15T18:00:00-00:00,2025-12-15T19:00:00-00:00,2025-12-15,11,0,Hourly,SR,AS_NP26,DAM,SP_CLR_PRC,0,5
2025-12-15T18:00:00-00:00,2025-12-15T19:00:00-00:00,2025-12-15,11,0,Hourly,SR,AS_SP26,DAM,SP_CLR_PRC,0,5
2025-12-15T19:00:00-00:00,2025-12-15T20:00:00-00:00,2025-12-15,12,0,Hourly,SR,AS_NP26,DAM,SP_CLR_PRC,0,5
2025-12-15T21:00:00-00:00,2025-12-15T22:00:00-00:00,2025-12-15,14,0,Hourly,SR,AS_NP26_EXP,DAM,SP_CLR_PRC,1.33,5
2025-12-15T22:00:00-00:00,2025-12-15T23:00:00-00:00,2025-12-15,15,0,Hourly,SR,AS_NP26,DAM,SP_CLR_PRC,0,5
2025-12-15T23:00:00-00:00,2025-12-16T00:00:00-00:00,2025-12-15,16,0,Hourly,SR,AS_SP26,DAM,SP_CLR_PRC,0,5
2025-12-16T00:00:00-00:00,2025-12-16T01:00:00-00:00,2025-12-15,17,0,Hourly,SR,AS_NP26_EXP,DAM,SP_CLR_PRC,0.25,5
2025-12-16T00:00:00-00:00,2025-12-16T01:00:00-00:00,2025-12-15,17,0,Hourly,SR,AS_SP26_EXP,DAM,SP_CLR_PRC,0,5
2025-12-16T06:00:00-00:00,2025-12-16T07:00:00-00:00,2025-12-15,23,0,Hourly,SR,AS_CAISO_EXP,DAM,SP_CLR_PRC,1,5
2025-12-15T08:00:00-00:00,2025-12-15T09:00:00-00:00,2025-12-15,1,0,Hourly,SR,AS_NP26_EXP,DAM,SP_CLR_PRC,0.57,5
2025-12-15T08:00:00-00:00,2025-12-15T09:00:00-00:00,2025-12-15,1,0,Hourly,SR,AS_CAISO,DAM,SP_CLR_PRC,0,5
2025-12-15T08:00:00-00:00,2025-12-15T09:00:00-00:00,2025-12-15,1,0,Hourly,SR,AS_SP26_EXP,DAM,SP_CLR_PRC,0,5
2025-12-15T09:00:00-00:00,2025-12-15T10:00:00-00:00,2025-12-15,2,0,Hourly,SR,AS_NP26_EXP,DAM,SP_CLR_PRC,0,5
2025-12-15T10:00:00-00:00,2025-12-15T11:00:00-00:00,2025-12-15,3,0,Hourly,SR,AS_NP26_EXP,DAM,SP_CLR_PRC,0,5
2025-12-15T12:00:00-00:00,2025-12-15T13:00:00-00:00,2025-12-15,5,0,Hourly,SR,AS_NP26,DAM,SP_CLR_PRC,0,5
2025-12-15T13:00:00-00:00,2025-12-15T14:00:00-00:00,2025-12-15,6,0,Hourly,SR,AS_SP26,DAM,SP_CLR_PRC,0,5
2025-12-15T14:00:00-00:00,2025-12-15T15:00:00-00:00,2025-12-15,7,0,Hourly,SR,AS_CAISO_EXP,DAM,SP_CLR_PRC,0.84755,5
2025-12-15T14:00:00-00:00,2025-12-15T15:00:00-00:00,2025-12-15,7,0,Hourly,SR,AS_SP26,DAM,SP_CLR_PRC,0,5
2025-12-15T15:00:00-00:00,2025-12-15T16:00:00-00:00,2025-12-15,8,0,Hourly,SR,AS_NP26,DAM,SP_CLR_PRC,0,5
2025-12-15T15:00:00-00:00,2025-12-15T16:00:00-00:00,2025-12-15,8,0,Hourly,SR,AS_SP26,DAM,SP_CLR_PRC,0,5
2025-12-15T16:00:00-00:00,2025-12-15T17:00:00-00:00,2025-12-15,9,0,Hourly,SR,AS_NP26_EXP,DAM,SP_CLR_PRC,0.69746,5
2025-12-15T17:00:00-00:00,2025-12-15T18:00:00-00:00,2025-12-15,10,0,Hourly,SR,AS_CAISO,DAM,SP_CLR_PRC,0,5
2025-12-15T17:00:00-00:00,2025-12-15T18:00:00-00:00,2025-12-15,10,0,Hourly,SR,AS_CAISO_EXP,DAM,SP_CLR_PRC,0.33677,5
2025-12-15T17:00:00-00:00,2025-12-15T18:00:00-00:00,2025-12-15,10,0,Hourly,SR,AS_NP26_EXP,DAM,SP_CLR_PRC,1.16323,5
2025-12-15T18:00:00-00:00,2025-12-15T19:00:00-00:00,2025-12-15,11,0,Hourly,SR,AS_NP26_EXP,DAM,SP_CLR_PRC,1.33,5
2025-12-15T19:00:00-00:00,2025-12-15T20:00:00-00:00,2025-12-15,12,0,Hourly,SR,AS_CAISO_EXP,DAM,SP_CLR_PRC,0.17,5
2025-12-15T19:00:00-00:00,2025-12-15T20:00:00-00:00,2025-12-15,12,0,Hourly,SR,AS_NP26_EXP,DAM,SP_CLR_PRC,1.33,5
2025-12-15T19:00:00-00:00,2025-12-15T20:00:00-00:00,2025-12-15,12,0,Hourly,SR,AS_SP26_EXP,DAM,SP_CLR_PRC,0,5
2025-12-15T21:00:00-00:00,2025-12-15T22:00:00-00:00,2025-12-15,14,0,Hourly,SR,AS_CAISO,DAM,SP_CLR_PRC,0,5
2025-12-15T22:00:00-00:00,2025-12-15T23:00:00-00:00,2025-12-15,15,0,Hourly,SR,AS_SP26,DAM,SP_CLR_PRC,0,5
2025-12-15T22:00:00-00:00,2025-12-15T23:00:00-00:00,2025-12-15,15,0,Hourly,SR,AS_SP26_EXP,DAM,SP_CLR_PRC,0,5
2025-12-16T01:00:00-00:00,2025-12-16T02:00:00-00:00,2025-12-15,18,0,Hourly,SR,AS_NP26_EXP,DAM,SP_CLR_PRC,0.93901,5
2025-12-16T03:00:00-00:00,2025-12-16T04:00:00-00:00,2025-12-15,20,0,Hourly,SR,AS_CAISO,DAM,SP_CLR_PRC,0,5
2025-12-16T03:00:00-00:00,2025-12-16T04:00:00-00:00,2025-12-15,20,0,Hourly,SR,AS_NP26,DAM,SP_CLR_PRC,0,5
2025-12-16T05:00:00-00:00,2025-12-16T06:00:00-00:00,2025-12-15,22,0,Hourly,SR,AS_SP26_EXP,DAM,SP_CLR_PRC,0,5
2025-12-16T07:00:00-00:00,2025-12-16T08:00:00-00:00,2025-12-15,24,0,Hourly,SR,AS_CAISO_EXP,DAM,SP_CLR_PRC,1,5
2025-12-15T08:00:00-00:00,2025-12-15T09:00:00-00:00,2025-12-15,1,0,Hourly,SR,AS_CAISO_EXP,DAM,SP_CLR_PRC,1,5
2025-12-15T08:00:00-00:00,2025-12-15T09:00:00-00:00,2025-12-15,1,0,Hourly,SR,AS_NP26,DAM,SP_CLR_PRC,0,5
2025-12-15T09:00:00-00:00,2025-12-15T10:00:00-00:00,2025-12-15,2,0,Hourly,SR,AS_SP26,DAM,SP_CLR_PRC,0,5
2025-12-15T10:00:00-00:00,2025-12-15T11:00:00-00:00,2025-12-15,3,0,Hourly,SR,AS_CAISO,DAM,SP_CLR_PRC,0,5
2025-12-15T10:00:00-00:00,2025-12-15T11:00:00-00:00,2025-12-15,3,0,Hourly,SR,AS_SP26_EXP,DAM,SP_CLR_PRC,0,5
2025-12-15T11:00:00-00:00,2025-12-15T12:00:00-00:00,2025-12-15,4,0,Hourly,SR,AS_CAISO_EXP,DAM,SP_CLR_PRC,0.5,5
2025-12-15T11:00:00-00:00,2025-12-15T12:00:00-00:00,2025-12-15,4,0,Hourly,SR,AS_SP26,DAM,SP_CLR_PRC,0,5
2025-12-15T13:00:00-00:00,2025-12-15T14:00:00-00:00,2025-12-15,6,0,Hourly,SR,AS_CAISO_EXP,DAM,SP_CLR_PRC,0.75,5
2025-12-15T16:00:00-00:00,2025-12-15T17:00:00-00:00,2025-12-15,9,0,Hourly,SR,AS_CAISO_EXP,DAM,SP_CLR_PRC,0.80254,5
2025-12-15T16:00:00-00:00,2025-12-15T17:00:00-00:00,2025-12-15,9,0,Hourly,SR,AS_NP26,DAM,SP_CLR_PRC,0,5
2025-12-15T18:00:00-00:00,2025-12-15T19:00:00-00:00,2025-12-15,11,0,Hourly,SR,AS_SP26_EXP,DAM,SP_CLR_PRC,0,5
2025-12-15T19:00:00-00:00,2025-12-15T20:00:00-00:00,2025-12-15,12,0,Hourly,SR,AS_SP26,DAM,SP_CLR_PRC,0,5
2025-12-15T21:00:00-00:00,2025-12-15T22:00:00-00:00,2025-12-15,14,0,Hourly,SR,AS_SP26_EXP,DAM,SP_CLR_PRC,0,5
2025-12-16T00:00:00-00:00,2025-12-16T01:00:00-00:00,2025-12-15,17,0,Hourly,SR,AS_CAISO,DAM,SP_CLR_PRC,0,5
2025-12-16T02:00:00-00:00,2025-12-16T03:00:00-00:00,2025-12-15,19,0,Hourly,SR,AS_SP26_EXP,DAM,SP_CLR_PRC,0,5
2025-12-16T04:00:00-00:00,2025-12-16T05:00:00-00:00,2025-12-15,21,0,Hourly,SR,AS_CAISO_EXP,DAM,SP_CLR_PRC,0.64957,5
2025-12-16T05:00:00-00:00,2025-12-16T06:00:00-00:00,2025-12-15,22,0,Hourly,SR,AS_NP26_EXP,DAM,SP_CLR_PRC,0.75,5
2025-12-16T06:00:00-00:00,2025-12-16T07:00:00-00:00,2025-12-15,23,0,Hourly,SR,AS_SP26,DAM,SP_CLR_PRC,0,5
2025-12-16T07:00:00-00:00,2025-12-16T08:00:00-00:00,2025-12-15,24,0,Hourly,SR,AS_SP26_EXP,DAM,SP_CLR_PRC,0,5
2025-12-15T11:00:00-00:00,2025-12-15T12:00:00-00:00,2025-12-15,4,0,Hourly,SR,AS_SP26_EXP,DAM,SP_CLR_PRC,0,5
2025-12-15T12:00:00-00:00,2025-12-15T13:00:00-00:00,2025-12-15,5,0,Hourly,SR,AS_CAISO,DAM,SP_CLR_PRC,0,5
2025-12-15T12:00:00-00:00,2025-12-15T13:00:00-00:00,2025-12-15,5,0,Hourly,SR,AS_NP26_EXP,DAM,SP_CLR_PRC,0,5
2025-12-15T12:00:00-00:00,2025-12-15T13:00:00-00:00,2025-12-15,5,0,Hourly,SR,AS_SP26_EXP,DAM,SP_CLR_PRC,0,5
2025-12-15T13:00:00-00:00,2025-12-15T14:00:00-00:00,2025-12-15,6,0,Hourly,SR,AS_CAISO,DAM,SP_CLR_PRC,0,5
2025-12-15T20:00:00-00:00,2025-12-15T21:00:00-00:00,2025-12-15,13,0,Hourly,SR,AS_NP26_EXP,DAM,SP_CLR_PRC,0.33,5
2025-12-15T20:00:00-00:00,2025-12-15T21:00:00-00:00,2025-12-15,13,0,Hourly,SR,AS_CAISO_EXP,DAM,SP_CLR_PRC,0.17,5
2025-12-15T22:00:00-00:00,2025-12-15T23:00:00-00:00,2025-12-15,15,0,Hourly,SR,AS_CAISO_EXP,DAM,SP_CLR_PRC,0.17,5
2025-12-15T23:00:00-00:00,2025-12-16T00:00:00-00:00,2025-12-15,16,0,Hourly,SR,AS_CAISO,DAM,SP_CLR_PRC,0,5
2025-12-16T01:00:00-00:00,2025-12-16T02:00:00-00:00,2025-12-15,18,0,Hourly,SR,AS_NP26,DAM,SP_CLR_PRC,0,5
2025-12-16T04:00:00-00:00,2025-12-16T05:00:00-00:00,2025-12-15,21,0,Hourly,SR,AS_NP26,DAM,SP_CLR_PRC,0,5
2025-12-16T05:00:00-00:00,2025-12-16T06:00:00-00:00,2025-12-15,22,0,Hourly,SR,AS_CAISO,DAM,SP_CLR_PRC,0,5
2025-12-16T05:00:00-00:00,2025-12-16T06:00:00-00:00,2025-12-15,22,0,Hourly,SR,AS_CAISO_EXP,DAM,SP_CLR_PRC,0.75,5
2025-12-16T07:00:00-00:00,2025-12-16T08:00:00-00:00,2025-12-15,24,0,Hourly,SR,AS_NP26_EXP,DAM,SP_CLR_PRC,1.35,5
2025-12-15T09:00:00-00:00,2025-12-15T10:00:00-00:00,2025-12-15,2,0,Hourly,SR,AS_NP26,DAM,SP_CLR_PRC,0,5
2025-12-15T11:00:00-00:00,2025-12-15T12:00:00-00:00,2025-12-15,4,0,Hourly,SR,AS_NP26,DAM,SP_CLR_PRC,0,5
2025-12-15T13:00:00-00:00,2025-12-15T14:00:00-00:00,2025-12-15,6,0,Hourly,SR,AS_NP26,DAM,SP_CLR_PRC,0,5
2025-12-15T13:00:00-00:00,2025-12-15T14:00:00-00:00,2025-12-15,6,0,Hourly,SR,AS_NP26_EXP,DAM,SP_CLR_PRC,0.25,5
2025-12-16T16:00:00-00:00,2025-12-16T17:00:00-00:00,2025-12-16,9,0,Hourly,SR,AS_NP26,DAM,SP_CLR_PRC,0,6
2025-12-16T16:00:00-00:00,2025-12-16T17:00:00-00:00,2025-12-16,9,0,Hourly,SR,AS_SP26_EXP,DAM,SP_CLR_PRC,0,6
2025-12-16T17:00:00-00:00,2025-12-16T18:00:00-00:00,2025-12-16,10,0,Hourly,SR,AS_NP26_EXP,DAM,SP_CLR_PRC,1.33,6
2025-12-16T18:00:00-00:00,2025-12-16T19:00:00-00:00,2025-12-16,11,0,Hourly,SR,AS_SP26_EXP,DAM,SP_CLR_PRC,0,6
2025-12-16T19:00:00-00:00,2025-12-16T20:00:00-00:00,2025-12-16,12,0,Hourly,SR,AS_SP26,DAM,SP_CLR_PRC,0,6
2025-12-16T20:00:00-00:00,2025-12-16T21:00:00-00:00,2025-12-16,13,0,Hourly,SR,AS_SP26_EXP,DAM,SP_CLR_PRC,0,6
2025-12-16T21:00:00-00:00,2025-12-16T22:00:00-00:00,2025-12-16,14,0,Hourly,SR,AS_SP26,DAM,SP_CLR_PRC,0,6
2025-12-16T22:00:00-00:00,2025-12-16T23:00:00-00:00,2025-12-16,15,0,Hourly,SR,AS_CAISO_EXP,DAM,SP_CLR_PRC,0.17,6
2025-12-16T23:00:00-00:00,2025-12-17T00:00:00-00:00,2025-12-16,16,0,Hourly,SR,AS_CAISO,DAM,SP_CLR_PRC,0,6
2025-12-17T01:00:00-00:00,2025-12-17T02:00:00-00:00,2025-12-16,18,0,Hourly,SR,AS_SP26,DAM,SP_CLR_PRC,0,6
2025-12-17T02:00:00-00:00,2025-12-17T03:00:00-00:00,2025-12-16,19,0,Hourly,SR,AS_SP26_EXP,DAM,SP_CLR_PRC,0,6
2025-12-17T04:00:00-00:00,2025-12-17T05:00:00-00:00,2025-12-16,21,0,Hourly,SR,AS_CAISO_EXP,DAM,SP_CLR_PRC,0.77551,6
2025-12-17T04:00:00-00:00,2025-12-17T05:00:00-00:00,2025-12-16,21,0,Hourly,SR,AS_NP26,DAM,SP_CLR_PRC,0,6
2025-12-17T06:00:00-00:00,2025-12-17T07:00:00-00:00,2025-12-16,23,0,Hourly,SR,AS_CAISO,DAM,SP_CLR_PRC,0,6
2025-12-17T06:00:00-00:00,2025-12-17T07:00:00-00:00,2025-12-16,23,0,Hourly,SR,AS_NP26,DAM,SP_CLR_PRC,0,6
2025-12-17T07:00:00-00:00,2025-12-17T08:00:00-00:00,2025-12-16,24,0,Hourly,SR,AS_NP26,DAM,SP_CLR_PRC,0,6
2025-12-17T02:00:00-00:00,2025-12-17T03:00:00-00:00,2025-12-16,19,0,Hourly,SR,AS_NP26,DAM,SP_CLR_PRC,0,6
2025-12-17T02:00:00-00:00,2025-12-17T03:00:00-00:00,2025-12-16,19,0,Hourly,SR,AS_SP26,DAM,SP_CLR_PRC,0,6
2025-12-17T07:00:00-00:00,2025-12-17T08:00:00-00:00,2025-12-16,24,0,Hourly,SR,AS_CAISO_EXP,DAM,SP_CLR_PRC,1,6
2025-12-17T07:00:00-00:00,2025-12-17T08:00:00-00:00,2025-12-16,24,0,Hourly,SR,AS_SP26,DAM,SP_CLR_PRC,0,6
2025-12-16T09:00:00-00:00,2025-12-16T10:00:00-00:00,2025-12-16,2,0,Hourly,SR,AS_NP26,DAM,SP_CLR_PRC,0,6
2025-12-16T12:00:00-00:00,2025-12-16T13:00:00-00:00,2025-12-16,5,0,Hourly,SR,AS_NP26,DAM,SP_CLR_PRC,0,6
2025-12-16T12:00:00-00:00,2025-12-16T13:00:00-00:00,2025-12-16,5,0,Hourly,SR,AS_NP26_EXP,DAM,SP_CLR_PRC,0,6
2025-12-16T12:00:00-00:00,2025-12-16T13:00:00-00:00,2025-12-16,5,0,Hourly,SR,AS_SP26_EXP,DAM,SP_CLR_PRC,0,6
2025-12-16T13:00:00-00:00,2025-12-16T14:00:00-00:00,2025-12-16,6,0,Hourly,SR,AS_SP26,DAM,SP_CLR_PRC,0,6
2025-12-16T14:00:00-00:00,2025-12-16T15:00:00-00:00,2025-12-16,7,0,Hourly,SR,AS_CAISO_EXP,DAM,SP_CLR_PRC,1.37805,6
2025-12-16T15:00:00-00:00,2025-12-16T16:00:00-00:00,2025-12-16,8,0,Hourly,SR,AS_NP26_EXP,DAM,SP_CLR_PRC,0.25,6
2025-12-17T00:00:00-00:00,2025-12-17T01:00:00-00:00,2025-12-16,17,0,Hourly,SR,AS_NP26_EXP,DAM,SP_CLR_PRC,0.31,6
2025-12-17T02:00:00-00:00,2025-12-17T03:00:00-00:00,2025-12-16,19,0,Hourly,SR,AS_CAISO,DAM,SP_CLR_PRC,0,6
2025-12-17T03:00:00-00:00,2025-12-17T04:00:00-00:00,2025-12-16,20,0,Hourly,SR,AS_NP26,DAM,SP_CLR_PRC,0,6
2025-12-17T03:00:00-00:00,2025-12-17T04:00:00-00:00,2025-12-16,20,0,Hourly,SR,AS_NP26_EXP,DAM,SP_CLR_PRC,0.59,6
2025-12-17T03:00:00-00:00,2025-12-17T04:00:00-00:00,2025-12-16,20,0,Hourly,SR,AS_SP26_EXP,DAM,SP_CLR_PRC,0,6
2025-12-17T05:00:00-00:00,2025-12-17T06:00:00-00:00,2025-12-16,22,0,Hourly,SR,AS_CAISO,DAM,SP_CLR_PRC,0,6
2025-12-17T06:00:00-00:00,2025-12-17T07:00:00-00:00,2025-12-16,23,0,Hourly,SR,AS_SP26_EXP,DAM,SP_CLR_PRC,0,6
2025-12-16T08:00:00-00:00,2025-12-16T09:00:00-00:00,2025-12-16,1,0,Hourly,SR,AS_CAISO,DAM,SP_CLR_PRC,0,6
2025-12-16T08:00:00-00:00,2025-12-16T09:00:00-00:00,2025-12-16,1,0,Hourly,SR,AS_CAISO_EXP,DAM,SP_CLR_PRC,1,6
2025-12-16T09:00:00-00:00,2025-12-16T10:00:00-00:00,2025-12-16,2,0,Hourly,SR,AS_SP26,DAM,SP_CLR_PRC,0,6
2025-12-16T10:00:00-00:00,2025-12-16T11:00:00-00:00,2025-12-16,3,0,Hourly,SR,AS_CAISO_EXP,DAM,SP_CLR_PRC,0.69,6
2025-12-16T13:00:00-00:00,2025-12-16T14:00:00-00:00,2025-12-16,6,0,Hourly,SR,AS_CAISO,DAM,SP_CLR_PRC,0,6
2025-12-16T14:00:00-00:00,2025-12-16T15:00:00-00:00,2025-12-16,7,0,Hourly,SR,AS_SP26_EXP,DAM,SP_CLR_PRC,0,6
2025-12-16T15:00:00-00:00,2025-12-16T16:00:00-00:00,2025-12-16,8,0,Hourly,SR,AS_CAISO,DAM,SP_CLR_PRC,0,6
2025-12-16T17:00:00-00:00,2025-12-16T18:00:00-00:00,2025-12-16,10,0,Hourly,SR,AS_SP26,DAM,SP_CLR_PRC,0,6
2025-12-16T19:00:00-00:00,2025-12-16T20:00:00-00:00,2025-12-16,12,0,Hourly,SR,AS_CAISO,DAM,SP_CLR_PRC,0,6
2025-12-16T21:00:00-00:00,2025-12-16T22:00:00-00:00,2025-12-16,14,0,Hourly,SR,AS_NP26_EXP,DAM,SP_CLR_PRC,0.74,6
2025-12-17T00:00:00-00:00,2025-12-17T01:00:00-00:00,2025-12-16,17,0,Hourly,SR,AS_CAISO,DAM,SP_CLR_PRC,0,6
2025-12-17T01:00:00-00:00,2025-12-17T02:00:00-00:00,2025-12-16,18,0,Hourly,SR,AS_CAISO_EXP,DAM,SP_CLR_PRC,0.75,6
2025-12-17T02:00:00-00:00,2025-12-17T03:00:00-00:00,2025-12-16,19,0,Hourly,SR,AS_NP26_EXP,DAM,SP_CLR_PRC,0.28846,6
2025-12-17T05:00:00-00:00,2025-12-17T06:00:00-00:00,2025-12-16,22,0,Hourly,SR,AS_CAISO_EXP,DAM,SP_CLR_PRC,0.75,6
2025-12-17T05:00:00-00:00,2025-12-17T06:00:00-00:00,2025-12-16,22,0,Hourly,SR,AS_NP26,DAM,SP_CLR_PRC,0,6
2025-12-17T07:00:00-00:00,2025-12-17T08:00:00-00:00,2025-12-16,24,0,Hourly,SR,AS_CAISO,DAM,SP_CLR_PRC,0,6
2025-12-16T08:00:00-00:00,2025-12-16T09:00:00-00:00,2025-12-16,1,0,Hourly,SR,AS_NP26,DAM,SP_CLR_PRC,0,6
2025-12-16T08:00:00-00:00,2025-12-16T09:00:00-00:00,2025-12-16,1,0,Hourly,SR,AS_SP26,DAM,SP_CLR_PRC,0,6
2025-12-16T09:00:00-00:00,2025-12-16T10:00:00-00:00,2025-12-16,2,0,Hourly,SR,AS_CAISO_EXP,DAM,SP_CLR_PRC,1,6
2025-12-16T10:00:00-00:00,2025-12-16T11:00:00-00:00,2025-12-16,3,0,Hourly,SR,AS_CAISO,DAM,SP_CLR_PRC,0,6
2025-12-16T10:00:00-00:00,2025-12-16T11:00:00-00:00,2025-12-16,3,0,Hourly,SR,AS_SP26_EXP,DAM,SP_CLR_PRC,0,6
2025-12-16T11:00:00-00:00,2025-12-16T12:00:00-00:00,2025-12-16,4,0,Hourly,SR,AS_CAISO,DAM,SP_CLR_PRC,0,6
2025-12-16T11:00:00-00:00,2025-12-16T12:00:00-00:00,2025-12-16,4,0,Hourly,SR,AS_NP26_EXP,DAM,SP_CLR_PRC,0,6
2025-12-16T15:00:00-00:00,2025-12-16T16:00:00-00:00,2025-12-16,8,0,Hourly,SR,AS_NP26,DAM,SP_CLR_PRC,0,6
2025-12-16T17:00:00-00:00,2025-12-16T18:00:00-00:00,2025-12-16,10,0,Hourly,SR,AS_CAISO_EXP,DAM,SP_CLR_PRC,0.17,6
2025-12-16T18:00:00-00:00,2025-12-16T19:00:00-00:00,2025-12-16,11,0,Hourly,SR,AS_NP26_EXP,DAM,SP_CLR_PRC,0.83058,6
2025-12-16T20:00:00-00:00,2025-12-16T21:00:00-00:00,2025-12-16,13,0,Hourly,SR,AS_NP26_EXP,DAM,SP_CLR_PRC,0.41832,6
2025-12-16T21:00:00-00:00,2025-12-16T22:00:00-00:00,2025-12-16,14,0,Hourly,SR,AS_NP26,DAM,SP_CLR_PRC,0,6
2025-12-16T22:00:00-00:00,2025-12-16T23:00:00-00:00,2025-12-16,15,0,Hourly,SR,AS_CAISO,DAM,SP_CLR_PRC,0,6
2025-12-17T01:00:00-00:00,2025-12-17T02:00:00-00:00,2025-12-16,18,0,Hourly,SR,AS_NP26,DAM,SP_CLR_PRC,0,6
2025-12-17T02:00:00-00:00,2025-12-17T03:00:00-00:00,2025-12-16,19,0,Hourly,SR,AS_CAISO_EXP,DAM,SP_CLR_PRC,0.71154,6
2025-12-17T03:00:00-00:00,2025-12-17T04:00:00-00:00,2025-12-16,20,0,Hourly,SR,AS_CAISO,DAM,SP_CLR_PRC,0,6
2025-12-17T03:00:00-00:00,2025-12-17T04:00:00-00:00,2025-12-16,20,0,Hourly,SR,AS_CAISO_EXP,DAM,SP_CLR_PRC,0.41,6
2025-12-17T03:00:00-00:00,2025-12-17T04:00:00-00:00,2025-12-16,20,0,Hourly,SR,AS_SP26,DAM,SP_CLR_PRC,0,6
2025-12-17T04:00:00-00:00,2025-12-17T05:00:00-00:00,2025-12-16,21,0,Hourly,SR,AS_SP26,DAM,SP_CLR_PRC,0,6
2025-12-17T07:00:00-00:00,2025-12-17T08:00:00-00:00,2025-12-16,24,0,Hourly,SR,AS_NP26_EXP,DAM,SP_CLR_PRC,0.5,6
2025-12-17T07:00:00-00:00,2025-12-17T08:00:00-00:00,2025-12-16,24,0,Hourly,SR,AS_SP26_EXP,DAM,SP_CLR_PRC,0,6
2025-12-16T09:00:00-00:00,2025-12-16T10:00:00-00:00,2025-12-16,2,0,Hourly,SR,AS_SP26_EXP,DAM,SP_CLR_PRC,0,6
2025-12-16T10:00:00-00:00,2025-12-16T11:00:00-00:00,2025-12-16,3,0,Hourly,SR,AS_NP26,DAM,SP_CLR_PRC,0,6
2025-12-16T10:00:00-00:00,2025-12-16T11:00:00-00:00,2025-12-16,3,0,Hourly,SR,AS_SP26,DAM,SP_CLR_PRC,0,6
2025-12-16T11:00:00-00:00,2025-12-16T12:00:00-00:00,2025-12-16,4,0,Hourly,SR,AS_SP26,DAM,SP_CLR_PRC,0,6
2025-12-16T12:00:00-00:00,2025-12-16T13:00:00-00:00,2025-12-16,5,0,Hourly,SR,AS_SP26,DAM,SP_CLR_PRC,0,6
2025-12-16T13:00:00-00:00,2025-12-16T14:00:00-00:00,2025-12-16,6,0,Hourly,SR,AS_CAISO_EXP,DAM,SP_CLR_PRC,0.75,6
2025-12-16T13:00:00-00:00,2025-12-16T14:00:00-00:00,2025-12-16,6,0,Hourly,SR,AS_NP26_EXP,DAM,SP_CLR_PRC,0.25,6
2025-12-16T15:00:00-00:00,2025-12-16T16:00:00-00:00,2025-12-16,8,0,Hourly,SR,AS_CAISO_EXP,DAM,SP_CLR_PRC,0.75,6
2025-12-16T16:00:00-00:00,2025-12-16T17:00:00-00:00,2025-12-16,9,0,Hourly,SR,AS_CAISO_EXP,DAM,SP_CLR_PRC,1,6
2025-12-16T09:00:00-00:00,2025-12-16T10:00:00-00:00,2025-12-16,2,0,Hourly,SR,AS_NP26_EXP,DAM,SP_CLR_PRC,0.5,6
2025-12-16T10:00:00-00:00,2025-12-16T11:00:00-00:00,2025-12-16,3,0,Hourly,SR,AS_NP26_EXP,DAM,SP_CLR_PRC,0,6
2025-12-16T11:00:00-00:00,2025-12-16T12:00:00-00:00,2025-12-16,4,0,Hourly,SR,AS_NP26,DAM,SP_CLR_PRC,0,6
2025-12-16T13:00:00-00:00,2025-12-16T14:00:00-00:00,2025-12-16,6,0,Hourly,SR,AS_NP26,DAM,SP_CLR_PRC,0,6
2025-12-16T13:00:00-00:00,2025-12-16T14:00:00-00:00,2025-12-16,6,0,Hourly,SR,AS_SP26_EXP,DAM,SP_CLR_PRC,0,6
2025-12-16T14:00:00-00:00,2025-12-16T15:00:00-00:00,2025-12-16,7,0,Hourly,SR,AS_CAISO,DAM,SP_CLR_PRC,0,6
2025-12-16T14:00:00-00:00,2025-12-16T15:00:00-00:00,2025-12-16,7,0,Hourly,SR,AS_NP26_EXP,DAM,SP_CLR_PRC,0.12195,6
2025-12-16T16:00:00-00:00,2025-12-16T17:00:00-00:00,2025-12-16,9,0,Hourly,SR,AS_CAISO,DAM,SP_CLR_PRC,0,6
2025-12-16T16:00:00-00:00,2025-12-16T17:00:00-00:00,2025-12-16,9,0,Hourly,SR,AS_NP26_EXP,DAM,SP_CLR_PRC,0.5,6
2025-12-16T18:00:00-00:00,2025-12-16T19:00:00-00:00,2025-12-16,11,0,Hourly,SR,AS_CAISO,DAM,SP_CLR_PRC,0,6
2025-12-16T20:00:00-00:00,2025-12-16T21:00:00-00:00,2025-12-16,13,0,Hourly,SR,AS_NP26,DAM,SP_CLR_PRC,0,6
2025-12-16T21:00:00-00:00,2025-12-16T22:00:00-00:00,2025-12-16,14,0,Hourly,SR,AS_CAISO,DAM,SP_CLR_PRC,0,6
2025-12-16T22:00:00-00:00,2025-12-16T23:00:00-00:00,2025-12-16,15,0,Hourly,SR,AS_NP26,DAM,SP_CLR_PRC,0,6
2025-12-16T22:00:00-00:00,2025-12-16T23:00:00-00:00,2025-12-16,15,0,Hourly,SR,AS_SP26,DAM,SP_CLR_PRC,0,6
2025-12-16T23:00:00-00:00,2025-12-17T00:00:00-00:00,2025-12-16,16,0,Hourly,SR,AS_NP26,DAM,SP_CLR_PRC,0,6
2025-12-17T01:00:00-00:00,2025-12-17T02:00:00-00:00,2025-12-16,18,0,Hourly,SR,AS_SP26_EXP,DAM,SP_CLR_PRC,0,6
2025-12-17T04:00:00-00:00,2025-12-17T05:00:00-00:00,2025-12-16,21,0,Hourly,SR,AS_CAISO,DAM,SP_CLR_PRC,0,6
2025-12-17T06:00:00-00:00,2025-12-17T07:00:00-00:00,2025-12-16,23,0,Hourly,SR,AS_SP26,DAM,SP_CLR_PRC,0,6
2025-12-16T08:00:00-00:00,2025-12-16T09:00:00-00:00,2025-12-16,1,0,Hourly,SR,AS_SP26_EXP,DAM,SP_CLR_PRC,0,6
2025-12-16T09:00:00-00:00,2025-12-16T10:00:00-00:00,2025-12-16,2,0,Hourly,SR,AS_CAISO,DAM,SP_CLR_PRC,0,6
2025-12-16T12:00:00-00:00,2025-12-16T13:00:00-00:00,2025-12-16,5,0,Hourly,SR,AS_CAISO,DAM,SP_CLR_PRC,0,6
2025-12-16T16:00:00-00:00,2025-12-16T17:00:00-00:00,2025-12-16,9,0,Hourly,SR,AS_SP26,DAM,SP_CLR_PRC,0,6
2025-12-16T19:00:00-00:00,2025-12-16T20:00:00-00:00,2025-12-16,12,0,Hourly,SR,AS_NP26,DAM,SP_CLR_PRC,0,6
2025-12-16T21:00:00-00:00,2025-12-16T22:00:00-00:00,2025-12-16,14,0,Hourly,SR,AS_CAISO_EXP,DAM,SP_CLR_PRC,0.17,6
2025-12-16T21:00:00-00:00,2025-12-16T22:00:00-00:00,2025-12-16,14,0,Hourly,SR,AS_SP26_EXP,DAM,SP_CLR_PRC,0,6
2025-12-16T23:00:00-00:00,2025-12-17T00:00:00-00:00,2025-12-16,16,0,Hourly,SR,AS_NP26_EXP,DAM,SP_CLR_PRC,0.83,6
2025-12-16T23:00:00-00:00,2025-12-17T00:00:00-00:00,2025-12-16,16,0,Hourly,SR,AS_SP26_EXP,DAM,SP_CLR_PRC,0,6
2025-12-17T00:00:00-00:00,2025-12-17T01:00:00-00:00,2025-12-16,17,0,Hourly,SR,AS_CAISO_EXP,DAM,SP_CLR_PRC,0.75,6
2025-12-17T00:00:00-00:00,2025-12-17T01:00:00-00:00,2025-12-16,17,0,Hourly,SR,AS_NP26,DAM,SP_CLR_PRC,0,6
2025-12-17T00:00:00-00:00,2025-12-17T01:00:00-00:00,2025-12-16,17,0,Hourly,SR,AS_SP26,DAM,SP_CLR_PRC,0,6
2025-12-17T00:00:00-00:00,2025-12-17T01:00:00-00:00,2025-12-16,17,0,Hourly,SR,AS_SP26_EXP,DAM,SP_CLR_PRC,0,6
2025-12-17T01:00:00-00:00,2025-12-17T02:00:00-00:00,2025-12-16,18,0,Hourly,SR,AS_CAISO,DAM,SP_CLR_PRC,0,6
2025-12-17T01:00:00-00:00,2025-12-17T02:00:00-00:00,2025-12-16,18,0,Hourly,SR,AS_NP26_EXP,DAM,SP_CLR_PRC,0.25,6
2025-12-17T04:00:00-00:00,2025-12-17T05:00:00-00:00,2025-12-16,21,0,Hourly,SR,AS_NP26_EXP,DAM,SP_CLR_PRC,0.22449,6
2025-12-17T05:00:00-00:00,2025-12-17T06:00:00-00:00,2025-12-16,22,0,Hourly,SR,AS_NP26_EXP,DAM,SP_CLR_PRC,0.66341,6
2025-12-17T05:00:00-00:00,2025-12-17T06:00:00-00:00,2025-12-16,22,0,Hourly,SR,AS_SP26_EXP,DAM,SP_CLR_PRC,0,6
2025-12-17T06:00:00-00:00,2025-12-17T07:00:00-00:00,2025-12-16,23,0,Hourly,SR,AS_CAISO_EXP,DAM,SP_CLR_PRC,1,6
2025-12-17T06:00:00-00:00,2025-12-17T07:00:00-00:00,2025-12-16,23,0,Hourly,SR,AS_NP26_EXP,DAM,SP_CLR_PRC,0.5,6
2025-12-16T08:00:00-00:00,2025-12-16T09:00:00-00:00,2025-12-16,1,0,Hourly,SR,AS_NP26_EXP,DAM,SP_CLR_PRC,0.5,6
2025-12-16T11:00:00-00:00,2025-12-16T12:00:00-00:00,2025-12-16,4,0,Hourly,SR,AS_CAISO_EXP,DAM,SP_CLR_PRC,0.49,6
2025-12-16T11:00:00-00:00,2025-12-16T12:00:00-00:00,2025-12-16,4,0,Hourly,SR,AS_SP26_EXP,DAM,SP_CLR_PRC,0,6
2025-12-16T14:00:00-00:00,2025-12-16T15:00:00-00:00,2025-12-16,7,0,Hourly,SR,AS_NP26,DAM,SP_CLR_PRC,0,6
2025-12-16T15:00:00-00:00,2025-12-16T16:00:00-00:00,2025-12-16,8,0,Hourly,SR,AS_SP26_EXP,DAM,SP_CLR_PRC,0,6
2025-12-16T17:00:00-00:00,2025-12-16T18:00:00-00:00,2025-12-16,10,0,Hourly,SR,AS_NP26,DAM,SP_CLR_PRC,0,6
2025-12-16T17:00:00-00:00,2025-12-16T18:00:00-00:00,2025-12-16,10,0,Hourly,SR,AS_SP26_EXP,DAM,SP_CLR_PRC,0,6
2025-12-16T18:00:00-00:00,2025-12-16T19:00:00-00:00,2025-12-16,11,0,Hourly,SR,AS_CAISO_EXP,DAM,SP_CLR_PRC,0.17,6
2025-12-16T18:00:00-00:00,2025-12-16T19:00:00-00:00,2025-12-16,11,0,Hourly,SR,AS_NP26,DAM,SP_CLR_PRC,0,6
2025-12-16T18:00:00-00:00,2025-12-16T19:00:00-00:00,2025-12-16,11,0,Hourly,SR,AS_SP26,DAM,SP_CLR_PRC,0,6
2025-12-16T19:00:00-00:00,2025-12-16T20:00:00-00:00,2025-12-16,12,0,Hourly,SR,AS_NP26_EXP,DAM,SP_CLR_PRC,0.37443,6
2025-12-16T20:00:00-00:00,2025-12-16T21:00:00-00:00,2025-12-16,13,0,Hourly,SR,AS_CAISO,DAM,SP_CLR_PRC,0,6
2025-12-16T20:00:00-00:00,2025-12-16T21:00:00-00:00,2025-12-16,13,0,Hourly,SR,AS_CAISO_EXP,DAM,SP_CLR_PRC,0.17,6
2025-12-16T20:00:00-00:00,2025-12-16T21:00:00-00:00,2025-12-16,13,0,Hourly,SR,AS_SP26,DAM,SP_CLR_PRC,0,6
2025-12-16T22:00:00-00:00,2025-12-16T23:00:00-00:00,2025-12-16,15,0,Hourly,SR,AS_NP26_EXP,DAM,SP_CLR_PRC,0.33,6
2025-12-17T04:00:00-00:00,2025-12-17T05:00:00-00:00,2025-12-16,21,0,Hourly,SR,AS_SP26_EXP,DAM,SP_CLR_PRC,0,6
2025-12-17T05:00:00-00:00,2025-12-17T06:00:00-00:00,2025-12-16,22,0,Hourly,SR,AS_SP26,DAM,SP_CLR_PRC,0,6
2025-12-16T12:00:00-00:00,2025-12-16T13:00:00-00:00,2025-12-16,5,0,Hourly,SR,AS_CAISO_EXP,DAM,SP_CLR_PRC,0.51,6
2025-12-16T14:00:00-00:00,2025-12-16T15:00:00-00:00,2025-12-16,7,0,Hourly,SR,AS_SP26,DAM,SP_CLR_PRC,0,6
2025-12-16T15:00:00-00:00,2025-12-16T16:00:00-00:00,2025-12-16,8,0,Hourly,SR,AS_SP26,DAM,SP_CLR_PRC,0,6
2025-12-16T17:00:00-00:00,2025-12-16T18:00:00-00:00,2025-12-16,10,0,Hourly,SR,AS_CAISO,DAM,SP_CLR_PRC,0,6
2025-12-16T19:00:00-00:00,2025-12-16T20:00:00-00:00,2025-12-16,12,0,Hourly,SR,AS_CAISO_EXP,DAM,SP_CLR_PRC,0.17,6
2025-12-16T19:00:00-00:00,2025-12-16T20:00:00-00:00,2025-12-16,12,0,Hourly,SR,AS_SP26_EXP,DAM,SP_CLR_PRC,0,6
2025-12-16T22:00:00-00:00,2025-12-16T23:00:00-00:00,2025-12-16,15,0,Hourly,SR,AS_SP26_EXP,DAM,SP_CLR_PRC,0,6
2025-12-16T23:00:00-00:00,2025-12-17T00:00:00-00:00,2025-12-16,16,0,Hourly,SR,AS_CAISO_EXP,DAM,SP_CLR_PRC,0.17,6
2025-12-16T23:00:00-00:00,2025-12-17T00:00:00-00:00,2025-12-16,16,0,Hourly,SR,AS_SP26,DAM,SP_CLR_PRC,0,6
2025-12-17T12:00:00-00:00,2025-12-17T13:00:00-00:00,2025-12-17,5,0,Hourly,SR,AS_NP26_EXP,DAM,SP_CLR_PRC,0,7
2025-12-17T13:00:00-00:00,2025-12-17T14:00:00-00:00,2025-12-17,6,0,Hourly,SR,AS_CAISO_EXP,DAM,SP_CLR_PRC,1,7
2025-12-17T14:00:00-00:00,2025-12-17T15:00:00-00:00,2025-12-17,7,0,Hourly,SR,AS_CAISO_EXP,DAM,SP_CLR_PRC,1.5,7
2025-12-17T14:00:00-00:00,2025-12-17T15:00:00-00:00,2025-12-17,7,0,Hourly,SR,AS_NP26,DAM,SP_CLR_PRC,0,7
2025-12-17T17:00:00-00:00,2025-12-17T18:00:00-00:00,2025-12-17,10,0,Hourly,SR,AS_SP26_EXP,DAM,SP_CLR_PRC,0,7
2025-12-17T18:00:00-00:00,2025-12-17T19:00:00-00:00,2025-12-17,11,0,Hourly,SR,AS_SP26_EXP,DAM,SP_CLR_PRC,0,7
2025-12-17T23:00:00-00:00,2025-12-18T00:00:00-00:00,2025-12-17,16,0,Hourly,SR,AS_NP26,DAM,SP_CLR_PRC,0,7
2025-12-17T23:00:00-00:00,2025-12-18T00:00:00-00:00,2025-12-17,16,0,Hourly,SR,AS_SP26,DAM,SP_CLR_PRC,0,7
2025-12-18T00:00:00-00:00,2025-12-18T01:00:00-00:00,2025-12-17,17,0,Hourly,SR,AS_NP26_EXP,DAM,SP_CLR_PRC,0.5,7
2025-12-18T01:00:00-00:00,2025-12-18T02:00:00-00:00,2025-12-17,18,0,Hourly,SR,AS_CAISO,DAM,SP_CLR_PRC,0,7
2025-12-18T02:00:00-00:00,2025-12-18T03:00:00-00:00,2025-12-17,19,0,Hourly,SR,AS_CAISO_EXP,DAM,SP_CLR_PRC,0.85361,7
2025-12-18T03:00:00-00:00,2025-12-18T04:00:00-00:00,2025-12-17,20,0,Hourly,SR,AS_NP26_EXP,DAM,SP_CLR_PRC,0.61164,7
2025-12-18T04:00:00-00:00,2025-12-18T05:00:00-00:00,2025-12-17,21,0,Hourly,SR,AS_CAISO,DAM,SP_CLR_PRC,0,7
2025-12-18T04:00:00-00:00,2025-12-18T05:00:00-00:00,2025-12-17,21,0,Hourly,SR,AS_SP26_EXP,DAM,SP_CLR_PRC,0,7
2025-12-18T06:00:00-00:00,2025-12-18T07:00:00-00:00,2025-12-17,23,0,Hourly,SR,AS_SP26_EXP,DAM,SP_CLR_PRC,0,7
2025-12-18T07:00:00-00:00,2025-12-18T08:00:00-00:00,2025-12-17,24,0,Hourly,SR,AS_NP26_EXP,DAM,SP_CLR_PRC,1.5,7
2025-12-18T01:00:00-00:00,2025-12-18T02:00:00-00:00,2025-12-17,18,0,Hourly,SR,AS_NP26_EXP,DAM,SP_CLR_PRC,0.25,7
2025-12-18T02:00:00-00:00,2025-12-18T03:00:00-00:00,2025-12-17,19,0,Hourly,SR,AS_SP26,DAM,SP_CLR_PRC,0,7
2025-12-18T02:00:00-00:00,2025-12-18T03:00:00-00:00,2025-12-17,19,0,Hourly,SR,AS_SP26_EXP,DAM,SP_CLR_PRC,0,7
2025-12-18T04:00:00-00:00,2025-12-18T05:00:00-00:00,2025-12-17,21,0,Hourly,SR,AS_CAISO_EXP,DAM,SP_CLR_PRC,1,7
2025-12-18T05:00:00-00:00,2025-12-18T06:00:00-00:00,2025-12-17,22,0,Hourly,SR,AS_SP26_EXP,DAM,SP_CLR_PRC,0,7
2025-12-18T06:00:00-00:00,2025-12-18T07:00:00-00:00,2025-12-17,23,0,Hourly,SR,AS_CAISO_EXP,DAM,SP_CLR_PRC,1,7
2025-12-17T10:00:00-00:00,2025-12-17T11:00:00-00:00,2025-12-17,3,0,Hourly,SR,AS_CAISO_EXP,DAM,SP_CLR_PRC,1,7
2025-12-17T10:00:00-00:00,2025-12-17T11:00:00-00:00,2025-12-17,3,0,Hourly,SR,AS_NP26_EXP,DAM,SP_CLR_PRC,0,7
2025-12-17T11:00:00-00:00,2025-12-17T12:00:00-00:00,2025-12-17,4,0,Hourly,SR,AS_NP26_EXP,DAM,SP_CLR_PRC,0,7
2025-12-17T12:00:00-00:00,2025-12-17T13:00:00-00:00,2025-12-17,5,0,Hourly,SR,AS_CAISO,DAM,SP_CLR_PRC,0,7
2025-12-17T12:00:00-00:00,2025-12-17T13:00:00-00:00,2025-12-17,5,0,Hourly,SR,AS_SP26_EXP,DAM,SP_CLR_PRC,0,7
2025-12-17T16:00:00-00:00,2025-12-17T17:00:00-00:00,2025-12-17,9,0,Hourly,SR,AS_CAISO,DAM,SP_CLR_PRC,0,7
2025-12-17T16:00:00-00:00,2025-12-17T17:00:00-00:00,2025-12-17,9,0,Hourly,SR,AS_NP26,DAM,SP_CLR_PRC,0,7
2025-12-17T16:00:00-00:00,2025-12-17T17:00:00-00:00,2025-12-17,9,0,Hourly,SR,AS_SP26,DAM,SP_CLR_PRC,0,7
2025-12-17T17:00:00-00:00,2025-12-17T18:00:00-00:00,2025-12-17,10,0,Hourly,SR,AS_SP26,DAM,SP_CLR_PRC,0,7
2025-12-17T19:00:00-00:00,2025-12-17T20:00:00-00:00,2025-12-17,12,0,Hourly,SR,AS_CAISO,DAM,SP_CLR_PRC,0,7
2025-12-17T19:00:00-00:00,2025-12-17T20:00:00-00:00,2025-12-17,12,0,Hourly,SR,AS_SP26_EXP,DAM,SP_CLR_PRC,0,7
2025-12-17T22:00:00-00:00,2025-12-17T23:00:00-00:00,2025-12-17,15,0,Hourly,SR,AS_CAISO_EXP,DAM,SP_CLR_PRC,0.17,7
2025-12-18T00:00:00-00:00,2025-12-18T01:00:00-00:00,2025-12-17,17,0,Hourly,SR,AS_NP26,DAM,SP_CLR_PRC,0,7
2025-12-18T02:00:00-00:00,2025-12-18T03:00:00-00:00,2025-12-17,19,0,Hourly,SR,AS_NP26_EXP,DAM,SP_CLR_PRC,0.61769,7
2025-12-18T04:00:00-00:00,2025-12-18T05:00:00-00:00,2025-12-17,21,0,Hourly,SR,AS_NP26,DAM,SP_CLR_PRC,0,7
2025-12-18T05:00:00-00:00,2025-12-18T06:00:00-00:00,2025-12-17,22,0,Hourly,SR,AS_SP26,DAM,SP_CLR_PRC,0,7
2025-12-18T06:00:00-00:00,2025-12-18T07:00:00-00:00,2025-12-17,23,0,Hourly,SR,AS_CAISO,DAM,SP_CLR_PRC,0,7
2025-12-18T07:00:00-00:00,2025-12-18T08:00:00-00:00,2025-12-17,24,0,Hourly,SR,AS_SP26_EXP,DAM,SP_CLR_PRC,0,7
2025-12-17T08:00:00-00:00,2025-12-17T09:00:00-00:00,2025-12-17,1,0,Hourly,SR,AS_CAISO_EXP,DAM,SP_CLR_PRC,1.38577,7
2025-12-17T10:00:00-00:00,2025-12-17T11:00:00-00:00,2025-12-17,3,0,Hourly,SR,AS_SP26,DAM,SP_CLR_PRC,0,7
2025-12-17T11:00:00-00:00,2025-12-17T12:00:00-00:00,2025-12-17,4,0,Hourly,SR,AS_NP26,DAM,SP_CLR_PRC,0,7
2025-12-17T15:00:00-00:00,2025-12-17T16:00:00-00:00,2025-12-17,8,0,Hourly,SR,AS_CAISO,DAM,SP_CLR_PRC,0,7
2025-12-17T15:00:00-00:00,2025-12-17T16:00:00-00:00,2025-12-17,8,0,Hourly,SR,AS_SP26,DAM,SP_CLR_PRC,0,7
2025-12-17T18:00:00-00:00,2025-12-17T19:00:00-00:00,2025-12-17,11,0,Hourly,SR,AS_CAISO,DAM,SP_CLR_PRC,0,7
2025-12-17T18:00:00-00:00,2025-12-17T19:00:00-00:00,2025-12-17,11,0,Hourly,SR,AS_SP26,DAM,SP_CLR_PRC,0,7
2025-12-17T19:00:00-00:00,2025-12-17T20:00:00-00:00,2025-12-17,12,0,Hourly,SR,AS_NP26_EXP,DAM,SP_CLR_PRC,0.13,7
2025-12-17T20:00:00-00:00,2025-12-17T21:00:00-00:00,2025-12-17,13,0,Hourly,SR,AS_SP26,DAM,SP_CLR_PRC,0,7
2025-12-17T21:00:00-00:00,2025-12-17T22:00:00-00:00,2025-12-17,14,0,Hourly,SR,AS_CAISO_EXP,DAM,SP_CLR_PRC,0.17,7
2025-12-17T21:00:00-00:00,2025-12-17T22:00:00-00:00,2025-12-17,14,0,Hourly,SR,AS_NP26,DAM,SP_CLR_PRC,0,7
2025-12-17T21:00:00-00:00,2025-12-17T22:00:00-00:00,2025-12-17,14,0,Hourly,SR,AS_SP26_EXP,DAM,SP_CLR_PRC,0,7
2025-12-17T22:00:00-00:00,2025-12-17T23:00:00-00:00,2025-12-17,15,0,Hourly,SR,AS_CAISO,DAM,SP_CLR_PRC,0,7
2025-12-17T22:00:00-00:00,2025-12-17T23:00:00-00:00,2025-12-17,15,0,Hourly,SR,AS_NP26,DAM,SP_CLR_PRC,0,7
2025-12-17T23:00:00-00:00,2025-12-18T00:00:00-00:00,2025-12-17,16,0,Hourly,SR,AS_CAISO_EXP,DAM,SP_CLR_PRC,0.17,7
2025-12-17T23:00:00-00:00,2025-12-18T00:00:00-00:00,2025-12-17,16,0,Hourly,SR,AS_SP26_EXP,DAM,SP_CLR_PRC,0,7
2025-12-18T00:00:00-00:00,2025-12-18T01:00:00-00:00,2025-12-17,17,0,Hourly,SR,AS_SP26,DAM,SP_CLR_PRC,0,7
2025-12-18T02:00:00-00:00,2025-12-18T03:00:00-00:00,2025-12-17,19,0,Hourly,SR,AS_NP26,DAM,SP_CLR_PRC,0,7
2025-12-18T04:00:00-00:00,2025-12-18T05:00:00-00:00,2025-12-17,21,0,Hourly,SR,AS_NP26_EXP,DAM,SP_CLR_PRC,0.25,7
2025-12-18T05:00:00-00:00,2025-12-18T06:00:00-00:00,2025-12-17,22,0,Hourly,SR,AS_CAISO_EXP,DAM,SP_CLR_PRC,1,7
2025-12-18T07:00:00-00:00,2025-12-18T08:00:00-00:00,2025-12-17,24,0,Hourly,SR,AS_CAISO,DAM,SP_CLR_PRC,0,7
2025-12-17T08:00:00-00:00,2025-12-17T09:00:00-00:00,2025-12-17,1,0,Hourly,SR,AS_CAISO,DAM,SP_CLR_PRC,0,7
2025-12-17T08:00:00-00:00,2025-12-17T09:00:00-00:00,2025-12-17,1,0,Hourly,SR,AS_SP26,DAM,SP_CLR_PRC,0,7
2025-12-17T11:00:00-00:00,2025-12-17T12:00:00-00:00,2025-12-17,4,0,Hourly,SR,AS_SP26_EXP,DAM,SP_CLR_PRC,0,7
2025-12-17T12:00:00-00:00,2025-12-17T13:00:00-00:00,2025-12-17,5,0,Hourly,SR,AS_SP26,DAM,SP_CLR_PRC,0,7
2025-12-17T13:00:00-00:00,2025-12-17T14:00:00-00:00,2025-12-17,6,0,Hourly,SR,AS_NP26,DAM,SP_CLR_PRC,0,7
2025-12-17T14:00:00-00:00,2025-12-17T15:00:00-00:00,2025-12-17,7,0,Hourly,SR,AS_SP26_EXP,DAM,SP_CLR_PRC,0,7
2025-12-17T15:00:00-00:00,2025-12-17T16:00:00-00:00,2025-12-17,8,0,Hourly,SR,AS_NP26,DAM,SP_CLR_PRC,0,7
2025-12-17T16:00:00-00:00,2025-12-17T17:00:00-00:00,2025-12-17,9,0,Hourly,SR,AS_NP26_EXP,DAM,SP_CLR_PRC,0,7
2025-12-17T18:00:00-00:00,2025-12-17T19:00:00-00:00,2025-12-17,11,0,Hourly,SR,AS_NP26_EXP,DAM,SP_CLR_PRC,0.20183,7
2025-12-17T20:00:00-00:00,2025-12-17T21:00:00-00:00,2025-12-17,13,0,Hourly,SR,AS_CAISO_EXP,DAM,SP_CLR_PRC,0.17,7
2025-12-17T22:00:00-00:00,2025-12-17T23:00:00-00:00,2025-12-17,15,0,Hourly,SR,AS_SP26_EXP,DAM,SP_CLR_PRC,0,7
2025-12-17T23:00:00-00:00,2025-12-18T00:00:00-00:00,2025-12-17,16,0,Hourly,SR,AS_CAISO,DAM,SP_CLR_PRC,0,7
2025-12-18T01:00:00-00:00,2025-12-18T02:00:00-00:00,2025-12-17,18,0,Hourly,SR,AS_SP26_EXP,DAM,SP_CLR_PRC,0,7
2025-12-18T03:00:00-00:00,2025-12-18T04:00:00-00:00,2025-12-17,20,0,Hourly,SR,AS_SP26_EXP,DAM,SP_CLR_PRC,0,7
2025-12-18T05:00:00-00:00,2025-12-18T06:00:00-00:00,2025-12-17,22,0,Hourly,SR,AS_CAISO,DAM,SP_CLR_PRC,0,7
2025-12-18T06:00:00-00:00,2025-12-18T07:00:00-00:00,2025-12-17,23,0,Hourly,SR,AS_NP26_EXP,DAM,SP_CLR_PRC,1.5,7
2025-12-18T07:00:00-00:00,2025-12-18T08:00:00-00:00,2025-12-17,24,0,Hourly,SR,AS_CAISO_EXP,DAM,SP_CLR_PRC,1,7
2025-12-17T11:00:00-00:00,2025-12-17T12:00:00-00:00,2025-12-17,4,0,Hourly,SR,AS_CAISO,DAM,SP_CLR_PRC,0,7
2025-12-17T12:00:00-00:00,2025-12-17T13:00:00-00:00,2025-12-17,5,0,Hourly,SR,AS_CAISO_EXP,DAM,SP_CLR_PRC,1,7
2025-12-17T09:00:00-00:00,2025-12-17T10:00:00-00:00,2025-12-17,2,0,Hourly,SR,AS_NP26,DAM,SP_CLR_PRC,0,7
2025-12-17T14:00:00-00:00,2025-12-17T15:00:00-00:00,2025-12-17,7,0,Hourly,SR,AS_CAISO,DAM,SP_CLR_PRC,0,7
2025-12-17T17:00:00-00:00,2025-12-17T18:00:00-00:00,2025-12-17,10,0,Hourly,SR,AS_CAISO,DAM,SP_CLR_PRC,0,7
2025-12-17T19:00:00-00:00,2025-12-17T20:00:00-00:00,2025-12-17,12,0,Hourly,SR,AS_CAISO_EXP,DAM,SP_CLR_PRC,0.17,7
2025-12-17T20:00:00-00:00,2025-12-17T21:00:00-00:00,2025-12-17,13,0,Hourly,SR,AS_SP26_EXP,DAM,SP_CLR_PRC,0,7
2025-12-17T21:00:00-00:00,2025-12-17T22:00:00-00:00,2025-12-17,14,0,Hourly,SR,AS_CAISO,DAM,SP_CLR_PRC,0,7
2025-12-17T21:00:00-00:00,2025-12-17T22:00:00-00:00,2025-12-17,14,0,Hourly,SR,AS_NP26_EXP,DAM,SP_CLR_PRC,0.13,7
2025-12-17T22:00:00-00:00,2025-12-17T23:00:00-00:00,2025-12-17,15,0,Hourly,SR,AS_SP26,DAM,SP_CLR_PRC,0,7
2025-12-18T05:00:00-00:00,2025-12-18T06:00:00-00:00,2025-12-17,22,0,Hourly,SR,AS_NP26_EXP,DAM,SP_CLR_PRC,0.25,7
2025-12-18T07:00:00-00:00,2025-12-18T08:00:00-00:00,2025-12-17,24,0,Hourly,SR,AS_SP26,DAM,SP_CLR_PRC,0,7
2025-12-17T08:00:00-00:00,2025-12-17T09:00:00-00:00,2025-12-17,1,0,Hourly,SR,AS_SP26_EXP,DAM,SP_CLR_PRC,0,7
2025-12-17T09:00:00-00:00,2025-12-17T10:00:00-00:00,2025-12-17,2,0,Hourly,SR,AS_SP26,DAM,SP_CLR_PRC,0,7
2025-12-17T10:00:00-00:00,2025-12-17T11:00:00-00:00,2025-12-17,3,0,Hourly,SR,AS_SP26_EXP,DAM,SP_CLR_PRC,0,7
2025-12-17T11:00:00-00:00,2025-12-17T12:00:00-00:00,2025-12-17,4,0,Hourly,SR,AS_SP26,DAM,SP_CLR_PRC,0,7
2025-12-17T15:00:00-00:00,2025-12-17T16:00:00-00:00,2025-12-17,8,0,Hourly,SR,AS_SP26_EXP,DAM,SP_CLR_PRC,0,7
2025-12-17T16:00:00-00:00,2025-12-17T17:00:00-00:00,2025-12-17,9,0,Hourly,SR,AS_CAISO_EXP,DAM,SP_CLR_PRC,1,7
2025-12-17T17:00:00-00:00,2025-12-17T18:00:00-00:00,2025-12-17,10,0,Hourly,SR,AS_NP26_EXP,DAM,SP_CLR_PRC,0.0288,7
2025-12-17T19:00:00-00:00,2025-12-17T20:00:00-00:00,2025-12-17,12,0,Hourly,SR,AS_NP26,DAM,SP_CLR_PRC,0,7
2025-12-17T20:00:00-00:00,2025-12-17T21:00:00-00:00,2025-12-17,13,0,Hourly,SR,AS_NP26,DAM,SP_CLR_PRC,0,7
2025-12-17T22:00:00-00:00,2025-12-17T23:00:00-00:00,2025-12-17,15,0,Hourly,SR,AS_NP26_EXP,DAM,SP_CLR_PRC,0.13,7
2025-12-18T00:00:00-00:00,2025-12-18T01:00:00-00:00,2025-12-17,17,0,Hourly,SR,AS_SP26_EXP,DAM,SP_CLR_PRC,0,7
2025-12-18T01:00:00-00:00,2025-12-18T02:00:00-00:00,2025-12-17,18,0,Hourly,SR,AS_SP26,DAM,SP_CLR_PRC,0,7
2025-12-18T06:00:00-00:00,2025-12-18T07:00:00-00:00,2025-12-17,23,0,Hourly,SR,AS_NP26,DAM,SP_CLR_PRC,0,7
2025-12-17T08:00:00-00:00,2025-12-17T09:00:00-00:00,2025-12-17,1,0,Hourly,SR,AS_NP26_EXP,DAM,SP_CLR_PRC,0,7
2025-12-17T08:00:00-00:00,2025-12-17T09:00:00-00:00,2025-12-17,1,0,Hourly,SR,AS_NP26,DAM,SP_CLR_PRC,0,7
2025-12-17T09:00:00-00:00,2025-12-17T10:00:00-00:00,2025-12-17,2,0,Hourly,SR,AS_SP26_EXP,DAM,SP_CLR_PRC,0,7
2025-12-17T10:00:00-00:00,2025-12-17T11:00:00-00:00,2025-12-17,3,0,Hourly,SR,AS_CAISO,DAM,SP_CLR_PRC,0,7
2025-12-17T11:00:00-00:00,2025-12-17T12:00:00-00:00,2025-12-17,4,0,Hourly,SR,AS_CAISO_EXP,DAM,SP_CLR_PRC,1,7
2025-12-17T12:00:00-00:00,2025-12-17T13:00:00-00:00,2025-12-17,5,0,Hourly,SR,AS_NP26,DAM,SP_CLR_PRC,0,7
2025-12-17T13:00:00-00:00,2025-12-17T14:00:00-00:00,2025-12-17,6,0,Hourly,SR,AS_NP26_EXP,DAM,SP_CLR_PRC,0,7
2025-12-17T15:00:00-00:00,2025-12-17T16:00:00-00:00,2025-12-17,8,0,Hourly,SR,AS_CAISO_EXP,DAM,SP_CLR_PRC,1.25,7
2025-12-17T17:00:00-00:00,2025-12-17T18:00:00-00:00,2025-12-17,10,0,Hourly,SR,AS_CAISO_EXP,DAM,SP_CLR_PRC,0.2712,7
2025-12-17T18:00:00-00:00,2025-12-17T19:00:00-00:00,2025-12-17,11,0,Hourly,SR,AS_NP26,DAM,SP_CLR_PRC,0,7
2025-12-17T19:00:00-00:00,2025-12-17T20:00:00-00:00,2025-12-17,12,0,Hourly,SR,AS_SP26,DAM,SP_CLR_PRC,0,7
2025-12-17T21:00:00-00:00,2025-12-17T22:00:00-00:00,2025-12-17,14,0,Hourly,SR,AS_SP26,DAM,SP_CLR_PRC,0,7
2025-12-18T00:00:00-00:00,2025-12-18T01:00:00-00:00,2025-12-17,17,0,Hourly,SR,AS_CAISO,DAM,SP_CLR_PRC,0,7
2025-12-18T00:00:00-00:00,2025-12-18T01:00:00-00:00,2025-12-17,17,0,Hourly,SR,AS_CAISO_EXP,DAM,SP_CLR_PRC,1,7
2025-12-18T01:00:00-00:00,2025-12-18T02:00:00-00:00,2025-12-17,18,0,Hourly,SR,AS_CAISO_EXP,DAM,SP_CLR_PRC,1,7
2025-12-18T02:00:00-00:00,2025-12-18T03:00:00-00:00,2025-12-17,19,0,Hourly,SR,AS_CAISO,DAM,SP_CLR_PRC,0,7
2025-12-18T03:00:00-00:00,2025-12-18T04:00:00-00:00,2025-12-17,20,0,Hourly,SR,AS_CAISO,DAM,SP_CLR_PRC,0,7
2025-12-18T03:00:00-00:00,2025-12-18T04:00:00-00:00,2025-12-17,20,0,Hourly,SR,AS_CAISO_EXP,DAM,SP_CLR_PRC,0.88836,7
2025-12-18T03:00:00-00:00,2025-12-18T04:00:00-00:00,2025-12-17,20,0,Hourly,SR,AS_NP26,DAM,SP_CLR_PRC,0,7
2025-12-18T03:00:00-00:00,2025-12-18T04:00:00-00:00,2025-12-17,20,0,Hourly,SR,AS_SP26,DAM,SP_CLR_PRC,0,7
2025-12-18T04:00:00-00:00,2025-12-18T05:00:00-00:00,2025-12-17,21,0,Hourly,SR,AS_SP26,DAM,SP_CLR_PRC,0,7
2025-12-18T05:00:00-00:00,2025-12-18T06:00:00-00:00,2025-12-17,22,0,Hourly,SR,AS_NP26,DAM,SP_CLR_PRC,0,7
2025-12-18T06:00:00-00:00,2025-12-18T07:00:00-00:00,2025-12-17,23,0,Hourly,SR,AS_SP26,DAM,SP_CLR_PRC,0,7
2025-12-18T07:00:00-00:00,2025-12-18T08:00:00-00:00,2025-12-17,24,0,Hourly,SR,AS_NP26,DAM,SP_CLR_PRC,0,7
2025-12-17T09:00:00-00:00,2025-12-17T10:00:00-00:00,2025-12-17,2,0,Hourly,SR,AS_CAISO,DAM,SP_CLR_PRC,0,7
2025-12-17T09:00:00-00:00,2025-12-17T10:00:00-00:00,2025-12-17,2,0,Hourly,SR,AS_CAISO_EXP,DAM,SP_CLR_PRC,1,7
2025-12-17T09:00:00-00:00,2025-12-17T10:00:00-00:00,2025-12-17,2,0,Hourly,SR,AS_NP26_EXP,DAM,SP_CLR_PRC,0,7
2025-12-17T10:00:00-00:00,2025-12-17T11:00:00-00:00,2025-12-17,3,0,Hourly,SR,AS_NP26,DAM,SP_CLR_PRC,0,7
2025-12-17T13:00:00-00:00,2025-12-17T14:00:00-00:00,2025-12-17,6,0,Hourly,SR,AS_CAISO,DAM,SP_CLR_PRC,0,7
2025-12-17T13:00:00-00:00,2025-12-17T14:00:00-00:00,2025-12-17,6,0,Hourly,SR,AS_SP26,DAM,SP_CLR_PRC,0,7
2025-12-17T13:00:00-00:00,2025-12-17T14:00:00-00:00,2025-12-17,6,0,Hourly,SR,AS_SP26_EXP,DAM,SP_CLR_PRC,0,7
2025-12-17T14:00:00-00:00,2025-12-17T15:00:00-00:00,2025-12-17,7,0,Hourly,SR,AS_NP26_EXP,DAM,SP_CLR_PRC,0,7
2025-12-17T14:00:00-00:00,2025-12-17T15:00:00-00:00,2025-12-17,7,0,Hourly,SR,AS_SP26,DAM,SP_CLR_PRC,0,7
2025-12-17T15:00:00-00:00,2025-12-17T16:00:00-00:00,2025-12-17,8,0,Hourly,SR,AS_NP26_EXP,DAM,SP_CLR_PRC,0.25,7
2025-12-17T16:00:00-00:00,2025-12-17T17:00:00-00:00,2025-12-17,9,0,Hourly,SR,AS_SP26_EXP,DAM,SP_CLR_PRC,0,7
2025-12-17T17:00:00-00:00,2025-12-17T18:00:00-00:00,2025-12-17,10,0,Hourly,SR,AS_NP26,DAM,SP_CLR_PRC,0,7
2025-12-17T18:00:00-00:00,2025-12-17T19:00:00-00:00,2025-12-17,11,0,Hourly,SR,AS_CAISO_EXP,DAM,SP_CLR_PRC,0.17,7
2025-12-17T20:00:00-00:00,2025-12-17T21:00:00-00:00,2025-12-17,13,0,Hourly,SR,AS_CAISO,DAM,SP_CLR_PRC,0,7
2025-12-17T20:00:00-00:00,2025-12-17T21:00:00-00:00,2025-12-17,13,0,Hourly,SR,AS_NP26_EXP,DAM,SP_CLR_PRC,0.13,7
2025-12-17T23:00:00-00:00,2025-12-18T00:00:00-00:00,2025-12-17,16,0,Hourly,SR,AS_NP26_EXP,DAM,SP_CLR_PRC,0.33,7
2025-12-18T01:00:00-00:00,2025-12-18T02:00:00-00:00,2025-12-17,18,0,Hourly,SR,AS_NP26,DAM,SP_CLR_PRC,0,7
2025-12-18T11:00:00-00:00,2025-12-18T12:00:00-00:00,2025-12-18,4,0,Hourly,SR,AS_SP26_EXP,DAM,SP_CLR_PRC,0,8
2025-12-18T12:00:00-00:00,2025-12-18T13:00:00-00:00,2025-12-18,5,0,Hourly,SR,AS_CAISO_EXP,DAM,SP_CLR_PRC,0.75,8
2025-12-18T12:00:00-00:00,2025-12-18T13:00:00-00:00,2025-12-18,5,0,Hourly,SR,AS_SP26_EXP,DAM,SP_CLR_PRC,0,8
2025-12-18T14:00:00-00:00,2025-12-18T15:00:00-00:00,2025-12-18,7,0,Hourly,SR,AS_SP26_EXP,DAM,SP_CLR_PRC,0,8
2025-12-18T16:00:00-00:00,2025-12-18T17:00:00-00:00,2025-12-18,9,0,Hourly,SR,AS_NP26_EXP,DAM,SP_CLR_PRC,0.5,8
2025-12-18T17:00:00-00:00,2025-12-18T18:00:00-00:00,2025-12-18,10,0,Hourly,SR,AS_CAISO_EXP,DAM,SP_CLR_PRC,0.46527,8
2025-12-18T21:00:00-00:00,2025-12-18T22:00:00-00:00,2025-12-18,14,0,Hourly,SR,AS_NP26_EXP,DAM,SP_CLR_PRC,0.33,8
2025-12-18T22:00:00-00:00,2025-12-18T23:00:00-00:00,2025-12-18,15,0,Hourly,SR,AS_NP26,DAM,SP_CLR_PRC,0,8
2025-12-18T23:00:00-00:00,2025-12-19T00:00:00-00:00,2025-12-18,16,0,Hourly,SR,AS_CAISO_EXP,DAM,SP_CLR_PRC,0.17,8
2025-12-18T23:00:00-00:00,2025-12-19T00:00:00-00:00,2025-12-18,16,0,Hourly,SR,AS_NP26_EXP,DAM,SP_CLR_PRC,1.08,8
2025-12-19T00:00:00-00:00,2025-12-19T01:00:00-00:00,2025-12-18,17,0,Hourly,SR,AS_SP26,DAM,SP_CLR_PRC,0,8
2025-12-19T01:00:00-00:00,2025-12-19T02:00:00-00:00,2025-12-18,18,0,Hourly,SR,AS_CAISO,DAM,SP_CLR_PRC,0,8
2025-12-19T02:00:00-00:00,2025-12-19T03:00:00-00:00,2025-12-18,19,0,Hourly,SR,AS_CAISO,DAM,SP_CLR_PRC,0,8
2025-12-19T06:00:00-00:00,2025-12-19T07:00:00-00:00,2025-12-18,23,0,Hourly,SR,AS_CAISO_EXP,DAM,SP_CLR_PRC,1,8
2025-12-19T06:00:00-00:00,2025-12-19T07:00:00-00:00,2025-12-18,23,0,Hourly,SR,AS_SP26,DAM,SP_CLR_PRC,0,8
2025-12-19T07:00:00-00:00,2025-12-19T08:00:00-00:00,2025-12-18,24,0,Hourly,SR,AS_SP26_EXP,DAM,SP_CLR_PRC,0,8
2025-12-18T17:00:00-00:00,2025-12-18T18:00:00-00:00,2025-12-18,10,0,Hourly,SR,AS_NP26_EXP,DAM,SP_CLR_PRC,1.03473,8
2025-12-18T17:00:00-00:00,2025-12-18T18:00:00-00:00,2025-12-18,10,0,Hourly,SR,AS_SP26,DAM,SP_CLR_PRC,0,8
2025-12-18T18:00:00-00:00,2025-12-18T19:00:00-00:00,2025-12-18,11,0,Hourly,SR,AS_CAISO_EXP,DAM,SP_CLR_PRC,0.66035,8
2025-12-18T18:00:00-00:00,2025-12-18T19:00:00-00:00,2025-12-18,11,0,Hourly,SR,AS_NP26,DAM,SP_CLR_PRC,0,8
2025-12-18T19:00:00-00:00,2025-12-18T20:00:00-00:00,2025-12-18,12,0,Hourly,SR,AS_NP26_EXP,DAM,SP_CLR_PRC,0.5,8
2025-12-18T19:00:00-00:00,2025-12-18T20:00:00-00:00,2025-12-18,12,0,Hourly,SR,AS_SP26_EXP,DAM,SP_CLR_PRC,0,8
2025-12-18T20:00:00-00:00,2025-12-18T21:00:00-00:00,2025-12-18,13,0,Hourly,SR,AS_SP26,DAM,SP_CLR_PRC,0,8
2025-12-18T20:00:00-00:00,2025-12-18T21:00:00-00:00,2025-12-18,13,0,Hourly,SR,AS_SP26_EXP,DAM,SP_CLR_PRC,0,8
2025-12-18T23:00:00-00:00,2025-12-19T00:00:00-00:00,2025-12-18,16,0,Hourly,SR,AS_SP26,DAM,SP_CLR_PRC,0,8
2025-12-19T02:00:00-00:00,2025-12-19T03:00:00-00:00,2025-12-18,19,0,Hourly,SR,AS_NP26,DAM,SP_CLR_PRC,0,8
2025-12-19T02:00:00-00:00,2025-12-19T03:00:00-00:00,2025-12-18,19,0,Hourly,SR,AS_SP26_EXP,DAM,SP_CLR_PRC,0,8
2025-12-18T09:00:00-00:00,2025-12-18T10:00:00-00:00,2025-12-18,2,0,Hourly,SR,AS_CAISO_EXP,DAM,SP_CLR_PRC,1,8
2025-12-18T13:00:00-00:00,2025-12-18T14:00:00-00:00,2025-12-18,6,0,Hourly,SR,AS_NP26,DAM,SP_CLR_PRC,0,8
2025-12-18T15:00:00-00:00,2025-12-18T16:00:00-00:00,2025-12-18,8,0,Hourly,SR,AS_SP26,DAM,SP_CLR_PRC,0,8
2025-12-18T16:00:00-00:00,2025-12-18T17:00:00-00:00,2025-12-18,9,0,Hourly,SR,AS_NP26,DAM,SP_CLR_PRC,0,8
2025-12-18T16:00:00-00:00,2025-12-18T17:00:00-00:00,2025-12-18,9,0,Hourly,SR,AS_SP26,DAM,SP_CLR_PRC,0,8
2025-12-18T18:00:00-00:00,2025-12-18T19:00:00-00:00,2025-12-18,11,0,Hourly,SR,AS_SP26,DAM,SP_CLR_PRC,0,8
2025-12-18T19:00:00-00:00,2025-12-18T20:00:00-00:00,2025-12-18,12,0,Hourly,SR,AS_CAISO,DAM,SP_CLR_PRC,0,8
2025-12-18T19:00:00-00:00,2025-12-18T20:00:00-00:00,2025-12-18,12,0,Hourly,SR,AS_CAISO_EXP,DAM,SP_CLR_PRC,1,8
2025-12-19T01:00:00-00:00,2025-12-19T02:00:00-00:00,2025-12-18,18,0,Hourly,SR,AS_NP26,DAM,SP_CLR_PRC,0,8
2025-12-19T01:00:00-00:00,2025-12-19T02:00:00-00:00,2025-12-18,18,0,Hourly,SR,AS_NP26_EXP,DAM,SP_CLR_PRC,0.5,8
2025-12-19T02:00:00-00:00,2025-12-19T03:00:00-00:00,2025-12-18,19,0,Hourly,SR,AS_SP26,DAM,SP_CLR_PRC,0,8
2025-12-19T03:00:00-00:00,2025-12-19T04:00:00-00:00,2025-12-18,20,0,Hourly,SR,AS_CAISO,DAM,SP_CLR_PRC,0,8
2025-12-19T05:00:00-00:00,2025-12-19T06:00:00-00:00,2025-12-18,22,0,Hourly,SR,AS_NP26,DAM,SP_CLR_PRC,0,8
2025-12-19T05:00:00-00:00,2025-12-19T06:00:00-00:00,2025-12-18,22,0,Hourly,SR,AS_NP26_EXP,DAM,SP_CLR_PRC,0.5,8
2025-12-19T05:00:00-00:00,2025-12-19T06:00:00-00:00,2025-12-18,22,0,Hourly,SR,AS_SP26,DAM,SP_CLR_PRC,0,8
2025-12-19T06:00:00-00:00,2025-12-19T07:00:00-00:00,2025-12-18,23,0,Hourly,SR,AS_NP26_EXP,DAM,SP_CLR_PRC,0.90601,8
2025-12-19T07:00:00-00:00,2025-12-19T08:00:00-00:00,2025-12-18,24,0,Hourly,SR,AS_CAISO,DAM,SP_CLR_PRC,0,8
2025-12-19T07:00:00-00:00,2025-12-19T08:00:00-00:00,2025-12-18,24,0,Hourly,SR,AS_SP26,DAM,SP_CLR_PRC,0,8
2025-12-18T09:00:00-00:00,2025-12-18T10:00:00-00:00,2025-12-18,2,0,Hourly,SR,AS_NP26_EXP,DAM,SP_CLR_PRC,0.5,8
2025-12-18T09:00:00-00:00,2025-12-18T10:00:00-00:00,2025-12-18,2,0,Hourly,SR,AS_SP26,DAM,SP_CLR_PRC,0,8
2025-12-18T10:00:00-00:00,2025-12-18T11:00:00-00:00,2025-12-18,3,0,Hourly,SR,AS_NP26,DAM,SP_CLR_PRC,0,8
2025-12-18T10:00:00-00:00,2025-12-18T11:00:00-00:00,2025-12-18,3,0,Hourly,SR,AS_NP26_EXP,DAM,SP_CLR_PRC,0.5,8
2025-12-18T10:00:00-00:00,2025-12-18T11:00:00-00:00,2025-12-18,3,0,Hourly,SR,AS_SP26,DAM,SP_CLR_PRC,0,8
2025-12-18T12:00:00-00:00,2025-12-18T13:00:00-00:00,2025-12-18,5,0,Hourly,SR,AS_CAISO,DAM,SP_CLR_PRC,0,8
2025-12-18T13:00:00-00:00,2025-12-18T14:00:00-00:00,2025-12-18,6,0,Hourly,SR,AS_NP26_EXP,DAM,SP_CLR_PRC,0.5,8
2025-12-18T15:00:00-00:00,2025-12-18T16:00:00-00:00,2025-12-18,8,0,Hourly,SR,AS_CAISO_EXP,DAM,SP_CLR_PRC,1.25,8
2025-12-18T16:00:00-00:00,2025-12-18T17:00:00-00:00,2025-12-18,9,0,Hourly,SR,AS_CAISO,DAM,SP_CLR_PRC,0,8
2025-12-18T17:00:00-00:00,2025-12-18T18:00:00-00:00,2025-12-18,10,0,Hourly,SR,AS_NP26,DAM,SP_CLR_PRC,0,8
2025-12-18T20:00:00-00:00,2025-12-18T21:00:00-00:00,2025-12-18,13,0,Hourly,SR,AS_NP26_EXP,DAM,SP_CLR_PRC,0,8
2025-12-18T21:00:00-00:00,2025-12-18T22:00:00-00:00,2025-12-18,14,0,Hourly,SR,AS_SP26,DAM,SP_CLR_PRC,0,8
2025-12-19T01:00:00-00:00,2025-12-19T02:00:00-00:00,2025-12-18,18,0,Hourly,SR,AS_CAISO_EXP,DAM,SP_CLR_PRC,0.75,8
2025-12-19T02:00:00-00:00,2025-12-19T03:00:00-00:00,2025-12-18,19,0,Hourly,SR,AS_CAISO_EXP,DAM,SP_CLR_PRC,0.73057,8
2025-12-19T04:00:00-00:00,2025-12-19T05:00:00-00:00,2025-12-18,21,0,Hourly,SR,AS_CAISO,DAM,SP_CLR_PRC,0,8
2025-12-19T04:00:00-00:00,2025-12-19T05:00:00-00:00,2025-12-18,21,0,Hourly,SR,AS_CAISO_EXP,DAM,SP_CLR_PRC,0.75,8
2025-12-19T07:00:00-00:00,2025-12-19T08:00:00-00:00,2025-12-18,24,0,Hourly,SR,AS_CAISO_EXP,DAM,SP_CLR_PRC,1,8
2025-12-18T08:00:00-00:00,2025-12-18T09:00:00-00:00,2025-12-18,1,0,Hourly,SR,AS_SP26,DAM,SP_CLR_PRC,0,8
2025-12-18T09:00:00-00:00,2025-12-18T10:00:00-00:00,2025-12-18,2,0,Hourly,SR,AS_NP26,DAM,SP_CLR_PRC,0,8
2025-12-18T11:00:00-00:00,2025-12-18T12:00:00-00:00,2025-12-18,4,0,Hourly,SR,AS_CAISO_EXP,DAM,SP_CLR_PRC,0.75,8
2025-12-18T11:00:00-00:00,2025-12-18T12:00:00-00:00,2025-12-18,4,0,Hourly,SR,AS_NP26_EXP,DAM,SP_CLR_PRC,0.5,8
2025-12-18T13:00:00-00:00,2025-12-18T14:00:00-00:00,2025-12-18,6,0,Hourly,SR,AS_CAISO,DAM,SP_CLR_PRC,0,8
2025-12-18T15:00:00-00:00,2025-12-18T16:00:00-00:00,2025-12-18,8,0,Hourly,SR,AS_NP26,DAM,SP_CLR_PRC,0,8
2025-12-18T19:00:00-00:00,2025-12-18T20:00:00-00:00,2025-12-18,12,0,Hourly,SR,AS_NP26,DAM,SP_CLR_PRC,0,8
2025-12-18T20:00:00-00:00,2025-12-18T21:00:00-00:00,2025-12-18,13,0,Hourly,SR,AS_NP26,DAM,SP_CLR_PRC,0,8
2025-12-18T22:00:00-00:00,2025-12-18T23:00:00-00:00,2025-12-18,15,0,Hourly,SR,AS_CAISO,DAM,SP_CLR_PRC,0,8
2025-12-18T22:00:00-00:00,2025-12-18T23:00:00-00:00,2025-12-18,15,0,Hourly,SR,AS_SP26,DAM,SP_CLR_PRC,0,8
2025-12-18T22:00:00-00:00,2025-12-18T23:00:00-00:00,2025-12-18,15,0,Hourly,SR,AS_SP26_EXP,DAM,SP_CLR_PRC,0,8
2025-12-18T23:00:00-00:00,2025-12-19T00:00:00-00:00,2025-12-18,16,0,Hourly,SR,AS_CAISO,DAM,SP_CLR_PRC,0,8
2025-12-19T04:00:00-00:00,2025-12-19T05:00:00-00:00,2025-12-18,21,0,Hourly,SR,AS_SP26_EXP,DAM,SP_CLR_PRC,0,8
2025-12-19T05:00:00-00:00,2025-12-19T06:00:00-00:00,2025-12-18,22,0,Hourly,SR,AS_CAISO_EXP,DAM,SP_CLR_PRC,0.75,8
2025-12-19T06:00:00-00:00,2025-12-19T07:00:00-00:00,2025-12-18,23,0,Hourly,SR,AS_CAISO,DAM,SP_CLR_PRC,0,8
2025-12-19T06:00:00-00:00,2025-12-19T07:00:00-00:00,2025-12-18,23,0,Hourly,SR,AS_SP26_EXP,DAM,SP_CLR_PRC,0,8
2025-12-18T08:00:00-00:00,2025-12-18T09:00:00-00:00,2025-12-18,1,0,Hourly,SR,AS_NP26,DAM,SP_CLR_PRC,0,8
2025-12-18T10:00:00-00:00,2025-12-18T11:00:00-00:00,2025-12-18,3,0,Hourly,SR,AS_CAISO,DAM,SP_CLR_PRC,0,8
2025-12-18T11:00:00-00:00,2025-12-18T12:00:00-00:00,2025-12-18,4,0,Hourly,SR,AS_SP26,DAM,SP_CLR_PRC,0,8
2025-12-18T12:00:00-00:00,2025-12-18T13:00:00-00:00,2025-12-18,5,0,Hourly,SR,AS_NP26,DAM,SP_CLR_PRC,0,8
2025-12-18T14:00:00-00:00,2025-12-18T15:00:00-00:00,2025-12-18,7,0,Hourly,SR,AS_NP26,DAM,SP_CLR_PRC,0,8
2025-12-18T18:00:00-00:00,2025-12-18T19:00:00-00:00,2025-12-18,11,0,Hourly,SR,AS_NP26_EXP,DAM,SP_CLR_PRC,1.09548,8
2025-12-18T19:00:00-00:00,2025-12-18T20:00:00-00:00,2025-12-18,12,0,Hourly,SR,AS_SP26,DAM,SP_CLR_PRC,0,8
2025-12-18T20:00:00-00:00,2025-12-18T21:00:00-00:00,2025-12-18,13,0,Hourly,SR,AS_CAISO,DAM,SP_CLR_PRC,0,8
2025-12-18T20:00:00-00:00,2025-12-18T21:00:00-00:00,2025-12-18,13,0,Hourly,SR,AS_CAISO_EXP,DAM,SP_CLR_PRC,0.77703,8
2025-12-18T21:00:00-00:00,2025-12-18T22:00:00-00:00,2025-12-18,14,0,Hourly,SR,AS_CAISO,DAM,SP_CLR_PRC,0,8
2025-12-18T21:00:00-00:00,2025-12-18T22:00:00-00:00,2025-12-18,14,0,Hourly,SR,AS_NP26,DAM,SP_CLR_PRC,0,8
2025-12-18T21:00:00-00:00,2025-12-18T22:00:00-00:00,2025-12-18,14,0,Hourly,SR,AS_SP26_EXP,DAM,SP_CLR_PRC,0,8
2025-12-18T22:00:00-00:00,2025-12-18T23:00:00-00:00,2025-12-18,15,0,Hourly,SR,AS_NP26_EXP,DAM,SP_CLR_PRC,0.83,8
2025-12-18T23:00:00-00:00,2025-12-19T00:00:00-00:00,2025-12-18,16,0,Hourly,SR,AS_NP26,DAM,SP_CLR_PRC,0,8
2025-12-19T00:00:00-00:00,2025-12-19T01:00:00-00:00,2025-12-18,17,0,Hourly,SR,AS_SP26_EXP,DAM,SP_CLR_PRC,0,8
2025-12-19T01:00:00-00:00,2025-12-19T02:00:00-00:00,2025-12-18,18,0,Hourly,SR,AS_SP26_EXP,DAM,SP_CLR_PRC,0,8
2025-12-19T02:00:00-00:00,2025-12-19T03:00:00-00:00,2025-12-18,19,0,Hourly,SR,AS_NP26_EXP,DAM,SP_CLR_PRC,0.51943,8
2025-12-19T03:00:00-00:00,2025-12-19T04:00:00-00:00,2025-12-18,20,0,Hourly,SR,AS_CAISO_EXP,DAM,SP_CLR_PRC,0.68255,8
2025-12-19T03:00:00-00:00,2025-12-19T04:00:00-00:00,2025-12-18,20,0,Hourly,SR,AS_NP26_EXP,DAM,SP_CLR_PRC,0.56745,8
2025-12-19T05:00:00-00:00,2025-12-19T06:00:00-00:00,2025-12-18,22,0,Hourly,SR,AS_SP26_EXP,DAM,SP_CLR_PRC,0,8
2025-12-19T06:00:00-00:00,2025-12-19T07:00:00-00:00,2025-12-18,23,0,Hourly,SR,AS_NP26,DAM,SP_CLR_PRC,0,8
2025-12-18T08:00:00-00:00,2025-12-18T09:00:00-00:00,2025-12-18,1,0,Hourly,SR,AS_CAISO_EXP,DAM,SP_CLR_PRC,1.03,8
2025-12-18T08:00:00-00:00,2025-12-18T09:00:00-00:00,2025-12-18,1,0,Hourly,SR,AS_SP26_EXP,DAM,SP_CLR_PRC,0,8
2025-12-18T09:00:00-00:00,2025-12-18T10:00:00-00:00,2025-12-18,2,0,Hourly,SR,AS_CAISO,DAM,SP_CLR_PRC,0,8
2025-12-18T11:00:00-00:00,2025-12-18T12:00:00-00:00,2025-12-18,4,0,Hourly,SR,AS_NP26,DAM,SP_CLR_PRC,0,8
2025-12-18T14:00:00-00:00,2025-12-18T15:00:00-00:00,2025-12-18,7,0,Hourly,SR,AS_CAISO,DAM,SP_CLR_PRC,0,8
2025-12-18T14:00:00-00:00,2025-12-18T15:00:00-00:00,2025-12-18,7,0,Hourly,SR,AS_CAISO_EXP,DAM,SP_CLR_PRC,1,8
2025-12-18T14:00:00-00:00,2025-12-18T15:00:00-00:00,2025-12-18,7,0,Hourly,SR,AS_NP26_EXP,DAM,SP_CLR_PRC,0.25,8
2025-12-18T14:00:00-00:00,2025-12-18T15:00:00-00:00,2025-12-18,7,0,Hourly,SR,AS_SP26,DAM,SP_CLR_PRC,0,8
2025-12-18T15:00:00-00:00,2025-12-18T16:00:00-00:00,2025-12-18,8,0,Hourly,SR,AS_CAISO,DAM,SP_CLR_PRC,0,8
2025-12-18T15:00:00-00:00,2025-12-18T16:00:00-00:00,2025-12-18,8,0,Hourly,SR,AS_SP26_EXP,DAM,SP_CLR_PRC,0,8
2025-12-18T16:00:00-00:00,2025-12-18T17:00:00-00:00,2025-12-18,9,0,Hourly,SR,AS_CAISO_EXP,DAM,SP_CLR_PRC,1,8
2025-12-18T17:00:00-00:00,2025-12-18T18:00:00-00:00,2025-12-18,10,0,Hourly,SR,AS_CAISO,DAM,SP_CLR_PRC,0,8
2025-12-18T17:00:00-00:00,2025-12-18T18:00:00-00:00,2025-12-18,10,0,Hourly,SR,AS_SP26_EXP,DAM,SP_CLR_PRC,0,8
2025-12-19T00:00:00-00:00,2025-12-19T01:00:00-00:00,2025-12-18,17,0,Hourly,SR,AS_CAISO,DAM,SP_CLR_PRC,0,8
2025-12-19T00:00:00-00:00,2025-12-19T01:00:00-00:00,2025-12-18,17,0,Hourly,SR,AS_NP26,DAM,SP_CLR_PRC,0,8
2025-12-19T01:00:00-00:00,2025-12-19T02:00:00-00:00,2025-12-18,18,0,Hourly,SR,AS_SP26,DAM,SP_CLR_PRC,0,8
2025-12-19T03:00:00-00:00,2025-12-19T04:00:00-00:00,2025-12-18,20,0,Hourly,SR,AS_NP26,DAM,SP_CLR_PRC,0,8
2025-12-19T03:00:00-00:00,2025-12-19T04:00:00-00:00,2025-12-18,20,0,Hourly,SR,AS_SP26,DAM,SP_CLR_PRC,0,8
2025-12-19T04:00:00-00:00,2025-12-19T05:00:00-00:00,2025-12-18,21,0,Hourly,SR,AS_SP26,DAM,SP_CLR_PRC,0,8
2025-12-19T07:00:00-00:00,2025-12-19T08:00:00-00:00,2025-12-18,24,0,Hourly,SR,AS_NP26,DAM,SP_CLR_PRC,0,8
2025-12-18T08:00:00-00:00,2025-12-18T09:00:00-00:00,2025-12-18,1,0,Hourly,SR,AS_NP26_EXP,DAM,SP_CLR_PRC,0.80513,8
2025-12-18T08:00:00-00:00,2025-12-18T09:00:00-00:00,2025-12-18,1,0,Hourly,SR,AS_CAISO,DAM,SP_CLR_PRC,0,8
2025-12-18T09:00:00-00:00,2025-12-18T10:00:00-00:00,2025-12-18,2,0,Hourly,SR,AS_SP26_EXP,DAM,SP_CLR_PRC,0,8
2025-12-18T10:00:00-00:00,2025-12-18T11:00:00-00:00,2025-12-18,3,0,Hourly,SR,AS_SP26_EXP,DAM,SP_CLR_PRC,0,8
2025-12-18T11:00:00-00:00,2025-12-18T12:00:00-00:00,2025-12-18,4,0,Hourly,SR,AS_CAISO,DAM,SP_CLR_PRC,0,8
2025-12-18T12:00:00-00:00,2025-12-18T13:00:00-00:00,2025-12-18,5,0,Hourly,SR,AS_SP26,DAM,SP_CLR_PRC,0,8
2025-12-18T13:00:00-00:00,2025-12-18T14:00:00-00:00,2025-12-18,6,0,Hourly,SR,AS_SP26_EXP,DAM,SP_CLR_PRC,0,8
2025-12-18T16:00:00-00:00,2025-12-18T17:00:00-00:00,2025-12-18,9,0,Hourly,SR,AS_SP26_EXP,DAM,SP_CLR_PRC,0,8
2025-12-18T18:00:00-00:00,2025-12-18T19:00:00-00:00,2025-12-18,11,0,Hourly,SR,AS_CAISO,DAM,SP_CLR_PRC,0,8
2025-12-18T18:00:00-00:00,2025-12-18T19:00:00-00:00,2025-12-18,11,0,Hourly,SR,AS_SP26_EXP,DAM,SP_CLR_PRC,0,8
2025-12-18T21:00:00-00:00,2025-12-18T22:00:00-00:00,2025-12-18,14,0,Hourly,SR,AS_CAISO_EXP,DAM,SP_CLR_PRC,0.17,8
2025-12-18T22:00:00-00:00,2025-12-18T23:00:00-00:00,2025-12-18,15,0,Hourly,SR,AS_CAISO_EXP,DAM,SP_CLR_PRC,0.17,8
2025-12-18T23:00:00-00:00,2025-12-19T00:00:00-00:00,2025-12-18,16,0,Hourly,SR,AS_SP26_EXP,DAM,SP_CLR_PRC,0,8
2025-12-19T00:00:00-00:00,2025-12-19T01:00:00-00:00,2025-12-18,17,0,Hourly,SR,AS_CAISO_EXP,DAM,SP_CLR_PRC,0.75,8
2025-12-19T00:00:00-00:00,2025-12-19T01:00:00-00:00,2025-12-18,17,0,Hourly,SR,AS_NP26_EXP,DAM,SP_CLR_PRC,0.5,8
2025-12-19T03:00:00-00:00,2025-12-19T04:00:00-00:00,2025-12-18,20,0,Hourly,SR,AS_SP26_EXP,DAM,SP_CLR_PRC,0,8
2025-12-19T04:00:00-00:00,2025-12-19T05:00:00-00:00,2025-12-18,21,0,Hourly,SR,AS_NP26,DAM,SP_CLR_PRC,0,8
2025-12-19T04:00:00-00:00,2025-12-19T05:00:00-00:00,2025-12-18,21,0,Hourly,SR,AS_NP26_EXP,DAM,SP_CLR_PRC,0.5,8
2025-12-19T05:00:00-00:00,2025-12-19T06:00:00-00:00,2025-12-18,22,0,Hourly,SR,AS_CAISO,DAM,SP_CLR_PRC,0,8
2025-12-19T07:00:00-00:00,2025-12-19T08:00:00-00:00,2025-12-18,24,0,Hourly,SR,AS_NP26_EXP,DAM,SP_CLR_PRC,1.7987,8
2025-12-18T10:00:00-00:00,2025-12-18T11:00:00-00:00,2025-12-18,3,0,Hourly,SR,AS_CAISO_EXP,DAM,SP_CLR_PRC,1,8
2025-12-18T12:00:00-00:00,2025-12-18T13:00:00-00:00,2025-12-18,5,0,Hourly,SR,AS_NP26_EXP,DAM,SP_CLR_PRC,0.5,8
2025-12-18T13:00:00-00:00,2025-12-18T14:00:00-00:00,2025-12-18,6,0,Hourly,SR,AS_CAISO_EXP,DAM,SP_CLR_PRC,0.75,8
2025-12-18T13:00:00-00:00,2025-12-18T14:00:00-00:00,2025-12-18,6,0,Hourly,SR,AS_SP26,DAM,SP_CLR_PRC,0,8
2025-12-18T15:00:00-00:00,2025-12-18T16:00:00-00:00,2025-12-18,8,0,Hourly,SR,AS_NP26_EXP,DAM,SP_CLR_PRC,0.25,8
2025-12-19T13:00:00-00:00,2025-12-19T14:00:00-00:00,2025-12-19,6,0,Hourly,SR,AS_NP26,DAM,SP_CLR_PRC,0,9
2025-12-19T14:00:00-00:00,2025-12-19T15:00:00-00:00,2025-12-19,7,0,Hourly,SR,AS_CAISO,DAM,SP_CLR_PRC,0,9
2025-12-19T14:00:00-00:00,2025-12-19T15:00:00-00:00,2025-12-19,7,0,Hourly,SR,AS_SP26,DAM,SP_CLR_PRC,0,9
2025-12-19T14:00:00-00:00,2025-12-19T15:00:00-00:00,2025-12-19,7,0,Hourly,SR,AS_SP26_EXP,DAM,SP_CLR_PRC,0,9
2025-12-19T15:00:00-00:00,2025-12-19T16:00:00-00:00,2025-12-19,8,0,Hourly,SR,AS_NP26,DAM,SP_CLR_PRC,0,9
2025-12-19T16:00:00-00:00,2025-12-19T17:00:00-00:00,2025-12-19,9,0,Hourly,SR,AS_NP26,DAM,SP_CLR_PRC,0,9
2025-12-19T16:00:00-00:00,2025-12-19T17:00:00-00:00,2025-12-19,9,0,Hourly,SR,AS_SP26_EXP,DAM,SP_CLR_PRC,0,9
2025-12-19T17:00:00-00:00,2025-12-19T18:00:00-00:00,2025-12-19,10,0,Hourly,SR,AS_NP26_EXP,DAM,SP_CLR_PRC,0.81911,9
2025-12-19T18:00:00-00:00,2025-12-19T19:00:00-00:00,2025-12-19,11,0,Hourly,SR,AS_NP26_EXP,DAM,SP_CLR_PRC,0.24844,9
2025-12-19T19:00:00-00:00,2025-12-19T20:00:00-00:00,2025-12-19,12,0,Hourly,SR,AS_SP26,DAM,SP_CLR_PRC,0,9
2025-12-19T20:00:00-00:00,2025-12-19T21:00:00-00:00,2025-12-19,13,0,Hourly,SR,AS_SP26,DAM,SP_CLR_PRC,0,9
2025-12-19T21:00:00-00:00,2025-12-19T22:00:00-00:00,2025-12-19,14,0,Hourly,SR,AS_NP26,DAM,SP_CLR_PRC,0,9
2025-12-19T22:00:00-00:00,2025-12-19T23:00:00-00:00,2025-12-19,15,0,Hourly,SR,AS_NP26_EXP,DAM,SP_CLR_PRC,0.24,9
2025-12-20T00:00:00-00:00,2025-12-20T01:00:00-00:00,2025-12-19,17,0,Hourly,SR,AS_CAISO,DAM,SP_CLR_PRC,0,9
2025-12-20T00:00:00-00:00,2025-12-20T01:00:00-00:00,2025-12-19,17,0,Hourly,SR,AS_SP26_EXP,DAM,SP_CLR_PRC,0,9
2025-12-20T06:00:00-00:00,2025-12-20T07:00:00-00:00,2025-12-19,23,0,Hourly,SR,AS_NP26,DAM,SP_CLR_PRC,0,9
2025-12-19T18:00:00-00:00,2025-12-19T19:00:00-00:00,2025-12-19,11,0,Hourly,SR,AS_CAISO,DAM,SP_CLR_PRC,0,9
2025-12-19T18:00:00-00:00,2025-12-19T19:00:00-00:00,2025-12-19,11,0,Hourly,SR,AS_SP26_EXP,DAM,SP_CLR_PRC,0,9
2025-12-19T21:00:00-00:00,2025-12-19T22:00:00-00:00,2025-12-19,14,0,Hourly,SR,AS_CAISO_EXP,DAM,SP_CLR_PRC,0.17,9
2025-12-19T23:00:00-00:00,2025-12-20T00:00:00-00:00,2025-12-19,16,0,Hourly,SR,AS_CAISO_EXP,DAM,SP_CLR_PRC,0.17,9
2025-12-19T23:00:00-00:00,2025-12-20T00:00:00-00:00,2025-12-19,16,0,Hourly,SR,AS_SP26_EXP,DAM,SP_CLR_PRC,0,9
2025-12-20T00:00:00-00:00,2025-12-20T01:00:00-00:00,2025-12-19,17,0,Hourly,SR,AS_CAISO_EXP,DAM,SP_CLR_PRC,0.75,9
2025-12-20T01:00:00-00:00,2025-12-20T02:00:00-00:00,2025-12-19,18,0,Hourly,SR,AS_SP26_EXP,DAM,SP_CLR_PRC,0,9
2025-12-20T02:00:00-00:00,2025-12-20T03:00:00-00:00,2025-12-19,19,0,Hourly,SR,AS_NP26_EXP,DAM,SP_CLR_PRC,0.42039,9
2025-12-20T02:00:00-00:00,2025-12-20T03:00:00-00:00,2025-12-19,19,0,Hourly,SR,AS_CAISO,DAM,SP_CLR_PRC,0,9
2025-12-20T05:00:00-00:00,2025-12-20T06:00:00-00:00,2025-12-19,22,0,Hourly,SR,AS_CAISO,DAM,SP_CLR_PRC,0,9
2025-12-20T06:00:00-00:00,2025-12-20T07:00:00-00:00,2025-12-19,23,0,Hourly,SR,AS_CAISO_EXP,DAM,SP_CLR_PRC,1,9
2025-12-20T06:00:00-00:00,2025-12-20T07:00:00-00:00,2025-12-19,23,0,Hourly,SR,AS_SP26,DAM,SP_CLR_PRC,0,9
2025-12-20T07:00:00-00:00,2025-12-20T08:00:00-00:00,2025-12-19,24,0,Hourly,SR,AS_CAISO,DAM,SP_CLR_PRC,0,9
2025-12-20T07:00:00-00:00,2025-12-20T08:00:00-00:00,2025-12-19,24,0,Hourly,SR,AS_CAISO_EXP,DAM,SP_CLR_PRC,1,9
2025-12-20T07:00:00-00:00,2025-12-20T08:00:00-00:00,2025-12-19,24,0,Hourly,SR,AS_SP26_EXP,DAM,SP_CLR_PRC,0,9
2025-12-19T09:00:00-00:00,2025-12-19T10:00:00-00:00,2025-12-19,2,0,Hourly,SR,AS_CAISO,DAM,SP_CLR_PRC,0,9
2025-12-19T09:00:00-00:00,2025-12-19T10:00:00-00:00,2025-12-19,2,0,Hourly,SR,AS_SP26,DAM,SP_CLR_PRC,0,9
2025-12-19T10:00:00-00:00,2025-12-19T11:00:00-00:00,2025-12-19,3,0,Hourly,SR,AS_NP26,DAM,SP_CLR_PRC,0,9
2025-12-19T12:00:00-00:00,2025-12-19T13:00:00-00:00,2025-12-19,5,0,Hourly,SR,AS_NP26,DAM,SP_CLR_PRC,0,9
2025-12-19T12:00:00-00:00,2025-12-19T13:00:00-00:00,2025-12-19,5,0,Hourly,SR,AS_NP26_EXP,DAM,SP_CLR_PRC,0.09,9
2025-12-19T13:00:00-00:00,2025-12-19T14:00:00-00:00,2025-12-19,6,0,Hourly,SR,AS_NP26_EXP,DAM,SP_CLR_PRC,0.13,9
2025-12-19T13:00:00-00:00,2025-12-19T14:00:00-00:00,2025-12-19,6,0,Hourly,SR,AS_SP26,DAM,SP_CLR_PRC,0,9
2025-12-19T15:00:00-00:00,2025-12-19T16:00:00-00:00,2025-12-19,8,0,Hourly,SR,AS_SP26,DAM,SP_CLR_PRC,0,9
2025-12-19T16:00:00-00:00,2025-12-19T17:00:00-00:00,2025-12-19,9,0,Hourly,SR,AS_CAISO,DAM,SP_CLR_PRC,0,9
2025-12-19T17:00:00-00:00,2025-12-19T18:00:00-00:00,2025-12-19,10,0,Hourly,SR,AS_SP26_EXP,DAM,SP_CLR_PRC,0,9
2025-12-19T20:00:00-00:00,2025-12-19T21:00:00-00:00,2025-12-19,13,0,Hourly,SR,AS_CAISO_EXP,DAM,SP_CLR_PRC,0.17,9
2025-12-19T20:00:00-00:00,2025-12-19T21:00:00-00:00,2025-12-19,13,0,Hourly,SR,AS_NP26_EXP,DAM,SP_CLR_PRC,0.33,9
2025-12-19T21:00:00-00:00,2025-12-19T22:00:00-00:00,2025-12-19,14,0,Hourly,SR,AS_SP26_EXP,DAM,SP_CLR_PRC,0,9
2025-12-20T00:00:00-00:00,2025-12-20T01:00:00-00:00,2025-12-19,17,0,Hourly,SR,AS_NP26,DAM,SP_CLR_PRC,0,9
2025-12-20T00:00:00-00:00,2025-12-20T01:00:00-00:00,2025-12-19,17,0,Hourly,SR,AS_SP26,DAM,SP_CLR_PRC,0,9
2025-12-20T03:00:00-00:00,2025-12-20T04:00:00-00:00,2025-12-19,20,0,Hourly,SR,AS_NP26_EXP,DAM,SP_CLR_PRC,0.83,9
2025-12-20T04:00:00-00:00,2025-12-20T05:00:00-00:00,2025-12-19,21,0,Hourly,SR,AS_SP26_EXP,DAM,SP_CLR_PRC,0,9
2025-12-19T08:00:00-00:00,2025-12-19T09:00:00-00:00,2025-12-19,1,0,Hourly,SR,AS_NP26,DAM,SP_CLR_PRC,0,9
2025-12-19T10:00:00-00:00,2025-12-19T11:00:00-00:00,2025-12-19,3,0,Hourly,SR,AS_CAISO,DAM,SP_CLR_PRC,0,9
2025-12-19T11:00:00-00:00,2025-12-19T12:00:00-00:00,2025-12-19,4,0,Hourly,SR,AS_SP26,DAM,SP_CLR_PRC,0,9
2025-12-19T13:00:00-00:00,2025-12-19T14:00:00-00:00,2025-12-19,6,0,Hourly,SR,AS_SP26_EXP,DAM,SP_CLR_PRC,0,9
2025-12-19T16:00:00-00:00,2025-12-19T17:00:00-00:00,2025-12-19,9,0,Hourly,SR,AS_CAISO_EXP,DAM,SP_CLR_PRC,1,9
2025-12-19T17:00:00-00:00,2025-12-19T18:00:00-00:00,2025-12-19,10,0,Hourly,SR,AS_CAISO,DAM,SP_CLR_PRC,0,9
2025-12-19T17:00:00-00:00,2025-12-19T18:00:00-00:00,2025-12-19,10,0,Hourly,SR,AS_CAISO_EXP,DAM,SP_CLR_PRC,0.68089,9
2025-12-19T17:00:00-00:00,2025-12-19T18:00:00-00:00,2025-12-19,10,0,Hourly,SR,AS_SP26,DAM,SP_CLR_PRC,0,9
2025-12-19T19:00:00-00:00,2025-12-19T20:00:00-00:00,2025-12-19,12,0,Hourly,SR,AS_NP26_EXP,DAM,SP_CLR_PRC,0.33,9
2025-12-19T19:00:00-00:00,2025-12-19T20:00:00-00:00,2025-12-19,12,0,Hourly,SR,AS_SP26_EXP,DAM,SP_CLR_PRC,0,9
2025-12-19T23:00:00-00:00,2025-12-20T00:00:00-00:00,2025-12-19,16,0,Hourly,SR,AS_SP26,DAM,SP_CLR_PRC,0,9
2025-12-20T02:00:00-00:00,2025-12-20T03:00:00-00:00,2025-12-19,19,0,Hourly,SR,AS_CAISO_EXP,DAM,SP_CLR_PRC,0.67961,9
2025-12-20T02:00:00-00:00,2025-12-20T03:00:00-00:00,2025-12-19,19,0,Hourly,SR,AS_NP26,DAM,SP_CLR_PRC,0,9
2025-12-20T04:00:00-00:00,2025-12-20T05:00:00-00:00,2025-12-19,21,0,Hourly,SR,AS_NP26,DAM,SP_CLR_PRC,0,9
2025-12-20T06:00:00-00:00,2025-12-20T07:00:00-00:00,2025-12-19,23,0,Hourly,SR,AS_SP26_EXP,DAM,SP_CLR_PRC,0,9
2025-12-19T09:00:00-00:00,2025-12-19T10:00:00-00:00,2025-12-19,2,0,Hourly,SR,AS_NP26_EXP,DAM,SP_CLR_PRC,0,9
2025-12-19T10:00:00-00:00,2025-12-19T11:00:00-00:00,2025-12-19,3,0,Hourly,SR,AS_CAISO_EXP,DAM,SP_CLR_PRC,1,9
2025-12-19T11:00:00-00:00,2025-12-19T12:00:00-00:00,2025-12-19,4,0,Hourly,SR,AS_CAISO,DAM,SP_CLR_PRC,0,9
2025-12-19T11:00:00-00:00,2025-12-19T12:00:00-00:00,2025-12-19,4,0,Hourly,SR,AS_NP26,DAM,SP_CLR_PRC,0,9
2025-12-19T12:00:00-00:00,2025-12-19T13:00:00-00:00,2025-12-19,5,0,Hourly,SR,AS_CAISO,DAM,SP_CLR_PRC,0,9
2025-12-19T22:00:00-00:00,2025-12-19T23:00:00-00:00,2025-12-19,15,0,Hourly,SR,AS_CAISO,DAM,SP_CLR_PRC,0,9
2025-12-19T23:00:00-00:00,2025-12-20T00:00:00-00:00,2025-12-19,16,0,Hourly,SR,AS_NP26_EXP,DAM,SP_CLR_PRC,1.33,9
2025-12-20T00:00:00-00:00,2025-12-20T01:00:00-00:00,2025-12-19,17,0,Hourly,SR,AS_NP26_EXP,DAM,SP_CLR_PRC,0.75,9
2025-12-20T01:00:00-00:00,2025-12-20T02:00:00-00:00,2025-12-19,18,0,Hourly,SR,AS_CAISO_EXP,DAM,SP_CLR_PRC,0.75,9
2025-12-20T01:00:00-00:00,2025-12-20T02:00:00-00:00,2025-12-19,18,0,Hourly,SR,AS_SP26,DAM,SP_CLR_PRC,0,9
2025-12-20T02:00:00-00:00,2025-12-20T03:00:00-00:00,2025-12-19,19,0,Hourly,SR,AS_SP26_EXP,DAM,SP_CLR_PRC,0,9
2025-12-20T03:00:00-00:00,2025-12-20T04:00:00-00:00,2025-12-19,20,0,Hourly,SR,AS_CAISO_EXP,DAM,SP_CLR_PRC,0.26,9
2025-12-20T04:00:00-00:00,2025-12-20T05:00:00-00:00,2025-12-19,21,0,Hourly,SR,AS_CAISO_EXP,DAM,SP_CLR_PRC,0.28,9
2025-12-20T04:00:00-00:00,2025-12-20T05:00:00-00:00,2025-12-19,21,0,Hourly,SR,AS_NP26_EXP,DAM,SP_CLR_PRC,0.62,9
2025-12-20T06:00:00-00:00,2025-12-20T07:00:00-00:00,2025-12-19,23,0,Hourly,SR,AS_CAISO,DAM,SP_CLR_PRC,0,9
2025-12-20T07:00:00-00:00,2025-12-20T08:00:00-00:00,2025-12-19,24,0,Hourly,SR,AS_SP26,DAM,SP_CLR_PRC,0,9
2025-12-19T12:00:00-00:00,2025-12-19T13:00:00-00:00,2025-12-19,5,0,Hourly,SR,AS_CAISO_EXP,DAM,SP_CLR_PRC,0.32,9
2025-12-19T09:00:00-00:00,2025-12-19T10:00:00-00:00,2025-12-19,2,0,Hourly,SR,AS_CAISO_EXP,DAM,SP_CLR_PRC,1,9
2025-12-19T10:00:00-00:00,2025-12-19T11:00:00-00:00,2025-12-19,3,0,Hourly,SR,AS_SP26_EXP,DAM,SP_CLR_PRC,0,9
2025-12-19T11:00:00-00:00,2025-12-19T12:00:00-00:00,2025-12-19,4,0,Hourly,SR,AS_NP26_EXP,DAM,SP_CLR_PRC,0,9
2025-12-19T12:00:00-00:00,2025-12-19T13:00:00-00:00,2025-12-19,5,0,Hourly,SR,AS_SP26,DAM,SP_CLR_PRC,0,9
2025-12-19T13:00:00-00:00,2025-12-19T14:00:00-00:00,2025-12-19,6,0,Hourly,SR,AS_CAISO,DAM,SP_CLR_PRC,0,9
2025-12-19T16:00:00-00:00,2025-12-19T17:00:00-00:00,2025-12-19,9,0,Hourly,SR,AS_NP26_EXP,DAM,SP_CLR_PRC,0,9
2025-12-19T16:00:00-00:00,2025-12-19T17:00:00-00:00,2025-12-19,9,0,Hourly,SR,AS_SP26,DAM,SP_CLR_PRC,0,9
2025-12-19T17:00:00-00:00,2025-12-19T18:00:00-00:00,2025-12-19,10,0,Hourly,SR,AS_NP26,DAM,SP_CLR_PRC,0,9
2025-12-19T19:00:00-00:00,2025-12-19T20:00:00-00:00,2025-12-19,12,0,Hourly,SR,AS_CAISO,DAM,SP_CLR_PRC,0,9
2025-12-19T20:00:00-00:00,2025-12-19T21:00:00-00:00,2025-12-19,13,0,Hourly,SR,AS_NP26,DAM,SP_CLR_PRC,0,9
2025-12-19T21:00:00-00:00,2025-12-19T22:00:00-00:00,2025-12-19,14,0,Hourly,SR,AS_SP26,DAM,SP_CLR_PRC,0,9
2025-12-20T01:00:00-00:00,2025-12-20T02:00:00-00:00,2025-12-19,18,0,Hourly,SR,AS_NP26,DAM,SP_CLR_PRC,0,9
2025-12-20T03:00:00-00:00,2025-12-20T04:00:00-00:00,2025-12-19,20,0,Hourly,SR,AS_NP26,DAM,SP_CLR_PRC,0,9
2025-12-20T03:00:00-00:00,2025-12-20T04:00:00-00:00,2025-12-19,20,0,Hourly,SR,AS_SP26,DAM,SP_CLR_PRC,0,9
2025-12-20T03:00:00-00:00,2025-12-20T04:00:00-00:00,2025-12-19,20,0,Hourly,SR,AS_SP26_EXP,DAM,SP_CLR_PRC,0,9
2025-12-20T04:00:00-00:00,2025-12-20T05:00:00-00:00,2025-12-19,21,0,Hourly,SR,AS_SP26,DAM,SP_CLR_PRC,0,9
2025-12-20T05:00:00-00:00,2025-12-20T06:00:00-00:00,2025-12-19,22,0,Hourly,SR,AS_NP26_EXP,DAM,SP_CLR_PRC,0.02691,9
2025-12-20T05:00:00-00:00,2025-12-20T06:00:00-00:00,2025-12-19,22,0,Hourly,SR,AS_SP26,DAM,SP_CLR_PRC,0,9
2025-12-20T06:00:00-00:00,2025-12-20T07:00:00-00:00,2025-12-19,23,0,Hourly,SR,AS_NP26_EXP,DAM,SP_CLR_PRC,0,9
2025-12-19T08:00:00-00:00,2025-12-19T09:00:00-00:00,2025-12-19,1,0,Hourly,SR,AS_NP26_EXP,DAM,SP_CLR_PRC,0.86586,9
2025-12-19T08:00:00-00:00,2025-12-19T09:00:00-00:00,2025-12-19,1,0,Hourly,SR,AS_CAISO_EXP,DAM,SP_CLR_PRC,1.25,9
2025-12-19T08:00:00-00:00,2025-12-19T09:00:00-00:00,2025-12-19,1,0,Hourly,SR,AS_SP26,DAM,SP_CLR_PRC,0,9
2025-12-19T08:00:00-00:00,2025-12-19T09:00:00-00:00,2025-12-19,1,0,Hourly,SR,AS_SP26_EXP,DAM,SP_CLR_PRC,0,9
2025-12-19T09:00:00-00:00,2025-12-19T10:00:00-00:00,2025-12-19,2,0,Hourly,SR,AS_NP26,DAM,SP_CLR_PRC,0,9
2025-12-19T10:00:00-00:00,2025-12-19T11:00:00-00:00,2025-12-19,3,0,Hourly,SR,AS_SP26,DAM,SP_CLR_PRC,0,9
2025-12-19T12:00:00-00:00,2025-12-19T13:00:00-00:00,2025-12-19,5,0,Hourly,SR,AS_SP26_EXP,DAM,SP_CLR_PRC,0,9
2025-12-19T14:00:00-00:00,2025-12-19T15:00:00-00:00,2025-12-19,7,0,Hourly,SR,AS_NP26,DAM,SP_CLR_PRC,0,9
2025-12-19T15:00:00-00:00,2025-12-19T16:00:00-00:00,2025-12-19,8,0,Hourly,SR,AS_NP26_EXP,DAM,SP_CLR_PRC,0,9
2025-12-19T15:00:00-00:00,2025-12-19T16:00:00-00:00,2025-12-19,8,0,Hourly,SR,AS_SP26_EXP,DAM,SP_CLR_PRC,0,9
2025-12-19T18:00:00-00:00,2025-12-19T19:00:00-00:00,2025-12-19,11,0,Hourly,SR,AS_CAISO_EXP,DAM,SP_CLR_PRC,0.25156,9
2025-12-19T18:00:00-00:00,2025-12-19T19:00:00-00:00,2025-12-19,11,0,Hourly,SR,AS_SP26,DAM,SP_CLR_PRC,0,9
2025-12-19T19:00:00-00:00,2025-12-19T20:00:00-00:00,2025-12-19,12,0,Hourly,SR,AS_NP26,DAM,SP_CLR_PRC,0,9
2025-12-19T20:00:00-00:00,2025-12-19T21:00:00-00:00,2025-12-19,13,0,Hourly,SR,AS_CAISO,DAM,SP_CLR_PRC,0,9
2025-12-19T21:00:00-00:00,2025-12-19T22:00:00-00:00,2025-12-19,14,0,Hourly,SR,AS_CAISO,DAM,SP_CLR_PRC,0,9
2025-12-19T22:00:00-00:00,2025-12-19T23:00:00-00:00,2025-12-19,15,0,Hourly,SR,AS_CAISO_EXP,DAM,SP_CLR_PRC,0.17,9
2025-12-19T22:00:00-00:00,2025-12-19T23:00:00-00:00,2025-12-19,15,0,Hourly,SR,AS_SP26,DAM,SP_CLR_PRC,0,9
2025-12-19T22:00:00-00:00,2025-12-19T23:00:00-00:00,2025-12-19,15,0,Hourly,SR,AS_SP26_EXP,DAM,SP_CLR_PRC,0,9
2025-12-19T23:00:00-00:00,2025-12-20T00:00:00-00:00,2025-12-19,16,0,Hourly,SR,AS_CAISO,DAM,SP_CLR_PRC,0,9
2025-12-19T23:00:00-00:00,2025-12-20T00:00:00-00:00,2025-12-19,16,0,Hourly,SR,AS_NP26,DAM,SP_CLR_PRC,0,9
2025-12-20T01:00:00-00:00,2025-12-20T02:00:00-00:00,2025-12-19,18,0,Hourly,SR,AS_NP26_EXP,DAM,SP_CLR_PRC,0.75,9
2025-12-20T02:00:00-00:00,2025-12-20T03:00:00-00:00,2025-12-19,19,0,Hourly,SR,AS_SP26,DAM,SP_CLR_PRC,0,9
2025-12-20T07:00:00-00:00,2025-12-20T08:00:00-00:00,2025-12-19,24,0,Hourly,SR,AS_NP26,DAM,SP_CLR_PRC,0,9
2025-12-19T08:00:00-00:00,2025-12-19T09:00:00-00:00,2025-12-19,1,0,Hourly,SR,AS_CAISO,DAM,SP_CLR_PRC,0,9
2025-12-19T10:00:00-00:00,2025-12-19T11:00:00-00:00,2025-12-19,3,0,Hourly,SR,AS_NP26_EXP,DAM,SP_CLR_PRC,0,9
2025-12-19T15:00:00-00:00,2025-12-19T16:00:00-00:00,2025-12-19,8,0,Hourly,SR,AS_CAISO_EXP,DAM,SP_CLR_PRC,0.75,9
2025-12-19T18:00:00-00:00,2025-12-19T19:00:00-00:00,2025-12-19,11,0,Hourly,SR,AS_NP26,DAM,SP_CLR_PRC,0,9
2025-12-19T19:00:00-00:00,2025-12-19T20:00:00-00:00,2025-12-19,12,0,Hourly,SR,AS_CAISO_EXP,DAM,SP_CLR_PRC,0.17,9
2025-12-19T20:00:00-00:00,2025-12-19T21:00:00-00:00,2025-12-19,13,0,Hourly,SR,AS_SP26_EXP,DAM,SP_CLR_PRC,0,9
2025-12-19T21:00:00-00:00,2025-12-19T22:00:00-00:00,2025-12-19,14,0,Hourly,SR,AS_NP26_EXP,DAM,SP_CLR_PRC,0.24,9
2025-12-19T22:00:00-00:00,2025-12-19T23:00:00-00:00,2025-12-19,15,0,Hourly,SR,AS_NP26,DAM,SP_CLR_PRC,0,9
2025-12-20T01:00:00-00:00,2025-12-20T02:00:00-00:00,2025-12-19,18,0,Hourly,SR,AS_CAISO,DAM,SP_CLR_PRC,0,9
2025-12-20T03:00:00-00:00,2025-12-20T04:00:00-00:00,2025-12-19,20,0,Hourly,SR,AS_CAISO,DAM,SP_CLR_PRC,0,9
2025-12-20T04:00:00-00:00,2025-12-20T05:00:00-00:00,2025-12-19,21,0,Hourly,SR,AS_CAISO,DAM,SP_CLR_PRC,0,9
2025-12-20T05:00:00-00:00,2025-12-20T06:00:00-00:00,2025-12-19,22,0,Hourly,SR,AS_CAISO_EXP,DAM,SP_CLR_PRC,0.57809,9
2025-12-20T05:00:00-00:00,2025-12-20T06:00:00-00:00,2025-12-19,22,0,Hourly,SR,AS_NP26,DAM,SP_CLR_PRC,0,9
2025-12-20T05:00:00-00:00,2025-12-20T06:00:00-00:00,2025-12-19,22,0,Hourly,SR,AS_SP26_EXP,DAM,SP_CLR_PRC,0,9
2025-12-20T07:00:00-00:00,2025-12-20T08:00:00-00:00,2025-12-19,24,0,Hourly,SR,AS_NP26_EXP,DAM,SP_CLR_PRC,0.365,9
2025-12-19T09:00:00-00:00,2025-12-19T10:00:00-00:00,2025-12-19,2,0,Hourly,SR,AS_SP26_EXP,DAM,SP_CLR_PRC,0,9
2025-12-19T11:00:00-00:00,2025-12-19T12:00:00-00:00,2025-12-19,4,0,Hourly,SR,AS_CAISO_EXP,DAM,SP_CLR_PRC,0.41,9
2025-12-19T11:00:00-00:00,2025-12-19T12:00:00-00:00,2025-12-19,4,0,Hourly,SR,AS_SP26_EXP,DAM,SP_CLR_PRC,0,9
2025-12-19T13:00:00-00:00,2025-12-19T14:00:00-00:00,2025-12-19,6,0,Hourly,SR,AS_CAISO_EXP,DAM,SP_CLR_PRC,0.37,9
2025-12-19T14:00:00-00:00,2025-12-19T15:00:00-00:00,2025-12-19,7,0,Hourly,SR,AS_CAISO_EXP,DAM,SP_CLR_PRC,0.75,9
2025-12-19T14:00:00-00:00,2025-12-19T15:00:00-00:00,2025-12-19,7,0,Hourly,SR,AS_NP26_EXP,DAM,SP_CLR_PRC,0,9
2025-12-19T15:00:00-00:00,2025-12-19T16:00:00-00:00,2025-12-19,8,0,Hourly,SR,AS_CAISO,DAM,SP_CLR_PRC,0,9
2025-12-20T12:00:00-00:00,2025-12-20T13:00:00-00:00,2025-12-20,5,0,Hourly,SR,AS_SP26,DAM,SP_CLR_PRC,0,10
2025-12-20T13:00:00-00:00,2025-12-20T14:00:00-00:00,2025-12-20,6,0,Hourly,SR,AS_CAISO,DAM,SP_CLR_PRC,0,10
2025-12-20T14:00:00-00:00,2025-12-20T15:00:00-00:00,2025-12-20,7,0,Hourly,SR,AS_CAISO,DAM,SP_CLR_PRC,0,10
2025-12-20T16:00:00-00:00,2025-12-20T17:00:00-00:00,2025-12-20,9,0,Hourly,SR,AS_CAISO,DAM,SP_CLR_PRC,0,10
2025-12-20T17:00:00-00:00,2025-12-20T18:00:00-00:00,2025-12-20,10,0,Hourly,SR,AS_SP26_EXP,DAM,SP_CLR_PRC,0,10
2025-12-20T19:00:00-00:00,2025-12-20T20:00:00-00:00,2025-12-20,12,0,Hourly,SR,AS_NP26,DAM,SP_CLR_PRC,0,10
2025-12-20T21:00:00-00:00,2025-12-20T22:00:00-00:00,2025-12-20,14,0,Hourly,SR,AS_NP26_EXP,DAM,SP_CLR_PRC,0.33,10
2025-12-21T00:00:00-00:00,2025-12-21T01:00:00-00:00,2025-12-20,17,0,Hourly,SR,AS_SP26_EXP,DAM,SP_CLR_PRC,0,10
2025-12-21T01:00:00-00:00,2025-12-21T02:00:00-00:00,2025-12-20,18,0,Hourly,SR,AS_SP26,DAM,SP_CLR_PRC,0,10
2025-12-21T03:00:00-00:00,2025-12-21T04:00:00-00:00,2025-12-20,20,0,Hourly,SR,AS_CAISO_EXP,DAM,SP_CLR_PRC,0.36,10
2025-12-21T03:00:00-00:00,2025-12-21T04:00:00-00:00,2025-12-20,20,0,Hourly,SR,AS_SP26_EXP,DAM,SP_CLR_PRC,0,10
2025-12-21T04:00:00-00:00,2025-12-21T05:00:00-00:00,2025-12-20,21,0,Hourly,SR,AS_NP26_EXP,DAM,SP_CLR_PRC,1.14964,10
2025-12-21T04:00:00-00:00,2025-12-21T05:00:00-00:00,2025-12-20,21,0,Hourly,SR,AS_SP26_EXP,DAM,SP_CLR_PRC,0,10
2025-12-21T05:00:00-00:00,2025-12-21T06:00:00-00:00,2025-12-20,22,0,Hourly,SR,AS_CAISO,DAM,SP_CLR_PRC,0,10
2025-12-21T06:00:00-00:00,2025-12-21T07:00:00-00:00,2025-12-20,23,0,Hourly,SR,AS_SP26_EXP,DAM,SP_CLR_PRC,0,10
2025-12-21T07:00:00-00:00,2025-12-21T08:00:00-00:00,2025-12-20,24,0,Hourly,SR,AS_CAISO,DAM,SP_CLR_PRC,0,10
2025-12-20T13:00:00-00:00,2025-12-20T14:00:00-00:00,2025-12-20,6,0,Hourly,SR,AS_SP26_EXP,DAM,SP_CLR_PRC,0,10
2025-12-20T14:00:00-00:00,2025-12-20T15:00:00-00:00,2025-12-20,7,0,Hourly,SR,AS_NP26,DAM,SP_CLR_PRC,0,10
2025-12-20T14:00:00-00:00,2025-12-20T15:00:00-00:00,2025-12-20,7,0,Hourly,SR,AS_SP26_EXP,DAM,SP_CLR_PRC,0,10
2025-12-20T18:00:00-00:00,2025-12-20T19:00:00-00:00,2025-12-20,11,0,Hourly,SR,AS_NP26_EXP,DAM,SP_CLR_PRC,0.33,10
2025-12-20T20:00:00-00:00,2025-12-20T21:00:00-00:00,2025-12-20,13,0,Hourly,SR,AS_CAISO_EXP,DAM,SP_CLR_PRC,0.17,10
2025-12-20T20:00:00-00:00,2025-12-20T21:00:00-00:00,2025-12-20,13,0,Hourly,SR,AS_NP26_EXP,DAM,SP_CLR_PRC,0.39691,10
2025-12-20T22:00:00-00:00,2025-12-20T23:00:00-00:00,2025-12-20,15,0,Hourly,SR,AS_NP26_EXP,DAM,SP_CLR_PRC,0.3389,10
2025-12-20T23:00:00-00:00,2025-12-21T00:00:00-00:00,2025-12-20,16,0,Hourly,SR,AS_SP26_EXP,DAM,SP_CLR_PRC,0,10
2025-12-21T06:00:00-00:00,2025-12-21T07:00:00-00:00,2025-12-20,23,0,Hourly,SR,AS_CAISO,DAM,SP_CLR_PRC,0,10
2025-12-21T07:00:00-00:00,2025-12-21T08:00:00-00:00,2025-12-20,24,0,Hourly,SR,AS_NP26_EXP,DAM,SP_CLR_PRC,1.5,10
2025-12-20T08:00:00-00:00,2025-12-20T09:00:00-00:00,2025-12-20,1,0,Hourly,SR,AS_CAISO_EXP,DAM,SP_CLR_PRC,1,10
2025-12-20T08:00:00-00:00,2025-12-20T09:00:00-00:00,2025-12-20,1,0,Hourly,SR,AS_SP26,DAM,SP_CLR_PRC,0,10
2025-12-20T10:00:00-00:00,2025-12-20T11:00:00-00:00,2025-12-20,3,0,Hourly,SR,AS_SP26_EXP,DAM,SP_CLR_PRC,0,10
2025-12-20T11:00:00-00:00,2025-12-20T12:00:00-00:00,2025-12-20,4,0,Hourly,SR,AS_NP26_EXP,DAM,SP_CLR_PRC,0,10
2025-12-20T16:00:00-00:00,2025-12-20T17:00:00-00:00,2025-12-20,9,0,Hourly,SR,AS_SP26_EXP,DAM,SP_CLR_PRC,0,10
2025-12-20T17:00:00-00:00,2025-12-20T18:00:00-00:00,2025-12-20,10,0,Hourly,SR,AS_SP26,DAM,SP_CLR_PRC,0,10
2025-12-20T18:00:00-00:00,2025-12-20T19:00:00-00:00,2025-12-20,11,0,Hourly,SR,AS_SP26,DAM,SP_CLR_PRC,0,10
2025-12-20T19:00:00-00:00,2025-12-20T20:00:00-00:00,2025-12-20,12,0,Hourly,SR,AS_CAISO,DAM,SP_CLR_PRC,0,10
2025-12-20T19:00:00-00:00,2025-12-20T20:00:00-00:00,2025-12-20,12,0,Hourly,SR,AS_SP26,DAM,SP_CLR_PRC,0,10
2025-12-20T20:00:00-00:00,2025-12-20T21:00:00-00:00,2025-12-20,13,0,Hourly,SR,AS_NP26,DAM,SP_CLR_PRC,0,10
2025-12-20T23:00:00-00:00,2025-12-21T00:00:00-00:00,2025-12-20,16,0,Hourly,SR,AS_CAISO,DAM,SP_CLR_PRC,0,10
2025-12-21T01:00:00-00:00,2025-12-21T02:00:00-00:00,2025-12-20,18,0,Hourly,SR,AS_CAISO_EXP,DAM,SP_CLR_PRC,0.56,10
2025-12-21T05:00:00-00:00,2025-12-21T06:00:00-00:00,2025-12-20,22,0,Hourly,SR,AS_NP26_EXP,DAM,SP_CLR_PRC,0.76589,10
2025-12-21T07:00:00-00:00,2025-12-21T08:00:00-00:00,2025-12-20,24,0,Hourly,SR,AS_CAISO_EXP,DAM,SP_CLR_PRC,1,10
2025-12-21T07:00:00-00:00,2025-12-21T08:00:00-00:00,2025-12-20,24,0,Hourly,SR,AS_SP26_EXP,DAM,SP_CLR_PRC,0,10
2025-12-20T10:00:00-00:00,2025-12-20T11:00:00-00:00,2025-12-20,3,0,Hourly,SR,AS_NP26_EXP,DAM,SP_CLR_PRC,0,10
2025-12-20T12:00:00-00:00,2025-12-20T13:00:00-00:00,2025-12-20,5,0,Hourly,SR,AS_CAISO,DAM,SP_CLR_PRC,0,10
2025-12-20T12:00:00-00:00,2025-12-20T13:00:00-00:00,2025-12-20,5,0,Hourly,SR,AS_CAISO_EXP,DAM,SP_CLR_PRC,0.33,10
2025-12-20T14:00:00-00:00,2025-12-20T15:00:00-00:00,2025-12-20,7,0,Hourly,SR,AS_SP26,DAM,SP_CLR_PRC,0,10
2025-12-20T15:00:00-00:00,2025-12-20T16:00:00-00:00,2025-12-20,8,0,Hourly,SR,AS_NP26,DAM,SP_CLR_PRC,0,10
2025-12-20T15:00:00-00:00,2025-12-20T16:00:00-00:00,2025-12-20,8,0,Hourly,SR,AS_SP26,DAM,SP_CLR_PRC,0,10
2025-12-20T17:00:00-00:00,2025-12-20T18:00:00-00:00,2025-12-20,10,0,Hourly,SR,AS_NP26,DAM,SP_CLR_PRC,0,10
2025-12-20T17:00:00-00:00,2025-12-20T18:00:00-00:00,2025-12-20,10,0,Hourly,SR,AS_NP26_EXP,DAM,SP_CLR_PRC,0.33,10
2025-12-20T18:00:00-00:00,2025-12-20T19:00:00-00:00,2025-12-20,11,0,Hourly,SR,AS_SP26_EXP,DAM,SP_CLR_PRC,0,10
2025-12-20T19:00:00-00:00,2025-12-20T20:00:00-00:00,2025-12-20,12,0,Hourly,SR,AS_CAISO_EXP,DAM,SP_CLR_PRC,0.17,10
2025-12-20T22:00:00-00:00,2025-12-20T23:00:00-00:00,2025-12-20,15,0,Hourly,SR,AS_CAISO,DAM,SP_CLR_PRC,0,10
2025-12-20T22:00:00-00:00,2025-12-20T23:00:00-00:00,2025-12-20,15,0,Hourly,SR,AS_NP26,DAM,SP_CLR_PRC,0,10
2025-12-20T22:00:00-00:00,2025-12-20T23:00:00-00:00,2025-12-20,15,0,Hourly,SR,AS_SP26,DAM,SP_CLR_PRC,0,10
2025-12-20T23:00:00-00:00,2025-12-21T00:00:00-00:00,2025-12-20,16,0,Hourly,SR,AS_SP26,DAM,SP_CLR_PRC,0,10
2025-12-21T01:00:00-00:00,2025-12-21T02:00:00-00:00,2025-12-20,18,0,Hourly,SR,AS_NP26,DAM,SP_CLR_PRC,0,10
2025-12-21T01:00:00-00:00,2025-12-21T02:00:00-00:00,2025-12-20,18,0,Hourly,SR,AS_NP26_EXP,DAM,SP_CLR_PRC,0.94,10
2025-12-21T02:00:00-00:00,2025-12-21T03:00:00-00:00,2025-12-20,19,0,Hourly,SR,AS_CAISO_EXP,DAM,SP_CLR_PRC,0.33827,10
2025-12-21T06:00:00-00:00,2025-12-21T07:00:00-00:00,2025-12-20,23,0,Hourly,SR,AS_NP26_EXP,DAM,SP_CLR_PRC,1.30514,10
2025-12-20T13:00:00-00:00,2025-12-20T14:00:00-00:00,2025-12-20,6,0,Hourly,SR,AS_CAISO_EXP,DAM,SP_CLR_PRC,0.41,10
2025-12-20T17:00:00-00:00,2025-12-20T18:00:00-00:00,2025-12-20,10,0,Hourly,SR,AS_CAISO_EXP,DAM,SP_CLR_PRC,0.17,10
2025-12-20T21:00:00-00:00,2025-12-20T22:00:00-00:00,2025-12-20,14,0,Hourly,SR,AS_CAISO,DAM,SP_CLR_PRC,0,10
2025-12-20T21:00:00-00:00,2025-12-20T22:00:00-00:00,2025-12-20,14,0,Hourly,SR,AS_CAISO_EXP,DAM,SP_CLR_PRC,0.17,10
2025-12-20T21:00:00-00:00,2025-12-20T22:00:00-00:00,2025-12-20,14,0,Hourly,SR,AS_SP26_EXP,DAM,SP_CLR_PRC,0,10
2025-12-20T22:00:00-00:00,2025-12-20T23:00:00-00:00,2025-12-20,15,0,Hourly,SR,AS_SP26_EXP,DAM,SP_CLR_PRC,0,10
2025-12-21T00:00:00-00:00,2025-12-21T01:00:00-00:00,2025-12-20,17,0,Hourly,SR,AS_NP26,DAM,SP_CLR_PRC,0,10
2025-12-21T01:00:00-00:00,2025-12-21T02:00:00-00:00,2025-12-20,18,0,Hourly,SR,AS_CAISO,DAM,SP_CLR_PRC,0,10
2025-12-21T02:00:00-00:00,2025-12-21T03:00:00-00:00,2025-12-20,19,0,Hourly,SR,AS_CAISO,DAM,SP_CLR_PRC,0,10
2025-12-21T02:00:00-00:00,2025-12-21T03:00:00-00:00,2025-12-20,19,0,Hourly,SR,AS_NP26,DAM,SP_CLR_PRC,0,10
2025-12-21T02:00:00-00:00,2025-12-21T03:00:00-00:00,2025-12-20,19,0,Hourly,SR,AS_NP26_EXP,DAM,SP_CLR_PRC,1.16173,10
2025-12-21T03:00:00-00:00,2025-12-21T04:00:00-00:00,2025-12-20,20,0,Hourly,SR,AS_NP26_EXP,DAM,SP_CLR_PRC,1.14,10
2025-12-21T04:00:00-00:00,2025-12-21T05:00:00-00:00,2025-12-20,21,0,Hourly,SR,AS_CAISO_EXP,DAM,SP_CLR_PRC,0.35036,10
2025-12-21T04:00:00-00:00,2025-12-21T05:00:00-00:00,2025-12-20,21,0,Hourly,SR,AS_SP26,DAM,SP_CLR_PRC,0,10
2025-12-21T05:00:00-00:00,2025-12-21T06:00:00-00:00,2025-12-20,22,0,Hourly,SR,AS_CAISO_EXP,DAM,SP_CLR_PRC,0.73411,10
2025-12-21T05:00:00-00:00,2025-12-21T06:00:00-00:00,2025-12-20,22,0,Hourly,SR,AS_NP26,DAM,SP_CLR_PRC,0,10
2025-12-21T06:00:00-00:00,2025-12-21T07:00:00-00:00,2025-12-20,23,0,Hourly,SR,AS_SP26,DAM,SP_CLR_PRC,0,10
2025-12-20T10:00:00-00:00,2025-12-20T11:00:00-00:00,2025-12-20,3,0,Hourly,SR,AS_CAISO_EXP,DAM,SP_CLR_PRC,0.75113,10
2025-12-20T11:00:00-00:00,2025-12-20T12:00:00-00:00,2025-12-20,4,0,Hourly,SR,AS_CAISO,DAM,SP_CLR_PRC,0,10
2025-12-20T11:00:00-00:00,2025-12-20T12:00:00-00:00,2025-12-20,4,0,Hourly,SR,AS_NP26,DAM,SP_CLR_PRC,0,10
2025-12-20T11:00:00-00:00,2025-12-20T12:00:00-00:00,2025-12-20,4,0,Hourly,SR,AS_SP26_EXP,DAM,SP_CLR_PRC,0,10
2025-12-20T08:00:00-00:00,2025-12-20T09:00:00-00:00,2025-12-20,1,0,Hourly,SR,AS_NP26,DAM,SP_CLR_PRC,0,10
2025-12-20T09:00:00-00:00,2025-12-20T10:00:00-00:00,2025-12-20,2,0,Hourly,SR,AS_NP26,DAM,SP_CLR_PRC,0,10
2025-12-20T10:00:00-00:00,2025-12-20T11:00:00-00:00,2025-12-20,3,0,Hourly,SR,AS_SP26,DAM,SP_CLR_PRC,0,10
2025-12-20T13:00:00-00:00,2025-12-20T14:00:00-00:00,2025-12-20,6,0,Hourly,SR,AS_NP26,DAM,SP_CLR_PRC,0,10
2025-12-20T13:00:00-00:00,2025-12-20T14:00:00-00:00,2025-12-20,6,0,Hourly,SR,AS_SP26,DAM,SP_CLR_PRC,0,10
2025-12-20T14:00:00-00:00,2025-12-20T15:00:00-00:00,2025-12-20,7,0,Hourly,SR,AS_NP26_EXP,DAM,SP_CLR_PRC,0,10
2025-12-20T15:00:00-00:00,2025-12-20T16:00:00-00:00,2025-12-20,8,0,Hourly,SR,AS_CAISO,DAM,SP_CLR_PRC,0,10
2025-12-20T15:00:00-00:00,2025-12-20T16:00:00-00:00,2025-12-20,8,0,Hourly,SR,AS_CAISO_EXP,DAM,SP_CLR_PRC,0.75,10
2025-12-20T15:00:00-00:00,2025-12-20T16:00:00-00:00,2025-12-20,8,0,Hourly,SR,AS_NP26_EXP,DAM,SP_CLR_PRC,0.0745,10
2025-12-20T17:00:00-00:00,2025-12-20T18:00:00-00:00,2025-12-20,10,0,Hourly,SR,AS_CAISO,DAM,SP_CLR_PRC,0,10
2025-12-20T21:00:00-00:00,2025-12-20T22:00:00-00:00,2025-12-20,14,0,Hourly,SR,AS_SP26,DAM,SP_CLR_PRC,0,10
2025-12-20T22:00:00-00:00,2025-12-20T23:00:00-00:00,2025-12-20,15,0,Hourly,SR,AS_CAISO_EXP,DAM,SP_CLR_PRC,0.17,10
2025-12-21T00:00:00-00:00,2025-12-21T01:00:00-00:00,2025-12-20,17,0,Hourly,SR,AS_CAISO_EXP,DAM,SP_CLR_PRC,0.41,10
2025-12-21T00:00:00-00:00,2025-12-21T01:00:00-00:00,2025-12-20,17,0,Hourly,SR,AS_NP26_EXP,DAM,SP_CLR_PRC,1.09,10
2025-12-21T00:00:00-00:00,2025-12-21T01:00:00-00:00,2025-12-20,17,0,Hourly,SR,AS_SP26,DAM,SP_CLR_PRC,0,10
2025-12-21T02:00:00-00:00,2025-12-21T03:00:00-00:00,2025-12-20,19,0,Hourly,SR,AS_SP26_EXP,DAM,SP_CLR_PRC,0,10
2025-12-21T04:00:00-00:00,2025-12-21T05:00:00-00:00,2025-12-20,21,0,Hourly,SR,AS_CAISO,DAM,SP_CLR_PRC,0,10
2025-12-21T04:00:00-00:00,2025-12-21T05:00:00-00:00,2025-12-20,21,0,Hourly,SR,AS_NP26,DAM,SP_CLR_PRC,0,10
2025-12-21T07:00:00-00:00,2025-12-21T08:00:00-00:00,2025-12-20,24,0,Hourly,SR,AS_NP26,DAM,SP_CLR_PRC,0,10
2025-12-20T08:00:00-00:00,2025-12-20T09:00:00-00:00,2025-12-20,1,0,Hourly,SR,AS_NP26_EXP,DAM,SP_CLR_PRC,0.5,10
2025-12-20T09:00:00-00:00,2025-12-20T10:00:00-00:00,2025-12-20,2,0,Hourly,SR,AS_CAISO_EXP,DAM,SP_CLR_PRC,0.94871,10
2025-12-20T09:00:00-00:00,2025-12-20T10:00:00-00:00,2025-12-20,2,0,Hourly,SR,AS_NP26_EXP,DAM,SP_CLR_PRC,0,10
2025-12-20T10:00:00-00:00,2025-12-20T11:00:00-00:00,2025-12-20,3,0,Hourly,SR,AS_CAISO,DAM,SP_CLR_PRC,0,10
2025-12-20T11:00:00-00:00,2025-12-20T12:00:00-00:00,2025-12-20,4,0,Hourly,SR,AS_CAISO_EXP,DAM,SP_CLR_PRC,0.5,10
2025-12-20T11:00:00-00:00,2025-12-20T12:00:00-00:00,2025-12-20,4,0,Hourly,SR,AS_SP26,DAM,SP_CLR_PRC,0,10
2025-12-20T14:00:00-00:00,2025-12-20T15:00:00-00:00,2025-12-20,7,0,Hourly,SR,AS_CAISO_EXP,DAM,SP_CLR_PRC,0.71668,10
2025-12-20T15:00:00-00:00,2025-12-20T16:00:00-00:00,2025-12-20,8,0,Hourly,SR,AS_SP26_EXP,DAM,SP_CLR_PRC,0,10
2025-12-20T16:00:00-00:00,2025-12-20T17:00:00-00:00,2025-12-20,9,0,Hourly,SR,AS_CAISO_EXP,DAM,SP_CLR_PRC,0.56,10
2025-12-20T16:00:00-00:00,2025-12-20T17:00:00-00:00,2025-12-20,9,0,Hourly,SR,AS_NP26,DAM,SP_CLR_PRC,0,10
2025-12-20T16:00:00-00:00,2025-12-20T17:00:00-00:00,2025-12-20,9,0,Hourly,SR,AS_NP26_EXP,DAM,SP_CLR_PRC,0,10
2025-12-20T16:00:00-00:00,2025-12-20T17:00:00-00:00,2025-12-20,9,0,Hourly,SR,AS_SP26,DAM,SP_CLR_PRC,0,10
2025-12-20T19:00:00-00:00,2025-12-20T20:00:00-00:00,2025-12-20,12,0,Hourly,SR,AS_NP26_EXP,DAM,SP_CLR_PRC,0.33,10
2025-12-20T19:00:00-00:00,2025-12-20T20:00:00-00:00,2025-12-20,12,0,Hourly,SR,AS_SP26_EXP,DAM,SP_CLR_PRC,0,10
2025-12-20T20:00:00-00:00,2025-12-20T21:00:00-00:00,2025-12-20,13,0,Hourly,SR,AS_CAISO,DAM,SP_CLR_PRC,0,10
2025-12-20T21:00:00-00:00,2025-12-20T22:00:00-00:00,2025-12-20,14,0,Hourly,SR,AS_NP26,DAM,SP_CLR_PRC,0,10
2025-12-20T23:00:00-00:00,2025-12-21T00:00:00-00:00,2025-12-20,16,0,Hourly,SR,AS_NP26,DAM,SP_CLR_PRC,0,10
2025-12-21T00:00:00-00:00,2025-12-21T01:00:00-00:00,2025-12-20,17,0,Hourly,SR,AS_CAISO,DAM,SP_CLR_PRC,0,10
2025-12-21T02:00:00-00:00,2025-12-21T03:00:00-00:00,2025-12-20,19,0,Hourly,SR,AS_SP26,DAM,SP_CLR_PRC,0,10
2025-12-21T03:00:00-00:00,2025-12-21T04:00:00-00:00,2025-12-20,20,0,Hourly,SR,AS_CAISO,DAM,SP_CLR_PRC,0,10
2025-12-21T03:00:00-00:00,2025-12-21T04:00:00-00:00,2025-12-20,20,0,Hourly,SR,AS_SP26,DAM,SP_CLR_PRC,0,10
2025-12-21T05:00:00-00:00,2025-12-21T06:00:00-00:00,2025-12-20,22,0,Hourly,SR,AS_SP26_EXP,DAM,SP_CLR_PRC,0,10
2025-12-21T06:00:00-00:00,2025-12-21T07:00:00-00:00,2025-12-20,23,0,Hourly,SR,AS_NP26,DAM,SP_CLR_PRC,0,10
2025-12-21T07:00:00-00:00,2025-12-21T08:00:00-00:00,2025-12-20,24,0,Hourly,SR,AS_SP26,DAM,SP_CLR_PRC,0,10
2025-12-20T08:00:00-00:00,2025-12-20T09:00:00-00:00,2025-12-20,1,0,Hourly,SR,AS_SP26_EXP,DAM,SP_CLR_PRC,0,10
2025-12-20T09:00:00-00:00,2025-12-20T10:00:00-00:00,2025-12-20,2,0,Hourly,SR,AS_CAISO,DAM,SP_CLR_PRC,0,10
2025-12-20T09:00:00-00:00,2025-12-20T10:00:00-00:00,2025-12-20,2,0,Hourly,SR,AS_SP26_EXP,DAM,SP_CLR_PRC,0,10
2025-12-20T10:00:00-00:00,2025-12-20T11:00:00-00:00,2025-12-20,3,0,Hourly,SR,AS_NP26,DAM,SP_CLR_PRC,0,10
2025-12-20T12:00:00-00:00,2025-12-20T13:00:00-00:00,2025-12-20,5,0,Hourly,SR,AS_NP26,DAM,SP_CLR_PRC,0,10
2025-12-20T12:00:00-00:00,2025-12-20T13:00:00-00:00,2025-12-20,5,0,Hourly,SR,AS_NP26_EXP,DAM,SP_CLR_PRC,0.60431,10
2025-12-20T18:00:00-00:00,2025-12-20T19:00:00-00:00,2025-12-20,11,0,Hourly,SR,AS_CAISO,DAM,SP_CLR_PRC,0,10
2025-12-20T18:00:00-00:00,2025-12-20T19:00:00-00:00,2025-12-20,11,0,Hourly,SR,AS_CAISO_EXP,DAM,SP_CLR_PRC,0.17,10
2025-12-20T18:00:00-00:00,2025-12-20T19:00:00-00:00,2025-12-20,11,0,Hourly,SR,AS_NP26,DAM,SP_CLR_PRC,0,10
2025-12-20T20:00:00-00:00,2025-12-20T21:00:00-00:00,2025-12-20,13,0,Hourly,SR,AS_SP26,DAM,SP_CLR_PRC,0,10
2025-12-20T20:00:00-00:00,2025-12-20T21:00:00-00:00,2025-12-20,13,0,Hourly,SR,AS_SP26_EXP,DAM,SP_CLR_PRC,0,10
2025-12-20T23:00:00-00:00,2025-12-21T00:00:00-00:00,2025-12-20,16,0,Hourly,SR,AS_CAISO_EXP,DAM,SP_CLR_PRC,0.17,10
2025-12-20T23:00:00-00:00,2025-12-21T00:00:00-00:00,2025-12-20,16,0,Hourly,SR,AS_NP26_EXP,DAM,SP_CLR_PRC,1.33,10
2025-12-21T01:00:00-00:00,2025-12-21T02:00:00-00:00,2025-12-20,18,0,Hourly,SR,AS_SP26_EXP,DAM,SP_CLR_PRC,0,10
2025-12-21T03:00:00-00:00,2025-12-21T04:00:00-00:00,2025-12-20,20,0,Hourly,SR,AS_NP26,DAM,SP_CLR_PRC,0,10
2025-12-21T05:00:00-00:00,2025-12-21T06:00:00-00:00,2025-12-20,22,0,Hourly,SR,AS_SP26,DAM,SP_CLR_PRC,0,10
2025-12-21T06:00:00-00:00,2025-12-21T07:00:00-00:00,2025-12-20,23,0,Hourly,SR,AS_CAISO_EXP,DAM,SP_CLR_PRC,1,10
2025-12-20T08:00:00-00:00,2025-12-20T09:00:00-00:00,2025-12-20,1,0,Hourly,SR,AS_CAISO,DAM,SP_CLR_PRC,0,10
2025-12-20T09:00:00-00:00,2025-12-20T10:00:00-00:00,2025-12-20,2,0,Hourly,SR,AS_SP26,DAM,SP_CLR_PRC,0,10
2025-12-20T12:00:00-00:00,2025-12-20T13:00:00-00:00,2025-12-20,5,0,Hourly,SR,AS_SP26_EXP,DAM,SP_CLR_PRC,0,10
2025-12-20T13:00:00-00:00,2025-12-20T14:00:00-00:00,2025-12-20,6,0,Hourly,SR,AS_NP26_EXP,DAM,SP_CLR_PRC,0.20898,10
2025-12-21T10:00:00-00:00,2025-12-21T11:00:00-00:00,2025-12-21,3,0,Hourly,SR,AS_NP26_EXP,DAM,SP_CLR_PRC,0,11
2025-12-21T13:00:00-00:00,2025-12-21T14:00:00-00:00,2025-12-21,6,0,Hourly,SR,AS_CAISO_EXP,DAM,SP_CLR_PRC,0.56,11
2025-12-21T14:00:00-00:00,2025-12-21T15:00:00-00:00,2025-12-21,7,0,Hourly,SR,AS_CAISO,DAM,SP_CLR_PRC,0,11
2025-12-21T14:00:00-00:00,2025-12-21T15:00:00-00:00,2025-12-21,7,0,Hourly,SR,AS_NP26,DAM,SP_CLR_PRC,0,11
2025-12-21T15:00:00-00:00,2025-12-21T16:00:00-00:00,2025-12-21,8,0,Hourly,SR,AS_NP26_EXP,DAM,SP_CLR_PRC,0,11
2025-12-21T16:00:00-00:00,2025-12-21T17:00:00-00:00,2025-12-21,9,0,Hourly,SR,AS_CAISO,DAM,SP_CLR_PRC,0,11
2025-12-21T16:00:00-00:00,2025-12-21T17:00:00-00:00,2025-12-21,9,0,Hourly,SR,AS_SP26_EXP,DAM,SP_CLR_PRC,0,11
2025-12-21T17:00:00-00:00,2025-12-21T18:00:00-00:00,2025-12-21,10,0,Hourly,SR,AS_NP26_EXP,DAM,SP_CLR_PRC,0.24,11
2025-12-21T20:00:00-00:00,2025-12-21T21:00:00-00:00,2025-12-21,13,0,Hourly,SR,AS_CAISO,DAM,SP_CLR_PRC,0,11
2025-12-21T20:00:00-00:00,2025-12-21T21:00:00-00:00,2025-12-21,13,0,Hourly,SR,AS_NP26_EXP,DAM,SP_CLR_PRC,0.13,11
2025-12-21T21:00:00-00:00,2025-12-21T22:00:00-00:00,2025-12-21,14,0,Hourly,SR,AS_SP26,DAM,SP_CLR_PRC,0,11
2025-12-21T22:00:00-00:00,2025-12-21T23:00:00-00:00,2025-12-21,15,0,Hourly,SR,AS_SP26,DAM,SP_CLR_PRC,0,11
2025-12-22T02:00:00-00:00,2025-12-22T03:00:00-00:00,2025-12-21,19,0,Hourly,SR,AS_CAISO_EXP,DAM,SP_CLR_PRC,0.17048,11
2025-12-22T04:00:00-00:00,2025-12-22T05:00:00-00:00,2025-12-21,21,0,Hourly,SR,AS_CAISO,DAM,SP_CLR_PRC,0,11
2025-12-22T05:00:00-00:00,2025-12-22T06:00:00-00:00,2025-12-21,22,0,Hourly,SR,AS_NP26_EXP,DAM,SP_CLR_PRC,0.4,11
2025-12-22T05:00:00-00:00,2025-12-22T06:00:00-00:00,2025-12-21,22,0,Hourly,SR,AS_SP26_EXP,DAM,SP_CLR_PRC,0,11
2025-12-21T11:00:00-00:00,2025-12-21T12:00:00-00:00,2025-12-21,4,0,Hourly,SR,AS_CAISO,DAM,SP_CLR_PRC,0,11
2025-12-21T11:00:00-00:00,2025-12-21T12:00:00-00:00,2025-12-21,4,0,Hourly,SR,AS_SP26_EXP,DAM,SP_CLR_PRC,0,11
2025-12-21T15:00:00-00:00,2025-12-21T16:00:00-00:00,2025-12-21,8,0,Hourly,SR,AS_SP26,DAM,SP_CLR_PRC,0,11
2025-12-21T16:00:00-00:00,2025-12-21T17:00:00-00:00,2025-12-21,9,0,Hourly,SR,AS_NP26,DAM,SP_CLR_PRC,0,11
2025-12-21T18:00:00-00:00,2025-12-21T19:00:00-00:00,2025-12-21,11,0,Hourly,SR,AS_CAISO_EXP,DAM,SP_CLR_PRC,0.17,11
2025-12-21T18:00:00-00:00,2025-12-21T19:00:00-00:00,2025-12-21,11,0,Hourly,SR,AS_NP26,DAM,SP_CLR_PRC,0,11
2025-12-21T19:00:00-00:00,2025-12-21T20:00:00-00:00,2025-12-21,12,0,Hourly,SR,AS_NP26_EXP,DAM,SP_CLR_PRC,0.13,11
2025-12-21T20:00:00-00:00,2025-12-21T21:00:00-00:00,2025-12-21,13,0,Hourly,SR,AS_NP26,DAM,SP_CLR_PRC,0,11
2025-12-21T21:00:00-00:00,2025-12-21T22:00:00-00:00,2025-12-21,14,0,Hourly,SR,AS_CAISO_EXP,DAM,SP_CLR_PRC,0.17,11
2025-12-21T23:00:00-00:00,2025-12-22T00:00:00-00:00,2025-12-21,16,0,Hourly,SR,AS_NP26,DAM,SP_CLR_PRC,0,11
2025-12-22T00:00:00-00:00,2025-12-22T01:00:00-00:00,2025-12-21,17,0,Hourly,SR,AS_CAISO_EXP,DAM,SP_CLR_PRC,0.17,11
2025-12-22T00:00:00-00:00,2025-12-22T01:00:00-00:00,2025-12-21,17,0,Hourly,SR,AS_NP26_EXP,DAM,SP_CLR_PRC,0.96,11
2025-12-22T02:00:00-00:00,2025-12-22T03:00:00-00:00,2025-12-21,19,0,Hourly,SR,AS_SP26_EXP,DAM,SP_CLR_PRC,0,11
2025-12-22T03:00:00-00:00,2025-12-22T04:00:00-00:00,2025-12-21,20,0,Hourly,SR,AS_CAISO,DAM,SP_CLR_PRC,0,11
2025-12-22T03:00:00-00:00,2025-12-22T04:00:00-00:00,2025-12-21,20,0,Hourly,SR,AS_SP26_EXP,DAM,SP_CLR_PRC,0,11
2025-12-22T06:00:00-00:00,2025-12-22T07:00:00-00:00,2025-12-21,23,0,Hourly,SR,AS_SP26,DAM,SP_CLR_PRC,0,11
2025-12-22T07:00:00-00:00,2025-12-22T08:00:00-00:00,2025-12-21,24,0,Hourly,SR,AS_CAISO_EXP,DAM,SP_CLR_PRC,0.56,11
2025-12-22T07:00:00-00:00,2025-12-22T08:00:00-00:00,2025-12-21,24,0,Hourly,SR,AS_NP26,DAM,SP_CLR_PRC,0,11
2025-12-22T07:00:00-00:00,2025-12-22T08:00:00-00:00,2025-12-21,24,0,Hourly,SR,AS_NP26_EXP,DAM,SP_CLR_PRC,1.94,11
2025-12-21T09:00:00-00:00,2025-12-21T10:00:00-00:00,2025-12-21,2,0,Hourly,SR,AS_CAISO,DAM,SP_CLR_PRC,0,11
2025-12-21T09:00:00-00:00,2025-12-21T10:00:00-00:00,2025-12-21,2,0,Hourly,SR,AS_NP26,DAM,SP_CLR_PRC,0,11
2025-12-21T12:00:00-00:00,2025-12-21T13:00:00-00:00,2025-12-21,5,0,Hourly,SR,AS_CAISO_EXP,DAM,SP_CLR_PRC,0.41,11
2025-12-21T12:00:00-00:00,2025-12-21T13:00:00-00:00,2025-12-21,5,0,Hourly,SR,AS_SP26_EXP,DAM,SP_CLR_PRC,0,11
2025-12-21T14:00:00-00:00,2025-12-21T15:00:00-00:00,2025-12-21,7,0,Hourly,SR,AS_CAISO_EXP,DAM,SP_CLR_PRC,0.75,11
2025-12-21T15:00:00-00:00,2025-12-21T16:00:00-00:00,2025-12-21,8,0,Hourly,SR,AS_CAISO,DAM,SP_CLR_PRC,0,11
2025-12-21T16:00:00-00:00,2025-12-21T17:00:00-00:00,2025-12-21,9,0,Hourly,SR,AS_SP26,DAM,SP_CLR_PRC,0,11
2025-12-21T18:00:00-00:00,2025-12-21T19:00:00-00:00,2025-12-21,11,0,Hourly,SR,AS_SP26,DAM,SP_CLR_PRC,0,11
2025-12-21T19:00:00-00:00,2025-12-21T20:00:00-00:00,2025-12-21,12,0,Hourly,SR,AS_CAISO,DAM,SP_CLR_PRC,0,11
2025-12-21T19:00:00-00:00,2025-12-21T20:00:00-00:00,2025-12-21,12,0,Hourly,SR,AS_SP26,DAM,SP_CLR_PRC,0,11
2025-12-21T21:00:00-00:00,2025-12-21T22:00:00-00:00,2025-12-21,14,0,Hourly,SR,AS_CAISO,DAM,SP_CLR_PRC,0,11
2025-12-21T21:00:00-00:00,2025-12-21T22:00:00-00:00,2025-12-21,14,0,Hourly,SR,AS_NP26_EXP,DAM,SP_CLR_PRC,0.24,11
2025-12-21T22:00:00-00:00,2025-12-21T23:00:00-00:00,2025-12-21,15,0,Hourly,SR,AS_NP26,DAM,SP_CLR_PRC,0,11
2025-12-22T00:00:00-00:00,2025-12-22T01:00:00-00:00,2025-12-21,17,0,Hourly,SR,AS_CAISO,DAM,SP_CLR_PRC,0,11
2025-12-22T00:00:00-00:00,2025-12-22T01:00:00-00:00,2025-12-21,17,0,Hourly,SR,AS_SP26_EXP,DAM,SP_CLR_PRC,0,11
2025-12-22T01:00:00-00:00,2025-12-22T02:00:00-00:00,2025-12-21,18,0,Hourly,SR,AS_NP26_EXP,DAM,SP_CLR_PRC,0.72,11
2025-12-22T01:00:00-00:00,2025-12-22T02:00:00-00:00,2025-12-21,18,0,Hourly,SR,AS_CAISO,DAM,SP_CLR_PRC,0,11
2025-12-22T02:00:00-00:00,2025-12-22T03:00:00-00:00,2025-12-21,19,0,Hourly,SR,AS_CAISO,DAM,SP_CLR_PRC,0,11
2025-12-22T03:00:00-00:00,2025-12-22T04:00:00-00:00,2025-12-21,20,0,Hourly,SR,AS_CAISO_EXP,DAM,SP_CLR_PRC,0.17,11
2025-12-22T04:00:00-00:00,2025-12-22T05:00:00-00:00,2025-12-21,21,0,Hourly,SR,AS_CAISO_EXP,DAM,SP_CLR_PRC,0.17,11
2025-12-22T04:00:00-00:00,2025-12-22T05:00:00-00:00,2025-12-21,21,0,Hourly,SR,AS_NP26_EXP,DAM,SP_CLR_PRC,1.10734,11
2025-12-22T04:00:00-00:00,2025-12-22T05:00:00-00:00,2025-12-21,21,0,Hourly,SR,AS_SP26_EXP,DAM,SP_CLR_PRC,0,11
2025-12-21T08:00:00-00:00,2025-12-21T09:00:00-00:00,2025-12-21,1,0,Hourly,SR,AS_CAISO_EXP,DAM,SP_CLR_PRC,1,11
2025-12-21T10:00:00-00:00,2025-12-21T11:00:00-00:00,2025-12-21,3,0,Hourly,SR,AS_NP26,DAM,SP_CLR_PRC,0,11
2025-12-21T10:00:00-00:00,2025-12-21T11:00:00-00:00,2025-12-21,3,0,Hourly,SR,AS_SP26_EXP,DAM,SP_CLR_PRC,0,11
2025-12-21T11:00:00-00:00,2025-12-21T12:00:00-00:00,2025-12-21,4,0,Hourly,SR,AS_NP26,DAM,SP_CLR_PRC,0,11
2025-12-21T13:00:00-00:00,2025-12-21T14:00:00-00:00,2025-12-21,6,0,Hourly,SR,AS_NP26,DAM,SP_CLR_PRC,0,11
2025-12-21T13:00:00-00:00,2025-12-21T14:00:00-00:00,2025-12-21,6,0,Hourly,SR,AS_NP26_EXP,DAM,SP_CLR_PRC,0,11
2025-12-21T16:00:00-00:00,2025-12-21T17:00:00-00:00,2025-12-21,9,0,Hourly,SR,AS_NP26_EXP,DAM,SP_CLR_PRC,0,11
2025-12-21T17:00:00-00:00,2025-12-21T18:00:00-00:00,2025-12-21,10,0,Hourly,SR,AS_CAISO,DAM,SP_CLR_PRC,0,11
2025-12-21T17:00:00-00:00,2025-12-21T18:00:00-00:00,2025-12-21,10,0,Hourly,SR,AS_SP26_EXP,DAM,SP_CLR_PRC,0,11
2025-12-21T19:00:00-00:00,2025-12-21T20:00:00-00:00,2025-12-21,12,0,Hourly,SR,AS_CAISO_EXP,DAM,SP_CLR_PRC,0.17,11
2025-12-21T20:00:00-00:00,2025-12-21T21:00:00-00:00,2025-12-21,13,0,Hourly,SR,AS_CAISO_EXP,DAM,SP_CLR_PRC,0.17,11
2025-12-21T21:00:00-00:00,2025-12-21T22:00:00-00:00,2025-12-21,14,0,Hourly,SR,AS_NP26,DAM,SP_CLR_PRC,0,11
2025-12-21T22:00:00-00:00,2025-12-21T23:00:00-00:00,2025-12-21,15,0,Hourly,SR,AS_CAISO,DAM,SP_CLR_PRC,0,11
2025-12-21T22:00:00-00:00,2025-12-21T23:00:00-00:00,2025-12-21,15,0,Hourly,SR,AS_CAISO_EXP,DAM,SP_CLR_PRC,0.17,11
2025-12-21T22:00:00-00:00,2025-12-21T23:00:00-00:00,2025-12-21,15,0,Hourly,SR,AS_SP26_EXP,DAM,SP_CLR_PRC,0,11
2025-12-21T23:00:00-00:00,2025-12-22T00:00:00-00:00,2025-12-21,16,0,Hourly,SR,AS_CAISO,DAM,SP_CLR_PRC,0,11
2025-12-21T23:00:00-00:00,2025-12-22T00:00:00-00:00,2025-12-21,16,0,Hourly,SR,AS_NP26_EXP,DAM,SP_CLR_PRC,0.64058,11
2025-12-21T23:00:00-00:00,2025-12-22T00:00:00-00:00,2025-12-21,16,0,Hourly,SR,AS_SP26,DAM,SP_CLR_PRC,0,11
2025-12-21T23:00:00-00:00,2025-12-22T00:00:00-00:00,2025-12-21,16,0,Hourly,SR,AS_SP26_EXP,DAM,SP_CLR_PRC,0,11
2025-12-22T03:00:00-00:00,2025-12-22T04:00:00-00:00,2025-12-21,20,0,Hourly,SR,AS_SP26,DAM,SP_CLR_PRC,0,11
2025-12-22T04:00:00-00:00,2025-12-22T05:00:00-00:00,2025-12-21,21,0,Hourly,SR,AS_SP26,DAM,SP_CLR_PRC,0,11
2025-12-22T07:00:00-00:00,2025-12-22T08:00:00-00:00,2025-12-21,24,0,Hourly,SR,AS_CAISO,DAM,SP_CLR_PRC,0,11
2025-12-21T08:00:00-00:00,2025-12-21T09:00:00-00:00,2025-12-21,1,0,Hourly,SR,AS_CAISO,DAM,SP_CLR_PRC,0,11
2025-12-21T10:00:00-00:00,2025-12-21T11:00:00-00:00,2025-12-21,3,0,Hourly,SR,AS_CAISO_EXP,DAM,SP_CLR_PRC,1,11
2025-12-21T10:00:00-00:00,2025-12-21T11:00:00-00:00,2025-12-21,3,0,Hourly,SR,AS_SP26,DAM,SP_CLR_PRC,0,11
2025-12-21T11:00:00-00:00,2025-12-21T12:00:00-00:00,2025-12-21,4,0,Hourly,SR,AS_CAISO_EXP,DAM,SP_CLR_PRC,0.54,11
2025-12-21T12:00:00-00:00,2025-12-21T13:00:00-00:00,2025-12-21,5,0,Hourly,SR,AS_NP26_EXP,DAM,SP_CLR_PRC,0.09,11
2025-12-21T12:00:00-00:00,2025-12-21T13:00:00-00:00,2025-12-21,5,0,Hourly,SR,AS_SP26,DAM,SP_CLR_PRC,0,11
2025-12-21T14:00:00-00:00,2025-12-21T15:00:00-00:00,2025-12-21,7,0,Hourly,SR,AS_SP26,DAM,SP_CLR_PRC,0,11
2025-12-21T14:00:00-00:00,2025-12-21T15:00:00-00:00,2025-12-21,7,0,Hourly,SR,AS_SP26_EXP,DAM,SP_CLR_PRC,0,11
2025-12-21T17:00:00-00:00,2025-12-21T18:00:00-00:00,2025-12-21,10,0,Hourly,SR,AS_CAISO_EXP,DAM,SP_CLR_PRC,0.17,11
2025-12-21T17:00:00-00:00,2025-12-21T18:00:00-00:00,2025-12-21,10,0,Hourly,SR,AS_SP26,DAM,SP_CLR_PRC,0,11
2025-12-21T19:00:00-00:00,2025-12-21T20:00:00-00:00,2025-12-21,12,0,Hourly,SR,AS_NP26,DAM,SP_CLR_PRC,0,11
2025-12-21T22:00:00-00:00,2025-12-21T23:00:00-00:00,2025-12-21,15,0,Hourly,SR,AS_NP26_EXP,DAM,SP_CLR_PRC,0.5819,11
2025-12-21T23:00:00-00:00,2025-12-22T00:00:00-00:00,2025-12-21,16,0,Hourly,SR,AS_CAISO_EXP,DAM,SP_CLR_PRC,0.17,11
2025-12-22T01:00:00-00:00,2025-12-22T02:00:00-00:00,2025-12-21,18,0,Hourly,SR,AS_SP26,DAM,SP_CLR_PRC,0,11
2025-12-22T03:00:00-00:00,2025-12-22T04:00:00-00:00,2025-12-21,20,0,Hourly,SR,AS_NP26,DAM,SP_CLR_PRC,0,11
2025-12-22T05:00:00-00:00,2025-12-22T06:00:00-00:00,2025-12-21,22,0,Hourly,SR,AS_NP26,DAM,SP_CLR_PRC,0,11
2025-12-22T06:00:00-00:00,2025-12-22T07:00:00-00:00,2025-12-21,23,0,Hourly,SR,AS_NP26_EXP,DAM,SP_CLR_PRC,0.47593,11
2025-12-22T07:00:00-00:00,2025-12-22T08:00:00-00:00,2025-12-21,24,0,Hourly,SR,AS_SP26_EXP,DAM,SP_CLR_PRC,0,11
2025-12-21T08:00:00-00:00,2025-12-21T09:00:00-00:00,2025-12-21,1,0,Hourly,SR,AS_NP26_EXP,DAM,SP_CLR_PRC,1.5,11
2025-12-21T12:00:00-00:00,2025-12-21T13:00:00-00:00,2025-12-21,5,0,Hourly,SR,AS_CAISO,DAM,SP_CLR_PRC,0,11
2025-12-21T13:00:00-00:00,2025-12-21T14:00:00-00:00,2025-12-21,6,0,Hourly,SR,AS_CAISO,DAM,SP_CLR_PRC,0,11
2025-12-21T13:00:00-00:00,2025-12-21T14:00:00-00:00,2025-12-21,6,0,Hourly,SR,AS_SP26_EXP,DAM,SP_CLR_PRC,0,11
2025-12-21T18:00:00-00:00,2025-12-21T19:00:00-00:00,2025-12-21,11,0,Hourly,SR,AS_CAISO,DAM,SP_CLR_PRC,0,11
2025-12-21T19:00:00-00:00,2025-12-21T20:00:00-00:00,2025-12-21,12,0,Hourly,SR,AS_SP26_EXP,DAM,SP_CLR_PRC,0,11
2025-12-22T00:00:00-00:00,2025-12-22T01:00:00-00:00,2025-12-21,17,0,Hourly,SR,AS_NP26,DAM,SP_CLR_PRC,0,11
2025-12-22T01:00:00-00:00,2025-12-22T02:00:00-00:00,2025-12-21,18,0,Hourly,SR,AS_CAISO_EXP,DAM,SP_CLR_PRC,0.17,11
2025-12-22T05:00:00-00:00,2025-12-22T06:00:00-00:00,2025-12-21,22,0,Hourly,SR,AS_CAISO_EXP,DAM,SP_CLR_PRC,0.5,11
2025-12-22T05:00:00-00:00,2025-12-22T06:00:00-00:00,2025-12-21,22,0,Hourly,SR,AS_SP26,DAM,SP_CLR_PRC,0,11
2025-12-22T06:00:00-00:00,2025-12-22T07:00:00-00:00,2025-12-21,23,0,Hourly,SR,AS_CAISO_EXP,DAM,SP_CLR_PRC,0.56,11
2025-12-22T06:00:00-00:00,2025-12-22T07:00:00-00:00,2025-12-21,23,0,Hourly,SR,AS_NP26,DAM,SP_CLR_PRC,0,11
2025-12-21T09:00:00-00:00,2025-12-21T10:00:00-00:00,2025-12-21,2,0,Hourly,SR,AS_SP26,DAM,SP_CLR_PRC,0,11
2025-12-21T11:00:00-00:00,2025-12-21T12:00:00-00:00,2025-12-21,4,0,Hourly,SR,AS_NP26_EXP,DAM,SP_CLR_PRC,0,11
2025-12-21T11:00:00-00:00,2025-12-21T12:00:00-00:00,2025-12-21,4,0,Hourly,SR,AS_SP26,DAM,SP_CLR_PRC,0,11
2025-12-21T15:00:00-00:00,2025-12-21T16:00:00-00:00,2025-12-21,8,0,Hourly,SR,AS_CAISO_EXP,DAM,SP_CLR_PRC,0.5,11
2025-12-21T18:00:00-00:00,2025-12-21T19:00:00-00:00,2025-12-21,11,0,Hourly,SR,AS_SP26_EXP,DAM,SP_CLR_PRC,0,11
2025-12-22T01:00:00-00:00,2025-12-22T02:00:00-00:00,2025-12-21,18,0,Hourly,SR,AS_SP26_EXP,DAM,SP_CLR_PRC,0,11
2025-12-22T02:00:00-00:00,2025-12-22T03:00:00-00:00,2025-12-21,19,0,Hourly,SR,AS_NP26,DAM,SP_CLR_PRC,0,11
2025-12-22T02:00:00-00:00,2025-12-22T03:00:00-00:00,2025-12-21,19,0,Hourly,SR,AS_NP26_EXP,DAM,SP_CLR_PRC,0.72952,11
2025-12-22T02:00:00-00:00,2025-12-22T03:00:00-00:00,2025-12-21,19,0,Hourly,SR,AS_SP26,DAM,SP_CLR_PRC,0,11
2025-12-22T04:00:00-00:00,2025-12-22T05:00:00-00:00,2025-12-21,21,0,Hourly,SR,AS_NP26,DAM,SP_CLR_PRC,0,11
2025-12-22T05:00:00-00:00,2025-12-22T06:00:00-00:00,2025-12-21,22,0,Hourly,SR,AS_CAISO,DAM,SP_CLR_PRC,0,11
2025-12-22T06:00:00-00:00,2025-12-22T07:00:00-00:00,2025-12-21,23,0,Hourly,SR,AS_CAISO,DAM,SP_CLR_PRC,0,11
2025-12-21T08:00:00-00:00,2025-12-21T09:00:00-00:00,2025-12-21,1,0,Hourly,SR,AS_SP26,DAM,SP_CLR_PRC,0,11
2025-12-21T08:00:00-00:00,2025-12-21T09:00:00-00:00,2025-12-21,1,0,Hourly,SR,AS_SP26_EXP,DAM,SP_CLR_PRC,0,11
2025-12-21T09:00:00-00:00,2025-12-21T10:00:00-00:00,2025-12-21,2,0,Hourly,SR,AS_CAISO_EXP,DAM,SP_CLR_PRC,1,11
2025-12-21T09:00:00-00:00,2025-12-21T10:00:00-00:00,2025-12-21,2,0,Hourly,SR,AS_NP26_EXP,DAM,SP_CLR_PRC,0.07794,11
2025-12-21T09:00:00-00:00,2025-12-21T10:00:00-00:00,2025-12-21,2,0,Hourly,SR,AS_SP26_EXP,DAM,SP_CLR_PRC,0,11
2025-12-21T12:00:00-00:00,2025-12-21T13:00:00-00:00,2025-12-21,5,0,Hourly,SR,AS_NP26,DAM,SP_CLR_PRC,0,11
2025-12-21T13:00:00-00:00,2025-12-21T14:00:00-00:00,2025-12-21,6,0,Hourly,SR,AS_SP26,DAM,SP_CLR_PRC,0,11
2025-12-21T14:00:00-00:00,2025-12-21T15:00:00-00:00,2025-12-21,7,0,Hourly,SR,AS_NP26_EXP,DAM,SP_CLR_PRC,0.22816,11
2025-12-21T15:00:00-00:00,2025-12-21T16:00:00-00:00,2025-12-21,8,0,Hourly,SR,AS_NP26,DAM,SP_CLR_PRC,0,11
2025-12-21T15:00:00-00:00,2025-12-21T16:00:00-00:00,2025-12-21,8,0,Hourly,SR,AS_SP26_EXP,DAM,SP_CLR_PRC,0,11
2025-12-21T16:00:00-00:00,2025-12-21T17:00:00-00:00,2025-12-21,9,0,Hourly,SR,AS_CAISO_EXP,DAM,SP_CLR_PRC,0.41,11
2025-12-21T17:00:00-00:00,2025-12-21T18:00:00-00:00,2025-12-21,10,0,Hourly,SR,AS_NP26,DAM,SP_CLR_PRC,0,11
2025-12-21T18:00:00-00:00,2025-12-21T19:00:00-00:00,2025-12-21,11,0,Hourly,SR,AS_NP26_EXP,DAM,SP_CLR_PRC,0.28,11
2025-12-21T20:00:00-00:00,2025-12-21T21:00:00-00:00,2025-12-21,13,0,Hourly,SR,AS_SP26,DAM,SP_CLR_PRC,0,11
2025-12-21T20:00:00-00:00,2025-12-21T21:00:00-00:00,2025-12-21,13,0,Hourly,SR,AS_SP26_EXP,DAM,SP_CLR_PRC,0,11
2025-12-21T21:00:00-00:00,2025-12-21T22:00:00-00:00,2025-12-21,14,0,Hourly,SR,AS_SP26_EXP,DAM,SP_CLR_PRC,0,11
2025-12-22T00:00:00-00:00,2025-12-22T01:00:00-00:00,2025-12-21,17,0,Hourly,SR,AS_SP26,DAM,SP_CLR_PRC,0,11
2025-12-22T01:00:00-00:00,2025-12-22T02:00:00-00:00,2025-12-21,18,0,Hourly,SR,AS_NP26,DAM,SP_CLR_PRC,0,11
2025-12-22T03:00:00-00:00,2025-12-22T04:00:00-00:00,2025-12-21,20,0,Hourly,SR,AS_NP26_EXP,DAM,SP_CLR_PRC,0.64115,11
2025-12-22T06:00:00-00:00,2025-12-22T07:00:00-00:00,2025-12-21,23,0,Hourly,SR,AS_SP26_EXP,DAM,SP_CLR_PRC,0,11
2025-12-22T07:00:00-00:00,2025-12-22T08:00:00-00:00,2025-12-21,24,0,Hourly,SR,AS_SP26,DAM,SP_CLR_PRC,0,11
2025-12-21T08:00:00-00:00,2025-12-21T09:00:00-00:00,2025-12-21,1,0,Hourly,SR,AS_NP26,DAM,SP_CLR_PRC,0,11
2025-12-21T10:00:00-00:00,2025-12-21T11:00:00-00:00,2025-12-21,3,0,Hourly,SR,AS_CAISO,DAM,SP_CLR_PRC,0,11
2025-12-22T08:00:00-00:00,2025-12-22T09:00:00-00:00,2025-12-22,1,0,Hourly,SR,AS_SP26,DAM,SP_CLR_PRC,0,12
2025-12-22T13:00:00-00:00,2025-12-22T14:00:00-00:00,2025-12-22,6,0,Hourly,SR,AS_CAISO,DAM,SP_CLR_PRC,0,12
2025-12-22T14:00:00-00:00,2025-12-22T15:00:00-00:00,2025-12-22,7,0,Hourly,SR,AS_CAISO_EXP,DAM,SP_CLR_PRC,0.75,12
2025-12-22T14:00:00-00:00,2025-12-22T15:00:00-00:00,2025-12-22,7,0,Hourly,SR,AS_SP26,DAM,SP_CLR_PRC,0,12
2025-12-22T16:00:00-00:00,2025-12-22T17:00:00-00:00,2025-12-22,9,0,Hourly,SR,AS_CAISO_EXP,DAM,SP_CLR_PRC,0.63478,12
2025-12-22T16:00:00-00:00,2025-12-22T17:00:00-00:00,2025-12-22,9,0,Hourly,SR,AS_SP26,DAM,SP_CLR_PRC,0,12
2025-12-22T18:00:00-00:00,2025-12-22T19:00:00-00:00,2025-12-22,11,0,Hourly,SR,AS_CAISO_EXP,DAM,SP_CLR_PRC,0.17,12
2025-12-22T18:00:00-00:00,2025-12-22T19:00:00-00:00,2025-12-22,11,0,Hourly,SR,AS_NP26,DAM,SP_CLR_PRC,0,12
2025-12-22T20:00:00-00:00,2025-12-22T21:00:00-00:00,2025-12-22,13,0,Hourly,SR,AS_SP26,DAM,SP_CLR_PRC,0,12
2025-12-22T20:00:00-00:00,2025-12-22T21:00:00-00:00,2025-12-22,13,0,Hourly,SR,AS_SP26_EXP,DAM,SP_CLR_PRC,0,12
2025-12-22T21:00:00-00:00,2025-12-22T22:00:00-00:00,2025-12-22,14,0,Hourly,SR,AS_NP26_EXP,DAM,SP_CLR_PRC,0.60318,12
2025-12-23T03:00:00-00:00,2025-12-23T04:00:00-00:00,2025-12-22,20,0,Hourly,SR,AS_CAISO_EXP,DAM,SP_CLR_PRC,0.17,12
2025-12-23T03:00:00-00:00,2025-12-23T04:00:00-00:00,2025-12-22,20,0,Hourly,SR,AS_SP26,DAM,SP_CLR_PRC,0,12
2025-12-23T04:00:00-00:00,2025-12-23T05:00:00-00:00,2025-12-22,21,0,Hourly,SR,AS_SP26,DAM,SP_CLR_PRC,0,12
2025-12-23T05:00:00-00:00,2025-12-23T06:00:00-00:00,2025-12-22,22,0,Hourly,SR,AS_CAISO,DAM,SP_CLR_PRC,0,12
2025-12-23T06:00:00-00:00,2025-12-23T07:00:00-00:00,2025-12-22,23,0,Hourly,SR,AS_NP26_EXP,DAM,SP_CLR_PRC,1.10253,12
2025-12-23T02:00:00-00:00,2025-12-23T03:00:00-00:00,2025-12-22,19,0,Hourly,SR,AS_SP26,DAM,SP_CLR_PRC,0,12
2025-12-23T03:00:00-00:00,2025-12-23T04:00:00-00:00,2025-12-22,20,0,Hourly,SR,AS_CAISO,DAM,SP_CLR_PRC,0,12
2025-12-23T04:00:00-00:00,2025-12-23T05:00:00-00:00,2025-12-22,21,0,Hourly,SR,AS_NP26,DAM,SP_CLR_PRC,0,12
2025-12-23T05:00:00-00:00,2025-12-23T06:00:00-00:00,2025-12-22,22,0,Hourly,SR,AS_NP26,DAM,SP_CLR_PRC,0,12
2025-12-23T05:00:00-00:00,2025-12-23T06:00:00-00:00,2025-12-22,22,0,Hourly,SR,AS_SP26,DAM,SP_CLR_PRC,0,12
2025-12-23T07:00:00-00:00,2025-12-23T08:00:00-00:00,2025-12-22,24,0,Hourly,SR,AS_CAISO_EXP,DAM,SP_CLR_PRC,0.6,12
2025-12-23T07:00:00-00:00,2025-12-23T08:00:00-00:00,2025-12-22,24,0,Hourly,SR,AS_SP26_EXP,DAM,SP_CLR_PRC,0,12
2025-12-22T11:00:00-00:00,2025-12-22T12:00:00-00:00,2025-12-22,4,0,Hourly,SR,AS_SP26,DAM,SP_CLR_PRC,0,12
2025-12-22T12:00:00-00:00,2025-12-22T13:00:00-00:00,2025-12-22,5,0,Hourly,SR,AS_CAISO,DAM,SP_CLR_PRC,0,12
2025-12-22T12:00:00-00:00,2025-12-22T13:00:00-00:00,2025-12-22,5,0,Hourly,SR,AS_NP26_EXP,DAM,SP_CLR_PRC,1.01666,12
2025-12-22T15:00:00-00:00,2025-12-22T16:00:00-00:00,2025-12-22,8,0,Hourly,SR,AS_SP26_EXP,DAM,SP_CLR_PRC,0,12
2025-12-22T19:00:00-00:00,2025-12-22T20:00:00-00:00,2025-12-22,12,0,Hourly,SR,AS_NP26_EXP,DAM,SP_CLR_PRC,0.83969,12
2025-12-22T19:00:00-00:00,2025-12-22T20:00:00-00:00,2025-12-22,12,0,Hourly,SR,AS_SP26_EXP,DAM,SP_CLR_PRC,0,12
2025-12-22T20:00:00-00:00,2025-12-22T21:00:00-00:00,2025-12-22,13,0,Hourly,SR,AS_CAISO,DAM,SP_CLR_PRC,0,12
2025-12-22T23:00:00-00:00,2025-12-23T00:00:00-00:00,2025-12-22,16,0,Hourly,SR,AS_NP26_EXP,DAM,SP_CLR_PRC,1.33,12
2025-12-23T00:00:00-00:00,2025-12-23T01:00:00-00:00,2025-12-22,17,0,Hourly,SR,AS_NP26,DAM,SP_CLR_PRC,0,12
2025-12-23T01:00:00-00:00,2025-12-23T02:00:00-00:00,2025-12-22,18,0,Hourly,SR,AS_CAISO,DAM,SP_CLR_PRC,0,12
2025-12-23T02:00:00-00:00,2025-12-23T03:00:00-00:00,2025-12-22,19,0,Hourly,SR,AS_NP26_EXP,DAM,SP_CLR_PRC,1.33,12
2025-12-23T03:00:00-00:00,2025-12-23T04:00:00-00:00,2025-12-22,20,0,Hourly,SR,AS_SP26_EXP,DAM,SP_CLR_PRC,0,12
2025-12-23T07:00:00-00:00,2025-12-23T08:00:00-00:00,2025-12-22,24,0,Hourly,SR,AS_NP26,DAM,SP_CLR_PRC,0,12
2025-12-22T08:00:00-00:00,2025-12-22T09:00:00-00:00,2025-12-22,1,0,Hourly,SR,AS_CAISO,DAM,SP_CLR_PRC,0,12
2025-12-22T08:00:00-00:00,2025-12-22T09:00:00-00:00,2025-12-22,1,0,Hourly,SR,AS_NP26,DAM,SP_CLR_PRC,0,12
2025-12-22T09:00:00-00:00,2025-12-22T10:00:00-00:00,2025-12-22,2,0,Hourly,SR,AS_SP26,DAM,SP_CLR_PRC,0,12
2025-12-22T10:00:00-00:00,2025-12-22T11:00:00-00:00,2025-12-22,3,0,Hourly,SR,AS_NP26,DAM,SP_CLR_PRC,0,12
2025-12-22T10:00:00-00:00,2025-12-22T11:00:00-00:00,2025-12-22,3,0,Hourly,SR,AS_NP26_EXP,DAM,SP_CLR_PRC,0.10829,12
2025-12-22T10:00:00-00:00,2025-12-22T11:00:00-00:00,2025-12-22,3,0,Hourly,SR,AS_SP26,DAM,SP_CLR_PRC,0,12
2025-12-22T11:00:00-00:00,2025-12-22T12:00:00-00:00,2025-12-22,4,0,Hourly,SR,AS_CAISO,DAM,SP_CLR_PRC,0,12
2025-12-22T13:00:00-00:00,2025-12-22T14:00:00-00:00,2025-12-22,6,0,Hourly,SR,AS_SP26_EXP,DAM,SP_CLR_PRC,0,12
2025-12-22T14:00:00-00:00,2025-12-22T15:00:00-00:00,2025-12-22,7,0,Hourly,SR,AS_SP26_EXP,DAM,SP_CLR_PRC,0,12
2025-12-22T19:00:00-00:00,2025-12-22T20:00:00-00:00,2025-12-22,12,0,Hourly,SR,AS_CAISO,DAM,SP_CLR_PRC,0,12
2025-12-22T21:00:00-00:00,2025-12-22T22:00:00-00:00,2025-12-22,14,0,Hourly,SR,AS_SP26,DAM,SP_CLR_PRC,0,12
2025-12-22T22:00:00-00:00,2025-12-22T23:00:00-00:00,2025-12-22,15,0,Hourly,SR,AS_NP26_EXP,DAM,SP_CLR_PRC,0.86,12
2025-12-22T22:00:00-00:00,2025-12-22T23:00:00-00:00,2025-12-22,15,0,Hourly,SR,AS_SP26_EXP,DAM,SP_CLR_PRC,0,12
2025-12-23T03:00:00-00:00,2025-12-23T04:00:00-00:00,2025-12-22,20,0,Hourly,SR,AS_NP26,DAM,SP_CLR_PRC,0,12
2025-12-23T05:00:00-00:00,2025-12-23T06:00:00-00:00,2025-12-22,22,0,Hourly,SR,AS_NP26_EXP,DAM,SP_CLR_PRC,0.28,12
2025-12-23T05:00:00-00:00,2025-12-23T06:00:00-00:00,2025-12-22,22,0,Hourly,SR,AS_SP26_EXP,DAM,SP_CLR_PRC,0,12
2025-12-22T08:00:00-00:00,2025-12-22T09:00:00-00:00,2025-12-22,1,0,Hourly,SR,AS_SP26_EXP,DAM,SP_CLR_PRC,0,12
2025-12-22T09:00:00-00:00,2025-12-22T10:00:00-00:00,2025-12-22,2,0,Hourly,SR,AS_CAISO,DAM,SP_CLR_PRC,0,12
2025-12-22T09:00:00-00:00,2025-12-22T10:00:00-00:00,2025-12-22,2,0,Hourly,SR,AS_CAISO_EXP,DAM,SP_CLR_PRC,1,12
2025-12-22T09:00:00-00:00,2025-12-22T10:00:00-00:00,2025-12-22,2,0,Hourly,SR,AS_NP26,DAM,SP_CLR_PRC,0,12
2025-12-22T11:00:00-00:00,2025-12-22T12:00:00-00:00,2025-12-22,4,0,Hourly,SR,AS_NP26_EXP,DAM,SP_CLR_PRC,0.79,12
2025-12-22T13:00:00-00:00,2025-12-22T14:00:00-00:00,2025-12-22,6,0,Hourly,SR,AS_NP26,DAM,SP_CLR_PRC,0,12
2025-12-22T14:00:00-00:00,2025-12-22T15:00:00-00:00,2025-12-22,7,0,Hourly,SR,AS_CAISO,DAM,SP_CLR_PRC,0,12
2025-12-22T14:00:00-00:00,2025-12-22T15:00:00-00:00,2025-12-22,7,0,Hourly,SR,AS_NP26_EXP,DAM,SP_CLR_PRC,0.75,12
2025-12-22T16:00:00-00:00,2025-12-22T17:00:00-00:00,2025-12-22,9,0,Hourly,SR,AS_SP26_EXP,DAM,SP_CLR_PRC,0,12
2025-12-22T17:00:00-00:00,2025-12-22T18:00:00-00:00,2025-12-22,10,0,Hourly,SR,AS_CAISO_EXP,DAM,SP_CLR_PRC,0.22147,12
2025-12-22T19:00:00-00:00,2025-12-22T20:00:00-00:00,2025-12-22,12,0,Hourly,SR,AS_CAISO_EXP,DAM,SP_CLR_PRC,0.17,12
2025-12-22T21:00:00-00:00,2025-12-22T22:00:00-00:00,2025-12-22,14,0,Hourly,SR,AS_NP26,DAM,SP_CLR_PRC,0,12
2025-12-22T21:00:00-00:00,2025-12-22T22:00:00-00:00,2025-12-22,14,0,Hourly,SR,AS_SP26_EXP,DAM,SP_CLR_PRC,0,12
2025-12-22T22:00:00-00:00,2025-12-22T23:00:00-00:00,2025-12-22,15,0,Hourly,SR,AS_SP26,DAM,SP_CLR_PRC,0,12
2025-12-22T23:00:00-00:00,2025-12-23T00:00:00-00:00,2025-12-22,16,0,Hourly,SR,AS_CAISO,DAM,SP_CLR_PRC,0,12
2025-12-22T23:00:00-00:00,2025-12-23T00:00:00-00:00,2025-12-22,16,0,Hourly,SR,AS_CAISO_EXP,DAM,SP_CLR_PRC,0.17,12
2025-12-22T23:00:00-00:00,2025-12-23T00:00:00-00:00,2025-12-22,16,0,Hourly,SR,AS_NP26,DAM,SP_CLR_PRC,0,12
2025-12-23T00:00:00-00:00,2025-12-23T01:00:00-00:00,2025-12-22,17,0,Hourly,SR,AS_CAISO_EXP,DAM,SP_CLR_PRC,0.17,12
2025-12-23T00:00:00-00:00,2025-12-23T01:00:00-00:00,2025-12-22,17,0,Hourly,SR,AS_SP26_EXP,DAM,SP_CLR_PRC,0,12
2025-12-23T01:00:00-00:00,2025-12-23T02:00:00-00:00,2025-12-22,18,0,Hourly,SR,AS_CAISO_EXP,DAM,SP_CLR_PRC,0.17,12
2025-12-23T01:00:00-00:00,2025-12-23T02:00:00-00:00,2025-12-22,18,0,Hourly,SR,AS_NP26_EXP,DAM,SP_CLR_PRC,1.33,12
2025-12-23T02:00:00-00:00,2025-12-23T03:00:00-00:00,2025-12-22,19,0,Hourly,SR,AS_CAISO_EXP,DAM,SP_CLR_PRC,0.17,12
2025-12-23T04:00:00-00:00,2025-12-23T05:00:00-00:00,2025-12-22,21,0,Hourly,SR,AS_NP26_EXP,DAM,SP_CLR_PRC,1.33,12
2025-12-23T06:00:00-00:00,2025-12-23T07:00:00-00:00,2025-12-22,23,0,Hourly,SR,AS_CAISO,DAM,SP_CLR_PRC,0,12
2025-12-23T06:00:00-00:00,2025-12-23T07:00:00-00:00,2025-12-22,23,0,Hourly,SR,AS_NP26,DAM,SP_CLR_PRC,0,12
2025-12-23T06:00:00-00:00,2025-12-23T07:00:00-00:00,2025-12-22,23,0,Hourly,SR,AS_SP26_EXP,DAM,SP_CLR_PRC,0,12
2025-12-23T07:00:00-00:00,2025-12-23T08:00:00-00:00,2025-12-22,24,0,Hourly,SR,AS_SP26,DAM,SP_CLR_PRC,0,12
2025-12-22T08:00:00-00:00,2025-12-22T09:00:00-00:00,2025-12-22,1,0,Hourly,SR,AS_CAISO_EXP,DAM,SP_CLR_PRC,1,12
2025-12-22T08:00:00-00:00,2025-12-22T09:00:00-00:00,2025-12-22,1,0,Hourly,SR,AS_NP26_EXP,DAM,SP_CLR_PRC,0.5,12
2025-12-22T09:00:00-00:00,2025-12-22T10:00:00-00:00,2025-12-22,2,0,Hourly,SR,AS_SP26_EXP,DAM,SP_CLR_PRC,0,12
2025-12-22T10:00:00-00:00,2025-12-22T11:00:00-00:00,2025-12-22,3,0,Hourly,SR,AS_CAISO,DAM,SP_CLR_PRC,0,12
2025-12-22T10:00:00-00:00,2025-12-22T11:00:00-00:00,2025-12-22,3,0,Hourly,SR,AS_CAISO_EXP,DAM,SP_CLR_PRC,1,12
2025-12-22T11:00:00-00:00,2025-12-22T12:00:00-00:00,2025-12-22,4,0,Hourly,SR,AS_CAISO_EXP,DAM,SP_CLR_PRC,0.56,12
2025-12-22T11:00:00-00:00,2025-12-22T12:00:00-00:00,2025-12-22,4,0,Hourly,SR,AS_SP26_EXP,DAM,SP_CLR_PRC,0,12
2025-12-22T12:00:00-00:00,2025-12-22T13:00:00-00:00,2025-12-22,5,0,Hourly,SR,AS_CAISO_EXP,DAM,SP_CLR_PRC,0.31,12
2025-12-22T13:00:00-00:00,2025-12-22T14:00:00-00:00,2025-12-22,6,0,Hourly,SR,AS_NP26_EXP,DAM,SP_CLR_PRC,0.89,12
2025-12-22T15:00:00-00:00,2025-12-22T16:00:00-00:00,2025-12-22,8,0,Hourly,SR,AS_NP26_EXP,DAM,SP_CLR_PRC,1.51744,12
2025-12-22T15:00:00-00:00,2025-12-22T16:00:00-00:00,2025-12-22,8,0,Hourly,SR,AS_SP26,DAM,SP_CLR_PRC,0,12
2025-12-22T16:00:00-00:00,2025-12-22T17:00:00-00:00,2025-12-22,9,0,Hourly,SR,AS_CAISO,DAM,SP_CLR_PRC,0,12
2025-12-22T17:00:00-00:00,2025-12-22T18:00:00-00:00,2025-12-22,10,0,Hourly,SR,AS_SP26_EXP,DAM,SP_CLR_PRC,0,12
2025-12-22T18:00:00-00:00,2025-12-22T19:00:00-00:00,2025-12-22,11,0,Hourly,SR,AS_NP26_EXP,DAM,SP_CLR_PRC,0.85,12
2025-12-22T18:00:00-00:00,2025-12-22T19:00:00-00:00,2025-12-22,11,0,Hourly,SR,AS_SP26,DAM,SP_CLR_PRC,0,12
2025-12-22T19:00:00-00:00,2025-12-22T20:00:00-00:00,2025-12-22,12,0,Hourly,SR,AS_SP26,DAM,SP_CLR_PRC,0,12
2025-12-22T20:00:00-00:00,2025-12-22T21:00:00-00:00,2025-12-22,13,0,Hourly,SR,AS_CAISO_EXP,DAM,SP_CLR_PRC,0.17,12
2025-12-22T21:00:00-00:00,2025-12-22T22:00:00-00:00,2025-12-22,14,0,Hourly,SR,AS_CAISO,DAM,SP_CLR_PRC,0,12
2025-12-22T22:00:00-00:00,2025-12-22T23:00:00-00:00,2025-12-22,15,0,Hourly,SR,AS_CAISO_EXP,DAM,SP_CLR_PRC,0.17,12
2025-12-22T23:00:00-00:00,2025-12-23T00:00:00-00:00,2025-12-22,16,0,Hourly,SR,AS_SP26_EXP,DAM,SP_CLR_PRC,0,12
2025-12-23T02:00:00-00:00,2025-12-23T03:00:00-00:00,2025-12-22,19,0,Hourly,SR,AS_SP26_EXP,DAM,SP_CLR_PRC,0,12
2025-12-23T03:00:00-00:00,2025-12-23T04:00:00-00:00,2025-12-22,20,0,Hourly,SR,AS_NP26_EXP,DAM,SP_CLR_PRC,0.73,12
2025-12-23T07:00:00-00:00,2025-12-23T08:00:00-00:00,2025-12-22,24,0,Hourly,SR,AS_NP26_EXP,DAM,SP_CLR_PRC,0.67831,12
2025-12-22T12:00:00-00:00,2025-12-22T13:00:00-00:00,2025-12-22,5,0,Hourly,SR,AS_NP26,DAM,SP_CLR_PRC,0,12
2025-12-22T15:00:00-00:00,2025-12-22T16:00:00-00:00,2025-12-22,8,0,Hourly,SR,AS_CAISO,DAM,SP_CLR_PRC,0,12
2025-12-22T15:00:00-00:00,2025-12-22T16:00:00-00:00,2025-12-22,8,0,Hourly,SR,AS_CAISO_EXP,DAM,SP_CLR_PRC,0.75,12
2025-12-22T17:00:00-00:00,2025-12-22T18:00:00-00:00,2025-12-22,10,0,Hourly,SR,AS_CAISO,DAM,SP_CLR_PRC,0,12
2025-12-22T17:00:00-00:00,2025-12-22T18:00:00-00:00,2025-12-22,10,0,Hourly,SR,AS_NP26,DAM,SP_CLR_PRC,0,12
2025-12-22T18:00:00-00:00,2025-12-22T19:00:00-00:00,2025-12-22,11,0,Hourly,SR,AS_SP26_EXP,DAM,SP_CLR_PRC,0,12
2025-12-22T21:00:00-00:00,2025-12-22T22:00:00-00:00,2025-12-22,14,0,Hourly,SR,AS_CAISO_EXP,DAM,SP_CLR_PRC,0.17,12
2025-12-23T00:00:00-00:00,2025-12-23T01:00:00-00:00,2025-12-22,17,0,Hourly,SR,AS_CAISO,DAM,SP_CLR_PRC,0,12
2025-12-23T00:00:00-00:00,2025-12-23T01:00:00-00:00,2025-12-22,17,0,Hourly,SR,AS_NP26_EXP,DAM,SP_CLR_PRC,1.33,12
2025-12-23T01:00:00-00:00,2025-12-23T02:00:00-00:00,2025-12-22,18,0,Hourly,SR,AS_SP26,DAM,SP_CLR_PRC,0,12
2025-12-23T01:00:00-00:00,2025-12-23T02:00:00-00:00,2025-12-22,18,0,Hourly,SR,AS_SP26_EXP,DAM,SP_CLR_PRC,0,12
2025-12-23T04:00:00-00:00,2025-12-23T05:00:00-00:00,2025-12-22,21,0,Hourly,SR,AS_CAISO,DAM,SP_CLR_PRC,0,12
2025-12-23T04:00:00-00:00,2025-12-23T05:00:00-00:00,2025-12-22,21,0,Hourly,SR,AS_CAISO_EXP,DAM,SP_CLR_PRC,0.17,12
2025-12-23T04:00:00-00:00,2025-12-23T05:00:00-00:00,2025-12-22,21,0,Hourly,SR,AS_SP26_EXP,DAM,SP_CLR_PRC,0,12
2025-12-23T05:00:00-00:00,2025-12-23T06:00:00-00:00,2025-12-22,22,0,Hourly,SR,AS_CAISO_EXP,DAM,SP_CLR_PRC,0.62,12
2025-12-23T06:00:00-00:00,2025-12-23T07:00:00-00:00,2025-12-22,23,0,Hourly,SR,AS_CAISO_EXP,DAM,SP_CLR_PRC,0.63,12
2025-12-22T12:00:00-00:00,2025-12-22T13:00:00-00:00,2025-12-22,5,0,Hourly,SR,AS_SP26,DAM,SP_CLR_PRC,0,12
2025-12-22T15:00:00-00:00,2025-12-22T16:00:00-00:00,2025-12-22,8,0,Hourly,SR,AS_NP26,DAM,SP_CLR_PRC,0,12
2025-12-22T17:00:00-00:00,2025-12-22T18:00:00-00:00,2025-12-22,10,0,Hourly,SR,AS_NP26_EXP,DAM,SP_CLR_PRC,0.68509,12
2025-12-22T17:00:00-00:00,2025-12-22T18:00:00-00:00,2025-12-22,10,0,Hourly,SR,AS_SP26,DAM,SP_CLR_PRC,0,12
2025-12-22T18:00:00-00:00,2025-12-22T19:00:00-00:00,2025-12-22,11,0,Hourly,SR,AS_CAISO,DAM,SP_CLR_PRC,0,12
2025-12-22T19:00:00-00:00,2025-12-22T20:00:00-00:00,2025-12-22,12,0,Hourly,SR,AS_NP26,DAM,SP_CLR_PRC,0,12
2025-12-22T22:00:00-00:00,2025-12-22T23:00:00-00:00,2025-12-22,15,0,Hourly,SR,AS_CAISO,DAM,SP_CLR_PRC,0,12
2025-12-22T22:00:00-00:00,2025-12-22T23:00:00-00:00,2025-12-22,15,0,Hourly,SR,AS_NP26,DAM,SP_CLR_PRC,0,12
2025-12-23T02:00:00-00:00,2025-12-23T03:00:00-00:00,2025-12-22,19,0,Hourly,SR,AS_CAISO,DAM,SP_CLR_PRC,0,12
2025-12-23T02:00:00-00:00,2025-12-23T03:00:00-00:00,2025-12-22,19,0,Hourly,SR,AS_NP26,DAM,SP_CLR_PRC,0,12
2025-12-23T06:00:00-00:00,2025-12-23T07:00:00-00:00,2025-12-22,23,0,Hourly,SR,AS_SP26,DAM,SP_CLR_PRC,0,12
2025-12-23T07:00:00-00:00,2025-12-23T08:00:00-00:00,2025-12-22,24,0,Hourly,SR,AS_CAISO,DAM,SP_CLR_PRC,0,12
2025-12-22T09:00:00-00:00,2025-12-22T10:00:00-00:00,2025-12-22,2,0,Hourly,SR,AS_NP26_EXP,DAM,SP_CLR_PRC,0,12
2025-12-22T10:00:00-00:00,2025-12-22T11:00:00-00:00,2025-12-22,3,0,Hourly,SR,AS_SP26_EXP,DAM,SP_CLR_PRC,0,12
2025-12-22T11:00:00-00:00,2025-12-22T12:00:00-00:00,2025-12-22,4,0,Hourly,SR,AS_NP26,DAM,SP_CLR_PRC,0,12
2025-12-22T12:00:00-00:00,2025-12-22T13:00:00-00:00,2025-12-22,5,0,Hourly,SR,AS_SP26_EXP,DAM,SP_CLR_PRC,0,12
2025-12-22T13:00:00-00:00,2025-12-22T14:00:00-00:00,2025-12-22,6,0,Hourly,SR,AS_CAISO_EXP,DAM,SP_CLR_PRC,0.58,12
2025-12-22T13:00:00-00:00,2025-12-22T14:00:00-00:00,2025-12-22,6,0,Hourly,SR,AS_SP26,DAM,SP_CLR_PRC,0,12
2025-12-22T14:00:00-00:00,2025-12-22T15:00:00-00:00,2025-12-22,7,0,Hourly,SR,AS_NP26,DAM,SP_CLR_PRC,0,12
2025-12-22T16:00:00-00:00,2025-12-22T17:00:00-00:00,2025-12-22,9,0,Hourly,SR,AS_NP26,DAM,SP_CLR_PRC,0,12
2025-12-22T16:00:00-00:00,2025-12-22T17:00:00-00:00,2025-12-22,9,0,Hourly,SR,AS_NP26_EXP,DAM,SP_CLR_PRC,0.86522,12
2025-12-22T20:00:00-00:00,2025-12-22T21:00:00-00:00,2025-12-22,13,0,Hourly,SR,AS_NP26,DAM,SP_CLR_PRC,0,12
2025-12-22T20:00:00-00:00,2025-12-22T21:00:00-00:00,2025-12-22,13,0,Hourly,SR,AS_NP26_EXP,DAM,SP_CLR_PRC,0.85,12
2025-12-22T23:00:00-00:00,2025-12-23T00:00:00-00:00,2025-12-22,16,0,Hourly,SR,AS_SP26,DAM,SP_CLR_PRC,0,12
2025-12-23T00:00:00-00:00,2025-12-23T01:00:00-00:00,2025-12-22,17,0,Hourly,SR,AS_SP26,DAM,SP_CLR_PRC,0,12
2025-12-23T01:00:00-00:00,2025-12-23T02:00:00-00:00,2025-12-22,18,0,Hourly,SR,AS_NP26,DAM,SP_CLR_PRC,0,12
2025-12-23T09:00:00-00:00,2025-12-23T10:00:00-00:00,2025-12-23,2,0,Hourly,SR,AS_SP26,DAM,SP_CLR_PRC,0,13
2025-12-23T10:00:00-00:00,2025-12-23T11:00:00-00:00,2025-12-23,3,0,Hourly,SR,AS_NP26,DAM,SP_CLR_PRC,0,13
2025-12-23T11:00:00-00:00,2025-12-23T12:00:00-00:00,2025-12-23,4,0,Hourly,SR,AS_CAISO,DAM,SP_CLR_PRC,0,13
2025-12-23T11:00:00-00:00,2025-12-23T12:00:00-00:00,2025-12-23,4,0,Hourly,SR,AS_CAISO_EXP,DAM,SP_CLR_PRC,0.48,13
2025-12-23T13:00:00-00:00,2025-12-23T14:00:00-00:00,2025-12-23,6,0,Hourly,SR,AS_NP26_EXP,DAM,SP_CLR_PRC,0.5,13
2025-12-23T14:00:00-00:00,2025-12-23T15:00:00-00:00,2025-12-23,7,0,Hourly,SR,AS_NP26_EXP,DAM,SP_CLR_PRC,0.5,13
2025-12-23T15:00:00-00:00,2025-12-23T16:00:00-00:00,2025-12-23,8,0,Hourly,SR,AS_CAISO,DAM,SP_CLR_PRC,0,13
2025-12-23T16:00:00-00:00,2025-12-23T17:00:00-00:00,2025-12-23,9,0,Hourly,SR,AS_SP26_EXP,DAM,SP_CLR_PRC,0,13
2025-12-23T17:00:00-00:00,2025-12-23T18:00:00-00:00,2025-12-23,10,0,Hourly,SR,AS_CAISO_EXP,DAM,SP_CLR_PRC,0.1746,13
2025-12-23T19:00:00-00:00,2025-12-23T20:00:00-00:00,2025-12-23,12,0,Hourly,SR,AS_CAISO,DAM,SP_CLR_PRC,0,13
2025-12-23T22:00:00-00:00,2025-12-23T23:00:00-00:00,2025-12-23,15,0,Hourly,SR,AS_CAISO_EXP,DAM,SP_CLR_PRC,0.17,13
2025-12-23T22:00:00-00:00,2025-12-23T23:00:00-00:00,2025-12-23,15,0,Hourly,SR,AS_NP26_EXP,DAM,SP_CLR_PRC,1.33,13
2025-12-24T03:00:00-00:00,2025-12-24T04:00:00-00:00,2025-12-23,20,0,Hourly,SR,AS_SP26_EXP,DAM,SP_CLR_PRC,0,13
2025-12-24T04:00:00-00:00,2025-12-24T05:00:00-00:00,2025-12-23,21,0,Hourly,SR,AS_CAISO,DAM,SP_CLR_PRC,0,13
2025-12-24T05:00:00-00:00,2025-12-24T06:00:00-00:00,2025-12-23,22,0,Hourly,SR,AS_NP26,DAM,SP_CLR_PRC,0,13
2025-12-24T06:00:00-00:00,2025-12-24T07:00:00-00:00,2025-12-23,23,0,Hourly,SR,AS_NP26,DAM,SP_CLR_PRC,0,13
2025-12-23T14:00:00-00:00,2025-12-23T15:00:00-00:00,2025-12-23,7,0,Hourly,SR,AS_SP26,DAM,SP_CLR_PRC,0,13
2025-12-23T16:00:00-00:00,2025-12-23T17:00:00-00:00,2025-12-23,9,0,Hourly,SR,AS_CAISO,DAM,SP_CLR_PRC,0,13
2025-12-23T17:00:00-00:00,2025-12-23T18:00:00-00:00,2025-12-23,10,0,Hourly,SR,AS_CAISO,DAM,SP_CLR_PRC,0,13
2025-12-23T20:00:00-00:00,2025-12-23T21:00:00-00:00,2025-12-23,13,0,Hourly,SR,AS_CAISO,DAM,SP_CLR_PRC,0,13
2025-12-23T20:00:00-00:00,2025-12-23T21:00:00-00:00,2025-12-23,13,0,Hourly,SR,AS_CAISO_EXP,DAM,SP_CLR_PRC,0.17,13
2025-12-23T20:00:00-00:00,2025-12-23T21:00:00-00:00,2025-12-23,13,0,Hourly,SR,AS_NP26_EXP,DAM,SP_CLR_PRC,1.13135,13
2025-12-23T21:00:00-00:00,2025-12-23T22:00:00-00:00,2025-12-23,14,0,Hourly,SR,AS_SP26,DAM,SP_CLR_PRC,0,13
2025-12-24T01:00:00-00:00,2025-12-24T02:00:00-00:00,2025-12-23,18,0,Hourly,SR,AS_SP26,DAM,SP_CLR_PRC,0,13
2025-12-24T02:00:00-00:00,2025-12-24T03:00:00-00:00,2025-12-23,19,0,Hourly,SR,AS_CAISO,DAM,SP_CLR_PRC,0,13
2025-12-24T02:00:00-00:00,2025-12-24T03:00:00-00:00,2025-12-23,19,0,Hourly,SR,AS_SP26_EXP,DAM,SP_CLR_PRC,0,13
2025-12-24T03:00:00-00:00,2025-12-24T04:00:00-00:00,2025-12-23,20,0,Hourly,SR,AS_NP26_EXP,DAM,SP_CLR_PRC,0.73,13
2025-12-23T09:00:00-00:00,2025-12-23T10:00:00-00:00,2025-12-23,2,0,Hourly,SR,AS_NP26_EXP,DAM,SP_CLR_PRC,0,13
2025-12-23T10:00:00-00:00,2025-12-23T11:00:00-00:00,2025-12-23,3,0,Hourly,SR,AS_CAISO_EXP,DAM,SP_CLR_PRC,0.5,13
2025-12-23T15:00:00-00:00,2025-12-23T16:00:00-00:00,2025-12-23,8,0,Hourly,SR,AS_SP26,DAM,SP_CLR_PRC,0,13
2025-12-23T17:00:00-00:00,2025-12-23T18:00:00-00:00,2025-12-23,10,0,Hourly,SR,AS_NP26,DAM,SP_CLR_PRC,0,13
2025-12-23T18:00:00-00:00,2025-12-23T19:00:00-00:00,2025-12-23,11,0,Hourly,SR,AS_NP26,DAM,SP_CLR_PRC,0,13
2025-12-23T19:00:00-00:00,2025-12-23T20:00:00-00:00,2025-12-23,12,0,Hourly,SR,AS_NP26_EXP,DAM,SP_CLR_PRC,1.08898,13
2025-12-23T19:00:00-00:00,2025-12-23T20:00:00-00:00,2025-12-23,12,0,Hourly,SR,AS_CAISO_EXP,DAM,SP_CLR_PRC,0.17,13
2025-12-23T23:00:00-00:00,2025-12-24T00:00:00-00:00,2025-12-23,16,0,Hourly,SR,AS_NP26_EXP,DAM,SP_CLR_PRC,0.83,13
2025-12-24T00:00:00-00:00,2025-12-24T01:00:00-00:00,2025-12-23,17,0,Hourly,SR,AS_NP26,DAM,SP_CLR_PRC,0,13
2025-12-24T01:00:00-00:00,2025-12-24T02:00:00-00:00,2025-12-23,18,0,Hourly,SR,AS_NP26_EXP,DAM,SP_CLR_PRC,0.83,13
2025-12-24T02:00:00-00:00,2025-12-24T03:00:00-00:00,2025-12-23,19,0,Hourly,SR,AS_NP26_EXP,DAM,SP_CLR_PRC,0.80314,13
2025-12-24T03:00:00-00:00,2025-12-24T04:00:00-00:00,2025-12-23,20,0,Hourly,SR,AS_CAISO_EXP,DAM,SP_CLR_PRC,0.17,13
2025-12-24T07:00:00-00:00,2025-12-24T08:00:00-00:00,2025-12-23,24,0,Hourly,SR,AS_CAISO,DAM,SP_CLR_PRC,0,13
2025-12-24T07:00:00-00:00,2025-12-24T08:00:00-00:00,2025-12-23,24,0,Hourly,SR,AS_NP26,DAM,SP_CLR_PRC,0,13
2025-12-23T08:00:00-00:00,2025-12-23T09:00:00-00:00,2025-12-23,1,0,Hourly,SR,AS_CAISO,DAM,SP_CLR_PRC,0,13
2025-12-23T08:00:00-00:00,2025-12-23T09:00:00-00:00,2025-12-23,1,0,Hourly,SR,AS_NP26,DAM,SP_CLR_PRC,0,13
2025-12-23T10:00:00-00:00,2025-12-23T11:00:00-00:00,2025-12-23,3,0,Hourly,SR,AS_NP26_EXP,DAM,SP_CLR_PRC,0,13
2025-12-23T10:00:00-00:00,2025-12-23T11:00:00-00:00,2025-12-23,3,0,Hourly,SR,AS_SP26,DAM,SP_CLR_PRC,0,13
2025-12-23T12:00:00-00:00,2025-12-23T13:00:00-00:00,2025-12-23,5,0,Hourly,SR,AS_NP26_EXP,DAM,SP_CLR_PRC,0,13
2025-12-23T13:00:00-00:00,2025-12-23T14:00:00-00:00,2025-12-23,6,0,Hourly,SR,AS_CAISO,DAM,SP_CLR_PRC,0,13
2025-12-23T16:00:00-00:00,2025-12-23T17:00:00-00:00,2025-12-23,9,0,Hourly,SR,AS_CAISO_EXP,DAM,SP_CLR_PRC,0.1861,13
2025-12-23T17:00:00-00:00,2025-12-23T18:00:00-00:00,2025-12-23,10,0,Hourly,SR,AS_SP26_EXP,DAM,SP_CLR_PRC,0,13
2025-12-23T18:00:00-00:00,2025-12-23T19:00:00-00:00,2025-12-23,11,0,Hourly,SR,AS_CAISO,DAM,SP_CLR_PRC,0,13
2025-12-23T21:00:00-00:00,2025-12-23T22:00:00-00:00,2025-12-23,14,0,Hourly,SR,AS_SP26_EXP,DAM,SP_CLR_PRC,0,13
2025-12-23T22:00:00-00:00,2025-12-23T23:00:00-00:00,2025-12-23,15,0,Hourly,SR,AS_NP26,DAM,SP_CLR_PRC,0,13
2025-12-23T23:00:00-00:00,2025-12-24T00:00:00-00:00,2025-12-23,16,0,Hourly,SR,AS_CAISO,DAM,SP_CLR_PRC,0,13
2025-12-23T23:00:00-00:00,2025-12-24T00:00:00-00:00,2025-12-23,16,0,Hourly,SR,AS_SP26_EXP,DAM,SP_CLR_PRC,0,13
2025-12-24T02:00:00-00:00,2025-12-24T03:00:00-00:00,2025-12-23,19,0,Hourly,SR,AS_CAISO_EXP,DAM,SP_CLR_PRC,0.17,13
2025-12-24T02:00:00-00:00,2025-12-24T03:00:00-00:00,2025-12-23,19,0,Hourly,SR,AS_NP26,DAM,SP_CLR_PRC,0,13
2025-12-24T03:00:00-00:00,2025-12-24T04:00:00-00:00,2025-12-23,20,0,Hourly,SR,AS_NP26,DAM,SP_CLR_PRC,0,13
2025-12-24T05:00:00-00:00,2025-12-24T06:00:00-00:00,2025-12-23,22,0,Hourly,SR,AS_CAISO,DAM,SP_CLR_PRC,0,13
2025-12-24T05:00:00-00:00,2025-12-24T06:00:00-00:00,2025-12-23,22,0,Hourly,SR,AS_SP26,DAM,SP_CLR_PRC,0,13
2025-12-24T06:00:00-00:00,2025-12-24T07:00:00-00:00,2025-12-23,23,0,Hourly,SR,AS_CAISO_EXP,DAM,SP_CLR_PRC,0.53,13
2025-12-24T06:00:00-00:00,2025-12-24T07:00:00-00:00,2025-12-23,23,0,Hourly,SR,AS_SP26,DAM,SP_CLR_PRC,0,13
2025-12-24T07:00:00-00:00,2025-12-24T08:00:00-00:00,2025-12-23,24,0,Hourly,SR,AS_NP26_EXP,DAM,SP_CLR_PRC,2.01,13
2025-12-23T08:00:00-00:00,2025-12-23T09:00:00-00:00,2025-12-23,1,0,Hourly,SR,AS_CAISO_EXP,DAM,SP_CLR_PRC,1,13
2025-12-23T13:00:00-00:00,2025-12-23T14:00:00-00:00,2025-12-23,6,0,Hourly,SR,AS_SP26_EXP,DAM,SP_CLR_PRC,0,13
2025-12-23T14:00:00-00:00,2025-12-23T15:00:00-00:00,2025-12-23,7,0,Hourly,SR,AS_CAISO,DAM,SP_CLR_PRC,0,13
2025-12-23T17:00:00-00:00,2025-12-23T18:00:00-00:00,2025-12-23,10,0,Hourly,SR,AS_SP26,DAM,SP_CLR_PRC,0,13
2025-12-23T18:00:00-00:00,2025-12-23T19:00:00-00:00,2025-12-23,11,0,Hourly,SR,AS_CAISO_EXP,DAM,SP_CLR_PRC,0.1802,13
2025-12-23T19:00:00-00:00,2025-12-23T20:00:00-00:00,2025-12-23,12,0,Hourly,SR,AS_NP26,DAM,SP_CLR_PRC,0,13
2025-12-23T19:00:00-00:00,2025-12-23T20:00:00-00:00,2025-12-23,12,0,Hourly,SR,AS_SP26_EXP,DAM,SP_CLR_PRC,0,13
2025-12-23T20:00:00-00:00,2025-12-23T21:00:00-00:00,2025-12-23,13,0,Hourly,SR,AS_SP26,DAM,SP_CLR_PRC,0,13
2025-12-23T23:00:00-00:00,2025-12-24T00:00:00-00:00,2025-12-23,16,0,Hourly,SR,AS_NP26,DAM,SP_CLR_PRC,0,13
2025-12-24T00:00:00-00:00,2025-12-24T01:00:00-00:00,2025-12-23,17,0,Hourly,SR,AS_CAISO,DAM,SP_CLR_PRC,0,13
2025-12-24T00:00:00-00:00,2025-12-24T01:00:00-00:00,2025-12-23,17,0,Hourly,SR,AS_NP26_EXP,DAM,SP_CLR_PRC,0.83,13
2025-12-24T00:00:00-00:00,2025-12-24T01:00:00-00:00,2025-12-23,17,0,Hourly,SR,AS_SP26_EXP,DAM,SP_CLR_PRC,0,13
2025-12-24T02:00:00-00:00,2025-12-24T03:00:00-00:00,2025-12-23,19,0,Hourly,SR,AS_SP26,DAM,SP_CLR_PRC,0,13
2025-12-24T04:00:00-00:00,2025-12-24T05:00:00-00:00,2025-12-23,21,0,Hourly,SR,AS_SP26_EXP,DAM,SP_CLR_PRC,0,13
2025-12-24T05:00:00-00:00,2025-12-24T06:00:00-00:00,2025-12-23,22,0,Hourly,SR,AS_NP26_EXP,DAM,SP_CLR_PRC,0.12,13
2025-12-24T07:00:00-00:00,2025-12-24T08:00:00-00:00,2025-12-23,24,0,Hourly,SR,AS_SP26,DAM,SP_CLR_PRC,0,13
2025-12-23T09:00:00-00:00,2025-12-23T10:00:00-00:00,2025-12-23,2,0,Hourly,SR,AS_CAISO,DAM,SP_CLR_PRC,0,13
2025-12-23T09:00:00-00:00,2025-12-23T10:00:00-00:00,2025-12-23,2,0,Hourly,SR,AS_CAISO_EXP,DAM,SP_CLR_PRC,0.7474,13
2025-12-23T09:00:00-00:00,2025-12-23T10:00:00-00:00,2025-12-23,2,0,Hourly,SR,AS_SP26_EXP,DAM,SP_CLR_PRC,0,13
2025-12-23T10:00:00-00:00,2025-12-23T11:00:00-00:00,2025-12-23,3,0,Hourly,SR,AS_SP26_EXP,DAM,SP_CLR_PRC,0,13
2025-12-23T11:00:00-00:00,2025-12-23T12:00:00-00:00,2025-12-23,4,0,Hourly,SR,AS_SP26,DAM,SP_CLR_PRC,0,13
2025-12-23T12:00:00-00:00,2025-12-23T13:00:00-00:00,2025-12-23,5,0,Hourly,SR,AS_CAISO,DAM,SP_CLR_PRC,0,13
2025-12-23T12:00:00-00:00,2025-12-23T13:00:00-00:00,2025-12-23,5,0,Hourly,SR,AS_CAISO_EXP,DAM,SP_CLR_PRC,0.5,13
2025-12-23T12:00:00-00:00,2025-12-23T13:00:00-00:00,2025-12-23,5,0,Hourly,SR,AS_NP26,DAM,SP_CLR_PRC,0,13
2025-12-23T13:00:00-00:00,2025-12-23T14:00:00-00:00,2025-12-23,6,0,Hourly,SR,AS_CAISO_EXP,DAM,SP_CLR_PRC,0.5,13
2025-12-23T13:00:00-00:00,2025-12-23T14:00:00-00:00,2025-12-23,6,0,Hourly,SR,AS_NP26,DAM,SP_CLR_PRC,0,13
2025-12-23T14:00:00-00:00,2025-12-23T15:00:00-00:00,2025-12-23,7,0,Hourly,SR,AS_CAISO_EXP,DAM,SP_CLR_PRC,0.5,13
2025-12-23T14:00:00-00:00,2025-12-23T15:00:00-00:00,2025-12-23,7,0,Hourly,SR,AS_SP26_EXP,DAM,SP_CLR_PRC,0,13
2025-12-23T16:00:00-00:00,2025-12-23T17:00:00-00:00,2025-12-23,9,0,Hourly,SR,AS_NP26_EXP,DAM,SP_CLR_PRC,1.8139,13
2025-12-23T18:00:00-00:00,2025-12-23T19:00:00-00:00,2025-12-23,11,0,Hourly,SR,AS_SP26,DAM,SP_CLR_PRC,0,13
2025-12-23T18:00:00-00:00,2025-12-23T19:00:00-00:00,2025-12-23,11,0,Hourly,SR,AS_SP26_EXP,DAM,SP_CLR_PRC,0,13
2025-12-23T19:00:00-00:00,2025-12-23T20:00:00-00:00,2025-12-23,12,0,Hourly,SR,AS_SP26,DAM,SP_CLR_PRC,0,13
2025-12-23T22:00:00-00:00,2025-12-23T23:00:00-00:00,2025-12-23,15,0,Hourly,SR,AS_CAISO,DAM,SP_CLR_PRC,0,13
2025-12-23T23:00:00-00:00,2025-12-24T00:00:00-00:00,2025-12-23,16,0,Hourly,SR,AS_SP26,DAM,SP_CLR_PRC,0,13
2025-12-24T00:00:00-00:00,2025-12-24T01:00:00-00:00,2025-12-23,17,0,Hourly,SR,AS_CAISO_EXP,DAM,SP_CLR_PRC,0.17,13
2025-12-24T01:00:00-00:00,2025-12-24T02:00:00-00:00,2025-12-23,18,0,Hourly,SR,AS_NP26,DAM,SP_CLR_PRC,0,13
2025-12-24T04:00:00-00:00,2025-12-24T05:00:00-00:00,2025-12-23,21,0,Hourly,SR,AS_NP26_EXP,DAM,SP_CLR_PRC,0.83,13
2025-12-24T05:00:00-00:00,2025-12-24T06:00:00-00:00,2025-12-23,22,0,Hourly,SR,AS_CAISO_EXP,DAM,SP_CLR_PRC,0.5,13
2025-12-24T06:00:00-00:00,2025-12-24T07:00:00-00:00,2025-12-23,23,0,Hourly,SR,AS_CAISO,DAM,SP_CLR_PRC,0,13
2025-12-23T08:00:00-00:00,2025-12-23T09:00:00-00:00,2025-12-23,1,0,Hourly,SR,AS_SP26_EXP,DAM,SP_CLR_PRC,0,13
2025-12-23T11:00:00-00:00,2025-12-23T12:00:00-00:00,2025-12-23,4,0,Hourly,SR,AS_NP26,DAM,SP_CLR_PRC,0,13
2025-12-23T11:00:00-00:00,2025-12-23T12:00:00-00:00,2025-12-23,4,0,Hourly,SR,AS_NP26_EXP,DAM,SP_CLR_PRC,0.02,13
2025-12-23T11:00:00-00:00,2025-12-23T12:00:00-00:00,2025-12-23,4,0,Hourly,SR,AS_SP26_EXP,DAM,SP_CLR_PRC,0,13
2025-12-23T15:00:00-00:00,2025-12-23T16:00:00-00:00,2025-12-23,8,0,Hourly,SR,AS_CAISO_EXP,DAM,SP_CLR_PRC,0.5,13
2025-12-23T15:00:00-00:00,2025-12-23T16:00:00-00:00,2025-12-23,8,0,Hourly,SR,AS_NP26,DAM,SP_CLR_PRC,0,13
2025-12-23T15:00:00-00:00,2025-12-23T16:00:00-00:00,2025-12-23,8,0,Hourly,SR,AS_SP26_EXP,DAM,SP_CLR_PRC,0,13
2025-12-23T16:00:00-00:00,2025-12-23T17:00:00-00:00,2025-12-23,9,0,Hourly,SR,AS_NP26,DAM,SP_CLR_PRC,0,13
2025-12-23T16:00:00-00:00,2025-12-23T17:00:00-00:00,2025-12-23,9,0,Hourly,SR,AS_SP26,DAM,SP_CLR_PRC,0,13
2025-12-23T17:00:00-00:00,2025-12-23T18:00:00-00:00,2025-12-23,10,0,Hourly,SR,AS_NP26_EXP,DAM,SP_CLR_PRC,1.3254,13
2025-12-23T18:00:00-00:00,2025-12-23T19:00:00-00:00,2025-12-23,11,0,Hourly,SR,AS_NP26_EXP,DAM,SP_CLR_PRC,1.3198,13
2025-12-23T20:00:00-00:00,2025-12-23T21:00:00-00:00,2025-12-23,13,0,Hourly,SR,AS_NP26,DAM,SP_CLR_PRC,0,13
2025-12-23T21:00:00-00:00,2025-12-23T22:00:00-00:00,2025-12-23,14,0,Hourly,SR,AS_NP26_EXP,DAM,SP_CLR_PRC,0.88136,13
2025-12-23T22:00:00-00:00,2025-12-23T23:00:00-00:00,2025-12-23,15,0,Hourly,SR,AS_SP26,DAM,SP_CLR_PRC,0,13
2025-12-24T04:00:00-00:00,2025-12-24T05:00:00-00:00,2025-12-23,21,0,Hourly,SR,AS_NP26,DAM,SP_CLR_PRC,0,13
2025-12-24T04:00:00-00:00,2025-12-24T05:00:00-00:00,2025-12-23,21,0,Hourly,SR,AS_SP26,DAM,SP_CLR_PRC,0,13
2025-12-24T06:00:00-00:00,2025-12-24T07:00:00-00:00,2025-12-23,23,0,Hourly,SR,AS_NP26_EXP,DAM,SP_CLR_PRC,0.44252,13
2025-12-24T06:00:00-00:00,2025-12-24T07:00:00-00:00,2025-12-23,23,0,Hourly,SR,AS_SP26_EXP,DAM,SP_CLR_PRC,0,13
2025-12-24T07:00:00-00:00,2025-12-24T08:00:00-00:00,2025-12-23,24,0,Hourly,SR,AS_SP26_EXP,DAM,SP_CLR_PRC,0,13
2025-12-23T08:00:00-00:00,2025-12-23T09:00:00-00:00,2025-12-23,1,0,Hourly,SR,AS_SP26,DAM,SP_CLR_PRC,0,13
2025-12-23T09:00:00-00:00,2025-12-23T10:00:00-00:00,2025-12-23,2,0,Hourly,SR,AS_NP26,DAM,SP_CLR_PRC,0,13
2025-12-23T10:00:00-00:00,2025-12-23T11:00:00-00:00,2025-12-23,3,0,Hourly,SR,AS_CAISO,DAM,SP_CLR_PRC,0,13
2025-12-23T12:00:00-00:00,2025-12-23T13:00:00-00:00,2025-12-23,5,0,Hourly,SR,AS_SP26,DAM,SP_CLR_PRC,0,13
2025-12-23T12:00:00-00:00,2025-12-23T13:00:00-00:00,2025-12-23,5,0,Hourly,SR,AS_SP26_EXP,DAM,SP_CLR_PRC,0,13
2025-12-23T14:00:00-00:00,2025-12-23T15:00:00-00:00,2025-12-23,7,0,Hourly,SR,AS_NP26,DAM,SP_CLR_PRC,0,13
2025-12-23T15:00:00-00:00,2025-12-23T16:00:00-00:00,2025-12-23,8,0,Hourly,SR,AS_NP26_EXP,DAM,SP_CLR_PRC,1.74803,13
2025-12-23T20:00:00-00:00,2025-12-23T21:00:00-00:00,2025-12-23,13,0,Hourly,SR,AS_SP26_EXP,DAM,SP_CLR_PRC,0,13
2025-12-23T21:00:00-00:00,2025-12-23T22:00:00-00:00,2025-12-23,14,0,Hourly,SR,AS_CAISO,DAM,SP_CLR_PRC,0,13
2025-12-23T21:00:00-00:00,2025-12-23T22:00:00-00:00,2025-12-23,14,0,Hourly,SR,AS_CAISO_EXP,DAM,SP_CLR_PRC,0.17,13
2025-12-23T21:00:00-00:00,2025-12-23T22:00:00-00:00,2025-12-23,14,0,Hourly,SR,AS_NP26,DAM,SP_CLR_PRC,0,13
2025-12-23T22:00:00-00:00,2025-12-23T23:00:00-00:00,2025-12-23,15,0,Hourly,SR,AS_SP26_EXP,DAM,SP_CLR_PRC,0,13
2025-12-23T23:00:00-00:00,2025-12-24T00:00:00-00:00,2025-12-23,16,0,Hourly,SR,AS_CAISO_EXP,DAM,SP_CLR_PRC,0.17,13
2025-12-24T00:00:00-00:00,2025-12-24T01:00:00-00:00,2025-12-23,17,0,Hourly,SR,AS_SP26,DAM,SP_CLR_PRC,0,13
2025-12-24T01:00:00-00:00,2025-12-24T02:00:00-00:00,2025-12-23,18,0,Hourly,SR,AS_CAISO,DAM,SP_CLR_PRC,0,13
2025-12-24T01:00:00-00:00,2025-12-24T02:00:00-00:00,2025-12-23,18,0,Hourly,SR,AS_CAISO_EXP,DAM,SP_CLR_PRC,0.17,13
2025-12-24T01:00:00-00:00,2025-12-24T02:00:00-00:00,2025-12-23,18,0,Hourly,SR,AS_SP26_EXP,DAM,SP_CLR_PRC,0,13
2025-12-24T03:00:00-00:00,2025-12-24T04:00:00-00:00,2025-12-23,20,0,Hourly,SR,AS_CAISO,DAM,SP_CLR_PRC,0,13
2025-12-24T03:00:00-00:00,2025-12-24T04:00:00-00:00,2025-12-23,20,0,Hourly,SR,AS_SP26,DAM,SP_CLR_PRC,0,13
2025-12-24T04:00:00-00:00,2025-12-24T05:00:00-00:00,2025-12-23,21,0,Hourly,SR,AS_CAISO_EXP,DAM,SP_CLR_PRC,0.17,13
2025-12-24T05:00:00-00:00,2025-12-24T06:00:00-00:00,2025-12-23,22,0,Hourly,SR,AS_SP26_EXP,DAM,SP_CLR_PRC,0,13
2025-12-24T07:00:00-00:00,2025-12-24T08:00:00-00:00,2025-12-23,24,0,Hourly,SR,AS_CAISO_EXP,DAM,SP_CLR_PRC,0.49,13
2025-12-23T08:00:00-00:00,2025-12-23T09:00:00-00:00,2025-12-23,1,0,Hourly,SR,AS_NP26_EXP,DAM,SP_CLR_PRC,1.5,13
2025-12-23T13:00:00-00:00,2025-12-23T14:00:00-00:00,2025-12-23,6,0,Hourly,SR,AS_SP26,DAM,SP_CLR_PRC,0,13
2025-12-24T12:00:00-00:00,2025-12-24T13:00:00-00:00,2025-12-24,5,0,Hourly,SR,AS_NP26,DAM,SP_CLR_PRC,0,14
2025-12-24T16:00:00-00:00,2025-12-24T17:00:00-00:00,2025-12-24,9,0,Hourly,SR,AS_NP26,DAM,SP_CLR_PRC,0,14
2025-12-24T18:00:00-00:00,2025-12-24T19:00:00-00:00,2025-12-24,11,0,Hourly,SR,AS_NP26_EXP,DAM,SP_CLR_PRC,1.33,14
2025-12-24T20:00:00-00:00,2025-12-24T21:00:00-00:00,2025-12-24,13,0,Hourly,SR,AS_SP26,DAM,SP_CLR_PRC,0,14
2025-12-24T22:00:00-00:00,2025-12-24T23:00:00-00:00,2025-12-24,15,0,Hourly,SR,AS_CAISO_EXP,DAM,SP_CLR_PRC,0.17,14
2025-12-24T23:00:00-00:00,2025-12-25T00:00:00-00:00,2025-12-24,16,0,Hourly,SR,AS_NP26,DAM,SP_CLR_PRC,0,14
2025-12-25T01:00:00-00:00,2025-12-25T02:00:00-00:00,2025-12-24,18,0,Hourly,SR,AS_NP26,DAM,SP_CLR_PRC,0,14
2025-12-25T02:00:00-00:00,2025-12-25T03:00:00-00:00,2025-12-24,19,0,Hourly,SR,AS_CAISO_EXP,DAM,SP_CLR_PRC,0.17,14
2025-12-25T02:00:00-00:00,2025-12-25T03:00:00-00:00,2025-12-24,19,0,Hourly,SR,AS_SP26_EXP,DAM,SP_CLR_PRC,0,14
2025-12-25T03:00:00-00:00,2025-12-25T04:00:00-00:00,2025-12-24,20,0,Hourly,SR,AS_NP26,DAM,SP_CLR_PRC,0,14
2025-12-25T04:00:00-00:00,2025-12-25T05:00:00-00:00,2025-12-24,21,0,Hourly,SR,AS_SP26_EXP,DAM,SP_CLR_PRC,0,14
2025-12-25T05:00:00-00:00,2025-12-25T06:00:00-00:00,2025-12-24,22,0,Hourly,SR,AS_CAISO,DAM,SP_CLR_PRC,0,14
2025-12-25T05:00:00-00:00,2025-12-25T06:00:00-00:00,2025-12-24,22,0,Hourly,SR,AS_SP26,DAM,SP_CLR_PRC,0,14
2025-12-25T06:00:00-00:00,2025-12-25T07:00:00-00:00,2025-12-24,23,0,Hourly,SR,AS_CAISO,DAM,SP_CLR_PRC,0,14
2025-12-25T06:00:00-00:00,2025-12-25T07:00:00-00:00,2025-12-24,23,0,Hourly,SR,AS_NP26,DAM,SP_CLR_PRC,0,14
2025-12-25T07:00:00-00:00,2025-12-25T08:00:00-00:00,2025-12-24,24,0,Hourly,SR,AS_SP26_EXP,DAM,SP_CLR_PRC,0,14
2025-12-24T10:00:00-00:00,2025-12-24T11:00:00-00:00,2025-12-24,3,0,Hourly,SR,AS_CAISO,DAM,SP_CLR_PRC,0,14
2025-12-24T11:00:00-00:00,2025-12-24T12:00:00-00:00,2025-12-24,4,0,Hourly,SR,AS_SP26,DAM,SP_CLR_PRC,0,14
2025-12-24T12:00:00-00:00,2025-12-24T13:00:00-00:00,2025-12-24,5,0,Hourly,SR,AS_CAISO,DAM,SP_CLR_PRC,0,14
2025-12-24T13:00:00-00:00,2025-12-24T14:00:00-00:00,2025-12-24,6,0,Hourly,SR,AS_CAISO,DAM,SP_CLR_PRC,0,14
2025-12-24T17:00:00-00:00,2025-12-24T18:00:00-00:00,2025-12-24,10,0,Hourly,SR,AS_NP26,DAM,SP_CLR_PRC,0,14
2025-12-24T17:00:00-00:00,2025-12-24T18:00:00-00:00,2025-12-24,10,0,Hourly,SR,AS_SP26_EXP,DAM,SP_CLR_PRC,0,14
2025-12-24T20:00:00-00:00,2025-12-24T21:00:00-00:00,2025-12-24,13,0,Hourly,SR,AS_NP26,DAM,SP_CLR_PRC,0,14
2025-12-24T21:00:00-00:00,2025-12-24T22:00:00-00:00,2025-12-24,14,0,Hourly,SR,AS_CAISO,DAM,SP_CLR_PRC,0,14
2025-12-25T01:00:00-00:00,2025-12-25T02:00:00-00:00,2025-12-24,18,0,Hourly,SR,AS_CAISO,DAM,SP_CLR_PRC,0,14
2025-12-25T01:00:00-00:00,2025-12-25T02:00:00-00:00,2025-12-24,18,0,Hourly,SR,AS_SP26,DAM,SP_CLR_PRC,0,14
2025-12-25T02:00:00-00:00,2025-12-25T03:00:00-00:00,2025-12-24,19,0,Hourly,SR,AS_CAISO,DAM,SP_CLR_PRC,0,14
2025-12-25T03:00:00-00:00,2025-12-25T04:00:00-00:00,2025-12-24,20,0,Hourly,SR,AS_CAISO,DAM,SP_CLR_PRC,0,14
2025-12-25T04:00:00-00:00,2025-12-25T05:00:00-00:00,2025-12-24,21,0,Hourly,SR,AS_CAISO_EXP,DAM,SP_CLR_PRC,0.17,14
2025-12-25T04:00:00-00:00,2025-12-25T05:00:00-00:00,2025-12-24,21,0,Hourly,SR,AS_NP26,DAM,SP_CLR_PRC,0,14
2025-12-25T05:00:00-00:00,2025-12-25T06:00:00-00:00,2025-12-24,22,0,Hourly,SR,AS_NP26_EXP,DAM,SP_CLR_PRC,0.24692,14
2025-12-25T06:00:00-00:00,2025-12-25T07:00:00-00:00,2025-12-24,23,0,Hourly,SR,AS_SP26,DAM,SP_CLR_PRC,0,14
2025-12-25T06:00:00-00:00,2025-12-25T07:00:00-00:00,2025-12-24,23,0,Hourly,SR,AS_SP26_EXP,DAM,SP_CLR_PRC,0,14
2025-12-25T07:00:00-00:00,2025-12-25T08:00:00-00:00,2025-12-24,24,0,Hourly,SR,AS_NP26,DAM,SP_CLR_PRC,0,14
2025-12-24T13:00:00-00:00,2025-12-24T14:00:00-00:00,2025-12-24,6,0,Hourly,SR,AS_NP26_EXP,DAM,SP_CLR_PRC,0.25797,14
2025-12-24T14:00:00-00:00,2025-12-24T15:00:00-00:00,2025-12-24,7,0,Hourly,SR,AS_NP26_EXP,DAM,SP_CLR_PRC,0.5,14
2025-12-24T15:00:00-00:00,2025-12-24T16:00:00-00:00,2025-12-24,8,0,Hourly,SR,AS_NP26,DAM,SP_CLR_PRC,0,14
2025-12-24T17:00:00-00:00,2025-12-24T18:00:00-00:00,2025-12-24,10,0,Hourly,SR,AS_NP26_EXP,DAM,SP_CLR_PRC,1.33,14
2025-12-24T18:00:00-00:00,2025-12-24T19:00:00-00:00,2025-12-24,11,0,Hourly,SR,AS_NP26,DAM,SP_CLR_PRC,0,14
2025-12-24T21:00:00-00:00,2025-12-24T22:00:00-00:00,2025-12-24,14,0,Hourly,SR,AS_CAISO_EXP,DAM,SP_CLR_PRC,0.17,14
2025-12-24T23:00:00-00:00,2025-12-25T00:00:00-00:00,2025-12-24,16,0,Hourly,SR,AS_NP26_EXP,DAM,SP_CLR_PRC,0.83,14
2025-12-24T23:00:00-00:00,2025-12-25T00:00:00-00:00,2025-12-24,16,0,Hourly,SR,AS_SP26,DAM,SP_CLR_PRC,0,14
2025-12-25T00:00:00-00:00,2025-12-25T01:00:00-00:00,2025-12-24,17,0,Hourly,SR,AS_NP26,DAM,SP_CLR_PRC,0,14
2025-12-25T02:00:00-00:00,2025-12-25T03:00:00-00:00,2025-12-24,19,0,Hourly,SR,AS_NP26_EXP,DAM,SP_CLR_PRC,0.73659,14
2025-12-25T03:00:00-00:00,2025-12-25T04:00:00-00:00,2025-12-24,20,0,Hourly,SR,AS_CAISO_EXP,DAM,SP_CLR_PRC,0.17,14
2025-12-25T04:00:00-00:00,2025-12-25T05:00:00-00:00,2025-12-24,21,0,Hourly,SR,AS_CAISO,DAM,SP_CLR_PRC,0,14
2025-12-25T06:00:00-00:00,2025-12-25T07:00:00-00:00,2025-12-24,23,0,Hourly,SR,AS_CAISO_EXP,DAM,SP_CLR_PRC,0.5,14
2025-12-25T07:00:00-00:00,2025-12-25T08:00:00-00:00,2025-12-24,24,0,Hourly,SR,AS_NP26_EXP,DAM,SP_CLR_PRC,0.04,14
2025-12-24T08:00:00-00:00,2025-12-24T09:00:00-00:00,2025-12-24,1,0,Hourly,SR,AS_NP26_EXP,DAM,SP_CLR_PRC,1,14
2025-12-24T08:00:00-00:00,2025-12-24T09:00:00-00:00,2025-12-24,1,0,Hourly,SR,AS_NP26,DAM,SP_CLR_PRC,0,14
2025-12-24T11:00:00-00:00,2025-12-24T12:00:00-00:00,2025-12-24,4,0,Hourly,SR,AS_SP26_EXP,DAM,SP_CLR_PRC,0,14
2025-12-24T14:00:00-00:00,2025-12-24T15:00:00-00:00,2025-12-24,7,0,Hourly,SR,AS_SP26,DAM,SP_CLR_PRC,0,14
2025-12-24T15:00:00-00:00,2025-12-24T16:00:00-00:00,2025-12-24,8,0,Hourly,SR,AS_CAISO,DAM,SP_CLR_PRC,0,14
2025-12-24T16:00:00-00:00,2025-12-24T17:00:00-00:00,2025-12-24,9,0,Hourly,SR,AS_CAISO,DAM,SP_CLR_PRC,0,14
2025-12-24T19:00:00-00:00,2025-12-24T20:00:00-00:00,2025-12-24,12,0,Hourly,SR,AS_CAISO_EXP,DAM,SP_CLR_PRC,0.17,14
2025-12-24T19:00:00-00:00,2025-12-24T20:00:00-00:00,2025-12-24,12,0,Hourly,SR,AS_NP26,DAM,SP_CLR_PRC,0,14
2025-12-24T19:00:00-00:00,2025-12-24T20:00:00-00:00,2025-12-24,12,0,Hourly,SR,AS_NP26_EXP,DAM,SP_CLR_PRC,1.33,14
2025-12-24T19:00:00-00:00,2025-12-24T20:00:00-00:00,2025-12-24,12,0,Hourly,SR,AS_SP26_EXP,DAM,SP_CLR_PRC,0,14
2025-12-24T21:00:00-00:00,2025-12-24T22:00:00-00:00,2025-12-24,14,0,Hourly,SR,AS_NP26_EXP,DAM,SP_CLR_PRC,0.92676,14
2025-12-24T21:00:00-00:00,2025-12-24T22:00:00-00:00,2025-12-24,14,0,Hourly,SR,AS_SP26,DAM,SP_CLR_PRC,0,14
2025-12-24T23:00:00-00:00,2025-12-25T00:00:00-00:00,2025-12-24,16,0,Hourly,SR,AS_CAISO_EXP,DAM,SP_CLR_PRC,0.17,14
2025-12-25T00:00:00-00:00,2025-12-25T01:00:00-00:00,2025-12-24,17,0,Hourly,SR,AS_CAISO_EXP,DAM,SP_CLR_PRC,0.17,14
2025-12-25T01:00:00-00:00,2025-12-25T02:00:00-00:00,2025-12-24,18,0,Hourly,SR,AS_SP26_EXP,DAM,SP_CLR_PRC,0,14
2025-12-25T07:00:00-00:00,2025-12-25T08:00:00-00:00,2025-12-24,24,0,Hourly,SR,AS_CAISO_EXP,DAM,SP_CLR_PRC,0.46,14
2025-12-24T10:00:00-00:00,2025-12-24T11:00:00-00:00,2025-12-24,3,0,Hourly,SR,AS_CAISO_EXP,DAM,SP_CLR_PRC,0.96002,14
2025-12-24T14:00:00-00:00,2025-12-24T15:00:00-00:00,2025-12-24,7,0,Hourly,SR,AS_CAISO,DAM,SP_CLR_PRC,0,14
2025-12-24T14:00:00-00:00,2025-12-24T15:00:00-00:00,2025-12-24,7,0,Hourly,SR,AS_NP26,DAM,SP_CLR_PRC,0,14
2025-12-24T15:00:00-00:00,2025-12-24T16:00:00-00:00,2025-12-24,8,0,Hourly,SR,AS_SP26_EXP,DAM,SP_CLR_PRC,0,14
2025-12-24T17:00:00-00:00,2025-12-24T18:00:00-00:00,2025-12-24,10,0,Hourly,SR,AS_SP26,DAM,SP_CLR_PRC,0,14
2025-12-24T18:00:00-00:00,2025-12-24T19:00:00-00:00,2025-12-24,11,0,Hourly,SR,AS_SP26,DAM,SP_CLR_PRC,0,14
2025-12-24T20:00:00-00:00,2025-12-24T21:00:00-00:00,2025-12-24,13,0,Hourly,SR,AS_SP26_EXP,DAM,SP_CLR_PRC,0,14
2025-12-24T21:00:00-00:00,2025-12-24T22:00:00-00:00,2025-12-24,14,0,Hourly,SR,AS_NP26,DAM,SP_CLR_PRC,0,14
2025-12-24T22:00:00-00:00,2025-12-24T23:00:00-00:00,2025-12-24,15,0,Hourly,SR,AS_SP26,DAM,SP_CLR_PRC,0,14
2025-12-25T00:00:00-00:00,2025-12-25T01:00:00-00:00,2025-12-24,17,0,Hourly,SR,AS_SP26_EXP,DAM,SP_CLR_PRC,0,14
2025-12-25T03:00:00-00:00,2025-12-25T04:00:00-00:00,2025-12-24,20,0,Hourly,SR,AS_NP26_EXP,DAM,SP_CLR_PRC,0.71245,14
2025-12-25T07:00:00-00:00,2025-12-25T08:00:00-00:00,2025-12-24,24,0,Hourly,SR,AS_SP26,DAM,SP_CLR_PRC,0,14
2025-12-24T08:00:00-00:00,2025-12-24T09:00:00-00:00,2025-12-24,1,0,Hourly,SR,AS_CAISO_EXP,DAM,SP_CLR_PRC,1,14
2025-12-24T09:00:00-00:00,2025-12-24T10:00:00-00:00,2025-12-24,2,0,Hourly,SR,AS_NP26_EXP,DAM,SP_CLR_PRC,0,14
2025-12-24T09:00:00-00:00,2025-12-24T10:00:00-00:00,2025-12-24,2,0,Hourly,SR,AS_SP26,DAM,SP_CLR_PRC,0,14
2025-12-24T12:00:00-00:00,2025-12-24T13:00:00-00:00,2025-12-24,5,0,Hourly,SR,AS_CAISO_EXP,DAM,SP_CLR_PRC,0.5,14
2025-12-24T08:00:00-00:00,2025-12-24T09:00:00-00:00,2025-12-24,1,0,Hourly,SR,AS_SP26,DAM,SP_CLR_PRC,0,14
2025-12-24T09:00:00-00:00,2025-12-24T10:00:00-00:00,2025-12-24,2,0,Hourly,SR,AS_CAISO_EXP,DAM,SP_CLR_PRC,0.74739,14
2025-12-24T10:00:00-00:00,2025-12-24T11:00:00-00:00,2025-12-24,3,0,Hourly,SR,AS_SP26_EXP,DAM,SP_CLR_PRC,0,14
2025-12-24T11:00:00-00:00,2025-12-24T12:00:00-00:00,2025-12-24,4,0,Hourly,SR,AS_NP26_EXP,DAM,SP_CLR_PRC,0,14
2025-12-24T12:00:00-00:00,2025-12-24T13:00:00-00:00,2025-12-24,5,0,Hourly,SR,AS_SP26_EXP,DAM,SP_CLR_PRC,0,14
2025-12-24T15:00:00-00:00,2025-12-24T16:00:00-00:00,2025-12-24,8,0,Hourly,SR,AS_NP26_EXP,DAM,SP_CLR_PRC,0.5,14
2025-12-24T15:00:00-00:00,2025-12-24T16:00:00-00:00,2025-12-24,8,0,Hourly,SR,AS_SP26,DAM,SP_CLR_PRC,0,14
2025-12-24T17:00:00-00:00,2025-12-24T18:00:00-00:00,2025-12-24,10,0,Hourly,SR,AS_CAISO_EXP,DAM,SP_CLR_PRC,0.17,14
2025-12-24T21:00:00-00:00,2025-12-24T22:00:00-00:00,2025-12-24,14,0,Hourly,SR,AS_SP26_EXP,DAM,SP_CLR_PRC,0,14
2025-12-24T22:00:00-00:00,2025-12-24T23:00:00-00:00,2025-12-24,15,0,Hourly,SR,AS_NP26,DAM,SP_CLR_PRC,0,14
2025-12-24T23:00:00-00:00,2025-12-25T00:00:00-00:00,2025-12-24,16,0,Hourly,SR,AS_SP26_EXP,DAM,SP_CLR_PRC,0,14
2025-12-25T00:00:00-00:00,2025-12-25T01:00:00-00:00,2025-12-24,17,0,Hourly,SR,AS_CAISO,DAM,SP_CLR_PRC,0,14
2025-12-25T01:00:00-00:00,2025-12-25T02:00:00-00:00,2025-12-24,18,0,Hourly,SR,AS_CAISO_EXP,DAM,SP_CLR_PRC,0.17,14
2025-12-25T02:00:00-00:00,2025-12-25T03:00:00-00:00,2025-12-24,19,0,Hourly,SR,AS_NP26,DAM,SP_CLR_PRC,0,14
2025-12-25T02:00:00-00:00,2025-12-25T03:00:00-00:00,2025-12-24,19,0,Hourly,SR,AS_SP26,DAM,SP_CLR_PRC,0,14
2025-12-25T05:00:00-00:00,2025-12-25T06:00:00-00:00,2025-12-24,22,0,Hourly,SR,AS_NP26,DAM,SP_CLR_PRC,0,14
2025-12-24T08:00:00-00:00,2025-12-24T09:00:00-00:00,2025-12-24,1,0,Hourly,SR,AS_CAISO,DAM,SP_CLR_PRC,0,14
2025-12-24T10:00:00-00:00,2025-12-24T11:00:00-00:00,2025-12-24,3,0,Hourly,SR,AS_NP26_EXP,DAM,SP_CLR_PRC,0,14
2025-12-24T11:00:00-00:00,2025-12-24T12:00:00-00:00,2025-12-24,4,0,Hourly,SR,AS_NP26,DAM,SP_CLR_PRC,0,14
2025-12-24T12:00:00-00:00,2025-12-24T13:00:00-00:00,2025-12-24,5,0,Hourly,SR,AS_SP26,DAM,SP_CLR_PRC,0,14
2025-12-24T13:00:00-00:00,2025-12-24T14:00:00-00:00,2025-12-24,6,0,Hourly,SR,AS_NP26,DAM,SP_CLR_PRC,0,14
2025-12-24T13:00:00-00:00,2025-12-24T14:00:00-00:00,2025-12-24,6,0,Hourly,SR,AS_SP26_EXP,DAM,SP_CLR_PRC,0,14
2025-12-24T14:00:00-00:00,2025-12-24T15:00:00-00:00,2025-12-24,7,0,Hourly,SR,AS_CAISO_EXP,DAM,SP_CLR_PRC,0.5,14
2025-12-24T15:00:00-00:00,2025-12-24T16:00:00-00:00,2025-12-24,8,0,Hourly,SR,AS_CAISO_EXP,DAM,SP_CLR_PRC,0.5,14
2025-12-24T16:00:00-00:00,2025-12-24T17:00:00-00:00,2025-12-24,9,0,Hourly,SR,AS_CAISO_EXP,DAM,SP_CLR_PRC,0.22573,14
2025-12-24T16:00:00-00:00,2025-12-24T17:00:00-00:00,2025-12-24,9,0,Hourly,SR,AS_SP26,DAM,SP_CLR_PRC,0,14
2025-12-24T18:00:00-00:00,2025-12-24T19:00:00-00:00,2025-12-24,11,0,Hourly,SR,AS_CAISO,DAM,SP_CLR_PRC,0,14
2025-12-24T18:00:00-00:00,2025-12-24T19:00:00-00:00,2025-12-24,11,0,Hourly,SR,AS_SP26_EXP,DAM,SP_CLR_PRC,0,14
2025-12-24T22:00:00-00:00,2025-12-24T23:00:00-00:00,2025-12-24,15,0,Hourly,SR,AS_SP26_EXP,DAM,SP_CLR_PRC,0,14
2025-12-25T00:00:00-00:00,2025-12-25T01:00:00-00:00,2025-12-24,17,0,Hourly,SR,AS_SP26,DAM,SP_CLR_PRC,0,14
2025-12-25T01:00:00-00:00,2025-12-25T02:00:00-00:00,2025-12-24,18,0,Hourly,SR,AS_NP26_EXP,DAM,SP_CLR_PRC,0.73,14
2025-12-25T04:00:00-00:00,2025-12-25T05:00:00-00:00,2025-12-24,21,0,Hourly,SR,AS_NP26_EXP,DAM,SP_CLR_PRC,0.61057,14
2025-12-25T04:00:00-00:00,2025-12-25T05:00:00-00:00,2025-12-24,21,0,Hourly,SR,AS_SP26,DAM,SP_CLR_PRC,0,14
2025-12-25T05:00:00-00:00,2025-12-25T06:00:00-00:00,2025-12-24,22,0,Hourly,SR,AS_SP26_EXP,DAM,SP_CLR_PRC,0,14
2025-12-24T09:00:00-00:00,2025-12-24T10:00:00-00:00,2025-12-24,2,0,Hourly,SR,AS_CAISO,DAM,SP_CLR_PRC,0,14
2025-12-24T09:00:00-00:00,2025-12-24T10:00:00-00:00,2025-12-24,2,0,Hourly,SR,AS_NP26,DAM,SP_CLR_PRC,0,14
2025-12-24T10:00:00-00:00,2025-12-24T11:00:00-00:00,2025-12-24,3,0,Hourly,SR,AS_NP26,DAM,SP_CLR_PRC,0,14
2025-12-24T09:00:00-00:00,2025-12-24T10:00:00-00:00,2025-12-24,2,0,Hourly,SR,AS_SP26_EXP,DAM,SP_CLR_PRC,0,14
2025-12-24T10:00:00-00:00,2025-12-24T11:00:00-00:00,2025-12-24,3,0,Hourly,SR,AS_SP26,DAM,SP_CLR_PRC,0,14
2025-12-24T11:00:00-00:00,2025-12-24T12:00:00-00:00,2025-12-24,4,0,Hourly,SR,AS_CAISO,DAM,SP_CLR_PRC,0,14
2025-12-24T11:00:00-00:00,2025-12-24T12:00:00-00:00,2025-12-24,4,0,Hourly,SR,AS_CAISO_EXP,DAM,SP_CLR_PRC,0.5,14
2025-12-24T12:00:00-00:00,2025-12-24T13:00:00-00:00,2025-12-24,5,0,Hourly,SR,AS_NP26_EXP,DAM,SP_CLR_PRC,0,14
2025-12-24T13:00:00-00:00,2025-12-24T14:00:00-00:00,2025-12-24,6,0,Hourly,SR,AS_CAISO_EXP,DAM,SP_CLR_PRC,0.5,14
2025-12-24T13:00:00-00:00,2025-12-24T14:00:00-00:00,2025-12-24,6,0,Hourly,SR,AS_SP26,DAM,SP_CLR_PRC,0,14
2025-12-24T14:00:00-00:00,2025-12-24T15:00:00-00:00,2025-12-24,7,0,Hourly,SR,AS_SP26_EXP,DAM,SP_CLR_PRC,0,14
2025-12-24T16:00:00-00:00,2025-12-24T17:00:00-00:00,2025-12-24,9,0,Hourly,SR,AS_NP26_EXP,DAM,SP_CLR_PRC,1.27427,14
2025-12-24T16:00:00-00:00,2025-12-24T17:00:00-00:00,2025-12-24,9,0,Hourly,SR,AS_SP26_EXP,DAM,SP_CLR_PRC,0,14
2025-12-24T17:00:00-00:00,2025-12-24T18:00:00-00:00,2025-12-24,10,0,Hourly,SR,AS_CAISO,DAM,SP_CLR_PRC,0,14
2025-12-24T18:00:00-00:00,2025-12-24T19:00:00-00:00,2025-12-24,11,0,Hourly,SR,AS_CAISO_EXP,DAM,SP_CLR_PRC,0.17,14
2025-12-24T19:00:00-00:00,2025-12-24T20:00:00-00:00,2025-12-24,12,0,Hourly,SR,AS_CAISO,DAM,SP_CLR_PRC,0,14
2025-12-24T19:00:00-00:00,2025-12-24T20:00:00-00:00,2025-12-24,12,0,Hourly,SR,AS_SP26,DAM,SP_CLR_PRC,0,14
2025-12-24T20:00:00-00:00,2025-12-24T21:00:00-00:00,2025-12-24,13,0,Hourly,SR,AS_CAISO,DAM,SP_CLR_PRC,0,14
2025-12-24T20:00:00-00:00,2025-12-24T21:00:00-00:00,2025-12-24,13,0,Hourly,SR,AS_CAISO_EXP,DAM,SP_CLR_PRC,0.17,14
2025-12-24T20:00:00-00:00,2025-12-24T21:00:00-00:00,2025-12-24,13,0,Hourly,SR,AS_NP26_EXP,DAM,SP_CLR_PRC,1.22983,14
2025-12-24T22:00:00-00:00,2025-12-24T23:00:00-00:00,2025-12-24,15,0,Hourly,SR,AS_CAISO,DAM,SP_CLR_PRC,0,14
2025-12-24T22:00:00-00:00,2025-12-24T23:00:00-00:00,2025-12-24,15,0,Hourly,SR,AS_NP26_EXP,DAM,SP_CLR_PRC,1.33,14
2025-12-24T23:00:00-00:00,2025-12-25T00:00:00-00:00,2025-12-24,16,0,Hourly,SR,AS_CAISO,DAM,SP_CLR_PRC,0,14
2025-12-25T00:00:00-00:00,2025-12-25T01:00:00-00:00,2025-12-24,17,0,Hourly,SR,AS_NP26_EXP,DAM,SP_CLR_PRC,0.83,14
2025-12-25T03:00:00-00:00,2025-12-25T04:00:00-00:00,2025-12-24,20,0,Hourly,SR,AS_SP26,DAM,SP_CLR_PRC,0,14
2025-12-25T03:00:00-00:00,2025-12-25T04:00:00-00:00,2025-12-24,20,0,Hourly,SR,AS_SP26_EXP,DAM,SP_CLR_PRC,0,14
2025-12-25T05:00:00-00:00,2025-12-25T06:00:00-00:00,2025-12-24,22,0,Hourly,SR,AS_CAISO_EXP,DAM,SP_CLR_PRC,0.5,14
2025-12-25T06:00:00-00:00,2025-12-25T07:00:00-00:00,2025-12-24,23,0,Hourly,SR,AS_NP26_EXP,DAM,SP_CLR_PRC,0.18606,14
2025-12-25T07:00:00-00:00,2025-12-25T08:00:00-00:00,2025-12-24,24,0,Hourly,SR,AS_CAISO,DAM,SP_CLR_PRC,0,14
2025-12-24T08:00:00-00:00,2025-12-24T09:00:00-00:00,2025-12-24,1,0,Hourly,SR,AS_SP26_EXP,DAM,SP_CLR_PRC,0,14
2025-12-25T14:00:00-00:00,2025-12-25T15:00:00-00:00,2025-12-25,7,0,Hourly,SR,AS_SP26,DAM,SP_CLR_PRC,0,15
2025-12-25T15:00:00-00:00,2025-12-25T16:00:00-00:00,2025-12-25,8,0,Hourly,SR,AS_NP26_EXP,DAM,SP_CLR_PRC,0.84105,15
2025-12-25T16:00:00-00:00,2025-12-25T17:00:00-00:00,2025-12-25,9,0,Hourly,SR,AS_SP26,DAM,SP_CLR_PRC,0,15
2025-12-25T18:00:00-00:00,2025-12-25T19:00:00-00:00,2025-12-25,11,0,Hourly,SR,AS_NP26,DAM,SP_CLR_PRC,0,15
2025-12-25T19:00:00-00:00,2025-12-25T20:00:00-00:00,2025-12-25,12,0,Hourly,SR,AS_NP26,DAM,SP_CLR_PRC,0,15
2025-12-25T19:00:00-00:00,2025-12-25T20:00:00-00:00,2025-12-25,12,0,Hourly,SR,AS_SP26_EXP,DAM,SP_CLR_PRC,0,15
2025-12-25T20:00:00-00:00,2025-12-25T21:00:00-00:00,2025-12-25,13,0,Hourly,SR,AS_CAISO_EXP,DAM,SP_CLR_PRC,0.17,15
2025-12-25T20:00:00-00:00,2025-12-25T21:00:00-00:00,2025-12-25,13,0,Hourly,SR,AS_SP26_EXP,DAM,SP_CLR_PRC,0,15
2025-12-25T23:00:00-00:00,2025-12-26T00:00:00-00:00,2025-12-25,16,0,Hourly,SR,AS_CAISO_EXP,DAM,SP_CLR_PRC,0.17,15
2025-12-26T02:00:00-00:00,2025-12-26T03:00:00-00:00,2025-12-25,19,0,Hourly,SR,AS_CAISO_EXP,DAM,SP_CLR_PRC,0.17,15
2025-12-26T02:00:00-00:00,2025-12-26T03:00:00-00:00,2025-12-25,19,0,Hourly,SR,AS_SP26_EXP,DAM,SP_CLR_PRC,0,15
2025-12-26T03:00:00-00:00,2025-12-26T04:00:00-00:00,2025-12-25,20,0,Hourly,SR,AS_NP26,DAM,SP_CLR_PRC,0,15
2025-12-26T04:00:00-00:00,2025-12-26T05:00:00-00:00,2025-12-25,21,0,Hourly,SR,AS_CAISO_EXP,DAM,SP_CLR_PRC,0.17,15
2025-12-26T04:00:00-00:00,2025-12-26T05:00:00-00:00,2025-12-25,21,0,Hourly,SR,AS_NP26_EXP,DAM,SP_CLR_PRC,0.33,15
2025-12-26T05:00:00-00:00,2025-12-26T06:00:00-00:00,2025-12-25,22,0,Hourly,SR,AS_NP26_EXP,DAM,SP_CLR_PRC,0,15
2025-12-26T07:00:00-00:00,2025-12-26T08:00:00-00:00,2025-12-25,24,0,Hourly,SR,AS_NP26,DAM,SP_CLR_PRC,0,15
2025-12-25T22:00:00-00:00,2025-12-25T23:00:00-00:00,2025-12-25,15,0,Hourly,SR,AS_CAISO_EXP,DAM,SP_CLR_PRC,0.21512,15
2025-12-25T22:00:00-00:00,2025-12-25T23:00:00-00:00,2025-12-25,15,0,Hourly,SR,AS_SP26_EXP,DAM,SP_CLR_PRC,0,15
2025-12-25T23:00:00-00:00,2025-12-26T00:00:00-00:00,2025-12-25,16,0,Hourly,SR,AS_SP26_EXP,DAM,SP_CLR_PRC,0,15
2025-12-26T00:00:00-00:00,2025-12-26T01:00:00-00:00,2025-12-25,17,0,Hourly,SR,AS_SP26_EXP,DAM,SP_CLR_PRC,0,15
2025-12-26T03:00:00-00:00,2025-12-26T04:00:00-00:00,2025-12-25,20,0,Hourly,SR,AS_SP26,DAM,SP_CLR_PRC,0,15
2025-12-26T06:00:00-00:00,2025-12-26T07:00:00-00:00,2025-12-25,23,0,Hourly,SR,AS_NP26_EXP,DAM,SP_CLR_PRC,0,15
2025-12-26T06:00:00-00:00,2025-12-26T07:00:00-00:00,2025-12-25,23,0,Hourly,SR,AS_SP26_EXP,DAM,SP_CLR_PRC,0,15
2025-12-25T11:00:00-00:00,2025-12-25T12:00:00-00:00,2025-12-25,4,0,Hourly,SR,AS_NP26_EXP,DAM,SP_CLR_PRC,0,15
2025-12-25T11:00:00-00:00,2025-12-25T12:00:00-00:00,2025-12-25,4,0,Hourly,SR,AS_SP26_EXP,DAM,SP_CLR_PRC,0,15
2025-12-25T12:00:00-00:00,2025-12-25T13:00:00-00:00,2025-12-25,5,0,Hourly,SR,AS_NP26,DAM,SP_CLR_PRC,0,15
2025-12-25T13:00:00-00:00,2025-12-25T14:00:00-00:00,2025-12-25,6,0,Hourly,SR,AS_SP26_EXP,DAM,SP_CLR_PRC,0,15
2025-12-25T14:00:00-00:00,2025-12-25T15:00:00-00:00,2025-12-25,7,0,Hourly,SR,AS_CAISO_EXP,DAM,SP_CLR_PRC,0.5,15
2025-12-25T15:00:00-00:00,2025-12-25T16:00:00-00:00,2025-12-25,8,0,Hourly,SR,AS_CAISO_EXP,DAM,SP_CLR_PRC,0.5,15
2025-12-25T16:00:00-00:00,2025-12-25T17:00:00-00:00,2025-12-25,9,0,Hourly,SR,AS_CAISO_EXP,DAM,SP_CLR_PRC,0.82,15
2025-12-25T16:00:00-00:00,2025-12-25T17:00:00-00:00,2025-12-25,9,0,Hourly,SR,AS_NP26,DAM,SP_CLR_PRC,0,15
2025-12-25T17:00:00-00:00,2025-12-25T18:00:00-00:00,2025-12-25,10,0,Hourly,SR,AS_CAISO,DAM,SP_CLR_PRC,0,15
2025-12-25T19:00:00-00:00,2025-12-25T20:00:00-00:00,2025-12-25,12,0,Hourly,SR,AS_CAISO_EXP,DAM,SP_CLR_PRC,0.17,15
2025-12-25T22:00:00-00:00,2025-12-25T23:00:00-00:00,2025-12-25,15,0,Hourly,SR,AS_CAISO,DAM,SP_CLR_PRC,0,15
2025-12-26T04:00:00-00:00,2025-12-26T05:00:00-00:00,2025-12-25,21,0,Hourly,SR,AS_CAISO,DAM,SP_CLR_PRC,0,15
2025-12-26T05:00:00-00:00,2025-12-26T06:00:00-00:00,2025-12-25,22,0,Hourly,SR,AS_NP26,DAM,SP_CLR_PRC,0,15
2025-12-26T05:00:00-00:00,2025-12-26T06:00:00-00:00,2025-12-25,22,0,Hourly,SR,AS_SP26_EXP,DAM,SP_CLR_PRC,0,15
2025-12-25T08:00:00-00:00,2025-12-25T09:00:00-00:00,2025-12-25,1,0,Hourly,SR,AS_SP26_EXP,DAM,SP_CLR_PRC,0,15
2025-12-25T09:00:00-00:00,2025-12-25T10:00:00-00:00,2025-12-25,2,0,Hourly,SR,AS_SP26,DAM,SP_CLR_PRC,0,15
2025-12-25T11:00:00-00:00,2025-12-25T12:00:00-00:00,2025-12-25,4,0,Hourly,SR,AS_NP26,DAM,SP_CLR_PRC,0,15
2025-12-25T08:00:00-00:00,2025-12-25T09:00:00-00:00,2025-12-25,1,0,Hourly,SR,AS_CAISO_EXP,DAM,SP_CLR_PRC,1,15
2025-12-25T13:00:00-00:00,2025-12-25T14:00:00-00:00,2025-12-25,6,0,Hourly,SR,AS_CAISO,DAM,SP_CLR_PRC,0,15
2025-12-25T14:00:00-00:00,2025-12-25T15:00:00-00:00,2025-12-25,7,0,Hourly,SR,AS_NP26_EXP,DAM,SP_CLR_PRC,0,15
2025-12-25T16:00:00-00:00,2025-12-25T17:00:00-00:00,2025-12-25,9,0,Hourly,SR,AS_SP26_EXP,DAM,SP_CLR_PRC,0,15
2025-12-25T17:00:00-00:00,2025-12-25T18:00:00-00:00,2025-12-25,10,0,Hourly,SR,AS_SP26,DAM,SP_CLR_PRC,0,15
2025-12-25T18:00:00-00:00,2025-12-25T19:00:00-00:00,2025-12-25,11,0,Hourly,SR,AS_SP26_EXP,DAM,SP_CLR_PRC,0,15
2025-12-25T21:00:00-00:00,2025-12-25T22:00:00-00:00,2025-12-25,14,0,Hourly,SR,AS_CAISO,DAM,SP_CLR_PRC,0,15
2025-12-25T21:00:00-00:00,2025-12-25T22:00:00-00:00,2025-12-25,14,0,Hourly,SR,AS_NP26,DAM,SP_CLR_PRC,0,15
2025-12-25T22:00:00-00:00,2025-12-25T23:00:00-00:00,2025-12-25,15,0,Hourly,SR,AS_NP26,DAM,SP_CLR_PRC,0,15
2025-12-25T22:00:00-00:00,2025-12-25T23:00:00-00:00,2025-12-25,15,0,Hourly,SR,AS_SP26,DAM,SP_CLR_PRC,0,15
2025-12-25T23:00:00-00:00,2025-12-26T00:00:00-00:00,2025-12-25,16,0,Hourly,SR,AS_NP26,DAM,SP_CLR_PRC,0,15
2025-12-25T23:00:00-00:00,2025-12-26T00:00:00-00:00,2025-12-25,16,0,Hourly,SR,AS_SP26,DAM,SP_CLR_PRC,0,15
2025-12-26T00:00:00-00:00,2025-12-26T01:00:00-00:00,2025-12-25,17,0,Hourly,SR,AS_CAISO,DAM,SP_CLR_PRC,0,15
2025-12-26T00:00:00-00:00,2025-12-26T01:00:00-00:00,2025-12-25,17,0,Hourly,SR,AS_CAISO_EXP,DAM,SP_CLR_PRC,0.17,15
2025-12-26T01:00:00-00:00,2025-12-26T02:00:00-00:00,2025-12-25,18,0,Hourly,SR,AS_CAISO,DAM,SP_CLR_PRC,0,15
2025-12-26T01:00:00-00:00,2025-12-26T02:00:00-00:00,2025-12-25,18,0,Hourly,SR,AS_NP26,DAM,SP_CLR_PRC,0,15
2025-12-26T03:00:00-00:00,2025-12-26T04:00:00-00:00,2025-12-25,20,0,Hourly,SR,AS_SP26_EXP,DAM,SP_CLR_PRC,0,15
2025-12-26T04:00:00-00:00,2025-12-26T05:00:00-00:00,2025-12-25,21,0,Hourly,SR,AS_SP26_EXP,DAM,SP_CLR_PRC,0,15
2025-12-26T06:00:00-00:00,2025-12-26T07:00:00-00:00,2025-12-25,23,0,Hourly,SR,AS_SP26,DAM,SP_CLR_PRC,0,15
2025-12-26T07:00:00-00:00,2025-12-26T08:00:00-00:00,2025-12-25,24,0,Hourly,SR,AS_CAISO_EXP,DAM,SP_CLR_PRC,0.49,15
2025-12-25T09:00:00-00:00,2025-12-25T10:00:00-00:00,2025-12-25,2,0,Hourly,SR,AS_NP26_EXP,DAM,SP_CLR_PRC,0,15
2025-12-25T10:00:00-00:00,2025-12-25T11:00:00-00:00,2025-12-25,3,0,Hourly,SR,AS_SP26,DAM,SP_CLR_PRC,0,15
2025-12-25T10:00:00-00:00,2025-12-25T11:00:00-00:00,2025-12-25,3,0,Hourly,SR,AS_SP26_EXP,DAM,SP_CLR_PRC,0,15
2025-12-25T11:00:00-00:00,2025-12-25T12:00:00-00:00,2025-12-25,4,0,Hourly,SR,AS_CAISO,DAM,SP_CLR_PRC,0,15
2025-12-25T17:00:00-00:00,2025-12-25T18:00:00-00:00,2025-12-25,10,0,Hourly,SR,AS_NP26,DAM,SP_CLR_PRC,0,15
2025-12-25T19:00:00-00:00,2025-12-25T20:00:00-00:00,2025-12-25,12,0,Hourly,SR,AS_NP26_EXP,DAM,SP_CLR_PRC,0.24,15
2025-12-25T23:00:00-00:00,2025-12-26T00:00:00-00:00,2025-12-25,16,0,Hourly,SR,AS_CAISO,DAM,SP_CLR_PRC,0,15
2025-12-25T23:00:00-00:00,2025-12-26T00:00:00-00:00,2025-12-25,16,0,Hourly,SR,AS_NP26_EXP,DAM,SP_CLR_PRC,0.33,15
2025-12-26T00:00:00-00:00,2025-12-26T01:00:00-00:00,2025-12-25,17,0,Hourly,SR,AS_NP26,DAM,SP_CLR_PRC,0,15
2025-12-26T02:00:00-00:00,2025-12-26T03:00:00-00:00,2025-12-25,19,0,Hourly,SR,AS_NP26,DAM,SP_CLR_PRC,0,15
2025-12-26T02:00:00-00:00,2025-12-26T03:00:00-00:00,2025-12-25,19,0,Hourly,SR,AS_SP26,DAM,SP_CLR_PRC,0,15
2025-12-26T04:00:00-00:00,2025-12-26T05:00:00-00:00,2025-12-25,21,0,Hourly,SR,AS_SP26,DAM,SP_CLR_PRC,0,15
2025-12-26T05:00:00-00:00,2025-12-26T06:00:00-00:00,2025-12-25,22,0,Hourly,SR,AS_CAISO,DAM,SP_CLR_PRC,0,15
2025-12-26T05:00:00-00:00,2025-12-26T06:00:00-00:00,2025-12-25,22,0,Hourly,SR,AS_SP26,DAM,SP_CLR_PRC,0,15
2025-12-26T07:00:00-00:00,2025-12-26T08:00:00-00:00,2025-12-25,24,0,Hourly,SR,AS_CAISO,DAM,SP_CLR_PRC,0,15
2025-12-25T09:00:00-00:00,2025-12-25T10:00:00-00:00,2025-12-25,2,0,Hourly,SR,AS_CAISO_EXP,DAM,SP_CLR_PRC,1,15
2025-12-25T10:00:00-00:00,2025-12-25T11:00:00-00:00,2025-12-25,3,0,Hourly,SR,AS_CAISO_EXP,DAM,SP_CLR_PRC,0.95,15
2025-12-25T08:00:00-00:00,2025-12-25T09:00:00-00:00,2025-12-25,1,0,Hourly,SR,AS_NP26,DAM,SP_CLR_PRC,0,15
2025-12-25T12:00:00-00:00,2025-12-25T13:00:00-00:00,2025-12-25,5,0,Hourly,SR,AS_SP26,DAM,SP_CLR_PRC,0,15
2025-12-25T12:00:00-00:00,2025-12-25T13:00:00-00:00,2025-12-25,5,0,Hourly,SR,AS_SP26_EXP,DAM,SP_CLR_PRC,0,15
2025-12-25T09:00:00-00:00,2025-12-25T10:00:00-00:00,2025-12-25,2,0,Hourly,SR,AS_NP26,DAM,SP_CLR_PRC,0,15
2025-12-25T09:00:00-00:00,2025-12-25T10:00:00-00:00,2025-12-25,2,0,Hourly,SR,AS_SP26_EXP,DAM,SP_CLR_PRC,0,15
2025-12-25T11:00:00-00:00,2025-12-25T12:00:00-00:00,2025-12-25,4,0,Hourly,SR,AS_CAISO_EXP,DAM,SP_CLR_PRC,0.5,15
2025-12-25T11:00:00-00:00,2025-12-25T12:00:00-00:00,2025-12-25,4,0,Hourly,SR,AS_SP26,DAM,SP_CLR_PRC,0,15
2025-12-25T12:00:00-00:00,2025-12-25T13:00:00-00:00,2025-12-25,5,0,Hourly,SR,AS_NP26_EXP,DAM,SP_CLR_PRC,0.24054,15
2025-12-25T13:00:00-00:00,2025-12-25T14:00:00-00:00,2025-12-25,6,0,Hourly,SR,AS_SP26,DAM,SP_CLR_PRC,0,15
2025-12-25T15:00:00-00:00,2025-12-25T16:00:00-00:00,2025-12-25,8,0,Hourly,SR,AS_CAISO,DAM,SP_CLR_PRC,0,15
2025-12-25T16:00:00-00:00,2025-12-25T17:00:00-00:00,2025-12-25,9,0,Hourly,SR,AS_CAISO,DAM,SP_CLR_PRC,0,15
2025-12-25T17:00:00-00:00,2025-12-25T18:00:00-00:00,2025-12-25,10,0,Hourly,SR,AS_CAISO_EXP,DAM,SP_CLR_PRC,0.43385,15
2025-12-25T18:00:00-00:00,2025-12-25T19:00:00-00:00,2025-12-25,11,0,Hourly,SR,AS_NP26_EXP,DAM,SP_CLR_PRC,0.15168,15
2025-12-25T19:00:00-00:00,2025-12-25T20:00:00-00:00,2025-12-25,12,0,Hourly,SR,AS_SP26,DAM,SP_CLR_PRC,0,15
2025-12-25T20:00:00-00:00,2025-12-25T21:00:00-00:00,2025-12-25,13,0,Hourly,SR,AS_NP26,DAM,SP_CLR_PRC,0,15
2025-12-26T00:00:00-00:00,2025-12-26T01:00:00-00:00,2025-12-25,17,0,Hourly,SR,AS_SP26,DAM,SP_CLR_PRC,0,15
2025-12-26T03:00:00-00:00,2025-12-26T04:00:00-00:00,2025-12-25,20,0,Hourly,SR,AS_CAISO,DAM,SP_CLR_PRC,0,15
2025-12-26T03:00:00-00:00,2025-12-26T04:00:00-00:00,2025-12-25,20,0,Hourly,SR,AS_CAISO_EXP,DAM,SP_CLR_PRC,0.17,15
2025-12-25T08:00:00-00:00,2025-12-25T09:00:00-00:00,2025-12-25,1,0,Hourly,SR,AS_NP26_EXP,DAM,SP_CLR_PRC,0.5,15
2025-12-25T10:00:00-00:00,2025-12-25T11:00:00-00:00,2025-12-25,3,0,Hourly,SR,AS_NP26_EXP,DAM,SP_CLR_PRC,0,15
2025-12-25T12:00:00-00:00,2025-12-25T13:00:00-00:00,2025-12-25,5,0,Hourly,SR,AS_CAISO_EXP,DAM,SP_CLR_PRC,0.5,15
2025-12-25T14:00:00-00:00,2025-12-25T15:00:00-00:00,2025-12-25,7,0,Hourly,SR,AS_CAISO,DAM,SP_CLR_PRC,0,15
2025-12-25T14:00:00-00:00,2025-12-25T15:00:00-00:00,2025-12-25,7,0,Hourly,SR,AS_NP26,DAM,SP_CLR_PRC,0,15
2025-12-25T15:00:00-00:00,2025-12-25T16:00:00-00:00,2025-12-25,8,0,Hourly,SR,AS_SP26_EXP,DAM,SP_CLR_PRC,0,15
2025-12-25T16:00:00-00:00,2025-12-25T17:00:00-00:00,2025-12-25,9,0,Hourly,SR,AS_NP26_EXP,DAM,SP_CLR_PRC,0,15
2025-12-25T17:00:00-00:00,2025-12-25T18:00:00-00:00,2025-12-25,10,0,Hourly,SR,AS_NP26_EXP,DAM,SP_CLR_PRC,0.3258,15
2025-12-25T17:00:00-00:00,2025-12-25T18:00:00-00:00,2025-12-25,10,0,Hourly,SR,AS_SP26_EXP,DAM,SP_CLR_PRC,0,15
2025-12-25T18:00:00-00:00,2025-12-25T19:00:00-00:00,2025-12-25,11,0,Hourly,SR,AS_CAISO_EXP,DAM,SP_CLR_PRC,0.17,15
2025-12-25T20:00:00-00:00,2025-12-25T21:00:00-00:00,2025-12-25,13,0,Hourly,SR,AS_CAISO,DAM,SP_CLR_PRC,0,15
2025-12-25T20:00:00-00:00,2025-12-25T21:00:00-00:00,2025-12-25,13,0,Hourly,SR,AS_NP26_EXP,DAM,SP_CLR_PRC,0.24,15
2025-12-25T21:00:00-00:00,2025-12-25T22:00:00-00:00,2025-12-25,14,0,Hourly,SR,AS_CAISO_EXP,DAM,SP_CLR_PRC,0.17,15
2025-12-26T00:00:00-00:00,2025-12-26T01:00:00-00:00,2025-12-25,17,0,Hourly,SR,AS_NP26_EXP,DAM,SP_CLR_PRC,0.33,15
2025-12-26T01:00:00-00:00,2025-12-26T02:00:00-00:00,2025-12-25,18,0,Hourly,SR,AS_CAISO_EXP,DAM,SP_CLR_PRC,0.17,15
2025-12-26T01:00:00-00:00,2025-12-26T02:00:00-00:00,2025-12-25,18,0,Hourly,SR,AS_SP26_EXP,DAM,SP_CLR_PRC,0,15
2025-12-26T02:00:00-00:00,2025-12-26T03:00:00-00:00,2025-12-25,19,0,Hourly,SR,AS_CAISO,DAM,SP_CLR_PRC,0,15
2025-12-26T03:00:00-00:00,2025-12-26T04:00:00-00:00,2025-12-25,20,0,Hourly,SR,AS_NP26_EXP,DAM,SP_CLR_PRC,0.33,15
2025-12-26T04:00:00-00:00,2025-12-26T05:00:00-00:00,2025-12-25,21,0,Hourly,SR,AS_NP26,DAM,SP_CLR_PRC,0,15
2025-12-26T05:00:00-00:00,2025-12-26T06:00:00-00:00,2025-12-25,22,0,Hourly,SR,AS_CAISO_EXP,DAM,SP_CLR_PRC,0.5,15
2025-12-26T06:00:00-00:00,2025-12-26T07:00:00-00:00,2025-12-25,23,0,Hourly,SR,AS_CAISO_EXP,DAM,SP_CLR_PRC,0.5,15
2025-12-26T07:00:00-00:00,2025-12-26T08:00:00-00:00,2025-12-25,24,0,Hourly,SR,AS_SP26_EXP,DAM,SP_CLR_PRC,0,15
2025-12-25T08:00:00-00:00,2025-12-25T09:00:00-00:00,2025-12-25,1,0,Hourly,SR,AS_SP26,DAM,SP_CLR_PRC,0,15
2025-12-25T09:00:00-00:00,2025-12-25T10:00:00-00:00,2025-12-25,2,0,Hourly,SR,AS_CAISO,DAM,SP_CLR_PRC,0,15
2025-12-25T10:00:00-00:00,2025-12-25T11:00:00-00:00,2025-12-25,3,0,Hourly,SR,AS_CAISO,DAM,SP_CLR_PRC,0,15
2025-12-25T08:00:00-00:00,2025-12-25T09:00:00-00:00,2025-12-25,1,0,Hourly,SR,AS_CAISO,DAM,SP_CLR_PRC,0,15
2025-12-25T13:00:00-00:00,2025-12-25T14:00:00-00:00,2025-12-25,6,0,Hourly,SR,AS_NP26_EXP,DAM,SP_CLR_PRC,0.09,15
2025-12-25T22:00:00-00:00,2025-12-25T23:00:00-00:00,2025-12-25,15,0,Hourly,SR,AS_NP26_EXP,DAM,SP_CLR_PRC,0.46329,15
2025-12-26T01:00:00-00:00,2025-12-26T02:00:00-00:00,2025-12-25,18,0,Hourly,SR,AS_NP26_EXP,DAM,SP_CLR_PRC,0.50388,15
2025-12-26T01:00:00-00:00,2025-12-26T02:00:00-00:00,2025-12-25,18,0,Hourly,SR,AS_SP26,DAM,SP_CLR_PRC,0,15
2025-12-26T02:00:00-00:00,2025-12-26T03:00:00-00:00,2025-12-25,19,0,Hourly,SR,AS_NP26_EXP,DAM,SP_CLR_PRC,0.33,15
2025-12-26T06:00:00-00:00,2025-12-26T07:00:00-00:00,2025-12-25,23,0,Hourly,SR,AS_CAISO,DAM,SP_CLR_PRC,0,15
2025-12-26T06:00:00-00:00,2025-12-26T07:00:00-00:00,2025-12-25,23,0,Hourly,SR,AS_NP26,DAM,SP_CLR_PRC,0,15
2025-12-26T07:00:00-00:00,2025-12-26T08:00:00-00:00,2025-12-25,24,0,Hourly,SR,AS_NP26_EXP,DAM,SP_CLR_PRC,0.01,15
2025-12-26T07:00:00-00:00,2025-12-26T08:00:00-00:00,2025-12-25,24,0,Hourly,SR,AS_SP26,DAM,SP_CLR_PRC,0,15
2025-12-25T10:00:00-00:00,2025-12-25T11:00:00-00:00,2025-12-25,3,0,Hourly,SR,AS_NP26,DAM,SP_CLR_PRC,0,15
2025-12-25T12:00:00-00:00,2025-12-25T13:00:00-00:00,2025-12-25,5,0,Hourly,SR,AS_CAISO,DAM,SP_CLR_PRC,0,15
2025-12-25T13:00:00-00:00,2025-12-25T14:00:00-00:00,2025-12-25,6,0,Hourly,SR,AS_CAISO_EXP,DAM,SP_CLR_PRC,0.41,15
2025-12-25T13:00:00-00:00,2025-12-25T14:00:00-00:00,2025-12-25,6,0,Hourly,SR,AS_NP26,DAM,SP_CLR_PRC,0,15
2025-12-25T14:00:00-00:00,2025-12-25T15:00:00-00:00,2025-12-25,7,0,Hourly,SR,AS_SP26_EXP,DAM,SP_CLR_PRC,0,15
2025-12-25T15:00:00-00:00,2025-12-25T16:00:00-00:00,2025-12-25,8,0,Hourly,SR,AS_NP26,DAM,SP_CLR_PRC,0,15
2025-12-25T15:00:00-00:00,2025-12-25T16:00:00-00:00,2025-12-25,8,0,Hourly,SR,AS_SP26,DAM,SP_CLR_PRC,0,15
2025-12-25T18:00:00-00:00,2025-12-25T19:00:00-00:00,2025-12-25,11,0,Hourly,SR,AS_CAISO,DAM,SP_CLR_PRC,0,15
2025-12-25T18:00:00-00:00,2025-12-25T19:00:00-00:00,2025-12-25,11,0,Hourly,SR,AS_SP26,DAM,SP_CLR_PRC,0,15
2025-12-25T19:00:00-00:00,2025-12-25T20:00:00-00:00,2025-12-25,12,0,Hourly,SR,AS_CAISO,DAM,SP_CLR_PRC,0,15
2025-12-25T20:00:00-00:00,2025-12-25T21:00:00-00:00,2025-12-25,13,0,Hourly,SR,AS_SP26,DAM,SP_CLR_PRC,0,15
2025-12-25T21:00:00-00:00,2025-12-25T22:00:00-00:00,2025-12-25,14,0,Hourly,SR,AS_NP26_EXP,DAM,SP_CLR_PRC,0.24,15
2025-12-25T21:00:00-00:00,2025-12-25T22:00:00-00:00,2025-12-25,14,0,Hourly,SR,AS_SP26,DAM,SP_CLR_PRC,0,15
2025-12-25T21:00:00-00:00,2025-12-25T22:00:00-00:00,2025-12-25,14,0,Hourly,SR,AS_SP26_EXP,DAM,SP_CLR_PRC,0,15
2025-12-26T12:00:00-00:00,2025-12-26T13:00:00-00:00,2025-12-26,5,0,Hourly,SR,AS_SP26_EXP,DAM,SP_CLR_PRC,0,16
2025-12-26T13:00:00-00:00,2025-12-26T14:00:00-00:00,2025-12-26,6,0,Hourly,SR,AS_SP26_EXP,DAM,SP_CLR_PRC,0,16
2025-12-26T14:00:00-00:00,2025-12-26T15:00:00-00:00,2025-12-26,7,0,Hourly,SR,AS_NP26_EXP,DAM,SP_CLR_PRC,0,16
2025-12-26T14:00:00-00:00,2025-12-26T15:00:00-00:00,2025-12-26,7,0,Hourly,SR,AS_SP26_EXP,DAM,SP_CLR_PRC,0,16
2025-12-26T15:00:00-00:00,2025-12-26T16:00:00-00:00,2025-12-26,8,0,Hourly,SR,AS_CAISO_EXP,DAM,SP_CLR_PRC,0.5,16
2025-12-26T16:00:00-00:00,2025-12-26T17:00:00-00:00,2025-12-26,9,0,Hourly,SR,AS_CAISO,DAM,SP_CLR_PRC,0,16
2025-12-26T19:00:00-00:00,2025-12-26T20:00:00-00:00,2025-12-26,12,0,Hourly,SR,AS_CAISO,DAM,SP_CLR_PRC,0,16
2025-12-26T23:00:00-00:00,2025-12-27T00:00:00-00:00,2025-12-26,16,0,Hourly,SR,AS_CAISO,DAM,SP_CLR_PRC,0,16
2025-12-26T23:00:00-00:00,2025-12-27T00:00:00-00:00,2025-12-26,16,0,Hourly,SR,AS_SP26,DAM,SP_CLR_PRC,0,16
2025-12-27T00:00:00-00:00,2025-12-27T01:00:00-00:00,2025-12-26,17,0,Hourly,SR,AS_NP26,DAM,SP_CLR_PRC,0,16
2025-12-27T01:00:00-00:00,2025-12-27T02:00:00-00:00,2025-12-26,18,0,Hourly,SR,AS_CAISO,DAM,SP_CLR_PRC,0,16
2025-12-27T02:00:00-00:00,2025-12-27T03:00:00-00:00,2025-12-26,19,0,Hourly,SR,AS_NP26_EXP,DAM,SP_CLR_PRC,0.87819,16
2025-12-27T03:00:00-00:00,2025-12-27T04:00:00-00:00,2025-12-26,20,0,Hourly,SR,AS_NP26_EXP,DAM,SP_CLR_PRC,0.83,16
2025-12-27T06:00:00-00:00,2025-12-27T07:00:00-00:00,2025-12-26,23,0,Hourly,SR,AS_CAISO_EXP,DAM,SP_CLR_PRC,0.55,16
2025-12-27T06:00:00-00:00,2025-12-27T07:00:00-00:00,2025-12-26,23,0,Hourly,SR,AS_SP26_EXP,DAM,SP_CLR_PRC,0,16
2025-12-27T07:00:00-00:00,2025-12-27T08:00:00-00:00,2025-12-26,24,0,Hourly,SR,AS_SP26,DAM,SP_CLR_PRC,0,16
2025-12-26T14:00:00-00:00,2025-12-26T15:00:00-00:00,2025-12-26,7,0,Hourly,SR,AS_SP26,DAM,SP_CLR_PRC,0,16
2025-12-26T15:00:00-00:00,2025-12-26T16:00:00-00:00,2025-12-26,8,0,Hourly,SR,AS_NP26_EXP,DAM,SP_CLR_PRC,0,16
2025-12-26T15:00:00-00:00,2025-12-26T16:00:00-00:00,2025-12-26,8,0,Hourly,SR,AS_SP26,DAM,SP_CLR_PRC,0,16
2025-12-26T19:00:00-00:00,2025-12-26T20:00:00-00:00,2025-12-26,12,0,Hourly,SR,AS_SP26_EXP,DAM,SP_CLR_PRC,0,16
2025-12-26T20:00:00-00:00,2025-12-26T21:00:00-00:00,2025-12-26,13,0,Hourly,SR,AS_CAISO_EXP,DAM,SP_CLR_PRC,0.17,16
2025-12-26T21:00:00-00:00,2025-12-26T22:00:00-00:00,2025-12-26,14,0,Hourly,SR,AS_SP26_EXP,DAM,SP_CLR_PRC,0,16
2025-12-26T22:00:00-00:00,2025-12-26T23:00:00-00:00,2025-12-26,15,0,Hourly,SR,AS_CAISO,DAM,SP_CLR_PRC,0,16
2025-12-26T22:00:00-00:00,2025-12-26T23:00:00-00:00,2025-12-26,15,0,Hourly,SR,AS_SP26_EXP,DAM,SP_CLR_PRC,0,16
2025-12-27T05:00:00-00:00,2025-12-27T06:00:00-00:00,2025-12-26,22,0,Hourly,SR,AS_NP26_EXP,DAM,SP_CLR_PRC,0.28997,16
2025-12-27T06:00:00-00:00,2025-12-27T07:00:00-00:00,2025-12-26,23,0,Hourly,SR,AS_NP26,DAM,SP_CLR_PRC,0,16
2025-12-27T06:00:00-00:00,2025-12-27T07:00:00-00:00,2025-12-26,23,0,Hourly,SR,AS_SP26,DAM,SP_CLR_PRC,0,16
2025-12-27T07:00:00-00:00,2025-12-27T08:00:00-00:00,2025-12-26,24,0,Hourly,SR,AS_CAISO_EXP,DAM,SP_CLR_PRC,0.5,16
2025-12-26T09:00:00-00:00,2025-12-26T10:00:00-00:00,2025-12-26,2,0,Hourly,SR,AS_SP26,DAM,SP_CLR_PRC,0,16
2025-12-26T10:00:00-00:00,2025-12-26T11:00:00-00:00,2025-12-26,3,0,Hourly,SR,AS_NP26_EXP,DAM,SP_CLR_PRC,0,16
2025-12-26T11:00:00-00:00,2025-12-26T12:00:00-00:00,2025-12-26,4,0,Hourly,SR,AS_NP26_EXP,DAM,SP_CLR_PRC,0.07247,16
2025-12-26T12:00:00-00:00,2025-12-26T13:00:00-00:00,2025-12-26,5,0,Hourly,SR,AS_CAISO_EXP,DAM,SP_CLR_PRC,0.17,16
2025-12-26T14:00:00-00:00,2025-12-26T15:00:00-00:00,2025-12-26,7,0,Hourly,SR,AS_NP26,DAM,SP_CLR_PRC,0,16
2025-12-26T15:00:00-00:00,2025-12-26T16:00:00-00:00,2025-12-26,8,0,Hourly,SR,AS_SP26_EXP,DAM,SP_CLR_PRC,0,16
2025-12-26T16:00:00-00:00,2025-12-26T17:00:00-00:00,2025-12-26,9,0,Hourly,SR,AS_NP26,DAM,SP_CLR_PRC,0,16
2025-12-26T17:00:00-00:00,2025-12-26T18:00:00-00:00,2025-12-26,10,0,Hourly,SR,AS_CAISO_EXP,DAM,SP_CLR_PRC,0.18118,16
2025-12-26T17:00:00-00:00,2025-12-26T18:00:00-00:00,2025-12-26,10,0,Hourly,SR,AS_NP26_EXP,DAM,SP_CLR_PRC,0.31882,16
2025-12-26T18:00:00-00:00,2025-12-26T19:00:00-00:00,2025-12-26,11,0,Hourly,SR,AS_CAISO,DAM,SP_CLR_PRC,0,16
2025-12-26T19:00:00-00:00,2025-12-26T20:00:00-00:00,2025-12-26,12,0,Hourly,SR,AS_NP26,DAM,SP_CLR_PRC,0,16
2025-12-26T20:00:00-00:00,2025-12-26T21:00:00-00:00,2025-12-26,13,0,Hourly,SR,AS_SP26_EXP,DAM,SP_CLR_PRC,0,16
2025-12-27T02:00:00-00:00,2025-12-27T03:00:00-00:00,2025-12-26,19,0,Hourly,SR,AS_SP26,DAM,SP_CLR_PRC,0,16
2025-12-27T03:00:00-00:00,2025-12-27T04:00:00-00:00,2025-12-26,20,0,Hourly,SR,AS_CAISO,DAM,SP_CLR_PRC,0,16
2025-12-27T03:00:00-00:00,2025-12-27T04:00:00-00:00,2025-12-26,20,0,Hourly,SR,AS_SP26_EXP,DAM,SP_CLR_PRC,0,16
2025-12-26T08:00:00-00:00,2025-12-26T09:00:00-00:00,2025-12-26,1,0,Hourly,SR,AS_CAISO_EXP,DAM,SP_CLR_PRC,1,16
2025-12-26T10:00:00-00:00,2025-12-26T11:00:00-00:00,2025-12-26,3,0,Hourly,SR,AS_SP26_EXP,DAM,SP_CLR_PRC,0,16
2025-12-26T11:00:00-00:00,2025-12-26T12:00:00-00:00,2025-12-26,4,0,Hourly,SR,AS_CAISO_EXP,DAM,SP_CLR_PRC,0.42753,16
2025-12-26T12:00:00-00:00,2025-12-26T13:00:00-00:00,2025-12-26,5,0,Hourly,SR,AS_CAISO,DAM,SP_CLR_PRC,0,16
2025-12-26T14:00:00-00:00,2025-12-26T15:00:00-00:00,2025-12-26,7,0,Hourly,SR,AS_CAISO_EXP,DAM,SP_CLR_PRC,0.5,16
2025-12-26T18:00:00-00:00,2025-12-26T19:00:00-00:00,2025-12-26,11,0,Hourly,SR,AS_NP26,DAM,SP_CLR_PRC,0,16
2025-12-26T22:00:00-00:00,2025-12-26T23:00:00-00:00,2025-12-26,15,0,Hourly,SR,AS_CAISO_EXP,DAM,SP_CLR_PRC,0.19,16
2025-12-26T22:00:00-00:00,2025-12-26T23:00:00-00:00,2025-12-26,15,0,Hourly,SR,AS_NP26_EXP,DAM,SP_CLR_PRC,0.31,16
2025-12-26T22:00:00-00:00,2025-12-26T23:00:00-00:00,2025-12-26,15,0,Hourly,SR,AS_SP26,DAM,SP_CLR_PRC,0,16
2025-12-27T00:00:00-00:00,2025-12-27T01:00:00-00:00,2025-12-26,17,0,Hourly,SR,AS_CAISO_EXP,DAM,SP_CLR_PRC,0.31,16
2025-12-27T00:00:00-00:00,2025-12-27T01:00:00-00:00,2025-12-26,17,0,Hourly,SR,AS_NP26_EXP,DAM,SP_CLR_PRC,0.69,16
2025-12-27T01:00:00-00:00,2025-12-27T02:00:00-00:00,2025-12-26,18,0,Hourly,SR,AS_SP26,DAM,SP_CLR_PRC,0,16
2025-12-27T05:00:00-00:00,2025-12-27T06:00:00-00:00,2025-12-26,22,0,Hourly,SR,AS_NP26,DAM,SP_CLR_PRC,0,16
2025-12-27T05:00:00-00:00,2025-12-27T06:00:00-00:00,2025-12-26,22,0,Hourly,SR,AS_SP26_EXP,DAM,SP_CLR_PRC,0,16
2025-12-27T07:00:00-00:00,2025-12-27T08:00:00-00:00,2025-12-26,24,0,Hourly,SR,AS_CAISO,DAM,SP_CLR_PRC,0,16
2025-12-27T07:00:00-00:00,2025-12-27T08:00:00-00:00,2025-12-26,24,0,Hourly,SR,AS_NP26_EXP,DAM,SP_CLR_PRC,0.6,16
2025-12-26T08:00:00-00:00,2025-12-26T09:00:00-00:00,2025-12-26,1,0,Hourly,SR,AS_NP26,DAM,SP_CLR_PRC,0,16
2025-12-26T09:00:00-00:00,2025-12-26T10:00:00-00:00,2025-12-26,2,0,Hourly,SR,AS_NP26_EXP,DAM,SP_CLR_PRC,0,16
2025-12-26T13:00:00-00:00,2025-12-26T14:00:00-00:00,2025-12-26,6,0,Hourly,SR,AS_SP26,DAM,SP_CLR_PRC,0,16
2025-12-26T21:00:00-00:00,2025-12-26T22:00:00-00:00,2025-12-26,14,0,Hourly,SR,AS_SP26,DAM,SP_CLR_PRC,0,16
2025-12-26T23:00:00-00:00,2025-12-27T00:00:00-00:00,2025-12-26,16,0,Hourly,SR,AS_CAISO_EXP,DAM,SP_CLR_PRC,0.17,16
2025-12-26T23:00:00-00:00,2025-12-27T00:00:00-00:00,2025-12-26,16,0,Hourly,SR,AS_SP26_EXP,DAM,SP_CLR_PRC,0,16
2025-12-27T00:00:00-00:00,2025-12-27T01:00:00-00:00,2025-12-26,17,0,Hourly,SR,AS_SP26,DAM,SP_CLR_PRC,0,16
2025-12-27T00:00:00-00:00,2025-12-27T01:00:00-00:00,2025-12-26,17,0,Hourly,SR,AS_SP26_EXP,DAM,SP_CLR_PRC,0,16
2025-12-27T01:00:00-00:00,2025-12-27T02:00:00-00:00,2025-12-26,18,0,Hourly,SR,AS_CAISO_EXP,DAM,SP_CLR_PRC,0.31,16
2025-12-27T01:00:00-00:00,2025-12-27T02:00:00-00:00,2025-12-26,18,0,Hourly,SR,AS_NP26,DAM,SP_CLR_PRC,0,16
2025-12-27T02:00:00-00:00,2025-12-27T03:00:00-00:00,2025-12-26,19,0,Hourly,SR,AS_CAISO_EXP,DAM,SP_CLR_PRC,0.17,16
2025-12-27T03:00:00-00:00,2025-12-27T04:00:00-00:00,2025-12-26,20,0,Hourly,SR,AS_CAISO_EXP,DAM,SP_CLR_PRC,0.17,16
2025-12-27T05:00:00-00:00,2025-12-27T06:00:00-00:00,2025-12-26,22,0,Hourly,SR,AS_CAISO_EXP,DAM,SP_CLR_PRC,0.5,16
2025-12-27T06:00:00-00:00,2025-12-27T07:00:00-00:00,2025-12-26,23,0,Hourly,SR,AS_CAISO,DAM,SP_CLR_PRC,0,16
2025-12-27T06:00:00-00:00,2025-12-27T07:00:00-00:00,2025-12-26,23,0,Hourly,SR,AS_NP26_EXP,DAM,SP_CLR_PRC,0.28361,16
2025-12-26T08:00:00-00:00,2025-12-26T09:00:00-00:00,2025-12-26,1,0,Hourly,SR,AS_NP26_EXP,DAM,SP_CLR_PRC,0,16
2025-12-26T08:00:00-00:00,2025-12-26T09:00:00-00:00,2025-12-26,1,0,Hourly,SR,AS_SP26,DAM,SP_CLR_PRC,0,16
2025-12-26T09:00:00-00:00,2025-12-26T10:00:00-00:00,2025-12-26,2,0,Hourly,SR,AS_CAISO_EXP,DAM,SP_CLR_PRC,0.5,16
2025-12-26T10:00:00-00:00,2025-12-26T11:00:00-00:00,2025-12-26,3,0,Hourly,SR,AS_CAISO,DAM,SP_CLR_PRC,0,16
2025-12-26T10:00:00-00:00,2025-12-26T11:00:00-00:00,2025-12-26,3,0,Hourly,SR,AS_NP26,DAM,SP_CLR_PRC,0,16
2025-12-26T11:00:00-00:00,2025-12-26T12:00:00-00:00,2025-12-26,4,0,Hourly,SR,AS_SP26_EXP,DAM,SP_CLR_PRC,0,16
2025-12-26T10:00:00-00:00,2025-12-26T11:00:00-00:00,2025-12-26,3,0,Hourly,SR,AS_CAISO_EXP,DAM,SP_CLR_PRC,0.56,16
2025-12-26T11:00:00-00:00,2025-12-26T12:00:00-00:00,2025-12-26,4,0,Hourly,SR,AS_SP26,DAM,SP_CLR_PRC,0,16
2025-12-26T12:00:00-00:00,2025-12-26T13:00:00-00:00,2025-12-26,5,0,Hourly,SR,AS_SP26,DAM,SP_CLR_PRC,0,16
2025-12-26T13:00:00-00:00,2025-12-26T14:00:00-00:00,2025-12-26,6,0,Hourly,SR,AS_NP26,DAM,SP_CLR_PRC,0,16
2025-12-26T16:00:00-00:00,2025-12-26T17:00:00-00:00,2025-12-26,9,0,Hourly,SR,AS_CAISO_EXP,DAM,SP_CLR_PRC,0.31,16
2025-12-26T16:00:00-00:00,2025-12-26T17:00:00-00:00,2025-12-26,9,0,Hourly,SR,AS_NP26_EXP,DAM,SP_CLR_PRC,0.89,16
2025-12-26T16:00:00-00:00,2025-12-26T17:00:00-00:00,2025-12-26,9,0,Hourly,SR,AS_SP26,DAM,SP_CLR_PRC,0,16
2025-12-26T18:00:00-00:00,2025-12-26T19:00:00-00:00,2025-12-26,11,0,Hourly,SR,AS_SP26,DAM,SP_CLR_PRC,0,16
2025-12-26T20:00:00-00:00,2025-12-26T21:00:00-00:00,2025-12-26,13,0,Hourly,SR,AS_SP26,DAM,SP_CLR_PRC,0,16
2025-12-26T21:00:00-00:00,2025-12-26T22:00:00-00:00,2025-12-26,14,0,Hourly,SR,AS_CAISO_EXP,DAM,SP_CLR_PRC,0.17,16
2025-12-26T21:00:00-00:00,2025-12-26T22:00:00-00:00,2025-12-26,14,0,Hourly,SR,AS_NP26,DAM,SP_CLR_PRC,0,16
2025-12-26T22:00:00-00:00,2025-12-26T23:00:00-00:00,2025-12-26,15,0,Hourly,SR,AS_NP26,DAM,SP_CLR_PRC,0,16
2025-12-26T23:00:00-00:00,2025-12-27T00:00:00-00:00,2025-12-26,16,0,Hourly,SR,AS_NP26_EXP,DAM,SP_CLR_PRC,0.83,16
2025-12-27T04:00:00-00:00,2025-12-27T05:00:00-00:00,2025-12-26,21,0,Hourly,SR,AS_NP26,DAM,SP_CLR_PRC,0,16
2025-12-27T04:00:00-00:00,2025-12-27T05:00:00-00:00,2025-12-26,21,0,Hourly,SR,AS_CAISO,DAM,SP_CLR_PRC,0,16
2025-12-27T05:00:00-00:00,2025-12-27T06:00:00-00:00,2025-12-26,22,0,Hourly,SR,AS_CAISO,DAM,SP_CLR_PRC,0,16
2025-12-27T07:00:00-00:00,2025-12-27T08:00:00-00:00,2025-12-26,24,0,Hourly,SR,AS_SP26_EXP,DAM,SP_CLR_PRC,0,16
2025-12-26T08:00:00-00:00,2025-12-26T09:00:00-00:00,2025-12-26,1,0,Hourly,SR,AS_CAISO,DAM,SP_CLR_PRC,0,16
2025-12-26T09:00:00-00:00,2025-12-26T10:00:00-00:00,2025-12-26,2,0,Hourly,SR,AS_CAISO,DAM,SP_CLR_PRC,0,16
2025-12-26T09:00:00-00:00,2025-12-26T10:00:00-00:00,2025-12-26,2,0,Hourly,SR,AS_NP26,DAM,SP_CLR_PRC,0,16
2025-12-26T09:00:00-00:00,2025-12-26T10:00:00-00:00,2025-12-26,2,0,Hourly,SR,AS_SP26_EXP,DAM,SP_CLR_PRC,0,16
2025-12-26T11:00:00-00:00,2025-12-26T12:00:00-00:00,2025-12-26,4,0,Hourly,SR,AS_NP26,DAM,SP_CLR_PRC,0,16
2025-12-26T12:00:00-00:00,2025-12-26T13:00:00-00:00,2025-12-26,5,0,Hourly,SR,AS_NP26_EXP,DAM,SP_CLR_PRC,0.33,16
2025-12-26T15:00:00-00:00,2025-12-26T16:00:00-00:00,2025-12-26,8,0,Hourly,SR,AS_NP26,DAM,SP_CLR_PRC,0,16
2025-12-26T17:00:00-00:00,2025-12-26T18:00:00-00:00,2025-12-26,10,0,Hourly,SR,AS_NP26,DAM,SP_CLR_PRC,0,16
2025-12-26T17:00:00-00:00,2025-12-26T18:00:00-00:00,2025-12-26,10,0,Hourly,SR,AS_SP26,DAM,SP_CLR_PRC,0,16
2025-12-26T18:00:00-00:00,2025-12-26T19:00:00-00:00,2025-12-26,11,0,Hourly,SR,AS_SP26_EXP,DAM,SP_CLR_PRC,0,16
2025-12-26T19:00:00-00:00,2025-12-26T20:00:00-00:00,2025-12-26,12,0,Hourly,SR,AS_NP26_EXP,DAM,SP_CLR_PRC,0.33,16
2025-12-26T19:00:00-00:00,2025-12-26T20:00:00-00:00,2025-12-26,12,0,Hourly,SR,AS_SP26,DAM,SP_CLR_PRC,0,16
2025-12-26T20:00:00-00:00,2025-12-26T21:00:00-00:00,2025-12-26,13,0,Hourly,SR,AS_NP26_EXP,DAM,SP_CLR_PRC,0.33,16
2025-12-26T21:00:00-00:00,2025-12-26T22:00:00-00:00,2025-12-26,14,0,Hourly,SR,AS_CAISO,DAM,SP_CLR_PRC,0,16
2025-12-26T23:00:00-00:00,2025-12-27T00:00:00-00:00,2025-12-26,16,0,Hourly,SR,AS_NP26,DAM,SP_CLR_PRC,0,16
2025-12-27T00:00:00-00:00,2025-12-27T01:00:00-00:00,2025-12-26,17,0,Hourly,SR,AS_CAISO,DAM,SP_CLR_PRC,0,16
2025-12-27T01:00:00-00:00,2025-12-27T02:00:00-00:00,2025-12-26,18,0,Hourly,SR,AS_SP26_EXP,DAM,SP_CLR_PRC,0,16
2025-12-27T02:00:00-00:00,2025-12-27T03:00:00-00:00,2025-12-26,19,0,Hourly,SR,AS_NP26,DAM,SP_CLR_PRC,0,16
2025-12-27T02:00:00-00:00,2025-12-27T03:00:00-00:00,2025-12-26,19,0,Hourly,SR,AS_SP26_EXP,DAM,SP_CLR_PRC,0,16
2025-12-27T03:00:00-00:00,2025-12-27T04:00:00-00:00,2025-12-26,20,0,Hourly,SR,AS_SP26,DAM,SP_CLR_PRC,0,16
2025-12-27T04:00:00-00:00,2025-12-27T05:00:00-00:00,2025-12-26,21,0,Hourly,SR,AS_NP26_EXP,DAM,SP_CLR_PRC,0.70709,16
2025-12-27T05:00:00-00:00,2025-12-27T06:00:00-00:00,2025-12-26,22,0,Hourly,SR,AS_SP26,DAM,SP_CLR_PRC,0,16
2025-12-26T11:00:00-00:00,2025-12-26T12:00:00-00:00,2025-12-26,4,0,Hourly,SR,AS_CAISO,DAM,SP_CLR_PRC,0,16
2025-12-26T13:00:00-00:00,2025-12-26T14:00:00-00:00,2025-12-26,6,0,Hourly,SR,AS_CAISO,DAM,SP_CLR_PRC,0,16
2025-12-26T13:00:00-00:00,2025-12-26T14:00:00-00:00,2025-12-26,6,0,Hourly,SR,AS_NP26_EXP,DAM,SP_CLR_PRC,0,16
2025-12-26T14:00:00-00:00,2025-12-26T15:00:00-00:00,2025-12-26,7,0,Hourly,SR,AS_CAISO,DAM,SP_CLR_PRC,0,16
2025-12-26T15:00:00-00:00,2025-12-26T16:00:00-00:00,2025-12-26,8,0,Hourly,SR,AS_CAISO,DAM,SP_CLR_PRC,0,16
2025-12-26T16:00:00-00:00,2025-12-26T17:00:00-00:00,2025-12-26,9,0,Hourly,SR,AS_SP26_EXP,DAM,SP_CLR_PRC,0,16
2025-12-26T17:00:00-00:00,2025-12-26T18:00:00-00:00,2025-12-26,10,0,Hourly,SR,AS_CAISO,DAM,SP_CLR_PRC,0,16
2025-12-26T17:00:00-00:00,2025-12-26T18:00:00-00:00,2025-12-26,10,0,Hourly,SR,AS_SP26_EXP,DAM,SP_CLR_PRC,0,16
2025-12-26T18:00:00-00:00,2025-12-26T19:00:00-00:00,2025-12-26,11,0,Hourly,SR,AS_CAISO_EXP,DAM,SP_CLR_PRC,0.17,16
2025-12-26T18:00:00-00:00,2025-12-26T19:00:00-00:00,2025-12-26,11,0,Hourly,SR,AS_NP26_EXP,DAM,SP_CLR_PRC,0.33,16
2025-12-26T19:00:00-00:00,2025-12-26T20:00:00-00:00,2025-12-26,12,0,Hourly,SR,AS_CAISO_EXP,DAM,SP_CLR_PRC,0.17,16
2025-12-26T20:00:00-00:00,2025-12-26T21:00:00-00:00,2025-12-26,13,0,Hourly,SR,AS_CAISO,DAM,SP_CLR_PRC,0,16
2025-12-26T20:00:00-00:00,2025-12-26T21:00:00-00:00,2025-12-26,13,0,Hourly,SR,AS_NP26,DAM,SP_CLR_PRC,0,16
2025-12-26T21:00:00-00:00,2025-12-26T22:00:00-00:00,2025-12-26,14,0,Hourly,SR,AS_NP26_EXP,DAM,SP_CLR_PRC,0.33639,16
2025-12-27T01:00:00-00:00,2025-12-27T02:00:00-00:00,2025-12-26,18,0,Hourly,SR,AS_NP26_EXP,DAM,SP_CLR_PRC,0.54,16
2025-12-27T02:00:00-00:00,2025-12-27T03:00:00-00:00,2025-12-26,19,0,Hourly,SR,AS_CAISO,DAM,SP_CLR_PRC,0,16
2025-12-27T03:00:00-00:00,2025-12-27T04:00:00-00:00,2025-12-26,20,0,Hourly,SR,AS_NP26,DAM,SP_CLR_PRC,0,16
2025-12-27T04:00:00-00:00,2025-12-27T05:00:00-00:00,2025-12-26,21,0,Hourly,SR,AS_CAISO_EXP,DAM,SP_CLR_PRC,0.17,16
2025-12-27T04:00:00-00:00,2025-12-27T05:00:00-00:00,2025-12-26,21,0,Hourly,SR,AS_SP26,DAM,SP_CLR_PRC,0,16
2025-12-27T04:00:00-00:00,2025-12-27T05:00:00-00:00,2025-12-26,21,0,Hourly,SR,AS_SP26_EXP,DAM,SP_CLR_PRC,0,16
2025-12-27T07:00:00-00:00,2025-12-27T08:00:00-00:00,2025-12-26,24,0,Hourly,SR,AS_NP26,DAM,SP_CLR_PRC,0,16
2025-12-26T08:00:00-00:00,2025-12-26T09:00:00-00:00,2025-12-26,1,0,Hourly,SR,AS_SP26_EXP,DAM,SP_CLR_PRC,0,16
2025-12-26T10:00:00-00:00,2025-12-26T11:00:00-00:00,2025-12-26,3,0,Hourly,SR,AS_SP26,DAM,SP_CLR_PRC,0,16
2025-12-26T12:00:00-00:00,2025-12-26T13:00:00-00:00,2025-12-26,5,0,Hourly,SR,AS_NP26,DAM,SP_CLR_PRC,0,16
2025-12-26T13:00:00-00:00,2025-12-26T14:00:00-00:00,2025-12-26,6,0,Hourly,SR,AS_CAISO_EXP,DAM,SP_CLR_PRC,0.53,16
2025-12-27T11:00:00-00:00,2025-12-27T12:00:00-00:00,2025-12-27,4,0,Hourly,SR,AS_CAISO_EXP,DAM,SP_CLR_PRC,0.5,17
2025-12-27T12:00:00-00:00,2025-12-27T13:00:00-00:00,2025-12-27,5,0,Hourly,SR,AS_SP26_EXP,DAM,SP_CLR_PRC,0,17
2025-12-27T14:00:00-00:00,2025-12-27T15:00:00-00:00,2025-12-27,7,0,Hourly,SR,AS_CAISO_EXP,DAM,SP_CLR_PRC,1.06,17
2025-12-27T16:00:00-00:00,2025-12-27T17:00:00-00:00,2025-12-27,9,0,Hourly,SR,AS_CAISO,DAM,SP_CLR_PRC,0,17
2025-12-27T16:00:00-00:00,2025-12-27T17:00:00-00:00,2025-12-27,9,0,Hourly,SR,AS_CAISO_EXP,DAM,SP_CLR_PRC,1,17
2025-12-27T16:00:00-00:00,2025-12-27T17:00:00-00:00,2025-12-27,9,0,Hourly,SR,AS_SP26,DAM,SP_CLR_PRC,0,17
2025-12-27T17:00:00-00:00,2025-12-27T18:00:00-00:00,2025-12-27,10,0,Hourly,SR,AS_CAISO_EXP,DAM,SP_CLR_PRC,0.5,17
2025-12-27T17:00:00-00:00,2025-12-27T18:00:00-00:00,2025-12-27,10,0,Hourly,SR,AS_NP26,DAM,SP_CLR_PRC,0,17
2025-12-27T18:00:00-00:00,2025-12-27T19:00:00-00:00,2025-12-27,11,0,Hourly,SR,AS_CAISO,DAM,SP_CLR_PRC,0,17
2025-12-27T21:00:00-00:00,2025-12-27T22:00:00-00:00,2025-12-27,14,0,Hourly,SR,AS_CAISO,DAM,SP_CLR_PRC,0,17
2025-12-27T21:00:00-00:00,2025-12-27T22:00:00-00:00,2025-12-27,14,0,Hourly,SR,AS_SP26,DAM,SP_CLR_PRC,0,17
2025-12-27T23:00:00-00:00,2025-12-28T00:00:00-00:00,2025-12-27,16,0,Hourly,SR,AS_NP26,DAM,SP_CLR_PRC,0,17
2025-12-28T00:00:00-00:00,2025-12-28T01:00:00-00:00,2025-12-27,17,0,Hourly,SR,AS_CAISO_EXP,DAM,SP_CLR_PRC,0.41,17
2025-12-28T03:00:00-00:00,2025-12-28T04:00:00-00:00,2025-12-27,20,0,Hourly,SR,AS_SP26,DAM,SP_CLR_PRC,0,17
2025-12-28T05:00:00-00:00,2025-12-28T06:00:00-00:00,2025-12-27,22,0,Hourly,SR,AS_CAISO_EXP,DAM,SP_CLR_PRC,0.5,17
2025-12-28T07:00:00-00:00,2025-12-28T08:00:00-00:00,2025-12-27,24,0,Hourly,SR,AS_CAISO_EXP,DAM,SP_CLR_PRC,1,17
2025-12-27T21:00:00-00:00,2025-12-27T22:00:00-00:00,2025-12-27,14,0,Hourly,SR,AS_NP26_EXP,DAM,SP_CLR_PRC,0.33,17
2025-12-27T22:00:00-00:00,2025-12-27T23:00:00-00:00,2025-12-27,15,0,Hourly,SR,AS_SP26_EXP,DAM,SP_CLR_PRC,0,17
2025-12-27T23:00:00-00:00,2025-12-28T00:00:00-00:00,2025-12-27,16,0,Hourly,SR,AS_CAISO,DAM,SP_CLR_PRC,0,17
2025-12-27T23:00:00-00:00,2025-12-28T00:00:00-00:00,2025-12-27,16,0,Hourly,SR,AS_CAISO_EXP,DAM,SP_CLR_PRC,0.17,17
2025-12-28T00:00:00-00:00,2025-12-28T01:00:00-00:00,2025-12-27,17,0,Hourly,SR,AS_SP26_EXP,DAM,SP_CLR_PRC,0,17
2025-12-28T01:00:00-00:00,2025-12-28T02:00:00-00:00,2025-12-27,18,0,Hourly,SR,AS_CAISO,DAM,SP_CLR_PRC,0,17
2025-12-28T02:00:00-00:00,2025-12-28T03:00:00-00:00,2025-12-27,19,0,Hourly,SR,AS_CAISO,DAM,SP_CLR_PRC,0,17
2025-12-28T03:00:00-00:00,2025-12-28T04:00:00-00:00,2025-12-27,20,0,Hourly,SR,AS_SP26_EXP,DAM,SP_CLR_PRC,0,17
2025-12-28T04:00:00-00:00,2025-12-28T05:00:00-00:00,2025-12-27,21,0,Hourly,SR,AS_CAISO_EXP,DAM,SP_CLR_PRC,0.41,17
2025-12-28T05:00:00-00:00,2025-12-28T06:00:00-00:00,2025-12-27,22,0,Hourly,SR,AS_NP26,DAM,SP_CLR_PRC,0,17
2025-12-27T09:00:00-00:00,2025-12-27T10:00:00-00:00,2025-12-27,2,0,Hourly,SR,AS_CAISO_EXP,DAM,SP_CLR_PRC,1,17
2025-12-27T10:00:00-00:00,2025-12-27T11:00:00-00:00,2025-12-27,3,0,Hourly,SR,AS_NP26_EXP,DAM,SP_CLR_PRC,0,17
2025-12-27T11:00:00-00:00,2025-12-27T12:00:00-00:00,2025-12-27,4,0,Hourly,SR,AS_NP26,DAM,SP_CLR_PRC,0,17
2025-12-27T11:00:00-00:00,2025-12-27T12:00:00-00:00,2025-12-27,4,0,Hourly,SR,AS_SP26,DAM,SP_CLR_PRC,0,17
2025-12-27T12:00:00-00:00,2025-12-27T13:00:00-00:00,2025-12-27,5,0,Hourly,SR,AS_NP26_EXP,DAM,SP_CLR_PRC,0,17
2025-12-27T14:00:00-00:00,2025-12-27T15:00:00-00:00,2025-12-27,7,0,Hourly,SR,AS_NP26,DAM,SP_CLR_PRC,0,17
2025-12-27T16:00:00-00:00,2025-12-27T17:00:00-00:00,2025-12-27,9,0,Hourly,SR,AS_NP26,DAM,SP_CLR_PRC,0,17
2025-12-27T16:00:00-00:00,2025-12-27T17:00:00-00:00,2025-12-27,9,0,Hourly,SR,AS_SP26_EXP,DAM,SP_CLR_PRC,0,17
2025-12-27T17:00:00-00:00,2025-12-27T18:00:00-00:00,2025-12-27,10,0,Hourly,SR,AS_CAISO,DAM,SP_CLR_PRC,0,17
2025-12-27T20:00:00-00:00,2025-12-27T21:00:00-00:00,2025-12-27,13,0,Hourly,SR,AS_SP26,DAM,SP_CLR_PRC,0,17
2025-12-27T22:00:00-00:00,2025-12-27T23:00:00-00:00,2025-12-27,15,0,Hourly,SR,AS_CAISO,DAM,SP_CLR_PRC,0,17
2025-12-28T00:00:00-00:00,2025-12-28T01:00:00-00:00,2025-12-27,17,0,Hourly,SR,AS_NP26,DAM,SP_CLR_PRC,0,17
2025-12-28T01:00:00-00:00,2025-12-28T02:00:00-00:00,2025-12-27,18,0,Hourly,SR,AS_SP26,DAM,SP_CLR_PRC,0,17
2025-12-28T02:00:00-00:00,2025-12-28T03:00:00-00:00,2025-12-27,19,0,Hourly,SR,AS_SP26_EXP,DAM,SP_CLR_PRC,0,17
2025-12-28T03:00:00-00:00,2025-12-28T04:00:00-00:00,2025-12-27,20,0,Hourly,SR,AS_NP26_EXP,DAM,SP_CLR_PRC,0.09,17
2025-12-28T04:00:00-00:00,2025-12-28T05:00:00-00:00,2025-12-27,21,0,Hourly,SR,AS_SP26,DAM,SP_CLR_PRC,0,17
2025-12-28T06:00:00-00:00,2025-12-28T07:00:00-00:00,2025-12-27,23,0,Hourly,SR,AS_CAISO_EXP,DAM,SP_CLR_PRC,0.94112,17
2025-12-28T06:00:00-00:00,2025-12-28T07:00:00-00:00,2025-12-27,23,0,Hourly,SR,AS_NP26,DAM,SP_CLR_PRC,0,17
2025-12-28T07:00:00-00:00,2025-12-28T08:00:00-00:00,2025-12-27,24,0,Hourly,SR,AS_CAISO,DAM,SP_CLR_PRC,0,17
2025-12-28T07:00:00-00:00,2025-12-28T08:00:00-00:00,2025-12-27,24,0,Hourly,SR,AS_SP26_EXP,DAM,SP_CLR_PRC,0,17
2025-12-27T10:00:00-00:00,2025-12-27T11:00:00-00:00,2025-12-27,3,0,Hourly,SR,AS_CAISO,DAM,SP_CLR_PRC,0,17
2025-12-27T10:00:00-00:00,2025-12-27T11:00:00-00:00,2025-12-27,3,0,Hourly,SR,AS_SP26,DAM,SP_CLR_PRC,0,17
2025-12-27T13:00:00-00:00,2025-12-27T14:00:00-00:00,2025-12-27,6,0,Hourly,SR,AS_NP26,DAM,SP_CLR_PRC,0,17
2025-12-27T13:00:00-00:00,2025-12-27T14:00:00-00:00,2025-12-27,6,0,Hourly,SR,AS_SP26_EXP,DAM,SP_CLR_PRC,0,17
2025-12-27T15:00:00-00:00,2025-12-27T16:00:00-00:00,2025-12-27,8,0,Hourly,SR,AS_NP26_EXP,DAM,SP_CLR_PRC,2.19,17
2025-12-27T18:00:00-00:00,2025-12-27T19:00:00-00:00,2025-12-27,11,0,Hourly,SR,AS_SP26,DAM,SP_CLR_PRC,0,17
2025-12-27T19:00:00-00:00,2025-12-27T20:00:00-00:00,2025-12-27,12,0,Hourly,SR,AS_NP26_EXP,DAM,SP_CLR_PRC,0.33,17
2025-12-27T19:00:00-00:00,2025-12-27T20:00:00-00:00,2025-12-27,12,0,Hourly,SR,AS_SP26,DAM,SP_CLR_PRC,0,17
2025-12-27T20:00:00-00:00,2025-12-27T21:00:00-00:00,2025-12-27,13,0,Hourly,SR,AS_CAISO,DAM,SP_CLR_PRC,0,17
2025-12-27T21:00:00-00:00,2025-12-27T22:00:00-00:00,2025-12-27,14,0,Hourly,SR,AS_CAISO_EXP,DAM,SP_CLR_PRC,0.17,17
2025-12-28T00:00:00-00:00,2025-12-28T01:00:00-00:00,2025-12-27,17,0,Hourly,SR,AS_SP26,DAM,SP_CLR_PRC,0,17
2025-12-28T04:00:00-00:00,2025-12-28T05:00:00-00:00,2025-12-27,21,0,Hourly,SR,AS_NP26,DAM,SP_CLR_PRC,0,17
2025-12-27T08:00:00-00:00,2025-12-27T09:00:00-00:00,2025-12-27,1,0,Hourly,SR,AS_CAISO,DAM,SP_CLR_PRC,0,17
2025-12-27T09:00:00-00:00,2025-12-27T10:00:00-00:00,2025-12-27,2,0,Hourly,SR,AS_NP26,DAM,SP_CLR_PRC,0,17
2025-12-27T09:00:00-00:00,2025-12-27T10:00:00-00:00,2025-12-27,2,0,Hourly,SR,AS_NP26_EXP,DAM,SP_CLR_PRC,0,17
2025-12-27T10:00:00-00:00,2025-12-27T11:00:00-00:00,2025-12-27,3,0,Hourly,SR,AS_CAISO_EXP,DAM,SP_CLR_PRC,0.96,17
2025-12-27T10:00:00-00:00,2025-12-27T11:00:00-00:00,2025-12-27,3,0,Hourly,SR,AS_NP26,DAM,SP_CLR_PRC,0,17
2025-12-27T11:00:00-00:00,2025-12-27T12:00:00-00:00,2025-12-27,4,0,Hourly,SR,AS_CAISO,DAM,SP_CLR_PRC,0,17
2025-12-27T13:00:00-00:00,2025-12-27T14:00:00-00:00,2025-12-27,6,0,Hourly,SR,AS_CAISO,DAM,SP_CLR_PRC,0,17
2025-12-27T13:00:00-00:00,2025-12-27T14:00:00-00:00,2025-12-27,6,0,Hourly,SR,AS_SP26,DAM,SP_CLR_PRC,0,17
2025-12-27T15:00:00-00:00,2025-12-27T16:00:00-00:00,2025-12-27,8,0,Hourly,SR,AS_CAISO_EXP,DAM,SP_CLR_PRC,0.5,17
2025-12-27T15:00:00-00:00,2025-12-27T16:00:00-00:00,2025-12-27,8,0,Hourly,SR,AS_NP26,DAM,SP_CLR_PRC,0,17
2025-12-27T15:00:00-00:00,2025-12-27T16:00:00-00:00,2025-12-27,8,0,Hourly,SR,AS_SP26_EXP,DAM,SP_CLR_PRC,0,17
2025-12-27T17:00:00-00:00,2025-12-27T18:00:00-00:00,2025-12-27,10,0,Hourly,SR,AS_NP26_EXP,DAM,SP_CLR_PRC,0,17
2025-12-27T18:00:00-00:00,2025-12-27T19:00:00-00:00,2025-12-27,11,0,Hourly,SR,AS_CAISO_EXP,DAM,SP_CLR_PRC,0.17,17
2025-12-27T21:00:00-00:00,2025-12-27T22:00:00-00:00,2025-12-27,14,0,Hourly,SR,AS_NP26,DAM,SP_CLR_PRC,0,17
2025-12-28T01:00:00-00:00,2025-12-28T02:00:00-00:00,2025-12-27,18,0,Hourly,SR,AS_NP26,DAM,SP_CLR_PRC,0,17
2025-12-28T02:00:00-00:00,2025-12-28T03:00:00-00:00,2025-12-27,19,0,Hourly,SR,AS_NP26,DAM,SP_CLR_PRC,0,17
2025-12-28T02:00:00-00:00,2025-12-28T03:00:00-00:00,2025-12-27,19,0,Hourly,SR,AS_NP26_EXP,DAM,SP_CLR_PRC,0,17
2025-12-28T03:00:00-00:00,2025-12-28T04:00:00-00:00,2025-12-27,20,0,Hourly,SR,AS_CAISO,DAM,SP_CLR_PRC,0,17
2025-12-28T04:00:00-00:00,2025-12-28T05:00:00-00:00,2025-12-27,21,0,Hourly,SR,AS_CAISO,DAM,SP_CLR_PRC,0,17
2025-12-28T05:00:00-00:00,2025-12-28T06:00:00-00:00,2025-12-27,22,0,Hourly,SR,AS_SP26_EXP,DAM,SP_CLR_PRC,0,17
2025-12-28T06:00:00-00:00,2025-12-28T07:00:00-00:00,2025-12-27,23,0,Hourly,SR,AS_CAISO,DAM,SP_CLR_PRC,0,17
2025-12-27T10:00:00-00:00,2025-12-27T11:00:00-00:00,2025-12-27,3,0,Hourly,SR,AS_SP26_EXP,DAM,SP_CLR_PRC,0,17
2025-12-27T08:00:00-00:00,2025-12-27T09:00:00-00:00,2025-12-27,1,0,Hourly,SR,AS_NP26_EXP,DAM,SP_CLR_PRC,1.5,17
2025-12-27T08:00:00-00:00,2025-12-27T09:00:00-00:00,2025-12-27,1,0,Hourly,SR,AS_SP26,DAM,SP_CLR_PRC,0,17
2025-12-27T09:00:00-00:00,2025-12-27T10:00:00-00:00,2025-12-27,2,0,Hourly,SR,AS_SP26,DAM,SP_CLR_PRC,0,17
2025-12-27T12:00:00-00:00,2025-12-27T13:00:00-00:00,2025-12-27,5,0,Hourly,SR,AS_CAISO_EXP,DAM,SP_CLR_PRC,0.5,17
2025-12-27T12:00:00-00:00,2025-12-27T13:00:00-00:00,2025-12-27,5,0,Hourly,SR,AS_SP26,DAM,SP_CLR_PRC,0,17
2025-12-27T14:00:00-00:00,2025-12-27T15:00:00-00:00,2025-12-27,7,0,Hourly,SR,AS_SP26,DAM,SP_CLR_PRC,0,17
2025-12-27T15:00:00-00:00,2025-12-27T16:00:00-00:00,2025-12-27,8,0,Hourly,SR,AS_SP26,DAM,SP_CLR_PRC,0,17
2025-12-27T18:00:00-00:00,2025-12-27T19:00:00-00:00,2025-12-27,11,0,Hourly,SR,AS_SP26_EXP,DAM,SP_CLR_PRC,0,17
2025-12-27T19:00:00-00:00,2025-12-27T20:00:00-00:00,2025-12-27,12,0,Hourly,SR,AS_CAISO,DAM,SP_CLR_PRC,0,17
2025-12-27T19:00:00-00:00,2025-12-27T20:00:00-00:00,2025-12-27,12,0,Hourly,SR,AS_NP26,DAM,SP_CLR_PRC,0,17
2025-12-27T20:00:00-00:00,2025-12-27T21:00:00-00:00,2025-12-27,13,0,Hourly,SR,AS_SP26_EXP,DAM,SP_CLR_PRC,0,17
2025-12-27T22:00:00-00:00,2025-12-27T23:00:00-00:00,2025-12-27,15,0,Hourly,SR,AS_CAISO_EXP,DAM,SP_CLR_PRC,0.17,17
2025-12-27T22:00:00-00:00,2025-12-27T23:00:00-00:00,2025-12-27,15,0,Hourly,SR,AS_NP26,DAM,SP_CLR_PRC,0,17
2025-12-28T00:00:00-00:00,2025-12-28T01:00:00-00:00,2025-12-27,17,0,Hourly,SR,AS_NP26_EXP,DAM,SP_CLR_PRC,0.09,17
2025-12-28T01:00:00-00:00,2025-12-28T02:00:00-00:00,2025-12-27,18,0,Hourly,SR,AS_SP26_EXP,DAM,SP_CLR_PRC,0,17
2025-12-28T02:00:00-00:00,2025-12-28T03:00:00-00:00,2025-12-27,19,0,Hourly,SR,AS_CAISO_EXP,DAM,SP_CLR_PRC,0.5,17
2025-12-28T02:00:00-00:00,2025-12-28T03:00:00-00:00,2025-12-27,19,0,Hourly,SR,AS_SP26,DAM,SP_CLR_PRC,0,17
2025-12-28T05:00:00-00:00,2025-12-28T06:00:00-00:00,2025-12-27,22,0,Hourly,SR,AS_CAISO,DAM,SP_CLR_PRC,0,17
2025-12-28T07:00:00-00:00,2025-12-28T08:00:00-00:00,2025-12-27,24,0,Hourly,SR,AS_NP26,DAM,SP_CLR_PRC,0,17
2025-12-28T07:00:00-00:00,2025-12-28T08:00:00-00:00,2025-12-27,24,0,Hourly,SR,AS_NP26_EXP,DAM,SP_CLR_PRC,0.5,17
2025-12-27T09:00:00-00:00,2025-12-27T10:00:00-00:00,2025-12-27,2,0,Hourly,SR,AS_SP26_EXP,DAM,SP_CLR_PRC,0,17
2025-12-27T11:00:00-00:00,2025-12-27T12:00:00-00:00,2025-12-27,4,0,Hourly,SR,AS_NP26_EXP,DAM,SP_CLR_PRC,0,17
2025-12-27T11:00:00-00:00,2025-12-27T12:00:00-00:00,2025-12-27,4,0,Hourly,SR,AS_SP26_EXP,DAM,SP_CLR_PRC,0,17
2025-12-27T12:00:00-00:00,2025-12-27T13:00:00-00:00,2025-12-27,5,0,Hourly,SR,AS_CAISO,DAM,SP_CLR_PRC,0,17
2025-12-27T12:00:00-00:00,2025-12-27T13:00:00-00:00,2025-12-27,5,0,Hourly,SR,AS_NP26,DAM,SP_CLR_PRC,0,17
2025-12-27T17:00:00-00:00,2025-12-27T18:00:00-00:00,2025-12-27,10,0,Hourly,SR,AS_SP26_EXP,DAM,SP_CLR_PRC,0,17
2025-12-27T18:00:00-00:00,2025-12-27T19:00:00-00:00,2025-12-27,11,0,Hourly,SR,AS_NP26_EXP,DAM,SP_CLR_PRC,0.33,17
2025-12-27T21:00:00-00:00,2025-12-27T22:00:00-00:00,2025-12-27,14,0,Hourly,SR,AS_SP26_EXP,DAM,SP_CLR_PRC,0,17
2025-12-27T22:00:00-00:00,2025-12-27T23:00:00-00:00,2025-12-27,15,0,Hourly,SR,AS_SP26,DAM,SP_CLR_PRC,0,17
2025-12-27T23:00:00-00:00,2025-12-28T00:00:00-00:00,2025-12-27,16,0,Hourly,SR,AS_NP26_EXP,DAM,SP_CLR_PRC,0.39,17
2025-12-27T23:00:00-00:00,2025-12-28T00:00:00-00:00,2025-12-27,16,0,Hourly,SR,AS_SP26_EXP,DAM,SP_CLR_PRC,0,17
2025-12-28T00:00:00-00:00,2025-12-28T01:00:00-00:00,2025-12-27,17,0,Hourly,SR,AS_CAISO,DAM,SP_CLR_PRC,0,17
2025-12-28T01:00:00-00:00,2025-12-28T02:00:00-00:00,2025-12-27,18,0,Hourly,SR,AS_NP26_EXP,DAM,SP_CLR_PRC,0,17
2025-12-28T03:00:00-00:00,2025-12-28T04:00:00-00:00,2025-12-27,20,0,Hourly,SR,AS_NP26,DAM,SP_CLR_PRC,0,17
2025-12-28T05:00:00-00:00,2025-12-28T06:00:00-00:00,2025-12-27,22,0,Hourly,SR,AS_NP26_EXP,DAM,SP_CLR_PRC,0,17
2025-12-28T05:00:00-00:00,2025-12-28T06:00:00-00:00,2025-12-27,22,0,Hourly,SR,AS_SP26,DAM,SP_CLR_PRC,0,17
2025-12-28T06:00:00-00:00,2025-12-28T07:00:00-00:00,2025-12-27,23,0,Hourly,SR,AS_SP26,DAM,SP_CLR_PRC,0,17
2025-12-27T08:00:00-00:00,2025-12-27T09:00:00-00:00,2025-12-27,1,0,Hourly,SR,AS_SP26_EXP,DAM,SP_CLR_PRC,0,17
2025-12-27T09:00:00-00:00,2025-12-27T10:00:00-00:00,2025-12-27,2,0,Hourly,SR,AS_CAISO,DAM,SP_CLR_PRC,0,17
2025-12-27T13:00:00-00:00,2025-12-27T14:00:00-00:00,2025-12-27,6,0,Hourly,SR,AS_NP26_EXP,DAM,SP_CLR_PRC,0,17
2025-12-27T14:00:00-00:00,2025-12-27T15:00:00-00:00,2025-12-27,7,0,Hourly,SR,AS_CAISO,DAM,SP_CLR_PRC,0,17
2025-12-27T15:00:00-00:00,2025-12-27T16:00:00-00:00,2025-12-27,8,0,Hourly,SR,AS_CAISO,DAM,SP_CLR_PRC,0,17
2025-12-27T19:00:00-00:00,2025-12-27T20:00:00-00:00,2025-12-27,12,0,Hourly,SR,AS_SP26_EXP,DAM,SP_CLR_PRC,0,17
2025-12-27T20:00:00-00:00,2025-12-27T21:00:00-00:00,2025-12-27,13,0,Hourly,SR,AS_NP26,DAM,SP_CLR_PRC,0,17
2025-12-27T22:00:00-00:00,2025-12-27T23:00:00-00:00,2025-12-27,15,0,Hourly,SR,AS_NP26_EXP,DAM,SP_CLR_PRC,0.24,17
2025-12-27T23:00:00-00:00,2025-12-28T00:00:00-00:00,2025-12-27,16,0,Hourly,SR,AS_SP26,DAM,SP_CLR_PRC,0,17
2025-12-28T01:00:00-00:00,2025-12-28T02:00:00-00:00,2025-12-27,18,0,Hourly,SR,AS_CAISO_EXP,DAM,SP_CLR_PRC,0.5,17
2025-12-28T03:00:00-00:00,2025-12-28T04:00:00-00:00,2025-12-27,20,0,Hourly,SR,AS_CAISO_EXP,DAM,SP_CLR_PRC,0.41,17
2025-12-28T04:00:00-00:00,2025-12-28T05:00:00-00:00,2025-12-27,21,0,Hourly,SR,AS_NP26_EXP,DAM,SP_CLR_PRC,0.09,17
2025-12-28T04:00:00-00:00,2025-12-28T05:00:00-00:00,2025-12-27,21,0,Hourly,SR,AS_SP26_EXP,DAM,SP_CLR_PRC,0,17
2025-12-28T06:00:00-00:00,2025-12-28T07:00:00-00:00,2025-12-27,23,0,Hourly,SR,AS_NP26_EXP,DAM,SP_CLR_PRC,0.2888,17
2025-12-28T06:00:00-00:00,2025-12-28T07:00:00-00:00,2025-12-27,23,0,Hourly,SR,AS_SP26_EXP,DAM,SP_CLR_PRC,0,17
2025-12-28T07:00:00-00:00,2025-12-28T08:00:00-00:00,2025-12-27,24,0,Hourly,SR,AS_SP26,DAM,SP_CLR_PRC,0,17
2025-12-27T08:00:00-00:00,2025-12-27T09:00:00-00:00,2025-12-27,1,0,Hourly,SR,AS_CAISO_EXP,DAM,SP_CLR_PRC,1,17
2025-12-27T08:00:00-00:00,2025-12-27T09:00:00-00:00,2025-12-27,1,0,Hourly,SR,AS_NP26,DAM,SP_CLR_PRC,0,17
2025-12-27T13:00:00-00:00,2025-12-27T14:00:00-00:00,2025-12-27,6,0,Hourly,SR,AS_CAISO_EXP,DAM,SP_CLR_PRC,0.5,17
2025-12-27T14:00:00-00:00,2025-12-27T15:00:00-00:00,2025-12-27,7,0,Hourly,SR,AS_NP26_EXP,DAM,SP_CLR_PRC,0,17
2025-12-27T14:00:00-00:00,2025-12-27T15:00:00-00:00,2025-12-27,7,0,Hourly,SR,AS_SP26_EXP,DAM,SP_CLR_PRC,0,17
2025-12-27T16:00:00-00:00,2025-12-27T17:00:00-00:00,2025-12-27,9,0,Hourly,SR,AS_NP26_EXP,DAM,SP_CLR_PRC,0,17
2025-12-27T17:00:00-00:00,2025-12-27T18:00:00-00:00,2025-12-27,10,0,Hourly,SR,AS_SP26,DAM,SP_CLR_PRC,0,17
2025-12-27T18:00:00-00:00,2025-12-27T19:00:00-00:00,2025-12-27,11,0,Hourly,SR,AS_NP26,DAM,SP_CLR_PRC,0,17
2025-12-27T19:00:00-00:00,2025-12-27T20:00:00-00:00,2025-12-27,12,0,Hourly,SR,AS_CAISO_EXP,DAM,SP_CLR_PRC,0.17,17
2025-12-27T20:00:00-00:00,2025-12-27T21:00:00-00:00,2025-12-27,13,0,Hourly,SR,AS_CAISO_EXP,DAM,SP_CLR_PRC,0.17,17
2025-12-27T20:00:00-00:00,2025-12-27T21:00:00-00:00,2025-12-27,13,0,Hourly,SR,AS_NP26_EXP,DAM,SP_CLR_PRC,0.13,17
2025-12-28T15:00:00-00:00,2025-12-28T16:00:00-00:00,2025-12-28,8,0,Hourly,SR,AS_SP26_EXP,DAM,SP_CLR_PRC,0,18
2025-12-28T16:00:00-00:00,2025-12-28T17:00:00-00:00,2025-12-28,9,0,Hourly,SR,AS_CAISO_EXP,DAM,SP_CLR_PRC,1,18
2025-12-28T16:00:00-00:00,2025-12-28T17:00:00-00:00,2025-12-28,9,0,Hourly,SR,AS_NP26,DAM,SP_CLR_PRC,0,18
2025-12-28T18:00:00-00:00,2025-12-28T19:00:00-00:00,2025-12-28,11,0,Hourly,SR,AS_SP26_EXP,DAM,SP_CLR_PRC,0,18
2025-12-28T19:00:00-00:00,2025-12-28T20:00:00-00:00,2025-12-28,12,0,Hourly,SR,AS_SP26,DAM,SP_CLR_PRC,0,18
2025-12-28T20:00:00-00:00,2025-12-28T21:00:00-00:00,2025-12-28,13,0,Hourly,SR,AS_NP26_EXP,DAM,SP_CLR_PRC,0.13,18
2025-12-28T21:00:00-00:00,2025-12-28T22:00:00-00:00,2025-12-28,14,0,Hourly,SR,AS_CAISO_EXP,DAM,SP_CLR_PRC,0.17,18
2025-12-28T21:00:00-00:00,2025-12-28T22:00:00-00:00,2025-12-28,14,0,Hourly,SR,AS_SP26,DAM,SP_CLR_PRC,0,18
2025-12-28T23:00:00-00:00,2025-12-29T00:00:00-00:00,2025-12-28,16,0,Hourly,SR,AS_CAISO,DAM,SP_CLR_PRC,0,18
2025-12-28T23:00:00-00:00,2025-12-29T00:00:00-00:00,2025-12-28,16,0,Hourly,SR,AS_NP26_EXP,DAM,SP_CLR_PRC,0.33,18
2025-12-29T03:00:00-00:00,2025-12-29T04:00:00-00:00,2025-12-28,20,0,Hourly,SR,AS_CAISO,DAM,SP_CLR_PRC,0,18
2025-12-29T04:00:00-00:00,2025-12-29T05:00:00-00:00,2025-12-28,21,0,Hourly,SR,AS_CAISO_EXP,DAM,SP_CLR_PRC,0.31566,18
2025-12-29T04:00:00-00:00,2025-12-29T05:00:00-00:00,2025-12-28,21,0,Hourly,SR,AS_SP26,DAM,SP_CLR_PRC,0,18
2025-12-29T04:00:00-00:00,2025-12-29T05:00:00-00:00,2025-12-28,21,0,Hourly,SR,AS_SP26_EXP,DAM,SP_CLR_PRC,0,18
2025-12-29T05:00:00-00:00,2025-12-29T06:00:00-00:00,2025-12-28,22,0,Hourly,SR,AS_CAISO_EXP,DAM,SP_CLR_PRC,0.5,18
2025-12-29T07:00:00-00:00,2025-12-29T08:00:00-00:00,2025-12-28,24,0,Hourly,SR,AS_CAISO_EXP,DAM,SP_CLR_PRC,1,18
2025-12-29T03:00:00-00:00,2025-12-29T04:00:00-00:00,2025-12-28,20,0,Hourly,SR,AS_SP26_EXP,DAM,SP_CLR_PRC,0,18
2025-12-29T06:00:00-00:00,2025-12-29T07:00:00-00:00,2025-12-28,23,0,Hourly,SR,AS_SP26,DAM,SP_CLR_PRC,0,18
2025-12-29T06:00:00-00:00,2025-12-29T07:00:00-00:00,2025-12-28,23,0,Hourly,SR,AS_SP26_EXP,DAM,SP_CLR_PRC,0,18
2025-12-29T07:00:00-00:00,2025-12-29T08:00:00-00:00,2025-12-28,24,0,Hourly,SR,AS_CAISO,DAM,SP_CLR_PRC,0,18
2025-12-29T07:00:00-00:00,2025-12-29T08:00:00-00:00,2025-12-28,24,0,Hourly,SR,AS_NP26_EXP,DAM,SP_CLR_PRC,1.23011,18
2025-12-28T08:00:00-00:00,2025-12-28T09:00:00-00:00,2025-12-28,1,0,Hourly,SR,AS_CAISO,DAM,SP_CLR_PRC,0,18
2025-12-28T08:00:00-00:00,2025-12-28T09:00:00-00:00,2025-12-28,1,0,Hourly,SR,AS_NP26,DAM,SP_CLR_PRC,0,18
2025-12-28T11:00:00-00:00,2025-12-28T12:00:00-00:00,2025-12-28,4,0,Hourly,SR,AS_CAISO_EXP,DAM,SP_CLR_PRC,0.41097,18
2025-12-28T15:00:00-00:00,2025-12-28T16:00:00-00:00,2025-12-28,8,0,Hourly,SR,AS_NP26,DAM,SP_CLR_PRC,0,18
2025-12-28T17:00:00-00:00,2025-12-28T18:00:00-00:00,2025-12-28,10,0,Hourly,SR,AS_SP26_EXP,DAM,SP_CLR_PRC,0,18
2025-12-28T18:00:00-00:00,2025-12-28T19:00:00-00:00,2025-12-28,11,0,Hourly,SR,AS_CAISO_EXP,DAM,SP_CLR_PRC,0.17,18
2025-12-28T18:00:00-00:00,2025-12-28T19:00:00-00:00,2025-12-28,11,0,Hourly,SR,AS_NP26_EXP,DAM,SP_CLR_PRC,0.13,18
2025-12-28T22:00:00-00:00,2025-12-28T23:00:00-00:00,2025-12-28,15,0,Hourly,SR,AS_CAISO,DAM,SP_CLR_PRC,0,18
2025-12-28T22:00:00-00:00,2025-12-28T23:00:00-00:00,2025-12-28,15,0,Hourly,SR,AS_CAISO_EXP,DAM,SP_CLR_PRC,0.17,18
2025-12-28T23:00:00-00:00,2025-12-29T00:00:00-00:00,2025-12-28,16,0,Hourly,SR,AS_SP26,DAM,SP_CLR_PRC,0,18
2025-12-29T00:00:00-00:00,2025-12-29T01:00:00-00:00,2025-12-28,17,0,Hourly,SR,AS_CAISO_EXP,DAM,SP_CLR_PRC,0.31,18
2025-12-29T00:00:00-00:00,2025-12-29T01:00:00-00:00,2025-12-28,17,0,Hourly,SR,AS_NP26_EXP,DAM,SP_CLR_PRC,0.69,18
2025-12-29T01:00:00-00:00,2025-12-29T02:00:00-00:00,2025-12-28,18,0,Hourly,SR,AS_CAISO,DAM,SP_CLR_PRC,0,18
2025-12-29T01:00:00-00:00,2025-12-29T02:00:00-00:00,2025-12-28,18,0,Hourly,SR,AS_NP26,DAM,SP_CLR_PRC,0,18
2025-12-29T01:00:00-00:00,2025-12-29T02:00:00-00:00,2025-12-28,18,0,Hourly,SR,AS_SP26,DAM,SP_CLR_PRC,0,18
2025-12-29T02:00:00-00:00,2025-12-29T03:00:00-00:00,2025-12-28,19,0,Hourly,SR,AS_SP26,DAM,SP_CLR_PRC,0,18
2025-12-29T06:00:00-00:00,2025-12-29T07:00:00-00:00,2025-12-28,23,0,Hourly,SR,AS_CAISO_EXP,DAM,SP_CLR_PRC,0.53111,18
2025-12-29T06:00:00-00:00,2025-12-29T07:00:00-00:00,2025-12-28,23,0,Hourly,SR,AS_NP26_EXP,DAM,SP_CLR_PRC,0.96889,18
2025-12-28T09:00:00-00:00,2025-12-28T10:00:00-00:00,2025-12-28,2,0,Hourly,SR,AS_SP26,DAM,SP_CLR_PRC,0,18
2025-12-28T09:00:00-00:00,2025-12-28T10:00:00-00:00,2025-12-28,2,0,Hourly,SR,AS_SP26_EXP,DAM,SP_CLR_PRC,0,18
2025-12-28T10:00:00-00:00,2025-12-28T11:00:00-00:00,2025-12-28,3,0,Hourly,SR,AS_NP26,DAM,SP_CLR_PRC,0,18
2025-12-28T10:00:00-00:00,2025-12-28T11:00:00-00:00,2025-12-28,3,0,Hourly,SR,AS_SP26,DAM,SP_CLR_PRC,0,18
2025-12-28T11:00:00-00:00,2025-12-28T12:00:00-00:00,2025-12-28,4,0,Hourly,SR,AS_NP26_EXP,DAM,SP_CLR_PRC,0.08903,18
2025-12-28T12:00:00-00:00,2025-12-28T13:00:00-00:00,2025-12-28,5,0,Hourly,SR,AS_CAISO,DAM,SP_CLR_PRC,0,18
2025-12-28T12:00:00-00:00,2025-12-28T13:00:00-00:00,2025-12-28,5,0,Hourly,SR,AS_SP26_EXP,DAM,SP_CLR_PRC,0,18
2025-12-28T13:00:00-00:00,2025-12-28T14:00:00-00:00,2025-12-28,6,0,Hourly,SR,AS_NP26_EXP,DAM,SP_CLR_PRC,0,18
2025-12-28T16:00:00-00:00,2025-12-28T17:00:00-00:00,2025-12-28,9,0,Hourly,SR,AS_SP26_EXP,DAM,SP_CLR_PRC,0,18
2025-12-28T19:00:00-00:00,2025-12-28T20:00:00-00:00,2025-12-28,12,0,Hourly,SR,AS_CAISO_EXP,DAM,SP_CLR_PRC,0.17,18
2025-12-28T20:00:00-00:00,2025-12-28T21:00:00-00:00,2025-12-28,13,0,Hourly,SR,AS_SP26,DAM,SP_CLR_PRC,0,18
2025-12-28T23:00:00-00:00,2025-12-29T00:00:00-00:00,2025-12-28,16,0,Hourly,SR,AS_SP26_EXP,DAM,SP_CLR_PRC,0,18
2025-12-29T00:00:00-00:00,2025-12-29T01:00:00-00:00,2025-12-28,17,0,Hourly,SR,AS_CAISO,DAM,SP_CLR_PRC,0,18
2025-12-29T00:00:00-00:00,2025-12-29T01:00:00-00:00,2025-12-28,17,0,Hourly,SR,AS_SP26,DAM,SP_CLR_PRC,0,18
2025-12-29T01:00:00-00:00,2025-12-29T02:00:00-00:00,2025-12-28,18,0,Hourly,SR,AS_SP26_EXP,DAM,SP_CLR_PRC,0,18
2025-12-29T02:00:00-00:00,2025-12-29T03:00:00-00:00,2025-12-28,19,0,Hourly,SR,AS_SP26_EXP,DAM,SP_CLR_PRC,0,18
2025-12-29T03:00:00-00:00,2025-12-29T04:00:00-00:00,2025-12-28,20,0,Hourly,SR,AS_NP26,DAM,SP_CLR_PRC,0,18
2025-12-29T05:00:00-00:00,2025-12-29T06:00:00-00:00,2025-12-28,22,0,Hourly,SR,AS_CAISO,DAM,SP_CLR_PRC,0,18
2025-12-29T05:00:00-00:00,2025-12-29T06:00:00-00:00,2025-12-28,22,0,Hourly,SR,AS_SP26,DAM,SP_CLR_PRC,0,18
2025-12-29T07:00:00-00:00,2025-12-29T08:00:00-00:00,2025-12-28,24,0,Hourly,SR,AS_NP26,DAM,SP_CLR_PRC,0,18
2025-12-28T16:00:00-00:00,2025-12-28T17:00:00-00:00,2025-12-28,9,0,Hourly,SR,AS_NP26_EXP,DAM,SP_CLR_PRC,0,18
2025-12-28T17:00:00-00:00,2025-12-28T18:00:00-00:00,2025-12-28,10,0,Hourly,SR,AS_NP26,DAM,SP_CLR_PRC,0,18
2025-12-28T18:00:00-00:00,2025-12-28T19:00:00-00:00,2025-12-28,11,0,Hourly,SR,AS_SP26,DAM,SP_CLR_PRC,0,18
2025-12-28T20:00:00-00:00,2025-12-28T21:00:00-00:00,2025-12-28,13,0,Hourly,SR,AS_CAISO_EXP,DAM,SP_CLR_PRC,0.17,18
2025-12-28T20:00:00-00:00,2025-12-28T21:00:00-00:00,2025-12-28,13,0,Hourly,SR,AS_SP26_EXP,DAM,SP_CLR_PRC,0,18
2025-12-29T00:00:00-00:00,2025-12-29T01:00:00-00:00,2025-12-28,17,0,Hourly,SR,AS_NP26,DAM,SP_CLR_PRC,0,18
2025-12-29T02:00:00-00:00,2025-12-29T03:00:00-00:00,2025-12-28,19,0,Hourly,SR,AS_NP26,DAM,SP_CLR_PRC,0,18
2025-12-29T03:00:00-00:00,2025-12-29T04:00:00-00:00,2025-12-28,20,0,Hourly,SR,AS_CAISO_EXP,DAM,SP_CLR_PRC,0.31,18
2025-12-29T06:00:00-00:00,2025-12-29T07:00:00-00:00,2025-12-28,23,0,Hourly,SR,AS_CAISO,DAM,SP_CLR_PRC,0,18
2025-12-29T06:00:00-00:00,2025-12-29T07:00:00-00:00,2025-12-28,23,0,Hourly,SR,AS_NP26,DAM,SP_CLR_PRC,0,18
2025-12-29T07:00:00-00:00,2025-12-29T08:00:00-00:00,2025-12-28,24,0,Hourly,SR,AS_SP26,DAM,SP_CLR_PRC,0,18
2025-12-29T07:00:00-00:00,2025-12-29T08:00:00-00:00,2025-12-28,24,0,Hourly,SR,AS_SP26_EXP,DAM,SP_CLR_PRC,0,18
2025-12-28T08:00:00-00:00,2025-12-28T09:00:00-00:00,2025-12-28,1,0,Hourly,SR,AS_SP26,DAM,SP_CLR_PRC,0,18
2025-12-28T11:00:00-00:00,2025-12-28T12:00:00-00:00,2025-12-28,4,0,Hourly,SR,AS_SP26_EXP,DAM,SP_CLR_PRC,0,18
2025-12-28T12:00:00-00:00,2025-12-28T13:00:00-00:00,2025-12-28,5,0,Hourly,SR,AS_CAISO_EXP,DAM,SP_CLR_PRC,0.5,18
2025-12-28T12:00:00-00:00,2025-12-28T13:00:00-00:00,2025-12-28,5,0,Hourly,SR,AS_NP26_EXP,DAM,SP_CLR_PRC,0,18
2025-12-28T13:00:00-00:00,2025-12-28T14:00:00-00:00,2025-12-28,6,0,Hourly,SR,AS_SP26,DAM,SP_CLR_PRC,0,18
2025-12-28T14:00:00-00:00,2025-12-28T15:00:00-00:00,2025-12-28,7,0,Hourly,SR,AS_CAISO_EXP,DAM,SP_CLR_PRC,1.71081,18
2025-12-28T14:00:00-00:00,2025-12-28T15:00:00-00:00,2025-12-28,7,0,Hourly,SR,AS_SP26_EXP,DAM,SP_CLR_PRC,0,18
2025-12-28T15:00:00-00:00,2025-12-28T16:00:00-00:00,2025-12-28,8,0,Hourly,SR,AS_CAISO,DAM,SP_CLR_PRC,0,18
2025-12-28T15:00:00-00:00,2025-12-28T16:00:00-00:00,2025-12-28,8,0,Hourly,SR,AS_SP26,DAM,SP_CLR_PRC,0,18
2025-12-28T08:00:00-00:00,2025-12-28T09:00:00-00:00,2025-12-28,1,0,Hourly,SR,AS_CAISO_EXP,DAM,SP_CLR_PRC,1,18
2025-12-28T10:00:00-00:00,2025-12-28T11:00:00-00:00,2025-12-28,3,0,Hourly,SR,AS_CAISO_EXP,DAM,SP_CLR_PRC,0.61703,18
2025-12-28T10:00:00-00:00,2025-12-28T11:00:00-00:00,2025-12-28,3,0,Hourly,SR,AS_SP26_EXP,DAM,SP_CLR_PRC,0,18
2025-12-28T13:00:00-00:00,2025-12-28T14:00:00-00:00,2025-12-28,6,0,Hourly,SR,AS_CAISO_EXP,DAM,SP_CLR_PRC,0.5,18
2025-12-28T15:00:00-00:00,2025-12-28T16:00:00-00:00,2025-12-28,8,0,Hourly,SR,AS_NP26_EXP,DAM,SP_CLR_PRC,0,18
2025-12-28T15:00:00-00:00,2025-12-28T16:00:00-00:00,2025-12-28,8,0,Hourly,SR,AS_CAISO_EXP,DAM,SP_CLR_PRC,0.51236,18
2025-12-28T17:00:00-00:00,2025-12-28T18:00:00-00:00,2025-12-28,10,0,Hourly,SR,AS_SP26,DAM,SP_CLR_PRC,0,18
2025-12-28T18:00:00-00:00,2025-12-28T19:00:00-00:00,2025-12-28,11,0,Hourly,SR,AS_CAISO,DAM,SP_CLR_PRC,0,18
2025-12-28T19:00:00-00:00,2025-12-28T20:00:00-00:00,2025-12-28,12,0,Hourly,SR,AS_NP26,DAM,SP_CLR_PRC,0,18
2025-12-28T19:00:00-00:00,2025-12-28T20:00:00-00:00,2025-12-28,12,0,Hourly,SR,AS_NP26_EXP,DAM,SP_CLR_PRC,0.24,18
2025-12-28T20:00:00-00:00,2025-12-28T21:00:00-00:00,2025-12-28,13,0,Hourly,SR,AS_NP26,DAM,SP_CLR_PRC,0,18
2025-12-28T21:00:00-00:00,2025-12-28T22:00:00-00:00,2025-12-28,14,0,Hourly,SR,AS_CAISO,DAM,SP_CLR_PRC,0,18
2025-12-28T21:00:00-00:00,2025-12-28T22:00:00-00:00,2025-12-28,14,0,Hourly,SR,AS_NP26,DAM,SP_CLR_PRC,0,18
2025-12-28T21:00:00-00:00,2025-12-28T22:00:00-00:00,2025-12-28,14,0,Hourly,SR,AS_SP26_EXP,DAM,SP_CLR_PRC,0,18
2025-12-28T22:00:00-00:00,2025-12-28T23:00:00-00:00,2025-12-28,15,0,Hourly,SR,AS_NP26_EXP,DAM,SP_CLR_PRC,0.24,18
2025-12-28T22:00:00-00:00,2025-12-28T23:00:00-00:00,2025-12-28,15,0,Hourly,SR,AS_SP26,DAM,SP_CLR_PRC,0,18
2025-12-28T23:00:00-00:00,2025-12-29T00:00:00-00:00,2025-12-28,16,0,Hourly,SR,AS_NP26,DAM,SP_CLR_PRC,0,18
2025-12-29T02:00:00-00:00,2025-12-29T03:00:00-00:00,2025-12-28,19,0,Hourly,SR,AS_CAISO,DAM,SP_CLR_PRC,0,18
2025-12-29T04:00:00-00:00,2025-12-29T05:00:00-00:00,2025-12-28,21,0,Hourly,SR,AS_NP26_EXP,DAM,SP_CLR_PRC,0.68434,18
2025-12-29T05:00:00-00:00,2025-12-29T06:00:00-00:00,2025-12-28,22,0,Hourly,SR,AS_NP26,DAM,SP_CLR_PRC,0,18
2025-12-29T05:00:00-00:00,2025-12-29T06:00:00-00:00,2025-12-28,22,0,Hourly,SR,AS_NP26_EXP,DAM,SP_CLR_PRC,0.5,18
2025-12-29T05:00:00-00:00,2025-12-29T06:00:00-00:00,2025-12-28,22,0,Hourly,SR,AS_SP26_EXP,DAM,SP_CLR_PRC,0,18
2025-12-28T08:00:00-00:00,2025-12-28T09:00:00-00:00,2025-12-28,1,0,Hourly,SR,AS_NP26_EXP,DAM,SP_CLR_PRC,0,18
2025-12-28T09:00:00-00:00,2025-12-28T10:00:00-00:00,2025-12-28,2,0,Hourly,SR,AS_NP26_EXP,DAM,SP_CLR_PRC,0,18
2025-12-28T10:00:00-00:00,2025-12-28T11:00:00-00:00,2025-12-28,3,0,Hourly,SR,AS_NP26_EXP,DAM,SP_CLR_PRC,0,18
2025-12-28T14:00:00-00:00,2025-12-28T15:00:00-00:00,2025-12-28,7,0,Hourly,SR,AS_NP26_EXP,DAM,SP_CLR_PRC,0,18
2025-12-28T17:00:00-00:00,2025-12-28T18:00:00-00:00,2025-12-28,10,0,Hourly,SR,AS_CAISO_EXP,DAM,SP_CLR_PRC,0.36529,18
2025-12-28T19:00:00-00:00,2025-12-28T20:00:00-00:00,2025-12-28,12,0,Hourly,SR,AS_SP26_EXP,DAM,SP_CLR_PRC,0,18
2025-12-28T21:00:00-00:00,2025-12-28T22:00:00-00:00,2025-12-28,14,0,Hourly,SR,AS_NP26_EXP,DAM,SP_CLR_PRC,0.13,18
2025-12-28T23:00:00-00:00,2025-12-29T00:00:00-00:00,2025-12-28,16,0,Hourly,SR,AS_CAISO_EXP,DAM,SP_CLR_PRC,0.17,18
2025-12-29T00:00:00-00:00,2025-12-29T01:00:00-00:00,2025-12-28,17,0,Hourly,SR,AS_SP26_EXP,DAM,SP_CLR_PRC,0,18
2025-12-29T01:00:00-00:00,2025-12-29T02:00:00-00:00,2025-12-28,18,0,Hourly,SR,AS_CAISO_EXP,DAM,SP_CLR_PRC,0.3534,18
2025-12-29T01:00:00-00:00,2025-12-29T02:00:00-00:00,2025-12-28,18,0,Hourly,SR,AS_NP26_EXP,DAM,SP_CLR_PRC,0.6466,18
2025-12-29T03:00:00-00:00,2025-12-29T04:00:00-00:00,2025-12-28,20,0,Hourly,SR,AS_SP26,DAM,SP_CLR_PRC,0,18
2025-12-29T04:00:00-00:00,2025-12-29T05:00:00-00:00,2025-12-28,21,0,Hourly,SR,AS_NP26,DAM,SP_CLR_PRC,0,18
2025-12-28T08:00:00-00:00,2025-12-28T09:00:00-00:00,2025-12-28,1,0,Hourly,SR,AS_SP26_EXP,DAM,SP_CLR_PRC,0,18
2025-12-28T09:00:00-00:00,2025-12-28T10:00:00-00:00,2025-12-28,2,0,Hourly,SR,AS_CAISO,DAM,SP_CLR_PRC,0,18
2025-12-28T09:00:00-00:00,2025-12-28T10:00:00-00:00,2025-12-28,2,0,Hourly,SR,AS_NP26,DAM,SP_CLR_PRC,0,18
2025-12-28T10:00:00-00:00,2025-12-28T11:00:00-00:00,2025-12-28,3,0,Hourly,SR,AS_CAISO,DAM,SP_CLR_PRC,0,18
2025-12-28T11:00:00-00:00,2025-12-28T12:00:00-00:00,2025-12-28,4,0,Hourly,SR,AS_CAISO,DAM,SP_CLR_PRC,0,18
2025-12-28T11:00:00-00:00,2025-12-28T12:00:00-00:00,2025-12-28,4,0,Hourly,SR,AS_SP26,DAM,SP_CLR_PRC,0,18
2025-12-28T12:00:00-00:00,2025-12-28T13:00:00-00:00,2025-12-28,5,0,Hourly,SR,AS_NP26,DAM,SP_CLR_PRC,0,18
2025-12-28T13:00:00-00:00,2025-12-28T14:00:00-00:00,2025-12-28,6,0,Hourly,SR,AS_CAISO,DAM,SP_CLR_PRC,0,18
2025-12-28T14:00:00-00:00,2025-12-28T15:00:00-00:00,2025-12-28,7,0,Hourly,SR,AS_NP26,DAM,SP_CLR_PRC,0,18
2025-12-28T16:00:00-00:00,2025-12-28T17:00:00-00:00,2025-12-28,9,0,Hourly,SR,AS_CAISO,DAM,SP_CLR_PRC,0,18
2025-12-28T17:00:00-00:00,2025-12-28T18:00:00-00:00,2025-12-28,10,0,Hourly,SR,AS_CAISO,DAM,SP_CLR_PRC,0,18
2025-12-28T18:00:00-00:00,2025-12-28T19:00:00-00:00,2025-12-28,11,0,Hourly,SR,AS_NP26,DAM,SP_CLR_PRC,0,18
2025-12-28T19:00:00-00:00,2025-12-28T20:00:00-00:00,2025-12-28,12,0,Hourly,SR,AS_CAISO,DAM,SP_CLR_PRC,0,18
2025-12-28T20:00:00-00:00,2025-12-28T21:00:00-00:00,2025-12-28,13,0,Hourly,SR,AS_CAISO,DAM,SP_CLR_PRC,0,18
2025-12-28T22:00:00-00:00,2025-12-28T23:00:00-00:00,2025-12-28,15,0,Hourly,SR,AS_NP26,DAM,SP_CLR_PRC,0,18
2025-12-28T22:00:00-00:00,2025-12-28T23:00:00-00:00,2025-12-28,15,0,Hourly,SR,AS_SP26_EXP,DAM,SP_CLR_PRC,0,18
2025-12-29T04:00:00-00:00,2025-12-29T05:00:00-00:00,2025-12-28,21,0,Hourly,SR,AS_CAISO,DAM,SP_CLR_PRC,0,18
2025-12-28T09:00:00-00:00,2025-12-28T10:00:00-00:00,2025-12-28,2,0,Hourly,SR,AS_CAISO_EXP,DAM,SP_CLR_PRC,0.86748,18
2025-12-28T11:00:00-00:00,2025-12-28T12:00:00-00:00,2025-12-28,4,0,Hourly,SR,AS_NP26,DAM,SP_CLR_PRC,0,18
2025-12-28T12:00:00-00:00,2025-12-28T13:00:00-00:00,2025-12-28,5,0,Hourly,SR,AS_SP26,DAM,SP_CLR_PRC,0,18
2025-12-28T13:00:00-00:00,2025-12-28T14:00:00-00:00,2025-12-28,6,0,Hourly,SR,AS_NP26,DAM,SP_CLR_PRC,0,18
2025-12-28T13:00:00-00:00,2025-12-28T14:00:00-00:00,2025-12-28,6,0,Hourly,SR,AS_SP26_EXP,DAM,SP_CLR_PRC,0,18
2025-12-28T14:00:00-00:00,2025-12-28T15:00:00-00:00,2025-12-28,7,0,Hourly,SR,AS_CAISO,DAM,SP_CLR_PRC,0,18
2025-12-28T14:00:00-00:00,2025-12-28T15:00:00-00:00,2025-12-28,7,0,Hourly,SR,AS_SP26,DAM,SP_CLR_PRC,0,18
2025-12-28T16:00:00-00:00,2025-12-28T17:00:00-00:00,2025-12-28,9,0,Hourly,SR,AS_SP26,DAM,SP_CLR_PRC,0,18
2025-12-28T17:00:00-00:00,2025-12-28T18:00:00-00:00,2025-12-28,10,0,Hourly,SR,AS_NP26_EXP,DAM,SP_CLR_PRC,0.04471,18
2025-12-29T02:00:00-00:00,2025-12-29T03:00:00-00:00,2025-12-28,19,0,Hourly,SR,AS_CAISO_EXP,DAM,SP_CLR_PRC,0.31305,18
2025-12-29T02:00:00-00:00,2025-12-29T03:00:00-00:00,2025-12-28,19,0,Hourly,SR,AS_NP26_EXP,DAM,SP_CLR_PRC,0.68695,18
2025-12-29T03:00:00-00:00,2025-12-29T04:00:00-00:00,2025-12-28,20,0,Hourly,SR,AS_NP26_EXP,DAM,SP_CLR_PRC,0.69,18
2025-12-29T15:00:00-00:00,2025-12-29T16:00:00-00:00,2025-12-29,8,0,Hourly,SR,AS_CAISO_EXP,DAM,SP_CLR_PRC,0.5,19
2025-12-29T18:00:00-00:00,2025-12-29T19:00:00-00:00,2025-12-29,11,0,Hourly,SR,AS_SP26,DAM,SP_CLR_PRC,0,19
2025-12-29T18:00:00-00:00,2025-12-29T19:00:00-00:00,2025-12-29,11,0,Hourly,SR,AS_SP26_EXP,DAM,SP_CLR_PRC,0,19
2025-12-29T20:00:00-00:00,2025-12-29T21:00:00-00:00,2025-12-29,13,0,Hourly,SR,AS_CAISO,DAM,SP_CLR_PRC,0,19
2025-12-29T20:00:00-00:00,2025-12-29T21:00:00-00:00,2025-12-29,13,0,Hourly,SR,AS_NP26_EXP,DAM,SP_CLR_PRC,0.18,19
2025-12-29T21:00:00-00:00,2025-12-29T22:00:00-00:00,2025-12-29,14,0,Hourly,SR,AS_SP26,DAM,SP_CLR_PRC,0,19
2025-12-29T22:00:00-00:00,2025-12-29T23:00:00-00:00,2025-12-29,15,0,Hourly,SR,AS_SP26,DAM,SP_CLR_PRC,0,19
2025-12-29T23:00:00-00:00,2025-12-30T00:00:00-00:00,2025-12-29,16,0,Hourly,SR,AS_CAISO_EXP,DAM,SP_CLR_PRC,0.17,19
2025-12-30T00:00:00-00:00,2025-12-30T01:00:00-00:00,2025-12-29,17,0,Hourly,SR,AS_NP26_EXP,DAM,SP_CLR_PRC,0.62438,19
2025-12-30T01:00:00-00:00,2025-12-30T02:00:00-00:00,2025-12-29,18,0,Hourly,SR,AS_CAISO,DAM,SP_CLR_PRC,0,19
2025-12-30T01:00:00-00:00,2025-12-30T02:00:00-00:00,2025-12-29,18,0,Hourly,SR,AS_CAISO_EXP,DAM,SP_CLR_PRC,0.5,19
2025-12-30T02:00:00-00:00,2025-12-30T03:00:00-00:00,2025-12-29,19,0,Hourly,SR,AS_NP26,DAM,SP_CLR_PRC,0,19
2025-12-30T04:00:00-00:00,2025-12-30T05:00:00-00:00,2025-12-29,21,0,Hourly,SR,AS_NP26,DAM,SP_CLR_PRC,0,19
2025-12-30T05:00:00-00:00,2025-12-30T06:00:00-00:00,2025-12-29,22,0,Hourly,SR,AS_NP26_EXP,DAM,SP_CLR_PRC,0.5,19
2025-12-30T05:00:00-00:00,2025-12-30T06:00:00-00:00,2025-12-29,22,0,Hourly,SR,AS_CAISO_EXP,DAM,SP_CLR_PRC,0.5,19
2025-12-30T07:00:00-00:00,2025-12-30T08:00:00-00:00,2025-12-29,24,0,Hourly,SR,AS_SP26,DAM,SP_CLR_PRC,0,19
2025-12-30T07:00:00-00:00,2025-12-30T08:00:00-00:00,2025-12-29,24,0,Hourly,SR,AS_CAISO,DAM,SP_CLR_PRC,0,19
2025-12-29T08:00:00-00:00,2025-12-29T09:00:00-00:00,2025-12-29,1,0,Hourly,SR,AS_NP26_EXP,DAM,SP_CLR_PRC,0.27411,19
2025-12-29T09:00:00-00:00,2025-12-29T10:00:00-00:00,2025-12-29,2,0,Hourly,SR,AS_CAISO,DAM,SP_CLR_PRC,0,19
2025-12-29T09:00:00-00:00,2025-12-29T10:00:00-00:00,2025-12-29,2,0,Hourly,SR,AS_CAISO_EXP,DAM,SP_CLR_PRC,0.5,19
2025-12-29T12:00:00-00:00,2025-12-29T13:00:00-00:00,2025-12-29,5,0,Hourly,SR,AS_CAISO,DAM,SP_CLR_PRC,0,19
2025-12-29T12:00:00-00:00,2025-12-29T13:00:00-00:00,2025-12-29,5,0,Hourly,SR,AS_SP26,DAM,SP_CLR_PRC,0,19
2025-12-29T14:00:00-00:00,2025-12-29T15:00:00-00:00,2025-12-29,7,0,Hourly,SR,AS_SP26_EXP,DAM,SP_CLR_PRC,0,19
2025-12-29T15:00:00-00:00,2025-12-29T16:00:00-00:00,2025-12-29,8,0,Hourly,SR,AS_SP26,DAM,SP_CLR_PRC,0,19
2025-12-29T16:00:00-00:00,2025-12-29T17:00:00-00:00,2025-12-29,9,0,Hourly,SR,AS_NP26,DAM,SP_CLR_PRC,0,19
2025-12-29T17:00:00-00:00,2025-12-29T18:00:00-00:00,2025-12-29,10,0,Hourly,SR,AS_CAISO_EXP,DAM,SP_CLR_PRC,0.81668,19
2025-12-29T19:00:00-00:00,2025-12-29T20:00:00-00:00,2025-12-29,12,0,Hourly,SR,AS_CAISO_EXP,DAM,SP_CLR_PRC,0.17,19
2025-12-29T19:00:00-00:00,2025-12-29T20:00:00-00:00,2025-12-29,12,0,Hourly,SR,AS_SP26_EXP,DAM,SP_CLR_PRC,0,19
2025-12-29T21:00:00-00:00,2025-12-29T22:00:00-00:00,2025-12-29,14,0,Hourly,SR,AS_NP26,DAM,SP_CLR_PRC,0,19
2025-12-29T22:00:00-00:00,2025-12-29T23:00:00-00:00,2025-12-29,15,0,Hourly,SR,AS_NP26,DAM,SP_CLR_PRC,0,19
2025-12-30T00:00:00-00:00,2025-12-30T01:00:00-00:00,2025-12-29,17,0,Hourly,SR,AS_CAISO,DAM,SP_CLR_PRC,0,19
2025-12-30T00:00:00-00:00,2025-12-30T01:00:00-00:00,2025-12-29,17,0,Hourly,SR,AS_CAISO_EXP,DAM,SP_CLR_PRC,0.37562,19
2025-12-30T00:00:00-00:00,2025-12-30T01:00:00-00:00,2025-12-29,17,0,Hourly,SR,AS_SP26,DAM,SP_CLR_PRC,0,19
2025-12-30T01:00:00-00:00,2025-12-30T02:00:00-00:00,2025-12-29,18,0,Hourly,SR,AS_NP26_EXP,DAM,SP_CLR_PRC,0.5,19
2025-12-30T01:00:00-00:00,2025-12-30T02:00:00-00:00,2025-12-29,18,0,Hourly,SR,AS_SP26,DAM,SP_CLR_PRC,0,19
2025-12-30T03:00:00-00:00,2025-12-30T04:00:00-00:00,2025-12-29,20,0,Hourly,SR,AS_CAISO,DAM,SP_CLR_PRC,0,19
2025-12-30T04:00:00-00:00,2025-12-30T05:00:00-00:00,2025-12-29,21,0,Hourly,SR,AS_CAISO_EXP,DAM,SP_CLR_PRC,0.41,19
2025-12-30T05:00:00-00:00,2025-12-30T06:00:00-00:00,2025-12-29,22,0,Hourly,SR,AS_SP26_EXP,DAM,SP_CLR_PRC,0,19
2025-12-30T06:00:00-00:00,2025-12-30T07:00:00-00:00,2025-12-29,23,0,Hourly,SR,AS_CAISO,DAM,SP_CLR_PRC,0,19
2025-12-29T09:00:00-00:00,2025-12-29T10:00:00-00:00,2025-12-29,2,0,Hourly,SR,AS_SP26_EXP,DAM,SP_CLR_PRC,0,19
2025-12-29T10:00:00-00:00,2025-12-29T11:00:00-00:00,2025-12-29,3,0,Hourly,SR,AS_SP26,DAM,SP_CLR_PRC,0,19
2025-12-29T10:00:00-00:00,2025-12-29T11:00:00-00:00,2025-12-29,3,0,Hourly,SR,AS_SP26_EXP,DAM,SP_CLR_PRC,0,19
2025-12-29T11:00:00-00:00,2025-12-29T12:00:00-00:00,2025-12-29,4,0,Hourly,SR,AS_CAISO,DAM,SP_CLR_PRC,0,19
2025-12-29T11:00:00-00:00,2025-12-29T12:00:00-00:00,2025-12-29,4,0,Hourly,SR,AS_NP26,DAM,SP_CLR_PRC,0,19
2025-12-29T13:00:00-00:00,2025-12-29T14:00:00-00:00,2025-12-29,6,0,Hourly,SR,AS_NP26_EXP,DAM,SP_CLR_PRC,0,19
2025-12-29T14:00:00-00:00,2025-12-29T15:00:00-00:00,2025-12-29,7,0,Hourly,SR,AS_CAISO_EXP,DAM,SP_CLR_PRC,0.5,19
2025-12-29T14:00:00-00:00,2025-12-29T15:00:00-00:00,2025-12-29,7,0,Hourly,SR,AS_NP26,DAM,SP_CLR_PRC,0,19
2025-12-29T14:00:00-00:00,2025-12-29T15:00:00-00:00,2025-12-29,7,0,Hourly,SR,AS_NP26_EXP,DAM,SP_CLR_PRC,0.5,19
2025-12-29T15:00:00-00:00,2025-12-29T16:00:00-00:00,2025-12-29,8,0,Hourly,SR,AS_NP26_EXP,DAM,SP_CLR_PRC,0.5,19
2025-12-29T15:00:00-00:00,2025-12-29T16:00:00-00:00,2025-12-29,8,0,Hourly,SR,AS_SP26_EXP,DAM,SP_CLR_PRC,0,19
2025-12-29T16:00:00-00:00,2025-12-29T17:00:00-00:00,2025-12-29,9,0,Hourly,SR,AS_CAISO,DAM,SP_CLR_PRC,0,19
2025-12-29T16:00:00-00:00,2025-12-29T17:00:00-00:00,2025-12-29,9,0,Hourly,SR,AS_SP26,DAM,SP_CLR_PRC,0,19
2025-12-29T17:00:00-00:00,2025-12-29T18:00:00-00:00,2025-12-29,10,0,Hourly,SR,AS_CAISO,DAM,SP_CLR_PRC,0,19
2025-12-29T20:00:00-00:00,2025-12-29T21:00:00-00:00,2025-12-29,13,0,Hourly,SR,AS_NP26,DAM,SP_CLR_PRC,0,19
2025-12-29T21:00:00-00:00,2025-12-29T22:00:00-00:00,2025-12-29,14,0,Hourly,SR,AS_CAISO,DAM,SP_CLR_PRC,0,19
2025-12-29T23:00:00-00:00,2025-12-30T00:00:00-00:00,2025-12-29,16,0,Hourly,SR,AS_NP26,DAM,SP_CLR_PRC,0,19
2025-12-30T06:00:00-00:00,2025-12-30T07:00:00-00:00,2025-12-29,23,0,Hourly,SR,AS_SP26_EXP,DAM,SP_CLR_PRC,0,19
2025-12-30T07:00:00-00:00,2025-12-30T08:00:00-00:00,2025-12-29,24,0,Hourly,SR,AS_NP26,DAM,SP_CLR_PRC,0,19
2025-12-29T09:00:00-00:00,2025-12-29T10:00:00-00:00,2025-12-29,2,0,Hourly,SR,AS_NP26_EXP,DAM,SP_CLR_PRC,0,19
2025-12-29T11:00:00-00:00,2025-12-29T12:00:00-00:00,2025-12-29,4,0,Hourly,SR,AS_SP26,DAM,SP_CLR_PRC,0,19
2025-12-29T11:00:00-00:00,2025-12-29T12:00:00-00:00,2025-12-29,4,0,Hourly,SR,AS_SP26_EXP,DAM,SP_CLR_PRC,0,19
2025-12-29T12:00:00-00:00,2025-12-29T13:00:00-00:00,2025-12-29,5,0,Hourly,SR,AS_NP26_EXP,DAM,SP_CLR_PRC,0,19
2025-12-29T13:00:00-00:00,2025-12-29T14:00:00-00:00,2025-12-29,6,0,Hourly,SR,AS_CAISO_EXP,DAM,SP_CLR_PRC,0.5,19
2025-12-29T13:00:00-00:00,2025-12-29T14:00:00-00:00,2025-12-29,6,0,Hourly,SR,AS_SP26,DAM,SP_CLR_PRC,0,19
2025-12-29T14:00:00-00:00,2025-12-29T15:00:00-00:00,2025-12-29,7,0,Hourly,SR,AS_CAISO,DAM,SP_CLR_PRC,0,19
2025-12-29T14:00:00-00:00,2025-12-29T15:00:00-00:00,2025-12-29,7,0,Hourly,SR,AS_SP26,DAM,SP_CLR_PRC,0,19
2025-12-29T17:00:00-00:00,2025-12-29T18:00:00-00:00,2025-12-29,10,0,Hourly,SR,AS_SP26,DAM,SP_CLR_PRC,0,19
2025-12-29T17:00:00-00:00,2025-12-29T18:00:00-00:00,2025-12-29,10,0,Hourly,SR,AS_SP26_EXP,DAM,SP_CLR_PRC,0,19
2025-12-29T18:00:00-00:00,2025-12-29T19:00:00-00:00,2025-12-29,11,0,Hourly,SR,AS_NP26_EXP,DAM,SP_CLR_PRC,0.89937,19
2025-12-29T20:00:00-00:00,2025-12-29T21:00:00-00:00,2025-12-29,13,0,Hourly,SR,AS_SP26,DAM,SP_CLR_PRC,0,19
2025-12-29T22:00:00-00:00,2025-12-29T23:00:00-00:00,2025-12-29,15,0,Hourly,SR,AS_CAISO,DAM,SP_CLR_PRC,0,19
2025-12-29T22:00:00-00:00,2025-12-29T23:00:00-00:00,2025-12-29,15,0,Hourly,SR,AS_CAISO_EXP,DAM,SP_CLR_PRC,0.17,19
2025-12-29T22:00:00-00:00,2025-12-29T23:00:00-00:00,2025-12-29,15,0,Hourly,SR,AS_NP26_EXP,DAM,SP_CLR_PRC,0.33,19
2025-12-29T23:00:00-00:00,2025-12-30T00:00:00-00:00,2025-12-29,16,0,Hourly,SR,AS_NP26_EXP,DAM,SP_CLR_PRC,0.44423,19
2025-12-30T03:00:00-00:00,2025-12-30T04:00:00-00:00,2025-12-29,20,0,Hourly,SR,AS_SP26,DAM,SP_CLR_PRC,0,19
2025-12-30T04:00:00-00:00,2025-12-30T05:00:00-00:00,2025-12-29,21,0,Hourly,SR,AS_NP26_EXP,DAM,SP_CLR_PRC,0.59,19
2025-12-30T06:00:00-00:00,2025-12-30T07:00:00-00:00,2025-12-29,23,0,Hourly,SR,AS_NP26_EXP,DAM,SP_CLR_PRC,0.5,19
2025-12-30T06:00:00-00:00,2025-12-30T07:00:00-00:00,2025-12-29,23,0,Hourly,SR,AS_SP26,DAM,SP_CLR_PRC,0,19
2025-12-30T07:00:00-00:00,2025-12-30T08:00:00-00:00,2025-12-29,24,0,Hourly,SR,AS_CAISO_EXP,DAM,SP_CLR_PRC,1,19
2025-12-29T09:00:00-00:00,2025-12-29T10:00:00-00:00,2025-12-29,2,0,Hourly,SR,AS_SP26,DAM,SP_CLR_PRC,0,19
2025-12-29T08:00:00-00:00,2025-12-29T09:00:00-00:00,2025-12-29,1,0,Hourly,SR,AS_CAISO_EXP,DAM,SP_CLR_PRC,1,19
2025-12-29T08:00:00-00:00,2025-12-29T09:00:00-00:00,2025-12-29,1,0,Hourly,SR,AS_SP26,DAM,SP_CLR_PRC,0,19
2025-12-29T10:00:00-00:00,2025-12-29T11:00:00-00:00,2025-12-29,3,0,Hourly,SR,AS_CAISO_EXP,DAM,SP_CLR_PRC,0.41,19
2025-12-29T10:00:00-00:00,2025-12-29T11:00:00-00:00,2025-12-29,3,0,Hourly,SR,AS_NP26,DAM,SP_CLR_PRC,0,19
2025-12-29T15:00:00-00:00,2025-12-29T16:00:00-00:00,2025-12-29,8,0,Hourly,SR,AS_NP26,DAM,SP_CLR_PRC,0,19
2025-12-29T17:00:00-00:00,2025-12-29T18:00:00-00:00,2025-12-29,10,0,Hourly,SR,AS_NP26_EXP,DAM,SP_CLR_PRC,0,19
2025-12-29T18:00:00-00:00,2025-12-29T19:00:00-00:00,2025-12-29,11,0,Hourly,SR,AS_NP26,DAM,SP_CLR_PRC,0,19
2025-12-29T21:00:00-00:00,2025-12-29T22:00:00-00:00,2025-12-29,14,0,Hourly,SR,AS_CAISO_EXP,DAM,SP_CLR_PRC,0.17,19
2025-12-30T02:00:00-00:00,2025-12-30T03:00:00-00:00,2025-12-29,19,0,Hourly,SR,AS_CAISO,DAM,SP_CLR_PRC,0,19
2025-12-30T02:00:00-00:00,2025-12-30T03:00:00-00:00,2025-12-29,19,0,Hourly,SR,AS_CAISO_EXP,DAM,SP_CLR_PRC,0.5,19
2025-12-30T02:00:00-00:00,2025-12-30T03:00:00-00:00,2025-12-29,19,0,Hourly,SR,AS_SP26,DAM,SP_CLR_PRC,0,19
2025-12-30T02:00:00-00:00,2025-12-30T03:00:00-00:00,2025-12-29,19,0,Hourly,SR,AS_SP26_EXP,DAM,SP_CLR_PRC,0,19
2025-12-30T03:00:00-00:00,2025-12-30T04:00:00-00:00,2025-12-29,20,0,Hourly,SR,AS_NP26,DAM,SP_CLR_PRC,0,19
2025-12-30T03:00:00-00:00,2025-12-30T04:00:00-00:00,2025-12-29,20,0,Hourly,SR,AS_NP26_EXP,DAM,SP_CLR_PRC,0.65469,19
2025-12-30T03:00:00-00:00,2025-12-30T04:00:00-00:00,2025-12-29,20,0,Hourly,SR,AS_SP26_EXP,DAM,SP_CLR_PRC,0,19
2025-12-30T06:00:00-00:00,2025-12-30T07:00:00-00:00,2025-12-29,23,0,Hourly,SR,AS_NP26,DAM,SP_CLR_PRC,0,19
2025-12-29T08:00:00-00:00,2025-12-29T09:00:00-00:00,2025-12-29,1,0,Hourly,SR,AS_NP26,DAM,SP_CLR_PRC,0,19
2025-12-29T09:00:00-00:00,2025-12-29T10:00:00-00:00,2025-12-29,2,0,Hourly,SR,AS_NP26,DAM,SP_CLR_PRC,0,19
2025-12-29T10:00:00-00:00,2025-12-29T11:00:00-00:00,2025-12-29,3,0,Hourly,SR,AS_CAISO,DAM,SP_CLR_PRC,0,19
2025-12-29T12:00:00-00:00,2025-12-29T13:00:00-00:00,2025-12-29,5,0,Hourly,SR,AS_CAISO_EXP,DAM,SP_CLR_PRC,0.49,19
2025-12-29T12:00:00-00:00,2025-12-29T13:00:00-00:00,2025-12-29,5,0,Hourly,SR,AS_NP26,DAM,SP_CLR_PRC,0,19
2025-12-29T12:00:00-00:00,2025-12-29T13:00:00-00:00,2025-12-29,5,0,Hourly,SR,AS_SP26_EXP,DAM,SP_CLR_PRC,0,19
2025-12-29T13:00:00-00:00,2025-12-29T14:00:00-00:00,2025-12-29,6,0,Hourly,SR,AS_CAISO,DAM,SP_CLR_PRC,0,19
2025-12-29T13:00:00-00:00,2025-12-29T14:00:00-00:00,2025-12-29,6,0,Hourly,SR,AS_SP26_EXP,DAM,SP_CLR_PRC,0,19
2025-12-29T16:00:00-00:00,2025-12-29T17:00:00-00:00,2025-12-29,9,0,Hourly,SR,AS_SP26_EXP,DAM,SP_CLR_PRC,0,19
2025-12-29T17:00:00-00:00,2025-12-29T18:00:00-00:00,2025-12-29,10,0,Hourly,SR,AS_NP26,DAM,SP_CLR_PRC,0,19
2025-12-29T18:00:00-00:00,2025-12-29T19:00:00-00:00,2025-12-29,11,0,Hourly,SR,AS_CAISO_EXP,DAM,SP_CLR_PRC,0.17,19
2025-12-29T19:00:00-00:00,2025-12-29T20:00:00-00:00,2025-12-29,12,0,Hourly,SR,AS_NP26_EXP,DAM,SP_CLR_PRC,0.33,19
2025-12-29T19:00:00-00:00,2025-12-29T20:00:00-00:00,2025-12-29,12,0,Hourly,SR,AS_SP26,DAM,SP_CLR_PRC,0,19
2025-12-29T22:00:00-00:00,2025-12-29T23:00:00-00:00,2025-12-29,15,0,Hourly,SR,AS_SP26_EXP,DAM,SP_CLR_PRC,0,19
2025-12-29T23:00:00-00:00,2025-12-30T00:00:00-00:00,2025-12-29,16,0,Hourly,SR,AS_SP26,DAM,SP_CLR_PRC,0,19
2025-12-30T00:00:00-00:00,2025-12-30T01:00:00-00:00,2025-12-29,17,0,Hourly,SR,AS_NP26,DAM,SP_CLR_PRC,0,19
2025-12-30T00:00:00-00:00,2025-12-30T01:00:00-00:00,2025-12-29,17,0,Hourly,SR,AS_SP26_EXP,DAM,SP_CLR_PRC,0,19
2025-12-30T01:00:00-00:00,2025-12-30T02:00:00-00:00,2025-12-29,18,0,Hourly,SR,AS_SP26_EXP,DAM,SP_CLR_PRC,0,19
2025-12-30T05:00:00-00:00,2025-12-30T06:00:00-00:00,2025-12-29,22,0,Hourly,SR,AS_SP26,DAM,SP_CLR_PRC,0,19
2025-12-30T07:00:00-00:00,2025-12-30T08:00:00-00:00,2025-12-29,24,0,Hourly,SR,AS_NP26_EXP,DAM,SP_CLR_PRC,1.85339,19
2025-12-29T13:00:00-00:00,2025-12-29T14:00:00-00:00,2025-12-29,6,0,Hourly,SR,AS_NP26,DAM,SP_CLR_PRC,0,19
2025-12-29T15:00:00-00:00,2025-12-29T16:00:00-00:00,2025-12-29,8,0,Hourly,SR,AS_CAISO,DAM,SP_CLR_PRC,0,19
2025-12-29T16:00:00-00:00,2025-12-29T17:00:00-00:00,2025-12-29,9,0,Hourly,SR,AS_CAISO_EXP,DAM,SP_CLR_PRC,1,19
2025-12-29T19:00:00-00:00,2025-12-29T20:00:00-00:00,2025-12-29,12,0,Hourly,SR,AS_NP26,DAM,SP_CLR_PRC,0,19
2025-12-29T20:00:00-00:00,2025-12-29T21:00:00-00:00,2025-12-29,13,0,Hourly,SR,AS_SP26_EXP,DAM,SP_CLR_PRC,0,19
2025-12-29T21:00:00-00:00,2025-12-29T22:00:00-00:00,2025-12-29,14,0,Hourly,SR,AS_NP26_EXP,DAM,SP_CLR_PRC,0.19,19
2025-12-29T21:00:00-00:00,2025-12-29T22:00:00-00:00,2025-12-29,14,0,Hourly,SR,AS_SP26_EXP,DAM,SP_CLR_PRC,0,19
2025-12-29T23:00:00-00:00,2025-12-30T00:00:00-00:00,2025-12-29,16,0,Hourly,SR,AS_CAISO,DAM,SP_CLR_PRC,0,19
2025-12-30T02:00:00-00:00,2025-12-30T03:00:00-00:00,2025-12-29,19,0,Hourly,SR,AS_NP26_EXP,DAM,SP_CLR_PRC,0.5,19
2025-12-30T03:00:00-00:00,2025-12-30T04:00:00-00:00,2025-12-29,20,0,Hourly,SR,AS_CAISO_EXP,DAM,SP_CLR_PRC,0.34531,19
2025-12-30T04:00:00-00:00,2025-12-30T05:00:00-00:00,2025-12-29,21,0,Hourly,SR,AS_CAISO,DAM,SP_CLR_PRC,0,19
2025-12-30T07:00:00-00:00,2025-12-30T08:00:00-00:00,2025-12-29,24,0,Hourly,SR,AS_SP26_EXP,DAM,SP_CLR_PRC,0,19
2025-12-29T08:00:00-00:00,2025-12-29T09:00:00-00:00,2025-12-29,1,0,Hourly,SR,AS_CAISO,DAM,SP_CLR_PRC,0,19
2025-12-29T08:00:00-00:00,2025-12-29T09:00:00-00:00,2025-12-29,1,0,Hourly,SR,AS_SP26_EXP,DAM,SP_CLR_PRC,0,19
2025-12-29T10:00:00-00:00,2025-12-29T11:00:00-00:00,2025-12-29,3,0,Hourly,SR,AS_NP26_EXP,DAM,SP_CLR_PRC,0,19
2025-12-29T11:00:00-00:00,2025-12-29T12:00:00-00:00,2025-12-29,4,0,Hourly,SR,AS_CAISO_EXP,DAM,SP_CLR_PRC,0.36388,19
2025-12-29T11:00:00-00:00,2025-12-29T12:00:00-00:00,2025-12-29,4,0,Hourly,SR,AS_NP26_EXP,DAM,SP_CLR_PRC,0,19
2025-12-29T16:00:00-00:00,2025-12-29T17:00:00-00:00,2025-12-29,9,0,Hourly,SR,AS_NP26_EXP,DAM,SP_CLR_PRC,0.13773,19
2025-12-29T18:00:00-00:00,2025-12-29T19:00:00-00:00,2025-12-29,11,0,Hourly,SR,AS_CAISO,DAM,SP_CLR_PRC,0,19
2025-12-29T19:00:00-00:00,2025-12-29T20:00:00-00:00,2025-12-29,12,0,Hourly,SR,AS_CAISO,DAM,SP_CLR_PRC,0,19
2025-12-29T20:00:00-00:00,2025-12-29T21:00:00-00:00,2025-12-29,13,0,Hourly,SR,AS_CAISO_EXP,DAM,SP_CLR_PRC,0.17,19
2025-12-29T23:00:00-00:00,2025-12-30T00:00:00-00:00,2025-12-29,16,0,Hourly,SR,AS_SP26_EXP,DAM,SP_CLR_PRC,0,19
2025-12-30T01:00:00-00:00,2025-12-30T02:00:00-00:00,2025-12-29,18,0,Hourly,SR,AS_NP26,DAM,SP_CLR_PRC,0,19
2025-12-30T04:00:00-00:00,2025-12-30T05:00:00-00:00,2025-12-29,21,0,Hourly,SR,AS_SP26,DAM,SP_CLR_PRC,0,19
2025-12-30T04:00:00-00:00,2025-12-30T05:00:00-00:00,2025-12-29,21,0,Hourly,SR,AS_SP26_EXP,DAM,SP_CLR_PRC,0,19
2025-12-30T05:00:00-00:00,2025-12-30T06:00:00-00:00,2025-12-29,22,0,Hourly,SR,AS_CAISO,DAM,SP_CLR_PRC,0,19
2025-12-30T05:00:00-00:00,2025-12-30T06:00:00-00:00,2025-12-29,22,0,Hourly,SR,AS_NP26,DAM,SP_CLR_PRC,0,19
2025-12-30T06:00:00-00:00,2025-12-30T07:00:00-00:00,2025-12-29,23,0,Hourly,SR,AS_CAISO_EXP,DAM,SP_CLR_PRC,1,19
2025-12-30T12:00:00-00:00,2025-12-30T13:00:00-00:00,2025-12-30,5,0,Hourly,SR,AS_CAISO,DAM,SP_CLR_PRC,0,20
2025-12-30T15:00:00-00:00,2025-12-30T16:00:00-00:00,2025-12-30,8,0,Hourly,SR,AS_NP26,DAM,SP_CLR_PRC,0,20
2025-12-30T15:00:00-00:00,2025-12-30T16:00:00-00:00,2025-12-30,8,0,Hourly,SR,AS_SP26,DAM,SP_CLR_PRC,0,20
2025-12-30T16:00:00-00:00,2025-12-30T17:00:00-00:00,2025-12-30,9,0,Hourly,SR,AS_CAISO,DAM,SP_CLR_PRC,0,20
2025-12-30T16:00:00-00:00,2025-12-30T17:00:00-00:00,2025-12-30,9,0,Hourly,SR,AS_CAISO_EXP,DAM,SP_CLR_PRC,0.31,20
2025-12-30T16:00:00-00:00,2025-12-30T17:00:00-00:00,2025-12-30,9,0,Hourly,SR,AS_NP26_EXP,DAM,SP_CLR_PRC,1.19,20
2025-12-30T18:00:00-00:00,2025-12-30T19:00:00-00:00,2025-12-30,11,0,Hourly,SR,AS_CAISO,DAM,SP_CLR_PRC,0,20
2025-12-30T20:00:00-00:00,2025-12-30T21:00:00-00:00,2025-12-30,13,0,Hourly,SR,AS_SP26_EXP,DAM,SP_CLR_PRC,0,20
2025-12-30T21:00:00-00:00,2025-12-30T22:00:00-00:00,2025-12-30,14,0,Hourly,SR,AS_NP26,DAM,SP_CLR_PRC,0,20
2025-12-30T22:00:00-00:00,2025-12-30T23:00:00-00:00,2025-12-30,15,0,Hourly,SR,AS_CAISO_EXP,DAM,SP_CLR_PRC,0.17,20
2025-12-30T22:00:00-00:00,2025-12-30T23:00:00-00:00,2025-12-30,15,0,Hourly,SR,AS_NP26,DAM,SP_CLR_PRC,0,20
2025-12-31T01:00:00-00:00,2025-12-31T02:00:00-00:00,2025-12-30,18,0,Hourly,SR,AS_CAISO,DAM,SP_CLR_PRC,0,20
2025-12-31T01:00:00-00:00,2025-12-31T02:00:00-00:00,2025-12-30,18,0,Hourly,SR,AS_NP26_EXP,DAM,SP_CLR_PRC,0.53636,20
2025-12-31T02:00:00-00:00,2025-12-31T03:00:00-00:00,2025-12-30,19,0,Hourly,SR,AS_CAISO_EXP,DAM,SP_CLR_PRC,0.31,20
2025-12-31T02:00:00-00:00,2025-12-31T03:00:00-00:00,2025-12-30,19,0,Hourly,SR,AS_NP26,DAM,SP_CLR_PRC,0,20
2025-12-31T07:00:00-00:00,2025-12-31T08:00:00-00:00,2025-12-30,24,0,Hourly,SR,AS_NP26_EXP,DAM,SP_CLR_PRC,0,20
2025-12-30T23:00:00-00:00,2025-12-31T00:00:00-00:00,2025-12-30,16,0,Hourly,SR,AS_NP26_EXP,DAM,SP_CLR_PRC,0.83,20
2025-12-30T23:00:00-00:00,2025-12-31T00:00:00-00:00,2025-12-30,16,0,Hourly,SR,AS_SP26,DAM,SP_CLR_PRC,0,20
2025-12-31T00:00:00-00:00,2025-12-31T01:00:00-00:00,2025-12-30,17,0,Hourly,SR,AS_NP26,DAM,SP_CLR_PRC,0,20
2025-12-31T00:00:00-00:00,2025-12-31T01:00:00-00:00,2025-12-30,17,0,Hourly,SR,AS_SP26,DAM,SP_CLR_PRC,0,20
2025-12-31T03:00:00-00:00,2025-12-31T04:00:00-00:00,2025-12-30,20,0,Hourly,SR,AS_CAISO,DAM,SP_CLR_PRC,0,20
2025-12-31T05:00:00-00:00,2025-12-31T06:00:00-00:00,2025-12-30,22,0,Hourly,SR,AS_NP26,DAM,SP_CLR_PRC,0,20
2025-12-31T06:00:00-00:00,2025-12-31T07:00:00-00:00,2025-12-30,23,0,Hourly,SR,AS_NP26_EXP,DAM,SP_CLR_PRC,0.5,20
2025-12-30T09:00:00-00:00,2025-12-30T10:00:00-00:00,2025-12-30,2,0,Hourly,SR,AS_CAISO_EXP,DAM,SP_CLR_PRC,0.5,20
2025-12-30T10:00:00-00:00,2025-12-30T11:00:00-00:00,2025-12-30,3,0,Hourly,SR,AS_CAISO,DAM,SP_CLR_PRC,0,20
2025-12-30T10:00:00-00:00,2025-12-30T11:00:00-00:00,2025-12-30,3,0,Hourly,SR,AS_NP26_EXP,DAM,SP_CLR_PRC,0,20
2025-12-30T13:00:00-00:00,2025-12-30T14:00:00-00:00,2025-12-30,6,0,Hourly,SR,AS_CAISO_EXP,DAM,SP_CLR_PRC,0.5,20
2025-12-30T14:00:00-00:00,2025-12-30T15:00:00-00:00,2025-12-30,7,0,Hourly,SR,AS_CAISO_EXP,DAM,SP_CLR_PRC,0.5,20
2025-12-30T14:00:00-00:00,2025-12-30T15:00:00-00:00,2025-12-30,7,0,Hourly,SR,AS_NP26,DAM,SP_CLR_PRC,0,20
2025-12-30T17:00:00-00:00,2025-12-30T18:00:00-00:00,2025-12-30,10,0,Hourly,SR,AS_CAISO,DAM,SP_CLR_PRC,0,20
2025-12-30T20:00:00-00:00,2025-12-30T21:00:00-00:00,2025-12-30,13,0,Hourly,SR,AS_NP26,DAM,SP_CLR_PRC,0,20
2025-12-30T21:00:00-00:00,2025-12-30T22:00:00-00:00,2025-12-30,14,0,Hourly,SR,AS_SP26,DAM,SP_CLR_PRC,0,20
2025-12-30T23:00:00-00:00,2025-12-31T00:00:00-00:00,2025-12-30,16,0,Hourly,SR,AS_CAISO,DAM,SP_CLR_PRC,0,20
2025-12-31T01:00:00-00:00,2025-12-31T02:00:00-00:00,2025-12-30,18,0,Hourly,SR,AS_SP26,DAM,SP_CLR_PRC,0,20
2025-12-31T04:00:00-00:00,2025-12-31T05:00:00-00:00,2025-12-30,21,0,Hourly,SR,AS_NP26,DAM,SP_CLR_PRC,0,20
2025-12-31T05:00:00-00:00,2025-12-31T06:00:00-00:00,2025-12-30,22,0,Hourly,SR,AS_CAISO_EXP,DAM,SP_CLR_PRC,0.5,20
2025-12-31T06:00:00-00:00,2025-12-31T07:00:00-00:00,2025-12-30,23,0,Hourly,SR,AS_NP26,DAM,SP_CLR_PRC,0,20
2025-12-30T09:00:00-00:00,2025-12-30T10:00:00-00:00,2025-12-30,2,0,Hourly,SR,AS_NP26_EXP,DAM,SP_CLR_PRC,0,20
2025-12-30T11:00:00-00:00,2025-12-30T12:00:00-00:00,2025-12-30,4,0,Hourly,SR,AS_CAISO_EXP,DAM,SP_CLR_PRC,0.5,20
2025-12-30T11:00:00-00:00,2025-12-30T12:00:00-00:00,2025-12-30,4,0,Hourly,SR,AS_SP26,DAM,SP_CLR_PRC,0,20
2025-12-30T12:00:00-00:00,2025-12-30T13:00:00-00:00,2025-12-30,5,0,Hourly,SR,AS_NP26_EXP,DAM,SP_CLR_PRC,0.33,20
2025-12-30T14:00:00-00:00,2025-12-30T15:00:00-00:00,2025-12-30,7,0,Hourly,SR,AS_SP26_EXP,DAM,SP_CLR_PRC,0,20
2025-12-30T18:00:00-00:00,2025-12-30T19:00:00-00:00,2025-12-30,11,0,Hourly,SR,AS_NP26,DAM,SP_CLR_PRC,0,20
2025-12-30T19:00:00-00:00,2025-12-30T20:00:00-00:00,2025-12-30,12,0,Hourly,SR,AS_CAISO_EXP,DAM,SP_CLR_PRC,0.17,20
2025-12-30T21:00:00-00:00,2025-12-30T22:00:00-00:00,2025-12-30,14,0,Hourly,SR,AS_CAISO,DAM,SP_CLR_PRC,0,20
2025-12-30T22:00:00-00:00,2025-12-30T23:00:00-00:00,2025-12-30,15,0,Hourly,SR,AS_SP26_EXP,DAM,SP_CLR_PRC,0,20
2025-12-30T23:00:00-00:00,2025-12-31T00:00:00-00:00,2025-12-30,16,0,Hourly,SR,AS_NP26,DAM,SP_CLR_PRC,0,20
2025-12-30T23:00:00-00:00,2025-12-31T00:00:00-00:00,2025-12-30,16,0,Hourly,SR,AS_SP26_EXP,DAM,SP_CLR_PRC,0,20
2025-12-31T02:00:00-00:00,2025-12-31T03:00:00-00:00,2025-12-30,19,0,Hourly,SR,AS_CAISO,DAM,SP_CLR_PRC,0,20
2025-12-31T02:00:00-00:00,2025-12-31T03:00:00-00:00,2025-12-30,19,0,Hourly,SR,AS_SP26,DAM,SP_CLR_PRC,0,20
2025-12-31T02:00:00-00:00,2025-12-31T03:00:00-00:00,2025-12-30,19,0,Hourly,SR,AS_SP26_EXP,DAM,SP_CLR_PRC,0,20
2025-12-31T03:00:00-00:00,2025-12-31T04:00:00-00:00,2025-12-30,20,0,Hourly,SR,AS_CAISO_EXP,DAM,SP_CLR_PRC,0.31,20
2025-12-31T03:00:00-00:00,2025-12-31T04:00:00-00:00,2025-12-30,20,0,Hourly,SR,AS_NP26_EXP,DAM,SP_CLR_PRC,0.30852,20
2025-12-31T04:00:00-00:00,2025-12-31T05:00:00-00:00,2025-12-30,21,0,Hourly,SR,AS_NP26_EXP,DAM,SP_CLR_PRC,0.27696,20
2025-12-31T05:00:00-00:00,2025-12-31T06:00:00-00:00,2025-12-30,22,0,Hourly,SR,AS_CAISO,DAM,SP_CLR_PRC,0,20
2025-12-31T06:00:00-00:00,2025-12-31T07:00:00-00:00,2025-12-30,23,0,Hourly,SR,AS_CAISO,DAM,SP_CLR_PRC,0,20
2025-12-31T07:00:00-00:00,2025-12-31T08:00:00-00:00,2025-12-30,24,0,Hourly,SR,AS_CAISO_EXP,DAM,SP_CLR_PRC,0.91003,20
2025-12-31T07:00:00-00:00,2025-12-31T08:00:00-00:00,2025-12-30,24,0,Hourly,SR,AS_NP26,DAM,SP_CLR_PRC,0,20
2025-12-31T07:00:00-00:00,2025-12-31T08:00:00-00:00,2025-12-30,24,0,Hourly,SR,AS_SP26_EXP,DAM,SP_CLR_PRC,0,20
2025-12-30T09:00:00-00:00,2025-12-30T10:00:00-00:00,2025-12-30,2,0,Hourly,SR,AS_CAISO,DAM,SP_CLR_PRC,0,20
2025-12-30T09:00:00-00:00,2025-12-30T10:00:00-00:00,2025-12-30,2,0,Hourly,SR,AS_NP26,DAM,SP_CLR_PRC,0,20
2025-12-30T09:00:00-00:00,2025-12-30T10:00:00-00:00,2025-12-30,2,0,Hourly,SR,AS_SP26_EXP,DAM,SP_CLR_PRC,0,20
2025-12-30T11:00:00-00:00,2025-12-30T12:00:00-00:00,2025-12-30,4,0,Hourly,SR,AS_NP26,DAM,SP_CLR_PRC,0,20
2025-12-30T17:00:00-00:00,2025-12-30T18:00:00-00:00,2025-12-30,10,0,Hourly,SR,AS_SP26,DAM,SP_CLR_PRC,0,20
2025-12-30T19:00:00-00:00,2025-12-30T20:00:00-00:00,2025-12-30,12,0,Hourly,SR,AS_NP26,DAM,SP_CLR_PRC,0,20
2025-12-30T19:00:00-00:00,2025-12-30T20:00:00-00:00,2025-12-30,12,0,Hourly,SR,AS_NP26_EXP,DAM,SP_CLR_PRC,0.13,20
2025-12-30T20:00:00-00:00,2025-12-30T21:00:00-00:00,2025-12-30,13,0,Hourly,SR,AS_NP26_EXP,DAM,SP_CLR_PRC,0.13,20
2025-12-30T21:00:00-00:00,2025-12-30T22:00:00-00:00,2025-12-30,14,0,Hourly,SR,AS_NP26_EXP,DAM,SP_CLR_PRC,0.13,20
2025-12-30T22:00:00-00:00,2025-12-30T23:00:00-00:00,2025-12-30,15,0,Hourly,SR,AS_CAISO,DAM,SP_CLR_PRC,0,20
2025-12-30T22:00:00-00:00,2025-12-30T23:00:00-00:00,2025-12-30,15,0,Hourly,SR,AS_SP26,DAM,SP_CLR_PRC,0,20
2025-12-31T00:00:00-00:00,2025-12-31T01:00:00-00:00,2025-12-30,17,0,Hourly,SR,AS_CAISO_EXP,DAM,SP_CLR_PRC,0.5,20
2025-12-31T00:00:00-00:00,2025-12-31T01:00:00-00:00,2025-12-30,17,0,Hourly,SR,AS_NP26_EXP,DAM,SP_CLR_PRC,0.5,20
2025-12-31T02:00:00-00:00,2025-12-31T03:00:00-00:00,2025-12-30,19,0,Hourly,SR,AS_NP26_EXP,DAM,SP_CLR_PRC,0.42594,20
2025-12-31T04:00:00-00:00,2025-12-31T05:00:00-00:00,2025-12-30,21,0,Hourly,SR,AS_CAISO,DAM,SP_CLR_PRC,0,20
2025-12-31T04:00:00-00:00,2025-12-31T05:00:00-00:00,2025-12-30,21,0,Hourly,SR,AS_SP26_EXP,DAM,SP_CLR_PRC,0,20
2025-12-31T05:00:00-00:00,2025-12-31T06:00:00-00:00,2025-12-30,22,0,Hourly,SR,AS_NP26_EXP,DAM,SP_CLR_PRC,0.5,20
2025-12-31T05:00:00-00:00,2025-12-31T06:00:00-00:00,2025-12-30,22,0,Hourly,SR,AS_SP26,DAM,SP_CLR_PRC,0,20
2025-12-31T06:00:00-00:00,2025-12-31T07:00:00-00:00,2025-12-30,23,0,Hourly,SR,AS_SP26_EXP,DAM,SP_CLR_PRC,0,20
2025-12-30T10:00:00-00:00,2025-12-30T11:00:00-00:00,2025-12-30,3,0,Hourly,SR,AS_SP26,DAM,SP_CLR_PRC,0,20
2025-12-30T11:00:00-00:00,2025-12-30T12:00:00-00:00,2025-12-30,4,0,Hourly,SR,AS_NP26_EXP,DAM,SP_CLR_PRC,0,20
2025-12-30T08:00:00-00:00,2025-12-30T09:00:00-00:00,2025-12-30,1,0,Hourly,SR,AS_CAISO,DAM,SP_CLR_PRC,0,20
2025-12-30T08:00:00-00:00,2025-12-30T09:00:00-00:00,2025-12-30,1,0,Hourly,SR,AS_NP26,DAM,SP_CLR_PRC,0,20
2025-12-30T10:00:00-00:00,2025-12-30T11:00:00-00:00,2025-12-30,3,0,Hourly,SR,AS_CAISO_EXP,DAM,SP_CLR_PRC,0.5,20
2025-12-30T09:00:00-00:00,2025-12-30T10:00:00-00:00,2025-12-30,2,0,Hourly,SR,AS_SP26,DAM,SP_CLR_PRC,0,20
2025-12-30T11:00:00-00:00,2025-12-30T12:00:00-00:00,2025-12-30,4,0,Hourly,SR,AS_CAISO,DAM,SP_CLR_PRC,0,20
2025-12-30T11:00:00-00:00,2025-12-30T12:00:00-00:00,2025-12-30,4,0,Hourly,SR,AS_SP26_EXP,DAM,SP_CLR_PRC,0,20
2025-12-30T12:00:00-00:00,2025-12-30T13:00:00-00:00,2025-12-30,5,0,Hourly,SR,AS_SP26,DAM,SP_CLR_PRC,0,20
2025-12-30T13:00:00-00:00,2025-12-30T14:00:00-00:00,2025-12-30,6,0,Hourly,SR,AS_NP26_EXP,DAM,SP_CLR_PRC,0.45931,20
2025-12-30T13:00:00-00:00,2025-12-30T14:00:00-00:00,2025-12-30,6,0,Hourly,SR,AS_SP26,DAM,SP_CLR_PRC,0,20
2025-12-30T14:00:00-00:00,2025-12-30T15:00:00-00:00,2025-12-30,7,0,Hourly,SR,AS_CAISO,DAM,SP_CLR_PRC,0,20
2025-12-30T17:00:00-00:00,2025-12-30T18:00:00-00:00,2025-12-30,10,0,Hourly,SR,AS_NP26_EXP,DAM,SP_CLR_PRC,0.04561,20
2025-12-30T19:00:00-00:00,2025-12-30T20:00:00-00:00,2025-12-30,12,0,Hourly,SR,AS_SP26,DAM,SP_CLR_PRC,0,20
2025-12-30T19:00:00-00:00,2025-12-30T20:00:00-00:00,2025-12-30,12,0,Hourly,SR,AS_SP26_EXP,DAM,SP_CLR_PRC,0,20
2025-12-30T20:00:00-00:00,2025-12-30T21:00:00-00:00,2025-12-30,13,0,Hourly,SR,AS_CAISO,DAM,SP_CLR_PRC,0,20
2025-12-30T21:00:00-00:00,2025-12-30T22:00:00-00:00,2025-12-30,14,0,Hourly,SR,AS_CAISO_EXP,DAM,SP_CLR_PRC,0.17,20
2025-12-30T22:00:00-00:00,2025-12-30T23:00:00-00:00,2025-12-30,15,0,Hourly,SR,AS_NP26_EXP,DAM,SP_CLR_PRC,0.18,20
2025-12-31T06:00:00-00:00,2025-12-31T07:00:00-00:00,2025-12-30,23,0,Hourly,SR,AS_CAISO_EXP,DAM,SP_CLR_PRC,1,20
2025-12-30T08:00:00-00:00,2025-12-30T09:00:00-00:00,2025-12-30,1,0,Hourly,SR,AS_NP26_EXP,DAM,SP_CLR_PRC,0,20
2025-12-30T08:00:00-00:00,2025-12-30T09:00:00-00:00,2025-12-30,1,0,Hourly,SR,AS_SP26,DAM,SP_CLR_PRC,0,20
2025-12-30T12:00:00-00:00,2025-12-30T13:00:00-00:00,2025-12-30,5,0,Hourly,SR,AS_CAISO_EXP,DAM,SP_CLR_PRC,0.17,20
2025-12-30T12:00:00-00:00,2025-12-30T13:00:00-00:00,2025-12-30,5,0,Hourly,SR,AS_NP26,DAM,SP_CLR_PRC,0,20
2025-12-30T12:00:00-00:00,2025-12-30T13:00:00-00:00,2025-12-30,5,0,Hourly,SR,AS_SP26_EXP,DAM,SP_CLR_PRC,0,20
2025-12-30T15:00:00-00:00,2025-12-30T16:00:00-00:00,2025-12-30,8,0,Hourly,SR,AS_CAISO,DAM,SP_CLR_PRC,0,20
2025-12-30T15:00:00-00:00,2025-12-30T16:00:00-00:00,2025-12-30,8,0,Hourly,SR,AS_CAISO_EXP,DAM,SP_CLR_PRC,0.5,20
2025-12-30T16:00:00-00:00,2025-12-30T17:00:00-00:00,2025-12-30,9,0,Hourly,SR,AS_NP26,DAM,SP_CLR_PRC,0,20
2025-12-30T16:00:00-00:00,2025-12-30T17:00:00-00:00,2025-12-30,9,0,Hourly,SR,AS_SP26_EXP,DAM,SP_CLR_PRC,0,20
2025-12-30T17:00:00-00:00,2025-12-30T18:00:00-00:00,2025-12-30,10,0,Hourly,SR,AS_NP26,DAM,SP_CLR_PRC,0,20
2025-12-30T18:00:00-00:00,2025-12-30T19:00:00-00:00,2025-12-30,11,0,Hourly,SR,AS_CAISO_EXP,DAM,SP_CLR_PRC,0.17,20
2025-12-30T18:00:00-00:00,2025-12-30T19:00:00-00:00,2025-12-30,11,0,Hourly,SR,AS_SP26_EXP,DAM,SP_CLR_PRC,0,20
2025-12-30T20:00:00-00:00,2025-12-30T21:00:00-00:00,2025-12-30,13,0,Hourly,SR,AS_CAISO_EXP,DAM,SP_CLR_PRC,0.17,20
2025-12-30T21:00:00-00:00,2025-12-30T22:00:00-00:00,2025-12-30,14,0,Hourly,SR,AS_SP26_EXP,DAM,SP_CLR_PRC,0,20
2025-12-31T01:00:00-00:00,2025-12-31T02:00:00-00:00,2025-12-30,18,0,Hourly,SR,AS_CAISO_EXP,DAM,SP_CLR_PRC,0.46364,20
2025-12-31T01:00:00-00:00,2025-12-31T02:00:00-00:00,2025-12-30,18,0,Hourly,SR,AS_SP26_EXP,DAM,SP_CLR_PRC,0,20
2025-12-31T03:00:00-00:00,2025-12-31T04:00:00-00:00,2025-12-30,20,0,Hourly,SR,AS_SP26,DAM,SP_CLR_PRC,0,20
2025-12-31T03:00:00-00:00,2025-12-31T04:00:00-00:00,2025-12-30,20,0,Hourly,SR,AS_SP26_EXP,DAM,SP_CLR_PRC,0,20
2025-12-31T04:00:00-00:00,2025-12-31T05:00:00-00:00,2025-12-30,21,0,Hourly,SR,AS_CAISO_EXP,DAM,SP_CLR_PRC,0.31,20
2025-12-30T08:00:00-00:00,2025-12-30T09:00:00-00:00,2025-12-30,1,0,Hourly,SR,AS_SP26_EXP,DAM,SP_CLR_PRC,0,20
2025-12-30T10:00:00-00:00,2025-12-30T11:00:00-00:00,2025-12-30,3,0,Hourly,SR,AS_NP26,DAM,SP_CLR_PRC,0,20
2025-12-30T13:00:00-00:00,2025-12-30T14:00:00-00:00,2025-12-30,6,0,Hourly,SR,AS_CAISO,DAM,SP_CLR_PRC,0,20
2025-12-30T14:00:00-00:00,2025-12-30T15:00:00-00:00,2025-12-30,7,0,Hourly,SR,AS_NP26_EXP,DAM,SP_CLR_PRC,0.5,20
2025-12-30T15:00:00-00:00,2025-12-30T16:00:00-00:00,2025-12-30,8,0,Hourly,SR,AS_NP26_EXP,DAM,SP_CLR_PRC,0.5,20
2025-12-30T15:00:00-00:00,2025-12-30T16:00:00-00:00,2025-12-30,8,0,Hourly,SR,AS_SP26_EXP,DAM,SP_CLR_PRC,0,20
2025-12-30T17:00:00-00:00,2025-12-30T18:00:00-00:00,2025-12-30,10,0,Hourly,SR,AS_CAISO_EXP,DAM,SP_CLR_PRC,0.45439,20
2025-12-30T18:00:00-00:00,2025-12-30T19:00:00-00:00,2025-12-30,11,0,Hourly,SR,AS_SP26,DAM,SP_CLR_PRC,0,20
2025-12-30T19:00:00-00:00,2025-12-30T20:00:00-00:00,2025-12-30,12,0,Hourly,SR,AS_CAISO,DAM,SP_CLR_PRC,0,20
2025-12-30T20:00:00-00:00,2025-12-30T21:00:00-00:00,2025-12-30,13,0,Hourly,SR,AS_SP26,DAM,SP_CLR_PRC,0,20
2025-12-30T23:00:00-00:00,2025-12-31T00:00:00-00:00,2025-12-30,16,0,Hourly,SR,AS_CAISO_EXP,DAM,SP_CLR_PRC,0.17,20
2025-12-31T00:00:00-00:00,2025-12-31T01:00:00-00:00,2025-12-30,17,0,Hourly,SR,AS_CAISO,DAM,SP_CLR_PRC,0,20
2025-12-31T00:00:00-00:00,2025-12-31T01:00:00-00:00,2025-12-30,17,0,Hourly,SR,AS_SP26_EXP,DAM,SP_CLR_PRC,0,20
2025-12-31T01:00:00-00:00,2025-12-31T02:00:00-00:00,2025-12-30,18,0,Hourly,SR,AS_NP26,DAM,SP_CLR_PRC,0,20
2025-12-31T03:00:00-00:00,2025-12-31T04:00:00-00:00,2025-12-30,20,0,Hourly,SR,AS_NP26,DAM,SP_CLR_PRC,0,20
2025-12-31T04:00:00-00:00,2025-12-31T05:00:00-00:00,2025-12-30,21,0,Hourly,SR,AS_SP26,DAM,SP_CLR_PRC,0,20
2025-12-31T05:00:00-00:00,2025-12-31T06:00:00-00:00,2025-12-30,22,0,Hourly,SR,AS_SP26_EXP,DAM,SP_CLR_PRC,0,20
2025-12-31T06:00:00-00:00,2025-12-31T07:00:00-00:00,2025-12-30,23,0,Hourly,SR,AS_SP26,DAM,SP_CLR_PRC,0,20
2025-12-31T07:00:00-00:00,2025-12-31T08:00:00-00:00,2025-12-30,24,0,Hourly,SR,AS_CAISO,DAM,SP_CLR_PRC,0,20
2025-12-31T07:00:00-00:00,2025-12-31T08:00:00-00:00,2025-12-30,24,0,Hourly,SR,AS_SP26,DAM,SP_CLR_PRC,0,20
2025-12-30T08:00:00-00:00,2025-12-30T09:00:00-00:00,2025-12-30,1,0,Hourly,SR,AS_CAISO_EXP,DAM,SP_CLR_PRC,0.68074,20
2025-12-30T10:00:00-00:00,2025-12-30T11:00:00-00:00,2025-12-30,3,0,Hourly,SR,AS_SP26_EXP,DAM,SP_CLR_PRC,0,20
2025-12-30T13:00:00-00:00,2025-12-30T14:00:00-00:00,2025-12-30,6,0,Hourly,SR,AS_NP26,DAM,SP_CLR_PRC,0,20
2025-12-30T13:00:00-00:00,2025-12-30T14:00:00-00:00,2025-12-30,6,0,Hourly,SR,AS_SP26_EXP,DAM,SP_CLR_PRC,0,20
2025-12-30T14:00:00-00:00,2025-12-30T15:00:00-00:00,2025-12-30,7,0,Hourly,SR,AS_SP26,DAM,SP_CLR_PRC,0,20
2025-12-30T16:00:00-00:00,2025-12-30T17:00:00-00:00,2025-12-30,9,0,Hourly,SR,AS_SP26,DAM,SP_CLR_PRC,0,20
2025-12-30T17:00:00-00:00,2025-12-30T18:00:00-00:00,2025-12-30,10,0,Hourly,SR,AS_SP26_EXP,DAM,SP_CLR_PRC,0,20
2025-12-30T18:00:00-00:00,2025-12-30T19:00:00-00:00,2025-12-30,11,0,Hourly,SR,AS_NP26_EXP,DAM,SP_CLR_PRC,0.18,20
2026-01-01T02:00:00-00:00,2026-01-01T03:00:00-00:00,2025-12-31,19,0,Hourly,SR,AS_SP26_EXP,DAM,SP_CLR_PRC,0,21
2026-01-01T03:00:00-00:00,2026-01-01T04:00:00-00:00,2025-12-31,20,0,Hourly,SR,AS_SP26,DAM,SP_CLR_PRC,0,21
2026-01-01T04:00:00-00:00,2026-01-01T05:00:00-00:00,2025-12-31,21,0,Hourly,SR,AS_NP26,DAM,SP_CLR_PRC,0,21
2026-01-01T07:00:00-00:00,2026-01-01T08:00:00-00:00,2025-12-31,24,0,Hourly,SR,AS_CAISO_EXP,DAM,SP_CLR_PRC,0.7,21
2025-12-31T09:00:00-00:00,2025-12-31T10:00:00-00:00,2025-12-31,2,0,Hourly,SR,AS_NP26_EXP,DAM,SP_CLR_PRC,0,21
2025-12-31T10:00:00-00:00,2025-12-31T11:00:00-00:00,2025-12-31,3,0,Hourly,SR,AS_CAISO_EXP,DAM,SP_CLR_PRC,0.41,21
2025-12-31T12:00:00-00:00,2025-12-31T13:00:00-00:00,2025-12-31,5,0,Hourly,SR,AS_CAISO,DAM,SP_CLR_PRC,0,21
2025-12-31T12:00:00-00:00,2025-12-31T13:00:00-00:00,2025-12-31,5,0,Hourly,SR,AS_SP26,DAM,SP_CLR_PRC,0,21
2025-12-31T13:00:00-00:00,2025-12-31T14:00:00-00:00,2025-12-31,6,0,Hourly,SR,AS_CAISO,DAM,SP_CLR_PRC,0,21
2025-12-31T13:00:00-00:00,2025-12-31T14:00:00-00:00,2025-12-31,6,0,Hourly,SR,AS_CAISO_EXP,DAM,SP_CLR_PRC,0.25,21
2025-12-31T15:00:00-00:00,2025-12-31T16:00:00-00:00,2025-12-31,8,0,Hourly,SR,AS_SP26,DAM,SP_CLR_PRC,0,21
2025-12-31T17:00:00-00:00,2025-12-31T18:00:00-00:00,2025-12-31,10,0,Hourly,SR,AS_SP26,DAM,SP_CLR_PRC,0,21
2025-12-31T19:00:00-00:00,2025-12-31T20:00:00-00:00,2025-12-31,12,0,Hourly,SR,AS_SP26_EXP,DAM,SP_CLR_PRC,0,21
2026-01-01T01:00:00-00:00,2026-01-01T02:00:00-00:00,2025-12-31,18,0,Hourly,SR,AS_NP26_EXP,DAM,SP_CLR_PRC,0.5,21
2026-01-01T04:00:00-00:00,2026-01-01T05:00:00-00:00,2025-12-31,21,0,Hourly,SR,AS_CAISO_EXP,DAM,SP_CLR_PRC,0.31,21
2026-01-01T06:00:00-00:00,2026-01-01T07:00:00-00:00,2025-12-31,23,0,Hourly,SR,AS_CAISO,DAM,SP_CLR_PRC,0,21
2025-12-31T18:00:00-00:00,2025-12-31T19:00:00-00:00,2025-12-31,11,0,Hourly,SR,AS_NP26,DAM,SP_CLR_PRC,0,21
2025-12-31T18:00:00-00:00,2025-12-31T19:00:00-00:00,2025-12-31,11,0,Hourly,SR,AS_SP26_EXP,DAM,SP_CLR_PRC,0,21
2025-12-31T21:00:00-00:00,2025-12-31T22:00:00-00:00,2025-12-31,14,0,Hourly,SR,AS_CAISO,DAM,SP_CLR_PRC,0,21
2025-12-31T21:00:00-00:00,2025-12-31T22:00:00-00:00,2025-12-31,14,0,Hourly,SR,AS_CAISO_EXP,DAM,SP_CLR_PRC,0.36,21
2025-12-31T21:00:00-00:00,2025-12-31T22:00:00-00:00,2025-12-31,14,0,Hourly,SR,AS_NP26_EXP,DAM,SP_CLR_PRC,1.14,21
2025-12-31T22:00:00-00:00,2025-12-31T23:00:00-00:00,2025-12-31,15,0,Hourly,SR,AS_NP26,DAM,SP_CLR_PRC,0,21
2025-12-31T23:00:00-00:00,2026-01-01T00:00:00-00:00,2025-12-31,16,0,Hourly,SR,AS_NP26,DAM,SP_CLR_PRC,0,21
2025-12-31T23:00:00-00:00,2026-01-01T00:00:00-00:00,2025-12-31,16,0,Hourly,SR,AS_SP26_EXP,DAM,SP_CLR_PRC,0,21
2026-01-01T02:00:00-00:00,2026-01-01T03:00:00-00:00,2025-12-31,19,0,Hourly,SR,AS_NP26_EXP,DAM,SP_CLR_PRC,0.515,21
2026-01-01T03:00:00-00:00,2026-01-01T04:00:00-00:00,2025-12-31,20,0,Hourly,SR,AS_NP26,DAM,SP_CLR_PRC,0,21
2026-01-01T03:00:00-00:00,2026-01-01T04:00:00-00:00,2025-12-31,20,0,Hourly,SR,AS_NP26_EXP,DAM,SP_CLR_PRC,0.5,21
2026-01-01T06:00:00-00:00,2026-01-01T07:00:00-00:00,2025-12-31,23,0,Hourly,SR,AS_SP26,DAM,SP_CLR_PRC,0,21
2025-12-31T08:00:00-00:00,2025-12-31T09:00:00-00:00,2025-12-31,1,0,Hourly,SR,AS_CAISO_EXP,DAM,SP_CLR_PRC,0.45,21
2025-12-31T09:00:00-00:00,2025-12-31T10:00:00-00:00,2025-12-31,2,0,Hourly,SR,AS_NP26,DAM,SP_CLR_PRC,0,21
2025-12-31T10:00:00-00:00,2025-12-31T11:00:00-00:00,2025-12-31,3,0,Hourly,SR,AS_SP26,DAM,SP_CLR_PRC,0,21
2025-12-31T11:00:00-00:00,2025-12-31T12:00:00-00:00,2025-12-31,4,0,Hourly,SR,AS_CAISO_EXP,DAM,SP_CLR_PRC,0.41,21
2025-12-31T12:00:00-00:00,2025-12-31T13:00:00-00:00,2025-12-31,5,0,Hourly,SR,AS_SP26_EXP,DAM,SP_CLR_PRC,0,21
2025-12-31T13:00:00-00:00,2025-12-31T14:00:00-00:00,2025-12-31,6,0,Hourly,SR,AS_SP26,DAM,SP_CLR_PRC,0,21
2025-12-31T14:00:00-00:00,2025-12-31T15:00:00-00:00,2025-12-31,7,0,Hourly,SR,AS_CAISO_EXP,DAM,SP_CLR_PRC,0.5,21
2025-12-31T15:00:00-00:00,2025-12-31T16:00:00-00:00,2025-12-31,8,0,Hourly,SR,AS_CAISO_EXP,DAM,SP_CLR_PRC,0.5,21
2025-12-31T16:00:00-00:00,2025-12-31T17:00:00-00:00,2025-12-31,9,0,Hourly,SR,AS_NP26_EXP,DAM,SP_CLR_PRC,2.29,21
2025-12-31T16:00:00-00:00,2025-12-31T17:00:00-00:00,2025-12-31,9,0,Hourly,SR,AS_SP26,DAM,SP_CLR_PRC,0,21
2025-12-31T17:00:00-00:00,2025-12-31T18:00:00-00:00,2025-12-31,10,0,Hourly,SR,AS_NP26,DAM,SP_CLR_PRC,0,21
2025-12-31T17:00:00-00:00,2025-12-31T18:00:00-00:00,2025-12-31,10,0,Hourly,SR,AS_SP26_EXP,DAM,SP_CLR_PRC,0,21
2025-12-31T18:00:00-00:00,2025-12-31T19:00:00-00:00,2025-12-31,11,0,Hourly,SR,AS_NP26_EXP,DAM,SP_CLR_PRC,1.38825,21
2025-12-31T19:00:00-00:00,2025-12-31T20:00:00-00:00,2025-12-31,12,0,Hourly,SR,AS_CAISO,DAM,SP_CLR_PRC,0,21
2025-12-31T20:00:00-00:00,2025-12-31T21:00:00-00:00,2025-12-31,13,0,Hourly,SR,AS_CAISO,DAM,SP_CLR_PRC,0,21
2025-12-31T22:00:00-00:00,2025-12-31T23:00:00-00:00,2025-12-31,15,0,Hourly,SR,AS_NP26_EXP,DAM,SP_CLR_PRC,1.22,21
2025-12-31T23:00:00-00:00,2026-01-01T00:00:00-00:00,2025-12-31,16,0,Hourly,SR,AS_CAISO,DAM,SP_CLR_PRC,0,21
2026-01-01T00:00:00-00:00,2026-01-01T01:00:00-00:00,2025-12-31,17,0,Hourly,SR,AS_SP26_EXP,DAM,SP_CLR_PRC,0,21
2026-01-01T02:00:00-00:00,2026-01-01T03:00:00-00:00,2025-12-31,19,0,Hourly,SR,AS_NP26,DAM,SP_CLR_PRC,0,21
2026-01-01T02:00:00-00:00,2026-01-01T03:00:00-00:00,2025-12-31,19,0,Hourly,SR,AS_SP26,DAM,SP_CLR_PRC,0,21
2026-01-01T07:00:00-00:00,2026-01-01T08:00:00-00:00,2025-12-31,24,0,Hourly,SR,AS_NP26,DAM,SP_CLR_PRC,0,21
2025-12-31T08:00:00-00:00,2025-12-31T09:00:00-00:00,2025-12-31,1,0,Hourly,SR,AS_CAISO,DAM,SP_CLR_PRC,0,21
2025-12-31T09:00:00-00:00,2025-12-31T10:00:00-00:00,2025-12-31,2,0,Hourly,SR,AS_CAISO,DAM,SP_CLR_PRC,0,21
2025-12-31T10:00:00-00:00,2025-12-31T11:00:00-00:00,2025-12-31,3,0,Hourly,SR,AS_NP26,DAM,SP_CLR_PRC,0,21
2025-12-31T10:00:00-00:00,2025-12-31T11:00:00-00:00,2025-12-31,3,0,Hourly,SR,AS_SP26_EXP,DAM,SP_CLR_PRC,0,21
2025-12-31T11:00:00-00:00,2025-12-31T12:00:00-00:00,2025-12-31,4,0,Hourly,SR,AS_SP26_EXP,DAM,SP_CLR_PRC,0,21
2025-12-31T13:00:00-00:00,2025-12-31T14:00:00-00:00,2025-12-31,6,0,Hourly,SR,AS_NP26_EXP,DAM,SP_CLR_PRC,0.75,21
2025-12-31T14:00:00-00:00,2025-12-31T15:00:00-00:00,2025-12-31,7,0,Hourly,SR,AS_NP26_EXP,DAM,SP_CLR_PRC,0.5,21
2025-12-31T14:00:00-00:00,2025-12-31T15:00:00-00:00,2025-12-31,7,0,Hourly,SR,AS_SP26_EXP,DAM,SP_CLR_PRC,0,21
2025-12-31T15:00:00-00:00,2025-12-31T16:00:00-00:00,2025-12-31,8,0,Hourly,SR,AS_NP26_EXP,DAM,SP_CLR_PRC,0.6,21
2025-12-31T16:00:00-00:00,2025-12-31T17:00:00-00:00,2025-12-31,9,0,Hourly,SR,AS_CAISO,DAM,SP_CLR_PRC,0,21
2025-12-31T17:00:00-00:00,2025-12-31T18:00:00-00:00,2025-12-31,10,0,Hourly,SR,AS_CAISO,DAM,SP_CLR_PRC,0,21
2025-12-31T19:00:00-00:00,2025-12-31T20:00:00-00:00,2025-12-31,12,0,Hourly,SR,AS_NP26_EXP,DAM,SP_CLR_PRC,1.29,21
2025-12-31T20:00:00-00:00,2025-12-31T21:00:00-00:00,2025-12-31,13,0,Hourly,SR,AS_SP26,DAM,SP_CLR_PRC,0,21
2025-12-31T21:00:00-00:00,2025-12-31T22:00:00-00:00,2025-12-31,14,0,Hourly,SR,AS_NP26,DAM,SP_CLR_PRC,0,21
2025-12-31T23:00:00-00:00,2026-01-01T00:00:00-00:00,2025-12-31,16,0,Hourly,SR,AS_CAISO_EXP,DAM,SP_CLR_PRC,0.31,21
2026-01-01T02:00:00-00:00,2026-01-01T03:00:00-00:00,2025-12-31,19,0,Hourly,SR,AS_CAISO_EXP,DAM,SP_CLR_PRC,0.485,21
2026-01-01T03:00:00-00:00,2026-01-01T04:00:00-00:00,2025-12-31,20,0,Hourly,SR,AS_CAISO_EXP,DAM,SP_CLR_PRC,0.5,21
2026-01-01T05:00:00-00:00,2026-01-01T06:00:00-00:00,2025-12-31,22,0,Hourly,SR,AS_CAISO,DAM,SP_CLR_PRC,0,21
2026-01-01T05:00:00-00:00,2026-01-01T06:00:00-00:00,2025-12-31,22,0,Hourly,SR,AS_NP26,DAM,SP_CLR_PRC,0,21
2025-12-31T08:00:00-00:00,2025-12-31T09:00:00-00:00,2025-12-31,1,0,Hourly,SR,AS_NP26,DAM,SP_CLR_PRC,0,21
2025-12-31T09:00:00-00:00,2025-12-31T10:00:00-00:00,2025-12-31,2,0,Hourly,SR,AS_SP26,DAM,SP_CLR_PRC,0,21
2025-12-31T10:00:00-00:00,2025-12-31T11:00:00-00:00,2025-12-31,3,0,Hourly,SR,AS_CAISO,DAM,SP_CLR_PRC,0,21
2025-12-31T11:00:00-00:00,2025-12-31T12:00:00-00:00,2025-12-31,4,0,Hourly,SR,AS_CAISO,DAM,SP_CLR_PRC,0,21
2025-12-31T11:00:00-00:00,2025-12-31T12:00:00-00:00,2025-12-31,4,0,Hourly,SR,AS_NP26,DAM,SP_CLR_PRC,0,21
2025-12-31T11:00:00-00:00,2025-12-31T12:00:00-00:00,2025-12-31,4,0,Hourly,SR,AS_SP26,DAM,SP_CLR_PRC,0,21
2025-12-31T16:00:00-00:00,2025-12-31T17:00:00-00:00,2025-12-31,9,0,Hourly,SR,AS_NP26,DAM,SP_CLR_PRC,0,21
2025-12-31T19:00:00-00:00,2025-12-31T20:00:00-00:00,2025-12-31,12,0,Hourly,SR,AS_CAISO_EXP,DAM,SP_CLR_PRC,0.21,21
2025-12-31T22:00:00-00:00,2025-12-31T23:00:00-00:00,2025-12-31,15,0,Hourly,SR,AS_SP26,DAM,SP_CLR_PRC,0,21
2026-01-01T00:00:00-00:00,2026-01-01T01:00:00-00:00,2025-12-31,17,0,Hourly,SR,AS_CAISO,DAM,SP_CLR_PRC,0,21
2026-01-01T00:00:00-00:00,2026-01-01T01:00:00-00:00,2025-12-31,17,0,Hourly,SR,AS_CAISO_EXP,DAM,SP_CLR_PRC,0.48755,21
2026-01-01T00:00:00-00:00,2026-01-01T01:00:00-00:00,2025-12-31,17,0,Hourly,SR,AS_NP26_EXP,DAM,SP_CLR_PRC,0.51245,21
2025-12-31T09:00:00-00:00,2025-12-31T10:00:00-00:00,2025-12-31,2,0,Hourly,SR,AS_CAISO_EXP,DAM,SP_CLR_PRC,0.5,21
2025-12-31T09:00:00-00:00,2025-12-31T10:00:00-00:00,2025-12-31,2,0,Hourly,SR,AS_SP26_EXP,DAM,SP_CLR_PRC,0,21
2025-12-31T12:00:00-00:00,2025-12-31T13:00:00-00:00,2025-12-31,5,0,Hourly,SR,AS_CAISO_EXP,DAM,SP_CLR_PRC,0.41,21
2025-12-31T12:00:00-00:00,2025-12-31T13:00:00-00:00,2025-12-31,5,0,Hourly,SR,AS_NP26_EXP,DAM,SP_CLR_PRC,0.65526,21
2025-12-31T13:00:00-00:00,2025-12-31T14:00:00-00:00,2025-12-31,6,0,Hourly,SR,AS_SP26_EXP,DAM,SP_CLR_PRC,0,21
2025-12-31T14:00:00-00:00,2025-12-31T15:00:00-00:00,2025-12-31,7,0,Hourly,SR,AS_NP26,DAM,SP_CLR_PRC,0,21
2025-12-31T14:00:00-00:00,2025-12-31T15:00:00-00:00,2025-12-31,7,0,Hourly,SR,AS_SP26,DAM,SP_CLR_PRC,0,21
2025-12-31T18:00:00-00:00,2025-12-31T19:00:00-00:00,2025-12-31,11,0,Hourly,SR,AS_CAISO,DAM,SP_CLR_PRC,0,21
2025-12-31T18:00:00-00:00,2025-12-31T19:00:00-00:00,2025-12-31,11,0,Hourly,SR,AS_SP26,DAM,SP_CLR_PRC,0,21
2025-12-31T20:00:00-00:00,2025-12-31T21:00:00-00:00,2025-12-31,13,0,Hourly,SR,AS_NP26,DAM,SP_CLR_PRC,0,21
2025-12-31T20:00:00-00:00,2025-12-31T21:00:00-00:00,2025-12-31,13,0,Hourly,SR,AS_SP26_EXP,DAM,SP_CLR_PRC,0,21
2025-12-31T21:00:00-00:00,2025-12-31T22:00:00-00:00,2025-12-31,14,0,Hourly,SR,AS_SP26,DAM,SP_CLR_PRC,0,21
2025-12-31T21:00:00-00:00,2025-12-31T22:00:00-00:00,2025-12-31,14,0,Hourly,SR,AS_SP26_EXP,DAM,SP_CLR_PRC,0,21
2025-12-31T23:00:00-00:00,2026-01-01T00:00:00-00:00,2025-12-31,16,0,Hourly,SR,AS_NP26_EXP,DAM,SP_CLR_PRC,0.69,21
2026-01-01T00:00:00-00:00,2026-01-01T01:00:00-00:00,2025-12-31,17,0,Hourly,SR,AS_NP26,DAM,SP_CLR_PRC,0,21
2026-01-01T01:00:00-00:00,2026-01-01T02:00:00-00:00,2025-12-31,18,0,Hourly,SR,AS_CAISO,DAM,SP_CLR_PRC,0,21
2026-01-01T01:00:00-00:00,2026-01-01T02:00:00-00:00,2025-12-31,18,0,Hourly,SR,AS_CAISO_EXP,DAM,SP_CLR_PRC,0.5,21
2026-01-01T02:00:00-00:00,2026-01-01T03:00:00-00:00,2025-12-31,19,0,Hourly,SR,AS_CAISO,DAM,SP_CLR_PRC,0,21
2026-01-01T06:00:00-00:00,2026-01-01T07:00:00-00:00,2025-12-31,23,0,Hourly,SR,AS_CAISO_EXP,DAM,SP_CLR_PRC,0.69609,21
2026-01-01T06:00:00-00:00,2026-01-01T07:00:00-00:00,2025-12-31,23,0,Hourly,SR,AS_NP26,DAM,SP_CLR_PRC,0,21
2026-01-01T07:00:00-00:00,2026-01-01T08:00:00-00:00,2025-12-31,24,0,Hourly,SR,AS_SP26,DAM,SP_CLR_PRC,0,21
2025-12-31T14:00:00-00:00,2025-12-31T15:00:00-00:00,2025-12-31,7,0,Hourly,SR,AS_CAISO,DAM,SP_CLR_PRC,0,21
2025-12-31T15:00:00-00:00,2025-12-31T16:00:00-00:00,2025-12-31,8,0,Hourly,SR,AS_NP26,DAM,SP_CLR_PRC,0,21
2025-12-31T19:00:00-00:00,2025-12-31T20:00:00-00:00,2025-12-31,12,0,Hourly,SR,AS_NP26,DAM,SP_CLR_PRC,0,21
2025-12-31T20:00:00-00:00,2025-12-31T21:00:00-00:00,2025-12-31,13,0,Hourly,SR,AS_CAISO_EXP,DAM,SP_CLR_PRC,0.37667,21
2025-12-31T22:00:00-00:00,2025-12-31T23:00:00-00:00,2025-12-31,15,0,Hourly,SR,AS_CAISO_EXP,DAM,SP_CLR_PRC,0.28,21
2025-12-31T23:00:00-00:00,2026-01-01T00:00:00-00:00,2025-12-31,16,0,Hourly,SR,AS_SP26,DAM,SP_CLR_PRC,0,21
2026-01-01T01:00:00-00:00,2026-01-01T02:00:00-00:00,2025-12-31,18,0,Hourly,SR,AS_NP26,DAM,SP_CLR_PRC,0,21
2026-01-01T04:00:00-00:00,2026-01-01T05:00:00-00:00,2025-12-31,21,0,Hourly,SR,AS_CAISO,DAM,SP_CLR_PRC,0,21
2026-01-01T04:00:00-00:00,2026-01-01T05:00:00-00:00,2025-12-31,21,0,Hourly,SR,AS_SP26,DAM,SP_CLR_PRC,0,21
2026-01-01T05:00:00-00:00,2026-01-01T06:00:00-00:00,2025-12-31,22,0,Hourly,SR,AS_NP26_EXP,DAM,SP_CLR_PRC,0.5,21
2026-01-01T06:00:00-00:00,2026-01-01T07:00:00-00:00,2025-12-31,23,0,Hourly,SR,AS_SP26_EXP,DAM,SP_CLR_PRC,0,21
2026-01-01T07:00:00-00:00,2026-01-01T08:00:00-00:00,2025-12-31,24,0,Hourly,SR,AS_NP26_EXP,DAM,SP_CLR_PRC,1.8,21
2025-12-31T11:00:00-00:00,2025-12-31T12:00:00-00:00,2025-12-31,4,0,Hourly,SR,AS_NP26_EXP,DAM,SP_CLR_PRC,0,21
2025-12-31T15:00:00-00:00,2025-12-31T16:00:00-00:00,2025-12-31,8,0,Hourly,SR,AS_CAISO,DAM,SP_CLR_PRC,0,21
2025-12-31T15:00:00-00:00,2025-12-31T16:00:00-00:00,2025-12-31,8,0,Hourly,SR,AS_SP26_EXP,DAM,SP_CLR_PRC,0,21
2025-12-31T16:00:00-00:00,2025-12-31T17:00:00-00:00,2025-12-31,9,0,Hourly,SR,AS_SP26_EXP,DAM,SP_CLR_PRC,0,21
2025-12-31T19:00:00-00:00,2025-12-31T20:00:00-00:00,2025-12-31,12,0,Hourly,SR,AS_SP26,DAM,SP_CLR_PRC,0,21
2025-12-31T20:00:00-00:00,2025-12-31T21:00:00-00:00,2025-12-31,13,0,Hourly,SR,AS_NP26_EXP,DAM,SP_CLR_PRC,1.12333,21
2025-12-31T22:00:00-00:00,2025-12-31T23:00:00-00:00,2025-12-31,15,0,Hourly,SR,AS_CAISO,DAM,SP_CLR_PRC,0,21
2025-12-31T22:00:00-00:00,2025-12-31T23:00:00-00:00,2025-12-31,15,0,Hourly,SR,AS_SP26_EXP,DAM,SP_CLR_PRC,0,21
2026-01-01T00:00:00-00:00,2026-01-01T01:00:00-00:00,2025-12-31,17,0,Hourly,SR,AS_SP26,DAM,SP_CLR_PRC,0,21
2026-01-01T01:00:00-00:00,2026-01-01T02:00:00-00:00,2025-12-31,18,0,Hourly,SR,AS_SP26,DAM,SP_CLR_PRC,0,21
2026-01-01T01:00:00-00:00,2026-01-01T02:00:00-00:00,2025-12-31,18,0,Hourly,SR,AS_SP26_EXP,DAM,SP_CLR_PRC,0,21
2026-01-01T03:00:00-00:00,2026-01-01T04:00:00-00:00,2025-12-31,20,0,Hourly,SR,AS_CAISO,DAM,SP_CLR_PRC,0,21
2026-01-01T03:00:00-00:00,2026-01-01T04:00:00-00:00,2025-12-31,20,0,Hourly,SR,AS_SP26_EXP,DAM,SP_CLR_PRC,0,21
2026-01-01T04:00:00-00:00,2026-01-01T05:00:00-00:00,2025-12-31,21,0,Hourly,SR,AS_NP26_EXP,DAM,SP_CLR_PRC,0.69,21
2026-01-01T04:00:00-00:00,2026-01-01T05:00:00-00:00,2025-12-31,21,0,Hourly,SR,AS_SP26_EXP,DAM,SP_CLR_PRC,0,21
2026-01-01T05:00:00-00:00,2026-01-01T06:00:00-00:00,2025-12-31,22,0,Hourly,SR,AS_CAISO_EXP,DAM,SP_CLR_PRC,0.5,21
2026-01-01T05:00:00-00:00,2026-01-01T06:00:00-00:00,2025-12-31,22,0,Hourly,SR,AS_SP26,DAM,SP_CLR_PRC,0,21
2026-01-01T05:00:00-00:00,2026-01-01T06:00:00-00:00,2025-12-31,22,0,Hourly,SR,AS_SP26_EXP,DAM,SP_CLR_PRC,0,21
2026-01-01T06:00:00-00:00,2026-01-01T07:00:00-00:00,2025-12-31,23,0,Hourly,SR,AS_NP26_EXP,DAM,SP_CLR_PRC,0.24667,21
2026-01-01T07:00:00-00:00,2026-01-01T08:00:00-00:00,2025-12-31,24,0,Hourly,SR,AS_CAISO,DAM,SP_CLR_PRC,0,21
2026-01-01T07:00:00-00:00,2026-01-01T08:00:00-00:00,2025-12-31,24,0,Hourly,SR,AS_SP26_EXP,DAM,SP_CLR_PRC,0,21
2025-12-31T08:00:00-00:00,2025-12-31T09:00:00-00:00,2025-12-31,1,0,Hourly,SR,AS_NP26_EXP,DAM,SP_CLR_PRC,0,21
2025-12-31T08:00:00-00:00,2025-12-31T09:00:00-00:00,2025-12-31,1,0,Hourly,SR,AS_SP26,DAM,SP_CLR_PRC,0,21
2025-12-31T08:00:00-00:00,2025-12-31T09:00:00-00:00,2025-12-31,1,0,Hourly,SR,AS_SP26_EXP,DAM,SP_CLR_PRC,0,21
2025-12-31T10:00:00-00:00,2025-12-31T11:00:00-00:00,2025-12-31,3,0,Hourly,SR,AS_NP26_EXP,DAM,SP_CLR_PRC,0,21
2025-12-31T12:00:00-00:00,2025-12-31T13:00:00-00:00,2025-12-31,5,0,Hourly,SR,AS_NP26,DAM,SP_CLR_PRC,0,21
2025-12-31T13:00:00-00:00,2025-12-31T14:00:00-00:00,2025-12-31,6,0,Hourly,SR,AS_NP26,DAM,SP_CLR_PRC,0,21
2025-12-31T16:00:00-00:00,2025-12-31T17:00:00-00:00,2025-12-31,9,0,Hourly,SR,AS_CAISO_EXP,DAM,SP_CLR_PRC,0.21,21
2025-12-31T17:00:00-00:00,2025-12-31T18:00:00-00:00,2025-12-31,10,0,Hourly,SR,AS_CAISO_EXP,DAM,SP_CLR_PRC,0.17,21
2025-12-31T17:00:00-00:00,2025-12-31T18:00:00-00:00,2025-12-31,10,0,Hourly,SR,AS_NP26_EXP,DAM,SP_CLR_PRC,2.33,21
2025-12-31T18:00:00-00:00,2025-12-31T19:00:00-00:00,2025-12-31,11,0,Hourly,SR,AS_CAISO_EXP,DAM,SP_CLR_PRC,0.17,21
