INTERVALSTARTTIME_GMT,INTERVALENDTIME_GMT,OPR_DT,OPR_HR,OPR_INTERVAL,OPR_TYPE,ANC_TYPE,ANC_REGION,MARKET_RUN_ID,XML_DATA_ITEM,MW,GROUP
2025-11-16T14:00:00-00:00,2025-11-16T15:00:00-00:00,2025-11-16,7,0,Hourly,RU,AS_NP26_EXP,DAM,RU_CLR_PRC,0,1
2025-11-16T17:00:00-00:00,2025-11-16T18:00:00-00:00,2025-11-16,10,0,Hourly,RU,AS_CAISO,DAM,RU_CLR_PRC,0,1
2025-11-16T18:00:00-00:00,2025-11-16T19:00:00-00:00,2025-11-16,11,0,Hourly,RU,AS_NP26,DAM,RU_CLR_PRC,0,1
2025-11-16T18:00:00-00:00,2025-11-16T19:00:00-00:00,2025-11-16,11,0,Hourly,RU,AS_SP26,DAM,RU_CLR_PRC,0,1
2025-11-16T19:00:00-00:00,2025-11-16T20:00:00-00:00,2025-11-16,12,0,Hourly,RU,AS_NP26,DAM,RU_CLR_PRC,0,1
2025-11-16T20:00:00-00:00,2025-11-16T21:00:00-00:00,2025-11-16,13,0,Hourly,RU,AS_NP26,DAM,RU_CLR_PRC,0,1
2025-11-16T20:00:00-00:00,2025-11-16T21:00:00-00:00,2025-11-16,13,0,Hourly,RU,AS_SP26,DAM,RU_CLR_PRC,0,1
2025-11-16T22:00:00-00:00,2025-11-16T23:00:00-00:00,2025-11-16,15,0,Hourly,RU,AS_SP26_EXP,DAM,RU_CLR_PRC,0,1
2025-11-16T23:00:00-00:00,2025-11-17T00:00:00-00:00,2025-11-16,16,0,Hourly,RU,AS_CAISO,DAM,RU_CLR_PRC,0,1
2025-11-16T23:00:00-00:00,2025-11-17T00:00:00-00:00,2025-11-16,16,0,Hourly,RU,AS_NP26_EXP,DAM,RU_CLR_PRC,3.52712,1
2025-11-16T23:00:00-00:00,2025-11-17T00:00:00-00:00,2025-11-16,16,0,Hourly,RU,AS_SP26,DAM,RU_CLR_PRC,0,1
2025-11-16T23:00:00-00:00,2025-11-17T00:00:00-00:00,2025-11-16,16,0,Hourly,RU,AS_SP26_EXP,DAM,RU_CLR_PRC,0,1
2025-11-17T01:00:00-00:00,2025-11-17T02:00:00-00:00,2025-11-16,18,0,Hourly,RU,AS_NP26_EXP,DAM,RU_CLR_PRC,7.39663,1
2025-11-17T03:00:00-00:00,2025-11-17T04:00:00-00:00,2025-11-16,20,0,Hourly,RU,AS_CAISO_EXP,DAM,RU_CLR_PRC,0.5639,1
2025-11-17T05:00:00-00:00,2025-11-17T06:00:00-00:00,2025-11-16,22,0,Hourly,RU,AS_CAISO_EXP,DAM,RU_CLR_PRC,0.79271,1
2025-11-17T07:00:00-00:00,2025-11-17T08:00:00-00:00,2025-11-16,24,0,Hourly,RU,AS_SP26,DAM,RU_CLR_PRC,0,1
2025-11-16T16:00:00-00:00,2025-11-16T17:00:00-00:00,2025-11-16,9,0,Hourly,RU,AS_NP26_EXP,DAM,RU_CLR_PRC,3.28226,1
2025-11-16T21:00:00-00:00,2025-11-16T22:00:00-00:00,2025-11-16,14,0,Hourly,RU,AS_SP26_EXP,DAM,RU_CLR_PRC,0,1
2025-11-16T22:00:00-00:00,2025-11-16T23:00:00-00:00,2025-11-16,15,0,Hourly,RU,AS_NP26_EXP,DAM,RU_CLR_PRC,2.53119,1
2025-11-17T02:00:00-00:00,2025-11-17T03:00:00-00:00,2025-11-16,19,0,Hourly,RU,AS_CAISO,DAM,RU_CLR_PRC,0,1
2025-11-17T02:00:00-00:00,2025-11-17T03:00:00-00:00,2025-11-16,19,0,Hourly,RU,AS_SP26,DAM,RU_CLR_PRC,0,1
2025-11-17T02:00:00-00:00,2025-11-17T03:00:00-00:00,2025-11-16,19,0,Hourly,RU,AS_SP26_EXP,DAM,RU_CLR_PRC,0,1
2025-11-17T05:00:00-00:00,2025-11-17T06:00:00-00:00,2025-11-16,22,0,Hourly,RU,AS_NP26_EXP,DAM,RU_CLR_PRC,2.95229,1
2025-11-17T06:00:00-00:00,2025-11-17T07:00:00-00:00,2025-11-16,23,0,Hourly,RU,AS_SP26_EXP,DAM,RU_CLR_PRC,0,1
2025-11-17T07:00:00-00:00,2025-11-17T08:00:00-00:00,2025-11-16,24,0,Hourly,RU,AS_CAISO,DAM,RU_CLR_PRC,0,1
2025-11-17T07:00:00-00:00,2025-11-17T08:00:00-00:00,2025-11-16,24,0,Hourly,RU,AS_CAISO_EXP,DAM,RU_CLR_PRC,1,1
2025-11-16T12:00:00-00:00,2025-11-16T13:00:00-00:00,2025-11-16,5,0,Hourly,RU,AS_CAISO,DAM,RU_CLR_PRC,0,1
2025-11-16T12:00:00-00:00,2025-11-16T13:00:00-00:00,2025-11-16,5,0,Hourly,RU,AS_CAISO_EXP,DAM,RU_CLR_PRC,0.46,1
2025-11-16T14:00:00-00:00,2025-11-16T15:00:00-00:00,2025-11-16,7,0,Hourly,RU,AS_CAISO_EXP,DAM,RU_CLR_PRC,3.73831,1
2025-11-16T17:00:00-00:00,2025-11-16T18:00:00-00:00,2025-11-16,10,0,Hourly,RU,AS_SP26,DAM,RU_CLR_PRC,0,1
2025-11-16T20:00:00-00:00,2025-11-16T21:00:00-00:00,2025-11-16,13,0,Hourly,RU,AS_SP26_EXP,DAM,RU_CLR_PRC,0,1
2025-11-16T21:00:00-00:00,2025-11-16T22:00:00-00:00,2025-11-16,14,0,Hourly,RU,AS_NP26,DAM,RU_CLR_PRC,0,1
2025-11-16T22:00:00-00:00,2025-11-16T23:00:00-00:00,2025-11-16,15,0,Hourly,RU,AS_CAISO,DAM,RU_CLR_PRC,0,1
2025-11-16T22:00:00-00:00,2025-11-16T23:00:00-00:00,2025-11-16,15,0,Hourly,RU,AS_NP26,DAM,RU_CLR_PRC,0,1
2025-11-17T00:00:00-00:00,2025-11-17T01:00:00-00:00,2025-11-16,17,0,Hourly,RU,AS_NP26,DAM,RU_CLR_PRC,0,1
2025-11-17T00:00:00-00:00,2025-11-17T01:00:00-00:00,2025-11-16,17,0,Hourly,RU,AS_NP26_EXP,DAM,RU_CLR_PRC,2.30416,1
2025-11-17T03:00:00-00:00,2025-11-17T04:00:00-00:00,2025-11-16,20,0,Hourly,RU,AS_CAISO,DAM,RU_CLR_PRC,0,1
2025-11-17T03:00:00-00:00,2025-11-17T04:00:00-00:00,2025-11-16,20,0,Hourly,RU,AS_NP26,DAM,RU_CLR_PRC,0,1
2025-11-17T03:00:00-00:00,2025-11-17T04:00:00-00:00,2025-11-16,20,0,Hourly,RU,AS_SP26,DAM,RU_CLR_PRC,0,1
2025-11-17T05:00:00-00:00,2025-11-17T06:00:00-00:00,2025-11-16,22,0,Hourly,RU,AS_NP26,DAM,RU_CLR_PRC,0,1
2025-11-17T07:00:00-00:00,2025-11-17T08:00:00-00:00,2025-11-16,24,0,Hourly,RU,AS_SP26_EXP,DAM,RU_CLR_PRC,0,1
2025-11-16T09:00:00-00:00,2025-11-16T10:00:00-00:00,2025-11-16,2,0,Hourly,RU,AS_NP26,DAM,RU_CLR_PRC,0,1
2025-11-16T10:00:00-00:00,2025-11-16T11:00:00-00:00,2025-11-16,3,0,Hourly,RU,AS_CAISO,DAM,RU_CLR_PRC,0,1
2025-11-16T17:00:00-00:00,2025-11-16T18:00:00-00:00,2025-11-16,10,0,Hourly,RU,AS_NP26,DAM,RU_CLR_PRC,0,1
2025-11-16T17:00:00-00:00,2025-11-16T18:00:00-00:00,2025-11-16,10,0,Hourly,RU,AS_NP26_EXP,DAM,RU_CLR_PRC,3.2593,1
2025-11-16T18:00:00-00:00,2025-11-16T19:00:00-00:00,2025-11-16,11,0,Hourly,RU,AS_NP26_EXP,DAM,RU_CLR_PRC,2.38967,1
2025-11-16T18:00:00-00:00,2025-11-16T19:00:00-00:00,2025-11-16,11,0,Hourly,RU,AS_SP26_EXP,DAM,RU_CLR_PRC,0,1
2025-11-16T20:00:00-00:00,2025-11-16T21:00:00-00:00,2025-11-16,13,0,Hourly,RU,AS_NP26_EXP,DAM,RU_CLR_PRC,1.71,1
2025-11-16T21:00:00-00:00,2025-11-16T22:00:00-00:00,2025-11-16,14,0,Hourly,RU,AS_NP26_EXP,DAM,RU_CLR_PRC,1.15575,1
2025-11-17T02:00:00-00:00,2025-11-17T03:00:00-00:00,2025-11-16,19,0,Hourly,RU,AS_NP26_EXP,DAM,RU_CLR_PRC,1.995,1
2025-11-17T04:00:00-00:00,2025-11-17T05:00:00-00:00,2025-11-16,21,0,Hourly,RU,AS_NP26,DAM,RU_CLR_PRC,0,1
2025-11-17T04:00:00-00:00,2025-11-17T05:00:00-00:00,2025-11-16,21,0,Hourly,RU,AS_SP26,DAM,RU_CLR_PRC,0,1
2025-11-17T06:00:00-00:00,2025-11-17T07:00:00-00:00,2025-11-16,23,0,Hourly,RU,AS_CAISO_EXP,DAM,RU_CLR_PRC,1,1
2025-11-17T06:00:00-00:00,2025-11-17T07:00:00-00:00,2025-11-16,23,0,Hourly,RU,AS_NP26,DAM,RU_CLR_PRC,0,1
2025-11-17T06:00:00-00:00,2025-11-17T07:00:00-00:00,2025-11-16,23,0,Hourly,RU,AS_SP26,DAM,RU_CLR_PRC,0,1
2025-11-16T09:00:00-00:00,2025-11-16T10:00:00-00:00,2025-11-16,2,0,Hourly,RU,AS_SP26_EXP,DAM,RU_CLR_PRC,0,1
2025-11-16T14:00:00-00:00,2025-11-16T15:00:00-00:00,2025-11-16,7,0,Hourly,RU,AS_CAISO,DAM,RU_CLR_PRC,0,1
2025-11-16T15:00:00-00:00,2025-11-16T16:00:00-00:00,2025-11-16,8,0,Hourly,RU,AS_CAISO,DAM,RU_CLR_PRC,0,1
2025-11-16T18:00:00-00:00,2025-11-16T19:00:00-00:00,2025-11-16,11,0,Hourly,RU,AS_CAISO,DAM,RU_CLR_PRC,0,1
2025-11-16T19:00:00-00:00,2025-11-16T20:00:00-00:00,2025-11-16,12,0,Hourly,RU,AS_SP26_EXP,DAM,RU_CLR_PRC,0,1
2025-11-16T21:00:00-00:00,2025-11-16T22:00:00-00:00,2025-11-16,14,0,Hourly,RU,AS_CAISO,DAM,RU_CLR_PRC,0,1
2025-11-16T21:00:00-00:00,2025-11-16T22:00:00-00:00,2025-11-16,14,0,Hourly,RU,AS_CAISO_EXP,DAM,RU_CLR_PRC,1.19257,1
2025-11-16T21:00:00-00:00,2025-11-16T22:00:00-00:00,2025-11-16,14,0,Hourly,RU,AS_SP26,DAM,RU_CLR_PRC,0,1
2025-11-16T22:00:00-00:00,2025-11-16T23:00:00-00:00,2025-11-16,15,0,Hourly,RU,AS_CAISO_EXP,DAM,RU_CLR_PRC,0.17,1
2025-11-16T23:00:00-00:00,2025-11-17T00:00:00-00:00,2025-11-16,16,0,Hourly,RU,AS_NP26,DAM,RU_CLR_PRC,0,1
2025-11-17T00:00:00-00:00,2025-11-17T01:00:00-00:00,2025-11-16,17,0,Hourly,RU,AS_SP26_EXP,DAM,RU_CLR_PRC,0,1
2025-11-17T01:00:00-00:00,2025-11-17T02:00:00-00:00,2025-11-16,18,0,Hourly,RU,AS_CAISO_EXP,DAM,RU_CLR_PRC,1.42795,1
2025-11-17T03:00:00-00:00,2025-11-17T04:00:00-00:00,2025-11-16,20,0,Hourly,RU,AS_SP26_EXP,DAM,RU_CLR_PRC,0,1
2025-11-17T04:00:00-00:00,2025-11-17T05:00:00-00:00,2025-11-16,21,0,Hourly,RU,AS_CAISO_EXP,DAM,RU_CLR_PRC,0.28929,1
2025-11-17T05:00:00-00:00,2025-11-17T06:00:00-00:00,2025-11-16,22,0,Hourly,RU,AS_SP26,DAM,RU_CLR_PRC,0,1
2025-11-17T06:00:00-00:00,2025-11-17T07:00:00-00:00,2025-11-16,23,0,Hourly,RU,AS_CAISO,DAM,RU_CLR_PRC,0,1
2025-11-17T07:00:00-00:00,2025-11-17T08:00:00-00:00,2025-11-16,24,0,Hourly,RU,AS_NP26,DAM,RU_CLR_PRC,0,1
2025-11-16T08:00:00-00:00,2025-11-16T09:00:00-00:00,2025-11-16,1,0,Hourly,RU,AS_CAISO,DAM,RU_CLR_PRC,0,1
2025-11-16T08:00:00-00:00,2025-11-16T09:00:00-00:00,2025-11-16,1,0,Hourly,RU,AS_SP26_EXP,DAM,RU_CLR_PRC,0,1
2025-11-16T11:00:00-00:00,2025-11-16T12:00:00-00:00,2025-11-16,4,0,Hourly,RU,AS_CAISO,DAM,RU_CLR_PRC,0,1
2025-11-16T11:00:00-00:00,2025-11-16T12:00:00-00:00,2025-11-16,4,0,Hourly,RU,AS_CAISO_EXP,DAM,RU_CLR_PRC,0.49587,1
2025-11-16T11:00:00-00:00,2025-11-16T12:00:00-00:00,2025-11-16,4,0,Hourly,RU,AS_SP26,DAM,RU_CLR_PRC,0,1
2025-11-16T12:00:00-00:00,2025-11-16T13:00:00-00:00,2025-11-16,5,0,Hourly,RU,AS_NP26_EXP,DAM,RU_CLR_PRC,1.14027,1
2025-11-16T12:00:00-00:00,2025-11-16T13:00:00-00:00,2025-11-16,5,0,Hourly,RU,AS_SP26,DAM,RU_CLR_PRC,0,1
2025-11-16T14:00:00-00:00,2025-11-16T15:00:00-00:00,2025-11-16,7,0,Hourly,RU,AS_NP26,DAM,RU_CLR_PRC,0,1
2025-11-16T08:00:00-00:00,2025-11-16T09:00:00-00:00,2025-11-16,1,0,Hourly,RU,AS_NP26_EXP,DAM,RU_CLR_PRC,2.22635,1
2025-11-16T09:00:00-00:00,2025-11-16T10:00:00-00:00,2025-11-16,2,0,Hourly,RU,AS_CAISO,DAM,RU_CLR_PRC,0,1
2025-11-16T10:00:00-00:00,2025-11-16T11:00:00-00:00,2025-11-16,3,0,Hourly,RU,AS_NP26,DAM,RU_CLR_PRC,0,1
2025-11-16T11:00:00-00:00,2025-11-16T12:00:00-00:00,2025-11-16,4,0,Hourly,RU,AS_SP26_EXP,DAM,RU_CLR_PRC,0,1
2025-11-16T12:00:00-00:00,2025-11-16T13:00:00-00:00,2025-11-16,5,0,Hourly,RU,AS_SP26_EXP,DAM,RU_CLR_PRC,0,1
2025-11-16T13:00:00-00:00,2025-11-16T14:00:00-00:00,2025-11-16,6,0,Hourly,RU,AS_CAISO_EXP,DAM,RU_CLR_PRC,0.44,1
2025-11-16T13:00:00-00:00,2025-11-16T14:00:00-00:00,2025-11-16,6,0,Hourly,RU,AS_SP26_EXP,DAM,RU_CLR_PRC,0,1
2025-11-16T14:00:00-00:00,2025-11-16T15:00:00-00:00,2025-11-16,7,0,Hourly,RU,AS_SP26,DAM,RU_CLR_PRC,0,1
2025-11-16T14:00:00-00:00,2025-11-16T15:00:00-00:00,2025-11-16,7,0,Hourly,RU,AS_SP26_EXP,DAM,RU_CLR_PRC,0,1
2025-11-16T23:00:00-00:00,2025-11-17T00:00:00-00:00,2025-11-16,16,0,Hourly,RU,AS_CAISO_EXP,DAM,RU_CLR_PRC,1.70358,1
2025-11-17T00:00:00-00:00,2025-11-17T01:00:00-00:00,2025-11-16,17,0,Hourly,RU,AS_CAISO,DAM,RU_CLR_PRC,0,1
2025-11-17T01:00:00-00:00,2025-11-17T02:00:00-00:00,2025-11-16,18,0,Hourly,RU,AS_CAISO,DAM,RU_CLR_PRC,0,1
2025-11-17T01:00:00-00:00,2025-11-17T02:00:00-00:00,2025-11-16,18,0,Hourly,RU,AS_SP26_EXP,DAM,RU_CLR_PRC,0,1
2025-11-16T08:00:00-00:00,2025-11-16T09:00:00-00:00,2025-11-16,1,0,Hourly,RU,AS_SP26,DAM,RU_CLR_PRC,0,1
2025-11-16T09:00:00-00:00,2025-11-16T10:00:00-00:00,2025-11-16,2,0,Hourly,RU,AS_CAISO_EXP,DAM,RU_CLR_PRC,1,1
2025-11-16T10:00:00-00:00,2025-11-16T11:00:00-00:00,2025-11-16,3,0,Hourly,RU,AS_NP26_EXP,DAM,RU_CLR_PRC,1.39873,1
2025-11-16T13:00:00-00:00,2025-11-16T14:00:00-00:00,2025-11-16,6,0,Hourly,RU,AS_NP26,DAM,RU_CLR_PRC,0,1
2025-11-16T13:00:00-00:00,2025-11-16T14:00:00-00:00,2025-11-16,6,0,Hourly,RU,AS_SP26,DAM,RU_CLR_PRC,0,1
2025-11-16T15:00:00-00:00,2025-11-16T16:00:00-00:00,2025-11-16,8,0,Hourly,RU,AS_NP26,DAM,RU_CLR_PRC,0,1
2025-11-16T16:00:00-00:00,2025-11-16T17:00:00-00:00,2025-11-16,9,0,Hourly,RU,AS_SP26,DAM,RU_CLR_PRC,0,1
2025-11-16T17:00:00-00:00,2025-11-16T18:00:00-00:00,2025-11-16,10,0,Hourly,RU,AS_CAISO_EXP,DAM,RU_CLR_PRC,0.6907,1
2025-11-16T17:00:00-00:00,2025-11-16T18:00:00-00:00,2025-11-16,10,0,Hourly,RU,AS_SP26_EXP,DAM,RU_CLR_PRC,0,1
2025-11-16T18:00:00-00:00,2025-11-16T19:00:00-00:00,2025-11-16,11,0,Hourly,RU,AS_CAISO_EXP,DAM,RU_CLR_PRC,0.26221,1
2025-11-16T19:00:00-00:00,2025-11-16T20:00:00-00:00,2025-11-16,12,0,Hourly,RU,AS_CAISO,DAM,RU_CLR_PRC,0,1
2025-11-16T19:00:00-00:00,2025-11-16T20:00:00-00:00,2025-11-16,12,0,Hourly,RU,AS_CAISO_EXP,DAM,RU_CLR_PRC,0.39,1
2025-11-16T19:00:00-00:00,2025-11-16T20:00:00-00:00,2025-11-16,12,0,Hourly,RU,AS_SP26,DAM,RU_CLR_PRC,0,1
2025-11-17T00:00:00-00:00,2025-11-17T01:00:00-00:00,2025-11-16,17,0,Hourly,RU,AS_CAISO_EXP,DAM,RU_CLR_PRC,0.81943,1
2025-11-17T01:00:00-00:00,2025-11-17T02:00:00-00:00,2025-11-16,18,0,Hourly,RU,AS_SP26,DAM,RU_CLR_PRC,0,1
2025-11-17T02:00:00-00:00,2025-11-17T03:00:00-00:00,2025-11-16,19,0,Hourly,RU,AS_CAISO_EXP,DAM,RU_CLR_PRC,0.705,1
2025-11-17T03:00:00-00:00,2025-11-17T04:00:00-00:00,2025-11-16,20,0,Hourly,RU,AS_NP26_EXP,DAM,RU_CLR_PRC,1.9979,1
2025-11-17T04:00:00-00:00,2025-11-17T05:00:00-00:00,2025-11-16,21,0,Hourly,RU,AS_SP26_EXP,DAM,RU_CLR_PRC,0,1
2025-11-17T05:00:00-00:00,2025-11-17T06:00:00-00:00,2025-11-16,22,0,Hourly,RU,AS_SP26_EXP,DAM,RU_CLR_PRC,0,1
2025-11-17T07:00:00-00:00,2025-11-17T08:00:00-00:00,2025-11-16,24,0,Hourly,RU,AS_NP26_EXP,DAM,RU_CLR_PRC,1.26004,1
2025-11-16T10:00:00-00:00,2025-11-16T11:00:00-00:00,2025-11-16,3,0,Hourly,RU,AS_SP26,DAM,RU_CLR_PRC,0,1
2025-11-16T10:00:00-00:00,2025-11-16T11:00:00-00:00,2025-11-16,3,0,Hourly,RU,AS_SP26_EXP,DAM,RU_CLR_PRC,0,1
2025-11-16T11:00:00-00:00,2025-11-16T12:00:00-00:00,2025-11-16,4,0,Hourly,RU,AS_NP26_EXP,DAM,RU_CLR_PRC,1.2186,1
2025-11-16T12:00:00-00:00,2025-11-16T13:00:00-00:00,2025-11-16,5,0,Hourly,RU,AS_NP26,DAM,RU_CLR_PRC,0,1
2025-11-16T13:00:00-00:00,2025-11-16T14:00:00-00:00,2025-11-16,6,0,Hourly,RU,AS_NP26_EXP,DAM,RU_CLR_PRC,0.69307,1
2025-11-16T15:00:00-00:00,2025-11-16T16:00:00-00:00,2025-11-16,8,0,Hourly,RU,AS_CAISO_EXP,DAM,RU_CLR_PRC,1.67005,1
2025-11-16T15:00:00-00:00,2025-11-16T16:00:00-00:00,2025-11-16,8,0,Hourly,RU,AS_NP26_EXP,DAM,RU_CLR_PRC,1.63612,1
2025-11-16T15:00:00-00:00,2025-11-16T16:00:00-00:00,2025-11-16,8,0,Hourly,RU,AS_SP26_EXP,DAM,RU_CLR_PRC,0,1
2025-11-16T16:00:00-00:00,2025-11-16T17:00:00-00:00,2025-11-16,9,0,Hourly,RU,AS_CAISO,DAM,RU_CLR_PRC,0,1
2025-11-16T16:00:00-00:00,2025-11-16T17:00:00-00:00,2025-11-16,9,0,Hourly,RU,AS_CAISO_EXP,DAM,RU_CLR_PRC,1.23812,1
2025-11-16T16:00:00-00:00,2025-11-16T17:00:00-00:00,2025-11-16,9,0,Hourly,RU,AS_NP26,DAM,RU_CLR_PRC,0,1
2025-11-16T16:00:00-00:00,2025-11-16T17:00:00-00:00,2025-11-16,9,0,Hourly,RU,AS_SP26_EXP,DAM,RU_CLR_PRC,0,1
2025-11-16T19:00:00-00:00,2025-11-16T20:00:00-00:00,2025-11-16,12,0,Hourly,RU,AS_NP26_EXP,DAM,RU_CLR_PRC,2.505,1
2025-11-16T20:00:00-00:00,2025-11-16T21:00:00-00:00,2025-11-16,13,0,Hourly,RU,AS_CAISO,DAM,RU_CLR_PRC,0,1
2025-11-16T20:00:00-00:00,2025-11-16T21:00:00-00:00,2025-11-16,13,0,Hourly,RU,AS_CAISO_EXP,DAM,RU_CLR_PRC,0.29,1
2025-11-16T22:00:00-00:00,2025-11-16T23:00:00-00:00,2025-11-16,15,0,Hourly,RU,AS_SP26,DAM,RU_CLR_PRC,0,1
2025-11-17T00:00:00-00:00,2025-11-17T01:00:00-00:00,2025-11-16,17,0,Hourly,RU,AS_SP26,DAM,RU_CLR_PRC,0,1
2025-11-17T01:00:00-00:00,2025-11-17T02:00:00-00:00,2025-11-16,18,0,Hourly,RU,AS_NP26,DAM,RU_CLR_PRC,0,1
2025-11-17T02:00:00-00:00,2025-11-17T03:00:00-00:00,2025-11-16,19,0,Hourly,RU,AS_NP26,DAM,RU_CLR_PRC,0,1
2025-11-17T04:00:00-00:00,2025-11-17T05:00:00-00:00,2025-11-16,21,0,Hourly,RU,AS_CAISO,DAM,RU_CLR_PRC,0,1
2025-11-17T05:00:00-00:00,2025-11-17T06:00:00-00:00,2025-11-16,22,0,Hourly,RU,AS_CAISO,DAM,RU_CLR_PRC,0,1
2025-11-17T04:00:00-00:00,2025-11-17T05:00:00-00:00,2025-11-16,21,0,Hourly,RU,AS_NP26_EXP,DAM,RU_CLR_PRC,1.74532,1
2025-11-17T06:00:00-00:00,2025-11-17T07:00:00-00:00,2025-11-16,23,0,Hourly,RU,AS_NP26_EXP,DAM,RU_CLR_PRC,1.925,1
2025-11-16T08:00:00-00:00,2025-11-16T09:00:00-00:00,2025-11-16,1,0,Hourly,RU,AS_CAISO_EXP,DAM,RU_CLR_PRC,1,1
2025-11-16T08:00:00-00:00,2025-11-16T09:00:00-00:00,2025-11-16,1,0,Hourly,RU,AS_NP26,DAM,RU_CLR_PRC,0,1
2025-11-16T09:00:00-00:00,2025-11-16T10:00:00-00:00,2025-11-16,2,0,Hourly,RU,AS_NP26_EXP,DAM,RU_CLR_PRC,0.7002,1
2025-11-16T09:00:00-00:00,2025-11-16T10:00:00-00:00,2025-11-16,2,0,Hourly,RU,AS_SP26,DAM,RU_CLR_PRC,0,1
2025-11-16T10:00:00-00:00,2025-11-16T11:00:00-00:00,2025-11-16,3,0,Hourly,RU,AS_CAISO_EXP,DAM,RU_CLR_PRC,0.59,1
2025-11-16T11:00:00-00:00,2025-11-16T12:00:00-00:00,2025-11-16,4,0,Hourly,RU,AS_NP26,DAM,RU_CLR_PRC,0,1
2025-11-16T13:00:00-00:00,2025-11-16T14:00:00-00:00,2025-11-16,6,0,Hourly,RU,AS_CAISO,DAM,RU_CLR_PRC,0,1
2025-11-16T15:00:00-00:00,2025-11-16T16:00:00-00:00,2025-11-16,8,0,Hourly,RU,AS_SP26,DAM,RU_CLR_PRC,0,1
2025-11-17T14:00:00-00:00,2025-11-17T15:00:00-00:00,2025-11-17,7,0,Hourly,RU,AS_CAISO,DAM,RU_CLR_PRC,0,2
2025-11-17T14:00:00-00:00,2025-11-17T15:00:00-00:00,2025-11-17,7,0,Hourly,RU,AS_CAISO_EXP,DAM,RU_CLR_PRC,1.54678,2
2025-11-17T17:00:00-00:00,2025-11-17T18:00:00-00:00,2025-11-17,10,0,Hourly,RU,AS_SP26_EXP,DAM,RU_CLR_PRC,0,2
2025-11-17T18:00:00-00:00,2025-11-17T19:00:00-00:00,2025-11-17,11,0,Hourly,RU,AS_NP26,DAM,RU_CLR_PRC,0,2
2025-11-17T18:00:00-00:00,2025-11-17T19:00:00-00:00,2025-11-17,11,0,Hourly,RU,AS_SP26,DAM,RU_CLR_PRC,0,2
2025-11-17T20:00:00-00:00,2025-11-17T21:00:00-00:00,2025-11-17,13,0,Hourly,RU,AS_SP26,DAM,RU_CLR_PRC,0,2
2025-11-17T21:00:00-00:00,2025-11-17T22:00:00-00:00,2025-11-17,14,0,Hourly,RU,AS_SP26_EXP,DAM,RU_CLR_PRC,0,2
2025-11-17T22:00:00-00:00,2025-11-17T23:00:00-00:00,2025-11-17,15,0,Hourly,RU,AS_CAISO,DAM,RU_CLR_PRC,0,2
2025-11-18T01:00:00-00:00,2025-11-18T02:00:00-00:00,2025-11-17,18,0,Hourly,RU,AS_CAISO,DAM,RU_CLR_PRC,0,2
2025-11-18T01:00:00-00:00,2025-11-18T02:00:00-00:00,2025-11-17,18,0,Hourly,RU,AS_NP26_EXP,DAM,RU_CLR_PRC,5.84,2
2025-11-18T01:00:00-00:00,2025-11-18T02:00:00-00:00,2025-11-17,18,0,Hourly,RU,AS_SP26,DAM,RU_CLR_PRC,0,2
2025-11-18T02:00:00-00:00,2025-11-18T03:00:00-00:00,2025-11-17,19,0,Hourly,RU,AS_SP26_EXP,DAM,RU_CLR_PRC,0,2
2025-11-18T03:00:00-00:00,2025-11-18T04:00:00-00:00,2025-11-17,20,0,Hourly,RU,AS_SP26,DAM,RU_CLR_PRC,0,2
2025-11-18T06:00:00-00:00,2025-11-18T07:00:00-00:00,2025-11-17,23,0,Hourly,RU,AS_NP26,DAM,RU_CLR_PRC,0,2
2025-11-18T07:00:00-00:00,2025-11-18T08:00:00-00:00,2025-11-17,24,0,Hourly,RU,AS_NP26_EXP,DAM,RU_CLR_PRC,2.745,2
2025-11-18T07:00:00-00:00,2025-11-18T08:00:00-00:00,2025-11-17,24,0,Hourly,RU,AS_SP26_EXP,DAM,RU_CLR_PRC,0,2
2025-11-18T04:00:00-00:00,2025-11-18T05:00:00-00:00,2025-11-17,21,0,Hourly,RU,AS_SP26,DAM,RU_CLR_PRC,0,2
2025-11-18T05:00:00-00:00,2025-11-18T06:00:00-00:00,2025-11-17,22,0,Hourly,RU,AS_CAISO,DAM,RU_CLR_PRC,0,2
2025-11-17T08:00:00-00:00,2025-11-17T09:00:00-00:00,2025-11-17,1,0,Hourly,RU,AS_CAISO_EXP,DAM,RU_CLR_PRC,1.11828,2
2025-11-17T09:00:00-00:00,2025-11-17T10:00:00-00:00,2025-11-17,2,0,Hourly,RU,AS_NP26_EXP,DAM,RU_CLR_PRC,0.23706,2
2025-11-17T09:00:00-00:00,2025-11-17T10:00:00-00:00,2025-11-17,2,0,Hourly,RU,AS_CAISO,DAM,RU_CLR_PRC,0,2
2025-11-17T09:00:00-00:00,2025-11-17T10:00:00-00:00,2025-11-17,2,0,Hourly,RU,AS_NP26,DAM,RU_CLR_PRC,0,2
2025-11-17T09:00:00-00:00,2025-11-17T10:00:00-00:00,2025-11-17,2,0,Hourly,RU,AS_SP26,DAM,RU_CLR_PRC,0,2
2025-11-17T10:00:00-00:00,2025-11-17T11:00:00-00:00,2025-11-17,3,0,Hourly,RU,AS_SP26,DAM,RU_CLR_PRC,0,2
2025-11-17T11:00:00-00:00,2025-11-17T12:00:00-00:00,2025-11-17,4,0,Hourly,RU,AS_SP26_EXP,DAM,RU_CLR_PRC,0,2
2025-11-17T12:00:00-00:00,2025-11-17T13:00:00-00:00,2025-11-17,5,0,Hourly,RU,AS_SP26,DAM,RU_CLR_PRC,0,2
2025-11-17T15:00:00-00:00,2025-11-17T16:00:00-00:00,2025-11-17,8,0,Hourly,RU,AS_CAISO_EXP,DAM,RU_CLR_PRC,1.53261,2
2025-11-17T17:00:00-00:00,2025-11-17T18:00:00-00:00,2025-11-17,10,0,Hourly,RU,AS_CAISO,DAM,RU_CLR_PRC,0,2
2025-11-17T17:00:00-00:00,2025-11-17T18:00:00-00:00,2025-11-17,10,0,Hourly,RU,AS_NP26_EXP,DAM,RU_CLR_PRC,3.67288,2
2025-11-17T18:00:00-00:00,2025-11-17T19:00:00-00:00,2025-11-17,11,0,Hourly,RU,AS_CAISO,DAM,RU_CLR_PRC,0,2
2025-11-17T20:00:00-00:00,2025-11-17T21:00:00-00:00,2025-11-17,13,0,Hourly,RU,AS_NP26,DAM,RU_CLR_PRC,0,2
2025-11-17T22:00:00-00:00,2025-11-17T23:00:00-00:00,2025-11-17,15,0,Hourly,RU,AS_SP26,DAM,RU_CLR_PRC,0,2
2025-11-17T23:00:00-00:00,2025-11-18T00:00:00-00:00,2025-11-17,16,0,Hourly,RU,AS_CAISO,DAM,RU_CLR_PRC,0,2
2025-11-17T23:00:00-00:00,2025-11-18T00:00:00-00:00,2025-11-17,16,0,Hourly,RU,AS_SP26_EXP,DAM,RU_CLR_PRC,0,2
2025-11-18T02:00:00-00:00,2025-11-18T03:00:00-00:00,2025-11-17,19,0,Hourly,RU,AS_CAISO_EXP,DAM,RU_CLR_PRC,0.74239,2
2025-11-18T02:00:00-00:00,2025-11-18T03:00:00-00:00,2025-11-17,19,0,Hourly,RU,AS_NP26,DAM,RU_CLR_PRC,0,2
2025-11-18T02:00:00-00:00,2025-11-18T03:00:00-00:00,2025-11-17,19,0,Hourly,RU,AS_NP26_EXP,DAM,RU_CLR_PRC,1.8194,2
2025-11-18T05:00:00-00:00,2025-11-18T06:00:00-00:00,2025-11-17,22,0,Hourly,RU,AS_NP26,DAM,RU_CLR_PRC,0,2
2025-11-18T05:00:00-00:00,2025-11-18T06:00:00-00:00,2025-11-17,22,0,Hourly,RU,AS_SP26,DAM,RU_CLR_PRC,0,2
2025-11-17T09:00:00-00:00,2025-11-17T10:00:00-00:00,2025-11-17,2,0,Hourly,RU,AS_SP26_EXP,DAM,RU_CLR_PRC,0,2
2025-11-17T10:00:00-00:00,2025-11-17T11:00:00-00:00,2025-11-17,3,0,Hourly,RU,AS_CAISO,DAM,RU_CLR_PRC,0,2
2025-11-17T11:00:00-00:00,2025-11-17T12:00:00-00:00,2025-11-17,4,0,Hourly,RU,AS_CAISO,DAM,RU_CLR_PRC,0,2
2025-11-17T12:00:00-00:00,2025-11-17T13:00:00-00:00,2025-11-17,5,0,Hourly,RU,AS_CAISO_EXP,DAM,RU_CLR_PRC,0.30957,2
2025-11-17T12:00:00-00:00,2025-11-17T13:00:00-00:00,2025-11-17,5,0,Hourly,RU,AS_NP26,DAM,RU_CLR_PRC,0,2
2025-11-17T13:00:00-00:00,2025-11-17T14:00:00-00:00,2025-11-17,6,0,Hourly,RU,AS_SP26,DAM,RU_CLR_PRC,0,2
2025-11-17T13:00:00-00:00,2025-11-17T14:00:00-00:00,2025-11-17,6,0,Hourly,RU,AS_SP26_EXP,DAM,RU_CLR_PRC,0,2
2025-11-17T14:00:00-00:00,2025-11-17T15:00:00-00:00,2025-11-17,7,0,Hourly,RU,AS_NP26,DAM,RU_CLR_PRC,0,2
2025-11-17T14:00:00-00:00,2025-11-17T15:00:00-00:00,2025-11-17,7,0,Hourly,RU,AS_NP26_EXP,DAM,RU_CLR_PRC,1.15322,2
2025-11-17T15:00:00-00:00,2025-11-17T16:00:00-00:00,2025-11-17,8,0,Hourly,RU,AS_CAISO,DAM,RU_CLR_PRC,0,2
2025-11-17T16:00:00-00:00,2025-11-17T17:00:00-00:00,2025-11-17,9,0,Hourly,RU,AS_CAISO,DAM,RU_CLR_PRC,0,2
2025-11-17T17:00:00-00:00,2025-11-17T18:00:00-00:00,2025-11-17,10,0,Hourly,RU,AS_SP26,DAM,RU_CLR_PRC,0,2
2025-11-17T19:00:00-00:00,2025-11-17T20:00:00-00:00,2025-11-17,12,0,Hourly,RU,AS_CAISO,DAM,RU_CLR_PRC,0,2
2025-11-17T19:00:00-00:00,2025-11-17T20:00:00-00:00,2025-11-17,12,0,Hourly,RU,AS_CAISO_EXP,DAM,RU_CLR_PRC,0.17515,2
2025-11-17T19:00:00-00:00,2025-11-17T20:00:00-00:00,2025-11-17,12,0,Hourly,RU,AS_NP26_EXP,DAM,RU_CLR_PRC,2.81839,2
2025-11-17T20:00:00-00:00,2025-11-17T21:00:00-00:00,2025-11-17,13,0,Hourly,RU,AS_NP26_EXP,DAM,RU_CLR_PRC,2.63834,2
2025-11-17T21:00:00-00:00,2025-11-17T22:00:00-00:00,2025-11-17,14,0,Hourly,RU,AS_NP26_EXP,DAM,RU_CLR_PRC,3.46341,2
2025-11-18T00:00:00-00:00,2025-11-18T01:00:00-00:00,2025-11-17,17,0,Hourly,RU,AS_NP26_EXP,DAM,RU_CLR_PRC,1.69,2
2025-11-18T03:00:00-00:00,2025-11-18T04:00:00-00:00,2025-11-17,20,0,Hourly,RU,AS_CAISO,DAM,RU_CLR_PRC,0,2
2025-11-18T05:00:00-00:00,2025-11-18T06:00:00-00:00,2025-11-17,22,0,Hourly,RU,AS_NP26_EXP,DAM,RU_CLR_PRC,4.71761,2
2025-11-18T05:00:00-00:00,2025-11-18T06:00:00-00:00,2025-11-17,22,0,Hourly,RU,AS_SP26_EXP,DAM,RU_CLR_PRC,0,2
2025-11-18T07:00:00-00:00,2025-11-18T08:00:00-00:00,2025-11-17,24,0,Hourly,RU,AS_CAISO_EXP,DAM,RU_CLR_PRC,1,2
2025-11-17T08:00:00-00:00,2025-11-17T09:00:00-00:00,2025-11-17,1,0,Hourly,RU,AS_CAISO,DAM,RU_CLR_PRC,0,2
2025-11-17T11:00:00-00:00,2025-11-17T12:00:00-00:00,2025-11-17,4,0,Hourly,RU,AS_NP26_EXP,DAM,RU_CLR_PRC,1.5,2
2025-11-17T15:00:00-00:00,2025-11-17T16:00:00-00:00,2025-11-17,8,0,Hourly,RU,AS_NP26_EXP,DAM,RU_CLR_PRC,4.38145,2
2025-11-17T17:00:00-00:00,2025-11-17T18:00:00-00:00,2025-11-17,10,0,Hourly,RU,AS_CAISO_EXP,DAM,RU_CLR_PRC,0.27,2
2025-11-17T19:00:00-00:00,2025-11-17T20:00:00-00:00,2025-11-17,12,0,Hourly,RU,AS_SP26,DAM,RU_CLR_PRC,0,2
2025-11-17T21:00:00-00:00,2025-11-17T22:00:00-00:00,2025-11-17,14,0,Hourly,RU,AS_NP26,DAM,RU_CLR_PRC,0,2
2025-11-17T22:00:00-00:00,2025-11-17T23:00:00-00:00,2025-11-17,15,0,Hourly,RU,AS_CAISO_EXP,DAM,RU_CLR_PRC,0.26,2
2025-11-18T00:00:00-00:00,2025-11-18T01:00:00-00:00,2025-11-17,17,0,Hourly,RU,AS_NP26,DAM,RU_CLR_PRC,0,2
2025-11-18T00:00:00-00:00,2025-11-18T01:00:00-00:00,2025-11-17,17,0,Hourly,RU,AS_SP26_EXP,DAM,RU_CLR_PRC,0,2
2025-11-18T01:00:00-00:00,2025-11-18T02:00:00-00:00,2025-11-17,18,0,Hourly,RU,AS_CAISO_EXP,DAM,RU_CLR_PRC,1.12,2
2025-11-18T03:00:00-00:00,2025-11-18T04:00:00-00:00,2025-11-17,20,0,Hourly,RU,AS_SP26_EXP,DAM,RU_CLR_PRC,0,2
2025-11-18T04:00:00-00:00,2025-11-18T05:00:00-00:00,2025-11-17,21,0,Hourly,RU,AS_NP26_EXP,DAM,RU_CLR_PRC,1.44069,2
2025-11-18T07:00:00-00:00,2025-11-18T08:00:00-00:00,2025-11-17,24,0,Hourly,RU,AS_NP26,DAM,RU_CLR_PRC,0,2
2025-11-17T08:00:00-00:00,2025-11-17T09:00:00-00:00,2025-11-17,1,0,Hourly,RU,AS_SP26_EXP,DAM,RU_CLR_PRC,0,2
2025-11-17T10:00:00-00:00,2025-11-17T11:00:00-00:00,2025-11-17,3,0,Hourly,RU,AS_NP26,DAM,RU_CLR_PRC,0,2
2025-11-17T10:00:00-00:00,2025-11-17T11:00:00-00:00,2025-11-17,3,0,Hourly,RU,AS_NP26_EXP,DAM,RU_CLR_PRC,1.29972,2
2025-11-17T12:00:00-00:00,2025-11-17T13:00:00-00:00,2025-11-17,5,0,Hourly,RU,AS_CAISO,DAM,RU_CLR_PRC,0,2
2025-11-17T12:00:00-00:00,2025-11-17T13:00:00-00:00,2025-11-17,5,0,Hourly,RU,AS_NP26_EXP,DAM,RU_CLR_PRC,1.69043,2
2025-11-17T13:00:00-00:00,2025-11-17T14:00:00-00:00,2025-11-17,6,0,Hourly,RU,AS_NP26,DAM,RU_CLR_PRC,0,2
2025-11-17T09:00:00-00:00,2025-11-17T10:00:00-00:00,2025-11-17,2,0,Hourly,RU,AS_CAISO_EXP,DAM,RU_CLR_PRC,1.47309,2
2025-11-17T15:00:00-00:00,2025-11-17T16:00:00-00:00,2025-11-17,8,0,Hourly,RU,AS_SP26,DAM,RU_CLR_PRC,0,2
2025-11-17T15:00:00-00:00,2025-11-17T16:00:00-00:00,2025-11-17,8,0,Hourly,RU,AS_SP26_EXP,DAM,RU_CLR_PRC,0,2
2025-11-17T16:00:00-00:00,2025-11-17T17:00:00-00:00,2025-11-17,9,0,Hourly,RU,AS_NP26_EXP,DAM,RU_CLR_PRC,5.21161,2
2025-11-17T18:00:00-00:00,2025-11-17T19:00:00-00:00,2025-11-17,11,0,Hourly,RU,AS_NP26_EXP,DAM,RU_CLR_PRC,2.65938,2
2025-11-17T19:00:00-00:00,2025-11-17T20:00:00-00:00,2025-11-17,12,0,Hourly,RU,AS_NP26,DAM,RU_CLR_PRC,0,2
2025-11-17T21:00:00-00:00,2025-11-17T22:00:00-00:00,2025-11-17,14,0,Hourly,RU,AS_SP26,DAM,RU_CLR_PRC,0,2
2025-11-18T01:00:00-00:00,2025-11-18T02:00:00-00:00,2025-11-17,18,0,Hourly,RU,AS_SP26_EXP,DAM,RU_CLR_PRC,0,2
2025-11-18T03:00:00-00:00,2025-11-18T04:00:00-00:00,2025-11-17,20,0,Hourly,RU,AS_NP26_EXP,DAM,RU_CLR_PRC,2.36098,2
2025-11-18T05:00:00-00:00,2025-11-18T06:00:00-00:00,2025-11-17,22,0,Hourly,RU,AS_CAISO_EXP,DAM,RU_CLR_PRC,1,2
2025-11-18T06:00:00-00:00,2025-11-18T07:00:00-00:00,2025-11-17,23,0,Hourly,RU,AS_NP26_EXP,DAM,RU_CLR_PRC,2.745,2
2025-11-18T07:00:00-00:00,2025-11-18T08:00:00-00:00,2025-11-17,24,0,Hourly,RU,AS_SP26,DAM,RU_CLR_PRC,0,2
2025-11-17T10:00:00-00:00,2025-11-17T11:00:00-00:00,2025-11-17,3,0,Hourly,RU,AS_SP26_EXP,DAM,RU_CLR_PRC,0,2
2025-11-17T11:00:00-00:00,2025-11-17T12:00:00-00:00,2025-11-17,4,0,Hourly,RU,AS_SP26,DAM,RU_CLR_PRC,0,2
2025-11-17T13:00:00-00:00,2025-11-17T14:00:00-00:00,2025-11-17,6,0,Hourly,RU,AS_CAISO,DAM,RU_CLR_PRC,0,2
2025-11-17T15:00:00-00:00,2025-11-17T16:00:00-00:00,2025-11-17,8,0,Hourly,RU,AS_NP26,DAM,RU_CLR_PRC,0,2
2025-11-17T18:00:00-00:00,2025-11-17T19:00:00-00:00,2025-11-17,11,0,Hourly,RU,AS_SP26_EXP,DAM,RU_CLR_PRC,0,2
2025-11-17T20:00:00-00:00,2025-11-17T21:00:00-00:00,2025-11-17,13,0,Hourly,RU,AS_CAISO_EXP,DAM,RU_CLR_PRC,0.47374,2
2025-11-17T21:00:00-00:00,2025-11-17T22:00:00-00:00,2025-11-17,14,0,Hourly,RU,AS_CAISO,DAM,RU_CLR_PRC,0,2
2025-11-18T00:00:00-00:00,2025-11-18T01:00:00-00:00,2025-11-17,17,0,Hourly,RU,AS_CAISO,DAM,RU_CLR_PRC,0,2
2025-11-18T00:00:00-00:00,2025-11-18T01:00:00-00:00,2025-11-17,17,0,Hourly,RU,AS_SP26,DAM,RU_CLR_PRC,0,2
2025-11-18T04:00:00-00:00,2025-11-18T05:00:00-00:00,2025-11-17,21,0,Hourly,RU,AS_CAISO,DAM,RU_CLR_PRC,0,2
2025-11-18T04:00:00-00:00,2025-11-18T05:00:00-00:00,2025-11-17,21,0,Hourly,RU,AS_SP26_EXP,DAM,RU_CLR_PRC,0,2
2025-11-18T06:00:00-00:00,2025-11-18T07:00:00-00:00,2025-11-17,23,0,Hourly,RU,AS_CAISO,DAM,RU_CLR_PRC,0,2
2025-11-18T06:00:00-00:00,2025-11-18T07:00:00-00:00,2025-11-17,23,0,Hourly,RU,AS_SP26,DAM,RU_CLR_PRC,0,2
2025-11-18T07:00:00-00:00,2025-11-18T08:00:00-00:00,2025-11-17,24,0,Hourly,RU,AS_CAISO,DAM,RU_CLR_PRC,0,2
2025-11-17T08:00:00-00:00,2025-11-17T09:00:00-00:00,2025-11-17,1,0,Hourly,RU,AS_NP26_EXP,DAM,RU_CLR_PRC,1.12142,2
2025-11-17T08:00:00-00:00,2025-11-17T09:00:00-00:00,2025-11-17,1,0,Hourly,RU,AS_NP26,DAM,RU_CLR_PRC,0,2
2025-11-17T10:00:00-00:00,2025-11-17T11:00:00-00:00,2025-11-17,3,0,Hourly,RU,AS_CAISO_EXP,DAM,RU_CLR_PRC,0.3,2
2025-11-17T11:00:00-00:00,2025-11-17T12:00:00-00:00,2025-11-17,4,0,Hourly,RU,AS_CAISO_EXP,DAM,RU_CLR_PRC,0.5,2
2025-11-17T11:00:00-00:00,2025-11-17T12:00:00-00:00,2025-11-17,4,0,Hourly,RU,AS_NP26,DAM,RU_CLR_PRC,0,2
2025-11-17T12:00:00-00:00,2025-11-17T13:00:00-00:00,2025-11-17,5,0,Hourly,RU,AS_SP26_EXP,DAM,RU_CLR_PRC,0,2
2025-11-17T13:00:00-00:00,2025-11-17T14:00:00-00:00,2025-11-17,6,0,Hourly,RU,AS_NP26_EXP,DAM,RU_CLR_PRC,1.20066,2
2025-11-17T14:00:00-00:00,2025-11-17T15:00:00-00:00,2025-11-17,7,0,Hourly,RU,AS_SP26,DAM,RU_CLR_PRC,0,2
2025-11-17T16:00:00-00:00,2025-11-17T17:00:00-00:00,2025-11-17,9,0,Hourly,RU,AS_SP26,DAM,RU_CLR_PRC,0,2
2025-11-17T17:00:00-00:00,2025-11-17T18:00:00-00:00,2025-11-17,10,0,Hourly,RU,AS_NP26,DAM,RU_CLR_PRC,0,2
2025-11-17T18:00:00-00:00,2025-11-17T19:00:00-00:00,2025-11-17,11,0,Hourly,RU,AS_CAISO_EXP,DAM,RU_CLR_PRC,0.62423,2
2025-11-17T19:00:00-00:00,2025-11-17T20:00:00-00:00,2025-11-17,12,0,Hourly,RU,AS_SP26_EXP,DAM,RU_CLR_PRC,0,2
2025-11-17T20:00:00-00:00,2025-11-17T21:00:00-00:00,2025-11-17,13,0,Hourly,RU,AS_CAISO,DAM,RU_CLR_PRC,0,2
2025-11-17T20:00:00-00:00,2025-11-17T21:00:00-00:00,2025-11-17,13,0,Hourly,RU,AS_SP26_EXP,DAM,RU_CLR_PRC,0,2
2025-11-17T22:00:00-00:00,2025-11-17T23:00:00-00:00,2025-11-17,15,0,Hourly,RU,AS_NP26_EXP,DAM,RU_CLR_PRC,4.21706,2
2025-11-17T22:00:00-00:00,2025-11-17T23:00:00-00:00,2025-11-17,15,0,Hourly,RU,AS_SP26_EXP,DAM,RU_CLR_PRC,0,2
2025-11-17T23:00:00-00:00,2025-11-18T00:00:00-00:00,2025-11-17,16,0,Hourly,RU,AS_NP26,DAM,RU_CLR_PRC,0,2
2025-11-18T02:00:00-00:00,2025-11-18T03:00:00-00:00,2025-11-17,19,0,Hourly,RU,AS_SP26,DAM,RU_CLR_PRC,0,2
2025-11-18T03:00:00-00:00,2025-11-18T04:00:00-00:00,2025-11-17,20,0,Hourly,RU,AS_CAISO_EXP,DAM,RU_CLR_PRC,0.20082,2
2025-11-18T03:00:00-00:00,2025-11-18T04:00:00-00:00,2025-11-17,20,0,Hourly,RU,AS_NP26,DAM,RU_CLR_PRC,0,2
2025-11-18T06:00:00-00:00,2025-11-18T07:00:00-00:00,2025-11-17,23,0,Hourly,RU,AS_CAISO_EXP,DAM,RU_CLR_PRC,1,2
2025-11-18T06:00:00-00:00,2025-11-18T07:00:00-00:00,2025-11-17,23,0,Hourly,RU,AS_SP26_EXP,DAM,RU_CLR_PRC,0,2
2025-11-17T08:00:00-00:00,2025-11-17T09:00:00-00:00,2025-11-17,1,0,Hourly,RU,AS_SP26,DAM,RU_CLR_PRC,0,2
2025-11-17T13:00:00-00:00,2025-11-17T14:00:00-00:00,2025-11-17,6,0,Hourly,RU,AS_CAISO_EXP,DAM,RU_CLR_PRC,0.94541,2
2025-11-17T14:00:00-00:00,2025-11-17T15:00:00-00:00,2025-11-17,7,0,Hourly,RU,AS_SP26_EXP,DAM,RU_CLR_PRC,0,2
2025-11-17T16:00:00-00:00,2025-11-17T17:00:00-00:00,2025-11-17,9,0,Hourly,RU,AS_CAISO_EXP,DAM,RU_CLR_PRC,0.33,2
2025-11-17T16:00:00-00:00,2025-11-17T17:00:00-00:00,2025-11-17,9,0,Hourly,RU,AS_NP26,DAM,RU_CLR_PRC,0,2
2025-11-17T16:00:00-00:00,2025-11-17T17:00:00-00:00,2025-11-17,9,0,Hourly,RU,AS_SP26_EXP,DAM,RU_CLR_PRC,0,2
2025-11-17T21:00:00-00:00,2025-11-17T22:00:00-00:00,2025-11-17,14,0,Hourly,RU,AS_CAISO_EXP,DAM,RU_CLR_PRC,0.18,2
2025-11-17T22:00:00-00:00,2025-11-17T23:00:00-00:00,2025-11-17,15,0,Hourly,RU,AS_NP26,DAM,RU_CLR_PRC,0,2
2025-11-17T23:00:00-00:00,2025-11-18T00:00:00-00:00,2025-11-17,16,0,Hourly,RU,AS_NP26_EXP,DAM,RU_CLR_PRC,5.26,2
2025-11-17T23:00:00-00:00,2025-11-18T00:00:00-00:00,2025-11-17,16,0,Hourly,RU,AS_CAISO_EXP,DAM,RU_CLR_PRC,0.74,2
2025-11-17T23:00:00-00:00,2025-11-18T00:00:00-00:00,2025-11-17,16,0,Hourly,RU,AS_SP26,DAM,RU_CLR_PRC,0,2
2025-11-18T00:00:00-00:00,2025-11-18T01:00:00-00:00,2025-11-17,17,0,Hourly,RU,AS_CAISO_EXP,DAM,RU_CLR_PRC,1.01,2
2025-11-18T01:00:00-00:00,2025-11-18T02:00:00-00:00,2025-11-17,18,0,Hourly,RU,AS_NP26,DAM,RU_CLR_PRC,0,2
2025-11-18T02:00:00-00:00,2025-11-18T03:00:00-00:00,2025-11-17,19,0,Hourly,RU,AS_CAISO,DAM,RU_CLR_PRC,0,2
2025-11-18T04:00:00-00:00,2025-11-18T05:00:00-00:00,2025-11-17,21,0,Hourly,RU,AS_CAISO_EXP,DAM,RU_CLR_PRC,0.5485,2
2025-11-18T04:00:00-00:00,2025-11-18T05:00:00-00:00,2025-11-17,21,0,Hourly,RU,AS_NP26,DAM,RU_CLR_PRC,0,2
2025-11-19T01:00:00-00:00,2025-11-19T02:00:00-00:00,2025-11-18,18,0,Hourly,RU,AS_SP26_EXP,DAM,RU_CLR_PRC,0,3
2025-11-19T04:00:00-00:00,2025-11-19T05:00:00-00:00,2025-11-18,21,0,Hourly,RU,AS_CAISO,DAM,RU_CLR_PRC,0,3
2025-11-19T05:00:00-00:00,2025-11-19T06:00:00-00:00,2025-11-18,22,0,Hourly,RU,AS_NP26_EXP,DAM,RU_CLR_PRC,1.15619,3
2025-11-19T05:00:00-00:00,2025-11-19T06:00:00-00:00,2025-11-18,22,0,Hourly,RU,AS_SP26,DAM,RU_CLR_PRC,0,3
2025-11-19T06:00:00-00:00,2025-11-19T07:00:00-00:00,2025-11-18,23,0,Hourly,RU,AS_SP26,DAM,RU_CLR_PRC,0,3
2025-11-18T08:00:00-00:00,2025-11-18T09:00:00-00:00,2025-11-18,1,0,Hourly,RU,AS_CAISO,DAM,RU_CLR_PRC,0,3
2025-11-18T08:00:00-00:00,2025-11-18T09:00:00-00:00,2025-11-18,1,0,Hourly,RU,AS_SP26,DAM,RU_CLR_PRC,0,3
2025-11-18T09:00:00-00:00,2025-11-18T10:00:00-00:00,2025-11-18,2,0,Hourly,RU,AS_NP26,DAM,RU_CLR_PRC,0,3
2025-11-18T14:00:00-00:00,2025-11-18T15:00:00-00:00,2025-11-18,7,0,Hourly,RU,AS_SP26,DAM,RU_CLR_PRC,0,3
2025-11-18T17:00:00-00:00,2025-11-18T18:00:00-00:00,2025-11-18,10,0,Hourly,RU,AS_SP26_EXP,DAM,RU_CLR_PRC,0,3
2025-11-19T02:00:00-00:00,2025-11-19T03:00:00-00:00,2025-11-18,19,0,Hourly,RU,AS_CAISO_EXP,DAM,RU_CLR_PRC,0.56,3
2025-11-19T02:00:00-00:00,2025-11-19T03:00:00-00:00,2025-11-18,19,0,Hourly,RU,AS_NP26,DAM,RU_CLR_PRC,0,3
2025-11-19T03:00:00-00:00,2025-11-19T04:00:00-00:00,2025-11-18,20,0,Hourly,RU,AS_CAISO,DAM,RU_CLR_PRC,0,3
2025-11-19T04:00:00-00:00,2025-11-19T05:00:00-00:00,2025-11-18,21,0,Hourly,RU,AS_CAISO_EXP,DAM,RU_CLR_PRC,0.3656,3
2025-11-19T05:00:00-00:00,2025-11-19T06:00:00-00:00,2025-11-18,22,0,Hourly,RU,AS_CAISO_EXP,DAM,RU_CLR_PRC,1.03241,3
2025-11-19T05:00:00-00:00,2025-11-19T06:00:00-00:00,2025-11-18,22,0,Hourly,RU,AS_SP26_EXP,DAM,RU_CLR_PRC,0,3
2025-11-19T03:00:00-00:00,2025-11-19T04:00:00-00:00,2025-11-18,20,0,Hourly,RU,AS_CAISO_EXP,DAM,RU_CLR_PRC,0.46014,3
2025-11-19T04:00:00-00:00,2025-11-19T05:00:00-00:00,2025-11-18,21,0,Hourly,RU,AS_SP26_EXP,DAM,RU_CLR_PRC,0,3
2025-11-19T06:00:00-00:00,2025-11-19T07:00:00-00:00,2025-11-18,23,0,Hourly,RU,AS_CAISO_EXP,DAM,RU_CLR_PRC,1.39796,3
2025-11-19T06:00:00-00:00,2025-11-19T07:00:00-00:00,2025-11-18,23,0,Hourly,RU,AS_SP26_EXP,DAM,RU_CLR_PRC,0,3
2025-11-18T08:00:00-00:00,2025-11-18T09:00:00-00:00,2025-11-18,1,0,Hourly,RU,AS_NP26_EXP,DAM,RU_CLR_PRC,2.1236,3
2025-11-18T09:00:00-00:00,2025-11-18T10:00:00-00:00,2025-11-18,2,0,Hourly,RU,AS_CAISO,DAM,RU_CLR_PRC,0,3
2025-11-18T09:00:00-00:00,2025-11-18T10:00:00-00:00,2025-11-18,2,0,Hourly,RU,AS_SP26_EXP,DAM,RU_CLR_PRC,0,3
2025-11-18T14:00:00-00:00,2025-11-18T15:00:00-00:00,2025-11-18,7,0,Hourly,RU,AS_NP26,DAM,RU_CLR_PRC,0,3
2025-11-18T15:00:00-00:00,2025-11-18T16:00:00-00:00,2025-11-18,8,0,Hourly,RU,AS_NP26_EXP,DAM,RU_CLR_PRC,4.3022,3
2025-11-18T16:00:00-00:00,2025-11-18T17:00:00-00:00,2025-11-18,9,0,Hourly,RU,AS_NP26_EXP,DAM,RU_CLR_PRC,5.11058,3
2025-11-18T16:00:00-00:00,2025-11-18T17:00:00-00:00,2025-11-18,9,0,Hourly,RU,AS_SP26,DAM,RU_CLR_PRC,0,3
2025-11-18T18:00:00-00:00,2025-11-18T19:00:00-00:00,2025-11-18,11,0,Hourly,RU,AS_CAISO,DAM,RU_CLR_PRC,0,3
2025-11-18T19:00:00-00:00,2025-11-18T20:00:00-00:00,2025-11-18,12,0,Hourly,RU,AS_NP26_EXP,DAM,RU_CLR_PRC,2.14752,3
2025-11-18T20:00:00-00:00,2025-11-18T21:00:00-00:00,2025-11-18,13,0,Hourly,RU,AS_NP26_EXP,DAM,RU_CLR_PRC,0.8106,3
2025-11-18T21:00:00-00:00,2025-11-18T22:00:00-00:00,2025-11-18,14,0,Hourly,RU,AS_CAISO,DAM,RU_CLR_PRC,0,3
2025-11-18T21:00:00-00:00,2025-11-18T22:00:00-00:00,2025-11-18,14,0,Hourly,RU,AS_SP26_EXP,DAM,RU_CLR_PRC,0,3
2025-11-18T22:00:00-00:00,2025-11-18T23:00:00-00:00,2025-11-18,15,0,Hourly,RU,AS_CAISO_EXP,DAM,RU_CLR_PRC,2,3
2025-11-18T22:00:00-00:00,2025-11-18T23:00:00-00:00,2025-11-18,15,0,Hourly,RU,AS_SP26,DAM,RU_CLR_PRC,0,3
2025-11-18T23:00:00-00:00,2025-11-19T00:00:00-00:00,2025-11-18,16,0,Hourly,RU,AS_NP26_EXP,DAM,RU_CLR_PRC,4.9,3
2025-11-18T23:00:00-00:00,2025-11-19T00:00:00-00:00,2025-11-18,16,0,Hourly,RU,AS_SP26_EXP,DAM,RU_CLR_PRC,0,3
2025-11-19T01:00:00-00:00,2025-11-19T02:00:00-00:00,2025-11-18,18,0,Hourly,RU,AS_NP26_EXP,DAM,RU_CLR_PRC,2.62,3
2025-11-19T02:00:00-00:00,2025-11-19T03:00:00-00:00,2025-11-18,19,0,Hourly,RU,AS_CAISO,DAM,RU_CLR_PRC,0,3
2025-11-19T07:00:00-00:00,2025-11-19T08:00:00-00:00,2025-11-18,24,0,Hourly,RU,AS_CAISO,DAM,RU_CLR_PRC,0,3
2025-11-19T07:00:00-00:00,2025-11-19T08:00:00-00:00,2025-11-18,24,0,Hourly,RU,AS_NP26_EXP,DAM,RU_CLR_PRC,1.76038,3
2025-11-18T09:00:00-00:00,2025-11-18T10:00:00-00:00,2025-11-18,2,0,Hourly,RU,AS_NP26_EXP,DAM,RU_CLR_PRC,1.5,3
2025-11-18T10:00:00-00:00,2025-11-18T11:00:00-00:00,2025-11-18,3,0,Hourly,RU,AS_CAISO_EXP,DAM,RU_CLR_PRC,0.5,3
2025-11-18T11:00:00-00:00,2025-11-18T12:00:00-00:00,2025-11-18,4,0,Hourly,RU,AS_CAISO_EXP,DAM,RU_CLR_PRC,0.5,3
2025-11-18T13:00:00-00:00,2025-11-18T14:00:00-00:00,2025-11-18,6,0,Hourly,RU,AS_CAISO,DAM,RU_CLR_PRC,0,3
2025-11-18T14:00:00-00:00,2025-11-18T15:00:00-00:00,2025-11-18,7,0,Hourly,RU,AS_NP26_EXP,DAM,RU_CLR_PRC,1.48816,3
2025-11-18T15:00:00-00:00,2025-11-18T16:00:00-00:00,2025-11-18,8,0,Hourly,RU,AS_NP26,DAM,RU_CLR_PRC,0,3
2025-11-18T17:00:00-00:00,2025-11-18T18:00:00-00:00,2025-11-18,10,0,Hourly,RU,AS_CAISO,DAM,RU_CLR_PRC,0,3
2025-11-18T17:00:00-00:00,2025-11-18T18:00:00-00:00,2025-11-18,10,0,Hourly,RU,AS_CAISO_EXP,DAM,RU_CLR_PRC,0.47759,3
2025-11-18T17:00:00-00:00,2025-11-18T18:00:00-00:00,2025-11-18,10,0,Hourly,RU,AS_SP26,DAM,RU_CLR_PRC,0,3
2025-11-18T18:00:00-00:00,2025-11-18T19:00:00-00:00,2025-11-18,11,0,Hourly,RU,AS_NP26,DAM,RU_CLR_PRC,0,3
2025-11-18T18:00:00-00:00,2025-11-18T19:00:00-00:00,2025-11-18,11,0,Hourly,RU,AS_NP26_EXP,DAM,RU_CLR_PRC,2.85816,3
2025-11-18T18:00:00-00:00,2025-11-18T19:00:00-00:00,2025-11-18,11,0,Hourly,RU,AS_SP26,DAM,RU_CLR_PRC,0,3
2025-11-18T22:00:00-00:00,2025-11-18T23:00:00-00:00,2025-11-18,15,0,Hourly,RU,AS_SP26_EXP,DAM,RU_CLR_PRC,0,3
2025-11-18T23:00:00-00:00,2025-11-19T00:00:00-00:00,2025-11-18,16,0,Hourly,RU,AS_SP26,DAM,RU_CLR_PRC,0,3
2025-11-19T01:00:00-00:00,2025-11-19T02:00:00-00:00,2025-11-18,18,0,Hourly,RU,AS_NP26,DAM,RU_CLR_PRC,0,3
2025-11-19T02:00:00-00:00,2025-11-19T03:00:00-00:00,2025-11-18,19,0,Hourly,RU,AS_SP26,DAM,RU_CLR_PRC,0,3
2025-11-19T03:00:00-00:00,2025-11-19T04:00:00-00:00,2025-11-18,20,0,Hourly,RU,AS_SP26_EXP,DAM,RU_CLR_PRC,0,3
2025-11-19T04:00:00-00:00,2025-11-19T05:00:00-00:00,2025-11-18,21,0,Hourly,RU,AS_SP26,DAM,RU_CLR_PRC,0,3
2025-11-18T10:00:00-00:00,2025-11-18T11:00:00-00:00,2025-11-18,3,0,Hourly,RU,AS_NP26_EXP,DAM,RU_CLR_PRC,1.5,3
2025-11-18T12:00:00-00:00,2025-11-18T13:00:00-00:00,2025-11-18,5,0,Hourly,RU,AS_NP26_EXP,DAM,RU_CLR_PRC,1.39533,3
2025-11-18T13:00:00-00:00,2025-11-18T14:00:00-00:00,2025-11-18,6,0,Hourly,RU,AS_CAISO_EXP,DAM,RU_CLR_PRC,1.41892,3
2025-11-18T15:00:00-00:00,2025-11-18T16:00:00-00:00,2025-11-18,8,0,Hourly,RU,AS_CAISO_EXP,DAM,RU_CLR_PRC,2.13081,3
2025-11-18T15:00:00-00:00,2025-11-18T16:00:00-00:00,2025-11-18,8,0,Hourly,RU,AS_SP26,DAM,RU_CLR_PRC,0,3
2025-11-18T16:00:00-00:00,2025-11-18T17:00:00-00:00,2025-11-18,9,0,Hourly,RU,AS_NP26,DAM,RU_CLR_PRC,0,3
2025-11-18T17:00:00-00:00,2025-11-18T18:00:00-00:00,2025-11-18,10,0,Hourly,RU,AS_NP26,DAM,RU_CLR_PRC,0,3
2025-11-18T17:00:00-00:00,2025-11-18T18:00:00-00:00,2025-11-18,10,0,Hourly,RU,AS_NP26_EXP,DAM,RU_CLR_PRC,3.18057,3
2025-11-18T18:00:00-00:00,2025-11-18T19:00:00-00:00,2025-11-18,11,0,Hourly,RU,AS_SP26_EXP,DAM,RU_CLR_PRC,0,3
2025-11-18T19:00:00-00:00,2025-11-18T20:00:00-00:00,2025-11-18,12,0,Hourly,RU,AS_CAISO_EXP,DAM,RU_CLR_PRC,0.58791,3
2025-11-18T19:00:00-00:00,2025-11-18T20:00:00-00:00,2025-11-18,12,0,Hourly,RU,AS_SP26_EXP,DAM,RU_CLR_PRC,0,3
2025-11-18T20:00:00-00:00,2025-11-18T21:00:00-00:00,2025-11-18,13,0,Hourly,RU,AS_CAISO,DAM,RU_CLR_PRC,0,3
2025-11-18T20:00:00-00:00,2025-11-18T21:00:00-00:00,2025-11-18,13,0,Hourly,RU,AS_SP26,DAM,RU_CLR_PRC,0,3
2025-11-18T20:00:00-00:00,2025-11-18T21:00:00-00:00,2025-11-18,13,0,Hourly,RU,AS_SP26_EXP,DAM,RU_CLR_PRC,0,3
2025-11-18T21:00:00-00:00,2025-11-18T22:00:00-00:00,2025-11-18,14,0,Hourly,RU,AS_NP26,DAM,RU_CLR_PRC,0,3
2025-11-18T22:00:00-00:00,2025-11-18T23:00:00-00:00,2025-11-18,15,0,Hourly,RU,AS_CAISO,DAM,RU_CLR_PRC,0,3
2025-11-19T00:00:00-00:00,2025-11-19T01:00:00-00:00,2025-11-18,17,0,Hourly,RU,AS_CAISO,DAM,RU_CLR_PRC,0,3
2025-11-19T00:00:00-00:00,2025-11-19T01:00:00-00:00,2025-11-18,17,0,Hourly,RU,AS_NP26_EXP,DAM,RU_CLR_PRC,0.97139,3
2025-11-19T00:00:00-00:00,2025-11-19T01:00:00-00:00,2025-11-18,17,0,Hourly,RU,AS_SP26,DAM,RU_CLR_PRC,0,3
2025-11-19T01:00:00-00:00,2025-11-19T02:00:00-00:00,2025-11-18,18,0,Hourly,RU,AS_CAISO,DAM,RU_CLR_PRC,0,3
2025-11-19T01:00:00-00:00,2025-11-19T02:00:00-00:00,2025-11-18,18,0,Hourly,RU,AS_CAISO_EXP,DAM,RU_CLR_PRC,1.38,3
2025-11-19T01:00:00-00:00,2025-11-19T02:00:00-00:00,2025-11-18,18,0,Hourly,RU,AS_SP26,DAM,RU_CLR_PRC,0,3
2025-11-18T08:00:00-00:00,2025-11-18T09:00:00-00:00,2025-11-18,1,0,Hourly,RU,AS_NP26,DAM,RU_CLR_PRC,0,3
2025-11-18T11:00:00-00:00,2025-11-18T12:00:00-00:00,2025-11-18,4,0,Hourly,RU,AS_CAISO,DAM,RU_CLR_PRC,0,3
2025-11-18T13:00:00-00:00,2025-11-18T14:00:00-00:00,2025-11-18,6,0,Hourly,RU,AS_NP26,DAM,RU_CLR_PRC,0,3
2025-11-18T13:00:00-00:00,2025-11-18T14:00:00-00:00,2025-11-18,6,0,Hourly,RU,AS_SP26,DAM,RU_CLR_PRC,0,3
2025-11-18T14:00:00-00:00,2025-11-18T15:00:00-00:00,2025-11-18,7,0,Hourly,RU,AS_CAISO_EXP,DAM,RU_CLR_PRC,1.77402,3
2025-11-18T16:00:00-00:00,2025-11-18T17:00:00-00:00,2025-11-18,9,0,Hourly,RU,AS_CAISO,DAM,RU_CLR_PRC,0,3
2025-11-18T21:00:00-00:00,2025-11-18T22:00:00-00:00,2025-11-18,14,0,Hourly,RU,AS_NP26_EXP,DAM,RU_CLR_PRC,3.20998,3
2025-11-18T21:00:00-00:00,2025-11-18T22:00:00-00:00,2025-11-18,14,0,Hourly,RU,AS_SP26,DAM,RU_CLR_PRC,0,3
2025-11-19T00:00:00-00:00,2025-11-19T01:00:00-00:00,2025-11-18,17,0,Hourly,RU,AS_SP26_EXP,DAM,RU_CLR_PRC,0,3
2025-11-19T02:00:00-00:00,2025-11-19T03:00:00-00:00,2025-11-18,19,0,Hourly,RU,AS_SP26_EXP,DAM,RU_CLR_PRC,0,3
2025-11-19T03:00:00-00:00,2025-11-19T04:00:00-00:00,2025-11-18,20,0,Hourly,RU,AS_NP26,DAM,RU_CLR_PRC,0,3
2025-11-19T04:00:00-00:00,2025-11-19T05:00:00-00:00,2025-11-18,21,0,Hourly,RU,AS_NP26_EXP,DAM,RU_CLR_PRC,1.72689,3
2025-11-19T05:00:00-00:00,2025-11-19T06:00:00-00:00,2025-11-18,22,0,Hourly,RU,AS_CAISO,DAM,RU_CLR_PRC,0,3
2025-11-19T05:00:00-00:00,2025-11-19T06:00:00-00:00,2025-11-18,22,0,Hourly,RU,AS_NP26,DAM,RU_CLR_PRC,0,3
2025-11-19T07:00:00-00:00,2025-11-19T08:00:00-00:00,2025-11-18,24,0,Hourly,RU,AS_CAISO_EXP,DAM,RU_CLR_PRC,5.19962,3
2025-11-18T10:00:00-00:00,2025-11-18T11:00:00-00:00,2025-11-18,3,0,Hourly,RU,AS_CAISO,DAM,RU_CLR_PRC,0,3
2025-11-18T10:00:00-00:00,2025-11-18T11:00:00-00:00,2025-11-18,3,0,Hourly,RU,AS_NP26,DAM,RU_CLR_PRC,0,3
2025-11-18T11:00:00-00:00,2025-11-18T12:00:00-00:00,2025-11-18,4,0,Hourly,RU,AS_NP26_EXP,DAM,RU_CLR_PRC,1.5,3
2025-11-18T11:00:00-00:00,2025-11-18T12:00:00-00:00,2025-11-18,4,0,Hourly,RU,AS_NP26,DAM,RU_CLR_PRC,0,3
2025-11-18T11:00:00-00:00,2025-11-18T12:00:00-00:00,2025-11-18,4,0,Hourly,RU,AS_SP26,DAM,RU_CLR_PRC,0,3
2025-11-18T12:00:00-00:00,2025-11-18T13:00:00-00:00,2025-11-18,5,0,Hourly,RU,AS_CAISO,DAM,RU_CLR_PRC,0,3
2025-11-18T12:00:00-00:00,2025-11-18T13:00:00-00:00,2025-11-18,5,0,Hourly,RU,AS_NP26,DAM,RU_CLR_PRC,0,3
2025-11-18T12:00:00-00:00,2025-11-18T13:00:00-00:00,2025-11-18,5,0,Hourly,RU,AS_SP26,DAM,RU_CLR_PRC,0,3
2025-11-18T13:00:00-00:00,2025-11-18T14:00:00-00:00,2025-11-18,6,0,Hourly,RU,AS_NP26_EXP,DAM,RU_CLR_PRC,0.58108,3
2025-11-18T15:00:00-00:00,2025-11-18T16:00:00-00:00,2025-11-18,8,0,Hourly,RU,AS_CAISO,DAM,RU_CLR_PRC,0,3
2025-11-18T15:00:00-00:00,2025-11-18T16:00:00-00:00,2025-11-18,8,0,Hourly,RU,AS_SP26_EXP,DAM,RU_CLR_PRC,0,3
2025-11-18T18:00:00-00:00,2025-11-18T19:00:00-00:00,2025-11-18,11,0,Hourly,RU,AS_CAISO_EXP,DAM,RU_CLR_PRC,0.17,3
2025-11-18T19:00:00-00:00,2025-11-18T20:00:00-00:00,2025-11-18,12,0,Hourly,RU,AS_CAISO,DAM,RU_CLR_PRC,0,3
2025-11-18T20:00:00-00:00,2025-11-18T21:00:00-00:00,2025-11-18,13,0,Hourly,RU,AS_CAISO_EXP,DAM,RU_CLR_PRC,1.98483,3
2025-11-18T21:00:00-00:00,2025-11-18T22:00:00-00:00,2025-11-18,14,0,Hourly,RU,AS_CAISO_EXP,DAM,RU_CLR_PRC,0.17,3
2025-11-18T22:00:00-00:00,2025-11-18T23:00:00-00:00,2025-11-18,15,0,Hourly,RU,AS_NP26_EXP,DAM,RU_CLR_PRC,2.3427,3
2025-11-19T03:00:00-00:00,2025-11-19T04:00:00-00:00,2025-11-18,20,0,Hourly,RU,AS_NP26_EXP,DAM,RU_CLR_PRC,2.03986,3
2025-11-19T03:00:00-00:00,2025-11-19T04:00:00-00:00,2025-11-18,20,0,Hourly,RU,AS_SP26,DAM,RU_CLR_PRC,0,3
2025-11-19T06:00:00-00:00,2025-11-19T07:00:00-00:00,2025-11-18,23,0,Hourly,RU,AS_NP26,DAM,RU_CLR_PRC,0,3
2025-11-19T07:00:00-00:00,2025-11-19T08:00:00-00:00,2025-11-18,24,0,Hourly,RU,AS_SP26,DAM,RU_CLR_PRC,0,3
2025-11-18T08:00:00-00:00,2025-11-18T09:00:00-00:00,2025-11-18,1,0,Hourly,RU,AS_CAISO_EXP,DAM,RU_CLR_PRC,1,3
2025-11-18T08:00:00-00:00,2025-11-18T09:00:00-00:00,2025-11-18,1,0,Hourly,RU,AS_SP26_EXP,DAM,RU_CLR_PRC,0,3
2025-11-18T09:00:00-00:00,2025-11-18T10:00:00-00:00,2025-11-18,2,0,Hourly,RU,AS_CAISO_EXP,DAM,RU_CLR_PRC,0.5,3
2025-11-18T09:00:00-00:00,2025-11-18T10:00:00-00:00,2025-11-18,2,0,Hourly,RU,AS_SP26,DAM,RU_CLR_PRC,0,3
2025-11-18T10:00:00-00:00,2025-11-18T11:00:00-00:00,2025-11-18,3,0,Hourly,RU,AS_SP26,DAM,RU_CLR_PRC,0,3
2025-11-18T11:00:00-00:00,2025-11-18T12:00:00-00:00,2025-11-18,4,0,Hourly,RU,AS_SP26_EXP,DAM,RU_CLR_PRC,0,3
2025-11-18T12:00:00-00:00,2025-11-18T13:00:00-00:00,2025-11-18,5,0,Hourly,RU,AS_SP26_EXP,DAM,RU_CLR_PRC,0,3
2025-11-18T14:00:00-00:00,2025-11-18T15:00:00-00:00,2025-11-18,7,0,Hourly,RU,AS_SP26_EXP,DAM,RU_CLR_PRC,0,3
2025-11-18T16:00:00-00:00,2025-11-18T17:00:00-00:00,2025-11-18,9,0,Hourly,RU,AS_CAISO_EXP,DAM,RU_CLR_PRC,2.74942,3
2025-11-18T16:00:00-00:00,2025-11-18T17:00:00-00:00,2025-11-18,9,0,Hourly,RU,AS_SP26_EXP,DAM,RU_CLR_PRC,0,3
2025-11-18T19:00:00-00:00,2025-11-18T20:00:00-00:00,2025-11-18,12,0,Hourly,RU,AS_NP26,DAM,RU_CLR_PRC,0,3
2025-11-18T20:00:00-00:00,2025-11-18T21:00:00-00:00,2025-11-18,13,0,Hourly,RU,AS_NP26,DAM,RU_CLR_PRC,0,3
2025-11-18T23:00:00-00:00,2025-11-19T00:00:00-00:00,2025-11-18,16,0,Hourly,RU,AS_CAISO,DAM,RU_CLR_PRC,0,3
2025-11-18T23:00:00-00:00,2025-11-19T00:00:00-00:00,2025-11-18,16,0,Hourly,RU,AS_CAISO_EXP,DAM,RU_CLR_PRC,1.1,3
2025-11-19T00:00:00-00:00,2025-11-19T01:00:00-00:00,2025-11-18,17,0,Hourly,RU,AS_NP26,DAM,RU_CLR_PRC,0,3
2025-11-19T02:00:00-00:00,2025-11-19T03:00:00-00:00,2025-11-18,19,0,Hourly,RU,AS_NP26_EXP,DAM,RU_CLR_PRC,1.94,3
2025-11-19T04:00:00-00:00,2025-11-19T05:00:00-00:00,2025-11-18,21,0,Hourly,RU,AS_NP26,DAM,RU_CLR_PRC,0,3
2025-11-19T06:00:00-00:00,2025-11-19T07:00:00-00:00,2025-11-18,23,0,Hourly,RU,AS_CAISO,DAM,RU_CLR_PRC,0,3
2025-11-19T06:00:00-00:00,2025-11-19T07:00:00-00:00,2025-11-18,23,0,Hourly,RU,AS_NP26_EXP,DAM,RU_CLR_PRC,1.16384,3
2025-11-19T07:00:00-00:00,2025-11-19T08:00:00-00:00,2025-11-18,24,0,Hourly,RU,AS_NP26,DAM,RU_CLR_PRC,0,3
2025-11-19T07:00:00-00:00,2025-11-19T08:00:00-00:00,2025-11-18,24,0,Hourly,RU,AS_SP26_EXP,DAM,RU_CLR_PRC,0,3
2025-11-18T10:00:00-00:00,2025-11-18T11:00:00-00:00,2025-11-18,3,0,Hourly,RU,AS_SP26_EXP,DAM,RU_CLR_PRC,0,3
2025-11-18T12:00:00-00:00,2025-11-18T13:00:00-00:00,2025-11-18,5,0,Hourly,RU,AS_CAISO_EXP,DAM,RU_CLR_PRC,0.60467,3
2025-11-18T13:00:00-00:00,2025-11-18T14:00:00-00:00,2025-11-18,6,0,Hourly,RU,AS_SP26_EXP,DAM,RU_CLR_PRC,0,3
2025-11-18T14:00:00-00:00,2025-11-18T15:00:00-00:00,2025-11-18,7,0,Hourly,RU,AS_CAISO,DAM,RU_CLR_PRC,0,3
2025-11-18T19:00:00-00:00,2025-11-18T20:00:00-00:00,2025-11-18,12,0,Hourly,RU,AS_SP26,DAM,RU_CLR_PRC,0,3
2025-11-18T22:00:00-00:00,2025-11-18T23:00:00-00:00,2025-11-18,15,0,Hourly,RU,AS_NP26,DAM,RU_CLR_PRC,0,3
2025-11-18T23:00:00-00:00,2025-11-19T00:00:00-00:00,2025-11-18,16,0,Hourly,RU,AS_NP26,DAM,RU_CLR_PRC,0,3
2025-11-19T00:00:00-00:00,2025-11-19T01:00:00-00:00,2025-11-18,17,0,Hourly,RU,AS_CAISO_EXP,DAM,RU_CLR_PRC,1,3
2025-11-20T06:00:00-00:00,2025-11-20T07:00:00-00:00,2025-11-19,23,0,Hourly,RU,AS_CAISO,DAM,RU_CLR_PRC,0,4
2025-11-20T06:00:00-00:00,2025-11-20T07:00:00-00:00,2025-11-19,23,0,Hourly,RU,AS_CAISO_EXP,DAM,RU_CLR_PRC,2,4
2025-11-19T09:00:00-00:00,2025-11-19T10:00:00-00:00,2025-11-19,2,0,Hourly,RU,AS_NP26,DAM,RU_CLR_PRC,0,4
2025-11-19T13:00:00-00:00,2025-11-19T14:00:00-00:00,2025-11-19,6,0,Hourly,RU,AS_CAISO_EXP,DAM,RU_CLR_PRC,0.58425,4
2025-11-19T15:00:00-00:00,2025-11-19T16:00:00-00:00,2025-11-19,8,0,Hourly,RU,AS_CAISO_EXP,DAM,RU_CLR_PRC,3.47883,4
2025-11-19T17:00:00-00:00,2025-11-19T18:00:00-00:00,2025-11-19,10,0,Hourly,RU,AS_NP26_EXP,DAM,RU_CLR_PRC,4.97335,4
2025-11-19T19:00:00-00:00,2025-11-19T20:00:00-00:00,2025-11-19,12,0,Hourly,RU,AS_SP26,DAM,RU_CLR_PRC,0,4
2025-11-19T21:00:00-00:00,2025-11-19T22:00:00-00:00,2025-11-19,14,0,Hourly,RU,AS_NP26,DAM,RU_CLR_PRC,0,4
2025-11-19T22:00:00-00:00,2025-11-19T23:00:00-00:00,2025-11-19,15,0,Hourly,RU,AS_SP26,DAM,RU_CLR_PRC,0,4
2025-11-20T02:00:00-00:00,2025-11-20T03:00:00-00:00,2025-11-19,19,0,Hourly,RU,AS_SP26,DAM,RU_CLR_PRC,0,4
2025-11-20T03:00:00-00:00,2025-11-20T04:00:00-00:00,2025-11-19,20,0,Hourly,RU,AS_NP26_EXP,DAM,RU_CLR_PRC,1.11081,4
2025-11-20T04:00:00-00:00,2025-11-20T05:00:00-00:00,2025-11-19,21,0,Hourly,RU,AS_NP26_EXP,DAM,RU_CLR_PRC,2.14245,4
2025-11-20T04:00:00-00:00,2025-11-20T05:00:00-00:00,2025-11-19,21,0,Hourly,RU,AS_CAISO,DAM,RU_CLR_PRC,0,4
2025-11-20T05:00:00-00:00,2025-11-20T06:00:00-00:00,2025-11-19,22,0,Hourly,RU,AS_SP26_EXP,DAM,RU_CLR_PRC,0,4
2025-11-20T07:00:00-00:00,2025-11-20T08:00:00-00:00,2025-11-19,24,0,Hourly,RU,AS_NP26,DAM,RU_CLR_PRC,0,4
2025-11-20T07:00:00-00:00,2025-11-20T08:00:00-00:00,2025-11-19,24,0,Hourly,RU,AS_SP26,DAM,RU_CLR_PRC,0,4
2025-11-19T08:00:00-00:00,2025-11-19T09:00:00-00:00,2025-11-19,1,0,Hourly,RU,AS_CAISO,DAM,RU_CLR_PRC,0,4
2025-11-19T09:00:00-00:00,2025-11-19T10:00:00-00:00,2025-11-19,2,0,Hourly,RU,AS_CAISO,DAM,RU_CLR_PRC,0,4
2025-11-19T09:00:00-00:00,2025-11-19T10:00:00-00:00,2025-11-19,2,0,Hourly,RU,AS_SP26_EXP,DAM,RU_CLR_PRC,0,4
2025-11-19T11:00:00-00:00,2025-11-19T12:00:00-00:00,2025-11-19,4,0,Hourly,RU,AS_NP26_EXP,DAM,RU_CLR_PRC,1.59448,4
2025-11-19T12:00:00-00:00,2025-11-19T13:00:00-00:00,2025-11-19,5,0,Hourly,RU,AS_SP26_EXP,DAM,RU_CLR_PRC,0,4
2025-11-19T17:00:00-00:00,2025-11-19T18:00:00-00:00,2025-11-19,10,0,Hourly,RU,AS_NP26,DAM,RU_CLR_PRC,0,4
2025-11-19T18:00:00-00:00,2025-11-19T19:00:00-00:00,2025-11-19,11,0,Hourly,RU,AS_NP26,DAM,RU_CLR_PRC,0,4
2025-11-19T18:00:00-00:00,2025-11-19T19:00:00-00:00,2025-11-19,11,0,Hourly,RU,AS_SP26_EXP,DAM,RU_CLR_PRC,0,4
2025-11-19T19:00:00-00:00,2025-11-19T20:00:00-00:00,2025-11-19,12,0,Hourly,RU,AS_CAISO_EXP,DAM,RU_CLR_PRC,2,4
2025-11-19T19:00:00-00:00,2025-11-19T20:00:00-00:00,2025-11-19,12,0,Hourly,RU,AS_SP26_EXP,DAM,RU_CLR_PRC,0,4
2025-11-19T21:00:00-00:00,2025-11-19T22:00:00-00:00,2025-11-19,14,0,Hourly,RU,AS_CAISO,DAM,RU_CLR_PRC,0,4
2025-11-19T22:00:00-00:00,2025-11-19T23:00:00-00:00,2025-11-19,15,0,Hourly,RU,AS_CAISO_EXP,DAM,RU_CLR_PRC,0.17,4
2025-11-19T22:00:00-00:00,2025-11-19T23:00:00-00:00,2025-11-19,15,0,Hourly,RU,AS_SP26_EXP,DAM,RU_CLR_PRC,0,4
2025-11-19T23:00:00-00:00,2025-11-20T00:00:00-00:00,2025-11-19,16,0,Hourly,RU,AS_SP26_EXP,DAM,RU_CLR_PRC,0,4
2025-11-20T00:00:00-00:00,2025-11-20T01:00:00-00:00,2025-11-19,17,0,Hourly,RU,AS_CAISO_EXP,DAM,RU_CLR_PRC,1.14651,4
2025-11-20T00:00:00-00:00,2025-11-20T01:00:00-00:00,2025-11-19,17,0,Hourly,RU,AS_SP26,DAM,RU_CLR_PRC,0,4
2025-11-20T01:00:00-00:00,2025-11-20T02:00:00-00:00,2025-11-19,18,0,Hourly,RU,AS_NP26,DAM,RU_CLR_PRC,0,4
2025-11-20T02:00:00-00:00,2025-11-20T03:00:00-00:00,2025-11-19,19,0,Hourly,RU,AS_NP26_EXP,DAM,RU_CLR_PRC,1.33,4
2025-11-20T03:00:00-00:00,2025-11-20T04:00:00-00:00,2025-11-19,20,0,Hourly,RU,AS_CAISO_EXP,DAM,RU_CLR_PRC,0.17552,4
2025-11-20T03:00:00-00:00,2025-11-20T04:00:00-00:00,2025-11-19,20,0,Hourly,RU,AS_NP26,DAM,RU_CLR_PRC,0,4
2025-11-20T05:00:00-00:00,2025-11-20T06:00:00-00:00,2025-11-19,22,0,Hourly,RU,AS_CAISO_EXP,DAM,RU_CLR_PRC,1.61592,4
2025-11-20T05:00:00-00:00,2025-11-20T06:00:00-00:00,2025-11-19,22,0,Hourly,RU,AS_NP26,DAM,RU_CLR_PRC,0,4
2025-11-20T06:00:00-00:00,2025-11-20T07:00:00-00:00,2025-11-19,23,0,Hourly,RU,AS_NP26,DAM,RU_CLR_PRC,0,4
2025-11-20T06:00:00-00:00,2025-11-20T07:00:00-00:00,2025-11-19,23,0,Hourly,RU,AS_SP26_EXP,DAM,RU_CLR_PRC,0,4
2025-11-20T07:00:00-00:00,2025-11-20T08:00:00-00:00,2025-11-19,24,0,Hourly,RU,AS_NP26_EXP,DAM,RU_CLR_PRC,8.50249,4
2025-11-19T08:00:00-00:00,2025-11-19T09:00:00-00:00,2025-11-19,1,0,Hourly,RU,AS_NP26,DAM,RU_CLR_PRC,0,4
2025-11-19T09:00:00-00:00,2025-11-19T10:00:00-00:00,2025-11-19,2,0,Hourly,RU,AS_CAISO_EXP,DAM,RU_CLR_PRC,0.62,4
2025-11-19T11:00:00-00:00,2025-11-19T12:00:00-00:00,2025-11-19,4,0,Hourly,RU,AS_NP26,DAM,RU_CLR_PRC,0,4
2025-11-19T11:00:00-00:00,2025-11-19T12:00:00-00:00,2025-11-19,4,0,Hourly,RU,AS_SP26,DAM,RU_CLR_PRC,0,4
2025-11-19T13:00:00-00:00,2025-11-19T14:00:00-00:00,2025-11-19,6,0,Hourly,RU,AS_SP26,DAM,RU_CLR_PRC,0,4
2025-11-19T14:00:00-00:00,2025-11-19T15:00:00-00:00,2025-11-19,7,0,Hourly,RU,AS_CAISO,DAM,RU_CLR_PRC,0,4
2025-11-19T15:00:00-00:00,2025-11-19T16:00:00-00:00,2025-11-19,8,0,Hourly,RU,AS_NP26_EXP,DAM,RU_CLR_PRC,3.01617,4
2025-11-19T16:00:00-00:00,2025-11-19T17:00:00-00:00,2025-11-19,9,0,Hourly,RU,AS_CAISO_EXP,DAM,RU_CLR_PRC,1.00086,4
2025-11-19T16:00:00-00:00,2025-11-19T17:00:00-00:00,2025-11-19,9,0,Hourly,RU,AS_NP26,DAM,RU_CLR_PRC,0,4
2025-11-19T16:00:00-00:00,2025-11-19T17:00:00-00:00,2025-11-19,9,0,Hourly,RU,AS_NP26_EXP,DAM,RU_CLR_PRC,6.8951,4
2025-11-19T16:00:00-00:00,2025-11-19T17:00:00-00:00,2025-11-19,9,0,Hourly,RU,AS_SP26_EXP,DAM,RU_CLR_PRC,0,4
2025-11-19T17:00:00-00:00,2025-11-19T18:00:00-00:00,2025-11-19,10,0,Hourly,RU,AS_CAISO_EXP,DAM,RU_CLR_PRC,2.52665,4
2025-11-19T18:00:00-00:00,2025-11-19T19:00:00-00:00,2025-11-19,11,0,Hourly,RU,AS_CAISO,DAM,RU_CLR_PRC,0,4
2025-11-19T20:00:00-00:00,2025-11-19T21:00:00-00:00,2025-11-19,13,0,Hourly,RU,AS_CAISO,DAM,RU_CLR_PRC,0,4
2025-11-19T20:00:00-00:00,2025-11-19T21:00:00-00:00,2025-11-19,13,0,Hourly,RU,AS_NP26_EXP,DAM,RU_CLR_PRC,1.26469,4
2025-11-19T22:00:00-00:00,2025-11-19T23:00:00-00:00,2025-11-19,15,0,Hourly,RU,AS_CAISO,DAM,RU_CLR_PRC,0,4
2025-11-20T02:00:00-00:00,2025-11-20T03:00:00-00:00,2025-11-19,19,0,Hourly,RU,AS_CAISO,DAM,RU_CLR_PRC,0,4
2025-11-20T07:00:00-00:00,2025-11-20T08:00:00-00:00,2025-11-19,24,0,Hourly,RU,AS_SP26_EXP,DAM,RU_CLR_PRC,0,4
2025-11-19T10:00:00-00:00,2025-11-19T11:00:00-00:00,2025-11-19,3,0,Hourly,RU,AS_SP26,DAM,RU_CLR_PRC,0,4
2025-11-19T11:00:00-00:00,2025-11-19T12:00:00-00:00,2025-11-19,4,0,Hourly,RU,AS_CAISO_EXP,DAM,RU_CLR_PRC,0.5,4
2025-11-19T11:00:00-00:00,2025-11-19T12:00:00-00:00,2025-11-19,4,0,Hourly,RU,AS_SP26_EXP,DAM,RU_CLR_PRC,0,4
2025-11-19T12:00:00-00:00,2025-11-19T13:00:00-00:00,2025-11-19,5,0,Hourly,RU,AS_CAISO,DAM,RU_CLR_PRC,0,4
2025-11-19T13:00:00-00:00,2025-11-19T14:00:00-00:00,2025-11-19,6,0,Hourly,RU,AS_CAISO,DAM,RU_CLR_PRC,0,4
2025-11-19T13:00:00-00:00,2025-11-19T14:00:00-00:00,2025-11-19,6,0,Hourly,RU,AS_NP26,DAM,RU_CLR_PRC,0,4
2025-11-19T13:00:00-00:00,2025-11-19T14:00:00-00:00,2025-11-19,6,0,Hourly,RU,AS_SP26_EXP,DAM,RU_CLR_PRC,0,4
2025-11-19T15:00:00-00:00,2025-11-19T16:00:00-00:00,2025-11-19,8,0,Hourly,RU,AS_NP26,DAM,RU_CLR_PRC,0,4
2025-11-19T16:00:00-00:00,2025-11-19T17:00:00-00:00,2025-11-19,9,0,Hourly,RU,AS_SP26,DAM,RU_CLR_PRC,0,4
2025-11-19T17:00:00-00:00,2025-11-19T18:00:00-00:00,2025-11-19,10,0,Hourly,RU,AS_SP26_EXP,DAM,RU_CLR_PRC,0,4
2025-11-19T18:00:00-00:00,2025-11-19T19:00:00-00:00,2025-11-19,11,0,Hourly,RU,AS_NP26_EXP,DAM,RU_CLR_PRC,1.89035,4
2025-11-19T18:00:00-00:00,2025-11-19T19:00:00-00:00,2025-11-19,11,0,Hourly,RU,AS_SP26,DAM,RU_CLR_PRC,0,4
2025-11-19T19:00:00-00:00,2025-11-19T20:00:00-00:00,2025-11-19,12,0,Hourly,RU,AS_NP26_EXP,DAM,RU_CLR_PRC,3.79,4
2025-11-19T20:00:00-00:00,2025-11-19T21:00:00-00:00,2025-11-19,13,0,Hourly,RU,AS_NP26,DAM,RU_CLR_PRC,0,4
2025-11-19T21:00:00-00:00,2025-11-19T22:00:00-00:00,2025-11-19,14,0,Hourly,RU,AS_NP26_EXP,DAM,RU_CLR_PRC,1.48265,4
2025-11-19T21:00:00-00:00,2025-11-19T22:00:00-00:00,2025-11-19,14,0,Hourly,RU,AS_SP26,DAM,RU_CLR_PRC,0,4
2025-11-19T22:00:00-00:00,2025-11-19T23:00:00-00:00,2025-11-19,15,0,Hourly,RU,AS_NP26,DAM,RU_CLR_PRC,0,4
2025-11-19T22:00:00-00:00,2025-11-19T23:00:00-00:00,2025-11-19,15,0,Hourly,RU,AS_NP26_EXP,DAM,RU_CLR_PRC,3.27,4
2025-11-20T01:00:00-00:00,2025-11-20T02:00:00-00:00,2025-11-19,18,0,Hourly,RU,AS_CAISO_EXP,DAM,RU_CLR_PRC,1.82564,4
2025-11-20T01:00:00-00:00,2025-11-20T02:00:00-00:00,2025-11-19,18,0,Hourly,RU,AS_SP26,DAM,RU_CLR_PRC,0,4
2025-11-20T04:00:00-00:00,2025-11-20T05:00:00-00:00,2025-11-19,21,0,Hourly,RU,AS_CAISO_EXP,DAM,RU_CLR_PRC,0.21741,4
2025-11-19T08:00:00-00:00,2025-11-19T09:00:00-00:00,2025-11-19,1,0,Hourly,RU,AS_SP26,DAM,RU_CLR_PRC,0,4
2025-11-19T10:00:00-00:00,2025-11-19T11:00:00-00:00,2025-11-19,3,0,Hourly,RU,AS_NP26,DAM,RU_CLR_PRC,0,4
2025-11-19T10:00:00-00:00,2025-11-19T11:00:00-00:00,2025-11-19,3,0,Hourly,RU,AS_NP26_EXP,DAM,RU_CLR_PRC,1.39,4
2025-11-19T14:00:00-00:00,2025-11-19T15:00:00-00:00,2025-11-19,7,0,Hourly,RU,AS_NP26_EXP,DAM,RU_CLR_PRC,2.22123,4
2025-11-19T14:00:00-00:00,2025-11-19T15:00:00-00:00,2025-11-19,7,0,Hourly,RU,AS_NP26,DAM,RU_CLR_PRC,0,4
2025-11-19T15:00:00-00:00,2025-11-19T16:00:00-00:00,2025-11-19,8,0,Hourly,RU,AS_SP26,DAM,RU_CLR_PRC,0,4
2025-11-19T19:00:00-00:00,2025-11-19T20:00:00-00:00,2025-11-19,12,0,Hourly,RU,AS_CAISO,DAM,RU_CLR_PRC,0,4
2025-11-20T02:00:00-00:00,2025-11-20T03:00:00-00:00,2025-11-19,19,0,Hourly,RU,AS_CAISO_EXP,DAM,RU_CLR_PRC,0.18,4
2025-11-20T02:00:00-00:00,2025-11-20T03:00:00-00:00,2025-11-19,19,0,Hourly,RU,AS_SP26_EXP,DAM,RU_CLR_PRC,0,4
2025-11-20T03:00:00-00:00,2025-11-20T04:00:00-00:00,2025-11-19,20,0,Hourly,RU,AS_CAISO,DAM,RU_CLR_PRC,0,4
2025-11-19T11:00:00-00:00,2025-11-19T12:00:00-00:00,2025-11-19,4,0,Hourly,RU,AS_CAISO,DAM,RU_CLR_PRC,0,4
2025-11-19T12:00:00-00:00,2025-11-19T13:00:00-00:00,2025-11-19,5,0,Hourly,RU,AS_NP26_EXP,DAM,RU_CLR_PRC,1.3555,4
2025-11-19T12:00:00-00:00,2025-11-19T13:00:00-00:00,2025-11-19,5,0,Hourly,RU,AS_SP26,DAM,RU_CLR_PRC,0,4
2025-11-19T14:00:00-00:00,2025-11-19T15:00:00-00:00,2025-11-19,7,0,Hourly,RU,AS_SP26_EXP,DAM,RU_CLR_PRC,0,4
2025-11-19T15:00:00-00:00,2025-11-19T16:00:00-00:00,2025-11-19,8,0,Hourly,RU,AS_CAISO,DAM,RU_CLR_PRC,0,4
2025-11-19T16:00:00-00:00,2025-11-19T17:00:00-00:00,2025-11-19,9,0,Hourly,RU,AS_CAISO,DAM,RU_CLR_PRC,0,4
2025-11-19T20:00:00-00:00,2025-11-19T21:00:00-00:00,2025-11-19,13,0,Hourly,RU,AS_CAISO_EXP,DAM,RU_CLR_PRC,0.64,4
2025-11-19T20:00:00-00:00,2025-11-19T21:00:00-00:00,2025-11-19,13,0,Hourly,RU,AS_SP26_EXP,DAM,RU_CLR_PRC,0,4
2025-11-19T23:00:00-00:00,2025-11-20T00:00:00-00:00,2025-11-19,16,0,Hourly,RU,AS_NP26,DAM,RU_CLR_PRC,0,4
2025-11-19T23:00:00-00:00,2025-11-20T00:00:00-00:00,2025-11-19,16,0,Hourly,RU,AS_NP26_EXP,DAM,RU_CLR_PRC,2.56423,4
2025-11-19T23:00:00-00:00,2025-11-20T00:00:00-00:00,2025-11-19,16,0,Hourly,RU,AS_SP26,DAM,RU_CLR_PRC,0,4
2025-11-20T03:00:00-00:00,2025-11-20T04:00:00-00:00,2025-11-19,20,0,Hourly,RU,AS_SP26_EXP,DAM,RU_CLR_PRC,0,4
2025-11-20T04:00:00-00:00,2025-11-20T05:00:00-00:00,2025-11-19,21,0,Hourly,RU,AS_SP26_EXP,DAM,RU_CLR_PRC,0,4
2025-11-20T06:00:00-00:00,2025-11-20T07:00:00-00:00,2025-11-19,23,0,Hourly,RU,AS_NP26_EXP,DAM,RU_CLR_PRC,1.3,4
2025-11-20T06:00:00-00:00,2025-11-20T07:00:00-00:00,2025-11-19,23,0,Hourly,RU,AS_SP26,DAM,RU_CLR_PRC,0,4
2025-11-19T08:00:00-00:00,2025-11-19T09:00:00-00:00,2025-11-19,1,0,Hourly,RU,AS_CAISO_EXP,DAM,RU_CLR_PRC,1,4
2025-11-19T09:00:00-00:00,2025-11-19T10:00:00-00:00,2025-11-19,2,0,Hourly,RU,AS_SP26,DAM,RU_CLR_PRC,0,4
2025-11-19T10:00:00-00:00,2025-11-19T11:00:00-00:00,2025-11-19,3,0,Hourly,RU,AS_CAISO_EXP,DAM,RU_CLR_PRC,0.61,4
2025-11-19T10:00:00-00:00,2025-11-19T11:00:00-00:00,2025-11-19,3,0,Hourly,RU,AS_SP26_EXP,DAM,RU_CLR_PRC,0,4
2025-11-19T12:00:00-00:00,2025-11-19T13:00:00-00:00,2025-11-19,5,0,Hourly,RU,AS_CAISO_EXP,DAM,RU_CLR_PRC,0.17,4
2025-11-19T12:00:00-00:00,2025-11-19T13:00:00-00:00,2025-11-19,5,0,Hourly,RU,AS_NP26,DAM,RU_CLR_PRC,0,4
2025-11-19T14:00:00-00:00,2025-11-19T15:00:00-00:00,2025-11-19,7,0,Hourly,RU,AS_CAISO_EXP,DAM,RU_CLR_PRC,3.77877,4
2025-11-19T14:00:00-00:00,2025-11-19T15:00:00-00:00,2025-11-19,7,0,Hourly,RU,AS_SP26,DAM,RU_CLR_PRC,0,4
2025-11-19T17:00:00-00:00,2025-11-19T18:00:00-00:00,2025-11-19,10,0,Hourly,RU,AS_SP26,DAM,RU_CLR_PRC,0,4
2025-11-19T18:00:00-00:00,2025-11-19T19:00:00-00:00,2025-11-19,11,0,Hourly,RU,AS_CAISO_EXP,DAM,RU_CLR_PRC,0.38251,4
2025-11-19T19:00:00-00:00,2025-11-19T20:00:00-00:00,2025-11-19,12,0,Hourly,RU,AS_NP26,DAM,RU_CLR_PRC,0,4
2025-11-19T20:00:00-00:00,2025-11-19T21:00:00-00:00,2025-11-19,13,0,Hourly,RU,AS_SP26,DAM,RU_CLR_PRC,0,4
2025-11-19T21:00:00-00:00,2025-11-19T22:00:00-00:00,2025-11-19,14,0,Hourly,RU,AS_CAISO_EXP,DAM,RU_CLR_PRC,0.69998,4
2025-11-19T23:00:00-00:00,2025-11-20T00:00:00-00:00,2025-11-19,16,0,Hourly,RU,AS_CAISO_EXP,DAM,RU_CLR_PRC,0.91278,4
2025-11-20T00:00:00-00:00,2025-11-20T01:00:00-00:00,2025-11-19,17,0,Hourly,RU,AS_CAISO,DAM,RU_CLR_PRC,0,4
2025-11-20T00:00:00-00:00,2025-11-20T01:00:00-00:00,2025-11-19,17,0,Hourly,RU,AS_NP26,DAM,RU_CLR_PRC,0,4
2025-11-20T00:00:00-00:00,2025-11-20T01:00:00-00:00,2025-11-19,17,0,Hourly,RU,AS_NP26_EXP,DAM,RU_CLR_PRC,2.68612,4
2025-11-20T01:00:00-00:00,2025-11-20T02:00:00-00:00,2025-11-19,18,0,Hourly,RU,AS_CAISO,DAM,RU_CLR_PRC,0,4
2025-11-20T01:00:00-00:00,2025-11-20T02:00:00-00:00,2025-11-19,18,0,Hourly,RU,AS_NP26_EXP,DAM,RU_CLR_PRC,5.27393,4
2025-11-20T03:00:00-00:00,2025-11-20T04:00:00-00:00,2025-11-19,20,0,Hourly,RU,AS_SP26,DAM,RU_CLR_PRC,0,4
2025-11-20T07:00:00-00:00,2025-11-20T08:00:00-00:00,2025-11-19,24,0,Hourly,RU,AS_CAISO,DAM,RU_CLR_PRC,0,4
2025-11-20T07:00:00-00:00,2025-11-20T08:00:00-00:00,2025-11-19,24,0,Hourly,RU,AS_CAISO_EXP,DAM,RU_CLR_PRC,2.8566,4
2025-11-19T08:00:00-00:00,2025-11-19T09:00:00-00:00,2025-11-19,1,0,Hourly,RU,AS_NP26_EXP,DAM,RU_CLR_PRC,1,4
2025-11-19T08:00:00-00:00,2025-11-19T09:00:00-00:00,2025-11-19,1,0,Hourly,RU,AS_SP26_EXP,DAM,RU_CLR_PRC,0,4
2025-11-19T09:00:00-00:00,2025-11-19T10:00:00-00:00,2025-11-19,2,0,Hourly,RU,AS_NP26_EXP,DAM,RU_CLR_PRC,1.02413,4
2025-11-19T10:00:00-00:00,2025-11-19T11:00:00-00:00,2025-11-19,3,0,Hourly,RU,AS_CAISO,DAM,RU_CLR_PRC,0,4
2025-11-19T13:00:00-00:00,2025-11-19T14:00:00-00:00,2025-11-19,6,0,Hourly,RU,AS_NP26_EXP,DAM,RU_CLR_PRC,0.29729,4
2025-11-19T15:00:00-00:00,2025-11-19T16:00:00-00:00,2025-11-19,8,0,Hourly,RU,AS_SP26_EXP,DAM,RU_CLR_PRC,0,4
2025-11-19T17:00:00-00:00,2025-11-19T18:00:00-00:00,2025-11-19,10,0,Hourly,RU,AS_CAISO,DAM,RU_CLR_PRC,0,4
2025-11-19T21:00:00-00:00,2025-11-19T22:00:00-00:00,2025-11-19,14,0,Hourly,RU,AS_SP26_EXP,DAM,RU_CLR_PRC,0,4
2025-11-19T23:00:00-00:00,2025-11-20T00:00:00-00:00,2025-11-19,16,0,Hourly,RU,AS_CAISO,DAM,RU_CLR_PRC,0,4
2025-11-20T00:00:00-00:00,2025-11-20T01:00:00-00:00,2025-11-19,17,0,Hourly,RU,AS_SP26_EXP,DAM,RU_CLR_PRC,0,4
2025-11-20T01:00:00-00:00,2025-11-20T02:00:00-00:00,2025-11-19,18,0,Hourly,RU,AS_SP26_EXP,DAM,RU_CLR_PRC,0,4
2025-11-20T02:00:00-00:00,2025-11-20T03:00:00-00:00,2025-11-19,19,0,Hourly,RU,AS_NP26,DAM,RU_CLR_PRC,0,4
2025-11-20T04:00:00-00:00,2025-11-20T05:00:00-00:00,2025-11-19,21,0,Hourly,RU,AS_NP26,DAM,RU_CLR_PRC,0,4
2025-11-20T04:00:00-00:00,2025-11-20T05:00:00-00:00,2025-11-19,21,0,Hourly,RU,AS_SP26,DAM,RU_CLR_PRC,0,4
2025-11-20T05:00:00-00:00,2025-11-20T06:00:00-00:00,2025-11-19,22,0,Hourly,RU,AS_CAISO,DAM,RU_CLR_PRC,0,4
2025-11-20T05:00:00-00:00,2025-11-20T06:00:00-00:00,2025-11-19,22,0,Hourly,RU,AS_NP26_EXP,DAM,RU_CLR_PRC,5.22408,4
2025-11-20T05:00:00-00:00,2025-11-20T06:00:00-00:00,2025-11-19,22,0,Hourly,RU,AS_SP26,DAM,RU_CLR_PRC,0,4
2025-11-20T17:00:00-00:00,2025-11-20T18:00:00-00:00,2025-11-20,10,0,Hourly,RU,AS_NP26,DAM,RU_CLR_PRC,0,5
2025-11-20T18:00:00-00:00,2025-11-20T19:00:00-00:00,2025-11-20,11,0,Hourly,RU,AS_CAISO_EXP,DAM,RU_CLR_PRC,0.17,5
2025-11-20T18:00:00-00:00,2025-11-20T19:00:00-00:00,2025-11-20,11,0,Hourly,RU,AS_SP26,DAM,RU_CLR_PRC,0,5
2025-11-20T19:00:00-00:00,2025-11-20T20:00:00-00:00,2025-11-20,12,0,Hourly,RU,AS_CAISO,DAM,RU_CLR_PRC,0,5
2025-11-20T19:00:00-00:00,2025-11-20T20:00:00-00:00,2025-11-20,12,0,Hourly,RU,AS_CAISO_EXP,DAM,RU_CLR_PRC,0.69806,5
2025-11-20T20:00:00-00:00,2025-11-20T21:00:00-00:00,2025-11-20,13,0,Hourly,RU,AS_CAISO_EXP,DAM,RU_CLR_PRC,0.81556,5
2025-11-20T20:00:00-00:00,2025-11-20T21:00:00-00:00,2025-11-20,13,0,Hourly,RU,AS_SP26_EXP,DAM,RU_CLR_PRC,0,5
2025-11-20T21:00:00-00:00,2025-11-20T22:00:00-00:00,2025-11-20,14,0,Hourly,RU,AS_CAISO,DAM,RU_CLR_PRC,0,5
2025-11-20T21:00:00-00:00,2025-11-20T22:00:00-00:00,2025-11-20,14,0,Hourly,RU,AS_NP26,DAM,RU_CLR_PRC,0,5
2025-11-21T00:00:00-00:00,2025-11-21T01:00:00-00:00,2025-11-20,17,0,Hourly,RU,AS_CAISO,DAM,RU_CLR_PRC,0,5
2025-11-21T01:00:00-00:00,2025-11-21T02:00:00-00:00,2025-11-20,18,0,Hourly,RU,AS_SP26,DAM,RU_CLR_PRC,0,5
2025-11-21T04:00:00-00:00,2025-11-21T05:00:00-00:00,2025-11-20,21,0,Hourly,RU,AS_SP26_EXP,DAM,RU_CLR_PRC,0,5
2025-11-21T06:00:00-00:00,2025-11-21T07:00:00-00:00,2025-11-20,23,0,Hourly,RU,AS_SP26_EXP,DAM,RU_CLR_PRC,0,5
2025-11-21T07:00:00-00:00,2025-11-21T08:00:00-00:00,2025-11-20,24,0,Hourly,RU,AS_CAISO_EXP,DAM,RU_CLR_PRC,2.61,5
2025-11-21T07:00:00-00:00,2025-11-21T08:00:00-00:00,2025-11-20,24,0,Hourly,RU,AS_NP26_EXP,DAM,RU_CLR_PRC,0.39,5
2025-11-21T07:00:00-00:00,2025-11-21T08:00:00-00:00,2025-11-20,24,0,Hourly,RU,AS_SP26_EXP,DAM,RU_CLR_PRC,0,5
2025-11-20T17:00:00-00:00,2025-11-20T18:00:00-00:00,2025-11-20,10,0,Hourly,RU,AS_NP26_EXP,DAM,RU_CLR_PRC,1.49853,5
2025-11-20T18:00:00-00:00,2025-11-20T19:00:00-00:00,2025-11-20,11,0,Hourly,RU,AS_CAISO,DAM,RU_CLR_PRC,0,5
2025-11-20T18:00:00-00:00,2025-11-20T19:00:00-00:00,2025-11-20,11,0,Hourly,RU,AS_NP26_EXP,DAM,RU_CLR_PRC,1.65745,5
2025-11-20T20:00:00-00:00,2025-11-20T21:00:00-00:00,2025-11-20,13,0,Hourly,RU,AS_NP26_EXP,DAM,RU_CLR_PRC,1.18444,5
2025-11-20T22:00:00-00:00,2025-11-20T23:00:00-00:00,2025-11-20,15,0,Hourly,RU,AS_SP26_EXP,DAM,RU_CLR_PRC,0,5
2025-11-20T23:00:00-00:00,2025-11-21T00:00:00-00:00,2025-11-20,16,0,Hourly,RU,AS_SP26,DAM,RU_CLR_PRC,0,5
2025-11-21T00:00:00-00:00,2025-11-21T01:00:00-00:00,2025-11-20,17,0,Hourly,RU,AS_NP26,DAM,RU_CLR_PRC,0,5
2025-11-21T00:00:00-00:00,2025-11-21T01:00:00-00:00,2025-11-20,17,0,Hourly,RU,AS_SP26_EXP,DAM,RU_CLR_PRC,0,5
2025-11-21T03:00:00-00:00,2025-11-21T04:00:00-00:00,2025-11-20,20,0,Hourly,RU,AS_SP26_EXP,DAM,RU_CLR_PRC,0,5
2025-11-21T05:00:00-00:00,2025-11-21T06:00:00-00:00,2025-11-20,22,0,Hourly,RU,AS_SP26,DAM,RU_CLR_PRC,0,5
2025-11-21T06:00:00-00:00,2025-11-21T07:00:00-00:00,2025-11-20,23,0,Hourly,RU,AS_CAISO,DAM,RU_CLR_PRC,0,5
2025-11-20T09:00:00-00:00,2025-11-20T10:00:00-00:00,2025-11-20,2,0,Hourly,RU,AS_SP26_EXP,DAM,RU_CLR_PRC,0,5
2025-11-20T10:00:00-00:00,2025-11-20T11:00:00-00:00,2025-11-20,3,0,Hourly,RU,AS_SP26_EXP,DAM,RU_CLR_PRC,0,5
2025-11-20T12:00:00-00:00,2025-11-20T13:00:00-00:00,2025-11-20,5,0,Hourly,RU,AS_SP26,DAM,RU_CLR_PRC,0,5
2025-11-20T13:00:00-00:00,2025-11-20T14:00:00-00:00,2025-11-20,6,0,Hourly,RU,AS_CAISO,DAM,RU_CLR_PRC,0,5
2025-11-20T13:00:00-00:00,2025-11-20T14:00:00-00:00,2025-11-20,6,0,Hourly,RU,AS_CAISO_EXP,DAM,RU_CLR_PRC,0.7,5
2025-11-20T13:00:00-00:00,2025-11-20T14:00:00-00:00,2025-11-20,6,0,Hourly,RU,AS_NP26_EXP,DAM,RU_CLR_PRC,1.16616,5
2025-11-20T13:00:00-00:00,2025-11-20T14:00:00-00:00,2025-11-20,6,0,Hourly,RU,AS_SP26,DAM,RU_CLR_PRC,0,5
2025-11-20T14:00:00-00:00,2025-11-20T15:00:00-00:00,2025-11-20,7,0,Hourly,RU,AS_SP26_EXP,DAM,RU_CLR_PRC,0,5
2025-11-20T15:00:00-00:00,2025-11-20T16:00:00-00:00,2025-11-20,8,0,Hourly,RU,AS_CAISO,DAM,RU_CLR_PRC,0,5
2025-11-20T16:00:00-00:00,2025-11-20T17:00:00-00:00,2025-11-20,9,0,Hourly,RU,AS_CAISO_EXP,DAM,RU_CLR_PRC,1.75393,5
2025-11-20T16:00:00-00:00,2025-11-20T17:00:00-00:00,2025-11-20,9,0,Hourly,RU,AS_SP26_EXP,DAM,RU_CLR_PRC,0,5
2025-11-21T01:00:00-00:00,2025-11-21T02:00:00-00:00,2025-11-20,18,0,Hourly,RU,AS_CAISO_EXP,DAM,RU_CLR_PRC,1.25327,5
2025-11-21T01:00:00-00:00,2025-11-21T02:00:00-00:00,2025-11-20,18,0,Hourly,RU,AS_NP26_EXP,DAM,RU_CLR_PRC,3.26443,5
2025-11-21T02:00:00-00:00,2025-11-21T03:00:00-00:00,2025-11-20,19,0,Hourly,RU,AS_SP26,DAM,RU_CLR_PRC,0,5
2025-11-21T05:00:00-00:00,2025-11-21T06:00:00-00:00,2025-11-20,22,0,Hourly,RU,AS_CAISO,DAM,RU_CLR_PRC,0,5
2025-11-21T07:00:00-00:00,2025-11-21T08:00:00-00:00,2025-11-20,24,0,Hourly,RU,AS_CAISO,DAM,RU_CLR_PRC,0,5
2025-11-20T08:00:00-00:00,2025-11-20T09:00:00-00:00,2025-11-20,1,0,Hourly,RU,AS_NP26,DAM,RU_CLR_PRC,0,5
2025-11-20T10:00:00-00:00,2025-11-20T11:00:00-00:00,2025-11-20,3,0,Hourly,RU,AS_SP26,DAM,RU_CLR_PRC,0,5
2025-11-20T11:00:00-00:00,2025-11-20T12:00:00-00:00,2025-11-20,4,0,Hourly,RU,AS_CAISO_EXP,DAM,RU_CLR_PRC,0.63,5
2025-11-20T11:00:00-00:00,2025-11-20T12:00:00-00:00,2025-11-20,4,0,Hourly,RU,AS_NP26_EXP,DAM,RU_CLR_PRC,1.34274,5
2025-11-20T12:00:00-00:00,2025-11-20T13:00:00-00:00,2025-11-20,5,0,Hourly,RU,AS_SP26_EXP,DAM,RU_CLR_PRC,0,5
2025-11-20T14:00:00-00:00,2025-11-20T15:00:00-00:00,2025-11-20,7,0,Hourly,RU,AS_SP26,DAM,RU_CLR_PRC,0,5
2025-11-20T16:00:00-00:00,2025-11-20T17:00:00-00:00,2025-11-20,9,0,Hourly,RU,AS_CAISO,DAM,RU_CLR_PRC,0,5
2025-11-20T19:00:00-00:00,2025-11-20T20:00:00-00:00,2025-11-20,12,0,Hourly,RU,AS_SP26_EXP,DAM,RU_CLR_PRC,0,5
2025-11-20T20:00:00-00:00,2025-11-20T21:00:00-00:00,2025-11-20,13,0,Hourly,RU,AS_SP26,DAM,RU_CLR_PRC,0,5
2025-11-20T21:00:00-00:00,2025-11-20T22:00:00-00:00,2025-11-20,14,0,Hourly,RU,AS_NP26_EXP,DAM,RU_CLR_PRC,1.34,5
2025-11-20T22:00:00-00:00,2025-11-20T23:00:00-00:00,2025-11-20,15,0,Hourly,RU,AS_NP26,DAM,RU_CLR_PRC,0,5
2025-11-20T23:00:00-00:00,2025-11-21T00:00:00-00:00,2025-11-20,16,0,Hourly,RU,AS_NP26,DAM,RU_CLR_PRC,0,5
2025-11-20T23:00:00-00:00,2025-11-21T00:00:00-00:00,2025-11-20,16,0,Hourly,RU,AS_NP26_EXP,DAM,RU_CLR_PRC,3.56,5
2025-11-20T23:00:00-00:00,2025-11-21T00:00:00-00:00,2025-11-20,16,0,Hourly,RU,AS_SP26_EXP,DAM,RU_CLR_PRC,0,5
2025-11-21T00:00:00-00:00,2025-11-21T01:00:00-00:00,2025-11-20,17,0,Hourly,RU,AS_CAISO_EXP,DAM,RU_CLR_PRC,1.09987,5
2025-11-21T02:00:00-00:00,2025-11-21T03:00:00-00:00,2025-11-20,19,0,Hourly,RU,AS_NP26_EXP,DAM,RU_CLR_PRC,1.5,5
2025-11-21T03:00:00-00:00,2025-11-21T04:00:00-00:00,2025-11-20,20,0,Hourly,RU,AS_CAISO,DAM,RU_CLR_PRC,0,5
2025-11-20T08:00:00-00:00,2025-11-20T09:00:00-00:00,2025-11-20,1,0,Hourly,RU,AS_CAISO,DAM,RU_CLR_PRC,0,5
2025-11-20T08:00:00-00:00,2025-11-20T09:00:00-00:00,2025-11-20,1,0,Hourly,RU,AS_SP26,DAM,RU_CLR_PRC,0,5
2025-11-20T09:00:00-00:00,2025-11-20T10:00:00-00:00,2025-11-20,2,0,Hourly,RU,AS_NP26_EXP,DAM,RU_CLR_PRC,0.79569,5
2025-11-20T10:00:00-00:00,2025-11-20T11:00:00-00:00,2025-11-20,3,0,Hourly,RU,AS_CAISO_EXP,DAM,RU_CLR_PRC,1,5
2025-11-20T12:00:00-00:00,2025-11-20T13:00:00-00:00,2025-11-20,5,0,Hourly,RU,AS_NP26_EXP,DAM,RU_CLR_PRC,0.3755,5
2025-11-20T13:00:00-00:00,2025-11-20T14:00:00-00:00,2025-11-20,6,0,Hourly,RU,AS_NP26,DAM,RU_CLR_PRC,0,5
2025-11-20T14:00:00-00:00,2025-11-20T15:00:00-00:00,2025-11-20,7,0,Hourly,RU,AS_CAISO,DAM,RU_CLR_PRC,0,5
2025-11-20T14:00:00-00:00,2025-11-20T15:00:00-00:00,2025-11-20,7,0,Hourly,RU,AS_CAISO_EXP,DAM,RU_CLR_PRC,4.01049,5
2025-11-20T16:00:00-00:00,2025-11-20T17:00:00-00:00,2025-11-20,9,0,Hourly,RU,AS_NP26,DAM,RU_CLR_PRC,0,5
2025-11-20T16:00:00-00:00,2025-11-20T17:00:00-00:00,2025-11-20,9,0,Hourly,RU,AS_NP26_EXP,DAM,RU_CLR_PRC,2.79607,5
2025-11-20T17:00:00-00:00,2025-11-20T18:00:00-00:00,2025-11-20,10,0,Hourly,RU,AS_SP26,DAM,RU_CLR_PRC,0,5
2025-11-20T19:00:00-00:00,2025-11-20T20:00:00-00:00,2025-11-20,12,0,Hourly,RU,AS_NP26_EXP,DAM,RU_CLR_PRC,1.30194,5
2025-11-20T23:00:00-00:00,2025-11-21T00:00:00-00:00,2025-11-20,16,0,Hourly,RU,AS_CAISO_EXP,DAM,RU_CLR_PRC,0.98,5
2025-11-21T03:00:00-00:00,2025-11-21T04:00:00-00:00,2025-11-20,20,0,Hourly,RU,AS_SP26,DAM,RU_CLR_PRC,0,5
2025-11-21T04:00:00-00:00,2025-11-21T05:00:00-00:00,2025-11-20,21,0,Hourly,RU,AS_CAISO,DAM,RU_CLR_PRC,0,5
2025-11-21T04:00:00-00:00,2025-11-21T05:00:00-00:00,2025-11-20,21,0,Hourly,RU,AS_NP26,DAM,RU_CLR_PRC,0,5
2025-11-20T08:00:00-00:00,2025-11-20T09:00:00-00:00,2025-11-20,1,0,Hourly,RU,AS_NP26_EXP,DAM,RU_CLR_PRC,1.57121,5
2025-11-20T08:00:00-00:00,2025-11-20T09:00:00-00:00,2025-11-20,1,0,Hourly,RU,AS_CAISO_EXP,DAM,RU_CLR_PRC,1.12879,5
2025-11-20T10:00:00-00:00,2025-11-20T11:00:00-00:00,2025-11-20,3,0,Hourly,RU,AS_NP26_EXP,DAM,RU_CLR_PRC,0.71786,5
2025-11-20T16:00:00-00:00,2025-11-20T17:00:00-00:00,2025-11-20,9,0,Hourly,RU,AS_SP26,DAM,RU_CLR_PRC,0,5
2025-11-20T09:00:00-00:00,2025-11-20T10:00:00-00:00,2025-11-20,2,0,Hourly,RU,AS_SP26,DAM,RU_CLR_PRC,0,5
2025-11-20T12:00:00-00:00,2025-11-20T13:00:00-00:00,2025-11-20,5,0,Hourly,RU,AS_CAISO,DAM,RU_CLR_PRC,0,5
2025-11-20T15:00:00-00:00,2025-11-20T16:00:00-00:00,2025-11-20,8,0,Hourly,RU,AS_SP26,DAM,RU_CLR_PRC,0,5
2025-11-20T17:00:00-00:00,2025-11-20T18:00:00-00:00,2025-11-20,10,0,Hourly,RU,AS_CAISO_EXP,DAM,RU_CLR_PRC,1.45147,5
2025-11-20T21:00:00-00:00,2025-11-20T22:00:00-00:00,2025-11-20,14,0,Hourly,RU,AS_CAISO_EXP,DAM,RU_CLR_PRC,0.66,5
2025-11-20T22:00:00-00:00,2025-11-20T23:00:00-00:00,2025-11-20,15,0,Hourly,RU,AS_CAISO_EXP,DAM,RU_CLR_PRC,0.8209,5
2025-11-20T22:00:00-00:00,2025-11-20T23:00:00-00:00,2025-11-20,15,0,Hourly,RU,AS_NP26_EXP,DAM,RU_CLR_PRC,2.00432,5
2025-11-20T22:00:00-00:00,2025-11-20T23:00:00-00:00,2025-11-20,15,0,Hourly,RU,AS_SP26,DAM,RU_CLR_PRC,0,5
2025-11-20T23:00:00-00:00,2025-11-21T00:00:00-00:00,2025-11-20,16,0,Hourly,RU,AS_CAISO,DAM,RU_CLR_PRC,0,5
2025-11-21T00:00:00-00:00,2025-11-21T01:00:00-00:00,2025-11-20,17,0,Hourly,RU,AS_SP26,DAM,RU_CLR_PRC,0,5
2025-11-21T01:00:00-00:00,2025-11-21T02:00:00-00:00,2025-11-20,18,0,Hourly,RU,AS_CAISO,DAM,RU_CLR_PRC,0,5
2025-11-21T01:00:00-00:00,2025-11-21T02:00:00-00:00,2025-11-20,18,0,Hourly,RU,AS_NP26,DAM,RU_CLR_PRC,0,5
2025-11-21T02:00:00-00:00,2025-11-21T03:00:00-00:00,2025-11-20,19,0,Hourly,RU,AS_CAISO,DAM,RU_CLR_PRC,0,5
2025-11-21T02:00:00-00:00,2025-11-21T03:00:00-00:00,2025-11-20,19,0,Hourly,RU,AS_NP26,DAM,RU_CLR_PRC,0,5
2025-11-21T02:00:00-00:00,2025-11-21T03:00:00-00:00,2025-11-20,19,0,Hourly,RU,AS_SP26_EXP,DAM,RU_CLR_PRC,0,5
2025-11-21T03:00:00-00:00,2025-11-21T04:00:00-00:00,2025-11-20,20,0,Hourly,RU,AS_CAISO_EXP,DAM,RU_CLR_PRC,0.55639,5
2025-11-21T04:00:00-00:00,2025-11-21T05:00:00-00:00,2025-11-20,21,0,Hourly,RU,AS_SP26,DAM,RU_CLR_PRC,0,5
2025-11-20T09:00:00-00:00,2025-11-20T10:00:00-00:00,2025-11-20,2,0,Hourly,RU,AS_CAISO,DAM,RU_CLR_PRC,0,5
2025-11-20T09:00:00-00:00,2025-11-20T10:00:00-00:00,2025-11-20,2,0,Hourly,RU,AS_NP26,DAM,RU_CLR_PRC,0,5
2025-11-20T11:00:00-00:00,2025-11-20T12:00:00-00:00,2025-11-20,4,0,Hourly,RU,AS_SP26_EXP,DAM,RU_CLR_PRC,0,5
2025-11-20T17:00:00-00:00,2025-11-20T18:00:00-00:00,2025-11-20,10,0,Hourly,RU,AS_SP26_EXP,DAM,RU_CLR_PRC,0,5
2025-11-20T19:00:00-00:00,2025-11-20T20:00:00-00:00,2025-11-20,12,0,Hourly,RU,AS_NP26,DAM,RU_CLR_PRC,0,5
2025-11-20T20:00:00-00:00,2025-11-20T21:00:00-00:00,2025-11-20,13,0,Hourly,RU,AS_CAISO,DAM,RU_CLR_PRC,0,5
2025-11-20T22:00:00-00:00,2025-11-20T23:00:00-00:00,2025-11-20,15,0,Hourly,RU,AS_CAISO,DAM,RU_CLR_PRC,0,5
2025-11-21T00:00:00-00:00,2025-11-21T01:00:00-00:00,2025-11-20,17,0,Hourly,RU,AS_NP26_EXP,DAM,RU_CLR_PRC,2.40513,5
2025-11-21T01:00:00-00:00,2025-11-21T02:00:00-00:00,2025-11-20,18,0,Hourly,RU,AS_SP26_EXP,DAM,RU_CLR_PRC,0,5
2025-11-21T02:00:00-00:00,2025-11-21T03:00:00-00:00,2025-11-20,19,0,Hourly,RU,AS_CAISO_EXP,DAM,RU_CLR_PRC,0.82428,5
2025-11-21T04:00:00-00:00,2025-11-21T05:00:00-00:00,2025-11-20,21,0,Hourly,RU,AS_CAISO_EXP,DAM,RU_CLR_PRC,0.93517,5
2025-11-21T05:00:00-00:00,2025-11-21T06:00:00-00:00,2025-11-20,22,0,Hourly,RU,AS_CAISO_EXP,DAM,RU_CLR_PRC,1.01,5
2025-11-21T05:00:00-00:00,2025-11-21T06:00:00-00:00,2025-11-20,22,0,Hourly,RU,AS_SP26_EXP,DAM,RU_CLR_PRC,0,5
2025-11-21T06:00:00-00:00,2025-11-21T07:00:00-00:00,2025-11-20,23,0,Hourly,RU,AS_CAISO_EXP,DAM,RU_CLR_PRC,1,5
2025-11-20T08:00:00-00:00,2025-11-20T09:00:00-00:00,2025-11-20,1,0,Hourly,RU,AS_SP26_EXP,DAM,RU_CLR_PRC,0,5
2025-11-20T10:00:00-00:00,2025-11-20T11:00:00-00:00,2025-11-20,3,0,Hourly,RU,AS_NP26,DAM,RU_CLR_PRC,0,5
2025-11-20T11:00:00-00:00,2025-11-20T12:00:00-00:00,2025-11-20,4,0,Hourly,RU,AS_CAISO,DAM,RU_CLR_PRC,0,5
2025-11-20T11:00:00-00:00,2025-11-20T12:00:00-00:00,2025-11-20,4,0,Hourly,RU,AS_SP26,DAM,RU_CLR_PRC,0,5
2025-11-20T12:00:00-00:00,2025-11-20T13:00:00-00:00,2025-11-20,5,0,Hourly,RU,AS_CAISO_EXP,DAM,RU_CLR_PRC,1.35209,5
2025-11-20T13:00:00-00:00,2025-11-20T14:00:00-00:00,2025-11-20,6,0,Hourly,RU,AS_SP26_EXP,DAM,RU_CLR_PRC,0,5
2025-11-20T14:00:00-00:00,2025-11-20T15:00:00-00:00,2025-11-20,7,0,Hourly,RU,AS_NP26,DAM,RU_CLR_PRC,0,5
2025-11-20T14:00:00-00:00,2025-11-20T15:00:00-00:00,2025-11-20,7,0,Hourly,RU,AS_NP26_EXP,DAM,RU_CLR_PRC,0.5,5
2025-11-20T15:00:00-00:00,2025-11-20T16:00:00-00:00,2025-11-20,8,0,Hourly,RU,AS_CAISO_EXP,DAM,RU_CLR_PRC,4.37,5
2025-11-20T15:00:00-00:00,2025-11-20T16:00:00-00:00,2025-11-20,8,0,Hourly,RU,AS_NP26,DAM,RU_CLR_PRC,0,5
2025-11-20T15:00:00-00:00,2025-11-20T16:00:00-00:00,2025-11-20,8,0,Hourly,RU,AS_NP26_EXP,DAM,RU_CLR_PRC,0,5
2025-11-20T17:00:00-00:00,2025-11-20T18:00:00-00:00,2025-11-20,10,0,Hourly,RU,AS_CAISO,DAM,RU_CLR_PRC,0,5
2025-11-20T18:00:00-00:00,2025-11-20T19:00:00-00:00,2025-11-20,11,0,Hourly,RU,AS_NP26,DAM,RU_CLR_PRC,0,5
2025-11-20T18:00:00-00:00,2025-11-20T19:00:00-00:00,2025-11-20,11,0,Hourly,RU,AS_SP26_EXP,DAM,RU_CLR_PRC,0,5
2025-11-20T19:00:00-00:00,2025-11-20T20:00:00-00:00,2025-11-20,12,0,Hourly,RU,AS_SP26,DAM,RU_CLR_PRC,0,5
2025-11-20T20:00:00-00:00,2025-11-20T21:00:00-00:00,2025-11-20,13,0,Hourly,RU,AS_NP26,DAM,RU_CLR_PRC,0,5
2025-11-20T21:00:00-00:00,2025-11-20T22:00:00-00:00,2025-11-20,14,0,Hourly,RU,AS_SP26,DAM,RU_CLR_PRC,0,5
2025-11-20T21:00:00-00:00,2025-11-20T22:00:00-00:00,2025-11-20,14,0,Hourly,RU,AS_SP26_EXP,DAM,RU_CLR_PRC,0,5
2025-11-21T03:00:00-00:00,2025-11-21T04:00:00-00:00,2025-11-20,20,0,Hourly,RU,AS_NP26,DAM,RU_CLR_PRC,0,5
2025-11-21T03:00:00-00:00,2025-11-21T04:00:00-00:00,2025-11-20,20,0,Hourly,RU,AS_NP26_EXP,DAM,RU_CLR_PRC,1.40361,5
2025-11-21T04:00:00-00:00,2025-11-21T05:00:00-00:00,2025-11-20,21,0,Hourly,RU,AS_NP26_EXP,DAM,RU_CLR_PRC,1.07483,5
2025-11-21T05:00:00-00:00,2025-11-21T06:00:00-00:00,2025-11-20,22,0,Hourly,RU,AS_NP26,DAM,RU_CLR_PRC,0,5
2025-11-21T05:00:00-00:00,2025-11-21T06:00:00-00:00,2025-11-20,22,0,Hourly,RU,AS_NP26_EXP,DAM,RU_CLR_PRC,2.20904,5
2025-11-21T06:00:00-00:00,2025-11-21T07:00:00-00:00,2025-11-20,23,0,Hourly,RU,AS_NP26,DAM,RU_CLR_PRC,0,5
2025-11-21T06:00:00-00:00,2025-11-21T07:00:00-00:00,2025-11-20,23,0,Hourly,RU,AS_NP26_EXP,DAM,RU_CLR_PRC,1.58,5
2025-11-21T06:00:00-00:00,2025-11-21T07:00:00-00:00,2025-11-20,23,0,Hourly,RU,AS_SP26,DAM,RU_CLR_PRC,0,5
2025-11-21T07:00:00-00:00,2025-11-21T08:00:00-00:00,2025-11-20,24,0,Hourly,RU,AS_NP26,DAM,RU_CLR_PRC,0,5
2025-11-21T07:00:00-00:00,2025-11-21T08:00:00-00:00,2025-11-20,24,0,Hourly,RU,AS_SP26,DAM,RU_CLR_PRC,0,5
2025-11-20T09:00:00-00:00,2025-11-20T10:00:00-00:00,2025-11-20,2,0,Hourly,RU,AS_CAISO_EXP,DAM,RU_CLR_PRC,1,5
2025-11-20T10:00:00-00:00,2025-11-20T11:00:00-00:00,2025-11-20,3,0,Hourly,RU,AS_CAISO,DAM,RU_CLR_PRC,0,5
2025-11-20T11:00:00-00:00,2025-11-20T12:00:00-00:00,2025-11-20,4,0,Hourly,RU,AS_NP26,DAM,RU_CLR_PRC,0,5
2025-11-20T12:00:00-00:00,2025-11-20T13:00:00-00:00,2025-11-20,5,0,Hourly,RU,AS_NP26,DAM,RU_CLR_PRC,0,5
2025-11-20T15:00:00-00:00,2025-11-20T16:00:00-00:00,2025-11-20,8,0,Hourly,RU,AS_SP26_EXP,DAM,RU_CLR_PRC,0,5
2025-11-22T06:00:00-00:00,2025-11-22T07:00:00-00:00,2025-11-21,23,0,Hourly,RU,AS_SP26_EXP,DAM,RU_CLR_PRC,0,6
2025-11-22T07:00:00-00:00,2025-11-22T08:00:00-00:00,2025-11-21,24,0,Hourly,RU,AS_NP26_EXP,DAM,RU_CLR_PRC,2.1236,6
2025-11-21T09:00:00-00:00,2025-11-21T10:00:00-00:00,2025-11-21,2,0,Hourly,RU,AS_SP26_EXP,DAM,RU_CLR_PRC,0,6
2025-11-21T10:00:00-00:00,2025-11-21T11:00:00-00:00,2025-11-21,3,0,Hourly,RU,AS_NP26_EXP,DAM,RU_CLR_PRC,0.74207,6
2025-11-21T15:00:00-00:00,2025-11-21T16:00:00-00:00,2025-11-21,8,0,Hourly,RU,AS_CAISO,DAM,RU_CLR_PRC,0,6
2025-11-21T16:00:00-00:00,2025-11-21T17:00:00-00:00,2025-11-21,9,0,Hourly,RU,AS_NP26,DAM,RU_CLR_PRC,0,6
2025-11-21T18:00:00-00:00,2025-11-21T19:00:00-00:00,2025-11-21,11,0,Hourly,RU,AS_SP26,DAM,RU_CLR_PRC,0,6
2025-11-21T21:00:00-00:00,2025-11-21T22:00:00-00:00,2025-11-21,14,0,Hourly,RU,AS_CAISO_EXP,DAM,RU_CLR_PRC,0.6672,6
2025-11-21T21:00:00-00:00,2025-11-21T22:00:00-00:00,2025-11-21,14,0,Hourly,RU,AS_NP26,DAM,RU_CLR_PRC,0,6
2025-11-22T01:00:00-00:00,2025-11-22T02:00:00-00:00,2025-11-21,18,0,Hourly,RU,AS_CAISO,DAM,RU_CLR_PRC,0,6
2025-11-22T01:00:00-00:00,2025-11-22T02:00:00-00:00,2025-11-21,18,0,Hourly,RU,AS_NP26,DAM,RU_CLR_PRC,0,6
2025-11-22T02:00:00-00:00,2025-11-22T03:00:00-00:00,2025-11-21,19,0,Hourly,RU,AS_NP26_EXP,DAM,RU_CLR_PRC,1.29346,6
2025-11-22T03:00:00-00:00,2025-11-22T04:00:00-00:00,2025-11-21,20,0,Hourly,RU,AS_CAISO_EXP,DAM,RU_CLR_PRC,0.52419,6
2025-11-22T04:00:00-00:00,2025-11-22T05:00:00-00:00,2025-11-21,21,0,Hourly,RU,AS_CAISO,DAM,RU_CLR_PRC,0,6
2025-11-22T04:00:00-00:00,2025-11-22T05:00:00-00:00,2025-11-21,21,0,Hourly,RU,AS_NP26_EXP,DAM,RU_CLR_PRC,1.13173,6
2025-11-22T05:00:00-00:00,2025-11-22T06:00:00-00:00,2025-11-21,22,0,Hourly,RU,AS_SP26,DAM,RU_CLR_PRC,0,6
2025-11-21T15:00:00-00:00,2025-11-21T16:00:00-00:00,2025-11-21,8,0,Hourly,RU,AS_CAISO_EXP,DAM,RU_CLR_PRC,1.68755,6
2025-11-21T15:00:00-00:00,2025-11-21T16:00:00-00:00,2025-11-21,8,0,Hourly,RU,AS_NP26,DAM,RU_CLR_PRC,0,6
2025-11-21T19:00:00-00:00,2025-11-21T20:00:00-00:00,2025-11-21,12,0,Hourly,RU,AS_NP26_EXP,DAM,RU_CLR_PRC,1.575,6
2025-11-21T21:00:00-00:00,2025-11-21T22:00:00-00:00,2025-11-21,14,0,Hourly,RU,AS_CAISO,DAM,RU_CLR_PRC,0,6
2025-11-21T22:00:00-00:00,2025-11-21T23:00:00-00:00,2025-11-21,15,0,Hourly,RU,AS_CAISO_EXP,DAM,RU_CLR_PRC,0.39,6
2025-11-21T23:00:00-00:00,2025-11-22T00:00:00-00:00,2025-11-21,16,0,Hourly,RU,AS_NP26_EXP,DAM,RU_CLR_PRC,2.5,6
2025-11-22T01:00:00-00:00,2025-11-22T02:00:00-00:00,2025-11-21,18,0,Hourly,RU,AS_SP26_EXP,DAM,RU_CLR_PRC,0,6
2025-11-22T03:00:00-00:00,2025-11-22T04:00:00-00:00,2025-11-21,20,0,Hourly,RU,AS_SP26_EXP,DAM,RU_CLR_PRC,0,6
2025-11-22T05:00:00-00:00,2025-11-22T06:00:00-00:00,2025-11-21,22,0,Hourly,RU,AS_NP26_EXP,DAM,RU_CLR_PRC,2.1236,6
2025-11-22T05:00:00-00:00,2025-11-22T06:00:00-00:00,2025-11-21,22,0,Hourly,RU,AS_SP26_EXP,DAM,RU_CLR_PRC,0,6
2025-11-22T06:00:00-00:00,2025-11-22T07:00:00-00:00,2025-11-21,23,0,Hourly,RU,AS_CAISO,DAM,RU_CLR_PRC,0,6
2025-11-22T07:00:00-00:00,2025-11-22T08:00:00-00:00,2025-11-21,24,0,Hourly,RU,AS_SP26_EXP,DAM,RU_CLR_PRC,0,6
2025-11-21T09:00:00-00:00,2025-11-21T10:00:00-00:00,2025-11-21,2,0,Hourly,RU,AS_NP26,DAM,RU_CLR_PRC,0,6
2025-11-21T09:00:00-00:00,2025-11-21T10:00:00-00:00,2025-11-21,2,0,Hourly,RU,AS_NP26_EXP,DAM,RU_CLR_PRC,0.66903,6
2025-11-21T11:00:00-00:00,2025-11-21T12:00:00-00:00,2025-11-21,4,0,Hourly,RU,AS_CAISO,DAM,RU_CLR_PRC,0,6
2025-11-21T17:00:00-00:00,2025-11-21T18:00:00-00:00,2025-11-21,10,0,Hourly,RU,AS_CAISO,DAM,RU_CLR_PRC,0,6
2025-11-21T17:00:00-00:00,2025-11-21T18:00:00-00:00,2025-11-21,10,0,Hourly,RU,AS_NP26,DAM,RU_CLR_PRC,0,6
2025-11-21T18:00:00-00:00,2025-11-21T19:00:00-00:00,2025-11-21,11,0,Hourly,RU,AS_SP26_EXP,DAM,RU_CLR_PRC,0,6
2025-11-21T22:00:00-00:00,2025-11-21T23:00:00-00:00,2025-11-21,15,0,Hourly,RU,AS_CAISO,DAM,RU_CLR_PRC,0,6
2025-11-21T23:00:00-00:00,2025-11-22T00:00:00-00:00,2025-11-21,16,0,Hourly,RU,AS_CAISO,DAM,RU_CLR_PRC,0,6
2025-11-22T00:00:00-00:00,2025-11-22T01:00:00-00:00,2025-11-21,17,0,Hourly,RU,AS_SP26,DAM,RU_CLR_PRC,0,6
2025-11-22T03:00:00-00:00,2025-11-22T04:00:00-00:00,2025-11-21,20,0,Hourly,RU,AS_NP26,DAM,RU_CLR_PRC,0,6
2025-11-22T06:00:00-00:00,2025-11-22T07:00:00-00:00,2025-11-21,23,0,Hourly,RU,AS_NP26_EXP,DAM,RU_CLR_PRC,2,6
2025-11-21T12:00:00-00:00,2025-11-21T13:00:00-00:00,2025-11-21,5,0,Hourly,RU,AS_CAISO,DAM,RU_CLR_PRC,0,6
2025-11-21T12:00:00-00:00,2025-11-21T13:00:00-00:00,2025-11-21,5,0,Hourly,RU,AS_NP26_EXP,DAM,RU_CLR_PRC,0.95,6
2025-11-21T13:00:00-00:00,2025-11-21T14:00:00-00:00,2025-11-21,6,0,Hourly,RU,AS_CAISO_EXP,DAM,RU_CLR_PRC,0.61,6
2025-11-21T13:00:00-00:00,2025-11-21T14:00:00-00:00,2025-11-21,6,0,Hourly,RU,AS_SP26,DAM,RU_CLR_PRC,0,6
2025-11-21T14:00:00-00:00,2025-11-21T15:00:00-00:00,2025-11-21,7,0,Hourly,RU,AS_NP26_EXP,DAM,RU_CLR_PRC,1.44937,6
2025-11-21T15:00:00-00:00,2025-11-21T16:00:00-00:00,2025-11-21,8,0,Hourly,RU,AS_SP26_EXP,DAM,RU_CLR_PRC,0,6
2025-11-21T16:00:00-00:00,2025-11-21T17:00:00-00:00,2025-11-21,9,0,Hourly,RU,AS_SP26_EXP,DAM,RU_CLR_PRC,0,6
2025-11-21T17:00:00-00:00,2025-11-21T18:00:00-00:00,2025-11-21,10,0,Hourly,RU,AS_NP26_EXP,DAM,RU_CLR_PRC,0.91553,6
2025-11-21T18:00:00-00:00,2025-11-21T19:00:00-00:00,2025-11-21,11,0,Hourly,RU,AS_CAISO,DAM,RU_CLR_PRC,0,6
2025-11-21T18:00:00-00:00,2025-11-21T19:00:00-00:00,2025-11-21,11,0,Hourly,RU,AS_NP26_EXP,DAM,RU_CLR_PRC,0.33,6
2025-11-21T19:00:00-00:00,2025-11-21T20:00:00-00:00,2025-11-21,12,0,Hourly,RU,AS_SP26,DAM,RU_CLR_PRC,0,6
2025-11-21T20:00:00-00:00,2025-11-21T21:00:00-00:00,2025-11-21,13,0,Hourly,RU,AS_CAISO_EXP,DAM,RU_CLR_PRC,0.69,6
2025-11-21T20:00:00-00:00,2025-11-21T21:00:00-00:00,2025-11-21,13,0,Hourly,RU,AS_NP26,DAM,RU_CLR_PRC,0,6
2025-11-21T21:00:00-00:00,2025-11-21T22:00:00-00:00,2025-11-21,14,0,Hourly,RU,AS_SP26_EXP,DAM,RU_CLR_PRC,0,6
2025-11-21T22:00:00-00:00,2025-11-21T23:00:00-00:00,2025-11-21,15,0,Hourly,RU,AS_NP26_EXP,DAM,RU_CLR_PRC,1.76904,6
2025-11-21T22:00:00-00:00,2025-11-21T23:00:00-00:00,2025-11-21,15,0,Hourly,RU,AS_SP26_EXP,DAM,RU_CLR_PRC,0,6
2025-11-22T00:00:00-00:00,2025-11-22T01:00:00-00:00,2025-11-21,17,0,Hourly,RU,AS_SP26_EXP,DAM,RU_CLR_PRC,0,6
2025-11-22T04:00:00-00:00,2025-11-22T05:00:00-00:00,2025-11-21,21,0,Hourly,RU,AS_CAISO_EXP,DAM,RU_CLR_PRC,0.36827,6
2025-11-22T05:00:00-00:00,2025-11-22T06:00:00-00:00,2025-11-21,22,0,Hourly,RU,AS_CAISO_EXP,DAM,RU_CLR_PRC,1,6
2025-11-22T06:00:00-00:00,2025-11-22T07:00:00-00:00,2025-11-21,23,0,Hourly,RU,AS_SP26,DAM,RU_CLR_PRC,0,6
2025-11-21T08:00:00-00:00,2025-11-21T09:00:00-00:00,2025-11-21,1,0,Hourly,RU,AS_CAISO,DAM,RU_CLR_PRC,0,6
2025-11-21T11:00:00-00:00,2025-11-21T12:00:00-00:00,2025-11-21,4,0,Hourly,RU,AS_NP26,DAM,RU_CLR_PRC,0,6
2025-11-21T12:00:00-00:00,2025-11-21T13:00:00-00:00,2025-11-21,5,0,Hourly,RU,AS_CAISO_EXP,DAM,RU_CLR_PRC,0.59109,6
2025-11-21T12:00:00-00:00,2025-11-21T13:00:00-00:00,2025-11-21,5,0,Hourly,RU,AS_SP26_EXP,DAM,RU_CLR_PRC,0,6
2025-11-21T13:00:00-00:00,2025-11-21T14:00:00-00:00,2025-11-21,6,0,Hourly,RU,AS_CAISO,DAM,RU_CLR_PRC,0,6
2025-11-21T13:00:00-00:00,2025-11-21T14:00:00-00:00,2025-11-21,6,0,Hourly,RU,AS_NP26,DAM,RU_CLR_PRC,0,6
2025-11-21T14:00:00-00:00,2025-11-21T15:00:00-00:00,2025-11-21,7,0,Hourly,RU,AS_CAISO,DAM,RU_CLR_PRC,0,6
2025-11-21T14:00:00-00:00,2025-11-21T15:00:00-00:00,2025-11-21,7,0,Hourly,RU,AS_SP26_EXP,DAM,RU_CLR_PRC,0,6
2025-11-21T16:00:00-00:00,2025-11-21T17:00:00-00:00,2025-11-21,9,0,Hourly,RU,AS_CAISO_EXP,DAM,RU_CLR_PRC,1.22794,6
2025-11-21T16:00:00-00:00,2025-11-21T17:00:00-00:00,2025-11-21,9,0,Hourly,RU,AS_NP26_EXP,DAM,RU_CLR_PRC,0.5,6
2025-11-21T16:00:00-00:00,2025-11-21T17:00:00-00:00,2025-11-21,9,0,Hourly,RU,AS_SP26,DAM,RU_CLR_PRC,0,6
2025-11-21T18:00:00-00:00,2025-11-21T19:00:00-00:00,2025-11-21,11,0,Hourly,RU,AS_NP26,DAM,RU_CLR_PRC,0,6
2025-11-21T19:00:00-00:00,2025-11-21T20:00:00-00:00,2025-11-21,12,0,Hourly,RU,AS_CAISO,DAM,RU_CLR_PRC,0,6
2025-11-21T20:00:00-00:00,2025-11-21T21:00:00-00:00,2025-11-21,13,0,Hourly,RU,AS_SP26,DAM,RU_CLR_PRC,0,6
2025-11-21T22:00:00-00:00,2025-11-21T23:00:00-00:00,2025-11-21,15,0,Hourly,RU,AS_NP26,DAM,RU_CLR_PRC,0,6
2025-11-21T22:00:00-00:00,2025-11-21T23:00:00-00:00,2025-11-21,15,0,Hourly,RU,AS_SP26,DAM,RU_CLR_PRC,0,6
2025-11-21T23:00:00-00:00,2025-11-22T00:00:00-00:00,2025-11-21,16,0,Hourly,RU,AS_SP26_EXP,DAM,RU_CLR_PRC,0,6
2025-11-22T02:00:00-00:00,2025-11-22T03:00:00-00:00,2025-11-21,19,0,Hourly,RU,AS_CAISO,DAM,RU_CLR_PRC,0,6
2025-11-22T02:00:00-00:00,2025-11-22T03:00:00-00:00,2025-11-21,19,0,Hourly,RU,AS_NP26,DAM,RU_CLR_PRC,0,6
2025-11-22T02:00:00-00:00,2025-11-22T03:00:00-00:00,2025-11-21,19,0,Hourly,RU,AS_SP26_EXP,DAM,RU_CLR_PRC,0,6
2025-11-22T03:00:00-00:00,2025-11-22T04:00:00-00:00,2025-11-21,20,0,Hourly,RU,AS_NP26_EXP,DAM,RU_CLR_PRC,0.97581,6
2025-11-21T09:00:00-00:00,2025-11-21T10:00:00-00:00,2025-11-21,2,0,Hourly,RU,AS_CAISO_EXP,DAM,RU_CLR_PRC,0.98679,6
2025-11-21T10:00:00-00:00,2025-11-21T11:00:00-00:00,2025-11-21,3,0,Hourly,RU,AS_CAISO_EXP,DAM,RU_CLR_PRC,1,6
2025-11-21T14:00:00-00:00,2025-11-21T15:00:00-00:00,2025-11-21,7,0,Hourly,RU,AS_SP26,DAM,RU_CLR_PRC,0,6
2025-11-21T17:00:00-00:00,2025-11-21T18:00:00-00:00,2025-11-21,10,0,Hourly,RU,AS_CAISO_EXP,DAM,RU_CLR_PRC,0.99103,6
2025-11-21T17:00:00-00:00,2025-11-21T18:00:00-00:00,2025-11-21,10,0,Hourly,RU,AS_SP26,DAM,RU_CLR_PRC,0,6
2025-11-21T20:00:00-00:00,2025-11-21T21:00:00-00:00,2025-11-21,13,0,Hourly,RU,AS_CAISO,DAM,RU_CLR_PRC,0,6
2025-11-21T21:00:00-00:00,2025-11-21T22:00:00-00:00,2025-11-21,14,0,Hourly,RU,AS_SP26,DAM,RU_CLR_PRC,0,6
2025-11-21T23:00:00-00:00,2025-11-22T00:00:00-00:00,2025-11-21,16,0,Hourly,RU,AS_NP26,DAM,RU_CLR_PRC,0,6
2025-11-21T23:00:00-00:00,2025-11-22T00:00:00-00:00,2025-11-21,16,0,Hourly,RU,AS_SP26,DAM,RU_CLR_PRC,0,6
2025-11-22T00:00:00-00:00,2025-11-22T01:00:00-00:00,2025-11-21,17,0,Hourly,RU,AS_CAISO,DAM,RU_CLR_PRC,0,6
2025-11-22T01:00:00-00:00,2025-11-22T02:00:00-00:00,2025-11-21,18,0,Hourly,RU,AS_CAISO_EXP,DAM,RU_CLR_PRC,1.01,6
2025-11-22T01:00:00-00:00,2025-11-22T02:00:00-00:00,2025-11-21,18,0,Hourly,RU,AS_NP26_EXP,DAM,RU_CLR_PRC,1.83171,6
2025-11-22T05:00:00-00:00,2025-11-22T06:00:00-00:00,2025-11-21,22,0,Hourly,RU,AS_CAISO,DAM,RU_CLR_PRC,0,6
2025-11-22T07:00:00-00:00,2025-11-22T08:00:00-00:00,2025-11-21,24,0,Hourly,RU,AS_CAISO_EXP,DAM,RU_CLR_PRC,1,6
2025-11-22T07:00:00-00:00,2025-11-22T08:00:00-00:00,2025-11-21,24,0,Hourly,RU,AS_NP26,DAM,RU_CLR_PRC,0,6
2025-11-21T08:00:00-00:00,2025-11-21T09:00:00-00:00,2025-11-21,1,0,Hourly,RU,AS_SP26_EXP,DAM,RU_CLR_PRC,0,6
2025-11-21T09:00:00-00:00,2025-11-21T10:00:00-00:00,2025-11-21,2,0,Hourly,RU,AS_SP26,DAM,RU_CLR_PRC,0,6
2025-11-21T10:00:00-00:00,2025-11-21T11:00:00-00:00,2025-11-21,3,0,Hourly,RU,AS_CAISO,DAM,RU_CLR_PRC,0,6
2025-11-21T10:00:00-00:00,2025-11-21T11:00:00-00:00,2025-11-21,3,0,Hourly,RU,AS_NP26,DAM,RU_CLR_PRC,0,6
2025-11-21T11:00:00-00:00,2025-11-21T12:00:00-00:00,2025-11-21,4,0,Hourly,RU,AS_CAISO_EXP,DAM,RU_CLR_PRC,0.55,6
2025-11-21T11:00:00-00:00,2025-11-21T12:00:00-00:00,2025-11-21,4,0,Hourly,RU,AS_SP26,DAM,RU_CLR_PRC,0,6
2025-11-21T12:00:00-00:00,2025-11-21T13:00:00-00:00,2025-11-21,5,0,Hourly,RU,AS_NP26,DAM,RU_CLR_PRC,0,6
2025-11-21T13:00:00-00:00,2025-11-21T14:00:00-00:00,2025-11-21,6,0,Hourly,RU,AS_SP26_EXP,DAM,RU_CLR_PRC,0,6
2025-11-21T15:00:00-00:00,2025-11-21T16:00:00-00:00,2025-11-21,8,0,Hourly,RU,AS_NP26_EXP,DAM,RU_CLR_PRC,1.01245,6
2025-11-21T16:00:00-00:00,2025-11-21T17:00:00-00:00,2025-11-21,9,0,Hourly,RU,AS_CAISO,DAM,RU_CLR_PRC,0,6
2025-11-21T19:00:00-00:00,2025-11-21T20:00:00-00:00,2025-11-21,12,0,Hourly,RU,AS_SP26_EXP,DAM,RU_CLR_PRC,0,6
2025-11-21T20:00:00-00:00,2025-11-21T21:00:00-00:00,2025-11-21,13,0,Hourly,RU,AS_SP26_EXP,DAM,RU_CLR_PRC,0,6
2025-11-21T21:00:00-00:00,2025-11-21T22:00:00-00:00,2025-11-21,14,0,Hourly,RU,AS_NP26_EXP,DAM,RU_CLR_PRC,1.63621,6
2025-11-21T23:00:00-00:00,2025-11-22T00:00:00-00:00,2025-11-21,16,0,Hourly,RU,AS_CAISO_EXP,DAM,RU_CLR_PRC,0.23,6
2025-11-22T00:00:00-00:00,2025-11-22T01:00:00-00:00,2025-11-21,17,0,Hourly,RU,AS_CAISO_EXP,DAM,RU_CLR_PRC,0.85799,6
2025-11-22T00:00:00-00:00,2025-11-22T01:00:00-00:00,2025-11-21,17,0,Hourly,RU,AS_NP26_EXP,DAM,RU_CLR_PRC,0.65201,6
2025-11-22T01:00:00-00:00,2025-11-22T02:00:00-00:00,2025-11-21,18,0,Hourly,RU,AS_SP26,DAM,RU_CLR_PRC,0,6
2025-11-22T03:00:00-00:00,2025-11-22T04:00:00-00:00,2025-11-21,20,0,Hourly,RU,AS_CAISO,DAM,RU_CLR_PRC,0,6
2025-11-22T03:00:00-00:00,2025-11-22T04:00:00-00:00,2025-11-21,20,0,Hourly,RU,AS_SP26,DAM,RU_CLR_PRC,0,6
2025-11-22T05:00:00-00:00,2025-11-22T06:00:00-00:00,2025-11-21,22,0,Hourly,RU,AS_NP26,DAM,RU_CLR_PRC,0,6
2025-11-22T07:00:00-00:00,2025-11-22T08:00:00-00:00,2025-11-21,24,0,Hourly,RU,AS_SP26,DAM,RU_CLR_PRC,0,6
2025-11-21T08:00:00-00:00,2025-11-21T09:00:00-00:00,2025-11-21,1,0,Hourly,RU,AS_CAISO_EXP,DAM,RU_CLR_PRC,2,6
2025-11-21T08:00:00-00:00,2025-11-21T09:00:00-00:00,2025-11-21,1,0,Hourly,RU,AS_NP26,DAM,RU_CLR_PRC,0,6
2025-11-21T08:00:00-00:00,2025-11-21T09:00:00-00:00,2025-11-21,1,0,Hourly,RU,AS_NP26_EXP,DAM,RU_CLR_PRC,0.5,6
2025-11-21T10:00:00-00:00,2025-11-21T11:00:00-00:00,2025-11-21,3,0,Hourly,RU,AS_SP26,DAM,RU_CLR_PRC,0,6
2025-11-21T10:00:00-00:00,2025-11-21T11:00:00-00:00,2025-11-21,3,0,Hourly,RU,AS_SP26_EXP,DAM,RU_CLR_PRC,0,6
2025-11-21T14:00:00-00:00,2025-11-21T15:00:00-00:00,2025-11-21,7,0,Hourly,RU,AS_CAISO_EXP,DAM,RU_CLR_PRC,1.59257,6
2025-11-21T15:00:00-00:00,2025-11-21T16:00:00-00:00,2025-11-21,8,0,Hourly,RU,AS_SP26,DAM,RU_CLR_PRC,0,6
2025-11-21T17:00:00-00:00,2025-11-21T18:00:00-00:00,2025-11-21,10,0,Hourly,RU,AS_SP26_EXP,DAM,RU_CLR_PRC,0,6
2025-11-21T18:00:00-00:00,2025-11-21T19:00:00-00:00,2025-11-21,11,0,Hourly,RU,AS_CAISO_EXP,DAM,RU_CLR_PRC,1.36515,6
2025-11-21T19:00:00-00:00,2025-11-21T20:00:00-00:00,2025-11-21,12,0,Hourly,RU,AS_CAISO_EXP,DAM,RU_CLR_PRC,0.425,6
2025-11-21T19:00:00-00:00,2025-11-21T20:00:00-00:00,2025-11-21,12,0,Hourly,RU,AS_NP26,DAM,RU_CLR_PRC,0,6
2025-11-21T20:00:00-00:00,2025-11-21T21:00:00-00:00,2025-11-21,13,0,Hourly,RU,AS_NP26_EXP,DAM,RU_CLR_PRC,1.3883,6
2025-11-22T00:00:00-00:00,2025-11-22T01:00:00-00:00,2025-11-21,17,0,Hourly,RU,AS_NP26,DAM,RU_CLR_PRC,0,6
2025-11-22T02:00:00-00:00,2025-11-22T03:00:00-00:00,2025-11-21,19,0,Hourly,RU,AS_CAISO_EXP,DAM,RU_CLR_PRC,0.52758,6
2025-11-22T02:00:00-00:00,2025-11-22T03:00:00-00:00,2025-11-21,19,0,Hourly,RU,AS_SP26,DAM,RU_CLR_PRC,0,6
2025-11-22T04:00:00-00:00,2025-11-22T05:00:00-00:00,2025-11-21,21,0,Hourly,RU,AS_NP26,DAM,RU_CLR_PRC,0,6
2025-11-22T04:00:00-00:00,2025-11-22T05:00:00-00:00,2025-11-21,21,0,Hourly,RU,AS_SP26,DAM,RU_CLR_PRC,0,6
2025-11-22T04:00:00-00:00,2025-11-22T05:00:00-00:00,2025-11-21,21,0,Hourly,RU,AS_SP26_EXP,DAM,RU_CLR_PRC,0,6
2025-11-22T06:00:00-00:00,2025-11-22T07:00:00-00:00,2025-11-21,23,0,Hourly,RU,AS_CAISO_EXP,DAM,RU_CLR_PRC,1,6
2025-11-22T06:00:00-00:00,2025-11-22T07:00:00-00:00,2025-11-21,23,0,Hourly,RU,AS_NP26,DAM,RU_CLR_PRC,0,6
2025-11-22T07:00:00-00:00,2025-11-22T08:00:00-00:00,2025-11-21,24,0,Hourly,RU,AS_CAISO,DAM,RU_CLR_PRC,0,6
2025-11-21T08:00:00-00:00,2025-11-21T09:00:00-00:00,2025-11-21,1,0,Hourly,RU,AS_SP26,DAM,RU_CLR_PRC,0,6
2025-11-21T09:00:00-00:00,2025-11-21T10:00:00-00:00,2025-11-21,2,0,Hourly,RU,AS_CAISO,DAM,RU_CLR_PRC,0,6
2025-11-21T11:00:00-00:00,2025-11-21T12:00:00-00:00,2025-11-21,4,0,Hourly,RU,AS_NP26_EXP,DAM,RU_CLR_PRC,1.27212,6
2025-11-21T11:00:00-00:00,2025-11-21T12:00:00-00:00,2025-11-21,4,0,Hourly,RU,AS_SP26_EXP,DAM,RU_CLR_PRC,0,6
2025-11-21T12:00:00-00:00,2025-11-21T13:00:00-00:00,2025-11-21,5,0,Hourly,RU,AS_SP26,DAM,RU_CLR_PRC,0,6
2025-11-21T13:00:00-00:00,2025-11-21T14:00:00-00:00,2025-11-21,6,0,Hourly,RU,AS_NP26_EXP,DAM,RU_CLR_PRC,0.89,6
2025-11-21T14:00:00-00:00,2025-11-21T15:00:00-00:00,2025-11-21,7,0,Hourly,RU,AS_NP26,DAM,RU_CLR_PRC,0,6
2025-11-22T12:00:00-00:00,2025-11-22T13:00:00-00:00,2025-11-22,5,0,Hourly,RU,AS_NP26_EXP,DAM,RU_CLR_PRC,0.79851,7
2025-11-22T14:00:00-00:00,2025-11-22T15:00:00-00:00,2025-11-22,7,0,Hourly,RU,AS_NP26_EXP,DAM,RU_CLR_PRC,0.96009,7
2025-11-22T15:00:00-00:00,2025-11-22T16:00:00-00:00,2025-11-22,8,0,Hourly,RU,AS_SP26,DAM,RU_CLR_PRC,0,7
2025-11-22T16:00:00-00:00,2025-11-22T17:00:00-00:00,2025-11-22,9,0,Hourly,RU,AS_SP26_EXP,DAM,RU_CLR_PRC,0,7
2025-11-22T18:00:00-00:00,2025-11-22T19:00:00-00:00,2025-11-22,11,0,Hourly,RU,AS_SP26_EXP,DAM,RU_CLR_PRC,0,7
2025-11-22T19:00:00-00:00,2025-11-22T20:00:00-00:00,2025-11-22,12,0,Hourly,RU,AS_NP26,DAM,RU_CLR_PRC,0,7
2025-11-22T20:00:00-00:00,2025-11-22T21:00:00-00:00,2025-11-22,13,0,Hourly,RU,AS_CAISO,DAM,RU_CLR_PRC,0,7
2025-11-22T20:00:00-00:00,2025-11-22T21:00:00-00:00,2025-11-22,13,0,Hourly,RU,AS_NP26,DAM,RU_CLR_PRC,0,7
2025-11-22T21:00:00-00:00,2025-11-22T22:00:00-00:00,2025-11-22,14,0,Hourly,RU,AS_SP26_EXP,DAM,RU_CLR_PRC,0,7
2025-11-22T22:00:00-00:00,2025-11-22T23:00:00-00:00,2025-11-22,15,0,Hourly,RU,AS_CAISO,DAM,RU_CLR_PRC,0,7
2025-11-22T22:00:00-00:00,2025-11-22T23:00:00-00:00,2025-11-22,15,0,Hourly,RU,AS_NP26_EXP,DAM,RU_CLR_PRC,0.57224,7
2025-11-22T23:00:00-00:00,2025-11-23T00:00:00-00:00,2025-11-22,16,0,Hourly,RU,AS_CAISO,DAM,RU_CLR_PRC,0,7
2025-11-23T02:00:00-00:00,2025-11-23T03:00:00-00:00,2025-11-22,19,0,Hourly,RU,AS_CAISO,DAM,RU_CLR_PRC,0,7
2025-11-23T04:00:00-00:00,2025-11-23T05:00:00-00:00,2025-11-22,21,0,Hourly,RU,AS_CAISO,DAM,RU_CLR_PRC,0,7
2025-11-23T05:00:00-00:00,2025-11-23T06:00:00-00:00,2025-11-22,22,0,Hourly,RU,AS_NP26,DAM,RU_CLR_PRC,0,7
2025-11-23T07:00:00-00:00,2025-11-23T08:00:00-00:00,2025-11-22,24,0,Hourly,RU,AS_SP26_EXP,DAM,RU_CLR_PRC,0.24,7
2025-11-23T03:00:00-00:00,2025-11-23T04:00:00-00:00,2025-11-22,20,0,Hourly,RU,AS_SP26_EXP,DAM,RU_CLR_PRC,0,7
2025-11-23T05:00:00-00:00,2025-11-23T06:00:00-00:00,2025-11-22,22,0,Hourly,RU,AS_CAISO_EXP,DAM,RU_CLR_PRC,1.0591,7
2025-11-22T08:00:00-00:00,2025-11-22T09:00:00-00:00,2025-11-22,1,0,Hourly,RU,AS_CAISO_EXP,DAM,RU_CLR_PRC,1,7
2025-11-22T09:00:00-00:00,2025-11-22T10:00:00-00:00,2025-11-22,2,0,Hourly,RU,AS_SP26,DAM,RU_CLR_PRC,0,7
2025-11-22T13:00:00-00:00,2025-11-22T14:00:00-00:00,2025-11-22,6,0,Hourly,RU,AS_SP26_EXP,DAM,RU_CLR_PRC,0,7
2025-11-22T14:00:00-00:00,2025-11-22T15:00:00-00:00,2025-11-22,7,0,Hourly,RU,AS_CAISO_EXP,DAM,RU_CLR_PRC,1,7
2025-11-22T15:00:00-00:00,2025-11-22T16:00:00-00:00,2025-11-22,8,0,Hourly,RU,AS_CAISO,DAM,RU_CLR_PRC,0,7
2025-11-22T15:00:00-00:00,2025-11-22T16:00:00-00:00,2025-11-22,8,0,Hourly,RU,AS_SP26_EXP,DAM,RU_CLR_PRC,0,7
2025-11-22T18:00:00-00:00,2025-11-22T19:00:00-00:00,2025-11-22,11,0,Hourly,RU,AS_CAISO,DAM,RU_CLR_PRC,0,7
2025-11-22T19:00:00-00:00,2025-11-22T20:00:00-00:00,2025-11-22,12,0,Hourly,RU,AS_SP26_EXP,DAM,RU_CLR_PRC,0,7
2025-11-22T21:00:00-00:00,2025-11-22T22:00:00-00:00,2025-11-22,14,0,Hourly,RU,AS_NP26,DAM,RU_CLR_PRC,0,7
2025-11-23T04:00:00-00:00,2025-11-23T05:00:00-00:00,2025-11-22,21,0,Hourly,RU,AS_NP26,DAM,RU_CLR_PRC,0,7
2025-11-23T04:00:00-00:00,2025-11-23T05:00:00-00:00,2025-11-22,21,0,Hourly,RU,AS_SP26,DAM,RU_CLR_PRC,0,7
2025-11-23T07:00:00-00:00,2025-11-23T08:00:00-00:00,2025-11-22,24,0,Hourly,RU,AS_CAISO_EXP,DAM,RU_CLR_PRC,3.5,7
2025-11-23T07:00:00-00:00,2025-11-23T08:00:00-00:00,2025-11-22,24,0,Hourly,RU,AS_NP26_EXP,DAM,RU_CLR_PRC,0.5,7
2025-11-23T07:00:00-00:00,2025-11-23T08:00:00-00:00,2025-11-22,24,0,Hourly,RU,AS_SP26,DAM,RU_CLR_PRC,0,7
2025-11-22T08:00:00-00:00,2025-11-22T09:00:00-00:00,2025-11-22,1,0,Hourly,RU,AS_NP26,DAM,RU_CLR_PRC,0,7
2025-11-22T08:00:00-00:00,2025-11-22T09:00:00-00:00,2025-11-22,1,0,Hourly,RU,AS_SP26_EXP,DAM,RU_CLR_PRC,0,7
2025-11-22T09:00:00-00:00,2025-11-22T10:00:00-00:00,2025-11-22,2,0,Hourly,RU,AS_SP26_EXP,DAM,RU_CLR_PRC,0,7
2025-11-22T11:00:00-00:00,2025-11-22T12:00:00-00:00,2025-11-22,4,0,Hourly,RU,AS_SP26_EXP,DAM,RU_CLR_PRC,0,7
2025-11-22T12:00:00-00:00,2025-11-22T13:00:00-00:00,2025-11-22,5,0,Hourly,RU,AS_CAISO_EXP,DAM,RU_CLR_PRC,1,7
2025-11-22T12:00:00-00:00,2025-11-22T13:00:00-00:00,2025-11-22,5,0,Hourly,RU,AS_SP26_EXP,DAM,RU_CLR_PRC,0,7
2025-11-22T13:00:00-00:00,2025-11-22T14:00:00-00:00,2025-11-22,6,0,Hourly,RU,AS_CAISO_EXP,DAM,RU_CLR_PRC,0.85943,7
2025-11-22T13:00:00-00:00,2025-11-22T14:00:00-00:00,2025-11-22,6,0,Hourly,RU,AS_SP26,DAM,RU_CLR_PRC,0,7
2025-11-22T15:00:00-00:00,2025-11-22T16:00:00-00:00,2025-11-22,8,0,Hourly,RU,AS_CAISO_EXP,DAM,RU_CLR_PRC,2.93698,7
2025-11-22T18:00:00-00:00,2025-11-22T19:00:00-00:00,2025-11-22,11,0,Hourly,RU,AS_CAISO_EXP,DAM,RU_CLR_PRC,1.68549,7
2025-11-22T18:00:00-00:00,2025-11-22T19:00:00-00:00,2025-11-22,11,0,Hourly,RU,AS_NP26,DAM,RU_CLR_PRC,0,7
2025-11-22T19:00:00-00:00,2025-11-22T20:00:00-00:00,2025-11-22,12,0,Hourly,RU,AS_SP26,DAM,RU_CLR_PRC,0,7
2025-11-22T21:00:00-00:00,2025-11-22T22:00:00-00:00,2025-11-22,14,0,Hourly,RU,AS_CAISO,DAM,RU_CLR_PRC,0,7
2025-11-23T01:00:00-00:00,2025-11-23T02:00:00-00:00,2025-11-22,18,0,Hourly,RU,AS_CAISO_EXP,DAM,RU_CLR_PRC,1.05109,7
2025-11-23T01:00:00-00:00,2025-11-23T02:00:00-00:00,2025-11-22,18,0,Hourly,RU,AS_SP26_EXP,DAM,RU_CLR_PRC,0,7
2025-11-23T03:00:00-00:00,2025-11-23T04:00:00-00:00,2025-11-22,20,0,Hourly,RU,AS_CAISO_EXP,DAM,RU_CLR_PRC,0.65266,7
2025-11-23T05:00:00-00:00,2025-11-23T06:00:00-00:00,2025-11-22,22,0,Hourly,RU,AS_CAISO,DAM,RU_CLR_PRC,0,7
2025-11-23T05:00:00-00:00,2025-11-23T06:00:00-00:00,2025-11-22,22,0,Hourly,RU,AS_NP26_EXP,DAM,RU_CLR_PRC,0.72837,7
2025-11-23T05:00:00-00:00,2025-11-23T06:00:00-00:00,2025-11-22,22,0,Hourly,RU,AS_SP26,DAM,RU_CLR_PRC,0,7
2025-11-23T06:00:00-00:00,2025-11-23T07:00:00-00:00,2025-11-22,23,0,Hourly,RU,AS_NP26_EXP,DAM,RU_CLR_PRC,0.56103,7
2025-11-23T06:00:00-00:00,2025-11-23T07:00:00-00:00,2025-11-22,23,0,Hourly,RU,AS_SP26,DAM,RU_CLR_PRC,0,7
2025-11-23T06:00:00-00:00,2025-11-23T07:00:00-00:00,2025-11-22,23,0,Hourly,RU,AS_SP26_EXP,DAM,RU_CLR_PRC,0,7
2025-11-23T07:00:00-00:00,2025-11-23T08:00:00-00:00,2025-11-22,24,0,Hourly,RU,AS_NP26,DAM,RU_CLR_PRC,0,7
2025-11-22T08:00:00-00:00,2025-11-22T09:00:00-00:00,2025-11-22,1,0,Hourly,RU,AS_NP26_EXP,DAM,RU_CLR_PRC,0.80628,7
2025-11-22T10:00:00-00:00,2025-11-22T11:00:00-00:00,2025-11-22,3,0,Hourly,RU,AS_CAISO_EXP,DAM,RU_CLR_PRC,1.29131,7
2025-11-22T10:00:00-00:00,2025-11-22T11:00:00-00:00,2025-11-22,3,0,Hourly,RU,AS_NP26,DAM,RU_CLR_PRC,0,7
2025-11-22T12:00:00-00:00,2025-11-22T13:00:00-00:00,2025-11-22,5,0,Hourly,RU,AS_CAISO,DAM,RU_CLR_PRC,0,7
2025-11-22T14:00:00-00:00,2025-11-22T15:00:00-00:00,2025-11-22,7,0,Hourly,RU,AS_SP26,DAM,RU_CLR_PRC,0,7
2025-11-22T14:00:00-00:00,2025-11-22T15:00:00-00:00,2025-11-22,7,0,Hourly,RU,AS_SP26_EXP,DAM,RU_CLR_PRC,0,7
2025-11-22T16:00:00-00:00,2025-11-22T17:00:00-00:00,2025-11-22,9,0,Hourly,RU,AS_CAISO,DAM,RU_CLR_PRC,0,7
2025-11-22T16:00:00-00:00,2025-11-22T17:00:00-00:00,2025-11-22,9,0,Hourly,RU,AS_NP26_EXP,DAM,RU_CLR_PRC,0.5,7
2025-11-22T17:00:00-00:00,2025-11-22T18:00:00-00:00,2025-11-22,10,0,Hourly,RU,AS_SP26,DAM,RU_CLR_PRC,0,7
2025-11-22T18:00:00-00:00,2025-11-22T19:00:00-00:00,2025-11-22,11,0,Hourly,RU,AS_NP26_EXP,DAM,RU_CLR_PRC,0.08,7
2025-11-22T20:00:00-00:00,2025-11-22T21:00:00-00:00,2025-11-22,13,0,Hourly,RU,AS_CAISO_EXP,DAM,RU_CLR_PRC,1.12667,7
2025-11-22T20:00:00-00:00,2025-11-22T21:00:00-00:00,2025-11-22,13,0,Hourly,RU,AS_SP26,DAM,RU_CLR_PRC,0,7
2025-11-22T22:00:00-00:00,2025-11-22T23:00:00-00:00,2025-11-22,15,0,Hourly,RU,AS_CAISO_EXP,DAM,RU_CLR_PRC,1.13462,7
2025-11-22T22:00:00-00:00,2025-11-22T23:00:00-00:00,2025-11-22,15,0,Hourly,RU,AS_SP26,DAM,RU_CLR_PRC,0,7
2025-11-22T23:00:00-00:00,2025-11-23T00:00:00-00:00,2025-11-22,16,0,Hourly,RU,AS_NP26,DAM,RU_CLR_PRC,0,7
2025-11-23T00:00:00-00:00,2025-11-23T01:00:00-00:00,2025-11-22,17,0,Hourly,RU,AS_CAISO_EXP,DAM,RU_CLR_PRC,1.39,7
2025-11-23T04:00:00-00:00,2025-11-23T05:00:00-00:00,2025-11-22,21,0,Hourly,RU,AS_CAISO_EXP,DAM,RU_CLR_PRC,0.17,7
2025-11-23T04:00:00-00:00,2025-11-23T05:00:00-00:00,2025-11-22,21,0,Hourly,RU,AS_SP26_EXP,DAM,RU_CLR_PRC,0,7
2025-11-23T06:00:00-00:00,2025-11-23T07:00:00-00:00,2025-11-22,23,0,Hourly,RU,AS_CAISO,DAM,RU_CLR_PRC,0,7
2025-11-23T06:00:00-00:00,2025-11-23T07:00:00-00:00,2025-11-22,23,0,Hourly,RU,AS_NP26,DAM,RU_CLR_PRC,0,7
2025-11-23T07:00:00-00:00,2025-11-23T08:00:00-00:00,2025-11-22,24,0,Hourly,RU,AS_CAISO,DAM,RU_CLR_PRC,0,7
2025-11-22T08:00:00-00:00,2025-11-22T09:00:00-00:00,2025-11-22,1,0,Hourly,RU,AS_SP26,DAM,RU_CLR_PRC,0,7
2025-11-22T10:00:00-00:00,2025-11-22T11:00:00-00:00,2025-11-22,3,0,Hourly,RU,AS_NP26_EXP,DAM,RU_CLR_PRC,0.5,7
2025-11-22T11:00:00-00:00,2025-11-22T12:00:00-00:00,2025-11-22,4,0,Hourly,RU,AS_CAISO_EXP,DAM,RU_CLR_PRC,1.00374,7
2025-11-22T11:00:00-00:00,2025-11-22T12:00:00-00:00,2025-11-22,4,0,Hourly,RU,AS_NP26,DAM,RU_CLR_PRC,0,7
2025-11-22T09:00:00-00:00,2025-11-22T10:00:00-00:00,2025-11-22,2,0,Hourly,RU,AS_NP26_EXP,DAM,RU_CLR_PRC,1.19289,7
2025-11-22T10:00:00-00:00,2025-11-22T11:00:00-00:00,2025-11-22,3,0,Hourly,RU,AS_SP26_EXP,DAM,RU_CLR_PRC,0,7
2025-11-22T11:00:00-00:00,2025-11-22T12:00:00-00:00,2025-11-22,4,0,Hourly,RU,AS_CAISO,DAM,RU_CLR_PRC,0,7
2025-11-22T14:00:00-00:00,2025-11-22T15:00:00-00:00,2025-11-22,7,0,Hourly,RU,AS_NP26,DAM,RU_CLR_PRC,0,7
2025-11-22T17:00:00-00:00,2025-11-22T18:00:00-00:00,2025-11-22,10,0,Hourly,RU,AS_SP26_EXP,DAM,RU_CLR_PRC,0.3047,7
2025-11-22T19:00:00-00:00,2025-11-22T20:00:00-00:00,2025-11-22,12,0,Hourly,RU,AS_CAISO,DAM,RU_CLR_PRC,0,7
2025-11-22T21:00:00-00:00,2025-11-22T22:00:00-00:00,2025-11-22,14,0,Hourly,RU,AS_SP26,DAM,RU_CLR_PRC,0,7
2025-11-22T23:00:00-00:00,2025-11-23T00:00:00-00:00,2025-11-22,16,0,Hourly,RU,AS_SP26,DAM,RU_CLR_PRC,0,7
2025-11-23T00:00:00-00:00,2025-11-23T01:00:00-00:00,2025-11-22,17,0,Hourly,RU,AS_NP26_EXP,DAM,RU_CLR_PRC,1.31,7
2025-11-23T00:00:00-00:00,2025-11-23T01:00:00-00:00,2025-11-22,17,0,Hourly,RU,AS_SP26,DAM,RU_CLR_PRC,0,7
2025-11-23T00:00:00-00:00,2025-11-23T01:00:00-00:00,2025-11-22,17,0,Hourly,RU,AS_SP26_EXP,DAM,RU_CLR_PRC,0,7
2025-11-23T01:00:00-00:00,2025-11-23T02:00:00-00:00,2025-11-22,18,0,Hourly,RU,AS_NP26_EXP,DAM,RU_CLR_PRC,3.57505,7
2025-11-23T02:00:00-00:00,2025-11-23T03:00:00-00:00,2025-11-22,19,0,Hourly,RU,AS_NP26_EXP,DAM,RU_CLR_PRC,1.75089,7
2025-11-23T02:00:00-00:00,2025-11-23T03:00:00-00:00,2025-11-22,19,0,Hourly,RU,AS_SP26,DAM,RU_CLR_PRC,0,7
2025-11-23T02:00:00-00:00,2025-11-23T03:00:00-00:00,2025-11-22,19,0,Hourly,RU,AS_SP26_EXP,DAM,RU_CLR_PRC,0,7
2025-11-23T03:00:00-00:00,2025-11-23T04:00:00-00:00,2025-11-22,20,0,Hourly,RU,AS_CAISO,DAM,RU_CLR_PRC,0,7
2025-11-23T06:00:00-00:00,2025-11-23T07:00:00-00:00,2025-11-22,23,0,Hourly,RU,AS_CAISO_EXP,DAM,RU_CLR_PRC,1,7
2025-11-22T09:00:00-00:00,2025-11-22T10:00:00-00:00,2025-11-22,2,0,Hourly,RU,AS_CAISO_EXP,DAM,RU_CLR_PRC,0.68,7
2025-11-22T10:00:00-00:00,2025-11-22T11:00:00-00:00,2025-11-22,3,0,Hourly,RU,AS_CAISO,DAM,RU_CLR_PRC,0,7
2025-11-22T11:00:00-00:00,2025-11-22T12:00:00-00:00,2025-11-22,4,0,Hourly,RU,AS_SP26,DAM,RU_CLR_PRC,0,7
2025-11-22T13:00:00-00:00,2025-11-22T14:00:00-00:00,2025-11-22,6,0,Hourly,RU,AS_NP26,DAM,RU_CLR_PRC,0,7
2025-11-22T15:00:00-00:00,2025-11-22T16:00:00-00:00,2025-11-22,8,0,Hourly,RU,AS_NP26,DAM,RU_CLR_PRC,0,7
2025-11-22T16:00:00-00:00,2025-11-22T17:00:00-00:00,2025-11-22,9,0,Hourly,RU,AS_CAISO_EXP,DAM,RU_CLR_PRC,2.84477,7
2025-11-22T16:00:00-00:00,2025-11-22T17:00:00-00:00,2025-11-22,9,0,Hourly,RU,AS_SP26,DAM,RU_CLR_PRC,0,7
2025-11-22T17:00:00-00:00,2025-11-22T18:00:00-00:00,2025-11-22,10,0,Hourly,RU,AS_CAISO_EXP,DAM,RU_CLR_PRC,2.7,7
2025-11-22T18:00:00-00:00,2025-11-22T19:00:00-00:00,2025-11-22,11,0,Hourly,RU,AS_SP26,DAM,RU_CLR_PRC,0,7
2025-11-22T19:00:00-00:00,2025-11-22T20:00:00-00:00,2025-11-22,12,0,Hourly,RU,AS_NP26_EXP,DAM,RU_CLR_PRC,0.81139,7
2025-11-22T23:00:00-00:00,2025-11-23T00:00:00-00:00,2025-11-22,16,0,Hourly,RU,AS_NP26_EXP,DAM,RU_CLR_PRC,1.91299,7
2025-11-22T23:00:00-00:00,2025-11-23T00:00:00-00:00,2025-11-22,16,0,Hourly,RU,AS_SP26_EXP,DAM,RU_CLR_PRC,0,7
2025-11-23T00:00:00-00:00,2025-11-23T01:00:00-00:00,2025-11-22,17,0,Hourly,RU,AS_NP26,DAM,RU_CLR_PRC,0,7
2025-11-23T01:00:00-00:00,2025-11-23T02:00:00-00:00,2025-11-22,18,0,Hourly,RU,AS_CAISO,DAM,RU_CLR_PRC,0,7
2025-11-23T01:00:00-00:00,2025-11-23T02:00:00-00:00,2025-11-22,18,0,Hourly,RU,AS_NP26,DAM,RU_CLR_PRC,0,7
2025-11-23T02:00:00-00:00,2025-11-23T03:00:00-00:00,2025-11-22,19,0,Hourly,RU,AS_NP26,DAM,RU_CLR_PRC,0,7
2025-11-23T03:00:00-00:00,2025-11-23T04:00:00-00:00,2025-11-22,20,0,Hourly,RU,AS_NP26_EXP,DAM,RU_CLR_PRC,1.25734,7
2025-11-23T03:00:00-00:00,2025-11-23T04:00:00-00:00,2025-11-22,20,0,Hourly,RU,AS_SP26,DAM,RU_CLR_PRC,0,7
2025-11-23T05:00:00-00:00,2025-11-23T06:00:00-00:00,2025-11-22,22,0,Hourly,RU,AS_SP26_EXP,DAM,RU_CLR_PRC,0,7
2025-11-22T09:00:00-00:00,2025-11-22T10:00:00-00:00,2025-11-22,2,0,Hourly,RU,AS_NP26,DAM,RU_CLR_PRC,0,7
2025-11-22T13:00:00-00:00,2025-11-22T14:00:00-00:00,2025-11-22,6,0,Hourly,RU,AS_CAISO,DAM,RU_CLR_PRC,0,7
2025-11-22T13:00:00-00:00,2025-11-22T14:00:00-00:00,2025-11-22,6,0,Hourly,RU,AS_NP26_EXP,DAM,RU_CLR_PRC,0.97934,7
2025-11-22T14:00:00-00:00,2025-11-22T15:00:00-00:00,2025-11-22,7,0,Hourly,RU,AS_CAISO,DAM,RU_CLR_PRC,0,7
2025-11-22T16:00:00-00:00,2025-11-22T17:00:00-00:00,2025-11-22,9,0,Hourly,RU,AS_NP26,DAM,RU_CLR_PRC,0,7
2025-11-22T17:00:00-00:00,2025-11-22T18:00:00-00:00,2025-11-22,10,0,Hourly,RU,AS_CAISO,DAM,RU_CLR_PRC,0,7
2025-11-22T21:00:00-00:00,2025-11-22T22:00:00-00:00,2025-11-22,14,0,Hourly,RU,AS_CAISO_EXP,DAM,RU_CLR_PRC,0.95756,7
2025-11-22T21:00:00-00:00,2025-11-22T22:00:00-00:00,2025-11-22,14,0,Hourly,RU,AS_NP26_EXP,DAM,RU_CLR_PRC,0.7906,7
2025-11-22T22:00:00-00:00,2025-11-22T23:00:00-00:00,2025-11-22,15,0,Hourly,RU,AS_SP26_EXP,DAM,RU_CLR_PRC,0,7
2025-11-22T23:00:00-00:00,2025-11-23T00:00:00-00:00,2025-11-22,16,0,Hourly,RU,AS_CAISO_EXP,DAM,RU_CLR_PRC,1.21061,7
2025-11-23T02:00:00-00:00,2025-11-23T03:00:00-00:00,2025-11-22,19,0,Hourly,RU,AS_CAISO_EXP,DAM,RU_CLR_PRC,0.18,7
2025-11-23T04:00:00-00:00,2025-11-23T05:00:00-00:00,2025-11-22,21,0,Hourly,RU,AS_NP26_EXP,DAM,RU_CLR_PRC,1.34,7
2025-11-22T08:00:00-00:00,2025-11-22T09:00:00-00:00,2025-11-22,1,0,Hourly,RU,AS_CAISO,DAM,RU_CLR_PRC,0,7
2025-11-22T09:00:00-00:00,2025-11-22T10:00:00-00:00,2025-11-22,2,0,Hourly,RU,AS_CAISO,DAM,RU_CLR_PRC,0,7
2025-11-22T10:00:00-00:00,2025-11-22T11:00:00-00:00,2025-11-22,3,0,Hourly,RU,AS_SP26,DAM,RU_CLR_PRC,0,7
2025-11-22T11:00:00-00:00,2025-11-22T12:00:00-00:00,2025-11-22,4,0,Hourly,RU,AS_NP26_EXP,DAM,RU_CLR_PRC,0.85233,7
2025-11-22T12:00:00-00:00,2025-11-22T13:00:00-00:00,2025-11-22,5,0,Hourly,RU,AS_NP26,DAM,RU_CLR_PRC,0,7
2025-11-22T12:00:00-00:00,2025-11-22T13:00:00-00:00,2025-11-22,5,0,Hourly,RU,AS_SP26,DAM,RU_CLR_PRC,0,7
2025-11-22T15:00:00-00:00,2025-11-22T16:00:00-00:00,2025-11-22,8,0,Hourly,RU,AS_NP26_EXP,DAM,RU_CLR_PRC,0.5,7
2025-11-22T17:00:00-00:00,2025-11-22T18:00:00-00:00,2025-11-22,10,0,Hourly,RU,AS_NP26,DAM,RU_CLR_PRC,0,7
2025-11-22T17:00:00-00:00,2025-11-22T18:00:00-00:00,2025-11-22,10,0,Hourly,RU,AS_NP26_EXP,DAM,RU_CLR_PRC,0,7
2025-11-22T19:00:00-00:00,2025-11-22T20:00:00-00:00,2025-11-22,12,0,Hourly,RU,AS_CAISO_EXP,DAM,RU_CLR_PRC,0.95165,7
2025-11-22T20:00:00-00:00,2025-11-22T21:00:00-00:00,2025-11-22,13,0,Hourly,RU,AS_NP26_EXP,DAM,RU_CLR_PRC,0.58264,7
2025-11-22T20:00:00-00:00,2025-11-22T21:00:00-00:00,2025-11-22,13,0,Hourly,RU,AS_SP26_EXP,DAM,RU_CLR_PRC,0,7
2025-11-22T22:00:00-00:00,2025-11-22T23:00:00-00:00,2025-11-22,15,0,Hourly,RU,AS_NP26,DAM,RU_CLR_PRC,0,7
2025-11-23T00:00:00-00:00,2025-11-23T01:00:00-00:00,2025-11-22,17,0,Hourly,RU,AS_CAISO,DAM,RU_CLR_PRC,0,7
2025-11-23T01:00:00-00:00,2025-11-23T02:00:00-00:00,2025-11-22,18,0,Hourly,RU,AS_SP26,DAM,RU_CLR_PRC,0,7
2025-11-23T03:00:00-00:00,2025-11-23T04:00:00-00:00,2025-11-22,20,0,Hourly,RU,AS_NP26,DAM,RU_CLR_PRC,0,7
2025-11-23T19:00:00-00:00,2025-11-23T20:00:00-00:00,2025-11-23,12,0,Hourly,RU,AS_CAISO,DAM,RU_CLR_PRC,0,8
2025-11-23T19:00:00-00:00,2025-11-23T20:00:00-00:00,2025-11-23,12,0,Hourly,RU,AS_NP26_EXP,DAM,RU_CLR_PRC,1.68817,8
2025-11-23T20:00:00-00:00,2025-11-23T21:00:00-00:00,2025-11-23,13,0,Hourly,RU,AS_CAISO,DAM,RU_CLR_PRC,0,8
2025-11-23T23:00:00-00:00,2025-11-24T00:00:00-00:00,2025-11-23,16,0,Hourly,RU,AS_SP26,DAM,RU_CLR_PRC,0,8
2025-11-24T00:00:00-00:00,2025-11-24T01:00:00-00:00,2025-11-23,17,0,Hourly,RU,AS_NP26_EXP,DAM,RU_CLR_PRC,2.1336,8
2025-11-24T00:00:00-00:00,2025-11-24T01:00:00-00:00,2025-11-23,17,0,Hourly,RU,AS_SP26,DAM,RU_CLR_PRC,0,8
2025-11-24T01:00:00-00:00,2025-11-24T02:00:00-00:00,2025-11-23,18,0,Hourly,RU,AS_CAISO_EXP,DAM,RU_CLR_PRC,1.87533,8
2025-11-24T01:00:00-00:00,2025-11-24T02:00:00-00:00,2025-11-23,18,0,Hourly,RU,AS_SP26,DAM,RU_CLR_PRC,0,8
2025-11-24T02:00:00-00:00,2025-11-24T03:00:00-00:00,2025-11-23,19,0,Hourly,RU,AS_CAISO_EXP,DAM,RU_CLR_PRC,0.56735,8
2025-11-24T02:00:00-00:00,2025-11-24T03:00:00-00:00,2025-11-23,19,0,Hourly,RU,AS_NP26_EXP,DAM,RU_CLR_PRC,2.49497,8
2025-11-24T02:00:00-00:00,2025-11-24T03:00:00-00:00,2025-11-23,19,0,Hourly,RU,AS_SP26_EXP,DAM,RU_CLR_PRC,0,8
2025-11-24T03:00:00-00:00,2025-11-24T04:00:00-00:00,2025-11-23,20,0,Hourly,RU,AS_NP26_EXP,DAM,RU_CLR_PRC,2.77478,8
2025-11-24T04:00:00-00:00,2025-11-24T05:00:00-00:00,2025-11-23,21,0,Hourly,RU,AS_NP26_EXP,DAM,RU_CLR_PRC,1.31147,8
2025-11-24T05:00:00-00:00,2025-11-24T06:00:00-00:00,2025-11-23,22,0,Hourly,RU,AS_NP26,DAM,RU_CLR_PRC,0,8
2025-11-24T07:00:00-00:00,2025-11-24T08:00:00-00:00,2025-11-23,24,0,Hourly,RU,AS_CAISO_EXP,DAM,RU_CLR_PRC,1,8
2025-11-24T07:00:00-00:00,2025-11-24T08:00:00-00:00,2025-11-23,24,0,Hourly,RU,AS_NP26_EXP,DAM,RU_CLR_PRC,1.7,8
2025-11-24T03:00:00-00:00,2025-11-24T04:00:00-00:00,2025-11-23,20,0,Hourly,RU,AS_SP26,DAM,RU_CLR_PRC,0,8
2025-11-24T03:00:00-00:00,2025-11-24T04:00:00-00:00,2025-11-23,20,0,Hourly,RU,AS_SP26_EXP,DAM,RU_CLR_PRC,0,8
2025-11-24T04:00:00-00:00,2025-11-24T05:00:00-00:00,2025-11-23,21,0,Hourly,RU,AS_CAISO_EXP,DAM,RU_CLR_PRC,0.21853,8
2025-11-24T04:00:00-00:00,2025-11-24T05:00:00-00:00,2025-11-23,21,0,Hourly,RU,AS_NP26,DAM,RU_CLR_PRC,0,8
2025-11-24T04:00:00-00:00,2025-11-24T05:00:00-00:00,2025-11-23,21,0,Hourly,RU,AS_SP26_EXP,DAM,RU_CLR_PRC,0,8
2025-11-24T06:00:00-00:00,2025-11-24T07:00:00-00:00,2025-11-23,23,0,Hourly,RU,AS_CAISO_EXP,DAM,RU_CLR_PRC,0.89765,8
2025-11-24T06:00:00-00:00,2025-11-24T07:00:00-00:00,2025-11-23,23,0,Hourly,RU,AS_NP26,DAM,RU_CLR_PRC,0,8
2025-11-23T08:00:00-00:00,2025-11-23T09:00:00-00:00,2025-11-23,1,0,Hourly,RU,AS_NP26,DAM,RU_CLR_PRC,0,8
2025-11-23T11:00:00-00:00,2025-11-23T12:00:00-00:00,2025-11-23,4,0,Hourly,RU,AS_CAISO_EXP,DAM,RU_CLR_PRC,0.5,8
2025-11-23T11:00:00-00:00,2025-11-23T12:00:00-00:00,2025-11-23,4,0,Hourly,RU,AS_SP26_EXP,DAM,RU_CLR_PRC,0,8
2025-11-23T12:00:00-00:00,2025-11-23T13:00:00-00:00,2025-11-23,5,0,Hourly,RU,AS_CAISO,DAM,RU_CLR_PRC,0,8
2025-11-23T14:00:00-00:00,2025-11-23T15:00:00-00:00,2025-11-23,7,0,Hourly,RU,AS_NP26_EXP,DAM,RU_CLR_PRC,0,8
2025-11-23T15:00:00-00:00,2025-11-23T16:00:00-00:00,2025-11-23,8,0,Hourly,RU,AS_SP26,DAM,RU_CLR_PRC,0,8
2025-11-23T17:00:00-00:00,2025-11-23T18:00:00-00:00,2025-11-23,10,0,Hourly,RU,AS_SP26_EXP,DAM,RU_CLR_PRC,0,8
2025-11-23T19:00:00-00:00,2025-11-23T20:00:00-00:00,2025-11-23,12,0,Hourly,RU,AS_SP26,DAM,RU_CLR_PRC,0,8
2025-11-23T23:00:00-00:00,2025-11-24T00:00:00-00:00,2025-11-23,16,0,Hourly,RU,AS_NP26,DAM,RU_CLR_PRC,0,8
2025-11-24T00:00:00-00:00,2025-11-24T01:00:00-00:00,2025-11-23,17,0,Hourly,RU,AS_SP26_EXP,DAM,RU_CLR_PRC,0,8
2025-11-24T02:00:00-00:00,2025-11-24T03:00:00-00:00,2025-11-23,19,0,Hourly,RU,AS_CAISO,DAM,RU_CLR_PRC,0,8
2025-11-24T03:00:00-00:00,2025-11-24T04:00:00-00:00,2025-11-23,20,0,Hourly,RU,AS_CAISO_EXP,DAM,RU_CLR_PRC,0.34881,8
2025-11-24T05:00:00-00:00,2025-11-24T06:00:00-00:00,2025-11-23,22,0,Hourly,RU,AS_CAISO_EXP,DAM,RU_CLR_PRC,0.64,8
2025-11-24T06:00:00-00:00,2025-11-24T07:00:00-00:00,2025-11-23,23,0,Hourly,RU,AS_CAISO,DAM,RU_CLR_PRC,0,8
2025-11-23T10:00:00-00:00,2025-11-23T11:00:00-00:00,2025-11-23,3,0,Hourly,RU,AS_NP26_EXP,DAM,RU_CLR_PRC,0.90622,8
2025-11-23T10:00:00-00:00,2025-11-23T11:00:00-00:00,2025-11-23,3,0,Hourly,RU,AS_SP26,DAM,RU_CLR_PRC,0,8
2025-11-23T12:00:00-00:00,2025-11-23T13:00:00-00:00,2025-11-23,5,0,Hourly,RU,AS_SP26,DAM,RU_CLR_PRC,0,8
2025-11-23T13:00:00-00:00,2025-11-23T14:00:00-00:00,2025-11-23,6,0,Hourly,RU,AS_CAISO,DAM,RU_CLR_PRC,0,8
2025-11-23T14:00:00-00:00,2025-11-23T15:00:00-00:00,2025-11-23,7,0,Hourly,RU,AS_CAISO,DAM,RU_CLR_PRC,0,8
2025-11-23T15:00:00-00:00,2025-11-23T16:00:00-00:00,2025-11-23,8,0,Hourly,RU,AS_CAISO,DAM,RU_CLR_PRC,0,8
2025-11-23T15:00:00-00:00,2025-11-23T16:00:00-00:00,2025-11-23,8,0,Hourly,RU,AS_NP26,DAM,RU_CLR_PRC,0,8
2025-11-23T16:00:00-00:00,2025-11-23T17:00:00-00:00,2025-11-23,9,0,Hourly,RU,AS_NP26,DAM,RU_CLR_PRC,0,8
2025-11-23T16:00:00-00:00,2025-11-23T17:00:00-00:00,2025-11-23,9,0,Hourly,RU,AS_SP26,DAM,RU_CLR_PRC,0,8
2025-11-23T18:00:00-00:00,2025-11-23T19:00:00-00:00,2025-11-23,11,0,Hourly,RU,AS_CAISO,DAM,RU_CLR_PRC,0,8
2025-11-23T18:00:00-00:00,2025-11-23T19:00:00-00:00,2025-11-23,11,0,Hourly,RU,AS_NP26_EXP,DAM,RU_CLR_PRC,0.57252,8
2025-11-23T18:00:00-00:00,2025-11-23T19:00:00-00:00,2025-11-23,11,0,Hourly,RU,AS_SP26_EXP,DAM,RU_CLR_PRC,0,8
2025-11-23T21:00:00-00:00,2025-11-23T22:00:00-00:00,2025-11-23,14,0,Hourly,RU,AS_SP26,DAM,RU_CLR_PRC,0,8
2025-11-23T22:00:00-00:00,2025-11-23T23:00:00-00:00,2025-11-23,15,0,Hourly,RU,AS_SP26_EXP,DAM,RU_CLR_PRC,0,8
2025-11-23T23:00:00-00:00,2025-11-24T00:00:00-00:00,2025-11-23,16,0,Hourly,RU,AS_CAISO,DAM,RU_CLR_PRC,0,8
2025-11-23T23:00:00-00:00,2025-11-24T00:00:00-00:00,2025-11-23,16,0,Hourly,RU,AS_CAISO_EXP,DAM,RU_CLR_PRC,0.59824,8
2025-11-23T23:00:00-00:00,2025-11-24T00:00:00-00:00,2025-11-23,16,0,Hourly,RU,AS_SP26_EXP,DAM,RU_CLR_PRC,0,8
2025-11-24T00:00:00-00:00,2025-11-24T01:00:00-00:00,2025-11-23,17,0,Hourly,RU,AS_NP26,DAM,RU_CLR_PRC,0,8
2025-11-24T02:00:00-00:00,2025-11-24T03:00:00-00:00,2025-11-23,19,0,Hourly,RU,AS_SP26,DAM,RU_CLR_PRC,0,8
2025-11-24T07:00:00-00:00,2025-11-24T08:00:00-00:00,2025-11-23,24,0,Hourly,RU,AS_NP26,DAM,RU_CLR_PRC,0,8
2025-11-23T09:00:00-00:00,2025-11-23T10:00:00-00:00,2025-11-23,2,0,Hourly,RU,AS_NP26,DAM,RU_CLR_PRC,0,8
2025-11-23T10:00:00-00:00,2025-11-23T11:00:00-00:00,2025-11-23,3,0,Hourly,RU,AS_CAISO,DAM,RU_CLR_PRC,0,8
2025-11-23T10:00:00-00:00,2025-11-23T11:00:00-00:00,2025-11-23,3,0,Hourly,RU,AS_NP26,DAM,RU_CLR_PRC,0,8
2025-11-23T15:00:00-00:00,2025-11-23T16:00:00-00:00,2025-11-23,8,0,Hourly,RU,AS_CAISO_EXP,DAM,RU_CLR_PRC,7.21185,8
2025-11-23T15:00:00-00:00,2025-11-23T16:00:00-00:00,2025-11-23,8,0,Hourly,RU,AS_NP26_EXP,DAM,RU_CLR_PRC,0,8
2025-11-23T19:00:00-00:00,2025-11-23T20:00:00-00:00,2025-11-23,12,0,Hourly,RU,AS_SP26_EXP,DAM,RU_CLR_PRC,0,8
2025-11-23T20:00:00-00:00,2025-11-23T21:00:00-00:00,2025-11-23,13,0,Hourly,RU,AS_NP26,DAM,RU_CLR_PRC,0,8
2025-11-23T20:00:00-00:00,2025-11-23T21:00:00-00:00,2025-11-23,13,0,Hourly,RU,AS_SP26,DAM,RU_CLR_PRC,0,8
2025-11-23T21:00:00-00:00,2025-11-23T22:00:00-00:00,2025-11-23,14,0,Hourly,RU,AS_CAISO_EXP,DAM,RU_CLR_PRC,0.17,8
2025-11-23T22:00:00-00:00,2025-11-23T23:00:00-00:00,2025-11-23,15,0,Hourly,RU,AS_NP26,DAM,RU_CLR_PRC,0,8
2025-11-24T00:00:00-00:00,2025-11-24T01:00:00-00:00,2025-11-23,17,0,Hourly,RU,AS_CAISO_EXP,DAM,RU_CLR_PRC,0.99,8
2025-11-24T01:00:00-00:00,2025-11-24T02:00:00-00:00,2025-11-23,18,0,Hourly,RU,AS_CAISO,DAM,RU_CLR_PRC,0,8
2025-11-24T01:00:00-00:00,2025-11-24T02:00:00-00:00,2025-11-23,18,0,Hourly,RU,AS_SP26_EXP,DAM,RU_CLR_PRC,0,8
2025-11-24T05:00:00-00:00,2025-11-24T06:00:00-00:00,2025-11-23,22,0,Hourly,RU,AS_CAISO,DAM,RU_CLR_PRC,0,8
2025-11-24T05:00:00-00:00,2025-11-24T06:00:00-00:00,2025-11-23,22,0,Hourly,RU,AS_SP26_EXP,DAM,RU_CLR_PRC,0,8
2025-11-24T06:00:00-00:00,2025-11-24T07:00:00-00:00,2025-11-23,23,0,Hourly,RU,AS_SP26,DAM,RU_CLR_PRC,0,8
2025-11-23T08:00:00-00:00,2025-11-23T09:00:00-00:00,2025-11-23,1,0,Hourly,RU,AS_NP26_EXP,DAM,RU_CLR_PRC,0.5,8
2025-11-23T09:00:00-00:00,2025-11-23T10:00:00-00:00,2025-11-23,2,0,Hourly,RU,AS_SP26_EXP,DAM,RU_CLR_PRC,0,8
2025-11-23T11:00:00-00:00,2025-11-23T12:00:00-00:00,2025-11-23,4,0,Hourly,RU,AS_SP26,DAM,RU_CLR_PRC,0,8
2025-11-23T13:00:00-00:00,2025-11-23T14:00:00-00:00,2025-11-23,6,0,Hourly,RU,AS_NP26_EXP,DAM,RU_CLR_PRC,0.17203,8
2025-11-23T16:00:00-00:00,2025-11-23T17:00:00-00:00,2025-11-23,9,0,Hourly,RU,AS_NP26_EXP,DAM,RU_CLR_PRC,0.08603,8
2025-11-23T17:00:00-00:00,2025-11-23T18:00:00-00:00,2025-11-23,10,0,Hourly,RU,AS_CAISO,DAM,RU_CLR_PRC,0,8
2025-11-23T17:00:00-00:00,2025-11-23T18:00:00-00:00,2025-11-23,10,0,Hourly,RU,AS_CAISO_EXP,DAM,RU_CLR_PRC,3.10554,8
2025-11-23T09:00:00-00:00,2025-11-23T10:00:00-00:00,2025-11-23,2,0,Hourly,RU,AS_CAISO,DAM,RU_CLR_PRC,0,8
2025-11-23T10:00:00-00:00,2025-11-23T11:00:00-00:00,2025-11-23,3,0,Hourly,RU,AS_SP26_EXP,DAM,RU_CLR_PRC,0,8
2025-11-23T14:00:00-00:00,2025-11-23T15:00:00-00:00,2025-11-23,7,0,Hourly,RU,AS_SP26_EXP,DAM,RU_CLR_PRC,1.05,8
2025-11-23T16:00:00-00:00,2025-11-23T17:00:00-00:00,2025-11-23,9,0,Hourly,RU,AS_CAISO,DAM,RU_CLR_PRC,0,8
2025-11-23T17:00:00-00:00,2025-11-23T18:00:00-00:00,2025-11-23,10,0,Hourly,RU,AS_NP26,DAM,RU_CLR_PRC,0,8
2025-11-23T19:00:00-00:00,2025-11-23T20:00:00-00:00,2025-11-23,12,0,Hourly,RU,AS_CAISO_EXP,DAM,RU_CLR_PRC,0.17,8
2025-11-23T20:00:00-00:00,2025-11-23T21:00:00-00:00,2025-11-23,13,0,Hourly,RU,AS_NP26_EXP,DAM,RU_CLR_PRC,0.46537,8
2025-11-23T22:00:00-00:00,2025-11-23T23:00:00-00:00,2025-11-23,15,0,Hourly,RU,AS_CAISO,DAM,RU_CLR_PRC,0,8
2025-11-24T00:00:00-00:00,2025-11-24T01:00:00-00:00,2025-11-23,17,0,Hourly,RU,AS_CAISO,DAM,RU_CLR_PRC,0,8
2025-11-24T01:00:00-00:00,2025-11-24T02:00:00-00:00,2025-11-23,18,0,Hourly,RU,AS_NP26,DAM,RU_CLR_PRC,0,8
2025-11-24T04:00:00-00:00,2025-11-24T05:00:00-00:00,2025-11-23,21,0,Hourly,RU,AS_CAISO,DAM,RU_CLR_PRC,0,8
2025-11-24T04:00:00-00:00,2025-11-24T05:00:00-00:00,2025-11-23,21,0,Hourly,RU,AS_SP26,DAM,RU_CLR_PRC,0,8
2025-11-24T06:00:00-00:00,2025-11-24T07:00:00-00:00,2025-11-23,23,0,Hourly,RU,AS_NP26_EXP,DAM,RU_CLR_PRC,0.60235,8
2025-11-24T06:00:00-00:00,2025-11-24T07:00:00-00:00,2025-11-23,23,0,Hourly,RU,AS_SP26_EXP,DAM,RU_CLR_PRC,0,8
2025-11-24T07:00:00-00:00,2025-11-24T08:00:00-00:00,2025-11-23,24,0,Hourly,RU,AS_SP26_EXP,DAM,RU_CLR_PRC,0,8
2025-11-23T08:00:00-00:00,2025-11-23T09:00:00-00:00,2025-11-23,1,0,Hourly,RU,AS_CAISO_EXP,DAM,RU_CLR_PRC,1.53542,8
2025-11-23T12:00:00-00:00,2025-11-23T13:00:00-00:00,2025-11-23,5,0,Hourly,RU,AS_NP26,DAM,RU_CLR_PRC,0,8
2025-11-23T12:00:00-00:00,2025-11-23T13:00:00-00:00,2025-11-23,5,0,Hourly,RU,AS_NP26_EXP,DAM,RU_CLR_PRC,0.919,8
2025-11-23T13:00:00-00:00,2025-11-23T14:00:00-00:00,2025-11-23,6,0,Hourly,RU,AS_CAISO_EXP,DAM,RU_CLR_PRC,0.47662,8
2025-11-23T13:00:00-00:00,2025-11-23T14:00:00-00:00,2025-11-23,6,0,Hourly,RU,AS_SP26_EXP,DAM,RU_CLR_PRC,0,8
2025-11-23T14:00:00-00:00,2025-11-23T15:00:00-00:00,2025-11-23,7,0,Hourly,RU,AS_SP26,DAM,RU_CLR_PRC,0,8
2025-11-23T18:00:00-00:00,2025-11-23T19:00:00-00:00,2025-11-23,11,0,Hourly,RU,AS_NP26,DAM,RU_CLR_PRC,0,8
2025-11-23T20:00:00-00:00,2025-11-23T21:00:00-00:00,2025-11-23,13,0,Hourly,RU,AS_SP26_EXP,DAM,RU_CLR_PRC,0,8
2025-11-23T21:00:00-00:00,2025-11-23T22:00:00-00:00,2025-11-23,14,0,Hourly,RU,AS_NP26,DAM,RU_CLR_PRC,0,8
2025-11-23T21:00:00-00:00,2025-11-23T22:00:00-00:00,2025-11-23,14,0,Hourly,RU,AS_SP26_EXP,DAM,RU_CLR_PRC,0,8
2025-11-24T01:00:00-00:00,2025-11-24T02:00:00-00:00,2025-11-23,18,0,Hourly,RU,AS_NP26_EXP,DAM,RU_CLR_PRC,4.57161,8
2025-11-24T05:00:00-00:00,2025-11-24T06:00:00-00:00,2025-11-23,22,0,Hourly,RU,AS_NP26_EXP,DAM,RU_CLR_PRC,2.4836,8
2025-11-24T07:00:00-00:00,2025-11-24T08:00:00-00:00,2025-11-23,24,0,Hourly,RU,AS_CAISO,DAM,RU_CLR_PRC,0,8
2025-11-24T07:00:00-00:00,2025-11-24T08:00:00-00:00,2025-11-23,24,0,Hourly,RU,AS_SP26,DAM,RU_CLR_PRC,0,8
2025-11-23T08:00:00-00:00,2025-11-23T09:00:00-00:00,2025-11-23,1,0,Hourly,RU,AS_CAISO,DAM,RU_CLR_PRC,0,8
2025-11-23T08:00:00-00:00,2025-11-23T09:00:00-00:00,2025-11-23,1,0,Hourly,RU,AS_SP26,DAM,RU_CLR_PRC,0,8
2025-11-23T09:00:00-00:00,2025-11-23T10:00:00-00:00,2025-11-23,2,0,Hourly,RU,AS_CAISO_EXP,DAM,RU_CLR_PRC,0.82855,8
2025-11-23T09:00:00-00:00,2025-11-23T10:00:00-00:00,2025-11-23,2,0,Hourly,RU,AS_SP26,DAM,RU_CLR_PRC,0,8
2025-11-23T11:00:00-00:00,2025-11-23T12:00:00-00:00,2025-11-23,4,0,Hourly,RU,AS_NP26_EXP,DAM,RU_CLR_PRC,0.6065,8
2025-11-23T12:00:00-00:00,2025-11-23T13:00:00-00:00,2025-11-23,5,0,Hourly,RU,AS_CAISO_EXP,DAM,RU_CLR_PRC,0.3,8
2025-11-23T12:00:00-00:00,2025-11-23T13:00:00-00:00,2025-11-23,5,0,Hourly,RU,AS_SP26_EXP,DAM,RU_CLR_PRC,0,8
2025-11-23T13:00:00-00:00,2025-11-23T14:00:00-00:00,2025-11-23,6,0,Hourly,RU,AS_NP26,DAM,RU_CLR_PRC,0,8
2025-11-23T14:00:00-00:00,2025-11-23T15:00:00-00:00,2025-11-23,7,0,Hourly,RU,AS_CAISO_EXP,DAM,RU_CLR_PRC,2.7,8
2025-11-23T16:00:00-00:00,2025-11-23T17:00:00-00:00,2025-11-23,9,0,Hourly,RU,AS_CAISO_EXP,DAM,RU_CLR_PRC,3.23897,8
2025-11-23T16:00:00-00:00,2025-11-23T17:00:00-00:00,2025-11-23,9,0,Hourly,RU,AS_SP26_EXP,DAM,RU_CLR_PRC,0,8
2025-11-23T17:00:00-00:00,2025-11-23T18:00:00-00:00,2025-11-23,10,0,Hourly,RU,AS_SP26,DAM,RU_CLR_PRC,0,8
2025-11-23T18:00:00-00:00,2025-11-23T19:00:00-00:00,2025-11-23,11,0,Hourly,RU,AS_SP26,DAM,RU_CLR_PRC,0,8
2025-11-23T21:00:00-00:00,2025-11-23T22:00:00-00:00,2025-11-23,14,0,Hourly,RU,AS_NP26_EXP,DAM,RU_CLR_PRC,1.83,8
2025-11-23T22:00:00-00:00,2025-11-23T23:00:00-00:00,2025-11-23,15,0,Hourly,RU,AS_CAISO_EXP,DAM,RU_CLR_PRC,0.17,8
2025-11-23T22:00:00-00:00,2025-11-23T23:00:00-00:00,2025-11-23,15,0,Hourly,RU,AS_SP26,DAM,RU_CLR_PRC,0,8
2025-11-23T23:00:00-00:00,2025-11-24T00:00:00-00:00,2025-11-23,16,0,Hourly,RU,AS_NP26_EXP,DAM,RU_CLR_PRC,2.8062,8
2025-11-24T02:00:00-00:00,2025-11-24T03:00:00-00:00,2025-11-23,19,0,Hourly,RU,AS_NP26,DAM,RU_CLR_PRC,0,8
2025-11-24T03:00:00-00:00,2025-11-24T04:00:00-00:00,2025-11-23,20,0,Hourly,RU,AS_NP26,DAM,RU_CLR_PRC,0,8
2025-11-24T05:00:00-00:00,2025-11-24T06:00:00-00:00,2025-11-23,22,0,Hourly,RU,AS_SP26,DAM,RU_CLR_PRC,0,8
2025-11-23T08:00:00-00:00,2025-11-23T09:00:00-00:00,2025-11-23,1,0,Hourly,RU,AS_SP26_EXP,DAM,RU_CLR_PRC,0,8
2025-11-23T09:00:00-00:00,2025-11-23T10:00:00-00:00,2025-11-23,2,0,Hourly,RU,AS_NP26_EXP,DAM,RU_CLR_PRC,0.89637,8
2025-11-23T10:00:00-00:00,2025-11-23T11:00:00-00:00,2025-11-23,3,0,Hourly,RU,AS_CAISO_EXP,DAM,RU_CLR_PRC,0.5,8
2025-11-23T11:00:00-00:00,2025-11-23T12:00:00-00:00,2025-11-23,4,0,Hourly,RU,AS_CAISO,DAM,RU_CLR_PRC,0,8
2025-11-23T11:00:00-00:00,2025-11-23T12:00:00-00:00,2025-11-23,4,0,Hourly,RU,AS_NP26,DAM,RU_CLR_PRC,0,8
2025-11-23T13:00:00-00:00,2025-11-23T14:00:00-00:00,2025-11-23,6,0,Hourly,RU,AS_SP26,DAM,RU_CLR_PRC,0,8
2025-11-23T14:00:00-00:00,2025-11-23T15:00:00-00:00,2025-11-23,7,0,Hourly,RU,AS_NP26,DAM,RU_CLR_PRC,0,8
2025-11-23T15:00:00-00:00,2025-11-23T16:00:00-00:00,2025-11-23,8,0,Hourly,RU,AS_SP26_EXP,DAM,RU_CLR_PRC,1.42854,8
2025-11-23T17:00:00-00:00,2025-11-23T18:00:00-00:00,2025-11-23,10,0,Hourly,RU,AS_NP26_EXP,DAM,RU_CLR_PRC,0.13,8
2025-11-23T18:00:00-00:00,2025-11-23T19:00:00-00:00,2025-11-23,11,0,Hourly,RU,AS_CAISO_EXP,DAM,RU_CLR_PRC,0.17,8
2025-11-23T19:00:00-00:00,2025-11-23T20:00:00-00:00,2025-11-23,12,0,Hourly,RU,AS_NP26,DAM,RU_CLR_PRC,0,8
2025-11-23T20:00:00-00:00,2025-11-23T21:00:00-00:00,2025-11-23,13,0,Hourly,RU,AS_CAISO_EXP,DAM,RU_CLR_PRC,0.17,8
2025-11-23T21:00:00-00:00,2025-11-23T22:00:00-00:00,2025-11-23,14,0,Hourly,RU,AS_CAISO,DAM,RU_CLR_PRC,0,8
2025-11-23T22:00:00-00:00,2025-11-23T23:00:00-00:00,2025-11-23,15,0,Hourly,RU,AS_NP26_EXP,DAM,RU_CLR_PRC,1.83,8
2025-11-24T03:00:00-00:00,2025-11-24T04:00:00-00:00,2025-11-23,20,0,Hourly,RU,AS_CAISO,DAM,RU_CLR_PRC,0,8
2025-11-24T16:00:00-00:00,2025-11-24T17:00:00-00:00,2025-11-24,9,0,Hourly,RU,AS_CAISO,DAM,RU_CLR_PRC,0,9
2025-11-24T19:00:00-00:00,2025-11-24T20:00:00-00:00,2025-11-24,12,0,Hourly,RU,AS_CAISO_EXP,DAM,RU_CLR_PRC,0.17475,9
2025-11-24T20:00:00-00:00,2025-11-24T21:00:00-00:00,2025-11-24,13,0,Hourly,RU,AS_SP26,DAM,RU_CLR_PRC,0,9
2025-11-24T21:00:00-00:00,2025-11-24T22:00:00-00:00,2025-11-24,14,0,Hourly,RU,AS_NP26,DAM,RU_CLR_PRC,0,9
2025-11-24T22:00:00-00:00,2025-11-24T23:00:00-00:00,2025-11-24,15,0,Hourly,RU,AS_NP26,DAM,RU_CLR_PRC,0,9
2025-11-24T23:00:00-00:00,2025-11-25T00:00:00-00:00,2025-11-24,16,0,Hourly,RU,AS_SP26,DAM,RU_CLR_PRC,0,9
2025-11-25T00:00:00-00:00,2025-11-25T01:00:00-00:00,2025-11-24,17,0,Hourly,RU,AS_CAISO,DAM,RU_CLR_PRC,0,9
2025-11-25T00:00:00-00:00,2025-11-25T01:00:00-00:00,2025-11-24,17,0,Hourly,RU,AS_NP26_EXP,DAM,RU_CLR_PRC,1.42312,9
2025-11-25T02:00:00-00:00,2025-11-25T03:00:00-00:00,2025-11-24,19,0,Hourly,RU,AS_CAISO_EXP,DAM,RU_CLR_PRC,0.53011,9
2025-11-25T02:00:00-00:00,2025-11-25T03:00:00-00:00,2025-11-24,19,0,Hourly,RU,AS_NP26_EXP,DAM,RU_CLR_PRC,1.05,9
2025-11-25T03:00:00-00:00,2025-11-25T04:00:00-00:00,2025-11-24,20,0,Hourly,RU,AS_NP26_EXP,DAM,RU_CLR_PRC,0.92685,9
2025-11-25T04:00:00-00:00,2025-11-25T05:00:00-00:00,2025-11-24,21,0,Hourly,RU,AS_NP26_EXP,DAM,RU_CLR_PRC,1.23861,9
2025-11-25T05:00:00-00:00,2025-11-25T06:00:00-00:00,2025-11-24,22,0,Hourly,RU,AS_NP26,DAM,RU_CLR_PRC,0,9
2025-11-25T05:00:00-00:00,2025-11-25T06:00:00-00:00,2025-11-24,22,0,Hourly,RU,AS_NP26_EXP,DAM,RU_CLR_PRC,0.61062,9
2025-11-25T05:00:00-00:00,2025-11-25T06:00:00-00:00,2025-11-24,22,0,Hourly,RU,AS_SP26,DAM,RU_CLR_PRC,0,9
2025-11-25T06:00:00-00:00,2025-11-25T07:00:00-00:00,2025-11-24,23,0,Hourly,RU,AS_NP26_EXP,DAM,RU_CLR_PRC,0.39731,9
2025-11-25T05:00:00-00:00,2025-11-25T06:00:00-00:00,2025-11-24,22,0,Hourly,RU,AS_SP26_EXP,DAM,RU_CLR_PRC,0,9
2025-11-25T06:00:00-00:00,2025-11-25T07:00:00-00:00,2025-11-24,23,0,Hourly,RU,AS_CAISO,DAM,RU_CLR_PRC,0,9
2025-11-25T06:00:00-00:00,2025-11-25T07:00:00-00:00,2025-11-24,23,0,Hourly,RU,AS_CAISO_EXP,DAM,RU_CLR_PRC,1,9
2025-11-25T07:00:00-00:00,2025-11-25T08:00:00-00:00,2025-11-24,24,0,Hourly,RU,AS_NP26,DAM,RU_CLR_PRC,0,9
2025-11-24T08:00:00-00:00,2025-11-24T09:00:00-00:00,2025-11-24,1,0,Hourly,RU,AS_NP26_EXP,DAM,RU_CLR_PRC,0.12299,9
2025-11-24T08:00:00-00:00,2025-11-24T09:00:00-00:00,2025-11-24,1,0,Hourly,RU,AS_SP26_EXP,DAM,RU_CLR_PRC,0,9
2025-11-24T11:00:00-00:00,2025-11-24T12:00:00-00:00,2025-11-24,4,0,Hourly,RU,AS_SP26_EXP,DAM,RU_CLR_PRC,0,9
2025-11-24T12:00:00-00:00,2025-11-24T13:00:00-00:00,2025-11-24,5,0,Hourly,RU,AS_CAISO,DAM,RU_CLR_PRC,0,9
2025-11-24T12:00:00-00:00,2025-11-24T13:00:00-00:00,2025-11-24,5,0,Hourly,RU,AS_SP26,DAM,RU_CLR_PRC,0,9
2025-11-24T15:00:00-00:00,2025-11-24T16:00:00-00:00,2025-11-24,8,0,Hourly,RU,AS_CAISO,DAM,RU_CLR_PRC,0,9
2025-11-24T15:00:00-00:00,2025-11-24T16:00:00-00:00,2025-11-24,8,0,Hourly,RU,AS_SP26,DAM,RU_CLR_PRC,0,9
2025-11-24T16:00:00-00:00,2025-11-24T17:00:00-00:00,2025-11-24,9,0,Hourly,RU,AS_CAISO_EXP,DAM,RU_CLR_PRC,3.74,9
2025-11-24T17:00:00-00:00,2025-11-24T18:00:00-00:00,2025-11-24,10,0,Hourly,RU,AS_CAISO_EXP,DAM,RU_CLR_PRC,0.17,9
2025-11-24T17:00:00-00:00,2025-11-24T18:00:00-00:00,2025-11-24,10,0,Hourly,RU,AS_SP26,DAM,RU_CLR_PRC,0,9
2025-11-24T18:00:00-00:00,2025-11-24T19:00:00-00:00,2025-11-24,11,0,Hourly,RU,AS_SP26_EXP,DAM,RU_CLR_PRC,0,9
2025-11-24T19:00:00-00:00,2025-11-24T20:00:00-00:00,2025-11-24,12,0,Hourly,RU,AS_NP26,DAM,RU_CLR_PRC,0,9
2025-11-24T20:00:00-00:00,2025-11-24T21:00:00-00:00,2025-11-24,13,0,Hourly,RU,AS_CAISO,DAM,RU_CLR_PRC,0,9
2025-11-24T21:00:00-00:00,2025-11-24T22:00:00-00:00,2025-11-24,14,0,Hourly,RU,AS_CAISO,DAM,RU_CLR_PRC,0,9
2025-11-24T23:00:00-00:00,2025-11-25T00:00:00-00:00,2025-11-24,16,0,Hourly,RU,AS_CAISO,DAM,RU_CLR_PRC,0,9
2025-11-25T00:00:00-00:00,2025-11-25T01:00:00-00:00,2025-11-24,17,0,Hourly,RU,AS_SP26_EXP,DAM,RU_CLR_PRC,0,9
2025-11-25T01:00:00-00:00,2025-11-25T02:00:00-00:00,2025-11-24,18,0,Hourly,RU,AS_SP26_EXP,DAM,RU_CLR_PRC,0,9
2025-11-25T02:00:00-00:00,2025-11-25T03:00:00-00:00,2025-11-24,19,0,Hourly,RU,AS_NP26,DAM,RU_CLR_PRC,0,9
2025-11-25T03:00:00-00:00,2025-11-25T04:00:00-00:00,2025-11-24,20,0,Hourly,RU,AS_SP26,DAM,RU_CLR_PRC,0,9
2025-11-25T03:00:00-00:00,2025-11-25T04:00:00-00:00,2025-11-24,20,0,Hourly,RU,AS_SP26_EXP,DAM,RU_CLR_PRC,0,9
2025-11-25T04:00:00-00:00,2025-11-25T05:00:00-00:00,2025-11-24,21,0,Hourly,RU,AS_NP26,DAM,RU_CLR_PRC,0,9
2025-11-25T04:00:00-00:00,2025-11-25T05:00:00-00:00,2025-11-24,21,0,Hourly,RU,AS_SP26,DAM,RU_CLR_PRC,0,9
2025-11-25T05:00:00-00:00,2025-11-25T06:00:00-00:00,2025-11-24,22,0,Hourly,RU,AS_CAISO_EXP,DAM,RU_CLR_PRC,0.76367,9
2025-11-25T06:00:00-00:00,2025-11-25T07:00:00-00:00,2025-11-24,23,0,Hourly,RU,AS_NP26,DAM,RU_CLR_PRC,0,9
2025-11-25T07:00:00-00:00,2025-11-25T08:00:00-00:00,2025-11-24,24,0,Hourly,RU,AS_CAISO_EXP,DAM,RU_CLR_PRC,2,9
2025-11-24T09:00:00-00:00,2025-11-24T10:00:00-00:00,2025-11-24,2,0,Hourly,RU,AS_CAISO,DAM,RU_CLR_PRC,0,9
2025-11-24T10:00:00-00:00,2025-11-24T11:00:00-00:00,2025-11-24,3,0,Hourly,RU,AS_CAISO,DAM,RU_CLR_PRC,0,9
2025-11-24T11:00:00-00:00,2025-11-24T12:00:00-00:00,2025-11-24,4,0,Hourly,RU,AS_SP26,DAM,RU_CLR_PRC,0,9
2025-11-24T13:00:00-00:00,2025-11-24T14:00:00-00:00,2025-11-24,6,0,Hourly,RU,AS_CAISO,DAM,RU_CLR_PRC,0,9
2025-11-24T15:00:00-00:00,2025-11-24T16:00:00-00:00,2025-11-24,8,0,Hourly,RU,AS_SP26_EXP,DAM,RU_CLR_PRC,1.24,9
2025-11-24T16:00:00-00:00,2025-11-24T17:00:00-00:00,2025-11-24,9,0,Hourly,RU,AS_NP26,DAM,RU_CLR_PRC,0,9
2025-11-24T16:00:00-00:00,2025-11-24T17:00:00-00:00,2025-11-24,9,0,Hourly,RU,AS_NP26_EXP,DAM,RU_CLR_PRC,0,9
2025-11-24T23:00:00-00:00,2025-11-25T00:00:00-00:00,2025-11-24,16,0,Hourly,RU,AS_SP26_EXP,DAM,RU_CLR_PRC,0,9
2025-11-25T02:00:00-00:00,2025-11-25T03:00:00-00:00,2025-11-24,19,0,Hourly,RU,AS_CAISO,DAM,RU_CLR_PRC,0,9
2025-11-25T03:00:00-00:00,2025-11-25T04:00:00-00:00,2025-11-24,20,0,Hourly,RU,AS_CAISO,DAM,RU_CLR_PRC,0,9
2025-11-25T03:00:00-00:00,2025-11-25T04:00:00-00:00,2025-11-24,20,0,Hourly,RU,AS_CAISO_EXP,DAM,RU_CLR_PRC,0.42512,9
2025-11-25T04:00:00-00:00,2025-11-25T05:00:00-00:00,2025-11-24,21,0,Hourly,RU,AS_CAISO,DAM,RU_CLR_PRC,0,9
2025-11-25T04:00:00-00:00,2025-11-25T05:00:00-00:00,2025-11-24,21,0,Hourly,RU,AS_CAISO_EXP,DAM,RU_CLR_PRC,0.19218,9
2025-11-25T06:00:00-00:00,2025-11-25T07:00:00-00:00,2025-11-24,23,0,Hourly,RU,AS_SP26_EXP,DAM,RU_CLR_PRC,0,9
2025-11-24T08:00:00-00:00,2025-11-24T09:00:00-00:00,2025-11-24,1,0,Hourly,RU,AS_CAISO_EXP,DAM,RU_CLR_PRC,0.94,9
2025-11-24T09:00:00-00:00,2025-11-24T10:00:00-00:00,2025-11-24,2,0,Hourly,RU,AS_SP26_EXP,DAM,RU_CLR_PRC,0,9
2025-11-24T13:00:00-00:00,2025-11-24T14:00:00-00:00,2025-11-24,6,0,Hourly,RU,AS_SP26_EXP,DAM,RU_CLR_PRC,0,9
2025-11-24T14:00:00-00:00,2025-11-24T15:00:00-00:00,2025-11-24,7,0,Hourly,RU,AS_NP26,DAM,RU_CLR_PRC,0,9
2025-11-24T15:00:00-00:00,2025-11-24T16:00:00-00:00,2025-11-24,8,0,Hourly,RU,AS_CAISO_EXP,DAM,RU_CLR_PRC,2.5,9
2025-11-24T17:00:00-00:00,2025-11-24T18:00:00-00:00,2025-11-24,10,0,Hourly,RU,AS_CAISO,DAM,RU_CLR_PRC,0,9
2025-11-24T17:00:00-00:00,2025-11-24T18:00:00-00:00,2025-11-24,10,0,Hourly,RU,AS_NP26,DAM,RU_CLR_PRC,0,9
2025-11-24T17:00:00-00:00,2025-11-24T18:00:00-00:00,2025-11-24,10,0,Hourly,RU,AS_NP26_EXP,DAM,RU_CLR_PRC,1.16623,9
2025-11-24T18:00:00-00:00,2025-11-24T19:00:00-00:00,2025-11-24,11,0,Hourly,RU,AS_CAISO,DAM,RU_CLR_PRC,0,9
2025-11-24T18:00:00-00:00,2025-11-24T19:00:00-00:00,2025-11-24,11,0,Hourly,RU,AS_CAISO_EXP,DAM,RU_CLR_PRC,0.17,9
2025-11-24T19:00:00-00:00,2025-11-24T20:00:00-00:00,2025-11-24,12,0,Hourly,RU,AS_CAISO,DAM,RU_CLR_PRC,0,9
2025-11-24T21:00:00-00:00,2025-11-24T22:00:00-00:00,2025-11-24,14,0,Hourly,RU,AS_SP26_EXP,DAM,RU_CLR_PRC,0,9
2025-11-24T22:00:00-00:00,2025-11-24T23:00:00-00:00,2025-11-24,15,0,Hourly,RU,AS_CAISO,DAM,RU_CLR_PRC,0,9
2025-11-24T22:00:00-00:00,2025-11-24T23:00:00-00:00,2025-11-24,15,0,Hourly,RU,AS_CAISO_EXP,DAM,RU_CLR_PRC,0.17,9
2025-11-24T23:00:00-00:00,2025-11-25T00:00:00-00:00,2025-11-24,16,0,Hourly,RU,AS_NP26_EXP,DAM,RU_CLR_PRC,0.55,9
2025-11-25T01:00:00-00:00,2025-11-25T02:00:00-00:00,2025-11-24,18,0,Hourly,RU,AS_NP26,DAM,RU_CLR_PRC,0,9
2025-11-25T04:00:00-00:00,2025-11-25T05:00:00-00:00,2025-11-24,21,0,Hourly,RU,AS_SP26_EXP,DAM,RU_CLR_PRC,0,9
2025-11-25T07:00:00-00:00,2025-11-25T08:00:00-00:00,2025-11-24,24,0,Hourly,RU,AS_NP26_EXP,DAM,RU_CLR_PRC,0.5,9
2025-11-25T07:00:00-00:00,2025-11-25T08:00:00-00:00,2025-11-24,24,0,Hourly,RU,AS_CAISO,DAM,RU_CLR_PRC,0,9
2025-11-24T08:00:00-00:00,2025-11-24T09:00:00-00:00,2025-11-24,1,0,Hourly,RU,AS_SP26,DAM,RU_CLR_PRC,0,9
2025-11-24T10:00:00-00:00,2025-11-24T11:00:00-00:00,2025-11-24,3,0,Hourly,RU,AS_NP26_EXP,DAM,RU_CLR_PRC,0.82474,9
2025-11-24T09:00:00-00:00,2025-11-24T10:00:00-00:00,2025-11-24,2,0,Hourly,RU,AS_CAISO_EXP,DAM,RU_CLR_PRC,0.59,9
2025-11-24T09:00:00-00:00,2025-11-24T10:00:00-00:00,2025-11-24,2,0,Hourly,RU,AS_NP26,DAM,RU_CLR_PRC,0,9
2025-11-24T09:00:00-00:00,2025-11-24T10:00:00-00:00,2025-11-24,2,0,Hourly,RU,AS_SP26,DAM,RU_CLR_PRC,0,9
2025-11-24T12:00:00-00:00,2025-11-24T13:00:00-00:00,2025-11-24,5,0,Hourly,RU,AS_NP26_EXP,DAM,RU_CLR_PRC,0.12406,9
2025-11-24T14:00:00-00:00,2025-11-24T15:00:00-00:00,2025-11-24,7,0,Hourly,RU,AS_CAISO_EXP,DAM,RU_CLR_PRC,1,9
2025-11-24T14:00:00-00:00,2025-11-24T15:00:00-00:00,2025-11-24,7,0,Hourly,RU,AS_NP26_EXP,DAM,RU_CLR_PRC,0,9
2025-11-24T15:00:00-00:00,2025-11-24T16:00:00-00:00,2025-11-24,8,0,Hourly,RU,AS_NP26,DAM,RU_CLR_PRC,0,9
2025-11-24T15:00:00-00:00,2025-11-24T16:00:00-00:00,2025-11-24,8,0,Hourly,RU,AS_NP26_EXP,DAM,RU_CLR_PRC,0,9
2025-11-24T16:00:00-00:00,2025-11-24T17:00:00-00:00,2025-11-24,9,0,Hourly,RU,AS_SP26_EXP,DAM,RU_CLR_PRC,0,9
2025-11-24T19:00:00-00:00,2025-11-24T20:00:00-00:00,2025-11-24,12,0,Hourly,RU,AS_NP26_EXP,DAM,RU_CLR_PRC,1.21351,9
2025-11-24T19:00:00-00:00,2025-11-24T20:00:00-00:00,2025-11-24,12,0,Hourly,RU,AS_SP26,DAM,RU_CLR_PRC,0,9
2025-11-24T20:00:00-00:00,2025-11-24T21:00:00-00:00,2025-11-24,13,0,Hourly,RU,AS_SP26_EXP,DAM,RU_CLR_PRC,0,9
2025-11-24T21:00:00-00:00,2025-11-24T22:00:00-00:00,2025-11-24,14,0,Hourly,RU,AS_SP26,DAM,RU_CLR_PRC,0,9
2025-11-24T23:00:00-00:00,2025-11-25T00:00:00-00:00,2025-11-24,16,0,Hourly,RU,AS_NP26,DAM,RU_CLR_PRC,0,9
2025-11-25T01:00:00-00:00,2025-11-25T02:00:00-00:00,2025-11-24,18,0,Hourly,RU,AS_CAISO_EXP,DAM,RU_CLR_PRC,2.04106,9
2025-11-25T01:00:00-00:00,2025-11-25T02:00:00-00:00,2025-11-24,18,0,Hourly,RU,AS_SP26,DAM,RU_CLR_PRC,0,9
2025-11-25T02:00:00-00:00,2025-11-25T03:00:00-00:00,2025-11-24,19,0,Hourly,RU,AS_SP26,DAM,RU_CLR_PRC,0,9
2025-11-24T08:00:00-00:00,2025-11-24T09:00:00-00:00,2025-11-24,1,0,Hourly,RU,AS_CAISO,DAM,RU_CLR_PRC,0,9
2025-11-24T10:00:00-00:00,2025-11-24T11:00:00-00:00,2025-11-24,3,0,Hourly,RU,AS_SP26_EXP,DAM,RU_CLR_PRC,0,9
2025-11-24T11:00:00-00:00,2025-11-24T12:00:00-00:00,2025-11-24,4,0,Hourly,RU,AS_NP26_EXP,DAM,RU_CLR_PRC,0.52456,9
2025-11-24T13:00:00-00:00,2025-11-24T14:00:00-00:00,2025-11-24,6,0,Hourly,RU,AS_NP26_EXP,DAM,RU_CLR_PRC,0,9
2025-11-24T13:00:00-00:00,2025-11-24T14:00:00-00:00,2025-11-24,6,0,Hourly,RU,AS_SP26,DAM,RU_CLR_PRC,0,9
2025-11-24T14:00:00-00:00,2025-11-24T15:00:00-00:00,2025-11-24,7,0,Hourly,RU,AS_CAISO,DAM,RU_CLR_PRC,0,9
2025-11-24T16:00:00-00:00,2025-11-24T17:00:00-00:00,2025-11-24,9,0,Hourly,RU,AS_SP26,DAM,RU_CLR_PRC,0,9
2025-11-24T18:00:00-00:00,2025-11-24T19:00:00-00:00,2025-11-24,11,0,Hourly,RU,AS_NP26,DAM,RU_CLR_PRC,0,9
2025-11-24T18:00:00-00:00,2025-11-24T19:00:00-00:00,2025-11-24,11,0,Hourly,RU,AS_NP26_EXP,DAM,RU_CLR_PRC,0.98932,9
2025-11-24T19:00:00-00:00,2025-11-24T20:00:00-00:00,2025-11-24,12,0,Hourly,RU,AS_SP26_EXP,DAM,RU_CLR_PRC,0,9
2025-11-24T20:00:00-00:00,2025-11-24T21:00:00-00:00,2025-11-24,13,0,Hourly,RU,AS_NP26,DAM,RU_CLR_PRC,0,9
2025-11-24T21:00:00-00:00,2025-11-24T22:00:00-00:00,2025-11-24,14,0,Hourly,RU,AS_CAISO_EXP,DAM,RU_CLR_PRC,0.17,9
2025-11-24T21:00:00-00:00,2025-11-24T22:00:00-00:00,2025-11-24,14,0,Hourly,RU,AS_NP26_EXP,DAM,RU_CLR_PRC,0.96305,9
2025-11-24T22:00:00-00:00,2025-11-24T23:00:00-00:00,2025-11-24,15,0,Hourly,RU,AS_NP26_EXP,DAM,RU_CLR_PRC,0.77915,9
2025-11-25T00:00:00-00:00,2025-11-25T01:00:00-00:00,2025-11-24,17,0,Hourly,RU,AS_CAISO_EXP,DAM,RU_CLR_PRC,1.27688,9
2025-11-25T00:00:00-00:00,2025-11-25T01:00:00-00:00,2025-11-24,17,0,Hourly,RU,AS_NP26,DAM,RU_CLR_PRC,0,9
2025-11-25T01:00:00-00:00,2025-11-25T02:00:00-00:00,2025-11-24,18,0,Hourly,RU,AS_NP26_EXP,DAM,RU_CLR_PRC,3.95894,9
2025-11-25T03:00:00-00:00,2025-11-25T04:00:00-00:00,2025-11-24,20,0,Hourly,RU,AS_NP26,DAM,RU_CLR_PRC,0,9
2025-11-25T05:00:00-00:00,2025-11-25T06:00:00-00:00,2025-11-24,22,0,Hourly,RU,AS_CAISO,DAM,RU_CLR_PRC,0,9
2025-11-25T06:00:00-00:00,2025-11-25T07:00:00-00:00,2025-11-24,23,0,Hourly,RU,AS_SP26,DAM,RU_CLR_PRC,0,9
2025-11-25T07:00:00-00:00,2025-11-25T08:00:00-00:00,2025-11-24,24,0,Hourly,RU,AS_SP26_EXP,DAM,RU_CLR_PRC,0,9
2025-11-24T08:00:00-00:00,2025-11-24T09:00:00-00:00,2025-11-24,1,0,Hourly,RU,AS_NP26,DAM,RU_CLR_PRC,0,9
2025-11-24T09:00:00-00:00,2025-11-24T10:00:00-00:00,2025-11-24,2,0,Hourly,RU,AS_NP26_EXP,DAM,RU_CLR_PRC,1.2261,9
2025-11-24T10:00:00-00:00,2025-11-24T11:00:00-00:00,2025-11-24,3,0,Hourly,RU,AS_CAISO_EXP,DAM,RU_CLR_PRC,0.3,9
2025-11-24T10:00:00-00:00,2025-11-24T11:00:00-00:00,2025-11-24,3,0,Hourly,RU,AS_SP26,DAM,RU_CLR_PRC,0,9
2025-11-24T11:00:00-00:00,2025-11-24T12:00:00-00:00,2025-11-24,4,0,Hourly,RU,AS_CAISO_EXP,DAM,RU_CLR_PRC,0.3,9
2025-11-24T11:00:00-00:00,2025-11-24T12:00:00-00:00,2025-11-24,4,0,Hourly,RU,AS_NP26,DAM,RU_CLR_PRC,0,9
2025-11-24T12:00:00-00:00,2025-11-24T13:00:00-00:00,2025-11-24,5,0,Hourly,RU,AS_CAISO_EXP,DAM,RU_CLR_PRC,0.3,9
2025-11-24T12:00:00-00:00,2025-11-24T13:00:00-00:00,2025-11-24,5,0,Hourly,RU,AS_SP26_EXP,DAM,RU_CLR_PRC,0,9
2025-11-24T13:00:00-00:00,2025-11-24T14:00:00-00:00,2025-11-24,6,0,Hourly,RU,AS_CAISO_EXP,DAM,RU_CLR_PRC,0.66,9
2025-11-24T14:00:00-00:00,2025-11-24T15:00:00-00:00,2025-11-24,7,0,Hourly,RU,AS_SP26_EXP,DAM,RU_CLR_PRC,0.34,9
2025-11-24T17:00:00-00:00,2025-11-24T18:00:00-00:00,2025-11-24,10,0,Hourly,RU,AS_SP26_EXP,DAM,RU_CLR_PRC,0,9
2025-11-24T18:00:00-00:00,2025-11-24T19:00:00-00:00,2025-11-24,11,0,Hourly,RU,AS_SP26,DAM,RU_CLR_PRC,0,9
2025-11-24T20:00:00-00:00,2025-11-24T21:00:00-00:00,2025-11-24,13,0,Hourly,RU,AS_NP26_EXP,DAM,RU_CLR_PRC,0.46322,9
2025-11-24T22:00:00-00:00,2025-11-24T23:00:00-00:00,2025-11-24,15,0,Hourly,RU,AS_SP26,DAM,RU_CLR_PRC,0,9
2025-11-24T22:00:00-00:00,2025-11-24T23:00:00-00:00,2025-11-24,15,0,Hourly,RU,AS_SP26_EXP,DAM,RU_CLR_PRC,0,9
2025-11-25T00:00:00-00:00,2025-11-25T01:00:00-00:00,2025-11-24,17,0,Hourly,RU,AS_SP26,DAM,RU_CLR_PRC,0,9
2025-11-25T02:00:00-00:00,2025-11-25T03:00:00-00:00,2025-11-24,19,0,Hourly,RU,AS_SP26_EXP,DAM,RU_CLR_PRC,0,9
2025-11-25T07:00:00-00:00,2025-11-25T08:00:00-00:00,2025-11-24,24,0,Hourly,RU,AS_SP26,DAM,RU_CLR_PRC,0,9
2025-11-24T10:00:00-00:00,2025-11-24T11:00:00-00:00,2025-11-24,3,0,Hourly,RU,AS_NP26,DAM,RU_CLR_PRC,0,9
2025-11-24T11:00:00-00:00,2025-11-24T12:00:00-00:00,2025-11-24,4,0,Hourly,RU,AS_CAISO,DAM,RU_CLR_PRC,0,9
2025-11-24T12:00:00-00:00,2025-11-24T13:00:00-00:00,2025-11-24,5,0,Hourly,RU,AS_NP26,DAM,RU_CLR_PRC,0,9
2025-11-24T13:00:00-00:00,2025-11-24T14:00:00-00:00,2025-11-24,6,0,Hourly,RU,AS_NP26,DAM,RU_CLR_PRC,0,9
2025-11-24T14:00:00-00:00,2025-11-24T15:00:00-00:00,2025-11-24,7,0,Hourly,RU,AS_SP26,DAM,RU_CLR_PRC,0,9
2025-11-24T20:00:00-00:00,2025-11-24T21:00:00-00:00,2025-11-24,13,0,Hourly,RU,AS_CAISO_EXP,DAM,RU_CLR_PRC,0.17,9
2025-11-24T23:00:00-00:00,2025-11-25T00:00:00-00:00,2025-11-24,16,0,Hourly,RU,AS_CAISO_EXP,DAM,RU_CLR_PRC,0.54,9
2025-11-25T01:00:00-00:00,2025-11-25T02:00:00-00:00,2025-11-24,18,0,Hourly,RU,AS_CAISO,DAM,RU_CLR_PRC,0,9
2025-11-25T11:00:00-00:00,2025-11-25T12:00:00-00:00,2025-11-25,4,0,Hourly,RU,AS_SP26,DAM,RU_CLR_PRC,0,10
2025-11-25T12:00:00-00:00,2025-11-25T13:00:00-00:00,2025-11-25,5,0,Hourly,RU,AS_SP26,DAM,RU_CLR_PRC,0,10
2025-11-25T13:00:00-00:00,2025-11-25T14:00:00-00:00,2025-11-25,6,0,Hourly,RU,AS_NP26_EXP,DAM,RU_CLR_PRC,0.5,10
2025-11-25T15:00:00-00:00,2025-11-25T16:00:00-00:00,2025-11-25,8,0,Hourly,RU,AS_CAISO_EXP,DAM,RU_CLR_PRC,5.22,10
2025-11-25T15:00:00-00:00,2025-11-25T16:00:00-00:00,2025-11-25,8,0,Hourly,RU,AS_SP26,DAM,RU_CLR_PRC,0,10
2025-11-25T15:00:00-00:00,2025-11-25T16:00:00-00:00,2025-11-25,8,0,Hourly,RU,AS_SP26_EXP,DAM,RU_CLR_PRC,4.5,10
2025-11-25T20:00:00-00:00,2025-11-25T21:00:00-00:00,2025-11-25,13,0,Hourly,RU,AS_NP26_EXP,DAM,RU_CLR_PRC,0.41975,10
2025-11-25T21:00:00-00:00,2025-11-25T22:00:00-00:00,2025-11-25,14,0,Hourly,RU,AS_CAISO_EXP,DAM,RU_CLR_PRC,1.77176,10
2025-11-25T21:00:00-00:00,2025-11-25T22:00:00-00:00,2025-11-25,14,0,Hourly,RU,AS_NP26,DAM,RU_CLR_PRC,0,10
2025-11-25T22:00:00-00:00,2025-11-25T23:00:00-00:00,2025-11-25,15,0,Hourly,RU,AS_CAISO,DAM,RU_CLR_PRC,0,10
2025-11-25T22:00:00-00:00,2025-11-25T23:00:00-00:00,2025-11-25,15,0,Hourly,RU,AS_SP26,DAM,RU_CLR_PRC,0,10
2025-11-25T22:00:00-00:00,2025-11-25T23:00:00-00:00,2025-11-25,15,0,Hourly,RU,AS_SP26_EXP,DAM,RU_CLR_PRC,0,10
2025-11-26T01:00:00-00:00,2025-11-26T02:00:00-00:00,2025-11-25,18,0,Hourly,RU,AS_CAISO,DAM,RU_CLR_PRC,0,10
2025-11-26T01:00:00-00:00,2025-11-26T02:00:00-00:00,2025-11-25,18,0,Hourly,RU,AS_SP26_EXP,DAM,RU_CLR_PRC,0,10
2025-11-26T03:00:00-00:00,2025-11-26T04:00:00-00:00,2025-11-25,20,0,Hourly,RU,AS_NP26,DAM,RU_CLR_PRC,0,10
2025-11-26T07:00:00-00:00,2025-11-26T08:00:00-00:00,2025-11-25,24,0,Hourly,RU,AS_NP26,DAM,RU_CLR_PRC,0,10
2025-11-26T00:00:00-00:00,2025-11-26T01:00:00-00:00,2025-11-25,17,0,Hourly,RU,AS_CAISO_EXP,DAM,RU_CLR_PRC,3,10
2025-11-26T00:00:00-00:00,2025-11-26T01:00:00-00:00,2025-11-25,17,0,Hourly,RU,AS_NP26_EXP,DAM,RU_CLR_PRC,0,10
2025-11-26T00:00:00-00:00,2025-11-26T01:00:00-00:00,2025-11-25,17,0,Hourly,RU,AS_SP26_EXP,DAM,RU_CLR_PRC,0,10
2025-11-26T03:00:00-00:00,2025-11-26T04:00:00-00:00,2025-11-25,20,0,Hourly,RU,AS_SP26_EXP,DAM,RU_CLR_PRC,0,10
2025-11-26T04:00:00-00:00,2025-11-26T05:00:00-00:00,2025-11-25,21,0,Hourly,RU,AS_NP26_EXP,DAM,RU_CLR_PRC,0.91316,10
2025-11-26T07:00:00-00:00,2025-11-26T08:00:00-00:00,2025-11-25,24,0,Hourly,RU,AS_SP26,DAM,RU_CLR_PRC,0,10
2025-11-25T08:00:00-00:00,2025-11-25T09:00:00-00:00,2025-11-25,1,0,Hourly,RU,AS_NP26_EXP,DAM,RU_CLR_PRC,0.5,10
2025-11-25T08:00:00-00:00,2025-11-25T09:00:00-00:00,2025-11-25,1,0,Hourly,RU,AS_SP26_EXP,DAM,RU_CLR_PRC,0,10
2025-11-25T10:00:00-00:00,2025-11-25T11:00:00-00:00,2025-11-25,3,0,Hourly,RU,AS_NP26,DAM,RU_CLR_PRC,0,10
2025-11-25T13:00:00-00:00,2025-11-25T14:00:00-00:00,2025-11-25,6,0,Hourly,RU,AS_SP26,DAM,RU_CLR_PRC,0,10
2025-11-25T16:00:00-00:00,2025-11-25T17:00:00-00:00,2025-11-25,9,0,Hourly,RU,AS_SP26,DAM,RU_CLR_PRC,0,10
2025-11-25T18:00:00-00:00,2025-11-25T19:00:00-00:00,2025-11-25,11,0,Hourly,RU,AS_CAISO,DAM,RU_CLR_PRC,0,10
2025-11-25T18:00:00-00:00,2025-11-25T19:00:00-00:00,2025-11-25,11,0,Hourly,RU,AS_SP26,DAM,RU_CLR_PRC,0,10
2025-11-25T18:00:00-00:00,2025-11-25T19:00:00-00:00,2025-11-25,11,0,Hourly,RU,AS_SP26_EXP,DAM,RU_CLR_PRC,0,10
2025-11-25T19:00:00-00:00,2025-11-25T20:00:00-00:00,2025-11-25,12,0,Hourly,RU,AS_NP26,DAM,RU_CLR_PRC,0,10
2025-11-25T20:00:00-00:00,2025-11-25T21:00:00-00:00,2025-11-25,13,0,Hourly,RU,AS_SP26,DAM,RU_CLR_PRC,0,10
2025-11-25T21:00:00-00:00,2025-11-25T22:00:00-00:00,2025-11-25,14,0,Hourly,RU,AS_SP26,DAM,RU_CLR_PRC,0,10
2025-11-26T00:00:00-00:00,2025-11-26T01:00:00-00:00,2025-11-25,17,0,Hourly,RU,AS_NP26,DAM,RU_CLR_PRC,0,10
2025-11-26T01:00:00-00:00,2025-11-26T02:00:00-00:00,2025-11-25,18,0,Hourly,RU,AS_CAISO_EXP,DAM,RU_CLR_PRC,3.52682,10
2025-11-26T02:00:00-00:00,2025-11-26T03:00:00-00:00,2025-11-25,19,0,Hourly,RU,AS_CAISO,DAM,RU_CLR_PRC,0,10
2025-11-26T03:00:00-00:00,2025-11-26T04:00:00-00:00,2025-11-25,20,0,Hourly,RU,AS_SP26,DAM,RU_CLR_PRC,0,10
2025-11-26T05:00:00-00:00,2025-11-26T06:00:00-00:00,2025-11-25,22,0,Hourly,RU,AS_CAISO,DAM,RU_CLR_PRC,0,10
2025-11-25T08:00:00-00:00,2025-11-25T09:00:00-00:00,2025-11-25,1,0,Hourly,RU,AS_CAISO,DAM,RU_CLR_PRC,0,10
2025-11-25T09:00:00-00:00,2025-11-25T10:00:00-00:00,2025-11-25,2,0,Hourly,RU,AS_NP26,DAM,RU_CLR_PRC,0,10
2025-11-25T10:00:00-00:00,2025-11-25T11:00:00-00:00,2025-11-25,3,0,Hourly,RU,AS_NP26_EXP,DAM,RU_CLR_PRC,0.65586,10
2025-11-25T11:00:00-00:00,2025-11-25T12:00:00-00:00,2025-11-25,4,0,Hourly,RU,AS_CAISO,DAM,RU_CLR_PRC,0,10
2025-11-25T13:00:00-00:00,2025-11-25T14:00:00-00:00,2025-11-25,6,0,Hourly,RU,AS_CAISO,DAM,RU_CLR_PRC,0,10
2025-11-25T15:00:00-00:00,2025-11-25T16:00:00-00:00,2025-11-25,8,0,Hourly,RU,AS_NP26_EXP,DAM,RU_CLR_PRC,0,10
2025-11-25T15:00:00-00:00,2025-11-25T16:00:00-00:00,2025-11-25,8,0,Hourly,RU,AS_CAISO,DAM,RU_CLR_PRC,0,10
2025-11-25T16:00:00-00:00,2025-11-25T17:00:00-00:00,2025-11-25,9,0,Hourly,RU,AS_CAISO,DAM,RU_CLR_PRC,0,10
2025-11-25T16:00:00-00:00,2025-11-25T17:00:00-00:00,2025-11-25,9,0,Hourly,RU,AS_NP26,DAM,RU_CLR_PRC,0,10
2025-11-25T17:00:00-00:00,2025-11-25T18:00:00-00:00,2025-11-25,10,0,Hourly,RU,AS_CAISO,DAM,RU_CLR_PRC,0,10
2025-11-25T20:00:00-00:00,2025-11-25T21:00:00-00:00,2025-11-25,13,0,Hourly,RU,AS_SP26_EXP,DAM,RU_CLR_PRC,0,10
2025-11-25T21:00:00-00:00,2025-11-25T22:00:00-00:00,2025-11-25,14,0,Hourly,RU,AS_SP26_EXP,DAM,RU_CLR_PRC,0,10
2025-11-25T22:00:00-00:00,2025-11-25T23:00:00-00:00,2025-11-25,15,0,Hourly,RU,AS_NP26_EXP,DAM,RU_CLR_PRC,0.49163,10
2025-11-26T01:00:00-00:00,2025-11-26T02:00:00-00:00,2025-11-25,18,0,Hourly,RU,AS_NP26_EXP,DAM,RU_CLR_PRC,0.47318,10
2025-11-26T03:00:00-00:00,2025-11-26T04:00:00-00:00,2025-11-25,20,0,Hourly,RU,AS_NP26_EXP,DAM,RU_CLR_PRC,0.8579,10
2025-11-26T05:00:00-00:00,2025-11-26T06:00:00-00:00,2025-11-25,22,0,Hourly,RU,AS_NP26_EXP,DAM,RU_CLR_PRC,0.5,10
2025-11-26T05:00:00-00:00,2025-11-26T06:00:00-00:00,2025-11-25,22,0,Hourly,RU,AS_CAISO_EXP,DAM,RU_CLR_PRC,1,10
2025-11-26T05:00:00-00:00,2025-11-26T06:00:00-00:00,2025-11-25,22,0,Hourly,RU,AS_SP26_EXP,DAM,RU_CLR_PRC,0,10
2025-11-26T06:00:00-00:00,2025-11-26T07:00:00-00:00,2025-11-25,23,0,Hourly,RU,AS_SP26_EXP,DAM,RU_CLR_PRC,0,10
2025-11-25T09:00:00-00:00,2025-11-25T10:00:00-00:00,2025-11-25,2,0,Hourly,RU,AS_NP26_EXP,DAM,RU_CLR_PRC,0,10
2025-11-25T11:00:00-00:00,2025-11-25T12:00:00-00:00,2025-11-25,4,0,Hourly,RU,AS_CAISO_EXP,DAM,RU_CLR_PRC,0.66831,10
2025-11-25T12:00:00-00:00,2025-11-25T13:00:00-00:00,2025-11-25,5,0,Hourly,RU,AS_CAISO_EXP,DAM,RU_CLR_PRC,0.66,10
2025-11-25T12:00:00-00:00,2025-11-25T13:00:00-00:00,2025-11-25,5,0,Hourly,RU,AS_NP26,DAM,RU_CLR_PRC,0,10
2025-11-25T12:00:00-00:00,2025-11-25T13:00:00-00:00,2025-11-25,5,0,Hourly,RU,AS_SP26_EXP,DAM,RU_CLR_PRC,0,10
2025-11-25T13:00:00-00:00,2025-11-25T14:00:00-00:00,2025-11-25,6,0,Hourly,RU,AS_SP26_EXP,DAM,RU_CLR_PRC,0,10
2025-11-25T14:00:00-00:00,2025-11-25T15:00:00-00:00,2025-11-25,7,0,Hourly,RU,AS_CAISO_EXP,DAM,RU_CLR_PRC,3.72,10
2025-11-25T14:00:00-00:00,2025-11-25T15:00:00-00:00,2025-11-25,7,0,Hourly,RU,AS_SP26_EXP,DAM,RU_CLR_PRC,0,10
2025-11-25T17:00:00-00:00,2025-11-25T18:00:00-00:00,2025-11-25,10,0,Hourly,RU,AS_SP26,DAM,RU_CLR_PRC,0,10
2025-11-25T18:00:00-00:00,2025-11-25T19:00:00-00:00,2025-11-25,11,0,Hourly,RU,AS_NP26,DAM,RU_CLR_PRC,0,10
2025-11-25T22:00:00-00:00,2025-11-25T23:00:00-00:00,2025-11-25,15,0,Hourly,RU,AS_NP26,DAM,RU_CLR_PRC,0,10
2025-11-25T23:00:00-00:00,2025-11-26T00:00:00-00:00,2025-11-25,16,0,Hourly,RU,AS_CAISO_EXP,DAM,RU_CLR_PRC,1.64954,10
2025-11-26T02:00:00-00:00,2025-11-26T03:00:00-00:00,2025-11-25,19,0,Hourly,RU,AS_NP26,DAM,RU_CLR_PRC,0,10
2025-11-26T03:00:00-00:00,2025-11-26T04:00:00-00:00,2025-11-25,20,0,Hourly,RU,AS_CAISO_EXP,DAM,RU_CLR_PRC,0.73,10
2025-11-26T04:00:00-00:00,2025-11-26T05:00:00-00:00,2025-11-25,21,0,Hourly,RU,AS_CAISO_EXP,DAM,RU_CLR_PRC,0.78512,10
2025-11-26T05:00:00-00:00,2025-11-26T06:00:00-00:00,2025-11-25,22,0,Hourly,RU,AS_NP26,DAM,RU_CLR_PRC,0,10
2025-11-26T06:00:00-00:00,2025-11-26T07:00:00-00:00,2025-11-25,23,0,Hourly,RU,AS_CAISO_EXP,DAM,RU_CLR_PRC,1.80292,10
2025-11-26T06:00:00-00:00,2025-11-26T07:00:00-00:00,2025-11-25,23,0,Hourly,RU,AS_SP26,DAM,RU_CLR_PRC,0,10
2025-11-25T08:00:00-00:00,2025-11-25T09:00:00-00:00,2025-11-25,1,0,Hourly,RU,AS_CAISO_EXP,DAM,RU_CLR_PRC,1.5,10
2025-11-25T09:00:00-00:00,2025-11-25T10:00:00-00:00,2025-11-25,2,0,Hourly,RU,AS_SP26_EXP,DAM,RU_CLR_PRC,0,10
2025-11-25T10:00:00-00:00,2025-11-25T11:00:00-00:00,2025-11-25,3,0,Hourly,RU,AS_CAISO_EXP,DAM,RU_CLR_PRC,1,10
2025-11-25T10:00:00-00:00,2025-11-25T11:00:00-00:00,2025-11-25,3,0,Hourly,RU,AS_SP26,DAM,RU_CLR_PRC,0,10
2025-11-25T10:00:00-00:00,2025-11-25T11:00:00-00:00,2025-11-25,3,0,Hourly,RU,AS_SP26_EXP,DAM,RU_CLR_PRC,0,10
2025-11-25T11:00:00-00:00,2025-11-25T12:00:00-00:00,2025-11-25,4,0,Hourly,RU,AS_NP26,DAM,RU_CLR_PRC,0,10
2025-11-25T11:00:00-00:00,2025-11-25T12:00:00-00:00,2025-11-25,4,0,Hourly,RU,AS_NP26_EXP,DAM,RU_CLR_PRC,0.95276,10
2025-11-25T12:00:00-00:00,2025-11-25T13:00:00-00:00,2025-11-25,5,0,Hourly,RU,AS_NP26_EXP,DAM,RU_CLR_PRC,0.64432,10
2025-11-25T14:00:00-00:00,2025-11-25T15:00:00-00:00,2025-11-25,7,0,Hourly,RU,AS_SP26,DAM,RU_CLR_PRC,0,10
2025-11-25T18:00:00-00:00,2025-11-25T19:00:00-00:00,2025-11-25,11,0,Hourly,RU,AS_NP26_EXP,DAM,RU_CLR_PRC,1.83,10
2025-11-25T19:00:00-00:00,2025-11-25T20:00:00-00:00,2025-11-25,12,0,Hourly,RU,AS_SP26_EXP,DAM,RU_CLR_PRC,0,10
2025-11-25T20:00:00-00:00,2025-11-25T21:00:00-00:00,2025-11-25,13,0,Hourly,RU,AS_CAISO,DAM,RU_CLR_PRC,0,10
2025-11-25T20:00:00-00:00,2025-11-25T21:00:00-00:00,2025-11-25,13,0,Hourly,RU,AS_NP26,DAM,RU_CLR_PRC,0,10
2025-11-26T00:00:00-00:00,2025-11-26T01:00:00-00:00,2025-11-25,17,0,Hourly,RU,AS_CAISO,DAM,RU_CLR_PRC,0,10
2025-11-26T02:00:00-00:00,2025-11-26T03:00:00-00:00,2025-11-25,19,0,Hourly,RU,AS_CAISO_EXP,DAM,RU_CLR_PRC,0.71043,10
2025-11-26T03:00:00-00:00,2025-11-26T04:00:00-00:00,2025-11-25,20,0,Hourly,RU,AS_CAISO,DAM,RU_CLR_PRC,0,10
2025-11-26T04:00:00-00:00,2025-11-26T05:00:00-00:00,2025-11-25,21,0,Hourly,RU,AS_SP26_EXP,DAM,RU_CLR_PRC,0,10
2025-11-26T07:00:00-00:00,2025-11-26T08:00:00-00:00,2025-11-25,24,0,Hourly,RU,AS_CAISO_EXP,DAM,RU_CLR_PRC,3.72,10
2025-11-26T07:00:00-00:00,2025-11-26T08:00:00-00:00,2025-11-25,24,0,Hourly,RU,AS_SP26_EXP,DAM,RU_CLR_PRC,0,10
2025-11-25T09:00:00-00:00,2025-11-25T10:00:00-00:00,2025-11-25,2,0,Hourly,RU,AS_SP26,DAM,RU_CLR_PRC,0,10
2025-11-25T12:00:00-00:00,2025-11-25T13:00:00-00:00,2025-11-25,5,0,Hourly,RU,AS_CAISO,DAM,RU_CLR_PRC,0,10
2025-11-25T14:00:00-00:00,2025-11-25T15:00:00-00:00,2025-11-25,7,0,Hourly,RU,AS_CAISO,DAM,RU_CLR_PRC,0,10
2025-11-25T16:00:00-00:00,2025-11-25T17:00:00-00:00,2025-11-25,9,0,Hourly,RU,AS_CAISO_EXP,DAM,RU_CLR_PRC,3.83511,10
2025-11-25T16:00:00-00:00,2025-11-25T17:00:00-00:00,2025-11-25,9,0,Hourly,RU,AS_NP26_EXP,DAM,RU_CLR_PRC,0.5,10
2025-11-25T16:00:00-00:00,2025-11-25T17:00:00-00:00,2025-11-25,9,0,Hourly,RU,AS_SP26_EXP,DAM,RU_CLR_PRC,0,10
2025-11-25T17:00:00-00:00,2025-11-25T18:00:00-00:00,2025-11-25,10,0,Hourly,RU,AS_NP26_EXP,DAM,RU_CLR_PRC,2.16752,10
2025-11-25T17:00:00-00:00,2025-11-25T18:00:00-00:00,2025-11-25,10,0,Hourly,RU,AS_SP26_EXP,DAM,RU_CLR_PRC,0,10
2025-11-25T19:00:00-00:00,2025-11-25T20:00:00-00:00,2025-11-25,12,0,Hourly,RU,AS_SP26,DAM,RU_CLR_PRC,0,10
2025-11-25T20:00:00-00:00,2025-11-25T21:00:00-00:00,2025-11-25,13,0,Hourly,RU,AS_CAISO_EXP,DAM,RU_CLR_PRC,1.4973,10
2025-11-25T21:00:00-00:00,2025-11-25T22:00:00-00:00,2025-11-25,14,0,Hourly,RU,AS_CAISO,DAM,RU_CLR_PRC,0,10
2025-11-25T22:00:00-00:00,2025-11-25T23:00:00-00:00,2025-11-25,15,0,Hourly,RU,AS_CAISO_EXP,DAM,RU_CLR_PRC,1.50837,10
2025-11-25T23:00:00-00:00,2025-11-26T00:00:00-00:00,2025-11-25,16,0,Hourly,RU,AS_NP26_EXP,DAM,RU_CLR_PRC,0.33,10
2025-11-26T00:00:00-00:00,2025-11-26T01:00:00-00:00,2025-11-25,17,0,Hourly,RU,AS_SP26,DAM,RU_CLR_PRC,0,10
2025-11-26T01:00:00-00:00,2025-11-26T02:00:00-00:00,2025-11-25,18,0,Hourly,RU,AS_SP26,DAM,RU_CLR_PRC,0,10
2025-11-26T02:00:00-00:00,2025-11-26T03:00:00-00:00,2025-11-25,19,0,Hourly,RU,AS_SP26,DAM,RU_CLR_PRC,0,10
2025-11-26T04:00:00-00:00,2025-11-26T05:00:00-00:00,2025-11-25,21,0,Hourly,RU,AS_CAISO,DAM,RU_CLR_PRC,0,10
2025-11-26T05:00:00-00:00,2025-11-26T06:00:00-00:00,2025-11-25,22,0,Hourly,RU,AS_SP26,DAM,RU_CLR_PRC,0,10
2025-11-26T06:00:00-00:00,2025-11-26T07:00:00-00:00,2025-11-25,23,0,Hourly,RU,AS_CAISO,DAM,RU_CLR_PRC,0,10
2025-11-25T08:00:00-00:00,2025-11-25T09:00:00-00:00,2025-11-25,1,0,Hourly,RU,AS_NP26,DAM,RU_CLR_PRC,0,10
2025-11-25T09:00:00-00:00,2025-11-25T10:00:00-00:00,2025-11-25,2,0,Hourly,RU,AS_CAISO_EXP,DAM,RU_CLR_PRC,1.88305,10
2025-11-25T10:00:00-00:00,2025-11-25T11:00:00-00:00,2025-11-25,3,0,Hourly,RU,AS_CAISO,DAM,RU_CLR_PRC,0,10
2025-11-25T11:00:00-00:00,2025-11-25T12:00:00-00:00,2025-11-25,4,0,Hourly,RU,AS_SP26_EXP,DAM,RU_CLR_PRC,0,10
2025-11-25T13:00:00-00:00,2025-11-25T14:00:00-00:00,2025-11-25,6,0,Hourly,RU,AS_CAISO_EXP,DAM,RU_CLR_PRC,1.03231,10
2025-11-25T13:00:00-00:00,2025-11-25T14:00:00-00:00,2025-11-25,6,0,Hourly,RU,AS_NP26,DAM,RU_CLR_PRC,0,10
2025-11-25T14:00:00-00:00,2025-11-25T15:00:00-00:00,2025-11-25,7,0,Hourly,RU,AS_NP26,DAM,RU_CLR_PRC,0,10
2025-11-25T14:00:00-00:00,2025-11-25T15:00:00-00:00,2025-11-25,7,0,Hourly,RU,AS_NP26_EXP,DAM,RU_CLR_PRC,0.5,10
2025-11-25T15:00:00-00:00,2025-11-25T16:00:00-00:00,2025-11-25,8,0,Hourly,RU,AS_NP26,DAM,RU_CLR_PRC,0,10
2025-11-25T18:00:00-00:00,2025-11-25T19:00:00-00:00,2025-11-25,11,0,Hourly,RU,AS_CAISO_EXP,DAM,RU_CLR_PRC,0.17,10
2025-11-25T19:00:00-00:00,2025-11-25T20:00:00-00:00,2025-11-25,12,0,Hourly,RU,AS_CAISO,DAM,RU_CLR_PRC,0,10
2025-11-25T21:00:00-00:00,2025-11-25T22:00:00-00:00,2025-11-25,14,0,Hourly,RU,AS_NP26_EXP,DAM,RU_CLR_PRC,0.7094,10
2025-11-25T23:00:00-00:00,2025-11-26T00:00:00-00:00,2025-11-25,16,0,Hourly,RU,AS_CAISO,DAM,RU_CLR_PRC,0,10
2025-11-25T23:00:00-00:00,2025-11-26T00:00:00-00:00,2025-11-25,16,0,Hourly,RU,AS_NP26,DAM,RU_CLR_PRC,0,10
2025-11-25T23:00:00-00:00,2025-11-26T00:00:00-00:00,2025-11-25,16,0,Hourly,RU,AS_SP26_EXP,DAM,RU_CLR_PRC,0,10
2025-11-26T01:00:00-00:00,2025-11-26T02:00:00-00:00,2025-11-25,18,0,Hourly,RU,AS_NP26,DAM,RU_CLR_PRC,0,10
2025-11-26T02:00:00-00:00,2025-11-26T03:00:00-00:00,2025-11-25,19,0,Hourly,RU,AS_NP26_EXP,DAM,RU_CLR_PRC,1.54303,10
2025-11-26T02:00:00-00:00,2025-11-26T03:00:00-00:00,2025-11-25,19,0,Hourly,RU,AS_SP26_EXP,DAM,RU_CLR_PRC,0,10
2025-11-26T04:00:00-00:00,2025-11-26T05:00:00-00:00,2025-11-25,21,0,Hourly,RU,AS_NP26,DAM,RU_CLR_PRC,0,10
2025-11-26T04:00:00-00:00,2025-11-26T05:00:00-00:00,2025-11-25,21,0,Hourly,RU,AS_SP26,DAM,RU_CLR_PRC,0,10
2025-11-26T06:00:00-00:00,2025-11-26T07:00:00-00:00,2025-11-25,23,0,Hourly,RU,AS_NP26,DAM,RU_CLR_PRC,0,10
2025-11-26T06:00:00-00:00,2025-11-26T07:00:00-00:00,2025-11-25,23,0,Hourly,RU,AS_NP26_EXP,DAM,RU_CLR_PRC,0.5,10
2025-11-26T07:00:00-00:00,2025-11-26T08:00:00-00:00,2025-11-25,24,0,Hourly,RU,AS_CAISO,DAM,RU_CLR_PRC,0,10
2025-11-26T07:00:00-00:00,2025-11-26T08:00:00-00:00,2025-11-25,24,0,Hourly,RU,AS_NP26_EXP,DAM,RU_CLR_PRC,0.5,10
2025-11-25T08:00:00-00:00,2025-11-25T09:00:00-00:00,2025-11-25,1,0,Hourly,RU,AS_SP26,DAM,RU_CLR_PRC,0,10
2025-11-25T09:00:00-00:00,2025-11-25T10:00:00-00:00,2025-11-25,2,0,Hourly,RU,AS_CAISO,DAM,RU_CLR_PRC,0,10
2025-11-25T17:00:00-00:00,2025-11-25T18:00:00-00:00,2025-11-25,10,0,Hourly,RU,AS_CAISO_EXP,DAM,RU_CLR_PRC,0.6,10
2025-11-25T17:00:00-00:00,2025-11-25T18:00:00-00:00,2025-11-25,10,0,Hourly,RU,AS_NP26,DAM,RU_CLR_PRC,0,10
2025-11-25T19:00:00-00:00,2025-11-25T20:00:00-00:00,2025-11-25,12,0,Hourly,RU,AS_CAISO_EXP,DAM,RU_CLR_PRC,1.25377,10
2025-11-25T19:00:00-00:00,2025-11-25T20:00:00-00:00,2025-11-25,12,0,Hourly,RU,AS_NP26_EXP,DAM,RU_CLR_PRC,0.5808,10
2025-11-25T23:00:00-00:00,2025-11-26T00:00:00-00:00,2025-11-25,16,0,Hourly,RU,AS_SP26,DAM,RU_CLR_PRC,0,10
2025-11-26T08:00:00-00:00,2025-11-26T09:00:00-00:00,2025-11-26,1,0,Hourly,RU,AS_SP26,DAM,RU_CLR_PRC,0,11
2025-11-26T09:00:00-00:00,2025-11-26T10:00:00-00:00,2025-11-26,2,0,Hourly,RU,AS_CAISO_EXP,DAM,RU_CLR_PRC,0.73891,11
2025-11-26T10:00:00-00:00,2025-11-26T11:00:00-00:00,2025-11-26,3,0,Hourly,RU,AS_NP26,DAM,RU_CLR_PRC,0,11
2025-11-26T11:00:00-00:00,2025-11-26T12:00:00-00:00,2025-11-26,4,0,Hourly,RU,AS_CAISO,DAM,RU_CLR_PRC,0,11
2025-11-26T11:00:00-00:00,2025-11-26T12:00:00-00:00,2025-11-26,4,0,Hourly,RU,AS_CAISO_EXP,DAM,RU_CLR_PRC,0.59546,11
2025-11-26T12:00:00-00:00,2025-11-26T13:00:00-00:00,2025-11-26,5,0,Hourly,RU,AS_CAISO_EXP,DAM,RU_CLR_PRC,0.56,11
2025-11-26T15:00:00-00:00,2025-11-26T16:00:00-00:00,2025-11-26,8,0,Hourly,RU,AS_SP26,DAM,RU_CLR_PRC,0,11
2025-11-26T18:00:00-00:00,2025-11-26T19:00:00-00:00,2025-11-26,11,0,Hourly,RU,AS_CAISO,DAM,RU_CLR_PRC,0,11
2025-11-26T20:00:00-00:00,2025-11-26T21:00:00-00:00,2025-11-26,13,0,Hourly,RU,AS_NP26,DAM,RU_CLR_PRC,0,11
2025-11-26T22:00:00-00:00,2025-11-26T23:00:00-00:00,2025-11-26,15,0,Hourly,RU,AS_SP26_EXP,DAM,RU_CLR_PRC,0,11
2025-11-26T23:00:00-00:00,2025-11-27T00:00:00-00:00,2025-11-26,16,0,Hourly,RU,AS_CAISO_EXP,DAM,RU_CLR_PRC,0.72729,11
2025-11-26T23:00:00-00:00,2025-11-27T00:00:00-00:00,2025-11-26,16,0,Hourly,RU,AS_NP26_EXP,DAM,RU_CLR_PRC,1.33,11
2025-11-27T02:00:00-00:00,2025-11-27T03:00:00-00:00,2025-11-26,19,0,Hourly,RU,AS_NP26_EXP,DAM,RU_CLR_PRC,0.99,11
2025-11-27T02:00:00-00:00,2025-11-27T03:00:00-00:00,2025-11-26,19,0,Hourly,RU,AS_SP26,DAM,RU_CLR_PRC,0,11
2025-11-27T04:00:00-00:00,2025-11-27T05:00:00-00:00,2025-11-26,21,0,Hourly,RU,AS_CAISO,DAM,RU_CLR_PRC,0,11
2025-11-27T06:00:00-00:00,2025-11-27T07:00:00-00:00,2025-11-26,23,0,Hourly,RU,AS_CAISO_EXP,DAM,RU_CLR_PRC,1,11
2025-11-27T00:00:00-00:00,2025-11-27T01:00:00-00:00,2025-11-26,17,0,Hourly,RU,AS_SP26,DAM,RU_CLR_PRC,0,11
2025-11-27T01:00:00-00:00,2025-11-27T02:00:00-00:00,2025-11-26,18,0,Hourly,RU,AS_CAISO,DAM,RU_CLR_PRC,0,11
2025-11-27T02:00:00-00:00,2025-11-27T03:00:00-00:00,2025-11-26,19,0,Hourly,RU,AS_CAISO_EXP,DAM,RU_CLR_PRC,0.51,11
2025-11-27T03:00:00-00:00,2025-11-27T04:00:00-00:00,2025-11-26,20,0,Hourly,RU,AS_NP26,DAM,RU_CLR_PRC,0,11
2025-11-27T05:00:00-00:00,2025-11-27T06:00:00-00:00,2025-11-26,22,0,Hourly,RU,AS_CAISO,DAM,RU_CLR_PRC,0,11
2025-11-26T09:00:00-00:00,2025-11-26T10:00:00-00:00,2025-11-26,2,0,Hourly,RU,AS_NP26,DAM,RU_CLR_PRC,0,11
2025-11-26T10:00:00-00:00,2025-11-26T11:00:00-00:00,2025-11-26,3,0,Hourly,RU,AS_NP26_EXP,DAM,RU_CLR_PRC,0.71864,11
2025-11-26T10:00:00-00:00,2025-11-26T11:00:00-00:00,2025-11-26,3,0,Hourly,RU,AS_SP26_EXP,DAM,RU_CLR_PRC,0,11
2025-11-26T12:00:00-00:00,2025-11-26T13:00:00-00:00,2025-11-26,5,0,Hourly,RU,AS_NP26_EXP,DAM,RU_CLR_PRC,0,11
2025-11-26T12:00:00-00:00,2025-11-26T13:00:00-00:00,2025-11-26,5,0,Hourly,RU,AS_SP26,DAM,RU_CLR_PRC,0,11
2025-11-26T12:00:00-00:00,2025-11-26T13:00:00-00:00,2025-11-26,5,0,Hourly,RU,AS_SP26_EXP,DAM,RU_CLR_PRC,0,11
2025-11-26T15:00:00-00:00,2025-11-26T16:00:00-00:00,2025-11-26,8,0,Hourly,RU,AS_NP26,DAM,RU_CLR_PRC,0,11
2025-11-26T17:00:00-00:00,2025-11-26T18:00:00-00:00,2025-11-26,10,0,Hourly,RU,AS_SP26,DAM,RU_CLR_PRC,0,11
2025-11-26T17:00:00-00:00,2025-11-26T18:00:00-00:00,2025-11-26,10,0,Hourly,RU,AS_SP26_EXP,DAM,RU_CLR_PRC,0,11
2025-11-26T19:00:00-00:00,2025-11-26T20:00:00-00:00,2025-11-26,12,0,Hourly,RU,AS_NP26_EXP,DAM,RU_CLR_PRC,1.20955,11
2025-11-26T19:00:00-00:00,2025-11-26T20:00:00-00:00,2025-11-26,12,0,Hourly,RU,AS_SP26_EXP,DAM,RU_CLR_PRC,0,11
2025-11-26T20:00:00-00:00,2025-11-26T21:00:00-00:00,2025-11-26,13,0,Hourly,RU,AS_CAISO_EXP,DAM,RU_CLR_PRC,0.17,11
2025-11-26T21:00:00-00:00,2025-11-26T22:00:00-00:00,2025-11-26,14,0,Hourly,RU,AS_CAISO,DAM,RU_CLR_PRC,0,11
2025-11-26T21:00:00-00:00,2025-11-26T22:00:00-00:00,2025-11-26,14,0,Hourly,RU,AS_NP26,DAM,RU_CLR_PRC,0,11
2025-11-26T23:00:00-00:00,2025-11-27T00:00:00-00:00,2025-11-26,16,0,Hourly,RU,AS_SP26_EXP,DAM,RU_CLR_PRC,0,11
2025-11-27T00:00:00-00:00,2025-11-27T01:00:00-00:00,2025-11-26,17,0,Hourly,RU,AS_CAISO_EXP,DAM,RU_CLR_PRC,2.15434,11
2025-11-27T00:00:00-00:00,2025-11-27T01:00:00-00:00,2025-11-26,17,0,Hourly,RU,AS_NP26,DAM,RU_CLR_PRC,0,11
2025-11-27T01:00:00-00:00,2025-11-27T02:00:00-00:00,2025-11-26,18,0,Hourly,RU,AS_SP26_EXP,DAM,RU_CLR_PRC,0,11
2025-11-27T04:00:00-00:00,2025-11-27T05:00:00-00:00,2025-11-26,21,0,Hourly,RU,AS_NP26_EXP,DAM,RU_CLR_PRC,1.2471,11
2025-11-27T06:00:00-00:00,2025-11-27T07:00:00-00:00,2025-11-26,23,0,Hourly,RU,AS_CAISO,DAM,RU_CLR_PRC,0,11
2025-11-26T09:00:00-00:00,2025-11-26T10:00:00-00:00,2025-11-26,2,0,Hourly,RU,AS_CAISO,DAM,RU_CLR_PRC,0,11
2025-11-26T09:00:00-00:00,2025-11-26T10:00:00-00:00,2025-11-26,2,0,Hourly,RU,AS_NP26_EXP,DAM,RU_CLR_PRC,0.78124,11
2025-11-26T09:00:00-00:00,2025-11-26T10:00:00-00:00,2025-11-26,2,0,Hourly,RU,AS_SP26,DAM,RU_CLR_PRC,0,11
2025-11-26T11:00:00-00:00,2025-11-26T12:00:00-00:00,2025-11-26,4,0,Hourly,RU,AS_SP26,DAM,RU_CLR_PRC,0,11
2025-11-26T13:00:00-00:00,2025-11-26T14:00:00-00:00,2025-11-26,6,0,Hourly,RU,AS_SP26_EXP,DAM,RU_CLR_PRC,0,11
2025-11-26T16:00:00-00:00,2025-11-26T17:00:00-00:00,2025-11-26,9,0,Hourly,RU,AS_NP26,DAM,RU_CLR_PRC,0,11
2025-11-26T17:00:00-00:00,2025-11-26T18:00:00-00:00,2025-11-26,10,0,Hourly,RU,AS_NP26_EXP,DAM,RU_CLR_PRC,1.95408,11
2025-11-26T18:00:00-00:00,2025-11-26T19:00:00-00:00,2025-11-26,11,0,Hourly,RU,AS_NP26,DAM,RU_CLR_PRC,0,11
2025-11-26T19:00:00-00:00,2025-11-26T20:00:00-00:00,2025-11-26,12,0,Hourly,RU,AS_CAISO,DAM,RU_CLR_PRC,0,11
2025-11-26T19:00:00-00:00,2025-11-26T20:00:00-00:00,2025-11-26,12,0,Hourly,RU,AS_SP26,DAM,RU_CLR_PRC,0,11
2025-11-26T20:00:00-00:00,2025-11-26T21:00:00-00:00,2025-11-26,13,0,Hourly,RU,AS_CAISO,DAM,RU_CLR_PRC,0,11
2025-11-26T22:00:00-00:00,2025-11-26T23:00:00-00:00,2025-11-26,15,0,Hourly,RU,AS_NP26_EXP,DAM,RU_CLR_PRC,1.0648,11
2025-11-26T23:00:00-00:00,2025-11-27T00:00:00-00:00,2025-11-26,16,0,Hourly,RU,AS_CAISO,DAM,RU_CLR_PRC,0,11
2025-11-27T01:00:00-00:00,2025-11-27T02:00:00-00:00,2025-11-26,18,0,Hourly,RU,AS_NP26_EXP,DAM,RU_CLR_PRC,1.61331,11
2025-11-27T02:00:00-00:00,2025-11-27T03:00:00-00:00,2025-11-26,19,0,Hourly,RU,AS_SP26_EXP,DAM,RU_CLR_PRC,0,11
2025-11-27T04:00:00-00:00,2025-11-27T05:00:00-00:00,2025-11-26,21,0,Hourly,RU,AS_NP26,DAM,RU_CLR_PRC,0,11
2025-11-27T05:00:00-00:00,2025-11-27T06:00:00-00:00,2025-11-26,22,0,Hourly,RU,AS_NP26,DAM,RU_CLR_PRC,0,11
2025-11-27T07:00:00-00:00,2025-11-27T08:00:00-00:00,2025-11-26,24,0,Hourly,RU,AS_NP26,DAM,RU_CLR_PRC,0,11
2025-11-27T07:00:00-00:00,2025-11-27T08:00:00-00:00,2025-11-26,24,0,Hourly,RU,AS_NP26_EXP,DAM,RU_CLR_PRC,3.34088,11
2025-11-27T07:00:00-00:00,2025-11-27T08:00:00-00:00,2025-11-26,24,0,Hourly,RU,AS_SP26,DAM,RU_CLR_PRC,0,11
2025-11-26T08:00:00-00:00,2025-11-26T09:00:00-00:00,2025-11-26,1,0,Hourly,RU,AS_NP26,DAM,RU_CLR_PRC,0,11
2025-11-26T09:00:00-00:00,2025-11-26T10:00:00-00:00,2025-11-26,2,0,Hourly,RU,AS_SP26_EXP,DAM,RU_CLR_PRC,0,11
2025-11-26T10:00:00-00:00,2025-11-26T11:00:00-00:00,2025-11-26,3,0,Hourly,RU,AS_CAISO,DAM,RU_CLR_PRC,0,11
2025-11-26T11:00:00-00:00,2025-11-26T12:00:00-00:00,2025-11-26,4,0,Hourly,RU,AS_SP26_EXP,DAM,RU_CLR_PRC,0,11
2025-11-26T16:00:00-00:00,2025-11-26T17:00:00-00:00,2025-11-26,9,0,Hourly,RU,AS_CAISO_EXP,DAM,RU_CLR_PRC,1.17498,11
2025-11-26T17:00:00-00:00,2025-11-26T18:00:00-00:00,2025-11-26,10,0,Hourly,RU,AS_CAISO,DAM,RU_CLR_PRC,0,11
2025-11-26T18:00:00-00:00,2025-11-26T19:00:00-00:00,2025-11-26,11,0,Hourly,RU,AS_NP26_EXP,DAM,RU_CLR_PRC,1.21584,11
2025-11-26T20:00:00-00:00,2025-11-26T21:00:00-00:00,2025-11-26,13,0,Hourly,RU,AS_SP26_EXP,DAM,RU_CLR_PRC,0,11
2025-11-26T21:00:00-00:00,2025-11-26T22:00:00-00:00,2025-11-26,14,0,Hourly,RU,AS_SP26_EXP,DAM,RU_CLR_PRC,0,11
2025-11-27T00:00:00-00:00,2025-11-27T01:00:00-00:00,2025-11-26,17,0,Hourly,RU,AS_CAISO,DAM,RU_CLR_PRC,0,11
2025-11-27T00:00:00-00:00,2025-11-27T01:00:00-00:00,2025-11-26,17,0,Hourly,RU,AS_NP26_EXP,DAM,RU_CLR_PRC,0.793,11
2025-11-27T01:00:00-00:00,2025-11-27T02:00:00-00:00,2025-11-26,18,0,Hourly,RU,AS_CAISO_EXP,DAM,RU_CLR_PRC,1.51029,11
2025-11-27T01:00:00-00:00,2025-11-27T02:00:00-00:00,2025-11-26,18,0,Hourly,RU,AS_SP26,DAM,RU_CLR_PRC,0,11
2025-11-27T02:00:00-00:00,2025-11-27T03:00:00-00:00,2025-11-26,19,0,Hourly,RU,AS_CAISO,DAM,RU_CLR_PRC,0,11
2025-11-27T03:00:00-00:00,2025-11-27T04:00:00-00:00,2025-11-26,20,0,Hourly,RU,AS_NP26_EXP,DAM,RU_CLR_PRC,1.33104,11
2025-11-27T05:00:00-00:00,2025-11-27T06:00:00-00:00,2025-11-26,22,0,Hourly,RU,AS_SP26,DAM,RU_CLR_PRC,0,11
2025-11-27T06:00:00-00:00,2025-11-27T07:00:00-00:00,2025-11-26,23,0,Hourly,RU,AS_SP26_EXP,DAM,RU_CLR_PRC,0,11
2025-11-27T07:00:00-00:00,2025-11-27T08:00:00-00:00,2025-11-26,24,0,Hourly,RU,AS_CAISO_EXP,DAM,RU_CLR_PRC,1,11
2025-11-26T08:00:00-00:00,2025-11-26T09:00:00-00:00,2025-11-26,1,0,Hourly,RU,AS_CAISO_EXP,DAM,RU_CLR_PRC,1.02552,11
2025-11-26T10:00:00-00:00,2025-11-26T11:00:00-00:00,2025-11-26,3,0,Hourly,RU,AS_SP26,DAM,RU_CLR_PRC,0,11
2025-11-26T11:00:00-00:00,2025-11-26T12:00:00-00:00,2025-11-26,4,0,Hourly,RU,AS_NP26_EXP,DAM,RU_CLR_PRC,1.20915,11
2025-11-26T12:00:00-00:00,2025-11-26T13:00:00-00:00,2025-11-26,5,0,Hourly,RU,AS_CAISO,DAM,RU_CLR_PRC,0,11
2025-11-26T13:00:00-00:00,2025-11-26T14:00:00-00:00,2025-11-26,6,0,Hourly,RU,AS_NP26_EXP,DAM,RU_CLR_PRC,0.5,11
2025-11-26T15:00:00-00:00,2025-11-26T16:00:00-00:00,2025-11-26,8,0,Hourly,RU,AS_CAISO,DAM,RU_CLR_PRC,0,11
2025-11-26T16:00:00-00:00,2025-11-26T17:00:00-00:00,2025-11-26,9,0,Hourly,RU,AS_CAISO,DAM,RU_CLR_PRC,0,11
2025-11-26T16:00:00-00:00,2025-11-26T17:00:00-00:00,2025-11-26,9,0,Hourly,RU,AS_SP26,DAM,RU_CLR_PRC,0,11
2025-11-26T19:00:00-00:00,2025-11-26T20:00:00-00:00,2025-11-26,12,0,Hourly,RU,AS_NP26,DAM,RU_CLR_PRC,0,11
2025-11-26T22:00:00-00:00,2025-11-26T23:00:00-00:00,2025-11-26,15,0,Hourly,RU,AS_CAISO,DAM,RU_CLR_PRC,0,11
2025-11-26T22:00:00-00:00,2025-11-26T23:00:00-00:00,2025-11-26,15,0,Hourly,RU,AS_CAISO_EXP,DAM,RU_CLR_PRC,0.17,11
2025-11-27T01:00:00-00:00,2025-11-27T02:00:00-00:00,2025-11-26,18,0,Hourly,RU,AS_NP26,DAM,RU_CLR_PRC,0,11
2025-11-27T04:00:00-00:00,2025-11-27T05:00:00-00:00,2025-11-26,21,0,Hourly,RU,AS_SP26,DAM,RU_CLR_PRC,0,11
2025-11-27T05:00:00-00:00,2025-11-27T06:00:00-00:00,2025-11-26,22,0,Hourly,RU,AS_SP26_EXP,DAM,RU_CLR_PRC,0,11
2025-11-27T06:00:00-00:00,2025-11-27T07:00:00-00:00,2025-11-26,23,0,Hourly,RU,AS_NP26,DAM,RU_CLR_PRC,0,11
2025-11-26T08:00:00-00:00,2025-11-26T09:00:00-00:00,2025-11-26,1,0,Hourly,RU,AS_NP26_EXP,DAM,RU_CLR_PRC,0.14097,11
2025-11-26T08:00:00-00:00,2025-11-26T09:00:00-00:00,2025-11-26,1,0,Hourly,RU,AS_CAISO,DAM,RU_CLR_PRC,0,11
2025-11-26T08:00:00-00:00,2025-11-26T09:00:00-00:00,2025-11-26,1,0,Hourly,RU,AS_SP26_EXP,DAM,RU_CLR_PRC,0,11
2025-11-26T10:00:00-00:00,2025-11-26T11:00:00-00:00,2025-11-26,3,0,Hourly,RU,AS_CAISO_EXP,DAM,RU_CLR_PRC,0.5,11
2025-11-26T12:00:00-00:00,2025-11-26T13:00:00-00:00,2025-11-26,5,0,Hourly,RU,AS_NP26,DAM,RU_CLR_PRC,0,11
2025-11-26T13:00:00-00:00,2025-11-26T14:00:00-00:00,2025-11-26,6,0,Hourly,RU,AS_CAISO_EXP,DAM,RU_CLR_PRC,1,11
2025-11-26T14:00:00-00:00,2025-11-26T15:00:00-00:00,2025-11-26,7,0,Hourly,RU,AS_CAISO_EXP,DAM,RU_CLR_PRC,2.00358,11
2025-11-26T14:00:00-00:00,2025-11-26T15:00:00-00:00,2025-11-26,7,0,Hourly,RU,AS_NP26,DAM,RU_CLR_PRC,0,11
2025-11-26T14:00:00-00:00,2025-11-26T15:00:00-00:00,2025-11-26,7,0,Hourly,RU,AS_SP26_EXP,DAM,RU_CLR_PRC,0,11
2025-11-26T15:00:00-00:00,2025-11-26T16:00:00-00:00,2025-11-26,8,0,Hourly,RU,AS_SP26_EXP,DAM,RU_CLR_PRC,0,11
2025-11-26T16:00:00-00:00,2025-11-26T17:00:00-00:00,2025-11-26,9,0,Hourly,RU,AS_NP26_EXP,DAM,RU_CLR_PRC,1.94862,11
2025-11-26T17:00:00-00:00,2025-11-26T18:00:00-00:00,2025-11-26,10,0,Hourly,RU,AS_CAISO_EXP,DAM,RU_CLR_PRC,0.79108,11
2025-11-26T18:00:00-00:00,2025-11-26T19:00:00-00:00,2025-11-26,11,0,Hourly,RU,AS_SP26_EXP,DAM,RU_CLR_PRC,0,11
2025-11-26T20:00:00-00:00,2025-11-26T21:00:00-00:00,2025-11-26,13,0,Hourly,RU,AS_NP26_EXP,DAM,RU_CLR_PRC,1.07118,11
2025-11-26T22:00:00-00:00,2025-11-26T23:00:00-00:00,2025-11-26,15,0,Hourly,RU,AS_SP26,DAM,RU_CLR_PRC,0,11
2025-11-27T03:00:00-00:00,2025-11-27T04:00:00-00:00,2025-11-26,20,0,Hourly,RU,AS_CAISO,DAM,RU_CLR_PRC,0,11
2025-11-27T03:00:00-00:00,2025-11-27T04:00:00-00:00,2025-11-26,20,0,Hourly,RU,AS_CAISO_EXP,DAM,RU_CLR_PRC,0.2,11
2025-11-27T03:00:00-00:00,2025-11-27T04:00:00-00:00,2025-11-26,20,0,Hourly,RU,AS_SP26,DAM,RU_CLR_PRC,0,11
2025-11-27T03:00:00-00:00,2025-11-27T04:00:00-00:00,2025-11-26,20,0,Hourly,RU,AS_SP26_EXP,DAM,RU_CLR_PRC,0,11
2025-11-27T04:00:00-00:00,2025-11-27T05:00:00-00:00,2025-11-26,21,0,Hourly,RU,AS_SP26_EXP,DAM,RU_CLR_PRC,0,11
2025-11-27T05:00:00-00:00,2025-11-27T06:00:00-00:00,2025-11-26,22,0,Hourly,RU,AS_CAISO_EXP,DAM,RU_CLR_PRC,0.79648,11
2025-11-27T06:00:00-00:00,2025-11-27T07:00:00-00:00,2025-11-26,23,0,Hourly,RU,AS_NP26_EXP,DAM,RU_CLR_PRC,0.5,11
2025-11-27T06:00:00-00:00,2025-11-27T07:00:00-00:00,2025-11-26,23,0,Hourly,RU,AS_SP26,DAM,RU_CLR_PRC,0,11
2025-11-27T07:00:00-00:00,2025-11-27T08:00:00-00:00,2025-11-26,24,0,Hourly,RU,AS_SP26_EXP,DAM,RU_CLR_PRC,0,11
2025-11-26T11:00:00-00:00,2025-11-26T12:00:00-00:00,2025-11-26,4,0,Hourly,RU,AS_NP26,DAM,RU_CLR_PRC,0,11
2025-11-26T13:00:00-00:00,2025-11-26T14:00:00-00:00,2025-11-26,6,0,Hourly,RU,AS_CAISO,DAM,RU_CLR_PRC,0,11
2025-11-26T14:00:00-00:00,2025-11-26T15:00:00-00:00,2025-11-26,7,0,Hourly,RU,AS_CAISO,DAM,RU_CLR_PRC,0,11
2025-11-26T15:00:00-00:00,2025-11-26T16:00:00-00:00,2025-11-26,8,0,Hourly,RU,AS_NP26_EXP,DAM,RU_CLR_PRC,0,11
2025-11-26T17:00:00-00:00,2025-11-26T18:00:00-00:00,2025-11-26,10,0,Hourly,RU,AS_NP26,DAM,RU_CLR_PRC,0,11
2025-11-26T18:00:00-00:00,2025-11-26T19:00:00-00:00,2025-11-26,11,0,Hourly,RU,AS_SP26,DAM,RU_CLR_PRC,0,11
2025-11-26T19:00:00-00:00,2025-11-26T20:00:00-00:00,2025-11-26,12,0,Hourly,RU,AS_CAISO_EXP,DAM,RU_CLR_PRC,0.17192,11
2025-11-26T20:00:00-00:00,2025-11-26T21:00:00-00:00,2025-11-26,13,0,Hourly,RU,AS_SP26,DAM,RU_CLR_PRC,0,11
2025-11-26T21:00:00-00:00,2025-11-26T22:00:00-00:00,2025-11-26,14,0,Hourly,RU,AS_CAISO_EXP,DAM,RU_CLR_PRC,0.37804,11
2025-11-26T23:00:00-00:00,2025-11-27T00:00:00-00:00,2025-11-26,16,0,Hourly,RU,AS_SP26,DAM,RU_CLR_PRC,0,11
2025-11-27T00:00:00-00:00,2025-11-27T01:00:00-00:00,2025-11-26,17,0,Hourly,RU,AS_SP26_EXP,DAM,RU_CLR_PRC,0,11
2025-11-27T02:00:00-00:00,2025-11-27T03:00:00-00:00,2025-11-26,19,0,Hourly,RU,AS_NP26,DAM,RU_CLR_PRC,0,11
2025-11-27T04:00:00-00:00,2025-11-27T05:00:00-00:00,2025-11-26,21,0,Hourly,RU,AS_CAISO_EXP,DAM,RU_CLR_PRC,0.3029,11
2025-11-27T05:00:00-00:00,2025-11-27T06:00:00-00:00,2025-11-26,22,0,Hourly,RU,AS_NP26_EXP,DAM,RU_CLR_PRC,0.70352,11
2025-11-27T07:00:00-00:00,2025-11-27T08:00:00-00:00,2025-11-26,24,0,Hourly,RU,AS_CAISO,DAM,RU_CLR_PRC,0,11
2025-11-26T13:00:00-00:00,2025-11-26T14:00:00-00:00,2025-11-26,6,0,Hourly,RU,AS_NP26,DAM,RU_CLR_PRC,0,11
2025-11-26T13:00:00-00:00,2025-11-26T14:00:00-00:00,2025-11-26,6,0,Hourly,RU,AS_SP26,DAM,RU_CLR_PRC,0,11
2025-11-26T14:00:00-00:00,2025-11-26T15:00:00-00:00,2025-11-26,7,0,Hourly,RU,AS_NP26_EXP,DAM,RU_CLR_PRC,0.5,11
2025-11-26T14:00:00-00:00,2025-11-26T15:00:00-00:00,2025-11-26,7,0,Hourly,RU,AS_SP26,DAM,RU_CLR_PRC,0,11
2025-11-26T15:00:00-00:00,2025-11-26T16:00:00-00:00,2025-11-26,8,0,Hourly,RU,AS_CAISO_EXP,DAM,RU_CLR_PRC,3,11
2025-11-26T16:00:00-00:00,2025-11-26T17:00:00-00:00,2025-11-26,9,0,Hourly,RU,AS_SP26_EXP,DAM,RU_CLR_PRC,0,11
2025-11-26T18:00:00-00:00,2025-11-26T19:00:00-00:00,2025-11-26,11,0,Hourly,RU,AS_CAISO_EXP,DAM,RU_CLR_PRC,0.172,11
2025-11-26T21:00:00-00:00,2025-11-26T22:00:00-00:00,2025-11-26,14,0,Hourly,RU,AS_NP26_EXP,DAM,RU_CLR_PRC,0.99067,11
2025-11-26T21:00:00-00:00,2025-11-26T22:00:00-00:00,2025-11-26,14,0,Hourly,RU,AS_SP26,DAM,RU_CLR_PRC,0,11
2025-11-26T22:00:00-00:00,2025-11-26T23:00:00-00:00,2025-11-26,15,0,Hourly,RU,AS_NP26,DAM,RU_CLR_PRC,0,11
2025-11-26T23:00:00-00:00,2025-11-27T00:00:00-00:00,2025-11-26,16,0,Hourly,RU,AS_NP26,DAM,RU_CLR_PRC,0,11
2025-11-27T18:00:00-00:00,2025-11-27T19:00:00-00:00,2025-11-27,11,0,Hourly,RU,AS_CAISO,DAM,RU_CLR_PRC,0,12
2025-11-27T18:00:00-00:00,2025-11-27T19:00:00-00:00,2025-11-27,11,0,Hourly,RU,AS_NP26,DAM,RU_CLR_PRC,0,12
2025-11-27T18:00:00-00:00,2025-11-27T19:00:00-00:00,2025-11-27,11,0,Hourly,RU,AS_NP26_EXP,DAM,RU_CLR_PRC,1.76,12
2025-11-27T19:00:00-00:00,2025-11-27T20:00:00-00:00,2025-11-27,12,0,Hourly,RU,AS_CAISO_EXP,DAM,RU_CLR_PRC,2,12
2025-11-27T19:00:00-00:00,2025-11-27T20:00:00-00:00,2025-11-27,12,0,Hourly,RU,AS_SP26,DAM,RU_CLR_PRC,0,12
2025-11-27T20:00:00-00:00,2025-11-27T21:00:00-00:00,2025-11-27,13,0,Hourly,RU,AS_NP26_EXP,DAM,RU_CLR_PRC,1.83,12
2025-11-27T20:00:00-00:00,2025-11-27T21:00:00-00:00,2025-11-27,13,0,Hourly,RU,AS_SP26,DAM,RU_CLR_PRC,0,12
2025-11-27T21:00:00-00:00,2025-11-27T22:00:00-00:00,2025-11-27,14,0,Hourly,RU,AS_NP26_EXP,DAM,RU_CLR_PRC,0,12
2025-11-27T22:00:00-00:00,2025-11-27T23:00:00-00:00,2025-11-27,15,0,Hourly,RU,AS_NP26_EXP,DAM,RU_CLR_PRC,1.67,12
2025-11-27T22:00:00-00:00,2025-11-27T23:00:00-00:00,2025-11-27,15,0,Hourly,RU,AS_SP26_EXP,DAM,RU_CLR_PRC,0,12
2025-11-27T23:00:00-00:00,2025-11-28T00:00:00-00:00,2025-11-27,16,0,Hourly,RU,AS_CAISO_EXP,DAM,RU_CLR_PRC,0.6152,12
2025-11-28T01:00:00-00:00,2025-11-28T02:00:00-00:00,2025-11-27,18,0,Hourly,RU,AS_CAISO,DAM,RU_CLR_PRC,0,12
2025-11-28T01:00:00-00:00,2025-11-28T02:00:00-00:00,2025-11-27,18,0,Hourly,RU,AS_NP26_EXP,DAM,RU_CLR_PRC,1.90305,12
2025-11-28T02:00:00-00:00,2025-11-28T03:00:00-00:00,2025-11-27,19,0,Hourly,RU,AS_NP26_EXP,DAM,RU_CLR_PRC,1.17065,12
2025-11-28T03:00:00-00:00,2025-11-28T04:00:00-00:00,2025-11-27,20,0,Hourly,RU,AS_CAISO,DAM,RU_CLR_PRC,0,12
2025-11-28T03:00:00-00:00,2025-11-28T04:00:00-00:00,2025-11-27,20,0,Hourly,RU,AS_NP26,DAM,RU_CLR_PRC,0,12
2025-11-27T21:00:00-00:00,2025-11-27T22:00:00-00:00,2025-11-27,14,0,Hourly,RU,AS_NP26,DAM,RU_CLR_PRC,0,12
2025-11-27T23:00:00-00:00,2025-11-28T00:00:00-00:00,2025-11-27,16,0,Hourly,RU,AS_NP26,DAM,RU_CLR_PRC,0,12
2025-11-27T23:00:00-00:00,2025-11-28T00:00:00-00:00,2025-11-27,16,0,Hourly,RU,AS_SP26,DAM,RU_CLR_PRC,0,12
2025-11-28T01:00:00-00:00,2025-11-28T02:00:00-00:00,2025-11-27,18,0,Hourly,RU,AS_CAISO_EXP,DAM,RU_CLR_PRC,0.99596,12
2025-11-28T02:00:00-00:00,2025-11-28T03:00:00-00:00,2025-11-27,19,0,Hourly,RU,AS_NP26,DAM,RU_CLR_PRC,0,12
2025-11-27T08:00:00-00:00,2025-11-27T09:00:00-00:00,2025-11-27,1,0,Hourly,RU,AS_CAISO,DAM,RU_CLR_PRC,0,12
2025-11-27T10:00:00-00:00,2025-11-27T11:00:00-00:00,2025-11-27,3,0,Hourly,RU,AS_NP26_EXP,DAM,RU_CLR_PRC,1.2433,12
2025-11-27T11:00:00-00:00,2025-11-27T12:00:00-00:00,2025-11-27,4,0,Hourly,RU,AS_SP26_EXP,DAM,RU_CLR_PRC,0,12
2025-11-27T13:00:00-00:00,2025-11-27T14:00:00-00:00,2025-11-27,6,0,Hourly,RU,AS_SP26_EXP,DAM,RU_CLR_PRC,0,12
2025-11-27T17:00:00-00:00,2025-11-27T18:00:00-00:00,2025-11-27,10,0,Hourly,RU,AS_NP26_EXP,DAM,RU_CLR_PRC,2.53,12
2025-11-27T18:00:00-00:00,2025-11-27T19:00:00-00:00,2025-11-27,11,0,Hourly,RU,AS_CAISO_EXP,DAM,RU_CLR_PRC,0.24,12
2025-11-27T19:00:00-00:00,2025-11-27T20:00:00-00:00,2025-11-27,12,0,Hourly,RU,AS_NP26_EXP,DAM,RU_CLR_PRC,0,12
2025-11-27T21:00:00-00:00,2025-11-27T22:00:00-00:00,2025-11-27,14,0,Hourly,RU,AS_SP26,DAM,RU_CLR_PRC,0,12
2025-11-27T23:00:00-00:00,2025-11-28T00:00:00-00:00,2025-11-27,16,0,Hourly,RU,AS_SP26_EXP,DAM,RU_CLR_PRC,0,12
2025-11-28T05:00:00-00:00,2025-11-28T06:00:00-00:00,2025-11-27,22,0,Hourly,RU,AS_NP26_EXP,DAM,RU_CLR_PRC,0.60775,12
2025-11-28T07:00:00-00:00,2025-11-28T08:00:00-00:00,2025-11-27,24,0,Hourly,RU,AS_CAISO_EXP,DAM,RU_CLR_PRC,2.745,12
2025-11-27T08:00:00-00:00,2025-11-27T09:00:00-00:00,2025-11-27,1,0,Hourly,RU,AS_NP26_EXP,DAM,RU_CLR_PRC,1,12
2025-11-27T08:00:00-00:00,2025-11-27T09:00:00-00:00,2025-11-27,1,0,Hourly,RU,AS_SP26,DAM,RU_CLR_PRC,0,12
2025-11-27T09:00:00-00:00,2025-11-27T10:00:00-00:00,2025-11-27,2,0,Hourly,RU,AS_NP26_EXP,DAM,RU_CLR_PRC,0.77273,12
2025-11-27T11:00:00-00:00,2025-11-27T12:00:00-00:00,2025-11-27,4,0,Hourly,RU,AS_CAISO_EXP,DAM,RU_CLR_PRC,0.5,12
2025-11-27T11:00:00-00:00,2025-11-27T12:00:00-00:00,2025-11-27,4,0,Hourly,RU,AS_NP26,DAM,RU_CLR_PRC,0,12
2025-11-27T12:00:00-00:00,2025-11-27T13:00:00-00:00,2025-11-27,5,0,Hourly,RU,AS_CAISO_EXP,DAM,RU_CLR_PRC,0.56,12
2025-11-27T13:00:00-00:00,2025-11-27T14:00:00-00:00,2025-11-27,6,0,Hourly,RU,AS_SP26,DAM,RU_CLR_PRC,0,12
2025-11-27T14:00:00-00:00,2025-11-27T15:00:00-00:00,2025-11-27,7,0,Hourly,RU,AS_NP26,DAM,RU_CLR_PRC,0,12
2025-11-27T15:00:00-00:00,2025-11-27T16:00:00-00:00,2025-11-27,8,0,Hourly,RU,AS_CAISO,DAM,RU_CLR_PRC,0,12
2025-11-27T16:00:00-00:00,2025-11-27T17:00:00-00:00,2025-11-27,9,0,Hourly,RU,AS_CAISO_EXP,DAM,RU_CLR_PRC,0.56,12
2025-11-27T16:00:00-00:00,2025-11-27T17:00:00-00:00,2025-11-27,9,0,Hourly,RU,AS_SP26,DAM,RU_CLR_PRC,0,12
2025-11-27T17:00:00-00:00,2025-11-27T18:00:00-00:00,2025-11-27,10,0,Hourly,RU,AS_CAISO,DAM,RU_CLR_PRC,0,12
2025-11-27T18:00:00-00:00,2025-11-27T19:00:00-00:00,2025-11-27,11,0,Hourly,RU,AS_SP26,DAM,RU_CLR_PRC,0,12
2025-11-27T21:00:00-00:00,2025-11-27T22:00:00-00:00,2025-11-27,14,0,Hourly,RU,AS_CAISO,DAM,RU_CLR_PRC,0,12
2025-11-27T22:00:00-00:00,2025-11-27T23:00:00-00:00,2025-11-27,15,0,Hourly,RU,AS_CAISO_EXP,DAM,RU_CLR_PRC,2,12
2025-11-27T22:00:00-00:00,2025-11-27T23:00:00-00:00,2025-11-27,15,0,Hourly,RU,AS_NP26,DAM,RU_CLR_PRC,0,12
2025-11-27T22:00:00-00:00,2025-11-27T23:00:00-00:00,2025-11-27,15,0,Hourly,RU,AS_SP26,DAM,RU_CLR_PRC,0,12
2025-11-27T23:00:00-00:00,2025-11-28T00:00:00-00:00,2025-11-27,16,0,Hourly,RU,AS_CAISO,DAM,RU_CLR_PRC,0,12
2025-11-28T02:00:00-00:00,2025-11-28T03:00:00-00:00,2025-11-27,19,0,Hourly,RU,AS_SP26,DAM,RU_CLR_PRC,0,12
2025-11-28T04:00:00-00:00,2025-11-28T05:00:00-00:00,2025-11-27,21,0,Hourly,RU,AS_NP26,DAM,RU_CLR_PRC,0,12
2025-11-28T05:00:00-00:00,2025-11-28T06:00:00-00:00,2025-11-27,22,0,Hourly,RU,AS_CAISO_EXP,DAM,RU_CLR_PRC,1,12
2025-11-28T06:00:00-00:00,2025-11-28T07:00:00-00:00,2025-11-27,23,0,Hourly,RU,AS_CAISO,DAM,RU_CLR_PRC,0,12
2025-11-28T06:00:00-00:00,2025-11-28T07:00:00-00:00,2025-11-27,23,0,Hourly,RU,AS_SP26_EXP,DAM,RU_CLR_PRC,0,12
2025-11-28T07:00:00-00:00,2025-11-28T08:00:00-00:00,2025-11-27,24,0,Hourly,RU,AS_SP26_EXP,DAM,RU_CLR_PRC,1.955,12
2025-11-27T09:00:00-00:00,2025-11-27T10:00:00-00:00,2025-11-27,2,0,Hourly,RU,AS_CAISO,DAM,RU_CLR_PRC,0,12
2025-11-27T10:00:00-00:00,2025-11-27T11:00:00-00:00,2025-11-27,3,0,Hourly,RU,AS_NP26,DAM,RU_CLR_PRC,0,12
2025-11-27T12:00:00-00:00,2025-11-27T13:00:00-00:00,2025-11-27,5,0,Hourly,RU,AS_SP26_EXP,DAM,RU_CLR_PRC,0,12
2025-11-27T14:00:00-00:00,2025-11-27T15:00:00-00:00,2025-11-27,7,0,Hourly,RU,AS_CAISO,DAM,RU_CLR_PRC,0,12
2025-11-27T14:00:00-00:00,2025-11-27T15:00:00-00:00,2025-11-27,7,0,Hourly,RU,AS_SP26_EXP,DAM,RU_CLR_PRC,0,12
2025-11-27T16:00:00-00:00,2025-11-27T17:00:00-00:00,2025-11-27,9,0,Hourly,RU,AS_CAISO,DAM,RU_CLR_PRC,0,12
2025-11-27T20:00:00-00:00,2025-11-27T21:00:00-00:00,2025-11-27,13,0,Hourly,RU,AS_CAISO_EXP,DAM,RU_CLR_PRC,0.29,12
2025-11-27T20:00:00-00:00,2025-11-27T21:00:00-00:00,2025-11-27,13,0,Hourly,RU,AS_NP26,DAM,RU_CLR_PRC,0,12
2025-11-27T22:00:00-00:00,2025-11-27T23:00:00-00:00,2025-11-27,15,0,Hourly,RU,AS_CAISO,DAM,RU_CLR_PRC,0,12
2025-11-28T00:00:00-00:00,2025-11-28T01:00:00-00:00,2025-11-27,17,0,Hourly,RU,AS_SP26_EXP,DAM,RU_CLR_PRC,0,12
2025-11-28T02:00:00-00:00,2025-11-28T03:00:00-00:00,2025-11-27,19,0,Hourly,RU,AS_CAISO_EXP,DAM,RU_CLR_PRC,0.18,12
2025-11-28T03:00:00-00:00,2025-11-28T04:00:00-00:00,2025-11-27,20,0,Hourly,RU,AS_SP26_EXP,DAM,RU_CLR_PRC,0,12
2025-11-28T04:00:00-00:00,2025-11-28T05:00:00-00:00,2025-11-27,21,0,Hourly,RU,AS_CAISO_EXP,DAM,RU_CLR_PRC,0.17,12
2025-11-28T07:00:00-00:00,2025-11-28T08:00:00-00:00,2025-11-27,24,0,Hourly,RU,AS_NP26_EXP,DAM,RU_CLR_PRC,0,12
2025-11-27T09:00:00-00:00,2025-11-27T10:00:00-00:00,2025-11-27,2,0,Hourly,RU,AS_SP26_EXP,DAM,RU_CLR_PRC,0,12
2025-11-27T10:00:00-00:00,2025-11-27T11:00:00-00:00,2025-11-27,3,0,Hourly,RU,AS_CAISO,DAM,RU_CLR_PRC,0,12
2025-11-27T10:00:00-00:00,2025-11-27T11:00:00-00:00,2025-11-27,3,0,Hourly,RU,AS_SP26,DAM,RU_CLR_PRC,0,12
2025-11-27T10:00:00-00:00,2025-11-27T11:00:00-00:00,2025-11-27,3,0,Hourly,RU,AS_SP26_EXP,DAM,RU_CLR_PRC,0,12
2025-11-27T13:00:00-00:00,2025-11-27T14:00:00-00:00,2025-11-27,6,0,Hourly,RU,AS_CAISO,DAM,RU_CLR_PRC,0,12
2025-11-27T14:00:00-00:00,2025-11-27T15:00:00-00:00,2025-11-27,7,0,Hourly,RU,AS_CAISO_EXP,DAM,RU_CLR_PRC,1.5939,12
2025-11-27T15:00:00-00:00,2025-11-27T16:00:00-00:00,2025-11-27,8,0,Hourly,RU,AS_SP26,DAM,RU_CLR_PRC,0,12
2025-11-27T16:00:00-00:00,2025-11-27T17:00:00-00:00,2025-11-27,9,0,Hourly,RU,AS_NP26,DAM,RU_CLR_PRC,0,12
2025-11-27T16:00:00-00:00,2025-11-27T17:00:00-00:00,2025-11-27,9,0,Hourly,RU,AS_SP26_EXP,DAM,RU_CLR_PRC,0,12
2025-11-27T17:00:00-00:00,2025-11-27T18:00:00-00:00,2025-11-27,10,0,Hourly,RU,AS_CAISO_EXP,DAM,RU_CLR_PRC,0.17,12
2025-11-27T09:00:00-00:00,2025-11-27T10:00:00-00:00,2025-11-27,2,0,Hourly,RU,AS_CAISO_EXP,DAM,RU_CLR_PRC,1,12
2025-11-27T09:00:00-00:00,2025-11-27T10:00:00-00:00,2025-11-27,2,0,Hourly,RU,AS_NP26,DAM,RU_CLR_PRC,0,12
2025-11-27T10:00:00-00:00,2025-11-27T11:00:00-00:00,2025-11-27,3,0,Hourly,RU,AS_CAISO_EXP,DAM,RU_CLR_PRC,0.44284,12
2025-11-27T11:00:00-00:00,2025-11-27T12:00:00-00:00,2025-11-27,4,0,Hourly,RU,AS_SP26,DAM,RU_CLR_PRC,0,12
2025-11-27T12:00:00-00:00,2025-11-27T13:00:00-00:00,2025-11-27,5,0,Hourly,RU,AS_SP26,DAM,RU_CLR_PRC,0,12
2025-11-27T14:00:00-00:00,2025-11-27T15:00:00-00:00,2025-11-27,7,0,Hourly,RU,AS_SP26,DAM,RU_CLR_PRC,0,12
2025-11-27T15:00:00-00:00,2025-11-27T16:00:00-00:00,2025-11-27,8,0,Hourly,RU,AS_NP26,DAM,RU_CLR_PRC,0,12
2025-11-27T17:00:00-00:00,2025-11-27T18:00:00-00:00,2025-11-27,10,0,Hourly,RU,AS_NP26,DAM,RU_CLR_PRC,0,12
2025-11-27T17:00:00-00:00,2025-11-27T18:00:00-00:00,2025-11-27,10,0,Hourly,RU,AS_SP26,DAM,RU_CLR_PRC,0,12
2025-11-27T17:00:00-00:00,2025-11-27T18:00:00-00:00,2025-11-27,10,0,Hourly,RU,AS_SP26_EXP,DAM,RU_CLR_PRC,0,12
2025-11-27T20:00:00-00:00,2025-11-27T21:00:00-00:00,2025-11-27,13,0,Hourly,RU,AS_CAISO,DAM,RU_CLR_PRC,0,12
2025-11-28T00:00:00-00:00,2025-11-28T01:00:00-00:00,2025-11-27,17,0,Hourly,RU,AS_CAISO_EXP,DAM,RU_CLR_PRC,1.66961,12
2025-11-28T00:00:00-00:00,2025-11-28T01:00:00-00:00,2025-11-27,17,0,Hourly,RU,AS_NP26,DAM,RU_CLR_PRC,0,12
2025-11-28T01:00:00-00:00,2025-11-28T02:00:00-00:00,2025-11-27,18,0,Hourly,RU,AS_NP26,DAM,RU_CLR_PRC,0,12
2025-11-28T02:00:00-00:00,2025-11-28T03:00:00-00:00,2025-11-27,19,0,Hourly,RU,AS_CAISO,DAM,RU_CLR_PRC,0,12
2025-11-28T02:00:00-00:00,2025-11-28T03:00:00-00:00,2025-11-27,19,0,Hourly,RU,AS_SP26_EXP,DAM,RU_CLR_PRC,0,12
2025-11-28T03:00:00-00:00,2025-11-28T04:00:00-00:00,2025-11-27,20,0,Hourly,RU,AS_NP26_EXP,DAM,RU_CLR_PRC,0.74802,12
2025-11-28T05:00:00-00:00,2025-11-28T06:00:00-00:00,2025-11-27,22,0,Hourly,RU,AS_CAISO,DAM,RU_CLR_PRC,0,12
2025-11-28T06:00:00-00:00,2025-11-28T07:00:00-00:00,2025-11-27,23,0,Hourly,RU,AS_CAISO_EXP,DAM,RU_CLR_PRC,1.35618,12
2025-11-28T07:00:00-00:00,2025-11-28T08:00:00-00:00,2025-11-27,24,0,Hourly,RU,AS_NP26,DAM,RU_CLR_PRC,0,12
2025-11-27T08:00:00-00:00,2025-11-27T09:00:00-00:00,2025-11-27,1,0,Hourly,RU,AS_NP26,DAM,RU_CLR_PRC,0,12
2025-11-27T09:00:00-00:00,2025-11-27T10:00:00-00:00,2025-11-27,2,0,Hourly,RU,AS_SP26,DAM,RU_CLR_PRC,0,12
2025-11-27T11:00:00-00:00,2025-11-27T12:00:00-00:00,2025-11-27,4,0,Hourly,RU,AS_CAISO,DAM,RU_CLR_PRC,0,12
2025-11-27T12:00:00-00:00,2025-11-27T13:00:00-00:00,2025-11-27,5,0,Hourly,RU,AS_CAISO,DAM,RU_CLR_PRC,0,12
2025-11-27T13:00:00-00:00,2025-11-27T14:00:00-00:00,2025-11-27,6,0,Hourly,RU,AS_CAISO_EXP,DAM,RU_CLR_PRC,0.83612,12
2025-11-27T15:00:00-00:00,2025-11-27T16:00:00-00:00,2025-11-27,8,0,Hourly,RU,AS_CAISO_EXP,DAM,RU_CLR_PRC,3.19,12
2025-11-27T15:00:00-00:00,2025-11-27T16:00:00-00:00,2025-11-27,8,0,Hourly,RU,AS_SP26_EXP,DAM,RU_CLR_PRC,0,12
2025-11-27T16:00:00-00:00,2025-11-27T17:00:00-00:00,2025-11-27,9,0,Hourly,RU,AS_NP26_EXP,DAM,RU_CLR_PRC,1.44,12
2025-11-27T19:00:00-00:00,2025-11-27T20:00:00-00:00,2025-11-27,12,0,Hourly,RU,AS_CAISO,DAM,RU_CLR_PRC,0,12
2025-11-27T19:00:00-00:00,2025-11-27T20:00:00-00:00,2025-11-27,12,0,Hourly,RU,AS_SP26_EXP,DAM,RU_CLR_PRC,0,12
2025-11-27T20:00:00-00:00,2025-11-27T21:00:00-00:00,2025-11-27,13,0,Hourly,RU,AS_SP26_EXP,DAM,RU_CLR_PRC,0,12
2025-11-27T21:00:00-00:00,2025-11-27T22:00:00-00:00,2025-11-27,14,0,Hourly,RU,AS_CAISO_EXP,DAM,RU_CLR_PRC,2,12
2025-11-27T21:00:00-00:00,2025-11-27T22:00:00-00:00,2025-11-27,14,0,Hourly,RU,AS_SP26_EXP,DAM,RU_CLR_PRC,0,12
2025-11-27T23:00:00-00:00,2025-11-28T00:00:00-00:00,2025-11-27,16,0,Hourly,RU,AS_NP26_EXP,DAM,RU_CLR_PRC,0.33,12
2025-11-28T00:00:00-00:00,2025-11-28T01:00:00-00:00,2025-11-27,17,0,Hourly,RU,AS_CAISO,DAM,RU_CLR_PRC,0,12
2025-11-28T01:00:00-00:00,2025-11-28T02:00:00-00:00,2025-11-27,18,0,Hourly,RU,AS_SP26,DAM,RU_CLR_PRC,0,12
2025-11-28T01:00:00-00:00,2025-11-28T02:00:00-00:00,2025-11-27,18,0,Hourly,RU,AS_SP26_EXP,DAM,RU_CLR_PRC,0,12
2025-11-28T04:00:00-00:00,2025-11-28T05:00:00-00:00,2025-11-27,21,0,Hourly,RU,AS_CAISO,DAM,RU_CLR_PRC,0,12
2025-11-28T04:00:00-00:00,2025-11-28T05:00:00-00:00,2025-11-27,21,0,Hourly,RU,AS_NP26_EXP,DAM,RU_CLR_PRC,0.86645,12
2025-11-28T04:00:00-00:00,2025-11-28T05:00:00-00:00,2025-11-27,21,0,Hourly,RU,AS_SP26_EXP,DAM,RU_CLR_PRC,0,12
2025-11-28T05:00:00-00:00,2025-11-28T06:00:00-00:00,2025-11-27,22,0,Hourly,RU,AS_NP26,DAM,RU_CLR_PRC,0,12
2025-11-28T05:00:00-00:00,2025-11-28T06:00:00-00:00,2025-11-27,22,0,Hourly,RU,AS_SP26_EXP,DAM,RU_CLR_PRC,0,12
2025-11-28T06:00:00-00:00,2025-11-28T07:00:00-00:00,2025-11-27,23,0,Hourly,RU,AS_NP26_EXP,DAM,RU_CLR_PRC,0,12
2025-11-28T07:00:00-00:00,2025-11-28T08:00:00-00:00,2025-11-27,24,0,Hourly,RU,AS_SP26,DAM,RU_CLR_PRC,0,12
2025-11-27T12:00:00-00:00,2025-11-27T13:00:00-00:00,2025-11-27,5,0,Hourly,RU,AS_NP26_EXP,DAM,RU_CLR_PRC,0,12
2025-11-28T00:00:00-00:00,2025-11-28T01:00:00-00:00,2025-11-27,17,0,Hourly,RU,AS_NP26_EXP,DAM,RU_CLR_PRC,1.24251,12
2025-11-28T00:00:00-00:00,2025-11-28T01:00:00-00:00,2025-11-27,17,0,Hourly,RU,AS_SP26,DAM,RU_CLR_PRC,0,12
2025-11-28T03:00:00-00:00,2025-11-28T04:00:00-00:00,2025-11-27,20,0,Hourly,RU,AS_CAISO_EXP,DAM,RU_CLR_PRC,0.18,12
2025-11-28T03:00:00-00:00,2025-11-28T04:00:00-00:00,2025-11-27,20,0,Hourly,RU,AS_SP26,DAM,RU_CLR_PRC,0,12
2025-11-28T04:00:00-00:00,2025-11-28T05:00:00-00:00,2025-11-27,21,0,Hourly,RU,AS_SP26,DAM,RU_CLR_PRC,0,12
2025-11-28T05:00:00-00:00,2025-11-28T06:00:00-00:00,2025-11-27,22,0,Hourly,RU,AS_SP26,DAM,RU_CLR_PRC,0,12
2025-11-28T06:00:00-00:00,2025-11-28T07:00:00-00:00,2025-11-27,23,0,Hourly,RU,AS_NP26,DAM,RU_CLR_PRC,0,12
2025-11-28T06:00:00-00:00,2025-11-28T07:00:00-00:00,2025-11-27,23,0,Hourly,RU,AS_SP26,DAM,RU_CLR_PRC,0,12
2025-11-28T07:00:00-00:00,2025-11-28T08:00:00-00:00,2025-11-27,24,0,Hourly,RU,AS_CAISO,DAM,RU_CLR_PRC,0,12
2025-11-27T08:00:00-00:00,2025-11-27T09:00:00-00:00,2025-11-27,1,0,Hourly,RU,AS_CAISO_EXP,DAM,RU_CLR_PRC,1,12
2025-11-27T08:00:00-00:00,2025-11-27T09:00:00-00:00,2025-11-27,1,0,Hourly,RU,AS_SP26_EXP,DAM,RU_CLR_PRC,0,12
2025-11-27T11:00:00-00:00,2025-11-27T12:00:00-00:00,2025-11-27,4,0,Hourly,RU,AS_NP26_EXP,DAM,RU_CLR_PRC,1.28355,12
2025-11-27T12:00:00-00:00,2025-11-27T13:00:00-00:00,2025-11-27,5,0,Hourly,RU,AS_NP26,DAM,RU_CLR_PRC,0,12
2025-11-27T13:00:00-00:00,2025-11-27T14:00:00-00:00,2025-11-27,6,0,Hourly,RU,AS_NP26,DAM,RU_CLR_PRC,0,12
2025-11-27T13:00:00-00:00,2025-11-27T14:00:00-00:00,2025-11-27,6,0,Hourly,RU,AS_NP26_EXP,DAM,RU_CLR_PRC,0,12
2025-11-27T14:00:00-00:00,2025-11-27T15:00:00-00:00,2025-11-27,7,0,Hourly,RU,AS_NP26_EXP,DAM,RU_CLR_PRC,0,12
2025-11-27T15:00:00-00:00,2025-11-27T16:00:00-00:00,2025-11-27,8,0,Hourly,RU,AS_NP26_EXP,DAM,RU_CLR_PRC,0,12
2025-11-27T18:00:00-00:00,2025-11-27T19:00:00-00:00,2025-11-27,11,0,Hourly,RU,AS_SP26_EXP,DAM,RU_CLR_PRC,0,12
2025-11-27T19:00:00-00:00,2025-11-27T20:00:00-00:00,2025-11-27,12,0,Hourly,RU,AS_NP26,DAM,RU_CLR_PRC,0,12
2025-11-29T07:00:00-00:00,2025-11-29T08:00:00-00:00,2025-11-28,24,0,Hourly,RU,AS_CAISO_EXP,DAM,RU_CLR_PRC,4.22372,13
2025-11-28T08:00:00-00:00,2025-11-28T09:00:00-00:00,2025-11-28,1,0,Hourly,RU,AS_CAISO,DAM,RU_CLR_PRC,0,13
2025-11-28T08:00:00-00:00,2025-11-28T09:00:00-00:00,2025-11-28,1,0,Hourly,RU,AS_SP26_EXP,DAM,RU_CLR_PRC,0,13
2025-11-28T09:00:00-00:00,2025-11-28T10:00:00-00:00,2025-11-28,2,0,Hourly,RU,AS_SP26,DAM,RU_CLR_PRC,0,13
2025-11-28T10:00:00-00:00,2025-11-28T11:00:00-00:00,2025-11-28,3,0,Hourly,RU,AS_CAISO_EXP,DAM,RU_CLR_PRC,1.5,13
2025-11-28T10:00:00-00:00,2025-11-28T11:00:00-00:00,2025-11-28,3,0,Hourly,RU,AS_NP26,DAM,RU_CLR_PRC,0,13
2025-11-28T10:00:00-00:00,2025-11-28T11:00:00-00:00,2025-11-28,3,0,Hourly,RU,AS_SP26_EXP,DAM,RU_CLR_PRC,0,13
2025-11-28T14:00:00-00:00,2025-11-28T15:00:00-00:00,2025-11-28,7,0,Hourly,RU,AS_CAISO,DAM,RU_CLR_PRC,0,13
2025-11-28T16:00:00-00:00,2025-11-28T17:00:00-00:00,2025-11-28,9,0,Hourly,RU,AS_NP26,DAM,RU_CLR_PRC,0,13
2025-11-28T17:00:00-00:00,2025-11-28T18:00:00-00:00,2025-11-28,10,0,Hourly,RU,AS_CAISO,DAM,RU_CLR_PRC,0,13
2025-11-28T18:00:00-00:00,2025-11-28T19:00:00-00:00,2025-11-28,11,0,Hourly,RU,AS_SP26,DAM,RU_CLR_PRC,0,13
2025-11-28T19:00:00-00:00,2025-11-28T20:00:00-00:00,2025-11-28,12,0,Hourly,RU,AS_CAISO_EXP,DAM,RU_CLR_PRC,0.6,13
2025-11-28T20:00:00-00:00,2025-11-28T21:00:00-00:00,2025-11-28,13,0,Hourly,RU,AS_NP26_EXP,DAM,RU_CLR_PRC,1.81378,13
2025-11-28T22:00:00-00:00,2025-11-28T23:00:00-00:00,2025-11-28,15,0,Hourly,RU,AS_SP26_EXP,DAM,RU_CLR_PRC,0,13
2025-11-29T07:00:00-00:00,2025-11-29T08:00:00-00:00,2025-11-28,24,0,Hourly,RU,AS_NP26_EXP,DAM,RU_CLR_PRC,0,13
2025-11-29T07:00:00-00:00,2025-11-29T08:00:00-00:00,2025-11-28,24,0,Hourly,RU,AS_SP26_EXP,DAM,RU_CLR_PRC,0,13
2025-11-28T17:00:00-00:00,2025-11-28T18:00:00-00:00,2025-11-28,10,0,Hourly,RU,AS_SP26_EXP,DAM,RU_CLR_PRC,0,13
2025-11-28T19:00:00-00:00,2025-11-28T20:00:00-00:00,2025-11-28,12,0,Hourly,RU,AS_CAISO,DAM,RU_CLR_PRC,0,13
2025-11-28T20:00:00-00:00,2025-11-28T21:00:00-00:00,2025-11-28,13,0,Hourly,RU,AS_CAISO_EXP,DAM,RU_CLR_PRC,0.17,13
2025-11-28T20:00:00-00:00,2025-11-28T21:00:00-00:00,2025-11-28,13,0,Hourly,RU,AS_NP26,DAM,RU_CLR_PRC,0,13
2025-11-28T23:00:00-00:00,2025-11-29T00:00:00-00:00,2025-11-28,16,0,Hourly,RU,AS_SP26_EXP,DAM,RU_CLR_PRC,0,13
2025-11-29T00:00:00-00:00,2025-11-29T01:00:00-00:00,2025-11-28,17,0,Hourly,RU,AS_CAISO_EXP,DAM,RU_CLR_PRC,1.26172,13
2025-11-29T00:00:00-00:00,2025-11-29T01:00:00-00:00,2025-11-28,17,0,Hourly,RU,AS_NP26,DAM,RU_CLR_PRC,0,13
2025-11-29T01:00:00-00:00,2025-11-29T02:00:00-00:00,2025-11-28,18,0,Hourly,RU,AS_SP26,DAM,RU_CLR_PRC,0,13
2025-11-29T02:00:00-00:00,2025-11-29T03:00:00-00:00,2025-11-28,19,0,Hourly,RU,AS_NP26,DAM,RU_CLR_PRC,0,13
2025-11-29T02:00:00-00:00,2025-11-29T03:00:00-00:00,2025-11-28,19,0,Hourly,RU,AS_NP26_EXP,DAM,RU_CLR_PRC,1.59455,13
2025-11-29T02:00:00-00:00,2025-11-29T03:00:00-00:00,2025-11-28,19,0,Hourly,RU,AS_SP26_EXP,DAM,RU_CLR_PRC,0,13
2025-11-29T03:00:00-00:00,2025-11-29T04:00:00-00:00,2025-11-28,20,0,Hourly,RU,AS_NP26_EXP,DAM,RU_CLR_PRC,1.4204,13
2025-11-29T05:00:00-00:00,2025-11-29T06:00:00-00:00,2025-11-28,22,0,Hourly,RU,AS_CAISO,DAM,RU_CLR_PRC,0,13
2025-11-28T09:00:00-00:00,2025-11-28T10:00:00-00:00,2025-11-28,2,0,Hourly,RU,AS_CAISO_EXP,DAM,RU_CLR_PRC,0.97844,13
2025-11-28T12:00:00-00:00,2025-11-28T13:00:00-00:00,2025-11-28,5,0,Hourly,RU,AS_NP26,DAM,RU_CLR_PRC,0,13
2025-11-28T12:00:00-00:00,2025-11-28T13:00:00-00:00,2025-11-28,5,0,Hourly,RU,AS_SP26,DAM,RU_CLR_PRC,0,13
2025-11-28T13:00:00-00:00,2025-11-28T14:00:00-00:00,2025-11-28,6,0,Hourly,RU,AS_CAISO,DAM,RU_CLR_PRC,0,13
2025-11-28T13:00:00-00:00,2025-11-28T14:00:00-00:00,2025-11-28,6,0,Hourly,RU,AS_CAISO_EXP,DAM,RU_CLR_PRC,0.7496,13
2025-11-28T13:00:00-00:00,2025-11-28T14:00:00-00:00,2025-11-28,6,0,Hourly,RU,AS_NP26,DAM,RU_CLR_PRC,0,13
2025-11-28T14:00:00-00:00,2025-11-28T15:00:00-00:00,2025-11-28,7,0,Hourly,RU,AS_NP26_EXP,DAM,RU_CLR_PRC,0,13
2025-11-28T17:00:00-00:00,2025-11-28T18:00:00-00:00,2025-11-28,10,0,Hourly,RU,AS_NP26_EXP,DAM,RU_CLR_PRC,1.0898,13
2025-11-28T19:00:00-00:00,2025-11-28T20:00:00-00:00,2025-11-28,12,0,Hourly,RU,AS_NP26_EXP,DAM,RU_CLR_PRC,1.38678,13
2025-11-28T22:00:00-00:00,2025-11-28T23:00:00-00:00,2025-11-28,15,0,Hourly,RU,AS_CAISO,DAM,RU_CLR_PRC,0,13
2025-11-29T00:00:00-00:00,2025-11-29T01:00:00-00:00,2025-11-28,17,0,Hourly,RU,AS_SP26,DAM,RU_CLR_PRC,0,13
2025-11-29T03:00:00-00:00,2025-11-29T04:00:00-00:00,2025-11-28,20,0,Hourly,RU,AS_CAISO_EXP,DAM,RU_CLR_PRC,0.30155,13
2025-11-29T05:00:00-00:00,2025-11-29T06:00:00-00:00,2025-11-28,22,0,Hourly,RU,AS_CAISO_EXP,DAM,RU_CLR_PRC,0.35,13
2025-11-28T09:00:00-00:00,2025-11-28T10:00:00-00:00,2025-11-28,2,0,Hourly,RU,AS_NP26,DAM,RU_CLR_PRC,0,13
2025-11-28T10:00:00-00:00,2025-11-28T11:00:00-00:00,2025-11-28,3,0,Hourly,RU,AS_SP26,DAM,RU_CLR_PRC,0,13
2025-11-28T11:00:00-00:00,2025-11-28T12:00:00-00:00,2025-11-28,4,0,Hourly,RU,AS_CAISO_EXP,DAM,RU_CLR_PRC,0.5,13
2025-11-28T13:00:00-00:00,2025-11-28T14:00:00-00:00,2025-11-28,6,0,Hourly,RU,AS_SP26_EXP,DAM,RU_CLR_PRC,0,13
2025-11-28T14:00:00-00:00,2025-11-28T15:00:00-00:00,2025-11-28,7,0,Hourly,RU,AS_CAISO_EXP,DAM,RU_CLR_PRC,2.7,13
2025-11-28T15:00:00-00:00,2025-11-28T16:00:00-00:00,2025-11-28,8,0,Hourly,RU,AS_SP26_EXP,DAM,RU_CLR_PRC,0.73,13
2025-11-28T19:00:00-00:00,2025-11-28T20:00:00-00:00,2025-11-28,12,0,Hourly,RU,AS_SP26_EXP,DAM,RU_CLR_PRC,0,13
2025-11-28T21:00:00-00:00,2025-11-28T22:00:00-00:00,2025-11-28,14,0,Hourly,RU,AS_CAISO,DAM,RU_CLR_PRC,0,13
2025-11-28T22:00:00-00:00,2025-11-28T23:00:00-00:00,2025-11-28,15,0,Hourly,RU,AS_NP26,DAM,RU_CLR_PRC,0,13
2025-11-28T22:00:00-00:00,2025-11-28T23:00:00-00:00,2025-11-28,15,0,Hourly,RU,AS_NP26_EXP,DAM,RU_CLR_PRC,1.81365,13
2025-11-29T00:00:00-00:00,2025-11-29T01:00:00-00:00,2025-11-28,17,0,Hourly,RU,AS_NP26_EXP,DAM,RU_CLR_PRC,2.32357,13
2025-11-29T01:00:00-00:00,2025-11-29T02:00:00-00:00,2025-11-28,18,0,Hourly,RU,AS_CAISO,DAM,RU_CLR_PRC,0,13
2025-11-29T02:00:00-00:00,2025-11-29T03:00:00-00:00,2025-11-28,19,0,Hourly,RU,AS_CAISO,DAM,RU_CLR_PRC,0,13
2025-11-29T03:00:00-00:00,2025-11-29T04:00:00-00:00,2025-11-28,20,0,Hourly,RU,AS_CAISO,DAM,RU_CLR_PRC,0,13
2025-11-29T04:00:00-00:00,2025-11-29T05:00:00-00:00,2025-11-28,21,0,Hourly,RU,AS_CAISO,DAM,RU_CLR_PRC,0,13
2025-11-29T04:00:00-00:00,2025-11-29T05:00:00-00:00,2025-11-28,21,0,Hourly,RU,AS_NP26,DAM,RU_CLR_PRC,0,13
2025-11-29T06:00:00-00:00,2025-11-29T07:00:00-00:00,2025-11-28,23,0,Hourly,RU,AS_NP26,DAM,RU_CLR_PRC,0,13
2025-11-28T08:00:00-00:00,2025-11-28T09:00:00-00:00,2025-11-28,1,0,Hourly,RU,AS_NP26_EXP,DAM,RU_CLR_PRC,0.7909,13
2025-11-28T08:00:00-00:00,2025-11-28T09:00:00-00:00,2025-11-28,1,0,Hourly,RU,AS_CAISO_EXP,DAM,RU_CLR_PRC,1.71062,13
2025-11-28T08:00:00-00:00,2025-11-28T09:00:00-00:00,2025-11-28,1,0,Hourly,RU,AS_SP26,DAM,RU_CLR_PRC,0,13
2025-11-28T09:00:00-00:00,2025-11-28T10:00:00-00:00,2025-11-28,2,0,Hourly,RU,AS_CAISO,DAM,RU_CLR_PRC,0,13
2025-11-28T09:00:00-00:00,2025-11-28T10:00:00-00:00,2025-11-28,2,0,Hourly,RU,AS_SP26_EXP,DAM,RU_CLR_PRC,0,13
2025-11-28T13:00:00-00:00,2025-11-28T14:00:00-00:00,2025-11-28,6,0,Hourly,RU,AS_SP26,DAM,RU_CLR_PRC,0,13
2025-11-28T16:00:00-00:00,2025-11-28T17:00:00-00:00,2025-11-28,9,0,Hourly,RU,AS_CAISO_EXP,DAM,RU_CLR_PRC,1.96161,13
2025-11-28T17:00:00-00:00,2025-11-28T18:00:00-00:00,2025-11-28,10,0,Hourly,RU,AS_CAISO_EXP,DAM,RU_CLR_PRC,0.9102,13
2025-11-28T18:00:00-00:00,2025-11-28T19:00:00-00:00,2025-11-28,11,0,Hourly,RU,AS_NP26_EXP,DAM,RU_CLR_PRC,1.81692,13
2025-11-28T18:00:00-00:00,2025-11-28T19:00:00-00:00,2025-11-28,11,0,Hourly,RU,AS_CAISO_EXP,DAM,RU_CLR_PRC,0.17,13
2025-11-28T19:00:00-00:00,2025-11-28T20:00:00-00:00,2025-11-28,12,0,Hourly,RU,AS_SP26,DAM,RU_CLR_PRC,0,13
2025-11-28T23:00:00-00:00,2025-11-29T00:00:00-00:00,2025-11-28,16,0,Hourly,RU,AS_NP26,DAM,RU_CLR_PRC,0,13
2025-11-28T23:00:00-00:00,2025-11-29T00:00:00-00:00,2025-11-28,16,0,Hourly,RU,AS_NP26_EXP,DAM,RU_CLR_PRC,0.75829,13
2025-11-29T00:00:00-00:00,2025-11-29T01:00:00-00:00,2025-11-28,17,0,Hourly,RU,AS_CAISO,DAM,RU_CLR_PRC,0,13
2025-11-29T01:00:00-00:00,2025-11-29T02:00:00-00:00,2025-11-28,18,0,Hourly,RU,AS_NP26_EXP,DAM,RU_CLR_PRC,0.53913,13
2025-11-29T03:00:00-00:00,2025-11-29T04:00:00-00:00,2025-11-28,20,0,Hourly,RU,AS_SP26,DAM,RU_CLR_PRC,0,13
2025-11-29T04:00:00-00:00,2025-11-29T05:00:00-00:00,2025-11-28,21,0,Hourly,RU,AS_CAISO_EXP,DAM,RU_CLR_PRC,0.17,13
2025-11-29T04:00:00-00:00,2025-11-29T05:00:00-00:00,2025-11-28,21,0,Hourly,RU,AS_SP26,DAM,RU_CLR_PRC,0,13
2025-11-29T05:00:00-00:00,2025-11-29T06:00:00-00:00,2025-11-28,22,0,Hourly,RU,AS_NP26_EXP,DAM,RU_CLR_PRC,1.3231,13
2025-11-29T05:00:00-00:00,2025-11-29T06:00:00-00:00,2025-11-28,22,0,Hourly,RU,AS_SP26,DAM,RU_CLR_PRC,0,13
2025-11-29T06:00:00-00:00,2025-11-29T07:00:00-00:00,2025-11-28,23,0,Hourly,RU,AS_SP26,DAM,RU_CLR_PRC,0,13
2025-11-28T08:00:00-00:00,2025-11-28T09:00:00-00:00,2025-11-28,1,0,Hourly,RU,AS_NP26,DAM,RU_CLR_PRC,0,13
2025-11-28T09:00:00-00:00,2025-11-28T10:00:00-00:00,2025-11-28,2,0,Hourly,RU,AS_NP26_EXP,DAM,RU_CLR_PRC,0.94266,13
2025-11-28T11:00:00-00:00,2025-11-28T12:00:00-00:00,2025-11-28,4,0,Hourly,RU,AS_SP26,DAM,RU_CLR_PRC,0,13
2025-11-28T12:00:00-00:00,2025-11-28T13:00:00-00:00,2025-11-28,5,0,Hourly,RU,AS_CAISO_EXP,DAM,RU_CLR_PRC,0.5,13
2025-11-28T16:00:00-00:00,2025-11-28T17:00:00-00:00,2025-11-28,9,0,Hourly,RU,AS_CAISO,DAM,RU_CLR_PRC,0,13
2025-11-28T16:00:00-00:00,2025-11-28T17:00:00-00:00,2025-11-28,9,0,Hourly,RU,AS_NP26_EXP,DAM,RU_CLR_PRC,2.32285,13
2025-11-28T17:00:00-00:00,2025-11-28T18:00:00-00:00,2025-11-28,10,0,Hourly,RU,AS_SP26,DAM,RU_CLR_PRC,0,13
2025-11-28T18:00:00-00:00,2025-11-28T19:00:00-00:00,2025-11-28,11,0,Hourly,RU,AS_NP26,DAM,RU_CLR_PRC,0,13
2025-11-28T21:00:00-00:00,2025-11-28T22:00:00-00:00,2025-11-28,14,0,Hourly,RU,AS_NP26_EXP,DAM,RU_CLR_PRC,1.81651,13
2025-11-28T21:00:00-00:00,2025-11-28T22:00:00-00:00,2025-11-28,14,0,Hourly,RU,AS_SP26,DAM,RU_CLR_PRC,0,13
2025-11-28T22:00:00-00:00,2025-11-28T23:00:00-00:00,2025-11-28,15,0,Hourly,RU,AS_CAISO_EXP,DAM,RU_CLR_PRC,0.17,13
2025-11-28T23:00:00-00:00,2025-11-29T00:00:00-00:00,2025-11-28,16,0,Hourly,RU,AS_CAISO,DAM,RU_CLR_PRC,0,13
2025-11-28T23:00:00-00:00,2025-11-29T00:00:00-00:00,2025-11-28,16,0,Hourly,RU,AS_CAISO_EXP,DAM,RU_CLR_PRC,1.07914,13
2025-11-29T01:00:00-00:00,2025-11-29T02:00:00-00:00,2025-11-28,18,0,Hourly,RU,AS_SP26_EXP,DAM,RU_CLR_PRC,0,13
2025-11-29T06:00:00-00:00,2025-11-29T07:00:00-00:00,2025-11-28,23,0,Hourly,RU,AS_CAISO_EXP,DAM,RU_CLR_PRC,0.66,13
2025-11-29T06:00:00-00:00,2025-11-29T07:00:00-00:00,2025-11-28,23,0,Hourly,RU,AS_NP26_EXP,DAM,RU_CLR_PRC,0.84,13
2025-11-29T06:00:00-00:00,2025-11-29T07:00:00-00:00,2025-11-28,23,0,Hourly,RU,AS_SP26_EXP,DAM,RU_CLR_PRC,0,13
2025-11-28T10:00:00-00:00,2025-11-28T11:00:00-00:00,2025-11-28,3,0,Hourly,RU,AS_CAISO,DAM,RU_CLR_PRC,0,13
2025-11-28T11:00:00-00:00,2025-11-28T12:00:00-00:00,2025-11-28,4,0,Hourly,RU,AS_NP26,DAM,RU_CLR_PRC,0,13
2025-11-28T12:00:00-00:00,2025-11-28T13:00:00-00:00,2025-11-28,5,0,Hourly,RU,AS_SP26_EXP,DAM,RU_CLR_PRC,0,13
2025-11-28T13:00:00-00:00,2025-11-28T14:00:00-00:00,2025-11-28,6,0,Hourly,RU,AS_NP26_EXP,DAM,RU_CLR_PRC,1.00241,13
2025-11-28T14:00:00-00:00,2025-11-28T15:00:00-00:00,2025-11-28,7,0,Hourly,RU,AS_SP26,DAM,RU_CLR_PRC,0,13
2025-11-28T14:00:00-00:00,2025-11-28T15:00:00-00:00,2025-11-28,7,0,Hourly,RU,AS_SP26_EXP,DAM,RU_CLR_PRC,3.9,13
2025-11-28T15:00:00-00:00,2025-11-28T16:00:00-00:00,2025-11-28,8,0,Hourly,RU,AS_CAISO_EXP,DAM,RU_CLR_PRC,7.38,13
2025-11-28T15:00:00-00:00,2025-11-28T16:00:00-00:00,2025-11-28,8,0,Hourly,RU,AS_NP26,DAM,RU_CLR_PRC,0,13
2025-11-28T15:00:00-00:00,2025-11-28T16:00:00-00:00,2025-11-28,8,0,Hourly,RU,AS_NP26_EXP,DAM,RU_CLR_PRC,0,13
2025-11-28T17:00:00-00:00,2025-11-28T18:00:00-00:00,2025-11-28,10,0,Hourly,RU,AS_NP26,DAM,RU_CLR_PRC,0,13
2025-11-28T18:00:00-00:00,2025-11-28T19:00:00-00:00,2025-11-28,11,0,Hourly,RU,AS_CAISO,DAM,RU_CLR_PRC,0,13
2025-11-28T18:00:00-00:00,2025-11-28T19:00:00-00:00,2025-11-28,11,0,Hourly,RU,AS_SP26_EXP,DAM,RU_CLR_PRC,0,13
2025-11-28T20:00:00-00:00,2025-11-28T21:00:00-00:00,2025-11-28,13,0,Hourly,RU,AS_CAISO,DAM,RU_CLR_PRC,0,13
2025-11-28T20:00:00-00:00,2025-11-28T21:00:00-00:00,2025-11-28,13,0,Hourly,RU,AS_SP26_EXP,DAM,RU_CLR_PRC,0,13
2025-11-28T21:00:00-00:00,2025-11-28T22:00:00-00:00,2025-11-28,14,0,Hourly,RU,AS_CAISO_EXP,DAM,RU_CLR_PRC,0.17,13
2025-11-28T21:00:00-00:00,2025-11-28T22:00:00-00:00,2025-11-28,14,0,Hourly,RU,AS_NP26,DAM,RU_CLR_PRC,0,13
2025-11-28T22:00:00-00:00,2025-11-28T23:00:00-00:00,2025-11-28,15,0,Hourly,RU,AS_SP26,DAM,RU_CLR_PRC,0,13
2025-11-28T23:00:00-00:00,2025-11-29T00:00:00-00:00,2025-11-28,16,0,Hourly,RU,AS_SP26,DAM,RU_CLR_PRC,0,13
2025-11-29T00:00:00-00:00,2025-11-29T01:00:00-00:00,2025-11-28,17,0,Hourly,RU,AS_SP26_EXP,DAM,RU_CLR_PRC,0,13
2025-11-29T02:00:00-00:00,2025-11-29T03:00:00-00:00,2025-11-28,19,0,Hourly,RU,AS_SP26,DAM,RU_CLR_PRC,0,13
2025-11-29T03:00:00-00:00,2025-11-29T04:00:00-00:00,2025-11-28,20,0,Hourly,RU,AS_NP26,DAM,RU_CLR_PRC,0,13
2025-11-29T04:00:00-00:00,2025-11-29T05:00:00-00:00,2025-11-28,21,0,Hourly,RU,AS_SP26_EXP,DAM,RU_CLR_PRC,0,13
2025-11-29T05:00:00-00:00,2025-11-29T06:00:00-00:00,2025-11-28,22,0,Hourly,RU,AS_SP26_EXP,DAM,RU_CLR_PRC,0,13
2025-11-28T10:00:00-00:00,2025-11-28T11:00:00-00:00,2025-11-28,3,0,Hourly,RU,AS_NP26_EXP,DAM,RU_CLR_PRC,0.39103,13
2025-11-28T11:00:00-00:00,2025-11-28T12:00:00-00:00,2025-11-28,4,0,Hourly,RU,AS_NP26_EXP,DAM,RU_CLR_PRC,1.42485,13
2025-11-28T11:00:00-00:00,2025-11-28T12:00:00-00:00,2025-11-28,4,0,Hourly,RU,AS_SP26_EXP,DAM,RU_CLR_PRC,0,13
2025-11-28T12:00:00-00:00,2025-11-28T13:00:00-00:00,2025-11-28,5,0,Hourly,RU,AS_NP26_EXP,DAM,RU_CLR_PRC,1.39479,13
2025-11-28T15:00:00-00:00,2025-11-28T16:00:00-00:00,2025-11-28,8,0,Hourly,RU,AS_CAISO,DAM,RU_CLR_PRC,0,13
2025-11-28T15:00:00-00:00,2025-11-28T16:00:00-00:00,2025-11-28,8,0,Hourly,RU,AS_SP26,DAM,RU_CLR_PRC,0,13
2025-11-28T16:00:00-00:00,2025-11-28T17:00:00-00:00,2025-11-28,9,0,Hourly,RU,AS_SP26,DAM,RU_CLR_PRC,0,13
2025-11-28T19:00:00-00:00,2025-11-28T20:00:00-00:00,2025-11-28,12,0,Hourly,RU,AS_NP26,DAM,RU_CLR_PRC,0,13
2025-11-28T20:00:00-00:00,2025-11-28T21:00:00-00:00,2025-11-28,13,0,Hourly,RU,AS_SP26,DAM,RU_CLR_PRC,0,13
2025-11-28T21:00:00-00:00,2025-11-28T22:00:00-00:00,2025-11-28,14,0,Hourly,RU,AS_SP26_EXP,DAM,RU_CLR_PRC,0,13
2025-11-29T01:00:00-00:00,2025-11-29T02:00:00-00:00,2025-11-28,18,0,Hourly,RU,AS_CAISO_EXP,DAM,RU_CLR_PRC,2.41341,13
2025-11-29T01:00:00-00:00,2025-11-29T02:00:00-00:00,2025-11-28,18,0,Hourly,RU,AS_NP26,DAM,RU_CLR_PRC,0,13
2025-11-29T02:00:00-00:00,2025-11-29T03:00:00-00:00,2025-11-28,19,0,Hourly,RU,AS_CAISO_EXP,DAM,RU_CLR_PRC,0.18,13
2025-11-29T03:00:00-00:00,2025-11-29T04:00:00-00:00,2025-11-28,20,0,Hourly,RU,AS_SP26_EXP,DAM,RU_CLR_PRC,0,13
2025-11-29T04:00:00-00:00,2025-11-29T05:00:00-00:00,2025-11-28,21,0,Hourly,RU,AS_NP26_EXP,DAM,RU_CLR_PRC,1.33,13
2025-11-29T05:00:00-00:00,2025-11-29T06:00:00-00:00,2025-11-28,22,0,Hourly,RU,AS_NP26,DAM,RU_CLR_PRC,0,13
2025-11-29T06:00:00-00:00,2025-11-29T07:00:00-00:00,2025-11-28,23,0,Hourly,RU,AS_CAISO,DAM,RU_CLR_PRC,0,13
2025-11-29T07:00:00-00:00,2025-11-29T08:00:00-00:00,2025-11-28,24,0,Hourly,RU,AS_CAISO,DAM,RU_CLR_PRC,0,13
2025-11-29T07:00:00-00:00,2025-11-29T08:00:00-00:00,2025-11-28,24,0,Hourly,RU,AS_NP26,DAM,RU_CLR_PRC,0,13
2025-11-29T07:00:00-00:00,2025-11-29T08:00:00-00:00,2025-11-28,24,0,Hourly,RU,AS_SP26,DAM,RU_CLR_PRC,0,13
2025-11-28T11:00:00-00:00,2025-11-28T12:00:00-00:00,2025-11-28,4,0,Hourly,RU,AS_CAISO,DAM,RU_CLR_PRC,0,13
2025-11-28T12:00:00-00:00,2025-11-28T13:00:00-00:00,2025-11-28,5,0,Hourly,RU,AS_CAISO,DAM,RU_CLR_PRC,0,13
2025-11-28T14:00:00-00:00,2025-11-28T15:00:00-00:00,2025-11-28,7,0,Hourly,RU,AS_NP26,DAM,RU_CLR_PRC,0,13
2025-11-28T16:00:00-00:00,2025-11-28T17:00:00-00:00,2025-11-28,9,0,Hourly,RU,AS_SP26_EXP,DAM,RU_CLR_PRC,0,13
2025-11-29T08:00:00-00:00,2025-11-29T09:00:00-00:00,2025-11-29,1,0,Hourly,RU,AS_SP26_EXP,DAM,RU_CLR_PRC,0,14
2025-11-29T09:00:00-00:00,2025-11-29T10:00:00-00:00,2025-11-29,2,0,Hourly,RU,AS_SP26,DAM,RU_CLR_PRC,0,14
2025-11-29T09:00:00-00:00,2025-11-29T10:00:00-00:00,2025-11-29,2,0,Hourly,RU,AS_SP26_EXP,DAM,RU_CLR_PRC,0,14
2025-11-29T10:00:00-00:00,2025-11-29T11:00:00-00:00,2025-11-29,3,0,Hourly,RU,AS_NP26,DAM,RU_CLR_PRC,0,14
2025-11-29T11:00:00-00:00,2025-11-29T12:00:00-00:00,2025-11-29,4,0,Hourly,RU,AS_CAISO_EXP,DAM,RU_CLR_PRC,0.41,14
2025-11-29T11:00:00-00:00,2025-11-29T12:00:00-00:00,2025-11-29,4,0,Hourly,RU,AS_SP26,DAM,RU_CLR_PRC,0,14
2025-11-29T13:00:00-00:00,2025-11-29T14:00:00-00:00,2025-11-29,6,0,Hourly,RU,AS_CAISO_EXP,DAM,RU_CLR_PRC,0.25,14
2025-11-29T15:00:00-00:00,2025-11-29T16:00:00-00:00,2025-11-29,8,0,Hourly,RU,AS_CAISO_EXP,DAM,RU_CLR_PRC,4.05048,14
2025-11-29T15:00:00-00:00,2025-11-29T16:00:00-00:00,2025-11-29,8,0,Hourly,RU,AS_SP26_EXP,DAM,RU_CLR_PRC,3.25952,14
2025-11-29T16:00:00-00:00,2025-11-29T17:00:00-00:00,2025-11-29,9,0,Hourly,RU,AS_CAISO_EXP,DAM,RU_CLR_PRC,2.18203,14
2025-11-29T16:00:00-00:00,2025-11-29T17:00:00-00:00,2025-11-29,9,0,Hourly,RU,AS_NP26,DAM,RU_CLR_PRC,0,14
2025-11-29T16:00:00-00:00,2025-11-29T17:00:00-00:00,2025-11-29,9,0,Hourly,RU,AS_SP26_EXP,DAM,RU_CLR_PRC,0,14
2025-11-29T17:00:00-00:00,2025-11-29T18:00:00-00:00,2025-11-29,10,0,Hourly,RU,AS_NP26_EXP,DAM,RU_CLR_PRC,1.93672,14
2025-11-29T17:00:00-00:00,2025-11-29T18:00:00-00:00,2025-11-29,10,0,Hourly,RU,AS_SP26_EXP,DAM,RU_CLR_PRC,0,14
2025-11-29T18:00:00-00:00,2025-11-29T19:00:00-00:00,2025-11-29,11,0,Hourly,RU,AS_SP26_EXP,DAM,RU_CLR_PRC,0,14
2025-11-29T19:00:00-00:00,2025-11-29T20:00:00-00:00,2025-11-29,12,0,Hourly,RU,AS_CAISO_EXP,DAM,RU_CLR_PRC,0.6,14
2025-11-29T21:00:00-00:00,2025-11-29T22:00:00-00:00,2025-11-29,14,0,Hourly,RU,AS_CAISO_EXP,DAM,RU_CLR_PRC,0.7676,14
2025-11-29T21:00:00-00:00,2025-11-29T22:00:00-00:00,2025-11-29,14,0,Hourly,RU,AS_NP26_EXP,DAM,RU_CLR_PRC,1.11241,14
2025-11-29T22:00:00-00:00,2025-11-29T23:00:00-00:00,2025-11-29,15,0,Hourly,RU,AS_SP26_EXP,DAM,RU_CLR_PRC,0,14
2025-11-29T23:00:00-00:00,2025-11-30T00:00:00-00:00,2025-11-29,16,0,Hourly,RU,AS_CAISO,DAM,RU_CLR_PRC,0,14
2025-11-29T23:00:00-00:00,2025-11-30T00:00:00-00:00,2025-11-29,16,0,Hourly,RU,AS_CAISO_EXP,DAM,RU_CLR_PRC,1.34,14
2025-11-30T02:00:00-00:00,2025-11-30T03:00:00-00:00,2025-11-29,19,0,Hourly,RU,AS_NP26,DAM,RU_CLR_PRC,0,14
2025-11-30T03:00:00-00:00,2025-11-30T04:00:00-00:00,2025-11-29,20,0,Hourly,RU,AS_CAISO,DAM,RU_CLR_PRC,0,14
2025-11-30T03:00:00-00:00,2025-11-30T04:00:00-00:00,2025-11-29,20,0,Hourly,RU,AS_SP26,DAM,RU_CLR_PRC,0,14
2025-11-30T04:00:00-00:00,2025-11-30T05:00:00-00:00,2025-11-29,21,0,Hourly,RU,AS_NP26,DAM,RU_CLR_PRC,0,14
2025-11-30T06:00:00-00:00,2025-11-30T07:00:00-00:00,2025-11-29,23,0,Hourly,RU,AS_CAISO,DAM,RU_CLR_PRC,0,14
2025-11-29T08:00:00-00:00,2025-11-29T09:00:00-00:00,2025-11-29,1,0,Hourly,RU,AS_NP26,DAM,RU_CLR_PRC,0,14
2025-11-29T11:00:00-00:00,2025-11-29T12:00:00-00:00,2025-11-29,4,0,Hourly,RU,AS_NP26,DAM,RU_CLR_PRC,0,14
2025-11-29T12:00:00-00:00,2025-11-29T13:00:00-00:00,2025-11-29,5,0,Hourly,RU,AS_NP26_EXP,DAM,RU_CLR_PRC,0,14
2025-11-29T13:00:00-00:00,2025-11-29T14:00:00-00:00,2025-11-29,6,0,Hourly,RU,AS_SP26,DAM,RU_CLR_PRC,0,14
2025-11-29T15:00:00-00:00,2025-11-29T16:00:00-00:00,2025-11-29,8,0,Hourly,RU,AS_CAISO,DAM,RU_CLR_PRC,0,14
2025-11-29T15:00:00-00:00,2025-11-29T16:00:00-00:00,2025-11-29,8,0,Hourly,RU,AS_NP26,DAM,RU_CLR_PRC,0,14
2025-11-29T16:00:00-00:00,2025-11-29T17:00:00-00:00,2025-11-29,9,0,Hourly,RU,AS_SP26,DAM,RU_CLR_PRC,0,14
2025-11-29T17:00:00-00:00,2025-11-29T18:00:00-00:00,2025-11-29,10,0,Hourly,RU,AS_CAISO_EXP,DAM,RU_CLR_PRC,0.17,14
2025-11-29T18:00:00-00:00,2025-11-29T19:00:00-00:00,2025-11-29,11,0,Hourly,RU,AS_NP26_EXP,DAM,RU_CLR_PRC,1.43474,14
2025-11-29T18:00:00-00:00,2025-11-29T19:00:00-00:00,2025-11-29,11,0,Hourly,RU,AS_SP26,DAM,RU_CLR_PRC,0,14
2025-11-29T20:00:00-00:00,2025-11-29T21:00:00-00:00,2025-11-29,13,0,Hourly,RU,AS_CAISO,DAM,RU_CLR_PRC,0,14
2025-11-29T22:00:00-00:00,2025-11-29T23:00:00-00:00,2025-11-29,15,0,Hourly,RU,AS_CAISO_EXP,DAM,RU_CLR_PRC,0.25522,14
2025-11-29T23:00:00-00:00,2025-11-30T00:00:00-00:00,2025-11-29,16,0,Hourly,RU,AS_SP26_EXP,DAM,RU_CLR_PRC,0,14
2025-11-30T00:00:00-00:00,2025-11-30T01:00:00-00:00,2025-11-29,17,0,Hourly,RU,AS_NP26,DAM,RU_CLR_PRC,0,14
2025-11-30T00:00:00-00:00,2025-11-30T01:00:00-00:00,2025-11-29,17,0,Hourly,RU,AS_SP26,DAM,RU_CLR_PRC,0,14
2025-11-30T00:00:00-00:00,2025-11-30T01:00:00-00:00,2025-11-29,17,0,Hourly,RU,AS_SP26_EXP,DAM,RU_CLR_PRC,0,14
2025-11-30T01:00:00-00:00,2025-11-30T02:00:00-00:00,2025-11-29,18,0,Hourly,RU,AS_NP26,DAM,RU_CLR_PRC,0,14
2025-11-30T01:00:00-00:00,2025-11-30T02:00:00-00:00,2025-11-29,18,0,Hourly,RU,AS_SP26,DAM,RU_CLR_PRC,0,14
2025-11-30T03:00:00-00:00,2025-11-30T04:00:00-00:00,2025-11-29,20,0,Hourly,RU,AS_CAISO_EXP,DAM,RU_CLR_PRC,0.39195,14
2025-11-30T03:00:00-00:00,2025-11-30T04:00:00-00:00,2025-11-29,20,0,Hourly,RU,AS_NP26_EXP,DAM,RU_CLR_PRC,1.33,14
2025-11-30T04:00:00-00:00,2025-11-30T05:00:00-00:00,2025-11-29,21,0,Hourly,RU,AS_CAISO_EXP,DAM,RU_CLR_PRC,0.17,14
2025-11-30T05:00:00-00:00,2025-11-30T06:00:00-00:00,2025-11-29,22,0,Hourly,RU,AS_SP26_EXP,DAM,RU_CLR_PRC,0,14
2025-11-30T07:00:00-00:00,2025-11-30T08:00:00-00:00,2025-11-29,24,0,Hourly,RU,AS_CAISO_EXP,DAM,RU_CLR_PRC,1,14
2025-11-29T08:00:00-00:00,2025-11-29T09:00:00-00:00,2025-11-29,1,0,Hourly,RU,AS_CAISO_EXP,DAM,RU_CLR_PRC,1,14
2025-11-29T10:00:00-00:00,2025-11-29T11:00:00-00:00,2025-11-29,3,0,Hourly,RU,AS_NP26_EXP,DAM,RU_CLR_PRC,1.48103,14
2025-11-29T11:00:00-00:00,2025-11-29T12:00:00-00:00,2025-11-29,4,0,Hourly,RU,AS_SP26_EXP,DAM,RU_CLR_PRC,0,14
2025-11-29T13:00:00-00:00,2025-11-29T14:00:00-00:00,2025-11-29,6,0,Hourly,RU,AS_SP26_EXP,DAM,RU_CLR_PRC,0,14
2025-11-29T14:00:00-00:00,2025-11-29T15:00:00-00:00,2025-11-29,7,0,Hourly,RU,AS_CAISO_EXP,DAM,RU_CLR_PRC,2.17023,14
2025-11-29T14:00:00-00:00,2025-11-29T15:00:00-00:00,2025-11-29,7,0,Hourly,RU,AS_SP26_EXP,DAM,RU_CLR_PRC,5.13977,14
2025-11-29T18:00:00-00:00,2025-11-29T19:00:00-00:00,2025-11-29,11,0,Hourly,RU,AS_CAISO,DAM,RU_CLR_PRC,0,14
2025-11-29T19:00:00-00:00,2025-11-29T20:00:00-00:00,2025-11-29,12,0,Hourly,RU,AS_SP26_EXP,DAM,RU_CLR_PRC,0,14
2025-11-29T21:00:00-00:00,2025-11-29T22:00:00-00:00,2025-11-29,14,0,Hourly,RU,AS_SP26,DAM,RU_CLR_PRC,0,14
2025-11-29T21:00:00-00:00,2025-11-29T22:00:00-00:00,2025-11-29,14,0,Hourly,RU,AS_SP26_EXP,DAM,RU_CLR_PRC,0,14
2025-11-29T23:00:00-00:00,2025-11-30T00:00:00-00:00,2025-11-29,16,0,Hourly,RU,AS_SP26,DAM,RU_CLR_PRC,0,14
2025-11-30T00:00:00-00:00,2025-11-30T01:00:00-00:00,2025-11-29,17,0,Hourly,RU,AS_NP26_EXP,DAM,RU_CLR_PRC,2.44145,14
2025-11-30T01:00:00-00:00,2025-11-30T02:00:00-00:00,2025-11-29,18,0,Hourly,RU,AS_NP26_EXP,DAM,RU_CLR_PRC,4.15549,14
2025-11-30T03:00:00-00:00,2025-11-30T04:00:00-00:00,2025-11-29,20,0,Hourly,RU,AS_SP26_EXP,DAM,RU_CLR_PRC,0,14
2025-11-30T05:00:00-00:00,2025-11-30T06:00:00-00:00,2025-11-29,22,0,Hourly,RU,AS_CAISO_EXP,DAM,RU_CLR_PRC,1,14
2025-11-30T05:00:00-00:00,2025-11-30T06:00:00-00:00,2025-11-29,22,0,Hourly,RU,AS_SP26,DAM,RU_CLR_PRC,0,14
2025-11-30T06:00:00-00:00,2025-11-30T07:00:00-00:00,2025-11-29,23,0,Hourly,RU,AS_SP26_EXP,DAM,RU_CLR_PRC,0,14
2025-11-29T09:00:00-00:00,2025-11-29T10:00:00-00:00,2025-11-29,2,0,Hourly,RU,AS_NP26_EXP,DAM,RU_CLR_PRC,1.26109,14
2025-11-29T10:00:00-00:00,2025-11-29T11:00:00-00:00,2025-11-29,3,0,Hourly,RU,AS_CAISO_EXP,DAM,RU_CLR_PRC,0.41,14
2025-11-29T11:00:00-00:00,2025-11-29T12:00:00-00:00,2025-11-29,4,0,Hourly,RU,AS_CAISO,DAM,RU_CLR_PRC,0,14
2025-11-29T12:00:00-00:00,2025-11-29T13:00:00-00:00,2025-11-29,5,0,Hourly,RU,AS_SP26_EXP,DAM,RU_CLR_PRC,0,14
2025-11-29T17:00:00-00:00,2025-11-29T18:00:00-00:00,2025-11-29,10,0,Hourly,RU,AS_CAISO,DAM,RU_CLR_PRC,0,14
2025-11-29T20:00:00-00:00,2025-11-29T21:00:00-00:00,2025-11-29,13,0,Hourly,RU,AS_CAISO_EXP,DAM,RU_CLR_PRC,0.64,14
2025-11-29T22:00:00-00:00,2025-11-29T23:00:00-00:00,2025-11-29,15,0,Hourly,RU,AS_NP26_EXP,DAM,RU_CLR_PRC,1.59934,14
2025-11-29T22:00:00-00:00,2025-11-29T23:00:00-00:00,2025-11-29,15,0,Hourly,RU,AS_CAISO,DAM,RU_CLR_PRC,0,14
2025-11-30T06:00:00-00:00,2025-11-30T07:00:00-00:00,2025-11-29,23,0,Hourly,RU,AS_CAISO_EXP,DAM,RU_CLR_PRC,0.48,14
2025-11-30T07:00:00-00:00,2025-11-30T08:00:00-00:00,2025-11-29,24,0,Hourly,RU,AS_NP26,DAM,RU_CLR_PRC,0,14
2025-11-30T07:00:00-00:00,2025-11-30T08:00:00-00:00,2025-11-29,24,0,Hourly,RU,AS_SP26,DAM,RU_CLR_PRC,0,14
2025-11-30T07:00:00-00:00,2025-11-30T08:00:00-00:00,2025-11-29,24,0,Hourly,RU,AS_SP26_EXP,DAM,RU_CLR_PRC,0,14
2025-11-29T10:00:00-00:00,2025-11-29T11:00:00-00:00,2025-11-29,3,0,Hourly,RU,AS_CAISO,DAM,RU_CLR_PRC,0,14
2025-11-29T10:00:00-00:00,2025-11-29T11:00:00-00:00,2025-11-29,3,0,Hourly,RU,AS_SP26_EXP,DAM,RU_CLR_PRC,0,14
2025-11-29T13:00:00-00:00,2025-11-29T14:00:00-00:00,2025-11-29,6,0,Hourly,RU,AS_NP26,DAM,RU_CLR_PRC,0,14
2025-11-29T14:00:00-00:00,2025-11-29T15:00:00-00:00,2025-11-29,7,0,Hourly,RU,AS_NP26,DAM,RU_CLR_PRC,0,14
2025-11-29T14:00:00-00:00,2025-11-29T15:00:00-00:00,2025-11-29,7,0,Hourly,RU,AS_SP26,DAM,RU_CLR_PRC,0,14
2025-11-29T16:00:00-00:00,2025-11-29T17:00:00-00:00,2025-11-29,9,0,Hourly,RU,AS_CAISO,DAM,RU_CLR_PRC,0,14
2025-11-29T16:00:00-00:00,2025-11-29T17:00:00-00:00,2025-11-29,9,0,Hourly,RU,AS_NP26_EXP,DAM,RU_CLR_PRC,0.19686,14
2025-11-29T17:00:00-00:00,2025-11-29T18:00:00-00:00,2025-11-29,10,0,Hourly,RU,AS_NP26,DAM,RU_CLR_PRC,0,14
2025-11-29T17:00:00-00:00,2025-11-29T18:00:00-00:00,2025-11-29,10,0,Hourly,RU,AS_SP26,DAM,RU_CLR_PRC,0,14
2025-11-29T20:00:00-00:00,2025-11-29T21:00:00-00:00,2025-11-29,13,0,Hourly,RU,AS_NP26,DAM,RU_CLR_PRC,0,14
2025-11-29T22:00:00-00:00,2025-11-29T23:00:00-00:00,2025-11-29,15,0,Hourly,RU,AS_NP26,DAM,RU_CLR_PRC,0,14
2025-11-29T23:00:00-00:00,2025-11-30T00:00:00-00:00,2025-11-29,16,0,Hourly,RU,AS_NP26_EXP,DAM,RU_CLR_PRC,0.56213,14
2025-11-30T02:00:00-00:00,2025-11-30T03:00:00-00:00,2025-11-29,19,0,Hourly,RU,AS_NP26_EXP,DAM,RU_CLR_PRC,2.34663,14
2025-11-30T04:00:00-00:00,2025-11-30T05:00:00-00:00,2025-11-29,21,0,Hourly,RU,AS_NP26_EXP,DAM,RU_CLR_PRC,1.33,14
2025-11-30T04:00:00-00:00,2025-11-30T05:00:00-00:00,2025-11-29,21,0,Hourly,RU,AS_SP26_EXP,DAM,RU_CLR_PRC,0,14
2025-11-29T10:00:00-00:00,2025-11-29T11:00:00-00:00,2025-11-29,3,0,Hourly,RU,AS_SP26,DAM,RU_CLR_PRC,0,14
2025-11-29T12:00:00-00:00,2025-11-29T13:00:00-00:00,2025-11-29,5,0,Hourly,RU,AS_CAISO,DAM,RU_CLR_PRC,0,14
2025-11-29T12:00:00-00:00,2025-11-29T13:00:00-00:00,2025-11-29,5,0,Hourly,RU,AS_NP26,DAM,RU_CLR_PRC,0,14
2025-11-29T14:00:00-00:00,2025-11-29T15:00:00-00:00,2025-11-29,7,0,Hourly,RU,AS_CAISO,DAM,RU_CLR_PRC,0,14
2025-11-29T14:00:00-00:00,2025-11-29T15:00:00-00:00,2025-11-29,7,0,Hourly,RU,AS_NP26_EXP,DAM,RU_CLR_PRC,0,14
2025-11-29T15:00:00-00:00,2025-11-29T16:00:00-00:00,2025-11-29,8,0,Hourly,RU,AS_SP26,DAM,RU_CLR_PRC,0,14
2025-11-29T18:00:00-00:00,2025-11-29T19:00:00-00:00,2025-11-29,11,0,Hourly,RU,AS_NP26,DAM,RU_CLR_PRC,0,14
2025-11-29T19:00:00-00:00,2025-11-29T20:00:00-00:00,2025-11-29,12,0,Hourly,RU,AS_NP26_EXP,DAM,RU_CLR_PRC,1.28243,14
2025-11-29T20:00:00-00:00,2025-11-29T21:00:00-00:00,2025-11-29,13,0,Hourly,RU,AS_NP26_EXP,DAM,RU_CLR_PRC,1.21577,14
2025-11-29T21:00:00-00:00,2025-11-29T22:00:00-00:00,2025-11-29,14,0,Hourly,RU,AS_NP26,DAM,RU_CLR_PRC,0,14
2025-11-29T22:00:00-00:00,2025-11-29T23:00:00-00:00,2025-11-29,15,0,Hourly,RU,AS_SP26,DAM,RU_CLR_PRC,0,14
2025-11-30T00:00:00-00:00,2025-11-30T01:00:00-00:00,2025-11-29,17,0,Hourly,RU,AS_CAISO,DAM,RU_CLR_PRC,0,14
2025-11-30T01:00:00-00:00,2025-11-30T02:00:00-00:00,2025-11-29,18,0,Hourly,RU,AS_CAISO_EXP,DAM,RU_CLR_PRC,0.9772,14
2025-11-30T01:00:00-00:00,2025-11-30T02:00:00-00:00,2025-11-29,18,0,Hourly,RU,AS_SP26_EXP,DAM,RU_CLR_PRC,0,14
2025-11-30T02:00:00-00:00,2025-11-30T03:00:00-00:00,2025-11-29,19,0,Hourly,RU,AS_CAISO,DAM,RU_CLR_PRC,0,14
2025-11-30T05:00:00-00:00,2025-11-30T06:00:00-00:00,2025-11-29,22,0,Hourly,RU,AS_CAISO,DAM,RU_CLR_PRC,0,14
2025-11-30T05:00:00-00:00,2025-11-30T06:00:00-00:00,2025-11-29,22,0,Hourly,RU,AS_NP26_EXP,DAM,RU_CLR_PRC,0.5,14
2025-11-30T06:00:00-00:00,2025-11-30T07:00:00-00:00,2025-11-29,23,0,Hourly,RU,AS_NP26,DAM,RU_CLR_PRC,0,14
2025-11-30T06:00:00-00:00,2025-11-30T07:00:00-00:00,2025-11-29,23,0,Hourly,RU,AS_NP26_EXP,DAM,RU_CLR_PRC,1.2908,14
2025-11-29T08:00:00-00:00,2025-11-29T09:00:00-00:00,2025-11-29,1,0,Hourly,RU,AS_NP26_EXP,DAM,RU_CLR_PRC,1,14
2025-11-29T08:00:00-00:00,2025-11-29T09:00:00-00:00,2025-11-29,1,0,Hourly,RU,AS_SP26,DAM,RU_CLR_PRC,0,14
2025-11-29T09:00:00-00:00,2025-11-29T10:00:00-00:00,2025-11-29,2,0,Hourly,RU,AS_CAISO_EXP,DAM,RU_CLR_PRC,0.66,14
2025-11-29T09:00:00-00:00,2025-11-29T10:00:00-00:00,2025-11-29,2,0,Hourly,RU,AS_NP26,DAM,RU_CLR_PRC,0,14
2025-11-29T12:00:00-00:00,2025-11-29T13:00:00-00:00,2025-11-29,5,0,Hourly,RU,AS_CAISO_EXP,DAM,RU_CLR_PRC,0.41,14
2025-11-29T12:00:00-00:00,2025-11-29T13:00:00-00:00,2025-11-29,5,0,Hourly,RU,AS_SP26,DAM,RU_CLR_PRC,0,14
2025-11-29T19:00:00-00:00,2025-11-29T20:00:00-00:00,2025-11-29,12,0,Hourly,RU,AS_CAISO,DAM,RU_CLR_PRC,0,14
2025-11-29T19:00:00-00:00,2025-11-29T20:00:00-00:00,2025-11-29,12,0,Hourly,RU,AS_SP26,DAM,RU_CLR_PRC,0,14
2025-11-29T20:00:00-00:00,2025-11-29T21:00:00-00:00,2025-11-29,13,0,Hourly,RU,AS_SP26,DAM,RU_CLR_PRC,0,14
2025-11-29T20:00:00-00:00,2025-11-29T21:00:00-00:00,2025-11-29,13,0,Hourly,RU,AS_SP26_EXP,DAM,RU_CLR_PRC,0,14
2025-11-29T21:00:00-00:00,2025-11-29T22:00:00-00:00,2025-11-29,14,0,Hourly,RU,AS_CAISO,DAM,RU_CLR_PRC,0,14
2025-11-29T23:00:00-00:00,2025-11-30T00:00:00-00:00,2025-11-29,16,0,Hourly,RU,AS_NP26,DAM,RU_CLR_PRC,0,14
2025-11-30T02:00:00-00:00,2025-11-30T03:00:00-00:00,2025-11-29,19,0,Hourly,RU,AS_SP26,DAM,RU_CLR_PRC,0,14
2025-11-30T02:00:00-00:00,2025-11-30T03:00:00-00:00,2025-11-29,19,0,Hourly,RU,AS_SP26_EXP,DAM,RU_CLR_PRC,0,14
2025-11-30T03:00:00-00:00,2025-11-30T04:00:00-00:00,2025-11-29,20,0,Hourly,RU,AS_NP26,DAM,RU_CLR_PRC,0,14
2025-11-30T04:00:00-00:00,2025-11-30T05:00:00-00:00,2025-11-29,21,0,Hourly,RU,AS_CAISO,DAM,RU_CLR_PRC,0,14
2025-11-30T04:00:00-00:00,2025-11-30T05:00:00-00:00,2025-11-29,21,0,Hourly,RU,AS_SP26,DAM,RU_CLR_PRC,0,14
2025-11-30T05:00:00-00:00,2025-11-30T06:00:00-00:00,2025-11-29,22,0,Hourly,RU,AS_NP26,DAM,RU_CLR_PRC,0,14
2025-11-30T06:00:00-00:00,2025-11-30T07:00:00-00:00,2025-11-29,23,0,Hourly,RU,AS_SP26,DAM,RU_CLR_PRC,0,14
2025-11-30T07:00:00-00:00,2025-11-30T08:00:00-00:00,2025-11-29,24,0,Hourly,RU,AS_CAISO,DAM,RU_CLR_PRC,0,14
2025-11-29T08:00:00-00:00,2025-11-29T09:00:00-00:00,2025-11-29,1,0,Hourly,RU,AS_CAISO,DAM,RU_CLR_PRC,0,14
2025-11-29T09:00:00-00:00,2025-11-29T10:00:00-00:00,2025-11-29,2,0,Hourly,RU,AS_CAISO,DAM,RU_CLR_PRC,0,14
2025-11-29T11:00:00-00:00,2025-11-29T12:00:00-00:00,2025-11-29,4,0,Hourly,RU,AS_NP26_EXP,DAM,RU_CLR_PRC,1.49787,14
2025-11-29T13:00:00-00:00,2025-11-29T14:00:00-00:00,2025-11-29,6,0,Hourly,RU,AS_CAISO,DAM,RU_CLR_PRC,0,14
2025-11-29T13:00:00-00:00,2025-11-29T14:00:00-00:00,2025-11-29,6,0,Hourly,RU,AS_NP26_EXP,DAM,RU_CLR_PRC,0.04,14
2025-11-29T15:00:00-00:00,2025-11-29T16:00:00-00:00,2025-11-29,8,0,Hourly,RU,AS_NP26_EXP,DAM,RU_CLR_PRC,0,14
2025-11-29T18:00:00-00:00,2025-11-29T19:00:00-00:00,2025-11-29,11,0,Hourly,RU,AS_CAISO_EXP,DAM,RU_CLR_PRC,0.20455,14
2025-11-29T19:00:00-00:00,2025-11-29T20:00:00-00:00,2025-11-29,12,0,Hourly,RU,AS_NP26,DAM,RU_CLR_PRC,0,14
2025-11-30T00:00:00-00:00,2025-11-30T01:00:00-00:00,2025-11-29,17,0,Hourly,RU,AS_CAISO_EXP,DAM,RU_CLR_PRC,1.40138,14
2025-11-30T01:00:00-00:00,2025-11-30T02:00:00-00:00,2025-11-29,18,0,Hourly,RU,AS_CAISO,DAM,RU_CLR_PRC,0,14
2025-11-30T02:00:00-00:00,2025-11-30T03:00:00-00:00,2025-11-29,19,0,Hourly,RU,AS_CAISO_EXP,DAM,RU_CLR_PRC,0.35337,14
2025-11-30T07:00:00-00:00,2025-11-30T08:00:00-00:00,2025-11-29,24,0,Hourly,RU,AS_NP26_EXP,DAM,RU_CLR_PRC,1.35166,14
2025-12-01T06:00:00-00:00,2025-12-01T07:00:00-00:00,2025-11-30,23,0,Hourly,RU,AS_SP26,DAM,RU_CLR_PRC,0,15
2025-11-30T09:00:00-00:00,2025-11-30T10:00:00-00:00,2025-11-30,2,0,Hourly,RU,AS_CAISO,DAM,RU_CLR_PRC,0,15
2025-11-30T10:00:00-00:00,2025-11-30T11:00:00-00:00,2025-11-30,3,0,Hourly,RU,AS_CAISO,DAM,RU_CLR_PRC,0,15
2025-11-30T11:00:00-00:00,2025-11-30T12:00:00-00:00,2025-11-30,4,0,Hourly,RU,AS_SP26_EXP,DAM,RU_CLR_PRC,0,15
2025-11-30T12:00:00-00:00,2025-11-30T13:00:00-00:00,2025-11-30,5,0,Hourly,RU,AS_NP26,DAM,RU_CLR_PRC,0,15
2025-11-30T17:00:00-00:00,2025-11-30T18:00:00-00:00,2025-11-30,10,0,Hourly,RU,AS_NP26,DAM,RU_CLR_PRC,0,15
2025-11-30T19:00:00-00:00,2025-11-30T20:00:00-00:00,2025-11-30,12,0,Hourly,RU,AS_SP26,DAM,RU_CLR_PRC,0,15
2025-11-30T20:00:00-00:00,2025-11-30T21:00:00-00:00,2025-11-30,13,0,Hourly,RU,AS_SP26_EXP,DAM,RU_CLR_PRC,0,15
2025-11-30T21:00:00-00:00,2025-11-30T22:00:00-00:00,2025-11-30,14,0,Hourly,RU,AS_CAISO,DAM,RU_CLR_PRC,0,15
2025-11-30T23:00:00-00:00,2025-12-01T00:00:00-00:00,2025-11-30,16,0,Hourly,RU,AS_NP26_EXP,DAM,RU_CLR_PRC,0.33,15
2025-11-30T23:00:00-00:00,2025-12-01T00:00:00-00:00,2025-11-30,16,0,Hourly,RU,AS_SP26,DAM,RU_CLR_PRC,0,15
2025-12-01T01:00:00-00:00,2025-12-01T02:00:00-00:00,2025-11-30,18,0,Hourly,RU,AS_NP26_EXP,DAM,RU_CLR_PRC,5.37,15
2025-12-01T01:00:00-00:00,2025-12-01T02:00:00-00:00,2025-11-30,18,0,Hourly,RU,AS_SP26_EXP,DAM,RU_CLR_PRC,0,15
2025-12-01T02:00:00-00:00,2025-12-01T03:00:00-00:00,2025-11-30,19,0,Hourly,RU,AS_SP26,DAM,RU_CLR_PRC,0,15
2025-12-01T04:00:00-00:00,2025-12-01T05:00:00-00:00,2025-11-30,21,0,Hourly,RU,AS_NP26,DAM,RU_CLR_PRC,0,15
2025-12-01T05:00:00-00:00,2025-12-01T06:00:00-00:00,2025-11-30,22,0,Hourly,RU,AS_NP26_EXP,DAM,RU_CLR_PRC,0.69598,15
2025-11-30T14:00:00-00:00,2025-11-30T15:00:00-00:00,2025-11-30,7,0,Hourly,RU,AS_CAISO,DAM,RU_CLR_PRC,0,15
2025-11-30T14:00:00-00:00,2025-11-30T15:00:00-00:00,2025-11-30,7,0,Hourly,RU,AS_SP26_EXP,DAM,RU_CLR_PRC,1.73751,15
2025-11-30T15:00:00-00:00,2025-11-30T16:00:00-00:00,2025-11-30,8,0,Hourly,RU,AS_SP26_EXP,DAM,RU_CLR_PRC,4.33,15
2025-11-30T18:00:00-00:00,2025-11-30T19:00:00-00:00,2025-11-30,11,0,Hourly,RU,AS_SP26,DAM,RU_CLR_PRC,0,15
2025-11-30T20:00:00-00:00,2025-11-30T21:00:00-00:00,2025-11-30,13,0,Hourly,RU,AS_CAISO_EXP,DAM,RU_CLR_PRC,0.17008,15
2025-11-30T20:00:00-00:00,2025-11-30T21:00:00-00:00,2025-11-30,13,0,Hourly,RU,AS_NP26_EXP,DAM,RU_CLR_PRC,1.41036,15
2025-11-30T22:00:00-00:00,2025-11-30T23:00:00-00:00,2025-11-30,15,0,Hourly,RU,AS_SP26_EXP,DAM,RU_CLR_PRC,0,15
2025-12-01T01:00:00-00:00,2025-12-01T02:00:00-00:00,2025-11-30,18,0,Hourly,RU,AS_CAISO_EXP,DAM,RU_CLR_PRC,0.63,15
2025-12-01T02:00:00-00:00,2025-12-01T03:00:00-00:00,2025-11-30,19,0,Hourly,RU,AS_CAISO_EXP,DAM,RU_CLR_PRC,0.36537,15
2025-12-01T02:00:00-00:00,2025-12-01T03:00:00-00:00,2025-11-30,19,0,Hourly,RU,AS_SP26_EXP,DAM,RU_CLR_PRC,0,15
2025-12-01T06:00:00-00:00,2025-12-01T07:00:00-00:00,2025-11-30,23,0,Hourly,RU,AS_CAISO_EXP,DAM,RU_CLR_PRC,0.67,15
2025-12-01T06:00:00-00:00,2025-12-01T07:00:00-00:00,2025-11-30,23,0,Hourly,RU,AS_NP26,DAM,RU_CLR_PRC,0,15
2025-12-01T07:00:00-00:00,2025-12-01T08:00:00-00:00,2025-11-30,24,0,Hourly,RU,AS_NP26,DAM,RU_CLR_PRC,0,15
2025-12-01T07:00:00-00:00,2025-12-01T08:00:00-00:00,2025-11-30,24,0,Hourly,RU,AS_SP26,DAM,RU_CLR_PRC,0,15
2025-11-30T08:00:00-00:00,2025-11-30T09:00:00-00:00,2025-11-30,1,0,Hourly,RU,AS_NP26_EXP,DAM,RU_CLR_PRC,0.45213,15
2025-11-30T08:00:00-00:00,2025-11-30T09:00:00-00:00,2025-11-30,1,0,Hourly,RU,AS_SP26_EXP,DAM,RU_CLR_PRC,0,15
2025-11-30T09:00:00-00:00,2025-11-30T10:00:00-00:00,2025-11-30,2,0,Hourly,RU,AS_NP26_EXP,DAM,RU_CLR_PRC,1.3873,15
2025-11-30T10:00:00-00:00,2025-11-30T11:00:00-00:00,2025-11-30,3,0,Hourly,RU,AS_NP26_EXP,DAM,RU_CLR_PRC,1.27437,15
2025-11-30T12:00:00-00:00,2025-11-30T13:00:00-00:00,2025-11-30,5,0,Hourly,RU,AS_SP26_EXP,DAM,RU_CLR_PRC,0,15
2025-11-30T13:00:00-00:00,2025-11-30T14:00:00-00:00,2025-11-30,6,0,Hourly,RU,AS_CAISO,DAM,RU_CLR_PRC,0,15
2025-11-30T13:00:00-00:00,2025-11-30T14:00:00-00:00,2025-11-30,6,0,Hourly,RU,AS_CAISO_EXP,DAM,RU_CLR_PRC,0.5,15
2025-11-30T13:00:00-00:00,2025-11-30T14:00:00-00:00,2025-11-30,6,0,Hourly,RU,AS_NP26_EXP,DAM,RU_CLR_PRC,0.00738,15
2025-11-30T15:00:00-00:00,2025-11-30T16:00:00-00:00,2025-11-30,8,0,Hourly,RU,AS_CAISO_EXP,DAM,RU_CLR_PRC,2.69,15
2025-11-30T15:00:00-00:00,2025-11-30T16:00:00-00:00,2025-11-30,8,0,Hourly,RU,AS_NP26_EXP,DAM,RU_CLR_PRC,0,15
2025-11-30T16:00:00-00:00,2025-11-30T17:00:00-00:00,2025-11-30,9,0,Hourly,RU,AS_NP26_EXP,DAM,RU_CLR_PRC,0.33,15
2025-11-30T17:00:00-00:00,2025-11-30T18:00:00-00:00,2025-11-30,10,0,Hourly,RU,AS_NP26_EXP,DAM,RU_CLR_PRC,2.24625,15
2025-11-30T18:00:00-00:00,2025-11-30T19:00:00-00:00,2025-11-30,11,0,Hourly,RU,AS_SP26_EXP,DAM,RU_CLR_PRC,0,15
2025-11-30T20:00:00-00:00,2025-11-30T21:00:00-00:00,2025-11-30,13,0,Hourly,RU,AS_SP26,DAM,RU_CLR_PRC,0,15
2025-11-30T21:00:00-00:00,2025-11-30T22:00:00-00:00,2025-11-30,14,0,Hourly,RU,AS_NP26,DAM,RU_CLR_PRC,0,15
2025-11-30T23:00:00-00:00,2025-12-01T00:00:00-00:00,2025-11-30,16,0,Hourly,RU,AS_CAISO,DAM,RU_CLR_PRC,0,15
2025-12-01T04:00:00-00:00,2025-12-01T05:00:00-00:00,2025-11-30,21,0,Hourly,RU,AS_CAISO,DAM,RU_CLR_PRC,0,15
2025-12-01T05:00:00-00:00,2025-12-01T06:00:00-00:00,2025-11-30,22,0,Hourly,RU,AS_CAISO,DAM,RU_CLR_PRC,0,15
2025-12-01T05:00:00-00:00,2025-12-01T06:00:00-00:00,2025-11-30,22,0,Hourly,RU,AS_CAISO_EXP,DAM,RU_CLR_PRC,2.22183,15
2025-12-01T06:00:00-00:00,2025-12-01T07:00:00-00:00,2025-11-30,23,0,Hourly,RU,AS_SP26_EXP,DAM,RU_CLR_PRC,0,15
2025-11-30T08:00:00-00:00,2025-11-30T09:00:00-00:00,2025-11-30,1,0,Hourly,RU,AS_CAISO,DAM,RU_CLR_PRC,0,15
2025-11-30T09:00:00-00:00,2025-11-30T10:00:00-00:00,2025-11-30,2,0,Hourly,RU,AS_NP26,DAM,RU_CLR_PRC,0,15
2025-11-30T09:00:00-00:00,2025-11-30T10:00:00-00:00,2025-11-30,2,0,Hourly,RU,AS_SP26_EXP,DAM,RU_CLR_PRC,0,15
2025-11-30T11:00:00-00:00,2025-11-30T12:00:00-00:00,2025-11-30,4,0,Hourly,RU,AS_CAISO_EXP,DAM,RU_CLR_PRC,0.5,15
2025-11-30T12:00:00-00:00,2025-11-30T13:00:00-00:00,2025-11-30,5,0,Hourly,RU,AS_SP26,DAM,RU_CLR_PRC,0,15
2025-11-30T14:00:00-00:00,2025-11-30T15:00:00-00:00,2025-11-30,7,0,Hourly,RU,AS_CAISO_EXP,DAM,RU_CLR_PRC,1.86249,15
2025-11-30T14:00:00-00:00,2025-11-30T15:00:00-00:00,2025-11-30,7,0,Hourly,RU,AS_NP26_EXP,DAM,RU_CLR_PRC,0,15
2025-11-30T19:00:00-00:00,2025-11-30T20:00:00-00:00,2025-11-30,12,0,Hourly,RU,AS_NP26,DAM,RU_CLR_PRC,0,15
2025-11-30T20:00:00-00:00,2025-11-30T21:00:00-00:00,2025-11-30,13,0,Hourly,RU,AS_CAISO,DAM,RU_CLR_PRC,0,15
2025-12-01T00:00:00-00:00,2025-12-01T01:00:00-00:00,2025-11-30,17,0,Hourly,RU,AS_NP26,DAM,RU_CLR_PRC,0,15
2025-12-01T00:00:00-00:00,2025-12-01T01:00:00-00:00,2025-11-30,17,0,Hourly,RU,AS_SP26_EXP,DAM,RU_CLR_PRC,0,15
2025-12-01T03:00:00-00:00,2025-12-01T04:00:00-00:00,2025-11-30,20,0,Hourly,RU,AS_CAISO_EXP,DAM,RU_CLR_PRC,0.41,15
2025-12-01T04:00:00-00:00,2025-12-01T05:00:00-00:00,2025-11-30,21,0,Hourly,RU,AS_NP26_EXP,DAM,RU_CLR_PRC,1.22154,15
2025-12-01T07:00:00-00:00,2025-12-01T08:00:00-00:00,2025-11-30,24,0,Hourly,RU,AS_NP26_EXP,DAM,RU_CLR_PRC,1.01,15
2025-11-30T13:00:00-00:00,2025-11-30T14:00:00-00:00,2025-11-30,6,0,Hourly,RU,AS_NP26,DAM,RU_CLR_PRC,0,15
2025-11-30T14:00:00-00:00,2025-11-30T15:00:00-00:00,2025-11-30,7,0,Hourly,RU,AS_NP26,DAM,RU_CLR_PRC,0,15
2025-11-30T14:00:00-00:00,2025-11-30T15:00:00-00:00,2025-11-30,7,0,Hourly,RU,AS_SP26,DAM,RU_CLR_PRC,0,15
2025-11-30T16:00:00-00:00,2025-11-30T17:00:00-00:00,2025-11-30,9,0,Hourly,RU,AS_SP26,DAM,RU_CLR_PRC,0,15
2025-11-30T17:00:00-00:00,2025-11-30T18:00:00-00:00,2025-11-30,10,0,Hourly,RU,AS_CAISO,DAM,RU_CLR_PRC,0,15
2025-11-30T19:00:00-00:00,2025-11-30T20:00:00-00:00,2025-11-30,12,0,Hourly,RU,AS_NP26_EXP,DAM,RU_CLR_PRC,1.48801,15
2025-11-30T21:00:00-00:00,2025-11-30T22:00:00-00:00,2025-11-30,14,0,Hourly,RU,AS_NP26_EXP,DAM,RU_CLR_PRC,1.48096,15
2025-11-30T22:00:00-00:00,2025-11-30T23:00:00-00:00,2025-11-30,15,0,Hourly,RU,AS_CAISO,DAM,RU_CLR_PRC,0,15
2025-11-30T23:00:00-00:00,2025-12-01T00:00:00-00:00,2025-11-30,16,0,Hourly,RU,AS_NP26,DAM,RU_CLR_PRC,0,15
2025-12-01T01:00:00-00:00,2025-12-01T02:00:00-00:00,2025-11-30,18,0,Hourly,RU,AS_NP26,DAM,RU_CLR_PRC,0,15
2025-12-01T03:00:00-00:00,2025-12-01T04:00:00-00:00,2025-11-30,20,0,Hourly,RU,AS_CAISO,DAM,RU_CLR_PRC,0,15
2025-12-01T03:00:00-00:00,2025-12-01T04:00:00-00:00,2025-11-30,20,0,Hourly,RU,AS_SP26,DAM,RU_CLR_PRC,0,15
2025-12-01T04:00:00-00:00,2025-12-01T05:00:00-00:00,2025-11-30,21,0,Hourly,RU,AS_CAISO_EXP,DAM,RU_CLR_PRC,0.49934,15
2025-12-01T05:00:00-00:00,2025-12-01T06:00:00-00:00,2025-11-30,22,0,Hourly,RU,AS_NP26,DAM,RU_CLR_PRC,0,15
2025-12-01T06:00:00-00:00,2025-12-01T07:00:00-00:00,2025-11-30,23,0,Hourly,RU,AS_CAISO,DAM,RU_CLR_PRC,0,15
2025-12-01T06:00:00-00:00,2025-12-01T07:00:00-00:00,2025-11-30,23,0,Hourly,RU,AS_NP26_EXP,DAM,RU_CLR_PRC,1.06805,15
2025-11-30T08:00:00-00:00,2025-11-30T09:00:00-00:00,2025-11-30,1,0,Hourly,RU,AS_NP26,DAM,RU_CLR_PRC,0,15
2025-11-30T11:00:00-00:00,2025-11-30T12:00:00-00:00,2025-11-30,4,0,Hourly,RU,AS_CAISO,DAM,RU_CLR_PRC,0,15
2025-11-30T11:00:00-00:00,2025-11-30T12:00:00-00:00,2025-11-30,4,0,Hourly,RU,AS_NP26,DAM,RU_CLR_PRC,0,15
2025-11-30T13:00:00-00:00,2025-11-30T14:00:00-00:00,2025-11-30,6,0,Hourly,RU,AS_SP26,DAM,RU_CLR_PRC,0,15
2025-11-30T16:00:00-00:00,2025-11-30T17:00:00-00:00,2025-11-30,9,0,Hourly,RU,AS_CAISO,DAM,RU_CLR_PRC,0,15
2025-11-30T16:00:00-00:00,2025-11-30T17:00:00-00:00,2025-11-30,9,0,Hourly,RU,AS_NP26,DAM,RU_CLR_PRC,0,15
2025-11-30T16:00:00-00:00,2025-11-30T17:00:00-00:00,2025-11-30,9,0,Hourly,RU,AS_SP26_EXP,DAM,RU_CLR_PRC,0,15
2025-11-30T17:00:00-00:00,2025-11-30T18:00:00-00:00,2025-11-30,10,0,Hourly,RU,AS_CAISO_EXP,DAM,RU_CLR_PRC,0.17108,15
2025-11-30T18:00:00-00:00,2025-11-30T19:00:00-00:00,2025-11-30,11,0,Hourly,RU,AS_CAISO_EXP,DAM,RU_CLR_PRC,0.172,15
2025-11-30T18:00:00-00:00,2025-11-30T19:00:00-00:00,2025-11-30,11,0,Hourly,RU,AS_NP26_EXP,DAM,RU_CLR_PRC,1.33645,15
2025-11-30T19:00:00-00:00,2025-11-30T20:00:00-00:00,2025-11-30,12,0,Hourly,RU,AS_CAISO,DAM,RU_CLR_PRC,0,15
2025-11-30T19:00:00-00:00,2025-11-30T20:00:00-00:00,2025-11-30,12,0,Hourly,RU,AS_SP26_EXP,DAM,RU_CLR_PRC,0,15
2025-11-30T21:00:00-00:00,2025-11-30T22:00:00-00:00,2025-11-30,14,0,Hourly,RU,AS_CAISO_EXP,DAM,RU_CLR_PRC,0.17,15
2025-11-30T21:00:00-00:00,2025-11-30T22:00:00-00:00,2025-11-30,14,0,Hourly,RU,AS_SP26,DAM,RU_CLR_PRC,0,15
2025-11-30T22:00:00-00:00,2025-11-30T23:00:00-00:00,2025-11-30,15,0,Hourly,RU,AS_NP26,DAM,RU_CLR_PRC,0,15
2025-11-30T22:00:00-00:00,2025-11-30T23:00:00-00:00,2025-11-30,15,0,Hourly,RU,AS_NP26_EXP,DAM,RU_CLR_PRC,1.21556,15
2025-11-30T22:00:00-00:00,2025-11-30T23:00:00-00:00,2025-11-30,15,0,Hourly,RU,AS_SP26,DAM,RU_CLR_PRC,0,15
2025-11-30T23:00:00-00:00,2025-12-01T00:00:00-00:00,2025-11-30,16,0,Hourly,RU,AS_CAISO_EXP,DAM,RU_CLR_PRC,1.36352,15
2025-11-30T23:00:00-00:00,2025-12-01T00:00:00-00:00,2025-11-30,16,0,Hourly,RU,AS_SP26_EXP,DAM,RU_CLR_PRC,0,15
2025-12-01T01:00:00-00:00,2025-12-01T02:00:00-00:00,2025-11-30,18,0,Hourly,RU,AS_SP26,DAM,RU_CLR_PRC,0,15
2025-12-01T02:00:00-00:00,2025-12-01T03:00:00-00:00,2025-11-30,19,0,Hourly,RU,AS_NP26,DAM,RU_CLR_PRC,0,15
2025-12-01T03:00:00-00:00,2025-12-01T04:00:00-00:00,2025-11-30,20,0,Hourly,RU,AS_SP26_EXP,DAM,RU_CLR_PRC,0,15
2025-12-01T04:00:00-00:00,2025-12-01T05:00:00-00:00,2025-11-30,21,0,Hourly,RU,AS_SP26_EXP,DAM,RU_CLR_PRC,0,15
2025-12-01T07:00:00-00:00,2025-12-01T08:00:00-00:00,2025-11-30,24,0,Hourly,RU,AS_SP26_EXP,DAM,RU_CLR_PRC,0,15
2025-11-30T10:00:00-00:00,2025-11-30T11:00:00-00:00,2025-11-30,3,0,Hourly,RU,AS_SP26,DAM,RU_CLR_PRC,0,15
2025-11-30T11:00:00-00:00,2025-11-30T12:00:00-00:00,2025-11-30,4,0,Hourly,RU,AS_NP26_EXP,DAM,RU_CLR_PRC,1.25615,15
2025-11-30T15:00:00-00:00,2025-11-30T16:00:00-00:00,2025-11-30,8,0,Hourly,RU,AS_CAISO,DAM,RU_CLR_PRC,0,15
2025-11-30T15:00:00-00:00,2025-11-30T16:00:00-00:00,2025-11-30,8,0,Hourly,RU,AS_SP26,DAM,RU_CLR_PRC,0,15
2025-11-30T16:00:00-00:00,2025-11-30T17:00:00-00:00,2025-11-30,9,0,Hourly,RU,AS_CAISO_EXP,DAM,RU_CLR_PRC,1.67,15
2025-11-30T18:00:00-00:00,2025-11-30T19:00:00-00:00,2025-11-30,11,0,Hourly,RU,AS_CAISO,DAM,RU_CLR_PRC,0,15
2025-11-30T18:00:00-00:00,2025-11-30T19:00:00-00:00,2025-11-30,11,0,Hourly,RU,AS_NP26,DAM,RU_CLR_PRC,0,15
2025-11-30T19:00:00-00:00,2025-11-30T20:00:00-00:00,2025-11-30,12,0,Hourly,RU,AS_CAISO_EXP,DAM,RU_CLR_PRC,0.17,15
2025-12-01T01:00:00-00:00,2025-12-01T02:00:00-00:00,2025-11-30,18,0,Hourly,RU,AS_CAISO,DAM,RU_CLR_PRC,0,15
2025-12-01T02:00:00-00:00,2025-12-01T03:00:00-00:00,2025-11-30,19,0,Hourly,RU,AS_CAISO,DAM,RU_CLR_PRC,0,15
2025-12-01T03:00:00-00:00,2025-12-01T04:00:00-00:00,2025-11-30,20,0,Hourly,RU,AS_NP26,DAM,RU_CLR_PRC,0,15
2025-12-01T03:00:00-00:00,2025-12-01T04:00:00-00:00,2025-11-30,20,0,Hourly,RU,AS_NP26_EXP,DAM,RU_CLR_PRC,1.52055,15
2025-12-01T05:00:00-00:00,2025-12-01T06:00:00-00:00,2025-11-30,22,0,Hourly,RU,AS_SP26,DAM,RU_CLR_PRC,0,15
2025-12-01T05:00:00-00:00,2025-12-01T06:00:00-00:00,2025-11-30,22,0,Hourly,RU,AS_SP26_EXP,DAM,RU_CLR_PRC,0,15
2025-11-30T08:00:00-00:00,2025-11-30T09:00:00-00:00,2025-11-30,1,0,Hourly,RU,AS_CAISO_EXP,DAM,RU_CLR_PRC,1,15
2025-11-30T09:00:00-00:00,2025-11-30T10:00:00-00:00,2025-11-30,2,0,Hourly,RU,AS_CAISO_EXP,DAM,RU_CLR_PRC,0.5,15
2025-11-30T09:00:00-00:00,2025-11-30T10:00:00-00:00,2025-11-30,2,0,Hourly,RU,AS_SP26,DAM,RU_CLR_PRC,0,15
2025-11-30T10:00:00-00:00,2025-11-30T11:00:00-00:00,2025-11-30,3,0,Hourly,RU,AS_NP26,DAM,RU_CLR_PRC,0,15
2025-11-30T10:00:00-00:00,2025-11-30T11:00:00-00:00,2025-11-30,3,0,Hourly,RU,AS_SP26_EXP,DAM,RU_CLR_PRC,0,15
2025-11-30T11:00:00-00:00,2025-11-30T12:00:00-00:00,2025-11-30,4,0,Hourly,RU,AS_SP26,DAM,RU_CLR_PRC,0,15
2025-11-30T12:00:00-00:00,2025-11-30T13:00:00-00:00,2025-11-30,5,0,Hourly,RU,AS_NP26_EXP,DAM,RU_CLR_PRC,0.14526,15
2025-11-30T15:00:00-00:00,2025-11-30T16:00:00-00:00,2025-11-30,8,0,Hourly,RU,AS_NP26,DAM,RU_CLR_PRC,0,15
2025-11-30T17:00:00-00:00,2025-11-30T18:00:00-00:00,2025-11-30,10,0,Hourly,RU,AS_SP26,DAM,RU_CLR_PRC,0,15
2025-11-30T17:00:00-00:00,2025-11-30T18:00:00-00:00,2025-11-30,10,0,Hourly,RU,AS_SP26_EXP,DAM,RU_CLR_PRC,0,15
2025-11-30T20:00:00-00:00,2025-11-30T21:00:00-00:00,2025-11-30,13,0,Hourly,RU,AS_NP26,DAM,RU_CLR_PRC,0,15
2025-11-30T21:00:00-00:00,2025-11-30T22:00:00-00:00,2025-11-30,14,0,Hourly,RU,AS_SP26_EXP,DAM,RU_CLR_PRC,0,15
2025-11-30T22:00:00-00:00,2025-11-30T23:00:00-00:00,2025-11-30,15,0,Hourly,RU,AS_CAISO_EXP,DAM,RU_CLR_PRC,0.17,15
2025-12-01T00:00:00-00:00,2025-12-01T01:00:00-00:00,2025-11-30,17,0,Hourly,RU,AS_CAISO,DAM,RU_CLR_PRC,0,15
2025-12-01T00:00:00-00:00,2025-12-01T01:00:00-00:00,2025-11-30,17,0,Hourly,RU,AS_CAISO_EXP,DAM,RU_CLR_PRC,1.24143,15
2025-12-01T00:00:00-00:00,2025-12-01T01:00:00-00:00,2025-11-30,17,0,Hourly,RU,AS_NP26_EXP,DAM,RU_CLR_PRC,1.45857,15
2025-12-01T00:00:00-00:00,2025-12-01T01:00:00-00:00,2025-11-30,17,0,Hourly,RU,AS_SP26,DAM,RU_CLR_PRC,0,15
2025-12-01T02:00:00-00:00,2025-12-01T03:00:00-00:00,2025-11-30,19,0,Hourly,RU,AS_NP26_EXP,DAM,RU_CLR_PRC,3.03526,15
2025-12-01T04:00:00-00:00,2025-12-01T05:00:00-00:00,2025-11-30,21,0,Hourly,RU,AS_SP26,DAM,RU_CLR_PRC,0,15
2025-12-01T07:00:00-00:00,2025-12-01T08:00:00-00:00,2025-11-30,24,0,Hourly,RU,AS_CAISO,DAM,RU_CLR_PRC,0,15
2025-12-01T07:00:00-00:00,2025-12-01T08:00:00-00:00,2025-11-30,24,0,Hourly,RU,AS_CAISO_EXP,DAM,RU_CLR_PRC,0.99,15
2025-11-30T08:00:00-00:00,2025-11-30T09:00:00-00:00,2025-11-30,1,0,Hourly,RU,AS_SP26,DAM,RU_CLR_PRC,0,15
2025-11-30T10:00:00-00:00,2025-11-30T11:00:00-00:00,2025-11-30,3,0,Hourly,RU,AS_CAISO_EXP,DAM,RU_CLR_PRC,0.5,15
2025-11-30T12:00:00-00:00,2025-11-30T13:00:00-00:00,2025-11-30,5,0,Hourly,RU,AS_CAISO,DAM,RU_CLR_PRC,0,15
2025-11-30T12:00:00-00:00,2025-11-30T13:00:00-00:00,2025-11-30,5,0,Hourly,RU,AS_CAISO_EXP,DAM,RU_CLR_PRC,0.5,15
2025-11-30T13:00:00-00:00,2025-11-30T14:00:00-00:00,2025-11-30,6,0,Hourly,RU,AS_SP26_EXP,DAM,RU_CLR_PRC,0,15
2025-12-01T15:00:00-00:00,2025-12-01T16:00:00-00:00,2025-12-01,8,0,Hourly,RU,AS_NP26_EXP,DAM,RU_CLR_PRC,8,16
2025-12-01T16:00:00-00:00,2025-12-01T17:00:00-00:00,2025-12-01,9,0,Hourly,RU,AS_CAISO,DAM,RU_CLR_PRC,0,16
2025-12-01T16:00:00-00:00,2025-12-01T17:00:00-00:00,2025-12-01,9,0,Hourly,RU,AS_NP26_EXP,DAM,RU_CLR_PRC,2.06414,16
2025-12-01T17:00:00-00:00,2025-12-01T18:00:00-00:00,2025-12-01,10,0,Hourly,RU,AS_NP26_EXP,DAM,RU_CLR_PRC,1.33,16
2025-12-01T17:00:00-00:00,2025-12-01T18:00:00-00:00,2025-12-01,10,0,Hourly,RU,AS_SP26_EXP,DAM,RU_CLR_PRC,0,16
2025-12-01T18:00:00-00:00,2025-12-01T19:00:00-00:00,2025-12-01,11,0,Hourly,RU,AS_CAISO,DAM,RU_CLR_PRC,0,16
2025-12-01T18:00:00-00:00,2025-12-01T19:00:00-00:00,2025-12-01,11,0,Hourly,RU,AS_SP26_EXP,DAM,RU_CLR_PRC,0,16
2025-12-01T20:00:00-00:00,2025-12-01T21:00:00-00:00,2025-12-01,13,0,Hourly,RU,AS_NP26,DAM,RU_CLR_PRC,0,16
2025-12-01T21:00:00-00:00,2025-12-01T22:00:00-00:00,2025-12-01,14,0,Hourly,RU,AS_SP26,DAM,RU_CLR_PRC,0,16
2025-12-01T22:00:00-00:00,2025-12-01T23:00:00-00:00,2025-12-01,15,0,Hourly,RU,AS_CAISO,DAM,RU_CLR_PRC,0,16
2025-12-01T22:00:00-00:00,2025-12-01T23:00:00-00:00,2025-12-01,15,0,Hourly,RU,AS_SP26,DAM,RU_CLR_PRC,0,16
2025-12-01T23:00:00-00:00,2025-12-02T00:00:00-00:00,2025-12-01,16,0,Hourly,RU,AS_SP26_EXP,DAM,RU_CLR_PRC,0,16
2025-12-02T01:00:00-00:00,2025-12-02T02:00:00-00:00,2025-12-01,18,0,Hourly,RU,AS_CAISO_EXP,DAM,RU_CLR_PRC,1,16
2025-12-02T04:00:00-00:00,2025-12-02T05:00:00-00:00,2025-12-01,21,0,Hourly,RU,AS_CAISO_EXP,DAM,RU_CLR_PRC,0.71294,16
2025-12-02T04:00:00-00:00,2025-12-02T05:00:00-00:00,2025-12-01,21,0,Hourly,RU,AS_NP26,DAM,RU_CLR_PRC,0,16
2025-12-02T05:00:00-00:00,2025-12-02T06:00:00-00:00,2025-12-01,22,0,Hourly,RU,AS_NP26_EXP,DAM,RU_CLR_PRC,2.97433,16
2025-12-01T19:00:00-00:00,2025-12-01T20:00:00-00:00,2025-12-01,12,0,Hourly,RU,AS_CAISO_EXP,DAM,RU_CLR_PRC,0.6,16
2025-12-01T20:00:00-00:00,2025-12-01T21:00:00-00:00,2025-12-01,13,0,Hourly,RU,AS_SP26,DAM,RU_CLR_PRC,0,16
2025-12-02T04:00:00-00:00,2025-12-02T05:00:00-00:00,2025-12-01,21,0,Hourly,RU,AS_SP26,DAM,RU_CLR_PRC,0,16
2025-12-02T05:00:00-00:00,2025-12-02T06:00:00-00:00,2025-12-01,22,0,Hourly,RU,AS_CAISO,DAM,RU_CLR_PRC,0,16
2025-12-02T05:00:00-00:00,2025-12-02T06:00:00-00:00,2025-12-01,22,0,Hourly,RU,AS_NP26,DAM,RU_CLR_PRC,0,16
2025-12-02T06:00:00-00:00,2025-12-02T07:00:00-00:00,2025-12-01,23,0,Hourly,RU,AS_CAISO,DAM,RU_CLR_PRC,0,16
2025-12-01T09:00:00-00:00,2025-12-01T10:00:00-00:00,2025-12-01,2,0,Hourly,RU,AS_SP26,DAM,RU_CLR_PRC,0,16
2025-12-01T10:00:00-00:00,2025-12-01T11:00:00-00:00,2025-12-01,3,0,Hourly,RU,AS_CAISO,DAM,RU_CLR_PRC,0,16
2025-12-01T10:00:00-00:00,2025-12-01T11:00:00-00:00,2025-12-01,3,0,Hourly,RU,AS_NP26,DAM,RU_CLR_PRC,0,16
2025-12-01T10:00:00-00:00,2025-12-01T11:00:00-00:00,2025-12-01,3,0,Hourly,RU,AS_SP26,DAM,RU_CLR_PRC,0,16
2025-12-01T14:00:00-00:00,2025-12-01T15:00:00-00:00,2025-12-01,7,0,Hourly,RU,AS_CAISO_EXP,DAM,RU_CLR_PRC,2.5,16
2025-12-01T16:00:00-00:00,2025-12-01T17:00:00-00:00,2025-12-01,9,0,Hourly,RU,AS_SP26,DAM,RU_CLR_PRC,0,16
2025-12-01T20:00:00-00:00,2025-12-01T21:00:00-00:00,2025-12-01,13,0,Hourly,RU,AS_SP26_EXP,DAM,RU_CLR_PRC,0,16
2025-12-01T22:00:00-00:00,2025-12-01T23:00:00-00:00,2025-12-01,15,0,Hourly,RU,AS_CAISO_EXP,DAM,RU_CLR_PRC,1.89429,16
2025-12-02T00:00:00-00:00,2025-12-02T01:00:00-00:00,2025-12-01,17,0,Hourly,RU,AS_SP26,DAM,RU_CLR_PRC,0,16
2025-12-02T01:00:00-00:00,2025-12-02T02:00:00-00:00,2025-12-01,18,0,Hourly,RU,AS_NP26_EXP,DAM,RU_CLR_PRC,5.51452,16
2025-12-02T01:00:00-00:00,2025-12-02T02:00:00-00:00,2025-12-01,18,0,Hourly,RU,AS_SP26_EXP,DAM,RU_CLR_PRC,0,16
2025-12-02T02:00:00-00:00,2025-12-02T03:00:00-00:00,2025-12-01,19,0,Hourly,RU,AS_NP26_EXP,DAM,RU_CLR_PRC,6.64432,16
2025-12-02T02:00:00-00:00,2025-12-02T03:00:00-00:00,2025-12-01,19,0,Hourly,RU,AS_SP26,DAM,RU_CLR_PRC,0,16
2025-12-02T04:00:00-00:00,2025-12-02T05:00:00-00:00,2025-12-01,21,0,Hourly,RU,AS_NP26_EXP,DAM,RU_CLR_PRC,1.98706,16
2025-12-02T07:00:00-00:00,2025-12-02T08:00:00-00:00,2025-12-01,24,0,Hourly,RU,AS_CAISO_EXP,DAM,RU_CLR_PRC,0.99,16
2025-12-02T07:00:00-00:00,2025-12-02T08:00:00-00:00,2025-12-01,24,0,Hourly,RU,AS_NP26_EXP,DAM,RU_CLR_PRC,2.01,16
2025-12-02T07:00:00-00:00,2025-12-02T08:00:00-00:00,2025-12-01,24,0,Hourly,RU,AS_SP26_EXP,DAM,RU_CLR_PRC,0,16
2025-12-01T08:00:00-00:00,2025-12-01T09:00:00-00:00,2025-12-01,1,0,Hourly,RU,AS_NP26_EXP,DAM,RU_CLR_PRC,0.65345,16
2025-12-01T08:00:00-00:00,2025-12-01T09:00:00-00:00,2025-12-01,1,0,Hourly,RU,AS_SP26_EXP,DAM,RU_CLR_PRC,0,16
2025-12-01T13:00:00-00:00,2025-12-01T14:00:00-00:00,2025-12-01,6,0,Hourly,RU,AS_NP26,DAM,RU_CLR_PRC,0,16
2025-12-01T13:00:00-00:00,2025-12-01T14:00:00-00:00,2025-12-01,6,0,Hourly,RU,AS_SP26_EXP,DAM,RU_CLR_PRC,0,16
2025-12-01T14:00:00-00:00,2025-12-01T15:00:00-00:00,2025-12-01,7,0,Hourly,RU,AS_SP26_EXP,DAM,RU_CLR_PRC,0,16
2025-12-01T21:00:00-00:00,2025-12-01T22:00:00-00:00,2025-12-01,14,0,Hourly,RU,AS_CAISO,DAM,RU_CLR_PRC,0,16
2025-12-01T21:00:00-00:00,2025-12-01T22:00:00-00:00,2025-12-01,14,0,Hourly,RU,AS_SP26_EXP,DAM,RU_CLR_PRC,0,16
2025-12-01T23:00:00-00:00,2025-12-02T00:00:00-00:00,2025-12-01,16,0,Hourly,RU,AS_CAISO_EXP,DAM,RU_CLR_PRC,0.53,16
2025-12-02T01:00:00-00:00,2025-12-02T02:00:00-00:00,2025-12-01,18,0,Hourly,RU,AS_NP26,DAM,RU_CLR_PRC,0,16
2025-12-02T01:00:00-00:00,2025-12-02T02:00:00-00:00,2025-12-01,18,0,Hourly,RU,AS_SP26,DAM,RU_CLR_PRC,0,16
2025-12-02T02:00:00-00:00,2025-12-02T03:00:00-00:00,2025-12-01,19,0,Hourly,RU,AS_CAISO,DAM,RU_CLR_PRC,0,16
2025-12-02T03:00:00-00:00,2025-12-02T04:00:00-00:00,2025-12-01,20,0,Hourly,RU,AS_CAISO_EXP,DAM,RU_CLR_PRC,0.41,16
2025-12-02T03:00:00-00:00,2025-12-02T04:00:00-00:00,2025-12-01,20,0,Hourly,RU,AS_SP26,DAM,RU_CLR_PRC,0,16
2025-12-02T03:00:00-00:00,2025-12-02T04:00:00-00:00,2025-12-01,20,0,Hourly,RU,AS_SP26_EXP,DAM,RU_CLR_PRC,0,16
2025-12-02T04:00:00-00:00,2025-12-02T05:00:00-00:00,2025-12-01,21,0,Hourly,RU,AS_SP26_EXP,DAM,RU_CLR_PRC,0,16
2025-12-02T05:00:00-00:00,2025-12-02T06:00:00-00:00,2025-12-01,22,0,Hourly,RU,AS_SP26_EXP,DAM,RU_CLR_PRC,0,16
2025-12-02T07:00:00-00:00,2025-12-02T08:00:00-00:00,2025-12-01,24,0,Hourly,RU,AS_SP26,DAM,RU_CLR_PRC,0,16
2025-12-01T11:00:00-00:00,2025-12-01T12:00:00-00:00,2025-12-01,4,0,Hourly,RU,AS_SP26_EXP,DAM,RU_CLR_PRC,0,16
2025-12-01T12:00:00-00:00,2025-12-01T13:00:00-00:00,2025-12-01,5,0,Hourly,RU,AS_CAISO_EXP,DAM,RU_CLR_PRC,0.5,16
2025-12-01T13:00:00-00:00,2025-12-01T14:00:00-00:00,2025-12-01,6,0,Hourly,RU,AS_CAISO_EXP,DAM,RU_CLR_PRC,0.83042,16
2025-12-01T14:00:00-00:00,2025-12-01T15:00:00-00:00,2025-12-01,7,0,Hourly,RU,AS_CAISO,DAM,RU_CLR_PRC,0,16
2025-12-01T14:00:00-00:00,2025-12-01T15:00:00-00:00,2025-12-01,7,0,Hourly,RU,AS_SP26,DAM,RU_CLR_PRC,0,16
2025-12-01T15:00:00-00:00,2025-12-01T16:00:00-00:00,2025-12-01,8,0,Hourly,RU,AS_SP26_EXP,DAM,RU_CLR_PRC,0,16
2025-12-01T16:00:00-00:00,2025-12-01T17:00:00-00:00,2025-12-01,9,0,Hourly,RU,AS_CAISO_EXP,DAM,RU_CLR_PRC,2.48586,16
2025-12-01T16:00:00-00:00,2025-12-01T17:00:00-00:00,2025-12-01,9,0,Hourly,RU,AS_NP26,DAM,RU_CLR_PRC,0,16
2025-12-01T17:00:00-00:00,2025-12-01T18:00:00-00:00,2025-12-01,10,0,Hourly,RU,AS_CAISO,DAM,RU_CLR_PRC,0,16
2025-12-01T17:00:00-00:00,2025-12-01T18:00:00-00:00,2025-12-01,10,0,Hourly,RU,AS_CAISO_EXP,DAM,RU_CLR_PRC,2.43268,16
2025-12-01T17:00:00-00:00,2025-12-01T18:00:00-00:00,2025-12-01,10,0,Hourly,RU,AS_SP26,DAM,RU_CLR_PRC,0,16
2025-12-01T19:00:00-00:00,2025-12-01T20:00:00-00:00,2025-12-01,12,0,Hourly,RU,AS_CAISO,DAM,RU_CLR_PRC,0,16
2025-12-01T23:00:00-00:00,2025-12-02T00:00:00-00:00,2025-12-01,16,0,Hourly,RU,AS_NP26,DAM,RU_CLR_PRC,0,16
2025-12-02T00:00:00-00:00,2025-12-02T01:00:00-00:00,2025-12-01,17,0,Hourly,RU,AS_NP26,DAM,RU_CLR_PRC,0,16
2025-12-02T00:00:00-00:00,2025-12-02T01:00:00-00:00,2025-12-01,17,0,Hourly,RU,AS_NP26_EXP,DAM,RU_CLR_PRC,1.97163,16
2025-12-02T00:00:00-00:00,2025-12-02T01:00:00-00:00,2025-12-01,17,0,Hourly,RU,AS_SP26_EXP,DAM,RU_CLR_PRC,0,16
2025-12-02T03:00:00-00:00,2025-12-02T04:00:00-00:00,2025-12-01,20,0,Hourly,RU,AS_NP26_EXP,DAM,RU_CLR_PRC,5.50995,16
2025-12-02T06:00:00-00:00,2025-12-02T07:00:00-00:00,2025-12-01,23,0,Hourly,RU,AS_SP26,DAM,RU_CLR_PRC,0,16
2025-12-02T07:00:00-00:00,2025-12-02T08:00:00-00:00,2025-12-01,24,0,Hourly,RU,AS_NP26,DAM,RU_CLR_PRC,0,16
2025-12-01T08:00:00-00:00,2025-12-01T09:00:00-00:00,2025-12-01,1,0,Hourly,RU,AS_SP26,DAM,RU_CLR_PRC,0,16
2025-12-01T10:00:00-00:00,2025-12-01T11:00:00-00:00,2025-12-01,3,0,Hourly,RU,AS_NP26_EXP,DAM,RU_CLR_PRC,0.51197,16
2025-12-01T11:00:00-00:00,2025-12-01T12:00:00-00:00,2025-12-01,4,0,Hourly,RU,AS_CAISO_EXP,DAM,RU_CLR_PRC,0.41,16
2025-12-01T14:00:00-00:00,2025-12-01T15:00:00-00:00,2025-12-01,7,0,Hourly,RU,AS_NP26,DAM,RU_CLR_PRC,0,16
2025-12-01T15:00:00-00:00,2025-12-01T16:00:00-00:00,2025-12-01,8,0,Hourly,RU,AS_CAISO_EXP,DAM,RU_CLR_PRC,1.42,16
2025-12-01T22:00:00-00:00,2025-12-01T23:00:00-00:00,2025-12-01,15,0,Hourly,RU,AS_NP26_EXP,DAM,RU_CLR_PRC,1.77571,16
2025-12-01T22:00:00-00:00,2025-12-01T23:00:00-00:00,2025-12-01,15,0,Hourly,RU,AS_SP26_EXP,DAM,RU_CLR_PRC,0,16
2025-12-02T00:00:00-00:00,2025-12-02T01:00:00-00:00,2025-12-01,17,0,Hourly,RU,AS_CAISO,DAM,RU_CLR_PRC,0,16
2025-12-02T00:00:00-00:00,2025-12-02T01:00:00-00:00,2025-12-01,17,0,Hourly,RU,AS_CAISO_EXP,DAM,RU_CLR_PRC,0.71837,16
2025-12-02T02:00:00-00:00,2025-12-02T03:00:00-00:00,2025-12-01,19,0,Hourly,RU,AS_NP26,DAM,RU_CLR_PRC,0,16
2025-12-02T02:00:00-00:00,2025-12-02T03:00:00-00:00,2025-12-01,19,0,Hourly,RU,AS_SP26_EXP,DAM,RU_CLR_PRC,0,16
2025-12-02T03:00:00-00:00,2025-12-02T04:00:00-00:00,2025-12-01,20,0,Hourly,RU,AS_CAISO,DAM,RU_CLR_PRC,0,16
2025-12-02T03:00:00-00:00,2025-12-02T04:00:00-00:00,2025-12-01,20,0,Hourly,RU,AS_NP26,DAM,RU_CLR_PRC,0,16
2025-12-01T08:00:00-00:00,2025-12-01T09:00:00-00:00,2025-12-01,1,0,Hourly,RU,AS_CAISO_EXP,DAM,RU_CLR_PRC,1.34655,16
2025-12-01T09:00:00-00:00,2025-12-01T10:00:00-00:00,2025-12-01,2,0,Hourly,RU,AS_SP26_EXP,DAM,RU_CLR_PRC,0,16
2025-12-01T11:00:00-00:00,2025-12-01T12:00:00-00:00,2025-12-01,4,0,Hourly,RU,AS_NP26,DAM,RU_CLR_PRC,0,16
2025-12-01T12:00:00-00:00,2025-12-01T13:00:00-00:00,2025-12-01,5,0,Hourly,RU,AS_SP26,DAM,RU_CLR_PRC,0,16
2025-12-01T14:00:00-00:00,2025-12-01T15:00:00-00:00,2025-12-01,7,0,Hourly,RU,AS_NP26_EXP,DAM,RU_CLR_PRC,3.5,16
2025-12-01T18:00:00-00:00,2025-12-01T19:00:00-00:00,2025-12-01,11,0,Hourly,RU,AS_CAISO_EXP,DAM,RU_CLR_PRC,0.17,16
2025-12-01T18:00:00-00:00,2025-12-01T19:00:00-00:00,2025-12-01,11,0,Hourly,RU,AS_NP26,DAM,RU_CLR_PRC,0,16
2025-12-01T19:00:00-00:00,2025-12-01T20:00:00-00:00,2025-12-01,12,0,Hourly,RU,AS_NP26_EXP,DAM,RU_CLR_PRC,1.2,16
2025-12-01T19:00:00-00:00,2025-12-01T20:00:00-00:00,2025-12-01,12,0,Hourly,RU,AS_SP26_EXP,DAM,RU_CLR_PRC,0,16
2025-12-01T20:00:00-00:00,2025-12-01T21:00:00-00:00,2025-12-01,13,0,Hourly,RU,AS_NP26_EXP,DAM,RU_CLR_PRC,0.24,16
2025-12-01T21:00:00-00:00,2025-12-01T22:00:00-00:00,2025-12-01,14,0,Hourly,RU,AS_NP26,DAM,RU_CLR_PRC,0,16
2025-12-01T08:00:00-00:00,2025-12-01T09:00:00-00:00,2025-12-01,1,0,Hourly,RU,AS_NP26,DAM,RU_CLR_PRC,0,16
2025-12-01T09:00:00-00:00,2025-12-01T10:00:00-00:00,2025-12-01,2,0,Hourly,RU,AS_NP26_EXP,DAM,RU_CLR_PRC,0,16
2025-12-01T10:00:00-00:00,2025-12-01T11:00:00-00:00,2025-12-01,3,0,Hourly,RU,AS_SP26_EXP,DAM,RU_CLR_PRC,0,16
2025-12-01T12:00:00-00:00,2025-12-01T13:00:00-00:00,2025-12-01,5,0,Hourly,RU,AS_CAISO,DAM,RU_CLR_PRC,0,16
2025-12-01T12:00:00-00:00,2025-12-01T13:00:00-00:00,2025-12-01,5,0,Hourly,RU,AS_NP26,DAM,RU_CLR_PRC,0,16
2025-12-01T12:00:00-00:00,2025-12-01T13:00:00-00:00,2025-12-01,5,0,Hourly,RU,AS_NP26_EXP,DAM,RU_CLR_PRC,0,16
2025-12-01T13:00:00-00:00,2025-12-01T14:00:00-00:00,2025-12-01,6,0,Hourly,RU,AS_NP26_EXP,DAM,RU_CLR_PRC,0,16
2025-12-01T13:00:00-00:00,2025-12-01T14:00:00-00:00,2025-12-01,6,0,Hourly,RU,AS_SP26,DAM,RU_CLR_PRC,0,16
2025-12-01T16:00:00-00:00,2025-12-01T17:00:00-00:00,2025-12-01,9,0,Hourly,RU,AS_SP26_EXP,DAM,RU_CLR_PRC,0,16
2025-12-01T18:00:00-00:00,2025-12-01T19:00:00-00:00,2025-12-01,11,0,Hourly,RU,AS_NP26_EXP,DAM,RU_CLR_PRC,1.63206,16
2025-12-01T21:00:00-00:00,2025-12-01T22:00:00-00:00,2025-12-01,14,0,Hourly,RU,AS_NP26_EXP,DAM,RU_CLR_PRC,1.49588,16
2025-12-01T23:00:00-00:00,2025-12-02T00:00:00-00:00,2025-12-01,16,0,Hourly,RU,AS_CAISO,DAM,RU_CLR_PRC,0,16
2025-12-01T23:00:00-00:00,2025-12-02T00:00:00-00:00,2025-12-01,16,0,Hourly,RU,AS_NP26_EXP,DAM,RU_CLR_PRC,1.23,16
2025-12-01T23:00:00-00:00,2025-12-02T00:00:00-00:00,2025-12-01,16,0,Hourly,RU,AS_SP26,DAM,RU_CLR_PRC,0,16
2025-12-02T01:00:00-00:00,2025-12-02T02:00:00-00:00,2025-12-01,18,0,Hourly,RU,AS_CAISO,DAM,RU_CLR_PRC,0,16
2025-12-02T05:00:00-00:00,2025-12-02T06:00:00-00:00,2025-12-01,22,0,Hourly,RU,AS_CAISO_EXP,DAM,RU_CLR_PRC,0.73,16
2025-12-02T06:00:00-00:00,2025-12-02T07:00:00-00:00,2025-12-01,23,0,Hourly,RU,AS_CAISO_EXP,DAM,RU_CLR_PRC,2,16
2025-12-02T06:00:00-00:00,2025-12-02T07:00:00-00:00,2025-12-01,23,0,Hourly,RU,AS_NP26,DAM,RU_CLR_PRC,0,16
2025-12-02T07:00:00-00:00,2025-12-02T08:00:00-00:00,2025-12-01,24,0,Hourly,RU,AS_CAISO,DAM,RU_CLR_PRC,0,16
2025-12-01T08:00:00-00:00,2025-12-01T09:00:00-00:00,2025-12-01,1,0,Hourly,RU,AS_CAISO,DAM,RU_CLR_PRC,0,16
2025-12-01T09:00:00-00:00,2025-12-01T10:00:00-00:00,2025-12-01,2,0,Hourly,RU,AS_NP26,DAM,RU_CLR_PRC,0,16
2025-12-01T11:00:00-00:00,2025-12-01T12:00:00-00:00,2025-12-01,4,0,Hourly,RU,AS_NP26_EXP,DAM,RU_CLR_PRC,0.37067,16
2025-12-01T13:00:00-00:00,2025-12-01T14:00:00-00:00,2025-12-01,6,0,Hourly,RU,AS_CAISO,DAM,RU_CLR_PRC,0,16
2025-12-01T15:00:00-00:00,2025-12-01T16:00:00-00:00,2025-12-01,8,0,Hourly,RU,AS_NP26,DAM,RU_CLR_PRC,0,16
2025-12-01T15:00:00-00:00,2025-12-01T16:00:00-00:00,2025-12-01,8,0,Hourly,RU,AS_SP26,DAM,RU_CLR_PRC,0,16
2025-12-01T17:00:00-00:00,2025-12-01T18:00:00-00:00,2025-12-01,10,0,Hourly,RU,AS_NP26,DAM,RU_CLR_PRC,0,16
2025-12-01T18:00:00-00:00,2025-12-01T19:00:00-00:00,2025-12-01,11,0,Hourly,RU,AS_SP26,DAM,RU_CLR_PRC,0,16
2025-12-01T19:00:00-00:00,2025-12-01T20:00:00-00:00,2025-12-01,12,0,Hourly,RU,AS_NP26,DAM,RU_CLR_PRC,0,16
2025-12-01T19:00:00-00:00,2025-12-01T20:00:00-00:00,2025-12-01,12,0,Hourly,RU,AS_SP26,DAM,RU_CLR_PRC,0,16
2025-12-01T20:00:00-00:00,2025-12-01T21:00:00-00:00,2025-12-01,13,0,Hourly,RU,AS_CAISO,DAM,RU_CLR_PRC,0,16
2025-12-01T20:00:00-00:00,2025-12-01T21:00:00-00:00,2025-12-01,13,0,Hourly,RU,AS_CAISO_EXP,DAM,RU_CLR_PRC,1.88,16
2025-12-01T21:00:00-00:00,2025-12-01T22:00:00-00:00,2025-12-01,14,0,Hourly,RU,AS_CAISO_EXP,DAM,RU_CLR_PRC,0.3,16
2025-12-01T22:00:00-00:00,2025-12-01T23:00:00-00:00,2025-12-01,15,0,Hourly,RU,AS_NP26,DAM,RU_CLR_PRC,0,16
2025-12-02T02:00:00-00:00,2025-12-02T03:00:00-00:00,2025-12-01,19,0,Hourly,RU,AS_CAISO_EXP,DAM,RU_CLR_PRC,0.85568,16
2025-12-02T04:00:00-00:00,2025-12-02T05:00:00-00:00,2025-12-01,21,0,Hourly,RU,AS_CAISO,DAM,RU_CLR_PRC,0,16
2025-12-02T05:00:00-00:00,2025-12-02T06:00:00-00:00,2025-12-01,22,0,Hourly,RU,AS_SP26,DAM,RU_CLR_PRC,0,16
2025-12-02T06:00:00-00:00,2025-12-02T07:00:00-00:00,2025-12-01,23,0,Hourly,RU,AS_NP26_EXP,DAM,RU_CLR_PRC,0.8073,16
2025-12-02T06:00:00-00:00,2025-12-02T07:00:00-00:00,2025-12-01,23,0,Hourly,RU,AS_SP26_EXP,DAM,RU_CLR_PRC,0,16
2025-12-01T09:00:00-00:00,2025-12-01T10:00:00-00:00,2025-12-01,2,0,Hourly,RU,AS_CAISO,DAM,RU_CLR_PRC,0,16
2025-12-01T09:00:00-00:00,2025-12-01T10:00:00-00:00,2025-12-01,2,0,Hourly,RU,AS_CAISO_EXP,DAM,RU_CLR_PRC,2,16
2025-12-01T10:00:00-00:00,2025-12-01T11:00:00-00:00,2025-12-01,3,0,Hourly,RU,AS_CAISO_EXP,DAM,RU_CLR_PRC,0.5,16
2025-12-01T11:00:00-00:00,2025-12-01T12:00:00-00:00,2025-12-01,4,0,Hourly,RU,AS_CAISO,DAM,RU_CLR_PRC,0,16
2025-12-01T11:00:00-00:00,2025-12-01T12:00:00-00:00,2025-12-01,4,0,Hourly,RU,AS_SP26,DAM,RU_CLR_PRC,0,16
2025-12-01T12:00:00-00:00,2025-12-01T13:00:00-00:00,2025-12-01,5,0,Hourly,RU,AS_SP26_EXP,DAM,RU_CLR_PRC,0,16
2025-12-01T15:00:00-00:00,2025-12-01T16:00:00-00:00,2025-12-01,8,0,Hourly,RU,AS_CAISO,DAM,RU_CLR_PRC,0,16
2025-12-02T16:00:00-00:00,2025-12-02T17:00:00-00:00,2025-12-02,9,0,Hourly,RU,AS_SP26_EXP,DAM,RU_CLR_PRC,0,17
2025-12-02T17:00:00-00:00,2025-12-02T18:00:00-00:00,2025-12-02,10,0,Hourly,RU,AS_CAISO_EXP,DAM,RU_CLR_PRC,1.62,17
2025-12-02T17:00:00-00:00,2025-12-02T18:00:00-00:00,2025-12-02,10,0,Hourly,RU,AS_NP26,DAM,RU_CLR_PRC,0,17
2025-12-02T19:00:00-00:00,2025-12-02T20:00:00-00:00,2025-12-02,12,0,Hourly,RU,AS_NP26_EXP,DAM,RU_CLR_PRC,1.33,17
2025-12-02T21:00:00-00:00,2025-12-02T22:00:00-00:00,2025-12-02,14,0,Hourly,RU,AS_SP26_EXP,DAM,RU_CLR_PRC,0,17
2025-12-02T22:00:00-00:00,2025-12-02T23:00:00-00:00,2025-12-02,15,0,Hourly,RU,AS_NP26_EXP,DAM,RU_CLR_PRC,2.08098,17
2025-12-02T23:00:00-00:00,2025-12-03T00:00:00-00:00,2025-12-02,16,0,Hourly,RU,AS_CAISO,DAM,RU_CLR_PRC,0,17
2025-12-03T00:00:00-00:00,2025-12-03T01:00:00-00:00,2025-12-02,17,0,Hourly,RU,AS_SP26_EXP,DAM,RU_CLR_PRC,0,17
2025-12-03T01:00:00-00:00,2025-12-03T02:00:00-00:00,2025-12-02,18,0,Hourly,RU,AS_NP26,DAM,RU_CLR_PRC,0,17
2025-12-03T03:00:00-00:00,2025-12-03T04:00:00-00:00,2025-12-02,20,0,Hourly,RU,AS_SP26,DAM,RU_CLR_PRC,0,17
2025-12-03T03:00:00-00:00,2025-12-03T04:00:00-00:00,2025-12-02,20,0,Hourly,RU,AS_SP26_EXP,DAM,RU_CLR_PRC,0,17
2025-12-03T04:00:00-00:00,2025-12-03T05:00:00-00:00,2025-12-02,21,0,Hourly,RU,AS_CAISO,DAM,RU_CLR_PRC,0,17
2025-12-03T06:00:00-00:00,2025-12-03T07:00:00-00:00,2025-12-02,23,0,Hourly,RU,AS_CAISO,DAM,RU_CLR_PRC,0,17
2025-12-03T06:00:00-00:00,2025-12-03T07:00:00-00:00,2025-12-02,23,0,Hourly,RU,AS_SP26_EXP,DAM,RU_CLR_PRC,0,17
2025-12-03T07:00:00-00:00,2025-12-03T08:00:00-00:00,2025-12-02,24,0,Hourly,RU,AS_CAISO,DAM,RU_CLR_PRC,0,17
2025-12-03T07:00:00-00:00,2025-12-03T08:00:00-00:00,2025-12-02,24,0,Hourly,RU,AS_NP26,DAM,RU_CLR_PRC,0,17
2025-12-03T06:00:00-00:00,2025-12-03T07:00:00-00:00,2025-12-02,23,0,Hourly,RU,AS_CAISO_EXP,DAM,RU_CLR_PRC,1,17
2025-12-02T08:00:00-00:00,2025-12-02T09:00:00-00:00,2025-12-02,1,0,Hourly,RU,AS_SP26,DAM,RU_CLR_PRC,0,17
2025-12-02T10:00:00-00:00,2025-12-02T11:00:00-00:00,2025-12-02,3,0,Hourly,RU,AS_NP26_EXP,DAM,RU_CLR_PRC,0,17
2025-12-02T13:00:00-00:00,2025-12-02T14:00:00-00:00,2025-12-02,6,0,Hourly,RU,AS_CAISO_EXP,DAM,RU_CLR_PRC,0.95977,17
2025-12-02T13:00:00-00:00,2025-12-02T14:00:00-00:00,2025-12-02,6,0,Hourly,RU,AS_NP26,DAM,RU_CLR_PRC,0,17
2025-12-02T13:00:00-00:00,2025-12-02T14:00:00-00:00,2025-12-02,6,0,Hourly,RU,AS_NP26_EXP,DAM,RU_CLR_PRC,0.54023,17
2025-12-02T18:00:00-00:00,2025-12-02T19:00:00-00:00,2025-12-02,11,0,Hourly,RU,AS_NP26_EXP,DAM,RU_CLR_PRC,1.33,17
2025-12-02T19:00:00-00:00,2025-12-02T20:00:00-00:00,2025-12-02,12,0,Hourly,RU,AS_SP26_EXP,DAM,RU_CLR_PRC,0,17
2025-12-02T21:00:00-00:00,2025-12-02T22:00:00-00:00,2025-12-02,14,0,Hourly,RU,AS_CAISO,DAM,RU_CLR_PRC,0,17
2025-12-03T00:00:00-00:00,2025-12-03T01:00:00-00:00,2025-12-02,17,0,Hourly,RU,AS_CAISO_EXP,DAM,RU_CLR_PRC,1.75,17
2025-12-03T01:00:00-00:00,2025-12-03T02:00:00-00:00,2025-12-02,18,0,Hourly,RU,AS_CAISO_EXP,DAM,RU_CLR_PRC,0.96713,17
2025-12-03T01:00:00-00:00,2025-12-03T02:00:00-00:00,2025-12-02,18,0,Hourly,RU,AS_NP26_EXP,DAM,RU_CLR_PRC,1.64822,17
2025-12-03T02:00:00-00:00,2025-12-03T03:00:00-00:00,2025-12-02,19,0,Hourly,RU,AS_SP26,DAM,RU_CLR_PRC,0,17
2025-12-03T03:00:00-00:00,2025-12-03T04:00:00-00:00,2025-12-02,20,0,Hourly,RU,AS_CAISO_EXP,DAM,RU_CLR_PRC,0.56,17
2025-12-03T04:00:00-00:00,2025-12-03T05:00:00-00:00,2025-12-02,21,0,Hourly,RU,AS_SP26,DAM,RU_CLR_PRC,0,17
2025-12-02T08:00:00-00:00,2025-12-02T09:00:00-00:00,2025-12-02,1,0,Hourly,RU,AS_CAISO,DAM,RU_CLR_PRC,0,17
2025-12-02T08:00:00-00:00,2025-12-02T09:00:00-00:00,2025-12-02,1,0,Hourly,RU,AS_NP26,DAM,RU_CLR_PRC,0,17
2025-12-02T09:00:00-00:00,2025-12-02T10:00:00-00:00,2025-12-02,2,0,Hourly,RU,AS_CAISO,DAM,RU_CLR_PRC,0,17
2025-12-02T09:00:00-00:00,2025-12-02T10:00:00-00:00,2025-12-02,2,0,Hourly,RU,AS_NP26,DAM,RU_CLR_PRC,0,17
2025-12-02T09:00:00-00:00,2025-12-02T10:00:00-00:00,2025-12-02,2,0,Hourly,RU,AS_SP26,DAM,RU_CLR_PRC,0,17
2025-12-02T10:00:00-00:00,2025-12-02T11:00:00-00:00,2025-12-02,3,0,Hourly,RU,AS_CAISO,DAM,RU_CLR_PRC,0,17
2025-12-02T11:00:00-00:00,2025-12-02T12:00:00-00:00,2025-12-02,4,0,Hourly,RU,AS_CAISO_EXP,DAM,RU_CLR_PRC,0.55814,17
2025-12-02T12:00:00-00:00,2025-12-02T13:00:00-00:00,2025-12-02,5,0,Hourly,RU,AS_SP26,DAM,RU_CLR_PRC,0,17
2025-12-02T14:00:00-00:00,2025-12-02T15:00:00-00:00,2025-12-02,7,0,Hourly,RU,AS_CAISO_EXP,DAM,RU_CLR_PRC,7.39,17
2025-12-02T15:00:00-00:00,2025-12-02T16:00:00-00:00,2025-12-02,8,0,Hourly,RU,AS_NP26_EXP,DAM,RU_CLR_PRC,0.5,17
2025-12-02T15:00:00-00:00,2025-12-02T16:00:00-00:00,2025-12-02,8,0,Hourly,RU,AS_SP26,DAM,RU_CLR_PRC,0,17
2025-12-02T17:00:00-00:00,2025-12-02T18:00:00-00:00,2025-12-02,10,0,Hourly,RU,AS_SP26,DAM,RU_CLR_PRC,0,17
2025-12-02T19:00:00-00:00,2025-12-02T20:00:00-00:00,2025-12-02,12,0,Hourly,RU,AS_CAISO_EXP,DAM,RU_CLR_PRC,0.67,17
2025-12-02T22:00:00-00:00,2025-12-02T23:00:00-00:00,2025-12-02,15,0,Hourly,RU,AS_SP26_EXP,DAM,RU_CLR_PRC,0,17
2025-12-02T23:00:00-00:00,2025-12-03T00:00:00-00:00,2025-12-02,16,0,Hourly,RU,AS_NP26_EXP,DAM,RU_CLR_PRC,1.36951,17
2025-12-03T00:00:00-00:00,2025-12-03T01:00:00-00:00,2025-12-02,17,0,Hourly,RU,AS_SP26,DAM,RU_CLR_PRC,0,17
2025-12-03T04:00:00-00:00,2025-12-03T05:00:00-00:00,2025-12-02,21,0,Hourly,RU,AS_NP26_EXP,DAM,RU_CLR_PRC,1.47,17
2025-12-03T05:00:00-00:00,2025-12-03T06:00:00-00:00,2025-12-02,22,0,Hourly,RU,AS_NP26,DAM,RU_CLR_PRC,0,17
2025-12-03T06:00:00-00:00,2025-12-03T07:00:00-00:00,2025-12-02,23,0,Hourly,RU,AS_NP26_EXP,DAM,RU_CLR_PRC,1,17
2025-12-03T06:00:00-00:00,2025-12-03T07:00:00-00:00,2025-12-02,23,0,Hourly,RU,AS_SP26,DAM,RU_CLR_PRC,0,17
2025-12-02T08:00:00-00:00,2025-12-02T09:00:00-00:00,2025-12-02,1,0,Hourly,RU,AS_SP26_EXP,DAM,RU_CLR_PRC,0,17
2025-12-02T10:00:00-00:00,2025-12-02T11:00:00-00:00,2025-12-02,3,0,Hourly,RU,AS_SP26,DAM,RU_CLR_PRC,0,17
2025-12-02T12:00:00-00:00,2025-12-02T13:00:00-00:00,2025-12-02,5,0,Hourly,RU,AS_NP26,DAM,RU_CLR_PRC,0,17
2025-12-02T13:00:00-00:00,2025-12-02T14:00:00-00:00,2025-12-02,6,0,Hourly,RU,AS_SP26_EXP,DAM,RU_CLR_PRC,0,17
2025-12-02T15:00:00-00:00,2025-12-02T16:00:00-00:00,2025-12-02,8,0,Hourly,RU,AS_CAISO,DAM,RU_CLR_PRC,0,17
2025-12-02T16:00:00-00:00,2025-12-02T17:00:00-00:00,2025-12-02,9,0,Hourly,RU,AS_CAISO,DAM,RU_CLR_PRC,0,17
2025-12-02T16:00:00-00:00,2025-12-02T17:00:00-00:00,2025-12-02,9,0,Hourly,RU,AS_CAISO_EXP,DAM,RU_CLR_PRC,2.21334,17
2025-12-02T17:00:00-00:00,2025-12-02T18:00:00-00:00,2025-12-02,10,0,Hourly,RU,AS_CAISO,DAM,RU_CLR_PRC,0,17
2025-12-02T18:00:00-00:00,2025-12-02T19:00:00-00:00,2025-12-02,11,0,Hourly,RU,AS_NP26,DAM,RU_CLR_PRC,0,17
2025-12-02T18:00:00-00:00,2025-12-02T19:00:00-00:00,2025-12-02,11,0,Hourly,RU,AS_SP26,DAM,RU_CLR_PRC,0,17
2025-12-02T19:00:00-00:00,2025-12-02T20:00:00-00:00,2025-12-02,12,0,Hourly,RU,AS_NP26,DAM,RU_CLR_PRC,0,17
2025-12-02T20:00:00-00:00,2025-12-02T21:00:00-00:00,2025-12-02,13,0,Hourly,RU,AS_CAISO,DAM,RU_CLR_PRC,0,17
2025-12-02T20:00:00-00:00,2025-12-02T21:00:00-00:00,2025-12-02,13,0,Hourly,RU,AS_NP26,DAM,RU_CLR_PRC,0,17
2025-12-02T21:00:00-00:00,2025-12-02T22:00:00-00:00,2025-12-02,14,0,Hourly,RU,AS_NP26,DAM,RU_CLR_PRC,0,17
2025-12-02T22:00:00-00:00,2025-12-02T23:00:00-00:00,2025-12-02,15,0,Hourly,RU,AS_CAISO,DAM,RU_CLR_PRC,0,17
2025-12-02T22:00:00-00:00,2025-12-02T23:00:00-00:00,2025-12-02,15,0,Hourly,RU,AS_SP26,DAM,RU_CLR_PRC,0,17
2025-12-03T00:00:00-00:00,2025-12-03T01:00:00-00:00,2025-12-02,17,0,Hourly,RU,AS_CAISO,DAM,RU_CLR_PRC,0,17
2025-12-03T00:00:00-00:00,2025-12-03T01:00:00-00:00,2025-12-02,17,0,Hourly,RU,AS_NP26,DAM,RU_CLR_PRC,0,17
2025-12-03T01:00:00-00:00,2025-12-03T02:00:00-00:00,2025-12-02,18,0,Hourly,RU,AS_SP26,DAM,RU_CLR_PRC,0,17
2025-12-03T04:00:00-00:00,2025-12-03T05:00:00-00:00,2025-12-02,21,0,Hourly,RU,AS_CAISO_EXP,DAM,RU_CLR_PRC,0.54,17
2025-12-03T07:00:00-00:00,2025-12-03T08:00:00-00:00,2025-12-02,24,0,Hourly,RU,AS_NP26_EXP,DAM,RU_CLR_PRC,1,17
2025-12-03T07:00:00-00:00,2025-12-03T08:00:00-00:00,2025-12-02,24,0,Hourly,RU,AS_SP26_EXP,DAM,RU_CLR_PRC,0,17
2025-12-02T08:00:00-00:00,2025-12-02T09:00:00-00:00,2025-12-02,1,0,Hourly,RU,AS_CAISO_EXP,DAM,RU_CLR_PRC,1.31462,17
2025-12-02T09:00:00-00:00,2025-12-02T10:00:00-00:00,2025-12-02,2,0,Hourly,RU,AS_CAISO_EXP,DAM,RU_CLR_PRC,0.98,17
2025-12-02T14:00:00-00:00,2025-12-02T15:00:00-00:00,2025-12-02,7,0,Hourly,RU,AS_CAISO,DAM,RU_CLR_PRC,0,17
2025-12-02T14:00:00-00:00,2025-12-02T15:00:00-00:00,2025-12-02,7,0,Hourly,RU,AS_NP26_EXP,DAM,RU_CLR_PRC,0.5,17
2025-12-02T15:00:00-00:00,2025-12-02T16:00:00-00:00,2025-12-02,8,0,Hourly,RU,AS_CAISO_EXP,DAM,RU_CLR_PRC,6.88,17
2025-12-02T15:00:00-00:00,2025-12-02T16:00:00-00:00,2025-12-02,8,0,Hourly,RU,AS_SP26_EXP,DAM,RU_CLR_PRC,0.01,17
2025-12-02T16:00:00-00:00,2025-12-02T17:00:00-00:00,2025-12-02,9,0,Hourly,RU,AS_NP26_EXP,DAM,RU_CLR_PRC,2.33666,17
2025-12-02T08:00:00-00:00,2025-12-02T09:00:00-00:00,2025-12-02,1,0,Hourly,RU,AS_NP26_EXP,DAM,RU_CLR_PRC,2.68538,17
2025-12-02T09:00:00-00:00,2025-12-02T10:00:00-00:00,2025-12-02,2,0,Hourly,RU,AS_NP26_EXP,DAM,RU_CLR_PRC,0.87874,17
2025-12-02T09:00:00-00:00,2025-12-02T10:00:00-00:00,2025-12-02,2,0,Hourly,RU,AS_SP26_EXP,DAM,RU_CLR_PRC,0,17
2025-12-02T13:00:00-00:00,2025-12-02T14:00:00-00:00,2025-12-02,6,0,Hourly,RU,AS_CAISO,DAM,RU_CLR_PRC,0,17
2025-12-02T16:00:00-00:00,2025-12-02T17:00:00-00:00,2025-12-02,9,0,Hourly,RU,AS_NP26,DAM,RU_CLR_PRC,0,17
2025-12-02T21:00:00-00:00,2025-12-02T22:00:00-00:00,2025-12-02,14,0,Hourly,RU,AS_SP26,DAM,RU_CLR_PRC,0,17
2025-12-03T02:00:00-00:00,2025-12-03T03:00:00-00:00,2025-12-02,19,0,Hourly,RU,AS_NP26_EXP,DAM,RU_CLR_PRC,0.81312,17
2025-12-03T03:00:00-00:00,2025-12-03T04:00:00-00:00,2025-12-02,20,0,Hourly,RU,AS_CAISO,DAM,RU_CLR_PRC,0,17
2025-12-03T05:00:00-00:00,2025-12-03T06:00:00-00:00,2025-12-02,22,0,Hourly,RU,AS_NP26_EXP,DAM,RU_CLR_PRC,0.5,17
2025-12-03T05:00:00-00:00,2025-12-03T06:00:00-00:00,2025-12-02,22,0,Hourly,RU,AS_SP26,DAM,RU_CLR_PRC,0,17
2025-12-03T05:00:00-00:00,2025-12-03T06:00:00-00:00,2025-12-02,22,0,Hourly,RU,AS_SP26_EXP,DAM,RU_CLR_PRC,0,17
2025-12-02T11:00:00-00:00,2025-12-02T12:00:00-00:00,2025-12-02,4,0,Hourly,RU,AS_CAISO,DAM,RU_CLR_PRC,0,17
2025-12-02T11:00:00-00:00,2025-12-02T12:00:00-00:00,2025-12-02,4,0,Hourly,RU,AS_NP26,DAM,RU_CLR_PRC,0,17
2025-12-02T11:00:00-00:00,2025-12-02T12:00:00-00:00,2025-12-02,4,0,Hourly,RU,AS_NP26_EXP,DAM,RU_CLR_PRC,1.22246,17
2025-12-02T11:00:00-00:00,2025-12-02T12:00:00-00:00,2025-12-02,4,0,Hourly,RU,AS_SP26_EXP,DAM,RU_CLR_PRC,0,17
2025-12-02T12:00:00-00:00,2025-12-02T13:00:00-00:00,2025-12-02,5,0,Hourly,RU,AS_CAISO,DAM,RU_CLR_PRC,0,17
2025-12-02T12:00:00-00:00,2025-12-02T13:00:00-00:00,2025-12-02,5,0,Hourly,RU,AS_SP26_EXP,DAM,RU_CLR_PRC,0,17
2025-12-02T14:00:00-00:00,2025-12-02T15:00:00-00:00,2025-12-02,7,0,Hourly,RU,AS_NP26,DAM,RU_CLR_PRC,0,17
2025-12-02T18:00:00-00:00,2025-12-02T19:00:00-00:00,2025-12-02,11,0,Hourly,RU,AS_SP26_EXP,DAM,RU_CLR_PRC,0,17
2025-12-02T19:00:00-00:00,2025-12-02T20:00:00-00:00,2025-12-02,12,0,Hourly,RU,AS_SP26,DAM,RU_CLR_PRC,0,17
2025-12-02T20:00:00-00:00,2025-12-02T21:00:00-00:00,2025-12-02,13,0,Hourly,RU,AS_CAISO_EXP,DAM,RU_CLR_PRC,1.66792,17
2025-12-02T20:00:00-00:00,2025-12-02T21:00:00-00:00,2025-12-02,13,0,Hourly,RU,AS_NP26_EXP,DAM,RU_CLR_PRC,0.45208,17
2025-12-02T20:00:00-00:00,2025-12-02T21:00:00-00:00,2025-12-02,13,0,Hourly,RU,AS_SP26_EXP,DAM,RU_CLR_PRC,0,17
2025-12-02T22:00:00-00:00,2025-12-02T23:00:00-00:00,2025-12-02,15,0,Hourly,RU,AS_CAISO_EXP,DAM,RU_CLR_PRC,4.48,17
2025-12-02T23:00:00-00:00,2025-12-03T00:00:00-00:00,2025-12-02,16,0,Hourly,RU,AS_SP26,DAM,RU_CLR_PRC,0,17
2025-12-03T02:00:00-00:00,2025-12-03T03:00:00-00:00,2025-12-02,19,0,Hourly,RU,AS_CAISO,DAM,RU_CLR_PRC,0,17
2025-12-03T03:00:00-00:00,2025-12-03T04:00:00-00:00,2025-12-02,20,0,Hourly,RU,AS_NP26_EXP,DAM,RU_CLR_PRC,1.68767,17
2025-12-03T04:00:00-00:00,2025-12-03T05:00:00-00:00,2025-12-02,21,0,Hourly,RU,AS_SP26_EXP,DAM,RU_CLR_PRC,0,17
2025-12-03T05:00:00-00:00,2025-12-03T06:00:00-00:00,2025-12-02,22,0,Hourly,RU,AS_CAISO,DAM,RU_CLR_PRC,0,17
2025-12-02T10:00:00-00:00,2025-12-02T11:00:00-00:00,2025-12-02,3,0,Hourly,RU,AS_NP26,DAM,RU_CLR_PRC,0,17
2025-12-02T10:00:00-00:00,2025-12-02T11:00:00-00:00,2025-12-02,3,0,Hourly,RU,AS_SP26_EXP,DAM,RU_CLR_PRC,0,17
2025-12-02T11:00:00-00:00,2025-12-02T12:00:00-00:00,2025-12-02,4,0,Hourly,RU,AS_SP26,DAM,RU_CLR_PRC,0,17
2025-12-02T13:00:00-00:00,2025-12-02T14:00:00-00:00,2025-12-02,6,0,Hourly,RU,AS_SP26,DAM,RU_CLR_PRC,0,17
2025-12-02T14:00:00-00:00,2025-12-02T15:00:00-00:00,2025-12-02,7,0,Hourly,RU,AS_SP26,DAM,RU_CLR_PRC,0,17
2025-12-02T14:00:00-00:00,2025-12-02T15:00:00-00:00,2025-12-02,7,0,Hourly,RU,AS_SP26_EXP,DAM,RU_CLR_PRC,2.61,17
2025-12-02T15:00:00-00:00,2025-12-02T16:00:00-00:00,2025-12-02,8,0,Hourly,RU,AS_NP26,DAM,RU_CLR_PRC,0,17
2025-12-02T16:00:00-00:00,2025-12-02T17:00:00-00:00,2025-12-02,9,0,Hourly,RU,AS_SP26,DAM,RU_CLR_PRC,0,17
2025-12-02T17:00:00-00:00,2025-12-02T18:00:00-00:00,2025-12-02,10,0,Hourly,RU,AS_NP26_EXP,DAM,RU_CLR_PRC,1.33,17
2025-12-02T17:00:00-00:00,2025-12-02T18:00:00-00:00,2025-12-02,10,0,Hourly,RU,AS_SP26_EXP,DAM,RU_CLR_PRC,0,17
2025-12-02T18:00:00-00:00,2025-12-02T19:00:00-00:00,2025-12-02,11,0,Hourly,RU,AS_CAISO,DAM,RU_CLR_PRC,0,17
2025-12-02T18:00:00-00:00,2025-12-02T19:00:00-00:00,2025-12-02,11,0,Hourly,RU,AS_CAISO_EXP,DAM,RU_CLR_PRC,1.38034,17
2025-12-02T21:00:00-00:00,2025-12-02T22:00:00-00:00,2025-12-02,14,0,Hourly,RU,AS_NP26_EXP,DAM,RU_CLR_PRC,2.39715,17
2025-12-02T22:00:00-00:00,2025-12-02T23:00:00-00:00,2025-12-02,15,0,Hourly,RU,AS_NP26,DAM,RU_CLR_PRC,0,17
2025-12-02T23:00:00-00:00,2025-12-03T00:00:00-00:00,2025-12-02,16,0,Hourly,RU,AS_NP26,DAM,RU_CLR_PRC,0,17
2025-12-03T00:00:00-00:00,2025-12-03T01:00:00-00:00,2025-12-02,17,0,Hourly,RU,AS_NP26_EXP,DAM,RU_CLR_PRC,0.26,17
2025-12-03T02:00:00-00:00,2025-12-03T03:00:00-00:00,2025-12-02,19,0,Hourly,RU,AS_SP26_EXP,DAM,RU_CLR_PRC,0,17
2025-12-03T03:00:00-00:00,2025-12-03T04:00:00-00:00,2025-12-02,20,0,Hourly,RU,AS_NP26,DAM,RU_CLR_PRC,0,17
2025-12-03T06:00:00-00:00,2025-12-03T07:00:00-00:00,2025-12-02,23,0,Hourly,RU,AS_NP26,DAM,RU_CLR_PRC,0,17
2025-12-03T07:00:00-00:00,2025-12-03T08:00:00-00:00,2025-12-02,24,0,Hourly,RU,AS_CAISO_EXP,DAM,RU_CLR_PRC,1,17
2025-12-03T07:00:00-00:00,2025-12-03T08:00:00-00:00,2025-12-02,24,0,Hourly,RU,AS_SP26,DAM,RU_CLR_PRC,0,17
2025-12-02T10:00:00-00:00,2025-12-02T11:00:00-00:00,2025-12-02,3,0,Hourly,RU,AS_CAISO_EXP,DAM,RU_CLR_PRC,1.68187,17
2025-12-02T12:00:00-00:00,2025-12-02T13:00:00-00:00,2025-12-02,5,0,Hourly,RU,AS_CAISO_EXP,DAM,RU_CLR_PRC,0.41,17
2025-12-02T12:00:00-00:00,2025-12-02T13:00:00-00:00,2025-12-02,5,0,Hourly,RU,AS_NP26_EXP,DAM,RU_CLR_PRC,1.11001,17
2025-12-02T19:00:00-00:00,2025-12-02T20:00:00-00:00,2025-12-02,12,0,Hourly,RU,AS_CAISO,DAM,RU_CLR_PRC,0,17
2025-12-02T20:00:00-00:00,2025-12-02T21:00:00-00:00,2025-12-02,13,0,Hourly,RU,AS_SP26,DAM,RU_CLR_PRC,0,17
2025-12-02T21:00:00-00:00,2025-12-02T22:00:00-00:00,2025-12-02,14,0,Hourly,RU,AS_CAISO_EXP,DAM,RU_CLR_PRC,1.41785,17
2025-12-02T23:00:00-00:00,2025-12-03T00:00:00-00:00,2025-12-02,16,0,Hourly,RU,AS_CAISO_EXP,DAM,RU_CLR_PRC,0.39,17
2025-12-02T23:00:00-00:00,2025-12-03T00:00:00-00:00,2025-12-02,16,0,Hourly,RU,AS_SP26_EXP,DAM,RU_CLR_PRC,0,17
2025-12-03T01:00:00-00:00,2025-12-03T02:00:00-00:00,2025-12-02,18,0,Hourly,RU,AS_CAISO,DAM,RU_CLR_PRC,0,17
2025-12-03T01:00:00-00:00,2025-12-03T02:00:00-00:00,2025-12-02,18,0,Hourly,RU,AS_SP26_EXP,DAM,RU_CLR_PRC,0,17
2025-12-03T02:00:00-00:00,2025-12-03T03:00:00-00:00,2025-12-02,19,0,Hourly,RU,AS_CAISO_EXP,DAM,RU_CLR_PRC,0.76566,17
2025-12-03T02:00:00-00:00,2025-12-03T03:00:00-00:00,2025-12-02,19,0,Hourly,RU,AS_NP26,DAM,RU_CLR_PRC,0,17
2025-12-03T04:00:00-00:00,2025-12-03T05:00:00-00:00,2025-12-02,21,0,Hourly,RU,AS_NP26,DAM,RU_CLR_PRC,0,17
2025-12-03T05:00:00-00:00,2025-12-03T06:00:00-00:00,2025-12-02,22,0,Hourly,RU,AS_CAISO_EXP,DAM,RU_CLR_PRC,1,17
2025-12-03T11:00:00-00:00,2025-12-03T12:00:00-00:00,2025-12-03,4,0,Hourly,RU,AS_CAISO,DAM,RU_CLR_PRC,0,18
2025-12-03T11:00:00-00:00,2025-12-03T12:00:00-00:00,2025-12-03,4,0,Hourly,RU,AS_NP26,DAM,RU_CLR_PRC,0,18
2025-12-03T12:00:00-00:00,2025-12-03T13:00:00-00:00,2025-12-03,5,0,Hourly,RU,AS_SP26_EXP,DAM,RU_CLR_PRC,0,18
2025-12-03T14:00:00-00:00,2025-12-03T15:00:00-00:00,2025-12-03,7,0,Hourly,RU,AS_SP26,DAM,RU_CLR_PRC,0,18
2025-12-03T15:00:00-00:00,2025-12-03T16:00:00-00:00,2025-12-03,8,0,Hourly,RU,AS_CAISO,DAM,RU_CLR_PRC,0,18
2025-12-03T15:00:00-00:00,2025-12-03T16:00:00-00:00,2025-12-03,8,0,Hourly,RU,AS_CAISO_EXP,DAM,RU_CLR_PRC,4.1533,18
2025-12-03T17:00:00-00:00,2025-12-03T18:00:00-00:00,2025-12-03,10,0,Hourly,RU,AS_NP26_EXP,DAM,RU_CLR_PRC,0.5,18
2025-12-03T19:00:00-00:00,2025-12-03T20:00:00-00:00,2025-12-03,12,0,Hourly,RU,AS_NP26_EXP,DAM,RU_CLR_PRC,0.77076,18
2025-12-03T19:00:00-00:00,2025-12-03T20:00:00-00:00,2025-12-03,12,0,Hourly,RU,AS_CAISO_EXP,DAM,RU_CLR_PRC,0.17,18
2025-12-03T19:00:00-00:00,2025-12-03T20:00:00-00:00,2025-12-03,12,0,Hourly,RU,AS_SP26,DAM,RU_CLR_PRC,0,18
2025-12-03T20:00:00-00:00,2025-12-03T21:00:00-00:00,2025-12-03,13,0,Hourly,RU,AS_SP26_EXP,DAM,RU_CLR_PRC,0,18
2025-12-03T23:00:00-00:00,2025-12-04T00:00:00-00:00,2025-12-03,16,0,Hourly,RU,AS_CAISO,DAM,RU_CLR_PRC,0,18
2025-12-04T01:00:00-00:00,2025-12-04T02:00:00-00:00,2025-12-03,18,0,Hourly,RU,AS_CAISO,DAM,RU_CLR_PRC,0,18
2025-12-04T03:00:00-00:00,2025-12-04T04:00:00-00:00,2025-12-03,20,0,Hourly,RU,AS_SP26,DAM,RU_CLR_PRC,0,18
2025-12-04T04:00:00-00:00,2025-12-04T05:00:00-00:00,2025-12-03,21,0,Hourly,RU,AS_SP26,DAM,RU_CLR_PRC,0,18
2025-12-04T06:00:00-00:00,2025-12-04T07:00:00-00:00,2025-12-03,23,0,Hourly,RU,AS_SP26_EXP,DAM,RU_CLR_PRC,0,18
2025-12-03T18:00:00-00:00,2025-12-03T19:00:00-00:00,2025-12-03,11,0,Hourly,RU,AS_SP26_EXP,DAM,RU_CLR_PRC,0,18
2025-12-03T19:00:00-00:00,2025-12-03T20:00:00-00:00,2025-12-03,12,0,Hourly,RU,AS_NP26,DAM,RU_CLR_PRC,0,18
2025-12-03T20:00:00-00:00,2025-12-03T21:00:00-00:00,2025-12-03,13,0,Hourly,RU,AS_SP26,DAM,RU_CLR_PRC,0,18
2025-12-03T21:00:00-00:00,2025-12-03T22:00:00-00:00,2025-12-03,14,0,Hourly,RU,AS_CAISO_EXP,DAM,RU_CLR_PRC,2.3,18
2025-12-03T23:00:00-00:00,2025-12-04T00:00:00-00:00,2025-12-03,16,0,Hourly,RU,AS_SP26,DAM,RU_CLR_PRC,0,18
2025-12-04T03:00:00-00:00,2025-12-04T04:00:00-00:00,2025-12-03,20,0,Hourly,RU,AS_CAISO,DAM,RU_CLR_PRC,0,18
2025-12-04T04:00:00-00:00,2025-12-04T05:00:00-00:00,2025-12-03,21,0,Hourly,RU,AS_NP26_EXP,DAM,RU_CLR_PRC,2.28642,18
2025-12-04T04:00:00-00:00,2025-12-04T05:00:00-00:00,2025-12-03,21,0,Hourly,RU,AS_SP26_EXP,DAM,RU_CLR_PRC,0,18
2025-12-04T05:00:00-00:00,2025-12-04T06:00:00-00:00,2025-12-03,22,0,Hourly,RU,AS_CAISO_EXP,DAM,RU_CLR_PRC,0.56,18
2025-12-04T06:00:00-00:00,2025-12-04T07:00:00-00:00,2025-12-03,23,0,Hourly,RU,AS_NP26,DAM,RU_CLR_PRC,0,18
2025-12-04T06:00:00-00:00,2025-12-04T07:00:00-00:00,2025-12-03,23,0,Hourly,RU,AS_NP26_EXP,DAM,RU_CLR_PRC,1,18
2025-12-04T07:00:00-00:00,2025-12-04T08:00:00-00:00,2025-12-03,24,0,Hourly,RU,AS_SP26_EXP,DAM,RU_CLR_PRC,0,18
2025-12-04T07:00:00-00:00,2025-12-04T08:00:00-00:00,2025-12-03,24,0,Hourly,RU,AS_CAISO,DAM,RU_CLR_PRC,0,18
2025-12-03T09:00:00-00:00,2025-12-03T10:00:00-00:00,2025-12-03,2,0,Hourly,RU,AS_CAISO_EXP,DAM,RU_CLR_PRC,0.64,18
2025-12-03T11:00:00-00:00,2025-12-03T12:00:00-00:00,2025-12-03,4,0,Hourly,RU,AS_NP26_EXP,DAM,RU_CLR_PRC,1.35376,18
2025-12-03T13:00:00-00:00,2025-12-03T14:00:00-00:00,2025-12-03,6,0,Hourly,RU,AS_NP26_EXP,DAM,RU_CLR_PRC,1.99,18
2025-12-03T15:00:00-00:00,2025-12-03T16:00:00-00:00,2025-12-03,8,0,Hourly,RU,AS_NP26,DAM,RU_CLR_PRC,0,18
2025-12-03T15:00:00-00:00,2025-12-03T16:00:00-00:00,2025-12-03,8,0,Hourly,RU,AS_SP26,DAM,RU_CLR_PRC,0,18
2025-12-03T16:00:00-00:00,2025-12-03T17:00:00-00:00,2025-12-03,9,0,Hourly,RU,AS_CAISO,DAM,RU_CLR_PRC,0,18
2025-12-03T16:00:00-00:00,2025-12-03T17:00:00-00:00,2025-12-03,9,0,Hourly,RU,AS_SP26_EXP,DAM,RU_CLR_PRC,0,18
2025-12-03T18:00:00-00:00,2025-12-03T19:00:00-00:00,2025-12-03,11,0,Hourly,RU,AS_NP26,DAM,RU_CLR_PRC,0,18
2025-12-03T21:00:00-00:00,2025-12-03T22:00:00-00:00,2025-12-03,14,0,Hourly,RU,AS_CAISO,DAM,RU_CLR_PRC,0,18
2025-12-03T21:00:00-00:00,2025-12-03T22:00:00-00:00,2025-12-03,14,0,Hourly,RU,AS_SP26,DAM,RU_CLR_PRC,0,18
2025-12-04T01:00:00-00:00,2025-12-04T02:00:00-00:00,2025-12-03,18,0,Hourly,RU,AS_SP26_EXP,DAM,RU_CLR_PRC,0,18
2025-12-04T04:00:00-00:00,2025-12-04T05:00:00-00:00,2025-12-03,21,0,Hourly,RU,AS_CAISO,DAM,RU_CLR_PRC,0,18
2025-12-04T05:00:00-00:00,2025-12-04T06:00:00-00:00,2025-12-03,22,0,Hourly,RU,AS_SP26_EXP,DAM,RU_CLR_PRC,0,18
2025-12-03T10:00:00-00:00,2025-12-03T11:00:00-00:00,2025-12-03,3,0,Hourly,RU,AS_NP26_EXP,DAM,RU_CLR_PRC,1.15745,18
2025-12-03T10:00:00-00:00,2025-12-03T11:00:00-00:00,2025-12-03,3,0,Hourly,RU,AS_SP26,DAM,RU_CLR_PRC,0,18
2025-12-03T13:00:00-00:00,2025-12-03T14:00:00-00:00,2025-12-03,6,0,Hourly,RU,AS_CAISO,DAM,RU_CLR_PRC,0,18
2025-12-03T13:00:00-00:00,2025-12-03T14:00:00-00:00,2025-12-03,6,0,Hourly,RU,AS_SP26,DAM,RU_CLR_PRC,0,18
2025-12-03T16:00:00-00:00,2025-12-03T17:00:00-00:00,2025-12-03,9,0,Hourly,RU,AS_SP26,DAM,RU_CLR_PRC,0,18
2025-12-03T17:00:00-00:00,2025-12-03T18:00:00-00:00,2025-12-03,10,0,Hourly,RU,AS_CAISO,DAM,RU_CLR_PRC,0,18
2025-12-03T19:00:00-00:00,2025-12-03T20:00:00-00:00,2025-12-03,12,0,Hourly,RU,AS_SP26_EXP,DAM,RU_CLR_PRC,0,18
2025-12-03T21:00:00-00:00,2025-12-03T22:00:00-00:00,2025-12-03,14,0,Hourly,RU,AS_NP26,DAM,RU_CLR_PRC,0,18
2025-12-03T21:00:00-00:00,2025-12-03T22:00:00-00:00,2025-12-03,14,0,Hourly,RU,AS_NP26_EXP,DAM,RU_CLR_PRC,0.35,18
2025-12-03T22:00:00-00:00,2025-12-03T23:00:00-00:00,2025-12-03,15,0,Hourly,RU,AS_SP26,DAM,RU_CLR_PRC,0,18
2025-12-04T01:00:00-00:00,2025-12-04T02:00:00-00:00,2025-12-03,18,0,Hourly,RU,AS_NP26_EXP,DAM,RU_CLR_PRC,1.3449,18
2025-12-04T03:00:00-00:00,2025-12-04T04:00:00-00:00,2025-12-03,20,0,Hourly,RU,AS_CAISO_EXP,DAM,RU_CLR_PRC,0.31254,18
2025-12-04T04:00:00-00:00,2025-12-04T05:00:00-00:00,2025-12-03,21,0,Hourly,RU,AS_CAISO_EXP,DAM,RU_CLR_PRC,0.41358,18
2025-12-04T05:00:00-00:00,2025-12-04T06:00:00-00:00,2025-12-03,22,0,Hourly,RU,AS_NP26_EXP,DAM,RU_CLR_PRC,1.49,18
2025-12-04T06:00:00-00:00,2025-12-04T07:00:00-00:00,2025-12-03,23,0,Hourly,RU,AS_SP26,DAM,RU_CLR_PRC,0,18
2025-12-04T07:00:00-00:00,2025-12-04T08:00:00-00:00,2025-12-03,24,0,Hourly,RU,AS_NP26_EXP,DAM,RU_CLR_PRC,0,18
2025-12-03T08:00:00-00:00,2025-12-03T09:00:00-00:00,2025-12-03,1,0,Hourly,RU,AS_CAISO,DAM,RU_CLR_PRC,0,18
2025-12-03T08:00:00-00:00,2025-12-03T09:00:00-00:00,2025-12-03,1,0,Hourly,RU,AS_SP26,DAM,RU_CLR_PRC,0,18
2025-12-03T08:00:00-00:00,2025-12-03T09:00:00-00:00,2025-12-03,1,0,Hourly,RU,AS_SP26_EXP,DAM,RU_CLR_PRC,0,18
2025-12-03T09:00:00-00:00,2025-12-03T10:00:00-00:00,2025-12-03,2,0,Hourly,RU,AS_NP26,DAM,RU_CLR_PRC,0,18
2025-12-03T09:00:00-00:00,2025-12-03T10:00:00-00:00,2025-12-03,2,0,Hourly,RU,AS_SP26_EXP,DAM,RU_CLR_PRC,0,18
2025-12-03T08:00:00-00:00,2025-12-03T09:00:00-00:00,2025-12-03,1,0,Hourly,RU,AS_NP26_EXP,DAM,RU_CLR_PRC,0.72046,18
2025-12-03T09:00:00-00:00,2025-12-03T10:00:00-00:00,2025-12-03,2,0,Hourly,RU,AS_CAISO,DAM,RU_CLR_PRC,0,18
2025-12-03T10:00:00-00:00,2025-12-03T11:00:00-00:00,2025-12-03,3,0,Hourly,RU,AS_SP26_EXP,DAM,RU_CLR_PRC,0,18
2025-12-03T11:00:00-00:00,2025-12-03T12:00:00-00:00,2025-12-03,4,0,Hourly,RU,AS_SP26,DAM,RU_CLR_PRC,0,18
2025-12-03T15:00:00-00:00,2025-12-03T16:00:00-00:00,2025-12-03,8,0,Hourly,RU,AS_NP26_EXP,DAM,RU_CLR_PRC,1.1267,18
2025-12-03T17:00:00-00:00,2025-12-03T18:00:00-00:00,2025-12-03,10,0,Hourly,RU,AS_NP26,DAM,RU_CLR_PRC,0,18
2025-12-03T18:00:00-00:00,2025-12-03T19:00:00-00:00,2025-12-03,11,0,Hourly,RU,AS_CAISO,DAM,RU_CLR_PRC,0,18
2025-12-03T18:00:00-00:00,2025-12-03T19:00:00-00:00,2025-12-03,11,0,Hourly,RU,AS_SP26,DAM,RU_CLR_PRC,0,18
2025-12-03T22:00:00-00:00,2025-12-03T23:00:00-00:00,2025-12-03,15,0,Hourly,RU,AS_CAISO,DAM,RU_CLR_PRC,0,18
2025-12-03T22:00:00-00:00,2025-12-03T23:00:00-00:00,2025-12-03,15,0,Hourly,RU,AS_NP26_EXP,DAM,RU_CLR_PRC,1.67,18
2025-12-03T23:00:00-00:00,2025-12-04T00:00:00-00:00,2025-12-03,16,0,Hourly,RU,AS_NP26,DAM,RU_CLR_PRC,0,18
2025-12-04T00:00:00-00:00,2025-12-04T01:00:00-00:00,2025-12-03,17,0,Hourly,RU,AS_NP26,DAM,RU_CLR_PRC,0,18
2025-12-04T01:00:00-00:00,2025-12-04T02:00:00-00:00,2025-12-03,18,0,Hourly,RU,AS_SP26,DAM,RU_CLR_PRC,0,18
2025-12-04T02:00:00-00:00,2025-12-04T03:00:00-00:00,2025-12-03,19,0,Hourly,RU,AS_NP26_EXP,DAM,RU_CLR_PRC,1.12411,18
2025-12-04T03:00:00-00:00,2025-12-04T04:00:00-00:00,2025-12-03,20,0,Hourly,RU,AS_NP26_EXP,DAM,RU_CLR_PRC,1.12011,18
2025-12-04T05:00:00-00:00,2025-12-04T06:00:00-00:00,2025-12-03,22,0,Hourly,RU,AS_NP26,DAM,RU_CLR_PRC,0,18
2025-12-03T08:00:00-00:00,2025-12-03T09:00:00-00:00,2025-12-03,1,0,Hourly,RU,AS_CAISO_EXP,DAM,RU_CLR_PRC,0.77954,18
2025-12-03T09:00:00-00:00,2025-12-03T10:00:00-00:00,2025-12-03,2,0,Hourly,RU,AS_NP26_EXP,DAM,RU_CLR_PRC,1.11195,18
2025-12-03T11:00:00-00:00,2025-12-03T12:00:00-00:00,2025-12-03,4,0,Hourly,RU,AS_CAISO_EXP,DAM,RU_CLR_PRC,0.41,18
2025-12-03T12:00:00-00:00,2025-12-03T13:00:00-00:00,2025-12-03,5,0,Hourly,RU,AS_CAISO_EXP,DAM,RU_CLR_PRC,0.32926,18
2025-12-03T12:00:00-00:00,2025-12-03T13:00:00-00:00,2025-12-03,5,0,Hourly,RU,AS_NP26,DAM,RU_CLR_PRC,0,18
2025-12-03T12:00:00-00:00,2025-12-03T13:00:00-00:00,2025-12-03,5,0,Hourly,RU,AS_NP26_EXP,DAM,RU_CLR_PRC,1.34001,18
2025-12-03T16:00:00-00:00,2025-12-03T17:00:00-00:00,2025-12-03,9,0,Hourly,RU,AS_NP26,DAM,RU_CLR_PRC,0,18
2025-12-03T17:00:00-00:00,2025-12-03T18:00:00-00:00,2025-12-03,10,0,Hourly,RU,AS_SP26_EXP,DAM,RU_CLR_PRC,0,18
2025-12-03T19:00:00-00:00,2025-12-03T20:00:00-00:00,2025-12-03,12,0,Hourly,RU,AS_CAISO,DAM,RU_CLR_PRC,0,18
2025-12-03T20:00:00-00:00,2025-12-03T21:00:00-00:00,2025-12-03,13,0,Hourly,RU,AS_CAISO,DAM,RU_CLR_PRC,0,18
2025-12-03T23:00:00-00:00,2025-12-04T00:00:00-00:00,2025-12-03,16,0,Hourly,RU,AS_CAISO_EXP,DAM,RU_CLR_PRC,0.4,18
2025-12-04T00:00:00-00:00,2025-12-04T01:00:00-00:00,2025-12-03,17,0,Hourly,RU,AS_SP26,DAM,RU_CLR_PRC,0,18
2025-12-04T01:00:00-00:00,2025-12-04T02:00:00-00:00,2025-12-03,18,0,Hourly,RU,AS_CAISO_EXP,DAM,RU_CLR_PRC,0.4,18
2025-12-04T02:00:00-00:00,2025-12-04T03:00:00-00:00,2025-12-03,19,0,Hourly,RU,AS_NP26,DAM,RU_CLR_PRC,0,18
2025-12-04T02:00:00-00:00,2025-12-04T03:00:00-00:00,2025-12-03,19,0,Hourly,RU,AS_SP26,DAM,RU_CLR_PRC,0,18
2025-12-04T03:00:00-00:00,2025-12-04T04:00:00-00:00,2025-12-03,20,0,Hourly,RU,AS_SP26_EXP,DAM,RU_CLR_PRC,0,18
2025-12-04T06:00:00-00:00,2025-12-04T07:00:00-00:00,2025-12-03,23,0,Hourly,RU,AS_CAISO,DAM,RU_CLR_PRC,0,18
2025-12-04T06:00:00-00:00,2025-12-04T07:00:00-00:00,2025-12-03,23,0,Hourly,RU,AS_CAISO_EXP,DAM,RU_CLR_PRC,1,18
2025-12-04T07:00:00-00:00,2025-12-04T08:00:00-00:00,2025-12-03,24,0,Hourly,RU,AS_SP26,DAM,RU_CLR_PRC,0,18
2025-12-03T10:00:00-00:00,2025-12-03T11:00:00-00:00,2025-12-03,3,0,Hourly,RU,AS_NP26,DAM,RU_CLR_PRC,0,18
2025-12-03T13:00:00-00:00,2025-12-03T14:00:00-00:00,2025-12-03,6,0,Hourly,RU,AS_CAISO_EXP,DAM,RU_CLR_PRC,0.71,18
2025-12-03T13:00:00-00:00,2025-12-03T14:00:00-00:00,2025-12-03,6,0,Hourly,RU,AS_NP26,DAM,RU_CLR_PRC,0,18
2025-12-03T14:00:00-00:00,2025-12-03T15:00:00-00:00,2025-12-03,7,0,Hourly,RU,AS_CAISO_EXP,DAM,RU_CLR_PRC,1.01,18
2025-12-03T14:00:00-00:00,2025-12-03T15:00:00-00:00,2025-12-03,7,0,Hourly,RU,AS_NP26,DAM,RU_CLR_PRC,0,18
2025-12-03T14:00:00-00:00,2025-12-03T15:00:00-00:00,2025-12-03,7,0,Hourly,RU,AS_NP26_EXP,DAM,RU_CLR_PRC,3.99331,18
2025-12-03T16:00:00-00:00,2025-12-03T17:00:00-00:00,2025-12-03,9,0,Hourly,RU,AS_CAISO_EXP,DAM,RU_CLR_PRC,3.84972,18
2025-12-03T16:00:00-00:00,2025-12-03T17:00:00-00:00,2025-12-03,9,0,Hourly,RU,AS_NP26_EXP,DAM,RU_CLR_PRC,0.5,18
2025-12-03T17:00:00-00:00,2025-12-03T18:00:00-00:00,2025-12-03,10,0,Hourly,RU,AS_SP26,DAM,RU_CLR_PRC,0,18
2025-12-03T18:00:00-00:00,2025-12-03T19:00:00-00:00,2025-12-03,11,0,Hourly,RU,AS_NP26_EXP,DAM,RU_CLR_PRC,1.20558,18
2025-12-03T20:00:00-00:00,2025-12-03T21:00:00-00:00,2025-12-03,13,0,Hourly,RU,AS_CAISO_EXP,DAM,RU_CLR_PRC,0.18,18
2025-12-03T20:00:00-00:00,2025-12-03T21:00:00-00:00,2025-12-03,13,0,Hourly,RU,AS_NP26_EXP,DAM,RU_CLR_PRC,1.94,18
2025-12-03T21:00:00-00:00,2025-12-03T22:00:00-00:00,2025-12-03,14,0,Hourly,RU,AS_SP26_EXP,DAM,RU_CLR_PRC,0,18
2025-12-03T22:00:00-00:00,2025-12-03T23:00:00-00:00,2025-12-03,15,0,Hourly,RU,AS_NP26,DAM,RU_CLR_PRC,0,18
2025-12-04T00:00:00-00:00,2025-12-04T01:00:00-00:00,2025-12-03,17,0,Hourly,RU,AS_CAISO_EXP,DAM,RU_CLR_PRC,0.71873,18
2025-12-04T00:00:00-00:00,2025-12-04T01:00:00-00:00,2025-12-03,17,0,Hourly,RU,AS_NP26_EXP,DAM,RU_CLR_PRC,1.21659,18
2025-12-04T01:00:00-00:00,2025-12-04T02:00:00-00:00,2025-12-03,18,0,Hourly,RU,AS_NP26,DAM,RU_CLR_PRC,0,18
2025-12-04T02:00:00-00:00,2025-12-04T03:00:00-00:00,2025-12-03,19,0,Hourly,RU,AS_CAISO,DAM,RU_CLR_PRC,0,18
2025-12-04T02:00:00-00:00,2025-12-04T03:00:00-00:00,2025-12-03,19,0,Hourly,RU,AS_SP26_EXP,DAM,RU_CLR_PRC,0,18
2025-12-04T03:00:00-00:00,2025-12-04T04:00:00-00:00,2025-12-03,20,0,Hourly,RU,AS_NP26,DAM,RU_CLR_PRC,0,18
2025-12-04T04:00:00-00:00,2025-12-04T05:00:00-00:00,2025-12-03,21,0,Hourly,RU,AS_NP26,DAM,RU_CLR_PRC,0,18
2025-12-04T05:00:00-00:00,2025-12-04T06:00:00-00:00,2025-12-03,22,0,Hourly,RU,AS_CAISO,DAM,RU_CLR_PRC,0,18
2025-12-04T05:00:00-00:00,2025-12-04T06:00:00-00:00,2025-12-03,22,0,Hourly,RU,AS_SP26,DAM,RU_CLR_PRC,0,18
2025-12-04T07:00:00-00:00,2025-12-04T08:00:00-00:00,2025-12-03,24,0,Hourly,RU,AS_CAISO_EXP,DAM,RU_CLR_PRC,2.60028,18
2025-12-04T07:00:00-00:00,2025-12-04T08:00:00-00:00,2025-12-03,24,0,Hourly,RU,AS_NP26,DAM,RU_CLR_PRC,0,18
2025-12-03T17:00:00-00:00,2025-12-03T18:00:00-00:00,2025-12-03,10,0,Hourly,RU,AS_CAISO_EXP,DAM,RU_CLR_PRC,2.19929,18
2025-12-03T20:00:00-00:00,2025-12-03T21:00:00-00:00,2025-12-03,13,0,Hourly,RU,AS_NP26,DAM,RU_CLR_PRC,0,18
2025-12-03T22:00:00-00:00,2025-12-03T23:00:00-00:00,2025-12-03,15,0,Hourly,RU,AS_CAISO_EXP,DAM,RU_CLR_PRC,2,18
2025-12-03T22:00:00-00:00,2025-12-03T23:00:00-00:00,2025-12-03,15,0,Hourly,RU,AS_SP26_EXP,DAM,RU_CLR_PRC,0,18
2025-12-03T23:00:00-00:00,2025-12-04T00:00:00-00:00,2025-12-03,16,0,Hourly,RU,AS_NP26_EXP,DAM,RU_CLR_PRC,0.33,18
2025-12-03T23:00:00-00:00,2025-12-04T00:00:00-00:00,2025-12-03,16,0,Hourly,RU,AS_SP26_EXP,DAM,RU_CLR_PRC,0,18
2025-12-04T00:00:00-00:00,2025-12-04T01:00:00-00:00,2025-12-03,17,0,Hourly,RU,AS_CAISO,DAM,RU_CLR_PRC,0,18
2025-12-04T00:00:00-00:00,2025-12-04T01:00:00-00:00,2025-12-03,17,0,Hourly,RU,AS_SP26_EXP,DAM,RU_CLR_PRC,0,18
2025-12-04T02:00:00-00:00,2025-12-04T03:00:00-00:00,2025-12-03,19,0,Hourly,RU,AS_CAISO_EXP,DAM,RU_CLR_PRC,0.68515,18
2025-12-03T08:00:00-00:00,2025-12-03T09:00:00-00:00,2025-12-03,1,0,Hourly,RU,AS_NP26,DAM,RU_CLR_PRC,0,18
2025-12-03T10:00:00-00:00,2025-12-03T11:00:00-00:00,2025-12-03,3,0,Hourly,RU,AS_CAISO_EXP,DAM,RU_CLR_PRC,0.5,18
2025-12-03T11:00:00-00:00,2025-12-03T12:00:00-00:00,2025-12-03,4,0,Hourly,RU,AS_SP26_EXP,DAM,RU_CLR_PRC,0,18
2025-12-03T12:00:00-00:00,2025-12-03T13:00:00-00:00,2025-12-03,5,0,Hourly,RU,AS_CAISO,DAM,RU_CLR_PRC,0,18
2025-12-03T12:00:00-00:00,2025-12-03T13:00:00-00:00,2025-12-03,5,0,Hourly,RU,AS_SP26,DAM,RU_CLR_PRC,0,18
2025-12-03T14:00:00-00:00,2025-12-03T15:00:00-00:00,2025-12-03,7,0,Hourly,RU,AS_SP26_EXP,DAM,RU_CLR_PRC,0,18
2025-12-03T15:00:00-00:00,2025-12-03T16:00:00-00:00,2025-12-03,8,0,Hourly,RU,AS_SP26_EXP,DAM,RU_CLR_PRC,0,18
2025-12-03T09:00:00-00:00,2025-12-03T10:00:00-00:00,2025-12-03,2,0,Hourly,RU,AS_SP26,DAM,RU_CLR_PRC,0,18
2025-12-03T10:00:00-00:00,2025-12-03T11:00:00-00:00,2025-12-03,3,0,Hourly,RU,AS_CAISO,DAM,RU_CLR_PRC,0,18
2025-12-03T13:00:00-00:00,2025-12-03T14:00:00-00:00,2025-12-03,6,0,Hourly,RU,AS_SP26_EXP,DAM,RU_CLR_PRC,0,18
2025-12-03T14:00:00-00:00,2025-12-03T15:00:00-00:00,2025-12-03,7,0,Hourly,RU,AS_CAISO,DAM,RU_CLR_PRC,0,18
2025-12-03T18:00:00-00:00,2025-12-03T19:00:00-00:00,2025-12-03,11,0,Hourly,RU,AS_CAISO_EXP,DAM,RU_CLR_PRC,0.29442,18
2025-12-04T08:00:00-00:00,2025-12-04T09:00:00-00:00,2025-12-04,1,0,Hourly,RU,AS_CAISO_EXP,DAM,RU_CLR_PRC,1.06212,19
2025-12-04T08:00:00-00:00,2025-12-04T09:00:00-00:00,2025-12-04,1,0,Hourly,RU,AS_SP26_EXP,DAM,RU_CLR_PRC,0,19
2025-12-04T10:00:00-00:00,2025-12-04T11:00:00-00:00,2025-12-04,3,0,Hourly,RU,AS_CAISO,DAM,RU_CLR_PRC,0,19
2025-12-04T12:00:00-00:00,2025-12-04T13:00:00-00:00,2025-12-04,5,0,Hourly,RU,AS_CAISO,DAM,RU_CLR_PRC,0,19
2025-12-04T12:00:00-00:00,2025-12-04T13:00:00-00:00,2025-12-04,5,0,Hourly,RU,AS_NP26,DAM,RU_CLR_PRC,0,19
2025-12-04T16:00:00-00:00,2025-12-04T17:00:00-00:00,2025-12-04,9,0,Hourly,RU,AS_NP26,DAM,RU_CLR_PRC,0,19
2025-12-04T19:00:00-00:00,2025-12-04T20:00:00-00:00,2025-12-04,12,0,Hourly,RU,AS_NP26,DAM,RU_CLR_PRC,0,19
2025-12-04T19:00:00-00:00,2025-12-04T20:00:00-00:00,2025-12-04,12,0,Hourly,RU,AS_SP26,DAM,RU_CLR_PRC,0,19
2025-12-04T19:00:00-00:00,2025-12-04T20:00:00-00:00,2025-12-04,12,0,Hourly,RU,AS_SP26_EXP,DAM,RU_CLR_PRC,0,19
2025-12-04T20:00:00-00:00,2025-12-04T21:00:00-00:00,2025-12-04,13,0,Hourly,RU,AS_SP26,DAM,RU_CLR_PRC,0,19
2025-12-04T23:00:00-00:00,2025-12-05T00:00:00-00:00,2025-12-04,16,0,Hourly,RU,AS_NP26,DAM,RU_CLR_PRC,0,19
2025-12-05T00:00:00-00:00,2025-12-05T01:00:00-00:00,2025-12-04,17,0,Hourly,RU,AS_NP26,DAM,RU_CLR_PRC,0,19
2025-12-05T03:00:00-00:00,2025-12-05T04:00:00-00:00,2025-12-04,20,0,Hourly,RU,AS_SP26,DAM,RU_CLR_PRC,0,19
2025-12-05T04:00:00-00:00,2025-12-05T05:00:00-00:00,2025-12-04,21,0,Hourly,RU,AS_SP26,DAM,RU_CLR_PRC,0,19
2025-12-05T07:00:00-00:00,2025-12-05T08:00:00-00:00,2025-12-04,24,0,Hourly,RU,AS_NP26,DAM,RU_CLR_PRC,0,19
2025-12-04T08:00:00-00:00,2025-12-04T09:00:00-00:00,2025-12-04,1,0,Hourly,RU,AS_CAISO,DAM,RU_CLR_PRC,0,19
2025-12-04T08:00:00-00:00,2025-12-04T09:00:00-00:00,2025-12-04,1,0,Hourly,RU,AS_NP26,DAM,RU_CLR_PRC,0,19
2025-12-04T10:00:00-00:00,2025-12-04T11:00:00-00:00,2025-12-04,3,0,Hourly,RU,AS_NP26_EXP,DAM,RU_CLR_PRC,0.12,19
2025-12-04T11:00:00-00:00,2025-12-04T12:00:00-00:00,2025-12-04,4,0,Hourly,RU,AS_NP26,DAM,RU_CLR_PRC,0,19
2025-12-04T17:00:00-00:00,2025-12-04T18:00:00-00:00,2025-12-04,10,0,Hourly,RU,AS_SP26,DAM,RU_CLR_PRC,0,19
2025-12-04T21:00:00-00:00,2025-12-04T22:00:00-00:00,2025-12-04,14,0,Hourly,RU,AS_NP26,DAM,RU_CLR_PRC,0,19
2025-12-05T00:00:00-00:00,2025-12-05T01:00:00-00:00,2025-12-04,17,0,Hourly,RU,AS_CAISO_EXP,DAM,RU_CLR_PRC,0.34515,19
2025-12-05T01:00:00-00:00,2025-12-05T02:00:00-00:00,2025-12-04,18,0,Hourly,RU,AS_CAISO,DAM,RU_CLR_PRC,0,19
2025-12-05T01:00:00-00:00,2025-12-05T02:00:00-00:00,2025-12-04,18,0,Hourly,RU,AS_NP26,DAM,RU_CLR_PRC,0,19
2025-12-05T02:00:00-00:00,2025-12-05T03:00:00-00:00,2025-12-04,19,0,Hourly,RU,AS_SP26,DAM,RU_CLR_PRC,0,19
2025-12-05T02:00:00-00:00,2025-12-05T03:00:00-00:00,2025-12-04,19,0,Hourly,RU,AS_SP26_EXP,DAM,RU_CLR_PRC,0,19
2025-12-05T03:00:00-00:00,2025-12-05T04:00:00-00:00,2025-12-04,20,0,Hourly,RU,AS_SP26_EXP,DAM,RU_CLR_PRC,0,19
2025-12-05T05:00:00-00:00,2025-12-05T06:00:00-00:00,2025-12-04,22,0,Hourly,RU,AS_NP26_EXP,DAM,RU_CLR_PRC,1.93063,19
2025-12-04T08:00:00-00:00,2025-12-04T09:00:00-00:00,2025-12-04,1,0,Hourly,RU,AS_NP26_EXP,DAM,RU_CLR_PRC,0.64948,19
2025-12-04T10:00:00-00:00,2025-12-04T11:00:00-00:00,2025-12-04,3,0,Hourly,RU,AS_SP26,DAM,RU_CLR_PRC,0,19
2025-12-04T11:00:00-00:00,2025-12-04T12:00:00-00:00,2025-12-04,4,0,Hourly,RU,AS_CAISO_EXP,DAM,RU_CLR_PRC,1.11947,19
2025-12-04T11:00:00-00:00,2025-12-04T12:00:00-00:00,2025-12-04,4,0,Hourly,RU,AS_SP26_EXP,DAM,RU_CLR_PRC,0,19
2025-12-04T12:00:00-00:00,2025-12-04T13:00:00-00:00,2025-12-04,5,0,Hourly,RU,AS_SP26,DAM,RU_CLR_PRC,0,19
2025-12-04T12:00:00-00:00,2025-12-04T13:00:00-00:00,2025-12-04,5,0,Hourly,RU,AS_SP26_EXP,DAM,RU_CLR_PRC,0,19
2025-12-04T15:00:00-00:00,2025-12-04T16:00:00-00:00,2025-12-04,8,0,Hourly,RU,AS_NP26_EXP,DAM,RU_CLR_PRC,0,19
2025-12-04T16:00:00-00:00,2025-12-04T17:00:00-00:00,2025-12-04,9,0,Hourly,RU,AS_SP26_EXP,DAM,RU_CLR_PRC,0,19
2025-12-04T17:00:00-00:00,2025-12-04T18:00:00-00:00,2025-12-04,10,0,Hourly,RU,AS_SP26_EXP,DAM,RU_CLR_PRC,0,19
2025-12-04T19:00:00-00:00,2025-12-04T20:00:00-00:00,2025-12-04,12,0,Hourly,RU,AS_CAISO,DAM,RU_CLR_PRC,0,19
2025-12-04T19:00:00-00:00,2025-12-04T20:00:00-00:00,2025-12-04,12,0,Hourly,RU,AS_CAISO_EXP,DAM,RU_CLR_PRC,0.17,19
2025-12-04T19:00:00-00:00,2025-12-04T20:00:00-00:00,2025-12-04,12,0,Hourly,RU,AS_NP26_EXP,DAM,RU_CLR_PRC,1.12398,19
2025-12-04T20:00:00-00:00,2025-12-04T21:00:00-00:00,2025-12-04,13,0,Hourly,RU,AS_CAISO_EXP,DAM,RU_CLR_PRC,1.44052,19
2025-12-04T20:00:00-00:00,2025-12-04T21:00:00-00:00,2025-12-04,13,0,Hourly,RU,AS_NP26_EXP,DAM,RU_CLR_PRC,0.63685,19
2025-12-04T22:00:00-00:00,2025-12-04T23:00:00-00:00,2025-12-04,15,0,Hourly,RU,AS_CAISO,DAM,RU_CLR_PRC,0,19
2025-12-04T22:00:00-00:00,2025-12-04T23:00:00-00:00,2025-12-04,15,0,Hourly,RU,AS_SP26_EXP,DAM,RU_CLR_PRC,0,19
2025-12-05T00:00:00-00:00,2025-12-05T01:00:00-00:00,2025-12-04,17,0,Hourly,RU,AS_CAISO,DAM,RU_CLR_PRC,0,19
2025-12-05T00:00:00-00:00,2025-12-05T01:00:00-00:00,2025-12-04,17,0,Hourly,RU,AS_SP26_EXP,DAM,RU_CLR_PRC,0,19
2025-12-05T03:00:00-00:00,2025-12-05T04:00:00-00:00,2025-12-04,20,0,Hourly,RU,AS_CAISO_EXP,DAM,RU_CLR_PRC,0.17,19
2025-12-05T03:00:00-00:00,2025-12-05T04:00:00-00:00,2025-12-04,20,0,Hourly,RU,AS_NP26,DAM,RU_CLR_PRC,0,19
2025-12-05T04:00:00-00:00,2025-12-05T05:00:00-00:00,2025-12-04,21,0,Hourly,RU,AS_CAISO,DAM,RU_CLR_PRC,0,19
2025-12-05T04:00:00-00:00,2025-12-05T05:00:00-00:00,2025-12-04,21,0,Hourly,RU,AS_CAISO_EXP,DAM,RU_CLR_PRC,0.17,19
2025-12-05T06:00:00-00:00,2025-12-05T07:00:00-00:00,2025-12-04,23,0,Hourly,RU,AS_SP26_EXP,DAM,RU_CLR_PRC,0,19
2025-12-04T09:00:00-00:00,2025-12-04T10:00:00-00:00,2025-12-04,2,0,Hourly,RU,AS_CAISO,DAM,RU_CLR_PRC,0,19
2025-12-04T09:00:00-00:00,2025-12-04T10:00:00-00:00,2025-12-04,2,0,Hourly,RU,AS_CAISO_EXP,DAM,RU_CLR_PRC,0.56,19
2025-12-04T09:00:00-00:00,2025-12-04T10:00:00-00:00,2025-12-04,2,0,Hourly,RU,AS_NP26,DAM,RU_CLR_PRC,0,19
2025-12-04T11:00:00-00:00,2025-12-04T12:00:00-00:00,2025-12-04,4,0,Hourly,RU,AS_SP26,DAM,RU_CLR_PRC,0,19
2025-12-04T12:00:00-00:00,2025-12-04T13:00:00-00:00,2025-12-04,5,0,Hourly,RU,AS_CAISO_EXP,DAM,RU_CLR_PRC,0.41,19
2025-12-04T13:00:00-00:00,2025-12-04T14:00:00-00:00,2025-12-04,6,0,Hourly,RU,AS_CAISO,DAM,RU_CLR_PRC,0,19
2025-12-04T13:00:00-00:00,2025-12-04T14:00:00-00:00,2025-12-04,6,0,Hourly,RU,AS_CAISO_EXP,DAM,RU_CLR_PRC,0.5,19
2025-12-04T13:00:00-00:00,2025-12-04T14:00:00-00:00,2025-12-04,6,0,Hourly,RU,AS_NP26,DAM,RU_CLR_PRC,0,19
2025-12-04T13:00:00-00:00,2025-12-04T14:00:00-00:00,2025-12-04,6,0,Hourly,RU,AS_SP26,DAM,RU_CLR_PRC,0,19
2025-12-04T13:00:00-00:00,2025-12-04T14:00:00-00:00,2025-12-04,6,0,Hourly,RU,AS_SP26_EXP,DAM,RU_CLR_PRC,0,19
2025-12-04T14:00:00-00:00,2025-12-04T15:00:00-00:00,2025-12-04,7,0,Hourly,RU,AS_NP26_EXP,DAM,RU_CLR_PRC,3.59746,19
2025-12-04T15:00:00-00:00,2025-12-04T16:00:00-00:00,2025-12-04,8,0,Hourly,RU,AS_SP26,DAM,RU_CLR_PRC,0,19
2025-12-04T16:00:00-00:00,2025-12-04T17:00:00-00:00,2025-12-04,9,0,Hourly,RU,AS_CAISO_EXP,DAM,RU_CLR_PRC,3.91239,19
2025-12-04T16:00:00-00:00,2025-12-04T17:00:00-00:00,2025-12-04,9,0,Hourly,RU,AS_NP26_EXP,DAM,RU_CLR_PRC,0.59248,19
2025-12-04T17:00:00-00:00,2025-12-04T18:00:00-00:00,2025-12-04,10,0,Hourly,RU,AS_CAISO_EXP,DAM,RU_CLR_PRC,3.60352,19
2025-12-04T18:00:00-00:00,2025-12-04T19:00:00-00:00,2025-12-04,11,0,Hourly,RU,AS_CAISO,DAM,RU_CLR_PRC,0,19
2025-12-04T21:00:00-00:00,2025-12-04T22:00:00-00:00,2025-12-04,14,0,Hourly,RU,AS_CAISO_EXP,DAM,RU_CLR_PRC,0.40979,19
2025-12-05T02:00:00-00:00,2025-12-05T03:00:00-00:00,2025-12-04,19,0,Hourly,RU,AS_NP26,DAM,RU_CLR_PRC,0,19
2025-12-05T02:00:00-00:00,2025-12-05T03:00:00-00:00,2025-12-04,19,0,Hourly,RU,AS_NP26_EXP,DAM,RU_CLR_PRC,1.48532,19
2025-12-05T04:00:00-00:00,2025-12-05T05:00:00-00:00,2025-12-04,21,0,Hourly,RU,AS_NP26_EXP,DAM,RU_CLR_PRC,1.725,19
2025-12-05T04:00:00-00:00,2025-12-05T05:00:00-00:00,2025-12-04,21,0,Hourly,RU,AS_SP26_EXP,DAM,RU_CLR_PRC,0,19
2025-12-05T05:00:00-00:00,2025-12-05T06:00:00-00:00,2025-12-04,22,0,Hourly,RU,AS_SP26,DAM,RU_CLR_PRC,0,19
2025-12-05T07:00:00-00:00,2025-12-05T08:00:00-00:00,2025-12-04,24,0,Hourly,RU,AS_SP26_EXP,DAM,RU_CLR_PRC,0,19
2025-12-04T09:00:00-00:00,2025-12-04T10:00:00-00:00,2025-12-04,2,0,Hourly,RU,AS_SP26,DAM,RU_CLR_PRC,0,19
2025-12-04T10:00:00-00:00,2025-12-04T11:00:00-00:00,2025-12-04,3,0,Hourly,RU,AS_NP26,DAM,RU_CLR_PRC,0,19
2025-12-04T10:00:00-00:00,2025-12-04T11:00:00-00:00,2025-12-04,3,0,Hourly,RU,AS_SP26_EXP,DAM,RU_CLR_PRC,0,19
2025-12-04T11:00:00-00:00,2025-12-04T12:00:00-00:00,2025-12-04,4,0,Hourly,RU,AS_CAISO,DAM,RU_CLR_PRC,0,19
2025-12-04T13:00:00-00:00,2025-12-04T14:00:00-00:00,2025-12-04,6,0,Hourly,RU,AS_NP26_EXP,DAM,RU_CLR_PRC,1.28452,19
2025-12-04T18:00:00-00:00,2025-12-04T19:00:00-00:00,2025-12-04,11,0,Hourly,RU,AS_SP26_EXP,DAM,RU_CLR_PRC,0,19
2025-12-04T21:00:00-00:00,2025-12-04T22:00:00-00:00,2025-12-04,14,0,Hourly,RU,AS_CAISO,DAM,RU_CLR_PRC,0,19
2025-12-04T23:00:00-00:00,2025-12-05T00:00:00-00:00,2025-12-04,16,0,Hourly,RU,AS_SP26,DAM,RU_CLR_PRC,0,19
2025-12-04T23:00:00-00:00,2025-12-05T00:00:00-00:00,2025-12-04,16,0,Hourly,RU,AS_SP26_EXP,DAM,RU_CLR_PRC,0,19
2025-12-05T01:00:00-00:00,2025-12-05T02:00:00-00:00,2025-12-04,18,0,Hourly,RU,AS_SP26,DAM,RU_CLR_PRC,0,19
2025-12-05T02:00:00-00:00,2025-12-05T03:00:00-00:00,2025-12-04,19,0,Hourly,RU,AS_CAISO,DAM,RU_CLR_PRC,0,19
2025-12-05T05:00:00-00:00,2025-12-05T06:00:00-00:00,2025-12-04,22,0,Hourly,RU,AS_CAISO_EXP,DAM,RU_CLR_PRC,0.5,19
2025-12-05T07:00:00-00:00,2025-12-05T08:00:00-00:00,2025-12-04,24,0,Hourly,RU,AS_CAISO,DAM,RU_CLR_PRC,0,19
2025-12-05T07:00:00-00:00,2025-12-05T08:00:00-00:00,2025-12-04,24,0,Hourly,RU,AS_NP26_EXP,DAM,RU_CLR_PRC,0.96,19
2025-12-04T10:00:00-00:00,2025-12-04T11:00:00-00:00,2025-12-04,3,0,Hourly,RU,AS_CAISO_EXP,DAM,RU_CLR_PRC,0.7,19
2025-12-04T14:00:00-00:00,2025-12-04T15:00:00-00:00,2025-12-04,7,0,Hourly,RU,AS_SP26,DAM,RU_CLR_PRC,0,19
2025-12-04T15:00:00-00:00,2025-12-04T16:00:00-00:00,2025-12-04,8,0,Hourly,RU,AS_NP26,DAM,RU_CLR_PRC,0,19
2025-12-04T15:00:00-00:00,2025-12-04T16:00:00-00:00,2025-12-04,8,0,Hourly,RU,AS_SP26_EXP,DAM,RU_CLR_PRC,0.35119,19
2025-12-04T16:00:00-00:00,2025-12-04T17:00:00-00:00,2025-12-04,9,0,Hourly,RU,AS_SP26,DAM,RU_CLR_PRC,0,19
2025-12-04T17:00:00-00:00,2025-12-04T18:00:00-00:00,2025-12-04,10,0,Hourly,RU,AS_NP26,DAM,RU_CLR_PRC,0,19
2025-12-04T20:00:00-00:00,2025-12-04T21:00:00-00:00,2025-12-04,13,0,Hourly,RU,AS_SP26_EXP,DAM,RU_CLR_PRC,0,19
2025-12-04T22:00:00-00:00,2025-12-04T23:00:00-00:00,2025-12-04,15,0,Hourly,RU,AS_CAISO_EXP,DAM,RU_CLR_PRC,1.77498,19
2025-12-04T22:00:00-00:00,2025-12-04T23:00:00-00:00,2025-12-04,15,0,Hourly,RU,AS_NP26_EXP,DAM,RU_CLR_PRC,1.85204,19
2025-12-04T22:00:00-00:00,2025-12-04T23:00:00-00:00,2025-12-04,15,0,Hourly,RU,AS_SP26,DAM,RU_CLR_PRC,0,19
2025-12-05T03:00:00-00:00,2025-12-05T04:00:00-00:00,2025-12-04,20,0,Hourly,RU,AS_CAISO,DAM,RU_CLR_PRC,0,19
2025-12-05T05:00:00-00:00,2025-12-05T06:00:00-00:00,2025-12-04,22,0,Hourly,RU,AS_NP26,DAM,RU_CLR_PRC,0,19
2025-12-05T06:00:00-00:00,2025-12-05T07:00:00-00:00,2025-12-04,23,0,Hourly,RU,AS_SP26,DAM,RU_CLR_PRC,0,19
2025-12-05T07:00:00-00:00,2025-12-05T08:00:00-00:00,2025-12-04,24,0,Hourly,RU,AS_CAISO_EXP,DAM,RU_CLR_PRC,1.04,19
2025-12-04T15:00:00-00:00,2025-12-04T16:00:00-00:00,2025-12-04,8,0,Hourly,RU,AS_CAISO_EXP,DAM,RU_CLR_PRC,7.33881,19
2025-12-04T16:00:00-00:00,2025-12-04T17:00:00-00:00,2025-12-04,9,0,Hourly,RU,AS_CAISO,DAM,RU_CLR_PRC,0,19
2025-12-04T17:00:00-00:00,2025-12-04T18:00:00-00:00,2025-12-04,10,0,Hourly,RU,AS_NP26_EXP,DAM,RU_CLR_PRC,0,19
2025-12-04T18:00:00-00:00,2025-12-04T19:00:00-00:00,2025-12-04,11,0,Hourly,RU,AS_CAISO_EXP,DAM,RU_CLR_PRC,0.17,19
2025-12-04T18:00:00-00:00,2025-12-04T19:00:00-00:00,2025-12-04,11,0,Hourly,RU,AS_NP26,DAM,RU_CLR_PRC,0,19
2025-12-04T18:00:00-00:00,2025-12-04T19:00:00-00:00,2025-12-04,11,0,Hourly,RU,AS_NP26_EXP,DAM,RU_CLR_PRC,0.93952,19
2025-12-04T20:00:00-00:00,2025-12-04T21:00:00-00:00,2025-12-04,13,0,Hourly,RU,AS_CAISO,DAM,RU_CLR_PRC,0,19
2025-12-04T21:00:00-00:00,2025-12-04T22:00:00-00:00,2025-12-04,14,0,Hourly,RU,AS_NP26_EXP,DAM,RU_CLR_PRC,1.03313,19
2025-12-04T21:00:00-00:00,2025-12-04T22:00:00-00:00,2025-12-04,14,0,Hourly,RU,AS_SP26,DAM,RU_CLR_PRC,0,19
2025-12-04T22:00:00-00:00,2025-12-04T23:00:00-00:00,2025-12-04,15,0,Hourly,RU,AS_NP26,DAM,RU_CLR_PRC,0,19
2025-12-05T01:00:00-00:00,2025-12-05T02:00:00-00:00,2025-12-04,18,0,Hourly,RU,AS_CAISO_EXP,DAM,RU_CLR_PRC,0.51,19
2025-12-05T01:00:00-00:00,2025-12-05T02:00:00-00:00,2025-12-04,18,0,Hourly,RU,AS_NP26_EXP,DAM,RU_CLR_PRC,0.93855,19
2025-12-05T02:00:00-00:00,2025-12-05T03:00:00-00:00,2025-12-04,19,0,Hourly,RU,AS_CAISO_EXP,DAM,RU_CLR_PRC,0.1919,19
2025-12-05T03:00:00-00:00,2025-12-05T04:00:00-00:00,2025-12-04,20,0,Hourly,RU,AS_NP26_EXP,DAM,RU_CLR_PRC,1.09,19
2025-12-05T06:00:00-00:00,2025-12-05T07:00:00-00:00,2025-12-04,23,0,Hourly,RU,AS_CAISO_EXP,DAM,RU_CLR_PRC,0.74448,19
2025-12-05T07:00:00-00:00,2025-12-05T08:00:00-00:00,2025-12-04,24,0,Hourly,RU,AS_SP26,DAM,RU_CLR_PRC,0,19
2025-12-04T09:00:00-00:00,2025-12-04T10:00:00-00:00,2025-12-04,2,0,Hourly,RU,AS_NP26_EXP,DAM,RU_CLR_PRC,1.26859,19
2025-12-04T12:00:00-00:00,2025-12-04T13:00:00-00:00,2025-12-04,5,0,Hourly,RU,AS_NP26_EXP,DAM,RU_CLR_PRC,1.33028,19
2025-12-04T14:00:00-00:00,2025-12-04T15:00:00-00:00,2025-12-04,7,0,Hourly,RU,AS_CAISO,DAM,RU_CLR_PRC,0,19
2025-12-04T14:00:00-00:00,2025-12-04T15:00:00-00:00,2025-12-04,7,0,Hourly,RU,AS_CAISO_EXP,DAM,RU_CLR_PRC,1.92102,19
2025-12-04T14:00:00-00:00,2025-12-04T15:00:00-00:00,2025-12-04,7,0,Hourly,RU,AS_SP26_EXP,DAM,RU_CLR_PRC,0,19
2025-12-04T15:00:00-00:00,2025-12-04T16:00:00-00:00,2025-12-04,8,0,Hourly,RU,AS_CAISO,DAM,RU_CLR_PRC,0,19
2025-12-04T14:00:00-00:00,2025-12-04T15:00:00-00:00,2025-12-04,7,0,Hourly,RU,AS_NP26,DAM,RU_CLR_PRC,0,19
2025-12-04T17:00:00-00:00,2025-12-04T18:00:00-00:00,2025-12-04,10,0,Hourly,RU,AS_CAISO,DAM,RU_CLR_PRC,0,19
2025-12-04T18:00:00-00:00,2025-12-04T19:00:00-00:00,2025-12-04,11,0,Hourly,RU,AS_SP26,DAM,RU_CLR_PRC,0,19
2025-12-04T20:00:00-00:00,2025-12-04T21:00:00-00:00,2025-12-04,13,0,Hourly,RU,AS_NP26,DAM,RU_CLR_PRC,0,19
2025-12-04T21:00:00-00:00,2025-12-04T22:00:00-00:00,2025-12-04,14,0,Hourly,RU,AS_SP26_EXP,DAM,RU_CLR_PRC,0,19
2025-12-04T23:00:00-00:00,2025-12-05T00:00:00-00:00,2025-12-04,16,0,Hourly,RU,AS_CAISO,DAM,RU_CLR_PRC,0,19
2025-12-04T23:00:00-00:00,2025-12-05T00:00:00-00:00,2025-12-04,16,0,Hourly,RU,AS_CAISO_EXP,DAM,RU_CLR_PRC,0.5275,19
2025-12-04T23:00:00-00:00,2025-12-05T00:00:00-00:00,2025-12-04,16,0,Hourly,RU,AS_NP26_EXP,DAM,RU_CLR_PRC,0.33,19
2025-12-05T00:00:00-00:00,2025-12-05T01:00:00-00:00,2025-12-04,17,0,Hourly,RU,AS_NP26_EXP,DAM,RU_CLR_PRC,0.15485,19
2025-12-05T00:00:00-00:00,2025-12-05T01:00:00-00:00,2025-12-04,17,0,Hourly,RU,AS_SP26,DAM,RU_CLR_PRC,0,19
2025-12-05T01:00:00-00:00,2025-12-05T02:00:00-00:00,2025-12-04,18,0,Hourly,RU,AS_SP26_EXP,DAM,RU_CLR_PRC,0,19
2025-12-05T04:00:00-00:00,2025-12-05T05:00:00-00:00,2025-12-04,21,0,Hourly,RU,AS_NP26,DAM,RU_CLR_PRC,0,19
2025-12-05T05:00:00-00:00,2025-12-05T06:00:00-00:00,2025-12-04,22,0,Hourly,RU,AS_CAISO,DAM,RU_CLR_PRC,0,19
2025-12-05T05:00:00-00:00,2025-12-05T06:00:00-00:00,2025-12-04,22,0,Hourly,RU,AS_SP26_EXP,DAM,RU_CLR_PRC,0,19
2025-12-05T06:00:00-00:00,2025-12-05T07:00:00-00:00,2025-12-04,23,0,Hourly,RU,AS_CAISO,DAM,RU_CLR_PRC,0,19
2025-12-05T06:00:00-00:00,2025-12-05T07:00:00-00:00,2025-12-04,23,0,Hourly,RU,AS_NP26,DAM,RU_CLR_PRC,0,19
2025-12-05T06:00:00-00:00,2025-12-05T07:00:00-00:00,2025-12-04,23,0,Hourly,RU,AS_NP26_EXP,DAM,RU_CLR_PRC,1.26206,19
2025-12-04T08:00:00-00:00,2025-12-04T09:00:00-00:00,2025-12-04,1,0,Hourly,RU,AS_SP26,DAM,RU_CLR_PRC,0,19
2025-12-04T09:00:00-00:00,2025-12-04T10:00:00-00:00,2025-12-04,2,0,Hourly,RU,AS_SP26_EXP,DAM,RU_CLR_PRC,0,19
2025-12-04T11:00:00-00:00,2025-12-04T12:00:00-00:00,2025-12-04,4,0,Hourly,RU,AS_NP26_EXP,DAM,RU_CLR_PRC,0.68553,19
2025-12-05T15:00:00-00:00,2025-12-05T16:00:00-00:00,2025-12-05,8,0,Hourly,RU,AS_CAISO_EXP,DAM,RU_CLR_PRC,2.68002,20
2025-12-05T15:00:00-00:00,2025-12-05T16:00:00-00:00,2025-12-05,8,0,Hourly,RU,AS_NP26,DAM,RU_CLR_PRC,0,20
2025-12-05T16:00:00-00:00,2025-12-05T17:00:00-00:00,2025-12-05,9,0,Hourly,RU,AS_CAISO_EXP,DAM,RU_CLR_PRC,1,20
2025-12-05T17:00:00-00:00,2025-12-05T18:00:00-00:00,2025-12-05,10,0,Hourly,RU,AS_CAISO,DAM,RU_CLR_PRC,0,20
2025-12-05T18:00:00-00:00,2025-12-05T19:00:00-00:00,2025-12-05,11,0,Hourly,RU,AS_SP26,DAM,RU_CLR_PRC,0,20
2025-12-05T20:00:00-00:00,2025-12-05T21:00:00-00:00,2025-12-05,13,0,Hourly,RU,AS_NP26,DAM,RU_CLR_PRC,0,20
2025-12-05T20:00:00-00:00,2025-12-05T21:00:00-00:00,2025-12-05,13,0,Hourly,RU,AS_SP26,DAM,RU_CLR_PRC,0,20
2025-12-05T21:00:00-00:00,2025-12-05T22:00:00-00:00,2025-12-05,14,0,Hourly,RU,AS_CAISO,DAM,RU_CLR_PRC,0,20
2025-12-05T23:00:00-00:00,2025-12-06T00:00:00-00:00,2025-12-05,16,0,Hourly,RU,AS_NP26,DAM,RU_CLR_PRC,0,20
2025-12-06T01:00:00-00:00,2025-12-06T02:00:00-00:00,2025-12-05,18,0,Hourly,RU,AS_SP26_EXP,DAM,RU_CLR_PRC,0,20
2025-12-06T03:00:00-00:00,2025-12-06T04:00:00-00:00,2025-12-05,20,0,Hourly,RU,AS_CAISO_EXP,DAM,RU_CLR_PRC,0.4679,20
2025-12-06T03:00:00-00:00,2025-12-06T04:00:00-00:00,2025-12-05,20,0,Hourly,RU,AS_NP26_EXP,DAM,RU_CLR_PRC,0.12992,20
2025-12-06T04:00:00-00:00,2025-12-06T05:00:00-00:00,2025-12-05,21,0,Hourly,RU,AS_CAISO_EXP,DAM,RU_CLR_PRC,0.17,20
2025-12-06T06:00:00-00:00,2025-12-06T07:00:00-00:00,2025-12-05,23,0,Hourly,RU,AS_NP26,DAM,RU_CLR_PRC,0,20
2025-12-06T06:00:00-00:00,2025-12-06T07:00:00-00:00,2025-12-05,23,0,Hourly,RU,AS_SP26,DAM,RU_CLR_PRC,0,20
2025-12-06T07:00:00-00:00,2025-12-06T08:00:00-00:00,2025-12-05,24,0,Hourly,RU,AS_SP26,DAM,RU_CLR_PRC,0,20
2025-12-05T11:00:00-00:00,2025-12-05T12:00:00-00:00,2025-12-05,4,0,Hourly,RU,AS_NP26_EXP,DAM,RU_CLR_PRC,0.95875,20
2025-12-05T12:00:00-00:00,2025-12-05T13:00:00-00:00,2025-12-05,5,0,Hourly,RU,AS_NP26_EXP,DAM,RU_CLR_PRC,0,20
2025-12-05T13:00:00-00:00,2025-12-05T14:00:00-00:00,2025-12-05,6,0,Hourly,RU,AS_NP26_EXP,DAM,RU_CLR_PRC,0.11,20
2025-12-05T16:00:00-00:00,2025-12-05T17:00:00-00:00,2025-12-05,9,0,Hourly,RU,AS_CAISO,DAM,RU_CLR_PRC,0,20
2025-12-05T16:00:00-00:00,2025-12-05T17:00:00-00:00,2025-12-05,9,0,Hourly,RU,AS_NP26_EXP,DAM,RU_CLR_PRC,1.7,20
2025-12-05T17:00:00-00:00,2025-12-05T18:00:00-00:00,2025-12-05,10,0,Hourly,RU,AS_SP26_EXP,DAM,RU_CLR_PRC,0,20
2025-12-05T20:00:00-00:00,2025-12-05T21:00:00-00:00,2025-12-05,13,0,Hourly,RU,AS_CAISO_EXP,DAM,RU_CLR_PRC,0.64,20
2025-12-05T23:00:00-00:00,2025-12-06T00:00:00-00:00,2025-12-05,16,0,Hourly,RU,AS_SP26,DAM,RU_CLR_PRC,0,20
2025-12-06T00:00:00-00:00,2025-12-06T01:00:00-00:00,2025-12-05,17,0,Hourly,RU,AS_SP26,DAM,RU_CLR_PRC,0,20
2025-12-06T02:00:00-00:00,2025-12-06T03:00:00-00:00,2025-12-05,19,0,Hourly,RU,AS_SP26,DAM,RU_CLR_PRC,0,20
2025-12-06T04:00:00-00:00,2025-12-06T05:00:00-00:00,2025-12-05,21,0,Hourly,RU,AS_SP26_EXP,DAM,RU_CLR_PRC,0,20
2025-12-06T05:00:00-00:00,2025-12-06T06:00:00-00:00,2025-12-05,22,0,Hourly,RU,AS_CAISO,DAM,RU_CLR_PRC,0,20
2025-12-06T07:00:00-00:00,2025-12-06T08:00:00-00:00,2025-12-05,24,0,Hourly,RU,AS_CAISO_EXP,DAM,RU_CLR_PRC,1,20
2025-12-06T07:00:00-00:00,2025-12-06T08:00:00-00:00,2025-12-05,24,0,Hourly,RU,AS_SP26_EXP,DAM,RU_CLR_PRC,0,20
2025-12-05T08:00:00-00:00,2025-12-05T09:00:00-00:00,2025-12-05,1,0,Hourly,RU,AS_CAISO_EXP,DAM,RU_CLR_PRC,1,20
2025-12-05T10:00:00-00:00,2025-12-05T11:00:00-00:00,2025-12-05,3,0,Hourly,RU,AS_CAISO_EXP,DAM,RU_CLR_PRC,0.41,20
2025-12-05T13:00:00-00:00,2025-12-05T14:00:00-00:00,2025-12-05,6,0,Hourly,RU,AS_NP26,DAM,RU_CLR_PRC,0,20
2025-12-05T13:00:00-00:00,2025-12-05T14:00:00-00:00,2025-12-05,6,0,Hourly,RU,AS_SP26_EXP,DAM,RU_CLR_PRC,0,20
2025-12-05T14:00:00-00:00,2025-12-05T15:00:00-00:00,2025-12-05,7,0,Hourly,RU,AS_CAISO_EXP,DAM,RU_CLR_PRC,4.93373,20
2025-12-05T15:00:00-00:00,2025-12-05T16:00:00-00:00,2025-12-05,8,0,Hourly,RU,AS_NP26_EXP,DAM,RU_CLR_PRC,0.49998,20
2025-12-05T18:00:00-00:00,2025-12-05T19:00:00-00:00,2025-12-05,11,0,Hourly,RU,AS_CAISO,DAM,RU_CLR_PRC,0,20
2025-12-05T19:00:00-00:00,2025-12-05T20:00:00-00:00,2025-12-05,12,0,Hourly,RU,AS_CAISO,DAM,RU_CLR_PRC,0,20
2025-12-05T19:00:00-00:00,2025-12-05T20:00:00-00:00,2025-12-05,12,0,Hourly,RU,AS_SP26,DAM,RU_CLR_PRC,0,20
2025-12-05T21:00:00-00:00,2025-12-05T22:00:00-00:00,2025-12-05,14,0,Hourly,RU,AS_CAISO_EXP,DAM,RU_CLR_PRC,2.03331,20
2025-12-05T22:00:00-00:00,2025-12-05T23:00:00-00:00,2025-12-05,15,0,Hourly,RU,AS_NP26_EXP,DAM,RU_CLR_PRC,1.38052,20
2025-12-05T22:00:00-00:00,2025-12-05T23:00:00-00:00,2025-12-05,15,0,Hourly,RU,AS_SP26,DAM,RU_CLR_PRC,0,20
2025-12-05T22:00:00-00:00,2025-12-05T23:00:00-00:00,2025-12-05,15,0,Hourly,RU,AS_SP26_EXP,DAM,RU_CLR_PRC,0,20
2025-12-06T01:00:00-00:00,2025-12-06T02:00:00-00:00,2025-12-05,18,0,Hourly,RU,AS_SP26,DAM,RU_CLR_PRC,0,20
2025-12-06T02:00:00-00:00,2025-12-06T03:00:00-00:00,2025-12-05,19,0,Hourly,RU,AS_NP26_EXP,DAM,RU_CLR_PRC,0.09,20
2025-12-06T03:00:00-00:00,2025-12-06T04:00:00-00:00,2025-12-05,20,0,Hourly,RU,AS_SP26,DAM,RU_CLR_PRC,0,20
2025-12-06T04:00:00-00:00,2025-12-06T05:00:00-00:00,2025-12-05,21,0,Hourly,RU,AS_NP26,DAM,RU_CLR_PRC,0,20
2025-12-06T05:00:00-00:00,2025-12-06T06:00:00-00:00,2025-12-05,22,0,Hourly,RU,AS_CAISO_EXP,DAM,RU_CLR_PRC,0.5,20
2025-12-05T08:00:00-00:00,2025-12-05T09:00:00-00:00,2025-12-05,1,0,Hourly,RU,AS_SP26_EXP,DAM,RU_CLR_PRC,0,20
2025-12-05T09:00:00-00:00,2025-12-05T10:00:00-00:00,2025-12-05,2,0,Hourly,RU,AS_SP26,DAM,RU_CLR_PRC,0,20
2025-12-05T11:00:00-00:00,2025-12-05T12:00:00-00:00,2025-12-05,4,0,Hourly,RU,AS_SP26_EXP,DAM,RU_CLR_PRC,0,20
2025-12-05T12:00:00-00:00,2025-12-05T13:00:00-00:00,2025-12-05,5,0,Hourly,RU,AS_CAISO_EXP,DAM,RU_CLR_PRC,0.62,20
2025-12-05T12:00:00-00:00,2025-12-05T13:00:00-00:00,2025-12-05,5,0,Hourly,RU,AS_NP26,DAM,RU_CLR_PRC,0,20
2025-12-05T13:00:00-00:00,2025-12-05T14:00:00-00:00,2025-12-05,6,0,Hourly,RU,AS_CAISO,DAM,RU_CLR_PRC,0,20
2025-12-05T13:00:00-00:00,2025-12-05T14:00:00-00:00,2025-12-05,6,0,Hourly,RU,AS_CAISO_EXP,DAM,RU_CLR_PRC,0.5,20
2025-12-05T16:00:00-00:00,2025-12-05T17:00:00-00:00,2025-12-05,9,0,Hourly,RU,AS_NP26,DAM,RU_CLR_PRC,0,20
2025-12-05T16:00:00-00:00,2025-12-05T17:00:00-00:00,2025-12-05,9,0,Hourly,RU,AS_SP26,DAM,RU_CLR_PRC,0,20
2025-12-05T17:00:00-00:00,2025-12-05T18:00:00-00:00,2025-12-05,10,0,Hourly,RU,AS_CAISO_EXP,DAM,RU_CLR_PRC,0.69847,20
2025-12-05T18:00:00-00:00,2025-12-05T19:00:00-00:00,2025-12-05,11,0,Hourly,RU,AS_CAISO_EXP,DAM,RU_CLR_PRC,1.015,20
2025-12-05T19:00:00-00:00,2025-12-05T20:00:00-00:00,2025-12-05,12,0,Hourly,RU,AS_NP26,DAM,RU_CLR_PRC,0,20
2025-12-05T20:00:00-00:00,2025-12-05T21:00:00-00:00,2025-12-05,13,0,Hourly,RU,AS_CAISO,DAM,RU_CLR_PRC,0,20
2025-12-05T21:00:00-00:00,2025-12-05T22:00:00-00:00,2025-12-05,14,0,Hourly,RU,AS_NP26_EXP,DAM,RU_CLR_PRC,0.01669,20
2025-12-05T22:00:00-00:00,2025-12-05T23:00:00-00:00,2025-12-05,15,0,Hourly,RU,AS_CAISO,DAM,RU_CLR_PRC,0,20
2025-12-05T22:00:00-00:00,2025-12-05T23:00:00-00:00,2025-12-05,15,0,Hourly,RU,AS_CAISO_EXP,DAM,RU_CLR_PRC,2.04038,20
2025-12-05T23:00:00-00:00,2025-12-06T00:00:00-00:00,2025-12-05,16,0,Hourly,RU,AS_CAISO,DAM,RU_CLR_PRC,0,20
2025-12-05T23:00:00-00:00,2025-12-06T00:00:00-00:00,2025-12-05,16,0,Hourly,RU,AS_CAISO_EXP,DAM,RU_CLR_PRC,0.49,20
2025-12-06T00:00:00-00:00,2025-12-06T01:00:00-00:00,2025-12-05,17,0,Hourly,RU,AS_SP26_EXP,DAM,RU_CLR_PRC,0,20
2025-12-06T01:00:00-00:00,2025-12-06T02:00:00-00:00,2025-12-05,18,0,Hourly,RU,AS_CAISO_EXP,DAM,RU_CLR_PRC,0.51,20
2025-12-06T02:00:00-00:00,2025-12-06T03:00:00-00:00,2025-12-05,19,0,Hourly,RU,AS_NP26,DAM,RU_CLR_PRC,0,20
2025-12-06T02:00:00-00:00,2025-12-06T03:00:00-00:00,2025-12-05,19,0,Hourly,RU,AS_SP26_EXP,DAM,RU_CLR_PRC,0,20
2025-12-06T03:00:00-00:00,2025-12-06T04:00:00-00:00,2025-12-05,20,0,Hourly,RU,AS_SP26_EXP,DAM,RU_CLR_PRC,0,20
2025-12-06T04:00:00-00:00,2025-12-06T05:00:00-00:00,2025-12-05,21,0,Hourly,RU,AS_CAISO,DAM,RU_CLR_PRC,0,20
2025-12-06T05:00:00-00:00,2025-12-06T06:00:00-00:00,2025-12-05,22,0,Hourly,RU,AS_SP26,DAM,RU_CLR_PRC,0,20
2025-12-06T06:00:00-00:00,2025-12-06T07:00:00-00:00,2025-12-05,23,0,Hourly,RU,AS_SP26_EXP,DAM,RU_CLR_PRC,0,20
2025-12-05T08:00:00-00:00,2025-12-05T09:00:00-00:00,2025-12-05,1,0,Hourly,RU,AS_CAISO,DAM,RU_CLR_PRC,0,20
2025-12-05T08:00:00-00:00,2025-12-05T09:00:00-00:00,2025-12-05,1,0,Hourly,RU,AS_SP26,DAM,RU_CLR_PRC,0,20
2025-12-05T10:00:00-00:00,2025-12-05T11:00:00-00:00,2025-12-05,3,0,Hourly,RU,AS_NP26_EXP,DAM,RU_CLR_PRC,1.30251,20
2025-12-05T10:00:00-00:00,2025-12-05T11:00:00-00:00,2025-12-05,3,0,Hourly,RU,AS_SP26_EXP,DAM,RU_CLR_PRC,0,20
2025-12-05T11:00:00-00:00,2025-12-05T12:00:00-00:00,2025-12-05,4,0,Hourly,RU,AS_CAISO_EXP,DAM,RU_CLR_PRC,0.41,20
2025-12-05T15:00:00-00:00,2025-12-05T16:00:00-00:00,2025-12-05,8,0,Hourly,RU,AS_CAISO,DAM,RU_CLR_PRC,0,20
2025-12-05T21:00:00-00:00,2025-12-05T22:00:00-00:00,2025-12-05,14,0,Hourly,RU,AS_SP26_EXP,DAM,RU_CLR_PRC,0,20
2025-12-06T00:00:00-00:00,2025-12-06T01:00:00-00:00,2025-12-05,17,0,Hourly,RU,AS_CAISO,DAM,RU_CLR_PRC,0,20
2025-12-06T00:00:00-00:00,2025-12-06T01:00:00-00:00,2025-12-05,17,0,Hourly,RU,AS_CAISO_EXP,DAM,RU_CLR_PRC,0.5,20
2025-12-06T01:00:00-00:00,2025-12-06T02:00:00-00:00,2025-12-05,18,0,Hourly,RU,AS_CAISO,DAM,RU_CLR_PRC,0,20
2025-12-06T02:00:00-00:00,2025-12-06T03:00:00-00:00,2025-12-05,19,0,Hourly,RU,AS_CAISO,DAM,RU_CLR_PRC,0,20
2025-12-06T06:00:00-00:00,2025-12-06T07:00:00-00:00,2025-12-05,23,0,Hourly,RU,AS_CAISO,DAM,RU_CLR_PRC,0,20
2025-12-06T06:00:00-00:00,2025-12-06T07:00:00-00:00,2025-12-05,23,0,Hourly,RU,AS_CAISO_EXP,DAM,RU_CLR_PRC,0.75028,20
2025-12-06T07:00:00-00:00,2025-12-06T08:00:00-00:00,2025-12-05,24,0,Hourly,RU,AS_NP26,DAM,RU_CLR_PRC,0,20
2025-12-05T08:00:00-00:00,2025-12-05T09:00:00-00:00,2025-12-05,1,0,Hourly,RU,AS_NP26,DAM,RU_CLR_PRC,0,20
2025-12-05T09:00:00-00:00,2025-12-05T10:00:00-00:00,2025-12-05,2,0,Hourly,RU,AS_NP26,DAM,RU_CLR_PRC,0,20
2025-12-05T12:00:00-00:00,2025-12-05T13:00:00-00:00,2025-12-05,5,0,Hourly,RU,AS_CAISO,DAM,RU_CLR_PRC,0,20
2025-12-05T12:00:00-00:00,2025-12-05T13:00:00-00:00,2025-12-05,5,0,Hourly,RU,AS_SP26,DAM,RU_CLR_PRC,0,20
2025-12-05T14:00:00-00:00,2025-12-05T15:00:00-00:00,2025-12-05,7,0,Hourly,RU,AS_CAISO,DAM,RU_CLR_PRC,0,20
2025-12-05T14:00:00-00:00,2025-12-05T15:00:00-00:00,2025-12-05,7,0,Hourly,RU,AS_NP26,DAM,RU_CLR_PRC,0,20
2025-12-05T15:00:00-00:00,2025-12-05T16:00:00-00:00,2025-12-05,8,0,Hourly,RU,AS_SP26,DAM,RU_CLR_PRC,0,20
2025-12-05T16:00:00-00:00,2025-12-05T17:00:00-00:00,2025-12-05,9,0,Hourly,RU,AS_SP26_EXP,DAM,RU_CLR_PRC,0,20
2025-12-05T17:00:00-00:00,2025-12-05T18:00:00-00:00,2025-12-05,10,0,Hourly,RU,AS_NP26,DAM,RU_CLR_PRC,0,20
2025-12-05T19:00:00-00:00,2025-12-05T20:00:00-00:00,2025-12-05,12,0,Hourly,RU,AS_NP26_EXP,DAM,RU_CLR_PRC,0.43839,20
2025-12-05T19:00:00-00:00,2025-12-05T20:00:00-00:00,2025-12-05,12,0,Hourly,RU,AS_SP26_EXP,DAM,RU_CLR_PRC,0,20
2025-12-05T21:00:00-00:00,2025-12-05T22:00:00-00:00,2025-12-05,14,0,Hourly,RU,AS_NP26,DAM,RU_CLR_PRC,0,20
2025-12-05T11:00:00-00:00,2025-12-05T12:00:00-00:00,2025-12-05,4,0,Hourly,RU,AS_CAISO,DAM,RU_CLR_PRC,0,20
2025-12-05T11:00:00-00:00,2025-12-05T12:00:00-00:00,2025-12-05,4,0,Hourly,RU,AS_NP26,DAM,RU_CLR_PRC,0,20
2025-12-05T12:00:00-00:00,2025-12-05T13:00:00-00:00,2025-12-05,5,0,Hourly,RU,AS_SP26_EXP,DAM,RU_CLR_PRC,0,20
2025-12-05T13:00:00-00:00,2025-12-05T14:00:00-00:00,2025-12-05,6,0,Hourly,RU,AS_SP26,DAM,RU_CLR_PRC,0,20
2025-12-05T14:00:00-00:00,2025-12-05T15:00:00-00:00,2025-12-05,7,0,Hourly,RU,AS_SP26_EXP,DAM,RU_CLR_PRC,0,20
2025-12-05T15:00:00-00:00,2025-12-05T16:00:00-00:00,2025-12-05,8,0,Hourly,RU,AS_SP26_EXP,DAM,RU_CLR_PRC,0,20
2025-12-05T17:00:00-00:00,2025-12-05T18:00:00-00:00,2025-12-05,10,0,Hourly,RU,AS_SP26,DAM,RU_CLR_PRC,0,20
2025-12-05T20:00:00-00:00,2025-12-05T21:00:00-00:00,2025-12-05,13,0,Hourly,RU,AS_SP26_EXP,DAM,RU_CLR_PRC,0,20
2025-12-05T22:00:00-00:00,2025-12-05T23:00:00-00:00,2025-12-05,15,0,Hourly,RU,AS_NP26,DAM,RU_CLR_PRC,0,20
2025-12-05T23:00:00-00:00,2025-12-06T00:00:00-00:00,2025-12-05,16,0,Hourly,RU,AS_SP26_EXP,DAM,RU_CLR_PRC,0,20
2025-12-06T01:00:00-00:00,2025-12-06T02:00:00-00:00,2025-12-05,18,0,Hourly,RU,AS_NP26,DAM,RU_CLR_PRC,0,20
2025-12-06T04:00:00-00:00,2025-12-06T05:00:00-00:00,2025-12-05,21,0,Hourly,RU,AS_SP26,DAM,RU_CLR_PRC,0,20
2025-12-06T05:00:00-00:00,2025-12-06T06:00:00-00:00,2025-12-05,22,0,Hourly,RU,AS_NP26,DAM,RU_CLR_PRC,0,20
2025-12-06T05:00:00-00:00,2025-12-06T06:00:00-00:00,2025-12-05,22,0,Hourly,RU,AS_NP26_EXP,DAM,RU_CLR_PRC,0,20
2025-12-06T05:00:00-00:00,2025-12-06T06:00:00-00:00,2025-12-05,22,0,Hourly,RU,AS_SP26_EXP,DAM,RU_CLR_PRC,0,20
2025-12-06T06:00:00-00:00,2025-12-06T07:00:00-00:00,2025-12-05,23,0,Hourly,RU,AS_NP26_EXP,DAM,RU_CLR_PRC,0.83311,20
2025-12-06T07:00:00-00:00,2025-12-06T08:00:00-00:00,2025-12-05,24,0,Hourly,RU,AS_NP26_EXP,DAM,RU_CLR_PRC,1.55652,20
2025-12-05T09:00:00-00:00,2025-12-05T10:00:00-00:00,2025-12-05,2,0,Hourly,RU,AS_CAISO_EXP,DAM,RU_CLR_PRC,0.69,20
2025-12-05T09:00:00-00:00,2025-12-05T10:00:00-00:00,2025-12-05,2,0,Hourly,RU,AS_NP26_EXP,DAM,RU_CLR_PRC,1.10182,20
2025-12-05T09:00:00-00:00,2025-12-05T10:00:00-00:00,2025-12-05,2,0,Hourly,RU,AS_SP26_EXP,DAM,RU_CLR_PRC,0,20
2025-12-05T10:00:00-00:00,2025-12-05T11:00:00-00:00,2025-12-05,3,0,Hourly,RU,AS_SP26,DAM,RU_CLR_PRC,0,20
2025-12-05T14:00:00-00:00,2025-12-05T15:00:00-00:00,2025-12-05,7,0,Hourly,RU,AS_NP26_EXP,DAM,RU_CLR_PRC,1,20
2025-12-05T18:00:00-00:00,2025-12-05T19:00:00-00:00,2025-12-05,11,0,Hourly,RU,AS_SP26_EXP,DAM,RU_CLR_PRC,0,20
2025-12-05T19:00:00-00:00,2025-12-05T20:00:00-00:00,2025-12-05,12,0,Hourly,RU,AS_CAISO_EXP,DAM,RU_CLR_PRC,0.6,20
2025-12-05T20:00:00-00:00,2025-12-05T21:00:00-00:00,2025-12-05,13,0,Hourly,RU,AS_NP26_EXP,DAM,RU_CLR_PRC,1.23298,20
2025-12-05T21:00:00-00:00,2025-12-05T22:00:00-00:00,2025-12-05,14,0,Hourly,RU,AS_SP26,DAM,RU_CLR_PRC,0,20
2025-12-06T03:00:00-00:00,2025-12-06T04:00:00-00:00,2025-12-05,20,0,Hourly,RU,AS_CAISO,DAM,RU_CLR_PRC,0,20
2025-12-06T03:00:00-00:00,2025-12-06T04:00:00-00:00,2025-12-05,20,0,Hourly,RU,AS_NP26,DAM,RU_CLR_PRC,0,20
2025-12-06T00:00:00-00:00,2025-12-06T01:00:00-00:00,2025-12-05,17,0,Hourly,RU,AS_NP26,DAM,RU_CLR_PRC,0,20
2025-12-06T00:00:00-00:00,2025-12-06T01:00:00-00:00,2025-12-05,17,0,Hourly,RU,AS_NP26_EXP,DAM,RU_CLR_PRC,0,20
2025-12-06T01:00:00-00:00,2025-12-06T02:00:00-00:00,2025-12-05,18,0,Hourly,RU,AS_NP26_EXP,DAM,RU_CLR_PRC,1.77956,20
2025-12-06T02:00:00-00:00,2025-12-06T03:00:00-00:00,2025-12-05,19,0,Hourly,RU,AS_CAISO_EXP,DAM,RU_CLR_PRC,0.41,20
2025-12-06T04:00:00-00:00,2025-12-06T05:00:00-00:00,2025-12-05,21,0,Hourly,RU,AS_NP26_EXP,DAM,RU_CLR_PRC,0.43366,20
2025-12-06T07:00:00-00:00,2025-12-06T08:00:00-00:00,2025-12-05,24,0,Hourly,RU,AS_CAISO,DAM,RU_CLR_PRC,0,20
2025-12-05T08:00:00-00:00,2025-12-05T09:00:00-00:00,2025-12-05,1,0,Hourly,RU,AS_NP26_EXP,DAM,RU_CLR_PRC,1.0356,20
2025-12-05T11:00:00-00:00,2025-12-05T12:00:00-00:00,2025-12-05,4,0,Hourly,RU,AS_SP26,DAM,RU_CLR_PRC,0,20
2025-12-05T14:00:00-00:00,2025-12-05T15:00:00-00:00,2025-12-05,7,0,Hourly,RU,AS_SP26,DAM,RU_CLR_PRC,0,20
2025-12-05T17:00:00-00:00,2025-12-05T18:00:00-00:00,2025-12-05,10,0,Hourly,RU,AS_NP26_EXP,DAM,RU_CLR_PRC,2.02942,20
2025-12-05T18:00:00-00:00,2025-12-05T19:00:00-00:00,2025-12-05,11,0,Hourly,RU,AS_NP26,DAM,RU_CLR_PRC,0,20
2025-12-05T18:00:00-00:00,2025-12-05T19:00:00-00:00,2025-12-05,11,0,Hourly,RU,AS_NP26_EXP,DAM,RU_CLR_PRC,0.32935,20
2025-12-05T23:00:00-00:00,2025-12-06T00:00:00-00:00,2025-12-05,16,0,Hourly,RU,AS_NP26_EXP,DAM,RU_CLR_PRC,0.13,20
2025-12-05T09:00:00-00:00,2025-12-05T10:00:00-00:00,2025-12-05,2,0,Hourly,RU,AS_CAISO,DAM,RU_CLR_PRC,0,20
2025-12-05T10:00:00-00:00,2025-12-05T11:00:00-00:00,2025-12-05,3,0,Hourly,RU,AS_CAISO,DAM,RU_CLR_PRC,0,20
2025-12-05T10:00:00-00:00,2025-12-05T11:00:00-00:00,2025-12-05,3,0,Hourly,RU,AS_NP26,DAM,RU_CLR_PRC,0,20
2025-12-06T13:00:00-00:00,2025-12-06T14:00:00-00:00,2025-12-06,6,0,Hourly,RU,AS_NP26_EXP,DAM,RU_CLR_PRC,0.71,21
2025-12-06T14:00:00-00:00,2025-12-06T15:00:00-00:00,2025-12-06,7,0,Hourly,RU,AS_SP26_EXP,DAM,RU_CLR_PRC,0,21
2025-12-06T15:00:00-00:00,2025-12-06T16:00:00-00:00,2025-12-06,8,0,Hourly,RU,AS_CAISO_EXP,DAM,RU_CLR_PRC,7.08731,21
2025-12-06T15:00:00-00:00,2025-12-06T16:00:00-00:00,2025-12-06,8,0,Hourly,RU,AS_SP26,DAM,RU_CLR_PRC,0,21
2025-12-06T16:00:00-00:00,2025-12-06T17:00:00-00:00,2025-12-06,9,0,Hourly,RU,AS_CAISO_EXP,DAM,RU_CLR_PRC,4.22931,21
2025-12-06T17:00:00-00:00,2025-12-06T18:00:00-00:00,2025-12-06,10,0,Hourly,RU,AS_NP26_EXP,DAM,RU_CLR_PRC,0.08,21
2025-12-06T18:00:00-00:00,2025-12-06T19:00:00-00:00,2025-12-06,11,0,Hourly,RU,AS_NP26_EXP,DAM,RU_CLR_PRC,1.62462,21
2025-12-06T20:00:00-00:00,2025-12-06T21:00:00-00:00,2025-12-06,13,0,Hourly,RU,AS_NP26,DAM,RU_CLR_PRC,0,21
2025-12-06T20:00:00-00:00,2025-12-06T21:00:00-00:00,2025-12-06,13,0,Hourly,RU,AS_SP26,DAM,RU_CLR_PRC,0,21
2025-12-06T22:00:00-00:00,2025-12-06T23:00:00-00:00,2025-12-06,15,0,Hourly,RU,AS_CAISO_EXP,DAM,RU_CLR_PRC,2,21
2025-12-07T02:00:00-00:00,2025-12-07T03:00:00-00:00,2025-12-06,19,0,Hourly,RU,AS_SP26_EXP,DAM,RU_CLR_PRC,0,21
2025-12-07T03:00:00-00:00,2025-12-07T04:00:00-00:00,2025-12-06,20,0,Hourly,RU,AS_CAISO,DAM,RU_CLR_PRC,0,21
2025-12-07T03:00:00-00:00,2025-12-07T04:00:00-00:00,2025-12-06,20,0,Hourly,RU,AS_CAISO_EXP,DAM,RU_CLR_PRC,0.19909,21
2025-12-07T04:00:00-00:00,2025-12-07T05:00:00-00:00,2025-12-06,21,0,Hourly,RU,AS_CAISO,DAM,RU_CLR_PRC,0,21
2025-12-07T04:00:00-00:00,2025-12-07T05:00:00-00:00,2025-12-06,21,0,Hourly,RU,AS_NP26_EXP,DAM,RU_CLR_PRC,1.83,21
2025-12-07T06:00:00-00:00,2025-12-07T07:00:00-00:00,2025-12-06,23,0,Hourly,RU,AS_NP26_EXP,DAM,RU_CLR_PRC,1.34368,21
2025-12-07T04:00:00-00:00,2025-12-07T05:00:00-00:00,2025-12-06,21,0,Hourly,RU,AS_SP26_EXP,DAM,RU_CLR_PRC,0,21
2025-12-07T05:00:00-00:00,2025-12-07T06:00:00-00:00,2025-12-06,22,0,Hourly,RU,AS_NP26,DAM,RU_CLR_PRC,0,21
2025-12-07T07:00:00-00:00,2025-12-07T08:00:00-00:00,2025-12-06,24,0,Hourly,RU,AS_NP26,DAM,RU_CLR_PRC,0,21
2025-12-06T08:00:00-00:00,2025-12-06T09:00:00-00:00,2025-12-06,1,0,Hourly,RU,AS_NP26,DAM,RU_CLR_PRC,0,21
2025-12-06T08:00:00-00:00,2025-12-06T09:00:00-00:00,2025-12-06,1,0,Hourly,RU,AS_NP26_EXP,DAM,RU_CLR_PRC,0.5,21
2025-12-06T12:00:00-00:00,2025-12-06T13:00:00-00:00,2025-12-06,5,0,Hourly,RU,AS_CAISO,DAM,RU_CLR_PRC,0,21
2025-12-06T13:00:00-00:00,2025-12-06T14:00:00-00:00,2025-12-06,6,0,Hourly,RU,AS_NP26,DAM,RU_CLR_PRC,0,21
2025-12-06T13:00:00-00:00,2025-12-06T14:00:00-00:00,2025-12-06,6,0,Hourly,RU,AS_SP26_EXP,DAM,RU_CLR_PRC,0,21
2025-12-06T15:00:00-00:00,2025-12-06T16:00:00-00:00,2025-12-06,8,0,Hourly,RU,AS_CAISO,DAM,RU_CLR_PRC,0,21
2025-12-06T17:00:00-00:00,2025-12-06T18:00:00-00:00,2025-12-06,10,0,Hourly,RU,AS_SP26,DAM,RU_CLR_PRC,0,21
2025-12-06T18:00:00-00:00,2025-12-06T19:00:00-00:00,2025-12-06,11,0,Hourly,RU,AS_CAISO,DAM,RU_CLR_PRC,0,21
2025-12-06T19:00:00-00:00,2025-12-06T20:00:00-00:00,2025-12-06,12,0,Hourly,RU,AS_SP26,DAM,RU_CLR_PRC,0,21
2025-12-06T21:00:00-00:00,2025-12-06T22:00:00-00:00,2025-12-06,14,0,Hourly,RU,AS_CAISO,DAM,RU_CLR_PRC,0,21
2025-12-06T22:00:00-00:00,2025-12-06T23:00:00-00:00,2025-12-06,15,0,Hourly,RU,AS_CAISO,DAM,RU_CLR_PRC,0,21
2025-12-06T22:00:00-00:00,2025-12-06T23:00:00-00:00,2025-12-06,15,0,Hourly,RU,AS_NP26,DAM,RU_CLR_PRC,0,21
2025-12-06T23:00:00-00:00,2025-12-07T00:00:00-00:00,2025-12-06,16,0,Hourly,RU,AS_CAISO_EXP,DAM,RU_CLR_PRC,1.1801,21
2025-12-07T01:00:00-00:00,2025-12-07T02:00:00-00:00,2025-12-06,18,0,Hourly,RU,AS_NP26_EXP,DAM,RU_CLR_PRC,0.39912,21
2025-12-07T03:00:00-00:00,2025-12-07T04:00:00-00:00,2025-12-06,20,0,Hourly,RU,AS_SP26,DAM,RU_CLR_PRC,0,21
2025-12-07T04:00:00-00:00,2025-12-07T05:00:00-00:00,2025-12-06,21,0,Hourly,RU,AS_CAISO_EXP,DAM,RU_CLR_PRC,0.17,21
2025-12-07T06:00:00-00:00,2025-12-07T07:00:00-00:00,2025-12-06,23,0,Hourly,RU,AS_SP26,DAM,RU_CLR_PRC,0,21
2025-12-07T04:00:00-00:00,2025-12-07T05:00:00-00:00,2025-12-06,21,0,Hourly,RU,AS_NP26,DAM,RU_CLR_PRC,0,21
2025-12-07T05:00:00-00:00,2025-12-07T06:00:00-00:00,2025-12-06,22,0,Hourly,RU,AS_NP26_EXP,DAM,RU_CLR_PRC,1.5753,21
2025-12-07T06:00:00-00:00,2025-12-07T07:00:00-00:00,2025-12-06,23,0,Hourly,RU,AS_CAISO_EXP,DAM,RU_CLR_PRC,0.54862,21
2025-12-07T06:00:00-00:00,2025-12-07T07:00:00-00:00,2025-12-06,23,0,Hourly,RU,AS_NP26,DAM,RU_CLR_PRC,0,21
2025-12-07T06:00:00-00:00,2025-12-07T07:00:00-00:00,2025-12-06,23,0,Hourly,RU,AS_SP26_EXP,DAM,RU_CLR_PRC,0,21
2025-12-07T07:00:00-00:00,2025-12-07T08:00:00-00:00,2025-12-06,24,0,Hourly,RU,AS_NP26_EXP,DAM,RU_CLR_PRC,1.21,21
2025-12-06T08:00:00-00:00,2025-12-06T09:00:00-00:00,2025-12-06,1,0,Hourly,RU,AS_CAISO_EXP,DAM,RU_CLR_PRC,3.22767,21
2025-12-06T08:00:00-00:00,2025-12-06T09:00:00-00:00,2025-12-06,1,0,Hourly,RU,AS_SP26_EXP,DAM,RU_CLR_PRC,0,21
2025-12-06T11:00:00-00:00,2025-12-06T12:00:00-00:00,2025-12-06,4,0,Hourly,RU,AS_CAISO_EXP,DAM,RU_CLR_PRC,0.3,21
2025-12-06T11:00:00-00:00,2025-12-06T12:00:00-00:00,2025-12-06,4,0,Hourly,RU,AS_NP26,DAM,RU_CLR_PRC,0,21
2025-12-06T11:00:00-00:00,2025-12-06T12:00:00-00:00,2025-12-06,4,0,Hourly,RU,AS_NP26_EXP,DAM,RU_CLR_PRC,0.42,21
2025-12-06T12:00:00-00:00,2025-12-06T13:00:00-00:00,2025-12-06,5,0,Hourly,RU,AS_SP26_EXP,DAM,RU_CLR_PRC,0,21
2025-12-06T13:00:00-00:00,2025-12-06T14:00:00-00:00,2025-12-06,6,0,Hourly,RU,AS_CAISO,DAM,RU_CLR_PRC,0,21
2025-12-06T16:00:00-00:00,2025-12-06T17:00:00-00:00,2025-12-06,9,0,Hourly,RU,AS_CAISO,DAM,RU_CLR_PRC,0,21
2025-12-06T16:00:00-00:00,2025-12-06T17:00:00-00:00,2025-12-06,9,0,Hourly,RU,AS_SP26,DAM,RU_CLR_PRC,0,21
2025-12-06T19:00:00-00:00,2025-12-06T20:00:00-00:00,2025-12-06,12,0,Hourly,RU,AS_SP26_EXP,DAM,RU_CLR_PRC,0,21
2025-12-06T23:00:00-00:00,2025-12-07T00:00:00-00:00,2025-12-06,16,0,Hourly,RU,AS_CAISO,DAM,RU_CLR_PRC,0,21
2025-12-06T23:00:00-00:00,2025-12-07T00:00:00-00:00,2025-12-06,16,0,Hourly,RU,AS_NP26_EXP,DAM,RU_CLR_PRC,0.13,21
2025-12-06T23:00:00-00:00,2025-12-07T00:00:00-00:00,2025-12-06,16,0,Hourly,RU,AS_SP26,DAM,RU_CLR_PRC,0,21
2025-12-07T00:00:00-00:00,2025-12-07T01:00:00-00:00,2025-12-06,17,0,Hourly,RU,AS_SP26,DAM,RU_CLR_PRC,0,21
2025-12-07T02:00:00-00:00,2025-12-07T03:00:00-00:00,2025-12-06,19,0,Hourly,RU,AS_CAISO,DAM,RU_CLR_PRC,0,21
2025-12-07T02:00:00-00:00,2025-12-07T03:00:00-00:00,2025-12-06,19,0,Hourly,RU,AS_SP26,DAM,RU_CLR_PRC,0,21
2025-12-06T09:00:00-00:00,2025-12-06T10:00:00-00:00,2025-12-06,2,0,Hourly,RU,AS_SP26_EXP,DAM,RU_CLR_PRC,0,21
2025-12-06T11:00:00-00:00,2025-12-06T12:00:00-00:00,2025-12-06,4,0,Hourly,RU,AS_CAISO,DAM,RU_CLR_PRC,0,21
2025-12-06T14:00:00-00:00,2025-12-06T15:00:00-00:00,2025-12-06,7,0,Hourly,RU,AS_CAISO_EXP,DAM,RU_CLR_PRC,6.34,21
2025-12-06T15:00:00-00:00,2025-12-06T16:00:00-00:00,2025-12-06,8,0,Hourly,RU,AS_NP26,DAM,RU_CLR_PRC,0,21
2025-12-06T16:00:00-00:00,2025-12-06T17:00:00-00:00,2025-12-06,9,0,Hourly,RU,AS_SP26_EXP,DAM,RU_CLR_PRC,0.4274,21
2025-12-06T19:00:00-00:00,2025-12-06T20:00:00-00:00,2025-12-06,12,0,Hourly,RU,AS_NP26_EXP,DAM,RU_CLR_PRC,0.74312,21
2025-12-06T21:00:00-00:00,2025-12-06T22:00:00-00:00,2025-12-06,14,0,Hourly,RU,AS_CAISO_EXP,DAM,RU_CLR_PRC,2.69264,21
2025-12-06T23:00:00-00:00,2025-12-07T00:00:00-00:00,2025-12-06,16,0,Hourly,RU,AS_SP26_EXP,DAM,RU_CLR_PRC,0,21
2025-12-07T00:00:00-00:00,2025-12-07T01:00:00-00:00,2025-12-06,17,0,Hourly,RU,AS_SP26_EXP,DAM,RU_CLR_PRC,0,21
2025-12-07T01:00:00-00:00,2025-12-07T02:00:00-00:00,2025-12-06,18,0,Hourly,RU,AS_SP26,DAM,RU_CLR_PRC,0,21
2025-12-07T03:00:00-00:00,2025-12-07T04:00:00-00:00,2025-12-06,20,0,Hourly,RU,AS_NP26_EXP,DAM,RU_CLR_PRC,0.30091,21
2025-12-07T05:00:00-00:00,2025-12-07T06:00:00-00:00,2025-12-06,22,0,Hourly,RU,AS_CAISO,DAM,RU_CLR_PRC,0,21
2025-12-07T05:00:00-00:00,2025-12-07T06:00:00-00:00,2025-12-06,22,0,Hourly,RU,AS_SP26_EXP,DAM,RU_CLR_PRC,0,21
2025-12-07T07:00:00-00:00,2025-12-07T08:00:00-00:00,2025-12-06,24,0,Hourly,RU,AS_SP26_EXP,DAM,RU_CLR_PRC,0,21
2025-12-06T08:00:00-00:00,2025-12-06T09:00:00-00:00,2025-12-06,1,0,Hourly,RU,AS_CAISO,DAM,RU_CLR_PRC,0,21
2025-12-06T08:00:00-00:00,2025-12-06T09:00:00-00:00,2025-12-06,1,0,Hourly,RU,AS_SP26,DAM,RU_CLR_PRC,0,21
2025-12-06T09:00:00-00:00,2025-12-06T10:00:00-00:00,2025-12-06,2,0,Hourly,RU,AS_CAISO_EXP,DAM,RU_CLR_PRC,0.41,21
2025-12-06T10:00:00-00:00,2025-12-06T11:00:00-00:00,2025-12-06,3,0,Hourly,RU,AS_CAISO_EXP,DAM,RU_CLR_PRC,0.65443,21
2025-12-06T10:00:00-00:00,2025-12-06T11:00:00-00:00,2025-12-06,3,0,Hourly,RU,AS_NP26_EXP,DAM,RU_CLR_PRC,0.06557,21
2025-12-06T10:00:00-00:00,2025-12-06T11:00:00-00:00,2025-12-06,3,0,Hourly,RU,AS_SP26_EXP,DAM,RU_CLR_PRC,0,21
2025-12-06T12:00:00-00:00,2025-12-06T13:00:00-00:00,2025-12-06,5,0,Hourly,RU,AS_NP26,DAM,RU_CLR_PRC,0,21
2025-12-06T13:00:00-00:00,2025-12-06T14:00:00-00:00,2025-12-06,6,0,Hourly,RU,AS_CAISO_EXP,DAM,RU_CLR_PRC,0.41,21
2025-12-06T09:00:00-00:00,2025-12-06T10:00:00-00:00,2025-12-06,2,0,Hourly,RU,AS_CAISO,DAM,RU_CLR_PRC,0,21
2025-12-06T10:00:00-00:00,2025-12-06T11:00:00-00:00,2025-12-06,3,0,Hourly,RU,AS_NP26,DAM,RU_CLR_PRC,0,21
2025-12-06T11:00:00-00:00,2025-12-06T12:00:00-00:00,2025-12-06,4,0,Hourly,RU,AS_SP26,DAM,RU_CLR_PRC,0,21
2025-12-06T12:00:00-00:00,2025-12-06T13:00:00-00:00,2025-12-06,5,0,Hourly,RU,AS_NP26_EXP,DAM,RU_CLR_PRC,0.19,21
2025-12-06T17:00:00-00:00,2025-12-06T18:00:00-00:00,2025-12-06,10,0,Hourly,RU,AS_CAISO,DAM,RU_CLR_PRC,0,21
2025-12-06T19:00:00-00:00,2025-12-06T20:00:00-00:00,2025-12-06,12,0,Hourly,RU,AS_CAISO,DAM,RU_CLR_PRC,0,21
2025-12-06T20:00:00-00:00,2025-12-06T21:00:00-00:00,2025-12-06,13,0,Hourly,RU,AS_CAISO,DAM,RU_CLR_PRC,0,21
2025-12-06T21:00:00-00:00,2025-12-06T22:00:00-00:00,2025-12-06,14,0,Hourly,RU,AS_SP26_EXP,DAM,RU_CLR_PRC,0,21
2025-12-06T22:00:00-00:00,2025-12-06T23:00:00-00:00,2025-12-06,15,0,Hourly,RU,AS_SP26,DAM,RU_CLR_PRC,0,21
2025-12-07T00:00:00-00:00,2025-12-07T01:00:00-00:00,2025-12-06,17,0,Hourly,RU,AS_CAISO,DAM,RU_CLR_PRC,0,21
2025-12-07T00:00:00-00:00,2025-12-07T01:00:00-00:00,2025-12-06,17,0,Hourly,RU,AS_CAISO_EXP,DAM,RU_CLR_PRC,0.17,21
2025-12-07T00:00:00-00:00,2025-12-07T01:00:00-00:00,2025-12-06,17,0,Hourly,RU,AS_NP26_EXP,DAM,RU_CLR_PRC,0.33,21
2025-12-07T07:00:00-00:00,2025-12-07T08:00:00-00:00,2025-12-06,24,0,Hourly,RU,AS_CAISO_EXP,DAM,RU_CLR_PRC,0.79,21
2025-12-06T10:00:00-00:00,2025-12-06T11:00:00-00:00,2025-12-06,3,0,Hourly,RU,AS_SP26,DAM,RU_CLR_PRC,0,21
2025-12-06T11:00:00-00:00,2025-12-06T12:00:00-00:00,2025-12-06,4,0,Hourly,RU,AS_SP26_EXP,DAM,RU_CLR_PRC,0,21
2025-12-06T13:00:00-00:00,2025-12-06T14:00:00-00:00,2025-12-06,6,0,Hourly,RU,AS_SP26,DAM,RU_CLR_PRC,0,21
2025-12-06T14:00:00-00:00,2025-12-06T15:00:00-00:00,2025-12-06,7,0,Hourly,RU,AS_CAISO,DAM,RU_CLR_PRC,0,21
2025-12-06T14:00:00-00:00,2025-12-06T15:00:00-00:00,2025-12-06,7,0,Hourly,RU,AS_NP26,DAM,RU_CLR_PRC,0,21
2025-12-06T15:00:00-00:00,2025-12-06T16:00:00-00:00,2025-12-06,8,0,Hourly,RU,AS_NP26_EXP,DAM,RU_CLR_PRC,0,21
2025-12-06T16:00:00-00:00,2025-12-06T17:00:00-00:00,2025-12-06,9,0,Hourly,RU,AS_NP26,DAM,RU_CLR_PRC,0,21
2025-12-06T16:00:00-00:00,2025-12-06T17:00:00-00:00,2025-12-06,9,0,Hourly,RU,AS_NP26_EXP,DAM,RU_CLR_PRC,0,21
2025-12-06T17:00:00-00:00,2025-12-06T18:00:00-00:00,2025-12-06,10,0,Hourly,RU,AS_CAISO_EXP,DAM,RU_CLR_PRC,2.59767,21
2025-12-06T18:00:00-00:00,2025-12-06T19:00:00-00:00,2025-12-06,11,0,Hourly,RU,AS_SP26,DAM,RU_CLR_PRC,0,21
2025-12-06T20:00:00-00:00,2025-12-06T21:00:00-00:00,2025-12-06,13,0,Hourly,RU,AS_NP26_EXP,DAM,RU_CLR_PRC,0,21
2025-12-06T20:00:00-00:00,2025-12-06T21:00:00-00:00,2025-12-06,13,0,Hourly,RU,AS_SP26_EXP,DAM,RU_CLR_PRC,0,21
2025-12-06T21:00:00-00:00,2025-12-06T22:00:00-00:00,2025-12-06,14,0,Hourly,RU,AS_SP26,DAM,RU_CLR_PRC,0,21
2025-12-06T22:00:00-00:00,2025-12-06T23:00:00-00:00,2025-12-06,15,0,Hourly,RU,AS_SP26_EXP,DAM,RU_CLR_PRC,0,21
2025-12-07T01:00:00-00:00,2025-12-07T02:00:00-00:00,2025-12-06,18,0,Hourly,RU,AS_CAISO_EXP,DAM,RU_CLR_PRC,0.56,21
2025-12-07T02:00:00-00:00,2025-12-07T03:00:00-00:00,2025-12-06,19,0,Hourly,RU,AS_NP26_EXP,DAM,RU_CLR_PRC,1.83,21
2025-12-07T03:00:00-00:00,2025-12-07T04:00:00-00:00,2025-12-06,20,0,Hourly,RU,AS_SP26_EXP,DAM,RU_CLR_PRC,0,21
2025-12-07T05:00:00-00:00,2025-12-07T06:00:00-00:00,2025-12-06,22,0,Hourly,RU,AS_CAISO_EXP,DAM,RU_CLR_PRC,0.17,21
2025-12-07T05:00:00-00:00,2025-12-07T06:00:00-00:00,2025-12-06,22,0,Hourly,RU,AS_SP26,DAM,RU_CLR_PRC,0,21
2025-12-06T09:00:00-00:00,2025-12-06T10:00:00-00:00,2025-12-06,2,0,Hourly,RU,AS_NP26_EXP,DAM,RU_CLR_PRC,1.59,21
2025-12-06T10:00:00-00:00,2025-12-06T11:00:00-00:00,2025-12-06,3,0,Hourly,RU,AS_CAISO,DAM,RU_CLR_PRC,0,21
2025-12-06T12:00:00-00:00,2025-12-06T13:00:00-00:00,2025-12-06,5,0,Hourly,RU,AS_CAISO_EXP,DAM,RU_CLR_PRC,0.3,21
2025-12-06T12:00:00-00:00,2025-12-06T13:00:00-00:00,2025-12-06,5,0,Hourly,RU,AS_SP26,DAM,RU_CLR_PRC,0,21
2025-12-06T14:00:00-00:00,2025-12-06T15:00:00-00:00,2025-12-06,7,0,Hourly,RU,AS_NP26_EXP,DAM,RU_CLR_PRC,0,21
2025-12-06T17:00:00-00:00,2025-12-06T18:00:00-00:00,2025-12-06,10,0,Hourly,RU,AS_SP26_EXP,DAM,RU_CLR_PRC,0,21
2025-12-06T18:00:00-00:00,2025-12-06T19:00:00-00:00,2025-12-06,11,0,Hourly,RU,AS_CAISO_EXP,DAM,RU_CLR_PRC,0.17,21
2025-12-06T18:00:00-00:00,2025-12-06T19:00:00-00:00,2025-12-06,11,0,Hourly,RU,AS_NP26,DAM,RU_CLR_PRC,0,21
2025-12-06T18:00:00-00:00,2025-12-06T19:00:00-00:00,2025-12-06,11,0,Hourly,RU,AS_SP26_EXP,DAM,RU_CLR_PRC,0,21
2025-12-06T19:00:00-00:00,2025-12-06T20:00:00-00:00,2025-12-06,12,0,Hourly,RU,AS_CAISO_EXP,DAM,RU_CLR_PRC,1.01,21
2025-12-06T19:00:00-00:00,2025-12-06T20:00:00-00:00,2025-12-06,12,0,Hourly,RU,AS_NP26,DAM,RU_CLR_PRC,0,21
2025-12-06T20:00:00-00:00,2025-12-06T21:00:00-00:00,2025-12-06,13,0,Hourly,RU,AS_CAISO_EXP,DAM,RU_CLR_PRC,1.81713,21
2025-12-06T23:00:00-00:00,2025-12-07T00:00:00-00:00,2025-12-06,16,0,Hourly,RU,AS_NP26,DAM,RU_CLR_PRC,0,21
2025-12-07T01:00:00-00:00,2025-12-07T02:00:00-00:00,2025-12-06,18,0,Hourly,RU,AS_CAISO,DAM,RU_CLR_PRC,0,21
2025-12-07T02:00:00-00:00,2025-12-07T03:00:00-00:00,2025-12-06,19,0,Hourly,RU,AS_CAISO_EXP,DAM,RU_CLR_PRC,0.17,21
2025-12-07T02:00:00-00:00,2025-12-07T03:00:00-00:00,2025-12-06,19,0,Hourly,RU,AS_NP26,DAM,RU_CLR_PRC,0,21
2025-12-07T03:00:00-00:00,2025-12-07T04:00:00-00:00,2025-12-06,20,0,Hourly,RU,AS_NP26,DAM,RU_CLR_PRC,0,21
2025-12-07T06:00:00-00:00,2025-12-07T07:00:00-00:00,2025-12-06,23,0,Hourly,RU,AS_CAISO,DAM,RU_CLR_PRC,0,21
2025-12-07T07:00:00-00:00,2025-12-07T08:00:00-00:00,2025-12-06,24,0,Hourly,RU,AS_CAISO,DAM,RU_CLR_PRC,0,21
2025-12-07T07:00:00-00:00,2025-12-07T08:00:00-00:00,2025-12-06,24,0,Hourly,RU,AS_SP26,DAM,RU_CLR_PRC,0,21
2025-12-06T09:00:00-00:00,2025-12-06T10:00:00-00:00,2025-12-06,2,0,Hourly,RU,AS_NP26,DAM,RU_CLR_PRC,0,21
2025-12-06T09:00:00-00:00,2025-12-06T10:00:00-00:00,2025-12-06,2,0,Hourly,RU,AS_SP26,DAM,RU_CLR_PRC,0,21
2025-12-06T14:00:00-00:00,2025-12-06T15:00:00-00:00,2025-12-06,7,0,Hourly,RU,AS_SP26,DAM,RU_CLR_PRC,0,21
2025-12-06T15:00:00-00:00,2025-12-06T16:00:00-00:00,2025-12-06,8,0,Hourly,RU,AS_SP26_EXP,DAM,RU_CLR_PRC,3.41269,21
2025-12-06T17:00:00-00:00,2025-12-06T18:00:00-00:00,2025-12-06,10,0,Hourly,RU,AS_NP26,DAM,RU_CLR_PRC,0,21
2025-12-06T21:00:00-00:00,2025-12-06T22:00:00-00:00,2025-12-06,14,0,Hourly,RU,AS_NP26,DAM,RU_CLR_PRC,0,21
2025-12-06T21:00:00-00:00,2025-12-06T22:00:00-00:00,2025-12-06,14,0,Hourly,RU,AS_NP26_EXP,DAM,RU_CLR_PRC,0,21
2025-12-06T22:00:00-00:00,2025-12-06T23:00:00-00:00,2025-12-06,15,0,Hourly,RU,AS_NP26_EXP,DAM,RU_CLR_PRC,3.18978,21
2025-12-07T00:00:00-00:00,2025-12-07T01:00:00-00:00,2025-12-06,17,0,Hourly,RU,AS_NP26,DAM,RU_CLR_PRC,0,21
2025-12-07T01:00:00-00:00,2025-12-07T02:00:00-00:00,2025-12-06,18,0,Hourly,RU,AS_NP26,DAM,RU_CLR_PRC,0,21
2025-12-07T01:00:00-00:00,2025-12-07T02:00:00-00:00,2025-12-06,18,0,Hourly,RU,AS_SP26_EXP,DAM,RU_CLR_PRC,0,21
2025-12-07T04:00:00-00:00,2025-12-07T05:00:00-00:00,2025-12-06,21,0,Hourly,RU,AS_SP26,DAM,RU_CLR_PRC,0,21
2025-12-07T12:00:00-00:00,2025-12-07T13:00:00-00:00,2025-12-07,5,0,Hourly,RU,AS_CAISO,DAM,RU_CLR_PRC,0,22
2025-12-07T12:00:00-00:00,2025-12-07T13:00:00-00:00,2025-12-07,5,0,Hourly,RU,AS_CAISO_EXP,DAM,RU_CLR_PRC,0.45904,22
2025-12-07T14:00:00-00:00,2025-12-07T15:00:00-00:00,2025-12-07,7,0,Hourly,RU,AS_CAISO_EXP,DAM,RU_CLR_PRC,3.97142,22
2025-12-07T15:00:00-00:00,2025-12-07T16:00:00-00:00,2025-12-07,8,0,Hourly,RU,AS_NP26,DAM,RU_CLR_PRC,0,22
2025-12-07T18:00:00-00:00,2025-12-07T19:00:00-00:00,2025-12-07,11,0,Hourly,RU,AS_CAISO,DAM,RU_CLR_PRC,0,22
2025-12-07T19:00:00-00:00,2025-12-07T20:00:00-00:00,2025-12-07,12,0,Hourly,RU,AS_CAISO_EXP,DAM,RU_CLR_PRC,0.62,22
2025-12-07T19:00:00-00:00,2025-12-07T20:00:00-00:00,2025-12-07,12,0,Hourly,RU,AS_NP26,DAM,RU_CLR_PRC,0,22
2025-12-07T20:00:00-00:00,2025-12-07T21:00:00-00:00,2025-12-07,13,0,Hourly,RU,AS_CAISO,DAM,RU_CLR_PRC,0,22
2025-12-07T22:00:00-00:00,2025-12-07T23:00:00-00:00,2025-12-07,15,0,Hourly,RU,AS_NP26_EXP,DAM,RU_CLR_PRC,3.14454,22
2025-12-07T23:00:00-00:00,2025-12-08T00:00:00-00:00,2025-12-07,16,0,Hourly,RU,AS_CAISO_EXP,DAM,RU_CLR_PRC,0.96,22
2025-12-08T00:00:00-00:00,2025-12-08T01:00:00-00:00,2025-12-07,17,0,Hourly,RU,AS_NP26,DAM,RU_CLR_PRC,0,22
2025-12-08T02:00:00-00:00,2025-12-08T03:00:00-00:00,2025-12-07,19,0,Hourly,RU,AS_NP26_EXP,DAM,RU_CLR_PRC,1.14904,22
2025-12-08T03:00:00-00:00,2025-12-08T04:00:00-00:00,2025-12-07,20,0,Hourly,RU,AS_CAISO,DAM,RU_CLR_PRC,0,22
2025-12-08T03:00:00-00:00,2025-12-08T04:00:00-00:00,2025-12-07,20,0,Hourly,RU,AS_SP26_EXP,DAM,RU_CLR_PRC,0,22
2025-12-08T06:00:00-00:00,2025-12-08T07:00:00-00:00,2025-12-07,23,0,Hourly,RU,AS_CAISO_EXP,DAM,RU_CLR_PRC,1.12199,22
2025-12-07T08:00:00-00:00,2025-12-07T09:00:00-00:00,2025-12-07,1,0,Hourly,RU,AS_NP26_EXP,DAM,RU_CLR_PRC,0.5,22
2025-12-07T08:00:00-00:00,2025-12-07T09:00:00-00:00,2025-12-07,1,0,Hourly,RU,AS_SP26,DAM,RU_CLR_PRC,0,22
2025-12-07T09:00:00-00:00,2025-12-07T10:00:00-00:00,2025-12-07,2,0,Hourly,RU,AS_NP26_EXP,DAM,RU_CLR_PRC,0,22
2025-12-07T15:00:00-00:00,2025-12-07T16:00:00-00:00,2025-12-07,8,0,Hourly,RU,AS_CAISO_EXP,DAM,RU_CLR_PRC,3.65581,22
2025-12-07T15:00:00-00:00,2025-12-07T16:00:00-00:00,2025-12-07,8,0,Hourly,RU,AS_SP26,DAM,RU_CLR_PRC,0,22
2025-12-07T17:00:00-00:00,2025-12-07T18:00:00-00:00,2025-12-07,10,0,Hourly,RU,AS_NP26_EXP,DAM,RU_CLR_PRC,1.43655,22
2025-12-07T18:00:00-00:00,2025-12-07T19:00:00-00:00,2025-12-07,11,0,Hourly,RU,AS_SP26,DAM,RU_CLR_PRC,0,22
2025-12-07T20:00:00-00:00,2025-12-07T21:00:00-00:00,2025-12-07,13,0,Hourly,RU,AS_NP26_EXP,DAM,RU_CLR_PRC,0,22
2025-12-07T21:00:00-00:00,2025-12-07T22:00:00-00:00,2025-12-07,14,0,Hourly,RU,AS_NP26,DAM,RU_CLR_PRC,0,22
2025-12-07T21:00:00-00:00,2025-12-07T22:00:00-00:00,2025-12-07,14,0,Hourly,RU,AS_SP26_EXP,DAM,RU_CLR_PRC,0,22
2025-12-08T00:00:00-00:00,2025-12-08T01:00:00-00:00,2025-12-07,17,0,Hourly,RU,AS_CAISO,DAM,RU_CLR_PRC,0,22
2025-12-08T00:00:00-00:00,2025-12-08T01:00:00-00:00,2025-12-07,17,0,Hourly,RU,AS_SP26_EXP,DAM,RU_CLR_PRC,0,22
2025-12-08T02:00:00-00:00,2025-12-08T03:00:00-00:00,2025-12-07,19,0,Hourly,RU,AS_SP26,DAM,RU_CLR_PRC,0,22
2025-12-08T03:00:00-00:00,2025-12-08T04:00:00-00:00,2025-12-07,20,0,Hourly,RU,AS_CAISO_EXP,DAM,RU_CLR_PRC,0.17,22
2025-12-08T04:00:00-00:00,2025-12-08T05:00:00-00:00,2025-12-07,21,0,Hourly,RU,AS_CAISO_EXP,DAM,RU_CLR_PRC,0.18,22
2025-12-07T10:00:00-00:00,2025-12-07T11:00:00-00:00,2025-12-07,3,0,Hourly,RU,AS_CAISO_EXP,DAM,RU_CLR_PRC,0.5,22
2025-12-07T12:00:00-00:00,2025-12-07T13:00:00-00:00,2025-12-07,5,0,Hourly,RU,AS_SP26_EXP,DAM,RU_CLR_PRC,0,22
2025-12-07T13:00:00-00:00,2025-12-07T14:00:00-00:00,2025-12-07,6,0,Hourly,RU,AS_CAISO_EXP,DAM,RU_CLR_PRC,0.47841,22
2025-12-07T15:00:00-00:00,2025-12-07T16:00:00-00:00,2025-12-07,8,0,Hourly,RU,AS_SP26_EXP,DAM,RU_CLR_PRC,0,22
2025-12-07T16:00:00-00:00,2025-12-07T17:00:00-00:00,2025-12-07,9,0,Hourly,RU,AS_CAISO,DAM,RU_CLR_PRC,0,22
2025-12-07T16:00:00-00:00,2025-12-07T17:00:00-00:00,2025-12-07,9,0,Hourly,RU,AS_NP26_EXP,DAM,RU_CLR_PRC,0.96138,22
2025-12-07T16:00:00-00:00,2025-12-07T17:00:00-00:00,2025-12-07,9,0,Hourly,RU,AS_SP26,DAM,RU_CLR_PRC,0,22
2025-12-07T17:00:00-00:00,2025-12-07T18:00:00-00:00,2025-12-07,10,0,Hourly,RU,AS_NP26,DAM,RU_CLR_PRC,0,22
2025-12-07T18:00:00-00:00,2025-12-07T19:00:00-00:00,2025-12-07,11,0,Hourly,RU,AS_NP26,DAM,RU_CLR_PRC,0,22
2025-12-07T19:00:00-00:00,2025-12-07T20:00:00-00:00,2025-12-07,12,0,Hourly,RU,AS_SP26,DAM,RU_CLR_PRC,0,22
2025-12-07T20:00:00-00:00,2025-12-07T21:00:00-00:00,2025-12-07,13,0,Hourly,RU,AS_NP26,DAM,RU_CLR_PRC,0,22
2025-12-07T21:00:00-00:00,2025-12-07T22:00:00-00:00,2025-12-07,14,0,Hourly,RU,AS_CAISO_EXP,DAM,RU_CLR_PRC,1.63597,22
2025-12-07T21:00:00-00:00,2025-12-07T22:00:00-00:00,2025-12-07,14,0,Hourly,RU,AS_SP26,DAM,RU_CLR_PRC,0,22
2025-12-07T22:00:00-00:00,2025-12-07T23:00:00-00:00,2025-12-07,15,0,Hourly,RU,AS_CAISO,DAM,RU_CLR_PRC,0,22
2025-12-07T22:00:00-00:00,2025-12-07T23:00:00-00:00,2025-12-07,15,0,Hourly,RU,AS_SP26_EXP,DAM,RU_CLR_PRC,0,22
2025-12-07T23:00:00-00:00,2025-12-08T00:00:00-00:00,2025-12-07,16,0,Hourly,RU,AS_SP26,DAM,RU_CLR_PRC,0,22
2025-12-08T01:00:00-00:00,2025-12-08T02:00:00-00:00,2025-12-07,18,0,Hourly,RU,AS_CAISO,DAM,RU_CLR_PRC,0,22
2025-12-08T01:00:00-00:00,2025-12-08T02:00:00-00:00,2025-12-07,18,0,Hourly,RU,AS_NP26,DAM,RU_CLR_PRC,0,22
2025-12-08T04:00:00-00:00,2025-12-08T05:00:00-00:00,2025-12-07,21,0,Hourly,RU,AS_CAISO,DAM,RU_CLR_PRC,0,22
2025-12-08T04:00:00-00:00,2025-12-08T05:00:00-00:00,2025-12-07,21,0,Hourly,RU,AS_SP26,DAM,RU_CLR_PRC,0,22
2025-12-08T05:00:00-00:00,2025-12-08T06:00:00-00:00,2025-12-07,22,0,Hourly,RU,AS_NP26,DAM,RU_CLR_PRC,0,22
2025-12-08T07:00:00-00:00,2025-12-08T08:00:00-00:00,2025-12-07,24,0,Hourly,RU,AS_SP26,DAM,RU_CLR_PRC,0,22
2025-12-07T16:00:00-00:00,2025-12-07T17:00:00-00:00,2025-12-07,9,0,Hourly,RU,AS_SP26_EXP,DAM,RU_CLR_PRC,0,22
2025-12-07T17:00:00-00:00,2025-12-07T18:00:00-00:00,2025-12-07,10,0,Hourly,RU,AS_CAISO,DAM,RU_CLR_PRC,0,22
2025-12-07T17:00:00-00:00,2025-12-07T18:00:00-00:00,2025-12-07,10,0,Hourly,RU,AS_CAISO_EXP,DAM,RU_CLR_PRC,0.17,22
2025-12-07T21:00:00-00:00,2025-12-07T22:00:00-00:00,2025-12-07,14,0,Hourly,RU,AS_CAISO,DAM,RU_CLR_PRC,0,22
2025-12-07T21:00:00-00:00,2025-12-07T22:00:00-00:00,2025-12-07,14,0,Hourly,RU,AS_NP26_EXP,DAM,RU_CLR_PRC,0,22
2025-12-07T22:00:00-00:00,2025-12-07T23:00:00-00:00,2025-12-07,15,0,Hourly,RU,AS_SP26,DAM,RU_CLR_PRC,0,22
2025-12-07T23:00:00-00:00,2025-12-08T00:00:00-00:00,2025-12-07,16,0,Hourly,RU,AS_NP26,DAM,RU_CLR_PRC,0,22
2025-12-08T00:00:00-00:00,2025-12-08T01:00:00-00:00,2025-12-07,17,0,Hourly,RU,AS_NP26_EXP,DAM,RU_CLR_PRC,0.09654,22
2025-12-08T02:00:00-00:00,2025-12-08T03:00:00-00:00,2025-12-07,19,0,Hourly,RU,AS_CAISO,DAM,RU_CLR_PRC,0,22
2025-12-08T03:00:00-00:00,2025-12-08T04:00:00-00:00,2025-12-07,20,0,Hourly,RU,AS_NP26_EXP,DAM,RU_CLR_PRC,1.83,22
2025-12-08T03:00:00-00:00,2025-12-08T04:00:00-00:00,2025-12-07,20,0,Hourly,RU,AS_SP26,DAM,RU_CLR_PRC,0,22
2025-12-08T05:00:00-00:00,2025-12-08T06:00:00-00:00,2025-12-07,22,0,Hourly,RU,AS_NP26_EXP,DAM,RU_CLR_PRC,1.2961,22
2025-12-08T05:00:00-00:00,2025-12-08T06:00:00-00:00,2025-12-07,22,0,Hourly,RU,AS_SP26,DAM,RU_CLR_PRC,0,22
2025-12-08T06:00:00-00:00,2025-12-08T07:00:00-00:00,2025-12-07,23,0,Hourly,RU,AS_NP26_EXP,DAM,RU_CLR_PRC,0.87801,22
2025-12-08T06:00:00-00:00,2025-12-08T07:00:00-00:00,2025-12-07,23,0,Hourly,RU,AS_SP26,DAM,RU_CLR_PRC,0,22
2025-12-08T07:00:00-00:00,2025-12-08T08:00:00-00:00,2025-12-07,24,0,Hourly,RU,AS_NP26,DAM,RU_CLR_PRC,0,22
2025-12-07T08:00:00-00:00,2025-12-07T09:00:00-00:00,2025-12-07,1,0,Hourly,RU,AS_CAISO_EXP,DAM,RU_CLR_PRC,2,22
2025-12-07T09:00:00-00:00,2025-12-07T10:00:00-00:00,2025-12-07,2,0,Hourly,RU,AS_CAISO,DAM,RU_CLR_PRC,0,22
2025-12-07T09:00:00-00:00,2025-12-07T10:00:00-00:00,2025-12-07,2,0,Hourly,RU,AS_CAISO_EXP,DAM,RU_CLR_PRC,2,22
2025-12-07T09:00:00-00:00,2025-12-07T10:00:00-00:00,2025-12-07,2,0,Hourly,RU,AS_NP26,DAM,RU_CLR_PRC,0,22
2025-12-07T10:00:00-00:00,2025-12-07T11:00:00-00:00,2025-12-07,3,0,Hourly,RU,AS_SP26,DAM,RU_CLR_PRC,0,22
2025-12-07T14:00:00-00:00,2025-12-07T15:00:00-00:00,2025-12-07,7,0,Hourly,RU,AS_NP26,DAM,RU_CLR_PRC,0,22
2025-12-07T14:00:00-00:00,2025-12-07T15:00:00-00:00,2025-12-07,7,0,Hourly,RU,AS_NP26_EXP,DAM,RU_CLR_PRC,0,22
2025-12-07T14:00:00-00:00,2025-12-07T15:00:00-00:00,2025-12-07,7,0,Hourly,RU,AS_SP26,DAM,RU_CLR_PRC,0,22
2025-12-07T09:00:00-00:00,2025-12-07T10:00:00-00:00,2025-12-07,2,0,Hourly,RU,AS_SP26,DAM,RU_CLR_PRC,0,22
2025-12-07T10:00:00-00:00,2025-12-07T11:00:00-00:00,2025-12-07,3,0,Hourly,RU,AS_CAISO,DAM,RU_CLR_PRC,0,22
2025-12-07T10:00:00-00:00,2025-12-07T11:00:00-00:00,2025-12-07,3,0,Hourly,RU,AS_NP26_EXP,DAM,RU_CLR_PRC,1.39337,22
2025-12-07T11:00:00-00:00,2025-12-07T12:00:00-00:00,2025-12-07,4,0,Hourly,RU,AS_CAISO_EXP,DAM,RU_CLR_PRC,0.56,22
2025-12-07T08:00:00-00:00,2025-12-07T09:00:00-00:00,2025-12-07,1,0,Hourly,RU,AS_CAISO,DAM,RU_CLR_PRC,0,22
2025-12-07T11:00:00-00:00,2025-12-07T12:00:00-00:00,2025-12-07,4,0,Hourly,RU,AS_CAISO,DAM,RU_CLR_PRC,0,22
2025-12-07T10:00:00-00:00,2025-12-07T11:00:00-00:00,2025-12-07,3,0,Hourly,RU,AS_SP26_EXP,DAM,RU_CLR_PRC,0,22
2025-12-07T12:00:00-00:00,2025-12-07T13:00:00-00:00,2025-12-07,5,0,Hourly,RU,AS_NP26_EXP,DAM,RU_CLR_PRC,0.56233,22
2025-12-07T14:00:00-00:00,2025-12-07T15:00:00-00:00,2025-12-07,7,0,Hourly,RU,AS_CAISO,DAM,RU_CLR_PRC,0,22
2025-12-07T14:00:00-00:00,2025-12-07T15:00:00-00:00,2025-12-07,7,0,Hourly,RU,AS_SP26_EXP,DAM,RU_CLR_PRC,0,22
2025-12-07T15:00:00-00:00,2025-12-07T16:00:00-00:00,2025-12-07,8,0,Hourly,RU,AS_CAISO,DAM,RU_CLR_PRC,0,22
2025-12-07T17:00:00-00:00,2025-12-07T18:00:00-00:00,2025-12-07,10,0,Hourly,RU,AS_SP26_EXP,DAM,RU_CLR_PRC,0,22
2025-12-07T18:00:00-00:00,2025-12-07T19:00:00-00:00,2025-12-07,11,0,Hourly,RU,AS_CAISO_EXP,DAM,RU_CLR_PRC,0.17,22
2025-12-07T19:00:00-00:00,2025-12-07T20:00:00-00:00,2025-12-07,12,0,Hourly,RU,AS_SP26_EXP,DAM,RU_CLR_PRC,0,22
2025-12-08T00:00:00-00:00,2025-12-08T01:00:00-00:00,2025-12-07,17,0,Hourly,RU,AS_SP26,DAM,RU_CLR_PRC,0,22
2025-12-08T04:00:00-00:00,2025-12-08T05:00:00-00:00,2025-12-07,21,0,Hourly,RU,AS_SP26_EXP,DAM,RU_CLR_PRC,0,22
2025-12-08T05:00:00-00:00,2025-12-08T06:00:00-00:00,2025-12-07,22,0,Hourly,RU,AS_SP26_EXP,DAM,RU_CLR_PRC,0,22
2025-12-07T10:00:00-00:00,2025-12-07T11:00:00-00:00,2025-12-07,3,0,Hourly,RU,AS_NP26,DAM,RU_CLR_PRC,0,22
2025-12-07T11:00:00-00:00,2025-12-07T12:00:00-00:00,2025-12-07,4,0,Hourly,RU,AS_NP26,DAM,RU_CLR_PRC,0,22
2025-12-07T11:00:00-00:00,2025-12-07T12:00:00-00:00,2025-12-07,4,0,Hourly,RU,AS_SP26_EXP,DAM,RU_CLR_PRC,0,22
2025-12-07T13:00:00-00:00,2025-12-07T14:00:00-00:00,2025-12-07,6,0,Hourly,RU,AS_SP26_EXP,DAM,RU_CLR_PRC,0,22
2025-12-07T15:00:00-00:00,2025-12-07T16:00:00-00:00,2025-12-07,8,0,Hourly,RU,AS_NP26_EXP,DAM,RU_CLR_PRC,0,22
2025-12-07T18:00:00-00:00,2025-12-07T19:00:00-00:00,2025-12-07,11,0,Hourly,RU,AS_NP26_EXP,DAM,RU_CLR_PRC,1.477,22
2025-12-07T18:00:00-00:00,2025-12-07T19:00:00-00:00,2025-12-07,11,0,Hourly,RU,AS_SP26_EXP,DAM,RU_CLR_PRC,0,22
2025-12-07T20:00:00-00:00,2025-12-07T21:00:00-00:00,2025-12-07,13,0,Hourly,RU,AS_CAISO_EXP,DAM,RU_CLR_PRC,2.18951,22
2025-12-07T23:00:00-00:00,2025-12-08T00:00:00-00:00,2025-12-07,16,0,Hourly,RU,AS_NP26_EXP,DAM,RU_CLR_PRC,0.21467,22
2025-12-08T01:00:00-00:00,2025-12-08T02:00:00-00:00,2025-12-07,18,0,Hourly,RU,AS_NP26_EXP,DAM,RU_CLR_PRC,0.66032,22
2025-12-08T02:00:00-00:00,2025-12-08T03:00:00-00:00,2025-12-07,19,0,Hourly,RU,AS_NP26,DAM,RU_CLR_PRC,0,22
2025-12-08T02:00:00-00:00,2025-12-08T03:00:00-00:00,2025-12-07,19,0,Hourly,RU,AS_SP26_EXP,DAM,RU_CLR_PRC,0,22
2025-12-08T05:00:00-00:00,2025-12-08T06:00:00-00:00,2025-12-07,22,0,Hourly,RU,AS_CAISO,DAM,RU_CLR_PRC,0,22
2025-12-07T13:00:00-00:00,2025-12-07T14:00:00-00:00,2025-12-07,6,0,Hourly,RU,AS_NP26_EXP,DAM,RU_CLR_PRC,0,22
2025-12-07T13:00:00-00:00,2025-12-07T14:00:00-00:00,2025-12-07,6,0,Hourly,RU,AS_SP26,DAM,RU_CLR_PRC,0,22
2025-12-07T16:00:00-00:00,2025-12-07T17:00:00-00:00,2025-12-07,9,0,Hourly,RU,AS_CAISO_EXP,DAM,RU_CLR_PRC,0.57531,22
2025-12-07T17:00:00-00:00,2025-12-07T18:00:00-00:00,2025-12-07,10,0,Hourly,RU,AS_SP26,DAM,RU_CLR_PRC,0,22
2025-12-07T19:00:00-00:00,2025-12-07T20:00:00-00:00,2025-12-07,12,0,Hourly,RU,AS_NP26_EXP,DAM,RU_CLR_PRC,1.02332,22
2025-12-07T20:00:00-00:00,2025-12-07T21:00:00-00:00,2025-12-07,13,0,Hourly,RU,AS_SP26,DAM,RU_CLR_PRC,0,22
2025-12-07T20:00:00-00:00,2025-12-07T21:00:00-00:00,2025-12-07,13,0,Hourly,RU,AS_SP26_EXP,DAM,RU_CLR_PRC,0,22
2025-12-07T22:00:00-00:00,2025-12-07T23:00:00-00:00,2025-12-07,15,0,Hourly,RU,AS_CAISO_EXP,DAM,RU_CLR_PRC,1.56,22
2025-12-07T22:00:00-00:00,2025-12-07T23:00:00-00:00,2025-12-07,15,0,Hourly,RU,AS_NP26,DAM,RU_CLR_PRC,0,22
2025-12-07T23:00:00-00:00,2025-12-08T00:00:00-00:00,2025-12-07,16,0,Hourly,RU,AS_CAISO,DAM,RU_CLR_PRC,0,22
2025-12-07T23:00:00-00:00,2025-12-08T00:00:00-00:00,2025-12-07,16,0,Hourly,RU,AS_SP26_EXP,DAM,RU_CLR_PRC,0,22
2025-12-08T01:00:00-00:00,2025-12-08T02:00:00-00:00,2025-12-07,18,0,Hourly,RU,AS_CAISO_EXP,DAM,RU_CLR_PRC,0.28115,22
2025-12-08T01:00:00-00:00,2025-12-08T02:00:00-00:00,2025-12-07,18,0,Hourly,RU,AS_SP26,DAM,RU_CLR_PRC,0,22
2025-12-08T01:00:00-00:00,2025-12-08T02:00:00-00:00,2025-12-07,18,0,Hourly,RU,AS_SP26_EXP,DAM,RU_CLR_PRC,0,22
2025-12-08T02:00:00-00:00,2025-12-08T03:00:00-00:00,2025-12-07,19,0,Hourly,RU,AS_CAISO_EXP,DAM,RU_CLR_PRC,0.18,22
2025-12-08T03:00:00-00:00,2025-12-08T04:00:00-00:00,2025-12-07,20,0,Hourly,RU,AS_NP26,DAM,RU_CLR_PRC,0,22
2025-12-08T06:00:00-00:00,2025-12-08T07:00:00-00:00,2025-12-07,23,0,Hourly,RU,AS_SP26_EXP,DAM,RU_CLR_PRC,0,22
2025-12-08T07:00:00-00:00,2025-12-08T08:00:00-00:00,2025-12-07,24,0,Hourly,RU,AS_CAISO,DAM,RU_CLR_PRC,0,22
2025-12-07T08:00:00-00:00,2025-12-07T09:00:00-00:00,2025-12-07,1,0,Hourly,RU,AS_SP26_EXP,DAM,RU_CLR_PRC,0,22
2025-12-07T12:00:00-00:00,2025-12-07T13:00:00-00:00,2025-12-07,5,0,Hourly,RU,AS_SP26,DAM,RU_CLR_PRC,0,22
2025-12-07T09:00:00-00:00,2025-12-07T10:00:00-00:00,2025-12-07,2,0,Hourly,RU,AS_SP26_EXP,DAM,RU_CLR_PRC,0,22
2025-12-07T11:00:00-00:00,2025-12-07T12:00:00-00:00,2025-12-07,4,0,Hourly,RU,AS_NP26_EXP,DAM,RU_CLR_PRC,0.29745,22
2025-12-07T11:00:00-00:00,2025-12-07T12:00:00-00:00,2025-12-07,4,0,Hourly,RU,AS_SP26,DAM,RU_CLR_PRC,0,22
2025-12-07T12:00:00-00:00,2025-12-07T13:00:00-00:00,2025-12-07,5,0,Hourly,RU,AS_NP26,DAM,RU_CLR_PRC,0,22
2025-12-07T13:00:00-00:00,2025-12-07T14:00:00-00:00,2025-12-07,6,0,Hourly,RU,AS_CAISO,DAM,RU_CLR_PRC,0,22
2025-12-07T13:00:00-00:00,2025-12-07T14:00:00-00:00,2025-12-07,6,0,Hourly,RU,AS_NP26,DAM,RU_CLR_PRC,0,22
2025-12-07T16:00:00-00:00,2025-12-07T17:00:00-00:00,2025-12-07,9,0,Hourly,RU,AS_NP26,DAM,RU_CLR_PRC,0,22
2025-12-07T19:00:00-00:00,2025-12-07T20:00:00-00:00,2025-12-07,12,0,Hourly,RU,AS_CAISO,DAM,RU_CLR_PRC,0,22
2025-12-08T00:00:00-00:00,2025-12-08T01:00:00-00:00,2025-12-07,17,0,Hourly,RU,AS_CAISO_EXP,DAM,RU_CLR_PRC,0.40346,22
2025-12-08T04:00:00-00:00,2025-12-08T05:00:00-00:00,2025-12-07,21,0,Hourly,RU,AS_NP26,DAM,RU_CLR_PRC,0,22
2025-12-08T06:00:00-00:00,2025-12-08T07:00:00-00:00,2025-12-07,23,0,Hourly,RU,AS_CAISO,DAM,RU_CLR_PRC,0,22
2025-12-08T06:00:00-00:00,2025-12-08T07:00:00-00:00,2025-12-07,23,0,Hourly,RU,AS_NP26,DAM,RU_CLR_PRC,0,22
2025-12-08T07:00:00-00:00,2025-12-08T08:00:00-00:00,2025-12-07,24,0,Hourly,RU,AS_CAISO_EXP,DAM,RU_CLR_PRC,1,22
2025-12-08T07:00:00-00:00,2025-12-08T08:00:00-00:00,2025-12-07,24,0,Hourly,RU,AS_NP26_EXP,DAM,RU_CLR_PRC,1.26,22
2025-12-08T07:00:00-00:00,2025-12-08T08:00:00-00:00,2025-12-07,24,0,Hourly,RU,AS_SP26_EXP,DAM,RU_CLR_PRC,0,22
2025-12-08T04:00:00-00:00,2025-12-08T05:00:00-00:00,2025-12-07,21,0,Hourly,RU,AS_NP26_EXP,DAM,RU_CLR_PRC,1.5,22
2025-12-08T05:00:00-00:00,2025-12-08T06:00:00-00:00,2025-12-07,22,0,Hourly,RU,AS_CAISO_EXP,DAM,RU_CLR_PRC,0.41,22
2025-12-07T08:00:00-00:00,2025-12-07T09:00:00-00:00,2025-12-07,1,0,Hourly,RU,AS_NP26,DAM,RU_CLR_PRC,0,22
2025-12-08T11:00:00-00:00,2025-12-08T12:00:00-00:00,2025-12-08,4,0,Hourly,RU,AS_SP26,DAM,RU_CLR_PRC,0,23
2025-12-08T13:00:00-00:00,2025-12-08T14:00:00-00:00,2025-12-08,6,0,Hourly,RU,AS_SP26,DAM,RU_CLR_PRC,0,23
2025-12-08T14:00:00-00:00,2025-12-08T15:00:00-00:00,2025-12-08,7,0,Hourly,RU,AS_SP26,DAM,RU_CLR_PRC,0,23
2025-12-08T15:00:00-00:00,2025-12-08T16:00:00-00:00,2025-12-08,8,0,Hourly,RU,AS_CAISO,DAM,RU_CLR_PRC,0,23
2025-12-08T15:00:00-00:00,2025-12-08T16:00:00-00:00,2025-12-08,8,0,Hourly,RU,AS_NP26,DAM,RU_CLR_PRC,0,23
2025-12-08T15:00:00-00:00,2025-12-08T16:00:00-00:00,2025-12-08,8,0,Hourly,RU,AS_NP26_EXP,DAM,RU_CLR_PRC,0,23
2025-12-08T15:00:00-00:00,2025-12-08T16:00:00-00:00,2025-12-08,8,0,Hourly,RU,AS_SP26_EXP,DAM,RU_CLR_PRC,0,23
2025-12-08T18:00:00-00:00,2025-12-08T19:00:00-00:00,2025-12-08,11,0,Hourly,RU,AS_SP26_EXP,DAM,RU_CLR_PRC,0,23
2025-12-08T19:00:00-00:00,2025-12-08T20:00:00-00:00,2025-12-08,12,0,Hourly,RU,AS_NP26_EXP,DAM,RU_CLR_PRC,1.79699,23
2025-12-08T21:00:00-00:00,2025-12-08T22:00:00-00:00,2025-12-08,14,0,Hourly,RU,AS_CAISO,DAM,RU_CLR_PRC,0,23
2025-12-08T21:00:00-00:00,2025-12-08T22:00:00-00:00,2025-12-08,14,0,Hourly,RU,AS_SP26,DAM,RU_CLR_PRC,0,23
2025-12-08T23:00:00-00:00,2025-12-09T00:00:00-00:00,2025-12-08,16,0,Hourly,RU,AS_CAISO,DAM,RU_CLR_PRC,0,23
2025-12-09T00:00:00-00:00,2025-12-09T01:00:00-00:00,2025-12-08,17,0,Hourly,RU,AS_NP26_EXP,DAM,RU_CLR_PRC,0,23
2025-12-09T01:00:00-00:00,2025-12-09T02:00:00-00:00,2025-12-08,18,0,Hourly,RU,AS_NP26_EXP,DAM,RU_CLR_PRC,0.2416,23
2025-12-09T04:00:00-00:00,2025-12-09T05:00:00-00:00,2025-12-08,21,0,Hourly,RU,AS_SP26_EXP,DAM,RU_CLR_PRC,0,23
2025-12-09T05:00:00-00:00,2025-12-09T06:00:00-00:00,2025-12-08,22,0,Hourly,RU,AS_NP26_EXP,DAM,RU_CLR_PRC,0,23
2025-12-08T21:00:00-00:00,2025-12-08T22:00:00-00:00,2025-12-08,14,0,Hourly,RU,AS_NP26_EXP,DAM,RU_CLR_PRC,1.90582,23
2025-12-08T22:00:00-00:00,2025-12-08T23:00:00-00:00,2025-12-08,15,0,Hourly,RU,AS_CAISO,DAM,RU_CLR_PRC,0,23
2025-12-09T01:00:00-00:00,2025-12-09T02:00:00-00:00,2025-12-08,18,0,Hourly,RU,AS_CAISO_EXP,DAM,RU_CLR_PRC,0.51,23
2025-12-09T02:00:00-00:00,2025-12-09T03:00:00-00:00,2025-12-08,19,0,Hourly,RU,AS_SP26,DAM,RU_CLR_PRC,0,23
2025-12-09T05:00:00-00:00,2025-12-09T06:00:00-00:00,2025-12-08,22,0,Hourly,RU,AS_CAISO,DAM,RU_CLR_PRC,0,23
2025-12-09T06:00:00-00:00,2025-12-09T07:00:00-00:00,2025-12-08,23,0,Hourly,RU,AS_CAISO,DAM,RU_CLR_PRC,0,23
2025-12-09T07:00:00-00:00,2025-12-09T08:00:00-00:00,2025-12-08,24,0,Hourly,RU,AS_NP26,DAM,RU_CLR_PRC,0,23
2025-12-08T12:00:00-00:00,2025-12-08T13:00:00-00:00,2025-12-08,5,0,Hourly,RU,AS_CAISO_EXP,DAM,RU_CLR_PRC,0.5,23
2025-12-08T12:00:00-00:00,2025-12-08T13:00:00-00:00,2025-12-08,5,0,Hourly,RU,AS_SP26,DAM,RU_CLR_PRC,0,23
2025-12-08T13:00:00-00:00,2025-12-08T14:00:00-00:00,2025-12-08,6,0,Hourly,RU,AS_CAISO,DAM,RU_CLR_PRC,0,23
2025-12-08T14:00:00-00:00,2025-12-08T15:00:00-00:00,2025-12-08,7,0,Hourly,RU,AS_SP26_EXP,DAM,RU_CLR_PRC,0,23
2025-12-08T15:00:00-00:00,2025-12-08T16:00:00-00:00,2025-12-08,8,0,Hourly,RU,AS_CAISO_EXP,DAM,RU_CLR_PRC,3.38435,23
2025-12-08T16:00:00-00:00,2025-12-08T17:00:00-00:00,2025-12-08,9,0,Hourly,RU,AS_NP26_EXP,DAM,RU_CLR_PRC,1.63233,23
2025-12-08T17:00:00-00:00,2025-12-08T18:00:00-00:00,2025-12-08,10,0,Hourly,RU,AS_CAISO,DAM,RU_CLR_PRC,0,23
2025-12-08T18:00:00-00:00,2025-12-08T19:00:00-00:00,2025-12-08,11,0,Hourly,RU,AS_NP26,DAM,RU_CLR_PRC,0,23
2025-12-08T23:00:00-00:00,2025-12-09T00:00:00-00:00,2025-12-08,16,0,Hourly,RU,AS_NP26,DAM,RU_CLR_PRC,0,23
2025-12-08T23:00:00-00:00,2025-12-09T00:00:00-00:00,2025-12-08,16,0,Hourly,RU,AS_NP26_EXP,DAM,RU_CLR_PRC,0.25824,23
2025-12-09T04:00:00-00:00,2025-12-09T05:00:00-00:00,2025-12-08,21,0,Hourly,RU,AS_CAISO_EXP,DAM,RU_CLR_PRC,0.18,23
2025-12-09T05:00:00-00:00,2025-12-09T06:00:00-00:00,2025-12-08,22,0,Hourly,RU,AS_CAISO_EXP,DAM,RU_CLR_PRC,0.5,23
2025-12-09T05:00:00-00:00,2025-12-09T06:00:00-00:00,2025-12-08,22,0,Hourly,RU,AS_SP26_EXP,DAM,RU_CLR_PRC,0,23
2025-12-09T06:00:00-00:00,2025-12-09T07:00:00-00:00,2025-12-08,23,0,Hourly,RU,AS_SP26_EXP,DAM,RU_CLR_PRC,0,23
2025-12-08T09:00:00-00:00,2025-12-08T10:00:00-00:00,2025-12-08,2,0,Hourly,RU,AS_SP26_EXP,DAM,RU_CLR_PRC,0,23
2025-12-08T11:00:00-00:00,2025-12-08T12:00:00-00:00,2025-12-08,4,0,Hourly,RU,AS_NP26,DAM,RU_CLR_PRC,0,23
2025-12-08T11:00:00-00:00,2025-12-08T12:00:00-00:00,2025-12-08,4,0,Hourly,RU,AS_NP26_EXP,DAM,RU_CLR_PRC,0,23
2025-12-08T16:00:00-00:00,2025-12-08T17:00:00-00:00,2025-12-08,9,0,Hourly,RU,AS_NP26,DAM,RU_CLR_PRC,0,23
2025-12-08T17:00:00-00:00,2025-12-08T18:00:00-00:00,2025-12-08,10,0,Hourly,RU,AS_NP26,DAM,RU_CLR_PRC,0,23
2025-12-08T18:00:00-00:00,2025-12-08T19:00:00-00:00,2025-12-08,11,0,Hourly,RU,AS_CAISO,DAM,RU_CLR_PRC,0,23
2025-12-08T18:00:00-00:00,2025-12-08T19:00:00-00:00,2025-12-08,11,0,Hourly,RU,AS_NP26_EXP,DAM,RU_CLR_PRC,0.33,23
2025-12-08T21:00:00-00:00,2025-12-08T22:00:00-00:00,2025-12-08,14,0,Hourly,RU,AS_CAISO_EXP,DAM,RU_CLR_PRC,0.79418,23
2025-12-08T23:00:00-00:00,2025-12-09T00:00:00-00:00,2025-12-08,16,0,Hourly,RU,AS_SP26,DAM,RU_CLR_PRC,0,23
2025-12-09T00:00:00-00:00,2025-12-09T01:00:00-00:00,2025-12-08,17,0,Hourly,RU,AS_CAISO,DAM,RU_CLR_PRC,0,23
2025-12-09T00:00:00-00:00,2025-12-09T01:00:00-00:00,2025-12-08,17,0,Hourly,RU,AS_NP26,DAM,RU_CLR_PRC,0,23
2025-12-09T07:00:00-00:00,2025-12-09T08:00:00-00:00,2025-12-08,24,0,Hourly,RU,AS_SP26_EXP,DAM,RU_CLR_PRC,0,23
2025-12-08T08:00:00-00:00,2025-12-08T09:00:00-00:00,2025-12-08,1,0,Hourly,RU,AS_NP26_EXP,DAM,RU_CLR_PRC,0.56388,23
2025-12-08T08:00:00-00:00,2025-12-08T09:00:00-00:00,2025-12-08,1,0,Hourly,RU,AS_NP26,DAM,RU_CLR_PRC,0,23
2025-12-08T09:00:00-00:00,2025-12-08T10:00:00-00:00,2025-12-08,2,0,Hourly,RU,AS_CAISO_EXP,DAM,RU_CLR_PRC,1,23
2025-12-08T09:00:00-00:00,2025-12-08T10:00:00-00:00,2025-12-08,2,0,Hourly,RU,AS_SP26,DAM,RU_CLR_PRC,0,23
2025-12-08T10:00:00-00:00,2025-12-08T11:00:00-00:00,2025-12-08,3,0,Hourly,RU,AS_NP26,DAM,RU_CLR_PRC,0,23
2025-12-08T10:00:00-00:00,2025-12-08T11:00:00-00:00,2025-12-08,3,0,Hourly,RU,AS_SP26_EXP,DAM,RU_CLR_PRC,0,23
2025-12-08T11:00:00-00:00,2025-12-08T12:00:00-00:00,2025-12-08,4,0,Hourly,RU,AS_SP26_EXP,DAM,RU_CLR_PRC,0,23
2025-12-08T12:00:00-00:00,2025-12-08T13:00:00-00:00,2025-12-08,5,0,Hourly,RU,AS_NP26,DAM,RU_CLR_PRC,0,23
2025-12-08T13:00:00-00:00,2025-12-08T14:00:00-00:00,2025-12-08,6,0,Hourly,RU,AS_NP26,DAM,RU_CLR_PRC,0,23
2025-12-08T14:00:00-00:00,2025-12-08T15:00:00-00:00,2025-12-08,7,0,Hourly,RU,AS_CAISO,DAM,RU_CLR_PRC,0,23
2025-12-08T14:00:00-00:00,2025-12-08T15:00:00-00:00,2025-12-08,7,0,Hourly,RU,AS_NP26,DAM,RU_CLR_PRC,0,23
2025-12-08T14:00:00-00:00,2025-12-08T15:00:00-00:00,2025-12-08,7,0,Hourly,RU,AS_NP26_EXP,DAM,RU_CLR_PRC,1.39805,23
2025-12-08T18:00:00-00:00,2025-12-08T19:00:00-00:00,2025-12-08,11,0,Hourly,RU,AS_CAISO_EXP,DAM,RU_CLR_PRC,1.27872,23
2025-12-08T19:00:00-00:00,2025-12-08T20:00:00-00:00,2025-12-08,12,0,Hourly,RU,AS_SP26,DAM,RU_CLR_PRC,0,23
2025-12-08T19:00:00-00:00,2025-12-08T20:00:00-00:00,2025-12-08,12,0,Hourly,RU,AS_SP26_EXP,DAM,RU_CLR_PRC,0,23
2025-12-08T23:00:00-00:00,2025-12-09T00:00:00-00:00,2025-12-08,16,0,Hourly,RU,AS_CAISO_EXP,DAM,RU_CLR_PRC,1.11,23
2025-12-09T00:00:00-00:00,2025-12-09T01:00:00-00:00,2025-12-08,17,0,Hourly,RU,AS_SP26_EXP,DAM,RU_CLR_PRC,0.01,23
2025-12-09T01:00:00-00:00,2025-12-09T02:00:00-00:00,2025-12-08,18,0,Hourly,RU,AS_SP26,DAM,RU_CLR_PRC,0,23
2025-12-09T01:00:00-00:00,2025-12-09T02:00:00-00:00,2025-12-08,18,0,Hourly,RU,AS_SP26_EXP,DAM,RU_CLR_PRC,0,23
2025-12-09T02:00:00-00:00,2025-12-09T03:00:00-00:00,2025-12-08,19,0,Hourly,RU,AS_SP26_EXP,DAM,RU_CLR_PRC,0,23
2025-12-09T03:00:00-00:00,2025-12-09T04:00:00-00:00,2025-12-08,20,0,Hourly,RU,AS_SP26,DAM,RU_CLR_PRC,0,23
2025-12-09T06:00:00-00:00,2025-12-09T07:00:00-00:00,2025-12-08,23,0,Hourly,RU,AS_CAISO_EXP,DAM,RU_CLR_PRC,1,23
2025-12-09T06:00:00-00:00,2025-12-09T07:00:00-00:00,2025-12-08,23,0,Hourly,RU,AS_NP26,DAM,RU_CLR_PRC,0,23
2025-12-09T06:00:00-00:00,2025-12-09T07:00:00-00:00,2025-12-08,23,0,Hourly,RU,AS_SP26,DAM,RU_CLR_PRC,0,23
2025-12-09T07:00:00-00:00,2025-12-09T08:00:00-00:00,2025-12-08,24,0,Hourly,RU,AS_NP26_EXP,DAM,RU_CLR_PRC,0.995,23
2025-12-09T07:00:00-00:00,2025-12-09T08:00:00-00:00,2025-12-08,24,0,Hourly,RU,AS_SP26,DAM,RU_CLR_PRC,0,23
2025-12-08T08:00:00-00:00,2025-12-08T09:00:00-00:00,2025-12-08,1,0,Hourly,RU,AS_SP26,DAM,RU_CLR_PRC,0,23
2025-12-08T09:00:00-00:00,2025-12-08T10:00:00-00:00,2025-12-08,2,0,Hourly,RU,AS_NP26,DAM,RU_CLR_PRC,0,23
2025-12-08T10:00:00-00:00,2025-12-08T11:00:00-00:00,2025-12-08,3,0,Hourly,RU,AS_CAISO,DAM,RU_CLR_PRC,0,23
2025-12-08T10:00:00-00:00,2025-12-08T11:00:00-00:00,2025-12-08,3,0,Hourly,RU,AS_CAISO_EXP,DAM,RU_CLR_PRC,1,23
2025-12-08T11:00:00-00:00,2025-12-08T12:00:00-00:00,2025-12-08,4,0,Hourly,RU,AS_CAISO,DAM,RU_CLR_PRC,0,23
2025-12-08T10:00:00-00:00,2025-12-08T11:00:00-00:00,2025-12-08,3,0,Hourly,RU,AS_NP26_EXP,DAM,RU_CLR_PRC,0.8818,23
2025-12-08T10:00:00-00:00,2025-12-08T11:00:00-00:00,2025-12-08,3,0,Hourly,RU,AS_SP26,DAM,RU_CLR_PRC,0,23
2025-12-08T11:00:00-00:00,2025-12-08T12:00:00-00:00,2025-12-08,4,0,Hourly,RU,AS_CAISO_EXP,DAM,RU_CLR_PRC,0.5,23
2025-12-08T12:00:00-00:00,2025-12-08T13:00:00-00:00,2025-12-08,5,0,Hourly,RU,AS_CAISO,DAM,RU_CLR_PRC,0,23
2025-12-08T12:00:00-00:00,2025-12-08T13:00:00-00:00,2025-12-08,5,0,Hourly,RU,AS_NP26_EXP,DAM,RU_CLR_PRC,0,23
2025-12-08T13:00:00-00:00,2025-12-08T14:00:00-00:00,2025-12-08,6,0,Hourly,RU,AS_NP26_EXP,DAM,RU_CLR_PRC,0,23
2025-12-08T14:00:00-00:00,2025-12-08T15:00:00-00:00,2025-12-08,7,0,Hourly,RU,AS_CAISO_EXP,DAM,RU_CLR_PRC,0.69653,23
2025-12-08T16:00:00-00:00,2025-12-08T17:00:00-00:00,2025-12-08,9,0,Hourly,RU,AS_CAISO,DAM,RU_CLR_PRC,0,23
2025-12-08T16:00:00-00:00,2025-12-08T17:00:00-00:00,2025-12-08,9,0,Hourly,RU,AS_CAISO_EXP,DAM,RU_CLR_PRC,1,23
2025-12-08T17:00:00-00:00,2025-12-08T18:00:00-00:00,2025-12-08,10,0,Hourly,RU,AS_NP26_EXP,DAM,RU_CLR_PRC,2.50359,23
2025-12-08T18:00:00-00:00,2025-12-08T19:00:00-00:00,2025-12-08,11,0,Hourly,RU,AS_SP26,DAM,RU_CLR_PRC,0,23
2025-12-08T19:00:00-00:00,2025-12-08T20:00:00-00:00,2025-12-08,12,0,Hourly,RU,AS_CAISO,DAM,RU_CLR_PRC,0,23
2025-12-08T20:00:00-00:00,2025-12-08T21:00:00-00:00,2025-12-08,13,0,Hourly,RU,AS_CAISO_EXP,DAM,RU_CLR_PRC,0.5,23
2025-12-08T22:00:00-00:00,2025-12-08T23:00:00-00:00,2025-12-08,15,0,Hourly,RU,AS_NP26,DAM,RU_CLR_PRC,0,23
2025-12-08T22:00:00-00:00,2025-12-08T23:00:00-00:00,2025-12-08,15,0,Hourly,RU,AS_SP26,DAM,RU_CLR_PRC,0,23
2025-12-08T23:00:00-00:00,2025-12-09T00:00:00-00:00,2025-12-08,16,0,Hourly,RU,AS_SP26_EXP,DAM,RU_CLR_PRC,0,23
2025-12-09T00:00:00-00:00,2025-12-09T01:00:00-00:00,2025-12-08,17,0,Hourly,RU,AS_CAISO_EXP,DAM,RU_CLR_PRC,0.5,23
2025-12-09T01:00:00-00:00,2025-12-09T02:00:00-00:00,2025-12-08,18,0,Hourly,RU,AS_CAISO,DAM,RU_CLR_PRC,0,23
2025-12-09T02:00:00-00:00,2025-12-09T03:00:00-00:00,2025-12-08,19,0,Hourly,RU,AS_NP26,DAM,RU_CLR_PRC,0,23
2025-12-09T02:00:00-00:00,2025-12-09T03:00:00-00:00,2025-12-08,19,0,Hourly,RU,AS_NP26_EXP,DAM,RU_CLR_PRC,0.26,23
2025-12-09T03:00:00-00:00,2025-12-09T04:00:00-00:00,2025-12-08,20,0,Hourly,RU,AS_NP26,DAM,RU_CLR_PRC,0,23
2025-12-09T03:00:00-00:00,2025-12-09T04:00:00-00:00,2025-12-08,20,0,Hourly,RU,AS_NP26_EXP,DAM,RU_CLR_PRC,0.09,23
2025-12-09T04:00:00-00:00,2025-12-09T05:00:00-00:00,2025-12-08,21,0,Hourly,RU,AS_NP26_EXP,DAM,RU_CLR_PRC,0.32,23
2025-12-09T04:00:00-00:00,2025-12-09T05:00:00-00:00,2025-12-08,21,0,Hourly,RU,AS_SP26,DAM,RU_CLR_PRC,0,23
2025-12-09T07:00:00-00:00,2025-12-09T08:00:00-00:00,2025-12-08,24,0,Hourly,RU,AS_CAISO,DAM,RU_CLR_PRC,0,23
2025-12-08T09:00:00-00:00,2025-12-08T10:00:00-00:00,2025-12-08,2,0,Hourly,RU,AS_CAISO,DAM,RU_CLR_PRC,0,23
2025-12-08T12:00:00-00:00,2025-12-08T13:00:00-00:00,2025-12-08,5,0,Hourly,RU,AS_SP26_EXP,DAM,RU_CLR_PRC,0,23
2025-12-08T13:00:00-00:00,2025-12-08T14:00:00-00:00,2025-12-08,6,0,Hourly,RU,AS_SP26_EXP,DAM,RU_CLR_PRC,0,23
2025-12-08T16:00:00-00:00,2025-12-08T17:00:00-00:00,2025-12-08,9,0,Hourly,RU,AS_SP26_EXP,DAM,RU_CLR_PRC,0,23
2025-12-08T17:00:00-00:00,2025-12-08T18:00:00-00:00,2025-12-08,10,0,Hourly,RU,AS_CAISO_EXP,DAM,RU_CLR_PRC,0.28,23
2025-12-08T17:00:00-00:00,2025-12-08T18:00:00-00:00,2025-12-08,10,0,Hourly,RU,AS_SP26,DAM,RU_CLR_PRC,0,23
2025-12-08T19:00:00-00:00,2025-12-08T20:00:00-00:00,2025-12-08,12,0,Hourly,RU,AS_CAISO_EXP,DAM,RU_CLR_PRC,0.17,23
2025-12-08T20:00:00-00:00,2025-12-08T21:00:00-00:00,2025-12-08,13,0,Hourly,RU,AS_NP26,DAM,RU_CLR_PRC,0,23
2025-12-08T21:00:00-00:00,2025-12-08T22:00:00-00:00,2025-12-08,14,0,Hourly,RU,AS_SP26_EXP,DAM,RU_CLR_PRC,0,23
2025-12-09T02:00:00-00:00,2025-12-09T03:00:00-00:00,2025-12-08,19,0,Hourly,RU,AS_CAISO,DAM,RU_CLR_PRC,0,23
2025-12-09T02:00:00-00:00,2025-12-09T03:00:00-00:00,2025-12-08,19,0,Hourly,RU,AS_CAISO_EXP,DAM,RU_CLR_PRC,0.25,23
2025-12-09T03:00:00-00:00,2025-12-09T04:00:00-00:00,2025-12-08,20,0,Hourly,RU,AS_CAISO,DAM,RU_CLR_PRC,0,23
2025-12-09T03:00:00-00:00,2025-12-09T04:00:00-00:00,2025-12-08,20,0,Hourly,RU,AS_SP26_EXP,DAM,RU_CLR_PRC,0,23
2025-12-09T04:00:00-00:00,2025-12-09T05:00:00-00:00,2025-12-08,21,0,Hourly,RU,AS_NP26,DAM,RU_CLR_PRC,0,23
2025-12-09T05:00:00-00:00,2025-12-09T06:00:00-00:00,2025-12-08,22,0,Hourly,RU,AS_SP26,DAM,RU_CLR_PRC,0,23
2025-12-09T06:00:00-00:00,2025-12-09T07:00:00-00:00,2025-12-08,23,0,Hourly,RU,AS_NP26_EXP,DAM,RU_CLR_PRC,0.5,23
2025-12-09T07:00:00-00:00,2025-12-09T08:00:00-00:00,2025-12-08,24,0,Hourly,RU,AS_CAISO_EXP,DAM,RU_CLR_PRC,2,23
2025-12-08T08:00:00-00:00,2025-12-08T09:00:00-00:00,2025-12-08,1,0,Hourly,RU,AS_CAISO,DAM,RU_CLR_PRC,0,23
2025-12-08T08:00:00-00:00,2025-12-08T09:00:00-00:00,2025-12-08,1,0,Hourly,RU,AS_SP26_EXP,DAM,RU_CLR_PRC,0,23
2025-12-08T09:00:00-00:00,2025-12-08T10:00:00-00:00,2025-12-08,2,0,Hourly,RU,AS_NP26_EXP,DAM,RU_CLR_PRC,0.91441,23
2025-12-08T15:00:00-00:00,2025-12-08T16:00:00-00:00,2025-12-08,8,0,Hourly,RU,AS_SP26,DAM,RU_CLR_PRC,0,23
2025-12-08T19:00:00-00:00,2025-12-08T20:00:00-00:00,2025-12-08,12,0,Hourly,RU,AS_NP26,DAM,RU_CLR_PRC,0,23
2025-12-08T20:00:00-00:00,2025-12-08T21:00:00-00:00,2025-12-08,13,0,Hourly,RU,AS_NP26_EXP,DAM,RU_CLR_PRC,2.07152,23
2025-12-08T22:00:00-00:00,2025-12-08T23:00:00-00:00,2025-12-08,15,0,Hourly,RU,AS_CAISO_EXP,DAM,RU_CLR_PRC,2.47712,23
2025-12-08T22:00:00-00:00,2025-12-08T23:00:00-00:00,2025-12-08,15,0,Hourly,RU,AS_NP26_EXP,DAM,RU_CLR_PRC,1.87288,23
2025-12-08T22:00:00-00:00,2025-12-08T23:00:00-00:00,2025-12-08,15,0,Hourly,RU,AS_SP26_EXP,DAM,RU_CLR_PRC,0,23
2025-12-09T00:00:00-00:00,2025-12-09T01:00:00-00:00,2025-12-08,17,0,Hourly,RU,AS_SP26,DAM,RU_CLR_PRC,0,23
2025-12-09T01:00:00-00:00,2025-12-09T02:00:00-00:00,2025-12-08,18,0,Hourly,RU,AS_NP26,DAM,RU_CLR_PRC,0,23
2025-12-09T03:00:00-00:00,2025-12-09T04:00:00-00:00,2025-12-08,20,0,Hourly,RU,AS_CAISO_EXP,DAM,RU_CLR_PRC,0.41,23
2025-12-09T04:00:00-00:00,2025-12-09T05:00:00-00:00,2025-12-08,21,0,Hourly,RU,AS_CAISO,DAM,RU_CLR_PRC,0,23
2025-12-09T05:00:00-00:00,2025-12-09T06:00:00-00:00,2025-12-08,22,0,Hourly,RU,AS_NP26,DAM,RU_CLR_PRC,0,23
2025-12-08T08:00:00-00:00,2025-12-08T09:00:00-00:00,2025-12-08,1,0,Hourly,RU,AS_CAISO_EXP,DAM,RU_CLR_PRC,1,23
2025-12-08T13:00:00-00:00,2025-12-08T14:00:00-00:00,2025-12-08,6,0,Hourly,RU,AS_CAISO_EXP,DAM,RU_CLR_PRC,0.56,23
2025-12-08T16:00:00-00:00,2025-12-08T17:00:00-00:00,2025-12-08,9,0,Hourly,RU,AS_SP26,DAM,RU_CLR_PRC,0,23
2025-12-08T17:00:00-00:00,2025-12-08T18:00:00-00:00,2025-12-08,10,0,Hourly,RU,AS_SP26_EXP,DAM,RU_CLR_PRC,0,23
2025-12-08T20:00:00-00:00,2025-12-08T21:00:00-00:00,2025-12-08,13,0,Hourly,RU,AS_CAISO,DAM,RU_CLR_PRC,0,23
2025-12-08T20:00:00-00:00,2025-12-08T21:00:00-00:00,2025-12-08,13,0,Hourly,RU,AS_SP26,DAM,RU_CLR_PRC,0,23
2025-12-08T20:00:00-00:00,2025-12-08T21:00:00-00:00,2025-12-08,13,0,Hourly,RU,AS_SP26_EXP,DAM,RU_CLR_PRC,0,23
2025-12-08T21:00:00-00:00,2025-12-08T22:00:00-00:00,2025-12-08,14,0,Hourly,RU,AS_NP26,DAM,RU_CLR_PRC,0,23
2025-12-09T22:00:00-00:00,2025-12-09T23:00:00-00:00,2025-12-09,15,0,Hourly,RU,AS_CAISO,DAM,RU_CLR_PRC,0,24
2025-12-10T00:00:00-00:00,2025-12-10T01:00:00-00:00,2025-12-09,17,0,Hourly,RU,AS_SP26_EXP,DAM,RU_CLR_PRC,0.01,24
2025-12-10T03:00:00-00:00,2025-12-10T04:00:00-00:00,2025-12-09,20,0,Hourly,RU,AS_CAISO,DAM,RU_CLR_PRC,0,24
2025-12-10T06:00:00-00:00,2025-12-10T07:00:00-00:00,2025-12-09,23,0,Hourly,RU,AS_CAISO,DAM,RU_CLR_PRC,0,24
2025-12-10T06:00:00-00:00,2025-12-10T07:00:00-00:00,2025-12-09,23,0,Hourly,RU,AS_NP26,DAM,RU_CLR_PRC,0,24
2025-12-10T07:00:00-00:00,2025-12-10T08:00:00-00:00,2025-12-09,24,0,Hourly,RU,AS_CAISO_EXP,DAM,RU_CLR_PRC,1,24
2025-12-09T08:00:00-00:00,2025-12-09T09:00:00-00:00,2025-12-09,1,0,Hourly,RU,AS_CAISO,DAM,RU_CLR_PRC,0,24
2025-12-09T16:00:00-00:00,2025-12-09T17:00:00-00:00,2025-12-09,9,0,Hourly,RU,AS_CAISO,DAM,RU_CLR_PRC,0,24
2025-12-09T17:00:00-00:00,2025-12-09T18:00:00-00:00,2025-12-09,10,0,Hourly,RU,AS_SP26,DAM,RU_CLR_PRC,0,24
2025-12-09T22:00:00-00:00,2025-12-09T23:00:00-00:00,2025-12-09,15,0,Hourly,RU,AS_NP26,DAM,RU_CLR_PRC,0,24
2025-12-09T22:00:00-00:00,2025-12-09T23:00:00-00:00,2025-12-09,15,0,Hourly,RU,AS_NP26_EXP,DAM,RU_CLR_PRC,1.43563,24
2025-12-09T22:00:00-00:00,2025-12-09T23:00:00-00:00,2025-12-09,15,0,Hourly,RU,AS_SP26_EXP,DAM,RU_CLR_PRC,0,24
2025-12-10T00:00:00-00:00,2025-12-10T01:00:00-00:00,2025-12-09,17,0,Hourly,RU,AS_NP26,DAM,RU_CLR_PRC,0,24
2025-12-10T00:00:00-00:00,2025-12-10T01:00:00-00:00,2025-12-09,17,0,Hourly,RU,AS_NP26_EXP,DAM,RU_CLR_PRC,0,24
2025-12-10T02:00:00-00:00,2025-12-10T03:00:00-00:00,2025-12-09,19,0,Hourly,RU,AS_CAISO,DAM,RU_CLR_PRC,0,24
2025-12-10T05:00:00-00:00,2025-12-10T06:00:00-00:00,2025-12-09,22,0,Hourly,RU,AS_CAISO_EXP,DAM,RU_CLR_PRC,0.5,24
2025-12-09T18:00:00-00:00,2025-12-09T19:00:00-00:00,2025-12-09,11,0,Hourly,RU,AS_SP26_EXP,DAM,RU_CLR_PRC,0,24
2025-12-09T20:00:00-00:00,2025-12-09T21:00:00-00:00,2025-12-09,13,0,Hourly,RU,AS_NP26,DAM,RU_CLR_PRC,0,24
2025-12-09T21:00:00-00:00,2025-12-09T22:00:00-00:00,2025-12-09,14,0,Hourly,RU,AS_NP26,DAM,RU_CLR_PRC,0,24
2025-12-09T22:00:00-00:00,2025-12-09T23:00:00-00:00,2025-12-09,15,0,Hourly,RU,AS_CAISO_EXP,DAM,RU_CLR_PRC,0.83,24
2025-12-10T01:00:00-00:00,2025-12-10T02:00:00-00:00,2025-12-09,18,0,Hourly,RU,AS_CAISO_EXP,DAM,RU_CLR_PRC,0.5,24
2025-12-10T07:00:00-00:00,2025-12-10T08:00:00-00:00,2025-12-09,24,0,Hourly,RU,AS_NP26_EXP,DAM,RU_CLR_PRC,1.22782,24
2025-12-09T09:00:00-00:00,2025-12-09T10:00:00-00:00,2025-12-09,2,0,Hourly,RU,AS_NP26,DAM,RU_CLR_PRC,0,24
2025-12-09T11:00:00-00:00,2025-12-09T12:00:00-00:00,2025-12-09,4,0,Hourly,RU,AS_CAISO,DAM,RU_CLR_PRC,0,24
2025-12-09T13:00:00-00:00,2025-12-09T14:00:00-00:00,2025-12-09,6,0,Hourly,RU,AS_CAISO_EXP,DAM,RU_CLR_PRC,0.5,24
2025-12-09T13:00:00-00:00,2025-12-09T14:00:00-00:00,2025-12-09,6,0,Hourly,RU,AS_NP26,DAM,RU_CLR_PRC,0,24
2025-12-09T13:00:00-00:00,2025-12-09T14:00:00-00:00,2025-12-09,6,0,Hourly,RU,AS_SP26_EXP,DAM,RU_CLR_PRC,0,24
2025-12-09T18:00:00-00:00,2025-12-09T19:00:00-00:00,2025-12-09,11,0,Hourly,RU,AS_NP26,DAM,RU_CLR_PRC,0,24
2025-12-09T19:00:00-00:00,2025-12-09T20:00:00-00:00,2025-12-09,12,0,Hourly,RU,AS_CAISO_EXP,DAM,RU_CLR_PRC,0.17,24
2025-12-09T19:00:00-00:00,2025-12-09T20:00:00-00:00,2025-12-09,12,0,Hourly,RU,AS_NP26,DAM,RU_CLR_PRC,0,24
2025-12-09T19:00:00-00:00,2025-12-09T20:00:00-00:00,2025-12-09,12,0,Hourly,RU,AS_SP26,DAM,RU_CLR_PRC,0,24
2025-12-09T20:00:00-00:00,2025-12-09T21:00:00-00:00,2025-12-09,13,0,Hourly,RU,AS_NP26_EXP,DAM,RU_CLR_PRC,1.33,24
2025-12-09T21:00:00-00:00,2025-12-09T22:00:00-00:00,2025-12-09,14,0,Hourly,RU,AS_SP26,DAM,RU_CLR_PRC,0,24
2025-12-09T23:00:00-00:00,2025-12-10T00:00:00-00:00,2025-12-09,16,0,Hourly,RU,AS_SP26,DAM,RU_CLR_PRC,0,24
2025-12-10T00:00:00-00:00,2025-12-10T01:00:00-00:00,2025-12-09,17,0,Hourly,RU,AS_SP26,DAM,RU_CLR_PRC,0,24
2025-12-10T01:00:00-00:00,2025-12-10T02:00:00-00:00,2025-12-09,18,0,Hourly,RU,AS_CAISO,DAM,RU_CLR_PRC,0,24
2025-12-10T01:00:00-00:00,2025-12-10T02:00:00-00:00,2025-12-09,18,0,Hourly,RU,AS_NP26,DAM,RU_CLR_PRC,0,24
2025-12-10T01:00:00-00:00,2025-12-10T02:00:00-00:00,2025-12-09,18,0,Hourly,RU,AS_NP26_EXP,DAM,RU_CLR_PRC,0.93678,24
2025-12-10T03:00:00-00:00,2025-12-10T04:00:00-00:00,2025-12-09,20,0,Hourly,RU,AS_CAISO_EXP,DAM,RU_CLR_PRC,0.23977,24
2025-12-10T03:00:00-00:00,2025-12-10T04:00:00-00:00,2025-12-09,20,0,Hourly,RU,AS_SP26,DAM,RU_CLR_PRC,0,24
2025-12-10T05:00:00-00:00,2025-12-10T06:00:00-00:00,2025-12-09,22,0,Hourly,RU,AS_SP26,DAM,RU_CLR_PRC,0,24
2025-12-10T05:00:00-00:00,2025-12-10T06:00:00-00:00,2025-12-09,22,0,Hourly,RU,AS_SP26_EXP,DAM,RU_CLR_PRC,0,24
2025-12-10T07:00:00-00:00,2025-12-10T08:00:00-00:00,2025-12-09,24,0,Hourly,RU,AS_SP26,DAM,RU_CLR_PRC,0,24
2025-12-09T09:00:00-00:00,2025-12-09T10:00:00-00:00,2025-12-09,2,0,Hourly,RU,AS_SP26,DAM,RU_CLR_PRC,0,24
2025-12-09T10:00:00-00:00,2025-12-09T11:00:00-00:00,2025-12-09,3,0,Hourly,RU,AS_CAISO_EXP,DAM,RU_CLR_PRC,0.5,24
2025-12-09T11:00:00-00:00,2025-12-09T12:00:00-00:00,2025-12-09,4,0,Hourly,RU,AS_NP26,DAM,RU_CLR_PRC,0,24
2025-12-09T11:00:00-00:00,2025-12-09T12:00:00-00:00,2025-12-09,4,0,Hourly,RU,AS_SP26_EXP,DAM,RU_CLR_PRC,0,24
2025-12-09T12:00:00-00:00,2025-12-09T13:00:00-00:00,2025-12-09,5,0,Hourly,RU,AS_NP26_EXP,DAM,RU_CLR_PRC,0.97367,24
2025-12-09T12:00:00-00:00,2025-12-09T13:00:00-00:00,2025-12-09,5,0,Hourly,RU,AS_SP26,DAM,RU_CLR_PRC,0,24
2025-12-09T13:00:00-00:00,2025-12-09T14:00:00-00:00,2025-12-09,6,0,Hourly,RU,AS_SP26,DAM,RU_CLR_PRC,0,24
2025-12-09T14:00:00-00:00,2025-12-09T15:00:00-00:00,2025-12-09,7,0,Hourly,RU,AS_NP26_EXP,DAM,RU_CLR_PRC,0.79483,24
2025-12-09T14:00:00-00:00,2025-12-09T15:00:00-00:00,2025-12-09,7,0,Hourly,RU,AS_SP26_EXP,DAM,RU_CLR_PRC,0,24
2025-12-09T15:00:00-00:00,2025-12-09T16:00:00-00:00,2025-12-09,8,0,Hourly,RU,AS_NP26_EXP,DAM,RU_CLR_PRC,0,24
2025-12-09T16:00:00-00:00,2025-12-09T17:00:00-00:00,2025-12-09,9,0,Hourly,RU,AS_NP26,DAM,RU_CLR_PRC,0,24
2025-12-09T17:00:00-00:00,2025-12-09T18:00:00-00:00,2025-12-09,10,0,Hourly,RU,AS_CAISO,DAM,RU_CLR_PRC,0,24
2025-12-09T18:00:00-00:00,2025-12-09T19:00:00-00:00,2025-12-09,11,0,Hourly,RU,AS_SP26,DAM,RU_CLR_PRC,0,24
2025-12-09T21:00:00-00:00,2025-12-09T22:00:00-00:00,2025-12-09,14,0,Hourly,RU,AS_NP26_EXP,DAM,RU_CLR_PRC,0.85139,24
2025-12-09T21:00:00-00:00,2025-12-09T22:00:00-00:00,2025-12-09,14,0,Hourly,RU,AS_CAISO,DAM,RU_CLR_PRC,0,24
2025-12-09T23:00:00-00:00,2025-12-10T00:00:00-00:00,2025-12-09,16,0,Hourly,RU,AS_CAISO_EXP,DAM,RU_CLR_PRC,0.17,24
2025-12-09T23:00:00-00:00,2025-12-10T00:00:00-00:00,2025-12-09,16,0,Hourly,RU,AS_SP26_EXP,DAM,RU_CLR_PRC,0,24
2025-12-10T00:00:00-00:00,2025-12-10T01:00:00-00:00,2025-12-09,17,0,Hourly,RU,AS_CAISO,DAM,RU_CLR_PRC,0,24
2025-12-10T02:00:00-00:00,2025-12-10T03:00:00-00:00,2025-12-09,19,0,Hourly,RU,AS_CAISO_EXP,DAM,RU_CLR_PRC,0.5,24
2025-12-10T03:00:00-00:00,2025-12-10T04:00:00-00:00,2025-12-09,20,0,Hourly,RU,AS_NP26_EXP,DAM,RU_CLR_PRC,1.33494,24
2025-12-10T04:00:00-00:00,2025-12-10T05:00:00-00:00,2025-12-09,21,0,Hourly,RU,AS_SP26_EXP,DAM,RU_CLR_PRC,0,24
2025-12-10T05:00:00-00:00,2025-12-10T06:00:00-00:00,2025-12-09,22,0,Hourly,RU,AS_NP26_EXP,DAM,RU_CLR_PRC,1,24
2025-12-10T07:00:00-00:00,2025-12-10T08:00:00-00:00,2025-12-09,24,0,Hourly,RU,AS_NP26,DAM,RU_CLR_PRC,0,24
2025-12-10T07:00:00-00:00,2025-12-10T08:00:00-00:00,2025-12-09,24,0,Hourly,RU,AS_SP26_EXP,DAM,RU_CLR_PRC,0,24
2025-12-09T08:00:00-00:00,2025-12-09T09:00:00-00:00,2025-12-09,1,0,Hourly,RU,AS_NP26_EXP,DAM,RU_CLR_PRC,0.5,24
2025-12-09T08:00:00-00:00,2025-12-09T09:00:00-00:00,2025-12-09,1,0,Hourly,RU,AS_SP26_EXP,DAM,RU_CLR_PRC,0,24
2025-12-09T10:00:00-00:00,2025-12-09T11:00:00-00:00,2025-12-09,3,0,Hourly,RU,AS_CAISO,DAM,RU_CLR_PRC,0,24
2025-12-09T10:00:00-00:00,2025-12-09T11:00:00-00:00,2025-12-09,3,0,Hourly,RU,AS_NP26_EXP,DAM,RU_CLR_PRC,1.20411,24
2025-12-09T10:00:00-00:00,2025-12-09T11:00:00-00:00,2025-12-09,3,0,Hourly,RU,AS_SP26,DAM,RU_CLR_PRC,0,24
2025-12-09T12:00:00-00:00,2025-12-09T13:00:00-00:00,2025-12-09,5,0,Hourly,RU,AS_CAISO_EXP,DAM,RU_CLR_PRC,0.5,24
2025-12-09T14:00:00-00:00,2025-12-09T15:00:00-00:00,2025-12-09,7,0,Hourly,RU,AS_SP26,DAM,RU_CLR_PRC,0,24
2025-12-09T15:00:00-00:00,2025-12-09T16:00:00-00:00,2025-12-09,8,0,Hourly,RU,AS_SP26,DAM,RU_CLR_PRC,0,24
2025-12-09T16:00:00-00:00,2025-12-09T17:00:00-00:00,2025-12-09,9,0,Hourly,RU,AS_CAISO_EXP,DAM,RU_CLR_PRC,1.39443,24
2025-12-09T16:00:00-00:00,2025-12-09T17:00:00-00:00,2025-12-09,9,0,Hourly,RU,AS_SP26_EXP,DAM,RU_CLR_PRC,0,24
2025-12-09T18:00:00-00:00,2025-12-09T19:00:00-00:00,2025-12-09,11,0,Hourly,RU,AS_CAISO,DAM,RU_CLR_PRC,0,24
2025-12-09T18:00:00-00:00,2025-12-09T19:00:00-00:00,2025-12-09,11,0,Hourly,RU,AS_CAISO_EXP,DAM,RU_CLR_PRC,0.17,24
2025-12-09T20:00:00-00:00,2025-12-09T21:00:00-00:00,2025-12-09,13,0,Hourly,RU,AS_CAISO,DAM,RU_CLR_PRC,0,24
2025-12-09T12:00:00-00:00,2025-12-09T13:00:00-00:00,2025-12-09,5,0,Hourly,RU,AS_SP26_EXP,DAM,RU_CLR_PRC,0,24
2025-12-09T13:00:00-00:00,2025-12-09T14:00:00-00:00,2025-12-09,6,0,Hourly,RU,AS_CAISO,DAM,RU_CLR_PRC,0,24
2025-12-09T14:00:00-00:00,2025-12-09T15:00:00-00:00,2025-12-09,7,0,Hourly,RU,AS_CAISO,DAM,RU_CLR_PRC,0,24
2025-12-09T14:00:00-00:00,2025-12-09T15:00:00-00:00,2025-12-09,7,0,Hourly,RU,AS_CAISO_EXP,DAM,RU_CLR_PRC,1.35347,24
2025-12-09T14:00:00-00:00,2025-12-09T15:00:00-00:00,2025-12-09,7,0,Hourly,RU,AS_NP26,DAM,RU_CLR_PRC,0,24
2025-12-09T19:00:00-00:00,2025-12-09T20:00:00-00:00,2025-12-09,12,0,Hourly,RU,AS_CAISO,DAM,RU_CLR_PRC,0,24
2025-12-09T19:00:00-00:00,2025-12-09T20:00:00-00:00,2025-12-09,12,0,Hourly,RU,AS_NP26_EXP,DAM,RU_CLR_PRC,1.09,24
2025-12-09T19:00:00-00:00,2025-12-09T20:00:00-00:00,2025-12-09,12,0,Hourly,RU,AS_SP26_EXP,DAM,RU_CLR_PRC,0,24
2025-12-09T20:00:00-00:00,2025-12-09T21:00:00-00:00,2025-12-09,13,0,Hourly,RU,AS_SP26_EXP,DAM,RU_CLR_PRC,0,24
2025-12-09T23:00:00-00:00,2025-12-10T00:00:00-00:00,2025-12-09,16,0,Hourly,RU,AS_NP26_EXP,DAM,RU_CLR_PRC,0.33,24
2025-12-10T00:00:00-00:00,2025-12-10T01:00:00-00:00,2025-12-09,17,0,Hourly,RU,AS_CAISO_EXP,DAM,RU_CLR_PRC,0.81677,24
2025-12-10T01:00:00-00:00,2025-12-10T02:00:00-00:00,2025-12-09,18,0,Hourly,RU,AS_SP26,DAM,RU_CLR_PRC,0,24
2025-12-10T02:00:00-00:00,2025-12-10T03:00:00-00:00,2025-12-09,19,0,Hourly,RU,AS_NP26,DAM,RU_CLR_PRC,0,24
2025-12-10T02:00:00-00:00,2025-12-10T03:00:00-00:00,2025-12-09,19,0,Hourly,RU,AS_NP26_EXP,DAM,RU_CLR_PRC,0,24
2025-12-10T03:00:00-00:00,2025-12-10T04:00:00-00:00,2025-12-09,20,0,Hourly,RU,AS_NP26,DAM,RU_CLR_PRC,0,24
2025-12-10T04:00:00-00:00,2025-12-10T05:00:00-00:00,2025-12-09,21,0,Hourly,RU,AS_CAISO,DAM,RU_CLR_PRC,0,24
2025-12-10T05:00:00-00:00,2025-12-10T06:00:00-00:00,2025-12-09,22,0,Hourly,RU,AS_NP26,DAM,RU_CLR_PRC,0,24
2025-12-10T06:00:00-00:00,2025-12-10T07:00:00-00:00,2025-12-09,23,0,Hourly,RU,AS_NP26_EXP,DAM,RU_CLR_PRC,1.05,24
2025-12-09T09:00:00-00:00,2025-12-09T10:00:00-00:00,2025-12-09,2,0,Hourly,RU,AS_CAISO_EXP,DAM,RU_CLR_PRC,0.66,24
2025-12-09T10:00:00-00:00,2025-12-09T11:00:00-00:00,2025-12-09,3,0,Hourly,RU,AS_SP26_EXP,DAM,RU_CLR_PRC,0,24
2025-12-09T11:00:00-00:00,2025-12-09T12:00:00-00:00,2025-12-09,4,0,Hourly,RU,AS_CAISO_EXP,DAM,RU_CLR_PRC,0.41,24
2025-12-09T11:00:00-00:00,2025-12-09T12:00:00-00:00,2025-12-09,4,0,Hourly,RU,AS_SP26,DAM,RU_CLR_PRC,0,24
2025-12-09T12:00:00-00:00,2025-12-09T13:00:00-00:00,2025-12-09,5,0,Hourly,RU,AS_CAISO,DAM,RU_CLR_PRC,0,24
2025-12-09T08:00:00-00:00,2025-12-09T09:00:00-00:00,2025-12-09,1,0,Hourly,RU,AS_NP26,DAM,RU_CLR_PRC,0,24
2025-12-09T12:00:00-00:00,2025-12-09T13:00:00-00:00,2025-12-09,5,0,Hourly,RU,AS_NP26,DAM,RU_CLR_PRC,0,24
2025-12-09T13:00:00-00:00,2025-12-09T14:00:00-00:00,2025-12-09,6,0,Hourly,RU,AS_NP26_EXP,DAM,RU_CLR_PRC,0.92871,24
2025-12-09T15:00:00-00:00,2025-12-09T16:00:00-00:00,2025-12-09,8,0,Hourly,RU,AS_CAISO,DAM,RU_CLR_PRC,0,24
2025-12-09T15:00:00-00:00,2025-12-09T16:00:00-00:00,2025-12-09,8,0,Hourly,RU,AS_CAISO_EXP,DAM,RU_CLR_PRC,3.45,24
2025-12-09T15:00:00-00:00,2025-12-09T16:00:00-00:00,2025-12-09,8,0,Hourly,RU,AS_SP26_EXP,DAM,RU_CLR_PRC,0,24
2025-12-09T17:00:00-00:00,2025-12-09T18:00:00-00:00,2025-12-09,10,0,Hourly,RU,AS_CAISO_EXP,DAM,RU_CLR_PRC,0.56,24
2025-12-09T20:00:00-00:00,2025-12-09T21:00:00-00:00,2025-12-09,13,0,Hourly,RU,AS_CAISO_EXP,DAM,RU_CLR_PRC,0.83534,24
2025-12-09T20:00:00-00:00,2025-12-09T21:00:00-00:00,2025-12-09,13,0,Hourly,RU,AS_SP26,DAM,RU_CLR_PRC,0,24
2025-12-09T23:00:00-00:00,2025-12-10T00:00:00-00:00,2025-12-09,16,0,Hourly,RU,AS_CAISO,DAM,RU_CLR_PRC,0,24
2025-12-10T01:00:00-00:00,2025-12-10T02:00:00-00:00,2025-12-09,18,0,Hourly,RU,AS_SP26_EXP,DAM,RU_CLR_PRC,0,24
2025-12-10T02:00:00-00:00,2025-12-10T03:00:00-00:00,2025-12-09,19,0,Hourly,RU,AS_SP26_EXP,DAM,RU_CLR_PRC,0,24
2025-12-10T03:00:00-00:00,2025-12-10T04:00:00-00:00,2025-12-09,20,0,Hourly,RU,AS_SP26_EXP,DAM,RU_CLR_PRC,0,24
2025-12-10T04:00:00-00:00,2025-12-10T05:00:00-00:00,2025-12-09,21,0,Hourly,RU,AS_CAISO_EXP,DAM,RU_CLR_PRC,0.41,24
2025-12-10T04:00:00-00:00,2025-12-10T05:00:00-00:00,2025-12-09,21,0,Hourly,RU,AS_NP26_EXP,DAM,RU_CLR_PRC,1.21644,24
2025-12-10T05:00:00-00:00,2025-12-10T06:00:00-00:00,2025-12-09,22,0,Hourly,RU,AS_CAISO,DAM,RU_CLR_PRC,0,24
2025-12-10T06:00:00-00:00,2025-12-10T07:00:00-00:00,2025-12-09,23,0,Hourly,RU,AS_SP26_EXP,DAM,RU_CLR_PRC,0,24
2025-12-09T08:00:00-00:00,2025-12-09T09:00:00-00:00,2025-12-09,1,0,Hourly,RU,AS_CAISO_EXP,DAM,RU_CLR_PRC,1,24
2025-12-09T08:00:00-00:00,2025-12-09T09:00:00-00:00,2025-12-09,1,0,Hourly,RU,AS_SP26,DAM,RU_CLR_PRC,0,24
2025-12-09T09:00:00-00:00,2025-12-09T10:00:00-00:00,2025-12-09,2,0,Hourly,RU,AS_CAISO,DAM,RU_CLR_PRC,0,24
2025-12-09T09:00:00-00:00,2025-12-09T10:00:00-00:00,2025-12-09,2,0,Hourly,RU,AS_SP26_EXP,DAM,RU_CLR_PRC,0,24
2025-12-09T15:00:00-00:00,2025-12-09T16:00:00-00:00,2025-12-09,8,0,Hourly,RU,AS_NP26,DAM,RU_CLR_PRC,0,24
2025-12-09T16:00:00-00:00,2025-12-09T17:00:00-00:00,2025-12-09,9,0,Hourly,RU,AS_NP26_EXP,DAM,RU_CLR_PRC,0.5,24
2025-12-09T16:00:00-00:00,2025-12-09T17:00:00-00:00,2025-12-09,9,0,Hourly,RU,AS_SP26,DAM,RU_CLR_PRC,0,24
2025-12-09T21:00:00-00:00,2025-12-09T22:00:00-00:00,2025-12-09,14,0,Hourly,RU,AS_CAISO_EXP,DAM,RU_CLR_PRC,0.64,24
2025-12-09T21:00:00-00:00,2025-12-09T22:00:00-00:00,2025-12-09,14,0,Hourly,RU,AS_SP26_EXP,DAM,RU_CLR_PRC,0,24
2025-12-09T22:00:00-00:00,2025-12-09T23:00:00-00:00,2025-12-09,15,0,Hourly,RU,AS_SP26,DAM,RU_CLR_PRC,0,24
2025-12-09T23:00:00-00:00,2025-12-10T00:00:00-00:00,2025-12-09,16,0,Hourly,RU,AS_NP26,DAM,RU_CLR_PRC,0,24
2025-12-10T02:00:00-00:00,2025-12-10T03:00:00-00:00,2025-12-09,19,0,Hourly,RU,AS_SP26,DAM,RU_CLR_PRC,0,24
2025-12-10T04:00:00-00:00,2025-12-10T05:00:00-00:00,2025-12-09,21,0,Hourly,RU,AS_NP26,DAM,RU_CLR_PRC,0,24
2025-12-10T04:00:00-00:00,2025-12-10T05:00:00-00:00,2025-12-09,21,0,Hourly,RU,AS_SP26,DAM,RU_CLR_PRC,0,24
2025-12-10T06:00:00-00:00,2025-12-10T07:00:00-00:00,2025-12-09,23,0,Hourly,RU,AS_CAISO_EXP,DAM,RU_CLR_PRC,0.95,24
2025-12-10T06:00:00-00:00,2025-12-10T07:00:00-00:00,2025-12-09,23,0,Hourly,RU,AS_SP26,DAM,RU_CLR_PRC,0,24
2025-12-10T07:00:00-00:00,2025-12-10T08:00:00-00:00,2025-12-09,24,0,Hourly,RU,AS_CAISO,DAM,RU_CLR_PRC,0,24
2025-12-09T09:00:00-00:00,2025-12-09T10:00:00-00:00,2025-12-09,2,0,Hourly,RU,AS_NP26_EXP,DAM,RU_CLR_PRC,0.68,24
2025-12-09T10:00:00-00:00,2025-12-09T11:00:00-00:00,2025-12-09,3,0,Hourly,RU,AS_NP26,DAM,RU_CLR_PRC,0,24
2025-12-09T11:00:00-00:00,2025-12-09T12:00:00-00:00,2025-12-09,4,0,Hourly,RU,AS_NP26_EXP,DAM,RU_CLR_PRC,1.38594,24
2025-12-09T17:00:00-00:00,2025-12-09T18:00:00-00:00,2025-12-09,10,0,Hourly,RU,AS_NP26,DAM,RU_CLR_PRC,0,24
2025-12-09T17:00:00-00:00,2025-12-09T18:00:00-00:00,2025-12-09,10,0,Hourly,RU,AS_NP26_EXP,DAM,RU_CLR_PRC,1.09828,24
2025-12-09T17:00:00-00:00,2025-12-09T18:00:00-00:00,2025-12-09,10,0,Hourly,RU,AS_SP26_EXP,DAM,RU_CLR_PRC,0,24
2025-12-09T18:00:00-00:00,2025-12-09T19:00:00-00:00,2025-12-09,11,0,Hourly,RU,AS_NP26_EXP,DAM,RU_CLR_PRC,1.33,24
2025-12-10T11:00:00-00:00,2025-12-10T12:00:00-00:00,2025-12-10,4,0,Hourly,RU,AS_CAISO,DAM,RU_CLR_PRC,0,25
2025-12-11T06:00:00-00:00,2025-12-11T07:00:00-00:00,2025-12-10,23,0,Hourly,RU,AS_SP26_EXP,DAM,RU_CLR_PRC,0,25
2025-12-10T10:00:00-00:00,2025-12-10T11:00:00-00:00,2025-12-10,3,0,Hourly,RU,AS_CAISO_EXP,DAM,RU_CLR_PRC,1.02055,25
2025-12-10T10:00:00-00:00,2025-12-10T11:00:00-00:00,2025-12-10,3,0,Hourly,RU,AS_NP26,DAM,RU_CLR_PRC,0,25
2025-12-10T12:00:00-00:00,2025-12-10T13:00:00-00:00,2025-12-10,5,0,Hourly,RU,AS_CAISO,DAM,RU_CLR_PRC,0,25
2025-12-10T12:00:00-00:00,2025-12-10T13:00:00-00:00,2025-12-10,5,0,Hourly,RU,AS_SP26_EXP,DAM,RU_CLR_PRC,0,25
2025-12-10T15:00:00-00:00,2025-12-10T16:00:00-00:00,2025-12-10,8,0,Hourly,RU,AS_CAISO,DAM,RU_CLR_PRC,0,25
2025-12-10T16:00:00-00:00,2025-12-10T17:00:00-00:00,2025-12-10,9,0,Hourly,RU,AS_CAISO_EXP,DAM,RU_CLR_PRC,0.32865,25
2025-12-10T16:00:00-00:00,2025-12-10T17:00:00-00:00,2025-12-10,9,0,Hourly,RU,AS_NP26_EXP,DAM,RU_CLR_PRC,1.17135,25
2025-12-10T17:00:00-00:00,2025-12-10T18:00:00-00:00,2025-12-10,10,0,Hourly,RU,AS_SP26_EXP,DAM,RU_CLR_PRC,0,25
2025-12-10T19:00:00-00:00,2025-12-10T20:00:00-00:00,2025-12-10,12,0,Hourly,RU,AS_CAISO_EXP,DAM,RU_CLR_PRC,0.17,25
2025-12-10T20:00:00-00:00,2025-12-10T21:00:00-00:00,2025-12-10,13,0,Hourly,RU,AS_NP26_EXP,DAM,RU_CLR_PRC,0.46096,25
2025-12-10T22:00:00-00:00,2025-12-10T23:00:00-00:00,2025-12-10,15,0,Hourly,RU,AS_CAISO_EXP,DAM,RU_CLR_PRC,0.67,25
2025-12-11T00:00:00-00:00,2025-12-11T01:00:00-00:00,2025-12-10,17,0,Hourly,RU,AS_CAISO_EXP,DAM,RU_CLR_PRC,0.5,25
2025-12-11T02:00:00-00:00,2025-12-11T03:00:00-00:00,2025-12-10,19,0,Hourly,RU,AS_CAISO,DAM,RU_CLR_PRC,0,25
2025-12-11T02:00:00-00:00,2025-12-11T03:00:00-00:00,2025-12-10,19,0,Hourly,RU,AS_SP26,DAM,RU_CLR_PRC,0,25
2025-12-11T00:00:00-00:00,2025-12-11T01:00:00-00:00,2025-12-10,17,0,Hourly,RU,AS_NP26,DAM,RU_CLR_PRC,0,25
2025-12-11T00:00:00-00:00,2025-12-11T01:00:00-00:00,2025-12-10,17,0,Hourly,RU,AS_SP26_EXP,DAM,RU_CLR_PRC,0.01,25
2025-12-11T04:00:00-00:00,2025-12-11T05:00:00-00:00,2025-12-10,21,0,Hourly,RU,AS_CAISO_EXP,DAM,RU_CLR_PRC,0.55,25
2025-12-11T06:00:00-00:00,2025-12-11T07:00:00-00:00,2025-12-10,23,0,Hourly,RU,AS_CAISO_EXP,DAM,RU_CLR_PRC,1.49122,25
2025-12-11T06:00:00-00:00,2025-12-11T07:00:00-00:00,2025-12-10,23,0,Hourly,RU,AS_NP26,DAM,RU_CLR_PRC,0,25
2025-12-11T07:00:00-00:00,2025-12-11T08:00:00-00:00,2025-12-10,24,0,Hourly,RU,AS_SP26,DAM,RU_CLR_PRC,0,25
2025-12-10T09:00:00-00:00,2025-12-10T10:00:00-00:00,2025-12-10,2,0,Hourly,RU,AS_NP26,DAM,RU_CLR_PRC,0,25
2025-12-10T10:00:00-00:00,2025-12-10T11:00:00-00:00,2025-12-10,3,0,Hourly,RU,AS_CAISO,DAM,RU_CLR_PRC,0,25
2025-12-10T11:00:00-00:00,2025-12-10T12:00:00-00:00,2025-12-10,4,0,Hourly,RU,AS_NP26_EXP,DAM,RU_CLR_PRC,0,25
2025-12-10T12:00:00-00:00,2025-12-10T13:00:00-00:00,2025-12-10,5,0,Hourly,RU,AS_NP26,DAM,RU_CLR_PRC,0,25
2025-12-10T12:00:00-00:00,2025-12-10T13:00:00-00:00,2025-12-10,5,0,Hourly,RU,AS_NP26_EXP,DAM,RU_CLR_PRC,0,25
2025-12-10T14:00:00-00:00,2025-12-10T15:00:00-00:00,2025-12-10,7,0,Hourly,RU,AS_NP26,DAM,RU_CLR_PRC,0,25
2025-12-10T15:00:00-00:00,2025-12-10T16:00:00-00:00,2025-12-10,8,0,Hourly,RU,AS_CAISO_EXP,DAM,RU_CLR_PRC,2.20165,25
2025-12-10T22:00:00-00:00,2025-12-10T23:00:00-00:00,2025-12-10,15,0,Hourly,RU,AS_SP26,DAM,RU_CLR_PRC,0,25
2025-12-11T00:00:00-00:00,2025-12-11T01:00:00-00:00,2025-12-10,17,0,Hourly,RU,AS_SP26,DAM,RU_CLR_PRC,0,25
2025-12-11T01:00:00-00:00,2025-12-11T02:00:00-00:00,2025-12-10,18,0,Hourly,RU,AS_NP26_EXP,DAM,RU_CLR_PRC,1.08,25
2025-12-11T02:00:00-00:00,2025-12-11T03:00:00-00:00,2025-12-10,19,0,Hourly,RU,AS_NP26_EXP,DAM,RU_CLR_PRC,1,25
2025-12-11T05:00:00-00:00,2025-12-11T06:00:00-00:00,2025-12-10,22,0,Hourly,RU,AS_NP26_EXP,DAM,RU_CLR_PRC,0,25
2025-12-11T05:00:00-00:00,2025-12-11T06:00:00-00:00,2025-12-10,22,0,Hourly,RU,AS_SP26_EXP,DAM,RU_CLR_PRC,0,25
2025-12-11T07:00:00-00:00,2025-12-11T08:00:00-00:00,2025-12-10,24,0,Hourly,RU,AS_CAISO_EXP,DAM,RU_CLR_PRC,1,25
2025-12-10T08:00:00-00:00,2025-12-10T09:00:00-00:00,2025-12-10,1,0,Hourly,RU,AS_SP26,DAM,RU_CLR_PRC,0,25
2025-12-10T12:00:00-00:00,2025-12-10T13:00:00-00:00,2025-12-10,5,0,Hourly,RU,AS_CAISO_EXP,DAM,RU_CLR_PRC,0.5,25
2025-12-10T13:00:00-00:00,2025-12-10T14:00:00-00:00,2025-12-10,6,0,Hourly,RU,AS_NP26,DAM,RU_CLR_PRC,0,25
2025-12-10T13:00:00-00:00,2025-12-10T14:00:00-00:00,2025-12-10,6,0,Hourly,RU,AS_SP26,DAM,RU_CLR_PRC,0,25
2025-12-10T14:00:00-00:00,2025-12-10T15:00:00-00:00,2025-12-10,7,0,Hourly,RU,AS_NP26_EXP,DAM,RU_CLR_PRC,0,25
2025-12-10T14:00:00-00:00,2025-12-10T15:00:00-00:00,2025-12-10,7,0,Hourly,RU,AS_SP26,DAM,RU_CLR_PRC,0,25
2025-12-10T15:00:00-00:00,2025-12-10T16:00:00-00:00,2025-12-10,8,0,Hourly,RU,AS_SP26_EXP,DAM,RU_CLR_PRC,0,25
2025-12-10T16:00:00-00:00,2025-12-10T17:00:00-00:00,2025-12-10,9,0,Hourly,RU,AS_NP26,DAM,RU_CLR_PRC,0,25
2025-12-10T17:00:00-00:00,2025-12-10T18:00:00-00:00,2025-12-10,10,0,Hourly,RU,AS_NP26_EXP,DAM,RU_CLR_PRC,1.33,25
2025-12-10T18:00:00-00:00,2025-12-10T19:00:00-00:00,2025-12-10,11,0,Hourly,RU,AS_NP26,DAM,RU_CLR_PRC,0,25
2025-12-10T18:00:00-00:00,2025-12-10T19:00:00-00:00,2025-12-10,11,0,Hourly,RU,AS_SP26_EXP,DAM,RU_CLR_PRC,0,25
2025-12-10T22:00:00-00:00,2025-12-10T23:00:00-00:00,2025-12-10,15,0,Hourly,RU,AS_NP26,DAM,RU_CLR_PRC,0,25
2025-12-10T22:00:00-00:00,2025-12-10T23:00:00-00:00,2025-12-10,15,0,Hourly,RU,AS_NP26_EXP,DAM,RU_CLR_PRC,1.52061,25
2025-12-10T22:00:00-00:00,2025-12-10T23:00:00-00:00,2025-12-10,15,0,Hourly,RU,AS_SP26_EXP,DAM,RU_CLR_PRC,0,25
2025-12-11T01:00:00-00:00,2025-12-11T02:00:00-00:00,2025-12-10,18,0,Hourly,RU,AS_CAISO_EXP,DAM,RU_CLR_PRC,0.42,25
2025-12-11T02:00:00-00:00,2025-12-11T03:00:00-00:00,2025-12-10,19,0,Hourly,RU,AS_SP26_EXP,DAM,RU_CLR_PRC,0,25
2025-12-11T03:00:00-00:00,2025-12-11T04:00:00-00:00,2025-12-10,20,0,Hourly,RU,AS_CAISO_EXP,DAM,RU_CLR_PRC,0.19228,25
2025-12-11T03:00:00-00:00,2025-12-11T04:00:00-00:00,2025-12-10,20,0,Hourly,RU,AS_NP26_EXP,DAM,RU_CLR_PRC,1.12476,25
2025-12-11T04:00:00-00:00,2025-12-11T05:00:00-00:00,2025-12-10,21,0,Hourly,RU,AS_CAISO,DAM,RU_CLR_PRC,0,25
2025-12-11T06:00:00-00:00,2025-12-11T07:00:00-00:00,2025-12-10,23,0,Hourly,RU,AS_NP26_EXP,DAM,RU_CLR_PRC,0.5,25
2025-12-10T13:00:00-00:00,2025-12-10T14:00:00-00:00,2025-12-10,6,0,Hourly,RU,AS_NP26_EXP,DAM,RU_CLR_PRC,0.1,25
2025-12-10T15:00:00-00:00,2025-12-10T16:00:00-00:00,2025-12-10,8,0,Hourly,RU,AS_SP26,DAM,RU_CLR_PRC,0,25
2025-12-10T17:00:00-00:00,2025-12-10T18:00:00-00:00,2025-12-10,10,0,Hourly,RU,AS_CAISO_EXP,DAM,RU_CLR_PRC,0.17,25
2025-12-10T18:00:00-00:00,2025-12-10T19:00:00-00:00,2025-12-10,11,0,Hourly,RU,AS_CAISO,DAM,RU_CLR_PRC,0,25
2025-12-10T18:00:00-00:00,2025-12-10T19:00:00-00:00,2025-12-10,11,0,Hourly,RU,AS_CAISO_EXP,DAM,RU_CLR_PRC,0.17,25
2025-12-10T18:00:00-00:00,2025-12-10T19:00:00-00:00,2025-12-10,11,0,Hourly,RU,AS_NP26_EXP,DAM,RU_CLR_PRC,0.93649,25
2025-12-10T19:00:00-00:00,2025-12-10T20:00:00-00:00,2025-12-10,12,0,Hourly,RU,AS_CAISO,DAM,RU_CLR_PRC,0,25
2025-12-10T19:00:00-00:00,2025-12-10T20:00:00-00:00,2025-12-10,12,0,Hourly,RU,AS_NP26,DAM,RU_CLR_PRC,0,25
2025-12-10T21:00:00-00:00,2025-12-10T22:00:00-00:00,2025-12-10,14,0,Hourly,RU,AS_CAISO_EXP,DAM,RU_CLR_PRC,0.3,25
2025-12-10T23:00:00-00:00,2025-12-11T00:00:00-00:00,2025-12-10,16,0,Hourly,RU,AS_CAISO_EXP,DAM,RU_CLR_PRC,0.52,25
2025-12-10T23:00:00-00:00,2025-12-11T00:00:00-00:00,2025-12-10,16,0,Hourly,RU,AS_NP26,DAM,RU_CLR_PRC,0,25
2025-12-10T23:00:00-00:00,2025-12-11T00:00:00-00:00,2025-12-10,16,0,Hourly,RU,AS_NP26_EXP,DAM,RU_CLR_PRC,2.18,25
2025-12-11T01:00:00-00:00,2025-12-11T02:00:00-00:00,2025-12-10,18,0,Hourly,RU,AS_CAISO,DAM,RU_CLR_PRC,0,25
2025-12-11T01:00:00-00:00,2025-12-11T02:00:00-00:00,2025-12-10,18,0,Hourly,RU,AS_SP26,DAM,RU_CLR_PRC,0,25
2025-12-11T01:00:00-00:00,2025-12-11T02:00:00-00:00,2025-12-10,18,0,Hourly,RU,AS_SP26_EXP,DAM,RU_CLR_PRC,0,25
2025-12-11T04:00:00-00:00,2025-12-11T05:00:00-00:00,2025-12-10,21,0,Hourly,RU,AS_NP26,DAM,RU_CLR_PRC,0,25
2025-12-11T05:00:00-00:00,2025-12-11T06:00:00-00:00,2025-12-10,22,0,Hourly,RU,AS_CAISO,DAM,RU_CLR_PRC,0,25
2025-12-11T05:00:00-00:00,2025-12-11T06:00:00-00:00,2025-12-10,22,0,Hourly,RU,AS_CAISO_EXP,DAM,RU_CLR_PRC,1.13494,25
2025-12-11T05:00:00-00:00,2025-12-11T06:00:00-00:00,2025-12-10,22,0,Hourly,RU,AS_SP26,DAM,RU_CLR_PRC,0,25
2025-12-11T06:00:00-00:00,2025-12-11T07:00:00-00:00,2025-12-10,23,0,Hourly,RU,AS_SP26,DAM,RU_CLR_PRC,0,25
2025-12-11T07:00:00-00:00,2025-12-11T08:00:00-00:00,2025-12-10,24,0,Hourly,RU,AS_CAISO,DAM,RU_CLR_PRC,0,25
2025-12-11T07:00:00-00:00,2025-12-11T08:00:00-00:00,2025-12-10,24,0,Hourly,RU,AS_NP26,DAM,RU_CLR_PRC,0,25
2025-12-10T08:00:00-00:00,2025-12-10T09:00:00-00:00,2025-12-10,1,0,Hourly,RU,AS_CAISO_EXP,DAM,RU_CLR_PRC,1,25
2025-12-10T09:00:00-00:00,2025-12-10T10:00:00-00:00,2025-12-10,2,0,Hourly,RU,AS_SP26,DAM,RU_CLR_PRC,0,25
2025-12-10T10:00:00-00:00,2025-12-10T11:00:00-00:00,2025-12-10,3,0,Hourly,RU,AS_SP26_EXP,DAM,RU_CLR_PRC,0,25
2025-12-10T11:00:00-00:00,2025-12-10T12:00:00-00:00,2025-12-10,4,0,Hourly,RU,AS_NP26,DAM,RU_CLR_PRC,0,25
2025-12-10T13:00:00-00:00,2025-12-10T14:00:00-00:00,2025-12-10,6,0,Hourly,RU,AS_CAISO,DAM,RU_CLR_PRC,0,25
2025-12-10T13:00:00-00:00,2025-12-10T14:00:00-00:00,2025-12-10,6,0,Hourly,RU,AS_CAISO_EXP,DAM,RU_CLR_PRC,0.5,25
2025-12-10T14:00:00-00:00,2025-12-10T15:00:00-00:00,2025-12-10,7,0,Hourly,RU,AS_CAISO,DAM,RU_CLR_PRC,0,25
2025-12-10T14:00:00-00:00,2025-12-10T15:00:00-00:00,2025-12-10,7,0,Hourly,RU,AS_CAISO_EXP,DAM,RU_CLR_PRC,1.18514,25
2025-12-10T15:00:00-00:00,2025-12-10T16:00:00-00:00,2025-12-10,8,0,Hourly,RU,AS_NP26_EXP,DAM,RU_CLR_PRC,0,25
2025-12-10T17:00:00-00:00,2025-12-10T18:00:00-00:00,2025-12-10,10,0,Hourly,RU,AS_CAISO,DAM,RU_CLR_PRC,0,25
2025-12-10T17:00:00-00:00,2025-12-10T18:00:00-00:00,2025-12-10,10,0,Hourly,RU,AS_NP26,DAM,RU_CLR_PRC,0,25
2025-12-10T21:00:00-00:00,2025-12-10T22:00:00-00:00,2025-12-10,14,0,Hourly,RU,AS_SP26_EXP,DAM,RU_CLR_PRC,0,25
2025-12-10T22:00:00-00:00,2025-12-10T23:00:00-00:00,2025-12-10,15,0,Hourly,RU,AS_CAISO,DAM,RU_CLR_PRC,0,25
2025-12-11T01:00:00-00:00,2025-12-11T02:00:00-00:00,2025-12-10,18,0,Hourly,RU,AS_NP26,DAM,RU_CLR_PRC,0,25
2025-12-11T03:00:00-00:00,2025-12-11T04:00:00-00:00,2025-12-10,20,0,Hourly,RU,AS_NP26,DAM,RU_CLR_PRC,0,25
2025-12-11T04:00:00-00:00,2025-12-11T05:00:00-00:00,2025-12-10,21,0,Hourly,RU,AS_SP26_EXP,DAM,RU_CLR_PRC,0,25
2025-12-10T08:00:00-00:00,2025-12-10T09:00:00-00:00,2025-12-10,1,0,Hourly,RU,AS_NP26_EXP,DAM,RU_CLR_PRC,0.5,25
2025-12-10T08:00:00-00:00,2025-12-10T09:00:00-00:00,2025-12-10,1,0,Hourly,RU,AS_CAISO,DAM,RU_CLR_PRC,0,25
2025-12-10T09:00:00-00:00,2025-12-10T10:00:00-00:00,2025-12-10,2,0,Hourly,RU,AS_CAISO,DAM,RU_CLR_PRC,0,25
2025-12-10T09:00:00-00:00,2025-12-10T10:00:00-00:00,2025-12-10,2,0,Hourly,RU,AS_CAISO_EXP,DAM,RU_CLR_PRC,0.57,25
2025-12-10T11:00:00-00:00,2025-12-10T12:00:00-00:00,2025-12-10,4,0,Hourly,RU,AS_CAISO_EXP,DAM,RU_CLR_PRC,0.5,25
2025-12-10T11:00:00-00:00,2025-12-10T12:00:00-00:00,2025-12-10,4,0,Hourly,RU,AS_SP26,DAM,RU_CLR_PRC,0,25
2025-12-10T12:00:00-00:00,2025-12-10T13:00:00-00:00,2025-12-10,5,0,Hourly,RU,AS_SP26,DAM,RU_CLR_PRC,0,25
2025-12-10T16:00:00-00:00,2025-12-10T17:00:00-00:00,2025-12-10,9,0,Hourly,RU,AS_CAISO,DAM,RU_CLR_PRC,0,25
2025-12-10T18:00:00-00:00,2025-12-10T19:00:00-00:00,2025-12-10,11,0,Hourly,RU,AS_SP26,DAM,RU_CLR_PRC,0,25
2025-12-10T19:00:00-00:00,2025-12-10T20:00:00-00:00,2025-12-10,12,0,Hourly,RU,AS_NP26_EXP,DAM,RU_CLR_PRC,0.63416,25
2025-12-10T20:00:00-00:00,2025-12-10T21:00:00-00:00,2025-12-10,13,0,Hourly,RU,AS_SP26,DAM,RU_CLR_PRC,0,25
2025-12-10T21:00:00-00:00,2025-12-10T22:00:00-00:00,2025-12-10,14,0,Hourly,RU,AS_NP26,DAM,RU_CLR_PRC,0,25
2025-12-10T21:00:00-00:00,2025-12-10T22:00:00-00:00,2025-12-10,14,0,Hourly,RU,AS_NP26_EXP,DAM,RU_CLR_PRC,0.78575,25
2025-12-10T23:00:00-00:00,2025-12-11T00:00:00-00:00,2025-12-10,16,0,Hourly,RU,AS_CAISO,DAM,RU_CLR_PRC,0,25
2025-12-11T02:00:00-00:00,2025-12-11T03:00:00-00:00,2025-12-10,19,0,Hourly,RU,AS_NP26,DAM,RU_CLR_PRC,0,25
2025-12-11T03:00:00-00:00,2025-12-11T04:00:00-00:00,2025-12-10,20,0,Hourly,RU,AS_CAISO,DAM,RU_CLR_PRC,0,25
2025-12-11T04:00:00-00:00,2025-12-11T05:00:00-00:00,2025-12-10,21,0,Hourly,RU,AS_NP26_EXP,DAM,RU_CLR_PRC,0,25
2025-12-11T05:00:00-00:00,2025-12-11T06:00:00-00:00,2025-12-10,22,0,Hourly,RU,AS_NP26,DAM,RU_CLR_PRC,0,25
2025-12-11T07:00:00-00:00,2025-12-11T08:00:00-00:00,2025-12-10,24,0,Hourly,RU,AS_NP26_EXP,DAM,RU_CLR_PRC,0.5,25
2025-12-11T07:00:00-00:00,2025-12-11T08:00:00-00:00,2025-12-10,24,0,Hourly,RU,AS_SP26_EXP,DAM,RU_CLR_PRC,0,25
2025-12-10T08:00:00-00:00,2025-12-10T09:00:00-00:00,2025-12-10,1,0,Hourly,RU,AS_SP26_EXP,DAM,RU_CLR_PRC,0,25
2025-12-10T10:00:00-00:00,2025-12-10T11:00:00-00:00,2025-12-10,3,0,Hourly,RU,AS_NP26_EXP,DAM,RU_CLR_PRC,0.08945,25
2025-12-10T11:00:00-00:00,2025-12-10T12:00:00-00:00,2025-12-10,4,0,Hourly,RU,AS_SP26_EXP,DAM,RU_CLR_PRC,0,25
2025-12-10T14:00:00-00:00,2025-12-10T15:00:00-00:00,2025-12-10,7,0,Hourly,RU,AS_SP26_EXP,DAM,RU_CLR_PRC,0,25
2025-12-10T15:00:00-00:00,2025-12-10T16:00:00-00:00,2025-12-10,8,0,Hourly,RU,AS_NP26,DAM,RU_CLR_PRC,0,25
2025-12-10T16:00:00-00:00,2025-12-10T17:00:00-00:00,2025-12-10,9,0,Hourly,RU,AS_SP26,DAM,RU_CLR_PRC,0,25
2025-12-10T20:00:00-00:00,2025-12-10T21:00:00-00:00,2025-12-10,13,0,Hourly,RU,AS_SP26_EXP,DAM,RU_CLR_PRC,0,25
2025-12-10T21:00:00-00:00,2025-12-10T22:00:00-00:00,2025-12-10,14,0,Hourly,RU,AS_CAISO,DAM,RU_CLR_PRC,0,25
2025-12-10T21:00:00-00:00,2025-12-10T22:00:00-00:00,2025-12-10,14,0,Hourly,RU,AS_SP26,DAM,RU_CLR_PRC,0,25
2025-12-10T23:00:00-00:00,2025-12-11T00:00:00-00:00,2025-12-10,16,0,Hourly,RU,AS_SP26,DAM,RU_CLR_PRC,0,25
2025-12-11T00:00:00-00:00,2025-12-11T01:00:00-00:00,2025-12-10,17,0,Hourly,RU,AS_NP26_EXP,DAM,RU_CLR_PRC,0,25
2025-12-11T00:00:00-00:00,2025-12-11T01:00:00-00:00,2025-12-10,17,0,Hourly,RU,AS_CAISO,DAM,RU_CLR_PRC,0,25
2025-12-11T02:00:00-00:00,2025-12-11T03:00:00-00:00,2025-12-10,19,0,Hourly,RU,AS_CAISO_EXP,DAM,RU_CLR_PRC,0.5,25
2025-12-11T03:00:00-00:00,2025-12-11T04:00:00-00:00,2025-12-10,20,0,Hourly,RU,AS_SP26,DAM,RU_CLR_PRC,0,25
2025-12-11T03:00:00-00:00,2025-12-11T04:00:00-00:00,2025-12-10,20,0,Hourly,RU,AS_SP26_EXP,DAM,RU_CLR_PRC,0,25
2025-12-11T04:00:00-00:00,2025-12-11T05:00:00-00:00,2025-12-10,21,0,Hourly,RU,AS_SP26,DAM,RU_CLR_PRC,0,25
2025-12-11T06:00:00-00:00,2025-12-11T07:00:00-00:00,2025-12-10,23,0,Hourly,RU,AS_CAISO,DAM,RU_CLR_PRC,0,25
2025-12-10T08:00:00-00:00,2025-12-10T09:00:00-00:00,2025-12-10,1,0,Hourly,RU,AS_NP26,DAM,RU_CLR_PRC,0,25
2025-12-10T09:00:00-00:00,2025-12-10T10:00:00-00:00,2025-12-10,2,0,Hourly,RU,AS_NP26_EXP,DAM,RU_CLR_PRC,0.93,25
2025-12-10T09:00:00-00:00,2025-12-10T10:00:00-00:00,2025-12-10,2,0,Hourly,RU,AS_SP26_EXP,DAM,RU_CLR_PRC,0,25
2025-12-10T10:00:00-00:00,2025-12-10T11:00:00-00:00,2025-12-10,3,0,Hourly,RU,AS_SP26,DAM,RU_CLR_PRC,0,25
2025-12-10T13:00:00-00:00,2025-12-10T14:00:00-00:00,2025-12-10,6,0,Hourly,RU,AS_SP26_EXP,DAM,RU_CLR_PRC,0,25
2025-12-10T16:00:00-00:00,2025-12-10T17:00:00-00:00,2025-12-10,9,0,Hourly,RU,AS_SP26_EXP,DAM,RU_CLR_PRC,0,25
2025-12-10T17:00:00-00:00,2025-12-10T18:00:00-00:00,2025-12-10,10,0,Hourly,RU,AS_SP26,DAM,RU_CLR_PRC,0,25
2025-12-10T19:00:00-00:00,2025-12-10T20:00:00-00:00,2025-12-10,12,0,Hourly,RU,AS_SP26,DAM,RU_CLR_PRC,0,25
2025-12-10T19:00:00-00:00,2025-12-10T20:00:00-00:00,2025-12-10,12,0,Hourly,RU,AS_SP26_EXP,DAM,RU_CLR_PRC,0,25
2025-12-10T20:00:00-00:00,2025-12-10T21:00:00-00:00,2025-12-10,13,0,Hourly,RU,AS_CAISO,DAM,RU_CLR_PRC,0,25
2025-12-10T20:00:00-00:00,2025-12-10T21:00:00-00:00,2025-12-10,13,0,Hourly,RU,AS_CAISO_EXP,DAM,RU_CLR_PRC,0.19198,25
2025-12-10T20:00:00-00:00,2025-12-10T21:00:00-00:00,2025-12-10,13,0,Hourly,RU,AS_NP26,DAM,RU_CLR_PRC,0,25
2025-12-10T23:00:00-00:00,2025-12-11T00:00:00-00:00,2025-12-10,16,0,Hourly,RU,AS_SP26_EXP,DAM,RU_CLR_PRC,0,25
