INTERVALSTARTTIME_GMT,INTERVALENDTIME_GMT,OPR_DT,OPR_HR,OPR_INTERVAL,OPR_TYPE,ANC_TYPE,ANC_REGION,MARKET_RUN_ID,XML_DATA_ITEM,MW,GROUP
2024-08-23T14:00:00-00:00,2024-08-23T15:00:00-00:00,2024-08-23,8,0,Hourly,RD,AS_SP26_EXP,DAM,RD_CLR_PRC,1.46,1
2024-08-23T17:00:00-00:00,2024-08-23T18:00:00-00:00,2024-08-23,11,0,Hourly,RD,AS_NP26_EXP,DAM,RD_CLR_PRC,1.03901,1
2024-08-23T18:00:00-00:00,2024-08-23T19:00:00-00:00,2024-08-23,12,0,Hourly,RD,AS_CAISO,DAM,RD_CLR_PRC,0,1
2024-08-23T19:00:00-00:00,2024-08-23T20:00:00-00:00,2024-08-23,13,0,Hourly,RD,AS_SP26_EXP,DAM,RD_CLR_PRC,0,1
2024-08-23T21:00:00-00:00,2024-08-23T22:00:00-00:00,2024-08-23,15,0,Hourly,RD,AS_SP26_EXP,DAM,RD_CLR_PRC,0,1
2024-08-23T22:00:00-00:00,2024-08-23T23:00:00-00:00,2024-08-23,16,0,Hourly,RD,AS_CAISO,DAM,RD_CLR_PRC,0,1
2024-08-23T22:00:00-00:00,2024-08-23T23:00:00-00:00,2024-08-23,16,0,Hourly,RD,AS_SP26,DAM,RD_CLR_PRC,0,1
2024-08-24T01:00:00-00:00,2024-08-24T02:00:00-00:00,2024-08-23,19,0,Hourly,RD,AS_CAISO,DAM,RD_CLR_PRC,0,1
2024-08-24T01:00:00-00:00,2024-08-24T02:00:00-00:00,2024-08-23,19,0,Hourly,RD,AS_CAISO_EXP,DAM,RD_CLR_PRC,3.9,1
2024-08-24T04:00:00-00:00,2024-08-24T05:00:00-00:00,2024-08-23,22,0,Hourly,RD,AS_CAISO,DAM,RD_CLR_PRC,0,1
2024-08-23T19:00:00-00:00,2024-08-23T20:00:00-00:00,2024-08-23,13,0,Hourly,RD,AS_NP26,DAM,RD_CLR_PRC,0,1
2024-08-23T21:00:00-00:00,2024-08-23T22:00:00-00:00,2024-08-23,15,0,Hourly,RD,AS_NP26,DAM,RD_CLR_PRC,0,1
2024-08-23T23:00:00-00:00,2024-08-24T00:00:00-00:00,2024-08-23,17,0,Hourly,RD,AS_CAISO,DAM,RD_CLR_PRC,0,1
2024-08-23T23:00:00-00:00,2024-08-24T00:00:00-00:00,2024-08-23,17,0,Hourly,RD,AS_NP26_EXP,DAM,RD_CLR_PRC,0,1
2024-08-24T00:00:00-00:00,2024-08-24T01:00:00-00:00,2024-08-23,18,0,Hourly,RD,AS_NP26,DAM,RD_CLR_PRC,0,1
2024-08-24T02:00:00-00:00,2024-08-24T03:00:00-00:00,2024-08-23,20,0,Hourly,RD,AS_SP26,DAM,RD_CLR_PRC,0,1
2024-08-24T03:00:00-00:00,2024-08-24T04:00:00-00:00,2024-08-23,21,0,Hourly,RD,AS_NP26,DAM,RD_CLR_PRC,0,1
2024-08-24T06:00:00-00:00,2024-08-24T07:00:00-00:00,2024-08-23,24,0,Hourly,RD,AS_NP26_EXP,DAM,RD_CLR_PRC,1.14289,1
2024-08-23T19:00:00-00:00,2024-08-23T20:00:00-00:00,2024-08-23,13,0,Hourly,RD,AS_SP26,DAM,RD_CLR_PRC,0,1
2024-08-23T20:00:00-00:00,2024-08-23T21:00:00-00:00,2024-08-23,14,0,Hourly,RD,AS_NP26,DAM,RD_CLR_PRC,0,1
2024-08-23T22:00:00-00:00,2024-08-23T23:00:00-00:00,2024-08-23,16,0,Hourly,RD,AS_CAISO_EXP,DAM,RD_CLR_PRC,4.23,1
2024-08-23T23:00:00-00:00,2024-08-24T00:00:00-00:00,2024-08-23,17,0,Hourly,RD,AS_SP26,DAM,RD_CLR_PRC,0,1
2024-08-23T23:00:00-00:00,2024-08-24T00:00:00-00:00,2024-08-23,17,0,Hourly,RD,AS_SP26_EXP,DAM,RD_CLR_PRC,0.94346,1
2024-08-24T00:00:00-00:00,2024-08-24T01:00:00-00:00,2024-08-23,18,0,Hourly,RD,AS_NP26_EXP,DAM,RD_CLR_PRC,0,1
2024-08-24T02:00:00-00:00,2024-08-24T03:00:00-00:00,2024-08-23,20,0,Hourly,RD,AS_CAISO_EXP,DAM,RD_CLR_PRC,7.11,1
2024-08-24T02:00:00-00:00,2024-08-24T03:00:00-00:00,2024-08-23,20,0,Hourly,RD,AS_SP26_EXP,DAM,RD_CLR_PRC,0,1
2024-08-24T05:00:00-00:00,2024-08-24T06:00:00-00:00,2024-08-23,23,0,Hourly,RD,AS_SP26,DAM,RD_CLR_PRC,0,1
2024-08-23T09:00:00-00:00,2024-08-23T10:00:00-00:00,2024-08-23,3,0,Hourly,RD,AS_CAISO,DAM,RD_CLR_PRC,0,1
2024-08-23T10:00:00-00:00,2024-08-23T11:00:00-00:00,2024-08-23,4,0,Hourly,RD,AS_NP26_EXP,DAM,RD_CLR_PRC,0.31839,1
2024-08-23T10:00:00-00:00,2024-08-23T11:00:00-00:00,2024-08-23,4,0,Hourly,RD,AS_SP26_EXP,DAM,RD_CLR_PRC,0,1
2024-08-23T12:00:00-00:00,2024-08-23T13:00:00-00:00,2024-08-23,6,0,Hourly,RD,AS_CAISO,DAM,RD_CLR_PRC,0,1
2024-08-23T12:00:00-00:00,2024-08-23T13:00:00-00:00,2024-08-23,6,0,Hourly,RD,AS_NP26,DAM,RD_CLR_PRC,0,1
2024-08-23T13:00:00-00:00,2024-08-23T14:00:00-00:00,2024-08-23,7,0,Hourly,RD,AS_NP26_EXP,DAM,RD_CLR_PRC,0,1
2024-08-23T14:00:00-00:00,2024-08-23T15:00:00-00:00,2024-08-23,8,0,Hourly,RD,AS_NP26_EXP,DAM,RD_CLR_PRC,0,1
2024-08-23T15:00:00-00:00,2024-08-23T16:00:00-00:00,2024-08-23,9,0,Hourly,RD,AS_SP26_EXP,DAM,RD_CLR_PRC,0,1
2024-08-23T16:00:00-00:00,2024-08-23T17:00:00-00:00,2024-08-23,10,0,Hourly,RD,AS_NP26_EXP,DAM,RD_CLR_PRC,2.92807,1
2024-08-23T16:00:00-00:00,2024-08-23T17:00:00-00:00,2024-08-23,10,0,Hourly,RD,AS_SP26,DAM,RD_CLR_PRC,0,1
2024-08-23T17:00:00-00:00,2024-08-23T18:00:00-00:00,2024-08-23,11,0,Hourly,RD,AS_CAISO_EXP,DAM,RD_CLR_PRC,2.96099,1
2024-08-23T18:00:00-00:00,2024-08-23T19:00:00-00:00,2024-08-23,12,0,Hourly,RD,AS_NP26,DAM,RD_CLR_PRC,0,1
2024-08-23T08:00:00-00:00,2024-08-23T09:00:00-00:00,2024-08-23,2,0,Hourly,RD,AS_NP26_EXP,DAM,RD_CLR_PRC,0,1
2024-08-23T11:00:00-00:00,2024-08-23T12:00:00-00:00,2024-08-23,5,0,Hourly,RD,AS_SP26_EXP,DAM,RD_CLR_PRC,0,1
2024-08-23T14:00:00-00:00,2024-08-23T15:00:00-00:00,2024-08-23,8,0,Hourly,RD,AS_CAISO_EXP,DAM,RD_CLR_PRC,4,1
2024-08-23T16:00:00-00:00,2024-08-23T17:00:00-00:00,2024-08-23,10,0,Hourly,RD,AS_CAISO_EXP,DAM,RD_CLR_PRC,2.86367,1
2024-08-23T16:00:00-00:00,2024-08-23T17:00:00-00:00,2024-08-23,10,0,Hourly,RD,AS_SP26_EXP,DAM,RD_CLR_PRC,0,1
2024-08-23T20:00:00-00:00,2024-08-23T21:00:00-00:00,2024-08-23,14,0,Hourly,RD,AS_CAISO,DAM,RD_CLR_PRC,0,1
2024-08-23T20:00:00-00:00,2024-08-23T21:00:00-00:00,2024-08-23,14,0,Hourly,RD,AS_NP26_EXP,DAM,RD_CLR_PRC,1.78611,1
2024-08-23T20:00:00-00:00,2024-08-23T21:00:00-00:00,2024-08-23,14,0,Hourly,RD,AS_SP26_EXP,DAM,RD_CLR_PRC,0,1
2024-08-23T21:00:00-00:00,2024-08-23T22:00:00-00:00,2024-08-23,15,0,Hourly,RD,AS_SP26,DAM,RD_CLR_PRC,0,1
2024-08-24T01:00:00-00:00,2024-08-24T02:00:00-00:00,2024-08-23,19,0,Hourly,RD,AS_NP26_EXP,DAM,RD_CLR_PRC,0,1
2024-08-24T03:00:00-00:00,2024-08-24T04:00:00-00:00,2024-08-23,21,0,Hourly,RD,AS_CAISO,DAM,RD_CLR_PRC,0,1
2024-08-24T06:00:00-00:00,2024-08-24T07:00:00-00:00,2024-08-23,24,0,Hourly,RD,AS_SP26_EXP,DAM,RD_CLR_PRC,0,1
2024-08-23T09:00:00-00:00,2024-08-23T10:00:00-00:00,2024-08-23,3,0,Hourly,RD,AS_CAISO_EXP,DAM,RD_CLR_PRC,3.16476,1
2024-08-23T12:00:00-00:00,2024-08-23T13:00:00-00:00,2024-08-23,6,0,Hourly,RD,AS_SP26,DAM,RD_CLR_PRC,0,1
2024-08-23T13:00:00-00:00,2024-08-23T14:00:00-00:00,2024-08-23,7,0,Hourly,RD,AS_NP26,DAM,RD_CLR_PRC,0,1
2024-08-23T14:00:00-00:00,2024-08-23T15:00:00-00:00,2024-08-23,8,0,Hourly,RD,AS_NP26,DAM,RD_CLR_PRC,0,1
2024-08-23T15:00:00-00:00,2024-08-23T16:00:00-00:00,2024-08-23,9,0,Hourly,RD,AS_CAISO,DAM,RD_CLR_PRC,0,1
2024-08-23T15:00:00-00:00,2024-08-23T16:00:00-00:00,2024-08-23,9,0,Hourly,RD,AS_NP26_EXP,DAM,RD_CLR_PRC,2.19222,1
2024-08-23T15:00:00-00:00,2024-08-23T16:00:00-00:00,2024-08-23,9,0,Hourly,RD,AS_SP26,DAM,RD_CLR_PRC,0,1
2024-08-23T16:00:00-00:00,2024-08-23T17:00:00-00:00,2024-08-23,10,0,Hourly,RD,AS_NP26,DAM,RD_CLR_PRC,0,1
2024-08-23T18:00:00-00:00,2024-08-23T19:00:00-00:00,2024-08-23,12,0,Hourly,RD,AS_NP26_EXP,DAM,RD_CLR_PRC,0.79768,1
2024-08-23T19:00:00-00:00,2024-08-23T20:00:00-00:00,2024-08-23,13,0,Hourly,RD,AS_CAISO,DAM,RD_CLR_PRC,0,1
2024-08-23T23:00:00-00:00,2024-08-24T00:00:00-00:00,2024-08-23,17,0,Hourly,RD,AS_CAISO_EXP,DAM,RD_CLR_PRC,5.74,1
2024-08-24T01:00:00-00:00,2024-08-24T02:00:00-00:00,2024-08-23,19,0,Hourly,RD,AS_SP26_EXP,DAM,RD_CLR_PRC,1.46,1
2024-08-24T04:00:00-00:00,2024-08-24T05:00:00-00:00,2024-08-23,22,0,Hourly,RD,AS_SP26_EXP,DAM,RD_CLR_PRC,0,1
2024-08-24T05:00:00-00:00,2024-08-24T06:00:00-00:00,2024-08-23,23,0,Hourly,RD,AS_CAISO_EXP,DAM,RD_CLR_PRC,4.57,1
2024-08-24T05:00:00-00:00,2024-08-24T06:00:00-00:00,2024-08-23,23,0,Hourly,RD,AS_NP26_EXP,DAM,RD_CLR_PRC,0,1
2024-08-24T05:00:00-00:00,2024-08-24T06:00:00-00:00,2024-08-23,23,0,Hourly,RD,AS_SP26_EXP,DAM,RD_CLR_PRC,0,1
2024-08-23T08:00:00-00:00,2024-08-23T09:00:00-00:00,2024-08-23,2,0,Hourly,RD,AS_SP26,DAM,RD_CLR_PRC,0,1
2024-08-23T08:00:00-00:00,2024-08-23T09:00:00-00:00,2024-08-23,2,0,Hourly,RD,AS_SP26_EXP,DAM,RD_CLR_PRC,0,1
2024-08-23T09:00:00-00:00,2024-08-23T10:00:00-00:00,2024-08-23,3,0,Hourly,RD,AS_NP26,DAM,RD_CLR_PRC,0,1
2024-08-23T10:00:00-00:00,2024-08-23T11:00:00-00:00,2024-08-23,4,0,Hourly,RD,AS_CAISO_EXP,DAM,RD_CLR_PRC,2.9365,1
2024-08-23T11:00:00-00:00,2024-08-23T12:00:00-00:00,2024-08-23,5,0,Hourly,RD,AS_NP26,DAM,RD_CLR_PRC,0,1
2024-08-23T12:00:00-00:00,2024-08-23T13:00:00-00:00,2024-08-23,6,0,Hourly,RD,AS_SP26_EXP,DAM,RD_CLR_PRC,0,1
2024-08-23T14:00:00-00:00,2024-08-23T15:00:00-00:00,2024-08-23,8,0,Hourly,RD,AS_SP26,DAM,RD_CLR_PRC,0,1
2024-08-24T02:00:00-00:00,2024-08-24T03:00:00-00:00,2024-08-23,20,0,Hourly,RD,AS_CAISO,DAM,RD_CLR_PRC,0,1
2024-08-24T02:00:00-00:00,2024-08-24T03:00:00-00:00,2024-08-23,20,0,Hourly,RD,AS_NP26,DAM,RD_CLR_PRC,0,1
2024-08-24T03:00:00-00:00,2024-08-24T04:00:00-00:00,2024-08-23,21,0,Hourly,RD,AS_CAISO_EXP,DAM,RD_CLR_PRC,6.11,1
2024-08-24T04:00:00-00:00,2024-08-24T05:00:00-00:00,2024-08-23,22,0,Hourly,RD,AS_CAISO_EXP,DAM,RD_CLR_PRC,4,1
2024-08-24T04:00:00-00:00,2024-08-24T05:00:00-00:00,2024-08-23,22,0,Hourly,RD,AS_NP26_EXP,DAM,RD_CLR_PRC,0,1
2024-08-24T05:00:00-00:00,2024-08-24T06:00:00-00:00,2024-08-23,23,0,Hourly,RD,AS_NP26,DAM,RD_CLR_PRC,0,1
2024-08-24T06:00:00-00:00,2024-08-24T07:00:00-00:00,2024-08-23,24,0,Hourly,RD,AS_CAISO,DAM,RD_CLR_PRC,0,1
2024-08-23T08:00:00-00:00,2024-08-23T09:00:00-00:00,2024-08-23,2,0,Hourly,RD,AS_NP26,DAM,RD_CLR_PRC,0,1
2024-08-23T09:00:00-00:00,2024-08-23T10:00:00-00:00,2024-08-23,3,0,Hourly,RD,AS_SP26,DAM,RD_CLR_PRC,0,1
2024-08-23T11:00:00-00:00,2024-08-23T12:00:00-00:00,2024-08-23,5,0,Hourly,RD,AS_NP26_EXP,DAM,RD_CLR_PRC,0,1
2024-08-23T12:00:00-00:00,2024-08-23T13:00:00-00:00,2024-08-23,6,0,Hourly,RD,AS_NP26_EXP,DAM,RD_CLR_PRC,0.43797,1
2024-08-23T13:00:00-00:00,2024-08-23T14:00:00-00:00,2024-08-23,7,0,Hourly,RD,AS_SP26,DAM,RD_CLR_PRC,0,1
2024-08-23T14:00:00-00:00,2024-08-23T15:00:00-00:00,2024-08-23,8,0,Hourly,RD,AS_CAISO,DAM,RD_CLR_PRC,0,1
2024-08-23T17:00:00-00:00,2024-08-23T18:00:00-00:00,2024-08-23,11,0,Hourly,RD,AS_SP26_EXP,DAM,RD_CLR_PRC,0,1
2024-08-23T19:00:00-00:00,2024-08-23T20:00:00-00:00,2024-08-23,13,0,Hourly,RD,AS_NP26_EXP,DAM,RD_CLR_PRC,0.38285,1
2024-08-23T21:00:00-00:00,2024-08-23T22:00:00-00:00,2024-08-23,15,0,Hourly,RD,AS_CAISO,DAM,RD_CLR_PRC,0,1
2024-08-23T22:00:00-00:00,2024-08-23T23:00:00-00:00,2024-08-23,16,0,Hourly,RD,AS_SP26_EXP,DAM,RD_CLR_PRC,0,1
2024-08-24T00:00:00-00:00,2024-08-24T01:00:00-00:00,2024-08-23,18,0,Hourly,RD,AS_CAISO_EXP,DAM,RD_CLR_PRC,4,1
2024-08-24T00:00:00-00:00,2024-08-24T01:00:00-00:00,2024-08-23,18,0,Hourly,RD,AS_SP26_EXP,DAM,RD_CLR_PRC,3.45,1
2024-08-24T01:00:00-00:00,2024-08-24T02:00:00-00:00,2024-08-23,19,0,Hourly,RD,AS_SP26,DAM,RD_CLR_PRC,0,1
2024-08-23T08:00:00-00:00,2024-08-23T09:00:00-00:00,2024-08-23,2,0,Hourly,RD,AS_CAISO,DAM,RD_CLR_PRC,0,1
2024-08-23T08:00:00-00:00,2024-08-23T09:00:00-00:00,2024-08-23,2,0,Hourly,RD,AS_CAISO_EXP,DAM,RD_CLR_PRC,3.8653,1
2024-08-23T09:00:00-00:00,2024-08-23T10:00:00-00:00,2024-08-23,3,0,Hourly,RD,AS_NP26_EXP,DAM,RD_CLR_PRC,0.66079,1
2024-08-23T09:00:00-00:00,2024-08-23T10:00:00-00:00,2024-08-23,3,0,Hourly,RD,AS_SP26_EXP,DAM,RD_CLR_PRC,0,1
2024-08-23T10:00:00-00:00,2024-08-23T11:00:00-00:00,2024-08-23,4,0,Hourly,RD,AS_CAISO,DAM,RD_CLR_PRC,0,1
2024-08-23T10:00:00-00:00,2024-08-23T11:00:00-00:00,2024-08-23,4,0,Hourly,RD,AS_NP26,DAM,RD_CLR_PRC,0,1
2024-08-23T11:00:00-00:00,2024-08-23T12:00:00-00:00,2024-08-23,5,0,Hourly,RD,AS_CAISO,DAM,RD_CLR_PRC,0,1
2024-08-23T13:00:00-00:00,2024-08-23T14:00:00-00:00,2024-08-23,7,0,Hourly,RD,AS_CAISO,DAM,RD_CLR_PRC,0,1
2024-08-23T13:00:00-00:00,2024-08-23T14:00:00-00:00,2024-08-23,7,0,Hourly,RD,AS_SP26_EXP,DAM,RD_CLR_PRC,0,1
2024-08-23T17:00:00-00:00,2024-08-23T18:00:00-00:00,2024-08-23,11,0,Hourly,RD,AS_SP26,DAM,RD_CLR_PRC,0,1
2024-08-23T18:00:00-00:00,2024-08-23T19:00:00-00:00,2024-08-23,12,0,Hourly,RD,AS_SP26,DAM,RD_CLR_PRC,0,1
2024-08-23T20:00:00-00:00,2024-08-23T21:00:00-00:00,2024-08-23,14,0,Hourly,RD,AS_CAISO_EXP,DAM,RD_CLR_PRC,2.21389,1
2024-08-23T23:00:00-00:00,2024-08-24T00:00:00-00:00,2024-08-23,17,0,Hourly,RD,AS_NP26,DAM,RD_CLR_PRC,0,1
2024-08-24T00:00:00-00:00,2024-08-24T01:00:00-00:00,2024-08-23,18,0,Hourly,RD,AS_CAISO,DAM,RD_CLR_PRC,0,1
2024-08-24T00:00:00-00:00,2024-08-24T01:00:00-00:00,2024-08-23,18,0,Hourly,RD,AS_SP26,DAM,RD_CLR_PRC,0,1
2024-08-24T02:00:00-00:00,2024-08-24T03:00:00-00:00,2024-08-23,20,0,Hourly,RD,AS_NP26_EXP,DAM,RD_CLR_PRC,0,1
2024-08-24T03:00:00-00:00,2024-08-24T04:00:00-00:00,2024-08-23,21,0,Hourly,RD,AS_SP26,DAM,RD_CLR_PRC,0,1
2024-08-24T06:00:00-00:00,2024-08-24T07:00:00-00:00,2024-08-23,24,0,Hourly,RD,AS_SP26,DAM,RD_CLR_PRC,0,1
2024-08-23T15:00:00-00:00,2024-08-23T16:00:00-00:00,2024-08-23,9,0,Hourly,RD,AS_CAISO_EXP,DAM,RD_CLR_PRC,3.02778,1
2024-08-23T17:00:00-00:00,2024-08-23T18:00:00-00:00,2024-08-23,11,0,Hourly,RD,AS_NP26,DAM,RD_CLR_PRC,0,1
2024-08-23T18:00:00-00:00,2024-08-23T19:00:00-00:00,2024-08-23,12,0,Hourly,RD,AS_CAISO_EXP,DAM,RD_CLR_PRC,3.20232,1
2024-08-23T19:00:00-00:00,2024-08-23T20:00:00-00:00,2024-08-23,13,0,Hourly,RD,AS_CAISO_EXP,DAM,RD_CLR_PRC,3.61715,1
2024-08-23T20:00:00-00:00,2024-08-23T21:00:00-00:00,2024-08-23,14,0,Hourly,RD,AS_SP26,DAM,RD_CLR_PRC,0,1
2024-08-23T21:00:00-00:00,2024-08-23T22:00:00-00:00,2024-08-23,15,0,Hourly,RD,AS_CAISO_EXP,DAM,RD_CLR_PRC,2.54828,1
2024-08-23T21:00:00-00:00,2024-08-23T22:00:00-00:00,2024-08-23,15,0,Hourly,RD,AS_NP26_EXP,DAM,RD_CLR_PRC,1.45172,1
2024-08-23T22:00:00-00:00,2024-08-23T23:00:00-00:00,2024-08-23,16,0,Hourly,RD,AS_NP26,DAM,RD_CLR_PRC,0,1
2024-08-23T22:00:00-00:00,2024-08-23T23:00:00-00:00,2024-08-23,16,0,Hourly,RD,AS_NP26_EXP,DAM,RD_CLR_PRC,0,1
2024-08-24T01:00:00-00:00,2024-08-24T02:00:00-00:00,2024-08-23,19,0,Hourly,RD,AS_NP26,DAM,RD_CLR_PRC,0,1
2024-08-24T03:00:00-00:00,2024-08-24T04:00:00-00:00,2024-08-23,21,0,Hourly,RD,AS_NP26_EXP,DAM,RD_CLR_PRC,0,1
2024-08-24T03:00:00-00:00,2024-08-24T04:00:00-00:00,2024-08-23,21,0,Hourly,RD,AS_SP26_EXP,DAM,RD_CLR_PRC,0,1
2024-08-24T04:00:00-00:00,2024-08-24T05:00:00-00:00,2024-08-23,22,0,Hourly,RD,AS_NP26,DAM,RD_CLR_PRC,0,1
2024-08-24T04:00:00-00:00,2024-08-24T05:00:00-00:00,2024-08-23,22,0,Hourly,RD,AS_SP26,DAM,RD_CLR_PRC,0,1
2024-08-24T05:00:00-00:00,2024-08-24T06:00:00-00:00,2024-08-23,23,0,Hourly,RD,AS_CAISO,DAM,RD_CLR_PRC,0,1
2024-08-24T06:00:00-00:00,2024-08-24T07:00:00-00:00,2024-08-23,24,0,Hourly,RD,AS_CAISO_EXP,DAM,RD_CLR_PRC,2.7,1
2024-08-24T06:00:00-00:00,2024-08-24T07:00:00-00:00,2024-08-23,24,0,Hourly,RD,AS_NP26,DAM,RD_CLR_PRC,0,1
2024-08-23T10:00:00-00:00,2024-08-23T11:00:00-00:00,2024-08-23,4,0,Hourly,RD,AS_SP26,DAM,RD_CLR_PRC,0,1
2024-08-23T11:00:00-00:00,2024-08-23T12:00:00-00:00,2024-08-23,5,0,Hourly,RD,AS_CAISO_EXP,DAM,RD_CLR_PRC,3.33,1
2024-08-23T11:00:00-00:00,2024-08-23T12:00:00-00:00,2024-08-23,5,0,Hourly,RD,AS_SP26,DAM,RD_CLR_PRC,0,1
2024-08-23T12:00:00-00:00,2024-08-23T13:00:00-00:00,2024-08-23,6,0,Hourly,RD,AS_CAISO_EXP,DAM,RD_CLR_PRC,4.02354,1
2024-08-23T13:00:00-00:00,2024-08-23T14:00:00-00:00,2024-08-23,7,0,Hourly,RD,AS_CAISO_EXP,DAM,RD_CLR_PRC,5,1
2024-08-23T15:00:00-00:00,2024-08-23T16:00:00-00:00,2024-08-23,9,0,Hourly,RD,AS_NP26,DAM,RD_CLR_PRC,0,1
2024-08-23T16:00:00-00:00,2024-08-23T17:00:00-00:00,2024-08-23,10,0,Hourly,RD,AS_CAISO,DAM,RD_CLR_PRC,0,1
2024-08-23T17:00:00-00:00,2024-08-23T18:00:00-00:00,2024-08-23,11,0,Hourly,RD,AS_CAISO,DAM,RD_CLR_PRC,0,1
2024-08-23T18:00:00-00:00,2024-08-23T19:00:00-00:00,2024-08-23,12,0,Hourly,RD,AS_SP26_EXP,DAM,RD_CLR_PRC,0,1
2024-08-24T16:00:00-00:00,2024-08-24T17:00:00-00:00,2024-08-24,10,0,Hourly,RD,AS_SP26,DAM,RD_CLR_PRC,0,2
2024-08-24T17:00:00-00:00,2024-08-24T18:00:00-00:00,2024-08-24,11,0,Hourly,RD,AS_SP26_EXP,DAM,RD_CLR_PRC,0,2
2024-08-24T20:00:00-00:00,2024-08-24T21:00:00-00:00,2024-08-24,14,0,Hourly,RD,AS_CAISO_EXP,DAM,RD_CLR_PRC,3.70316,2
2024-08-24T20:00:00-00:00,2024-08-24T21:00:00-00:00,2024-08-24,14,0,Hourly,RD,AS_NP26_EXP,DAM,RD_CLR_PRC,0.31309,2
2024-08-24T21:00:00-00:00,2024-08-24T22:00:00-00:00,2024-08-24,15,0,Hourly,RD,AS_CAISO_EXP,DAM,RD_CLR_PRC,4.68946,2
2024-08-24T21:00:00-00:00,2024-08-24T22:00:00-00:00,2024-08-24,15,0,Hourly,RD,AS_SP26_EXP,DAM,RD_CLR_PRC,0,2
2024-08-24T23:00:00-00:00,2024-08-25T00:00:00-00:00,2024-08-24,17,0,Hourly,RD,AS_CAISO,DAM,RD_CLR_PRC,0,2
2024-08-25T01:00:00-00:00,2024-08-25T02:00:00-00:00,2024-08-24,19,0,Hourly,RD,AS_CAISO_EXP,DAM,RD_CLR_PRC,8.42,2
2024-08-25T03:00:00-00:00,2024-08-25T04:00:00-00:00,2024-08-24,21,0,Hourly,RD,AS_NP26_EXP,DAM,RD_CLR_PRC,0,2
2024-08-25T03:00:00-00:00,2024-08-25T04:00:00-00:00,2024-08-24,21,0,Hourly,RD,AS_SP26_EXP,DAM,RD_CLR_PRC,0,2
2024-08-25T04:00:00-00:00,2024-08-25T05:00:00-00:00,2024-08-24,22,0,Hourly,RD,AS_CAISO,DAM,RD_CLR_PRC,0,2
2024-08-25T04:00:00-00:00,2024-08-25T05:00:00-00:00,2024-08-24,22,0,Hourly,RD,AS_CAISO_EXP,DAM,RD_CLR_PRC,2.85146,2
2024-08-25T05:00:00-00:00,2024-08-25T06:00:00-00:00,2024-08-24,23,0,Hourly,RD,AS_CAISO,DAM,RD_CLR_PRC,0,2
2024-08-25T05:00:00-00:00,2024-08-25T06:00:00-00:00,2024-08-24,23,0,Hourly,RD,AS_NP26_EXP,DAM,RD_CLR_PRC,1.28,2
2024-08-25T06:00:00-00:00,2024-08-25T07:00:00-00:00,2024-08-24,24,0,Hourly,RD,AS_CAISO,DAM,RD_CLR_PRC,0,2
2024-08-25T06:00:00-00:00,2024-08-25T07:00:00-00:00,2024-08-24,24,0,Hourly,RD,AS_NP26_EXP,DAM,RD_CLR_PRC,0,2
2024-08-25T06:00:00-00:00,2024-08-25T07:00:00-00:00,2024-08-24,24,0,Hourly,RD,AS_SP26,DAM,RD_CLR_PRC,0,2
2024-08-24T07:00:00-00:00,2024-08-24T08:00:00-00:00,2024-08-24,1,0,Hourly,RD,AS_NP26,DAM,RD_CLR_PRC,0,2
2024-08-24T07:00:00-00:00,2024-08-24T08:00:00-00:00,2024-08-24,1,0,Hourly,RD,AS_SP26_EXP,DAM,RD_CLR_PRC,0,2
2024-08-24T10:00:00-00:00,2024-08-24T11:00:00-00:00,2024-08-24,4,0,Hourly,RD,AS_CAISO_EXP,DAM,RD_CLR_PRC,3,2
2024-08-24T10:00:00-00:00,2024-08-24T11:00:00-00:00,2024-08-24,4,0,Hourly,RD,AS_NP26,DAM,RD_CLR_PRC,0,2
2024-08-24T12:00:00-00:00,2024-08-24T13:00:00-00:00,2024-08-24,6,0,Hourly,RD,AS_CAISO_EXP,DAM,RD_CLR_PRC,3,2
2024-08-24T12:00:00-00:00,2024-08-24T13:00:00-00:00,2024-08-24,6,0,Hourly,RD,AS_NP26,DAM,RD_CLR_PRC,0,2
2024-08-24T13:00:00-00:00,2024-08-24T14:00:00-00:00,2024-08-24,7,0,Hourly,RD,AS_CAISO,DAM,RD_CLR_PRC,0,2
2024-08-24T14:00:00-00:00,2024-08-24T15:00:00-00:00,2024-08-24,8,0,Hourly,RD,AS_SP26_EXP,DAM,RD_CLR_PRC,0.66848,2
2024-08-24T16:00:00-00:00,2024-08-24T17:00:00-00:00,2024-08-24,10,0,Hourly,RD,AS_NP26,DAM,RD_CLR_PRC,0,2
2024-08-24T18:00:00-00:00,2024-08-24T19:00:00-00:00,2024-08-24,12,0,Hourly,RD,AS_NP26,DAM,RD_CLR_PRC,0,2
2024-08-24T22:00:00-00:00,2024-08-24T23:00:00-00:00,2024-08-24,16,0,Hourly,RD,AS_CAISO,DAM,RD_CLR_PRC,0,2
2024-08-25T02:00:00-00:00,2024-08-25T03:00:00-00:00,2024-08-24,20,0,Hourly,RD,AS_SP26,DAM,RD_CLR_PRC,0,2
2024-08-25T02:00:00-00:00,2024-08-25T03:00:00-00:00,2024-08-24,20,0,Hourly,RD,AS_SP26_EXP,DAM,RD_CLR_PRC,0,2
2024-08-25T05:00:00-00:00,2024-08-25T06:00:00-00:00,2024-08-24,23,0,Hourly,RD,AS_SP26,DAM,RD_CLR_PRC,0,2
2024-08-25T05:00:00-00:00,2024-08-25T06:00:00-00:00,2024-08-24,23,0,Hourly,RD,AS_SP26_EXP,DAM,RD_CLR_PRC,0,2
2024-08-25T06:00:00-00:00,2024-08-25T07:00:00-00:00,2024-08-24,24,0,Hourly,RD,AS_SP26_EXP,DAM,RD_CLR_PRC,0,2
2024-08-24T08:00:00-00:00,2024-08-24T09:00:00-00:00,2024-08-24,2,0,Hourly,RD,AS_CAISO,DAM,RD_CLR_PRC,0,2
2024-08-24T10:00:00-00:00,2024-08-24T11:00:00-00:00,2024-08-24,4,0,Hourly,RD,AS_CAISO,DAM,RD_CLR_PRC,0,2
2024-08-24T11:00:00-00:00,2024-08-24T12:00:00-00:00,2024-08-24,5,0,Hourly,RD,AS_SP26_EXP,DAM,RD_CLR_PRC,0,2
2024-08-24T13:00:00-00:00,2024-08-24T14:00:00-00:00,2024-08-24,7,0,Hourly,RD,AS_CAISO_EXP,DAM,RD_CLR_PRC,5.78782,2
2024-08-24T13:00:00-00:00,2024-08-24T14:00:00-00:00,2024-08-24,7,0,Hourly,RD,AS_SP26,DAM,RD_CLR_PRC,0,2
2024-08-24T15:00:00-00:00,2024-08-24T16:00:00-00:00,2024-08-24,9,0,Hourly,RD,AS_SP26,DAM,RD_CLR_PRC,0,2
2024-08-24T15:00:00-00:00,2024-08-24T16:00:00-00:00,2024-08-24,9,0,Hourly,RD,AS_SP26_EXP,DAM,RD_CLR_PRC,0,2
2024-08-24T16:00:00-00:00,2024-08-24T17:00:00-00:00,2024-08-24,10,0,Hourly,RD,AS_NP26_EXP,DAM,RD_CLR_PRC,2.69117,2
2024-08-24T17:00:00-00:00,2024-08-24T18:00:00-00:00,2024-08-24,11,0,Hourly,RD,AS_CAISO,DAM,RD_CLR_PRC,0,2
2024-08-24T18:00:00-00:00,2024-08-24T19:00:00-00:00,2024-08-24,12,0,Hourly,RD,AS_CAISO_EXP,DAM,RD_CLR_PRC,4.17137,2
2024-08-24T19:00:00-00:00,2024-08-24T20:00:00-00:00,2024-08-24,13,0,Hourly,RD,AS_SP26_EXP,DAM,RD_CLR_PRC,0,2
2024-08-24T21:00:00-00:00,2024-08-24T22:00:00-00:00,2024-08-24,15,0,Hourly,RD,AS_CAISO,DAM,RD_CLR_PRC,0,2
2024-08-24T21:00:00-00:00,2024-08-24T22:00:00-00:00,2024-08-24,15,0,Hourly,RD,AS_SP26,DAM,RD_CLR_PRC,0,2
2024-08-24T22:00:00-00:00,2024-08-24T23:00:00-00:00,2024-08-24,16,0,Hourly,RD,AS_SP26,DAM,RD_CLR_PRC,0,2
2024-08-24T23:00:00-00:00,2024-08-25T00:00:00-00:00,2024-08-24,17,0,Hourly,RD,AS_NP26,DAM,RD_CLR_PRC,0,2
2024-08-25T00:00:00-00:00,2024-08-25T01:00:00-00:00,2024-08-24,18,0,Hourly,RD,AS_CAISO_EXP,DAM,RD_CLR_PRC,5.92,2
2024-08-25T01:00:00-00:00,2024-08-25T02:00:00-00:00,2024-08-24,19,0,Hourly,RD,AS_SP26,DAM,RD_CLR_PRC,0,2
2024-08-25T02:00:00-00:00,2024-08-25T03:00:00-00:00,2024-08-24,20,0,Hourly,RD,AS_CAISO_EXP,DAM,RD_CLR_PRC,6.94,2
2024-08-25T02:00:00-00:00,2024-08-25T03:00:00-00:00,2024-08-24,20,0,Hourly,RD,AS_NP26,DAM,RD_CLR_PRC,0,2
2024-08-25T03:00:00-00:00,2024-08-25T04:00:00-00:00,2024-08-24,21,0,Hourly,RD,AS_CAISO,DAM,RD_CLR_PRC,0,2
2024-08-25T03:00:00-00:00,2024-08-25T04:00:00-00:00,2024-08-24,21,0,Hourly,RD,AS_SP26,DAM,RD_CLR_PRC,0,2
2024-08-25T04:00:00-00:00,2024-08-25T05:00:00-00:00,2024-08-24,22,0,Hourly,RD,AS_NP26_EXP,DAM,RD_CLR_PRC,3.25854,2
2024-08-25T06:00:00-00:00,2024-08-25T07:00:00-00:00,2024-08-24,24,0,Hourly,RD,AS_CAISO_EXP,DAM,RD_CLR_PRC,4.75,2
2024-08-24T15:00:00-00:00,2024-08-24T16:00:00-00:00,2024-08-24,9,0,Hourly,RD,AS_NP26_EXP,DAM,RD_CLR_PRC,0.90974,2
2024-08-24T18:00:00-00:00,2024-08-24T19:00:00-00:00,2024-08-24,12,0,Hourly,RD,AS_CAISO,DAM,RD_CLR_PRC,0,2
2024-08-24T19:00:00-00:00,2024-08-24T20:00:00-00:00,2024-08-24,13,0,Hourly,RD,AS_NP26,DAM,RD_CLR_PRC,0,2
2024-08-24T19:00:00-00:00,2024-08-24T20:00:00-00:00,2024-08-24,13,0,Hourly,RD,AS_NP26_EXP,DAM,RD_CLR_PRC,0.87633,2
2024-08-24T21:00:00-00:00,2024-08-24T22:00:00-00:00,2024-08-24,15,0,Hourly,RD,AS_NP26,DAM,RD_CLR_PRC,0,2
2024-08-24T23:00:00-00:00,2024-08-25T00:00:00-00:00,2024-08-24,17,0,Hourly,RD,AS_SP26,DAM,RD_CLR_PRC,0,2
2024-08-25T00:00:00-00:00,2024-08-25T01:00:00-00:00,2024-08-24,18,0,Hourly,RD,AS_NP26_EXP,DAM,RD_CLR_PRC,0,2
2024-08-25T01:00:00-00:00,2024-08-25T02:00:00-00:00,2024-08-24,19,0,Hourly,RD,AS_SP26_EXP,DAM,RD_CLR_PRC,0,2
2024-08-25T02:00:00-00:00,2024-08-25T03:00:00-00:00,2024-08-24,20,0,Hourly,RD,AS_NP26_EXP,DAM,RD_CLR_PRC,0,2
2024-08-24T07:00:00-00:00,2024-08-24T08:00:00-00:00,2024-08-24,1,0,Hourly,RD,AS_CAISO,DAM,RD_CLR_PRC,0,2
2024-08-24T08:00:00-00:00,2024-08-24T09:00:00-00:00,2024-08-24,2,0,Hourly,RD,AS_SP26_EXP,DAM,RD_CLR_PRC,0,2
2024-08-24T10:00:00-00:00,2024-08-24T11:00:00-00:00,2024-08-24,4,0,Hourly,RD,AS_SP26_EXP,DAM,RD_CLR_PRC,0,2
2024-08-24T13:00:00-00:00,2024-08-24T14:00:00-00:00,2024-08-24,7,0,Hourly,RD,AS_NP26,DAM,RD_CLR_PRC,0,2
2024-08-24T13:00:00-00:00,2024-08-24T14:00:00-00:00,2024-08-24,7,0,Hourly,RD,AS_NP26_EXP,DAM,RD_CLR_PRC,0,2
2024-08-24T15:00:00-00:00,2024-08-24T16:00:00-00:00,2024-08-24,9,0,Hourly,RD,AS_CAISO,DAM,RD_CLR_PRC,0,2
2024-08-24T07:00:00-00:00,2024-08-24T08:00:00-00:00,2024-08-24,1,0,Hourly,RD,AS_SP26,DAM,RD_CLR_PRC,0,2
2024-08-24T08:00:00-00:00,2024-08-24T09:00:00-00:00,2024-08-24,2,0,Hourly,RD,AS_NP26,DAM,RD_CLR_PRC,0,2
2024-08-24T09:00:00-00:00,2024-08-24T10:00:00-00:00,2024-08-24,3,0,Hourly,RD,AS_SP26,DAM,RD_CLR_PRC,0,2
2024-08-24T10:00:00-00:00,2024-08-24T11:00:00-00:00,2024-08-24,4,0,Hourly,RD,AS_SP26,DAM,RD_CLR_PRC,0,2
2024-08-24T11:00:00-00:00,2024-08-24T12:00:00-00:00,2024-08-24,5,0,Hourly,RD,AS_NP26,DAM,RD_CLR_PRC,0,2
2024-08-24T11:00:00-00:00,2024-08-24T12:00:00-00:00,2024-08-24,5,0,Hourly,RD,AS_NP26_EXP,DAM,RD_CLR_PRC,1.5,2
2024-08-24T12:00:00-00:00,2024-08-24T13:00:00-00:00,2024-08-24,6,0,Hourly,RD,AS_NP26_EXP,DAM,RD_CLR_PRC,1.28871,2
2024-08-24T12:00:00-00:00,2024-08-24T13:00:00-00:00,2024-08-24,6,0,Hourly,RD,AS_SP26_EXP,DAM,RD_CLR_PRC,0,2
2024-08-24T15:00:00-00:00,2024-08-24T16:00:00-00:00,2024-08-24,9,0,Hourly,RD,AS_CAISO_EXP,DAM,RD_CLR_PRC,4.65026,2
2024-08-24T07:00:00-00:00,2024-08-24T08:00:00-00:00,2024-08-24,1,0,Hourly,RD,AS_NP26_EXP,DAM,RD_CLR_PRC,0.19208,2
2024-08-24T11:00:00-00:00,2024-08-24T12:00:00-00:00,2024-08-24,5,0,Hourly,RD,AS_CAISO,DAM,RD_CLR_PRC,0,2
2024-08-24T11:00:00-00:00,2024-08-24T12:00:00-00:00,2024-08-24,5,0,Hourly,RD,AS_CAISO_EXP,DAM,RD_CLR_PRC,3,2
2024-08-24T12:00:00-00:00,2024-08-24T13:00:00-00:00,2024-08-24,6,0,Hourly,RD,AS_SP26,DAM,RD_CLR_PRC,0,2
2024-08-24T15:00:00-00:00,2024-08-24T16:00:00-00:00,2024-08-24,9,0,Hourly,RD,AS_NP26,DAM,RD_CLR_PRC,0,2
2024-08-24T17:00:00-00:00,2024-08-24T18:00:00-00:00,2024-08-24,11,0,Hourly,RD,AS_NP26,DAM,RD_CLR_PRC,0,2
2024-08-24T18:00:00-00:00,2024-08-24T19:00:00-00:00,2024-08-24,12,0,Hourly,RD,AS_SP26,DAM,RD_CLR_PRC,0,2
2024-08-24T19:00:00-00:00,2024-08-24T20:00:00-00:00,2024-08-24,13,0,Hourly,RD,AS_CAISO_EXP,DAM,RD_CLR_PRC,4.12367,2
2024-08-24T22:00:00-00:00,2024-08-24T23:00:00-00:00,2024-08-24,16,0,Hourly,RD,AS_NP26_EXP,DAM,RD_CLR_PRC,0.04567,2
2024-08-24T22:00:00-00:00,2024-08-24T23:00:00-00:00,2024-08-24,16,0,Hourly,RD,AS_SP26_EXP,DAM,RD_CLR_PRC,0,2
2024-08-24T23:00:00-00:00,2024-08-25T00:00:00-00:00,2024-08-24,17,0,Hourly,RD,AS_SP26_EXP,DAM,RD_CLR_PRC,1.60189,2
2024-08-25T00:00:00-00:00,2024-08-25T01:00:00-00:00,2024-08-24,18,0,Hourly,RD,AS_NP26,DAM,RD_CLR_PRC,0,2
2024-08-25T00:00:00-00:00,2024-08-25T01:00:00-00:00,2024-08-24,18,0,Hourly,RD,AS_SP26,DAM,RD_CLR_PRC,0,2
2024-08-25T00:00:00-00:00,2024-08-25T01:00:00-00:00,2024-08-24,18,0,Hourly,RD,AS_SP26_EXP,DAM,RD_CLR_PRC,10.69675,2
2024-08-25T01:00:00-00:00,2024-08-25T02:00:00-00:00,2024-08-24,19,0,Hourly,RD,AS_CAISO,DAM,RD_CLR_PRC,0,2
2024-08-25T01:00:00-00:00,2024-08-25T02:00:00-00:00,2024-08-24,19,0,Hourly,RD,AS_NP26_EXP,DAM,RD_CLR_PRC,0,2
2024-08-25T04:00:00-00:00,2024-08-25T05:00:00-00:00,2024-08-24,22,0,Hourly,RD,AS_NP26,DAM,RD_CLR_PRC,0,2
2024-08-25T04:00:00-00:00,2024-08-25T05:00:00-00:00,2024-08-24,22,0,Hourly,RD,AS_SP26,DAM,RD_CLR_PRC,0,2
2024-08-25T04:00:00-00:00,2024-08-25T05:00:00-00:00,2024-08-24,22,0,Hourly,RD,AS_SP26_EXP,DAM,RD_CLR_PRC,0,2
2024-08-24T09:00:00-00:00,2024-08-24T10:00:00-00:00,2024-08-24,3,0,Hourly,RD,AS_CAISO_EXP,DAM,RD_CLR_PRC,3,2
2024-08-24T09:00:00-00:00,2024-08-24T10:00:00-00:00,2024-08-24,3,0,Hourly,RD,AS_NP26,DAM,RD_CLR_PRC,0,2
2024-08-24T09:00:00-00:00,2024-08-24T10:00:00-00:00,2024-08-24,3,0,Hourly,RD,AS_NP26_EXP,DAM,RD_CLR_PRC,3.11,2
2024-08-24T10:00:00-00:00,2024-08-24T11:00:00-00:00,2024-08-24,4,0,Hourly,RD,AS_NP26_EXP,DAM,RD_CLR_PRC,1.5,2
2024-08-24T16:00:00-00:00,2024-08-24T17:00:00-00:00,2024-08-24,10,0,Hourly,RD,AS_SP26_EXP,DAM,RD_CLR_PRC,0,2
2024-08-24T18:00:00-00:00,2024-08-24T19:00:00-00:00,2024-08-24,12,0,Hourly,RD,AS_SP26_EXP,DAM,RD_CLR_PRC,0,2
2024-08-24T19:00:00-00:00,2024-08-24T20:00:00-00:00,2024-08-24,13,0,Hourly,RD,AS_SP26,DAM,RD_CLR_PRC,0,2
2024-08-24T20:00:00-00:00,2024-08-24T21:00:00-00:00,2024-08-24,14,0,Hourly,RD,AS_CAISO,DAM,RD_CLR_PRC,0,2
2024-08-24T23:00:00-00:00,2024-08-25T00:00:00-00:00,2024-08-24,17,0,Hourly,RD,AS_CAISO_EXP,DAM,RD_CLR_PRC,7.94,2
2024-08-25T00:00:00-00:00,2024-08-25T01:00:00-00:00,2024-08-24,18,0,Hourly,RD,AS_CAISO,DAM,RD_CLR_PRC,0,2
2024-08-25T01:00:00-00:00,2024-08-25T02:00:00-00:00,2024-08-24,19,0,Hourly,RD,AS_NP26,DAM,RD_CLR_PRC,0,2
2024-08-24T07:00:00-00:00,2024-08-24T08:00:00-00:00,2024-08-24,1,0,Hourly,RD,AS_CAISO_EXP,DAM,RD_CLR_PRC,4.30792,2
2024-08-24T09:00:00-00:00,2024-08-24T10:00:00-00:00,2024-08-24,3,0,Hourly,RD,AS_CAISO,DAM,RD_CLR_PRC,0,2
2024-08-24T14:00:00-00:00,2024-08-24T15:00:00-00:00,2024-08-24,8,0,Hourly,RD,AS_CAISO,DAM,RD_CLR_PRC,0,2
2024-08-24T14:00:00-00:00,2024-08-24T15:00:00-00:00,2024-08-24,8,0,Hourly,RD,AS_SP26,DAM,RD_CLR_PRC,0,2
2024-08-24T16:00:00-00:00,2024-08-24T17:00:00-00:00,2024-08-24,10,0,Hourly,RD,AS_CAISO,DAM,RD_CLR_PRC,0,2
2024-08-24T17:00:00-00:00,2024-08-24T18:00:00-00:00,2024-08-24,11,0,Hourly,RD,AS_NP26_EXP,DAM,RD_CLR_PRC,0.63876,2
2024-08-24T17:00:00-00:00,2024-08-24T18:00:00-00:00,2024-08-24,11,0,Hourly,RD,AS_SP26,DAM,RD_CLR_PRC,0,2
2024-08-24T18:00:00-00:00,2024-08-24T19:00:00-00:00,2024-08-24,12,0,Hourly,RD,AS_NP26_EXP,DAM,RD_CLR_PRC,0.82863,2
2024-08-24T20:00:00-00:00,2024-08-24T21:00:00-00:00,2024-08-24,14,0,Hourly,RD,AS_SP26,DAM,RD_CLR_PRC,0,2
2024-08-24T20:00:00-00:00,2024-08-24T21:00:00-00:00,2024-08-24,14,0,Hourly,RD,AS_SP26_EXP,DAM,RD_CLR_PRC,0,2
2024-08-24T21:00:00-00:00,2024-08-24T22:00:00-00:00,2024-08-24,15,0,Hourly,RD,AS_NP26_EXP,DAM,RD_CLR_PRC,0,2
2024-08-25T02:00:00-00:00,2024-08-25T03:00:00-00:00,2024-08-24,20,0,Hourly,RD,AS_CAISO,DAM,RD_CLR_PRC,0,2
2024-08-25T03:00:00-00:00,2024-08-25T04:00:00-00:00,2024-08-24,21,0,Hourly,RD,AS_NP26,DAM,RD_CLR_PRC,0,2
2024-08-25T05:00:00-00:00,2024-08-25T06:00:00-00:00,2024-08-24,23,0,Hourly,RD,AS_NP26,DAM,RD_CLR_PRC,0,2
2024-08-25T06:00:00-00:00,2024-08-25T07:00:00-00:00,2024-08-24,24,0,Hourly,RD,AS_NP26,DAM,RD_CLR_PRC,0,2
2024-08-24T08:00:00-00:00,2024-08-24T09:00:00-00:00,2024-08-24,2,0,Hourly,RD,AS_CAISO_EXP,DAM,RD_CLR_PRC,4.12,2
2024-08-24T08:00:00-00:00,2024-08-24T09:00:00-00:00,2024-08-24,2,0,Hourly,RD,AS_NP26_EXP,DAM,RD_CLR_PRC,1.99,2
2024-08-24T08:00:00-00:00,2024-08-24T09:00:00-00:00,2024-08-24,2,0,Hourly,RD,AS_SP26,DAM,RD_CLR_PRC,0,2
2024-08-24T09:00:00-00:00,2024-08-24T10:00:00-00:00,2024-08-24,3,0,Hourly,RD,AS_SP26_EXP,DAM,RD_CLR_PRC,0,2
2024-08-24T11:00:00-00:00,2024-08-24T12:00:00-00:00,2024-08-24,5,0,Hourly,RD,AS_SP26,DAM,RD_CLR_PRC,0,2
2024-08-24T12:00:00-00:00,2024-08-24T13:00:00-00:00,2024-08-24,6,0,Hourly,RD,AS_CAISO,DAM,RD_CLR_PRC,0,2
2024-08-24T13:00:00-00:00,2024-08-24T14:00:00-00:00,2024-08-24,7,0,Hourly,RD,AS_SP26_EXP,DAM,RD_CLR_PRC,0,2
2024-08-24T14:00:00-00:00,2024-08-24T15:00:00-00:00,2024-08-24,8,0,Hourly,RD,AS_CAISO_EXP,DAM,RD_CLR_PRC,5,2
2024-08-24T14:00:00-00:00,2024-08-24T15:00:00-00:00,2024-08-24,8,0,Hourly,RD,AS_NP26,DAM,RD_CLR_PRC,0,2
2024-08-24T14:00:00-00:00,2024-08-24T15:00:00-00:00,2024-08-24,8,0,Hourly,RD,AS_NP26_EXP,DAM,RD_CLR_PRC,0,2
2024-08-24T16:00:00-00:00,2024-08-24T17:00:00-00:00,2024-08-24,10,0,Hourly,RD,AS_CAISO_EXP,DAM,RD_CLR_PRC,4.27883,2
2024-08-24T17:00:00-00:00,2024-08-24T18:00:00-00:00,2024-08-24,11,0,Hourly,RD,AS_CAISO_EXP,DAM,RD_CLR_PRC,4.36124,2
2024-08-24T19:00:00-00:00,2024-08-24T20:00:00-00:00,2024-08-24,13,0,Hourly,RD,AS_CAISO,DAM,RD_CLR_PRC,0,2
2024-08-24T20:00:00-00:00,2024-08-24T21:00:00-00:00,2024-08-24,14,0,Hourly,RD,AS_NP26,DAM,RD_CLR_PRC,0,2
2024-08-24T22:00:00-00:00,2024-08-24T23:00:00-00:00,2024-08-24,16,0,Hourly,RD,AS_CAISO_EXP,DAM,RD_CLR_PRC,6.62433,2
2024-08-24T22:00:00-00:00,2024-08-24T23:00:00-00:00,2024-08-24,16,0,Hourly,RD,AS_NP26,DAM,RD_CLR_PRC,0,2
2024-08-24T23:00:00-00:00,2024-08-25T00:00:00-00:00,2024-08-24,17,0,Hourly,RD,AS_NP26_EXP,DAM,RD_CLR_PRC,0,2
2024-08-25T03:00:00-00:00,2024-08-25T04:00:00-00:00,2024-08-24,21,0,Hourly,RD,AS_CAISO_EXP,DAM,RD_CLR_PRC,7.33,2
2024-08-25T05:00:00-00:00,2024-08-25T06:00:00-00:00,2024-08-24,23,0,Hourly,RD,AS_CAISO_EXP,DAM,RD_CLR_PRC,3.29,2
2024-08-26T06:00:00-00:00,2024-08-26T07:00:00-00:00,2024-08-25,24,0,Hourly,RD,AS_NP26_EXP,DAM,RD_CLR_PRC,1.7,3
2024-08-25T08:00:00-00:00,2024-08-25T09:00:00-00:00,2024-08-25,2,0,Hourly,RD,AS_NP26,DAM,RD_CLR_PRC,0,3
2024-08-25T09:00:00-00:00,2024-08-25T10:00:00-00:00,2024-08-25,3,0,Hourly,RD,AS_CAISO,DAM,RD_CLR_PRC,0,3
2024-08-25T10:00:00-00:00,2024-08-25T11:00:00-00:00,2024-08-25,4,0,Hourly,RD,AS_CAISO_EXP,DAM,RD_CLR_PRC,4.02348,3
2024-08-25T13:00:00-00:00,2024-08-25T14:00:00-00:00,2024-08-25,7,0,Hourly,RD,AS_SP26,DAM,RD_CLR_PRC,0,3
2024-08-25T15:00:00-00:00,2024-08-25T16:00:00-00:00,2024-08-25,9,0,Hourly,RD,AS_NP26_EXP,DAM,RD_CLR_PRC,0.31833,3
2024-08-25T20:00:00-00:00,2024-08-25T21:00:00-00:00,2024-08-25,14,0,Hourly,RD,AS_CAISO,DAM,RD_CLR_PRC,0,3
2024-08-25T21:00:00-00:00,2024-08-25T22:00:00-00:00,2024-08-25,15,0,Hourly,RD,AS_CAISO_EXP,DAM,RD_CLR_PRC,5,3
2024-08-25T21:00:00-00:00,2024-08-25T22:00:00-00:00,2024-08-25,15,0,Hourly,RD,AS_NP26,DAM,RD_CLR_PRC,0,3
2024-08-25T22:00:00-00:00,2024-08-25T23:00:00-00:00,2024-08-25,16,0,Hourly,RD,AS_NP26_EXP,DAM,RD_CLR_PRC,0,3
2024-08-25T23:00:00-00:00,2024-08-26T00:00:00-00:00,2024-08-25,17,0,Hourly,RD,AS_NP26,DAM,RD_CLR_PRC,0,3
2024-08-26T00:00:00-00:00,2024-08-26T01:00:00-00:00,2024-08-25,18,0,Hourly,RD,AS_NP26_EXP,DAM,RD_CLR_PRC,0,3
2024-08-26T00:00:00-00:00,2024-08-26T01:00:00-00:00,2024-08-25,18,0,Hourly,RD,AS_SP26_EXP,DAM,RD_CLR_PRC,0,3
2024-08-26T05:00:00-00:00,2024-08-26T06:00:00-00:00,2024-08-25,23,0,Hourly,RD,AS_CAISO,DAM,RD_CLR_PRC,0,3
2024-08-26T06:00:00-00:00,2024-08-26T07:00:00-00:00,2024-08-25,24,0,Hourly,RD,AS_CAISO_EXP,DAM,RD_CLR_PRC,2.66,3
2024-08-26T06:00:00-00:00,2024-08-26T07:00:00-00:00,2024-08-25,24,0,Hourly,RD,AS_SP26,DAM,RD_CLR_PRC,0,3
2024-08-25T20:00:00-00:00,2024-08-25T21:00:00-00:00,2024-08-25,14,0,Hourly,RD,AS_SP26,DAM,RD_CLR_PRC,0,3
2024-08-25T07:00:00-00:00,2024-08-25T08:00:00-00:00,2024-08-25,1,0,Hourly,RD,AS_NP26_EXP,DAM,RD_CLR_PRC,0.33092,3
2024-08-25T07:00:00-00:00,2024-08-25T08:00:00-00:00,2024-08-25,1,0,Hourly,RD,AS_CAISO,DAM,RD_CLR_PRC,0,3
2024-08-25T07:00:00-00:00,2024-08-25T08:00:00-00:00,2024-08-25,1,0,Hourly,RD,AS_SP26,DAM,RD_CLR_PRC,0,3
2024-08-25T08:00:00-00:00,2024-08-25T09:00:00-00:00,2024-08-25,2,0,Hourly,RD,AS_CAISO_EXP,DAM,RD_CLR_PRC,5.21221,3
2024-08-25T08:00:00-00:00,2024-08-25T09:00:00-00:00,2024-08-25,2,0,Hourly,RD,AS_SP26_EXP,DAM,RD_CLR_PRC,0,3
2024-08-25T09:00:00-00:00,2024-08-25T10:00:00-00:00,2024-08-25,3,0,Hourly,RD,AS_CAISO_EXP,DAM,RD_CLR_PRC,4.31212,3
2024-08-25T11:00:00-00:00,2024-08-25T12:00:00-00:00,2024-08-25,5,0,Hourly,RD,AS_CAISO,DAM,RD_CLR_PRC,0,3
2024-08-25T12:00:00-00:00,2024-08-25T13:00:00-00:00,2024-08-25,6,0,Hourly,RD,AS_CAISO_EXP,DAM,RD_CLR_PRC,4.20133,3
2024-08-25T12:00:00-00:00,2024-08-25T13:00:00-00:00,2024-08-25,6,0,Hourly,RD,AS_NP26_EXP,DAM,RD_CLR_PRC,0.5947,3
2024-08-25T13:00:00-00:00,2024-08-25T14:00:00-00:00,2024-08-25,7,0,Hourly,RD,AS_CAISO,DAM,RD_CLR_PRC,0,3
2024-08-25T14:00:00-00:00,2024-08-25T15:00:00-00:00,2024-08-25,8,0,Hourly,RD,AS_CAISO_EXP,DAM,RD_CLR_PRC,5,3
2024-08-25T14:00:00-00:00,2024-08-25T15:00:00-00:00,2024-08-25,8,0,Hourly,RD,AS_NP26_EXP,DAM,RD_CLR_PRC,0,3
2024-08-25T16:00:00-00:00,2024-08-25T17:00:00-00:00,2024-08-25,10,0,Hourly,RD,AS_NP26,DAM,RD_CLR_PRC,0,3
2024-08-25T17:00:00-00:00,2024-08-25T18:00:00-00:00,2024-08-25,11,0,Hourly,RD,AS_NP26,DAM,RD_CLR_PRC,0,3
2024-08-25T18:00:00-00:00,2024-08-25T19:00:00-00:00,2024-08-25,12,0,Hourly,RD,AS_CAISO,DAM,RD_CLR_PRC,0,3
2024-08-25T19:00:00-00:00,2024-08-25T20:00:00-00:00,2024-08-25,13,0,Hourly,RD,AS_NP26_EXP,DAM,RD_CLR_PRC,0.23612,3
2024-08-25T21:00:00-00:00,2024-08-25T22:00:00-00:00,2024-08-25,15,0,Hourly,RD,AS_NP26_EXP,DAM,RD_CLR_PRC,0,3
2024-08-25T22:00:00-00:00,2024-08-25T23:00:00-00:00,2024-08-25,16,0,Hourly,RD,AS_CAISO,DAM,RD_CLR_PRC,0,3
2024-08-25T22:00:00-00:00,2024-08-25T23:00:00-00:00,2024-08-25,16,0,Hourly,RD,AS_NP26,DAM,RD_CLR_PRC,0,3
2024-08-26T01:00:00-00:00,2024-08-26T02:00:00-00:00,2024-08-25,19,0,Hourly,RD,AS_NP26_EXP,DAM,RD_CLR_PRC,2.99,3
2024-08-26T02:00:00-00:00,2024-08-26T03:00:00-00:00,2024-08-25,20,0,Hourly,RD,AS_SP26_EXP,DAM,RD_CLR_PRC,0,3
2024-08-26T03:00:00-00:00,2024-08-26T04:00:00-00:00,2024-08-25,21,0,Hourly,RD,AS_CAISO,DAM,RD_CLR_PRC,0,3
2024-08-26T03:00:00-00:00,2024-08-26T04:00:00-00:00,2024-08-25,21,0,Hourly,RD,AS_NP26_EXP,DAM,RD_CLR_PRC,0.54198,3
2024-08-26T03:00:00-00:00,2024-08-26T04:00:00-00:00,2024-08-25,21,0,Hourly,RD,AS_SP26,DAM,RD_CLR_PRC,0,3
2024-08-26T04:00:00-00:00,2024-08-26T05:00:00-00:00,2024-08-25,22,0,Hourly,RD,AS_NP26_EXP,DAM,RD_CLR_PRC,4.34502,3
2024-08-26T04:00:00-00:00,2024-08-26T05:00:00-00:00,2024-08-25,22,0,Hourly,RD,AS_SP26,DAM,RD_CLR_PRC,0,3
2024-08-25T20:00:00-00:00,2024-08-25T21:00:00-00:00,2024-08-25,14,0,Hourly,RD,AS_NP26,DAM,RD_CLR_PRC,0,3
2024-08-25T20:00:00-00:00,2024-08-25T21:00:00-00:00,2024-08-25,14,0,Hourly,RD,AS_SP26_EXP,DAM,RD_CLR_PRC,0,3
2024-08-25T22:00:00-00:00,2024-08-25T23:00:00-00:00,2024-08-25,16,0,Hourly,RD,AS_CAISO_EXP,DAM,RD_CLR_PRC,5,3
2024-08-25T22:00:00-00:00,2024-08-25T23:00:00-00:00,2024-08-25,16,0,Hourly,RD,AS_SP26_EXP,DAM,RD_CLR_PRC,7.16502,3
2024-08-25T23:00:00-00:00,2024-08-26T00:00:00-00:00,2024-08-25,17,0,Hourly,RD,AS_CAISO,DAM,RD_CLR_PRC,0,3
2024-08-26T01:00:00-00:00,2024-08-26T02:00:00-00:00,2024-08-25,19,0,Hourly,RD,AS_NP26,DAM,RD_CLR_PRC,0,3
2024-08-25T07:00:00-00:00,2024-08-25T08:00:00-00:00,2024-08-25,1,0,Hourly,RD,AS_CAISO_EXP,DAM,RD_CLR_PRC,4.57559,3
2024-08-25T09:00:00-00:00,2024-08-25T10:00:00-00:00,2024-08-25,3,0,Hourly,RD,AS_SP26,DAM,RD_CLR_PRC,0,3
2024-08-25T10:00:00-00:00,2024-08-25T11:00:00-00:00,2024-08-25,4,0,Hourly,RD,AS_NP26_EXP,DAM,RD_CLR_PRC,0.67333,3
2024-08-25T10:00:00-00:00,2024-08-25T11:00:00-00:00,2024-08-25,4,0,Hourly,RD,AS_SP26,DAM,RD_CLR_PRC,0,3
2024-08-25T11:00:00-00:00,2024-08-25T12:00:00-00:00,2024-08-25,5,0,Hourly,RD,AS_NP26_EXP,DAM,RD_CLR_PRC,0,3
2024-08-25T14:00:00-00:00,2024-08-25T15:00:00-00:00,2024-08-25,8,0,Hourly,RD,AS_SP26_EXP,DAM,RD_CLR_PRC,0.6283,3
2024-08-25T15:00:00-00:00,2024-08-25T16:00:00-00:00,2024-08-25,9,0,Hourly,RD,AS_CAISO_EXP,DAM,RD_CLR_PRC,4.68167,3
2024-08-25T16:00:00-00:00,2024-08-25T17:00:00-00:00,2024-08-25,10,0,Hourly,RD,AS_CAISO,DAM,RD_CLR_PRC,0,3
2024-08-25T16:00:00-00:00,2024-08-25T17:00:00-00:00,2024-08-25,10,0,Hourly,RD,AS_NP26_EXP,DAM,RD_CLR_PRC,0.0428,3
2024-08-25T17:00:00-00:00,2024-08-25T18:00:00-00:00,2024-08-25,11,0,Hourly,RD,AS_SP26,DAM,RD_CLR_PRC,0,3
2024-08-25T18:00:00-00:00,2024-08-25T19:00:00-00:00,2024-08-25,12,0,Hourly,RD,AS_NP26_EXP,DAM,RD_CLR_PRC,0,3
2024-08-25T19:00:00-00:00,2024-08-25T20:00:00-00:00,2024-08-25,13,0,Hourly,RD,AS_CAISO_EXP,DAM,RD_CLR_PRC,4.08759,3
2024-08-25T10:00:00-00:00,2024-08-25T11:00:00-00:00,2024-08-25,4,0,Hourly,RD,AS_SP26_EXP,DAM,RD_CLR_PRC,0,3
2024-08-25T11:00:00-00:00,2024-08-25T12:00:00-00:00,2024-08-25,5,0,Hourly,RD,AS_NP26,DAM,RD_CLR_PRC,0,3
2024-08-25T11:00:00-00:00,2024-08-25T12:00:00-00:00,2024-08-25,5,0,Hourly,RD,AS_SP26,DAM,RD_CLR_PRC,0,3
2024-08-25T12:00:00-00:00,2024-08-25T13:00:00-00:00,2024-08-25,6,0,Hourly,RD,AS_SP26_EXP,DAM,RD_CLR_PRC,0,3
2024-08-25T14:00:00-00:00,2024-08-25T15:00:00-00:00,2024-08-25,8,0,Hourly,RD,AS_NP26,DAM,RD_CLR_PRC,0,3
2024-08-25T15:00:00-00:00,2024-08-25T16:00:00-00:00,2024-08-25,9,0,Hourly,RD,AS_SP26,DAM,RD_CLR_PRC,0,3
2024-08-25T17:00:00-00:00,2024-08-25T18:00:00-00:00,2024-08-25,11,0,Hourly,RD,AS_CAISO_EXP,DAM,RD_CLR_PRC,5,3
2024-08-25T17:00:00-00:00,2024-08-25T18:00:00-00:00,2024-08-25,11,0,Hourly,RD,AS_SP26_EXP,DAM,RD_CLR_PRC,0,3
2024-08-25T18:00:00-00:00,2024-08-25T19:00:00-00:00,2024-08-25,12,0,Hourly,RD,AS_NP26,DAM,RD_CLR_PRC,0,3
2024-08-25T19:00:00-00:00,2024-08-25T20:00:00-00:00,2024-08-25,13,0,Hourly,RD,AS_SP26_EXP,DAM,RD_CLR_PRC,0,3
2024-08-25T21:00:00-00:00,2024-08-25T22:00:00-00:00,2024-08-25,15,0,Hourly,RD,AS_SP26,DAM,RD_CLR_PRC,0,3
2024-08-25T22:00:00-00:00,2024-08-25T23:00:00-00:00,2024-08-25,16,0,Hourly,RD,AS_SP26,DAM,RD_CLR_PRC,0,3
2024-08-25T23:00:00-00:00,2024-08-26T00:00:00-00:00,2024-08-25,17,0,Hourly,RD,AS_NP26_EXP,DAM,RD_CLR_PRC,0,3
2024-08-25T23:00:00-00:00,2024-08-26T00:00:00-00:00,2024-08-25,17,0,Hourly,RD,AS_SP26,DAM,RD_CLR_PRC,0,3
2024-08-26T00:00:00-00:00,2024-08-26T01:00:00-00:00,2024-08-25,18,0,Hourly,RD,AS_SP26,DAM,RD_CLR_PRC,0,3
2024-08-26T02:00:00-00:00,2024-08-26T03:00:00-00:00,2024-08-25,20,0,Hourly,RD,AS_CAISO_EXP,DAM,RD_CLR_PRC,5.21733,3
2024-08-26T04:00:00-00:00,2024-08-26T05:00:00-00:00,2024-08-25,22,0,Hourly,RD,AS_CAISO_EXP,DAM,RD_CLR_PRC,2.61498,3
2024-08-26T04:00:00-00:00,2024-08-26T05:00:00-00:00,2024-08-25,22,0,Hourly,RD,AS_SP26_EXP,DAM,RD_CLR_PRC,0,3
2024-08-26T05:00:00-00:00,2024-08-26T06:00:00-00:00,2024-08-25,23,0,Hourly,RD,AS_NP26_EXP,DAM,RD_CLR_PRC,1.21,3
2024-08-25T07:00:00-00:00,2024-08-25T08:00:00-00:00,2024-08-25,1,0,Hourly,RD,AS_NP26,DAM,RD_CLR_PRC,0,3
2024-08-25T07:00:00-00:00,2024-08-25T08:00:00-00:00,2024-08-25,1,0,Hourly,RD,AS_SP26_EXP,DAM,RD_CLR_PRC,0,3
2024-08-25T09:00:00-00:00,2024-08-25T10:00:00-00:00,2024-08-25,3,0,Hourly,RD,AS_NP26_EXP,DAM,RD_CLR_PRC,0.64963,3
2024-08-25T09:00:00-00:00,2024-08-25T10:00:00-00:00,2024-08-25,3,0,Hourly,RD,AS_SP26_EXP,DAM,RD_CLR_PRC,0,3
2024-08-25T12:00:00-00:00,2024-08-25T13:00:00-00:00,2024-08-25,6,0,Hourly,RD,AS_NP26,DAM,RD_CLR_PRC,0,3
2024-08-25T12:00:00-00:00,2024-08-25T13:00:00-00:00,2024-08-25,6,0,Hourly,RD,AS_SP26,DAM,RD_CLR_PRC,0,3
2024-08-25T13:00:00-00:00,2024-08-25T14:00:00-00:00,2024-08-25,7,0,Hourly,RD,AS_NP26_EXP,DAM,RD_CLR_PRC,0,3
2024-08-25T13:00:00-00:00,2024-08-25T14:00:00-00:00,2024-08-25,7,0,Hourly,RD,AS_SP26_EXP,DAM,RD_CLR_PRC,0,3
2024-08-25T16:00:00-00:00,2024-08-25T17:00:00-00:00,2024-08-25,10,0,Hourly,RD,AS_SP26,DAM,RD_CLR_PRC,0,3
2024-08-25T16:00:00-00:00,2024-08-25T17:00:00-00:00,2024-08-25,10,0,Hourly,RD,AS_SP26_EXP,DAM,RD_CLR_PRC,0,3
2024-08-25T18:00:00-00:00,2024-08-25T19:00:00-00:00,2024-08-25,12,0,Hourly,RD,AS_CAISO_EXP,DAM,RD_CLR_PRC,4.91501,3
2024-08-25T19:00:00-00:00,2024-08-25T20:00:00-00:00,2024-08-25,13,0,Hourly,RD,AS_NP26,DAM,RD_CLR_PRC,0,3
2024-08-26T01:00:00-00:00,2024-08-26T02:00:00-00:00,2024-08-25,19,0,Hourly,RD,AS_CAISO_EXP,DAM,RD_CLR_PRC,5,3
2024-08-26T06:00:00-00:00,2024-08-26T07:00:00-00:00,2024-08-25,24,0,Hourly,RD,AS_CAISO,DAM,RD_CLR_PRC,0,3
2024-08-25T11:00:00-00:00,2024-08-25T12:00:00-00:00,2024-08-25,5,0,Hourly,RD,AS_SP26_EXP,DAM,RD_CLR_PRC,0,3
2024-08-25T12:00:00-00:00,2024-08-25T13:00:00-00:00,2024-08-25,6,0,Hourly,RD,AS_CAISO,DAM,RD_CLR_PRC,0,3
2024-08-25T17:00:00-00:00,2024-08-25T18:00:00-00:00,2024-08-25,11,0,Hourly,RD,AS_CAISO,DAM,RD_CLR_PRC,0,3
2024-08-25T17:00:00-00:00,2024-08-25T18:00:00-00:00,2024-08-25,11,0,Hourly,RD,AS_NP26_EXP,DAM,RD_CLR_PRC,0,3
2024-08-25T18:00:00-00:00,2024-08-25T19:00:00-00:00,2024-08-25,12,0,Hourly,RD,AS_SP26,DAM,RD_CLR_PRC,0,3
2024-08-25T18:00:00-00:00,2024-08-25T19:00:00-00:00,2024-08-25,12,0,Hourly,RD,AS_SP26_EXP,DAM,RD_CLR_PRC,0,3
2024-08-25T21:00:00-00:00,2024-08-25T22:00:00-00:00,2024-08-25,15,0,Hourly,RD,AS_SP26_EXP,DAM,RD_CLR_PRC,0,3
2024-08-25T23:00:00-00:00,2024-08-26T00:00:00-00:00,2024-08-25,17,0,Hourly,RD,AS_CAISO_EXP,DAM,RD_CLR_PRC,5.01,3
2024-08-25T23:00:00-00:00,2024-08-26T00:00:00-00:00,2024-08-25,17,0,Hourly,RD,AS_SP26_EXP,DAM,RD_CLR_PRC,6.02402,3
2024-08-26T00:00:00-00:00,2024-08-26T01:00:00-00:00,2024-08-25,18,0,Hourly,RD,AS_NP26,DAM,RD_CLR_PRC,0,3
2024-08-26T01:00:00-00:00,2024-08-26T02:00:00-00:00,2024-08-25,19,0,Hourly,RD,AS_CAISO,DAM,RD_CLR_PRC,0,3
2024-08-26T03:00:00-00:00,2024-08-26T04:00:00-00:00,2024-08-25,21,0,Hourly,RD,AS_SP26_EXP,DAM,RD_CLR_PRC,0,3
2024-08-26T04:00:00-00:00,2024-08-26T05:00:00-00:00,2024-08-25,22,0,Hourly,RD,AS_NP26,DAM,RD_CLR_PRC,0,3
2024-08-25T08:00:00-00:00,2024-08-25T09:00:00-00:00,2024-08-25,2,0,Hourly,RD,AS_NP26_EXP,DAM,RD_CLR_PRC,0.52779,3
2024-08-25T08:00:00-00:00,2024-08-25T09:00:00-00:00,2024-08-25,2,0,Hourly,RD,AS_SP26,DAM,RD_CLR_PRC,0,3
2024-08-25T08:00:00-00:00,2024-08-25T09:00:00-00:00,2024-08-25,2,0,Hourly,RD,AS_CAISO,DAM,RD_CLR_PRC,0,3
2024-08-25T10:00:00-00:00,2024-08-25T11:00:00-00:00,2024-08-25,4,0,Hourly,RD,AS_CAISO,DAM,RD_CLR_PRC,0,3
2024-08-25T10:00:00-00:00,2024-08-25T11:00:00-00:00,2024-08-25,4,0,Hourly,RD,AS_NP26,DAM,RD_CLR_PRC,0,3
2024-08-25T11:00:00-00:00,2024-08-25T12:00:00-00:00,2024-08-25,5,0,Hourly,RD,AS_CAISO_EXP,DAM,RD_CLR_PRC,4.01705,3
2024-08-25T13:00:00-00:00,2024-08-25T14:00:00-00:00,2024-08-25,7,0,Hourly,RD,AS_NP26,DAM,RD_CLR_PRC,0,3
2024-08-25T14:00:00-00:00,2024-08-25T15:00:00-00:00,2024-08-25,8,0,Hourly,RD,AS_SP26,DAM,RD_CLR_PRC,0,3
2024-08-25T15:00:00-00:00,2024-08-25T16:00:00-00:00,2024-08-25,9,0,Hourly,RD,AS_CAISO,DAM,RD_CLR_PRC,0,3
2024-08-25T15:00:00-00:00,2024-08-25T16:00:00-00:00,2024-08-25,9,0,Hourly,RD,AS_NP26,DAM,RD_CLR_PRC,0,3
2024-08-25T19:00:00-00:00,2024-08-25T20:00:00-00:00,2024-08-25,13,0,Hourly,RD,AS_CAISO,DAM,RD_CLR_PRC,0,3
2024-08-25T20:00:00-00:00,2024-08-25T21:00:00-00:00,2024-08-25,14,0,Hourly,RD,AS_CAISO_EXP,DAM,RD_CLR_PRC,4.64057,3
2024-08-25T20:00:00-00:00,2024-08-25T21:00:00-00:00,2024-08-25,14,0,Hourly,RD,AS_NP26_EXP,DAM,RD_CLR_PRC,0,3
2024-08-26T00:00:00-00:00,2024-08-26T01:00:00-00:00,2024-08-25,18,0,Hourly,RD,AS_CAISO,DAM,RD_CLR_PRC,0,3
2024-08-26T01:00:00-00:00,2024-08-26T02:00:00-00:00,2024-08-25,19,0,Hourly,RD,AS_SP26,DAM,RD_CLR_PRC,0,3
2024-08-26T01:00:00-00:00,2024-08-26T02:00:00-00:00,2024-08-25,19,0,Hourly,RD,AS_SP26_EXP,DAM,RD_CLR_PRC,0,3
2024-08-26T02:00:00-00:00,2024-08-26T03:00:00-00:00,2024-08-25,20,0,Hourly,RD,AS_CAISO,DAM,RD_CLR_PRC,0,3
2024-08-26T02:00:00-00:00,2024-08-26T03:00:00-00:00,2024-08-25,20,0,Hourly,RD,AS_NP26,DAM,RD_CLR_PRC,0,3
2024-08-26T02:00:00-00:00,2024-08-26T03:00:00-00:00,2024-08-25,20,0,Hourly,RD,AS_NP26_EXP,DAM,RD_CLR_PRC,0.89267,3
2024-08-26T02:00:00-00:00,2024-08-26T03:00:00-00:00,2024-08-25,20,0,Hourly,RD,AS_SP26,DAM,RD_CLR_PRC,0,3
2024-08-26T03:00:00-00:00,2024-08-26T04:00:00-00:00,2024-08-25,21,0,Hourly,RD,AS_CAISO_EXP,DAM,RD_CLR_PRC,5.14802,3
2024-08-26T03:00:00-00:00,2024-08-26T04:00:00-00:00,2024-08-25,21,0,Hourly,RD,AS_NP26,DAM,RD_CLR_PRC,0,3
2024-08-26T04:00:00-00:00,2024-08-26T05:00:00-00:00,2024-08-25,22,0,Hourly,RD,AS_CAISO,DAM,RD_CLR_PRC,0,3
2024-08-26T06:00:00-00:00,2024-08-26T07:00:00-00:00,2024-08-25,24,0,Hourly,RD,AS_NP26,DAM,RD_CLR_PRC,0,3
2024-08-25T21:00:00-00:00,2024-08-25T22:00:00-00:00,2024-08-25,15,0,Hourly,RD,AS_CAISO,DAM,RD_CLR_PRC,0,3
2024-08-26T00:00:00-00:00,2024-08-26T01:00:00-00:00,2024-08-25,18,0,Hourly,RD,AS_CAISO_EXP,DAM,RD_CLR_PRC,12.08807,3
2024-08-26T05:00:00-00:00,2024-08-26T06:00:00-00:00,2024-08-25,23,0,Hourly,RD,AS_CAISO_EXP,DAM,RD_CLR_PRC,3.15,3
2024-08-26T05:00:00-00:00,2024-08-26T06:00:00-00:00,2024-08-25,23,0,Hourly,RD,AS_NP26,DAM,RD_CLR_PRC,0,3
2024-08-26T05:00:00-00:00,2024-08-26T06:00:00-00:00,2024-08-25,23,0,Hourly,RD,AS_SP26,DAM,RD_CLR_PRC,0,3
2024-08-26T05:00:00-00:00,2024-08-26T06:00:00-00:00,2024-08-25,23,0,Hourly,RD,AS_SP26_EXP,DAM,RD_CLR_PRC,0,3
2024-08-26T06:00:00-00:00,2024-08-26T07:00:00-00:00,2024-08-25,24,0,Hourly,RD,AS_SP26_EXP,DAM,RD_CLR_PRC,0,3
2024-08-25T09:00:00-00:00,2024-08-25T10:00:00-00:00,2024-08-25,3,0,Hourly,RD,AS_NP26,DAM,RD_CLR_PRC,0,3
2024-08-25T13:00:00-00:00,2024-08-25T14:00:00-00:00,2024-08-25,7,0,Hourly,RD,AS_CAISO_EXP,DAM,RD_CLR_PRC,5,3
2024-08-25T14:00:00-00:00,2024-08-25T15:00:00-00:00,2024-08-25,8,0,Hourly,RD,AS_CAISO,DAM,RD_CLR_PRC,0,3
2024-08-25T15:00:00-00:00,2024-08-25T16:00:00-00:00,2024-08-25,9,0,Hourly,RD,AS_SP26_EXP,DAM,RD_CLR_PRC,0,3
2024-08-25T16:00:00-00:00,2024-08-25T17:00:00-00:00,2024-08-25,10,0,Hourly,RD,AS_CAISO_EXP,DAM,RD_CLR_PRC,4.9572,3
2024-08-25T19:00:00-00:00,2024-08-25T20:00:00-00:00,2024-08-25,13,0,Hourly,RD,AS_SP26,DAM,RD_CLR_PRC,0,3
2024-08-26T19:00:00-00:00,2024-08-26T20:00:00-00:00,2024-08-26,13,0,Hourly,RD,AS_CAISO,DAM,RD_CLR_PRC,0,4
2024-08-26T19:00:00-00:00,2024-08-26T20:00:00-00:00,2024-08-26,13,0,Hourly,RD,AS_CAISO_EXP,DAM,RD_CLR_PRC,3.28784,4
2024-08-26T19:00:00-00:00,2024-08-26T20:00:00-00:00,2024-08-26,13,0,Hourly,RD,AS_SP26,DAM,RD_CLR_PRC,0,4
2024-08-27T00:00:00-00:00,2024-08-27T01:00:00-00:00,2024-08-26,18,0,Hourly,RD,AS_SP26_EXP,DAM,RD_CLR_PRC,0.92854,4
2024-08-27T02:00:00-00:00,2024-08-27T03:00:00-00:00,2024-08-26,20,0,Hourly,RD,AS_CAISO,DAM,RD_CLR_PRC,0,4
2024-08-27T03:00:00-00:00,2024-08-27T04:00:00-00:00,2024-08-26,21,0,Hourly,RD,AS_SP26,DAM,RD_CLR_PRC,0,4
2024-08-27T05:00:00-00:00,2024-08-27T06:00:00-00:00,2024-08-26,23,0,Hourly,RD,AS_NP26,DAM,RD_CLR_PRC,0,4
2024-08-27T06:00:00-00:00,2024-08-27T07:00:00-00:00,2024-08-26,24,0,Hourly,RD,AS_CAISO,DAM,RD_CLR_PRC,0,4
2024-08-27T06:00:00-00:00,2024-08-27T07:00:00-00:00,2024-08-26,24,0,Hourly,RD,AS_NP26_EXP,DAM,RD_CLR_PRC,0,4
2024-08-26T07:00:00-00:00,2024-08-26T08:00:00-00:00,2024-08-26,1,0,Hourly,RD,AS_NP26,DAM,RD_CLR_PRC,0,4
2024-08-26T07:00:00-00:00,2024-08-26T08:00:00-00:00,2024-08-26,1,0,Hourly,RD,AS_CAISO_EXP,DAM,RD_CLR_PRC,2.77555,4
2024-08-26T09:00:00-00:00,2024-08-26T10:00:00-00:00,2024-08-26,3,0,Hourly,RD,AS_CAISO_EXP,DAM,RD_CLR_PRC,3.5,4
2024-08-26T10:00:00-00:00,2024-08-26T11:00:00-00:00,2024-08-26,4,0,Hourly,RD,AS_NP26_EXP,DAM,RD_CLR_PRC,0,4
2024-08-26T10:00:00-00:00,2024-08-26T11:00:00-00:00,2024-08-26,4,0,Hourly,RD,AS_SP26,DAM,RD_CLR_PRC,0,4
2024-08-26T11:00:00-00:00,2024-08-26T12:00:00-00:00,2024-08-26,5,0,Hourly,RD,AS_SP26,DAM,RD_CLR_PRC,0,4
2024-08-26T12:00:00-00:00,2024-08-26T13:00:00-00:00,2024-08-26,6,0,Hourly,RD,AS_CAISO_EXP,DAM,RD_CLR_PRC,3.95228,4
2024-08-27T00:00:00-00:00,2024-08-27T01:00:00-00:00,2024-08-26,18,0,Hourly,RD,AS_SP26,DAM,RD_CLR_PRC,0,4
2024-08-27T02:00:00-00:00,2024-08-27T03:00:00-00:00,2024-08-26,20,0,Hourly,RD,AS_NP26,DAM,RD_CLR_PRC,0,4
2024-08-27T03:00:00-00:00,2024-08-27T04:00:00-00:00,2024-08-26,21,0,Hourly,RD,AS_NP26_EXP,DAM,RD_CLR_PRC,0,4
2024-08-27T04:00:00-00:00,2024-08-27T05:00:00-00:00,2024-08-26,22,0,Hourly,RD,AS_NP26_EXP,DAM,RD_CLR_PRC,0,4
2024-08-27T04:00:00-00:00,2024-08-27T05:00:00-00:00,2024-08-26,22,0,Hourly,RD,AS_SP26_EXP,DAM,RD_CLR_PRC,1.35,4
2024-08-27T05:00:00-00:00,2024-08-27T06:00:00-00:00,2024-08-26,23,0,Hourly,RD,AS_CAISO_EXP,DAM,RD_CLR_PRC,5.01,4
2024-08-27T05:00:00-00:00,2024-08-27T06:00:00-00:00,2024-08-26,23,0,Hourly,RD,AS_SP26,DAM,RD_CLR_PRC,0,4
2024-08-26T21:00:00-00:00,2024-08-26T22:00:00-00:00,2024-08-26,15,0,Hourly,RD,AS_CAISO_EXP,DAM,RD_CLR_PRC,4.60429,4
2024-08-26T23:00:00-00:00,2024-08-27T00:00:00-00:00,2024-08-26,17,0,Hourly,RD,AS_SP26_EXP,DAM,RD_CLR_PRC,3.78679,4
2024-08-27T00:00:00-00:00,2024-08-27T01:00:00-00:00,2024-08-26,18,0,Hourly,RD,AS_NP26_EXP,DAM,RD_CLR_PRC,0,4
2024-08-27T01:00:00-00:00,2024-08-27T02:00:00-00:00,2024-08-26,19,0,Hourly,RD,AS_NP26,DAM,RD_CLR_PRC,0,4
2024-08-27T03:00:00-00:00,2024-08-27T04:00:00-00:00,2024-08-26,21,0,Hourly,RD,AS_CAISO_EXP,DAM,RD_CLR_PRC,7.11,4
2024-08-26T09:00:00-00:00,2024-08-26T10:00:00-00:00,2024-08-26,3,0,Hourly,RD,AS_CAISO,DAM,RD_CLR_PRC,0,4
2024-08-26T10:00:00-00:00,2024-08-26T11:00:00-00:00,2024-08-26,4,0,Hourly,RD,AS_NP26,DAM,RD_CLR_PRC,0,4
2024-08-26T10:00:00-00:00,2024-08-26T11:00:00-00:00,2024-08-26,4,0,Hourly,RD,AS_SP26_EXP,DAM,RD_CLR_PRC,0,4
2024-08-26T12:00:00-00:00,2024-08-26T13:00:00-00:00,2024-08-26,6,0,Hourly,RD,AS_CAISO,DAM,RD_CLR_PRC,0,4
2024-08-26T12:00:00-00:00,2024-08-26T13:00:00-00:00,2024-08-26,6,0,Hourly,RD,AS_NP26_EXP,DAM,RD_CLR_PRC,0,4
2024-08-26T13:00:00-00:00,2024-08-26T14:00:00-00:00,2024-08-26,7,0,Hourly,RD,AS_NP26_EXP,DAM,RD_CLR_PRC,0,4
2024-08-26T13:00:00-00:00,2024-08-26T14:00:00-00:00,2024-08-26,7,0,Hourly,RD,AS_SP26_EXP,DAM,RD_CLR_PRC,1.07,4
2024-08-26T14:00:00-00:00,2024-08-26T15:00:00-00:00,2024-08-26,8,0,Hourly,RD,AS_SP26_EXP,DAM,RD_CLR_PRC,0,4
2024-08-26T15:00:00-00:00,2024-08-26T16:00:00-00:00,2024-08-26,9,0,Hourly,RD,AS_SP26_EXP,DAM,RD_CLR_PRC,0,4
2024-08-26T16:00:00-00:00,2024-08-26T17:00:00-00:00,2024-08-26,10,0,Hourly,RD,AS_NP26,DAM,RD_CLR_PRC,0,4
2024-08-26T16:00:00-00:00,2024-08-26T17:00:00-00:00,2024-08-26,10,0,Hourly,RD,AS_SP26_EXP,DAM,RD_CLR_PRC,0,4
2024-08-26T17:00:00-00:00,2024-08-26T18:00:00-00:00,2024-08-26,11,0,Hourly,RD,AS_NP26,DAM,RD_CLR_PRC,0,4
2024-08-26T20:00:00-00:00,2024-08-26T21:00:00-00:00,2024-08-26,14,0,Hourly,RD,AS_NP26,DAM,RD_CLR_PRC,0,4
2024-08-26T08:00:00-00:00,2024-08-26T09:00:00-00:00,2024-08-26,2,0,Hourly,RD,AS_SP26_EXP,DAM,RD_CLR_PRC,0,4
2024-08-26T09:00:00-00:00,2024-08-26T10:00:00-00:00,2024-08-26,3,0,Hourly,RD,AS_SP26_EXP,DAM,RD_CLR_PRC,0,4
2024-08-26T13:00:00-00:00,2024-08-26T14:00:00-00:00,2024-08-26,7,0,Hourly,RD,AS_NP26,DAM,RD_CLR_PRC,0,4
2024-08-26T17:00:00-00:00,2024-08-26T18:00:00-00:00,2024-08-26,11,0,Hourly,RD,AS_NP26_EXP,DAM,RD_CLR_PRC,0,4
2024-08-26T18:00:00-00:00,2024-08-26T19:00:00-00:00,2024-08-26,12,0,Hourly,RD,AS_CAISO_EXP,DAM,RD_CLR_PRC,3.78737,4
2024-08-26T19:00:00-00:00,2024-08-26T20:00:00-00:00,2024-08-26,13,0,Hourly,RD,AS_NP26_EXP,DAM,RD_CLR_PRC,0.72216,4
2024-08-26T20:00:00-00:00,2024-08-26T21:00:00-00:00,2024-08-26,14,0,Hourly,RD,AS_CAISO_EXP,DAM,RD_CLR_PRC,4.01,4
2024-08-26T20:00:00-00:00,2024-08-26T21:00:00-00:00,2024-08-26,14,0,Hourly,RD,AS_NP26_EXP,DAM,RD_CLR_PRC,0,4
2024-08-26T20:00:00-00:00,2024-08-26T21:00:00-00:00,2024-08-26,14,0,Hourly,RD,AS_SP26,DAM,RD_CLR_PRC,0,4
2024-08-26T21:00:00-00:00,2024-08-26T22:00:00-00:00,2024-08-26,15,0,Hourly,RD,AS_CAISO,DAM,RD_CLR_PRC,0,4
2024-08-26T21:00:00-00:00,2024-08-26T22:00:00-00:00,2024-08-26,15,0,Hourly,RD,AS_SP26,DAM,RD_CLR_PRC,0,4
2024-08-26T22:00:00-00:00,2024-08-26T23:00:00-00:00,2024-08-26,16,0,Hourly,RD,AS_SP26,DAM,RD_CLR_PRC,0,4
2024-08-26T23:00:00-00:00,2024-08-27T00:00:00-00:00,2024-08-26,17,0,Hourly,RD,AS_NP26_EXP,DAM,RD_CLR_PRC,0,4
2024-08-27T00:00:00-00:00,2024-08-27T01:00:00-00:00,2024-08-26,18,0,Hourly,RD,AS_NP26,DAM,RD_CLR_PRC,0,4
2024-08-27T01:00:00-00:00,2024-08-27T02:00:00-00:00,2024-08-26,19,0,Hourly,RD,AS_CAISO_EXP,DAM,RD_CLR_PRC,2,4
2024-08-27T01:00:00-00:00,2024-08-27T02:00:00-00:00,2024-08-26,19,0,Hourly,RD,AS_SP26_EXP,DAM,RD_CLR_PRC,0,4
2024-08-27T02:00:00-00:00,2024-08-27T03:00:00-00:00,2024-08-26,20,0,Hourly,RD,AS_NP26_EXP,DAM,RD_CLR_PRC,6.94,4
2024-08-27T03:00:00-00:00,2024-08-27T04:00:00-00:00,2024-08-26,21,0,Hourly,RD,AS_NP26,DAM,RD_CLR_PRC,0,4
2024-08-27T04:00:00-00:00,2024-08-27T05:00:00-00:00,2024-08-26,22,0,Hourly,RD,AS_CAISO,DAM,RD_CLR_PRC,0,4
2024-08-27T06:00:00-00:00,2024-08-27T07:00:00-00:00,2024-08-26,24,0,Hourly,RD,AS_SP26_EXP,DAM,RD_CLR_PRC,0,4
2024-08-26T09:00:00-00:00,2024-08-26T10:00:00-00:00,2024-08-26,3,0,Hourly,RD,AS_NP26,DAM,RD_CLR_PRC,0,4
2024-08-26T09:00:00-00:00,2024-08-26T10:00:00-00:00,2024-08-26,3,0,Hourly,RD,AS_SP26,DAM,RD_CLR_PRC,0,4
2024-08-26T10:00:00-00:00,2024-08-26T11:00:00-00:00,2024-08-26,4,0,Hourly,RD,AS_CAISO_EXP,DAM,RD_CLR_PRC,3.21558,4
2024-08-26T11:00:00-00:00,2024-08-26T12:00:00-00:00,2024-08-26,5,0,Hourly,RD,AS_CAISO,DAM,RD_CLR_PRC,0,4
2024-08-26T12:00:00-00:00,2024-08-26T13:00:00-00:00,2024-08-26,6,0,Hourly,RD,AS_SP26,DAM,RD_CLR_PRC,0,4
2024-08-26T13:00:00-00:00,2024-08-26T14:00:00-00:00,2024-08-26,7,0,Hourly,RD,AS_CAISO_EXP,DAM,RD_CLR_PRC,5.34,4
2024-08-26T14:00:00-00:00,2024-08-26T15:00:00-00:00,2024-08-26,8,0,Hourly,RD,AS_CAISO_EXP,DAM,RD_CLR_PRC,4.51347,4
2024-08-26T14:00:00-00:00,2024-08-26T15:00:00-00:00,2024-08-26,8,0,Hourly,RD,AS_NP26,DAM,RD_CLR_PRC,0,4
2024-08-26T15:00:00-00:00,2024-08-26T16:00:00-00:00,2024-08-26,9,0,Hourly,RD,AS_SP26,DAM,RD_CLR_PRC,0,4
2024-08-26T18:00:00-00:00,2024-08-26T19:00:00-00:00,2024-08-26,12,0,Hourly,RD,AS_NP26,DAM,RD_CLR_PRC,0,4
2024-08-26T22:00:00-00:00,2024-08-26T23:00:00-00:00,2024-08-26,16,0,Hourly,RD,AS_CAISO,DAM,RD_CLR_PRC,0,4
2024-08-27T02:00:00-00:00,2024-08-27T03:00:00-00:00,2024-08-26,20,0,Hourly,RD,AS_CAISO_EXP,DAM,RD_CLR_PRC,2,4
2024-08-27T02:00:00-00:00,2024-08-27T03:00:00-00:00,2024-08-26,20,0,Hourly,RD,AS_SP26_EXP,DAM,RD_CLR_PRC,0,4
2024-08-27T03:00:00-00:00,2024-08-27T04:00:00-00:00,2024-08-26,21,0,Hourly,RD,AS_CAISO,DAM,RD_CLR_PRC,0,4
2024-08-27T05:00:00-00:00,2024-08-27T06:00:00-00:00,2024-08-26,23,0,Hourly,RD,AS_CAISO,DAM,RD_CLR_PRC,0,4
2024-08-26T12:00:00-00:00,2024-08-26T13:00:00-00:00,2024-08-26,6,0,Hourly,RD,AS_NP26,DAM,RD_CLR_PRC,0,4
2024-08-26T13:00:00-00:00,2024-08-26T14:00:00-00:00,2024-08-26,7,0,Hourly,RD,AS_SP26,DAM,RD_CLR_PRC,0,4
2024-08-26T15:00:00-00:00,2024-08-26T16:00:00-00:00,2024-08-26,9,0,Hourly,RD,AS_CAISO,DAM,RD_CLR_PRC,0,4
2024-08-26T17:00:00-00:00,2024-08-26T18:00:00-00:00,2024-08-26,11,0,Hourly,RD,AS_SP26,DAM,RD_CLR_PRC,0,4
2024-08-26T07:00:00-00:00,2024-08-26T08:00:00-00:00,2024-08-26,1,0,Hourly,RD,AS_CAISO,DAM,RD_CLR_PRC,0,4
2024-08-26T11:00:00-00:00,2024-08-26T12:00:00-00:00,2024-08-26,5,0,Hourly,RD,AS_NP26,DAM,RD_CLR_PRC,0,4
2024-08-26T11:00:00-00:00,2024-08-26T12:00:00-00:00,2024-08-26,5,0,Hourly,RD,AS_NP26_EXP,DAM,RD_CLR_PRC,0.21692,4
2024-08-26T11:00:00-00:00,2024-08-26T12:00:00-00:00,2024-08-26,5,0,Hourly,RD,AS_SP26_EXP,DAM,RD_CLR_PRC,0,4
2024-08-26T15:00:00-00:00,2024-08-26T16:00:00-00:00,2024-08-26,9,0,Hourly,RD,AS_CAISO_EXP,DAM,RD_CLR_PRC,4.08129,4
2024-08-26T16:00:00-00:00,2024-08-26T17:00:00-00:00,2024-08-26,10,0,Hourly,RD,AS_CAISO_EXP,DAM,RD_CLR_PRC,4.06202,4
2024-08-26T17:00:00-00:00,2024-08-26T18:00:00-00:00,2024-08-26,11,0,Hourly,RD,AS_CAISO,DAM,RD_CLR_PRC,0,4
2024-08-26T19:00:00-00:00,2024-08-26T20:00:00-00:00,2024-08-26,13,0,Hourly,RD,AS_NP26,DAM,RD_CLR_PRC,0,4
2024-08-26T19:00:00-00:00,2024-08-26T20:00:00-00:00,2024-08-26,13,0,Hourly,RD,AS_SP26_EXP,DAM,RD_CLR_PRC,0,4
2024-08-26T22:00:00-00:00,2024-08-26T23:00:00-00:00,2024-08-26,16,0,Hourly,RD,AS_CAISO_EXP,DAM,RD_CLR_PRC,5.45,4
2024-08-26T22:00:00-00:00,2024-08-26T23:00:00-00:00,2024-08-26,16,0,Hourly,RD,AS_NP26,DAM,RD_CLR_PRC,0,4
2024-08-26T22:00:00-00:00,2024-08-26T23:00:00-00:00,2024-08-26,16,0,Hourly,RD,AS_SP26_EXP,DAM,RD_CLR_PRC,0.57833,4
2024-08-26T23:00:00-00:00,2024-08-27T00:00:00-00:00,2024-08-26,17,0,Hourly,RD,AS_CAISO_EXP,DAM,RD_CLR_PRC,7.55,4
2024-08-26T23:00:00-00:00,2024-08-27T00:00:00-00:00,2024-08-26,17,0,Hourly,RD,AS_NP26,DAM,RD_CLR_PRC,0,4
2024-08-27T00:00:00-00:00,2024-08-27T01:00:00-00:00,2024-08-26,18,0,Hourly,RD,AS_CAISO_EXP,DAM,RD_CLR_PRC,6.68,4
2024-08-27T01:00:00-00:00,2024-08-27T02:00:00-00:00,2024-08-26,19,0,Hourly,RD,AS_SP26,DAM,RD_CLR_PRC,0,4
2024-08-27T06:00:00-00:00,2024-08-27T07:00:00-00:00,2024-08-26,24,0,Hourly,RD,AS_CAISO_EXP,DAM,RD_CLR_PRC,3.5,4
2024-08-26T07:00:00-00:00,2024-08-26T08:00:00-00:00,2024-08-26,1,0,Hourly,RD,AS_NP26_EXP,DAM,RD_CLR_PRC,0.61078,4
2024-08-26T07:00:00-00:00,2024-08-26T08:00:00-00:00,2024-08-26,1,0,Hourly,RD,AS_SP26,DAM,RD_CLR_PRC,0,4
2024-08-26T08:00:00-00:00,2024-08-26T09:00:00-00:00,2024-08-26,2,0,Hourly,RD,AS_CAISO_EXP,DAM,RD_CLR_PRC,3.91043,4
2024-08-26T08:00:00-00:00,2024-08-26T09:00:00-00:00,2024-08-26,2,0,Hourly,RD,AS_NP26_EXP,DAM,RD_CLR_PRC,0,4
2024-08-26T14:00:00-00:00,2024-08-26T15:00:00-00:00,2024-08-26,8,0,Hourly,RD,AS_CAISO,DAM,RD_CLR_PRC,0,4
2024-08-26T15:00:00-00:00,2024-08-26T16:00:00-00:00,2024-08-26,9,0,Hourly,RD,AS_NP26_EXP,DAM,RD_CLR_PRC,0,4
2024-08-26T16:00:00-00:00,2024-08-26T17:00:00-00:00,2024-08-26,10,0,Hourly,RD,AS_NP26_EXP,DAM,RD_CLR_PRC,0,4
2024-08-26T17:00:00-00:00,2024-08-26T18:00:00-00:00,2024-08-26,11,0,Hourly,RD,AS_SP26_EXP,DAM,RD_CLR_PRC,0,4
2024-08-26T18:00:00-00:00,2024-08-26T19:00:00-00:00,2024-08-26,12,0,Hourly,RD,AS_SP26_EXP,DAM,RD_CLR_PRC,0,4
2024-08-26T20:00:00-00:00,2024-08-26T21:00:00-00:00,2024-08-26,14,0,Hourly,RD,AS_SP26_EXP,DAM,RD_CLR_PRC,0.16282,4
2024-08-26T21:00:00-00:00,2024-08-26T22:00:00-00:00,2024-08-26,15,0,Hourly,RD,AS_NP26_EXP,DAM,RD_CLR_PRC,0,4
2024-08-26T21:00:00-00:00,2024-08-26T22:00:00-00:00,2024-08-26,15,0,Hourly,RD,AS_SP26_EXP,DAM,RD_CLR_PRC,0.96958,4
2024-08-27T01:00:00-00:00,2024-08-27T02:00:00-00:00,2024-08-26,19,0,Hourly,RD,AS_NP26_EXP,DAM,RD_CLR_PRC,4.11,4
2024-08-27T04:00:00-00:00,2024-08-27T05:00:00-00:00,2024-08-26,22,0,Hourly,RD,AS_CAISO_EXP,DAM,RD_CLR_PRC,6.11,4
2024-08-27T04:00:00-00:00,2024-08-27T05:00:00-00:00,2024-08-26,22,0,Hourly,RD,AS_NP26,DAM,RD_CLR_PRC,0,4
2024-08-27T04:00:00-00:00,2024-08-27T05:00:00-00:00,2024-08-26,22,0,Hourly,RD,AS_SP26,DAM,RD_CLR_PRC,0,4
2024-08-27T05:00:00-00:00,2024-08-27T06:00:00-00:00,2024-08-26,23,0,Hourly,RD,AS_SP26_EXP,DAM,RD_CLR_PRC,0,4
2024-08-27T06:00:00-00:00,2024-08-27T07:00:00-00:00,2024-08-26,24,0,Hourly,RD,AS_NP26,DAM,RD_CLR_PRC,0,4
2024-08-26T18:00:00-00:00,2024-08-26T19:00:00-00:00,2024-08-26,12,0,Hourly,RD,AS_SP26,DAM,RD_CLR_PRC,0,4
2024-08-26T21:00:00-00:00,2024-08-26T22:00:00-00:00,2024-08-26,15,0,Hourly,RD,AS_NP26,DAM,RD_CLR_PRC,0,4
2024-08-26T23:00:00-00:00,2024-08-27T00:00:00-00:00,2024-08-26,17,0,Hourly,RD,AS_SP26,DAM,RD_CLR_PRC,0,4
2024-08-27T00:00:00-00:00,2024-08-27T01:00:00-00:00,2024-08-26,18,0,Hourly,RD,AS_CAISO,DAM,RD_CLR_PRC,0,4
2024-08-27T01:00:00-00:00,2024-08-27T02:00:00-00:00,2024-08-26,19,0,Hourly,RD,AS_CAISO,DAM,RD_CLR_PRC,0,4
2024-08-27T02:00:00-00:00,2024-08-27T03:00:00-00:00,2024-08-26,20,0,Hourly,RD,AS_SP26,DAM,RD_CLR_PRC,0,4
2024-08-27T03:00:00-00:00,2024-08-27T04:00:00-00:00,2024-08-26,21,0,Hourly,RD,AS_SP26_EXP,DAM,RD_CLR_PRC,0,4
2024-08-27T05:00:00-00:00,2024-08-27T06:00:00-00:00,2024-08-26,23,0,Hourly,RD,AS_NP26_EXP,DAM,RD_CLR_PRC,0,4
2024-08-27T06:00:00-00:00,2024-08-27T07:00:00-00:00,2024-08-26,24,0,Hourly,RD,AS_SP26,DAM,RD_CLR_PRC,0,4
2024-08-26T08:00:00-00:00,2024-08-26T09:00:00-00:00,2024-08-26,2,0,Hourly,RD,AS_CAISO,DAM,RD_CLR_PRC,0,4
2024-08-26T08:00:00-00:00,2024-08-26T09:00:00-00:00,2024-08-26,2,0,Hourly,RD,AS_SP26,DAM,RD_CLR_PRC,0,4
2024-08-26T11:00:00-00:00,2024-08-26T12:00:00-00:00,2024-08-26,5,0,Hourly,RD,AS_CAISO_EXP,DAM,RD_CLR_PRC,3.04288,4
2024-08-26T12:00:00-00:00,2024-08-26T13:00:00-00:00,2024-08-26,6,0,Hourly,RD,AS_SP26_EXP,DAM,RD_CLR_PRC,0,4
2024-08-26T14:00:00-00:00,2024-08-26T15:00:00-00:00,2024-08-26,8,0,Hourly,RD,AS_NP26_EXP,DAM,RD_CLR_PRC,0,4
2024-08-26T14:00:00-00:00,2024-08-26T15:00:00-00:00,2024-08-26,8,0,Hourly,RD,AS_SP26,DAM,RD_CLR_PRC,0,4
2024-08-26T16:00:00-00:00,2024-08-26T17:00:00-00:00,2024-08-26,10,0,Hourly,RD,AS_SP26,DAM,RD_CLR_PRC,0,4
2024-08-26T17:00:00-00:00,2024-08-26T18:00:00-00:00,2024-08-26,11,0,Hourly,RD,AS_CAISO_EXP,DAM,RD_CLR_PRC,4.31372,4
2024-08-26T18:00:00-00:00,2024-08-26T19:00:00-00:00,2024-08-26,12,0,Hourly,RD,AS_CAISO,DAM,RD_CLR_PRC,0,4
2024-08-26T18:00:00-00:00,2024-08-26T19:00:00-00:00,2024-08-26,12,0,Hourly,RD,AS_NP26_EXP,DAM,RD_CLR_PRC,0.22263,4
2024-08-26T07:00:00-00:00,2024-08-26T08:00:00-00:00,2024-08-26,1,0,Hourly,RD,AS_SP26_EXP,DAM,RD_CLR_PRC,0,4
2024-08-26T08:00:00-00:00,2024-08-26T09:00:00-00:00,2024-08-26,2,0,Hourly,RD,AS_NP26,DAM,RD_CLR_PRC,0,4
2024-08-26T09:00:00-00:00,2024-08-26T10:00:00-00:00,2024-08-26,3,0,Hourly,RD,AS_NP26_EXP,DAM,RD_CLR_PRC,0.51011,4
2024-08-26T10:00:00-00:00,2024-08-26T11:00:00-00:00,2024-08-26,4,0,Hourly,RD,AS_CAISO,DAM,RD_CLR_PRC,0,4
2024-08-26T13:00:00-00:00,2024-08-26T14:00:00-00:00,2024-08-26,7,0,Hourly,RD,AS_CAISO,DAM,RD_CLR_PRC,0,4
2024-08-26T15:00:00-00:00,2024-08-26T16:00:00-00:00,2024-08-26,9,0,Hourly,RD,AS_NP26,DAM,RD_CLR_PRC,0,4
2024-08-26T16:00:00-00:00,2024-08-26T17:00:00-00:00,2024-08-26,10,0,Hourly,RD,AS_CAISO,DAM,RD_CLR_PRC,0,4
2024-08-26T20:00:00-00:00,2024-08-26T21:00:00-00:00,2024-08-26,14,0,Hourly,RD,AS_CAISO,DAM,RD_CLR_PRC,0,4
2024-08-26T22:00:00-00:00,2024-08-26T23:00:00-00:00,2024-08-26,16,0,Hourly,RD,AS_NP26_EXP,DAM,RD_CLR_PRC,0,4
2024-08-26T23:00:00-00:00,2024-08-27T00:00:00-00:00,2024-08-26,17,0,Hourly,RD,AS_CAISO,DAM,RD_CLR_PRC,0,4
2024-08-27T13:00:00-00:00,2024-08-27T14:00:00-00:00,2024-08-27,7,0,Hourly,RD,AS_NP26,DAM,RD_CLR_PRC,0,5
2024-08-27T16:00:00-00:00,2024-08-27T17:00:00-00:00,2024-08-27,10,0,Hourly,RD,AS_NP26,DAM,RD_CLR_PRC,0,5
2024-08-27T16:00:00-00:00,2024-08-27T17:00:00-00:00,2024-08-27,10,0,Hourly,RD,AS_SP26,DAM,RD_CLR_PRC,0,5
2024-08-27T17:00:00-00:00,2024-08-27T18:00:00-00:00,2024-08-27,11,0,Hourly,RD,AS_CAISO,DAM,RD_CLR_PRC,0,5
2024-08-27T17:00:00-00:00,2024-08-27T18:00:00-00:00,2024-08-27,11,0,Hourly,RD,AS_NP26,DAM,RD_CLR_PRC,0,5
2024-08-27T19:00:00-00:00,2024-08-27T20:00:00-00:00,2024-08-27,13,0,Hourly,RD,AS_NP26_EXP,DAM,RD_CLR_PRC,0.28667,5
2024-08-27T19:00:00-00:00,2024-08-27T20:00:00-00:00,2024-08-27,13,0,Hourly,RD,AS_SP26,DAM,RD_CLR_PRC,0,5
2024-08-27T20:00:00-00:00,2024-08-27T21:00:00-00:00,2024-08-27,14,0,Hourly,RD,AS_SP26_EXP,DAM,RD_CLR_PRC,0,5
2024-08-27T23:00:00-00:00,2024-08-28T00:00:00-00:00,2024-08-27,17,0,Hourly,RD,AS_NP26,DAM,RD_CLR_PRC,0,5
2024-08-28T00:00:00-00:00,2024-08-28T01:00:00-00:00,2024-08-27,18,0,Hourly,RD,AS_NP26,DAM,RD_CLR_PRC,0,5
2024-08-28T00:00:00-00:00,2024-08-28T01:00:00-00:00,2024-08-27,18,0,Hourly,RD,AS_NP26_EXP,DAM,RD_CLR_PRC,0,5
2024-08-28T00:00:00-00:00,2024-08-28T01:00:00-00:00,2024-08-27,18,0,Hourly,RD,AS_SP26,DAM,RD_CLR_PRC,0,5
2024-08-28T03:00:00-00:00,2024-08-28T04:00:00-00:00,2024-08-27,21,0,Hourly,RD,AS_CAISO_EXP,DAM,RD_CLR_PRC,6.11,5
2024-08-28T04:00:00-00:00,2024-08-28T05:00:00-00:00,2024-08-27,22,0,Hourly,RD,AS_CAISO_EXP,DAM,RD_CLR_PRC,6.08595,5
2024-08-28T04:00:00-00:00,2024-08-28T05:00:00-00:00,2024-08-27,22,0,Hourly,RD,AS_NP26_EXP,DAM,RD_CLR_PRC,0,5
2024-08-28T06:00:00-00:00,2024-08-28T07:00:00-00:00,2024-08-27,24,0,Hourly,RD,AS_NP26,DAM,RD_CLR_PRC,0,5
2024-08-28T03:00:00-00:00,2024-08-28T04:00:00-00:00,2024-08-27,21,0,Hourly,RD,AS_CAISO,DAM,RD_CLR_PRC,0,5
2024-08-28T03:00:00-00:00,2024-08-28T04:00:00-00:00,2024-08-27,21,0,Hourly,RD,AS_NP26_EXP,DAM,RD_CLR_PRC,0,5
2024-08-28T04:00:00-00:00,2024-08-28T05:00:00-00:00,2024-08-27,22,0,Hourly,RD,AS_NP26,DAM,RD_CLR_PRC,0,5
2024-08-28T04:00:00-00:00,2024-08-28T05:00:00-00:00,2024-08-27,22,0,Hourly,RD,AS_SP26,DAM,RD_CLR_PRC,0,5
2024-08-27T08:00:00-00:00,2024-08-27T09:00:00-00:00,2024-08-27,2,0,Hourly,RD,AS_SP26,DAM,RD_CLR_PRC,0,5
2024-08-27T10:00:00-00:00,2024-08-27T11:00:00-00:00,2024-08-27,4,0,Hourly,RD,AS_NP26,DAM,RD_CLR_PRC,0,5
2024-08-27T10:00:00-00:00,2024-08-27T11:00:00-00:00,2024-08-27,4,0,Hourly,RD,AS_NP26_EXP,DAM,RD_CLR_PRC,0.24169,5
2024-08-27T11:00:00-00:00,2024-08-27T12:00:00-00:00,2024-08-27,5,0,Hourly,RD,AS_CAISO,DAM,RD_CLR_PRC,0,5
2024-08-27T11:00:00-00:00,2024-08-27T12:00:00-00:00,2024-08-27,5,0,Hourly,RD,AS_SP26_EXP,DAM,RD_CLR_PRC,0,5
2024-08-27T12:00:00-00:00,2024-08-27T13:00:00-00:00,2024-08-27,6,0,Hourly,RD,AS_SP26_EXP,DAM,RD_CLR_PRC,0,5
2024-08-27T13:00:00-00:00,2024-08-27T14:00:00-00:00,2024-08-27,7,0,Hourly,RD,AS_SP26_EXP,DAM,RD_CLR_PRC,0,5
2024-08-27T14:00:00-00:00,2024-08-27T15:00:00-00:00,2024-08-27,8,0,Hourly,RD,AS_SP26_EXP,DAM,RD_CLR_PRC,0,5
2024-08-27T14:00:00-00:00,2024-08-27T15:00:00-00:00,2024-08-27,8,0,Hourly,RD,AS_NP26_EXP,DAM,RD_CLR_PRC,0,5
2024-08-27T15:00:00-00:00,2024-08-27T16:00:00-00:00,2024-08-27,9,0,Hourly,RD,AS_NP26_EXP,DAM,RD_CLR_PRC,0,5
2024-08-27T15:00:00-00:00,2024-08-27T16:00:00-00:00,2024-08-27,9,0,Hourly,RD,AS_SP26,DAM,RD_CLR_PRC,0,5
2024-08-27T16:00:00-00:00,2024-08-27T17:00:00-00:00,2024-08-27,10,0,Hourly,RD,AS_CAISO,DAM,RD_CLR_PRC,0,5
2024-08-27T16:00:00-00:00,2024-08-27T17:00:00-00:00,2024-08-27,10,0,Hourly,RD,AS_CAISO_EXP,DAM,RD_CLR_PRC,5.09517,5
2024-08-27T18:00:00-00:00,2024-08-27T19:00:00-00:00,2024-08-27,12,0,Hourly,RD,AS_CAISO_EXP,DAM,RD_CLR_PRC,4.27343,5
2024-08-27T18:00:00-00:00,2024-08-27T19:00:00-00:00,2024-08-27,12,0,Hourly,RD,AS_NP26_EXP,DAM,RD_CLR_PRC,0,5
2024-08-27T19:00:00-00:00,2024-08-27T20:00:00-00:00,2024-08-27,13,0,Hourly,RD,AS_SP26_EXP,DAM,RD_CLR_PRC,0,5
2024-08-27T20:00:00-00:00,2024-08-27T21:00:00-00:00,2024-08-27,14,0,Hourly,RD,AS_NP26,DAM,RD_CLR_PRC,0,5
2024-08-27T20:00:00-00:00,2024-08-27T21:00:00-00:00,2024-08-27,14,0,Hourly,RD,AS_NP26_EXP,DAM,RD_CLR_PRC,0.54556,5
2024-08-27T20:00:00-00:00,2024-08-27T21:00:00-00:00,2024-08-27,14,0,Hourly,RD,AS_SP26,DAM,RD_CLR_PRC,0,5
2024-08-27T22:00:00-00:00,2024-08-27T23:00:00-00:00,2024-08-27,16,0,Hourly,RD,AS_NP26,DAM,RD_CLR_PRC,0,5
2024-08-27T22:00:00-00:00,2024-08-27T23:00:00-00:00,2024-08-27,16,0,Hourly,RD,AS_SP26,DAM,RD_CLR_PRC,0,5
2024-08-28T05:00:00-00:00,2024-08-28T06:00:00-00:00,2024-08-27,23,0,Hourly,RD,AS_CAISO,DAM,RD_CLR_PRC,0,5
2024-08-27T07:00:00-00:00,2024-08-27T08:00:00-00:00,2024-08-27,1,0,Hourly,RD,AS_SP26,DAM,RD_CLR_PRC,0,5
2024-08-27T09:00:00-00:00,2024-08-27T10:00:00-00:00,2024-08-27,3,0,Hourly,RD,AS_NP26,DAM,RD_CLR_PRC,0,5
2024-08-27T11:00:00-00:00,2024-08-27T12:00:00-00:00,2024-08-27,5,0,Hourly,RD,AS_NP26_EXP,DAM,RD_CLR_PRC,1.21863,5
2024-08-27T12:00:00-00:00,2024-08-27T13:00:00-00:00,2024-08-27,6,0,Hourly,RD,AS_NP26_EXP,DAM,RD_CLR_PRC,0,5
2024-08-27T15:00:00-00:00,2024-08-27T16:00:00-00:00,2024-08-27,9,0,Hourly,RD,AS_CAISO,DAM,RD_CLR_PRC,0,5
2024-08-27T15:00:00-00:00,2024-08-27T16:00:00-00:00,2024-08-27,9,0,Hourly,RD,AS_SP26_EXP,DAM,RD_CLR_PRC,0,5
2024-08-27T20:00:00-00:00,2024-08-27T21:00:00-00:00,2024-08-27,14,0,Hourly,RD,AS_CAISO,DAM,RD_CLR_PRC,0,5
2024-08-27T20:00:00-00:00,2024-08-27T21:00:00-00:00,2024-08-27,14,0,Hourly,RD,AS_CAISO_EXP,DAM,RD_CLR_PRC,3.596,5
2024-08-27T21:00:00-00:00,2024-08-27T22:00:00-00:00,2024-08-27,15,0,Hourly,RD,AS_NP26,DAM,RD_CLR_PRC,0,5
2024-08-28T02:00:00-00:00,2024-08-28T03:00:00-00:00,2024-08-27,20,0,Hourly,RD,AS_NP26,DAM,RD_CLR_PRC,0,5
2024-08-28T06:00:00-00:00,2024-08-28T07:00:00-00:00,2024-08-27,24,0,Hourly,RD,AS_SP26_EXP,DAM,RD_CLR_PRC,0,5
2024-08-28T06:00:00-00:00,2024-08-28T07:00:00-00:00,2024-08-27,24,0,Hourly,RD,AS_CAISO,DAM,RD_CLR_PRC,0,5
2024-08-27T08:00:00-00:00,2024-08-27T09:00:00-00:00,2024-08-27,2,0,Hourly,RD,AS_CAISO,DAM,RD_CLR_PRC,0,5
2024-08-27T09:00:00-00:00,2024-08-27T10:00:00-00:00,2024-08-27,3,0,Hourly,RD,AS_SP26_EXP,DAM,RD_CLR_PRC,0,5
2024-08-27T12:00:00-00:00,2024-08-27T13:00:00-00:00,2024-08-27,6,0,Hourly,RD,AS_SP26,DAM,RD_CLR_PRC,0,5
2024-08-27T13:00:00-00:00,2024-08-27T14:00:00-00:00,2024-08-27,7,0,Hourly,RD,AS_CAISO_EXP,DAM,RD_CLR_PRC,5,5
2024-08-27T13:00:00-00:00,2024-08-27T14:00:00-00:00,2024-08-27,7,0,Hourly,RD,AS_NP26_EXP,DAM,RD_CLR_PRC,0,5
2024-08-27T14:00:00-00:00,2024-08-27T15:00:00-00:00,2024-08-27,8,0,Hourly,RD,AS_NP26,DAM,RD_CLR_PRC,0,5
2024-08-27T16:00:00-00:00,2024-08-27T17:00:00-00:00,2024-08-27,10,0,Hourly,RD,AS_NP26_EXP,DAM,RD_CLR_PRC,0,5
2024-08-27T17:00:00-00:00,2024-08-27T18:00:00-00:00,2024-08-27,11,0,Hourly,RD,AS_SP26,DAM,RD_CLR_PRC,0,5
2024-08-27T17:00:00-00:00,2024-08-27T18:00:00-00:00,2024-08-27,11,0,Hourly,RD,AS_SP26_EXP,DAM,RD_CLR_PRC,0,5
2024-08-27T18:00:00-00:00,2024-08-27T19:00:00-00:00,2024-08-27,12,0,Hourly,RD,AS_NP26,DAM,RD_CLR_PRC,0,5
2024-08-27T21:00:00-00:00,2024-08-27T22:00:00-00:00,2024-08-27,15,0,Hourly,RD,AS_NP26_EXP,DAM,RD_CLR_PRC,0,5
2024-08-27T23:00:00-00:00,2024-08-28T00:00:00-00:00,2024-08-27,17,0,Hourly,RD,AS_SP26,DAM,RD_CLR_PRC,0,5
2024-08-27T23:00:00-00:00,2024-08-28T00:00:00-00:00,2024-08-27,17,0,Hourly,RD,AS_SP26_EXP,DAM,RD_CLR_PRC,0,5
2024-08-28T00:00:00-00:00,2024-08-28T01:00:00-00:00,2024-08-27,18,0,Hourly,RD,AS_CAISO_EXP,DAM,RD_CLR_PRC,7.28308,5
2024-08-28T01:00:00-00:00,2024-08-28T02:00:00-00:00,2024-08-27,19,0,Hourly,RD,AS_CAISO,DAM,RD_CLR_PRC,0,5
2024-08-28T01:00:00-00:00,2024-08-28T02:00:00-00:00,2024-08-27,19,0,Hourly,RD,AS_CAISO_EXP,DAM,RD_CLR_PRC,2.17,5
2024-08-28T01:00:00-00:00,2024-08-28T02:00:00-00:00,2024-08-27,19,0,Hourly,RD,AS_SP26,DAM,RD_CLR_PRC,0,5
2024-08-28T01:00:00-00:00,2024-08-28T02:00:00-00:00,2024-08-27,19,0,Hourly,RD,AS_SP26_EXP,DAM,RD_CLR_PRC,0,5
2024-08-28T03:00:00-00:00,2024-08-28T04:00:00-00:00,2024-08-27,21,0,Hourly,RD,AS_NP26,DAM,RD_CLR_PRC,0,5
2024-08-28T05:00:00-00:00,2024-08-28T06:00:00-00:00,2024-08-27,23,0,Hourly,RD,AS_SP26,DAM,RD_CLR_PRC,0,5
2024-08-27T07:00:00-00:00,2024-08-27T08:00:00-00:00,2024-08-27,1,0,Hourly,RD,AS_CAISO,DAM,RD_CLR_PRC,0,5
2024-08-27T08:00:00-00:00,2024-08-27T09:00:00-00:00,2024-08-27,2,0,Hourly,RD,AS_NP26,DAM,RD_CLR_PRC,0,5
2024-08-27T10:00:00-00:00,2024-08-27T11:00:00-00:00,2024-08-27,4,0,Hourly,RD,AS_SP26,DAM,RD_CLR_PRC,0,5
2024-08-27T10:00:00-00:00,2024-08-27T11:00:00-00:00,2024-08-27,4,0,Hourly,RD,AS_SP26_EXP,DAM,RD_CLR_PRC,0,5
2024-08-27T12:00:00-00:00,2024-08-27T13:00:00-00:00,2024-08-27,6,0,Hourly,RD,AS_CAISO_EXP,DAM,RD_CLR_PRC,4.2084,5
2024-08-27T13:00:00-00:00,2024-08-27T14:00:00-00:00,2024-08-27,7,0,Hourly,RD,AS_CAISO,DAM,RD_CLR_PRC,0,5
2024-08-28T05:00:00-00:00,2024-08-28T06:00:00-00:00,2024-08-27,23,0,Hourly,RD,AS_NP26,DAM,RD_CLR_PRC,0,5
2024-08-28T05:00:00-00:00,2024-08-28T06:00:00-00:00,2024-08-27,23,0,Hourly,RD,AS_SP26_EXP,DAM,RD_CLR_PRC,0,5
2024-08-27T07:00:00-00:00,2024-08-27T08:00:00-00:00,2024-08-27,1,0,Hourly,RD,AS_CAISO_EXP,DAM,RD_CLR_PRC,5.87783,5
2024-08-27T08:00:00-00:00,2024-08-27T09:00:00-00:00,2024-08-27,2,0,Hourly,RD,AS_SP26_EXP,DAM,RD_CLR_PRC,0,5
2024-08-27T10:00:00-00:00,2024-08-27T11:00:00-00:00,2024-08-27,4,0,Hourly,RD,AS_CAISO,DAM,RD_CLR_PRC,0,5
2024-08-27T11:00:00-00:00,2024-08-27T12:00:00-00:00,2024-08-27,5,0,Hourly,RD,AS_NP26,DAM,RD_CLR_PRC,0,5
2024-08-27T12:00:00-00:00,2024-08-27T13:00:00-00:00,2024-08-27,6,0,Hourly,RD,AS_CAISO,DAM,RD_CLR_PRC,0,5
2024-08-27T14:00:00-00:00,2024-08-27T15:00:00-00:00,2024-08-27,8,0,Hourly,RD,AS_CAISO,DAM,RD_CLR_PRC,0,5
2024-08-28T01:00:00-00:00,2024-08-28T02:00:00-00:00,2024-08-27,19,0,Hourly,RD,AS_NP26_EXP,DAM,RD_CLR_PRC,4.94,5
2024-08-27T07:00:00-00:00,2024-08-27T08:00:00-00:00,2024-08-27,1,0,Hourly,RD,AS_NP26_EXP,DAM,RD_CLR_PRC,0,5
2024-08-27T08:00:00-00:00,2024-08-27T09:00:00-00:00,2024-08-27,2,0,Hourly,RD,AS_NP26_EXP,DAM,RD_CLR_PRC,0,5
2024-08-27T09:00:00-00:00,2024-08-27T10:00:00-00:00,2024-08-27,3,0,Hourly,RD,AS_CAISO_EXP,DAM,RD_CLR_PRC,4.12935,5
2024-08-27T09:00:00-00:00,2024-08-27T10:00:00-00:00,2024-08-27,3,0,Hourly,RD,AS_SP26,DAM,RD_CLR_PRC,0,5
2024-08-27T10:00:00-00:00,2024-08-27T11:00:00-00:00,2024-08-27,4,0,Hourly,RD,AS_CAISO_EXP,DAM,RD_CLR_PRC,3.82006,5
2024-08-27T11:00:00-00:00,2024-08-27T12:00:00-00:00,2024-08-27,5,0,Hourly,RD,AS_CAISO_EXP,DAM,RD_CLR_PRC,3.78137,5
2024-08-27T11:00:00-00:00,2024-08-27T12:00:00-00:00,2024-08-27,5,0,Hourly,RD,AS_SP26,DAM,RD_CLR_PRC,0,5
2024-08-27T14:00:00-00:00,2024-08-27T15:00:00-00:00,2024-08-27,8,0,Hourly,RD,AS_SP26,DAM,RD_CLR_PRC,0,5
2024-08-27T15:00:00-00:00,2024-08-27T16:00:00-00:00,2024-08-27,9,0,Hourly,RD,AS_NP26,DAM,RD_CLR_PRC,0,5
2024-08-27T21:00:00-00:00,2024-08-27T22:00:00-00:00,2024-08-27,15,0,Hourly,RD,AS_SP26_EXP,DAM,RD_CLR_PRC,0,5
2024-08-27T22:00:00-00:00,2024-08-27T23:00:00-00:00,2024-08-27,16,0,Hourly,RD,AS_NP26_EXP,DAM,RD_CLR_PRC,0,5
2024-08-27T23:00:00-00:00,2024-08-28T00:00:00-00:00,2024-08-27,17,0,Hourly,RD,AS_CAISO,DAM,RD_CLR_PRC,0,5
2024-08-27T23:00:00-00:00,2024-08-28T00:00:00-00:00,2024-08-27,17,0,Hourly,RD,AS_NP26_EXP,DAM,RD_CLR_PRC,0,5
2024-08-28T00:00:00-00:00,2024-08-28T01:00:00-00:00,2024-08-27,18,0,Hourly,RD,AS_SP26_EXP,DAM,RD_CLR_PRC,0,5
2024-08-28T02:00:00-00:00,2024-08-28T03:00:00-00:00,2024-08-27,20,0,Hourly,RD,AS_CAISO_EXP,DAM,RD_CLR_PRC,2.2,5
2024-08-28T02:00:00-00:00,2024-08-28T03:00:00-00:00,2024-08-27,20,0,Hourly,RD,AS_SP26,DAM,RD_CLR_PRC,0,5
2024-08-28T02:00:00-00:00,2024-08-28T03:00:00-00:00,2024-08-27,20,0,Hourly,RD,AS_SP26_EXP,DAM,RD_CLR_PRC,0,5
2024-08-28T03:00:00-00:00,2024-08-28T04:00:00-00:00,2024-08-27,21,0,Hourly,RD,AS_SP26,DAM,RD_CLR_PRC,0.62,5
2024-08-28T04:00:00-00:00,2024-08-28T05:00:00-00:00,2024-08-27,22,0,Hourly,RD,AS_CAISO,DAM,RD_CLR_PRC,0,5
2024-08-28T04:00:00-00:00,2024-08-28T05:00:00-00:00,2024-08-27,22,0,Hourly,RD,AS_SP26_EXP,DAM,RD_CLR_PRC,0.63405,5
2024-08-28T05:00:00-00:00,2024-08-28T06:00:00-00:00,2024-08-27,23,0,Hourly,RD,AS_CAISO_EXP,DAM,RD_CLR_PRC,6.91,5
2024-08-28T05:00:00-00:00,2024-08-28T06:00:00-00:00,2024-08-27,23,0,Hourly,RD,AS_NP26_EXP,DAM,RD_CLR_PRC,0,5
2024-08-28T06:00:00-00:00,2024-08-28T07:00:00-00:00,2024-08-27,24,0,Hourly,RD,AS_CAISO_EXP,DAM,RD_CLR_PRC,4.83,5
2024-08-28T06:00:00-00:00,2024-08-28T07:00:00-00:00,2024-08-27,24,0,Hourly,RD,AS_SP26,DAM,RD_CLR_PRC,0,5
2024-08-27T07:00:00-00:00,2024-08-27T08:00:00-00:00,2024-08-27,1,0,Hourly,RD,AS_SP26_EXP,DAM,RD_CLR_PRC,1.44089,5
2024-08-27T09:00:00-00:00,2024-08-27T10:00:00-00:00,2024-08-27,3,0,Hourly,RD,AS_NP26_EXP,DAM,RD_CLR_PRC,0.16963,5
2024-08-27T12:00:00-00:00,2024-08-27T13:00:00-00:00,2024-08-27,6,0,Hourly,RD,AS_NP26,DAM,RD_CLR_PRC,0,5
2024-08-27T13:00:00-00:00,2024-08-27T14:00:00-00:00,2024-08-27,7,0,Hourly,RD,AS_SP26,DAM,RD_CLR_PRC,0,5
2024-08-27T14:00:00-00:00,2024-08-27T15:00:00-00:00,2024-08-27,8,0,Hourly,RD,AS_CAISO_EXP,DAM,RD_CLR_PRC,4.24817,5
2024-08-27T16:00:00-00:00,2024-08-27T17:00:00-00:00,2024-08-27,10,0,Hourly,RD,AS_SP26_EXP,DAM,RD_CLR_PRC,0,5
2024-08-27T18:00:00-00:00,2024-08-27T19:00:00-00:00,2024-08-27,12,0,Hourly,RD,AS_CAISO,DAM,RD_CLR_PRC,0,5
2024-08-27T18:00:00-00:00,2024-08-27T19:00:00-00:00,2024-08-27,12,0,Hourly,RD,AS_SP26_EXP,DAM,RD_CLR_PRC,0,5
2024-08-27T19:00:00-00:00,2024-08-27T20:00:00-00:00,2024-08-27,13,0,Hourly,RD,AS_CAISO_EXP,DAM,RD_CLR_PRC,3.91083,5
2024-08-27T21:00:00-00:00,2024-08-27T22:00:00-00:00,2024-08-27,15,0,Hourly,RD,AS_CAISO_EXP,DAM,RD_CLR_PRC,4.43627,5
2024-08-27T22:00:00-00:00,2024-08-27T23:00:00-00:00,2024-08-27,16,0,Hourly,RD,AS_CAISO,DAM,RD_CLR_PRC,0,5
2024-08-27T22:00:00-00:00,2024-08-27T23:00:00-00:00,2024-08-27,16,0,Hourly,RD,AS_CAISO_EXP,DAM,RD_CLR_PRC,6.22,5
2024-08-27T22:00:00-00:00,2024-08-27T23:00:00-00:00,2024-08-27,16,0,Hourly,RD,AS_SP26_EXP,DAM,RD_CLR_PRC,0,5
2024-08-27T23:00:00-00:00,2024-08-28T00:00:00-00:00,2024-08-27,17,0,Hourly,RD,AS_CAISO_EXP,DAM,RD_CLR_PRC,7.08,5
2024-08-28T01:00:00-00:00,2024-08-28T02:00:00-00:00,2024-08-27,19,0,Hourly,RD,AS_NP26,DAM,RD_CLR_PRC,0,5
2024-08-28T02:00:00-00:00,2024-08-28T03:00:00-00:00,2024-08-27,20,0,Hourly,RD,AS_CAISO,DAM,RD_CLR_PRC,0,5
2024-08-28T02:00:00-00:00,2024-08-28T03:00:00-00:00,2024-08-27,20,0,Hourly,RD,AS_NP26_EXP,DAM,RD_CLR_PRC,5.79,5
2024-08-28T03:00:00-00:00,2024-08-28T04:00:00-00:00,2024-08-27,21,0,Hourly,RD,AS_SP26_EXP,DAM,RD_CLR_PRC,0,5
2024-08-28T06:00:00-00:00,2024-08-28T07:00:00-00:00,2024-08-27,24,0,Hourly,RD,AS_NP26_EXP,DAM,RD_CLR_PRC,0,5
2024-08-27T07:00:00-00:00,2024-08-27T08:00:00-00:00,2024-08-27,1,0,Hourly,RD,AS_NP26,DAM,RD_CLR_PRC,0,5
2024-08-27T08:00:00-00:00,2024-08-27T09:00:00-00:00,2024-08-27,2,0,Hourly,RD,AS_CAISO_EXP,DAM,RD_CLR_PRC,5,5
2024-08-27T09:00:00-00:00,2024-08-27T10:00:00-00:00,2024-08-27,3,0,Hourly,RD,AS_CAISO,DAM,RD_CLR_PRC,0,5
2024-08-27T15:00:00-00:00,2024-08-27T16:00:00-00:00,2024-08-27,9,0,Hourly,RD,AS_CAISO_EXP,DAM,RD_CLR_PRC,4.72345,5
2024-08-27T17:00:00-00:00,2024-08-27T18:00:00-00:00,2024-08-27,11,0,Hourly,RD,AS_CAISO_EXP,DAM,RD_CLR_PRC,4.73512,5
2024-08-27T17:00:00-00:00,2024-08-27T18:00:00-00:00,2024-08-27,11,0,Hourly,RD,AS_NP26_EXP,DAM,RD_CLR_PRC,0,5
2024-08-27T18:00:00-00:00,2024-08-27T19:00:00-00:00,2024-08-27,12,0,Hourly,RD,AS_SP26,DAM,RD_CLR_PRC,0,5
2024-08-27T19:00:00-00:00,2024-08-27T20:00:00-00:00,2024-08-27,13,0,Hourly,RD,AS_CAISO,DAM,RD_CLR_PRC,0,5
2024-08-27T19:00:00-00:00,2024-08-27T20:00:00-00:00,2024-08-27,13,0,Hourly,RD,AS_NP26,DAM,RD_CLR_PRC,0,5
2024-08-27T21:00:00-00:00,2024-08-27T22:00:00-00:00,2024-08-27,15,0,Hourly,RD,AS_CAISO,DAM,RD_CLR_PRC,0,5
2024-08-27T21:00:00-00:00,2024-08-27T22:00:00-00:00,2024-08-27,15,0,Hourly,RD,AS_SP26,DAM,RD_CLR_PRC,0,5
2024-08-28T00:00:00-00:00,2024-08-28T01:00:00-00:00,2024-08-27,18,0,Hourly,RD,AS_CAISO,DAM,RD_CLR_PRC,0,5
2024-08-28T09:00:00-00:00,2024-08-28T10:00:00-00:00,2024-08-28,3,0,Hourly,RD,AS_CAISO,DAM,RD_CLR_PRC,0,6
2024-08-28T11:00:00-00:00,2024-08-28T12:00:00-00:00,2024-08-28,5,0,Hourly,RD,AS_CAISO_EXP,DAM,RD_CLR_PRC,2.24,6
2024-08-28T14:00:00-00:00,2024-08-28T15:00:00-00:00,2024-08-28,8,0,Hourly,RD,AS_SP26,DAM,RD_CLR_PRC,0,6
2024-08-28T14:00:00-00:00,2024-08-28T15:00:00-00:00,2024-08-28,8,0,Hourly,RD,AS_SP26_EXP,DAM,RD_CLR_PRC,0,6
2024-08-28T16:00:00-00:00,2024-08-28T17:00:00-00:00,2024-08-28,10,0,Hourly,RD,AS_NP26,DAM,RD_CLR_PRC,0,6
2024-08-28T22:00:00-00:00,2024-08-28T23:00:00-00:00,2024-08-28,16,0,Hourly,RD,AS_NP26,DAM,RD_CLR_PRC,0,6
2024-08-28T22:00:00-00:00,2024-08-28T23:00:00-00:00,2024-08-28,16,0,Hourly,RD,AS_SP26,DAM,RD_CLR_PRC,0,6
2024-08-28T23:00:00-00:00,2024-08-29T00:00:00-00:00,2024-08-28,17,0,Hourly,RD,AS_CAISO_EXP,DAM,RD_CLR_PRC,6,6
2024-08-29T00:00:00-00:00,2024-08-29T01:00:00-00:00,2024-08-28,18,0,Hourly,RD,AS_NP26,DAM,RD_CLR_PRC,0,6
2024-08-29T01:00:00-00:00,2024-08-29T02:00:00-00:00,2024-08-28,19,0,Hourly,RD,AS_CAISO_EXP,DAM,RD_CLR_PRC,5.72471,6
2024-08-29T01:00:00-00:00,2024-08-29T02:00:00-00:00,2024-08-28,19,0,Hourly,RD,AS_SP26,DAM,RD_CLR_PRC,0,6
2024-08-29T01:00:00-00:00,2024-08-29T02:00:00-00:00,2024-08-28,19,0,Hourly,RD,AS_SP26_EXP,DAM,RD_CLR_PRC,0,6
2024-08-29T03:00:00-00:00,2024-08-29T04:00:00-00:00,2024-08-28,21,0,Hourly,RD,AS_SP26,DAM,RD_CLR_PRC,0,6
2024-08-29T04:00:00-00:00,2024-08-29T05:00:00-00:00,2024-08-28,22,0,Hourly,RD,AS_SP26,DAM,RD_CLR_PRC,0,6
2024-08-29T05:00:00-00:00,2024-08-29T06:00:00-00:00,2024-08-28,23,0,Hourly,RD,AS_SP26,DAM,RD_CLR_PRC,0,6
2024-08-29T06:00:00-00:00,2024-08-29T07:00:00-00:00,2024-08-28,24,0,Hourly,RD,AS_SP26_EXP,DAM,RD_CLR_PRC,0,6
2024-08-28T15:00:00-00:00,2024-08-28T16:00:00-00:00,2024-08-28,9,0,Hourly,RD,AS_SP26,DAM,RD_CLR_PRC,0,6
2024-08-28T15:00:00-00:00,2024-08-28T16:00:00-00:00,2024-08-28,9,0,Hourly,RD,AS_SP26_EXP,DAM,RD_CLR_PRC,0,6
2024-08-28T16:00:00-00:00,2024-08-28T17:00:00-00:00,2024-08-28,10,0,Hourly,RD,AS_SP26_EXP,DAM,RD_CLR_PRC,0,6
2024-08-28T17:00:00-00:00,2024-08-28T18:00:00-00:00,2024-08-28,11,0,Hourly,RD,AS_CAISO,DAM,RD_CLR_PRC,0,6
2024-08-28T18:00:00-00:00,2024-08-28T19:00:00-00:00,2024-08-28,12,0,Hourly,RD,AS_CAISO_EXP,DAM,RD_CLR_PRC,4,6
2024-08-28T18:00:00-00:00,2024-08-28T19:00:00-00:00,2024-08-28,12,0,Hourly,RD,AS_SP26,DAM,RD_CLR_PRC,0,6
2024-08-28T20:00:00-00:00,2024-08-28T21:00:00-00:00,2024-08-28,14,0,Hourly,RD,AS_SP26,DAM,RD_CLR_PRC,0,6
2024-08-28T21:00:00-00:00,2024-08-28T22:00:00-00:00,2024-08-28,15,0,Hourly,RD,AS_SP26,DAM,RD_CLR_PRC,0,6
2024-08-28T22:00:00-00:00,2024-08-28T23:00:00-00:00,2024-08-28,16,0,Hourly,RD,AS_SP26_EXP,DAM,RD_CLR_PRC,0,6
2024-08-29T00:00:00-00:00,2024-08-29T01:00:00-00:00,2024-08-28,18,0,Hourly,RD,AS_SP26_EXP,DAM,RD_CLR_PRC,0,6
2024-08-29T01:00:00-00:00,2024-08-29T02:00:00-00:00,2024-08-28,19,0,Hourly,RD,AS_NP26,DAM,RD_CLR_PRC,0,6
2024-08-29T02:00:00-00:00,2024-08-29T03:00:00-00:00,2024-08-28,20,0,Hourly,RD,AS_NP26,DAM,RD_CLR_PRC,0,6
2024-08-29T03:00:00-00:00,2024-08-29T04:00:00-00:00,2024-08-28,21,0,Hourly,RD,AS_NP26_EXP,DAM,RD_CLR_PRC,0,6
2024-08-29T05:00:00-00:00,2024-08-29T06:00:00-00:00,2024-08-28,23,0,Hourly,RD,AS_CAISO_EXP,DAM,RD_CLR_PRC,4.87,6
2024-08-28T07:00:00-00:00,2024-08-28T08:00:00-00:00,2024-08-28,1,0,Hourly,RD,AS_NP26,DAM,RD_CLR_PRC,0,6
2024-08-28T07:00:00-00:00,2024-08-28T08:00:00-00:00,2024-08-28,1,0,Hourly,RD,AS_SP26_EXP,DAM,RD_CLR_PRC,0,6
2024-08-28T08:00:00-00:00,2024-08-28T09:00:00-00:00,2024-08-28,2,0,Hourly,RD,AS_SP26_EXP,DAM,RD_CLR_PRC,1.51915,6
2024-08-28T10:00:00-00:00,2024-08-28T11:00:00-00:00,2024-08-28,4,0,Hourly,RD,AS_NP26,DAM,RD_CLR_PRC,0,6
2024-08-28T10:00:00-00:00,2024-08-28T11:00:00-00:00,2024-08-28,4,0,Hourly,RD,AS_SP26,DAM,RD_CLR_PRC,0,6
2024-08-28T10:00:00-00:00,2024-08-28T11:00:00-00:00,2024-08-28,4,0,Hourly,RD,AS_SP26_EXP,DAM,RD_CLR_PRC,0,6
2024-08-28T11:00:00-00:00,2024-08-28T12:00:00-00:00,2024-08-28,5,0,Hourly,RD,AS_CAISO,DAM,RD_CLR_PRC,0,6
2024-08-28T14:00:00-00:00,2024-08-28T15:00:00-00:00,2024-08-28,8,0,Hourly,RD,AS_CAISO,DAM,RD_CLR_PRC,0,6
2024-08-28T14:00:00-00:00,2024-08-28T15:00:00-00:00,2024-08-28,8,0,Hourly,RD,AS_CAISO_EXP,DAM,RD_CLR_PRC,5.95587,6
2024-08-28T15:00:00-00:00,2024-08-28T16:00:00-00:00,2024-08-28,9,0,Hourly,RD,AS_CAISO_EXP,DAM,RD_CLR_PRC,3.31506,6
2024-08-28T18:00:00-00:00,2024-08-28T19:00:00-00:00,2024-08-28,12,0,Hourly,RD,AS_SP26_EXP,DAM,RD_CLR_PRC,0,6
2024-08-28T21:00:00-00:00,2024-08-28T22:00:00-00:00,2024-08-28,15,0,Hourly,RD,AS_NP26,DAM,RD_CLR_PRC,0,6
2024-08-29T02:00:00-00:00,2024-08-29T03:00:00-00:00,2024-08-28,20,0,Hourly,RD,AS_CAISO,DAM,RD_CLR_PRC,0,6
2024-08-29T02:00:00-00:00,2024-08-29T03:00:00-00:00,2024-08-28,20,0,Hourly,RD,AS_SP26_EXP,DAM,RD_CLR_PRC,0,6
2024-08-29T03:00:00-00:00,2024-08-29T04:00:00-00:00,2024-08-28,21,0,Hourly,RD,AS_CAISO,DAM,RD_CLR_PRC,0,6
2024-08-29T04:00:00-00:00,2024-08-29T05:00:00-00:00,2024-08-28,22,0,Hourly,RD,AS_NP26_EXP,DAM,RD_CLR_PRC,0,6
2024-08-29T05:00:00-00:00,2024-08-29T06:00:00-00:00,2024-08-28,23,0,Hourly,RD,AS_SP26_EXP,DAM,RD_CLR_PRC,0,6
2024-08-29T06:00:00-00:00,2024-08-29T07:00:00-00:00,2024-08-28,24,0,Hourly,RD,AS_SP26,DAM,RD_CLR_PRC,0,6
2024-08-28T07:00:00-00:00,2024-08-28T08:00:00-00:00,2024-08-28,1,0,Hourly,RD,AS_NP26_EXP,DAM,RD_CLR_PRC,0,6
2024-08-28T09:00:00-00:00,2024-08-28T10:00:00-00:00,2024-08-28,3,0,Hourly,RD,AS_CAISO_EXP,DAM,RD_CLR_PRC,2.56553,6
2024-08-28T10:00:00-00:00,2024-08-28T11:00:00-00:00,2024-08-28,4,0,Hourly,RD,AS_NP26_EXP,DAM,RD_CLR_PRC,1.55332,6
2024-08-28T12:00:00-00:00,2024-08-28T13:00:00-00:00,2024-08-28,6,0,Hourly,RD,AS_NP26,DAM,RD_CLR_PRC,0,6
2024-08-28T14:00:00-00:00,2024-08-28T15:00:00-00:00,2024-08-28,8,0,Hourly,RD,AS_NP26,DAM,RD_CLR_PRC,0,6
2024-08-28T17:00:00-00:00,2024-08-28T18:00:00-00:00,2024-08-28,11,0,Hourly,RD,AS_NP26_EXP,DAM,RD_CLR_PRC,0,6
2024-08-28T17:00:00-00:00,2024-08-28T18:00:00-00:00,2024-08-28,11,0,Hourly,RD,AS_SP26,DAM,RD_CLR_PRC,0,6
2024-08-28T18:00:00-00:00,2024-08-28T19:00:00-00:00,2024-08-28,12,0,Hourly,RD,AS_NP26_EXP,DAM,RD_CLR_PRC,0.01,6
2024-08-28T19:00:00-00:00,2024-08-28T20:00:00-00:00,2024-08-28,13,0,Hourly,RD,AS_CAISO,DAM,RD_CLR_PRC,0,6
2024-08-28T20:00:00-00:00,2024-08-28T21:00:00-00:00,2024-08-28,14,0,Hourly,RD,AS_CAISO_EXP,DAM,RD_CLR_PRC,3.08222,6
2024-08-28T20:00:00-00:00,2024-08-28T21:00:00-00:00,2024-08-28,14,0,Hourly,RD,AS_SP26_EXP,DAM,RD_CLR_PRC,0,6
2024-08-28T23:00:00-00:00,2024-08-29T00:00:00-00:00,2024-08-28,17,0,Hourly,RD,AS_SP26,DAM,RD_CLR_PRC,0,6
2024-08-28T23:00:00-00:00,2024-08-29T00:00:00-00:00,2024-08-28,17,0,Hourly,RD,AS_NP26_EXP,DAM,RD_CLR_PRC,0,6
2024-08-28T23:00:00-00:00,2024-08-29T00:00:00-00:00,2024-08-28,17,0,Hourly,RD,AS_SP26_EXP,DAM,RD_CLR_PRC,0,6
2024-08-29T01:00:00-00:00,2024-08-29T02:00:00-00:00,2024-08-28,19,0,Hourly,RD,AS_CAISO,DAM,RD_CLR_PRC,0,6
2024-08-29T03:00:00-00:00,2024-08-29T04:00:00-00:00,2024-08-28,21,0,Hourly,RD,AS_SP26_EXP,DAM,RD_CLR_PRC,0,6
2024-08-29T04:00:00-00:00,2024-08-29T05:00:00-00:00,2024-08-28,22,0,Hourly,RD,AS_NP26,DAM,RD_CLR_PRC,0,6
2024-08-29T06:00:00-00:00,2024-08-29T07:00:00-00:00,2024-08-28,24,0,Hourly,RD,AS_NP26,DAM,RD_CLR_PRC,0,6
2024-08-28T09:00:00-00:00,2024-08-28T10:00:00-00:00,2024-08-28,3,0,Hourly,RD,AS_NP26_EXP,DAM,RD_CLR_PRC,1.38202,6
2024-08-28T11:00:00-00:00,2024-08-28T12:00:00-00:00,2024-08-28,5,0,Hourly,RD,AS_NP26_EXP,DAM,RD_CLR_PRC,0.74137,6
2024-08-28T13:00:00-00:00,2024-08-28T14:00:00-00:00,2024-08-28,7,0,Hourly,RD,AS_NP26_EXP,DAM,RD_CLR_PRC,0,6
2024-08-28T17:00:00-00:00,2024-08-28T18:00:00-00:00,2024-08-28,11,0,Hourly,RD,AS_NP26,DAM,RD_CLR_PRC,0,6
2024-08-28T18:00:00-00:00,2024-08-28T19:00:00-00:00,2024-08-28,12,0,Hourly,RD,AS_CAISO,DAM,RD_CLR_PRC,0,6
2024-08-28T19:00:00-00:00,2024-08-28T20:00:00-00:00,2024-08-28,13,0,Hourly,RD,AS_SP26,DAM,RD_CLR_PRC,0,6
2024-08-28T20:00:00-00:00,2024-08-28T21:00:00-00:00,2024-08-28,14,0,Hourly,RD,AS_NP26_EXP,DAM,RD_CLR_PRC,0.92778,6
2024-08-28T21:00:00-00:00,2024-08-28T22:00:00-00:00,2024-08-28,15,0,Hourly,RD,AS_NP26_EXP,DAM,RD_CLR_PRC,0.01,6
2024-08-28T23:00:00-00:00,2024-08-29T00:00:00-00:00,2024-08-28,17,0,Hourly,RD,AS_NP26,DAM,RD_CLR_PRC,0,6
2024-08-29T02:00:00-00:00,2024-08-29T03:00:00-00:00,2024-08-28,20,0,Hourly,RD,AS_CAISO_EXP,DAM,RD_CLR_PRC,7.11,6
2024-08-29T02:00:00-00:00,2024-08-29T03:00:00-00:00,2024-08-28,20,0,Hourly,RD,AS_NP26_EXP,DAM,RD_CLR_PRC,0,6
2024-08-29T04:00:00-00:00,2024-08-29T05:00:00-00:00,2024-08-28,22,0,Hourly,RD,AS_SP26_EXP,DAM,RD_CLR_PRC,0,6
2024-08-29T05:00:00-00:00,2024-08-29T06:00:00-00:00,2024-08-28,23,0,Hourly,RD,AS_NP26,DAM,RD_CLR_PRC,0,6
2024-08-29T05:00:00-00:00,2024-08-29T06:00:00-00:00,2024-08-28,23,0,Hourly,RD,AS_NP26_EXP,DAM,RD_CLR_PRC,0,6
2024-08-28T07:00:00-00:00,2024-08-28T08:00:00-00:00,2024-08-28,1,0,Hourly,RD,AS_CAISO,DAM,RD_CLR_PRC,0,6
2024-08-28T08:00:00-00:00,2024-08-28T09:00:00-00:00,2024-08-28,2,0,Hourly,RD,AS_CAISO,DAM,RD_CLR_PRC,0,6
2024-08-28T09:00:00-00:00,2024-08-28T10:00:00-00:00,2024-08-28,3,0,Hourly,RD,AS_SP26_EXP,DAM,RD_CLR_PRC,0,6
2024-08-28T09:00:00-00:00,2024-08-28T10:00:00-00:00,2024-08-28,3,0,Hourly,RD,AS_SP26,DAM,RD_CLR_PRC,0,6
2024-08-28T10:00:00-00:00,2024-08-28T11:00:00-00:00,2024-08-28,4,0,Hourly,RD,AS_CAISO_EXP,DAM,RD_CLR_PRC,2.35,6
2024-08-28T11:00:00-00:00,2024-08-28T12:00:00-00:00,2024-08-28,5,0,Hourly,RD,AS_SP26_EXP,DAM,RD_CLR_PRC,0,6
2024-08-28T12:00:00-00:00,2024-08-28T13:00:00-00:00,2024-08-28,6,0,Hourly,RD,AS_CAISO_EXP,DAM,RD_CLR_PRC,2.92182,6
2024-08-28T12:00:00-00:00,2024-08-28T13:00:00-00:00,2024-08-28,6,0,Hourly,RD,AS_SP26,DAM,RD_CLR_PRC,0,6
2024-08-28T12:00:00-00:00,2024-08-28T13:00:00-00:00,2024-08-28,6,0,Hourly,RD,AS_SP26_EXP,DAM,RD_CLR_PRC,0,6
2024-08-28T13:00:00-00:00,2024-08-28T14:00:00-00:00,2024-08-28,7,0,Hourly,RD,AS_NP26,DAM,RD_CLR_PRC,0,6
2024-08-28T13:00:00-00:00,2024-08-28T14:00:00-00:00,2024-08-28,7,0,Hourly,RD,AS_SP26,DAM,RD_CLR_PRC,0,6
2024-08-28T15:00:00-00:00,2024-08-28T16:00:00-00:00,2024-08-28,9,0,Hourly,RD,AS_NP26_EXP,DAM,RD_CLR_PRC,0.69494,6
2024-08-28T16:00:00-00:00,2024-08-28T17:00:00-00:00,2024-08-28,10,0,Hourly,RD,AS_CAISO_EXP,DAM,RD_CLR_PRC,3.31809,6
2024-08-28T19:00:00-00:00,2024-08-28T20:00:00-00:00,2024-08-28,13,0,Hourly,RD,AS_NP26_EXP,DAM,RD_CLR_PRC,0.01,6
2024-08-28T21:00:00-00:00,2024-08-28T22:00:00-00:00,2024-08-28,15,0,Hourly,RD,AS_CAISO,DAM,RD_CLR_PRC,0,6
2024-08-28T22:00:00-00:00,2024-08-28T23:00:00-00:00,2024-08-28,16,0,Hourly,RD,AS_CAISO,DAM,RD_CLR_PRC,0,6
2024-08-28T22:00:00-00:00,2024-08-28T23:00:00-00:00,2024-08-28,16,0,Hourly,RD,AS_NP26_EXP,DAM,RD_CLR_PRC,0,6
2024-08-29T00:00:00-00:00,2024-08-29T01:00:00-00:00,2024-08-28,18,0,Hourly,RD,AS_CAISO_EXP,DAM,RD_CLR_PRC,7.99,6
2024-08-29T01:00:00-00:00,2024-08-29T02:00:00-00:00,2024-08-28,19,0,Hourly,RD,AS_NP26_EXP,DAM,RD_CLR_PRC,3.15449,6
2024-08-29T04:00:00-00:00,2024-08-29T05:00:00-00:00,2024-08-28,22,0,Hourly,RD,AS_CAISO,DAM,RD_CLR_PRC,0,6
2024-08-29T06:00:00-00:00,2024-08-29T07:00:00-00:00,2024-08-28,24,0,Hourly,RD,AS_CAISO,DAM,RD_CLR_PRC,0,6
2024-08-29T06:00:00-00:00,2024-08-29T07:00:00-00:00,2024-08-28,24,0,Hourly,RD,AS_CAISO_EXP,DAM,RD_CLR_PRC,2.56,6
2024-08-29T06:00:00-00:00,2024-08-29T07:00:00-00:00,2024-08-28,24,0,Hourly,RD,AS_NP26_EXP,DAM,RD_CLR_PRC,0,6
2024-08-28T16:00:00-00:00,2024-08-28T17:00:00-00:00,2024-08-28,10,0,Hourly,RD,AS_SP26,DAM,RD_CLR_PRC,0,6
2024-08-28T18:00:00-00:00,2024-08-28T19:00:00-00:00,2024-08-28,12,0,Hourly,RD,AS_NP26,DAM,RD_CLR_PRC,0,6
2024-08-28T19:00:00-00:00,2024-08-28T20:00:00-00:00,2024-08-28,13,0,Hourly,RD,AS_NP26,DAM,RD_CLR_PRC,0,6
2024-08-28T19:00:00-00:00,2024-08-28T20:00:00-00:00,2024-08-28,13,0,Hourly,RD,AS_SP26_EXP,DAM,RD_CLR_PRC,0,6
2024-08-29T00:00:00-00:00,2024-08-29T01:00:00-00:00,2024-08-28,18,0,Hourly,RD,AS_CAISO,DAM,RD_CLR_PRC,0,6
2024-08-29T02:00:00-00:00,2024-08-29T03:00:00-00:00,2024-08-28,20,0,Hourly,RD,AS_SP26,DAM,RD_CLR_PRC,0,6
2024-08-29T03:00:00-00:00,2024-08-29T04:00:00-00:00,2024-08-28,21,0,Hourly,RD,AS_NP26,DAM,RD_CLR_PRC,0,6
2024-08-28T08:00:00-00:00,2024-08-28T09:00:00-00:00,2024-08-28,2,0,Hourly,RD,AS_CAISO_EXP,DAM,RD_CLR_PRC,4.38753,6
2024-08-28T08:00:00-00:00,2024-08-28T09:00:00-00:00,2024-08-28,2,0,Hourly,RD,AS_SP26,DAM,RD_CLR_PRC,0,6
2024-08-28T10:00:00-00:00,2024-08-28T11:00:00-00:00,2024-08-28,4,0,Hourly,RD,AS_CAISO,DAM,RD_CLR_PRC,0,6
2024-08-28T13:00:00-00:00,2024-08-28T14:00:00-00:00,2024-08-28,7,0,Hourly,RD,AS_SP26_EXP,DAM,RD_CLR_PRC,0,6
2024-08-28T14:00:00-00:00,2024-08-28T15:00:00-00:00,2024-08-28,8,0,Hourly,RD,AS_NP26_EXP,DAM,RD_CLR_PRC,0,6
2024-08-28T15:00:00-00:00,2024-08-28T16:00:00-00:00,2024-08-28,9,0,Hourly,RD,AS_CAISO,DAM,RD_CLR_PRC,0,6
2024-08-28T15:00:00-00:00,2024-08-28T16:00:00-00:00,2024-08-28,9,0,Hourly,RD,AS_NP26,DAM,RD_CLR_PRC,0,6
2024-08-28T16:00:00-00:00,2024-08-28T17:00:00-00:00,2024-08-28,10,0,Hourly,RD,AS_CAISO,DAM,RD_CLR_PRC,0,6
2024-08-28T16:00:00-00:00,2024-08-28T17:00:00-00:00,2024-08-28,10,0,Hourly,RD,AS_NP26_EXP,DAM,RD_CLR_PRC,0.69191,6
2024-08-28T07:00:00-00:00,2024-08-28T08:00:00-00:00,2024-08-28,1,0,Hourly,RD,AS_CAISO_EXP,DAM,RD_CLR_PRC,4.93867,6
2024-08-28T08:00:00-00:00,2024-08-28T09:00:00-00:00,2024-08-28,2,0,Hourly,RD,AS_NP26,DAM,RD_CLR_PRC,0,6
2024-08-28T09:00:00-00:00,2024-08-28T10:00:00-00:00,2024-08-28,3,0,Hourly,RD,AS_NP26,DAM,RD_CLR_PRC,0,6
2024-08-28T11:00:00-00:00,2024-08-28T12:00:00-00:00,2024-08-28,5,0,Hourly,RD,AS_NP26,DAM,RD_CLR_PRC,0,6
2024-08-28T11:00:00-00:00,2024-08-28T12:00:00-00:00,2024-08-28,5,0,Hourly,RD,AS_SP26,DAM,RD_CLR_PRC,0,6
2024-08-28T12:00:00-00:00,2024-08-28T13:00:00-00:00,2024-08-28,6,0,Hourly,RD,AS_CAISO,DAM,RD_CLR_PRC,0,6
2024-08-28T13:00:00-00:00,2024-08-28T14:00:00-00:00,2024-08-28,7,0,Hourly,RD,AS_CAISO_EXP,DAM,RD_CLR_PRC,5.78,6
2024-08-28T17:00:00-00:00,2024-08-28T18:00:00-00:00,2024-08-28,11,0,Hourly,RD,AS_CAISO_EXP,DAM,RD_CLR_PRC,4.01,6
2024-08-28T17:00:00-00:00,2024-08-28T18:00:00-00:00,2024-08-28,11,0,Hourly,RD,AS_SP26_EXP,DAM,RD_CLR_PRC,0,6
2024-08-28T19:00:00-00:00,2024-08-28T20:00:00-00:00,2024-08-28,13,0,Hourly,RD,AS_CAISO_EXP,DAM,RD_CLR_PRC,4,6
2024-08-28T20:00:00-00:00,2024-08-28T21:00:00-00:00,2024-08-28,14,0,Hourly,RD,AS_CAISO,DAM,RD_CLR_PRC,0,6
2024-08-28T20:00:00-00:00,2024-08-28T21:00:00-00:00,2024-08-28,14,0,Hourly,RD,AS_NP26,DAM,RD_CLR_PRC,0,6
2024-08-28T21:00:00-00:00,2024-08-28T22:00:00-00:00,2024-08-28,15,0,Hourly,RD,AS_CAISO_EXP,DAM,RD_CLR_PRC,4,6
2024-08-28T21:00:00-00:00,2024-08-28T22:00:00-00:00,2024-08-28,15,0,Hourly,RD,AS_SP26_EXP,DAM,RD_CLR_PRC,0,6
2024-08-28T22:00:00-00:00,2024-08-28T23:00:00-00:00,2024-08-28,16,0,Hourly,RD,AS_CAISO_EXP,DAM,RD_CLR_PRC,6,6
2024-08-28T23:00:00-00:00,2024-08-29T00:00:00-00:00,2024-08-28,17,0,Hourly,RD,AS_CAISO,DAM,RD_CLR_PRC,0,6
2024-08-29T00:00:00-00:00,2024-08-29T01:00:00-00:00,2024-08-28,18,0,Hourly,RD,AS_NP26_EXP,DAM,RD_CLR_PRC,0,6
2024-08-29T00:00:00-00:00,2024-08-29T01:00:00-00:00,2024-08-28,18,0,Hourly,RD,AS_SP26,DAM,RD_CLR_PRC,0,6
2024-08-29T03:00:00-00:00,2024-08-29T04:00:00-00:00,2024-08-28,21,0,Hourly,RD,AS_CAISO_EXP,DAM,RD_CLR_PRC,6.11,6
2024-08-29T04:00:00-00:00,2024-08-29T05:00:00-00:00,2024-08-28,22,0,Hourly,RD,AS_CAISO_EXP,DAM,RD_CLR_PRC,6.96,6
2024-08-29T05:00:00-00:00,2024-08-29T06:00:00-00:00,2024-08-28,23,0,Hourly,RD,AS_CAISO,DAM,RD_CLR_PRC,0,6
2024-08-28T07:00:00-00:00,2024-08-28T08:00:00-00:00,2024-08-28,1,0,Hourly,RD,AS_SP26,DAM,RD_CLR_PRC,0,6
2024-08-28T08:00:00-00:00,2024-08-28T09:00:00-00:00,2024-08-28,2,0,Hourly,RD,AS_NP26_EXP,DAM,RD_CLR_PRC,0,6
2024-08-28T12:00:00-00:00,2024-08-28T13:00:00-00:00,2024-08-28,6,0,Hourly,RD,AS_NP26_EXP,DAM,RD_CLR_PRC,2.07818,6
2024-08-28T13:00:00-00:00,2024-08-28T14:00:00-00:00,2024-08-28,7,0,Hourly,RD,AS_CAISO,DAM,RD_CLR_PRC,0,6
2024-08-29T08:00:00-00:00,2024-08-29T09:00:00-00:00,2024-08-29,2,0,Hourly,RD,AS_SP26_EXP,DAM,RD_CLR_PRC,0,7
2024-08-29T09:00:00-00:00,2024-08-29T10:00:00-00:00,2024-08-29,3,0,Hourly,RD,AS_CAISO_EXP,DAM,RD_CLR_PRC,2.24,7
2024-08-29T10:00:00-00:00,2024-08-29T11:00:00-00:00,2024-08-29,4,0,Hourly,RD,AS_NP26,DAM,RD_CLR_PRC,0,7
2024-08-29T09:00:00-00:00,2024-08-29T10:00:00-00:00,2024-08-29,3,0,Hourly,RD,AS_SP26_EXP,DAM,RD_CLR_PRC,0,7
2024-08-29T10:00:00-00:00,2024-08-29T11:00:00-00:00,2024-08-29,4,0,Hourly,RD,AS_CAISO,DAM,RD_CLR_PRC,0,7
2024-08-29T11:00:00-00:00,2024-08-29T12:00:00-00:00,2024-08-29,5,0,Hourly,RD,AS_CAISO,DAM,RD_CLR_PRC,0,7
2024-08-29T11:00:00-00:00,2024-08-29T12:00:00-00:00,2024-08-29,5,0,Hourly,RD,AS_NP26_EXP,DAM,RD_CLR_PRC,0,7
2024-08-29T15:00:00-00:00,2024-08-29T16:00:00-00:00,2024-08-29,9,0,Hourly,RD,AS_CAISO,DAM,RD_CLR_PRC,0,7
2024-08-29T16:00:00-00:00,2024-08-29T17:00:00-00:00,2024-08-29,10,0,Hourly,RD,AS_NP26,DAM,RD_CLR_PRC,0,7
2024-08-29T17:00:00-00:00,2024-08-29T18:00:00-00:00,2024-08-29,11,0,Hourly,RD,AS_NP26_EXP,DAM,RD_CLR_PRC,0.01,7
2024-08-29T18:00:00-00:00,2024-08-29T19:00:00-00:00,2024-08-29,12,0,Hourly,RD,AS_CAISO_EXP,DAM,RD_CLR_PRC,4,7
2024-08-29T21:00:00-00:00,2024-08-29T22:00:00-00:00,2024-08-29,15,0,Hourly,RD,AS_CAISO,DAM,RD_CLR_PRC,0,7
2024-08-29T21:00:00-00:00,2024-08-29T22:00:00-00:00,2024-08-29,15,0,Hourly,RD,AS_SP26,DAM,RD_CLR_PRC,0,7
2024-08-30T02:00:00-00:00,2024-08-30T03:00:00-00:00,2024-08-29,20,0,Hourly,RD,AS_SP26,DAM,RD_CLR_PRC,0,7
2024-08-30T03:00:00-00:00,2024-08-30T04:00:00-00:00,2024-08-29,21,0,Hourly,RD,AS_SP26,DAM,RD_CLR_PRC,0,7
2024-08-30T04:00:00-00:00,2024-08-30T05:00:00-00:00,2024-08-29,22,0,Hourly,RD,AS_CAISO,DAM,RD_CLR_PRC,0,7
2024-08-29T10:00:00-00:00,2024-08-29T11:00:00-00:00,2024-08-29,4,0,Hourly,RD,AS_SP26_EXP,DAM,RD_CLR_PRC,0,7
2024-08-29T11:00:00-00:00,2024-08-29T12:00:00-00:00,2024-08-29,5,0,Hourly,RD,AS_SP26_EXP,DAM,RD_CLR_PRC,0,7
2024-08-29T12:00:00-00:00,2024-08-29T13:00:00-00:00,2024-08-29,6,0,Hourly,RD,AS_NP26,DAM,RD_CLR_PRC,0,7
2024-08-29T13:00:00-00:00,2024-08-29T14:00:00-00:00,2024-08-29,7,0,Hourly,RD,AS_NP26,DAM,RD_CLR_PRC,0,7
2024-08-29T15:00:00-00:00,2024-08-29T16:00:00-00:00,2024-08-29,9,0,Hourly,RD,AS_SP26_EXP,DAM,RD_CLR_PRC,0,7
2024-08-29T20:00:00-00:00,2024-08-29T21:00:00-00:00,2024-08-29,14,0,Hourly,RD,AS_NP26_EXP,DAM,RD_CLR_PRC,1.06591,7
2024-08-29T21:00:00-00:00,2024-08-29T22:00:00-00:00,2024-08-29,15,0,Hourly,RD,AS_NP26,DAM,RD_CLR_PRC,0,7
2024-08-29T22:00:00-00:00,2024-08-29T23:00:00-00:00,2024-08-29,16,0,Hourly,RD,AS_NP26_EXP,DAM,RD_CLR_PRC,0,7
2024-08-29T23:00:00-00:00,2024-08-30T00:00:00-00:00,2024-08-29,17,0,Hourly,RD,AS_CAISO,DAM,RD_CLR_PRC,0,7
2024-08-30T01:00:00-00:00,2024-08-30T02:00:00-00:00,2024-08-29,19,0,Hourly,RD,AS_NP26,DAM,RD_CLR_PRC,0,7
2024-08-30T01:00:00-00:00,2024-08-30T02:00:00-00:00,2024-08-29,19,0,Hourly,RD,AS_SP26,DAM,RD_CLR_PRC,0,7
2024-08-30T03:00:00-00:00,2024-08-30T04:00:00-00:00,2024-08-29,21,0,Hourly,RD,AS_CAISO,DAM,RD_CLR_PRC,0,7
2024-08-30T04:00:00-00:00,2024-08-30T05:00:00-00:00,2024-08-29,22,0,Hourly,RD,AS_NP26_EXP,DAM,RD_CLR_PRC,0,7
2024-08-30T04:00:00-00:00,2024-08-30T05:00:00-00:00,2024-08-29,22,0,Hourly,RD,AS_SP26_EXP,DAM,RD_CLR_PRC,0,7
2024-08-30T06:00:00-00:00,2024-08-30T07:00:00-00:00,2024-08-29,24,0,Hourly,RD,AS_CAISO,DAM,RD_CLR_PRC,0,7
2024-08-30T06:00:00-00:00,2024-08-30T07:00:00-00:00,2024-08-29,24,0,Hourly,RD,AS_CAISO_EXP,DAM,RD_CLR_PRC,3.99,7
2024-08-29T07:00:00-00:00,2024-08-29T08:00:00-00:00,2024-08-29,1,0,Hourly,RD,AS_SP26_EXP,DAM,RD_CLR_PRC,0,7
2024-08-29T11:00:00-00:00,2024-08-29T12:00:00-00:00,2024-08-29,5,0,Hourly,RD,AS_NP26,DAM,RD_CLR_PRC,0,7
2024-08-29T14:00:00-00:00,2024-08-29T15:00:00-00:00,2024-08-29,8,0,Hourly,RD,AS_CAISO,DAM,RD_CLR_PRC,0,7
2024-08-29T14:00:00-00:00,2024-08-29T15:00:00-00:00,2024-08-29,8,0,Hourly,RD,AS_SP26_EXP,DAM,RD_CLR_PRC,0.67041,7
2024-08-29T17:00:00-00:00,2024-08-29T18:00:00-00:00,2024-08-29,11,0,Hourly,RD,AS_SP26,DAM,RD_CLR_PRC,0,7
2024-08-29T19:00:00-00:00,2024-08-29T20:00:00-00:00,2024-08-29,13,0,Hourly,RD,AS_NP26_EXP,DAM,RD_CLR_PRC,0.94023,7
2024-08-29T21:00:00-00:00,2024-08-29T22:00:00-00:00,2024-08-29,15,0,Hourly,RD,AS_CAISO_EXP,DAM,RD_CLR_PRC,4.01,7
2024-08-29T22:00:00-00:00,2024-08-29T23:00:00-00:00,2024-08-29,16,0,Hourly,RD,AS_SP26,DAM,RD_CLR_PRC,0,7
2024-08-29T23:00:00-00:00,2024-08-30T00:00:00-00:00,2024-08-29,17,0,Hourly,RD,AS_NP26,DAM,RD_CLR_PRC,0,7
2024-08-30T01:00:00-00:00,2024-08-30T02:00:00-00:00,2024-08-29,19,0,Hourly,RD,AS_CAISO,DAM,RD_CLR_PRC,0,7
2024-08-30T04:00:00-00:00,2024-08-30T05:00:00-00:00,2024-08-29,22,0,Hourly,RD,AS_CAISO_EXP,DAM,RD_CLR_PRC,5.99,7
2024-08-30T05:00:00-00:00,2024-08-30T06:00:00-00:00,2024-08-29,23,0,Hourly,RD,AS_CAISO,DAM,RD_CLR_PRC,0,7
2024-08-30T06:00:00-00:00,2024-08-30T07:00:00-00:00,2024-08-29,24,0,Hourly,RD,AS_NP26_EXP,DAM,RD_CLR_PRC,0,7
2024-08-30T06:00:00-00:00,2024-08-30T07:00:00-00:00,2024-08-29,24,0,Hourly,RD,AS_SP26_EXP,DAM,RD_CLR_PRC,0,7
2024-08-29T16:00:00-00:00,2024-08-29T17:00:00-00:00,2024-08-29,10,0,Hourly,RD,AS_NP26_EXP,DAM,RD_CLR_PRC,1.35,7
2024-08-29T17:00:00-00:00,2024-08-29T18:00:00-00:00,2024-08-29,11,0,Hourly,RD,AS_CAISO,DAM,RD_CLR_PRC,0,7
2024-08-29T17:00:00-00:00,2024-08-29T18:00:00-00:00,2024-08-29,11,0,Hourly,RD,AS_CAISO_EXP,DAM,RD_CLR_PRC,4,7
2024-08-29T17:00:00-00:00,2024-08-29T18:00:00-00:00,2024-08-29,11,0,Hourly,RD,AS_SP26_EXP,DAM,RD_CLR_PRC,0,7
2024-08-29T19:00:00-00:00,2024-08-29T20:00:00-00:00,2024-08-29,13,0,Hourly,RD,AS_CAISO,DAM,RD_CLR_PRC,0,7
2024-08-29T19:00:00-00:00,2024-08-29T20:00:00-00:00,2024-08-29,13,0,Hourly,RD,AS_SP26_EXP,DAM,RD_CLR_PRC,0,7
2024-08-29T20:00:00-00:00,2024-08-29T21:00:00-00:00,2024-08-29,14,0,Hourly,RD,AS_SP26_EXP,DAM,RD_CLR_PRC,0,7
2024-08-30T00:00:00-00:00,2024-08-30T01:00:00-00:00,2024-08-29,18,0,Hourly,RD,AS_CAISO,DAM,RD_CLR_PRC,0,7
2024-08-29T23:00:00-00:00,2024-08-30T00:00:00-00:00,2024-08-29,17,0,Hourly,RD,AS_SP26,DAM,RD_CLR_PRC,0,7
2024-08-30T00:00:00-00:00,2024-08-30T01:00:00-00:00,2024-08-29,18,0,Hourly,RD,AS_NP26_EXP,DAM,RD_CLR_PRC,0,7
2024-08-30T01:00:00-00:00,2024-08-30T02:00:00-00:00,2024-08-29,19,0,Hourly,RD,AS_NP26_EXP,DAM,RD_CLR_PRC,0,7
2024-08-30T02:00:00-00:00,2024-08-30T03:00:00-00:00,2024-08-29,20,0,Hourly,RD,AS_CAISO,DAM,RD_CLR_PRC,0,7
2024-08-30T03:00:00-00:00,2024-08-30T04:00:00-00:00,2024-08-29,21,0,Hourly,RD,AS_CAISO_EXP,DAM,RD_CLR_PRC,7.93533,7
2024-08-30T03:00:00-00:00,2024-08-30T04:00:00-00:00,2024-08-29,21,0,Hourly,RD,AS_NP26_EXP,DAM,RD_CLR_PRC,0,7
2024-08-30T04:00:00-00:00,2024-08-30T05:00:00-00:00,2024-08-29,22,0,Hourly,RD,AS_NP26,DAM,RD_CLR_PRC,0,7
2024-08-30T05:00:00-00:00,2024-08-30T06:00:00-00:00,2024-08-29,23,0,Hourly,RD,AS_CAISO_EXP,DAM,RD_CLR_PRC,6.11,7
2024-08-29T07:00:00-00:00,2024-08-29T08:00:00-00:00,2024-08-29,1,0,Hourly,RD,AS_CAISO,DAM,RD_CLR_PRC,0,7
2024-08-29T07:00:00-00:00,2024-08-29T08:00:00-00:00,2024-08-29,1,0,Hourly,RD,AS_CAISO_EXP,DAM,RD_CLR_PRC,4.63773,7
2024-08-29T09:00:00-00:00,2024-08-29T10:00:00-00:00,2024-08-29,3,0,Hourly,RD,AS_NP26,DAM,RD_CLR_PRC,0,7
2024-08-29T09:00:00-00:00,2024-08-29T10:00:00-00:00,2024-08-29,3,0,Hourly,RD,AS_SP26,DAM,RD_CLR_PRC,0,7
2024-08-29T12:00:00-00:00,2024-08-29T13:00:00-00:00,2024-08-29,6,0,Hourly,RD,AS_NP26_EXP,DAM,RD_CLR_PRC,1.06669,7
2024-08-29T14:00:00-00:00,2024-08-29T15:00:00-00:00,2024-08-29,8,0,Hourly,RD,AS_CAISO_EXP,DAM,RD_CLR_PRC,5,7
2024-08-29T07:00:00-00:00,2024-08-29T08:00:00-00:00,2024-08-29,1,0,Hourly,RD,AS_SP26,DAM,RD_CLR_PRC,0,7
2024-08-29T08:00:00-00:00,2024-08-29T09:00:00-00:00,2024-08-29,2,0,Hourly,RD,AS_SP26,DAM,RD_CLR_PRC,0,7
2024-08-29T09:00:00-00:00,2024-08-29T10:00:00-00:00,2024-08-29,3,0,Hourly,RD,AS_NP26_EXP,DAM,RD_CLR_PRC,1.31535,7
2024-08-29T12:00:00-00:00,2024-08-29T13:00:00-00:00,2024-08-29,6,0,Hourly,RD,AS_SP26_EXP,DAM,RD_CLR_PRC,0,7
2024-08-29T15:00:00-00:00,2024-08-29T16:00:00-00:00,2024-08-29,9,0,Hourly,RD,AS_SP26,DAM,RD_CLR_PRC,0,7
2024-08-29T16:00:00-00:00,2024-08-29T17:00:00-00:00,2024-08-29,10,0,Hourly,RD,AS_SP26_EXP,DAM,RD_CLR_PRC,0,7
2024-08-29T22:00:00-00:00,2024-08-29T23:00:00-00:00,2024-08-29,16,0,Hourly,RD,AS_SP26_EXP,DAM,RD_CLR_PRC,0,7
2024-08-30T00:00:00-00:00,2024-08-30T01:00:00-00:00,2024-08-29,18,0,Hourly,RD,AS_SP26_EXP,DAM,RD_CLR_PRC,0,7
2024-08-30T01:00:00-00:00,2024-08-30T02:00:00-00:00,2024-08-29,19,0,Hourly,RD,AS_SP26_EXP,DAM,RD_CLR_PRC,0,7
2024-08-30T02:00:00-00:00,2024-08-30T03:00:00-00:00,2024-08-29,20,0,Hourly,RD,AS_NP26,DAM,RD_CLR_PRC,0,7
2024-08-30T06:00:00-00:00,2024-08-30T07:00:00-00:00,2024-08-29,24,0,Hourly,RD,AS_SP26,DAM,RD_CLR_PRC,0,7
2024-08-29T22:00:00-00:00,2024-08-29T23:00:00-00:00,2024-08-29,16,0,Hourly,RD,AS_CAISO_EXP,DAM,RD_CLR_PRC,7.33,7
2024-08-29T23:00:00-00:00,2024-08-30T00:00:00-00:00,2024-08-29,17,0,Hourly,RD,AS_CAISO_EXP,DAM,RD_CLR_PRC,7.5,7
2024-08-30T00:00:00-00:00,2024-08-30T01:00:00-00:00,2024-08-29,18,0,Hourly,RD,AS_NP26,DAM,RD_CLR_PRC,0,7
2024-08-30T00:00:00-00:00,2024-08-30T01:00:00-00:00,2024-08-29,18,0,Hourly,RD,AS_SP26,DAM,RD_CLR_PRC,0,7
2024-08-30T02:00:00-00:00,2024-08-30T03:00:00-00:00,2024-08-29,20,0,Hourly,RD,AS_CAISO_EXP,DAM,RD_CLR_PRC,7.11,7
2024-08-30T02:00:00-00:00,2024-08-30T03:00:00-00:00,2024-08-29,20,0,Hourly,RD,AS_NP26_EXP,DAM,RD_CLR_PRC,0,7
2024-08-30T02:00:00-00:00,2024-08-30T03:00:00-00:00,2024-08-29,20,0,Hourly,RD,AS_SP26_EXP,DAM,RD_CLR_PRC,0,7
2024-08-30T03:00:00-00:00,2024-08-30T04:00:00-00:00,2024-08-29,21,0,Hourly,RD,AS_SP26_EXP,DAM,RD_CLR_PRC,0,7
2024-08-30T04:00:00-00:00,2024-08-30T05:00:00-00:00,2024-08-29,22,0,Hourly,RD,AS_SP26,DAM,RD_CLR_PRC,0,7
2024-08-29T08:00:00-00:00,2024-08-29T09:00:00-00:00,2024-08-29,2,0,Hourly,RD,AS_CAISO,DAM,RD_CLR_PRC,0,7
2024-08-29T08:00:00-00:00,2024-08-29T09:00:00-00:00,2024-08-29,2,0,Hourly,RD,AS_NP26,DAM,RD_CLR_PRC,0,7
2024-08-29T08:00:00-00:00,2024-08-29T09:00:00-00:00,2024-08-29,2,0,Hourly,RD,AS_NP26_EXP,DAM,RD_CLR_PRC,0,7
2024-08-29T09:00:00-00:00,2024-08-29T10:00:00-00:00,2024-08-29,3,0,Hourly,RD,AS_CAISO,DAM,RD_CLR_PRC,0,7
2024-08-29T10:00:00-00:00,2024-08-29T11:00:00-00:00,2024-08-29,4,0,Hourly,RD,AS_NP26_EXP,DAM,RD_CLR_PRC,1.30984,7
2024-08-29T12:00:00-00:00,2024-08-29T13:00:00-00:00,2024-08-29,6,0,Hourly,RD,AS_SP26,DAM,RD_CLR_PRC,0,7
2024-08-29T16:00:00-00:00,2024-08-29T17:00:00-00:00,2024-08-29,10,0,Hourly,RD,AS_CAISO_EXP,DAM,RD_CLR_PRC,2.66,7
2024-08-29T16:00:00-00:00,2024-08-29T17:00:00-00:00,2024-08-29,10,0,Hourly,RD,AS_SP26,DAM,RD_CLR_PRC,0,7
2024-08-29T18:00:00-00:00,2024-08-29T19:00:00-00:00,2024-08-29,12,0,Hourly,RD,AS_SP26_EXP,DAM,RD_CLR_PRC,0,7
2024-08-29T07:00:00-00:00,2024-08-29T08:00:00-00:00,2024-08-29,1,0,Hourly,RD,AS_NP26_EXP,DAM,RD_CLR_PRC,0,7
2024-08-29T07:00:00-00:00,2024-08-29T08:00:00-00:00,2024-08-29,1,0,Hourly,RD,AS_NP26,DAM,RD_CLR_PRC,0,7
2024-08-29T10:00:00-00:00,2024-08-29T11:00:00-00:00,2024-08-29,4,0,Hourly,RD,AS_CAISO_EXP,DAM,RD_CLR_PRC,2,7
2024-08-29T10:00:00-00:00,2024-08-29T11:00:00-00:00,2024-08-29,4,0,Hourly,RD,AS_SP26,DAM,RD_CLR_PRC,0,7
2024-08-29T11:00:00-00:00,2024-08-29T12:00:00-00:00,2024-08-29,5,0,Hourly,RD,AS_CAISO_EXP,DAM,RD_CLR_PRC,3.22175,7
2024-08-29T11:00:00-00:00,2024-08-29T12:00:00-00:00,2024-08-29,5,0,Hourly,RD,AS_SP26,DAM,RD_CLR_PRC,0,7
2024-08-29T12:00:00-00:00,2024-08-29T13:00:00-00:00,2024-08-29,6,0,Hourly,RD,AS_CAISO,DAM,RD_CLR_PRC,0,7
2024-08-29T12:00:00-00:00,2024-08-29T13:00:00-00:00,2024-08-29,6,0,Hourly,RD,AS_CAISO_EXP,DAM,RD_CLR_PRC,2.35,7
2024-08-29T13:00:00-00:00,2024-08-29T14:00:00-00:00,2024-08-29,7,0,Hourly,RD,AS_CAISO_EXP,DAM,RD_CLR_PRC,5.72105,7
2024-08-29T13:00:00-00:00,2024-08-29T14:00:00-00:00,2024-08-29,7,0,Hourly,RD,AS_NP26_EXP,DAM,RD_CLR_PRC,0,7
2024-08-29T13:00:00-00:00,2024-08-29T14:00:00-00:00,2024-08-29,7,0,Hourly,RD,AS_SP26_EXP,DAM,RD_CLR_PRC,0.01895,7
2024-08-29T14:00:00-00:00,2024-08-29T15:00:00-00:00,2024-08-29,8,0,Hourly,RD,AS_SP26,DAM,RD_CLR_PRC,0,7
2024-08-29T15:00:00-00:00,2024-08-29T16:00:00-00:00,2024-08-29,9,0,Hourly,RD,AS_NP26_EXP,DAM,RD_CLR_PRC,1.42,7
2024-08-29T16:00:00-00:00,2024-08-29T17:00:00-00:00,2024-08-29,10,0,Hourly,RD,AS_CAISO,DAM,RD_CLR_PRC,0,7
2024-08-29T18:00:00-00:00,2024-08-29T19:00:00-00:00,2024-08-29,12,0,Hourly,RD,AS_CAISO,DAM,RD_CLR_PRC,0,7
2024-08-29T18:00:00-00:00,2024-08-29T19:00:00-00:00,2024-08-29,12,0,Hourly,RD,AS_NP26,DAM,RD_CLR_PRC,0,7
2024-08-29T18:00:00-00:00,2024-08-29T19:00:00-00:00,2024-08-29,12,0,Hourly,RD,AS_SP26,DAM,RD_CLR_PRC,0,7
2024-08-29T19:00:00-00:00,2024-08-29T20:00:00-00:00,2024-08-29,13,0,Hourly,RD,AS_CAISO_EXP,DAM,RD_CLR_PRC,3.06977,7
2024-08-29T20:00:00-00:00,2024-08-29T21:00:00-00:00,2024-08-29,14,0,Hourly,RD,AS_CAISO,DAM,RD_CLR_PRC,0,7
2024-08-29T20:00:00-00:00,2024-08-29T21:00:00-00:00,2024-08-29,14,0,Hourly,RD,AS_NP26,DAM,RD_CLR_PRC,0,7
2024-08-29T20:00:00-00:00,2024-08-29T21:00:00-00:00,2024-08-29,14,0,Hourly,RD,AS_SP26,DAM,RD_CLR_PRC,0,7
2024-08-29T21:00:00-00:00,2024-08-29T22:00:00-00:00,2024-08-29,15,0,Hourly,RD,AS_SP26_EXP,DAM,RD_CLR_PRC,0,7
2024-08-29T23:00:00-00:00,2024-08-30T00:00:00-00:00,2024-08-29,17,0,Hourly,RD,AS_SP26_EXP,DAM,RD_CLR_PRC,0,7
2024-08-30T00:00:00-00:00,2024-08-30T01:00:00-00:00,2024-08-29,18,0,Hourly,RD,AS_CAISO_EXP,DAM,RD_CLR_PRC,10,7
2024-08-30T01:00:00-00:00,2024-08-30T02:00:00-00:00,2024-08-29,19,0,Hourly,RD,AS_CAISO_EXP,DAM,RD_CLR_PRC,7.83245,7
2024-08-30T05:00:00-00:00,2024-08-30T06:00:00-00:00,2024-08-29,23,0,Hourly,RD,AS_SP26_EXP,DAM,RD_CLR_PRC,0,7
2024-08-29T22:00:00-00:00,2024-08-29T23:00:00-00:00,2024-08-29,16,0,Hourly,RD,AS_CAISO,DAM,RD_CLR_PRC,0,7
2024-08-29T22:00:00-00:00,2024-08-29T23:00:00-00:00,2024-08-29,16,0,Hourly,RD,AS_NP26,DAM,RD_CLR_PRC,0,7
2024-08-29T23:00:00-00:00,2024-08-30T00:00:00-00:00,2024-08-29,17,0,Hourly,RD,AS_NP26_EXP,DAM,RD_CLR_PRC,0,7
2024-08-30T03:00:00-00:00,2024-08-30T04:00:00-00:00,2024-08-29,21,0,Hourly,RD,AS_NP26,DAM,RD_CLR_PRC,0,7
2024-08-30T05:00:00-00:00,2024-08-30T06:00:00-00:00,2024-08-29,23,0,Hourly,RD,AS_NP26,DAM,RD_CLR_PRC,0,7
2024-08-30T05:00:00-00:00,2024-08-30T06:00:00-00:00,2024-08-29,23,0,Hourly,RD,AS_NP26_EXP,DAM,RD_CLR_PRC,0,7
2024-08-30T05:00:00-00:00,2024-08-30T06:00:00-00:00,2024-08-29,23,0,Hourly,RD,AS_SP26,DAM,RD_CLR_PRC,0,7
2024-08-30T06:00:00-00:00,2024-08-30T07:00:00-00:00,2024-08-29,24,0,Hourly,RD,AS_NP26,DAM,RD_CLR_PRC,0,7
2024-08-29T08:00:00-00:00,2024-08-29T09:00:00-00:00,2024-08-29,2,0,Hourly,RD,AS_CAISO_EXP,DAM,RD_CLR_PRC,4.00219,7
2024-08-29T13:00:00-00:00,2024-08-29T14:00:00-00:00,2024-08-29,7,0,Hourly,RD,AS_CAISO,DAM,RD_CLR_PRC,0,7
2024-08-29T13:00:00-00:00,2024-08-29T14:00:00-00:00,2024-08-29,7,0,Hourly,RD,AS_SP26,DAM,RD_CLR_PRC,0,7
2024-08-29T14:00:00-00:00,2024-08-29T15:00:00-00:00,2024-08-29,8,0,Hourly,RD,AS_NP26,DAM,RD_CLR_PRC,0,7
2024-08-29T14:00:00-00:00,2024-08-29T15:00:00-00:00,2024-08-29,8,0,Hourly,RD,AS_NP26_EXP,DAM,RD_CLR_PRC,0,7
2024-08-29T15:00:00-00:00,2024-08-29T16:00:00-00:00,2024-08-29,9,0,Hourly,RD,AS_CAISO_EXP,DAM,RD_CLR_PRC,2.59,7
2024-08-29T15:00:00-00:00,2024-08-29T16:00:00-00:00,2024-08-29,9,0,Hourly,RD,AS_NP26,DAM,RD_CLR_PRC,0,7
2024-08-29T17:00:00-00:00,2024-08-29T18:00:00-00:00,2024-08-29,11,0,Hourly,RD,AS_NP26,DAM,RD_CLR_PRC,0,7
2024-08-29T18:00:00-00:00,2024-08-29T19:00:00-00:00,2024-08-29,12,0,Hourly,RD,AS_NP26_EXP,DAM,RD_CLR_PRC,0.01966,7
2024-08-29T19:00:00-00:00,2024-08-29T20:00:00-00:00,2024-08-29,13,0,Hourly,RD,AS_NP26,DAM,RD_CLR_PRC,0,7
2024-08-29T19:00:00-00:00,2024-08-29T20:00:00-00:00,2024-08-29,13,0,Hourly,RD,AS_SP26,DAM,RD_CLR_PRC,0,7
2024-08-29T20:00:00-00:00,2024-08-29T21:00:00-00:00,2024-08-29,14,0,Hourly,RD,AS_CAISO_EXP,DAM,RD_CLR_PRC,2.81105,7
2024-08-29T21:00:00-00:00,2024-08-29T22:00:00-00:00,2024-08-29,15,0,Hourly,RD,AS_NP26_EXP,DAM,RD_CLR_PRC,0,7
2024-08-30T09:00:00-00:00,2024-08-30T10:00:00-00:00,2024-08-30,3,0,Hourly,RD,AS_SP26_EXP,DAM,RD_CLR_PRC,0,8
2024-08-30T11:00:00-00:00,2024-08-30T12:00:00-00:00,2024-08-30,5,0,Hourly,RD,AS_SP26_EXP,DAM,RD_CLR_PRC,0,8
2024-08-30T13:00:00-00:00,2024-08-30T14:00:00-00:00,2024-08-30,7,0,Hourly,RD,AS_SP26,DAM,RD_CLR_PRC,0,8
2024-08-30T14:00:00-00:00,2024-08-30T15:00:00-00:00,2024-08-30,8,0,Hourly,RD,AS_SP26,DAM,RD_CLR_PRC,0,8
2024-08-30T15:00:00-00:00,2024-08-30T16:00:00-00:00,2024-08-30,9,0,Hourly,RD,AS_NP26,DAM,RD_CLR_PRC,0,8
2024-08-30T15:00:00-00:00,2024-08-30T16:00:00-00:00,2024-08-30,9,0,Hourly,RD,AS_SP26,DAM,RD_CLR_PRC,0,8
2024-08-30T15:00:00-00:00,2024-08-30T16:00:00-00:00,2024-08-30,9,0,Hourly,RD,AS_SP26_EXP,DAM,RD_CLR_PRC,0,8
2024-08-30T16:00:00-00:00,2024-08-30T17:00:00-00:00,2024-08-30,10,0,Hourly,RD,AS_SP26,DAM,RD_CLR_PRC,0,8
2024-08-30T17:00:00-00:00,2024-08-30T18:00:00-00:00,2024-08-30,11,0,Hourly,RD,AS_NP26_EXP,DAM,RD_CLR_PRC,0.01,8
2024-08-30T17:00:00-00:00,2024-08-30T18:00:00-00:00,2024-08-30,11,0,Hourly,RD,AS_SP26_EXP,DAM,RD_CLR_PRC,0,8
2024-08-30T18:00:00-00:00,2024-08-30T19:00:00-00:00,2024-08-30,12,0,Hourly,RD,AS_NP26,DAM,RD_CLR_PRC,0,8
2024-08-30T21:00:00-00:00,2024-08-30T22:00:00-00:00,2024-08-30,15,0,Hourly,RD,AS_SP26_EXP,DAM,RD_CLR_PRC,0,8
2024-08-31T01:00:00-00:00,2024-08-31T02:00:00-00:00,2024-08-30,19,0,Hourly,RD,AS_NP26,DAM,RD_CLR_PRC,0,8
2024-08-31T02:00:00-00:00,2024-08-31T03:00:00-00:00,2024-08-30,20,0,Hourly,RD,AS_CAISO,DAM,RD_CLR_PRC,0,8
2024-08-31T03:00:00-00:00,2024-08-31T04:00:00-00:00,2024-08-30,21,0,Hourly,RD,AS_SP26_EXP,DAM,RD_CLR_PRC,0,8
2024-08-31T06:00:00-00:00,2024-08-31T07:00:00-00:00,2024-08-30,24,0,Hourly,RD,AS_CAISO,DAM,RD_CLR_PRC,0,8
2024-08-30T22:00:00-00:00,2024-08-30T23:00:00-00:00,2024-08-30,16,0,Hourly,RD,AS_SP26,DAM,RD_CLR_PRC,0,8
2024-08-30T23:00:00-00:00,2024-08-31T00:00:00-00:00,2024-08-30,17,0,Hourly,RD,AS_CAISO_EXP,DAM,RD_CLR_PRC,6,8
2024-08-31T00:00:00-00:00,2024-08-31T01:00:00-00:00,2024-08-30,18,0,Hourly,RD,AS_CAISO_EXP,DAM,RD_CLR_PRC,8.22246,8
2024-08-31T03:00:00-00:00,2024-08-31T04:00:00-00:00,2024-08-30,21,0,Hourly,RD,AS_NP26_EXP,DAM,RD_CLR_PRC,0.55638,8
2024-08-31T04:00:00-00:00,2024-08-31T05:00:00-00:00,2024-08-30,22,0,Hourly,RD,AS_NP26_EXP,DAM,RD_CLR_PRC,0,8
2024-08-31T04:00:00-00:00,2024-08-31T05:00:00-00:00,2024-08-30,22,0,Hourly,RD,AS_SP26,DAM,RD_CLR_PRC,0,8
2024-08-31T04:00:00-00:00,2024-08-31T05:00:00-00:00,2024-08-30,22,0,Hourly,RD,AS_SP26_EXP,DAM,RD_CLR_PRC,0,8
2024-08-31T05:00:00-00:00,2024-08-31T06:00:00-00:00,2024-08-30,23,0,Hourly,RD,AS_NP26,DAM,RD_CLR_PRC,0,8
2024-08-31T05:00:00-00:00,2024-08-31T06:00:00-00:00,2024-08-30,23,0,Hourly,RD,AS_SP26,DAM,RD_CLR_PRC,0,8
2024-08-31T05:00:00-00:00,2024-08-31T06:00:00-00:00,2024-08-30,23,0,Hourly,RD,AS_SP26_EXP,DAM,RD_CLR_PRC,0,8
2024-08-30T20:00:00-00:00,2024-08-30T21:00:00-00:00,2024-08-30,14,0,Hourly,RD,AS_NP26_EXP,DAM,RD_CLR_PRC,1.55,8
2024-08-30T22:00:00-00:00,2024-08-30T23:00:00-00:00,2024-08-30,16,0,Hourly,RD,AS_SP26_EXP,DAM,RD_CLR_PRC,0,8
2024-08-31T04:00:00-00:00,2024-08-31T05:00:00-00:00,2024-08-30,22,0,Hourly,RD,AS_CAISO,DAM,RD_CLR_PRC,0,8
2024-08-30T08:00:00-00:00,2024-08-30T09:00:00-00:00,2024-08-30,2,0,Hourly,RD,AS_SP26_EXP,DAM,RD_CLR_PRC,0,8
2024-08-30T13:00:00-00:00,2024-08-30T14:00:00-00:00,2024-08-30,7,0,Hourly,RD,AS_NP26_EXP,DAM,RD_CLR_PRC,0,8
2024-08-30T15:00:00-00:00,2024-08-30T16:00:00-00:00,2024-08-30,9,0,Hourly,RD,AS_NP26_EXP,DAM,RD_CLR_PRC,1.26259,8
2024-08-30T17:00:00-00:00,2024-08-30T18:00:00-00:00,2024-08-30,11,0,Hourly,RD,AS_CAISO,DAM,RD_CLR_PRC,0,8
2024-08-30T17:00:00-00:00,2024-08-30T18:00:00-00:00,2024-08-30,11,0,Hourly,RD,AS_NP26,DAM,RD_CLR_PRC,0,8
2024-08-30T18:00:00-00:00,2024-08-30T19:00:00-00:00,2024-08-30,12,0,Hourly,RD,AS_CAISO_EXP,DAM,RD_CLR_PRC,3.97091,8
2024-08-30T20:00:00-00:00,2024-08-30T21:00:00-00:00,2024-08-30,14,0,Hourly,RD,AS_CAISO_EXP,DAM,RD_CLR_PRC,2.28133,8
2024-08-30T20:00:00-00:00,2024-08-30T21:00:00-00:00,2024-08-30,14,0,Hourly,RD,AS_NP26,DAM,RD_CLR_PRC,0,8
2024-08-30T07:00:00-00:00,2024-08-30T08:00:00-00:00,2024-08-30,1,0,Hourly,RD,AS_SP26_EXP,DAM,RD_CLR_PRC,0,8
2024-08-30T10:00:00-00:00,2024-08-30T11:00:00-00:00,2024-08-30,4,0,Hourly,RD,AS_CAISO_EXP,DAM,RD_CLR_PRC,2.2845,8
2024-08-30T10:00:00-00:00,2024-08-30T11:00:00-00:00,2024-08-30,4,0,Hourly,RD,AS_SP26,DAM,RD_CLR_PRC,0,8
2024-08-30T12:00:00-00:00,2024-08-30T13:00:00-00:00,2024-08-30,6,0,Hourly,RD,AS_CAISO,DAM,RD_CLR_PRC,0,8
2024-08-30T12:00:00-00:00,2024-08-30T13:00:00-00:00,2024-08-30,6,0,Hourly,RD,AS_SP26,DAM,RD_CLR_PRC,0,8
2024-08-30T13:00:00-00:00,2024-08-30T14:00:00-00:00,2024-08-30,7,0,Hourly,RD,AS_CAISO_EXP,DAM,RD_CLR_PRC,5.53,8
2024-08-30T14:00:00-00:00,2024-08-30T15:00:00-00:00,2024-08-30,8,0,Hourly,RD,AS_CAISO,DAM,RD_CLR_PRC,0,8
2024-08-30T15:00:00-00:00,2024-08-30T16:00:00-00:00,2024-08-30,9,0,Hourly,RD,AS_CAISO,DAM,RD_CLR_PRC,0,8
2024-08-30T16:00:00-00:00,2024-08-30T17:00:00-00:00,2024-08-30,10,0,Hourly,RD,AS_CAISO,DAM,RD_CLR_PRC,0,8
2024-08-30T17:00:00-00:00,2024-08-30T18:00:00-00:00,2024-08-30,11,0,Hourly,RD,AS_CAISO_EXP,DAM,RD_CLR_PRC,4,8
2024-08-30T18:00:00-00:00,2024-08-30T19:00:00-00:00,2024-08-30,12,0,Hourly,RD,AS_SP26,DAM,RD_CLR_PRC,0,8
2024-08-30T19:00:00-00:00,2024-08-30T20:00:00-00:00,2024-08-30,13,0,Hourly,RD,AS_CAISO,DAM,RD_CLR_PRC,0,8
2024-08-30T19:00:00-00:00,2024-08-30T20:00:00-00:00,2024-08-30,13,0,Hourly,RD,AS_CAISO_EXP,DAM,RD_CLR_PRC,2.75982,8
2024-08-30T20:00:00-00:00,2024-08-30T21:00:00-00:00,2024-08-30,14,0,Hourly,RD,AS_SP26,DAM,RD_CLR_PRC,0,8
2024-08-30T22:00:00-00:00,2024-08-30T23:00:00-00:00,2024-08-30,16,0,Hourly,RD,AS_CAISO,DAM,RD_CLR_PRC,0,8
2024-08-30T23:00:00-00:00,2024-08-31T00:00:00-00:00,2024-08-30,17,0,Hourly,RD,AS_CAISO,DAM,RD_CLR_PRC,0,8
2024-08-30T23:00:00-00:00,2024-08-31T00:00:00-00:00,2024-08-30,17,0,Hourly,RD,AS_SP26,DAM,RD_CLR_PRC,0,8
2024-08-31T01:00:00-00:00,2024-08-31T02:00:00-00:00,2024-08-30,19,0,Hourly,RD,AS_CAISO,DAM,RD_CLR_PRC,0,8
2024-08-31T02:00:00-00:00,2024-08-31T03:00:00-00:00,2024-08-30,20,0,Hourly,RD,AS_CAISO_EXP,DAM,RD_CLR_PRC,7.51421,8
2024-08-31T02:00:00-00:00,2024-08-31T03:00:00-00:00,2024-08-30,20,0,Hourly,RD,AS_SP26,DAM,RD_CLR_PRC,0,8
2024-08-31T02:00:00-00:00,2024-08-31T03:00:00-00:00,2024-08-30,20,0,Hourly,RD,AS_SP26_EXP,DAM,RD_CLR_PRC,0,8
2024-08-31T03:00:00-00:00,2024-08-31T04:00:00-00:00,2024-08-30,21,0,Hourly,RD,AS_CAISO,DAM,RD_CLR_PRC,0,8
2024-08-31T03:00:00-00:00,2024-08-31T04:00:00-00:00,2024-08-30,21,0,Hourly,RD,AS_SP26,DAM,RD_CLR_PRC,0,8
2024-08-31T04:00:00-00:00,2024-08-31T05:00:00-00:00,2024-08-30,22,0,Hourly,RD,AS_CAISO_EXP,DAM,RD_CLR_PRC,5.95224,8
2024-08-31T06:00:00-00:00,2024-08-31T07:00:00-00:00,2024-08-30,24,0,Hourly,RD,AS_NP26,DAM,RD_CLR_PRC,0,8
2024-08-30T07:00:00-00:00,2024-08-30T08:00:00-00:00,2024-08-30,1,0,Hourly,RD,AS_NP26,DAM,RD_CLR_PRC,0,8
2024-08-30T08:00:00-00:00,2024-08-30T09:00:00-00:00,2024-08-30,2,0,Hourly,RD,AS_CAISO_EXP,DAM,RD_CLR_PRC,3.83941,8
2024-08-30T09:00:00-00:00,2024-08-30T10:00:00-00:00,2024-08-30,3,0,Hourly,RD,AS_NP26,DAM,RD_CLR_PRC,0,8
2024-08-30T10:00:00-00:00,2024-08-30T11:00:00-00:00,2024-08-30,4,0,Hourly,RD,AS_NP26,DAM,RD_CLR_PRC,0,8
2024-08-30T11:00:00-00:00,2024-08-30T12:00:00-00:00,2024-08-30,5,0,Hourly,RD,AS_NP26_EXP,DAM,RD_CLR_PRC,0.88077,8
2024-08-30T12:00:00-00:00,2024-08-30T13:00:00-00:00,2024-08-30,6,0,Hourly,RD,AS_SP26_EXP,DAM,RD_CLR_PRC,0,8
2024-08-30T13:00:00-00:00,2024-08-30T14:00:00-00:00,2024-08-30,7,0,Hourly,RD,AS_CAISO,DAM,RD_CLR_PRC,0,8
2024-08-30T16:00:00-00:00,2024-08-30T17:00:00-00:00,2024-08-30,10,0,Hourly,RD,AS_NP26,DAM,RD_CLR_PRC,0,8
2024-08-30T16:00:00-00:00,2024-08-30T17:00:00-00:00,2024-08-30,10,0,Hourly,RD,AS_SP26_EXP,DAM,RD_CLR_PRC,0,8
2024-08-30T18:00:00-00:00,2024-08-30T19:00:00-00:00,2024-08-30,12,0,Hourly,RD,AS_CAISO,DAM,RD_CLR_PRC,0,8
2024-08-30T20:00:00-00:00,2024-08-30T21:00:00-00:00,2024-08-30,14,0,Hourly,RD,AS_SP26_EXP,DAM,RD_CLR_PRC,0,8
2024-08-30T21:00:00-00:00,2024-08-30T22:00:00-00:00,2024-08-30,15,0,Hourly,RD,AS_CAISO_EXP,DAM,RD_CLR_PRC,4,8
2024-08-31T00:00:00-00:00,2024-08-31T01:00:00-00:00,2024-08-30,18,0,Hourly,RD,AS_SP26_EXP,DAM,RD_CLR_PRC,0,8
2024-08-31T01:00:00-00:00,2024-08-31T02:00:00-00:00,2024-08-30,19,0,Hourly,RD,AS_SP26,DAM,RD_CLR_PRC,0,8
2024-08-31T01:00:00-00:00,2024-08-31T02:00:00-00:00,2024-08-30,19,0,Hourly,RD,AS_SP26_EXP,DAM,RD_CLR_PRC,0,8
2024-08-31T05:00:00-00:00,2024-08-31T06:00:00-00:00,2024-08-30,23,0,Hourly,RD,AS_NP26_EXP,DAM,RD_CLR_PRC,0,8
2024-08-30T07:00:00-00:00,2024-08-30T08:00:00-00:00,2024-08-30,1,0,Hourly,RD,AS_SP26,DAM,RD_CLR_PRC,0,8
2024-08-30T08:00:00-00:00,2024-08-30T09:00:00-00:00,2024-08-30,2,0,Hourly,RD,AS_SP26,DAM,RD_CLR_PRC,0,8
2024-08-30T08:00:00-00:00,2024-08-30T09:00:00-00:00,2024-08-30,2,0,Hourly,RD,AS_NP26,DAM,RD_CLR_PRC,0,8
2024-08-30T08:00:00-00:00,2024-08-30T09:00:00-00:00,2024-08-30,2,0,Hourly,RD,AS_NP26_EXP,DAM,RD_CLR_PRC,0.09477,8
2024-08-30T09:00:00-00:00,2024-08-30T10:00:00-00:00,2024-08-30,3,0,Hourly,RD,AS_CAISO_EXP,DAM,RD_CLR_PRC,2.42538,8
2024-08-30T10:00:00-00:00,2024-08-30T11:00:00-00:00,2024-08-30,4,0,Hourly,RD,AS_CAISO,DAM,RD_CLR_PRC,0,8
2024-08-30T12:00:00-00:00,2024-08-30T13:00:00-00:00,2024-08-30,6,0,Hourly,RD,AS_CAISO_EXP,DAM,RD_CLR_PRC,5,8
2024-08-30T13:00:00-00:00,2024-08-30T14:00:00-00:00,2024-08-30,7,0,Hourly,RD,AS_NP26,DAM,RD_CLR_PRC,0,8
2024-08-30T14:00:00-00:00,2024-08-30T15:00:00-00:00,2024-08-30,8,0,Hourly,RD,AS_CAISO_EXP,DAM,RD_CLR_PRC,5.8314,8
2024-08-30T16:00:00-00:00,2024-08-30T17:00:00-00:00,2024-08-30,10,0,Hourly,RD,AS_NP26_EXP,DAM,RD_CLR_PRC,1.25293,8
2024-08-30T19:00:00-00:00,2024-08-30T20:00:00-00:00,2024-08-30,13,0,Hourly,RD,AS_NP26,DAM,RD_CLR_PRC,0,8
2024-08-30T21:00:00-00:00,2024-08-30T22:00:00-00:00,2024-08-30,15,0,Hourly,RD,AS_NP26,DAM,RD_CLR_PRC,0,8
2024-08-30T22:00:00-00:00,2024-08-30T23:00:00-00:00,2024-08-30,16,0,Hourly,RD,AS_CAISO_EXP,DAM,RD_CLR_PRC,7.31477,8
2024-08-30T22:00:00-00:00,2024-08-30T23:00:00-00:00,2024-08-30,16,0,Hourly,RD,AS_NP26_EXP,DAM,RD_CLR_PRC,0,8
2024-08-30T23:00:00-00:00,2024-08-31T00:00:00-00:00,2024-08-30,17,0,Hourly,RD,AS_NP26,DAM,RD_CLR_PRC,0,8
2024-08-31T00:00:00-00:00,2024-08-31T01:00:00-00:00,2024-08-30,18,0,Hourly,RD,AS_SP26,DAM,RD_CLR_PRC,0,8
2024-08-31T01:00:00-00:00,2024-08-31T02:00:00-00:00,2024-08-30,19,0,Hourly,RD,AS_CAISO_EXP,DAM,RD_CLR_PRC,7.11,8
2024-08-31T01:00:00-00:00,2024-08-31T02:00:00-00:00,2024-08-30,19,0,Hourly,RD,AS_NP26_EXP,DAM,RD_CLR_PRC,0,8
2024-08-31T02:00:00-00:00,2024-08-31T03:00:00-00:00,2024-08-30,20,0,Hourly,RD,AS_NP26_EXP,DAM,RD_CLR_PRC,0,8
2024-08-31T04:00:00-00:00,2024-08-31T05:00:00-00:00,2024-08-30,22,0,Hourly,RD,AS_NP26,DAM,RD_CLR_PRC,0,8
2024-08-31T06:00:00-00:00,2024-08-31T07:00:00-00:00,2024-08-30,24,0,Hourly,RD,AS_SP26,DAM,RD_CLR_PRC,0,8
2024-08-30T07:00:00-00:00,2024-08-30T08:00:00-00:00,2024-08-30,1,0,Hourly,RD,AS_CAISO_EXP,DAM,RD_CLR_PRC,5,8
2024-08-30T09:00:00-00:00,2024-08-30T10:00:00-00:00,2024-08-30,3,0,Hourly,RD,AS_CAISO,DAM,RD_CLR_PRC,0,8
2024-08-30T11:00:00-00:00,2024-08-30T12:00:00-00:00,2024-08-30,5,0,Hourly,RD,AS_CAISO_EXP,DAM,RD_CLR_PRC,2.28036,8
2024-08-30T14:00:00-00:00,2024-08-30T15:00:00-00:00,2024-08-30,8,0,Hourly,RD,AS_NP26,DAM,RD_CLR_PRC,0,8
2024-08-30T16:00:00-00:00,2024-08-30T17:00:00-00:00,2024-08-30,10,0,Hourly,RD,AS_CAISO_EXP,DAM,RD_CLR_PRC,2.75707,8
2024-08-30T18:00:00-00:00,2024-08-30T19:00:00-00:00,2024-08-30,12,0,Hourly,RD,AS_NP26_EXP,DAM,RD_CLR_PRC,0.03909,8
2024-08-30T19:00:00-00:00,2024-08-30T20:00:00-00:00,2024-08-30,13,0,Hourly,RD,AS_NP26_EXP,DAM,RD_CLR_PRC,1.20239,8
2024-08-30T19:00:00-00:00,2024-08-30T20:00:00-00:00,2024-08-30,13,0,Hourly,RD,AS_SP26,DAM,RD_CLR_PRC,0,8
2024-08-31T00:00:00-00:00,2024-08-31T01:00:00-00:00,2024-08-30,18,0,Hourly,RD,AS_NP26_EXP,DAM,RD_CLR_PRC,0,8
2024-08-31T02:00:00-00:00,2024-08-31T03:00:00-00:00,2024-08-30,20,0,Hourly,RD,AS_NP26,DAM,RD_CLR_PRC,0,8
2024-08-31T03:00:00-00:00,2024-08-31T04:00:00-00:00,2024-08-30,21,0,Hourly,RD,AS_CAISO_EXP,DAM,RD_CLR_PRC,6.55362,8
2024-08-31T03:00:00-00:00,2024-08-31T04:00:00-00:00,2024-08-30,21,0,Hourly,RD,AS_NP26,DAM,RD_CLR_PRC,0,8
2024-08-31T06:00:00-00:00,2024-08-31T07:00:00-00:00,2024-08-30,24,0,Hourly,RD,AS_CAISO_EXP,DAM,RD_CLR_PRC,3.5,8
2024-08-31T06:00:00-00:00,2024-08-31T07:00:00-00:00,2024-08-30,24,0,Hourly,RD,AS_NP26_EXP,DAM,RD_CLR_PRC,0,8
2024-08-30T09:00:00-00:00,2024-08-30T10:00:00-00:00,2024-08-30,3,0,Hourly,RD,AS_SP26,DAM,RD_CLR_PRC,0,8
2024-08-30T10:00:00-00:00,2024-08-30T11:00:00-00:00,2024-08-30,4,0,Hourly,RD,AS_SP26_EXP,DAM,RD_CLR_PRC,0,8
2024-08-30T11:00:00-00:00,2024-08-30T12:00:00-00:00,2024-08-30,5,0,Hourly,RD,AS_CAISO,DAM,RD_CLR_PRC,0,8
2024-08-30T12:00:00-00:00,2024-08-30T13:00:00-00:00,2024-08-30,6,0,Hourly,RD,AS_NP26,DAM,RD_CLR_PRC,0,8
2024-08-30T17:00:00-00:00,2024-08-30T18:00:00-00:00,2024-08-30,11,0,Hourly,RD,AS_SP26,DAM,RD_CLR_PRC,0,8
2024-08-30T18:00:00-00:00,2024-08-30T19:00:00-00:00,2024-08-30,12,0,Hourly,RD,AS_SP26_EXP,DAM,RD_CLR_PRC,0,8
2024-08-30T21:00:00-00:00,2024-08-30T22:00:00-00:00,2024-08-30,15,0,Hourly,RD,AS_CAISO,DAM,RD_CLR_PRC,0,8
2024-08-30T22:00:00-00:00,2024-08-30T23:00:00-00:00,2024-08-30,16,0,Hourly,RD,AS_NP26,DAM,RD_CLR_PRC,0,8
2024-08-30T23:00:00-00:00,2024-08-31T00:00:00-00:00,2024-08-30,17,0,Hourly,RD,AS_NP26_EXP,DAM,RD_CLR_PRC,0,8
2024-08-30T23:00:00-00:00,2024-08-31T00:00:00-00:00,2024-08-30,17,0,Hourly,RD,AS_SP26_EXP,DAM,RD_CLR_PRC,0,8
2024-08-31T00:00:00-00:00,2024-08-31T01:00:00-00:00,2024-08-30,18,0,Hourly,RD,AS_CAISO,DAM,RD_CLR_PRC,0,8
2024-08-31T00:00:00-00:00,2024-08-31T01:00:00-00:00,2024-08-30,18,0,Hourly,RD,AS_NP26,DAM,RD_CLR_PRC,0,8
2024-08-31T05:00:00-00:00,2024-08-31T06:00:00-00:00,2024-08-30,23,0,Hourly,RD,AS_CAISO,DAM,RD_CLR_PRC,0,8
2024-08-31T05:00:00-00:00,2024-08-31T06:00:00-00:00,2024-08-30,23,0,Hourly,RD,AS_CAISO_EXP,DAM,RD_CLR_PRC,3.64,8
2024-08-31T06:00:00-00:00,2024-08-31T07:00:00-00:00,2024-08-30,24,0,Hourly,RD,AS_SP26_EXP,DAM,RD_CLR_PRC,0,8
2024-08-30T07:00:00-00:00,2024-08-30T08:00:00-00:00,2024-08-30,1,0,Hourly,RD,AS_CAISO,DAM,RD_CLR_PRC,0,8
2024-08-30T07:00:00-00:00,2024-08-30T08:00:00-00:00,2024-08-30,1,0,Hourly,RD,AS_NP26_EXP,DAM,RD_CLR_PRC,0,8
2024-08-30T08:00:00-00:00,2024-08-30T09:00:00-00:00,2024-08-30,2,0,Hourly,RD,AS_CAISO,DAM,RD_CLR_PRC,0,8
2024-08-30T09:00:00-00:00,2024-08-30T10:00:00-00:00,2024-08-30,3,0,Hourly,RD,AS_NP26_EXP,DAM,RD_CLR_PRC,1.46155,8
2024-08-30T10:00:00-00:00,2024-08-30T11:00:00-00:00,2024-08-30,4,0,Hourly,RD,AS_NP26_EXP,DAM,RD_CLR_PRC,1.12203,8
2024-08-30T11:00:00-00:00,2024-08-30T12:00:00-00:00,2024-08-30,5,0,Hourly,RD,AS_NP26,DAM,RD_CLR_PRC,0,8
2024-08-30T11:00:00-00:00,2024-08-30T12:00:00-00:00,2024-08-30,5,0,Hourly,RD,AS_SP26,DAM,RD_CLR_PRC,0,8
2024-08-30T12:00:00-00:00,2024-08-30T13:00:00-00:00,2024-08-30,6,0,Hourly,RD,AS_NP26_EXP,DAM,RD_CLR_PRC,0,8
2024-08-30T13:00:00-00:00,2024-08-30T14:00:00-00:00,2024-08-30,7,0,Hourly,RD,AS_SP26_EXP,DAM,RD_CLR_PRC,0,8
2024-08-30T14:00:00-00:00,2024-08-30T15:00:00-00:00,2024-08-30,8,0,Hourly,RD,AS_NP26_EXP,DAM,RD_CLR_PRC,0,8
2024-08-30T14:00:00-00:00,2024-08-30T15:00:00-00:00,2024-08-30,8,0,Hourly,RD,AS_SP26_EXP,DAM,RD_CLR_PRC,0,8
2024-08-30T15:00:00-00:00,2024-08-30T16:00:00-00:00,2024-08-30,9,0,Hourly,RD,AS_CAISO_EXP,DAM,RD_CLR_PRC,2.74741,8
2024-08-30T19:00:00-00:00,2024-08-30T20:00:00-00:00,2024-08-30,13,0,Hourly,RD,AS_SP26_EXP,DAM,RD_CLR_PRC,0,8
2024-08-30T20:00:00-00:00,2024-08-30T21:00:00-00:00,2024-08-30,14,0,Hourly,RD,AS_CAISO,DAM,RD_CLR_PRC,0,8
2024-08-30T21:00:00-00:00,2024-08-30T22:00:00-00:00,2024-08-30,15,0,Hourly,RD,AS_NP26_EXP,DAM,RD_CLR_PRC,0.01,8
2024-08-30T21:00:00-00:00,2024-08-30T22:00:00-00:00,2024-08-30,15,0,Hourly,RD,AS_SP26,DAM,RD_CLR_PRC,0,8
2024-08-31T08:00:00-00:00,2024-08-31T09:00:00-00:00,2024-08-31,2,0,Hourly,RD,AS_SP26_EXP,DAM,RD_CLR_PRC,0,9
2024-08-31T09:00:00-00:00,2024-08-31T10:00:00-00:00,2024-08-31,3,0,Hourly,RD,AS_CAISO_EXP,DAM,RD_CLR_PRC,2.28985,9
2024-08-31T10:00:00-00:00,2024-08-31T11:00:00-00:00,2024-08-31,4,0,Hourly,RD,AS_CAISO_EXP,DAM,RD_CLR_PRC,2.16237,9
2024-08-31T13:00:00-00:00,2024-08-31T14:00:00-00:00,2024-08-31,7,0,Hourly,RD,AS_NP26,DAM,RD_CLR_PRC,0,9
2024-08-31T15:00:00-00:00,2024-08-31T16:00:00-00:00,2024-08-31,9,0,Hourly,RD,AS_NP26_EXP,DAM,RD_CLR_PRC,0.40707,9
2024-08-31T16:00:00-00:00,2024-08-31T17:00:00-00:00,2024-08-31,10,0,Hourly,RD,AS_CAISO,DAM,RD_CLR_PRC,0,9
2024-08-31T17:00:00-00:00,2024-08-31T18:00:00-00:00,2024-08-31,11,0,Hourly,RD,AS_NP26_EXP,DAM,RD_CLR_PRC,0,9
2024-08-31T18:00:00-00:00,2024-08-31T19:00:00-00:00,2024-08-31,12,0,Hourly,RD,AS_CAISO,DAM,RD_CLR_PRC,0,9
2024-08-31T18:00:00-00:00,2024-08-31T19:00:00-00:00,2024-08-31,12,0,Hourly,RD,AS_SP26_EXP,DAM,RD_CLR_PRC,0,9
2024-08-31T20:00:00-00:00,2024-08-31T21:00:00-00:00,2024-08-31,14,0,Hourly,RD,AS_NP26,DAM,RD_CLR_PRC,0,9
2024-08-31T21:00:00-00:00,2024-08-31T22:00:00-00:00,2024-08-31,15,0,Hourly,RD,AS_CAISO,DAM,RD_CLR_PRC,0,9
2024-09-01T01:00:00-00:00,2024-09-01T02:00:00-00:00,2024-08-31,19,0,Hourly,RD,AS_NP26,DAM,RD_CLR_PRC,0,9
2024-09-01T03:00:00-00:00,2024-09-01T04:00:00-00:00,2024-08-31,21,0,Hourly,RD,AS_CAISO,DAM,RD_CLR_PRC,0,9
2024-09-01T04:00:00-00:00,2024-09-01T05:00:00-00:00,2024-08-31,22,0,Hourly,RD,AS_NP26_EXP,DAM,RD_CLR_PRC,0.23,9
2024-09-01T04:00:00-00:00,2024-09-01T05:00:00-00:00,2024-08-31,22,0,Hourly,RD,AS_SP26,DAM,RD_CLR_PRC,0,9
2024-09-01T04:00:00-00:00,2024-09-01T05:00:00-00:00,2024-08-31,22,0,Hourly,RD,AS_SP26_EXP,DAM,RD_CLR_PRC,0,9
2024-09-01T03:00:00-00:00,2024-09-01T04:00:00-00:00,2024-08-31,21,0,Hourly,RD,AS_NP26,DAM,RD_CLR_PRC,0,9
2024-09-01T04:00:00-00:00,2024-09-01T05:00:00-00:00,2024-08-31,22,0,Hourly,RD,AS_CAISO,DAM,RD_CLR_PRC,0,9
2024-09-01T05:00:00-00:00,2024-09-01T06:00:00-00:00,2024-08-31,23,0,Hourly,RD,AS_NP26_EXP,DAM,RD_CLR_PRC,0,9
2024-08-31T08:00:00-00:00,2024-08-31T09:00:00-00:00,2024-08-31,2,0,Hourly,RD,AS_CAISO_EXP,DAM,RD_CLR_PRC,6,9
2024-08-31T07:00:00-00:00,2024-08-31T08:00:00-00:00,2024-08-31,1,0,Hourly,RD,AS_SP26,DAM,RD_CLR_PRC,0,9
2024-08-31T08:00:00-00:00,2024-08-31T09:00:00-00:00,2024-08-31,2,0,Hourly,RD,AS_NP26,DAM,RD_CLR_PRC,0,9
2024-08-31T12:00:00-00:00,2024-08-31T13:00:00-00:00,2024-08-31,6,0,Hourly,RD,AS_SP26,DAM,RD_CLR_PRC,0,9
2024-08-31T13:00:00-00:00,2024-08-31T14:00:00-00:00,2024-08-31,7,0,Hourly,RD,AS_NP26_EXP,DAM,RD_CLR_PRC,0,9
2024-08-31T13:00:00-00:00,2024-08-31T14:00:00-00:00,2024-08-31,7,0,Hourly,RD,AS_SP26_EXP,DAM,RD_CLR_PRC,1.98938,9
2024-08-31T15:00:00-00:00,2024-08-31T16:00:00-00:00,2024-08-31,9,0,Hourly,RD,AS_CAISO_EXP,DAM,RD_CLR_PRC,3.54053,9
2024-08-31T18:00:00-00:00,2024-08-31T19:00:00-00:00,2024-08-31,12,0,Hourly,RD,AS_SP26,DAM,RD_CLR_PRC,0,9
2024-08-31T20:00:00-00:00,2024-08-31T21:00:00-00:00,2024-08-31,14,0,Hourly,RD,AS_CAISO_EXP,DAM,RD_CLR_PRC,2.67325,9
2024-08-31T22:00:00-00:00,2024-08-31T23:00:00-00:00,2024-08-31,16,0,Hourly,RD,AS_CAISO,DAM,RD_CLR_PRC,0,9
2024-08-31T23:00:00-00:00,2024-09-01T00:00:00-00:00,2024-08-31,17,0,Hourly,RD,AS_NP26,DAM,RD_CLR_PRC,0,9
2024-09-01T00:00:00-00:00,2024-09-01T01:00:00-00:00,2024-08-31,18,0,Hourly,RD,AS_NP26_EXP,DAM,RD_CLR_PRC,0.29782,9
2024-09-01T01:00:00-00:00,2024-09-01T02:00:00-00:00,2024-08-31,19,0,Hourly,RD,AS_SP26,DAM,RD_CLR_PRC,0,9
2024-09-01T02:00:00-00:00,2024-09-01T03:00:00-00:00,2024-08-31,20,0,Hourly,RD,AS_SP26,DAM,RD_CLR_PRC,0,9
2024-09-01T03:00:00-00:00,2024-09-01T04:00:00-00:00,2024-08-31,21,0,Hourly,RD,AS_CAISO_EXP,DAM,RD_CLR_PRC,7.5,9
2024-09-01T03:00:00-00:00,2024-09-01T04:00:00-00:00,2024-08-31,21,0,Hourly,RD,AS_NP26_EXP,DAM,RD_CLR_PRC,0,9
2024-09-01T03:00:00-00:00,2024-09-01T04:00:00-00:00,2024-08-31,21,0,Hourly,RD,AS_SP26,DAM,RD_CLR_PRC,0,9
2024-09-01T06:00:00-00:00,2024-09-01T07:00:00-00:00,2024-08-31,24,0,Hourly,RD,AS_CAISO,DAM,RD_CLR_PRC,0,9
2024-09-01T06:00:00-00:00,2024-09-01T07:00:00-00:00,2024-08-31,24,0,Hourly,RD,AS_CAISO_EXP,DAM,RD_CLR_PRC,5.25,9
2024-08-31T07:00:00-00:00,2024-08-31T08:00:00-00:00,2024-08-31,1,0,Hourly,RD,AS_CAISO,DAM,RD_CLR_PRC,0,9
2024-08-31T09:00:00-00:00,2024-08-31T10:00:00-00:00,2024-08-31,3,0,Hourly,RD,AS_NP26_EXP,DAM,RD_CLR_PRC,2.71015,9
2024-08-31T09:00:00-00:00,2024-08-31T10:00:00-00:00,2024-08-31,3,0,Hourly,RD,AS_SP26_EXP,DAM,RD_CLR_PRC,0,9
2024-08-31T10:00:00-00:00,2024-08-31T11:00:00-00:00,2024-08-31,4,0,Hourly,RD,AS_NP26_EXP,DAM,RD_CLR_PRC,0.23141,9
2024-08-31T12:00:00-00:00,2024-08-31T13:00:00-00:00,2024-08-31,6,0,Hourly,RD,AS_SP26_EXP,DAM,RD_CLR_PRC,0,9
2024-08-31T14:00:00-00:00,2024-08-31T15:00:00-00:00,2024-08-31,8,0,Hourly,RD,AS_CAISO,DAM,RD_CLR_PRC,0,9
2024-08-31T14:00:00-00:00,2024-08-31T15:00:00-00:00,2024-08-31,8,0,Hourly,RD,AS_NP26_EXP,DAM,RD_CLR_PRC,0,9
2024-08-31T19:00:00-00:00,2024-08-31T20:00:00-00:00,2024-08-31,13,0,Hourly,RD,AS_CAISO,DAM,RD_CLR_PRC,0,9
2024-08-31T19:00:00-00:00,2024-08-31T20:00:00-00:00,2024-08-31,13,0,Hourly,RD,AS_SP26_EXP,DAM,RD_CLR_PRC,0,9
2024-08-31T20:00:00-00:00,2024-08-31T21:00:00-00:00,2024-08-31,14,0,Hourly,RD,AS_SP26_EXP,DAM,RD_CLR_PRC,0,9
2024-08-31T21:00:00-00:00,2024-08-31T22:00:00-00:00,2024-08-31,15,0,Hourly,RD,AS_CAISO_EXP,DAM,RD_CLR_PRC,4,9
2024-08-31T21:00:00-00:00,2024-08-31T22:00:00-00:00,2024-08-31,15,0,Hourly,RD,AS_NP26_EXP,DAM,RD_CLR_PRC,0.06196,9
2024-08-31T22:00:00-00:00,2024-08-31T23:00:00-00:00,2024-08-31,16,0,Hourly,RD,AS_SP26_EXP,DAM,RD_CLR_PRC,0,9
2024-08-31T23:00:00-00:00,2024-09-01T00:00:00-00:00,2024-08-31,17,0,Hourly,RD,AS_CAISO_EXP,DAM,RD_CLR_PRC,6,9
2024-09-01T00:00:00-00:00,2024-09-01T01:00:00-00:00,2024-08-31,18,0,Hourly,RD,AS_CAISO_EXP,DAM,RD_CLR_PRC,9.70218,9
2024-09-01T00:00:00-00:00,2024-09-01T01:00:00-00:00,2024-08-31,18,0,Hourly,RD,AS_NP26,DAM,RD_CLR_PRC,0,9
2024-09-01T03:00:00-00:00,2024-09-01T04:00:00-00:00,2024-08-31,21,0,Hourly,RD,AS_SP26_EXP,DAM,RD_CLR_PRC,0,9
2024-09-01T05:00:00-00:00,2024-09-01T06:00:00-00:00,2024-08-31,23,0,Hourly,RD,AS_SP26,DAM,RD_CLR_PRC,0,9
2024-08-31T12:00:00-00:00,2024-08-31T13:00:00-00:00,2024-08-31,6,0,Hourly,RD,AS_CAISO_EXP,DAM,RD_CLR_PRC,3.84826,9
2024-08-31T13:00:00-00:00,2024-08-31T14:00:00-00:00,2024-08-31,7,0,Hourly,RD,AS_CAISO_EXP,DAM,RD_CLR_PRC,6,9
2024-08-31T14:00:00-00:00,2024-08-31T15:00:00-00:00,2024-08-31,8,0,Hourly,RD,AS_NP26,DAM,RD_CLR_PRC,0,9
2024-08-31T15:00:00-00:00,2024-08-31T16:00:00-00:00,2024-08-31,9,0,Hourly,RD,AS_SP26,DAM,RD_CLR_PRC,0,9
2024-08-31T16:00:00-00:00,2024-08-31T17:00:00-00:00,2024-08-31,10,0,Hourly,RD,AS_SP26,DAM,RD_CLR_PRC,0,9
2024-08-31T16:00:00-00:00,2024-08-31T17:00:00-00:00,2024-08-31,10,0,Hourly,RD,AS_SP26_EXP,DAM,RD_CLR_PRC,0,9
2024-08-31T17:00:00-00:00,2024-08-31T18:00:00-00:00,2024-08-31,11,0,Hourly,RD,AS_CAISO,DAM,RD_CLR_PRC,0,9
2024-08-31T17:00:00-00:00,2024-08-31T18:00:00-00:00,2024-08-31,11,0,Hourly,RD,AS_CAISO_EXP,DAM,RD_CLR_PRC,4,9
2024-08-31T18:00:00-00:00,2024-08-31T19:00:00-00:00,2024-08-31,12,0,Hourly,RD,AS_NP26,DAM,RD_CLR_PRC,0,9
2024-08-31T19:00:00-00:00,2024-08-31T20:00:00-00:00,2024-08-31,13,0,Hourly,RD,AS_CAISO_EXP,DAM,RD_CLR_PRC,2.91085,9
2024-08-31T22:00:00-00:00,2024-08-31T23:00:00-00:00,2024-08-31,16,0,Hourly,RD,AS_CAISO_EXP,DAM,RD_CLR_PRC,6,9
2024-08-31T22:00:00-00:00,2024-08-31T23:00:00-00:00,2024-08-31,16,0,Hourly,RD,AS_SP26,DAM,RD_CLR_PRC,0,9
2024-09-01T00:00:00-00:00,2024-09-01T01:00:00-00:00,2024-08-31,18,0,Hourly,RD,AS_CAISO,DAM,RD_CLR_PRC,0,9
2024-09-01T01:00:00-00:00,2024-09-01T02:00:00-00:00,2024-08-31,19,0,Hourly,RD,AS_CAISO,DAM,RD_CLR_PRC,0,9
2024-09-01T02:00:00-00:00,2024-09-01T03:00:00-00:00,2024-08-31,20,0,Hourly,RD,AS_CAISO,DAM,RD_CLR_PRC,0,9
2024-09-01T05:00:00-00:00,2024-09-01T06:00:00-00:00,2024-08-31,23,0,Hourly,RD,AS_SP26_EXP,DAM,RD_CLR_PRC,0,9
2024-09-01T06:00:00-00:00,2024-09-01T07:00:00-00:00,2024-08-31,24,0,Hourly,RD,AS_NP26_EXP,DAM,RD_CLR_PRC,0,9
2024-08-31T07:00:00-00:00,2024-08-31T08:00:00-00:00,2024-08-31,1,0,Hourly,RD,AS_NP26_EXP,DAM,RD_CLR_PRC,0,9
2024-08-31T07:00:00-00:00,2024-08-31T08:00:00-00:00,2024-08-31,1,0,Hourly,RD,AS_NP26,DAM,RD_CLR_PRC,0,9
2024-08-31T08:00:00-00:00,2024-08-31T09:00:00-00:00,2024-08-31,2,0,Hourly,RD,AS_SP26,DAM,RD_CLR_PRC,0,9
2024-08-31T09:00:00-00:00,2024-08-31T10:00:00-00:00,2024-08-31,3,0,Hourly,RD,AS_CAISO,DAM,RD_CLR_PRC,0,9
2024-08-31T10:00:00-00:00,2024-08-31T11:00:00-00:00,2024-08-31,4,0,Hourly,RD,AS_SP26,DAM,RD_CLR_PRC,0,9
2024-08-31T11:00:00-00:00,2024-08-31T12:00:00-00:00,2024-08-31,5,0,Hourly,RD,AS_NP26_EXP,DAM,RD_CLR_PRC,0,9
2024-08-31T11:00:00-00:00,2024-08-31T12:00:00-00:00,2024-08-31,5,0,Hourly,RD,AS_SP26,DAM,RD_CLR_PRC,0,9
2024-08-31T11:00:00-00:00,2024-08-31T12:00:00-00:00,2024-08-31,5,0,Hourly,RD,AS_NP26,DAM,RD_CLR_PRC,0,9
2024-08-31T12:00:00-00:00,2024-08-31T13:00:00-00:00,2024-08-31,6,0,Hourly,RD,AS_NP26_EXP,DAM,RD_CLR_PRC,0,9
2024-08-31T13:00:00-00:00,2024-08-31T14:00:00-00:00,2024-08-31,7,0,Hourly,RD,AS_CAISO,DAM,RD_CLR_PRC,0,9
2024-08-31T16:00:00-00:00,2024-08-31T17:00:00-00:00,2024-08-31,10,0,Hourly,RD,AS_NP26,DAM,RD_CLR_PRC,0,9
2024-08-31T20:00:00-00:00,2024-08-31T21:00:00-00:00,2024-08-31,14,0,Hourly,RD,AS_CAISO,DAM,RD_CLR_PRC,0,9
2024-08-31T21:00:00-00:00,2024-08-31T22:00:00-00:00,2024-08-31,15,0,Hourly,RD,AS_SP26_EXP,DAM,RD_CLR_PRC,0,9
2024-08-31T22:00:00-00:00,2024-08-31T23:00:00-00:00,2024-08-31,16,0,Hourly,RD,AS_NP26_EXP,DAM,RD_CLR_PRC,0,9
2024-08-31T23:00:00-00:00,2024-09-01T00:00:00-00:00,2024-08-31,17,0,Hourly,RD,AS_SP26,DAM,RD_CLR_PRC,0,9
2024-09-01T02:00:00-00:00,2024-09-01T03:00:00-00:00,2024-08-31,20,0,Hourly,RD,AS_NP26,DAM,RD_CLR_PRC,0,9
2024-09-01T06:00:00-00:00,2024-09-01T07:00:00-00:00,2024-08-31,24,0,Hourly,RD,AS_SP26_EXP,DAM,RD_CLR_PRC,0,9
2024-08-31T07:00:00-00:00,2024-08-31T08:00:00-00:00,2024-08-31,1,0,Hourly,RD,AS_SP26_EXP,DAM,RD_CLR_PRC,0,9
2024-08-31T08:00:00-00:00,2024-08-31T09:00:00-00:00,2024-08-31,2,0,Hourly,RD,AS_CAISO,DAM,RD_CLR_PRC,0,9
2024-08-31T09:00:00-00:00,2024-08-31T10:00:00-00:00,2024-08-31,3,0,Hourly,RD,AS_SP26,DAM,RD_CLR_PRC,0,9
2024-08-31T11:00:00-00:00,2024-08-31T12:00:00-00:00,2024-08-31,5,0,Hourly,RD,AS_CAISO_EXP,DAM,RD_CLR_PRC,2.15862,9
2024-08-31T11:00:00-00:00,2024-08-31T12:00:00-00:00,2024-08-31,5,0,Hourly,RD,AS_SP26_EXP,DAM,RD_CLR_PRC,0,9
2024-08-31T12:00:00-00:00,2024-08-31T13:00:00-00:00,2024-08-31,6,0,Hourly,RD,AS_NP26,DAM,RD_CLR_PRC,0,9
2024-08-31T14:00:00-00:00,2024-08-31T15:00:00-00:00,2024-08-31,8,0,Hourly,RD,AS_SP26_EXP,DAM,RD_CLR_PRC,0.25787,9
2024-08-31T15:00:00-00:00,2024-08-31T16:00:00-00:00,2024-08-31,9,0,Hourly,RD,AS_SP26_EXP,DAM,RD_CLR_PRC,0,9
2024-08-31T16:00:00-00:00,2024-08-31T17:00:00-00:00,2024-08-31,10,0,Hourly,RD,AS_NP26_EXP,DAM,RD_CLR_PRC,0,9
2024-08-31T17:00:00-00:00,2024-08-31T18:00:00-00:00,2024-08-31,11,0,Hourly,RD,AS_SP26,DAM,RD_CLR_PRC,0,9
2024-09-01T00:00:00-00:00,2024-09-01T01:00:00-00:00,2024-08-31,18,0,Hourly,RD,AS_SP26,DAM,RD_CLR_PRC,0,9
2024-09-01T01:00:00-00:00,2024-09-01T02:00:00-00:00,2024-08-31,19,0,Hourly,RD,AS_CAISO_EXP,DAM,RD_CLR_PRC,7.11,9
2024-09-01T01:00:00-00:00,2024-09-01T02:00:00-00:00,2024-08-31,19,0,Hourly,RD,AS_NP26_EXP,DAM,RD_CLR_PRC,0,9
2024-09-01T02:00:00-00:00,2024-09-01T03:00:00-00:00,2024-08-31,20,0,Hourly,RD,AS_CAISO_EXP,DAM,RD_CLR_PRC,7.11,9
2024-09-01T02:00:00-00:00,2024-09-01T03:00:00-00:00,2024-08-31,20,0,Hourly,RD,AS_NP26_EXP,DAM,RD_CLR_PRC,0,9
2024-09-01T04:00:00-00:00,2024-09-01T05:00:00-00:00,2024-08-31,22,0,Hourly,RD,AS_NP26,DAM,RD_CLR_PRC,0,9
2024-09-01T06:00:00-00:00,2024-09-01T07:00:00-00:00,2024-08-31,24,0,Hourly,RD,AS_NP26,DAM,RD_CLR_PRC,0,9
2024-09-01T06:00:00-00:00,2024-09-01T07:00:00-00:00,2024-08-31,24,0,Hourly,RD,AS_SP26,DAM,RD_CLR_PRC,0,9
2024-08-31T10:00:00-00:00,2024-08-31T11:00:00-00:00,2024-08-31,4,0,Hourly,RD,AS_SP26_EXP,DAM,RD_CLR_PRC,0,9
2024-08-31T11:00:00-00:00,2024-08-31T12:00:00-00:00,2024-08-31,5,0,Hourly,RD,AS_CAISO,DAM,RD_CLR_PRC,0,9
2024-08-31T14:00:00-00:00,2024-08-31T15:00:00-00:00,2024-08-31,8,0,Hourly,RD,AS_CAISO_EXP,DAM,RD_CLR_PRC,6,9
2024-08-31T14:00:00-00:00,2024-08-31T15:00:00-00:00,2024-08-31,8,0,Hourly,RD,AS_SP26,DAM,RD_CLR_PRC,0,9
2024-08-31T16:00:00-00:00,2024-08-31T17:00:00-00:00,2024-08-31,10,0,Hourly,RD,AS_CAISO_EXP,DAM,RD_CLR_PRC,3.84088,9
2024-08-31T17:00:00-00:00,2024-08-31T18:00:00-00:00,2024-08-31,11,0,Hourly,RD,AS_SP26_EXP,DAM,RD_CLR_PRC,0,9
2024-08-31T19:00:00-00:00,2024-08-31T20:00:00-00:00,2024-08-31,13,0,Hourly,RD,AS_NP26,DAM,RD_CLR_PRC,0,9
2024-08-31T19:00:00-00:00,2024-08-31T20:00:00-00:00,2024-08-31,13,0,Hourly,RD,AS_SP26,DAM,RD_CLR_PRC,0,9
2024-08-31T20:00:00-00:00,2024-08-31T21:00:00-00:00,2024-08-31,14,0,Hourly,RD,AS_NP26_EXP,DAM,RD_CLR_PRC,0,9
2024-08-31T21:00:00-00:00,2024-08-31T22:00:00-00:00,2024-08-31,15,0,Hourly,RD,AS_NP26,DAM,RD_CLR_PRC,0,9
2024-08-31T22:00:00-00:00,2024-08-31T23:00:00-00:00,2024-08-31,16,0,Hourly,RD,AS_NP26,DAM,RD_CLR_PRC,0,9
2024-08-31T23:00:00-00:00,2024-09-01T00:00:00-00:00,2024-08-31,17,0,Hourly,RD,AS_CAISO,DAM,RD_CLR_PRC,0,9
2024-08-31T23:00:00-00:00,2024-09-01T00:00:00-00:00,2024-08-31,17,0,Hourly,RD,AS_NP26_EXP,DAM,RD_CLR_PRC,0,9
2024-09-01T02:00:00-00:00,2024-09-01T03:00:00-00:00,2024-08-31,20,0,Hourly,RD,AS_SP26_EXP,DAM,RD_CLR_PRC,0,9
2024-09-01T04:00:00-00:00,2024-09-01T05:00:00-00:00,2024-08-31,22,0,Hourly,RD,AS_CAISO_EXP,DAM,RD_CLR_PRC,5.77,9
2024-09-01T05:00:00-00:00,2024-09-01T06:00:00-00:00,2024-08-31,23,0,Hourly,RD,AS_CAISO,DAM,RD_CLR_PRC,0,9
2024-09-01T05:00:00-00:00,2024-09-01T06:00:00-00:00,2024-08-31,23,0,Hourly,RD,AS_CAISO_EXP,DAM,RD_CLR_PRC,5.77,9
2024-09-01T05:00:00-00:00,2024-09-01T06:00:00-00:00,2024-08-31,23,0,Hourly,RD,AS_NP26,DAM,RD_CLR_PRC,0,9
2024-08-31T07:00:00-00:00,2024-08-31T08:00:00-00:00,2024-08-31,1,0,Hourly,RD,AS_CAISO_EXP,DAM,RD_CLR_PRC,5,9
2024-08-31T08:00:00-00:00,2024-08-31T09:00:00-00:00,2024-08-31,2,0,Hourly,RD,AS_NP26_EXP,DAM,RD_CLR_PRC,0,9
2024-08-31T09:00:00-00:00,2024-08-31T10:00:00-00:00,2024-08-31,3,0,Hourly,RD,AS_NP26,DAM,RD_CLR_PRC,0,9
2024-08-31T10:00:00-00:00,2024-08-31T11:00:00-00:00,2024-08-31,4,0,Hourly,RD,AS_CAISO,DAM,RD_CLR_PRC,0,9
2024-08-31T10:00:00-00:00,2024-08-31T11:00:00-00:00,2024-08-31,4,0,Hourly,RD,AS_NP26,DAM,RD_CLR_PRC,0,9
2024-08-31T12:00:00-00:00,2024-08-31T13:00:00-00:00,2024-08-31,6,0,Hourly,RD,AS_CAISO,DAM,RD_CLR_PRC,0,9
2024-08-31T13:00:00-00:00,2024-08-31T14:00:00-00:00,2024-08-31,7,0,Hourly,RD,AS_SP26,DAM,RD_CLR_PRC,0,9
2024-08-31T15:00:00-00:00,2024-08-31T16:00:00-00:00,2024-08-31,9,0,Hourly,RD,AS_CAISO,DAM,RD_CLR_PRC,0,9
2024-08-31T15:00:00-00:00,2024-08-31T16:00:00-00:00,2024-08-31,9,0,Hourly,RD,AS_NP26,DAM,RD_CLR_PRC,0,9
2024-08-31T17:00:00-00:00,2024-08-31T18:00:00-00:00,2024-08-31,11,0,Hourly,RD,AS_NP26,DAM,RD_CLR_PRC,0,9
2024-08-31T18:00:00-00:00,2024-08-31T19:00:00-00:00,2024-08-31,12,0,Hourly,RD,AS_CAISO_EXP,DAM,RD_CLR_PRC,3.49608,9
2024-08-31T18:00:00-00:00,2024-08-31T19:00:00-00:00,2024-08-31,12,0,Hourly,RD,AS_NP26_EXP,DAM,RD_CLR_PRC,0,9
2024-08-31T19:00:00-00:00,2024-08-31T20:00:00-00:00,2024-08-31,13,0,Hourly,RD,AS_NP26_EXP,DAM,RD_CLR_PRC,0,9
2024-08-31T20:00:00-00:00,2024-08-31T21:00:00-00:00,2024-08-31,14,0,Hourly,RD,AS_SP26,DAM,RD_CLR_PRC,0,9
2024-08-31T21:00:00-00:00,2024-08-31T22:00:00-00:00,2024-08-31,15,0,Hourly,RD,AS_SP26,DAM,RD_CLR_PRC,0,9
2024-08-31T23:00:00-00:00,2024-09-01T00:00:00-00:00,2024-08-31,17,0,Hourly,RD,AS_SP26_EXP,DAM,RD_CLR_PRC,6.47299,9
2024-09-01T00:00:00-00:00,2024-09-01T01:00:00-00:00,2024-08-31,18,0,Hourly,RD,AS_SP26_EXP,DAM,RD_CLR_PRC,0,9
2024-09-01T01:00:00-00:00,2024-09-01T02:00:00-00:00,2024-08-31,19,0,Hourly,RD,AS_SP26_EXP,DAM,RD_CLR_PRC,0,9
2024-09-01T15:00:00-00:00,2024-09-01T16:00:00-00:00,2024-09-01,9,0,Hourly,RD,AS_NP26_EXP,DAM,RD_CLR_PRC,0.2242,10
2024-09-01T19:00:00-00:00,2024-09-01T20:00:00-00:00,2024-09-01,13,0,Hourly,RD,AS_CAISO,DAM,RD_CLR_PRC,0,10
2024-09-01T20:00:00-00:00,2024-09-01T21:00:00-00:00,2024-09-01,14,0,Hourly,RD,AS_SP26_EXP,DAM,RD_CLR_PRC,0,10
2024-09-01T21:00:00-00:00,2024-09-01T22:00:00-00:00,2024-09-01,15,0,Hourly,RD,AS_CAISO,DAM,RD_CLR_PRC,0,10
2024-09-01T21:00:00-00:00,2024-09-01T22:00:00-00:00,2024-09-01,15,0,Hourly,RD,AS_SP26_EXP,DAM,RD_CLR_PRC,0,10
2024-09-01T22:00:00-00:00,2024-09-01T23:00:00-00:00,2024-09-01,16,0,Hourly,RD,AS_CAISO_EXP,DAM,RD_CLR_PRC,7.04,10
2024-09-01T22:00:00-00:00,2024-09-01T23:00:00-00:00,2024-09-01,16,0,Hourly,RD,AS_NP26,DAM,RD_CLR_PRC,0,10
2024-09-01T22:00:00-00:00,2024-09-01T23:00:00-00:00,2024-09-01,16,0,Hourly,RD,AS_SP26_EXP,DAM,RD_CLR_PRC,0,10
2024-09-01T23:00:00-00:00,2024-09-02T00:00:00-00:00,2024-09-01,17,0,Hourly,RD,AS_CAISO,DAM,RD_CLR_PRC,0,10
2024-09-02T01:00:00-00:00,2024-09-02T02:00:00-00:00,2024-09-01,19,0,Hourly,RD,AS_SP26_EXP,DAM,RD_CLR_PRC,0,10
2024-09-02T04:00:00-00:00,2024-09-02T05:00:00-00:00,2024-09-01,22,0,Hourly,RD,AS_CAISO_EXP,DAM,RD_CLR_PRC,6.16734,10
2024-09-02T05:00:00-00:00,2024-09-02T06:00:00-00:00,2024-09-01,23,0,Hourly,RD,AS_CAISO_EXP,DAM,RD_CLR_PRC,5.69535,10
2024-09-02T05:00:00-00:00,2024-09-02T06:00:00-00:00,2024-09-01,23,0,Hourly,RD,AS_NP26,DAM,RD_CLR_PRC,0,10
2024-09-02T05:00:00-00:00,2024-09-02T06:00:00-00:00,2024-09-01,23,0,Hourly,RD,AS_SP26_EXP,DAM,RD_CLR_PRC,2.41931,10
2024-09-02T06:00:00-00:00,2024-09-02T07:00:00-00:00,2024-09-01,24,0,Hourly,RD,AS_CAISO,DAM,RD_CLR_PRC,0,10
2024-09-02T06:00:00-00:00,2024-09-02T07:00:00-00:00,2024-09-01,24,0,Hourly,RD,AS_SP26,DAM,RD_CLR_PRC,0,10
2024-09-01T16:00:00-00:00,2024-09-01T17:00:00-00:00,2024-09-01,10,0,Hourly,RD,AS_NP26,DAM,RD_CLR_PRC,0,10
2024-09-01T18:00:00-00:00,2024-09-01T19:00:00-00:00,2024-09-01,12,0,Hourly,RD,AS_CAISO,DAM,RD_CLR_PRC,0,10
2024-09-01T19:00:00-00:00,2024-09-01T20:00:00-00:00,2024-09-01,13,0,Hourly,RD,AS_NP26,DAM,RD_CLR_PRC,0,10
2024-09-01T19:00:00-00:00,2024-09-01T20:00:00-00:00,2024-09-01,13,0,Hourly,RD,AS_NP26_EXP,DAM,RD_CLR_PRC,0,10
2024-09-01T19:00:00-00:00,2024-09-01T20:00:00-00:00,2024-09-01,13,0,Hourly,RD,AS_SP26,DAM,RD_CLR_PRC,0,10
2024-09-01T22:00:00-00:00,2024-09-01T23:00:00-00:00,2024-09-01,16,0,Hourly,RD,AS_CAISO,DAM,RD_CLR_PRC,0,10
2024-09-01T23:00:00-00:00,2024-09-02T00:00:00-00:00,2024-09-01,17,0,Hourly,RD,AS_SP26,DAM,RD_CLR_PRC,0,10
2024-09-02T02:00:00-00:00,2024-09-02T03:00:00-00:00,2024-09-01,20,0,Hourly,RD,AS_CAISO,DAM,RD_CLR_PRC,0,10
2024-09-02T03:00:00-00:00,2024-09-02T04:00:00-00:00,2024-09-01,21,0,Hourly,RD,AS_NP26_EXP,DAM,RD_CLR_PRC,0,10
2024-09-02T06:00:00-00:00,2024-09-02T07:00:00-00:00,2024-09-01,24,0,Hourly,RD,AS_NP26,DAM,RD_CLR_PRC,0,10
2024-09-01T07:00:00-00:00,2024-09-01T08:00:00-00:00,2024-09-01,1,0,Hourly,RD,AS_SP26,DAM,RD_CLR_PRC,0,10
2024-09-01T08:00:00-00:00,2024-09-01T09:00:00-00:00,2024-09-01,2,0,Hourly,RD,AS_SP26_EXP,DAM,RD_CLR_PRC,0,10
2024-09-01T13:00:00-00:00,2024-09-01T14:00:00-00:00,2024-09-01,7,0,Hourly,RD,AS_CAISO_EXP,DAM,RD_CLR_PRC,4.77328,10
2024-09-01T15:00:00-00:00,2024-09-01T16:00:00-00:00,2024-09-01,9,0,Hourly,RD,AS_CAISO_EXP,DAM,RD_CLR_PRC,2.56411,10
2024-09-01T15:00:00-00:00,2024-09-01T16:00:00-00:00,2024-09-01,9,0,Hourly,RD,AS_SP26_EXP,DAM,RD_CLR_PRC,0,10
2024-09-01T17:00:00-00:00,2024-09-01T18:00:00-00:00,2024-09-01,11,0,Hourly,RD,AS_NP26_EXP,DAM,RD_CLR_PRC,0,10
2024-09-01T17:00:00-00:00,2024-09-01T18:00:00-00:00,2024-09-01,11,0,Hourly,RD,AS_SP26_EXP,DAM,RD_CLR_PRC,0,10
2024-09-01T20:00:00-00:00,2024-09-01T21:00:00-00:00,2024-09-01,14,0,Hourly,RD,AS_CAISO_EXP,DAM,RD_CLR_PRC,2.23522,10
2024-09-01T20:00:00-00:00,2024-09-01T21:00:00-00:00,2024-09-01,14,0,Hourly,RD,AS_SP26,DAM,RD_CLR_PRC,0,10
2024-09-01T22:00:00-00:00,2024-09-01T23:00:00-00:00,2024-09-01,16,0,Hourly,RD,AS_NP26_EXP,DAM,RD_CLR_PRC,0,10
2024-09-02T01:00:00-00:00,2024-09-02T02:00:00-00:00,2024-09-01,19,0,Hourly,RD,AS_CAISO_EXP,DAM,RD_CLR_PRC,8.30962,10
2024-09-02T04:00:00-00:00,2024-09-02T05:00:00-00:00,2024-09-01,22,0,Hourly,RD,AS_CAISO,DAM,RD_CLR_PRC,0,10
2024-09-02T06:00:00-00:00,2024-09-02T07:00:00-00:00,2024-09-01,24,0,Hourly,RD,AS_SP26_EXP,DAM,RD_CLR_PRC,0,10
2024-09-01T07:00:00-00:00,2024-09-01T08:00:00-00:00,2024-09-01,1,0,Hourly,RD,AS_NP26,DAM,RD_CLR_PRC,0,10
2024-09-01T09:00:00-00:00,2024-09-01T10:00:00-00:00,2024-09-01,3,0,Hourly,RD,AS_NP26,DAM,RD_CLR_PRC,0,10
2024-09-01T10:00:00-00:00,2024-09-01T11:00:00-00:00,2024-09-01,4,0,Hourly,RD,AS_CAISO,DAM,RD_CLR_PRC,0,10
2024-09-01T11:00:00-00:00,2024-09-01T12:00:00-00:00,2024-09-01,5,0,Hourly,RD,AS_SP26_EXP,DAM,RD_CLR_PRC,0,10
2024-09-01T13:00:00-00:00,2024-09-01T14:00:00-00:00,2024-09-01,7,0,Hourly,RD,AS_NP26_EXP,DAM,RD_CLR_PRC,0,10
2024-09-01T16:00:00-00:00,2024-09-01T17:00:00-00:00,2024-09-01,10,0,Hourly,RD,AS_CAISO,DAM,RD_CLR_PRC,0,10
2024-09-01T16:00:00-00:00,2024-09-01T17:00:00-00:00,2024-09-01,10,0,Hourly,RD,AS_CAISO_EXP,DAM,RD_CLR_PRC,2.72933,10
2024-09-01T17:00:00-00:00,2024-09-01T18:00:00-00:00,2024-09-01,11,0,Hourly,RD,AS_SP26,DAM,RD_CLR_PRC,0,10
2024-09-01T20:00:00-00:00,2024-09-01T21:00:00-00:00,2024-09-01,14,0,Hourly,RD,AS_NP26,DAM,RD_CLR_PRC,0,10
2024-09-01T23:00:00-00:00,2024-09-02T00:00:00-00:00,2024-09-01,17,0,Hourly,RD,AS_NP26,DAM,RD_CLR_PRC,0,10
2024-09-01T23:00:00-00:00,2024-09-02T00:00:00-00:00,2024-09-01,17,0,Hourly,RD,AS_NP26_EXP,DAM,RD_CLR_PRC,0,10
2024-09-02T02:00:00-00:00,2024-09-02T03:00:00-00:00,2024-09-01,20,0,Hourly,RD,AS_SP26_EXP,DAM,RD_CLR_PRC,0,10
2024-09-02T03:00:00-00:00,2024-09-02T04:00:00-00:00,2024-09-01,21,0,Hourly,RD,AS_NP26,DAM,RD_CLR_PRC,0,10
2024-09-02T03:00:00-00:00,2024-09-02T04:00:00-00:00,2024-09-01,21,0,Hourly,RD,AS_SP26,DAM,RD_CLR_PRC,0,10
2024-09-02T05:00:00-00:00,2024-09-02T06:00:00-00:00,2024-09-01,23,0,Hourly,RD,AS_CAISO,DAM,RD_CLR_PRC,0,10
2024-09-01T08:00:00-00:00,2024-09-01T09:00:00-00:00,2024-09-01,2,0,Hourly,RD,AS_CAISO_EXP,DAM,RD_CLR_PRC,6,10
2024-09-01T08:00:00-00:00,2024-09-01T09:00:00-00:00,2024-09-01,2,0,Hourly,RD,AS_NP26,DAM,RD_CLR_PRC,0,10
2024-09-01T12:00:00-00:00,2024-09-01T13:00:00-00:00,2024-09-01,6,0,Hourly,RD,AS_SP26_EXP,DAM,RD_CLR_PRC,0,10
2024-09-01T13:00:00-00:00,2024-09-01T14:00:00-00:00,2024-09-01,7,0,Hourly,RD,AS_NP26,DAM,RD_CLR_PRC,0,10
2024-09-01T14:00:00-00:00,2024-09-01T15:00:00-00:00,2024-09-01,8,0,Hourly,RD,AS_CAISO,DAM,RD_CLR_PRC,0,10
2024-09-01T14:00:00-00:00,2024-09-01T15:00:00-00:00,2024-09-01,8,0,Hourly,RD,AS_CAISO_EXP,DAM,RD_CLR_PRC,4.36662,10
2024-09-01T17:00:00-00:00,2024-09-01T18:00:00-00:00,2024-09-01,11,0,Hourly,RD,AS_CAISO,DAM,RD_CLR_PRC,0,10
2024-09-01T17:00:00-00:00,2024-09-01T18:00:00-00:00,2024-09-01,11,0,Hourly,RD,AS_NP26,DAM,RD_CLR_PRC,0,10
2024-09-01T18:00:00-00:00,2024-09-01T19:00:00-00:00,2024-09-01,12,0,Hourly,RD,AS_NP26_EXP,DAM,RD_CLR_PRC,0,10
2024-09-01T21:00:00-00:00,2024-09-01T22:00:00-00:00,2024-09-01,15,0,Hourly,RD,AS_NP26_EXP,DAM,RD_CLR_PRC,0,10
2024-09-01T21:00:00-00:00,2024-09-01T22:00:00-00:00,2024-09-01,15,0,Hourly,RD,AS_SP26,DAM,RD_CLR_PRC,0,10
2024-09-02T00:00:00-00:00,2024-09-02T01:00:00-00:00,2024-09-01,18,0,Hourly,RD,AS_CAISO_EXP,DAM,RD_CLR_PRC,10,10
2024-09-02T02:00:00-00:00,2024-09-02T03:00:00-00:00,2024-09-01,20,0,Hourly,RD,AS_NP26,DAM,RD_CLR_PRC,0,10
2024-09-02T02:00:00-00:00,2024-09-02T03:00:00-00:00,2024-09-01,20,0,Hourly,RD,AS_SP26,DAM,RD_CLR_PRC,0,10
2024-09-02T04:00:00-00:00,2024-09-02T05:00:00-00:00,2024-09-01,22,0,Hourly,RD,AS_SP26,DAM,RD_CLR_PRC,0,10
2024-09-02T05:00:00-00:00,2024-09-02T06:00:00-00:00,2024-09-01,23,0,Hourly,RD,AS_NP26_EXP,DAM,RD_CLR_PRC,0,10
2024-09-02T05:00:00-00:00,2024-09-02T06:00:00-00:00,2024-09-01,23,0,Hourly,RD,AS_SP26,DAM,RD_CLR_PRC,0,10
2024-09-02T06:00:00-00:00,2024-09-02T07:00:00-00:00,2024-09-01,24,0,Hourly,RD,AS_NP26_EXP,DAM,RD_CLR_PRC,0,10
2024-09-01T08:00:00-00:00,2024-09-01T09:00:00-00:00,2024-09-01,2,0,Hourly,RD,AS_SP26,DAM,RD_CLR_PRC,0,10
2024-09-01T09:00:00-00:00,2024-09-01T10:00:00-00:00,2024-09-01,3,0,Hourly,RD,AS_CAISO,DAM,RD_CLR_PRC,0,10
2024-09-01T09:00:00-00:00,2024-09-01T10:00:00-00:00,2024-09-01,3,0,Hourly,RD,AS_SP26_EXP,DAM,RD_CLR_PRC,0,10
2024-09-01T10:00:00-00:00,2024-09-01T11:00:00-00:00,2024-09-01,4,0,Hourly,RD,AS_NP26,DAM,RD_CLR_PRC,0,10
2024-09-01T11:00:00-00:00,2024-09-01T12:00:00-00:00,2024-09-01,5,0,Hourly,RD,AS_CAISO_EXP,DAM,RD_CLR_PRC,2.47367,10
2024-09-01T12:00:00-00:00,2024-09-01T13:00:00-00:00,2024-09-01,6,0,Hourly,RD,AS_CAISO_EXP,DAM,RD_CLR_PRC,4.58294,10
2024-09-01T13:00:00-00:00,2024-09-01T14:00:00-00:00,2024-09-01,7,0,Hourly,RD,AS_SP26_EXP,DAM,RD_CLR_PRC,0,10
2024-09-01T15:00:00-00:00,2024-09-01T16:00:00-00:00,2024-09-01,9,0,Hourly,RD,AS_CAISO,DAM,RD_CLR_PRC,0,10
2024-09-01T17:00:00-00:00,2024-09-01T18:00:00-00:00,2024-09-01,11,0,Hourly,RD,AS_CAISO_EXP,DAM,RD_CLR_PRC,3,10
2024-09-01T18:00:00-00:00,2024-09-01T19:00:00-00:00,2024-09-01,12,0,Hourly,RD,AS_SP26_EXP,DAM,RD_CLR_PRC,0,10
2024-09-01T19:00:00-00:00,2024-09-01T20:00:00-00:00,2024-09-01,13,0,Hourly,RD,AS_CAISO_EXP,DAM,RD_CLR_PRC,2.42,10
2024-09-01T21:00:00-00:00,2024-09-01T22:00:00-00:00,2024-09-01,15,0,Hourly,RD,AS_CAISO_EXP,DAM,RD_CLR_PRC,3.2,10
2024-09-01T21:00:00-00:00,2024-09-01T22:00:00-00:00,2024-09-01,15,0,Hourly,RD,AS_NP26,DAM,RD_CLR_PRC,0,10
2024-09-01T23:00:00-00:00,2024-09-02T00:00:00-00:00,2024-09-01,17,0,Hourly,RD,AS_SP26_EXP,DAM,RD_CLR_PRC,8.28016,10
2024-09-02T00:00:00-00:00,2024-09-02T01:00:00-00:00,2024-09-01,18,0,Hourly,RD,AS_CAISO,DAM,RD_CLR_PRC,0,10
2024-09-02T00:00:00-00:00,2024-09-02T01:00:00-00:00,2024-09-01,18,0,Hourly,RD,AS_NP26_EXP,DAM,RD_CLR_PRC,0,10
2024-09-02T01:00:00-00:00,2024-09-02T02:00:00-00:00,2024-09-01,19,0,Hourly,RD,AS_NP26_EXP,DAM,RD_CLR_PRC,0,10
2024-09-02T01:00:00-00:00,2024-09-02T02:00:00-00:00,2024-09-01,19,0,Hourly,RD,AS_SP26,DAM,RD_CLR_PRC,0,10
2024-09-02T04:00:00-00:00,2024-09-02T05:00:00-00:00,2024-09-01,22,0,Hourly,RD,AS_NP26,DAM,RD_CLR_PRC,0,10
2024-09-01T07:00:00-00:00,2024-09-01T08:00:00-00:00,2024-09-01,1,0,Hourly,RD,AS_NP26_EXP,DAM,RD_CLR_PRC,0,10
2024-09-01T07:00:00-00:00,2024-09-01T08:00:00-00:00,2024-09-01,1,0,Hourly,RD,AS_CAISO,DAM,RD_CLR_PRC,0,10
2024-09-01T07:00:00-00:00,2024-09-01T08:00:00-00:00,2024-09-01,1,0,Hourly,RD,AS_CAISO_EXP,DAM,RD_CLR_PRC,5,10
2024-09-01T07:00:00-00:00,2024-09-01T08:00:00-00:00,2024-09-01,1,0,Hourly,RD,AS_SP26_EXP,DAM,RD_CLR_PRC,0,10
2024-09-01T08:00:00-00:00,2024-09-01T09:00:00-00:00,2024-09-01,2,0,Hourly,RD,AS_CAISO,DAM,RD_CLR_PRC,0,10
2024-09-01T08:00:00-00:00,2024-09-01T09:00:00-00:00,2024-09-01,2,0,Hourly,RD,AS_NP26_EXP,DAM,RD_CLR_PRC,0,10
2024-09-01T09:00:00-00:00,2024-09-01T10:00:00-00:00,2024-09-01,3,0,Hourly,RD,AS_CAISO_EXP,DAM,RD_CLR_PRC,2.6406,10
2024-09-01T09:00:00-00:00,2024-09-01T10:00:00-00:00,2024-09-01,3,0,Hourly,RD,AS_NP26_EXP,DAM,RD_CLR_PRC,2.3594,10
2024-09-01T10:00:00-00:00,2024-09-01T11:00:00-00:00,2024-09-01,4,0,Hourly,RD,AS_SP26,DAM,RD_CLR_PRC,0,10
2024-09-01T14:00:00-00:00,2024-09-01T15:00:00-00:00,2024-09-01,8,0,Hourly,RD,AS_NP26,DAM,RD_CLR_PRC,0,10
2024-09-01T14:00:00-00:00,2024-09-01T15:00:00-00:00,2024-09-01,8,0,Hourly,RD,AS_NP26_EXP,DAM,RD_CLR_PRC,0,10
2024-09-01T16:00:00-00:00,2024-09-01T17:00:00-00:00,2024-09-01,10,0,Hourly,RD,AS_SP26,DAM,RD_CLR_PRC,0,10
2024-09-01T18:00:00-00:00,2024-09-01T19:00:00-00:00,2024-09-01,12,0,Hourly,RD,AS_CAISO_EXP,DAM,RD_CLR_PRC,2.88669,10
2024-09-01T18:00:00-00:00,2024-09-01T19:00:00-00:00,2024-09-01,12,0,Hourly,RD,AS_NP26,DAM,RD_CLR_PRC,0,10
2024-09-01T20:00:00-00:00,2024-09-01T21:00:00-00:00,2024-09-01,14,0,Hourly,RD,AS_CAISO,DAM,RD_CLR_PRC,0,10
2024-09-01T20:00:00-00:00,2024-09-01T21:00:00-00:00,2024-09-01,14,0,Hourly,RD,AS_NP26_EXP,DAM,RD_CLR_PRC,0,10
2024-09-01T22:00:00-00:00,2024-09-01T23:00:00-00:00,2024-09-01,16,0,Hourly,RD,AS_SP26,DAM,RD_CLR_PRC,0,10
2024-09-02T00:00:00-00:00,2024-09-02T01:00:00-00:00,2024-09-01,18,0,Hourly,RD,AS_SP26,DAM,RD_CLR_PRC,0,10
2024-09-02T00:00:00-00:00,2024-09-02T01:00:00-00:00,2024-09-01,18,0,Hourly,RD,AS_SP26_EXP,DAM,RD_CLR_PRC,0,10
2024-09-02T01:00:00-00:00,2024-09-02T02:00:00-00:00,2024-09-01,19,0,Hourly,RD,AS_NP26,DAM,RD_CLR_PRC,0,10
2024-09-02T02:00:00-00:00,2024-09-02T03:00:00-00:00,2024-09-01,20,0,Hourly,RD,AS_NP26_EXP,DAM,RD_CLR_PRC,0,10
2024-09-02T03:00:00-00:00,2024-09-02T04:00:00-00:00,2024-09-01,21,0,Hourly,RD,AS_CAISO_EXP,DAM,RD_CLR_PRC,6.11,10
2024-09-02T06:00:00-00:00,2024-09-02T07:00:00-00:00,2024-09-01,24,0,Hourly,RD,AS_CAISO_EXP,DAM,RD_CLR_PRC,5.32,10
2024-09-01T10:00:00-00:00,2024-09-01T11:00:00-00:00,2024-09-01,4,0,Hourly,RD,AS_SP26_EXP,DAM,RD_CLR_PRC,0,10
2024-09-01T11:00:00-00:00,2024-09-01T12:00:00-00:00,2024-09-01,5,0,Hourly,RD,AS_NP26,DAM,RD_CLR_PRC,0,10
2024-09-01T12:00:00-00:00,2024-09-01T13:00:00-00:00,2024-09-01,6,0,Hourly,RD,AS_NP26,DAM,RD_CLR_PRC,0,10
2024-09-01T13:00:00-00:00,2024-09-01T14:00:00-00:00,2024-09-01,7,0,Hourly,RD,AS_CAISO,DAM,RD_CLR_PRC,0,10
2024-09-01T11:00:00-00:00,2024-09-01T12:00:00-00:00,2024-09-01,5,0,Hourly,RD,AS_CAISO,DAM,RD_CLR_PRC,0,10
2024-09-01T11:00:00-00:00,2024-09-01T12:00:00-00:00,2024-09-01,5,0,Hourly,RD,AS_SP26,DAM,RD_CLR_PRC,0,10
2024-09-01T12:00:00-00:00,2024-09-01T13:00:00-00:00,2024-09-01,6,0,Hourly,RD,AS_CAISO,DAM,RD_CLR_PRC,0,10
2024-09-01T12:00:00-00:00,2024-09-01T13:00:00-00:00,2024-09-01,6,0,Hourly,RD,AS_SP26,DAM,RD_CLR_PRC,0,10
2024-09-01T13:00:00-00:00,2024-09-01T14:00:00-00:00,2024-09-01,7,0,Hourly,RD,AS_SP26,DAM,RD_CLR_PRC,0,10
2024-09-01T16:00:00-00:00,2024-09-01T17:00:00-00:00,2024-09-01,10,0,Hourly,RD,AS_NP26_EXP,DAM,RD_CLR_PRC,0,10
2024-09-01T16:00:00-00:00,2024-09-01T17:00:00-00:00,2024-09-01,10,0,Hourly,RD,AS_SP26_EXP,DAM,RD_CLR_PRC,0,10
2024-09-01T18:00:00-00:00,2024-09-01T19:00:00-00:00,2024-09-01,12,0,Hourly,RD,AS_SP26,DAM,RD_CLR_PRC,0,10
2024-09-01T19:00:00-00:00,2024-09-01T20:00:00-00:00,2024-09-01,13,0,Hourly,RD,AS_SP26_EXP,DAM,RD_CLR_PRC,0,10
2024-09-01T23:00:00-00:00,2024-09-02T00:00:00-00:00,2024-09-01,17,0,Hourly,RD,AS_CAISO_EXP,DAM,RD_CLR_PRC,6.79,10
2024-09-02T00:00:00-00:00,2024-09-02T01:00:00-00:00,2024-09-01,18,0,Hourly,RD,AS_NP26,DAM,RD_CLR_PRC,0,10
2024-09-02T01:00:00-00:00,2024-09-02T02:00:00-00:00,2024-09-01,19,0,Hourly,RD,AS_CAISO,DAM,RD_CLR_PRC,0,10
2024-09-02T02:00:00-00:00,2024-09-02T03:00:00-00:00,2024-09-01,20,0,Hourly,RD,AS_CAISO_EXP,DAM,RD_CLR_PRC,9.73,10
2024-09-02T03:00:00-00:00,2024-09-02T04:00:00-00:00,2024-09-01,21,0,Hourly,RD,AS_CAISO,DAM,RD_CLR_PRC,0,10
2024-09-02T03:00:00-00:00,2024-09-02T04:00:00-00:00,2024-09-01,21,0,Hourly,RD,AS_SP26_EXP,DAM,RD_CLR_PRC,0,10
2024-09-02T04:00:00-00:00,2024-09-02T05:00:00-00:00,2024-09-01,22,0,Hourly,RD,AS_NP26_EXP,DAM,RD_CLR_PRC,0,10
2024-09-02T04:00:00-00:00,2024-09-02T05:00:00-00:00,2024-09-01,22,0,Hourly,RD,AS_SP26_EXP,DAM,RD_CLR_PRC,3.34195,10
2024-09-01T09:00:00-00:00,2024-09-01T10:00:00-00:00,2024-09-01,3,0,Hourly,RD,AS_SP26,DAM,RD_CLR_PRC,0,10
2024-09-01T10:00:00-00:00,2024-09-01T11:00:00-00:00,2024-09-01,4,0,Hourly,RD,AS_CAISO_EXP,DAM,RD_CLR_PRC,2.47844,10
2024-09-01T10:00:00-00:00,2024-09-01T11:00:00-00:00,2024-09-01,4,0,Hourly,RD,AS_NP26_EXP,DAM,RD_CLR_PRC,2.12225,10
2024-09-01T11:00:00-00:00,2024-09-01T12:00:00-00:00,2024-09-01,5,0,Hourly,RD,AS_NP26_EXP,DAM,RD_CLR_PRC,2.52633,10
2024-09-01T12:00:00-00:00,2024-09-01T13:00:00-00:00,2024-09-01,6,0,Hourly,RD,AS_NP26_EXP,DAM,RD_CLR_PRC,0,10
2024-09-01T14:00:00-00:00,2024-09-01T15:00:00-00:00,2024-09-01,8,0,Hourly,RD,AS_SP26,DAM,RD_CLR_PRC,0,10
2024-09-01T14:00:00-00:00,2024-09-01T15:00:00-00:00,2024-09-01,8,0,Hourly,RD,AS_SP26_EXP,DAM,RD_CLR_PRC,0,10
2024-09-01T15:00:00-00:00,2024-09-01T16:00:00-00:00,2024-09-01,9,0,Hourly,RD,AS_NP26,DAM,RD_CLR_PRC,0,10
2024-09-01T15:00:00-00:00,2024-09-01T16:00:00-00:00,2024-09-01,9,0,Hourly,RD,AS_SP26,DAM,RD_CLR_PRC,0,10
2024-09-02T08:00:00-00:00,2024-09-02T09:00:00-00:00,2024-09-02,2,0,Hourly,RD,AS_SP26_EXP,DAM,RD_CLR_PRC,0,11
2024-09-02T09:00:00-00:00,2024-09-02T10:00:00-00:00,2024-09-02,3,0,Hourly,RD,AS_SP26,DAM,RD_CLR_PRC,0,11
2024-09-02T10:00:00-00:00,2024-09-02T11:00:00-00:00,2024-09-02,4,0,Hourly,RD,AS_CAISO,DAM,RD_CLR_PRC,0,11
2024-09-02T10:00:00-00:00,2024-09-02T11:00:00-00:00,2024-09-02,4,0,Hourly,RD,AS_SP26_EXP,DAM,RD_CLR_PRC,0.89165,11
2024-09-02T11:00:00-00:00,2024-09-02T12:00:00-00:00,2024-09-02,5,0,Hourly,RD,AS_CAISO,DAM,RD_CLR_PRC,0,11
2024-09-02T11:00:00-00:00,2024-09-02T12:00:00-00:00,2024-09-02,5,0,Hourly,RD,AS_NP26,DAM,RD_CLR_PRC,0,11
2024-09-02T12:00:00-00:00,2024-09-02T13:00:00-00:00,2024-09-02,6,0,Hourly,RD,AS_NP26,DAM,RD_CLR_PRC,0,11
2024-09-02T13:00:00-00:00,2024-09-02T14:00:00-00:00,2024-09-02,7,0,Hourly,RD,AS_CAISO_EXP,DAM,RD_CLR_PRC,6,11
2024-09-02T15:00:00-00:00,2024-09-02T16:00:00-00:00,2024-09-02,9,0,Hourly,RD,AS_NP26_EXP,DAM,RD_CLR_PRC,0.74927,11
2024-09-02T17:00:00-00:00,2024-09-02T18:00:00-00:00,2024-09-02,11,0,Hourly,RD,AS_CAISO,DAM,RD_CLR_PRC,0,11
2024-09-02T17:00:00-00:00,2024-09-02T18:00:00-00:00,2024-09-02,11,0,Hourly,RD,AS_NP26_EXP,DAM,RD_CLR_PRC,0,11
2024-09-02T18:00:00-00:00,2024-09-02T19:00:00-00:00,2024-09-02,12,0,Hourly,RD,AS_CAISO_EXP,DAM,RD_CLR_PRC,3.56857,11
2024-09-02T19:00:00-00:00,2024-09-02T20:00:00-00:00,2024-09-02,13,0,Hourly,RD,AS_CAISO,DAM,RD_CLR_PRC,0,11
2024-09-02T19:00:00-00:00,2024-09-02T20:00:00-00:00,2024-09-02,13,0,Hourly,RD,AS_SP26_EXP,DAM,RD_CLR_PRC,0,11
2024-09-02T20:00:00-00:00,2024-09-02T21:00:00-00:00,2024-09-02,14,0,Hourly,RD,AS_CAISO,DAM,RD_CLR_PRC,0,11
2024-09-02T21:00:00-00:00,2024-09-02T22:00:00-00:00,2024-09-02,15,0,Hourly,RD,AS_SP26,DAM,RD_CLR_PRC,0,11
2024-09-02T21:00:00-00:00,2024-09-02T22:00:00-00:00,2024-09-02,15,0,Hourly,RD,AS_SP26_EXP,DAM,RD_CLR_PRC,0,11
2024-09-03T02:00:00-00:00,2024-09-03T03:00:00-00:00,2024-09-02,20,0,Hourly,RD,AS_SP26,DAM,RD_CLR_PRC,0,11
2024-09-03T02:00:00-00:00,2024-09-03T03:00:00-00:00,2024-09-02,20,0,Hourly,RD,AS_SP26_EXP,DAM,RD_CLR_PRC,0,11
2024-09-03T03:00:00-00:00,2024-09-03T04:00:00-00:00,2024-09-02,21,0,Hourly,RD,AS_SP26,DAM,RD_CLR_PRC,0,11
2024-09-03T05:00:00-00:00,2024-09-03T06:00:00-00:00,2024-09-02,23,0,Hourly,RD,AS_NP26,DAM,RD_CLR_PRC,0,11
2024-09-02T08:00:00-00:00,2024-09-02T09:00:00-00:00,2024-09-02,2,0,Hourly,RD,AS_CAISO_EXP,DAM,RD_CLR_PRC,5.23053,11
2024-09-02T10:00:00-00:00,2024-09-02T11:00:00-00:00,2024-09-02,4,0,Hourly,RD,AS_NP26_EXP,DAM,RD_CLR_PRC,0,11
2024-09-02T12:00:00-00:00,2024-09-02T13:00:00-00:00,2024-09-02,6,0,Hourly,RD,AS_NP26_EXP,DAM,RD_CLR_PRC,0.80839,11
2024-09-02T12:00:00-00:00,2024-09-02T13:00:00-00:00,2024-09-02,6,0,Hourly,RD,AS_SP26,DAM,RD_CLR_PRC,0,11
2024-09-02T13:00:00-00:00,2024-09-02T14:00:00-00:00,2024-09-02,7,0,Hourly,RD,AS_CAISO,DAM,RD_CLR_PRC,0,11
2024-09-02T17:00:00-00:00,2024-09-02T18:00:00-00:00,2024-09-02,11,0,Hourly,RD,AS_NP26,DAM,RD_CLR_PRC,0,11
2024-09-02T17:00:00-00:00,2024-09-02T18:00:00-00:00,2024-09-02,11,0,Hourly,RD,AS_SP26,DAM,RD_CLR_PRC,0,11
2024-09-02T18:00:00-00:00,2024-09-02T19:00:00-00:00,2024-09-02,12,0,Hourly,RD,AS_SP26,DAM,RD_CLR_PRC,0,11
2024-09-02T20:00:00-00:00,2024-09-02T21:00:00-00:00,2024-09-02,14,0,Hourly,RD,AS_NP26_EXP,DAM,RD_CLR_PRC,0,11
2024-09-02T21:00:00-00:00,2024-09-02T22:00:00-00:00,2024-09-02,15,0,Hourly,RD,AS_CAISO_EXP,DAM,RD_CLR_PRC,4.27628,11
2024-09-02T22:00:00-00:00,2024-09-02T23:00:00-00:00,2024-09-02,16,0,Hourly,RD,AS_CAISO_EXP,DAM,RD_CLR_PRC,5.95,11
2024-09-02T22:00:00-00:00,2024-09-02T23:00:00-00:00,2024-09-02,16,0,Hourly,RD,AS_SP26_EXP,DAM,RD_CLR_PRC,0,11
2024-09-02T23:00:00-00:00,2024-09-03T00:00:00-00:00,2024-09-02,17,0,Hourly,RD,AS_CAISO_EXP,DAM,RD_CLR_PRC,9.15,11
2024-09-03T00:00:00-00:00,2024-09-03T01:00:00-00:00,2024-09-02,18,0,Hourly,RD,AS_NP26_EXP,DAM,RD_CLR_PRC,2.04,11
2024-09-03T00:00:00-00:00,2024-09-03T01:00:00-00:00,2024-09-02,18,0,Hourly,RD,AS_SP26_EXP,DAM,RD_CLR_PRC,0,11
2024-09-03T01:00:00-00:00,2024-09-03T02:00:00-00:00,2024-09-02,19,0,Hourly,RD,AS_NP26,DAM,RD_CLR_PRC,0,11
2024-09-03T01:00:00-00:00,2024-09-03T02:00:00-00:00,2024-09-02,19,0,Hourly,RD,AS_SP26,DAM,RD_CLR_PRC,0,11
2024-09-03T03:00:00-00:00,2024-09-03T04:00:00-00:00,2024-09-02,21,0,Hourly,RD,AS_NP26,DAM,RD_CLR_PRC,0,11
2024-09-03T04:00:00-00:00,2024-09-03T05:00:00-00:00,2024-09-02,22,0,Hourly,RD,AS_NP26_EXP,DAM,RD_CLR_PRC,0,11
2024-09-03T06:00:00-00:00,2024-09-03T07:00:00-00:00,2024-09-02,24,0,Hourly,RD,AS_NP26_EXP,DAM,RD_CLR_PRC,0,11
2024-09-03T06:00:00-00:00,2024-09-03T07:00:00-00:00,2024-09-02,24,0,Hourly,RD,AS_SP26_EXP,DAM,RD_CLR_PRC,0,11
2024-09-02T07:00:00-00:00,2024-09-02T08:00:00-00:00,2024-09-02,1,0,Hourly,RD,AS_SP26_EXP,DAM,RD_CLR_PRC,0,11
2024-09-02T10:00:00-00:00,2024-09-02T11:00:00-00:00,2024-09-02,4,0,Hourly,RD,AS_SP26,DAM,RD_CLR_PRC,0,11
2024-09-02T12:00:00-00:00,2024-09-02T13:00:00-00:00,2024-09-02,6,0,Hourly,RD,AS_SP26_EXP,DAM,RD_CLR_PRC,0,11
2024-09-02T15:00:00-00:00,2024-09-02T16:00:00-00:00,2024-09-02,9,0,Hourly,RD,AS_CAISO_EXP,DAM,RD_CLR_PRC,4.42784,11
2024-09-02T15:00:00-00:00,2024-09-02T16:00:00-00:00,2024-09-02,9,0,Hourly,RD,AS_SP26,DAM,RD_CLR_PRC,0,11
2024-09-02T16:00:00-00:00,2024-09-02T17:00:00-00:00,2024-09-02,10,0,Hourly,RD,AS_SP26,DAM,RD_CLR_PRC,0,11
2024-09-02T21:00:00-00:00,2024-09-02T22:00:00-00:00,2024-09-02,15,0,Hourly,RD,AS_NP26,DAM,RD_CLR_PRC,0,11
2024-09-02T22:00:00-00:00,2024-09-02T23:00:00-00:00,2024-09-02,16,0,Hourly,RD,AS_NP26,DAM,RD_CLR_PRC,0,11
2024-09-02T23:00:00-00:00,2024-09-03T00:00:00-00:00,2024-09-02,17,0,Hourly,RD,AS_CAISO,DAM,RD_CLR_PRC,0,11
2024-09-03T00:00:00-00:00,2024-09-03T01:00:00-00:00,2024-09-02,18,0,Hourly,RD,AS_NP26,DAM,RD_CLR_PRC,0,11
2024-09-03T01:00:00-00:00,2024-09-03T02:00:00-00:00,2024-09-02,19,0,Hourly,RD,AS_CAISO,DAM,RD_CLR_PRC,0,11
2024-09-03T01:00:00-00:00,2024-09-03T02:00:00-00:00,2024-09-02,19,0,Hourly,RD,AS_SP26_EXP,DAM,RD_CLR_PRC,0,11
2024-09-03T02:00:00-00:00,2024-09-03T03:00:00-00:00,2024-09-02,20,0,Hourly,RD,AS_NP26_EXP,DAM,RD_CLR_PRC,0,11
2024-09-03T03:00:00-00:00,2024-09-03T04:00:00-00:00,2024-09-02,21,0,Hourly,RD,AS_CAISO,DAM,RD_CLR_PRC,0,11
2024-09-03T04:00:00-00:00,2024-09-03T05:00:00-00:00,2024-09-02,22,0,Hourly,RD,AS_CAISO,DAM,RD_CLR_PRC,0,11
2024-09-03T04:00:00-00:00,2024-09-03T05:00:00-00:00,2024-09-02,22,0,Hourly,RD,AS_SP26_EXP,DAM,RD_CLR_PRC,0.35,11
2024-09-02T16:00:00-00:00,2024-09-02T17:00:00-00:00,2024-09-02,10,0,Hourly,RD,AS_NP26,DAM,RD_CLR_PRC,0,11
2024-09-02T17:00:00-00:00,2024-09-02T18:00:00-00:00,2024-09-02,11,0,Hourly,RD,AS_SP26_EXP,DAM,RD_CLR_PRC,0,11
2024-09-02T19:00:00-00:00,2024-09-02T20:00:00-00:00,2024-09-02,13,0,Hourly,RD,AS_NP26,DAM,RD_CLR_PRC,0,11
2024-09-02T20:00:00-00:00,2024-09-02T21:00:00-00:00,2024-09-02,14,0,Hourly,RD,AS_SP26_EXP,DAM,RD_CLR_PRC,0,11
2024-09-03T00:00:00-00:00,2024-09-03T01:00:00-00:00,2024-09-02,18,0,Hourly,RD,AS_CAISO_EXP,DAM,RD_CLR_PRC,5.95,11
2024-09-03T02:00:00-00:00,2024-09-03T03:00:00-00:00,2024-09-02,20,0,Hourly,RD,AS_NP26,DAM,RD_CLR_PRC,0,11
2024-09-03T04:00:00-00:00,2024-09-03T05:00:00-00:00,2024-09-02,22,0,Hourly,RD,AS_SP26,DAM,RD_CLR_PRC,0,11
2024-09-03T05:00:00-00:00,2024-09-03T06:00:00-00:00,2024-09-02,23,0,Hourly,RD,AS_CAISO_EXP,DAM,RD_CLR_PRC,4.03,11
2024-09-03T05:00:00-00:00,2024-09-03T06:00:00-00:00,2024-09-02,23,0,Hourly,RD,AS_SP26,DAM,RD_CLR_PRC,0,11
2024-09-03T05:00:00-00:00,2024-09-03T06:00:00-00:00,2024-09-02,23,0,Hourly,RD,AS_SP26_EXP,DAM,RD_CLR_PRC,0,11
2024-09-02T08:00:00-00:00,2024-09-02T09:00:00-00:00,2024-09-02,2,0,Hourly,RD,AS_NP26,DAM,RD_CLR_PRC,0,11
2024-09-02T08:00:00-00:00,2024-09-02T09:00:00-00:00,2024-09-02,2,0,Hourly,RD,AS_NP26_EXP,DAM,RD_CLR_PRC,0,11
2024-09-02T08:00:00-00:00,2024-09-02T09:00:00-00:00,2024-09-02,2,0,Hourly,RD,AS_SP26,DAM,RD_CLR_PRC,0,11
2024-09-02T09:00:00-00:00,2024-09-02T10:00:00-00:00,2024-09-02,3,0,Hourly,RD,AS_CAISO,DAM,RD_CLR_PRC,0,11
2024-09-02T10:00:00-00:00,2024-09-02T11:00:00-00:00,2024-09-02,4,0,Hourly,RD,AS_CAISO_EXP,DAM,RD_CLR_PRC,2.96319,11
2024-09-02T12:00:00-00:00,2024-09-02T13:00:00-00:00,2024-09-02,6,0,Hourly,RD,AS_CAISO,DAM,RD_CLR_PRC,0,11
2024-09-02T14:00:00-00:00,2024-09-02T15:00:00-00:00,2024-09-02,8,0,Hourly,RD,AS_SP26,DAM,RD_CLR_PRC,0,11
2024-09-02T16:00:00-00:00,2024-09-02T17:00:00-00:00,2024-09-02,10,0,Hourly,RD,AS_CAISO,DAM,RD_CLR_PRC,0,11
2024-09-02T18:00:00-00:00,2024-09-02T19:00:00-00:00,2024-09-02,12,0,Hourly,RD,AS_NP26,DAM,RD_CLR_PRC,0,11
2024-09-02T18:00:00-00:00,2024-09-02T19:00:00-00:00,2024-09-02,12,0,Hourly,RD,AS_SP26_EXP,DAM,RD_CLR_PRC,0,11
2024-09-02T19:00:00-00:00,2024-09-02T20:00:00-00:00,2024-09-02,13,0,Hourly,RD,AS_SP26,DAM,RD_CLR_PRC,0,11
2024-09-02T22:00:00-00:00,2024-09-02T23:00:00-00:00,2024-09-02,16,0,Hourly,RD,AS_SP26,DAM,RD_CLR_PRC,0,11
2024-09-02T23:00:00-00:00,2024-09-03T00:00:00-00:00,2024-09-02,17,0,Hourly,RD,AS_SP26,DAM,RD_CLR_PRC,0,11
2024-09-03T00:00:00-00:00,2024-09-03T01:00:00-00:00,2024-09-02,18,0,Hourly,RD,AS_CAISO,DAM,RD_CLR_PRC,0,11
2024-09-03T03:00:00-00:00,2024-09-03T04:00:00-00:00,2024-09-02,21,0,Hourly,RD,AS_NP26_EXP,DAM,RD_CLR_PRC,0,11
2024-09-03T03:00:00-00:00,2024-09-03T04:00:00-00:00,2024-09-02,21,0,Hourly,RD,AS_SP26_EXP,DAM,RD_CLR_PRC,0,11
2024-09-03T05:00:00-00:00,2024-09-03T06:00:00-00:00,2024-09-02,23,0,Hourly,RD,AS_CAISO,DAM,RD_CLR_PRC,0,11
2024-09-03T06:00:00-00:00,2024-09-03T07:00:00-00:00,2024-09-02,24,0,Hourly,RD,AS_NP26,DAM,RD_CLR_PRC,0,11
2024-09-02T18:00:00-00:00,2024-09-02T19:00:00-00:00,2024-09-02,12,0,Hourly,RD,AS_NP26_EXP,DAM,RD_CLR_PRC,0,11
2024-09-02T20:00:00-00:00,2024-09-02T21:00:00-00:00,2024-09-02,14,0,Hourly,RD,AS_CAISO_EXP,DAM,RD_CLR_PRC,3,11
2024-09-02T20:00:00-00:00,2024-09-02T21:00:00-00:00,2024-09-02,14,0,Hourly,RD,AS_NP26,DAM,RD_CLR_PRC,0,11
2024-09-02T20:00:00-00:00,2024-09-02T21:00:00-00:00,2024-09-02,14,0,Hourly,RD,AS_SP26,DAM,RD_CLR_PRC,0,11
2024-09-02T21:00:00-00:00,2024-09-02T22:00:00-00:00,2024-09-02,15,0,Hourly,RD,AS_NP26_EXP,DAM,RD_CLR_PRC,0,11
2024-09-03T00:00:00-00:00,2024-09-03T01:00:00-00:00,2024-09-02,18,0,Hourly,RD,AS_SP26,DAM,RD_CLR_PRC,0,11
2024-09-03T02:00:00-00:00,2024-09-03T03:00:00-00:00,2024-09-02,20,0,Hourly,RD,AS_CAISO_EXP,DAM,RD_CLR_PRC,14.04227,11
2024-09-03T03:00:00-00:00,2024-09-03T04:00:00-00:00,2024-09-02,21,0,Hourly,RD,AS_CAISO_EXP,DAM,RD_CLR_PRC,6.09312,11
2024-09-03T04:00:00-00:00,2024-09-03T05:00:00-00:00,2024-09-02,22,0,Hourly,RD,AS_CAISO_EXP,DAM,RD_CLR_PRC,6.11,11
2024-09-03T06:00:00-00:00,2024-09-03T07:00:00-00:00,2024-09-02,24,0,Hourly,RD,AS_CAISO,DAM,RD_CLR_PRC,0,11
2024-09-02T07:00:00-00:00,2024-09-02T08:00:00-00:00,2024-09-02,1,0,Hourly,RD,AS_NP26,DAM,RD_CLR_PRC,0,11
2024-09-02T11:00:00-00:00,2024-09-02T12:00:00-00:00,2024-09-02,5,0,Hourly,RD,AS_CAISO_EXP,DAM,RD_CLR_PRC,3.84563,11
2024-09-02T11:00:00-00:00,2024-09-02T12:00:00-00:00,2024-09-02,5,0,Hourly,RD,AS_SP26_EXP,DAM,RD_CLR_PRC,0,11
2024-09-02T14:00:00-00:00,2024-09-02T15:00:00-00:00,2024-09-02,8,0,Hourly,RD,AS_NP26,DAM,RD_CLR_PRC,0,11
2024-09-02T14:00:00-00:00,2024-09-02T15:00:00-00:00,2024-09-02,8,0,Hourly,RD,AS_SP26_EXP,DAM,RD_CLR_PRC,0,11
2024-09-02T15:00:00-00:00,2024-09-02T16:00:00-00:00,2024-09-02,9,0,Hourly,RD,AS_NP26,DAM,RD_CLR_PRC,0,11
2024-09-02T16:00:00-00:00,2024-09-02T17:00:00-00:00,2024-09-02,10,0,Hourly,RD,AS_CAISO_EXP,DAM,RD_CLR_PRC,4,11
2024-09-02T16:00:00-00:00,2024-09-02T17:00:00-00:00,2024-09-02,10,0,Hourly,RD,AS_SP26_EXP,DAM,RD_CLR_PRC,0,11
2024-09-02T21:00:00-00:00,2024-09-02T22:00:00-00:00,2024-09-02,15,0,Hourly,RD,AS_CAISO,DAM,RD_CLR_PRC,0,11
2024-09-02T22:00:00-00:00,2024-09-02T23:00:00-00:00,2024-09-02,16,0,Hourly,RD,AS_CAISO,DAM,RD_CLR_PRC,0,11
2024-09-03T01:00:00-00:00,2024-09-03T02:00:00-00:00,2024-09-02,19,0,Hourly,RD,AS_CAISO_EXP,DAM,RD_CLR_PRC,5.95,11
2024-09-03T01:00:00-00:00,2024-09-03T02:00:00-00:00,2024-09-02,19,0,Hourly,RD,AS_NP26_EXP,DAM,RD_CLR_PRC,4.05,11
2024-09-03T02:00:00-00:00,2024-09-03T03:00:00-00:00,2024-09-02,20,0,Hourly,RD,AS_CAISO,DAM,RD_CLR_PRC,0,11
2024-09-03T04:00:00-00:00,2024-09-03T05:00:00-00:00,2024-09-02,22,0,Hourly,RD,AS_NP26,DAM,RD_CLR_PRC,0,11
2024-09-03T06:00:00-00:00,2024-09-03T07:00:00-00:00,2024-09-02,24,0,Hourly,RD,AS_CAISO_EXP,DAM,RD_CLR_PRC,3.5,11
2024-09-02T07:00:00-00:00,2024-09-02T08:00:00-00:00,2024-09-02,1,0,Hourly,RD,AS_CAISO_EXP,DAM,RD_CLR_PRC,4.91614,11
2024-09-02T08:00:00-00:00,2024-09-02T09:00:00-00:00,2024-09-02,2,0,Hourly,RD,AS_CAISO,DAM,RD_CLR_PRC,0,11
2024-09-02T09:00:00-00:00,2024-09-02T10:00:00-00:00,2024-09-02,3,0,Hourly,RD,AS_NP26,DAM,RD_CLR_PRC,0,11
2024-09-02T09:00:00-00:00,2024-09-02T10:00:00-00:00,2024-09-02,3,0,Hourly,RD,AS_SP26_EXP,DAM,RD_CLR_PRC,0,11
2024-09-02T11:00:00-00:00,2024-09-02T12:00:00-00:00,2024-09-02,5,0,Hourly,RD,AS_NP26_EXP,DAM,RD_CLR_PRC,0.97638,11
2024-09-02T11:00:00-00:00,2024-09-02T12:00:00-00:00,2024-09-02,5,0,Hourly,RD,AS_SP26,DAM,RD_CLR_PRC,0,11
2024-09-02T12:00:00-00:00,2024-09-02T13:00:00-00:00,2024-09-02,6,0,Hourly,RD,AS_CAISO_EXP,DAM,RD_CLR_PRC,4.03553,11
2024-09-02T13:00:00-00:00,2024-09-02T14:00:00-00:00,2024-09-02,7,0,Hourly,RD,AS_SP26_EXP,DAM,RD_CLR_PRC,2.72488,11
2024-09-02T14:00:00-00:00,2024-09-02T15:00:00-00:00,2024-09-02,8,0,Hourly,RD,AS_CAISO,DAM,RD_CLR_PRC,0,11
2024-09-02T15:00:00-00:00,2024-09-02T16:00:00-00:00,2024-09-02,9,0,Hourly,RD,AS_CAISO,DAM,RD_CLR_PRC,0,11
2024-09-02T15:00:00-00:00,2024-09-02T16:00:00-00:00,2024-09-02,9,0,Hourly,RD,AS_SP26_EXP,DAM,RD_CLR_PRC,0,11
2024-09-02T07:00:00-00:00,2024-09-02T08:00:00-00:00,2024-09-02,1,0,Hourly,RD,AS_NP26_EXP,DAM,RD_CLR_PRC,0,11
2024-09-02T07:00:00-00:00,2024-09-02T08:00:00-00:00,2024-09-02,1,0,Hourly,RD,AS_CAISO,DAM,RD_CLR_PRC,0,11
2024-09-02T09:00:00-00:00,2024-09-02T10:00:00-00:00,2024-09-02,3,0,Hourly,RD,AS_CAISO_EXP,DAM,RD_CLR_PRC,4.16795,11
2024-09-02T10:00:00-00:00,2024-09-02T11:00:00-00:00,2024-09-02,4,0,Hourly,RD,AS_NP26,DAM,RD_CLR_PRC,0,11
2024-09-02T13:00:00-00:00,2024-09-02T14:00:00-00:00,2024-09-02,7,0,Hourly,RD,AS_NP26_EXP,DAM,RD_CLR_PRC,0,11
2024-09-02T13:00:00-00:00,2024-09-02T14:00:00-00:00,2024-09-02,7,0,Hourly,RD,AS_SP26,DAM,RD_CLR_PRC,0,11
2024-09-02T19:00:00-00:00,2024-09-02T20:00:00-00:00,2024-09-02,13,0,Hourly,RD,AS_CAISO_EXP,DAM,RD_CLR_PRC,2.81209,11
2024-09-02T19:00:00-00:00,2024-09-02T20:00:00-00:00,2024-09-02,13,0,Hourly,RD,AS_NP26_EXP,DAM,RD_CLR_PRC,0.61338,11
2024-09-02T22:00:00-00:00,2024-09-02T23:00:00-00:00,2024-09-02,16,0,Hourly,RD,AS_NP26_EXP,DAM,RD_CLR_PRC,0,11
2024-09-02T23:00:00-00:00,2024-09-03T00:00:00-00:00,2024-09-02,17,0,Hourly,RD,AS_NP26,DAM,RD_CLR_PRC,0,11
2024-09-02T23:00:00-00:00,2024-09-03T00:00:00-00:00,2024-09-02,17,0,Hourly,RD,AS_NP26_EXP,DAM,RD_CLR_PRC,0,11
2024-09-02T23:00:00-00:00,2024-09-03T00:00:00-00:00,2024-09-02,17,0,Hourly,RD,AS_SP26_EXP,DAM,RD_CLR_PRC,1.85,11
2024-09-03T05:00:00-00:00,2024-09-03T06:00:00-00:00,2024-09-02,23,0,Hourly,RD,AS_NP26_EXP,DAM,RD_CLR_PRC,0,11
2024-09-03T06:00:00-00:00,2024-09-03T07:00:00-00:00,2024-09-02,24,0,Hourly,RD,AS_SP26,DAM,RD_CLR_PRC,0,11
2024-09-02T07:00:00-00:00,2024-09-02T08:00:00-00:00,2024-09-02,1,0,Hourly,RD,AS_SP26,DAM,RD_CLR_PRC,0,11
2024-09-02T09:00:00-00:00,2024-09-02T10:00:00-00:00,2024-09-02,3,0,Hourly,RD,AS_NP26_EXP,DAM,RD_CLR_PRC,0.80381,11
2024-09-02T13:00:00-00:00,2024-09-02T14:00:00-00:00,2024-09-02,7,0,Hourly,RD,AS_NP26,DAM,RD_CLR_PRC,0,11
2024-09-02T14:00:00-00:00,2024-09-02T15:00:00-00:00,2024-09-02,8,0,Hourly,RD,AS_CAISO_EXP,DAM,RD_CLR_PRC,5.18038,11
2024-09-02T14:00:00-00:00,2024-09-02T15:00:00-00:00,2024-09-02,8,0,Hourly,RD,AS_NP26_EXP,DAM,RD_CLR_PRC,0,11
2024-09-02T16:00:00-00:00,2024-09-02T17:00:00-00:00,2024-09-02,10,0,Hourly,RD,AS_NP26_EXP,DAM,RD_CLR_PRC,0,11
2024-09-02T17:00:00-00:00,2024-09-02T18:00:00-00:00,2024-09-02,11,0,Hourly,RD,AS_CAISO_EXP,DAM,RD_CLR_PRC,3.90766,11
2024-09-02T18:00:00-00:00,2024-09-02T19:00:00-00:00,2024-09-02,12,0,Hourly,RD,AS_CAISO,DAM,RD_CLR_PRC,0,11
2024-09-03T10:00:00-00:00,2024-09-03T11:00:00-00:00,2024-09-03,4,0,Hourly,RD,AS_CAISO_EXP,DAM,RD_CLR_PRC,1.00278,12
2024-09-03T11:00:00-00:00,2024-09-03T12:00:00-00:00,2024-09-03,5,0,Hourly,RD,AS_CAISO,DAM,RD_CLR_PRC,0,12
2024-09-03T12:00:00-00:00,2024-09-03T13:00:00-00:00,2024-09-03,6,0,Hourly,RD,AS_NP26,DAM,RD_CLR_PRC,0,12
2024-09-03T12:00:00-00:00,2024-09-03T13:00:00-00:00,2024-09-03,6,0,Hourly,RD,AS_NP26_EXP,DAM,RD_CLR_PRC,0,12
2024-09-03T14:00:00-00:00,2024-09-03T15:00:00-00:00,2024-09-03,8,0,Hourly,RD,AS_CAISO_EXP,DAM,RD_CLR_PRC,4.56461,12
2024-09-03T17:00:00-00:00,2024-09-03T18:00:00-00:00,2024-09-03,11,0,Hourly,RD,AS_SP26_EXP,DAM,RD_CLR_PRC,0,12
2024-09-03T20:00:00-00:00,2024-09-03T21:00:00-00:00,2024-09-03,14,0,Hourly,RD,AS_NP26,DAM,RD_CLR_PRC,0,12
2024-09-03T22:00:00-00:00,2024-09-03T23:00:00-00:00,2024-09-03,16,0,Hourly,RD,AS_CAISO,DAM,RD_CLR_PRC,0,12
2024-09-03T22:00:00-00:00,2024-09-03T23:00:00-00:00,2024-09-03,16,0,Hourly,RD,AS_NP26_EXP,DAM,RD_CLR_PRC,0,12
2024-09-03T23:00:00-00:00,2024-09-04T00:00:00-00:00,2024-09-03,17,0,Hourly,RD,AS_SP26,DAM,RD_CLR_PRC,0,12
2024-09-04T00:00:00-00:00,2024-09-04T01:00:00-00:00,2024-09-03,18,0,Hourly,RD,AS_NP26,DAM,RD_CLR_PRC,0,12
2024-09-04T00:00:00-00:00,2024-09-04T01:00:00-00:00,2024-09-03,18,0,Hourly,RD,AS_NP26_EXP,DAM,RD_CLR_PRC,2.85,12
2024-09-04T02:00:00-00:00,2024-09-04T03:00:00-00:00,2024-09-03,20,0,Hourly,RD,AS_NP26_EXP,DAM,RD_CLR_PRC,0,12
2024-09-04T03:00:00-00:00,2024-09-04T04:00:00-00:00,2024-09-03,21,0,Hourly,RD,AS_NP26_EXP,DAM,RD_CLR_PRC,0,12
2024-09-04T05:00:00-00:00,2024-09-04T06:00:00-00:00,2024-09-03,23,0,Hourly,RD,AS_CAISO,DAM,RD_CLR_PRC,0,12
2024-09-03T07:00:00-00:00,2024-09-03T08:00:00-00:00,2024-09-03,1,0,Hourly,RD,AS_CAISO,DAM,RD_CLR_PRC,0,12
2024-09-03T07:00:00-00:00,2024-09-03T08:00:00-00:00,2024-09-03,1,0,Hourly,RD,AS_NP26,DAM,RD_CLR_PRC,0,12
2024-09-03T10:00:00-00:00,2024-09-03T11:00:00-00:00,2024-09-03,4,0,Hourly,RD,AS_SP26_EXP,DAM,RD_CLR_PRC,0,12
2024-09-03T11:00:00-00:00,2024-09-03T12:00:00-00:00,2024-09-03,5,0,Hourly,RD,AS_CAISO_EXP,DAM,RD_CLR_PRC,1,12
2024-09-03T11:00:00-00:00,2024-09-03T12:00:00-00:00,2024-09-03,5,0,Hourly,RD,AS_SP26_EXP,DAM,RD_CLR_PRC,0,12
2024-09-03T12:00:00-00:00,2024-09-03T13:00:00-00:00,2024-09-03,6,0,Hourly,RD,AS_CAISO_EXP,DAM,RD_CLR_PRC,3.72124,12
2024-09-03T13:00:00-00:00,2024-09-03T14:00:00-00:00,2024-09-03,7,0,Hourly,RD,AS_SP26,DAM,RD_CLR_PRC,0,12
2024-09-03T16:00:00-00:00,2024-09-03T17:00:00-00:00,2024-09-03,10,0,Hourly,RD,AS_SP26_EXP,DAM,RD_CLR_PRC,0,12
2024-09-03T17:00:00-00:00,2024-09-03T18:00:00-00:00,2024-09-03,11,0,Hourly,RD,AS_SP26,DAM,RD_CLR_PRC,0,12
2024-09-03T18:00:00-00:00,2024-09-03T19:00:00-00:00,2024-09-03,12,0,Hourly,RD,AS_CAISO_EXP,DAM,RD_CLR_PRC,2.59,12
2024-09-03T18:00:00-00:00,2024-09-03T19:00:00-00:00,2024-09-03,12,0,Hourly,RD,AS_NP26,DAM,RD_CLR_PRC,0,12
2024-09-03T20:00:00-00:00,2024-09-03T21:00:00-00:00,2024-09-03,14,0,Hourly,RD,AS_NP26_EXP,DAM,RD_CLR_PRC,0,12
2024-09-03T20:00:00-00:00,2024-09-03T21:00:00-00:00,2024-09-03,14,0,Hourly,RD,AS_SP26_EXP,DAM,RD_CLR_PRC,0,12
2024-09-03T21:00:00-00:00,2024-09-03T22:00:00-00:00,2024-09-03,15,0,Hourly,RD,AS_SP26_EXP,DAM,RD_CLR_PRC,1.01668,12
2024-09-03T22:00:00-00:00,2024-09-03T23:00:00-00:00,2024-09-03,16,0,Hourly,RD,AS_SP26,DAM,RD_CLR_PRC,0,12
2024-09-03T22:00:00-00:00,2024-09-03T23:00:00-00:00,2024-09-03,16,0,Hourly,RD,AS_SP26_EXP,DAM,RD_CLR_PRC,0,12
2024-09-04T01:00:00-00:00,2024-09-04T02:00:00-00:00,2024-09-03,19,0,Hourly,RD,AS_CAISO,DAM,RD_CLR_PRC,0,12
2024-09-04T01:00:00-00:00,2024-09-04T02:00:00-00:00,2024-09-03,19,0,Hourly,RD,AS_NP26,DAM,RD_CLR_PRC,0,12
2024-09-04T01:00:00-00:00,2024-09-04T02:00:00-00:00,2024-09-03,19,0,Hourly,RD,AS_NP26_EXP,DAM,RD_CLR_PRC,0,12
2024-09-04T04:00:00-00:00,2024-09-04T05:00:00-00:00,2024-09-03,22,0,Hourly,RD,AS_CAISO_EXP,DAM,RD_CLR_PRC,5.25,12
2024-09-03T07:00:00-00:00,2024-09-03T08:00:00-00:00,2024-09-03,1,0,Hourly,RD,AS_SP26,DAM,RD_CLR_PRC,0,12
2024-09-03T08:00:00-00:00,2024-09-03T09:00:00-00:00,2024-09-03,2,0,Hourly,RD,AS_SP26,DAM,RD_CLR_PRC,0,12
2024-09-03T08:00:00-00:00,2024-09-03T09:00:00-00:00,2024-09-03,2,0,Hourly,RD,AS_SP26_EXP,DAM,RD_CLR_PRC,0,12
2024-09-03T14:00:00-00:00,2024-09-03T15:00:00-00:00,2024-09-03,8,0,Hourly,RD,AS_CAISO,DAM,RD_CLR_PRC,0,12
2024-09-03T15:00:00-00:00,2024-09-03T16:00:00-00:00,2024-09-03,9,0,Hourly,RD,AS_CAISO_EXP,DAM,RD_CLR_PRC,3.10523,12
2024-09-03T16:00:00-00:00,2024-09-03T17:00:00-00:00,2024-09-03,10,0,Hourly,RD,AS_CAISO_EXP,DAM,RD_CLR_PRC,2.80826,12
2024-09-03T18:00:00-00:00,2024-09-03T19:00:00-00:00,2024-09-03,12,0,Hourly,RD,AS_SP26_EXP,DAM,RD_CLR_PRC,0,12
2024-09-03T21:00:00-00:00,2024-09-03T22:00:00-00:00,2024-09-03,15,0,Hourly,RD,AS_NP26,DAM,RD_CLR_PRC,0,12
2024-09-03T21:00:00-00:00,2024-09-03T22:00:00-00:00,2024-09-03,15,0,Hourly,RD,AS_NP26_EXP,DAM,RD_CLR_PRC,0,12
2024-09-04T00:00:00-00:00,2024-09-04T01:00:00-00:00,2024-09-03,18,0,Hourly,RD,AS_SP26_EXP,DAM,RD_CLR_PRC,0,12
2024-09-04T01:00:00-00:00,2024-09-04T02:00:00-00:00,2024-09-03,19,0,Hourly,RD,AS_SP26,DAM,RD_CLR_PRC,0,12
2024-09-04T02:00:00-00:00,2024-09-04T03:00:00-00:00,2024-09-03,20,0,Hourly,RD,AS_SP26,DAM,RD_CLR_PRC,0,12
2024-09-04T02:00:00-00:00,2024-09-04T03:00:00-00:00,2024-09-03,20,0,Hourly,RD,AS_SP26_EXP,DAM,RD_CLR_PRC,0,12
2024-09-04T04:00:00-00:00,2024-09-04T05:00:00-00:00,2024-09-03,22,0,Hourly,RD,AS_NP26_EXP,DAM,RD_CLR_PRC,0,12
2024-09-04T04:00:00-00:00,2024-09-04T05:00:00-00:00,2024-09-03,22,0,Hourly,RD,AS_NP26,DAM,RD_CLR_PRC,0,12
2024-09-04T04:00:00-00:00,2024-09-04T05:00:00-00:00,2024-09-03,22,0,Hourly,RD,AS_SP26_EXP,DAM,RD_CLR_PRC,0,12
2024-09-04T05:00:00-00:00,2024-09-04T06:00:00-00:00,2024-09-03,23,0,Hourly,RD,AS_SP26_EXP,DAM,RD_CLR_PRC,0,12
2024-09-04T06:00:00-00:00,2024-09-04T07:00:00-00:00,2024-09-03,24,0,Hourly,RD,AS_SP26,DAM,RD_CLR_PRC,0,12
2024-09-04T06:00:00-00:00,2024-09-04T07:00:00-00:00,2024-09-03,24,0,Hourly,RD,AS_SP26_EXP,DAM,RD_CLR_PRC,0,12
2024-09-03T07:00:00-00:00,2024-09-03T08:00:00-00:00,2024-09-03,1,0,Hourly,RD,AS_CAISO_EXP,DAM,RD_CLR_PRC,4.28536,12
2024-09-03T08:00:00-00:00,2024-09-03T09:00:00-00:00,2024-09-03,2,0,Hourly,RD,AS_CAISO_EXP,DAM,RD_CLR_PRC,3.78,12
2024-09-03T09:00:00-00:00,2024-09-03T10:00:00-00:00,2024-09-03,3,0,Hourly,RD,AS_CAISO,DAM,RD_CLR_PRC,0,12
2024-09-03T09:00:00-00:00,2024-09-03T10:00:00-00:00,2024-09-03,3,0,Hourly,RD,AS_NP26_EXP,DAM,RD_CLR_PRC,2.83,12
2024-09-03T09:00:00-00:00,2024-09-03T10:00:00-00:00,2024-09-03,3,0,Hourly,RD,AS_SP26,DAM,RD_CLR_PRC,0,12
2024-09-03T11:00:00-00:00,2024-09-03T12:00:00-00:00,2024-09-03,5,0,Hourly,RD,AS_SP26,DAM,RD_CLR_PRC,0,12
2024-09-03T12:00:00-00:00,2024-09-03T13:00:00-00:00,2024-09-03,6,0,Hourly,RD,AS_CAISO,DAM,RD_CLR_PRC,0,12
2024-09-03T13:00:00-00:00,2024-09-03T14:00:00-00:00,2024-09-03,7,0,Hourly,RD,AS_CAISO,DAM,RD_CLR_PRC,0,12
2024-09-03T13:00:00-00:00,2024-09-03T14:00:00-00:00,2024-09-03,7,0,Hourly,RD,AS_SP26_EXP,DAM,RD_CLR_PRC,0,12
2024-09-03T15:00:00-00:00,2024-09-03T16:00:00-00:00,2024-09-03,9,0,Hourly,RD,AS_SP26_EXP,DAM,RD_CLR_PRC,0,12
2024-09-03T16:00:00-00:00,2024-09-03T17:00:00-00:00,2024-09-03,10,0,Hourly,RD,AS_NP26,DAM,RD_CLR_PRC,0,12
2024-09-03T16:00:00-00:00,2024-09-03T17:00:00-00:00,2024-09-03,10,0,Hourly,RD,AS_NP26_EXP,DAM,RD_CLR_PRC,0,12
2024-09-03T17:00:00-00:00,2024-09-03T18:00:00-00:00,2024-09-03,11,0,Hourly,RD,AS_CAISO_EXP,DAM,RD_CLR_PRC,2.68489,12
2024-09-03T17:00:00-00:00,2024-09-03T18:00:00-00:00,2024-09-03,11,0,Hourly,RD,AS_NP26_EXP,DAM,RD_CLR_PRC,0,12
2024-09-03T18:00:00-00:00,2024-09-03T19:00:00-00:00,2024-09-03,12,0,Hourly,RD,AS_CAISO,DAM,RD_CLR_PRC,0,12
2024-09-03T19:00:00-00:00,2024-09-03T20:00:00-00:00,2024-09-03,13,0,Hourly,RD,AS_CAISO,DAM,RD_CLR_PRC,0,12
2024-09-03T19:00:00-00:00,2024-09-03T20:00:00-00:00,2024-09-03,13,0,Hourly,RD,AS_NP26,DAM,RD_CLR_PRC,0,12
2024-09-04T01:00:00-00:00,2024-09-04T02:00:00-00:00,2024-09-03,19,0,Hourly,RD,AS_SP26_EXP,DAM,RD_CLR_PRC,0,12
2024-09-04T03:00:00-00:00,2024-09-04T04:00:00-00:00,2024-09-03,21,0,Hourly,RD,AS_CAISO,DAM,RD_CLR_PRC,0,12
2024-09-04T03:00:00-00:00,2024-09-04T04:00:00-00:00,2024-09-03,21,0,Hourly,RD,AS_CAISO_EXP,DAM,RD_CLR_PRC,7.11,12
2024-09-04T03:00:00-00:00,2024-09-04T04:00:00-00:00,2024-09-03,21,0,Hourly,RD,AS_SP26_EXP,DAM,RD_CLR_PRC,0,12
2024-09-04T04:00:00-00:00,2024-09-04T05:00:00-00:00,2024-09-03,22,0,Hourly,RD,AS_CAISO,DAM,RD_CLR_PRC,0,12
2024-09-04T06:00:00-00:00,2024-09-04T07:00:00-00:00,2024-09-03,24,0,Hourly,RD,AS_CAISO,DAM,RD_CLR_PRC,0,12
2024-09-03T09:00:00-00:00,2024-09-03T10:00:00-00:00,2024-09-03,3,0,Hourly,RD,AS_CAISO_EXP,DAM,RD_CLR_PRC,2.17,12
2024-09-03T10:00:00-00:00,2024-09-03T11:00:00-00:00,2024-09-03,4,0,Hourly,RD,AS_NP26,DAM,RD_CLR_PRC,0,12
2024-09-03T11:00:00-00:00,2024-09-03T12:00:00-00:00,2024-09-03,5,0,Hourly,RD,AS_NP26_EXP,DAM,RD_CLR_PRC,2.72415,12
2024-09-03T12:00:00-00:00,2024-09-03T13:00:00-00:00,2024-09-03,6,0,Hourly,RD,AS_SP26_EXP,DAM,RD_CLR_PRC,0,12
2024-09-03T13:00:00-00:00,2024-09-03T14:00:00-00:00,2024-09-03,7,0,Hourly,RD,AS_CAISO_EXP,DAM,RD_CLR_PRC,5.3978,12
2024-09-03T15:00:00-00:00,2024-09-03T16:00:00-00:00,2024-09-03,9,0,Hourly,RD,AS_NP26,DAM,RD_CLR_PRC,0,12
2024-09-03T17:00:00-00:00,2024-09-03T18:00:00-00:00,2024-09-03,11,0,Hourly,RD,AS_NP26,DAM,RD_CLR_PRC,0,12
2024-09-03T19:00:00-00:00,2024-09-03T20:00:00-00:00,2024-09-03,13,0,Hourly,RD,AS_CAISO_EXP,DAM,RD_CLR_PRC,2.67365,12
2024-09-03T19:00:00-00:00,2024-09-03T20:00:00-00:00,2024-09-03,13,0,Hourly,RD,AS_NP26_EXP,DAM,RD_CLR_PRC,0,12
2024-09-03T19:00:00-00:00,2024-09-03T20:00:00-00:00,2024-09-03,13,0,Hourly,RD,AS_SP26_EXP,DAM,RD_CLR_PRC,0,12
2024-09-03T21:00:00-00:00,2024-09-03T22:00:00-00:00,2024-09-03,15,0,Hourly,RD,AS_CAISO,DAM,RD_CLR_PRC,0,12
2024-09-03T21:00:00-00:00,2024-09-03T22:00:00-00:00,2024-09-03,15,0,Hourly,RD,AS_CAISO_EXP,DAM,RD_CLR_PRC,5.51408,12
2024-09-03T21:00:00-00:00,2024-09-03T22:00:00-00:00,2024-09-03,15,0,Hourly,RD,AS_SP26,DAM,RD_CLR_PRC,0,12
2024-09-03T23:00:00-00:00,2024-09-04T00:00:00-00:00,2024-09-03,17,0,Hourly,RD,AS_NP26,DAM,RD_CLR_PRC,0,12
2024-09-03T23:00:00-00:00,2024-09-04T00:00:00-00:00,2024-09-03,17,0,Hourly,RD,AS_NP26_EXP,DAM,RD_CLR_PRC,0,12
2024-09-04T03:00:00-00:00,2024-09-04T04:00:00-00:00,2024-09-03,21,0,Hourly,RD,AS_SP26,DAM,RD_CLR_PRC,0,12
2024-09-04T05:00:00-00:00,2024-09-04T06:00:00-00:00,2024-09-03,23,0,Hourly,RD,AS_SP26,DAM,RD_CLR_PRC,0,12
2024-09-03T09:00:00-00:00,2024-09-03T10:00:00-00:00,2024-09-03,3,0,Hourly,RD,AS_SP26_EXP,DAM,RD_CLR_PRC,0,12
2024-09-03T10:00:00-00:00,2024-09-03T11:00:00-00:00,2024-09-03,4,0,Hourly,RD,AS_SP26,DAM,RD_CLR_PRC,0,12
2024-09-03T12:00:00-00:00,2024-09-03T13:00:00-00:00,2024-09-03,6,0,Hourly,RD,AS_SP26,DAM,RD_CLR_PRC,0,12
2024-09-03T15:00:00-00:00,2024-09-03T16:00:00-00:00,2024-09-03,9,0,Hourly,RD,AS_NP26_EXP,DAM,RD_CLR_PRC,0,12
2024-09-03T16:00:00-00:00,2024-09-03T17:00:00-00:00,2024-09-03,10,0,Hourly,RD,AS_CAISO,DAM,RD_CLR_PRC,0,12
2024-09-03T20:00:00-00:00,2024-09-03T21:00:00-00:00,2024-09-03,14,0,Hourly,RD,AS_SP26,DAM,RD_CLR_PRC,0,12
2024-09-03T23:00:00-00:00,2024-09-04T00:00:00-00:00,2024-09-03,17,0,Hourly,RD,AS_CAISO_EXP,DAM,RD_CLR_PRC,6,12
2024-09-04T04:00:00-00:00,2024-09-04T05:00:00-00:00,2024-09-03,22,0,Hourly,RD,AS_SP26,DAM,RD_CLR_PRC,0,12
2024-09-04T05:00:00-00:00,2024-09-04T06:00:00-00:00,2024-09-03,23,0,Hourly,RD,AS_NP26,DAM,RD_CLR_PRC,0,12
2024-09-04T06:00:00-00:00,2024-09-04T07:00:00-00:00,2024-09-03,24,0,Hourly,RD,AS_CAISO_EXP,DAM,RD_CLR_PRC,3.73,12
2024-09-04T06:00:00-00:00,2024-09-04T07:00:00-00:00,2024-09-03,24,0,Hourly,RD,AS_NP26,DAM,RD_CLR_PRC,0,12
2024-09-03T07:00:00-00:00,2024-09-03T08:00:00-00:00,2024-09-03,1,0,Hourly,RD,AS_NP26_EXP,DAM,RD_CLR_PRC,0.71464,12
2024-09-03T07:00:00-00:00,2024-09-03T08:00:00-00:00,2024-09-03,1,0,Hourly,RD,AS_SP26_EXP,DAM,RD_CLR_PRC,0,12
2024-09-03T08:00:00-00:00,2024-09-03T09:00:00-00:00,2024-09-03,2,0,Hourly,RD,AS_NP26,DAM,RD_CLR_PRC,0,12
2024-09-03T10:00:00-00:00,2024-09-03T11:00:00-00:00,2024-09-03,4,0,Hourly,RD,AS_CAISO,DAM,RD_CLR_PRC,0,12
2024-09-03T13:00:00-00:00,2024-09-03T14:00:00-00:00,2024-09-03,7,0,Hourly,RD,AS_NP26,DAM,RD_CLR_PRC,0,12
2024-09-03T15:00:00-00:00,2024-09-03T16:00:00-00:00,2024-09-03,9,0,Hourly,RD,AS_CAISO,DAM,RD_CLR_PRC,0,12
2024-09-03T15:00:00-00:00,2024-09-03T16:00:00-00:00,2024-09-03,9,0,Hourly,RD,AS_SP26,DAM,RD_CLR_PRC,0,12
2024-09-03T16:00:00-00:00,2024-09-03T17:00:00-00:00,2024-09-03,10,0,Hourly,RD,AS_SP26,DAM,RD_CLR_PRC,0,12
2024-09-03T17:00:00-00:00,2024-09-03T18:00:00-00:00,2024-09-03,11,0,Hourly,RD,AS_CAISO,DAM,RD_CLR_PRC,0,12
2024-09-03T18:00:00-00:00,2024-09-03T19:00:00-00:00,2024-09-03,12,0,Hourly,RD,AS_SP26,DAM,RD_CLR_PRC,0,12
2024-09-04T00:00:00-00:00,2024-09-04T01:00:00-00:00,2024-09-03,18,0,Hourly,RD,AS_CAISO,DAM,RD_CLR_PRC,0,12
2024-09-04T00:00:00-00:00,2024-09-04T01:00:00-00:00,2024-09-03,18,0,Hourly,RD,AS_CAISO_EXP,DAM,RD_CLR_PRC,7.15,12
2024-09-04T00:00:00-00:00,2024-09-04T01:00:00-00:00,2024-09-03,18,0,Hourly,RD,AS_SP26,DAM,RD_CLR_PRC,0,12
2024-09-04T01:00:00-00:00,2024-09-04T02:00:00-00:00,2024-09-03,19,0,Hourly,RD,AS_CAISO_EXP,DAM,RD_CLR_PRC,7.99,12
2024-09-04T02:00:00-00:00,2024-09-04T03:00:00-00:00,2024-09-03,20,0,Hourly,RD,AS_CAISO,DAM,RD_CLR_PRC,0,12
2024-09-04T02:00:00-00:00,2024-09-04T03:00:00-00:00,2024-09-03,20,0,Hourly,RD,AS_NP26,DAM,RD_CLR_PRC,0,12
2024-09-04T03:00:00-00:00,2024-09-04T04:00:00-00:00,2024-09-03,21,0,Hourly,RD,AS_NP26,DAM,RD_CLR_PRC,0,12
2024-09-04T05:00:00-00:00,2024-09-04T06:00:00-00:00,2024-09-03,23,0,Hourly,RD,AS_CAISO_EXP,DAM,RD_CLR_PRC,3.96,12
2024-09-03T08:00:00-00:00,2024-09-03T09:00:00-00:00,2024-09-03,2,0,Hourly,RD,AS_CAISO,DAM,RD_CLR_PRC,0,12
2024-09-03T08:00:00-00:00,2024-09-03T09:00:00-00:00,2024-09-03,2,0,Hourly,RD,AS_NP26_EXP,DAM,RD_CLR_PRC,0,12
2024-09-03T09:00:00-00:00,2024-09-03T10:00:00-00:00,2024-09-03,3,0,Hourly,RD,AS_NP26,DAM,RD_CLR_PRC,0,12
2024-09-03T10:00:00-00:00,2024-09-03T11:00:00-00:00,2024-09-03,4,0,Hourly,RD,AS_NP26_EXP,DAM,RD_CLR_PRC,1.29249,12
2024-09-03T11:00:00-00:00,2024-09-03T12:00:00-00:00,2024-09-03,5,0,Hourly,RD,AS_NP26,DAM,RD_CLR_PRC,0,12
2024-09-03T13:00:00-00:00,2024-09-03T14:00:00-00:00,2024-09-03,7,0,Hourly,RD,AS_NP26_EXP,DAM,RD_CLR_PRC,0,12
2024-09-03T14:00:00-00:00,2024-09-03T15:00:00-00:00,2024-09-03,8,0,Hourly,RD,AS_NP26_EXP,DAM,RD_CLR_PRC,0,12
2024-09-03T14:00:00-00:00,2024-09-03T15:00:00-00:00,2024-09-03,8,0,Hourly,RD,AS_NP26,DAM,RD_CLR_PRC,0,12
2024-09-03T14:00:00-00:00,2024-09-03T15:00:00-00:00,2024-09-03,8,0,Hourly,RD,AS_SP26,DAM,RD_CLR_PRC,0,12
2024-09-03T14:00:00-00:00,2024-09-03T15:00:00-00:00,2024-09-03,8,0,Hourly,RD,AS_SP26_EXP,DAM,RD_CLR_PRC,0,12
2024-09-03T18:00:00-00:00,2024-09-03T19:00:00-00:00,2024-09-03,12,0,Hourly,RD,AS_NP26_EXP,DAM,RD_CLR_PRC,0,12
2024-09-03T19:00:00-00:00,2024-09-03T20:00:00-00:00,2024-09-03,13,0,Hourly,RD,AS_SP26,DAM,RD_CLR_PRC,0,12
2024-09-03T20:00:00-00:00,2024-09-03T21:00:00-00:00,2024-09-03,14,0,Hourly,RD,AS_CAISO,DAM,RD_CLR_PRC,0,12
2024-09-03T20:00:00-00:00,2024-09-03T21:00:00-00:00,2024-09-03,14,0,Hourly,RD,AS_CAISO_EXP,DAM,RD_CLR_PRC,2.79747,12
2024-09-03T22:00:00-00:00,2024-09-03T23:00:00-00:00,2024-09-03,16,0,Hourly,RD,AS_CAISO_EXP,DAM,RD_CLR_PRC,9.59521,12
2024-09-03T22:00:00-00:00,2024-09-03T23:00:00-00:00,2024-09-03,16,0,Hourly,RD,AS_NP26,DAM,RD_CLR_PRC,0,12
2024-09-03T23:00:00-00:00,2024-09-04T00:00:00-00:00,2024-09-03,17,0,Hourly,RD,AS_CAISO,DAM,RD_CLR_PRC,0,12
2024-09-03T23:00:00-00:00,2024-09-04T00:00:00-00:00,2024-09-03,17,0,Hourly,RD,AS_SP26_EXP,DAM,RD_CLR_PRC,8.03092,12
2024-09-04T02:00:00-00:00,2024-09-04T03:00:00-00:00,2024-09-03,20,0,Hourly,RD,AS_CAISO_EXP,DAM,RD_CLR_PRC,7.11,12
2024-09-04T05:00:00-00:00,2024-09-04T06:00:00-00:00,2024-09-03,23,0,Hourly,RD,AS_NP26_EXP,DAM,RD_CLR_PRC,0,12
2024-09-04T06:00:00-00:00,2024-09-04T07:00:00-00:00,2024-09-03,24,0,Hourly,RD,AS_NP26_EXP,DAM,RD_CLR_PRC,0,12
2024-09-04T10:00:00-00:00,2024-09-04T11:00:00-00:00,2024-09-04,4,0,Hourly,RD,AS_NP26_EXP,DAM,RD_CLR_PRC,0,13
2024-09-04T12:00:00-00:00,2024-09-04T13:00:00-00:00,2024-09-04,6,0,Hourly,RD,AS_NP26,DAM,RD_CLR_PRC,0,13
2024-09-04T13:00:00-00:00,2024-09-04T14:00:00-00:00,2024-09-04,7,0,Hourly,RD,AS_CAISO,DAM,RD_CLR_PRC,0,13
2024-09-04T13:00:00-00:00,2024-09-04T14:00:00-00:00,2024-09-04,7,0,Hourly,RD,AS_NP26,DAM,RD_CLR_PRC,0,13
2024-09-04T13:00:00-00:00,2024-09-04T14:00:00-00:00,2024-09-04,7,0,Hourly,RD,AS_NP26_EXP,DAM,RD_CLR_PRC,0,13
2024-09-04T13:00:00-00:00,2024-09-04T14:00:00-00:00,2024-09-04,7,0,Hourly,RD,AS_SP26,DAM,RD_CLR_PRC,0,13
2024-09-04T19:00:00-00:00,2024-09-04T20:00:00-00:00,2024-09-04,13,0,Hourly,RD,AS_SP26_EXP,DAM,RD_CLR_PRC,5.10877,13
2024-09-04T20:00:00-00:00,2024-09-04T21:00:00-00:00,2024-09-04,14,0,Hourly,RD,AS_SP26,DAM,RD_CLR_PRC,0,13
2024-09-04T21:00:00-00:00,2024-09-04T22:00:00-00:00,2024-09-04,15,0,Hourly,RD,AS_SP26,DAM,RD_CLR_PRC,0,13
2024-09-04T22:00:00-00:00,2024-09-04T23:00:00-00:00,2024-09-04,16,0,Hourly,RD,AS_NP26,DAM,RD_CLR_PRC,0,13
2024-09-04T22:00:00-00:00,2024-09-04T23:00:00-00:00,2024-09-04,16,0,Hourly,RD,AS_SP26,DAM,RD_CLR_PRC,0,13
2024-09-05T01:00:00-00:00,2024-09-05T02:00:00-00:00,2024-09-04,19,0,Hourly,RD,AS_NP26,DAM,RD_CLR_PRC,0,13
2024-09-05T03:00:00-00:00,2024-09-05T04:00:00-00:00,2024-09-04,21,0,Hourly,RD,AS_CAISO,DAM,RD_CLR_PRC,0,13
2024-09-05T03:00:00-00:00,2024-09-05T04:00:00-00:00,2024-09-04,21,0,Hourly,RD,AS_SP26,DAM,RD_CLR_PRC,0,13
2024-09-05T04:00:00-00:00,2024-09-05T05:00:00-00:00,2024-09-04,22,0,Hourly,RD,AS_SP26_EXP,DAM,RD_CLR_PRC,0,13
2024-09-05T06:00:00-00:00,2024-09-05T07:00:00-00:00,2024-09-04,24,0,Hourly,RD,AS_NP26_EXP,DAM,RD_CLR_PRC,0,13
2024-09-04T23:00:00-00:00,2024-09-05T00:00:00-00:00,2024-09-04,17,0,Hourly,RD,AS_SP26_EXP,DAM,RD_CLR_PRC,0,13
2024-09-05T00:00:00-00:00,2024-09-05T01:00:00-00:00,2024-09-04,18,0,Hourly,RD,AS_CAISO,DAM,RD_CLR_PRC,0,13
2024-09-05T00:00:00-00:00,2024-09-05T01:00:00-00:00,2024-09-04,18,0,Hourly,RD,AS_CAISO_EXP,DAM,RD_CLR_PRC,5.28,13
2024-09-05T02:00:00-00:00,2024-09-05T03:00:00-00:00,2024-09-04,20,0,Hourly,RD,AS_SP26,DAM,RD_CLR_PRC,0,13
2024-09-05T02:00:00-00:00,2024-09-05T03:00:00-00:00,2024-09-04,20,0,Hourly,RD,AS_SP26_EXP,DAM,RD_CLR_PRC,0,13
2024-09-05T03:00:00-00:00,2024-09-05T04:00:00-00:00,2024-09-04,21,0,Hourly,RD,AS_CAISO_EXP,DAM,RD_CLR_PRC,2.13,13
2024-09-05T03:00:00-00:00,2024-09-05T04:00:00-00:00,2024-09-04,21,0,Hourly,RD,AS_NP26_EXP,DAM,RD_CLR_PRC,7.86,13
2024-09-05T06:00:00-00:00,2024-09-05T07:00:00-00:00,2024-09-04,24,0,Hourly,RD,AS_CAISO_EXP,DAM,RD_CLR_PRC,2.81,13
2024-09-04T07:00:00-00:00,2024-09-04T08:00:00-00:00,2024-09-04,1,0,Hourly,RD,AS_SP26,DAM,RD_CLR_PRC,0,13
2024-09-04T09:00:00-00:00,2024-09-04T10:00:00-00:00,2024-09-04,3,0,Hourly,RD,AS_CAISO_EXP,DAM,RD_CLR_PRC,4.43215,13
2024-09-04T10:00:00-00:00,2024-09-04T11:00:00-00:00,2024-09-04,4,0,Hourly,RD,AS_CAISO_EXP,DAM,RD_CLR_PRC,1.99,13
2024-09-04T11:00:00-00:00,2024-09-04T12:00:00-00:00,2024-09-04,5,0,Hourly,RD,AS_SP26_EXP,DAM,RD_CLR_PRC,0,13
2024-09-04T12:00:00-00:00,2024-09-04T13:00:00-00:00,2024-09-04,6,0,Hourly,RD,AS_CAISO,DAM,RD_CLR_PRC,0,13
2024-09-04T12:00:00-00:00,2024-09-04T13:00:00-00:00,2024-09-04,6,0,Hourly,RD,AS_NP26_EXP,DAM,RD_CLR_PRC,0,13
2024-09-04T12:00:00-00:00,2024-09-04T13:00:00-00:00,2024-09-04,6,0,Hourly,RD,AS_SP26_EXP,DAM,RD_CLR_PRC,0,13
2024-09-04T13:00:00-00:00,2024-09-04T14:00:00-00:00,2024-09-04,7,0,Hourly,RD,AS_SP26_EXP,DAM,RD_CLR_PRC,1.01875,13
2024-09-04T18:00:00-00:00,2024-09-04T19:00:00-00:00,2024-09-04,12,0,Hourly,RD,AS_CAISO_EXP,DAM,RD_CLR_PRC,5.5,13
2024-09-04T21:00:00-00:00,2024-09-04T22:00:00-00:00,2024-09-04,15,0,Hourly,RD,AS_CAISO,DAM,RD_CLR_PRC,0,13
2024-09-04T21:00:00-00:00,2024-09-04T22:00:00-00:00,2024-09-04,15,0,Hourly,RD,AS_NP26_EXP,DAM,RD_CLR_PRC,0,13
2024-09-04T23:00:00-00:00,2024-09-05T00:00:00-00:00,2024-09-04,17,0,Hourly,RD,AS_CAISO_EXP,DAM,RD_CLR_PRC,5.06456,13
2024-09-05T02:00:00-00:00,2024-09-05T03:00:00-00:00,2024-09-04,20,0,Hourly,RD,AS_CAISO,DAM,RD_CLR_PRC,0,13
2024-09-05T02:00:00-00:00,2024-09-05T03:00:00-00:00,2024-09-04,20,0,Hourly,RD,AS_NP26,DAM,RD_CLR_PRC,0,13
2024-09-05T02:00:00-00:00,2024-09-05T03:00:00-00:00,2024-09-04,20,0,Hourly,RD,AS_NP26_EXP,DAM,RD_CLR_PRC,0,13
2024-09-05T04:00:00-00:00,2024-09-05T05:00:00-00:00,2024-09-04,22,0,Hourly,RD,AS_CAISO,DAM,RD_CLR_PRC,0,13
2024-09-05T05:00:00-00:00,2024-09-05T06:00:00-00:00,2024-09-04,23,0,Hourly,RD,AS_CAISO_EXP,DAM,RD_CLR_PRC,4.72,13
2024-09-04T07:00:00-00:00,2024-09-04T08:00:00-00:00,2024-09-04,1,0,Hourly,RD,AS_SP26_EXP,DAM,RD_CLR_PRC,0,13
2024-09-04T08:00:00-00:00,2024-09-04T09:00:00-00:00,2024-09-04,2,0,Hourly,RD,AS_NP26_EXP,DAM,RD_CLR_PRC,0,13
2024-09-04T09:00:00-00:00,2024-09-04T10:00:00-00:00,2024-09-04,3,0,Hourly,RD,AS_NP26_EXP,DAM,RD_CLR_PRC,0,13
2024-09-04T17:00:00-00:00,2024-09-04T18:00:00-00:00,2024-09-04,11,0,Hourly,RD,AS_CAISO,DAM,RD_CLR_PRC,0,13
2024-09-04T18:00:00-00:00,2024-09-04T19:00:00-00:00,2024-09-04,12,0,Hourly,RD,AS_CAISO,DAM,RD_CLR_PRC,0,13
2024-09-04T18:00:00-00:00,2024-09-04T19:00:00-00:00,2024-09-04,12,0,Hourly,RD,AS_SP26_EXP,DAM,RD_CLR_PRC,0,13
2024-09-04T19:00:00-00:00,2024-09-04T20:00:00-00:00,2024-09-04,13,0,Hourly,RD,AS_NP26,DAM,RD_CLR_PRC,0,13
2024-09-04T23:00:00-00:00,2024-09-05T00:00:00-00:00,2024-09-04,17,0,Hourly,RD,AS_CAISO,DAM,RD_CLR_PRC,0,13
2024-09-04T23:00:00-00:00,2024-09-05T00:00:00-00:00,2024-09-04,17,0,Hourly,RD,AS_NP26_EXP,DAM,RD_CLR_PRC,4.93544,13
2024-09-04T23:00:00-00:00,2024-09-05T00:00:00-00:00,2024-09-04,17,0,Hourly,RD,AS_SP26,DAM,RD_CLR_PRC,0,13
2024-09-05T00:00:00-00:00,2024-09-05T01:00:00-00:00,2024-09-04,18,0,Hourly,RD,AS_SP26_EXP,DAM,RD_CLR_PRC,0,13
2024-09-05T01:00:00-00:00,2024-09-05T02:00:00-00:00,2024-09-04,19,0,Hourly,RD,AS_SP26_EXP,DAM,RD_CLR_PRC,0,13
2024-09-05T02:00:00-00:00,2024-09-05T03:00:00-00:00,2024-09-04,20,0,Hourly,RD,AS_CAISO_EXP,DAM,RD_CLR_PRC,22.00022,13
2024-09-05T04:00:00-00:00,2024-09-05T05:00:00-00:00,2024-09-04,22,0,Hourly,RD,AS_NP26,DAM,RD_CLR_PRC,0,13
2024-09-05T06:00:00-00:00,2024-09-05T07:00:00-00:00,2024-09-04,24,0,Hourly,RD,AS_SP26,DAM,RD_CLR_PRC,0,13
2024-09-04T07:00:00-00:00,2024-09-04T08:00:00-00:00,2024-09-04,1,0,Hourly,RD,AS_NP26,DAM,RD_CLR_PRC,0,13
2024-09-04T08:00:00-00:00,2024-09-04T09:00:00-00:00,2024-09-04,2,0,Hourly,RD,AS_SP26,DAM,RD_CLR_PRC,0,13
2024-09-04T10:00:00-00:00,2024-09-04T11:00:00-00:00,2024-09-04,4,0,Hourly,RD,AS_NP26,DAM,RD_CLR_PRC,0,13
2024-09-04T11:00:00-00:00,2024-09-04T12:00:00-00:00,2024-09-04,5,0,Hourly,RD,AS_NP26,DAM,RD_CLR_PRC,0,13
2024-09-04T12:00:00-00:00,2024-09-04T13:00:00-00:00,2024-09-04,6,0,Hourly,RD,AS_CAISO_EXP,DAM,RD_CLR_PRC,4.40584,13
2024-09-04T12:00:00-00:00,2024-09-04T13:00:00-00:00,2024-09-04,6,0,Hourly,RD,AS_SP26,DAM,RD_CLR_PRC,0,13
2024-09-04T13:00:00-00:00,2024-09-04T14:00:00-00:00,2024-09-04,7,0,Hourly,RD,AS_CAISO_EXP,DAM,RD_CLR_PRC,7.99,13
2024-09-04T15:00:00-00:00,2024-09-04T16:00:00-00:00,2024-09-04,9,0,Hourly,RD,AS_CAISO_EXP,DAM,RD_CLR_PRC,5.80055,13
2024-09-04T15:00:00-00:00,2024-09-04T16:00:00-00:00,2024-09-04,9,0,Hourly,RD,AS_SP26,DAM,RD_CLR_PRC,0,13
2024-09-04T16:00:00-00:00,2024-09-04T17:00:00-00:00,2024-09-04,10,0,Hourly,RD,AS_SP26,DAM,RD_CLR_PRC,0,13
2024-09-04T16:00:00-00:00,2024-09-04T17:00:00-00:00,2024-09-04,10,0,Hourly,RD,AS_SP26_EXP,DAM,RD_CLR_PRC,4.39237,13
2024-09-04T17:00:00-00:00,2024-09-04T18:00:00-00:00,2024-09-04,11,0,Hourly,RD,AS_CAISO_EXP,DAM,RD_CLR_PRC,5.32394,13
2024-09-04T17:00:00-00:00,2024-09-04T18:00:00-00:00,2024-09-04,11,0,Hourly,RD,AS_SP26,DAM,RD_CLR_PRC,0,13
2024-09-04T19:00:00-00:00,2024-09-04T20:00:00-00:00,2024-09-04,13,0,Hourly,RD,AS_CAISO,DAM,RD_CLR_PRC,0,13
2024-09-04T19:00:00-00:00,2024-09-04T20:00:00-00:00,2024-09-04,13,0,Hourly,RD,AS_NP26_EXP,DAM,RD_CLR_PRC,0,13
2024-09-04T21:00:00-00:00,2024-09-04T22:00:00-00:00,2024-09-04,15,0,Hourly,RD,AS_CAISO_EXP,DAM,RD_CLR_PRC,8.94,13
2024-09-04T21:00:00-00:00,2024-09-04T22:00:00-00:00,2024-09-04,15,0,Hourly,RD,AS_NP26,DAM,RD_CLR_PRC,0,13
2024-09-04T22:00:00-00:00,2024-09-04T23:00:00-00:00,2024-09-04,16,0,Hourly,RD,AS_CAISO,DAM,RD_CLR_PRC,0,13
2024-09-04T22:00:00-00:00,2024-09-04T23:00:00-00:00,2024-09-04,16,0,Hourly,RD,AS_SP26_EXP,DAM,RD_CLR_PRC,0,13
2024-09-05T00:00:00-00:00,2024-09-05T01:00:00-00:00,2024-09-04,18,0,Hourly,RD,AS_NP26_EXP,DAM,RD_CLR_PRC,4.72,13
2024-09-05T05:00:00-00:00,2024-09-05T06:00:00-00:00,2024-09-04,23,0,Hourly,RD,AS_CAISO,DAM,RD_CLR_PRC,0,13
2024-09-05T06:00:00-00:00,2024-09-05T07:00:00-00:00,2024-09-04,24,0,Hourly,RD,AS_NP26,DAM,RD_CLR_PRC,0,13
2024-09-04T09:00:00-00:00,2024-09-04T10:00:00-00:00,2024-09-04,3,0,Hourly,RD,AS_NP26,DAM,RD_CLR_PRC,0,13
2024-09-04T09:00:00-00:00,2024-09-04T10:00:00-00:00,2024-09-04,3,0,Hourly,RD,AS_SP26_EXP,DAM,RD_CLR_PRC,0,13
2024-09-04T08:00:00-00:00,2024-09-04T09:00:00-00:00,2024-09-04,2,0,Hourly,RD,AS_CAISO_EXP,DAM,RD_CLR_PRC,4.95619,13
2024-09-04T11:00:00-00:00,2024-09-04T12:00:00-00:00,2024-09-04,5,0,Hourly,RD,AS_CAISO,DAM,RD_CLR_PRC,0,13
2024-09-04T11:00:00-00:00,2024-09-04T12:00:00-00:00,2024-09-04,5,0,Hourly,RD,AS_CAISO_EXP,DAM,RD_CLR_PRC,3.99647,13
2024-09-04T11:00:00-00:00,2024-09-04T12:00:00-00:00,2024-09-04,5,0,Hourly,RD,AS_NP26_EXP,DAM,RD_CLR_PRC,0,13
2024-09-04T14:00:00-00:00,2024-09-04T15:00:00-00:00,2024-09-04,8,0,Hourly,RD,AS_SP26,DAM,RD_CLR_PRC,0,13
2024-09-04T15:00:00-00:00,2024-09-04T16:00:00-00:00,2024-09-04,9,0,Hourly,RD,AS_NP26_EXP,DAM,RD_CLR_PRC,0,13
2024-09-04T16:00:00-00:00,2024-09-04T17:00:00-00:00,2024-09-04,10,0,Hourly,RD,AS_CAISO,DAM,RD_CLR_PRC,0,13
2024-09-04T18:00:00-00:00,2024-09-04T19:00:00-00:00,2024-09-04,12,0,Hourly,RD,AS_NP26_EXP,DAM,RD_CLR_PRC,0,13
2024-09-04T18:00:00-00:00,2024-09-04T19:00:00-00:00,2024-09-04,12,0,Hourly,RD,AS_SP26,DAM,RD_CLR_PRC,0,13
2024-09-04T20:00:00-00:00,2024-09-04T21:00:00-00:00,2024-09-04,14,0,Hourly,RD,AS_NP26,DAM,RD_CLR_PRC,0,13
2024-09-04T20:00:00-00:00,2024-09-04T21:00:00-00:00,2024-09-04,14,0,Hourly,RD,AS_NP26_EXP,DAM,RD_CLR_PRC,0,13
2024-09-05T00:00:00-00:00,2024-09-05T01:00:00-00:00,2024-09-04,18,0,Hourly,RD,AS_NP26,DAM,RD_CLR_PRC,0,13
2024-09-05T04:00:00-00:00,2024-09-05T05:00:00-00:00,2024-09-04,22,0,Hourly,RD,AS_NP26_EXP,DAM,RD_CLR_PRC,4.95048,13
2024-09-05T05:00:00-00:00,2024-09-05T06:00:00-00:00,2024-09-04,23,0,Hourly,RD,AS_NP26,DAM,RD_CLR_PRC,0,13
2024-09-04T07:00:00-00:00,2024-09-04T08:00:00-00:00,2024-09-04,1,0,Hourly,RD,AS_NP26_EXP,DAM,RD_CLR_PRC,0,13
2024-09-04T09:00:00-00:00,2024-09-04T10:00:00-00:00,2024-09-04,3,0,Hourly,RD,AS_SP26,DAM,RD_CLR_PRC,0,13
2024-09-04T10:00:00-00:00,2024-09-04T11:00:00-00:00,2024-09-04,4,0,Hourly,RD,AS_SP26,DAM,RD_CLR_PRC,0,13
2024-09-04T10:00:00-00:00,2024-09-04T11:00:00-00:00,2024-09-04,4,0,Hourly,RD,AS_SP26_EXP,DAM,RD_CLR_PRC,2.01793,13
2024-09-04T14:00:00-00:00,2024-09-04T15:00:00-00:00,2024-09-04,8,0,Hourly,RD,AS_CAISO,DAM,RD_CLR_PRC,0,13
2024-09-04T14:00:00-00:00,2024-09-04T15:00:00-00:00,2024-09-04,8,0,Hourly,RD,AS_NP26,DAM,RD_CLR_PRC,0,13
2024-09-04T14:00:00-00:00,2024-09-04T15:00:00-00:00,2024-09-04,8,0,Hourly,RD,AS_SP26_EXP,DAM,RD_CLR_PRC,0,13
2024-09-04T15:00:00-00:00,2024-09-04T16:00:00-00:00,2024-09-04,9,0,Hourly,RD,AS_NP26,DAM,RD_CLR_PRC,0,13
2024-09-04T16:00:00-00:00,2024-09-04T17:00:00-00:00,2024-09-04,10,0,Hourly,RD,AS_CAISO_EXP,DAM,RD_CLR_PRC,5.64168,13
2024-09-04T16:00:00-00:00,2024-09-04T17:00:00-00:00,2024-09-04,10,0,Hourly,RD,AS_NP26_EXP,DAM,RD_CLR_PRC,0,13
2024-09-04T17:00:00-00:00,2024-09-04T18:00:00-00:00,2024-09-04,11,0,Hourly,RD,AS_NP26,DAM,RD_CLR_PRC,0,13
2024-09-04T17:00:00-00:00,2024-09-04T18:00:00-00:00,2024-09-04,11,0,Hourly,RD,AS_NP26_EXP,DAM,RD_CLR_PRC,0,13
2024-09-04T17:00:00-00:00,2024-09-04T18:00:00-00:00,2024-09-04,11,0,Hourly,RD,AS_SP26_EXP,DAM,RD_CLR_PRC,5.07598,13
2024-09-04T18:00:00-00:00,2024-09-04T19:00:00-00:00,2024-09-04,12,0,Hourly,RD,AS_NP26,DAM,RD_CLR_PRC,0,13
2024-09-04T19:00:00-00:00,2024-09-04T20:00:00-00:00,2024-09-04,13,0,Hourly,RD,AS_SP26,DAM,RD_CLR_PRC,0,13
2024-09-04T20:00:00-00:00,2024-09-04T21:00:00-00:00,2024-09-04,14,0,Hourly,RD,AS_CAISO,DAM,RD_CLR_PRC,0,13
2024-09-04T20:00:00-00:00,2024-09-04T21:00:00-00:00,2024-09-04,14,0,Hourly,RD,AS_SP26_EXP,DAM,RD_CLR_PRC,4.86689,13
2024-09-05T01:00:00-00:00,2024-09-05T02:00:00-00:00,2024-09-04,19,0,Hourly,RD,AS_CAISO_EXP,DAM,RD_CLR_PRC,24.0455,13
2024-09-05T01:00:00-00:00,2024-09-05T02:00:00-00:00,2024-09-04,19,0,Hourly,RD,AS_NP26_EXP,DAM,RD_CLR_PRC,0,13
2024-09-05T01:00:00-00:00,2024-09-05T02:00:00-00:00,2024-09-04,19,0,Hourly,RD,AS_SP26,DAM,RD_CLR_PRC,0,13
2024-09-05T03:00:00-00:00,2024-09-05T04:00:00-00:00,2024-09-04,21,0,Hourly,RD,AS_NP26,DAM,RD_CLR_PRC,0,13
2024-09-05T03:00:00-00:00,2024-09-05T04:00:00-00:00,2024-09-04,21,0,Hourly,RD,AS_SP26_EXP,DAM,RD_CLR_PRC,0,13
2024-09-05T04:00:00-00:00,2024-09-05T05:00:00-00:00,2024-09-04,22,0,Hourly,RD,AS_SP26,DAM,RD_CLR_PRC,0,13
2024-09-05T05:00:00-00:00,2024-09-05T06:00:00-00:00,2024-09-04,23,0,Hourly,RD,AS_NP26_EXP,DAM,RD_CLR_PRC,0,13
2024-09-05T05:00:00-00:00,2024-09-05T06:00:00-00:00,2024-09-04,23,0,Hourly,RD,AS_SP26,DAM,RD_CLR_PRC,0,13
2024-09-05T05:00:00-00:00,2024-09-05T06:00:00-00:00,2024-09-04,23,0,Hourly,RD,AS_SP26_EXP,DAM,RD_CLR_PRC,0,13
2024-09-04T08:00:00-00:00,2024-09-04T09:00:00-00:00,2024-09-04,2,0,Hourly,RD,AS_CAISO,DAM,RD_CLR_PRC,0,13
2024-09-04T08:00:00-00:00,2024-09-04T09:00:00-00:00,2024-09-04,2,0,Hourly,RD,AS_NP26,DAM,RD_CLR_PRC,0,13
2024-09-04T08:00:00-00:00,2024-09-04T09:00:00-00:00,2024-09-04,2,0,Hourly,RD,AS_SP26_EXP,DAM,RD_CLR_PRC,0,13
2024-09-04T09:00:00-00:00,2024-09-04T10:00:00-00:00,2024-09-04,3,0,Hourly,RD,AS_CAISO,DAM,RD_CLR_PRC,0,13
2024-09-04T14:00:00-00:00,2024-09-04T15:00:00-00:00,2024-09-04,8,0,Hourly,RD,AS_CAISO_EXP,DAM,RD_CLR_PRC,5.60502,13
2024-09-04T19:00:00-00:00,2024-09-04T20:00:00-00:00,2024-09-04,13,0,Hourly,RD,AS_CAISO_EXP,DAM,RD_CLR_PRC,5.5,13
2024-09-04T21:00:00-00:00,2024-09-04T22:00:00-00:00,2024-09-04,15,0,Hourly,RD,AS_SP26_EXP,DAM,RD_CLR_PRC,0,13
2024-09-04T22:00:00-00:00,2024-09-04T23:00:00-00:00,2024-09-04,16,0,Hourly,RD,AS_NP26_EXP,DAM,RD_CLR_PRC,0,13
2024-09-04T23:00:00-00:00,2024-09-05T00:00:00-00:00,2024-09-04,17,0,Hourly,RD,AS_NP26,DAM,RD_CLR_PRC,0,13
2024-09-05T00:00:00-00:00,2024-09-05T01:00:00-00:00,2024-09-04,18,0,Hourly,RD,AS_SP26,DAM,RD_CLR_PRC,0,13
2024-09-05T01:00:00-00:00,2024-09-05T02:00:00-00:00,2024-09-04,19,0,Hourly,RD,AS_CAISO,DAM,RD_CLR_PRC,0,13
2024-09-05T04:00:00-00:00,2024-09-05T05:00:00-00:00,2024-09-04,22,0,Hourly,RD,AS_CAISO_EXP,DAM,RD_CLR_PRC,2.00952,13
2024-09-05T06:00:00-00:00,2024-09-05T07:00:00-00:00,2024-09-04,24,0,Hourly,RD,AS_CAISO,DAM,RD_CLR_PRC,0,13
2024-09-05T06:00:00-00:00,2024-09-05T07:00:00-00:00,2024-09-04,24,0,Hourly,RD,AS_SP26_EXP,DAM,RD_CLR_PRC,0,13
2024-09-04T07:00:00-00:00,2024-09-04T08:00:00-00:00,2024-09-04,1,0,Hourly,RD,AS_CAISO,DAM,RD_CLR_PRC,0,13
2024-09-04T07:00:00-00:00,2024-09-04T08:00:00-00:00,2024-09-04,1,0,Hourly,RD,AS_CAISO_EXP,DAM,RD_CLR_PRC,5.35309,13
2024-09-04T10:00:00-00:00,2024-09-04T11:00:00-00:00,2024-09-04,4,0,Hourly,RD,AS_CAISO,DAM,RD_CLR_PRC,0,13
2024-09-04T11:00:00-00:00,2024-09-04T12:00:00-00:00,2024-09-04,5,0,Hourly,RD,AS_SP26,DAM,RD_CLR_PRC,0,13
2024-09-04T14:00:00-00:00,2024-09-04T15:00:00-00:00,2024-09-04,8,0,Hourly,RD,AS_NP26_EXP,DAM,RD_CLR_PRC,0,13
2024-09-04T15:00:00-00:00,2024-09-04T16:00:00-00:00,2024-09-04,9,0,Hourly,RD,AS_CAISO,DAM,RD_CLR_PRC,0,13
2024-09-04T15:00:00-00:00,2024-09-04T16:00:00-00:00,2024-09-04,9,0,Hourly,RD,AS_SP26_EXP,DAM,RD_CLR_PRC,1.66395,13
2024-09-04T16:00:00-00:00,2024-09-04T17:00:00-00:00,2024-09-04,10,0,Hourly,RD,AS_NP26,DAM,RD_CLR_PRC,0,13
2024-09-04T20:00:00-00:00,2024-09-04T21:00:00-00:00,2024-09-04,14,0,Hourly,RD,AS_CAISO_EXP,DAM,RD_CLR_PRC,4.99,13
2024-09-04T22:00:00-00:00,2024-09-04T23:00:00-00:00,2024-09-04,16,0,Hourly,RD,AS_CAISO_EXP,DAM,RD_CLR_PRC,10,13
2024-09-06T01:00:00-00:00,2024-09-06T02:00:00-00:00,2024-09-05,19,0,Hourly,RD,AS_SP26_EXP,DAM,RD_CLR_PRC,0,14
2024-09-06T02:00:00-00:00,2024-09-06T03:00:00-00:00,2024-09-05,20,0,Hourly,RD,AS_SP26,DAM,RD_CLR_PRC,0,14
2024-09-06T04:00:00-00:00,2024-09-06T05:00:00-00:00,2024-09-05,22,0,Hourly,RD,AS_SP26,DAM,RD_CLR_PRC,0,14
2024-09-06T04:00:00-00:00,2024-09-06T05:00:00-00:00,2024-09-05,22,0,Hourly,RD,AS_SP26_EXP,DAM,RD_CLR_PRC,0,14
2024-09-06T05:00:00-00:00,2024-09-06T06:00:00-00:00,2024-09-05,23,0,Hourly,RD,AS_SP26_EXP,DAM,RD_CLR_PRC,0,14
2024-09-06T06:00:00-00:00,2024-09-06T07:00:00-00:00,2024-09-05,24,0,Hourly,RD,AS_CAISO,DAM,RD_CLR_PRC,0,14
2024-09-05T07:00:00-00:00,2024-09-05T08:00:00-00:00,2024-09-05,1,0,Hourly,RD,AS_NP26,DAM,RD_CLR_PRC,0,14
2024-09-05T12:00:00-00:00,2024-09-05T13:00:00-00:00,2024-09-05,6,0,Hourly,RD,AS_CAISO,DAM,RD_CLR_PRC,0,14
2024-09-05T13:00:00-00:00,2024-09-05T14:00:00-00:00,2024-09-05,7,0,Hourly,RD,AS_CAISO,DAM,RD_CLR_PRC,0,14
2024-09-05T13:00:00-00:00,2024-09-05T14:00:00-00:00,2024-09-05,7,0,Hourly,RD,AS_NP26_EXP,DAM,RD_CLR_PRC,0,14
2024-09-05T23:00:00-00:00,2024-09-06T00:00:00-00:00,2024-09-05,17,0,Hourly,RD,AS_SP26,DAM,RD_CLR_PRC,0,14
2024-09-06T01:00:00-00:00,2024-09-06T02:00:00-00:00,2024-09-05,19,0,Hourly,RD,AS_NP26_EXP,DAM,RD_CLR_PRC,2.65439,14
2024-09-06T02:00:00-00:00,2024-09-06T03:00:00-00:00,2024-09-05,20,0,Hourly,RD,AS_CAISO,DAM,RD_CLR_PRC,0,14
2024-09-06T03:00:00-00:00,2024-09-06T04:00:00-00:00,2024-09-05,21,0,Hourly,RD,AS_NP26,DAM,RD_CLR_PRC,0,14
2024-09-06T05:00:00-00:00,2024-09-06T06:00:00-00:00,2024-09-05,23,0,Hourly,RD,AS_CAISO_EXP,DAM,RD_CLR_PRC,2,14
2024-09-06T06:00:00-00:00,2024-09-06T07:00:00-00:00,2024-09-05,24,0,Hourly,RD,AS_SP26,DAM,RD_CLR_PRC,0,14
2024-09-05T09:00:00-00:00,2024-09-05T10:00:00-00:00,2024-09-05,3,0,Hourly,RD,AS_CAISO_EXP,DAM,RD_CLR_PRC,8.30718,14
2024-09-05T09:00:00-00:00,2024-09-05T10:00:00-00:00,2024-09-05,3,0,Hourly,RD,AS_SP26,DAM,RD_CLR_PRC,0,14
2024-09-05T14:00:00-00:00,2024-09-05T15:00:00-00:00,2024-09-05,8,0,Hourly,RD,AS_NP26,DAM,RD_CLR_PRC,0,14
2024-09-05T15:00:00-00:00,2024-09-05T16:00:00-00:00,2024-09-05,9,0,Hourly,RD,AS_NP26,DAM,RD_CLR_PRC,0,14
2024-09-05T18:00:00-00:00,2024-09-05T19:00:00-00:00,2024-09-05,12,0,Hourly,RD,AS_CAISO,DAM,RD_CLR_PRC,0,14
2024-09-05T20:00:00-00:00,2024-09-05T21:00:00-00:00,2024-09-05,14,0,Hourly,RD,AS_NP26,DAM,RD_CLR_PRC,0,14
2024-09-05T20:00:00-00:00,2024-09-05T21:00:00-00:00,2024-09-05,14,0,Hourly,RD,AS_NP26_EXP,DAM,RD_CLR_PRC,0,14
2024-09-05T20:00:00-00:00,2024-09-05T21:00:00-00:00,2024-09-05,14,0,Hourly,RD,AS_SP26,DAM,RD_CLR_PRC,0,14
2024-09-05T23:00:00-00:00,2024-09-06T00:00:00-00:00,2024-09-05,17,0,Hourly,RD,AS_CAISO,DAM,RD_CLR_PRC,0,14
2024-09-05T23:00:00-00:00,2024-09-06T00:00:00-00:00,2024-09-05,17,0,Hourly,RD,AS_SP26_EXP,DAM,RD_CLR_PRC,0,14
2024-09-06T00:00:00-00:00,2024-09-06T01:00:00-00:00,2024-09-05,18,0,Hourly,RD,AS_SP26,DAM,RD_CLR_PRC,0,14
2024-09-06T01:00:00-00:00,2024-09-06T02:00:00-00:00,2024-09-05,19,0,Hourly,RD,AS_SP26,DAM,RD_CLR_PRC,0,14
2024-09-06T02:00:00-00:00,2024-09-06T03:00:00-00:00,2024-09-05,20,0,Hourly,RD,AS_SP26_EXP,DAM,RD_CLR_PRC,0,14
2024-09-06T04:00:00-00:00,2024-09-06T05:00:00-00:00,2024-09-05,22,0,Hourly,RD,AS_CAISO,DAM,RD_CLR_PRC,0,14
2024-09-06T05:00:00-00:00,2024-09-06T06:00:00-00:00,2024-09-05,23,0,Hourly,RD,AS_NP26_EXP,DAM,RD_CLR_PRC,1.97148,14
2024-09-05T07:00:00-00:00,2024-09-05T08:00:00-00:00,2024-09-05,1,0,Hourly,RD,AS_NP26_EXP,DAM,RD_CLR_PRC,0.63624,14
2024-09-05T08:00:00-00:00,2024-09-05T09:00:00-00:00,2024-09-05,2,0,Hourly,RD,AS_NP26,DAM,RD_CLR_PRC,0,14
2024-09-05T09:00:00-00:00,2024-09-05T10:00:00-00:00,2024-09-05,3,0,Hourly,RD,AS_SP26_EXP,DAM,RD_CLR_PRC,1.37334,14
2024-09-05T13:00:00-00:00,2024-09-05T14:00:00-00:00,2024-09-05,7,0,Hourly,RD,AS_CAISO_EXP,DAM,RD_CLR_PRC,10.92768,14
2024-09-05T13:00:00-00:00,2024-09-05T14:00:00-00:00,2024-09-05,7,0,Hourly,RD,AS_NP26,DAM,RD_CLR_PRC,0,14
2024-09-05T13:00:00-00:00,2024-09-05T14:00:00-00:00,2024-09-05,7,0,Hourly,RD,AS_SP26,DAM,RD_CLR_PRC,0,14
2024-09-05T14:00:00-00:00,2024-09-05T15:00:00-00:00,2024-09-05,8,0,Hourly,RD,AS_SP26_EXP,DAM,RD_CLR_PRC,0,14
2024-09-05T15:00:00-00:00,2024-09-05T16:00:00-00:00,2024-09-05,9,0,Hourly,RD,AS_NP26_EXP,DAM,RD_CLR_PRC,0,14
2024-09-05T16:00:00-00:00,2024-09-05T17:00:00-00:00,2024-09-05,10,0,Hourly,RD,AS_SP26_EXP,DAM,RD_CLR_PRC,18.13674,14
2024-09-05T20:00:00-00:00,2024-09-05T21:00:00-00:00,2024-09-05,14,0,Hourly,RD,AS_CAISO,DAM,RD_CLR_PRC,0,14
2024-09-05T20:00:00-00:00,2024-09-05T21:00:00-00:00,2024-09-05,14,0,Hourly,RD,AS_CAISO_EXP,DAM,RD_CLR_PRC,7.99,14
2024-09-05T21:00:00-00:00,2024-09-05T22:00:00-00:00,2024-09-05,15,0,Hourly,RD,AS_CAISO,DAM,RD_CLR_PRC,0,14
2024-09-05T22:00:00-00:00,2024-09-05T23:00:00-00:00,2024-09-05,16,0,Hourly,RD,AS_CAISO,DAM,RD_CLR_PRC,0,14
2024-09-05T22:00:00-00:00,2024-09-05T23:00:00-00:00,2024-09-05,16,0,Hourly,RD,AS_CAISO_EXP,DAM,RD_CLR_PRC,7.29,14
2024-09-05T22:00:00-00:00,2024-09-05T23:00:00-00:00,2024-09-05,16,0,Hourly,RD,AS_SP26_EXP,DAM,RD_CLR_PRC,0,14
2024-09-05T23:00:00-00:00,2024-09-06T00:00:00-00:00,2024-09-05,17,0,Hourly,RD,AS_NP26_EXP,DAM,RD_CLR_PRC,0,14
2024-09-06T00:00:00-00:00,2024-09-06T01:00:00-00:00,2024-09-05,18,0,Hourly,RD,AS_CAISO_EXP,DAM,RD_CLR_PRC,20.56741,14
2024-09-06T03:00:00-00:00,2024-09-06T04:00:00-00:00,2024-09-05,21,0,Hourly,RD,AS_NP26_EXP,DAM,RD_CLR_PRC,2.4,14
2024-09-06T06:00:00-00:00,2024-09-06T07:00:00-00:00,2024-09-05,24,0,Hourly,RD,AS_NP26,DAM,RD_CLR_PRC,0,14
2024-09-06T06:00:00-00:00,2024-09-06T07:00:00-00:00,2024-09-05,24,0,Hourly,RD,AS_SP26_EXP,DAM,RD_CLR_PRC,0,14
2024-09-05T07:00:00-00:00,2024-09-05T08:00:00-00:00,2024-09-05,1,0,Hourly,RD,AS_CAISO,DAM,RD_CLR_PRC,0,14
2024-09-05T07:00:00-00:00,2024-09-05T08:00:00-00:00,2024-09-05,1,0,Hourly,RD,AS_SP26_EXP,DAM,RD_CLR_PRC,0,14
2024-09-05T08:00:00-00:00,2024-09-05T09:00:00-00:00,2024-09-05,2,0,Hourly,RD,AS_CAISO,DAM,RD_CLR_PRC,0,14
2024-09-05T08:00:00-00:00,2024-09-05T09:00:00-00:00,2024-09-05,2,0,Hourly,RD,AS_NP26_EXP,DAM,RD_CLR_PRC,0,14
2024-09-05T11:00:00-00:00,2024-09-05T12:00:00-00:00,2024-09-05,5,0,Hourly,RD,AS_NP26_EXP,DAM,RD_CLR_PRC,0,14
2024-09-05T12:00:00-00:00,2024-09-05T13:00:00-00:00,2024-09-05,6,0,Hourly,RD,AS_NP26,DAM,RD_CLR_PRC,0,14
2024-09-05T12:00:00-00:00,2024-09-05T13:00:00-00:00,2024-09-05,6,0,Hourly,RD,AS_NP26_EXP,DAM,RD_CLR_PRC,0,14
2024-09-05T12:00:00-00:00,2024-09-05T13:00:00-00:00,2024-09-05,6,0,Hourly,RD,AS_SP26,DAM,RD_CLR_PRC,0,14
2024-09-05T16:00:00-00:00,2024-09-05T17:00:00-00:00,2024-09-05,10,0,Hourly,RD,AS_CAISO_EXP,DAM,RD_CLR_PRC,8.64367,14
2024-09-05T16:00:00-00:00,2024-09-05T17:00:00-00:00,2024-09-05,10,0,Hourly,RD,AS_NP26,DAM,RD_CLR_PRC,0,14
2024-09-05T17:00:00-00:00,2024-09-05T18:00:00-00:00,2024-09-05,11,0,Hourly,RD,AS_NP26_EXP,DAM,RD_CLR_PRC,0,14
2024-09-05T17:00:00-00:00,2024-09-05T18:00:00-00:00,2024-09-05,11,0,Hourly,RD,AS_SP26_EXP,DAM,RD_CLR_PRC,14.98713,14
2024-09-05T18:00:00-00:00,2024-09-05T19:00:00-00:00,2024-09-05,12,0,Hourly,RD,AS_CAISO_EXP,DAM,RD_CLR_PRC,8.70143,14
2024-09-05T19:00:00-00:00,2024-09-05T20:00:00-00:00,2024-09-05,13,0,Hourly,RD,AS_CAISO_EXP,DAM,RD_CLR_PRC,10,14
2024-09-05T23:00:00-00:00,2024-09-06T00:00:00-00:00,2024-09-05,17,0,Hourly,RD,AS_CAISO_EXP,DAM,RD_CLR_PRC,11.90263,14
2024-09-06T01:00:00-00:00,2024-09-06T02:00:00-00:00,2024-09-05,19,0,Hourly,RD,AS_CAISO,DAM,RD_CLR_PRC,0,14
2024-09-06T00:00:00-00:00,2024-09-06T01:00:00-00:00,2024-09-05,18,0,Hourly,RD,AS_NP26_EXP,DAM,RD_CLR_PRC,5.54031,14
2024-09-06T04:00:00-00:00,2024-09-06T05:00:00-00:00,2024-09-05,22,0,Hourly,RD,AS_NP26,DAM,RD_CLR_PRC,0,14
2024-09-05T07:00:00-00:00,2024-09-05T08:00:00-00:00,2024-09-05,1,0,Hourly,RD,AS_CAISO_EXP,DAM,RD_CLR_PRC,9.36376,14
2024-09-05T08:00:00-00:00,2024-09-05T09:00:00-00:00,2024-09-05,2,0,Hourly,RD,AS_SP26_EXP,DAM,RD_CLR_PRC,0,14
2024-09-05T10:00:00-00:00,2024-09-05T11:00:00-00:00,2024-09-05,4,0,Hourly,RD,AS_NP26_EXP,DAM,RD_CLR_PRC,0,14
2024-09-05T10:00:00-00:00,2024-09-05T11:00:00-00:00,2024-09-05,4,0,Hourly,RD,AS_SP26_EXP,DAM,RD_CLR_PRC,0,14
2024-09-05T11:00:00-00:00,2024-09-05T12:00:00-00:00,2024-09-05,5,0,Hourly,RD,AS_SP26_EXP,DAM,RD_CLR_PRC,0,14
2024-09-05T12:00:00-00:00,2024-09-05T13:00:00-00:00,2024-09-05,6,0,Hourly,RD,AS_CAISO_EXP,DAM,RD_CLR_PRC,8.86002,14
2024-09-05T14:00:00-00:00,2024-09-05T15:00:00-00:00,2024-09-05,8,0,Hourly,RD,AS_SP26,DAM,RD_CLR_PRC,0,14
2024-09-05T15:00:00-00:00,2024-09-05T16:00:00-00:00,2024-09-05,9,0,Hourly,RD,AS_CAISO_EXP,DAM,RD_CLR_PRC,15.47874,14
2024-09-05T19:00:00-00:00,2024-09-05T20:00:00-00:00,2024-09-05,13,0,Hourly,RD,AS_SP26,DAM,RD_CLR_PRC,0,14
2024-09-05T20:00:00-00:00,2024-09-05T21:00:00-00:00,2024-09-05,14,0,Hourly,RD,AS_SP26_EXP,DAM,RD_CLR_PRC,1.24954,14
2024-09-05T23:00:00-00:00,2024-09-06T00:00:00-00:00,2024-09-05,17,0,Hourly,RD,AS_NP26,DAM,RD_CLR_PRC,0,14
2024-09-05T09:00:00-00:00,2024-09-05T10:00:00-00:00,2024-09-05,3,0,Hourly,RD,AS_NP26,DAM,RD_CLR_PRC,0,14
2024-09-05T10:00:00-00:00,2024-09-05T11:00:00-00:00,2024-09-05,4,0,Hourly,RD,AS_CAISO_EXP,DAM,RD_CLR_PRC,7,14
2024-09-05T10:00:00-00:00,2024-09-05T11:00:00-00:00,2024-09-05,4,0,Hourly,RD,AS_SP26,DAM,RD_CLR_PRC,0,14
2024-09-05T12:00:00-00:00,2024-09-05T13:00:00-00:00,2024-09-05,6,0,Hourly,RD,AS_SP26_EXP,DAM,RD_CLR_PRC,0,14
2024-09-05T14:00:00-00:00,2024-09-05T15:00:00-00:00,2024-09-05,8,0,Hourly,RD,AS_CAISO_EXP,DAM,RD_CLR_PRC,8.76483,14
2024-09-05T14:00:00-00:00,2024-09-05T15:00:00-00:00,2024-09-05,8,0,Hourly,RD,AS_NP26_EXP,DAM,RD_CLR_PRC,0,14
2024-09-05T16:00:00-00:00,2024-09-05T17:00:00-00:00,2024-09-05,10,0,Hourly,RD,AS_CAISO,DAM,RD_CLR_PRC,0,14
2024-09-05T16:00:00-00:00,2024-09-05T17:00:00-00:00,2024-09-05,10,0,Hourly,RD,AS_NP26_EXP,DAM,RD_CLR_PRC,0,14
2024-09-05T16:00:00-00:00,2024-09-05T17:00:00-00:00,2024-09-05,10,0,Hourly,RD,AS_SP26,DAM,RD_CLR_PRC,0,14
2024-09-05T17:00:00-00:00,2024-09-05T18:00:00-00:00,2024-09-05,11,0,Hourly,RD,AS_CAISO,DAM,RD_CLR_PRC,0,14
2024-09-05T17:00:00-00:00,2024-09-05T18:00:00-00:00,2024-09-05,11,0,Hourly,RD,AS_CAISO_EXP,DAM,RD_CLR_PRC,10,14
2024-09-05T17:00:00-00:00,2024-09-05T18:00:00-00:00,2024-09-05,11,0,Hourly,RD,AS_SP26,DAM,RD_CLR_PRC,0,14
2024-09-05T18:00:00-00:00,2024-09-05T19:00:00-00:00,2024-09-05,12,0,Hourly,RD,AS_SP26_EXP,DAM,RD_CLR_PRC,13.78177,14
2024-09-05T19:00:00-00:00,2024-09-05T20:00:00-00:00,2024-09-05,13,0,Hourly,RD,AS_CAISO,DAM,RD_CLR_PRC,0,14
2024-09-05T21:00:00-00:00,2024-09-05T22:00:00-00:00,2024-09-05,15,0,Hourly,RD,AS_NP26,DAM,RD_CLR_PRC,0,14
2024-09-05T21:00:00-00:00,2024-09-05T22:00:00-00:00,2024-09-05,15,0,Hourly,RD,AS_SP26,DAM,RD_CLR_PRC,0,14
2024-09-06T00:00:00-00:00,2024-09-06T01:00:00-00:00,2024-09-05,18,0,Hourly,RD,AS_NP26,DAM,RD_CLR_PRC,0,14
2024-09-06T01:00:00-00:00,2024-09-06T02:00:00-00:00,2024-09-05,19,0,Hourly,RD,AS_CAISO_EXP,DAM,RD_CLR_PRC,17.6,14
2024-09-06T01:00:00-00:00,2024-09-06T02:00:00-00:00,2024-09-05,19,0,Hourly,RD,AS_NP26,DAM,RD_CLR_PRC,0,14
2024-09-06T03:00:00-00:00,2024-09-06T04:00:00-00:00,2024-09-05,21,0,Hourly,RD,AS_CAISO,DAM,RD_CLR_PRC,0,14
2024-09-06T03:00:00-00:00,2024-09-06T04:00:00-00:00,2024-09-05,21,0,Hourly,RD,AS_SP26,DAM,RD_CLR_PRC,0,14
2024-09-06T03:00:00-00:00,2024-09-06T04:00:00-00:00,2024-09-05,21,0,Hourly,RD,AS_SP26_EXP,DAM,RD_CLR_PRC,0,14
2024-09-05T08:00:00-00:00,2024-09-05T09:00:00-00:00,2024-09-05,2,0,Hourly,RD,AS_SP26,DAM,RD_CLR_PRC,0,14
2024-09-05T10:00:00-00:00,2024-09-05T11:00:00-00:00,2024-09-05,4,0,Hourly,RD,AS_NP26,DAM,RD_CLR_PRC,0,14
2024-09-05T11:00:00-00:00,2024-09-05T12:00:00-00:00,2024-09-05,5,0,Hourly,RD,AS_CAISO,DAM,RD_CLR_PRC,0,14
2024-09-05T11:00:00-00:00,2024-09-05T12:00:00-00:00,2024-09-05,5,0,Hourly,RD,AS_CAISO_EXP,DAM,RD_CLR_PRC,7.97069,14
2024-09-05T11:00:00-00:00,2024-09-05T12:00:00-00:00,2024-09-05,5,0,Hourly,RD,AS_SP26,DAM,RD_CLR_PRC,0,14
2024-09-05T13:00:00-00:00,2024-09-05T14:00:00-00:00,2024-09-05,7,0,Hourly,RD,AS_SP26_EXP,DAM,RD_CLR_PRC,7.42232,14
2024-09-05T15:00:00-00:00,2024-09-05T16:00:00-00:00,2024-09-05,9,0,Hourly,RD,AS_CAISO,DAM,RD_CLR_PRC,0,14
2024-09-05T18:00:00-00:00,2024-09-05T19:00:00-00:00,2024-09-05,12,0,Hourly,RD,AS_NP26,DAM,RD_CLR_PRC,0,14
2024-09-05T19:00:00-00:00,2024-09-05T20:00:00-00:00,2024-09-05,13,0,Hourly,RD,AS_NP26,DAM,RD_CLR_PRC,0,14
2024-09-05T19:00:00-00:00,2024-09-05T20:00:00-00:00,2024-09-05,13,0,Hourly,RD,AS_NP26_EXP,DAM,RD_CLR_PRC,0,14
2024-09-05T19:00:00-00:00,2024-09-05T20:00:00-00:00,2024-09-05,13,0,Hourly,RD,AS_SP26_EXP,DAM,RD_CLR_PRC,7.18,14
2024-09-05T21:00:00-00:00,2024-09-05T22:00:00-00:00,2024-09-05,15,0,Hourly,RD,AS_CAISO_EXP,DAM,RD_CLR_PRC,10,14
2024-09-05T21:00:00-00:00,2024-09-05T22:00:00-00:00,2024-09-05,15,0,Hourly,RD,AS_NP26_EXP,DAM,RD_CLR_PRC,0,14
2024-09-05T21:00:00-00:00,2024-09-05T22:00:00-00:00,2024-09-05,15,0,Hourly,RD,AS_SP26_EXP,DAM,RD_CLR_PRC,0,14
2024-09-05T22:00:00-00:00,2024-09-05T23:00:00-00:00,2024-09-05,16,0,Hourly,RD,AS_NP26_EXP,DAM,RD_CLR_PRC,0.52687,14
2024-09-05T22:00:00-00:00,2024-09-05T23:00:00-00:00,2024-09-05,16,0,Hourly,RD,AS_SP26,DAM,RD_CLR_PRC,0,14
2024-09-06T00:00:00-00:00,2024-09-06T01:00:00-00:00,2024-09-05,18,0,Hourly,RD,AS_SP26_EXP,DAM,RD_CLR_PRC,0,14
2024-09-06T02:00:00-00:00,2024-09-06T03:00:00-00:00,2024-09-05,20,0,Hourly,RD,AS_NP26,DAM,RD_CLR_PRC,0,14
2024-09-06T02:00:00-00:00,2024-09-06T03:00:00-00:00,2024-09-05,20,0,Hourly,RD,AS_NP26_EXP,DAM,RD_CLR_PRC,0,14
2024-09-06T04:00:00-00:00,2024-09-06T05:00:00-00:00,2024-09-05,22,0,Hourly,RD,AS_CAISO_EXP,DAM,RD_CLR_PRC,5.42,14
2024-09-06T05:00:00-00:00,2024-09-06T06:00:00-00:00,2024-09-05,23,0,Hourly,RD,AS_NP26,DAM,RD_CLR_PRC,0,14
2024-09-06T06:00:00-00:00,2024-09-06T07:00:00-00:00,2024-09-05,24,0,Hourly,RD,AS_CAISO_EXP,DAM,RD_CLR_PRC,2,14
2024-09-05T07:00:00-00:00,2024-09-05T08:00:00-00:00,2024-09-05,1,0,Hourly,RD,AS_SP26,DAM,RD_CLR_PRC,0,14
2024-09-05T08:00:00-00:00,2024-09-05T09:00:00-00:00,2024-09-05,2,0,Hourly,RD,AS_CAISO_EXP,DAM,RD_CLR_PRC,10.89475,14
2024-09-05T09:00:00-00:00,2024-09-05T10:00:00-00:00,2024-09-05,3,0,Hourly,RD,AS_NP26_EXP,DAM,RD_CLR_PRC,0,14
2024-09-05T10:00:00-00:00,2024-09-05T11:00:00-00:00,2024-09-05,4,0,Hourly,RD,AS_CAISO,DAM,RD_CLR_PRC,0,14
2024-09-05T11:00:00-00:00,2024-09-05T12:00:00-00:00,2024-09-05,5,0,Hourly,RD,AS_NP26,DAM,RD_CLR_PRC,0,14
2024-09-05T14:00:00-00:00,2024-09-05T15:00:00-00:00,2024-09-05,8,0,Hourly,RD,AS_CAISO,DAM,RD_CLR_PRC,0,14
2024-09-05T15:00:00-00:00,2024-09-05T16:00:00-00:00,2024-09-05,9,0,Hourly,RD,AS_SP26,DAM,RD_CLR_PRC,0,14
2024-09-05T15:00:00-00:00,2024-09-05T16:00:00-00:00,2024-09-05,9,0,Hourly,RD,AS_SP26_EXP,DAM,RD_CLR_PRC,10.15941,14
2024-09-05T17:00:00-00:00,2024-09-05T18:00:00-00:00,2024-09-05,11,0,Hourly,RD,AS_NP26,DAM,RD_CLR_PRC,0,14
2024-09-05T18:00:00-00:00,2024-09-05T19:00:00-00:00,2024-09-05,12,0,Hourly,RD,AS_NP26_EXP,DAM,RD_CLR_PRC,0,14
2024-09-05T18:00:00-00:00,2024-09-05T19:00:00-00:00,2024-09-05,12,0,Hourly,RD,AS_SP26,DAM,RD_CLR_PRC,0,14
2024-09-05T22:00:00-00:00,2024-09-05T23:00:00-00:00,2024-09-05,16,0,Hourly,RD,AS_NP26,DAM,RD_CLR_PRC,0,14
2024-09-06T00:00:00-00:00,2024-09-06T01:00:00-00:00,2024-09-05,18,0,Hourly,RD,AS_CAISO,DAM,RD_CLR_PRC,0,14
2024-09-06T02:00:00-00:00,2024-09-06T03:00:00-00:00,2024-09-05,20,0,Hourly,RD,AS_CAISO_EXP,DAM,RD_CLR_PRC,32.19667,14
2024-09-06T03:00:00-00:00,2024-09-06T04:00:00-00:00,2024-09-05,21,0,Hourly,RD,AS_CAISO_EXP,DAM,RD_CLR_PRC,17.6,14
2024-09-06T04:00:00-00:00,2024-09-06T05:00:00-00:00,2024-09-05,22,0,Hourly,RD,AS_NP26_EXP,DAM,RD_CLR_PRC,8.57755,14
2024-09-06T05:00:00-00:00,2024-09-06T06:00:00-00:00,2024-09-05,23,0,Hourly,RD,AS_CAISO,DAM,RD_CLR_PRC,0,14
2024-09-06T05:00:00-00:00,2024-09-06T06:00:00-00:00,2024-09-05,23,0,Hourly,RD,AS_SP26,DAM,RD_CLR_PRC,0,14
2024-09-06T06:00:00-00:00,2024-09-06T07:00:00-00:00,2024-09-05,24,0,Hourly,RD,AS_NP26_EXP,DAM,RD_CLR_PRC,1.16,14
2024-09-05T09:00:00-00:00,2024-09-05T10:00:00-00:00,2024-09-05,3,0,Hourly,RD,AS_CAISO,DAM,RD_CLR_PRC,0,14
2024-09-06T10:00:00-00:00,2024-09-06T11:00:00-00:00,2024-09-06,4,0,Hourly,RD,AS_SP26,DAM,RD_CLR_PRC,0,15
2024-09-06T10:00:00-00:00,2024-09-06T11:00:00-00:00,2024-09-06,4,0,Hourly,RD,AS_SP26_EXP,DAM,RD_CLR_PRC,0,15
2024-09-06T11:00:00-00:00,2024-09-06T12:00:00-00:00,2024-09-06,5,0,Hourly,RD,AS_NP26_EXP,DAM,RD_CLR_PRC,2.24549,15
2024-09-06T12:00:00-00:00,2024-09-06T13:00:00-00:00,2024-09-06,6,0,Hourly,RD,AS_CAISO,DAM,RD_CLR_PRC,0,15
2024-09-06T15:00:00-00:00,2024-09-06T16:00:00-00:00,2024-09-06,9,0,Hourly,RD,AS_NP26_EXP,DAM,RD_CLR_PRC,0,15
2024-09-06T16:00:00-00:00,2024-09-06T17:00:00-00:00,2024-09-06,10,0,Hourly,RD,AS_SP26_EXP,DAM,RD_CLR_PRC,5.5,15
2024-09-06T18:00:00-00:00,2024-09-06T19:00:00-00:00,2024-09-06,12,0,Hourly,RD,AS_NP26,DAM,RD_CLR_PRC,0,15
2024-09-06T19:00:00-00:00,2024-09-06T20:00:00-00:00,2024-09-06,13,0,Hourly,RD,AS_NP26_EXP,DAM,RD_CLR_PRC,0,15
2024-09-06T19:00:00-00:00,2024-09-06T20:00:00-00:00,2024-09-06,13,0,Hourly,RD,AS_SP26,DAM,RD_CLR_PRC,0,15
2024-09-06T20:00:00-00:00,2024-09-06T21:00:00-00:00,2024-09-06,14,0,Hourly,RD,AS_SP26,DAM,RD_CLR_PRC,0,15
2024-09-07T01:00:00-00:00,2024-09-07T02:00:00-00:00,2024-09-06,19,0,Hourly,RD,AS_NP26,DAM,RD_CLR_PRC,0,15
2024-09-07T02:00:00-00:00,2024-09-07T03:00:00-00:00,2024-09-06,20,0,Hourly,RD,AS_SP26,DAM,RD_CLR_PRC,0,15
2024-09-07T04:00:00-00:00,2024-09-07T05:00:00-00:00,2024-09-06,22,0,Hourly,RD,AS_SP26,DAM,RD_CLR_PRC,0,15
2024-09-07T04:00:00-00:00,2024-09-07T05:00:00-00:00,2024-09-06,22,0,Hourly,RD,AS_SP26_EXP,DAM,RD_CLR_PRC,0,15
2024-09-07T06:00:00-00:00,2024-09-07T07:00:00-00:00,2024-09-06,24,0,Hourly,RD,AS_CAISO_EXP,DAM,RD_CLR_PRC,2,15
2024-09-07T06:00:00-00:00,2024-09-07T07:00:00-00:00,2024-09-06,24,0,Hourly,RD,AS_NP26_EXP,DAM,RD_CLR_PRC,5.99,15
2024-09-06T18:00:00-00:00,2024-09-06T19:00:00-00:00,2024-09-06,12,0,Hourly,RD,AS_NP26_EXP,DAM,RD_CLR_PRC,0,15
2024-09-06T19:00:00-00:00,2024-09-06T20:00:00-00:00,2024-09-06,13,0,Hourly,RD,AS_NP26,DAM,RD_CLR_PRC,0,15
2024-09-06T20:00:00-00:00,2024-09-06T21:00:00-00:00,2024-09-06,14,0,Hourly,RD,AS_NP26_EXP,DAM,RD_CLR_PRC,0,15
2024-09-06T21:00:00-00:00,2024-09-06T22:00:00-00:00,2024-09-06,15,0,Hourly,RD,AS_CAISO,DAM,RD_CLR_PRC,0,15
2024-09-06T22:00:00-00:00,2024-09-06T23:00:00-00:00,2024-09-06,16,0,Hourly,RD,AS_CAISO_EXP,DAM,RD_CLR_PRC,3.13,15
2024-09-07T01:00:00-00:00,2024-09-07T02:00:00-00:00,2024-09-06,19,0,Hourly,RD,AS_NP26_EXP,DAM,RD_CLR_PRC,3.46756,15
2024-09-07T02:00:00-00:00,2024-09-07T03:00:00-00:00,2024-09-06,20,0,Hourly,RD,AS_CAISO_EXP,DAM,RD_CLR_PRC,25.67384,15
2024-09-07T03:00:00-00:00,2024-09-07T04:00:00-00:00,2024-09-06,21,0,Hourly,RD,AS_NP26_EXP,DAM,RD_CLR_PRC,0,15
2024-09-07T05:00:00-00:00,2024-09-07T06:00:00-00:00,2024-09-06,23,0,Hourly,RD,AS_SP26,DAM,RD_CLR_PRC,0,15
2024-09-06T08:00:00-00:00,2024-09-06T09:00:00-00:00,2024-09-06,2,0,Hourly,RD,AS_SP26_EXP,DAM,RD_CLR_PRC,0,15
2024-09-06T09:00:00-00:00,2024-09-06T10:00:00-00:00,2024-09-06,3,0,Hourly,RD,AS_CAISO_EXP,DAM,RD_CLR_PRC,4.46337,15
2024-09-06T15:00:00-00:00,2024-09-06T16:00:00-00:00,2024-09-06,9,0,Hourly,RD,AS_NP26,DAM,RD_CLR_PRC,0,15
2024-09-06T16:00:00-00:00,2024-09-06T17:00:00-00:00,2024-09-06,10,0,Hourly,RD,AS_NP26,DAM,RD_CLR_PRC,0,15
2024-09-06T16:00:00-00:00,2024-09-06T17:00:00-00:00,2024-09-06,10,0,Hourly,RD,AS_NP26_EXP,DAM,RD_CLR_PRC,0,15
2024-09-06T16:00:00-00:00,2024-09-06T17:00:00-00:00,2024-09-06,10,0,Hourly,RD,AS_SP26,DAM,RD_CLR_PRC,0,15
2024-09-06T19:00:00-00:00,2024-09-06T20:00:00-00:00,2024-09-06,13,0,Hourly,RD,AS_CAISO,DAM,RD_CLR_PRC,0,15
2024-09-06T19:00:00-00:00,2024-09-06T20:00:00-00:00,2024-09-06,13,0,Hourly,RD,AS_CAISO_EXP,DAM,RD_CLR_PRC,7,15
2024-09-06T21:00:00-00:00,2024-09-06T22:00:00-00:00,2024-09-06,15,0,Hourly,RD,AS_SP26,DAM,RD_CLR_PRC,0,15
2024-09-06T21:00:00-00:00,2024-09-06T22:00:00-00:00,2024-09-06,15,0,Hourly,RD,AS_SP26_EXP,DAM,RD_CLR_PRC,0,15
2024-09-07T00:00:00-00:00,2024-09-07T01:00:00-00:00,2024-09-06,18,0,Hourly,RD,AS_NP26_EXP,DAM,RD_CLR_PRC,0,15
2024-09-07T01:00:00-00:00,2024-09-07T02:00:00-00:00,2024-09-06,19,0,Hourly,RD,AS_CAISO_EXP,DAM,RD_CLR_PRC,17.9319,15
2024-09-07T02:00:00-00:00,2024-09-07T03:00:00-00:00,2024-09-06,20,0,Hourly,RD,AS_SP26_EXP,DAM,RD_CLR_PRC,0,15
2024-09-07T03:00:00-00:00,2024-09-07T04:00:00-00:00,2024-09-06,21,0,Hourly,RD,AS_NP26,DAM,RD_CLR_PRC,0,15
2024-09-07T06:00:00-00:00,2024-09-07T07:00:00-00:00,2024-09-06,24,0,Hourly,RD,AS_NP26,DAM,RD_CLR_PRC,0,15
2024-09-07T06:00:00-00:00,2024-09-07T07:00:00-00:00,2024-09-06,24,0,Hourly,RD,AS_SP26,DAM,RD_CLR_PRC,0,15
2024-09-06T08:00:00-00:00,2024-09-06T09:00:00-00:00,2024-09-06,2,0,Hourly,RD,AS_CAISO,DAM,RD_CLR_PRC,0,15
2024-09-06T09:00:00-00:00,2024-09-06T10:00:00-00:00,2024-09-06,3,0,Hourly,RD,AS_SP26_EXP,DAM,RD_CLR_PRC,0,15
2024-09-06T10:00:00-00:00,2024-09-06T11:00:00-00:00,2024-09-06,4,0,Hourly,RD,AS_CAISO,DAM,RD_CLR_PRC,0,15
2024-09-06T13:00:00-00:00,2024-09-06T14:00:00-00:00,2024-09-06,7,0,Hourly,RD,AS_NP26,DAM,RD_CLR_PRC,0,15
2024-09-06T13:00:00-00:00,2024-09-06T14:00:00-00:00,2024-09-06,7,0,Hourly,RD,AS_SP26_EXP,DAM,RD_CLR_PRC,0.69037,15
2024-09-06T17:00:00-00:00,2024-09-06T18:00:00-00:00,2024-09-06,11,0,Hourly,RD,AS_CAISO_EXP,DAM,RD_CLR_PRC,7,15
2024-09-06T17:00:00-00:00,2024-09-06T18:00:00-00:00,2024-09-06,11,0,Hourly,RD,AS_NP26,DAM,RD_CLR_PRC,0,15
2024-09-06T20:00:00-00:00,2024-09-06T21:00:00-00:00,2024-09-06,14,0,Hourly,RD,AS_CAISO,DAM,RD_CLR_PRC,0,15
2024-09-06T21:00:00-00:00,2024-09-06T22:00:00-00:00,2024-09-06,15,0,Hourly,RD,AS_NP26,DAM,RD_CLR_PRC,0,15
2024-09-06T22:00:00-00:00,2024-09-06T23:00:00-00:00,2024-09-06,16,0,Hourly,RD,AS_NP26_EXP,DAM,RD_CLR_PRC,7.11,15
2024-09-06T22:00:00-00:00,2024-09-06T23:00:00-00:00,2024-09-06,16,0,Hourly,RD,AS_SP26,DAM,RD_CLR_PRC,0,15
2024-09-06T23:00:00-00:00,2024-09-07T00:00:00-00:00,2024-09-06,17,0,Hourly,RD,AS_CAISO,DAM,RD_CLR_PRC,0,15
2024-09-06T23:00:00-00:00,2024-09-07T00:00:00-00:00,2024-09-06,17,0,Hourly,RD,AS_NP26,DAM,RD_CLR_PRC,0,15
2024-09-07T01:00:00-00:00,2024-09-07T02:00:00-00:00,2024-09-06,19,0,Hourly,RD,AS_SP26,DAM,RD_CLR_PRC,0,15
2024-09-07T01:00:00-00:00,2024-09-07T02:00:00-00:00,2024-09-06,19,0,Hourly,RD,AS_SP26_EXP,DAM,RD_CLR_PRC,0,15
2024-09-07T04:00:00-00:00,2024-09-07T05:00:00-00:00,2024-09-06,22,0,Hourly,RD,AS_CAISO_EXP,DAM,RD_CLR_PRC,2,15
2024-09-07T04:00:00-00:00,2024-09-07T05:00:00-00:00,2024-09-06,22,0,Hourly,RD,AS_NP26,DAM,RD_CLR_PRC,0,15
2024-09-07T05:00:00-00:00,2024-09-07T06:00:00-00:00,2024-09-06,23,0,Hourly,RD,AS_CAISO,DAM,RD_CLR_PRC,0,15
2024-09-07T05:00:00-00:00,2024-09-07T06:00:00-00:00,2024-09-06,23,0,Hourly,RD,AS_NP26_EXP,DAM,RD_CLR_PRC,3.41108,15
2024-09-06T07:00:00-00:00,2024-09-06T08:00:00-00:00,2024-09-06,1,0,Hourly,RD,AS_NP26,DAM,RD_CLR_PRC,0,15
2024-09-06T12:00:00-00:00,2024-09-06T13:00:00-00:00,2024-09-06,6,0,Hourly,RD,AS_SP26,DAM,RD_CLR_PRC,0,15
2024-09-06T12:00:00-00:00,2024-09-06T13:00:00-00:00,2024-09-06,6,0,Hourly,RD,AS_SP26_EXP,DAM,RD_CLR_PRC,0,15
2024-09-06T13:00:00-00:00,2024-09-06T14:00:00-00:00,2024-09-06,7,0,Hourly,RD,AS_CAISO,DAM,RD_CLR_PRC,0,15
2024-09-06T13:00:00-00:00,2024-09-06T14:00:00-00:00,2024-09-06,7,0,Hourly,RD,AS_CAISO_EXP,DAM,RD_CLR_PRC,11.80963,15
2024-09-06T14:00:00-00:00,2024-09-06T15:00:00-00:00,2024-09-06,8,0,Hourly,RD,AS_SP26_EXP,DAM,RD_CLR_PRC,1.40344,15
2024-09-06T15:00:00-00:00,2024-09-06T16:00:00-00:00,2024-09-06,9,0,Hourly,RD,AS_SP26_EXP,DAM,RD_CLR_PRC,6.53519,15
2024-09-06T18:00:00-00:00,2024-09-06T19:00:00-00:00,2024-09-06,12,0,Hourly,RD,AS_SP26,DAM,RD_CLR_PRC,0,15
2024-09-06T18:00:00-00:00,2024-09-06T19:00:00-00:00,2024-09-06,12,0,Hourly,RD,AS_SP26_EXP,DAM,RD_CLR_PRC,0,15
2024-09-06T23:00:00-00:00,2024-09-07T00:00:00-00:00,2024-09-06,17,0,Hourly,RD,AS_CAISO_EXP,DAM,RD_CLR_PRC,10,15
2024-09-06T23:00:00-00:00,2024-09-07T00:00:00-00:00,2024-09-06,17,0,Hourly,RD,AS_SP26_EXP,DAM,RD_CLR_PRC,0,15
2024-09-07T00:00:00-00:00,2024-09-07T01:00:00-00:00,2024-09-06,18,0,Hourly,RD,AS_CAISO,DAM,RD_CLR_PRC,0,15
2024-09-07T00:00:00-00:00,2024-09-07T01:00:00-00:00,2024-09-06,18,0,Hourly,RD,AS_SP26,DAM,RD_CLR_PRC,0,15
2024-09-07T02:00:00-00:00,2024-09-07T03:00:00-00:00,2024-09-06,20,0,Hourly,RD,AS_NP26_EXP,DAM,RD_CLR_PRC,0,15
2024-09-07T03:00:00-00:00,2024-09-07T04:00:00-00:00,2024-09-06,21,0,Hourly,RD,AS_SP26_EXP,DAM,RD_CLR_PRC,0,15
2024-09-07T04:00:00-00:00,2024-09-07T05:00:00-00:00,2024-09-06,22,0,Hourly,RD,AS_CAISO,DAM,RD_CLR_PRC,0,15
2024-09-07T05:00:00-00:00,2024-09-07T06:00:00-00:00,2024-09-06,23,0,Hourly,RD,AS_SP26_EXP,DAM,RD_CLR_PRC,0,15
2024-09-06T08:00:00-00:00,2024-09-06T09:00:00-00:00,2024-09-06,2,0,Hourly,RD,AS_NP26_EXP,DAM,RD_CLR_PRC,0,15
2024-09-06T08:00:00-00:00,2024-09-06T09:00:00-00:00,2024-09-06,2,0,Hourly,RD,AS_SP26,DAM,RD_CLR_PRC,0,15
2024-09-06T09:00:00-00:00,2024-09-06T10:00:00-00:00,2024-09-06,3,0,Hourly,RD,AS_NP26,DAM,RD_CLR_PRC,0,15
2024-09-06T07:00:00-00:00,2024-09-06T08:00:00-00:00,2024-09-06,1,0,Hourly,RD,AS_NP26_EXP,DAM,RD_CLR_PRC,0,15
2024-09-06T07:00:00-00:00,2024-09-06T08:00:00-00:00,2024-09-06,1,0,Hourly,RD,AS_CAISO_EXP,DAM,RD_CLR_PRC,6,15
2024-09-06T07:00:00-00:00,2024-09-06T08:00:00-00:00,2024-09-06,1,0,Hourly,RD,AS_SP26_EXP,DAM,RD_CLR_PRC,0.05036,15
2024-09-06T09:00:00-00:00,2024-09-06T10:00:00-00:00,2024-09-06,3,0,Hourly,RD,AS_CAISO,DAM,RD_CLR_PRC,0,15
2024-09-06T09:00:00-00:00,2024-09-06T10:00:00-00:00,2024-09-06,3,0,Hourly,RD,AS_SP26,DAM,RD_CLR_PRC,0,15
2024-09-06T10:00:00-00:00,2024-09-06T11:00:00-00:00,2024-09-06,4,0,Hourly,RD,AS_CAISO_EXP,DAM,RD_CLR_PRC,4.03705,15
2024-09-06T11:00:00-00:00,2024-09-06T12:00:00-00:00,2024-09-06,5,0,Hourly,RD,AS_CAISO,DAM,RD_CLR_PRC,0,15
2024-09-06T11:00:00-00:00,2024-09-06T12:00:00-00:00,2024-09-06,5,0,Hourly,RD,AS_SP26,DAM,RD_CLR_PRC,0,15
2024-09-06T12:00:00-00:00,2024-09-06T13:00:00-00:00,2024-09-06,6,0,Hourly,RD,AS_NP26,DAM,RD_CLR_PRC,0,15
2024-09-06T13:00:00-00:00,2024-09-06T14:00:00-00:00,2024-09-06,7,0,Hourly,RD,AS_NP26_EXP,DAM,RD_CLR_PRC,0,15
2024-09-06T13:00:00-00:00,2024-09-06T14:00:00-00:00,2024-09-06,7,0,Hourly,RD,AS_SP26,DAM,RD_CLR_PRC,0,15
2024-09-06T14:00:00-00:00,2024-09-06T15:00:00-00:00,2024-09-06,8,0,Hourly,RD,AS_CAISO,DAM,RD_CLR_PRC,0,15
2024-09-06T14:00:00-00:00,2024-09-06T15:00:00-00:00,2024-09-06,8,0,Hourly,RD,AS_SP26,DAM,RD_CLR_PRC,0,15
2024-09-06T15:00:00-00:00,2024-09-06T16:00:00-00:00,2024-09-06,9,0,Hourly,RD,AS_CAISO,DAM,RD_CLR_PRC,0,15
2024-09-06T15:00:00-00:00,2024-09-06T16:00:00-00:00,2024-09-06,9,0,Hourly,RD,AS_CAISO_EXP,DAM,RD_CLR_PRC,7.20546,15
2024-09-06T16:00:00-00:00,2024-09-06T17:00:00-00:00,2024-09-06,10,0,Hourly,RD,AS_CAISO,DAM,RD_CLR_PRC,0,15
2024-09-06T16:00:00-00:00,2024-09-06T17:00:00-00:00,2024-09-06,10,0,Hourly,RD,AS_CAISO_EXP,DAM,RD_CLR_PRC,7,15
2024-09-06T20:00:00-00:00,2024-09-06T21:00:00-00:00,2024-09-06,14,0,Hourly,RD,AS_NP26,DAM,RD_CLR_PRC,0,15
2024-09-06T22:00:00-00:00,2024-09-06T23:00:00-00:00,2024-09-06,16,0,Hourly,RD,AS_CAISO,DAM,RD_CLR_PRC,0,15
2024-09-06T23:00:00-00:00,2024-09-07T00:00:00-00:00,2024-09-06,17,0,Hourly,RD,AS_NP26_EXP,DAM,RD_CLR_PRC,0,15
2024-09-06T23:00:00-00:00,2024-09-07T00:00:00-00:00,2024-09-06,17,0,Hourly,RD,AS_SP26,DAM,RD_CLR_PRC,0,15
2024-09-07T01:00:00-00:00,2024-09-07T02:00:00-00:00,2024-09-06,19,0,Hourly,RD,AS_CAISO,DAM,RD_CLR_PRC,0,15
2024-09-07T02:00:00-00:00,2024-09-07T03:00:00-00:00,2024-09-06,20,0,Hourly,RD,AS_CAISO,DAM,RD_CLR_PRC,0,15
2024-09-07T02:00:00-00:00,2024-09-07T03:00:00-00:00,2024-09-06,20,0,Hourly,RD,AS_NP26,DAM,RD_CLR_PRC,0,15
2024-09-07T03:00:00-00:00,2024-09-07T04:00:00-00:00,2024-09-06,21,0,Hourly,RD,AS_CAISO,DAM,RD_CLR_PRC,0,15
2024-09-07T03:00:00-00:00,2024-09-07T04:00:00-00:00,2024-09-06,21,0,Hourly,RD,AS_CAISO_EXP,DAM,RD_CLR_PRC,12.18425,15
2024-09-07T03:00:00-00:00,2024-09-07T04:00:00-00:00,2024-09-06,21,0,Hourly,RD,AS_SP26,DAM,RD_CLR_PRC,0,15
2024-09-07T06:00:00-00:00,2024-09-07T07:00:00-00:00,2024-09-06,24,0,Hourly,RD,AS_SP26_EXP,DAM,RD_CLR_PRC,0,15
2024-09-06T07:00:00-00:00,2024-09-06T08:00:00-00:00,2024-09-06,1,0,Hourly,RD,AS_SP26,DAM,RD_CLR_PRC,0,15
2024-09-06T09:00:00-00:00,2024-09-06T10:00:00-00:00,2024-09-06,3,0,Hourly,RD,AS_NP26_EXP,DAM,RD_CLR_PRC,0,15
2024-09-06T10:00:00-00:00,2024-09-06T11:00:00-00:00,2024-09-06,4,0,Hourly,RD,AS_NP26,DAM,RD_CLR_PRC,0,15
2024-09-06T12:00:00-00:00,2024-09-06T13:00:00-00:00,2024-09-06,6,0,Hourly,RD,AS_CAISO_EXP,DAM,RD_CLR_PRC,3.97435,15
2024-09-06T14:00:00-00:00,2024-09-06T15:00:00-00:00,2024-09-06,8,0,Hourly,RD,AS_CAISO_EXP,DAM,RD_CLR_PRC,8.91117,15
2024-09-06T15:00:00-00:00,2024-09-06T16:00:00-00:00,2024-09-06,9,0,Hourly,RD,AS_SP26,DAM,RD_CLR_PRC,0,15
2024-09-06T17:00:00-00:00,2024-09-06T18:00:00-00:00,2024-09-06,11,0,Hourly,RD,AS_NP26_EXP,DAM,RD_CLR_PRC,0,15
2024-09-06T20:00:00-00:00,2024-09-06T21:00:00-00:00,2024-09-06,14,0,Hourly,RD,AS_CAISO_EXP,DAM,RD_CLR_PRC,5.5,15
2024-09-06T20:00:00-00:00,2024-09-06T21:00:00-00:00,2024-09-06,14,0,Hourly,RD,AS_SP26_EXP,DAM,RD_CLR_PRC,10.56,15
2024-09-06T21:00:00-00:00,2024-09-06T22:00:00-00:00,2024-09-06,15,0,Hourly,RD,AS_CAISO_EXP,DAM,RD_CLR_PRC,9.02011,15
2024-09-06T21:00:00-00:00,2024-09-06T22:00:00-00:00,2024-09-06,15,0,Hourly,RD,AS_NP26_EXP,DAM,RD_CLR_PRC,0,15
2024-09-06T22:00:00-00:00,2024-09-06T23:00:00-00:00,2024-09-06,16,0,Hourly,RD,AS_NP26,DAM,RD_CLR_PRC,0,15
2024-09-06T22:00:00-00:00,2024-09-06T23:00:00-00:00,2024-09-06,16,0,Hourly,RD,AS_SP26_EXP,DAM,RD_CLR_PRC,0,15
2024-09-07T00:00:00-00:00,2024-09-07T01:00:00-00:00,2024-09-06,18,0,Hourly,RD,AS_CAISO_EXP,DAM,RD_CLR_PRC,14.01,15
2024-09-07T00:00:00-00:00,2024-09-07T01:00:00-00:00,2024-09-06,18,0,Hourly,RD,AS_NP26,DAM,RD_CLR_PRC,0,15
2024-09-07T00:00:00-00:00,2024-09-07T01:00:00-00:00,2024-09-06,18,0,Hourly,RD,AS_SP26_EXP,DAM,RD_CLR_PRC,0,15
2024-09-07T04:00:00-00:00,2024-09-07T05:00:00-00:00,2024-09-06,22,0,Hourly,RD,AS_NP26_EXP,DAM,RD_CLR_PRC,9.45364,15
2024-09-07T05:00:00-00:00,2024-09-07T06:00:00-00:00,2024-09-06,23,0,Hourly,RD,AS_CAISO_EXP,DAM,RD_CLR_PRC,6.58892,15
2024-09-07T06:00:00-00:00,2024-09-07T07:00:00-00:00,2024-09-06,24,0,Hourly,RD,AS_CAISO,DAM,RD_CLR_PRC,0,15
2024-09-06T07:00:00-00:00,2024-09-06T08:00:00-00:00,2024-09-06,1,0,Hourly,RD,AS_CAISO,DAM,RD_CLR_PRC,0,15
2024-09-06T08:00:00-00:00,2024-09-06T09:00:00-00:00,2024-09-06,2,0,Hourly,RD,AS_CAISO_EXP,DAM,RD_CLR_PRC,4.99,15
2024-09-06T10:00:00-00:00,2024-09-06T11:00:00-00:00,2024-09-06,4,0,Hourly,RD,AS_NP26_EXP,DAM,RD_CLR_PRC,0.96295,15
2024-09-06T11:00:00-00:00,2024-09-06T12:00:00-00:00,2024-09-06,5,0,Hourly,RD,AS_NP26,DAM,RD_CLR_PRC,0,15
2024-09-06T14:00:00-00:00,2024-09-06T15:00:00-00:00,2024-09-06,8,0,Hourly,RD,AS_NP26,DAM,RD_CLR_PRC,0,15
2024-09-06T14:00:00-00:00,2024-09-06T15:00:00-00:00,2024-09-06,8,0,Hourly,RD,AS_NP26_EXP,DAM,RD_CLR_PRC,0,15
2024-09-06T17:00:00-00:00,2024-09-06T18:00:00-00:00,2024-09-06,11,0,Hourly,RD,AS_SP26_EXP,DAM,RD_CLR_PRC,0,15
2024-09-06T18:00:00-00:00,2024-09-06T19:00:00-00:00,2024-09-06,12,0,Hourly,RD,AS_CAISO,DAM,RD_CLR_PRC,0,15
2024-09-06T18:00:00-00:00,2024-09-06T19:00:00-00:00,2024-09-06,12,0,Hourly,RD,AS_CAISO_EXP,DAM,RD_CLR_PRC,7,15
2024-09-06T19:00:00-00:00,2024-09-06T20:00:00-00:00,2024-09-06,13,0,Hourly,RD,AS_SP26_EXP,DAM,RD_CLR_PRC,5.52995,15
2024-09-07T05:00:00-00:00,2024-09-07T06:00:00-00:00,2024-09-06,23,0,Hourly,RD,AS_NP26,DAM,RD_CLR_PRC,0,15
2024-09-06T08:00:00-00:00,2024-09-06T09:00:00-00:00,2024-09-06,2,0,Hourly,RD,AS_NP26,DAM,RD_CLR_PRC,0,15
2024-09-06T11:00:00-00:00,2024-09-06T12:00:00-00:00,2024-09-06,5,0,Hourly,RD,AS_CAISO_EXP,DAM,RD_CLR_PRC,4.02451,15
2024-09-06T11:00:00-00:00,2024-09-06T12:00:00-00:00,2024-09-06,5,0,Hourly,RD,AS_SP26_EXP,DAM,RD_CLR_PRC,0,15
2024-09-06T12:00:00-00:00,2024-09-06T13:00:00-00:00,2024-09-06,6,0,Hourly,RD,AS_NP26_EXP,DAM,RD_CLR_PRC,1.02565,15
2024-09-06T17:00:00-00:00,2024-09-06T18:00:00-00:00,2024-09-06,11,0,Hourly,RD,AS_CAISO,DAM,RD_CLR_PRC,0,15
2024-09-06T17:00:00-00:00,2024-09-06T18:00:00-00:00,2024-09-06,11,0,Hourly,RD,AS_SP26,DAM,RD_CLR_PRC,0,15
2024-09-08T03:00:00-00:00,2024-09-08T04:00:00-00:00,2024-09-07,21,0,Hourly,RD,AS_NP26_EXP,DAM,RD_CLR_PRC,0,16
2024-09-08T05:00:00-00:00,2024-09-08T06:00:00-00:00,2024-09-07,23,0,Hourly,RD,AS_NP26_EXP,DAM,RD_CLR_PRC,3.37,16
2024-09-08T06:00:00-00:00,2024-09-08T07:00:00-00:00,2024-09-07,24,0,Hourly,RD,AS_SP26,DAM,RD_CLR_PRC,0,16
2024-09-07T08:00:00-00:00,2024-09-07T09:00:00-00:00,2024-09-07,2,0,Hourly,RD,AS_CAISO_EXP,DAM,RD_CLR_PRC,6,16
2024-09-07T08:00:00-00:00,2024-09-07T09:00:00-00:00,2024-09-07,2,0,Hourly,RD,AS_NP26_EXP,DAM,RD_CLR_PRC,0,16
2024-09-07T08:00:00-00:00,2024-09-07T09:00:00-00:00,2024-09-07,2,0,Hourly,RD,AS_SP26,DAM,RD_CLR_PRC,0,16
2024-09-07T08:00:00-00:00,2024-09-07T09:00:00-00:00,2024-09-07,2,0,Hourly,RD,AS_SP26_EXP,DAM,RD_CLR_PRC,4.76733,16
2024-09-07T12:00:00-00:00,2024-09-07T13:00:00-00:00,2024-09-07,6,0,Hourly,RD,AS_NP26,DAM,RD_CLR_PRC,0,16
2024-09-07T15:00:00-00:00,2024-09-07T16:00:00-00:00,2024-09-07,9,0,Hourly,RD,AS_SP26_EXP,DAM,RD_CLR_PRC,0.0929,16
2024-09-07T18:00:00-00:00,2024-09-07T19:00:00-00:00,2024-09-07,12,0,Hourly,RD,AS_CAISO_EXP,DAM,RD_CLR_PRC,4.5678,16
2024-09-07T19:00:00-00:00,2024-09-07T20:00:00-00:00,2024-09-07,13,0,Hourly,RD,AS_SP26_EXP,DAM,RD_CLR_PRC,0,16
2024-09-07T22:00:00-00:00,2024-09-07T23:00:00-00:00,2024-09-07,16,0,Hourly,RD,AS_NP26,DAM,RD_CLR_PRC,0,16
2024-09-08T00:00:00-00:00,2024-09-08T01:00:00-00:00,2024-09-07,18,0,Hourly,RD,AS_CAISO,DAM,RD_CLR_PRC,0,16
2024-09-08T01:00:00-00:00,2024-09-08T02:00:00-00:00,2024-09-07,19,0,Hourly,RD,AS_NP26,DAM,RD_CLR_PRC,0,16
2024-09-08T02:00:00-00:00,2024-09-08T03:00:00-00:00,2024-09-07,20,0,Hourly,RD,AS_NP26,DAM,RD_CLR_PRC,0,16
2024-09-08T04:00:00-00:00,2024-09-08T05:00:00-00:00,2024-09-07,22,0,Hourly,RD,AS_NP26,DAM,RD_CLR_PRC,0,16
2024-09-07T11:00:00-00:00,2024-09-07T12:00:00-00:00,2024-09-07,5,0,Hourly,RD,AS_SP26,DAM,RD_CLR_PRC,0,16
2024-09-07T12:00:00-00:00,2024-09-07T13:00:00-00:00,2024-09-07,6,0,Hourly,RD,AS_SP26,DAM,RD_CLR_PRC,0,16
2024-09-07T13:00:00-00:00,2024-09-07T14:00:00-00:00,2024-09-07,7,0,Hourly,RD,AS_SP26_EXP,DAM,RD_CLR_PRC,0,16
2024-09-07T15:00:00-00:00,2024-09-07T16:00:00-00:00,2024-09-07,9,0,Hourly,RD,AS_NP26,DAM,RD_CLR_PRC,0,16
2024-09-07T19:00:00-00:00,2024-09-07T20:00:00-00:00,2024-09-07,13,0,Hourly,RD,AS_CAISO,DAM,RD_CLR_PRC,0,16
2024-09-07T20:00:00-00:00,2024-09-07T21:00:00-00:00,2024-09-07,14,0,Hourly,RD,AS_NP26,DAM,RD_CLR_PRC,0,16
2024-09-07T21:00:00-00:00,2024-09-07T22:00:00-00:00,2024-09-07,15,0,Hourly,RD,AS_SP26_EXP,DAM,RD_CLR_PRC,0,16
2024-09-07T22:00:00-00:00,2024-09-07T23:00:00-00:00,2024-09-07,16,0,Hourly,RD,AS_NP26_EXP,DAM,RD_CLR_PRC,0,16
2024-09-08T04:00:00-00:00,2024-09-08T05:00:00-00:00,2024-09-07,22,0,Hourly,RD,AS_CAISO_EXP,DAM,RD_CLR_PRC,7.11,16
2024-09-08T06:00:00-00:00,2024-09-08T07:00:00-00:00,2024-09-07,24,0,Hourly,RD,AS_NP26_EXP,DAM,RD_CLR_PRC,1.22,16
2024-09-07T07:00:00-00:00,2024-09-07T08:00:00-00:00,2024-09-07,1,0,Hourly,RD,AS_SP26,DAM,RD_CLR_PRC,0,16
2024-09-07T08:00:00-00:00,2024-09-07T09:00:00-00:00,2024-09-07,2,0,Hourly,RD,AS_CAISO,DAM,RD_CLR_PRC,0,16
2024-09-07T08:00:00-00:00,2024-09-07T09:00:00-00:00,2024-09-07,2,0,Hourly,RD,AS_NP26,DAM,RD_CLR_PRC,0,16
2024-09-07T10:00:00-00:00,2024-09-07T11:00:00-00:00,2024-09-07,4,0,Hourly,RD,AS_CAISO_EXP,DAM,RD_CLR_PRC,6,16
2024-09-07T11:00:00-00:00,2024-09-07T12:00:00-00:00,2024-09-07,5,0,Hourly,RD,AS_CAISO,DAM,RD_CLR_PRC,0,16
2024-09-07T13:00:00-00:00,2024-09-07T14:00:00-00:00,2024-09-07,7,0,Hourly,RD,AS_NP26_EXP,DAM,RD_CLR_PRC,1.69942,16
2024-09-07T14:00:00-00:00,2024-09-07T15:00:00-00:00,2024-09-07,8,0,Hourly,RD,AS_CAISO_EXP,DAM,RD_CLR_PRC,3.60002,16
2024-09-07T15:00:00-00:00,2024-09-07T16:00:00-00:00,2024-09-07,9,0,Hourly,RD,AS_CAISO,DAM,RD_CLR_PRC,0,16
2024-09-07T16:00:00-00:00,2024-09-07T17:00:00-00:00,2024-09-07,10,0,Hourly,RD,AS_NP26,DAM,RD_CLR_PRC,0,16
2024-09-07T17:00:00-00:00,2024-09-07T18:00:00-00:00,2024-09-07,11,0,Hourly,RD,AS_NP26_EXP,DAM,RD_CLR_PRC,0,16
2024-09-07T20:00:00-00:00,2024-09-07T21:00:00-00:00,2024-09-07,14,0,Hourly,RD,AS_CAISO_EXP,DAM,RD_CLR_PRC,4.08222,16
2024-09-07T20:00:00-00:00,2024-09-07T21:00:00-00:00,2024-09-07,14,0,Hourly,RD,AS_NP26_EXP,DAM,RD_CLR_PRC,0,16
2024-09-07T20:00:00-00:00,2024-09-07T21:00:00-00:00,2024-09-07,14,0,Hourly,RD,AS_SP26,DAM,RD_CLR_PRC,0,16
2024-09-07T22:00:00-00:00,2024-09-07T23:00:00-00:00,2024-09-07,16,0,Hourly,RD,AS_CAISO,DAM,RD_CLR_PRC,0,16
2024-09-07T23:00:00-00:00,2024-09-08T00:00:00-00:00,2024-09-07,17,0,Hourly,RD,AS_SP26,DAM,RD_CLR_PRC,0,16
2024-09-08T00:00:00-00:00,2024-09-08T01:00:00-00:00,2024-09-07,18,0,Hourly,RD,AS_NP26_EXP,DAM,RD_CLR_PRC,1.01032,16
2024-09-08T02:00:00-00:00,2024-09-08T03:00:00-00:00,2024-09-07,20,0,Hourly,RD,AS_CAISO,DAM,RD_CLR_PRC,0,16
2024-09-08T04:00:00-00:00,2024-09-08T05:00:00-00:00,2024-09-07,22,0,Hourly,RD,AS_CAISO,DAM,RD_CLR_PRC,0,16
2024-09-08T04:00:00-00:00,2024-09-08T05:00:00-00:00,2024-09-07,22,0,Hourly,RD,AS_SP26,DAM,RD_CLR_PRC,0,16
2024-09-08T04:00:00-00:00,2024-09-08T05:00:00-00:00,2024-09-07,22,0,Hourly,RD,AS_SP26_EXP,DAM,RD_CLR_PRC,0,16
2024-09-08T05:00:00-00:00,2024-09-08T06:00:00-00:00,2024-09-07,23,0,Hourly,RD,AS_CAISO,DAM,RD_CLR_PRC,0,16
2024-09-08T05:00:00-00:00,2024-09-08T06:00:00-00:00,2024-09-07,23,0,Hourly,RD,AS_NP26,DAM,RD_CLR_PRC,0,16
2024-09-08T05:00:00-00:00,2024-09-08T06:00:00-00:00,2024-09-07,23,0,Hourly,RD,AS_SP26,DAM,RD_CLR_PRC,0,16
2024-09-07T07:00:00-00:00,2024-09-07T08:00:00-00:00,2024-09-07,1,0,Hourly,RD,AS_CAISO_EXP,DAM,RD_CLR_PRC,7.77,16
2024-09-07T11:00:00-00:00,2024-09-07T12:00:00-00:00,2024-09-07,5,0,Hourly,RD,AS_NP26_EXP,DAM,RD_CLR_PRC,0,16
2024-09-07T13:00:00-00:00,2024-09-07T14:00:00-00:00,2024-09-07,7,0,Hourly,RD,AS_CAISO_EXP,DAM,RD_CLR_PRC,4.94058,16
2024-09-07T14:00:00-00:00,2024-09-07T15:00:00-00:00,2024-09-07,8,0,Hourly,RD,AS_NP26,DAM,RD_CLR_PRC,0,16
2024-09-07T14:00:00-00:00,2024-09-07T15:00:00-00:00,2024-09-07,8,0,Hourly,RD,AS_SP26_EXP,DAM,RD_CLR_PRC,0,16
2024-09-07T15:00:00-00:00,2024-09-07T16:00:00-00:00,2024-09-07,9,0,Hourly,RD,AS_NP26_EXP,DAM,RD_CLR_PRC,0,16
2024-09-07T16:00:00-00:00,2024-09-07T17:00:00-00:00,2024-09-07,10,0,Hourly,RD,AS_CAISO,DAM,RD_CLR_PRC,0,16
2024-09-07T17:00:00-00:00,2024-09-07T18:00:00-00:00,2024-09-07,11,0,Hourly,RD,AS_CAISO_EXP,DAM,RD_CLR_PRC,5.8,16
2024-09-07T18:00:00-00:00,2024-09-07T19:00:00-00:00,2024-09-07,12,0,Hourly,RD,AS_SP26,DAM,RD_CLR_PRC,0,16
2024-09-07T18:00:00-00:00,2024-09-07T19:00:00-00:00,2024-09-07,12,0,Hourly,RD,AS_SP26_EXP,DAM,RD_CLR_PRC,0,16
2024-09-07T19:00:00-00:00,2024-09-07T20:00:00-00:00,2024-09-07,13,0,Hourly,RD,AS_CAISO_EXP,DAM,RD_CLR_PRC,3.94795,16
2024-09-07T19:00:00-00:00,2024-09-07T20:00:00-00:00,2024-09-07,13,0,Hourly,RD,AS_NP26_EXP,DAM,RD_CLR_PRC,0.04205,16
2024-09-07T20:00:00-00:00,2024-09-07T21:00:00-00:00,2024-09-07,14,0,Hourly,RD,AS_CAISO,DAM,RD_CLR_PRC,0,16
2024-09-07T20:00:00-00:00,2024-09-07T21:00:00-00:00,2024-09-07,14,0,Hourly,RD,AS_SP26_EXP,DAM,RD_CLR_PRC,0,16
2024-09-07T22:00:00-00:00,2024-09-07T23:00:00-00:00,2024-09-07,16,0,Hourly,RD,AS_SP26_EXP,DAM,RD_CLR_PRC,2.27013,16
2024-09-07T23:00:00-00:00,2024-09-08T00:00:00-00:00,2024-09-07,17,0,Hourly,RD,AS_NP26_EXP,DAM,RD_CLR_PRC,0,16
2024-09-08T01:00:00-00:00,2024-09-08T02:00:00-00:00,2024-09-07,19,0,Hourly,RD,AS_CAISO,DAM,RD_CLR_PRC,0,16
2024-09-08T01:00:00-00:00,2024-09-08T02:00:00-00:00,2024-09-07,19,0,Hourly,RD,AS_SP26,DAM,RD_CLR_PRC,0,16
2024-09-08T02:00:00-00:00,2024-09-08T03:00:00-00:00,2024-09-07,20,0,Hourly,RD,AS_NP26_EXP,DAM,RD_CLR_PRC,0,16
2024-09-08T05:00:00-00:00,2024-09-08T06:00:00-00:00,2024-09-07,23,0,Hourly,RD,AS_CAISO_EXP,DAM,RD_CLR_PRC,2.63,16
2024-09-08T06:00:00-00:00,2024-09-08T07:00:00-00:00,2024-09-07,24,0,Hourly,RD,AS_CAISO,DAM,RD_CLR_PRC,0,16
2024-09-07T09:00:00-00:00,2024-09-07T10:00:00-00:00,2024-09-07,3,0,Hourly,RD,AS_SP26,DAM,RD_CLR_PRC,0,16
2024-09-07T12:00:00-00:00,2024-09-07T13:00:00-00:00,2024-09-07,6,0,Hourly,RD,AS_CAISO_EXP,DAM,RD_CLR_PRC,5.54651,16
2024-09-07T15:00:00-00:00,2024-09-07T16:00:00-00:00,2024-09-07,9,0,Hourly,RD,AS_CAISO_EXP,DAM,RD_CLR_PRC,6,16
2024-09-07T17:00:00-00:00,2024-09-07T18:00:00-00:00,2024-09-07,11,0,Hourly,RD,AS_SP26_EXP,DAM,RD_CLR_PRC,0,16
2024-09-07T18:00:00-00:00,2024-09-07T19:00:00-00:00,2024-09-07,12,0,Hourly,RD,AS_NP26_EXP,DAM,RD_CLR_PRC,0,16
2024-09-07T21:00:00-00:00,2024-09-07T22:00:00-00:00,2024-09-07,15,0,Hourly,RD,AS_CAISO,DAM,RD_CLR_PRC,0,16
2024-09-07T21:00:00-00:00,2024-09-07T22:00:00-00:00,2024-09-07,15,0,Hourly,RD,AS_NP26,DAM,RD_CLR_PRC,0,16
2024-09-07T22:00:00-00:00,2024-09-07T23:00:00-00:00,2024-09-07,16,0,Hourly,RD,AS_CAISO_EXP,DAM,RD_CLR_PRC,6,16
2024-09-07T22:00:00-00:00,2024-09-07T23:00:00-00:00,2024-09-07,16,0,Hourly,RD,AS_SP26,DAM,RD_CLR_PRC,0,16
2024-09-08T00:00:00-00:00,2024-09-08T01:00:00-00:00,2024-09-07,18,0,Hourly,RD,AS_CAISO_EXP,DAM,RD_CLR_PRC,6.97968,16
2024-09-07T07:00:00-00:00,2024-09-07T08:00:00-00:00,2024-09-07,1,0,Hourly,RD,AS_NP26_EXP,DAM,RD_CLR_PRC,0,16
2024-09-07T09:00:00-00:00,2024-09-07T10:00:00-00:00,2024-09-07,3,0,Hourly,RD,AS_CAISO,DAM,RD_CLR_PRC,0,16
2024-09-07T09:00:00-00:00,2024-09-07T10:00:00-00:00,2024-09-07,3,0,Hourly,RD,AS_NP26,DAM,RD_CLR_PRC,0,16
2024-09-07T09:00:00-00:00,2024-09-07T10:00:00-00:00,2024-09-07,3,0,Hourly,RD,AS_NP26_EXP,DAM,RD_CLR_PRC,0,16
2024-09-07T10:00:00-00:00,2024-09-07T11:00:00-00:00,2024-09-07,4,0,Hourly,RD,AS_NP26,DAM,RD_CLR_PRC,0,16
2024-09-07T10:00:00-00:00,2024-09-07T11:00:00-00:00,2024-09-07,4,0,Hourly,RD,AS_SP26,DAM,RD_CLR_PRC,0,16
2024-09-07T12:00:00-00:00,2024-09-07T13:00:00-00:00,2024-09-07,6,0,Hourly,RD,AS_CAISO,DAM,RD_CLR_PRC,0,16
2024-09-07T13:00:00-00:00,2024-09-07T14:00:00-00:00,2024-09-07,7,0,Hourly,RD,AS_CAISO,DAM,RD_CLR_PRC,0,16
2024-09-07T13:00:00-00:00,2024-09-07T14:00:00-00:00,2024-09-07,7,0,Hourly,RD,AS_NP26,DAM,RD_CLR_PRC,0,16
2024-09-07T14:00:00-00:00,2024-09-07T15:00:00-00:00,2024-09-07,8,0,Hourly,RD,AS_CAISO,DAM,RD_CLR_PRC,0,16
2024-09-07T16:00:00-00:00,2024-09-07T17:00:00-00:00,2024-09-07,10,0,Hourly,RD,AS_NP26_EXP,DAM,RD_CLR_PRC,0,16
2024-09-07T17:00:00-00:00,2024-09-07T18:00:00-00:00,2024-09-07,11,0,Hourly,RD,AS_CAISO,DAM,RD_CLR_PRC,0,16
2024-09-07T19:00:00-00:00,2024-09-07T20:00:00-00:00,2024-09-07,13,0,Hourly,RD,AS_NP26,DAM,RD_CLR_PRC,0,16
2024-09-07T23:00:00-00:00,2024-09-08T00:00:00-00:00,2024-09-07,17,0,Hourly,RD,AS_CAISO,DAM,RD_CLR_PRC,0,16
2024-09-07T23:00:00-00:00,2024-09-08T00:00:00-00:00,2024-09-07,17,0,Hourly,RD,AS_SP26_EXP,DAM,RD_CLR_PRC,0.67916,16
2024-09-08T02:00:00-00:00,2024-09-08T03:00:00-00:00,2024-09-07,20,0,Hourly,RD,AS_SP26,DAM,RD_CLR_PRC,0,16
2024-09-08T03:00:00-00:00,2024-09-08T04:00:00-00:00,2024-09-07,21,0,Hourly,RD,AS_CAISO,DAM,RD_CLR_PRC,0,16
2024-09-08T03:00:00-00:00,2024-09-08T04:00:00-00:00,2024-09-07,21,0,Hourly,RD,AS_CAISO_EXP,DAM,RD_CLR_PRC,7.11,16
2024-09-08T03:00:00-00:00,2024-09-08T04:00:00-00:00,2024-09-07,21,0,Hourly,RD,AS_NP26,DAM,RD_CLR_PRC,0,16
2024-09-08T04:00:00-00:00,2024-09-08T05:00:00-00:00,2024-09-07,22,0,Hourly,RD,AS_NP26_EXP,DAM,RD_CLR_PRC,0,16
2024-09-08T06:00:00-00:00,2024-09-08T07:00:00-00:00,2024-09-07,24,0,Hourly,RD,AS_CAISO_EXP,DAM,RD_CLR_PRC,4.78,16
2024-09-08T06:00:00-00:00,2024-09-08T07:00:00-00:00,2024-09-07,24,0,Hourly,RD,AS_NP26,DAM,RD_CLR_PRC,0,16
2024-09-07T10:00:00-00:00,2024-09-07T11:00:00-00:00,2024-09-07,4,0,Hourly,RD,AS_CAISO,DAM,RD_CLR_PRC,0,16
2024-09-07T11:00:00-00:00,2024-09-07T12:00:00-00:00,2024-09-07,5,0,Hourly,RD,AS_SP26_EXP,DAM,RD_CLR_PRC,0,16
2024-09-07T12:00:00-00:00,2024-09-07T13:00:00-00:00,2024-09-07,6,0,Hourly,RD,AS_NP26_EXP,DAM,RD_CLR_PRC,0,16
2024-09-07T12:00:00-00:00,2024-09-07T13:00:00-00:00,2024-09-07,6,0,Hourly,RD,AS_SP26_EXP,DAM,RD_CLR_PRC,0,16
2024-09-07T13:00:00-00:00,2024-09-07T14:00:00-00:00,2024-09-07,7,0,Hourly,RD,AS_SP26,DAM,RD_CLR_PRC,0,16
2024-09-07T14:00:00-00:00,2024-09-07T15:00:00-00:00,2024-09-07,8,0,Hourly,RD,AS_SP26,DAM,RD_CLR_PRC,0,16
2024-09-07T16:00:00-00:00,2024-09-07T17:00:00-00:00,2024-09-07,10,0,Hourly,RD,AS_CAISO_EXP,DAM,RD_CLR_PRC,5.19,16
2024-09-07T16:00:00-00:00,2024-09-07T17:00:00-00:00,2024-09-07,10,0,Hourly,RD,AS_SP26_EXP,DAM,RD_CLR_PRC,0,16
2024-09-07T17:00:00-00:00,2024-09-07T18:00:00-00:00,2024-09-07,11,0,Hourly,RD,AS_SP26,DAM,RD_CLR_PRC,0,16
2024-09-07T18:00:00-00:00,2024-09-07T19:00:00-00:00,2024-09-07,12,0,Hourly,RD,AS_CAISO,DAM,RD_CLR_PRC,0,16
2024-09-07T21:00:00-00:00,2024-09-07T22:00:00-00:00,2024-09-07,15,0,Hourly,RD,AS_NP26_EXP,DAM,RD_CLR_PRC,0,16
2024-09-07T21:00:00-00:00,2024-09-07T22:00:00-00:00,2024-09-07,15,0,Hourly,RD,AS_SP26,DAM,RD_CLR_PRC,0,16
2024-09-08T00:00:00-00:00,2024-09-08T01:00:00-00:00,2024-09-07,18,0,Hourly,RD,AS_NP26,DAM,RD_CLR_PRC,0,16
2024-09-08T00:00:00-00:00,2024-09-08T01:00:00-00:00,2024-09-07,18,0,Hourly,RD,AS_SP26,DAM,RD_CLR_PRC,0,16
2024-09-08T00:00:00-00:00,2024-09-08T01:00:00-00:00,2024-09-07,18,0,Hourly,RD,AS_SP26_EXP,DAM,RD_CLR_PRC,0,16
2024-09-08T02:00:00-00:00,2024-09-08T03:00:00-00:00,2024-09-07,20,0,Hourly,RD,AS_SP26_EXP,DAM,RD_CLR_PRC,0,16
2024-09-08T05:00:00-00:00,2024-09-08T06:00:00-00:00,2024-09-07,23,0,Hourly,RD,AS_SP26_EXP,DAM,RD_CLR_PRC,0,16
2024-09-08T06:00:00-00:00,2024-09-08T07:00:00-00:00,2024-09-07,24,0,Hourly,RD,AS_SP26_EXP,DAM,RD_CLR_PRC,0,16
2024-09-07T07:00:00-00:00,2024-09-07T08:00:00-00:00,2024-09-07,1,0,Hourly,RD,AS_NP26,DAM,RD_CLR_PRC,0,16
2024-09-07T09:00:00-00:00,2024-09-07T10:00:00-00:00,2024-09-07,3,0,Hourly,RD,AS_SP26_EXP,DAM,RD_CLR_PRC,0,16
2024-09-07T10:00:00-00:00,2024-09-07T11:00:00-00:00,2024-09-07,4,0,Hourly,RD,AS_NP26_EXP,DAM,RD_CLR_PRC,0,16
2024-09-07T11:00:00-00:00,2024-09-07T12:00:00-00:00,2024-09-07,5,0,Hourly,RD,AS_CAISO_EXP,DAM,RD_CLR_PRC,4.99,16
2024-09-07T14:00:00-00:00,2024-09-07T15:00:00-00:00,2024-09-07,8,0,Hourly,RD,AS_NP26_EXP,DAM,RD_CLR_PRC,1.19538,16
2024-09-07T15:00:00-00:00,2024-09-07T16:00:00-00:00,2024-09-07,9,0,Hourly,RD,AS_SP26,DAM,RD_CLR_PRC,0,16
2024-09-07T16:00:00-00:00,2024-09-07T17:00:00-00:00,2024-09-07,10,0,Hourly,RD,AS_SP26,DAM,RD_CLR_PRC,0,16
2024-09-07T17:00:00-00:00,2024-09-07T18:00:00-00:00,2024-09-07,11,0,Hourly,RD,AS_NP26,DAM,RD_CLR_PRC,0,16
2024-09-07T18:00:00-00:00,2024-09-07T19:00:00-00:00,2024-09-07,12,0,Hourly,RD,AS_NP26,DAM,RD_CLR_PRC,0,16
2024-09-07T19:00:00-00:00,2024-09-07T20:00:00-00:00,2024-09-07,13,0,Hourly,RD,AS_SP26,DAM,RD_CLR_PRC,0,16
2024-09-07T21:00:00-00:00,2024-09-07T22:00:00-00:00,2024-09-07,15,0,Hourly,RD,AS_CAISO_EXP,DAM,RD_CLR_PRC,6.17,16
2024-09-07T23:00:00-00:00,2024-09-08T00:00:00-00:00,2024-09-07,17,0,Hourly,RD,AS_CAISO_EXP,DAM,RD_CLR_PRC,9.30728,16
2024-09-07T23:00:00-00:00,2024-09-08T00:00:00-00:00,2024-09-07,17,0,Hourly,RD,AS_NP26,DAM,RD_CLR_PRC,0,16
2024-09-08T01:00:00-00:00,2024-09-08T02:00:00-00:00,2024-09-07,19,0,Hourly,RD,AS_CAISO_EXP,DAM,RD_CLR_PRC,7.08369,16
2024-09-08T01:00:00-00:00,2024-09-08T02:00:00-00:00,2024-09-07,19,0,Hourly,RD,AS_NP26_EXP,DAM,RD_CLR_PRC,2.71048,16
2024-09-08T01:00:00-00:00,2024-09-08T02:00:00-00:00,2024-09-07,19,0,Hourly,RD,AS_SP26_EXP,DAM,RD_CLR_PRC,0,16
2024-09-08T02:00:00-00:00,2024-09-08T03:00:00-00:00,2024-09-07,20,0,Hourly,RD,AS_CAISO_EXP,DAM,RD_CLR_PRC,9.93,16
2024-09-08T03:00:00-00:00,2024-09-08T04:00:00-00:00,2024-09-07,21,0,Hourly,RD,AS_SP26,DAM,RD_CLR_PRC,0,16
2024-09-08T03:00:00-00:00,2024-09-08T04:00:00-00:00,2024-09-07,21,0,Hourly,RD,AS_SP26_EXP,DAM,RD_CLR_PRC,0,16
2024-09-07T07:00:00-00:00,2024-09-07T08:00:00-00:00,2024-09-07,1,0,Hourly,RD,AS_CAISO,DAM,RD_CLR_PRC,0,16
2024-09-07T07:00:00-00:00,2024-09-07T08:00:00-00:00,2024-09-07,1,0,Hourly,RD,AS_SP26_EXP,DAM,RD_CLR_PRC,2.8038,16
2024-09-07T09:00:00-00:00,2024-09-07T10:00:00-00:00,2024-09-07,3,0,Hourly,RD,AS_CAISO_EXP,DAM,RD_CLR_PRC,6,16
2024-09-07T10:00:00-00:00,2024-09-07T11:00:00-00:00,2024-09-07,4,0,Hourly,RD,AS_SP26_EXP,DAM,RD_CLR_PRC,0,16
2024-09-07T11:00:00-00:00,2024-09-07T12:00:00-00:00,2024-09-07,5,0,Hourly,RD,AS_NP26,DAM,RD_CLR_PRC,0,16
2024-09-08T14:00:00-00:00,2024-09-08T15:00:00-00:00,2024-09-08,8,0,Hourly,RD,AS_CAISO,DAM,RD_CLR_PRC,0,17
2024-09-08T14:00:00-00:00,2024-09-08T15:00:00-00:00,2024-09-08,8,0,Hourly,RD,AS_SP26_EXP,DAM,RD_CLR_PRC,0,17
2024-09-08T15:00:00-00:00,2024-09-08T16:00:00-00:00,2024-09-08,9,0,Hourly,RD,AS_CAISO,DAM,RD_CLR_PRC,0,17
2024-09-08T15:00:00-00:00,2024-09-08T16:00:00-00:00,2024-09-08,9,0,Hourly,RD,AS_CAISO_EXP,DAM,RD_CLR_PRC,5.71595,17
2024-09-08T16:00:00-00:00,2024-09-08T17:00:00-00:00,2024-09-08,10,0,Hourly,RD,AS_NP26_EXP,DAM,RD_CLR_PRC,0,17
2024-09-08T17:00:00-00:00,2024-09-08T18:00:00-00:00,2024-09-08,11,0,Hourly,RD,AS_NP26,DAM,RD_CLR_PRC,0,17
2024-09-08T17:00:00-00:00,2024-09-08T18:00:00-00:00,2024-09-08,11,0,Hourly,RD,AS_NP26_EXP,DAM,RD_CLR_PRC,0,17
2024-09-08T19:00:00-00:00,2024-09-08T20:00:00-00:00,2024-09-08,13,0,Hourly,RD,AS_NP26,DAM,RD_CLR_PRC,0,17
2024-09-08T21:00:00-00:00,2024-09-08T22:00:00-00:00,2024-09-08,15,0,Hourly,RD,AS_NP26,DAM,RD_CLR_PRC,0,17
2024-09-08T21:00:00-00:00,2024-09-08T22:00:00-00:00,2024-09-08,15,0,Hourly,RD,AS_NP26_EXP,DAM,RD_CLR_PRC,0,17
2024-09-09T02:00:00-00:00,2024-09-09T03:00:00-00:00,2024-09-08,20,0,Hourly,RD,AS_SP26_EXP,DAM,RD_CLR_PRC,2.02189,17
2024-09-09T03:00:00-00:00,2024-09-09T04:00:00-00:00,2024-09-08,21,0,Hourly,RD,AS_NP26,DAM,RD_CLR_PRC,0,17
2024-09-09T03:00:00-00:00,2024-09-09T04:00:00-00:00,2024-09-08,21,0,Hourly,RD,AS_SP26_EXP,DAM,RD_CLR_PRC,0,17
2024-09-09T04:00:00-00:00,2024-09-09T05:00:00-00:00,2024-09-08,22,0,Hourly,RD,AS_SP26_EXP,DAM,RD_CLR_PRC,0,17
2024-09-09T05:00:00-00:00,2024-09-09T06:00:00-00:00,2024-09-08,23,0,Hourly,RD,AS_NP26_EXP,DAM,RD_CLR_PRC,1.11,17
2024-09-09T05:00:00-00:00,2024-09-09T06:00:00-00:00,2024-09-08,23,0,Hourly,RD,AS_SP26_EXP,DAM,RD_CLR_PRC,0,17
2024-09-09T00:00:00-00:00,2024-09-09T01:00:00-00:00,2024-09-08,18,0,Hourly,RD,AS_SP26_EXP,DAM,RD_CLR_PRC,0,17
2024-09-09T01:00:00-00:00,2024-09-09T02:00:00-00:00,2024-09-08,19,0,Hourly,RD,AS_NP26,DAM,RD_CLR_PRC,0,17
2024-09-09T03:00:00-00:00,2024-09-09T04:00:00-00:00,2024-09-08,21,0,Hourly,RD,AS_CAISO_EXP,DAM,RD_CLR_PRC,7.11,17
2024-09-09T04:00:00-00:00,2024-09-09T05:00:00-00:00,2024-09-08,22,0,Hourly,RD,AS_CAISO,DAM,RD_CLR_PRC,0,17
2024-09-09T04:00:00-00:00,2024-09-09T05:00:00-00:00,2024-09-08,22,0,Hourly,RD,AS_SP26,DAM,RD_CLR_PRC,0,17
2024-09-09T05:00:00-00:00,2024-09-09T06:00:00-00:00,2024-09-08,23,0,Hourly,RD,AS_CAISO_EXP,DAM,RD_CLR_PRC,4.89,17
2024-09-08T08:00:00-00:00,2024-09-08T09:00:00-00:00,2024-09-08,2,0,Hourly,RD,AS_CAISO,DAM,RD_CLR_PRC,0,17
2024-09-08T10:00:00-00:00,2024-09-08T11:00:00-00:00,2024-09-08,4,0,Hourly,RD,AS_CAISO,DAM,RD_CLR_PRC,0,17
2024-09-08T12:00:00-00:00,2024-09-08T13:00:00-00:00,2024-09-08,6,0,Hourly,RD,AS_CAISO_EXP,DAM,RD_CLR_PRC,5.16062,17
2024-09-08T11:00:00-00:00,2024-09-08T12:00:00-00:00,2024-09-08,5,0,Hourly,RD,AS_SP26,DAM,RD_CLR_PRC,0,17
2024-09-08T13:00:00-00:00,2024-09-08T14:00:00-00:00,2024-09-08,7,0,Hourly,RD,AS_SP26_EXP,DAM,RD_CLR_PRC,0,17
2024-09-08T17:00:00-00:00,2024-09-08T18:00:00-00:00,2024-09-08,11,0,Hourly,RD,AS_CAISO,DAM,RD_CLR_PRC,0,17
2024-09-08T17:00:00-00:00,2024-09-08T18:00:00-00:00,2024-09-08,11,0,Hourly,RD,AS_CAISO_EXP,DAM,RD_CLR_PRC,4.11378,17
2024-09-08T18:00:00-00:00,2024-09-08T19:00:00-00:00,2024-09-08,12,0,Hourly,RD,AS_SP26,DAM,RD_CLR_PRC,0,17
2024-09-08T20:00:00-00:00,2024-09-08T21:00:00-00:00,2024-09-08,14,0,Hourly,RD,AS_CAISO,DAM,RD_CLR_PRC,0,17
2024-09-08T22:00:00-00:00,2024-09-08T23:00:00-00:00,2024-09-08,16,0,Hourly,RD,AS_SP26,DAM,RD_CLR_PRC,0,17
2024-09-09T00:00:00-00:00,2024-09-09T01:00:00-00:00,2024-09-08,18,0,Hourly,RD,AS_CAISO_EXP,DAM,RD_CLR_PRC,12.74887,17
2024-09-09T00:00:00-00:00,2024-09-09T01:00:00-00:00,2024-09-08,18,0,Hourly,RD,AS_NP26,DAM,RD_CLR_PRC,0,17
2024-09-09T03:00:00-00:00,2024-09-09T04:00:00-00:00,2024-09-08,21,0,Hourly,RD,AS_CAISO,DAM,RD_CLR_PRC,0,17
2024-09-09T03:00:00-00:00,2024-09-09T04:00:00-00:00,2024-09-08,21,0,Hourly,RD,AS_NP26_EXP,DAM,RD_CLR_PRC,0,17
2024-09-09T06:00:00-00:00,2024-09-09T07:00:00-00:00,2024-09-08,24,0,Hourly,RD,AS_CAISO,DAM,RD_CLR_PRC,0,17
2024-09-09T06:00:00-00:00,2024-09-09T07:00:00-00:00,2024-09-08,24,0,Hourly,RD,AS_NP26,DAM,RD_CLR_PRC,0,17
2024-09-08T08:00:00-00:00,2024-09-08T09:00:00-00:00,2024-09-08,2,0,Hourly,RD,AS_CAISO_EXP,DAM,RD_CLR_PRC,6,17
2024-09-08T09:00:00-00:00,2024-09-08T10:00:00-00:00,2024-09-08,3,0,Hourly,RD,AS_CAISO_EXP,DAM,RD_CLR_PRC,5.56477,17
2024-09-08T10:00:00-00:00,2024-09-08T11:00:00-00:00,2024-09-08,4,0,Hourly,RD,AS_NP26_EXP,DAM,RD_CLR_PRC,0.46469,17
2024-09-08T11:00:00-00:00,2024-09-08T12:00:00-00:00,2024-09-08,5,0,Hourly,RD,AS_CAISO_EXP,DAM,RD_CLR_PRC,4.66021,17
2024-09-08T12:00:00-00:00,2024-09-08T13:00:00-00:00,2024-09-08,6,0,Hourly,RD,AS_NP26_EXP,DAM,RD_CLR_PRC,0.83938,17
2024-09-08T13:00:00-00:00,2024-09-08T14:00:00-00:00,2024-09-08,7,0,Hourly,RD,AS_NP26_EXP,DAM,RD_CLR_PRC,0,17
2024-09-08T14:00:00-00:00,2024-09-08T15:00:00-00:00,2024-09-08,8,0,Hourly,RD,AS_NP26_EXP,DAM,RD_CLR_PRC,1.11753,17
2024-09-08T14:00:00-00:00,2024-09-08T15:00:00-00:00,2024-09-08,8,0,Hourly,RD,AS_SP26,DAM,RD_CLR_PRC,0,17
2024-09-08T15:00:00-00:00,2024-09-08T16:00:00-00:00,2024-09-08,9,0,Hourly,RD,AS_NP26,DAM,RD_CLR_PRC,0,17
2024-09-08T15:00:00-00:00,2024-09-08T16:00:00-00:00,2024-09-08,9,0,Hourly,RD,AS_NP26_EXP,DAM,RD_CLR_PRC,0,17
2024-09-08T16:00:00-00:00,2024-09-08T17:00:00-00:00,2024-09-08,10,0,Hourly,RD,AS_CAISO_EXP,DAM,RD_CLR_PRC,5.78,17
2024-09-08T17:00:00-00:00,2024-09-08T18:00:00-00:00,2024-09-08,11,0,Hourly,RD,AS_SP26,DAM,RD_CLR_PRC,0,17
2024-09-08T18:00:00-00:00,2024-09-08T19:00:00-00:00,2024-09-08,12,0,Hourly,RD,AS_NP26,DAM,RD_CLR_PRC,0,17
2024-09-08T19:00:00-00:00,2024-09-08T20:00:00-00:00,2024-09-08,13,0,Hourly,RD,AS_CAISO_EXP,DAM,RD_CLR_PRC,3.50615,17
2024-09-08T20:00:00-00:00,2024-09-08T21:00:00-00:00,2024-09-08,14,0,Hourly,RD,AS_SP26_EXP,DAM,RD_CLR_PRC,0,17
2024-09-08T22:00:00-00:00,2024-09-08T23:00:00-00:00,2024-09-08,16,0,Hourly,RD,AS_CAISO,DAM,RD_CLR_PRC,0,17
2024-09-08T22:00:00-00:00,2024-09-08T23:00:00-00:00,2024-09-08,16,0,Hourly,RD,AS_CAISO_EXP,DAM,RD_CLR_PRC,10.76,17
2024-09-08T23:00:00-00:00,2024-09-09T00:00:00-00:00,2024-09-08,17,0,Hourly,RD,AS_CAISO_EXP,DAM,RD_CLR_PRC,11.12,17
2024-09-08T23:00:00-00:00,2024-09-09T00:00:00-00:00,2024-09-08,17,0,Hourly,RD,AS_NP26,DAM,RD_CLR_PRC,0,17
2024-09-09T02:00:00-00:00,2024-09-09T03:00:00-00:00,2024-09-08,20,0,Hourly,RD,AS_CAISO,DAM,RD_CLR_PRC,0,17
2024-09-09T04:00:00-00:00,2024-09-09T05:00:00-00:00,2024-09-08,22,0,Hourly,RD,AS_NP26_EXP,DAM,RD_CLR_PRC,0,17
2024-09-08T07:00:00-00:00,2024-09-08T08:00:00-00:00,2024-09-08,1,0,Hourly,RD,AS_CAISO,DAM,RD_CLR_PRC,0,17
2024-09-08T07:00:00-00:00,2024-09-08T08:00:00-00:00,2024-09-08,1,0,Hourly,RD,AS_SP26,DAM,RD_CLR_PRC,0,17
2024-09-08T08:00:00-00:00,2024-09-08T09:00:00-00:00,2024-09-08,2,0,Hourly,RD,AS_SP26,DAM,RD_CLR_PRC,0,17
2024-09-08T09:00:00-00:00,2024-09-08T10:00:00-00:00,2024-09-08,3,0,Hourly,RD,AS_SP26,DAM,RD_CLR_PRC,0,17
2024-09-08T09:00:00-00:00,2024-09-08T10:00:00-00:00,2024-09-08,3,0,Hourly,RD,AS_SP26_EXP,DAM,RD_CLR_PRC,0,17
2024-09-08T10:00:00-00:00,2024-09-08T11:00:00-00:00,2024-09-08,4,0,Hourly,RD,AS_NP26,DAM,RD_CLR_PRC,0,17
2024-09-08T11:00:00-00:00,2024-09-08T12:00:00-00:00,2024-09-08,5,0,Hourly,RD,AS_NP26,DAM,RD_CLR_PRC,0,17
2024-09-08T13:00:00-00:00,2024-09-08T14:00:00-00:00,2024-09-08,7,0,Hourly,RD,AS_CAISO,DAM,RD_CLR_PRC,0,17
2024-09-08T16:00:00-00:00,2024-09-08T17:00:00-00:00,2024-09-08,10,0,Hourly,RD,AS_CAISO,DAM,RD_CLR_PRC,0,17
2024-09-08T20:00:00-00:00,2024-09-08T21:00:00-00:00,2024-09-08,14,0,Hourly,RD,AS_NP26,DAM,RD_CLR_PRC,0,17
2024-09-08T23:00:00-00:00,2024-09-09T00:00:00-00:00,2024-09-08,17,0,Hourly,RD,AS_SP26,DAM,RD_CLR_PRC,0,17
2024-09-09T00:00:00-00:00,2024-09-09T01:00:00-00:00,2024-09-08,18,0,Hourly,RD,AS_NP26_EXP,DAM,RD_CLR_PRC,1.23411,17
2024-09-09T01:00:00-00:00,2024-09-09T02:00:00-00:00,2024-09-08,19,0,Hourly,RD,AS_SP26,DAM,RD_CLR_PRC,0,17
2024-09-09T02:00:00-00:00,2024-09-09T03:00:00-00:00,2024-09-08,20,0,Hourly,RD,AS_NP26_EXP,DAM,RD_CLR_PRC,0,17
2024-09-09T03:00:00-00:00,2024-09-09T04:00:00-00:00,2024-09-08,21,0,Hourly,RD,AS_SP26,DAM,RD_CLR_PRC,0,17
2024-09-08T07:00:00-00:00,2024-09-08T08:00:00-00:00,2024-09-08,1,0,Hourly,RD,AS_NP26,DAM,RD_CLR_PRC,0,17
2024-09-08T10:00:00-00:00,2024-09-08T11:00:00-00:00,2024-09-08,4,0,Hourly,RD,AS_SP26_EXP,DAM,RD_CLR_PRC,0,17
2024-09-08T11:00:00-00:00,2024-09-08T12:00:00-00:00,2024-09-08,5,0,Hourly,RD,AS_NP26_EXP,DAM,RD_CLR_PRC,0.33979,17
2024-09-08T12:00:00-00:00,2024-09-08T13:00:00-00:00,2024-09-08,6,0,Hourly,RD,AS_CAISO,DAM,RD_CLR_PRC,0,17
2024-09-08T12:00:00-00:00,2024-09-08T13:00:00-00:00,2024-09-08,6,0,Hourly,RD,AS_SP26,DAM,RD_CLR_PRC,0,17
2024-09-08T12:00:00-00:00,2024-09-08T13:00:00-00:00,2024-09-08,6,0,Hourly,RD,AS_SP26_EXP,DAM,RD_CLR_PRC,0,17
2024-09-08T07:00:00-00:00,2024-09-08T08:00:00-00:00,2024-09-08,1,0,Hourly,RD,AS_NP26_EXP,DAM,RD_CLR_PRC,0,17
2024-09-08T07:00:00-00:00,2024-09-08T08:00:00-00:00,2024-09-08,1,0,Hourly,RD,AS_CAISO_EXP,DAM,RD_CLR_PRC,6,17
2024-09-08T10:00:00-00:00,2024-09-08T11:00:00-00:00,2024-09-08,4,0,Hourly,RD,AS_CAISO_EXP,DAM,RD_CLR_PRC,4.53531,17
2024-09-08T11:00:00-00:00,2024-09-08T12:00:00-00:00,2024-09-08,5,0,Hourly,RD,AS_SP26_EXP,DAM,RD_CLR_PRC,0,17
2024-09-08T13:00:00-00:00,2024-09-08T14:00:00-00:00,2024-09-08,7,0,Hourly,RD,AS_CAISO_EXP,DAM,RD_CLR_PRC,6.38,17
2024-09-08T15:00:00-00:00,2024-09-08T16:00:00-00:00,2024-09-08,9,0,Hourly,RD,AS_SP26_EXP,DAM,RD_CLR_PRC,0,17
2024-09-08T16:00:00-00:00,2024-09-08T17:00:00-00:00,2024-09-08,10,0,Hourly,RD,AS_NP26,DAM,RD_CLR_PRC,0,17
2024-09-08T18:00:00-00:00,2024-09-08T19:00:00-00:00,2024-09-08,12,0,Hourly,RD,AS_CAISO_EXP,DAM,RD_CLR_PRC,3.80816,17
2024-09-08T19:00:00-00:00,2024-09-08T20:00:00-00:00,2024-09-08,13,0,Hourly,RD,AS_NP26_EXP,DAM,RD_CLR_PRC,0,17
2024-09-08T20:00:00-00:00,2024-09-08T21:00:00-00:00,2024-09-08,14,0,Hourly,RD,AS_NP26_EXP,DAM,RD_CLR_PRC,0,17
2024-09-08T21:00:00-00:00,2024-09-08T22:00:00-00:00,2024-09-08,15,0,Hourly,RD,AS_CAISO,DAM,RD_CLR_PRC,0,17
2024-09-08T21:00:00-00:00,2024-09-08T22:00:00-00:00,2024-09-08,15,0,Hourly,RD,AS_SP26_EXP,DAM,RD_CLR_PRC,0,17
2024-09-09T01:00:00-00:00,2024-09-09T02:00:00-00:00,2024-09-08,19,0,Hourly,RD,AS_CAISO,DAM,RD_CLR_PRC,0,17
2024-09-09T01:00:00-00:00,2024-09-09T02:00:00-00:00,2024-09-08,19,0,Hourly,RD,AS_CAISO_EXP,DAM,RD_CLR_PRC,13.57103,17
2024-09-09T02:00:00-00:00,2024-09-09T03:00:00-00:00,2024-09-08,20,0,Hourly,RD,AS_CAISO_EXP,DAM,RD_CLR_PRC,11.63729,17
2024-09-09T04:00:00-00:00,2024-09-09T05:00:00-00:00,2024-09-08,22,0,Hourly,RD,AS_NP26,DAM,RD_CLR_PRC,0,17
2024-09-09T05:00:00-00:00,2024-09-09T06:00:00-00:00,2024-09-08,23,0,Hourly,RD,AS_CAISO,DAM,RD_CLR_PRC,0,17
2024-09-09T06:00:00-00:00,2024-09-09T07:00:00-00:00,2024-09-08,24,0,Hourly,RD,AS_SP26,DAM,RD_CLR_PRC,0,17
2024-09-09T06:00:00-00:00,2024-09-09T07:00:00-00:00,2024-09-08,24,0,Hourly,RD,AS_SP26_EXP,DAM,RD_CLR_PRC,0,17
2024-09-08T08:00:00-00:00,2024-09-08T09:00:00-00:00,2024-09-08,2,0,Hourly,RD,AS_NP26,DAM,RD_CLR_PRC,0,17
2024-09-08T08:00:00-00:00,2024-09-08T09:00:00-00:00,2024-09-08,2,0,Hourly,RD,AS_SP26_EXP,DAM,RD_CLR_PRC,0,17
2024-09-08T09:00:00-00:00,2024-09-08T10:00:00-00:00,2024-09-08,3,0,Hourly,RD,AS_NP26,DAM,RD_CLR_PRC,0,17
2024-09-08T09:00:00-00:00,2024-09-08T10:00:00-00:00,2024-09-08,3,0,Hourly,RD,AS_NP26_EXP,DAM,RD_CLR_PRC,0.43523,17
2024-09-08T10:00:00-00:00,2024-09-08T11:00:00-00:00,2024-09-08,4,0,Hourly,RD,AS_SP26,DAM,RD_CLR_PRC,0,17
2024-09-08T12:00:00-00:00,2024-09-08T13:00:00-00:00,2024-09-08,6,0,Hourly,RD,AS_NP26,DAM,RD_CLR_PRC,0,17
2024-09-08T16:00:00-00:00,2024-09-08T17:00:00-00:00,2024-09-08,10,0,Hourly,RD,AS_SP26,DAM,RD_CLR_PRC,0,17
2024-09-08T16:00:00-00:00,2024-09-08T17:00:00-00:00,2024-09-08,10,0,Hourly,RD,AS_SP26_EXP,DAM,RD_CLR_PRC,0,17
2024-09-08T17:00:00-00:00,2024-09-08T18:00:00-00:00,2024-09-08,11,0,Hourly,RD,AS_SP26_EXP,DAM,RD_CLR_PRC,0,17
2024-09-08T18:00:00-00:00,2024-09-08T19:00:00-00:00,2024-09-08,12,0,Hourly,RD,AS_CAISO,DAM,RD_CLR_PRC,0,17
2024-09-08T18:00:00-00:00,2024-09-08T19:00:00-00:00,2024-09-08,12,0,Hourly,RD,AS_NP26_EXP,DAM,RD_CLR_PRC,0,17
2024-09-08T21:00:00-00:00,2024-09-08T22:00:00-00:00,2024-09-08,15,0,Hourly,RD,AS_CAISO_EXP,DAM,RD_CLR_PRC,7.8854,17
2024-09-08T22:00:00-00:00,2024-09-08T23:00:00-00:00,2024-09-08,16,0,Hourly,RD,AS_NP26_EXP,DAM,RD_CLR_PRC,0,17
2024-09-08T22:00:00-00:00,2024-09-08T23:00:00-00:00,2024-09-08,16,0,Hourly,RD,AS_SP26_EXP,DAM,RD_CLR_PRC,0,17
2024-09-08T23:00:00-00:00,2024-09-09T00:00:00-00:00,2024-09-08,17,0,Hourly,RD,AS_CAISO,DAM,RD_CLR_PRC,0,17
2024-09-09T00:00:00-00:00,2024-09-09T01:00:00-00:00,2024-09-08,18,0,Hourly,RD,AS_CAISO,DAM,RD_CLR_PRC,0,17
2024-09-09T01:00:00-00:00,2024-09-09T02:00:00-00:00,2024-09-08,19,0,Hourly,RD,AS_NP26_EXP,DAM,RD_CLR_PRC,0,17
2024-09-09T01:00:00-00:00,2024-09-09T02:00:00-00:00,2024-09-08,19,0,Hourly,RD,AS_SP26_EXP,DAM,RD_CLR_PRC,0,17
2024-09-09T02:00:00-00:00,2024-09-09T03:00:00-00:00,2024-09-08,20,0,Hourly,RD,AS_NP26,DAM,RD_CLR_PRC,0,17
2024-09-09T05:00:00-00:00,2024-09-09T06:00:00-00:00,2024-09-08,23,0,Hourly,RD,AS_NP26,DAM,RD_CLR_PRC,0,17
2024-09-09T06:00:00-00:00,2024-09-09T07:00:00-00:00,2024-09-08,24,0,Hourly,RD,AS_CAISO_EXP,DAM,RD_CLR_PRC,7.99,17
2024-09-08T13:00:00-00:00,2024-09-08T14:00:00-00:00,2024-09-08,7,0,Hourly,RD,AS_NP26,DAM,RD_CLR_PRC,0,17
2024-09-08T14:00:00-00:00,2024-09-08T15:00:00-00:00,2024-09-08,8,0,Hourly,RD,AS_NP26,DAM,RD_CLR_PRC,0,17
2024-09-08T19:00:00-00:00,2024-09-08T20:00:00-00:00,2024-09-08,13,0,Hourly,RD,AS_CAISO,DAM,RD_CLR_PRC,0,17
2024-09-08T19:00:00-00:00,2024-09-08T20:00:00-00:00,2024-09-08,13,0,Hourly,RD,AS_SP26,DAM,RD_CLR_PRC,0,17
2024-09-08T22:00:00-00:00,2024-09-08T23:00:00-00:00,2024-09-08,16,0,Hourly,RD,AS_NP26,DAM,RD_CLR_PRC,0,17
2024-09-08T23:00:00-00:00,2024-09-09T00:00:00-00:00,2024-09-08,17,0,Hourly,RD,AS_NP26_EXP,DAM,RD_CLR_PRC,0,17
2024-09-08T23:00:00-00:00,2024-09-09T00:00:00-00:00,2024-09-08,17,0,Hourly,RD,AS_SP26_EXP,DAM,RD_CLR_PRC,0,17
2024-09-09T02:00:00-00:00,2024-09-09T03:00:00-00:00,2024-09-08,20,0,Hourly,RD,AS_SP26,DAM,RD_CLR_PRC,0,17
2024-09-09T04:00:00-00:00,2024-09-09T05:00:00-00:00,2024-09-08,22,0,Hourly,RD,AS_CAISO_EXP,DAM,RD_CLR_PRC,6.83,17
2024-09-09T05:00:00-00:00,2024-09-09T06:00:00-00:00,2024-09-08,23,0,Hourly,RD,AS_SP26,DAM,RD_CLR_PRC,0,17
2024-09-09T06:00:00-00:00,2024-09-09T07:00:00-00:00,2024-09-08,24,0,Hourly,RD,AS_NP26_EXP,DAM,RD_CLR_PRC,0,17
2024-09-08T07:00:00-00:00,2024-09-08T08:00:00-00:00,2024-09-08,1,0,Hourly,RD,AS_SP26_EXP,DAM,RD_CLR_PRC,0,17
2024-09-08T08:00:00-00:00,2024-09-08T09:00:00-00:00,2024-09-08,2,0,Hourly,RD,AS_NP26_EXP,DAM,RD_CLR_PRC,0,17
2024-09-08T09:00:00-00:00,2024-09-08T10:00:00-00:00,2024-09-08,3,0,Hourly,RD,AS_CAISO,DAM,RD_CLR_PRC,0,17
2024-09-08T11:00:00-00:00,2024-09-08T12:00:00-00:00,2024-09-08,5,0,Hourly,RD,AS_CAISO,DAM,RD_CLR_PRC,0,17
2024-09-08T13:00:00-00:00,2024-09-08T14:00:00-00:00,2024-09-08,7,0,Hourly,RD,AS_SP26,DAM,RD_CLR_PRC,0,17
2024-09-08T14:00:00-00:00,2024-09-08T15:00:00-00:00,2024-09-08,8,0,Hourly,RD,AS_CAISO_EXP,DAM,RD_CLR_PRC,3.05196,17
2024-09-08T15:00:00-00:00,2024-09-08T16:00:00-00:00,2024-09-08,9,0,Hourly,RD,AS_SP26,DAM,RD_CLR_PRC,0,17
2024-09-08T18:00:00-00:00,2024-09-08T19:00:00-00:00,2024-09-08,12,0,Hourly,RD,AS_SP26_EXP,DAM,RD_CLR_PRC,0,17
2024-09-08T19:00:00-00:00,2024-09-08T20:00:00-00:00,2024-09-08,13,0,Hourly,RD,AS_SP26_EXP,DAM,RD_CLR_PRC,0,17
2024-09-08T20:00:00-00:00,2024-09-08T21:00:00-00:00,2024-09-08,14,0,Hourly,RD,AS_CAISO_EXP,DAM,RD_CLR_PRC,3.63504,17
2024-09-08T20:00:00-00:00,2024-09-08T21:00:00-00:00,2024-09-08,14,0,Hourly,RD,AS_SP26,DAM,RD_CLR_PRC,0,17
2024-09-08T21:00:00-00:00,2024-09-08T22:00:00-00:00,2024-09-08,15,0,Hourly,RD,AS_SP26,DAM,RD_CLR_PRC,0,17
2024-09-09T00:00:00-00:00,2024-09-09T01:00:00-00:00,2024-09-08,18,0,Hourly,RD,AS_SP26,DAM,RD_CLR_PRC,0,17
2024-09-09T14:00:00-00:00,2024-09-09T15:00:00-00:00,2024-09-09,8,0,Hourly,RD,AS_NP26_EXP,DAM,RD_CLR_PRC,0,18
2024-09-09T15:00:00-00:00,2024-09-09T16:00:00-00:00,2024-09-09,9,0,Hourly,RD,AS_NP26_EXP,DAM,RD_CLR_PRC,0,18
2024-09-09T15:00:00-00:00,2024-09-09T16:00:00-00:00,2024-09-09,9,0,Hourly,RD,AS_SP26_EXP,DAM,RD_CLR_PRC,2.12624,18
2024-09-09T18:00:00-00:00,2024-09-09T19:00:00-00:00,2024-09-09,12,0,Hourly,RD,AS_CAISO_EXP,DAM,RD_CLR_PRC,5.86995,18
2024-09-09T19:00:00-00:00,2024-09-09T20:00:00-00:00,2024-09-09,13,0,Hourly,RD,AS_CAISO,DAM,RD_CLR_PRC,0,18
2024-09-09T19:00:00-00:00,2024-09-09T20:00:00-00:00,2024-09-09,13,0,Hourly,RD,AS_CAISO_EXP,DAM,RD_CLR_PRC,5.30442,18
2024-09-09T20:00:00-00:00,2024-09-09T21:00:00-00:00,2024-09-09,14,0,Hourly,RD,AS_CAISO,DAM,RD_CLR_PRC,0,18
2024-09-09T20:00:00-00:00,2024-09-09T21:00:00-00:00,2024-09-09,14,0,Hourly,RD,AS_NP26,DAM,RD_CLR_PRC,0,18
2024-09-09T23:00:00-00:00,2024-09-10T00:00:00-00:00,2024-09-09,17,0,Hourly,RD,AS_CAISO_EXP,DAM,RD_CLR_PRC,6,18
2024-09-10T00:00:00-00:00,2024-09-10T01:00:00-00:00,2024-09-09,18,0,Hourly,RD,AS_NP26_EXP,DAM,RD_CLR_PRC,1.92,18
2024-09-10T01:00:00-00:00,2024-09-10T02:00:00-00:00,2024-09-09,19,0,Hourly,RD,AS_NP26,DAM,RD_CLR_PRC,0,18
2024-09-10T02:00:00-00:00,2024-09-10T03:00:00-00:00,2024-09-09,20,0,Hourly,RD,AS_NP26,DAM,RD_CLR_PRC,0,18
2024-09-10T05:00:00-00:00,2024-09-10T06:00:00-00:00,2024-09-09,23,0,Hourly,RD,AS_CAISO_EXP,DAM,RD_CLR_PRC,2.81498,18
2024-09-10T05:00:00-00:00,2024-09-10T06:00:00-00:00,2024-09-09,23,0,Hourly,RD,AS_NP26_EXP,DAM,RD_CLR_PRC,3.29502,18
2024-09-10T05:00:00-00:00,2024-09-10T06:00:00-00:00,2024-09-09,23,0,Hourly,RD,AS_SP26,DAM,RD_CLR_PRC,0,18
2024-09-10T06:00:00-00:00,2024-09-10T07:00:00-00:00,2024-09-09,24,0,Hourly,RD,AS_SP26_EXP,DAM,RD_CLR_PRC,0,18
2024-09-09T23:00:00-00:00,2024-09-10T00:00:00-00:00,2024-09-09,17,0,Hourly,RD,AS_SP26_EXP,DAM,RD_CLR_PRC,0,18
2024-09-10T00:00:00-00:00,2024-09-10T01:00:00-00:00,2024-09-09,18,0,Hourly,RD,AS_NP26,DAM,RD_CLR_PRC,0,18
2024-09-10T02:00:00-00:00,2024-09-10T03:00:00-00:00,2024-09-09,20,0,Hourly,RD,AS_SP26,DAM,RD_CLR_PRC,0,18
2024-09-10T03:00:00-00:00,2024-09-10T04:00:00-00:00,2024-09-09,21,0,Hourly,RD,AS_CAISO,DAM,RD_CLR_PRC,0,18
2024-09-10T04:00:00-00:00,2024-09-10T05:00:00-00:00,2024-09-09,22,0,Hourly,RD,AS_CAISO,DAM,RD_CLR_PRC,0,18
2024-09-10T04:00:00-00:00,2024-09-10T05:00:00-00:00,2024-09-09,22,0,Hourly,RD,AS_SP26,DAM,RD_CLR_PRC,0,18
2024-09-10T05:00:00-00:00,2024-09-10T06:00:00-00:00,2024-09-09,23,0,Hourly,RD,AS_SP26_EXP,DAM,RD_CLR_PRC,0,18
2024-09-09T07:00:00-00:00,2024-09-09T08:00:00-00:00,2024-09-09,1,0,Hourly,RD,AS_CAISO,DAM,RD_CLR_PRC,0,18
2024-09-09T08:00:00-00:00,2024-09-09T09:00:00-00:00,2024-09-09,2,0,Hourly,RD,AS_CAISO,DAM,RD_CLR_PRC,0,18
2024-09-09T08:00:00-00:00,2024-09-09T09:00:00-00:00,2024-09-09,2,0,Hourly,RD,AS_NP26,DAM,RD_CLR_PRC,0,18
2024-09-09T09:00:00-00:00,2024-09-09T10:00:00-00:00,2024-09-09,3,0,Hourly,RD,AS_NP26,DAM,RD_CLR_PRC,0,18
2024-09-09T10:00:00-00:00,2024-09-09T11:00:00-00:00,2024-09-09,4,0,Hourly,RD,AS_CAISO_EXP,DAM,RD_CLR_PRC,5,18
2024-09-09T10:00:00-00:00,2024-09-09T11:00:00-00:00,2024-09-09,4,0,Hourly,RD,AS_SP26_EXP,DAM,RD_CLR_PRC,0,18
2024-09-09T12:00:00-00:00,2024-09-09T13:00:00-00:00,2024-09-09,6,0,Hourly,RD,AS_CAISO,DAM,RD_CLR_PRC,0,18
2024-09-09T12:00:00-00:00,2024-09-09T13:00:00-00:00,2024-09-09,6,0,Hourly,RD,AS_NP26_EXP,DAM,RD_CLR_PRC,0,18
2024-09-09T12:00:00-00:00,2024-09-09T13:00:00-00:00,2024-09-09,6,0,Hourly,RD,AS_SP26,DAM,RD_CLR_PRC,0,18
2024-09-09T13:00:00-00:00,2024-09-09T14:00:00-00:00,2024-09-09,7,0,Hourly,RD,AS_SP26,DAM,RD_CLR_PRC,0,18
2024-09-09T13:00:00-00:00,2024-09-09T14:00:00-00:00,2024-09-09,7,0,Hourly,RD,AS_SP26_EXP,DAM,RD_CLR_PRC,0,18
2024-09-09T14:00:00-00:00,2024-09-09T15:00:00-00:00,2024-09-09,8,0,Hourly,RD,AS_SP26_EXP,DAM,RD_CLR_PRC,0,18
2024-09-09T15:00:00-00:00,2024-09-09T16:00:00-00:00,2024-09-09,9,0,Hourly,RD,AS_CAISO_EXP,DAM,RD_CLR_PRC,6.17116,18
2024-09-09T16:00:00-00:00,2024-09-09T17:00:00-00:00,2024-09-09,10,0,Hourly,RD,AS_CAISO_EXP,DAM,RD_CLR_PRC,6,18
2024-09-09T16:00:00-00:00,2024-09-09T17:00:00-00:00,2024-09-09,10,0,Hourly,RD,AS_SP26_EXP,DAM,RD_CLR_PRC,0.51536,18
2024-09-09T17:00:00-00:00,2024-09-09T18:00:00-00:00,2024-09-09,11,0,Hourly,RD,AS_SP26,DAM,RD_CLR_PRC,0,18
2024-09-09T17:00:00-00:00,2024-09-09T18:00:00-00:00,2024-09-09,11,0,Hourly,RD,AS_SP26_EXP,DAM,RD_CLR_PRC,0,18
2024-09-09T18:00:00-00:00,2024-09-09T19:00:00-00:00,2024-09-09,12,0,Hourly,RD,AS_NP26,DAM,RD_CLR_PRC,0,18
2024-09-09T21:00:00-00:00,2024-09-09T22:00:00-00:00,2024-09-09,15,0,Hourly,RD,AS_SP26_EXP,DAM,RD_CLR_PRC,3.02034,18
2024-09-09T22:00:00-00:00,2024-09-09T23:00:00-00:00,2024-09-09,16,0,Hourly,RD,AS_SP26,DAM,RD_CLR_PRC,0,18
2024-09-10T00:00:00-00:00,2024-09-10T01:00:00-00:00,2024-09-09,18,0,Hourly,RD,AS_SP26,DAM,RD_CLR_PRC,0,18
2024-09-10T00:00:00-00:00,2024-09-10T01:00:00-00:00,2024-09-09,18,0,Hourly,RD,AS_SP26_EXP,DAM,RD_CLR_PRC,0,18
2024-09-10T01:00:00-00:00,2024-09-10T02:00:00-00:00,2024-09-09,19,0,Hourly,RD,AS_NP26_EXP,DAM,RD_CLR_PRC,17.90629,18
2024-09-10T01:00:00-00:00,2024-09-10T02:00:00-00:00,2024-09-09,19,0,Hourly,RD,AS_SP26_EXP,DAM,RD_CLR_PRC,0,18
2024-09-10T02:00:00-00:00,2024-09-10T03:00:00-00:00,2024-09-09,20,0,Hourly,RD,AS_NP26_EXP,DAM,RD_CLR_PRC,0,18
2024-09-10T03:00:00-00:00,2024-09-10T04:00:00-00:00,2024-09-09,21,0,Hourly,RD,AS_CAISO_EXP,DAM,RD_CLR_PRC,6.09,18
2024-09-10T03:00:00-00:00,2024-09-10T04:00:00-00:00,2024-09-09,21,0,Hourly,RD,AS_SP26,DAM,RD_CLR_PRC,0,18
2024-09-10T06:00:00-00:00,2024-09-10T07:00:00-00:00,2024-09-09,24,0,Hourly,RD,AS_NP26,DAM,RD_CLR_PRC,0,18
2024-09-09T10:00:00-00:00,2024-09-09T11:00:00-00:00,2024-09-09,4,0,Hourly,RD,AS_CAISO,DAM,RD_CLR_PRC,0,18
2024-09-09T14:00:00-00:00,2024-09-09T15:00:00-00:00,2024-09-09,8,0,Hourly,RD,AS_CAISO_EXP,DAM,RD_CLR_PRC,6.49751,18
2024-09-09T16:00:00-00:00,2024-09-09T17:00:00-00:00,2024-09-09,10,0,Hourly,RD,AS_NP26,DAM,RD_CLR_PRC,0,18
2024-09-09T16:00:00-00:00,2024-09-09T17:00:00-00:00,2024-09-09,10,0,Hourly,RD,AS_NP26_EXP,DAM,RD_CLR_PRC,0,18
2024-09-09T18:00:00-00:00,2024-09-09T19:00:00-00:00,2024-09-09,12,0,Hourly,RD,AS_SP26_EXP,DAM,RD_CLR_PRC,0,18
2024-09-09T19:00:00-00:00,2024-09-09T20:00:00-00:00,2024-09-09,13,0,Hourly,RD,AS_NP26,DAM,RD_CLR_PRC,0,18
2024-09-09T21:00:00-00:00,2024-09-09T22:00:00-00:00,2024-09-09,15,0,Hourly,RD,AS_NP26,DAM,RD_CLR_PRC,0,18
2024-09-09T21:00:00-00:00,2024-09-09T22:00:00-00:00,2024-09-09,15,0,Hourly,RD,AS_SP26,DAM,RD_CLR_PRC,0,18
2024-09-09T23:00:00-00:00,2024-09-10T00:00:00-00:00,2024-09-09,17,0,Hourly,RD,AS_CAISO,DAM,RD_CLR_PRC,0,18
2024-09-10T00:00:00-00:00,2024-09-10T01:00:00-00:00,2024-09-09,18,0,Hourly,RD,AS_CAISO,DAM,RD_CLR_PRC,0,18
2024-09-10T03:00:00-00:00,2024-09-10T04:00:00-00:00,2024-09-09,21,0,Hourly,RD,AS_NP26_EXP,DAM,RD_CLR_PRC,1.02,18
2024-09-10T05:00:00-00:00,2024-09-10T06:00:00-00:00,2024-09-09,23,0,Hourly,RD,AS_NP26,DAM,RD_CLR_PRC,0,18
2024-09-10T06:00:00-00:00,2024-09-10T07:00:00-00:00,2024-09-09,24,0,Hourly,RD,AS_CAISO,DAM,RD_CLR_PRC,0,18
2024-09-09T08:00:00-00:00,2024-09-09T09:00:00-00:00,2024-09-09,2,0,Hourly,RD,AS_CAISO_EXP,DAM,RD_CLR_PRC,6,18
2024-09-09T08:00:00-00:00,2024-09-09T09:00:00-00:00,2024-09-09,2,0,Hourly,RD,AS_NP26_EXP,DAM,RD_CLR_PRC,0,18
2024-09-09T08:00:00-00:00,2024-09-09T09:00:00-00:00,2024-09-09,2,0,Hourly,RD,AS_SP26,DAM,RD_CLR_PRC,0,18
2024-09-09T09:00:00-00:00,2024-09-09T10:00:00-00:00,2024-09-09,3,0,Hourly,RD,AS_SP26,DAM,RD_CLR_PRC,0,18
2024-09-09T09:00:00-00:00,2024-09-09T10:00:00-00:00,2024-09-09,3,0,Hourly,RD,AS_SP26_EXP,DAM,RD_CLR_PRC,0,18
2024-09-09T17:00:00-00:00,2024-09-09T18:00:00-00:00,2024-09-09,11,0,Hourly,RD,AS_NP26,DAM,RD_CLR_PRC,0,18
2024-09-09T20:00:00-00:00,2024-09-09T21:00:00-00:00,2024-09-09,14,0,Hourly,RD,AS_SP26_EXP,DAM,RD_CLR_PRC,0,18
2024-09-10T06:00:00-00:00,2024-09-10T07:00:00-00:00,2024-09-09,24,0,Hourly,RD,AS_CAISO_EXP,DAM,RD_CLR_PRC,4.69,18
2024-09-09T07:00:00-00:00,2024-09-09T08:00:00-00:00,2024-09-09,1,0,Hourly,RD,AS_NP26,DAM,RD_CLR_PRC,0,18
2024-09-09T07:00:00-00:00,2024-09-09T08:00:00-00:00,2024-09-09,1,0,Hourly,RD,AS_SP26,DAM,RD_CLR_PRC,0,18
2024-09-09T09:00:00-00:00,2024-09-09T10:00:00-00:00,2024-09-09,3,0,Hourly,RD,AS_NP26_EXP,DAM,RD_CLR_PRC,0,18
2024-09-09T10:00:00-00:00,2024-09-09T11:00:00-00:00,2024-09-09,4,0,Hourly,RD,AS_NP26_EXP,DAM,RD_CLR_PRC,0,18
2024-09-09T10:00:00-00:00,2024-09-09T11:00:00-00:00,2024-09-09,4,0,Hourly,RD,AS_SP26,DAM,RD_CLR_PRC,0,18
2024-09-09T11:00:00-00:00,2024-09-09T12:00:00-00:00,2024-09-09,5,0,Hourly,RD,AS_NP26_EXP,DAM,RD_CLR_PRC,0,18
2024-09-09T13:00:00-00:00,2024-09-09T14:00:00-00:00,2024-09-09,7,0,Hourly,RD,AS_CAISO_EXP,DAM,RD_CLR_PRC,7.92314,18
2024-09-09T13:00:00-00:00,2024-09-09T14:00:00-00:00,2024-09-09,7,0,Hourly,RD,AS_NP26_EXP,DAM,RD_CLR_PRC,0.06686,18
2024-09-09T07:00:00-00:00,2024-09-09T08:00:00-00:00,2024-09-09,1,0,Hourly,RD,AS_SP26_EXP,DAM,RD_CLR_PRC,0,18
2024-09-09T09:00:00-00:00,2024-09-09T10:00:00-00:00,2024-09-09,3,0,Hourly,RD,AS_CAISO,DAM,RD_CLR_PRC,0,18
2024-09-09T09:00:00-00:00,2024-09-09T10:00:00-00:00,2024-09-09,3,0,Hourly,RD,AS_CAISO_EXP,DAM,RD_CLR_PRC,6,18
2024-09-09T11:00:00-00:00,2024-09-09T12:00:00-00:00,2024-09-09,5,0,Hourly,RD,AS_CAISO,DAM,RD_CLR_PRC,0,18
2024-09-09T11:00:00-00:00,2024-09-09T12:00:00-00:00,2024-09-09,5,0,Hourly,RD,AS_CAISO_EXP,DAM,RD_CLR_PRC,5,18
2024-09-09T12:00:00-00:00,2024-09-09T13:00:00-00:00,2024-09-09,6,0,Hourly,RD,AS_CAISO_EXP,DAM,RD_CLR_PRC,6,18
2024-09-09T12:00:00-00:00,2024-09-09T13:00:00-00:00,2024-09-09,6,0,Hourly,RD,AS_NP26,DAM,RD_CLR_PRC,0,18
2024-09-09T13:00:00-00:00,2024-09-09T14:00:00-00:00,2024-09-09,7,0,Hourly,RD,AS_NP26,DAM,RD_CLR_PRC,0,18
2024-09-09T15:00:00-00:00,2024-09-09T16:00:00-00:00,2024-09-09,9,0,Hourly,RD,AS_NP26,DAM,RD_CLR_PRC,0,18
2024-09-09T18:00:00-00:00,2024-09-09T19:00:00-00:00,2024-09-09,12,0,Hourly,RD,AS_CAISO,DAM,RD_CLR_PRC,0,18
2024-09-09T20:00:00-00:00,2024-09-09T21:00:00-00:00,2024-09-09,14,0,Hourly,RD,AS_SP26,DAM,RD_CLR_PRC,0,18
2024-09-09T23:00:00-00:00,2024-09-10T00:00:00-00:00,2024-09-09,17,0,Hourly,RD,AS_NP26_EXP,DAM,RD_CLR_PRC,0,18
2024-09-10T00:00:00-00:00,2024-09-10T01:00:00-00:00,2024-09-09,18,0,Hourly,RD,AS_CAISO_EXP,DAM,RD_CLR_PRC,6.07,18
2024-09-10T01:00:00-00:00,2024-09-10T02:00:00-00:00,2024-09-09,19,0,Hourly,RD,AS_CAISO_EXP,DAM,RD_CLR_PRC,7.05755,18
2024-09-10T02:00:00-00:00,2024-09-10T03:00:00-00:00,2024-09-09,20,0,Hourly,RD,AS_CAISO,DAM,RD_CLR_PRC,0,18
2024-09-10T05:00:00-00:00,2024-09-10T06:00:00-00:00,2024-09-09,23,0,Hourly,RD,AS_CAISO,DAM,RD_CLR_PRC,0,18
2024-09-10T06:00:00-00:00,2024-09-10T07:00:00-00:00,2024-09-09,24,0,Hourly,RD,AS_SP26,DAM,RD_CLR_PRC,0,18
2024-09-09T07:00:00-00:00,2024-09-09T08:00:00-00:00,2024-09-09,1,0,Hourly,RD,AS_CAISO_EXP,DAM,RD_CLR_PRC,6,18
2024-09-09T11:00:00-00:00,2024-09-09T12:00:00-00:00,2024-09-09,5,0,Hourly,RD,AS_NP26,DAM,RD_CLR_PRC,0,18
2024-09-09T11:00:00-00:00,2024-09-09T12:00:00-00:00,2024-09-09,5,0,Hourly,RD,AS_SP26,DAM,RD_CLR_PRC,0,18
2024-09-09T11:00:00-00:00,2024-09-09T12:00:00-00:00,2024-09-09,5,0,Hourly,RD,AS_SP26_EXP,DAM,RD_CLR_PRC,0,18
2024-09-09T13:00:00-00:00,2024-09-09T14:00:00-00:00,2024-09-09,7,0,Hourly,RD,AS_CAISO,DAM,RD_CLR_PRC,0,18
2024-09-09T14:00:00-00:00,2024-09-09T15:00:00-00:00,2024-09-09,8,0,Hourly,RD,AS_CAISO,DAM,RD_CLR_PRC,0,18
2024-09-09T15:00:00-00:00,2024-09-09T16:00:00-00:00,2024-09-09,9,0,Hourly,RD,AS_CAISO,DAM,RD_CLR_PRC,0,18
2024-09-09T16:00:00-00:00,2024-09-09T17:00:00-00:00,2024-09-09,10,0,Hourly,RD,AS_SP26,DAM,RD_CLR_PRC,0,18
2024-09-09T17:00:00-00:00,2024-09-09T18:00:00-00:00,2024-09-09,11,0,Hourly,RD,AS_CAISO_EXP,DAM,RD_CLR_PRC,6,18
2024-09-09T20:00:00-00:00,2024-09-09T21:00:00-00:00,2024-09-09,14,0,Hourly,RD,AS_CAISO_EXP,DAM,RD_CLR_PRC,5.73129,18
2024-09-09T21:00:00-00:00,2024-09-09T22:00:00-00:00,2024-09-09,15,0,Hourly,RD,AS_CAISO_EXP,DAM,RD_CLR_PRC,8.74,18
2024-09-09T22:00:00-00:00,2024-09-09T23:00:00-00:00,2024-09-09,16,0,Hourly,RD,AS_CAISO,DAM,RD_CLR_PRC,0,18
2024-09-09T22:00:00-00:00,2024-09-09T23:00:00-00:00,2024-09-09,16,0,Hourly,RD,AS_NP26_EXP,DAM,RD_CLR_PRC,0,18
2024-09-09T23:00:00-00:00,2024-09-10T00:00:00-00:00,2024-09-09,17,0,Hourly,RD,AS_SP26,DAM,RD_CLR_PRC,0,18
2024-09-10T01:00:00-00:00,2024-09-10T02:00:00-00:00,2024-09-09,19,0,Hourly,RD,AS_CAISO,DAM,RD_CLR_PRC,0,18
2024-09-10T02:00:00-00:00,2024-09-10T03:00:00-00:00,2024-09-09,20,0,Hourly,RD,AS_SP26_EXP,DAM,RD_CLR_PRC,0,18
2024-09-10T03:00:00-00:00,2024-09-10T04:00:00-00:00,2024-09-09,21,0,Hourly,RD,AS_SP26_EXP,DAM,RD_CLR_PRC,0,18
2024-09-10T04:00:00-00:00,2024-09-10T05:00:00-00:00,2024-09-09,22,0,Hourly,RD,AS_NP26,DAM,RD_CLR_PRC,0,18
2024-09-10T04:00:00-00:00,2024-09-10T05:00:00-00:00,2024-09-09,22,0,Hourly,RD,AS_NP26_EXP,DAM,RD_CLR_PRC,0,18
2024-09-10T04:00:00-00:00,2024-09-10T05:00:00-00:00,2024-09-09,22,0,Hourly,RD,AS_SP26_EXP,DAM,RD_CLR_PRC,0,18
2024-09-10T06:00:00-00:00,2024-09-10T07:00:00-00:00,2024-09-09,24,0,Hourly,RD,AS_NP26_EXP,DAM,RD_CLR_PRC,1.42,18
2024-09-09T07:00:00-00:00,2024-09-09T08:00:00-00:00,2024-09-09,1,0,Hourly,RD,AS_NP26_EXP,DAM,RD_CLR_PRC,0,18
2024-09-09T10:00:00-00:00,2024-09-09T11:00:00-00:00,2024-09-09,4,0,Hourly,RD,AS_NP26,DAM,RD_CLR_PRC,0,18
2024-09-09T12:00:00-00:00,2024-09-09T13:00:00-00:00,2024-09-09,6,0,Hourly,RD,AS_SP26_EXP,DAM,RD_CLR_PRC,0.20739,18
2024-09-09T14:00:00-00:00,2024-09-09T15:00:00-00:00,2024-09-09,8,0,Hourly,RD,AS_SP26,DAM,RD_CLR_PRC,0,18
2024-09-09T17:00:00-00:00,2024-09-09T18:00:00-00:00,2024-09-09,11,0,Hourly,RD,AS_NP26_EXP,DAM,RD_CLR_PRC,0,18
2024-09-09T18:00:00-00:00,2024-09-09T19:00:00-00:00,2024-09-09,12,0,Hourly,RD,AS_SP26,DAM,RD_CLR_PRC,0,18
2024-09-09T19:00:00-00:00,2024-09-09T20:00:00-00:00,2024-09-09,13,0,Hourly,RD,AS_SP26,DAM,RD_CLR_PRC,0,18
2024-09-09T21:00:00-00:00,2024-09-09T22:00:00-00:00,2024-09-09,15,0,Hourly,RD,AS_CAISO,DAM,RD_CLR_PRC,0,18
2024-09-09T22:00:00-00:00,2024-09-09T23:00:00-00:00,2024-09-09,16,0,Hourly,RD,AS_CAISO_EXP,DAM,RD_CLR_PRC,6,18
2024-09-09T22:00:00-00:00,2024-09-09T23:00:00-00:00,2024-09-09,16,0,Hourly,RD,AS_SP26_EXP,DAM,RD_CLR_PRC,0,18
2024-09-09T23:00:00-00:00,2024-09-10T00:00:00-00:00,2024-09-09,17,0,Hourly,RD,AS_NP26,DAM,RD_CLR_PRC,0,18
2024-09-10T01:00:00-00:00,2024-09-10T02:00:00-00:00,2024-09-09,19,0,Hourly,RD,AS_SP26,DAM,RD_CLR_PRC,0,18
2024-09-10T02:00:00-00:00,2024-09-10T03:00:00-00:00,2024-09-09,20,0,Hourly,RD,AS_CAISO_EXP,DAM,RD_CLR_PRC,19.46043,18
2024-09-10T03:00:00-00:00,2024-09-10T04:00:00-00:00,2024-09-09,21,0,Hourly,RD,AS_NP26,DAM,RD_CLR_PRC,0,18
2024-09-10T04:00:00-00:00,2024-09-10T05:00:00-00:00,2024-09-09,22,0,Hourly,RD,AS_CAISO_EXP,DAM,RD_CLR_PRC,5.99,18
2024-09-09T08:00:00-00:00,2024-09-09T09:00:00-00:00,2024-09-09,2,0,Hourly,RD,AS_SP26_EXP,DAM,RD_CLR_PRC,0.95414,18
2024-09-09T14:00:00-00:00,2024-09-09T15:00:00-00:00,2024-09-09,8,0,Hourly,RD,AS_NP26,DAM,RD_CLR_PRC,0,18
2024-09-09T15:00:00-00:00,2024-09-09T16:00:00-00:00,2024-09-09,9,0,Hourly,RD,AS_SP26,DAM,RD_CLR_PRC,0,18
2024-09-09T16:00:00-00:00,2024-09-09T17:00:00-00:00,2024-09-09,10,0,Hourly,RD,AS_CAISO,DAM,RD_CLR_PRC,0,18
2024-09-09T17:00:00-00:00,2024-09-09T18:00:00-00:00,2024-09-09,11,0,Hourly,RD,AS_CAISO,DAM,RD_CLR_PRC,0,18
2024-09-09T18:00:00-00:00,2024-09-09T19:00:00-00:00,2024-09-09,12,0,Hourly,RD,AS_NP26_EXP,DAM,RD_CLR_PRC,0,18
2024-09-09T19:00:00-00:00,2024-09-09T20:00:00-00:00,2024-09-09,13,0,Hourly,RD,AS_NP26_EXP,DAM,RD_CLR_PRC,0,18
2024-09-09T19:00:00-00:00,2024-09-09T20:00:00-00:00,2024-09-09,13,0,Hourly,RD,AS_SP26_EXP,DAM,RD_CLR_PRC,0,18
2024-09-09T20:00:00-00:00,2024-09-09T21:00:00-00:00,2024-09-09,14,0,Hourly,RD,AS_NP26_EXP,DAM,RD_CLR_PRC,0,18
2024-09-09T21:00:00-00:00,2024-09-09T22:00:00-00:00,2024-09-09,15,0,Hourly,RD,AS_NP26_EXP,DAM,RD_CLR_PRC,0,18
2024-09-09T22:00:00-00:00,2024-09-09T23:00:00-00:00,2024-09-09,16,0,Hourly,RD,AS_NP26,DAM,RD_CLR_PRC,0,18
2024-09-10T12:00:00-00:00,2024-09-10T13:00:00-00:00,2024-09-10,6,0,Hourly,RD,AS_CAISO,DAM,RD_CLR_PRC,0,19
2024-09-10T12:00:00-00:00,2024-09-10T13:00:00-00:00,2024-09-10,6,0,Hourly,RD,AS_NP26,DAM,RD_CLR_PRC,0,19
2024-09-10T12:00:00-00:00,2024-09-10T13:00:00-00:00,2024-09-10,6,0,Hourly,RD,AS_SP26_EXP,DAM,RD_CLR_PRC,0,19
2024-09-10T16:00:00-00:00,2024-09-10T17:00:00-00:00,2024-09-10,10,0,Hourly,RD,AS_CAISO_EXP,DAM,RD_CLR_PRC,4.87957,19
2024-09-10T19:00:00-00:00,2024-09-10T20:00:00-00:00,2024-09-10,13,0,Hourly,RD,AS_CAISO,DAM,RD_CLR_PRC,0,19
2024-09-10T20:00:00-00:00,2024-09-10T21:00:00-00:00,2024-09-10,14,0,Hourly,RD,AS_NP26_EXP,DAM,RD_CLR_PRC,0,19
2024-09-10T20:00:00-00:00,2024-09-10T21:00:00-00:00,2024-09-10,14,0,Hourly,RD,AS_SP26,DAM,RD_CLR_PRC,0,19
2024-09-10T21:00:00-00:00,2024-09-10T22:00:00-00:00,2024-09-10,15,0,Hourly,RD,AS_CAISO_EXP,DAM,RD_CLR_PRC,5.0537,19
2024-09-10T23:00:00-00:00,2024-09-11T00:00:00-00:00,2024-09-10,17,0,Hourly,RD,AS_SP26_EXP,DAM,RD_CLR_PRC,2.06856,19
2024-09-11T01:00:00-00:00,2024-09-11T02:00:00-00:00,2024-09-10,19,0,Hourly,RD,AS_CAISO,DAM,RD_CLR_PRC,0,19
2024-09-11T01:00:00-00:00,2024-09-11T02:00:00-00:00,2024-09-10,19,0,Hourly,RD,AS_NP26_EXP,DAM,RD_CLR_PRC,2.33641,19
2024-09-11T02:00:00-00:00,2024-09-11T03:00:00-00:00,2024-09-10,20,0,Hourly,RD,AS_NP26_EXP,DAM,RD_CLR_PRC,0,19
2024-09-11T03:00:00-00:00,2024-09-11T04:00:00-00:00,2024-09-10,21,0,Hourly,RD,AS_CAISO,DAM,RD_CLR_PRC,0,19
2024-09-11T03:00:00-00:00,2024-09-11T04:00:00-00:00,2024-09-10,21,0,Hourly,RD,AS_NP26,DAM,RD_CLR_PRC,0,19
2024-09-11T05:00:00-00:00,2024-09-11T06:00:00-00:00,2024-09-10,23,0,Hourly,RD,AS_CAISO,DAM,RD_CLR_PRC,0,19
2024-09-11T06:00:00-00:00,2024-09-11T07:00:00-00:00,2024-09-10,24,0,Hourly,RD,AS_SP26,DAM,RD_CLR_PRC,0,19
2024-09-11T04:00:00-00:00,2024-09-11T05:00:00-00:00,2024-09-10,22,0,Hourly,RD,AS_NP26,DAM,RD_CLR_PRC,0,19
2024-09-11T05:00:00-00:00,2024-09-11T06:00:00-00:00,2024-09-10,23,0,Hourly,RD,AS_SP26_EXP,DAM,RD_CLR_PRC,0.91,19
2024-09-10T08:00:00-00:00,2024-09-10T09:00:00-00:00,2024-09-10,2,0,Hourly,RD,AS_NP26_EXP,DAM,RD_CLR_PRC,0,19
2024-09-10T11:00:00-00:00,2024-09-10T12:00:00-00:00,2024-09-10,5,0,Hourly,RD,AS_CAISO,DAM,RD_CLR_PRC,0,19
2024-09-10T15:00:00-00:00,2024-09-10T16:00:00-00:00,2024-09-10,9,0,Hourly,RD,AS_NP26_EXP,DAM,RD_CLR_PRC,0.57227,19
2024-09-10T16:00:00-00:00,2024-09-10T17:00:00-00:00,2024-09-10,10,0,Hourly,RD,AS_SP26_EXP,DAM,RD_CLR_PRC,0,19
2024-09-10T17:00:00-00:00,2024-09-10T18:00:00-00:00,2024-09-10,11,0,Hourly,RD,AS_NP26_EXP,DAM,RD_CLR_PRC,0,19
2024-09-10T22:00:00-00:00,2024-09-10T23:00:00-00:00,2024-09-10,16,0,Hourly,RD,AS_NP26_EXP,DAM,RD_CLR_PRC,0,19
2024-09-10T23:00:00-00:00,2024-09-11T00:00:00-00:00,2024-09-10,17,0,Hourly,RD,AS_CAISO,DAM,RD_CLR_PRC,0,19
2024-09-11T02:00:00-00:00,2024-09-11T03:00:00-00:00,2024-09-10,20,0,Hourly,RD,AS_NP26,DAM,RD_CLR_PRC,0,19
2024-09-11T03:00:00-00:00,2024-09-11T04:00:00-00:00,2024-09-10,21,0,Hourly,RD,AS_NP26_EXP,DAM,RD_CLR_PRC,1.35,19
2024-09-11T05:00:00-00:00,2024-09-11T06:00:00-00:00,2024-09-10,23,0,Hourly,RD,AS_NP26,DAM,RD_CLR_PRC,0,19
2024-09-11T06:00:00-00:00,2024-09-11T07:00:00-00:00,2024-09-10,24,0,Hourly,RD,AS_CAISO_EXP,DAM,RD_CLR_PRC,6,19
2024-09-11T06:00:00-00:00,2024-09-11T07:00:00-00:00,2024-09-10,24,0,Hourly,RD,AS_NP26_EXP,DAM,RD_CLR_PRC,0,19
2024-09-11T06:00:00-00:00,2024-09-11T07:00:00-00:00,2024-09-10,24,0,Hourly,RD,AS_SP26_EXP,DAM,RD_CLR_PRC,0,19
2024-09-10T07:00:00-00:00,2024-09-10T08:00:00-00:00,2024-09-10,1,0,Hourly,RD,AS_CAISO_EXP,DAM,RD_CLR_PRC,5.42529,19
2024-09-10T08:00:00-00:00,2024-09-10T09:00:00-00:00,2024-09-10,2,0,Hourly,RD,AS_NP26,DAM,RD_CLR_PRC,0,19
2024-09-10T08:00:00-00:00,2024-09-10T09:00:00-00:00,2024-09-10,2,0,Hourly,RD,AS_SP26,DAM,RD_CLR_PRC,0,19
2024-09-10T09:00:00-00:00,2024-09-10T10:00:00-00:00,2024-09-10,3,0,Hourly,RD,AS_NP26,DAM,RD_CLR_PRC,0,19
2024-09-10T10:00:00-00:00,2024-09-10T11:00:00-00:00,2024-09-10,4,0,Hourly,RD,AS_SP26_EXP,DAM,RD_CLR_PRC,0,19
2024-09-10T13:00:00-00:00,2024-09-10T14:00:00-00:00,2024-09-10,7,0,Hourly,RD,AS_SP26_EXP,DAM,RD_CLR_PRC,0,19
2024-09-10T17:00:00-00:00,2024-09-10T18:00:00-00:00,2024-09-10,11,0,Hourly,RD,AS_CAISO_EXP,DAM,RD_CLR_PRC,4.61411,19
2024-09-10T20:00:00-00:00,2024-09-10T21:00:00-00:00,2024-09-10,14,0,Hourly,RD,AS_CAISO,DAM,RD_CLR_PRC,0,19
2024-09-11T00:00:00-00:00,2024-09-11T01:00:00-00:00,2024-09-10,18,0,Hourly,RD,AS_CAISO,DAM,RD_CLR_PRC,0,19
2024-09-11T01:00:00-00:00,2024-09-11T02:00:00-00:00,2024-09-10,19,0,Hourly,RD,AS_SP26_EXP,DAM,RD_CLR_PRC,0,19
2024-09-11T02:00:00-00:00,2024-09-11T03:00:00-00:00,2024-09-10,20,0,Hourly,RD,AS_CAISO,DAM,RD_CLR_PRC,0,19
2024-09-11T02:00:00-00:00,2024-09-11T03:00:00-00:00,2024-09-10,20,0,Hourly,RD,AS_SP26_EXP,DAM,RD_CLR_PRC,0,19
2024-09-11T03:00:00-00:00,2024-09-11T04:00:00-00:00,2024-09-10,21,0,Hourly,RD,AS_SP26,DAM,RD_CLR_PRC,0,19
2024-09-10T09:00:00-00:00,2024-09-10T10:00:00-00:00,2024-09-10,3,0,Hourly,RD,AS_CAISO,DAM,RD_CLR_PRC,0,19
2024-09-10T09:00:00-00:00,2024-09-10T10:00:00-00:00,2024-09-10,3,0,Hourly,RD,AS_CAISO_EXP,DAM,RD_CLR_PRC,5.44199,19
2024-09-10T09:00:00-00:00,2024-09-10T10:00:00-00:00,2024-09-10,3,0,Hourly,RD,AS_SP26,DAM,RD_CLR_PRC,0,19
2024-09-10T14:00:00-00:00,2024-09-10T15:00:00-00:00,2024-09-10,8,0,Hourly,RD,AS_NP26_EXP,DAM,RD_CLR_PRC,0,19
2024-09-10T16:00:00-00:00,2024-09-10T17:00:00-00:00,2024-09-10,10,0,Hourly,RD,AS_NP26_EXP,DAM,RD_CLR_PRC,0,19
2024-09-10T17:00:00-00:00,2024-09-10T18:00:00-00:00,2024-09-10,11,0,Hourly,RD,AS_SP26,DAM,RD_CLR_PRC,0,19
2024-09-10T18:00:00-00:00,2024-09-10T19:00:00-00:00,2024-09-10,12,0,Hourly,RD,AS_SP26,DAM,RD_CLR_PRC,0,19
2024-09-10T19:00:00-00:00,2024-09-10T20:00:00-00:00,2024-09-10,13,0,Hourly,RD,AS_SP26,DAM,RD_CLR_PRC,0,19
2024-09-10T19:00:00-00:00,2024-09-10T20:00:00-00:00,2024-09-10,13,0,Hourly,RD,AS_SP26_EXP,DAM,RD_CLR_PRC,0,19
2024-09-10T20:00:00-00:00,2024-09-10T21:00:00-00:00,2024-09-10,14,0,Hourly,RD,AS_SP26_EXP,DAM,RD_CLR_PRC,0,19
2024-09-10T22:00:00-00:00,2024-09-10T23:00:00-00:00,2024-09-10,16,0,Hourly,RD,AS_CAISO_EXP,DAM,RD_CLR_PRC,6,19
2024-09-11T00:00:00-00:00,2024-09-11T01:00:00-00:00,2024-09-10,18,0,Hourly,RD,AS_SP26,DAM,RD_CLR_PRC,0,19
2024-09-11T05:00:00-00:00,2024-09-11T06:00:00-00:00,2024-09-10,23,0,Hourly,RD,AS_NP26_EXP,DAM,RD_CLR_PRC,0,19
2024-09-11T06:00:00-00:00,2024-09-11T07:00:00-00:00,2024-09-10,24,0,Hourly,RD,AS_CAISO,DAM,RD_CLR_PRC,0,19
2024-09-10T07:00:00-00:00,2024-09-10T08:00:00-00:00,2024-09-10,1,0,Hourly,RD,AS_SP26_EXP,DAM,RD_CLR_PRC,0,19
2024-09-10T09:00:00-00:00,2024-09-10T10:00:00-00:00,2024-09-10,3,0,Hourly,RD,AS_NP26_EXP,DAM,RD_CLR_PRC,0,19
2024-09-10T09:00:00-00:00,2024-09-10T10:00:00-00:00,2024-09-10,3,0,Hourly,RD,AS_SP26_EXP,DAM,RD_CLR_PRC,0,19
2024-09-10T11:00:00-00:00,2024-09-10T12:00:00-00:00,2024-09-10,5,0,Hourly,RD,AS_NP26,DAM,RD_CLR_PRC,0,19
2024-09-10T14:00:00-00:00,2024-09-10T15:00:00-00:00,2024-09-10,8,0,Hourly,RD,AS_SP26_EXP,DAM,RD_CLR_PRC,0,19
2024-09-10T15:00:00-00:00,2024-09-10T16:00:00-00:00,2024-09-10,9,0,Hourly,RD,AS_SP26_EXP,DAM,RD_CLR_PRC,0,19
2024-09-10T18:00:00-00:00,2024-09-10T19:00:00-00:00,2024-09-10,12,0,Hourly,RD,AS_NP26,DAM,RD_CLR_PRC,0,19
2024-09-10T19:00:00-00:00,2024-09-10T20:00:00-00:00,2024-09-10,13,0,Hourly,RD,AS_NP26,DAM,RD_CLR_PRC,0,19
2024-09-10T19:00:00-00:00,2024-09-10T20:00:00-00:00,2024-09-10,13,0,Hourly,RD,AS_NP26_EXP,DAM,RD_CLR_PRC,0.03214,19
2024-09-10T21:00:00-00:00,2024-09-10T22:00:00-00:00,2024-09-10,15,0,Hourly,RD,AS_NP26_EXP,DAM,RD_CLR_PRC,0,19
2024-09-10T23:00:00-00:00,2024-09-11T00:00:00-00:00,2024-09-10,17,0,Hourly,RD,AS_SP26,DAM,RD_CLR_PRC,0,19
2024-09-11T00:00:00-00:00,2024-09-11T01:00:00-00:00,2024-09-10,18,0,Hourly,RD,AS_NP26,DAM,RD_CLR_PRC,0,19
2024-09-11T01:00:00-00:00,2024-09-11T02:00:00-00:00,2024-09-10,19,0,Hourly,RD,AS_NP26,DAM,RD_CLR_PRC,0,19
2024-09-11T00:00:00-00:00,2024-09-11T01:00:00-00:00,2024-09-10,18,0,Hourly,RD,AS_SP26_EXP,DAM,RD_CLR_PRC,0,19
2024-09-11T03:00:00-00:00,2024-09-11T04:00:00-00:00,2024-09-10,21,0,Hourly,RD,AS_SP26_EXP,DAM,RD_CLR_PRC,0,19
2024-09-11T04:00:00-00:00,2024-09-11T05:00:00-00:00,2024-09-10,22,0,Hourly,RD,AS_CAISO,DAM,RD_CLR_PRC,0,19
2024-09-11T04:00:00-00:00,2024-09-11T05:00:00-00:00,2024-09-10,22,0,Hourly,RD,AS_NP26_EXP,DAM,RD_CLR_PRC,0,19
2024-09-11T06:00:00-00:00,2024-09-11T07:00:00-00:00,2024-09-10,24,0,Hourly,RD,AS_NP26,DAM,RD_CLR_PRC,0,19
2024-09-10T07:00:00-00:00,2024-09-10T08:00:00-00:00,2024-09-10,1,0,Hourly,RD,AS_CAISO,DAM,RD_CLR_PRC,0,19
2024-09-10T08:00:00-00:00,2024-09-10T09:00:00-00:00,2024-09-10,2,0,Hourly,RD,AS_CAISO_EXP,DAM,RD_CLR_PRC,6,19
2024-09-10T10:00:00-00:00,2024-09-10T11:00:00-00:00,2024-09-10,4,0,Hourly,RD,AS_CAISO,DAM,RD_CLR_PRC,0,19
2024-09-10T11:00:00-00:00,2024-09-10T12:00:00-00:00,2024-09-10,5,0,Hourly,RD,AS_SP26_EXP,DAM,RD_CLR_PRC,0,19
2024-09-10T07:00:00-00:00,2024-09-10T08:00:00-00:00,2024-09-10,1,0,Hourly,RD,AS_NP26_EXP,DAM,RD_CLR_PRC,0,19
2024-09-10T07:00:00-00:00,2024-09-10T08:00:00-00:00,2024-09-10,1,0,Hourly,RD,AS_NP26,DAM,RD_CLR_PRC,0,19
2024-09-10T10:00:00-00:00,2024-09-10T11:00:00-00:00,2024-09-10,4,0,Hourly,RD,AS_NP26_EXP,DAM,RD_CLR_PRC,0.50328,19
2024-09-10T10:00:00-00:00,2024-09-10T11:00:00-00:00,2024-09-10,4,0,Hourly,RD,AS_SP26,DAM,RD_CLR_PRC,0,19
2024-09-10T11:00:00-00:00,2024-09-10T12:00:00-00:00,2024-09-10,5,0,Hourly,RD,AS_SP26,DAM,RD_CLR_PRC,0,19
2024-09-10T12:00:00-00:00,2024-09-10T13:00:00-00:00,2024-09-10,6,0,Hourly,RD,AS_CAISO_EXP,DAM,RD_CLR_PRC,5,19
2024-09-10T13:00:00-00:00,2024-09-10T14:00:00-00:00,2024-09-10,7,0,Hourly,RD,AS_CAISO,DAM,RD_CLR_PRC,0,19
2024-09-10T13:00:00-00:00,2024-09-10T14:00:00-00:00,2024-09-10,7,0,Hourly,RD,AS_CAISO_EXP,DAM,RD_CLR_PRC,5.64614,19
2024-09-10T13:00:00-00:00,2024-09-10T14:00:00-00:00,2024-09-10,7,0,Hourly,RD,AS_SP26,DAM,RD_CLR_PRC,0,19
2024-09-10T14:00:00-00:00,2024-09-10T15:00:00-00:00,2024-09-10,8,0,Hourly,RD,AS_NP26,DAM,RD_CLR_PRC,0,19
2024-09-10T16:00:00-00:00,2024-09-10T17:00:00-00:00,2024-09-10,10,0,Hourly,RD,AS_NP26,DAM,RD_CLR_PRC,0,19
2024-09-10T16:00:00-00:00,2024-09-10T17:00:00-00:00,2024-09-10,10,0,Hourly,RD,AS_SP26,DAM,RD_CLR_PRC,0,19
2024-09-10T19:00:00-00:00,2024-09-10T20:00:00-00:00,2024-09-10,13,0,Hourly,RD,AS_CAISO_EXP,DAM,RD_CLR_PRC,4,19
2024-09-10T20:00:00-00:00,2024-09-10T21:00:00-00:00,2024-09-10,14,0,Hourly,RD,AS_NP26,DAM,RD_CLR_PRC,0,19
2024-09-10T21:00:00-00:00,2024-09-10T22:00:00-00:00,2024-09-10,15,0,Hourly,RD,AS_CAISO,DAM,RD_CLR_PRC,0,19
2024-09-10T21:00:00-00:00,2024-09-10T22:00:00-00:00,2024-09-10,15,0,Hourly,RD,AS_NP26,DAM,RD_CLR_PRC,0,19
2024-09-10T21:00:00-00:00,2024-09-10T22:00:00-00:00,2024-09-10,15,0,Hourly,RD,AS_SP26_EXP,DAM,RD_CLR_PRC,0,19
2024-09-10T22:00:00-00:00,2024-09-10T23:00:00-00:00,2024-09-10,16,0,Hourly,RD,AS_NP26,DAM,RD_CLR_PRC,0,19
2024-09-10T22:00:00-00:00,2024-09-10T23:00:00-00:00,2024-09-10,16,0,Hourly,RD,AS_SP26_EXP,DAM,RD_CLR_PRC,0,19
2024-09-10T23:00:00-00:00,2024-09-11T00:00:00-00:00,2024-09-10,17,0,Hourly,RD,AS_NP26,DAM,RD_CLR_PRC,0,19
2024-09-11T00:00:00-00:00,2024-09-11T01:00:00-00:00,2024-09-10,18,0,Hourly,RD,AS_CAISO_EXP,DAM,RD_CLR_PRC,6,19
2024-09-11T01:00:00-00:00,2024-09-11T02:00:00-00:00,2024-09-10,19,0,Hourly,RD,AS_CAISO_EXP,DAM,RD_CLR_PRC,4.67,19
2024-09-11T03:00:00-00:00,2024-09-11T04:00:00-00:00,2024-09-10,21,0,Hourly,RD,AS_CAISO_EXP,DAM,RD_CLR_PRC,4.76,19
2024-09-11T04:00:00-00:00,2024-09-11T05:00:00-00:00,2024-09-10,22,0,Hourly,RD,AS_SP26,DAM,RD_CLR_PRC,0,19
2024-09-11T04:00:00-00:00,2024-09-11T05:00:00-00:00,2024-09-10,22,0,Hourly,RD,AS_SP26_EXP,DAM,RD_CLR_PRC,1.30303,19
2024-09-10T07:00:00-00:00,2024-09-10T08:00:00-00:00,2024-09-10,1,0,Hourly,RD,AS_SP26,DAM,RD_CLR_PRC,0,19
2024-09-10T08:00:00-00:00,2024-09-10T09:00:00-00:00,2024-09-10,2,0,Hourly,RD,AS_SP26_EXP,DAM,RD_CLR_PRC,0.62477,19
2024-09-10T11:00:00-00:00,2024-09-10T12:00:00-00:00,2024-09-10,5,0,Hourly,RD,AS_CAISO_EXP,DAM,RD_CLR_PRC,3.72442,19
2024-09-10T14:00:00-00:00,2024-09-10T15:00:00-00:00,2024-09-10,8,0,Hourly,RD,AS_CAISO,DAM,RD_CLR_PRC,0,19
2024-09-10T14:00:00-00:00,2024-09-10T15:00:00-00:00,2024-09-10,8,0,Hourly,RD,AS_CAISO_EXP,DAM,RD_CLR_PRC,6,19
2024-09-10T15:00:00-00:00,2024-09-10T16:00:00-00:00,2024-09-10,9,0,Hourly,RD,AS_NP26,DAM,RD_CLR_PRC,0,19
2024-09-10T16:00:00-00:00,2024-09-10T17:00:00-00:00,2024-09-10,10,0,Hourly,RD,AS_CAISO,DAM,RD_CLR_PRC,0,19
2024-09-10T17:00:00-00:00,2024-09-10T18:00:00-00:00,2024-09-10,11,0,Hourly,RD,AS_CAISO,DAM,RD_CLR_PRC,0,19
2024-09-10T20:00:00-00:00,2024-09-10T21:00:00-00:00,2024-09-10,14,0,Hourly,RD,AS_CAISO_EXP,DAM,RD_CLR_PRC,3.462,19
2024-09-10T22:00:00-00:00,2024-09-10T23:00:00-00:00,2024-09-10,16,0,Hourly,RD,AS_CAISO,DAM,RD_CLR_PRC,0,19
2024-09-10T22:00:00-00:00,2024-09-10T23:00:00-00:00,2024-09-10,16,0,Hourly,RD,AS_SP26,DAM,RD_CLR_PRC,0,19
2024-09-10T23:00:00-00:00,2024-09-11T00:00:00-00:00,2024-09-10,17,0,Hourly,RD,AS_NP26_EXP,DAM,RD_CLR_PRC,0,19
2024-09-11T00:00:00-00:00,2024-09-11T01:00:00-00:00,2024-09-10,18,0,Hourly,RD,AS_NP26_EXP,DAM,RD_CLR_PRC,0,19
2024-09-11T01:00:00-00:00,2024-09-11T02:00:00-00:00,2024-09-10,19,0,Hourly,RD,AS_SP26,DAM,RD_CLR_PRC,0,19
2024-09-11T02:00:00-00:00,2024-09-11T03:00:00-00:00,2024-09-10,20,0,Hourly,RD,AS_CAISO_EXP,DAM,RD_CLR_PRC,8.11,19
2024-09-11T02:00:00-00:00,2024-09-11T03:00:00-00:00,2024-09-10,20,0,Hourly,RD,AS_SP26,DAM,RD_CLR_PRC,0,19
2024-09-11T05:00:00-00:00,2024-09-11T06:00:00-00:00,2024-09-10,23,0,Hourly,RD,AS_CAISO_EXP,DAM,RD_CLR_PRC,6,19
2024-09-11T05:00:00-00:00,2024-09-11T06:00:00-00:00,2024-09-10,23,0,Hourly,RD,AS_SP26,DAM,RD_CLR_PRC,0,19
2024-09-10T08:00:00-00:00,2024-09-10T09:00:00-00:00,2024-09-10,2,0,Hourly,RD,AS_CAISO,DAM,RD_CLR_PRC,0,19
2024-09-10T10:00:00-00:00,2024-09-10T11:00:00-00:00,2024-09-10,4,0,Hourly,RD,AS_CAISO_EXP,DAM,RD_CLR_PRC,3.08,19
2024-09-10T10:00:00-00:00,2024-09-10T11:00:00-00:00,2024-09-10,4,0,Hourly,RD,AS_NP26,DAM,RD_CLR_PRC,0,19
2024-09-10T11:00:00-00:00,2024-09-10T12:00:00-00:00,2024-09-10,5,0,Hourly,RD,AS_NP26_EXP,DAM,RD_CLR_PRC,1.27558,19
2024-09-10T12:00:00-00:00,2024-09-10T13:00:00-00:00,2024-09-10,6,0,Hourly,RD,AS_NP26_EXP,DAM,RD_CLR_PRC,0,19
2024-09-10T12:00:00-00:00,2024-09-10T13:00:00-00:00,2024-09-10,6,0,Hourly,RD,AS_SP26,DAM,RD_CLR_PRC,0,19
2024-09-10T13:00:00-00:00,2024-09-10T14:00:00-00:00,2024-09-10,7,0,Hourly,RD,AS_NP26,DAM,RD_CLR_PRC,0,19
2024-09-10T13:00:00-00:00,2024-09-10T14:00:00-00:00,2024-09-10,7,0,Hourly,RD,AS_NP26_EXP,DAM,RD_CLR_PRC,1.10085,19
2024-09-10T14:00:00-00:00,2024-09-10T15:00:00-00:00,2024-09-10,8,0,Hourly,RD,AS_SP26,DAM,RD_CLR_PRC,0,19
2024-09-10T15:00:00-00:00,2024-09-10T16:00:00-00:00,2024-09-10,9,0,Hourly,RD,AS_CAISO,DAM,RD_CLR_PRC,0,19
2024-09-10T15:00:00-00:00,2024-09-10T16:00:00-00:00,2024-09-10,9,0,Hourly,RD,AS_CAISO_EXP,DAM,RD_CLR_PRC,3.93846,19
2024-09-10T15:00:00-00:00,2024-09-10T16:00:00-00:00,2024-09-10,9,0,Hourly,RD,AS_SP26,DAM,RD_CLR_PRC,0,19
2024-09-10T17:00:00-00:00,2024-09-10T18:00:00-00:00,2024-09-10,11,0,Hourly,RD,AS_NP26,DAM,RD_CLR_PRC,0,19
2024-09-10T17:00:00-00:00,2024-09-10T18:00:00-00:00,2024-09-10,11,0,Hourly,RD,AS_SP26_EXP,DAM,RD_CLR_PRC,0,19
2024-09-10T18:00:00-00:00,2024-09-10T19:00:00-00:00,2024-09-10,12,0,Hourly,RD,AS_CAISO,DAM,RD_CLR_PRC,0,19
2024-09-10T18:00:00-00:00,2024-09-10T19:00:00-00:00,2024-09-10,12,0,Hourly,RD,AS_CAISO_EXP,DAM,RD_CLR_PRC,4.40991,19
2024-09-10T18:00:00-00:00,2024-09-10T19:00:00-00:00,2024-09-10,12,0,Hourly,RD,AS_NP26_EXP,DAM,RD_CLR_PRC,0,19
2024-09-10T18:00:00-00:00,2024-09-10T19:00:00-00:00,2024-09-10,12,0,Hourly,RD,AS_SP26_EXP,DAM,RD_CLR_PRC,0,19
2024-09-10T21:00:00-00:00,2024-09-10T22:00:00-00:00,2024-09-10,15,0,Hourly,RD,AS_SP26,DAM,RD_CLR_PRC,0,19
2024-09-10T23:00:00-00:00,2024-09-11T00:00:00-00:00,2024-09-10,17,0,Hourly,RD,AS_CAISO_EXP,DAM,RD_CLR_PRC,6,19
2024-09-11T04:00:00-00:00,2024-09-11T05:00:00-00:00,2024-09-10,22,0,Hourly,RD,AS_CAISO_EXP,DAM,RD_CLR_PRC,6.11,19
2024-09-12T01:00:00-00:00,2024-09-12T02:00:00-00:00,2024-09-11,19,0,Hourly,RD,AS_NP26,DAM,RD_CLR_PRC,0,20
2024-09-12T02:00:00-00:00,2024-09-12T03:00:00-00:00,2024-09-11,20,0,Hourly,RD,AS_CAISO_EXP,DAM,RD_CLR_PRC,8.47167,20
2024-09-12T02:00:00-00:00,2024-09-12T03:00:00-00:00,2024-09-11,20,0,Hourly,RD,AS_SP26,DAM,RD_CLR_PRC,0,20
2024-09-12T05:00:00-00:00,2024-09-12T06:00:00-00:00,2024-09-11,23,0,Hourly,RD,AS_SP26,DAM,RD_CLR_PRC,0,20
2024-09-12T06:00:00-00:00,2024-09-12T07:00:00-00:00,2024-09-11,24,0,Hourly,RD,AS_NP26_EXP,DAM,RD_CLR_PRC,0,20
2024-09-11T10:00:00-00:00,2024-09-11T11:00:00-00:00,2024-09-11,4,0,Hourly,RD,AS_CAISO,DAM,RD_CLR_PRC,0,20
2024-09-11T10:00:00-00:00,2024-09-11T11:00:00-00:00,2024-09-11,4,0,Hourly,RD,AS_SP26,DAM,RD_CLR_PRC,0,20
2024-09-11T15:00:00-00:00,2024-09-11T16:00:00-00:00,2024-09-11,9,0,Hourly,RD,AS_NP26,DAM,RD_CLR_PRC,0,20
2024-09-11T17:00:00-00:00,2024-09-11T18:00:00-00:00,2024-09-11,11,0,Hourly,RD,AS_NP26_EXP,DAM,RD_CLR_PRC,0,20
2024-09-11T17:00:00-00:00,2024-09-11T18:00:00-00:00,2024-09-11,11,0,Hourly,RD,AS_SP26,DAM,RD_CLR_PRC,0,20
2024-09-11T22:00:00-00:00,2024-09-11T23:00:00-00:00,2024-09-11,16,0,Hourly,RD,AS_NP26,DAM,RD_CLR_PRC,0,20
2024-09-11T23:00:00-00:00,2024-09-12T00:00:00-00:00,2024-09-11,17,0,Hourly,RD,AS_CAISO,DAM,RD_CLR_PRC,0,20
2024-09-12T00:00:00-00:00,2024-09-12T01:00:00-00:00,2024-09-11,18,0,Hourly,RD,AS_NP26_EXP,DAM,RD_CLR_PRC,0,20
2024-09-12T02:00:00-00:00,2024-09-12T03:00:00-00:00,2024-09-11,20,0,Hourly,RD,AS_CAISO,DAM,RD_CLR_PRC,0,20
2024-09-12T02:00:00-00:00,2024-09-12T03:00:00-00:00,2024-09-11,20,0,Hourly,RD,AS_NP26_EXP,DAM,RD_CLR_PRC,0,20
2024-09-12T06:00:00-00:00,2024-09-12T07:00:00-00:00,2024-09-11,24,0,Hourly,RD,AS_SP26_EXP,DAM,RD_CLR_PRC,0,20
2024-09-12T00:00:00-00:00,2024-09-12T01:00:00-00:00,2024-09-11,18,0,Hourly,RD,AS_NP26,DAM,RD_CLR_PRC,0,20
2024-09-12T01:00:00-00:00,2024-09-12T02:00:00-00:00,2024-09-11,19,0,Hourly,RD,AS_SP26,DAM,RD_CLR_PRC,0,20
2024-09-12T02:00:00-00:00,2024-09-12T03:00:00-00:00,2024-09-11,20,0,Hourly,RD,AS_SP26_EXP,DAM,RD_CLR_PRC,0,20
2024-09-12T03:00:00-00:00,2024-09-12T04:00:00-00:00,2024-09-11,21,0,Hourly,RD,AS_CAISO_EXP,DAM,RD_CLR_PRC,6.09285,20
2024-09-12T03:00:00-00:00,2024-09-12T04:00:00-00:00,2024-09-11,21,0,Hourly,RD,AS_NP26,DAM,RD_CLR_PRC,0,20
2024-09-12T03:00:00-00:00,2024-09-12T04:00:00-00:00,2024-09-11,21,0,Hourly,RD,AS_SP26,DAM,RD_CLR_PRC,0,20
2024-09-12T03:00:00-00:00,2024-09-12T04:00:00-00:00,2024-09-11,21,0,Hourly,RD,AS_SP26_EXP,DAM,RD_CLR_PRC,0,20
2024-09-12T04:00:00-00:00,2024-09-12T05:00:00-00:00,2024-09-11,22,0,Hourly,RD,AS_CAISO,DAM,RD_CLR_PRC,0,20
2024-09-12T05:00:00-00:00,2024-09-12T06:00:00-00:00,2024-09-11,23,0,Hourly,RD,AS_NP26,DAM,RD_CLR_PRC,0,20
2024-09-12T06:00:00-00:00,2024-09-12T07:00:00-00:00,2024-09-11,24,0,Hourly,RD,AS_CAISO_EXP,DAM,RD_CLR_PRC,4.43534,20
2024-09-11T07:00:00-00:00,2024-09-11T08:00:00-00:00,2024-09-11,1,0,Hourly,RD,AS_SP26,DAM,RD_CLR_PRC,0,20
2024-09-11T08:00:00-00:00,2024-09-11T09:00:00-00:00,2024-09-11,2,0,Hourly,RD,AS_SP26,DAM,RD_CLR_PRC,0,20
2024-09-11T09:00:00-00:00,2024-09-11T10:00:00-00:00,2024-09-11,3,0,Hourly,RD,AS_SP26,DAM,RD_CLR_PRC,0,20
2024-09-11T10:00:00-00:00,2024-09-11T11:00:00-00:00,2024-09-11,4,0,Hourly,RD,AS_SP26_EXP,DAM,RD_CLR_PRC,0,20
2024-09-11T11:00:00-00:00,2024-09-11T12:00:00-00:00,2024-09-11,5,0,Hourly,RD,AS_SP26_EXP,DAM,RD_CLR_PRC,0,20
2024-09-11T12:00:00-00:00,2024-09-11T13:00:00-00:00,2024-09-11,6,0,Hourly,RD,AS_CAISO,DAM,RD_CLR_PRC,0,20
2024-09-11T12:00:00-00:00,2024-09-11T13:00:00-00:00,2024-09-11,6,0,Hourly,RD,AS_SP26,DAM,RD_CLR_PRC,0,20
2024-09-11T13:00:00-00:00,2024-09-11T14:00:00-00:00,2024-09-11,7,0,Hourly,RD,AS_CAISO_EXP,DAM,RD_CLR_PRC,5.48923,20
2024-09-11T14:00:00-00:00,2024-09-11T15:00:00-00:00,2024-09-11,8,0,Hourly,RD,AS_NP26,DAM,RD_CLR_PRC,0,20
2024-09-11T15:00:00-00:00,2024-09-11T16:00:00-00:00,2024-09-11,9,0,Hourly,RD,AS_SP26_EXP,DAM,RD_CLR_PRC,0,20
2024-09-11T16:00:00-00:00,2024-09-11T17:00:00-00:00,2024-09-11,10,0,Hourly,RD,AS_SP26,DAM,RD_CLR_PRC,0,20
2024-09-11T18:00:00-00:00,2024-09-11T19:00:00-00:00,2024-09-11,12,0,Hourly,RD,AS_CAISO,DAM,RD_CLR_PRC,0,20
2024-09-11T20:00:00-00:00,2024-09-11T21:00:00-00:00,2024-09-11,14,0,Hourly,RD,AS_CAISO_EXP,DAM,RD_CLR_PRC,2.49207,20
2024-09-11T20:00:00-00:00,2024-09-11T21:00:00-00:00,2024-09-11,14,0,Hourly,RD,AS_NP26_EXP,DAM,RD_CLR_PRC,1.56898,20
2024-09-11T20:00:00-00:00,2024-09-11T21:00:00-00:00,2024-09-11,14,0,Hourly,RD,AS_SP26,DAM,RD_CLR_PRC,0,20
2024-09-11T22:00:00-00:00,2024-09-11T23:00:00-00:00,2024-09-11,16,0,Hourly,RD,AS_CAISO,DAM,RD_CLR_PRC,0,20
2024-09-12T00:00:00-00:00,2024-09-12T01:00:00-00:00,2024-09-11,18,0,Hourly,RD,AS_SP26_EXP,DAM,RD_CLR_PRC,0,20
2024-09-12T04:00:00-00:00,2024-09-12T05:00:00-00:00,2024-09-11,22,0,Hourly,RD,AS_CAISO_EXP,DAM,RD_CLR_PRC,5.85,20
2024-09-12T04:00:00-00:00,2024-09-12T05:00:00-00:00,2024-09-11,22,0,Hourly,RD,AS_NP26_EXP,DAM,RD_CLR_PRC,0,20
2024-09-12T05:00:00-00:00,2024-09-12T06:00:00-00:00,2024-09-11,23,0,Hourly,RD,AS_NP26_EXP,DAM,RD_CLR_PRC,0,20
2024-09-11T07:00:00-00:00,2024-09-11T08:00:00-00:00,2024-09-11,1,0,Hourly,RD,AS_SP26_EXP,DAM,RD_CLR_PRC,0,20
2024-09-11T09:00:00-00:00,2024-09-11T10:00:00-00:00,2024-09-11,3,0,Hourly,RD,AS_NP26_EXP,DAM,RD_CLR_PRC,0,20
2024-09-11T10:00:00-00:00,2024-09-11T11:00:00-00:00,2024-09-11,4,0,Hourly,RD,AS_CAISO_EXP,DAM,RD_CLR_PRC,4.00795,20
2024-09-11T11:00:00-00:00,2024-09-11T12:00:00-00:00,2024-09-11,5,0,Hourly,RD,AS_NP26_EXP,DAM,RD_CLR_PRC,0,20
2024-09-11T12:00:00-00:00,2024-09-11T13:00:00-00:00,2024-09-11,6,0,Hourly,RD,AS_SP26_EXP,DAM,RD_CLR_PRC,0.13174,20
2024-09-11T13:00:00-00:00,2024-09-11T14:00:00-00:00,2024-09-11,7,0,Hourly,RD,AS_SP26,DAM,RD_CLR_PRC,0,20
2024-09-11T13:00:00-00:00,2024-09-11T14:00:00-00:00,2024-09-11,7,0,Hourly,RD,AS_SP26_EXP,DAM,RD_CLR_PRC,0,20
2024-09-11T14:00:00-00:00,2024-09-11T15:00:00-00:00,2024-09-11,8,0,Hourly,RD,AS_SP26,DAM,RD_CLR_PRC,0,20
2024-09-11T15:00:00-00:00,2024-09-11T16:00:00-00:00,2024-09-11,9,0,Hourly,RD,AS_NP26_EXP,DAM,RD_CLR_PRC,0,20
2024-09-11T16:00:00-00:00,2024-09-11T17:00:00-00:00,2024-09-11,10,0,Hourly,RD,AS_NP26,DAM,RD_CLR_PRC,0,20
2024-09-11T17:00:00-00:00,2024-09-11T18:00:00-00:00,2024-09-11,11,0,Hourly,RD,AS_CAISO_EXP,DAM,RD_CLR_PRC,5.19434,20
2024-09-11T18:00:00-00:00,2024-09-11T19:00:00-00:00,2024-09-11,12,0,Hourly,RD,AS_NP26_EXP,DAM,RD_CLR_PRC,0,20
2024-09-11T22:00:00-00:00,2024-09-11T23:00:00-00:00,2024-09-11,16,0,Hourly,RD,AS_SP26,DAM,RD_CLR_PRC,0,20
2024-09-12T00:00:00-00:00,2024-09-12T01:00:00-00:00,2024-09-11,18,0,Hourly,RD,AS_CAISO,DAM,RD_CLR_PRC,0,20
2024-09-12T00:00:00-00:00,2024-09-12T01:00:00-00:00,2024-09-11,18,0,Hourly,RD,AS_SP26,DAM,RD_CLR_PRC,0,20
2024-09-12T01:00:00-00:00,2024-09-12T02:00:00-00:00,2024-09-11,19,0,Hourly,RD,AS_NP26_EXP,DAM,RD_CLR_PRC,0,20
2024-09-12T05:00:00-00:00,2024-09-12T06:00:00-00:00,2024-09-11,23,0,Hourly,RD,AS_CAISO_EXP,DAM,RD_CLR_PRC,5.38,20
2024-09-12T06:00:00-00:00,2024-09-12T07:00:00-00:00,2024-09-11,24,0,Hourly,RD,AS_SP26,DAM,RD_CLR_PRC,0,20
2024-09-11T08:00:00-00:00,2024-09-11T09:00:00-00:00,2024-09-11,2,0,Hourly,RD,AS_CAISO_EXP,DAM,RD_CLR_PRC,5.38,20
2024-09-11T08:00:00-00:00,2024-09-11T09:00:00-00:00,2024-09-11,2,0,Hourly,RD,AS_NP26_EXP,DAM,RD_CLR_PRC,1.62,20
2024-09-11T09:00:00-00:00,2024-09-11T10:00:00-00:00,2024-09-11,3,0,Hourly,RD,AS_CAISO,DAM,RD_CLR_PRC,0,20
2024-09-11T09:00:00-00:00,2024-09-11T10:00:00-00:00,2024-09-11,3,0,Hourly,RD,AS_CAISO_EXP,DAM,RD_CLR_PRC,4.80114,20
2024-09-11T09:00:00-00:00,2024-09-11T10:00:00-00:00,2024-09-11,3,0,Hourly,RD,AS_NP26,DAM,RD_CLR_PRC,0,20
2024-09-11T15:00:00-00:00,2024-09-11T16:00:00-00:00,2024-09-11,9,0,Hourly,RD,AS_CAISO_EXP,DAM,RD_CLR_PRC,5.62781,20
2024-09-11T15:00:00-00:00,2024-09-11T16:00:00-00:00,2024-09-11,9,0,Hourly,RD,AS_SP26,DAM,RD_CLR_PRC,0,20
2024-09-11T17:00:00-00:00,2024-09-11T18:00:00-00:00,2024-09-11,11,0,Hourly,RD,AS_NP26,DAM,RD_CLR_PRC,0,20
2024-09-11T17:00:00-00:00,2024-09-11T18:00:00-00:00,2024-09-11,11,0,Hourly,RD,AS_CAISO,DAM,RD_CLR_PRC,0,20
2024-09-11T18:00:00-00:00,2024-09-11T19:00:00-00:00,2024-09-11,12,0,Hourly,RD,AS_CAISO_EXP,DAM,RD_CLR_PRC,4.95727,20
2024-09-11T18:00:00-00:00,2024-09-11T19:00:00-00:00,2024-09-11,12,0,Hourly,RD,AS_SP26_EXP,DAM,RD_CLR_PRC,0,20
2024-09-11T19:00:00-00:00,2024-09-11T20:00:00-00:00,2024-09-11,13,0,Hourly,RD,AS_CAISO_EXP,DAM,RD_CLR_PRC,4.87323,20
2024-09-11T21:00:00-00:00,2024-09-11T22:00:00-00:00,2024-09-11,15,0,Hourly,RD,AS_SP26,DAM,RD_CLR_PRC,0,20
2024-09-11T23:00:00-00:00,2024-09-12T00:00:00-00:00,2024-09-11,17,0,Hourly,RD,AS_NP26_EXP,DAM,RD_CLR_PRC,0,20
2024-09-11T23:00:00-00:00,2024-09-12T00:00:00-00:00,2024-09-11,17,0,Hourly,RD,AS_SP26,DAM,RD_CLR_PRC,0,20
2024-09-12T01:00:00-00:00,2024-09-12T02:00:00-00:00,2024-09-11,19,0,Hourly,RD,AS_CAISO_EXP,DAM,RD_CLR_PRC,8.11,20
2024-09-11T07:00:00-00:00,2024-09-11T08:00:00-00:00,2024-09-11,1,0,Hourly,RD,AS_NP26,DAM,RD_CLR_PRC,0,20
2024-09-11T11:00:00-00:00,2024-09-11T12:00:00-00:00,2024-09-11,5,0,Hourly,RD,AS_CAISO,DAM,RD_CLR_PRC,0,20
2024-09-11T11:00:00-00:00,2024-09-11T12:00:00-00:00,2024-09-11,5,0,Hourly,RD,AS_SP26,DAM,RD_CLR_PRC,0,20
2024-09-11T12:00:00-00:00,2024-09-11T13:00:00-00:00,2024-09-11,6,0,Hourly,RD,AS_NP26_EXP,DAM,RD_CLR_PRC,0,20
2024-09-11T13:00:00-00:00,2024-09-11T14:00:00-00:00,2024-09-11,7,0,Hourly,RD,AS_NP26,DAM,RD_CLR_PRC,0,20
2024-09-11T13:00:00-00:00,2024-09-11T14:00:00-00:00,2024-09-11,7,0,Hourly,RD,AS_NP26_EXP,DAM,RD_CLR_PRC,0,20
2024-09-11T16:00:00-00:00,2024-09-11T17:00:00-00:00,2024-09-11,10,0,Hourly,RD,AS_NP26_EXP,DAM,RD_CLR_PRC,1.40828,20
2024-09-11T18:00:00-00:00,2024-09-11T19:00:00-00:00,2024-09-11,12,0,Hourly,RD,AS_NP26,DAM,RD_CLR_PRC,0,20
2024-09-11T18:00:00-00:00,2024-09-11T19:00:00-00:00,2024-09-11,12,0,Hourly,RD,AS_SP26,DAM,RD_CLR_PRC,0,20
2024-09-11T20:00:00-00:00,2024-09-11T21:00:00-00:00,2024-09-11,14,0,Hourly,RD,AS_CAISO,DAM,RD_CLR_PRC,0,20
2024-09-11T21:00:00-00:00,2024-09-11T22:00:00-00:00,2024-09-11,15,0,Hourly,RD,AS_CAISO_EXP,DAM,RD_CLR_PRC,5,20
2024-09-11T21:00:00-00:00,2024-09-11T22:00:00-00:00,2024-09-11,15,0,Hourly,RD,AS_NP26_EXP,DAM,RD_CLR_PRC,0,20
2024-09-11T22:00:00-00:00,2024-09-11T23:00:00-00:00,2024-09-11,16,0,Hourly,RD,AS_CAISO_EXP,DAM,RD_CLR_PRC,6.93,20
2024-09-12T01:00:00-00:00,2024-09-12T02:00:00-00:00,2024-09-11,19,0,Hourly,RD,AS_CAISO,DAM,RD_CLR_PRC,0,20
2024-09-12T04:00:00-00:00,2024-09-12T05:00:00-00:00,2024-09-11,22,0,Hourly,RD,AS_NP26,DAM,RD_CLR_PRC,0,20
2024-09-12T04:00:00-00:00,2024-09-12T05:00:00-00:00,2024-09-11,22,0,Hourly,RD,AS_SP26,DAM,RD_CLR_PRC,0,20
2024-09-12T05:00:00-00:00,2024-09-12T06:00:00-00:00,2024-09-11,23,0,Hourly,RD,AS_SP26_EXP,DAM,RD_CLR_PRC,0,20
2024-09-11T07:00:00-00:00,2024-09-11T08:00:00-00:00,2024-09-11,1,0,Hourly,RD,AS_CAISO,DAM,RD_CLR_PRC,0,20
2024-09-11T08:00:00-00:00,2024-09-11T09:00:00-00:00,2024-09-11,2,0,Hourly,RD,AS_SP26_EXP,DAM,RD_CLR_PRC,0,20
2024-09-11T09:00:00-00:00,2024-09-11T10:00:00-00:00,2024-09-11,3,0,Hourly,RD,AS_SP26_EXP,DAM,RD_CLR_PRC,0,20
2024-09-11T10:00:00-00:00,2024-09-11T11:00:00-00:00,2024-09-11,4,0,Hourly,RD,AS_NP26,DAM,RD_CLR_PRC,0,20
2024-09-11T11:00:00-00:00,2024-09-11T12:00:00-00:00,2024-09-11,5,0,Hourly,RD,AS_CAISO_EXP,DAM,RD_CLR_PRC,4.21315,20
2024-09-11T11:00:00-00:00,2024-09-11T12:00:00-00:00,2024-09-11,5,0,Hourly,RD,AS_NP26,DAM,RD_CLR_PRC,0,20
2024-09-11T12:00:00-00:00,2024-09-11T13:00:00-00:00,2024-09-11,6,0,Hourly,RD,AS_NP26,DAM,RD_CLR_PRC,0,20
2024-09-11T14:00:00-00:00,2024-09-11T15:00:00-00:00,2024-09-11,8,0,Hourly,RD,AS_CAISO_EXP,DAM,RD_CLR_PRC,6.21,20
2024-09-11T14:00:00-00:00,2024-09-11T15:00:00-00:00,2024-09-11,8,0,Hourly,RD,AS_NP26_EXP,DAM,RD_CLR_PRC,0,20
2024-09-11T15:00:00-00:00,2024-09-11T16:00:00-00:00,2024-09-11,9,0,Hourly,RD,AS_CAISO,DAM,RD_CLR_PRC,0,20
2024-09-11T16:00:00-00:00,2024-09-11T17:00:00-00:00,2024-09-11,10,0,Hourly,RD,AS_SP26_EXP,DAM,RD_CLR_PRC,0,20
2024-09-11T19:00:00-00:00,2024-09-11T20:00:00-00:00,2024-09-11,13,0,Hourly,RD,AS_CAISO,DAM,RD_CLR_PRC,0,20
2024-09-11T19:00:00-00:00,2024-09-11T20:00:00-00:00,2024-09-11,13,0,Hourly,RD,AS_NP26_EXP,DAM,RD_CLR_PRC,0,20
2024-09-11T20:00:00-00:00,2024-09-11T21:00:00-00:00,2024-09-11,14,0,Hourly,RD,AS_SP26_EXP,DAM,RD_CLR_PRC,0,20
2024-09-11T21:00:00-00:00,2024-09-11T22:00:00-00:00,2024-09-11,15,0,Hourly,RD,AS_CAISO,DAM,RD_CLR_PRC,0,20
2024-09-11T22:00:00-00:00,2024-09-11T23:00:00-00:00,2024-09-11,16,0,Hourly,RD,AS_SP26_EXP,DAM,RD_CLR_PRC,0,20
2024-09-12T01:00:00-00:00,2024-09-12T02:00:00-00:00,2024-09-11,19,0,Hourly,RD,AS_SP26_EXP,DAM,RD_CLR_PRC,0,20
2024-09-12T02:00:00-00:00,2024-09-12T03:00:00-00:00,2024-09-11,20,0,Hourly,RD,AS_NP26,DAM,RD_CLR_PRC,0,20
2024-09-12T04:00:00-00:00,2024-09-12T05:00:00-00:00,2024-09-11,22,0,Hourly,RD,AS_SP26_EXP,DAM,RD_CLR_PRC,0,20
2024-09-12T05:00:00-00:00,2024-09-12T06:00:00-00:00,2024-09-11,23,0,Hourly,RD,AS_CAISO,DAM,RD_CLR_PRC,0,20
2024-09-12T06:00:00-00:00,2024-09-12T07:00:00-00:00,2024-09-11,24,0,Hourly,RD,AS_NP26,DAM,RD_CLR_PRC,0,20
2024-09-11T07:00:00-00:00,2024-09-11T08:00:00-00:00,2024-09-11,1,0,Hourly,RD,AS_NP26_EXP,DAM,RD_CLR_PRC,0.89669,20
2024-09-11T07:00:00-00:00,2024-09-11T08:00:00-00:00,2024-09-11,1,0,Hourly,RD,AS_CAISO_EXP,DAM,RD_CLR_PRC,5.38,20
2024-09-11T08:00:00-00:00,2024-09-11T09:00:00-00:00,2024-09-11,2,0,Hourly,RD,AS_CAISO,DAM,RD_CLR_PRC,0,20
2024-09-11T08:00:00-00:00,2024-09-11T09:00:00-00:00,2024-09-11,2,0,Hourly,RD,AS_NP26,DAM,RD_CLR_PRC,0,20
2024-09-11T10:00:00-00:00,2024-09-11T11:00:00-00:00,2024-09-11,4,0,Hourly,RD,AS_NP26_EXP,DAM,RD_CLR_PRC,0,20
2024-09-11T13:00:00-00:00,2024-09-11T14:00:00-00:00,2024-09-11,7,0,Hourly,RD,AS_CAISO,DAM,RD_CLR_PRC,0,20
2024-09-11T14:00:00-00:00,2024-09-11T15:00:00-00:00,2024-09-11,8,0,Hourly,RD,AS_SP26_EXP,DAM,RD_CLR_PRC,0,20
2024-09-11T16:00:00-00:00,2024-09-11T17:00:00-00:00,2024-09-11,10,0,Hourly,RD,AS_CAISO_EXP,DAM,RD_CLR_PRC,3.59172,20
2024-09-11T17:00:00-00:00,2024-09-11T18:00:00-00:00,2024-09-11,11,0,Hourly,RD,AS_SP26_EXP,DAM,RD_CLR_PRC,0,20
2024-09-11T19:00:00-00:00,2024-09-11T20:00:00-00:00,2024-09-11,13,0,Hourly,RD,AS_SP26_EXP,DAM,RD_CLR_PRC,0,20
2024-09-11T21:00:00-00:00,2024-09-11T22:00:00-00:00,2024-09-11,15,0,Hourly,RD,AS_NP26,DAM,RD_CLR_PRC,0,20
2024-09-11T21:00:00-00:00,2024-09-11T22:00:00-00:00,2024-09-11,15,0,Hourly,RD,AS_SP26_EXP,DAM,RD_CLR_PRC,0,20
2024-09-11T22:00:00-00:00,2024-09-11T23:00:00-00:00,2024-09-11,16,0,Hourly,RD,AS_NP26_EXP,DAM,RD_CLR_PRC,0,20
2024-09-11T23:00:00-00:00,2024-09-12T00:00:00-00:00,2024-09-11,17,0,Hourly,RD,AS_SP26_EXP,DAM,RD_CLR_PRC,5.2658,20
2024-09-12T00:00:00-00:00,2024-09-12T01:00:00-00:00,2024-09-11,18,0,Hourly,RD,AS_CAISO_EXP,DAM,RD_CLR_PRC,6.15,20
2024-09-12T03:00:00-00:00,2024-09-12T04:00:00-00:00,2024-09-11,21,0,Hourly,RD,AS_CAISO,DAM,RD_CLR_PRC,0,20
2024-09-12T03:00:00-00:00,2024-09-12T04:00:00-00:00,2024-09-11,21,0,Hourly,RD,AS_NP26_EXP,DAM,RD_CLR_PRC,0,20
2024-09-12T06:00:00-00:00,2024-09-12T07:00:00-00:00,2024-09-11,24,0,Hourly,RD,AS_CAISO,DAM,RD_CLR_PRC,0,20
2024-09-11T12:00:00-00:00,2024-09-11T13:00:00-00:00,2024-09-11,6,0,Hourly,RD,AS_CAISO_EXP,DAM,RD_CLR_PRC,4.40852,20
2024-09-11T14:00:00-00:00,2024-09-11T15:00:00-00:00,2024-09-11,8,0,Hourly,RD,AS_CAISO,DAM,RD_CLR_PRC,0,20
2024-09-11T16:00:00-00:00,2024-09-11T17:00:00-00:00,2024-09-11,10,0,Hourly,RD,AS_CAISO,DAM,RD_CLR_PRC,0,20
2024-09-11T19:00:00-00:00,2024-09-11T20:00:00-00:00,2024-09-11,13,0,Hourly,RD,AS_NP26,DAM,RD_CLR_PRC,0,20
2024-09-11T19:00:00-00:00,2024-09-11T20:00:00-00:00,2024-09-11,13,0,Hourly,RD,AS_SP26,DAM,RD_CLR_PRC,0,20
2024-09-11T20:00:00-00:00,2024-09-11T21:00:00-00:00,2024-09-11,14,0,Hourly,RD,AS_NP26,DAM,RD_CLR_PRC,0,20
2024-09-11T23:00:00-00:00,2024-09-12T00:00:00-00:00,2024-09-11,17,0,Hourly,RD,AS_CAISO_EXP,DAM,RD_CLR_PRC,6.03,20
2024-09-11T23:00:00-00:00,2024-09-12T00:00:00-00:00,2024-09-11,17,0,Hourly,RD,AS_NP26,DAM,RD_CLR_PRC,0,20
2024-09-12T08:00:00-00:00,2024-09-12T09:00:00-00:00,2024-09-12,2,0,Hourly,RD,AS_CAISO,DAM,RD_CLR_PRC,0,21
2024-09-12T10:00:00-00:00,2024-09-12T11:00:00-00:00,2024-09-12,4,0,Hourly,RD,AS_NP26,DAM,RD_CLR_PRC,0,21
2024-09-12T10:00:00-00:00,2024-09-12T11:00:00-00:00,2024-09-12,4,0,Hourly,RD,AS_NP26_EXP,DAM,RD_CLR_PRC,0.00807,21
2024-09-12T10:00:00-00:00,2024-09-12T11:00:00-00:00,2024-09-12,4,0,Hourly,RD,AS_SP26,DAM,RD_CLR_PRC,0,21
2024-09-12T11:00:00-00:00,2024-09-12T12:00:00-00:00,2024-09-12,5,0,Hourly,RD,AS_NP26_EXP,DAM,RD_CLR_PRC,0,21
2024-09-12T13:00:00-00:00,2024-09-12T14:00:00-00:00,2024-09-12,7,0,Hourly,RD,AS_CAISO_EXP,DAM,RD_CLR_PRC,5.42,21
2024-09-12T15:00:00-00:00,2024-09-12T16:00:00-00:00,2024-09-12,9,0,Hourly,RD,AS_CAISO_EXP,DAM,RD_CLR_PRC,3.91409,21
2024-09-12T15:00:00-00:00,2024-09-12T16:00:00-00:00,2024-09-12,9,0,Hourly,RD,AS_SP26,DAM,RD_CLR_PRC,0,21
2024-09-12T18:00:00-00:00,2024-09-12T19:00:00-00:00,2024-09-12,12,0,Hourly,RD,AS_CAISO_EXP,DAM,RD_CLR_PRC,5.47083,21
2024-09-12T18:00:00-00:00,2024-09-12T19:00:00-00:00,2024-09-12,12,0,Hourly,RD,AS_NP26,DAM,RD_CLR_PRC,0,21
2024-09-12T18:00:00-00:00,2024-09-12T19:00:00-00:00,2024-09-12,12,0,Hourly,RD,AS_SP26_EXP,DAM,RD_CLR_PRC,0,21
2024-09-12T19:00:00-00:00,2024-09-12T20:00:00-00:00,2024-09-12,13,0,Hourly,RD,AS_CAISO_EXP,DAM,RD_CLR_PRC,5,21
2024-09-13T04:00:00-00:00,2024-09-13T05:00:00-00:00,2024-09-12,22,0,Hourly,RD,AS_CAISO_EXP,DAM,RD_CLR_PRC,5.77315,21
2024-09-13T04:00:00-00:00,2024-09-13T05:00:00-00:00,2024-09-12,22,0,Hourly,RD,AS_NP26_EXP,DAM,RD_CLR_PRC,0,21
2024-09-13T05:00:00-00:00,2024-09-13T06:00:00-00:00,2024-09-12,23,0,Hourly,RD,AS_CAISO,DAM,RD_CLR_PRC,0,21
2024-09-13T05:00:00-00:00,2024-09-13T06:00:00-00:00,2024-09-12,23,0,Hourly,RD,AS_NP26_EXP,DAM,RD_CLR_PRC,0,21
2024-09-12T20:00:00-00:00,2024-09-12T21:00:00-00:00,2024-09-12,14,0,Hourly,RD,AS_NP26,DAM,RD_CLR_PRC,0,21
2024-09-12T21:00:00-00:00,2024-09-12T22:00:00-00:00,2024-09-12,15,0,Hourly,RD,AS_SP26,DAM,RD_CLR_PRC,0,21
2024-09-13T00:00:00-00:00,2024-09-13T01:00:00-00:00,2024-09-12,18,0,Hourly,RD,AS_SP26_EXP,DAM,RD_CLR_PRC,0,21
2024-09-13T03:00:00-00:00,2024-09-13T04:00:00-00:00,2024-09-12,21,0,Hourly,RD,AS_CAISO_EXP,DAM,RD_CLR_PRC,6.99382,21
2024-09-13T05:00:00-00:00,2024-09-13T06:00:00-00:00,2024-09-12,23,0,Hourly,RD,AS_NP26,DAM,RD_CLR_PRC,0,21
2024-09-12T07:00:00-00:00,2024-09-12T08:00:00-00:00,2024-09-12,1,0,Hourly,RD,AS_NP26,DAM,RD_CLR_PRC,0,21
2024-09-12T09:00:00-00:00,2024-09-12T10:00:00-00:00,2024-09-12,3,0,Hourly,RD,AS_CAISO,DAM,RD_CLR_PRC,0,21
2024-09-12T09:00:00-00:00,2024-09-12T10:00:00-00:00,2024-09-12,3,0,Hourly,RD,AS_CAISO_EXP,DAM,RD_CLR_PRC,5.02363,21
2024-09-12T10:00:00-00:00,2024-09-12T11:00:00-00:00,2024-09-12,4,0,Hourly,RD,AS_CAISO_EXP,DAM,RD_CLR_PRC,4.86496,21
2024-09-12T12:00:00-00:00,2024-09-12T13:00:00-00:00,2024-09-12,6,0,Hourly,RD,AS_CAISO,DAM,RD_CLR_PRC,0,21
2024-09-12T12:00:00-00:00,2024-09-12T13:00:00-00:00,2024-09-12,6,0,Hourly,RD,AS_SP26,DAM,RD_CLR_PRC,0,21
2024-09-12T13:00:00-00:00,2024-09-12T14:00:00-00:00,2024-09-12,7,0,Hourly,RD,AS_CAISO,DAM,RD_CLR_PRC,0,21
2024-09-12T16:00:00-00:00,2024-09-12T17:00:00-00:00,2024-09-12,10,0,Hourly,RD,AS_CAISO,DAM,RD_CLR_PRC,0,21
2024-09-12T16:00:00-00:00,2024-09-12T17:00:00-00:00,2024-09-12,10,0,Hourly,RD,AS_CAISO_EXP,DAM,RD_CLR_PRC,3,21
2024-09-12T16:00:00-00:00,2024-09-12T17:00:00-00:00,2024-09-12,10,0,Hourly,RD,AS_NP26,DAM,RD_CLR_PRC,0,21
2024-09-12T16:00:00-00:00,2024-09-12T17:00:00-00:00,2024-09-12,10,0,Hourly,RD,AS_NP26_EXP,DAM,RD_CLR_PRC,2.17865,21
2024-09-12T16:00:00-00:00,2024-09-12T17:00:00-00:00,2024-09-12,10,0,Hourly,RD,AS_SP26,DAM,RD_CLR_PRC,0,21
2024-09-12T17:00:00-00:00,2024-09-12T18:00:00-00:00,2024-09-12,11,0,Hourly,RD,AS_CAISO,DAM,RD_CLR_PRC,0,21
2024-09-12T18:00:00-00:00,2024-09-12T19:00:00-00:00,2024-09-12,12,0,Hourly,RD,AS_CAISO,DAM,RD_CLR_PRC,0,21
2024-09-12T20:00:00-00:00,2024-09-12T21:00:00-00:00,2024-09-12,14,0,Hourly,RD,AS_CAISO_EXP,DAM,RD_CLR_PRC,2.99492,21
2024-09-12T21:00:00-00:00,2024-09-12T22:00:00-00:00,2024-09-12,15,0,Hourly,RD,AS_CAISO,DAM,RD_CLR_PRC,0,21
2024-09-12T22:00:00-00:00,2024-09-12T23:00:00-00:00,2024-09-12,16,0,Hourly,RD,AS_SP26_EXP,DAM,RD_CLR_PRC,0,21
2024-09-13T00:00:00-00:00,2024-09-13T01:00:00-00:00,2024-09-12,18,0,Hourly,RD,AS_CAISO,DAM,RD_CLR_PRC,0,21
2024-09-13T01:00:00-00:00,2024-09-13T02:00:00-00:00,2024-09-12,19,0,Hourly,RD,AS_NP26_EXP,DAM,RD_CLR_PRC,0,21
2024-09-13T02:00:00-00:00,2024-09-13T03:00:00-00:00,2024-09-12,20,0,Hourly,RD,AS_NP26_EXP,DAM,RD_CLR_PRC,0,21
2024-09-13T03:00:00-00:00,2024-09-13T04:00:00-00:00,2024-09-12,21,0,Hourly,RD,AS_CAISO,DAM,RD_CLR_PRC,0,21
2024-09-13T03:00:00-00:00,2024-09-13T04:00:00-00:00,2024-09-12,21,0,Hourly,RD,AS_NP26_EXP,DAM,RD_CLR_PRC,0,21
2024-09-13T03:00:00-00:00,2024-09-13T04:00:00-00:00,2024-09-12,21,0,Hourly,RD,AS_SP26_EXP,DAM,RD_CLR_PRC,0,21
2024-09-13T04:00:00-00:00,2024-09-13T05:00:00-00:00,2024-09-12,22,0,Hourly,RD,AS_CAISO,DAM,RD_CLR_PRC,0,21
2024-09-13T04:00:00-00:00,2024-09-13T05:00:00-00:00,2024-09-12,22,0,Hourly,RD,AS_NP26,DAM,RD_CLR_PRC,0,21
2024-09-13T06:00:00-00:00,2024-09-13T07:00:00-00:00,2024-09-12,24,0,Hourly,RD,AS_CAISO_EXP,DAM,RD_CLR_PRC,6.042,21
2024-09-13T06:00:00-00:00,2024-09-13T07:00:00-00:00,2024-09-12,24,0,Hourly,RD,AS_SP26,DAM,RD_CLR_PRC,0,21
2024-09-12T07:00:00-00:00,2024-09-12T08:00:00-00:00,2024-09-12,1,0,Hourly,RD,AS_CAISO,DAM,RD_CLR_PRC,0,21
2024-09-12T08:00:00-00:00,2024-09-12T09:00:00-00:00,2024-09-12,2,0,Hourly,RD,AS_SP26,DAM,RD_CLR_PRC,0,21
2024-09-12T10:00:00-00:00,2024-09-12T11:00:00-00:00,2024-09-12,4,0,Hourly,RD,AS_CAISO,DAM,RD_CLR_PRC,0,21
2024-09-12T11:00:00-00:00,2024-09-12T12:00:00-00:00,2024-09-12,5,0,Hourly,RD,AS_SP26_EXP,DAM,RD_CLR_PRC,0,21
2024-09-12T12:00:00-00:00,2024-09-12T13:00:00-00:00,2024-09-12,6,0,Hourly,RD,AS_NP26_EXP,DAM,RD_CLR_PRC,0,21
2024-09-12T13:00:00-00:00,2024-09-12T14:00:00-00:00,2024-09-12,7,0,Hourly,RD,AS_NP26_EXP,DAM,RD_CLR_PRC,0,21
2024-09-12T15:00:00-00:00,2024-09-12T16:00:00-00:00,2024-09-12,9,0,Hourly,RD,AS_NP26_EXP,DAM,RD_CLR_PRC,2.5482,21
2024-09-12T17:00:00-00:00,2024-09-12T18:00:00-00:00,2024-09-12,11,0,Hourly,RD,AS_NP26_EXP,DAM,RD_CLR_PRC,0.19448,21
2024-09-12T20:00:00-00:00,2024-09-12T21:00:00-00:00,2024-09-12,14,0,Hourly,RD,AS_NP26_EXP,DAM,RD_CLR_PRC,1.26505,21
2024-09-12T20:00:00-00:00,2024-09-12T21:00:00-00:00,2024-09-12,14,0,Hourly,RD,AS_SP26,DAM,RD_CLR_PRC,0,21
2024-09-12T22:00:00-00:00,2024-09-12T23:00:00-00:00,2024-09-12,16,0,Hourly,RD,AS_NP26_EXP,DAM,RD_CLR_PRC,0,21
2024-09-13T00:00:00-00:00,2024-09-13T01:00:00-00:00,2024-09-12,18,0,Hourly,RD,AS_NP26,DAM,RD_CLR_PRC,0,21
2024-09-13T01:00:00-00:00,2024-09-13T02:00:00-00:00,2024-09-12,19,0,Hourly,RD,AS_CAISO,DAM,RD_CLR_PRC,0,21
2024-09-13T02:00:00-00:00,2024-09-13T03:00:00-00:00,2024-09-12,20,0,Hourly,RD,AS_CAISO_EXP,DAM,RD_CLR_PRC,10.53,21
2024-09-13T02:00:00-00:00,2024-09-13T03:00:00-00:00,2024-09-12,20,0,Hourly,RD,AS_NP26,DAM,RD_CLR_PRC,0,21
2024-09-13T03:00:00-00:00,2024-09-13T04:00:00-00:00,2024-09-12,21,0,Hourly,RD,AS_SP26,DAM,RD_CLR_PRC,0,21
2024-09-13T04:00:00-00:00,2024-09-13T05:00:00-00:00,2024-09-12,22,0,Hourly,RD,AS_SP26_EXP,DAM,RD_CLR_PRC,0,21
2024-09-13T05:00:00-00:00,2024-09-13T06:00:00-00:00,2024-09-12,23,0,Hourly,RD,AS_SP26_EXP,DAM,RD_CLR_PRC,0,21
2024-09-13T06:00:00-00:00,2024-09-13T07:00:00-00:00,2024-09-12,24,0,Hourly,RD,AS_NP26,DAM,RD_CLR_PRC,0,21
2024-09-13T06:00:00-00:00,2024-09-13T07:00:00-00:00,2024-09-12,24,0,Hourly,RD,AS_NP26_EXP,DAM,RD_CLR_PRC,0,21
2024-09-12T08:00:00-00:00,2024-09-12T09:00:00-00:00,2024-09-12,2,0,Hourly,RD,AS_NP26,DAM,RD_CLR_PRC,0,21
2024-09-12T09:00:00-00:00,2024-09-12T10:00:00-00:00,2024-09-12,3,0,Hourly,RD,AS_SP26,DAM,RD_CLR_PRC,0,21
2024-09-12T13:00:00-00:00,2024-09-12T14:00:00-00:00,2024-09-12,7,0,Hourly,RD,AS_SP26,DAM,RD_CLR_PRC,0,21
2024-09-12T15:00:00-00:00,2024-09-12T16:00:00-00:00,2024-09-12,9,0,Hourly,RD,AS_CAISO,DAM,RD_CLR_PRC,0,21
2024-09-12T17:00:00-00:00,2024-09-12T18:00:00-00:00,2024-09-12,11,0,Hourly,RD,AS_SP26_EXP,DAM,RD_CLR_PRC,0,21
2024-09-12T21:00:00-00:00,2024-09-12T22:00:00-00:00,2024-09-12,15,0,Hourly,RD,AS_CAISO_EXP,DAM,RD_CLR_PRC,5,21
2024-09-12T21:00:00-00:00,2024-09-12T22:00:00-00:00,2024-09-12,15,0,Hourly,RD,AS_NP26,DAM,RD_CLR_PRC,0,21
2024-09-12T21:00:00-00:00,2024-09-12T22:00:00-00:00,2024-09-12,15,0,Hourly,RD,AS_NP26_EXP,DAM,RD_CLR_PRC,0,21
2024-09-12T21:00:00-00:00,2024-09-12T22:00:00-00:00,2024-09-12,15,0,Hourly,RD,AS_SP26_EXP,DAM,RD_CLR_PRC,0,21
2024-09-13T00:00:00-00:00,2024-09-13T01:00:00-00:00,2024-09-12,18,0,Hourly,RD,AS_CAISO_EXP,DAM,RD_CLR_PRC,11.75764,21
2024-09-13T01:00:00-00:00,2024-09-13T02:00:00-00:00,2024-09-12,19,0,Hourly,RD,AS_SP26,DAM,RD_CLR_PRC,0,21
2024-09-12T07:00:00-00:00,2024-09-12T08:00:00-00:00,2024-09-12,1,0,Hourly,RD,AS_CAISO_EXP,DAM,RD_CLR_PRC,5.1,21
2024-09-12T07:00:00-00:00,2024-09-12T08:00:00-00:00,2024-09-12,1,0,Hourly,RD,AS_SP26,DAM,RD_CLR_PRC,0,21
2024-09-12T08:00:00-00:00,2024-09-12T09:00:00-00:00,2024-09-12,2,0,Hourly,RD,AS_NP26_EXP,DAM,RD_CLR_PRC,0,21
2024-09-12T09:00:00-00:00,2024-09-12T10:00:00-00:00,2024-09-12,3,0,Hourly,RD,AS_NP26,DAM,RD_CLR_PRC,0,21
2024-09-12T09:00:00-00:00,2024-09-12T10:00:00-00:00,2024-09-12,3,0,Hourly,RD,AS_SP26_EXP,DAM,RD_CLR_PRC,0,21
2024-09-12T11:00:00-00:00,2024-09-12T12:00:00-00:00,2024-09-12,5,0,Hourly,RD,AS_CAISO,DAM,RD_CLR_PRC,0,21
2024-09-12T11:00:00-00:00,2024-09-12T12:00:00-00:00,2024-09-12,5,0,Hourly,RD,AS_NP26,DAM,RD_CLR_PRC,0,21
2024-09-12T13:00:00-00:00,2024-09-12T14:00:00-00:00,2024-09-12,7,0,Hourly,RD,AS_SP26_EXP,DAM,RD_CLR_PRC,0,21
2024-09-12T14:00:00-00:00,2024-09-12T15:00:00-00:00,2024-09-12,8,0,Hourly,RD,AS_CAISO_EXP,DAM,RD_CLR_PRC,7.74,21
2024-09-12T14:00:00-00:00,2024-09-12T15:00:00-00:00,2024-09-12,8,0,Hourly,RD,AS_NP26_EXP,DAM,RD_CLR_PRC,0,21
2024-09-12T17:00:00-00:00,2024-09-12T18:00:00-00:00,2024-09-12,11,0,Hourly,RD,AS_NP26,DAM,RD_CLR_PRC,0,21
2024-09-12T19:00:00-00:00,2024-09-12T20:00:00-00:00,2024-09-12,13,0,Hourly,RD,AS_SP26,DAM,RD_CLR_PRC,0,21
2024-09-12T23:00:00-00:00,2024-09-13T00:00:00-00:00,2024-09-12,17,0,Hourly,RD,AS_CAISO,DAM,RD_CLR_PRC,0,21
2024-09-12T23:00:00-00:00,2024-09-13T00:00:00-00:00,2024-09-12,17,0,Hourly,RD,AS_CAISO_EXP,DAM,RD_CLR_PRC,19.33243,21
2024-09-12T23:00:00-00:00,2024-09-13T00:00:00-00:00,2024-09-12,17,0,Hourly,RD,AS_NP26,DAM,RD_CLR_PRC,0,21
2024-09-13T00:00:00-00:00,2024-09-13T01:00:00-00:00,2024-09-12,18,0,Hourly,RD,AS_NP26_EXP,DAM,RD_CLR_PRC,0,21
2024-09-13T01:00:00-00:00,2024-09-13T02:00:00-00:00,2024-09-12,19,0,Hourly,RD,AS_CAISO_EXP,DAM,RD_CLR_PRC,7.99,21
2024-09-13T01:00:00-00:00,2024-09-13T02:00:00-00:00,2024-09-12,19,0,Hourly,RD,AS_NP26,DAM,RD_CLR_PRC,0,21
2024-09-13T02:00:00-00:00,2024-09-13T03:00:00-00:00,2024-09-12,20,0,Hourly,RD,AS_SP26_EXP,DAM,RD_CLR_PRC,0,21
2024-09-13T06:00:00-00:00,2024-09-13T07:00:00-00:00,2024-09-12,24,0,Hourly,RD,AS_CAISO,DAM,RD_CLR_PRC,0,21
2024-09-12T07:00:00-00:00,2024-09-12T08:00:00-00:00,2024-09-12,1,0,Hourly,RD,AS_SP26_EXP,DAM,RD_CLR_PRC,0,21
2024-09-12T09:00:00-00:00,2024-09-12T10:00:00-00:00,2024-09-12,3,0,Hourly,RD,AS_NP26_EXP,DAM,RD_CLR_PRC,0,21
2024-09-12T11:00:00-00:00,2024-09-12T12:00:00-00:00,2024-09-12,5,0,Hourly,RD,AS_CAISO_EXP,DAM,RD_CLR_PRC,4.86861,21
2024-09-12T12:00:00-00:00,2024-09-12T13:00:00-00:00,2024-09-12,6,0,Hourly,RD,AS_CAISO_EXP,DAM,RD_CLR_PRC,5,21
2024-09-12T12:00:00-00:00,2024-09-12T13:00:00-00:00,2024-09-12,6,0,Hourly,RD,AS_NP26,DAM,RD_CLR_PRC,0,21
2024-09-12T13:00:00-00:00,2024-09-12T14:00:00-00:00,2024-09-12,7,0,Hourly,RD,AS_NP26,DAM,RD_CLR_PRC,0,21
2024-09-12T14:00:00-00:00,2024-09-12T15:00:00-00:00,2024-09-12,8,0,Hourly,RD,AS_CAISO,DAM,RD_CLR_PRC,0,21
2024-09-12T14:00:00-00:00,2024-09-12T15:00:00-00:00,2024-09-12,8,0,Hourly,RD,AS_SP26_EXP,DAM,RD_CLR_PRC,0,21
2024-09-12T15:00:00-00:00,2024-09-12T16:00:00-00:00,2024-09-12,9,0,Hourly,RD,AS_NP26,DAM,RD_CLR_PRC,0,21
2024-09-12T17:00:00-00:00,2024-09-12T18:00:00-00:00,2024-09-12,11,0,Hourly,RD,AS_CAISO_EXP,DAM,RD_CLR_PRC,5.25864,21
2024-09-12T18:00:00-00:00,2024-09-12T19:00:00-00:00,2024-09-12,12,0,Hourly,RD,AS_NP26_EXP,DAM,RD_CLR_PRC,0,21
2024-09-12T19:00:00-00:00,2024-09-12T20:00:00-00:00,2024-09-12,13,0,Hourly,RD,AS_NP26_EXP,DAM,RD_CLR_PRC,0,21
2024-09-12T20:00:00-00:00,2024-09-12T21:00:00-00:00,2024-09-12,14,0,Hourly,RD,AS_SP26_EXP,DAM,RD_CLR_PRC,0,21
2024-09-12T22:00:00-00:00,2024-09-12T23:00:00-00:00,2024-09-12,16,0,Hourly,RD,AS_CAISO_EXP,DAM,RD_CLR_PRC,4.69792,21
2024-09-12T22:00:00-00:00,2024-09-12T23:00:00-00:00,2024-09-12,16,0,Hourly,RD,AS_NP26,DAM,RD_CLR_PRC,0,21
2024-09-12T23:00:00-00:00,2024-09-13T00:00:00-00:00,2024-09-12,17,0,Hourly,RD,AS_SP26,DAM,RD_CLR_PRC,0,21
2024-09-12T23:00:00-00:00,2024-09-13T00:00:00-00:00,2024-09-12,17,0,Hourly,RD,AS_SP26_EXP,DAM,RD_CLR_PRC,0,21
2024-09-13T01:00:00-00:00,2024-09-13T02:00:00-00:00,2024-09-12,19,0,Hourly,RD,AS_SP26_EXP,DAM,RD_CLR_PRC,0,21
2024-09-13T04:00:00-00:00,2024-09-13T05:00:00-00:00,2024-09-12,22,0,Hourly,RD,AS_SP26,DAM,RD_CLR_PRC,0,21
2024-09-13T05:00:00-00:00,2024-09-13T06:00:00-00:00,2024-09-12,23,0,Hourly,RD,AS_CAISO_EXP,DAM,RD_CLR_PRC,6.53492,21
2024-09-13T06:00:00-00:00,2024-09-13T07:00:00-00:00,2024-09-12,24,0,Hourly,RD,AS_SP26_EXP,DAM,RD_CLR_PRC,0,21
2024-09-12T07:00:00-00:00,2024-09-12T08:00:00-00:00,2024-09-12,1,0,Hourly,RD,AS_NP26_EXP,DAM,RD_CLR_PRC,0,21
2024-09-12T08:00:00-00:00,2024-09-12T09:00:00-00:00,2024-09-12,2,0,Hourly,RD,AS_CAISO_EXP,DAM,RD_CLR_PRC,5.1,21
2024-09-12T14:00:00-00:00,2024-09-12T15:00:00-00:00,2024-09-12,8,0,Hourly,RD,AS_NP26,DAM,RD_CLR_PRC,0,21
2024-09-12T15:00:00-00:00,2024-09-12T16:00:00-00:00,2024-09-12,9,0,Hourly,RD,AS_SP26_EXP,DAM,RD_CLR_PRC,0,21
2024-09-12T17:00:00-00:00,2024-09-12T18:00:00-00:00,2024-09-12,11,0,Hourly,RD,AS_SP26,DAM,RD_CLR_PRC,0,21
2024-09-12T18:00:00-00:00,2024-09-12T19:00:00-00:00,2024-09-12,12,0,Hourly,RD,AS_SP26,DAM,RD_CLR_PRC,0,21
2024-09-12T19:00:00-00:00,2024-09-12T20:00:00-00:00,2024-09-12,13,0,Hourly,RD,AS_NP26,DAM,RD_CLR_PRC,0,21
2024-09-12T19:00:00-00:00,2024-09-12T20:00:00-00:00,2024-09-12,13,0,Hourly,RD,AS_SP26_EXP,DAM,RD_CLR_PRC,0,21
2024-09-12T20:00:00-00:00,2024-09-12T21:00:00-00:00,2024-09-12,14,0,Hourly,RD,AS_CAISO,DAM,RD_CLR_PRC,0,21
2024-09-12T22:00:00-00:00,2024-09-12T23:00:00-00:00,2024-09-12,16,0,Hourly,RD,AS_CAISO,DAM,RD_CLR_PRC,0,21
2024-09-12T22:00:00-00:00,2024-09-12T23:00:00-00:00,2024-09-12,16,0,Hourly,RD,AS_SP26,DAM,RD_CLR_PRC,0,21
2024-09-12T23:00:00-00:00,2024-09-13T00:00:00-00:00,2024-09-12,17,0,Hourly,RD,AS_NP26_EXP,DAM,RD_CLR_PRC,0,21
2024-09-13T00:00:00-00:00,2024-09-13T01:00:00-00:00,2024-09-12,18,0,Hourly,RD,AS_SP26,DAM,RD_CLR_PRC,0,21
2024-09-13T02:00:00-00:00,2024-09-13T03:00:00-00:00,2024-09-12,20,0,Hourly,RD,AS_CAISO,DAM,RD_CLR_PRC,0,21
2024-09-13T02:00:00-00:00,2024-09-13T03:00:00-00:00,2024-09-12,20,0,Hourly,RD,AS_SP26,DAM,RD_CLR_PRC,0,21
2024-09-13T03:00:00-00:00,2024-09-13T04:00:00-00:00,2024-09-12,21,0,Hourly,RD,AS_NP26,DAM,RD_CLR_PRC,0,21
2024-09-13T05:00:00-00:00,2024-09-13T06:00:00-00:00,2024-09-12,23,0,Hourly,RD,AS_SP26,DAM,RD_CLR_PRC,0,21
2024-09-12T08:00:00-00:00,2024-09-12T09:00:00-00:00,2024-09-12,2,0,Hourly,RD,AS_SP26_EXP,DAM,RD_CLR_PRC,0,21
2024-09-12T10:00:00-00:00,2024-09-12T11:00:00-00:00,2024-09-12,4,0,Hourly,RD,AS_SP26_EXP,DAM,RD_CLR_PRC,0,21
2024-09-12T11:00:00-00:00,2024-09-12T12:00:00-00:00,2024-09-12,5,0,Hourly,RD,AS_SP26,DAM,RD_CLR_PRC,0,21
2024-09-12T12:00:00-00:00,2024-09-12T13:00:00-00:00,2024-09-12,6,0,Hourly,RD,AS_SP26_EXP,DAM,RD_CLR_PRC,0.1,21
2024-09-12T14:00:00-00:00,2024-09-12T15:00:00-00:00,2024-09-12,8,0,Hourly,RD,AS_SP26,DAM,RD_CLR_PRC,0,21
2024-09-12T16:00:00-00:00,2024-09-12T17:00:00-00:00,2024-09-12,10,0,Hourly,RD,AS_SP26_EXP,DAM,RD_CLR_PRC,0,21
2024-09-12T19:00:00-00:00,2024-09-12T20:00:00-00:00,2024-09-12,13,0,Hourly,RD,AS_CAISO,DAM,RD_CLR_PRC,0,21
2024-09-13T12:00:00-00:00,2024-09-13T13:00:00-00:00,2024-09-13,6,0,Hourly,RD,AS_CAISO,DAM,RD_CLR_PRC,0,22
2024-09-13T12:00:00-00:00,2024-09-13T13:00:00-00:00,2024-09-13,6,0,Hourly,RD,AS_NP26,DAM,RD_CLR_PRC,0,22
2024-09-13T13:00:00-00:00,2024-09-13T14:00:00-00:00,2024-09-13,7,0,Hourly,RD,AS_SP26,DAM,RD_CLR_PRC,0,22
2024-09-13T14:00:00-00:00,2024-09-13T15:00:00-00:00,2024-09-13,8,0,Hourly,RD,AS_CAISO_EXP,DAM,RD_CLR_PRC,4.26,22
2024-09-13T16:00:00-00:00,2024-09-13T17:00:00-00:00,2024-09-13,10,0,Hourly,RD,AS_SP26,DAM,RD_CLR_PRC,0,22
2024-09-13T20:00:00-00:00,2024-09-13T21:00:00-00:00,2024-09-13,14,0,Hourly,RD,AS_CAISO_EXP,DAM,RD_CLR_PRC,2.82437,22
2024-09-13T20:00:00-00:00,2024-09-13T21:00:00-00:00,2024-09-13,14,0,Hourly,RD,AS_SP26,DAM,RD_CLR_PRC,0,22
2024-09-13T22:00:00-00:00,2024-09-13T23:00:00-00:00,2024-09-13,16,0,Hourly,RD,AS_SP26,DAM,RD_CLR_PRC,0,22
2024-09-13T22:00:00-00:00,2024-09-13T23:00:00-00:00,2024-09-13,16,0,Hourly,RD,AS_SP26_EXP,DAM,RD_CLR_PRC,0,22
2024-09-14T00:00:00-00:00,2024-09-14T01:00:00-00:00,2024-09-13,18,0,Hourly,RD,AS_CAISO_EXP,DAM,RD_CLR_PRC,5.99,22
2024-09-14T00:00:00-00:00,2024-09-14T01:00:00-00:00,2024-09-13,18,0,Hourly,RD,AS_SP26_EXP,DAM,RD_CLR_PRC,0.4,22
2024-09-14T00:00:00-00:00,2024-09-14T01:00:00-00:00,2024-09-13,18,0,Hourly,RD,AS_NP26,DAM,RD_CLR_PRC,0,22
2024-09-14T01:00:00-00:00,2024-09-14T02:00:00-00:00,2024-09-13,19,0,Hourly,RD,AS_CAISO,DAM,RD_CLR_PRC,0,22
2024-09-14T03:00:00-00:00,2024-09-14T04:00:00-00:00,2024-09-13,21,0,Hourly,RD,AS_CAISO,DAM,RD_CLR_PRC,0,22
2024-09-14T03:00:00-00:00,2024-09-14T04:00:00-00:00,2024-09-13,21,0,Hourly,RD,AS_NP26,DAM,RD_CLR_PRC,0,22
2024-09-14T03:00:00-00:00,2024-09-14T04:00:00-00:00,2024-09-13,21,0,Hourly,RD,AS_SP26_EXP,DAM,RD_CLR_PRC,0.41765,22
2024-09-13T14:00:00-00:00,2024-09-13T15:00:00-00:00,2024-09-13,8,0,Hourly,RD,AS_NP26_EXP,DAM,RD_CLR_PRC,5.03,22
2024-09-13T17:00:00-00:00,2024-09-13T18:00:00-00:00,2024-09-13,11,0,Hourly,RD,AS_CAISO,DAM,RD_CLR_PRC,0,22
2024-09-13T17:00:00-00:00,2024-09-13T18:00:00-00:00,2024-09-13,11,0,Hourly,RD,AS_SP26_EXP,DAM,RD_CLR_PRC,0,22
2024-09-13T18:00:00-00:00,2024-09-13T19:00:00-00:00,2024-09-13,12,0,Hourly,RD,AS_NP26_EXP,DAM,RD_CLR_PRC,0.0358,22
2024-09-13T18:00:00-00:00,2024-09-13T19:00:00-00:00,2024-09-13,12,0,Hourly,RD,AS_SP26_EXP,DAM,RD_CLR_PRC,0,22
2024-09-13T19:00:00-00:00,2024-09-13T20:00:00-00:00,2024-09-13,13,0,Hourly,RD,AS_NP26,DAM,RD_CLR_PRC,0,22
2024-09-13T20:00:00-00:00,2024-09-13T21:00:00-00:00,2024-09-13,14,0,Hourly,RD,AS_NP26_EXP,DAM,RD_CLR_PRC,0.21086,22
2024-09-13T21:00:00-00:00,2024-09-13T22:00:00-00:00,2024-09-13,15,0,Hourly,RD,AS_SP26,DAM,RD_CLR_PRC,0,22
2024-09-13T22:00:00-00:00,2024-09-13T23:00:00-00:00,2024-09-13,16,0,Hourly,RD,AS_CAISO_EXP,DAM,RD_CLR_PRC,4.21387,22
2024-09-13T23:00:00-00:00,2024-09-14T00:00:00-00:00,2024-09-13,17,0,Hourly,RD,AS_NP26,DAM,RD_CLR_PRC,0,22
2024-09-14T00:00:00-00:00,2024-09-14T01:00:00-00:00,2024-09-13,18,0,Hourly,RD,AS_NP26_EXP,DAM,RD_CLR_PRC,0,22
2024-09-14T01:00:00-00:00,2024-09-14T02:00:00-00:00,2024-09-13,19,0,Hourly,RD,AS_CAISO_EXP,DAM,RD_CLR_PRC,8.11,22
2024-09-14T04:00:00-00:00,2024-09-14T05:00:00-00:00,2024-09-13,22,0,Hourly,RD,AS_NP26,DAM,RD_CLR_PRC,0,22
2024-09-14T05:00:00-00:00,2024-09-14T06:00:00-00:00,2024-09-13,23,0,Hourly,RD,AS_CAISO,DAM,RD_CLR_PRC,0,22
2024-09-14T05:00:00-00:00,2024-09-14T06:00:00-00:00,2024-09-13,23,0,Hourly,RD,AS_NP26_EXP,DAM,RD_CLR_PRC,0.96161,22
2024-09-13T07:00:00-00:00,2024-09-13T08:00:00-00:00,2024-09-13,1,0,Hourly,RD,AS_NP26_EXP,DAM,RD_CLR_PRC,0.0506,22
2024-09-13T07:00:00-00:00,2024-09-13T08:00:00-00:00,2024-09-13,1,0,Hourly,RD,AS_SP26,DAM,RD_CLR_PRC,0,22
2024-09-13T08:00:00-00:00,2024-09-13T09:00:00-00:00,2024-09-13,2,0,Hourly,RD,AS_NP26_EXP,DAM,RD_CLR_PRC,0,22
2024-09-13T09:00:00-00:00,2024-09-13T10:00:00-00:00,2024-09-13,3,0,Hourly,RD,AS_CAISO,DAM,RD_CLR_PRC,0,22
2024-09-13T09:00:00-00:00,2024-09-13T10:00:00-00:00,2024-09-13,3,0,Hourly,RD,AS_CAISO_EXP,DAM,RD_CLR_PRC,3.51386,22
2024-09-13T12:00:00-00:00,2024-09-13T13:00:00-00:00,2024-09-13,6,0,Hourly,RD,AS_CAISO_EXP,DAM,RD_CLR_PRC,3.26929,22
2024-09-13T13:00:00-00:00,2024-09-13T14:00:00-00:00,2024-09-13,7,0,Hourly,RD,AS_CAISO,DAM,RD_CLR_PRC,0,22
2024-09-13T15:00:00-00:00,2024-09-13T16:00:00-00:00,2024-09-13,9,0,Hourly,RD,AS_SP26,DAM,RD_CLR_PRC,0,22
2024-09-13T15:00:00-00:00,2024-09-13T16:00:00-00:00,2024-09-13,9,0,Hourly,RD,AS_SP26_EXP,DAM,RD_CLR_PRC,0,22
2024-09-13T16:00:00-00:00,2024-09-13T17:00:00-00:00,2024-09-13,10,0,Hourly,RD,AS_CAISO_EXP,DAM,RD_CLR_PRC,3.49483,22
2024-09-13T17:00:00-00:00,2024-09-13T18:00:00-00:00,2024-09-13,11,0,Hourly,RD,AS_CAISO_EXP,DAM,RD_CLR_PRC,3.62643,22
2024-09-13T17:00:00-00:00,2024-09-13T18:00:00-00:00,2024-09-13,11,0,Hourly,RD,AS_NP26,DAM,RD_CLR_PRC,0,22
2024-09-13T19:00:00-00:00,2024-09-13T20:00:00-00:00,2024-09-13,13,0,Hourly,RD,AS_SP26_EXP,DAM,RD_CLR_PRC,0,22
2024-09-13T21:00:00-00:00,2024-09-13T22:00:00-00:00,2024-09-13,15,0,Hourly,RD,AS_NP26_EXP,DAM,RD_CLR_PRC,0,22
2024-09-13T22:00:00-00:00,2024-09-13T23:00:00-00:00,2024-09-13,16,0,Hourly,RD,AS_CAISO,DAM,RD_CLR_PRC,0,22
2024-09-13T23:00:00-00:00,2024-09-14T00:00:00-00:00,2024-09-13,17,0,Hourly,RD,AS_SP26_EXP,DAM,RD_CLR_PRC,0,22
2024-09-14T01:00:00-00:00,2024-09-14T02:00:00-00:00,2024-09-13,19,0,Hourly,RD,AS_SP26,DAM,RD_CLR_PRC,0,22
2024-09-14T02:00:00-00:00,2024-09-14T03:00:00-00:00,2024-09-13,20,0,Hourly,RD,AS_NP26,DAM,RD_CLR_PRC,0,22
2024-09-14T03:00:00-00:00,2024-09-14T04:00:00-00:00,2024-09-13,21,0,Hourly,RD,AS_NP26_EXP,DAM,RD_CLR_PRC,0,22
2024-09-14T04:00:00-00:00,2024-09-14T05:00:00-00:00,2024-09-13,22,0,Hourly,RD,AS_CAISO_EXP,DAM,RD_CLR_PRC,3.65316,22
2024-09-14T06:00:00-00:00,2024-09-14T07:00:00-00:00,2024-09-13,24,0,Hourly,RD,AS_NP26,DAM,RD_CLR_PRC,0,22
2024-09-14T06:00:00-00:00,2024-09-14T07:00:00-00:00,2024-09-13,24,0,Hourly,RD,AS_SP26,DAM,RD_CLR_PRC,0,22
2024-09-13T07:00:00-00:00,2024-09-13T08:00:00-00:00,2024-09-13,1,0,Hourly,RD,AS_CAISO,DAM,RD_CLR_PRC,0,22
2024-09-13T08:00:00-00:00,2024-09-13T09:00:00-00:00,2024-09-13,2,0,Hourly,RD,AS_CAISO,DAM,RD_CLR_PRC,0,22
2024-09-13T09:00:00-00:00,2024-09-13T10:00:00-00:00,2024-09-13,3,0,Hourly,RD,AS_NP26,DAM,RD_CLR_PRC,0,22
2024-09-13T09:00:00-00:00,2024-09-13T10:00:00-00:00,2024-09-13,3,0,Hourly,RD,AS_SP26_EXP,DAM,RD_CLR_PRC,0.0456,22
2024-09-13T10:00:00-00:00,2024-09-13T11:00:00-00:00,2024-09-13,4,0,Hourly,RD,AS_SP26_EXP,DAM,RD_CLR_PRC,0,22
2024-09-13T11:00:00-00:00,2024-09-13T12:00:00-00:00,2024-09-13,5,0,Hourly,RD,AS_SP26,DAM,RD_CLR_PRC,0,22
2024-09-13T11:00:00-00:00,2024-09-13T12:00:00-00:00,2024-09-13,5,0,Hourly,RD,AS_SP26_EXP,DAM,RD_CLR_PRC,0,22
2024-09-13T12:00:00-00:00,2024-09-13T13:00:00-00:00,2024-09-13,6,0,Hourly,RD,AS_SP26_EXP,DAM,RD_CLR_PRC,0,22
2024-09-13T13:00:00-00:00,2024-09-13T14:00:00-00:00,2024-09-13,7,0,Hourly,RD,AS_NP26,DAM,RD_CLR_PRC,0,22
2024-09-13T15:00:00-00:00,2024-09-13T16:00:00-00:00,2024-09-13,9,0,Hourly,RD,AS_NP26,DAM,RD_CLR_PRC,0,22
2024-09-13T17:00:00-00:00,2024-09-13T18:00:00-00:00,2024-09-13,11,0,Hourly,RD,AS_SP26,DAM,RD_CLR_PRC,0,22
2024-09-13T18:00:00-00:00,2024-09-13T19:00:00-00:00,2024-09-13,12,0,Hourly,RD,AS_NP26,DAM,RD_CLR_PRC,0,22
2024-09-13T18:00:00-00:00,2024-09-13T19:00:00-00:00,2024-09-13,12,0,Hourly,RD,AS_SP26,DAM,RD_CLR_PRC,0,22
2024-09-13T20:00:00-00:00,2024-09-13T21:00:00-00:00,2024-09-13,14,0,Hourly,RD,AS_CAISO,DAM,RD_CLR_PRC,0,22
2024-09-13T20:00:00-00:00,2024-09-13T21:00:00-00:00,2024-09-13,14,0,Hourly,RD,AS_NP26,DAM,RD_CLR_PRC,0,22
2024-09-13T20:00:00-00:00,2024-09-13T21:00:00-00:00,2024-09-13,14,0,Hourly,RD,AS_SP26_EXP,DAM,RD_CLR_PRC,0,22
2024-09-13T21:00:00-00:00,2024-09-13T22:00:00-00:00,2024-09-13,15,0,Hourly,RD,AS_NP26,DAM,RD_CLR_PRC,0,22
2024-09-13T22:00:00-00:00,2024-09-13T23:00:00-00:00,2024-09-13,16,0,Hourly,RD,AS_NP26_EXP,DAM,RD_CLR_PRC,0,22
2024-09-14T01:00:00-00:00,2024-09-14T02:00:00-00:00,2024-09-13,19,0,Hourly,RD,AS_NP26,DAM,RD_CLR_PRC,0,22
2024-09-14T02:00:00-00:00,2024-09-14T03:00:00-00:00,2024-09-13,20,0,Hourly,RD,AS_CAISO_EXP,DAM,RD_CLR_PRC,8.11,22
2024-09-14T02:00:00-00:00,2024-09-14T03:00:00-00:00,2024-09-13,20,0,Hourly,RD,AS_NP26_EXP,DAM,RD_CLR_PRC,0,22
2024-09-14T04:00:00-00:00,2024-09-14T05:00:00-00:00,2024-09-13,22,0,Hourly,RD,AS_NP26_EXP,DAM,RD_CLR_PRC,0,22
2024-09-14T06:00:00-00:00,2024-09-14T07:00:00-00:00,2024-09-13,24,0,Hourly,RD,AS_NP26_EXP,DAM,RD_CLR_PRC,0.64925,22
2024-09-13T08:00:00-00:00,2024-09-13T09:00:00-00:00,2024-09-13,2,0,Hourly,RD,AS_CAISO_EXP,DAM,RD_CLR_PRC,3.87196,22
2024-09-13T10:00:00-00:00,2024-09-13T11:00:00-00:00,2024-09-13,4,0,Hourly,RD,AS_CAISO,DAM,RD_CLR_PRC,0,22
2024-09-13T10:00:00-00:00,2024-09-13T11:00:00-00:00,2024-09-13,4,0,Hourly,RD,AS_CAISO_EXP,DAM,RD_CLR_PRC,3.30649,22
2024-09-13T10:00:00-00:00,2024-09-13T11:00:00-00:00,2024-09-13,4,0,Hourly,RD,AS_NP26_EXP,DAM,RD_CLR_PRC,0,22
2024-09-13T13:00:00-00:00,2024-09-13T14:00:00-00:00,2024-09-13,7,0,Hourly,RD,AS_NP26_EXP,DAM,RD_CLR_PRC,0,22
2024-09-13T16:00:00-00:00,2024-09-13T17:00:00-00:00,2024-09-13,10,0,Hourly,RD,AS_SP26_EXP,DAM,RD_CLR_PRC,0,22
2024-09-13T19:00:00-00:00,2024-09-13T20:00:00-00:00,2024-09-13,13,0,Hourly,RD,AS_CAISO_EXP,DAM,RD_CLR_PRC,3.32455,22
2024-09-13T19:00:00-00:00,2024-09-13T20:00:00-00:00,2024-09-13,13,0,Hourly,RD,AS_NP26_EXP,DAM,RD_CLR_PRC,0,22
2024-09-13T19:00:00-00:00,2024-09-13T20:00:00-00:00,2024-09-13,13,0,Hourly,RD,AS_SP26,DAM,RD_CLR_PRC,0,22
2024-09-13T23:00:00-00:00,2024-09-14T00:00:00-00:00,2024-09-13,17,0,Hourly,RD,AS_CAISO_EXP,DAM,RD_CLR_PRC,6.26185,22
2024-09-14T00:00:00-00:00,2024-09-14T01:00:00-00:00,2024-09-13,18,0,Hourly,RD,AS_SP26,DAM,RD_CLR_PRC,0,22
2024-09-14T05:00:00-00:00,2024-09-14T06:00:00-00:00,2024-09-13,23,0,Hourly,RD,AS_CAISO_EXP,DAM,RD_CLR_PRC,2.5,22
2024-09-14T05:00:00-00:00,2024-09-14T06:00:00-00:00,2024-09-13,23,0,Hourly,RD,AS_SP26,DAM,RD_CLR_PRC,0,22
2024-09-14T06:00:00-00:00,2024-09-14T07:00:00-00:00,2024-09-13,24,0,Hourly,RD,AS_CAISO_EXP,DAM,RD_CLR_PRC,2.5,22
2024-09-13T11:00:00-00:00,2024-09-13T12:00:00-00:00,2024-09-13,5,0,Hourly,RD,AS_NP26,DAM,RD_CLR_PRC,0,22
2024-09-13T12:00:00-00:00,2024-09-13T13:00:00-00:00,2024-09-13,6,0,Hourly,RD,AS_NP26_EXP,DAM,RD_CLR_PRC,0.243,22
2024-09-13T13:00:00-00:00,2024-09-13T14:00:00-00:00,2024-09-13,7,0,Hourly,RD,AS_SP26_EXP,DAM,RD_CLR_PRC,0,22
2024-09-13T14:00:00-00:00,2024-09-13T15:00:00-00:00,2024-09-13,8,0,Hourly,RD,AS_CAISO,DAM,RD_CLR_PRC,0,22
2024-09-13T14:00:00-00:00,2024-09-13T15:00:00-00:00,2024-09-13,8,0,Hourly,RD,AS_SP26_EXP,DAM,RD_CLR_PRC,0,22
2024-09-13T15:00:00-00:00,2024-09-13T16:00:00-00:00,2024-09-13,9,0,Hourly,RD,AS_CAISO_EXP,DAM,RD_CLR_PRC,3.9166,22
2024-09-13T16:00:00-00:00,2024-09-13T17:00:00-00:00,2024-09-13,10,0,Hourly,RD,AS_CAISO,DAM,RD_CLR_PRC,0,22
2024-09-13T16:00:00-00:00,2024-09-13T17:00:00-00:00,2024-09-13,10,0,Hourly,RD,AS_NP26_EXP,DAM,RD_CLR_PRC,4.36441,22
2024-09-13T17:00:00-00:00,2024-09-13T18:00:00-00:00,2024-09-13,11,0,Hourly,RD,AS_NP26_EXP,DAM,RD_CLR_PRC,0.25289,22
2024-09-13T18:00:00-00:00,2024-09-13T19:00:00-00:00,2024-09-13,12,0,Hourly,RD,AS_CAISO_EXP,DAM,RD_CLR_PRC,3.47762,22
2024-09-14T01:00:00-00:00,2024-09-14T02:00:00-00:00,2024-09-13,19,0,Hourly,RD,AS_NP26_EXP,DAM,RD_CLR_PRC,0,22
2024-09-14T02:00:00-00:00,2024-09-14T03:00:00-00:00,2024-09-13,20,0,Hourly,RD,AS_SP26_EXP,DAM,RD_CLR_PRC,0,22
2024-09-14T04:00:00-00:00,2024-09-14T05:00:00-00:00,2024-09-13,22,0,Hourly,RD,AS_SP26,DAM,RD_CLR_PRC,0,22
2024-09-14T04:00:00-00:00,2024-09-14T05:00:00-00:00,2024-09-13,22,0,Hourly,RD,AS_SP26_EXP,DAM,RD_CLR_PRC,0,22
2024-09-13T07:00:00-00:00,2024-09-13T08:00:00-00:00,2024-09-13,1,0,Hourly,RD,AS_NP26,DAM,RD_CLR_PRC,0,22
2024-09-13T07:00:00-00:00,2024-09-13T08:00:00-00:00,2024-09-13,1,0,Hourly,RD,AS_SP26_EXP,DAM,RD_CLR_PRC,0,22
2024-09-13T08:00:00-00:00,2024-09-13T09:00:00-00:00,2024-09-13,2,0,Hourly,RD,AS_SP26_EXP,DAM,RD_CLR_PRC,0,22
2024-09-13T09:00:00-00:00,2024-09-13T10:00:00-00:00,2024-09-13,3,0,Hourly,RD,AS_SP26,DAM,RD_CLR_PRC,0,22
2024-09-13T10:00:00-00:00,2024-09-13T11:00:00-00:00,2024-09-13,4,0,Hourly,RD,AS_SP26,DAM,RD_CLR_PRC,0,22
2024-09-13T11:00:00-00:00,2024-09-13T12:00:00-00:00,2024-09-13,5,0,Hourly,RD,AS_NP26_EXP,DAM,RD_CLR_PRC,0.2134,22
2024-09-13T14:00:00-00:00,2024-09-13T15:00:00-00:00,2024-09-13,8,0,Hourly,RD,AS_SP26,DAM,RD_CLR_PRC,0,22
2024-09-13T15:00:00-00:00,2024-09-13T16:00:00-00:00,2024-09-13,9,0,Hourly,RD,AS_CAISO,DAM,RD_CLR_PRC,0,22
2024-09-13T18:00:00-00:00,2024-09-13T19:00:00-00:00,2024-09-13,12,0,Hourly,RD,AS_CAISO,DAM,RD_CLR_PRC,0,22
2024-09-13T19:00:00-00:00,2024-09-13T20:00:00-00:00,2024-09-13,13,0,Hourly,RD,AS_CAISO,DAM,RD_CLR_PRC,0,22
2024-09-13T21:00:00-00:00,2024-09-13T22:00:00-00:00,2024-09-13,15,0,Hourly,RD,AS_CAISO_EXP,DAM,RD_CLR_PRC,3.48876,22
2024-09-13T22:00:00-00:00,2024-09-13T23:00:00-00:00,2024-09-13,16,0,Hourly,RD,AS_NP26,DAM,RD_CLR_PRC,0,22
2024-09-13T23:00:00-00:00,2024-09-14T00:00:00-00:00,2024-09-13,17,0,Hourly,RD,AS_CAISO,DAM,RD_CLR_PRC,0,22
2024-09-13T23:00:00-00:00,2024-09-14T00:00:00-00:00,2024-09-13,17,0,Hourly,RD,AS_NP26_EXP,DAM,RD_CLR_PRC,0,22
2024-09-14T01:00:00-00:00,2024-09-14T02:00:00-00:00,2024-09-13,19,0,Hourly,RD,AS_SP26_EXP,DAM,RD_CLR_PRC,0,22
2024-09-14T02:00:00-00:00,2024-09-14T03:00:00-00:00,2024-09-13,20,0,Hourly,RD,AS_CAISO,DAM,RD_CLR_PRC,0,22
2024-09-14T05:00:00-00:00,2024-09-14T06:00:00-00:00,2024-09-13,23,0,Hourly,RD,AS_SP26_EXP,DAM,RD_CLR_PRC,0,22
2024-09-14T06:00:00-00:00,2024-09-14T07:00:00-00:00,2024-09-13,24,0,Hourly,RD,AS_CAISO,DAM,RD_CLR_PRC,0,22
2024-09-13T07:00:00-00:00,2024-09-13T08:00:00-00:00,2024-09-13,1,0,Hourly,RD,AS_CAISO_EXP,DAM,RD_CLR_PRC,3.46274,22
2024-09-13T09:00:00-00:00,2024-09-13T10:00:00-00:00,2024-09-13,3,0,Hourly,RD,AS_NP26_EXP,DAM,RD_CLR_PRC,0,22
2024-09-13T10:00:00-00:00,2024-09-13T11:00:00-00:00,2024-09-13,4,0,Hourly,RD,AS_NP26,DAM,RD_CLR_PRC,0,22
2024-09-13T11:00:00-00:00,2024-09-13T12:00:00-00:00,2024-09-13,5,0,Hourly,RD,AS_CAISO_EXP,DAM,RD_CLR_PRC,3.29905,22
2024-09-13T13:00:00-00:00,2024-09-13T14:00:00-00:00,2024-09-13,7,0,Hourly,RD,AS_CAISO_EXP,DAM,RD_CLR_PRC,5,22
2024-09-13T14:00:00-00:00,2024-09-13T15:00:00-00:00,2024-09-13,8,0,Hourly,RD,AS_NP26,DAM,RD_CLR_PRC,0,22
2024-09-13T15:00:00-00:00,2024-09-13T16:00:00-00:00,2024-09-13,9,0,Hourly,RD,AS_NP26_EXP,DAM,RD_CLR_PRC,0,22
2024-09-13T16:00:00-00:00,2024-09-13T17:00:00-00:00,2024-09-13,10,0,Hourly,RD,AS_NP26,DAM,RD_CLR_PRC,0,22
2024-09-13T21:00:00-00:00,2024-09-13T22:00:00-00:00,2024-09-13,15,0,Hourly,RD,AS_CAISO,DAM,RD_CLR_PRC,0,22
2024-09-13T21:00:00-00:00,2024-09-13T22:00:00-00:00,2024-09-13,15,0,Hourly,RD,AS_SP26_EXP,DAM,RD_CLR_PRC,0,22
2024-09-13T23:00:00-00:00,2024-09-14T00:00:00-00:00,2024-09-13,17,0,Hourly,RD,AS_SP26,DAM,RD_CLR_PRC,0,22
2024-09-14T00:00:00-00:00,2024-09-14T01:00:00-00:00,2024-09-13,18,0,Hourly,RD,AS_CAISO,DAM,RD_CLR_PRC,0,22
2024-09-14T02:00:00-00:00,2024-09-14T03:00:00-00:00,2024-09-13,20,0,Hourly,RD,AS_SP26,DAM,RD_CLR_PRC,0,22
2024-09-14T03:00:00-00:00,2024-09-14T04:00:00-00:00,2024-09-13,21,0,Hourly,RD,AS_CAISO_EXP,DAM,RD_CLR_PRC,5.88235,22
2024-09-14T03:00:00-00:00,2024-09-14T04:00:00-00:00,2024-09-13,21,0,Hourly,RD,AS_SP26,DAM,RD_CLR_PRC,0,22
2024-09-14T04:00:00-00:00,2024-09-14T05:00:00-00:00,2024-09-13,22,0,Hourly,RD,AS_CAISO,DAM,RD_CLR_PRC,0,22
2024-09-14T05:00:00-00:00,2024-09-14T06:00:00-00:00,2024-09-13,23,0,Hourly,RD,AS_NP26,DAM,RD_CLR_PRC,0,22
2024-09-14T06:00:00-00:00,2024-09-14T07:00:00-00:00,2024-09-13,24,0,Hourly,RD,AS_SP26_EXP,DAM,RD_CLR_PRC,0,22
2024-09-13T08:00:00-00:00,2024-09-13T09:00:00-00:00,2024-09-13,2,0,Hourly,RD,AS_NP26,DAM,RD_CLR_PRC,0,22
2024-09-13T08:00:00-00:00,2024-09-13T09:00:00-00:00,2024-09-13,2,0,Hourly,RD,AS_SP26,DAM,RD_CLR_PRC,0,22
2024-09-13T11:00:00-00:00,2024-09-13T12:00:00-00:00,2024-09-13,5,0,Hourly,RD,AS_CAISO,DAM,RD_CLR_PRC,0,22
2024-09-13T12:00:00-00:00,2024-09-13T13:00:00-00:00,2024-09-13,6,0,Hourly,RD,AS_SP26,DAM,RD_CLR_PRC,0,22
2024-09-15T05:00:00-00:00,2024-09-15T06:00:00-00:00,2024-09-14,23,0,Hourly,RD,AS_SP26,DAM,RD_CLR_PRC,0,23
2024-09-15T06:00:00-00:00,2024-09-15T07:00:00-00:00,2024-09-14,24,0,Hourly,RD,AS_NP26,DAM,RD_CLR_PRC,0,23
2024-09-14T08:00:00-00:00,2024-09-14T09:00:00-00:00,2024-09-14,2,0,Hourly,RD,AS_NP26,DAM,RD_CLR_PRC,0,23
2024-09-14T07:00:00-00:00,2024-09-14T08:00:00-00:00,2024-09-14,1,0,Hourly,RD,AS_SP26_EXP,DAM,RD_CLR_PRC,0,23
2024-09-14T09:00:00-00:00,2024-09-14T10:00:00-00:00,2024-09-14,3,0,Hourly,RD,AS_CAISO_EXP,DAM,RD_CLR_PRC,3.5,23
2024-09-14T10:00:00-00:00,2024-09-14T11:00:00-00:00,2024-09-14,4,0,Hourly,RD,AS_CAISO,DAM,RD_CLR_PRC,0,23
2024-09-14T15:00:00-00:00,2024-09-14T16:00:00-00:00,2024-09-14,9,0,Hourly,RD,AS_NP26_EXP,DAM,RD_CLR_PRC,4.50133,23
2024-09-14T19:00:00-00:00,2024-09-14T20:00:00-00:00,2024-09-14,13,0,Hourly,RD,AS_NP26,DAM,RD_CLR_PRC,0,23
2024-09-14T20:00:00-00:00,2024-09-14T21:00:00-00:00,2024-09-14,14,0,Hourly,RD,AS_SP26,DAM,RD_CLR_PRC,0,23
2024-09-14T20:00:00-00:00,2024-09-14T21:00:00-00:00,2024-09-14,14,0,Hourly,RD,AS_SP26_EXP,DAM,RD_CLR_PRC,0,23
2024-09-14T21:00:00-00:00,2024-09-14T22:00:00-00:00,2024-09-14,15,0,Hourly,RD,AS_NP26_EXP,DAM,RD_CLR_PRC,0,23
2024-09-15T03:00:00-00:00,2024-09-15T04:00:00-00:00,2024-09-14,21,0,Hourly,RD,AS_CAISO_EXP,DAM,RD_CLR_PRC,7.11,23
2024-09-15T03:00:00-00:00,2024-09-15T04:00:00-00:00,2024-09-14,21,0,Hourly,RD,AS_SP26_EXP,DAM,RD_CLR_PRC,0,23
2024-09-15T04:00:00-00:00,2024-09-15T05:00:00-00:00,2024-09-14,22,0,Hourly,RD,AS_NP26,DAM,RD_CLR_PRC,0,23
2024-09-15T05:00:00-00:00,2024-09-15T06:00:00-00:00,2024-09-14,23,0,Hourly,RD,AS_SP26_EXP,DAM,RD_CLR_PRC,0,23
2024-09-15T06:00:00-00:00,2024-09-15T07:00:00-00:00,2024-09-14,24,0,Hourly,RD,AS_CAISO,DAM,RD_CLR_PRC,0,23
2024-09-14T16:00:00-00:00,2024-09-14T17:00:00-00:00,2024-09-14,10,0,Hourly,RD,AS_CAISO_EXP,DAM,RD_CLR_PRC,3.09345,23
2024-09-14T16:00:00-00:00,2024-09-14T17:00:00-00:00,2024-09-14,10,0,Hourly,RD,AS_NP26_EXP,DAM,RD_CLR_PRC,6.91638,23
2024-09-14T16:00:00-00:00,2024-09-14T17:00:00-00:00,2024-09-14,10,0,Hourly,RD,AS_SP26_EXP,DAM,RD_CLR_PRC,0,23
2024-09-14T18:00:00-00:00,2024-09-14T19:00:00-00:00,2024-09-14,12,0,Hourly,RD,AS_NP26_EXP,DAM,RD_CLR_PRC,0.403,23
2024-09-14T19:00:00-00:00,2024-09-14T20:00:00-00:00,2024-09-14,13,0,Hourly,RD,AS_CAISO_EXP,DAM,RD_CLR_PRC,5.00697,23
2024-09-14T19:00:00-00:00,2024-09-14T20:00:00-00:00,2024-09-14,13,0,Hourly,RD,AS_NP26_EXP,DAM,RD_CLR_PRC,0,23
2024-09-14T19:00:00-00:00,2024-09-14T20:00:00-00:00,2024-09-14,13,0,Hourly,RD,AS_SP26,DAM,RD_CLR_PRC,0,23
2024-09-14T21:00:00-00:00,2024-09-14T22:00:00-00:00,2024-09-14,15,0,Hourly,RD,AS_SP26,DAM,RD_CLR_PRC,0,23
2024-09-15T05:00:00-00:00,2024-09-15T06:00:00-00:00,2024-09-14,23,0,Hourly,RD,AS_CAISO,DAM,RD_CLR_PRC,0,23
2024-09-14T09:00:00-00:00,2024-09-14T10:00:00-00:00,2024-09-14,3,0,Hourly,RD,AS_NP26,DAM,RD_CLR_PRC,0,23
2024-09-14T11:00:00-00:00,2024-09-14T12:00:00-00:00,2024-09-14,5,0,Hourly,RD,AS_NP26_EXP,DAM,RD_CLR_PRC,0.02359,23
2024-09-14T12:00:00-00:00,2024-09-14T13:00:00-00:00,2024-09-14,6,0,Hourly,RD,AS_CAISO,DAM,RD_CLR_PRC,0,23
2024-09-14T13:00:00-00:00,2024-09-14T14:00:00-00:00,2024-09-14,7,0,Hourly,RD,AS_NP26_EXP,DAM,RD_CLR_PRC,0.23979,23
2024-09-14T15:00:00-00:00,2024-09-14T16:00:00-00:00,2024-09-14,9,0,Hourly,RD,AS_NP26,DAM,RD_CLR_PRC,0,23
2024-09-14T16:00:00-00:00,2024-09-14T17:00:00-00:00,2024-09-14,10,0,Hourly,RD,AS_SP26,DAM,RD_CLR_PRC,0,23
2024-09-14T19:00:00-00:00,2024-09-14T20:00:00-00:00,2024-09-14,13,0,Hourly,RD,AS_CAISO,DAM,RD_CLR_PRC,0,23
2024-09-14T19:00:00-00:00,2024-09-14T20:00:00-00:00,2024-09-14,13,0,Hourly,RD,AS_SP26_EXP,DAM,RD_CLR_PRC,0,23
2024-09-14T21:00:00-00:00,2024-09-14T22:00:00-00:00,2024-09-14,15,0,Hourly,RD,AS_NP26,DAM,RD_CLR_PRC,0,23
2024-09-14T22:00:00-00:00,2024-09-14T23:00:00-00:00,2024-09-14,16,0,Hourly,RD,AS_CAISO_EXP,DAM,RD_CLR_PRC,5.50827,23
2024-09-14T22:00:00-00:00,2024-09-14T23:00:00-00:00,2024-09-14,16,0,Hourly,RD,AS_SP26,DAM,RD_CLR_PRC,0,23
2024-09-14T23:00:00-00:00,2024-09-15T00:00:00-00:00,2024-09-14,17,0,Hourly,RD,AS_SP26_EXP,DAM,RD_CLR_PRC,0,23
2024-09-15T03:00:00-00:00,2024-09-15T04:00:00-00:00,2024-09-14,21,0,Hourly,RD,AS_CAISO,DAM,RD_CLR_PRC,0,23
2024-09-15T04:00:00-00:00,2024-09-15T05:00:00-00:00,2024-09-14,22,0,Hourly,RD,AS_NP26_EXP,DAM,RD_CLR_PRC,1.27824,23
2024-09-15T05:00:00-00:00,2024-09-15T06:00:00-00:00,2024-09-14,23,0,Hourly,RD,AS_NP26,DAM,RD_CLR_PRC,0,23
2024-09-15T06:00:00-00:00,2024-09-15T07:00:00-00:00,2024-09-14,24,0,Hourly,RD,AS_CAISO_EXP,DAM,RD_CLR_PRC,3.72549,23
2024-09-15T06:00:00-00:00,2024-09-15T07:00:00-00:00,2024-09-14,24,0,Hourly,RD,AS_NP26_EXP,DAM,RD_CLR_PRC,0,23
2024-09-14T08:00:00-00:00,2024-09-14T09:00:00-00:00,2024-09-14,2,0,Hourly,RD,AS_CAISO,DAM,RD_CLR_PRC,0,23
2024-09-14T09:00:00-00:00,2024-09-14T10:00:00-00:00,2024-09-14,3,0,Hourly,RD,AS_SP26,DAM,RD_CLR_PRC,0,23
2024-09-14T09:00:00-00:00,2024-09-14T10:00:00-00:00,2024-09-14,3,0,Hourly,RD,AS_SP26_EXP,DAM,RD_CLR_PRC,0,23
2024-09-14T11:00:00-00:00,2024-09-14T12:00:00-00:00,2024-09-14,5,0,Hourly,RD,AS_NP26,DAM,RD_CLR_PRC,0,23
2024-09-14T12:00:00-00:00,2024-09-14T13:00:00-00:00,2024-09-14,6,0,Hourly,RD,AS_SP26,DAM,RD_CLR_PRC,0,23
2024-09-14T14:00:00-00:00,2024-09-14T15:00:00-00:00,2024-09-14,8,0,Hourly,RD,AS_NP26_EXP,DAM,RD_CLR_PRC,0,23
2024-09-14T14:00:00-00:00,2024-09-14T15:00:00-00:00,2024-09-14,8,0,Hourly,RD,AS_SP26_EXP,DAM,RD_CLR_PRC,0,23
2024-09-14T16:00:00-00:00,2024-09-14T17:00:00-00:00,2024-09-14,10,0,Hourly,RD,AS_NP26,DAM,RD_CLR_PRC,0,23
2024-09-14T17:00:00-00:00,2024-09-14T18:00:00-00:00,2024-09-14,11,0,Hourly,RD,AS_SP26,DAM,RD_CLR_PRC,0,23
2024-09-14T17:00:00-00:00,2024-09-14T18:00:00-00:00,2024-09-14,11,0,Hourly,RD,AS_SP26_EXP,DAM,RD_CLR_PRC,0,23
2024-09-14T18:00:00-00:00,2024-09-14T19:00:00-00:00,2024-09-14,12,0,Hourly,RD,AS_SP26,DAM,RD_CLR_PRC,0,23
2024-09-14T18:00:00-00:00,2024-09-14T19:00:00-00:00,2024-09-14,12,0,Hourly,RD,AS_SP26_EXP,DAM,RD_CLR_PRC,0,23
2024-09-14T20:00:00-00:00,2024-09-14T21:00:00-00:00,2024-09-14,14,0,Hourly,RD,AS_CAISO_EXP,DAM,RD_CLR_PRC,3.69768,23
2024-09-14T23:00:00-00:00,2024-09-15T00:00:00-00:00,2024-09-14,17,0,Hourly,RD,AS_SP26,DAM,RD_CLR_PRC,0,23
2024-09-15T01:00:00-00:00,2024-09-15T02:00:00-00:00,2024-09-14,19,0,Hourly,RD,AS_CAISO_EXP,DAM,RD_CLR_PRC,6,23
2024-09-15T01:00:00-00:00,2024-09-15T02:00:00-00:00,2024-09-14,19,0,Hourly,RD,AS_NP26,DAM,RD_CLR_PRC,0,23
2024-09-15T01:00:00-00:00,2024-09-15T02:00:00-00:00,2024-09-14,19,0,Hourly,RD,AS_SP26,DAM,RD_CLR_PRC,0,23
2024-09-15T02:00:00-00:00,2024-09-15T03:00:00-00:00,2024-09-14,20,0,Hourly,RD,AS_SP26,DAM,RD_CLR_PRC,0,23
2024-09-15T03:00:00-00:00,2024-09-15T04:00:00-00:00,2024-09-14,21,0,Hourly,RD,AS_NP26_EXP,DAM,RD_CLR_PRC,0,23
2024-09-15T05:00:00-00:00,2024-09-15T06:00:00-00:00,2024-09-14,23,0,Hourly,RD,AS_CAISO_EXP,DAM,RD_CLR_PRC,3.17423,23
2024-09-15T06:00:00-00:00,2024-09-15T07:00:00-00:00,2024-09-14,24,0,Hourly,RD,AS_SP26_EXP,DAM,RD_CLR_PRC,0,23
2024-09-14T08:00:00-00:00,2024-09-14T09:00:00-00:00,2024-09-14,2,0,Hourly,RD,AS_NP26_EXP,DAM,RD_CLR_PRC,0,23
2024-09-14T09:00:00-00:00,2024-09-14T10:00:00-00:00,2024-09-14,3,0,Hourly,RD,AS_NP26_EXP,DAM,RD_CLR_PRC,2.5,23
2024-09-14T10:00:00-00:00,2024-09-14T11:00:00-00:00,2024-09-14,4,0,Hourly,RD,AS_NP26,DAM,RD_CLR_PRC,0,23
2024-09-14T11:00:00-00:00,2024-09-14T12:00:00-00:00,2024-09-14,5,0,Hourly,RD,AS_SP26_EXP,DAM,RD_CLR_PRC,0,23
2024-09-14T12:00:00-00:00,2024-09-14T13:00:00-00:00,2024-09-14,6,0,Hourly,RD,AS_CAISO_EXP,DAM,RD_CLR_PRC,3.5,23
2024-09-14T12:00:00-00:00,2024-09-14T13:00:00-00:00,2024-09-14,6,0,Hourly,RD,AS_NP26,DAM,RD_CLR_PRC,0,23
2024-09-14T13:00:00-00:00,2024-09-14T14:00:00-00:00,2024-09-14,7,0,Hourly,RD,AS_NP26,DAM,RD_CLR_PRC,0,23
2024-09-14T13:00:00-00:00,2024-09-14T14:00:00-00:00,2024-09-14,7,0,Hourly,RD,AS_SP26_EXP,DAM,RD_CLR_PRC,0,23
2024-09-14T15:00:00-00:00,2024-09-14T16:00:00-00:00,2024-09-14,9,0,Hourly,RD,AS_CAISO_EXP,DAM,RD_CLR_PRC,5.68,23
2024-09-14T17:00:00-00:00,2024-09-14T18:00:00-00:00,2024-09-14,11,0,Hourly,RD,AS_CAISO,DAM,RD_CLR_PRC,0,23
2024-09-14T20:00:00-00:00,2024-09-14T21:00:00-00:00,2024-09-14,14,0,Hourly,RD,AS_CAISO,DAM,RD_CLR_PRC,0,23
2024-09-14T21:00:00-00:00,2024-09-14T22:00:00-00:00,2024-09-14,15,0,Hourly,RD,AS_SP26_EXP,DAM,RD_CLR_PRC,0,23
2024-09-14T22:00:00-00:00,2024-09-14T23:00:00-00:00,2024-09-14,16,0,Hourly,RD,AS_NP26_EXP,DAM,RD_CLR_PRC,0,23
2024-09-15T00:00:00-00:00,2024-09-15T01:00:00-00:00,2024-09-14,18,0,Hourly,RD,AS_SP26,DAM,RD_CLR_PRC,0,23
2024-09-15T01:00:00-00:00,2024-09-15T02:00:00-00:00,2024-09-14,19,0,Hourly,RD,AS_CAISO,DAM,RD_CLR_PRC,0,23
2024-09-15T02:00:00-00:00,2024-09-15T03:00:00-00:00,2024-09-14,20,0,Hourly,RD,AS_NP26_EXP,DAM,RD_CLR_PRC,0,23
2024-09-15T04:00:00-00:00,2024-09-15T05:00:00-00:00,2024-09-14,22,0,Hourly,RD,AS_SP26,DAM,RD_CLR_PRC,0,23
2024-09-14T07:00:00-00:00,2024-09-14T08:00:00-00:00,2024-09-14,1,0,Hourly,RD,AS_NP26_EXP,DAM,RD_CLR_PRC,0,23
2024-09-14T07:00:00-00:00,2024-09-14T08:00:00-00:00,2024-09-14,1,0,Hourly,RD,AS_NP26,DAM,RD_CLR_PRC,0,23
2024-09-14T10:00:00-00:00,2024-09-14T11:00:00-00:00,2024-09-14,4,0,Hourly,RD,AS_CAISO_EXP,DAM,RD_CLR_PRC,3.01657,23
2024-09-14T11:00:00-00:00,2024-09-14T12:00:00-00:00,2024-09-14,5,0,Hourly,RD,AS_CAISO_EXP,DAM,RD_CLR_PRC,3.5,23
2024-09-14T11:00:00-00:00,2024-09-14T12:00:00-00:00,2024-09-14,5,0,Hourly,RD,AS_SP26,DAM,RD_CLR_PRC,0,23
2024-09-14T13:00:00-00:00,2024-09-14T14:00:00-00:00,2024-09-14,7,0,Hourly,RD,AS_CAISO,DAM,RD_CLR_PRC,0,23
2024-09-14T14:00:00-00:00,2024-09-14T15:00:00-00:00,2024-09-14,8,0,Hourly,RD,AS_CAISO_EXP,DAM,RD_CLR_PRC,9.97026,23
2024-09-14T14:00:00-00:00,2024-09-14T15:00:00-00:00,2024-09-14,8,0,Hourly,RD,AS_NP26,DAM,RD_CLR_PRC,0,23
2024-09-14T14:00:00-00:00,2024-09-14T15:00:00-00:00,2024-09-14,8,0,Hourly,RD,AS_SP26,DAM,RD_CLR_PRC,0,23
2024-09-14T15:00:00-00:00,2024-09-14T16:00:00-00:00,2024-09-14,9,0,Hourly,RD,AS_CAISO,DAM,RD_CLR_PRC,0,23
2024-09-14T20:00:00-00:00,2024-09-14T21:00:00-00:00,2024-09-14,14,0,Hourly,RD,AS_NP26,DAM,RD_CLR_PRC,0,23
2024-09-14T21:00:00-00:00,2024-09-14T22:00:00-00:00,2024-09-14,15,0,Hourly,RD,AS_CAISO,DAM,RD_CLR_PRC,0,23
2024-09-14T22:00:00-00:00,2024-09-14T23:00:00-00:00,2024-09-14,16,0,Hourly,RD,AS_CAISO,DAM,RD_CLR_PRC,0,23
2024-09-14T23:00:00-00:00,2024-09-15T00:00:00-00:00,2024-09-14,17,0,Hourly,RD,AS_NP26_EXP,DAM,RD_CLR_PRC,0,23
2024-09-15T00:00:00-00:00,2024-09-15T01:00:00-00:00,2024-09-14,18,0,Hourly,RD,AS_CAISO,DAM,RD_CLR_PRC,0,23
2024-09-15T00:00:00-00:00,2024-09-15T01:00:00-00:00,2024-09-14,18,0,Hourly,RD,AS_SP26_EXP,DAM,RD_CLR_PRC,0,23
2024-09-15T01:00:00-00:00,2024-09-15T02:00:00-00:00,2024-09-14,19,0,Hourly,RD,AS_SP26_EXP,DAM,RD_CLR_PRC,0,23
2024-09-14T07:00:00-00:00,2024-09-14T08:00:00-00:00,2024-09-14,1,0,Hourly,RD,AS_CAISO_EXP,DAM,RD_CLR_PRC,3.94591,23
2024-09-14T07:00:00-00:00,2024-09-14T08:00:00-00:00,2024-09-14,1,0,Hourly,RD,AS_SP26,DAM,RD_CLR_PRC,0,23
2024-09-14T08:00:00-00:00,2024-09-14T09:00:00-00:00,2024-09-14,2,0,Hourly,RD,AS_CAISO_EXP,DAM,RD_CLR_PRC,3.5,23
2024-09-14T12:00:00-00:00,2024-09-14T13:00:00-00:00,2024-09-14,6,0,Hourly,RD,AS_SP26_EXP,DAM,RD_CLR_PRC,0,23
2024-09-14T13:00:00-00:00,2024-09-14T14:00:00-00:00,2024-09-14,7,0,Hourly,RD,AS_SP26,DAM,RD_CLR_PRC,0,23
2024-09-14T17:00:00-00:00,2024-09-14T18:00:00-00:00,2024-09-14,11,0,Hourly,RD,AS_NP26,DAM,RD_CLR_PRC,0,23
2024-09-14T17:00:00-00:00,2024-09-14T18:00:00-00:00,2024-09-14,11,0,Hourly,RD,AS_NP26_EXP,DAM,RD_CLR_PRC,3.12623,23
2024-09-14T18:00:00-00:00,2024-09-14T19:00:00-00:00,2024-09-14,12,0,Hourly,RD,AS_CAISO_EXP,DAM,RD_CLR_PRC,5,23
2024-09-14T20:00:00-00:00,2024-09-14T21:00:00-00:00,2024-09-14,14,0,Hourly,RD,AS_NP26_EXP,DAM,RD_CLR_PRC,0.7291,23
2024-09-14T22:00:00-00:00,2024-09-14T23:00:00-00:00,2024-09-14,16,0,Hourly,RD,AS_NP26,DAM,RD_CLR_PRC,0,23
2024-09-14T22:00:00-00:00,2024-09-14T23:00:00-00:00,2024-09-14,16,0,Hourly,RD,AS_SP26_EXP,DAM,RD_CLR_PRC,0,23
2024-09-14T23:00:00-00:00,2024-09-15T00:00:00-00:00,2024-09-14,17,0,Hourly,RD,AS_CAISO_EXP,DAM,RD_CLR_PRC,7.01681,23
2024-09-15T01:00:00-00:00,2024-09-15T02:00:00-00:00,2024-09-14,19,0,Hourly,RD,AS_NP26_EXP,DAM,RD_CLR_PRC,0,23
2024-09-15T02:00:00-00:00,2024-09-15T03:00:00-00:00,2024-09-14,20,0,Hourly,RD,AS_CAISO,DAM,RD_CLR_PRC,0,23
2024-09-15T02:00:00-00:00,2024-09-15T03:00:00-00:00,2024-09-14,20,0,Hourly,RD,AS_NP26,DAM,RD_CLR_PRC,0,23
2024-09-15T04:00:00-00:00,2024-09-15T05:00:00-00:00,2024-09-14,22,0,Hourly,RD,AS_CAISO_EXP,DAM,RD_CLR_PRC,2.5,23
2024-09-15T06:00:00-00:00,2024-09-15T07:00:00-00:00,2024-09-14,24,0,Hourly,RD,AS_SP26,DAM,RD_CLR_PRC,0,23
2024-09-14T09:00:00-00:00,2024-09-14T10:00:00-00:00,2024-09-14,3,0,Hourly,RD,AS_CAISO,DAM,RD_CLR_PRC,0,23
2024-09-14T10:00:00-00:00,2024-09-14T11:00:00-00:00,2024-09-14,4,0,Hourly,RD,AS_NP26_EXP,DAM,RD_CLR_PRC,0,23
2024-09-14T10:00:00-00:00,2024-09-14T11:00:00-00:00,2024-09-14,4,0,Hourly,RD,AS_SP26,DAM,RD_CLR_PRC,0,23
2024-09-14T10:00:00-00:00,2024-09-14T11:00:00-00:00,2024-09-14,4,0,Hourly,RD,AS_SP26_EXP,DAM,RD_CLR_PRC,0,23
2024-09-14T11:00:00-00:00,2024-09-14T12:00:00-00:00,2024-09-14,5,0,Hourly,RD,AS_CAISO,DAM,RD_CLR_PRC,0,23
2024-09-14T13:00:00-00:00,2024-09-14T14:00:00-00:00,2024-09-14,7,0,Hourly,RD,AS_CAISO_EXP,DAM,RD_CLR_PRC,5.68,23
2024-09-14T14:00:00-00:00,2024-09-14T15:00:00-00:00,2024-09-14,8,0,Hourly,RD,AS_CAISO,DAM,RD_CLR_PRC,0,23
2024-09-14T15:00:00-00:00,2024-09-14T16:00:00-00:00,2024-09-14,9,0,Hourly,RD,AS_SP26_EXP,DAM,RD_CLR_PRC,0,23
2024-09-14T16:00:00-00:00,2024-09-14T17:00:00-00:00,2024-09-14,10,0,Hourly,RD,AS_CAISO,DAM,RD_CLR_PRC,0,23
2024-09-14T17:00:00-00:00,2024-09-14T18:00:00-00:00,2024-09-14,11,0,Hourly,RD,AS_CAISO_EXP,DAM,RD_CLR_PRC,3.87377,23
2024-09-14T18:00:00-00:00,2024-09-14T19:00:00-00:00,2024-09-14,12,0,Hourly,RD,AS_CAISO,DAM,RD_CLR_PRC,0,23
2024-09-14T18:00:00-00:00,2024-09-14T19:00:00-00:00,2024-09-14,12,0,Hourly,RD,AS_NP26,DAM,RD_CLR_PRC,0,23
2024-09-14T21:00:00-00:00,2024-09-14T22:00:00-00:00,2024-09-14,15,0,Hourly,RD,AS_CAISO_EXP,DAM,RD_CLR_PRC,5.29054,23
2024-09-14T23:00:00-00:00,2024-09-15T00:00:00-00:00,2024-09-14,17,0,Hourly,RD,AS_CAISO,DAM,RD_CLR_PRC,0,23
2024-09-14T23:00:00-00:00,2024-09-15T00:00:00-00:00,2024-09-14,17,0,Hourly,RD,AS_NP26,DAM,RD_CLR_PRC,0,23
2024-09-15T00:00:00-00:00,2024-09-15T01:00:00-00:00,2024-09-14,18,0,Hourly,RD,AS_CAISO_EXP,DAM,RD_CLR_PRC,5.9,23
2024-09-15T00:00:00-00:00,2024-09-15T01:00:00-00:00,2024-09-14,18,0,Hourly,RD,AS_NP26,DAM,RD_CLR_PRC,0,23
2024-09-15T00:00:00-00:00,2024-09-15T01:00:00-00:00,2024-09-14,18,0,Hourly,RD,AS_NP26_EXP,DAM,RD_CLR_PRC,0,23
2024-09-15T02:00:00-00:00,2024-09-15T03:00:00-00:00,2024-09-14,20,0,Hourly,RD,AS_CAISO_EXP,DAM,RD_CLR_PRC,8.11,23
2024-09-15T02:00:00-00:00,2024-09-15T03:00:00-00:00,2024-09-14,20,0,Hourly,RD,AS_SP26_EXP,DAM,RD_CLR_PRC,0,23
2024-09-15T03:00:00-00:00,2024-09-15T04:00:00-00:00,2024-09-14,21,0,Hourly,RD,AS_NP26,DAM,RD_CLR_PRC,0,23
2024-09-15T03:00:00-00:00,2024-09-15T04:00:00-00:00,2024-09-14,21,0,Hourly,RD,AS_SP26,DAM,RD_CLR_PRC,0,23
2024-09-15T04:00:00-00:00,2024-09-15T05:00:00-00:00,2024-09-14,22,0,Hourly,RD,AS_CAISO,DAM,RD_CLR_PRC,0,23
2024-09-15T04:00:00-00:00,2024-09-15T05:00:00-00:00,2024-09-14,22,0,Hourly,RD,AS_SP26_EXP,DAM,RD_CLR_PRC,0,23
2024-09-15T05:00:00-00:00,2024-09-15T06:00:00-00:00,2024-09-14,23,0,Hourly,RD,AS_NP26_EXP,DAM,RD_CLR_PRC,0.64007,23
2024-09-14T07:00:00-00:00,2024-09-14T08:00:00-00:00,2024-09-14,1,0,Hourly,RD,AS_CAISO,DAM,RD_CLR_PRC,0,23
2024-09-14T08:00:00-00:00,2024-09-14T09:00:00-00:00,2024-09-14,2,0,Hourly,RD,AS_SP26,DAM,RD_CLR_PRC,0,23
2024-09-14T08:00:00-00:00,2024-09-14T09:00:00-00:00,2024-09-14,2,0,Hourly,RD,AS_SP26_EXP,DAM,RD_CLR_PRC,0,23
2024-09-14T12:00:00-00:00,2024-09-14T13:00:00-00:00,2024-09-14,6,0,Hourly,RD,AS_NP26_EXP,DAM,RD_CLR_PRC,0.28329,23
2024-09-14T15:00:00-00:00,2024-09-14T16:00:00-00:00,2024-09-14,9,0,Hourly,RD,AS_SP26,DAM,RD_CLR_PRC,0,23
2024-09-16T04:00:00-00:00,2024-09-16T05:00:00-00:00,2024-09-15,22,0,Hourly,RD,AS_CAISO_EXP,DAM,RD_CLR_PRC,3.08389,24
2024-09-16T04:00:00-00:00,2024-09-16T05:00:00-00:00,2024-09-15,22,0,Hourly,RD,AS_SP26,DAM,RD_CLR_PRC,0,24
2024-09-16T04:00:00-00:00,2024-09-16T05:00:00-00:00,2024-09-15,22,0,Hourly,RD,AS_SP26_EXP,DAM,RD_CLR_PRC,0,24
2024-09-16T05:00:00-00:00,2024-09-16T06:00:00-00:00,2024-09-15,23,0,Hourly,RD,AS_NP26,DAM,RD_CLR_PRC,0,24
2024-09-15T08:00:00-00:00,2024-09-15T09:00:00-00:00,2024-09-15,2,0,Hourly,RD,AS_CAISO_EXP,DAM,RD_CLR_PRC,3.5,24
2024-09-15T09:00:00-00:00,2024-09-15T10:00:00-00:00,2024-09-15,3,0,Hourly,RD,AS_SP26,DAM,RD_CLR_PRC,0,24
2024-09-15T12:00:00-00:00,2024-09-15T13:00:00-00:00,2024-09-15,6,0,Hourly,RD,AS_NP26,DAM,RD_CLR_PRC,0,24
2024-09-15T12:00:00-00:00,2024-09-15T13:00:00-00:00,2024-09-15,6,0,Hourly,RD,AS_SP26_EXP,DAM,RD_CLR_PRC,0,24
2024-09-15T13:00:00-00:00,2024-09-15T14:00:00-00:00,2024-09-15,7,0,Hourly,RD,AS_CAISO,DAM,RD_CLR_PRC,0,24
2024-09-15T15:00:00-00:00,2024-09-15T16:00:00-00:00,2024-09-15,9,0,Hourly,RD,AS_NP26,DAM,RD_CLR_PRC,0,24
2024-09-15T16:00:00-00:00,2024-09-15T17:00:00-00:00,2024-09-15,10,0,Hourly,RD,AS_SP26_EXP,DAM,RD_CLR_PRC,0,24
2024-09-15T18:00:00-00:00,2024-09-15T19:00:00-00:00,2024-09-15,12,0,Hourly,RD,AS_SP26,DAM,RD_CLR_PRC,0,24
2024-09-15T23:00:00-00:00,2024-09-16T00:00:00-00:00,2024-09-15,17,0,Hourly,RD,AS_SP26_EXP,DAM,RD_CLR_PRC,0,24
2024-09-16T00:00:00-00:00,2024-09-16T01:00:00-00:00,2024-09-15,18,0,Hourly,RD,AS_NP26,DAM,RD_CLR_PRC,0,24
2024-09-16T00:00:00-00:00,2024-09-16T01:00:00-00:00,2024-09-15,18,0,Hourly,RD,AS_SP26,DAM,RD_CLR_PRC,0,24
2024-09-16T03:00:00-00:00,2024-09-16T04:00:00-00:00,2024-09-15,21,0,Hourly,RD,AS_SP26,DAM,RD_CLR_PRC,0,24
2024-09-15T20:00:00-00:00,2024-09-15T21:00:00-00:00,2024-09-15,14,0,Hourly,RD,AS_NP26,DAM,RD_CLR_PRC,0,24
2024-09-15T20:00:00-00:00,2024-09-15T21:00:00-00:00,2024-09-15,14,0,Hourly,RD,AS_SP26_EXP,DAM,RD_CLR_PRC,0,24
2024-09-15T23:00:00-00:00,2024-09-16T00:00:00-00:00,2024-09-15,17,0,Hourly,RD,AS_NP26,DAM,RD_CLR_PRC,0,24
2024-09-15T23:00:00-00:00,2024-09-16T00:00:00-00:00,2024-09-15,17,0,Hourly,RD,AS_NP26_EXP,DAM,RD_CLR_PRC,0,24
2024-09-15T23:00:00-00:00,2024-09-16T00:00:00-00:00,2024-09-15,17,0,Hourly,RD,AS_SP26,DAM,RD_CLR_PRC,0,24
2024-09-16T00:00:00-00:00,2024-09-16T01:00:00-00:00,2024-09-15,18,0,Hourly,RD,AS_CAISO_EXP,DAM,RD_CLR_PRC,11.76116,24
2024-09-16T01:00:00-00:00,2024-09-16T02:00:00-00:00,2024-09-15,19,0,Hourly,RD,AS_CAISO,DAM,RD_CLR_PRC,0,24
2024-09-16T05:00:00-00:00,2024-09-16T06:00:00-00:00,2024-09-15,23,0,Hourly,RD,AS_SP26_EXP,DAM,RD_CLR_PRC,0,24
2024-09-16T06:00:00-00:00,2024-09-16T07:00:00-00:00,2024-09-15,24,0,Hourly,RD,AS_SP26_EXP,DAM,RD_CLR_PRC,0,24
2024-09-15T07:00:00-00:00,2024-09-15T08:00:00-00:00,2024-09-15,1,0,Hourly,RD,AS_SP26_EXP,DAM,RD_CLR_PRC,0,24
2024-09-15T08:00:00-00:00,2024-09-15T09:00:00-00:00,2024-09-15,2,0,Hourly,RD,AS_NP26,DAM,RD_CLR_PRC,0,24
2024-09-15T11:00:00-00:00,2024-09-15T12:00:00-00:00,2024-09-15,5,0,Hourly,RD,AS_NP26_EXP,DAM,RD_CLR_PRC,1.98769,24
2024-09-15T13:00:00-00:00,2024-09-15T14:00:00-00:00,2024-09-15,7,0,Hourly,RD,AS_NP26_EXP,DAM,RD_CLR_PRC,2.94302,24
2024-09-15T15:00:00-00:00,2024-09-15T16:00:00-00:00,2024-09-15,9,0,Hourly,RD,AS_SP26_EXP,DAM,RD_CLR_PRC,0,24
2024-09-15T19:00:00-00:00,2024-09-15T20:00:00-00:00,2024-09-15,13,0,Hourly,RD,AS_NP26_EXP,DAM,RD_CLR_PRC,0,24
2024-09-15T20:00:00-00:00,2024-09-15T21:00:00-00:00,2024-09-15,14,0,Hourly,RD,AS_SP26,DAM,RD_CLR_PRC,0,24
2024-09-15T22:00:00-00:00,2024-09-15T23:00:00-00:00,2024-09-15,16,0,Hourly,RD,AS_NP26,DAM,RD_CLR_PRC,0,24
2024-09-15T22:00:00-00:00,2024-09-15T23:00:00-00:00,2024-09-15,16,0,Hourly,RD,AS_SP26,DAM,RD_CLR_PRC,0,24
2024-09-15T23:00:00-00:00,2024-09-16T00:00:00-00:00,2024-09-15,17,0,Hourly,RD,AS_CAISO_EXP,DAM,RD_CLR_PRC,11.03,24
2024-09-16T00:00:00-00:00,2024-09-16T01:00:00-00:00,2024-09-15,18,0,Hourly,RD,AS_CAISO,DAM,RD_CLR_PRC,0,24
2024-09-16T02:00:00-00:00,2024-09-16T03:00:00-00:00,2024-09-15,20,0,Hourly,RD,AS_NP26,DAM,RD_CLR_PRC,0,24
2024-09-16T02:00:00-00:00,2024-09-16T03:00:00-00:00,2024-09-15,20,0,Hourly,RD,AS_NP26_EXP,DAM,RD_CLR_PRC,0,24
2024-09-16T03:00:00-00:00,2024-09-16T04:00:00-00:00,2024-09-15,21,0,Hourly,RD,AS_CAISO_EXP,DAM,RD_CLR_PRC,7.11,24
2024-09-16T06:00:00-00:00,2024-09-16T07:00:00-00:00,2024-09-15,24,0,Hourly,RD,AS_CAISO,DAM,RD_CLR_PRC,0,24
2024-09-16T06:00:00-00:00,2024-09-16T07:00:00-00:00,2024-09-15,24,0,Hourly,RD,AS_NP26_EXP,DAM,RD_CLR_PRC,1.37654,24
2024-09-15T07:00:00-00:00,2024-09-15T08:00:00-00:00,2024-09-15,1,0,Hourly,RD,AS_CAISO_EXP,DAM,RD_CLR_PRC,4.83143,24
2024-09-15T08:00:00-00:00,2024-09-15T09:00:00-00:00,2024-09-15,2,0,Hourly,RD,AS_NP26_EXP,DAM,RD_CLR_PRC,0.25709,24
2024-09-15T08:00:00-00:00,2024-09-15T09:00:00-00:00,2024-09-15,2,0,Hourly,RD,AS_SP26,DAM,RD_CLR_PRC,0,24
2024-09-15T09:00:00-00:00,2024-09-15T10:00:00-00:00,2024-09-15,3,0,Hourly,RD,AS_NP26_EXP,DAM,RD_CLR_PRC,0.22912,24
2024-09-15T10:00:00-00:00,2024-09-15T11:00:00-00:00,2024-09-15,4,0,Hourly,RD,AS_CAISO,DAM,RD_CLR_PRC,0,24
2024-09-15T11:00:00-00:00,2024-09-15T12:00:00-00:00,2024-09-15,5,0,Hourly,RD,AS_CAISO,DAM,RD_CLR_PRC,0,24
2024-09-15T11:00:00-00:00,2024-09-15T12:00:00-00:00,2024-09-15,5,0,Hourly,RD,AS_SP26_EXP,DAM,RD_CLR_PRC,0,24
2024-09-15T13:00:00-00:00,2024-09-15T14:00:00-00:00,2024-09-15,7,0,Hourly,RD,AS_SP26,DAM,RD_CLR_PRC,0,24
2024-09-15T14:00:00-00:00,2024-09-15T15:00:00-00:00,2024-09-15,8,0,Hourly,RD,AS_CAISO_EXP,DAM,RD_CLR_PRC,9.24458,24
2024-09-15T15:00:00-00:00,2024-09-15T16:00:00-00:00,2024-09-15,9,0,Hourly,RD,AS_CAISO,DAM,RD_CLR_PRC,0,24
2024-09-15T18:00:00-00:00,2024-09-15T19:00:00-00:00,2024-09-15,12,0,Hourly,RD,AS_CAISO_EXP,DAM,RD_CLR_PRC,4.76031,24
2024-09-15T18:00:00-00:00,2024-09-15T19:00:00-00:00,2024-09-15,12,0,Hourly,RD,AS_NP26,DAM,RD_CLR_PRC,0,24
2024-09-15T18:00:00-00:00,2024-09-15T19:00:00-00:00,2024-09-15,12,0,Hourly,RD,AS_SP26_EXP,DAM,RD_CLR_PRC,0,24
2024-09-15T19:00:00-00:00,2024-09-15T20:00:00-00:00,2024-09-15,13,0,Hourly,RD,AS_CAISO_EXP,DAM,RD_CLR_PRC,4.34361,24
2024-09-15T19:00:00-00:00,2024-09-15T20:00:00-00:00,2024-09-15,13,0,Hourly,RD,AS_NP26,DAM,RD_CLR_PRC,0,24
2024-09-15T20:00:00-00:00,2024-09-15T21:00:00-00:00,2024-09-15,14,0,Hourly,RD,AS_NP26_EXP,DAM,RD_CLR_PRC,0,24
2024-09-15T22:00:00-00:00,2024-09-15T23:00:00-00:00,2024-09-15,16,0,Hourly,RD,AS_CAISO,DAM,RD_CLR_PRC,0,24
2024-09-16T00:00:00-00:00,2024-09-16T01:00:00-00:00,2024-09-15,18,0,Hourly,RD,AS_NP26_EXP,DAM,RD_CLR_PRC,0,24
2024-09-16T00:00:00-00:00,2024-09-16T01:00:00-00:00,2024-09-15,18,0,Hourly,RD,AS_SP26_EXP,DAM,RD_CLR_PRC,0,24
2024-09-16T01:00:00-00:00,2024-09-16T02:00:00-00:00,2024-09-15,19,0,Hourly,RD,AS_CAISO_EXP,DAM,RD_CLR_PRC,6,24
2024-09-16T01:00:00-00:00,2024-09-16T02:00:00-00:00,2024-09-15,19,0,Hourly,RD,AS_NP26,DAM,RD_CLR_PRC,0,24
2024-09-16T04:00:00-00:00,2024-09-16T05:00:00-00:00,2024-09-15,22,0,Hourly,RD,AS_NP26,DAM,RD_CLR_PRC,0,24
2024-09-16T04:00:00-00:00,2024-09-16T05:00:00-00:00,2024-09-15,22,0,Hourly,RD,AS_NP26_EXP,DAM,RD_CLR_PRC,0.53662,24
2024-09-16T05:00:00-00:00,2024-09-16T06:00:00-00:00,2024-09-15,23,0,Hourly,RD,AS_CAISO_EXP,DAM,RD_CLR_PRC,2.5,24
2024-09-15T09:00:00-00:00,2024-09-15T10:00:00-00:00,2024-09-15,3,0,Hourly,RD,AS_NP26,DAM,RD_CLR_PRC,0,24
2024-09-15T10:00:00-00:00,2024-09-15T11:00:00-00:00,2024-09-15,4,0,Hourly,RD,AS_NP26_EXP,DAM,RD_CLR_PRC,1.79348,24
2024-09-15T16:00:00-00:00,2024-09-15T17:00:00-00:00,2024-09-15,10,0,Hourly,RD,AS_NP26,DAM,RD_CLR_PRC,0,24
2024-09-15T16:00:00-00:00,2024-09-15T17:00:00-00:00,2024-09-15,10,0,Hourly,RD,AS_NP26_EXP,DAM,RD_CLR_PRC,4.37347,24
2024-09-15T17:00:00-00:00,2024-09-15T18:00:00-00:00,2024-09-15,11,0,Hourly,RD,AS_SP26,DAM,RD_CLR_PRC,0,24
2024-09-15T21:00:00-00:00,2024-09-15T22:00:00-00:00,2024-09-15,15,0,Hourly,RD,AS_CAISO_EXP,DAM,RD_CLR_PRC,5.68362,24
2024-09-15T21:00:00-00:00,2024-09-15T22:00:00-00:00,2024-09-15,15,0,Hourly,RD,AS_NP26,DAM,RD_CLR_PRC,0,24
2024-09-15T21:00:00-00:00,2024-09-15T22:00:00-00:00,2024-09-15,15,0,Hourly,RD,AS_NP26_EXP,DAM,RD_CLR_PRC,0,24
2024-09-15T22:00:00-00:00,2024-09-15T23:00:00-00:00,2024-09-15,16,0,Hourly,RD,AS_NP26_EXP,DAM,RD_CLR_PRC,0,24
2024-09-15T23:00:00-00:00,2024-09-16T00:00:00-00:00,2024-09-15,17,0,Hourly,RD,AS_CAISO,DAM,RD_CLR_PRC,0,24
2024-09-16T01:00:00-00:00,2024-09-16T02:00:00-00:00,2024-09-15,19,0,Hourly,RD,AS_NP26_EXP,DAM,RD_CLR_PRC,0,24
2024-09-16T02:00:00-00:00,2024-09-16T03:00:00-00:00,2024-09-15,20,0,Hourly,RD,AS_CAISO,DAM,RD_CLR_PRC,0,24
2024-09-16T02:00:00-00:00,2024-09-16T03:00:00-00:00,2024-09-15,20,0,Hourly,RD,AS_CAISO_EXP,DAM,RD_CLR_PRC,5.99,24
2024-09-16T03:00:00-00:00,2024-09-16T04:00:00-00:00,2024-09-15,21,0,Hourly,RD,AS_NP26,DAM,RD_CLR_PRC,0,24
2024-09-16T03:00:00-00:00,2024-09-16T04:00:00-00:00,2024-09-15,21,0,Hourly,RD,AS_CAISO,DAM,RD_CLR_PRC,0,24
2024-09-15T07:00:00-00:00,2024-09-15T08:00:00-00:00,2024-09-15,1,0,Hourly,RD,AS_NP26,DAM,RD_CLR_PRC,0,24
2024-09-15T09:00:00-00:00,2024-09-15T10:00:00-00:00,2024-09-15,3,0,Hourly,RD,AS_SP26_EXP,DAM,RD_CLR_PRC,0,24
2024-09-15T12:00:00-00:00,2024-09-15T13:00:00-00:00,2024-09-15,6,0,Hourly,RD,AS_CAISO_EXP,DAM,RD_CLR_PRC,2,24
2024-09-15T12:00:00-00:00,2024-09-15T13:00:00-00:00,2024-09-15,6,0,Hourly,RD,AS_NP26_EXP,DAM,RD_CLR_PRC,2.28585,24
2024-09-15T14:00:00-00:00,2024-09-15T15:00:00-00:00,2024-09-15,8,0,Hourly,RD,AS_SP26_EXP,DAM,RD_CLR_PRC,0,24
2024-09-15T15:00:00-00:00,2024-09-15T16:00:00-00:00,2024-09-15,9,0,Hourly,RD,AS_SP26,DAM,RD_CLR_PRC,0,24
2024-09-15T17:00:00-00:00,2024-09-15T18:00:00-00:00,2024-09-15,11,0,Hourly,RD,AS_SP26_EXP,DAM,RD_CLR_PRC,0,24
2024-09-15T18:00:00-00:00,2024-09-15T19:00:00-00:00,2024-09-15,12,0,Hourly,RD,AS_NP26_EXP,DAM,RD_CLR_PRC,0,24
2024-09-15T20:00:00-00:00,2024-09-15T21:00:00-00:00,2024-09-15,14,0,Hourly,RD,AS_CAISO,DAM,RD_CLR_PRC,0,24
2024-09-15T21:00:00-00:00,2024-09-15T22:00:00-00:00,2024-09-15,15,0,Hourly,RD,AS_SP26_EXP,DAM,RD_CLR_PRC,0,24
2024-09-15T22:00:00-00:00,2024-09-15T23:00:00-00:00,2024-09-15,16,0,Hourly,RD,AS_SP26_EXP,DAM,RD_CLR_PRC,0,24
2024-09-16T01:00:00-00:00,2024-09-16T02:00:00-00:00,2024-09-15,19,0,Hourly,RD,AS_SP26,DAM,RD_CLR_PRC,0,24
2024-09-16T01:00:00-00:00,2024-09-16T02:00:00-00:00,2024-09-15,19,0,Hourly,RD,AS_SP26_EXP,DAM,RD_CLR_PRC,4,24
2024-09-16T02:00:00-00:00,2024-09-16T03:00:00-00:00,2024-09-15,20,0,Hourly,RD,AS_SP26_EXP,DAM,RD_CLR_PRC,1.9449,24
2024-09-16T03:00:00-00:00,2024-09-16T04:00:00-00:00,2024-09-15,21,0,Hourly,RD,AS_SP26_EXP,DAM,RD_CLR_PRC,0,24
2024-09-15T07:00:00-00:00,2024-09-15T08:00:00-00:00,2024-09-15,1,0,Hourly,RD,AS_SP26,DAM,RD_CLR_PRC,0,24
2024-09-15T09:00:00-00:00,2024-09-15T10:00:00-00:00,2024-09-15,3,0,Hourly,RD,AS_CAISO_EXP,DAM,RD_CLR_PRC,3.5,24
2024-09-15T10:00:00-00:00,2024-09-15T11:00:00-00:00,2024-09-15,4,0,Hourly,RD,AS_NP26,DAM,RD_CLR_PRC,0,24
2024-09-15T10:00:00-00:00,2024-09-15T11:00:00-00:00,2024-09-15,4,0,Hourly,RD,AS_SP26_EXP,DAM,RD_CLR_PRC,0,24
2024-09-15T12:00:00-00:00,2024-09-15T13:00:00-00:00,2024-09-15,6,0,Hourly,RD,AS_SP26,DAM,RD_CLR_PRC,0,24
2024-09-15T13:00:00-00:00,2024-09-15T14:00:00-00:00,2024-09-15,7,0,Hourly,RD,AS_SP26_EXP,DAM,RD_CLR_PRC,0,24
2024-09-15T14:00:00-00:00,2024-09-15T15:00:00-00:00,2024-09-15,8,0,Hourly,RD,AS_CAISO,DAM,RD_CLR_PRC,0,24
2024-09-15T14:00:00-00:00,2024-09-15T15:00:00-00:00,2024-09-15,8,0,Hourly,RD,AS_NP26_EXP,DAM,RD_CLR_PRC,0,24
2024-09-15T17:00:00-00:00,2024-09-15T18:00:00-00:00,2024-09-15,11,0,Hourly,RD,AS_NP26_EXP,DAM,RD_CLR_PRC,0,24
2024-09-15T21:00:00-00:00,2024-09-15T22:00:00-00:00,2024-09-15,15,0,Hourly,RD,AS_CAISO,DAM,RD_CLR_PRC,0,24
2024-09-15T21:00:00-00:00,2024-09-15T22:00:00-00:00,2024-09-15,15,0,Hourly,RD,AS_SP26,DAM,RD_CLR_PRC,0,24
2024-09-16T02:00:00-00:00,2024-09-16T03:00:00-00:00,2024-09-15,20,0,Hourly,RD,AS_SP26,DAM,RD_CLR_PRC,0,24
2024-09-16T03:00:00-00:00,2024-09-16T04:00:00-00:00,2024-09-15,21,0,Hourly,RD,AS_NP26_EXP,DAM,RD_CLR_PRC,0,24
2024-09-16T05:00:00-00:00,2024-09-16T06:00:00-00:00,2024-09-15,23,0,Hourly,RD,AS_CAISO,DAM,RD_CLR_PRC,0,24
2024-09-16T05:00:00-00:00,2024-09-16T06:00:00-00:00,2024-09-15,23,0,Hourly,RD,AS_NP26_EXP,DAM,RD_CLR_PRC,1.62835,24
2024-09-16T06:00:00-00:00,2024-09-16T07:00:00-00:00,2024-09-15,24,0,Hourly,RD,AS_NP26,DAM,RD_CLR_PRC,0,24
2024-09-15T07:00:00-00:00,2024-09-15T08:00:00-00:00,2024-09-15,1,0,Hourly,RD,AS_CAISO,DAM,RD_CLR_PRC,0,24
2024-09-15T08:00:00-00:00,2024-09-15T09:00:00-00:00,2024-09-15,2,0,Hourly,RD,AS_SP26_EXP,DAM,RD_CLR_PRC,0,24
2024-09-15T09:00:00-00:00,2024-09-15T10:00:00-00:00,2024-09-15,3,0,Hourly,RD,AS_CAISO,DAM,RD_CLR_PRC,0,24
2024-09-15T11:00:00-00:00,2024-09-15T12:00:00-00:00,2024-09-15,5,0,Hourly,RD,AS_NP26,DAM,RD_CLR_PRC,0,24
2024-09-15T12:00:00-00:00,2024-09-15T13:00:00-00:00,2024-09-15,6,0,Hourly,RD,AS_CAISO,DAM,RD_CLR_PRC,0,24
2024-09-15T13:00:00-00:00,2024-09-15T14:00:00-00:00,2024-09-15,7,0,Hourly,RD,AS_NP26,DAM,RD_CLR_PRC,0,24
2024-09-15T14:00:00-00:00,2024-09-15T15:00:00-00:00,2024-09-15,8,0,Hourly,RD,AS_NP26,DAM,RD_CLR_PRC,0,24
2024-09-15T15:00:00-00:00,2024-09-15T16:00:00-00:00,2024-09-15,9,0,Hourly,RD,AS_CAISO_EXP,DAM,RD_CLR_PRC,5.53,24
2024-09-15T15:00:00-00:00,2024-09-15T16:00:00-00:00,2024-09-15,9,0,Hourly,RD,AS_NP26_EXP,DAM,RD_CLR_PRC,0.72109,24
2024-09-15T16:00:00-00:00,2024-09-15T17:00:00-00:00,2024-09-15,10,0,Hourly,RD,AS_SP26,DAM,RD_CLR_PRC,0,24
2024-09-15T17:00:00-00:00,2024-09-15T18:00:00-00:00,2024-09-15,11,0,Hourly,RD,AS_CAISO,DAM,RD_CLR_PRC,0,24
2024-09-15T17:00:00-00:00,2024-09-15T18:00:00-00:00,2024-09-15,11,0,Hourly,RD,AS_CAISO_EXP,DAM,RD_CLR_PRC,4.95714,24
2024-09-15T17:00:00-00:00,2024-09-15T18:00:00-00:00,2024-09-15,11,0,Hourly,RD,AS_NP26,DAM,RD_CLR_PRC,0,24
2024-09-15T18:00:00-00:00,2024-09-15T19:00:00-00:00,2024-09-15,12,0,Hourly,RD,AS_CAISO,DAM,RD_CLR_PRC,0,24
2024-09-15T19:00:00-00:00,2024-09-15T20:00:00-00:00,2024-09-15,13,0,Hourly,RD,AS_CAISO,DAM,RD_CLR_PRC,0,24
2024-09-15T19:00:00-00:00,2024-09-15T20:00:00-00:00,2024-09-15,13,0,Hourly,RD,AS_SP26,DAM,RD_CLR_PRC,0,24
2024-09-15T20:00:00-00:00,2024-09-15T21:00:00-00:00,2024-09-15,14,0,Hourly,RD,AS_CAISO_EXP,DAM,RD_CLR_PRC,3.92691,24
2024-09-15T22:00:00-00:00,2024-09-15T23:00:00-00:00,2024-09-15,16,0,Hourly,RD,AS_CAISO_EXP,DAM,RD_CLR_PRC,5.53,24
2024-09-16T04:00:00-00:00,2024-09-16T05:00:00-00:00,2024-09-15,22,0,Hourly,RD,AS_CAISO,DAM,RD_CLR_PRC,0,24
2024-09-16T05:00:00-00:00,2024-09-16T06:00:00-00:00,2024-09-15,23,0,Hourly,RD,AS_SP26,DAM,RD_CLR_PRC,0,24
2024-09-16T06:00:00-00:00,2024-09-16T07:00:00-00:00,2024-09-15,24,0,Hourly,RD,AS_CAISO_EXP,DAM,RD_CLR_PRC,2.5,24
2024-09-16T06:00:00-00:00,2024-09-16T07:00:00-00:00,2024-09-15,24,0,Hourly,RD,AS_SP26,DAM,RD_CLR_PRC,0,24
2024-09-15T07:00:00-00:00,2024-09-15T08:00:00-00:00,2024-09-15,1,0,Hourly,RD,AS_NP26_EXP,DAM,RD_CLR_PRC,0,24
2024-09-15T08:00:00-00:00,2024-09-15T09:00:00-00:00,2024-09-15,2,0,Hourly,RD,AS_CAISO,DAM,RD_CLR_PRC,0,24
2024-09-15T10:00:00-00:00,2024-09-15T11:00:00-00:00,2024-09-15,4,0,Hourly,RD,AS_CAISO_EXP,DAM,RD_CLR_PRC,1.91299,24
2024-09-15T10:00:00-00:00,2024-09-15T11:00:00-00:00,2024-09-15,4,0,Hourly,RD,AS_SP26,DAM,RD_CLR_PRC,0,24
2024-09-15T11:00:00-00:00,2024-09-15T12:00:00-00:00,2024-09-15,5,0,Hourly,RD,AS_CAISO_EXP,DAM,RD_CLR_PRC,2,24
2024-09-15T11:00:00-00:00,2024-09-15T12:00:00-00:00,2024-09-15,5,0,Hourly,RD,AS_SP26,DAM,RD_CLR_PRC,0,24
2024-09-15T13:00:00-00:00,2024-09-15T14:00:00-00:00,2024-09-15,7,0,Hourly,RD,AS_CAISO_EXP,DAM,RD_CLR_PRC,5.53,24
2024-09-15T14:00:00-00:00,2024-09-15T15:00:00-00:00,2024-09-15,8,0,Hourly,RD,AS_SP26,DAM,RD_CLR_PRC,0,24
2024-09-15T16:00:00-00:00,2024-09-15T17:00:00-00:00,2024-09-15,10,0,Hourly,RD,AS_CAISO,DAM,RD_CLR_PRC,0,24
2024-09-15T16:00:00-00:00,2024-09-15T17:00:00-00:00,2024-09-15,10,0,Hourly,RD,AS_CAISO_EXP,DAM,RD_CLR_PRC,4.9049,24
2024-09-15T19:00:00-00:00,2024-09-15T20:00:00-00:00,2024-09-15,13,0,Hourly,RD,AS_SP26_EXP,DAM,RD_CLR_PRC,0,24
2024-09-17T01:00:00-00:00,2024-09-17T02:00:00-00:00,2024-09-16,19,0,Hourly,RD,AS_SP26,DAM,RD_CLR_PRC,0,25
2024-09-17T04:00:00-00:00,2024-09-17T05:00:00-00:00,2024-09-16,22,0,Hourly,RD,AS_CAISO_EXP,DAM,RD_CLR_PRC,2.5,25
2024-09-17T05:00:00-00:00,2024-09-17T06:00:00-00:00,2024-09-16,23,0,Hourly,RD,AS_CAISO,DAM,RD_CLR_PRC,0,25
2024-09-17T05:00:00-00:00,2024-09-17T06:00:00-00:00,2024-09-16,23,0,Hourly,RD,AS_SP26_EXP,DAM,RD_CLR_PRC,0,25
2024-09-17T06:00:00-00:00,2024-09-17T07:00:00-00:00,2024-09-16,24,0,Hourly,RD,AS_CAISO_EXP,DAM,RD_CLR_PRC,3.47,25
2024-09-16T09:00:00-00:00,2024-09-16T10:00:00-00:00,2024-09-16,3,0,Hourly,RD,AS_CAISO_EXP,DAM,RD_CLR_PRC,3.22798,25
2024-09-16T16:00:00-00:00,2024-09-16T17:00:00-00:00,2024-09-16,10,0,Hourly,RD,AS_NP26_EXP,DAM,RD_CLR_PRC,0.4184,25
2024-09-16T16:00:00-00:00,2024-09-16T17:00:00-00:00,2024-09-16,10,0,Hourly,RD,AS_SP26_EXP,DAM,RD_CLR_PRC,0,25
2024-09-16T18:00:00-00:00,2024-09-16T19:00:00-00:00,2024-09-16,12,0,Hourly,RD,AS_SP26,DAM,RD_CLR_PRC,0,25
2024-09-16T19:00:00-00:00,2024-09-16T20:00:00-00:00,2024-09-16,13,0,Hourly,RD,AS_SP26_EXP,DAM,RD_CLR_PRC,0,25
2024-09-16T20:00:00-00:00,2024-09-16T21:00:00-00:00,2024-09-16,14,0,Hourly,RD,AS_CAISO_EXP,DAM,RD_CLR_PRC,2.67746,25
2024-09-16T22:00:00-00:00,2024-09-16T23:00:00-00:00,2024-09-16,16,0,Hourly,RD,AS_SP26,DAM,RD_CLR_PRC,0,25
2024-09-17T02:00:00-00:00,2024-09-17T03:00:00-00:00,2024-09-16,20,0,Hourly,RD,AS_NP26,DAM,RD_CLR_PRC,0,25
2024-09-17T02:00:00-00:00,2024-09-17T03:00:00-00:00,2024-09-16,20,0,Hourly,RD,AS_NP26_EXP,DAM,RD_CLR_PRC,0,25
2024-09-17T05:00:00-00:00,2024-09-17T06:00:00-00:00,2024-09-16,23,0,Hourly,RD,AS_NP26_EXP,DAM,RD_CLR_PRC,0.39992,25
2024-09-17T06:00:00-00:00,2024-09-17T07:00:00-00:00,2024-09-16,24,0,Hourly,RD,AS_SP26,DAM,RD_CLR_PRC,0,25
2024-09-16T09:00:00-00:00,2024-09-16T10:00:00-00:00,2024-09-16,3,0,Hourly,RD,AS_SP26_EXP,DAM,RD_CLR_PRC,0,25
2024-09-16T12:00:00-00:00,2024-09-16T13:00:00-00:00,2024-09-16,6,0,Hourly,RD,AS_NP26,DAM,RD_CLR_PRC,0,25
2024-09-16T13:00:00-00:00,2024-09-16T14:00:00-00:00,2024-09-16,7,0,Hourly,RD,AS_CAISO,DAM,RD_CLR_PRC,0,25
2024-09-16T13:00:00-00:00,2024-09-16T14:00:00-00:00,2024-09-16,7,0,Hourly,RD,AS_NP26,DAM,RD_CLR_PRC,0,25
2024-09-16T14:00:00-00:00,2024-09-16T15:00:00-00:00,2024-09-16,8,0,Hourly,RD,AS_SP26,DAM,RD_CLR_PRC,0,25
2024-09-16T15:00:00-00:00,2024-09-16T16:00:00-00:00,2024-09-16,9,0,Hourly,RD,AS_CAISO_EXP,DAM,RD_CLR_PRC,6.89202,25
2024-09-16T15:00:00-00:00,2024-09-16T16:00:00-00:00,2024-09-16,9,0,Hourly,RD,AS_NP26_EXP,DAM,RD_CLR_PRC,0,25
2024-09-16T17:00:00-00:00,2024-09-16T18:00:00-00:00,2024-09-16,11,0,Hourly,RD,AS_CAISO,DAM,RD_CLR_PRC,0,25
2024-09-16T18:00:00-00:00,2024-09-16T19:00:00-00:00,2024-09-16,12,0,Hourly,RD,AS_CAISO,DAM,RD_CLR_PRC,0,25
2024-09-16T18:00:00-00:00,2024-09-16T19:00:00-00:00,2024-09-16,12,0,Hourly,RD,AS_SP26_EXP,DAM,RD_CLR_PRC,0,25
2024-09-16T20:00:00-00:00,2024-09-16T21:00:00-00:00,2024-09-16,14,0,Hourly,RD,AS_SP26,DAM,RD_CLR_PRC,0,25
2024-09-16T22:00:00-00:00,2024-09-16T23:00:00-00:00,2024-09-16,16,0,Hourly,RD,AS_CAISO,DAM,RD_CLR_PRC,0,25
2024-09-16T22:00:00-00:00,2024-09-16T23:00:00-00:00,2024-09-16,16,0,Hourly,RD,AS_CAISO_EXP,DAM,RD_CLR_PRC,4.10635,25
2024-09-16T23:00:00-00:00,2024-09-17T00:00:00-00:00,2024-09-16,17,0,Hourly,RD,AS_CAISO,DAM,RD_CLR_PRC,0,25
2024-09-16T23:00:00-00:00,2024-09-17T00:00:00-00:00,2024-09-16,17,0,Hourly,RD,AS_NP26,DAM,RD_CLR_PRC,0,25
2024-09-17T00:00:00-00:00,2024-09-17T01:00:00-00:00,2024-09-16,18,0,Hourly,RD,AS_NP26_EXP,DAM,RD_CLR_PRC,0,25
2024-09-17T00:00:00-00:00,2024-09-17T01:00:00-00:00,2024-09-16,18,0,Hourly,RD,AS_SP26,DAM,RD_CLR_PRC,0,25
2024-09-17T01:00:00-00:00,2024-09-17T02:00:00-00:00,2024-09-16,19,0,Hourly,RD,AS_CAISO_EXP,DAM,RD_CLR_PRC,6,25
2024-09-17T02:00:00-00:00,2024-09-17T03:00:00-00:00,2024-09-16,20,0,Hourly,RD,AS_SP26_EXP,DAM,RD_CLR_PRC,2.79,25
2024-09-17T05:00:00-00:00,2024-09-17T06:00:00-00:00,2024-09-16,23,0,Hourly,RD,AS_NP26,DAM,RD_CLR_PRC,0,25
2024-09-16T07:00:00-00:00,2024-09-16T08:00:00-00:00,2024-09-16,1,0,Hourly,RD,AS_SP26_EXP,DAM,RD_CLR_PRC,0,25
2024-09-16T08:00:00-00:00,2024-09-16T09:00:00-00:00,2024-09-16,2,0,Hourly,RD,AS_NP26,DAM,RD_CLR_PRC,0,25
2024-09-16T09:00:00-00:00,2024-09-16T10:00:00-00:00,2024-09-16,3,0,Hourly,RD,AS_NP26,DAM,RD_CLR_PRC,0,25
2024-09-16T10:00:00-00:00,2024-09-16T11:00:00-00:00,2024-09-16,4,0,Hourly,RD,AS_NP26_EXP,DAM,RD_CLR_PRC,1.09297,25
2024-09-16T11:00:00-00:00,2024-09-16T12:00:00-00:00,2024-09-16,5,0,Hourly,RD,AS_CAISO,DAM,RD_CLR_PRC,0,25
2024-09-16T12:00:00-00:00,2024-09-16T13:00:00-00:00,2024-09-16,6,0,Hourly,RD,AS_NP26_EXP,DAM,RD_CLR_PRC,0,25
2024-09-16T13:00:00-00:00,2024-09-16T14:00:00-00:00,2024-09-16,7,0,Hourly,RD,AS_SP26_EXP,DAM,RD_CLR_PRC,0,25
2024-09-16T17:00:00-00:00,2024-09-16T18:00:00-00:00,2024-09-16,11,0,Hourly,RD,AS_CAISO_EXP,DAM,RD_CLR_PRC,3.44405,25
2024-09-16T17:00:00-00:00,2024-09-16T18:00:00-00:00,2024-09-16,11,0,Hourly,RD,AS_NP26,DAM,RD_CLR_PRC,0,25
2024-09-16T20:00:00-00:00,2024-09-16T21:00:00-00:00,2024-09-16,14,0,Hourly,RD,AS_CAISO,DAM,RD_CLR_PRC,0,25
2024-09-16T21:00:00-00:00,2024-09-16T22:00:00-00:00,2024-09-16,15,0,Hourly,RD,AS_SP26_EXP,DAM,RD_CLR_PRC,0,25
2024-09-16T22:00:00-00:00,2024-09-16T23:00:00-00:00,2024-09-16,16,0,Hourly,RD,AS_SP26_EXP,DAM,RD_CLR_PRC,0,25
2024-09-17T02:00:00-00:00,2024-09-17T03:00:00-00:00,2024-09-16,20,0,Hourly,RD,AS_CAISO,DAM,RD_CLR_PRC,0,25
2024-09-17T02:00:00-00:00,2024-09-17T03:00:00-00:00,2024-09-16,20,0,Hourly,RD,AS_CAISO_EXP,DAM,RD_CLR_PRC,7.21,25
2024-09-17T03:00:00-00:00,2024-09-17T04:00:00-00:00,2024-09-16,21,0,Hourly,RD,AS_SP26,DAM,RD_CLR_PRC,0,25
2024-09-17T04:00:00-00:00,2024-09-17T05:00:00-00:00,2024-09-16,22,0,Hourly,RD,AS_NP26,DAM,RD_CLR_PRC,0,25
2024-09-16T10:00:00-00:00,2024-09-16T11:00:00-00:00,2024-09-16,4,0,Hourly,RD,AS_SP26,DAM,RD_CLR_PRC,0,25
2024-09-16T11:00:00-00:00,2024-09-16T12:00:00-00:00,2024-09-16,5,0,Hourly,RD,AS_CAISO_EXP,DAM,RD_CLR_PRC,3.0013,25
2024-09-16T11:00:00-00:00,2024-09-16T12:00:00-00:00,2024-09-16,5,0,Hourly,RD,AS_NP26_EXP,DAM,RD_CLR_PRC,0.9287,25
2024-09-16T12:00:00-00:00,2024-09-16T13:00:00-00:00,2024-09-16,6,0,Hourly,RD,AS_SP26,DAM,RD_CLR_PRC,0,25
2024-09-16T16:00:00-00:00,2024-09-16T17:00:00-00:00,2024-09-16,10,0,Hourly,RD,AS_SP26,DAM,RD_CLR_PRC,0,25
2024-09-16T18:00:00-00:00,2024-09-16T19:00:00-00:00,2024-09-16,12,0,Hourly,RD,AS_NP26,DAM,RD_CLR_PRC,0,25
2024-09-16T19:00:00-00:00,2024-09-16T20:00:00-00:00,2024-09-16,13,0,Hourly,RD,AS_CAISO_EXP,DAM,RD_CLR_PRC,3.51,25
2024-09-16T19:00:00-00:00,2024-09-16T20:00:00-00:00,2024-09-16,13,0,Hourly,RD,AS_NP26,DAM,RD_CLR_PRC,0,25
2024-09-16T19:00:00-00:00,2024-09-16T20:00:00-00:00,2024-09-16,13,0,Hourly,RD,AS_SP26,DAM,RD_CLR_PRC,0,25
2024-09-16T20:00:00-00:00,2024-09-16T21:00:00-00:00,2024-09-16,14,0,Hourly,RD,AS_SP26_EXP,DAM,RD_CLR_PRC,0,25
2024-09-16T21:00:00-00:00,2024-09-16T22:00:00-00:00,2024-09-16,15,0,Hourly,RD,AS_CAISO_EXP,DAM,RD_CLR_PRC,3.25128,25
2024-09-16T21:00:00-00:00,2024-09-16T22:00:00-00:00,2024-09-16,15,0,Hourly,RD,AS_NP26,DAM,RD_CLR_PRC,0,25
2024-09-16T22:00:00-00:00,2024-09-16T23:00:00-00:00,2024-09-16,16,0,Hourly,RD,AS_NP26,DAM,RD_CLR_PRC,0,25
2024-09-17T03:00:00-00:00,2024-09-17T04:00:00-00:00,2024-09-16,21,0,Hourly,RD,AS_CAISO,DAM,RD_CLR_PRC,0,25
2024-09-17T05:00:00-00:00,2024-09-17T06:00:00-00:00,2024-09-16,23,0,Hourly,RD,AS_SP26,DAM,RD_CLR_PRC,0,25
2024-09-17T06:00:00-00:00,2024-09-17T07:00:00-00:00,2024-09-16,24,0,Hourly,RD,AS_NP26_EXP,DAM,RD_CLR_PRC,0.03,25
2024-09-16T08:00:00-00:00,2024-09-16T09:00:00-00:00,2024-09-16,2,0,Hourly,RD,AS_CAISO_EXP,DAM,RD_CLR_PRC,3.5,25
2024-09-16T08:00:00-00:00,2024-09-16T09:00:00-00:00,2024-09-16,2,0,Hourly,RD,AS_NP26_EXP,DAM,RD_CLR_PRC,3.04,25
2024-09-16T08:00:00-00:00,2024-09-16T09:00:00-00:00,2024-09-16,2,0,Hourly,RD,AS_SP26,DAM,RD_CLR_PRC,0,25
2024-09-16T15:00:00-00:00,2024-09-16T16:00:00-00:00,2024-09-16,9,0,Hourly,RD,AS_SP26_EXP,DAM,RD_CLR_PRC,0,25
2024-09-16T17:00:00-00:00,2024-09-16T18:00:00-00:00,2024-09-16,11,0,Hourly,RD,AS_NP26_EXP,DAM,RD_CLR_PRC,1.32595,25
2024-09-16T17:00:00-00:00,2024-09-16T18:00:00-00:00,2024-09-16,11,0,Hourly,RD,AS_SP26,DAM,RD_CLR_PRC,0,25
2024-09-16T18:00:00-00:00,2024-09-16T19:00:00-00:00,2024-09-16,12,0,Hourly,RD,AS_NP26_EXP,DAM,RD_CLR_PRC,0.46374,25
2024-09-16T20:00:00-00:00,2024-09-16T21:00:00-00:00,2024-09-16,14,0,Hourly,RD,AS_NP26_EXP,DAM,RD_CLR_PRC,0.52004,25
2024-09-17T00:00:00-00:00,2024-09-17T01:00:00-00:00,2024-09-16,18,0,Hourly,RD,AS_CAISO,DAM,RD_CLR_PRC,0,25
2024-09-17T00:00:00-00:00,2024-09-17T01:00:00-00:00,2024-09-16,18,0,Hourly,RD,AS_NP26,DAM,RD_CLR_PRC,0,25
2024-09-17T01:00:00-00:00,2024-09-17T02:00:00-00:00,2024-09-16,19,0,Hourly,RD,AS_CAISO,DAM,RD_CLR_PRC,0,25
2024-09-17T01:00:00-00:00,2024-09-17T02:00:00-00:00,2024-09-16,19,0,Hourly,RD,AS_NP26_EXP,DAM,RD_CLR_PRC,0,25
2024-09-16T07:00:00-00:00,2024-09-16T08:00:00-00:00,2024-09-16,1,0,Hourly,RD,AS_CAISO_EXP,DAM,RD_CLR_PRC,3.50316,25
2024-09-16T07:00:00-00:00,2024-09-16T08:00:00-00:00,2024-09-16,1,0,Hourly,RD,AS_SP26,DAM,RD_CLR_PRC,0,25
2024-09-16T08:00:00-00:00,2024-09-16T09:00:00-00:00,2024-09-16,2,0,Hourly,RD,AS_CAISO,DAM,RD_CLR_PRC,0,25
2024-09-16T09:00:00-00:00,2024-09-16T10:00:00-00:00,2024-09-16,3,0,Hourly,RD,AS_NP26_EXP,DAM,RD_CLR_PRC,0.27202,25
2024-09-16T09:00:00-00:00,2024-09-16T10:00:00-00:00,2024-09-16,3,0,Hourly,RD,AS_SP26,DAM,RD_CLR_PRC,0,25
2024-09-16T10:00:00-00:00,2024-09-16T11:00:00-00:00,2024-09-16,4,0,Hourly,RD,AS_CAISO_EXP,DAM,RD_CLR_PRC,2.40703,25
2024-09-16T11:00:00-00:00,2024-09-16T12:00:00-00:00,2024-09-16,5,0,Hourly,RD,AS_SP26_EXP,DAM,RD_CLR_PRC,0,25
2024-09-16T12:00:00-00:00,2024-09-16T13:00:00-00:00,2024-09-16,6,0,Hourly,RD,AS_CAISO,DAM,RD_CLR_PRC,0,25
2024-09-16T13:00:00-00:00,2024-09-16T14:00:00-00:00,2024-09-16,7,0,Hourly,RD,AS_NP26_EXP,DAM,RD_CLR_PRC,0,25
2024-09-16T15:00:00-00:00,2024-09-16T16:00:00-00:00,2024-09-16,9,0,Hourly,RD,AS_CAISO,DAM,RD_CLR_PRC,0,25
2024-09-16T19:00:00-00:00,2024-09-16T20:00:00-00:00,2024-09-16,13,0,Hourly,RD,AS_NP26_EXP,DAM,RD_CLR_PRC,0,25
2024-09-16T21:00:00-00:00,2024-09-16T22:00:00-00:00,2024-09-16,15,0,Hourly,RD,AS_NP26_EXP,DAM,RD_CLR_PRC,0.43608,25
2024-09-16T23:00:00-00:00,2024-09-17T00:00:00-00:00,2024-09-16,17,0,Hourly,RD,AS_SP26_EXP,DAM,RD_CLR_PRC,0,25
2024-09-17T01:00:00-00:00,2024-09-17T02:00:00-00:00,2024-09-16,19,0,Hourly,RD,AS_SP26_EXP,DAM,RD_CLR_PRC,5.52,25
2024-09-17T03:00:00-00:00,2024-09-17T04:00:00-00:00,2024-09-16,21,0,Hourly,RD,AS_NP26_EXP,DAM,RD_CLR_PRC,0,25
2024-09-16T07:00:00-00:00,2024-09-16T08:00:00-00:00,2024-09-16,1,0,Hourly,RD,AS_NP26_EXP,DAM,RD_CLR_PRC,0,25
2024-09-16T10:00:00-00:00,2024-09-16T11:00:00-00:00,2024-09-16,4,0,Hourly,RD,AS_CAISO,DAM,RD_CLR_PRC,0,25
2024-09-16T10:00:00-00:00,2024-09-16T11:00:00-00:00,2024-09-16,4,0,Hourly,RD,AS_NP26,DAM,RD_CLR_PRC,0,25
2024-09-16T10:00:00-00:00,2024-09-16T11:00:00-00:00,2024-09-16,4,0,Hourly,RD,AS_SP26_EXP,DAM,RD_CLR_PRC,0,25
2024-09-16T11:00:00-00:00,2024-09-16T12:00:00-00:00,2024-09-16,5,0,Hourly,RD,AS_NP26,DAM,RD_CLR_PRC,0,25
2024-09-16T12:00:00-00:00,2024-09-16T13:00:00-00:00,2024-09-16,6,0,Hourly,RD,AS_CAISO_EXP,DAM,RD_CLR_PRC,3.09128,25
2024-09-16T12:00:00-00:00,2024-09-16T13:00:00-00:00,2024-09-16,6,0,Hourly,RD,AS_SP26_EXP,DAM,RD_CLR_PRC,0,25
2024-09-16T13:00:00-00:00,2024-09-16T14:00:00-00:00,2024-09-16,7,0,Hourly,RD,AS_CAISO_EXP,DAM,RD_CLR_PRC,5.56,25
2024-09-16T13:00:00-00:00,2024-09-16T14:00:00-00:00,2024-09-16,7,0,Hourly,RD,AS_SP26,DAM,RD_CLR_PRC,0,25
2024-09-16T14:00:00-00:00,2024-09-16T15:00:00-00:00,2024-09-16,8,0,Hourly,RD,AS_CAISO,DAM,RD_CLR_PRC,0,25
2024-09-16T14:00:00-00:00,2024-09-16T15:00:00-00:00,2024-09-16,8,0,Hourly,RD,AS_CAISO_EXP,DAM,RD_CLR_PRC,6.14649,25
2024-09-16T14:00:00-00:00,2024-09-16T15:00:00-00:00,2024-09-16,8,0,Hourly,RD,AS_SP26_EXP,DAM,RD_CLR_PRC,0,25
2024-09-16T15:00:00-00:00,2024-09-16T16:00:00-00:00,2024-09-16,9,0,Hourly,RD,AS_NP26,DAM,RD_CLR_PRC,0,25
2024-09-16T16:00:00-00:00,2024-09-16T17:00:00-00:00,2024-09-16,10,0,Hourly,RD,AS_NP26,DAM,RD_CLR_PRC,0,25
2024-09-16T21:00:00-00:00,2024-09-16T22:00:00-00:00,2024-09-16,15,0,Hourly,RD,AS_SP26,DAM,RD_CLR_PRC,0,25
2024-09-16T23:00:00-00:00,2024-09-17T00:00:00-00:00,2024-09-16,17,0,Hourly,RD,AS_CAISO_EXP,DAM,RD_CLR_PRC,8.42,25
2024-09-17T00:00:00-00:00,2024-09-17T01:00:00-00:00,2024-09-16,18,0,Hourly,RD,AS_CAISO_EXP,DAM,RD_CLR_PRC,13.38508,25
2024-09-17T01:00:00-00:00,2024-09-17T02:00:00-00:00,2024-09-16,19,0,Hourly,RD,AS_NP26,DAM,RD_CLR_PRC,0,25
2024-09-17T02:00:00-00:00,2024-09-17T03:00:00-00:00,2024-09-16,20,0,Hourly,RD,AS_SP26,DAM,RD_CLR_PRC,0,25
2024-09-17T03:00:00-00:00,2024-09-17T04:00:00-00:00,2024-09-16,21,0,Hourly,RD,AS_NP26,DAM,RD_CLR_PRC,0,25
2024-09-17T03:00:00-00:00,2024-09-17T04:00:00-00:00,2024-09-16,21,0,Hourly,RD,AS_SP26_EXP,DAM,RD_CLR_PRC,2.01,25
2024-09-17T04:00:00-00:00,2024-09-17T05:00:00-00:00,2024-09-16,22,0,Hourly,RD,AS_CAISO,DAM,RD_CLR_PRC,0,25
2024-09-17T04:00:00-00:00,2024-09-17T05:00:00-00:00,2024-09-16,22,0,Hourly,RD,AS_NP26_EXP,DAM,RD_CLR_PRC,0.52,25
2024-09-17T04:00:00-00:00,2024-09-17T05:00:00-00:00,2024-09-16,22,0,Hourly,RD,AS_SP26_EXP,DAM,RD_CLR_PRC,0,25
2024-09-17T05:00:00-00:00,2024-09-17T06:00:00-00:00,2024-09-16,23,0,Hourly,RD,AS_CAISO_EXP,DAM,RD_CLR_PRC,2.5,25
2024-09-17T06:00:00-00:00,2024-09-17T07:00:00-00:00,2024-09-16,24,0,Hourly,RD,AS_SP26_EXP,DAM,RD_CLR_PRC,0,25
2024-09-16T07:00:00-00:00,2024-09-16T08:00:00-00:00,2024-09-16,1,0,Hourly,RD,AS_CAISO,DAM,RD_CLR_PRC,0,25
2024-09-16T07:00:00-00:00,2024-09-16T08:00:00-00:00,2024-09-16,1,0,Hourly,RD,AS_NP26,DAM,RD_CLR_PRC,0,25
2024-09-16T08:00:00-00:00,2024-09-16T09:00:00-00:00,2024-09-16,2,0,Hourly,RD,AS_SP26_EXP,DAM,RD_CLR_PRC,0,25
2024-09-16T11:00:00-00:00,2024-09-16T12:00:00-00:00,2024-09-16,5,0,Hourly,RD,AS_SP26,DAM,RD_CLR_PRC,0,25
2024-09-16T14:00:00-00:00,2024-09-16T15:00:00-00:00,2024-09-16,8,0,Hourly,RD,AS_NP26,DAM,RD_CLR_PRC,0,25
2024-09-16T14:00:00-00:00,2024-09-16T15:00:00-00:00,2024-09-16,8,0,Hourly,RD,AS_NP26_EXP,DAM,RD_CLR_PRC,0.96351,25
2024-09-16T15:00:00-00:00,2024-09-16T16:00:00-00:00,2024-09-16,9,0,Hourly,RD,AS_SP26,DAM,RD_CLR_PRC,0,25
2024-09-16T16:00:00-00:00,2024-09-16T17:00:00-00:00,2024-09-16,10,0,Hourly,RD,AS_CAISO,DAM,RD_CLR_PRC,0,25
2024-09-16T16:00:00-00:00,2024-09-16T17:00:00-00:00,2024-09-16,10,0,Hourly,RD,AS_CAISO_EXP,DAM,RD_CLR_PRC,3.40095,25
2024-09-16T17:00:00-00:00,2024-09-16T18:00:00-00:00,2024-09-16,11,0,Hourly,RD,AS_SP26_EXP,DAM,RD_CLR_PRC,0,25
2024-09-16T18:00:00-00:00,2024-09-16T19:00:00-00:00,2024-09-16,12,0,Hourly,RD,AS_CAISO_EXP,DAM,RD_CLR_PRC,3.35876,25
2024-09-16T19:00:00-00:00,2024-09-16T20:00:00-00:00,2024-09-16,13,0,Hourly,RD,AS_CAISO,DAM,RD_CLR_PRC,0,25
2024-09-16T20:00:00-00:00,2024-09-16T21:00:00-00:00,2024-09-16,14,0,Hourly,RD,AS_NP26,DAM,RD_CLR_PRC,0,25
2024-09-16T21:00:00-00:00,2024-09-16T22:00:00-00:00,2024-09-16,15,0,Hourly,RD,AS_CAISO,DAM,RD_CLR_PRC,0,25
2024-09-16T22:00:00-00:00,2024-09-16T23:00:00-00:00,2024-09-16,16,0,Hourly,RD,AS_NP26_EXP,DAM,RD_CLR_PRC,0,25
2024-09-16T23:00:00-00:00,2024-09-17T00:00:00-00:00,2024-09-16,17,0,Hourly,RD,AS_NP26_EXP,DAM,RD_CLR_PRC,0,25
2024-09-16T23:00:00-00:00,2024-09-17T00:00:00-00:00,2024-09-16,17,0,Hourly,RD,AS_SP26,DAM,RD_CLR_PRC,0,25
2024-09-17T00:00:00-00:00,2024-09-17T01:00:00-00:00,2024-09-16,18,0,Hourly,RD,AS_SP26_EXP,DAM,RD_CLR_PRC,0,25
2024-09-17T03:00:00-00:00,2024-09-17T04:00:00-00:00,2024-09-16,21,0,Hourly,RD,AS_CAISO_EXP,DAM,RD_CLR_PRC,7.99,25
2024-09-17T04:00:00-00:00,2024-09-17T05:00:00-00:00,2024-09-16,22,0,Hourly,RD,AS_SP26,DAM,RD_CLR_PRC,0,25
2024-09-17T06:00:00-00:00,2024-09-17T07:00:00-00:00,2024-09-16,24,0,Hourly,RD,AS_CAISO,DAM,RD_CLR_PRC,0,25
2024-09-17T06:00:00-00:00,2024-09-17T07:00:00-00:00,2024-09-16,24,0,Hourly,RD,AS_NP26,DAM,RD_CLR_PRC,0,25
2024-09-16T09:00:00-00:00,2024-09-16T10:00:00-00:00,2024-09-16,3,0,Hourly,RD,AS_CAISO,DAM,RD_CLR_PRC,0,25
2024-09-17T07:00:00-00:00,2024-09-17T08:00:00-00:00,2024-09-17,1,0,Hourly,RD,AS_NP26_EXP,DAM,RD_CLR_PRC,0,26
2024-09-17T07:00:00-00:00,2024-09-17T08:00:00-00:00,2024-09-17,1,0,Hourly,RD,AS_NP26,DAM,RD_CLR_PRC,0,26
2024-09-17T07:00:00-00:00,2024-09-17T08:00:00-00:00,2024-09-17,1,0,Hourly,RD,AS_SP26_EXP,DAM,RD_CLR_PRC,0,26
2024-09-17T07:00:00-00:00,2024-09-17T08:00:00-00:00,2024-09-17,1,0,Hourly,RD,AS_CAISO_EXP,DAM,RD_CLR_PRC,6,26
2024-09-17T07:00:00-00:00,2024-09-17T08:00:00-00:00,2024-09-17,1,0,Hourly,RD,AS_CAISO,DAM,RD_CLR_PRC,0,26
2024-09-17T07:00:00-00:00,2024-09-17T08:00:00-00:00,2024-09-17,1,0,Hourly,RD,AS_SP26,DAM,RD_CLR_PRC,0,26
