INTERVALSTARTTIME_GMT,INTERVALENDTIME_GMT,OPR_DT,OPR_HR,OPR_INTERVAL,OPR_TYPE,ANC_TYPE,ANC_REGION,MARKET_RUN_ID,XML_DATA_ITEM,MW,GROUP
2024-08-23T16:00:00-00:00,2024-08-23T17:00:00-00:00,2024-08-23,10,0,Hourly,RU,AS_CAISO,DAM,RU_CLR_PRC,0,1
2024-08-23T17:00:00-00:00,2024-08-23T18:00:00-00:00,2024-08-23,11,0,Hourly,RU,AS_NP26_EXP,DAM,RU_CLR_PRC,1.21101,1
2024-08-23T19:00:00-00:00,2024-08-23T20:00:00-00:00,2024-08-23,13,0,Hourly,RU,AS_NP26,DAM,RU_CLR_PRC,0,1
2024-08-23T22:00:00-00:00,2024-08-23T23:00:00-00:00,2024-08-23,16,0,Hourly,RU,AS_SP26,DAM,RU_CLR_PRC,0,1
2024-08-23T22:00:00-00:00,2024-08-23T23:00:00-00:00,2024-08-23,16,0,Hourly,RU,AS_SP26_EXP,DAM,RU_CLR_PRC,0,1
2024-08-23T23:00:00-00:00,2024-08-24T00:00:00-00:00,2024-08-23,17,0,Hourly,RU,AS_NP26,DAM,RU_CLR_PRC,0,1
2024-08-24T02:00:00-00:00,2024-08-24T03:00:00-00:00,2024-08-23,20,0,Hourly,RU,AS_SP26,DAM,RU_CLR_PRC,0,1
2024-08-24T04:00:00-00:00,2024-08-24T05:00:00-00:00,2024-08-23,22,0,Hourly,RU,AS_NP26_EXP,DAM,RU_CLR_PRC,3.92853,1
2024-08-24T05:00:00-00:00,2024-08-24T06:00:00-00:00,2024-08-23,23,0,Hourly,RU,AS_CAISO,DAM,RU_CLR_PRC,0,1
2024-08-24T06:00:00-00:00,2024-08-24T07:00:00-00:00,2024-08-23,24,0,Hourly,RU,AS_SP26_EXP,DAM,RU_CLR_PRC,0.5,1
2024-08-24T05:00:00-00:00,2024-08-24T06:00:00-00:00,2024-08-23,23,0,Hourly,RU,AS_SP26_EXP,DAM,RU_CLR_PRC,0,1
2024-08-23T09:00:00-00:00,2024-08-23T10:00:00-00:00,2024-08-23,3,0,Hourly,RU,AS_CAISO_EXP,DAM,RU_CLR_PRC,0.92199,1
2024-08-23T10:00:00-00:00,2024-08-23T11:00:00-00:00,2024-08-23,4,0,Hourly,RU,AS_CAISO,DAM,RU_CLR_PRC,0,1
2024-08-23T11:00:00-00:00,2024-08-23T12:00:00-00:00,2024-08-23,5,0,Hourly,RU,AS_NP26,DAM,RU_CLR_PRC,0,1
2024-08-23T11:00:00-00:00,2024-08-23T12:00:00-00:00,2024-08-23,5,0,Hourly,RU,AS_SP26_EXP,DAM,RU_CLR_PRC,0,1
2024-08-23T14:00:00-00:00,2024-08-23T15:00:00-00:00,2024-08-23,8,0,Hourly,RU,AS_CAISO_EXP,DAM,RU_CLR_PRC,3.45153,1
2024-08-23T15:00:00-00:00,2024-08-23T16:00:00-00:00,2024-08-23,9,0,Hourly,RU,AS_CAISO_EXP,DAM,RU_CLR_PRC,0.3,1
2024-08-23T16:00:00-00:00,2024-08-23T17:00:00-00:00,2024-08-23,10,0,Hourly,RU,AS_NP26_EXP,DAM,RU_CLR_PRC,1.86,1
2024-08-23T16:00:00-00:00,2024-08-23T17:00:00-00:00,2024-08-23,10,0,Hourly,RU,AS_SP26,DAM,RU_CLR_PRC,0,1
2024-08-23T17:00:00-00:00,2024-08-23T18:00:00-00:00,2024-08-23,11,0,Hourly,RU,AS_CAISO_EXP,DAM,RU_CLR_PRC,0.27899,1
2024-08-23T17:00:00-00:00,2024-08-23T18:00:00-00:00,2024-08-23,11,0,Hourly,RU,AS_NP26,DAM,RU_CLR_PRC,0,1
2024-08-23T17:00:00-00:00,2024-08-23T18:00:00-00:00,2024-08-23,11,0,Hourly,RU,AS_SP26_EXP,DAM,RU_CLR_PRC,0,1
2024-08-23T19:00:00-00:00,2024-08-23T20:00:00-00:00,2024-08-23,13,0,Hourly,RU,AS_CAISO,DAM,RU_CLR_PRC,0,1
2024-08-23T19:00:00-00:00,2024-08-23T20:00:00-00:00,2024-08-23,13,0,Hourly,RU,AS_SP26,DAM,RU_CLR_PRC,0,1
2024-08-23T21:00:00-00:00,2024-08-23T22:00:00-00:00,2024-08-23,15,0,Hourly,RU,AS_NP26_EXP,DAM,RU_CLR_PRC,1.68103,1
2024-08-23T23:00:00-00:00,2024-08-24T00:00:00-00:00,2024-08-23,17,0,Hourly,RU,AS_SP26,DAM,RU_CLR_PRC,0,1
2024-08-24T00:00:00-00:00,2024-08-24T01:00:00-00:00,2024-08-23,18,0,Hourly,RU,AS_NP26,DAM,RU_CLR_PRC,0,1
2024-08-24T01:00:00-00:00,2024-08-24T02:00:00-00:00,2024-08-23,19,0,Hourly,RU,AS_SP26,DAM,RU_CLR_PRC,0,1
2024-08-24T02:00:00-00:00,2024-08-24T03:00:00-00:00,2024-08-23,20,0,Hourly,RU,AS_NP26,DAM,RU_CLR_PRC,0,1
2024-08-24T03:00:00-00:00,2024-08-24T04:00:00-00:00,2024-08-23,21,0,Hourly,RU,AS_SP26,DAM,RU_CLR_PRC,0,1
2024-08-23T08:00:00-00:00,2024-08-23T09:00:00-00:00,2024-08-23,2,0,Hourly,RU,AS_NP26,DAM,RU_CLR_PRC,0,1
2024-08-23T09:00:00-00:00,2024-08-23T10:00:00-00:00,2024-08-23,3,0,Hourly,RU,AS_SP26_EXP,DAM,RU_CLR_PRC,0,1
2024-08-23T10:00:00-00:00,2024-08-23T11:00:00-00:00,2024-08-23,4,0,Hourly,RU,AS_NP26,DAM,RU_CLR_PRC,0,1
2024-08-23T12:00:00-00:00,2024-08-23T13:00:00-00:00,2024-08-23,6,0,Hourly,RU,AS_SP26,DAM,RU_CLR_PRC,0,1
2024-08-23T16:00:00-00:00,2024-08-23T17:00:00-00:00,2024-08-23,10,0,Hourly,RU,AS_NP26,DAM,RU_CLR_PRC,0,1
2024-08-23T19:00:00-00:00,2024-08-23T20:00:00-00:00,2024-08-23,13,0,Hourly,RU,AS_SP26_EXP,DAM,RU_CLR_PRC,0,1
2024-08-23T20:00:00-00:00,2024-08-23T21:00:00-00:00,2024-08-23,14,0,Hourly,RU,AS_NP26,DAM,RU_CLR_PRC,0,1
2024-08-23T23:00:00-00:00,2024-08-24T00:00:00-00:00,2024-08-23,17,0,Hourly,RU,AS_CAISO,DAM,RU_CLR_PRC,0,1
2024-08-24T01:00:00-00:00,2024-08-24T02:00:00-00:00,2024-08-23,19,0,Hourly,RU,AS_CAISO,DAM,RU_CLR_PRC,0,1
2024-08-24T01:00:00-00:00,2024-08-24T02:00:00-00:00,2024-08-23,19,0,Hourly,RU,AS_NP26_EXP,DAM,RU_CLR_PRC,3.40875,1
2024-08-24T02:00:00-00:00,2024-08-24T03:00:00-00:00,2024-08-23,20,0,Hourly,RU,AS_NP26_EXP,DAM,RU_CLR_PRC,1.95392,1
2024-08-24T04:00:00-00:00,2024-08-24T05:00:00-00:00,2024-08-23,22,0,Hourly,RU,AS_SP26,DAM,RU_CLR_PRC,0,1
2024-08-24T04:00:00-00:00,2024-08-24T05:00:00-00:00,2024-08-23,22,0,Hourly,RU,AS_SP26_EXP,DAM,RU_CLR_PRC,0,1
2024-08-24T05:00:00-00:00,2024-08-24T06:00:00-00:00,2024-08-23,23,0,Hourly,RU,AS_NP26,DAM,RU_CLR_PRC,0,1
2024-08-24T06:00:00-00:00,2024-08-24T07:00:00-00:00,2024-08-23,24,0,Hourly,RU,AS_CAISO,DAM,RU_CLR_PRC,0,1
2024-08-23T08:00:00-00:00,2024-08-23T09:00:00-00:00,2024-08-23,2,0,Hourly,RU,AS_SP26_EXP,DAM,RU_CLR_PRC,0,1
2024-08-23T10:00:00-00:00,2024-08-23T11:00:00-00:00,2024-08-23,4,0,Hourly,RU,AS_CAISO_EXP,DAM,RU_CLR_PRC,0.99099,1
2024-08-23T10:00:00-00:00,2024-08-23T11:00:00-00:00,2024-08-23,4,0,Hourly,RU,AS_SP26,DAM,RU_CLR_PRC,0,1
2024-08-23T11:00:00-00:00,2024-08-23T12:00:00-00:00,2024-08-23,5,0,Hourly,RU,AS_CAISO,DAM,RU_CLR_PRC,0,1
2024-08-23T11:00:00-00:00,2024-08-23T12:00:00-00:00,2024-08-23,5,0,Hourly,RU,AS_CAISO_EXP,DAM,RU_CLR_PRC,0.99879,1
2024-08-23T12:00:00-00:00,2024-08-23T13:00:00-00:00,2024-08-23,6,0,Hourly,RU,AS_NP26,DAM,RU_CLR_PRC,0,1
2024-08-23T13:00:00-00:00,2024-08-23T14:00:00-00:00,2024-08-23,7,0,Hourly,RU,AS_NP26,DAM,RU_CLR_PRC,0,1
2024-08-23T14:00:00-00:00,2024-08-23T15:00:00-00:00,2024-08-23,8,0,Hourly,RU,AS_CAISO,DAM,RU_CLR_PRC,0,1
2024-08-23T15:00:00-00:00,2024-08-23T16:00:00-00:00,2024-08-23,9,0,Hourly,RU,AS_SP26,DAM,RU_CLR_PRC,0,1
2024-08-23T17:00:00-00:00,2024-08-23T18:00:00-00:00,2024-08-23,11,0,Hourly,RU,AS_SP26,DAM,RU_CLR_PRC,0,1
2024-08-23T18:00:00-00:00,2024-08-23T19:00:00-00:00,2024-08-23,12,0,Hourly,RU,AS_CAISO,DAM,RU_CLR_PRC,0,1
2024-08-23T18:00:00-00:00,2024-08-23T19:00:00-00:00,2024-08-23,12,0,Hourly,RU,AS_NP26_EXP,DAM,RU_CLR_PRC,0.81571,1
2024-08-23T19:00:00-00:00,2024-08-23T20:00:00-00:00,2024-08-23,13,0,Hourly,RU,AS_NP26_EXP,DAM,RU_CLR_PRC,1.54068,1
2024-08-23T21:00:00-00:00,2024-08-23T22:00:00-00:00,2024-08-23,15,0,Hourly,RU,AS_NP26,DAM,RU_CLR_PRC,0,1
2024-08-23T21:00:00-00:00,2024-08-23T22:00:00-00:00,2024-08-23,15,0,Hourly,RU,AS_SP26,DAM,RU_CLR_PRC,0,1
2024-08-23T22:00:00-00:00,2024-08-23T23:00:00-00:00,2024-08-23,16,0,Hourly,RU,AS_CAISO_EXP,DAM,RU_CLR_PRC,0.14,1
2024-08-24T00:00:00-00:00,2024-08-24T01:00:00-00:00,2024-08-23,18,0,Hourly,RU,AS_CAISO_EXP,DAM,RU_CLR_PRC,0.14,1
2024-08-24T03:00:00-00:00,2024-08-24T04:00:00-00:00,2024-08-23,21,0,Hourly,RU,AS_CAISO_EXP,DAM,RU_CLR_PRC,1.30192,1
2024-08-24T05:00:00-00:00,2024-08-24T06:00:00-00:00,2024-08-23,23,0,Hourly,RU,AS_SP26,DAM,RU_CLR_PRC,0,1
2024-08-24T06:00:00-00:00,2024-08-24T07:00:00-00:00,2024-08-23,24,0,Hourly,RU,AS_NP26_EXP,DAM,RU_CLR_PRC,0,1
2024-08-23T08:00:00-00:00,2024-08-23T09:00:00-00:00,2024-08-23,2,0,Hourly,RU,AS_CAISO_EXP,DAM,RU_CLR_PRC,0.94979,1
2024-08-23T12:00:00-00:00,2024-08-23T13:00:00-00:00,2024-08-23,6,0,Hourly,RU,AS_CAISO_EXP,DAM,RU_CLR_PRC,0.6182,1
2024-08-23T13:00:00-00:00,2024-08-23T14:00:00-00:00,2024-08-23,7,0,Hourly,RU,AS_SP26_EXP,DAM,RU_CLR_PRC,0,1
2024-08-23T14:00:00-00:00,2024-08-23T15:00:00-00:00,2024-08-23,8,0,Hourly,RU,AS_NP26,DAM,RU_CLR_PRC,0,1
2024-08-23T14:00:00-00:00,2024-08-23T15:00:00-00:00,2024-08-23,8,0,Hourly,RU,AS_NP26_EXP,DAM,RU_CLR_PRC,0,1
2024-08-23T14:00:00-00:00,2024-08-23T15:00:00-00:00,2024-08-23,8,0,Hourly,RU,AS_SP26_EXP,DAM,RU_CLR_PRC,1.54466,1
2024-08-23T15:00:00-00:00,2024-08-23T16:00:00-00:00,2024-08-23,9,0,Hourly,RU,AS_CAISO,DAM,RU_CLR_PRC,0,1
2024-08-23T15:00:00-00:00,2024-08-23T16:00:00-00:00,2024-08-23,9,0,Hourly,RU,AS_NP26,DAM,RU_CLR_PRC,0,1
2024-08-23T15:00:00-00:00,2024-08-23T16:00:00-00:00,2024-08-23,9,0,Hourly,RU,AS_NP26_EXP,DAM,RU_CLR_PRC,0.48097,1
2024-08-23T09:00:00-00:00,2024-08-23T10:00:00-00:00,2024-08-23,3,0,Hourly,RU,AS_NP26_EXP,DAM,RU_CLR_PRC,0,1
2024-08-23T12:00:00-00:00,2024-08-23T13:00:00-00:00,2024-08-23,6,0,Hourly,RU,AS_NP26_EXP,DAM,RU_CLR_PRC,0,1
2024-08-23T13:00:00-00:00,2024-08-23T14:00:00-00:00,2024-08-23,7,0,Hourly,RU,AS_CAISO_EXP,DAM,RU_CLR_PRC,3.1737,1
2024-08-23T15:00:00-00:00,2024-08-23T16:00:00-00:00,2024-08-23,9,0,Hourly,RU,AS_SP26_EXP,DAM,RU_CLR_PRC,0,1
2024-08-23T20:00:00-00:00,2024-08-23T21:00:00-00:00,2024-08-23,14,0,Hourly,RU,AS_CAISO,DAM,RU_CLR_PRC,0,1
2024-08-23T20:00:00-00:00,2024-08-23T21:00:00-00:00,2024-08-23,14,0,Hourly,RU,AS_CAISO_EXP,DAM,RU_CLR_PRC,0.43978,1
2024-08-23T20:00:00-00:00,2024-08-23T21:00:00-00:00,2024-08-23,14,0,Hourly,RU,AS_SP26,DAM,RU_CLR_PRC,0,1
2024-08-23T21:00:00-00:00,2024-08-23T22:00:00-00:00,2024-08-23,15,0,Hourly,RU,AS_CAISO,DAM,RU_CLR_PRC,0,1
2024-08-23T21:00:00-00:00,2024-08-23T22:00:00-00:00,2024-08-23,15,0,Hourly,RU,AS_SP26_EXP,DAM,RU_CLR_PRC,0,1
2024-08-24T00:00:00-00:00,2024-08-24T01:00:00-00:00,2024-08-23,18,0,Hourly,RU,AS_SP26_EXP,DAM,RU_CLR_PRC,0,1
2024-08-24T03:00:00-00:00,2024-08-24T04:00:00-00:00,2024-08-23,21,0,Hourly,RU,AS_CAISO,DAM,RU_CLR_PRC,0,1
2024-08-24T03:00:00-00:00,2024-08-24T04:00:00-00:00,2024-08-23,21,0,Hourly,RU,AS_NP26_EXP,DAM,RU_CLR_PRC,2.76551,1
2024-08-24T04:00:00-00:00,2024-08-24T05:00:00-00:00,2024-08-23,22,0,Hourly,RU,AS_CAISO,DAM,RU_CLR_PRC,0,1
2024-08-24T04:00:00-00:00,2024-08-24T05:00:00-00:00,2024-08-23,22,0,Hourly,RU,AS_CAISO_EXP,DAM,RU_CLR_PRC,1.05741,1
2024-08-24T02:00:00-00:00,2024-08-24T03:00:00-00:00,2024-08-23,20,0,Hourly,RU,AS_SP26_EXP,DAM,RU_CLR_PRC,0,1
2024-08-24T03:00:00-00:00,2024-08-24T04:00:00-00:00,2024-08-23,21,0,Hourly,RU,AS_NP26,DAM,RU_CLR_PRC,0,1
2024-08-24T03:00:00-00:00,2024-08-24T04:00:00-00:00,2024-08-23,21,0,Hourly,RU,AS_SP26_EXP,DAM,RU_CLR_PRC,0,1
2024-08-24T06:00:00-00:00,2024-08-24T07:00:00-00:00,2024-08-23,24,0,Hourly,RU,AS_NP26,DAM,RU_CLR_PRC,0,1
2024-08-24T06:00:00-00:00,2024-08-24T07:00:00-00:00,2024-08-23,24,0,Hourly,RU,AS_SP26,DAM,RU_CLR_PRC,0,1
2024-08-23T09:00:00-00:00,2024-08-23T10:00:00-00:00,2024-08-23,3,0,Hourly,RU,AS_SP26,DAM,RU_CLR_PRC,0,1
2024-08-23T10:00:00-00:00,2024-08-23T11:00:00-00:00,2024-08-23,4,0,Hourly,RU,AS_NP26_EXP,DAM,RU_CLR_PRC,0,1
2024-08-23T11:00:00-00:00,2024-08-23T12:00:00-00:00,2024-08-23,5,0,Hourly,RU,AS_SP26,DAM,RU_CLR_PRC,0,1
2024-08-23T12:00:00-00:00,2024-08-23T13:00:00-00:00,2024-08-23,6,0,Hourly,RU,AS_CAISO,DAM,RU_CLR_PRC,0,1
2024-08-23T12:00:00-00:00,2024-08-23T13:00:00-00:00,2024-08-23,6,0,Hourly,RU,AS_SP26_EXP,DAM,RU_CLR_PRC,0.26368,1
2024-08-23T13:00:00-00:00,2024-08-23T14:00:00-00:00,2024-08-23,7,0,Hourly,RU,AS_SP26,DAM,RU_CLR_PRC,0,1
2024-08-23T14:00:00-00:00,2024-08-23T15:00:00-00:00,2024-08-23,8,0,Hourly,RU,AS_SP26,DAM,RU_CLR_PRC,0,1
2024-08-23T16:00:00-00:00,2024-08-23T17:00:00-00:00,2024-08-23,10,0,Hourly,RU,AS_SP26_EXP,DAM,RU_CLR_PRC,0,1
2024-08-23T20:00:00-00:00,2024-08-23T21:00:00-00:00,2024-08-23,14,0,Hourly,RU,AS_NP26_EXP,DAM,RU_CLR_PRC,1.56022,1
2024-08-23T20:00:00-00:00,2024-08-23T21:00:00-00:00,2024-08-23,14,0,Hourly,RU,AS_SP26_EXP,DAM,RU_CLR_PRC,0,1
2024-08-23T21:00:00-00:00,2024-08-23T22:00:00-00:00,2024-08-23,15,0,Hourly,RU,AS_CAISO_EXP,DAM,RU_CLR_PRC,0.38095,1
2024-08-23T23:00:00-00:00,2024-08-24T00:00:00-00:00,2024-08-23,17,0,Hourly,RU,AS_CAISO_EXP,DAM,RU_CLR_PRC,0.14,1
2024-08-24T00:00:00-00:00,2024-08-24T01:00:00-00:00,2024-08-23,18,0,Hourly,RU,AS_NP26_EXP,DAM,RU_CLR_PRC,1.64981,1
2024-08-24T00:00:00-00:00,2024-08-24T01:00:00-00:00,2024-08-23,18,0,Hourly,RU,AS_SP26,DAM,RU_CLR_PRC,0,1
2024-08-24T02:00:00-00:00,2024-08-24T03:00:00-00:00,2024-08-23,20,0,Hourly,RU,AS_CAISO,DAM,RU_CLR_PRC,0,1
2024-08-24T02:00:00-00:00,2024-08-24T03:00:00-00:00,2024-08-23,20,0,Hourly,RU,AS_CAISO_EXP,DAM,RU_CLR_PRC,3.04608,1
2024-08-23T08:00:00-00:00,2024-08-23T09:00:00-00:00,2024-08-23,2,0,Hourly,RU,AS_CAISO,DAM,RU_CLR_PRC,0,1
2024-08-23T08:00:00-00:00,2024-08-23T09:00:00-00:00,2024-08-23,2,0,Hourly,RU,AS_SP26,DAM,RU_CLR_PRC,0,1
2024-08-23T11:00:00-00:00,2024-08-23T12:00:00-00:00,2024-08-23,5,0,Hourly,RU,AS_NP26_EXP,DAM,RU_CLR_PRC,0,1
2024-08-23T13:00:00-00:00,2024-08-23T14:00:00-00:00,2024-08-23,7,0,Hourly,RU,AS_CAISO,DAM,RU_CLR_PRC,0,1
2024-08-23T17:00:00-00:00,2024-08-23T18:00:00-00:00,2024-08-23,11,0,Hourly,RU,AS_CAISO,DAM,RU_CLR_PRC,0,1
2024-08-23T18:00:00-00:00,2024-08-23T19:00:00-00:00,2024-08-23,12,0,Hourly,RU,AS_CAISO_EXP,DAM,RU_CLR_PRC,0.67429,1
2024-08-23T18:00:00-00:00,2024-08-23T19:00:00-00:00,2024-08-23,12,0,Hourly,RU,AS_NP26,DAM,RU_CLR_PRC,0,1
2024-08-23T18:00:00-00:00,2024-08-23T19:00:00-00:00,2024-08-23,12,0,Hourly,RU,AS_SP26,DAM,RU_CLR_PRC,0,1
2024-08-23T18:00:00-00:00,2024-08-23T19:00:00-00:00,2024-08-23,12,0,Hourly,RU,AS_SP26_EXP,DAM,RU_CLR_PRC,0,1
2024-08-23T19:00:00-00:00,2024-08-23T20:00:00-00:00,2024-08-23,13,0,Hourly,RU,AS_CAISO_EXP,DAM,RU_CLR_PRC,0.45932,1
2024-08-23T22:00:00-00:00,2024-08-23T23:00:00-00:00,2024-08-23,16,0,Hourly,RU,AS_NP26,DAM,RU_CLR_PRC,0,1
2024-08-23T23:00:00-00:00,2024-08-24T00:00:00-00:00,2024-08-23,17,0,Hourly,RU,AS_NP26_EXP,DAM,RU_CLR_PRC,4.86,1
2024-08-23T23:00:00-00:00,2024-08-24T00:00:00-00:00,2024-08-23,17,0,Hourly,RU,AS_SP26_EXP,DAM,RU_CLR_PRC,0,1
2024-08-24T01:00:00-00:00,2024-08-24T02:00:00-00:00,2024-08-23,19,0,Hourly,RU,AS_CAISO_EXP,DAM,RU_CLR_PRC,1.57118,1
2024-08-24T01:00:00-00:00,2024-08-24T02:00:00-00:00,2024-08-23,19,0,Hourly,RU,AS_NP26,DAM,RU_CLR_PRC,0,1
2024-08-24T01:00:00-00:00,2024-08-24T02:00:00-00:00,2024-08-23,19,0,Hourly,RU,AS_SP26_EXP,DAM,RU_CLR_PRC,0,1
2024-08-24T05:00:00-00:00,2024-08-24T06:00:00-00:00,2024-08-23,23,0,Hourly,RU,AS_CAISO_EXP,DAM,RU_CLR_PRC,0.95874,1
2024-08-24T05:00:00-00:00,2024-08-24T06:00:00-00:00,2024-08-23,23,0,Hourly,RU,AS_NP26_EXP,DAM,RU_CLR_PRC,2.61163,1
2024-08-24T06:00:00-00:00,2024-08-24T07:00:00-00:00,2024-08-23,24,0,Hourly,RU,AS_CAISO_EXP,DAM,RU_CLR_PRC,5,1
2024-08-23T08:00:00-00:00,2024-08-23T09:00:00-00:00,2024-08-23,2,0,Hourly,RU,AS_NP26_EXP,DAM,RU_CLR_PRC,0.54021,1
2024-08-23T09:00:00-00:00,2024-08-23T10:00:00-00:00,2024-08-23,3,0,Hourly,RU,AS_CAISO,DAM,RU_CLR_PRC,0,1
2024-08-23T09:00:00-00:00,2024-08-23T10:00:00-00:00,2024-08-23,3,0,Hourly,RU,AS_NP26,DAM,RU_CLR_PRC,0,1
2024-08-23T10:00:00-00:00,2024-08-23T11:00:00-00:00,2024-08-23,4,0,Hourly,RU,AS_SP26_EXP,DAM,RU_CLR_PRC,0,1
2024-08-23T13:00:00-00:00,2024-08-23T14:00:00-00:00,2024-08-23,7,0,Hourly,RU,AS_NP26_EXP,DAM,RU_CLR_PRC,0,1
2024-08-23T16:00:00-00:00,2024-08-23T17:00:00-00:00,2024-08-23,10,0,Hourly,RU,AS_CAISO_EXP,DAM,RU_CLR_PRC,0.14,1
2024-08-23T22:00:00-00:00,2024-08-23T23:00:00-00:00,2024-08-23,16,0,Hourly,RU,AS_CAISO,DAM,RU_CLR_PRC,0,1
2024-08-23T22:00:00-00:00,2024-08-23T23:00:00-00:00,2024-08-23,16,0,Hourly,RU,AS_NP26_EXP,DAM,RU_CLR_PRC,1.86,1
2024-08-24T00:00:00-00:00,2024-08-24T01:00:00-00:00,2024-08-23,18,0,Hourly,RU,AS_CAISO,DAM,RU_CLR_PRC,0,1
2024-08-24T04:00:00-00:00,2024-08-24T05:00:00-00:00,2024-08-23,22,0,Hourly,RU,AS_NP26,DAM,RU_CLR_PRC,0,1
2024-08-24T07:00:00-00:00,2024-08-24T08:00:00-00:00,2024-08-24,1,0,Hourly,RU,AS_NP26,DAM,RU_CLR_PRC,0,2
2024-08-24T08:00:00-00:00,2024-08-24T09:00:00-00:00,2024-08-24,2,0,Hourly,RU,AS_SP26,DAM,RU_CLR_PRC,0,2
2024-08-24T10:00:00-00:00,2024-08-24T11:00:00-00:00,2024-08-24,4,0,Hourly,RU,AS_SP26_EXP,DAM,RU_CLR_PRC,0,2
2024-08-24T11:00:00-00:00,2024-08-24T12:00:00-00:00,2024-08-24,5,0,Hourly,RU,AS_CAISO,DAM,RU_CLR_PRC,0,2
2024-08-24T11:00:00-00:00,2024-08-24T12:00:00-00:00,2024-08-24,5,0,Hourly,RU,AS_NP26_EXP,DAM,RU_CLR_PRC,0,2
2024-08-24T14:00:00-00:00,2024-08-24T15:00:00-00:00,2024-08-24,8,0,Hourly,RU,AS_NP26_EXP,DAM,RU_CLR_PRC,0,2
2024-08-24T16:00:00-00:00,2024-08-24T17:00:00-00:00,2024-08-24,10,0,Hourly,RU,AS_NP26,DAM,RU_CLR_PRC,0,2
2024-08-24T19:00:00-00:00,2024-08-24T20:00:00-00:00,2024-08-24,13,0,Hourly,RU,AS_NP26_EXP,DAM,RU_CLR_PRC,0.81745,2
2024-08-24T22:00:00-00:00,2024-08-24T23:00:00-00:00,2024-08-24,16,0,Hourly,RU,AS_SP26_EXP,DAM,RU_CLR_PRC,0,2
2024-08-24T23:00:00-00:00,2024-08-25T00:00:00-00:00,2024-08-24,17,0,Hourly,RU,AS_NP26_EXP,DAM,RU_CLR_PRC,1.84364,2
2024-08-25T01:00:00-00:00,2024-08-25T02:00:00-00:00,2024-08-24,19,0,Hourly,RU,AS_NP26,DAM,RU_CLR_PRC,0,2
2024-08-25T01:00:00-00:00,2024-08-25T02:00:00-00:00,2024-08-24,19,0,Hourly,RU,AS_SP26,DAM,RU_CLR_PRC,0,2
2024-08-25T02:00:00-00:00,2024-08-25T03:00:00-00:00,2024-08-24,20,0,Hourly,RU,AS_SP26_EXP,DAM,RU_CLR_PRC,0,2
2024-08-25T03:00:00-00:00,2024-08-25T04:00:00-00:00,2024-08-24,21,0,Hourly,RU,AS_NP26_EXP,DAM,RU_CLR_PRC,1.16645,2
2024-08-25T03:00:00-00:00,2024-08-25T04:00:00-00:00,2024-08-24,21,0,Hourly,RU,AS_SP26,DAM,RU_CLR_PRC,0,2
2024-08-25T06:00:00-00:00,2024-08-25T07:00:00-00:00,2024-08-24,24,0,Hourly,RU,AS_SP26_EXP,DAM,RU_CLR_PRC,0,2
2024-08-24T10:00:00-00:00,2024-08-24T11:00:00-00:00,2024-08-24,4,0,Hourly,RU,AS_NP26_EXP,DAM,RU_CLR_PRC,0.14,2
2024-08-24T13:00:00-00:00,2024-08-24T14:00:00-00:00,2024-08-24,7,0,Hourly,RU,AS_SP26,DAM,RU_CLR_PRC,0,2
2024-08-24T13:00:00-00:00,2024-08-24T14:00:00-00:00,2024-08-24,7,0,Hourly,RU,AS_SP26_EXP,DAM,RU_CLR_PRC,1.99,2
2024-08-24T15:00:00-00:00,2024-08-24T16:00:00-00:00,2024-08-24,9,0,Hourly,RU,AS_CAISO_EXP,DAM,RU_CLR_PRC,1.55023,2
2024-08-24T17:00:00-00:00,2024-08-24T18:00:00-00:00,2024-08-24,11,0,Hourly,RU,AS_CAISO,DAM,RU_CLR_PRC,0,2
2024-08-24T17:00:00-00:00,2024-08-24T18:00:00-00:00,2024-08-24,11,0,Hourly,RU,AS_CAISO_EXP,DAM,RU_CLR_PRC,0.14,2
2024-08-24T17:00:00-00:00,2024-08-24T18:00:00-00:00,2024-08-24,11,0,Hourly,RU,AS_NP26,DAM,RU_CLR_PRC,0,2
2024-08-24T17:00:00-00:00,2024-08-24T18:00:00-00:00,2024-08-24,11,0,Hourly,RU,AS_SP26,DAM,RU_CLR_PRC,0,2
2024-08-24T18:00:00-00:00,2024-08-24T19:00:00-00:00,2024-08-24,12,0,Hourly,RU,AS_NP26_EXP,DAM,RU_CLR_PRC,0.82226,2
2024-08-24T20:00:00-00:00,2024-08-24T21:00:00-00:00,2024-08-24,14,0,Hourly,RU,AS_NP26_EXP,DAM,RU_CLR_PRC,1.10531,2
2024-08-24T20:00:00-00:00,2024-08-24T21:00:00-00:00,2024-08-24,14,0,Hourly,RU,AS_SP26,DAM,RU_CLR_PRC,0,2
2024-08-24T21:00:00-00:00,2024-08-24T22:00:00-00:00,2024-08-24,15,0,Hourly,RU,AS_CAISO_EXP,DAM,RU_CLR_PRC,0.14,2
2024-08-24T22:00:00-00:00,2024-08-24T23:00:00-00:00,2024-08-24,16,0,Hourly,RU,AS_SP26,DAM,RU_CLR_PRC,0,2
2024-08-25T00:00:00-00:00,2024-08-25T01:00:00-00:00,2024-08-24,18,0,Hourly,RU,AS_NP26,DAM,RU_CLR_PRC,0,2
2024-08-25T01:00:00-00:00,2024-08-25T02:00:00-00:00,2024-08-24,19,0,Hourly,RU,AS_SP26_EXP,DAM,RU_CLR_PRC,0,2
2024-08-25T02:00:00-00:00,2024-08-25T03:00:00-00:00,2024-08-24,20,0,Hourly,RU,AS_NP26,DAM,RU_CLR_PRC,0,2
2024-08-25T03:00:00-00:00,2024-08-25T04:00:00-00:00,2024-08-24,21,0,Hourly,RU,AS_NP26,DAM,RU_CLR_PRC,0,2
2024-08-25T04:00:00-00:00,2024-08-25T05:00:00-00:00,2024-08-24,22,0,Hourly,RU,AS_SP26,DAM,RU_CLR_PRC,0,2
2024-08-25T06:00:00-00:00,2024-08-25T07:00:00-00:00,2024-08-24,24,0,Hourly,RU,AS_CAISO_EXP,DAM,RU_CLR_PRC,2.84785,2
2024-08-24T14:00:00-00:00,2024-08-24T15:00:00-00:00,2024-08-24,8,0,Hourly,RU,AS_CAISO_EXP,DAM,RU_CLR_PRC,5,2
2024-08-24T15:00:00-00:00,2024-08-24T16:00:00-00:00,2024-08-24,9,0,Hourly,RU,AS_CAISO,DAM,RU_CLR_PRC,0,2
2024-08-24T18:00:00-00:00,2024-08-24T19:00:00-00:00,2024-08-24,12,0,Hourly,RU,AS_SP26,DAM,RU_CLR_PRC,0,2
2024-08-24T20:00:00-00:00,2024-08-24T21:00:00-00:00,2024-08-24,14,0,Hourly,RU,AS_CAISO_EXP,DAM,RU_CLR_PRC,0.1,2
2024-08-24T21:00:00-00:00,2024-08-24T22:00:00-00:00,2024-08-24,15,0,Hourly,RU,AS_SP26_EXP,DAM,RU_CLR_PRC,0,2
2024-08-24T23:00:00-00:00,2024-08-25T00:00:00-00:00,2024-08-24,17,0,Hourly,RU,AS_NP26,DAM,RU_CLR_PRC,0,2
2024-08-24T23:00:00-00:00,2024-08-25T00:00:00-00:00,2024-08-24,17,0,Hourly,RU,AS_SP26,DAM,RU_CLR_PRC,0,2
2024-08-25T00:00:00-00:00,2024-08-25T01:00:00-00:00,2024-08-24,18,0,Hourly,RU,AS_CAISO_EXP,DAM,RU_CLR_PRC,0.42625,2
2024-08-25T02:00:00-00:00,2024-08-25T03:00:00-00:00,2024-08-24,20,0,Hourly,RU,AS_CAISO,DAM,RU_CLR_PRC,0,2
2024-08-25T02:00:00-00:00,2024-08-25T03:00:00-00:00,2024-08-24,20,0,Hourly,RU,AS_CAISO_EXP,DAM,RU_CLR_PRC,2.5,2
2024-08-25T03:00:00-00:00,2024-08-25T04:00:00-00:00,2024-08-24,21,0,Hourly,RU,AS_CAISO,DAM,RU_CLR_PRC,0,2
2024-08-25T03:00:00-00:00,2024-08-25T04:00:00-00:00,2024-08-24,21,0,Hourly,RU,AS_CAISO_EXP,DAM,RU_CLR_PRC,1.96855,2
2024-08-25T03:00:00-00:00,2024-08-25T04:00:00-00:00,2024-08-24,21,0,Hourly,RU,AS_SP26_EXP,DAM,RU_CLR_PRC,0,2
2024-08-25T04:00:00-00:00,2024-08-25T05:00:00-00:00,2024-08-24,22,0,Hourly,RU,AS_CAISO,DAM,RU_CLR_PRC,0,2
2024-08-25T04:00:00-00:00,2024-08-25T05:00:00-00:00,2024-08-24,22,0,Hourly,RU,AS_SP26_EXP,DAM,RU_CLR_PRC,0,2
2024-08-25T05:00:00-00:00,2024-08-25T06:00:00-00:00,2024-08-24,23,0,Hourly,RU,AS_NP26_EXP,DAM,RU_CLR_PRC,1.11,2
2024-08-25T05:00:00-00:00,2024-08-25T06:00:00-00:00,2024-08-24,23,0,Hourly,RU,AS_SP26_EXP,DAM,RU_CLR_PRC,0,2
2024-08-25T06:00:00-00:00,2024-08-25T07:00:00-00:00,2024-08-24,24,0,Hourly,RU,AS_NP26,DAM,RU_CLR_PRC,0,2
2024-08-24T07:00:00-00:00,2024-08-24T08:00:00-00:00,2024-08-24,1,0,Hourly,RU,AS_SP26,DAM,RU_CLR_PRC,0,2
2024-08-24T07:00:00-00:00,2024-08-24T08:00:00-00:00,2024-08-24,1,0,Hourly,RU,AS_SP26_EXP,DAM,RU_CLR_PRC,0,2
2024-08-24T09:00:00-00:00,2024-08-24T10:00:00-00:00,2024-08-24,3,0,Hourly,RU,AS_NP26,DAM,RU_CLR_PRC,0,2
2024-08-24T11:00:00-00:00,2024-08-24T12:00:00-00:00,2024-08-24,5,0,Hourly,RU,AS_CAISO_EXP,DAM,RU_CLR_PRC,0.45,2
2024-08-24T12:00:00-00:00,2024-08-24T13:00:00-00:00,2024-08-24,6,0,Hourly,RU,AS_CAISO,DAM,RU_CLR_PRC,0,2
2024-08-24T12:00:00-00:00,2024-08-24T13:00:00-00:00,2024-08-24,6,0,Hourly,RU,AS_NP26_EXP,DAM,RU_CLR_PRC,0,2
2024-08-24T13:00:00-00:00,2024-08-24T14:00:00-00:00,2024-08-24,7,0,Hourly,RU,AS_NP26_EXP,DAM,RU_CLR_PRC,0,2
2024-08-24T14:00:00-00:00,2024-08-24T15:00:00-00:00,2024-08-24,8,0,Hourly,RU,AS_CAISO,DAM,RU_CLR_PRC,0,2
2024-08-24T07:00:00-00:00,2024-08-24T08:00:00-00:00,2024-08-24,1,0,Hourly,RU,AS_NP26_EXP,DAM,RU_CLR_PRC,0.04513,2
2024-08-24T08:00:00-00:00,2024-08-24T09:00:00-00:00,2024-08-24,2,0,Hourly,RU,AS_NP26,DAM,RU_CLR_PRC,0,2
2024-08-24T09:00:00-00:00,2024-08-24T10:00:00-00:00,2024-08-24,3,0,Hourly,RU,AS_NP26_EXP,DAM,RU_CLR_PRC,0,2
2024-08-24T10:00:00-00:00,2024-08-24T11:00:00-00:00,2024-08-24,4,0,Hourly,RU,AS_SP26,DAM,RU_CLR_PRC,0,2
2024-08-24T14:00:00-00:00,2024-08-24T15:00:00-00:00,2024-08-24,8,0,Hourly,RU,AS_NP26,DAM,RU_CLR_PRC,0,2
2024-08-24T15:00:00-00:00,2024-08-24T16:00:00-00:00,2024-08-24,9,0,Hourly,RU,AS_SP26_EXP,DAM,RU_CLR_PRC,0,2
2024-08-24T16:00:00-00:00,2024-08-24T17:00:00-00:00,2024-08-24,10,0,Hourly,RU,AS_SP26,DAM,RU_CLR_PRC,0,2
2024-08-24T18:00:00-00:00,2024-08-24T19:00:00-00:00,2024-08-24,12,0,Hourly,RU,AS_SP26_EXP,DAM,RU_CLR_PRC,0,2
2024-08-24T20:00:00-00:00,2024-08-24T21:00:00-00:00,2024-08-24,14,0,Hourly,RU,AS_CAISO,DAM,RU_CLR_PRC,0,2
2024-08-24T21:00:00-00:00,2024-08-24T22:00:00-00:00,2024-08-24,15,0,Hourly,RU,AS_CAISO,DAM,RU_CLR_PRC,0,2
2024-08-24T21:00:00-00:00,2024-08-24T22:00:00-00:00,2024-08-24,15,0,Hourly,RU,AS_NP26,DAM,RU_CLR_PRC,0,2
2024-08-24T21:00:00-00:00,2024-08-24T22:00:00-00:00,2024-08-24,15,0,Hourly,RU,AS_SP26,DAM,RU_CLR_PRC,0,2
2024-08-24T22:00:00-00:00,2024-08-24T23:00:00-00:00,2024-08-24,16,0,Hourly,RU,AS_CAISO_EXP,DAM,RU_CLR_PRC,0.14,2
2024-08-24T23:00:00-00:00,2024-08-25T00:00:00-00:00,2024-08-24,17,0,Hourly,RU,AS_CAISO,DAM,RU_CLR_PRC,0,2
2024-08-24T23:00:00-00:00,2024-08-25T00:00:00-00:00,2024-08-24,17,0,Hourly,RU,AS_SP26_EXP,DAM,RU_CLR_PRC,0,2
2024-08-25T00:00:00-00:00,2024-08-25T01:00:00-00:00,2024-08-24,18,0,Hourly,RU,AS_SP26,DAM,RU_CLR_PRC,0,2
2024-08-25T00:00:00-00:00,2024-08-25T01:00:00-00:00,2024-08-24,18,0,Hourly,RU,AS_SP26_EXP,DAM,RU_CLR_PRC,0,2
2024-08-25T02:00:00-00:00,2024-08-25T03:00:00-00:00,2024-08-24,20,0,Hourly,RU,AS_SP26,DAM,RU_CLR_PRC,0,2
2024-08-25T06:00:00-00:00,2024-08-25T07:00:00-00:00,2024-08-24,24,0,Hourly,RU,AS_CAISO,DAM,RU_CLR_PRC,0,2
2024-08-24T10:00:00-00:00,2024-08-24T11:00:00-00:00,2024-08-24,4,0,Hourly,RU,AS_CAISO_EXP,DAM,RU_CLR_PRC,0.45,2
2024-08-24T11:00:00-00:00,2024-08-24T12:00:00-00:00,2024-08-24,5,0,Hourly,RU,AS_NP26,DAM,RU_CLR_PRC,0,2
2024-08-24T13:00:00-00:00,2024-08-24T14:00:00-00:00,2024-08-24,7,0,Hourly,RU,AS_CAISO,DAM,RU_CLR_PRC,0,2
2024-08-24T13:00:00-00:00,2024-08-24T14:00:00-00:00,2024-08-24,7,0,Hourly,RU,AS_CAISO_EXP,DAM,RU_CLR_PRC,5,2
2024-08-24T13:00:00-00:00,2024-08-24T14:00:00-00:00,2024-08-24,7,0,Hourly,RU,AS_NP26,DAM,RU_CLR_PRC,0,2
2024-08-24T16:00:00-00:00,2024-08-24T17:00:00-00:00,2024-08-24,10,0,Hourly,RU,AS_CAISO,DAM,RU_CLR_PRC,0,2
2024-08-24T16:00:00-00:00,2024-08-24T17:00:00-00:00,2024-08-24,10,0,Hourly,RU,AS_NP26_EXP,DAM,RU_CLR_PRC,2.45094,2
2024-08-24T17:00:00-00:00,2024-08-24T18:00:00-00:00,2024-08-24,11,0,Hourly,RU,AS_NP26_EXP,DAM,RU_CLR_PRC,0.86,2
2024-08-24T18:00:00-00:00,2024-08-24T19:00:00-00:00,2024-08-24,12,0,Hourly,RU,AS_CAISO_EXP,DAM,RU_CLR_PRC,0.14,2
2024-08-24T20:00:00-00:00,2024-08-24T21:00:00-00:00,2024-08-24,14,0,Hourly,RU,AS_NP26,DAM,RU_CLR_PRC,0,2
2024-08-24T21:00:00-00:00,2024-08-24T22:00:00-00:00,2024-08-24,15,0,Hourly,RU,AS_NP26_EXP,DAM,RU_CLR_PRC,1.73172,2
2024-08-24T22:00:00-00:00,2024-08-24T23:00:00-00:00,2024-08-24,16,0,Hourly,RU,AS_CAISO,DAM,RU_CLR_PRC,0,2
2024-08-24T23:00:00-00:00,2024-08-25T00:00:00-00:00,2024-08-24,17,0,Hourly,RU,AS_CAISO_EXP,DAM,RU_CLR_PRC,0.14,2
2024-08-25T00:00:00-00:00,2024-08-25T01:00:00-00:00,2024-08-24,18,0,Hourly,RU,AS_NP26_EXP,DAM,RU_CLR_PRC,0.86,2
2024-08-25T04:00:00-00:00,2024-08-25T05:00:00-00:00,2024-08-24,22,0,Hourly,RU,AS_NP26_EXP,DAM,RU_CLR_PRC,1.35631,2
2024-08-25T05:00:00-00:00,2024-08-25T06:00:00-00:00,2024-08-24,23,0,Hourly,RU,AS_CAISO,DAM,RU_CLR_PRC,0,2
2024-08-25T05:00:00-00:00,2024-08-25T06:00:00-00:00,2024-08-24,23,0,Hourly,RU,AS_SP26,DAM,RU_CLR_PRC,0,2
2024-08-24T07:00:00-00:00,2024-08-24T08:00:00-00:00,2024-08-24,1,0,Hourly,RU,AS_CAISO_EXP,DAM,RU_CLR_PRC,0.67723,2
2024-08-24T08:00:00-00:00,2024-08-24T09:00:00-00:00,2024-08-24,2,0,Hourly,RU,AS_NP26_EXP,DAM,RU_CLR_PRC,0,2
2024-08-24T09:00:00-00:00,2024-08-24T10:00:00-00:00,2024-08-24,3,0,Hourly,RU,AS_CAISO_EXP,DAM,RU_CLR_PRC,0.45,2
2024-08-24T09:00:00-00:00,2024-08-24T10:00:00-00:00,2024-08-24,3,0,Hourly,RU,AS_SP26,DAM,RU_CLR_PRC,0,2
2024-08-24T09:00:00-00:00,2024-08-24T10:00:00-00:00,2024-08-24,3,0,Hourly,RU,AS_SP26_EXP,DAM,RU_CLR_PRC,0,2
2024-08-24T10:00:00-00:00,2024-08-24T11:00:00-00:00,2024-08-24,4,0,Hourly,RU,AS_CAISO,DAM,RU_CLR_PRC,0,2
2024-08-24T12:00:00-00:00,2024-08-24T13:00:00-00:00,2024-08-24,6,0,Hourly,RU,AS_SP26,DAM,RU_CLR_PRC,0,2
2024-08-24T14:00:00-00:00,2024-08-24T15:00:00-00:00,2024-08-24,8,0,Hourly,RU,AS_SP26,DAM,RU_CLR_PRC,0,2
2024-08-24T14:00:00-00:00,2024-08-24T15:00:00-00:00,2024-08-24,8,0,Hourly,RU,AS_SP26_EXP,DAM,RU_CLR_PRC,1.99,2
2024-08-24T16:00:00-00:00,2024-08-24T17:00:00-00:00,2024-08-24,10,0,Hourly,RU,AS_CAISO_EXP,DAM,RU_CLR_PRC,0.1,2
2024-08-24T18:00:00-00:00,2024-08-24T19:00:00-00:00,2024-08-24,12,0,Hourly,RU,AS_CAISO,DAM,RU_CLR_PRC,0,2
2024-08-24T18:00:00-00:00,2024-08-24T19:00:00-00:00,2024-08-24,12,0,Hourly,RU,AS_NP26,DAM,RU_CLR_PRC,0,2
2024-08-24T19:00:00-00:00,2024-08-24T20:00:00-00:00,2024-08-24,13,0,Hourly,RU,AS_NP26,DAM,RU_CLR_PRC,0,2
2024-08-24T19:00:00-00:00,2024-08-24T20:00:00-00:00,2024-08-24,13,0,Hourly,RU,AS_SP26_EXP,DAM,RU_CLR_PRC,0,2
2024-08-24T20:00:00-00:00,2024-08-24T21:00:00-00:00,2024-08-24,14,0,Hourly,RU,AS_SP26_EXP,DAM,RU_CLR_PRC,0,2
2024-08-24T22:00:00-00:00,2024-08-24T23:00:00-00:00,2024-08-24,16,0,Hourly,RU,AS_NP26,DAM,RU_CLR_PRC,0,2
2024-08-24T22:00:00-00:00,2024-08-24T23:00:00-00:00,2024-08-24,16,0,Hourly,RU,AS_NP26_EXP,DAM,RU_CLR_PRC,1.61461,2
2024-08-25T05:00:00-00:00,2024-08-25T06:00:00-00:00,2024-08-24,23,0,Hourly,RU,AS_CAISO_EXP,DAM,RU_CLR_PRC,0.645,2
2024-08-24T07:00:00-00:00,2024-08-24T08:00:00-00:00,2024-08-24,1,0,Hourly,RU,AS_CAISO,DAM,RU_CLR_PRC,0,2
2024-08-24T08:00:00-00:00,2024-08-24T09:00:00-00:00,2024-08-24,2,0,Hourly,RU,AS_SP26_EXP,DAM,RU_CLR_PRC,0,2
2024-08-24T12:00:00-00:00,2024-08-24T13:00:00-00:00,2024-08-24,6,0,Hourly,RU,AS_CAISO_EXP,DAM,RU_CLR_PRC,0.78812,2
2024-08-24T12:00:00-00:00,2024-08-24T13:00:00-00:00,2024-08-24,6,0,Hourly,RU,AS_NP26,DAM,RU_CLR_PRC,0,2
2024-08-24T15:00:00-00:00,2024-08-24T16:00:00-00:00,2024-08-24,9,0,Hourly,RU,AS_NP26,DAM,RU_CLR_PRC,0,2
2024-08-24T15:00:00-00:00,2024-08-24T16:00:00-00:00,2024-08-24,9,0,Hourly,RU,AS_NP26_EXP,DAM,RU_CLR_PRC,0.90675,2
2024-08-24T15:00:00-00:00,2024-08-24T16:00:00-00:00,2024-08-24,9,0,Hourly,RU,AS_SP26,DAM,RU_CLR_PRC,0,2
2024-08-24T16:00:00-00:00,2024-08-24T17:00:00-00:00,2024-08-24,10,0,Hourly,RU,AS_SP26_EXP,DAM,RU_CLR_PRC,0,2
2024-08-24T17:00:00-00:00,2024-08-24T18:00:00-00:00,2024-08-24,11,0,Hourly,RU,AS_SP26_EXP,DAM,RU_CLR_PRC,0,2
2024-08-24T19:00:00-00:00,2024-08-24T20:00:00-00:00,2024-08-24,13,0,Hourly,RU,AS_CAISO,DAM,RU_CLR_PRC,0,2
2024-08-24T19:00:00-00:00,2024-08-24T20:00:00-00:00,2024-08-24,13,0,Hourly,RU,AS_CAISO_EXP,DAM,RU_CLR_PRC,0.1,2
2024-08-25T01:00:00-00:00,2024-08-25T02:00:00-00:00,2024-08-24,19,0,Hourly,RU,AS_CAISO_EXP,DAM,RU_CLR_PRC,0.46,2
2024-08-25T01:00:00-00:00,2024-08-25T02:00:00-00:00,2024-08-24,19,0,Hourly,RU,AS_NP26_EXP,DAM,RU_CLR_PRC,4.24406,2
2024-08-25T02:00:00-00:00,2024-08-25T03:00:00-00:00,2024-08-24,20,0,Hourly,RU,AS_NP26_EXP,DAM,RU_CLR_PRC,1.50229,2
2024-08-25T04:00:00-00:00,2024-08-25T05:00:00-00:00,2024-08-24,22,0,Hourly,RU,AS_NP26,DAM,RU_CLR_PRC,0,2
2024-08-25T06:00:00-00:00,2024-08-25T07:00:00-00:00,2024-08-24,24,0,Hourly,RU,AS_NP26_EXP,DAM,RU_CLR_PRC,0.65215,2
2024-08-25T06:00:00-00:00,2024-08-25T07:00:00-00:00,2024-08-24,24,0,Hourly,RU,AS_SP26,DAM,RU_CLR_PRC,0,2
2024-08-24T08:00:00-00:00,2024-08-24T09:00:00-00:00,2024-08-24,2,0,Hourly,RU,AS_CAISO,DAM,RU_CLR_PRC,0,2
2024-08-24T08:00:00-00:00,2024-08-24T09:00:00-00:00,2024-08-24,2,0,Hourly,RU,AS_CAISO_EXP,DAM,RU_CLR_PRC,0.45,2
2024-08-24T10:00:00-00:00,2024-08-24T11:00:00-00:00,2024-08-24,4,0,Hourly,RU,AS_NP26,DAM,RU_CLR_PRC,0,2
2024-08-24T11:00:00-00:00,2024-08-24T12:00:00-00:00,2024-08-24,5,0,Hourly,RU,AS_SP26,DAM,RU_CLR_PRC,0,2
2024-08-24T11:00:00-00:00,2024-08-24T12:00:00-00:00,2024-08-24,5,0,Hourly,RU,AS_SP26_EXP,DAM,RU_CLR_PRC,0,2
2024-08-24T12:00:00-00:00,2024-08-24T13:00:00-00:00,2024-08-24,6,0,Hourly,RU,AS_SP26_EXP,DAM,RU_CLR_PRC,0,2
2024-08-24T19:00:00-00:00,2024-08-24T20:00:00-00:00,2024-08-24,13,0,Hourly,RU,AS_SP26,DAM,RU_CLR_PRC,0,2
2024-08-25T00:00:00-00:00,2024-08-25T01:00:00-00:00,2024-08-24,18,0,Hourly,RU,AS_CAISO,DAM,RU_CLR_PRC,0,2
2024-08-25T01:00:00-00:00,2024-08-25T02:00:00-00:00,2024-08-24,19,0,Hourly,RU,AS_CAISO,DAM,RU_CLR_PRC,0,2
2024-08-25T04:00:00-00:00,2024-08-25T05:00:00-00:00,2024-08-24,22,0,Hourly,RU,AS_CAISO_EXP,DAM,RU_CLR_PRC,1.02869,2
2024-08-25T05:00:00-00:00,2024-08-25T06:00:00-00:00,2024-08-24,23,0,Hourly,RU,AS_NP26,DAM,RU_CLR_PRC,0,2
2024-08-24T09:00:00-00:00,2024-08-24T10:00:00-00:00,2024-08-24,3,0,Hourly,RU,AS_CAISO,DAM,RU_CLR_PRC,0,2
2024-08-25T18:00:00-00:00,2024-08-25T19:00:00-00:00,2024-08-25,12,0,Hourly,RU,AS_CAISO_EXP,DAM,RU_CLR_PRC,1.4457,3
2024-08-25T20:00:00-00:00,2024-08-25T21:00:00-00:00,2024-08-25,14,0,Hourly,RU,AS_CAISO,DAM,RU_CLR_PRC,0,3
2024-08-25T20:00:00-00:00,2024-08-25T21:00:00-00:00,2024-08-25,14,0,Hourly,RU,AS_NP26,DAM,RU_CLR_PRC,0,3
2024-08-25T21:00:00-00:00,2024-08-25T22:00:00-00:00,2024-08-25,15,0,Hourly,RU,AS_SP26,DAM,RU_CLR_PRC,0,3
2024-08-25T21:00:00-00:00,2024-08-25T22:00:00-00:00,2024-08-25,15,0,Hourly,RU,AS_SP26_EXP,DAM,RU_CLR_PRC,0,3
2024-08-25T22:00:00-00:00,2024-08-25T23:00:00-00:00,2024-08-25,16,0,Hourly,RU,AS_CAISO_EXP,DAM,RU_CLR_PRC,0.14,3
2024-08-25T07:00:00-00:00,2024-08-25T08:00:00-00:00,2024-08-25,1,0,Hourly,RU,AS_SP26_EXP,DAM,RU_CLR_PRC,0,3
2024-08-25T11:00:00-00:00,2024-08-25T12:00:00-00:00,2024-08-25,5,0,Hourly,RU,AS_CAISO,DAM,RU_CLR_PRC,0,3
2024-08-25T13:00:00-00:00,2024-08-25T14:00:00-00:00,2024-08-25,7,0,Hourly,RU,AS_NP26_EXP,DAM,RU_CLR_PRC,0,3
2024-08-25T16:00:00-00:00,2024-08-25T17:00:00-00:00,2024-08-25,10,0,Hourly,RU,AS_SP26_EXP,DAM,RU_CLR_PRC,0,3
2024-08-25T19:00:00-00:00,2024-08-25T20:00:00-00:00,2024-08-25,13,0,Hourly,RU,AS_NP26_EXP,DAM,RU_CLR_PRC,0.31,3
2024-08-25T22:00:00-00:00,2024-08-25T23:00:00-00:00,2024-08-25,16,0,Hourly,RU,AS_NP26,DAM,RU_CLR_PRC,0,3
2024-08-25T22:00:00-00:00,2024-08-25T23:00:00-00:00,2024-08-25,16,0,Hourly,RU,AS_SP26,DAM,RU_CLR_PRC,0,3
2024-08-26T02:00:00-00:00,2024-08-26T03:00:00-00:00,2024-08-25,20,0,Hourly,RU,AS_CAISO,DAM,RU_CLR_PRC,0,3
2024-08-26T02:00:00-00:00,2024-08-26T03:00:00-00:00,2024-08-25,20,0,Hourly,RU,AS_NP26,DAM,RU_CLR_PRC,0,3
2024-08-26T02:00:00-00:00,2024-08-26T03:00:00-00:00,2024-08-25,20,0,Hourly,RU,AS_NP26_EXP,DAM,RU_CLR_PRC,0.19118,3
2024-08-25T09:00:00-00:00,2024-08-25T10:00:00-00:00,2024-08-25,3,0,Hourly,RU,AS_SP26_EXP,DAM,RU_CLR_PRC,0,3
2024-08-25T10:00:00-00:00,2024-08-25T11:00:00-00:00,2024-08-25,4,0,Hourly,RU,AS_CAISO,DAM,RU_CLR_PRC,0,3
2024-08-25T12:00:00-00:00,2024-08-25T13:00:00-00:00,2024-08-25,6,0,Hourly,RU,AS_CAISO_EXP,DAM,RU_CLR_PRC,0.55559,3
2024-08-25T13:00:00-00:00,2024-08-25T14:00:00-00:00,2024-08-25,7,0,Hourly,RU,AS_NP26,DAM,RU_CLR_PRC,0,3
2024-08-25T15:00:00-00:00,2024-08-25T16:00:00-00:00,2024-08-25,9,0,Hourly,RU,AS_NP26,DAM,RU_CLR_PRC,0,3
2024-08-25T17:00:00-00:00,2024-08-25T18:00:00-00:00,2024-08-25,11,0,Hourly,RU,AS_NP26,DAM,RU_CLR_PRC,0,3
2024-08-25T18:00:00-00:00,2024-08-25T19:00:00-00:00,2024-08-25,12,0,Hourly,RU,AS_CAISO,DAM,RU_CLR_PRC,0,3
2024-08-25T18:00:00-00:00,2024-08-25T19:00:00-00:00,2024-08-25,12,0,Hourly,RU,AS_SP26,DAM,RU_CLR_PRC,0,3
2024-08-25T23:00:00-00:00,2024-08-26T00:00:00-00:00,2024-08-25,17,0,Hourly,RU,AS_SP26_EXP,DAM,RU_CLR_PRC,0,3
2024-08-26T00:00:00-00:00,2024-08-26T01:00:00-00:00,2024-08-25,18,0,Hourly,RU,AS_CAISO_EXP,DAM,RU_CLR_PRC,0.33459,3
2024-08-26T01:00:00-00:00,2024-08-26T02:00:00-00:00,2024-08-25,19,0,Hourly,RU,AS_NP26,DAM,RU_CLR_PRC,0,3
2024-08-26T02:00:00-00:00,2024-08-26T03:00:00-00:00,2024-08-25,20,0,Hourly,RU,AS_SP26,DAM,RU_CLR_PRC,0,3
2024-08-26T03:00:00-00:00,2024-08-26T04:00:00-00:00,2024-08-25,21,0,Hourly,RU,AS_SP26_EXP,DAM,RU_CLR_PRC,0,3
2024-08-26T05:00:00-00:00,2024-08-26T06:00:00-00:00,2024-08-25,23,0,Hourly,RU,AS_CAISO,DAM,RU_CLR_PRC,0,3
2024-08-26T05:00:00-00:00,2024-08-26T06:00:00-00:00,2024-08-25,23,0,Hourly,RU,AS_CAISO_EXP,DAM,RU_CLR_PRC,1.46352,3
2024-08-26T06:00:00-00:00,2024-08-26T07:00:00-00:00,2024-08-25,24,0,Hourly,RU,AS_NP26,DAM,RU_CLR_PRC,0,3
2024-08-26T06:00:00-00:00,2024-08-26T07:00:00-00:00,2024-08-25,24,0,Hourly,RU,AS_SP26_EXP,DAM,RU_CLR_PRC,0,3
2024-08-25T07:00:00-00:00,2024-08-25T08:00:00-00:00,2024-08-25,1,0,Hourly,RU,AS_CAISO_EXP,DAM,RU_CLR_PRC,0.45,3
2024-08-25T08:00:00-00:00,2024-08-25T09:00:00-00:00,2024-08-25,2,0,Hourly,RU,AS_CAISO_EXP,DAM,RU_CLR_PRC,0.45,3
2024-08-25T09:00:00-00:00,2024-08-25T10:00:00-00:00,2024-08-25,3,0,Hourly,RU,AS_CAISO,DAM,RU_CLR_PRC,0,3
2024-08-25T09:00:00-00:00,2024-08-25T10:00:00-00:00,2024-08-25,3,0,Hourly,RU,AS_SP26,DAM,RU_CLR_PRC,0,3
2024-08-25T10:00:00-00:00,2024-08-25T11:00:00-00:00,2024-08-25,4,0,Hourly,RU,AS_SP26,DAM,RU_CLR_PRC,0,3
2024-08-25T14:00:00-00:00,2024-08-25T15:00:00-00:00,2024-08-25,8,0,Hourly,RU,AS_SP26,DAM,RU_CLR_PRC,0,3
2024-08-25T14:00:00-00:00,2024-08-25T15:00:00-00:00,2024-08-25,8,0,Hourly,RU,AS_SP26_EXP,DAM,RU_CLR_PRC,1.68807,3
2024-08-25T17:00:00-00:00,2024-08-25T18:00:00-00:00,2024-08-25,11,0,Hourly,RU,AS_SP26_EXP,DAM,RU_CLR_PRC,0,3
2024-08-25T20:00:00-00:00,2024-08-25T21:00:00-00:00,2024-08-25,14,0,Hourly,RU,AS_SP26,DAM,RU_CLR_PRC,0,3
2024-08-25T23:00:00-00:00,2024-08-26T00:00:00-00:00,2024-08-25,17,0,Hourly,RU,AS_CAISO,DAM,RU_CLR_PRC,0,3
2024-08-25T23:00:00-00:00,2024-08-26T00:00:00-00:00,2024-08-25,17,0,Hourly,RU,AS_NP26_EXP,DAM,RU_CLR_PRC,4.63084,3
2024-08-26T00:00:00-00:00,2024-08-26T01:00:00-00:00,2024-08-25,18,0,Hourly,RU,AS_SP26,DAM,RU_CLR_PRC,0,3
2024-08-26T04:00:00-00:00,2024-08-26T05:00:00-00:00,2024-08-25,22,0,Hourly,RU,AS_CAISO_EXP,DAM,RU_CLR_PRC,0.97921,3
2024-08-25T07:00:00-00:00,2024-08-25T08:00:00-00:00,2024-08-25,1,0,Hourly,RU,AS_NP26,DAM,RU_CLR_PRC,0,3
2024-08-25T09:00:00-00:00,2024-08-25T10:00:00-00:00,2024-08-25,3,0,Hourly,RU,AS_NP26_EXP,DAM,RU_CLR_PRC,0,3
2024-08-25T11:00:00-00:00,2024-08-25T12:00:00-00:00,2024-08-25,5,0,Hourly,RU,AS_NP26,DAM,RU_CLR_PRC,0,3
2024-08-25T13:00:00-00:00,2024-08-25T14:00:00-00:00,2024-08-25,7,0,Hourly,RU,AS_SP26,DAM,RU_CLR_PRC,0,3
2024-08-25T14:00:00-00:00,2024-08-25T15:00:00-00:00,2024-08-25,8,0,Hourly,RU,AS_NP26_EXP,DAM,RU_CLR_PRC,0,3
2024-08-25T15:00:00-00:00,2024-08-25T16:00:00-00:00,2024-08-25,9,0,Hourly,RU,AS_CAISO,DAM,RU_CLR_PRC,0,3
2024-08-25T16:00:00-00:00,2024-08-25T17:00:00-00:00,2024-08-25,10,0,Hourly,RU,AS_CAISO,DAM,RU_CLR_PRC,0,3
2024-08-25T16:00:00-00:00,2024-08-25T17:00:00-00:00,2024-08-25,10,0,Hourly,RU,AS_CAISO_EXP,DAM,RU_CLR_PRC,1.26109,3
2024-08-25T16:00:00-00:00,2024-08-25T17:00:00-00:00,2024-08-25,10,0,Hourly,RU,AS_NP26,DAM,RU_CLR_PRC,0,3
2024-08-25T19:00:00-00:00,2024-08-25T20:00:00-00:00,2024-08-25,13,0,Hourly,RU,AS_SP26_EXP,DAM,RU_CLR_PRC,0,3
2024-08-25T20:00:00-00:00,2024-08-25T21:00:00-00:00,2024-08-25,14,0,Hourly,RU,AS_CAISO_EXP,DAM,RU_CLR_PRC,0.14,3
2024-08-25T20:00:00-00:00,2024-08-25T21:00:00-00:00,2024-08-25,14,0,Hourly,RU,AS_SP26_EXP,DAM,RU_CLR_PRC,0,3
2024-08-25T21:00:00-00:00,2024-08-25T22:00:00-00:00,2024-08-25,15,0,Hourly,RU,AS_NP26,DAM,RU_CLR_PRC,0,3
2024-08-25T23:00:00-00:00,2024-08-26T00:00:00-00:00,2024-08-25,17,0,Hourly,RU,AS_NP26,DAM,RU_CLR_PRC,0,3
2024-08-26T01:00:00-00:00,2024-08-26T02:00:00-00:00,2024-08-25,19,0,Hourly,RU,AS_SP26,DAM,RU_CLR_PRC,0,3
2024-08-26T02:00:00-00:00,2024-08-26T03:00:00-00:00,2024-08-25,20,0,Hourly,RU,AS_CAISO_EXP,DAM,RU_CLR_PRC,4.46002,3
2024-08-26T03:00:00-00:00,2024-08-26T04:00:00-00:00,2024-08-25,21,0,Hourly,RU,AS_CAISO_EXP,DAM,RU_CLR_PRC,1.08986,3
2024-08-26T04:00:00-00:00,2024-08-26T05:00:00-00:00,2024-08-25,22,0,Hourly,RU,AS_SP26,DAM,RU_CLR_PRC,0,3
2024-08-26T06:00:00-00:00,2024-08-26T07:00:00-00:00,2024-08-25,24,0,Hourly,RU,AS_SP26,DAM,RU_CLR_PRC,0,3
2024-08-25T22:00:00-00:00,2024-08-25T23:00:00-00:00,2024-08-25,16,0,Hourly,RU,AS_NP26_EXP,DAM,RU_CLR_PRC,1.86,3
2024-08-26T00:00:00-00:00,2024-08-26T01:00:00-00:00,2024-08-25,18,0,Hourly,RU,AS_CAISO,DAM,RU_CLR_PRC,0,3
2024-08-26T04:00:00-00:00,2024-08-26T05:00:00-00:00,2024-08-25,22,0,Hourly,RU,AS_CAISO,DAM,RU_CLR_PRC,0,3
2024-08-26T04:00:00-00:00,2024-08-26T05:00:00-00:00,2024-08-25,22,0,Hourly,RU,AS_NP26,DAM,RU_CLR_PRC,0,3
2024-08-26T05:00:00-00:00,2024-08-26T06:00:00-00:00,2024-08-25,23,0,Hourly,RU,AS_SP26,DAM,RU_CLR_PRC,0,3
2024-08-26T06:00:00-00:00,2024-08-26T07:00:00-00:00,2024-08-25,24,0,Hourly,RU,AS_NP26_EXP,DAM,RU_CLR_PRC,0,3
2024-08-25T07:00:00-00:00,2024-08-25T08:00:00-00:00,2024-08-25,1,0,Hourly,RU,AS_SP26,DAM,RU_CLR_PRC,0,3
2024-08-25T11:00:00-00:00,2024-08-25T12:00:00-00:00,2024-08-25,5,0,Hourly,RU,AS_NP26_EXP,DAM,RU_CLR_PRC,0,3
2024-08-25T11:00:00-00:00,2024-08-25T12:00:00-00:00,2024-08-25,5,0,Hourly,RU,AS_SP26,DAM,RU_CLR_PRC,0,3
2024-08-25T12:00:00-00:00,2024-08-25T13:00:00-00:00,2024-08-25,6,0,Hourly,RU,AS_NP26_EXP,DAM,RU_CLR_PRC,0,3
2024-08-25T13:00:00-00:00,2024-08-25T14:00:00-00:00,2024-08-25,7,0,Hourly,RU,AS_CAISO,DAM,RU_CLR_PRC,0,3
2024-08-25T15:00:00-00:00,2024-08-25T16:00:00-00:00,2024-08-25,9,0,Hourly,RU,AS_SP26_EXP,DAM,RU_CLR_PRC,0,3
2024-08-25T16:00:00-00:00,2024-08-25T17:00:00-00:00,2024-08-25,10,0,Hourly,RU,AS_NP26_EXP,DAM,RU_CLR_PRC,0.73891,3
2024-08-25T16:00:00-00:00,2024-08-25T17:00:00-00:00,2024-08-25,10,0,Hourly,RU,AS_SP26,DAM,RU_CLR_PRC,0,3
2024-08-25T17:00:00-00:00,2024-08-25T18:00:00-00:00,2024-08-25,11,0,Hourly,RU,AS_CAISO_EXP,DAM,RU_CLR_PRC,1.49146,3
2024-08-25T18:00:00-00:00,2024-08-25T19:00:00-00:00,2024-08-25,12,0,Hourly,RU,AS_NP26,DAM,RU_CLR_PRC,0,3
2024-08-25T18:00:00-00:00,2024-08-25T19:00:00-00:00,2024-08-25,12,0,Hourly,RU,AS_NP26_EXP,DAM,RU_CLR_PRC,0.31,3
2024-08-25T19:00:00-00:00,2024-08-25T20:00:00-00:00,2024-08-25,13,0,Hourly,RU,AS_CAISO_EXP,DAM,RU_CLR_PRC,0.51215,3
2024-08-25T22:00:00-00:00,2024-08-25T23:00:00-00:00,2024-08-25,16,0,Hourly,RU,AS_CAISO,DAM,RU_CLR_PRC,0,3
2024-08-25T23:00:00-00:00,2024-08-26T00:00:00-00:00,2024-08-25,17,0,Hourly,RU,AS_CAISO_EXP,DAM,RU_CLR_PRC,0.30675,3
2024-08-26T00:00:00-00:00,2024-08-26T01:00:00-00:00,2024-08-25,18,0,Hourly,RU,AS_SP26_EXP,DAM,RU_CLR_PRC,0,3
2024-08-26T01:00:00-00:00,2024-08-26T02:00:00-00:00,2024-08-25,19,0,Hourly,RU,AS_CAISO,DAM,RU_CLR_PRC,0,3
2024-08-26T02:00:00-00:00,2024-08-26T03:00:00-00:00,2024-08-25,20,0,Hourly,RU,AS_SP26_EXP,DAM,RU_CLR_PRC,0,3
2024-08-26T03:00:00-00:00,2024-08-26T04:00:00-00:00,2024-08-25,21,0,Hourly,RU,AS_SP26,DAM,RU_CLR_PRC,0,3
2024-08-26T04:00:00-00:00,2024-08-26T05:00:00-00:00,2024-08-25,22,0,Hourly,RU,AS_SP26_EXP,DAM,RU_CLR_PRC,0,3
2024-08-26T05:00:00-00:00,2024-08-26T06:00:00-00:00,2024-08-25,23,0,Hourly,RU,AS_NP26_EXP,DAM,RU_CLR_PRC,0.42928,3
2024-08-26T06:00:00-00:00,2024-08-26T07:00:00-00:00,2024-08-25,24,0,Hourly,RU,AS_CAISO_EXP,DAM,RU_CLR_PRC,4.17521,3
2024-08-25T07:00:00-00:00,2024-08-25T08:00:00-00:00,2024-08-25,1,0,Hourly,RU,AS_NP26_EXP,DAM,RU_CLR_PRC,0,3
2024-08-25T08:00:00-00:00,2024-08-25T09:00:00-00:00,2024-08-25,2,0,Hourly,RU,AS_CAISO,DAM,RU_CLR_PRC,0,3
2024-08-25T08:00:00-00:00,2024-08-25T09:00:00-00:00,2024-08-25,2,0,Hourly,RU,AS_NP26,DAM,RU_CLR_PRC,0,3
2024-08-25T08:00:00-00:00,2024-08-25T09:00:00-00:00,2024-08-25,2,0,Hourly,RU,AS_NP26_EXP,DAM,RU_CLR_PRC,0,3
2024-08-25T09:00:00-00:00,2024-08-25T10:00:00-00:00,2024-08-25,3,0,Hourly,RU,AS_CAISO_EXP,DAM,RU_CLR_PRC,0.64799,3
2024-08-25T09:00:00-00:00,2024-08-25T10:00:00-00:00,2024-08-25,3,0,Hourly,RU,AS_NP26,DAM,RU_CLR_PRC,0,3
2024-08-25T11:00:00-00:00,2024-08-25T12:00:00-00:00,2024-08-25,5,0,Hourly,RU,AS_CAISO_EXP,DAM,RU_CLR_PRC,0.7912,3
2024-08-25T12:00:00-00:00,2024-08-25T13:00:00-00:00,2024-08-25,6,0,Hourly,RU,AS_NP26,DAM,RU_CLR_PRC,0,3
2024-08-25T12:00:00-00:00,2024-08-25T13:00:00-00:00,2024-08-25,6,0,Hourly,RU,AS_SP26,DAM,RU_CLR_PRC,0,3
2024-08-25T14:00:00-00:00,2024-08-25T15:00:00-00:00,2024-08-25,8,0,Hourly,RU,AS_CAISO_EXP,DAM,RU_CLR_PRC,3.28235,3
2024-08-25T07:00:00-00:00,2024-08-25T08:00:00-00:00,2024-08-25,1,0,Hourly,RU,AS_CAISO,DAM,RU_CLR_PRC,0,3
2024-08-25T10:00:00-00:00,2024-08-25T11:00:00-00:00,2024-08-25,4,0,Hourly,RU,AS_NP26,DAM,RU_CLR_PRC,0,3
2024-08-25T10:00:00-00:00,2024-08-25T11:00:00-00:00,2024-08-25,4,0,Hourly,RU,AS_NP26_EXP,DAM,RU_CLR_PRC,0,3
2024-08-25T10:00:00-00:00,2024-08-25T11:00:00-00:00,2024-08-25,4,0,Hourly,RU,AS_SP26_EXP,DAM,RU_CLR_PRC,0,3
2024-08-25T11:00:00-00:00,2024-08-25T12:00:00-00:00,2024-08-25,5,0,Hourly,RU,AS_SP26_EXP,DAM,RU_CLR_PRC,0,3
2024-08-25T12:00:00-00:00,2024-08-25T13:00:00-00:00,2024-08-25,6,0,Hourly,RU,AS_SP26_EXP,DAM,RU_CLR_PRC,0,3
2024-08-25T14:00:00-00:00,2024-08-25T15:00:00-00:00,2024-08-25,8,0,Hourly,RU,AS_NP26,DAM,RU_CLR_PRC,0,3
2024-08-25T15:00:00-00:00,2024-08-25T16:00:00-00:00,2024-08-25,9,0,Hourly,RU,AS_NP26_EXP,DAM,RU_CLR_PRC,0.55262,3
2024-08-25T15:00:00-00:00,2024-08-25T16:00:00-00:00,2024-08-25,9,0,Hourly,RU,AS_SP26,DAM,RU_CLR_PRC,0,3
2024-08-25T17:00:00-00:00,2024-08-25T18:00:00-00:00,2024-08-25,11,0,Hourly,RU,AS_NP26_EXP,DAM,RU_CLR_PRC,0.66836,3
2024-08-25T18:00:00-00:00,2024-08-25T19:00:00-00:00,2024-08-25,12,0,Hourly,RU,AS_SP26_EXP,DAM,RU_CLR_PRC,0,3
2024-08-25T19:00:00-00:00,2024-08-25T20:00:00-00:00,2024-08-25,13,0,Hourly,RU,AS_CAISO,DAM,RU_CLR_PRC,0,3
2024-08-25T19:00:00-00:00,2024-08-25T20:00:00-00:00,2024-08-25,13,0,Hourly,RU,AS_NP26,DAM,RU_CLR_PRC,0,3
2024-08-25T21:00:00-00:00,2024-08-25T22:00:00-00:00,2024-08-25,15,0,Hourly,RU,AS_CAISO,DAM,RU_CLR_PRC,0,3
2024-08-25T21:00:00-00:00,2024-08-25T22:00:00-00:00,2024-08-25,15,0,Hourly,RU,AS_CAISO_EXP,DAM,RU_CLR_PRC,0.14,3
2024-08-25T21:00:00-00:00,2024-08-25T22:00:00-00:00,2024-08-25,15,0,Hourly,RU,AS_NP26_EXP,DAM,RU_CLR_PRC,1.86,3
2024-08-25T22:00:00-00:00,2024-08-25T23:00:00-00:00,2024-08-25,16,0,Hourly,RU,AS_SP26_EXP,DAM,RU_CLR_PRC,0,3
2024-08-25T23:00:00-00:00,2024-08-26T00:00:00-00:00,2024-08-25,17,0,Hourly,RU,AS_SP26,DAM,RU_CLR_PRC,0,3
2024-08-26T01:00:00-00:00,2024-08-26T02:00:00-00:00,2024-08-25,19,0,Hourly,RU,AS_NP26_EXP,DAM,RU_CLR_PRC,3.45659,3
2024-08-26T01:00:00-00:00,2024-08-26T02:00:00-00:00,2024-08-25,19,0,Hourly,RU,AS_SP26_EXP,DAM,RU_CLR_PRC,0,3
2024-08-26T03:00:00-00:00,2024-08-26T04:00:00-00:00,2024-08-25,21,0,Hourly,RU,AS_CAISO,DAM,RU_CLR_PRC,0,3
2024-08-26T03:00:00-00:00,2024-08-26T04:00:00-00:00,2024-08-25,21,0,Hourly,RU,AS_NP26_EXP,DAM,RU_CLR_PRC,0.13774,3
2024-08-26T05:00:00-00:00,2024-08-26T06:00:00-00:00,2024-08-25,23,0,Hourly,RU,AS_NP26,DAM,RU_CLR_PRC,0,3
2024-08-26T06:00:00-00:00,2024-08-26T07:00:00-00:00,2024-08-25,24,0,Hourly,RU,AS_CAISO,DAM,RU_CLR_PRC,0,3
2024-08-25T13:00:00-00:00,2024-08-25T14:00:00-00:00,2024-08-25,7,0,Hourly,RU,AS_SP26_EXP,DAM,RU_CLR_PRC,1.05862,3
2024-08-25T14:00:00-00:00,2024-08-25T15:00:00-00:00,2024-08-25,8,0,Hourly,RU,AS_CAISO,DAM,RU_CLR_PRC,0,3
2024-08-25T15:00:00-00:00,2024-08-25T16:00:00-00:00,2024-08-25,9,0,Hourly,RU,AS_CAISO_EXP,DAM,RU_CLR_PRC,1.44738,3
2024-08-25T17:00:00-00:00,2024-08-25T18:00:00-00:00,2024-08-25,11,0,Hourly,RU,AS_CAISO,DAM,RU_CLR_PRC,0,3
2024-08-25T17:00:00-00:00,2024-08-25T18:00:00-00:00,2024-08-25,11,0,Hourly,RU,AS_SP26,DAM,RU_CLR_PRC,0,3
2024-08-25T19:00:00-00:00,2024-08-25T20:00:00-00:00,2024-08-25,13,0,Hourly,RU,AS_SP26,DAM,RU_CLR_PRC,0,3
2024-08-25T20:00:00-00:00,2024-08-25T21:00:00-00:00,2024-08-25,14,0,Hourly,RU,AS_NP26_EXP,DAM,RU_CLR_PRC,1.35,3
2024-08-26T00:00:00-00:00,2024-08-26T01:00:00-00:00,2024-08-25,18,0,Hourly,RU,AS_NP26,DAM,RU_CLR_PRC,0,3
2024-08-26T00:00:00-00:00,2024-08-26T01:00:00-00:00,2024-08-25,18,0,Hourly,RU,AS_NP26_EXP,DAM,RU_CLR_PRC,4.65052,3
2024-08-26T01:00:00-00:00,2024-08-26T02:00:00-00:00,2024-08-25,19,0,Hourly,RU,AS_CAISO_EXP,DAM,RU_CLR_PRC,1.52755,3
2024-08-26T03:00:00-00:00,2024-08-26T04:00:00-00:00,2024-08-25,21,0,Hourly,RU,AS_NP26,DAM,RU_CLR_PRC,0,3
2024-08-26T04:00:00-00:00,2024-08-26T05:00:00-00:00,2024-08-25,22,0,Hourly,RU,AS_NP26_EXP,DAM,RU_CLR_PRC,1.17029,3
2024-08-26T05:00:00-00:00,2024-08-26T06:00:00-00:00,2024-08-25,23,0,Hourly,RU,AS_SP26_EXP,DAM,RU_CLR_PRC,0,3
2024-08-25T08:00:00-00:00,2024-08-25T09:00:00-00:00,2024-08-25,2,0,Hourly,RU,AS_SP26_EXP,DAM,RU_CLR_PRC,0,3
2024-08-25T10:00:00-00:00,2024-08-25T11:00:00-00:00,2024-08-25,4,0,Hourly,RU,AS_CAISO_EXP,DAM,RU_CLR_PRC,0.63,3
2024-08-25T12:00:00-00:00,2024-08-25T13:00:00-00:00,2024-08-25,6,0,Hourly,RU,AS_CAISO,DAM,RU_CLR_PRC,0,3
2024-08-25T13:00:00-00:00,2024-08-25T14:00:00-00:00,2024-08-25,7,0,Hourly,RU,AS_CAISO_EXP,DAM,RU_CLR_PRC,2.11507,3
2024-08-25T08:00:00-00:00,2024-08-25T09:00:00-00:00,2024-08-25,2,0,Hourly,RU,AS_SP26,DAM,RU_CLR_PRC,0,3
2024-08-26T08:00:00-00:00,2024-08-26T09:00:00-00:00,2024-08-26,2,0,Hourly,RU,AS_NP26,DAM,RU_CLR_PRC,0,4
2024-08-26T10:00:00-00:00,2024-08-26T11:00:00-00:00,2024-08-26,4,0,Hourly,RU,AS_NP26_EXP,DAM,RU_CLR_PRC,0.31,4
2024-08-26T10:00:00-00:00,2024-08-26T11:00:00-00:00,2024-08-26,4,0,Hourly,RU,AS_SP26_EXP,DAM,RU_CLR_PRC,0,4
2024-08-26T12:00:00-00:00,2024-08-26T13:00:00-00:00,2024-08-26,6,0,Hourly,RU,AS_SP26,DAM,RU_CLR_PRC,0,4
2024-08-26T13:00:00-00:00,2024-08-26T14:00:00-00:00,2024-08-26,7,0,Hourly,RU,AS_NP26,DAM,RU_CLR_PRC,0,4
2024-08-26T14:00:00-00:00,2024-08-26T15:00:00-00:00,2024-08-26,8,0,Hourly,RU,AS_SP26,DAM,RU_CLR_PRC,0,4
2024-08-26T15:00:00-00:00,2024-08-26T16:00:00-00:00,2024-08-26,9,0,Hourly,RU,AS_CAISO,DAM,RU_CLR_PRC,0,4
2024-08-26T15:00:00-00:00,2024-08-26T16:00:00-00:00,2024-08-26,9,0,Hourly,RU,AS_NP26,DAM,RU_CLR_PRC,0,4
2024-08-26T15:00:00-00:00,2024-08-26T16:00:00-00:00,2024-08-26,9,0,Hourly,RU,AS_NP26_EXP,DAM,RU_CLR_PRC,0.31,4
2024-08-26T15:00:00-00:00,2024-08-26T16:00:00-00:00,2024-08-26,9,0,Hourly,RU,AS_SP26_EXP,DAM,RU_CLR_PRC,0,4
2024-08-26T16:00:00-00:00,2024-08-26T17:00:00-00:00,2024-08-26,10,0,Hourly,RU,AS_NP26,DAM,RU_CLR_PRC,0,4
2024-08-26T17:00:00-00:00,2024-08-26T18:00:00-00:00,2024-08-26,11,0,Hourly,RU,AS_CAISO,DAM,RU_CLR_PRC,0,4
2024-08-26T19:00:00-00:00,2024-08-26T20:00:00-00:00,2024-08-26,13,0,Hourly,RU,AS_CAISO_EXP,DAM,RU_CLR_PRC,0.14,4
2024-08-26T19:00:00-00:00,2024-08-26T20:00:00-00:00,2024-08-26,13,0,Hourly,RU,AS_NP26_EXP,DAM,RU_CLR_PRC,0.8,4
2024-08-26T20:00:00-00:00,2024-08-26T21:00:00-00:00,2024-08-26,14,0,Hourly,RU,AS_CAISO_EXP,DAM,RU_CLR_PRC,0.14,4
2024-08-26T20:00:00-00:00,2024-08-26T21:00:00-00:00,2024-08-26,14,0,Hourly,RU,AS_NP26_EXP,DAM,RU_CLR_PRC,1.35,4
2024-08-26T21:00:00-00:00,2024-08-26T22:00:00-00:00,2024-08-26,15,0,Hourly,RU,AS_NP26_EXP,DAM,RU_CLR_PRC,1.98,4
2024-08-26T22:00:00-00:00,2024-08-26T23:00:00-00:00,2024-08-26,16,0,Hourly,RU,AS_CAISO_EXP,DAM,RU_CLR_PRC,0.26607,4
2024-08-26T23:00:00-00:00,2024-08-27T00:00:00-00:00,2024-08-26,17,0,Hourly,RU,AS_NP26,DAM,RU_CLR_PRC,0,4
2024-08-27T01:00:00-00:00,2024-08-27T02:00:00-00:00,2024-08-26,19,0,Hourly,RU,AS_CAISO_EXP,DAM,RU_CLR_PRC,5,4
2024-08-27T01:00:00-00:00,2024-08-27T02:00:00-00:00,2024-08-26,19,0,Hourly,RU,AS_NP26_EXP,DAM,RU_CLR_PRC,0,4
2024-08-27T03:00:00-00:00,2024-08-27T04:00:00-00:00,2024-08-26,21,0,Hourly,RU,AS_SP26_EXP,DAM,RU_CLR_PRC,0,4
2024-08-27T04:00:00-00:00,2024-08-27T05:00:00-00:00,2024-08-26,22,0,Hourly,RU,AS_CAISO_EXP,DAM,RU_CLR_PRC,1.67381,4
2024-08-27T04:00:00-00:00,2024-08-27T05:00:00-00:00,2024-08-26,22,0,Hourly,RU,AS_NP26,DAM,RU_CLR_PRC,0,4
2024-08-27T04:00:00-00:00,2024-08-27T05:00:00-00:00,2024-08-26,22,0,Hourly,RU,AS_SP26,DAM,RU_CLR_PRC,0,4
2024-08-26T08:00:00-00:00,2024-08-26T09:00:00-00:00,2024-08-26,2,0,Hourly,RU,AS_SP26,DAM,RU_CLR_PRC,0,4
2024-08-26T08:00:00-00:00,2024-08-26T09:00:00-00:00,2024-08-26,2,0,Hourly,RU,AS_SP26_EXP,DAM,RU_CLR_PRC,0,4
2024-08-26T09:00:00-00:00,2024-08-26T10:00:00-00:00,2024-08-26,3,0,Hourly,RU,AS_CAISO_EXP,DAM,RU_CLR_PRC,0.14,4
2024-08-26T09:00:00-00:00,2024-08-26T10:00:00-00:00,2024-08-26,3,0,Hourly,RU,AS_SP26_EXP,DAM,RU_CLR_PRC,0,4
2024-08-26T13:00:00-00:00,2024-08-26T14:00:00-00:00,2024-08-26,7,0,Hourly,RU,AS_SP26,DAM,RU_CLR_PRC,0,4
2024-08-26T14:00:00-00:00,2024-08-26T15:00:00-00:00,2024-08-26,8,0,Hourly,RU,AS_NP26,DAM,RU_CLR_PRC,0,4
2024-08-26T15:00:00-00:00,2024-08-26T16:00:00-00:00,2024-08-26,9,0,Hourly,RU,AS_SP26,DAM,RU_CLR_PRC,0,4
2024-08-26T19:00:00-00:00,2024-08-26T20:00:00-00:00,2024-08-26,13,0,Hourly,RU,AS_NP26,DAM,RU_CLR_PRC,0,4
2024-08-26T21:00:00-00:00,2024-08-26T22:00:00-00:00,2024-08-26,15,0,Hourly,RU,AS_CAISO,DAM,RU_CLR_PRC,0,4
2024-08-26T21:00:00-00:00,2024-08-26T22:00:00-00:00,2024-08-26,15,0,Hourly,RU,AS_CAISO_EXP,DAM,RU_CLR_PRC,0.14,4
2024-08-26T22:00:00-00:00,2024-08-26T23:00:00-00:00,2024-08-26,16,0,Hourly,RU,AS_CAISO,DAM,RU_CLR_PRC,0,4
2024-08-26T23:00:00-00:00,2024-08-27T00:00:00-00:00,2024-08-26,17,0,Hourly,RU,AS_CAISO,DAM,RU_CLR_PRC,0,4
2024-08-27T01:00:00-00:00,2024-08-27T02:00:00-00:00,2024-08-26,19,0,Hourly,RU,AS_NP26,DAM,RU_CLR_PRC,0,4
2024-08-27T01:00:00-00:00,2024-08-27T02:00:00-00:00,2024-08-26,19,0,Hourly,RU,AS_SP26_EXP,DAM,RU_CLR_PRC,0,4
2024-08-27T04:00:00-00:00,2024-08-27T05:00:00-00:00,2024-08-26,22,0,Hourly,RU,AS_NP26_EXP,DAM,RU_CLR_PRC,3.32619,4
2024-08-27T05:00:00-00:00,2024-08-27T06:00:00-00:00,2024-08-26,23,0,Hourly,RU,AS_CAISO_EXP,DAM,RU_CLR_PRC,3.895,4
2024-08-27T06:00:00-00:00,2024-08-27T07:00:00-00:00,2024-08-26,24,0,Hourly,RU,AS_SP26,DAM,RU_CLR_PRC,0,4
2024-08-26T08:00:00-00:00,2024-08-26T09:00:00-00:00,2024-08-26,2,0,Hourly,RU,AS_CAISO,DAM,RU_CLR_PRC,0,4
2024-08-26T10:00:00-00:00,2024-08-26T11:00:00-00:00,2024-08-26,4,0,Hourly,RU,AS_CAISO_EXP,DAM,RU_CLR_PRC,0.14,4
2024-08-26T16:00:00-00:00,2024-08-26T17:00:00-00:00,2024-08-26,10,0,Hourly,RU,AS_SP26_EXP,DAM,RU_CLR_PRC,0,4
2024-08-26T18:00:00-00:00,2024-08-26T19:00:00-00:00,2024-08-26,12,0,Hourly,RU,AS_SP26,DAM,RU_CLR_PRC,0,4
2024-08-26T18:00:00-00:00,2024-08-26T19:00:00-00:00,2024-08-26,12,0,Hourly,RU,AS_SP26_EXP,DAM,RU_CLR_PRC,0,4
2024-08-26T19:00:00-00:00,2024-08-26T20:00:00-00:00,2024-08-26,13,0,Hourly,RU,AS_CAISO,DAM,RU_CLR_PRC,0,4
2024-08-26T19:00:00-00:00,2024-08-26T20:00:00-00:00,2024-08-26,13,0,Hourly,RU,AS_SP26,DAM,RU_CLR_PRC,0,4
2024-08-26T20:00:00-00:00,2024-08-26T21:00:00-00:00,2024-08-26,14,0,Hourly,RU,AS_SP26,DAM,RU_CLR_PRC,0,4
2024-08-27T02:00:00-00:00,2024-08-27T03:00:00-00:00,2024-08-26,20,0,Hourly,RU,AS_SP26,DAM,RU_CLR_PRC,0,4
2024-08-26T07:00:00-00:00,2024-08-26T08:00:00-00:00,2024-08-26,1,0,Hourly,RU,AS_CAISO_EXP,DAM,RU_CLR_PRC,0.68023,4
2024-08-26T11:00:00-00:00,2024-08-26T12:00:00-00:00,2024-08-26,5,0,Hourly,RU,AS_CAISO,DAM,RU_CLR_PRC,0,4
2024-08-26T11:00:00-00:00,2024-08-26T12:00:00-00:00,2024-08-26,5,0,Hourly,RU,AS_NP26_EXP,DAM,RU_CLR_PRC,0,4
2024-08-26T12:00:00-00:00,2024-08-26T13:00:00-00:00,2024-08-26,6,0,Hourly,RU,AS_CAISO,DAM,RU_CLR_PRC,0,4
2024-08-26T12:00:00-00:00,2024-08-26T13:00:00-00:00,2024-08-26,6,0,Hourly,RU,AS_CAISO_EXP,DAM,RU_CLR_PRC,0.96137,4
2024-08-26T12:00:00-00:00,2024-08-26T13:00:00-00:00,2024-08-26,6,0,Hourly,RU,AS_NP26,DAM,RU_CLR_PRC,0,4
2024-08-26T14:00:00-00:00,2024-08-26T15:00:00-00:00,2024-08-26,8,0,Hourly,RU,AS_CAISO_EXP,DAM,RU_CLR_PRC,3.42405,4
2024-08-26T14:00:00-00:00,2024-08-26T15:00:00-00:00,2024-08-26,8,0,Hourly,RU,AS_NP26_EXP,DAM,RU_CLR_PRC,0,4
2024-08-26T15:00:00-00:00,2024-08-26T16:00:00-00:00,2024-08-26,9,0,Hourly,RU,AS_CAISO_EXP,DAM,RU_CLR_PRC,0.24,4
2024-08-26T16:00:00-00:00,2024-08-26T17:00:00-00:00,2024-08-26,10,0,Hourly,RU,AS_SP26,DAM,RU_CLR_PRC,0,4
2024-08-26T17:00:00-00:00,2024-08-26T18:00:00-00:00,2024-08-26,11,0,Hourly,RU,AS_NP26,DAM,RU_CLR_PRC,0,4
2024-08-26T18:00:00-00:00,2024-08-26T19:00:00-00:00,2024-08-26,12,0,Hourly,RU,AS_NP26_EXP,DAM,RU_CLR_PRC,0.86,4
2024-08-26T20:00:00-00:00,2024-08-26T21:00:00-00:00,2024-08-26,14,0,Hourly,RU,AS_NP26,DAM,RU_CLR_PRC,0,4
2024-08-26T20:00:00-00:00,2024-08-26T21:00:00-00:00,2024-08-26,14,0,Hourly,RU,AS_SP26_EXP,DAM,RU_CLR_PRC,0,4
2024-08-26T21:00:00-00:00,2024-08-26T22:00:00-00:00,2024-08-26,15,0,Hourly,RU,AS_SP26,DAM,RU_CLR_PRC,0,4
2024-08-26T22:00:00-00:00,2024-08-26T23:00:00-00:00,2024-08-26,16,0,Hourly,RU,AS_SP26,DAM,RU_CLR_PRC,0,4
2024-08-26T23:00:00-00:00,2024-08-27T00:00:00-00:00,2024-08-26,17,0,Hourly,RU,AS_NP26_EXP,DAM,RU_CLR_PRC,4.7369,4
2024-08-26T23:00:00-00:00,2024-08-27T00:00:00-00:00,2024-08-26,17,0,Hourly,RU,AS_SP26,DAM,RU_CLR_PRC,0,4
2024-08-27T00:00:00-00:00,2024-08-27T01:00:00-00:00,2024-08-26,18,0,Hourly,RU,AS_SP26_EXP,DAM,RU_CLR_PRC,0,4
2024-08-27T02:00:00-00:00,2024-08-27T03:00:00-00:00,2024-08-26,20,0,Hourly,RU,AS_CAISO,DAM,RU_CLR_PRC,0,4
2024-08-27T03:00:00-00:00,2024-08-27T04:00:00-00:00,2024-08-26,21,0,Hourly,RU,AS_CAISO_EXP,DAM,RU_CLR_PRC,2,4
2024-08-27T06:00:00-00:00,2024-08-27T07:00:00-00:00,2024-08-26,24,0,Hourly,RU,AS_NP26_EXP,DAM,RU_CLR_PRC,1,4
2024-08-27T06:00:00-00:00,2024-08-27T07:00:00-00:00,2024-08-26,24,0,Hourly,RU,AS_SP26_EXP,DAM,RU_CLR_PRC,0,4
2024-08-26T07:00:00-00:00,2024-08-26T08:00:00-00:00,2024-08-26,1,0,Hourly,RU,AS_SP26,DAM,RU_CLR_PRC,0,4
2024-08-26T07:00:00-00:00,2024-08-26T08:00:00-00:00,2024-08-26,1,0,Hourly,RU,AS_SP26_EXP,DAM,RU_CLR_PRC,0,4
2024-08-26T09:00:00-00:00,2024-08-26T10:00:00-00:00,2024-08-26,3,0,Hourly,RU,AS_NP26,DAM,RU_CLR_PRC,0,4
2024-08-26T09:00:00-00:00,2024-08-26T10:00:00-00:00,2024-08-26,3,0,Hourly,RU,AS_SP26,DAM,RU_CLR_PRC,0,4
2024-08-26T10:00:00-00:00,2024-08-26T11:00:00-00:00,2024-08-26,4,0,Hourly,RU,AS_CAISO,DAM,RU_CLR_PRC,0,4
2024-08-26T10:00:00-00:00,2024-08-26T11:00:00-00:00,2024-08-26,4,0,Hourly,RU,AS_NP26,DAM,RU_CLR_PRC,0,4
2024-08-26T10:00:00-00:00,2024-08-26T11:00:00-00:00,2024-08-26,4,0,Hourly,RU,AS_SP26,DAM,RU_CLR_PRC,0,4
2024-08-26T11:00:00-00:00,2024-08-26T12:00:00-00:00,2024-08-26,5,0,Hourly,RU,AS_NP26,DAM,RU_CLR_PRC,0,4
2024-08-26T11:00:00-00:00,2024-08-26T12:00:00-00:00,2024-08-26,5,0,Hourly,RU,AS_SP26_EXP,DAM,RU_CLR_PRC,0,4
2024-08-26T13:00:00-00:00,2024-08-26T14:00:00-00:00,2024-08-26,7,0,Hourly,RU,AS_CAISO,DAM,RU_CLR_PRC,0,4
2024-08-26T13:00:00-00:00,2024-08-26T14:00:00-00:00,2024-08-26,7,0,Hourly,RU,AS_SP26_EXP,DAM,RU_CLR_PRC,0,4
2024-08-26T14:00:00-00:00,2024-08-26T15:00:00-00:00,2024-08-26,8,0,Hourly,RU,AS_SP26_EXP,DAM,RU_CLR_PRC,0,4
2024-08-26T16:00:00-00:00,2024-08-26T17:00:00-00:00,2024-08-26,10,0,Hourly,RU,AS_CAISO_EXP,DAM,RU_CLR_PRC,0.76861,4
2024-08-26T17:00:00-00:00,2024-08-26T18:00:00-00:00,2024-08-26,11,0,Hourly,RU,AS_CAISO_EXP,DAM,RU_CLR_PRC,0.85364,4
2024-08-26T17:00:00-00:00,2024-08-26T18:00:00-00:00,2024-08-26,11,0,Hourly,RU,AS_NP26_EXP,DAM,RU_CLR_PRC,0.31,4
2024-08-26T18:00:00-00:00,2024-08-26T19:00:00-00:00,2024-08-26,12,0,Hourly,RU,AS_CAISO,DAM,RU_CLR_PRC,0,4
2024-08-26T18:00:00-00:00,2024-08-26T19:00:00-00:00,2024-08-26,12,0,Hourly,RU,AS_CAISO_EXP,DAM,RU_CLR_PRC,0.3833,4
2024-08-26T20:00:00-00:00,2024-08-26T21:00:00-00:00,2024-08-26,14,0,Hourly,RU,AS_CAISO,DAM,RU_CLR_PRC,0,4
2024-08-26T21:00:00-00:00,2024-08-26T22:00:00-00:00,2024-08-26,15,0,Hourly,RU,AS_NP26,DAM,RU_CLR_PRC,0,4
2024-08-26T22:00:00-00:00,2024-08-26T23:00:00-00:00,2024-08-26,16,0,Hourly,RU,AS_NP26,DAM,RU_CLR_PRC,0,4
2024-08-26T22:00:00-00:00,2024-08-26T23:00:00-00:00,2024-08-26,16,0,Hourly,RU,AS_NP26_EXP,DAM,RU_CLR_PRC,0.86,4
2024-08-27T00:00:00-00:00,2024-08-27T01:00:00-00:00,2024-08-26,18,0,Hourly,RU,AS_NP26,DAM,RU_CLR_PRC,0,4
2024-08-27T01:00:00-00:00,2024-08-27T02:00:00-00:00,2024-08-26,19,0,Hourly,RU,AS_CAISO,DAM,RU_CLR_PRC,0,4
2024-08-27T01:00:00-00:00,2024-08-27T02:00:00-00:00,2024-08-26,19,0,Hourly,RU,AS_SP26,DAM,RU_CLR_PRC,0,4
2024-08-27T02:00:00-00:00,2024-08-27T03:00:00-00:00,2024-08-26,20,0,Hourly,RU,AS_NP26,DAM,RU_CLR_PRC,0,4
2024-08-27T03:00:00-00:00,2024-08-27T04:00:00-00:00,2024-08-26,21,0,Hourly,RU,AS_NP26_EXP,DAM,RU_CLR_PRC,1.48875,4
2024-08-27T03:00:00-00:00,2024-08-27T04:00:00-00:00,2024-08-26,21,0,Hourly,RU,AS_SP26,DAM,RU_CLR_PRC,0,4
2024-08-27T04:00:00-00:00,2024-08-27T05:00:00-00:00,2024-08-26,22,0,Hourly,RU,AS_SP26_EXP,DAM,RU_CLR_PRC,0,4
2024-08-27T05:00:00-00:00,2024-08-27T06:00:00-00:00,2024-08-26,23,0,Hourly,RU,AS_SP26_EXP,DAM,RU_CLR_PRC,0,4
2024-08-26T07:00:00-00:00,2024-08-26T08:00:00-00:00,2024-08-26,1,0,Hourly,RU,AS_NP26,DAM,RU_CLR_PRC,0,4
2024-08-26T08:00:00-00:00,2024-08-26T09:00:00-00:00,2024-08-26,2,0,Hourly,RU,AS_CAISO_EXP,DAM,RU_CLR_PRC,0.88757,4
2024-08-26T08:00:00-00:00,2024-08-26T09:00:00-00:00,2024-08-26,2,0,Hourly,RU,AS_NP26_EXP,DAM,RU_CLR_PRC,1.11243,4
2024-08-26T09:00:00-00:00,2024-08-26T10:00:00-00:00,2024-08-26,3,0,Hourly,RU,AS_NP26_EXP,DAM,RU_CLR_PRC,0.31,4
2024-08-26T11:00:00-00:00,2024-08-26T12:00:00-00:00,2024-08-26,5,0,Hourly,RU,AS_CAISO_EXP,DAM,RU_CLR_PRC,0.45,4
2024-08-26T13:00:00-00:00,2024-08-26T14:00:00-00:00,2024-08-26,7,0,Hourly,RU,AS_NP26_EXP,DAM,RU_CLR_PRC,0,4
2024-08-26T16:00:00-00:00,2024-08-26T17:00:00-00:00,2024-08-26,10,0,Hourly,RU,AS_NP26_EXP,DAM,RU_CLR_PRC,1.20207,4
2024-08-27T00:00:00-00:00,2024-08-27T01:00:00-00:00,2024-08-26,18,0,Hourly,RU,AS_NP26_EXP,DAM,RU_CLR_PRC,4.30136,4
2024-08-27T03:00:00-00:00,2024-08-27T04:00:00-00:00,2024-08-26,21,0,Hourly,RU,AS_CAISO,DAM,RU_CLR_PRC,0,4
2024-08-27T03:00:00-00:00,2024-08-27T04:00:00-00:00,2024-08-26,21,0,Hourly,RU,AS_NP26,DAM,RU_CLR_PRC,0,4
2024-08-27T05:00:00-00:00,2024-08-27T06:00:00-00:00,2024-08-26,23,0,Hourly,RU,AS_CAISO,DAM,RU_CLR_PRC,0,4
2024-08-27T05:00:00-00:00,2024-08-27T06:00:00-00:00,2024-08-26,23,0,Hourly,RU,AS_NP26_EXP,DAM,RU_CLR_PRC,0,4
2024-08-27T05:00:00-00:00,2024-08-27T06:00:00-00:00,2024-08-26,23,0,Hourly,RU,AS_SP26,DAM,RU_CLR_PRC,0,4
2024-08-27T06:00:00-00:00,2024-08-27T07:00:00-00:00,2024-08-26,24,0,Hourly,RU,AS_CAISO_EXP,DAM,RU_CLR_PRC,4,4
2024-08-26T07:00:00-00:00,2024-08-26T08:00:00-00:00,2024-08-26,1,0,Hourly,RU,AS_NP26_EXP,DAM,RU_CLR_PRC,0,4
2024-08-26T16:00:00-00:00,2024-08-26T17:00:00-00:00,2024-08-26,10,0,Hourly,RU,AS_CAISO,DAM,RU_CLR_PRC,0,4
2024-08-26T17:00:00-00:00,2024-08-26T18:00:00-00:00,2024-08-26,11,0,Hourly,RU,AS_SP26_EXP,DAM,RU_CLR_PRC,0,4
2024-08-26T19:00:00-00:00,2024-08-26T20:00:00-00:00,2024-08-26,13,0,Hourly,RU,AS_SP26_EXP,DAM,RU_CLR_PRC,0,4
2024-08-26T21:00:00-00:00,2024-08-26T22:00:00-00:00,2024-08-26,15,0,Hourly,RU,AS_SP26_EXP,DAM,RU_CLR_PRC,0,4
2024-08-26T22:00:00-00:00,2024-08-26T23:00:00-00:00,2024-08-26,16,0,Hourly,RU,AS_SP26_EXP,DAM,RU_CLR_PRC,0,4
2024-08-26T23:00:00-00:00,2024-08-27T00:00:00-00:00,2024-08-26,17,0,Hourly,RU,AS_CAISO_EXP,DAM,RU_CLR_PRC,0.2631,4
2024-08-27T00:00:00-00:00,2024-08-27T01:00:00-00:00,2024-08-26,18,0,Hourly,RU,AS_CAISO_EXP,DAM,RU_CLR_PRC,0.69864,4
2024-08-27T02:00:00-00:00,2024-08-27T03:00:00-00:00,2024-08-26,20,0,Hourly,RU,AS_CAISO_EXP,DAM,RU_CLR_PRC,12.39,4
2024-08-27T05:00:00-00:00,2024-08-27T06:00:00-00:00,2024-08-26,23,0,Hourly,RU,AS_NP26,DAM,RU_CLR_PRC,0,4
2024-08-27T06:00:00-00:00,2024-08-27T07:00:00-00:00,2024-08-26,24,0,Hourly,RU,AS_CAISO,DAM,RU_CLR_PRC,0,4
2024-08-26T07:00:00-00:00,2024-08-26T08:00:00-00:00,2024-08-26,1,0,Hourly,RU,AS_CAISO,DAM,RU_CLR_PRC,0,4
2024-08-26T09:00:00-00:00,2024-08-26T10:00:00-00:00,2024-08-26,3,0,Hourly,RU,AS_CAISO,DAM,RU_CLR_PRC,0,4
2024-08-26T11:00:00-00:00,2024-08-26T12:00:00-00:00,2024-08-26,5,0,Hourly,RU,AS_SP26,DAM,RU_CLR_PRC,0,4
2024-08-26T12:00:00-00:00,2024-08-26T13:00:00-00:00,2024-08-26,6,0,Hourly,RU,AS_NP26_EXP,DAM,RU_CLR_PRC,0.55,4
2024-08-26T12:00:00-00:00,2024-08-26T13:00:00-00:00,2024-08-26,6,0,Hourly,RU,AS_SP26_EXP,DAM,RU_CLR_PRC,0,4
2024-08-26T13:00:00-00:00,2024-08-26T14:00:00-00:00,2024-08-26,7,0,Hourly,RU,AS_CAISO_EXP,DAM,RU_CLR_PRC,2,4
2024-08-26T14:00:00-00:00,2024-08-26T15:00:00-00:00,2024-08-26,8,0,Hourly,RU,AS_CAISO,DAM,RU_CLR_PRC,0,4
2024-08-26T17:00:00-00:00,2024-08-26T18:00:00-00:00,2024-08-26,11,0,Hourly,RU,AS_SP26,DAM,RU_CLR_PRC,0,4
2024-08-26T18:00:00-00:00,2024-08-26T19:00:00-00:00,2024-08-26,12,0,Hourly,RU,AS_NP26,DAM,RU_CLR_PRC,0,4
2024-08-26T23:00:00-00:00,2024-08-27T00:00:00-00:00,2024-08-26,17,0,Hourly,RU,AS_SP26_EXP,DAM,RU_CLR_PRC,0,4
2024-08-27T00:00:00-00:00,2024-08-27T01:00:00-00:00,2024-08-26,18,0,Hourly,RU,AS_CAISO,DAM,RU_CLR_PRC,0,4
2024-08-27T00:00:00-00:00,2024-08-27T01:00:00-00:00,2024-08-26,18,0,Hourly,RU,AS_SP26,DAM,RU_CLR_PRC,0,4
2024-08-27T02:00:00-00:00,2024-08-27T03:00:00-00:00,2024-08-26,20,0,Hourly,RU,AS_NP26_EXP,DAM,RU_CLR_PRC,0,4
2024-08-27T02:00:00-00:00,2024-08-27T03:00:00-00:00,2024-08-26,20,0,Hourly,RU,AS_SP26_EXP,DAM,RU_CLR_PRC,0,4
2024-08-27T04:00:00-00:00,2024-08-27T05:00:00-00:00,2024-08-26,22,0,Hourly,RU,AS_CAISO,DAM,RU_CLR_PRC,0,4
2024-08-27T06:00:00-00:00,2024-08-27T07:00:00-00:00,2024-08-26,24,0,Hourly,RU,AS_NP26,DAM,RU_CLR_PRC,0,4
2024-08-27T11:00:00-00:00,2024-08-27T12:00:00-00:00,2024-08-27,5,0,Hourly,RU,AS_NP26_EXP,DAM,RU_CLR_PRC,0.31,5
2024-08-27T12:00:00-00:00,2024-08-27T13:00:00-00:00,2024-08-27,6,0,Hourly,RU,AS_CAISO_EXP,DAM,RU_CLR_PRC,0.84802,5
2024-08-27T14:00:00-00:00,2024-08-27T15:00:00-00:00,2024-08-27,8,0,Hourly,RU,AS_CAISO,DAM,RU_CLR_PRC,0,5
2024-08-27T16:00:00-00:00,2024-08-27T17:00:00-00:00,2024-08-27,10,0,Hourly,RU,AS_NP26_EXP,DAM,RU_CLR_PRC,1.86,5
2024-08-27T19:00:00-00:00,2024-08-27T20:00:00-00:00,2024-08-27,13,0,Hourly,RU,AS_CAISO,DAM,RU_CLR_PRC,0,5
2024-08-27T21:00:00-00:00,2024-08-27T22:00:00-00:00,2024-08-27,15,0,Hourly,RU,AS_CAISO,DAM,RU_CLR_PRC,0,5
2024-08-27T22:00:00-00:00,2024-08-27T23:00:00-00:00,2024-08-27,16,0,Hourly,RU,AS_CAISO_EXP,DAM,RU_CLR_PRC,0.15771,5
2024-08-28T00:00:00-00:00,2024-08-28T01:00:00-00:00,2024-08-27,18,0,Hourly,RU,AS_CAISO,DAM,RU_CLR_PRC,0,5
2024-08-28T00:00:00-00:00,2024-08-28T01:00:00-00:00,2024-08-27,18,0,Hourly,RU,AS_CAISO_EXP,DAM,RU_CLR_PRC,1,5
2024-08-28T02:00:00-00:00,2024-08-28T03:00:00-00:00,2024-08-27,20,0,Hourly,RU,AS_CAISO,DAM,RU_CLR_PRC,0,5
2024-08-28T02:00:00-00:00,2024-08-28T03:00:00-00:00,2024-08-27,20,0,Hourly,RU,AS_SP26_EXP,DAM,RU_CLR_PRC,0,5
2024-08-28T03:00:00-00:00,2024-08-28T04:00:00-00:00,2024-08-27,21,0,Hourly,RU,AS_CAISO,DAM,RU_CLR_PRC,0,5
2024-08-28T06:00:00-00:00,2024-08-28T07:00:00-00:00,2024-08-27,24,0,Hourly,RU,AS_CAISO,DAM,RU_CLR_PRC,0,5
2024-08-27T07:00:00-00:00,2024-08-27T08:00:00-00:00,2024-08-27,1,0,Hourly,RU,AS_CAISO_EXP,DAM,RU_CLR_PRC,0.46749,5
2024-08-27T08:00:00-00:00,2024-08-27T09:00:00-00:00,2024-08-27,2,0,Hourly,RU,AS_CAISO,DAM,RU_CLR_PRC,0,5
2024-08-27T11:00:00-00:00,2024-08-27T12:00:00-00:00,2024-08-27,5,0,Hourly,RU,AS_CAISO,DAM,RU_CLR_PRC,0,5
2024-08-27T22:00:00-00:00,2024-08-27T23:00:00-00:00,2024-08-27,16,0,Hourly,RU,AS_SP26,DAM,RU_CLR_PRC,0,5
2024-08-27T23:00:00-00:00,2024-08-28T00:00:00-00:00,2024-08-27,17,0,Hourly,RU,AS_CAISO,DAM,RU_CLR_PRC,0,5
2024-08-28T00:00:00-00:00,2024-08-28T01:00:00-00:00,2024-08-27,18,0,Hourly,RU,AS_NP26,DAM,RU_CLR_PRC,0,5
2024-08-28T00:00:00-00:00,2024-08-28T01:00:00-00:00,2024-08-27,18,0,Hourly,RU,AS_SP26_EXP,DAM,RU_CLR_PRC,0,5
2024-08-28T01:00:00-00:00,2024-08-28T02:00:00-00:00,2024-08-27,19,0,Hourly,RU,AS_NP26,DAM,RU_CLR_PRC,0,5
2024-08-28T03:00:00-00:00,2024-08-28T04:00:00-00:00,2024-08-27,21,0,Hourly,RU,AS_NP26_EXP,DAM,RU_CLR_PRC,1.92296,5
2024-08-28T04:00:00-00:00,2024-08-28T05:00:00-00:00,2024-08-27,22,0,Hourly,RU,AS_CAISO_EXP,DAM,RU_CLR_PRC,5,5
2024-08-28T04:00:00-00:00,2024-08-28T05:00:00-00:00,2024-08-27,22,0,Hourly,RU,AS_NP26_EXP,DAM,RU_CLR_PRC,0,5
2024-08-28T04:00:00-00:00,2024-08-28T05:00:00-00:00,2024-08-27,22,0,Hourly,RU,AS_SP26,DAM,RU_CLR_PRC,0,5
2024-08-27T07:00:00-00:00,2024-08-27T08:00:00-00:00,2024-08-27,1,0,Hourly,RU,AS_SP26_EXP,DAM,RU_CLR_PRC,0,5
2024-08-27T12:00:00-00:00,2024-08-27T13:00:00-00:00,2024-08-27,6,0,Hourly,RU,AS_NP26_EXP,DAM,RU_CLR_PRC,0.55,5
2024-08-27T12:00:00-00:00,2024-08-27T13:00:00-00:00,2024-08-27,6,0,Hourly,RU,AS_SP26,DAM,RU_CLR_PRC,0,5
2024-08-27T14:00:00-00:00,2024-08-27T15:00:00-00:00,2024-08-27,8,0,Hourly,RU,AS_NP26_EXP,DAM,RU_CLR_PRC,0,5
2024-08-27T14:00:00-00:00,2024-08-27T15:00:00-00:00,2024-08-27,8,0,Hourly,RU,AS_SP26,DAM,RU_CLR_PRC,0,5
2024-08-27T15:00:00-00:00,2024-08-27T16:00:00-00:00,2024-08-27,9,0,Hourly,RU,AS_CAISO_EXP,DAM,RU_CLR_PRC,0.32,5
2024-08-27T16:00:00-00:00,2024-08-27T17:00:00-00:00,2024-08-27,10,0,Hourly,RU,AS_SP26_EXP,DAM,RU_CLR_PRC,0,5
2024-08-27T19:00:00-00:00,2024-08-27T20:00:00-00:00,2024-08-27,13,0,Hourly,RU,AS_NP26,DAM,RU_CLR_PRC,0,5
2024-08-27T20:00:00-00:00,2024-08-27T21:00:00-00:00,2024-08-27,14,0,Hourly,RU,AS_CAISO,DAM,RU_CLR_PRC,0,5
2024-08-27T21:00:00-00:00,2024-08-27T22:00:00-00:00,2024-08-27,15,0,Hourly,RU,AS_CAISO_EXP,DAM,RU_CLR_PRC,0.14,5
2024-08-27T21:00:00-00:00,2024-08-27T22:00:00-00:00,2024-08-27,15,0,Hourly,RU,AS_NP26_EXP,DAM,RU_CLR_PRC,0.88118,5
2024-08-28T01:00:00-00:00,2024-08-28T02:00:00-00:00,2024-08-27,19,0,Hourly,RU,AS_CAISO_EXP,DAM,RU_CLR_PRC,11.98,5
2024-08-28T03:00:00-00:00,2024-08-28T04:00:00-00:00,2024-08-27,21,0,Hourly,RU,AS_SP26,DAM,RU_CLR_PRC,0,5
2024-08-28T06:00:00-00:00,2024-08-28T07:00:00-00:00,2024-08-27,24,0,Hourly,RU,AS_SP26_EXP,DAM,RU_CLR_PRC,0,5
2024-08-27T20:00:00-00:00,2024-08-27T21:00:00-00:00,2024-08-27,14,0,Hourly,RU,AS_CAISO_EXP,DAM,RU_CLR_PRC,0.14,5
2024-08-27T21:00:00-00:00,2024-08-27T22:00:00-00:00,2024-08-27,15,0,Hourly,RU,AS_SP26,DAM,RU_CLR_PRC,0,5
2024-08-27T21:00:00-00:00,2024-08-27T22:00:00-00:00,2024-08-27,15,0,Hourly,RU,AS_SP26_EXP,DAM,RU_CLR_PRC,0,5
2024-08-27T22:00:00-00:00,2024-08-27T23:00:00-00:00,2024-08-27,16,0,Hourly,RU,AS_NP26_EXP,DAM,RU_CLR_PRC,0.90927,5
2024-08-27T23:00:00-00:00,2024-08-28T00:00:00-00:00,2024-08-27,17,0,Hourly,RU,AS_SP26_EXP,DAM,RU_CLR_PRC,0,5
2024-08-28T01:00:00-00:00,2024-08-28T02:00:00-00:00,2024-08-27,19,0,Hourly,RU,AS_NP26_EXP,DAM,RU_CLR_PRC,0,5
2024-08-28T02:00:00-00:00,2024-08-28T03:00:00-00:00,2024-08-27,20,0,Hourly,RU,AS_NP26_EXP,DAM,RU_CLR_PRC,0,5
2024-08-28T02:00:00-00:00,2024-08-28T03:00:00-00:00,2024-08-27,20,0,Hourly,RU,AS_SP26,DAM,RU_CLR_PRC,0,5
2024-08-28T03:00:00-00:00,2024-08-28T04:00:00-00:00,2024-08-27,21,0,Hourly,RU,AS_NP26,DAM,RU_CLR_PRC,0,5
2024-08-28T05:00:00-00:00,2024-08-28T06:00:00-00:00,2024-08-27,23,0,Hourly,RU,AS_CAISO_EXP,DAM,RU_CLR_PRC,1.5,5
2024-08-28T06:00:00-00:00,2024-08-28T07:00:00-00:00,2024-08-27,24,0,Hourly,RU,AS_CAISO_EXP,DAM,RU_CLR_PRC,2.42771,5
2024-08-28T06:00:00-00:00,2024-08-28T07:00:00-00:00,2024-08-27,24,0,Hourly,RU,AS_NP26_EXP,DAM,RU_CLR_PRC,2.20009,5
2024-08-27T07:00:00-00:00,2024-08-27T08:00:00-00:00,2024-08-27,1,0,Hourly,RU,AS_SP26,DAM,RU_CLR_PRC,0,5
2024-08-27T08:00:00-00:00,2024-08-27T09:00:00-00:00,2024-08-27,2,0,Hourly,RU,AS_NP26_EXP,DAM,RU_CLR_PRC,0,5
2024-08-27T10:00:00-00:00,2024-08-27T11:00:00-00:00,2024-08-27,4,0,Hourly,RU,AS_CAISO_EXP,DAM,RU_CLR_PRC,0.14,5
2024-08-27T10:00:00-00:00,2024-08-27T11:00:00-00:00,2024-08-27,4,0,Hourly,RU,AS_NP26,DAM,RU_CLR_PRC,0,5
2024-08-27T10:00:00-00:00,2024-08-27T11:00:00-00:00,2024-08-27,4,0,Hourly,RU,AS_NP26_EXP,DAM,RU_CLR_PRC,0.37,5
2024-08-27T11:00:00-00:00,2024-08-27T12:00:00-00:00,2024-08-27,5,0,Hourly,RU,AS_SP26_EXP,DAM,RU_CLR_PRC,0,5
2024-08-27T13:00:00-00:00,2024-08-27T14:00:00-00:00,2024-08-27,7,0,Hourly,RU,AS_CAISO,DAM,RU_CLR_PRC,0,5
2024-08-27T16:00:00-00:00,2024-08-27T17:00:00-00:00,2024-08-27,10,0,Hourly,RU,AS_CAISO_EXP,DAM,RU_CLR_PRC,0.14,5
2024-08-27T17:00:00-00:00,2024-08-27T18:00:00-00:00,2024-08-27,11,0,Hourly,RU,AS_SP26_EXP,DAM,RU_CLR_PRC,0,5
2024-08-27T18:00:00-00:00,2024-08-27T19:00:00-00:00,2024-08-27,12,0,Hourly,RU,AS_CAISO,DAM,RU_CLR_PRC,0,5
2024-08-27T18:00:00-00:00,2024-08-27T19:00:00-00:00,2024-08-27,12,0,Hourly,RU,AS_CAISO_EXP,DAM,RU_CLR_PRC,0.46489,5
2024-08-27T18:00:00-00:00,2024-08-27T19:00:00-00:00,2024-08-27,12,0,Hourly,RU,AS_NP26_EXP,DAM,RU_CLR_PRC,0.31,5
2024-08-27T19:00:00-00:00,2024-08-27T20:00:00-00:00,2024-08-27,13,0,Hourly,RU,AS_SP26,DAM,RU_CLR_PRC,0,5
2024-08-27T07:00:00-00:00,2024-08-27T08:00:00-00:00,2024-08-27,1,0,Hourly,RU,AS_NP26,DAM,RU_CLR_PRC,0,5
2024-08-27T09:00:00-00:00,2024-08-27T10:00:00-00:00,2024-08-27,3,0,Hourly,RU,AS_CAISO,DAM,RU_CLR_PRC,0,5
2024-08-27T09:00:00-00:00,2024-08-27T10:00:00-00:00,2024-08-27,3,0,Hourly,RU,AS_NP26_EXP,DAM,RU_CLR_PRC,0,5
2024-08-27T10:00:00-00:00,2024-08-27T11:00:00-00:00,2024-08-27,4,0,Hourly,RU,AS_SP26_EXP,DAM,RU_CLR_PRC,0,5
2024-08-27T13:00:00-00:00,2024-08-27T14:00:00-00:00,2024-08-27,7,0,Hourly,RU,AS_SP26,DAM,RU_CLR_PRC,0,5
2024-08-27T13:00:00-00:00,2024-08-27T14:00:00-00:00,2024-08-27,7,0,Hourly,RU,AS_SP26_EXP,DAM,RU_CLR_PRC,0,5
2024-08-27T15:00:00-00:00,2024-08-27T16:00:00-00:00,2024-08-27,9,0,Hourly,RU,AS_CAISO,DAM,RU_CLR_PRC,0,5
2024-08-27T15:00:00-00:00,2024-08-27T16:00:00-00:00,2024-08-27,9,0,Hourly,RU,AS_SP26,DAM,RU_CLR_PRC,0,5
2024-08-27T18:00:00-00:00,2024-08-27T19:00:00-00:00,2024-08-27,12,0,Hourly,RU,AS_SP26_EXP,DAM,RU_CLR_PRC,0,5
2024-08-27T23:00:00-00:00,2024-08-28T00:00:00-00:00,2024-08-27,17,0,Hourly,RU,AS_SP26,DAM,RU_CLR_PRC,0,5
2024-08-28T00:00:00-00:00,2024-08-28T01:00:00-00:00,2024-08-27,18,0,Hourly,RU,AS_NP26_EXP,DAM,RU_CLR_PRC,4,5
2024-08-28T01:00:00-00:00,2024-08-28T02:00:00-00:00,2024-08-27,19,0,Hourly,RU,AS_SP26_EXP,DAM,RU_CLR_PRC,0,5
2024-08-28T02:00:00-00:00,2024-08-28T03:00:00-00:00,2024-08-27,20,0,Hourly,RU,AS_NP26,DAM,RU_CLR_PRC,0,5
2024-08-28T04:00:00-00:00,2024-08-28T05:00:00-00:00,2024-08-27,22,0,Hourly,RU,AS_NP26,DAM,RU_CLR_PRC,0,5
2024-08-28T04:00:00-00:00,2024-08-28T05:00:00-00:00,2024-08-27,22,0,Hourly,RU,AS_SP26_EXP,DAM,RU_CLR_PRC,0,5
2024-08-28T05:00:00-00:00,2024-08-28T06:00:00-00:00,2024-08-27,23,0,Hourly,RU,AS_SP26,DAM,RU_CLR_PRC,0,5
2024-08-27T07:00:00-00:00,2024-08-27T08:00:00-00:00,2024-08-27,1,0,Hourly,RU,AS_NP26_EXP,DAM,RU_CLR_PRC,0.53143,5
2024-08-27T09:00:00-00:00,2024-08-27T10:00:00-00:00,2024-08-27,3,0,Hourly,RU,AS_SP26_EXP,DAM,RU_CLR_PRC,0,5
2024-08-27T13:00:00-00:00,2024-08-27T14:00:00-00:00,2024-08-27,7,0,Hourly,RU,AS_NP26,DAM,RU_CLR_PRC,0,5
2024-08-27T13:00:00-00:00,2024-08-27T14:00:00-00:00,2024-08-27,7,0,Hourly,RU,AS_NP26_EXP,DAM,RU_CLR_PRC,0.55,5
2024-08-27T14:00:00-00:00,2024-08-27T15:00:00-00:00,2024-08-27,8,0,Hourly,RU,AS_CAISO_EXP,DAM,RU_CLR_PRC,2.33,5
2024-08-27T16:00:00-00:00,2024-08-27T17:00:00-00:00,2024-08-27,10,0,Hourly,RU,AS_CAISO,DAM,RU_CLR_PRC,0,5
2024-08-27T16:00:00-00:00,2024-08-27T17:00:00-00:00,2024-08-27,10,0,Hourly,RU,AS_SP26,DAM,RU_CLR_PRC,0,5
2024-08-27T17:00:00-00:00,2024-08-27T18:00:00-00:00,2024-08-27,11,0,Hourly,RU,AS_NP26_EXP,DAM,RU_CLR_PRC,0.31,5
2024-08-27T20:00:00-00:00,2024-08-27T21:00:00-00:00,2024-08-27,14,0,Hourly,RU,AS_NP26_EXP,DAM,RU_CLR_PRC,0.86,5
2024-08-27T20:00:00-00:00,2024-08-27T21:00:00-00:00,2024-08-27,14,0,Hourly,RU,AS_SP26,DAM,RU_CLR_PRC,0,5
2024-08-27T21:00:00-00:00,2024-08-27T22:00:00-00:00,2024-08-27,15,0,Hourly,RU,AS_NP26,DAM,RU_CLR_PRC,0,5
2024-08-27T22:00:00-00:00,2024-08-27T23:00:00-00:00,2024-08-27,16,0,Hourly,RU,AS_CAISO,DAM,RU_CLR_PRC,0,5
2024-08-27T22:00:00-00:00,2024-08-27T23:00:00-00:00,2024-08-27,16,0,Hourly,RU,AS_SP26_EXP,DAM,RU_CLR_PRC,0,5
2024-08-27T23:00:00-00:00,2024-08-28T00:00:00-00:00,2024-08-27,17,0,Hourly,RU,AS_NP26,DAM,RU_CLR_PRC,0,5
2024-08-28T03:00:00-00:00,2024-08-28T04:00:00-00:00,2024-08-27,21,0,Hourly,RU,AS_SP26_EXP,DAM,RU_CLR_PRC,0,5
2024-08-28T05:00:00-00:00,2024-08-28T06:00:00-00:00,2024-08-27,23,0,Hourly,RU,AS_NP26_EXP,DAM,RU_CLR_PRC,1.465,5
2024-08-28T05:00:00-00:00,2024-08-28T06:00:00-00:00,2024-08-27,23,0,Hourly,RU,AS_SP26_EXP,DAM,RU_CLR_PRC,0,5
2024-08-27T08:00:00-00:00,2024-08-27T09:00:00-00:00,2024-08-27,2,0,Hourly,RU,AS_SP26,DAM,RU_CLR_PRC,0,5
2024-08-27T09:00:00-00:00,2024-08-27T10:00:00-00:00,2024-08-27,3,0,Hourly,RU,AS_CAISO_EXP,DAM,RU_CLR_PRC,0.78595,5
2024-08-27T11:00:00-00:00,2024-08-27T12:00:00-00:00,2024-08-27,5,0,Hourly,RU,AS_CAISO_EXP,DAM,RU_CLR_PRC,0.14,5
2024-08-27T12:00:00-00:00,2024-08-27T13:00:00-00:00,2024-08-27,6,0,Hourly,RU,AS_NP26,DAM,RU_CLR_PRC,0,5
2024-08-27T12:00:00-00:00,2024-08-27T13:00:00-00:00,2024-08-27,6,0,Hourly,RU,AS_SP26_EXP,DAM,RU_CLR_PRC,0,5
2024-08-27T14:00:00-00:00,2024-08-27T15:00:00-00:00,2024-08-27,8,0,Hourly,RU,AS_SP26_EXP,DAM,RU_CLR_PRC,1.57061,5
2024-08-27T15:00:00-00:00,2024-08-27T16:00:00-00:00,2024-08-27,9,0,Hourly,RU,AS_NP26_EXP,DAM,RU_CLR_PRC,0.31,5
2024-08-27T15:00:00-00:00,2024-08-27T16:00:00-00:00,2024-08-27,9,0,Hourly,RU,AS_SP26_EXP,DAM,RU_CLR_PRC,0.06997,5
2024-08-27T17:00:00-00:00,2024-08-27T18:00:00-00:00,2024-08-27,11,0,Hourly,RU,AS_CAISO,DAM,RU_CLR_PRC,0,5
2024-08-27T17:00:00-00:00,2024-08-27T18:00:00-00:00,2024-08-27,11,0,Hourly,RU,AS_SP26,DAM,RU_CLR_PRC,0,5
2024-08-27T19:00:00-00:00,2024-08-27T20:00:00-00:00,2024-08-27,13,0,Hourly,RU,AS_CAISO_EXP,DAM,RU_CLR_PRC,0.14,5
2024-08-27T19:00:00-00:00,2024-08-27T20:00:00-00:00,2024-08-27,13,0,Hourly,RU,AS_NP26_EXP,DAM,RU_CLR_PRC,0.31,5
2024-08-27T20:00:00-00:00,2024-08-27T21:00:00-00:00,2024-08-27,14,0,Hourly,RU,AS_NP26,DAM,RU_CLR_PRC,0,5
2024-08-27T22:00:00-00:00,2024-08-27T23:00:00-00:00,2024-08-27,16,0,Hourly,RU,AS_NP26,DAM,RU_CLR_PRC,0,5
2024-08-28T01:00:00-00:00,2024-08-28T02:00:00-00:00,2024-08-27,19,0,Hourly,RU,AS_CAISO,DAM,RU_CLR_PRC,0,5
2024-08-28T02:00:00-00:00,2024-08-28T03:00:00-00:00,2024-08-27,20,0,Hourly,RU,AS_CAISO_EXP,DAM,RU_CLR_PRC,20.74,5
2024-08-28T04:00:00-00:00,2024-08-28T05:00:00-00:00,2024-08-27,22,0,Hourly,RU,AS_CAISO,DAM,RU_CLR_PRC,0,5
2024-08-28T06:00:00-00:00,2024-08-28T07:00:00-00:00,2024-08-27,24,0,Hourly,RU,AS_NP26,DAM,RU_CLR_PRC,0,5
2024-08-28T06:00:00-00:00,2024-08-28T07:00:00-00:00,2024-08-27,24,0,Hourly,RU,AS_SP26,DAM,RU_CLR_PRC,0,5
2024-08-27T07:00:00-00:00,2024-08-27T08:00:00-00:00,2024-08-27,1,0,Hourly,RU,AS_CAISO,DAM,RU_CLR_PRC,0,5
2024-08-27T08:00:00-00:00,2024-08-27T09:00:00-00:00,2024-08-27,2,0,Hourly,RU,AS_CAISO_EXP,DAM,RU_CLR_PRC,0.80736,5
2024-08-27T08:00:00-00:00,2024-08-27T09:00:00-00:00,2024-08-27,2,0,Hourly,RU,AS_NP26,DAM,RU_CLR_PRC,0,5
2024-08-27T08:00:00-00:00,2024-08-27T09:00:00-00:00,2024-08-27,2,0,Hourly,RU,AS_SP26_EXP,DAM,RU_CLR_PRC,0,5
2024-08-27T09:00:00-00:00,2024-08-27T10:00:00-00:00,2024-08-27,3,0,Hourly,RU,AS_NP26,DAM,RU_CLR_PRC,0,5
2024-08-27T09:00:00-00:00,2024-08-27T10:00:00-00:00,2024-08-27,3,0,Hourly,RU,AS_SP26,DAM,RU_CLR_PRC,0,5
2024-08-27T10:00:00-00:00,2024-08-27T11:00:00-00:00,2024-08-27,4,0,Hourly,RU,AS_CAISO,DAM,RU_CLR_PRC,0,5
2024-08-27T10:00:00-00:00,2024-08-27T11:00:00-00:00,2024-08-27,4,0,Hourly,RU,AS_SP26,DAM,RU_CLR_PRC,0,5
2024-08-27T11:00:00-00:00,2024-08-27T12:00:00-00:00,2024-08-27,5,0,Hourly,RU,AS_NP26,DAM,RU_CLR_PRC,0,5
2024-08-27T12:00:00-00:00,2024-08-27T13:00:00-00:00,2024-08-27,6,0,Hourly,RU,AS_CAISO,DAM,RU_CLR_PRC,0,5
2024-08-27T15:00:00-00:00,2024-08-27T16:00:00-00:00,2024-08-27,9,0,Hourly,RU,AS_NP26,DAM,RU_CLR_PRC,0,5
2024-08-27T16:00:00-00:00,2024-08-27T17:00:00-00:00,2024-08-27,10,0,Hourly,RU,AS_NP26,DAM,RU_CLR_PRC,0,5
2024-08-27T17:00:00-00:00,2024-08-27T18:00:00-00:00,2024-08-27,11,0,Hourly,RU,AS_CAISO_EXP,DAM,RU_CLR_PRC,0.32,5
2024-08-27T17:00:00-00:00,2024-08-27T18:00:00-00:00,2024-08-27,11,0,Hourly,RU,AS_NP26,DAM,RU_CLR_PRC,0,5
2024-08-27T18:00:00-00:00,2024-08-27T19:00:00-00:00,2024-08-27,12,0,Hourly,RU,AS_NP26,DAM,RU_CLR_PRC,0,5
2024-08-27T23:00:00-00:00,2024-08-28T00:00:00-00:00,2024-08-27,17,0,Hourly,RU,AS_CAISO_EXP,DAM,RU_CLR_PRC,0.80284,5
2024-08-27T23:00:00-00:00,2024-08-28T00:00:00-00:00,2024-08-27,17,0,Hourly,RU,AS_NP26_EXP,DAM,RU_CLR_PRC,4.19716,5
2024-08-28T00:00:00-00:00,2024-08-28T01:00:00-00:00,2024-08-27,18,0,Hourly,RU,AS_SP26,DAM,RU_CLR_PRC,0,5
2024-08-28T01:00:00-00:00,2024-08-28T02:00:00-00:00,2024-08-27,19,0,Hourly,RU,AS_SP26,DAM,RU_CLR_PRC,0,5
2024-08-28T03:00:00-00:00,2024-08-28T04:00:00-00:00,2024-08-27,21,0,Hourly,RU,AS_CAISO_EXP,DAM,RU_CLR_PRC,6.53704,5
2024-08-28T05:00:00-00:00,2024-08-28T06:00:00-00:00,2024-08-27,23,0,Hourly,RU,AS_CAISO,DAM,RU_CLR_PRC,0,5
2024-08-28T05:00:00-00:00,2024-08-28T06:00:00-00:00,2024-08-27,23,0,Hourly,RU,AS_NP26,DAM,RU_CLR_PRC,0,5
2024-08-27T11:00:00-00:00,2024-08-27T12:00:00-00:00,2024-08-27,5,0,Hourly,RU,AS_SP26,DAM,RU_CLR_PRC,0,5
2024-08-27T13:00:00-00:00,2024-08-27T14:00:00-00:00,2024-08-27,7,0,Hourly,RU,AS_CAISO_EXP,DAM,RU_CLR_PRC,0.9131,5
2024-08-27T14:00:00-00:00,2024-08-27T15:00:00-00:00,2024-08-27,8,0,Hourly,RU,AS_NP26,DAM,RU_CLR_PRC,0,5
2024-08-27T18:00:00-00:00,2024-08-27T19:00:00-00:00,2024-08-27,12,0,Hourly,RU,AS_SP26,DAM,RU_CLR_PRC,0,5
2024-08-27T19:00:00-00:00,2024-08-27T20:00:00-00:00,2024-08-27,13,0,Hourly,RU,AS_SP26_EXP,DAM,RU_CLR_PRC,0,5
2024-08-27T20:00:00-00:00,2024-08-27T21:00:00-00:00,2024-08-27,14,0,Hourly,RU,AS_SP26_EXP,DAM,RU_CLR_PRC,0,5
2024-08-28T09:00:00-00:00,2024-08-28T10:00:00-00:00,2024-08-28,3,0,Hourly,RU,AS_SP26_EXP,DAM,RU_CLR_PRC,0,6
2024-08-28T10:00:00-00:00,2024-08-28T11:00:00-00:00,2024-08-28,4,0,Hourly,RU,AS_CAISO_EXP,DAM,RU_CLR_PRC,0.38339,6
2024-08-28T10:00:00-00:00,2024-08-28T11:00:00-00:00,2024-08-28,4,0,Hourly,RU,AS_SP26,DAM,RU_CLR_PRC,0,6
2024-08-28T12:00:00-00:00,2024-08-28T13:00:00-00:00,2024-08-28,6,0,Hourly,RU,AS_CAISO_EXP,DAM,RU_CLR_PRC,0.23342,6
2024-08-28T12:00:00-00:00,2024-08-28T13:00:00-00:00,2024-08-28,6,0,Hourly,RU,AS_NP26,DAM,RU_CLR_PRC,0,6
2024-08-28T13:00:00-00:00,2024-08-28T14:00:00-00:00,2024-08-28,7,0,Hourly,RU,AS_CAISO,DAM,RU_CLR_PRC,0,6
2024-08-28T14:00:00-00:00,2024-08-28T15:00:00-00:00,2024-08-28,8,0,Hourly,RU,AS_NP26,DAM,RU_CLR_PRC,0,6
2024-08-28T14:00:00-00:00,2024-08-28T15:00:00-00:00,2024-08-28,8,0,Hourly,RU,AS_SP26_EXP,DAM,RU_CLR_PRC,0,6
2024-08-28T17:00:00-00:00,2024-08-28T18:00:00-00:00,2024-08-28,11,0,Hourly,RU,AS_NP26,DAM,RU_CLR_PRC,0,6
2024-08-28T19:00:00-00:00,2024-08-28T20:00:00-00:00,2024-08-28,13,0,Hourly,RU,AS_CAISO,DAM,RU_CLR_PRC,0,6
2024-08-28T20:00:00-00:00,2024-08-28T21:00:00-00:00,2024-08-28,14,0,Hourly,RU,AS_CAISO_EXP,DAM,RU_CLR_PRC,0.14,6
2024-08-28T21:00:00-00:00,2024-08-28T22:00:00-00:00,2024-08-28,15,0,Hourly,RU,AS_CAISO,DAM,RU_CLR_PRC,0,6
2024-08-28T22:00:00-00:00,2024-08-28T23:00:00-00:00,2024-08-28,16,0,Hourly,RU,AS_NP26,DAM,RU_CLR_PRC,0,6
2024-08-29T00:00:00-00:00,2024-08-29T01:00:00-00:00,2024-08-28,18,0,Hourly,RU,AS_NP26,DAM,RU_CLR_PRC,0,6
2024-08-29T04:00:00-00:00,2024-08-29T05:00:00-00:00,2024-08-28,22,0,Hourly,RU,AS_SP26,DAM,RU_CLR_PRC,0,6
2024-08-29T05:00:00-00:00,2024-08-29T06:00:00-00:00,2024-08-28,23,0,Hourly,RU,AS_CAISO,DAM,RU_CLR_PRC,0,6
2024-08-29T01:00:00-00:00,2024-08-29T02:00:00-00:00,2024-08-28,19,0,Hourly,RU,AS_CAISO,DAM,RU_CLR_PRC,0,6
2024-08-29T01:00:00-00:00,2024-08-29T02:00:00-00:00,2024-08-28,19,0,Hourly,RU,AS_NP26_EXP,DAM,RU_CLR_PRC,0,6
2024-08-29T02:00:00-00:00,2024-08-29T03:00:00-00:00,2024-08-28,20,0,Hourly,RU,AS_CAISO_EXP,DAM,RU_CLR_PRC,7.52,6
2024-08-29T02:00:00-00:00,2024-08-29T03:00:00-00:00,2024-08-28,20,0,Hourly,RU,AS_SP26,DAM,RU_CLR_PRC,0,6
2024-08-29T03:00:00-00:00,2024-08-29T04:00:00-00:00,2024-08-28,21,0,Hourly,RU,AS_NP26,DAM,RU_CLR_PRC,0,6
2024-08-29T03:00:00-00:00,2024-08-29T04:00:00-00:00,2024-08-28,21,0,Hourly,RU,AS_SP26_EXP,DAM,RU_CLR_PRC,0,6
2024-08-29T06:00:00-00:00,2024-08-29T07:00:00-00:00,2024-08-28,24,0,Hourly,RU,AS_CAISO,DAM,RU_CLR_PRC,0,6
2024-08-29T06:00:00-00:00,2024-08-29T07:00:00-00:00,2024-08-28,24,0,Hourly,RU,AS_CAISO_EXP,DAM,RU_CLR_PRC,4.26,6
2024-08-29T05:00:00-00:00,2024-08-29T06:00:00-00:00,2024-08-28,23,0,Hourly,RU,AS_CAISO_EXP,DAM,RU_CLR_PRC,2.61591,6
2024-08-29T05:00:00-00:00,2024-08-29T06:00:00-00:00,2024-08-28,23,0,Hourly,RU,AS_NP26_EXP,DAM,RU_CLR_PRC,0,6
2024-08-29T06:00:00-00:00,2024-08-29T07:00:00-00:00,2024-08-28,24,0,Hourly,RU,AS_SP26_EXP,DAM,RU_CLR_PRC,0,6
2024-08-28T08:00:00-00:00,2024-08-28T09:00:00-00:00,2024-08-28,2,0,Hourly,RU,AS_SP26,DAM,RU_CLR_PRC,0,6
2024-08-28T09:00:00-00:00,2024-08-28T10:00:00-00:00,2024-08-28,3,0,Hourly,RU,AS_NP26_EXP,DAM,RU_CLR_PRC,0,6
2024-08-28T10:00:00-00:00,2024-08-28T11:00:00-00:00,2024-08-28,4,0,Hourly,RU,AS_SP26_EXP,DAM,RU_CLR_PRC,0,6
2024-08-28T11:00:00-00:00,2024-08-28T12:00:00-00:00,2024-08-28,5,0,Hourly,RU,AS_NP26_EXP,DAM,RU_CLR_PRC,0.31,6
2024-08-28T11:00:00-00:00,2024-08-28T12:00:00-00:00,2024-08-28,5,0,Hourly,RU,AS_SP26_EXP,DAM,RU_CLR_PRC,0,6
2024-08-28T13:00:00-00:00,2024-08-28T14:00:00-00:00,2024-08-28,7,0,Hourly,RU,AS_SP26,DAM,RU_CLR_PRC,0,6
2024-08-28T16:00:00-00:00,2024-08-28T17:00:00-00:00,2024-08-28,10,0,Hourly,RU,AS_NP26,DAM,RU_CLR_PRC,0,6
2024-08-28T17:00:00-00:00,2024-08-28T18:00:00-00:00,2024-08-28,11,0,Hourly,RU,AS_CAISO,DAM,RU_CLR_PRC,0,6
2024-08-28T17:00:00-00:00,2024-08-28T18:00:00-00:00,2024-08-28,11,0,Hourly,RU,AS_CAISO_EXP,DAM,RU_CLR_PRC,0.14,6
2024-08-28T17:00:00-00:00,2024-08-28T18:00:00-00:00,2024-08-28,11,0,Hourly,RU,AS_SP26,DAM,RU_CLR_PRC,0,6
2024-08-28T18:00:00-00:00,2024-08-28T19:00:00-00:00,2024-08-28,12,0,Hourly,RU,AS_NP26,DAM,RU_CLR_PRC,0,6
2024-08-28T20:00:00-00:00,2024-08-28T21:00:00-00:00,2024-08-28,14,0,Hourly,RU,AS_CAISO,DAM,RU_CLR_PRC,0,6
2024-08-28T21:00:00-00:00,2024-08-28T22:00:00-00:00,2024-08-28,15,0,Hourly,RU,AS_SP26_EXP,DAM,RU_CLR_PRC,0,6
2024-08-29T00:00:00-00:00,2024-08-29T01:00:00-00:00,2024-08-28,18,0,Hourly,RU,AS_SP26_EXP,DAM,RU_CLR_PRC,0,6
2024-08-29T02:00:00-00:00,2024-08-29T03:00:00-00:00,2024-08-28,20,0,Hourly,RU,AS_NP26_EXP,DAM,RU_CLR_PRC,0,6
2024-08-29T03:00:00-00:00,2024-08-29T04:00:00-00:00,2024-08-28,21,0,Hourly,RU,AS_CAISO,DAM,RU_CLR_PRC,0,6
2024-08-29T03:00:00-00:00,2024-08-29T04:00:00-00:00,2024-08-28,21,0,Hourly,RU,AS_NP26_EXP,DAM,RU_CLR_PRC,0.82772,6
2024-08-28T07:00:00-00:00,2024-08-28T08:00:00-00:00,2024-08-28,1,0,Hourly,RU,AS_SP26,DAM,RU_CLR_PRC,0,6
2024-08-28T08:00:00-00:00,2024-08-28T09:00:00-00:00,2024-08-28,2,0,Hourly,RU,AS_CAISO_EXP,DAM,RU_CLR_PRC,0.7656,6
2024-08-28T09:00:00-00:00,2024-08-28T10:00:00-00:00,2024-08-28,3,0,Hourly,RU,AS_CAISO_EXP,DAM,RU_CLR_PRC,0.73585,6
2024-08-28T11:00:00-00:00,2024-08-28T12:00:00-00:00,2024-08-28,5,0,Hourly,RU,AS_CAISO_EXP,DAM,RU_CLR_PRC,0.14,6
2024-08-28T15:00:00-00:00,2024-08-28T16:00:00-00:00,2024-08-28,9,0,Hourly,RU,AS_CAISO,DAM,RU_CLR_PRC,0,6
2024-08-28T15:00:00-00:00,2024-08-28T16:00:00-00:00,2024-08-28,9,0,Hourly,RU,AS_SP26_EXP,DAM,RU_CLR_PRC,0,6
2024-08-28T16:00:00-00:00,2024-08-28T17:00:00-00:00,2024-08-28,10,0,Hourly,RU,AS_NP26_EXP,DAM,RU_CLR_PRC,1.81598,6
2024-08-28T23:00:00-00:00,2024-08-29T00:00:00-00:00,2024-08-28,17,0,Hourly,RU,AS_CAISO_EXP,DAM,RU_CLR_PRC,0.21158,6
2024-08-28T23:00:00-00:00,2024-08-29T00:00:00-00:00,2024-08-28,17,0,Hourly,RU,AS_SP26_EXP,DAM,RU_CLR_PRC,0,6
2024-08-29T00:00:00-00:00,2024-08-29T01:00:00-00:00,2024-08-28,18,0,Hourly,RU,AS_SP26,DAM,RU_CLR_PRC,0,6
2024-08-29T02:00:00-00:00,2024-08-29T03:00:00-00:00,2024-08-28,20,0,Hourly,RU,AS_CAISO,DAM,RU_CLR_PRC,0,6
2024-08-29T04:00:00-00:00,2024-08-29T05:00:00-00:00,2024-08-28,22,0,Hourly,RU,AS_CAISO_EXP,DAM,RU_CLR_PRC,3.66997,6
2024-08-29T05:00:00-00:00,2024-08-29T06:00:00-00:00,2024-08-28,23,0,Hourly,RU,AS_SP26,DAM,RU_CLR_PRC,0,6
2024-08-28T07:00:00-00:00,2024-08-28T08:00:00-00:00,2024-08-28,1,0,Hourly,RU,AS_NP26,DAM,RU_CLR_PRC,0,6
2024-08-28T10:00:00-00:00,2024-08-28T11:00:00-00:00,2024-08-28,4,0,Hourly,RU,AS_CAISO,DAM,RU_CLR_PRC,0,6
2024-08-28T12:00:00-00:00,2024-08-28T13:00:00-00:00,2024-08-28,6,0,Hourly,RU,AS_CAISO,DAM,RU_CLR_PRC,0,6
2024-08-28T13:00:00-00:00,2024-08-28T14:00:00-00:00,2024-08-28,7,0,Hourly,RU,AS_NP26_EXP,DAM,RU_CLR_PRC,0,6
2024-08-28T13:00:00-00:00,2024-08-28T14:00:00-00:00,2024-08-28,7,0,Hourly,RU,AS_SP26_EXP,DAM,RU_CLR_PRC,2.98891,6
2024-08-28T14:00:00-00:00,2024-08-28T15:00:00-00:00,2024-08-28,8,0,Hourly,RU,AS_CAISO_EXP,DAM,RU_CLR_PRC,2,6
2024-08-28T14:00:00-00:00,2024-08-28T15:00:00-00:00,2024-08-28,8,0,Hourly,RU,AS_SP26,DAM,RU_CLR_PRC,0,6
2024-08-28T15:00:00-00:00,2024-08-28T16:00:00-00:00,2024-08-28,9,0,Hourly,RU,AS_CAISO_EXP,DAM,RU_CLR_PRC,0.14,6
2024-08-28T15:00:00-00:00,2024-08-28T16:00:00-00:00,2024-08-28,9,0,Hourly,RU,AS_NP26,DAM,RU_CLR_PRC,0,6
2024-08-28T15:00:00-00:00,2024-08-28T16:00:00-00:00,2024-08-28,9,0,Hourly,RU,AS_NP26_EXP,DAM,RU_CLR_PRC,0.31,6
2024-08-28T18:00:00-00:00,2024-08-28T19:00:00-00:00,2024-08-28,12,0,Hourly,RU,AS_CAISO_EXP,DAM,RU_CLR_PRC,0.7323,6
2024-08-28T18:00:00-00:00,2024-08-28T19:00:00-00:00,2024-08-28,12,0,Hourly,RU,AS_SP26,DAM,RU_CLR_PRC,0,6
2024-08-28T18:00:00-00:00,2024-08-28T19:00:00-00:00,2024-08-28,12,0,Hourly,RU,AS_SP26_EXP,DAM,RU_CLR_PRC,0,6
2024-08-28T19:00:00-00:00,2024-08-28T20:00:00-00:00,2024-08-28,13,0,Hourly,RU,AS_NP26,DAM,RU_CLR_PRC,0,6
2024-08-28T22:00:00-00:00,2024-08-28T23:00:00-00:00,2024-08-28,16,0,Hourly,RU,AS_CAISO,DAM,RU_CLR_PRC,0,6
2024-08-28T22:00:00-00:00,2024-08-28T23:00:00-00:00,2024-08-28,16,0,Hourly,RU,AS_CAISO_EXP,DAM,RU_CLR_PRC,0.22347,6
2024-08-28T22:00:00-00:00,2024-08-28T23:00:00-00:00,2024-08-28,16,0,Hourly,RU,AS_NP26_EXP,DAM,RU_CLR_PRC,2.33833,6
2024-08-29T00:00:00-00:00,2024-08-29T01:00:00-00:00,2024-08-28,18,0,Hourly,RU,AS_CAISO,DAM,RU_CLR_PRC,0,6
2024-08-29T03:00:00-00:00,2024-08-29T04:00:00-00:00,2024-08-28,21,0,Hourly,RU,AS_SP26,DAM,RU_CLR_PRC,0,6
2024-08-29T04:00:00-00:00,2024-08-29T05:00:00-00:00,2024-08-28,22,0,Hourly,RU,AS_CAISO,DAM,RU_CLR_PRC,0,6
2024-08-29T04:00:00-00:00,2024-08-29T05:00:00-00:00,2024-08-28,22,0,Hourly,RU,AS_SP26_EXP,DAM,RU_CLR_PRC,0,6
2024-08-29T06:00:00-00:00,2024-08-29T07:00:00-00:00,2024-08-28,24,0,Hourly,RU,AS_NP26,DAM,RU_CLR_PRC,0,6
2024-08-28T08:00:00-00:00,2024-08-28T09:00:00-00:00,2024-08-28,2,0,Hourly,RU,AS_CAISO,DAM,RU_CLR_PRC,0,6
2024-08-28T19:00:00-00:00,2024-08-28T20:00:00-00:00,2024-08-28,13,0,Hourly,RU,AS_NP26_EXP,DAM,RU_CLR_PRC,0.53,6
2024-08-28T20:00:00-00:00,2024-08-28T21:00:00-00:00,2024-08-28,14,0,Hourly,RU,AS_SP26_EXP,DAM,RU_CLR_PRC,0,6
2024-08-28T21:00:00-00:00,2024-08-28T22:00:00-00:00,2024-08-28,15,0,Hourly,RU,AS_NP26,DAM,RU_CLR_PRC,0,6
2024-08-28T23:00:00-00:00,2024-08-29T00:00:00-00:00,2024-08-28,17,0,Hourly,RU,AS_NP26,DAM,RU_CLR_PRC,0,6
2024-08-28T23:00:00-00:00,2024-08-29T00:00:00-00:00,2024-08-28,17,0,Hourly,RU,AS_NP26_EXP,DAM,RU_CLR_PRC,4.7363,6
2024-08-28T23:00:00-00:00,2024-08-29T00:00:00-00:00,2024-08-28,17,0,Hourly,RU,AS_SP26,DAM,RU_CLR_PRC,0,6
2024-08-29T01:00:00-00:00,2024-08-29T02:00:00-00:00,2024-08-28,19,0,Hourly,RU,AS_CAISO_EXP,DAM,RU_CLR_PRC,11.52735,6
2024-08-29T01:00:00-00:00,2024-08-29T02:00:00-00:00,2024-08-28,19,0,Hourly,RU,AS_NP26,DAM,RU_CLR_PRC,0,6
2024-08-29T01:00:00-00:00,2024-08-29T02:00:00-00:00,2024-08-28,19,0,Hourly,RU,AS_SP26,DAM,RU_CLR_PRC,0,6
2024-08-29T01:00:00-00:00,2024-08-29T02:00:00-00:00,2024-08-28,19,0,Hourly,RU,AS_SP26_EXP,DAM,RU_CLR_PRC,0,6
2024-08-29T02:00:00-00:00,2024-08-29T03:00:00-00:00,2024-08-28,20,0,Hourly,RU,AS_NP26,DAM,RU_CLR_PRC,0,6
2024-08-29T03:00:00-00:00,2024-08-29T04:00:00-00:00,2024-08-28,21,0,Hourly,RU,AS_CAISO_EXP,DAM,RU_CLR_PRC,4.55074,6
2024-08-29T04:00:00-00:00,2024-08-29T05:00:00-00:00,2024-08-28,22,0,Hourly,RU,AS_NP26_EXP,DAM,RU_CLR_PRC,1.307,6
2024-08-29T05:00:00-00:00,2024-08-29T06:00:00-00:00,2024-08-28,23,0,Hourly,RU,AS_NP26,DAM,RU_CLR_PRC,0,6
2024-08-29T06:00:00-00:00,2024-08-29T07:00:00-00:00,2024-08-28,24,0,Hourly,RU,AS_NP26_EXP,DAM,RU_CLR_PRC,0,6
2024-08-29T06:00:00-00:00,2024-08-29T07:00:00-00:00,2024-08-28,24,0,Hourly,RU,AS_SP26,DAM,RU_CLR_PRC,0,6
2024-08-28T07:00:00-00:00,2024-08-28T08:00:00-00:00,2024-08-28,1,0,Hourly,RU,AS_NP26_EXP,DAM,RU_CLR_PRC,0.3509,6
2024-08-28T08:00:00-00:00,2024-08-28T09:00:00-00:00,2024-08-28,2,0,Hourly,RU,AS_NP26_EXP,DAM,RU_CLR_PRC,0,6
2024-08-28T09:00:00-00:00,2024-08-28T10:00:00-00:00,2024-08-28,3,0,Hourly,RU,AS_NP26,DAM,RU_CLR_PRC,0,6
2024-08-28T09:00:00-00:00,2024-08-28T10:00:00-00:00,2024-08-28,3,0,Hourly,RU,AS_SP26,DAM,RU_CLR_PRC,0,6
2024-08-28T10:00:00-00:00,2024-08-28T11:00:00-00:00,2024-08-28,4,0,Hourly,RU,AS_NP26_EXP,DAM,RU_CLR_PRC,0.06661,6
2024-08-28T13:00:00-00:00,2024-08-28T14:00:00-00:00,2024-08-28,7,0,Hourly,RU,AS_CAISO_EXP,DAM,RU_CLR_PRC,1.98834,6
2024-08-28T13:00:00-00:00,2024-08-28T14:00:00-00:00,2024-08-28,7,0,Hourly,RU,AS_NP26,DAM,RU_CLR_PRC,0,6
2024-08-28T17:00:00-00:00,2024-08-28T18:00:00-00:00,2024-08-28,11,0,Hourly,RU,AS_SP26_EXP,DAM,RU_CLR_PRC,0,6
2024-08-28T18:00:00-00:00,2024-08-28T19:00:00-00:00,2024-08-28,12,0,Hourly,RU,AS_NP26_EXP,DAM,RU_CLR_PRC,0.31,6
2024-08-28T19:00:00-00:00,2024-08-28T20:00:00-00:00,2024-08-28,13,0,Hourly,RU,AS_CAISO_EXP,DAM,RU_CLR_PRC,0.14,6
2024-08-28T09:00:00-00:00,2024-08-28T10:00:00-00:00,2024-08-28,3,0,Hourly,RU,AS_CAISO,DAM,RU_CLR_PRC,0,6
2024-08-28T11:00:00-00:00,2024-08-28T12:00:00-00:00,2024-08-28,5,0,Hourly,RU,AS_SP26,DAM,RU_CLR_PRC,0,6
2024-08-28T14:00:00-00:00,2024-08-28T15:00:00-00:00,2024-08-28,8,0,Hourly,RU,AS_CAISO,DAM,RU_CLR_PRC,0,6
2024-08-28T15:00:00-00:00,2024-08-28T16:00:00-00:00,2024-08-28,9,0,Hourly,RU,AS_SP26,DAM,RU_CLR_PRC,0,6
2024-08-28T16:00:00-00:00,2024-08-28T17:00:00-00:00,2024-08-28,10,0,Hourly,RU,AS_CAISO,DAM,RU_CLR_PRC,0,6
2024-08-28T16:00:00-00:00,2024-08-28T17:00:00-00:00,2024-08-28,10,0,Hourly,RU,AS_CAISO_EXP,DAM,RU_CLR_PRC,0.18402,6
2024-08-28T17:00:00-00:00,2024-08-28T18:00:00-00:00,2024-08-28,11,0,Hourly,RU,AS_NP26_EXP,DAM,RU_CLR_PRC,0.49846,6
2024-08-28T20:00:00-00:00,2024-08-28T21:00:00-00:00,2024-08-28,14,0,Hourly,RU,AS_NP26,DAM,RU_CLR_PRC,0,6
2024-08-28T20:00:00-00:00,2024-08-28T21:00:00-00:00,2024-08-28,14,0,Hourly,RU,AS_SP26,DAM,RU_CLR_PRC,0,6
2024-08-28T21:00:00-00:00,2024-08-28T22:00:00-00:00,2024-08-28,15,0,Hourly,RU,AS_CAISO_EXP,DAM,RU_CLR_PRC,0.14,6
2024-08-28T21:00:00-00:00,2024-08-28T22:00:00-00:00,2024-08-28,15,0,Hourly,RU,AS_NP26_EXP,DAM,RU_CLR_PRC,1.86,6
2024-08-29T00:00:00-00:00,2024-08-29T01:00:00-00:00,2024-08-28,18,0,Hourly,RU,AS_NP26_EXP,DAM,RU_CLR_PRC,4.28071,6
2024-08-29T02:00:00-00:00,2024-08-29T03:00:00-00:00,2024-08-28,20,0,Hourly,RU,AS_SP26_EXP,DAM,RU_CLR_PRC,0,6
2024-08-29T04:00:00-00:00,2024-08-29T05:00:00-00:00,2024-08-28,22,0,Hourly,RU,AS_NP26,DAM,RU_CLR_PRC,0,6
2024-08-29T05:00:00-00:00,2024-08-29T06:00:00-00:00,2024-08-28,23,0,Hourly,RU,AS_SP26_EXP,DAM,RU_CLR_PRC,0,6
2024-08-28T07:00:00-00:00,2024-08-28T08:00:00-00:00,2024-08-28,1,0,Hourly,RU,AS_CAISO,DAM,RU_CLR_PRC,0,6
2024-08-28T10:00:00-00:00,2024-08-28T11:00:00-00:00,2024-08-28,4,0,Hourly,RU,AS_NP26,DAM,RU_CLR_PRC,0,6
2024-08-28T11:00:00-00:00,2024-08-28T12:00:00-00:00,2024-08-28,5,0,Hourly,RU,AS_CAISO,DAM,RU_CLR_PRC,0,6
2024-08-28T11:00:00-00:00,2024-08-28T12:00:00-00:00,2024-08-28,5,0,Hourly,RU,AS_NP26,DAM,RU_CLR_PRC,0,6
2024-08-28T12:00:00-00:00,2024-08-28T13:00:00-00:00,2024-08-28,6,0,Hourly,RU,AS_NP26_EXP,DAM,RU_CLR_PRC,0.21658,6
2024-08-28T12:00:00-00:00,2024-08-28T13:00:00-00:00,2024-08-28,6,0,Hourly,RU,AS_SP26,DAM,RU_CLR_PRC,0,6
2024-08-28T12:00:00-00:00,2024-08-28T13:00:00-00:00,2024-08-28,6,0,Hourly,RU,AS_SP26_EXP,DAM,RU_CLR_PRC,0,6
2024-08-28T14:00:00-00:00,2024-08-28T15:00:00-00:00,2024-08-28,8,0,Hourly,RU,AS_NP26_EXP,DAM,RU_CLR_PRC,0,6
2024-08-28T16:00:00-00:00,2024-08-28T17:00:00-00:00,2024-08-28,10,0,Hourly,RU,AS_SP26,DAM,RU_CLR_PRC,0,6
2024-08-28T19:00:00-00:00,2024-08-28T20:00:00-00:00,2024-08-28,13,0,Hourly,RU,AS_SP26_EXP,DAM,RU_CLR_PRC,0,6
2024-08-28T21:00:00-00:00,2024-08-28T22:00:00-00:00,2024-08-28,15,0,Hourly,RU,AS_SP26,DAM,RU_CLR_PRC,0,6
2024-08-28T23:00:00-00:00,2024-08-29T00:00:00-00:00,2024-08-28,17,0,Hourly,RU,AS_CAISO,DAM,RU_CLR_PRC,0,6
2024-08-28T07:00:00-00:00,2024-08-28T08:00:00-00:00,2024-08-28,1,0,Hourly,RU,AS_CAISO_EXP,DAM,RU_CLR_PRC,0.70711,6
2024-08-28T07:00:00-00:00,2024-08-28T08:00:00-00:00,2024-08-28,1,0,Hourly,RU,AS_SP26_EXP,DAM,RU_CLR_PRC,0,6
2024-08-28T08:00:00-00:00,2024-08-28T09:00:00-00:00,2024-08-28,2,0,Hourly,RU,AS_NP26,DAM,RU_CLR_PRC,0,6
2024-08-28T08:00:00-00:00,2024-08-28T09:00:00-00:00,2024-08-28,2,0,Hourly,RU,AS_SP26_EXP,DAM,RU_CLR_PRC,0,6
2024-08-28T16:00:00-00:00,2024-08-28T17:00:00-00:00,2024-08-28,10,0,Hourly,RU,AS_SP26_EXP,DAM,RU_CLR_PRC,0,6
2024-08-28T18:00:00-00:00,2024-08-28T19:00:00-00:00,2024-08-28,12,0,Hourly,RU,AS_CAISO,DAM,RU_CLR_PRC,0,6
2024-08-28T19:00:00-00:00,2024-08-28T20:00:00-00:00,2024-08-28,13,0,Hourly,RU,AS_SP26,DAM,RU_CLR_PRC,0,6
2024-08-28T20:00:00-00:00,2024-08-28T21:00:00-00:00,2024-08-28,14,0,Hourly,RU,AS_NP26_EXP,DAM,RU_CLR_PRC,1.86,6
2024-08-28T22:00:00-00:00,2024-08-28T23:00:00-00:00,2024-08-28,16,0,Hourly,RU,AS_SP26,DAM,RU_CLR_PRC,0,6
2024-08-28T22:00:00-00:00,2024-08-28T23:00:00-00:00,2024-08-28,16,0,Hourly,RU,AS_SP26_EXP,DAM,RU_CLR_PRC,0,6
2024-08-29T00:00:00-00:00,2024-08-29T01:00:00-00:00,2024-08-28,18,0,Hourly,RU,AS_CAISO_EXP,DAM,RU_CLR_PRC,0.71929,6
2024-08-29T17:00:00-00:00,2024-08-29T18:00:00-00:00,2024-08-29,11,0,Hourly,RU,AS_CAISO,DAM,RU_CLR_PRC,0,7
2024-08-29T18:00:00-00:00,2024-08-29T19:00:00-00:00,2024-08-29,12,0,Hourly,RU,AS_NP26_EXP,DAM,RU_CLR_PRC,0.16,7
2024-08-29T21:00:00-00:00,2024-08-29T22:00:00-00:00,2024-08-29,15,0,Hourly,RU,AS_CAISO,DAM,RU_CLR_PRC,0,7
2024-08-29T21:00:00-00:00,2024-08-29T22:00:00-00:00,2024-08-29,15,0,Hourly,RU,AS_SP26,DAM,RU_CLR_PRC,0,7
2024-08-29T07:00:00-00:00,2024-08-29T08:00:00-00:00,2024-08-29,1,0,Hourly,RU,AS_SP26_EXP,DAM,RU_CLR_PRC,0,7
2024-08-29T09:00:00-00:00,2024-08-29T10:00:00-00:00,2024-08-29,3,0,Hourly,RU,AS_NP26_EXP,DAM,RU_CLR_PRC,0,7
2024-08-29T10:00:00-00:00,2024-08-29T11:00:00-00:00,2024-08-29,4,0,Hourly,RU,AS_SP26_EXP,DAM,RU_CLR_PRC,0.50225,7
2024-08-29T12:00:00-00:00,2024-08-29T13:00:00-00:00,2024-08-29,6,0,Hourly,RU,AS_NP26,DAM,RU_CLR_PRC,0,7
2024-08-29T17:00:00-00:00,2024-08-29T18:00:00-00:00,2024-08-29,11,0,Hourly,RU,AS_CAISO_EXP,DAM,RU_CLR_PRC,0.32389,7
2024-08-29T17:00:00-00:00,2024-08-29T18:00:00-00:00,2024-08-29,11,0,Hourly,RU,AS_NP26_EXP,DAM,RU_CLR_PRC,0.16,7
2024-08-30T00:00:00-00:00,2024-08-30T01:00:00-00:00,2024-08-29,18,0,Hourly,RU,AS_NP26_EXP,DAM,RU_CLR_PRC,4.3597,7
2024-08-30T01:00:00-00:00,2024-08-30T02:00:00-00:00,2024-08-29,19,0,Hourly,RU,AS_SP26,DAM,RU_CLR_PRC,0,7
2024-08-30T02:00:00-00:00,2024-08-30T03:00:00-00:00,2024-08-29,20,0,Hourly,RU,AS_NP26,DAM,RU_CLR_PRC,0,7
2024-08-30T03:00:00-00:00,2024-08-30T04:00:00-00:00,2024-08-29,21,0,Hourly,RU,AS_NP26,DAM,RU_CLR_PRC,0,7
2024-08-30T03:00:00-00:00,2024-08-30T04:00:00-00:00,2024-08-29,21,0,Hourly,RU,AS_NP26_EXP,DAM,RU_CLR_PRC,0,7
2024-08-30T04:00:00-00:00,2024-08-30T05:00:00-00:00,2024-08-29,22,0,Hourly,RU,AS_NP26,DAM,RU_CLR_PRC,0,7
2024-08-29T20:00:00-00:00,2024-08-29T21:00:00-00:00,2024-08-29,14,0,Hourly,RU,AS_CAISO_EXP,DAM,RU_CLR_PRC,0.14,7
2024-08-29T21:00:00-00:00,2024-08-29T22:00:00-00:00,2024-08-29,15,0,Hourly,RU,AS_NP26_EXP,DAM,RU_CLR_PRC,0.4345,7
2024-08-29T22:00:00-00:00,2024-08-29T23:00:00-00:00,2024-08-29,16,0,Hourly,RU,AS_NP26_EXP,DAM,RU_CLR_PRC,1.74829,7
2024-08-29T23:00:00-00:00,2024-08-30T00:00:00-00:00,2024-08-29,17,0,Hourly,RU,AS_NP26_EXP,DAM,RU_CLR_PRC,4.17034,7
2024-08-30T00:00:00-00:00,2024-08-30T01:00:00-00:00,2024-08-29,18,0,Hourly,RU,AS_NP26,DAM,RU_CLR_PRC,0,7
2024-08-30T00:00:00-00:00,2024-08-30T01:00:00-00:00,2024-08-29,18,0,Hourly,RU,AS_SP26,DAM,RU_CLR_PRC,0,7
2024-08-30T00:00:00-00:00,2024-08-30T01:00:00-00:00,2024-08-29,18,0,Hourly,RU,AS_SP26_EXP,DAM,RU_CLR_PRC,0,7
2024-08-30T02:00:00-00:00,2024-08-30T03:00:00-00:00,2024-08-29,20,0,Hourly,RU,AS_NP26_EXP,DAM,RU_CLR_PRC,0,7
2024-08-30T02:00:00-00:00,2024-08-30T03:00:00-00:00,2024-08-29,20,0,Hourly,RU,AS_SP26,DAM,RU_CLR_PRC,0,7
2024-08-30T03:00:00-00:00,2024-08-30T04:00:00-00:00,2024-08-29,21,0,Hourly,RU,AS_CAISO,DAM,RU_CLR_PRC,0,7
2024-08-30T04:00:00-00:00,2024-08-30T05:00:00-00:00,2024-08-29,22,0,Hourly,RU,AS_CAISO,DAM,RU_CLR_PRC,0,7
2024-08-30T04:00:00-00:00,2024-08-30T05:00:00-00:00,2024-08-29,22,0,Hourly,RU,AS_SP26,DAM,RU_CLR_PRC,0,7
2024-08-30T05:00:00-00:00,2024-08-30T06:00:00-00:00,2024-08-29,23,0,Hourly,RU,AS_CAISO_EXP,DAM,RU_CLR_PRC,0.93704,7
2024-08-30T05:00:00-00:00,2024-08-30T06:00:00-00:00,2024-08-29,23,0,Hourly,RU,AS_SP26,DAM,RU_CLR_PRC,0,7
2024-08-29T07:00:00-00:00,2024-08-29T08:00:00-00:00,2024-08-29,1,0,Hourly,RU,AS_CAISO,DAM,RU_CLR_PRC,0,7
2024-08-29T07:00:00-00:00,2024-08-29T08:00:00-00:00,2024-08-29,1,0,Hourly,RU,AS_NP26_EXP,DAM,RU_CLR_PRC,0,7
2024-08-29T08:00:00-00:00,2024-08-29T09:00:00-00:00,2024-08-29,2,0,Hourly,RU,AS_CAISO_EXP,DAM,RU_CLR_PRC,0.53395,7
2024-08-29T09:00:00-00:00,2024-08-29T10:00:00-00:00,2024-08-29,3,0,Hourly,RU,AS_SP26_EXP,DAM,RU_CLR_PRC,0.38843,7
2024-08-29T10:00:00-00:00,2024-08-29T11:00:00-00:00,2024-08-29,4,0,Hourly,RU,AS_NP26,DAM,RU_CLR_PRC,0,7
2024-08-29T11:00:00-00:00,2024-08-29T12:00:00-00:00,2024-08-29,5,0,Hourly,RU,AS_CAISO_EXP,DAM,RU_CLR_PRC,0.48861,7
2024-08-29T11:00:00-00:00,2024-08-29T12:00:00-00:00,2024-08-29,5,0,Hourly,RU,AS_SP26_EXP,DAM,RU_CLR_PRC,0.44558,7
2024-08-29T12:00:00-00:00,2024-08-29T13:00:00-00:00,2024-08-29,6,0,Hourly,RU,AS_CAISO,DAM,RU_CLR_PRC,0,7
2024-08-29T12:00:00-00:00,2024-08-29T13:00:00-00:00,2024-08-29,6,0,Hourly,RU,AS_CAISO_EXP,DAM,RU_CLR_PRC,0.86053,7
2024-08-29T12:00:00-00:00,2024-08-29T13:00:00-00:00,2024-08-29,6,0,Hourly,RU,AS_SP26,DAM,RU_CLR_PRC,0,7
2024-08-29T14:00:00-00:00,2024-08-29T15:00:00-00:00,2024-08-29,8,0,Hourly,RU,AS_NP26_EXP,DAM,RU_CLR_PRC,0,7
2024-08-29T15:00:00-00:00,2024-08-29T16:00:00-00:00,2024-08-29,9,0,Hourly,RU,AS_CAISO_EXP,DAM,RU_CLR_PRC,0.4172,7
2024-08-29T20:00:00-00:00,2024-08-29T21:00:00-00:00,2024-08-29,14,0,Hourly,RU,AS_SP26_EXP,DAM,RU_CLR_PRC,0,7
2024-08-29T21:00:00-00:00,2024-08-29T22:00:00-00:00,2024-08-29,15,0,Hourly,RU,AS_SP26_EXP,DAM,RU_CLR_PRC,0,7
2024-08-29T23:00:00-00:00,2024-08-30T00:00:00-00:00,2024-08-29,17,0,Hourly,RU,AS_SP26_EXP,DAM,RU_CLR_PRC,0,7
2024-08-30T01:00:00-00:00,2024-08-30T02:00:00-00:00,2024-08-29,19,0,Hourly,RU,AS_NP26,DAM,RU_CLR_PRC,0,7
2024-08-30T03:00:00-00:00,2024-08-30T04:00:00-00:00,2024-08-29,21,0,Hourly,RU,AS_CAISO_EXP,DAM,RU_CLR_PRC,3.97057,7
2024-08-30T04:00:00-00:00,2024-08-30T05:00:00-00:00,2024-08-29,22,0,Hourly,RU,AS_NP26_EXP,DAM,RU_CLR_PRC,3.46529,7
2024-08-30T05:00:00-00:00,2024-08-30T06:00:00-00:00,2024-08-29,23,0,Hourly,RU,AS_CAISO,DAM,RU_CLR_PRC,0,7
2024-08-30T05:00:00-00:00,2024-08-30T06:00:00-00:00,2024-08-29,23,0,Hourly,RU,AS_NP26_EXP,DAM,RU_CLR_PRC,1.51296,7
2024-08-30T06:00:00-00:00,2024-08-30T07:00:00-00:00,2024-08-29,24,0,Hourly,RU,AS_CAISO,DAM,RU_CLR_PRC,0,7
2024-08-29T07:00:00-00:00,2024-08-29T08:00:00-00:00,2024-08-29,1,0,Hourly,RU,AS_CAISO_EXP,DAM,RU_CLR_PRC,0.92478,7
2024-08-29T07:00:00-00:00,2024-08-29T08:00:00-00:00,2024-08-29,1,0,Hourly,RU,AS_NP26,DAM,RU_CLR_PRC,0,7
2024-08-29T08:00:00-00:00,2024-08-29T09:00:00-00:00,2024-08-29,2,0,Hourly,RU,AS_NP26,DAM,RU_CLR_PRC,0,7
2024-08-29T13:00:00-00:00,2024-08-29T14:00:00-00:00,2024-08-29,7,0,Hourly,RU,AS_NP26,DAM,RU_CLR_PRC,0,7
2024-08-29T16:00:00-00:00,2024-08-29T17:00:00-00:00,2024-08-29,10,0,Hourly,RU,AS_SP26,DAM,RU_CLR_PRC,0,7
2024-08-29T17:00:00-00:00,2024-08-29T18:00:00-00:00,2024-08-29,11,0,Hourly,RU,AS_SP26,DAM,RU_CLR_PRC,0,7
2024-08-29T18:00:00-00:00,2024-08-29T19:00:00-00:00,2024-08-29,12,0,Hourly,RU,AS_SP26,DAM,RU_CLR_PRC,0,7
2024-08-29T20:00:00-00:00,2024-08-29T21:00:00-00:00,2024-08-29,14,0,Hourly,RU,AS_NP26_EXP,DAM,RU_CLR_PRC,0.43,7
2024-08-29T20:00:00-00:00,2024-08-29T21:00:00-00:00,2024-08-29,14,0,Hourly,RU,AS_SP26,DAM,RU_CLR_PRC,0,7
2024-08-29T21:00:00-00:00,2024-08-29T22:00:00-00:00,2024-08-29,15,0,Hourly,RU,AS_CAISO_EXP,DAM,RU_CLR_PRC,0.14,7
2024-08-29T22:00:00-00:00,2024-08-29T23:00:00-00:00,2024-08-29,16,0,Hourly,RU,AS_NP26,DAM,RU_CLR_PRC,0,7
2024-08-29T23:00:00-00:00,2024-08-30T00:00:00-00:00,2024-08-29,17,0,Hourly,RU,AS_NP26,DAM,RU_CLR_PRC,0,7
2024-08-30T00:00:00-00:00,2024-08-30T01:00:00-00:00,2024-08-29,18,0,Hourly,RU,AS_CAISO_EXP,DAM,RU_CLR_PRC,0.6403,7
2024-08-30T01:00:00-00:00,2024-08-30T02:00:00-00:00,2024-08-29,19,0,Hourly,RU,AS_CAISO,DAM,RU_CLR_PRC,0,7
2024-08-30T01:00:00-00:00,2024-08-30T02:00:00-00:00,2024-08-29,19,0,Hourly,RU,AS_NP26_EXP,DAM,RU_CLR_PRC,0,7
2024-08-30T01:00:00-00:00,2024-08-30T02:00:00-00:00,2024-08-29,19,0,Hourly,RU,AS_SP26_EXP,DAM,RU_CLR_PRC,0,7
2024-08-30T03:00:00-00:00,2024-08-30T04:00:00-00:00,2024-08-29,21,0,Hourly,RU,AS_SP26_EXP,DAM,RU_CLR_PRC,0,7
2024-08-30T05:00:00-00:00,2024-08-30T06:00:00-00:00,2024-08-29,23,0,Hourly,RU,AS_SP26_EXP,DAM,RU_CLR_PRC,0,7
2024-08-29T22:00:00-00:00,2024-08-29T23:00:00-00:00,2024-08-29,16,0,Hourly,RU,AS_CAISO_EXP,DAM,RU_CLR_PRC,0.2935,7
2024-08-30T01:00:00-00:00,2024-08-30T02:00:00-00:00,2024-08-29,19,0,Hourly,RU,AS_CAISO_EXP,DAM,RU_CLR_PRC,7.08594,7
2024-08-30T02:00:00-00:00,2024-08-30T03:00:00-00:00,2024-08-29,20,0,Hourly,RU,AS_CAISO_EXP,DAM,RU_CLR_PRC,10,7
2024-08-30T05:00:00-00:00,2024-08-30T06:00:00-00:00,2024-08-29,23,0,Hourly,RU,AS_NP26,DAM,RU_CLR_PRC,0,7
2024-08-30T06:00:00-00:00,2024-08-30T07:00:00-00:00,2024-08-29,24,0,Hourly,RU,AS_NP26_EXP,DAM,RU_CLR_PRC,0,7
2024-08-30T06:00:00-00:00,2024-08-30T07:00:00-00:00,2024-08-29,24,0,Hourly,RU,AS_SP26,DAM,RU_CLR_PRC,0,7
2024-08-29T09:00:00-00:00,2024-08-29T10:00:00-00:00,2024-08-29,3,0,Hourly,RU,AS_NP26,DAM,RU_CLR_PRC,0,7
2024-08-29T12:00:00-00:00,2024-08-29T13:00:00-00:00,2024-08-29,6,0,Hourly,RU,AS_SP26_EXP,DAM,RU_CLR_PRC,0.17098,7
2024-08-29T14:00:00-00:00,2024-08-29T15:00:00-00:00,2024-08-29,8,0,Hourly,RU,AS_CAISO_EXP,DAM,RU_CLR_PRC,3.43336,7
2024-08-29T15:00:00-00:00,2024-08-29T16:00:00-00:00,2024-08-29,9,0,Hourly,RU,AS_SP26,DAM,RU_CLR_PRC,0,7
2024-08-29T16:00:00-00:00,2024-08-29T17:00:00-00:00,2024-08-29,10,0,Hourly,RU,AS_NP26_EXP,DAM,RU_CLR_PRC,1.73261,7
2024-08-29T08:00:00-00:00,2024-08-29T09:00:00-00:00,2024-08-29,2,0,Hourly,RU,AS_SP26,DAM,RU_CLR_PRC,0,7
2024-08-29T10:00:00-00:00,2024-08-29T11:00:00-00:00,2024-08-29,4,0,Hourly,RU,AS_SP26,DAM,RU_CLR_PRC,0,7
2024-08-29T11:00:00-00:00,2024-08-29T12:00:00-00:00,2024-08-29,5,0,Hourly,RU,AS_CAISO,DAM,RU_CLR_PRC,0,7
2024-08-29T13:00:00-00:00,2024-08-29T14:00:00-00:00,2024-08-29,7,0,Hourly,RU,AS_NP26_EXP,DAM,RU_CLR_PRC,0,7
2024-08-29T14:00:00-00:00,2024-08-29T15:00:00-00:00,2024-08-29,8,0,Hourly,RU,AS_CAISO,DAM,RU_CLR_PRC,0,7
2024-08-29T16:00:00-00:00,2024-08-29T17:00:00-00:00,2024-08-29,10,0,Hourly,RU,AS_CAISO,DAM,RU_CLR_PRC,0,7
2024-08-29T16:00:00-00:00,2024-08-29T17:00:00-00:00,2024-08-29,10,0,Hourly,RU,AS_NP26,DAM,RU_CLR_PRC,0,7
2024-08-29T18:00:00-00:00,2024-08-29T19:00:00-00:00,2024-08-29,12,0,Hourly,RU,AS_CAISO_EXP,DAM,RU_CLR_PRC,0.58868,7
2024-08-29T19:00:00-00:00,2024-08-29T20:00:00-00:00,2024-08-29,13,0,Hourly,RU,AS_CAISO_EXP,DAM,RU_CLR_PRC,0.14,7
2024-08-29T19:00:00-00:00,2024-08-29T20:00:00-00:00,2024-08-29,13,0,Hourly,RU,AS_NP26,DAM,RU_CLR_PRC,0,7
2024-08-29T19:00:00-00:00,2024-08-29T20:00:00-00:00,2024-08-29,13,0,Hourly,RU,AS_SP26,DAM,RU_CLR_PRC,0,7
2024-08-29T19:00:00-00:00,2024-08-29T20:00:00-00:00,2024-08-29,13,0,Hourly,RU,AS_SP26_EXP,DAM,RU_CLR_PRC,0,7
2024-08-29T20:00:00-00:00,2024-08-29T21:00:00-00:00,2024-08-29,14,0,Hourly,RU,AS_NP26,DAM,RU_CLR_PRC,0,7
2024-08-29T21:00:00-00:00,2024-08-29T22:00:00-00:00,2024-08-29,15,0,Hourly,RU,AS_NP26,DAM,RU_CLR_PRC,0,7
2024-08-29T22:00:00-00:00,2024-08-29T23:00:00-00:00,2024-08-29,16,0,Hourly,RU,AS_CAISO,DAM,RU_CLR_PRC,0,7
2024-08-29T22:00:00-00:00,2024-08-29T23:00:00-00:00,2024-08-29,16,0,Hourly,RU,AS_SP26_EXP,DAM,RU_CLR_PRC,0,7
2024-08-29T23:00:00-00:00,2024-08-30T00:00:00-00:00,2024-08-29,17,0,Hourly,RU,AS_CAISO_EXP,DAM,RU_CLR_PRC,0.81174,7
2024-08-29T23:00:00-00:00,2024-08-30T00:00:00-00:00,2024-08-29,17,0,Hourly,RU,AS_SP26,DAM,RU_CLR_PRC,0,7
2024-08-30T00:00:00-00:00,2024-08-30T01:00:00-00:00,2024-08-29,18,0,Hourly,RU,AS_CAISO,DAM,RU_CLR_PRC,0,7
2024-08-29T09:00:00-00:00,2024-08-29T10:00:00-00:00,2024-08-29,3,0,Hourly,RU,AS_CAISO,DAM,RU_CLR_PRC,0,7
2024-08-29T09:00:00-00:00,2024-08-29T10:00:00-00:00,2024-08-29,3,0,Hourly,RU,AS_SP26,DAM,RU_CLR_PRC,0,7
2024-08-29T11:00:00-00:00,2024-08-29T12:00:00-00:00,2024-08-29,5,0,Hourly,RU,AS_NP26_EXP,DAM,RU_CLR_PRC,0.07646,7
2024-08-29T11:00:00-00:00,2024-08-29T12:00:00-00:00,2024-08-29,5,0,Hourly,RU,AS_SP26,DAM,RU_CLR_PRC,0,7
2024-08-29T13:00:00-00:00,2024-08-29T14:00:00-00:00,2024-08-29,7,0,Hourly,RU,AS_SP26,DAM,RU_CLR_PRC,0,7
2024-08-29T13:00:00-00:00,2024-08-29T14:00:00-00:00,2024-08-29,7,0,Hourly,RU,AS_SP26_EXP,DAM,RU_CLR_PRC,1.79207,7
2024-08-29T14:00:00-00:00,2024-08-29T15:00:00-00:00,2024-08-29,8,0,Hourly,RU,AS_NP26,DAM,RU_CLR_PRC,0,7
2024-08-29T14:00:00-00:00,2024-08-29T15:00:00-00:00,2024-08-29,8,0,Hourly,RU,AS_SP26,DAM,RU_CLR_PRC,0,7
2024-08-29T17:00:00-00:00,2024-08-29T18:00:00-00:00,2024-08-29,11,0,Hourly,RU,AS_NP26,DAM,RU_CLR_PRC,0,7
2024-08-29T18:00:00-00:00,2024-08-29T19:00:00-00:00,2024-08-29,12,0,Hourly,RU,AS_SP26_EXP,DAM,RU_CLR_PRC,0,7
2024-08-29T19:00:00-00:00,2024-08-29T20:00:00-00:00,2024-08-29,13,0,Hourly,RU,AS_CAISO,DAM,RU_CLR_PRC,0,7
2024-08-29T19:00:00-00:00,2024-08-29T20:00:00-00:00,2024-08-29,13,0,Hourly,RU,AS_NP26_EXP,DAM,RU_CLR_PRC,0.16,7
2024-08-30T03:00:00-00:00,2024-08-30T04:00:00-00:00,2024-08-29,21,0,Hourly,RU,AS_SP26,DAM,RU_CLR_PRC,0,7
2024-08-30T04:00:00-00:00,2024-08-30T05:00:00-00:00,2024-08-29,22,0,Hourly,RU,AS_CAISO_EXP,DAM,RU_CLR_PRC,1.53471,7
2024-08-30T04:00:00-00:00,2024-08-30T05:00:00-00:00,2024-08-29,22,0,Hourly,RU,AS_SP26_EXP,DAM,RU_CLR_PRC,0,7
2024-08-29T15:00:00-00:00,2024-08-29T16:00:00-00:00,2024-08-29,9,0,Hourly,RU,AS_NP26_EXP,DAM,RU_CLR_PRC,0.0728,7
2024-08-29T15:00:00-00:00,2024-08-29T16:00:00-00:00,2024-08-29,9,0,Hourly,RU,AS_SP26_EXP,DAM,RU_CLR_PRC,0.29531,7
2024-08-29T16:00:00-00:00,2024-08-29T17:00:00-00:00,2024-08-29,10,0,Hourly,RU,AS_SP26_EXP,DAM,RU_CLR_PRC,0,7
2024-08-29T17:00:00-00:00,2024-08-29T18:00:00-00:00,2024-08-29,11,0,Hourly,RU,AS_SP26_EXP,DAM,RU_CLR_PRC,0,7
2024-08-29T18:00:00-00:00,2024-08-29T19:00:00-00:00,2024-08-29,12,0,Hourly,RU,AS_CAISO,DAM,RU_CLR_PRC,0,7
2024-08-29T20:00:00-00:00,2024-08-29T21:00:00-00:00,2024-08-29,14,0,Hourly,RU,AS_CAISO,DAM,RU_CLR_PRC,0,7
2024-08-29T22:00:00-00:00,2024-08-29T23:00:00-00:00,2024-08-29,16,0,Hourly,RU,AS_SP26,DAM,RU_CLR_PRC,0,7
2024-08-29T23:00:00-00:00,2024-08-30T00:00:00-00:00,2024-08-29,17,0,Hourly,RU,AS_CAISO,DAM,RU_CLR_PRC,0,7
2024-08-30T02:00:00-00:00,2024-08-30T03:00:00-00:00,2024-08-29,20,0,Hourly,RU,AS_CAISO,DAM,RU_CLR_PRC,0,7
2024-08-30T02:00:00-00:00,2024-08-30T03:00:00-00:00,2024-08-29,20,0,Hourly,RU,AS_SP26_EXP,DAM,RU_CLR_PRC,0,7
2024-08-30T06:00:00-00:00,2024-08-30T07:00:00-00:00,2024-08-29,24,0,Hourly,RU,AS_CAISO_EXP,DAM,RU_CLR_PRC,5,7
2024-08-30T06:00:00-00:00,2024-08-30T07:00:00-00:00,2024-08-29,24,0,Hourly,RU,AS_NP26,DAM,RU_CLR_PRC,0,7
2024-08-30T06:00:00-00:00,2024-08-30T07:00:00-00:00,2024-08-29,24,0,Hourly,RU,AS_SP26_EXP,DAM,RU_CLR_PRC,0,7
2024-08-29T07:00:00-00:00,2024-08-29T08:00:00-00:00,2024-08-29,1,0,Hourly,RU,AS_SP26,DAM,RU_CLR_PRC,0,7
2024-08-29T10:00:00-00:00,2024-08-29T11:00:00-00:00,2024-08-29,4,0,Hourly,RU,AS_CAISO_EXP,DAM,RU_CLR_PRC,0.41549,7
2024-08-29T10:00:00-00:00,2024-08-29T11:00:00-00:00,2024-08-29,4,0,Hourly,RU,AS_NP26_EXP,DAM,RU_CLR_PRC,0.10451,7
2024-08-29T11:00:00-00:00,2024-08-29T12:00:00-00:00,2024-08-29,5,0,Hourly,RU,AS_NP26,DAM,RU_CLR_PRC,0,7
2024-08-29T12:00:00-00:00,2024-08-29T13:00:00-00:00,2024-08-29,6,0,Hourly,RU,AS_NP26_EXP,DAM,RU_CLR_PRC,0.55,7
2024-08-29T13:00:00-00:00,2024-08-29T14:00:00-00:00,2024-08-29,7,0,Hourly,RU,AS_CAISO_EXP,DAM,RU_CLR_PRC,3.09686,7
2024-08-29T15:00:00-00:00,2024-08-29T16:00:00-00:00,2024-08-29,9,0,Hourly,RU,AS_CAISO,DAM,RU_CLR_PRC,0,7
2024-08-29T15:00:00-00:00,2024-08-29T16:00:00-00:00,2024-08-29,9,0,Hourly,RU,AS_NP26,DAM,RU_CLR_PRC,0,7
2024-08-29T08:00:00-00:00,2024-08-29T09:00:00-00:00,2024-08-29,2,0,Hourly,RU,AS_CAISO,DAM,RU_CLR_PRC,0,7
2024-08-29T08:00:00-00:00,2024-08-29T09:00:00-00:00,2024-08-29,2,0,Hourly,RU,AS_NP26_EXP,DAM,RU_CLR_PRC,0,7
2024-08-29T08:00:00-00:00,2024-08-29T09:00:00-00:00,2024-08-29,2,0,Hourly,RU,AS_SP26_EXP,DAM,RU_CLR_PRC,0.39773,7
2024-08-29T09:00:00-00:00,2024-08-29T10:00:00-00:00,2024-08-29,3,0,Hourly,RU,AS_CAISO_EXP,DAM,RU_CLR_PRC,0.61319,7
2024-08-29T10:00:00-00:00,2024-08-29T11:00:00-00:00,2024-08-29,4,0,Hourly,RU,AS_CAISO,DAM,RU_CLR_PRC,0,7
2024-08-29T13:00:00-00:00,2024-08-29T14:00:00-00:00,2024-08-29,7,0,Hourly,RU,AS_CAISO,DAM,RU_CLR_PRC,0,7
2024-08-29T14:00:00-00:00,2024-08-29T15:00:00-00:00,2024-08-29,8,0,Hourly,RU,AS_SP26_EXP,DAM,RU_CLR_PRC,2.59113,7
2024-08-29T16:00:00-00:00,2024-08-29T17:00:00-00:00,2024-08-29,10,0,Hourly,RU,AS_CAISO_EXP,DAM,RU_CLR_PRC,0.26739,7
2024-08-29T18:00:00-00:00,2024-08-29T19:00:00-00:00,2024-08-29,12,0,Hourly,RU,AS_NP26,DAM,RU_CLR_PRC,0,7
2024-08-31T05:00:00-00:00,2024-08-31T06:00:00-00:00,2024-08-30,23,0,Hourly,RU,AS_NP26,DAM,RU_CLR_PRC,0,8
2024-08-30T08:00:00-00:00,2024-08-30T09:00:00-00:00,2024-08-30,2,0,Hourly,RU,AS_CAISO,DAM,RU_CLR_PRC,0,8
2024-08-30T08:00:00-00:00,2024-08-30T09:00:00-00:00,2024-08-30,2,0,Hourly,RU,AS_CAISO_EXP,DAM,RU_CLR_PRC,0.8911,8
2024-08-30T08:00:00-00:00,2024-08-30T09:00:00-00:00,2024-08-30,2,0,Hourly,RU,AS_SP26_EXP,DAM,RU_CLR_PRC,0,8
2024-08-30T11:00:00-00:00,2024-08-30T12:00:00-00:00,2024-08-30,5,0,Hourly,RU,AS_CAISO_EXP,DAM,RU_CLR_PRC,0.32,8
2024-08-30T13:00:00-00:00,2024-08-30T14:00:00-00:00,2024-08-30,7,0,Hourly,RU,AS_CAISO,DAM,RU_CLR_PRC,0,8
2024-08-30T13:00:00-00:00,2024-08-30T14:00:00-00:00,2024-08-30,7,0,Hourly,RU,AS_SP26_EXP,DAM,RU_CLR_PRC,0,8
2024-08-30T15:00:00-00:00,2024-08-30T16:00:00-00:00,2024-08-30,9,0,Hourly,RU,AS_SP26_EXP,DAM,RU_CLR_PRC,0.22214,8
2024-08-30T18:00:00-00:00,2024-08-30T19:00:00-00:00,2024-08-30,12,0,Hourly,RU,AS_SP26_EXP,DAM,RU_CLR_PRC,0,8
2024-08-30T22:00:00-00:00,2024-08-30T23:00:00-00:00,2024-08-30,16,0,Hourly,RU,AS_CAISO,DAM,RU_CLR_PRC,0,8
2024-08-30T23:00:00-00:00,2024-08-31T00:00:00-00:00,2024-08-30,17,0,Hourly,RU,AS_SP26,DAM,RU_CLR_PRC,0,8
2024-08-31T01:00:00-00:00,2024-08-31T02:00:00-00:00,2024-08-30,19,0,Hourly,RU,AS_CAISO_EXP,DAM,RU_CLR_PRC,6.77551,8
2024-08-31T02:00:00-00:00,2024-08-31T03:00:00-00:00,2024-08-30,20,0,Hourly,RU,AS_CAISO_EXP,DAM,RU_CLR_PRC,3,8
2024-08-31T02:00:00-00:00,2024-08-31T03:00:00-00:00,2024-08-30,20,0,Hourly,RU,AS_NP26_EXP,DAM,RU_CLR_PRC,0,8
2024-08-31T05:00:00-00:00,2024-08-31T06:00:00-00:00,2024-08-30,23,0,Hourly,RU,AS_CAISO,DAM,RU_CLR_PRC,0,8
2024-08-31T05:00:00-00:00,2024-08-31T06:00:00-00:00,2024-08-30,23,0,Hourly,RU,AS_SP26_EXP,DAM,RU_CLR_PRC,0,8
2024-08-30T09:00:00-00:00,2024-08-30T10:00:00-00:00,2024-08-30,3,0,Hourly,RU,AS_SP26,DAM,RU_CLR_PRC,0,8
2024-08-30T10:00:00-00:00,2024-08-30T11:00:00-00:00,2024-08-30,4,0,Hourly,RU,AS_CAISO,DAM,RU_CLR_PRC,0,8
2024-08-30T11:00:00-00:00,2024-08-30T12:00:00-00:00,2024-08-30,5,0,Hourly,RU,AS_SP26_EXP,DAM,RU_CLR_PRC,0,8
2024-08-30T12:00:00-00:00,2024-08-30T13:00:00-00:00,2024-08-30,6,0,Hourly,RU,AS_CAISO,DAM,RU_CLR_PRC,0,8
2024-08-30T12:00:00-00:00,2024-08-30T13:00:00-00:00,2024-08-30,6,0,Hourly,RU,AS_SP26,DAM,RU_CLR_PRC,0,8
2024-08-30T12:00:00-00:00,2024-08-30T13:00:00-00:00,2024-08-30,6,0,Hourly,RU,AS_SP26_EXP,DAM,RU_CLR_PRC,0,8
2024-08-30T13:00:00-00:00,2024-08-30T14:00:00-00:00,2024-08-30,7,0,Hourly,RU,AS_SP26,DAM,RU_CLR_PRC,0,8
2024-08-30T14:00:00-00:00,2024-08-30T15:00:00-00:00,2024-08-30,8,0,Hourly,RU,AS_CAISO,DAM,RU_CLR_PRC,0,8
2024-08-30T15:00:00-00:00,2024-08-30T16:00:00-00:00,2024-08-30,9,0,Hourly,RU,AS_CAISO_EXP,DAM,RU_CLR_PRC,0.5,8
2024-08-30T15:00:00-00:00,2024-08-30T16:00:00-00:00,2024-08-30,9,0,Hourly,RU,AS_NP26,DAM,RU_CLR_PRC,0,8
2024-08-30T15:00:00-00:00,2024-08-30T16:00:00-00:00,2024-08-30,9,0,Hourly,RU,AS_NP26_EXP,DAM,RU_CLR_PRC,0,8
2024-08-30T18:00:00-00:00,2024-08-30T19:00:00-00:00,2024-08-30,12,0,Hourly,RU,AS_CAISO,DAM,RU_CLR_PRC,0,8
2024-08-30T18:00:00-00:00,2024-08-30T19:00:00-00:00,2024-08-30,12,0,Hourly,RU,AS_CAISO_EXP,DAM,RU_CLR_PRC,0.53566,8
2024-08-30T21:00:00-00:00,2024-08-30T22:00:00-00:00,2024-08-30,15,0,Hourly,RU,AS_SP26,DAM,RU_CLR_PRC,0,8
2024-08-30T22:00:00-00:00,2024-08-30T23:00:00-00:00,2024-08-30,16,0,Hourly,RU,AS_NP26_EXP,DAM,RU_CLR_PRC,0.86,8
2024-08-30T23:00:00-00:00,2024-08-31T00:00:00-00:00,2024-08-30,17,0,Hourly,RU,AS_NP26,DAM,RU_CLR_PRC,0,8
2024-08-30T23:00:00-00:00,2024-08-31T00:00:00-00:00,2024-08-30,17,0,Hourly,RU,AS_NP26_EXP,DAM,RU_CLR_PRC,0.78026,8
2024-08-31T01:00:00-00:00,2024-08-31T02:00:00-00:00,2024-08-30,19,0,Hourly,RU,AS_NP26,DAM,RU_CLR_PRC,0,8
2024-08-31T01:00:00-00:00,2024-08-31T02:00:00-00:00,2024-08-30,19,0,Hourly,RU,AS_NP26_EXP,DAM,RU_CLR_PRC,0,8
2024-08-31T01:00:00-00:00,2024-08-31T02:00:00-00:00,2024-08-30,19,0,Hourly,RU,AS_SP26_EXP,DAM,RU_CLR_PRC,0,8
2024-08-31T02:00:00-00:00,2024-08-31T03:00:00-00:00,2024-08-30,20,0,Hourly,RU,AS_SP26_EXP,DAM,RU_CLR_PRC,1.71,8
2024-08-31T04:00:00-00:00,2024-08-31T05:00:00-00:00,2024-08-30,22,0,Hourly,RU,AS_SP26,DAM,RU_CLR_PRC,0,8
2024-08-31T05:00:00-00:00,2024-08-31T06:00:00-00:00,2024-08-30,23,0,Hourly,RU,AS_NP26_EXP,DAM,RU_CLR_PRC,0,8
2024-08-31T05:00:00-00:00,2024-08-31T06:00:00-00:00,2024-08-30,23,0,Hourly,RU,AS_SP26,DAM,RU_CLR_PRC,0,8
2024-08-31T06:00:00-00:00,2024-08-31T07:00:00-00:00,2024-08-30,24,0,Hourly,RU,AS_CAISO_EXP,DAM,RU_CLR_PRC,4.49743,8
2024-08-31T06:00:00-00:00,2024-08-31T07:00:00-00:00,2024-08-30,24,0,Hourly,RU,AS_SP26_EXP,DAM,RU_CLR_PRC,0,8
2024-08-30T07:00:00-00:00,2024-08-30T08:00:00-00:00,2024-08-30,1,0,Hourly,RU,AS_SP26_EXP,DAM,RU_CLR_PRC,0,8
2024-08-30T08:00:00-00:00,2024-08-30T09:00:00-00:00,2024-08-30,2,0,Hourly,RU,AS_NP26_EXP,DAM,RU_CLR_PRC,0,8
2024-08-30T09:00:00-00:00,2024-08-30T10:00:00-00:00,2024-08-30,3,0,Hourly,RU,AS_CAISO,DAM,RU_CLR_PRC,0,8
2024-08-30T09:00:00-00:00,2024-08-30T10:00:00-00:00,2024-08-30,3,0,Hourly,RU,AS_NP26,DAM,RU_CLR_PRC,0,8
2024-08-30T10:00:00-00:00,2024-08-30T11:00:00-00:00,2024-08-30,4,0,Hourly,RU,AS_NP26_EXP,DAM,RU_CLR_PRC,0.31,8
2024-08-30T10:00:00-00:00,2024-08-30T11:00:00-00:00,2024-08-30,4,0,Hourly,RU,AS_SP26,DAM,RU_CLR_PRC,0,8
2024-08-30T11:00:00-00:00,2024-08-30T12:00:00-00:00,2024-08-30,5,0,Hourly,RU,AS_CAISO,DAM,RU_CLR_PRC,0,8
2024-08-30T12:00:00-00:00,2024-08-30T13:00:00-00:00,2024-08-30,6,0,Hourly,RU,AS_CAISO_EXP,DAM,RU_CLR_PRC,0.73,8
2024-08-30T13:00:00-00:00,2024-08-30T14:00:00-00:00,2024-08-30,7,0,Hourly,RU,AS_NP26_EXP,DAM,RU_CLR_PRC,0,8
2024-08-30T14:00:00-00:00,2024-08-30T15:00:00-00:00,2024-08-30,8,0,Hourly,RU,AS_SP26_EXP,DAM,RU_CLR_PRC,0,8
2024-08-30T15:00:00-00:00,2024-08-30T16:00:00-00:00,2024-08-30,9,0,Hourly,RU,AS_SP26,DAM,RU_CLR_PRC,0,8
2024-08-30T16:00:00-00:00,2024-08-30T17:00:00-00:00,2024-08-30,10,0,Hourly,RU,AS_CAISO,DAM,RU_CLR_PRC,0,8
2024-08-30T17:00:00-00:00,2024-08-30T18:00:00-00:00,2024-08-30,11,0,Hourly,RU,AS_SP26_EXP,DAM,RU_CLR_PRC,0,8
2024-08-30T19:00:00-00:00,2024-08-30T20:00:00-00:00,2024-08-30,13,0,Hourly,RU,AS_CAISO,DAM,RU_CLR_PRC,0,8
2024-08-30T19:00:00-00:00,2024-08-30T20:00:00-00:00,2024-08-30,13,0,Hourly,RU,AS_NP26_EXP,DAM,RU_CLR_PRC,0.53,8
2024-08-30T20:00:00-00:00,2024-08-30T21:00:00-00:00,2024-08-30,14,0,Hourly,RU,AS_SP26,DAM,RU_CLR_PRC,0,8
2024-08-30T22:00:00-00:00,2024-08-30T23:00:00-00:00,2024-08-30,16,0,Hourly,RU,AS_NP26,DAM,RU_CLR_PRC,0,8
2024-08-31T01:00:00-00:00,2024-08-31T02:00:00-00:00,2024-08-30,19,0,Hourly,RU,AS_SP26,DAM,RU_CLR_PRC,0,8
2024-08-31T04:00:00-00:00,2024-08-31T05:00:00-00:00,2024-08-30,22,0,Hourly,RU,AS_SP26_EXP,DAM,RU_CLR_PRC,0,8
2024-08-31T06:00:00-00:00,2024-08-31T07:00:00-00:00,2024-08-30,24,0,Hourly,RU,AS_NP26_EXP,DAM,RU_CLR_PRC,0,8
2024-08-31T06:00:00-00:00,2024-08-31T07:00:00-00:00,2024-08-30,24,0,Hourly,RU,AS_SP26,DAM,RU_CLR_PRC,0,8
2024-08-30T07:00:00-00:00,2024-08-30T08:00:00-00:00,2024-08-30,1,0,Hourly,RU,AS_SP26,DAM,RU_CLR_PRC,0,8
2024-08-30T09:00:00-00:00,2024-08-30T10:00:00-00:00,2024-08-30,3,0,Hourly,RU,AS_CAISO_EXP,DAM,RU_CLR_PRC,0.76571,8
2024-08-30T10:00:00-00:00,2024-08-30T11:00:00-00:00,2024-08-30,4,0,Hourly,RU,AS_CAISO_EXP,DAM,RU_CLR_PRC,0.43,8
2024-08-30T11:00:00-00:00,2024-08-30T12:00:00-00:00,2024-08-30,5,0,Hourly,RU,AS_NP26,DAM,RU_CLR_PRC,0,8
2024-08-30T11:00:00-00:00,2024-08-30T12:00:00-00:00,2024-08-30,5,0,Hourly,RU,AS_NP26_EXP,DAM,RU_CLR_PRC,0.31,8
2024-08-30T11:00:00-00:00,2024-08-30T12:00:00-00:00,2024-08-30,5,0,Hourly,RU,AS_SP26,DAM,RU_CLR_PRC,0,8
2024-08-30T13:00:00-00:00,2024-08-30T14:00:00-00:00,2024-08-30,7,0,Hourly,RU,AS_CAISO_EXP,DAM,RU_CLR_PRC,2.77,8
2024-08-30T14:00:00-00:00,2024-08-30T15:00:00-00:00,2024-08-30,8,0,Hourly,RU,AS_SP26,DAM,RU_CLR_PRC,0,8
2024-08-30T15:00:00-00:00,2024-08-30T16:00:00-00:00,2024-08-30,9,0,Hourly,RU,AS_CAISO,DAM,RU_CLR_PRC,0,8
2024-08-30T17:00:00-00:00,2024-08-30T18:00:00-00:00,2024-08-30,11,0,Hourly,RU,AS_CAISO_EXP,DAM,RU_CLR_PRC,0.33,8
2024-08-30T17:00:00-00:00,2024-08-30T18:00:00-00:00,2024-08-30,11,0,Hourly,RU,AS_SP26,DAM,RU_CLR_PRC,0,8
2024-08-30T21:00:00-00:00,2024-08-30T22:00:00-00:00,2024-08-30,15,0,Hourly,RU,AS_CAISO_EXP,DAM,RU_CLR_PRC,0.14,8
2024-08-30T21:00:00-00:00,2024-08-30T22:00:00-00:00,2024-08-30,15,0,Hourly,RU,AS_SP26_EXP,DAM,RU_CLR_PRC,0,8
2024-08-31T00:00:00-00:00,2024-08-31T01:00:00-00:00,2024-08-30,18,0,Hourly,RU,AS_CAISO,DAM,RU_CLR_PRC,0,8
2024-08-31T00:00:00-00:00,2024-08-31T01:00:00-00:00,2024-08-30,18,0,Hourly,RU,AS_CAISO_EXP,DAM,RU_CLR_PRC,0.91068,8
2024-08-31T00:00:00-00:00,2024-08-31T01:00:00-00:00,2024-08-30,18,0,Hourly,RU,AS_NP26,DAM,RU_CLR_PRC,0,8
2024-08-31T00:00:00-00:00,2024-08-31T01:00:00-00:00,2024-08-30,18,0,Hourly,RU,AS_SP26_EXP,DAM,RU_CLR_PRC,0,8
2024-08-30T07:00:00-00:00,2024-08-30T08:00:00-00:00,2024-08-30,1,0,Hourly,RU,AS_CAISO,DAM,RU_CLR_PRC,0,8
2024-08-30T08:00:00-00:00,2024-08-30T09:00:00-00:00,2024-08-30,2,0,Hourly,RU,AS_SP26,DAM,RU_CLR_PRC,0,8
2024-08-30T12:00:00-00:00,2024-08-30T13:00:00-00:00,2024-08-30,6,0,Hourly,RU,AS_NP26_EXP,DAM,RU_CLR_PRC,0.31,8
2024-08-30T13:00:00-00:00,2024-08-30T14:00:00-00:00,2024-08-30,7,0,Hourly,RU,AS_NP26,DAM,RU_CLR_PRC,0,8
2024-08-30T16:00:00-00:00,2024-08-30T17:00:00-00:00,2024-08-30,10,0,Hourly,RU,AS_NP26_EXP,DAM,RU_CLR_PRC,0.16,8
2024-08-30T17:00:00-00:00,2024-08-30T18:00:00-00:00,2024-08-30,11,0,Hourly,RU,AS_CAISO,DAM,RU_CLR_PRC,0,8
2024-08-30T17:00:00-00:00,2024-08-30T18:00:00-00:00,2024-08-30,11,0,Hourly,RU,AS_NP26_EXP,DAM,RU_CLR_PRC,0.16,8
2024-08-30T19:00:00-00:00,2024-08-30T20:00:00-00:00,2024-08-30,13,0,Hourly,RU,AS_CAISO_EXP,DAM,RU_CLR_PRC,0.14,8
2024-08-30T21:00:00-00:00,2024-08-30T22:00:00-00:00,2024-08-30,15,0,Hourly,RU,AS_NP26,DAM,RU_CLR_PRC,0,8
2024-08-30T22:00:00-00:00,2024-08-30T23:00:00-00:00,2024-08-30,16,0,Hourly,RU,AS_CAISO_EXP,DAM,RU_CLR_PRC,0.43561,8
2024-08-30T22:00:00-00:00,2024-08-30T23:00:00-00:00,2024-08-30,16,0,Hourly,RU,AS_SP26,DAM,RU_CLR_PRC,0,8
2024-08-31T02:00:00-00:00,2024-08-31T03:00:00-00:00,2024-08-30,20,0,Hourly,RU,AS_CAISO,DAM,RU_CLR_PRC,0,8
2024-08-31T03:00:00-00:00,2024-08-31T04:00:00-00:00,2024-08-30,21,0,Hourly,RU,AS_CAISO_EXP,DAM,RU_CLR_PRC,1,8
2024-08-31T04:00:00-00:00,2024-08-31T05:00:00-00:00,2024-08-30,22,0,Hourly,RU,AS_NP26,DAM,RU_CLR_PRC,0,8
2024-08-31T05:00:00-00:00,2024-08-31T06:00:00-00:00,2024-08-30,23,0,Hourly,RU,AS_CAISO_EXP,DAM,RU_CLR_PRC,1.19,8
2024-08-31T06:00:00-00:00,2024-08-31T07:00:00-00:00,2024-08-30,24,0,Hourly,RU,AS_CAISO,DAM,RU_CLR_PRC,0,8
2024-08-30T07:00:00-00:00,2024-08-30T08:00:00-00:00,2024-08-30,1,0,Hourly,RU,AS_NP26,DAM,RU_CLR_PRC,0,8
2024-08-30T12:00:00-00:00,2024-08-30T13:00:00-00:00,2024-08-30,6,0,Hourly,RU,AS_NP26,DAM,RU_CLR_PRC,0,8
2024-08-30T14:00:00-00:00,2024-08-30T15:00:00-00:00,2024-08-30,8,0,Hourly,RU,AS_CAISO_EXP,DAM,RU_CLR_PRC,3.44239,8
2024-08-30T16:00:00-00:00,2024-08-30T17:00:00-00:00,2024-08-30,10,0,Hourly,RU,AS_SP26,DAM,RU_CLR_PRC,0,8
2024-08-30T16:00:00-00:00,2024-08-30T17:00:00-00:00,2024-08-30,10,0,Hourly,RU,AS_SP26_EXP,DAM,RU_CLR_PRC,0,8
2024-08-30T17:00:00-00:00,2024-08-30T18:00:00-00:00,2024-08-30,11,0,Hourly,RU,AS_NP26,DAM,RU_CLR_PRC,0,8
2024-08-30T20:00:00-00:00,2024-08-30T21:00:00-00:00,2024-08-30,14,0,Hourly,RU,AS_NP26_EXP,DAM,RU_CLR_PRC,0.92123,8
2024-08-30T21:00:00-00:00,2024-08-30T22:00:00-00:00,2024-08-30,15,0,Hourly,RU,AS_NP26_EXP,DAM,RU_CLR_PRC,1.02348,8
2024-08-30T23:00:00-00:00,2024-08-31T00:00:00-00:00,2024-08-30,17,0,Hourly,RU,AS_CAISO_EXP,DAM,RU_CLR_PRC,0.4995,8
2024-08-31T00:00:00-00:00,2024-08-31T01:00:00-00:00,2024-08-30,18,0,Hourly,RU,AS_NP26_EXP,DAM,RU_CLR_PRC,4.08932,8
2024-08-31T00:00:00-00:00,2024-08-31T01:00:00-00:00,2024-08-30,18,0,Hourly,RU,AS_SP26,DAM,RU_CLR_PRC,0,8
2024-08-31T02:00:00-00:00,2024-08-31T03:00:00-00:00,2024-08-30,20,0,Hourly,RU,AS_SP26,DAM,RU_CLR_PRC,0,8
2024-08-31T03:00:00-00:00,2024-08-31T04:00:00-00:00,2024-08-30,21,0,Hourly,RU,AS_CAISO,DAM,RU_CLR_PRC,0,8
2024-08-31T03:00:00-00:00,2024-08-31T04:00:00-00:00,2024-08-30,21,0,Hourly,RU,AS_SP26,DAM,RU_CLR_PRC,0,8
2024-08-30T07:00:00-00:00,2024-08-30T08:00:00-00:00,2024-08-30,1,0,Hourly,RU,AS_NP26_EXP,DAM,RU_CLR_PRC,0.12077,8
2024-08-30T09:00:00-00:00,2024-08-30T10:00:00-00:00,2024-08-30,3,0,Hourly,RU,AS_NP26_EXP,DAM,RU_CLR_PRC,0.31,8
2024-08-30T09:00:00-00:00,2024-08-30T10:00:00-00:00,2024-08-30,3,0,Hourly,RU,AS_SP26_EXP,DAM,RU_CLR_PRC,0,8
2024-08-30T10:00:00-00:00,2024-08-30T11:00:00-00:00,2024-08-30,4,0,Hourly,RU,AS_NP26,DAM,RU_CLR_PRC,0,8
2024-08-30T10:00:00-00:00,2024-08-30T11:00:00-00:00,2024-08-30,4,0,Hourly,RU,AS_SP26_EXP,DAM,RU_CLR_PRC,0,8
2024-08-30T14:00:00-00:00,2024-08-30T15:00:00-00:00,2024-08-30,8,0,Hourly,RU,AS_NP26,DAM,RU_CLR_PRC,0,8
2024-08-30T14:00:00-00:00,2024-08-30T15:00:00-00:00,2024-08-30,8,0,Hourly,RU,AS_NP26_EXP,DAM,RU_CLR_PRC,0,8
2024-08-30T18:00:00-00:00,2024-08-30T19:00:00-00:00,2024-08-30,12,0,Hourly,RU,AS_NP26,DAM,RU_CLR_PRC,0,8
2024-08-30T18:00:00-00:00,2024-08-30T19:00:00-00:00,2024-08-30,12,0,Hourly,RU,AS_SP26,DAM,RU_CLR_PRC,0,8
2024-08-30T20:00:00-00:00,2024-08-30T21:00:00-00:00,2024-08-30,14,0,Hourly,RU,AS_CAISO,DAM,RU_CLR_PRC,0,8
2024-08-30T20:00:00-00:00,2024-08-30T21:00:00-00:00,2024-08-30,14,0,Hourly,RU,AS_SP26_EXP,DAM,RU_CLR_PRC,0,8
2024-08-30T21:00:00-00:00,2024-08-30T22:00:00-00:00,2024-08-30,15,0,Hourly,RU,AS_CAISO,DAM,RU_CLR_PRC,0,8
2024-08-30T23:00:00-00:00,2024-08-31T00:00:00-00:00,2024-08-30,17,0,Hourly,RU,AS_SP26_EXP,DAM,RU_CLR_PRC,0,8
2024-08-31T01:00:00-00:00,2024-08-31T02:00:00-00:00,2024-08-30,19,0,Hourly,RU,AS_CAISO,DAM,RU_CLR_PRC,0,8
2024-08-31T02:00:00-00:00,2024-08-31T03:00:00-00:00,2024-08-30,20,0,Hourly,RU,AS_NP26,DAM,RU_CLR_PRC,0,8
2024-08-31T03:00:00-00:00,2024-08-31T04:00:00-00:00,2024-08-30,21,0,Hourly,RU,AS_NP26,DAM,RU_CLR_PRC,0,8
2024-08-31T03:00:00-00:00,2024-08-31T04:00:00-00:00,2024-08-30,21,0,Hourly,RU,AS_NP26_EXP,DAM,RU_CLR_PRC,4,8
2024-08-31T03:00:00-00:00,2024-08-31T04:00:00-00:00,2024-08-30,21,0,Hourly,RU,AS_SP26_EXP,DAM,RU_CLR_PRC,0,8
2024-08-31T04:00:00-00:00,2024-08-31T05:00:00-00:00,2024-08-30,22,0,Hourly,RU,AS_CAISO_EXP,DAM,RU_CLR_PRC,2.15671,8
2024-08-30T20:00:00-00:00,2024-08-30T21:00:00-00:00,2024-08-30,14,0,Hourly,RU,AS_CAISO_EXP,DAM,RU_CLR_PRC,0.14,8
2024-08-30T20:00:00-00:00,2024-08-30T21:00:00-00:00,2024-08-30,14,0,Hourly,RU,AS_NP26,DAM,RU_CLR_PRC,0,8
2024-08-30T22:00:00-00:00,2024-08-30T23:00:00-00:00,2024-08-30,16,0,Hourly,RU,AS_SP26_EXP,DAM,RU_CLR_PRC,0,8
2024-08-30T23:00:00-00:00,2024-08-31T00:00:00-00:00,2024-08-30,17,0,Hourly,RU,AS_CAISO,DAM,RU_CLR_PRC,0,8
2024-08-31T04:00:00-00:00,2024-08-31T05:00:00-00:00,2024-08-30,22,0,Hourly,RU,AS_CAISO,DAM,RU_CLR_PRC,0,8
2024-08-31T04:00:00-00:00,2024-08-31T05:00:00-00:00,2024-08-30,22,0,Hourly,RU,AS_NP26_EXP,DAM,RU_CLR_PRC,2.43708,8
2024-08-31T06:00:00-00:00,2024-08-31T07:00:00-00:00,2024-08-30,24,0,Hourly,RU,AS_NP26,DAM,RU_CLR_PRC,0,8
2024-08-30T07:00:00-00:00,2024-08-30T08:00:00-00:00,2024-08-30,1,0,Hourly,RU,AS_CAISO_EXP,DAM,RU_CLR_PRC,0.72214,8
2024-08-30T16:00:00-00:00,2024-08-30T17:00:00-00:00,2024-08-30,10,0,Hourly,RU,AS_CAISO_EXP,DAM,RU_CLR_PRC,0.67898,8
2024-08-30T16:00:00-00:00,2024-08-30T17:00:00-00:00,2024-08-30,10,0,Hourly,RU,AS_NP26,DAM,RU_CLR_PRC,0,8
2024-08-30T18:00:00-00:00,2024-08-30T19:00:00-00:00,2024-08-30,12,0,Hourly,RU,AS_NP26_EXP,DAM,RU_CLR_PRC,0.16,8
2024-08-30T19:00:00-00:00,2024-08-30T20:00:00-00:00,2024-08-30,13,0,Hourly,RU,AS_NP26,DAM,RU_CLR_PRC,0,8
2024-08-30T19:00:00-00:00,2024-08-30T20:00:00-00:00,2024-08-30,13,0,Hourly,RU,AS_SP26,DAM,RU_CLR_PRC,0,8
2024-08-30T19:00:00-00:00,2024-08-30T20:00:00-00:00,2024-08-30,13,0,Hourly,RU,AS_SP26_EXP,DAM,RU_CLR_PRC,0,8
2024-08-30T08:00:00-00:00,2024-08-30T09:00:00-00:00,2024-08-30,2,0,Hourly,RU,AS_NP26,DAM,RU_CLR_PRC,0,8
2024-08-31T18:00:00-00:00,2024-08-31T19:00:00-00:00,2024-08-31,12,0,Hourly,RU,AS_NP26_EXP,DAM,RU_CLR_PRC,0.35065,9
2024-08-31T20:00:00-00:00,2024-08-31T21:00:00-00:00,2024-08-31,14,0,Hourly,RU,AS_NP26,DAM,RU_CLR_PRC,0,9
2024-08-31T22:00:00-00:00,2024-08-31T23:00:00-00:00,2024-08-31,16,0,Hourly,RU,AS_SP26,DAM,RU_CLR_PRC,0,9
2024-08-31T22:00:00-00:00,2024-08-31T23:00:00-00:00,2024-08-31,16,0,Hourly,RU,AS_SP26_EXP,DAM,RU_CLR_PRC,0,9
2024-09-01T00:00:00-00:00,2024-09-01T01:00:00-00:00,2024-08-31,18,0,Hourly,RU,AS_NP26,DAM,RU_CLR_PRC,0,9
2024-09-01T03:00:00-00:00,2024-09-01T04:00:00-00:00,2024-08-31,21,0,Hourly,RU,AS_NP26,DAM,RU_CLR_PRC,0,9
2024-09-01T03:00:00-00:00,2024-09-01T04:00:00-00:00,2024-08-31,21,0,Hourly,RU,AS_SP26_EXP,DAM,RU_CLR_PRC,0,9
2024-09-01T05:00:00-00:00,2024-09-01T06:00:00-00:00,2024-08-31,23,0,Hourly,RU,AS_CAISO,DAM,RU_CLR_PRC,0,9
2024-09-01T05:00:00-00:00,2024-09-01T06:00:00-00:00,2024-08-31,23,0,Hourly,RU,AS_NP26,DAM,RU_CLR_PRC,0,9
2024-08-31T07:00:00-00:00,2024-08-31T08:00:00-00:00,2024-08-31,1,0,Hourly,RU,AS_SP26_EXP,DAM,RU_CLR_PRC,0,9
2024-08-31T08:00:00-00:00,2024-08-31T09:00:00-00:00,2024-08-31,2,0,Hourly,RU,AS_SP26,DAM,RU_CLR_PRC,0,9
2024-08-31T09:00:00-00:00,2024-08-31T10:00:00-00:00,2024-08-31,3,0,Hourly,RU,AS_CAISO,DAM,RU_CLR_PRC,0,9
2024-08-31T09:00:00-00:00,2024-08-31T10:00:00-00:00,2024-08-31,3,0,Hourly,RU,AS_NP26,DAM,RU_CLR_PRC,0,9
2024-08-31T10:00:00-00:00,2024-08-31T11:00:00-00:00,2024-08-31,4,0,Hourly,RU,AS_NP26_EXP,DAM,RU_CLR_PRC,0,9
2024-08-31T11:00:00-00:00,2024-08-31T12:00:00-00:00,2024-08-31,5,0,Hourly,RU,AS_NP26,DAM,RU_CLR_PRC,0,9
2024-08-31T12:00:00-00:00,2024-08-31T13:00:00-00:00,2024-08-31,6,0,Hourly,RU,AS_CAISO,DAM,RU_CLR_PRC,0,9
2024-08-31T10:00:00-00:00,2024-08-31T11:00:00-00:00,2024-08-31,4,0,Hourly,RU,AS_CAISO,DAM,RU_CLR_PRC,0,9
2024-08-31T10:00:00-00:00,2024-08-31T11:00:00-00:00,2024-08-31,4,0,Hourly,RU,AS_SP26_EXP,DAM,RU_CLR_PRC,0,9
2024-08-31T11:00:00-00:00,2024-08-31T12:00:00-00:00,2024-08-31,5,0,Hourly,RU,AS_SP26_EXP,DAM,RU_CLR_PRC,0,9
2024-08-31T15:00:00-00:00,2024-08-31T16:00:00-00:00,2024-08-31,9,0,Hourly,RU,AS_SP26,DAM,RU_CLR_PRC,0,9
2024-08-31T16:00:00-00:00,2024-08-31T17:00:00-00:00,2024-08-31,10,0,Hourly,RU,AS_NP26_EXP,DAM,RU_CLR_PRC,1.74957,9
2024-08-31T18:00:00-00:00,2024-08-31T19:00:00-00:00,2024-08-31,12,0,Hourly,RU,AS_NP26,DAM,RU_CLR_PRC,0,9
2024-08-31T19:00:00-00:00,2024-08-31T20:00:00-00:00,2024-08-31,13,0,Hourly,RU,AS_SP26_EXP,DAM,RU_CLR_PRC,0,9
2024-08-31T21:00:00-00:00,2024-08-31T22:00:00-00:00,2024-08-31,15,0,Hourly,RU,AS_NP26,DAM,RU_CLR_PRC,0,9
2024-08-31T23:00:00-00:00,2024-09-01T00:00:00-00:00,2024-08-31,17,0,Hourly,RU,AS_CAISO_EXP,DAM,RU_CLR_PRC,0.30884,9
2024-08-31T23:00:00-00:00,2024-09-01T00:00:00-00:00,2024-08-31,17,0,Hourly,RU,AS_SP26_EXP,DAM,RU_CLR_PRC,0,9
2024-09-01T00:00:00-00:00,2024-09-01T01:00:00-00:00,2024-08-31,18,0,Hourly,RU,AS_CAISO_EXP,DAM,RU_CLR_PRC,0.65482,9
2024-09-01T02:00:00-00:00,2024-09-01T03:00:00-00:00,2024-08-31,20,0,Hourly,RU,AS_SP26,DAM,RU_CLR_PRC,0,9
2024-09-01T03:00:00-00:00,2024-09-01T04:00:00-00:00,2024-08-31,21,0,Hourly,RU,AS_CAISO_EXP,DAM,RU_CLR_PRC,4.27455,9
2024-09-01T04:00:00-00:00,2024-09-01T05:00:00-00:00,2024-08-31,22,0,Hourly,RU,AS_CAISO_EXP,DAM,RU_CLR_PRC,1.05135,9
2024-09-01T05:00:00-00:00,2024-09-01T06:00:00-00:00,2024-08-31,23,0,Hourly,RU,AS_NP26_EXP,DAM,RU_CLR_PRC,0.60125,9
2024-09-01T06:00:00-00:00,2024-09-01T07:00:00-00:00,2024-08-31,24,0,Hourly,RU,AS_NP26_EXP,DAM,RU_CLR_PRC,0,9
2024-09-01T01:00:00-00:00,2024-09-01T02:00:00-00:00,2024-08-31,19,0,Hourly,RU,AS_CAISO,DAM,RU_CLR_PRC,0,9
2024-09-01T01:00:00-00:00,2024-09-01T02:00:00-00:00,2024-08-31,19,0,Hourly,RU,AS_SP26_EXP,DAM,RU_CLR_PRC,0,9
2024-09-01T04:00:00-00:00,2024-09-01T05:00:00-00:00,2024-08-31,22,0,Hourly,RU,AS_NP26,DAM,RU_CLR_PRC,0,9
2024-09-01T06:00:00-00:00,2024-09-01T07:00:00-00:00,2024-08-31,24,0,Hourly,RU,AS_SP26,DAM,RU_CLR_PRC,0,9
2024-09-01T06:00:00-00:00,2024-09-01T07:00:00-00:00,2024-08-31,24,0,Hourly,RU,AS_SP26_EXP,DAM,RU_CLR_PRC,0,9
2024-08-31T07:00:00-00:00,2024-08-31T08:00:00-00:00,2024-08-31,1,0,Hourly,RU,AS_SP26,DAM,RU_CLR_PRC,0,9
2024-08-31T09:00:00-00:00,2024-08-31T10:00:00-00:00,2024-08-31,3,0,Hourly,RU,AS_CAISO_EXP,DAM,RU_CLR_PRC,0.45,9
2024-08-31T12:00:00-00:00,2024-08-31T13:00:00-00:00,2024-08-31,6,0,Hourly,RU,AS_CAISO_EXP,DAM,RU_CLR_PRC,1.66548,9
2024-08-31T12:00:00-00:00,2024-08-31T13:00:00-00:00,2024-08-31,6,0,Hourly,RU,AS_NP26,DAM,RU_CLR_PRC,0,9
2024-08-31T13:00:00-00:00,2024-08-31T14:00:00-00:00,2024-08-31,7,0,Hourly,RU,AS_CAISO,DAM,RU_CLR_PRC,0,9
2024-08-31T14:00:00-00:00,2024-08-31T15:00:00-00:00,2024-08-31,8,0,Hourly,RU,AS_SP26,DAM,RU_CLR_PRC,0,9
2024-08-31T15:00:00-00:00,2024-08-31T16:00:00-00:00,2024-08-31,9,0,Hourly,RU,AS_CAISO_EXP,DAM,RU_CLR_PRC,0.18,9
2024-08-31T18:00:00-00:00,2024-08-31T19:00:00-00:00,2024-08-31,12,0,Hourly,RU,AS_CAISO,DAM,RU_CLR_PRC,0,9
2024-08-31T18:00:00-00:00,2024-08-31T19:00:00-00:00,2024-08-31,12,0,Hourly,RU,AS_SP26_EXP,DAM,RU_CLR_PRC,0,9
2024-08-31T20:00:00-00:00,2024-08-31T21:00:00-00:00,2024-08-31,14,0,Hourly,RU,AS_CAISO_EXP,DAM,RU_CLR_PRC,0.14,9
2024-08-31T20:00:00-00:00,2024-08-31T21:00:00-00:00,2024-08-31,14,0,Hourly,RU,AS_SP26_EXP,DAM,RU_CLR_PRC,0,9
2024-08-31T21:00:00-00:00,2024-08-31T22:00:00-00:00,2024-08-31,15,0,Hourly,RU,AS_CAISO_EXP,DAM,RU_CLR_PRC,0.14,9
2024-08-31T22:00:00-00:00,2024-08-31T23:00:00-00:00,2024-08-31,16,0,Hourly,RU,AS_CAISO_EXP,DAM,RU_CLR_PRC,1,9
2024-08-31T07:00:00-00:00,2024-08-31T08:00:00-00:00,2024-08-31,1,0,Hourly,RU,AS_NP26_EXP,DAM,RU_CLR_PRC,0,9
2024-08-31T09:00:00-00:00,2024-08-31T10:00:00-00:00,2024-08-31,3,0,Hourly,RU,AS_NP26_EXP,DAM,RU_CLR_PRC,0,9
2024-08-31T10:00:00-00:00,2024-08-31T11:00:00-00:00,2024-08-31,4,0,Hourly,RU,AS_NP26,DAM,RU_CLR_PRC,0,9
2024-08-31T11:00:00-00:00,2024-08-31T12:00:00-00:00,2024-08-31,5,0,Hourly,RU,AS_NP26_EXP,DAM,RU_CLR_PRC,0,9
2024-08-31T13:00:00-00:00,2024-08-31T14:00:00-00:00,2024-08-31,7,0,Hourly,RU,AS_NP26,DAM,RU_CLR_PRC,0,9
2024-08-31T13:00:00-00:00,2024-08-31T14:00:00-00:00,2024-08-31,7,0,Hourly,RU,AS_NP26_EXP,DAM,RU_CLR_PRC,0,9
2024-08-31T16:00:00-00:00,2024-08-31T17:00:00-00:00,2024-08-31,10,0,Hourly,RU,AS_CAISO_EXP,DAM,RU_CLR_PRC,0.25043,9
2024-08-31T19:00:00-00:00,2024-08-31T20:00:00-00:00,2024-08-31,13,0,Hourly,RU,AS_NP26_EXP,DAM,RU_CLR_PRC,0.38206,9
2024-08-31T20:00:00-00:00,2024-08-31T21:00:00-00:00,2024-08-31,14,0,Hourly,RU,AS_CAISO,DAM,RU_CLR_PRC,0,9
2024-08-31T20:00:00-00:00,2024-08-31T21:00:00-00:00,2024-08-31,14,0,Hourly,RU,AS_NP26_EXP,DAM,RU_CLR_PRC,0.16,9
2024-08-31T21:00:00-00:00,2024-08-31T22:00:00-00:00,2024-08-31,15,0,Hourly,RU,AS_CAISO,DAM,RU_CLR_PRC,0,9
2024-09-01T01:00:00-00:00,2024-09-01T02:00:00-00:00,2024-08-31,19,0,Hourly,RU,AS_NP26_EXP,DAM,RU_CLR_PRC,0,9
2024-08-31T07:00:00-00:00,2024-08-31T08:00:00-00:00,2024-08-31,1,0,Hourly,RU,AS_CAISO,DAM,RU_CLR_PRC,0,9
2024-08-31T08:00:00-00:00,2024-08-31T09:00:00-00:00,2024-08-31,2,0,Hourly,RU,AS_CAISO_EXP,DAM,RU_CLR_PRC,0.49147,9
2024-08-31T11:00:00-00:00,2024-08-31T12:00:00-00:00,2024-08-31,5,0,Hourly,RU,AS_CAISO,DAM,RU_CLR_PRC,0,9
2024-08-31T11:00:00-00:00,2024-08-31T12:00:00-00:00,2024-08-31,5,0,Hourly,RU,AS_SP26,DAM,RU_CLR_PRC,0,9
2024-08-31T14:00:00-00:00,2024-08-31T15:00:00-00:00,2024-08-31,8,0,Hourly,RU,AS_NP26,DAM,RU_CLR_PRC,0,9
2024-08-31T17:00:00-00:00,2024-08-31T18:00:00-00:00,2024-08-31,11,0,Hourly,RU,AS_CAISO_EXP,DAM,RU_CLR_PRC,0.57043,9
2024-08-31T17:00:00-00:00,2024-08-31T18:00:00-00:00,2024-08-31,11,0,Hourly,RU,AS_SP26_EXP,DAM,RU_CLR_PRC,0,9
2024-08-31T18:00:00-00:00,2024-08-31T19:00:00-00:00,2024-08-31,12,0,Hourly,RU,AS_CAISO_EXP,DAM,RU_CLR_PRC,0.5405,9
2024-08-31T20:00:00-00:00,2024-08-31T21:00:00-00:00,2024-08-31,14,0,Hourly,RU,AS_SP26,DAM,RU_CLR_PRC,0,9
2024-08-31T22:00:00-00:00,2024-08-31T23:00:00-00:00,2024-08-31,16,0,Hourly,RU,AS_NP26_EXP,DAM,RU_CLR_PRC,1.06718,9
2024-09-01T01:00:00-00:00,2024-09-01T02:00:00-00:00,2024-08-31,19,0,Hourly,RU,AS_CAISO_EXP,DAM,RU_CLR_PRC,6,9
2024-09-01T02:00:00-00:00,2024-09-01T03:00:00-00:00,2024-08-31,20,0,Hourly,RU,AS_NP26,DAM,RU_CLR_PRC,0,9
2024-09-01T04:00:00-00:00,2024-09-01T05:00:00-00:00,2024-08-31,22,0,Hourly,RU,AS_NP26_EXP,DAM,RU_CLR_PRC,3.90262,9
2024-09-01T04:00:00-00:00,2024-09-01T05:00:00-00:00,2024-08-31,22,0,Hourly,RU,AS_SP26_EXP,DAM,RU_CLR_PRC,0,9
2024-09-01T05:00:00-00:00,2024-09-01T06:00:00-00:00,2024-08-31,23,0,Hourly,RU,AS_SP26,DAM,RU_CLR_PRC,0,9
2024-09-01T05:00:00-00:00,2024-09-01T06:00:00-00:00,2024-08-31,23,0,Hourly,RU,AS_SP26_EXP,DAM,RU_CLR_PRC,0,9
2024-09-01T06:00:00-00:00,2024-09-01T07:00:00-00:00,2024-08-31,24,0,Hourly,RU,AS_CAISO_EXP,DAM,RU_CLR_PRC,5,9
2024-08-31T16:00:00-00:00,2024-08-31T17:00:00-00:00,2024-08-31,10,0,Hourly,RU,AS_CAISO,DAM,RU_CLR_PRC,0,9
2024-08-31T19:00:00-00:00,2024-08-31T20:00:00-00:00,2024-08-31,13,0,Hourly,RU,AS_CAISO_EXP,DAM,RU_CLR_PRC,0.14,9
2024-08-31T19:00:00-00:00,2024-08-31T20:00:00-00:00,2024-08-31,13,0,Hourly,RU,AS_NP26,DAM,RU_CLR_PRC,0,9
2024-08-31T23:00:00-00:00,2024-09-01T00:00:00-00:00,2024-08-31,17,0,Hourly,RU,AS_NP26,DAM,RU_CLR_PRC,0,9
2024-08-31T23:00:00-00:00,2024-09-01T00:00:00-00:00,2024-08-31,17,0,Hourly,RU,AS_SP26,DAM,RU_CLR_PRC,0,9
2024-09-01T00:00:00-00:00,2024-09-01T01:00:00-00:00,2024-08-31,18,0,Hourly,RU,AS_CAISO,DAM,RU_CLR_PRC,0,9
2024-09-01T00:00:00-00:00,2024-09-01T01:00:00-00:00,2024-08-31,18,0,Hourly,RU,AS_NP26_EXP,DAM,RU_CLR_PRC,4.31745,9
2024-09-01T01:00:00-00:00,2024-09-01T02:00:00-00:00,2024-08-31,19,0,Hourly,RU,AS_SP26,DAM,RU_CLR_PRC,0,9
2024-09-01T02:00:00-00:00,2024-09-01T03:00:00-00:00,2024-08-31,20,0,Hourly,RU,AS_CAISO_EXP,DAM,RU_CLR_PRC,7.388,9
2024-09-01T02:00:00-00:00,2024-09-01T03:00:00-00:00,2024-08-31,20,0,Hourly,RU,AS_SP26_EXP,DAM,RU_CLR_PRC,0.262,9
2024-09-01T03:00:00-00:00,2024-09-01T04:00:00-00:00,2024-08-31,21,0,Hourly,RU,AS_SP26,DAM,RU_CLR_PRC,0,9
2024-08-31T07:00:00-00:00,2024-08-31T08:00:00-00:00,2024-08-31,1,0,Hourly,RU,AS_NP26,DAM,RU_CLR_PRC,0,9
2024-08-31T12:00:00-00:00,2024-08-31T13:00:00-00:00,2024-08-31,6,0,Hourly,RU,AS_NP26_EXP,DAM,RU_CLR_PRC,0.10096,9
2024-08-31T12:00:00-00:00,2024-08-31T13:00:00-00:00,2024-08-31,6,0,Hourly,RU,AS_SP26_EXP,DAM,RU_CLR_PRC,0,9
2024-08-31T13:00:00-00:00,2024-08-31T14:00:00-00:00,2024-08-31,7,0,Hourly,RU,AS_CAISO_EXP,DAM,RU_CLR_PRC,3.43177,9
2024-08-31T14:00:00-00:00,2024-08-31T15:00:00-00:00,2024-08-31,8,0,Hourly,RU,AS_CAISO_EXP,DAM,RU_CLR_PRC,5,9
2024-08-31T15:00:00-00:00,2024-08-31T16:00:00-00:00,2024-08-31,9,0,Hourly,RU,AS_CAISO,DAM,RU_CLR_PRC,0,9
2024-08-31T15:00:00-00:00,2024-08-31T16:00:00-00:00,2024-08-31,9,0,Hourly,RU,AS_NP26,DAM,RU_CLR_PRC,0,9
2024-08-31T15:00:00-00:00,2024-08-31T16:00:00-00:00,2024-08-31,9,0,Hourly,RU,AS_NP26_EXP,DAM,RU_CLR_PRC,0.31,9
2024-08-31T16:00:00-00:00,2024-08-31T17:00:00-00:00,2024-08-31,10,0,Hourly,RU,AS_SP26_EXP,DAM,RU_CLR_PRC,0,9
2024-08-31T17:00:00-00:00,2024-08-31T18:00:00-00:00,2024-08-31,11,0,Hourly,RU,AS_CAISO,DAM,RU_CLR_PRC,0,9
2024-08-31T17:00:00-00:00,2024-08-31T18:00:00-00:00,2024-08-31,11,0,Hourly,RU,AS_NP26_EXP,DAM,RU_CLR_PRC,0.57753,9
2024-08-31T18:00:00-00:00,2024-08-31T19:00:00-00:00,2024-08-31,12,0,Hourly,RU,AS_SP26,DAM,RU_CLR_PRC,0,9
2024-08-31T19:00:00-00:00,2024-08-31T20:00:00-00:00,2024-08-31,13,0,Hourly,RU,AS_CAISO,DAM,RU_CLR_PRC,0,9
2024-08-31T09:00:00-00:00,2024-08-31T10:00:00-00:00,2024-08-31,3,0,Hourly,RU,AS_SP26,DAM,RU_CLR_PRC,0,9
2024-08-31T09:00:00-00:00,2024-08-31T10:00:00-00:00,2024-08-31,3,0,Hourly,RU,AS_SP26_EXP,DAM,RU_CLR_PRC,0,9
2024-08-31T10:00:00-00:00,2024-08-31T11:00:00-00:00,2024-08-31,4,0,Hourly,RU,AS_CAISO_EXP,DAM,RU_CLR_PRC,0.55,9
2024-08-31T10:00:00-00:00,2024-08-31T11:00:00-00:00,2024-08-31,4,0,Hourly,RU,AS_SP26,DAM,RU_CLR_PRC,0,9
2024-08-31T11:00:00-00:00,2024-08-31T12:00:00-00:00,2024-08-31,5,0,Hourly,RU,AS_CAISO_EXP,DAM,RU_CLR_PRC,0.45,9
2024-08-31T14:00:00-00:00,2024-08-31T15:00:00-00:00,2024-08-31,8,0,Hourly,RU,AS_CAISO,DAM,RU_CLR_PRC,0,9
2024-08-31T14:00:00-00:00,2024-08-31T15:00:00-00:00,2024-08-31,8,0,Hourly,RU,AS_NP26_EXP,DAM,RU_CLR_PRC,0,9
2024-08-31T17:00:00-00:00,2024-08-31T18:00:00-00:00,2024-08-31,11,0,Hourly,RU,AS_NP26,DAM,RU_CLR_PRC,0,9
2024-08-31T17:00:00-00:00,2024-08-31T18:00:00-00:00,2024-08-31,11,0,Hourly,RU,AS_SP26,DAM,RU_CLR_PRC,0,9
2024-08-31T19:00:00-00:00,2024-08-31T20:00:00-00:00,2024-08-31,13,0,Hourly,RU,AS_SP26,DAM,RU_CLR_PRC,0,9
2024-08-31T21:00:00-00:00,2024-08-31T22:00:00-00:00,2024-08-31,15,0,Hourly,RU,AS_SP26,DAM,RU_CLR_PRC,0,9
2024-08-31T22:00:00-00:00,2024-08-31T23:00:00-00:00,2024-08-31,16,0,Hourly,RU,AS_NP26,DAM,RU_CLR_PRC,0,9
2024-08-31T23:00:00-00:00,2024-09-01T00:00:00-00:00,2024-08-31,17,0,Hourly,RU,AS_CAISO,DAM,RU_CLR_PRC,0,9
2024-09-01T00:00:00-00:00,2024-09-01T01:00:00-00:00,2024-08-31,18,0,Hourly,RU,AS_SP26_EXP,DAM,RU_CLR_PRC,0,9
2024-09-01T01:00:00-00:00,2024-09-01T02:00:00-00:00,2024-08-31,19,0,Hourly,RU,AS_NP26,DAM,RU_CLR_PRC,0,9
2024-09-01T02:00:00-00:00,2024-09-01T03:00:00-00:00,2024-08-31,20,0,Hourly,RU,AS_CAISO,DAM,RU_CLR_PRC,0,9
2024-09-01T02:00:00-00:00,2024-09-01T03:00:00-00:00,2024-08-31,20,0,Hourly,RU,AS_NP26_EXP,DAM,RU_CLR_PRC,0,9
2024-09-01T03:00:00-00:00,2024-09-01T04:00:00-00:00,2024-08-31,21,0,Hourly,RU,AS_CAISO,DAM,RU_CLR_PRC,0,9
2024-09-01T03:00:00-00:00,2024-09-01T04:00:00-00:00,2024-08-31,21,0,Hourly,RU,AS_NP26_EXP,DAM,RU_CLR_PRC,0,9
2024-09-01T04:00:00-00:00,2024-09-01T05:00:00-00:00,2024-08-31,22,0,Hourly,RU,AS_CAISO,DAM,RU_CLR_PRC,0,9
2024-09-01T05:00:00-00:00,2024-09-01T06:00:00-00:00,2024-08-31,23,0,Hourly,RU,AS_CAISO_EXP,DAM,RU_CLR_PRC,1.43875,9
2024-09-01T06:00:00-00:00,2024-09-01T07:00:00-00:00,2024-08-31,24,0,Hourly,RU,AS_CAISO,DAM,RU_CLR_PRC,0,9
2024-09-01T06:00:00-00:00,2024-09-01T07:00:00-00:00,2024-08-31,24,0,Hourly,RU,AS_NP26,DAM,RU_CLR_PRC,0,9
2024-08-31T08:00:00-00:00,2024-08-31T09:00:00-00:00,2024-08-31,2,0,Hourly,RU,AS_NP26_EXP,DAM,RU_CLR_PRC,0,9
2024-08-31T07:00:00-00:00,2024-08-31T08:00:00-00:00,2024-08-31,1,0,Hourly,RU,AS_CAISO_EXP,DAM,RU_CLR_PRC,1.98437,9
2024-08-31T08:00:00-00:00,2024-08-31T09:00:00-00:00,2024-08-31,2,0,Hourly,RU,AS_NP26,DAM,RU_CLR_PRC,0,9
2024-08-31T08:00:00-00:00,2024-08-31T09:00:00-00:00,2024-08-31,2,0,Hourly,RU,AS_SP26_EXP,DAM,RU_CLR_PRC,0,9
2024-08-31T12:00:00-00:00,2024-08-31T13:00:00-00:00,2024-08-31,6,0,Hourly,RU,AS_SP26,DAM,RU_CLR_PRC,0,9
2024-08-31T13:00:00-00:00,2024-08-31T14:00:00-00:00,2024-08-31,7,0,Hourly,RU,AS_SP26,DAM,RU_CLR_PRC,0,9
2024-08-31T13:00:00-00:00,2024-08-31T14:00:00-00:00,2024-08-31,7,0,Hourly,RU,AS_SP26_EXP,DAM,RU_CLR_PRC,0.06227,9
2024-08-31T14:00:00-00:00,2024-08-31T15:00:00-00:00,2024-08-31,8,0,Hourly,RU,AS_SP26_EXP,DAM,RU_CLR_PRC,2.71,9
2024-08-31T15:00:00-00:00,2024-08-31T16:00:00-00:00,2024-08-31,9,0,Hourly,RU,AS_SP26_EXP,DAM,RU_CLR_PRC,0.56856,9
2024-08-31T16:00:00-00:00,2024-08-31T17:00:00-00:00,2024-08-31,10,0,Hourly,RU,AS_NP26,DAM,RU_CLR_PRC,0,9
2024-08-31T16:00:00-00:00,2024-08-31T17:00:00-00:00,2024-08-31,10,0,Hourly,RU,AS_SP26,DAM,RU_CLR_PRC,0,9
2024-08-31T21:00:00-00:00,2024-08-31T22:00:00-00:00,2024-08-31,15,0,Hourly,RU,AS_NP26_EXP,DAM,RU_CLR_PRC,1.86,9
2024-08-31T21:00:00-00:00,2024-08-31T22:00:00-00:00,2024-08-31,15,0,Hourly,RU,AS_SP26_EXP,DAM,RU_CLR_PRC,0,9
2024-08-31T22:00:00-00:00,2024-08-31T23:00:00-00:00,2024-08-31,16,0,Hourly,RU,AS_CAISO,DAM,RU_CLR_PRC,0,9
2024-08-31T23:00:00-00:00,2024-09-01T00:00:00-00:00,2024-08-31,17,0,Hourly,RU,AS_NP26_EXP,DAM,RU_CLR_PRC,4.69116,9
2024-09-01T00:00:00-00:00,2024-09-01T01:00:00-00:00,2024-08-31,18,0,Hourly,RU,AS_SP26,DAM,RU_CLR_PRC,0,9
2024-09-01T04:00:00-00:00,2024-09-01T05:00:00-00:00,2024-08-31,22,0,Hourly,RU,AS_SP26,DAM,RU_CLR_PRC,0,9
2024-08-31T08:00:00-00:00,2024-08-31T09:00:00-00:00,2024-08-31,2,0,Hourly,RU,AS_CAISO,DAM,RU_CLR_PRC,0,9
2024-09-01T14:00:00-00:00,2024-09-01T15:00:00-00:00,2024-09-01,8,0,Hourly,RU,AS_SP26,DAM,RU_CLR_PRC,0,10
2024-09-01T14:00:00-00:00,2024-09-01T15:00:00-00:00,2024-09-01,8,0,Hourly,RU,AS_SP26_EXP,DAM,RU_CLR_PRC,0.83186,10
2024-09-01T15:00:00-00:00,2024-09-01T16:00:00-00:00,2024-09-01,9,0,Hourly,RU,AS_SP26_EXP,DAM,RU_CLR_PRC,1.02889,10
2024-09-01T16:00:00-00:00,2024-09-01T17:00:00-00:00,2024-09-01,10,0,Hourly,RU,AS_CAISO,DAM,RU_CLR_PRC,0,10
2024-09-01T16:00:00-00:00,2024-09-01T17:00:00-00:00,2024-09-01,10,0,Hourly,RU,AS_SP26_EXP,DAM,RU_CLR_PRC,0,10
2024-09-01T17:00:00-00:00,2024-09-01T18:00:00-00:00,2024-09-01,11,0,Hourly,RU,AS_SP26,DAM,RU_CLR_PRC,0,10
2024-09-01T18:00:00-00:00,2024-09-01T19:00:00-00:00,2024-09-01,12,0,Hourly,RU,AS_NP26_EXP,DAM,RU_CLR_PRC,0.16,10
2024-09-01T21:00:00-00:00,2024-09-01T22:00:00-00:00,2024-09-01,15,0,Hourly,RU,AS_SP26_EXP,DAM,RU_CLR_PRC,0,10
2024-09-01T22:00:00-00:00,2024-09-01T23:00:00-00:00,2024-09-01,16,0,Hourly,RU,AS_CAISO_EXP,DAM,RU_CLR_PRC,0.2644,10
2024-09-02T00:00:00-00:00,2024-09-02T01:00:00-00:00,2024-09-01,18,0,Hourly,RU,AS_NP26_EXP,DAM,RU_CLR_PRC,4.1971,10
2024-09-02T01:00:00-00:00,2024-09-02T02:00:00-00:00,2024-09-01,19,0,Hourly,RU,AS_NP26,DAM,RU_CLR_PRC,0,10
2024-09-02T02:00:00-00:00,2024-09-02T03:00:00-00:00,2024-09-01,20,0,Hourly,RU,AS_CAISO,DAM,RU_CLR_PRC,0,10
2024-09-02T04:00:00-00:00,2024-09-02T05:00:00-00:00,2024-09-01,22,0,Hourly,RU,AS_CAISO_EXP,DAM,RU_CLR_PRC,1.57292,10
2024-09-02T05:00:00-00:00,2024-09-02T06:00:00-00:00,2024-09-01,23,0,Hourly,RU,AS_SP26,DAM,RU_CLR_PRC,0,10
2024-09-02T06:00:00-00:00,2024-09-02T07:00:00-00:00,2024-09-01,24,0,Hourly,RU,AS_CAISO_EXP,DAM,RU_CLR_PRC,2.59571,10
2024-09-02T06:00:00-00:00,2024-09-02T07:00:00-00:00,2024-09-01,24,0,Hourly,RU,AS_NP26,DAM,RU_CLR_PRC,0,10
2024-09-01T20:00:00-00:00,2024-09-01T21:00:00-00:00,2024-09-01,14,0,Hourly,RU,AS_CAISO,DAM,RU_CLR_PRC,0,10
2024-09-01T21:00:00-00:00,2024-09-01T22:00:00-00:00,2024-09-01,15,0,Hourly,RU,AS_NP26_EXP,DAM,RU_CLR_PRC,0.51142,10
2024-09-01T21:00:00-00:00,2024-09-01T22:00:00-00:00,2024-09-01,15,0,Hourly,RU,AS_SP26,DAM,RU_CLR_PRC,0,10
2024-09-02T02:00:00-00:00,2024-09-02T03:00:00-00:00,2024-09-01,20,0,Hourly,RU,AS_CAISO_EXP,DAM,RU_CLR_PRC,3,10
2024-09-02T03:00:00-00:00,2024-09-02T04:00:00-00:00,2024-09-01,21,0,Hourly,RU,AS_SP26,DAM,RU_CLR_PRC,0,10
2024-09-02T03:00:00-00:00,2024-09-02T04:00:00-00:00,2024-09-01,21,0,Hourly,RU,AS_SP26_EXP,DAM,RU_CLR_PRC,0,10
2024-09-01T07:00:00-00:00,2024-09-01T08:00:00-00:00,2024-09-01,1,0,Hourly,RU,AS_SP26,DAM,RU_CLR_PRC,0,10
2024-09-01T08:00:00-00:00,2024-09-01T09:00:00-00:00,2024-09-01,2,0,Hourly,RU,AS_CAISO_EXP,DAM,RU_CLR_PRC,0.45099,10
2024-09-01T08:00:00-00:00,2024-09-01T09:00:00-00:00,2024-09-01,2,0,Hourly,RU,AS_NP26,DAM,RU_CLR_PRC,0,10
2024-09-01T08:00:00-00:00,2024-09-01T09:00:00-00:00,2024-09-01,2,0,Hourly,RU,AS_NP26_EXP,DAM,RU_CLR_PRC,0.15,10
2024-09-01T10:00:00-00:00,2024-09-01T11:00:00-00:00,2024-09-01,4,0,Hourly,RU,AS_CAISO_EXP,DAM,RU_CLR_PRC,0.45,10
2024-09-01T10:00:00-00:00,2024-09-01T11:00:00-00:00,2024-09-01,4,0,Hourly,RU,AS_NP26,DAM,RU_CLR_PRC,0,10
2024-09-01T11:00:00-00:00,2024-09-01T12:00:00-00:00,2024-09-01,5,0,Hourly,RU,AS_CAISO,DAM,RU_CLR_PRC,0,10
2024-09-01T12:00:00-00:00,2024-09-01T13:00:00-00:00,2024-09-01,6,0,Hourly,RU,AS_NP26,DAM,RU_CLR_PRC,0,10
2024-09-01T15:00:00-00:00,2024-09-01T16:00:00-00:00,2024-09-01,9,0,Hourly,RU,AS_CAISO_EXP,DAM,RU_CLR_PRC,0.14,10
2024-09-01T17:00:00-00:00,2024-09-01T18:00:00-00:00,2024-09-01,11,0,Hourly,RU,AS_CAISO_EXP,DAM,RU_CLR_PRC,0.37293,10
2024-09-01T17:00:00-00:00,2024-09-01T18:00:00-00:00,2024-09-01,11,0,Hourly,RU,AS_NP26,DAM,RU_CLR_PRC,0,10
2024-09-01T17:00:00-00:00,2024-09-01T18:00:00-00:00,2024-09-01,11,0,Hourly,RU,AS_NP26_EXP,DAM,RU_CLR_PRC,0.16,10
2024-09-01T18:00:00-00:00,2024-09-01T19:00:00-00:00,2024-09-01,12,0,Hourly,RU,AS_SP26_EXP,DAM,RU_CLR_PRC,0,10
2024-09-01T19:00:00-00:00,2024-09-01T20:00:00-00:00,2024-09-01,13,0,Hourly,RU,AS_CAISO,DAM,RU_CLR_PRC,0,10
2024-09-01T21:00:00-00:00,2024-09-01T22:00:00-00:00,2024-09-01,15,0,Hourly,RU,AS_CAISO_EXP,DAM,RU_CLR_PRC,0.14,10
2024-09-01T23:00:00-00:00,2024-09-02T00:00:00-00:00,2024-09-01,17,0,Hourly,RU,AS_CAISO,DAM,RU_CLR_PRC,0,10
2024-09-01T23:00:00-00:00,2024-09-02T00:00:00-00:00,2024-09-01,17,0,Hourly,RU,AS_CAISO_EXP,DAM,RU_CLR_PRC,0.40592,10
2024-09-01T23:00:00-00:00,2024-09-02T00:00:00-00:00,2024-09-01,17,0,Hourly,RU,AS_SP26_EXP,DAM,RU_CLR_PRC,0,10
2024-09-02T00:00:00-00:00,2024-09-02T01:00:00-00:00,2024-09-01,18,0,Hourly,RU,AS_NP26,DAM,RU_CLR_PRC,0,10
2024-09-02T00:00:00-00:00,2024-09-02T01:00:00-00:00,2024-09-01,18,0,Hourly,RU,AS_SP26,DAM,RU_CLR_PRC,0,10
2024-09-02T02:00:00-00:00,2024-09-02T03:00:00-00:00,2024-09-01,20,0,Hourly,RU,AS_NP26,DAM,RU_CLR_PRC,0,10
2024-09-02T03:00:00-00:00,2024-09-02T04:00:00-00:00,2024-09-01,21,0,Hourly,RU,AS_NP26_EXP,DAM,RU_CLR_PRC,0,10
2024-09-02T04:00:00-00:00,2024-09-02T05:00:00-00:00,2024-09-01,22,0,Hourly,RU,AS_CAISO,DAM,RU_CLR_PRC,0,10
2024-09-02T05:00:00-00:00,2024-09-02T06:00:00-00:00,2024-09-01,23,0,Hourly,RU,AS_SP26_EXP,DAM,RU_CLR_PRC,0,10
2024-09-01T23:00:00-00:00,2024-09-02T00:00:00-00:00,2024-09-01,17,0,Hourly,RU,AS_SP26,DAM,RU_CLR_PRC,0,10
2024-09-02T00:00:00-00:00,2024-09-02T01:00:00-00:00,2024-09-01,18,0,Hourly,RU,AS_SP26_EXP,DAM,RU_CLR_PRC,0,10
2024-09-02T01:00:00-00:00,2024-09-02T02:00:00-00:00,2024-09-01,19,0,Hourly,RU,AS_NP26_EXP,DAM,RU_CLR_PRC,0,10
2024-09-02T02:00:00-00:00,2024-09-02T03:00:00-00:00,2024-09-01,20,0,Hourly,RU,AS_SP26_EXP,DAM,RU_CLR_PRC,0,10
2024-09-02T03:00:00-00:00,2024-09-02T04:00:00-00:00,2024-09-01,21,0,Hourly,RU,AS_CAISO_EXP,DAM,RU_CLR_PRC,4.48694,10
2024-09-02T04:00:00-00:00,2024-09-02T05:00:00-00:00,2024-09-01,22,0,Hourly,RU,AS_NP26,DAM,RU_CLR_PRC,0,10
2024-09-01T08:00:00-00:00,2024-09-01T09:00:00-00:00,2024-09-01,2,0,Hourly,RU,AS_SP26_EXP,DAM,RU_CLR_PRC,0.98092,10
2024-09-01T09:00:00-00:00,2024-09-01T10:00:00-00:00,2024-09-01,3,0,Hourly,RU,AS_NP26,DAM,RU_CLR_PRC,0,10
2024-09-01T14:00:00-00:00,2024-09-01T15:00:00-00:00,2024-09-01,8,0,Hourly,RU,AS_NP26,DAM,RU_CLR_PRC,0,10
2024-09-01T18:00:00-00:00,2024-09-01T19:00:00-00:00,2024-09-01,12,0,Hourly,RU,AS_CAISO_EXP,DAM,RU_CLR_PRC,0.40478,10
2024-09-01T20:00:00-00:00,2024-09-01T21:00:00-00:00,2024-09-01,14,0,Hourly,RU,AS_CAISO_EXP,DAM,RU_CLR_PRC,0.14,10
2024-09-01T21:00:00-00:00,2024-09-01T22:00:00-00:00,2024-09-01,15,0,Hourly,RU,AS_CAISO,DAM,RU_CLR_PRC,0,10
2024-09-01T21:00:00-00:00,2024-09-01T22:00:00-00:00,2024-09-01,15,0,Hourly,RU,AS_NP26,DAM,RU_CLR_PRC,0,10
2024-09-01T22:00:00-00:00,2024-09-01T23:00:00-00:00,2024-09-01,16,0,Hourly,RU,AS_NP26_EXP,DAM,RU_CLR_PRC,1.95719,10
2024-09-01T08:00:00-00:00,2024-09-01T09:00:00-00:00,2024-09-01,2,0,Hourly,RU,AS_CAISO,DAM,RU_CLR_PRC,0,10
2024-09-01T09:00:00-00:00,2024-09-01T10:00:00-00:00,2024-09-01,3,0,Hourly,RU,AS_CAISO_EXP,DAM,RU_CLR_PRC,0.45,10
2024-09-01T09:00:00-00:00,2024-09-01T10:00:00-00:00,2024-09-01,3,0,Hourly,RU,AS_SP26_EXP,DAM,RU_CLR_PRC,0.93101,10
2024-09-01T11:00:00-00:00,2024-09-01T12:00:00-00:00,2024-09-01,5,0,Hourly,RU,AS_NP26_EXP,DAM,RU_CLR_PRC,0.15,10
2024-09-01T15:00:00-00:00,2024-09-01T16:00:00-00:00,2024-09-01,9,0,Hourly,RU,AS_NP26,DAM,RU_CLR_PRC,0,10
2024-09-01T15:00:00-00:00,2024-09-01T16:00:00-00:00,2024-09-01,9,0,Hourly,RU,AS_SP26,DAM,RU_CLR_PRC,0,10
2024-09-01T16:00:00-00:00,2024-09-01T17:00:00-00:00,2024-09-01,10,0,Hourly,RU,AS_SP26,DAM,RU_CLR_PRC,0,10
2024-09-01T17:00:00-00:00,2024-09-01T18:00:00-00:00,2024-09-01,11,0,Hourly,RU,AS_SP26_EXP,DAM,RU_CLR_PRC,0,10
2024-09-01T18:00:00-00:00,2024-09-01T19:00:00-00:00,2024-09-01,12,0,Hourly,RU,AS_CAISO,DAM,RU_CLR_PRC,0,10
2024-09-01T19:00:00-00:00,2024-09-01T20:00:00-00:00,2024-09-01,13,0,Hourly,RU,AS_CAISO_EXP,DAM,RU_CLR_PRC,0.14,10
2024-09-01T19:00:00-00:00,2024-09-01T20:00:00-00:00,2024-09-01,13,0,Hourly,RU,AS_SP26_EXP,DAM,RU_CLR_PRC,0,10
2024-09-02T01:00:00-00:00,2024-09-02T02:00:00-00:00,2024-09-01,19,0,Hourly,RU,AS_CAISO,DAM,RU_CLR_PRC,0,10
2024-09-02T05:00:00-00:00,2024-09-02T06:00:00-00:00,2024-09-01,23,0,Hourly,RU,AS_CAISO,DAM,RU_CLR_PRC,0,10
2024-09-02T05:00:00-00:00,2024-09-02T06:00:00-00:00,2024-09-01,23,0,Hourly,RU,AS_CAISO_EXP,DAM,RU_CLR_PRC,2,10
2024-09-02T05:00:00-00:00,2024-09-02T06:00:00-00:00,2024-09-01,23,0,Hourly,RU,AS_NP26,DAM,RU_CLR_PRC,0,10
2024-09-02T06:00:00-00:00,2024-09-02T07:00:00-00:00,2024-09-01,24,0,Hourly,RU,AS_SP26_EXP,DAM,RU_CLR_PRC,2.61429,10
2024-09-01T07:00:00-00:00,2024-09-01T08:00:00-00:00,2024-09-01,1,0,Hourly,RU,AS_CAISO_EXP,DAM,RU_CLR_PRC,1.4583,10
2024-09-01T07:00:00-00:00,2024-09-01T08:00:00-00:00,2024-09-01,1,0,Hourly,RU,AS_NP26_EXP,DAM,RU_CLR_PRC,0.47371,10
2024-09-01T12:00:00-00:00,2024-09-01T13:00:00-00:00,2024-09-01,6,0,Hourly,RU,AS_CAISO_EXP,DAM,RU_CLR_PRC,1.14375,10
2024-09-01T13:00:00-00:00,2024-09-01T14:00:00-00:00,2024-09-01,7,0,Hourly,RU,AS_SP26_EXP,DAM,RU_CLR_PRC,0.86217,10
2024-09-01T17:00:00-00:00,2024-09-01T18:00:00-00:00,2024-09-01,11,0,Hourly,RU,AS_CAISO,DAM,RU_CLR_PRC,0,10
2024-09-01T18:00:00-00:00,2024-09-01T19:00:00-00:00,2024-09-01,12,0,Hourly,RU,AS_SP26,DAM,RU_CLR_PRC,0,10
2024-09-01T20:00:00-00:00,2024-09-01T21:00:00-00:00,2024-09-01,14,0,Hourly,RU,AS_NP26,DAM,RU_CLR_PRC,0,10
2024-09-01T22:00:00-00:00,2024-09-01T23:00:00-00:00,2024-09-01,16,0,Hourly,RU,AS_NP26,DAM,RU_CLR_PRC,0,10
2024-09-01T23:00:00-00:00,2024-09-02T00:00:00-00:00,2024-09-01,17,0,Hourly,RU,AS_NP26_EXP,DAM,RU_CLR_PRC,4.57427,10
2024-09-02T00:00:00-00:00,2024-09-02T01:00:00-00:00,2024-09-01,18,0,Hourly,RU,AS_CAISO_EXP,DAM,RU_CLR_PRC,0.8029,10
2024-09-02T02:00:00-00:00,2024-09-02T03:00:00-00:00,2024-09-01,20,0,Hourly,RU,AS_NP26_EXP,DAM,RU_CLR_PRC,0,10
2024-09-02T03:00:00-00:00,2024-09-02T04:00:00-00:00,2024-09-01,21,0,Hourly,RU,AS_NP26,DAM,RU_CLR_PRC,0,10
2024-09-02T04:00:00-00:00,2024-09-02T05:00:00-00:00,2024-09-01,22,0,Hourly,RU,AS_NP26_EXP,DAM,RU_CLR_PRC,0.92466,10
2024-09-02T05:00:00-00:00,2024-09-02T06:00:00-00:00,2024-09-01,23,0,Hourly,RU,AS_NP26_EXP,DAM,RU_CLR_PRC,0,10
2024-09-02T06:00:00-00:00,2024-09-02T07:00:00-00:00,2024-09-01,24,0,Hourly,RU,AS_SP26,DAM,RU_CLR_PRC,0,10
2024-09-01T07:00:00-00:00,2024-09-01T08:00:00-00:00,2024-09-01,1,0,Hourly,RU,AS_CAISO,DAM,RU_CLR_PRC,0,10
2024-09-01T07:00:00-00:00,2024-09-01T08:00:00-00:00,2024-09-01,1,0,Hourly,RU,AS_SP26_EXP,DAM,RU_CLR_PRC,0,10
2024-09-01T08:00:00-00:00,2024-09-01T09:00:00-00:00,2024-09-01,2,0,Hourly,RU,AS_SP26,DAM,RU_CLR_PRC,0,10
2024-09-01T09:00:00-00:00,2024-09-01T10:00:00-00:00,2024-09-01,3,0,Hourly,RU,AS_SP26,DAM,RU_CLR_PRC,0,10
2024-09-01T11:00:00-00:00,2024-09-01T12:00:00-00:00,2024-09-01,5,0,Hourly,RU,AS_SP26,DAM,RU_CLR_PRC,0,10
2024-09-01T11:00:00-00:00,2024-09-01T12:00:00-00:00,2024-09-01,5,0,Hourly,RU,AS_SP26_EXP,DAM,RU_CLR_PRC,0.8664,10
2024-09-01T12:00:00-00:00,2024-09-01T13:00:00-00:00,2024-09-01,6,0,Hourly,RU,AS_NP26_EXP,DAM,RU_CLR_PRC,0.15,10
2024-09-01T13:00:00-00:00,2024-09-01T14:00:00-00:00,2024-09-01,7,0,Hourly,RU,AS_NP26,DAM,RU_CLR_PRC,0,10
2024-09-01T13:00:00-00:00,2024-09-01T14:00:00-00:00,2024-09-01,7,0,Hourly,RU,AS_SP26,DAM,RU_CLR_PRC,0,10
2024-09-01T14:00:00-00:00,2024-09-01T15:00:00-00:00,2024-09-01,8,0,Hourly,RU,AS_CAISO,DAM,RU_CLR_PRC,0,10
2024-09-01T14:00:00-00:00,2024-09-01T15:00:00-00:00,2024-09-01,8,0,Hourly,RU,AS_NP26_EXP,DAM,RU_CLR_PRC,0.15,10
2024-09-01T16:00:00-00:00,2024-09-01T17:00:00-00:00,2024-09-01,10,0,Hourly,RU,AS_NP26_EXP,DAM,RU_CLR_PRC,1.56657,10
2024-09-01T10:00:00-00:00,2024-09-01T11:00:00-00:00,2024-09-01,4,0,Hourly,RU,AS_NP26_EXP,DAM,RU_CLR_PRC,0.15,10
2024-09-01T11:00:00-00:00,2024-09-01T12:00:00-00:00,2024-09-01,5,0,Hourly,RU,AS_NP26,DAM,RU_CLR_PRC,0,10
2024-09-01T13:00:00-00:00,2024-09-01T14:00:00-00:00,2024-09-01,7,0,Hourly,RU,AS_CAISO,DAM,RU_CLR_PRC,0,10
2024-09-01T13:00:00-00:00,2024-09-01T14:00:00-00:00,2024-09-01,7,0,Hourly,RU,AS_NP26_EXP,DAM,RU_CLR_PRC,0.15,10
2024-09-01T14:00:00-00:00,2024-09-01T15:00:00-00:00,2024-09-01,8,0,Hourly,RU,AS_CAISO_EXP,DAM,RU_CLR_PRC,3.16814,10
2024-09-01T19:00:00-00:00,2024-09-01T20:00:00-00:00,2024-09-01,13,0,Hourly,RU,AS_NP26_EXP,DAM,RU_CLR_PRC,0.16186,10
2024-09-01T19:00:00-00:00,2024-09-01T20:00:00-00:00,2024-09-01,13,0,Hourly,RU,AS_SP26,DAM,RU_CLR_PRC,0,10
2024-09-01T20:00:00-00:00,2024-09-01T21:00:00-00:00,2024-09-01,14,0,Hourly,RU,AS_NP26_EXP,DAM,RU_CLR_PRC,0.23346,10
2024-09-01T22:00:00-00:00,2024-09-01T23:00:00-00:00,2024-09-01,16,0,Hourly,RU,AS_CAISO,DAM,RU_CLR_PRC,0,10
2024-09-02T00:00:00-00:00,2024-09-02T01:00:00-00:00,2024-09-01,18,0,Hourly,RU,AS_CAISO,DAM,RU_CLR_PRC,0,10
2024-09-02T03:00:00-00:00,2024-09-02T04:00:00-00:00,2024-09-01,21,0,Hourly,RU,AS_CAISO,DAM,RU_CLR_PRC,0,10
2024-09-02T06:00:00-00:00,2024-09-02T07:00:00-00:00,2024-09-01,24,0,Hourly,RU,AS_CAISO,DAM,RU_CLR_PRC,0,10
2024-09-02T06:00:00-00:00,2024-09-02T07:00:00-00:00,2024-09-01,24,0,Hourly,RU,AS_NP26_EXP,DAM,RU_CLR_PRC,0,10
2024-09-01T07:00:00-00:00,2024-09-01T08:00:00-00:00,2024-09-01,1,0,Hourly,RU,AS_NP26,DAM,RU_CLR_PRC,0,10
2024-09-01T10:00:00-00:00,2024-09-01T11:00:00-00:00,2024-09-01,4,0,Hourly,RU,AS_CAISO,DAM,RU_CLR_PRC,0,10
2024-09-01T10:00:00-00:00,2024-09-01T11:00:00-00:00,2024-09-01,4,0,Hourly,RU,AS_SP26,DAM,RU_CLR_PRC,0,10
2024-09-01T10:00:00-00:00,2024-09-01T11:00:00-00:00,2024-09-01,4,0,Hourly,RU,AS_SP26_EXP,DAM,RU_CLR_PRC,0.9355,10
2024-09-01T12:00:00-00:00,2024-09-01T13:00:00-00:00,2024-09-01,6,0,Hourly,RU,AS_CAISO,DAM,RU_CLR_PRC,0,10
2024-09-01T15:00:00-00:00,2024-09-01T16:00:00-00:00,2024-09-01,9,0,Hourly,RU,AS_NP26_EXP,DAM,RU_CLR_PRC,0.16,10
2024-09-01T16:00:00-00:00,2024-09-01T17:00:00-00:00,2024-09-01,10,0,Hourly,RU,AS_NP26,DAM,RU_CLR_PRC,0,10
2024-09-01T18:00:00-00:00,2024-09-01T19:00:00-00:00,2024-09-01,12,0,Hourly,RU,AS_NP26,DAM,RU_CLR_PRC,0,10
2024-09-01T19:00:00-00:00,2024-09-01T20:00:00-00:00,2024-09-01,13,0,Hourly,RU,AS_NP26,DAM,RU_CLR_PRC,0,10
2024-09-01T20:00:00-00:00,2024-09-01T21:00:00-00:00,2024-09-01,14,0,Hourly,RU,AS_SP26,DAM,RU_CLR_PRC,0,10
2024-09-01T20:00:00-00:00,2024-09-01T21:00:00-00:00,2024-09-01,14,0,Hourly,RU,AS_SP26_EXP,DAM,RU_CLR_PRC,0,10
2024-09-01T22:00:00-00:00,2024-09-01T23:00:00-00:00,2024-09-01,16,0,Hourly,RU,AS_SP26,DAM,RU_CLR_PRC,0,10
2024-09-01T22:00:00-00:00,2024-09-01T23:00:00-00:00,2024-09-01,16,0,Hourly,RU,AS_SP26_EXP,DAM,RU_CLR_PRC,0,10
2024-09-01T23:00:00-00:00,2024-09-02T00:00:00-00:00,2024-09-01,17,0,Hourly,RU,AS_NP26,DAM,RU_CLR_PRC,0,10
2024-09-02T01:00:00-00:00,2024-09-02T02:00:00-00:00,2024-09-01,19,0,Hourly,RU,AS_CAISO_EXP,DAM,RU_CLR_PRC,7.50616,10
2024-09-02T01:00:00-00:00,2024-09-02T02:00:00-00:00,2024-09-01,19,0,Hourly,RU,AS_SP26,DAM,RU_CLR_PRC,0,10
2024-09-02T01:00:00-00:00,2024-09-02T02:00:00-00:00,2024-09-01,19,0,Hourly,RU,AS_SP26_EXP,DAM,RU_CLR_PRC,0,10
2024-09-02T02:00:00-00:00,2024-09-02T03:00:00-00:00,2024-09-01,20,0,Hourly,RU,AS_SP26,DAM,RU_CLR_PRC,0,10
2024-09-02T04:00:00-00:00,2024-09-02T05:00:00-00:00,2024-09-01,22,0,Hourly,RU,AS_SP26,DAM,RU_CLR_PRC,0,10
2024-09-02T04:00:00-00:00,2024-09-02T05:00:00-00:00,2024-09-01,22,0,Hourly,RU,AS_SP26_EXP,DAM,RU_CLR_PRC,0,10
2024-09-01T09:00:00-00:00,2024-09-01T10:00:00-00:00,2024-09-01,3,0,Hourly,RU,AS_CAISO,DAM,RU_CLR_PRC,0,10
2024-09-01T09:00:00-00:00,2024-09-01T10:00:00-00:00,2024-09-01,3,0,Hourly,RU,AS_NP26_EXP,DAM,RU_CLR_PRC,0.15,10
2024-09-01T11:00:00-00:00,2024-09-01T12:00:00-00:00,2024-09-01,5,0,Hourly,RU,AS_CAISO_EXP,DAM,RU_CLR_PRC,0.45,10
2024-09-01T12:00:00-00:00,2024-09-01T13:00:00-00:00,2024-09-01,6,0,Hourly,RU,AS_SP26,DAM,RU_CLR_PRC,0,10
2024-09-01T12:00:00-00:00,2024-09-01T13:00:00-00:00,2024-09-01,6,0,Hourly,RU,AS_SP26_EXP,DAM,RU_CLR_PRC,0.27994,10
2024-09-01T13:00:00-00:00,2024-09-01T14:00:00-00:00,2024-09-01,7,0,Hourly,RU,AS_CAISO_EXP,DAM,RU_CLR_PRC,3.13783,10
2024-09-01T15:00:00-00:00,2024-09-01T16:00:00-00:00,2024-09-01,9,0,Hourly,RU,AS_CAISO,DAM,RU_CLR_PRC,0,10
2024-09-01T16:00:00-00:00,2024-09-01T17:00:00-00:00,2024-09-01,10,0,Hourly,RU,AS_CAISO_EXP,DAM,RU_CLR_PRC,0.43343,10
2024-09-03T00:00:00-00:00,2024-09-03T01:00:00-00:00,2024-09-02,18,0,Hourly,RU,AS_CAISO,DAM,RU_CLR_PRC,0,11
2024-09-03T02:00:00-00:00,2024-09-03T03:00:00-00:00,2024-09-02,20,0,Hourly,RU,AS_NP26_EXP,DAM,RU_CLR_PRC,2.12976,11
2024-09-02T08:00:00-00:00,2024-09-02T09:00:00-00:00,2024-09-02,2,0,Hourly,RU,AS_CAISO_EXP,DAM,RU_CLR_PRC,1.35124,11
2024-09-02T09:00:00-00:00,2024-09-02T10:00:00-00:00,2024-09-02,3,0,Hourly,RU,AS_SP26_EXP,DAM,RU_CLR_PRC,0,11
2024-09-02T10:00:00-00:00,2024-09-02T11:00:00-00:00,2024-09-02,4,0,Hourly,RU,AS_CAISO,DAM,RU_CLR_PRC,0,11
2024-09-02T12:00:00-00:00,2024-09-02T13:00:00-00:00,2024-09-02,6,0,Hourly,RU,AS_SP26,DAM,RU_CLR_PRC,0,11
2024-09-02T13:00:00-00:00,2024-09-02T14:00:00-00:00,2024-09-02,7,0,Hourly,RU,AS_CAISO,DAM,RU_CLR_PRC,0,11
2024-09-02T13:00:00-00:00,2024-09-02T14:00:00-00:00,2024-09-02,7,0,Hourly,RU,AS_SP26_EXP,DAM,RU_CLR_PRC,0.40434,11
2024-09-02T15:00:00-00:00,2024-09-02T16:00:00-00:00,2024-09-02,9,0,Hourly,RU,AS_SP26_EXP,DAM,RU_CLR_PRC,0.24245,11
2024-09-02T16:00:00-00:00,2024-09-02T17:00:00-00:00,2024-09-02,10,0,Hourly,RU,AS_CAISO,DAM,RU_CLR_PRC,0,11
2024-09-02T18:00:00-00:00,2024-09-02T19:00:00-00:00,2024-09-02,12,0,Hourly,RU,AS_CAISO_EXP,DAM,RU_CLR_PRC,0.45829,11
2024-09-02T21:00:00-00:00,2024-09-02T22:00:00-00:00,2024-09-02,15,0,Hourly,RU,AS_NP26,DAM,RU_CLR_PRC,0,11
2024-09-03T00:00:00-00:00,2024-09-03T01:00:00-00:00,2024-09-02,18,0,Hourly,RU,AS_CAISO_EXP,DAM,RU_CLR_PRC,1.13488,11
2024-09-03T00:00:00-00:00,2024-09-03T01:00:00-00:00,2024-09-02,18,0,Hourly,RU,AS_NP26_EXP,DAM,RU_CLR_PRC,1.07512,11
2024-09-03T01:00:00-00:00,2024-09-03T02:00:00-00:00,2024-09-02,19,0,Hourly,RU,AS_SP26_EXP,DAM,RU_CLR_PRC,0,11
2024-09-03T05:00:00-00:00,2024-09-03T06:00:00-00:00,2024-09-02,23,0,Hourly,RU,AS_NP26,DAM,RU_CLR_PRC,0,11
2024-09-03T03:00:00-00:00,2024-09-03T04:00:00-00:00,2024-09-02,21,0,Hourly,RU,AS_NP26,DAM,RU_CLR_PRC,0,11
2024-09-03T04:00:00-00:00,2024-09-03T05:00:00-00:00,2024-09-02,22,0,Hourly,RU,AS_SP26_EXP,DAM,RU_CLR_PRC,0,11
2024-09-03T05:00:00-00:00,2024-09-03T06:00:00-00:00,2024-09-02,23,0,Hourly,RU,AS_CAISO,DAM,RU_CLR_PRC,0,11
2024-09-02T08:00:00-00:00,2024-09-02T09:00:00-00:00,2024-09-02,2,0,Hourly,RU,AS_SP26_EXP,DAM,RU_CLR_PRC,0,11
2024-09-02T12:00:00-00:00,2024-09-02T13:00:00-00:00,2024-09-02,6,0,Hourly,RU,AS_SP26_EXP,DAM,RU_CLR_PRC,0,11
2024-09-02T14:00:00-00:00,2024-09-02T15:00:00-00:00,2024-09-02,8,0,Hourly,RU,AS_SP26,DAM,RU_CLR_PRC,0,11
2024-09-02T16:00:00-00:00,2024-09-02T17:00:00-00:00,2024-09-02,10,0,Hourly,RU,AS_SP26,DAM,RU_CLR_PRC,0,11
2024-09-02T07:00:00-00:00,2024-09-02T08:00:00-00:00,2024-09-02,1,0,Hourly,RU,AS_CAISO_EXP,DAM,RU_CLR_PRC,1.85,11
2024-09-02T07:00:00-00:00,2024-09-02T08:00:00-00:00,2024-09-02,1,0,Hourly,RU,AS_SP26,DAM,RU_CLR_PRC,0,11
2024-09-02T08:00:00-00:00,2024-09-02T09:00:00-00:00,2024-09-02,2,0,Hourly,RU,AS_CAISO,DAM,RU_CLR_PRC,0,11
2024-09-02T09:00:00-00:00,2024-09-02T10:00:00-00:00,2024-09-02,3,0,Hourly,RU,AS_NP26_EXP,DAM,RU_CLR_PRC,0.15,11
2024-09-02T12:00:00-00:00,2024-09-02T13:00:00-00:00,2024-09-02,6,0,Hourly,RU,AS_CAISO,DAM,RU_CLR_PRC,0,11
2024-09-02T13:00:00-00:00,2024-09-02T14:00:00-00:00,2024-09-02,7,0,Hourly,RU,AS_CAISO_EXP,DAM,RU_CLR_PRC,1.85,11
2024-09-02T19:00:00-00:00,2024-09-02T20:00:00-00:00,2024-09-02,13,0,Hourly,RU,AS_CAISO,DAM,RU_CLR_PRC,0,11
2024-09-02T20:00:00-00:00,2024-09-02T21:00:00-00:00,2024-09-02,14,0,Hourly,RU,AS_SP26,DAM,RU_CLR_PRC,0,11
2024-09-02T23:00:00-00:00,2024-09-03T00:00:00-00:00,2024-09-02,17,0,Hourly,RU,AS_CAISO_EXP,DAM,RU_CLR_PRC,0.43324,11
2024-09-03T01:00:00-00:00,2024-09-03T02:00:00-00:00,2024-09-02,19,0,Hourly,RU,AS_CAISO,DAM,RU_CLR_PRC,0,11
2024-09-03T01:00:00-00:00,2024-09-03T02:00:00-00:00,2024-09-02,19,0,Hourly,RU,AS_CAISO_EXP,DAM,RU_CLR_PRC,4.0255,11
2024-09-03T02:00:00-00:00,2024-09-03T03:00:00-00:00,2024-09-02,20,0,Hourly,RU,AS_NP26,DAM,RU_CLR_PRC,0,11
2024-09-03T02:00:00-00:00,2024-09-03T03:00:00-00:00,2024-09-02,20,0,Hourly,RU,AS_SP26_EXP,DAM,RU_CLR_PRC,0,11
2024-09-03T06:00:00-00:00,2024-09-03T07:00:00-00:00,2024-09-02,24,0,Hourly,RU,AS_CAISO_EXP,DAM,RU_CLR_PRC,1.1586,11
2024-09-03T06:00:00-00:00,2024-09-03T07:00:00-00:00,2024-09-02,24,0,Hourly,RU,AS_NP26_EXP,DAM,RU_CLR_PRC,0,11
2024-09-03T06:00:00-00:00,2024-09-03T07:00:00-00:00,2024-09-02,24,0,Hourly,RU,AS_SP26,DAM,RU_CLR_PRC,0,11
2024-09-02T08:00:00-00:00,2024-09-02T09:00:00-00:00,2024-09-02,2,0,Hourly,RU,AS_NP26_EXP,DAM,RU_CLR_PRC,0.55,11
2024-09-02T10:00:00-00:00,2024-09-02T11:00:00-00:00,2024-09-02,4,0,Hourly,RU,AS_SP26_EXP,DAM,RU_CLR_PRC,0,11
2024-09-02T11:00:00-00:00,2024-09-02T12:00:00-00:00,2024-09-02,5,0,Hourly,RU,AS_NP26,DAM,RU_CLR_PRC,0,11
2024-09-02T12:00:00-00:00,2024-09-02T13:00:00-00:00,2024-09-02,6,0,Hourly,RU,AS_NP26,DAM,RU_CLR_PRC,0,11
2024-09-02T13:00:00-00:00,2024-09-02T14:00:00-00:00,2024-09-02,7,0,Hourly,RU,AS_NP26,DAM,RU_CLR_PRC,0,11
2024-09-02T13:00:00-00:00,2024-09-02T14:00:00-00:00,2024-09-02,7,0,Hourly,RU,AS_NP26_EXP,DAM,RU_CLR_PRC,0.15,11
2024-09-02T14:00:00-00:00,2024-09-02T15:00:00-00:00,2024-09-02,8,0,Hourly,RU,AS_NP26_EXP,DAM,RU_CLR_PRC,0.15,11
2024-09-02T14:00:00-00:00,2024-09-02T15:00:00-00:00,2024-09-02,8,0,Hourly,RU,AS_SP26_EXP,DAM,RU_CLR_PRC,2.07409,11
2024-09-02T15:00:00-00:00,2024-09-02T16:00:00-00:00,2024-09-02,9,0,Hourly,RU,AS_CAISO,DAM,RU_CLR_PRC,0,11
2024-09-02T15:00:00-00:00,2024-09-02T16:00:00-00:00,2024-09-02,9,0,Hourly,RU,AS_SP26,DAM,RU_CLR_PRC,0,11
2024-09-02T18:00:00-00:00,2024-09-02T19:00:00-00:00,2024-09-02,12,0,Hourly,RU,AS_SP26,DAM,RU_CLR_PRC,0,11
2024-09-02T19:00:00-00:00,2024-09-02T20:00:00-00:00,2024-09-02,13,0,Hourly,RU,AS_SP26,DAM,RU_CLR_PRC,0,11
2024-09-02T21:00:00-00:00,2024-09-02T22:00:00-00:00,2024-09-02,15,0,Hourly,RU,AS_CAISO,DAM,RU_CLR_PRC,0,11
2024-09-02T23:00:00-00:00,2024-09-03T00:00:00-00:00,2024-09-02,17,0,Hourly,RU,AS_CAISO,DAM,RU_CLR_PRC,0,11
2024-09-03T00:00:00-00:00,2024-09-03T01:00:00-00:00,2024-09-02,18,0,Hourly,RU,AS_SP26_EXP,DAM,RU_CLR_PRC,0,11
2024-09-03T01:00:00-00:00,2024-09-03T02:00:00-00:00,2024-09-02,19,0,Hourly,RU,AS_NP26,DAM,RU_CLR_PRC,0,11
2024-09-03T02:00:00-00:00,2024-09-03T03:00:00-00:00,2024-09-02,20,0,Hourly,RU,AS_SP26,DAM,RU_CLR_PRC,0,11
2024-09-03T04:00:00-00:00,2024-09-03T05:00:00-00:00,2024-09-02,22,0,Hourly,RU,AS_CAISO,DAM,RU_CLR_PRC,0,11
2024-09-03T04:00:00-00:00,2024-09-03T05:00:00-00:00,2024-09-02,22,0,Hourly,RU,AS_NP26,DAM,RU_CLR_PRC,0,11
2024-09-03T04:00:00-00:00,2024-09-03T05:00:00-00:00,2024-09-02,22,0,Hourly,RU,AS_NP26_EXP,DAM,RU_CLR_PRC,1.09124,11
2024-09-03T05:00:00-00:00,2024-09-03T06:00:00-00:00,2024-09-02,23,0,Hourly,RU,AS_SP26,DAM,RU_CLR_PRC,0,11
2024-09-02T07:00:00-00:00,2024-09-02T08:00:00-00:00,2024-09-02,1,0,Hourly,RU,AS_CAISO,DAM,RU_CLR_PRC,0,11
2024-09-02T07:00:00-00:00,2024-09-02T08:00:00-00:00,2024-09-02,1,0,Hourly,RU,AS_NP26,DAM,RU_CLR_PRC,0,11
2024-09-02T07:00:00-00:00,2024-09-02T08:00:00-00:00,2024-09-02,1,0,Hourly,RU,AS_NP26_EXP,DAM,RU_CLR_PRC,0.15,11
2024-09-02T08:00:00-00:00,2024-09-02T09:00:00-00:00,2024-09-02,2,0,Hourly,RU,AS_NP26,DAM,RU_CLR_PRC,0,11
2024-09-02T09:00:00-00:00,2024-09-02T10:00:00-00:00,2024-09-02,3,0,Hourly,RU,AS_CAISO,DAM,RU_CLR_PRC,0,11
2024-09-02T10:00:00-00:00,2024-09-02T11:00:00-00:00,2024-09-02,4,0,Hourly,RU,AS_NP26,DAM,RU_CLR_PRC,0,11
2024-09-02T11:00:00-00:00,2024-09-02T12:00:00-00:00,2024-09-02,5,0,Hourly,RU,AS_NP26_EXP,DAM,RU_CLR_PRC,0.15,11
2024-09-02T11:00:00-00:00,2024-09-02T12:00:00-00:00,2024-09-02,5,0,Hourly,RU,AS_SP26,DAM,RU_CLR_PRC,0,11
2024-09-02T11:00:00-00:00,2024-09-02T12:00:00-00:00,2024-09-02,5,0,Hourly,RU,AS_SP26_EXP,DAM,RU_CLR_PRC,0,11
2024-09-02T14:00:00-00:00,2024-09-02T15:00:00-00:00,2024-09-02,8,0,Hourly,RU,AS_CAISO,DAM,RU_CLR_PRC,0,11
2024-09-02T16:00:00-00:00,2024-09-02T17:00:00-00:00,2024-09-02,10,0,Hourly,RU,AS_NP26,DAM,RU_CLR_PRC,0,11
2024-09-02T17:00:00-00:00,2024-09-02T18:00:00-00:00,2024-09-02,11,0,Hourly,RU,AS_CAISO_EXP,DAM,RU_CLR_PRC,0.46791,11
2024-09-02T18:00:00-00:00,2024-09-02T19:00:00-00:00,2024-09-02,12,0,Hourly,RU,AS_CAISO,DAM,RU_CLR_PRC,0,11
2024-09-02T19:00:00-00:00,2024-09-02T20:00:00-00:00,2024-09-02,13,0,Hourly,RU,AS_CAISO_EXP,DAM,RU_CLR_PRC,0.14,11
2024-09-02T20:00:00-00:00,2024-09-02T21:00:00-00:00,2024-09-02,14,0,Hourly,RU,AS_NP26_EXP,DAM,RU_CLR_PRC,0.16,11
2024-09-02T21:00:00-00:00,2024-09-02T22:00:00-00:00,2024-09-02,15,0,Hourly,RU,AS_CAISO_EXP,DAM,RU_CLR_PRC,0.14,11
2024-09-02T22:00:00-00:00,2024-09-02T23:00:00-00:00,2024-09-02,16,0,Hourly,RU,AS_CAISO,DAM,RU_CLR_PRC,0,11
2024-09-02T22:00:00-00:00,2024-09-02T23:00:00-00:00,2024-09-02,16,0,Hourly,RU,AS_NP26_EXP,DAM,RU_CLR_PRC,0.36,11
2024-09-02T23:00:00-00:00,2024-09-03T00:00:00-00:00,2024-09-02,17,0,Hourly,RU,AS_NP26,DAM,RU_CLR_PRC,0,11
2024-09-02T23:00:00-00:00,2024-09-03T00:00:00-00:00,2024-09-02,17,0,Hourly,RU,AS_SP26,DAM,RU_CLR_PRC,0,11
2024-09-02T07:00:00-00:00,2024-09-02T08:00:00-00:00,2024-09-02,1,0,Hourly,RU,AS_SP26_EXP,DAM,RU_CLR_PRC,1.31239,11
2024-09-02T09:00:00-00:00,2024-09-02T10:00:00-00:00,2024-09-02,3,0,Hourly,RU,AS_CAISO_EXP,DAM,RU_CLR_PRC,0.97851,11
2024-09-02T09:00:00-00:00,2024-09-02T10:00:00-00:00,2024-09-02,3,0,Hourly,RU,AS_SP26,DAM,RU_CLR_PRC,0,11
2024-09-02T11:00:00-00:00,2024-09-02T12:00:00-00:00,2024-09-02,5,0,Hourly,RU,AS_CAISO,DAM,RU_CLR_PRC,0,11
2024-09-02T11:00:00-00:00,2024-09-02T12:00:00-00:00,2024-09-02,5,0,Hourly,RU,AS_CAISO_EXP,DAM,RU_CLR_PRC,0.45,11
2024-09-02T12:00:00-00:00,2024-09-02T13:00:00-00:00,2024-09-02,6,0,Hourly,RU,AS_NP26_EXP,DAM,RU_CLR_PRC,0.15,11
2024-09-02T16:00:00-00:00,2024-09-02T17:00:00-00:00,2024-09-02,10,0,Hourly,RU,AS_CAISO_EXP,DAM,RU_CLR_PRC,0.14,11
2024-09-02T16:00:00-00:00,2024-09-02T17:00:00-00:00,2024-09-02,10,0,Hourly,RU,AS_SP26_EXP,DAM,RU_CLR_PRC,0,11
2024-09-02T18:00:00-00:00,2024-09-02T19:00:00-00:00,2024-09-02,12,0,Hourly,RU,AS_NP26,DAM,RU_CLR_PRC,0,11
2024-09-02T18:00:00-00:00,2024-09-02T19:00:00-00:00,2024-09-02,12,0,Hourly,RU,AS_NP26_EXP,DAM,RU_CLR_PRC,0.16,11
2024-09-02T18:00:00-00:00,2024-09-02T19:00:00-00:00,2024-09-02,12,0,Hourly,RU,AS_SP26_EXP,DAM,RU_CLR_PRC,0,11
2024-09-02T21:00:00-00:00,2024-09-02T22:00:00-00:00,2024-09-02,15,0,Hourly,RU,AS_NP26_EXP,DAM,RU_CLR_PRC,0.68,11
2024-09-02T21:00:00-00:00,2024-09-02T22:00:00-00:00,2024-09-02,15,0,Hourly,RU,AS_SP26_EXP,DAM,RU_CLR_PRC,0,11
2024-09-02T22:00:00-00:00,2024-09-02T23:00:00-00:00,2024-09-02,16,0,Hourly,RU,AS_CAISO_EXP,DAM,RU_CLR_PRC,0.43069,11
2024-09-02T22:00:00-00:00,2024-09-02T23:00:00-00:00,2024-09-02,16,0,Hourly,RU,AS_SP26,DAM,RU_CLR_PRC,0,11
2024-09-03T00:00:00-00:00,2024-09-03T01:00:00-00:00,2024-09-02,18,0,Hourly,RU,AS_NP26,DAM,RU_CLR_PRC,0,11
2024-09-03T01:00:00-00:00,2024-09-03T02:00:00-00:00,2024-09-02,19,0,Hourly,RU,AS_SP26,DAM,RU_CLR_PRC,0,11
2024-09-03T02:00:00-00:00,2024-09-03T03:00:00-00:00,2024-09-02,20,0,Hourly,RU,AS_CAISO_EXP,DAM,RU_CLR_PRC,10.01477,11
2024-09-03T03:00:00-00:00,2024-09-03T04:00:00-00:00,2024-09-02,21,0,Hourly,RU,AS_SP26_EXP,DAM,RU_CLR_PRC,0,11
2024-09-03T04:00:00-00:00,2024-09-03T05:00:00-00:00,2024-09-02,22,0,Hourly,RU,AS_CAISO_EXP,DAM,RU_CLR_PRC,1.80876,11
2024-09-03T05:00:00-00:00,2024-09-03T06:00:00-00:00,2024-09-02,23,0,Hourly,RU,AS_SP26_EXP,DAM,RU_CLR_PRC,2.69821,11
2024-09-03T06:00:00-00:00,2024-09-03T07:00:00-00:00,2024-09-02,24,0,Hourly,RU,AS_SP26_EXP,DAM,RU_CLR_PRC,0,11
2024-09-02T09:00:00-00:00,2024-09-02T10:00:00-00:00,2024-09-02,3,0,Hourly,RU,AS_NP26,DAM,RU_CLR_PRC,0,11
2024-09-02T10:00:00-00:00,2024-09-02T11:00:00-00:00,2024-09-02,4,0,Hourly,RU,AS_CAISO_EXP,DAM,RU_CLR_PRC,1.32196,11
2024-09-02T10:00:00-00:00,2024-09-02T11:00:00-00:00,2024-09-02,4,0,Hourly,RU,AS_SP26,DAM,RU_CLR_PRC,0,11
2024-09-02T12:00:00-00:00,2024-09-02T13:00:00-00:00,2024-09-02,6,0,Hourly,RU,AS_CAISO_EXP,DAM,RU_CLR_PRC,0.45,11
2024-09-02T14:00:00-00:00,2024-09-02T15:00:00-00:00,2024-09-02,8,0,Hourly,RU,AS_CAISO_EXP,DAM,RU_CLR_PRC,3.13086,11
2024-09-02T14:00:00-00:00,2024-09-02T15:00:00-00:00,2024-09-02,8,0,Hourly,RU,AS_NP26,DAM,RU_CLR_PRC,0,11
2024-09-02T15:00:00-00:00,2024-09-02T16:00:00-00:00,2024-09-02,9,0,Hourly,RU,AS_NP26,DAM,RU_CLR_PRC,0,11
2024-09-02T15:00:00-00:00,2024-09-02T16:00:00-00:00,2024-09-02,9,0,Hourly,RU,AS_NP26_EXP,DAM,RU_CLR_PRC,0.46,11
2024-09-02T16:00:00-00:00,2024-09-02T17:00:00-00:00,2024-09-02,10,0,Hourly,RU,AS_NP26_EXP,DAM,RU_CLR_PRC,0.16,11
2024-09-02T17:00:00-00:00,2024-09-02T18:00:00-00:00,2024-09-02,11,0,Hourly,RU,AS_NP26,DAM,RU_CLR_PRC,0,11
2024-09-02T17:00:00-00:00,2024-09-02T18:00:00-00:00,2024-09-02,11,0,Hourly,RU,AS_NP26_EXP,DAM,RU_CLR_PRC,0.16,11
2024-09-02T19:00:00-00:00,2024-09-02T20:00:00-00:00,2024-09-02,13,0,Hourly,RU,AS_SP26_EXP,DAM,RU_CLR_PRC,0,11
2024-09-02T20:00:00-00:00,2024-09-02T21:00:00-00:00,2024-09-02,14,0,Hourly,RU,AS_CAISO,DAM,RU_CLR_PRC,0,11
2024-09-02T23:00:00-00:00,2024-09-03T00:00:00-00:00,2024-09-02,17,0,Hourly,RU,AS_NP26_EXP,DAM,RU_CLR_PRC,4.44023,11
2024-09-03T00:00:00-00:00,2024-09-03T01:00:00-00:00,2024-09-02,18,0,Hourly,RU,AS_SP26,DAM,RU_CLR_PRC,0,11
2024-09-03T03:00:00-00:00,2024-09-03T04:00:00-00:00,2024-09-02,21,0,Hourly,RU,AS_CAISO,DAM,RU_CLR_PRC,0,11
2024-09-03T03:00:00-00:00,2024-09-03T04:00:00-00:00,2024-09-02,21,0,Hourly,RU,AS_CAISO_EXP,DAM,RU_CLR_PRC,1.55,11
2024-09-03T03:00:00-00:00,2024-09-03T04:00:00-00:00,2024-09-02,21,0,Hourly,RU,AS_SP26,DAM,RU_CLR_PRC,0,11
2024-09-03T04:00:00-00:00,2024-09-03T05:00:00-00:00,2024-09-02,22,0,Hourly,RU,AS_SP26,DAM,RU_CLR_PRC,0,11
2024-09-03T06:00:00-00:00,2024-09-03T07:00:00-00:00,2024-09-02,24,0,Hourly,RU,AS_NP26,DAM,RU_CLR_PRC,0,11
2024-09-02T08:00:00-00:00,2024-09-02T09:00:00-00:00,2024-09-02,2,0,Hourly,RU,AS_SP26,DAM,RU_CLR_PRC,0,11
2024-09-02T10:00:00-00:00,2024-09-02T11:00:00-00:00,2024-09-02,4,0,Hourly,RU,AS_NP26_EXP,DAM,RU_CLR_PRC,0.55,11
2024-09-02T13:00:00-00:00,2024-09-02T14:00:00-00:00,2024-09-02,7,0,Hourly,RU,AS_SP26,DAM,RU_CLR_PRC,0,11
2024-09-02T15:00:00-00:00,2024-09-02T16:00:00-00:00,2024-09-02,9,0,Hourly,RU,AS_CAISO_EXP,DAM,RU_CLR_PRC,0.14,11
2024-09-02T17:00:00-00:00,2024-09-02T18:00:00-00:00,2024-09-02,11,0,Hourly,RU,AS_CAISO,DAM,RU_CLR_PRC,0,11
2024-09-02T19:00:00-00:00,2024-09-02T20:00:00-00:00,2024-09-02,13,0,Hourly,RU,AS_NP26,DAM,RU_CLR_PRC,0,11
2024-09-02T19:00:00-00:00,2024-09-02T20:00:00-00:00,2024-09-02,13,0,Hourly,RU,AS_NP26_EXP,DAM,RU_CLR_PRC,0.16,11
2024-09-02T22:00:00-00:00,2024-09-02T23:00:00-00:00,2024-09-02,16,0,Hourly,RU,AS_NP26,DAM,RU_CLR_PRC,0,11
2024-09-03T01:00:00-00:00,2024-09-03T02:00:00-00:00,2024-09-02,19,0,Hourly,RU,AS_NP26_EXP,DAM,RU_CLR_PRC,0,11
2024-09-03T03:00:00-00:00,2024-09-03T04:00:00-00:00,2024-09-02,21,0,Hourly,RU,AS_NP26_EXP,DAM,RU_CLR_PRC,1.05656,11
2024-09-03T05:00:00-00:00,2024-09-03T06:00:00-00:00,2024-09-02,23,0,Hourly,RU,AS_CAISO_EXP,DAM,RU_CLR_PRC,1.40179,11
2024-09-03T05:00:00-00:00,2024-09-03T06:00:00-00:00,2024-09-02,23,0,Hourly,RU,AS_NP26_EXP,DAM,RU_CLR_PRC,0,11
2024-09-03T06:00:00-00:00,2024-09-03T07:00:00-00:00,2024-09-02,24,0,Hourly,RU,AS_CAISO,DAM,RU_CLR_PRC,2.3414,11
2024-09-02T17:00:00-00:00,2024-09-02T18:00:00-00:00,2024-09-02,11,0,Hourly,RU,AS_SP26,DAM,RU_CLR_PRC,0,11
2024-09-02T17:00:00-00:00,2024-09-02T18:00:00-00:00,2024-09-02,11,0,Hourly,RU,AS_SP26_EXP,DAM,RU_CLR_PRC,0.06621,11
2024-09-02T20:00:00-00:00,2024-09-02T21:00:00-00:00,2024-09-02,14,0,Hourly,RU,AS_CAISO_EXP,DAM,RU_CLR_PRC,0.14,11
2024-09-02T20:00:00-00:00,2024-09-02T21:00:00-00:00,2024-09-02,14,0,Hourly,RU,AS_NP26,DAM,RU_CLR_PRC,0,11
2024-09-02T20:00:00-00:00,2024-09-02T21:00:00-00:00,2024-09-02,14,0,Hourly,RU,AS_SP26_EXP,DAM,RU_CLR_PRC,0,11
2024-09-02T21:00:00-00:00,2024-09-02T22:00:00-00:00,2024-09-02,15,0,Hourly,RU,AS_SP26,DAM,RU_CLR_PRC,0,11
2024-09-02T22:00:00-00:00,2024-09-02T23:00:00-00:00,2024-09-02,16,0,Hourly,RU,AS_SP26_EXP,DAM,RU_CLR_PRC,0,11
2024-09-02T23:00:00-00:00,2024-09-03T00:00:00-00:00,2024-09-02,17,0,Hourly,RU,AS_SP26_EXP,DAM,RU_CLR_PRC,0,11
2024-09-03T02:00:00-00:00,2024-09-03T03:00:00-00:00,2024-09-02,20,0,Hourly,RU,AS_CAISO,DAM,RU_CLR_PRC,0,11
2024-09-03T07:00:00-00:00,2024-09-03T08:00:00-00:00,2024-09-03,1,0,Hourly,RU,AS_SP26_EXP,DAM,RU_CLR_PRC,0.07478,12
2024-09-03T13:00:00-00:00,2024-09-03T14:00:00-00:00,2024-09-03,7,0,Hourly,RU,AS_CAISO_EXP,DAM,RU_CLR_PRC,2.52,12
2024-09-03T13:00:00-00:00,2024-09-03T14:00:00-00:00,2024-09-03,7,0,Hourly,RU,AS_SP26,DAM,RU_CLR_PRC,0,12
2024-09-03T14:00:00-00:00,2024-09-03T15:00:00-00:00,2024-09-03,8,0,Hourly,RU,AS_SP26,DAM,RU_CLR_PRC,0,12
2024-09-03T16:00:00-00:00,2024-09-03T17:00:00-00:00,2024-09-03,10,0,Hourly,RU,AS_NP26,DAM,RU_CLR_PRC,0,12
2024-09-03T19:00:00-00:00,2024-09-03T20:00:00-00:00,2024-09-03,13,0,Hourly,RU,AS_NP26,DAM,RU_CLR_PRC,0,12
2024-09-03T21:00:00-00:00,2024-09-03T22:00:00-00:00,2024-09-03,15,0,Hourly,RU,AS_CAISO,DAM,RU_CLR_PRC,0,12
2024-09-03T21:00:00-00:00,2024-09-03T22:00:00-00:00,2024-09-03,15,0,Hourly,RU,AS_CAISO_EXP,DAM,RU_CLR_PRC,0.14,12
2024-09-03T21:00:00-00:00,2024-09-03T22:00:00-00:00,2024-09-03,15,0,Hourly,RU,AS_SP26,DAM,RU_CLR_PRC,0,12
2024-09-03T22:00:00-00:00,2024-09-03T23:00:00-00:00,2024-09-03,16,0,Hourly,RU,AS_CAISO_EXP,DAM,RU_CLR_PRC,0.14,12
2024-09-04T01:00:00-00:00,2024-09-04T02:00:00-00:00,2024-09-03,19,0,Hourly,RU,AS_NP26_EXP,DAM,RU_CLR_PRC,0,12
2024-09-04T04:00:00-00:00,2024-09-04T05:00:00-00:00,2024-09-03,22,0,Hourly,RU,AS_SP26_EXP,DAM,RU_CLR_PRC,0,12
2024-09-04T05:00:00-00:00,2024-09-04T06:00:00-00:00,2024-09-03,23,0,Hourly,RU,AS_SP26,DAM,RU_CLR_PRC,0,12
2024-09-03T07:00:00-00:00,2024-09-03T08:00:00-00:00,2024-09-03,1,0,Hourly,RU,AS_SP26,DAM,RU_CLR_PRC,0,12
2024-09-03T10:00:00-00:00,2024-09-03T11:00:00-00:00,2024-09-03,4,0,Hourly,RU,AS_CAISO_EXP,DAM,RU_CLR_PRC,0.28,12
2024-09-03T10:00:00-00:00,2024-09-03T11:00:00-00:00,2024-09-03,4,0,Hourly,RU,AS_NP26,DAM,RU_CLR_PRC,0,12
2024-09-03T10:00:00-00:00,2024-09-03T11:00:00-00:00,2024-09-03,4,0,Hourly,RU,AS_SP26,DAM,RU_CLR_PRC,0,12
2024-09-03T11:00:00-00:00,2024-09-03T12:00:00-00:00,2024-09-03,5,0,Hourly,RU,AS_NP26,DAM,RU_CLR_PRC,0,12
2024-09-03T14:00:00-00:00,2024-09-03T15:00:00-00:00,2024-09-03,8,0,Hourly,RU,AS_CAISO,DAM,RU_CLR_PRC,0,12
2024-09-03T16:00:00-00:00,2024-09-03T17:00:00-00:00,2024-09-03,10,0,Hourly,RU,AS_CAISO_EXP,DAM,RU_CLR_PRC,0.17952,12
2024-09-03T17:00:00-00:00,2024-09-03T18:00:00-00:00,2024-09-03,11,0,Hourly,RU,AS_SP26_EXP,DAM,RU_CLR_PRC,0.61864,12
2024-09-03T18:00:00-00:00,2024-09-03T19:00:00-00:00,2024-09-03,12,0,Hourly,RU,AS_SP26_EXP,DAM,RU_CLR_PRC,0.06287,12
2024-09-03T21:00:00-00:00,2024-09-03T22:00:00-00:00,2024-09-03,15,0,Hourly,RU,AS_NP26,DAM,RU_CLR_PRC,0,12
2024-09-03T21:00:00-00:00,2024-09-03T22:00:00-00:00,2024-09-03,15,0,Hourly,RU,AS_NP26_EXP,DAM,RU_CLR_PRC,0.86,12
2024-09-03T22:00:00-00:00,2024-09-03T23:00:00-00:00,2024-09-03,16,0,Hourly,RU,AS_SP26_EXP,DAM,RU_CLR_PRC,0,12
2024-09-04T00:00:00-00:00,2024-09-04T01:00:00-00:00,2024-09-03,18,0,Hourly,RU,AS_CAISO_EXP,DAM,RU_CLR_PRC,1,12
2024-09-04T01:00:00-00:00,2024-09-04T02:00:00-00:00,2024-09-03,19,0,Hourly,RU,AS_NP26,DAM,RU_CLR_PRC,0,12
2024-09-04T03:00:00-00:00,2024-09-04T04:00:00-00:00,2024-09-03,21,0,Hourly,RU,AS_CAISO,DAM,RU_CLR_PRC,0,12
2024-09-04T05:00:00-00:00,2024-09-04T06:00:00-00:00,2024-09-03,23,0,Hourly,RU,AS_NP26,DAM,RU_CLR_PRC,0,12
2024-09-03T08:00:00-00:00,2024-09-03T09:00:00-00:00,2024-09-03,2,0,Hourly,RU,AS_NP26,DAM,RU_CLR_PRC,0,12
2024-09-03T09:00:00-00:00,2024-09-03T10:00:00-00:00,2024-09-03,3,0,Hourly,RU,AS_NP26,DAM,RU_CLR_PRC,0,12
2024-09-03T09:00:00-00:00,2024-09-03T10:00:00-00:00,2024-09-03,3,0,Hourly,RU,AS_NP26_EXP,DAM,RU_CLR_PRC,0.46,12
2024-09-03T10:00:00-00:00,2024-09-03T11:00:00-00:00,2024-09-03,4,0,Hourly,RU,AS_CAISO,DAM,RU_CLR_PRC,0,12
2024-09-03T10:00:00-00:00,2024-09-03T11:00:00-00:00,2024-09-03,4,0,Hourly,RU,AS_NP26_EXP,DAM,RU_CLR_PRC,0.46,12
2024-09-03T12:00:00-00:00,2024-09-03T13:00:00-00:00,2024-09-03,6,0,Hourly,RU,AS_CAISO_EXP,DAM,RU_CLR_PRC,1.01145,12
2024-09-03T13:00:00-00:00,2024-09-03T14:00:00-00:00,2024-09-03,7,0,Hourly,RU,AS_CAISO,DAM,RU_CLR_PRC,0,12
2024-09-03T13:00:00-00:00,2024-09-03T14:00:00-00:00,2024-09-03,7,0,Hourly,RU,AS_NP26,DAM,RU_CLR_PRC,0,12
2024-09-03T13:00:00-00:00,2024-09-03T14:00:00-00:00,2024-09-03,7,0,Hourly,RU,AS_SP26_EXP,DAM,RU_CLR_PRC,0,12
2024-09-03T15:00:00-00:00,2024-09-03T16:00:00-00:00,2024-09-03,9,0,Hourly,RU,AS_NP26,DAM,RU_CLR_PRC,0,12
2024-09-03T15:00:00-00:00,2024-09-03T16:00:00-00:00,2024-09-03,9,0,Hourly,RU,AS_SP26,DAM,RU_CLR_PRC,0,12
2024-09-03T15:00:00-00:00,2024-09-03T16:00:00-00:00,2024-09-03,9,0,Hourly,RU,AS_SP26_EXP,DAM,RU_CLR_PRC,0.1265,12
2024-09-03T17:00:00-00:00,2024-09-03T18:00:00-00:00,2024-09-03,11,0,Hourly,RU,AS_SP26,DAM,RU_CLR_PRC,0,12
2024-09-03T18:00:00-00:00,2024-09-03T19:00:00-00:00,2024-09-03,12,0,Hourly,RU,AS_NP26_EXP,DAM,RU_CLR_PRC,0.16,12
2024-09-03T19:00:00-00:00,2024-09-03T20:00:00-00:00,2024-09-03,13,0,Hourly,RU,AS_SP26_EXP,DAM,RU_CLR_PRC,0,12
2024-09-03T20:00:00-00:00,2024-09-03T21:00:00-00:00,2024-09-03,14,0,Hourly,RU,AS_SP26_EXP,DAM,RU_CLR_PRC,0,12
2024-09-03T23:00:00-00:00,2024-09-04T00:00:00-00:00,2024-09-03,17,0,Hourly,RU,AS_CAISO,DAM,RU_CLR_PRC,0,12
2024-09-03T23:00:00-00:00,2024-09-04T00:00:00-00:00,2024-09-03,17,0,Hourly,RU,AS_NP26,DAM,RU_CLR_PRC,0,12
2024-09-03T23:00:00-00:00,2024-09-04T00:00:00-00:00,2024-09-03,17,0,Hourly,RU,AS_SP26_EXP,DAM,RU_CLR_PRC,0,12
2024-09-04T02:00:00-00:00,2024-09-04T03:00:00-00:00,2024-09-03,20,0,Hourly,RU,AS_CAISO,DAM,RU_CLR_PRC,0,12
2024-09-04T04:00:00-00:00,2024-09-04T05:00:00-00:00,2024-09-03,22,0,Hourly,RU,AS_CAISO,DAM,RU_CLR_PRC,0,12
2024-09-04T04:00:00-00:00,2024-09-04T05:00:00-00:00,2024-09-03,22,0,Hourly,RU,AS_NP26,DAM,RU_CLR_PRC,0,12
2024-09-04T04:00:00-00:00,2024-09-04T05:00:00-00:00,2024-09-03,22,0,Hourly,RU,AS_SP26,DAM,RU_CLR_PRC,0,12
2024-09-04T05:00:00-00:00,2024-09-04T06:00:00-00:00,2024-09-03,23,0,Hourly,RU,AS_CAISO,DAM,RU_CLR_PRC,0,12
2024-09-04T06:00:00-00:00,2024-09-04T07:00:00-00:00,2024-09-03,24,0,Hourly,RU,AS_SP26_EXP,DAM,RU_CLR_PRC,0.14125,12
2024-09-03T08:00:00-00:00,2024-09-03T09:00:00-00:00,2024-09-03,2,0,Hourly,RU,AS_SP26,DAM,RU_CLR_PRC,0,12
2024-09-03T09:00:00-00:00,2024-09-03T10:00:00-00:00,2024-09-03,3,0,Hourly,RU,AS_CAISO,DAM,RU_CLR_PRC,0,12
2024-09-03T11:00:00-00:00,2024-09-03T12:00:00-00:00,2024-09-03,5,0,Hourly,RU,AS_CAISO_EXP,DAM,RU_CLR_PRC,1.36234,12
2024-09-03T11:00:00-00:00,2024-09-03T12:00:00-00:00,2024-09-03,5,0,Hourly,RU,AS_NP26_EXP,DAM,RU_CLR_PRC,0.63766,12
2024-09-03T11:00:00-00:00,2024-09-03T12:00:00-00:00,2024-09-03,5,0,Hourly,RU,AS_SP26_EXP,DAM,RU_CLR_PRC,0,12
2024-09-03T18:00:00-00:00,2024-09-03T19:00:00-00:00,2024-09-03,12,0,Hourly,RU,AS_CAISO_EXP,DAM,RU_CLR_PRC,0.30287,12
2024-09-03T19:00:00-00:00,2024-09-03T20:00:00-00:00,2024-09-03,13,0,Hourly,RU,AS_CAISO_EXP,DAM,RU_CLR_PRC,0.41078,12
2024-09-03T21:00:00-00:00,2024-09-03T22:00:00-00:00,2024-09-03,15,0,Hourly,RU,AS_SP26_EXP,DAM,RU_CLR_PRC,0,12
2024-09-03T22:00:00-00:00,2024-09-03T23:00:00-00:00,2024-09-03,16,0,Hourly,RU,AS_SP26,DAM,RU_CLR_PRC,0,12
2024-09-04T00:00:00-00:00,2024-09-04T01:00:00-00:00,2024-09-03,18,0,Hourly,RU,AS_NP26,DAM,RU_CLR_PRC,0,12
2024-09-04T01:00:00-00:00,2024-09-04T02:00:00-00:00,2024-09-03,19,0,Hourly,RU,AS_CAISO,DAM,RU_CLR_PRC,0,12
2024-09-04T02:00:00-00:00,2024-09-04T03:00:00-00:00,2024-09-03,20,0,Hourly,RU,AS_SP26_EXP,DAM,RU_CLR_PRC,0,12
2024-09-04T03:00:00-00:00,2024-09-04T04:00:00-00:00,2024-09-03,21,0,Hourly,RU,AS_NP26,DAM,RU_CLR_PRC,0,12
2024-09-04T03:00:00-00:00,2024-09-04T04:00:00-00:00,2024-09-03,21,0,Hourly,RU,AS_SP26_EXP,DAM,RU_CLR_PRC,0,12
2024-09-04T04:00:00-00:00,2024-09-04T05:00:00-00:00,2024-09-03,22,0,Hourly,RU,AS_CAISO_EXP,DAM,RU_CLR_PRC,2.79931,12
2024-09-04T05:00:00-00:00,2024-09-04T06:00:00-00:00,2024-09-03,23,0,Hourly,RU,AS_NP26_EXP,DAM,RU_CLR_PRC,0,12
2024-09-04T06:00:00-00:00,2024-09-04T07:00:00-00:00,2024-09-03,24,0,Hourly,RU,AS_NP26,DAM,RU_CLR_PRC,0,12
2024-09-03T20:00:00-00:00,2024-09-03T21:00:00-00:00,2024-09-03,14,0,Hourly,RU,AS_CAISO,DAM,RU_CLR_PRC,0,12
2024-09-03T22:00:00-00:00,2024-09-03T23:00:00-00:00,2024-09-03,16,0,Hourly,RU,AS_CAISO,DAM,RU_CLR_PRC,0,12
2024-09-03T23:00:00-00:00,2024-09-04T00:00:00-00:00,2024-09-03,17,0,Hourly,RU,AS_CAISO_EXP,DAM,RU_CLR_PRC,1,12
2024-09-04T00:00:00-00:00,2024-09-04T01:00:00-00:00,2024-09-03,18,0,Hourly,RU,AS_SP26_EXP,DAM,RU_CLR_PRC,0,12
2024-09-04T01:00:00-00:00,2024-09-04T02:00:00-00:00,2024-09-03,19,0,Hourly,RU,AS_CAISO_EXP,DAM,RU_CLR_PRC,22,12
2024-09-04T01:00:00-00:00,2024-09-04T02:00:00-00:00,2024-09-03,19,0,Hourly,RU,AS_SP26,DAM,RU_CLR_PRC,0,12
2024-09-04T03:00:00-00:00,2024-09-04T04:00:00-00:00,2024-09-03,21,0,Hourly,RU,AS_CAISO_EXP,DAM,RU_CLR_PRC,4.39257,12
2024-09-04T04:00:00-00:00,2024-09-04T05:00:00-00:00,2024-09-03,22,0,Hourly,RU,AS_NP26_EXP,DAM,RU_CLR_PRC,2.20069,12
2024-09-04T06:00:00-00:00,2024-09-04T07:00:00-00:00,2024-09-03,24,0,Hourly,RU,AS_CAISO,DAM,RU_CLR_PRC,0,12
2024-09-03T07:00:00-00:00,2024-09-03T08:00:00-00:00,2024-09-03,1,0,Hourly,RU,AS_NP26,DAM,RU_CLR_PRC,0,12
2024-09-03T07:00:00-00:00,2024-09-03T08:00:00-00:00,2024-09-03,1,0,Hourly,RU,AS_NP26_EXP,DAM,RU_CLR_PRC,0.15,12
2024-09-03T08:00:00-00:00,2024-09-03T09:00:00-00:00,2024-09-03,2,0,Hourly,RU,AS_NP26_EXP,DAM,RU_CLR_PRC,0.41617,12
2024-09-03T09:00:00-00:00,2024-09-03T10:00:00-00:00,2024-09-03,3,0,Hourly,RU,AS_CAISO_EXP,DAM,RU_CLR_PRC,0.14,12
2024-09-03T09:00:00-00:00,2024-09-03T10:00:00-00:00,2024-09-03,3,0,Hourly,RU,AS_SP26_EXP,DAM,RU_CLR_PRC,1.22086,12
2024-09-03T12:00:00-00:00,2024-09-03T13:00:00-00:00,2024-09-03,6,0,Hourly,RU,AS_CAISO,DAM,RU_CLR_PRC,0,12
2024-09-03T12:00:00-00:00,2024-09-03T13:00:00-00:00,2024-09-03,6,0,Hourly,RU,AS_SP26,DAM,RU_CLR_PRC,0,12
2024-09-03T16:00:00-00:00,2024-09-03T17:00:00-00:00,2024-09-03,10,0,Hourly,RU,AS_NP26_EXP,DAM,RU_CLR_PRC,0.3515,12
2024-09-03T16:00:00-00:00,2024-09-03T17:00:00-00:00,2024-09-03,10,0,Hourly,RU,AS_SP26,DAM,RU_CLR_PRC,0,12
2024-09-03T17:00:00-00:00,2024-09-03T18:00:00-00:00,2024-09-03,11,0,Hourly,RU,AS_CAISO,DAM,RU_CLR_PRC,0,12
2024-09-03T07:00:00-00:00,2024-09-03T08:00:00-00:00,2024-09-03,1,0,Hourly,RU,AS_CAISO,DAM,RU_CLR_PRC,0,12
2024-09-03T07:00:00-00:00,2024-09-03T08:00:00-00:00,2024-09-03,1,0,Hourly,RU,AS_CAISO_EXP,DAM,RU_CLR_PRC,1.01317,12
2024-09-03T08:00:00-00:00,2024-09-03T09:00:00-00:00,2024-09-03,2,0,Hourly,RU,AS_SP26_EXP,DAM,RU_CLR_PRC,0.02519,12
2024-09-03T11:00:00-00:00,2024-09-03T12:00:00-00:00,2024-09-03,5,0,Hourly,RU,AS_CAISO,DAM,RU_CLR_PRC,0,12
2024-09-03T12:00:00-00:00,2024-09-03T13:00:00-00:00,2024-09-03,6,0,Hourly,RU,AS_NP26_EXP,DAM,RU_CLR_PRC,0.86,12
2024-09-03T14:00:00-00:00,2024-09-03T15:00:00-00:00,2024-09-03,8,0,Hourly,RU,AS_SP26_EXP,DAM,RU_CLR_PRC,0,12
2024-09-03T15:00:00-00:00,2024-09-03T16:00:00-00:00,2024-09-03,9,0,Hourly,RU,AS_CAISO,DAM,RU_CLR_PRC,0,12
2024-09-03T17:00:00-00:00,2024-09-03T18:00:00-00:00,2024-09-03,11,0,Hourly,RU,AS_CAISO_EXP,DAM,RU_CLR_PRC,0.14,12
2024-09-03T18:00:00-00:00,2024-09-03T19:00:00-00:00,2024-09-03,12,0,Hourly,RU,AS_SP26,DAM,RU_CLR_PRC,0,12
2024-09-03T22:00:00-00:00,2024-09-03T23:00:00-00:00,2024-09-03,16,0,Hourly,RU,AS_NP26_EXP,DAM,RU_CLR_PRC,0.50423,12
2024-09-04T05:00:00-00:00,2024-09-04T06:00:00-00:00,2024-09-03,23,0,Hourly,RU,AS_CAISO_EXP,DAM,RU_CLR_PRC,5,12
2024-09-04T06:00:00-00:00,2024-09-04T07:00:00-00:00,2024-09-03,24,0,Hourly,RU,AS_CAISO_EXP,DAM,RU_CLR_PRC,5,12
2024-09-04T06:00:00-00:00,2024-09-04T07:00:00-00:00,2024-09-03,24,0,Hourly,RU,AS_SP26,DAM,RU_CLR_PRC,0,12
2024-09-03T09:00:00-00:00,2024-09-03T10:00:00-00:00,2024-09-03,3,0,Hourly,RU,AS_SP26,DAM,RU_CLR_PRC,0,12
2024-09-03T13:00:00-00:00,2024-09-03T14:00:00-00:00,2024-09-03,7,0,Hourly,RU,AS_NP26_EXP,DAM,RU_CLR_PRC,0.15,12
2024-09-03T14:00:00-00:00,2024-09-03T15:00:00-00:00,2024-09-03,8,0,Hourly,RU,AS_NP26_EXP,DAM,RU_CLR_PRC,0.15,12
2024-09-03T15:00:00-00:00,2024-09-03T16:00:00-00:00,2024-09-03,9,0,Hourly,RU,AS_CAISO_EXP,DAM,RU_CLR_PRC,0.14,12
2024-09-03T15:00:00-00:00,2024-09-03T16:00:00-00:00,2024-09-03,9,0,Hourly,RU,AS_NP26_EXP,DAM,RU_CLR_PRC,0.46,12
2024-09-03T17:00:00-00:00,2024-09-03T18:00:00-00:00,2024-09-03,11,0,Hourly,RU,AS_NP26,DAM,RU_CLR_PRC,0,12
2024-09-03T17:00:00-00:00,2024-09-03T18:00:00-00:00,2024-09-03,11,0,Hourly,RU,AS_NP26_EXP,DAM,RU_CLR_PRC,0.74,12
2024-09-03T19:00:00-00:00,2024-09-03T20:00:00-00:00,2024-09-03,13,0,Hourly,RU,AS_NP26_EXP,DAM,RU_CLR_PRC,0.67922,12
2024-09-03T19:00:00-00:00,2024-09-03T20:00:00-00:00,2024-09-03,13,0,Hourly,RU,AS_SP26,DAM,RU_CLR_PRC,0,12
2024-09-03T20:00:00-00:00,2024-09-03T21:00:00-00:00,2024-09-03,14,0,Hourly,RU,AS_CAISO_EXP,DAM,RU_CLR_PRC,0.14,12
2024-09-03T20:00:00-00:00,2024-09-03T21:00:00-00:00,2024-09-03,14,0,Hourly,RU,AS_NP26_EXP,DAM,RU_CLR_PRC,0.86,12
2024-09-03T20:00:00-00:00,2024-09-03T21:00:00-00:00,2024-09-03,14,0,Hourly,RU,AS_SP26,DAM,RU_CLR_PRC,0,12
2024-09-03T22:00:00-00:00,2024-09-03T23:00:00-00:00,2024-09-03,16,0,Hourly,RU,AS_NP26,DAM,RU_CLR_PRC,0,12
2024-09-03T23:00:00-00:00,2024-09-04T00:00:00-00:00,2024-09-03,17,0,Hourly,RU,AS_NP26_EXP,DAM,RU_CLR_PRC,2.07,12
2024-09-04T00:00:00-00:00,2024-09-04T01:00:00-00:00,2024-09-03,18,0,Hourly,RU,AS_NP26_EXP,DAM,RU_CLR_PRC,5.34,12
2024-09-04T00:00:00-00:00,2024-09-04T01:00:00-00:00,2024-09-03,18,0,Hourly,RU,AS_SP26,DAM,RU_CLR_PRC,0,12
2024-09-04T02:00:00-00:00,2024-09-04T03:00:00-00:00,2024-09-03,20,0,Hourly,RU,AS_CAISO_EXP,DAM,RU_CLR_PRC,25,12
2024-09-04T02:00:00-00:00,2024-09-04T03:00:00-00:00,2024-09-03,20,0,Hourly,RU,AS_NP26,DAM,RU_CLR_PRC,0,12
2024-09-04T02:00:00-00:00,2024-09-04T03:00:00-00:00,2024-09-03,20,0,Hourly,RU,AS_NP26_EXP,DAM,RU_CLR_PRC,0,12
2024-09-04T03:00:00-00:00,2024-09-04T04:00:00-00:00,2024-09-03,21,0,Hourly,RU,AS_NP26_EXP,DAM,RU_CLR_PRC,3.45329,12
2024-09-04T06:00:00-00:00,2024-09-04T07:00:00-00:00,2024-09-03,24,0,Hourly,RU,AS_NP26_EXP,DAM,RU_CLR_PRC,0,12
2024-09-03T08:00:00-00:00,2024-09-03T09:00:00-00:00,2024-09-03,2,0,Hourly,RU,AS_CAISO_EXP,DAM,RU_CLR_PRC,1.28641,12
2024-09-03T08:00:00-00:00,2024-09-03T09:00:00-00:00,2024-09-03,2,0,Hourly,RU,AS_CAISO,DAM,RU_CLR_PRC,0,12
2024-09-03T10:00:00-00:00,2024-09-03T11:00:00-00:00,2024-09-03,4,0,Hourly,RU,AS_SP26_EXP,DAM,RU_CLR_PRC,1.11543,12
2024-09-03T11:00:00-00:00,2024-09-03T12:00:00-00:00,2024-09-03,5,0,Hourly,RU,AS_SP26,DAM,RU_CLR_PRC,0,12
2024-09-03T12:00:00-00:00,2024-09-03T13:00:00-00:00,2024-09-03,6,0,Hourly,RU,AS_NP26,DAM,RU_CLR_PRC,0,12
2024-09-03T12:00:00-00:00,2024-09-03T13:00:00-00:00,2024-09-03,6,0,Hourly,RU,AS_SP26_EXP,DAM,RU_CLR_PRC,0,12
2024-09-03T14:00:00-00:00,2024-09-03T15:00:00-00:00,2024-09-03,8,0,Hourly,RU,AS_CAISO_EXP,DAM,RU_CLR_PRC,3.22868,12
2024-09-03T14:00:00-00:00,2024-09-03T15:00:00-00:00,2024-09-03,8,0,Hourly,RU,AS_NP26,DAM,RU_CLR_PRC,0,12
2024-09-03T16:00:00-00:00,2024-09-03T17:00:00-00:00,2024-09-03,10,0,Hourly,RU,AS_CAISO,DAM,RU_CLR_PRC,0,12
2024-09-03T16:00:00-00:00,2024-09-03T17:00:00-00:00,2024-09-03,10,0,Hourly,RU,AS_SP26_EXP,DAM,RU_CLR_PRC,0,12
2024-09-03T18:00:00-00:00,2024-09-03T19:00:00-00:00,2024-09-03,12,0,Hourly,RU,AS_CAISO,DAM,RU_CLR_PRC,0,12
2024-09-03T18:00:00-00:00,2024-09-03T19:00:00-00:00,2024-09-03,12,0,Hourly,RU,AS_NP26,DAM,RU_CLR_PRC,0,12
2024-09-03T19:00:00-00:00,2024-09-03T20:00:00-00:00,2024-09-03,13,0,Hourly,RU,AS_CAISO,DAM,RU_CLR_PRC,0,12
2024-09-03T20:00:00-00:00,2024-09-03T21:00:00-00:00,2024-09-03,14,0,Hourly,RU,AS_NP26,DAM,RU_CLR_PRC,0,12
2024-09-03T23:00:00-00:00,2024-09-04T00:00:00-00:00,2024-09-03,17,0,Hourly,RU,AS_SP26,DAM,RU_CLR_PRC,0,12
2024-09-04T00:00:00-00:00,2024-09-04T01:00:00-00:00,2024-09-03,18,0,Hourly,RU,AS_CAISO,DAM,RU_CLR_PRC,0,12
2024-09-04T01:00:00-00:00,2024-09-04T02:00:00-00:00,2024-09-03,19,0,Hourly,RU,AS_SP26_EXP,DAM,RU_CLR_PRC,0,12
2024-09-04T02:00:00-00:00,2024-09-04T03:00:00-00:00,2024-09-03,20,0,Hourly,RU,AS_SP26,DAM,RU_CLR_PRC,0,12
2024-09-04T03:00:00-00:00,2024-09-04T04:00:00-00:00,2024-09-03,21,0,Hourly,RU,AS_SP26,DAM,RU_CLR_PRC,0,12
2024-09-04T05:00:00-00:00,2024-09-04T06:00:00-00:00,2024-09-03,23,0,Hourly,RU,AS_SP26_EXP,DAM,RU_CLR_PRC,0,12
2024-09-04T22:00:00-00:00,2024-09-04T23:00:00-00:00,2024-09-04,16,0,Hourly,RU,AS_SP26_EXP,DAM,RU_CLR_PRC,0,13
2024-09-04T23:00:00-00:00,2024-09-05T00:00:00-00:00,2024-09-04,17,0,Hourly,RU,AS_CAISO,DAM,RU_CLR_PRC,0,13
2024-09-05T03:00:00-00:00,2024-09-05T04:00:00-00:00,2024-09-04,21,0,Hourly,RU,AS_NP26_EXP,DAM,RU_CLR_PRC,0,13
2024-09-05T05:00:00-00:00,2024-09-05T06:00:00-00:00,2024-09-04,23,0,Hourly,RU,AS_NP26,DAM,RU_CLR_PRC,0,13
2024-09-05T06:00:00-00:00,2024-09-05T07:00:00-00:00,2024-09-04,24,0,Hourly,RU,AS_SP26_EXP,DAM,RU_CLR_PRC,4.28,13
2024-09-04T09:00:00-00:00,2024-09-04T10:00:00-00:00,2024-09-04,3,0,Hourly,RU,AS_SP26_EXP,DAM,RU_CLR_PRC,1.49384,13
2024-09-04T11:00:00-00:00,2024-09-04T12:00:00-00:00,2024-09-04,5,0,Hourly,RU,AS_NP26_EXP,DAM,RU_CLR_PRC,0.6,13
2024-09-04T11:00:00-00:00,2024-09-04T12:00:00-00:00,2024-09-04,5,0,Hourly,RU,AS_SP26,DAM,RU_CLR_PRC,0,13
2024-09-04T11:00:00-00:00,2024-09-04T12:00:00-00:00,2024-09-04,5,0,Hourly,RU,AS_SP26_EXP,DAM,RU_CLR_PRC,0,13
2024-09-04T12:00:00-00:00,2024-09-04T13:00:00-00:00,2024-09-04,6,0,Hourly,RU,AS_CAISO_EXP,DAM,RU_CLR_PRC,0.14,13
2024-09-04T13:00:00-00:00,2024-09-04T14:00:00-00:00,2024-09-04,7,0,Hourly,RU,AS_SP26_EXP,DAM,RU_CLR_PRC,1.96153,13
2024-09-04T16:00:00-00:00,2024-09-04T17:00:00-00:00,2024-09-04,10,0,Hourly,RU,AS_CAISO,DAM,RU_CLR_PRC,0,13
2024-09-04T18:00:00-00:00,2024-09-04T19:00:00-00:00,2024-09-04,12,0,Hourly,RU,AS_CAISO,DAM,RU_CLR_PRC,0,13
2024-09-04T18:00:00-00:00,2024-09-04T19:00:00-00:00,2024-09-04,12,0,Hourly,RU,AS_NP26,DAM,RU_CLR_PRC,0,13
2024-09-04T19:00:00-00:00,2024-09-04T20:00:00-00:00,2024-09-04,13,0,Hourly,RU,AS_CAISO_EXP,DAM,RU_CLR_PRC,0.14,13
2024-09-04T20:00:00-00:00,2024-09-04T21:00:00-00:00,2024-09-04,14,0,Hourly,RU,AS_SP26,DAM,RU_CLR_PRC,0,13
2024-09-04T19:00:00-00:00,2024-09-04T20:00:00-00:00,2024-09-04,13,0,Hourly,RU,AS_SP26,DAM,RU_CLR_PRC,0,13
2024-09-04T23:00:00-00:00,2024-09-05T00:00:00-00:00,2024-09-04,17,0,Hourly,RU,AS_CAISO_EXP,DAM,RU_CLR_PRC,5.52569,13
2024-09-04T23:00:00-00:00,2024-09-05T00:00:00-00:00,2024-09-04,17,0,Hourly,RU,AS_NP26_EXP,DAM,RU_CLR_PRC,0,13
2024-09-05T00:00:00-00:00,2024-09-05T01:00:00-00:00,2024-09-04,18,0,Hourly,RU,AS_SP26_EXP,DAM,RU_CLR_PRC,0,13
2024-09-05T01:00:00-00:00,2024-09-05T02:00:00-00:00,2024-09-04,19,0,Hourly,RU,AS_CAISO,DAM,RU_CLR_PRC,0,13
2024-09-05T02:00:00-00:00,2024-09-05T03:00:00-00:00,2024-09-04,20,0,Hourly,RU,AS_CAISO,DAM,RU_CLR_PRC,0,13
2024-09-05T06:00:00-00:00,2024-09-05T07:00:00-00:00,2024-09-04,24,0,Hourly,RU,AS_CAISO,DAM,RU_CLR_PRC,0,13
2024-09-04T08:00:00-00:00,2024-09-04T09:00:00-00:00,2024-09-04,2,0,Hourly,RU,AS_CAISO,DAM,RU_CLR_PRC,0,13
2024-09-04T09:00:00-00:00,2024-09-04T10:00:00-00:00,2024-09-04,3,0,Hourly,RU,AS_NP26,DAM,RU_CLR_PRC,0,13
2024-09-04T10:00:00-00:00,2024-09-04T11:00:00-00:00,2024-09-04,4,0,Hourly,RU,AS_CAISO_EXP,DAM,RU_CLR_PRC,0.14,13
2024-09-04T12:00:00-00:00,2024-09-04T13:00:00-00:00,2024-09-04,6,0,Hourly,RU,AS_CAISO,DAM,RU_CLR_PRC,0,13
2024-09-04T12:00:00-00:00,2024-09-04T13:00:00-00:00,2024-09-04,6,0,Hourly,RU,AS_NP26_EXP,DAM,RU_CLR_PRC,0.86,13
2024-09-04T12:00:00-00:00,2024-09-04T13:00:00-00:00,2024-09-04,6,0,Hourly,RU,AS_SP26,DAM,RU_CLR_PRC,0,13
2024-09-04T12:00:00-00:00,2024-09-04T13:00:00-00:00,2024-09-04,6,0,Hourly,RU,AS_SP26_EXP,DAM,RU_CLR_PRC,1.145,13
2024-09-04T14:00:00-00:00,2024-09-04T15:00:00-00:00,2024-09-04,8,0,Hourly,RU,AS_CAISO,DAM,RU_CLR_PRC,0,13
2024-09-04T21:00:00-00:00,2024-09-04T22:00:00-00:00,2024-09-04,15,0,Hourly,RU,AS_NP26,DAM,RU_CLR_PRC,0,13
2024-09-04T22:00:00-00:00,2024-09-04T23:00:00-00:00,2024-09-04,16,0,Hourly,RU,AS_CAISO,DAM,RU_CLR_PRC,0,13
2024-09-04T22:00:00-00:00,2024-09-04T23:00:00-00:00,2024-09-04,16,0,Hourly,RU,AS_NP26,DAM,RU_CLR_PRC,0,13
2024-09-05T00:00:00-00:00,2024-09-05T01:00:00-00:00,2024-09-04,18,0,Hourly,RU,AS_CAISO_EXP,DAM,RU_CLR_PRC,20,13
2024-09-05T01:00:00-00:00,2024-09-05T02:00:00-00:00,2024-09-04,19,0,Hourly,RU,AS_NP26,DAM,RU_CLR_PRC,0,13
2024-09-05T02:00:00-00:00,2024-09-05T03:00:00-00:00,2024-09-04,20,0,Hourly,RU,AS_CAISO_EXP,DAM,RU_CLR_PRC,220.65132,13
2024-09-05T02:00:00-00:00,2024-09-05T03:00:00-00:00,2024-09-04,20,0,Hourly,RU,AS_NP26,DAM,RU_CLR_PRC,0,13
2024-09-05T04:00:00-00:00,2024-09-05T05:00:00-00:00,2024-09-04,22,0,Hourly,RU,AS_CAISO_EXP,DAM,RU_CLR_PRC,9.86791,13
2024-09-05T04:00:00-00:00,2024-09-05T05:00:00-00:00,2024-09-04,22,0,Hourly,RU,AS_NP26_EXP,DAM,RU_CLR_PRC,0,13
2024-09-05T06:00:00-00:00,2024-09-05T07:00:00-00:00,2024-09-04,24,0,Hourly,RU,AS_CAISO_EXP,DAM,RU_CLR_PRC,3.5,13
2024-09-05T06:00:00-00:00,2024-09-05T07:00:00-00:00,2024-09-04,24,0,Hourly,RU,AS_SP26,DAM,RU_CLR_PRC,0,13
2024-09-04T07:00:00-00:00,2024-09-04T08:00:00-00:00,2024-09-04,1,0,Hourly,RU,AS_NP26,DAM,RU_CLR_PRC,0,13
2024-09-04T08:00:00-00:00,2024-09-04T09:00:00-00:00,2024-09-04,2,0,Hourly,RU,AS_NP26,DAM,RU_CLR_PRC,0,13
2024-09-04T08:00:00-00:00,2024-09-04T09:00:00-00:00,2024-09-04,2,0,Hourly,RU,AS_SP26,DAM,RU_CLR_PRC,0,13
2024-09-04T09:00:00-00:00,2024-09-04T10:00:00-00:00,2024-09-04,3,0,Hourly,RU,AS_CAISO_EXP,DAM,RU_CLR_PRC,1,13
2024-09-04T09:00:00-00:00,2024-09-04T10:00:00-00:00,2024-09-04,3,0,Hourly,RU,AS_NP26_EXP,DAM,RU_CLR_PRC,0,13
2024-09-04T10:00:00-00:00,2024-09-04T11:00:00-00:00,2024-09-04,4,0,Hourly,RU,AS_CAISO,DAM,RU_CLR_PRC,0,13
2024-09-04T11:00:00-00:00,2024-09-04T12:00:00-00:00,2024-09-04,5,0,Hourly,RU,AS_NP26,DAM,RU_CLR_PRC,0,13
2024-09-04T14:00:00-00:00,2024-09-04T15:00:00-00:00,2024-09-04,8,0,Hourly,RU,AS_CAISO_EXP,DAM,RU_CLR_PRC,1.54902,13
2024-09-04T14:00:00-00:00,2024-09-04T15:00:00-00:00,2024-09-04,8,0,Hourly,RU,AS_SP26,DAM,RU_CLR_PRC,0,13
2024-09-04T15:00:00-00:00,2024-09-04T16:00:00-00:00,2024-09-04,9,0,Hourly,RU,AS_CAISO,DAM,RU_CLR_PRC,0,13
2024-09-04T17:00:00-00:00,2024-09-04T18:00:00-00:00,2024-09-04,11,0,Hourly,RU,AS_CAISO,DAM,RU_CLR_PRC,0,13
2024-09-04T21:00:00-00:00,2024-09-04T22:00:00-00:00,2024-09-04,15,0,Hourly,RU,AS_CAISO_EXP,DAM,RU_CLR_PRC,0.45,13
2024-09-05T00:00:00-00:00,2024-09-05T01:00:00-00:00,2024-09-04,18,0,Hourly,RU,AS_NP26,DAM,RU_CLR_PRC,0,13
2024-09-05T00:00:00-00:00,2024-09-05T01:00:00-00:00,2024-09-04,18,0,Hourly,RU,AS_NP26_EXP,DAM,RU_CLR_PRC,0.23,13
2024-09-05T00:00:00-00:00,2024-09-05T01:00:00-00:00,2024-09-04,18,0,Hourly,RU,AS_SP26,DAM,RU_CLR_PRC,0,13
2024-09-05T01:00:00-00:00,2024-09-05T02:00:00-00:00,2024-09-04,19,0,Hourly,RU,AS_SP26,DAM,RU_CLR_PRC,0,13
2024-09-05T01:00:00-00:00,2024-09-05T02:00:00-00:00,2024-09-04,19,0,Hourly,RU,AS_SP26_EXP,DAM,RU_CLR_PRC,0,13
2024-09-05T04:00:00-00:00,2024-09-05T05:00:00-00:00,2024-09-04,22,0,Hourly,RU,AS_CAISO,DAM,RU_CLR_PRC,0,13
2024-09-04T09:00:00-00:00,2024-09-04T10:00:00-00:00,2024-09-04,3,0,Hourly,RU,AS_SP26,DAM,RU_CLR_PRC,0,13
2024-09-04T13:00:00-00:00,2024-09-04T14:00:00-00:00,2024-09-04,7,0,Hourly,RU,AS_NP26_EXP,DAM,RU_CLR_PRC,0.5,13
2024-09-04T14:00:00-00:00,2024-09-04T15:00:00-00:00,2024-09-04,8,0,Hourly,RU,AS_NP26,DAM,RU_CLR_PRC,0,13
2024-09-04T14:00:00-00:00,2024-09-04T15:00:00-00:00,2024-09-04,8,0,Hourly,RU,AS_SP26_EXP,DAM,RU_CLR_PRC,0,13
2024-09-04T16:00:00-00:00,2024-09-04T17:00:00-00:00,2024-09-04,10,0,Hourly,RU,AS_SP26_EXP,DAM,RU_CLR_PRC,0,13
2024-09-04T17:00:00-00:00,2024-09-04T18:00:00-00:00,2024-09-04,11,0,Hourly,RU,AS_CAISO_EXP,DAM,RU_CLR_PRC,0.14,13
2024-09-04T18:00:00-00:00,2024-09-04T19:00:00-00:00,2024-09-04,12,0,Hourly,RU,AS_SP26,DAM,RU_CLR_PRC,0,13
2024-09-04T19:00:00-00:00,2024-09-04T20:00:00-00:00,2024-09-04,13,0,Hourly,RU,AS_SP26_EXP,DAM,RU_CLR_PRC,0,13
2024-09-04T20:00:00-00:00,2024-09-04T21:00:00-00:00,2024-09-04,14,0,Hourly,RU,AS_SP26_EXP,DAM,RU_CLR_PRC,0,13
2024-09-04T21:00:00-00:00,2024-09-04T22:00:00-00:00,2024-09-04,15,0,Hourly,RU,AS_SP26,DAM,RU_CLR_PRC,0,13
2024-09-04T23:00:00-00:00,2024-09-05T00:00:00-00:00,2024-09-04,17,0,Hourly,RU,AS_NP26,DAM,RU_CLR_PRC,0,13
2024-09-05T01:00:00-00:00,2024-09-05T02:00:00-00:00,2024-09-04,19,0,Hourly,RU,AS_NP26_EXP,DAM,RU_CLR_PRC,0,13
2024-09-05T03:00:00-00:00,2024-09-05T04:00:00-00:00,2024-09-04,21,0,Hourly,RU,AS_CAISO,DAM,RU_CLR_PRC,0,13
2024-09-05T03:00:00-00:00,2024-09-05T04:00:00-00:00,2024-09-04,21,0,Hourly,RU,AS_CAISO_EXP,DAM,RU_CLR_PRC,44.92888,13
2024-09-05T04:00:00-00:00,2024-09-05T05:00:00-00:00,2024-09-04,22,0,Hourly,RU,AS_SP26_EXP,DAM,RU_CLR_PRC,0.73135,13
2024-09-05T05:00:00-00:00,2024-09-05T06:00:00-00:00,2024-09-04,23,0,Hourly,RU,AS_NP26_EXP,DAM,RU_CLR_PRC,0,13
2024-09-05T05:00:00-00:00,2024-09-05T06:00:00-00:00,2024-09-04,23,0,Hourly,RU,AS_SP26_EXP,DAM,RU_CLR_PRC,0.49,13
2024-09-04T21:00:00-00:00,2024-09-04T22:00:00-00:00,2024-09-04,15,0,Hourly,RU,AS_NP26_EXP,DAM,RU_CLR_PRC,1.05,13
2024-09-04T21:00:00-00:00,2024-09-04T22:00:00-00:00,2024-09-04,15,0,Hourly,RU,AS_SP26_EXP,DAM,RU_CLR_PRC,0,13
2024-09-04T22:00:00-00:00,2024-09-04T23:00:00-00:00,2024-09-04,16,0,Hourly,RU,AS_SP26,DAM,RU_CLR_PRC,0,13
2024-09-04T07:00:00-00:00,2024-09-04T08:00:00-00:00,2024-09-04,1,0,Hourly,RU,AS_CAISO,DAM,RU_CLR_PRC,0,13
2024-09-04T07:00:00-00:00,2024-09-04T08:00:00-00:00,2024-09-04,1,0,Hourly,RU,AS_CAISO_EXP,DAM,RU_CLR_PRC,1.98605,13
2024-09-04T07:00:00-00:00,2024-09-04T08:00:00-00:00,2024-09-04,1,0,Hourly,RU,AS_NP26_EXP,DAM,RU_CLR_PRC,0,13
2024-09-04T08:00:00-00:00,2024-09-04T09:00:00-00:00,2024-09-04,2,0,Hourly,RU,AS_NP26_EXP,DAM,RU_CLR_PRC,0,13
2024-09-04T10:00:00-00:00,2024-09-04T11:00:00-00:00,2024-09-04,4,0,Hourly,RU,AS_SP26,DAM,RU_CLR_PRC,0,13
2024-09-04T10:00:00-00:00,2024-09-04T11:00:00-00:00,2024-09-04,4,0,Hourly,RU,AS_SP26_EXP,DAM,RU_CLR_PRC,1.66692,13
2024-09-04T11:00:00-00:00,2024-09-04T12:00:00-00:00,2024-09-04,5,0,Hourly,RU,AS_CAISO,DAM,RU_CLR_PRC,0,13
2024-09-04T13:00:00-00:00,2024-09-04T14:00:00-00:00,2024-09-04,7,0,Hourly,RU,AS_CAISO_EXP,DAM,RU_CLR_PRC,1.53847,13
2024-09-04T16:00:00-00:00,2024-09-04T17:00:00-00:00,2024-09-04,10,0,Hourly,RU,AS_CAISO_EXP,DAM,RU_CLR_PRC,0.14,13
2024-09-04T16:00:00-00:00,2024-09-04T17:00:00-00:00,2024-09-04,10,0,Hourly,RU,AS_NP26,DAM,RU_CLR_PRC,0,13
2024-09-04T16:00:00-00:00,2024-09-04T17:00:00-00:00,2024-09-04,10,0,Hourly,RU,AS_SP26,DAM,RU_CLR_PRC,0,13
2024-09-04T22:00:00-00:00,2024-09-04T23:00:00-00:00,2024-09-04,16,0,Hourly,RU,AS_CAISO_EXP,DAM,RU_CLR_PRC,1.0261,13
2024-09-04T23:00:00-00:00,2024-09-05T00:00:00-00:00,2024-09-04,17,0,Hourly,RU,AS_SP26_EXP,DAM,RU_CLR_PRC,0,13
2024-09-05T02:00:00-00:00,2024-09-05T03:00:00-00:00,2024-09-04,20,0,Hourly,RU,AS_SP26,DAM,RU_CLR_PRC,0,13
2024-09-05T03:00:00-00:00,2024-09-05T04:00:00-00:00,2024-09-04,21,0,Hourly,RU,AS_SP26,DAM,RU_CLR_PRC,0,13
2024-09-05T03:00:00-00:00,2024-09-05T04:00:00-00:00,2024-09-04,21,0,Hourly,RU,AS_SP26_EXP,DAM,RU_CLR_PRC,0,13
2024-09-05T05:00:00-00:00,2024-09-05T06:00:00-00:00,2024-09-04,23,0,Hourly,RU,AS_SP26,DAM,RU_CLR_PRC,0,13
2024-09-05T06:00:00-00:00,2024-09-05T07:00:00-00:00,2024-09-04,24,0,Hourly,RU,AS_NP26_EXP,DAM,RU_CLR_PRC,0,13
2024-09-04T08:00:00-00:00,2024-09-04T09:00:00-00:00,2024-09-04,2,0,Hourly,RU,AS_SP26_EXP,DAM,RU_CLR_PRC,1.41139,13
2024-09-04T11:00:00-00:00,2024-09-04T12:00:00-00:00,2024-09-04,5,0,Hourly,RU,AS_CAISO_EXP,DAM,RU_CLR_PRC,0.14,13
2024-09-04T13:00:00-00:00,2024-09-04T14:00:00-00:00,2024-09-04,7,0,Hourly,RU,AS_CAISO,DAM,RU_CLR_PRC,0,13
2024-09-04T15:00:00-00:00,2024-09-04T16:00:00-00:00,2024-09-04,9,0,Hourly,RU,AS_NP26_EXP,DAM,RU_CLR_PRC,0.86,13
2024-09-04T15:00:00-00:00,2024-09-04T16:00:00-00:00,2024-09-04,9,0,Hourly,RU,AS_SP26,DAM,RU_CLR_PRC,0,13
2024-09-04T17:00:00-00:00,2024-09-04T18:00:00-00:00,2024-09-04,11,0,Hourly,RU,AS_SP26_EXP,DAM,RU_CLR_PRC,0,13
2024-09-04T20:00:00-00:00,2024-09-04T21:00:00-00:00,2024-09-04,14,0,Hourly,RU,AS_CAISO,DAM,RU_CLR_PRC,0,13
2024-09-04T20:00:00-00:00,2024-09-04T21:00:00-00:00,2024-09-04,14,0,Hourly,RU,AS_CAISO_EXP,DAM,RU_CLR_PRC,1.5,13
2024-09-04T20:00:00-00:00,2024-09-04T21:00:00-00:00,2024-09-04,14,0,Hourly,RU,AS_NP26,DAM,RU_CLR_PRC,0,13
2024-09-04T22:00:00-00:00,2024-09-04T23:00:00-00:00,2024-09-04,16,0,Hourly,RU,AS_NP26_EXP,DAM,RU_CLR_PRC,1.71,13
2024-09-05T00:00:00-00:00,2024-09-05T01:00:00-00:00,2024-09-04,18,0,Hourly,RU,AS_CAISO,DAM,RU_CLR_PRC,0,13
2024-09-05T01:00:00-00:00,2024-09-05T02:00:00-00:00,2024-09-04,19,0,Hourly,RU,AS_CAISO_EXP,DAM,RU_CLR_PRC,174.27615,13
2024-09-05T02:00:00-00:00,2024-09-05T03:00:00-00:00,2024-09-04,20,0,Hourly,RU,AS_NP26_EXP,DAM,RU_CLR_PRC,0,13
2024-09-05T02:00:00-00:00,2024-09-05T03:00:00-00:00,2024-09-04,20,0,Hourly,RU,AS_SP26_EXP,DAM,RU_CLR_PRC,0,13
2024-09-05T06:00:00-00:00,2024-09-05T07:00:00-00:00,2024-09-04,24,0,Hourly,RU,AS_NP26,DAM,RU_CLR_PRC,0,13
2024-09-04T13:00:00-00:00,2024-09-04T14:00:00-00:00,2024-09-04,7,0,Hourly,RU,AS_NP26,DAM,RU_CLR_PRC,0,13
2024-09-04T14:00:00-00:00,2024-09-04T15:00:00-00:00,2024-09-04,8,0,Hourly,RU,AS_NP26_EXP,DAM,RU_CLR_PRC,0.25,13
2024-09-04T15:00:00-00:00,2024-09-04T16:00:00-00:00,2024-09-04,9,0,Hourly,RU,AS_CAISO_EXP,DAM,RU_CLR_PRC,0.14,13
2024-09-04T15:00:00-00:00,2024-09-04T16:00:00-00:00,2024-09-04,9,0,Hourly,RU,AS_SP26_EXP,DAM,RU_CLR_PRC,0,13
2024-09-04T17:00:00-00:00,2024-09-04T18:00:00-00:00,2024-09-04,11,0,Hourly,RU,AS_NP26,DAM,RU_CLR_PRC,0,13
2024-09-04T17:00:00-00:00,2024-09-04T18:00:00-00:00,2024-09-04,11,0,Hourly,RU,AS_SP26,DAM,RU_CLR_PRC,0,13
2024-09-04T18:00:00-00:00,2024-09-04T19:00:00-00:00,2024-09-04,12,0,Hourly,RU,AS_NP26_EXP,DAM,RU_CLR_PRC,0.63,13
2024-09-04T19:00:00-00:00,2024-09-04T20:00:00-00:00,2024-09-04,13,0,Hourly,RU,AS_CAISO,DAM,RU_CLR_PRC,0,13
2024-09-04T19:00:00-00:00,2024-09-04T20:00:00-00:00,2024-09-04,13,0,Hourly,RU,AS_NP26,DAM,RU_CLR_PRC,0,13
2024-09-04T20:00:00-00:00,2024-09-04T21:00:00-00:00,2024-09-04,14,0,Hourly,RU,AS_NP26_EXP,DAM,RU_CLR_PRC,0,13
2024-09-04T21:00:00-00:00,2024-09-04T22:00:00-00:00,2024-09-04,15,0,Hourly,RU,AS_CAISO,DAM,RU_CLR_PRC,0,13
2024-09-04T23:00:00-00:00,2024-09-05T00:00:00-00:00,2024-09-04,17,0,Hourly,RU,AS_SP26,DAM,RU_CLR_PRC,0,13
2024-09-05T03:00:00-00:00,2024-09-05T04:00:00-00:00,2024-09-04,21,0,Hourly,RU,AS_NP26,DAM,RU_CLR_PRC,0,13
2024-09-05T04:00:00-00:00,2024-09-05T05:00:00-00:00,2024-09-04,22,0,Hourly,RU,AS_NP26,DAM,RU_CLR_PRC,0,13
2024-09-05T04:00:00-00:00,2024-09-05T05:00:00-00:00,2024-09-04,22,0,Hourly,RU,AS_SP26,DAM,RU_CLR_PRC,0,13
2024-09-05T05:00:00-00:00,2024-09-05T06:00:00-00:00,2024-09-04,23,0,Hourly,RU,AS_CAISO,DAM,RU_CLR_PRC,0,13
2024-09-05T05:00:00-00:00,2024-09-05T06:00:00-00:00,2024-09-04,23,0,Hourly,RU,AS_CAISO_EXP,DAM,RU_CLR_PRC,4.67806,13
2024-09-04T07:00:00-00:00,2024-09-04T08:00:00-00:00,2024-09-04,1,0,Hourly,RU,AS_SP26_EXP,DAM,RU_CLR_PRC,1.11117,13
2024-09-04T08:00:00-00:00,2024-09-04T09:00:00-00:00,2024-09-04,2,0,Hourly,RU,AS_CAISO_EXP,DAM,RU_CLR_PRC,1,13
2024-09-04T10:00:00-00:00,2024-09-04T11:00:00-00:00,2024-09-04,4,0,Hourly,RU,AS_NP26,DAM,RU_CLR_PRC,0,13
2024-09-04T12:00:00-00:00,2024-09-04T13:00:00-00:00,2024-09-04,6,0,Hourly,RU,AS_NP26,DAM,RU_CLR_PRC,0,13
2024-09-04T07:00:00-00:00,2024-09-04T08:00:00-00:00,2024-09-04,1,0,Hourly,RU,AS_SP26,DAM,RU_CLR_PRC,0,13
2024-09-04T09:00:00-00:00,2024-09-04T10:00:00-00:00,2024-09-04,3,0,Hourly,RU,AS_CAISO,DAM,RU_CLR_PRC,0,13
2024-09-04T10:00:00-00:00,2024-09-04T11:00:00-00:00,2024-09-04,4,0,Hourly,RU,AS_NP26_EXP,DAM,RU_CLR_PRC,0.6,13
2024-09-04T13:00:00-00:00,2024-09-04T14:00:00-00:00,2024-09-04,7,0,Hourly,RU,AS_SP26,DAM,RU_CLR_PRC,0,13
2024-09-04T15:00:00-00:00,2024-09-04T16:00:00-00:00,2024-09-04,9,0,Hourly,RU,AS_NP26,DAM,RU_CLR_PRC,0,13
2024-09-04T16:00:00-00:00,2024-09-04T17:00:00-00:00,2024-09-04,10,0,Hourly,RU,AS_NP26_EXP,DAM,RU_CLR_PRC,1.86,13
2024-09-04T17:00:00-00:00,2024-09-04T18:00:00-00:00,2024-09-04,11,0,Hourly,RU,AS_NP26_EXP,DAM,RU_CLR_PRC,0.40347,13
2024-09-04T18:00:00-00:00,2024-09-04T19:00:00-00:00,2024-09-04,12,0,Hourly,RU,AS_CAISO_EXP,DAM,RU_CLR_PRC,0.14,13
2024-09-04T18:00:00-00:00,2024-09-04T19:00:00-00:00,2024-09-04,12,0,Hourly,RU,AS_SP26_EXP,DAM,RU_CLR_PRC,0,13
2024-09-04T19:00:00-00:00,2024-09-04T20:00:00-00:00,2024-09-04,13,0,Hourly,RU,AS_NP26_EXP,DAM,RU_CLR_PRC,0.86,13
2024-09-05T10:00:00-00:00,2024-09-05T11:00:00-00:00,2024-09-05,4,0,Hourly,RU,AS_SP26_EXP,DAM,RU_CLR_PRC,0,14
2024-09-05T11:00:00-00:00,2024-09-05T12:00:00-00:00,2024-09-05,5,0,Hourly,RU,AS_SP26_EXP,DAM,RU_CLR_PRC,0,14
2024-09-05T16:00:00-00:00,2024-09-05T17:00:00-00:00,2024-09-05,10,0,Hourly,RU,AS_SP26,DAM,RU_CLR_PRC,0,14
2024-09-05T17:00:00-00:00,2024-09-05T18:00:00-00:00,2024-09-05,11,0,Hourly,RU,AS_SP26,DAM,RU_CLR_PRC,0,14
2024-09-05T21:00:00-00:00,2024-09-05T22:00:00-00:00,2024-09-05,15,0,Hourly,RU,AS_CAISO,DAM,RU_CLR_PRC,0,14
2024-09-05T21:00:00-00:00,2024-09-05T22:00:00-00:00,2024-09-05,15,0,Hourly,RU,AS_NP26_EXP,DAM,RU_CLR_PRC,4.94996,14
2024-09-05T21:00:00-00:00,2024-09-05T22:00:00-00:00,2024-09-05,15,0,Hourly,RU,AS_SP26_EXP,DAM,RU_CLR_PRC,0,14
2024-09-06T00:00:00-00:00,2024-09-06T01:00:00-00:00,2024-09-05,18,0,Hourly,RU,AS_SP26_EXP,DAM,RU_CLR_PRC,20.5754,14
2024-09-06T01:00:00-00:00,2024-09-06T02:00:00-00:00,2024-09-05,19,0,Hourly,RU,AS_CAISO_EXP,DAM,RU_CLR_PRC,337.36354,14
2024-09-06T01:00:00-00:00,2024-09-06T02:00:00-00:00,2024-09-05,19,0,Hourly,RU,AS_NP26_EXP,DAM,RU_CLR_PRC,0,14
2024-09-06T02:00:00-00:00,2024-09-06T03:00:00-00:00,2024-09-05,20,0,Hourly,RU,AS_NP26_EXP,DAM,RU_CLR_PRC,0,14
2024-09-06T03:00:00-00:00,2024-09-06T04:00:00-00:00,2024-09-05,21,0,Hourly,RU,AS_NP26_EXP,DAM,RU_CLR_PRC,0,14
2024-09-06T03:00:00-00:00,2024-09-06T04:00:00-00:00,2024-09-05,21,0,Hourly,RU,AS_SP26_EXP,DAM,RU_CLR_PRC,0,14
2024-09-06T04:00:00-00:00,2024-09-06T05:00:00-00:00,2024-09-05,22,0,Hourly,RU,AS_NP26,DAM,RU_CLR_PRC,0,14
2024-09-06T04:00:00-00:00,2024-09-06T05:00:00-00:00,2024-09-05,22,0,Hourly,RU,AS_SP26_EXP,DAM,RU_CLR_PRC,0,14
2024-09-06T06:00:00-00:00,2024-09-06T07:00:00-00:00,2024-09-05,24,0,Hourly,RU,AS_CAISO_EXP,DAM,RU_CLR_PRC,6.67,14
2024-09-05T19:00:00-00:00,2024-09-05T20:00:00-00:00,2024-09-05,13,0,Hourly,RU,AS_NP26,DAM,RU_CLR_PRC,0,14
2024-09-05T21:00:00-00:00,2024-09-05T22:00:00-00:00,2024-09-05,15,0,Hourly,RU,AS_NP26,DAM,RU_CLR_PRC,0,14
2024-09-05T22:00:00-00:00,2024-09-05T23:00:00-00:00,2024-09-05,16,0,Hourly,RU,AS_NP26,DAM,RU_CLR_PRC,0,14
2024-09-05T23:00:00-00:00,2024-09-06T00:00:00-00:00,2024-09-05,17,0,Hourly,RU,AS_NP26,DAM,RU_CLR_PRC,0,14
2024-09-06T01:00:00-00:00,2024-09-06T02:00:00-00:00,2024-09-05,19,0,Hourly,RU,AS_NP26,DAM,RU_CLR_PRC,0,14
2024-09-06T01:00:00-00:00,2024-09-06T02:00:00-00:00,2024-09-05,19,0,Hourly,RU,AS_SP26_EXP,DAM,RU_CLR_PRC,0,14
2024-09-06T02:00:00-00:00,2024-09-06T03:00:00-00:00,2024-09-05,20,0,Hourly,RU,AS_SP26,DAM,RU_CLR_PRC,0,14
2024-09-05T07:00:00-00:00,2024-09-05T08:00:00-00:00,2024-09-05,1,0,Hourly,RU,AS_NP26,DAM,RU_CLR_PRC,0,14
2024-09-05T10:00:00-00:00,2024-09-05T11:00:00-00:00,2024-09-05,4,0,Hourly,RU,AS_CAISO,DAM,RU_CLR_PRC,0,14
2024-09-05T10:00:00-00:00,2024-09-05T11:00:00-00:00,2024-09-05,4,0,Hourly,RU,AS_CAISO_EXP,DAM,RU_CLR_PRC,0.14,14
2024-09-05T10:00:00-00:00,2024-09-05T11:00:00-00:00,2024-09-05,4,0,Hourly,RU,AS_SP26,DAM,RU_CLR_PRC,0,14
2024-09-05T11:00:00-00:00,2024-09-05T12:00:00-00:00,2024-09-05,5,0,Hourly,RU,AS_CAISO,DAM,RU_CLR_PRC,0,14
2024-09-05T14:00:00-00:00,2024-09-05T15:00:00-00:00,2024-09-05,8,0,Hourly,RU,AS_CAISO,DAM,RU_CLR_PRC,0,14
2024-09-05T14:00:00-00:00,2024-09-05T15:00:00-00:00,2024-09-05,8,0,Hourly,RU,AS_NP26,DAM,RU_CLR_PRC,0,14
2024-09-05T17:00:00-00:00,2024-09-05T18:00:00-00:00,2024-09-05,11,0,Hourly,RU,AS_CAISO_EXP,DAM,RU_CLR_PRC,0.14,14
2024-09-05T17:00:00-00:00,2024-09-05T18:00:00-00:00,2024-09-05,11,0,Hourly,RU,AS_NP26_EXP,DAM,RU_CLR_PRC,1.36,14
2024-09-05T18:00:00-00:00,2024-09-05T19:00:00-00:00,2024-09-05,12,0,Hourly,RU,AS_NP26_EXP,DAM,RU_CLR_PRC,0.7,14
2024-09-05T18:00:00-00:00,2024-09-05T19:00:00-00:00,2024-09-05,12,0,Hourly,RU,AS_SP26,DAM,RU_CLR_PRC,0,14
2024-09-05T20:00:00-00:00,2024-09-05T21:00:00-00:00,2024-09-05,14,0,Hourly,RU,AS_CAISO_EXP,DAM,RU_CLR_PRC,0.84,14
2024-09-05T20:00:00-00:00,2024-09-05T21:00:00-00:00,2024-09-05,14,0,Hourly,RU,AS_SP26_EXP,DAM,RU_CLR_PRC,0,14
2024-09-05T23:00:00-00:00,2024-09-06T00:00:00-00:00,2024-09-05,17,0,Hourly,RU,AS_CAISO_EXP,DAM,RU_CLR_PRC,10.40853,14
2024-09-06T00:00:00-00:00,2024-09-06T01:00:00-00:00,2024-09-05,18,0,Hourly,RU,AS_SP26,DAM,RU_CLR_PRC,0,14
2024-09-06T03:00:00-00:00,2024-09-06T04:00:00-00:00,2024-09-05,21,0,Hourly,RU,AS_NP26,DAM,RU_CLR_PRC,0,14
2024-09-06T04:00:00-00:00,2024-09-06T05:00:00-00:00,2024-09-05,22,0,Hourly,RU,AS_CAISO_EXP,DAM,RU_CLR_PRC,43.58989,14
2024-09-06T05:00:00-00:00,2024-09-06T06:00:00-00:00,2024-09-05,23,0,Hourly,RU,AS_NP26_EXP,DAM,RU_CLR_PRC,2.81,14
2024-09-05T16:00:00-00:00,2024-09-05T17:00:00-00:00,2024-09-05,10,0,Hourly,RU,AS_CAISO,DAM,RU_CLR_PRC,0,14
2024-09-05T16:00:00-00:00,2024-09-05T17:00:00-00:00,2024-09-05,10,0,Hourly,RU,AS_CAISO_EXP,DAM,RU_CLR_PRC,0.14,14
2024-09-05T16:00:00-00:00,2024-09-05T17:00:00-00:00,2024-09-05,10,0,Hourly,RU,AS_NP26,DAM,RU_CLR_PRC,0,14
2024-09-05T16:00:00-00:00,2024-09-05T17:00:00-00:00,2024-09-05,10,0,Hourly,RU,AS_SP26_EXP,DAM,RU_CLR_PRC,0,14
2024-09-05T17:00:00-00:00,2024-09-05T18:00:00-00:00,2024-09-05,11,0,Hourly,RU,AS_CAISO,DAM,RU_CLR_PRC,0,14
2024-09-05T19:00:00-00:00,2024-09-05T20:00:00-00:00,2024-09-05,13,0,Hourly,RU,AS_NP26_EXP,DAM,RU_CLR_PRC,0.86,14
2024-09-05T19:00:00-00:00,2024-09-05T20:00:00-00:00,2024-09-05,13,0,Hourly,RU,AS_SP26,DAM,RU_CLR_PRC,0,14
2024-09-05T20:00:00-00:00,2024-09-05T21:00:00-00:00,2024-09-05,14,0,Hourly,RU,AS_CAISO,DAM,RU_CLR_PRC,0,14
2024-09-05T20:00:00-00:00,2024-09-05T21:00:00-00:00,2024-09-05,14,0,Hourly,RU,AS_NP26_EXP,DAM,RU_CLR_PRC,1.66,14
2024-09-05T21:00:00-00:00,2024-09-05T22:00:00-00:00,2024-09-05,15,0,Hourly,RU,AS_SP26,DAM,RU_CLR_PRC,0,14
2024-09-05T22:00:00-00:00,2024-09-05T23:00:00-00:00,2024-09-05,16,0,Hourly,RU,AS_CAISO,DAM,RU_CLR_PRC,0,14
2024-09-06T02:00:00-00:00,2024-09-06T03:00:00-00:00,2024-09-05,20,0,Hourly,RU,AS_NP26,DAM,RU_CLR_PRC,0,14
2024-09-06T02:00:00-00:00,2024-09-06T03:00:00-00:00,2024-09-05,20,0,Hourly,RU,AS_SP26_EXP,DAM,RU_CLR_PRC,0,14
2024-09-06T05:00:00-00:00,2024-09-06T06:00:00-00:00,2024-09-05,23,0,Hourly,RU,AS_SP26_EXP,DAM,RU_CLR_PRC,0,14
2024-09-05T09:00:00-00:00,2024-09-05T10:00:00-00:00,2024-09-05,3,0,Hourly,RU,AS_SP26_EXP,DAM,RU_CLR_PRC,0,14
2024-09-05T10:00:00-00:00,2024-09-05T11:00:00-00:00,2024-09-05,4,0,Hourly,RU,AS_NP26,DAM,RU_CLR_PRC,0,14
2024-09-05T10:00:00-00:00,2024-09-05T11:00:00-00:00,2024-09-05,4,0,Hourly,RU,AS_NP26_EXP,DAM,RU_CLR_PRC,0.86,14
2024-09-05T14:00:00-00:00,2024-09-05T15:00:00-00:00,2024-09-05,8,0,Hourly,RU,AS_NP26_EXP,DAM,RU_CLR_PRC,0.54662,14
2024-09-05T14:00:00-00:00,2024-09-05T15:00:00-00:00,2024-09-05,8,0,Hourly,RU,AS_SP26_EXP,DAM,RU_CLR_PRC,0,14
2024-09-05T15:00:00-00:00,2024-09-05T16:00:00-00:00,2024-09-05,9,0,Hourly,RU,AS_SP26_EXP,DAM,RU_CLR_PRC,0,14
2024-09-05T07:00:00-00:00,2024-09-05T08:00:00-00:00,2024-09-05,1,0,Hourly,RU,AS_CAISO_EXP,DAM,RU_CLR_PRC,1.52933,14
2024-09-05T07:00:00-00:00,2024-09-05T08:00:00-00:00,2024-09-05,1,0,Hourly,RU,AS_NP26_EXP,DAM,RU_CLR_PRC,0.5,14
2024-09-05T08:00:00-00:00,2024-09-05T09:00:00-00:00,2024-09-05,2,0,Hourly,RU,AS_CAISO_EXP,DAM,RU_CLR_PRC,1,14
2024-09-05T08:00:00-00:00,2024-09-05T09:00:00-00:00,2024-09-05,2,0,Hourly,RU,AS_NP26_EXP,DAM,RU_CLR_PRC,0.154,14
2024-09-05T09:00:00-00:00,2024-09-05T10:00:00-00:00,2024-09-05,3,0,Hourly,RU,AS_CAISO,DAM,RU_CLR_PRC,0,14
2024-09-05T09:00:00-00:00,2024-09-05T10:00:00-00:00,2024-09-05,3,0,Hourly,RU,AS_NP26_EXP,DAM,RU_CLR_PRC,1.2985,14
2024-09-05T11:00:00-00:00,2024-09-05T12:00:00-00:00,2024-09-05,5,0,Hourly,RU,AS_NP26_EXP,DAM,RU_CLR_PRC,0.9654,14
2024-09-05T12:00:00-00:00,2024-09-05T13:00:00-00:00,2024-09-05,6,0,Hourly,RU,AS_NP26,DAM,RU_CLR_PRC,0,14
2024-09-05T18:00:00-00:00,2024-09-05T19:00:00-00:00,2024-09-05,12,0,Hourly,RU,AS_SP26_EXP,DAM,RU_CLR_PRC,0,14
2024-09-05T22:00:00-00:00,2024-09-05T23:00:00-00:00,2024-09-05,16,0,Hourly,RU,AS_CAISO_EXP,DAM,RU_CLR_PRC,5.68033,14
2024-09-05T22:00:00-00:00,2024-09-05T23:00:00-00:00,2024-09-05,16,0,Hourly,RU,AS_NP26_EXP,DAM,RU_CLR_PRC,5.44417,14
2024-09-05T22:00:00-00:00,2024-09-05T23:00:00-00:00,2024-09-05,16,0,Hourly,RU,AS_SP26,DAM,RU_CLR_PRC,0,14
2024-09-06T00:00:00-00:00,2024-09-06T01:00:00-00:00,2024-09-05,18,0,Hourly,RU,AS_CAISO_EXP,DAM,RU_CLR_PRC,145.66951,14
2024-09-06T00:00:00-00:00,2024-09-06T01:00:00-00:00,2024-09-05,18,0,Hourly,RU,AS_NP26,DAM,RU_CLR_PRC,0,14
2024-09-06T00:00:00-00:00,2024-09-06T01:00:00-00:00,2024-09-05,18,0,Hourly,RU,AS_NP26_EXP,DAM,RU_CLR_PRC,10.07862,14
2024-09-06T01:00:00-00:00,2024-09-06T02:00:00-00:00,2024-09-05,19,0,Hourly,RU,AS_CAISO,DAM,RU_CLR_PRC,0,14
2024-09-06T01:00:00-00:00,2024-09-06T02:00:00-00:00,2024-09-05,19,0,Hourly,RU,AS_SP26,DAM,RU_CLR_PRC,0,14
2024-09-06T03:00:00-00:00,2024-09-06T04:00:00-00:00,2024-09-05,21,0,Hourly,RU,AS_SP26,DAM,RU_CLR_PRC,0,14
2024-09-05T09:00:00-00:00,2024-09-05T10:00:00-00:00,2024-09-05,3,0,Hourly,RU,AS_SP26,DAM,RU_CLR_PRC,0,14
2024-09-05T07:00:00-00:00,2024-09-05T08:00:00-00:00,2024-09-05,1,0,Hourly,RU,AS_CAISO,DAM,RU_CLR_PRC,0,14
2024-09-05T08:00:00-00:00,2024-09-05T09:00:00-00:00,2024-09-05,2,0,Hourly,RU,AS_NP26,DAM,RU_CLR_PRC,0,14
2024-09-05T09:00:00-00:00,2024-09-05T10:00:00-00:00,2024-09-05,3,0,Hourly,RU,AS_CAISO_EXP,DAM,RU_CLR_PRC,2.00009,14
2024-09-05T11:00:00-00:00,2024-09-05T12:00:00-00:00,2024-09-05,5,0,Hourly,RU,AS_CAISO_EXP,DAM,RU_CLR_PRC,0.14,14
2024-09-05T11:00:00-00:00,2024-09-05T12:00:00-00:00,2024-09-05,5,0,Hourly,RU,AS_SP26,DAM,RU_CLR_PRC,0,14
2024-09-05T12:00:00-00:00,2024-09-05T13:00:00-00:00,2024-09-05,6,0,Hourly,RU,AS_CAISO,DAM,RU_CLR_PRC,0,14
2024-09-05T12:00:00-00:00,2024-09-05T13:00:00-00:00,2024-09-05,6,0,Hourly,RU,AS_NP26_EXP,DAM,RU_CLR_PRC,1.36,14
2024-09-05T12:00:00-00:00,2024-09-05T13:00:00-00:00,2024-09-05,6,0,Hourly,RU,AS_SP26_EXP,DAM,RU_CLR_PRC,0,14
2024-09-05T13:00:00-00:00,2024-09-05T14:00:00-00:00,2024-09-05,7,0,Hourly,RU,AS_NP26,DAM,RU_CLR_PRC,0,14
2024-09-05T13:00:00-00:00,2024-09-05T14:00:00-00:00,2024-09-05,7,0,Hourly,RU,AS_SP26_EXP,DAM,RU_CLR_PRC,0,14
2024-09-05T15:00:00-00:00,2024-09-05T16:00:00-00:00,2024-09-05,9,0,Hourly,RU,AS_CAISO_EXP,DAM,RU_CLR_PRC,0.14,14
2024-09-05T16:00:00-00:00,2024-09-05T17:00:00-00:00,2024-09-05,10,0,Hourly,RU,AS_NP26_EXP,DAM,RU_CLR_PRC,1.36,14
2024-09-05T17:00:00-00:00,2024-09-05T18:00:00-00:00,2024-09-05,11,0,Hourly,RU,AS_SP26_EXP,DAM,RU_CLR_PRC,0,14
2024-09-05T20:00:00-00:00,2024-09-05T21:00:00-00:00,2024-09-05,14,0,Hourly,RU,AS_NP26,DAM,RU_CLR_PRC,0,14
2024-09-06T00:00:00-00:00,2024-09-06T01:00:00-00:00,2024-09-05,18,0,Hourly,RU,AS_CAISO,DAM,RU_CLR_PRC,0,14
2024-09-06T03:00:00-00:00,2024-09-06T04:00:00-00:00,2024-09-05,21,0,Hourly,RU,AS_CAISO,DAM,RU_CLR_PRC,0,14
2024-09-05T12:00:00-00:00,2024-09-05T13:00:00-00:00,2024-09-05,6,0,Hourly,RU,AS_CAISO_EXP,DAM,RU_CLR_PRC,0.14,14
2024-09-05T12:00:00-00:00,2024-09-05T13:00:00-00:00,2024-09-05,6,0,Hourly,RU,AS_SP26,DAM,RU_CLR_PRC,0,14
2024-09-05T13:00:00-00:00,2024-09-05T14:00:00-00:00,2024-09-05,7,0,Hourly,RU,AS_NP26_EXP,DAM,RU_CLR_PRC,4.4,14
2024-09-05T13:00:00-00:00,2024-09-05T14:00:00-00:00,2024-09-05,7,0,Hourly,RU,AS_SP26,DAM,RU_CLR_PRC,0,14
2024-09-05T14:00:00-00:00,2024-09-05T15:00:00-00:00,2024-09-05,8,0,Hourly,RU,AS_SP26,DAM,RU_CLR_PRC,0,14
2024-09-05T15:00:00-00:00,2024-09-05T16:00:00-00:00,2024-09-05,9,0,Hourly,RU,AS_CAISO,DAM,RU_CLR_PRC,0,14
2024-09-05T18:00:00-00:00,2024-09-05T19:00:00-00:00,2024-09-05,12,0,Hourly,RU,AS_CAISO,DAM,RU_CLR_PRC,0,14
2024-09-05T19:00:00-00:00,2024-09-05T20:00:00-00:00,2024-09-05,13,0,Hourly,RU,AS_CAISO_EXP,DAM,RU_CLR_PRC,0.14,14
2024-09-05T20:00:00-00:00,2024-09-05T21:00:00-00:00,2024-09-05,14,0,Hourly,RU,AS_SP26,DAM,RU_CLR_PRC,0,14
2024-09-05T22:00:00-00:00,2024-09-05T23:00:00-00:00,2024-09-05,16,0,Hourly,RU,AS_SP26_EXP,DAM,RU_CLR_PRC,0,14
2024-09-05T23:00:00-00:00,2024-09-06T00:00:00-00:00,2024-09-05,17,0,Hourly,RU,AS_NP26_EXP,DAM,RU_CLR_PRC,5.88147,14
2024-09-06T02:00:00-00:00,2024-09-06T03:00:00-00:00,2024-09-05,20,0,Hourly,RU,AS_CAISO_EXP,DAM,RU_CLR_PRC,459.19588,14
2024-09-06T03:00:00-00:00,2024-09-06T04:00:00-00:00,2024-09-05,21,0,Hourly,RU,AS_CAISO_EXP,DAM,RU_CLR_PRC,129.86164,14
2024-09-06T04:00:00-00:00,2024-09-06T05:00:00-00:00,2024-09-05,22,0,Hourly,RU,AS_CAISO,DAM,RU_CLR_PRC,0,14
2024-09-06T05:00:00-00:00,2024-09-06T06:00:00-00:00,2024-09-05,23,0,Hourly,RU,AS_CAISO,DAM,RU_CLR_PRC,0,14
2024-09-06T05:00:00-00:00,2024-09-06T06:00:00-00:00,2024-09-05,23,0,Hourly,RU,AS_CAISO_EXP,DAM,RU_CLR_PRC,15.16444,14
2024-09-06T05:00:00-00:00,2024-09-06T06:00:00-00:00,2024-09-05,23,0,Hourly,RU,AS_NP26,DAM,RU_CLR_PRC,0,14
2024-09-06T05:00:00-00:00,2024-09-06T06:00:00-00:00,2024-09-05,23,0,Hourly,RU,AS_SP26,DAM,RU_CLR_PRC,0,14
2024-09-06T06:00:00-00:00,2024-09-06T07:00:00-00:00,2024-09-05,24,0,Hourly,RU,AS_NP26,DAM,RU_CLR_PRC,0,14
2024-09-06T06:00:00-00:00,2024-09-06T07:00:00-00:00,2024-09-05,24,0,Hourly,RU,AS_SP26,DAM,RU_CLR_PRC,0,14
2024-09-06T06:00:00-00:00,2024-09-06T07:00:00-00:00,2024-09-05,24,0,Hourly,RU,AS_SP26_EXP,DAM,RU_CLR_PRC,0,14
2024-09-05T07:00:00-00:00,2024-09-05T08:00:00-00:00,2024-09-05,1,0,Hourly,RU,AS_SP26_EXP,DAM,RU_CLR_PRC,0,14
2024-09-05T08:00:00-00:00,2024-09-05T09:00:00-00:00,2024-09-05,2,0,Hourly,RU,AS_CAISO,DAM,RU_CLR_PRC,0,14
2024-09-05T13:00:00-00:00,2024-09-05T14:00:00-00:00,2024-09-05,7,0,Hourly,RU,AS_CAISO_EXP,DAM,RU_CLR_PRC,1,14
2024-09-05T14:00:00-00:00,2024-09-05T15:00:00-00:00,2024-09-05,8,0,Hourly,RU,AS_CAISO_EXP,DAM,RU_CLR_PRC,2.04443,14
2024-09-05T18:00:00-00:00,2024-09-05T19:00:00-00:00,2024-09-05,12,0,Hourly,RU,AS_CAISO_EXP,DAM,RU_CLR_PRC,0.14,14
2024-09-05T19:00:00-00:00,2024-09-05T20:00:00-00:00,2024-09-05,13,0,Hourly,RU,AS_CAISO,DAM,RU_CLR_PRC,0,14
2024-09-05T19:00:00-00:00,2024-09-05T20:00:00-00:00,2024-09-05,13,0,Hourly,RU,AS_SP26_EXP,DAM,RU_CLR_PRC,0,14
2024-09-05T21:00:00-00:00,2024-09-05T22:00:00-00:00,2024-09-05,15,0,Hourly,RU,AS_CAISO_EXP,DAM,RU_CLR_PRC,3.86135,14
2024-09-05T23:00:00-00:00,2024-09-06T00:00:00-00:00,2024-09-05,17,0,Hourly,RU,AS_CAISO,DAM,RU_CLR_PRC,0,14
2024-09-05T23:00:00-00:00,2024-09-06T00:00:00-00:00,2024-09-05,17,0,Hourly,RU,AS_SP26,DAM,RU_CLR_PRC,0,14
2024-09-05T23:00:00-00:00,2024-09-06T00:00:00-00:00,2024-09-05,17,0,Hourly,RU,AS_SP26_EXP,DAM,RU_CLR_PRC,0,14
2024-09-06T02:00:00-00:00,2024-09-06T03:00:00-00:00,2024-09-05,20,0,Hourly,RU,AS_CAISO,DAM,RU_CLR_PRC,0,14
2024-09-06T04:00:00-00:00,2024-09-06T05:00:00-00:00,2024-09-05,22,0,Hourly,RU,AS_SP26,DAM,RU_CLR_PRC,0,14
2024-09-06T06:00:00-00:00,2024-09-06T07:00:00-00:00,2024-09-05,24,0,Hourly,RU,AS_CAISO,DAM,RU_CLR_PRC,0,14
2024-09-06T04:00:00-00:00,2024-09-06T05:00:00-00:00,2024-09-05,22,0,Hourly,RU,AS_NP26_EXP,DAM,RU_CLR_PRC,2.76099,14
2024-09-06T06:00:00-00:00,2024-09-06T07:00:00-00:00,2024-09-05,24,0,Hourly,RU,AS_NP26_EXP,DAM,RU_CLR_PRC,2.94853,14
2024-09-05T07:00:00-00:00,2024-09-05T08:00:00-00:00,2024-09-05,1,0,Hourly,RU,AS_SP26,DAM,RU_CLR_PRC,0,14
2024-09-05T08:00:00-00:00,2024-09-05T09:00:00-00:00,2024-09-05,2,0,Hourly,RU,AS_SP26,DAM,RU_CLR_PRC,0,14
2024-09-05T08:00:00-00:00,2024-09-05T09:00:00-00:00,2024-09-05,2,0,Hourly,RU,AS_SP26_EXP,DAM,RU_CLR_PRC,0,14
2024-09-05T09:00:00-00:00,2024-09-05T10:00:00-00:00,2024-09-05,3,0,Hourly,RU,AS_NP26,DAM,RU_CLR_PRC,0,14
2024-09-05T11:00:00-00:00,2024-09-05T12:00:00-00:00,2024-09-05,5,0,Hourly,RU,AS_NP26,DAM,RU_CLR_PRC,0,14
2024-09-05T13:00:00-00:00,2024-09-05T14:00:00-00:00,2024-09-05,7,0,Hourly,RU,AS_CAISO,DAM,RU_CLR_PRC,0,14
2024-09-05T15:00:00-00:00,2024-09-05T16:00:00-00:00,2024-09-05,9,0,Hourly,RU,AS_NP26,DAM,RU_CLR_PRC,0,14
2024-09-05T15:00:00-00:00,2024-09-05T16:00:00-00:00,2024-09-05,9,0,Hourly,RU,AS_NP26_EXP,DAM,RU_CLR_PRC,1.36,14
2024-09-05T15:00:00-00:00,2024-09-05T16:00:00-00:00,2024-09-05,9,0,Hourly,RU,AS_SP26,DAM,RU_CLR_PRC,0,14
2024-09-05T17:00:00-00:00,2024-09-05T18:00:00-00:00,2024-09-05,11,0,Hourly,RU,AS_NP26,DAM,RU_CLR_PRC,0,14
2024-09-05T18:00:00-00:00,2024-09-05T19:00:00-00:00,2024-09-05,12,0,Hourly,RU,AS_NP26,DAM,RU_CLR_PRC,0,14
2024-09-06T07:00:00-00:00,2024-09-06T08:00:00-00:00,2024-09-06,1,0,Hourly,RU,AS_CAISO_EXP,DAM,RU_CLR_PRC,7.44191,15
2024-09-06T07:00:00-00:00,2024-09-06T08:00:00-00:00,2024-09-06,1,0,Hourly,RU,AS_SP26,DAM,RU_CLR_PRC,0,15
2024-09-06T08:00:00-00:00,2024-09-06T09:00:00-00:00,2024-09-06,2,0,Hourly,RU,AS_CAISO,DAM,RU_CLR_PRC,0,15
2024-09-06T09:00:00-00:00,2024-09-06T10:00:00-00:00,2024-09-06,3,0,Hourly,RU,AS_NP26,DAM,RU_CLR_PRC,0,15
2024-09-06T09:00:00-00:00,2024-09-06T10:00:00-00:00,2024-09-06,3,0,Hourly,RU,AS_SP26,DAM,RU_CLR_PRC,0,15
2024-09-06T10:00:00-00:00,2024-09-06T11:00:00-00:00,2024-09-06,4,0,Hourly,RU,AS_NP26_EXP,DAM,RU_CLR_PRC,0.86,15
2024-09-06T15:00:00-00:00,2024-09-06T16:00:00-00:00,2024-09-06,9,0,Hourly,RU,AS_CAISO,DAM,RU_CLR_PRC,0,15
2024-09-06T17:00:00-00:00,2024-09-06T18:00:00-00:00,2024-09-06,11,0,Hourly,RU,AS_NP26_EXP,DAM,RU_CLR_PRC,0.31,15
2024-09-06T18:00:00-00:00,2024-09-06T19:00:00-00:00,2024-09-06,12,0,Hourly,RU,AS_CAISO_EXP,DAM,RU_CLR_PRC,0.14,15
2024-09-06T21:00:00-00:00,2024-09-06T22:00:00-00:00,2024-09-06,15,0,Hourly,RU,AS_CAISO,DAM,RU_CLR_PRC,0,15
2024-09-06T21:00:00-00:00,2024-09-06T22:00:00-00:00,2024-09-06,15,0,Hourly,RU,AS_NP26,DAM,RU_CLR_PRC,0,15
2024-09-06T22:00:00-00:00,2024-09-06T23:00:00-00:00,2024-09-06,16,0,Hourly,RU,AS_NP26,DAM,RU_CLR_PRC,0,15
2024-09-06T23:00:00-00:00,2024-09-07T00:00:00-00:00,2024-09-06,17,0,Hourly,RU,AS_NP26,DAM,RU_CLR_PRC,0,15
2024-09-07T01:00:00-00:00,2024-09-07T02:00:00-00:00,2024-09-06,19,0,Hourly,RU,AS_CAISO_EXP,DAM,RU_CLR_PRC,111.62988,15
2024-09-07T02:00:00-00:00,2024-09-07T03:00:00-00:00,2024-09-06,20,0,Hourly,RU,AS_SP26_EXP,DAM,RU_CLR_PRC,96.22674,15
2024-09-07T03:00:00-00:00,2024-09-07T04:00:00-00:00,2024-09-06,21,0,Hourly,RU,AS_SP26_EXP,DAM,RU_CLR_PRC,0,15
2024-09-07T05:00:00-00:00,2024-09-07T06:00:00-00:00,2024-09-06,23,0,Hourly,RU,AS_CAISO,DAM,RU_CLR_PRC,0,15
2024-09-07T06:00:00-00:00,2024-09-07T07:00:00-00:00,2024-09-06,24,0,Hourly,RU,AS_CAISO,DAM,RU_CLR_PRC,0,15
2024-09-06T08:00:00-00:00,2024-09-06T09:00:00-00:00,2024-09-06,2,0,Hourly,RU,AS_NP26,DAM,RU_CLR_PRC,0,15
2024-09-06T08:00:00-00:00,2024-09-06T09:00:00-00:00,2024-09-06,2,0,Hourly,RU,AS_SP26_EXP,DAM,RU_CLR_PRC,1.23108,15
2024-09-06T09:00:00-00:00,2024-09-06T10:00:00-00:00,2024-09-06,3,0,Hourly,RU,AS_NP26_EXP,DAM,RU_CLR_PRC,0.26667,15
2024-09-06T10:00:00-00:00,2024-09-06T11:00:00-00:00,2024-09-06,4,0,Hourly,RU,AS_SP26_EXP,DAM,RU_CLR_PRC,2.05588,15
2024-09-06T11:00:00-00:00,2024-09-06T12:00:00-00:00,2024-09-06,5,0,Hourly,RU,AS_CAISO_EXP,DAM,RU_CLR_PRC,0.5,15
2024-09-06T11:00:00-00:00,2024-09-06T12:00:00-00:00,2024-09-06,5,0,Hourly,RU,AS_SP26,DAM,RU_CLR_PRC,0,15
2024-09-06T12:00:00-00:00,2024-09-06T13:00:00-00:00,2024-09-06,6,0,Hourly,RU,AS_CAISO_EXP,DAM,RU_CLR_PRC,0.14,15
2024-09-06T12:00:00-00:00,2024-09-06T13:00:00-00:00,2024-09-06,6,0,Hourly,RU,AS_NP26,DAM,RU_CLR_PRC,0,15
2024-09-06T12:00:00-00:00,2024-09-06T13:00:00-00:00,2024-09-06,6,0,Hourly,RU,AS_SP26_EXP,DAM,RU_CLR_PRC,1.58204,15
2024-09-06T13:00:00-00:00,2024-09-06T14:00:00-00:00,2024-09-06,7,0,Hourly,RU,AS_CAISO_EXP,DAM,RU_CLR_PRC,1,15
2024-09-06T13:00:00-00:00,2024-09-06T14:00:00-00:00,2024-09-06,7,0,Hourly,RU,AS_NP26_EXP,DAM,RU_CLR_PRC,4,15
2024-09-06T14:00:00-00:00,2024-09-06T15:00:00-00:00,2024-09-06,8,0,Hourly,RU,AS_NP26,DAM,RU_CLR_PRC,0,15
2024-09-06T15:00:00-00:00,2024-09-06T16:00:00-00:00,2024-09-06,9,0,Hourly,RU,AS_NP26,DAM,RU_CLR_PRC,0,15
2024-09-06T16:00:00-00:00,2024-09-06T17:00:00-00:00,2024-09-06,10,0,Hourly,RU,AS_CAISO,DAM,RU_CLR_PRC,0,15
2024-09-06T17:00:00-00:00,2024-09-06T18:00:00-00:00,2024-09-06,11,0,Hourly,RU,AS_CAISO,DAM,RU_CLR_PRC,0,15
2024-09-06T17:00:00-00:00,2024-09-06T18:00:00-00:00,2024-09-06,11,0,Hourly,RU,AS_NP26,DAM,RU_CLR_PRC,0,15
2024-09-06T20:00:00-00:00,2024-09-06T21:00:00-00:00,2024-09-06,14,0,Hourly,RU,AS_CAISO_EXP,DAM,RU_CLR_PRC,1,15
2024-09-06T20:00:00-00:00,2024-09-06T21:00:00-00:00,2024-09-06,14,0,Hourly,RU,AS_NP26,DAM,RU_CLR_PRC,0,15
2024-09-06T20:00:00-00:00,2024-09-06T21:00:00-00:00,2024-09-06,14,0,Hourly,RU,AS_NP26_EXP,DAM,RU_CLR_PRC,4,15
2024-09-07T00:00:00-00:00,2024-09-07T01:00:00-00:00,2024-09-06,18,0,Hourly,RU,AS_SP26,DAM,RU_CLR_PRC,0,15
2024-09-07T01:00:00-00:00,2024-09-07T02:00:00-00:00,2024-09-06,19,0,Hourly,RU,AS_SP26,DAM,RU_CLR_PRC,0,15
2024-09-07T01:00:00-00:00,2024-09-07T02:00:00-00:00,2024-09-06,19,0,Hourly,RU,AS_SP26_EXP,DAM,RU_CLR_PRC,129.70112,15
2024-09-07T03:00:00-00:00,2024-09-07T04:00:00-00:00,2024-09-06,21,0,Hourly,RU,AS_NP26_EXP,DAM,RU_CLR_PRC,0,15
2024-09-07T04:00:00-00:00,2024-09-07T05:00:00-00:00,2024-09-06,22,0,Hourly,RU,AS_NP26_EXP,DAM,RU_CLR_PRC,3.29662,15
2024-09-07T04:00:00-00:00,2024-09-07T05:00:00-00:00,2024-09-06,22,0,Hourly,RU,AS_SP26,DAM,RU_CLR_PRC,0,15
2024-09-07T04:00:00-00:00,2024-09-07T05:00:00-00:00,2024-09-06,22,0,Hourly,RU,AS_SP26_EXP,DAM,RU_CLR_PRC,0,15
2024-09-07T05:00:00-00:00,2024-09-07T06:00:00-00:00,2024-09-06,23,0,Hourly,RU,AS_NP26_EXP,DAM,RU_CLR_PRC,0,15
2024-09-07T05:00:00-00:00,2024-09-07T06:00:00-00:00,2024-09-06,23,0,Hourly,RU,AS_SP26_EXP,DAM,RU_CLR_PRC,0,15
2024-09-07T06:00:00-00:00,2024-09-07T07:00:00-00:00,2024-09-06,24,0,Hourly,RU,AS_NP26,DAM,RU_CLR_PRC,0,15
2024-09-06T07:00:00-00:00,2024-09-06T08:00:00-00:00,2024-09-06,1,0,Hourly,RU,AS_SP26_EXP,DAM,RU_CLR_PRC,0,15
2024-09-06T09:00:00-00:00,2024-09-06T10:00:00-00:00,2024-09-06,3,0,Hourly,RU,AS_CAISO,DAM,RU_CLR_PRC,0,15
2024-09-06T14:00:00-00:00,2024-09-06T15:00:00-00:00,2024-09-06,8,0,Hourly,RU,AS_CAISO,DAM,RU_CLR_PRC,0,15
2024-09-06T14:00:00-00:00,2024-09-06T15:00:00-00:00,2024-09-06,8,0,Hourly,RU,AS_NP26_EXP,DAM,RU_CLR_PRC,0.79613,15
2024-09-06T15:00:00-00:00,2024-09-06T16:00:00-00:00,2024-09-06,9,0,Hourly,RU,AS_NP26_EXP,DAM,RU_CLR_PRC,1.36,15
2024-09-06T15:00:00-00:00,2024-09-06T16:00:00-00:00,2024-09-06,9,0,Hourly,RU,AS_SP26_EXP,DAM,RU_CLR_PRC,0,15
2024-09-06T16:00:00-00:00,2024-09-06T17:00:00-00:00,2024-09-06,10,0,Hourly,RU,AS_NP26,DAM,RU_CLR_PRC,0,15
2024-09-06T17:00:00-00:00,2024-09-06T18:00:00-00:00,2024-09-06,11,0,Hourly,RU,AS_SP26,DAM,RU_CLR_PRC,0,15
2024-09-06T18:00:00-00:00,2024-09-06T19:00:00-00:00,2024-09-06,12,0,Hourly,RU,AS_CAISO,DAM,RU_CLR_PRC,0,15
2024-09-06T20:00:00-00:00,2024-09-06T21:00:00-00:00,2024-09-06,14,0,Hourly,RU,AS_CAISO,DAM,RU_CLR_PRC,0,15
2024-09-06T20:00:00-00:00,2024-09-06T21:00:00-00:00,2024-09-06,14,0,Hourly,RU,AS_SP26,DAM,RU_CLR_PRC,0,15
2024-09-06T20:00:00-00:00,2024-09-06T21:00:00-00:00,2024-09-06,14,0,Hourly,RU,AS_SP26_EXP,DAM,RU_CLR_PRC,0,15
2024-09-06T21:00:00-00:00,2024-09-06T22:00:00-00:00,2024-09-06,15,0,Hourly,RU,AS_SP26,DAM,RU_CLR_PRC,0,15
2024-09-06T22:00:00-00:00,2024-09-06T23:00:00-00:00,2024-09-06,16,0,Hourly,RU,AS_SP26_EXP,DAM,RU_CLR_PRC,0,15
2024-09-06T23:00:00-00:00,2024-09-07T00:00:00-00:00,2024-09-06,17,0,Hourly,RU,AS_NP26_EXP,DAM,RU_CLR_PRC,5.71728,15
2024-09-06T23:00:00-00:00,2024-09-07T00:00:00-00:00,2024-09-06,17,0,Hourly,RU,AS_SP26,DAM,RU_CLR_PRC,0,15
2024-09-06T23:00:00-00:00,2024-09-07T00:00:00-00:00,2024-09-06,17,0,Hourly,RU,AS_SP26_EXP,DAM,RU_CLR_PRC,0,15
2024-09-07T00:00:00-00:00,2024-09-07T01:00:00-00:00,2024-09-06,18,0,Hourly,RU,AS_SP26_EXP,DAM,RU_CLR_PRC,20.94736,15
2024-09-07T01:00:00-00:00,2024-09-07T02:00:00-00:00,2024-09-06,19,0,Hourly,RU,AS_NP26,DAM,RU_CLR_PRC,0,15
2024-09-07T02:00:00-00:00,2024-09-07T03:00:00-00:00,2024-09-06,20,0,Hourly,RU,AS_NP26,DAM,RU_CLR_PRC,0,15
2024-09-07T03:00:00-00:00,2024-09-07T04:00:00-00:00,2024-09-06,21,0,Hourly,RU,AS_CAISO,DAM,RU_CLR_PRC,0,15
2024-09-07T03:00:00-00:00,2024-09-07T04:00:00-00:00,2024-09-06,21,0,Hourly,RU,AS_CAISO_EXP,DAM,RU_CLR_PRC,36.77095,15
2024-09-07T03:00:00-00:00,2024-09-07T04:00:00-00:00,2024-09-06,21,0,Hourly,RU,AS_SP26,DAM,RU_CLR_PRC,0,15
2024-09-07T04:00:00-00:00,2024-09-07T05:00:00-00:00,2024-09-06,22,0,Hourly,RU,AS_CAISO,DAM,RU_CLR_PRC,0,15
2024-09-07T04:00:00-00:00,2024-09-07T05:00:00-00:00,2024-09-06,22,0,Hourly,RU,AS_CAISO_EXP,DAM,RU_CLR_PRC,17.79,15
2024-09-07T05:00:00-00:00,2024-09-07T06:00:00-00:00,2024-09-06,23,0,Hourly,RU,AS_NP26,DAM,RU_CLR_PRC,0,15
2024-09-06T07:00:00-00:00,2024-09-06T08:00:00-00:00,2024-09-06,1,0,Hourly,RU,AS_NP26_EXP,DAM,RU_CLR_PRC,0,15
2024-09-06T08:00:00-00:00,2024-09-06T09:00:00-00:00,2024-09-06,2,0,Hourly,RU,AS_CAISO_EXP,DAM,RU_CLR_PRC,2.72,15
2024-09-06T09:00:00-00:00,2024-09-06T10:00:00-00:00,2024-09-06,3,0,Hourly,RU,AS_CAISO_EXP,DAM,RU_CLR_PRC,1,15
2024-09-06T12:00:00-00:00,2024-09-06T13:00:00-00:00,2024-09-06,6,0,Hourly,RU,AS_SP26,DAM,RU_CLR_PRC,0,15
2024-09-06T14:00:00-00:00,2024-09-06T15:00:00-00:00,2024-09-06,8,0,Hourly,RU,AS_SP26,DAM,RU_CLR_PRC,0,15
2024-09-06T14:00:00-00:00,2024-09-06T15:00:00-00:00,2024-09-06,8,0,Hourly,RU,AS_SP26_EXP,DAM,RU_CLR_PRC,0,15
2024-09-06T15:00:00-00:00,2024-09-06T16:00:00-00:00,2024-09-06,9,0,Hourly,RU,AS_SP26,DAM,RU_CLR_PRC,0,15
2024-09-06T18:00:00-00:00,2024-09-06T19:00:00-00:00,2024-09-06,12,0,Hourly,RU,AS_NP26,DAM,RU_CLR_PRC,0,15
2024-09-06T18:00:00-00:00,2024-09-06T19:00:00-00:00,2024-09-06,12,0,Hourly,RU,AS_NP26_EXP,DAM,RU_CLR_PRC,0.37735,15
2024-09-06T19:00:00-00:00,2024-09-06T20:00:00-00:00,2024-09-06,13,0,Hourly,RU,AS_NP26,DAM,RU_CLR_PRC,0,15
2024-09-06T19:00:00-00:00,2024-09-06T20:00:00-00:00,2024-09-06,13,0,Hourly,RU,AS_NP26_EXP,DAM,RU_CLR_PRC,0.08299,15
2024-09-06T22:00:00-00:00,2024-09-06T23:00:00-00:00,2024-09-06,16,0,Hourly,RU,AS_SP26,DAM,RU_CLR_PRC,0,15
2024-09-06T23:00:00-00:00,2024-09-07T00:00:00-00:00,2024-09-06,17,0,Hourly,RU,AS_CAISO,DAM,RU_CLR_PRC,0,15
2024-09-07T06:00:00-00:00,2024-09-07T07:00:00-00:00,2024-09-06,24,0,Hourly,RU,AS_CAISO_EXP,DAM,RU_CLR_PRC,9.18937,15
2024-09-06T08:00:00-00:00,2024-09-06T09:00:00-00:00,2024-09-06,2,0,Hourly,RU,AS_SP26,DAM,RU_CLR_PRC,0,15
2024-09-06T11:00:00-00:00,2024-09-06T12:00:00-00:00,2024-09-06,5,0,Hourly,RU,AS_CAISO,DAM,RU_CLR_PRC,0,15
2024-09-06T12:00:00-00:00,2024-09-06T13:00:00-00:00,2024-09-06,6,0,Hourly,RU,AS_NP26_EXP,DAM,RU_CLR_PRC,1.36,15
2024-09-06T16:00:00-00:00,2024-09-06T17:00:00-00:00,2024-09-06,10,0,Hourly,RU,AS_SP26_EXP,DAM,RU_CLR_PRC,0,15
2024-09-06T17:00:00-00:00,2024-09-06T18:00:00-00:00,2024-09-06,11,0,Hourly,RU,AS_CAISO_EXP,DAM,RU_CLR_PRC,0.14,15
2024-09-06T22:00:00-00:00,2024-09-06T23:00:00-00:00,2024-09-06,16,0,Hourly,RU,AS_CAISO_EXP,DAM,RU_CLR_PRC,5.41,15
2024-09-07T00:00:00-00:00,2024-09-07T01:00:00-00:00,2024-09-06,18,0,Hourly,RU,AS_NP26,DAM,RU_CLR_PRC,0,15
2024-09-07T00:00:00-00:00,2024-09-07T01:00:00-00:00,2024-09-06,18,0,Hourly,RU,AS_NP26_EXP,DAM,RU_CLR_PRC,0,15
2024-09-07T01:00:00-00:00,2024-09-07T02:00:00-00:00,2024-09-06,19,0,Hourly,RU,AS_NP26_EXP,DAM,RU_CLR_PRC,0,15
2024-09-06T07:00:00-00:00,2024-09-06T08:00:00-00:00,2024-09-06,1,0,Hourly,RU,AS_NP26,DAM,RU_CLR_PRC,0,15
2024-09-06T10:00:00-00:00,2024-09-06T11:00:00-00:00,2024-09-06,4,0,Hourly,RU,AS_CAISO,DAM,RU_CLR_PRC,0,15
2024-09-06T11:00:00-00:00,2024-09-06T12:00:00-00:00,2024-09-06,5,0,Hourly,RU,AS_NP26_EXP,DAM,RU_CLR_PRC,2.22,15
2024-09-06T11:00:00-00:00,2024-09-06T12:00:00-00:00,2024-09-06,5,0,Hourly,RU,AS_SP26_EXP,DAM,RU_CLR_PRC,0,15
2024-09-06T13:00:00-00:00,2024-09-06T14:00:00-00:00,2024-09-06,7,0,Hourly,RU,AS_CAISO,DAM,RU_CLR_PRC,0,15
2024-09-06T13:00:00-00:00,2024-09-06T14:00:00-00:00,2024-09-06,7,0,Hourly,RU,AS_SP26,DAM,RU_CLR_PRC,0,15
2024-09-06T14:00:00-00:00,2024-09-06T15:00:00-00:00,2024-09-06,8,0,Hourly,RU,AS_CAISO_EXP,DAM,RU_CLR_PRC,1.7843,15
2024-09-06T16:00:00-00:00,2024-09-06T17:00:00-00:00,2024-09-06,10,0,Hourly,RU,AS_NP26_EXP,DAM,RU_CLR_PRC,0.27249,15
2024-09-06T18:00:00-00:00,2024-09-06T19:00:00-00:00,2024-09-06,12,0,Hourly,RU,AS_SP26_EXP,DAM,RU_CLR_PRC,0,15
2024-09-06T19:00:00-00:00,2024-09-06T20:00:00-00:00,2024-09-06,13,0,Hourly,RU,AS_CAISO,DAM,RU_CLR_PRC,0,15
2024-09-06T19:00:00-00:00,2024-09-06T20:00:00-00:00,2024-09-06,13,0,Hourly,RU,AS_SP26,DAM,RU_CLR_PRC,0,15
2024-09-06T22:00:00-00:00,2024-09-06T23:00:00-00:00,2024-09-06,16,0,Hourly,RU,AS_CAISO,DAM,RU_CLR_PRC,0,15
2024-09-06T23:00:00-00:00,2024-09-07T00:00:00-00:00,2024-09-06,17,0,Hourly,RU,AS_CAISO_EXP,DAM,RU_CLR_PRC,5.98272,15
2024-09-07T00:00:00-00:00,2024-09-07T01:00:00-00:00,2024-09-06,18,0,Hourly,RU,AS_CAISO,DAM,RU_CLR_PRC,0,15
2024-09-07T00:00:00-00:00,2024-09-07T01:00:00-00:00,2024-09-06,18,0,Hourly,RU,AS_CAISO_EXP,DAM,RU_CLR_PRC,44.68505,15
2024-09-07T02:00:00-00:00,2024-09-07T03:00:00-00:00,2024-09-06,20,0,Hourly,RU,AS_CAISO,DAM,RU_CLR_PRC,0,15
2024-09-07T02:00:00-00:00,2024-09-07T03:00:00-00:00,2024-09-06,20,0,Hourly,RU,AS_SP26,DAM,RU_CLR_PRC,0,15
2024-09-06T08:00:00-00:00,2024-09-06T09:00:00-00:00,2024-09-06,2,0,Hourly,RU,AS_NP26_EXP,DAM,RU_CLR_PRC,0,15
2024-09-06T09:00:00-00:00,2024-09-06T10:00:00-00:00,2024-09-06,3,0,Hourly,RU,AS_SP26_EXP,DAM,RU_CLR_PRC,1.78175,15
2024-09-06T10:00:00-00:00,2024-09-06T11:00:00-00:00,2024-09-06,4,0,Hourly,RU,AS_CAISO_EXP,DAM,RU_CLR_PRC,0.14,15
2024-09-06T10:00:00-00:00,2024-09-06T11:00:00-00:00,2024-09-06,4,0,Hourly,RU,AS_NP26,DAM,RU_CLR_PRC,0,15
2024-09-06T10:00:00-00:00,2024-09-06T11:00:00-00:00,2024-09-06,4,0,Hourly,RU,AS_SP26,DAM,RU_CLR_PRC,0,15
2024-09-06T12:00:00-00:00,2024-09-06T13:00:00-00:00,2024-09-06,6,0,Hourly,RU,AS_CAISO,DAM,RU_CLR_PRC,0,15
2024-09-06T13:00:00-00:00,2024-09-06T14:00:00-00:00,2024-09-06,7,0,Hourly,RU,AS_SP26_EXP,DAM,RU_CLR_PRC,0.87725,15
2024-09-06T15:00:00-00:00,2024-09-06T16:00:00-00:00,2024-09-06,9,0,Hourly,RU,AS_CAISO_EXP,DAM,RU_CLR_PRC,0.14,15
2024-09-06T16:00:00-00:00,2024-09-06T17:00:00-00:00,2024-09-06,10,0,Hourly,RU,AS_SP26,DAM,RU_CLR_PRC,0,15
2024-09-06T18:00:00-00:00,2024-09-06T19:00:00-00:00,2024-09-06,12,0,Hourly,RU,AS_SP26,DAM,RU_CLR_PRC,0,15
2024-09-06T19:00:00-00:00,2024-09-06T20:00:00-00:00,2024-09-06,13,0,Hourly,RU,AS_CAISO_EXP,DAM,RU_CLR_PRC,0.91701,15
2024-09-06T21:00:00-00:00,2024-09-06T22:00:00-00:00,2024-09-06,15,0,Hourly,RU,AS_CAISO_EXP,DAM,RU_CLR_PRC,1,15
2024-09-06T21:00:00-00:00,2024-09-06T22:00:00-00:00,2024-09-06,15,0,Hourly,RU,AS_NP26_EXP,DAM,RU_CLR_PRC,2.88102,15
2024-09-06T22:00:00-00:00,2024-09-06T23:00:00-00:00,2024-09-06,16,0,Hourly,RU,AS_NP26_EXP,DAM,RU_CLR_PRC,0.59,15
2024-09-07T02:00:00-00:00,2024-09-07T03:00:00-00:00,2024-09-06,20,0,Hourly,RU,AS_NP26_EXP,DAM,RU_CLR_PRC,0,15
2024-09-07T05:00:00-00:00,2024-09-07T06:00:00-00:00,2024-09-06,23,0,Hourly,RU,AS_CAISO_EXP,DAM,RU_CLR_PRC,6.80228,15
2024-09-07T05:00:00-00:00,2024-09-07T06:00:00-00:00,2024-09-06,23,0,Hourly,RU,AS_SP26,DAM,RU_CLR_PRC,0,15
2024-09-07T06:00:00-00:00,2024-09-07T07:00:00-00:00,2024-09-06,24,0,Hourly,RU,AS_SP26,DAM,RU_CLR_PRC,0,15
2024-09-06T07:00:00-00:00,2024-09-06T08:00:00-00:00,2024-09-06,1,0,Hourly,RU,AS_CAISO,DAM,RU_CLR_PRC,0,15
2024-09-06T11:00:00-00:00,2024-09-06T12:00:00-00:00,2024-09-06,5,0,Hourly,RU,AS_NP26,DAM,RU_CLR_PRC,0,15
2024-09-06T13:00:00-00:00,2024-09-06T14:00:00-00:00,2024-09-06,7,0,Hourly,RU,AS_NP26,DAM,RU_CLR_PRC,0,15
2024-09-06T16:00:00-00:00,2024-09-06T17:00:00-00:00,2024-09-06,10,0,Hourly,RU,AS_CAISO_EXP,DAM,RU_CLR_PRC,0.14,15
2024-09-06T17:00:00-00:00,2024-09-06T18:00:00-00:00,2024-09-06,11,0,Hourly,RU,AS_SP26_EXP,DAM,RU_CLR_PRC,0,15
2024-09-06T19:00:00-00:00,2024-09-06T20:00:00-00:00,2024-09-06,13,0,Hourly,RU,AS_SP26_EXP,DAM,RU_CLR_PRC,0,15
2024-09-06T21:00:00-00:00,2024-09-06T22:00:00-00:00,2024-09-06,15,0,Hourly,RU,AS_SP26_EXP,DAM,RU_CLR_PRC,0,15
2024-09-07T01:00:00-00:00,2024-09-07T02:00:00-00:00,2024-09-06,19,0,Hourly,RU,AS_CAISO,DAM,RU_CLR_PRC,0,15
2024-09-07T02:00:00-00:00,2024-09-07T03:00:00-00:00,2024-09-06,20,0,Hourly,RU,AS_CAISO_EXP,DAM,RU_CLR_PRC,106.54653,15
2024-09-07T03:00:00-00:00,2024-09-07T04:00:00-00:00,2024-09-06,21,0,Hourly,RU,AS_NP26,DAM,RU_CLR_PRC,0,15
2024-09-07T04:00:00-00:00,2024-09-07T05:00:00-00:00,2024-09-06,22,0,Hourly,RU,AS_NP26,DAM,RU_CLR_PRC,0,15
2024-09-07T06:00:00-00:00,2024-09-07T07:00:00-00:00,2024-09-06,24,0,Hourly,RU,AS_NP26_EXP,DAM,RU_CLR_PRC,0,15
2024-09-07T06:00:00-00:00,2024-09-07T07:00:00-00:00,2024-09-06,24,0,Hourly,RU,AS_SP26_EXP,DAM,RU_CLR_PRC,0,15
2024-09-07T18:00:00-00:00,2024-09-07T19:00:00-00:00,2024-09-07,12,0,Hourly,RU,AS_NP26,DAM,RU_CLR_PRC,0,16
2024-09-07T18:00:00-00:00,2024-09-07T19:00:00-00:00,2024-09-07,12,0,Hourly,RU,AS_SP26,DAM,RU_CLR_PRC,0,16
2024-09-07T19:00:00-00:00,2024-09-07T20:00:00-00:00,2024-09-07,13,0,Hourly,RU,AS_SP26,DAM,RU_CLR_PRC,0,16
2024-09-07T19:00:00-00:00,2024-09-07T20:00:00-00:00,2024-09-07,13,0,Hourly,RU,AS_SP26_EXP,DAM,RU_CLR_PRC,0,16
2024-09-07T21:00:00-00:00,2024-09-07T22:00:00-00:00,2024-09-07,15,0,Hourly,RU,AS_NP26,DAM,RU_CLR_PRC,0,16
2024-09-07T22:00:00-00:00,2024-09-07T23:00:00-00:00,2024-09-07,16,0,Hourly,RU,AS_CAISO_EXP,DAM,RU_CLR_PRC,1,16
2024-09-07T23:00:00-00:00,2024-09-08T00:00:00-00:00,2024-09-07,17,0,Hourly,RU,AS_CAISO_EXP,DAM,RU_CLR_PRC,3.62,16
2024-09-07T23:00:00-00:00,2024-09-08T00:00:00-00:00,2024-09-07,17,0,Hourly,RU,AS_SP26,DAM,RU_CLR_PRC,0,16
2024-09-08T00:00:00-00:00,2024-09-08T01:00:00-00:00,2024-09-07,18,0,Hourly,RU,AS_NP26_EXP,DAM,RU_CLR_PRC,0,16
2024-09-08T01:00:00-00:00,2024-09-08T02:00:00-00:00,2024-09-07,19,0,Hourly,RU,AS_CAISO_EXP,DAM,RU_CLR_PRC,35.71172,16
2024-09-08T03:00:00-00:00,2024-09-08T04:00:00-00:00,2024-09-07,21,0,Hourly,RU,AS_CAISO_EXP,DAM,RU_CLR_PRC,6.30218,16
2024-09-08T03:00:00-00:00,2024-09-08T04:00:00-00:00,2024-09-07,21,0,Hourly,RU,AS_NP26_EXP,DAM,RU_CLR_PRC,5.93512,16
2024-09-08T04:00:00-00:00,2024-09-08T05:00:00-00:00,2024-09-07,22,0,Hourly,RU,AS_CAISO_EXP,DAM,RU_CLR_PRC,5.18912,16
2024-09-08T04:00:00-00:00,2024-09-08T05:00:00-00:00,2024-09-07,22,0,Hourly,RU,AS_NP26_EXP,DAM,RU_CLR_PRC,0.41088,16
2024-09-08T06:00:00-00:00,2024-09-08T07:00:00-00:00,2024-09-07,24,0,Hourly,RU,AS_CAISO,DAM,RU_CLR_PRC,0,16
2024-09-08T06:00:00-00:00,2024-09-08T07:00:00-00:00,2024-09-07,24,0,Hourly,RU,AS_NP26,DAM,RU_CLR_PRC,0,16
2024-09-07T10:00:00-00:00,2024-09-07T11:00:00-00:00,2024-09-07,4,0,Hourly,RU,AS_CAISO_EXP,DAM,RU_CLR_PRC,0.6,16
2024-09-07T12:00:00-00:00,2024-09-07T13:00:00-00:00,2024-09-07,6,0,Hourly,RU,AS_SP26_EXP,DAM,RU_CLR_PRC,0,16
2024-09-07T13:00:00-00:00,2024-09-07T14:00:00-00:00,2024-09-07,7,0,Hourly,RU,AS_NP26,DAM,RU_CLR_PRC,0,16
2024-09-07T15:00:00-00:00,2024-09-07T16:00:00-00:00,2024-09-07,9,0,Hourly,RU,AS_CAISO,DAM,RU_CLR_PRC,0,16
2024-09-07T15:00:00-00:00,2024-09-07T16:00:00-00:00,2024-09-07,9,0,Hourly,RU,AS_NP26_EXP,DAM,RU_CLR_PRC,0.46,16
2024-09-07T17:00:00-00:00,2024-09-07T18:00:00-00:00,2024-09-07,11,0,Hourly,RU,AS_CAISO_EXP,DAM,RU_CLR_PRC,1.36356,16
2024-09-07T17:00:00-00:00,2024-09-07T18:00:00-00:00,2024-09-07,11,0,Hourly,RU,AS_NP26_EXP,DAM,RU_CLR_PRC,0.16,16
2024-09-07T19:00:00-00:00,2024-09-07T20:00:00-00:00,2024-09-07,13,0,Hourly,RU,AS_NP26,DAM,RU_CLR_PRC,0,16
2024-09-07T20:00:00-00:00,2024-09-07T21:00:00-00:00,2024-09-07,14,0,Hourly,RU,AS_CAISO_EXP,DAM,RU_CLR_PRC,0.6,16
2024-09-07T21:00:00-00:00,2024-09-07T22:00:00-00:00,2024-09-07,15,0,Hourly,RU,AS_CAISO,DAM,RU_CLR_PRC,0,16
2024-09-07T21:00:00-00:00,2024-09-07T22:00:00-00:00,2024-09-07,15,0,Hourly,RU,AS_CAISO_EXP,DAM,RU_CLR_PRC,0.6,16
2024-09-07T23:00:00-00:00,2024-09-08T00:00:00-00:00,2024-09-07,17,0,Hourly,RU,AS_SP26_EXP,DAM,RU_CLR_PRC,0,16
2024-09-08T01:00:00-00:00,2024-09-08T02:00:00-00:00,2024-09-07,19,0,Hourly,RU,AS_CAISO,DAM,RU_CLR_PRC,0,16
2024-09-08T01:00:00-00:00,2024-09-08T02:00:00-00:00,2024-09-07,19,0,Hourly,RU,AS_SP26,DAM,RU_CLR_PRC,0,16
2024-09-08T04:00:00-00:00,2024-09-08T05:00:00-00:00,2024-09-07,22,0,Hourly,RU,AS_CAISO,DAM,RU_CLR_PRC,0,16
2024-09-08T05:00:00-00:00,2024-09-08T06:00:00-00:00,2024-09-07,23,0,Hourly,RU,AS_CAISO_EXP,DAM,RU_CLR_PRC,2.34,16
2024-09-08T05:00:00-00:00,2024-09-08T06:00:00-00:00,2024-09-07,23,0,Hourly,RU,AS_SP26_EXP,DAM,RU_CLR_PRC,0,16
2024-09-07T07:00:00-00:00,2024-09-07T08:00:00-00:00,2024-09-07,1,0,Hourly,RU,AS_CAISO,DAM,RU_CLR_PRC,0,16
2024-09-07T07:00:00-00:00,2024-09-07T08:00:00-00:00,2024-09-07,1,0,Hourly,RU,AS_NP26,DAM,RU_CLR_PRC,0,16
2024-09-07T09:00:00-00:00,2024-09-07T10:00:00-00:00,2024-09-07,3,0,Hourly,RU,AS_CAISO_EXP,DAM,RU_CLR_PRC,0.6,16
2024-09-07T09:00:00-00:00,2024-09-07T10:00:00-00:00,2024-09-07,3,0,Hourly,RU,AS_NP26,DAM,RU_CLR_PRC,0,16
2024-09-07T10:00:00-00:00,2024-09-07T11:00:00-00:00,2024-09-07,4,0,Hourly,RU,AS_SP26,DAM,RU_CLR_PRC,0,16
2024-09-07T12:00:00-00:00,2024-09-07T13:00:00-00:00,2024-09-07,6,0,Hourly,RU,AS_NP26,DAM,RU_CLR_PRC,0,16
2024-09-07T14:00:00-00:00,2024-09-07T15:00:00-00:00,2024-09-07,8,0,Hourly,RU,AS_SP26,DAM,RU_CLR_PRC,0,16
2024-09-07T16:00:00-00:00,2024-09-07T17:00:00-00:00,2024-09-07,10,0,Hourly,RU,AS_NP26_EXP,DAM,RU_CLR_PRC,0.16,16
2024-09-07T17:00:00-00:00,2024-09-07T18:00:00-00:00,2024-09-07,11,0,Hourly,RU,AS_CAISO,DAM,RU_CLR_PRC,0,16
2024-09-07T17:00:00-00:00,2024-09-07T18:00:00-00:00,2024-09-07,11,0,Hourly,RU,AS_NP26,DAM,RU_CLR_PRC,0,16
2024-09-07T18:00:00-00:00,2024-09-07T19:00:00-00:00,2024-09-07,12,0,Hourly,RU,AS_NP26_EXP,DAM,RU_CLR_PRC,0.10878,16
2024-09-07T18:00:00-00:00,2024-09-07T19:00:00-00:00,2024-09-07,12,0,Hourly,RU,AS_SP26_EXP,DAM,RU_CLR_PRC,0,16
2024-09-07T20:00:00-00:00,2024-09-07T21:00:00-00:00,2024-09-07,14,0,Hourly,RU,AS_NP26,DAM,RU_CLR_PRC,0,16
2024-09-07T20:00:00-00:00,2024-09-07T21:00:00-00:00,2024-09-07,14,0,Hourly,RU,AS_SP26,DAM,RU_CLR_PRC,0,16
2024-09-07T21:00:00-00:00,2024-09-07T22:00:00-00:00,2024-09-07,15,0,Hourly,RU,AS_NP26_EXP,DAM,RU_CLR_PRC,1.4,16
2024-09-07T21:00:00-00:00,2024-09-07T22:00:00-00:00,2024-09-07,15,0,Hourly,RU,AS_SP26,DAM,RU_CLR_PRC,0,16
2024-09-07T22:00:00-00:00,2024-09-07T23:00:00-00:00,2024-09-07,16,0,Hourly,RU,AS_NP26_EXP,DAM,RU_CLR_PRC,0.11,16
2024-09-07T23:00:00-00:00,2024-09-08T00:00:00-00:00,2024-09-07,17,0,Hourly,RU,AS_NP26_EXP,DAM,RU_CLR_PRC,8.38031,16
2024-09-08T03:00:00-00:00,2024-09-08T04:00:00-00:00,2024-09-07,21,0,Hourly,RU,AS_SP26_EXP,DAM,RU_CLR_PRC,0,16
2024-09-08T04:00:00-00:00,2024-09-08T05:00:00-00:00,2024-09-07,22,0,Hourly,RU,AS_NP26,DAM,RU_CLR_PRC,0,16
2024-09-08T05:00:00-00:00,2024-09-08T06:00:00-00:00,2024-09-07,23,0,Hourly,RU,AS_NP26,DAM,RU_CLR_PRC,0,16
2024-09-07T08:00:00-00:00,2024-09-07T09:00:00-00:00,2024-09-07,2,0,Hourly,RU,AS_NP26_EXP,DAM,RU_CLR_PRC,0,16
2024-09-07T11:00:00-00:00,2024-09-07T12:00:00-00:00,2024-09-07,5,0,Hourly,RU,AS_SP26_EXP,DAM,RU_CLR_PRC,0,16
2024-09-07T13:00:00-00:00,2024-09-07T14:00:00-00:00,2024-09-07,7,0,Hourly,RU,AS_SP26,DAM,RU_CLR_PRC,0,16
2024-09-07T15:00:00-00:00,2024-09-07T16:00:00-00:00,2024-09-07,9,0,Hourly,RU,AS_SP26_EXP,DAM,RU_CLR_PRC,0,16
2024-09-07T16:00:00-00:00,2024-09-07T17:00:00-00:00,2024-09-07,10,0,Hourly,RU,AS_SP26_EXP,DAM,RU_CLR_PRC,0,16
2024-09-07T18:00:00-00:00,2024-09-07T19:00:00-00:00,2024-09-07,12,0,Hourly,RU,AS_CAISO,DAM,RU_CLR_PRC,0,16
2024-09-07T18:00:00-00:00,2024-09-07T19:00:00-00:00,2024-09-07,12,0,Hourly,RU,AS_CAISO_EXP,DAM,RU_CLR_PRC,0.69669,16
2024-09-07T19:00:00-00:00,2024-09-07T20:00:00-00:00,2024-09-07,13,0,Hourly,RU,AS_CAISO_EXP,DAM,RU_CLR_PRC,0.6,16
2024-09-07T20:00:00-00:00,2024-09-07T21:00:00-00:00,2024-09-07,14,0,Hourly,RU,AS_SP26_EXP,DAM,RU_CLR_PRC,0,16
2024-09-07T22:00:00-00:00,2024-09-07T23:00:00-00:00,2024-09-07,16,0,Hourly,RU,AS_NP26,DAM,RU_CLR_PRC,0,16
2024-09-07T23:00:00-00:00,2024-09-08T00:00:00-00:00,2024-09-07,17,0,Hourly,RU,AS_CAISO,DAM,RU_CLR_PRC,0,16
2024-09-08T00:00:00-00:00,2024-09-08T01:00:00-00:00,2024-09-07,18,0,Hourly,RU,AS_SP26,DAM,RU_CLR_PRC,0,16
2024-09-08T00:00:00-00:00,2024-09-08T01:00:00-00:00,2024-09-07,18,0,Hourly,RU,AS_SP26_EXP,DAM,RU_CLR_PRC,0,16
2024-09-08T02:00:00-00:00,2024-09-08T03:00:00-00:00,2024-09-07,20,0,Hourly,RU,AS_CAISO,DAM,RU_CLR_PRC,0,16
2024-09-08T02:00:00-00:00,2024-09-08T03:00:00-00:00,2024-09-07,20,0,Hourly,RU,AS_NP26_EXP,DAM,RU_CLR_PRC,0,16
2024-09-08T02:00:00-00:00,2024-09-08T03:00:00-00:00,2024-09-07,20,0,Hourly,RU,AS_SP26,DAM,RU_CLR_PRC,0,16
2024-09-08T04:00:00-00:00,2024-09-08T05:00:00-00:00,2024-09-07,22,0,Hourly,RU,AS_SP26,DAM,RU_CLR_PRC,0,16
2024-09-07T07:00:00-00:00,2024-09-07T08:00:00-00:00,2024-09-07,1,0,Hourly,RU,AS_NP26_EXP,DAM,RU_CLR_PRC,0,16
2024-09-07T07:00:00-00:00,2024-09-07T08:00:00-00:00,2024-09-07,1,0,Hourly,RU,AS_SP26,DAM,RU_CLR_PRC,0,16
2024-09-07T08:00:00-00:00,2024-09-07T09:00:00-00:00,2024-09-07,2,0,Hourly,RU,AS_NP26,DAM,RU_CLR_PRC,0,16
2024-09-07T10:00:00-00:00,2024-09-07T11:00:00-00:00,2024-09-07,4,0,Hourly,RU,AS_NP26_EXP,DAM,RU_CLR_PRC,0,16
2024-09-07T10:00:00-00:00,2024-09-07T11:00:00-00:00,2024-09-07,4,0,Hourly,RU,AS_SP26_EXP,DAM,RU_CLR_PRC,0,16
2024-09-07T11:00:00-00:00,2024-09-07T12:00:00-00:00,2024-09-07,5,0,Hourly,RU,AS_NP26,DAM,RU_CLR_PRC,0,16
2024-09-07T13:00:00-00:00,2024-09-07T14:00:00-00:00,2024-09-07,7,0,Hourly,RU,AS_SP26_EXP,DAM,RU_CLR_PRC,0,16
2024-09-07T16:00:00-00:00,2024-09-07T17:00:00-00:00,2024-09-07,10,0,Hourly,RU,AS_CAISO_EXP,DAM,RU_CLR_PRC,1.61629,16
2024-09-07T17:00:00-00:00,2024-09-07T18:00:00-00:00,2024-09-07,11,0,Hourly,RU,AS_SP26,DAM,RU_CLR_PRC,0,16
2024-09-07T07:00:00-00:00,2024-09-07T08:00:00-00:00,2024-09-07,1,0,Hourly,RU,AS_CAISO_EXP,DAM,RU_CLR_PRC,6.98429,16
2024-09-07T08:00:00-00:00,2024-09-07T09:00:00-00:00,2024-09-07,2,0,Hourly,RU,AS_CAISO,DAM,RU_CLR_PRC,0,16
2024-09-07T08:00:00-00:00,2024-09-07T09:00:00-00:00,2024-09-07,2,0,Hourly,RU,AS_SP26_EXP,DAM,RU_CLR_PRC,0,16
2024-09-07T09:00:00-00:00,2024-09-07T10:00:00-00:00,2024-09-07,3,0,Hourly,RU,AS_CAISO,DAM,RU_CLR_PRC,0,16
2024-09-07T09:00:00-00:00,2024-09-07T10:00:00-00:00,2024-09-07,3,0,Hourly,RU,AS_SP26_EXP,DAM,RU_CLR_PRC,0,16
2024-09-07T12:00:00-00:00,2024-09-07T13:00:00-00:00,2024-09-07,6,0,Hourly,RU,AS_SP26,DAM,RU_CLR_PRC,0,16
2024-09-07T14:00:00-00:00,2024-09-07T15:00:00-00:00,2024-09-07,8,0,Hourly,RU,AS_SP26_EXP,DAM,RU_CLR_PRC,0,16
2024-09-07T15:00:00-00:00,2024-09-07T16:00:00-00:00,2024-09-07,9,0,Hourly,RU,AS_SP26,DAM,RU_CLR_PRC,0,16
2024-09-07T16:00:00-00:00,2024-09-07T17:00:00-00:00,2024-09-07,10,0,Hourly,RU,AS_CAISO,DAM,RU_CLR_PRC,0,16
2024-09-07T17:00:00-00:00,2024-09-07T18:00:00-00:00,2024-09-07,11,0,Hourly,RU,AS_SP26_EXP,DAM,RU_CLR_PRC,0,16
2024-09-07T20:00:00-00:00,2024-09-07T21:00:00-00:00,2024-09-07,14,0,Hourly,RU,AS_CAISO,DAM,RU_CLR_PRC,0,16
2024-09-07T20:00:00-00:00,2024-09-07T21:00:00-00:00,2024-09-07,14,0,Hourly,RU,AS_NP26_EXP,DAM,RU_CLR_PRC,0.06,16
2024-09-08T00:00:00-00:00,2024-09-08T01:00:00-00:00,2024-09-07,18,0,Hourly,RU,AS_CAISO,DAM,RU_CLR_PRC,0,16
2024-09-08T01:00:00-00:00,2024-09-08T02:00:00-00:00,2024-09-07,19,0,Hourly,RU,AS_NP26,DAM,RU_CLR_PRC,0,16
2024-09-08T04:00:00-00:00,2024-09-08T05:00:00-00:00,2024-09-07,22,0,Hourly,RU,AS_SP26_EXP,DAM,RU_CLR_PRC,0,16
2024-09-08T06:00:00-00:00,2024-09-08T07:00:00-00:00,2024-09-07,24,0,Hourly,RU,AS_CAISO_EXP,DAM,RU_CLR_PRC,7.05603,16
2024-09-08T06:00:00-00:00,2024-09-08T07:00:00-00:00,2024-09-07,24,0,Hourly,RU,AS_SP26,DAM,RU_CLR_PRC,0,16
2024-09-07T09:00:00-00:00,2024-09-07T10:00:00-00:00,2024-09-07,3,0,Hourly,RU,AS_SP26,DAM,RU_CLR_PRC,0,16
2024-09-07T11:00:00-00:00,2024-09-07T12:00:00-00:00,2024-09-07,5,0,Hourly,RU,AS_NP26_EXP,DAM,RU_CLR_PRC,0,16
2024-09-07T11:00:00-00:00,2024-09-07T12:00:00-00:00,2024-09-07,5,0,Hourly,RU,AS_SP26,DAM,RU_CLR_PRC,0,16
2024-09-07T12:00:00-00:00,2024-09-07T13:00:00-00:00,2024-09-07,6,0,Hourly,RU,AS_CAISO_EXP,DAM,RU_CLR_PRC,1.05882,16
2024-09-07T13:00:00-00:00,2024-09-07T14:00:00-00:00,2024-09-07,7,0,Hourly,RU,AS_NP26_EXP,DAM,RU_CLR_PRC,2.17031,16
2024-09-07T14:00:00-00:00,2024-09-07T15:00:00-00:00,2024-09-07,8,0,Hourly,RU,AS_CAISO_EXP,DAM,RU_CLR_PRC,2.40861,16
2024-09-07T14:00:00-00:00,2024-09-07T15:00:00-00:00,2024-09-07,8,0,Hourly,RU,AS_NP26,DAM,RU_CLR_PRC,0,16
2024-09-07T14:00:00-00:00,2024-09-07T15:00:00-00:00,2024-09-07,8,0,Hourly,RU,AS_NP26_EXP,DAM,RU_CLR_PRC,0,16
2024-09-07T19:00:00-00:00,2024-09-07T20:00:00-00:00,2024-09-07,13,0,Hourly,RU,AS_CAISO,DAM,RU_CLR_PRC,0,16
2024-09-07T21:00:00-00:00,2024-09-07T22:00:00-00:00,2024-09-07,15,0,Hourly,RU,AS_SP26_EXP,DAM,RU_CLR_PRC,0,16
2024-09-08T00:00:00-00:00,2024-09-08T01:00:00-00:00,2024-09-07,18,0,Hourly,RU,AS_NP26,DAM,RU_CLR_PRC,0,16
2024-09-08T03:00:00-00:00,2024-09-08T04:00:00-00:00,2024-09-07,21,0,Hourly,RU,AS_NP26,DAM,RU_CLR_PRC,0,16
2024-09-08T06:00:00-00:00,2024-09-08T07:00:00-00:00,2024-09-07,24,0,Hourly,RU,AS_SP26_EXP,DAM,RU_CLR_PRC,0,16
2024-09-07T08:00:00-00:00,2024-09-07T09:00:00-00:00,2024-09-07,2,0,Hourly,RU,AS_SP26,DAM,RU_CLR_PRC,0,16
2024-09-07T10:00:00-00:00,2024-09-07T11:00:00-00:00,2024-09-07,4,0,Hourly,RU,AS_CAISO,DAM,RU_CLR_PRC,0,16
2024-09-07T10:00:00-00:00,2024-09-07T11:00:00-00:00,2024-09-07,4,0,Hourly,RU,AS_NP26,DAM,RU_CLR_PRC,0,16
2024-09-07T11:00:00-00:00,2024-09-07T12:00:00-00:00,2024-09-07,5,0,Hourly,RU,AS_CAISO_EXP,DAM,RU_CLR_PRC,1.01918,16
2024-09-07T12:00:00-00:00,2024-09-07T13:00:00-00:00,2024-09-07,6,0,Hourly,RU,AS_CAISO,DAM,RU_CLR_PRC,0,16
2024-09-07T12:00:00-00:00,2024-09-07T13:00:00-00:00,2024-09-07,6,0,Hourly,RU,AS_NP26_EXP,DAM,RU_CLR_PRC,0,16
2024-09-07T13:00:00-00:00,2024-09-07T14:00:00-00:00,2024-09-07,7,0,Hourly,RU,AS_CAISO,DAM,RU_CLR_PRC,0,16
2024-09-07T13:00:00-00:00,2024-09-07T14:00:00-00:00,2024-09-07,7,0,Hourly,RU,AS_CAISO_EXP,DAM,RU_CLR_PRC,2.82969,16
2024-09-07T14:00:00-00:00,2024-09-07T15:00:00-00:00,2024-09-07,8,0,Hourly,RU,AS_CAISO,DAM,RU_CLR_PRC,0,16
2024-09-07T15:00:00-00:00,2024-09-07T16:00:00-00:00,2024-09-07,9,0,Hourly,RU,AS_CAISO_EXP,DAM,RU_CLR_PRC,1.76763,16
2024-09-07T15:00:00-00:00,2024-09-07T16:00:00-00:00,2024-09-07,9,0,Hourly,RU,AS_NP26,DAM,RU_CLR_PRC,0,16
2024-09-07T19:00:00-00:00,2024-09-07T20:00:00-00:00,2024-09-07,13,0,Hourly,RU,AS_NP26_EXP,DAM,RU_CLR_PRC,0,16
2024-09-07T22:00:00-00:00,2024-09-07T23:00:00-00:00,2024-09-07,16,0,Hourly,RU,AS_CAISO,DAM,RU_CLR_PRC,0,16
2024-09-07T22:00:00-00:00,2024-09-07T23:00:00-00:00,2024-09-07,16,0,Hourly,RU,AS_SP26,DAM,RU_CLR_PRC,0,16
2024-09-07T22:00:00-00:00,2024-09-07T23:00:00-00:00,2024-09-07,16,0,Hourly,RU,AS_SP26_EXP,DAM,RU_CLR_PRC,0,16
2024-09-08T00:00:00-00:00,2024-09-08T01:00:00-00:00,2024-09-07,18,0,Hourly,RU,AS_CAISO_EXP,DAM,RU_CLR_PRC,6.88,16
2024-09-08T01:00:00-00:00,2024-09-08T02:00:00-00:00,2024-09-07,19,0,Hourly,RU,AS_SP26_EXP,DAM,RU_CLR_PRC,0,16
2024-09-08T02:00:00-00:00,2024-09-08T03:00:00-00:00,2024-09-07,20,0,Hourly,RU,AS_CAISO_EXP,DAM,RU_CLR_PRC,29.4035,16
2024-09-08T02:00:00-00:00,2024-09-08T03:00:00-00:00,2024-09-07,20,0,Hourly,RU,AS_SP26_EXP,DAM,RU_CLR_PRC,0,16
2024-09-08T05:00:00-00:00,2024-09-08T06:00:00-00:00,2024-09-07,23,0,Hourly,RU,AS_NP26_EXP,DAM,RU_CLR_PRC,0.38,16
2024-09-08T05:00:00-00:00,2024-09-08T06:00:00-00:00,2024-09-07,23,0,Hourly,RU,AS_SP26,DAM,RU_CLR_PRC,0,16
2024-09-08T06:00:00-00:00,2024-09-08T07:00:00-00:00,2024-09-07,24,0,Hourly,RU,AS_NP26_EXP,DAM,RU_CLR_PRC,0,16
2024-09-07T07:00:00-00:00,2024-09-07T08:00:00-00:00,2024-09-07,1,0,Hourly,RU,AS_SP26_EXP,DAM,RU_CLR_PRC,0,16
2024-09-07T09:00:00-00:00,2024-09-07T10:00:00-00:00,2024-09-07,3,0,Hourly,RU,AS_NP26_EXP,DAM,RU_CLR_PRC,0,16
2024-09-07T11:00:00-00:00,2024-09-07T12:00:00-00:00,2024-09-07,5,0,Hourly,RU,AS_CAISO,DAM,RU_CLR_PRC,0,16
2024-09-07T16:00:00-00:00,2024-09-07T17:00:00-00:00,2024-09-07,10,0,Hourly,RU,AS_NP26,DAM,RU_CLR_PRC,0,16
2024-09-07T16:00:00-00:00,2024-09-07T17:00:00-00:00,2024-09-07,10,0,Hourly,RU,AS_SP26,DAM,RU_CLR_PRC,0,16
2024-09-07T23:00:00-00:00,2024-09-08T00:00:00-00:00,2024-09-07,17,0,Hourly,RU,AS_NP26,DAM,RU_CLR_PRC,0,16
2024-09-08T01:00:00-00:00,2024-09-08T02:00:00-00:00,2024-09-07,19,0,Hourly,RU,AS_NP26_EXP,DAM,RU_CLR_PRC,5.95,16
2024-09-08T02:00:00-00:00,2024-09-08T03:00:00-00:00,2024-09-07,20,0,Hourly,RU,AS_NP26,DAM,RU_CLR_PRC,0,16
2024-09-08T03:00:00-00:00,2024-09-08T04:00:00-00:00,2024-09-07,21,0,Hourly,RU,AS_CAISO,DAM,RU_CLR_PRC,0,16
2024-09-08T03:00:00-00:00,2024-09-08T04:00:00-00:00,2024-09-07,21,0,Hourly,RU,AS_SP26,DAM,RU_CLR_PRC,0,16
2024-09-08T05:00:00-00:00,2024-09-08T06:00:00-00:00,2024-09-07,23,0,Hourly,RU,AS_CAISO,DAM,RU_CLR_PRC,0,16
2024-09-07T08:00:00-00:00,2024-09-07T09:00:00-00:00,2024-09-07,2,0,Hourly,RU,AS_CAISO_EXP,DAM,RU_CLR_PRC,2.23474,16
2024-09-09T06:00:00-00:00,2024-09-09T07:00:00-00:00,2024-09-08,24,0,Hourly,RU,AS_CAISO_EXP,DAM,RU_CLR_PRC,5.95715,17
2024-09-09T06:00:00-00:00,2024-09-09T07:00:00-00:00,2024-09-08,24,0,Hourly,RU,AS_SP26,DAM,RU_CLR_PRC,0,17
2024-09-08T08:00:00-00:00,2024-09-08T09:00:00-00:00,2024-09-08,2,0,Hourly,RU,AS_NP26,DAM,RU_CLR_PRC,0,17
2024-09-08T09:00:00-00:00,2024-09-08T10:00:00-00:00,2024-09-08,3,0,Hourly,RU,AS_NP26_EXP,DAM,RU_CLR_PRC,0,17
2024-09-08T14:00:00-00:00,2024-09-08T15:00:00-00:00,2024-09-08,8,0,Hourly,RU,AS_CAISO_EXP,DAM,RU_CLR_PRC,2.10552,17
2024-09-08T15:00:00-00:00,2024-09-08T16:00:00-00:00,2024-09-08,9,0,Hourly,RU,AS_CAISO_EXP,DAM,RU_CLR_PRC,2.49965,17
2024-09-08T15:00:00-00:00,2024-09-08T16:00:00-00:00,2024-09-08,9,0,Hourly,RU,AS_NP26_EXP,DAM,RU_CLR_PRC,0.16,17
2024-09-08T18:00:00-00:00,2024-09-08T19:00:00-00:00,2024-09-08,12,0,Hourly,RU,AS_SP26_EXP,DAM,RU_CLR_PRC,0,17
2024-09-08T19:00:00-00:00,2024-09-08T20:00:00-00:00,2024-09-08,13,0,Hourly,RU,AS_CAISO,DAM,RU_CLR_PRC,0,17
2024-09-08T21:00:00-00:00,2024-09-08T22:00:00-00:00,2024-09-08,15,0,Hourly,RU,AS_CAISO_EXP,DAM,RU_CLR_PRC,1,17
2024-09-08T22:00:00-00:00,2024-09-08T23:00:00-00:00,2024-09-08,16,0,Hourly,RU,AS_NP26_EXP,DAM,RU_CLR_PRC,4,17
2024-09-08T23:00:00-00:00,2024-09-09T00:00:00-00:00,2024-09-08,17,0,Hourly,RU,AS_NP26_EXP,DAM,RU_CLR_PRC,3.97142,17
2024-09-08T23:00:00-00:00,2024-09-09T00:00:00-00:00,2024-09-08,17,0,Hourly,RU,AS_SP26,DAM,RU_CLR_PRC,0,17
2024-09-09T03:00:00-00:00,2024-09-09T04:00:00-00:00,2024-09-08,21,0,Hourly,RU,AS_NP26_EXP,DAM,RU_CLR_PRC,0,17
2024-09-09T06:00:00-00:00,2024-09-09T07:00:00-00:00,2024-09-08,24,0,Hourly,RU,AS_NP26_EXP,DAM,RU_CLR_PRC,0.53176,17
2024-09-09T06:00:00-00:00,2024-09-09T07:00:00-00:00,2024-09-08,24,0,Hourly,RU,AS_SP26_EXP,DAM,RU_CLR_PRC,0,17
2024-09-08T17:00:00-00:00,2024-09-08T18:00:00-00:00,2024-09-08,11,0,Hourly,RU,AS_CAISO,DAM,RU_CLR_PRC,0,17
2024-09-08T17:00:00-00:00,2024-09-08T18:00:00-00:00,2024-09-08,11,0,Hourly,RU,AS_SP26_EXP,DAM,RU_CLR_PRC,0,17
2024-09-08T22:00:00-00:00,2024-09-08T23:00:00-00:00,2024-09-08,16,0,Hourly,RU,AS_NP26,DAM,RU_CLR_PRC,0,17
2024-09-08T23:00:00-00:00,2024-09-09T00:00:00-00:00,2024-09-08,17,0,Hourly,RU,AS_CAISO_EXP,DAM,RU_CLR_PRC,1.02858,17
2024-09-09T01:00:00-00:00,2024-09-09T02:00:00-00:00,2024-09-08,19,0,Hourly,RU,AS_CAISO,DAM,RU_CLR_PRC,0,17
2024-09-09T01:00:00-00:00,2024-09-09T02:00:00-00:00,2024-09-08,19,0,Hourly,RU,AS_CAISO_EXP,DAM,RU_CLR_PRC,25.93286,17
2024-09-09T04:00:00-00:00,2024-09-09T05:00:00-00:00,2024-09-08,22,0,Hourly,RU,AS_NP26,DAM,RU_CLR_PRC,0,17
2024-09-09T04:00:00-00:00,2024-09-09T05:00:00-00:00,2024-09-08,22,0,Hourly,RU,AS_NP26_EXP,DAM,RU_CLR_PRC,2.60029,17
2024-09-09T05:00:00-00:00,2024-09-09T06:00:00-00:00,2024-09-08,23,0,Hourly,RU,AS_CAISO_EXP,DAM,RU_CLR_PRC,3.02,17
2024-09-08T07:00:00-00:00,2024-09-08T08:00:00-00:00,2024-09-08,1,0,Hourly,RU,AS_CAISO_EXP,DAM,RU_CLR_PRC,6.5024,17
2024-09-08T08:00:00-00:00,2024-09-08T09:00:00-00:00,2024-09-08,2,0,Hourly,RU,AS_NP26_EXP,DAM,RU_CLR_PRC,0,17
2024-09-08T08:00:00-00:00,2024-09-08T09:00:00-00:00,2024-09-08,2,0,Hourly,RU,AS_SP26,DAM,RU_CLR_PRC,0,17
2024-09-08T08:00:00-00:00,2024-09-08T09:00:00-00:00,2024-09-08,2,0,Hourly,RU,AS_SP26_EXP,DAM,RU_CLR_PRC,1.21874,17
2024-09-08T09:00:00-00:00,2024-09-08T10:00:00-00:00,2024-09-08,3,0,Hourly,RU,AS_SP26_EXP,DAM,RU_CLR_PRC,0.92923,17
2024-09-08T11:00:00-00:00,2024-09-08T12:00:00-00:00,2024-09-08,5,0,Hourly,RU,AS_SP26_EXP,DAM,RU_CLR_PRC,1.21392,17
2024-09-08T12:00:00-00:00,2024-09-08T13:00:00-00:00,2024-09-08,6,0,Hourly,RU,AS_CAISO_EXP,DAM,RU_CLR_PRC,0.67156,17
2024-09-08T12:00:00-00:00,2024-09-08T13:00:00-00:00,2024-09-08,6,0,Hourly,RU,AS_NP26,DAM,RU_CLR_PRC,0,17
2024-09-08T13:00:00-00:00,2024-09-08T14:00:00-00:00,2024-09-08,7,0,Hourly,RU,AS_CAISO,DAM,RU_CLR_PRC,0,17
2024-09-08T13:00:00-00:00,2024-09-08T14:00:00-00:00,2024-09-08,7,0,Hourly,RU,AS_SP26,DAM,RU_CLR_PRC,0,17
2024-09-08T14:00:00-00:00,2024-09-08T15:00:00-00:00,2024-09-08,8,0,Hourly,RU,AS_SP26_EXP,DAM,RU_CLR_PRC,0,17
2024-09-08T15:00:00-00:00,2024-09-08T16:00:00-00:00,2024-09-08,9,0,Hourly,RU,AS_SP26,DAM,RU_CLR_PRC,0,17
2024-09-08T16:00:00-00:00,2024-09-08T17:00:00-00:00,2024-09-08,10,0,Hourly,RU,AS_SP26_EXP,DAM,RU_CLR_PRC,0,17
2024-09-08T19:00:00-00:00,2024-09-08T20:00:00-00:00,2024-09-08,13,0,Hourly,RU,AS_NP26_EXP,DAM,RU_CLR_PRC,2.01,17
2024-09-08T22:00:00-00:00,2024-09-08T23:00:00-00:00,2024-09-08,16,0,Hourly,RU,AS_SP26_EXP,DAM,RU_CLR_PRC,0,17
2024-09-09T00:00:00-00:00,2024-09-09T01:00:00-00:00,2024-09-08,18,0,Hourly,RU,AS_CAISO,DAM,RU_CLR_PRC,0,17
2024-09-09T00:00:00-00:00,2024-09-09T01:00:00-00:00,2024-09-08,18,0,Hourly,RU,AS_NP26,DAM,RU_CLR_PRC,0,17
2024-09-09T03:00:00-00:00,2024-09-09T04:00:00-00:00,2024-09-08,21,0,Hourly,RU,AS_SP26_EXP,DAM,RU_CLR_PRC,0,17
2024-09-09T05:00:00-00:00,2024-09-09T06:00:00-00:00,2024-09-08,23,0,Hourly,RU,AS_NP26,DAM,RU_CLR_PRC,0,17
2024-09-09T06:00:00-00:00,2024-09-09T07:00:00-00:00,2024-09-08,24,0,Hourly,RU,AS_CAISO,DAM,RU_CLR_PRC,0,17
2024-09-08T07:00:00-00:00,2024-09-08T08:00:00-00:00,2024-09-08,1,0,Hourly,RU,AS_CAISO,DAM,RU_CLR_PRC,0,17
2024-09-08T10:00:00-00:00,2024-09-08T11:00:00-00:00,2024-09-08,4,0,Hourly,RU,AS_CAISO_EXP,DAM,RU_CLR_PRC,1.56318,17
2024-09-08T10:00:00-00:00,2024-09-08T11:00:00-00:00,2024-09-08,4,0,Hourly,RU,AS_NP26,DAM,RU_CLR_PRC,0,17
2024-09-08T11:00:00-00:00,2024-09-08T12:00:00-00:00,2024-09-08,5,0,Hourly,RU,AS_CAISO_EXP,DAM,RU_CLR_PRC,0.70664,17
2024-09-08T13:00:00-00:00,2024-09-08T14:00:00-00:00,2024-09-08,7,0,Hourly,RU,AS_NP26,DAM,RU_CLR_PRC,0,17
2024-09-08T17:00:00-00:00,2024-09-08T18:00:00-00:00,2024-09-08,11,0,Hourly,RU,AS_NP26,DAM,RU_CLR_PRC,0,17
2024-09-08T18:00:00-00:00,2024-09-08T19:00:00-00:00,2024-09-08,12,0,Hourly,RU,AS_SP26,DAM,RU_CLR_PRC,0,17
2024-09-08T20:00:00-00:00,2024-09-08T21:00:00-00:00,2024-09-08,14,0,Hourly,RU,AS_NP26_EXP,DAM,RU_CLR_PRC,2.58775,17
2024-09-08T22:00:00-00:00,2024-09-08T23:00:00-00:00,2024-09-08,16,0,Hourly,RU,AS_SP26,DAM,RU_CLR_PRC,0,17
2024-09-09T00:00:00-00:00,2024-09-09T01:00:00-00:00,2024-09-08,18,0,Hourly,RU,AS_SP26_EXP,DAM,RU_CLR_PRC,0,17
2024-09-09T02:00:00-00:00,2024-09-09T03:00:00-00:00,2024-09-08,20,0,Hourly,RU,AS_SP26,DAM,RU_CLR_PRC,0,17
2024-09-09T03:00:00-00:00,2024-09-09T04:00:00-00:00,2024-09-08,21,0,Hourly,RU,AS_CAISO,DAM,RU_CLR_PRC,0,17
2024-09-09T03:00:00-00:00,2024-09-09T04:00:00-00:00,2024-09-08,21,0,Hourly,RU,AS_CAISO_EXP,DAM,RU_CLR_PRC,5.39,17
2024-09-09T05:00:00-00:00,2024-09-09T06:00:00-00:00,2024-09-08,23,0,Hourly,RU,AS_NP26_EXP,DAM,RU_CLR_PRC,2.97,17
2024-09-09T05:00:00-00:00,2024-09-09T06:00:00-00:00,2024-09-08,23,0,Hourly,RU,AS_SP26_EXP,DAM,RU_CLR_PRC,0,17
2024-09-08T07:00:00-00:00,2024-09-08T08:00:00-00:00,2024-09-08,1,0,Hourly,RU,AS_SP26,DAM,RU_CLR_PRC,0,17
2024-09-08T11:00:00-00:00,2024-09-08T12:00:00-00:00,2024-09-08,5,0,Hourly,RU,AS_CAISO,DAM,RU_CLR_PRC,0,17
2024-09-08T11:00:00-00:00,2024-09-08T12:00:00-00:00,2024-09-08,5,0,Hourly,RU,AS_NP26,DAM,RU_CLR_PRC,0,17
2024-09-08T11:00:00-00:00,2024-09-08T12:00:00-00:00,2024-09-08,5,0,Hourly,RU,AS_NP26_EXP,DAM,RU_CLR_PRC,0,17
2024-09-08T12:00:00-00:00,2024-09-08T13:00:00-00:00,2024-09-08,6,0,Hourly,RU,AS_CAISO,DAM,RU_CLR_PRC,0,17
2024-09-08T14:00:00-00:00,2024-09-08T15:00:00-00:00,2024-09-08,8,0,Hourly,RU,AS_SP26,DAM,RU_CLR_PRC,0,17
2024-09-08T16:00:00-00:00,2024-09-08T17:00:00-00:00,2024-09-08,10,0,Hourly,RU,AS_NP26,DAM,RU_CLR_PRC,0,17
2024-09-08T16:00:00-00:00,2024-09-08T17:00:00-00:00,2024-09-08,10,0,Hourly,RU,AS_NP26_EXP,DAM,RU_CLR_PRC,0.46,17
2024-09-08T18:00:00-00:00,2024-09-08T19:00:00-00:00,2024-09-08,12,0,Hourly,RU,AS_NP26_EXP,DAM,RU_CLR_PRC,1.79432,17
2024-09-08T21:00:00-00:00,2024-09-08T22:00:00-00:00,2024-09-08,15,0,Hourly,RU,AS_SP26_EXP,DAM,RU_CLR_PRC,0,17
2024-09-08T23:00:00-00:00,2024-09-09T00:00:00-00:00,2024-09-08,17,0,Hourly,RU,AS_NP26,DAM,RU_CLR_PRC,0,17
2024-09-08T23:00:00-00:00,2024-09-09T00:00:00-00:00,2024-09-08,17,0,Hourly,RU,AS_SP26_EXP,DAM,RU_CLR_PRC,0,17
2024-09-09T00:00:00-00:00,2024-09-09T01:00:00-00:00,2024-09-08,18,0,Hourly,RU,AS_CAISO_EXP,DAM,RU_CLR_PRC,6,17
2024-09-09T01:00:00-00:00,2024-09-09T02:00:00-00:00,2024-09-08,19,0,Hourly,RU,AS_NP26,DAM,RU_CLR_PRC,0,17
2024-09-09T01:00:00-00:00,2024-09-09T02:00:00-00:00,2024-09-08,19,0,Hourly,RU,AS_SP26_EXP,DAM,RU_CLR_PRC,0,17
2024-09-09T02:00:00-00:00,2024-09-09T03:00:00-00:00,2024-09-08,20,0,Hourly,RU,AS_NP26,DAM,RU_CLR_PRC,0,17
2024-09-09T02:00:00-00:00,2024-09-09T03:00:00-00:00,2024-09-08,20,0,Hourly,RU,AS_SP26_EXP,DAM,RU_CLR_PRC,0,17
2024-09-09T04:00:00-00:00,2024-09-09T05:00:00-00:00,2024-09-08,22,0,Hourly,RU,AS_SP26_EXP,DAM,RU_CLR_PRC,0,17
2024-09-09T05:00:00-00:00,2024-09-09T06:00:00-00:00,2024-09-08,23,0,Hourly,RU,AS_CAISO,DAM,RU_CLR_PRC,0,17
2024-09-09T05:00:00-00:00,2024-09-09T06:00:00-00:00,2024-09-08,23,0,Hourly,RU,AS_SP26,DAM,RU_CLR_PRC,0,17
2024-09-08T09:00:00-00:00,2024-09-08T10:00:00-00:00,2024-09-08,3,0,Hourly,RU,AS_CAISO_EXP,DAM,RU_CLR_PRC,1.28714,17
2024-09-08T09:00:00-00:00,2024-09-08T10:00:00-00:00,2024-09-08,3,0,Hourly,RU,AS_NP26,DAM,RU_CLR_PRC,0,17
2024-09-08T12:00:00-00:00,2024-09-08T13:00:00-00:00,2024-09-08,6,0,Hourly,RU,AS_NP26_EXP,DAM,RU_CLR_PRC,0,17
2024-09-08T13:00:00-00:00,2024-09-08T14:00:00-00:00,2024-09-08,7,0,Hourly,RU,AS_CAISO_EXP,DAM,RU_CLR_PRC,4.37,17
2024-09-08T14:00:00-00:00,2024-09-08T15:00:00-00:00,2024-09-08,8,0,Hourly,RU,AS_NP26,DAM,RU_CLR_PRC,0,17
2024-09-08T16:00:00-00:00,2024-09-08T17:00:00-00:00,2024-09-08,10,0,Hourly,RU,AS_CAISO,DAM,RU_CLR_PRC,0,17
2024-09-08T17:00:00-00:00,2024-09-08T18:00:00-00:00,2024-09-08,11,0,Hourly,RU,AS_CAISO_EXP,DAM,RU_CLR_PRC,1.51511,17
2024-09-08T17:00:00-00:00,2024-09-08T18:00:00-00:00,2024-09-08,11,0,Hourly,RU,AS_SP26,DAM,RU_CLR_PRC,0,17
2024-09-08T18:00:00-00:00,2024-09-08T19:00:00-00:00,2024-09-08,12,0,Hourly,RU,AS_CAISO,DAM,RU_CLR_PRC,0,17
2024-09-08T18:00:00-00:00,2024-09-08T19:00:00-00:00,2024-09-08,12,0,Hourly,RU,AS_NP26,DAM,RU_CLR_PRC,0,17
2024-09-08T19:00:00-00:00,2024-09-08T20:00:00-00:00,2024-09-08,13,0,Hourly,RU,AS_CAISO_EXP,DAM,RU_CLR_PRC,0.14,17
2024-09-08T20:00:00-00:00,2024-09-08T21:00:00-00:00,2024-09-08,14,0,Hourly,RU,AS_CAISO,DAM,RU_CLR_PRC,0,17
2024-09-08T20:00:00-00:00,2024-09-08T21:00:00-00:00,2024-09-08,14,0,Hourly,RU,AS_SP26,DAM,RU_CLR_PRC,0,17
2024-09-08T21:00:00-00:00,2024-09-08T22:00:00-00:00,2024-09-08,15,0,Hourly,RU,AS_CAISO,DAM,RU_CLR_PRC,0,17
2024-09-08T23:00:00-00:00,2024-09-09T00:00:00-00:00,2024-09-08,17,0,Hourly,RU,AS_CAISO,DAM,RU_CLR_PRC,0,17
2024-09-09T01:00:00-00:00,2024-09-09T02:00:00-00:00,2024-09-08,19,0,Hourly,RU,AS_SP26,DAM,RU_CLR_PRC,0,17
2024-09-09T02:00:00-00:00,2024-09-09T03:00:00-00:00,2024-09-08,20,0,Hourly,RU,AS_CAISO_EXP,DAM,RU_CLR_PRC,18.82314,17
2024-09-09T03:00:00-00:00,2024-09-09T04:00:00-00:00,2024-09-08,21,0,Hourly,RU,AS_NP26,DAM,RU_CLR_PRC,0,17
2024-09-09T03:00:00-00:00,2024-09-09T04:00:00-00:00,2024-09-08,21,0,Hourly,RU,AS_SP26,DAM,RU_CLR_PRC,0,17
2024-09-08T08:00:00-00:00,2024-09-08T09:00:00-00:00,2024-09-08,2,0,Hourly,RU,AS_CAISO_EXP,DAM,RU_CLR_PRC,1.70294,17
2024-09-08T09:00:00-00:00,2024-09-08T10:00:00-00:00,2024-09-08,3,0,Hourly,RU,AS_CAISO,DAM,RU_CLR_PRC,0,17
2024-09-08T10:00:00-00:00,2024-09-08T11:00:00-00:00,2024-09-08,4,0,Hourly,RU,AS_CAISO,DAM,RU_CLR_PRC,0,17
2024-09-08T10:00:00-00:00,2024-09-08T11:00:00-00:00,2024-09-08,4,0,Hourly,RU,AS_NP26_EXP,DAM,RU_CLR_PRC,0,17
2024-09-08T10:00:00-00:00,2024-09-08T11:00:00-00:00,2024-09-08,4,0,Hourly,RU,AS_SP26_EXP,DAM,RU_CLR_PRC,0.28501,17
2024-09-08T12:00:00-00:00,2024-09-08T13:00:00-00:00,2024-09-08,6,0,Hourly,RU,AS_SP26,DAM,RU_CLR_PRC,0,17
2024-09-08T12:00:00-00:00,2024-09-08T13:00:00-00:00,2024-09-08,6,0,Hourly,RU,AS_SP26_EXP,DAM,RU_CLR_PRC,0.77686,17
2024-09-08T13:00:00-00:00,2024-09-08T14:00:00-00:00,2024-09-08,7,0,Hourly,RU,AS_SP26_EXP,DAM,RU_CLR_PRC,0,17
2024-09-08T14:00:00-00:00,2024-09-08T15:00:00-00:00,2024-09-08,8,0,Hourly,RU,AS_NP26_EXP,DAM,RU_CLR_PRC,2.76828,17
2024-09-08T15:00:00-00:00,2024-09-08T16:00:00-00:00,2024-09-08,9,0,Hourly,RU,AS_CAISO,DAM,RU_CLR_PRC,0,17
2024-09-08T17:00:00-00:00,2024-09-08T18:00:00-00:00,2024-09-08,11,0,Hourly,RU,AS_NP26_EXP,DAM,RU_CLR_PRC,0.96489,17
2024-09-08T18:00:00-00:00,2024-09-08T19:00:00-00:00,2024-09-08,12,0,Hourly,RU,AS_CAISO_EXP,DAM,RU_CLR_PRC,0.67409,17
2024-09-08T19:00:00-00:00,2024-09-08T20:00:00-00:00,2024-09-08,13,0,Hourly,RU,AS_SP26_EXP,DAM,RU_CLR_PRC,0,17
2024-09-08T20:00:00-00:00,2024-09-08T21:00:00-00:00,2024-09-08,14,0,Hourly,RU,AS_NP26,DAM,RU_CLR_PRC,0,17
2024-09-08T20:00:00-00:00,2024-09-08T21:00:00-00:00,2024-09-08,14,0,Hourly,RU,AS_SP26_EXP,DAM,RU_CLR_PRC,0,17
2024-09-08T21:00:00-00:00,2024-09-08T22:00:00-00:00,2024-09-08,15,0,Hourly,RU,AS_NP26_EXP,DAM,RU_CLR_PRC,4,17
2024-09-08T21:00:00-00:00,2024-09-08T22:00:00-00:00,2024-09-08,15,0,Hourly,RU,AS_SP26,DAM,RU_CLR_PRC,0,17
2024-09-09T00:00:00-00:00,2024-09-09T01:00:00-00:00,2024-09-08,18,0,Hourly,RU,AS_SP26,DAM,RU_CLR_PRC,0,17
2024-09-09T02:00:00-00:00,2024-09-09T03:00:00-00:00,2024-09-08,20,0,Hourly,RU,AS_NP26_EXP,DAM,RU_CLR_PRC,0,17
2024-09-09T04:00:00-00:00,2024-09-09T05:00:00-00:00,2024-09-08,22,0,Hourly,RU,AS_CAISO,DAM,RU_CLR_PRC,0,17
2024-09-09T04:00:00-00:00,2024-09-09T05:00:00-00:00,2024-09-08,22,0,Hourly,RU,AS_CAISO_EXP,DAM,RU_CLR_PRC,5.89971,17
2024-09-09T06:00:00-00:00,2024-09-09T07:00:00-00:00,2024-09-08,24,0,Hourly,RU,AS_NP26,DAM,RU_CLR_PRC,0,17
2024-09-08T07:00:00-00:00,2024-09-08T08:00:00-00:00,2024-09-08,1,0,Hourly,RU,AS_NP26_EXP,DAM,RU_CLR_PRC,0,17
2024-09-08T09:00:00-00:00,2024-09-08T10:00:00-00:00,2024-09-08,3,0,Hourly,RU,AS_SP26,DAM,RU_CLR_PRC,0,17
2024-09-08T14:00:00-00:00,2024-09-08T15:00:00-00:00,2024-09-08,8,0,Hourly,RU,AS_CAISO,DAM,RU_CLR_PRC,0,17
2024-09-08T16:00:00-00:00,2024-09-08T17:00:00-00:00,2024-09-08,10,0,Hourly,RU,AS_CAISO_EXP,DAM,RU_CLR_PRC,2.10895,17
2024-09-08T16:00:00-00:00,2024-09-08T17:00:00-00:00,2024-09-08,10,0,Hourly,RU,AS_SP26,DAM,RU_CLR_PRC,0,17
2024-09-08T19:00:00-00:00,2024-09-08T20:00:00-00:00,2024-09-08,13,0,Hourly,RU,AS_NP26,DAM,RU_CLR_PRC,0,17
2024-09-08T19:00:00-00:00,2024-09-08T20:00:00-00:00,2024-09-08,13,0,Hourly,RU,AS_SP26,DAM,RU_CLR_PRC,0,17
2024-09-08T20:00:00-00:00,2024-09-08T21:00:00-00:00,2024-09-08,14,0,Hourly,RU,AS_CAISO_EXP,DAM,RU_CLR_PRC,0.25006,17
2024-09-08T21:00:00-00:00,2024-09-08T22:00:00-00:00,2024-09-08,15,0,Hourly,RU,AS_NP26,DAM,RU_CLR_PRC,0,17
2024-09-08T22:00:00-00:00,2024-09-08T23:00:00-00:00,2024-09-08,16,0,Hourly,RU,AS_CAISO,DAM,RU_CLR_PRC,0,17
2024-09-08T22:00:00-00:00,2024-09-08T23:00:00-00:00,2024-09-08,16,0,Hourly,RU,AS_CAISO_EXP,DAM,RU_CLR_PRC,1,17
2024-09-09T00:00:00-00:00,2024-09-09T01:00:00-00:00,2024-09-08,18,0,Hourly,RU,AS_NP26_EXP,DAM,RU_CLR_PRC,0,17
2024-09-09T01:00:00-00:00,2024-09-09T02:00:00-00:00,2024-09-08,19,0,Hourly,RU,AS_NP26_EXP,DAM,RU_CLR_PRC,3.5,17
2024-09-09T02:00:00-00:00,2024-09-09T03:00:00-00:00,2024-09-08,20,0,Hourly,RU,AS_CAISO,DAM,RU_CLR_PRC,0,17
2024-09-09T04:00:00-00:00,2024-09-09T05:00:00-00:00,2024-09-08,22,0,Hourly,RU,AS_SP26,DAM,RU_CLR_PRC,0,17
2024-09-08T07:00:00-00:00,2024-09-08T08:00:00-00:00,2024-09-08,1,0,Hourly,RU,AS_NP26,DAM,RU_CLR_PRC,0,17
2024-09-08T07:00:00-00:00,2024-09-08T08:00:00-00:00,2024-09-08,1,0,Hourly,RU,AS_SP26_EXP,DAM,RU_CLR_PRC,0,17
2024-09-08T08:00:00-00:00,2024-09-08T09:00:00-00:00,2024-09-08,2,0,Hourly,RU,AS_CAISO,DAM,RU_CLR_PRC,0,17
2024-09-08T10:00:00-00:00,2024-09-08T11:00:00-00:00,2024-09-08,4,0,Hourly,RU,AS_SP26,DAM,RU_CLR_PRC,0,17
2024-09-08T11:00:00-00:00,2024-09-08T12:00:00-00:00,2024-09-08,5,0,Hourly,RU,AS_SP26,DAM,RU_CLR_PRC,0,17
2024-09-08T13:00:00-00:00,2024-09-08T14:00:00-00:00,2024-09-08,7,0,Hourly,RU,AS_NP26_EXP,DAM,RU_CLR_PRC,1.62,17
2024-09-08T15:00:00-00:00,2024-09-08T16:00:00-00:00,2024-09-08,9,0,Hourly,RU,AS_NP26,DAM,RU_CLR_PRC,0,17
2024-09-08T15:00:00-00:00,2024-09-08T16:00:00-00:00,2024-09-08,9,0,Hourly,RU,AS_SP26_EXP,DAM,RU_CLR_PRC,0,17
2024-09-10T05:00:00-00:00,2024-09-10T06:00:00-00:00,2024-09-09,23,0,Hourly,RU,AS_SP26_EXP,DAM,RU_CLR_PRC,0,18
2024-09-10T06:00:00-00:00,2024-09-10T07:00:00-00:00,2024-09-09,24,0,Hourly,RU,AS_SP26_EXP,DAM,RU_CLR_PRC,0,18
2024-09-09T10:00:00-00:00,2024-09-09T11:00:00-00:00,2024-09-09,4,0,Hourly,RU,AS_CAISO_EXP,DAM,RU_CLR_PRC,0.17,18
2024-09-09T10:00:00-00:00,2024-09-09T11:00:00-00:00,2024-09-09,4,0,Hourly,RU,AS_SP26_EXP,DAM,RU_CLR_PRC,1.31187,18
2024-09-09T11:00:00-00:00,2024-09-09T12:00:00-00:00,2024-09-09,5,0,Hourly,RU,AS_CAISO,DAM,RU_CLR_PRC,0,18
2024-09-09T13:00:00-00:00,2024-09-09T14:00:00-00:00,2024-09-09,7,0,Hourly,RU,AS_CAISO_EXP,DAM,RU_CLR_PRC,0.92062,18
2024-09-09T13:00:00-00:00,2024-09-09T14:00:00-00:00,2024-09-09,7,0,Hourly,RU,AS_NP26_EXP,DAM,RU_CLR_PRC,0.10482,18
2024-09-09T14:00:00-00:00,2024-09-09T15:00:00-00:00,2024-09-09,8,0,Hourly,RU,AS_CAISO_EXP,DAM,RU_CLR_PRC,1.42767,18
2024-09-09T17:00:00-00:00,2024-09-09T18:00:00-00:00,2024-09-09,11,0,Hourly,RU,AS_NP26,DAM,RU_CLR_PRC,0,18
2024-09-09T18:00:00-00:00,2024-09-09T19:00:00-00:00,2024-09-09,12,0,Hourly,RU,AS_NP26,DAM,RU_CLR_PRC,0,18
2024-09-09T19:00:00-00:00,2024-09-09T20:00:00-00:00,2024-09-09,13,0,Hourly,RU,AS_SP26,DAM,RU_CLR_PRC,0,18
2024-09-09T20:00:00-00:00,2024-09-09T21:00:00-00:00,2024-09-09,14,0,Hourly,RU,AS_SP26,DAM,RU_CLR_PRC,0,18
2024-09-10T00:00:00-00:00,2024-09-10T01:00:00-00:00,2024-09-09,18,0,Hourly,RU,AS_CAISO_EXP,DAM,RU_CLR_PRC,8.85843,18
2024-09-10T03:00:00-00:00,2024-09-10T04:00:00-00:00,2024-09-09,21,0,Hourly,RU,AS_SP26_EXP,DAM,RU_CLR_PRC,0,18
2024-09-10T06:00:00-00:00,2024-09-10T07:00:00-00:00,2024-09-09,24,0,Hourly,RU,AS_CAISO,DAM,RU_CLR_PRC,0,18
2024-09-10T06:00:00-00:00,2024-09-10T07:00:00-00:00,2024-09-09,24,0,Hourly,RU,AS_NP26_EXP,DAM,RU_CLR_PRC,0,18
2024-09-09T11:00:00-00:00,2024-09-09T12:00:00-00:00,2024-09-09,5,0,Hourly,RU,AS_NP26,DAM,RU_CLR_PRC,0,18
2024-09-09T12:00:00-00:00,2024-09-09T13:00:00-00:00,2024-09-09,6,0,Hourly,RU,AS_NP26_EXP,DAM,RU_CLR_PRC,0.46,18
2024-09-09T14:00:00-00:00,2024-09-09T15:00:00-00:00,2024-09-09,8,0,Hourly,RU,AS_CAISO,DAM,RU_CLR_PRC,0,18
2024-09-09T15:00:00-00:00,2024-09-09T16:00:00-00:00,2024-09-09,9,0,Hourly,RU,AS_SP26_EXP,DAM,RU_CLR_PRC,0,18
2024-09-09T17:00:00-00:00,2024-09-09T18:00:00-00:00,2024-09-09,11,0,Hourly,RU,AS_CAISO,DAM,RU_CLR_PRC,0,18
2024-09-09T17:00:00-00:00,2024-09-09T18:00:00-00:00,2024-09-09,11,0,Hourly,RU,AS_NP26_EXP,DAM,RU_CLR_PRC,0.16,18
2024-09-09T17:00:00-00:00,2024-09-09T18:00:00-00:00,2024-09-09,11,0,Hourly,RU,AS_SP26_EXP,DAM,RU_CLR_PRC,0,18
2024-09-09T20:00:00-00:00,2024-09-09T21:00:00-00:00,2024-09-09,14,0,Hourly,RU,AS_CAISO_EXP,DAM,RU_CLR_PRC,0.6,18
2024-09-09T21:00:00-00:00,2024-09-09T22:00:00-00:00,2024-09-09,15,0,Hourly,RU,AS_NP26,DAM,RU_CLR_PRC,0,18
2024-09-10T00:00:00-00:00,2024-09-10T01:00:00-00:00,2024-09-09,18,0,Hourly,RU,AS_CAISO,DAM,RU_CLR_PRC,0,18
2024-09-10T01:00:00-00:00,2024-09-10T02:00:00-00:00,2024-09-09,19,0,Hourly,RU,AS_NP26,DAM,RU_CLR_PRC,0,18
2024-09-10T02:00:00-00:00,2024-09-10T03:00:00-00:00,2024-09-09,20,0,Hourly,RU,AS_CAISO,DAM,RU_CLR_PRC,0,18
2024-09-10T02:00:00-00:00,2024-09-10T03:00:00-00:00,2024-09-09,20,0,Hourly,RU,AS_SP26,DAM,RU_CLR_PRC,0,18
2024-09-10T03:00:00-00:00,2024-09-10T04:00:00-00:00,2024-09-09,21,0,Hourly,RU,AS_NP26_EXP,DAM,RU_CLR_PRC,0,18
2024-09-10T04:00:00-00:00,2024-09-10T05:00:00-00:00,2024-09-09,22,0,Hourly,RU,AS_SP26_EXP,DAM,RU_CLR_PRC,0,18
2024-09-09T08:00:00-00:00,2024-09-09T09:00:00-00:00,2024-09-09,2,0,Hourly,RU,AS_SP26,DAM,RU_CLR_PRC,0,18
2024-09-09T08:00:00-00:00,2024-09-09T09:00:00-00:00,2024-09-09,2,0,Hourly,RU,AS_SP26_EXP,DAM,RU_CLR_PRC,0.95137,18
2024-09-09T09:00:00-00:00,2024-09-09T10:00:00-00:00,2024-09-09,3,0,Hourly,RU,AS_NP26,DAM,RU_CLR_PRC,0,18
2024-09-09T09:00:00-00:00,2024-09-09T10:00:00-00:00,2024-09-09,3,0,Hourly,RU,AS_SP26_EXP,DAM,RU_CLR_PRC,0.92522,18
2024-09-09T10:00:00-00:00,2024-09-09T11:00:00-00:00,2024-09-09,4,0,Hourly,RU,AS_CAISO,DAM,RU_CLR_PRC,0,18
2024-09-09T12:00:00-00:00,2024-09-09T13:00:00-00:00,2024-09-09,6,0,Hourly,RU,AS_NP26,DAM,RU_CLR_PRC,0,18
2024-09-09T12:00:00-00:00,2024-09-09T13:00:00-00:00,2024-09-09,6,0,Hourly,RU,AS_SP26_EXP,DAM,RU_CLR_PRC,0.36,18
2024-09-09T13:00:00-00:00,2024-09-09T14:00:00-00:00,2024-09-09,7,0,Hourly,RU,AS_CAISO,DAM,RU_CLR_PRC,0,18
2024-09-09T14:00:00-00:00,2024-09-09T15:00:00-00:00,2024-09-09,8,0,Hourly,RU,AS_NP26,DAM,RU_CLR_PRC,0,18
2024-09-09T17:00:00-00:00,2024-09-09T18:00:00-00:00,2024-09-09,11,0,Hourly,RU,AS_SP26,DAM,RU_CLR_PRC,0,18
2024-09-09T18:00:00-00:00,2024-09-09T19:00:00-00:00,2024-09-09,12,0,Hourly,RU,AS_NP26_EXP,DAM,RU_CLR_PRC,0.46,18
2024-09-09T19:00:00-00:00,2024-09-09T20:00:00-00:00,2024-09-09,13,0,Hourly,RU,AS_SP26_EXP,DAM,RU_CLR_PRC,0,18
2024-09-09T20:00:00-00:00,2024-09-09T21:00:00-00:00,2024-09-09,14,0,Hourly,RU,AS_NP26,DAM,RU_CLR_PRC,0,18
2024-09-09T22:00:00-00:00,2024-09-09T23:00:00-00:00,2024-09-09,16,0,Hourly,RU,AS_CAISO,DAM,RU_CLR_PRC,0,18
2024-09-09T23:00:00-00:00,2024-09-10T00:00:00-00:00,2024-09-09,17,0,Hourly,RU,AS_CAISO,DAM,RU_CLR_PRC,0,18
2024-09-10T00:00:00-00:00,2024-09-10T01:00:00-00:00,2024-09-09,18,0,Hourly,RU,AS_NP26_EXP,DAM,RU_CLR_PRC,0,18
2024-09-10T03:00:00-00:00,2024-09-10T04:00:00-00:00,2024-09-09,21,0,Hourly,RU,AS_CAISO,DAM,RU_CLR_PRC,0,18
2024-09-10T03:00:00-00:00,2024-09-10T04:00:00-00:00,2024-09-09,21,0,Hourly,RU,AS_SP26,DAM,RU_CLR_PRC,0,18
2024-09-10T04:00:00-00:00,2024-09-10T05:00:00-00:00,2024-09-09,22,0,Hourly,RU,AS_NP26,DAM,RU_CLR_PRC,0,18
2024-09-10T06:00:00-00:00,2024-09-10T07:00:00-00:00,2024-09-09,24,0,Hourly,RU,AS_CAISO_EXP,DAM,RU_CLR_PRC,2.69,18
2024-09-09T07:00:00-00:00,2024-09-09T08:00:00-00:00,2024-09-09,1,0,Hourly,RU,AS_CAISO,DAM,RU_CLR_PRC,0,18
2024-09-09T07:00:00-00:00,2024-09-09T08:00:00-00:00,2024-09-09,1,0,Hourly,RU,AS_NP26_EXP,DAM,RU_CLR_PRC,1.55846,18
2024-09-09T07:00:00-00:00,2024-09-09T08:00:00-00:00,2024-09-09,1,0,Hourly,RU,AS_SP26,DAM,RU_CLR_PRC,0,18
2024-09-09T07:00:00-00:00,2024-09-09T08:00:00-00:00,2024-09-09,1,0,Hourly,RU,AS_SP26_EXP,DAM,RU_CLR_PRC,0,18
2024-09-09T08:00:00-00:00,2024-09-09T09:00:00-00:00,2024-09-09,2,0,Hourly,RU,AS_CAISO,DAM,RU_CLR_PRC,0,18
2024-09-09T08:00:00-00:00,2024-09-09T09:00:00-00:00,2024-09-09,2,0,Hourly,RU,AS_NP26,DAM,RU_CLR_PRC,0,18
2024-09-09T10:00:00-00:00,2024-09-09T11:00:00-00:00,2024-09-09,4,0,Hourly,RU,AS_SP26,DAM,RU_CLR_PRC,0,18
2024-09-09T12:00:00-00:00,2024-09-09T13:00:00-00:00,2024-09-09,6,0,Hourly,RU,AS_CAISO_EXP,DAM,RU_CLR_PRC,0.14,18
2024-09-09T12:00:00-00:00,2024-09-09T13:00:00-00:00,2024-09-09,6,0,Hourly,RU,AS_SP26,DAM,RU_CLR_PRC,0,18
2024-09-09T13:00:00-00:00,2024-09-09T14:00:00-00:00,2024-09-09,7,0,Hourly,RU,AS_SP26,DAM,RU_CLR_PRC,0,18
2024-09-09T13:00:00-00:00,2024-09-09T14:00:00-00:00,2024-09-09,7,0,Hourly,RU,AS_SP26_EXP,DAM,RU_CLR_PRC,0,18
2024-09-09T15:00:00-00:00,2024-09-09T16:00:00-00:00,2024-09-09,9,0,Hourly,RU,AS_SP26,DAM,RU_CLR_PRC,0,18
2024-09-09T16:00:00-00:00,2024-09-09T17:00:00-00:00,2024-09-09,10,0,Hourly,RU,AS_NP26,DAM,RU_CLR_PRC,0,18
2024-09-09T16:00:00-00:00,2024-09-09T17:00:00-00:00,2024-09-09,10,0,Hourly,RU,AS_SP26,DAM,RU_CLR_PRC,0,18
2024-09-09T18:00:00-00:00,2024-09-09T19:00:00-00:00,2024-09-09,12,0,Hourly,RU,AS_CAISO,DAM,RU_CLR_PRC,0,18
2024-09-09T18:00:00-00:00,2024-09-09T19:00:00-00:00,2024-09-09,12,0,Hourly,RU,AS_SP26,DAM,RU_CLR_PRC,0,18
2024-09-09T18:00:00-00:00,2024-09-09T19:00:00-00:00,2024-09-09,12,0,Hourly,RU,AS_SP26_EXP,DAM,RU_CLR_PRC,0,18
2024-09-09T19:00:00-00:00,2024-09-09T20:00:00-00:00,2024-09-09,13,0,Hourly,RU,AS_CAISO,DAM,RU_CLR_PRC,0,18
2024-09-09T20:00:00-00:00,2024-09-09T21:00:00-00:00,2024-09-09,14,0,Hourly,RU,AS_CAISO,DAM,RU_CLR_PRC,0,18
2024-09-09T20:00:00-00:00,2024-09-09T21:00:00-00:00,2024-09-09,14,0,Hourly,RU,AS_NP26_EXP,DAM,RU_CLR_PRC,2.12,18
2024-09-09T21:00:00-00:00,2024-09-09T22:00:00-00:00,2024-09-09,15,0,Hourly,RU,AS_SP26_EXP,DAM,RU_CLR_PRC,0,18
2024-09-09T22:00:00-00:00,2024-09-09T23:00:00-00:00,2024-09-09,16,0,Hourly,RU,AS_NP26_EXP,DAM,RU_CLR_PRC,0,18
2024-09-10T01:00:00-00:00,2024-09-10T02:00:00-00:00,2024-09-09,19,0,Hourly,RU,AS_CAISO,DAM,RU_CLR_PRC,0,18
2024-09-10T02:00:00-00:00,2024-09-10T03:00:00-00:00,2024-09-09,20,0,Hourly,RU,AS_NP26_EXP,DAM,RU_CLR_PRC,0,18
2024-09-10T03:00:00-00:00,2024-09-10T04:00:00-00:00,2024-09-09,21,0,Hourly,RU,AS_CAISO_EXP,DAM,RU_CLR_PRC,10.95157,18
2024-09-10T03:00:00-00:00,2024-09-10T04:00:00-00:00,2024-09-09,21,0,Hourly,RU,AS_NP26,DAM,RU_CLR_PRC,0,18
2024-09-10T04:00:00-00:00,2024-09-10T05:00:00-00:00,2024-09-09,22,0,Hourly,RU,AS_CAISO_EXP,DAM,RU_CLR_PRC,9.79359,18
2024-09-10T04:00:00-00:00,2024-09-10T05:00:00-00:00,2024-09-09,22,0,Hourly,RU,AS_NP26_EXP,DAM,RU_CLR_PRC,0,18
2024-09-10T05:00:00-00:00,2024-09-10T06:00:00-00:00,2024-09-09,23,0,Hourly,RU,AS_NP26,DAM,RU_CLR_PRC,0,18
2024-09-09T07:00:00-00:00,2024-09-09T08:00:00-00:00,2024-09-09,1,0,Hourly,RU,AS_NP26,DAM,RU_CLR_PRC,0,18
2024-09-09T09:00:00-00:00,2024-09-09T10:00:00-00:00,2024-09-09,3,0,Hourly,RU,AS_CAISO,DAM,RU_CLR_PRC,0,18
2024-09-09T09:00:00-00:00,2024-09-09T10:00:00-00:00,2024-09-09,3,0,Hourly,RU,AS_NP26_EXP,DAM,RU_CLR_PRC,0,18
2024-09-09T11:00:00-00:00,2024-09-09T12:00:00-00:00,2024-09-09,5,0,Hourly,RU,AS_SP26,DAM,RU_CLR_PRC,0,18
2024-09-09T15:00:00-00:00,2024-09-09T16:00:00-00:00,2024-09-09,9,0,Hourly,RU,AS_CAISO,DAM,RU_CLR_PRC,0,18
2024-09-09T15:00:00-00:00,2024-09-09T16:00:00-00:00,2024-09-09,9,0,Hourly,RU,AS_NP26_EXP,DAM,RU_CLR_PRC,0.46,18
2024-09-09T16:00:00-00:00,2024-09-09T17:00:00-00:00,2024-09-09,10,0,Hourly,RU,AS_SP26_EXP,DAM,RU_CLR_PRC,0,18
2024-09-09T21:00:00-00:00,2024-09-09T22:00:00-00:00,2024-09-09,15,0,Hourly,RU,AS_SP26,DAM,RU_CLR_PRC,0,18
2024-09-09T22:00:00-00:00,2024-09-09T23:00:00-00:00,2024-09-09,16,0,Hourly,RU,AS_CAISO_EXP,DAM,RU_CLR_PRC,1.5,18
2024-09-09T22:00:00-00:00,2024-09-09T23:00:00-00:00,2024-09-09,16,0,Hourly,RU,AS_SP26_EXP,DAM,RU_CLR_PRC,0,18
2024-09-09T23:00:00-00:00,2024-09-10T00:00:00-00:00,2024-09-09,17,0,Hourly,RU,AS_SP26_EXP,DAM,RU_CLR_PRC,0,18
2024-09-10T00:00:00-00:00,2024-09-10T01:00:00-00:00,2024-09-09,18,0,Hourly,RU,AS_SP26,DAM,RU_CLR_PRC,0,18
2024-09-10T01:00:00-00:00,2024-09-10T02:00:00-00:00,2024-09-09,19,0,Hourly,RU,AS_SP26,DAM,RU_CLR_PRC,0,18
2024-09-10T02:00:00-00:00,2024-09-10T03:00:00-00:00,2024-09-09,20,0,Hourly,RU,AS_CAISO_EXP,DAM,RU_CLR_PRC,41.99334,18
2024-09-10T04:00:00-00:00,2024-09-10T05:00:00-00:00,2024-09-09,22,0,Hourly,RU,AS_CAISO,DAM,RU_CLR_PRC,0,18
2024-09-10T04:00:00-00:00,2024-09-10T05:00:00-00:00,2024-09-09,22,0,Hourly,RU,AS_SP26,DAM,RU_CLR_PRC,0,18
2024-09-09T07:00:00-00:00,2024-09-09T08:00:00-00:00,2024-09-09,1,0,Hourly,RU,AS_CAISO_EXP,DAM,RU_CLR_PRC,1.94374,18
2024-09-09T08:00:00-00:00,2024-09-09T09:00:00-00:00,2024-09-09,2,0,Hourly,RU,AS_CAISO_EXP,DAM,RU_CLR_PRC,0.6,18
2024-09-09T11:00:00-00:00,2024-09-09T12:00:00-00:00,2024-09-09,5,0,Hourly,RU,AS_SP26_EXP,DAM,RU_CLR_PRC,1.11209,18
2024-09-09T14:00:00-00:00,2024-09-09T15:00:00-00:00,2024-09-09,8,0,Hourly,RU,AS_SP26_EXP,DAM,RU_CLR_PRC,0,18
2024-09-09T16:00:00-00:00,2024-09-09T17:00:00-00:00,2024-09-09,10,0,Hourly,RU,AS_NP26_EXP,DAM,RU_CLR_PRC,0.16,18
2024-09-09T19:00:00-00:00,2024-09-09T20:00:00-00:00,2024-09-09,13,0,Hourly,RU,AS_NP26,DAM,RU_CLR_PRC,0,18
2024-09-09T19:00:00-00:00,2024-09-09T20:00:00-00:00,2024-09-09,13,0,Hourly,RU,AS_NP26_EXP,DAM,RU_CLR_PRC,0,18
2024-09-09T22:00:00-00:00,2024-09-09T23:00:00-00:00,2024-09-09,16,0,Hourly,RU,AS_SP26,DAM,RU_CLR_PRC,0,18
2024-09-09T23:00:00-00:00,2024-09-10T00:00:00-00:00,2024-09-09,17,0,Hourly,RU,AS_CAISO_EXP,DAM,RU_CLR_PRC,2.60032,18
2024-09-09T23:00:00-00:00,2024-09-10T00:00:00-00:00,2024-09-09,17,0,Hourly,RU,AS_NP26_EXP,DAM,RU_CLR_PRC,3.35968,18
2024-09-10T01:00:00-00:00,2024-09-10T02:00:00-00:00,2024-09-09,19,0,Hourly,RU,AS_NP26_EXP,DAM,RU_CLR_PRC,0,18
2024-09-10T05:00:00-00:00,2024-09-10T06:00:00-00:00,2024-09-09,23,0,Hourly,RU,AS_CAISO_EXP,DAM,RU_CLR_PRC,3.54325,18
2024-09-10T05:00:00-00:00,2024-09-10T06:00:00-00:00,2024-09-09,23,0,Hourly,RU,AS_NP26_EXP,DAM,RU_CLR_PRC,0,18
2024-09-09T09:00:00-00:00,2024-09-09T10:00:00-00:00,2024-09-09,3,0,Hourly,RU,AS_CAISO_EXP,DAM,RU_CLR_PRC,0.78852,18
2024-09-09T09:00:00-00:00,2024-09-09T10:00:00-00:00,2024-09-09,3,0,Hourly,RU,AS_SP26,DAM,RU_CLR_PRC,0,18
2024-09-09T10:00:00-00:00,2024-09-09T11:00:00-00:00,2024-09-09,4,0,Hourly,RU,AS_NP26,DAM,RU_CLR_PRC,0,18
2024-09-09T10:00:00-00:00,2024-09-09T11:00:00-00:00,2024-09-09,4,0,Hourly,RU,AS_NP26_EXP,DAM,RU_CLR_PRC,0.46,18
2024-09-09T11:00:00-00:00,2024-09-09T12:00:00-00:00,2024-09-09,5,0,Hourly,RU,AS_CAISO_EXP,DAM,RU_CLR_PRC,0.34741,18
2024-09-09T11:00:00-00:00,2024-09-09T12:00:00-00:00,2024-09-09,5,0,Hourly,RU,AS_NP26_EXP,DAM,RU_CLR_PRC,0.46,18
2024-09-09T13:00:00-00:00,2024-09-09T14:00:00-00:00,2024-09-09,7,0,Hourly,RU,AS_NP26,DAM,RU_CLR_PRC,0,18
2024-09-09T14:00:00-00:00,2024-09-09T15:00:00-00:00,2024-09-09,8,0,Hourly,RU,AS_NP26_EXP,DAM,RU_CLR_PRC,0,18
2024-09-09T14:00:00-00:00,2024-09-09T15:00:00-00:00,2024-09-09,8,0,Hourly,RU,AS_SP26,DAM,RU_CLR_PRC,0,18
2024-09-09T15:00:00-00:00,2024-09-09T16:00:00-00:00,2024-09-09,9,0,Hourly,RU,AS_CAISO_EXP,DAM,RU_CLR_PRC,1.39814,18
2024-09-09T15:00:00-00:00,2024-09-09T16:00:00-00:00,2024-09-09,9,0,Hourly,RU,AS_NP26,DAM,RU_CLR_PRC,0,18
2024-09-09T16:00:00-00:00,2024-09-09T17:00:00-00:00,2024-09-09,10,0,Hourly,RU,AS_CAISO,DAM,RU_CLR_PRC,0,18
2024-09-09T18:00:00-00:00,2024-09-09T19:00:00-00:00,2024-09-09,12,0,Hourly,RU,AS_CAISO_EXP,DAM,RU_CLR_PRC,1.13277,18
2024-09-09T19:00:00-00:00,2024-09-09T20:00:00-00:00,2024-09-09,13,0,Hourly,RU,AS_CAISO_EXP,DAM,RU_CLR_PRC,0.6,18
2024-09-09T21:00:00-00:00,2024-09-09T22:00:00-00:00,2024-09-09,15,0,Hourly,RU,AS_CAISO_EXP,DAM,RU_CLR_PRC,1,18
2024-09-09T21:00:00-00:00,2024-09-09T22:00:00-00:00,2024-09-09,15,0,Hourly,RU,AS_NP26_EXP,DAM,RU_CLR_PRC,1.72,18
2024-09-09T23:00:00-00:00,2024-09-10T00:00:00-00:00,2024-09-09,17,0,Hourly,RU,AS_SP26,DAM,RU_CLR_PRC,0,18
2024-09-10T00:00:00-00:00,2024-09-10T01:00:00-00:00,2024-09-09,18,0,Hourly,RU,AS_NP26,DAM,RU_CLR_PRC,0,18
2024-09-10T00:00:00-00:00,2024-09-10T01:00:00-00:00,2024-09-09,18,0,Hourly,RU,AS_SP26_EXP,DAM,RU_CLR_PRC,4.16157,18
2024-09-10T01:00:00-00:00,2024-09-10T02:00:00-00:00,2024-09-09,19,0,Hourly,RU,AS_CAISO_EXP,DAM,RU_CLR_PRC,47.54111,18
2024-09-10T01:00:00-00:00,2024-09-10T02:00:00-00:00,2024-09-09,19,0,Hourly,RU,AS_SP26_EXP,DAM,RU_CLR_PRC,2.09719,18
2024-09-10T02:00:00-00:00,2024-09-10T03:00:00-00:00,2024-09-09,20,0,Hourly,RU,AS_SP26_EXP,DAM,RU_CLR_PRC,0,18
2024-09-09T12:00:00-00:00,2024-09-09T13:00:00-00:00,2024-09-09,6,0,Hourly,RU,AS_CAISO,DAM,RU_CLR_PRC,0,18
2024-09-09T16:00:00-00:00,2024-09-09T17:00:00-00:00,2024-09-09,10,0,Hourly,RU,AS_CAISO_EXP,DAM,RU_CLR_PRC,1.20372,18
2024-09-09T17:00:00-00:00,2024-09-09T18:00:00-00:00,2024-09-09,11,0,Hourly,RU,AS_CAISO_EXP,DAM,RU_CLR_PRC,0.65339,18
2024-09-09T20:00:00-00:00,2024-09-09T21:00:00-00:00,2024-09-09,14,0,Hourly,RU,AS_SP26_EXP,DAM,RU_CLR_PRC,0,18
2024-09-09T21:00:00-00:00,2024-09-09T22:00:00-00:00,2024-09-09,15,0,Hourly,RU,AS_CAISO,DAM,RU_CLR_PRC,0,18
2024-09-09T22:00:00-00:00,2024-09-09T23:00:00-00:00,2024-09-09,16,0,Hourly,RU,AS_NP26,DAM,RU_CLR_PRC,0,18
2024-09-09T23:00:00-00:00,2024-09-10T00:00:00-00:00,2024-09-09,17,0,Hourly,RU,AS_NP26,DAM,RU_CLR_PRC,0,18
2024-09-10T02:00:00-00:00,2024-09-10T03:00:00-00:00,2024-09-09,20,0,Hourly,RU,AS_NP26,DAM,RU_CLR_PRC,0,18
2024-09-10T05:00:00-00:00,2024-09-10T06:00:00-00:00,2024-09-09,23,0,Hourly,RU,AS_CAISO,DAM,RU_CLR_PRC,0,18
2024-09-10T05:00:00-00:00,2024-09-10T06:00:00-00:00,2024-09-09,23,0,Hourly,RU,AS_SP26,DAM,RU_CLR_PRC,0,18
2024-09-10T06:00:00-00:00,2024-09-10T07:00:00-00:00,2024-09-09,24,0,Hourly,RU,AS_NP26,DAM,RU_CLR_PRC,0,18
2024-09-10T06:00:00-00:00,2024-09-10T07:00:00-00:00,2024-09-09,24,0,Hourly,RU,AS_SP26,DAM,RU_CLR_PRC,0,18
2024-09-09T08:00:00-00:00,2024-09-09T09:00:00-00:00,2024-09-09,2,0,Hourly,RU,AS_NP26_EXP,DAM,RU_CLR_PRC,0,18
2024-09-11T03:00:00-00:00,2024-09-11T04:00:00-00:00,2024-09-10,21,0,Hourly,RU,AS_NP26_EXP,DAM,RU_CLR_PRC,2.92821,19
2024-09-11T04:00:00-00:00,2024-09-11T05:00:00-00:00,2024-09-10,22,0,Hourly,RU,AS_SP26_EXP,DAM,RU_CLR_PRC,2.37,19
2024-09-11T06:00:00-00:00,2024-09-11T07:00:00-00:00,2024-09-10,24,0,Hourly,RU,AS_CAISO,DAM,RU_CLR_PRC,0,19
2024-09-10T07:00:00-00:00,2024-09-10T08:00:00-00:00,2024-09-10,1,0,Hourly,RU,AS_CAISO_EXP,DAM,RU_CLR_PRC,1.62204,19
2024-09-10T08:00:00-00:00,2024-09-10T09:00:00-00:00,2024-09-10,2,0,Hourly,RU,AS_CAISO_EXP,DAM,RU_CLR_PRC,0.75,19
2024-09-10T08:00:00-00:00,2024-09-10T09:00:00-00:00,2024-09-10,2,0,Hourly,RU,AS_SP26_EXP,DAM,RU_CLR_PRC,0,19
2024-09-10T09:00:00-00:00,2024-09-10T10:00:00-00:00,2024-09-10,3,0,Hourly,RU,AS_SP26_EXP,DAM,RU_CLR_PRC,0,19
2024-09-10T10:00:00-00:00,2024-09-10T11:00:00-00:00,2024-09-10,4,0,Hourly,RU,AS_CAISO,DAM,RU_CLR_PRC,0,19
2024-09-10T11:00:00-00:00,2024-09-10T12:00:00-00:00,2024-09-10,5,0,Hourly,RU,AS_SP26,DAM,RU_CLR_PRC,0,19
2024-09-10T14:00:00-00:00,2024-09-10T15:00:00-00:00,2024-09-10,8,0,Hourly,RU,AS_NP26,DAM,RU_CLR_PRC,0,19
2024-09-10T18:00:00-00:00,2024-09-10T19:00:00-00:00,2024-09-10,12,0,Hourly,RU,AS_NP26_EXP,DAM,RU_CLR_PRC,0.36,19
2024-09-10T19:00:00-00:00,2024-09-10T20:00:00-00:00,2024-09-10,13,0,Hourly,RU,AS_CAISO_EXP,DAM,RU_CLR_PRC,0.37088,19
2024-09-10T19:00:00-00:00,2024-09-10T20:00:00-00:00,2024-09-10,13,0,Hourly,RU,AS_NP26,DAM,RU_CLR_PRC,0,19
2024-09-10T19:00:00-00:00,2024-09-10T20:00:00-00:00,2024-09-10,13,0,Hourly,RU,AS_SP26,DAM,RU_CLR_PRC,0,19
2024-09-11T03:00:00-00:00,2024-09-11T04:00:00-00:00,2024-09-10,21,0,Hourly,RU,AS_SP26,DAM,RU_CLR_PRC,0,19
2024-09-11T04:00:00-00:00,2024-09-11T05:00:00-00:00,2024-09-10,22,0,Hourly,RU,AS_NP26_EXP,DAM,RU_CLR_PRC,0,19
2024-09-11T00:00:00-00:00,2024-09-11T01:00:00-00:00,2024-09-10,18,0,Hourly,RU,AS_CAISO_EXP,DAM,RU_CLR_PRC,1.78726,19
2024-09-11T00:00:00-00:00,2024-09-11T01:00:00-00:00,2024-09-10,18,0,Hourly,RU,AS_NP26,DAM,RU_CLR_PRC,0,19
2024-09-11T04:00:00-00:00,2024-09-11T05:00:00-00:00,2024-09-10,22,0,Hourly,RU,AS_CAISO,DAM,RU_CLR_PRC,0,19
2024-09-11T04:00:00-00:00,2024-09-11T05:00:00-00:00,2024-09-10,22,0,Hourly,RU,AS_CAISO_EXP,DAM,RU_CLR_PRC,4.63,19
2024-09-11T04:00:00-00:00,2024-09-11T05:00:00-00:00,2024-09-10,22,0,Hourly,RU,AS_NP26,DAM,RU_CLR_PRC,0,19
2024-09-11T06:00:00-00:00,2024-09-11T07:00:00-00:00,2024-09-10,24,0,Hourly,RU,AS_CAISO_EXP,DAM,RU_CLR_PRC,4.01,19
2024-09-10T07:00:00-00:00,2024-09-10T08:00:00-00:00,2024-09-10,1,0,Hourly,RU,AS_SP26,DAM,RU_CLR_PRC,0,19
2024-09-10T08:00:00-00:00,2024-09-10T09:00:00-00:00,2024-09-10,2,0,Hourly,RU,AS_CAISO,DAM,RU_CLR_PRC,0,19
2024-09-10T08:00:00-00:00,2024-09-10T09:00:00-00:00,2024-09-10,2,0,Hourly,RU,AS_NP26,DAM,RU_CLR_PRC,0,19
2024-09-10T09:00:00-00:00,2024-09-10T10:00:00-00:00,2024-09-10,3,0,Hourly,RU,AS_CAISO_EXP,DAM,RU_CLR_PRC,1.06992,19
2024-09-10T09:00:00-00:00,2024-09-10T10:00:00-00:00,2024-09-10,3,0,Hourly,RU,AS_NP26,DAM,RU_CLR_PRC,0,19
2024-09-10T11:00:00-00:00,2024-09-10T12:00:00-00:00,2024-09-10,5,0,Hourly,RU,AS_CAISO,DAM,RU_CLR_PRC,0,19
2024-09-10T11:00:00-00:00,2024-09-10T12:00:00-00:00,2024-09-10,5,0,Hourly,RU,AS_NP26,DAM,RU_CLR_PRC,0,19
2024-09-10T14:00:00-00:00,2024-09-10T15:00:00-00:00,2024-09-10,8,0,Hourly,RU,AS_SP26,DAM,RU_CLR_PRC,0,19
2024-09-10T16:00:00-00:00,2024-09-10T17:00:00-00:00,2024-09-10,10,0,Hourly,RU,AS_CAISO,DAM,RU_CLR_PRC,0,19
2024-09-10T18:00:00-00:00,2024-09-10T19:00:00-00:00,2024-09-10,12,0,Hourly,RU,AS_CAISO,DAM,RU_CLR_PRC,0,19
2024-09-10T18:00:00-00:00,2024-09-10T19:00:00-00:00,2024-09-10,12,0,Hourly,RU,AS_SP26,DAM,RU_CLR_PRC,0,19
2024-09-10T18:00:00-00:00,2024-09-10T19:00:00-00:00,2024-09-10,12,0,Hourly,RU,AS_SP26_EXP,DAM,RU_CLR_PRC,0,19
2024-09-10T20:00:00-00:00,2024-09-10T21:00:00-00:00,2024-09-10,14,0,Hourly,RU,AS_SP26,DAM,RU_CLR_PRC,0,19
2024-09-10T21:00:00-00:00,2024-09-10T22:00:00-00:00,2024-09-10,15,0,Hourly,RU,AS_NP26_EXP,DAM,RU_CLR_PRC,0.84,19
2024-09-10T21:00:00-00:00,2024-09-10T22:00:00-00:00,2024-09-10,15,0,Hourly,RU,AS_SP26,DAM,RU_CLR_PRC,0,19
2024-09-11T00:00:00-00:00,2024-09-11T01:00:00-00:00,2024-09-10,18,0,Hourly,RU,AS_CAISO,DAM,RU_CLR_PRC,0,19
2024-09-11T00:00:00-00:00,2024-09-11T01:00:00-00:00,2024-09-10,18,0,Hourly,RU,AS_NP26_EXP,DAM,RU_CLR_PRC,2.81274,19
2024-09-11T04:00:00-00:00,2024-09-11T05:00:00-00:00,2024-09-10,22,0,Hourly,RU,AS_SP26,DAM,RU_CLR_PRC,0,19
2024-09-11T05:00:00-00:00,2024-09-11T06:00:00-00:00,2024-09-10,23,0,Hourly,RU,AS_NP26,DAM,RU_CLR_PRC,0,19
2024-09-11T05:00:00-00:00,2024-09-11T06:00:00-00:00,2024-09-10,23,0,Hourly,RU,AS_NP26_EXP,DAM,RU_CLR_PRC,0,19
2024-09-11T06:00:00-00:00,2024-09-11T07:00:00-00:00,2024-09-10,24,0,Hourly,RU,AS_SP26,DAM,RU_CLR_PRC,0,19
2024-09-10T08:00:00-00:00,2024-09-10T09:00:00-00:00,2024-09-10,2,0,Hourly,RU,AS_NP26_EXP,DAM,RU_CLR_PRC,0,19
2024-09-10T08:00:00-00:00,2024-09-10T09:00:00-00:00,2024-09-10,2,0,Hourly,RU,AS_SP26,DAM,RU_CLR_PRC,0,19
2024-09-10T12:00:00-00:00,2024-09-10T13:00:00-00:00,2024-09-10,6,0,Hourly,RU,AS_SP26_EXP,DAM,RU_CLR_PRC,0,19
2024-09-10T13:00:00-00:00,2024-09-10T14:00:00-00:00,2024-09-10,7,0,Hourly,RU,AS_CAISO,DAM,RU_CLR_PRC,0,19
2024-09-10T13:00:00-00:00,2024-09-10T14:00:00-00:00,2024-09-10,7,0,Hourly,RU,AS_NP26_EXP,DAM,RU_CLR_PRC,0.75,19
2024-09-10T15:00:00-00:00,2024-09-10T16:00:00-00:00,2024-09-10,9,0,Hourly,RU,AS_CAISO,DAM,RU_CLR_PRC,0,19
2024-09-10T17:00:00-00:00,2024-09-10T18:00:00-00:00,2024-09-10,11,0,Hourly,RU,AS_CAISO_EXP,DAM,RU_CLR_PRC,0.21302,19
2024-09-10T17:00:00-00:00,2024-09-10T18:00:00-00:00,2024-09-10,11,0,Hourly,RU,AS_SP26,DAM,RU_CLR_PRC,0,19
2024-09-10T18:00:00-00:00,2024-09-10T19:00:00-00:00,2024-09-10,12,0,Hourly,RU,AS_CAISO_EXP,DAM,RU_CLR_PRC,0.49246,19
2024-09-10T20:00:00-00:00,2024-09-10T21:00:00-00:00,2024-09-10,14,0,Hourly,RU,AS_CAISO,DAM,RU_CLR_PRC,0,19
2024-09-10T20:00:00-00:00,2024-09-10T21:00:00-00:00,2024-09-10,14,0,Hourly,RU,AS_CAISO_EXP,DAM,RU_CLR_PRC,0.14,19
2024-09-10T20:00:00-00:00,2024-09-10T21:00:00-00:00,2024-09-10,14,0,Hourly,RU,AS_NP26,DAM,RU_CLR_PRC,0,19
2024-09-10T21:00:00-00:00,2024-09-10T22:00:00-00:00,2024-09-10,15,0,Hourly,RU,AS_NP26,DAM,RU_CLR_PRC,0,19
2024-09-10T21:00:00-00:00,2024-09-10T22:00:00-00:00,2024-09-10,15,0,Hourly,RU,AS_SP26_EXP,DAM,RU_CLR_PRC,0,19
2024-09-10T22:00:00-00:00,2024-09-10T23:00:00-00:00,2024-09-10,16,0,Hourly,RU,AS_NP26_EXP,DAM,RU_CLR_PRC,0.86,19
2024-09-10T22:00:00-00:00,2024-09-10T23:00:00-00:00,2024-09-10,16,0,Hourly,RU,AS_SP26,DAM,RU_CLR_PRC,0,19
2024-09-10T23:00:00-00:00,2024-09-11T00:00:00-00:00,2024-09-10,17,0,Hourly,RU,AS_CAISO_EXP,DAM,RU_CLR_PRC,0.59897,19
2024-09-11T01:00:00-00:00,2024-09-11T02:00:00-00:00,2024-09-10,19,0,Hourly,RU,AS_CAISO_EXP,DAM,RU_CLR_PRC,10.81,19
2024-09-11T02:00:00-00:00,2024-09-11T03:00:00-00:00,2024-09-10,20,0,Hourly,RU,AS_NP26,DAM,RU_CLR_PRC,0,19
2024-09-11T02:00:00-00:00,2024-09-11T03:00:00-00:00,2024-09-10,20,0,Hourly,RU,AS_NP26_EXP,DAM,RU_CLR_PRC,0,19
2024-09-11T05:00:00-00:00,2024-09-11T06:00:00-00:00,2024-09-10,23,0,Hourly,RU,AS_CAISO_EXP,DAM,RU_CLR_PRC,3,19
2024-09-10T07:00:00-00:00,2024-09-10T08:00:00-00:00,2024-09-10,1,0,Hourly,RU,AS_NP26,DAM,RU_CLR_PRC,0,19
2024-09-10T10:00:00-00:00,2024-09-10T11:00:00-00:00,2024-09-10,4,0,Hourly,RU,AS_SP26,DAM,RU_CLR_PRC,0,19
2024-09-10T12:00:00-00:00,2024-09-10T13:00:00-00:00,2024-09-10,6,0,Hourly,RU,AS_NP26,DAM,RU_CLR_PRC,0,19
2024-09-10T12:00:00-00:00,2024-09-10T13:00:00-00:00,2024-09-10,6,0,Hourly,RU,AS_SP26,DAM,RU_CLR_PRC,0,19
2024-09-10T13:00:00-00:00,2024-09-10T14:00:00-00:00,2024-09-10,7,0,Hourly,RU,AS_SP26_EXP,DAM,RU_CLR_PRC,0,19
2024-09-10T15:00:00-00:00,2024-09-10T16:00:00-00:00,2024-09-10,9,0,Hourly,RU,AS_NP26,DAM,RU_CLR_PRC,0,19
2024-09-10T16:00:00-00:00,2024-09-10T17:00:00-00:00,2024-09-10,10,0,Hourly,RU,AS_SP26,DAM,RU_CLR_PRC,0,19
2024-09-10T20:00:00-00:00,2024-09-10T21:00:00-00:00,2024-09-10,14,0,Hourly,RU,AS_SP26_EXP,DAM,RU_CLR_PRC,0,19
2024-09-10T21:00:00-00:00,2024-09-10T22:00:00-00:00,2024-09-10,15,0,Hourly,RU,AS_CAISO_EXP,DAM,RU_CLR_PRC,0.14,19
2024-09-10T23:00:00-00:00,2024-09-11T00:00:00-00:00,2024-09-10,17,0,Hourly,RU,AS_NP26,DAM,RU_CLR_PRC,0,19
2024-09-10T23:00:00-00:00,2024-09-11T00:00:00-00:00,2024-09-10,17,0,Hourly,RU,AS_SP26,DAM,RU_CLR_PRC,0,19
2024-09-11T01:00:00-00:00,2024-09-11T02:00:00-00:00,2024-09-10,19,0,Hourly,RU,AS_NP26,DAM,RU_CLR_PRC,0,19
2024-09-11T01:00:00-00:00,2024-09-11T02:00:00-00:00,2024-09-10,19,0,Hourly,RU,AS_NP26_EXP,DAM,RU_CLR_PRC,0,19
2024-09-11T02:00:00-00:00,2024-09-11T03:00:00-00:00,2024-09-10,20,0,Hourly,RU,AS_CAISO_EXP,DAM,RU_CLR_PRC,10.77,19
2024-09-11T03:00:00-00:00,2024-09-11T04:00:00-00:00,2024-09-10,21,0,Hourly,RU,AS_CAISO,DAM,RU_CLR_PRC,0,19
2024-09-11T03:00:00-00:00,2024-09-11T04:00:00-00:00,2024-09-10,21,0,Hourly,RU,AS_CAISO_EXP,DAM,RU_CLR_PRC,2.08179,19
2024-09-10T09:00:00-00:00,2024-09-10T10:00:00-00:00,2024-09-10,3,0,Hourly,RU,AS_NP26_EXP,DAM,RU_CLR_PRC,0.48536,19
2024-09-10T10:00:00-00:00,2024-09-10T11:00:00-00:00,2024-09-10,4,0,Hourly,RU,AS_CAISO_EXP,DAM,RU_CLR_PRC,1.03264,19
2024-09-10T11:00:00-00:00,2024-09-10T12:00:00-00:00,2024-09-10,5,0,Hourly,RU,AS_SP26_EXP,DAM,RU_CLR_PRC,0,19
2024-09-10T15:00:00-00:00,2024-09-10T16:00:00-00:00,2024-09-10,9,0,Hourly,RU,AS_SP26,DAM,RU_CLR_PRC,0,19
2024-09-10T16:00:00-00:00,2024-09-10T17:00:00-00:00,2024-09-10,10,0,Hourly,RU,AS_NP26_EXP,DAM,RU_CLR_PRC,0.16,19
2024-09-10T17:00:00-00:00,2024-09-10T18:00:00-00:00,2024-09-10,11,0,Hourly,RU,AS_NP26,DAM,RU_CLR_PRC,0,19
2024-09-10T17:00:00-00:00,2024-09-10T18:00:00-00:00,2024-09-10,11,0,Hourly,RU,AS_NP26_EXP,DAM,RU_CLR_PRC,0.28898,19
2024-09-10T17:00:00-00:00,2024-09-10T18:00:00-00:00,2024-09-10,11,0,Hourly,RU,AS_SP26_EXP,DAM,RU_CLR_PRC,0,19
2024-09-10T20:00:00-00:00,2024-09-10T21:00:00-00:00,2024-09-10,14,0,Hourly,RU,AS_NP26_EXP,DAM,RU_CLR_PRC,1.84145,19
2024-09-10T23:00:00-00:00,2024-09-11T00:00:00-00:00,2024-09-10,17,0,Hourly,RU,AS_NP26_EXP,DAM,RU_CLR_PRC,2.28136,19
2024-09-11T02:00:00-00:00,2024-09-11T03:00:00-00:00,2024-09-10,20,0,Hourly,RU,AS_SP26,DAM,RU_CLR_PRC,0,19
2024-09-11T05:00:00-00:00,2024-09-11T06:00:00-00:00,2024-09-10,23,0,Hourly,RU,AS_SP26_EXP,DAM,RU_CLR_PRC,0.6,19
2024-09-10T07:00:00-00:00,2024-09-10T08:00:00-00:00,2024-09-10,1,0,Hourly,RU,AS_NP26_EXP,DAM,RU_CLR_PRC,0,19
2024-09-10T09:00:00-00:00,2024-09-10T10:00:00-00:00,2024-09-10,3,0,Hourly,RU,AS_CAISO,DAM,RU_CLR_PRC,0,19
2024-09-10T12:00:00-00:00,2024-09-10T13:00:00-00:00,2024-09-10,6,0,Hourly,RU,AS_CAISO_EXP,DAM,RU_CLR_PRC,1.30665,19
2024-09-10T12:00:00-00:00,2024-09-10T13:00:00-00:00,2024-09-10,6,0,Hourly,RU,AS_NP26_EXP,DAM,RU_CLR_PRC,0.69335,19
2024-09-10T13:00:00-00:00,2024-09-10T14:00:00-00:00,2024-09-10,7,0,Hourly,RU,AS_CAISO_EXP,DAM,RU_CLR_PRC,1.46193,19
2024-09-10T13:00:00-00:00,2024-09-10T14:00:00-00:00,2024-09-10,7,0,Hourly,RU,AS_NP26,DAM,RU_CLR_PRC,0,19
2024-09-10T14:00:00-00:00,2024-09-10T15:00:00-00:00,2024-09-10,8,0,Hourly,RU,AS_NP26_EXP,DAM,RU_CLR_PRC,0,19
2024-09-10T15:00:00-00:00,2024-09-10T16:00:00-00:00,2024-09-10,9,0,Hourly,RU,AS_CAISO_EXP,DAM,RU_CLR_PRC,0.14,19
2024-09-10T15:00:00-00:00,2024-09-10T16:00:00-00:00,2024-09-10,9,0,Hourly,RU,AS_NP26_EXP,DAM,RU_CLR_PRC,0.61,19
2024-09-10T16:00:00-00:00,2024-09-10T17:00:00-00:00,2024-09-10,10,0,Hourly,RU,AS_CAISO_EXP,DAM,RU_CLR_PRC,0.42018,19
2024-09-10T18:00:00-00:00,2024-09-10T19:00:00-00:00,2024-09-10,12,0,Hourly,RU,AS_NP26,DAM,RU_CLR_PRC,0,19
2024-09-10T19:00:00-00:00,2024-09-10T20:00:00-00:00,2024-09-10,13,0,Hourly,RU,AS_NP26_EXP,DAM,RU_CLR_PRC,0.36,19
2024-09-10T23:00:00-00:00,2024-09-11T00:00:00-00:00,2024-09-10,17,0,Hourly,RU,AS_CAISO,DAM,RU_CLR_PRC,0,19
2024-09-11T00:00:00-00:00,2024-09-11T01:00:00-00:00,2024-09-10,18,0,Hourly,RU,AS_SP26,DAM,RU_CLR_PRC,0,19
2024-09-11T00:00:00-00:00,2024-09-11T01:00:00-00:00,2024-09-10,18,0,Hourly,RU,AS_SP26_EXP,DAM,RU_CLR_PRC,0,19
2024-09-11T01:00:00-00:00,2024-09-11T02:00:00-00:00,2024-09-10,19,0,Hourly,RU,AS_SP26,DAM,RU_CLR_PRC,0,19
2024-09-11T03:00:00-00:00,2024-09-11T04:00:00-00:00,2024-09-10,21,0,Hourly,RU,AS_NP26,DAM,RU_CLR_PRC,0,19
2024-09-11T03:00:00-00:00,2024-09-11T04:00:00-00:00,2024-09-10,21,0,Hourly,RU,AS_SP26_EXP,DAM,RU_CLR_PRC,0,19
2024-09-11T06:00:00-00:00,2024-09-11T07:00:00-00:00,2024-09-10,24,0,Hourly,RU,AS_NP26,DAM,RU_CLR_PRC,0,19
2024-09-11T06:00:00-00:00,2024-09-11T07:00:00-00:00,2024-09-10,24,0,Hourly,RU,AS_NP26_EXP,DAM,RU_CLR_PRC,0,19
2024-09-10T07:00:00-00:00,2024-09-10T08:00:00-00:00,2024-09-10,1,0,Hourly,RU,AS_CAISO,DAM,RU_CLR_PRC,0,19
2024-09-10T10:00:00-00:00,2024-09-10T11:00:00-00:00,2024-09-10,4,0,Hourly,RU,AS_NP26_EXP,DAM,RU_CLR_PRC,0.63786,19
2024-09-10T11:00:00-00:00,2024-09-10T12:00:00-00:00,2024-09-10,5,0,Hourly,RU,AS_CAISO_EXP,DAM,RU_CLR_PRC,0.14,19
2024-09-10T14:00:00-00:00,2024-09-10T15:00:00-00:00,2024-09-10,8,0,Hourly,RU,AS_CAISO_EXP,DAM,RU_CLR_PRC,3.0056,19
2024-09-10T14:00:00-00:00,2024-09-10T15:00:00-00:00,2024-09-10,8,0,Hourly,RU,AS_SP26_EXP,DAM,RU_CLR_PRC,0,19
2024-09-10T15:00:00-00:00,2024-09-10T16:00:00-00:00,2024-09-10,9,0,Hourly,RU,AS_SP26_EXP,DAM,RU_CLR_PRC,0,19
2024-09-10T16:00:00-00:00,2024-09-10T17:00:00-00:00,2024-09-10,10,0,Hourly,RU,AS_NP26,DAM,RU_CLR_PRC,0,19
2024-09-10T17:00:00-00:00,2024-09-10T18:00:00-00:00,2024-09-10,11,0,Hourly,RU,AS_CAISO,DAM,RU_CLR_PRC,0,19
2024-09-10T19:00:00-00:00,2024-09-10T20:00:00-00:00,2024-09-10,13,0,Hourly,RU,AS_CAISO,DAM,RU_CLR_PRC,0,19
2024-09-10T19:00:00-00:00,2024-09-10T20:00:00-00:00,2024-09-10,13,0,Hourly,RU,AS_SP26_EXP,DAM,RU_CLR_PRC,0,19
2024-09-10T22:00:00-00:00,2024-09-10T23:00:00-00:00,2024-09-10,16,0,Hourly,RU,AS_CAISO,DAM,RU_CLR_PRC,0,19
2024-09-10T22:00:00-00:00,2024-09-10T23:00:00-00:00,2024-09-10,16,0,Hourly,RU,AS_SP26_EXP,DAM,RU_CLR_PRC,0,19
2024-09-10T23:00:00-00:00,2024-09-11T00:00:00-00:00,2024-09-10,17,0,Hourly,RU,AS_SP26_EXP,DAM,RU_CLR_PRC,0,19
2024-09-11T01:00:00-00:00,2024-09-11T02:00:00-00:00,2024-09-10,19,0,Hourly,RU,AS_CAISO,DAM,RU_CLR_PRC,0,19
2024-09-11T01:00:00-00:00,2024-09-11T02:00:00-00:00,2024-09-10,19,0,Hourly,RU,AS_SP26_EXP,DAM,RU_CLR_PRC,8.34926,19
2024-09-11T02:00:00-00:00,2024-09-11T03:00:00-00:00,2024-09-10,20,0,Hourly,RU,AS_CAISO,DAM,RU_CLR_PRC,0,19
2024-09-11T02:00:00-00:00,2024-09-11T03:00:00-00:00,2024-09-10,20,0,Hourly,RU,AS_SP26_EXP,DAM,RU_CLR_PRC,0,19
2024-09-11T05:00:00-00:00,2024-09-11T06:00:00-00:00,2024-09-10,23,0,Hourly,RU,AS_CAISO,DAM,RU_CLR_PRC,0,19
2024-09-11T05:00:00-00:00,2024-09-11T06:00:00-00:00,2024-09-10,23,0,Hourly,RU,AS_SP26,DAM,RU_CLR_PRC,0,19
2024-09-11T06:00:00-00:00,2024-09-11T07:00:00-00:00,2024-09-10,24,0,Hourly,RU,AS_SP26_EXP,DAM,RU_CLR_PRC,0,19
2024-09-10T07:00:00-00:00,2024-09-10T08:00:00-00:00,2024-09-10,1,0,Hourly,RU,AS_SP26_EXP,DAM,RU_CLR_PRC,0,19
2024-09-10T09:00:00-00:00,2024-09-10T10:00:00-00:00,2024-09-10,3,0,Hourly,RU,AS_SP26,DAM,RU_CLR_PRC,0,19
2024-09-10T10:00:00-00:00,2024-09-10T11:00:00-00:00,2024-09-10,4,0,Hourly,RU,AS_NP26,DAM,RU_CLR_PRC,0,19
2024-09-10T10:00:00-00:00,2024-09-10T11:00:00-00:00,2024-09-10,4,0,Hourly,RU,AS_SP26_EXP,DAM,RU_CLR_PRC,0,19
2024-09-10T11:00:00-00:00,2024-09-10T12:00:00-00:00,2024-09-10,5,0,Hourly,RU,AS_NP26_EXP,DAM,RU_CLR_PRC,0.61,19
2024-09-10T12:00:00-00:00,2024-09-10T13:00:00-00:00,2024-09-10,6,0,Hourly,RU,AS_CAISO,DAM,RU_CLR_PRC,0,19
2024-09-10T13:00:00-00:00,2024-09-10T14:00:00-00:00,2024-09-10,7,0,Hourly,RU,AS_SP26,DAM,RU_CLR_PRC,0,19
2024-09-10T14:00:00-00:00,2024-09-10T15:00:00-00:00,2024-09-10,8,0,Hourly,RU,AS_CAISO,DAM,RU_CLR_PRC,0,19
2024-09-10T16:00:00-00:00,2024-09-10T17:00:00-00:00,2024-09-10,10,0,Hourly,RU,AS_SP26_EXP,DAM,RU_CLR_PRC,0,19
2024-09-10T21:00:00-00:00,2024-09-10T22:00:00-00:00,2024-09-10,15,0,Hourly,RU,AS_CAISO,DAM,RU_CLR_PRC,0,19
2024-09-10T22:00:00-00:00,2024-09-10T23:00:00-00:00,2024-09-10,16,0,Hourly,RU,AS_CAISO_EXP,DAM,RU_CLR_PRC,0.14,19
2024-09-10T22:00:00-00:00,2024-09-10T23:00:00-00:00,2024-09-10,16,0,Hourly,RU,AS_NP26,DAM,RU_CLR_PRC,0,19
2024-09-12T04:00:00-00:00,2024-09-12T05:00:00-00:00,2024-09-11,22,0,Hourly,RU,AS_SP26,DAM,RU_CLR_PRC,0,20
2024-09-12T04:00:00-00:00,2024-09-12T05:00:00-00:00,2024-09-11,22,0,Hourly,RU,AS_SP26_EXP,DAM,RU_CLR_PRC,0,20
2024-09-12T05:00:00-00:00,2024-09-12T06:00:00-00:00,2024-09-11,23,0,Hourly,RU,AS_CAISO,DAM,RU_CLR_PRC,0,20
2024-09-11T10:00:00-00:00,2024-09-11T11:00:00-00:00,2024-09-11,4,0,Hourly,RU,AS_SP26_EXP,DAM,RU_CLR_PRC,0.85758,20
2024-09-11T11:00:00-00:00,2024-09-11T12:00:00-00:00,2024-09-11,5,0,Hourly,RU,AS_NP26_EXP,DAM,RU_CLR_PRC,0.61,20
2024-09-11T12:00:00-00:00,2024-09-11T13:00:00-00:00,2024-09-11,6,0,Hourly,RU,AS_CAISO,DAM,RU_CLR_PRC,0,20
2024-09-11T13:00:00-00:00,2024-09-11T14:00:00-00:00,2024-09-11,7,0,Hourly,RU,AS_NP26,DAM,RU_CLR_PRC,0,20
2024-09-11T19:00:00-00:00,2024-09-11T20:00:00-00:00,2024-09-11,13,0,Hourly,RU,AS_NP26,DAM,RU_CLR_PRC,0,20
2024-09-11T19:00:00-00:00,2024-09-11T20:00:00-00:00,2024-09-11,13,0,Hourly,RU,AS_SP26,DAM,RU_CLR_PRC,0,20
2024-09-11T20:00:00-00:00,2024-09-11T21:00:00-00:00,2024-09-11,14,0,Hourly,RU,AS_CAISO,DAM,RU_CLR_PRC,0,20
2024-09-11T20:00:00-00:00,2024-09-11T21:00:00-00:00,2024-09-11,14,0,Hourly,RU,AS_SP26_EXP,DAM,RU_CLR_PRC,0,20
2024-09-12T00:00:00-00:00,2024-09-12T01:00:00-00:00,2024-09-11,18,0,Hourly,RU,AS_SP26,DAM,RU_CLR_PRC,0,20
2024-09-12T02:00:00-00:00,2024-09-12T03:00:00-00:00,2024-09-11,20,0,Hourly,RU,AS_SP26,DAM,RU_CLR_PRC,0,20
2024-09-12T05:00:00-00:00,2024-09-12T06:00:00-00:00,2024-09-11,23,0,Hourly,RU,AS_NP26_EXP,DAM,RU_CLR_PRC,0,20
2024-09-12T06:00:00-00:00,2024-09-12T07:00:00-00:00,2024-09-11,24,0,Hourly,RU,AS_CAISO_EXP,DAM,RU_CLR_PRC,5,20
2024-09-12T06:00:00-00:00,2024-09-12T07:00:00-00:00,2024-09-11,24,0,Hourly,RU,AS_SP26_EXP,DAM,RU_CLR_PRC,0,20
2024-09-12T03:00:00-00:00,2024-09-12T04:00:00-00:00,2024-09-11,21,0,Hourly,RU,AS_SP26_EXP,DAM,RU_CLR_PRC,0.53147,20
2024-09-12T04:00:00-00:00,2024-09-12T05:00:00-00:00,2024-09-11,22,0,Hourly,RU,AS_NP26_EXP,DAM,RU_CLR_PRC,0.15,20
2024-09-12T06:00:00-00:00,2024-09-12T07:00:00-00:00,2024-09-11,24,0,Hourly,RU,AS_NP26_EXP,DAM,RU_CLR_PRC,0,20
2024-09-11T07:00:00-00:00,2024-09-11T08:00:00-00:00,2024-09-11,1,0,Hourly,RU,AS_SP26,DAM,RU_CLR_PRC,0,20
2024-09-11T11:00:00-00:00,2024-09-11T12:00:00-00:00,2024-09-11,5,0,Hourly,RU,AS_CAISO,DAM,RU_CLR_PRC,0,20
2024-09-11T15:00:00-00:00,2024-09-11T16:00:00-00:00,2024-09-11,9,0,Hourly,RU,AS_CAISO,DAM,RU_CLR_PRC,0,20
2024-09-11T17:00:00-00:00,2024-09-11T18:00:00-00:00,2024-09-11,11,0,Hourly,RU,AS_NP26_EXP,DAM,RU_CLR_PRC,0.36001,20
2024-09-11T17:00:00-00:00,2024-09-11T18:00:00-00:00,2024-09-11,11,0,Hourly,RU,AS_SP26_EXP,DAM,RU_CLR_PRC,0,20
2024-09-11T21:00:00-00:00,2024-09-11T22:00:00-00:00,2024-09-11,15,0,Hourly,RU,AS_CAISO,DAM,RU_CLR_PRC,0,20
2024-09-11T22:00:00-00:00,2024-09-11T23:00:00-00:00,2024-09-11,16,0,Hourly,RU,AS_NP26,DAM,RU_CLR_PRC,0,20
2024-09-12T01:00:00-00:00,2024-09-12T02:00:00-00:00,2024-09-11,19,0,Hourly,RU,AS_SP26_EXP,DAM,RU_CLR_PRC,0,20
2024-09-12T03:00:00-00:00,2024-09-12T04:00:00-00:00,2024-09-11,21,0,Hourly,RU,AS_SP26,DAM,RU_CLR_PRC,0,20
2024-09-12T04:00:00-00:00,2024-09-12T05:00:00-00:00,2024-09-11,22,0,Hourly,RU,AS_CAISO,DAM,RU_CLR_PRC,0,20
2024-09-12T05:00:00-00:00,2024-09-12T06:00:00-00:00,2024-09-11,23,0,Hourly,RU,AS_CAISO_EXP,DAM,RU_CLR_PRC,1.15848,20
2024-09-12T06:00:00-00:00,2024-09-12T07:00:00-00:00,2024-09-11,24,0,Hourly,RU,AS_CAISO,DAM,RU_CLR_PRC,0,20
2024-09-11T07:00:00-00:00,2024-09-11T08:00:00-00:00,2024-09-11,1,0,Hourly,RU,AS_CAISO_EXP,DAM,RU_CLR_PRC,1.20315,20
2024-09-11T08:00:00-00:00,2024-09-11T09:00:00-00:00,2024-09-11,2,0,Hourly,RU,AS_CAISO_EXP,DAM,RU_CLR_PRC,0.6,20
2024-09-11T08:00:00-00:00,2024-09-11T09:00:00-00:00,2024-09-11,2,0,Hourly,RU,AS_NP26_EXP,DAM,RU_CLR_PRC,0.15,20
2024-09-11T08:00:00-00:00,2024-09-11T09:00:00-00:00,2024-09-11,2,0,Hourly,RU,AS_SP26_EXP,DAM,RU_CLR_PRC,0.90584,20
2024-09-11T10:00:00-00:00,2024-09-11T11:00:00-00:00,2024-09-11,4,0,Hourly,RU,AS_NP26,DAM,RU_CLR_PRC,0,20
2024-09-11T12:00:00-00:00,2024-09-11T13:00:00-00:00,2024-09-11,6,0,Hourly,RU,AS_SP26,DAM,RU_CLR_PRC,0,20
2024-09-11T13:00:00-00:00,2024-09-11T14:00:00-00:00,2024-09-11,7,0,Hourly,RU,AS_SP26,DAM,RU_CLR_PRC,0,20
2024-09-11T14:00:00-00:00,2024-09-11T15:00:00-00:00,2024-09-11,8,0,Hourly,RU,AS_NP26,DAM,RU_CLR_PRC,0,20
2024-09-11T16:00:00-00:00,2024-09-11T17:00:00-00:00,2024-09-11,10,0,Hourly,RU,AS_SP26,DAM,RU_CLR_PRC,0,20
2024-09-11T18:00:00-00:00,2024-09-11T19:00:00-00:00,2024-09-11,12,0,Hourly,RU,AS_CAISO,DAM,RU_CLR_PRC,0,20
2024-09-11T20:00:00-00:00,2024-09-11T21:00:00-00:00,2024-09-11,14,0,Hourly,RU,AS_NP26,DAM,RU_CLR_PRC,0,20
2024-09-11T21:00:00-00:00,2024-09-11T22:00:00-00:00,2024-09-11,15,0,Hourly,RU,AS_CAISO_EXP,DAM,RU_CLR_PRC,0.14,20
2024-09-11T21:00:00-00:00,2024-09-11T22:00:00-00:00,2024-09-11,15,0,Hourly,RU,AS_NP26_EXP,DAM,RU_CLR_PRC,0.38399,20
2024-09-12T00:00:00-00:00,2024-09-12T01:00:00-00:00,2024-09-11,18,0,Hourly,RU,AS_NP26_EXP,DAM,RU_CLR_PRC,1.58079,20
2024-09-12T02:00:00-00:00,2024-09-12T03:00:00-00:00,2024-09-11,20,0,Hourly,RU,AS_CAISO,DAM,RU_CLR_PRC,0,20
2024-09-12T05:00:00-00:00,2024-09-12T06:00:00-00:00,2024-09-11,23,0,Hourly,RU,AS_SP26,DAM,RU_CLR_PRC,0,20
2024-09-11T07:00:00-00:00,2024-09-11T08:00:00-00:00,2024-09-11,1,0,Hourly,RU,AS_CAISO,DAM,RU_CLR_PRC,0,20
2024-09-11T07:00:00-00:00,2024-09-11T08:00:00-00:00,2024-09-11,1,0,Hourly,RU,AS_SP26_EXP,DAM,RU_CLR_PRC,0.28824,20
2024-09-11T08:00:00-00:00,2024-09-11T09:00:00-00:00,2024-09-11,2,0,Hourly,RU,AS_SP26,DAM,RU_CLR_PRC,0,20
2024-09-11T09:00:00-00:00,2024-09-11T10:00:00-00:00,2024-09-11,3,0,Hourly,RU,AS_NP26_EXP,DAM,RU_CLR_PRC,0.61,20
2024-09-11T14:00:00-00:00,2024-09-11T15:00:00-00:00,2024-09-11,8,0,Hourly,RU,AS_CAISO_EXP,DAM,RU_CLR_PRC,4.85,20
2024-09-11T14:00:00-00:00,2024-09-11T15:00:00-00:00,2024-09-11,8,0,Hourly,RU,AS_SP26,DAM,RU_CLR_PRC,0,20
2024-09-11T15:00:00-00:00,2024-09-11T16:00:00-00:00,2024-09-11,9,0,Hourly,RU,AS_SP26_EXP,DAM,RU_CLR_PRC,0,20
2024-09-11T16:00:00-00:00,2024-09-11T17:00:00-00:00,2024-09-11,10,0,Hourly,RU,AS_CAISO,DAM,RU_CLR_PRC,0,20
2024-09-11T16:00:00-00:00,2024-09-11T17:00:00-00:00,2024-09-11,10,0,Hourly,RU,AS_SP26_EXP,DAM,RU_CLR_PRC,0,20
2024-09-11T18:00:00-00:00,2024-09-11T19:00:00-00:00,2024-09-11,12,0,Hourly,RU,AS_SP26,DAM,RU_CLR_PRC,0,20
2024-09-11T23:00:00-00:00,2024-09-12T00:00:00-00:00,2024-09-11,17,0,Hourly,RU,AS_CAISO,DAM,RU_CLR_PRC,0,20
2024-09-11T23:00:00-00:00,2024-09-12T00:00:00-00:00,2024-09-11,17,0,Hourly,RU,AS_SP26,DAM,RU_CLR_PRC,0,20
2024-09-12T01:00:00-00:00,2024-09-12T02:00:00-00:00,2024-09-11,19,0,Hourly,RU,AS_NP26,DAM,RU_CLR_PRC,0,20
2024-09-12T02:00:00-00:00,2024-09-12T03:00:00-00:00,2024-09-11,20,0,Hourly,RU,AS_NP26_EXP,DAM,RU_CLR_PRC,0,20
2024-09-12T05:00:00-00:00,2024-09-12T06:00:00-00:00,2024-09-11,23,0,Hourly,RU,AS_SP26_EXP,DAM,RU_CLR_PRC,0.07366,20
2024-09-12T06:00:00-00:00,2024-09-12T07:00:00-00:00,2024-09-11,24,0,Hourly,RU,AS_SP26,DAM,RU_CLR_PRC,0,20
2024-09-11T09:00:00-00:00,2024-09-11T10:00:00-00:00,2024-09-11,3,0,Hourly,RU,AS_CAISO,DAM,RU_CLR_PRC,0,20
2024-09-11T09:00:00-00:00,2024-09-11T10:00:00-00:00,2024-09-11,3,0,Hourly,RU,AS_SP26_EXP,DAM,RU_CLR_PRC,0.81517,20
2024-09-11T10:00:00-00:00,2024-09-11T11:00:00-00:00,2024-09-11,4,0,Hourly,RU,AS_NP26_EXP,DAM,RU_CLR_PRC,0.61,20
2024-09-11T11:00:00-00:00,2024-09-11T12:00:00-00:00,2024-09-11,5,0,Hourly,RU,AS_SP26,DAM,RU_CLR_PRC,0,20
2024-09-11T11:00:00-00:00,2024-09-11T12:00:00-00:00,2024-09-11,5,0,Hourly,RU,AS_SP26_EXP,DAM,RU_CLR_PRC,0.87785,20
2024-09-11T14:00:00-00:00,2024-09-11T15:00:00-00:00,2024-09-11,8,0,Hourly,RU,AS_SP26_EXP,DAM,RU_CLR_PRC,0,20
2024-09-11T16:00:00-00:00,2024-09-11T17:00:00-00:00,2024-09-11,10,0,Hourly,RU,AS_NP26_EXP,DAM,RU_CLR_PRC,0.44,20
2024-09-11T19:00:00-00:00,2024-09-11T20:00:00-00:00,2024-09-11,13,0,Hourly,RU,AS_CAISO,DAM,RU_CLR_PRC,0,20
2024-09-11T19:00:00-00:00,2024-09-11T20:00:00-00:00,2024-09-11,13,0,Hourly,RU,AS_CAISO_EXP,DAM,RU_CLR_PRC,0.14,20
2024-09-11T19:00:00-00:00,2024-09-11T20:00:00-00:00,2024-09-11,13,0,Hourly,RU,AS_SP26_EXP,DAM,RU_CLR_PRC,0,20
2024-09-11T22:00:00-00:00,2024-09-11T23:00:00-00:00,2024-09-11,16,0,Hourly,RU,AS_CAISO_EXP,DAM,RU_CLR_PRC,0.14,20
2024-09-11T22:00:00-00:00,2024-09-11T23:00:00-00:00,2024-09-11,16,0,Hourly,RU,AS_SP26,DAM,RU_CLR_PRC,0,20
2024-09-11T22:00:00-00:00,2024-09-11T23:00:00-00:00,2024-09-11,16,0,Hourly,RU,AS_SP26_EXP,DAM,RU_CLR_PRC,0,20
2024-09-12T00:00:00-00:00,2024-09-12T01:00:00-00:00,2024-09-11,18,0,Hourly,RU,AS_SP26_EXP,DAM,RU_CLR_PRC,0,20
2024-09-12T01:00:00-00:00,2024-09-12T02:00:00-00:00,2024-09-11,19,0,Hourly,RU,AS_SP26,DAM,RU_CLR_PRC,0,20
2024-09-12T02:00:00-00:00,2024-09-12T03:00:00-00:00,2024-09-11,20,0,Hourly,RU,AS_NP26,DAM,RU_CLR_PRC,0,20
2024-09-12T03:00:00-00:00,2024-09-12T04:00:00-00:00,2024-09-11,21,0,Hourly,RU,AS_CAISO_EXP,DAM,RU_CLR_PRC,1.4922,20
2024-09-11T07:00:00-00:00,2024-09-11T08:00:00-00:00,2024-09-11,1,0,Hourly,RU,AS_NP26,DAM,RU_CLR_PRC,0,20
2024-09-11T09:00:00-00:00,2024-09-11T10:00:00-00:00,2024-09-11,3,0,Hourly,RU,AS_SP26,DAM,RU_CLR_PRC,0,20
2024-09-11T11:00:00-00:00,2024-09-11T12:00:00-00:00,2024-09-11,5,0,Hourly,RU,AS_NP26,DAM,RU_CLR_PRC,0,20
2024-09-11T12:00:00-00:00,2024-09-11T13:00:00-00:00,2024-09-11,6,0,Hourly,RU,AS_NP26,DAM,RU_CLR_PRC,0,20
2024-09-11T12:00:00-00:00,2024-09-11T13:00:00-00:00,2024-09-11,6,0,Hourly,RU,AS_NP26_EXP,DAM,RU_CLR_PRC,0.15,20
2024-09-11T13:00:00-00:00,2024-09-11T14:00:00-00:00,2024-09-11,7,0,Hourly,RU,AS_CAISO_EXP,DAM,RU_CLR_PRC,3.7326,20
2024-09-11T14:00:00-00:00,2024-09-11T15:00:00-00:00,2024-09-11,8,0,Hourly,RU,AS_NP26_EXP,DAM,RU_CLR_PRC,0.15,20
2024-09-11T15:00:00-00:00,2024-09-11T16:00:00-00:00,2024-09-11,9,0,Hourly,RU,AS_CAISO_EXP,DAM,RU_CLR_PRC,0.6,20
2024-09-11T17:00:00-00:00,2024-09-11T18:00:00-00:00,2024-09-11,11,0,Hourly,RU,AS_CAISO_EXP,DAM,RU_CLR_PRC,0.27346,20
2024-09-11T19:00:00-00:00,2024-09-11T20:00:00-00:00,2024-09-11,13,0,Hourly,RU,AS_NP26_EXP,DAM,RU_CLR_PRC,0.36,20
2024-09-11T20:00:00-00:00,2024-09-11T21:00:00-00:00,2024-09-11,14,0,Hourly,RU,AS_CAISO_EXP,DAM,RU_CLR_PRC,0.153,20
2024-09-11T22:00:00-00:00,2024-09-11T23:00:00-00:00,2024-09-11,16,0,Hourly,RU,AS_CAISO,DAM,RU_CLR_PRC,0,20
2024-09-11T23:00:00-00:00,2024-09-12T00:00:00-00:00,2024-09-11,17,0,Hourly,RU,AS_NP26,DAM,RU_CLR_PRC,0,20
2024-09-12T01:00:00-00:00,2024-09-12T02:00:00-00:00,2024-09-11,19,0,Hourly,RU,AS_CAISO_EXP,DAM,RU_CLR_PRC,4.69334,20
2024-09-12T03:00:00-00:00,2024-09-12T04:00:00-00:00,2024-09-11,21,0,Hourly,RU,AS_CAISO,DAM,RU_CLR_PRC,0,20
2024-09-12T03:00:00-00:00,2024-09-12T04:00:00-00:00,2024-09-11,21,0,Hourly,RU,AS_NP26,DAM,RU_CLR_PRC,0,20
2024-09-12T03:00:00-00:00,2024-09-12T04:00:00-00:00,2024-09-11,21,0,Hourly,RU,AS_NP26_EXP,DAM,RU_CLR_PRC,0,20
2024-09-12T04:00:00-00:00,2024-09-12T05:00:00-00:00,2024-09-11,22,0,Hourly,RU,AS_CAISO_EXP,DAM,RU_CLR_PRC,1.33112,20
2024-09-12T04:00:00-00:00,2024-09-12T05:00:00-00:00,2024-09-11,22,0,Hourly,RU,AS_NP26,DAM,RU_CLR_PRC,0,20
2024-09-12T05:00:00-00:00,2024-09-12T06:00:00-00:00,2024-09-11,23,0,Hourly,RU,AS_NP26,DAM,RU_CLR_PRC,0,20
2024-09-12T06:00:00-00:00,2024-09-12T07:00:00-00:00,2024-09-11,24,0,Hourly,RU,AS_NP26,DAM,RU_CLR_PRC,0,20
2024-09-11T07:00:00-00:00,2024-09-11T08:00:00-00:00,2024-09-11,1,0,Hourly,RU,AS_NP26_EXP,DAM,RU_CLR_PRC,0.00829,20
2024-09-11T08:00:00-00:00,2024-09-11T09:00:00-00:00,2024-09-11,2,0,Hourly,RU,AS_CAISO,DAM,RU_CLR_PRC,0,20
2024-09-11T10:00:00-00:00,2024-09-11T11:00:00-00:00,2024-09-11,4,0,Hourly,RU,AS_CAISO_EXP,DAM,RU_CLR_PRC,0.15973,20
2024-09-11T10:00:00-00:00,2024-09-11T11:00:00-00:00,2024-09-11,4,0,Hourly,RU,AS_SP26,DAM,RU_CLR_PRC,0,20
2024-09-11T12:00:00-00:00,2024-09-11T13:00:00-00:00,2024-09-11,6,0,Hourly,RU,AS_CAISO_EXP,DAM,RU_CLR_PRC,1.5172,20
2024-09-11T13:00:00-00:00,2024-09-11T14:00:00-00:00,2024-09-11,7,0,Hourly,RU,AS_CAISO,DAM,RU_CLR_PRC,0,20
2024-09-11T13:00:00-00:00,2024-09-11T14:00:00-00:00,2024-09-11,7,0,Hourly,RU,AS_NP26_EXP,DAM,RU_CLR_PRC,0.20969,20
2024-09-11T13:00:00-00:00,2024-09-11T14:00:00-00:00,2024-09-11,7,0,Hourly,RU,AS_SP26_EXP,DAM,RU_CLR_PRC,0,20
2024-09-11T16:00:00-00:00,2024-09-11T17:00:00-00:00,2024-09-11,10,0,Hourly,RU,AS_CAISO_EXP,DAM,RU_CLR_PRC,0.14,20
2024-09-11T16:00:00-00:00,2024-09-11T17:00:00-00:00,2024-09-11,10,0,Hourly,RU,AS_NP26,DAM,RU_CLR_PRC,0,20
2024-09-11T17:00:00-00:00,2024-09-11T18:00:00-00:00,2024-09-11,11,0,Hourly,RU,AS_CAISO,DAM,RU_CLR_PRC,0,20
2024-09-11T17:00:00-00:00,2024-09-11T18:00:00-00:00,2024-09-11,11,0,Hourly,RU,AS_NP26,DAM,RU_CLR_PRC,0,20
2024-09-11T21:00:00-00:00,2024-09-11T22:00:00-00:00,2024-09-11,15,0,Hourly,RU,AS_NP26,DAM,RU_CLR_PRC,0,20
2024-09-11T21:00:00-00:00,2024-09-11T22:00:00-00:00,2024-09-11,15,0,Hourly,RU,AS_SP26,DAM,RU_CLR_PRC,0,20
2024-09-12T00:00:00-00:00,2024-09-12T01:00:00-00:00,2024-09-11,18,0,Hourly,RU,AS_CAISO,DAM,RU_CLR_PRC,0,20
2024-09-12T01:00:00-00:00,2024-09-12T02:00:00-00:00,2024-09-11,19,0,Hourly,RU,AS_CAISO,DAM,RU_CLR_PRC,0,20
2024-09-12T01:00:00-00:00,2024-09-12T02:00:00-00:00,2024-09-11,19,0,Hourly,RU,AS_NP26_EXP,DAM,RU_CLR_PRC,1.30666,20
2024-09-12T02:00:00-00:00,2024-09-12T03:00:00-00:00,2024-09-11,20,0,Hourly,RU,AS_CAISO_EXP,DAM,RU_CLR_PRC,5,20
2024-09-12T02:00:00-00:00,2024-09-12T03:00:00-00:00,2024-09-11,20,0,Hourly,RU,AS_SP26_EXP,DAM,RU_CLR_PRC,0,20
2024-09-11T08:00:00-00:00,2024-09-11T09:00:00-00:00,2024-09-11,2,0,Hourly,RU,AS_NP26,DAM,RU_CLR_PRC,0,20
2024-09-11T09:00:00-00:00,2024-09-11T10:00:00-00:00,2024-09-11,3,0,Hourly,RU,AS_CAISO_EXP,DAM,RU_CLR_PRC,0.14945,20
2024-09-11T09:00:00-00:00,2024-09-11T10:00:00-00:00,2024-09-11,3,0,Hourly,RU,AS_NP26,DAM,RU_CLR_PRC,0,20
2024-09-11T10:00:00-00:00,2024-09-11T11:00:00-00:00,2024-09-11,4,0,Hourly,RU,AS_CAISO,DAM,RU_CLR_PRC,0,20
2024-09-11T11:00:00-00:00,2024-09-11T12:00:00-00:00,2024-09-11,5,0,Hourly,RU,AS_CAISO_EXP,DAM,RU_CLR_PRC,0.14,20
2024-09-11T12:00:00-00:00,2024-09-11T13:00:00-00:00,2024-09-11,6,0,Hourly,RU,AS_SP26_EXP,DAM,RU_CLR_PRC,0,20
2024-09-11T14:00:00-00:00,2024-09-11T15:00:00-00:00,2024-09-11,8,0,Hourly,RU,AS_CAISO,DAM,RU_CLR_PRC,0,20
2024-09-11T15:00:00-00:00,2024-09-11T16:00:00-00:00,2024-09-11,9,0,Hourly,RU,AS_NP26,DAM,RU_CLR_PRC,0,20
2024-09-11T15:00:00-00:00,2024-09-11T16:00:00-00:00,2024-09-11,9,0,Hourly,RU,AS_NP26_EXP,DAM,RU_CLR_PRC,0,20
2024-09-11T15:00:00-00:00,2024-09-11T16:00:00-00:00,2024-09-11,9,0,Hourly,RU,AS_SP26,DAM,RU_CLR_PRC,0,20
2024-09-11T17:00:00-00:00,2024-09-11T18:00:00-00:00,2024-09-11,11,0,Hourly,RU,AS_SP26,DAM,RU_CLR_PRC,0,20
2024-09-11T18:00:00-00:00,2024-09-11T19:00:00-00:00,2024-09-11,12,0,Hourly,RU,AS_CAISO_EXP,DAM,RU_CLR_PRC,0.14,20
2024-09-11T18:00:00-00:00,2024-09-11T19:00:00-00:00,2024-09-11,12,0,Hourly,RU,AS_NP26,DAM,RU_CLR_PRC,0,20
2024-09-11T18:00:00-00:00,2024-09-11T19:00:00-00:00,2024-09-11,12,0,Hourly,RU,AS_NP26_EXP,DAM,RU_CLR_PRC,0.49874,20
2024-09-11T18:00:00-00:00,2024-09-11T19:00:00-00:00,2024-09-11,12,0,Hourly,RU,AS_SP26_EXP,DAM,RU_CLR_PRC,0,20
2024-09-11T20:00:00-00:00,2024-09-11T21:00:00-00:00,2024-09-11,14,0,Hourly,RU,AS_NP26_EXP,DAM,RU_CLR_PRC,2.557,20
2024-09-11T20:00:00-00:00,2024-09-11T21:00:00-00:00,2024-09-11,14,0,Hourly,RU,AS_SP26,DAM,RU_CLR_PRC,0,20
2024-09-11T21:00:00-00:00,2024-09-11T22:00:00-00:00,2024-09-11,15,0,Hourly,RU,AS_SP26_EXP,DAM,RU_CLR_PRC,0,20
2024-09-11T22:00:00-00:00,2024-09-11T23:00:00-00:00,2024-09-11,16,0,Hourly,RU,AS_NP26_EXP,DAM,RU_CLR_PRC,1.86,20
2024-09-11T23:00:00-00:00,2024-09-12T00:00:00-00:00,2024-09-11,17,0,Hourly,RU,AS_CAISO_EXP,DAM,RU_CLR_PRC,0.6,20
2024-09-11T23:00:00-00:00,2024-09-12T00:00:00-00:00,2024-09-11,17,0,Hourly,RU,AS_NP26_EXP,DAM,RU_CLR_PRC,4.08193,20
2024-09-11T23:00:00-00:00,2024-09-12T00:00:00-00:00,2024-09-11,17,0,Hourly,RU,AS_SP26_EXP,DAM,RU_CLR_PRC,0,20
2024-09-12T00:00:00-00:00,2024-09-12T01:00:00-00:00,2024-09-11,18,0,Hourly,RU,AS_CAISO_EXP,DAM,RU_CLR_PRC,1.12921,20
2024-09-12T00:00:00-00:00,2024-09-12T01:00:00-00:00,2024-09-11,18,0,Hourly,RU,AS_NP26,DAM,RU_CLR_PRC,0,20
2024-09-13T06:00:00-00:00,2024-09-13T07:00:00-00:00,2024-09-12,24,0,Hourly,RU,AS_NP26_EXP,DAM,RU_CLR_PRC,0,21
2024-09-12T07:00:00-00:00,2024-09-12T08:00:00-00:00,2024-09-12,1,0,Hourly,RU,AS_CAISO_EXP,DAM,RU_CLR_PRC,1.36135,21
2024-09-12T07:00:00-00:00,2024-09-12T08:00:00-00:00,2024-09-12,1,0,Hourly,RU,AS_NP26,DAM,RU_CLR_PRC,0,21
2024-09-12T09:00:00-00:00,2024-09-12T10:00:00-00:00,2024-09-12,3,0,Hourly,RU,AS_NP26,DAM,RU_CLR_PRC,0,21
2024-09-12T11:00:00-00:00,2024-09-12T12:00:00-00:00,2024-09-12,5,0,Hourly,RU,AS_CAISO,DAM,RU_CLR_PRC,0,21
2024-09-12T16:00:00-00:00,2024-09-12T17:00:00-00:00,2024-09-12,10,0,Hourly,RU,AS_CAISO_EXP,DAM,RU_CLR_PRC,0.14,21
2024-09-12T17:00:00-00:00,2024-09-12T18:00:00-00:00,2024-09-12,11,0,Hourly,RU,AS_CAISO,DAM,RU_CLR_PRC,0,21
2024-09-12T17:00:00-00:00,2024-09-12T18:00:00-00:00,2024-09-12,11,0,Hourly,RU,AS_NP26,DAM,RU_CLR_PRC,0,21
2024-09-12T18:00:00-00:00,2024-09-12T19:00:00-00:00,2024-09-12,12,0,Hourly,RU,AS_CAISO_EXP,DAM,RU_CLR_PRC,0.1502,21
2024-09-12T19:00:00-00:00,2024-09-12T20:00:00-00:00,2024-09-12,13,0,Hourly,RU,AS_SP26_EXP,DAM,RU_CLR_PRC,0,21
2024-09-12T22:00:00-00:00,2024-09-12T23:00:00-00:00,2024-09-12,16,0,Hourly,RU,AS_CAISO_EXP,DAM,RU_CLR_PRC,0.14,21
2024-09-12T22:00:00-00:00,2024-09-12T23:00:00-00:00,2024-09-12,16,0,Hourly,RU,AS_SP26_EXP,DAM,RU_CLR_PRC,0,21
2024-09-12T23:00:00-00:00,2024-09-13T00:00:00-00:00,2024-09-12,17,0,Hourly,RU,AS_SP26,DAM,RU_CLR_PRC,0,21
2024-09-13T03:00:00-00:00,2024-09-13T04:00:00-00:00,2024-09-12,21,0,Hourly,RU,AS_SP26,DAM,RU_CLR_PRC,0,21
2024-09-13T04:00:00-00:00,2024-09-13T05:00:00-00:00,2024-09-12,22,0,Hourly,RU,AS_CAISO_EXP,DAM,RU_CLR_PRC,0.88042,21
2024-09-13T06:00:00-00:00,2024-09-13T07:00:00-00:00,2024-09-12,24,0,Hourly,RU,AS_SP26,DAM,RU_CLR_PRC,0,21
2024-09-12T10:00:00-00:00,2024-09-12T11:00:00-00:00,2024-09-12,4,0,Hourly,RU,AS_CAISO,DAM,RU_CLR_PRC,0,21
2024-09-12T12:00:00-00:00,2024-09-12T13:00:00-00:00,2024-09-12,6,0,Hourly,RU,AS_NP26,DAM,RU_CLR_PRC,0,21
2024-09-12T12:00:00-00:00,2024-09-12T13:00:00-00:00,2024-09-12,6,0,Hourly,RU,AS_NP26_EXP,DAM,RU_CLR_PRC,0.1,21
2024-09-12T13:00:00-00:00,2024-09-12T14:00:00-00:00,2024-09-12,7,0,Hourly,RU,AS_CAISO,DAM,RU_CLR_PRC,0,21
2024-09-12T13:00:00-00:00,2024-09-12T14:00:00-00:00,2024-09-12,7,0,Hourly,RU,AS_NP26_EXP,DAM,RU_CLR_PRC,1.07783,21
2024-09-12T13:00:00-00:00,2024-09-12T14:00:00-00:00,2024-09-12,7,0,Hourly,RU,AS_SP26,DAM,RU_CLR_PRC,0,21
2024-09-12T15:00:00-00:00,2024-09-12T16:00:00-00:00,2024-09-12,9,0,Hourly,RU,AS_NP26_EXP,DAM,RU_CLR_PRC,0.5,21
2024-09-12T19:00:00-00:00,2024-09-12T20:00:00-00:00,2024-09-12,13,0,Hourly,RU,AS_NP26,DAM,RU_CLR_PRC,0,21
2024-09-12T19:00:00-00:00,2024-09-12T20:00:00-00:00,2024-09-12,13,0,Hourly,RU,AS_SP26,DAM,RU_CLR_PRC,0,21
2024-09-12T20:00:00-00:00,2024-09-12T21:00:00-00:00,2024-09-12,14,0,Hourly,RU,AS_SP26_EXP,DAM,RU_CLR_PRC,0,21
2024-09-12T23:00:00-00:00,2024-09-13T00:00:00-00:00,2024-09-12,17,0,Hourly,RU,AS_SP26_EXP,DAM,RU_CLR_PRC,0,21
2024-09-13T00:00:00-00:00,2024-09-13T01:00:00-00:00,2024-09-12,18,0,Hourly,RU,AS_CAISO,DAM,RU_CLR_PRC,0,21
2024-09-13T00:00:00-00:00,2024-09-13T01:00:00-00:00,2024-09-12,18,0,Hourly,RU,AS_NP26_EXP,DAM,RU_CLR_PRC,4.86,21
2024-09-13T01:00:00-00:00,2024-09-13T02:00:00-00:00,2024-09-12,19,0,Hourly,RU,AS_CAISO_EXP,DAM,RU_CLR_PRC,1.2697,21
2024-09-13T02:00:00-00:00,2024-09-13T03:00:00-00:00,2024-09-12,20,0,Hourly,RU,AS_NP26_EXP,DAM,RU_CLR_PRC,0,21
2024-09-13T06:00:00-00:00,2024-09-13T07:00:00-00:00,2024-09-12,24,0,Hourly,RU,AS_CAISO_EXP,DAM,RU_CLR_PRC,5,21
2024-09-12T08:00:00-00:00,2024-09-12T09:00:00-00:00,2024-09-12,2,0,Hourly,RU,AS_NP26_EXP,DAM,RU_CLR_PRC,0.1,21
2024-09-12T09:00:00-00:00,2024-09-12T10:00:00-00:00,2024-09-12,3,0,Hourly,RU,AS_SP26_EXP,DAM,RU_CLR_PRC,0,21
2024-09-12T10:00:00-00:00,2024-09-12T11:00:00-00:00,2024-09-12,4,0,Hourly,RU,AS_NP26,DAM,RU_CLR_PRC,0,21
2024-09-12T11:00:00-00:00,2024-09-12T12:00:00-00:00,2024-09-12,5,0,Hourly,RU,AS_NP26,DAM,RU_CLR_PRC,0,21
2024-09-12T11:00:00-00:00,2024-09-12T12:00:00-00:00,2024-09-12,5,0,Hourly,RU,AS_NP26_EXP,DAM,RU_CLR_PRC,0.50194,21
2024-09-12T12:00:00-00:00,2024-09-12T13:00:00-00:00,2024-09-12,6,0,Hourly,RU,AS_SP26_EXP,DAM,RU_CLR_PRC,0,21
2024-09-12T15:00:00-00:00,2024-09-12T16:00:00-00:00,2024-09-12,9,0,Hourly,RU,AS_CAISO,DAM,RU_CLR_PRC,0,21
2024-09-12T15:00:00-00:00,2024-09-12T16:00:00-00:00,2024-09-12,9,0,Hourly,RU,AS_NP26,DAM,RU_CLR_PRC,0,21
2024-09-12T15:00:00-00:00,2024-09-12T16:00:00-00:00,2024-09-12,9,0,Hourly,RU,AS_SP26,DAM,RU_CLR_PRC,0,21
2024-09-12T15:00:00-00:00,2024-09-12T16:00:00-00:00,2024-09-12,9,0,Hourly,RU,AS_SP26_EXP,DAM,RU_CLR_PRC,0,21
2024-09-12T20:00:00-00:00,2024-09-12T21:00:00-00:00,2024-09-12,14,0,Hourly,RU,AS_CAISO,DAM,RU_CLR_PRC,0,21
2024-09-12T22:00:00-00:00,2024-09-12T23:00:00-00:00,2024-09-12,16,0,Hourly,RU,AS_NP26_EXP,DAM,RU_CLR_PRC,0.86,21
2024-09-12T23:00:00-00:00,2024-09-13T00:00:00-00:00,2024-09-12,17,0,Hourly,RU,AS_NP26,DAM,RU_CLR_PRC,0,21
2024-09-13T00:00:00-00:00,2024-09-13T01:00:00-00:00,2024-09-12,18,0,Hourly,RU,AS_CAISO_EXP,DAM,RU_CLR_PRC,0.14,21
2024-09-13T00:00:00-00:00,2024-09-13T01:00:00-00:00,2024-09-12,18,0,Hourly,RU,AS_NP26,DAM,RU_CLR_PRC,0,21
2024-09-13T01:00:00-00:00,2024-09-13T02:00:00-00:00,2024-09-12,19,0,Hourly,RU,AS_NP26_EXP,DAM,RU_CLR_PRC,0.33546,21
2024-09-13T03:00:00-00:00,2024-09-13T04:00:00-00:00,2024-09-12,21,0,Hourly,RU,AS_CAISO,DAM,RU_CLR_PRC,0,21
2024-09-13T04:00:00-00:00,2024-09-13T05:00:00-00:00,2024-09-12,22,0,Hourly,RU,AS_SP26_EXP,DAM,RU_CLR_PRC,0,21
2024-09-12T08:00:00-00:00,2024-09-12T09:00:00-00:00,2024-09-12,2,0,Hourly,RU,AS_CAISO,DAM,RU_CLR_PRC,0,21
2024-09-12T10:00:00-00:00,2024-09-12T11:00:00-00:00,2024-09-12,4,0,Hourly,RU,AS_NP26_EXP,DAM,RU_CLR_PRC,0.71597,21
2024-09-12T17:00:00-00:00,2024-09-12T18:00:00-00:00,2024-09-12,11,0,Hourly,RU,AS_CAISO_EXP,DAM,RU_CLR_PRC,0.14,21
2024-09-12T21:00:00-00:00,2024-09-12T22:00:00-00:00,2024-09-12,15,0,Hourly,RU,AS_NP26,DAM,RU_CLR_PRC,0,21
2024-09-12T21:00:00-00:00,2024-09-12T22:00:00-00:00,2024-09-12,15,0,Hourly,RU,AS_SP26,DAM,RU_CLR_PRC,0,21
2024-09-12T22:00:00-00:00,2024-09-12T23:00:00-00:00,2024-09-12,16,0,Hourly,RU,AS_NP26,DAM,RU_CLR_PRC,0,21
2024-09-13T00:00:00-00:00,2024-09-13T01:00:00-00:00,2024-09-12,18,0,Hourly,RU,AS_SP26_EXP,DAM,RU_CLR_PRC,0,21
2024-09-13T03:00:00-00:00,2024-09-13T04:00:00-00:00,2024-09-12,21,0,Hourly,RU,AS_NP26_EXP,DAM,RU_CLR_PRC,0,21
2024-09-13T05:00:00-00:00,2024-09-13T06:00:00-00:00,2024-09-12,23,0,Hourly,RU,AS_NP26_EXP,DAM,RU_CLR_PRC,0.4,21
2024-09-12T07:00:00-00:00,2024-09-12T08:00:00-00:00,2024-09-12,1,0,Hourly,RU,AS_CAISO,DAM,RU_CLR_PRC,0,21
2024-09-12T07:00:00-00:00,2024-09-12T08:00:00-00:00,2024-09-12,1,0,Hourly,RU,AS_SP26,DAM,RU_CLR_PRC,0,21
2024-09-12T07:00:00-00:00,2024-09-12T08:00:00-00:00,2024-09-12,1,0,Hourly,RU,AS_SP26_EXP,DAM,RU_CLR_PRC,0,21
2024-09-12T08:00:00-00:00,2024-09-12T09:00:00-00:00,2024-09-12,2,0,Hourly,RU,AS_NP26,DAM,RU_CLR_PRC,0,21
2024-09-12T09:00:00-00:00,2024-09-12T10:00:00-00:00,2024-09-12,3,0,Hourly,RU,AS_CAISO_EXP,DAM,RU_CLR_PRC,0.14,21
2024-09-12T11:00:00-00:00,2024-09-12T12:00:00-00:00,2024-09-12,5,0,Hourly,RU,AS_SP26_EXP,DAM,RU_CLR_PRC,0,21
2024-09-12T12:00:00-00:00,2024-09-12T13:00:00-00:00,2024-09-12,6,0,Hourly,RU,AS_SP26,DAM,RU_CLR_PRC,0,21
2024-09-12T14:00:00-00:00,2024-09-12T15:00:00-00:00,2024-09-12,8,0,Hourly,RU,AS_CAISO_EXP,DAM,RU_CLR_PRC,5,21
2024-09-12T14:00:00-00:00,2024-09-12T15:00:00-00:00,2024-09-12,8,0,Hourly,RU,AS_SP26,DAM,RU_CLR_PRC,0,21
2024-09-12T15:00:00-00:00,2024-09-12T16:00:00-00:00,2024-09-12,9,0,Hourly,RU,AS_CAISO_EXP,DAM,RU_CLR_PRC,0.5,21
2024-09-12T17:00:00-00:00,2024-09-12T18:00:00-00:00,2024-09-12,11,0,Hourly,RU,AS_SP26,DAM,RU_CLR_PRC,0,21
2024-09-12T18:00:00-00:00,2024-09-12T19:00:00-00:00,2024-09-12,12,0,Hourly,RU,AS_NP26,DAM,RU_CLR_PRC,0,21
2024-09-12T18:00:00-00:00,2024-09-12T19:00:00-00:00,2024-09-12,12,0,Hourly,RU,AS_SP26_EXP,DAM,RU_CLR_PRC,0,21
2024-09-12T19:00:00-00:00,2024-09-12T20:00:00-00:00,2024-09-12,13,0,Hourly,RU,AS_CAISO,DAM,RU_CLR_PRC,0,21
2024-09-12T20:00:00-00:00,2024-09-12T21:00:00-00:00,2024-09-12,14,0,Hourly,RU,AS_NP26_EXP,DAM,RU_CLR_PRC,1.39548,21
2024-09-12T21:00:00-00:00,2024-09-12T22:00:00-00:00,2024-09-12,15,0,Hourly,RU,AS_CAISO,DAM,RU_CLR_PRC,0,21
2024-09-13T00:00:00-00:00,2024-09-13T01:00:00-00:00,2024-09-12,18,0,Hourly,RU,AS_SP26,DAM,RU_CLR_PRC,0,21
2024-09-13T01:00:00-00:00,2024-09-13T02:00:00-00:00,2024-09-12,19,0,Hourly,RU,AS_SP26,DAM,RU_CLR_PRC,0,21
2024-09-13T02:00:00-00:00,2024-09-13T03:00:00-00:00,2024-09-12,20,0,Hourly,RU,AS_SP26,DAM,RU_CLR_PRC,0,21
2024-09-13T05:00:00-00:00,2024-09-13T06:00:00-00:00,2024-09-12,23,0,Hourly,RU,AS_CAISO_EXP,DAM,RU_CLR_PRC,0.65146,21
2024-09-13T05:00:00-00:00,2024-09-13T06:00:00-00:00,2024-09-12,23,0,Hourly,RU,AS_NP26,DAM,RU_CLR_PRC,0,21
2024-09-12T09:00:00-00:00,2024-09-12T10:00:00-00:00,2024-09-12,3,0,Hourly,RU,AS_SP26,DAM,RU_CLR_PRC,0,21
2024-09-12T10:00:00-00:00,2024-09-12T11:00:00-00:00,2024-09-12,4,0,Hourly,RU,AS_CAISO_EXP,DAM,RU_CLR_PRC,0.14,21
2024-09-12T10:00:00-00:00,2024-09-12T11:00:00-00:00,2024-09-12,4,0,Hourly,RU,AS_SP26_EXP,DAM,RU_CLR_PRC,0,21
2024-09-12T12:00:00-00:00,2024-09-12T13:00:00-00:00,2024-09-12,6,0,Hourly,RU,AS_CAISO,DAM,RU_CLR_PRC,0,21
2024-09-12T14:00:00-00:00,2024-09-12T15:00:00-00:00,2024-09-12,8,0,Hourly,RU,AS_CAISO,DAM,RU_CLR_PRC,0,21
2024-09-12T14:00:00-00:00,2024-09-12T15:00:00-00:00,2024-09-12,8,0,Hourly,RU,AS_NP26,DAM,RU_CLR_PRC,0,21
2024-09-12T16:00:00-00:00,2024-09-12T17:00:00-00:00,2024-09-12,10,0,Hourly,RU,AS_NP26,DAM,RU_CLR_PRC,0,21
2024-09-12T16:00:00-00:00,2024-09-12T17:00:00-00:00,2024-09-12,10,0,Hourly,RU,AS_NP26_EXP,DAM,RU_CLR_PRC,1.86,21
2024-09-12T16:00:00-00:00,2024-09-12T17:00:00-00:00,2024-09-12,10,0,Hourly,RU,AS_SP26_EXP,DAM,RU_CLR_PRC,0,21
2024-09-12T17:00:00-00:00,2024-09-12T18:00:00-00:00,2024-09-12,11,0,Hourly,RU,AS_NP26_EXP,DAM,RU_CLR_PRC,0.86,21
2024-09-12T18:00:00-00:00,2024-09-12T19:00:00-00:00,2024-09-12,12,0,Hourly,RU,AS_NP26_EXP,DAM,RU_CLR_PRC,0.36,21
2024-09-12T19:00:00-00:00,2024-09-12T20:00:00-00:00,2024-09-12,13,0,Hourly,RU,AS_NP26_EXP,DAM,RU_CLR_PRC,0.36,21
2024-09-12T21:00:00-00:00,2024-09-12T22:00:00-00:00,2024-09-12,15,0,Hourly,RU,AS_SP26_EXP,DAM,RU_CLR_PRC,0,21
2024-09-12T22:00:00-00:00,2024-09-12T23:00:00-00:00,2024-09-12,16,0,Hourly,RU,AS_CAISO,DAM,RU_CLR_PRC,0,21
2024-09-12T23:00:00-00:00,2024-09-13T00:00:00-00:00,2024-09-12,17,0,Hourly,RU,AS_CAISO_EXP,DAM,RU_CLR_PRC,0.14,21
2024-09-13T01:00:00-00:00,2024-09-13T02:00:00-00:00,2024-09-12,19,0,Hourly,RU,AS_CAISO,DAM,RU_CLR_PRC,0,21
2024-09-13T02:00:00-00:00,2024-09-13T03:00:00-00:00,2024-09-12,20,0,Hourly,RU,AS_CAISO,DAM,RU_CLR_PRC,0,21
2024-09-13T04:00:00-00:00,2024-09-13T05:00:00-00:00,2024-09-12,22,0,Hourly,RU,AS_CAISO,DAM,RU_CLR_PRC,0,21
2024-09-13T04:00:00-00:00,2024-09-13T05:00:00-00:00,2024-09-12,22,0,Hourly,RU,AS_SP26,DAM,RU_CLR_PRC,0,21
2024-09-13T06:00:00-00:00,2024-09-13T07:00:00-00:00,2024-09-12,24,0,Hourly,RU,AS_CAISO,DAM,RU_CLR_PRC,0,21
2024-09-12T08:00:00-00:00,2024-09-12T09:00:00-00:00,2024-09-12,2,0,Hourly,RU,AS_SP26,DAM,RU_CLR_PRC,0,21
2024-09-12T08:00:00-00:00,2024-09-12T09:00:00-00:00,2024-09-12,2,0,Hourly,RU,AS_SP26_EXP,DAM,RU_CLR_PRC,0.73674,21
2024-09-12T10:00:00-00:00,2024-09-12T11:00:00-00:00,2024-09-12,4,0,Hourly,RU,AS_SP26,DAM,RU_CLR_PRC,0,21
2024-09-12T13:00:00-00:00,2024-09-12T14:00:00-00:00,2024-09-12,7,0,Hourly,RU,AS_NP26,DAM,RU_CLR_PRC,0,21
2024-09-12T14:00:00-00:00,2024-09-12T15:00:00-00:00,2024-09-12,8,0,Hourly,RU,AS_NP26_EXP,DAM,RU_CLR_PRC,0,21
2024-09-12T14:00:00-00:00,2024-09-12T15:00:00-00:00,2024-09-12,8,0,Hourly,RU,AS_SP26_EXP,DAM,RU_CLR_PRC,0,21
2024-09-12T16:00:00-00:00,2024-09-12T17:00:00-00:00,2024-09-12,10,0,Hourly,RU,AS_CAISO,DAM,RU_CLR_PRC,0,21
2024-09-12T18:00:00-00:00,2024-09-12T19:00:00-00:00,2024-09-12,12,0,Hourly,RU,AS_SP26,DAM,RU_CLR_PRC,0,21
2024-09-12T19:00:00-00:00,2024-09-12T20:00:00-00:00,2024-09-12,13,0,Hourly,RU,AS_CAISO_EXP,DAM,RU_CLR_PRC,0.14,21
2024-09-12T20:00:00-00:00,2024-09-12T21:00:00-00:00,2024-09-12,14,0,Hourly,RU,AS_CAISO_EXP,DAM,RU_CLR_PRC,0.14,21
2024-09-12T20:00:00-00:00,2024-09-12T21:00:00-00:00,2024-09-12,14,0,Hourly,RU,AS_NP26,DAM,RU_CLR_PRC,0,21
2024-09-12T20:00:00-00:00,2024-09-12T21:00:00-00:00,2024-09-12,14,0,Hourly,RU,AS_SP26,DAM,RU_CLR_PRC,0,21
2024-09-13T01:00:00-00:00,2024-09-13T02:00:00-00:00,2024-09-12,19,0,Hourly,RU,AS_SP26_EXP,DAM,RU_CLR_PRC,0,21
2024-09-13T02:00:00-00:00,2024-09-13T03:00:00-00:00,2024-09-12,20,0,Hourly,RU,AS_CAISO_EXP,DAM,RU_CLR_PRC,3.355,21
2024-09-13T02:00:00-00:00,2024-09-13T03:00:00-00:00,2024-09-12,20,0,Hourly,RU,AS_NP26,DAM,RU_CLR_PRC,0,21
2024-09-13T03:00:00-00:00,2024-09-13T04:00:00-00:00,2024-09-12,21,0,Hourly,RU,AS_CAISO_EXP,DAM,RU_CLR_PRC,1.47437,21
2024-09-13T04:00:00-00:00,2024-09-13T05:00:00-00:00,2024-09-12,22,0,Hourly,RU,AS_NP26_EXP,DAM,RU_CLR_PRC,0.22702,21
2024-09-13T05:00:00-00:00,2024-09-13T06:00:00-00:00,2024-09-12,23,0,Hourly,RU,AS_CAISO,DAM,RU_CLR_PRC,0,21
2024-09-13T05:00:00-00:00,2024-09-13T06:00:00-00:00,2024-09-12,23,0,Hourly,RU,AS_SP26,DAM,RU_CLR_PRC,0,21
2024-09-13T06:00:00-00:00,2024-09-13T07:00:00-00:00,2024-09-12,24,0,Hourly,RU,AS_NP26,DAM,RU_CLR_PRC,0,21
2024-09-12T09:00:00-00:00,2024-09-12T10:00:00-00:00,2024-09-12,3,0,Hourly,RU,AS_CAISO,DAM,RU_CLR_PRC,0,21
2024-09-12T11:00:00-00:00,2024-09-12T12:00:00-00:00,2024-09-12,5,0,Hourly,RU,AS_CAISO_EXP,DAM,RU_CLR_PRC,0.16806,21
2024-09-12T11:00:00-00:00,2024-09-12T12:00:00-00:00,2024-09-12,5,0,Hourly,RU,AS_SP26,DAM,RU_CLR_PRC,0,21
2024-09-12T12:00:00-00:00,2024-09-12T13:00:00-00:00,2024-09-12,6,0,Hourly,RU,AS_CAISO_EXP,DAM,RU_CLR_PRC,1.3342,21
2024-09-12T13:00:00-00:00,2024-09-12T14:00:00-00:00,2024-09-12,7,0,Hourly,RU,AS_CAISO_EXP,DAM,RU_CLR_PRC,2.1575,21
2024-09-12T13:00:00-00:00,2024-09-12T14:00:00-00:00,2024-09-12,7,0,Hourly,RU,AS_SP26_EXP,DAM,RU_CLR_PRC,0,21
2024-09-12T16:00:00-00:00,2024-09-12T17:00:00-00:00,2024-09-12,10,0,Hourly,RU,AS_SP26,DAM,RU_CLR_PRC,0,21
2024-09-12T17:00:00-00:00,2024-09-12T18:00:00-00:00,2024-09-12,11,0,Hourly,RU,AS_SP26_EXP,DAM,RU_CLR_PRC,0,21
2024-09-12T18:00:00-00:00,2024-09-12T19:00:00-00:00,2024-09-12,12,0,Hourly,RU,AS_CAISO,DAM,RU_CLR_PRC,0,21
2024-09-12T21:00:00-00:00,2024-09-12T22:00:00-00:00,2024-09-12,15,0,Hourly,RU,AS_CAISO_EXP,DAM,RU_CLR_PRC,0.14,21
2024-09-12T21:00:00-00:00,2024-09-12T22:00:00-00:00,2024-09-12,15,0,Hourly,RU,AS_NP26_EXP,DAM,RU_CLR_PRC,0.66,21
2024-09-12T22:00:00-00:00,2024-09-12T23:00:00-00:00,2024-09-12,16,0,Hourly,RU,AS_SP26,DAM,RU_CLR_PRC,0,21
2024-09-12T23:00:00-00:00,2024-09-13T00:00:00-00:00,2024-09-12,17,0,Hourly,RU,AS_CAISO,DAM,RU_CLR_PRC,0,21
2024-09-12T23:00:00-00:00,2024-09-13T00:00:00-00:00,2024-09-12,17,0,Hourly,RU,AS_NP26_EXP,DAM,RU_CLR_PRC,4.86,21
2024-09-13T01:00:00-00:00,2024-09-13T02:00:00-00:00,2024-09-12,19,0,Hourly,RU,AS_NP26,DAM,RU_CLR_PRC,0,21
2024-09-13T02:00:00-00:00,2024-09-13T03:00:00-00:00,2024-09-12,20,0,Hourly,RU,AS_SP26_EXP,DAM,RU_CLR_PRC,2.82417,21
2024-09-13T03:00:00-00:00,2024-09-13T04:00:00-00:00,2024-09-12,21,0,Hourly,RU,AS_NP26,DAM,RU_CLR_PRC,0,21
2024-09-13T03:00:00-00:00,2024-09-13T04:00:00-00:00,2024-09-12,21,0,Hourly,RU,AS_SP26_EXP,DAM,RU_CLR_PRC,0,21
2024-09-13T04:00:00-00:00,2024-09-13T05:00:00-00:00,2024-09-12,22,0,Hourly,RU,AS_NP26,DAM,RU_CLR_PRC,0,21
2024-09-13T05:00:00-00:00,2024-09-13T06:00:00-00:00,2024-09-12,23,0,Hourly,RU,AS_SP26_EXP,DAM,RU_CLR_PRC,0,21
2024-09-13T06:00:00-00:00,2024-09-13T07:00:00-00:00,2024-09-12,24,0,Hourly,RU,AS_SP26_EXP,DAM,RU_CLR_PRC,0,21
2024-09-12T07:00:00-00:00,2024-09-12T08:00:00-00:00,2024-09-12,1,0,Hourly,RU,AS_NP26_EXP,DAM,RU_CLR_PRC,0,21
2024-09-12T08:00:00-00:00,2024-09-12T09:00:00-00:00,2024-09-12,2,0,Hourly,RU,AS_CAISO_EXP,DAM,RU_CLR_PRC,0.65,21
2024-09-12T09:00:00-00:00,2024-09-12T10:00:00-00:00,2024-09-12,3,0,Hourly,RU,AS_NP26_EXP,DAM,RU_CLR_PRC,0.48,21
2024-09-13T12:00:00-00:00,2024-09-13T13:00:00-00:00,2024-09-13,6,0,Hourly,RU,AS_NP26,DAM,RU_CLR_PRC,0,22
2024-09-13T12:00:00-00:00,2024-09-13T13:00:00-00:00,2024-09-13,6,0,Hourly,RU,AS_NP26_EXP,DAM,RU_CLR_PRC,0.21,22
2024-09-13T13:00:00-00:00,2024-09-13T14:00:00-00:00,2024-09-13,7,0,Hourly,RU,AS_SP26_EXP,DAM,RU_CLR_PRC,0,22
2024-09-13T14:00:00-00:00,2024-09-13T15:00:00-00:00,2024-09-13,8,0,Hourly,RU,AS_SP26,DAM,RU_CLR_PRC,0,22
2024-09-13T18:00:00-00:00,2024-09-13T19:00:00-00:00,2024-09-13,12,0,Hourly,RU,AS_SP26_EXP,DAM,RU_CLR_PRC,0,22
2024-09-13T19:00:00-00:00,2024-09-13T20:00:00-00:00,2024-09-13,13,0,Hourly,RU,AS_NP26,DAM,RU_CLR_PRC,0,22
2024-09-13T19:00:00-00:00,2024-09-13T20:00:00-00:00,2024-09-13,13,0,Hourly,RU,AS_SP26,DAM,RU_CLR_PRC,0,22
2024-09-13T21:00:00-00:00,2024-09-13T22:00:00-00:00,2024-09-13,15,0,Hourly,RU,AS_NP26,DAM,RU_CLR_PRC,0,22
2024-09-13T22:00:00-00:00,2024-09-13T23:00:00-00:00,2024-09-13,16,0,Hourly,RU,AS_SP26,DAM,RU_CLR_PRC,0,22
2024-09-13T23:00:00-00:00,2024-09-14T00:00:00-00:00,2024-09-13,17,0,Hourly,RU,AS_CAISO_EXP,DAM,RU_CLR_PRC,0.14,22
2024-09-14T01:00:00-00:00,2024-09-14T02:00:00-00:00,2024-09-13,19,0,Hourly,RU,AS_CAISO_EXP,DAM,RU_CLR_PRC,2,22
2024-09-14T01:00:00-00:00,2024-09-14T02:00:00-00:00,2024-09-13,19,0,Hourly,RU,AS_SP26,DAM,RU_CLR_PRC,0,22
2024-09-14T03:00:00-00:00,2024-09-14T04:00:00-00:00,2024-09-13,21,0,Hourly,RU,AS_SP26_EXP,DAM,RU_CLR_PRC,0,22
2024-09-14T06:00:00-00:00,2024-09-14T07:00:00-00:00,2024-09-13,24,0,Hourly,RU,AS_CAISO_EXP,DAM,RU_CLR_PRC,3.06,22
2024-09-14T06:00:00-00:00,2024-09-14T07:00:00-00:00,2024-09-13,24,0,Hourly,RU,AS_NP26,DAM,RU_CLR_PRC,0,22
2024-09-14T06:00:00-00:00,2024-09-14T07:00:00-00:00,2024-09-13,24,0,Hourly,RU,AS_SP26_EXP,DAM,RU_CLR_PRC,0,22
2024-09-13T07:00:00-00:00,2024-09-13T08:00:00-00:00,2024-09-13,1,0,Hourly,RU,AS_CAISO,DAM,RU_CLR_PRC,0,22
2024-09-13T08:00:00-00:00,2024-09-13T09:00:00-00:00,2024-09-13,2,0,Hourly,RU,AS_CAISO,DAM,RU_CLR_PRC,0,22
2024-09-13T10:00:00-00:00,2024-09-13T11:00:00-00:00,2024-09-13,4,0,Hourly,RU,AS_NP26_EXP,DAM,RU_CLR_PRC,0.01,22
2024-09-13T11:00:00-00:00,2024-09-13T12:00:00-00:00,2024-09-13,5,0,Hourly,RU,AS_SP26,DAM,RU_CLR_PRC,0,22
2024-09-13T12:00:00-00:00,2024-09-13T13:00:00-00:00,2024-09-13,6,0,Hourly,RU,AS_CAISO_EXP,DAM,RU_CLR_PRC,0.29444,22
2024-09-13T13:00:00-00:00,2024-09-13T14:00:00-00:00,2024-09-13,7,0,Hourly,RU,AS_NP26_EXP,DAM,RU_CLR_PRC,1.9265,22
2024-09-13T13:00:00-00:00,2024-09-13T14:00:00-00:00,2024-09-13,7,0,Hourly,RU,AS_SP26,DAM,RU_CLR_PRC,0,22
2024-09-13T14:00:00-00:00,2024-09-13T15:00:00-00:00,2024-09-13,8,0,Hourly,RU,AS_CAISO,DAM,RU_CLR_PRC,0,22
2024-09-13T15:00:00-00:00,2024-09-13T16:00:00-00:00,2024-09-13,9,0,Hourly,RU,AS_CAISO_EXP,DAM,RU_CLR_PRC,0.5,22
2024-09-13T15:00:00-00:00,2024-09-13T16:00:00-00:00,2024-09-13,9,0,Hourly,RU,AS_SP26,DAM,RU_CLR_PRC,0,22
2024-09-13T16:00:00-00:00,2024-09-13T17:00:00-00:00,2024-09-13,10,0,Hourly,RU,AS_SP26_EXP,DAM,RU_CLR_PRC,0,22
2024-09-13T17:00:00-00:00,2024-09-13T18:00:00-00:00,2024-09-13,11,0,Hourly,RU,AS_SP26_EXP,DAM,RU_CLR_PRC,0,22
2024-09-13T18:00:00-00:00,2024-09-13T19:00:00-00:00,2024-09-13,12,0,Hourly,RU,AS_NP26_EXP,DAM,RU_CLR_PRC,0.31,22
2024-09-13T19:00:00-00:00,2024-09-13T20:00:00-00:00,2024-09-13,13,0,Hourly,RU,AS_NP26_EXP,DAM,RU_CLR_PRC,0.586,22
2024-09-13T21:00:00-00:00,2024-09-13T22:00:00-00:00,2024-09-13,15,0,Hourly,RU,AS_CAISO,DAM,RU_CLR_PRC,0,22
2024-09-13T21:00:00-00:00,2024-09-13T22:00:00-00:00,2024-09-13,15,0,Hourly,RU,AS_NP26_EXP,DAM,RU_CLR_PRC,1.86,22
2024-09-13T22:00:00-00:00,2024-09-13T23:00:00-00:00,2024-09-13,16,0,Hourly,RU,AS_CAISO_EXP,DAM,RU_CLR_PRC,0.14,22
2024-09-13T22:00:00-00:00,2024-09-13T23:00:00-00:00,2024-09-13,16,0,Hourly,RU,AS_SP26_EXP,DAM,RU_CLR_PRC,0,22
2024-09-13T23:00:00-00:00,2024-09-14T00:00:00-00:00,2024-09-13,17,0,Hourly,RU,AS_NP26_EXP,DAM,RU_CLR_PRC,4.83552,22
2024-09-14T02:00:00-00:00,2024-09-14T03:00:00-00:00,2024-09-13,20,0,Hourly,RU,AS_SP26,DAM,RU_CLR_PRC,0,22
2024-09-14T04:00:00-00:00,2024-09-14T05:00:00-00:00,2024-09-13,22,0,Hourly,RU,AS_SP26,DAM,RU_CLR_PRC,0,22
2024-09-14T05:00:00-00:00,2024-09-14T06:00:00-00:00,2024-09-13,23,0,Hourly,RU,AS_CAISO,DAM,RU_CLR_PRC,0,22
2024-09-14T06:00:00-00:00,2024-09-14T07:00:00-00:00,2024-09-13,24,0,Hourly,RU,AS_SP26,DAM,RU_CLR_PRC,0,22
2024-09-13T08:00:00-00:00,2024-09-13T09:00:00-00:00,2024-09-13,2,0,Hourly,RU,AS_CAISO_EXP,DAM,RU_CLR_PRC,0.95012,22
2024-09-13T09:00:00-00:00,2024-09-13T10:00:00-00:00,2024-09-13,3,0,Hourly,RU,AS_CAISO_EXP,DAM,RU_CLR_PRC,0.8968,22
2024-09-13T09:00:00-00:00,2024-09-13T10:00:00-00:00,2024-09-13,3,0,Hourly,RU,AS_NP26,DAM,RU_CLR_PRC,0,22
2024-09-13T11:00:00-00:00,2024-09-13T12:00:00-00:00,2024-09-13,5,0,Hourly,RU,AS_CAISO_EXP,DAM,RU_CLR_PRC,0.2987,22
2024-09-13T11:00:00-00:00,2024-09-13T12:00:00-00:00,2024-09-13,5,0,Hourly,RU,AS_NP26_EXP,DAM,RU_CLR_PRC,0.04701,22
2024-09-13T12:00:00-00:00,2024-09-13T13:00:00-00:00,2024-09-13,6,0,Hourly,RU,AS_SP26_EXP,DAM,RU_CLR_PRC,0.66242,22
2024-09-13T13:00:00-00:00,2024-09-13T14:00:00-00:00,2024-09-13,7,0,Hourly,RU,AS_CAISO,DAM,RU_CLR_PRC,0,22
2024-09-13T13:00:00-00:00,2024-09-13T14:00:00-00:00,2024-09-13,7,0,Hourly,RU,AS_NP26,DAM,RU_CLR_PRC,0,22
2024-09-13T15:00:00-00:00,2024-09-13T16:00:00-00:00,2024-09-13,9,0,Hourly,RU,AS_CAISO,DAM,RU_CLR_PRC,0,22
2024-09-13T16:00:00-00:00,2024-09-13T17:00:00-00:00,2024-09-13,10,0,Hourly,RU,AS_CAISO,DAM,RU_CLR_PRC,0,22
2024-09-13T16:00:00-00:00,2024-09-13T17:00:00-00:00,2024-09-13,10,0,Hourly,RU,AS_NP26_EXP,DAM,RU_CLR_PRC,2.63608,22
2024-09-13T20:00:00-00:00,2024-09-13T21:00:00-00:00,2024-09-13,14,0,Hourly,RU,AS_CAISO,DAM,RU_CLR_PRC,0,22
2024-09-13T21:00:00-00:00,2024-09-13T22:00:00-00:00,2024-09-13,15,0,Hourly,RU,AS_SP26,DAM,RU_CLR_PRC,0,22
2024-09-13T23:00:00-00:00,2024-09-14T00:00:00-00:00,2024-09-13,17,0,Hourly,RU,AS_CAISO,DAM,RU_CLR_PRC,0,22
2024-09-13T23:00:00-00:00,2024-09-14T00:00:00-00:00,2024-09-13,17,0,Hourly,RU,AS_SP26,DAM,RU_CLR_PRC,0,22
2024-09-13T23:00:00-00:00,2024-09-14T00:00:00-00:00,2024-09-13,17,0,Hourly,RU,AS_SP26_EXP,DAM,RU_CLR_PRC,0,22
2024-09-14T00:00:00-00:00,2024-09-14T01:00:00-00:00,2024-09-13,18,0,Hourly,RU,AS_CAISO,DAM,RU_CLR_PRC,0,22
2024-09-14T01:00:00-00:00,2024-09-14T02:00:00-00:00,2024-09-13,19,0,Hourly,RU,AS_CAISO,DAM,RU_CLR_PRC,0,22
2024-09-14T01:00:00-00:00,2024-09-14T02:00:00-00:00,2024-09-13,19,0,Hourly,RU,AS_NP26,DAM,RU_CLR_PRC,0,22
2024-09-14T02:00:00-00:00,2024-09-14T03:00:00-00:00,2024-09-13,20,0,Hourly,RU,AS_NP26_EXP,DAM,RU_CLR_PRC,0,22
2024-09-14T02:00:00-00:00,2024-09-14T03:00:00-00:00,2024-09-13,20,0,Hourly,RU,AS_SP26_EXP,DAM,RU_CLR_PRC,0,22
2024-09-14T04:00:00-00:00,2024-09-14T05:00:00-00:00,2024-09-13,22,0,Hourly,RU,AS_CAISO_EXP,DAM,RU_CLR_PRC,1.12658,22
2024-09-14T04:00:00-00:00,2024-09-14T05:00:00-00:00,2024-09-13,22,0,Hourly,RU,AS_NP26,DAM,RU_CLR_PRC,0,22
2024-09-14T05:00:00-00:00,2024-09-14T06:00:00-00:00,2024-09-13,23,0,Hourly,RU,AS_NP26_EXP,DAM,RU_CLR_PRC,0.92707,22
2024-09-13T07:00:00-00:00,2024-09-13T08:00:00-00:00,2024-09-13,1,0,Hourly,RU,AS_SP26,DAM,RU_CLR_PRC,0,22
2024-09-13T09:00:00-00:00,2024-09-13T10:00:00-00:00,2024-09-13,3,0,Hourly,RU,AS_CAISO,DAM,RU_CLR_PRC,0,22
2024-09-13T09:00:00-00:00,2024-09-13T10:00:00-00:00,2024-09-13,3,0,Hourly,RU,AS_SP26_EXP,DAM,RU_CLR_PRC,0,22
2024-09-13T18:00:00-00:00,2024-09-13T19:00:00-00:00,2024-09-13,12,0,Hourly,RU,AS_SP26,DAM,RU_CLR_PRC,0,22
2024-09-13T20:00:00-00:00,2024-09-13T21:00:00-00:00,2024-09-13,14,0,Hourly,RU,AS_NP26,DAM,RU_CLR_PRC,0,22
2024-09-13T20:00:00-00:00,2024-09-13T21:00:00-00:00,2024-09-13,14,0,Hourly,RU,AS_SP26,DAM,RU_CLR_PRC,0,22
2024-09-13T20:00:00-00:00,2024-09-13T21:00:00-00:00,2024-09-13,14,0,Hourly,RU,AS_SP26_EXP,DAM,RU_CLR_PRC,0,22
2024-09-13T21:00:00-00:00,2024-09-13T22:00:00-00:00,2024-09-13,15,0,Hourly,RU,AS_CAISO_EXP,DAM,RU_CLR_PRC,0.14,22
2024-09-13T22:00:00-00:00,2024-09-13T23:00:00-00:00,2024-09-13,16,0,Hourly,RU,AS_CAISO,DAM,RU_CLR_PRC,0,22
2024-09-14T00:00:00-00:00,2024-09-14T01:00:00-00:00,2024-09-13,18,0,Hourly,RU,AS_NP26,DAM,RU_CLR_PRC,0,22
2024-09-14T01:00:00-00:00,2024-09-14T02:00:00-00:00,2024-09-13,19,0,Hourly,RU,AS_SP26_EXP,DAM,RU_CLR_PRC,0,22
2024-09-14T02:00:00-00:00,2024-09-14T03:00:00-00:00,2024-09-13,20,0,Hourly,RU,AS_NP26,DAM,RU_CLR_PRC,0,22
2024-09-13T07:00:00-00:00,2024-09-13T08:00:00-00:00,2024-09-13,1,0,Hourly,RU,AS_NP26_EXP,DAM,RU_CLR_PRC,0.42914,22
2024-09-13T07:00:00-00:00,2024-09-13T08:00:00-00:00,2024-09-13,1,0,Hourly,RU,AS_SP26_EXP,DAM,RU_CLR_PRC,0,22
2024-09-13T10:00:00-00:00,2024-09-13T11:00:00-00:00,2024-09-13,4,0,Hourly,RU,AS_CAISO,DAM,RU_CLR_PRC,0,22
2024-09-13T10:00:00-00:00,2024-09-13T11:00:00-00:00,2024-09-13,4,0,Hourly,RU,AS_NP26,DAM,RU_CLR_PRC,0,22
2024-09-13T11:00:00-00:00,2024-09-13T12:00:00-00:00,2024-09-13,5,0,Hourly,RU,AS_NP26,DAM,RU_CLR_PRC,0,22
2024-09-13T07:00:00-00:00,2024-09-13T08:00:00-00:00,2024-09-13,1,0,Hourly,RU,AS_CAISO_EXP,DAM,RU_CLR_PRC,1.57086,22
2024-09-13T08:00:00-00:00,2024-09-13T09:00:00-00:00,2024-09-13,2,0,Hourly,RU,AS_SP26_EXP,DAM,RU_CLR_PRC,0,22
2024-09-13T14:00:00-00:00,2024-09-13T15:00:00-00:00,2024-09-13,8,0,Hourly,RU,AS_SP26_EXP,DAM,RU_CLR_PRC,0,22
2024-09-13T15:00:00-00:00,2024-09-13T16:00:00-00:00,2024-09-13,9,0,Hourly,RU,AS_NP26_EXP,DAM,RU_CLR_PRC,0.25,22
2024-09-13T23:00:00-00:00,2024-09-14T00:00:00-00:00,2024-09-13,17,0,Hourly,RU,AS_NP26,DAM,RU_CLR_PRC,0,22
2024-09-14T03:00:00-00:00,2024-09-14T04:00:00-00:00,2024-09-13,21,0,Hourly,RU,AS_CAISO,DAM,RU_CLR_PRC,0,22
2024-09-14T04:00:00-00:00,2024-09-14T05:00:00-00:00,2024-09-13,22,0,Hourly,RU,AS_CAISO,DAM,RU_CLR_PRC,0,22
2024-09-14T05:00:00-00:00,2024-09-14T06:00:00-00:00,2024-09-13,23,0,Hourly,RU,AS_SP26_EXP,DAM,RU_CLR_PRC,0,22
2024-09-14T06:00:00-00:00,2024-09-14T07:00:00-00:00,2024-09-13,24,0,Hourly,RU,AS_CAISO,DAM,RU_CLR_PRC,0,22
2024-09-13T10:00:00-00:00,2024-09-13T11:00:00-00:00,2024-09-13,4,0,Hourly,RU,AS_SP26_EXP,DAM,RU_CLR_PRC,0.23459,22
2024-09-13T11:00:00-00:00,2024-09-13T12:00:00-00:00,2024-09-13,5,0,Hourly,RU,AS_SP26_EXP,DAM,RU_CLR_PRC,0.71802,22
2024-09-13T13:00:00-00:00,2024-09-13T14:00:00-00:00,2024-09-13,7,0,Hourly,RU,AS_CAISO_EXP,DAM,RU_CLR_PRC,2.07109,22
2024-09-13T14:00:00-00:00,2024-09-13T15:00:00-00:00,2024-09-13,8,0,Hourly,RU,AS_NP26_EXP,DAM,RU_CLR_PRC,0.15,22
2024-09-13T15:00:00-00:00,2024-09-13T16:00:00-00:00,2024-09-13,9,0,Hourly,RU,AS_NP26,DAM,RU_CLR_PRC,0,22
2024-09-13T16:00:00-00:00,2024-09-13T17:00:00-00:00,2024-09-13,10,0,Hourly,RU,AS_NP26,DAM,RU_CLR_PRC,0,22
2024-09-13T17:00:00-00:00,2024-09-13T18:00:00-00:00,2024-09-13,11,0,Hourly,RU,AS_NP26,DAM,RU_CLR_PRC,0,22
2024-09-13T18:00:00-00:00,2024-09-13T19:00:00-00:00,2024-09-13,12,0,Hourly,RU,AS_NP26,DAM,RU_CLR_PRC,0,22
2024-09-13T19:00:00-00:00,2024-09-13T20:00:00-00:00,2024-09-13,13,0,Hourly,RU,AS_SP26_EXP,DAM,RU_CLR_PRC,0,22
2024-09-13T20:00:00-00:00,2024-09-13T21:00:00-00:00,2024-09-13,14,0,Hourly,RU,AS_CAISO_EXP,DAM,RU_CLR_PRC,0.14,22
2024-09-14T00:00:00-00:00,2024-09-14T01:00:00-00:00,2024-09-13,18,0,Hourly,RU,AS_SP26,DAM,RU_CLR_PRC,0,22
2024-09-14T03:00:00-00:00,2024-09-14T04:00:00-00:00,2024-09-13,21,0,Hourly,RU,AS_CAISO_EXP,DAM,RU_CLR_PRC,0.76,22
2024-09-14T03:00:00-00:00,2024-09-14T04:00:00-00:00,2024-09-13,21,0,Hourly,RU,AS_NP26,DAM,RU_CLR_PRC,0,22
2024-09-14T03:00:00-00:00,2024-09-14T04:00:00-00:00,2024-09-13,21,0,Hourly,RU,AS_NP26_EXP,DAM,RU_CLR_PRC,0,22
2024-09-14T05:00:00-00:00,2024-09-14T06:00:00-00:00,2024-09-13,23,0,Hourly,RU,AS_CAISO_EXP,DAM,RU_CLR_PRC,1.05571,22
2024-09-13T08:00:00-00:00,2024-09-13T09:00:00-00:00,2024-09-13,2,0,Hourly,RU,AS_NP26,DAM,RU_CLR_PRC,0,22
2024-09-13T09:00:00-00:00,2024-09-13T10:00:00-00:00,2024-09-13,3,0,Hourly,RU,AS_SP26,DAM,RU_CLR_PRC,0,22
2024-09-13T10:00:00-00:00,2024-09-13T11:00:00-00:00,2024-09-13,4,0,Hourly,RU,AS_CAISO_EXP,DAM,RU_CLR_PRC,0.71881,22
2024-09-13T10:00:00-00:00,2024-09-13T11:00:00-00:00,2024-09-13,4,0,Hourly,RU,AS_SP26,DAM,RU_CLR_PRC,0,22
2024-09-13T12:00:00-00:00,2024-09-13T13:00:00-00:00,2024-09-13,6,0,Hourly,RU,AS_SP26,DAM,RU_CLR_PRC,0,22
2024-09-13T14:00:00-00:00,2024-09-13T15:00:00-00:00,2024-09-13,8,0,Hourly,RU,AS_CAISO_EXP,DAM,RU_CLR_PRC,2.91,22
2024-09-13T15:00:00-00:00,2024-09-13T16:00:00-00:00,2024-09-13,9,0,Hourly,RU,AS_SP26_EXP,DAM,RU_CLR_PRC,0,22
2024-09-13T17:00:00-00:00,2024-09-13T18:00:00-00:00,2024-09-13,11,0,Hourly,RU,AS_CAISO_EXP,DAM,RU_CLR_PRC,0.14,22
2024-09-13T17:00:00-00:00,2024-09-13T18:00:00-00:00,2024-09-13,11,0,Hourly,RU,AS_NP26_EXP,DAM,RU_CLR_PRC,0.49968,22
2024-09-13T18:00:00-00:00,2024-09-13T19:00:00-00:00,2024-09-13,12,0,Hourly,RU,AS_CAISO_EXP,DAM,RU_CLR_PRC,0.40858,22
2024-09-13T19:00:00-00:00,2024-09-13T20:00:00-00:00,2024-09-13,13,0,Hourly,RU,AS_CAISO_EXP,DAM,RU_CLR_PRC,0.88385,22
2024-09-14T00:00:00-00:00,2024-09-14T01:00:00-00:00,2024-09-13,18,0,Hourly,RU,AS_CAISO_EXP,DAM,RU_CLR_PRC,0.879,22
2024-09-14T02:00:00-00:00,2024-09-14T03:00:00-00:00,2024-09-13,20,0,Hourly,RU,AS_CAISO,DAM,RU_CLR_PRC,0,22
2024-09-14T02:00:00-00:00,2024-09-14T03:00:00-00:00,2024-09-13,20,0,Hourly,RU,AS_CAISO_EXP,DAM,RU_CLR_PRC,3,22
2024-09-14T04:00:00-00:00,2024-09-14T05:00:00-00:00,2024-09-13,22,0,Hourly,RU,AS_SP26_EXP,DAM,RU_CLR_PRC,0,22
2024-09-14T06:00:00-00:00,2024-09-14T07:00:00-00:00,2024-09-13,24,0,Hourly,RU,AS_NP26_EXP,DAM,RU_CLR_PRC,1.94,22
2024-09-13T07:00:00-00:00,2024-09-13T08:00:00-00:00,2024-09-13,1,0,Hourly,RU,AS_NP26,DAM,RU_CLR_PRC,0,22
2024-09-13T08:00:00-00:00,2024-09-13T09:00:00-00:00,2024-09-13,2,0,Hourly,RU,AS_NP26_EXP,DAM,RU_CLR_PRC,0.21,22
2024-09-13T08:00:00-00:00,2024-09-13T09:00:00-00:00,2024-09-13,2,0,Hourly,RU,AS_SP26,DAM,RU_CLR_PRC,0,22
2024-09-13T09:00:00-00:00,2024-09-13T10:00:00-00:00,2024-09-13,3,0,Hourly,RU,AS_NP26_EXP,DAM,RU_CLR_PRC,0.01,22
2024-09-13T11:00:00-00:00,2024-09-13T12:00:00-00:00,2024-09-13,5,0,Hourly,RU,AS_CAISO,DAM,RU_CLR_PRC,0,22
2024-09-13T12:00:00-00:00,2024-09-13T13:00:00-00:00,2024-09-13,6,0,Hourly,RU,AS_CAISO,DAM,RU_CLR_PRC,0,22
2024-09-13T14:00:00-00:00,2024-09-13T15:00:00-00:00,2024-09-13,8,0,Hourly,RU,AS_NP26,DAM,RU_CLR_PRC,0,22
2024-09-13T16:00:00-00:00,2024-09-13T17:00:00-00:00,2024-09-13,10,0,Hourly,RU,AS_CAISO_EXP,DAM,RU_CLR_PRC,0.14,22
2024-09-13T16:00:00-00:00,2024-09-13T17:00:00-00:00,2024-09-13,10,0,Hourly,RU,AS_SP26,DAM,RU_CLR_PRC,0,22
2024-09-13T17:00:00-00:00,2024-09-13T18:00:00-00:00,2024-09-13,11,0,Hourly,RU,AS_CAISO,DAM,RU_CLR_PRC,0,22
2024-09-13T17:00:00-00:00,2024-09-13T18:00:00-00:00,2024-09-13,11,0,Hourly,RU,AS_SP26,DAM,RU_CLR_PRC,0,22
2024-09-13T18:00:00-00:00,2024-09-13T19:00:00-00:00,2024-09-13,12,0,Hourly,RU,AS_CAISO,DAM,RU_CLR_PRC,0,22
2024-09-13T19:00:00-00:00,2024-09-13T20:00:00-00:00,2024-09-13,13,0,Hourly,RU,AS_CAISO,DAM,RU_CLR_PRC,0,22
2024-09-13T20:00:00-00:00,2024-09-13T21:00:00-00:00,2024-09-13,14,0,Hourly,RU,AS_NP26_EXP,DAM,RU_CLR_PRC,0.86,22
2024-09-13T21:00:00-00:00,2024-09-13T22:00:00-00:00,2024-09-13,15,0,Hourly,RU,AS_SP26_EXP,DAM,RU_CLR_PRC,0,22
2024-09-13T22:00:00-00:00,2024-09-13T23:00:00-00:00,2024-09-13,16,0,Hourly,RU,AS_NP26,DAM,RU_CLR_PRC,0,22
2024-09-13T22:00:00-00:00,2024-09-13T23:00:00-00:00,2024-09-13,16,0,Hourly,RU,AS_NP26_EXP,DAM,RU_CLR_PRC,1.65394,22
2024-09-14T00:00:00-00:00,2024-09-14T01:00:00-00:00,2024-09-13,18,0,Hourly,RU,AS_NP26_EXP,DAM,RU_CLR_PRC,4.09753,22
2024-09-14T00:00:00-00:00,2024-09-14T01:00:00-00:00,2024-09-13,18,0,Hourly,RU,AS_SP26_EXP,DAM,RU_CLR_PRC,0,22
2024-09-14T01:00:00-00:00,2024-09-14T02:00:00-00:00,2024-09-13,19,0,Hourly,RU,AS_NP26_EXP,DAM,RU_CLR_PRC,0,22
2024-09-14T03:00:00-00:00,2024-09-14T04:00:00-00:00,2024-09-13,21,0,Hourly,RU,AS_SP26,DAM,RU_CLR_PRC,0,22
2024-09-14T04:00:00-00:00,2024-09-14T05:00:00-00:00,2024-09-13,22,0,Hourly,RU,AS_NP26_EXP,DAM,RU_CLR_PRC,2.6448,22
2024-09-14T05:00:00-00:00,2024-09-14T06:00:00-00:00,2024-09-13,23,0,Hourly,RU,AS_NP26,DAM,RU_CLR_PRC,0,22
2024-09-14T05:00:00-00:00,2024-09-14T06:00:00-00:00,2024-09-13,23,0,Hourly,RU,AS_SP26,DAM,RU_CLR_PRC,0,22
2024-09-14T11:00:00-00:00,2024-09-14T12:00:00-00:00,2024-09-14,5,0,Hourly,RU,AS_SP26_EXP,DAM,RU_CLR_PRC,0.00915,23
2024-09-14T12:00:00-00:00,2024-09-14T13:00:00-00:00,2024-09-14,6,0,Hourly,RU,AS_NP26,DAM,RU_CLR_PRC,0,23
2024-09-14T13:00:00-00:00,2024-09-14T14:00:00-00:00,2024-09-14,7,0,Hourly,RU,AS_CAISO,DAM,RU_CLR_PRC,0,23
2024-09-14T14:00:00-00:00,2024-09-14T15:00:00-00:00,2024-09-14,8,0,Hourly,RU,AS_CAISO_EXP,DAM,RU_CLR_PRC,2.8826,23
2024-09-14T16:00:00-00:00,2024-09-14T17:00:00-00:00,2024-09-14,10,0,Hourly,RU,AS_SP26_EXP,DAM,RU_CLR_PRC,0,23
2024-09-14T18:00:00-00:00,2024-09-14T19:00:00-00:00,2024-09-14,12,0,Hourly,RU,AS_CAISO,DAM,RU_CLR_PRC,0,23
2024-09-14T18:00:00-00:00,2024-09-14T19:00:00-00:00,2024-09-14,12,0,Hourly,RU,AS_NP26_EXP,DAM,RU_CLR_PRC,0.39104,23
2024-09-14T18:00:00-00:00,2024-09-14T19:00:00-00:00,2024-09-14,12,0,Hourly,RU,AS_SP26,DAM,RU_CLR_PRC,0,23
2024-09-14T20:00:00-00:00,2024-09-14T21:00:00-00:00,2024-09-14,14,0,Hourly,RU,AS_CAISO,DAM,RU_CLR_PRC,0,23
2024-09-14T20:00:00-00:00,2024-09-14T21:00:00-00:00,2024-09-14,14,0,Hourly,RU,AS_CAISO_EXP,DAM,RU_CLR_PRC,0.17703,23
2024-09-14T21:00:00-00:00,2024-09-14T22:00:00-00:00,2024-09-14,15,0,Hourly,RU,AS_NP26_EXP,DAM,RU_CLR_PRC,1.24494,23
2024-09-14T21:00:00-00:00,2024-09-14T22:00:00-00:00,2024-09-14,15,0,Hourly,RU,AS_SP26,DAM,RU_CLR_PRC,0,23
2024-09-15T00:00:00-00:00,2024-09-15T01:00:00-00:00,2024-09-14,18,0,Hourly,RU,AS_CAISO,DAM,RU_CLR_PRC,0,23
2024-09-15T02:00:00-00:00,2024-09-15T03:00:00-00:00,2024-09-14,20,0,Hourly,RU,AS_NP26,DAM,RU_CLR_PRC,0,23
2024-09-15T04:00:00-00:00,2024-09-15T05:00:00-00:00,2024-09-14,22,0,Hourly,RU,AS_CAISO_EXP,DAM,RU_CLR_PRC,1.4281,23
2024-09-15T06:00:00-00:00,2024-09-15T07:00:00-00:00,2024-09-14,24,0,Hourly,RU,AS_NP26_EXP,DAM,RU_CLR_PRC,1.74,23
2024-09-14T22:00:00-00:00,2024-09-14T23:00:00-00:00,2024-09-14,16,0,Hourly,RU,AS_CAISO,DAM,RU_CLR_PRC,0,23
2024-09-14T22:00:00-00:00,2024-09-14T23:00:00-00:00,2024-09-14,16,0,Hourly,RU,AS_SP26,DAM,RU_CLR_PRC,0,23
2024-09-15T00:00:00-00:00,2024-09-15T01:00:00-00:00,2024-09-14,18,0,Hourly,RU,AS_SP26,DAM,RU_CLR_PRC,0,23
2024-09-15T01:00:00-00:00,2024-09-15T02:00:00-00:00,2024-09-14,19,0,Hourly,RU,AS_SP26,DAM,RU_CLR_PRC,0,23
2024-09-15T03:00:00-00:00,2024-09-15T04:00:00-00:00,2024-09-14,21,0,Hourly,RU,AS_NP26_EXP,DAM,RU_CLR_PRC,0,23
2024-09-15T05:00:00-00:00,2024-09-15T06:00:00-00:00,2024-09-14,23,0,Hourly,RU,AS_SP26_EXP,DAM,RU_CLR_PRC,0,23
2024-09-15T06:00:00-00:00,2024-09-15T07:00:00-00:00,2024-09-14,24,0,Hourly,RU,AS_SP26,DAM,RU_CLR_PRC,0,23
2024-09-14T07:00:00-00:00,2024-09-14T08:00:00-00:00,2024-09-14,1,0,Hourly,RU,AS_CAISO_EXP,DAM,RU_CLR_PRC,1.91729,23
2024-09-14T07:00:00-00:00,2024-09-14T08:00:00-00:00,2024-09-14,1,0,Hourly,RU,AS_NP26,DAM,RU_CLR_PRC,0,23
2024-09-14T08:00:00-00:00,2024-09-14T09:00:00-00:00,2024-09-14,2,0,Hourly,RU,AS_NP26,DAM,RU_CLR_PRC,0,23
2024-09-14T14:00:00-00:00,2024-09-14T15:00:00-00:00,2024-09-14,8,0,Hourly,RU,AS_CAISO,DAM,RU_CLR_PRC,0,23
2024-09-14T14:00:00-00:00,2024-09-14T15:00:00-00:00,2024-09-14,8,0,Hourly,RU,AS_SP26,DAM,RU_CLR_PRC,0,23
2024-09-14T16:00:00-00:00,2024-09-14T17:00:00-00:00,2024-09-14,10,0,Hourly,RU,AS_SP26,DAM,RU_CLR_PRC,0,23
2024-09-14T17:00:00-00:00,2024-09-14T18:00:00-00:00,2024-09-14,11,0,Hourly,RU,AS_CAISO_EXP,DAM,RU_CLR_PRC,0.65841,23
2024-09-14T17:00:00-00:00,2024-09-14T18:00:00-00:00,2024-09-14,11,0,Hourly,RU,AS_SP26,DAM,RU_CLR_PRC,0,23
2024-09-14T22:00:00-00:00,2024-09-14T23:00:00-00:00,2024-09-14,16,0,Hourly,RU,AS_NP26_EXP,DAM,RU_CLR_PRC,1.0803,23
2024-09-15T02:00:00-00:00,2024-09-15T03:00:00-00:00,2024-09-14,20,0,Hourly,RU,AS_CAISO_EXP,DAM,RU_CLR_PRC,3.69,23
2024-09-15T03:00:00-00:00,2024-09-15T04:00:00-00:00,2024-09-14,21,0,Hourly,RU,AS_NP26,DAM,RU_CLR_PRC,0,23
2024-09-15T04:00:00-00:00,2024-09-15T05:00:00-00:00,2024-09-14,22,0,Hourly,RU,AS_NP26,DAM,RU_CLR_PRC,0,23
2024-09-14T09:00:00-00:00,2024-09-14T10:00:00-00:00,2024-09-14,3,0,Hourly,RU,AS_CAISO_EXP,DAM,RU_CLR_PRC,0.19,23
2024-09-14T10:00:00-00:00,2024-09-14T11:00:00-00:00,2024-09-14,4,0,Hourly,RU,AS_SP26,DAM,RU_CLR_PRC,0,23
2024-09-14T11:00:00-00:00,2024-09-14T12:00:00-00:00,2024-09-14,5,0,Hourly,RU,AS_CAISO,DAM,RU_CLR_PRC,0,23
2024-09-14T11:00:00-00:00,2024-09-14T12:00:00-00:00,2024-09-14,5,0,Hourly,RU,AS_CAISO_EXP,DAM,RU_CLR_PRC,0.97219,23
2024-09-14T11:00:00-00:00,2024-09-14T12:00:00-00:00,2024-09-14,5,0,Hourly,RU,AS_SP26,DAM,RU_CLR_PRC,0,23
2024-09-14T12:00:00-00:00,2024-09-14T13:00:00-00:00,2024-09-14,6,0,Hourly,RU,AS_NP26_EXP,DAM,RU_CLR_PRC,0.82298,23
2024-09-14T13:00:00-00:00,2024-09-14T14:00:00-00:00,2024-09-14,7,0,Hourly,RU,AS_NP26,DAM,RU_CLR_PRC,0,23
2024-09-14T17:00:00-00:00,2024-09-14T18:00:00-00:00,2024-09-14,11,0,Hourly,RU,AS_NP26,DAM,RU_CLR_PRC,0,23
2024-09-14T18:00:00-00:00,2024-09-14T19:00:00-00:00,2024-09-14,12,0,Hourly,RU,AS_NP26,DAM,RU_CLR_PRC,0,23
2024-09-14T20:00:00-00:00,2024-09-14T21:00:00-00:00,2024-09-14,14,0,Hourly,RU,AS_NP26_EXP,DAM,RU_CLR_PRC,0.31,23
2024-09-14T23:00:00-00:00,2024-09-15T00:00:00-00:00,2024-09-14,17,0,Hourly,RU,AS_NP26,DAM,RU_CLR_PRC,0,23
2024-09-15T00:00:00-00:00,2024-09-15T01:00:00-00:00,2024-09-14,18,0,Hourly,RU,AS_SP26_EXP,DAM,RU_CLR_PRC,0,23
2024-09-15T01:00:00-00:00,2024-09-15T02:00:00-00:00,2024-09-14,19,0,Hourly,RU,AS_CAISO,DAM,RU_CLR_PRC,0,23
2024-09-15T01:00:00-00:00,2024-09-15T02:00:00-00:00,2024-09-14,19,0,Hourly,RU,AS_NP26_EXP,DAM,RU_CLR_PRC,0.24851,23
2024-09-15T01:00:00-00:00,2024-09-15T02:00:00-00:00,2024-09-14,19,0,Hourly,RU,AS_SP26_EXP,DAM,RU_CLR_PRC,0,23
2024-09-15T03:00:00-00:00,2024-09-15T04:00:00-00:00,2024-09-14,21,0,Hourly,RU,AS_CAISO,DAM,RU_CLR_PRC,0,23
2024-09-15T04:00:00-00:00,2024-09-15T05:00:00-00:00,2024-09-14,22,0,Hourly,RU,AS_CAISO,DAM,RU_CLR_PRC,0,23
2024-09-15T06:00:00-00:00,2024-09-15T07:00:00-00:00,2024-09-14,24,0,Hourly,RU,AS_SP26_EXP,DAM,RU_CLR_PRC,0,23
2024-09-14T07:00:00-00:00,2024-09-14T08:00:00-00:00,2024-09-14,1,0,Hourly,RU,AS_NP26_EXP,DAM,RU_CLR_PRC,0,23
2024-09-14T08:00:00-00:00,2024-09-14T09:00:00-00:00,2024-09-14,2,0,Hourly,RU,AS_CAISO,DAM,RU_CLR_PRC,0,23
2024-09-14T08:00:00-00:00,2024-09-14T09:00:00-00:00,2024-09-14,2,0,Hourly,RU,AS_SP26,DAM,RU_CLR_PRC,0,23
2024-09-14T10:00:00-00:00,2024-09-14T11:00:00-00:00,2024-09-14,4,0,Hourly,RU,AS_NP26,DAM,RU_CLR_PRC,0,23
2024-09-14T11:00:00-00:00,2024-09-14T12:00:00-00:00,2024-09-14,5,0,Hourly,RU,AS_NP26_EXP,DAM,RU_CLR_PRC,0.86,23
2024-09-14T12:00:00-00:00,2024-09-14T13:00:00-00:00,2024-09-14,6,0,Hourly,RU,AS_SP26,DAM,RU_CLR_PRC,0,23
2024-09-14T13:00:00-00:00,2024-09-14T14:00:00-00:00,2024-09-14,7,0,Hourly,RU,AS_CAISO_EXP,DAM,RU_CLR_PRC,2.71701,23
2024-09-14T13:00:00-00:00,2024-09-14T14:00:00-00:00,2024-09-14,7,0,Hourly,RU,AS_SP26,DAM,RU_CLR_PRC,0,23
2024-09-14T14:00:00-00:00,2024-09-14T15:00:00-00:00,2024-09-14,8,0,Hourly,RU,AS_NP26_EXP,DAM,RU_CLR_PRC,0.25,23
2024-09-14T15:00:00-00:00,2024-09-14T16:00:00-00:00,2024-09-14,9,0,Hourly,RU,AS_CAISO_EXP,DAM,RU_CLR_PRC,1.49,23
2024-09-14T16:00:00-00:00,2024-09-14T17:00:00-00:00,2024-09-14,10,0,Hourly,RU,AS_CAISO,DAM,RU_CLR_PRC,0,23
2024-09-14T17:00:00-00:00,2024-09-14T18:00:00-00:00,2024-09-14,11,0,Hourly,RU,AS_NP26_EXP,DAM,RU_CLR_PRC,1.56185,23
2024-09-14T20:00:00-00:00,2024-09-14T21:00:00-00:00,2024-09-14,14,0,Hourly,RU,AS_SP26_EXP,DAM,RU_CLR_PRC,0,23
2024-09-14T21:00:00-00:00,2024-09-14T22:00:00-00:00,2024-09-14,15,0,Hourly,RU,AS_CAISO,DAM,RU_CLR_PRC,0,23
2024-09-14T22:00:00-00:00,2024-09-14T23:00:00-00:00,2024-09-14,16,0,Hourly,RU,AS_NP26,DAM,RU_CLR_PRC,0,23
2024-09-14T23:00:00-00:00,2024-09-15T00:00:00-00:00,2024-09-14,17,0,Hourly,RU,AS_CAISO,DAM,RU_CLR_PRC,0,23
2024-09-14T23:00:00-00:00,2024-09-15T00:00:00-00:00,2024-09-14,17,0,Hourly,RU,AS_CAISO_EXP,DAM,RU_CLR_PRC,0.72711,23
2024-09-14T23:00:00-00:00,2024-09-15T00:00:00-00:00,2024-09-14,17,0,Hourly,RU,AS_SP26,DAM,RU_CLR_PRC,0,23
2024-09-15T02:00:00-00:00,2024-09-15T03:00:00-00:00,2024-09-14,20,0,Hourly,RU,AS_NP26_EXP,DAM,RU_CLR_PRC,0,23
2024-09-15T03:00:00-00:00,2024-09-15T04:00:00-00:00,2024-09-14,21,0,Hourly,RU,AS_CAISO_EXP,DAM,RU_CLR_PRC,1,23
2024-09-15T04:00:00-00:00,2024-09-15T05:00:00-00:00,2024-09-14,22,0,Hourly,RU,AS_NP26_EXP,DAM,RU_CLR_PRC,3.5719,23
2024-09-15T05:00:00-00:00,2024-09-15T06:00:00-00:00,2024-09-14,23,0,Hourly,RU,AS_NP26,DAM,RU_CLR_PRC,0,23
2024-09-15T05:00:00-00:00,2024-09-15T06:00:00-00:00,2024-09-14,23,0,Hourly,RU,AS_SP26,DAM,RU_CLR_PRC,0,23
2024-09-14T07:00:00-00:00,2024-09-14T08:00:00-00:00,2024-09-14,1,0,Hourly,RU,AS_SP26_EXP,DAM,RU_CLR_PRC,0,23
2024-09-14T10:00:00-00:00,2024-09-14T11:00:00-00:00,2024-09-14,4,0,Hourly,RU,AS_CAISO,DAM,RU_CLR_PRC,0,23
2024-09-14T10:00:00-00:00,2024-09-14T11:00:00-00:00,2024-09-14,4,0,Hourly,RU,AS_SP26_EXP,DAM,RU_CLR_PRC,0.05934,23
2024-09-14T11:00:00-00:00,2024-09-14T12:00:00-00:00,2024-09-14,5,0,Hourly,RU,AS_NP26,DAM,RU_CLR_PRC,0,23
2024-09-14T08:00:00-00:00,2024-09-14T09:00:00-00:00,2024-09-14,2,0,Hourly,RU,AS_NP26_EXP,DAM,RU_CLR_PRC,0.61,23
2024-09-14T09:00:00-00:00,2024-09-14T10:00:00-00:00,2024-09-14,3,0,Hourly,RU,AS_NP26,DAM,RU_CLR_PRC,0,23
2024-09-14T09:00:00-00:00,2024-09-14T10:00:00-00:00,2024-09-14,3,0,Hourly,RU,AS_SP26,DAM,RU_CLR_PRC,0,23
2024-09-14T09:00:00-00:00,2024-09-14T10:00:00-00:00,2024-09-14,3,0,Hourly,RU,AS_SP26_EXP,DAM,RU_CLR_PRC,0.80336,23
2024-09-14T12:00:00-00:00,2024-09-14T13:00:00-00:00,2024-09-14,6,0,Hourly,RU,AS_CAISO_EXP,DAM,RU_CLR_PRC,0.84668,23
2024-09-14T13:00:00-00:00,2024-09-14T14:00:00-00:00,2024-09-14,7,0,Hourly,RU,AS_NP26_EXP,DAM,RU_CLR_PRC,0.25,23
2024-09-14T13:00:00-00:00,2024-09-14T14:00:00-00:00,2024-09-14,7,0,Hourly,RU,AS_SP26_EXP,DAM,RU_CLR_PRC,0.71299,23
2024-09-14T15:00:00-00:00,2024-09-14T16:00:00-00:00,2024-09-14,9,0,Hourly,RU,AS_CAISO,DAM,RU_CLR_PRC,0,23
2024-09-14T16:00:00-00:00,2024-09-14T17:00:00-00:00,2024-09-14,10,0,Hourly,RU,AS_NP26,DAM,RU_CLR_PRC,0,23
2024-09-14T17:00:00-00:00,2024-09-14T18:00:00-00:00,2024-09-14,11,0,Hourly,RU,AS_CAISO,DAM,RU_CLR_PRC,0,23
2024-09-14T18:00:00-00:00,2024-09-14T19:00:00-00:00,2024-09-14,12,0,Hourly,RU,AS_SP26_EXP,DAM,RU_CLR_PRC,0,23
2024-09-14T19:00:00-00:00,2024-09-14T20:00:00-00:00,2024-09-14,13,0,Hourly,RU,AS_CAISO,DAM,RU_CLR_PRC,0,23
2024-09-14T19:00:00-00:00,2024-09-14T20:00:00-00:00,2024-09-14,13,0,Hourly,RU,AS_CAISO_EXP,DAM,RU_CLR_PRC,0.60623,23
2024-09-14T19:00:00-00:00,2024-09-14T20:00:00-00:00,2024-09-14,13,0,Hourly,RU,AS_SP26,DAM,RU_CLR_PRC,0,23
2024-09-14T21:00:00-00:00,2024-09-14T22:00:00-00:00,2024-09-14,15,0,Hourly,RU,AS_SP26_EXP,DAM,RU_CLR_PRC,0,23
2024-09-14T22:00:00-00:00,2024-09-14T23:00:00-00:00,2024-09-14,16,0,Hourly,RU,AS_CAISO_EXP,DAM,RU_CLR_PRC,0.14,23
2024-09-14T22:00:00-00:00,2024-09-14T23:00:00-00:00,2024-09-14,16,0,Hourly,RU,AS_SP26_EXP,DAM,RU_CLR_PRC,0,23
2024-09-14T23:00:00-00:00,2024-09-15T00:00:00-00:00,2024-09-14,17,0,Hourly,RU,AS_SP26_EXP,DAM,RU_CLR_PRC,0,23
2024-09-15T01:00:00-00:00,2024-09-15T02:00:00-00:00,2024-09-14,19,0,Hourly,RU,AS_CAISO_EXP,DAM,RU_CLR_PRC,3.69,23
2024-09-15T01:00:00-00:00,2024-09-15T02:00:00-00:00,2024-09-14,19,0,Hourly,RU,AS_NP26,DAM,RU_CLR_PRC,0,23
2024-09-15T02:00:00-00:00,2024-09-15T03:00:00-00:00,2024-09-14,20,0,Hourly,RU,AS_CAISO,DAM,RU_CLR_PRC,0,23
2024-09-15T02:00:00-00:00,2024-09-15T03:00:00-00:00,2024-09-14,20,0,Hourly,RU,AS_SP26,DAM,RU_CLR_PRC,0,23
2024-09-15T05:00:00-00:00,2024-09-15T06:00:00-00:00,2024-09-14,23,0,Hourly,RU,AS_CAISO,DAM,RU_CLR_PRC,0,23
2024-09-15T06:00:00-00:00,2024-09-15T07:00:00-00:00,2024-09-14,24,0,Hourly,RU,AS_CAISO,DAM,RU_CLR_PRC,0,23
2024-09-14T07:00:00-00:00,2024-09-14T08:00:00-00:00,2024-09-14,1,0,Hourly,RU,AS_SP26,DAM,RU_CLR_PRC,0,23
2024-09-14T09:00:00-00:00,2024-09-14T10:00:00-00:00,2024-09-14,3,0,Hourly,RU,AS_NP26_EXP,DAM,RU_CLR_PRC,0.01,23
2024-09-14T14:00:00-00:00,2024-09-14T15:00:00-00:00,2024-09-14,8,0,Hourly,RU,AS_NP26,DAM,RU_CLR_PRC,0,23
2024-09-14T15:00:00-00:00,2024-09-14T16:00:00-00:00,2024-09-14,9,0,Hourly,RU,AS_NP26,DAM,RU_CLR_PRC,0,23
2024-09-14T15:00:00-00:00,2024-09-14T16:00:00-00:00,2024-09-14,9,0,Hourly,RU,AS_SP26,DAM,RU_CLR_PRC,0,23
2024-09-14T16:00:00-00:00,2024-09-14T17:00:00-00:00,2024-09-14,10,0,Hourly,RU,AS_NP26_EXP,DAM,RU_CLR_PRC,3.68349,23
2024-09-14T18:00:00-00:00,2024-09-14T19:00:00-00:00,2024-09-14,12,0,Hourly,RU,AS_CAISO_EXP,DAM,RU_CLR_PRC,0.39505,23
2024-09-14T21:00:00-00:00,2024-09-14T22:00:00-00:00,2024-09-14,15,0,Hourly,RU,AS_NP26,DAM,RU_CLR_PRC,0,23
2024-09-14T23:00:00-00:00,2024-09-15T00:00:00-00:00,2024-09-14,17,0,Hourly,RU,AS_NP26_EXP,DAM,RU_CLR_PRC,4.27289,23
2024-09-15T00:00:00-00:00,2024-09-15T01:00:00-00:00,2024-09-14,18,0,Hourly,RU,AS_NP26,DAM,RU_CLR_PRC,0,23
2024-09-15T00:00:00-00:00,2024-09-15T01:00:00-00:00,2024-09-14,18,0,Hourly,RU,AS_NP26_EXP,DAM,RU_CLR_PRC,0.61,23
2024-09-15T04:00:00-00:00,2024-09-15T05:00:00-00:00,2024-09-14,22,0,Hourly,RU,AS_SP26,DAM,RU_CLR_PRC,0,23
2024-09-15T05:00:00-00:00,2024-09-15T06:00:00-00:00,2024-09-14,23,0,Hourly,RU,AS_CAISO_EXP,DAM,RU_CLR_PRC,1.33711,23
2024-09-15T05:00:00-00:00,2024-09-15T06:00:00-00:00,2024-09-14,23,0,Hourly,RU,AS_NP26_EXP,DAM,RU_CLR_PRC,0.66289,23
2024-09-15T06:00:00-00:00,2024-09-15T07:00:00-00:00,2024-09-14,24,0,Hourly,RU,AS_CAISO_EXP,DAM,RU_CLR_PRC,3.26,23
2024-09-15T06:00:00-00:00,2024-09-15T07:00:00-00:00,2024-09-14,24,0,Hourly,RU,AS_NP26,DAM,RU_CLR_PRC,0,23
2024-09-14T08:00:00-00:00,2024-09-14T09:00:00-00:00,2024-09-14,2,0,Hourly,RU,AS_CAISO_EXP,DAM,RU_CLR_PRC,1.10716,23
2024-09-14T08:00:00-00:00,2024-09-14T09:00:00-00:00,2024-09-14,2,0,Hourly,RU,AS_SP26_EXP,DAM,RU_CLR_PRC,0,23
2024-09-14T12:00:00-00:00,2024-09-14T13:00:00-00:00,2024-09-14,6,0,Hourly,RU,AS_CAISO,DAM,RU_CLR_PRC,0,23
2024-09-14T14:00:00-00:00,2024-09-14T15:00:00-00:00,2024-09-14,8,0,Hourly,RU,AS_SP26_EXP,DAM,RU_CLR_PRC,0,23
2024-09-14T16:00:00-00:00,2024-09-14T17:00:00-00:00,2024-09-14,10,0,Hourly,RU,AS_CAISO_EXP,DAM,RU_CLR_PRC,0.41651,23
2024-09-14T19:00:00-00:00,2024-09-14T20:00:00-00:00,2024-09-14,13,0,Hourly,RU,AS_NP26_EXP,DAM,RU_CLR_PRC,0.86,23
2024-09-14T19:00:00-00:00,2024-09-14T20:00:00-00:00,2024-09-14,13,0,Hourly,RU,AS_SP26_EXP,DAM,RU_CLR_PRC,0,23
2024-09-14T20:00:00-00:00,2024-09-14T21:00:00-00:00,2024-09-14,14,0,Hourly,RU,AS_NP26,DAM,RU_CLR_PRC,0,23
2024-09-14T20:00:00-00:00,2024-09-14T21:00:00-00:00,2024-09-14,14,0,Hourly,RU,AS_SP26,DAM,RU_CLR_PRC,0,23
2024-09-15T00:00:00-00:00,2024-09-15T01:00:00-00:00,2024-09-14,18,0,Hourly,RU,AS_CAISO_EXP,DAM,RU_CLR_PRC,0.88792,23
2024-09-15T02:00:00-00:00,2024-09-15T03:00:00-00:00,2024-09-14,20,0,Hourly,RU,AS_SP26_EXP,DAM,RU_CLR_PRC,0,23
2024-09-15T03:00:00-00:00,2024-09-15T04:00:00-00:00,2024-09-14,21,0,Hourly,RU,AS_SP26,DAM,RU_CLR_PRC,0,23
2024-09-15T03:00:00-00:00,2024-09-15T04:00:00-00:00,2024-09-14,21,0,Hourly,RU,AS_SP26_EXP,DAM,RU_CLR_PRC,0,23
2024-09-15T04:00:00-00:00,2024-09-15T05:00:00-00:00,2024-09-14,22,0,Hourly,RU,AS_SP26_EXP,DAM,RU_CLR_PRC,0,23
2024-09-14T07:00:00-00:00,2024-09-14T08:00:00-00:00,2024-09-14,1,0,Hourly,RU,AS_CAISO,DAM,RU_CLR_PRC,0,23
2024-09-14T09:00:00-00:00,2024-09-14T10:00:00-00:00,2024-09-14,3,0,Hourly,RU,AS_CAISO,DAM,RU_CLR_PRC,0,23
2024-09-14T10:00:00-00:00,2024-09-14T11:00:00-00:00,2024-09-14,4,0,Hourly,RU,AS_CAISO_EXP,DAM,RU_CLR_PRC,0.92234,23
2024-09-14T10:00:00-00:00,2024-09-14T11:00:00-00:00,2024-09-14,4,0,Hourly,RU,AS_NP26_EXP,DAM,RU_CLR_PRC,0.01,23
2024-09-14T12:00:00-00:00,2024-09-14T13:00:00-00:00,2024-09-14,6,0,Hourly,RU,AS_SP26_EXP,DAM,RU_CLR_PRC,0.05349,23
2024-09-14T15:00:00-00:00,2024-09-14T16:00:00-00:00,2024-09-14,9,0,Hourly,RU,AS_NP26_EXP,DAM,RU_CLR_PRC,0.5,23
2024-09-14T15:00:00-00:00,2024-09-14T16:00:00-00:00,2024-09-14,9,0,Hourly,RU,AS_SP26_EXP,DAM,RU_CLR_PRC,0,23
2024-09-14T17:00:00-00:00,2024-09-14T18:00:00-00:00,2024-09-14,11,0,Hourly,RU,AS_SP26_EXP,DAM,RU_CLR_PRC,0,23
2024-09-14T19:00:00-00:00,2024-09-14T20:00:00-00:00,2024-09-14,13,0,Hourly,RU,AS_NP26,DAM,RU_CLR_PRC,0,23
2024-09-14T21:00:00-00:00,2024-09-14T22:00:00-00:00,2024-09-14,15,0,Hourly,RU,AS_CAISO_EXP,DAM,RU_CLR_PRC,0.14,23
2024-09-16T02:00:00-00:00,2024-09-16T03:00:00-00:00,2024-09-15,20,0,Hourly,RU,AS_CAISO,DAM,RU_CLR_PRC,0,24
2024-09-16T03:00:00-00:00,2024-09-16T04:00:00-00:00,2024-09-15,21,0,Hourly,RU,AS_SP26,DAM,RU_CLR_PRC,0,24
2024-09-16T04:00:00-00:00,2024-09-16T05:00:00-00:00,2024-09-15,22,0,Hourly,RU,AS_NP26,DAM,RU_CLR_PRC,0,24
2024-09-16T04:00:00-00:00,2024-09-16T05:00:00-00:00,2024-09-15,22,0,Hourly,RU,AS_NP26_EXP,DAM,RU_CLR_PRC,0,24
2024-09-16T05:00:00-00:00,2024-09-16T06:00:00-00:00,2024-09-15,23,0,Hourly,RU,AS_NP26,DAM,RU_CLR_PRC,0,24
2024-09-15T12:00:00-00:00,2024-09-15T13:00:00-00:00,2024-09-15,6,0,Hourly,RU,AS_SP26,DAM,RU_CLR_PRC,0,24
2024-09-15T15:00:00-00:00,2024-09-15T16:00:00-00:00,2024-09-15,9,0,Hourly,RU,AS_CAISO,DAM,RU_CLR_PRC,0,24
2024-09-15T16:00:00-00:00,2024-09-15T17:00:00-00:00,2024-09-15,10,0,Hourly,RU,AS_SP26,DAM,RU_CLR_PRC,0,24
2024-09-15T18:00:00-00:00,2024-09-15T19:00:00-00:00,2024-09-15,12,0,Hourly,RU,AS_NP26_EXP,DAM,RU_CLR_PRC,1.02594,24
2024-09-15T20:00:00-00:00,2024-09-15T21:00:00-00:00,2024-09-15,14,0,Hourly,RU,AS_CAISO_EXP,DAM,RU_CLR_PRC,0.87218,24
2024-09-15T21:00:00-00:00,2024-09-15T22:00:00-00:00,2024-09-15,15,0,Hourly,RU,AS_NP26,DAM,RU_CLR_PRC,0,24
2024-09-15T21:00:00-00:00,2024-09-15T22:00:00-00:00,2024-09-15,15,0,Hourly,RU,AS_SP26_EXP,DAM,RU_CLR_PRC,0,24
2024-09-16T01:00:00-00:00,2024-09-16T02:00:00-00:00,2024-09-15,19,0,Hourly,RU,AS_CAISO,DAM,RU_CLR_PRC,0,24
2024-09-16T02:00:00-00:00,2024-09-16T03:00:00-00:00,2024-09-15,20,0,Hourly,RU,AS_NP26,DAM,RU_CLR_PRC,0,24
2024-09-16T02:00:00-00:00,2024-09-16T03:00:00-00:00,2024-09-15,20,0,Hourly,RU,AS_SP26_EXP,DAM,RU_CLR_PRC,3.31,24
2024-09-16T05:00:00-00:00,2024-09-16T06:00:00-00:00,2024-09-15,23,0,Hourly,RU,AS_SP26,DAM,RU_CLR_PRC,0,24
2024-09-15T22:00:00-00:00,2024-09-15T23:00:00-00:00,2024-09-15,16,0,Hourly,RU,AS_SP26_EXP,DAM,RU_CLR_PRC,0,24
2024-09-16T00:00:00-00:00,2024-09-16T01:00:00-00:00,2024-09-15,18,0,Hourly,RU,AS_CAISO_EXP,DAM,RU_CLR_PRC,0.65858,24
2024-09-16T01:00:00-00:00,2024-09-16T02:00:00-00:00,2024-09-15,19,0,Hourly,RU,AS_SP26_EXP,DAM,RU_CLR_PRC,0,24
2024-09-16T03:00:00-00:00,2024-09-16T04:00:00-00:00,2024-09-15,21,0,Hourly,RU,AS_CAISO_EXP,DAM,RU_CLR_PRC,2.57099,24
2024-09-16T05:00:00-00:00,2024-09-16T06:00:00-00:00,2024-09-15,23,0,Hourly,RU,AS_CAISO_EXP,DAM,RU_CLR_PRC,1.02019,24
2024-09-16T05:00:00-00:00,2024-09-16T06:00:00-00:00,2024-09-15,23,0,Hourly,RU,AS_SP26_EXP,DAM,RU_CLR_PRC,0,24
2024-09-16T06:00:00-00:00,2024-09-16T07:00:00-00:00,2024-09-15,24,0,Hourly,RU,AS_CAISO,DAM,RU_CLR_PRC,0,24
2024-09-16T06:00:00-00:00,2024-09-16T07:00:00-00:00,2024-09-15,24,0,Hourly,RU,AS_NP26_EXP,DAM,RU_CLR_PRC,1.21252,24
2024-09-15T07:00:00-00:00,2024-09-15T08:00:00-00:00,2024-09-15,1,0,Hourly,RU,AS_CAISO,DAM,RU_CLR_PRC,0,24
2024-09-15T07:00:00-00:00,2024-09-15T08:00:00-00:00,2024-09-15,1,0,Hourly,RU,AS_SP26_EXP,DAM,RU_CLR_PRC,0,24
2024-09-15T10:00:00-00:00,2024-09-15T11:00:00-00:00,2024-09-15,4,0,Hourly,RU,AS_CAISO_EXP,DAM,RU_CLR_PRC,0.47406,24
2024-09-15T11:00:00-00:00,2024-09-15T12:00:00-00:00,2024-09-15,5,0,Hourly,RU,AS_CAISO_EXP,DAM,RU_CLR_PRC,0.77376,24
2024-09-15T14:00:00-00:00,2024-09-15T15:00:00-00:00,2024-09-15,8,0,Hourly,RU,AS_NP26,DAM,RU_CLR_PRC,0,24
2024-09-15T14:00:00-00:00,2024-09-15T15:00:00-00:00,2024-09-15,8,0,Hourly,RU,AS_NP26_EXP,DAM,RU_CLR_PRC,0.25,24
2024-09-15T14:00:00-00:00,2024-09-15T15:00:00-00:00,2024-09-15,8,0,Hourly,RU,AS_SP26_EXP,DAM,RU_CLR_PRC,0,24
2024-09-15T16:00:00-00:00,2024-09-15T17:00:00-00:00,2024-09-15,10,0,Hourly,RU,AS_CAISO_EXP,DAM,RU_CLR_PRC,1.5882,24
2024-09-15T18:00:00-00:00,2024-09-15T19:00:00-00:00,2024-09-15,12,0,Hourly,RU,AS_NP26,DAM,RU_CLR_PRC,0,24
2024-09-15T18:00:00-00:00,2024-09-15T19:00:00-00:00,2024-09-15,12,0,Hourly,RU,AS_SP26,DAM,RU_CLR_PRC,0,24
2024-09-15T19:00:00-00:00,2024-09-15T20:00:00-00:00,2024-09-15,13,0,Hourly,RU,AS_CAISO,DAM,RU_CLR_PRC,0,24
2024-09-15T21:00:00-00:00,2024-09-15T22:00:00-00:00,2024-09-15,15,0,Hourly,RU,AS_CAISO,DAM,RU_CLR_PRC,0,24
2024-09-16T00:00:00-00:00,2024-09-16T01:00:00-00:00,2024-09-15,18,0,Hourly,RU,AS_NP26,DAM,RU_CLR_PRC,0,24
2024-09-16T00:00:00-00:00,2024-09-16T01:00:00-00:00,2024-09-15,18,0,Hourly,RU,AS_NP26_EXP,DAM,RU_CLR_PRC,5.33142,24
2024-09-15T09:00:00-00:00,2024-09-15T10:00:00-00:00,2024-09-15,3,0,Hourly,RU,AS_NP26,DAM,RU_CLR_PRC,0,24
2024-09-15T11:00:00-00:00,2024-09-15T12:00:00-00:00,2024-09-15,5,0,Hourly,RU,AS_NP26,DAM,RU_CLR_PRC,0,24
2024-09-15T11:00:00-00:00,2024-09-15T12:00:00-00:00,2024-09-15,5,0,Hourly,RU,AS_SP26,DAM,RU_CLR_PRC,0,24
2024-09-15T13:00:00-00:00,2024-09-15T14:00:00-00:00,2024-09-15,7,0,Hourly,RU,AS_CAISO_EXP,DAM,RU_CLR_PRC,3.8,24
2024-09-15T15:00:00-00:00,2024-09-15T16:00:00-00:00,2024-09-15,9,0,Hourly,RU,AS_CAISO_EXP,DAM,RU_CLR_PRC,1.67952,24
2024-09-15T15:00:00-00:00,2024-09-15T16:00:00-00:00,2024-09-15,9,0,Hourly,RU,AS_NP26_EXP,DAM,RU_CLR_PRC,1.04048,24
2024-09-15T15:00:00-00:00,2024-09-15T16:00:00-00:00,2024-09-15,9,0,Hourly,RU,AS_SP26_EXP,DAM,RU_CLR_PRC,0,24
2024-09-15T16:00:00-00:00,2024-09-15T17:00:00-00:00,2024-09-15,10,0,Hourly,RU,AS_NP26,DAM,RU_CLR_PRC,0,24
2024-09-15T17:00:00-00:00,2024-09-15T18:00:00-00:00,2024-09-15,11,0,Hourly,RU,AS_NP26_EXP,DAM,RU_CLR_PRC,0.16,24
2024-09-15T19:00:00-00:00,2024-09-15T20:00:00-00:00,2024-09-15,13,0,Hourly,RU,AS_SP26,DAM,RU_CLR_PRC,0,24
2024-09-15T23:00:00-00:00,2024-09-16T00:00:00-00:00,2024-09-15,17,0,Hourly,RU,AS_NP26_EXP,DAM,RU_CLR_PRC,5.15827,24
2024-09-15T23:00:00-00:00,2024-09-16T00:00:00-00:00,2024-09-15,17,0,Hourly,RU,AS_SP26_EXP,DAM,RU_CLR_PRC,0,24
2024-09-16T00:00:00-00:00,2024-09-16T01:00:00-00:00,2024-09-15,18,0,Hourly,RU,AS_SP26,DAM,RU_CLR_PRC,0,24
2024-09-16T01:00:00-00:00,2024-09-16T02:00:00-00:00,2024-09-15,19,0,Hourly,RU,AS_NP26_EXP,DAM,RU_CLR_PRC,0.61104,24
2024-09-16T03:00:00-00:00,2024-09-16T04:00:00-00:00,2024-09-15,21,0,Hourly,RU,AS_NP26,DAM,RU_CLR_PRC,0,24
2024-09-16T03:00:00-00:00,2024-09-16T04:00:00-00:00,2024-09-15,21,0,Hourly,RU,AS_NP26_EXP,DAM,RU_CLR_PRC,0,24
2024-09-16T03:00:00-00:00,2024-09-16T04:00:00-00:00,2024-09-15,21,0,Hourly,RU,AS_SP26_EXP,DAM,RU_CLR_PRC,0,24
2024-09-16T04:00:00-00:00,2024-09-16T05:00:00-00:00,2024-09-15,22,0,Hourly,RU,AS_CAISO_EXP,DAM,RU_CLR_PRC,1.29194,24
2024-09-15T07:00:00-00:00,2024-09-15T08:00:00-00:00,2024-09-15,1,0,Hourly,RU,AS_NP26_EXP,DAM,RU_CLR_PRC,0,24
2024-09-15T07:00:00-00:00,2024-09-15T08:00:00-00:00,2024-09-15,1,0,Hourly,RU,AS_SP26,DAM,RU_CLR_PRC,0,24
2024-09-15T10:00:00-00:00,2024-09-15T11:00:00-00:00,2024-09-15,4,0,Hourly,RU,AS_CAISO,DAM,RU_CLR_PRC,0,24
2024-09-15T10:00:00-00:00,2024-09-15T11:00:00-00:00,2024-09-15,4,0,Hourly,RU,AS_NP26,DAM,RU_CLR_PRC,0,24
2024-09-15T11:00:00-00:00,2024-09-15T12:00:00-00:00,2024-09-15,5,0,Hourly,RU,AS_NP26_EXP,DAM,RU_CLR_PRC,0.22624,24
2024-09-15T11:00:00-00:00,2024-09-15T12:00:00-00:00,2024-09-15,5,0,Hourly,RU,AS_SP26_EXP,DAM,RU_CLR_PRC,0.19891,24
2024-09-15T12:00:00-00:00,2024-09-15T13:00:00-00:00,2024-09-15,6,0,Hourly,RU,AS_NP26_EXP,DAM,RU_CLR_PRC,0.10954,24
2024-09-15T13:00:00-00:00,2024-09-15T14:00:00-00:00,2024-09-15,7,0,Hourly,RU,AS_CAISO,DAM,RU_CLR_PRC,0,24
2024-09-15T13:00:00-00:00,2024-09-15T14:00:00-00:00,2024-09-15,7,0,Hourly,RU,AS_NP26,DAM,RU_CLR_PRC,0,24
2024-09-15T13:00:00-00:00,2024-09-15T14:00:00-00:00,2024-09-15,7,0,Hourly,RU,AS_NP26_EXP,DAM,RU_CLR_PRC,0.95247,24
2024-09-15T15:00:00-00:00,2024-09-15T16:00:00-00:00,2024-09-15,9,0,Hourly,RU,AS_SP26,DAM,RU_CLR_PRC,0,24
2024-09-15T17:00:00-00:00,2024-09-15T18:00:00-00:00,2024-09-15,11,0,Hourly,RU,AS_CAISO_EXP,DAM,RU_CLR_PRC,0.82906,24
2024-09-15T17:00:00-00:00,2024-09-15T18:00:00-00:00,2024-09-15,11,0,Hourly,RU,AS_SP26,DAM,RU_CLR_PRC,0,24
2024-09-15T18:00:00-00:00,2024-09-15T19:00:00-00:00,2024-09-15,12,0,Hourly,RU,AS_CAISO,DAM,RU_CLR_PRC,0,24
2024-09-15T19:00:00-00:00,2024-09-15T20:00:00-00:00,2024-09-15,13,0,Hourly,RU,AS_NP26,DAM,RU_CLR_PRC,0,24
2024-09-15T20:00:00-00:00,2024-09-15T21:00:00-00:00,2024-09-15,14,0,Hourly,RU,AS_CAISO,DAM,RU_CLR_PRC,0,24
2024-09-15T21:00:00-00:00,2024-09-15T22:00:00-00:00,2024-09-15,15,0,Hourly,RU,AS_NP26_EXP,DAM,RU_CLR_PRC,1.36,24
2024-09-15T21:00:00-00:00,2024-09-15T22:00:00-00:00,2024-09-15,15,0,Hourly,RU,AS_SP26,DAM,RU_CLR_PRC,0,24
2024-09-15T22:00:00-00:00,2024-09-15T23:00:00-00:00,2024-09-15,16,0,Hourly,RU,AS_CAISO,DAM,RU_CLR_PRC,0,24
2024-09-15T22:00:00-00:00,2024-09-15T23:00:00-00:00,2024-09-15,16,0,Hourly,RU,AS_NP26_EXP,DAM,RU_CLR_PRC,0.5508,24
2024-09-15T23:00:00-00:00,2024-09-16T00:00:00-00:00,2024-09-15,17,0,Hourly,RU,AS_NP26,DAM,RU_CLR_PRC,0,24
2024-09-15T23:00:00-00:00,2024-09-16T00:00:00-00:00,2024-09-15,17,0,Hourly,RU,AS_SP26,DAM,RU_CLR_PRC,0,24
2024-09-16T00:00:00-00:00,2024-09-16T01:00:00-00:00,2024-09-15,18,0,Hourly,RU,AS_SP26_EXP,DAM,RU_CLR_PRC,0,24
2024-09-16T01:00:00-00:00,2024-09-16T02:00:00-00:00,2024-09-15,19,0,Hourly,RU,AS_NP26,DAM,RU_CLR_PRC,0,24
2024-09-15T07:00:00-00:00,2024-09-15T08:00:00-00:00,2024-09-15,1,0,Hourly,RU,AS_NP26,DAM,RU_CLR_PRC,0,24
2024-09-15T09:00:00-00:00,2024-09-15T10:00:00-00:00,2024-09-15,3,0,Hourly,RU,AS_CAISO,DAM,RU_CLR_PRC,0,24
2024-09-15T09:00:00-00:00,2024-09-15T10:00:00-00:00,2024-09-15,3,0,Hourly,RU,AS_CAISO_EXP,DAM,RU_CLR_PRC,0.14,24
2024-09-15T09:00:00-00:00,2024-09-15T10:00:00-00:00,2024-09-15,3,0,Hourly,RU,AS_SP26,DAM,RU_CLR_PRC,0,24
2024-09-15T09:00:00-00:00,2024-09-15T10:00:00-00:00,2024-09-15,3,0,Hourly,RU,AS_SP26_EXP,DAM,RU_CLR_PRC,0.70668,24
2024-09-15T10:00:00-00:00,2024-09-15T11:00:00-00:00,2024-09-15,4,0,Hourly,RU,AS_NP26_EXP,DAM,RU_CLR_PRC,0.14594,24
2024-09-15T10:00:00-00:00,2024-09-15T11:00:00-00:00,2024-09-15,4,0,Hourly,RU,AS_SP26,DAM,RU_CLR_PRC,0,24
2024-09-15T12:00:00-00:00,2024-09-15T13:00:00-00:00,2024-09-15,6,0,Hourly,RU,AS_CAISO,DAM,RU_CLR_PRC,0,24
2024-09-15T12:00:00-00:00,2024-09-15T13:00:00-00:00,2024-09-15,6,0,Hourly,RU,AS_CAISO_EXP,DAM,RU_CLR_PRC,0.89046,24
2024-09-15T12:00:00-00:00,2024-09-15T13:00:00-00:00,2024-09-15,6,0,Hourly,RU,AS_NP26,DAM,RU_CLR_PRC,0,24
2024-09-15T14:00:00-00:00,2024-09-15T15:00:00-00:00,2024-09-15,8,0,Hourly,RU,AS_CAISO_EXP,DAM,RU_CLR_PRC,3.81,24
2024-09-15T18:00:00-00:00,2024-09-15T19:00:00-00:00,2024-09-15,12,0,Hourly,RU,AS_CAISO_EXP,DAM,RU_CLR_PRC,0.20611,24
2024-09-15T19:00:00-00:00,2024-09-15T20:00:00-00:00,2024-09-15,13,0,Hourly,RU,AS_SP26_EXP,DAM,RU_CLR_PRC,0,24
2024-09-16T06:00:00-00:00,2024-09-16T07:00:00-00:00,2024-09-15,24,0,Hourly,RU,AS_CAISO_EXP,DAM,RU_CLR_PRC,3.06,24
2024-09-16T06:00:00-00:00,2024-09-16T07:00:00-00:00,2024-09-15,24,0,Hourly,RU,AS_SP26,DAM,RU_CLR_PRC,0,24
2024-09-15T08:00:00-00:00,2024-09-15T09:00:00-00:00,2024-09-15,2,0,Hourly,RU,AS_CAISO,DAM,RU_CLR_PRC,0,24
2024-09-15T08:00:00-00:00,2024-09-15T09:00:00-00:00,2024-09-15,2,0,Hourly,RU,AS_CAISO_EXP,DAM,RU_CLR_PRC,0.28755,24
2024-09-15T08:00:00-00:00,2024-09-15T09:00:00-00:00,2024-09-15,2,0,Hourly,RU,AS_NP26,DAM,RU_CLR_PRC,0,24
2024-09-15T08:00:00-00:00,2024-09-15T09:00:00-00:00,2024-09-15,2,0,Hourly,RU,AS_NP26_EXP,DAM,RU_CLR_PRC,0,24
2024-09-15T11:00:00-00:00,2024-09-15T12:00:00-00:00,2024-09-15,5,0,Hourly,RU,AS_CAISO,DAM,RU_CLR_PRC,0,24
2024-09-15T13:00:00-00:00,2024-09-15T14:00:00-00:00,2024-09-15,7,0,Hourly,RU,AS_SP26,DAM,RU_CLR_PRC,0,24
2024-09-15T13:00:00-00:00,2024-09-15T14:00:00-00:00,2024-09-15,7,0,Hourly,RU,AS_SP26_EXP,DAM,RU_CLR_PRC,0,24
2024-09-15T14:00:00-00:00,2024-09-15T15:00:00-00:00,2024-09-15,8,0,Hourly,RU,AS_CAISO,DAM,RU_CLR_PRC,0,24
2024-09-15T15:00:00-00:00,2024-09-15T16:00:00-00:00,2024-09-15,9,0,Hourly,RU,AS_NP26,DAM,RU_CLR_PRC,0,24
2024-09-15T16:00:00-00:00,2024-09-15T17:00:00-00:00,2024-09-15,10,0,Hourly,RU,AS_CAISO,DAM,RU_CLR_PRC,0,24
2024-09-15T17:00:00-00:00,2024-09-15T18:00:00-00:00,2024-09-15,11,0,Hourly,RU,AS_CAISO,DAM,RU_CLR_PRC,0,24
2024-09-15T18:00:00-00:00,2024-09-15T19:00:00-00:00,2024-09-15,12,0,Hourly,RU,AS_SP26_EXP,DAM,RU_CLR_PRC,0,24
2024-09-15T19:00:00-00:00,2024-09-15T20:00:00-00:00,2024-09-15,13,0,Hourly,RU,AS_NP26_EXP,DAM,RU_CLR_PRC,0.36,24
2024-09-15T20:00:00-00:00,2024-09-15T21:00:00-00:00,2024-09-15,14,0,Hourly,RU,AS_NP26,DAM,RU_CLR_PRC,0,24
2024-09-15T21:00:00-00:00,2024-09-15T22:00:00-00:00,2024-09-15,15,0,Hourly,RU,AS_CAISO_EXP,DAM,RU_CLR_PRC,0.36841,24
2024-09-15T22:00:00-00:00,2024-09-15T23:00:00-00:00,2024-09-15,16,0,Hourly,RU,AS_NP26,DAM,RU_CLR_PRC,0,24
2024-09-16T00:00:00-00:00,2024-09-16T01:00:00-00:00,2024-09-15,18,0,Hourly,RU,AS_CAISO,DAM,RU_CLR_PRC,0,24
2024-09-16T01:00:00-00:00,2024-09-16T02:00:00-00:00,2024-09-15,19,0,Hourly,RU,AS_SP26,DAM,RU_CLR_PRC,0,24
2024-09-16T02:00:00-00:00,2024-09-16T03:00:00-00:00,2024-09-15,20,0,Hourly,RU,AS_CAISO_EXP,DAM,RU_CLR_PRC,0.75,24
2024-09-16T02:00:00-00:00,2024-09-16T03:00:00-00:00,2024-09-15,20,0,Hourly,RU,AS_NP26_EXP,DAM,RU_CLR_PRC,0,24
2024-09-16T02:00:00-00:00,2024-09-16T03:00:00-00:00,2024-09-15,20,0,Hourly,RU,AS_SP26,DAM,RU_CLR_PRC,0,24
2024-09-16T04:00:00-00:00,2024-09-16T05:00:00-00:00,2024-09-15,22,0,Hourly,RU,AS_SP26_EXP,DAM,RU_CLR_PRC,0,24
2024-09-16T05:00:00-00:00,2024-09-16T06:00:00-00:00,2024-09-15,23,0,Hourly,RU,AS_CAISO,DAM,RU_CLR_PRC,0,24
2024-09-16T05:00:00-00:00,2024-09-16T06:00:00-00:00,2024-09-15,23,0,Hourly,RU,AS_NP26_EXP,DAM,RU_CLR_PRC,0.13981,24
2024-09-16T06:00:00-00:00,2024-09-16T07:00:00-00:00,2024-09-15,24,0,Hourly,RU,AS_NP26,DAM,RU_CLR_PRC,0,24
2024-09-15T08:00:00-00:00,2024-09-15T09:00:00-00:00,2024-09-15,2,0,Hourly,RU,AS_SP26,DAM,RU_CLR_PRC,0,24
2024-09-15T08:00:00-00:00,2024-09-15T09:00:00-00:00,2024-09-15,2,0,Hourly,RU,AS_SP26_EXP,DAM,RU_CLR_PRC,0.80747,24
2024-09-15T14:00:00-00:00,2024-09-15T15:00:00-00:00,2024-09-15,8,0,Hourly,RU,AS_SP26,DAM,RU_CLR_PRC,0,24
2024-09-15T16:00:00-00:00,2024-09-15T17:00:00-00:00,2024-09-15,10,0,Hourly,RU,AS_SP26_EXP,DAM,RU_CLR_PRC,0,24
2024-09-15T17:00:00-00:00,2024-09-15T18:00:00-00:00,2024-09-15,11,0,Hourly,RU,AS_NP26,DAM,RU_CLR_PRC,0,24
2024-09-15T23:00:00-00:00,2024-09-16T00:00:00-00:00,2024-09-15,17,0,Hourly,RU,AS_CAISO,DAM,RU_CLR_PRC,0,24
2024-09-15T23:00:00-00:00,2024-09-16T00:00:00-00:00,2024-09-15,17,0,Hourly,RU,AS_CAISO_EXP,DAM,RU_CLR_PRC,0.14,24
2024-09-16T01:00:00-00:00,2024-09-16T02:00:00-00:00,2024-09-15,19,0,Hourly,RU,AS_CAISO_EXP,DAM,RU_CLR_PRC,2.98902,24
2024-09-16T03:00:00-00:00,2024-09-16T04:00:00-00:00,2024-09-15,21,0,Hourly,RU,AS_CAISO,DAM,RU_CLR_PRC,0,24
2024-09-16T04:00:00-00:00,2024-09-16T05:00:00-00:00,2024-09-15,22,0,Hourly,RU,AS_CAISO,DAM,RU_CLR_PRC,0,24
2024-09-16T04:00:00-00:00,2024-09-16T05:00:00-00:00,2024-09-15,22,0,Hourly,RU,AS_SP26,DAM,RU_CLR_PRC,0,24
2024-09-16T06:00:00-00:00,2024-09-16T07:00:00-00:00,2024-09-15,24,0,Hourly,RU,AS_SP26_EXP,DAM,RU_CLR_PRC,0,24
2024-09-15T07:00:00-00:00,2024-09-15T08:00:00-00:00,2024-09-15,1,0,Hourly,RU,AS_CAISO_EXP,DAM,RU_CLR_PRC,1.38383,24
2024-09-15T09:00:00-00:00,2024-09-15T10:00:00-00:00,2024-09-15,3,0,Hourly,RU,AS_NP26_EXP,DAM,RU_CLR_PRC,0.14112,24
2024-09-15T10:00:00-00:00,2024-09-15T11:00:00-00:00,2024-09-15,4,0,Hourly,RU,AS_SP26_EXP,DAM,RU_CLR_PRC,0.42928,24
2024-09-15T12:00:00-00:00,2024-09-15T13:00:00-00:00,2024-09-15,6,0,Hourly,RU,AS_SP26_EXP,DAM,RU_CLR_PRC,0.0675,24
2024-09-15T16:00:00-00:00,2024-09-15T17:00:00-00:00,2024-09-15,10,0,Hourly,RU,AS_NP26_EXP,DAM,RU_CLR_PRC,2.44276,24
2024-09-15T17:00:00-00:00,2024-09-15T18:00:00-00:00,2024-09-15,11,0,Hourly,RU,AS_SP26_EXP,DAM,RU_CLR_PRC,1.02203,24
2024-09-15T19:00:00-00:00,2024-09-15T20:00:00-00:00,2024-09-15,13,0,Hourly,RU,AS_CAISO_EXP,DAM,RU_CLR_PRC,0.64,24
2024-09-15T20:00:00-00:00,2024-09-15T21:00:00-00:00,2024-09-15,14,0,Hourly,RU,AS_NP26_EXP,DAM,RU_CLR_PRC,0.74628,24
2024-09-15T20:00:00-00:00,2024-09-15T21:00:00-00:00,2024-09-15,14,0,Hourly,RU,AS_SP26,DAM,RU_CLR_PRC,0,24
2024-09-15T20:00:00-00:00,2024-09-15T21:00:00-00:00,2024-09-15,14,0,Hourly,RU,AS_SP26_EXP,DAM,RU_CLR_PRC,0,24
2024-09-15T22:00:00-00:00,2024-09-15T23:00:00-00:00,2024-09-15,16,0,Hourly,RU,AS_CAISO_EXP,DAM,RU_CLR_PRC,0.14,24
2024-09-15T22:00:00-00:00,2024-09-15T23:00:00-00:00,2024-09-15,16,0,Hourly,RU,AS_SP26,DAM,RU_CLR_PRC,0,24
2024-09-16T08:00:00-00:00,2024-09-16T09:00:00-00:00,2024-09-16,2,0,Hourly,RU,AS_SP26,DAM,RU_CLR_PRC,0,25
2024-09-16T09:00:00-00:00,2024-09-16T10:00:00-00:00,2024-09-16,3,0,Hourly,RU,AS_SP26_EXP,DAM,RU_CLR_PRC,0,25
2024-09-16T10:00:00-00:00,2024-09-16T11:00:00-00:00,2024-09-16,4,0,Hourly,RU,AS_NP26_EXP,DAM,RU_CLR_PRC,0.01,25
2024-09-16T10:00:00-00:00,2024-09-16T11:00:00-00:00,2024-09-16,4,0,Hourly,RU,AS_SP26,DAM,RU_CLR_PRC,0,25
2024-09-16T11:00:00-00:00,2024-09-16T12:00:00-00:00,2024-09-16,5,0,Hourly,RU,AS_NP26_EXP,DAM,RU_CLR_PRC,0.0998,25
2024-09-16T14:00:00-00:00,2024-09-16T15:00:00-00:00,2024-09-16,8,0,Hourly,RU,AS_SP26,DAM,RU_CLR_PRC,0,25
2024-09-16T17:00:00-00:00,2024-09-16T18:00:00-00:00,2024-09-16,11,0,Hourly,RU,AS_CAISO_EXP,DAM,RU_CLR_PRC,0.8,25
2024-09-16T17:00:00-00:00,2024-09-16T18:00:00-00:00,2024-09-16,11,0,Hourly,RU,AS_NP26_EXP,DAM,RU_CLR_PRC,0.2,25
2024-09-16T18:00:00-00:00,2024-09-16T19:00:00-00:00,2024-09-16,12,0,Hourly,RU,AS_NP26_EXP,DAM,RU_CLR_PRC,0.31,25
2024-09-16T19:00:00-00:00,2024-09-16T20:00:00-00:00,2024-09-16,13,0,Hourly,RU,AS_CAISO,DAM,RU_CLR_PRC,0,25
2024-09-16T22:00:00-00:00,2024-09-16T23:00:00-00:00,2024-09-16,16,0,Hourly,RU,AS_CAISO,DAM,RU_CLR_PRC,0,25
2024-09-17T00:00:00-00:00,2024-09-17T01:00:00-00:00,2024-09-16,18,0,Hourly,RU,AS_NP26,DAM,RU_CLR_PRC,0,25
2024-09-17T01:00:00-00:00,2024-09-17T02:00:00-00:00,2024-09-16,19,0,Hourly,RU,AS_SP26_EXP,DAM,RU_CLR_PRC,0,25
2024-09-17T03:00:00-00:00,2024-09-17T04:00:00-00:00,2024-09-16,21,0,Hourly,RU,AS_CAISO,DAM,RU_CLR_PRC,0,25
2024-09-17T05:00:00-00:00,2024-09-17T06:00:00-00:00,2024-09-16,23,0,Hourly,RU,AS_SP26,DAM,RU_CLR_PRC,0,25
2024-09-17T06:00:00-00:00,2024-09-17T07:00:00-00:00,2024-09-16,24,0,Hourly,RU,AS_CAISO_EXP,DAM,RU_CLR_PRC,3.2125,25
2024-09-16T17:00:00-00:00,2024-09-16T18:00:00-00:00,2024-09-16,11,0,Hourly,RU,AS_NP26,DAM,RU_CLR_PRC,0,25
2024-09-16T18:00:00-00:00,2024-09-16T19:00:00-00:00,2024-09-16,12,0,Hourly,RU,AS_CAISO,DAM,RU_CLR_PRC,0,25
2024-09-16T18:00:00-00:00,2024-09-16T19:00:00-00:00,2024-09-16,12,0,Hourly,RU,AS_NP26,DAM,RU_CLR_PRC,0,25
2024-09-16T20:00:00-00:00,2024-09-16T21:00:00-00:00,2024-09-16,14,0,Hourly,RU,AS_NP26_EXP,DAM,RU_CLR_PRC,0.31,25
2024-09-16T21:00:00-00:00,2024-09-16T22:00:00-00:00,2024-09-16,15,0,Hourly,RU,AS_NP26_EXP,DAM,RU_CLR_PRC,0.16,25
2024-09-16T23:00:00-00:00,2024-09-17T00:00:00-00:00,2024-09-16,17,0,Hourly,RU,AS_NP26_EXP,DAM,RU_CLR_PRC,4.86,25
2024-09-17T01:00:00-00:00,2024-09-17T02:00:00-00:00,2024-09-16,19,0,Hourly,RU,AS_NP26_EXP,DAM,RU_CLR_PRC,0,25
2024-09-17T05:00:00-00:00,2024-09-17T06:00:00-00:00,2024-09-16,23,0,Hourly,RU,AS_SP26_EXP,DAM,RU_CLR_PRC,0,25
2024-09-17T06:00:00-00:00,2024-09-17T07:00:00-00:00,2024-09-16,24,0,Hourly,RU,AS_NP26,DAM,RU_CLR_PRC,0,25
2024-09-16T09:00:00-00:00,2024-09-16T10:00:00-00:00,2024-09-16,3,0,Hourly,RU,AS_SP26,DAM,RU_CLR_PRC,0,25
2024-09-16T13:00:00-00:00,2024-09-16T14:00:00-00:00,2024-09-16,7,0,Hourly,RU,AS_SP26,DAM,RU_CLR_PRC,0,25
2024-09-16T14:00:00-00:00,2024-09-16T15:00:00-00:00,2024-09-16,8,0,Hourly,RU,AS_CAISO_EXP,DAM,RU_CLR_PRC,3.6925,25
2024-09-16T16:00:00-00:00,2024-09-16T17:00:00-00:00,2024-09-16,10,0,Hourly,RU,AS_NP26,DAM,RU_CLR_PRC,0,25
2024-09-16T17:00:00-00:00,2024-09-16T18:00:00-00:00,2024-09-16,11,0,Hourly,RU,AS_SP26,DAM,RU_CLR_PRC,0,25
2024-09-16T17:00:00-00:00,2024-09-16T18:00:00-00:00,2024-09-16,11,0,Hourly,RU,AS_SP26_EXP,DAM,RU_CLR_PRC,0.09619,25
2024-09-16T19:00:00-00:00,2024-09-16T20:00:00-00:00,2024-09-16,13,0,Hourly,RU,AS_CAISO_EXP,DAM,RU_CLR_PRC,1.34613,25
2024-09-16T19:00:00-00:00,2024-09-16T20:00:00-00:00,2024-09-16,13,0,Hourly,RU,AS_NP26,DAM,RU_CLR_PRC,0,25
2024-09-16T19:00:00-00:00,2024-09-16T20:00:00-00:00,2024-09-16,13,0,Hourly,RU,AS_NP26_EXP,DAM,RU_CLR_PRC,0.16,25
2024-09-16T20:00:00-00:00,2024-09-16T21:00:00-00:00,2024-09-16,14,0,Hourly,RU,AS_CAISO,DAM,RU_CLR_PRC,0,25
2024-09-16T20:00:00-00:00,2024-09-16T21:00:00-00:00,2024-09-16,14,0,Hourly,RU,AS_SP26,DAM,RU_CLR_PRC,0,25
2024-09-16T21:00:00-00:00,2024-09-16T22:00:00-00:00,2024-09-16,15,0,Hourly,RU,AS_NP26,DAM,RU_CLR_PRC,0,25
2024-09-16T23:00:00-00:00,2024-09-17T00:00:00-00:00,2024-09-16,17,0,Hourly,RU,AS_SP26_EXP,DAM,RU_CLR_PRC,0,25
2024-09-17T00:00:00-00:00,2024-09-17T01:00:00-00:00,2024-09-16,18,0,Hourly,RU,AS_SP26,DAM,RU_CLR_PRC,0,25
2024-09-17T03:00:00-00:00,2024-09-17T04:00:00-00:00,2024-09-16,21,0,Hourly,RU,AS_SP26,DAM,RU_CLR_PRC,0,25
2024-09-17T04:00:00-00:00,2024-09-17T05:00:00-00:00,2024-09-16,22,0,Hourly,RU,AS_CAISO,DAM,RU_CLR_PRC,0,25
2024-09-16T07:00:00-00:00,2024-09-16T08:00:00-00:00,2024-09-16,1,0,Hourly,RU,AS_NP26,DAM,RU_CLR_PRC,0,25
2024-09-16T09:00:00-00:00,2024-09-16T10:00:00-00:00,2024-09-16,3,0,Hourly,RU,AS_NP26,DAM,RU_CLR_PRC,0,25
2024-09-16T10:00:00-00:00,2024-09-16T11:00:00-00:00,2024-09-16,4,0,Hourly,RU,AS_CAISO,DAM,RU_CLR_PRC,0,25
2024-09-16T11:00:00-00:00,2024-09-16T12:00:00-00:00,2024-09-16,5,0,Hourly,RU,AS_CAISO_EXP,DAM,RU_CLR_PRC,0.18411,25
2024-09-16T11:00:00-00:00,2024-09-16T12:00:00-00:00,2024-09-16,5,0,Hourly,RU,AS_SP26_EXP,DAM,RU_CLR_PRC,0,25
2024-09-16T13:00:00-00:00,2024-09-16T14:00:00-00:00,2024-09-16,7,0,Hourly,RU,AS_SP26_EXP,DAM,RU_CLR_PRC,4.20882,25
2024-09-16T14:00:00-00:00,2024-09-16T15:00:00-00:00,2024-09-16,8,0,Hourly,RU,AS_NP26_EXP,DAM,RU_CLR_PRC,0,25
2024-09-16T18:00:00-00:00,2024-09-16T19:00:00-00:00,2024-09-16,12,0,Hourly,RU,AS_SP26_EXP,DAM,RU_CLR_PRC,0,25
2024-09-16T21:00:00-00:00,2024-09-16T22:00:00-00:00,2024-09-16,15,0,Hourly,RU,AS_SP26,DAM,RU_CLR_PRC,0,25
2024-09-16T22:00:00-00:00,2024-09-16T23:00:00-00:00,2024-09-16,16,0,Hourly,RU,AS_CAISO_EXP,DAM,RU_CLR_PRC,0.14,25
2024-09-16T22:00:00-00:00,2024-09-16T23:00:00-00:00,2024-09-16,16,0,Hourly,RU,AS_NP26_EXP,DAM,RU_CLR_PRC,1.72636,25
2024-09-16T23:00:00-00:00,2024-09-17T00:00:00-00:00,2024-09-16,17,0,Hourly,RU,AS_NP26,DAM,RU_CLR_PRC,0,25
2024-09-17T01:00:00-00:00,2024-09-17T02:00:00-00:00,2024-09-16,19,0,Hourly,RU,AS_CAISO,DAM,RU_CLR_PRC,0,25
2024-09-17T01:00:00-00:00,2024-09-17T02:00:00-00:00,2024-09-16,19,0,Hourly,RU,AS_NP26,DAM,RU_CLR_PRC,0,25
2024-09-17T01:00:00-00:00,2024-09-17T02:00:00-00:00,2024-09-16,19,0,Hourly,RU,AS_SP26,DAM,RU_CLR_PRC,0,25
2024-09-17T03:00:00-00:00,2024-09-17T04:00:00-00:00,2024-09-16,21,0,Hourly,RU,AS_NP26_EXP,DAM,RU_CLR_PRC,4.23753,25
2024-09-16T07:00:00-00:00,2024-09-16T08:00:00-00:00,2024-09-16,1,0,Hourly,RU,AS_SP26,DAM,RU_CLR_PRC,0,25
2024-09-16T07:00:00-00:00,2024-09-16T08:00:00-00:00,2024-09-16,1,0,Hourly,RU,AS_SP26_EXP,DAM,RU_CLR_PRC,0,25
2024-09-16T08:00:00-00:00,2024-09-16T09:00:00-00:00,2024-09-16,2,0,Hourly,RU,AS_NP26,DAM,RU_CLR_PRC,0,25
2024-09-16T08:00:00-00:00,2024-09-16T09:00:00-00:00,2024-09-16,2,0,Hourly,RU,AS_NP26_EXP,DAM,RU_CLR_PRC,0.01,25
2024-09-16T08:00:00-00:00,2024-09-16T09:00:00-00:00,2024-09-16,2,0,Hourly,RU,AS_SP26_EXP,DAM,RU_CLR_PRC,0.67037,25
2024-09-16T09:00:00-00:00,2024-09-16T10:00:00-00:00,2024-09-16,3,0,Hourly,RU,AS_NP26_EXP,DAM,RU_CLR_PRC,0.01,25
2024-09-16T10:00:00-00:00,2024-09-16T11:00:00-00:00,2024-09-16,4,0,Hourly,RU,AS_CAISO_EXP,DAM,RU_CLR_PRC,0.18989,25
2024-09-16T10:00:00-00:00,2024-09-16T11:00:00-00:00,2024-09-16,4,0,Hourly,RU,AS_NP26,DAM,RU_CLR_PRC,0,25
2024-09-16T11:00:00-00:00,2024-09-16T12:00:00-00:00,2024-09-16,5,0,Hourly,RU,AS_NP26,DAM,RU_CLR_PRC,0,25
2024-09-16T12:00:00-00:00,2024-09-16T13:00:00-00:00,2024-09-16,6,0,Hourly,RU,AS_CAISO_EXP,DAM,RU_CLR_PRC,0.64,25
2024-09-16T12:00:00-00:00,2024-09-16T13:00:00-00:00,2024-09-16,6,0,Hourly,RU,AS_NP26_EXP,DAM,RU_CLR_PRC,0.48941,25
2024-09-16T12:00:00-00:00,2024-09-16T13:00:00-00:00,2024-09-16,6,0,Hourly,RU,AS_SP26,DAM,RU_CLR_PRC,0,25
2024-09-16T12:00:00-00:00,2024-09-16T13:00:00-00:00,2024-09-16,6,0,Hourly,RU,AS_SP26_EXP,DAM,RU_CLR_PRC,0.31561,25
2024-09-16T13:00:00-00:00,2024-09-16T14:00:00-00:00,2024-09-16,7,0,Hourly,RU,AS_CAISO,DAM,RU_CLR_PRC,0,25
2024-09-16T15:00:00-00:00,2024-09-16T16:00:00-00:00,2024-09-16,9,0,Hourly,RU,AS_NP26,DAM,RU_CLR_PRC,0,25
2024-09-16T15:00:00-00:00,2024-09-16T16:00:00-00:00,2024-09-16,9,0,Hourly,RU,AS_SP26,DAM,RU_CLR_PRC,0,25
2024-09-16T20:00:00-00:00,2024-09-16T21:00:00-00:00,2024-09-16,14,0,Hourly,RU,AS_CAISO_EXP,DAM,RU_CLR_PRC,1.06237,25
2024-09-16T20:00:00-00:00,2024-09-16T21:00:00-00:00,2024-09-16,14,0,Hourly,RU,AS_NP26,DAM,RU_CLR_PRC,0,25
2024-09-16T21:00:00-00:00,2024-09-16T22:00:00-00:00,2024-09-16,15,0,Hourly,RU,AS_CAISO_EXP,DAM,RU_CLR_PRC,0.98092,25
2024-09-17T00:00:00-00:00,2024-09-17T01:00:00-00:00,2024-09-16,18,0,Hourly,RU,AS_CAISO_EXP,DAM,RU_CLR_PRC,0.14,25
2024-09-17T04:00:00-00:00,2024-09-17T05:00:00-00:00,2024-09-16,22,0,Hourly,RU,AS_CAISO_EXP,DAM,RU_CLR_PRC,0.72666,25
2024-09-17T05:00:00-00:00,2024-09-17T06:00:00-00:00,2024-09-16,23,0,Hourly,RU,AS_NP26_EXP,DAM,RU_CLR_PRC,0,25
2024-09-17T06:00:00-00:00,2024-09-17T07:00:00-00:00,2024-09-16,24,0,Hourly,RU,AS_NP26_EXP,DAM,RU_CLR_PRC,0,25
2024-09-16T07:00:00-00:00,2024-09-16T08:00:00-00:00,2024-09-16,1,0,Hourly,RU,AS_NP26_EXP,DAM,RU_CLR_PRC,0,25
2024-09-16T08:00:00-00:00,2024-09-16T09:00:00-00:00,2024-09-16,2,0,Hourly,RU,AS_CAISO,DAM,RU_CLR_PRC,0,25
2024-09-16T08:00:00-00:00,2024-09-16T09:00:00-00:00,2024-09-16,2,0,Hourly,RU,AS_CAISO_EXP,DAM,RU_CLR_PRC,0.2738,25
2024-09-16T13:00:00-00:00,2024-09-16T14:00:00-00:00,2024-09-16,7,0,Hourly,RU,AS_NP26,DAM,RU_CLR_PRC,0,25
2024-09-16T14:00:00-00:00,2024-09-16T15:00:00-00:00,2024-09-16,8,0,Hourly,RU,AS_SP26_EXP,DAM,RU_CLR_PRC,0,25
2024-09-16T15:00:00-00:00,2024-09-16T16:00:00-00:00,2024-09-16,9,0,Hourly,RU,AS_CAISO,DAM,RU_CLR_PRC,0,25
2024-09-16T15:00:00-00:00,2024-09-16T16:00:00-00:00,2024-09-16,9,0,Hourly,RU,AS_NP26_EXP,DAM,RU_CLR_PRC,0.25,25
2024-09-16T16:00:00-00:00,2024-09-16T17:00:00-00:00,2024-09-16,10,0,Hourly,RU,AS_CAISO,DAM,RU_CLR_PRC,0,25
2024-09-16T16:00:00-00:00,2024-09-16T17:00:00-00:00,2024-09-16,10,0,Hourly,RU,AS_CAISO_EXP,DAM,RU_CLR_PRC,2.19508,25
2024-09-16T16:00:00-00:00,2024-09-16T17:00:00-00:00,2024-09-16,10,0,Hourly,RU,AS_SP26,DAM,RU_CLR_PRC,0,25
2024-09-16T18:00:00-00:00,2024-09-16T19:00:00-00:00,2024-09-16,12,0,Hourly,RU,AS_SP26,DAM,RU_CLR_PRC,0,25
2024-09-16T19:00:00-00:00,2024-09-16T20:00:00-00:00,2024-09-16,13,0,Hourly,RU,AS_SP26,DAM,RU_CLR_PRC,0,25
2024-09-16T21:00:00-00:00,2024-09-16T22:00:00-00:00,2024-09-16,15,0,Hourly,RU,AS_SP26_EXP,DAM,RU_CLR_PRC,0,25
2024-09-16T23:00:00-00:00,2024-09-17T00:00:00-00:00,2024-09-16,17,0,Hourly,RU,AS_CAISO_EXP,DAM,RU_CLR_PRC,0.14,25
2024-09-17T00:00:00-00:00,2024-09-17T01:00:00-00:00,2024-09-16,18,0,Hourly,RU,AS_SP26_EXP,DAM,RU_CLR_PRC,0,25
2024-09-17T02:00:00-00:00,2024-09-17T03:00:00-00:00,2024-09-16,20,0,Hourly,RU,AS_CAISO,DAM,RU_CLR_PRC,0,25
2024-09-17T02:00:00-00:00,2024-09-17T03:00:00-00:00,2024-09-16,20,0,Hourly,RU,AS_CAISO_EXP,DAM,RU_CLR_PRC,1.01,25
2024-09-17T02:00:00-00:00,2024-09-17T03:00:00-00:00,2024-09-16,20,0,Hourly,RU,AS_NP26,DAM,RU_CLR_PRC,0,25
2024-09-17T02:00:00-00:00,2024-09-17T03:00:00-00:00,2024-09-16,20,0,Hourly,RU,AS_NP26_EXP,DAM,RU_CLR_PRC,3.99,25
2024-09-17T03:00:00-00:00,2024-09-17T04:00:00-00:00,2024-09-16,21,0,Hourly,RU,AS_CAISO_EXP,DAM,RU_CLR_PRC,0.75,25
2024-09-17T05:00:00-00:00,2024-09-17T06:00:00-00:00,2024-09-16,23,0,Hourly,RU,AS_NP26,DAM,RU_CLR_PRC,0,25
2024-09-17T06:00:00-00:00,2024-09-17T07:00:00-00:00,2024-09-16,24,0,Hourly,RU,AS_SP26,DAM,RU_CLR_PRC,0,25
2024-09-16T12:00:00-00:00,2024-09-16T13:00:00-00:00,2024-09-16,6,0,Hourly,RU,AS_NP26,DAM,RU_CLR_PRC,0,25
2024-09-16T14:00:00-00:00,2024-09-16T15:00:00-00:00,2024-09-16,8,0,Hourly,RU,AS_CAISO,DAM,RU_CLR_PRC,0,25
2024-09-16T15:00:00-00:00,2024-09-16T16:00:00-00:00,2024-09-16,9,0,Hourly,RU,AS_SP26_EXP,DAM,RU_CLR_PRC,0,25
2024-09-16T17:00:00-00:00,2024-09-16T18:00:00-00:00,2024-09-16,11,0,Hourly,RU,AS_CAISO,DAM,RU_CLR_PRC,0,25
2024-09-16T19:00:00-00:00,2024-09-16T20:00:00-00:00,2024-09-16,13,0,Hourly,RU,AS_SP26_EXP,DAM,RU_CLR_PRC,0,25
2024-09-16T20:00:00-00:00,2024-09-16T21:00:00-00:00,2024-09-16,14,0,Hourly,RU,AS_SP26_EXP,DAM,RU_CLR_PRC,0,25
2024-09-16T21:00:00-00:00,2024-09-16T22:00:00-00:00,2024-09-16,15,0,Hourly,RU,AS_CAISO,DAM,RU_CLR_PRC,0,25
2024-09-16T22:00:00-00:00,2024-09-16T23:00:00-00:00,2024-09-16,16,0,Hourly,RU,AS_SP26_EXP,DAM,RU_CLR_PRC,0,25
2024-09-16T23:00:00-00:00,2024-09-17T00:00:00-00:00,2024-09-16,17,0,Hourly,RU,AS_SP26,DAM,RU_CLR_PRC,0,25
2024-09-17T00:00:00-00:00,2024-09-17T01:00:00-00:00,2024-09-16,18,0,Hourly,RU,AS_CAISO,DAM,RU_CLR_PRC,0,25
2024-09-17T03:00:00-00:00,2024-09-17T04:00:00-00:00,2024-09-16,21,0,Hourly,RU,AS_SP26_EXP,DAM,RU_CLR_PRC,0,25
2024-09-17T04:00:00-00:00,2024-09-17T05:00:00-00:00,2024-09-16,22,0,Hourly,RU,AS_NP26,DAM,RU_CLR_PRC,0,25
2024-09-17T04:00:00-00:00,2024-09-17T05:00:00-00:00,2024-09-16,22,0,Hourly,RU,AS_SP26,DAM,RU_CLR_PRC,0,25
2024-09-17T05:00:00-00:00,2024-09-17T06:00:00-00:00,2024-09-16,23,0,Hourly,RU,AS_CAISO_EXP,DAM,RU_CLR_PRC,1.05,25
2024-09-17T06:00:00-00:00,2024-09-17T07:00:00-00:00,2024-09-16,24,0,Hourly,RU,AS_CAISO,DAM,RU_CLR_PRC,0,25
2024-09-17T06:00:00-00:00,2024-09-17T07:00:00-00:00,2024-09-16,24,0,Hourly,RU,AS_SP26_EXP,DAM,RU_CLR_PRC,0,25
2024-09-16T09:00:00-00:00,2024-09-16T10:00:00-00:00,2024-09-16,3,0,Hourly,RU,AS_CAISO,DAM,RU_CLR_PRC,0,25
2024-09-16T12:00:00-00:00,2024-09-16T13:00:00-00:00,2024-09-16,6,0,Hourly,RU,AS_CAISO,DAM,RU_CLR_PRC,0,25
2024-09-16T16:00:00-00:00,2024-09-16T17:00:00-00:00,2024-09-16,10,0,Hourly,RU,AS_SP26_EXP,DAM,RU_CLR_PRC,0,25
2024-09-16T18:00:00-00:00,2024-09-16T19:00:00-00:00,2024-09-16,12,0,Hourly,RU,AS_CAISO_EXP,DAM,RU_CLR_PRC,0.69,25
2024-09-16T22:00:00-00:00,2024-09-16T23:00:00-00:00,2024-09-16,16,0,Hourly,RU,AS_NP26,DAM,RU_CLR_PRC,0,25
2024-09-16T22:00:00-00:00,2024-09-16T23:00:00-00:00,2024-09-16,16,0,Hourly,RU,AS_SP26,DAM,RU_CLR_PRC,0,25
2024-09-16T23:00:00-00:00,2024-09-17T00:00:00-00:00,2024-09-16,17,0,Hourly,RU,AS_CAISO,DAM,RU_CLR_PRC,0,25
2024-09-17T00:00:00-00:00,2024-09-17T01:00:00-00:00,2024-09-16,18,0,Hourly,RU,AS_NP26_EXP,DAM,RU_CLR_PRC,3.89733,25
2024-09-17T01:00:00-00:00,2024-09-17T02:00:00-00:00,2024-09-16,19,0,Hourly,RU,AS_CAISO_EXP,DAM,RU_CLR_PRC,1.25237,25
2024-09-17T02:00:00-00:00,2024-09-17T03:00:00-00:00,2024-09-16,20,0,Hourly,RU,AS_SP26,DAM,RU_CLR_PRC,0,25
2024-09-17T02:00:00-00:00,2024-09-17T03:00:00-00:00,2024-09-16,20,0,Hourly,RU,AS_SP26_EXP,DAM,RU_CLR_PRC,0,25
2024-09-17T03:00:00-00:00,2024-09-17T04:00:00-00:00,2024-09-16,21,0,Hourly,RU,AS_NP26,DAM,RU_CLR_PRC,0,25
2024-09-17T04:00:00-00:00,2024-09-17T05:00:00-00:00,2024-09-16,22,0,Hourly,RU,AS_NP26_EXP,DAM,RU_CLR_PRC,0.34334,25
2024-09-17T04:00:00-00:00,2024-09-17T05:00:00-00:00,2024-09-16,22,0,Hourly,RU,AS_SP26_EXP,DAM,RU_CLR_PRC,0,25
2024-09-17T05:00:00-00:00,2024-09-17T06:00:00-00:00,2024-09-16,23,0,Hourly,RU,AS_CAISO,DAM,RU_CLR_PRC,0,25
2024-09-16T07:00:00-00:00,2024-09-16T08:00:00-00:00,2024-09-16,1,0,Hourly,RU,AS_CAISO,DAM,RU_CLR_PRC,0,25
2024-09-16T07:00:00-00:00,2024-09-16T08:00:00-00:00,2024-09-16,1,0,Hourly,RU,AS_CAISO_EXP,DAM,RU_CLR_PRC,1,25
2024-09-16T09:00:00-00:00,2024-09-16T10:00:00-00:00,2024-09-16,3,0,Hourly,RU,AS_CAISO_EXP,DAM,RU_CLR_PRC,0.49213,25
2024-09-16T10:00:00-00:00,2024-09-16T11:00:00-00:00,2024-09-16,4,0,Hourly,RU,AS_SP26_EXP,DAM,RU_CLR_PRC,0.73687,25
2024-09-16T11:00:00-00:00,2024-09-16T12:00:00-00:00,2024-09-16,5,0,Hourly,RU,AS_CAISO,DAM,RU_CLR_PRC,0,25
2024-09-16T11:00:00-00:00,2024-09-16T12:00:00-00:00,2024-09-16,5,0,Hourly,RU,AS_SP26,DAM,RU_CLR_PRC,0,25
2024-09-16T13:00:00-00:00,2024-09-16T14:00:00-00:00,2024-09-16,7,0,Hourly,RU,AS_CAISO_EXP,DAM,RU_CLR_PRC,1.93425,25
2024-09-16T13:00:00-00:00,2024-09-16T14:00:00-00:00,2024-09-16,7,0,Hourly,RU,AS_NP26_EXP,DAM,RU_CLR_PRC,0,25
2024-09-16T14:00:00-00:00,2024-09-16T15:00:00-00:00,2024-09-16,8,0,Hourly,RU,AS_NP26,DAM,RU_CLR_PRC,0,25
2024-09-16T15:00:00-00:00,2024-09-16T16:00:00-00:00,2024-09-16,9,0,Hourly,RU,AS_CAISO_EXP,DAM,RU_CLR_PRC,1.51039,25
2024-09-16T16:00:00-00:00,2024-09-16T17:00:00-00:00,2024-09-16,10,0,Hourly,RU,AS_NP26_EXP,DAM,RU_CLR_PRC,0.52492,25
2024-09-17T07:00:00-00:00,2024-09-17T08:00:00-00:00,2024-09-17,1,0,Hourly,RU,AS_CAISO_EXP,DAM,RU_CLR_PRC,0.64,26
2024-09-17T07:00:00-00:00,2024-09-17T08:00:00-00:00,2024-09-17,1,0,Hourly,RU,AS_NP26_EXP,DAM,RU_CLR_PRC,0.36,26
2024-09-17T07:00:00-00:00,2024-09-17T08:00:00-00:00,2024-09-17,1,0,Hourly,RU,AS_SP26_EXP,DAM,RU_CLR_PRC,0.04552,26
2024-09-17T07:00:00-00:00,2024-09-17T08:00:00-00:00,2024-09-17,1,0,Hourly,RU,AS_SP26,DAM,RU_CLR_PRC,0,26
2024-09-17T07:00:00-00:00,2024-09-17T08:00:00-00:00,2024-09-17,1,0,Hourly,RU,AS_NP26,DAM,RU_CLR_PRC,0,26
2024-09-17T07:00:00-00:00,2024-09-17T08:00:00-00:00,2024-09-17,1,0,Hourly,RU,AS_CAISO,DAM,RU_CLR_PRC,0,26
