facility_name,facility_id,unit_id,unit_capacity_mw,plant_capacity_mw,unit_pct_of_plant,plant_group,capacity_source,outage_start,outage_end,duration_days,peer_units_online,total_units_at_plant
Danskammer Generating Station,2480,1,72.0,532.0,13.5,ST_GAS,eia_exact,2020-01-01,2020-06-02,153.2,3,4
Danskammer Generating Station,2480,1,72.0,532.0,13.5,ST_GAS,eia_exact,2020-06-02,2020-12-11,191.7,3,4
Danskammer Generating Station,2480,1,72.0,532.0,13.5,ST_GAS,eia_exact,2020-12-11,2020-12-31,20.2,3,4
Danskammer Generating Station,2480,1,72.0,532.0,13.5,ST_GAS,eia_exact,2022-01-01,2022-06-15,165.4,3,4
Danskammer Generating Station,2480,1,72.0,532.0,13.5,ST_GAS,eia_exact,2022-06-15,2022-11-09,146.5,3,4
Danskammer Generating Station,2480,1,72.0,532.0,13.5,ST_GAS,eia_exact,2022-11-09,2022-12-31,52.2,3,4
Danskammer Generating Station,2480,2,73.5,532.0,13.8,ST_GAS,eia_exact,2025-01-01,2025-04-08,97.3,3,4
Danskammer Generating Station,2480,2,73.5,532.0,13.8,ST_GAS,eia_exact,2025-04-08,2025-12-31,267.2,3,4
Danskammer Generating Station,2480,2,73.5,532.0,13.8,ST_GAS,eia_exact,2026-01-01,2026-01-13,12.3,1,4
Danskammer Generating Station,2480,2,73.5,532.0,13.8,ST_GAS,eia_exact,2026-01-13,2026-03-06,51.5,1,4
Danskammer Generating Station,2480,2,73.5,532.0,13.8,ST_GAS,eia_exact,2026-03-06,2026-03-31,25.2,1,4
Danskammer Generating Station,2480,3,147.1,532.0,27.7,ST_GAS,eia_exact,2019-01-01,2019-07-16,196.1,3,4
Danskammer Generating Station,2480,3,147.1,532.0,27.7,ST_GAS,eia_exact,2019-07-16,2019-11-05,111.5,3,4
Danskammer Generating Station,2480,3,147.1,532.0,27.7,ST_GAS,eia_exact,2019-11-05,2019-12-31,56.2,3,4
Danskammer Generating Station,2480,3,147.1,532.0,27.7,ST_GAS,eia_exact,2020-01-01,2020-07-07,188.1,3,4
Danskammer Generating Station,2480,3,147.1,532.0,27.7,ST_GAS,eia_exact,2020-07-07,2020-11-10,125.5,3,4
Danskammer Generating Station,2480,3,147.1,532.0,27.7,ST_GAS,eia_exact,2020-11-10,2020-12-31,51.2,3,4
Danskammer Generating Station,2480,3,147.1,532.0,27.7,ST_GAS,eia_exact,2021-01-01,2021-07-13,193.1,3,4
Danskammer Generating Station,2480,3,147.1,532.0,27.7,ST_GAS,eia_exact,2021-07-13,2021-11-09,118.5,3,4
Danskammer Generating Station,2480,3,147.1,532.0,27.7,ST_GAS,eia_exact,2021-11-09,2021-12-31,52.2,3,4
Danskammer Generating Station,2480,3,147.1,532.0,27.7,ST_GAS,eia_exact,2022-01-01,2022-07-18,198.5,3,4
Danskammer Generating Station,2480,3,147.1,532.0,27.7,ST_GAS,eia_exact,2022-07-19,2022-08-04,15.4,3,4
Danskammer Generating Station,2480,3,147.1,532.0,27.7,ST_GAS,eia_exact,2022-08-10,2022-11-08,90.2,3,4
Danskammer Generating Station,2480,3,147.1,532.0,27.7,ST_GAS,eia_exact,2022-11-08,2022-12-31,53.2,3,4
Danskammer Generating Station,2480,3,147.1,532.0,27.7,ST_GAS,eia_exact,2023-01-01,2023-06-13,163.1,3,4
Danskammer Generating Station,2480,3,147.1,532.0,27.7,ST_GAS,eia_exact,2023-06-13,2023-09-05,83.6,3,4
Danskammer Generating Station,2480,3,147.1,532.0,27.7,ST_GAS,eia_exact,2023-09-06,2023-11-21,75.3,3,4
Danskammer Generating Station,2480,3,147.1,532.0,27.7,ST_GAS,eia_exact,2023-11-21,2023-12-31,40.2,3,4
Danskammer Generating Station,2480,3,147.1,532.0,27.7,ST_GAS,eia_exact,2024-01-01,2024-06-04,155.1,3,4
Danskammer Generating Station,2480,3,147.1,532.0,27.7,ST_GAS,eia_exact,2024-06-04,2024-07-15,40.3,3,4
Danskammer Generating Station,2480,3,147.1,532.0,27.7,ST_GAS,eia_exact,2024-07-16,2024-12-10,146.5,3,4
Danskammer Generating Station,2480,3,147.1,532.0,27.7,ST_GAS,eia_exact,2024-12-10,2024-12-31,21.1,3,4
Danskammer Generating Station,2480,3,147.1,532.0,27.7,ST_GAS,eia_exact,2025-01-01,2025-07-28,208.4,3,4
Danskammer Generating Station,2480,3,147.1,532.0,27.7,ST_GAS,eia_exact,2025-07-29,2025-08-11,12.5,3,4
Danskammer Generating Station,2480,3,147.1,532.0,27.7,ST_GAS,eia_exact,2025-08-12,2025-08-19,6.2,3,4
Danskammer Generating Station,2480,3,147.1,532.0,27.7,ST_GAS,eia_exact,2025-08-19,2025-11-12,84.5,3,4
Danskammer Generating Station,2480,3,147.1,532.0,27.7,ST_GAS,eia_exact,2025-11-12,2025-12-31,49.1,3,4
Danskammer Generating Station,2480,4,239.4,532.0,45.0,ST_GAS,eia_exact,2019-01-01,2019-03-26,84.2,3,4
Danskammer Generating Station,2480,4,239.4,532.0,45.0,ST_GAS,eia_exact,2019-03-26,2019-08-06,132.3,3,4
Danskammer Generating Station,2480,4,239.4,532.0,45.0,ST_GAS,eia_exact,2019-08-06,2019-12-31,147.3,3,4
Danskammer Generating Station,2480,4,239.4,532.0,45.0,ST_GAS,eia_exact,2020-01-01,2020-02-18,48.2,3,4
Danskammer Generating Station,2480,4,239.4,532.0,45.0,ST_GAS,eia_exact,2020-02-18,2020-08-10,173.5,3,4
Danskammer Generating Station,2480,4,239.4,532.0,45.0,ST_GAS,eia_exact,2020-08-11,2020-08-19,7.3,3,4
Danskammer Generating Station,2480,4,239.4,532.0,45.0,ST_GAS,eia_exact,2020-08-19,2020-12-31,134.3,3,4
Danskammer Generating Station,2480,4,239.4,532.0,45.0,ST_GAS,eia_exact,2021-01-01,2021-04-06,95.2,3,4
Danskammer Generating Station,2480,4,239.4,532.0,45.0,ST_GAS,eia_exact,2021-04-06,2021-06-29,83.5,3,4
Danskammer Generating Station,2480,4,239.4,532.0,45.0,ST_GAS,eia_exact,2021-06-30,2021-08-03,33.4,3,4
Danskammer Generating Station,2480,4,239.4,532.0,45.0,ST_GAS,eia_exact,2021-08-03,2021-12-31,150.3,3,4
Danskammer Generating Station,2480,4,239.4,532.0,45.0,ST_GAS,eia_exact,2022-01-01,2022-03-16,74.3,3,4
Danskammer Generating Station,2480,4,239.4,532.0,45.0,ST_GAS,eia_exact,2022-03-16,2022-07-18,123.8,3,4
Danskammer Generating Station,2480,4,239.4,532.0,45.0,ST_GAS,eia_exact,2022-07-22,2022-08-02,11.4,3,4
Danskammer Generating Station,2480,4,239.4,532.0,45.0,ST_GAS,eia_exact,2022-08-09,2022-08-30,21.5,3,4
Danskammer Generating Station,2480,4,239.4,532.0,45.0,ST_GAS,eia_exact,2022-08-31,2022-12-31,123.0,3,4
Danskammer Generating Station,2480,4,239.4,532.0,45.0,ST_GAS,eia_exact,2023-01-01,2023-02-08,38.3,3,4
Danskammer Generating Station,2480,4,239.4,532.0,45.0,ST_GAS,eia_exact,2023-02-08,2023-04-17,67.3,3,4
Danskammer Generating Station,2480,4,239.4,532.0,45.0,ST_GAS,eia_exact,2023-04-17,2023-06-14,57.2,3,4
Danskammer Generating Station,2480,4,239.4,532.0,45.0,ST_GAS,eia_exact,2023-06-14,2023-07-18,33.6,3,4
Danskammer Generating Station,2480,4,239.4,532.0,45.0,ST_GAS,eia_exact,2023-07-19,2023-09-05,48.4,3,4
Danskammer Generating Station,2480,4,239.4,532.0,45.0,ST_GAS,eia_exact,2023-09-08,2023-12-31,114.2,3,4
Danskammer Generating Station,2480,4,239.4,532.0,45.0,ST_GAS,eia_exact,2024-01-01,2024-03-05,64.3,3,4
Danskammer Generating Station,2480,4,239.4,532.0,45.0,ST_GAS,eia_exact,2024-03-05,2024-06-18,104.5,3,4
Danskammer Generating Station,2480,4,239.4,532.0,45.0,ST_GAS,eia_exact,2024-06-20,2024-07-09,19.1,3,4
Danskammer Generating Station,2480,4,239.4,532.0,45.0,ST_GAS,eia_exact,2024-07-10,2024-07-15,5.3,3,4
Danskammer Generating Station,2480,4,239.4,532.0,45.0,ST_GAS,eia_exact,2024-07-17,2024-08-27,40.9,3,4
Danskammer Generating Station,2480,4,239.4,532.0,45.0,ST_GAS,eia_exact,2024-08-27,2024-12-31,126.1,3,4
Danskammer Generating Station,2480,4,239.4,532.0,45.0,ST_GAS,eia_exact,2025-01-01,2025-03-12,70.4,3,4
Danskammer Generating Station,2480,4,239.4,532.0,45.0,ST_GAS,eia_exact,2025-03-12,2025-06-23,102.4,3,4
Danskammer Generating Station,2480,4,239.4,532.0,45.0,ST_GAS,eia_exact,2025-06-25,2025-07-09,13.4,3,4
Danskammer Generating Station,2480,4,239.4,532.0,45.0,ST_GAS,eia_exact,2025-07-09,2025-07-16,6.4,3,4
Danskammer Generating Station,2480,4,239.4,532.0,45.0,ST_GAS,eia_exact,2025-07-18,2025-07-28,10.4,3,4
Danskammer Generating Station,2480,4,239.4,532.0,45.0,ST_GAS,eia_exact,2025-07-30,2025-08-11,11.4,3,4
Danskammer Generating Station,2480,4,239.4,532.0,45.0,ST_GAS,eia_exact,2025-08-13,2025-12-31,141.0,3,4
Danskammer Generating Station,2480,4,239.4,532.0,45.0,ST_GAS,eia_exact,2026-01-01,2026-03-24,82.3,1,4
Danskammer Generating Station,2480,4,239.4,532.0,45.0,ST_GAS,eia_exact,2026-03-24,2026-03-31,7.2,1,4
Arthur Kill,2490,20,349.0,903.0,38.6,ST_GAS,observed_peak,2019-01-19,2019-02-28,40.6,2,3
Arthur Kill,2490,20,349.0,903.0,38.6,ST_GAS,observed_peak,2019-05-09,2019-05-16,6.8,2,3
Arthur Kill,2490,20,349.0,903.0,38.6,ST_GAS,observed_peak,2019-07-24,2019-07-29,5.3,2,3
Arthur Kill,2490,20,349.0,903.0,38.6,ST_GAS,observed_peak,2019-10-10,2019-10-18,7.7,2,3
Arthur Kill,2490,20,349.0,903.0,38.6,ST_GAS,observed_peak,2019-10-22,2019-10-28,6.7,2,3
Arthur Kill,2490,20,353.0,904.0,39.0,ST_GAS,observed_peak,2020-01-01,2020-01-06,5.4,2,3
Arthur Kill,2490,20,353.0,904.0,39.0,ST_GAS,observed_peak,2020-01-17,2020-02-21,35.8,2,3
Arthur Kill,2490,20,353.0,904.0,39.0,ST_GAS,observed_peak,2020-02-23,2020-05-30,96.8,2,3
Arthur Kill,2490,20,353.0,904.0,39.0,ST_GAS,observed_peak,2020-06-19,2020-06-25,6.2,2,3
Arthur Kill,2490,20,353.0,904.0,39.0,ST_GAS,observed_peak,2020-09-04,2020-09-12,8.3,2,3
Arthur Kill,2490,20,353.0,904.0,39.0,ST_GAS,observed_peak,2020-10-22,2020-10-31,9.8,2,3
Arthur Kill,2490,20,353.0,904.0,39.0,ST_GAS,observed_peak,2020-12-12,2020-12-31,19.5,2,3
Arthur Kill,2490,20,353.0,906.0,39.0,ST_GAS,observed_peak,2021-01-01,2021-01-06,5.2,2,3
Arthur Kill,2490,20,353.0,906.0,39.0,ST_GAS,observed_peak,2021-01-12,2021-01-19,6.9,2,3
Arthur Kill,2490,20,353.0,906.0,39.0,ST_GAS,observed_peak,2021-02-10,2021-03-15,33.8,2,3
Arthur Kill,2490,20,353.0,906.0,39.0,ST_GAS,observed_peak,2021-03-16,2021-03-24,7.8,2,3
Arthur Kill,2490,20,353.0,906.0,39.0,ST_GAS,observed_peak,2021-04-06,2021-04-13,7.9,2,3
Arthur Kill,2490,20,353.0,906.0,39.0,ST_GAS,observed_peak,2021-04-23,2021-04-30,7.8,2,3
Arthur Kill,2490,20,353.0,906.0,39.0,ST_GAS,observed_peak,2021-10-01,2021-10-11,10.8,2,3
Arthur Kill,2490,20,353.0,906.0,39.0,ST_GAS,observed_peak,2021-10-29,2021-11-15,17.4,2,3
Arthur Kill,2490,20,353.0,906.0,39.0,ST_GAS,observed_peak,2021-11-21,2021-12-08,17.3,2,3
Arthur Kill,2490,20,353.0,906.0,39.0,ST_GAS,observed_peak,2021-12-09,2021-12-15,6.2,2,3
Arthur Kill,2490,20,353.0,906.0,39.0,ST_GAS,observed_peak,2021-12-24,2021-12-31,8.0,2,3
Arthur Kill,2490,20,371.0,923.0,40.2,ST_GAS,observed_peak,2022-01-01,2022-01-13,12.4,2,3
Arthur Kill,2490,20,371.0,923.0,40.2,ST_GAS,observed_peak,2022-01-24,2022-02-02,8.5,2,3
Arthur Kill,2490,20,371.0,923.0,40.2,ST_GAS,observed_peak,2022-04-18,2022-04-25,6.9,2,3
Arthur Kill,2490,20,371.0,923.0,40.2,ST_GAS,observed_peak,2022-05-05,2022-05-10,5.4,2,3
Arthur Kill,2490,20,371.0,923.0,40.2,ST_GAS,observed_peak,2022-10-02,2022-10-09,7.8,2,3
Arthur Kill,2490,20,371.0,923.0,40.2,ST_GAS,observed_peak,2022-10-14,2022-10-24,10.8,2,3
Arthur Kill,2490,20,371.0,923.0,40.2,ST_GAS,observed_peak,2022-11-05,2022-11-20,15.9,2,3
Arthur Kill,2490,20,373.0,931.0,40.1,ST_GAS,observed_peak,2023-01-14,2023-02-24,41.6,2,3
Arthur Kill,2490,20,373.0,931.0,40.1,ST_GAS,observed_peak,2023-06-03,2023-06-10,7.8,2,3
Arthur Kill,2490,20,373.0,931.0,40.1,ST_GAS,observed_peak,2023-07-06,2023-07-11,5.3,2,3
Arthur Kill,2490,20,373.0,931.0,40.1,ST_GAS,observed_peak,2023-09-06,2023-09-12,5.9,2,3
Arthur Kill,2490,20,373.0,931.0,40.1,ST_GAS,observed_peak,2023-12-09,2023-12-31,23.0,2,3
Arthur Kill,2490,20,372.0,926.0,40.2,ST_GAS,observed_peak,2024-01-01,2024-02-28,58.6,2,3
Arthur Kill,2490,20,372.0,926.0,40.2,ST_GAS,observed_peak,2024-05-25,2024-06-03,9.2,2,3
Arthur Kill,2490,20,372.0,926.0,40.2,ST_GAS,observed_peak,2024-06-08,2024-06-13,5.2,2,3
Arthur Kill,2490,20,372.0,926.0,40.2,ST_GAS,observed_peak,2024-06-20,2024-06-25,5.1,2,3
Arthur Kill,2490,20,372.0,926.0,40.2,ST_GAS,observed_peak,2024-08-01,2024-08-09,7.7,2,3
Arthur Kill,2490,20,372.0,926.0,40.2,ST_GAS,observed_peak,2024-11-16,2024-12-01,15.8,2,3
Arthur Kill,2490,20,368.0,921.0,40.0,ST_GAS,observed_peak,2025-01-11,2025-02-26,46.2,2,3
Arthur Kill,2490,20,368.0,921.0,40.0,ST_GAS,observed_peak,2025-05-20,2025-05-31,11.9,2,3
Arthur Kill,2490,20,368.0,921.0,40.0,ST_GAS,observed_peak,2025-07-16,2025-07-21,5.1,2,3
Arthur Kill,2490,20,368.0,921.0,40.0,ST_GAS,observed_peak,2025-09-07,2025-09-14,7.9,2,3
Arthur Kill,2490,20,368.0,921.0,40.0,ST_GAS,observed_peak,2025-10-25,2025-11-01,7.6,2,3
Arthur Kill,2490,20,368.0,921.0,40.0,ST_GAS,observed_peak,2025-11-20,2025-12-01,10.4,2,3
Arthur Kill,2490,20,366.0,896.0,40.8,ST_GAS,observed_peak,2026-01-09,2026-03-17,67.0,1,3
Arthur Kill,2490,20,366.0,896.0,40.8,ST_GAS,observed_peak,2026-03-20,2026-03-31,11.3,1,3
Arthur Kill,2490,30,539.0,903.0,59.7,ST_GAS,observed_peak,2019-01-01,2019-01-19,18.4,2,3
Arthur Kill,2490,30,539.0,903.0,59.7,ST_GAS,observed_peak,2019-01-23,2019-02-03,10.5,2,3
Arthur Kill,2490,30,539.0,903.0,59.7,ST_GAS,observed_peak,2019-02-22,2019-05-10,77.8,2,3
Arthur Kill,2490,30,539.0,903.0,59.7,ST_GAS,observed_peak,2019-05-16,2019-06-25,40.0,2,3
Arthur Kill,2490,30,539.0,903.0,59.7,ST_GAS,observed_peak,2019-07-03,2019-07-11,8.2,2,3
Arthur Kill,2490,30,539.0,903.0,59.7,ST_GAS,observed_peak,2019-08-09,2019-08-18,9.8,2,3
Arthur Kill,2490,30,539.0,903.0,59.7,ST_GAS,observed_peak,2019-08-27,2019-09-23,26.6,2,3
Arthur Kill,2490,30,539.0,903.0,59.7,ST_GAS,observed_peak,2019-09-24,2019-12-31,99.0,2,3
Arthur Kill,2490,30,536.0,904.0,59.3,ST_GAS,observed_peak,2020-03-26,2020-04-14,19.2,2,3
Arthur Kill,2490,30,536.0,904.0,59.3,ST_GAS,observed_peak,2020-04-16,2020-04-30,14.7,2,3
Arthur Kill,2490,30,536.0,904.0,59.3,ST_GAS,observed_peak,2020-06-05,2020-06-18,12.8,2,3
Arthur Kill,2490,30,536.0,904.0,59.3,ST_GAS,observed_peak,2020-06-26,2020-07-07,11.2,2,3
Arthur Kill,2490,30,536.0,904.0,59.3,ST_GAS,observed_peak,2020-07-09,2020-07-20,11.2,2,3
Arthur Kill,2490,30,536.0,904.0,59.3,ST_GAS,observed_peak,2020-07-21,2020-07-28,7.0,2,3
Arthur Kill,2490,30,536.0,904.0,59.3,ST_GAS,observed_peak,2020-07-30,2020-08-10,11.3,2,3
Arthur Kill,2490,30,536.0,904.0,59.3,ST_GAS,observed_peak,2020-09-26,2020-12-21,85.8,2,3
Arthur Kill,2490,30,538.0,906.0,59.4,ST_GAS,observed_peak,2021-01-01,2021-03-03,61.2,2,3
Arthur Kill,2490,30,538.0,906.0,59.4,ST_GAS,observed_peak,2021-03-06,2021-06-06,92.9,2,3
Arthur Kill,2490,30,538.0,906.0,59.4,ST_GAS,observed_peak,2021-06-11,2021-06-20,10.0,2,3
Arthur Kill,2490,30,538.0,906.0,59.4,ST_GAS,observed_peak,2021-06-22,2021-06-28,6.3,2,3
Arthur Kill,2490,30,538.0,906.0,59.4,ST_GAS,observed_peak,2021-07-22,2021-08-08,17.8,2,3
Arthur Kill,2490,30,538.0,906.0,59.4,ST_GAS,observed_peak,2021-08-14,2021-08-18,5.0,2,3
Arthur Kill,2490,30,538.0,906.0,59.4,ST_GAS,observed_peak,2021-08-28,2021-09-10,13.8,2,3
Arthur Kill,2490,30,538.0,906.0,59.4,ST_GAS,observed_peak,2021-09-12,2021-12-31,111.0,2,3
Arthur Kill,2490,30,536.0,923.0,58.1,ST_GAS,observed_peak,2022-01-01,2022-02-05,35.4,2,3
Arthur Kill,2490,30,536.0,923.0,58.1,ST_GAS,observed_peak,2022-02-09,2022-02-15,5.4,2,3
Arthur Kill,2490,30,536.0,923.0,58.1,ST_GAS,observed_peak,2022-02-18,2022-02-25,7.4,2,3
Arthur Kill,2490,30,536.0,923.0,58.1,ST_GAS,observed_peak,2022-03-02,2022-03-18,16.8,2,3
Arthur Kill,2490,30,536.0,923.0,58.1,ST_GAS,observed_peak,2022-03-25,2022-05-06,42.5,2,3
Arthur Kill,2490,30,536.0,923.0,58.1,ST_GAS,observed_peak,2022-05-11,2022-05-22,11.5,2,3
Arthur Kill,2490,30,536.0,923.0,58.1,ST_GAS,observed_peak,2022-05-23,2022-06-08,16.2,2,3
Arthur Kill,2490,30,536.0,923.0,58.1,ST_GAS,observed_peak,2022-06-09,2022-07-01,21.5,2,3
Arthur Kill,2490,30,536.0,923.0,58.1,ST_GAS,observed_peak,2022-07-02,2022-07-20,18.3,2,3
Arthur Kill,2490,30,536.0,923.0,58.1,ST_GAS,observed_peak,2022-08-12,2022-08-30,18.2,2,3
Arthur Kill,2490,30,536.0,923.0,58.1,ST_GAS,observed_peak,2022-09-02,2022-09-19,17.3,2,3
Arthur Kill,2490,30,536.0,923.0,58.1,ST_GAS,observed_peak,2022-09-28,2022-10-06,8.1,2,3
Arthur Kill,2490,30,536.0,923.0,58.1,ST_GAS,observed_peak,2022-10-08,2022-11-06,29.6,2,3
Arthur Kill,2490,30,536.0,923.0,58.1,ST_GAS,observed_peak,2022-11-08,2022-11-17,9.9,2,3
Arthur Kill,2490,30,536.0,923.0,58.1,ST_GAS,observed_peak,2022-11-19,2022-12-31,43.0,2,3
Arthur Kill,2490,30,543.0,931.0,58.3,ST_GAS,observed_peak,2023-09-12,2023-10-23,41.2,2,3
Arthur Kill,2490,30,538.0,926.0,58.1,ST_GAS,observed_peak,2024-02-13,2024-05-23,100.3,2,3
Arthur Kill,2490,30,538.0,926.0,58.1,ST_GAS,observed_peak,2024-05-24,2024-06-11,17.7,2,3
Arthur Kill,2490,30,538.0,926.0,58.1,ST_GAS,observed_peak,2024-06-28,2024-07-07,9.4,2,3
Arthur Kill,2490,30,538.0,926.0,58.1,ST_GAS,observed_peak,2024-07-18,2024-07-23,5.3,2,3
Arthur Kill,2490,30,538.0,926.0,58.1,ST_GAS,observed_peak,2024-08-10,2024-08-28,18.2,2,3
Arthur Kill,2490,30,538.0,926.0,58.1,ST_GAS,observed_peak,2024-08-29,2024-09-22,24.4,2,3
Arthur Kill,2490,30,538.0,926.0,58.1,ST_GAS,observed_peak,2024-09-26,2024-11-15,50.5,2,3
Arthur Kill,2490,30,538.0,926.0,58.1,ST_GAS,observed_peak,2024-11-15,2024-12-01,15.8,2,3
Arthur Kill,2490,30,538.0,926.0,58.1,ST_GAS,observed_peak,2024-12-18,2024-12-26,8.2,2,3
Arthur Kill,2490,30,537.0,921.0,58.3,ST_GAS,observed_peak,2025-01-01,2025-01-06,5.4,2,3
Arthur Kill,2490,30,537.0,921.0,58.3,ST_GAS,observed_peak,2025-03-01,2025-04-13,43.9,2,3
Arthur Kill,2490,30,537.0,921.0,58.3,ST_GAS,observed_peak,2025-04-17,2025-05-15,28.8,2,3
Arthur Kill,2490,30,537.0,921.0,58.3,ST_GAS,observed_peak,2025-05-28,2025-06-05,8.0,2,3
Arthur Kill,2490,30,537.0,921.0,58.3,ST_GAS,observed_peak,2025-06-06,2025-06-12,5.5,2,3
Arthur Kill,2490,30,537.0,921.0,58.3,ST_GAS,observed_peak,2025-08-19,2025-09-24,36.3,2,3
Arthur Kill,2490,30,537.0,921.0,58.3,ST_GAS,observed_peak,2025-10-01,2025-12-18,78.7,2,3
Arthur Kill,2490,30,537.0,921.0,58.3,ST_GAS,observed_peak,2025-12-23,2025-12-31,8.5,2,3
Arthur Kill,2490,30,530.0,896.0,59.2,ST_GAS,observed_peak,2026-01-01,2026-01-12,11.5,1,3
Arthur Kill,2490,30,530.0,896.0,59.2,ST_GAS,observed_peak,2026-01-24,2026-01-30,6.3,1,3
Arthur Kill,2490,30,530.0,896.0,59.2,ST_GAS,observed_peak,2026-03-01,2026-03-11,10.8,1,3
Arthur Kill,2490,30,530.0,896.0,59.2,ST_GAS,observed_peak,2026-03-26,2026-03-31,6.0,1,3
Arthur Kill,2490,CT0001,15.0,904.0,1.7,ST_GAS,observed_peak,2020-01-01,2020-05-24,144.8,2,3
Arthur Kill,2490,CT0001,15.0,904.0,1.7,ST_GAS,observed_peak,2020-05-29,2020-06-10,11.5,2,3
Arthur Kill,2490,CT0001,15.0,904.0,1.7,ST_GAS,observed_peak,2020-06-10,2020-12-31,204.5,2,3
East River,2493,1,180.0,669.5,26.9,CT_CHP,eia_exact,2019-05-14,2019-05-20,6.4,3,4
East River,2493,1,180.0,669.5,26.9,CT_CHP,eia_exact,2019-09-27,2019-10-18,20.8,3,4
East River,2493,1,180.0,669.5,26.9,CT_CHP,eia_exact,2020-03-20,2020-03-30,9.2,3,4
East River,2493,1,180.0,669.5,26.9,CT_CHP,eia_exact,2020-09-18,2020-10-02,13.8,3,4
East River,2493,1,180.0,669.5,26.9,CT_CHP,eia_exact,2021-03-27,2021-04-19,23.4,3,4
East River,2493,1,180.0,669.5,26.9,CT_CHP,eia_exact,2021-09-18,2021-10-02,14.1,3,4
East River,2493,1,180.0,669.5,26.9,CT_CHP,eia_exact,2022-04-23,2022-05-15,22.1,3,4
East River,2493,1,180.0,669.5,26.9,CT_CHP,eia_exact,2022-09-16,2022-10-27,40.5,3,4
East River,2493,1,180.0,669.5,26.9,CT_CHP,eia_exact,2023-09-15,2023-10-19,33.5,3,4
East River,2493,2,180.0,669.5,26.9,CT_CHP,eia_exact,2019-03-15,2019-05-13,59.0,3,4
East River,2493,2,180.0,669.5,26.9,CT_CHP,eia_exact,2019-10-18,2019-11-02,15.2,3,4
East River,2493,2,180.0,669.5,26.9,CT_CHP,eia_exact,2020-05-27,2020-06-04,8.5,3,4
East River,2493,2,180.0,669.5,26.9,CT_CHP,eia_exact,2020-10-03,2020-10-28,25.3,3,4
East River,2493,2,180.0,669.5,26.9,CT_CHP,eia_exact,2021-04-20,2021-04-30,10.5,3,4
East River,2493,2,180.0,669.5,26.9,CT_CHP,eia_exact,2021-10-03,2021-10-17,13.9,3,4
East River,2493,2,180.0,669.5,26.9,CT_CHP,eia_exact,2022-04-02,2022-05-05,33.0,3,4
East River,2493,2,180.0,669.5,26.9,CT_CHP,eia_exact,2022-09-17,2022-10-01,14.4,3,4
East River,2493,2,180.0,669.5,26.9,CT_CHP,eia_exact,2023-10-21,2023-11-09,18.5,3,4
East River,2493,2,180.0,669.5,26.9,CT_CHP,eia_exact,2024-05-06,2024-05-24,18.5,3,4
East River,2493,2,180.0,669.5,26.9,CT_CHP,eia_exact,2024-10-02,2024-10-18,16.6,3,4
East River,2493,2,180.0,669.5,26.9,CT_CHP,eia_exact,2025-10-14,2025-10-24,10.7,3,4
East River,2493,60,154.8,669.5,23.1,ST_CHP,optime_proxy_steam,2019-05-03,2019-05-17,13.9,3,4
East River,2493,60,154.8,669.5,23.1,ST_CHP,optime_proxy_steam,2019-09-13,2019-12-02,79.3,3,4
East River,2493,60,154.8,669.5,23.1,ST_CHP,optime_proxy_steam,2020-03-15,2020-03-24,9.8,3,4
East River,2493,60,154.8,669.5,23.1,ST_CHP,optime_proxy_steam,2020-10-31,2020-11-13,13.6,3,4
East River,2493,60,154.8,669.5,23.1,ST_CHP,optime_proxy_steam,2021-03-14,2021-03-26,11.8,3,4
East River,2493,60,154.8,669.5,23.1,ST_CHP,optime_proxy_steam,2021-05-10,2021-05-21,11.0,3,4
East River,2493,60,154.8,669.5,23.1,ST_CHP,optime_proxy_steam,2021-11-10,2021-12-16,36.0,3,4
East River,2493,60,154.8,669.5,23.1,ST_CHP,optime_proxy_steam,2022-03-19,2022-04-01,13.1,3,4
East River,2493,60,154.8,669.5,23.1,ST_CHP,optime_proxy_steam,2022-10-01,2022-12-22,81.5,3,4
East River,2493,60,154.8,669.5,23.1,ST_CHP,optime_proxy_steam,2023-01-01,2023-01-11,11.0,3,4
East River,2493,60,154.8,669.5,23.1,ST_CHP,optime_proxy_steam,2023-04-29,2023-05-11,12.8,3,4
East River,2493,60,154.8,669.5,23.1,ST_CHP,optime_proxy_steam,2023-05-25,2023-06-05,10.9,3,4
East River,2493,60,154.8,669.5,23.1,ST_CHP,optime_proxy_steam,2023-09-23,2023-12-20,88.3,3,4
East River,2493,60,154.8,669.5,23.1,ST_CHP,optime_proxy_steam,2024-04-05,2024-05-07,31.2,3,4
East River,2493,60,154.8,669.5,23.1,ST_CHP,optime_proxy_steam,2024-10-22,2024-11-16,25.0,3,4
East River,2493,60,154.8,669.5,23.1,ST_CHP,optime_proxy_steam,2024-12-05,2024-12-11,5.4,3,4
East River,2493,60,154.8,669.5,23.1,ST_CHP,optime_proxy_steam,2024-12-25,2024-12-31,6.9,3,4
East River,2493,60,154.8,669.5,23.1,ST_CHP,optime_proxy_steam,2025-03-13,2025-03-19,6.0,3,4
East River,2493,60,154.8,669.5,23.1,ST_CHP,optime_proxy_steam,2025-04-12,2025-07-02,81.0,3,4
East River,2493,60,154.8,669.5,23.1,ST_CHP,optime_proxy_steam,2025-09-11,2025-10-12,31.6,3,4
East River,2493,60,154.8,669.5,23.1,ST_CHP,optime_proxy_steam,2026-03-17,2026-03-30,13.0,3,4
East River,2493,70,154.8,669.5,23.1,ST_CHP,optime_proxy_steam,2019-02-05,2019-02-25,20.2,3,4
East River,2493,70,154.8,669.5,23.1,ST_CHP,optime_proxy_steam,2019-04-05,2019-05-01,25.8,3,4
East River,2493,70,154.8,669.5,23.1,ST_CHP,optime_proxy_steam,2019-05-19,2019-06-02,14.7,3,4
East River,2493,70,154.8,669.5,23.1,ST_CHP,optime_proxy_steam,2019-06-08,2019-07-16,38.0,3,4
East River,2493,70,154.8,669.5,23.1,ST_CHP,optime_proxy_steam,2019-08-01,2019-08-17,16.7,3,4
East River,2493,70,154.8,669.5,23.1,ST_CHP,optime_proxy_steam,2019-08-24,2019-09-07,14.4,3,4
East River,2493,70,154.8,669.5,23.1,ST_CHP,optime_proxy_steam,2019-09-30,2019-10-17,16.3,3,4
East River,2493,70,154.8,669.5,23.1,ST_CHP,optime_proxy_steam,2019-11-04,2019-11-19,15.5,3,4
East River,2493,70,154.8,669.5,23.1,ST_CHP,optime_proxy_steam,2019-12-26,2019-12-31,5.3,3,4
East River,2493,70,154.8,669.5,23.1,ST_CHP,optime_proxy_steam,2020-02-09,2020-06-06,118.0,3,4
East River,2493,70,154.8,669.5,23.1,ST_CHP,optime_proxy_steam,2020-07-03,2020-07-26,23.2,3,4
East River,2493,70,154.8,669.5,23.1,ST_CHP,optime_proxy_steam,2020-07-29,2020-12-04,128.0,3,4
East River,2493,70,154.8,669.5,23.1,ST_CHP,optime_proxy_steam,2020-12-13,2020-12-31,18.9,3,4
East River,2493,70,154.8,669.5,23.1,ST_CHP,optime_proxy_steam,2021-01-15,2021-01-24,8.7,3,4
East River,2493,70,154.8,669.5,23.1,ST_CHP,optime_proxy_steam,2021-03-09,2021-06-05,87.7,3,4
East River,2493,70,154.8,669.5,23.1,ST_CHP,optime_proxy_steam,2021-07-21,2021-08-10,19.7,3,4
East River,2493,70,154.8,669.5,23.1,ST_CHP,optime_proxy_steam,2021-09-01,2021-11-13,73.4,3,4
East River,2493,70,154.8,669.5,23.1,ST_CHP,optime_proxy_steam,2021-12-22,2021-12-31,9.9,3,4
East River,2493,70,154.8,669.5,23.1,ST_CHP,optime_proxy_steam,2022-01-01,2022-01-09,8.5,3,4
East River,2493,70,154.8,669.5,23.1,ST_CHP,optime_proxy_steam,2022-02-28,2022-03-26,26.0,3,4
East River,2493,70,154.8,669.5,23.1,ST_CHP,optime_proxy_steam,2022-04-21,2022-05-18,26.6,3,4
East River,2493,70,154.8,669.5,23.1,ST_CHP,optime_proxy_steam,2022-06-08,2022-07-17,39.5,3,4
East River,2493,70,154.8,669.5,23.1,ST_CHP,optime_proxy_steam,2022-08-09,2022-08-24,15.2,3,4
East River,2493,70,154.8,669.5,23.1,ST_CHP,optime_proxy_steam,2022-08-27,2022-09-17,20.5,3,4
East River,2493,70,154.8,669.5,23.1,ST_CHP,optime_proxy_steam,2023-01-26,2023-02-02,7.9,3,4
East River,2493,70,154.8,669.5,23.1,ST_CHP,optime_proxy_steam,2023-02-07,2023-02-24,16.8,3,4
East River,2493,70,154.8,669.5,23.1,ST_CHP,optime_proxy_steam,2023-03-21,2023-04-27,37.5,3,4
East River,2493,70,154.8,669.5,23.1,ST_CHP,optime_proxy_steam,2023-06-23,2023-07-01,8.0,3,4
East River,2493,70,154.8,669.5,23.1,ST_CHP,optime_proxy_steam,2023-08-11,2023-09-17,37.7,3,4
East River,2493,70,154.8,669.5,23.1,ST_CHP,optime_proxy_steam,2023-12-09,2023-12-31,22.1,3,4
East River,2493,70,154.8,669.5,23.1,ST_CHP,optime_proxy_steam,2024-01-19,2024-01-28,9.0,3,4
East River,2493,70,154.8,669.5,23.1,ST_CHP,optime_proxy_steam,2024-03-07,2024-05-04,58.4,3,4
East River,2493,70,154.8,669.5,23.1,ST_CHP,optime_proxy_steam,2024-05-08,2024-06-15,37.3,3,4
East River,2493,70,154.8,669.5,23.1,ST_CHP,optime_proxy_steam,2024-06-29,2024-07-06,7.0,3,4
East River,2493,70,154.8,669.5,23.1,ST_CHP,optime_proxy_steam,2024-08-30,2024-10-19,50.8,3,4
East River,2493,70,154.8,669.5,23.1,ST_CHP,optime_proxy_steam,2025-01-24,2025-02-01,7.8,3,4
East River,2493,70,154.8,669.5,23.1,ST_CHP,optime_proxy_steam,2025-04-16,2025-05-22,36.0,3,4
East River,2493,70,154.8,669.5,23.1,ST_CHP,optime_proxy_steam,2025-10-30,2025-12-02,33.2,3,4
East River,2493,70,154.8,669.5,23.1,ST_CHP,optime_proxy_steam,2025-12-03,2025-12-11,7.7,3,4
East River,2493,70,154.8,669.5,23.1,ST_CHP,optime_proxy_steam,2026-02-13,2026-03-15,29.8,3,4
Ravenswood Generating Station,2500,10,380.0,2109.0,18.0,ST_GAS,observed_peak,2019-01-01,2019-01-09,8.3,6,21
Ravenswood Generating Station,2500,10,380.0,2109.0,18.0,ST_GAS,observed_peak,2019-01-12,2019-01-20,8.7,6,21
Ravenswood Generating Station,2500,10,380.0,2109.0,18.0,ST_GAS,observed_peak,2019-01-25,2019-01-30,5.9,6,21
Ravenswood Generating Station,2500,10,380.0,2109.0,18.0,ST_GAS,observed_peak,2019-02-01,2019-04-25,83.2,6,21
Ravenswood Generating Station,2500,10,380.0,2109.0,18.0,ST_GAS,observed_peak,2019-05-02,2019-05-20,18.2,6,21
Ravenswood Generating Station,2500,10,380.0,2109.0,18.0,ST_GAS,observed_peak,2019-05-21,2019-06-17,27.1,6,21
Ravenswood Generating Station,2500,10,380.0,2109.0,18.0,ST_GAS,observed_peak,2019-06-18,2019-06-27,8.5,6,21
Ravenswood Generating Station,2500,10,380.0,2109.0,18.0,ST_GAS,observed_peak,2019-08-09,2019-08-18,9.0,6,21
Ravenswood Generating Station,2500,10,380.0,2109.0,18.0,ST_GAS,observed_peak,2019-08-24,2019-09-09,16.1,6,21
Ravenswood Generating Station,2500,10,380.0,2109.0,18.0,ST_GAS,observed_peak,2019-09-13,2019-10-02,19.2,6,21
Ravenswood Generating Station,2500,10,380.0,2109.0,18.0,ST_GAS,observed_peak,2019-10-03,2019-10-10,6.9,6,21
Ravenswood Generating Station,2500,10,380.0,2109.0,18.0,ST_GAS,observed_peak,2019-10-25,2019-12-31,67.2,6,21
Ravenswood Generating Station,2500,10,389.0,2136.0,18.2,ST_GAS,observed_peak,2020-01-01,2020-06-04,155.2,6,21
Ravenswood Generating Station,2500,10,389.0,2136.0,18.2,ST_GAS,observed_peak,2020-06-09,2020-06-21,12.8,6,21
Ravenswood Generating Station,2500,10,389.0,2136.0,18.2,ST_GAS,observed_peak,2020-07-13,2020-07-19,5.6,6,21
Ravenswood Generating Station,2500,10,389.0,2136.0,18.2,ST_GAS,observed_peak,2020-09-11,2020-09-23,12.3,6,21
Ravenswood Generating Station,2500,10,389.0,2136.0,18.2,ST_GAS,observed_peak,2020-10-02,2020-10-16,14.8,6,21
Ravenswood Generating Station,2500,10,389.0,2136.0,18.2,ST_GAS,observed_peak,2020-10-22,2020-11-05,13.8,6,21
Ravenswood Generating Station,2500,10,389.0,2136.0,18.2,ST_GAS,observed_peak,2020-11-14,2020-12-31,48.0,6,21
Ravenswood Generating Station,2500,10,386.0,2140.0,18.0,ST_GAS,observed_peak,2021-01-01,2021-03-17,75.4,6,14
Ravenswood Generating Station,2500,10,386.0,2140.0,18.0,ST_GAS,observed_peak,2021-06-30,2021-07-07,6.3,6,14
Ravenswood Generating Station,2500,10,386.0,2140.0,18.0,ST_GAS,observed_peak,2021-07-18,2021-07-26,8.0,6,14
Ravenswood Generating Station,2500,10,386.0,2140.0,18.0,ST_GAS,observed_peak,2021-07-28,2021-08-09,12.0,6,14
Ravenswood Generating Station,2500,10,386.0,2140.0,18.0,ST_GAS,observed_peak,2021-09-14,2021-11-16,63.8,6,14
Ravenswood Generating Station,2500,10,386.0,2102.0,18.4,ST_GAS,observed_peak,2022-01-01,2022-01-11,10.0,4,7
Ravenswood Generating Station,2500,10,386.0,2102.0,18.4,ST_GAS,observed_peak,2022-01-13,2022-01-20,7.5,4,7
Ravenswood Generating Station,2500,10,386.0,2102.0,18.4,ST_GAS,observed_peak,2022-01-21,2022-03-22,59.4,4,7
Ravenswood Generating Station,2500,10,386.0,2102.0,18.4,ST_GAS,observed_peak,2022-03-22,2022-06-30,99.3,4,7
Ravenswood Generating Station,2500,10,386.0,2102.0,18.4,ST_GAS,observed_peak,2022-07-14,2022-07-20,6.1,4,7
Ravenswood Generating Station,2500,10,386.0,2102.0,18.4,ST_GAS,observed_peak,2022-07-25,2022-08-01,7.1,4,7
Ravenswood Generating Station,2500,10,386.0,2102.0,18.4,ST_GAS,observed_peak,2022-08-13,2022-09-19,37.0,4,7
Ravenswood Generating Station,2500,10,386.0,2102.0,18.4,ST_GAS,observed_peak,2022-09-21,2022-10-20,29.8,4,7
Ravenswood Generating Station,2500,10,386.0,2102.0,18.4,ST_GAS,observed_peak,2022-10-27,2022-12-31,66.0,4,7
Ravenswood Generating Station,2500,10,384.0,2082.0,18.4,ST_GAS,observed_peak,2023-09-13,2023-10-02,19.2,4,7
Ravenswood Generating Station,2500,10,384.0,2082.0,18.4,ST_GAS,observed_peak,2023-10-17,2023-11-04,18.5,4,7
Ravenswood Generating Station,2500,10,385.0,2084.0,18.5,ST_GAS,observed_peak,2025-01-01,2025-01-20,20.0,3,4
Ravenswood Generating Station,2500,10,385.0,2084.0,18.5,ST_GAS,observed_peak,2025-01-23,2025-03-17,53.3,3,4
Ravenswood Generating Station,2500,10,385.0,2084.0,18.5,ST_GAS,observed_peak,2025-03-18,2025-04-14,27.8,3,4
Ravenswood Generating Station,2500,10,385.0,2084.0,18.5,ST_GAS,observed_peak,2025-04-16,2025-06-18,63.8,3,4
Ravenswood Generating Station,2500,10,385.0,2084.0,18.5,ST_GAS,observed_peak,2025-07-19,2025-07-24,5.3,3,4
Ravenswood Generating Station,2500,10,385.0,2084.0,18.5,ST_GAS,observed_peak,2025-08-07,2025-08-12,5.2,3,4
Ravenswood Generating Station,2500,10,385.0,2084.0,18.5,ST_GAS,observed_peak,2025-08-16,2025-09-29,44.3,3,4
Ravenswood Generating Station,2500,10,385.0,2084.0,18.5,ST_GAS,observed_peak,2025-09-30,2025-10-26,26.8,3,4
Ravenswood Generating Station,2500,10,385.0,2084.0,18.5,ST_GAS,observed_peak,2025-11-22,2025-12-31,40.0,3,4
Ravenswood Generating Station,2500,10,347.0,1961.0,17.7,ST_GAS,observed_peak,2026-01-01,2026-01-27,26.5,3,4
Ravenswood Generating Station,2500,10,347.0,1961.0,17.7,ST_GAS,observed_peak,2026-02-11,2026-03-26,43.3,3,4
Ravenswood Generating Station,2500,10,347.0,1961.0,17.7,ST_GAS,observed_peak,2026-03-26,2026-03-31,5.3,3,4
Ravenswood Generating Station,2500,20,392.0,2109.0,18.6,ST_GAS,observed_peak,2019-01-08,2019-01-16,7.8,6,21
Ravenswood Generating Station,2500,20,392.0,2109.0,18.6,ST_GAS,observed_peak,2019-01-23,2019-02-11,19.1,6,21
Ravenswood Generating Station,2500,20,392.0,2109.0,18.6,ST_GAS,observed_peak,2019-02-14,2019-03-18,32.0,6,21
Ravenswood Generating Station,2500,20,392.0,2109.0,18.6,ST_GAS,observed_peak,2019-04-24,2019-05-09,15.5,6,21
Ravenswood Generating Station,2500,20,392.0,2109.0,18.6,ST_GAS,observed_peak,2019-05-11,2019-06-06,26.2,6,21
Ravenswood Generating Station,2500,20,392.0,2109.0,18.6,ST_GAS,observed_peak,2019-06-07,2019-06-24,16.2,6,21
Ravenswood Generating Station,2500,20,392.0,2109.0,18.6,ST_GAS,observed_peak,2019-07-22,2019-07-28,5.8,6,21
Ravenswood Generating Station,2500,20,392.0,2109.0,18.6,ST_GAS,observed_peak,2019-08-22,2019-08-28,5.3,6,21
Ravenswood Generating Station,2500,20,392.0,2109.0,18.6,ST_GAS,observed_peak,2019-09-07,2019-09-23,16.1,6,21
Ravenswood Generating Station,2500,20,392.0,2109.0,18.6,ST_GAS,observed_peak,2019-10-02,2019-11-12,40.1,6,21
Ravenswood Generating Station,2500,20,392.0,2109.0,18.6,ST_GAS,observed_peak,2019-11-15,2019-11-25,10.0,6,21
Ravenswood Generating Station,2500,20,392.0,2109.0,18.6,ST_GAS,observed_peak,2019-12-20,2019-12-31,11.8,6,21
Ravenswood Generating Station,2500,20,391.0,2136.0,18.3,ST_GAS,observed_peak,2020-01-01,2020-01-06,5.2,6,21
Ravenswood Generating Station,2500,20,391.0,2136.0,18.3,ST_GAS,observed_peak,2020-01-16,2020-02-18,33.8,6,21
Ravenswood Generating Station,2500,20,391.0,2136.0,18.3,ST_GAS,observed_peak,2020-02-21,2020-06-22,122.0,6,21
Ravenswood Generating Station,2500,20,391.0,2136.0,18.3,ST_GAS,observed_peak,2020-08-13,2020-08-24,10.2,6,21
Ravenswood Generating Station,2500,20,391.0,2136.0,18.3,ST_GAS,observed_peak,2020-08-29,2020-09-03,5.1,6,21
Ravenswood Generating Station,2500,20,391.0,2136.0,18.3,ST_GAS,observed_peak,2020-09-15,2020-09-28,13.0,6,21
Ravenswood Generating Station,2500,20,391.0,2136.0,18.3,ST_GAS,observed_peak,2020-09-30,2020-11-17,49.0,6,21
Ravenswood Generating Station,2500,20,391.0,2136.0,18.3,ST_GAS,observed_peak,2020-11-23,2020-12-31,38.0,6,21
Ravenswood Generating Station,2500,20,393.0,2140.0,18.4,ST_GAS,observed_peak,2021-07-28,2021-08-06,8.1,6,14
Ravenswood Generating Station,2500,20,393.0,2140.0,18.4,ST_GAS,observed_peak,2021-08-14,2021-08-25,11.2,6,14
Ravenswood Generating Station,2500,20,393.0,2140.0,18.4,ST_GAS,observed_peak,2021-10-10,2021-12-31,83.0,6,14
Ravenswood Generating Station,2500,20,388.0,2102.0,18.5,ST_GAS,observed_peak,2022-01-01,2022-01-19,18.2,4,7
Ravenswood Generating Station,2500,20,388.0,2102.0,18.5,ST_GAS,observed_peak,2022-04-01,2022-06-17,76.8,4,7
Ravenswood Generating Station,2500,20,388.0,2102.0,18.5,ST_GAS,observed_peak,2022-06-18,2022-07-12,24.0,4,7
Ravenswood Generating Station,2500,20,388.0,2102.0,18.5,ST_GAS,observed_peak,2022-07-29,2022-08-19,20.2,4,7
Ravenswood Generating Station,2500,20,388.0,2102.0,18.5,ST_GAS,observed_peak,2022-09-02,2022-09-25,23.8,4,7
Ravenswood Generating Station,2500,20,379.0,2082.0,18.2,ST_GAS,observed_peak,2023-01-01,2023-04-12,101.8,4,7
Ravenswood Generating Station,2500,20,379.0,2082.0,18.2,ST_GAS,observed_peak,2023-04-15,2023-07-02,79.0,4,7
Ravenswood Generating Station,2500,20,379.0,2082.0,18.2,ST_GAS,observed_peak,2023-07-29,2023-09-05,38.5,4,7
Ravenswood Generating Station,2500,20,379.0,2082.0,18.2,ST_GAS,observed_peak,2023-09-13,2023-09-23,11.0,4,7
Ravenswood Generating Station,2500,20,379.0,2082.0,18.2,ST_GAS,observed_peak,2023-10-08,2023-12-31,85.0,4,7
Ravenswood Generating Station,2500,20,395.0,2084.0,19.0,ST_GAS,observed_peak,2024-01-01,2024-02-26,56.1,3,7
Ravenswood Generating Station,2500,20,395.0,2084.0,19.0,ST_GAS,observed_peak,2024-02-27,2024-05-19,82.8,3,7
Ravenswood Generating Station,2500,20,395.0,2084.0,19.0,ST_GAS,observed_peak,2024-05-24,2024-06-13,20.1,3,7
Ravenswood Generating Station,2500,20,395.0,2084.0,19.0,ST_GAS,observed_peak,2024-06-27,2024-07-08,11.4,3,7
Ravenswood Generating Station,2500,20,395.0,2084.0,19.0,ST_GAS,observed_peak,2024-08-20,2024-08-27,7.8,3,7
Ravenswood Generating Station,2500,20,395.0,2084.0,19.0,ST_GAS,observed_peak,2024-08-29,2024-11-18,81.3,3,7
Ravenswood Generating Station,2500,20,395.0,2084.0,19.0,ST_GAS,observed_peak,2024-11-20,2024-12-31,41.0,3,7
Ravenswood Generating Station,2500,20,394.0,2084.0,18.9,ST_GAS,observed_peak,2025-01-01,2025-01-18,17.9,3,4
Ravenswood Generating Station,2500,20,394.0,2084.0,18.9,ST_GAS,observed_peak,2025-01-25,2025-02-05,11.8,3,4
Ravenswood Generating Station,2500,20,394.0,2084.0,18.9,ST_GAS,observed_peak,2025-02-07,2025-04-12,64.5,3,4
Ravenswood Generating Station,2500,20,394.0,2084.0,18.9,ST_GAS,observed_peak,2025-04-22,2025-06-05,44.5,3,4
Ravenswood Generating Station,2500,20,394.0,2084.0,18.9,ST_GAS,observed_peak,2025-06-06,2025-06-22,16.1,3,4
Ravenswood Generating Station,2500,20,394.0,2084.0,18.9,ST_GAS,observed_peak,2025-06-26,2025-07-02,6.5,3,4
Ravenswood Generating Station,2500,20,394.0,2084.0,18.9,ST_GAS,observed_peak,2025-08-01,2025-08-11,10.0,3,4
Ravenswood Generating Station,2500,20,394.0,2084.0,18.9,ST_GAS,observed_peak,2025-08-18,2025-09-24,36.7,3,4
Ravenswood Generating Station,2500,20,394.0,2084.0,18.9,ST_GAS,observed_peak,2025-10-24,2025-12-15,51.5,3,4
Ravenswood Generating Station,2500,20,394.0,2084.0,18.9,ST_GAS,observed_peak,2025-12-24,2025-12-31,8.0,3,4
Ravenswood Generating Station,2500,20,393.0,1961.0,20.0,ST_GAS,observed_peak,2026-01-01,2026-01-25,24.9,3,4
Ravenswood Generating Station,2500,20,393.0,1961.0,20.0,ST_GAS,observed_peak,2026-02-10,2026-02-18,8.2,3,4
Ravenswood Generating Station,2500,20,393.0,1961.0,20.0,ST_GAS,observed_peak,2026-02-18,2026-03-23,32.8,3,4
Ravenswood Generating Station,2500,20,393.0,1961.0,20.0,ST_GAS,observed_peak,2026-03-24,2026-03-31,8.0,3,4
Ravenswood Generating Station,2500,30,1000.0,2109.0,47.4,ST_GAS,observed_peak,2019-03-24,2019-07-15,114.0,6,21
Ravenswood Generating Station,2500,30,1000.0,2109.0,47.4,ST_GAS,observed_peak,2019-07-22,2019-08-08,17.0,6,21
Ravenswood Generating Station,2500,30,1000.0,2109.0,47.4,ST_GAS,observed_peak,2019-08-09,2019-08-19,9.3,6,21
Ravenswood Generating Station,2500,30,1000.0,2109.0,47.4,ST_GAS,observed_peak,2019-08-23,2019-10-02,39.2,6,21
Ravenswood Generating Station,2500,30,1000.0,2109.0,47.4,ST_GAS,observed_peak,2019-10-03,2019-12-31,90.0,6,21
Ravenswood Generating Station,2500,30,1027.0,2136.0,48.1,ST_GAS,observed_peak,2020-01-01,2020-05-06,126.3,6,21
Ravenswood Generating Station,2500,30,1027.0,2136.0,48.1,ST_GAS,observed_peak,2020-05-07,2020-07-13,67.1,6,21
Ravenswood Generating Station,2500,30,1027.0,2136.0,48.1,ST_GAS,observed_peak,2020-07-30,2020-09-10,41.2,6,21
Ravenswood Generating Station,2500,30,1027.0,2136.0,48.1,ST_GAS,observed_peak,2020-09-11,2020-12-31,111.1,6,21
Ravenswood Generating Station,2500,30,1018.0,2102.0,48.4,ST_GAS,observed_peak,2022-01-01,2022-04-15,104.2,4,7
Ravenswood Generating Station,2500,30,1018.0,2102.0,48.4,ST_GAS,observed_peak,2022-04-18,2022-07-19,92.0,4,7
Ravenswood Generating Station,2500,30,1018.0,2102.0,48.4,ST_GAS,observed_peak,2022-07-26,2022-08-04,9.2,4,7
Ravenswood Generating Station,2500,30,1018.0,2102.0,48.4,ST_GAS,observed_peak,2022-08-13,2022-12-31,141.0,4,7
Ravenswood Generating Station,2500,30,1030.0,2084.0,49.4,ST_GAS,observed_peak,2024-01-01,2024-04-10,100.1,3,7
Ravenswood Generating Station,2500,30,1030.0,2084.0,49.4,ST_GAS,observed_peak,2024-04-10,2024-06-12,62.4,3,7
Ravenswood Generating Station,2500,30,1030.0,2084.0,49.4,ST_GAS,observed_peak,2024-06-12,2024-06-18,6.0,3,7
Ravenswood Generating Station,2500,30,1030.0,2084.0,49.4,ST_GAS,observed_peak,2024-06-27,2024-07-07,11.0,3,7
Ravenswood Generating Station,2500,30,1030.0,2084.0,49.4,ST_GAS,observed_peak,2024-07-18,2024-07-25,7.3,3,7
Ravenswood Generating Station,2500,30,1030.0,2084.0,49.4,ST_GAS,observed_peak,2024-08-07,2024-08-28,21.2,3,7
Ravenswood Generating Station,2500,30,1030.0,2084.0,49.4,ST_GAS,observed_peak,2024-08-29,2024-12-31,125.0,3,7
Ravenswood Generating Station,2500,30,1027.0,2084.0,49.3,ST_GAS,observed_peak,2025-01-01,2025-01-19,18.8,3,4
Ravenswood Generating Station,2500,30,1027.0,2084.0,49.3,ST_GAS,observed_peak,2025-01-23,2025-05-15,112.0,3,4
Ravenswood Generating Station,2500,30,1027.0,2084.0,49.3,ST_GAS,observed_peak,2025-05-16,2025-06-22,37.2,3,4
Ravenswood Generating Station,2500,30,1027.0,2084.0,49.3,ST_GAS,observed_peak,2025-06-26,2025-07-06,10.0,3,4
Ravenswood Generating Station,2500,30,1027.0,2084.0,49.3,ST_GAS,observed_peak,2025-07-10,2025-07-15,5.9,3,4
Ravenswood Generating Station,2500,30,1027.0,2084.0,49.3,ST_GAS,observed_peak,2025-07-19,2025-07-28,9.5,3,4
Ravenswood Generating Station,2500,30,1027.0,2084.0,49.3,ST_GAS,observed_peak,2025-08-01,2025-08-12,11.4,3,4
Ravenswood Generating Station,2500,30,1027.0,2084.0,49.3,ST_GAS,observed_peak,2025-08-20,2025-09-11,22.2,3,4
Ravenswood Generating Station,2500,30,1027.0,2084.0,49.3,ST_GAS,observed_peak,2025-09-11,2025-12-31,111.2,3,4
Ravenswood Generating Station,2500,30,941.0,1961.0,48.0,ST_GAS,observed_peak,2026-01-01,2026-01-13,12.2,3,4
Ravenswood Generating Station,2500,30,941.0,1961.0,48.0,ST_GAS,observed_peak,2026-01-13,2026-01-19,6.2,3,4
Ravenswood Generating Station,2500,30,941.0,1961.0,48.0,ST_GAS,observed_peak,2026-02-10,2026-03-04,22.1,3,4
Ravenswood Generating Station,2500,30,941.0,1961.0,48.0,ST_GAS,observed_peak,2026-03-04,2026-03-31,27.3,3,4
Ravenswood Generating Station,2500,CT0001,9.0,2109.0,0.4,CC_REGULAR,observed_peak,2019-01-01,2019-08-23,234.5,6,21
Ravenswood Generating Station,2500,CT0001,9.0,2109.0,0.4,CC_REGULAR,observed_peak,2019-08-23,2019-08-30,7.0,6,21
Ravenswood Generating Station,2500,CT0001,9.0,2109.0,0.4,CC_REGULAR,observed_peak,2019-08-30,2019-09-05,5.9,6,21
Ravenswood Generating Station,2500,CT0001,9.0,2109.0,0.4,CC_REGULAR,observed_peak,2019-09-09,2019-09-24,14.8,6,21
Ravenswood Generating Station,2500,CT0001,9.0,2109.0,0.4,CC_REGULAR,observed_peak,2019-09-24,2019-12-31,98.1,6,21
Ravenswood Generating Station,2500,CT0001,8.0,2136.0,0.4,CC_REGULAR,observed_peak,2020-01-01,2020-07-22,203.7,6,21
Ravenswood Generating Station,2500,CT0001,8.0,2136.0,0.4,CC_REGULAR,observed_peak,2020-07-23,2020-08-08,16.1,6,21
Ravenswood Generating Station,2500,CT0001,8.0,2136.0,0.4,CC_REGULAR,observed_peak,2020-08-12,2020-08-25,12.8,6,21
Ravenswood Generating Station,2500,CT0001,8.0,2136.0,0.4,CC_REGULAR,observed_peak,2020-08-25,2020-09-08,13.8,6,21
Ravenswood Generating Station,2500,CT0001,8.0,2136.0,0.4,CC_REGULAR,observed_peak,2020-09-10,2020-09-24,14.0,6,21
Ravenswood Generating Station,2500,CT0001,8.0,2136.0,0.4,CC_REGULAR,observed_peak,2020-09-24,2020-12-31,98.4,6,21
Ravenswood Generating Station,2500,CT0001,10.0,2140.0,0.5,CC_REGULAR,observed_peak,2021-01-01,2021-03-01,59.3,6,14
Ravenswood Generating Station,2500,CT0001,10.0,2140.0,0.5,CC_REGULAR,observed_peak,2021-03-04,2021-12-31,302.4,6,14
Ravenswood Generating Station,2500,CT0011,21.0,2109.0,1.0,CC_REGULAR,observed_peak,2019-01-01,2019-04-01,90.4,6,21
Ravenswood Generating Station,2500,CT0011,21.0,2109.0,1.0,CC_REGULAR,observed_peak,2019-04-02,2019-04-08,5.9,6,21
Ravenswood Generating Station,2500,CT0011,21.0,2109.0,1.0,CC_REGULAR,observed_peak,2019-04-08,2019-04-13,5.1,6,21
Ravenswood Generating Station,2500,CT0011,21.0,2109.0,1.0,CC_REGULAR,observed_peak,2019-04-14,2019-04-19,5.3,6,21
Ravenswood Generating Station,2500,CT0011,21.0,2109.0,1.0,CC_REGULAR,observed_peak,2019-05-10,2019-05-17,6.9,6,21
Ravenswood Generating Station,2500,CT0011,21.0,2109.0,1.0,CC_REGULAR,observed_peak,2019-05-20,2019-06-03,14.1,6,21
Ravenswood Generating Station,2500,CT0011,21.0,2109.0,1.0,CC_REGULAR,observed_peak,2019-06-03,2019-06-28,24.9,6,21
Ravenswood Generating Station,2500,CT0011,21.0,2109.0,1.0,CC_REGULAR,observed_peak,2019-06-29,2019-07-06,6.8,6,21
Ravenswood Generating Station,2500,CT0011,21.0,2109.0,1.0,CC_REGULAR,observed_peak,2019-07-06,2019-07-17,11.0,6,21
Ravenswood Generating Station,2500,CT0011,21.0,2109.0,1.0,CC_REGULAR,observed_peak,2019-08-03,2019-08-12,9.0,6,21
Ravenswood Generating Station,2500,CT0011,21.0,2109.0,1.0,CC_REGULAR,observed_peak,2019-08-21,2019-09-23,32.9,6,21
Ravenswood Generating Station,2500,CT0011,21.0,2109.0,1.0,CC_REGULAR,observed_peak,2019-09-23,2019-09-28,5.0,6,21
Ravenswood Generating Station,2500,CT0011,21.0,2109.0,1.0,CC_REGULAR,observed_peak,2019-09-30,2019-12-31,92.5,6,21
Ravenswood Generating Station,2500,UCC001,286.0,2109.0,13.6,CC_REGULAR,observed_peak,2019-03-07,2019-04-25,49.5,6,21
Ravenswood Generating Station,2500,UCC001,286.0,2109.0,13.6,CC_REGULAR,observed_peak,2019-07-03,2019-07-09,5.5,6,21
Ravenswood Generating Station,2500,UCC001,286.0,2109.0,13.6,CC_REGULAR,observed_peak,2019-10-10,2019-10-21,10.1,6,21
Ravenswood Generating Station,2500,UCC001,286.0,2109.0,13.6,CC_REGULAR,observed_peak,2019-12-04,2019-12-11,7.3,6,21
Ravenswood Generating Station,2500,UCC001,285.0,2136.0,13.3,CC_REGULAR,observed_peak,2020-05-02,2020-07-05,64.5,6,21
Ravenswood Generating Station,2500,UCC001,285.0,2136.0,13.3,CC_REGULAR,observed_peak,2020-08-25,2020-09-12,17.7,6,21
Ravenswood Generating Station,2500,UCC001,285.0,2136.0,13.3,CC_REGULAR,observed_peak,2020-10-16,2020-10-29,12.4,6,21
Ravenswood Generating Station,2500,UCC001,282.0,2140.0,13.2,CC_REGULAR,observed_peak,2021-03-15,2021-05-20,66.2,6,14
Ravenswood Generating Station,2500,UCC001,282.0,2140.0,13.2,CC_REGULAR,observed_peak,2021-09-24,2021-10-07,12.5,6,14
Ravenswood Generating Station,2500,UCC001,285.0,2102.0,13.6,CC_REGULAR,observed_peak,2022-01-19,2022-01-25,6.4,4,7
Ravenswood Generating Station,2500,UCC001,285.0,2102.0,13.6,CC_REGULAR,observed_peak,2022-02-11,2022-02-21,10.4,4,7
Ravenswood Generating Station,2500,UCC001,285.0,2102.0,13.6,CC_REGULAR,observed_peak,2022-03-02,2022-03-31,29.3,4,7
Ravenswood Generating Station,2500,UCC001,285.0,2102.0,13.6,CC_REGULAR,observed_peak,2022-09-25,2022-11-03,38.5,4,7
Ravenswood Generating Station,2500,UCC001,268.0,2082.0,12.9,CC_REGULAR,observed_peak,2023-04-17,2023-05-01,14.4,4,7
Ravenswood Generating Station,2500,UCC001,268.0,2082.0,12.9,CC_REGULAR,observed_peak,2023-09-24,2023-10-12,17.8,4,7
Ravenswood Generating Station,2500,UCC001,279.0,2084.0,13.4,CC_REGULAR,observed_peak,2024-04-13,2024-04-25,12.9,3,7
Ravenswood Generating Station,2500,UCC001,279.0,2084.0,13.4,CC_REGULAR,observed_peak,2024-09-30,2024-10-16,16.3,3,7
Ravenswood Generating Station,2500,UCC001,278.0,2084.0,13.3,CC_REGULAR,observed_peak,2025-04-14,2025-04-25,11.4,3,4
Ravenswood Generating Station,2500,UCC001,278.0,2084.0,13.3,CC_REGULAR,observed_peak,2025-09-28,2025-10-13,15.7,3,4
E F Barrett,2511,10,41.8,548.8,7.6,ST_GAS,eia_exact,2019-01-01,2019-01-15,14.3,16,18
E F Barrett,2511,10,41.8,548.8,7.6,ST_GAS,eia_exact,2019-03-08,2019-03-26,18.9,16,18
E F Barrett,2511,10,41.8,548.8,7.6,ST_GAS,eia_exact,2019-05-27,2019-06-05,9.2,16,18
E F Barrett,2511,10,41.8,548.8,7.6,ST_GAS,eia_exact,2019-09-23,2019-10-01,8.2,16,18
E F Barrett,2511,10,41.8,539.8,7.7,ST_GAS,eia_exact,2020-05-16,2020-05-27,11.3,16,18
E F Barrett,2511,10,41.8,539.8,7.7,ST_GAS,eia_exact,2020-09-25,2020-12-31,98.0,16,18
E F Barrett,2511,10,41.8,550.8,7.6,ST_GAS,eia_exact,2021-01-01,2021-02-23,53.7,16,17
E F Barrett,2511,10,41.8,550.8,7.6,ST_GAS,eia_exact,2021-04-23,2021-05-14,21.3,16,17
E F Barrett,2511,10,41.8,550.8,7.6,ST_GAS,eia_exact,2021-09-04,2021-09-09,5.1,16,17
E F Barrett,2511,10,41.8,550.8,7.6,ST_GAS,eia_exact,2021-09-26,2021-10-04,8.2,16,17
E F Barrett,2511,10,41.8,548.8,7.6,ST_GAS,eia_exact,2022-02-03,2022-02-09,6.0,16,17
E F Barrett,2511,10,41.8,548.8,7.6,ST_GAS,eia_exact,2022-02-21,2022-04-05,43.5,16,17
E F Barrett,2511,10,41.8,548.8,7.6,ST_GAS,eia_exact,2022-05-10,2022-05-16,6.0,16,17
E F Barrett,2511,10,41.8,548.8,7.6,ST_GAS,eia_exact,2022-11-09,2022-11-15,6.5,16,17
E F Barrett,2511,10,41.8,548.8,7.6,ST_GAS,eia_exact,2022-11-28,2022-12-17,19.2,16,17
E F Barrett,2511,10,41.8,529.8,7.9,ST_GAS,eia_exact,2023-04-21,2023-05-16,25.2,16,17
E F Barrett,2511,10,41.8,529.8,7.9,ST_GAS,eia_exact,2023-05-19,2023-05-26,7.2,16,17
E F Barrett,2511,10,41.8,529.8,7.9,ST_GAS,eia_exact,2023-09-13,2023-09-22,9.3,16,17
E F Barrett,2511,10,41.8,529.8,7.9,ST_GAS,eia_exact,2023-12-01,2023-12-31,31.0,16,17
E F Barrett,2511,10,41.8,546.8,7.6,ST_GAS,eia_exact,2024-01-01,2024-07-03,184.8,16,17
E F Barrett,2511,10,41.8,546.8,7.6,ST_GAS,eia_exact,2024-09-27,2024-10-22,24.6,16,17
E F Barrett,2511,10,41.8,546.8,7.6,ST_GAS,eia_exact,2024-11-01,2024-12-31,60.9,16,17
E F Barrett,2511,20,201.0,548.8,36.6,ST_GAS,observed_peak,2019-02-02,2019-02-11,9.4,16,18
E F Barrett,2511,20,201.0,548.8,36.6,ST_GAS,observed_peak,2019-02-13,2019-02-27,14.2,16,18
E F Barrett,2511,20,201.0,548.8,36.6,ST_GAS,observed_peak,2019-03-27,2019-05-21,55.6,16,18
E F Barrett,2511,20,201.0,548.8,36.6,ST_GAS,observed_peak,2019-06-07,2019-06-17,10.2,16,18
E F Barrett,2511,20,201.0,548.8,36.6,ST_GAS,observed_peak,2019-09-05,2019-09-10,5.2,16,18
E F Barrett,2511,20,201.0,548.8,36.6,ST_GAS,observed_peak,2019-09-17,2019-09-22,5.3,16,18
E F Barrett,2511,20,201.0,548.8,36.6,ST_GAS,observed_peak,2019-10-03,2019-12-31,90.0,16,18
E F Barrett,2511,20,195.0,539.8,36.1,ST_GAS,observed_peak,2020-01-01,2020-05-13,133.9,16,18
E F Barrett,2511,20,195.0,539.8,36.1,ST_GAS,observed_peak,2020-06-12,2020-06-18,6.3,16,18
E F Barrett,2511,20,195.0,539.8,36.1,ST_GAS,observed_peak,2020-06-27,2020-07-04,6.8,16,18
E F Barrett,2511,20,195.0,539.8,36.1,ST_GAS,observed_peak,2020-11-03,2020-11-12,9.1,16,18
E F Barrett,2511,20,204.0,550.8,37.0,ST_GAS,observed_peak,2021-03-02,2021-04-22,51.5,16,17
E F Barrett,2511,20,204.0,550.8,37.0,ST_GAS,observed_peak,2021-09-25,2021-12-31,98.0,16,17
E F Barrett,2511,20,192.0,548.8,35.0,ST_GAS,observed_peak,2022-01-01,2022-02-01,31.3,16,17
E F Barrett,2511,20,192.0,548.8,35.0,ST_GAS,observed_peak,2022-03-10,2022-07-22,134.5,16,17
E F Barrett,2511,20,192.0,548.8,35.0,ST_GAS,observed_peak,2022-08-19,2022-08-25,5.3,16,17
E F Barrett,2511,20,192.0,548.8,35.0,ST_GAS,observed_peak,2022-09-09,2022-10-11,32.4,16,17
E F Barrett,2511,20,192.0,548.8,35.0,ST_GAS,observed_peak,2022-10-23,2022-11-02,10.2,16,17
E F Barrett,2511,20,192.0,548.8,35.0,ST_GAS,observed_peak,2022-11-17,2022-11-22,5.4,16,17
E F Barrett,2511,20,201.0,529.8,37.9,ST_GAS,observed_peak,2023-01-10,2023-01-18,8.2,16,17
E F Barrett,2511,20,201.0,529.8,37.9,ST_GAS,observed_peak,2023-01-26,2023-01-31,5.1,16,17
E F Barrett,2511,20,201.0,529.8,37.9,ST_GAS,observed_peak,2023-02-09,2023-04-17,66.4,16,17
E F Barrett,2511,20,201.0,529.8,37.9,ST_GAS,observed_peak,2023-05-26,2023-05-31,5.3,16,17
E F Barrett,2511,20,201.0,529.8,37.9,ST_GAS,observed_peak,2023-06-13,2023-06-22,9.3,16,17
E F Barrett,2511,20,201.0,529.8,37.9,ST_GAS,observed_peak,2023-06-22,2023-06-29,6.3,16,17
E F Barrett,2511,20,201.0,529.8,37.9,ST_GAS,observed_peak,2023-09-22,2023-12-21,89.5,16,17
E F Barrett,2511,20,201.0,546.8,36.8,ST_GAS,observed_peak,2024-05-18,2024-05-31,13.5,16,17
E F Barrett,2511,20,201.0,546.8,36.8,ST_GAS,observed_peak,2024-09-28,2024-10-16,18.5,16,17
E F Barrett,2511,20,199.0,539.8,36.9,ST_GAS,observed_peak,2025-05-27,2025-06-07,11.4,16,17
E F Barrett,2511,20,199.0,539.8,36.9,ST_GAS,observed_peak,2025-09-30,2025-12-31,93.0,16,17
Northport,2516,1,410.0,1583.0,25.9,ST_GAS,observed_peak,2019-01-04,2019-01-18,14.1,4,5
Northport,2516,1,410.0,1583.0,25.9,ST_GAS,observed_peak,2019-01-23,2019-01-30,7.0,4,5
Northport,2516,1,410.0,1583.0,25.9,ST_GAS,observed_peak,2019-02-01,2019-06-26,145.1,4,5
Northport,2516,1,410.0,1583.0,25.9,ST_GAS,observed_peak,2019-07-08,2019-07-17,9.2,4,5
Northport,2516,1,410.0,1583.0,25.9,ST_GAS,observed_peak,2019-08-01,2019-08-07,6.1,4,5
Northport,2516,1,410.0,1583.0,25.9,ST_GAS,observed_peak,2019-08-10,2019-08-19,9.1,4,5
Northport,2516,1,410.0,1583.0,25.9,ST_GAS,observed_peak,2019-08-24,2019-09-11,18.2,4,5
Northport,2516,1,410.0,1583.0,25.9,ST_GAS,observed_peak,2019-09-13,2019-10-02,19.1,4,5
Northport,2516,1,410.0,1583.0,25.9,ST_GAS,observed_peak,2019-10-03,2019-11-07,35.5,4,5
Northport,2516,1,410.0,1583.0,25.9,ST_GAS,observed_peak,2019-12-04,2019-12-31,28.0,4,5
Northport,2516,1,411.0,1586.0,25.9,ST_GAS,observed_peak,2020-01-01,2020-07-02,183.4,4,5
Northport,2516,1,411.0,1586.0,25.9,ST_GAS,observed_peak,2020-08-29,2020-09-03,5.2,4,5
Northport,2516,1,411.0,1586.0,25.9,ST_GAS,observed_peak,2020-09-12,2020-10-03,21.2,4,5
Northport,2516,1,411.0,1586.0,25.9,ST_GAS,observed_peak,2020-11-26,2020-12-15,19.2,4,5
Northport,2516,1,407.0,1582.0,25.7,ST_GAS,observed_peak,2021-03-30,2021-04-21,22.9,4,5
Northport,2516,1,407.0,1582.0,25.7,ST_GAS,observed_peak,2021-04-29,2021-06-07,38.4,4,5
Northport,2516,1,407.0,1582.0,25.7,ST_GAS,observed_peak,2021-06-22,2021-06-28,6.6,4,5
Northport,2516,1,407.0,1582.0,25.7,ST_GAS,observed_peak,2021-07-07,2021-07-14,6.4,4,5
Northport,2516,1,407.0,1582.0,25.7,ST_GAS,observed_peak,2021-07-30,2021-08-06,7.1,4,5
Northport,2516,1,407.0,1582.0,25.7,ST_GAS,observed_peak,2021-09-02,2021-09-08,6.2,4,5
Northport,2516,1,407.0,1582.0,25.7,ST_GAS,observed_peak,2021-09-24,2021-12-31,99.0,4,5
Northport,2516,1,413.0,1585.0,26.1,ST_GAS,observed_peak,2022-01-01,2022-03-31,89.6,4,5
Northport,2516,1,413.0,1585.0,26.1,ST_GAS,observed_peak,2022-04-07,2022-04-13,6.4,4,5
Northport,2516,1,413.0,1585.0,26.1,ST_GAS,observed_peak,2022-04-15,2022-04-23,7.8,4,5
Northport,2516,1,413.0,1585.0,26.1,ST_GAS,observed_peak,2022-04-27,2022-05-11,13.7,4,5
Northport,2516,1,413.0,1585.0,26.1,ST_GAS,observed_peak,2022-06-04,2022-06-17,13.3,4,5
Northport,2516,1,413.0,1585.0,26.1,ST_GAS,observed_peak,2022-06-18,2022-06-24,6.1,4,5
Northport,2516,1,413.0,1585.0,26.1,ST_GAS,observed_peak,2022-07-07,2022-07-12,5.2,4,5
Northport,2516,1,413.0,1585.0,26.1,ST_GAS,observed_peak,2022-08-10,2022-08-19,9.2,4,5
Northport,2516,1,413.0,1585.0,26.1,ST_GAS,observed_peak,2022-09-01,2022-09-07,6.2,4,5
Northport,2516,1,413.0,1585.0,26.1,ST_GAS,observed_peak,2022-09-22,2022-10-04,12.1,4,5
Northport,2516,1,413.0,1585.0,26.1,ST_GAS,observed_peak,2022-10-07,2022-10-25,18.2,4,5
Northport,2516,1,413.0,1585.0,26.1,ST_GAS,observed_peak,2022-11-10,2022-11-28,18.4,4,5
Northport,2516,1,413.0,1588.0,26.0,ST_GAS,observed_peak,2023-01-01,2023-01-06,5.5,4,5
Northport,2516,1,413.0,1588.0,26.0,ST_GAS,observed_peak,2023-01-12,2023-04-26,104.2,4,5
Northport,2516,1,413.0,1588.0,26.0,ST_GAS,observed_peak,2023-04-28,2023-05-11,13.3,4,5
Northport,2516,1,413.0,1588.0,26.0,ST_GAS,observed_peak,2023-05-17,2023-06-01,15.2,4,5
Northport,2516,1,413.0,1588.0,26.0,ST_GAS,observed_peak,2023-06-03,2023-06-12,9.1,4,5
Northport,2516,1,413.0,1588.0,26.0,ST_GAS,observed_peak,2023-07-30,2023-08-13,14.3,4,5
Northport,2516,1,413.0,1588.0,26.0,ST_GAS,observed_peak,2023-09-25,2023-10-13,18.4,4,5
Northport,2516,1,413.0,1588.0,26.0,ST_GAS,observed_peak,2023-11-16,2023-12-01,15.0,4,5
Northport,2516,1,413.0,1588.0,26.0,ST_GAS,observed_peak,2023-12-07,2023-12-22,16.0,4,5
Northport,2516,1,413.0,1574.0,26.2,ST_GAS,observed_peak,2024-01-10,2024-04-06,87.2,3,5
Northport,2516,1,413.0,1574.0,26.2,ST_GAS,observed_peak,2024-05-16,2024-05-23,7.1,3,5
Northport,2516,1,413.0,1574.0,26.2,ST_GAS,observed_peak,2024-06-08,2024-06-14,6.3,3,5
Northport,2516,1,413.0,1574.0,26.2,ST_GAS,observed_peak,2024-08-20,2024-08-26,6.2,3,5
Northport,2516,1,413.0,1574.0,26.2,ST_GAS,observed_peak,2024-09-02,2024-09-18,16.1,3,5
Northport,2516,1,413.0,1574.0,26.2,ST_GAS,observed_peak,2024-10-26,2024-11-06,11.3,3,5
Northport,2516,1,413.0,1574.0,26.2,ST_GAS,observed_peak,2024-11-27,2024-12-31,35.0,3,5
Northport,2516,1,407.0,1569.0,25.9,ST_GAS,observed_peak,2025-01-01,2025-03-26,84.2,4,5
Northport,2516,1,407.0,1569.0,25.9,ST_GAS,observed_peak,2025-04-15,2025-05-09,24.0,4,5
Northport,2516,1,407.0,1569.0,25.9,ST_GAS,observed_peak,2025-05-20,2025-05-26,6.5,4,5
Northport,2516,1,407.0,1569.0,25.9,ST_GAS,observed_peak,2025-06-13,2025-06-19,6.1,4,5
Northport,2516,1,407.0,1569.0,25.9,ST_GAS,observed_peak,2025-09-09,2025-09-18,8.4,4,5
Northport,2516,1,407.0,1569.0,25.9,ST_GAS,observed_peak,2025-09-27,2025-10-03,6.1,4,5
Northport,2516,1,407.0,1569.0,25.9,ST_GAS,observed_peak,2025-10-30,2025-12-14,45.2,4,5
Northport,2516,1,407.0,1569.0,25.9,ST_GAS,observed_peak,2025-12-24,2025-12-31,7.2,4,5
Northport,2516,1,387.0,1548.0,25.0,ST_GAS,observed_peak,2026-02-11,2026-02-22,11.3,3,5
Northport,2516,1,387.0,1548.0,25.0,ST_GAS,observed_peak,2026-03-10,2026-03-31,21.6,3,5
Northport,2516,2,387.0,1583.0,24.4,ST_GAS,eia_exact,2019-02-01,2019-02-22,21.1,4,5
Northport,2516,2,387.0,1583.0,24.4,ST_GAS,eia_exact,2019-03-29,2019-05-02,34.6,4,5
Northport,2516,2,387.0,1583.0,24.4,ST_GAS,eia_exact,2019-05-02,2019-06-06,34.4,4,5
Northport,2516,2,387.0,1583.0,24.4,ST_GAS,eia_exact,2019-06-11,2019-06-27,16.1,4,5
Northport,2516,2,387.0,1583.0,24.4,ST_GAS,eia_exact,2019-08-10,2019-08-20,10.1,4,5
Northport,2516,2,387.0,1583.0,24.4,ST_GAS,eia_exact,2019-08-23,2019-12-31,131.0,4,5
Northport,2516,2,387.0,1586.0,24.4,ST_GAS,eia_exact,2020-01-29,2020-06-10,132.7,4,5
Northport,2516,2,387.0,1586.0,24.4,ST_GAS,eia_exact,2020-06-30,2020-07-19,19.5,4,5
Northport,2516,2,387.0,1586.0,24.4,ST_GAS,eia_exact,2020-08-04,2020-08-10,6.3,4,5
Northport,2516,2,387.0,1586.0,24.4,ST_GAS,eia_exact,2020-08-15,2020-12-31,139.0,4,5
Northport,2516,2,387.0,1582.0,24.5,ST_GAS,eia_exact,2021-01-01,2021-03-02,60.5,4,5
Northport,2516,2,387.0,1582.0,24.5,ST_GAS,eia_exact,2021-03-06,2021-03-16,10.2,4,5
Northport,2516,2,387.0,1582.0,24.5,ST_GAS,eia_exact,2021-03-20,2021-04-01,12.1,4,5
Northport,2516,2,387.0,1582.0,24.5,ST_GAS,eia_exact,2021-04-03,2021-04-15,11.6,4,5
Northport,2516,2,387.0,1582.0,24.5,ST_GAS,eia_exact,2021-04-22,2021-05-19,26.8,4,5
Northport,2516,2,387.0,1582.0,24.5,ST_GAS,eia_exact,2021-05-28,2021-06-05,8.1,4,5
Northport,2516,2,387.0,1582.0,24.5,ST_GAS,eia_exact,2021-06-10,2021-06-21,11.1,4,5
Northport,2516,2,387.0,1582.0,24.5,ST_GAS,eia_exact,2021-07-28,2021-08-07,10.4,4,5
Northport,2516,2,387.0,1582.0,24.5,ST_GAS,eia_exact,2021-09-20,2021-10-04,14.1,4,5
Northport,2516,2,387.0,1582.0,24.5,ST_GAS,eia_exact,2021-10-09,2021-10-14,5.1,4,5
Northport,2516,2,387.0,1582.0,24.5,ST_GAS,eia_exact,2021-11-20,2021-12-03,13.4,4,5
Northport,2516,2,387.0,1582.0,24.5,ST_GAS,eia_exact,2021-12-10,2021-12-31,22.0,4,5
Northport,2516,2,387.0,1585.0,24.4,ST_GAS,eia_exact,2022-01-01,2022-01-10,9.2,4,5
Northport,2516,2,387.0,1585.0,24.4,ST_GAS,eia_exact,2022-02-01,2022-03-03,29.9,4,5
Northport,2516,2,387.0,1585.0,24.4,ST_GAS,eia_exact,2022-03-18,2022-04-07,20.1,4,5
Northport,2516,2,387.0,1585.0,24.4,ST_GAS,eia_exact,2022-04-08,2022-05-29,51.6,4,5
Northport,2516,2,387.0,1585.0,24.4,ST_GAS,eia_exact,2022-06-13,2022-07-11,27.5,4,5
Northport,2516,2,387.0,1585.0,24.4,ST_GAS,eia_exact,2022-09-08,2022-12-31,115.0,4,5
Northport,2516,2,387.0,1588.0,24.4,ST_GAS,eia_exact,2023-01-01,2023-01-31,30.3,4,5
Northport,2516,2,387.0,1588.0,24.4,ST_GAS,eia_exact,2023-02-08,2023-02-17,9.4,4,5
Northport,2516,2,387.0,1588.0,24.4,ST_GAS,eia_exact,2023-03-24,2023-04-13,20.2,4,5
Northport,2516,2,387.0,1588.0,24.4,ST_GAS,eia_exact,2023-04-26,2023-05-08,12.3,4,5
Northport,2516,2,387.0,1588.0,24.4,ST_GAS,eia_exact,2023-06-03,2023-06-13,10.2,4,5
Northport,2516,2,387.0,1588.0,24.4,ST_GAS,eia_exact,2023-06-14,2023-06-24,10.9,4,5
Northport,2516,2,387.0,1588.0,24.4,ST_GAS,eia_exact,2023-07-01,2023-07-06,5.1,4,5
Northport,2516,2,387.0,1588.0,24.4,ST_GAS,eia_exact,2023-08-15,2023-09-04,20.1,4,5
Northport,2516,2,387.0,1588.0,24.4,ST_GAS,eia_exact,2023-09-09,2023-12-31,114.0,4,5
Northport,2516,2,387.0,1574.0,24.6,ST_GAS,eia_exact,2024-01-01,2024-01-12,11.2,3,5
Northport,2516,2,387.0,1574.0,24.6,ST_GAS,eia_exact,2024-01-21,2024-02-10,20.2,3,5
Northport,2516,2,387.0,1574.0,24.6,ST_GAS,eia_exact,2024-03-22,2024-04-23,32.4,3,5
Northport,2516,2,387.0,1574.0,24.6,ST_GAS,eia_exact,2024-06-02,2024-06-13,10.7,3,5
Northport,2516,2,387.0,1574.0,24.6,ST_GAS,eia_exact,2024-07-18,2024-07-23,5.6,3,5
Northport,2516,2,387.0,1574.0,24.6,ST_GAS,eia_exact,2024-08-07,2024-08-25,18.2,3,5
Northport,2516,2,387.0,1574.0,24.6,ST_GAS,eia_exact,2024-09-25,2024-10-23,28.2,3,5
Northport,2516,2,387.0,1574.0,24.6,ST_GAS,eia_exact,2024-11-15,2024-11-26,11.3,3,5
Northport,2516,2,387.0,1574.0,24.6,ST_GAS,eia_exact,2024-12-12,2024-12-31,19.5,3,5
Northport,2516,2,387.0,1569.0,24.7,ST_GAS,eia_exact,2025-01-01,2025-01-18,17.2,4,5
Northport,2516,2,387.0,1569.0,24.7,ST_GAS,eia_exact,2025-02-05,2025-02-16,11.4,4,5
Northport,2516,2,387.0,1569.0,24.7,ST_GAS,eia_exact,2025-03-02,2025-05-01,60.4,4,5
Northport,2516,2,387.0,1569.0,24.7,ST_GAS,eia_exact,2025-05-17,2025-06-05,19.2,4,5
Northport,2516,2,387.0,1569.0,24.7,ST_GAS,eia_exact,2025-06-07,2025-06-12,5.3,4,5
Northport,2516,2,387.0,1569.0,24.7,ST_GAS,eia_exact,2025-09-06,2025-11-08,63.1,4,5
Northport,2516,2,387.0,1569.0,24.7,ST_GAS,eia_exact,2025-12-17,2025-12-31,15.0,4,5
Northport,2516,2,387.0,1548.0,25.0,ST_GAS,eia_exact,2026-01-06,2026-01-20,14.1,3,5
Northport,2516,2,387.0,1548.0,25.0,ST_GAS,eia_exact,2026-02-20,2026-03-08,16.1,3,5
Northport,2516,3,387.0,1583.0,24.4,ST_GAS,eia_exact,2019-01-01,2019-01-19,19.0,4,5
Northport,2516,3,387.0,1583.0,24.4,ST_GAS,eia_exact,2019-01-23,2019-01-29,6.4,4,5
Northport,2516,3,387.0,1583.0,24.4,ST_GAS,eia_exact,2019-02-22,2019-04-20,56.7,4,5
Northport,2516,3,387.0,1583.0,24.4,ST_GAS,eia_exact,2019-05-07,2019-06-15,39.1,4,5
Northport,2516,3,387.0,1583.0,24.4,ST_GAS,eia_exact,2019-07-23,2019-07-29,6.1,4,5
Northport,2516,3,387.0,1583.0,24.4,ST_GAS,eia_exact,2019-08-08,2019-08-18,10.2,4,5
Northport,2516,3,387.0,1583.0,24.4,ST_GAS,eia_exact,2019-09-05,2019-12-31,118.0,4,5
Northport,2516,3,387.0,1586.0,24.4,ST_GAS,eia_exact,2020-01-01,2020-03-02,61.4,4,5
Northport,2516,3,387.0,1586.0,24.4,ST_GAS,eia_exact,2020-03-08,2020-03-14,5.8,4,5
Northport,2516,3,387.0,1586.0,24.4,ST_GAS,eia_exact,2020-03-18,2020-06-23,97.1,4,5
Northport,2516,3,387.0,1586.0,24.4,ST_GAS,eia_exact,2020-08-13,2020-08-22,8.3,4,5
Northport,2516,3,387.0,1586.0,24.4,ST_GAS,eia_exact,2020-10-06,2020-11-09,34.6,4,5
Northport,2516,3,387.0,1586.0,24.4,ST_GAS,eia_exact,2020-11-14,2020-11-24,9.8,4,5
Northport,2516,3,387.0,1582.0,24.5,ST_GAS,eia_exact,2021-02-03,2021-02-10,7.1,4,5
Northport,2516,3,387.0,1582.0,24.5,ST_GAS,eia_exact,2021-02-16,2021-06-08,112.4,4,5
Northport,2516,3,387.0,1582.0,24.5,ST_GAS,eia_exact,2021-06-11,2021-06-19,8.3,4,5
Northport,2516,3,387.0,1582.0,24.5,ST_GAS,eia_exact,2021-07-01,2021-07-16,15.1,4,5
Northport,2516,3,387.0,1582.0,24.5,ST_GAS,eia_exact,2021-09-30,2021-11-19,50.4,4,5
Northport,2516,3,387.0,1582.0,24.5,ST_GAS,eia_exact,2021-12-02,2021-12-08,5.5,4,5
Northport,2516,3,387.0,1585.0,24.4,ST_GAS,eia_exact,2022-01-22,2022-03-17,54.1,4,5
Northport,2516,3,387.0,1585.0,24.4,ST_GAS,eia_exact,2022-04-21,2022-04-28,7.2,4,5
Northport,2516,3,387.0,1585.0,24.4,ST_GAS,eia_exact,2022-07-09,2022-07-19,10.2,4,5
Northport,2516,3,387.0,1585.0,24.4,ST_GAS,eia_exact,2022-08-12,2022-08-20,8.2,4,5
Northport,2516,3,387.0,1585.0,24.4,ST_GAS,eia_exact,2022-09-02,2022-09-12,10.1,4,5
Northport,2516,3,387.0,1585.0,24.4,ST_GAS,eia_exact,2022-09-21,2022-10-03,12.1,4,5
Northport,2516,3,387.0,1585.0,24.4,ST_GAS,eia_exact,2022-11-03,2022-11-16,13.5,4,5
Northport,2516,3,387.0,1585.0,24.4,ST_GAS,eia_exact,2022-11-24,2022-12-17,22.8,4,5
Northport,2516,3,387.0,1588.0,24.4,ST_GAS,eia_exact,2023-01-01,2023-01-20,19.4,4,5
Northport,2516,3,387.0,1588.0,24.4,ST_GAS,eia_exact,2023-02-15,2023-03-13,26.1,4,5
Northport,2516,3,387.0,1588.0,24.4,ST_GAS,eia_exact,2023-03-14,2023-03-29,15.1,4,5
Northport,2516,3,387.0,1588.0,24.4,ST_GAS,eia_exact,2023-04-20,2023-06-01,42.3,4,5
Northport,2516,3,387.0,1588.0,24.4,ST_GAS,eia_exact,2023-06-15,2023-07-05,19.3,4,5
Northport,2516,3,387.0,1588.0,24.4,ST_GAS,eia_exact,2023-08-10,2023-09-02,23.4,4,5
Northport,2516,3,387.0,1588.0,24.4,ST_GAS,eia_exact,2023-09-14,2023-09-22,8.7,4,5
Northport,2516,3,387.0,1588.0,24.4,ST_GAS,eia_exact,2023-09-27,2023-11-06,40.4,4,5
Northport,2516,3,387.0,1574.0,24.6,ST_GAS,eia_exact,2024-01-20,2024-05-02,102.5,3,5
Northport,2516,3,387.0,1574.0,24.6,ST_GAS,eia_exact,2024-05-03,2024-06-12,39.8,3,5
Northport,2516,3,387.0,1574.0,24.6,ST_GAS,eia_exact,2024-06-27,2024-07-08,10.5,3,5
Northport,2516,3,387.0,1574.0,24.6,ST_GAS,eia_exact,2024-08-21,2024-08-27,6.1,3,5
Northport,2516,3,387.0,1574.0,24.6,ST_GAS,eia_exact,2024-09-07,2024-12-10,94.5,3,5
Northport,2516,3,387.0,1569.0,24.7,ST_GAS,eia_exact,2025-01-25,2025-02-04,10.0,4,5
Northport,2516,3,387.0,1569.0,24.7,ST_GAS,eia_exact,2025-02-21,2025-03-01,8.5,4,5
Northport,2516,3,387.0,1569.0,24.7,ST_GAS,eia_exact,2025-03-28,2025-04-23,26.5,4,5
Northport,2516,3,387.0,1569.0,24.7,ST_GAS,eia_exact,2025-05-02,2025-05-08,6.2,4,5
Northport,2516,3,387.0,1569.0,24.7,ST_GAS,eia_exact,2025-06-06,2025-06-18,12.2,4,5
Northport,2516,3,387.0,1569.0,24.7,ST_GAS,eia_exact,2025-08-19,2025-09-07,19.2,4,5
Northport,2516,3,387.0,1569.0,24.7,ST_GAS,eia_exact,2025-10-03,2025-10-14,10.3,4,5
Northport,2516,3,387.0,1569.0,24.7,ST_GAS,eia_exact,2025-12-17,2025-12-31,15.0,4,5
Northport,2516,4,387.0,1583.0,24.4,ST_GAS,eia_exact,2019-01-01,2019-03-28,86.6,4,5
Northport,2516,4,387.0,1583.0,24.4,ST_GAS,eia_exact,2019-04-17,2019-05-08,20.7,4,5
Northport,2516,4,387.0,1583.0,24.4,ST_GAS,eia_exact,2019-05-11,2019-05-25,14.1,4,5
Northport,2516,4,387.0,1583.0,24.4,ST_GAS,eia_exact,2019-05-31,2019-06-05,5.2,4,5
Northport,2516,4,387.0,1583.0,24.4,ST_GAS,eia_exact,2019-06-07,2019-07-08,31.1,4,5
Northport,2516,4,387.0,1583.0,24.4,ST_GAS,eia_exact,2019-08-23,2019-09-03,11.1,4,5
Northport,2516,4,387.0,1583.0,24.4,ST_GAS,eia_exact,2019-09-24,2019-10-02,8.1,4,5
Northport,2516,4,387.0,1583.0,24.4,ST_GAS,eia_exact,2019-10-03,2019-10-22,19.1,4,5
Northport,2516,4,387.0,1583.0,24.4,ST_GAS,eia_exact,2019-10-29,2019-12-03,35.4,4,5
Northport,2516,4,387.0,1586.0,24.4,ST_GAS,eia_exact,2020-01-10,2020-01-29,18.2,4,5
Northport,2516,4,387.0,1586.0,24.4,ST_GAS,eia_exact,2020-03-03,2020-03-21,18.5,4,5
Northport,2516,4,387.0,1586.0,24.4,ST_GAS,eia_exact,2020-04-24,2020-06-04,40.5,4,5
Northport,2516,4,387.0,1586.0,24.4,ST_GAS,eia_exact,2020-06-09,2020-06-19,10.2,4,5
Northport,2516,4,387.0,1586.0,24.4,ST_GAS,eia_exact,2020-09-11,2020-10-06,25.1,4,5
Northport,2516,4,387.0,1586.0,24.4,ST_GAS,eia_exact,2020-11-04,2020-11-14,10.2,4,5
Northport,2516,4,387.0,1586.0,24.4,ST_GAS,eia_exact,2020-11-20,2020-11-30,10.2,4,5
Northport,2516,4,387.0,1582.0,24.5,ST_GAS,eia_exact,2021-03-12,2021-04-29,48.2,4,5
Northport,2516,4,387.0,1582.0,24.5,ST_GAS,eia_exact,2021-06-10,2021-06-26,16.2,4,5
Northport,2516,4,387.0,1582.0,24.5,ST_GAS,eia_exact,2021-10-12,2021-12-31,81.0,4,5
Northport,2516,4,387.0,1585.0,24.4,ST_GAS,eia_exact,2022-01-01,2022-01-21,20.6,4,5
Northport,2516,4,387.0,1585.0,24.4,ST_GAS,eia_exact,2022-03-04,2022-06-07,95.4,4,5
Northport,2516,4,387.0,1585.0,24.4,ST_GAS,eia_exact,2022-07-29,2022-08-08,10.4,4,5
Northport,2516,4,387.0,1585.0,24.4,ST_GAS,eia_exact,2022-08-10,2022-12-24,136.4,4,5
Northport,2516,4,387.0,1588.0,24.4,ST_GAS,eia_exact,2023-01-01,2023-01-13,12.9,4,5
Northport,2516,4,387.0,1588.0,24.4,ST_GAS,eia_exact,2023-01-19,2023-02-02,14.8,4,5
Northport,2516,4,387.0,1588.0,24.4,ST_GAS,eia_exact,2023-02-05,2023-06-13,128.3,4,5
Northport,2516,4,387.0,1588.0,24.4,ST_GAS,eia_exact,2023-07-30,2023-08-15,16.1,4,5
Northport,2516,4,387.0,1588.0,24.4,ST_GAS,eia_exact,2023-08-22,2023-08-30,8.1,4,5
Northport,2516,4,387.0,1588.0,24.4,ST_GAS,eia_exact,2023-09-01,2023-09-06,5.1,4,5
Northport,2516,4,387.0,1588.0,24.4,ST_GAS,eia_exact,2023-09-09,2023-10-02,23.2,4,5
Northport,2516,4,387.0,1588.0,24.4,ST_GAS,eia_exact,2023-10-28,2023-12-31,65.0,4,5
Northport,2516,4,387.0,1574.0,24.6,ST_GAS,eia_exact,2024-01-01,2024-01-16,15.1,3,5
Northport,2516,4,387.0,1574.0,24.6,ST_GAS,eia_exact,2024-02-23,2024-03-22,28.1,3,5
Northport,2516,4,387.0,1574.0,24.6,ST_GAS,eia_exact,2024-04-24,2024-05-10,16.5,3,5
Northport,2516,4,387.0,1574.0,24.6,ST_GAS,eia_exact,2024-08-29,2024-09-13,15.2,3,5
Northport,2516,4,387.0,1574.0,24.6,ST_GAS,eia_exact,2024-11-07,2024-11-14,7.4,3,5
Northport,2516,4,387.0,1574.0,24.6,ST_GAS,eia_exact,2024-11-23,2024-12-12,19.0,3,5
Northport,2516,4,387.0,1574.0,24.6,ST_GAS,eia_exact,2024-12-25,2024-12-31,7.0,3,5
Northport,2516,4,387.0,1569.0,24.7,ST_GAS,eia_exact,2025-01-01,2025-01-19,18.2,4,5
Northport,2516,4,387.0,1569.0,24.7,ST_GAS,eia_exact,2025-01-24,2025-04-09,75.2,4,5
Northport,2516,4,387.0,1569.0,24.7,ST_GAS,eia_exact,2025-04-24,2025-06-04,41.4,4,5
Northport,2516,4,387.0,1569.0,24.7,ST_GAS,eia_exact,2025-08-27,2025-09-06,10.1,4,5
Northport,2516,4,387.0,1569.0,24.7,ST_GAS,eia_exact,2025-10-18,2025-10-29,11.8,4,5
Northport,2516,4,387.0,1569.0,24.7,ST_GAS,eia_exact,2025-11-08,2025-12-13,35.2,4,5
Northport,2516,4,387.0,1548.0,25.0,ST_GAS,eia_exact,2026-01-06,2026-01-22,16.5,3,5
Port Jefferson Energy Center,2517,3,188.0,489.0,38.4,ST_GAS,eia_exact,2019-01-01,2019-04-06,95.3,4,5
Port Jefferson Energy Center,2517,3,188.0,489.0,38.4,ST_GAS,eia_exact,2019-04-15,2019-06-11,57.0,4,5
Port Jefferson Energy Center,2517,3,188.0,489.0,38.4,ST_GAS,eia_exact,2019-06-13,2019-07-09,26.3,4,5
Port Jefferson Energy Center,2517,3,188.0,489.0,38.4,ST_GAS,eia_exact,2019-07-23,2019-08-06,13.5,4,5
Port Jefferson Energy Center,2517,3,188.0,489.0,38.4,ST_GAS,eia_exact,2019-08-10,2019-08-19,9.5,4,5
Port Jefferson Energy Center,2517,3,188.0,489.0,38.4,ST_GAS,eia_exact,2019-08-21,2019-10-14,54.2,4,5
Port Jefferson Energy Center,2517,3,188.0,489.0,38.4,ST_GAS,eia_exact,2019-10-19,2019-12-11,53.1,4,5
Port Jefferson Energy Center,2517,3,188.0,489.0,38.4,ST_GAS,eia_exact,2019-12-25,2019-12-31,7.0,4,5
Port Jefferson Energy Center,2517,3,188.0,491.0,38.3,ST_GAS,eia_exact,2020-01-01,2020-02-10,41.0,4,5
Port Jefferson Energy Center,2517,3,188.0,491.0,38.3,ST_GAS,eia_exact,2020-02-12,2020-06-01,110.2,4,5
Port Jefferson Energy Center,2517,3,188.0,491.0,38.3,ST_GAS,eia_exact,2020-06-05,2020-06-15,10.5,4,5
Port Jefferson Energy Center,2517,3,188.0,491.0,38.3,ST_GAS,eia_exact,2020-06-17,2020-06-22,5.2,4,5
Port Jefferson Energy Center,2517,3,188.0,491.0,38.3,ST_GAS,eia_exact,2020-07-04,2020-07-09,5.3,4,5
Port Jefferson Energy Center,2517,3,188.0,491.0,38.3,ST_GAS,eia_exact,2020-08-05,2020-08-12,6.3,4,5
Port Jefferson Energy Center,2517,3,188.0,491.0,38.3,ST_GAS,eia_exact,2020-08-16,2020-08-21,5.4,4,5
Port Jefferson Energy Center,2517,3,188.0,491.0,38.3,ST_GAS,eia_exact,2020-09-18,2020-09-25,7.3,4,5
Port Jefferson Energy Center,2517,3,188.0,491.0,38.3,ST_GAS,eia_exact,2020-11-11,2020-11-22,11.5,4,5
Port Jefferson Energy Center,2517,3,188.0,491.0,38.3,ST_GAS,eia_exact,2020-11-24,2020-11-30,6.5,4,5
Port Jefferson Energy Center,2517,3,188.0,491.0,38.3,ST_GAS,eia_exact,2020-12-12,2020-12-31,20.0,4,5
Port Jefferson Energy Center,2517,3,188.0,488.0,38.5,ST_GAS,eia_exact,2021-01-15,2021-01-28,13.8,4,5
Port Jefferson Energy Center,2517,3,188.0,488.0,38.5,ST_GAS,eia_exact,2021-02-02,2021-02-10,8.2,4,5
Port Jefferson Energy Center,2517,3,188.0,488.0,38.5,ST_GAS,eia_exact,2021-04-22,2021-05-23,31.3,4,5
Port Jefferson Energy Center,2517,3,188.0,488.0,38.5,ST_GAS,eia_exact,2021-06-10,2021-06-29,19.2,4,5
Port Jefferson Energy Center,2517,3,188.0,488.0,38.5,ST_GAS,eia_exact,2021-07-28,2021-08-07,10.5,4,5
Port Jefferson Energy Center,2517,3,188.0,488.0,38.5,ST_GAS,eia_exact,2021-09-24,2021-10-16,22.2,4,5
Port Jefferson Energy Center,2517,3,188.0,488.0,38.5,ST_GAS,eia_exact,2021-11-01,2021-12-31,61.0,4,5
Port Jefferson Energy Center,2517,3,188.0,484.0,38.8,ST_GAS,eia_exact,2023-09-13,2023-10-04,21.4,4,5
Port Jefferson Energy Center,2517,3,188.0,484.0,38.8,ST_GAS,eia_exact,2023-10-05,2023-10-14,9.1,4,5
Port Jefferson Energy Center,2517,3,188.0,473.0,39.7,ST_GAS,eia_exact,2026-01-06,2026-01-14,8.4,3,5
Port Jefferson Energy Center,2517,3,188.0,473.0,39.7,ST_GAS,eia_exact,2026-01-21,2026-01-27,6.0,3,5
Port Jefferson Energy Center,2517,3,188.0,473.0,39.7,ST_GAS,eia_exact,2026-02-13,2026-03-17,32.4,3,5
Port Jefferson Energy Center,2517,3,188.0,473.0,39.7,ST_GAS,eia_exact,2026-03-19,2026-03-31,12.6,3,5
Port Jefferson Energy Center,2517,4,188.0,489.0,38.4,ST_GAS,eia_exact,2019-06-14,2019-06-27,13.3,4,5
Port Jefferson Energy Center,2517,4,188.0,489.0,38.4,ST_GAS,eia_exact,2019-07-07,2019-07-17,9.5,4,5
Port Jefferson Energy Center,2517,4,188.0,489.0,38.4,ST_GAS,eia_exact,2019-09-12,2019-10-02,20.3,4,5
Port Jefferson Energy Center,2517,4,188.0,489.0,38.4,ST_GAS,eia_exact,2019-10-03,2019-11-16,44.2,4,5
Port Jefferson Energy Center,2517,4,188.0,491.0,38.3,ST_GAS,eia_exact,2020-02-11,2020-06-03,112.8,4,5
Port Jefferson Energy Center,2517,4,188.0,491.0,38.3,ST_GAS,eia_exact,2020-06-10,2020-07-06,25.5,4,5
Port Jefferson Energy Center,2517,4,188.0,491.0,38.3,ST_GAS,eia_exact,2020-09-01,2020-11-02,62.1,4,5
Port Jefferson Energy Center,2517,4,188.0,491.0,38.3,ST_GAS,eia_exact,2020-11-06,2020-12-01,25.5,4,5
Port Jefferson Energy Center,2517,4,188.0,491.0,38.3,ST_GAS,eia_exact,2020-12-19,2020-12-29,10.3,4,5
Port Jefferson Energy Center,2517,4,188.0,488.0,38.5,ST_GAS,eia_exact,2021-01-09,2021-03-15,65.4,4,5
Port Jefferson Energy Center,2517,4,188.0,488.0,38.5,ST_GAS,eia_exact,2021-03-18,2021-06-06,80.3,4,5
Port Jefferson Energy Center,2517,4,188.0,488.0,38.5,ST_GAS,eia_exact,2021-06-10,2021-06-19,9.2,4,5
Port Jefferson Energy Center,2517,4,188.0,488.0,38.5,ST_GAS,eia_exact,2021-07-09,2021-07-15,6.3,4,5
Port Jefferson Energy Center,2517,4,188.0,488.0,38.5,ST_GAS,eia_exact,2021-07-31,2021-08-06,6.3,4,5
Port Jefferson Energy Center,2517,4,188.0,488.0,38.5,ST_GAS,eia_exact,2021-09-02,2021-09-13,11.2,4,5
Port Jefferson Energy Center,2517,4,188.0,488.0,38.5,ST_GAS,eia_exact,2021-09-14,2021-10-15,31.9,4,5
Port Jefferson Energy Center,2517,4,188.0,488.0,38.5,ST_GAS,eia_exact,2021-10-26,2021-11-15,20.5,4,5
Port Jefferson Energy Center,2517,4,188.0,488.0,38.5,ST_GAS,eia_exact,2021-11-18,2021-12-31,44.0,4,5
Port Jefferson Energy Center,2517,4,188.0,488.0,38.5,ST_GAS,eia_exact,2022-01-01,2022-03-27,86.0,4,5
Port Jefferson Energy Center,2517,4,188.0,488.0,38.5,ST_GAS,eia_exact,2022-03-31,2022-05-28,58.5,4,5
Port Jefferson Energy Center,2517,4,188.0,488.0,38.5,ST_GAS,eia_exact,2022-06-01,2022-06-08,7.3,4,5
Port Jefferson Energy Center,2517,4,188.0,488.0,38.5,ST_GAS,eia_exact,2022-06-18,2022-06-25,7.4,4,5
Port Jefferson Energy Center,2517,4,188.0,488.0,38.5,ST_GAS,eia_exact,2022-07-07,2022-07-12,5.1,4,5
Port Jefferson Energy Center,2517,4,188.0,488.0,38.5,ST_GAS,eia_exact,2022-07-26,2022-08-02,7.3,4,5
Port Jefferson Energy Center,2517,4,188.0,488.0,38.5,ST_GAS,eia_exact,2022-08-10,2022-08-30,19.4,4,5
Port Jefferson Energy Center,2517,4,188.0,488.0,38.5,ST_GAS,eia_exact,2022-09-02,2022-09-07,5.5,4,5
Port Jefferson Energy Center,2517,4,188.0,488.0,38.5,ST_GAS,eia_exact,2022-09-09,2022-12-31,114.0,4,5
Port Jefferson Energy Center,2517,4,188.0,484.0,38.8,ST_GAS,eia_exact,2023-07-03,2023-07-09,5.5,4,5
Port Jefferson Energy Center,2517,4,188.0,484.0,38.8,ST_GAS,eia_exact,2023-09-15,2023-10-02,17.5,4,5
Port Jefferson Energy Center,2517,4,188.0,484.0,38.8,ST_GAS,eia_exact,2023-10-05,2023-10-10,5.5,4,5
Port Jefferson Energy Center,2517,4,188.0,470.0,40.0,ST_GAS,eia_exact,2024-07-25,2024-08-01,7.4,3,5
Port Jefferson Energy Center,2517,4,188.0,472.0,39.8,ST_GAS,eia_exact,2025-01-01,2025-02-03,33.7,4,5
Port Jefferson Energy Center,2517,4,188.0,472.0,39.8,ST_GAS,eia_exact,2025-02-11,2025-02-19,7.8,4,5
Port Jefferson Energy Center,2517,4,188.0,472.0,39.8,ST_GAS,eia_exact,2025-10-09,2025-11-10,32.5,4,5
Port Jefferson Energy Center,2517,4,188.0,472.0,39.8,ST_GAS,eia_exact,2025-11-11,2025-12-31,50.0,4,5
Port Jefferson Energy Center,2517,4,188.0,473.0,39.7,ST_GAS,eia_exact,2026-01-01,2026-03-17,75.9,3,5
Port Jefferson Energy Center,2517,4,188.0,473.0,39.7,ST_GAS,eia_exact,2026-03-18,2026-03-27,9.0,3,5
Greenidge Generation LLC,2527,6,113.0,113.0,100.0,ST_GAS,observed_peak,2019-02-07,2019-05-30,112.1,0,1
Greenidge Generation LLC,2527,6,113.0,113.0,100.0,ST_GAS,observed_peak,2019-05-31,2019-06-24,24.1,0,1
Greenidge Generation LLC,2527,6,113.0,113.0,100.0,ST_GAS,observed_peak,2019-06-25,2019-07-15,20.2,0,1
Greenidge Generation LLC,2527,6,113.0,113.0,100.0,ST_GAS,observed_peak,2019-07-22,2019-07-29,6.2,0,1
Greenidge Generation LLC,2527,6,113.0,113.0,100.0,ST_GAS,observed_peak,2019-08-08,2019-08-19,10.2,0,1
Greenidge Generation LLC,2527,6,113.0,113.0,100.0,ST_GAS,observed_peak,2019-08-21,2019-09-30,39.2,0,1
Greenidge Generation LLC,2527,6,113.0,113.0,100.0,ST_GAS,observed_peak,2019-10-01,2019-12-31,91.0,0,1
Greenidge Generation LLC,2527,6,114.0,114.0,100.0,ST_GAS,observed_peak,2020-01-01,2020-01-29,28.8,0,1
Greenidge Generation LLC,2527,6,114.0,114.0,100.0,ST_GAS,observed_peak,2021-10-16,2021-10-21,5.0,0,1
Greenidge Generation LLC,2527,6,112.0,112.0,100.0,ST_GAS,observed_peak,2022-10-30,2022-11-10,12.0,0,1
Greenidge Generation LLC,2527,6,113.0,113.0,100.0,ST_GAS,observed_peak,2023-06-13,2023-06-25,11.9,0,1
Greenidge Generation LLC,2527,6,112.0,112.0,100.0,ST_GAS,observed_peak,2024-06-08,2024-06-18,9.9,0,1
Greenidge Generation LLC,2527,6,111.0,111.0,100.0,ST_GAS,observed_peak,2025-06-15,2025-06-21,5.6,0,1
Greenidge Generation LLC,2527,6,111.0,111.0,100.0,ST_GAS,observed_peak,2025-11-23,2025-12-09,15.3,0,1
Bethlehem Energy Center (Albany),2539,10001,206.0,618.0,33.3,CC_REGULAR,observed_peak,2019-03-03,2019-03-15,12.1,2,3
Bethlehem Energy Center (Albany),2539,10001,206.0,618.0,33.3,CC_REGULAR,observed_peak,2019-03-16,2019-03-22,6.1,2,3
Bethlehem Energy Center (Albany),2539,10001,206.0,618.0,33.3,CC_REGULAR,observed_peak,2020-03-02,2020-03-17,15.5,2,3
Bethlehem Energy Center (Albany),2539,10001,206.0,619.0,33.3,CC_REGULAR,observed_peak,2021-03-04,2021-03-17,12.5,2,3
Bethlehem Energy Center (Albany),2539,10001,206.0,619.0,33.3,CC_REGULAR,observed_peak,2021-04-25,2021-05-04,9.2,2,3
Bethlehem Energy Center (Albany),2539,10001,207.0,620.0,33.4,CC_REGULAR,observed_peak,2022-01-26,2022-02-02,7.2,2,3
Bethlehem Energy Center (Albany),2539,10001,207.0,620.0,33.4,CC_REGULAR,observed_peak,2022-02-24,2022-04-27,62.4,2,3
Bethlehem Energy Center (Albany),2539,10001,210.0,630.0,33.3,CC_REGULAR,observed_peak,2023-03-06,2023-03-18,12.6,2,3
Bethlehem Energy Center (Albany),2539,10001,210.0,630.0,33.3,CC_REGULAR,observed_peak,2023-05-16,2023-05-22,6.1,2,3
Bethlehem Energy Center (Albany),2539,10001,310.0,930.0,33.3,CC_REGULAR,observed_peak,2024-03-02,2024-03-31,29.5,2,3
Bethlehem Energy Center (Albany),2539,10001,303.0,910.0,33.3,CC_REGULAR,observed_peak,2025-01-01,2025-01-06,5.2,2,3
Bethlehem Energy Center (Albany),2539,10001,303.0,910.0,33.3,CC_REGULAR,observed_peak,2025-03-03,2025-03-16,13.2,2,3
Bethlehem Energy Center (Albany),2539,10001,303.0,910.0,33.3,CC_REGULAR,observed_peak,2025-11-01,2025-11-06,5.8,2,3
Bethlehem Energy Center (Albany),2539,10001,310.0,926.0,33.5,CC_REGULAR,observed_peak,2026-02-28,2026-03-15,16.0,2,3
Bethlehem Energy Center (Albany),2539,10002,206.0,618.0,33.3,CC_REGULAR,observed_peak,2019-02-28,2019-03-16,15.2,2,3
Bethlehem Energy Center (Albany),2539,10002,206.0,618.0,33.3,CC_REGULAR,observed_peak,2019-05-03,2019-05-20,17.3,2,3
Bethlehem Energy Center (Albany),2539,10002,206.0,618.0,33.3,CC_REGULAR,observed_peak,2020-03-02,2020-03-16,14.3,2,3
Bethlehem Energy Center (Albany),2539,10002,206.0,618.0,33.3,CC_REGULAR,observed_peak,2020-05-06,2020-05-13,7.7,2,3
Bethlehem Energy Center (Albany),2539,10002,206.0,618.0,33.3,CC_REGULAR,observed_peak,2020-05-19,2020-05-27,7.2,2,3
Bethlehem Energy Center (Albany),2539,10002,207.0,619.0,33.4,CC_REGULAR,observed_peak,2021-03-05,2021-03-17,12.3,2,3
Bethlehem Energy Center (Albany),2539,10002,207.0,619.0,33.4,CC_REGULAR,observed_peak,2021-11-02,2021-11-09,7.4,2,3
Bethlehem Energy Center (Albany),2539,10002,207.0,620.0,33.4,CC_REGULAR,observed_peak,2022-03-05,2022-04-27,53.5,2,3
Bethlehem Energy Center (Albany),2539,10002,210.0,630.0,33.3,CC_REGULAR,observed_peak,2023-03-05,2023-03-17,12.1,2,3
Bethlehem Energy Center (Albany),2539,10002,210.0,630.0,33.3,CC_REGULAR,observed_peak,2023-05-16,2023-05-24,8.1,2,3
Bethlehem Energy Center (Albany),2539,10002,310.0,930.0,33.3,CC_REGULAR,observed_peak,2024-02-26,2024-03-31,34.4,2,3
Bethlehem Energy Center (Albany),2539,10002,304.0,910.0,33.4,CC_REGULAR,observed_peak,2025-03-01,2025-03-25,24.6,2,3
Bethlehem Energy Center (Albany),2539,10002,304.0,910.0,33.4,CC_REGULAR,observed_peak,2025-11-19,2025-12-08,18.3,2,3
Bethlehem Energy Center (Albany),2539,10002,309.0,926.0,33.4,CC_REGULAR,observed_peak,2026-02-28,2026-03-15,16.0,2,3
Bethlehem Energy Center (Albany),2539,10003,206.0,618.0,33.3,CC_REGULAR,observed_peak,2019-03-02,2019-03-15,12.2,2,3
Bethlehem Energy Center (Albany),2539,10003,206.0,618.0,33.3,CC_REGULAR,observed_peak,2020-02-29,2020-03-16,15.3,2,3
Bethlehem Energy Center (Albany),2539,10003,206.0,618.0,33.3,CC_REGULAR,observed_peak,2020-11-01,2020-11-07,6.7,2,3
Bethlehem Energy Center (Albany),2539,10003,206.0,618.0,33.3,CC_REGULAR,observed_peak,2020-11-22,2020-11-30,8.0,2,3
Bethlehem Energy Center (Albany),2539,10003,206.0,619.0,33.3,CC_REGULAR,observed_peak,2021-02-05,2021-02-23,18.2,2,3
Bethlehem Energy Center (Albany),2539,10003,206.0,619.0,33.3,CC_REGULAR,observed_peak,2021-03-05,2021-03-20,15.3,2,3
Bethlehem Energy Center (Albany),2539,10003,206.0,620.0,33.2,CC_REGULAR,observed_peak,2022-01-01,2022-01-06,5.2,2,3
Bethlehem Energy Center (Albany),2539,10003,206.0,620.0,33.2,CC_REGULAR,observed_peak,2022-01-07,2022-01-12,5.1,2,3
Bethlehem Energy Center (Albany),2539,10003,206.0,620.0,33.2,CC_REGULAR,observed_peak,2022-01-20,2022-01-26,6.2,2,3
Bethlehem Energy Center (Albany),2539,10003,206.0,620.0,33.2,CC_REGULAR,observed_peak,2022-03-03,2022-04-28,55.8,2,3
Bethlehem Energy Center (Albany),2539,10003,210.0,630.0,33.3,CC_REGULAR,observed_peak,2023-03-06,2023-03-17,12.0,2,3
Bethlehem Energy Center (Albany),2539,10003,210.0,630.0,33.3,CC_REGULAR,observed_peak,2023-05-16,2023-05-22,6.1,2,3
Bethlehem Energy Center (Albany),2539,10003,310.0,930.0,33.3,CC_REGULAR,observed_peak,2024-03-04,2024-03-31,27.5,2,3
Bethlehem Energy Center (Albany),2539,10003,303.0,910.0,33.3,CC_REGULAR,observed_peak,2025-03-03,2025-03-16,13.2,2,3
Bethlehem Energy Center (Albany),2539,10003,307.0,926.0,33.2,CC_REGULAR,observed_peak,2026-02-28,2026-03-26,26.5,2,3
Bowline Generating Station,2625,1,621.0,1242.0,50.0,ST_GAS,eia_exact,2019-01-01,2019-03-01,59.5,1,2
Bowline Generating Station,2625,1,621.0,1242.0,50.0,ST_GAS,eia_exact,2019-03-02,2019-05-24,82.8,1,2
Bowline Generating Station,2625,1,621.0,1242.0,50.0,ST_GAS,eia_exact,2019-05-24,2019-06-06,12.4,1,2
Bowline Generating Station,2625,1,621.0,1242.0,50.0,ST_GAS,eia_exact,2019-06-07,2019-06-26,18.8,1,2
Bowline Generating Station,2625,1,621.0,1242.0,50.0,ST_GAS,eia_exact,2019-07-07,2019-07-19,12.2,1,2
Bowline Generating Station,2625,1,621.0,1242.0,50.0,ST_GAS,eia_exact,2019-07-26,2019-09-11,46.3,1,2
Bowline Generating Station,2625,1,621.0,1242.0,50.0,ST_GAS,eia_exact,2019-09-12,2019-10-02,20.2,1,2
Bowline Generating Station,2625,1,621.0,1242.0,50.0,ST_GAS,eia_exact,2019-10-02,2019-10-15,12.2,1,2
Bowline Generating Station,2625,1,621.0,1242.0,50.0,ST_GAS,eia_exact,2019-10-15,2019-12-31,77.1,1,2
Bowline Generating Station,2625,1,621.0,1242.0,50.0,ST_GAS,eia_exact,2020-01-01,2020-01-31,30.3,1,2
Bowline Generating Station,2625,1,621.0,1242.0,50.0,ST_GAS,eia_exact,2020-01-31,2020-05-29,118.2,1,2
Bowline Generating Station,2625,1,621.0,1242.0,50.0,ST_GAS,eia_exact,2020-06-05,2020-06-23,17.2,1,2
Bowline Generating Station,2625,1,621.0,1242.0,50.0,ST_GAS,eia_exact,2020-06-26,2020-07-05,9.2,1,2
Bowline Generating Station,2625,1,621.0,1242.0,50.0,ST_GAS,eia_exact,2020-07-07,2020-07-13,6.0,1,2
Bowline Generating Station,2625,1,621.0,1242.0,50.0,ST_GAS,eia_exact,2020-08-04,2020-09-09,35.6,1,2
Bowline Generating Station,2625,1,621.0,1242.0,50.0,ST_GAS,eia_exact,2020-09-10,2020-09-16,5.2,1,2
Bowline Generating Station,2625,1,621.0,1242.0,50.0,ST_GAS,eia_exact,2020-09-30,2020-10-23,22.3,1,2
Bowline Generating Station,2625,1,621.0,1242.0,50.0,ST_GAS,eia_exact,2020-10-24,2020-10-30,5.2,1,2
Bowline Generating Station,2625,1,621.0,1242.0,50.0,ST_GAS,eia_exact,2020-11-19,2020-12-30,40.3,1,2
Bowline Generating Station,2625,1,621.0,1242.0,50.0,ST_GAS,eia_exact,2021-01-01,2021-01-30,29.3,1,2
Bowline Generating Station,2625,1,621.0,1242.0,50.0,ST_GAS,eia_exact,2021-02-02,2021-02-11,9.4,1,2
Bowline Generating Station,2625,1,621.0,1242.0,50.0,ST_GAS,eia_exact,2021-02-18,2021-03-05,14.2,1,2
Bowline Generating Station,2625,1,621.0,1242.0,50.0,ST_GAS,eia_exact,2021-03-09,2021-04-28,49.6,1,2
Bowline Generating Station,2625,1,621.0,1242.0,50.0,ST_GAS,eia_exact,2021-04-29,2021-05-23,23.5,1,2
Bowline Generating Station,2625,1,621.0,1242.0,50.0,ST_GAS,eia_exact,2021-05-26,2021-06-05,9.2,1,2
Bowline Generating Station,2625,1,621.0,1242.0,50.0,ST_GAS,eia_exact,2021-06-10,2021-06-21,10.4,1,2
Bowline Generating Station,2625,1,621.0,1242.0,50.0,ST_GAS,eia_exact,2021-06-21,2021-06-28,6.3,1,2
Bowline Generating Station,2625,1,621.0,1242.0,50.0,ST_GAS,eia_exact,2021-07-01,2021-07-06,5.2,1,2
Bowline Generating Station,2625,1,621.0,1242.0,50.0,ST_GAS,eia_exact,2021-07-17,2021-07-26,8.4,1,2
Bowline Generating Station,2625,1,621.0,1242.0,50.0,ST_GAS,eia_exact,2021-07-28,2021-08-10,13.4,1,2
Bowline Generating Station,2625,1,621.0,1242.0,50.0,ST_GAS,eia_exact,2021-08-14,2021-08-19,5.4,1,2
Bowline Generating Station,2625,1,621.0,1242.0,50.0,ST_GAS,eia_exact,2021-08-31,2021-09-08,7.2,1,2
Bowline Generating Station,2625,1,621.0,1242.0,50.0,ST_GAS,eia_exact,2021-09-13,2021-09-22,8.3,1,2
Bowline Generating Station,2625,1,621.0,1242.0,50.0,ST_GAS,eia_exact,2021-09-22,2021-10-05,12.2,1,2
Bowline Generating Station,2625,1,621.0,1242.0,50.0,ST_GAS,eia_exact,2021-10-15,2021-10-21,5.2,1,2
Bowline Generating Station,2625,1,621.0,1242.0,50.0,ST_GAS,eia_exact,2021-10-21,2021-12-07,46.2,1,2
Bowline Generating Station,2625,1,621.0,1242.0,50.0,ST_GAS,eia_exact,2021-12-10,2021-12-19,9.5,1,2
Bowline Generating Station,2625,1,621.0,1242.0,50.0,ST_GAS,eia_exact,2021-12-24,2021-12-29,5.2,1,2
Bowline Generating Station,2625,1,621.0,1242.0,50.0,ST_GAS,eia_exact,2022-03-05,2022-03-12,6.8,1,2
Bowline Generating Station,2625,1,621.0,1242.0,50.0,ST_GAS,eia_exact,2022-03-15,2022-05-21,66.8,1,2
Bowline Generating Station,2625,1,621.0,1242.0,50.0,ST_GAS,eia_exact,2022-05-22,2022-05-31,8.3,1,2
Bowline Generating Station,2625,1,621.0,1242.0,50.0,ST_GAS,eia_exact,2022-05-31,2022-06-15,14.3,1,2
Bowline Generating Station,2625,1,621.0,1242.0,50.0,ST_GAS,eia_exact,2022-06-17,2022-07-01,13.3,1,2
Bowline Generating Station,2625,1,621.0,1242.0,50.0,ST_GAS,eia_exact,2022-07-27,2022-08-02,5.9,1,2
Bowline Generating Station,2625,1,621.0,1242.0,50.0,ST_GAS,eia_exact,2022-08-09,2022-08-25,15.9,1,2
Bowline Generating Station,2625,1,621.0,1242.0,50.0,ST_GAS,eia_exact,2022-08-30,2022-09-19,19.3,1,2
Bowline Generating Station,2625,1,621.0,1242.0,50.0,ST_GAS,eia_exact,2022-09-20,2022-10-14,23.2,1,2
Bowline Generating Station,2625,1,621.0,1242.0,50.0,ST_GAS,eia_exact,2022-10-20,2022-11-14,25.3,1,2
Bowline Generating Station,2625,1,621.0,1242.0,50.0,ST_GAS,eia_exact,2022-11-21,2022-12-13,21.6,1,2
Bowline Generating Station,2625,1,621.0,1242.0,50.0,ST_GAS,eia_exact,2022-12-14,2022-12-21,7.5,1,2
Bowline Generating Station,2625,1,621.0,1242.0,50.0,ST_GAS,eia_exact,2023-01-01,2023-01-12,11.2,1,2
Bowline Generating Station,2625,1,621.0,1242.0,50.0,ST_GAS,eia_exact,2023-01-13,2023-02-01,19.1,1,2
Bowline Generating Station,2625,1,621.0,1242.0,50.0,ST_GAS,eia_exact,2023-02-05,2023-02-25,19.3,1,2
Bowline Generating Station,2625,1,621.0,1242.0,50.0,ST_GAS,eia_exact,2023-02-26,2023-03-14,15.6,1,2
Bowline Generating Station,2625,1,621.0,1242.0,50.0,ST_GAS,eia_exact,2023-03-15,2023-04-12,27.2,1,2
Bowline Generating Station,2625,1,621.0,1242.0,50.0,ST_GAS,eia_exact,2023-04-14,2023-05-12,28.5,1,2
Bowline Generating Station,2625,1,621.0,1242.0,50.0,ST_GAS,eia_exact,2023-05-13,2023-06-01,19.2,1,2
Bowline Generating Station,2625,1,621.0,1242.0,50.0,ST_GAS,eia_exact,2023-06-01,2023-06-25,23.7,1,2
Bowline Generating Station,2625,1,621.0,1242.0,50.0,ST_GAS,eia_exact,2023-07-17,2023-07-24,6.4,1,2
Bowline Generating Station,2625,1,621.0,1242.0,50.0,ST_GAS,eia_exact,2023-07-30,2023-08-17,18.1,1,2
Bowline Generating Station,2625,1,621.0,1242.0,50.0,ST_GAS,eia_exact,2023-08-23,2023-09-04,12.2,1,2
Bowline Generating Station,2625,1,621.0,1242.0,50.0,ST_GAS,eia_exact,2023-09-13,2023-10-02,19.2,1,2
Bowline Generating Station,2625,1,621.0,1242.0,50.0,ST_GAS,eia_exact,2023-10-05,2023-10-25,19.2,1,2
Bowline Generating Station,2625,1,621.0,1242.0,50.0,ST_GAS,eia_exact,2023-11-09,2023-11-20,10.3,1,2
Bowline Generating Station,2625,1,621.0,1242.0,50.0,ST_GAS,eia_exact,2023-11-21,2023-11-28,6.2,1,2
Bowline Generating Station,2625,1,621.0,1242.0,50.0,ST_GAS,eia_exact,2023-12-01,2023-12-06,5.1,1,2
Bowline Generating Station,2625,1,621.0,1242.0,50.0,ST_GAS,eia_exact,2023-12-08,2023-12-22,14.1,1,2
Bowline Generating Station,2625,1,621.0,1242.0,50.0,ST_GAS,eia_exact,2023-12-23,2023-12-31,9.0,1,2
Bowline Generating Station,2625,1,621.0,1242.0,50.0,ST_GAS,eia_exact,2024-01-01,2024-01-06,5.2,1,2
Bowline Generating Station,2625,1,621.0,1242.0,50.0,ST_GAS,eia_exact,2024-01-25,2024-02-29,34.3,1,2
Bowline Generating Station,2625,1,621.0,1242.0,50.0,ST_GAS,eia_exact,2024-03-01,2024-05-22,82.2,1,2
Bowline Generating Station,2625,1,621.0,1242.0,50.0,ST_GAS,eia_exact,2024-05-24,2024-06-17,23.3,1,2
Bowline Generating Station,2625,1,621.0,1242.0,50.0,ST_GAS,eia_exact,2024-06-26,2024-07-05,8.4,1,2
Bowline Generating Station,2625,1,621.0,1242.0,50.0,ST_GAS,eia_exact,2024-08-07,2024-08-15,8.3,1,2
Bowline Generating Station,2625,1,621.0,1242.0,50.0,ST_GAS,eia_exact,2024-08-17,2024-08-26,9.4,1,2
Bowline Generating Station,2625,1,621.0,1242.0,50.0,ST_GAS,eia_exact,2024-08-29,2024-11-12,75.2,1,2
Bowline Generating Station,2625,1,621.0,1242.0,50.0,ST_GAS,eia_exact,2024-11-13,2024-12-01,17.8,1,2
Bowline Generating Station,2625,1,621.0,1242.0,50.0,ST_GAS,eia_exact,2025-02-15,2025-02-25,10.2,1,2
Bowline Generating Station,2625,1,621.0,1242.0,50.0,ST_GAS,eia_exact,2025-03-04,2025-04-08,35.3,1,2
Bowline Generating Station,2625,1,621.0,1242.0,50.0,ST_GAS,eia_exact,2025-04-11,2025-04-29,17.5,1,2
Bowline Generating Station,2625,1,621.0,1242.0,50.0,ST_GAS,eia_exact,2025-04-30,2025-07-25,86.2,1,2
Bowline Generating Station,2625,1,621.0,1242.0,50.0,ST_GAS,eia_exact,2025-08-29,2025-11-14,77.4,1,2
Bowline Generating Station,2625,1,621.0,1242.0,50.0,ST_GAS,eia_exact,2025-11-17,2025-11-24,6.7,1,2
Bowline Generating Station,2625,1,621.0,1242.0,50.0,ST_GAS,eia_exact,2025-11-26,2025-12-01,5.2,1,2
Bowline Generating Station,2625,1,621.0,1242.0,50.0,ST_GAS,eia_exact,2025-12-18,2025-12-26,8.2,1,2
Bowline Generating Station,2625,1,621.0,1242.0,50.0,ST_GAS,eia_exact,2026-01-06,2026-01-16,10.2,1,2
Bowline Generating Station,2625,1,621.0,1242.0,50.0,ST_GAS,eia_exact,2026-01-17,2026-01-24,6.8,1,2
Bowline Generating Station,2625,1,621.0,1242.0,50.0,ST_GAS,eia_exact,2026-02-14,2026-02-21,7.2,1,2
Bowline Generating Station,2625,1,621.0,1242.0,50.0,ST_GAS,eia_exact,2026-03-04,2026-03-31,27.5,1,2
Bowline Generating Station,2625,2,621.0,1242.0,50.0,ST_GAS,eia_exact,2019-01-01,2019-03-21,79.5,1,2
Bowline Generating Station,2625,2,621.0,1242.0,50.0,ST_GAS,eia_exact,2019-03-22,2019-04-03,12.2,1,2
Bowline Generating Station,2625,2,621.0,1242.0,50.0,ST_GAS,eia_exact,2019-04-03,2019-07-10,97.4,1,2
Bowline Generating Station,2625,2,621.0,1242.0,50.0,ST_GAS,eia_exact,2019-07-20,2019-07-29,8.3,1,2
Bowline Generating Station,2625,2,621.0,1242.0,50.0,ST_GAS,eia_exact,2019-07-31,2019-08-06,5.3,1,2
Bowline Generating Station,2625,2,621.0,1242.0,50.0,ST_GAS,eia_exact,2019-08-07,2019-08-19,11.4,1,2
Bowline Generating Station,2625,2,621.0,1242.0,50.0,ST_GAS,eia_exact,2019-08-23,2019-09-04,12.2,1,2
Bowline Generating Station,2625,2,621.0,1242.0,50.0,ST_GAS,eia_exact,2019-09-04,2019-12-31,118.1,1,2
Bowline Generating Station,2625,2,621.0,1242.0,50.0,ST_GAS,eia_exact,2020-01-01,2020-02-27,57.3,1,2
Bowline Generating Station,2625,2,621.0,1242.0,50.0,ST_GAS,eia_exact,2020-02-27,2020-06-10,103.3,1,2
Bowline Generating Station,2625,2,621.0,1242.0,50.0,ST_GAS,eia_exact,2020-06-10,2020-06-22,11.3,1,2
Bowline Generating Station,2625,2,621.0,1242.0,50.0,ST_GAS,eia_exact,2020-06-24,2020-07-08,13.3,1,2
Bowline Generating Station,2625,2,621.0,1242.0,50.0,ST_GAS,eia_exact,2020-07-11,2020-07-19,8.3,1,2
Bowline Generating Station,2625,2,621.0,1242.0,50.0,ST_GAS,eia_exact,2020-07-22,2020-07-27,5.3,1,2
Bowline Generating Station,2625,2,621.0,1242.0,50.0,ST_GAS,eia_exact,2020-07-27,2020-08-10,13.2,1,2
Bowline Generating Station,2625,2,621.0,1242.0,50.0,ST_GAS,eia_exact,2020-08-14,2020-08-21,7.2,1,2
Bowline Generating Station,2625,2,621.0,1242.0,50.0,ST_GAS,eia_exact,2020-08-28,2020-09-04,6.5,1,2
Bowline Generating Station,2625,2,621.0,1242.0,50.0,ST_GAS,eia_exact,2020-09-04,2020-10-28,53.3,1,2
Bowline Generating Station,2625,2,621.0,1242.0,50.0,ST_GAS,eia_exact,2020-10-29,2020-11-24,25.2,1,2
Bowline Generating Station,2625,2,621.0,1242.0,50.0,ST_GAS,eia_exact,2020-11-24,2020-12-15,20.4,1,2
Bowline Generating Station,2625,2,621.0,1242.0,50.0,ST_GAS,eia_exact,2020-12-18,2020-12-31,13.1,1,2
Bowline Generating Station,2625,2,621.0,1242.0,50.0,ST_GAS,eia_exact,2021-01-01,2021-01-26,25.3,1,2
Bowline Generating Station,2625,2,621.0,1242.0,50.0,ST_GAS,eia_exact,2021-02-10,2021-06-07,116.6,1,2
Bowline Generating Station,2625,2,621.0,1242.0,50.0,ST_GAS,eia_exact,2021-06-08,2021-06-21,12.7,1,2
Bowline Generating Station,2625,2,621.0,1242.0,50.0,ST_GAS,eia_exact,2021-07-08,2021-07-14,6.2,1,2
Bowline Generating Station,2625,2,621.0,1242.0,50.0,ST_GAS,eia_exact,2021-07-28,2021-08-10,13.3,1,2
Bowline Generating Station,2625,2,621.0,1242.0,50.0,ST_GAS,eia_exact,2021-08-14,2021-08-20,6.4,1,2
Bowline Generating Station,2625,2,621.0,1242.0,50.0,ST_GAS,eia_exact,2021-08-26,2021-09-08,12.8,1,2
Bowline Generating Station,2625,2,621.0,1242.0,50.0,ST_GAS,eia_exact,2021-09-08,2021-10-06,27.3,1,2
Bowline Generating Station,2625,2,621.0,1242.0,50.0,ST_GAS,eia_exact,2021-10-07,2021-10-13,5.3,1,2
Bowline Generating Station,2625,2,621.0,1242.0,50.0,ST_GAS,eia_exact,2021-10-15,2021-12-31,77.1,1,2
Bowline Generating Station,2625,2,621.0,1242.0,50.0,ST_GAS,eia_exact,2022-01-01,2022-01-08,7.6,1,2
Bowline Generating Station,2625,2,621.0,1242.0,50.0,ST_GAS,eia_exact,2022-01-12,2022-01-17,5.1,1,2
Bowline Generating Station,2625,2,621.0,1242.0,50.0,ST_GAS,eia_exact,2022-02-16,2022-03-03,14.6,1,2
Bowline Generating Station,2625,2,621.0,1242.0,50.0,ST_GAS,eia_exact,2022-03-05,2022-05-26,82.3,1,2
Bowline Generating Station,2625,2,621.0,1242.0,50.0,ST_GAS,eia_exact,2022-05-26,2022-06-17,21.4,1,2
Bowline Generating Station,2625,2,621.0,1242.0,50.0,ST_GAS,eia_exact,2022-06-17,2022-06-30,12.2,1,2
Bowline Generating Station,2625,2,621.0,1242.0,50.0,ST_GAS,eia_exact,2022-07-01,2022-07-12,10.5,1,2
Bowline Generating Station,2625,2,621.0,1242.0,50.0,ST_GAS,eia_exact,2022-07-13,2022-07-19,5.4,1,2
Bowline Generating Station,2625,2,621.0,1242.0,50.0,ST_GAS,eia_exact,2022-07-26,2022-08-02,7.2,1,2
Bowline Generating Station,2625,2,621.0,1242.0,50.0,ST_GAS,eia_exact,2022-08-11,2022-12-14,125.3,1,2
Bowline Generating Station,2625,2,621.0,1242.0,50.0,ST_GAS,eia_exact,2022-12-15,2022-12-21,6.2,1,2
Bowline Generating Station,2625,2,621.0,1242.0,50.0,ST_GAS,eia_exact,2022-12-21,2022-12-27,5.5,1,2
Bowline Generating Station,2625,2,621.0,1242.0,50.0,ST_GAS,eia_exact,2023-01-01,2023-02-01,31.2,1,2
Bowline Generating Station,2625,2,621.0,1242.0,50.0,ST_GAS,eia_exact,2023-02-05,2023-05-24,107.9,1,2
Bowline Generating Station,2625,2,621.0,1242.0,50.0,ST_GAS,eia_exact,2023-05-25,2023-06-02,8.2,1,2
Bowline Generating Station,2625,2,621.0,1242.0,50.0,ST_GAS,eia_exact,2023-06-03,2023-06-26,23.8,1,2
Bowline Generating Station,2625,2,621.0,1242.0,50.0,ST_GAS,eia_exact,2023-06-26,2023-07-05,8.2,1,2
Bowline Generating Station,2625,2,621.0,1242.0,50.0,ST_GAS,eia_exact,2023-07-05,2023-07-17,11.3,1,2
Bowline Generating Station,2625,2,621.0,1242.0,50.0,ST_GAS,eia_exact,2023-07-21,2023-07-26,5.2,1,2
Bowline Generating Station,2625,2,621.0,1242.0,50.0,ST_GAS,eia_exact,2023-07-26,2023-08-09,14.0,1,2
Bowline Generating Station,2625,2,621.0,1242.0,50.0,ST_GAS,eia_exact,2023-08-20,2023-11-29,100.7,1,2
Bowline Generating Station,2625,2,621.0,1242.0,50.0,ST_GAS,eia_exact,2023-12-06,2023-12-31,25.1,1,2
Bowline Generating Station,2625,2,621.0,1242.0,50.0,ST_GAS,eia_exact,2024-01-01,2024-01-22,21.5,1,2
Bowline Generating Station,2625,2,621.0,1242.0,50.0,ST_GAS,eia_exact,2024-01-23,2024-01-30,7.2,1,2
Bowline Generating Station,2625,2,621.0,1242.0,50.0,ST_GAS,eia_exact,2024-02-01,2024-02-14,13.1,1,2
Bowline Generating Station,2625,2,621.0,1242.0,50.0,ST_GAS,eia_exact,2024-02-17,2024-03-19,31.1,1,2
Bowline Generating Station,2625,2,621.0,1242.0,50.0,ST_GAS,eia_exact,2024-03-20,2024-04-18,29.2,1,2
Bowline Generating Station,2625,2,621.0,1242.0,50.0,ST_GAS,eia_exact,2024-04-18,2024-05-21,32.5,1,2
Bowline Generating Station,2625,2,621.0,1242.0,50.0,ST_GAS,eia_exact,2024-05-23,2024-06-04,11.5,1,2
Bowline Generating Station,2625,2,621.0,1242.0,50.0,ST_GAS,eia_exact,2024-06-05,2024-06-13,8.3,1,2
Bowline Generating Station,2625,2,621.0,1242.0,50.0,ST_GAS,eia_exact,2024-06-23,2024-07-05,12.3,1,2
Bowline Generating Station,2625,2,621.0,1242.0,50.0,ST_GAS,eia_exact,2024-07-23,2024-07-29,5.4,1,2
Bowline Generating Station,2625,2,621.0,1242.0,50.0,ST_GAS,eia_exact,2024-08-06,2024-08-26,19.4,1,2
Bowline Generating Station,2625,2,621.0,1242.0,50.0,ST_GAS,eia_exact,2024-08-29,2024-09-16,18.4,1,2
Bowline Generating Station,2625,2,621.0,1242.0,50.0,ST_GAS,eia_exact,2024-09-19,2024-09-26,6.2,1,2
Bowline Generating Station,2625,2,621.0,1242.0,50.0,ST_GAS,eia_exact,2024-09-28,2024-10-16,18.2,1,2
Bowline Generating Station,2625,2,621.0,1242.0,50.0,ST_GAS,eia_exact,2024-10-23,2024-11-06,14.5,1,2
Bowline Generating Station,2625,2,621.0,1242.0,50.0,ST_GAS,eia_exact,2024-11-15,2024-12-01,16.5,1,2
Bowline Generating Station,2625,2,621.0,1242.0,50.0,ST_GAS,eia_exact,2024-12-02,2024-12-12,9.4,1,2
Bowline Generating Station,2625,2,621.0,1242.0,50.0,ST_GAS,eia_exact,2025-01-24,2025-01-30,6.5,1,2
Bowline Generating Station,2625,2,621.0,1242.0,50.0,ST_GAS,eia_exact,2025-01-31,2025-02-08,7.9,1,2
Bowline Generating Station,2625,2,621.0,1242.0,50.0,ST_GAS,eia_exact,2025-02-08,2025-02-14,5.5,1,2
Bowline Generating Station,2625,2,621.0,1242.0,50.0,ST_GAS,eia_exact,2025-02-14,2025-02-23,8.8,1,2
Bowline Generating Station,2625,2,621.0,1242.0,50.0,ST_GAS,eia_exact,2025-03-05,2025-05-15,71.5,1,2
Bowline Generating Station,2625,2,621.0,1242.0,50.0,ST_GAS,eia_exact,2025-05-15,2025-06-04,19.7,1,2
Bowline Generating Station,2625,2,621.0,1242.0,50.0,ST_GAS,eia_exact,2025-06-13,2025-06-19,6.2,1,2
Bowline Generating Station,2625,2,621.0,1242.0,50.0,ST_GAS,eia_exact,2025-08-07,2025-12-10,125.1,1,2
Bowline Generating Station,2625,2,621.0,1242.0,50.0,ST_GAS,eia_exact,2026-01-09,2026-01-15,6.5,1,2
Bowline Generating Station,2625,2,621.0,1242.0,50.0,ST_GAS,eia_exact,2026-01-18,2026-01-24,6.2,1,2
Bowline Generating Station,2625,2,621.0,1242.0,50.0,ST_GAS,eia_exact,2026-02-07,2026-02-24,16.5,1,2
Bowline Generating Station,2625,2,621.0,1242.0,50.0,ST_GAS,eia_exact,2026-03-05,2026-03-17,12.5,1,2
Bowline Generating Station,2625,2,621.0,1242.0,50.0,ST_GAS,eia_exact,2026-03-20,2026-03-31,11.0,1,2
S A Carlson,2682,10,22.5,91.0,24.7,ST_GAS,optime_proxy_steam,2019-01-01,2019-01-14,13.4,2,3
S A Carlson,2682,10,22.5,91.0,24.7,ST_GAS,optime_proxy_steam,2019-01-16,2019-08-20,215.5,2,3
S A Carlson,2682,10,22.5,91.0,24.7,ST_GAS,optime_proxy_steam,2019-08-22,2019-12-31,131.2,2,3
S A Carlson,2682,10,22.5,89.0,25.3,ST_GAS,optime_proxy_steam,2020-01-01,2020-02-11,41.5,2,3
S A Carlson,2682,10,22.5,89.0,25.3,ST_GAS,optime_proxy_steam,2020-02-13,2020-08-18,186.6,2,3
S A Carlson,2682,10,22.5,89.0,25.3,ST_GAS,optime_proxy_steam,2020-08-18,2020-08-31,12.8,2,3
S A Carlson,2682,10,22.5,89.0,25.3,ST_GAS,optime_proxy_steam,2020-09-03,2020-11-17,74.7,2,3
S A Carlson,2682,10,22.5,89.0,25.3,ST_GAS,optime_proxy_steam,2020-11-19,2020-12-31,42.2,2,3
S A Carlson,2682,10,22.5,91.0,24.7,ST_GAS,optime_proxy_steam,2021-01-01,2021-08-17,228.4,2,3
S A Carlson,2682,10,22.5,91.0,24.7,ST_GAS,optime_proxy_steam,2021-08-18,2021-08-31,12.7,2,3
S A Carlson,2682,10,22.5,91.0,24.7,ST_GAS,optime_proxy_steam,2021-09-02,2021-09-08,5.5,2,3
S A Carlson,2682,10,22.5,91.0,24.7,ST_GAS,optime_proxy_steam,2021-09-08,2021-12-31,114.3,2,3
S A Carlson,2682,10,22.5,95.0,23.7,ST_GAS,optime_proxy_steam,2022-01-01,2022-03-08,66.4,2,3
S A Carlson,2682,10,22.5,95.0,23.7,ST_GAS,optime_proxy_steam,2022-03-10,2022-07-20,131.6,2,3
S A Carlson,2682,10,22.5,95.0,23.7,ST_GAS,optime_proxy_steam,2022-07-21,2022-12-31,163.3,2,3
S A Carlson,2682,10,22.5,90.0,25.0,ST_GAS,optime_proxy_steam,2023-01-01,2023-03-22,80.4,2,3
S A Carlson,2682,10,22.5,90.0,25.0,ST_GAS,optime_proxy_steam,2023-03-22,2023-04-04,12.5,2,3
S A Carlson,2682,10,22.5,90.0,25.0,ST_GAS,optime_proxy_steam,2023-04-04,2023-08-29,146.7,2,3
S A Carlson,2682,10,22.5,90.0,25.0,ST_GAS,optime_proxy_steam,2023-08-30,2023-12-31,123.2,2,3
S A Carlson,2682,10,22.5,89.0,25.3,ST_GAS,optime_proxy_steam,2024-01-01,2024-01-22,21.4,2,3
S A Carlson,2682,10,22.5,89.0,25.3,ST_GAS,optime_proxy_steam,2024-01-24,2024-08-07,195.4,2,3
S A Carlson,2682,10,22.5,89.0,25.3,ST_GAS,optime_proxy_steam,2024-08-07,2024-08-27,19.4,2,3
S A Carlson,2682,10,22.5,89.0,25.3,ST_GAS,optime_proxy_steam,2024-08-30,2024-12-31,123.3,2,3
S A Carlson,2682,10,22.5,88.0,25.6,ST_GAS,optime_proxy_steam,2025-01-01,2025-09-10,252.1,2,3
S A Carlson,2682,10,22.5,88.0,25.6,ST_GAS,optime_proxy_steam,2025-09-12,2025-12-03,82.0,2,3
S A Carlson,2682,10,22.5,88.0,25.6,ST_GAS,optime_proxy_steam,2025-12-04,2025-12-31,27.1,2,3
S A Carlson,2682,9,22.5,91.0,24.7,ST_GAS,optime_proxy_steam,2019-01-01,2019-01-15,14.5,2,3
S A Carlson,2682,9,22.5,91.0,24.7,ST_GAS,optime_proxy_steam,2019-01-16,2019-08-21,216.5,2,3
S A Carlson,2682,9,22.5,91.0,24.7,ST_GAS,optime_proxy_steam,2019-08-22,2019-12-31,131.2,2,3
S A Carlson,2682,9,22.5,89.0,25.3,ST_GAS,optime_proxy_steam,2020-01-01,2020-02-12,42.3,2,3
S A Carlson,2682,9,22.5,89.0,25.3,ST_GAS,optime_proxy_steam,2020-02-13,2020-09-02,202.0,2,3
S A Carlson,2682,9,22.5,89.0,25.3,ST_GAS,optime_proxy_steam,2020-09-03,2020-11-16,73.8,2,3
S A Carlson,2682,9,22.5,89.0,25.3,ST_GAS,optime_proxy_steam,2020-11-19,2020-12-31,42.2,2,3
S A Carlson,2682,9,22.5,91.0,24.7,ST_GAS,optime_proxy_steam,2021-01-01,2021-08-18,229.6,2,3
S A Carlson,2682,9,22.5,91.0,24.7,ST_GAS,optime_proxy_steam,2021-08-19,2021-09-02,13.2,2,3
S A Carlson,2682,9,22.5,91.0,24.7,ST_GAS,optime_proxy_steam,2021-09-02,2021-12-31,120.6,2,3
S A Carlson,2682,9,22.5,95.0,23.7,ST_GAS,optime_proxy_steam,2022-01-01,2022-03-09,67.4,2,3
S A Carlson,2682,9,22.5,95.0,23.7,ST_GAS,optime_proxy_steam,2022-03-10,2022-07-18,129.7,2,3
S A Carlson,2682,9,22.5,95.0,23.7,ST_GAS,optime_proxy_steam,2022-07-21,2022-12-31,163.3,2,3
S A Carlson,2682,9,22.5,90.0,25.0,ST_GAS,optime_proxy_steam,2023-01-01,2023-03-14,72.4,2,3
S A Carlson,2682,9,22.5,90.0,25.0,ST_GAS,optime_proxy_steam,2023-03-14,2023-03-21,6.6,2,3
S A Carlson,2682,9,22.5,90.0,25.0,ST_GAS,optime_proxy_steam,2023-03-22,2023-07-26,125.5,2,3
S A Carlson,2682,9,22.5,90.0,25.0,ST_GAS,optime_proxy_steam,2023-07-27,2023-12-31,157.4,2,3
S A Carlson,2682,9,22.5,89.0,25.3,ST_GAS,optime_proxy_steam,2024-01-01,2024-01-23,22.3,2,3
S A Carlson,2682,9,22.5,89.0,25.3,ST_GAS,optime_proxy_steam,2024-01-24,2024-08-28,216.5,2,3
S A Carlson,2682,9,22.5,89.0,25.3,ST_GAS,optime_proxy_steam,2024-08-30,2024-12-31,123.4,2,3
S A Carlson,2682,9,22.5,88.0,25.6,ST_GAS,optime_proxy_steam,2025-01-01,2025-12-15,348.4,2,3
S A Carlson,2682,9,22.5,88.0,25.6,ST_GAS,optime_proxy_steam,2025-12-17,2025-12-31,14.5,2,3
Richard M Flynn (Holtsville),7314,001,113.0,113.0,100.0,CC_REGULAR,observed_peak,2026-03-03,2026-03-31,28.0,0,1
Allegany Cogen,7784,NET0-923,67.0,67.0,100.0,CC_REGULAR,eia923_netzero,2025-01-01,2025-12-31,365.0,0,1
Allegany Cogen,7784,NET0-923,67.0,67.0,100.0,CC_REGULAR,eia923_netzero,2026-01-01,2026-12-31,365.0,0,1
Roseton Generating LLC,8006,1,621.0,1242.0,50.0,ST_GAS,eia_exact,2019-01-01,2019-03-15,73.2,1,2
Roseton Generating LLC,8006,1,621.0,1242.0,50.0,ST_GAS,eia_exact,2019-03-15,2019-06-12,88.2,1,2
Roseton Generating LLC,8006,1,621.0,1242.0,50.0,ST_GAS,eia_exact,2019-06-13,2019-07-09,26.4,1,2
Roseton Generating LLC,8006,1,621.0,1242.0,50.0,ST_GAS,eia_exact,2019-07-11,2019-07-19,7.4,1,2
Roseton Generating LLC,8006,1,621.0,1242.0,50.0,ST_GAS,eia_exact,2019-07-21,2019-08-19,28.3,1,2
Roseton Generating LLC,8006,1,621.0,1242.0,50.0,ST_GAS,eia_exact,2019-08-21,2019-09-10,19.7,1,2
Roseton Generating LLC,8006,1,621.0,1242.0,50.0,ST_GAS,eia_exact,2019-09-11,2019-11-06,55.4,1,2
Roseton Generating LLC,8006,1,621.0,1242.0,50.0,ST_GAS,eia_exact,2019-11-06,2019-11-26,19.8,1,2
Roseton Generating LLC,8006,1,621.0,1242.0,50.0,ST_GAS,eia_exact,2019-11-26,2019-12-31,35.2,1,2
Roseton Generating LLC,8006,1,621.0,1242.0,50.0,ST_GAS,eia_exact,2020-01-01,2020-03-21,80.3,1,2
Roseton Generating LLC,8006,1,621.0,1242.0,50.0,ST_GAS,eia_exact,2020-03-21,2020-06-16,86.2,1,2
Roseton Generating LLC,8006,1,621.0,1242.0,50.0,ST_GAS,eia_exact,2020-06-17,2020-07-18,30.8,1,2
Roseton Generating LLC,8006,1,621.0,1242.0,50.0,ST_GAS,eia_exact,2020-07-20,2020-07-27,6.4,1,2
Roseton Generating LLC,8006,1,621.0,1242.0,50.0,ST_GAS,eia_exact,2020-07-28,2020-08-10,12.4,1,2
Roseton Generating LLC,8006,1,621.0,1242.0,50.0,ST_GAS,eia_exact,2020-08-12,2020-08-24,11.6,1,2
Roseton Generating LLC,8006,1,621.0,1242.0,50.0,ST_GAS,eia_exact,2020-08-26,2020-09-30,35.3,1,2
Roseton Generating LLC,8006,1,621.0,1242.0,50.0,ST_GAS,eia_exact,2020-09-30,2020-12-31,92.6,1,2
Roseton Generating LLC,8006,1,621.0,1242.0,50.0,ST_GAS,eia_exact,2021-01-01,2021-01-14,13.4,1,2
Roseton Generating LLC,8006,1,621.0,1242.0,50.0,ST_GAS,eia_exact,2021-01-14,2021-01-22,7.5,1,2
Roseton Generating LLC,8006,1,621.0,1242.0,50.0,ST_GAS,eia_exact,2021-01-23,2021-02-25,33.0,1,2
Roseton Generating LLC,8006,1,621.0,1242.0,50.0,ST_GAS,eia_exact,2021-02-26,2021-05-14,77.2,1,2
Roseton Generating LLC,8006,1,621.0,1242.0,50.0,ST_GAS,eia_exact,2021-05-14,2021-06-02,18.3,1,2
Roseton Generating LLC,8006,1,621.0,1242.0,50.0,ST_GAS,eia_exact,2021-06-07,2021-06-28,20.4,1,2
Roseton Generating LLC,8006,1,621.0,1242.0,50.0,ST_GAS,eia_exact,2021-06-30,2021-07-16,15.5,1,2
Roseton Generating LLC,8006,1,621.0,1242.0,50.0,ST_GAS,eia_exact,2021-07-16,2021-08-12,26.5,1,2
Roseton Generating LLC,8006,1,621.0,1242.0,50.0,ST_GAS,eia_exact,2021-08-13,2021-08-26,12.5,1,2
Roseton Generating LLC,8006,1,621.0,1242.0,50.0,ST_GAS,eia_exact,2021-08-27,2021-09-08,11.2,1,2
Roseton Generating LLC,8006,1,621.0,1242.0,50.0,ST_GAS,eia_exact,2021-09-08,2021-12-08,90.4,1,2
Roseton Generating LLC,8006,1,621.0,1242.0,50.0,ST_GAS,eia_exact,2021-12-08,2021-12-31,23.6,1,2
Roseton Generating LLC,8006,1,621.0,1242.0,50.0,ST_GAS,eia_exact,2022-01-04,2022-01-10,5.7,1,2
Roseton Generating LLC,8006,1,621.0,1242.0,50.0,ST_GAS,eia_exact,2022-02-01,2022-02-14,12.6,1,2
Roseton Generating LLC,8006,1,621.0,1242.0,50.0,ST_GAS,eia_exact,2022-02-15,2022-05-12,85.9,1,2
Roseton Generating LLC,8006,1,621.0,1242.0,50.0,ST_GAS,eia_exact,2022-05-12,2022-05-31,18.5,1,2
Roseton Generating LLC,8006,1,621.0,1242.0,50.0,ST_GAS,eia_exact,2022-05-31,2022-06-08,7.2,1,2
Roseton Generating LLC,8006,1,621.0,1242.0,50.0,ST_GAS,eia_exact,2022-06-08,2022-07-01,22.5,1,2
Roseton Generating LLC,8006,1,621.0,1242.0,50.0,ST_GAS,eia_exact,2022-07-01,2022-07-12,10.4,1,2
Roseton Generating LLC,8006,1,621.0,1242.0,50.0,ST_GAS,eia_exact,2022-07-21,2022-07-30,8.8,1,2
Roseton Generating LLC,8006,1,621.0,1242.0,50.0,ST_GAS,eia_exact,2022-08-11,2022-08-24,12.4,1,2
Roseton Generating LLC,8006,1,621.0,1242.0,50.0,ST_GAS,eia_exact,2022-08-29,2022-09-04,5.4,1,2
Roseton Generating LLC,8006,1,621.0,1242.0,50.0,ST_GAS,eia_exact,2022-09-05,2022-11-08,64.2,1,2
Roseton Generating LLC,8006,1,621.0,1242.0,50.0,ST_GAS,eia_exact,2022-11-08,2022-12-23,44.5,1,2
Roseton Generating LLC,8006,1,621.0,1242.0,50.0,ST_GAS,eia_exact,2023-01-01,2023-02-03,33.2,1,2
Roseton Generating LLC,8006,1,621.0,1242.0,50.0,ST_GAS,eia_exact,2023-02-05,2023-06-02,117.2,1,2
Roseton Generating LLC,8006,1,621.0,1242.0,50.0,ST_GAS,eia_exact,2023-06-02,2023-06-08,5.2,1,2
Roseton Generating LLC,8006,1,621.0,1242.0,50.0,ST_GAS,eia_exact,2023-06-08,2023-07-05,26.5,1,2
Roseton Generating LLC,8006,1,621.0,1242.0,50.0,ST_GAS,eia_exact,2023-07-19,2023-07-25,6.2,1,2
Roseton Generating LLC,8006,1,621.0,1242.0,50.0,ST_GAS,eia_exact,2023-07-29,2023-09-04,36.6,1,2
Roseton Generating LLC,8006,1,621.0,1242.0,50.0,ST_GAS,eia_exact,2023-09-08,2023-11-30,82.4,1,2
Roseton Generating LLC,8006,1,621.0,1242.0,50.0,ST_GAS,eia_exact,2023-12-01,2023-12-15,13.9,1,2
Roseton Generating LLC,8006,1,621.0,1242.0,50.0,ST_GAS,eia_exact,2023-12-16,2023-12-31,16.0,1,2
Roseton Generating LLC,8006,1,621.0,1242.0,50.0,ST_GAS,eia_exact,2024-01-10,2024-01-16,5.2,1,2
Roseton Generating LLC,8006,1,621.0,1242.0,50.0,ST_GAS,eia_exact,2024-01-18,2024-06-06,140.1,1,2
Roseton Generating LLC,8006,1,621.0,1242.0,50.0,ST_GAS,eia_exact,2024-06-07,2024-06-18,11.2,1,2
Roseton Generating LLC,8006,1,621.0,1242.0,50.0,ST_GAS,eia_exact,2024-06-22,2024-07-08,15.4,1,2
Roseton Generating LLC,8006,1,621.0,1242.0,50.0,ST_GAS,eia_exact,2024-07-17,2024-07-30,12.5,1,2
Roseton Generating LLC,8006,1,621.0,1242.0,50.0,ST_GAS,eia_exact,2024-08-06,2024-08-28,22.3,1,2
Roseton Generating LLC,8006,1,621.0,1242.0,50.0,ST_GAS,eia_exact,2024-08-29,2024-09-24,26.5,1,2
Roseton Generating LLC,8006,1,621.0,1242.0,50.0,ST_GAS,eia_exact,2024-09-27,2024-12-31,96.0,1,2
Roseton Generating LLC,8006,1,621.0,1242.0,50.0,ST_GAS,eia_exact,2025-01-01,2025-01-19,18.4,1,2
Roseton Generating LLC,8006,1,621.0,1242.0,50.0,ST_GAS,eia_exact,2025-01-24,2025-02-18,24.6,1,2
Roseton Generating LLC,8006,1,621.0,1242.0,50.0,ST_GAS,eia_exact,2025-02-20,2025-03-26,34.0,1,2
Roseton Generating LLC,8006,1,621.0,1242.0,50.0,ST_GAS,eia_exact,2025-03-26,2025-06-19,84.8,1,2
Roseton Generating LLC,8006,1,621.0,1242.0,50.0,ST_GAS,eia_exact,2025-07-17,2025-07-24,6.4,1,2
Roseton Generating LLC,8006,1,621.0,1242.0,50.0,ST_GAS,eia_exact,2025-08-17,2025-09-11,25.2,1,2
Roseton Generating LLC,8006,1,621.0,1242.0,50.0,ST_GAS,eia_exact,2025-09-11,2025-12-04,83.6,1,2
Roseton Generating LLC,8006,1,621.0,1242.0,50.0,ST_GAS,eia_exact,2025-12-18,2025-12-31,13.4,1,2
Roseton Generating LLC,8006,1,621.0,1242.0,50.0,ST_GAS,eia_exact,2026-01-05,2026-01-20,14.5,1,2
Roseton Generating LLC,8006,1,621.0,1242.0,50.0,ST_GAS,eia_exact,2026-02-01,2026-02-07,6.2,1,2
Roseton Generating LLC,8006,1,621.0,1242.0,50.0,ST_GAS,eia_exact,2026-02-10,2026-03-31,48.1,1,2
Roseton Generating LLC,8006,2,621.0,1242.0,50.0,ST_GAS,eia_exact,2019-01-01,2019-01-31,30.0,1,2
Roseton Generating LLC,8006,2,621.0,1242.0,50.0,ST_GAS,eia_exact,2019-01-31,2019-03-01,28.4,1,2
Roseton Generating LLC,8006,2,621.0,1242.0,50.0,ST_GAS,eia_exact,2019-03-01,2019-04-13,42.7,1,2
Roseton Generating LLC,8006,2,621.0,1242.0,50.0,ST_GAS,eia_exact,2019-04-14,2019-04-19,5.8,1,2
Roseton Generating LLC,8006,2,621.0,1242.0,50.0,ST_GAS,eia_exact,2019-04-20,2019-06-05,45.2,1,2
Roseton Generating LLC,8006,2,621.0,1242.0,50.0,ST_GAS,eia_exact,2019-06-05,2019-07-17,41.3,1,2
Roseton Generating LLC,8006,2,621.0,1242.0,50.0,ST_GAS,eia_exact,2019-07-22,2019-07-29,6.4,1,2
Roseton Generating LLC,8006,2,621.0,1242.0,50.0,ST_GAS,eia_exact,2019-08-08,2019-08-18,9.4,1,2
Roseton Generating LLC,8006,2,621.0,1242.0,50.0,ST_GAS,eia_exact,2019-08-22,2019-11-14,83.5,1,2
Roseton Generating LLC,8006,2,621.0,1242.0,50.0,ST_GAS,eia_exact,2019-11-14,2019-12-31,47.1,1,2
Roseton Generating LLC,8006,2,621.0,1242.0,50.0,ST_GAS,eia_exact,2020-01-01,2020-03-18,77.3,1,2
Roseton Generating LLC,8006,2,621.0,1242.0,50.0,ST_GAS,eia_exact,2020-03-18,2020-06-18,91.3,1,2
Roseton Generating LLC,8006,2,621.0,1242.0,50.0,ST_GAS,eia_exact,2020-06-19,2020-07-09,20.0,1,2
Roseton Generating LLC,8006,2,621.0,1242.0,50.0,ST_GAS,eia_exact,2020-07-10,2020-07-20,10.2,1,2
Roseton Generating LLC,8006,2,621.0,1242.0,50.0,ST_GAS,eia_exact,2020-07-20,2020-07-27,6.4,1,2
Roseton Generating LLC,8006,2,621.0,1242.0,50.0,ST_GAS,eia_exact,2020-07-30,2020-08-10,10.3,1,2
Roseton Generating LLC,8006,2,621.0,1242.0,50.0,ST_GAS,eia_exact,2020-08-14,2020-08-24,9.4,1,2
Roseton Generating LLC,8006,2,621.0,1242.0,50.0,ST_GAS,eia_exact,2020-08-26,2020-09-30,35.4,1,2
Roseton Generating LLC,8006,2,621.0,1242.0,50.0,ST_GAS,eia_exact,2020-09-30,2020-12-31,92.6,1,2
Roseton Generating LLC,8006,2,621.0,1242.0,50.0,ST_GAS,eia_exact,2021-01-05,2021-01-20,15.0,1,2
Roseton Generating LLC,8006,2,621.0,1242.0,50.0,ST_GAS,eia_exact,2021-01-21,2021-01-29,8.4,1,2
Roseton Generating LLC,8006,2,621.0,1242.0,50.0,ST_GAS,eia_exact,2021-01-30,2021-05-20,109.5,1,2
Roseton Generating LLC,8006,2,621.0,1242.0,50.0,ST_GAS,eia_exact,2021-05-20,2021-06-07,17.3,1,2
Roseton Generating LLC,8006,2,621.0,1242.0,50.0,ST_GAS,eia_exact,2021-06-10,2021-06-28,17.4,1,2
Roseton Generating LLC,8006,2,621.0,1242.0,50.0,ST_GAS,eia_exact,2021-06-30,2021-07-06,5.4,1,2
Roseton Generating LLC,8006,2,621.0,1242.0,50.0,ST_GAS,eia_exact,2021-07-08,2021-07-16,7.3,1,2
Roseton Generating LLC,8006,2,621.0,1242.0,50.0,ST_GAS,eia_exact,2021-07-16,2021-08-12,26.4,1,2
Roseton Generating LLC,8006,2,621.0,1242.0,50.0,ST_GAS,eia_exact,2021-08-13,2021-08-24,10.4,1,2
Roseton Generating LLC,8006,2,621.0,1242.0,50.0,ST_GAS,eia_exact,2021-08-27,2021-10-20,53.2,1,2
Roseton Generating LLC,8006,2,621.0,1242.0,50.0,ST_GAS,eia_exact,2021-10-20,2021-12-31,72.1,1,2
Roseton Generating LLC,8006,2,621.0,1242.0,50.0,ST_GAS,eia_exact,2022-01-01,2022-01-11,10.2,1,2
Roseton Generating LLC,8006,2,621.0,1242.0,50.0,ST_GAS,eia_exact,2022-01-12,2022-01-21,9.0,1,2
Roseton Generating LLC,8006,2,621.0,1242.0,50.0,ST_GAS,eia_exact,2022-01-31,2022-02-14,13.2,1,2
Roseton Generating LLC,8006,2,621.0,1242.0,50.0,ST_GAS,eia_exact,2022-02-14,2022-03-23,36.5,1,2
Roseton Generating LLC,8006,2,621.0,1242.0,50.0,ST_GAS,eia_exact,2022-03-24,2022-05-21,58.1,1,2
Roseton Generating LLC,8006,2,621.0,1242.0,50.0,ST_GAS,eia_exact,2022-05-23,2022-05-31,8.1,1,2
Roseton Generating LLC,8006,2,621.0,1242.0,50.0,ST_GAS,eia_exact,2022-06-01,2022-07-06,34.3,1,2
Roseton Generating LLC,8006,2,621.0,1242.0,50.0,ST_GAS,eia_exact,2022-07-06,2022-07-20,13.3,1,2
Roseton Generating LLC,8006,2,621.0,1242.0,50.0,ST_GAS,eia_exact,2022-07-29,2022-08-04,5.5,1,2
Roseton Generating LLC,8006,2,621.0,1242.0,50.0,ST_GAS,eia_exact,2022-08-11,2022-08-25,14.3,1,2
Roseton Generating LLC,8006,2,621.0,1242.0,50.0,ST_GAS,eia_exact,2022-08-30,2022-11-10,71.3,1,2
Roseton Generating LLC,8006,2,621.0,1242.0,50.0,ST_GAS,eia_exact,2022-11-10,2022-12-23,43.0,1,2
Roseton Generating LLC,8006,2,621.0,1242.0,50.0,ST_GAS,eia_exact,2022-12-26,2022-12-31,6.0,1,2
Roseton Generating LLC,8006,2,621.0,1242.0,50.0,ST_GAS,eia_exact,2023-01-01,2023-02-03,33.2,1,2
Roseton Generating LLC,8006,2,621.0,1242.0,50.0,ST_GAS,eia_exact,2023-02-05,2023-03-14,37.0,1,2
Roseton Generating LLC,8006,2,621.0,1242.0,50.0,ST_GAS,eia_exact,2023-03-17,2023-03-30,12.6,1,2
Roseton Generating LLC,8006,2,621.0,1242.0,50.0,ST_GAS,eia_exact,2023-03-30,2023-04-13,13.5,1,2
Roseton Generating LLC,8006,2,621.0,1242.0,50.0,ST_GAS,eia_exact,2023-04-21,2023-06-02,41.4,1,2
Roseton Generating LLC,8006,2,621.0,1242.0,50.0,ST_GAS,eia_exact,2023-06-02,2023-06-12,9.2,1,2
Roseton Generating LLC,8006,2,621.0,1242.0,50.0,ST_GAS,eia_exact,2023-06-12,2023-07-11,28.5,1,2
Roseton Generating LLC,8006,2,621.0,1242.0,50.0,ST_GAS,eia_exact,2023-07-20,2023-07-26,5.4,1,2
Roseton Generating LLC,8006,2,621.0,1242.0,50.0,ST_GAS,eia_exact,2023-07-28,2023-08-21,23.2,1,2
Roseton Generating LLC,8006,2,621.0,1242.0,50.0,ST_GAS,eia_exact,2023-08-22,2023-09-05,14.3,1,2
Roseton Generating LLC,8006,2,621.0,1242.0,50.0,ST_GAS,eia_exact,2023-09-09,2023-10-03,24.4,1,2
Roseton Generating LLC,8006,2,621.0,1242.0,50.0,ST_GAS,eia_exact,2023-10-04,2023-12-31,88.1,1,2
Roseton Generating LLC,8006,2,621.0,1242.0,50.0,ST_GAS,eia_exact,2024-01-01,2024-01-16,15.1,1,2
Roseton Generating LLC,8006,2,621.0,1242.0,50.0,ST_GAS,eia_exact,2024-01-18,2024-04-03,76.1,1,2
Roseton Generating LLC,8006,2,621.0,1242.0,50.0,ST_GAS,eia_exact,2024-04-03,2024-06-12,69.4,1,2
Roseton Generating LLC,8006,2,621.0,1242.0,50.0,ST_GAS,eia_exact,2024-06-12,2024-06-18,5.8,1,2
Roseton Generating LLC,8006,2,621.0,1242.0,50.0,ST_GAS,eia_exact,2024-06-22,2024-06-27,5.1,1,2
Roseton Generating LLC,8006,2,621.0,1242.0,50.0,ST_GAS,eia_exact,2024-06-28,2024-07-08,10.3,1,2
Roseton Generating LLC,8006,2,621.0,1242.0,50.0,ST_GAS,eia_exact,2024-07-17,2024-07-23,5.5,1,2
Roseton Generating LLC,8006,2,621.0,1242.0,50.0,ST_GAS,eia_exact,2024-07-25,2024-07-31,5.4,1,2
Roseton Generating LLC,8006,2,621.0,1242.0,50.0,ST_GAS,eia_exact,2024-08-06,2024-08-26,20.4,1,2
Roseton Generating LLC,8006,2,621.0,1242.0,50.0,ST_GAS,eia_exact,2024-08-29,2024-12-31,125.0,1,2
Roseton Generating LLC,8006,2,621.0,1242.0,50.0,ST_GAS,eia_exact,2025-01-01,2025-02-01,31.4,1,2
Roseton Generating LLC,8006,2,621.0,1242.0,50.0,ST_GAS,eia_exact,2025-02-01,2025-03-27,53.7,1,2
Roseton Generating LLC,8006,2,621.0,1242.0,50.0,ST_GAS,eia_exact,2025-08-18,2025-09-17,29.2,1,2
Roseton Generating LLC,8006,2,621.0,1242.0,50.0,ST_GAS,eia_exact,2025-09-30,2025-10-06,6.4,1,2
Roseton Generating LLC,8006,2,621.0,1242.0,50.0,ST_GAS,eia_exact,2025-11-10,2025-12-02,21.3,1,2
Roseton Generating LLC,8006,2,621.0,1242.0,50.0,ST_GAS,eia_exact,2025-12-09,2025-12-15,5.2,1,2
Roseton Generating LLC,8006,2,621.0,1242.0,50.0,ST_GAS,eia_exact,2025-12-16,2025-12-31,15.1,1,2
Roseton Generating LLC,8006,2,621.0,1242.0,50.0,ST_GAS,eia_exact,2026-01-01,2026-01-23,22.9,1,2
Roseton Generating LLC,8006,2,621.0,1242.0,50.0,ST_GAS,eia_exact,2026-02-02,2026-02-07,5.3,1,2
Roseton Generating LLC,8006,2,621.0,1242.0,50.0,ST_GAS,eia_exact,2026-02-10,2026-03-27,44.2,1,2
Astoria Generating Station,8906,31RH,378.0,939.0,40.3,ST_GAS,observed_peak,2019-10-15,2019-11-07,23.3,3,6
Astoria Generating Station,8906,31RH,379.0,941.0,40.3,ST_GAS,observed_peak,2020-10-10,2020-12-22,73.0,3,6
Astoria Generating Station,8906,31RH,380.0,932.0,40.8,ST_GAS,observed_peak,2023-09-12,2023-09-17,5.8,3,4
Astoria Generating Station,8906,31RH,380.0,932.0,40.8,ST_GAS,observed_peak,2023-09-19,2023-12-11,83.1,3,4
Astoria Generating Station,8906,51RH,388.0,939.0,41.3,ST_GAS,observed_peak,2019-01-23,2019-01-29,6.8,3,6
Astoria Generating Station,8906,51RH,388.0,939.0,41.3,ST_GAS,observed_peak,2019-05-10,2019-07-09,59.6,3,6
Astoria Generating Station,8906,51RH,388.0,939.0,41.3,ST_GAS,observed_peak,2019-08-10,2019-08-18,8.8,3,6
Astoria Generating Station,8906,51RH,388.0,939.0,41.3,ST_GAS,observed_peak,2019-08-21,2019-09-22,32.0,3,6
Astoria Generating Station,8906,51RH,388.0,939.0,41.3,ST_GAS,observed_peak,2019-10-05,2019-12-31,88.0,3,6
Astoria Generating Station,8906,51RH,387.0,924.0,41.9,ST_GAS,observed_peak,2025-01-01,2025-02-27,57.1,3,4
Astoria Generating Station,8906,51RH,387.0,924.0,41.9,ST_GAS,observed_peak,2025-03-01,2025-03-15,14.7,3,4
Astoria Generating Station,8906,51RH,387.0,924.0,41.9,ST_GAS,observed_peak,2025-08-27,2025-09-23,27.5,3,4
Astoria Generating Station,8906,51RH,387.0,924.0,41.9,ST_GAS,observed_peak,2025-12-02,2025-12-31,29.5,3,4
Astoria Generating Station,8906,CT0001,20.0,939.0,2.1,ST_GAS,observed_peak,2019-01-01,2019-06-28,178.6,3,6
Astoria Generating Station,8906,CT0001,20.0,939.0,2.1,ST_GAS,observed_peak,2019-06-29,2019-07-06,6.9,3,6
Astoria Generating Station,8906,CT0001,20.0,939.0,2.1,ST_GAS,observed_peak,2019-07-06,2019-07-17,11.0,3,6
Astoria Generating Station,8906,CT0001,20.0,939.0,2.1,ST_GAS,observed_peak,2019-07-22,2019-07-29,6.8,3,6
Astoria Generating Station,8906,CT0001,20.0,939.0,2.1,ST_GAS,observed_peak,2019-07-29,2019-08-07,8.7,3,6
Astoria Generating Station,8906,CT0001,20.0,939.0,2.1,ST_GAS,observed_peak,2019-08-08,2019-08-15,6.8,3,6
Astoria Generating Station,8906,CT0001,20.0,939.0,2.1,ST_GAS,observed_peak,2019-08-21,2019-09-04,13.7,3,6
Astoria Generating Station,8906,CT0001,20.0,939.0,2.1,ST_GAS,observed_peak,2019-09-04,2019-09-23,18.8,3,6
Astoria Generating Station,8906,CT0001,20.0,939.0,2.1,ST_GAS,observed_peak,2019-09-23,2019-12-31,99.3,3,6
Astoria Generating Station,8906,CT0001,20.0,941.0,2.1,ST_GAS,observed_peak,2020-01-01,2020-07-08,189.5,3,6
Astoria Generating Station,8906,CT0001,20.0,941.0,2.1,ST_GAS,observed_peak,2020-07-08,2020-07-22,14.0,3,6
Astoria Generating Station,8906,CT0001,20.0,941.0,2.1,ST_GAS,observed_peak,2020-07-28,2020-08-10,13.0,3,6
Astoria Generating Station,8906,CT0001,20.0,941.0,2.1,ST_GAS,observed_peak,2020-08-14,2020-08-25,10.9,3,6
Astoria Generating Station,8906,CT0001,20.0,941.0,2.1,ST_GAS,observed_peak,2020-08-26,2020-09-02,7.9,3,6
Astoria Generating Station,8906,CT0001,20.0,941.0,2.1,ST_GAS,observed_peak,2020-09-03,2020-09-08,5.0,3,6
Astoria Generating Station,8906,CT0001,20.0,941.0,2.1,ST_GAS,observed_peak,2020-09-08,2020-12-31,114.2,3,6
Astoria Generating Station,8906,CT0001,17.0,936.0,1.8,ST_GAS,observed_peak,2021-01-01,2021-01-29,28.5,3,4
Astoria Generating Station,8906,CT0001,17.0,936.0,1.8,ST_GAS,observed_peak,2021-02-01,2021-02-19,17.6,3,4
Astoria Generating Station,8906,CT0001,17.0,936.0,1.8,ST_GAS,observed_peak,2021-02-19,2021-03-16,24.9,3,4
Astoria Generating Station,8906,CT0001,17.0,936.0,1.8,ST_GAS,observed_peak,2021-03-16,2021-05-26,71.2,3,4
Astoria Generating Station,8906,CT0001,17.0,936.0,1.8,ST_GAS,observed_peak,2021-05-26,2021-06-08,12.7,3,4
Astoria Generating Station,8906,CT0001,17.0,936.0,1.8,ST_GAS,observed_peak,2021-06-08,2021-06-28,19.7,3,4
Astoria Generating Station,8906,CT0001,17.0,936.0,1.8,ST_GAS,observed_peak,2021-06-30,2021-07-06,5.8,3,4
Astoria Generating Station,8906,CT0001,17.0,936.0,1.8,ST_GAS,observed_peak,2021-07-14,2021-07-20,5.9,3,4
Astoria Generating Station,8906,CT0001,17.0,936.0,1.8,ST_GAS,observed_peak,2021-07-20,2021-08-24,34.8,3,4
Astoria Generating Station,8906,CT0001,17.0,936.0,1.8,ST_GAS,observed_peak,2021-08-27,2021-09-08,12.0,3,4
Astoria Generating Station,8906,CT0001,17.0,936.0,1.8,ST_GAS,observed_peak,2021-09-08,2021-09-14,5.8,3,4
Astoria Generating Station,8906,CT0001,17.0,936.0,1.8,ST_GAS,observed_peak,2021-09-16,2021-09-27,11.0,3,4
Astoria Generating Station,8906,CT0001,17.0,936.0,1.8,ST_GAS,observed_peak,2021-09-27,2021-10-03,6.5,3,4
Astoria Generating Station,8906,CT0001,17.0,936.0,1.8,ST_GAS,observed_peak,2021-10-06,2021-10-25,19.3,3,4
Astoria Generating Station,8906,CT0001,17.0,936.0,1.8,ST_GAS,observed_peak,2021-10-25,2021-11-05,10.3,3,4
Astoria Generating Station,8906,CT0001,17.0,936.0,1.8,ST_GAS,observed_peak,2021-11-05,2021-11-19,14.3,3,4
Astoria Generating Station,8906,CT0001,17.0,936.0,1.8,ST_GAS,observed_peak,2021-11-22,2021-12-20,28.0,3,4
Astoria Generating Station,8906,CT0001,17.0,936.0,1.8,ST_GAS,observed_peak,2021-12-20,2021-12-31,11.4,3,4
Astoria Generating Station,8906,CT0001,15.0,924.0,1.6,ST_GAS,observed_peak,2024-01-01,2024-01-27,26.5,3,4
Astoria Generating Station,8906,CT0001,15.0,924.0,1.6,ST_GAS,observed_peak,2024-01-27,2024-04-05,69.1,3,4
Astoria Generating Station,8906,CT0001,15.0,924.0,1.6,ST_GAS,observed_peak,2024-04-05,2024-06-06,61.7,3,4
Astoria Generating Station,8906,CT0001,15.0,924.0,1.6,ST_GAS,observed_peak,2024-06-06,2024-06-18,11.9,3,4
Astoria Generating Station,8906,CT0001,15.0,924.0,1.6,ST_GAS,observed_peak,2024-06-18,2024-06-30,11.8,3,4
Astoria Generating Station,8906,CT0001,15.0,924.0,1.6,ST_GAS,observed_peak,2024-06-30,2024-07-08,7.8,3,4
Astoria Generating Station,8906,CT0001,15.0,924.0,1.6,ST_GAS,observed_peak,2024-07-17,2024-07-31,14.3,3,4
Astoria Generating Station,8906,CT0001,15.0,924.0,1.6,ST_GAS,observed_peak,2024-07-31,2024-08-14,13.6,3,4
Astoria Generating Station,8906,CT0001,15.0,924.0,1.6,ST_GAS,observed_peak,2024-08-14,2024-09-11,27.7,3,4
Astoria Generating Station,8906,CT0001,15.0,924.0,1.6,ST_GAS,observed_peak,2024-09-11,2024-11-08,58.0,3,4
Astoria Generating Station,8906,CT0001,15.0,924.0,1.6,ST_GAS,observed_peak,2024-11-09,2024-12-19,39.8,3,4
Astoria Generating Station,8906,CT0001,15.0,924.0,1.6,ST_GAS,observed_peak,2024-12-24,2024-12-31,7.4,3,4
Astoria Generating Station,8906,CT0001,15.0,924.0,1.6,ST_GAS,observed_peak,2025-01-01,2025-02-04,34.3,3,4
Astoria Generating Station,8906,CT0001,15.0,924.0,1.6,ST_GAS,observed_peak,2025-02-04,2025-02-21,17.0,3,4
Astoria Generating Station,8906,CT0001,15.0,924.0,1.6,ST_GAS,observed_peak,2025-02-21,2025-12-31,313.5,3,4
"RED-Rochester, LLC-Eastman Business Park",10025,4B,162.8,162.8,100.0,ST_CHP,optime_proxy,2019-10-04,2019-10-31,26.5,0,1
"RED-Rochester, LLC-Eastman Business Park",10025,4B,162.8,162.8,100.0,ST_CHP,optime_proxy,2021-10-15,2021-11-12,27.6,0,1
"RED-Rochester, LLC-Eastman Business Park",10025,4B,162.8,162.8,100.0,ST_CHP,optime_proxy,2022-11-04,2022-11-10,6.0,0,1
"RED-Rochester, LLC-Eastman Business Park",10025,4B,162.8,162.8,100.0,ST_CHP,optime_proxy,2023-09-26,2023-10-03,7.1,0,1
"RED-Rochester, LLC-Eastman Business Park",10025,4B,162.8,162.8,100.0,ST_CHP,optime_proxy,2023-10-26,2023-11-28,33.0,0,1
"RED-Rochester, LLC-Eastman Business Park",10025,4B,162.8,162.8,100.0,ST_CHP,optime_proxy,2024-10-11,2024-10-23,12.4,0,1
"RED-Rochester, LLC-Eastman Business Park",10025,4B,162.8,162.8,100.0,ST_CHP,optime_proxy,2025-05-03,2025-05-13,10.5,0,1
"RED-Rochester, LLC-Eastman Business Park",10025,4B,162.8,162.8,100.0,ST_CHP,optime_proxy,2025-10-09,2025-12-16,68.2,0,1
"RED-Rochester, LLC-Eastman Business Park",10025,4B,162.8,162.8,100.0,ST_CHP,optime_proxy,2026-01-23,2026-02-03,11.0,0,1
"Castleton Power, LLC",10190,1,72.0,72.0,100.0,CC_REGULAR,eia_digits_cc,2019-01-01,2019-01-07,6.2,0,1
"Castleton Power, LLC",10190,1,72.0,72.0,100.0,CC_REGULAR,eia_digits_cc,2019-02-03,2019-02-12,9.2,0,1
"Castleton Power, LLC",10190,1,72.0,72.0,100.0,CC_REGULAR,eia_digits_cc,2019-02-12,2019-02-20,7.2,0,1
"Castleton Power, LLC",10190,1,72.0,72.0,100.0,CC_REGULAR,eia_digits_cc,2019-02-20,2019-02-26,5.3,0,1
"Castleton Power, LLC",10190,1,72.0,72.0,100.0,CC_REGULAR,eia_digits_cc,2019-03-08,2019-03-18,9.2,0,1
"Castleton Power, LLC",10190,1,72.0,72.0,100.0,CC_REGULAR,eia_digits_cc,2019-03-26,2019-04-08,12.2,0,1
"Castleton Power, LLC",10190,1,72.0,72.0,100.0,CC_REGULAR,eia_digits_cc,2019-04-12,2019-04-26,14.1,0,1
"Castleton Power, LLC",10190,1,72.0,72.0,100.0,CC_REGULAR,eia_digits_cc,2019-04-26,2019-05-02,5.2,0,1
"Castleton Power, LLC",10190,1,72.0,72.0,100.0,CC_REGULAR,eia_digits_cc,2019-05-02,2019-05-20,17.2,0,1
"Castleton Power, LLC",10190,1,72.0,72.0,100.0,CC_REGULAR,eia_digits_cc,2019-05-20,2019-06-27,37.2,0,1
"Castleton Power, LLC",10190,1,72.0,72.0,100.0,CC_REGULAR,eia_digits_cc,2019-08-20,2019-09-04,14.2,0,1
"Castleton Power, LLC",10190,1,72.0,72.0,100.0,CC_REGULAR,eia_digits_cc,2019-09-04,2019-09-11,6.2,0,1
"Castleton Power, LLC",10190,1,72.0,72.0,100.0,CC_REGULAR,eia_digits_cc,2019-09-12,2019-09-22,9.2,0,1
"Castleton Power, LLC",10190,1,72.0,72.0,100.0,CC_REGULAR,eia_digits_cc,2019-09-23,2019-10-07,14.6,0,1
"Castleton Power, LLC",10190,1,72.0,72.0,100.0,CC_REGULAR,eia_digits_cc,2019-10-10,2019-11-06,26.2,0,1
"Castleton Power, LLC",10190,1,72.0,72.0,100.0,CC_REGULAR,eia_digits_cc,2019-11-16,2019-12-01,14.2,0,1
"Castleton Power, LLC",10190,1,72.0,72.0,100.0,CC_REGULAR,eia_digits_cc,2019-12-05,2019-12-12,6.2,0,1
"Castleton Power, LLC",10190,1,72.0,72.0,100.0,CC_REGULAR,eia_digits_cc,2019-12-24,2019-12-31,7.0,0,1
"Castleton Power, LLC",10190,1,72.0,72.0,100.0,CC_REGULAR,eia_digits_cc,2020-01-01,2020-01-08,7.1,0,1
"Castleton Power, LLC",10190,1,72.0,72.0,100.0,CC_REGULAR,eia_digits_cc,2020-01-09,2020-01-17,7.2,0,1
"Castleton Power, LLC",10190,1,72.0,72.0,100.0,CC_REGULAR,eia_digits_cc,2020-01-23,2020-02-14,21.2,0,1
"Castleton Power, LLC",10190,1,72.0,72.0,100.0,CC_REGULAR,eia_digits_cc,2020-02-16,2020-03-04,17.1,0,1
"Castleton Power, LLC",10190,1,72.0,72.0,100.0,CC_REGULAR,eia_digits_cc,2020-03-05,2020-06-22,108.4,0,1
"Castleton Power, LLC",10190,1,72.0,72.0,100.0,CC_REGULAR,eia_digits_cc,2020-06-23,2020-07-09,15.2,0,1
"Castleton Power, LLC",10190,1,72.0,72.0,100.0,CC_REGULAR,eia_digits_cc,2020-07-10,2020-07-18,7.2,0,1
"Castleton Power, LLC",10190,1,72.0,72.0,100.0,CC_REGULAR,eia_digits_cc,2020-08-03,2020-08-10,6.2,0,1
"Castleton Power, LLC",10190,1,72.0,72.0,100.0,CC_REGULAR,eia_digits_cc,2020-08-15,2020-08-24,9.1,0,1
"Castleton Power, LLC",10190,1,72.0,72.0,100.0,CC_REGULAR,eia_digits_cc,2020-09-04,2020-09-09,5.2,0,1
"Castleton Power, LLC",10190,1,72.0,72.0,100.0,CC_REGULAR,eia_digits_cc,2020-09-10,2020-10-05,24.5,0,1
"Castleton Power, LLC",10190,1,72.0,72.0,100.0,CC_REGULAR,eia_digits_cc,2020-10-06,2020-10-30,24.1,0,1
"Castleton Power, LLC",10190,1,72.0,72.0,100.0,CC_REGULAR,eia_digits_cc,2020-11-04,2020-11-15,10.1,0,1
"Castleton Power, LLC",10190,1,72.0,72.0,100.0,CC_REGULAR,eia_digits_cc,2020-11-25,2020-12-09,13.2,0,1
"Castleton Power, LLC",10190,1,72.0,72.0,100.0,CC_REGULAR,eia_digits_cc,2021-01-01,2021-01-18,17.2,0,1
"Castleton Power, LLC",10190,1,72.0,72.0,100.0,CC_REGULAR,eia_digits_cc,2021-03-24,2021-04-12,18.2,0,1
"Castleton Power, LLC",10190,1,72.0,72.0,100.0,CC_REGULAR,eia_digits_cc,2021-04-22,2021-05-26,33.5,0,1
"Castleton Power, LLC",10190,1,72.0,72.0,100.0,CC_REGULAR,eia_digits_cc,2021-05-27,2021-06-03,7.4,0,1
"Castleton Power, LLC",10190,1,72.0,72.0,100.0,CC_REGULAR,eia_digits_cc,2021-06-11,2021-06-21,10.1,0,1
"Castleton Power, LLC",10190,1,72.0,72.0,100.0,CC_REGULAR,eia_digits_cc,2021-06-21,2021-06-27,5.4,0,1
"Castleton Power, LLC",10190,1,72.0,72.0,100.0,CC_REGULAR,eia_digits_cc,2021-07-08,2021-07-15,7.3,0,1
"Castleton Power, LLC",10190,1,72.0,72.0,100.0,CC_REGULAR,eia_digits_cc,2021-07-21,2021-07-26,5.3,0,1
"Castleton Power, LLC",10190,1,72.0,72.0,100.0,CC_REGULAR,eia_digits_cc,2021-07-27,2021-08-11,14.5,0,1
"Castleton Power, LLC",10190,1,72.0,72.0,100.0,CC_REGULAR,eia_digits_cc,2021-08-13,2021-08-24,10.4,0,1
"Castleton Power, LLC",10190,1,72.0,72.0,100.0,CC_REGULAR,eia_digits_cc,2021-08-28,2021-09-16,19.1,0,1
"Castleton Power, LLC",10190,1,72.0,72.0,100.0,CC_REGULAR,eia_digits_cc,2021-09-24,2021-10-26,31.2,0,1
"Castleton Power, LLC",10190,1,72.0,72.0,100.0,CC_REGULAR,eia_digits_cc,2021-10-26,2021-11-01,5.2,0,1
"Castleton Power, LLC",10190,1,72.0,72.0,100.0,CC_REGULAR,eia_digits_cc,2021-11-18,2021-11-23,5.9,0,1
"Castleton Power, LLC",10190,1,72.0,72.0,100.0,CC_REGULAR,eia_digits_cc,2021-12-11,2021-12-18,7.2,0,1
"Castleton Power, LLC",10190,1,72.0,72.0,100.0,CC_REGULAR,eia_digits_cc,2022-04-14,2022-04-27,12.1,0,1
"Castleton Power, LLC",10190,1,72.0,72.0,100.0,CC_REGULAR,eia_digits_cc,2022-05-05,2022-05-16,10.2,0,1
"Castleton Power, LLC",10190,1,72.0,72.0,100.0,CC_REGULAR,eia_digits_cc,2022-05-27,2022-07-01,34.5,0,1
"Castleton Power, LLC",10190,1,72.0,72.0,100.0,CC_REGULAR,eia_digits_cc,2022-07-02,2022-07-28,26.3,0,1
"Castleton Power, LLC",10190,1,72.0,72.0,100.0,CC_REGULAR,eia_digits_cc,2022-08-11,2022-08-25,14.2,0,1
"Castleton Power, LLC",10190,1,72.0,72.0,100.0,CC_REGULAR,eia_digits_cc,2022-08-31,2022-09-18,18.4,0,1
"Castleton Power, LLC",10190,1,72.0,72.0,100.0,CC_REGULAR,eia_digits_cc,2022-09-22,2022-10-12,20.1,0,1
"Castleton Power, LLC",10190,1,72.0,72.0,100.0,CC_REGULAR,eia_digits_cc,2022-10-13,2022-11-02,19.2,0,1
"Castleton Power, LLC",10190,1,72.0,72.0,100.0,CC_REGULAR,eia_digits_cc,2023-01-01,2023-01-07,6.2,0,1
"Castleton Power, LLC",10190,1,72.0,72.0,100.0,CC_REGULAR,eia_digits_cc,2023-01-19,2023-01-25,5.3,0,1
"Castleton Power, LLC",10190,1,72.0,72.0,100.0,CC_REGULAR,eia_digits_cc,2023-01-26,2023-01-31,5.1,0,1
"Castleton Power, LLC",10190,1,72.0,72.0,100.0,CC_REGULAR,eia_digits_cc,2023-02-07,2023-02-24,16.2,0,1
"Castleton Power, LLC",10190,1,72.0,72.0,100.0,CC_REGULAR,eia_digits_cc,2023-03-15,2023-03-22,6.1,0,1
"Castleton Power, LLC",10190,1,72.0,72.0,100.0,CC_REGULAR,eia_digits_cc,2023-03-22,2023-04-13,21.4,0,1
"Castleton Power, LLC",10190,1,72.0,72.0,100.0,CC_REGULAR,eia_digits_cc,2023-04-22,2023-06-01,40.5,0,1
"Castleton Power, LLC",10190,1,72.0,72.0,100.0,CC_REGULAR,eia_digits_cc,2023-06-02,2023-06-25,23.5,0,1
"Castleton Power, LLC",10190,1,72.0,72.0,100.0,CC_REGULAR,eia_digits_cc,2023-07-08,2023-07-17,9.2,0,1
"Castleton Power, LLC",10190,1,72.0,72.0,100.0,CC_REGULAR,eia_digits_cc,2023-07-18,2023-07-26,8.2,0,1
"Castleton Power, LLC",10190,1,72.0,72.0,100.0,CC_REGULAR,eia_digits_cc,2023-07-29,2023-08-21,22.3,0,1
"Castleton Power, LLC",10190,1,72.0,72.0,100.0,CC_REGULAR,eia_digits_cc,2023-08-24,2023-09-05,12.2,0,1
"Castleton Power, LLC",10190,1,72.0,72.0,100.0,CC_REGULAR,eia_digits_cc,2023-09-09,2023-10-22,43.0,0,1
"Castleton Power, LLC",10190,1,72.0,72.0,100.0,CC_REGULAR,eia_digits_cc,2023-11-02,2023-11-13,10.2,0,1
"Castleton Power, LLC",10190,1,72.0,72.0,100.0,CC_REGULAR,eia_digits_cc,2023-11-15,2023-11-26,10.3,0,1
"Castleton Power, LLC",10190,1,72.0,72.0,100.0,CC_REGULAR,eia_digits_cc,2023-12-08,2023-12-22,14.1,0,1
"Castleton Power, LLC",10190,1,72.0,72.0,100.0,CC_REGULAR,eia_digits_cc,2023-12-23,2023-12-31,9.0,0,1
"Castleton Power, LLC",10190,1,72.0,72.0,100.0,CC_REGULAR,eia_digits_cc,2024-01-24,2024-01-30,5.2,0,1
"Castleton Power, LLC",10190,1,72.0,72.0,100.0,CC_REGULAR,eia_digits_cc,2024-02-08,2024-02-14,6.1,0,1
"Castleton Power, LLC",10190,1,72.0,72.0,100.0,CC_REGULAR,eia_digits_cc,2024-02-16,2024-02-28,12.2,0,1
"Castleton Power, LLC",10190,1,72.0,72.0,100.0,CC_REGULAR,eia_digits_cc,2024-02-28,2024-06-18,110.5,0,1
"Castleton Power, LLC",10190,1,72.0,72.0,100.0,CC_REGULAR,eia_digits_cc,2024-06-22,2024-07-08,16.2,0,1
"Castleton Power, LLC",10190,1,72.0,72.0,100.0,CC_REGULAR,eia_digits_cc,2024-07-25,2024-07-30,5.1,0,1
"Castleton Power, LLC",10190,1,72.0,72.0,100.0,CC_REGULAR,eia_digits_cc,2024-08-03,2024-08-27,23.3,0,1
"Castleton Power, LLC",10190,1,72.0,72.0,100.0,CC_REGULAR,eia_digits_cc,2024-08-28,2024-09-26,28.2,0,1
"Castleton Power, LLC",10190,1,72.0,72.0,100.0,CC_REGULAR,eia_digits_cc,2024-09-26,2024-10-17,20.1,0,1
"Castleton Power, LLC",10190,1,72.0,72.0,100.0,CC_REGULAR,eia_digits_cc,2024-10-22,2024-12-01,39.2,0,1
"Castleton Power, LLC",10190,1,72.0,72.0,100.0,CC_REGULAR,eia_digits_cc,2025-03-05,2025-05-08,64.5,0,1
"Castleton Power, LLC",10190,1,72.0,72.0,100.0,CC_REGULAR,eia_digits_cc,2025-05-09,2025-06-22,43.8,0,1
"Castleton Power, LLC",10190,1,72.0,72.0,100.0,CC_REGULAR,eia_digits_cc,2025-08-01,2025-08-10,9.3,0,1
"Castleton Power, LLC",10190,1,72.0,72.0,100.0,CC_REGULAR,eia_digits_cc,2025-08-18,2025-09-18,31.1,0,1
"Castleton Power, LLC",10190,1,72.0,72.0,100.0,CC_REGULAR,eia_digits_cc,2025-09-26,2025-10-08,11.1,0,1
"Castleton Power, LLC",10190,1,72.0,72.0,100.0,CC_REGULAR,eia_digits_cc,2025-10-13,2025-12-01,48.2,0,1
"Castleton Power, LLC",10190,1,72.0,72.0,100.0,CC_REGULAR,eia_digits_cc,2026-01-07,2026-01-15,7.3,0,1
"Castleton Power, LLC",10190,1,72.0,72.0,100.0,CC_REGULAR,eia_digits_cc,2026-03-04,2026-03-17,13.1,0,1
"Castleton Power, LLC",10190,1,72.0,72.0,100.0,CC_REGULAR,eia_digits_cc,2026-03-18,2026-03-31,13.0,0,1
"Beaver Falls, LLC",10617,1,107.8,107.8,100.0,CC_CHP,eia_digits_cc,2019-01-01,2019-03-14,72.2,0,1
"Beaver Falls, LLC",10617,1,107.8,107.8,100.0,CC_CHP,eia_digits_cc,2019-03-14,2019-07-23,130.5,0,1
"Beaver Falls, LLC",10617,1,107.8,107.8,100.0,CC_CHP,eia_digits_cc,2019-07-23,2019-08-22,29.7,0,1
"Beaver Falls, LLC",10617,1,107.8,107.8,100.0,CC_CHP,eia_digits_cc,2019-08-22,2019-12-31,131.2,0,1
"Beaver Falls, LLC",10617,1,107.8,107.8,100.0,CC_CHP,eia_digits_cc,2020-01-01,2020-03-17,76.2,0,1
"Beaver Falls, LLC",10617,1,107.8,107.8,100.0,CC_CHP,eia_digits_cc,2020-03-17,2020-08-25,160.5,0,1
"Beaver Falls, LLC",10617,1,107.8,107.8,100.0,CC_CHP,eia_digits_cc,2020-08-25,2020-12-15,111.6,0,1
"Beaver Falls, LLC",10617,1,107.8,107.8,100.0,CC_CHP,eia_digits_cc,2020-12-15,2020-12-31,16.3,0,1
"Beaver Falls, LLC",10617,1,107.8,107.8,100.0,CC_CHP,eia_digits_cc,2021-01-01,2021-06-16,166.2,0,1
"Beaver Falls, LLC",10617,1,107.8,107.8,100.0,CC_CHP,eia_digits_cc,2021-06-16,2021-07-26,39.5,0,1
"Beaver Falls, LLC",10617,1,107.8,107.8,100.0,CC_CHP,eia_digits_cc,2021-07-27,2021-08-26,29.5,0,1
"Beaver Falls, LLC",10617,1,107.8,107.8,100.0,CC_CHP,eia_digits_cc,2021-08-27,2021-09-15,18.6,0,1
"Beaver Falls, LLC",10617,1,107.8,107.8,100.0,CC_CHP,eia_digits_cc,2021-09-15,2021-10-28,42.5,0,1
"Beaver Falls, LLC",10617,1,107.8,107.8,100.0,CC_CHP,eia_digits_cc,2021-10-28,2021-12-31,64.3,0,1
"Beaver Falls, LLC",10617,1,107.8,107.8,100.0,CC_CHP,eia_digits_cc,2022-01-01,2022-04-05,94.4,0,1
"Beaver Falls, LLC",10617,1,107.8,107.8,100.0,CC_CHP,eia_digits_cc,2022-04-06,2022-06-13,67.7,0,1
"Beaver Falls, LLC",10617,1,107.8,107.8,100.0,CC_CHP,eia_digits_cc,2022-06-17,2022-07-20,32.5,0,1
"Beaver Falls, LLC",10617,1,107.8,107.8,100.0,CC_CHP,eia_digits_cc,2022-07-20,2022-08-30,40.3,0,1
"Beaver Falls, LLC",10617,1,107.8,107.8,100.0,CC_CHP,eia_digits_cc,2022-08-30,2022-10-18,48.9,0,1
"Beaver Falls, LLC",10617,1,107.8,107.8,100.0,CC_CHP,eia_digits_cc,2022-10-18,2022-12-31,74.4,0,1
"Beaver Falls, LLC",10617,1,107.8,107.8,100.0,CC_CHP,eia_digits_cc,2023-01-01,2023-03-28,86.2,0,1
"Beaver Falls, LLC",10617,1,107.8,107.8,100.0,CC_CHP,eia_digits_cc,2023-03-28,2023-06-07,70.6,0,1
"Beaver Falls, LLC",10617,1,107.8,107.8,100.0,CC_CHP,eia_digits_cc,2023-06-08,2023-07-28,49.9,0,1
"Beaver Falls, LLC",10617,1,107.8,107.8,100.0,CC_CHP,eia_digits_cc,2023-07-28,2023-09-05,38.5,0,1
"Beaver Falls, LLC",10617,1,107.8,107.8,100.0,CC_CHP,eia_digits_cc,2023-09-06,2023-09-12,5.3,0,1
"Beaver Falls, LLC",10617,1,107.8,107.8,100.0,CC_CHP,eia_digits_cc,2023-09-15,2023-12-31,107.3,0,1
"Beaver Falls, LLC",10617,1,107.8,107.8,100.0,CC_CHP,eia_digits_cc,2024-01-01,2024-02-28,58.3,0,1
"Beaver Falls, LLC",10617,1,107.8,107.8,100.0,CC_CHP,eia_digits_cc,2024-02-28,2024-03-07,7.8,0,1
"Beaver Falls, LLC",10617,1,107.8,107.8,100.0,CC_CHP,eia_digits_cc,2024-03-12,2024-06-11,90.7,0,1
"Beaver Falls, LLC",10617,1,107.8,107.8,100.0,CC_CHP,eia_digits_cc,2024-06-11,2024-06-18,6.4,0,1
"Beaver Falls, LLC",10617,1,107.8,107.8,100.0,CC_CHP,eia_digits_cc,2024-06-21,2024-07-08,16.4,0,1
"Beaver Falls, LLC",10617,1,107.8,107.8,100.0,CC_CHP,eia_digits_cc,2024-07-09,2024-07-15,5.5,0,1
"Beaver Falls, LLC",10617,1,107.8,107.8,100.0,CC_CHP,eia_digits_cc,2024-07-16,2024-08-01,15.6,0,1
"Beaver Falls, LLC",10617,1,107.8,107.8,100.0,CC_CHP,eia_digits_cc,2024-08-02,2024-12-10,129.3,0,1
"Beaver Falls, LLC",10617,1,107.8,107.8,100.0,CC_CHP,eia_digits_cc,2024-12-10,2024-12-31,21.2,0,1
"Beaver Falls, LLC",10617,1,107.8,107.8,100.0,CC_CHP,eia_digits_cc,2025-01-01,2025-06-17,167.2,0,1
"Beaver Falls, LLC",10617,1,107.8,107.8,100.0,CC_CHP,eia_digits_cc,2025-06-17,2025-06-23,5.8,0,1
"Beaver Falls, LLC",10617,1,107.8,107.8,100.0,CC_CHP,eia_digits_cc,2025-06-25,2025-07-15,19.4,0,1
"Beaver Falls, LLC",10617,1,107.8,107.8,100.0,CC_CHP,eia_digits_cc,2025-07-15,2025-07-24,8.5,0,1
"Beaver Falls, LLC",10617,1,107.8,107.8,100.0,CC_CHP,eia_digits_cc,2025-07-30,2025-08-11,11.4,0,1
"Beaver Falls, LLC",10617,1,107.8,107.8,100.0,CC_CHP,eia_digits_cc,2025-08-14,2025-09-18,34.3,0,1
"Beaver Falls, LLC",10617,1,107.8,107.8,100.0,CC_CHP,eia_digits_cc,2025-09-18,2025-12-31,104.5,0,1
"Beaver Falls, LLC",10617,1,107.8,107.8,100.0,CC_CHP,eia_digits_cc,2026-01-01,2026-03-27,85.5,0,1
Carthage Energy,10620,1,62.9,62.9,100.0,CC_REGULAR,eia_digits_cc,2019-01-01,2019-03-27,85.4,0,1
Carthage Energy,10620,1,62.9,62.9,100.0,CC_REGULAR,eia_digits_cc,2019-03-27,2019-07-10,104.8,0,1
Carthage Energy,10620,1,62.9,62.9,100.0,CC_REGULAR,eia_digits_cc,2019-07-10,2019-07-16,5.5,0,1
Carthage Energy,10620,1,62.9,62.9,100.0,CC_REGULAR,eia_digits_cc,2019-07-20,2019-07-30,9.7,0,1
Carthage Energy,10620,1,62.9,62.9,100.0,CC_REGULAR,eia_digits_cc,2019-07-30,2019-09-11,42.7,0,1
Carthage Energy,10620,1,62.9,62.9,100.0,CC_REGULAR,eia_digits_cc,2019-09-11,2019-10-17,35.8,0,1
Carthage Energy,10620,1,62.9,62.9,100.0,CC_REGULAR,eia_digits_cc,2019-10-17,2019-12-31,75.2,0,1
Carthage Energy,10620,1,62.9,62.9,100.0,CC_REGULAR,eia_digits_cc,2020-01-01,2020-03-30,89.5,0,1
Carthage Energy,10620,1,62.9,62.9,100.0,CC_REGULAR,eia_digits_cc,2020-03-30,2020-05-27,57.6,0,1
Carthage Energy,10620,1,62.9,62.9,100.0,CC_REGULAR,eia_digits_cc,2020-05-27,2020-06-22,25.6,0,1
Carthage Energy,10620,1,62.9,62.9,100.0,CC_REGULAR,eia_digits_cc,2020-06-22,2020-07-08,15.6,0,1
Carthage Energy,10620,1,62.9,62.9,100.0,CC_REGULAR,eia_digits_cc,2020-07-09,2020-07-19,9.6,0,1
Carthage Energy,10620,1,62.9,62.9,100.0,CC_REGULAR,eia_digits_cc,2020-07-21,2020-07-27,5.6,0,1
Carthage Energy,10620,1,62.9,62.9,100.0,CC_REGULAR,eia_digits_cc,2020-07-28,2020-08-11,13.6,0,1
Carthage Energy,10620,1,62.9,62.9,100.0,CC_REGULAR,eia_digits_cc,2020-08-12,2020-09-10,28.7,0,1
Carthage Energy,10620,1,62.9,62.9,100.0,CC_REGULAR,eia_digits_cc,2020-09-10,2020-10-06,25.5,0,1
Carthage Energy,10620,1,62.9,62.9,100.0,CC_REGULAR,eia_digits_cc,2020-10-06,2020-12-31,86.5,0,1
Carthage Energy,10620,1,62.9,62.9,100.0,CC_REGULAR,eia_digits_cc,2021-01-01,2021-03-29,87.5,0,1
Carthage Energy,10620,1,62.9,62.9,100.0,CC_REGULAR,eia_digits_cc,2021-03-29,2021-05-26,57.7,0,1
Carthage Energy,10620,1,62.9,62.9,100.0,CC_REGULAR,eia_digits_cc,2021-05-26,2021-06-28,32.6,0,1
Carthage Energy,10620,1,62.9,62.9,100.0,CC_REGULAR,eia_digits_cc,2021-06-30,2021-07-06,5.5,0,1
Carthage Energy,10620,1,62.9,62.9,100.0,CC_REGULAR,eia_digits_cc,2021-07-06,2021-08-11,35.5,0,1
Carthage Energy,10620,1,62.9,62.9,100.0,CC_REGULAR,eia_digits_cc,2021-08-12,2021-08-25,12.5,0,1
Carthage Energy,10620,1,62.9,62.9,100.0,CC_REGULAR,eia_digits_cc,2021-08-26,2021-09-13,17.5,0,1
Carthage Energy,10620,1,62.9,62.9,100.0,CC_REGULAR,eia_digits_cc,2021-09-13,2021-09-22,8.5,0,1
Carthage Energy,10620,1,62.9,62.9,100.0,CC_REGULAR,eia_digits_cc,2021-09-22,2021-12-31,100.2,0,1
Carthage Energy,10620,1,62.9,62.9,100.0,CC_REGULAR,eia_digits_cc,2022-01-01,2022-03-15,73.4,0,1
Carthage Energy,10620,1,62.9,62.9,100.0,CC_REGULAR,eia_digits_cc,2022-03-15,2022-04-07,22.8,0,1
Carthage Energy,10620,1,62.9,62.9,100.0,CC_REGULAR,eia_digits_cc,2022-04-07,2022-07-19,102.8,0,1
Carthage Energy,10620,1,62.9,62.9,100.0,CC_REGULAR,eia_digits_cc,2022-07-20,2022-08-04,14.6,0,1
Carthage Energy,10620,1,62.9,62.9,100.0,CC_REGULAR,eia_digits_cc,2022-08-08,2022-08-29,20.6,0,1
Carthage Energy,10620,1,62.9,62.9,100.0,CC_REGULAR,eia_digits_cc,2022-08-30,2022-12-31,123.3,0,1
Carthage Energy,10620,1,62.9,62.9,100.0,CC_REGULAR,eia_digits_cc,2023-01-01,2023-04-05,94.3,0,1
Carthage Energy,10620,1,62.9,62.9,100.0,CC_REGULAR,eia_digits_cc,2023-04-05,2023-07-26,111.8,0,1
Carthage Energy,10620,1,62.9,62.9,100.0,CC_REGULAR,eia_digits_cc,2023-07-28,2023-09-05,38.4,0,1
Carthage Energy,10620,1,62.9,62.9,100.0,CC_REGULAR,eia_digits_cc,2023-09-07,2023-10-30,52.6,0,1
Carthage Energy,10620,1,62.9,62.9,100.0,CC_REGULAR,eia_digits_cc,2023-10-30,2023-12-31,62.3,0,1
Carthage Energy,10620,1,62.9,62.9,100.0,CC_REGULAR,eia_digits_cc,2024-01-01,2024-03-26,85.5,0,1
Carthage Energy,10620,1,62.9,62.9,100.0,CC_REGULAR,eia_digits_cc,2024-03-26,2024-06-18,83.4,0,1
Carthage Energy,10620,1,62.9,62.9,100.0,CC_REGULAR,eia_digits_cc,2024-06-20,2024-07-09,18.5,0,1
Carthage Energy,10620,1,62.9,62.9,100.0,CC_REGULAR,eia_digits_cc,2024-07-09,2024-07-15,5.5,0,1
Carthage Energy,10620,1,62.9,62.9,100.0,CC_REGULAR,eia_digits_cc,2024-07-15,2024-08-22,37.6,0,1
Carthage Energy,10620,1,62.9,62.9,100.0,CC_REGULAR,eia_digits_cc,2024-08-22,2024-08-28,5.8,0,1
Carthage Energy,10620,1,62.9,62.9,100.0,CC_REGULAR,eia_digits_cc,2024-08-28,2024-09-30,32.5,0,1
Carthage Energy,10620,1,62.9,62.9,100.0,CC_REGULAR,eia_digits_cc,2024-09-30,2024-12-31,92.2,0,1
Carthage Energy,10620,1,62.9,62.9,100.0,CC_REGULAR,eia_digits_cc,2025-01-01,2025-03-25,83.5,0,1
Carthage Energy,10620,1,62.9,62.9,100.0,CC_REGULAR,eia_digits_cc,2025-03-25,2025-06-23,89.5,0,1
Carthage Energy,10620,1,62.9,62.9,100.0,CC_REGULAR,eia_digits_cc,2025-06-25,2025-07-08,12.4,0,1
Carthage Energy,10620,1,62.9,62.9,100.0,CC_REGULAR,eia_digits_cc,2025-07-09,2025-07-16,6.7,0,1
Carthage Energy,10620,1,62.9,62.9,100.0,CC_REGULAR,eia_digits_cc,2025-07-16,2025-07-24,7.6,0,1
Carthage Energy,10620,1,62.9,62.9,100.0,CC_REGULAR,eia_digits_cc,2025-07-30,2025-08-11,11.6,0,1
Carthage Energy,10620,1,62.9,62.9,100.0,CC_REGULAR,eia_digits_cc,2025-08-12,2025-09-11,29.5,0,1
Carthage Energy,10620,1,62.9,62.9,100.0,CC_REGULAR,eia_digits_cc,2025-09-11,2025-09-17,5.8,0,1
Carthage Energy,10620,1,62.9,62.9,100.0,CC_REGULAR,eia_digits_cc,2025-09-18,2025-10-15,27.5,0,1
Carthage Energy,10620,1,62.9,62.9,100.0,CC_REGULAR,eia_digits_cc,2025-10-15,2025-12-31,77.3,0,1
Carthage Energy,10620,1,62.9,62.9,100.0,CC_REGULAR,eia_digits_cc,2026-01-01,2026-03-31,89.5,0,1
"Syracuse, LLC",10621,1,102.7,102.7,100.0,CC_REGULAR,eia_digits_cc,2019-01-01,2019-01-18,17.5,0,1
"Syracuse, LLC",10621,1,102.7,102.7,100.0,CC_REGULAR,eia_digits_cc,2019-01-18,2019-02-26,38.8,0,1
"Syracuse, LLC",10621,1,102.7,102.7,100.0,CC_REGULAR,eia_digits_cc,2019-02-28,2019-06-28,120.1,0,1
"Syracuse, LLC",10621,1,102.7,102.7,100.0,CC_REGULAR,eia_digits_cc,2019-07-06,2019-07-19,12.2,0,1
"Syracuse, LLC",10621,1,102.7,102.7,100.0,CC_REGULAR,eia_digits_cc,2019-07-25,2019-09-14,50.4,0,1
"Syracuse, LLC",10621,1,102.7,102.7,100.0,CC_REGULAR,eia_digits_cc,2019-09-16,2019-12-31,106.1,0,1
"Syracuse, LLC",10621,1,102.7,102.7,100.0,CC_REGULAR,eia_digits_cc,2020-01-01,2020-03-11,70.2,0,1
"Syracuse, LLC",10621,1,102.7,102.7,100.0,CC_REGULAR,eia_digits_cc,2020-03-13,2020-05-27,74.5,0,1
"Syracuse, LLC",10621,1,102.7,102.7,100.0,CC_REGULAR,eia_digits_cc,2020-05-29,2020-08-06,68.2,0,1
"Syracuse, LLC",10621,1,102.7,102.7,100.0,CC_REGULAR,eia_digits_cc,2020-08-11,2020-12-17,127.4,0,1
"Syracuse, LLC",10621,1,102.7,102.7,100.0,CC_REGULAR,eia_digits_cc,2020-12-17,2020-12-31,14.1,0,1
"Syracuse, LLC",10621,1,102.7,102.7,100.0,CC_REGULAR,eia_digits_cc,2021-01-01,2021-01-13,12.3,0,1
"Syracuse, LLC",10621,1,102.7,102.7,100.0,CC_REGULAR,eia_digits_cc,2021-01-13,2021-03-18,63.7,0,1
"Syracuse, LLC",10621,1,102.7,102.7,100.0,CC_REGULAR,eia_digits_cc,2021-03-18,2021-06-07,80.6,0,1
"Syracuse, LLC",10621,1,102.7,102.7,100.0,CC_REGULAR,eia_digits_cc,2021-06-08,2021-06-24,15.3,0,1
"Syracuse, LLC",10621,1,102.7,102.7,100.0,CC_REGULAR,eia_digits_cc,2021-06-30,2021-07-06,5.3,0,1
"Syracuse, LLC",10621,1,102.7,102.7,100.0,CC_REGULAR,eia_digits_cc,2021-07-07,2021-08-25,48.4,0,1
"Syracuse, LLC",10621,1,102.7,102.7,100.0,CC_REGULAR,eia_digits_cc,2021-08-30,2021-09-14,14.5,0,1
"Syracuse, LLC",10621,1,102.7,102.7,100.0,CC_REGULAR,eia_digits_cc,2021-09-14,2021-09-30,15.7,0,1
"Syracuse, LLC",10621,1,102.7,102.7,100.0,CC_REGULAR,eia_digits_cc,2021-10-01,2021-11-04,34.4,0,1
"Syracuse, LLC",10621,1,102.7,102.7,100.0,CC_REGULAR,eia_digits_cc,2021-11-04,2021-12-31,57.5,0,1
"Syracuse, LLC",10621,1,102.7,102.7,100.0,CC_REGULAR,eia_digits_cc,2022-01-01,2022-01-07,6.1,0,1
"Syracuse, LLC",10621,1,102.7,102.7,100.0,CC_REGULAR,eia_digits_cc,2022-01-07,2022-03-22,73.8,0,1
"Syracuse, LLC",10621,1,102.7,102.7,100.0,CC_REGULAR,eia_digits_cc,2022-03-23,2022-06-14,82.8,0,1
"Syracuse, LLC",10621,1,102.7,102.7,100.0,CC_REGULAR,eia_digits_cc,2022-06-14,2022-08-31,77.4,0,1
"Syracuse, LLC",10621,1,102.7,102.7,100.0,CC_REGULAR,eia_digits_cc,2022-08-31,2022-09-13,13.2,0,1
"Syracuse, LLC",10621,1,102.7,102.7,100.0,CC_REGULAR,eia_digits_cc,2022-09-14,2022-09-20,5.8,0,1
"Syracuse, LLC",10621,1,102.7,102.7,100.0,CC_REGULAR,eia_digits_cc,2022-09-21,2022-09-27,5.8,0,1
"Syracuse, LLC",10621,1,102.7,102.7,100.0,CC_REGULAR,eia_digits_cc,2022-09-28,2022-12-31,94.4,0,1
"Syracuse, LLC",10621,1,102.7,102.7,100.0,CC_REGULAR,eia_digits_cc,2023-01-01,2023-02-01,31.1,0,1
"Syracuse, LLC",10621,1,102.7,102.7,100.0,CC_REGULAR,eia_digits_cc,2023-02-01,2023-02-07,5.8,0,1
"Syracuse, LLC",10621,1,102.7,102.7,100.0,CC_REGULAR,eia_digits_cc,2023-02-16,2023-03-15,27.0,0,1
"Syracuse, LLC",10621,1,102.7,102.7,100.0,CC_REGULAR,eia_digits_cc,2023-03-15,2023-06-16,92.9,0,1
"Syracuse, LLC",10621,1,102.7,102.7,100.0,CC_REGULAR,eia_digits_cc,2023-06-16,2023-07-05,18.8,0,1
"Syracuse, LLC",10621,1,102.7,102.7,100.0,CC_REGULAR,eia_digits_cc,2023-07-07,2023-07-26,19.4,0,1
"Syracuse, LLC",10621,1,102.7,102.7,100.0,CC_REGULAR,eia_digits_cc,2023-07-29,2023-09-05,38.3,0,1
"Syracuse, LLC",10621,1,102.7,102.7,100.0,CC_REGULAR,eia_digits_cc,2023-09-08,2023-09-14,5.2,0,1
"Syracuse, LLC",10621,1,102.7,102.7,100.0,CC_REGULAR,eia_digits_cc,2023-09-14,2023-12-31,108.3,0,1
"Syracuse, LLC",10621,1,102.7,102.7,100.0,CC_REGULAR,eia_digits_cc,2024-01-01,2024-02-27,57.3,0,1
"Syracuse, LLC",10621,1,102.7,102.7,100.0,CC_REGULAR,eia_digits_cc,2024-02-27,2024-06-12,105.6,0,1
"Syracuse, LLC",10621,1,102.7,102.7,100.0,CC_REGULAR,eia_digits_cc,2024-06-12,2024-06-18,5.5,0,1
"Syracuse, LLC",10621,1,102.7,102.7,100.0,CC_REGULAR,eia_digits_cc,2024-06-22,2024-07-08,16.2,0,1
"Syracuse, LLC",10621,1,102.7,102.7,100.0,CC_REGULAR,eia_digits_cc,2024-07-11,2024-08-01,20.4,0,1
"Syracuse, LLC",10621,1,102.7,102.7,100.0,CC_REGULAR,eia_digits_cc,2024-08-03,2024-08-28,25.3,0,1
"Syracuse, LLC",10621,1,102.7,102.7,100.0,CC_REGULAR,eia_digits_cc,2024-08-28,2024-09-27,29.5,0,1
"Syracuse, LLC",10621,1,102.7,102.7,100.0,CC_REGULAR,eia_digits_cc,2024-09-27,2024-12-05,69.4,0,1
"Syracuse, LLC",10621,1,102.7,102.7,100.0,CC_REGULAR,eia_digits_cc,2024-12-06,2024-12-22,15.6,0,1
"Syracuse, LLC",10621,1,102.7,102.7,100.0,CC_REGULAR,eia_digits_cc,2024-12-22,2024-12-31,9.8,0,1
"Syracuse, LLC",10621,1,102.7,102.7,100.0,CC_REGULAR,eia_digits_cc,2025-01-01,2025-01-30,29.0,0,1
"Syracuse, LLC",10621,1,102.7,102.7,100.0,CC_REGULAR,eia_digits_cc,2025-02-10,2025-06-10,119.2,0,1
"Syracuse, LLC",10621,1,102.7,102.7,100.0,CC_REGULAR,eia_digits_cc,2025-06-10,2025-06-23,12.5,0,1
"Syracuse, LLC",10621,1,102.7,102.7,100.0,CC_REGULAR,eia_digits_cc,2025-06-26,2025-07-01,5.4,0,1
"Syracuse, LLC",10621,1,102.7,102.7,100.0,CC_REGULAR,eia_digits_cc,2025-07-01,2025-07-07,5.5,0,1
"Syracuse, LLC",10621,1,102.7,102.7,100.0,CC_REGULAR,eia_digits_cc,2025-07-18,2025-07-24,5.8,0,1
"Syracuse, LLC",10621,1,102.7,102.7,100.0,CC_REGULAR,eia_digits_cc,2025-07-31,2025-08-11,11.3,0,1
"Syracuse, LLC",10621,1,102.7,102.7,100.0,CC_REGULAR,eia_digits_cc,2025-08-15,2025-09-16,32.2,0,1
"Syracuse, LLC",10621,1,102.7,102.7,100.0,CC_REGULAR,eia_digits_cc,2025-09-16,2025-09-23,6.6,0,1
"Syracuse, LLC",10621,1,102.7,102.7,100.0,CC_REGULAR,eia_digits_cc,2025-09-24,2025-12-08,74.2,0,1
"Syracuse, LLC",10621,1,102.7,102.7,100.0,CC_REGULAR,eia_digits_cc,2025-12-08,2025-12-18,10.0,0,1
"Syracuse, LLC",10621,1,102.7,102.7,100.0,CC_REGULAR,eia_digits_cc,2025-12-18,2025-12-31,13.4,0,1
"Syracuse, LLC",10621,1,102.7,102.7,100.0,CC_REGULAR,eia_digits_cc,2026-01-01,2026-01-07,6.4,0,1
"Syracuse, LLC",10621,1,102.7,102.7,100.0,CC_REGULAR,eia_digits_cc,2026-01-07,2026-02-08,31.4,0,1
"Syracuse, LLC",10621,1,102.7,102.7,100.0,CC_REGULAR,eia_digits_cc,2026-02-08,2026-02-19,10.7,0,1
"Syracuse, LLC",10621,1,102.7,102.7,100.0,CC_REGULAR,eia_digits_cc,2026-02-19,2026-03-31,40.1,0,1
Selkirk Cogen Partners,10725,CTG101,143.0,447.0,32.0,CC_CHP,observed_peak,2019-01-01,2019-03-06,64.5,2,3
Selkirk Cogen Partners,10725,CTG101,143.0,447.0,32.0,CC_CHP,observed_peak,2019-03-06,2019-03-19,12.7,2,3
Selkirk Cogen Partners,10725,CTG101,143.0,447.0,32.0,CC_CHP,observed_peak,2019-03-20,2019-05-14,55.3,2,3
Selkirk Cogen Partners,10725,CTG101,143.0,447.0,32.0,CC_CHP,observed_peak,2019-05-14,2019-06-07,23.8,2,3
Selkirk Cogen Partners,10725,CTG101,143.0,447.0,32.0,CC_CHP,observed_peak,2019-06-07,2019-07-12,34.8,2,3
Selkirk Cogen Partners,10725,CTG101,143.0,447.0,32.0,CC_CHP,observed_peak,2019-07-22,2019-07-30,7.4,2,3
Selkirk Cogen Partners,10725,CTG101,143.0,447.0,32.0,CC_CHP,observed_peak,2019-07-30,2019-08-19,19.5,2,3
Selkirk Cogen Partners,10725,CTG101,143.0,447.0,32.0,CC_CHP,observed_peak,2019-08-21,2019-10-02,41.7,2,3
Selkirk Cogen Partners,10725,CTG101,143.0,447.0,32.0,CC_CHP,observed_peak,2019-10-02,2019-12-31,90.1,2,3
Selkirk Cogen Partners,10725,CTG101,142.0,430.0,33.0,CC_CHP,observed_peak,2020-01-01,2020-02-12,42.6,2,3
Selkirk Cogen Partners,10725,CTG101,142.0,430.0,33.0,CC_CHP,observed_peak,2020-02-12,2020-06-22,130.4,2,3
Selkirk Cogen Partners,10725,CTG101,142.0,430.0,33.0,CC_CHP,observed_peak,2020-06-24,2020-07-08,13.5,2,3
Selkirk Cogen Partners,10725,CTG101,142.0,430.0,33.0,CC_CHP,observed_peak,2020-07-10,2020-07-19,8.5,2,3
Selkirk Cogen Partners,10725,CTG101,142.0,430.0,33.0,CC_CHP,observed_peak,2020-07-30,2020-08-10,10.5,2,3
Selkirk Cogen Partners,10725,CTG101,142.0,430.0,33.0,CC_CHP,observed_peak,2020-08-13,2020-08-25,11.5,2,3
Selkirk Cogen Partners,10725,CTG101,142.0,430.0,33.0,CC_CHP,observed_peak,2020-08-25,2020-09-08,13.3,2,3
Selkirk Cogen Partners,10725,CTG101,142.0,430.0,33.0,CC_CHP,observed_peak,2020-09-08,2020-10-14,35.8,2,3
Selkirk Cogen Partners,10725,CTG101,142.0,430.0,33.0,CC_CHP,observed_peak,2020-10-14,2020-11-12,28.6,2,3
Selkirk Cogen Partners,10725,CTG101,142.0,430.0,33.0,CC_CHP,observed_peak,2020-11-12,2020-11-19,6.3,2,3
Selkirk Cogen Partners,10725,CTG101,142.0,430.0,33.0,CC_CHP,observed_peak,2020-11-19,2020-12-18,28.3,2,3
Selkirk Cogen Partners,10725,CTG101,142.0,430.0,33.0,CC_CHP,observed_peak,2020-12-18,2020-12-31,13.1,2,3
Selkirk Cogen Partners,10725,CTG101,141.0,439.0,32.1,CC_CHP,observed_peak,2021-06-30,2021-07-15,14.5,2,3
Selkirk Cogen Partners,10725,CTG101,135.0,427.0,31.6,CC_CHP,observed_peak,2022-01-01,2022-03-10,68.6,2,3
Selkirk Cogen Partners,10725,CTG101,135.0,427.0,31.6,CC_CHP,observed_peak,2022-03-12,2022-03-17,5.2,2,3
Selkirk Cogen Partners,10725,CTG101,135.0,427.0,31.6,CC_CHP,observed_peak,2022-03-17,2022-04-05,18.3,2,3
Selkirk Cogen Partners,10725,CTG101,135.0,427.0,31.6,CC_CHP,observed_peak,2022-04-11,2022-05-21,39.5,2,3
Selkirk Cogen Partners,10725,CTG101,135.0,427.0,31.6,CC_CHP,observed_peak,2022-05-23,2022-06-01,9.4,2,3
Selkirk Cogen Partners,10725,CTG101,135.0,427.0,31.6,CC_CHP,observed_peak,2022-06-01,2022-07-18,47.0,2,3
Selkirk Cogen Partners,10725,CTG101,135.0,427.0,31.6,CC_CHP,observed_peak,2022-08-10,2022-08-25,15.5,2,3
Selkirk Cogen Partners,10725,CTG101,135.0,427.0,31.6,CC_CHP,observed_peak,2022-08-26,2022-09-06,11.2,2,3
Selkirk Cogen Partners,10725,CTG101,135.0,427.0,31.6,CC_CHP,observed_peak,2022-09-06,2022-09-22,15.7,2,3
Selkirk Cogen Partners,10725,CTG101,135.0,427.0,31.6,CC_CHP,observed_peak,2022-09-22,2022-10-11,18.7,2,3
Selkirk Cogen Partners,10725,CTG101,135.0,427.0,31.6,CC_CHP,observed_peak,2022-10-11,2022-11-16,35.3,2,3
Selkirk Cogen Partners,10725,CTG101,135.0,427.0,31.6,CC_CHP,observed_peak,2022-11-22,2022-12-31,40.0,2,3
Selkirk Cogen Partners,10725,CTG101,143.0,430.0,33.3,CC_CHP,observed_peak,2023-01-01,2023-02-21,51.6,2,3
Selkirk Cogen Partners,10725,CTG101,143.0,430.0,33.3,CC_CHP,observed_peak,2023-02-23,2023-02-28,5.2,2,3
Selkirk Cogen Partners,10725,CTG101,143.0,430.0,33.3,CC_CHP,observed_peak,2023-03-13,2023-07-06,114.6,2,3
Selkirk Cogen Partners,10725,CTG101,143.0,430.0,33.3,CC_CHP,observed_peak,2023-07-06,2023-07-17,10.5,2,3
Selkirk Cogen Partners,10725,CTG101,143.0,430.0,33.3,CC_CHP,observed_peak,2023-07-17,2023-07-27,9.5,2,3
Selkirk Cogen Partners,10725,CTG101,143.0,430.0,33.3,CC_CHP,observed_peak,2023-07-29,2023-08-24,25.4,2,3
Selkirk Cogen Partners,10725,CTG101,143.0,430.0,33.3,CC_CHP,observed_peak,2023-08-24,2023-09-05,11.6,2,3
Selkirk Cogen Partners,10725,CTG101,143.0,430.0,33.3,CC_CHP,observed_peak,2023-09-08,2023-10-04,25.5,2,3
Selkirk Cogen Partners,10725,CTG101,143.0,430.0,33.3,CC_CHP,observed_peak,2023-10-04,2023-10-24,19.2,2,3
Selkirk Cogen Partners,10725,CTG101,143.0,430.0,33.3,CC_CHP,observed_peak,2023-10-24,2023-12-31,68.8,2,3
Selkirk Cogen Partners,10725,CTG101,133.0,406.0,32.8,CC_CHP,observed_peak,2024-01-01,2024-03-13,72.6,2,3
Selkirk Cogen Partners,10725,CTG101,133.0,406.0,32.8,CC_CHP,observed_peak,2024-03-14,2024-06-18,96.3,2,3
Selkirk Cogen Partners,10725,CTG101,133.0,406.0,32.8,CC_CHP,observed_peak,2024-06-20,2024-07-08,17.5,2,3
Selkirk Cogen Partners,10725,CTG101,133.0,406.0,32.8,CC_CHP,observed_peak,2024-07-17,2024-08-01,14.5,2,3
Selkirk Cogen Partners,10725,CTG101,133.0,406.0,32.8,CC_CHP,observed_peak,2024-08-05,2024-09-17,42.6,2,3
Selkirk Cogen Partners,10725,CTG101,133.0,406.0,32.8,CC_CHP,observed_peak,2024-09-17,2024-12-31,105.1,2,3
Selkirk Cogen Partners,10725,CTG101,142.0,429.0,33.1,CC_CHP,observed_peak,2025-01-01,2025-03-12,70.6,2,3
Selkirk Cogen Partners,10725,CTG101,142.0,429.0,33.1,CC_CHP,observed_peak,2025-03-13,2025-04-30,48.5,2,3
Selkirk Cogen Partners,10725,CTG101,142.0,429.0,33.1,CC_CHP,observed_peak,2025-04-30,2025-06-19,49.8,2,3
Selkirk Cogen Partners,10725,CTG101,142.0,429.0,33.1,CC_CHP,observed_peak,2025-08-17,2025-09-16,29.6,2,3
Selkirk Cogen Partners,10725,CTG101,142.0,429.0,33.1,CC_CHP,observed_peak,2025-10-08,2025-10-13,5.3,2,3
Selkirk Cogen Partners,10725,CTG101,142.0,429.0,33.1,CC_CHP,observed_peak,2025-10-14,2025-12-31,78.1,2,3
Selkirk Cogen Partners,10725,CTG201,153.0,447.0,34.2,CC_CHP,observed_peak,2019-01-01,2019-03-06,64.1,2,3
Selkirk Cogen Partners,10725,CTG201,153.0,447.0,34.2,CC_CHP,observed_peak,2019-03-07,2019-03-19,12.3,2,3
Selkirk Cogen Partners,10725,CTG201,153.0,447.0,34.2,CC_CHP,observed_peak,2019-03-20,2019-04-09,20.0,2,3
Selkirk Cogen Partners,10725,CTG201,153.0,447.0,34.2,CC_CHP,observed_peak,2019-04-10,2019-06-27,77.4,2,3
Selkirk Cogen Partners,10725,CTG201,153.0,447.0,34.2,CC_CHP,observed_peak,2019-06-28,2019-07-03,5.3,2,3
Selkirk Cogen Partners,10725,CTG201,153.0,447.0,34.2,CC_CHP,observed_peak,2019-07-04,2019-07-10,6.1,2,3
Selkirk Cogen Partners,10725,CTG201,153.0,447.0,34.2,CC_CHP,observed_peak,2019-07-23,2019-07-29,6.2,2,3
Selkirk Cogen Partners,10725,CTG201,153.0,447.0,34.2,CC_CHP,observed_peak,2019-08-09,2019-08-18,8.3,2,3
Selkirk Cogen Partners,10725,CTG201,153.0,447.0,34.2,CC_CHP,observed_peak,2019-08-21,2019-09-04,13.3,2,3
Selkirk Cogen Partners,10725,CTG201,153.0,447.0,34.2,CC_CHP,observed_peak,2019-09-04,2019-09-11,6.4,2,3
Selkirk Cogen Partners,10725,CTG201,153.0,447.0,34.2,CC_CHP,observed_peak,2019-09-12,2019-10-02,19.5,2,3
Selkirk Cogen Partners,10725,CTG201,153.0,447.0,34.2,CC_CHP,observed_peak,2019-10-02,2019-12-18,77.0,2,3
Selkirk Cogen Partners,10725,CTG201,153.0,447.0,34.2,CC_CHP,observed_peak,2019-12-20,2019-12-31,12.0,2,3
Selkirk Cogen Partners,10725,CTG201,144.0,430.0,33.5,CC_CHP,observed_peak,2020-01-01,2020-02-12,42.5,2,3
Selkirk Cogen Partners,10725,CTG201,144.0,430.0,33.5,CC_CHP,observed_peak,2020-02-13,2020-06-10,118.3,2,3
Selkirk Cogen Partners,10725,CTG201,144.0,430.0,33.5,CC_CHP,observed_peak,2020-06-10,2020-06-22,11.3,2,3
Selkirk Cogen Partners,10725,CTG201,144.0,430.0,33.5,CC_CHP,observed_peak,2020-06-25,2020-07-02,6.4,2,3
Selkirk Cogen Partners,10725,CTG201,144.0,430.0,33.5,CC_CHP,observed_peak,2020-07-30,2020-08-10,10.3,2,3
Selkirk Cogen Partners,10725,CTG201,144.0,430.0,33.5,CC_CHP,observed_peak,2020-08-14,2020-08-24,9.4,2,3
Selkirk Cogen Partners,10725,CTG201,144.0,430.0,33.5,CC_CHP,observed_peak,2020-08-28,2020-10-14,46.5,2,3
Selkirk Cogen Partners,10725,CTG201,144.0,430.0,33.5,CC_CHP,observed_peak,2020-10-15,2020-11-12,28.5,2,3
Selkirk Cogen Partners,10725,CTG201,144.0,430.0,33.5,CC_CHP,observed_peak,2020-11-13,2020-11-19,6.1,2,3
Selkirk Cogen Partners,10725,CTG201,144.0,430.0,33.5,CC_CHP,observed_peak,2020-11-20,2020-12-17,27.1,2,3
Selkirk Cogen Partners,10725,CTG201,144.0,430.0,33.5,CC_CHP,observed_peak,2020-12-19,2020-12-31,12.9,2,3
Selkirk Cogen Partners,10725,CTG201,148.0,439.0,33.7,CC_CHP,observed_peak,2021-01-01,2021-02-03,33.1,2,3
Selkirk Cogen Partners,10725,CTG201,148.0,439.0,33.7,CC_CHP,observed_peak,2021-02-04,2021-03-16,40.4,2,3
Selkirk Cogen Partners,10725,CTG201,148.0,439.0,33.7,CC_CHP,observed_peak,2021-03-16,2021-06-07,82.3,2,3
Selkirk Cogen Partners,10725,CTG201,148.0,439.0,33.7,CC_CHP,observed_peak,2021-06-10,2021-06-21,10.3,2,3
Selkirk Cogen Partners,10725,CTG201,148.0,439.0,33.7,CC_CHP,observed_peak,2021-06-21,2021-06-28,6.4,2,3
Selkirk Cogen Partners,10725,CTG201,148.0,439.0,33.7,CC_CHP,observed_peak,2021-07-01,2021-07-13,11.4,2,3
Selkirk Cogen Partners,10725,CTG201,148.0,439.0,33.7,CC_CHP,observed_peak,2021-07-21,2021-07-27,6.2,2,3
Selkirk Cogen Partners,10725,CTG201,148.0,439.0,33.7,CC_CHP,observed_peak,2021-07-27,2021-08-10,13.4,2,3
Selkirk Cogen Partners,10725,CTG201,148.0,439.0,33.7,CC_CHP,observed_peak,2021-08-13,2021-08-19,5.4,2,3
Selkirk Cogen Partners,10725,CTG201,148.0,439.0,33.7,CC_CHP,observed_peak,2021-08-27,2021-09-15,18.4,2,3
Selkirk Cogen Partners,10725,CTG201,148.0,439.0,33.7,CC_CHP,observed_peak,2021-09-16,2021-10-19,32.5,2,3
Selkirk Cogen Partners,10725,CTG201,148.0,439.0,33.7,CC_CHP,observed_peak,2021-10-19,2021-11-02,13.2,2,3
Selkirk Cogen Partners,10725,CTG201,148.0,439.0,33.7,CC_CHP,observed_peak,2021-11-10,2021-12-31,52.0,2,3
Selkirk Cogen Partners,10725,CTG201,146.0,427.0,34.2,CC_CHP,observed_peak,2022-01-01,2022-03-08,66.5,2,3
Selkirk Cogen Partners,10725,CTG201,146.0,427.0,34.2,CC_CHP,observed_peak,2022-04-11,2022-05-13,31.8,2,3
Selkirk Cogen Partners,10725,CTG201,146.0,427.0,34.2,CC_CHP,observed_peak,2022-05-26,2022-06-17,21.3,2,3
Selkirk Cogen Partners,10725,CTG201,146.0,427.0,34.2,CC_CHP,observed_peak,2022-06-17,2022-07-01,13.3,2,3
Selkirk Cogen Partners,10725,CTG201,146.0,427.0,34.2,CC_CHP,observed_peak,2022-07-02,2022-07-19,17.3,2,3
Selkirk Cogen Partners,10725,CTG201,146.0,427.0,34.2,CC_CHP,observed_peak,2022-08-11,2022-08-24,12.3,2,3
Selkirk Cogen Partners,10725,CTG201,146.0,427.0,34.2,CC_CHP,observed_peak,2022-08-30,2022-09-12,12.4,2,3
Selkirk Cogen Partners,10725,CTG201,146.0,427.0,34.2,CC_CHP,observed_peak,2022-09-19,2022-10-11,21.5,2,3
Selkirk Cogen Partners,10725,CTG201,146.0,427.0,34.2,CC_CHP,observed_peak,2022-10-11,2022-11-16,35.2,2,3
Selkirk Cogen Partners,10725,CTG201,146.0,427.0,34.2,CC_CHP,observed_peak,2022-11-23,2022-12-15,21.9,2,3
Selkirk Cogen Partners,10725,CTG201,146.0,427.0,34.2,CC_CHP,observed_peak,2022-12-16,2022-12-31,16.0,2,3
Selkirk Cogen Partners,10725,CTG201,145.0,430.0,33.7,CC_CHP,observed_peak,2023-01-01,2023-02-21,51.3,2,3
Selkirk Cogen Partners,10725,CTG201,145.0,430.0,33.7,CC_CHP,observed_peak,2023-02-23,2023-03-14,19.0,2,3
Selkirk Cogen Partners,10725,CTG201,145.0,430.0,33.7,CC_CHP,observed_peak,2023-03-14,2023-05-12,58.5,2,3
Selkirk Cogen Partners,10725,CTG201,145.0,430.0,33.7,CC_CHP,observed_peak,2023-05-13,2023-06-02,20.3,2,3
Selkirk Cogen Partners,10725,CTG201,145.0,430.0,33.7,CC_CHP,observed_peak,2023-06-02,2023-06-26,23.5,2,3
Selkirk Cogen Partners,10725,CTG201,145.0,430.0,33.7,CC_CHP,observed_peak,2023-06-27,2023-07-03,6.5,2,3
Selkirk Cogen Partners,10725,CTG201,145.0,430.0,33.7,CC_CHP,observed_peak,2023-07-18,2023-07-25,6.4,2,3
Selkirk Cogen Partners,10725,CTG201,145.0,430.0,33.7,CC_CHP,observed_peak,2023-07-29,2023-08-21,22.4,2,3
Selkirk Cogen Partners,10725,CTG201,145.0,430.0,33.7,CC_CHP,observed_peak,2023-08-23,2023-09-05,12.4,2,3
Selkirk Cogen Partners,10725,CTG201,145.0,430.0,33.7,CC_CHP,observed_peak,2023-09-08,2023-10-03,24.4,2,3
Selkirk Cogen Partners,10725,CTG201,145.0,430.0,33.7,CC_CHP,observed_peak,2023-10-05,2023-10-25,20.1,2,3
Selkirk Cogen Partners,10725,CTG201,145.0,430.0,33.7,CC_CHP,observed_peak,2023-10-27,2023-12-31,65.0,2,3
Selkirk Cogen Partners,10725,CTG201,137.0,406.0,33.7,CC_CHP,observed_peak,2024-01-01,2024-03-13,72.4,2,3
Selkirk Cogen Partners,10725,CTG201,137.0,406.0,33.7,CC_CHP,observed_peak,2024-03-14,2024-04-23,40.5,2,3
Selkirk Cogen Partners,10725,CTG201,137.0,406.0,33.7,CC_CHP,observed_peak,2024-04-23,2024-06-18,55.7,2,3
Selkirk Cogen Partners,10725,CTG201,137.0,406.0,33.7,CC_CHP,observed_peak,2024-06-26,2024-07-05,9.3,2,3
Selkirk Cogen Partners,10725,CTG201,137.0,406.0,33.7,CC_CHP,observed_peak,2024-07-17,2024-08-01,14.3,2,3
Selkirk Cogen Partners,10725,CTG201,137.0,406.0,33.7,CC_CHP,observed_peak,2024-08-06,2024-09-17,42.3,2,3
Selkirk Cogen Partners,10725,CTG201,137.0,406.0,33.7,CC_CHP,observed_peak,2024-09-18,2024-11-19,62.3,2,3
Selkirk Cogen Partners,10725,CTG201,137.0,406.0,33.7,CC_CHP,observed_peak,2024-11-19,2024-12-31,42.5,2,3
Selkirk Cogen Partners,10725,CTG201,145.0,429.0,33.8,CC_CHP,observed_peak,2025-01-01,2025-03-12,70.4,2,3
Selkirk Cogen Partners,10725,CTG201,145.0,429.0,33.8,CC_CHP,observed_peak,2025-03-13,2025-06-04,83.5,2,3
Selkirk Cogen Partners,10725,CTG201,145.0,429.0,33.8,CC_CHP,observed_peak,2025-06-06,2025-06-19,13.3,2,3
Selkirk Cogen Partners,10725,CTG201,145.0,429.0,33.8,CC_CHP,observed_peak,2025-08-18,2025-09-15,28.3,2,3
Selkirk Cogen Partners,10725,CTG201,145.0,429.0,33.8,CC_CHP,observed_peak,2025-10-15,2025-10-22,7.5,2,3
Selkirk Cogen Partners,10725,CTG201,145.0,429.0,33.8,CC_CHP,observed_peak,2025-10-23,2025-12-31,70.0,2,3
Selkirk Cogen Partners,10725,CTG201,139.0,276.0,50.4,CC_CHP,observed_peak,2026-01-01,2026-01-25,24.0,1,3
Selkirk Cogen Partners,10725,CTG201,139.0,276.0,50.4,CC_CHP,observed_peak,2026-01-29,2026-02-08,10.3,1,3
Selkirk Cogen Partners,10725,CTG201,139.0,276.0,50.4,CC_CHP,observed_peak,2026-02-10,2026-03-31,49.9,1,3
Selkirk Cogen Partners,10725,CTG301,151.0,447.0,33.8,CC_CHP,observed_peak,2019-01-01,2019-03-07,65.4,2,3
Selkirk Cogen Partners,10725,CTG301,151.0,447.0,33.8,CC_CHP,observed_peak,2019-03-07,2019-03-19,12.0,2,3
Selkirk Cogen Partners,10725,CTG301,151.0,447.0,33.8,CC_CHP,observed_peak,2019-03-20,2019-04-09,20.1,2,3
Selkirk Cogen Partners,10725,CTG301,151.0,447.0,33.8,CC_CHP,observed_peak,2019-04-10,2019-06-27,77.4,2,3
Selkirk Cogen Partners,10725,CTG301,151.0,447.0,33.8,CC_CHP,observed_peak,2019-06-28,2019-07-03,5.4,2,3
Selkirk Cogen Partners,10725,CTG301,151.0,447.0,33.8,CC_CHP,observed_peak,2019-07-04,2019-07-09,5.2,2,3
Selkirk Cogen Partners,10725,CTG301,151.0,447.0,33.8,CC_CHP,observed_peak,2019-07-22,2019-07-29,6.3,2,3
Selkirk Cogen Partners,10725,CTG301,151.0,447.0,33.8,CC_CHP,observed_peak,2019-08-09,2019-08-18,8.4,2,3
Selkirk Cogen Partners,10725,CTG301,151.0,447.0,33.8,CC_CHP,observed_peak,2019-08-21,2019-09-04,13.4,2,3
Selkirk Cogen Partners,10725,CTG301,151.0,447.0,33.8,CC_CHP,observed_peak,2019-09-04,2019-09-11,6.5,2,3
Selkirk Cogen Partners,10725,CTG301,151.0,447.0,33.8,CC_CHP,observed_peak,2019-09-12,2019-10-02,19.6,2,3
Selkirk Cogen Partners,10725,CTG301,151.0,447.0,33.8,CC_CHP,observed_peak,2019-10-02,2019-12-18,77.1,2,3
Selkirk Cogen Partners,10725,CTG301,151.0,447.0,33.8,CC_CHP,observed_peak,2019-12-20,2019-12-31,12.0,2,3
Selkirk Cogen Partners,10725,CTG301,144.0,430.0,33.5,CC_CHP,observed_peak,2020-01-01,2020-02-12,42.5,2,3
Selkirk Cogen Partners,10725,CTG301,144.0,430.0,33.5,CC_CHP,observed_peak,2020-02-13,2020-06-10,118.3,2,3
Selkirk Cogen Partners,10725,CTG301,144.0,430.0,33.5,CC_CHP,observed_peak,2020-06-10,2020-06-22,11.3,2,3
Selkirk Cogen Partners,10725,CTG301,144.0,430.0,33.5,CC_CHP,observed_peak,2020-06-25,2020-07-02,6.5,2,3
Selkirk Cogen Partners,10725,CTG301,144.0,430.0,33.5,CC_CHP,observed_peak,2020-07-30,2020-08-10,10.4,2,3
Selkirk Cogen Partners,10725,CTG301,144.0,430.0,33.5,CC_CHP,observed_peak,2020-08-14,2020-08-24,9.5,2,3
Selkirk Cogen Partners,10725,CTG301,144.0,430.0,33.5,CC_CHP,observed_peak,2020-08-28,2020-10-14,46.6,2,3
Selkirk Cogen Partners,10725,CTG301,144.0,430.0,33.5,CC_CHP,observed_peak,2020-10-14,2020-11-12,28.5,2,3
Selkirk Cogen Partners,10725,CTG301,144.0,430.0,33.5,CC_CHP,observed_peak,2020-11-12,2020-11-19,6.2,2,3
Selkirk Cogen Partners,10725,CTG301,144.0,430.0,33.5,CC_CHP,observed_peak,2020-11-20,2020-12-17,27.1,2,3
Selkirk Cogen Partners,10725,CTG301,144.0,430.0,33.5,CC_CHP,observed_peak,2020-12-19,2020-12-31,13.0,2,3
Selkirk Cogen Partners,10725,CTG301,150.0,439.0,34.2,CC_CHP,observed_peak,2021-01-01,2021-02-03,33.1,2,3
Selkirk Cogen Partners,10725,CTG301,150.0,439.0,34.2,CC_CHP,observed_peak,2021-02-04,2021-03-16,40.5,2,3
Selkirk Cogen Partners,10725,CTG301,150.0,439.0,34.2,CC_CHP,observed_peak,2021-03-16,2021-06-07,82.4,2,3
Selkirk Cogen Partners,10725,CTG301,150.0,439.0,34.2,CC_CHP,observed_peak,2021-06-10,2021-06-21,10.4,2,3
Selkirk Cogen Partners,10725,CTG301,150.0,439.0,34.2,CC_CHP,observed_peak,2021-06-21,2021-06-28,6.5,2,3
Selkirk Cogen Partners,10725,CTG301,150.0,439.0,34.2,CC_CHP,observed_peak,2021-07-01,2021-07-13,11.4,2,3
Selkirk Cogen Partners,10725,CTG301,150.0,439.0,34.2,CC_CHP,observed_peak,2021-07-21,2021-07-27,6.3,2,3
Selkirk Cogen Partners,10725,CTG301,150.0,439.0,34.2,CC_CHP,observed_peak,2021-07-27,2021-08-10,13.5,2,3
Selkirk Cogen Partners,10725,CTG301,150.0,439.0,34.2,CC_CHP,observed_peak,2021-08-13,2021-08-19,5.5,2,3
Selkirk Cogen Partners,10725,CTG301,150.0,439.0,34.2,CC_CHP,observed_peak,2021-08-27,2021-09-15,18.5,2,3
Selkirk Cogen Partners,10725,CTG301,150.0,439.0,34.2,CC_CHP,observed_peak,2021-09-16,2021-10-19,32.6,2,3
Selkirk Cogen Partners,10725,CTG301,150.0,439.0,34.2,CC_CHP,observed_peak,2021-10-19,2021-11-02,13.2,2,3
Selkirk Cogen Partners,10725,CTG301,150.0,439.0,34.2,CC_CHP,observed_peak,2021-11-09,2021-12-31,52.0,2,3
Selkirk Cogen Partners,10725,CTG301,146.0,427.0,34.2,CC_CHP,observed_peak,2022-01-01,2022-03-08,66.6,2,3
Selkirk Cogen Partners,10725,CTG301,146.0,427.0,34.2,CC_CHP,observed_peak,2022-04-11,2022-05-13,31.8,2,3
Selkirk Cogen Partners,10725,CTG301,146.0,427.0,34.2,CC_CHP,observed_peak,2022-05-26,2022-06-02,6.5,2,3
Selkirk Cogen Partners,10725,CTG301,146.0,427.0,34.2,CC_CHP,observed_peak,2022-06-02,2022-06-17,14.8,2,3
Selkirk Cogen Partners,10725,CTG301,146.0,427.0,34.2,CC_CHP,observed_peak,2022-06-17,2022-07-01,13.4,2,3
Selkirk Cogen Partners,10725,CTG301,146.0,427.0,34.2,CC_CHP,observed_peak,2022-07-02,2022-07-19,17.4,2,3
Selkirk Cogen Partners,10725,CTG301,146.0,427.0,34.2,CC_CHP,observed_peak,2022-08-11,2022-08-24,12.4,2,3
Selkirk Cogen Partners,10725,CTG301,146.0,427.0,34.2,CC_CHP,observed_peak,2022-08-30,2022-09-12,12.5,2,3
Selkirk Cogen Partners,10725,CTG301,146.0,427.0,34.2,CC_CHP,observed_peak,2022-09-19,2022-10-11,21.6,2,3
Selkirk Cogen Partners,10725,CTG301,146.0,427.0,34.2,CC_CHP,observed_peak,2022-10-11,2022-11-10,29.6,2,3
Selkirk Cogen Partners,10725,CTG301,146.0,427.0,34.2,CC_CHP,observed_peak,2022-11-10,2022-11-16,5.4,2,3
Selkirk Cogen Partners,10725,CTG301,146.0,427.0,34.2,CC_CHP,observed_peak,2022-11-23,2022-12-15,22.0,2,3
Selkirk Cogen Partners,10725,CTG301,146.0,427.0,34.2,CC_CHP,observed_peak,2022-12-15,2022-12-31,16.0,2,3
Selkirk Cogen Partners,10725,CTG301,142.0,430.0,33.0,CC_CHP,observed_peak,2023-01-01,2023-02-21,51.4,2,3
Selkirk Cogen Partners,10725,CTG301,142.0,430.0,33.0,CC_CHP,observed_peak,2023-02-23,2023-03-14,19.1,2,3
Selkirk Cogen Partners,10725,CTG301,142.0,430.0,33.0,CC_CHP,observed_peak,2023-03-14,2023-05-12,58.5,2,3
Selkirk Cogen Partners,10725,CTG301,142.0,430.0,33.0,CC_CHP,observed_peak,2023-05-12,2023-06-02,20.4,2,3
Selkirk Cogen Partners,10725,CTG301,142.0,430.0,33.0,CC_CHP,observed_peak,2023-06-02,2023-06-26,23.6,2,3
Selkirk Cogen Partners,10725,CTG301,142.0,430.0,33.0,CC_CHP,observed_peak,2023-06-27,2023-07-03,6.6,2,3
Selkirk Cogen Partners,10725,CTG301,142.0,430.0,33.0,CC_CHP,observed_peak,2023-07-18,2023-07-25,6.5,2,3
Selkirk Cogen Partners,10725,CTG301,142.0,430.0,33.0,CC_CHP,observed_peak,2023-07-29,2023-08-21,22.5,2,3
Selkirk Cogen Partners,10725,CTG301,142.0,430.0,33.0,CC_CHP,observed_peak,2023-08-23,2023-09-05,12.5,2,3
Selkirk Cogen Partners,10725,CTG301,142.0,430.0,33.0,CC_CHP,observed_peak,2023-09-08,2023-09-14,5.4,2,3
Selkirk Cogen Partners,10725,CTG301,142.0,430.0,33.0,CC_CHP,observed_peak,2023-09-14,2023-10-03,18.9,2,3
Selkirk Cogen Partners,10725,CTG301,142.0,430.0,33.0,CC_CHP,observed_peak,2023-10-04,2023-10-25,20.2,2,3
Selkirk Cogen Partners,10725,CTG301,142.0,430.0,33.0,CC_CHP,observed_peak,2023-10-27,2023-12-31,65.1,2,3
Selkirk Cogen Partners,10725,CTG301,136.0,406.0,33.5,CC_CHP,observed_peak,2024-01-01,2024-03-13,72.5,2,3
Selkirk Cogen Partners,10725,CTG301,136.0,406.0,33.5,CC_CHP,observed_peak,2024-03-14,2024-06-18,96.5,2,3
Selkirk Cogen Partners,10725,CTG301,136.0,406.0,33.5,CC_CHP,observed_peak,2024-06-25,2024-07-05,9.5,2,3
Selkirk Cogen Partners,10725,CTG301,136.0,406.0,33.5,CC_CHP,observed_peak,2024-07-17,2024-08-01,14.4,2,3
Selkirk Cogen Partners,10725,CTG301,136.0,406.0,33.5,CC_CHP,observed_peak,2024-08-05,2024-09-17,42.4,2,3
Selkirk Cogen Partners,10725,CTG301,136.0,406.0,33.5,CC_CHP,observed_peak,2024-09-17,2024-12-31,105.0,2,3
Selkirk Cogen Partners,10725,CTG301,142.0,429.0,33.1,CC_CHP,observed_peak,2025-01-01,2025-03-12,70.5,2,3
Selkirk Cogen Partners,10725,CTG301,142.0,429.0,33.1,CC_CHP,observed_peak,2025-03-13,2025-06-04,83.5,2,3
Selkirk Cogen Partners,10725,CTG301,142.0,429.0,33.1,CC_CHP,observed_peak,2025-06-06,2025-06-19,13.4,2,3
Selkirk Cogen Partners,10725,CTG301,142.0,429.0,33.1,CC_CHP,observed_peak,2025-07-01,2025-07-07,6.0,2,3
Selkirk Cogen Partners,10725,CTG301,142.0,429.0,33.1,CC_CHP,observed_peak,2025-08-18,2025-09-15,28.4,2,3
Selkirk Cogen Partners,10725,CTG301,142.0,429.0,33.1,CC_CHP,observed_peak,2025-10-15,2025-10-22,7.6,2,3
Selkirk Cogen Partners,10725,CTG301,142.0,429.0,33.1,CC_CHP,observed_peak,2025-10-23,2025-12-31,70.0,2,3
Selkirk Cogen Partners,10725,CTG301,137.0,276.0,49.6,CC_CHP,observed_peak,2026-01-01,2026-01-24,24.0,1,3
Selkirk Cogen Partners,10725,CTG301,137.0,276.0,49.6,CC_CHP,observed_peak,2026-01-30,2026-02-08,9.6,1,3
Selkirk Cogen Partners,10725,CTG301,137.0,276.0,49.6,CC_CHP,observed_peak,2026-02-10,2026-03-31,50.0,1,3
Linden Cogeneration Facility,50006,004001,307.0,1259.0,24.4,CC_CHP,observed_peak,2020-03-29,2020-04-03,5.1,5,6
Linden Cogeneration Facility,50006,004001,307.0,1259.0,24.4,CC_CHP,observed_peak,2020-09-27,2020-10-25,28.4,5,6
Linden Cogeneration Facility,50006,004001,307.0,1259.0,24.4,CC_CHP,observed_peak,2020-10-27,2020-11-06,9.7,5,6
Linden Cogeneration Facility,50006,004001,292.0,1262.0,23.1,CC_CHP,observed_peak,2021-03-28,2021-04-02,5.2,5,6
Linden Cogeneration Facility,50006,004001,292.0,1262.0,23.1,CC_CHP,observed_peak,2021-09-12,2021-09-17,5.2,5,6
Linden Cogeneration Facility,50006,004001,312.0,1271.0,24.5,CC_CHP,observed_peak,2022-06-12,2022-06-19,7.3,5,6
Linden Cogeneration Facility,50006,004001,312.0,1271.0,24.5,CC_CHP,observed_peak,2022-09-29,2022-11-29,61.5,5,6
Linden Cogeneration Facility,50006,004001,310.0,1275.0,24.3,CC_CHP,observed_peak,2023-03-15,2023-03-25,10.5,5,6
Linden Cogeneration Facility,50006,004001,310.0,1275.0,24.3,CC_CHP,observed_peak,2023-11-12,2023-11-25,13.0,5,6
Linden Cogeneration Facility,50006,004001,330.0,1272.0,25.9,CC_CHP,observed_peak,2024-04-21,2024-05-06,15.4,5,6
Linden Cogeneration Facility,50006,004001,330.0,1272.0,25.9,CC_CHP,observed_peak,2024-10-05,2024-10-12,7.0,5,6
Linden Cogeneration Facility,50006,004001,296.0,1240.0,23.9,CC_CHP,observed_peak,2025-05-14,2025-06-06,23.1,5,6
Linden Cogeneration Facility,50006,004001,296.0,1240.0,23.9,CC_CHP,observed_peak,2025-11-30,2025-12-16,16.2,5,6
Linden Cogeneration Facility,50006,004001,288.0,1242.0,23.2,CC_CHP,observed_peak,2026-03-15,2026-03-27,12.7,5,6
Linden Cogeneration Facility,50006,005001,191.0,1267.0,15.1,CC_CHP,observed_peak,2019-03-17,2019-04-20,33.8,5,6
Linden Cogeneration Facility,50006,005001,189.0,1259.0,15.0,CC_CHP,observed_peak,2020-04-18,2020-04-25,7.0,5,6
Linden Cogeneration Facility,50006,005001,192.0,1262.0,15.2,CC_CHP,observed_peak,2021-04-25,2021-05-25,30.5,5,6
Linden Cogeneration Facility,50006,005001,192.0,1271.0,15.1,CC_CHP,observed_peak,2022-04-16,2022-05-12,25.8,5,6
Linden Cogeneration Facility,50006,005001,193.0,1275.0,15.1,CC_CHP,observed_peak,2023-04-22,2023-06-17,56.7,5,6
Linden Cogeneration Facility,50006,005001,193.0,1275.0,15.1,CC_CHP,observed_peak,2023-10-29,2023-11-08,10.1,5,6
Linden Cogeneration Facility,50006,005001,190.0,1272.0,14.9,CC_CHP,observed_peak,2024-06-02,2024-06-09,7.1,5,6
Linden Cogeneration Facility,50006,005001,190.0,1272.0,14.9,CC_CHP,observed_peak,2024-11-01,2024-12-16,45.7,5,6
Linden Cogeneration Facility,50006,005001,190.0,1240.0,15.3,CC_CHP,observed_peak,2025-04-08,2025-04-18,10.0,5,6
Linden Cogeneration Facility,50006,005001,190.0,1240.0,15.3,CC_CHP,observed_peak,2025-11-16,2025-11-22,6.7,5,6
Linden Cogeneration Facility,50006,006001,195.0,1267.0,15.4,CC_CHP,observed_peak,2019-04-15,2019-05-06,21.3,5,6
Linden Cogeneration Facility,50006,006001,195.0,1267.0,15.4,CC_CHP,observed_peak,2019-12-14,2019-12-31,16.9,5,6
Linden Cogeneration Facility,50006,006001,194.0,1259.0,15.4,CC_CHP,observed_peak,2020-04-12,2020-04-18,6.4,5,6
Linden Cogeneration Facility,50006,006001,195.0,1262.0,15.5,CC_CHP,observed_peak,2021-04-24,2021-05-01,6.8,5,6
Linden Cogeneration Facility,50006,006001,193.0,1271.0,15.2,CC_CHP,observed_peak,2022-04-17,2022-05-12,25.5,5,6
Linden Cogeneration Facility,50006,006001,193.0,1271.0,15.2,CC_CHP,observed_peak,2022-12-23,2022-12-28,5.2,5,6
Linden Cogeneration Facility,50006,006001,194.0,1275.0,15.2,CC_CHP,observed_peak,2023-03-02,2023-04-23,51.8,5,6
Linden Cogeneration Facility,50006,006001,194.0,1275.0,15.2,CC_CHP,observed_peak,2023-11-03,2023-11-08,5.5,5,6
Linden Cogeneration Facility,50006,006001,191.0,1272.0,15.0,CC_CHP,observed_peak,2024-11-01,2024-12-14,43.8,5,6
Linden Cogeneration Facility,50006,006001,191.0,1240.0,15.4,CC_CHP,observed_peak,2025-05-01,2025-05-08,7.4,5,6
Linden Cogeneration Facility,50006,006001,191.0,1240.0,15.4,CC_CHP,observed_peak,2025-11-05,2025-11-16,11.0,5,6
Linden Cogeneration Facility,50006,006001,192.0,1242.0,15.5,CC_CHP,observed_peak,2026-02-14,2026-02-21,7.8,5,6
Linden Cogeneration Facility,50006,007001,197.0,1267.0,15.5,CC_CHP,observed_peak,2019-04-23,2019-04-29,5.2,5,6
Linden Cogeneration Facility,50006,007001,197.0,1267.0,15.5,CC_CHP,observed_peak,2019-11-02,2019-11-19,17.3,5,6
Linden Cogeneration Facility,50006,007001,188.0,1259.0,14.9,CC_CHP,observed_peak,2020-04-25,2020-05-02,6.8,5,6
Linden Cogeneration Facility,50006,007001,188.0,1259.0,14.9,CC_CHP,observed_peak,2020-10-18,2020-11-25,38.7,5,6
Linden Cogeneration Facility,50006,007001,190.0,1271.0,14.9,CC_CHP,observed_peak,2022-04-08,2022-04-16,7.4,5,6
Linden Cogeneration Facility,50006,007001,190.0,1271.0,14.9,CC_CHP,observed_peak,2022-09-17,2022-11-12,56.8,5,6
Linden Cogeneration Facility,50006,007001,192.0,1275.0,15.1,CC_CHP,observed_peak,2023-10-21,2023-11-02,12.0,5,6
Linden Cogeneration Facility,50006,007001,188.0,1272.0,14.8,CC_CHP,observed_peak,2024-04-06,2024-04-20,14.7,5,6
Linden Cogeneration Facility,50006,007001,188.0,1272.0,14.8,CC_CHP,observed_peak,2024-10-31,2024-11-17,16.8,5,6
Linden Cogeneration Facility,50006,007001,189.0,1240.0,15.2,CC_CHP,observed_peak,2025-10-15,2025-11-29,45.4,5,6
Linden Cogeneration Facility,50006,007001,190.0,1242.0,15.3,CC_CHP,observed_peak,2026-01-10,2026-01-15,5.2,5,6
Linden Cogeneration Facility,50006,007001,190.0,1242.0,15.3,CC_CHP,observed_peak,2026-02-14,2026-02-21,7.7,5,6
Linden Cogeneration Facility,50006,008001,194.0,1267.0,15.3,CC_CHP,observed_peak,2019-09-22,2019-09-29,7.4,5,6
Linden Cogeneration Facility,50006,008001,193.0,1259.0,15.3,CC_CHP,observed_peak,2020-03-13,2020-03-21,7.5,5,6
Linden Cogeneration Facility,50006,008001,195.0,1262.0,15.5,CC_CHP,observed_peak,2021-05-13,2021-05-19,5.7,5,6
Linden Cogeneration Facility,50006,008001,195.0,1262.0,15.5,CC_CHP,observed_peak,2021-10-17,2021-12-31,76.0,5,6
Linden Cogeneration Facility,50006,008001,195.0,1271.0,15.3,CC_CHP,observed_peak,2022-01-01,2022-01-10,9.7,5,6
Linden Cogeneration Facility,50006,008001,195.0,1271.0,15.3,CC_CHP,observed_peak,2022-04-02,2022-04-08,6.2,5,6
Linden Cogeneration Facility,50006,008001,194.0,1275.0,15.2,CC_CHP,observed_peak,2023-05-14,2023-05-23,8.5,5,6
Linden Cogeneration Facility,50006,008001,194.0,1275.0,15.2,CC_CHP,observed_peak,2023-06-12,2023-06-19,6.5,5,6
Linden Cogeneration Facility,50006,008001,194.0,1275.0,15.2,CC_CHP,observed_peak,2023-09-24,2023-10-08,14.3,5,6
Linden Cogeneration Facility,50006,008001,187.0,1272.0,14.7,CC_CHP,observed_peak,2024-04-29,2024-05-23,24.2,5,6
Linden Cogeneration Facility,50006,008001,187.0,1272.0,14.7,CC_CHP,observed_peak,2024-09-13,2024-10-01,17.8,5,6
Linden Cogeneration Facility,50006,008001,190.0,1240.0,15.3,CC_CHP,observed_peak,2025-01-15,2025-01-20,5.8,5,6
Linden Cogeneration Facility,50006,008001,190.0,1240.0,15.3,CC_CHP,observed_peak,2025-01-26,2025-02-01,6.0,5,6
Linden Cogeneration Facility,50006,008001,190.0,1240.0,15.3,CC_CHP,observed_peak,2025-04-18,2025-05-01,12.5,5,6
Linden Cogeneration Facility,50006,008001,190.0,1240.0,15.3,CC_CHP,observed_peak,2025-10-15,2025-11-04,20.8,5,6
Linden Cogeneration Facility,50006,008001,191.0,1242.0,15.4,CC_CHP,observed_peak,2026-03-15,2026-03-20,5.9,5,6
Linden Cogeneration Facility,50006,009001,189.0,1267.0,14.9,CC_CHP,observed_peak,2019-09-22,2019-11-27,66.5,5,6
Linden Cogeneration Facility,50006,009001,188.0,1259.0,14.9,CC_CHP,observed_peak,2020-05-02,2020-05-09,6.6,5,6
Linden Cogeneration Facility,50006,009001,188.0,1259.0,14.9,CC_CHP,observed_peak,2020-12-13,2020-12-31,19.0,5,6
Linden Cogeneration Facility,50006,009001,196.0,1262.0,15.5,CC_CHP,observed_peak,2021-05-01,2021-05-13,11.4,5,6
Linden Cogeneration Facility,50006,009001,189.0,1271.0,14.9,CC_CHP,observed_peak,2022-03-27,2022-04-02,6.4,5,6
Linden Cogeneration Facility,50006,009001,189.0,1271.0,14.9,CC_CHP,observed_peak,2022-11-15,2022-12-03,18.3,5,6
Linden Cogeneration Facility,50006,009001,192.0,1275.0,15.1,CC_CHP,observed_peak,2023-09-24,2023-10-11,17.4,5,6
Linden Cogeneration Facility,50006,009001,186.0,1272.0,14.6,CC_CHP,observed_peak,2024-04-06,2024-04-28,23.0,5,6
Linden Cogeneration Facility,50006,009001,186.0,1272.0,14.6,CC_CHP,observed_peak,2024-09-14,2024-09-30,16.8,5,6
Linden Cogeneration Facility,50006,009001,184.0,1240.0,14.8,CC_CHP,observed_peak,2025-03-30,2025-05-30,61.2,5,6
Linden Cogeneration Facility,50006,009001,184.0,1240.0,14.8,CC_CHP,observed_peak,2025-11-30,2025-12-06,7.0,5,6
Linden Cogeneration Facility,50006,009001,191.0,1242.0,15.4,CC_CHP,observed_peak,2026-03-21,2026-03-31,11.0,5,6
US Gypsum Oakfield,50203,NET0-923,5.8,5.8,100.0,CT_CHP,eia923_netzero,2025-01-01,2025-12-31,365.0,0,1
US Gypsum Oakfield,50203,NET0-923,5.8,5.8,100.0,CT_CHP,eia923_netzero,2026-01-01,2026-12-31,365.0,0,1
Bethpage Energy Center,50292,GT1,47.5,194.2,24.5,CC_REGULAR,eia_digits_cc,2019-03-09,2019-03-28,19.6,3,4
Bethpage Energy Center,50292,GT1,47.5,194.2,24.5,CC_REGULAR,eia_digits_cc,2019-10-03,2019-10-16,12.5,3,4
Bethpage Energy Center,50292,GT1,47.5,194.2,24.5,CC_REGULAR,eia_digits_cc,2020-02-21,2020-02-28,6.7,3,4
Bethpage Energy Center,50292,GT1,47.5,194.2,24.5,CC_REGULAR,eia_digits_cc,2020-03-25,2020-04-26,31.7,3,4
Bethpage Energy Center,50292,GT1,47.5,194.2,24.5,CC_REGULAR,eia_digits_cc,2020-04-26,2020-07-17,81.8,3,4
Bethpage Energy Center,50292,GT1,47.5,194.2,24.5,CC_REGULAR,eia_digits_cc,2020-10-02,2020-10-30,27.5,3,4
Bethpage Energy Center,50292,GT1,47.5,194.2,24.5,CC_REGULAR,eia_digits_cc,2021-04-03,2021-12-31,273.0,3,4
Bethpage Energy Center,50292,GT1,47.5,195.2,24.3,CC_REGULAR,eia_digits_cc,2023-01-01,2023-07-09,189.6,3,4
Bethpage Energy Center,50292,GT1,47.5,195.2,24.3,CC_REGULAR,eia_digits_cc,2023-07-09,2023-07-18,8.8,3,4
Bethpage Energy Center,50292,GT1,47.5,195.2,24.3,CC_REGULAR,eia_digits_cc,2023-10-21,2023-11-02,12.4,3,4
Bethpage Energy Center,50292,GT1,47.5,192.2,24.7,CC_REGULAR,eia_digits_cc,2024-03-02,2024-03-11,9.1,3,4
Bethpage Energy Center,50292,GT1,47.5,192.2,24.7,CC_REGULAR,eia_digits_cc,2024-09-29,2024-12-31,94.0,3,4
Bethpage Energy Center,50292,GT1,47.5,192.2,24.7,CC_REGULAR,eia_digits_cc,2025-01-17,2025-01-31,13.8,3,4
Bethpage Energy Center,50292,GT1,47.5,192.2,24.7,CC_REGULAR,eia_digits_cc,2025-05-13,2025-05-30,17.2,3,4
Bethpage Energy Center,50292,GT1,47.5,192.2,24.7,CC_REGULAR,eia_digits_cc,2025-06-27,2025-07-03,5.9,3,4
Bethpage Energy Center,50292,GT1,47.5,192.2,24.7,CC_REGULAR,eia_digits_cc,2025-10-11,2025-10-23,12.4,3,4
Bethpage Energy Center,50292,GT1,47.5,192.2,24.7,CC_REGULAR,eia_digits_cc,2026-03-14,2026-03-19,5.1,3,4
Bethpage Energy Center,50292,GT1,47.5,192.2,24.7,CC_REGULAR,eia_digits_cc,2026-03-20,2026-03-27,6.7,3,4
Bethpage Energy Center,50292,GT2,47.5,194.2,24.5,CC_REGULAR,eia_digits_cc,2019-03-09,2019-03-19,10.4,3,4
Bethpage Energy Center,50292,GT2,47.5,194.2,24.5,CC_REGULAR,eia_digits_cc,2019-10-03,2019-10-21,17.8,3,4
Bethpage Energy Center,50292,GT2,47.5,194.2,24.5,CC_REGULAR,eia_digits_cc,2020-03-25,2020-04-26,31.7,3,4
Bethpage Energy Center,50292,GT2,47.5,194.2,24.5,CC_REGULAR,eia_digits_cc,2020-05-01,2020-05-15,13.5,3,4
Bethpage Energy Center,50292,GT2,47.5,194.2,24.5,CC_REGULAR,eia_digits_cc,2020-10-02,2020-10-30,27.8,3,4
Bethpage Energy Center,50292,GT2,47.5,194.2,24.5,CC_REGULAR,eia_digits_cc,2021-04-03,2021-04-11,8.6,3,4
Bethpage Energy Center,50292,GT2,47.5,194.2,24.5,CC_REGULAR,eia_digits_cc,2021-04-15,2021-04-23,8.1,3,4
Bethpage Energy Center,50292,GT2,47.5,194.2,24.5,CC_REGULAR,eia_digits_cc,2021-10-09,2021-10-19,10.5,3,4
Bethpage Energy Center,50292,GT2,47.5,194.2,24.5,CC_REGULAR,eia_digits_cc,2022-04-23,2022-05-13,20.4,2,4
Bethpage Energy Center,50292,GT2,47.5,194.2,24.5,CC_REGULAR,eia_digits_cc,2022-10-08,2022-10-15,7.6,2,4
Bethpage Energy Center,50292,GT2,47.5,194.2,24.5,CC_REGULAR,eia_digits_cc,2022-10-21,2022-11-01,10.5,2,4
Bethpage Energy Center,50292,GT2,47.5,195.2,24.3,CC_REGULAR,eia_digits_cc,2023-03-31,2023-04-08,7.6,3,4
Bethpage Energy Center,50292,GT2,47.5,195.2,24.3,CC_REGULAR,eia_digits_cc,2023-06-26,2023-07-01,5.2,3,4
Bethpage Energy Center,50292,GT2,47.5,195.2,24.3,CC_REGULAR,eia_digits_cc,2023-07-13,2023-07-18,5.4,3,4
Bethpage Energy Center,50292,GT2,47.5,195.2,24.3,CC_REGULAR,eia_digits_cc,2023-10-21,2023-11-02,12.4,3,4
Bethpage Energy Center,50292,GT2,47.5,192.2,24.7,CC_REGULAR,eia_digits_cc,2024-03-02,2024-03-11,9.1,3,4
Bethpage Energy Center,50292,GT2,47.5,192.2,24.7,CC_REGULAR,eia_digits_cc,2024-04-28,2024-05-08,10.3,3,4
Bethpage Energy Center,50292,GT2,47.5,192.2,24.7,CC_REGULAR,eia_digits_cc,2024-05-08,2024-07-02,55.0,3,4
Bethpage Energy Center,50292,GT2,47.5,192.2,24.7,CC_REGULAR,eia_digits_cc,2024-09-29,2024-12-31,94.0,3,4
Bethpage Energy Center,50292,GT2,47.5,192.2,24.7,CC_REGULAR,eia_digits_cc,2025-01-01,2025-01-13,12.6,3,4
Bethpage Energy Center,50292,GT2,47.5,192.2,24.7,CC_REGULAR,eia_digits_cc,2025-01-19,2025-01-31,11.7,3,4
Bethpage Energy Center,50292,GT2,47.5,192.2,24.7,CC_REGULAR,eia_digits_cc,2025-05-16,2025-07-08,52.5,3,4
Bethpage Energy Center,50292,GT2,47.5,192.2,24.7,CC_REGULAR,eia_digits_cc,2025-10-11,2025-10-31,20.4,3,4
Bethpage Energy Center,50292,GT2,47.5,192.2,24.7,CC_REGULAR,eia_digits_cc,2025-12-23,2025-12-30,6.9,3,4
Bethpage Energy Center,50292,GT4,83.0,194.2,42.7,CC_REGULAR,observed_peak,2019-01-01,2019-01-10,9.6,3,4
Bethpage Energy Center,50292,GT4,83.0,194.2,42.7,CC_REGULAR,observed_peak,2019-01-29,2019-02-12,13.2,3,4
Bethpage Energy Center,50292,GT4,83.0,194.2,42.7,CC_REGULAR,observed_peak,2019-02-12,2019-02-27,14.9,3,4
Bethpage Energy Center,50292,GT4,83.0,194.2,42.7,CC_REGULAR,observed_peak,2019-03-09,2019-03-22,13.2,3,4
Bethpage Energy Center,50292,GT4,83.0,194.2,42.7,CC_REGULAR,observed_peak,2019-03-22,2019-05-09,47.3,3,4
Bethpage Energy Center,50292,GT4,83.0,194.2,42.7,CC_REGULAR,observed_peak,2019-05-09,2019-05-15,5.3,3,4
Bethpage Energy Center,50292,GT4,83.0,194.2,42.7,CC_REGULAR,observed_peak,2019-05-17,2019-06-06,19.3,3,4
Bethpage Energy Center,50292,GT4,83.0,194.2,42.7,CC_REGULAR,observed_peak,2019-06-06,2019-06-29,22.8,3,4
Bethpage Energy Center,50292,GT4,83.0,194.2,42.7,CC_REGULAR,observed_peak,2019-09-04,2019-09-11,6.3,3,4
Bethpage Energy Center,50292,GT4,83.0,194.2,42.7,CC_REGULAR,observed_peak,2019-09-12,2019-09-21,8.5,3,4
Bethpage Energy Center,50292,GT4,83.0,194.2,42.7,CC_REGULAR,observed_peak,2019-10-07,2019-10-17,9.2,3,4
Bethpage Energy Center,50292,GT4,83.0,194.2,42.7,CC_REGULAR,observed_peak,2019-10-18,2019-11-08,20.8,3,4
Bethpage Energy Center,50292,GT4,83.0,194.2,42.7,CC_REGULAR,observed_peak,2019-11-13,2019-11-22,8.2,3,4
Bethpage Energy Center,50292,GT4,83.0,194.2,42.7,CC_REGULAR,observed_peak,2019-11-23,2019-12-01,8.2,3,4
Bethpage Energy Center,50292,GT4,83.0,194.2,42.7,CC_REGULAR,observed_peak,2019-12-25,2019-12-31,7.0,3,4
Bethpage Energy Center,50292,GT4,83.0,194.2,42.7,CC_REGULAR,observed_peak,2020-01-01,2020-01-16,15.3,3,4
Bethpage Energy Center,50292,GT4,83.0,194.2,42.7,CC_REGULAR,observed_peak,2020-01-20,2020-02-14,24.5,3,4
Bethpage Energy Center,50292,GT4,83.0,194.2,42.7,CC_REGULAR,observed_peak,2020-02-15,2020-02-20,5.6,3,4
Bethpage Energy Center,50292,GT4,83.0,194.2,42.7,CC_REGULAR,observed_peak,2020-02-20,2020-03-19,27.2,3,4
Bethpage Energy Center,50292,GT4,83.0,194.2,42.7,CC_REGULAR,observed_peak,2020-03-19,2020-05-06,47.2,3,4
Bethpage Energy Center,50292,GT4,83.0,194.2,42.7,CC_REGULAR,observed_peak,2020-05-07,2020-05-15,8.2,3,4
Bethpage Energy Center,50292,GT4,83.0,194.2,42.7,CC_REGULAR,observed_peak,2020-05-15,2020-05-27,11.3,3,4
Bethpage Energy Center,50292,GT4,83.0,194.2,42.7,CC_REGULAR,observed_peak,2020-06-10,2020-06-25,14.4,3,4
Bethpage Energy Center,50292,GT4,83.0,194.2,42.7,CC_REGULAR,observed_peak,2020-09-17,2020-09-23,5.2,3,4
Bethpage Energy Center,50292,GT4,83.0,194.2,42.7,CC_REGULAR,observed_peak,2020-11-03,2020-11-19,16.3,3,4
Bethpage Energy Center,50292,GT4,83.0,194.2,42.7,CC_REGULAR,observed_peak,2021-03-06,2021-03-19,13.5,3,4
Bethpage Energy Center,50292,GT4,83.0,194.2,42.7,CC_REGULAR,observed_peak,2021-04-22,2021-05-03,10.2,3,4
Bethpage Energy Center,50292,GT4,83.0,194.2,42.7,CC_REGULAR,observed_peak,2021-05-05,2021-05-11,5.2,3,4
Bethpage Energy Center,50292,GT4,83.0,194.2,42.7,CC_REGULAR,observed_peak,2021-05-11,2021-05-19,7.1,3,4
Bethpage Energy Center,50292,GT4,83.0,194.2,42.7,CC_REGULAR,observed_peak,2021-05-27,2021-06-05,8.4,3,4
Bethpage Energy Center,50292,GT4,83.0,194.2,42.7,CC_REGULAR,observed_peak,2021-11-05,2021-11-22,16.5,3,4
Bethpage Energy Center,50292,GT4,83.0,194.2,42.7,CC_REGULAR,observed_peak,2021-12-10,2021-12-19,9.4,3,4
Bethpage Energy Center,50292,GT4,83.0,194.2,42.7,CC_REGULAR,observed_peak,2021-12-23,2021-12-28,5.0,3,4
Bethpage Energy Center,50292,GT4,83.0,194.2,42.7,CC_REGULAR,observed_peak,2022-01-05,2022-01-13,7.5,2,4
Bethpage Energy Center,50292,GT4,83.0,194.2,42.7,CC_REGULAR,observed_peak,2022-01-14,2022-01-26,11.8,2,4
Bethpage Energy Center,50292,GT4,83.0,194.2,42.7,CC_REGULAR,observed_peak,2022-01-27,2022-02-02,6.2,2,4
Bethpage Energy Center,50292,GT4,83.0,194.2,42.7,CC_REGULAR,observed_peak,2022-03-05,2022-03-28,23.1,2,4
Bethpage Energy Center,50292,GT4,83.0,194.2,42.7,CC_REGULAR,observed_peak,2022-03-30,2022-05-09,39.4,2,4
Bethpage Energy Center,50292,GT4,83.0,194.2,42.7,CC_REGULAR,observed_peak,2022-05-12,2022-05-21,8.5,2,4
Bethpage Energy Center,50292,GT4,83.0,194.2,42.7,CC_REGULAR,observed_peak,2022-05-22,2022-05-31,8.5,2,4
Bethpage Energy Center,50292,GT4,83.0,194.2,42.7,CC_REGULAR,observed_peak,2022-08-10,2022-08-19,8.6,2,4
Bethpage Energy Center,50292,GT4,83.0,194.2,42.7,CC_REGULAR,observed_peak,2022-08-31,2022-09-12,11.6,2,4
Bethpage Energy Center,50292,GT4,83.0,194.2,42.7,CC_REGULAR,observed_peak,2022-09-13,2022-09-19,5.5,2,4
Bethpage Energy Center,50292,GT4,83.0,194.2,42.7,CC_REGULAR,observed_peak,2022-09-19,2022-10-23,33.5,2,4
Bethpage Energy Center,50292,GT4,83.0,194.2,42.7,CC_REGULAR,observed_peak,2022-11-05,2022-11-16,11.3,2,4
Bethpage Energy Center,50292,GT4,83.0,194.2,42.7,CC_REGULAR,observed_peak,2022-11-17,2022-11-29,11.6,2,4
Bethpage Energy Center,50292,GT4,84.0,195.2,43.0,CC_REGULAR,observed_peak,2023-02-09,2023-02-15,5.5,3,4
Bethpage Energy Center,50292,GT4,84.0,195.2,43.0,CC_REGULAR,observed_peak,2023-02-17,2023-02-24,6.1,3,4
Bethpage Energy Center,50292,GT4,84.0,195.2,43.0,CC_REGULAR,observed_peak,2023-03-07,2023-03-13,5.3,3,4
Bethpage Energy Center,50292,GT4,84.0,195.2,43.0,CC_REGULAR,observed_peak,2023-03-17,2023-03-25,7.3,3,4
Bethpage Energy Center,50292,GT4,84.0,195.2,43.0,CC_REGULAR,observed_peak,2023-03-29,2023-04-04,5.2,3,4
Bethpage Energy Center,50292,GT4,84.0,195.2,43.0,CC_REGULAR,observed_peak,2023-04-06,2023-04-13,6.4,3,4
Bethpage Energy Center,50292,GT4,84.0,195.2,43.0,CC_REGULAR,observed_peak,2023-04-17,2023-05-07,19.6,3,4
Bethpage Energy Center,50292,GT4,84.0,195.2,43.0,CC_REGULAR,observed_peak,2023-05-13,2023-06-01,18.4,3,4
Bethpage Energy Center,50292,GT4,84.0,195.2,43.0,CC_REGULAR,observed_peak,2023-06-02,2023-06-13,10.5,3,4
Bethpage Energy Center,50292,GT4,84.0,195.2,43.0,CC_REGULAR,observed_peak,2023-06-15,2023-06-23,7.3,3,4
Bethpage Energy Center,50292,GT4,84.0,195.2,43.0,CC_REGULAR,observed_peak,2023-07-15,2023-07-26,11.0,3,4
Bethpage Energy Center,50292,GT4,84.0,195.2,43.0,CC_REGULAR,observed_peak,2023-09-13,2023-09-27,13.5,3,4
Bethpage Energy Center,50292,GT4,84.0,195.2,43.0,CC_REGULAR,observed_peak,2023-10-06,2023-10-24,17.1,3,4
Bethpage Energy Center,50292,GT4,84.0,195.2,43.0,CC_REGULAR,observed_peak,2023-11-15,2023-12-06,20.5,3,4
Bethpage Energy Center,50292,GT4,84.0,195.2,43.0,CC_REGULAR,observed_peak,2023-12-15,2023-12-21,6.4,3,4
Bethpage Energy Center,50292,GT4,84.0,195.2,43.0,CC_REGULAR,observed_peak,2023-12-23,2023-12-31,8.0,3,4
Bethpage Energy Center,50292,GT4,81.0,192.2,42.1,CC_REGULAR,observed_peak,2024-01-13,2024-01-20,6.2,3,4
Bethpage Energy Center,50292,GT4,81.0,192.2,42.1,CC_REGULAR,observed_peak,2024-01-24,2024-01-29,5.1,3,4
Bethpage Energy Center,50292,GT4,81.0,192.2,42.1,CC_REGULAR,observed_peak,2024-02-07,2024-02-14,6.2,3,4
Bethpage Energy Center,50292,GT4,81.0,192.2,42.1,CC_REGULAR,observed_peak,2024-02-16,2024-03-21,34.1,3,4
Bethpage Energy Center,50292,GT4,81.0,192.2,42.1,CC_REGULAR,observed_peak,2024-03-21,2024-05-03,42.8,3,4
Bethpage Energy Center,50292,GT4,81.0,192.2,42.1,CC_REGULAR,observed_peak,2024-05-03,2024-05-09,5.4,3,4
Bethpage Energy Center,50292,GT4,81.0,192.2,42.1,CC_REGULAR,observed_peak,2024-05-09,2024-05-15,5.2,3,4
Bethpage Energy Center,50292,GT4,81.0,192.2,42.1,CC_REGULAR,observed_peak,2024-09-06,2024-09-16,9.2,3,4
Bethpage Energy Center,50292,GT4,81.0,192.2,42.1,CC_REGULAR,observed_peak,2024-10-30,2024-11-18,18.5,3,4
Bethpage Energy Center,50292,GT4,81.0,192.2,42.1,CC_REGULAR,observed_peak,2024-11-21,2024-11-26,5.0,3,4
Bethpage Energy Center,50292,GT4,81.0,192.2,42.1,CC_REGULAR,observed_peak,2025-01-18,2025-01-24,6.4,3,4
Bethpage Energy Center,50292,GT4,81.0,192.2,42.1,CC_REGULAR,observed_peak,2025-03-05,2025-03-13,7.2,3,4
Bethpage Energy Center,50292,GT4,81.0,192.2,42.1,CC_REGULAR,observed_peak,2025-03-13,2025-03-19,6.0,3,4
Bethpage Energy Center,50292,GT4,81.0,192.2,42.1,CC_REGULAR,observed_peak,2025-03-20,2025-03-31,10.2,3,4
Bethpage Energy Center,50292,GT4,81.0,192.2,42.1,CC_REGULAR,observed_peak,2025-03-31,2025-04-18,17.5,3,4
Bethpage Energy Center,50292,GT4,81.0,192.2,42.1,CC_REGULAR,observed_peak,2025-04-19,2025-04-29,9.8,3,4
Bethpage Energy Center,50292,GT4,81.0,192.2,42.1,CC_REGULAR,observed_peak,2025-05-21,2025-05-28,6.6,3,4
Bethpage Energy Center,50292,GT4,81.0,192.2,42.1,CC_REGULAR,observed_peak,2025-11-08,2025-11-25,17.4,3,4
Cornell University Ithaca Campus,50368,CT1,19.8,39.5,50.0,CC_CHP,optime_proxy,2019-01-01,2019-05-01,120.6,1,2
Cornell University Ithaca Campus,50368,CT1,19.8,39.5,50.0,CC_CHP,optime_proxy,2019-10-01,2019-12-31,92.0,1,2
Cornell University Ithaca Campus,50368,CT1,19.8,39.5,50.0,CC_CHP,optime_proxy,2020-01-01,2020-04-30,121.0,1,2
Cornell University Ithaca Campus,50368,CT1,19.8,39.5,50.0,CC_CHP,optime_proxy,2020-05-07,2020-05-14,7.0,1,2
Cornell University Ithaca Campus,50368,CT1,19.8,39.5,50.0,CC_CHP,optime_proxy,2020-06-22,2020-07-06,13.9,1,2
Cornell University Ithaca Campus,50368,CT1,19.8,39.5,50.0,CC_CHP,optime_proxy,2020-10-01,2020-12-31,92.0,1,2
Cornell University Ithaca Campus,50368,CT1,19.8,39.5,50.0,CC_CHP,optime_proxy,2021-01-01,2021-04-30,120.0,1,2
Cornell University Ithaca Campus,50368,CT1,19.8,39.5,50.0,CC_CHP,optime_proxy,2021-06-01,2021-06-15,14.4,1,2
Cornell University Ithaca Campus,50368,CT1,19.8,39.5,50.0,CC_CHP,optime_proxy,2021-10-01,2021-12-31,92.0,1,2
Cornell University Ithaca Campus,50368,CT1,19.8,39.5,50.0,CC_CHP,optime_proxy,2022-01-01,2022-05-09,128.2,1,2
Cornell University Ithaca Campus,50368,CT1,19.8,39.5,50.0,CC_CHP,optime_proxy,2022-05-13,2022-05-19,5.6,1,2
Cornell University Ithaca Campus,50368,CT1,19.8,39.5,50.0,CC_CHP,optime_proxy,2022-05-27,2022-06-07,11.2,1,2
Cornell University Ithaca Campus,50368,CT1,19.8,39.5,50.0,CC_CHP,optime_proxy,2022-09-14,2022-09-22,7.9,1,2
Cornell University Ithaca Campus,50368,CT1,19.8,39.5,50.0,CC_CHP,optime_proxy,2022-10-01,2022-12-31,92.0,1,2
Cornell University Ithaca Campus,50368,CT1,19.8,39.5,50.0,CC_CHP,optime_proxy,2023-01-01,2023-05-04,123.6,1,2
Cornell University Ithaca Campus,50368,CT1,19.8,39.5,50.0,CC_CHP,optime_proxy,2023-09-27,2023-12-31,95.6,1,2
Cornell University Ithaca Campus,50368,CT1,19.8,39.5,50.0,CC_CHP,optime_proxy,2024-01-01,2024-04-30,121.0,1,2
Cornell University Ithaca Campus,50368,CT1,19.8,39.5,50.0,CC_CHP,optime_proxy,2024-05-06,2024-05-16,9.8,1,2
Cornell University Ithaca Campus,50368,CT1,19.8,39.5,50.0,CC_CHP,optime_proxy,2024-10-01,2024-12-31,92.0,1,2
Cornell University Ithaca Campus,50368,CT1,19.8,39.5,50.0,CC_CHP,optime_proxy,2025-01-01,2025-04-30,120.0,1,2
Cornell University Ithaca Campus,50368,CT1,19.8,39.5,50.0,CC_CHP,optime_proxy,2025-05-02,2025-05-08,6.0,1,2
Cornell University Ithaca Campus,50368,CT1,19.8,39.5,50.0,CC_CHP,optime_proxy,2025-10-01,2025-12-31,92.0,1,2
Cornell University Ithaca Campus,50368,CT2,19.8,39.5,50.0,CC_CHP,optime_proxy,2019-01-01,2019-04-30,120.0,1,2
Cornell University Ithaca Campus,50368,CT2,19.8,39.5,50.0,CC_CHP,optime_proxy,2019-05-18,2019-06-04,17.4,1,2
Cornell University Ithaca Campus,50368,CT2,19.8,39.5,50.0,CC_CHP,optime_proxy,2019-06-07,2019-06-14,7.0,1,2
Cornell University Ithaca Campus,50368,CT2,19.8,39.5,50.0,CC_CHP,optime_proxy,2019-09-30,2019-12-31,92.8,1,2
Cornell University Ithaca Campus,50368,CT2,19.8,39.5,50.0,CC_CHP,optime_proxy,2020-01-01,2020-05-07,127.5,1,2
Cornell University Ithaca Campus,50368,CT2,19.8,39.5,50.0,CC_CHP,optime_proxy,2020-05-14,2020-05-21,6.9,1,2
Cornell University Ithaca Campus,50368,CT2,19.8,39.5,50.0,CC_CHP,optime_proxy,2020-05-21,2020-05-28,6.8,1,2
Cornell University Ithaca Campus,50368,CT2,19.8,39.5,50.0,CC_CHP,optime_proxy,2020-05-28,2020-06-03,5.9,1,2
Cornell University Ithaca Campus,50368,CT2,19.8,39.5,50.0,CC_CHP,optime_proxy,2020-06-03,2020-06-22,18.3,1,2
Cornell University Ithaca Campus,50368,CT2,19.8,39.5,50.0,CC_CHP,optime_proxy,2020-09-18,2020-09-24,5.9,1,2
Cornell University Ithaca Campus,50368,CT2,19.8,39.5,50.0,CC_CHP,optime_proxy,2020-10-01,2020-12-31,92.0,1,2
Cornell University Ithaca Campus,50368,CT2,19.8,39.5,50.0,CC_CHP,optime_proxy,2021-01-01,2021-04-30,120.0,1,2
Cornell University Ithaca Campus,50368,CT2,19.8,39.5,50.0,CC_CHP,optime_proxy,2021-07-13,2021-07-30,17.3,1,2
Cornell University Ithaca Campus,50368,CT2,19.8,39.5,50.0,CC_CHP,optime_proxy,2021-08-09,2021-08-26,16.7,1,2
Cornell University Ithaca Campus,50368,CT2,19.8,39.5,50.0,CC_CHP,optime_proxy,2021-09-19,2021-09-24,5.3,1,2
Cornell University Ithaca Campus,50368,CT2,19.8,39.5,50.0,CC_CHP,optime_proxy,2021-09-30,2021-12-31,92.4,1,2
Cornell University Ithaca Campus,50368,CT2,19.8,39.5,50.0,CC_CHP,optime_proxy,2022-01-01,2022-04-30,120.0,1,2
Cornell University Ithaca Campus,50368,CT2,19.8,39.5,50.0,CC_CHP,optime_proxy,2022-05-05,2022-06-14,40.0,1,2
Cornell University Ithaca Campus,50368,CT2,19.8,39.5,50.0,CC_CHP,optime_proxy,2022-10-01,2022-12-31,92.0,1,2
Cornell University Ithaca Campus,50368,CT2,19.8,39.5,50.0,CC_CHP,optime_proxy,2023-01-01,2023-04-30,120.0,1,2
Cornell University Ithaca Campus,50368,CT2,19.8,39.5,50.0,CC_CHP,optime_proxy,2023-10-01,2023-12-31,92.0,1,2
Cornell University Ithaca Campus,50368,CT2,19.8,39.5,50.0,CC_CHP,optime_proxy,2024-01-01,2024-05-06,126.4,1,2
Cornell University Ithaca Campus,50368,CT2,19.8,39.5,50.0,CC_CHP,optime_proxy,2024-10-01,2024-12-31,92.0,1,2
Cornell University Ithaca Campus,50368,CT2,19.8,39.5,50.0,CC_CHP,optime_proxy,2025-01-01,2025-04-30,120.0,1,2
Cornell University Ithaca Campus,50368,CT2,19.8,39.5,50.0,CC_CHP,optime_proxy,2025-10-01,2025-12-31,92.0,1,2
Cornell University Central Heat,50368,NET0-923,39.5,39.5,100.0,CC_CHP,eia923_netzero,2025-01-01,2025-12-31,365.0,0,1
Cornell University Central Heat,50368,NET0-923,39.5,39.5,100.0,CC_CHP,eia923_netzero,2026-01-01,2026-12-31,365.0,0,1
Bronx Zoo,50427,NET0-923,3.6,3.6,100.0,CT_CHP,eia923_netzero,2025-01-01,2025-12-31,365.0,0,1
Bronx Zoo,50427,NET0-923,3.6,3.6,100.0,CT_CHP,eia923_netzero,2026-01-01,2026-12-31,365.0,0,1
Indeck-Silver Springs Energy Center,50449,1,56.6,56.6,100.0,CC_CHP,eia_digits_cc,2019-01-01,2019-01-11,10.1,0,1
Indeck-Silver Springs Energy Center,50449,1,56.6,56.6,100.0,CC_CHP,eia_digits_cc,2019-02-02,2019-02-27,25.0,0,1
Indeck-Silver Springs Energy Center,50449,1,56.6,56.6,100.0,CC_CHP,eia_digits_cc,2019-02-27,2019-03-13,13.7,0,1
Indeck-Silver Springs Energy Center,50449,1,56.6,56.6,100.0,CC_CHP,eia_digits_cc,2019-03-13,2019-03-19,5.2,0,1
Indeck-Silver Springs Energy Center,50449,1,56.6,56.6,100.0,CC_CHP,eia_digits_cc,2019-03-19,2019-04-24,35.5,0,1
Indeck-Silver Springs Energy Center,50449,1,56.6,56.6,100.0,CC_CHP,eia_digits_cc,2019-04-24,2019-05-03,8.2,0,1
Indeck-Silver Springs Energy Center,50449,1,56.6,56.6,100.0,CC_CHP,eia_digits_cc,2019-05-03,2019-06-19,46.6,0,1
Indeck-Silver Springs Energy Center,50449,1,56.6,56.6,100.0,CC_CHP,eia_digits_cc,2019-08-21,2019-09-03,12.5,0,1
Indeck-Silver Springs Energy Center,50449,1,56.6,56.6,100.0,CC_CHP,eia_digits_cc,2019-09-10,2019-10-14,33.3,0,1
Indeck-Silver Springs Energy Center,50449,1,56.6,56.6,100.0,CC_CHP,eia_digits_cc,2019-10-18,2019-11-13,26.0,0,1
Indeck-Silver Springs Energy Center,50449,1,56.6,56.6,100.0,CC_CHP,eia_digits_cc,2019-11-14,2019-12-12,27.2,0,1
Indeck-Silver Springs Energy Center,50449,1,56.6,56.6,100.0,CC_CHP,eia_digits_cc,2019-12-20,2019-12-31,11.0,0,1
Indeck-Silver Springs Energy Center,50449,1,56.6,56.6,100.0,CC_CHP,eia_digits_cc,2020-01-01,2020-01-09,8.1,0,1
Indeck-Silver Springs Energy Center,50449,1,56.6,56.6,100.0,CC_CHP,eia_digits_cc,2020-01-09,2020-01-17,7.6,0,1
Indeck-Silver Springs Energy Center,50449,1,56.6,56.6,100.0,CC_CHP,eia_digits_cc,2020-01-21,2020-02-14,23.2,0,1
Indeck-Silver Springs Energy Center,50449,1,56.6,56.6,100.0,CC_CHP,eia_digits_cc,2020-02-15,2020-03-16,30.3,0,1
Indeck-Silver Springs Energy Center,50449,1,56.6,56.6,100.0,CC_CHP,eia_digits_cc,2020-03-16,2020-04-28,42.5,0,1
Indeck-Silver Springs Energy Center,50449,1,56.6,56.6,100.0,CC_CHP,eia_digits_cc,2020-04-28,2020-05-26,27.5,0,1
Indeck-Silver Springs Energy Center,50449,1,56.6,56.6,100.0,CC_CHP,eia_digits_cc,2020-05-28,2020-06-04,6.5,0,1
Indeck-Silver Springs Energy Center,50449,1,56.6,56.6,100.0,CC_CHP,eia_digits_cc,2020-06-11,2020-06-17,5.6,0,1
Indeck-Silver Springs Energy Center,50449,1,56.6,56.6,100.0,CC_CHP,eia_digits_cc,2020-09-03,2020-09-23,19.5,0,1
Indeck-Silver Springs Energy Center,50449,1,56.6,56.6,100.0,CC_CHP,eia_digits_cc,2020-09-28,2020-10-22,23.2,0,1
Indeck-Silver Springs Energy Center,50449,1,56.6,56.6,100.0,CC_CHP,eia_digits_cc,2020-11-05,2020-12-07,31.7,0,1
Indeck-Silver Springs Energy Center,50449,1,56.6,56.6,100.0,CC_CHP,eia_digits_cc,2020-12-07,2020-12-15,7.5,0,1
Indeck-Silver Springs Energy Center,50449,1,56.6,56.6,100.0,CC_CHP,eia_digits_cc,2020-12-18,2020-12-31,13.5,0,1
Indeck-Silver Springs Energy Center,50449,1,56.6,56.6,100.0,CC_CHP,eia_digits_cc,2021-01-01,2021-01-11,10.5,0,1
Indeck-Silver Springs Energy Center,50449,1,56.6,56.6,100.0,CC_CHP,eia_digits_cc,2021-01-11,2021-01-25,13.3,0,1
Indeck-Silver Springs Energy Center,50449,1,56.6,56.6,100.0,CC_CHP,eia_digits_cc,2021-02-01,2021-02-08,6.2,0,1
Indeck-Silver Springs Energy Center,50449,1,56.6,56.6,100.0,CC_CHP,eia_digits_cc,2021-02-20,2021-03-18,26.2,0,1
Indeck-Silver Springs Energy Center,50449,1,56.6,56.6,100.0,CC_CHP,eia_digits_cc,2021-03-18,2021-04-29,41.7,0,1
Indeck-Silver Springs Energy Center,50449,1,56.6,56.6,100.0,CC_CHP,eia_digits_cc,2021-04-29,2021-06-06,37.7,0,1
Indeck-Silver Springs Energy Center,50449,1,56.6,56.6,100.0,CC_CHP,eia_digits_cc,2021-06-10,2021-06-21,10.5,0,1
Indeck-Silver Springs Energy Center,50449,1,56.6,56.6,100.0,CC_CHP,eia_digits_cc,2021-06-21,2021-06-28,6.2,0,1
Indeck-Silver Springs Energy Center,50449,1,56.6,56.6,100.0,CC_CHP,eia_digits_cc,2021-07-20,2021-07-26,5.3,0,1
Indeck-Silver Springs Energy Center,50449,1,56.6,56.6,100.0,CC_CHP,eia_digits_cc,2021-07-28,2021-08-03,5.2,0,1
Indeck-Silver Springs Energy Center,50449,1,56.6,56.6,100.0,CC_CHP,eia_digits_cc,2021-08-13,2021-08-19,5.5,0,1
Indeck-Silver Springs Energy Center,50449,1,56.6,56.6,100.0,CC_CHP,eia_digits_cc,2021-08-31,2021-09-15,14.5,0,1
Indeck-Silver Springs Energy Center,50449,1,56.6,56.6,100.0,CC_CHP,eia_digits_cc,2021-09-15,2021-10-11,25.3,0,1
Indeck-Silver Springs Energy Center,50449,1,56.6,56.6,100.0,CC_CHP,eia_digits_cc,2021-10-12,2021-12-07,55.6,0,1
Indeck-Silver Springs Energy Center,50449,1,56.6,56.6,100.0,CC_CHP,eia_digits_cc,2021-12-09,2021-12-31,22.1,0,1
Indeck-Silver Springs Energy Center,50449,1,56.6,56.6,100.0,CC_CHP,eia_digits_cc,2022-01-01,2022-01-06,5.2,0,1
Indeck-Silver Springs Energy Center,50449,1,56.6,56.6,100.0,CC_CHP,eia_digits_cc,2022-01-07,2022-03-24,75.2,0,1
Indeck-Silver Springs Energy Center,50449,1,56.6,56.6,100.0,CC_CHP,eia_digits_cc,2022-03-24,2022-05-31,67.7,0,1
Indeck-Silver Springs Energy Center,50449,1,56.6,56.6,100.0,CC_CHP,eia_digits_cc,2022-05-31,2022-06-15,14.5,0,1
Indeck-Silver Springs Energy Center,50449,1,56.6,56.6,100.0,CC_CHP,eia_digits_cc,2022-06-16,2022-06-25,8.5,0,1
Indeck-Silver Springs Energy Center,50449,1,56.6,56.6,100.0,CC_CHP,eia_digits_cc,2022-07-12,2022-07-18,5.5,0,1
Indeck-Silver Springs Energy Center,50449,1,56.6,56.6,100.0,CC_CHP,eia_digits_cc,2022-07-27,2022-08-02,5.2,0,1
Indeck-Silver Springs Energy Center,50449,1,56.6,56.6,100.0,CC_CHP,eia_digits_cc,2022-08-10,2022-08-29,18.6,0,1
Indeck-Silver Springs Energy Center,50449,1,56.6,56.6,100.0,CC_CHP,eia_digits_cc,2022-08-29,2022-11-10,72.5,0,1
Indeck-Silver Springs Energy Center,50449,1,56.6,56.6,100.0,CC_CHP,eia_digits_cc,2022-11-15,2022-12-14,28.7,0,1
Indeck-Silver Springs Energy Center,50449,1,56.6,56.6,100.0,CC_CHP,eia_digits_cc,2022-12-19,2022-12-31,12.5,0,1
Indeck-Silver Springs Energy Center,50449,1,56.6,56.6,100.0,CC_CHP,eia_digits_cc,2023-01-01,2023-01-23,22.6,0,1
Indeck-Silver Springs Energy Center,50449,1,56.6,56.6,100.0,CC_CHP,eia_digits_cc,2023-02-04,2023-02-09,5.2,0,1
Indeck-Silver Springs Energy Center,50449,1,56.6,56.6,100.0,CC_CHP,eia_digits_cc,2023-02-09,2023-02-23,13.6,0,1
Indeck-Silver Springs Energy Center,50449,1,56.6,56.6,100.0,CC_CHP,eia_digits_cc,2023-02-24,2023-03-29,33.6,0,1
Indeck-Silver Springs Energy Center,50449,1,56.6,56.6,100.0,CC_CHP,eia_digits_cc,2023-03-30,2023-04-05,5.8,0,1
Indeck-Silver Springs Energy Center,50449,1,56.6,56.6,100.0,CC_CHP,eia_digits_cc,2023-04-05,2023-04-13,7.2,0,1
Indeck-Silver Springs Energy Center,50449,1,56.6,56.6,100.0,CC_CHP,eia_digits_cc,2023-04-22,2023-04-28,5.6,0,1
Indeck-Silver Springs Energy Center,50449,1,56.6,56.6,100.0,CC_CHP,eia_digits_cc,2023-05-01,2023-05-30,29.0,0,1
Indeck-Silver Springs Energy Center,50449,1,56.6,56.6,100.0,CC_CHP,eia_digits_cc,2023-06-02,2023-06-19,17.4,0,1
Indeck-Silver Springs Energy Center,50449,1,56.6,56.6,100.0,CC_CHP,eia_digits_cc,2023-06-19,2023-06-26,6.2,0,1
Indeck-Silver Springs Energy Center,50449,1,56.6,56.6,100.0,CC_CHP,eia_digits_cc,2023-08-03,2023-08-09,5.5,0,1
Indeck-Silver Springs Energy Center,50449,1,56.6,56.6,100.0,CC_CHP,eia_digits_cc,2023-08-21,2023-08-29,7.3,0,1
Indeck-Silver Springs Energy Center,50449,1,56.6,56.6,100.0,CC_CHP,eia_digits_cc,2023-08-29,2023-09-04,5.6,0,1
Indeck-Silver Springs Energy Center,50449,1,56.6,56.6,100.0,CC_CHP,eia_digits_cc,2023-09-11,2023-10-02,20.5,0,1
Indeck-Silver Springs Energy Center,50449,1,56.6,56.6,100.0,CC_CHP,eia_digits_cc,2023-10-05,2023-10-17,11.2,0,1
Indeck-Silver Springs Energy Center,50449,1,56.6,56.6,100.0,CC_CHP,eia_digits_cc,2023-10-17,2023-10-23,5.6,0,1
Indeck-Silver Springs Energy Center,50449,1,56.6,56.6,100.0,CC_CHP,eia_digits_cc,2023-10-23,2023-10-30,6.2,0,1
Indeck-Silver Springs Energy Center,50449,1,56.6,56.6,100.0,CC_CHP,eia_digits_cc,2023-11-01,2023-12-06,34.6,0,1
Indeck-Silver Springs Energy Center,50449,1,56.6,56.6,100.0,CC_CHP,eia_digits_cc,2023-12-07,2023-12-31,24.1,0,1
Indeck-Silver Springs Energy Center,50449,1,56.6,56.6,100.0,CC_CHP,eia_digits_cc,2024-01-01,2024-01-08,7.1,0,1
Indeck-Silver Springs Energy Center,50449,1,56.6,56.6,100.0,CC_CHP,eia_digits_cc,2024-01-08,2024-01-23,14.9,0,1
Indeck-Silver Springs Energy Center,50449,1,56.6,56.6,100.0,CC_CHP,eia_digits_cc,2024-02-10,2024-03-01,20.1,0,1
Indeck-Silver Springs Energy Center,50449,1,56.6,56.6,100.0,CC_CHP,eia_digits_cc,2024-03-01,2024-05-06,66.1,0,1
Indeck-Silver Springs Energy Center,50449,1,56.6,56.6,100.0,CC_CHP,eia_digits_cc,2024-05-06,2024-05-21,14.5,0,1
Indeck-Silver Springs Energy Center,50449,1,56.6,56.6,100.0,CC_CHP,eia_digits_cc,2024-05-23,2024-06-03,10.5,0,1
Indeck-Silver Springs Energy Center,50449,1,56.6,56.6,100.0,CC_CHP,eia_digits_cc,2024-06-05,2024-06-13,7.6,0,1
Indeck-Silver Springs Energy Center,50449,1,56.6,56.6,100.0,CC_CHP,eia_digits_cc,2024-06-26,2024-07-05,8.5,0,1
Indeck-Silver Springs Energy Center,50449,1,56.6,56.6,100.0,CC_CHP,eia_digits_cc,2024-08-06,2024-08-13,6.3,0,1
Indeck-Silver Springs Energy Center,50449,1,56.6,56.6,100.0,CC_CHP,eia_digits_cc,2024-08-15,2024-08-26,10.5,0,1
Indeck-Silver Springs Energy Center,50449,1,56.6,56.6,100.0,CC_CHP,eia_digits_cc,2024-08-28,2024-09-16,18.5,0,1
Indeck-Silver Springs Energy Center,50449,1,56.6,56.6,100.0,CC_CHP,eia_digits_cc,2024-09-17,2024-09-26,8.2,0,1
Indeck-Silver Springs Energy Center,50449,1,56.6,56.6,100.0,CC_CHP,eia_digits_cc,2024-09-26,2024-10-10,13.5,0,1
Indeck-Silver Springs Energy Center,50449,1,56.6,56.6,100.0,CC_CHP,eia_digits_cc,2024-10-17,2024-10-22,5.0,0,1
Indeck-Silver Springs Energy Center,50449,1,56.6,56.6,100.0,CC_CHP,eia_digits_cc,2024-10-22,2024-11-12,20.7,0,1
Indeck-Silver Springs Energy Center,50449,1,56.6,56.6,100.0,CC_CHP,eia_digits_cc,2024-11-13,2024-12-01,18.0,0,1
Indeck-Silver Springs Energy Center,50449,1,56.6,56.6,100.0,CC_CHP,eia_digits_cc,2025-01-01,2025-01-29,28.9,0,1
Indeck-Silver Springs Energy Center,50449,1,56.6,56.6,100.0,CC_CHP,eia_digits_cc,2025-02-15,2025-03-26,39.1,0,1
Indeck-Silver Springs Energy Center,50449,1,56.6,56.6,100.0,CC_CHP,eia_digits_cc,2025-03-26,2025-04-29,33.5,0,1
Indeck-Silver Springs Energy Center,50449,1,56.6,56.6,100.0,CC_CHP,eia_digits_cc,2025-04-29,2025-05-12,12.8,0,1
Indeck-Silver Springs Energy Center,50449,1,56.6,56.6,100.0,CC_CHP,eia_digits_cc,2025-05-15,2025-06-03,18.6,0,1
Indeck-Silver Springs Energy Center,50449,1,56.6,56.6,100.0,CC_CHP,eia_digits_cc,2025-08-19,2025-10-15,56.6,0,1
Indeck-Silver Springs Energy Center,50449,1,56.6,56.6,100.0,CC_CHP,eia_digits_cc,2025-10-16,2025-10-27,10.4,0,1
Indeck-Silver Springs Energy Center,50449,1,56.6,56.6,100.0,CC_CHP,eia_digits_cc,2025-10-28,2025-11-06,8.6,0,1
Indeck-Silver Springs Energy Center,50449,1,56.6,56.6,100.0,CC_CHP,eia_digits_cc,2025-11-19,2025-12-01,11.6,0,1
Indeck-Silver Springs Energy Center,50449,1,56.6,56.6,100.0,CC_CHP,eia_digits_cc,2026-01-06,2026-01-24,18.1,0,1
Indeck-Silver Springs Energy Center,50449,1,56.6,56.6,100.0,CC_CHP,eia_digits_cc,2026-01-31,2026-03-11,39.0,0,1
Indeck-Silver Springs Energy Center,50449,1,56.6,56.6,100.0,CC_CHP,eia_digits_cc,2026-03-11,2026-03-26,14.9,0,1
Indeck-Silver Springs Energy Center,50449,1,56.6,56.6,100.0,CC_CHP,eia_digits_cc,2026-03-26,2026-03-31,5.4,0,1
Indeck-Oswego Energy Center,50450,1,57.4,57.4,100.0,CC_CHP,eia_digits_cc,2019-01-01,2019-03-18,76.1,0,1
Indeck-Oswego Energy Center,50450,1,57.4,57.4,100.0,CC_CHP,eia_digits_cc,2019-03-26,2019-06-24,89.9,0,1
Indeck-Oswego Energy Center,50450,1,57.4,57.4,100.0,CC_CHP,eia_digits_cc,2019-08-21,2019-08-30,8.6,0,1
Indeck-Oswego Energy Center,50450,1,57.4,57.4,100.0,CC_CHP,eia_digits_cc,2019-09-03,2019-09-22,18.7,0,1
Indeck-Oswego Energy Center,50450,1,57.4,57.4,100.0,CC_CHP,eia_digits_cc,2019-09-23,2019-10-28,34.5,0,1
Indeck-Oswego Energy Center,50450,1,57.4,57.4,100.0,CC_CHP,eia_digits_cc,2019-10-28,2019-11-13,16.1,0,1
Indeck-Oswego Energy Center,50450,1,57.4,57.4,100.0,CC_CHP,eia_digits_cc,2019-11-14,2019-12-31,47.1,0,1
Indeck-Oswego Energy Center,50450,1,57.4,57.4,100.0,CC_CHP,eia_digits_cc,2020-01-01,2020-03-09,68.2,0,1
Indeck-Oswego Energy Center,50450,1,57.4,57.4,100.0,CC_CHP,eia_digits_cc,2020-03-10,2020-04-03,23.2,0,1
Indeck-Oswego Energy Center,50450,1,57.4,57.4,100.0,CC_CHP,eia_digits_cc,2020-04-03,2020-05-28,54.3,0,1
Indeck-Oswego Energy Center,50450,1,57.4,57.4,100.0,CC_CHP,eia_digits_cc,2020-05-28,2020-06-22,24.6,0,1
Indeck-Oswego Energy Center,50450,1,57.4,57.4,100.0,CC_CHP,eia_digits_cc,2020-07-13,2020-07-19,5.6,0,1
Indeck-Oswego Energy Center,50450,1,57.4,57.4,100.0,CC_CHP,eia_digits_cc,2020-08-04,2020-08-10,5.5,0,1
Indeck-Oswego Energy Center,50450,1,57.4,57.4,100.0,CC_CHP,eia_digits_cc,2020-08-14,2020-09-12,28.8,0,1
Indeck-Oswego Energy Center,50450,1,57.4,57.4,100.0,CC_CHP,eia_digits_cc,2020-09-12,2020-10-26,43.8,0,1
Indeck-Oswego Energy Center,50450,1,57.4,57.4,100.0,CC_CHP,eia_digits_cc,2020-10-30,2020-12-16,46.7,0,1
Indeck-Oswego Energy Center,50450,1,57.4,57.4,100.0,CC_CHP,eia_digits_cc,2020-12-18,2020-12-31,13.1,0,1
Indeck-Oswego Energy Center,50450,1,57.4,57.4,100.0,CC_CHP,eia_digits_cc,2021-01-01,2021-01-31,30.5,0,1
Indeck-Oswego Energy Center,50450,1,57.4,57.4,100.0,CC_CHP,eia_digits_cc,2021-02-01,2021-02-08,7.2,0,1
Indeck-Oswego Energy Center,50450,1,57.4,57.4,100.0,CC_CHP,eia_digits_cc,2021-02-19,2021-06-06,106.5,0,1
Indeck-Oswego Energy Center,50450,1,57.4,57.4,100.0,CC_CHP,eia_digits_cc,2021-06-09,2021-06-21,11.4,0,1
Indeck-Oswego Energy Center,50450,1,57.4,57.4,100.0,CC_CHP,eia_digits_cc,2021-06-21,2021-06-28,6.4,0,1
Indeck-Oswego Energy Center,50450,1,57.4,57.4,100.0,CC_CHP,eia_digits_cc,2021-07-20,2021-07-26,5.5,0,1
Indeck-Oswego Energy Center,50450,1,57.4,57.4,100.0,CC_CHP,eia_digits_cc,2021-07-28,2021-08-09,11.7,0,1
Indeck-Oswego Energy Center,50450,1,57.4,57.4,100.0,CC_CHP,eia_digits_cc,2021-08-13,2021-08-19,5.6,0,1
Indeck-Oswego Energy Center,50450,1,57.4,57.4,100.0,CC_CHP,eia_digits_cc,2021-08-30,2021-09-15,15.5,0,1
Indeck-Oswego Energy Center,50450,1,57.4,57.4,100.0,CC_CHP,eia_digits_cc,2021-09-15,2021-10-04,18.5,0,1
Indeck-Oswego Energy Center,50450,1,57.4,57.4,100.0,CC_CHP,eia_digits_cc,2021-10-05,2021-11-16,41.5,0,1
Indeck-Oswego Energy Center,50450,1,57.4,57.4,100.0,CC_CHP,eia_digits_cc,2021-11-16,2021-12-08,21.6,0,1
Indeck-Oswego Energy Center,50450,1,57.4,57.4,100.0,CC_CHP,eia_digits_cc,2021-12-09,2021-12-31,22.1,0,1
Indeck-Oswego Energy Center,50450,1,57.4,57.4,100.0,CC_CHP,eia_digits_cc,2022-01-01,2022-01-06,5.6,0,1
Indeck-Oswego Energy Center,50450,1,57.4,57.4,100.0,CC_CHP,eia_digits_cc,2022-01-07,2022-05-31,143.8,0,1
Indeck-Oswego Energy Center,50450,1,57.4,57.4,100.0,CC_CHP,eia_digits_cc,2022-05-31,2022-06-15,14.5,0,1
Indeck-Oswego Energy Center,50450,1,57.4,57.4,100.0,CC_CHP,eia_digits_cc,2022-06-16,2022-06-25,8.6,0,1
Indeck-Oswego Energy Center,50450,1,57.4,57.4,100.0,CC_CHP,eia_digits_cc,2022-06-26,2022-07-18,21.6,0,1
Indeck-Oswego Energy Center,50450,1,57.4,57.4,100.0,CC_CHP,eia_digits_cc,2022-08-10,2022-08-24,13.6,0,1
Indeck-Oswego Energy Center,50450,1,57.4,57.4,100.0,CC_CHP,eia_digits_cc,2022-08-29,2022-11-03,65.3,0,1
Indeck-Oswego Energy Center,50450,1,57.4,57.4,100.0,CC_CHP,eia_digits_cc,2022-11-03,2022-12-20,46.7,0,1
Indeck-Oswego Energy Center,50450,1,57.4,57.4,100.0,CC_CHP,eia_digits_cc,2022-12-20,2022-12-31,11.2,0,1
Indeck-Oswego Energy Center,50450,1,57.4,57.4,100.0,CC_CHP,eia_digits_cc,2023-01-01,2023-01-31,30.6,0,1
Indeck-Oswego Energy Center,50450,1,57.4,57.4,100.0,CC_CHP,eia_digits_cc,2023-02-01,2023-06-28,146.7,0,1
Indeck-Oswego Energy Center,50450,1,57.4,57.4,100.0,CC_CHP,eia_digits_cc,2023-08-21,2023-09-07,16.5,0,1
Indeck-Oswego Energy Center,50450,1,57.4,57.4,100.0,CC_CHP,eia_digits_cc,2023-09-11,2023-09-25,13.6,0,1
Indeck-Oswego Energy Center,50450,1,57.4,57.4,100.0,CC_CHP,eia_digits_cc,2023-09-25,2023-10-02,6.6,0,1
Indeck-Oswego Energy Center,50450,1,57.4,57.4,100.0,CC_CHP,eia_digits_cc,2023-10-06,2023-10-29,22.6,0,1
Indeck-Oswego Energy Center,50450,1,57.4,57.4,100.0,CC_CHP,eia_digits_cc,2023-10-31,2023-12-05,34.6,0,1
Indeck-Oswego Energy Center,50450,1,57.4,57.4,100.0,CC_CHP,eia_digits_cc,2023-12-07,2023-12-13,5.6,0,1
Indeck-Oswego Energy Center,50450,1,57.4,57.4,100.0,CC_CHP,eia_digits_cc,2023-12-13,2023-12-31,18.1,0,1
Indeck-Oswego Energy Center,50450,1,57.4,57.4,100.0,CC_CHP,eia_digits_cc,2024-01-08,2024-01-24,15.2,0,1
Indeck-Oswego Energy Center,50450,1,57.4,57.4,100.0,CC_CHP,eia_digits_cc,2024-01-31,2024-02-07,6.2,0,1
Indeck-Oswego Energy Center,50450,1,57.4,57.4,100.0,CC_CHP,eia_digits_cc,2024-02-07,2024-03-05,27.1,0,1
Indeck-Oswego Energy Center,50450,1,57.4,57.4,100.0,CC_CHP,eia_digits_cc,2024-03-05,2024-03-19,13.7,0,1
Indeck-Oswego Energy Center,50450,1,57.4,57.4,100.0,CC_CHP,eia_digits_cc,2024-03-21,2024-05-20,59.6,0,1
Indeck-Oswego Energy Center,50450,1,57.4,57.4,100.0,CC_CHP,eia_digits_cc,2024-05-23,2024-06-03,10.6,0,1
Indeck-Oswego Energy Center,50450,1,57.4,57.4,100.0,CC_CHP,eia_digits_cc,2024-06-04,2024-06-13,8.7,0,1
Indeck-Oswego Energy Center,50450,1,57.4,57.4,100.0,CC_CHP,eia_digits_cc,2024-06-26,2024-07-05,8.6,0,1
Indeck-Oswego Energy Center,50450,1,57.4,57.4,100.0,CC_CHP,eia_digits_cc,2024-08-05,2024-08-14,8.6,0,1
Indeck-Oswego Energy Center,50450,1,57.4,57.4,100.0,CC_CHP,eia_digits_cc,2024-08-15,2024-08-26,10.6,0,1
Indeck-Oswego Energy Center,50450,1,57.4,57.4,100.0,CC_CHP,eia_digits_cc,2024-08-28,2024-09-16,18.6,0,1
Indeck-Oswego Energy Center,50450,1,57.4,57.4,100.0,CC_CHP,eia_digits_cc,2024-09-16,2024-09-23,6.6,0,1
Indeck-Oswego Energy Center,50450,1,57.4,57.4,100.0,CC_CHP,eia_digits_cc,2024-09-26,2024-10-08,11.6,0,1
Indeck-Oswego Energy Center,50450,1,57.4,57.4,100.0,CC_CHP,eia_digits_cc,2024-10-10,2024-11-12,32.7,0,1
Indeck-Oswego Energy Center,50450,1,57.4,57.4,100.0,CC_CHP,eia_digits_cc,2024-11-13,2024-12-01,18.0,0,1
Indeck-Oswego Energy Center,50450,1,57.4,57.4,100.0,CC_CHP,eia_digits_cc,2024-12-07,2024-12-12,5.2,0,1
Indeck-Oswego Energy Center,50450,1,57.4,57.4,100.0,CC_CHP,eia_digits_cc,2024-12-14,2024-12-19,5.1,0,1
Indeck-Oswego Energy Center,50450,1,57.4,57.4,100.0,CC_CHP,eia_digits_cc,2025-02-13,2025-02-20,7.1,0,1
Indeck-Oswego Energy Center,50450,1,57.4,57.4,100.0,CC_CHP,eia_digits_cc,2025-02-20,2025-03-26,33.6,0,1
Indeck-Oswego Energy Center,50450,1,57.4,57.4,100.0,CC_CHP,eia_digits_cc,2025-03-26,2025-04-24,29.0,0,1
Indeck-Oswego Energy Center,50450,1,57.4,57.4,100.0,CC_CHP,eia_digits_cc,2025-04-24,2025-05-29,34.6,0,1
Indeck-Oswego Energy Center,50450,1,57.4,57.4,100.0,CC_CHP,eia_digits_cc,2025-05-29,2025-06-04,5.6,0,1
Indeck-Oswego Energy Center,50450,1,57.4,57.4,100.0,CC_CHP,eia_digits_cc,2025-06-05,2025-06-18,12.5,0,1
Indeck-Oswego Energy Center,50450,1,57.4,57.4,100.0,CC_CHP,eia_digits_cc,2025-08-22,2025-09-02,10.6,0,1
Indeck-Oswego Energy Center,50450,1,57.4,57.4,100.0,CC_CHP,eia_digits_cc,2025-09-02,2025-09-15,12.5,0,1
Indeck-Oswego Energy Center,50450,1,57.4,57.4,100.0,CC_CHP,eia_digits_cc,2025-09-25,2025-10-12,16.6,0,1
Indeck-Oswego Energy Center,50450,1,57.4,57.4,100.0,CC_CHP,eia_digits_cc,2025-10-27,2025-11-06,9.6,0,1
Indeck-Oswego Energy Center,50450,1,57.4,57.4,100.0,CC_CHP,eia_digits_cc,2025-11-20,2025-12-01,10.8,0,1
Indeck-Oswego Energy Center,50450,1,57.4,57.4,100.0,CC_CHP,eia_digits_cc,2025-12-16,2025-12-22,6.5,0,1
Indeck-Oswego Energy Center,50450,1,57.4,57.4,100.0,CC_CHP,eia_digits_cc,2026-01-07,2026-01-15,8.3,0,1
Indeck-Oswego Energy Center,50450,1,57.4,57.4,100.0,CC_CHP,eia_digits_cc,2026-02-10,2026-02-25,14.7,0,1
Indeck-Oswego Energy Center,50450,1,57.4,57.4,100.0,CC_CHP,eia_digits_cc,2026-03-03,2026-03-24,20.1,0,1
Indeck-Oswego Energy Center,50450,1,57.4,57.4,100.0,CC_CHP,eia_digits_cc,2026-03-24,2026-03-31,7.6,0,1
Indeck-Yerkes Energy Center,50451,1,59.9,59.9,100.0,CC_CHP,eia_digits_cc,2019-01-01,2019-01-14,13.2,0,1
Indeck-Yerkes Energy Center,50451,1,59.9,59.9,100.0,CC_CHP,eia_digits_cc,2019-01-14,2019-02-24,40.6,0,1
Indeck-Yerkes Energy Center,50451,1,59.9,59.9,100.0,CC_CHP,eia_digits_cc,2019-02-27,2019-03-25,25.7,0,1
Indeck-Yerkes Energy Center,50451,1,59.9,59.9,100.0,CC_CHP,eia_digits_cc,2019-04-01,2019-04-08,6.6,0,1
Indeck-Yerkes Energy Center,50451,1,59.9,59.9,100.0,CC_CHP,eia_digits_cc,2019-04-09,2019-05-07,27.3,0,1
Indeck-Yerkes Energy Center,50451,1,59.9,59.9,100.0,CC_CHP,eia_digits_cc,2019-05-08,2019-05-24,15.6,0,1
Indeck-Yerkes Energy Center,50451,1,59.9,59.9,100.0,CC_CHP,eia_digits_cc,2019-05-31,2019-06-19,18.9,0,1
Indeck-Yerkes Energy Center,50451,1,59.9,59.9,100.0,CC_CHP,eia_digits_cc,2019-08-12,2019-08-19,6.4,0,1
Indeck-Yerkes Energy Center,50451,1,59.9,59.9,100.0,CC_CHP,eia_digits_cc,2019-08-21,2019-09-10,20.3,0,1
Indeck-Yerkes Energy Center,50451,1,59.9,59.9,100.0,CC_CHP,eia_digits_cc,2019-09-12,2019-10-03,20.6,0,1
Indeck-Yerkes Energy Center,50451,1,59.9,59.9,100.0,CC_CHP,eia_digits_cc,2019-10-08,2019-11-13,35.7,0,1
Indeck-Yerkes Energy Center,50451,1,59.9,59.9,100.0,CC_CHP,eia_digits_cc,2019-11-14,2019-12-19,35.2,0,1
Indeck-Yerkes Energy Center,50451,1,59.9,59.9,100.0,CC_CHP,eia_digits_cc,2019-12-19,2019-12-31,12.1,0,1
Indeck-Yerkes Energy Center,50451,1,59.9,59.9,100.0,CC_CHP,eia_digits_cc,2020-01-01,2020-01-13,12.6,0,1
Indeck-Yerkes Energy Center,50451,1,59.9,59.9,100.0,CC_CHP,eia_digits_cc,2020-01-17,2020-02-08,22.0,0,1
Indeck-Yerkes Energy Center,50451,1,59.9,59.9,100.0,CC_CHP,eia_digits_cc,2020-02-12,2020-05-27,104.6,0,1
Indeck-Yerkes Energy Center,50451,1,59.9,59.9,100.0,CC_CHP,eia_digits_cc,2020-06-03,2020-06-25,21.5,0,1
Indeck-Yerkes Energy Center,50451,1,59.9,59.9,100.0,CC_CHP,eia_digits_cc,2020-08-14,2020-08-24,9.7,0,1
Indeck-Yerkes Energy Center,50451,1,59.9,59.9,100.0,CC_CHP,eia_digits_cc,2020-08-24,2020-09-29,35.7,0,1
Indeck-Yerkes Energy Center,50451,1,59.9,59.9,100.0,CC_CHP,eia_digits_cc,2020-09-29,2020-12-18,79.6,0,1
Indeck-Yerkes Energy Center,50451,1,59.9,59.9,100.0,CC_CHP,eia_digits_cc,2020-12-18,2020-12-31,13.1,0,1
Indeck-Yerkes Energy Center,50451,1,59.9,59.9,100.0,CC_CHP,eia_digits_cc,2021-01-01,2021-01-29,28.2,0,1
Indeck-Yerkes Energy Center,50451,1,59.9,59.9,100.0,CC_CHP,eia_digits_cc,2021-01-31,2021-02-10,9.7,0,1
Indeck-Yerkes Energy Center,50451,1,59.9,59.9,100.0,CC_CHP,eia_digits_cc,2021-02-10,2021-05-20,98.4,0,1
Indeck-Yerkes Energy Center,50451,1,59.9,59.9,100.0,CC_CHP,eia_digits_cc,2021-05-20,2021-06-07,17.6,0,1
Indeck-Yerkes Energy Center,50451,1,59.9,59.9,100.0,CC_CHP,eia_digits_cc,2021-06-10,2021-06-21,10.7,0,1
Indeck-Yerkes Energy Center,50451,1,59.9,59.9,100.0,CC_CHP,eia_digits_cc,2021-06-21,2021-06-28,6.5,0,1
Indeck-Yerkes Energy Center,50451,1,59.9,59.9,100.0,CC_CHP,eia_digits_cc,2021-07-20,2021-07-26,5.4,0,1
Indeck-Yerkes Energy Center,50451,1,59.9,59.9,100.0,CC_CHP,eia_digits_cc,2021-07-28,2021-08-05,7.4,0,1
Indeck-Yerkes Energy Center,50451,1,59.9,59.9,100.0,CC_CHP,eia_digits_cc,2021-08-13,2021-08-19,5.5,0,1
Indeck-Yerkes Energy Center,50451,1,59.9,59.9,100.0,CC_CHP,eia_digits_cc,2021-08-30,2021-09-08,8.5,0,1
Indeck-Yerkes Energy Center,50451,1,59.9,59.9,100.0,CC_CHP,eia_digits_cc,2021-09-08,2021-09-15,6.5,0,1
Indeck-Yerkes Energy Center,50451,1,59.9,59.9,100.0,CC_CHP,eia_digits_cc,2021-09-15,2021-10-05,19.3,0,1
Indeck-Yerkes Energy Center,50451,1,59.9,59.9,100.0,CC_CHP,eia_digits_cc,2021-10-07,2021-10-22,14.9,0,1
Indeck-Yerkes Energy Center,50451,1,59.9,59.9,100.0,CC_CHP,eia_digits_cc,2021-10-23,2021-11-10,18.2,0,1
Indeck-Yerkes Energy Center,50451,1,59.9,59.9,100.0,CC_CHP,eia_digits_cc,2021-11-10,2021-12-08,27.7,0,1
Indeck-Yerkes Energy Center,50451,1,59.9,59.9,100.0,CC_CHP,eia_digits_cc,2021-12-08,2021-12-29,20.5,0,1
Indeck-Yerkes Energy Center,50451,1,59.9,59.9,100.0,CC_CHP,eia_digits_cc,2022-01-01,2022-01-13,12.2,0,1
Indeck-Yerkes Energy Center,50451,1,59.9,59.9,100.0,CC_CHP,eia_digits_cc,2022-01-13,2022-01-19,5.6,0,1
Indeck-Yerkes Energy Center,50451,1,59.9,59.9,100.0,CC_CHP,eia_digits_cc,2022-01-19,2022-01-25,5.6,0,1
Indeck-Yerkes Energy Center,50451,1,59.9,59.9,100.0,CC_CHP,eia_digits_cc,2022-01-25,2022-01-31,5.3,0,1
Indeck-Yerkes Energy Center,50451,1,59.9,59.9,100.0,CC_CHP,eia_digits_cc,2022-02-01,2022-02-08,7.1,0,1
Indeck-Yerkes Energy Center,50451,1,59.9,59.9,100.0,CC_CHP,eia_digits_cc,2022-02-08,2022-02-14,5.8,0,1
Indeck-Yerkes Energy Center,50451,1,59.9,59.9,100.0,CC_CHP,eia_digits_cc,2022-02-15,2022-02-24,9.1,0,1
Indeck-Yerkes Energy Center,50451,1,59.9,59.9,100.0,CC_CHP,eia_digits_cc,2022-03-01,2022-03-28,26.7,0,1
Indeck-Yerkes Energy Center,50451,1,59.9,59.9,100.0,CC_CHP,eia_digits_cc,2022-03-28,2022-05-26,58.7,0,1
Indeck-Yerkes Energy Center,50451,1,59.9,59.9,100.0,CC_CHP,eia_digits_cc,2022-05-31,2022-06-15,14.6,0,1
Indeck-Yerkes Energy Center,50451,1,59.9,59.9,100.0,CC_CHP,eia_digits_cc,2022-06-15,2022-06-25,9.7,0,1
Indeck-Yerkes Energy Center,50451,1,59.9,59.9,100.0,CC_CHP,eia_digits_cc,2022-06-25,2022-07-11,15.6,0,1
Indeck-Yerkes Energy Center,50451,1,59.9,59.9,100.0,CC_CHP,eia_digits_cc,2022-07-11,2022-07-18,6.7,0,1
Indeck-Yerkes Energy Center,50451,1,59.9,59.9,100.0,CC_CHP,eia_digits_cc,2022-07-22,2022-08-03,11.7,0,1
Indeck-Yerkes Energy Center,50451,1,59.9,59.9,100.0,CC_CHP,eia_digits_cc,2022-08-08,2022-08-23,14.5,0,1
Indeck-Yerkes Energy Center,50451,1,59.9,59.9,100.0,CC_CHP,eia_digits_cc,2022-08-25,2022-09-12,17.9,0,1
Indeck-Yerkes Energy Center,50451,1,59.9,59.9,100.0,CC_CHP,eia_digits_cc,2022-09-12,2022-12-12,90.7,0,1
Indeck-Yerkes Energy Center,50451,1,59.9,59.9,100.0,CC_CHP,eia_digits_cc,2022-12-12,2022-12-21,8.3,0,1
Indeck-Yerkes Energy Center,50451,1,59.9,59.9,100.0,CC_CHP,eia_digits_cc,2022-12-21,2022-12-31,10.1,0,1
Indeck-Yerkes Energy Center,50451,1,59.9,59.9,100.0,CC_CHP,eia_digits_cc,2023-01-01,2023-01-31,30.6,0,1
Indeck-Yerkes Energy Center,50451,1,59.9,59.9,100.0,CC_CHP,eia_digits_cc,2023-02-05,2023-04-05,59.1,0,1
Indeck-Yerkes Energy Center,50451,1,59.9,59.9,100.0,CC_CHP,eia_digits_cc,2023-04-05,2023-05-22,46.6,0,1
Indeck-Yerkes Energy Center,50451,1,59.9,59.9,100.0,CC_CHP,eia_digits_cc,2023-05-24,2023-05-31,6.5,0,1
Indeck-Yerkes Energy Center,50451,1,59.9,59.9,100.0,CC_CHP,eia_digits_cc,2023-06-09,2023-06-26,16.8,0,1
Indeck-Yerkes Energy Center,50451,1,59.9,59.9,100.0,CC_CHP,eia_digits_cc,2023-08-04,2023-08-17,12.4,0,1
Indeck-Yerkes Energy Center,50451,1,59.9,59.9,100.0,CC_CHP,eia_digits_cc,2023-08-24,2023-09-04,11.1,0,1
Indeck-Yerkes Energy Center,50451,1,59.9,59.9,100.0,CC_CHP,eia_digits_cc,2023-09-08,2023-10-22,44.1,0,1
Indeck-Yerkes Energy Center,50451,1,59.9,59.9,100.0,CC_CHP,eia_digits_cc,2023-10-22,2023-12-06,44.8,0,1
Indeck-Yerkes Energy Center,50451,1,59.9,59.9,100.0,CC_CHP,eia_digits_cc,2023-12-13,2023-12-31,19.0,0,1
Indeck-Yerkes Energy Center,50451,1,59.9,59.9,100.0,CC_CHP,eia_digits_cc,2024-01-01,2024-01-18,17.1,0,1
Indeck-Yerkes Energy Center,50451,1,59.9,59.9,100.0,CC_CHP,eia_digits_cc,2024-01-18,2024-02-14,27.1,0,1
Indeck-Yerkes Energy Center,50451,1,59.9,59.9,100.0,CC_CHP,eia_digits_cc,2024-02-14,2024-02-29,14.7,0,1
Indeck-Yerkes Energy Center,50451,1,59.9,59.9,100.0,CC_CHP,eia_digits_cc,2024-03-04,2024-03-19,14.7,0,1
Indeck-Yerkes Energy Center,50451,1,59.9,59.9,100.0,CC_CHP,eia_digits_cc,2024-03-19,2024-04-05,16.6,0,1
Indeck-Yerkes Energy Center,50451,1,59.9,59.9,100.0,CC_CHP,eia_digits_cc,2024-04-05,2024-05-30,54.5,0,1
Indeck-Yerkes Energy Center,50451,1,59.9,59.9,100.0,CC_CHP,eia_digits_cc,2024-06-03,2024-06-17,13.7,0,1
Indeck-Yerkes Energy Center,50451,1,59.9,59.9,100.0,CC_CHP,eia_digits_cc,2024-06-21,2024-07-08,16.4,0,1
Indeck-Yerkes Energy Center,50451,1,59.9,59.9,100.0,CC_CHP,eia_digits_cc,2024-07-17,2024-07-30,12.7,0,1
Indeck-Yerkes Energy Center,50451,1,59.9,59.9,100.0,CC_CHP,eia_digits_cc,2024-08-05,2024-08-26,20.5,0,1
Indeck-Yerkes Energy Center,50451,1,59.9,59.9,100.0,CC_CHP,eia_digits_cc,2024-08-28,2024-09-25,27.3,0,1
Indeck-Yerkes Energy Center,50451,1,59.9,59.9,100.0,CC_CHP,eia_digits_cc,2024-09-25,2024-10-22,26.4,0,1
Indeck-Yerkes Energy Center,50451,1,59.9,59.9,100.0,CC_CHP,eia_digits_cc,2024-10-22,2024-11-08,16.5,0,1
Indeck-Yerkes Energy Center,50451,1,59.9,59.9,100.0,CC_CHP,eia_digits_cc,2024-11-12,2024-11-21,8.8,0,1
Indeck-Yerkes Energy Center,50451,1,59.9,59.9,100.0,CC_CHP,eia_digits_cc,2024-11-21,2024-12-02,10.3,0,1
Indeck-Yerkes Energy Center,50451,1,59.9,59.9,100.0,CC_CHP,eia_digits_cc,2024-12-03,2024-12-13,9.2,0,1
Indeck-Yerkes Energy Center,50451,1,59.9,59.9,100.0,CC_CHP,eia_digits_cc,2024-12-13,2024-12-19,5.7,0,1
Indeck-Yerkes Energy Center,50451,1,59.9,59.9,100.0,CC_CHP,eia_digits_cc,2025-01-01,2025-01-10,9.2,0,1
Indeck-Yerkes Energy Center,50451,1,59.9,59.9,100.0,CC_CHP,eia_digits_cc,2025-01-10,2025-01-16,5.2,0,1
Indeck-Yerkes Energy Center,50451,1,59.9,59.9,100.0,CC_CHP,eia_digits_cc,2025-01-16,2025-01-23,6.9,0,1
Indeck-Yerkes Energy Center,50451,1,59.9,59.9,100.0,CC_CHP,eia_digits_cc,2025-02-21,2025-03-02,9.2,0,1
Indeck-Yerkes Energy Center,50451,1,59.9,59.9,100.0,CC_CHP,eia_digits_cc,2025-03-04,2025-04-22,49.1,0,1
Indeck-Yerkes Energy Center,50451,1,59.9,59.9,100.0,CC_CHP,eia_digits_cc,2025-04-24,2025-05-03,9.0,0,1
Indeck-Yerkes Energy Center,50451,1,59.9,59.9,100.0,CC_CHP,eia_digits_cc,2025-05-03,2025-06-22,49.7,0,1
Indeck-Yerkes Energy Center,50451,1,59.9,59.9,100.0,CC_CHP,eia_digits_cc,2025-08-17,2025-09-15,28.6,0,1
Indeck-Yerkes Energy Center,50451,1,59.9,59.9,100.0,CC_CHP,eia_digits_cc,2025-09-25,2025-10-06,10.7,0,1
Indeck-Yerkes Energy Center,50451,1,59.9,59.9,100.0,CC_CHP,eia_digits_cc,2025-10-07,2025-11-10,33.7,0,1
Indeck-Yerkes Energy Center,50451,1,59.9,59.9,100.0,CC_CHP,eia_digits_cc,2025-11-11,2025-12-01,19.6,0,1
Indeck-Yerkes Energy Center,50451,1,59.9,59.9,100.0,CC_CHP,eia_digits_cc,2025-12-17,2025-12-31,15.0,0,1
Indeck-Yerkes Energy Center,50451,1,59.9,59.9,100.0,CC_CHP,eia_digits_cc,2026-01-06,2026-01-15,8.7,0,1
Indeck-Yerkes Energy Center,50451,1,59.9,59.9,100.0,CC_CHP,eia_digits_cc,2026-01-15,2026-01-23,7.6,0,1
Indeck-Yerkes Energy Center,50451,1,59.9,59.9,100.0,CC_CHP,eia_digits_cc,2026-01-30,2026-02-10,11.9,0,1
Indeck-Yerkes Energy Center,50451,1,59.9,59.9,100.0,CC_CHP,eia_digits_cc,2026-02-13,2026-03-01,16.1,0,1
Indeck-Yerkes Energy Center,50451,1,59.9,59.9,100.0,CC_CHP,eia_digits_cc,2026-03-03,2026-03-18,15.0,0,1
Indeck-Yerkes Energy Center,50451,1,59.9,59.9,100.0,CC_CHP,eia_digits_cc,2026-03-19,2026-03-31,13.0,0,1
Indeck-Corinth Energy Center,50458,1,147.0,147.0,100.0,CC_CHP,eia_digits_cc,2019-01-01,2019-01-06,5.8,0,1
Indeck-Corinth Energy Center,50458,1,147.0,147.0,100.0,CC_CHP,eia_digits_cc,2019-03-10,2019-03-18,8.0,0,1
Indeck-Corinth Energy Center,50458,1,147.0,147.0,100.0,CC_CHP,eia_digits_cc,2019-03-29,2019-04-08,9.2,0,1
Indeck-Corinth Energy Center,50458,1,147.0,147.0,100.0,CC_CHP,eia_digits_cc,2019-04-12,2019-05-10,28.7,0,1
Indeck-Corinth Energy Center,50458,1,147.0,147.0,100.0,CC_CHP,eia_digits_cc,2019-05-11,2019-05-20,9.2,0,1
Indeck-Corinth Energy Center,50458,1,147.0,147.0,100.0,CC_CHP,eia_digits_cc,2019-05-20,2019-05-26,5.5,0,1
Indeck-Corinth Energy Center,50458,1,147.0,147.0,100.0,CC_CHP,eia_digits_cc,2019-05-26,2019-06-26,30.4,0,1
Indeck-Corinth Energy Center,50458,1,147.0,147.0,100.0,CC_CHP,eia_digits_cc,2019-09-06,2019-09-11,5.0,0,1
Indeck-Corinth Energy Center,50458,1,147.0,147.0,100.0,CC_CHP,eia_digits_cc,2019-09-13,2019-09-20,6.2,0,1
Indeck-Corinth Energy Center,50458,1,147.0,147.0,100.0,CC_CHP,eia_digits_cc,2019-09-28,2019-10-09,11.0,0,1
Indeck-Corinth Energy Center,50458,1,147.0,147.0,100.0,CC_CHP,eia_digits_cc,2019-10-11,2019-11-05,25.0,0,1
Indeck-Corinth Energy Center,50458,1,147.0,147.0,100.0,CC_CHP,eia_digits_cc,2020-01-25,2020-02-14,20.1,0,1
Indeck-Corinth Energy Center,50458,1,147.0,147.0,100.0,CC_CHP,eia_digits_cc,2020-02-20,2020-05-12,82.5,0,1
Indeck-Corinth Energy Center,50458,1,147.0,147.0,100.0,CC_CHP,eia_digits_cc,2020-05-13,2020-05-21,8.1,0,1
Indeck-Corinth Energy Center,50458,1,147.0,147.0,100.0,CC_CHP,eia_digits_cc,2020-09-14,2020-12-23,99.8,0,1
Indeck-Corinth Energy Center,50458,1,147.0,147.0,100.0,CC_CHP,eia_digits_cc,2021-01-01,2021-01-11,10.1,0,1
Indeck-Corinth Energy Center,50458,1,147.0,147.0,100.0,CC_CHP,eia_digits_cc,2021-02-12,2021-02-18,6.0,0,1
Indeck-Corinth Energy Center,50458,1,147.0,147.0,100.0,CC_CHP,eia_digits_cc,2021-03-18,2021-03-24,5.1,0,1
Indeck-Corinth Energy Center,50458,1,147.0,147.0,100.0,CC_CHP,eia_digits_cc,2021-04-08,2021-04-19,10.1,0,1
Indeck-Corinth Energy Center,50458,1,147.0,147.0,100.0,CC_CHP,eia_digits_cc,2021-05-06,2021-05-16,9.5,0,1
Indeck-Corinth Energy Center,50458,1,147.0,147.0,100.0,CC_CHP,eia_digits_cc,2021-05-27,2021-06-03,6.3,0,1
Indeck-Corinth Energy Center,50458,1,147.0,147.0,100.0,CC_CHP,eia_digits_cc,2021-07-28,2021-08-04,6.5,0,1
Indeck-Corinth Energy Center,50458,1,147.0,147.0,100.0,CC_CHP,eia_digits_cc,2021-08-11,2021-08-17,5.8,0,1
Indeck-Corinth Energy Center,50458,1,147.0,147.0,100.0,CC_CHP,eia_digits_cc,2021-08-31,2021-09-13,12.3,0,1
Indeck-Corinth Energy Center,50458,1,147.0,147.0,100.0,CC_CHP,eia_digits_cc,2021-09-18,2021-09-25,7.4,0,1
Indeck-Corinth Energy Center,50458,1,147.0,147.0,100.0,CC_CHP,eia_digits_cc,2022-01-01,2022-01-07,6.3,0,1
Indeck-Corinth Energy Center,50458,1,147.0,147.0,100.0,CC_CHP,eia_digits_cc,2022-01-08,2022-01-28,20.2,0,1
Indeck-Corinth Energy Center,50458,1,147.0,147.0,100.0,CC_CHP,eia_digits_cc,2022-01-29,2022-02-09,11.8,0,1
Indeck-Corinth Energy Center,50458,1,147.0,147.0,100.0,CC_CHP,eia_digits_cc,2022-02-11,2022-02-18,7.3,0,1
Indeck-Corinth Energy Center,50458,1,147.0,147.0,100.0,CC_CHP,eia_digits_cc,2022-02-19,2022-03-08,17.8,0,1
Indeck-Corinth Energy Center,50458,1,147.0,147.0,100.0,CC_CHP,eia_digits_cc,2022-03-15,2022-03-20,5.5,0,1
Indeck-Corinth Energy Center,50458,1,147.0,147.0,100.0,CC_CHP,eia_digits_cc,2022-04-30,2022-05-10,10.8,0,1
Indeck-Corinth Energy Center,50458,1,147.0,147.0,100.0,CC_CHP,eia_digits_cc,2022-09-20,2022-10-04,13.7,0,1
Indeck-Corinth Energy Center,50458,1,147.0,147.0,100.0,CC_CHP,eia_digits_cc,2022-11-11,2022-11-20,9.8,0,1
Indeck-Corinth Energy Center,50458,1,147.0,147.0,100.0,CC_CHP,eia_digits_cc,2022-12-24,2022-12-31,8.0,0,1
Indeck-Corinth Energy Center,50458,1,147.0,147.0,100.0,CC_CHP,eia_digits_cc,2023-01-01,2023-01-09,8.1,0,1
Indeck-Corinth Energy Center,50458,1,147.0,147.0,100.0,CC_CHP,eia_digits_cc,2023-01-14,2023-01-19,5.1,0,1
Indeck-Corinth Energy Center,50458,1,147.0,147.0,100.0,CC_CHP,eia_digits_cc,2023-01-27,2023-02-08,12.1,0,1
Indeck-Corinth Energy Center,50458,1,147.0,147.0,100.0,CC_CHP,eia_digits_cc,2023-02-19,2023-02-24,5.2,0,1
Indeck-Corinth Energy Center,50458,1,147.0,147.0,100.0,CC_CHP,eia_digits_cc,2023-03-01,2023-03-06,5.3,0,1
Indeck-Corinth Energy Center,50458,1,147.0,147.0,100.0,CC_CHP,eia_digits_cc,2023-03-16,2023-03-21,5.1,0,1
Indeck-Corinth Energy Center,50458,1,147.0,147.0,100.0,CC_CHP,eia_digits_cc,2023-04-15,2023-04-22,7.2,0,1
Indeck-Corinth Energy Center,50458,1,147.0,147.0,100.0,CC_CHP,eia_digits_cc,2023-04-26,2023-05-02,5.7,0,1
Indeck-Corinth Energy Center,50458,1,147.0,147.0,100.0,CC_CHP,eia_digits_cc,2023-05-18,2023-05-23,5.5,0,1
Indeck-Corinth Energy Center,50458,1,147.0,147.0,100.0,CC_CHP,eia_digits_cc,2023-05-25,2023-05-31,6.0,0,1
Indeck-Corinth Energy Center,50458,1,147.0,147.0,100.0,CC_CHP,eia_digits_cc,2023-06-03,2023-06-11,8.5,0,1
Indeck-Corinth Energy Center,50458,1,147.0,147.0,100.0,CC_CHP,eia_digits_cc,2023-09-14,2023-09-20,6.4,0,1
Indeck-Corinth Energy Center,50458,1,147.0,147.0,100.0,CC_CHP,eia_digits_cc,2023-09-20,2023-10-01,10.4,0,1
Indeck-Corinth Energy Center,50458,1,147.0,147.0,100.0,CC_CHP,eia_digits_cc,2023-10-05,2023-10-12,6.6,0,1
Indeck-Corinth Energy Center,50458,1,147.0,147.0,100.0,CC_CHP,eia_digits_cc,2023-10-13,2023-10-31,18.0,0,1
Indeck-Corinth Energy Center,50458,1,147.0,147.0,100.0,CC_CHP,eia_digits_cc,2023-12-15,2023-12-21,6.1,0,1
Indeck-Corinth Energy Center,50458,1,147.0,147.0,100.0,CC_CHP,eia_digits_cc,2023-12-23,2023-12-31,8.8,0,1
Indeck-Corinth Energy Center,50458,1,147.0,147.0,100.0,CC_CHP,eia_digits_cc,2024-01-11,2024-01-16,5.2,0,1
Indeck-Corinth Energy Center,50458,1,147.0,147.0,100.0,CC_CHP,eia_digits_cc,2024-01-17,2024-01-23,6.9,0,1
Indeck-Corinth Energy Center,50458,1,147.0,147.0,100.0,CC_CHP,eia_digits_cc,2024-02-09,2024-02-14,5.1,0,1
Indeck-Corinth Energy Center,50458,1,147.0,147.0,100.0,CC_CHP,eia_digits_cc,2024-02-24,2024-03-21,26.0,0,1
Indeck-Corinth Energy Center,50458,1,147.0,147.0,100.0,CC_CHP,eia_digits_cc,2024-03-23,2024-04-25,33.6,0,1
Indeck-Corinth Energy Center,50458,1,147.0,147.0,100.0,CC_CHP,eia_digits_cc,2024-04-26,2024-05-07,11.5,0,1
Indeck-Corinth Energy Center,50458,1,147.0,147.0,100.0,CC_CHP,eia_digits_cc,2024-05-08,2024-05-20,11.5,0,1
Indeck-Corinth Energy Center,50458,1,147.0,147.0,100.0,CC_CHP,eia_digits_cc,2024-06-06,2024-06-12,5.5,0,1
Indeck-Corinth Energy Center,50458,1,147.0,147.0,100.0,CC_CHP,eia_digits_cc,2024-08-06,2024-09-06,30.6,0,1
Indeck-Corinth Energy Center,50458,1,147.0,147.0,100.0,CC_CHP,eia_digits_cc,2024-09-14,2024-10-13,28.5,0,1
Indeck-Corinth Energy Center,50458,1,147.0,147.0,100.0,CC_CHP,eia_digits_cc,2024-11-16,2024-11-22,5.8,0,1
Indeck-Corinth Energy Center,50458,1,147.0,147.0,100.0,CC_CHP,eia_digits_cc,2025-01-10,2025-01-16,6.8,0,1
Indeck-Corinth Energy Center,50458,1,147.0,147.0,100.0,CC_CHP,eia_digits_cc,2025-01-22,2025-01-29,6.6,0,1
Indeck-Corinth Energy Center,50458,1,147.0,147.0,100.0,CC_CHP,eia_digits_cc,2025-02-12,2025-02-19,7.4,0,1
Indeck-Corinth Energy Center,50458,1,147.0,147.0,100.0,CC_CHP,eia_digits_cc,2025-03-01,2025-03-10,9.0,0,1
Indeck-Corinth Energy Center,50458,1,147.0,147.0,100.0,CC_CHP,eia_digits_cc,2025-04-01,2025-04-14,13.6,0,1
Indeck-Corinth Energy Center,50458,1,147.0,147.0,100.0,CC_CHP,eia_digits_cc,2025-04-14,2025-04-21,6.6,0,1
Indeck-Corinth Energy Center,50458,1,147.0,147.0,100.0,CC_CHP,eia_digits_cc,2025-05-06,2025-05-12,5.6,0,1
Indeck-Corinth Energy Center,50458,1,147.0,147.0,100.0,CC_CHP,eia_digits_cc,2025-05-13,2025-05-27,14.5,0,1
Indeck-Corinth Energy Center,50458,1,147.0,147.0,100.0,CC_CHP,eia_digits_cc,2025-05-27,2025-06-03,6.5,0,1
Indeck-Corinth Energy Center,50458,1,147.0,147.0,100.0,CC_CHP,eia_digits_cc,2025-06-11,2025-06-17,5.7,0,1
Indeck-Corinth Energy Center,50458,1,147.0,147.0,100.0,CC_CHP,eia_digits_cc,2025-08-27,2025-09-02,6.5,0,1
Indeck-Corinth Energy Center,50458,1,147.0,147.0,100.0,CC_CHP,eia_digits_cc,2025-11-15,2025-11-24,9.4,0,1
Indeck-Corinth Energy Center,50458,1,147.0,147.0,100.0,CC_CHP,eia_digits_cc,2025-12-05,2025-12-11,6.5,0,1
Indeck-Corinth Energy Center,50458,1,147.0,147.0,100.0,CC_CHP,eia_digits_cc,2025-12-12,2025-12-17,5.5,0,1
Indeck-Corinth Energy Center,50458,1,147.0,147.0,100.0,CC_CHP,eia_digits_cc,2026-01-01,2026-01-06,5.9,0,1
Indeck-Corinth Energy Center,50458,1,147.0,147.0,100.0,CC_CHP,eia_digits_cc,2026-01-15,2026-01-23,8.7,0,1
Indeck-Corinth Energy Center,50458,1,147.0,147.0,100.0,CC_CHP,eia_digits_cc,2026-01-31,2026-02-12,12.0,0,1
Sterling Power Plant,50744,00001,43.0,43.0,100.0,CC_REGULAR,observed_peak,2019-02-25,2019-07-19,143.6,0,1
Sterling Power Plant,50744,00001,43.0,43.0,100.0,CC_REGULAR,observed_peak,2019-07-20,2019-07-29,8.3,0,1
Sterling Power Plant,50744,00001,43.0,43.0,100.0,CC_REGULAR,observed_peak,2019-07-30,2019-08-19,19.3,0,1
Sterling Power Plant,50744,00001,43.0,43.0,100.0,CC_REGULAR,observed_peak,2019-08-20,2019-09-30,40.3,0,1
Sterling Power Plant,50744,00001,43.0,43.0,100.0,CC_REGULAR,observed_peak,2019-10-01,2019-10-16,14.7,0,1
Sterling Power Plant,50744,00001,44.0,44.0,100.0,CC_REGULAR,observed_peak,2020-04-01,2020-07-08,97.4,0,1
Sterling Power Plant,50744,00001,44.0,44.0,100.0,CC_REGULAR,observed_peak,2020-07-10,2020-07-20,9.3,0,1
Sterling Power Plant,50744,00001,44.0,44.0,100.0,CC_REGULAR,observed_peak,2020-07-20,2020-07-27,6.6,0,1
Sterling Power Plant,50744,00001,44.0,44.0,100.0,CC_REGULAR,observed_peak,2020-07-27,2020-08-11,14.5,0,1
Sterling Power Plant,50744,00001,44.0,44.0,100.0,CC_REGULAR,observed_peak,2020-08-11,2020-10-26,75.5,0,1
Sterling Power Plant,50744,00001,44.0,44.0,100.0,CC_REGULAR,observed_peak,2020-10-26,2020-12-17,51.8,0,1
Sterling Power Plant,50744,00001,44.0,44.0,100.0,CC_REGULAR,observed_peak,2020-12-17,2020-12-31,14.1,0,1
Carr Street Generating Station,50978,B,41.0,41.0,100.0,CC_REGULAR,observed_peak,2026-03-04,2026-03-17,13.6,0,2
Carr Street Generating Station,50978,B,41.0,41.0,100.0,CC_REGULAR,observed_peak,2026-03-19,2026-03-31,12.0,0,2
Riverbay Corp. - Co-Op City,52168,00004,12.0,25.0,48.0,CC_CHP,observed_peak,2019-01-01,2019-04-30,120.0,1,4
Riverbay Corp. - Co-Op City,52168,00004,12.0,25.0,48.0,CC_CHP,observed_peak,2019-06-08,2019-06-15,7.1,1,4
Riverbay Corp. - Co-Op City,52168,00004,12.0,25.0,48.0,CC_CHP,observed_peak,2019-06-22,2019-07-06,14.1,1,4
Riverbay Corp. - Co-Op City,52168,00004,12.0,25.0,48.0,CC_CHP,observed_peak,2019-07-06,2019-07-13,7.0,1,4
Riverbay Corp. - Co-Op City,52168,00004,12.0,25.0,48.0,CC_CHP,observed_peak,2019-07-14,2019-07-19,5.3,1,4
Riverbay Corp. - Co-Op City,52168,00004,12.0,25.0,48.0,CC_CHP,observed_peak,2019-08-10,2019-08-19,9.2,1,4
Riverbay Corp. - Co-Op City,52168,00004,12.0,25.0,48.0,CC_CHP,observed_peak,2019-08-20,2019-09-13,23.9,1,4
Riverbay Corp. - Co-Op City,52168,00004,12.0,25.0,48.0,CC_CHP,observed_peak,2019-10-01,2019-12-31,92.0,1,4
Riverbay Corp. - Co-Op City,52168,00004,13.0,26.0,50.0,CC_CHP,observed_peak,2020-07-10,2020-07-18,8.2,1,4
Riverbay Corp. - Co-Op City,52168,00004,13.0,26.0,50.0,CC_CHP,observed_peak,2020-08-08,2020-08-15,7.0,1,4
Riverbay Corp. - Co-Op City,52168,00004,13.0,26.0,50.0,CC_CHP,observed_peak,2020-10-01,2020-12-31,92.0,1,4
Riverbay Corp. - Co-Op City,52168,00006,13.0,25.0,52.0,CC_CHP,observed_peak,2019-07-27,2019-08-10,13.7,1,4
Riverbay Corp. - Co-Op City,52168,00006,13.0,25.0,52.0,CC_CHP,observed_peak,2019-09-27,2019-12-31,95.4,1,4
Riverbay,52168,NET0-923,43.5,43.5,100.0,CC_CHP,eia923_netzero,2026-01-01,2026-12-31,365.0,0,1
Rensselaer Cogen,54034,1GTDBS,88.2,88.2,100.0,CC_REGULAR,eia_digits_cc,2019-01-01,2019-07-19,199.4,0,1
Rensselaer Cogen,54034,1GTDBS,88.2,88.2,100.0,CC_REGULAR,eia_digits_cc,2019-07-19,2019-11-12,116.0,0,1
Rensselaer Cogen,54034,1GTDBS,88.2,88.2,100.0,CC_REGULAR,eia_digits_cc,2019-11-14,2019-12-31,47.6,0,1
Rensselaer Cogen,54034,1GTDBS,88.2,88.2,100.0,CC_REGULAR,eia_digits_cc,2020-01-01,2020-08-12,224.4,0,1
Rensselaer Cogen,54034,1GTDBS,88.2,88.2,100.0,CC_REGULAR,eia_digits_cc,2020-08-12,2020-11-18,97.9,0,1
Rensselaer Cogen,54034,1GTDBS,88.2,88.2,100.0,CC_REGULAR,eia_digits_cc,2020-11-20,2020-12-17,27.8,0,1
Rensselaer Cogen,54034,1GTDBS,88.2,88.2,100.0,CC_REGULAR,eia_digits_cc,2020-12-19,2020-12-31,13.0,0,1
Rensselaer Cogen,54034,1GTDBS,88.2,88.2,100.0,CC_REGULAR,eia_digits_cc,2021-01-01,2021-02-02,32.9,0,1
Rensselaer Cogen,54034,1GTDBS,88.2,88.2,100.0,CC_REGULAR,eia_digits_cc,2021-02-11,2021-03-02,18.6,0,1
Rensselaer Cogen,54034,1GTDBS,88.2,88.2,100.0,CC_REGULAR,eia_digits_cc,2021-03-03,2021-06-07,95.2,0,1
Rensselaer Cogen,54034,1GTDBS,88.2,88.2,100.0,CC_REGULAR,eia_digits_cc,2021-06-11,2021-06-21,10.2,0,1
Rensselaer Cogen,54034,1GTDBS,88.2,88.2,100.0,CC_REGULAR,eia_digits_cc,2021-06-21,2021-06-28,6.2,0,1
Rensselaer Cogen,54034,1GTDBS,88.2,88.2,100.0,CC_REGULAR,eia_digits_cc,2021-06-30,2021-07-16,15.3,0,1
Rensselaer Cogen,54034,1GTDBS,88.2,88.2,100.0,CC_REGULAR,eia_digits_cc,2021-07-16,2021-08-12,26.2,0,1
Rensselaer Cogen,54034,1GTDBS,88.2,88.2,100.0,CC_REGULAR,eia_digits_cc,2021-08-12,2021-08-26,13.3,0,1
Rensselaer Cogen,54034,1GTDBS,88.2,88.2,100.0,CC_REGULAR,eia_digits_cc,2021-08-26,2021-09-23,27.2,0,1
Rensselaer Cogen,54034,1GTDBS,88.2,88.2,100.0,CC_REGULAR,eia_digits_cc,2021-09-24,2021-11-08,44.2,0,1
Rensselaer Cogen,54034,1GTDBS,88.2,88.2,100.0,CC_REGULAR,eia_digits_cc,2021-11-09,2021-11-23,14.8,0,1
Rensselaer Cogen,54034,1GTDBS,88.2,88.2,100.0,CC_REGULAR,eia_digits_cc,2021-11-25,2021-12-08,13.8,0,1
Rensselaer Cogen,54034,1GTDBS,88.2,88.2,100.0,CC_REGULAR,eia_digits_cc,2021-12-10,2021-12-21,11.8,0,1
Rensselaer Cogen,54034,1GTDBS,88.2,88.2,100.0,CC_REGULAR,eia_digits_cc,2021-12-24,2021-12-31,8.0,0,1
Rensselaer Cogen,54034,1GTDBS,88.2,88.2,100.0,CC_REGULAR,eia_digits_cc,2022-01-01,2022-02-09,39.9,0,1
Rensselaer Cogen,54034,1GTDBS,88.2,88.2,100.0,CC_REGULAR,eia_digits_cc,2022-02-10,2022-03-09,26.2,0,1
Rensselaer Cogen,54034,1GTDBS,88.2,88.2,100.0,CC_REGULAR,eia_digits_cc,2022-03-12,2022-03-24,11.4,0,1
Rensselaer Cogen,54034,1GTDBS,88.2,88.2,100.0,CC_REGULAR,eia_digits_cc,2022-03-26,2022-04-03,8.0,0,1
Rensselaer Cogen,54034,1GTDBS,88.2,88.2,100.0,CC_REGULAR,eia_digits_cc,2022-04-07,2022-04-19,11.1,0,1
Rensselaer Cogen,54034,1GTDBS,88.2,88.2,100.0,CC_REGULAR,eia_digits_cc,2022-04-21,2022-05-16,24.2,0,1
Rensselaer Cogen,54034,1GTDBS,88.2,88.2,100.0,CC_REGULAR,eia_digits_cc,2022-05-23,2022-07-01,39.3,0,1
Rensselaer Cogen,54034,1GTDBS,88.2,88.2,100.0,CC_REGULAR,eia_digits_cc,2022-07-02,2022-07-18,16.7,0,1
Rensselaer Cogen,54034,1GTDBS,88.2,88.2,100.0,CC_REGULAR,eia_digits_cc,2022-08-09,2022-08-30,20.4,0,1
Rensselaer Cogen,54034,1GTDBS,88.2,88.2,100.0,CC_REGULAR,eia_digits_cc,2022-08-30,2022-09-18,18.5,0,1
Rensselaer Cogen,54034,1GTDBS,88.2,88.2,100.0,CC_REGULAR,eia_digits_cc,2022-09-19,2022-11-14,56.1,0,1
Rensselaer Cogen,54034,1GTDBS,88.2,88.2,100.0,CC_REGULAR,eia_digits_cc,2022-11-25,2022-11-30,5.0,0,1
Rensselaer Cogen,54034,1GTDBS,88.2,88.2,100.0,CC_REGULAR,eia_digits_cc,2022-12-03,2022-12-13,10.9,0,1
Rensselaer Cogen,54034,1GTDBS,88.2,88.2,100.0,CC_REGULAR,eia_digits_cc,2022-12-18,2022-12-31,13.5,0,1
Rensselaer Cogen,54034,1GTDBS,88.2,88.2,100.0,CC_REGULAR,eia_digits_cc,2023-01-01,2023-03-07,65.1,0,1
Rensselaer Cogen,54034,1GTDBS,88.2,88.2,100.0,CC_REGULAR,eia_digits_cc,2023-03-08,2023-07-05,118.3,0,1
Rensselaer Cogen,54034,1GTDBS,88.2,88.2,100.0,CC_REGULAR,eia_digits_cc,2023-07-17,2023-07-26,8.4,0,1
Rensselaer Cogen,54034,1GTDBS,88.2,88.2,100.0,CC_REGULAR,eia_digits_cc,2023-07-29,2023-09-05,37.4,0,1
Rensselaer Cogen,54034,1GTDBS,88.2,88.2,100.0,CC_REGULAR,eia_digits_cc,2023-09-08,2023-11-29,81.2,0,1
Rensselaer Cogen,54034,1GTDBS,88.2,88.2,100.0,CC_REGULAR,eia_digits_cc,2023-11-30,2023-12-06,6.1,0,1
Rensselaer Cogen,54034,1GTDBS,88.2,88.2,100.0,CC_REGULAR,eia_digits_cc,2023-12-07,2023-12-31,24.0,0,1
Rensselaer Cogen,54034,1GTDBS,88.2,88.2,100.0,CC_REGULAR,eia_digits_cc,2024-01-01,2024-06-20,171.3,0,1
Rensselaer Cogen,54034,1GTDBS,88.2,88.2,100.0,CC_REGULAR,eia_digits_cc,2024-06-21,2024-07-08,16.4,0,1
Rensselaer Cogen,54034,1GTDBS,88.2,88.2,100.0,CC_REGULAR,eia_digits_cc,2024-07-08,2024-07-15,6.3,0,1
Rensselaer Cogen,54034,1GTDBS,88.2,88.2,100.0,CC_REGULAR,eia_digits_cc,2024-07-16,2024-09-13,58.5,0,1
Rensselaer Cogen,54034,1GTDBS,88.2,88.2,100.0,CC_REGULAR,eia_digits_cc,2024-09-13,2024-11-25,72.6,0,1
Rensselaer Cogen,54034,1GTDBS,88.2,88.2,100.0,CC_REGULAR,eia_digits_cc,2024-11-25,2024-12-03,8.0,0,1
Rensselaer Cogen,54034,1GTDBS,88.2,88.2,100.0,CC_REGULAR,eia_digits_cc,2024-12-15,2024-12-31,16.1,0,1
Rensselaer Cogen,54034,1GTDBS,88.2,88.2,100.0,CC_REGULAR,eia_digits_cc,2025-01-01,2025-01-28,27.5,0,1
Rensselaer Cogen,54034,1GTDBS,88.2,88.2,100.0,CC_REGULAR,eia_digits_cc,2025-01-30,2025-06-22,142.9,0,1
Rensselaer Cogen,54034,1GTDBS,88.2,88.2,100.0,CC_REGULAR,eia_digits_cc,2025-07-08,2025-07-14,5.8,0,1
Rensselaer Cogen,54034,1GTDBS,88.2,88.2,100.0,CC_REGULAR,eia_digits_cc,2025-07-18,2025-07-24,5.5,0,1
Rensselaer Cogen,54034,1GTDBS,88.2,88.2,100.0,CC_REGULAR,eia_digits_cc,2025-08-21,2025-09-24,33.2,0,1
Rensselaer Cogen,54034,1GTDBS,88.2,88.2,100.0,CC_REGULAR,eia_digits_cc,2025-09-27,2025-10-06,9.5,0,1
Rensselaer Cogen,54034,1GTDBS,88.2,88.2,100.0,CC_REGULAR,eia_digits_cc,2025-10-07,2025-10-20,12.2,0,1
Rensselaer Cogen,54034,1GTDBS,88.2,88.2,100.0,CC_REGULAR,eia_digits_cc,2025-10-22,2025-12-01,39.2,0,1
Rensselaer Cogen,54034,1GTDBS,88.2,88.2,100.0,CC_REGULAR,eia_digits_cc,2025-12-04,2025-12-15,11.1,0,1
Rensselaer Cogen,54034,1GTDBS,88.2,88.2,100.0,CC_REGULAR,eia_digits_cc,2026-01-01,2026-01-06,5.9,0,1
Rensselaer Cogen,54034,1GTDBS,88.2,88.2,100.0,CC_REGULAR,eia_digits_cc,2026-01-09,2026-01-25,16.9,0,1
Rensselaer Cogen,54034,1GTDBS,88.2,88.2,100.0,CC_REGULAR,eia_digits_cc,2026-01-31,2026-02-14,14.9,0,1
Rensselaer Cogen,54034,1GTDBS,88.2,88.2,100.0,CC_REGULAR,eia_digits_cc,2026-02-21,2026-03-31,39.0,0,1
Lockport,54041,011854,51.0,153.0,33.3,CC_CHP,observed_peak,2026-03-04,2026-03-12,8.3,2,3
Lockport,54041,011854,51.0,153.0,33.3,CC_CHP,observed_peak,2026-03-13,2026-03-25,12.8,2,3
Lockport,54041,011854,51.0,153.0,33.3,CC_CHP,observed_peak,2026-03-26,2026-03-31,5.0,2,3
Lockport,54041,011855,51.0,153.0,33.3,CC_CHP,observed_peak,2026-03-04,2026-03-12,8.3,2,3
Lockport,54041,011855,51.0,153.0,33.3,CC_CHP,observed_peak,2026-03-18,2026-03-24,5.8,2,3
Lockport,54041,011855,51.0,153.0,33.3,CC_CHP,observed_peak,2026-03-25,2026-03-31,6.1,2,3
Lockport,54041,011856,51.0,153.0,33.3,CC_CHP,observed_peak,2026-03-02,2026-03-16,13.5,2,3
Lockport,54041,011856,51.0,153.0,33.3,CC_CHP,observed_peak,2026-03-24,2026-03-31,7.1,2,3
Indeck-Olean Energy Center,54076,1,90.6,90.6,100.0,CC_CHP,eia_digits_cc,2019-02-01,2019-02-24,22.2,0,1
Indeck-Olean Energy Center,54076,1,90.6,90.6,100.0,CC_CHP,eia_digits_cc,2019-03-01,2019-03-06,5.0,0,1
Indeck-Olean Energy Center,54076,1,90.6,90.6,100.0,CC_CHP,eia_digits_cc,2019-03-07,2019-03-13,6.2,0,1
Indeck-Olean Energy Center,54076,1,90.6,90.6,100.0,CC_CHP,eia_digits_cc,2019-03-14,2019-03-21,6.3,0,1
Indeck-Olean Energy Center,54076,1,90.6,90.6,100.0,CC_CHP,eia_digits_cc,2019-04-21,2019-05-06,15.2,0,1
Indeck-Olean Energy Center,54076,1,90.6,90.6,100.0,CC_CHP,eia_digits_cc,2019-05-07,2019-05-13,5.3,0,1
Indeck-Olean Energy Center,54076,1,90.6,90.6,100.0,CC_CHP,eia_digits_cc,2019-05-31,2019-06-06,5.3,0,1
Indeck-Olean Energy Center,54076,1,90.6,90.6,100.0,CC_CHP,eia_digits_cc,2019-06-21,2019-06-27,5.8,0,1
Indeck-Olean Energy Center,54076,1,90.6,90.6,100.0,CC_CHP,eia_digits_cc,2019-08-21,2019-09-09,18.5,0,1
Indeck-Olean Energy Center,54076,1,90.6,90.6,100.0,CC_CHP,eia_digits_cc,2019-09-16,2019-09-23,6.5,0,1
Indeck-Olean Energy Center,54076,1,90.6,90.6,100.0,CC_CHP,eia_digits_cc,2019-09-23,2019-09-30,6.5,0,1
Indeck-Olean Energy Center,54076,1,90.6,90.6,100.0,CC_CHP,eia_digits_cc,2019-10-04,2019-11-12,38.2,0,1
Indeck-Olean Energy Center,54076,1,90.6,90.6,100.0,CC_CHP,eia_digits_cc,2019-11-14,2019-12-19,34.2,0,1
Indeck-Olean Energy Center,54076,1,90.6,90.6,100.0,CC_CHP,eia_digits_cc,2019-12-20,2019-12-31,11.1,0,1
Indeck-Olean Energy Center,54076,1,90.6,90.6,100.0,CC_CHP,eia_digits_cc,2020-01-01,2020-01-07,6.3,0,1
Indeck-Olean Energy Center,54076,1,90.6,90.6,100.0,CC_CHP,eia_digits_cc,2020-01-09,2020-01-17,7.9,0,1
Indeck-Olean Energy Center,54076,1,90.6,90.6,100.0,CC_CHP,eia_digits_cc,2020-01-17,2020-01-30,12.5,0,1
Indeck-Olean Energy Center,54076,1,90.6,90.6,100.0,CC_CHP,eia_digits_cc,2020-02-22,2020-03-07,13.2,0,1
Indeck-Olean Energy Center,54076,1,90.6,90.6,100.0,CC_CHP,eia_digits_cc,2020-03-14,2020-04-02,18.3,0,1
Indeck-Olean Energy Center,54076,1,90.6,90.6,100.0,CC_CHP,eia_digits_cc,2020-04-02,2020-04-27,24.5,0,1
Indeck-Olean Energy Center,54076,1,90.6,90.6,100.0,CC_CHP,eia_digits_cc,2020-05-08,2020-05-26,17.4,0,1
Indeck-Olean Energy Center,54076,1,90.6,90.6,100.0,CC_CHP,eia_digits_cc,2020-06-11,2020-06-17,5.5,0,1
Indeck-Olean Energy Center,54076,1,90.6,90.6,100.0,CC_CHP,eia_digits_cc,2020-08-14,2020-08-24,9.5,0,1
Indeck-Olean Energy Center,54076,1,90.6,90.6,100.0,CC_CHP,eia_digits_cc,2020-08-28,2020-09-09,11.5,0,1
Indeck-Olean Energy Center,54076,1,90.6,90.6,100.0,CC_CHP,eia_digits_cc,2020-09-09,2020-10-13,33.7,0,1
Indeck-Olean Energy Center,54076,1,90.6,90.6,100.0,CC_CHP,eia_digits_cc,2020-10-14,2020-11-19,35.7,0,1
Indeck-Olean Energy Center,54076,1,90.6,90.6,100.0,CC_CHP,eia_digits_cc,2020-11-19,2020-11-30,10.8,0,1
Indeck-Olean Energy Center,54076,1,90.6,90.6,100.0,CC_CHP,eia_digits_cc,2020-11-30,2020-12-16,15.6,0,1
Indeck-Olean Energy Center,54076,1,90.6,90.6,100.0,CC_CHP,eia_digits_cc,2020-12-18,2020-12-31,13.1,0,1
Indeck-Olean Energy Center,54076,1,90.6,90.6,100.0,CC_CHP,eia_digits_cc,2021-01-01,2021-01-29,28.2,0,1
Indeck-Olean Energy Center,54076,1,90.6,90.6,100.0,CC_CHP,eia_digits_cc,2021-01-31,2021-02-08,7.6,0,1
Indeck-Olean Energy Center,54076,1,90.6,90.6,100.0,CC_CHP,eia_digits_cc,2021-02-11,2021-03-17,33.2,0,1
Indeck-Olean Energy Center,54076,1,90.6,90.6,100.0,CC_CHP,eia_digits_cc,2021-03-17,2021-05-20,63.8,0,1
Indeck-Olean Energy Center,54076,1,90.6,90.6,100.0,CC_CHP,eia_digits_cc,2021-05-20,2021-06-07,17.5,0,1
Indeck-Olean Energy Center,54076,1,90.6,90.6,100.0,CC_CHP,eia_digits_cc,2021-06-21,2021-06-28,6.4,0,1
Indeck-Olean Energy Center,54076,1,90.6,90.6,100.0,CC_CHP,eia_digits_cc,2021-07-20,2021-07-26,5.3,0,1
Indeck-Olean Energy Center,54076,1,90.6,90.6,100.0,CC_CHP,eia_digits_cc,2021-07-29,2021-08-06,7.5,0,1
Indeck-Olean Energy Center,54076,1,90.6,90.6,100.0,CC_CHP,eia_digits_cc,2021-08-31,2021-09-08,7.5,0,1
Indeck-Olean Energy Center,54076,1,90.6,90.6,100.0,CC_CHP,eia_digits_cc,2021-09-08,2021-09-14,5.4,0,1
Indeck-Olean Energy Center,54076,1,90.6,90.6,100.0,CC_CHP,eia_digits_cc,2021-09-17,2021-10-06,18.3,0,1
Indeck-Olean Energy Center,54076,1,90.6,90.6,100.0,CC_CHP,eia_digits_cc,2021-10-07,2021-12-08,61.3,0,1
Indeck-Olean Energy Center,54076,1,90.6,90.6,100.0,CC_CHP,eia_digits_cc,2021-12-09,2021-12-31,22.1,0,1
Indeck-Olean Energy Center,54076,1,90.6,90.6,100.0,CC_CHP,eia_digits_cc,2022-01-01,2022-01-07,6.1,0,1
Indeck-Olean Energy Center,54076,1,90.6,90.6,100.0,CC_CHP,eia_digits_cc,2022-02-06,2022-02-24,18.4,0,1
Indeck-Olean Energy Center,54076,1,90.6,90.6,100.0,CC_CHP,eia_digits_cc,2022-03-04,2022-03-25,20.6,0,1
Indeck-Olean Energy Center,54076,1,90.6,90.6,100.0,CC_CHP,eia_digits_cc,2022-04-22,2022-05-02,9.2,0,1
Indeck-Olean Energy Center,54076,1,90.6,90.6,100.0,CC_CHP,eia_digits_cc,2022-05-20,2022-05-31,10.5,0,1
Indeck-Olean Energy Center,54076,1,90.6,90.6,100.0,CC_CHP,eia_digits_cc,2022-05-31,2022-06-15,14.3,0,1
Indeck-Olean Energy Center,54076,1,90.6,90.6,100.0,CC_CHP,eia_digits_cc,2022-06-15,2022-06-30,14.5,0,1
Indeck-Olean Energy Center,54076,1,90.6,90.6,100.0,CC_CHP,eia_digits_cc,2022-07-01,2022-07-11,9.5,0,1
Indeck-Olean Energy Center,54076,1,90.6,90.6,100.0,CC_CHP,eia_digits_cc,2022-07-12,2022-07-18,5.4,0,1
Indeck-Olean Energy Center,54076,1,90.6,90.6,100.0,CC_CHP,eia_digits_cc,2022-07-27,2022-08-03,6.5,0,1
Indeck-Olean Energy Center,54076,1,90.6,90.6,100.0,CC_CHP,eia_digits_cc,2022-08-09,2022-08-24,14.5,0,1
Indeck-Olean Energy Center,54076,1,90.6,90.6,100.0,CC_CHP,eia_digits_cc,2022-08-29,2022-11-09,71.6,0,1
Indeck-Olean Energy Center,54076,1,90.6,90.6,100.0,CC_CHP,eia_digits_cc,2022-11-09,2022-12-13,33.2,0,1
Indeck-Olean Energy Center,54076,1,90.6,90.6,100.0,CC_CHP,eia_digits_cc,2022-12-26,2022-12-31,6.0,0,1
Indeck-Olean Energy Center,54076,1,90.6,90.6,100.0,CC_CHP,eia_digits_cc,2023-01-01,2023-01-31,30.2,0,1
Indeck-Olean Energy Center,54076,1,90.6,90.6,100.0,CC_CHP,eia_digits_cc,2023-02-05,2023-03-22,45.0,0,1
Indeck-Olean Energy Center,54076,1,90.6,90.6,100.0,CC_CHP,eia_digits_cc,2023-03-22,2023-04-10,18.6,0,1
Indeck-Olean Energy Center,54076,1,90.6,90.6,100.0,CC_CHP,eia_digits_cc,2023-04-10,2023-05-25,45.0,0,1
Indeck-Olean Energy Center,54076,1,90.6,90.6,100.0,CC_CHP,eia_digits_cc,2023-05-25,2023-06-01,6.5,0,1
Indeck-Olean Energy Center,54076,1,90.6,90.6,100.0,CC_CHP,eia_digits_cc,2023-06-02,2023-06-28,25.5,0,1
Indeck-Olean Energy Center,54076,1,90.6,90.6,100.0,CC_CHP,eia_digits_cc,2023-07-29,2023-08-04,6.4,0,1
Indeck-Olean Energy Center,54076,1,90.6,90.6,100.0,CC_CHP,eia_digits_cc,2023-08-04,2023-08-15,10.4,0,1
Indeck-Olean Energy Center,54076,1,90.6,90.6,100.0,CC_CHP,eia_digits_cc,2023-08-15,2023-09-04,19.5,0,1
Indeck-Olean Energy Center,54076,1,90.6,90.6,100.0,CC_CHP,eia_digits_cc,2023-09-09,2023-10-03,24.5,0,1
Indeck-Olean Energy Center,54076,1,90.6,90.6,100.0,CC_CHP,eia_digits_cc,2023-10-03,2023-11-08,35.3,0,1
Indeck-Olean Energy Center,54076,1,90.6,90.6,100.0,CC_CHP,eia_digits_cc,2023-11-08,2023-11-14,5.7,0,1
Indeck-Olean Energy Center,54076,1,90.6,90.6,100.0,CC_CHP,eia_digits_cc,2023-11-14,2023-12-06,21.2,0,1
Indeck-Olean Energy Center,54076,1,90.6,90.6,100.0,CC_CHP,eia_digits_cc,2023-12-07,2023-12-22,15.1,0,1
Indeck-Olean Energy Center,54076,1,90.6,90.6,100.0,CC_CHP,eia_digits_cc,2023-12-22,2023-12-31,9.1,0,1
Indeck-Olean Energy Center,54076,1,90.6,90.6,100.0,CC_CHP,eia_digits_cc,2024-01-01,2024-01-07,6.2,0,1
Indeck-Olean Energy Center,54076,1,90.6,90.6,100.0,CC_CHP,eia_digits_cc,2024-01-08,2024-01-30,21.2,0,1
Indeck-Olean Energy Center,54076,1,90.6,90.6,100.0,CC_CHP,eia_digits_cc,2024-01-30,2024-02-28,28.2,0,1
Indeck-Olean Energy Center,54076,1,90.6,90.6,100.0,CC_CHP,eia_digits_cc,2024-02-28,2024-03-21,22.0,0,1
Indeck-Olean Energy Center,54076,1,90.6,90.6,100.0,CC_CHP,eia_digits_cc,2024-03-21,2024-04-08,17.2,0,1
Indeck-Olean Energy Center,54076,1,90.6,90.6,100.0,CC_CHP,eia_digits_cc,2024-04-08,2024-05-21,42.9,0,1
Indeck-Olean Energy Center,54076,1,90.6,90.6,100.0,CC_CHP,eia_digits_cc,2024-05-23,2024-06-03,10.6,0,1
Indeck-Olean Energy Center,54076,1,90.6,90.6,100.0,CC_CHP,eia_digits_cc,2024-06-04,2024-06-17,12.5,0,1
Indeck-Olean Energy Center,54076,1,90.6,90.6,100.0,CC_CHP,eia_digits_cc,2024-06-26,2024-07-07,10.5,0,1
Indeck-Olean Energy Center,54076,1,90.6,90.6,100.0,CC_CHP,eia_digits_cc,2024-08-05,2024-08-26,20.6,0,1
Indeck-Olean Energy Center,54076,1,90.6,90.6,100.0,CC_CHP,eia_digits_cc,2024-08-28,2024-09-11,13.5,0,1
Indeck-Olean Energy Center,54076,1,90.6,90.6,100.0,CC_CHP,eia_digits_cc,2024-09-11,2024-12-30,109.6,0,1
Indeck-Olean Energy Center,54076,1,90.6,90.6,100.0,CC_CHP,eia_digits_cc,2025-01-09,2025-02-01,23.5,0,1
Indeck-Olean Energy Center,54076,1,90.6,90.6,100.0,CC_CHP,eia_digits_cc,2025-02-16,2025-03-02,13.6,0,1
Indeck-Olean Energy Center,54076,1,90.6,90.6,100.0,CC_CHP,eia_digits_cc,2025-03-04,2025-03-27,23.1,0,1
Indeck-Olean Energy Center,54076,1,90.6,90.6,100.0,CC_CHP,eia_digits_cc,2025-03-27,2025-04-08,11.6,0,1
Indeck-Olean Energy Center,54076,1,90.6,90.6,100.0,CC_CHP,eia_digits_cc,2025-04-09,2025-05-28,49.5,0,1
Indeck-Olean Energy Center,54076,1,90.6,90.6,100.0,CC_CHP,eia_digits_cc,2025-05-28,2025-06-04,6.6,0,1
Indeck-Olean Energy Center,54076,1,90.6,90.6,100.0,CC_CHP,eia_digits_cc,2025-06-05,2025-06-11,5.7,0,1
Indeck-Olean Energy Center,54076,1,90.6,90.6,100.0,CC_CHP,eia_digits_cc,2025-06-13,2025-06-18,5.3,0,1
Indeck-Olean Energy Center,54076,1,90.6,90.6,100.0,CC_CHP,eia_digits_cc,2025-07-16,2025-07-23,6.5,0,1
Indeck-Olean Energy Center,54076,1,90.6,90.6,100.0,CC_CHP,eia_digits_cc,2025-08-18,2025-09-03,15.5,0,1
Indeck-Olean Energy Center,54076,1,90.6,90.6,100.0,CC_CHP,eia_digits_cc,2025-09-08,2025-09-15,6.6,0,1
Indeck-Olean Energy Center,54076,1,90.6,90.6,100.0,CC_CHP,eia_digits_cc,2025-09-23,2025-10-06,12.6,0,1
Indeck-Olean Energy Center,54076,1,90.6,90.6,100.0,CC_CHP,eia_digits_cc,2025-10-06,2025-11-17,41.6,0,1
Indeck-Olean Energy Center,54076,1,90.6,90.6,100.0,CC_CHP,eia_digits_cc,2025-11-17,2025-12-31,44.1,0,1
Indeck-Olean Energy Center,54076,1,90.6,90.6,100.0,CC_CHP,eia_digits_cc,2026-01-01,2026-01-24,23.4,0,1
Indeck-Olean Energy Center,54076,1,90.6,90.6,100.0,CC_CHP,eia_digits_cc,2026-02-03,2026-03-06,30.9,0,1
Indeck-Olean Energy Center,54076,1,90.6,90.6,100.0,CC_CHP,eia_digits_cc,2026-03-09,2026-03-16,6.7,0,1
Indeck-Olean Energy Center,54076,1,90.6,90.6,100.0,CC_CHP,eia_digits_cc,2026-03-17,2026-03-31,15.0,0,1
Ticonderoga Mill,54099,000044,42.1,42.1,100.0,ST_CHP,optime_proxy,2019-04-24,2019-05-13,19.7,0,1
Ticonderoga Mill,54099,000044,42.1,42.1,100.0,ST_CHP,optime_proxy,2020-05-20,2020-05-31,11.8,0,1
Ticonderoga Mill,54099,000044,42.1,42.1,100.0,ST_CHP,optime_proxy,2020-06-23,2020-06-29,5.7,0,1
Ticonderoga Mill,54099,000044,42.1,42.1,100.0,ST_CHP,optime_proxy,2021-05-25,2021-06-05,10.9,0,1
Ticonderoga Mill,54099,000044,42.1,42.1,100.0,ST_CHP,optime_proxy,2022-05-03,2022-05-18,14.5,0,1
Ticonderoga Mill,54099,000044,42.1,42.1,100.0,ST_CHP,optime_proxy,2023-04-30,2023-05-11,10.5,0,1
Ticonderoga Mill,54099,000044,42.1,42.1,100.0,ST_CHP,optime_proxy,2023-06-16,2023-06-26,9.9,0,1
Ticonderoga Mill,54099,000044,42.1,42.1,100.0,ST_CHP,optime_proxy,2024-04-30,2024-05-20,20.1,0,1
Ticonderoga Mill,54099,000044,42.1,42.1,100.0,ST_CHP,optime_proxy,2025-05-06,2025-05-18,12.0,0,1
KIAC Cogeneration,54114,GT1,60.6,121.2,50.0,CC_CHP,eia_digits_cc,2019-01-04,2019-01-16,11.3,1,2
KIAC Cogeneration,54114,GT1,60.6,121.2,50.0,CC_CHP,eia_digits_cc,2019-03-24,2019-04-04,10.8,1,2
KIAC Cogeneration,54114,GT1,60.6,121.2,50.0,CC_CHP,eia_digits_cc,2019-05-20,2019-05-26,5.7,1,2
KIAC Cogeneration,54114,GT1,60.6,121.2,50.0,CC_CHP,eia_digits_cc,2019-06-07,2019-06-17,9.6,1,2
KIAC Cogeneration,54114,GT1,60.6,121.2,50.0,CC_CHP,eia_digits_cc,2019-08-22,2019-09-03,11.6,1,2
KIAC Cogeneration,54114,GT1,60.6,121.2,50.0,CC_CHP,eia_digits_cc,2019-09-04,2019-09-11,6.7,1,2
KIAC Cogeneration,54114,GT1,60.6,121.2,50.0,CC_CHP,eia_digits_cc,2019-09-23,2019-10-07,13.6,1,2
KIAC Cogeneration,54114,GT1,60.6,121.2,50.0,CC_CHP,eia_digits_cc,2019-12-12,2019-12-31,19.2,1,2
KIAC Cogeneration,54114,GT1,60.6,121.2,50.0,CC_CHP,eia_digits_cc,2020-01-01,2020-02-04,34.4,1,2
KIAC Cogeneration,54114,GT1,60.6,121.2,50.0,CC_CHP,eia_digits_cc,2020-03-06,2020-03-15,9.3,1,2
KIAC Cogeneration,54114,GT1,60.6,121.2,50.0,CC_CHP,eia_digits_cc,2020-04-11,2020-04-17,5.5,1,2
KIAC Cogeneration,54114,GT1,60.6,121.2,50.0,CC_CHP,eia_digits_cc,2020-04-17,2020-04-24,6.9,1,2
KIAC Cogeneration,54114,GT1,60.6,121.2,50.0,CC_CHP,eia_digits_cc,2020-10-02,2020-10-13,11.0,1,2
KIAC Cogeneration,54114,GT1,60.6,121.2,50.0,CC_CHP,eia_digits_cc,2021-03-18,2021-04-07,20.4,1,2
KIAC Cogeneration,54114,GT1,60.6,121.2,50.0,CC_CHP,eia_digits_cc,2021-09-24,2021-11-01,38.0,1,2
KIAC Cogeneration,54114,GT1,60.6,121.2,50.0,CC_CHP,eia_digits_cc,2021-12-06,2021-12-20,14.9,1,2
KIAC Cogeneration,54114,GT1,60.6,121.2,50.0,CC_CHP,eia_digits_cc,2022-04-26,2022-05-03,6.8,1,2
KIAC Cogeneration,54114,GT1,60.6,121.2,50.0,CC_CHP,eia_digits_cc,2022-10-30,2022-11-08,8.4,1,2
KIAC Cogeneration,54114,GT1,60.6,121.2,50.0,CC_CHP,eia_digits_cc,2023-03-12,2023-03-22,9.5,1,2
KIAC Cogeneration,54114,GT1,60.6,121.2,50.0,CC_CHP,eia_digits_cc,2023-07-02,2023-08-01,29.3,1,2
KIAC Cogeneration,54114,GT1,60.6,121.2,50.0,CC_CHP,eia_digits_cc,2023-10-08,2023-12-31,84.1,1,2
KIAC Cogeneration,54114,GT1,60.6,121.2,50.0,CC_CHP,eia_digits_cc,2024-01-01,2024-04-04,94.6,1,2
KIAC Cogeneration,54114,GT1,60.6,121.2,50.0,CC_CHP,eia_digits_cc,2024-11-30,2024-12-10,10.1,1,2
KIAC Cogeneration,54114,GT1,60.6,121.2,50.0,CC_CHP,eia_digits_cc,2025-03-16,2025-03-28,11.6,1,2
KIAC Cogeneration,54114,GT1,60.6,121.2,50.0,CC_CHP,eia_digits_cc,2025-10-12,2025-10-23,10.2,1,2
KIAC Cogeneration,54114,GT1,60.6,121.2,50.0,CC_CHP,eia_digits_cc,2025-11-02,2025-11-13,10.3,1,2
KIAC Cogeneration,54114,GT1,60.6,121.2,50.0,CC_CHP,eia_digits_cc,2025-11-19,2025-11-28,9.1,1,2
KIAC Cogeneration,54114,GT1,60.6,121.2,50.0,CC_CHP,eia_digits_cc,2026-03-15,2026-03-25,9.8,1,2
KIAC Cogeneration,54114,GT2,60.6,121.2,50.0,CC_CHP,eia_digits_cc,2019-03-03,2019-03-13,9.6,1,2
KIAC Cogeneration,54114,GT2,60.6,121.2,50.0,CC_CHP,eia_digits_cc,2019-10-24,2019-11-04,10.7,1,2
KIAC Cogeneration,54114,GT2,60.6,121.2,50.0,CC_CHP,eia_digits_cc,2019-11-04,2019-11-14,9.8,1,2
KIAC Cogeneration,54114,GT2,60.6,121.2,50.0,CC_CHP,eia_digits_cc,2019-11-25,2019-12-01,5.7,1,2
KIAC Cogeneration,54114,GT2,60.6,121.2,50.0,CC_CHP,eia_digits_cc,2019-12-03,2019-12-12,8.3,1,2
KIAC Cogeneration,54114,GT2,60.6,121.2,50.0,CC_CHP,eia_digits_cc,2020-02-05,2020-02-14,8.7,1,2
KIAC Cogeneration,54114,GT2,60.6,121.2,50.0,CC_CHP,eia_digits_cc,2020-02-21,2020-03-06,13.4,1,2
KIAC Cogeneration,54114,GT2,60.6,121.2,50.0,CC_CHP,eia_digits_cc,2020-03-15,2020-04-10,25.7,1,2
KIAC Cogeneration,54114,GT2,60.6,121.2,50.0,CC_CHP,eia_digits_cc,2020-04-24,2020-05-12,17.7,1,2
KIAC Cogeneration,54114,GT2,60.6,121.2,50.0,CC_CHP,eia_digits_cc,2020-05-13,2020-05-28,14.8,1,2
KIAC Cogeneration,54114,GT2,60.6,121.2,50.0,CC_CHP,eia_digits_cc,2020-06-12,2020-06-18,5.7,1,2
KIAC Cogeneration,54114,GT2,60.6,121.2,50.0,CC_CHP,eia_digits_cc,2020-09-15,2020-09-22,6.7,1,2
KIAC Cogeneration,54114,GT2,60.6,121.2,50.0,CC_CHP,eia_digits_cc,2020-11-06,2020-11-18,11.8,1,2
KIAC Cogeneration,54114,GT2,60.6,121.2,50.0,CC_CHP,eia_digits_cc,2020-11-25,2020-12-01,5.5,1,2
KIAC Cogeneration,54114,GT2,60.6,121.2,50.0,CC_CHP,eia_digits_cc,2020-12-01,2020-12-07,5.5,1,2
KIAC Cogeneration,54114,GT2,60.6,121.2,50.0,CC_CHP,eia_digits_cc,2021-01-01,2021-01-12,11.5,1,2
KIAC Cogeneration,54114,GT2,60.6,121.2,50.0,CC_CHP,eia_digits_cc,2021-03-05,2021-03-13,8.6,1,2
KIAC Cogeneration,54114,GT2,60.6,121.2,50.0,CC_CHP,eia_digits_cc,2021-04-29,2021-05-12,12.6,1,2
KIAC Cogeneration,54114,GT2,60.6,121.2,50.0,CC_CHP,eia_digits_cc,2021-05-12,2021-06-24,43.0,1,2
KIAC Cogeneration,54114,GT2,60.6,121.2,50.0,CC_CHP,eia_digits_cc,2021-11-07,2021-11-14,6.4,1,2
KIAC Cogeneration,54114,GT2,60.6,121.2,50.0,CC_CHP,eia_digits_cc,2022-03-25,2022-04-16,22.2,1,2
KIAC Cogeneration,54114,GT2,60.6,121.2,50.0,CC_CHP,eia_digits_cc,2022-06-11,2022-07-18,36.7,1,2
KIAC Cogeneration,54114,GT2,60.6,121.2,50.0,CC_CHP,eia_digits_cc,2022-11-11,2022-11-20,8.7,1,2
KIAC Cogeneration,54114,GT2,60.6,121.2,50.0,CC_CHP,eia_digits_cc,2023-04-09,2023-04-19,9.6,1,2
KIAC Cogeneration,54114,GT2,60.6,121.2,50.0,CC_CHP,eia_digits_cc,2023-10-12,2023-12-31,80.6,1,2
KIAC Cogeneration,54114,GT2,60.6,121.2,50.0,CC_CHP,eia_digits_cc,2024-01-01,2024-03-29,88.7,1,2
KIAC Cogeneration,54114,GT2,60.6,121.2,50.0,CC_CHP,eia_digits_cc,2024-10-17,2024-10-26,8.5,1,2
KIAC Cogeneration,54114,GT2,60.6,121.2,50.0,CC_CHP,eia_digits_cc,2024-12-10,2024-12-21,11.1,1,2
KIAC Cogeneration,54114,GT2,60.6,121.2,50.0,CC_CHP,eia_digits_cc,2025-03-30,2025-04-07,7.6,1,2
KIAC Cogeneration,54114,GT2,60.6,121.2,50.0,CC_CHP,eia_digits_cc,2025-07-02,2025-07-11,8.5,1,2
KIAC Cogeneration,54114,GT2,60.6,121.2,50.0,CC_CHP,eia_digits_cc,2025-10-12,2025-10-22,9.4,1,2
Nissequogue Energy Center,54149,1,47.0,47.0,100.0,CT_CHP,eia_digits,2019-10-05,2019-10-15,10.0,0,1
Nissequogue Energy Center,54149,1,47.0,47.0,100.0,CT_CHP,eia_digits,2020-10-09,2020-10-20,10.7,0,1
Nissequogue Energy Center,54149,1,47.0,47.0,100.0,CT_CHP,eia_digits,2021-04-30,2021-05-29,28.6,0,1
Nissequogue Energy Center,54149,1,47.0,47.0,100.0,CT_CHP,eia_digits,2021-10-24,2021-10-29,5.4,0,1
Nissequogue Energy Center,54149,1,47.0,47.0,100.0,CT_CHP,eia_digits,2022-05-20,2022-05-29,8.9,0,1
Nissequogue Energy Center,54149,1,47.0,47.0,100.0,CT_CHP,eia_digits,2022-10-29,2022-11-20,22.0,0,1
Nissequogue Energy Center,54149,1,47.0,47.0,100.0,CT_CHP,eia_digits,2023-05-13,2023-05-27,14.5,0,1
Nissequogue Energy Center,54149,1,47.0,47.0,100.0,CT_CHP,eia_digits,2023-05-27,2023-06-02,5.7,0,1
Nissequogue Energy Center,54149,1,47.0,47.0,100.0,CT_CHP,eia_digits,2023-10-14,2023-10-20,5.7,0,1
Nissequogue Energy Center,54149,1,47.0,47.0,100.0,CT_CHP,eia_digits,2024-05-17,2024-05-28,11.0,0,1
Nissequogue Energy Center,54149,1,47.0,47.0,100.0,CT_CHP,eia_digits,2024-11-01,2024-11-12,11.0,0,1
Nissequogue Energy Center,54149,1,47.0,47.0,100.0,CT_CHP,eia_digits,2025-04-14,2025-05-30,46.2,0,1
Nissequogue Energy Center,54149,1,47.0,47.0,100.0,CT_CHP,eia_digits,2025-10-10,2025-10-17,7.0,0,1
Independence,54547,1,289.4,1157.8,25.0,CC_CHP,eia_exact_cc,2019-04-05,2019-04-24,18.5,3,4
Independence,54547,1,289.4,1157.8,25.0,CC_CHP,eia_exact_cc,2019-05-07,2019-05-13,5.1,3,4
Independence,54547,1,289.4,1157.8,25.0,CC_CHP,eia_exact_cc,2019-11-05,2019-11-11,5.5,3,4
Independence,54547,1,289.4,1157.8,25.0,CC_CHP,eia_exact_cc,2020-04-09,2020-05-05,25.6,3,4
Independence,54547,1,289.4,1157.8,25.0,CC_CHP,eia_exact_cc,2020-05-05,2020-05-28,22.4,3,4
Independence,54547,1,289.4,1157.8,25.0,CC_CHP,eia_exact_cc,2020-06-12,2020-06-18,5.4,3,4
Independence,54547,1,289.4,1157.8,25.0,CC_CHP,eia_exact_cc,2020-10-07,2020-10-19,11.2,3,4
Independence,54547,1,289.4,1157.8,25.0,CC_CHP,eia_exact_cc,2021-02-22,2021-03-12,18.4,3,4
Independence,54547,1,289.4,1157.8,25.0,CC_CHP,eia_exact_cc,2021-03-12,2021-03-19,6.8,3,4
Independence,54547,1,289.4,1157.8,25.0,CC_CHP,eia_exact_cc,2021-03-21,2021-05-11,50.9,3,4
Independence,54547,1,289.4,1157.8,25.0,CC_CHP,eia_exact_cc,2021-05-11,2021-05-19,7.1,3,4
Independence,54547,1,289.4,1157.8,25.0,CC_CHP,eia_exact_cc,2021-09-21,2021-09-28,6.2,3,4
Independence,54547,1,289.4,1157.8,25.0,CC_CHP,eia_exact_cc,2021-10-08,2021-10-17,9.0,3,4
Independence,54547,1,289.4,1157.8,25.0,CC_CHP,eia_exact_cc,2021-10-27,2021-11-02,5.1,3,4
Independence,54547,1,289.4,1157.8,25.0,CC_CHP,eia_exact_cc,2022-03-29,2022-04-10,12.4,3,4
Independence,54547,1,289.4,1157.8,25.0,CC_CHP,eia_exact_cc,2022-04-10,2022-05-29,48.9,3,4
Independence,54547,1,289.4,1157.8,25.0,CC_CHP,eia_exact_cc,2022-10-06,2022-10-17,10.2,3,4
Independence,54547,1,289.4,1157.8,25.0,CC_CHP,eia_exact_cc,2022-11-01,2022-12-06,34.4,3,4
Independence,54547,1,289.4,1157.8,25.0,CC_CHP,eia_exact_cc,2023-02-14,2023-02-20,5.3,3,4
Independence,54547,1,289.4,1157.8,25.0,CC_CHP,eia_exact_cc,2023-02-24,2023-03-02,6.0,3,4
Independence,54547,1,289.4,1157.8,25.0,CC_CHP,eia_exact_cc,2023-03-03,2023-03-13,9.5,3,4
Independence,54547,1,289.4,1157.8,25.0,CC_CHP,eia_exact_cc,2023-03-16,2023-03-30,13.9,3,4
Independence,54547,1,289.4,1157.8,25.0,CC_CHP,eia_exact_cc,2023-03-30,2023-04-14,15.0,3,4
Independence,54547,1,289.4,1157.8,25.0,CC_CHP,eia_exact_cc,2023-04-15,2023-04-21,6.0,3,4
Independence,54547,1,289.4,1157.8,25.0,CC_CHP,eia_exact_cc,2023-05-06,2023-05-30,24.3,3,4
Independence,54547,1,289.4,1157.8,25.0,CC_CHP,eia_exact_cc,2023-10-13,2023-10-22,8.5,3,4
Independence,54547,1,289.4,1157.8,25.0,CC_CHP,eia_exact_cc,2023-11-15,2023-11-20,5.2,3,4
Independence,54547,1,289.4,1157.8,25.0,CC_CHP,eia_exact_cc,2023-11-22,2023-11-27,5.1,3,4
Independence,54547,1,289.4,1157.8,25.0,CC_CHP,eia_exact_cc,2024-04-05,2024-05-13,37.3,3,4
Independence,54547,1,289.4,1157.8,25.0,CC_CHP,eia_exact_cc,2025-04-04,2025-04-15,10.2,3,4
Independence,54547,1,289.4,1157.8,25.0,CC_CHP,eia_exact_cc,2025-05-04,2025-05-11,6.5,3,4
Independence,54547,1,289.4,1157.8,25.0,CC_CHP,eia_exact_cc,2025-05-20,2025-05-28,8.1,3,4
Independence,54547,1,289.4,1157.8,25.0,CC_CHP,eia_exact_cc,2025-09-24,2025-10-04,9.6,3,4
Independence,54547,1,289.4,1157.8,25.0,CC_CHP,eia_exact_cc,2025-10-11,2025-10-18,7.4,3,4
Independence,54547,2,289.4,1157.8,25.0,CC_CHP,eia_exact_cc,2019-04-06,2019-04-12,6.8,3,4
Independence,54547,2,289.4,1157.8,25.0,CC_CHP,eia_exact_cc,2019-05-14,2019-05-21,6.2,3,4
Independence,54547,2,289.4,1157.8,25.0,CC_CHP,eia_exact_cc,2019-05-22,2019-05-31,8.5,3,4
Independence,54547,2,289.4,1157.8,25.0,CC_CHP,eia_exact_cc,2019-11-05,2019-11-12,6.3,3,4
Independence,54547,2,289.4,1157.8,25.0,CC_CHP,eia_exact_cc,2020-02-22,2020-02-28,6.5,3,4
Independence,54547,2,289.4,1157.8,25.0,CC_CHP,eia_exact_cc,2020-04-07,2020-04-23,15.1,3,4
Independence,54547,2,289.4,1157.8,25.0,CC_CHP,eia_exact_cc,2020-04-27,2020-05-04,7.0,3,4
Independence,54547,2,289.4,1157.8,25.0,CC_CHP,eia_exact_cc,2020-05-05,2020-05-28,22.4,3,4
Independence,54547,2,289.4,1157.8,25.0,CC_CHP,eia_exact_cc,2020-06-13,2020-06-18,5.1,3,4
Independence,54547,2,289.4,1157.8,25.0,CC_CHP,eia_exact_cc,2020-10-07,2020-10-18,11.5,3,4
Independence,54547,2,289.4,1157.8,25.0,CC_CHP,eia_exact_cc,2020-11-12,2020-11-18,6.2,3,4
Independence,54547,2,289.4,1157.8,25.0,CC_CHP,eia_exact_cc,2020-11-18,2020-11-24,5.2,3,4
Independence,54547,2,289.4,1157.8,25.0,CC_CHP,eia_exact_cc,2020-12-01,2020-12-07,6.2,3,4
Independence,54547,2,289.4,1157.8,25.0,CC_CHP,eia_exact_cc,2020-12-21,2020-12-27,5.3,3,4
Independence,54547,2,289.4,1157.8,25.0,CC_CHP,eia_exact_cc,2021-02-26,2021-03-06,7.2,3,4
Independence,54547,2,289.4,1157.8,25.0,CC_CHP,eia_exact_cc,2021-03-09,2021-05-07,58.1,3,4
Independence,54547,2,289.4,1157.8,25.0,CC_CHP,eia_exact_cc,2021-05-07,2021-05-20,12.2,3,4
Independence,54547,2,289.4,1157.8,25.0,CC_CHP,eia_exact_cc,2021-09-06,2021-09-12,5.4,3,4
Independence,54547,2,289.4,1157.8,25.0,CC_CHP,eia_exact_cc,2021-09-20,2021-09-28,7.4,3,4
Independence,54547,2,289.4,1157.8,25.0,CC_CHP,eia_exact_cc,2021-10-08,2021-10-18,9.2,3,4
Independence,54547,2,289.4,1157.8,25.0,CC_CHP,eia_exact_cc,2021-10-27,2021-11-03,6.6,3,4
Independence,54547,2,289.4,1157.8,25.0,CC_CHP,eia_exact_cc,2022-03-11,2022-03-22,10.2,3,4
Independence,54547,2,289.4,1157.8,25.0,CC_CHP,eia_exact_cc,2022-03-29,2022-04-10,12.5,3,4
Independence,54547,2,289.4,1157.8,25.0,CC_CHP,eia_exact_cc,2022-04-11,2022-05-30,49.5,3,4
Independence,54547,2,289.4,1157.8,25.0,CC_CHP,eia_exact_cc,2022-10-07,2022-10-16,9.0,3,4
Independence,54547,2,289.4,1157.8,25.0,CC_CHP,eia_exact_cc,2022-11-16,2022-12-06,19.2,3,4
Independence,54547,2,289.4,1157.8,25.0,CC_CHP,eia_exact_cc,2023-03-14,2023-04-19,35.5,3,4
Independence,54547,2,289.4,1157.8,25.0,CC_CHP,eia_exact_cc,2023-05-05,2023-05-23,17.4,3,4
Independence,54547,2,289.4,1157.8,25.0,CC_CHP,eia_exact_cc,2023-05-23,2023-05-29,5.5,3,4
Independence,54547,2,289.4,1157.8,25.0,CC_CHP,eia_exact_cc,2023-10-13,2023-10-23,9.1,3,4
Independence,54547,2,289.4,1157.8,25.0,CC_CHP,eia_exact_cc,2023-11-15,2023-11-19,5.0,3,4
Independence,54547,2,289.4,1157.8,25.0,CC_CHP,eia_exact_cc,2023-11-22,2023-11-28,5.2,3,4
Independence,54547,2,289.4,1157.8,25.0,CC_CHP,eia_exact_cc,2024-04-05,2024-05-13,37.2,3,4
Independence,54547,2,289.4,1157.8,25.0,CC_CHP,eia_exact_cc,2025-04-03,2025-04-15,11.4,3,4
Independence,54547,2,289.4,1157.8,25.0,CC_CHP,eia_exact_cc,2025-05-04,2025-05-11,6.7,3,4
Independence,54547,2,289.4,1157.8,25.0,CC_CHP,eia_exact_cc,2025-05-20,2025-05-28,7.9,3,4
Independence,54547,2,289.4,1157.8,25.0,CC_CHP,eia_exact_cc,2025-10-11,2025-10-18,7.5,3,4
Independence,54547,3,289.4,1157.8,25.0,CC_CHP,eia_exact_cc,2019-04-13,2019-04-19,6.8,3,4
Independence,54547,3,289.4,1157.8,25.0,CC_CHP,eia_exact_cc,2019-05-17,2019-05-23,5.2,3,4
Independence,54547,3,289.4,1157.8,25.0,CC_CHP,eia_exact_cc,2020-04-06,2020-05-06,29.2,3,4
Independence,54547,3,289.4,1157.8,25.0,CC_CHP,eia_exact_cc,2020-05-06,2020-05-26,19.5,3,4
Independence,54547,3,289.4,1157.8,25.0,CC_CHP,eia_exact_cc,2020-05-28,2020-06-08,10.3,3,4
Independence,54547,3,289.4,1157.8,25.0,CC_CHP,eia_exact_cc,2020-09-18,2020-09-22,5.0,3,4
Independence,54547,3,289.4,1157.8,25.0,CC_CHP,eia_exact_cc,2020-10-19,2020-11-02,13.5,3,4
Independence,54547,3,289.4,1157.8,25.0,CC_CHP,eia_exact_cc,2021-03-02,2021-03-11,9.3,3,4
Independence,54547,3,289.4,1157.8,25.0,CC_CHP,eia_exact_cc,2021-03-19,2021-05-18,59.8,3,4
Independence,54547,3,289.4,1157.8,25.0,CC_CHP,eia_exact_cc,2021-09-01,2021-09-12,10.4,3,4
Independence,54547,3,289.4,1157.8,25.0,CC_CHP,eia_exact_cc,2021-09-17,2021-09-25,7.4,3,4
Independence,54547,3,289.4,1157.8,25.0,CC_CHP,eia_exact_cc,2021-09-25,2021-10-04,8.8,3,4
Independence,54547,3,289.4,1157.8,25.0,CC_CHP,eia_exact_cc,2021-10-16,2021-10-26,10.4,3,4
Independence,54547,3,289.4,1157.8,25.0,CC_CHP,eia_exact_cc,2021-10-26,2021-11-03,7.7,3,4
Independence,54547,3,289.4,1157.8,25.0,CC_CHP,eia_exact_cc,2021-11-04,2021-11-10,5.2,3,4
Independence,54547,3,289.4,1157.8,25.0,CC_CHP,eia_exact_cc,2021-12-20,2021-12-31,11.5,3,4
Independence,54547,3,289.4,1157.8,25.0,CC_CHP,eia_exact_cc,2022-03-07,2022-03-15,7.2,3,4
Independence,54547,3,289.4,1157.8,25.0,CC_CHP,eia_exact_cc,2022-03-15,2022-03-28,12.2,3,4
Independence,54547,3,289.4,1157.8,25.0,CC_CHP,eia_exact_cc,2022-03-28,2022-04-04,6.2,3,4
Independence,54547,3,289.4,1157.8,25.0,CC_CHP,eia_exact_cc,2022-04-09,2022-05-30,51.3,3,4
Independence,54547,3,289.4,1157.8,25.0,CC_CHP,eia_exact_cc,2022-06-01,2022-06-10,8.2,3,4
Independence,54547,3,289.4,1157.8,25.0,CC_CHP,eia_exact_cc,2022-09-21,2022-10-03,12.1,3,4
Independence,54547,3,289.4,1157.8,25.0,CC_CHP,eia_exact_cc,2022-10-07,2022-10-13,5.2,3,4
Independence,54547,3,289.4,1157.8,25.0,CC_CHP,eia_exact_cc,2022-10-13,2022-10-24,10.2,3,4
Independence,54547,3,289.4,1157.8,25.0,CC_CHP,eia_exact_cc,2022-10-24,2022-11-01,7.6,3,4
Independence,54547,3,289.4,1157.8,25.0,CC_CHP,eia_exact_cc,2022-11-01,2022-12-07,35.3,3,4
Independence,54547,3,289.4,1157.8,25.0,CC_CHP,eia_exact_cc,2023-02-09,2023-02-22,13.1,3,4
Independence,54547,3,289.4,1157.8,25.0,CC_CHP,eia_exact_cc,2023-02-28,2023-03-23,23.3,3,4
Independence,54547,3,289.4,1157.8,25.0,CC_CHP,eia_exact_cc,2023-03-24,2023-05-27,63.6,3,4
Independence,54547,3,289.4,1157.8,25.0,CC_CHP,eia_exact_cc,2023-11-02,2023-11-08,5.2,3,4
Independence,54547,3,289.4,1157.8,25.0,CC_CHP,eia_exact_cc,2024-03-28,2024-04-05,7.7,3,4
Independence,54547,3,289.4,1157.8,25.0,CC_CHP,eia_exact_cc,2024-04-14,2024-04-25,10.8,3,4
Independence,54547,3,289.4,1157.8,25.0,CC_CHP,eia_exact_cc,2024-05-15,2024-05-23,7.7,3,4
Independence,54547,3,289.4,1157.8,25.0,CC_CHP,eia_exact_cc,2024-10-12,2024-10-19,7.1,3,4
Independence,54547,3,289.4,1157.8,25.0,CC_CHP,eia_exact_cc,2025-04-05,2025-04-15,10.5,3,4
Independence,54547,3,289.4,1157.8,25.0,CC_CHP,eia_exact_cc,2025-05-17,2025-05-29,11.1,3,4
Independence,54547,3,289.4,1157.8,25.0,CC_CHP,eia_exact_cc,2025-09-23,2025-10-10,17.7,3,4
Independence,54547,4,289.4,1157.8,25.0,CC_CHP,eia_exact_cc,2019-04-12,2019-04-26,13.2,3,4
Independence,54547,4,289.4,1157.8,25.0,CC_CHP,eia_exact_cc,2019-05-08,2019-05-15,6.2,3,4
Independence,54547,4,289.4,1157.8,25.0,CC_CHP,eia_exact_cc,2019-09-09,2019-09-15,5.4,3,4
Independence,54547,4,289.4,1157.8,25.0,CC_CHP,eia_exact_cc,2020-04-06,2020-04-28,21.1,3,4
Independence,54547,4,289.4,1157.8,25.0,CC_CHP,eia_exact_cc,2020-05-18,2020-05-27,8.3,3,4
Independence,54547,4,289.4,1157.8,25.0,CC_CHP,eia_exact_cc,2020-05-28,2020-06-09,11.2,3,4
Independence,54547,4,289.4,1157.8,25.0,CC_CHP,eia_exact_cc,2020-09-17,2020-09-24,6.2,3,4
Independence,54547,4,289.4,1157.8,25.0,CC_CHP,eia_exact_cc,2020-10-19,2020-10-30,10.7,3,4
Independence,54547,4,289.4,1157.8,25.0,CC_CHP,eia_exact_cc,2020-12-21,2020-12-27,5.3,3,4
Independence,54547,4,289.4,1157.8,25.0,CC_CHP,eia_exact_cc,2021-03-02,2021-03-14,12.9,3,4
Independence,54547,4,289.4,1157.8,25.0,CC_CHP,eia_exact_cc,2021-03-20,2021-05-18,59.2,3,4
Independence,54547,4,289.4,1157.8,25.0,CC_CHP,eia_exact_cc,2021-05-26,2021-06-01,5.3,3,4
Independence,54547,4,289.4,1157.8,25.0,CC_CHP,eia_exact_cc,2021-09-01,2021-09-14,12.2,3,4
Independence,54547,4,289.4,1157.8,25.0,CC_CHP,eia_exact_cc,2021-09-20,2021-10-03,13.2,3,4
Independence,54547,4,289.4,1157.8,25.0,CC_CHP,eia_exact_cc,2021-10-16,2021-10-25,9.0,3,4
Independence,54547,4,289.4,1157.8,25.0,CC_CHP,eia_exact_cc,2021-10-26,2021-11-03,7.1,3,4
Independence,54547,4,289.4,1157.8,25.0,CC_CHP,eia_exact_cc,2021-12-22,2021-12-29,7.1,3,4
Independence,54547,4,289.4,1157.8,25.0,CC_CHP,eia_exact_cc,2022-03-16,2022-03-22,5.1,3,4
Independence,54547,4,289.4,1157.8,25.0,CC_CHP,eia_exact_cc,2022-04-08,2022-05-30,51.5,3,4
Independence,54547,4,289.4,1157.8,25.0,CC_CHP,eia_exact_cc,2022-06-02,2022-06-08,5.3,3,4
Independence,54547,4,289.4,1157.8,25.0,CC_CHP,eia_exact_cc,2022-10-11,2022-10-23,12.9,3,4
Independence,54547,4,289.4,1157.8,25.0,CC_CHP,eia_exact_cc,2022-10-24,2022-11-01,7.5,3,4
Independence,54547,4,289.4,1157.8,25.0,CC_CHP,eia_exact_cc,2022-11-01,2022-11-29,27.1,3,4
Independence,54547,4,289.4,1157.8,25.0,CC_CHP,eia_exact_cc,2022-11-29,2022-12-06,6.4,3,4
Independence,54547,4,289.4,1157.8,25.0,CC_CHP,eia_exact_cc,2023-02-11,2023-02-23,11.2,3,4
Independence,54547,4,289.4,1157.8,25.0,CC_CHP,eia_exact_cc,2023-03-03,2023-03-19,16.5,3,4
Independence,54547,4,289.4,1157.8,25.0,CC_CHP,eia_exact_cc,2023-03-20,2023-03-27,8.0,3,4
Independence,54547,4,289.4,1157.8,25.0,CC_CHP,eia_exact_cc,2023-03-29,2023-05-26,57.8,3,4
Independence,54547,4,289.4,1157.8,25.0,CC_CHP,eia_exact_cc,2023-11-02,2023-11-08,5.6,3,4
Independence,54547,4,289.4,1157.8,25.0,CC_CHP,eia_exact_cc,2024-03-29,2024-04-05,6.9,3,4
Independence,54547,4,289.4,1157.8,25.0,CC_CHP,eia_exact_cc,2024-04-13,2024-04-25,11.6,3,4
Independence,54547,4,289.4,1157.8,25.0,CC_CHP,eia_exact_cc,2024-10-12,2024-10-18,6.9,3,4
Independence,54547,4,289.4,1157.8,25.0,CC_CHP,eia_exact_cc,2025-04-04,2025-04-18,13.6,3,4
Independence,54547,4,289.4,1157.8,25.0,CC_CHP,eia_exact_cc,2025-05-19,2025-05-29,10.2,3,4
Independence,54547,4,289.4,1157.8,25.0,CC_CHP,eia_exact_cc,2025-09-15,2025-10-11,26.2,3,4
"Saranac Power Partners, LP",54574,00001,158.0,309.0,51.1,CC_REGULAR,observed_peak,2019-01-01,2019-01-31,30.5,1,2
"Saranac Power Partners, LP",54574,00001,158.0,309.0,51.1,CC_REGULAR,observed_peak,2019-01-31,2019-02-25,24.2,1,2
"Saranac Power Partners, LP",54574,00001,158.0,309.0,51.1,CC_REGULAR,observed_peak,2019-03-26,2019-04-01,5.4,1,2
"Saranac Power Partners, LP",54574,00001,158.0,309.0,51.1,CC_REGULAR,observed_peak,2019-04-05,2019-05-08,32.6,1,2
"Saranac Power Partners, LP",54574,00001,158.0,309.0,51.1,CC_REGULAR,observed_peak,2019-05-09,2019-07-09,61.1,1,2
"Saranac Power Partners, LP",54574,00001,158.0,309.0,51.1,CC_REGULAR,observed_peak,2019-07-10,2019-09-03,54.2,1,2
"Saranac Power Partners, LP",54574,00001,158.0,309.0,51.1,CC_REGULAR,observed_peak,2019-09-13,2019-09-26,12.2,1,2
"Saranac Power Partners, LP",54574,00001,158.0,309.0,51.1,CC_REGULAR,observed_peak,2019-09-26,2019-11-15,49.4,1,2
"Saranac Power Partners, LP",54574,00001,158.0,309.0,51.1,CC_REGULAR,observed_peak,2019-11-15,2019-11-26,10.5,1,2
"Saranac Power Partners, LP",54574,00001,158.0,309.0,51.1,CC_REGULAR,observed_peak,2019-11-26,2019-12-31,35.3,1,2
"Saranac Power Partners, LP",54574,00001,156.0,291.0,53.6,CC_REGULAR,observed_peak,2020-01-01,2020-01-11,10.1,1,2
"Saranac Power Partners, LP",54574,00001,156.0,291.0,53.6,CC_REGULAR,observed_peak,2020-01-27,2020-03-09,41.6,1,2
"Saranac Power Partners, LP",54574,00001,156.0,291.0,53.6,CC_REGULAR,observed_peak,2020-03-16,2020-08-11,147.9,1,2
"Saranac Power Partners, LP",54574,00001,156.0,291.0,53.6,CC_REGULAR,observed_peak,2020-08-11,2020-08-19,7.3,1,2
"Saranac Power Partners, LP",54574,00001,156.0,291.0,53.6,CC_REGULAR,observed_peak,2020-08-19,2020-08-25,5.2,1,2
"Saranac Power Partners, LP",54574,00001,156.0,291.0,53.6,CC_REGULAR,observed_peak,2020-08-26,2020-10-14,49.0,1,2
"Saranac Power Partners, LP",54574,00001,156.0,291.0,53.6,CC_REGULAR,observed_peak,2020-10-14,2020-12-30,76.8,1,2
"Saranac Power Partners, LP",54574,00001,156.0,301.0,51.8,CC_REGULAR,observed_peak,2021-01-01,2021-01-25,24.1,1,2
"Saranac Power Partners, LP",54574,00001,156.0,301.0,51.8,CC_REGULAR,observed_peak,2021-02-01,2021-02-12,10.7,1,2
"Saranac Power Partners, LP",54574,00001,156.0,301.0,51.8,CC_REGULAR,observed_peak,2021-02-12,2021-03-08,23.8,1,2
"Saranac Power Partners, LP",54574,00001,156.0,301.0,51.8,CC_REGULAR,observed_peak,2021-03-09,2021-03-15,6.1,1,2
"Saranac Power Partners, LP",54574,00001,156.0,301.0,51.8,CC_REGULAR,observed_peak,2021-03-19,2021-04-05,16.4,1,2
"Saranac Power Partners, LP",54574,00001,156.0,301.0,51.8,CC_REGULAR,observed_peak,2021-04-09,2021-06-29,80.3,1,2
"Saranac Power Partners, LP",54574,00001,156.0,301.0,51.8,CC_REGULAR,observed_peak,2021-06-29,2021-07-23,23.2,1,2
"Saranac Power Partners, LP",54574,00001,156.0,301.0,51.8,CC_REGULAR,observed_peak,2021-07-26,2021-08-27,31.5,1,2
"Saranac Power Partners, LP",54574,00001,156.0,301.0,51.8,CC_REGULAR,observed_peak,2021-08-27,2021-09-20,23.5,1,2
"Saranac Power Partners, LP",54574,00001,156.0,301.0,51.8,CC_REGULAR,observed_peak,2021-09-28,2021-10-04,5.7,1,2
"Saranac Power Partners, LP",54574,00001,156.0,301.0,51.8,CC_REGULAR,observed_peak,2021-10-05,2021-10-12,6.6,1,2
"Saranac Power Partners, LP",54574,00001,156.0,301.0,51.8,CC_REGULAR,observed_peak,2021-10-13,2021-12-31,79.2,1,2
"Saranac Power Partners, LP",54574,00001,136.0,268.0,50.7,CC_REGULAR,observed_peak,2022-01-01,2022-01-14,13.5,1,2
"Saranac Power Partners, LP",54574,00001,136.0,268.0,50.7,CC_REGULAR,observed_peak,2022-01-22,2022-01-31,9.1,1,2
"Saranac Power Partners, LP",54574,00001,136.0,268.0,50.7,CC_REGULAR,observed_peak,2022-03-03,2022-03-14,10.2,1,2
"Saranac Power Partners, LP",54574,00001,136.0,268.0,50.7,CC_REGULAR,observed_peak,2022-03-22,2022-03-28,5.6,1,2
"Saranac Power Partners, LP",54574,00001,136.0,268.0,50.7,CC_REGULAR,observed_peak,2022-03-28,2022-04-04,6.1,1,2
"Saranac Power Partners, LP",54574,00001,136.0,268.0,50.7,CC_REGULAR,observed_peak,2022-04-07,2022-07-19,102.3,1,2
"Saranac Power Partners, LP",54574,00001,136.0,268.0,50.7,CC_REGULAR,observed_peak,2022-07-20,2022-10-31,102.2,1,2
"Saranac Power Partners, LP",54574,00001,136.0,268.0,50.7,CC_REGULAR,observed_peak,2022-10-31,2022-11-07,6.7,1,2
"Saranac Power Partners, LP",54574,00001,136.0,268.0,50.7,CC_REGULAR,observed_peak,2022-11-10,2022-11-16,5.3,1,2
"Saranac Power Partners, LP",54574,00001,136.0,268.0,50.7,CC_REGULAR,observed_peak,2022-11-21,2022-12-01,9.2,1,2
"Saranac Power Partners, LP",54574,00001,136.0,268.0,50.7,CC_REGULAR,observed_peak,2022-12-17,2022-12-26,9.6,1,2
"Saranac Power Partners, LP",54574,00001,152.0,293.0,51.9,CC_REGULAR,observed_peak,2023-04-07,2023-04-13,5.3,1,2
"Saranac Power Partners, LP",54574,00001,152.0,293.0,51.9,CC_REGULAR,observed_peak,2023-04-13,2023-05-01,17.5,1,2
"Saranac Power Partners, LP",54574,00001,152.0,293.0,51.9,CC_REGULAR,observed_peak,2023-05-01,2023-06-14,43.8,1,2
"Saranac Power Partners, LP",54574,00001,152.0,293.0,51.9,CC_REGULAR,observed_peak,2023-06-14,2023-06-22,7.8,1,2
"Saranac Power Partners, LP",54574,00001,152.0,293.0,51.9,CC_REGULAR,observed_peak,2023-06-28,2023-07-06,7.5,1,2
"Saranac Power Partners, LP",54574,00001,152.0,293.0,51.9,CC_REGULAR,observed_peak,2023-07-06,2023-07-26,19.4,1,2
"Saranac Power Partners, LP",54574,00001,152.0,293.0,51.9,CC_REGULAR,observed_peak,2023-07-29,2023-08-10,11.1,1,2
"Saranac Power Partners, LP",54574,00001,152.0,293.0,51.9,CC_REGULAR,observed_peak,2023-08-10,2023-08-17,6.6,1,2
"Saranac Power Partners, LP",54574,00001,152.0,293.0,51.9,CC_REGULAR,observed_peak,2023-08-18,2023-09-11,23.5,1,2
"Saranac Power Partners, LP",54574,00001,152.0,293.0,51.9,CC_REGULAR,observed_peak,2023-09-25,2023-10-20,24.5,1,2
"Saranac Power Partners, LP",54574,00001,152.0,293.0,51.9,CC_REGULAR,observed_peak,2023-11-03,2023-11-13,10.4,1,2
"Saranac Power Partners, LP",54574,00001,152.0,293.0,51.9,CC_REGULAR,observed_peak,2023-11-16,2023-11-22,5.3,1,2
"Saranac Power Partners, LP",54574,00001,152.0,293.0,51.9,CC_REGULAR,observed_peak,2023-11-22,2023-11-30,7.2,1,2
"Saranac Power Partners, LP",54574,00001,152.0,293.0,51.9,CC_REGULAR,observed_peak,2023-12-13,2023-12-19,6.5,1,2
"Saranac Power Partners, LP",54574,00001,152.0,293.0,51.9,CC_REGULAR,observed_peak,2023-12-20,2023-12-31,11.5,1,2
"Saranac Power Partners, LP",54574,00001,149.0,286.0,52.1,CC_REGULAR,observed_peak,2024-02-11,2024-02-26,14.8,1,2
"Saranac Power Partners, LP",54574,00001,149.0,286.0,52.1,CC_REGULAR,observed_peak,2024-04-13,2024-04-23,10.2,1,2
"Saranac Power Partners, LP",54574,00001,149.0,286.0,52.1,CC_REGULAR,observed_peak,2024-04-26,2024-05-21,24.5,1,2
"Saranac Power Partners, LP",54574,00001,149.0,286.0,52.1,CC_REGULAR,observed_peak,2024-05-23,2024-06-03,10.3,1,2
"Saranac Power Partners, LP",54574,00001,149.0,286.0,52.1,CC_REGULAR,observed_peak,2024-06-21,2024-07-08,16.3,1,2
"Saranac Power Partners, LP",54574,00001,149.0,286.0,52.1,CC_REGULAR,observed_peak,2024-08-05,2024-08-13,7.4,1,2
"Saranac Power Partners, LP",54574,00001,149.0,286.0,52.1,CC_REGULAR,observed_peak,2024-08-28,2024-09-03,5.2,1,2
"Saranac Power Partners, LP",54574,00001,149.0,286.0,52.1,CC_REGULAR,observed_peak,2024-09-11,2024-09-21,9.4,1,2
"Saranac Power Partners, LP",54574,00001,149.0,286.0,52.1,CC_REGULAR,observed_peak,2024-10-02,2024-10-09,7.4,1,2
"Saranac Power Partners, LP",54574,00001,149.0,286.0,52.1,CC_REGULAR,observed_peak,2024-10-22,2024-12-03,41.2,1,2
"Saranac Power Partners, LP",54574,00001,141.0,301.0,46.8,CC_REGULAR,observed_peak,2025-01-25,2025-02-05,11.2,1,2
"Saranac Power Partners, LP",54574,00001,141.0,301.0,46.8,CC_REGULAR,observed_peak,2025-02-05,2025-02-17,11.2,1,2
"Saranac Power Partners, LP",54574,00001,141.0,301.0,46.8,CC_REGULAR,observed_peak,2025-03-03,2025-03-17,14.0,1,2
"Saranac Power Partners, LP",54574,00001,141.0,301.0,46.8,CC_REGULAR,observed_peak,2025-04-09,2025-06-25,77.0,1,2
"Saranac Power Partners, LP",54574,00001,141.0,301.0,46.8,CC_REGULAR,observed_peak,2025-07-10,2025-08-20,41.4,1,2
"Saranac Power Partners, LP",54574,00001,141.0,301.0,46.8,CC_REGULAR,observed_peak,2025-08-20,2025-08-27,6.6,1,2
"Saranac Power Partners, LP",54574,00001,141.0,301.0,46.8,CC_REGULAR,observed_peak,2025-08-28,2025-09-23,25.8,1,2
"Saranac Power Partners, LP",54574,00001,141.0,301.0,46.8,CC_REGULAR,observed_peak,2025-09-24,2025-10-05,10.7,1,2
"Saranac Power Partners, LP",54574,00001,141.0,301.0,46.8,CC_REGULAR,observed_peak,2025-10-07,2025-10-13,5.2,1,2
"Saranac Power Partners, LP",54574,00001,141.0,301.0,46.8,CC_REGULAR,observed_peak,2025-10-14,2025-10-21,6.7,1,2
"Saranac Power Partners, LP",54574,00001,141.0,301.0,46.8,CC_REGULAR,observed_peak,2025-10-28,2025-11-09,11.5,1,2
"Saranac Power Partners, LP",54574,00001,141.0,301.0,46.8,CC_REGULAR,observed_peak,2025-11-11,2025-12-02,22.0,1,2
"Saranac Power Partners, LP",54574,00001,141.0,301.0,46.8,CC_REGULAR,observed_peak,2025-12-16,2025-12-26,9.7,1,2
"Saranac Power Partners, LP",54574,00001,173.0,304.0,56.9,CC_REGULAR,observed_peak,2026-01-06,2026-01-15,8.6,1,2
"Saranac Power Partners, LP",54574,00001,173.0,304.0,56.9,CC_REGULAR,observed_peak,2026-01-16,2026-01-23,7.0,1,2
"Saranac Power Partners, LP",54574,00001,173.0,304.0,56.9,CC_REGULAR,observed_peak,2026-02-13,2026-03-02,16.7,1,2
"Saranac Power Partners, LP",54574,00001,173.0,304.0,56.9,CC_REGULAR,observed_peak,2026-03-03,2026-03-12,9.7,1,2
"Saranac Power Partners, LP",54574,00001,173.0,304.0,56.9,CC_REGULAR,observed_peak,2026-03-19,2026-03-31,12.2,1,2
"Saranac Power Partners, LP",54574,00002,151.0,309.0,48.9,CC_REGULAR,observed_peak,2019-01-01,2019-01-20,19.6,1,2
"Saranac Power Partners, LP",54574,00002,151.0,309.0,48.9,CC_REGULAR,observed_peak,2019-01-26,2019-03-18,51.0,1,2
"Saranac Power Partners, LP",54574,00002,151.0,309.0,48.9,CC_REGULAR,observed_peak,2019-03-19,2019-04-03,14.5,1,2
"Saranac Power Partners, LP",54574,00002,151.0,309.0,48.9,CC_REGULAR,observed_peak,2019-04-03,2019-07-10,97.8,1,2
"Saranac Power Partners, LP",54574,00002,151.0,309.0,48.9,CC_REGULAR,observed_peak,2019-07-10,2019-12-31,174.1,1,2
"Saranac Power Partners, LP",54574,00002,135.0,291.0,46.4,CC_REGULAR,observed_peak,2020-01-01,2020-03-11,70.1,1,2
"Saranac Power Partners, LP",54574,00002,135.0,291.0,46.4,CC_REGULAR,observed_peak,2020-03-17,2020-08-12,147.3,1,2
"Saranac Power Partners, LP",54574,00002,135.0,291.0,46.4,CC_REGULAR,observed_peak,2020-08-12,2020-08-19,6.5,1,2
"Saranac Power Partners, LP",54574,00002,135.0,291.0,46.4,CC_REGULAR,observed_peak,2020-08-19,2020-08-25,5.2,1,2
"Saranac Power Partners, LP",54574,00002,135.0,291.0,46.4,CC_REGULAR,observed_peak,2020-08-26,2020-12-30,126.1,1,2
"Saranac Power Partners, LP",54574,00002,145.0,301.0,48.2,CC_REGULAR,observed_peak,2021-01-01,2021-03-08,66.1,1,2
"Saranac Power Partners, LP",54574,00002,145.0,301.0,48.2,CC_REGULAR,observed_peak,2021-03-11,2021-06-29,110.0,1,2
"Saranac Power Partners, LP",54574,00002,145.0,301.0,48.2,CC_REGULAR,observed_peak,2021-06-29,2021-07-26,26.2,1,2
"Saranac Power Partners, LP",54574,00002,145.0,301.0,48.2,CC_REGULAR,observed_peak,2021-07-26,2021-09-28,63.2,1,2
"Saranac Power Partners, LP",54574,00002,145.0,301.0,48.2,CC_REGULAR,observed_peak,2021-09-28,2021-12-31,94.3,1,2
"Saranac Power Partners, LP",54574,00002,132.0,268.0,49.3,CC_REGULAR,observed_peak,2022-01-01,2022-02-07,37.1,1,2
"Saranac Power Partners, LP",54574,00002,132.0,268.0,49.3,CC_REGULAR,observed_peak,2022-02-08,2022-03-22,42.5,1,2
"Saranac Power Partners, LP",54574,00002,132.0,268.0,49.3,CC_REGULAR,observed_peak,2022-03-25,2022-07-19,115.5,1,2
"Saranac Power Partners, LP",54574,00002,132.0,268.0,49.3,CC_REGULAR,observed_peak,2022-07-20,2022-12-12,144.7,1,2
"Saranac Power Partners, LP",54574,00002,132.0,268.0,49.3,CC_REGULAR,observed_peak,2022-12-13,2022-12-19,6.1,1,2
"Saranac Power Partners, LP",54574,00002,141.0,293.0,48.1,CC_REGULAR,observed_peak,2023-01-01,2023-03-21,79.8,1,2
"Saranac Power Partners, LP",54574,00002,141.0,293.0,48.1,CC_REGULAR,observed_peak,2023-03-25,2023-05-01,36.4,1,2
"Saranac Power Partners, LP",54574,00002,141.0,293.0,48.1,CC_REGULAR,observed_peak,2023-05-02,2023-07-05,63.9,1,2
"Saranac Power Partners, LP",54574,00002,141.0,293.0,48.1,CC_REGULAR,observed_peak,2023-07-06,2023-07-26,19.2,1,2
"Saranac Power Partners, LP",54574,00002,141.0,293.0,48.1,CC_REGULAR,observed_peak,2023-07-29,2023-09-04,36.2,1,2
"Saranac Power Partners, LP",54574,00002,141.0,293.0,48.1,CC_REGULAR,observed_peak,2023-09-11,2023-10-31,49.3,1,2
"Saranac Power Partners, LP",54574,00002,141.0,293.0,48.1,CC_REGULAR,observed_peak,2023-10-31,2023-11-28,27.1,1,2
"Saranac Power Partners, LP",54574,00002,141.0,293.0,48.1,CC_REGULAR,observed_peak,2023-11-29,2023-12-13,13.3,1,2
"Saranac Power Partners, LP",54574,00002,141.0,293.0,48.1,CC_REGULAR,observed_peak,2023-12-18,2023-12-31,13.6,1,2
"Saranac Power Partners, LP",54574,00002,137.0,286.0,47.9,CC_REGULAR,observed_peak,2024-01-01,2024-01-10,9.1,1,2
"Saranac Power Partners, LP",54574,00002,137.0,286.0,47.9,CC_REGULAR,observed_peak,2024-01-10,2024-01-20,9.8,1,2
"Saranac Power Partners, LP",54574,00002,137.0,286.0,47.9,CC_REGULAR,observed_peak,2024-01-20,2024-02-19,30.7,1,2
"Saranac Power Partners, LP",54574,00002,137.0,286.0,47.9,CC_REGULAR,observed_peak,2024-02-23,2024-03-22,28.3,1,2
"Saranac Power Partners, LP",54574,00002,137.0,286.0,47.9,CC_REGULAR,observed_peak,2024-03-22,2024-03-29,6.7,1,2
"Saranac Power Partners, LP",54574,00002,137.0,286.0,47.9,CC_REGULAR,observed_peak,2024-03-29,2024-04-24,25.5,1,2
"Saranac Power Partners, LP",54574,00002,137.0,286.0,47.9,CC_REGULAR,observed_peak,2024-04-26,2024-06-18,52.5,1,2
"Saranac Power Partners, LP",54574,00002,137.0,286.0,47.9,CC_REGULAR,observed_peak,2024-06-20,2024-07-08,17.5,1,2
"Saranac Power Partners, LP",54574,00002,137.0,286.0,47.9,CC_REGULAR,observed_peak,2024-07-09,2024-07-15,5.4,1,2
"Saranac Power Partners, LP",54574,00002,137.0,286.0,47.9,CC_REGULAR,observed_peak,2024-07-17,2024-07-23,5.3,1,2
"Saranac Power Partners, LP",54574,00002,137.0,286.0,47.9,CC_REGULAR,observed_peak,2024-07-26,2024-08-01,5.8,1,2
"Saranac Power Partners, LP",54574,00002,137.0,286.0,47.9,CC_REGULAR,observed_peak,2024-08-02,2024-08-27,24.6,1,2
"Saranac Power Partners, LP",54574,00002,137.0,286.0,47.9,CC_REGULAR,observed_peak,2024-08-28,2024-09-09,11.2,1,2
"Saranac Power Partners, LP",54574,00002,137.0,286.0,47.9,CC_REGULAR,observed_peak,2024-09-19,2024-10-09,19.2,1,2
"Saranac Power Partners, LP",54574,00002,137.0,286.0,47.9,CC_REGULAR,observed_peak,2024-10-13,2024-10-23,9.2,1,2
"Saranac Power Partners, LP",54574,00002,137.0,286.0,47.9,CC_REGULAR,observed_peak,2024-11-21,2024-12-13,21.2,1,2
"Saranac Power Partners, LP",54574,00002,137.0,286.0,47.9,CC_REGULAR,observed_peak,2024-12-14,2024-12-27,13.2,1,2
"Saranac Power Partners, LP",54574,00002,160.0,301.0,53.2,CC_REGULAR,observed_peak,2025-01-01,2025-01-19,18.1,1,2
"Saranac Power Partners, LP",54574,00002,160.0,301.0,53.2,CC_REGULAR,observed_peak,2025-01-20,2025-01-25,5.1,1,2
"Saranac Power Partners, LP",54574,00002,160.0,301.0,53.2,CC_REGULAR,observed_peak,2025-02-19,2025-03-01,9.2,1,2
"Saranac Power Partners, LP",54574,00002,160.0,301.0,53.2,CC_REGULAR,observed_peak,2025-03-03,2025-03-13,10.1,1,2
"Saranac Power Partners, LP",54574,00002,160.0,301.0,53.2,CC_REGULAR,observed_peak,2025-03-14,2025-04-24,40.7,1,2
"Saranac Power Partners, LP",54574,00002,160.0,301.0,53.2,CC_REGULAR,observed_peak,2025-04-25,2025-06-10,46.6,1,2
"Saranac Power Partners, LP",54574,00002,160.0,301.0,53.2,CC_REGULAR,observed_peak,2025-06-15,2025-06-24,8.8,1,2
"Saranac Power Partners, LP",54574,00002,160.0,301.0,53.2,CC_REGULAR,observed_peak,2025-08-20,2025-09-03,13.2,1,2
"Saranac Power Partners, LP",54574,00002,160.0,301.0,53.2,CC_REGULAR,observed_peak,2025-11-20,2025-12-06,15.9,1,2
"Saranac Power Partners, LP",54574,00002,160.0,301.0,53.2,CC_REGULAR,observed_peak,2025-12-15,2025-12-31,16.1,1,2
"Saranac Power Partners, LP",54574,00002,131.0,304.0,43.1,CC_REGULAR,observed_peak,2026-01-01,2026-01-14,13.2,1,2
"Saranac Power Partners, LP",54574,00002,131.0,304.0,43.1,CC_REGULAR,observed_peak,2026-01-14,2026-02-04,20.8,1,2
"Saranac Power Partners, LP",54574,00002,131.0,304.0,43.1,CC_REGULAR,observed_peak,2026-02-05,2026-02-12,7.4,1,2
"Saranac Power Partners, LP",54574,00002,131.0,304.0,43.1,CC_REGULAR,observed_peak,2026-02-14,2026-03-01,15.8,1,2
"Saranac Power Partners, LP",54574,00002,131.0,304.0,43.1,CC_REGULAR,observed_peak,2026-03-19,2026-03-31,13.0,1,2
Massena Energy Facility,54592,001,55.0,55.0,100.0,CC_REGULAR,observed_peak,2020-01-01,2020-03-18,77.5,0,1
Massena Energy Facility,54592,001,55.0,55.0,100.0,CC_REGULAR,observed_peak,2020-03-18,2020-08-24,158.6,0,1
Massena Energy Facility,54592,001,55.0,55.0,100.0,CC_REGULAR,observed_peak,2020-08-24,2020-10-22,58.6,0,1
Massena Energy Facility,54592,001,55.0,55.0,100.0,CC_REGULAR,observed_peak,2020-10-22,2020-12-31,70.4,0,1
Massena Energy Facility,54592,001,44.0,44.0,100.0,CC_REGULAR,observed_peak,2022-01-01,2022-08-29,240.4,0,1
Massena Energy Facility,54592,001,44.0,44.0,100.0,CC_REGULAR,observed_peak,2022-08-29,2022-10-13,44.6,0,1
Massena Energy Facility,54592,001,44.0,44.0,100.0,CC_REGULAR,observed_peak,2022-10-13,2022-12-31,79.5,0,1
Massena Energy Facility,54592,NET0-923,104.1,104.1,100.0,CC_REGULAR,eia923_netzero,2022-01-01,2022-12-31,365.0,0,1
Massena Energy Facility,54592,NET0-923,104.1,104.1,100.0,CC_REGULAR,eia923_netzero,2026-01-01,2026-12-31,365.0,0,1
Batavia Energy,54593,1,66.2,66.2,100.0,CC_REGULAR,eia_digits_cc,2026-01-05,2026-03-31,85.1,0,1
New York University Central Plant,54808,NET0-923,13.5,13.5,100.0,CC_REGULAR,eia923_netzero,2025-01-01,2025-12-31,365.0,0,1
New York University Central Plant,54808,NET0-923,13.5,13.5,100.0,CC_REGULAR,eia923_netzero,2026-01-01,2026-12-31,365.0,0,1
Brooklyn Navy Yard Cogeneration,54914,1,120.0,241.0,49.8,CC_CHP,observed_peak,2021-05-02,2021-05-08,5.2,1,2
Brooklyn Navy Yard Cogeneration,54914,1,120.0,240.0,50.0,CC_CHP,observed_peak,2022-04-14,2022-04-19,5.0,1,2
Brooklyn Navy Yard Cogeneration,54914,1,119.0,239.0,49.8,CC_CHP,observed_peak,2023-09-29,2023-10-10,11.4,1,2
Brooklyn Navy Yard Cogeneration,54914,2,121.0,241.0,50.2,CC_CHP,observed_peak,2021-05-01,2021-05-12,11.1,1,2
Brooklyn Navy Yard Cogeneration,54914,2,120.0,240.0,50.0,CC_CHP,observed_peak,2022-04-01,2022-05-08,37.5,1,2
Brooklyn Navy Yard Cogeneration,54914,2,120.0,239.0,50.2,CC_CHP,observed_peak,2023-09-29,2023-10-10,10.9,1,2
Astoria Energy,55375,CT1,297.5,595.0,50.0,CC_REGULAR,eia_exact_cc,2019-04-05,2019-04-14,8.8,1,2
Astoria Energy,55375,CT1,297.5,595.0,50.0,CC_REGULAR,eia_exact_cc,2019-10-18,2019-10-29,11.0,1,2
Astoria Energy,55375,CT1,297.5,595.0,50.0,CC_REGULAR,eia_exact_cc,2020-10-02,2020-12-31,90.6,1,2
Astoria Energy,55375,CT1,297.5,595.0,50.0,CC_REGULAR,eia_exact_cc,2021-01-01,2021-02-17,47.6,1,2
Astoria Energy,55375,CT1,297.5,595.0,50.0,CC_REGULAR,eia_exact_cc,2021-02-17,2021-03-06,16.8,1,2
Astoria Energy,55375,CT1,297.5,595.0,50.0,CC_REGULAR,eia_exact_cc,2021-10-21,2021-10-29,8.5,1,2
Astoria Energy,55375,CT1,297.5,595.0,50.0,CC_REGULAR,eia_exact_cc,2022-04-01,2022-04-10,8.7,1,2
Astoria Energy,55375,CT1,297.5,595.0,50.0,CC_REGULAR,eia_exact_cc,2022-10-21,2022-10-30,8.3,1,2
Astoria Energy,55375,CT1,297.5,595.0,50.0,CC_REGULAR,eia_exact_cc,2023-04-07,2023-04-17,10.0,1,2
Astoria Energy,55375,CT1,297.5,595.0,50.0,CC_REGULAR,eia_exact_cc,2023-09-22,2023-10-02,9.8,1,2
Astoria Energy,55375,CT1,297.5,595.0,50.0,CC_REGULAR,eia_exact_cc,2024-04-05,2024-04-14,8.3,1,2
Astoria Energy,55375,CT1,297.5,595.0,50.0,CC_REGULAR,eia_exact_cc,2024-11-01,2024-11-10,8.5,1,2
Astoria Energy,55375,CT1,297.5,595.0,50.0,CC_REGULAR,eia_exact_cc,2025-04-11,2025-04-21,9.9,1,2
Astoria Energy,55375,CT1,297.5,595.0,50.0,CC_REGULAR,eia_exact_cc,2025-09-19,2025-10-21,31.4,1,2
Astoria Energy,55375,CT2,297.5,595.0,50.0,CC_REGULAR,eia_exact_cc,2019-04-05,2019-05-07,32.0,1,2
Astoria Energy,55375,CT2,297.5,595.0,50.0,CC_REGULAR,eia_exact_cc,2019-05-09,2019-05-15,6.1,1,2
Astoria Energy,55375,CT2,297.5,595.0,50.0,CC_REGULAR,eia_exact_cc,2019-10-18,2019-10-29,10.6,1,2
Astoria Energy,55375,CT2,297.5,595.0,50.0,CC_REGULAR,eia_exact_cc,2020-10-02,2020-12-07,65.4,1,2
Astoria Energy,55375,CT2,297.5,595.0,50.0,CC_REGULAR,eia_exact_cc,2020-12-09,2020-12-31,22.7,1,2
Astoria Energy,55375,CT2,297.5,595.0,50.0,CC_REGULAR,eia_exact_cc,2021-01-01,2021-02-25,55.4,1,2
Astoria Energy,55375,CT2,297.5,595.0,50.0,CC_REGULAR,eia_exact_cc,2021-02-25,2021-03-06,8.6,1,2
Astoria Energy,55375,CT2,297.5,595.0,50.0,CC_REGULAR,eia_exact_cc,2021-10-19,2021-10-28,8.7,1,2
Astoria Energy,55375,CT2,297.5,595.0,50.0,CC_REGULAR,eia_exact_cc,2022-04-01,2022-04-11,9.5,1,2
Astoria Energy,55375,CT2,297.5,595.0,50.0,CC_REGULAR,eia_exact_cc,2022-10-21,2022-10-30,8.5,1,2
Astoria Energy,55375,CT2,297.5,595.0,50.0,CC_REGULAR,eia_exact_cc,2023-04-07,2023-04-15,7.7,1,2
Astoria Energy,55375,CT2,297.5,595.0,50.0,CC_REGULAR,eia_exact_cc,2023-09-22,2023-10-01,8.5,1,2
Astoria Energy,55375,CT2,297.5,595.0,50.0,CC_REGULAR,eia_exact_cc,2024-04-05,2024-04-14,8.5,1,2
Astoria Energy,55375,CT2,297.5,595.0,50.0,CC_REGULAR,eia_exact_cc,2024-11-01,2024-11-10,8.8,1,2
Astoria Energy,55375,CT2,297.5,595.0,50.0,CC_REGULAR,eia_exact_cc,2025-04-11,2025-04-22,10.5,1,2
Astoria Energy,55375,CT2,297.5,595.0,50.0,CC_REGULAR,eia_exact_cc,2025-09-26,2025-10-06,9.3,1,2
Astoria Energy,55375,CT2,297.5,595.0,50.0,CC_REGULAR,eia_exact_cc,2025-10-23,2025-11-24,31.7,1,2
Athens Generating Company,55405,1,390.0,1160.0,33.6,CC_REGULAR,observed_peak,2019-01-01,2019-01-06,6.0,2,3
Athens Generating Company,55405,1,390.0,1160.0,33.6,CC_REGULAR,observed_peak,2019-01-17,2019-02-28,42.0,2,3
Athens Generating Company,55405,1,390.0,1160.0,33.6,CC_REGULAR,observed_peak,2019-04-14,2019-05-23,39.3,2,3
Athens Generating Company,55405,1,390.0,1160.0,33.6,CC_REGULAR,observed_peak,2019-09-17,2019-09-22,5.0,2,3
Athens Generating Company,55405,1,390.0,1160.0,33.6,CC_REGULAR,observed_peak,2019-09-23,2019-10-21,27.7,2,3
Athens Generating Company,55405,1,390.0,1160.0,33.6,CC_REGULAR,observed_peak,2019-10-23,2019-11-07,14.9,2,3
Athens Generating Company,55405,1,390.0,1160.0,33.6,CC_REGULAR,observed_peak,2019-11-15,2019-11-27,12.0,2,3
Athens Generating Company,55405,1,390.0,1160.0,33.6,CC_REGULAR,observed_peak,2019-11-27,2019-12-03,5.5,2,3
Athens Generating Company,55405,1,390.0,1160.0,33.6,CC_REGULAR,observed_peak,2019-12-05,2019-12-31,27.0,2,3
Athens Generating Company,55405,1,395.0,1156.0,34.2,CC_REGULAR,observed_peak,2020-01-01,2020-01-14,13.1,2,3
Athens Generating Company,55405,1,395.0,1156.0,34.2,CC_REGULAR,observed_peak,2020-03-03,2020-03-09,7.0,2,3
Athens Generating Company,55405,1,395.0,1156.0,34.2,CC_REGULAR,observed_peak,2020-03-23,2020-09-23,183.6,2,3
Athens Generating Company,55405,1,395.0,1156.0,34.2,CC_REGULAR,observed_peak,2020-09-30,2020-10-15,14.5,2,3
Athens Generating Company,55405,1,395.0,1156.0,34.2,CC_REGULAR,observed_peak,2020-10-15,2020-10-21,5.8,2,3
Athens Generating Company,55405,1,395.0,1156.0,34.2,CC_REGULAR,observed_peak,2020-10-22,2020-10-29,7.0,2,3
Athens Generating Company,55405,1,395.0,1156.0,34.2,CC_REGULAR,observed_peak,2020-11-04,2020-11-24,20.9,2,3
Athens Generating Company,55405,1,395.0,1156.0,34.2,CC_REGULAR,observed_peak,2020-11-26,2020-12-31,36.0,2,3
Athens Generating Company,55405,1,389.0,1141.0,34.1,CC_REGULAR,observed_peak,2021-01-01,2021-02-18,48.1,2,3
Athens Generating Company,55405,1,389.0,1141.0,34.1,CC_REGULAR,observed_peak,2021-02-20,2021-03-08,16.4,2,3
Athens Generating Company,55405,1,389.0,1141.0,34.1,CC_REGULAR,observed_peak,2021-03-09,2021-04-15,37.2,2,3
Athens Generating Company,55405,1,389.0,1141.0,34.1,CC_REGULAR,observed_peak,2021-04-15,2021-05-24,38.8,2,3
Athens Generating Company,55405,1,389.0,1141.0,34.1,CC_REGULAR,observed_peak,2021-05-26,2021-06-06,10.4,2,3
Athens Generating Company,55405,1,389.0,1141.0,34.1,CC_REGULAR,observed_peak,2021-06-11,2021-06-19,8.2,2,3
Athens Generating Company,55405,1,389.0,1141.0,34.1,CC_REGULAR,observed_peak,2021-07-28,2021-08-06,8.3,2,3
Athens Generating Company,55405,1,389.0,1141.0,34.1,CC_REGULAR,observed_peak,2021-08-31,2021-09-14,14.1,2,3
Athens Generating Company,55405,1,389.0,1141.0,34.1,CC_REGULAR,observed_peak,2021-09-28,2021-10-10,12.5,2,3
Athens Generating Company,55405,1,389.0,1141.0,34.1,CC_REGULAR,observed_peak,2021-11-06,2021-11-16,11.0,2,3
Athens Generating Company,55405,1,389.0,1141.0,34.1,CC_REGULAR,observed_peak,2021-11-24,2021-12-31,38.0,2,3
Athens Generating Company,55405,1,379.0,1142.0,33.2,CC_REGULAR,observed_peak,2022-01-01,2022-03-30,88.3,2,3
Athens Generating Company,55405,1,379.0,1142.0,33.2,CC_REGULAR,observed_peak,2022-11-02,2022-11-22,19.5,2,3
Athens Generating Company,55405,1,379.0,1142.0,33.2,CC_REGULAR,observed_peak,2022-11-22,2022-11-28,6.1,2,3
Athens Generating Company,55405,1,379.0,1142.0,33.2,CC_REGULAR,observed_peak,2022-12-05,2022-12-14,8.8,2,3
Athens Generating Company,55405,1,379.0,1142.0,33.2,CC_REGULAR,observed_peak,2022-12-16,2022-12-31,15.4,2,3
Athens Generating Company,55405,1,380.0,1139.0,33.4,CC_REGULAR,observed_peak,2023-01-01,2023-05-10,129.3,2,3
Athens Generating Company,55405,1,380.0,1139.0,33.4,CC_REGULAR,observed_peak,2023-05-24,2023-06-01,8.2,2,3
Athens Generating Company,55405,1,380.0,1139.0,33.4,CC_REGULAR,observed_peak,2023-06-06,2023-06-12,6.0,2,3
Athens Generating Company,55405,1,380.0,1139.0,33.4,CC_REGULAR,observed_peak,2023-06-13,2023-06-19,6.1,2,3
Athens Generating Company,55405,1,380.0,1139.0,33.4,CC_REGULAR,observed_peak,2023-07-29,2023-08-20,22.5,2,3
Athens Generating Company,55405,1,380.0,1139.0,33.4,CC_REGULAR,observed_peak,2023-08-21,2023-08-31,9.1,2,3
Athens Generating Company,55405,1,380.0,1139.0,33.4,CC_REGULAR,observed_peak,2023-09-13,2023-10-31,48.0,2,3
Athens Generating Company,55405,1,380.0,1139.0,33.4,CC_REGULAR,observed_peak,2023-11-03,2023-11-20,17.6,2,3
Athens Generating Company,55405,1,380.0,1139.0,33.4,CC_REGULAR,observed_peak,2023-11-23,2023-12-05,12.2,2,3
Athens Generating Company,55405,1,380.0,1139.0,33.4,CC_REGULAR,observed_peak,2023-12-05,2023-12-31,26.2,2,3
Athens Generating Company,55405,1,378.0,1134.0,33.3,CC_REGULAR,observed_peak,2024-01-01,2024-01-31,31.0,2,3
Athens Generating Company,55405,1,378.0,1134.0,33.3,CC_REGULAR,observed_peak,2024-02-03,2024-06-12,130.5,2,3
Athens Generating Company,55405,1,378.0,1134.0,33.3,CC_REGULAR,observed_peak,2024-06-28,2024-07-05,6.8,2,3
Athens Generating Company,55405,1,378.0,1134.0,33.3,CC_REGULAR,observed_peak,2024-08-31,2024-09-12,13.0,2,3
Athens Generating Company,55405,1,378.0,1134.0,33.3,CC_REGULAR,observed_peak,2024-11-02,2024-11-18,16.4,2,3
Athens Generating Company,55405,1,378.0,1134.0,33.3,CC_REGULAR,observed_peak,2024-11-28,2024-12-31,34.0,2,3
Athens Generating Company,55405,1,381.0,1133.0,33.6,CC_REGULAR,observed_peak,2025-01-01,2025-03-04,62.4,2,3
Athens Generating Company,55405,1,381.0,1133.0,33.6,CC_REGULAR,observed_peak,2025-03-08,2025-03-25,17.9,2,3
Athens Generating Company,55405,1,381.0,1133.0,33.6,CC_REGULAR,observed_peak,2025-04-28,2025-05-04,6.7,2,3
Athens Generating Company,55405,1,381.0,1133.0,33.6,CC_REGULAR,observed_peak,2025-05-17,2025-06-03,17.3,2,3
Athens Generating Company,55405,1,381.0,1133.0,33.6,CC_REGULAR,observed_peak,2025-06-03,2025-07-16,42.3,2,3
Athens Generating Company,55405,1,381.0,1133.0,33.6,CC_REGULAR,observed_peak,2025-10-02,2025-10-27,25.5,2,3
Athens Generating Company,55405,1,381.0,1133.0,33.6,CC_REGULAR,observed_peak,2025-12-02,2025-12-11,8.1,2,3
Athens Generating Company,55405,1,381.0,1133.0,33.6,CC_REGULAR,observed_peak,2025-12-11,2025-12-19,7.2,2,3
Athens Generating Company,55405,1,381.0,1133.0,33.6,CC_REGULAR,observed_peak,2025-12-20,2025-12-31,12.0,2,3
Athens Generating Company,55405,1,379.0,1132.0,33.5,CC_REGULAR,observed_peak,2026-01-01,2026-01-27,26.5,2,3
Athens Generating Company,55405,1,379.0,1132.0,33.5,CC_REGULAR,observed_peak,2026-02-01,2026-02-08,7.3,2,3
Athens Generating Company,55405,1,379.0,1132.0,33.5,CC_REGULAR,observed_peak,2026-02-10,2026-02-26,16.3,2,3
Athens Generating Company,55405,1,379.0,1132.0,33.5,CC_REGULAR,observed_peak,2026-03-17,2026-03-31,14.6,2,3
Athens Generating Company,55405,2,378.0,1160.0,32.6,CC_REGULAR,observed_peak,2019-01-01,2019-04-08,97.5,2,3
Athens Generating Company,55405,2,378.0,1160.0,32.6,CC_REGULAR,observed_peak,2019-04-10,2019-05-07,26.7,2,3
Athens Generating Company,55405,2,378.0,1160.0,32.6,CC_REGULAR,observed_peak,2019-05-07,2019-05-19,12.4,2,3
Athens Generating Company,55405,2,378.0,1160.0,32.6,CC_REGULAR,observed_peak,2019-05-24,2019-06-05,12.7,2,3
Athens Generating Company,55405,2,378.0,1160.0,32.6,CC_REGULAR,observed_peak,2019-06-11,2019-06-16,5.0,2,3
Athens Generating Company,55405,2,378.0,1160.0,32.6,CC_REGULAR,observed_peak,2019-08-22,2019-08-27,5.1,2,3
Athens Generating Company,55405,2,378.0,1160.0,32.6,CC_REGULAR,observed_peak,2019-08-28,2019-09-03,6.0,2,3
Athens Generating Company,55405,2,378.0,1160.0,32.6,CC_REGULAR,observed_peak,2019-09-04,2019-09-16,11.5,2,3
Athens Generating Company,55405,2,378.0,1160.0,32.6,CC_REGULAR,observed_peak,2019-09-25,2019-10-06,11.0,2,3
Athens Generating Company,55405,2,378.0,1160.0,32.6,CC_REGULAR,observed_peak,2019-10-14,2019-10-20,6.0,2,3
Athens Generating Company,55405,2,378.0,1160.0,32.6,CC_REGULAR,observed_peak,2019-10-23,2019-11-11,18.7,2,3
Athens Generating Company,55405,2,378.0,1160.0,32.6,CC_REGULAR,observed_peak,2019-11-22,2019-12-31,40.0,2,3
Athens Generating Company,55405,2,374.0,1156.0,32.4,CC_REGULAR,observed_peak,2020-01-01,2020-03-30,89.5,2,3
Athens Generating Company,55405,2,374.0,1156.0,32.4,CC_REGULAR,observed_peak,2020-03-30,2020-04-10,10.3,2,3
Athens Generating Company,55405,2,374.0,1156.0,32.4,CC_REGULAR,observed_peak,2020-04-11,2020-06-03,53.1,2,3
Athens Generating Company,55405,2,374.0,1156.0,32.4,CC_REGULAR,observed_peak,2020-06-11,2020-06-18,6.2,2,3
Athens Generating Company,55405,2,374.0,1156.0,32.4,CC_REGULAR,observed_peak,2020-08-04,2020-08-10,5.3,2,3
Athens Generating Company,55405,2,374.0,1156.0,32.4,CC_REGULAR,observed_peak,2020-09-11,2020-09-27,16.1,2,3
Athens Generating Company,55405,2,374.0,1156.0,32.4,CC_REGULAR,observed_peak,2020-09-27,2020-10-03,6.2,2,3
Athens Generating Company,55405,2,374.0,1156.0,32.4,CC_REGULAR,observed_peak,2020-10-06,2020-10-20,13.5,2,3
Athens Generating Company,55405,2,374.0,1156.0,32.4,CC_REGULAR,observed_peak,2020-10-20,2020-12-31,72.2,2,3
Athens Generating Company,55405,2,372.0,1141.0,32.6,CC_REGULAR,observed_peak,2021-01-01,2021-03-22,80.6,2,3
Athens Generating Company,55405,2,372.0,1141.0,32.6,CC_REGULAR,observed_peak,2021-03-24,2021-05-21,57.4,2,3
Athens Generating Company,55405,2,372.0,1141.0,32.6,CC_REGULAR,observed_peak,2021-05-28,2021-06-24,27.4,2,3
Athens Generating Company,55405,2,372.0,1141.0,32.6,CC_REGULAR,observed_peak,2021-07-01,2021-08-10,39.2,2,3
Athens Generating Company,55405,2,372.0,1141.0,32.6,CC_REGULAR,observed_peak,2021-08-14,2021-08-23,8.1,2,3
Athens Generating Company,55405,2,372.0,1141.0,32.6,CC_REGULAR,observed_peak,2021-08-31,2021-10-04,33.4,2,3
Athens Generating Company,55405,2,372.0,1141.0,32.6,CC_REGULAR,observed_peak,2021-10-04,2021-10-11,7.4,2,3
Athens Generating Company,55405,2,372.0,1141.0,32.6,CC_REGULAR,observed_peak,2021-10-21,2021-10-29,7.5,2,3
Athens Generating Company,55405,2,372.0,1141.0,32.6,CC_REGULAR,observed_peak,2021-11-12,2021-11-19,6.5,2,3
Athens Generating Company,55405,2,372.0,1141.0,32.6,CC_REGULAR,observed_peak,2021-12-02,2021-12-31,30.0,2,3
Athens Generating Company,55405,2,377.0,1142.0,33.0,CC_REGULAR,observed_peak,2022-01-01,2022-03-08,67.0,2,3
Athens Generating Company,55405,2,377.0,1142.0,33.0,CC_REGULAR,observed_peak,2022-03-24,2022-03-29,5.1,2,3
Athens Generating Company,55405,2,377.0,1142.0,33.0,CC_REGULAR,observed_peak,2022-04-08,2022-04-20,12.0,2,3
Athens Generating Company,55405,2,377.0,1142.0,33.0,CC_REGULAR,observed_peak,2022-09-22,2022-10-05,12.3,2,3
Athens Generating Company,55405,2,377.0,1142.0,33.0,CC_REGULAR,observed_peak,2022-10-15,2022-10-31,17.0,2,3
Athens Generating Company,55405,2,377.0,1142.0,33.0,CC_REGULAR,observed_peak,2022-12-02,2022-12-14,12.0,2,3
Athens Generating Company,55405,2,377.0,1142.0,33.0,CC_REGULAR,observed_peak,2022-12-16,2022-12-31,15.1,2,3
Athens Generating Company,55405,2,380.0,1139.0,33.4,CC_REGULAR,observed_peak,2023-01-01,2023-03-12,70.9,2,3
Athens Generating Company,55405,2,380.0,1139.0,33.4,CC_REGULAR,observed_peak,2023-03-30,2023-04-26,27.0,2,3
Athens Generating Company,55405,2,380.0,1139.0,33.4,CC_REGULAR,observed_peak,2023-04-26,2023-05-07,11.0,2,3
Athens Generating Company,55405,2,380.0,1139.0,33.4,CC_REGULAR,observed_peak,2023-05-13,2023-05-30,16.3,2,3
Athens Generating Company,55405,2,380.0,1139.0,33.4,CC_REGULAR,observed_peak,2023-06-03,2023-06-14,12.0,2,3
Athens Generating Company,55405,2,380.0,1139.0,33.4,CC_REGULAR,observed_peak,2023-06-16,2023-06-26,10.0,2,3
Athens Generating Company,55405,2,380.0,1139.0,33.4,CC_REGULAR,observed_peak,2023-07-29,2023-08-07,8.6,2,3
Athens Generating Company,55405,2,380.0,1139.0,33.4,CC_REGULAR,observed_peak,2023-08-10,2023-08-21,11.2,2,3
Athens Generating Company,55405,2,380.0,1139.0,33.4,CC_REGULAR,observed_peak,2023-08-21,2023-09-01,10.2,2,3
Athens Generating Company,55405,2,380.0,1139.0,33.4,CC_REGULAR,observed_peak,2023-09-09,2023-10-18,39.1,2,3
Athens Generating Company,55405,2,380.0,1139.0,33.4,CC_REGULAR,observed_peak,2023-11-29,2023-12-31,32.5,2,3
Athens Generating Company,55405,2,379.0,1134.0,33.4,CC_REGULAR,observed_peak,2024-01-01,2024-03-21,81.0,2,3
Athens Generating Company,55405,2,379.0,1134.0,33.4,CC_REGULAR,observed_peak,2024-04-02,2024-04-21,19.9,2,3
Athens Generating Company,55405,2,379.0,1134.0,33.4,CC_REGULAR,observed_peak,2024-04-27,2024-05-06,9.3,2,3
Athens Generating Company,55405,2,379.0,1134.0,33.4,CC_REGULAR,observed_peak,2024-09-17,2024-09-25,8.1,2,3
Athens Generating Company,55405,2,379.0,1134.0,33.4,CC_REGULAR,observed_peak,2024-10-19,2024-10-29,11.0,2,3
Athens Generating Company,55405,2,379.0,1134.0,33.4,CC_REGULAR,observed_peak,2024-12-06,2024-12-17,11.5,2,3
Athens Generating Company,55405,2,379.0,1134.0,33.4,CC_REGULAR,observed_peak,2024-12-19,2024-12-27,7.2,2,3
Athens Generating Company,55405,2,374.0,1133.0,33.0,CC_REGULAR,observed_peak,2025-01-01,2025-01-11,10.4,2,3
Athens Generating Company,55405,2,374.0,1133.0,33.0,CC_REGULAR,observed_peak,2025-01-14,2025-02-28,44.7,2,3
Athens Generating Company,55405,2,374.0,1133.0,33.0,CC_REGULAR,observed_peak,2025-02-28,2025-03-12,12.1,2,3
Athens Generating Company,55405,2,374.0,1133.0,33.0,CC_REGULAR,observed_peak,2025-03-14,2025-04-07,24.5,2,3
Athens Generating Company,55405,2,374.0,1133.0,33.0,CC_REGULAR,observed_peak,2025-04-19,2025-04-30,12.0,2,3
Athens Generating Company,55405,2,374.0,1133.0,33.0,CC_REGULAR,observed_peak,2025-08-28,2025-09-02,5.3,2,3
Athens Generating Company,55405,2,374.0,1133.0,33.0,CC_REGULAR,observed_peak,2025-09-10,2025-12-16,97.5,2,3
Athens Generating Company,55405,2,374.0,1133.0,33.0,CC_REGULAR,observed_peak,2025-12-17,2025-12-31,15.0,2,3
Athens Generating Company,55405,2,379.0,1132.0,33.5,CC_REGULAR,observed_peak,2026-01-01,2026-03-10,68.4,2,3
Athens Generating Company,55405,2,379.0,1132.0,33.5,CC_REGULAR,observed_peak,2026-03-10,2026-03-16,6.1,2,3
Athens Generating Company,55405,2,379.0,1132.0,33.5,CC_REGULAR,observed_peak,2026-03-18,2026-03-24,6.9,2,3
Athens Generating Company,55405,3,392.0,1160.0,33.8,CC_REGULAR,observed_peak,2019-01-01,2019-01-10,10.0,2,3
Athens Generating Company,55405,3,392.0,1160.0,33.8,CC_REGULAR,observed_peak,2019-01-15,2019-01-23,8.1,2,3
Athens Generating Company,55405,3,392.0,1160.0,33.8,CC_REGULAR,observed_peak,2019-02-28,2019-06-14,106.2,2,3
Athens Generating Company,55405,3,392.0,1160.0,33.8,CC_REGULAR,observed_peak,2019-06-14,2019-06-22,7.9,2,3
Athens Generating Company,55405,3,392.0,1160.0,33.8,CC_REGULAR,observed_peak,2019-08-01,2019-08-08,6.6,2,3
Athens Generating Company,55405,3,392.0,1160.0,33.8,CC_REGULAR,observed_peak,2019-08-10,2019-08-16,6.0,2,3
Athens Generating Company,55405,3,392.0,1160.0,33.8,CC_REGULAR,observed_peak,2019-10-30,2019-11-10,11.5,2,3
Athens Generating Company,55405,3,392.0,1160.0,33.8,CC_REGULAR,observed_peak,2019-11-10,2019-11-25,14.7,2,3
Athens Generating Company,55405,3,387.0,1156.0,33.5,CC_REGULAR,observed_peak,2020-01-11,2020-01-16,5.9,2,3
Athens Generating Company,55405,3,387.0,1156.0,33.5,CC_REGULAR,observed_peak,2020-01-18,2020-03-01,43.9,2,3
Athens Generating Company,55405,3,387.0,1156.0,33.5,CC_REGULAR,observed_peak,2020-03-07,2020-04-20,44.5,2,3
Athens Generating Company,55405,3,387.0,1156.0,33.5,CC_REGULAR,observed_peak,2020-04-25,2020-05-26,31.1,2,3
Athens Generating Company,55405,3,387.0,1156.0,33.5,CC_REGULAR,observed_peak,2020-05-28,2020-06-05,8.0,2,3
Athens Generating Company,55405,3,387.0,1156.0,33.5,CC_REGULAR,observed_peak,2020-09-18,2020-09-23,6.0,2,3
Athens Generating Company,55405,3,387.0,1156.0,33.5,CC_REGULAR,observed_peak,2020-09-28,2020-10-05,7.7,2,3
Athens Generating Company,55405,3,387.0,1156.0,33.5,CC_REGULAR,observed_peak,2020-10-05,2020-12-31,87.1,2,3
Athens Generating Company,55405,3,380.0,1141.0,33.3,CC_REGULAR,observed_peak,2021-01-01,2021-01-22,21.4,2,3
Athens Generating Company,55405,3,380.0,1141.0,33.3,CC_REGULAR,observed_peak,2021-01-22,2021-02-24,32.6,2,3
Athens Generating Company,55405,3,380.0,1141.0,33.3,CC_REGULAR,observed_peak,2021-02-25,2021-04-16,49.5,2,3
Athens Generating Company,55405,3,380.0,1141.0,33.3,CC_REGULAR,observed_peak,2021-04-16,2021-05-19,32.4,2,3
Athens Generating Company,55405,3,380.0,1141.0,33.3,CC_REGULAR,observed_peak,2021-05-27,2021-06-05,8.2,2,3
Athens Generating Company,55405,3,380.0,1141.0,33.3,CC_REGULAR,observed_peak,2021-06-11,2021-06-19,7.2,2,3
Athens Generating Company,55405,3,380.0,1141.0,33.3,CC_REGULAR,observed_peak,2021-07-28,2021-08-06,8.2,2,3
Athens Generating Company,55405,3,380.0,1141.0,33.3,CC_REGULAR,observed_peak,2021-09-01,2021-09-14,13.0,2,3
Athens Generating Company,55405,3,380.0,1141.0,33.3,CC_REGULAR,observed_peak,2021-09-28,2021-10-04,6.0,2,3
Athens Generating Company,55405,3,380.0,1141.0,33.3,CC_REGULAR,observed_peak,2021-10-12,2021-10-28,15.6,2,3
Athens Generating Company,55405,3,380.0,1141.0,33.3,CC_REGULAR,observed_peak,2021-11-24,2021-12-31,38.0,2,3
Athens Generating Company,55405,3,386.0,1142.0,33.8,CC_REGULAR,observed_peak,2022-01-01,2022-03-08,67.0,2,3
Athens Generating Company,55405,3,386.0,1142.0,33.8,CC_REGULAR,observed_peak,2022-03-10,2022-03-19,10.0,2,3
Athens Generating Company,55405,3,386.0,1142.0,33.8,CC_REGULAR,observed_peak,2022-04-28,2022-05-16,18.4,2,3
Athens Generating Company,55405,3,386.0,1142.0,33.8,CC_REGULAR,observed_peak,2022-09-10,2022-09-19,9.4,2,3
Athens Generating Company,55405,3,386.0,1142.0,33.8,CC_REGULAR,observed_peak,2022-09-21,2022-10-17,25.6,2,3
Athens Generating Company,55405,3,386.0,1142.0,33.8,CC_REGULAR,observed_peak,2022-12-06,2022-12-15,8.2,2,3
Athens Generating Company,55405,3,386.0,1142.0,33.8,CC_REGULAR,observed_peak,2022-12-17,2022-12-31,14.5,2,3
Athens Generating Company,55405,3,379.0,1139.0,33.3,CC_REGULAR,observed_peak,2023-01-01,2023-05-17,136.3,2,3
Athens Generating Company,55405,3,379.0,1139.0,33.3,CC_REGULAR,observed_peak,2023-05-20,2023-06-13,24.0,2,3
Athens Generating Company,55405,3,379.0,1139.0,33.3,CC_REGULAR,observed_peak,2023-06-15,2023-06-30,15.1,2,3
Athens Generating Company,55405,3,379.0,1139.0,33.3,CC_REGULAR,observed_peak,2023-07-19,2023-07-28,9.2,2,3
Athens Generating Company,55405,3,379.0,1139.0,33.3,CC_REGULAR,observed_peak,2023-08-10,2023-08-21,11.2,2,3
Athens Generating Company,55405,3,379.0,1139.0,33.3,CC_REGULAR,observed_peak,2023-08-21,2023-09-02,11.3,2,3
Athens Generating Company,55405,3,379.0,1139.0,33.3,CC_REGULAR,observed_peak,2023-09-13,2023-10-01,18.1,2,3
Athens Generating Company,55405,3,379.0,1139.0,33.3,CC_REGULAR,observed_peak,2023-10-06,2023-10-15,10.0,2,3
Athens Generating Company,55405,3,379.0,1139.0,33.3,CC_REGULAR,observed_peak,2023-12-02,2023-12-31,30.0,2,3
Athens Generating Company,55405,3,377.0,1134.0,33.2,CC_REGULAR,observed_peak,2024-01-01,2024-03-04,63.9,2,3
Athens Generating Company,55405,3,377.0,1134.0,33.2,CC_REGULAR,observed_peak,2024-03-30,2024-04-19,19.9,2,3
Athens Generating Company,55405,3,377.0,1134.0,33.2,CC_REGULAR,observed_peak,2024-05-04,2024-05-14,10.3,2,3
Athens Generating Company,55405,3,377.0,1134.0,33.2,CC_REGULAR,observed_peak,2024-07-21,2024-07-29,8.0,2,3
Athens Generating Company,55405,3,377.0,1134.0,33.2,CC_REGULAR,observed_peak,2024-10-04,2024-10-16,12.0,2,3
Athens Generating Company,55405,3,377.0,1134.0,33.2,CC_REGULAR,observed_peak,2024-11-27,2024-12-31,35.0,2,3
Athens Generating Company,55405,3,378.0,1133.0,33.4,CC_REGULAR,observed_peak,2025-01-01,2025-03-21,79.4,2,3
Athens Generating Company,55405,3,378.0,1133.0,33.4,CC_REGULAR,observed_peak,2025-03-26,2025-04-06,12.0,2,3
Athens Generating Company,55405,3,378.0,1133.0,33.4,CC_REGULAR,observed_peak,2025-05-23,2025-06-03,10.4,2,3
Athens Generating Company,55405,3,378.0,1133.0,33.4,CC_REGULAR,observed_peak,2025-08-01,2025-08-08,7.2,2,3
Athens Generating Company,55405,3,378.0,1133.0,33.4,CC_REGULAR,observed_peak,2025-08-26,2025-09-15,19.2,2,3
Athens Generating Company,55405,3,378.0,1133.0,33.4,CC_REGULAR,observed_peak,2025-10-25,2025-11-24,30.4,2,3
Athens Generating Company,55405,3,378.0,1133.0,33.4,CC_REGULAR,observed_peak,2025-12-03,2025-12-09,6.3,2,3
Athens Generating Company,55405,3,374.0,1132.0,33.0,CC_REGULAR,observed_peak,2026-01-16,2026-01-21,5.3,2,3
Athens Generating Company,55405,3,374.0,1132.0,33.0,CC_REGULAR,observed_peak,2026-03-07,2026-03-31,25.0,2,3
Pinelawn Power,56188,00001,80.0,80.0,100.0,CC_REGULAR,observed_peak,2019-01-30,2019-02-05,6.3,0,1
Pinelawn Power,56188,00001,80.0,80.0,100.0,CC_REGULAR,observed_peak,2019-02-12,2019-02-20,7.8,0,1
Pinelawn Power,56188,00001,80.0,80.0,100.0,CC_REGULAR,observed_peak,2019-02-20,2019-02-26,5.8,0,1
Pinelawn Power,56188,00001,80.0,80.0,100.0,CC_REGULAR,observed_peak,2019-02-26,2019-03-11,12.3,0,1
Pinelawn Power,56188,00001,80.0,80.0,100.0,CC_REGULAR,observed_peak,2019-04-08,2019-04-16,8.4,0,1
Pinelawn Power,56188,00001,80.0,80.0,100.0,CC_REGULAR,observed_peak,2019-04-23,2019-04-30,6.7,0,1
Pinelawn Power,56188,00001,80.0,80.0,100.0,CC_REGULAR,observed_peak,2019-05-10,2019-07-19,69.5,0,1
Pinelawn Power,56188,00001,80.0,80.0,100.0,CC_REGULAR,observed_peak,2019-10-11,2019-10-17,5.3,0,1
Pinelawn Power,56188,00001,80.0,80.0,100.0,CC_REGULAR,observed_peak,2019-11-02,2019-11-12,9.8,0,1
Pinelawn Power,56188,00001,80.0,80.0,100.0,CC_REGULAR,observed_peak,2019-11-26,2019-12-02,5.7,0,1
Pinelawn Power,56188,00001,80.0,80.0,100.0,CC_REGULAR,observed_peak,2019-12-12,2019-12-19,7.6,0,1
Pinelawn Power,56188,00001,80.0,80.0,100.0,CC_REGULAR,observed_peak,2019-12-20,2019-12-31,12.0,0,1
Pinelawn Power,56188,00001,80.0,80.0,100.0,CC_REGULAR,observed_peak,2020-01-20,2020-01-28,8.1,0,1
Pinelawn Power,56188,00001,80.0,80.0,100.0,CC_REGULAR,observed_peak,2020-02-06,2020-02-14,7.8,0,1
Pinelawn Power,56188,00001,80.0,80.0,100.0,CC_REGULAR,observed_peak,2020-02-21,2020-02-27,5.8,0,1
Pinelawn Power,56188,00001,80.0,80.0,100.0,CC_REGULAR,observed_peak,2020-03-25,2020-04-25,31.5,0,1
Pinelawn Power,56188,00001,80.0,80.0,100.0,CC_REGULAR,observed_peak,2020-04-29,2020-05-05,5.8,0,1
Pinelawn Power,56188,00001,80.0,80.0,100.0,CC_REGULAR,observed_peak,2020-05-09,2020-05-15,5.5,0,1
Pinelawn Power,56188,00001,80.0,80.0,100.0,CC_REGULAR,observed_peak,2020-09-25,2020-10-07,11.4,0,1
Pinelawn Power,56188,00001,80.0,80.0,100.0,CC_REGULAR,observed_peak,2020-11-28,2020-12-04,5.4,0,1
Pinelawn Power,56188,00001,80.0,80.0,100.0,CC_REGULAR,observed_peak,2020-12-05,2020-12-21,16.4,0,1
Pinelawn Power,56188,00001,80.0,80.0,100.0,CC_REGULAR,observed_peak,2020-12-21,2020-12-31,10.2,0,1
Pinelawn Power,56188,00001,81.0,81.0,100.0,CC_REGULAR,observed_peak,2021-01-01,2021-03-16,74.2,0,1
Pinelawn Power,56188,00001,81.0,81.0,100.0,CC_REGULAR,observed_peak,2021-03-16,2021-03-22,5.5,0,1
Pinelawn Power,56188,00001,81.0,81.0,100.0,CC_REGULAR,observed_peak,2021-03-22,2021-04-01,9.5,0,1
Pinelawn Power,56188,00001,81.0,81.0,100.0,CC_REGULAR,observed_peak,2021-05-06,2021-07-05,59.6,0,1
Pinelawn Power,56188,00001,81.0,81.0,100.0,CC_REGULAR,observed_peak,2021-09-19,2021-10-01,12.4,0,1
Pinelawn Power,56188,00001,81.0,81.0,100.0,CC_REGULAR,observed_peak,2021-10-02,2021-10-16,14.3,0,1
Pinelawn Power,56188,00001,81.0,81.0,100.0,CC_REGULAR,observed_peak,2021-10-16,2021-10-25,8.4,0,1
Pinelawn Power,56188,00001,81.0,81.0,100.0,CC_REGULAR,observed_peak,2021-10-26,2021-11-02,6.2,0,1
Pinelawn Power,56188,00001,81.0,81.0,100.0,CC_REGULAR,observed_peak,2021-11-16,2021-11-23,6.6,0,1
Pinelawn Power,56188,00001,81.0,81.0,100.0,CC_REGULAR,observed_peak,2021-11-24,2021-11-29,5.6,0,1
Pinelawn Power,56188,00001,81.0,81.0,100.0,CC_REGULAR,observed_peak,2021-11-29,2021-12-07,7.3,0,1
Pinelawn Power,56188,00001,81.0,81.0,100.0,CC_REGULAR,observed_peak,2021-12-09,2021-12-14,5.6,0,1
Pinelawn Power,56188,00001,81.0,81.0,100.0,CC_REGULAR,observed_peak,2021-12-15,2021-12-22,6.3,0,1
Pinelawn Power,56188,00001,80.0,80.0,100.0,CC_REGULAR,observed_peak,2022-01-08,2022-02-14,37.7,0,1
Pinelawn Power,56188,00001,80.0,80.0,100.0,CC_REGULAR,observed_peak,2022-02-14,2022-02-24,9.5,0,1
Pinelawn Power,56188,00001,80.0,80.0,100.0,CC_REGULAR,observed_peak,2022-02-24,2022-03-17,20.6,0,1
Pinelawn Power,56188,00001,80.0,80.0,100.0,CC_REGULAR,observed_peak,2022-03-17,2022-03-23,5.6,0,1
Pinelawn Power,56188,00001,80.0,80.0,100.0,CC_REGULAR,observed_peak,2022-04-01,2022-04-18,16.4,0,1
Pinelawn Power,56188,00001,80.0,80.0,100.0,CC_REGULAR,observed_peak,2022-09-22,2022-09-29,6.4,0,1
Pinelawn Power,56188,00001,80.0,80.0,100.0,CC_REGULAR,observed_peak,2022-09-29,2022-10-25,25.5,0,1
Pinelawn Power,56188,00001,80.0,80.0,100.0,CC_REGULAR,observed_peak,2022-10-25,2022-10-31,5.9,0,1
Pinelawn Power,56188,00001,80.0,80.0,100.0,CC_REGULAR,observed_peak,2022-11-06,2022-11-15,8.7,0,1
Pinelawn Power,56188,00001,80.0,80.0,100.0,CC_REGULAR,observed_peak,2022-11-18,2022-12-06,17.3,0,1
Pinelawn Power,56188,00001,80.0,80.0,100.0,CC_REGULAR,observed_peak,2022-12-06,2022-12-12,5.9,0,1
Pinelawn Power,56188,00001,80.0,80.0,100.0,CC_REGULAR,observed_peak,2022-12-16,2022-12-25,9.1,0,1
Pinelawn Power,56188,00001,80.0,80.0,100.0,CC_REGULAR,observed_peak,2022-12-26,2022-12-31,5.1,0,1
Pinelawn Power,56188,00001,81.0,81.0,100.0,CC_REGULAR,observed_peak,2023-01-17,2023-01-31,14.5,0,1
Pinelawn Power,56188,00001,81.0,81.0,100.0,CC_REGULAR,observed_peak,2023-01-31,2023-02-15,14.6,0,1
Pinelawn Power,56188,00001,81.0,81.0,100.0,CC_REGULAR,observed_peak,2023-02-16,2023-02-25,8.5,0,1
Pinelawn Power,56188,00001,81.0,81.0,100.0,CC_REGULAR,observed_peak,2023-03-16,2023-03-25,8.4,0,1
Pinelawn Power,56188,00001,81.0,81.0,100.0,CC_REGULAR,observed_peak,2023-03-29,2023-04-04,5.6,0,1
Pinelawn Power,56188,00001,81.0,81.0,100.0,CC_REGULAR,observed_peak,2023-04-05,2023-04-13,7.6,0,1
Pinelawn Power,56188,00001,81.0,81.0,100.0,CC_REGULAR,observed_peak,2023-04-21,2023-05-01,9.7,0,1
Pinelawn Power,56188,00001,81.0,81.0,100.0,CC_REGULAR,observed_peak,2023-05-02,2023-05-13,10.7,0,1
Pinelawn Power,56188,00001,81.0,81.0,100.0,CC_REGULAR,observed_peak,2023-05-13,2023-05-22,8.8,0,1
Pinelawn Power,56188,00001,81.0,81.0,100.0,CC_REGULAR,observed_peak,2023-05-24,2023-05-30,5.5,0,1
Pinelawn Power,56188,00001,81.0,81.0,100.0,CC_REGULAR,observed_peak,2023-06-15,2023-06-26,10.7,0,1
Pinelawn Power,56188,00001,81.0,81.0,100.0,CC_REGULAR,observed_peak,2023-07-29,2023-08-08,9.3,0,1
Pinelawn Power,56188,00001,81.0,81.0,100.0,CC_REGULAR,observed_peak,2023-09-19,2023-11-07,48.4,0,1
Pinelawn Power,56188,00001,81.0,81.0,100.0,CC_REGULAR,observed_peak,2023-11-15,2023-11-28,12.7,0,1
Pinelawn Power,56188,00001,81.0,81.0,100.0,CC_REGULAR,observed_peak,2023-12-14,2023-12-20,5.7,0,1
Pinelawn Power,56188,00001,81.0,81.0,100.0,CC_REGULAR,observed_peak,2023-12-22,2023-12-29,6.3,0,1
Pinelawn Power,56188,00001,80.0,80.0,100.0,CC_REGULAR,observed_peak,2024-01-04,2024-01-24,19.4,0,1
Pinelawn Power,56188,00001,80.0,80.0,100.0,CC_REGULAR,observed_peak,2024-01-25,2024-06-29,155.9,0,1
Pinelawn Power,56188,00001,80.0,80.0,100.0,CC_REGULAR,observed_peak,2024-09-20,2024-09-29,8.7,0,1
Pinelawn Power,56188,00001,80.0,80.0,100.0,CC_REGULAR,observed_peak,2024-09-29,2024-10-07,7.3,0,1
Pinelawn Power,56188,00001,80.0,80.0,100.0,CC_REGULAR,observed_peak,2024-10-20,2024-10-29,8.5,0,1
Pinelawn Power,56188,00001,80.0,80.0,100.0,CC_REGULAR,observed_peak,2024-11-21,2024-12-12,20.7,0,1
Pinelawn Power,56188,00001,80.0,80.0,100.0,CC_REGULAR,observed_peak,2024-12-12,2024-12-18,5.1,0,1
Pinelawn Power,56188,00001,80.0,80.0,100.0,CC_REGULAR,observed_peak,2024-12-20,2024-12-31,12.0,0,1
Pinelawn Power,56188,00001,80.0,80.0,100.0,CC_REGULAR,observed_peak,2025-01-08,2025-01-14,6.6,0,1
Pinelawn Power,56188,00001,80.0,80.0,100.0,CC_REGULAR,observed_peak,2025-01-23,2025-01-28,5.5,0,1
Pinelawn Power,56188,00001,80.0,80.0,100.0,CC_REGULAR,observed_peak,2025-02-02,2025-02-27,25.2,0,1
Pinelawn Power,56188,00001,80.0,80.0,100.0,CC_REGULAR,observed_peak,2025-02-27,2025-03-10,10.7,0,1
Pinelawn Power,56188,00001,80.0,80.0,100.0,CC_REGULAR,observed_peak,2025-03-10,2025-04-07,27.3,0,1
Pinelawn Power,56188,00001,80.0,80.0,100.0,CC_REGULAR,observed_peak,2025-04-12,2025-04-29,16.6,0,1
Pinelawn Power,56188,00001,80.0,80.0,100.0,CC_REGULAR,observed_peak,2025-05-17,2025-05-27,9.7,0,1
Pinelawn Power,56188,00001,80.0,80.0,100.0,CC_REGULAR,observed_peak,2025-05-28,2025-06-04,6.7,0,1
Pinelawn Power,56188,00001,80.0,80.0,100.0,CC_REGULAR,observed_peak,2025-08-28,2025-09-05,7.7,0,1
Pinelawn Power,56188,00001,80.0,80.0,100.0,CC_REGULAR,observed_peak,2025-09-07,2025-09-15,8.2,0,1
Pinelawn Power,56188,00001,80.0,80.0,100.0,CC_REGULAR,observed_peak,2025-09-30,2025-10-14,13.3,0,1
Pinelawn Power,56188,00001,80.0,80.0,100.0,CC_REGULAR,observed_peak,2025-11-03,2025-12-31,58.2,0,1
Pinelawn Power LLC,56188,NET0-923,82.0,82.0,100.0,CC_REGULAR,eia923_netzero,2026-01-01,2026-12-31,365.0,0,1
Poletti 500 MW CC,56196,CTG7A,318.0,638.0,49.8,CC_REGULAR,observed_peak,2019-03-15,2019-03-25,9.5,1,2
Poletti 500 MW CC,56196,CTG7A,318.0,638.0,49.8,CC_REGULAR,observed_peak,2019-09-20,2019-10-02,11.5,1,2
Poletti 500 MW CC,56196,CTG7A,285.0,565.0,50.4,CC_REGULAR,observed_peak,2020-03-20,2020-03-29,8.5,1,2
Poletti 500 MW CC,56196,CTG7A,285.0,565.0,50.4,CC_REGULAR,observed_peak,2020-04-28,2020-05-04,5.2,1,2
Poletti 500 MW CC,56196,CTG7A,285.0,565.0,50.4,CC_REGULAR,observed_peak,2020-09-18,2020-10-18,29.4,1,2
Poletti 500 MW CC,56196,CTG7A,285.0,565.0,50.4,CC_REGULAR,observed_peak,2020-12-24,2020-12-31,6.2,1,2
Poletti 500 MW CC,56196,CTG7A,284.0,568.0,50.0,CC_REGULAR,observed_peak,2021-03-19,2021-04-11,22.3,1,2
Poletti 500 MW CC,56196,CTG7A,284.0,568.0,50.0,CC_REGULAR,observed_peak,2021-09-17,2021-10-14,26.5,1,2
Poletti 500 MW CC,56196,CTG7A,350.0,700.0,50.0,CC_REGULAR,observed_peak,2022-02-12,2022-02-17,5.1,1,2
Poletti 500 MW CC,56196,CTG7A,350.0,700.0,50.0,CC_REGULAR,observed_peak,2022-03-18,2022-04-04,16.7,1,2
Poletti 500 MW CC,56196,CTG7A,350.0,700.0,50.0,CC_REGULAR,observed_peak,2022-04-05,2022-04-10,5.6,1,2
Poletti 500 MW CC,56196,CTG7A,350.0,700.0,50.0,CC_REGULAR,observed_peak,2022-04-23,2022-05-01,7.8,1,2
Poletti 500 MW CC,56196,CTG7A,350.0,700.0,50.0,CC_REGULAR,observed_peak,2022-05-23,2022-05-30,7.2,1,2
Poletti 500 MW CC,56196,CTG7A,350.0,700.0,50.0,CC_REGULAR,observed_peak,2022-09-16,2022-10-14,27.5,1,2
Poletti 500 MW CC,56196,CTG7A,350.0,657.0,53.3,CC_REGULAR,observed_peak,2023-03-18,2023-04-03,16.2,1,2
Poletti 500 MW CC,56196,CTG7A,350.0,657.0,53.3,CC_REGULAR,observed_peak,2023-09-15,2023-10-08,22.5,1,2
Poletti 500 MW CC,56196,CTG7A,350.0,700.0,50.0,CC_REGULAR,observed_peak,2024-03-15,2024-03-30,14.5,1,2
Poletti 500 MW CC,56196,CTG7A,350.0,700.0,50.0,CC_REGULAR,observed_peak,2024-05-20,2024-05-25,5.6,1,2
Poletti 500 MW CC,56196,CTG7A,350.0,700.0,50.0,CC_REGULAR,observed_peak,2024-10-05,2024-10-20,15.1,1,2
Poletti 500 MW CC,56196,CTG7A,286.0,571.0,50.1,CC_REGULAR,observed_peak,2025-03-16,2025-04-02,17.8,1,2
Poletti 500 MW CC,56196,CTG7A,286.0,571.0,50.1,CC_REGULAR,observed_peak,2025-04-06,2025-04-17,11.2,1,2
Poletti 500 MW CC,56196,CTG7A,286.0,571.0,50.1,CC_REGULAR,observed_peak,2025-10-04,2025-10-19,15.5,1,2
Poletti 500 MW CC,56196,CTG7A,286.0,571.0,50.1,CC_REGULAR,observed_peak,2025-10-19,2025-10-25,5.6,1,2
Poletti 500 MW CC,56196,CTG7A,286.0,571.0,50.1,CC_REGULAR,observed_peak,2025-11-03,2025-11-09,6.7,1,2
Poletti 500 MW CC,56196,CTG7A,286.0,571.0,50.1,CC_REGULAR,observed_peak,2025-11-10,2025-11-15,5.8,1,2
Poletti 500 MW CC,56196,CTG7A,286.0,571.0,50.1,CC_REGULAR,observed_peak,2025-11-19,2025-11-30,11.5,1,2
Poletti 500 MW CC,56196,CTG7A,276.0,560.0,49.3,CC_REGULAR,observed_peak,2026-01-05,2026-01-18,13.7,1,2
Poletti 500 MW CC,56196,CTG7A,276.0,560.0,49.3,CC_REGULAR,observed_peak,2026-02-12,2026-02-18,6.7,1,2
Poletti 500 MW CC,56196,CTG7A,276.0,560.0,49.3,CC_REGULAR,observed_peak,2026-02-24,2026-03-31,36.0,1,2
Poletti 500 MW CC,56196,CTG7B,320.0,638.0,50.2,CC_REGULAR,observed_peak,2019-03-15,2019-03-28,13.0,1,2
Poletti 500 MW CC,56196,CTG7B,320.0,638.0,50.2,CC_REGULAR,observed_peak,2019-09-20,2019-10-05,14.2,1,2
Poletti 500 MW CC,56196,CTG7B,280.0,565.0,49.6,CC_REGULAR,observed_peak,2020-03-22,2020-04-01,10.4,1,2
Poletti 500 MW CC,56196,CTG7B,280.0,565.0,49.6,CC_REGULAR,observed_peak,2020-04-13,2020-04-27,13.2,1,2
Poletti 500 MW CC,56196,CTG7B,280.0,565.0,49.6,CC_REGULAR,observed_peak,2020-05-06,2020-05-15,9.2,1,2
Poletti 500 MW CC,56196,CTG7B,280.0,565.0,49.6,CC_REGULAR,observed_peak,2020-05-15,2020-05-23,7.2,1,2
Poletti 500 MW CC,56196,CTG7B,280.0,565.0,49.6,CC_REGULAR,observed_peak,2020-09-18,2020-10-04,15.6,1,2
Poletti 500 MW CC,56196,CTG7B,284.0,568.0,50.0,CC_REGULAR,observed_peak,2021-01-22,2021-02-02,10.9,1,2
Poletti 500 MW CC,56196,CTG7B,284.0,568.0,50.0,CC_REGULAR,observed_peak,2021-03-19,2021-04-05,16.1,1,2
Poletti 500 MW CC,56196,CTG7B,284.0,568.0,50.0,CC_REGULAR,observed_peak,2021-09-17,2021-10-09,21.6,1,2
Poletti 500 MW CC,56196,CTG7B,350.0,700.0,50.0,CC_REGULAR,observed_peak,2022-01-04,2022-01-14,10.3,1,2
Poletti 500 MW CC,56196,CTG7B,350.0,700.0,50.0,CC_REGULAR,observed_peak,2022-03-18,2022-04-04,16.5,1,2
Poletti 500 MW CC,56196,CTG7B,350.0,700.0,50.0,CC_REGULAR,observed_peak,2022-04-10,2022-04-21,11.3,1,2
Poletti 500 MW CC,56196,CTG7B,350.0,700.0,50.0,CC_REGULAR,observed_peak,2022-05-23,2022-05-30,7.2,1,2
Poletti 500 MW CC,56196,CTG7B,350.0,700.0,50.0,CC_REGULAR,observed_peak,2022-09-16,2022-10-13,26.6,1,2
Poletti 500 MW CC,56196,CTG7B,350.0,700.0,50.0,CC_REGULAR,observed_peak,2022-11-18,2022-11-25,6.2,1,2
Poletti 500 MW CC,56196,CTG7B,307.0,657.0,46.7,CC_REGULAR,observed_peak,2023-01-26,2023-02-02,6.9,1,2
Poletti 500 MW CC,56196,CTG7B,307.0,657.0,46.7,CC_REGULAR,observed_peak,2023-03-17,2023-04-01,14.8,1,2
Poletti 500 MW CC,56196,CTG7B,307.0,657.0,46.7,CC_REGULAR,observed_peak,2023-09-15,2023-10-01,15.8,1,2
Poletti 500 MW CC,56196,CTG7B,350.0,700.0,50.0,CC_REGULAR,observed_peak,2024-03-15,2024-03-30,14.6,1,2
Poletti 500 MW CC,56196,CTG7B,350.0,700.0,50.0,CC_REGULAR,observed_peak,2024-05-20,2024-05-25,5.7,1,2
Poletti 500 MW CC,56196,CTG7B,350.0,700.0,50.0,CC_REGULAR,observed_peak,2024-10-05,2024-10-19,14.5,1,2
Poletti 500 MW CC,56196,CTG7B,285.0,571.0,49.9,CC_REGULAR,observed_peak,2025-03-16,2025-03-31,15.5,1,2
Poletti 500 MW CC,56196,CTG7B,285.0,571.0,49.9,CC_REGULAR,observed_peak,2025-04-06,2025-04-18,12.4,1,2
Poletti 500 MW CC,56196,CTG7B,285.0,571.0,49.9,CC_REGULAR,observed_peak,2025-10-04,2025-10-19,15.4,1,2
Poletti 500 MW CC,56196,CTG7B,285.0,571.0,49.9,CC_REGULAR,observed_peak,2025-10-19,2025-10-26,6.6,1,2
Poletti 500 MW CC,56196,CTG7B,285.0,571.0,49.9,CC_REGULAR,observed_peak,2025-11-10,2025-11-15,5.9,1,2
Poletti 500 MW CC,56196,CTG7B,285.0,571.0,49.9,CC_REGULAR,observed_peak,2025-11-19,2025-11-30,11.4,1,2
Poletti 500 MW CC,56196,CTG7B,284.0,560.0,50.7,CC_REGULAR,observed_peak,2026-01-05,2026-01-18,13.5,1,2
Poletti 500 MW CC,56196,CTG7B,284.0,560.0,50.7,CC_REGULAR,observed_peak,2026-02-12,2026-02-18,6.8,1,2
Poletti 500 MW CC,56196,CTG7B,284.0,560.0,50.7,CC_REGULAR,observed_peak,2026-02-24,2026-03-31,36.0,1,2
Caithness Long Island Energy Center,56234,0001,373.0,373.0,100.0,CC_REGULAR,observed_peak,2019-04-19,2019-05-04,14.8,0,1
Caithness Long Island Energy Center,56234,0001,373.0,373.0,100.0,CC_REGULAR,observed_peak,2019-11-16,2019-12-23,37.4,0,1
Caithness Long Island Energy Center,56234,0001,373.0,373.0,100.0,CC_REGULAR,observed_peak,2020-03-28,2020-04-13,16.9,0,1
Caithness Long Island Energy Center,56234,0001,373.0,373.0,100.0,CC_REGULAR,observed_peak,2020-04-14,2020-04-27,12.1,0,1
Caithness Long Island Energy Center,56234,0001,373.0,373.0,100.0,CC_REGULAR,observed_peak,2020-05-23,2020-06-06,14.3,0,1
Caithness Long Island Energy Center,56234,0001,373.0,373.0,100.0,CC_REGULAR,observed_peak,2020-10-17,2020-10-26,9.4,0,1
Caithness Long Island Energy Center,56234,0001,369.0,369.0,100.0,CC_REGULAR,observed_peak,2021-04-16,2021-04-26,9.4,0,1
Caithness Long Island Energy Center,56234,0001,369.0,369.0,100.0,CC_REGULAR,observed_peak,2021-10-16,2021-10-25,9.2,0,1
Caithness Long Island Energy Center,56234,0001,369.0,369.0,100.0,CC_REGULAR,observed_peak,2022-04-23,2022-05-12,19.4,0,1
Caithness Long Island Energy Center,56234,0001,369.0,369.0,100.0,CC_REGULAR,observed_peak,2022-06-22,2022-06-30,8.5,0,1
Caithness Long Island Energy Center,56234,0001,369.0,369.0,100.0,CC_REGULAR,observed_peak,2022-10-22,2022-11-01,10.7,0,1
Caithness Long Island Energy Center,56234,0001,367.0,367.0,100.0,CC_REGULAR,observed_peak,2023-05-06,2023-05-15,9.4,0,1
Caithness Long Island Energy Center,56234,0001,367.0,367.0,100.0,CC_REGULAR,observed_peak,2023-10-14,2023-10-23,9.4,0,1
Caithness Long Island Energy Center,56234,0001,373.0,373.0,100.0,CC_REGULAR,observed_peak,2024-04-06,2024-07-18,103.5,0,1
Caithness Long Island Energy Center,56234,0001,371.0,371.0,100.0,CC_REGULAR,observed_peak,2025-05-10,2025-05-19,9.4,0,1
Caithness Long Island Energy Center,56234,0001,371.0,371.0,100.0,CC_REGULAR,observed_peak,2025-07-04,2025-07-09,5.3,0,1
Caithness Long Island Energy Center,56234,0001,371.0,371.0,100.0,CC_REGULAR,observed_peak,2025-10-11,2025-10-20,9.4,0,1
Caithness Long Island Energy Center,56234,0001,369.0,369.0,100.0,CC_REGULAR,observed_peak,2026-03-23,2026-03-29,6.4,0,1
"Empire Generating Co, LLC",56259,CT-1,327.0,654.0,50.0,CC_CHP,observed_peak,2019-02-15,2019-02-20,6.0,1,2
"Empire Generating Co, LLC",56259,CT-1,327.0,654.0,50.0,CC_CHP,observed_peak,2019-04-06,2019-05-11,35.5,1,2
"Empire Generating Co, LLC",56259,CT-1,327.0,654.0,50.0,CC_CHP,observed_peak,2019-10-02,2019-10-15,12.5,1,2
"Empire Generating Co, LLC",56259,CT-1,327.0,654.0,50.0,CC_CHP,observed_peak,2019-10-30,2019-11-05,5.8,1,2
"Empire Generating Co, LLC",56259,CT-1,327.0,654.0,50.0,CC_CHP,observed_peak,2019-11-19,2019-12-01,12.0,1,2
"Empire Generating Co, LLC",56259,CT-1,327.0,654.0,50.0,CC_CHP,observed_peak,2019-12-03,2019-12-09,5.5,1,2
"Empire Generating Co, LLC",56259,CT-1,324.0,648.0,50.0,CC_CHP,observed_peak,2020-03-19,2020-03-25,5.3,1,2
"Empire Generating Co, LLC",56259,CT-1,324.0,648.0,50.0,CC_CHP,observed_peak,2020-05-18,2020-05-23,5.3,1,2
"Empire Generating Co, LLC",56259,CT-1,324.0,648.0,50.0,CC_CHP,observed_peak,2020-10-03,2020-10-24,21.3,1,2
"Empire Generating Co, LLC",56259,CT-1,326.0,652.0,50.0,CC_CHP,observed_peak,2021-04-10,2021-04-20,10.7,1,2
"Empire Generating Co, LLC",56259,CT-1,326.0,652.0,50.0,CC_CHP,observed_peak,2021-10-28,2021-11-06,9.6,1,2
"Empire Generating Co, LLC",56259,CT-1,326.0,652.0,50.0,CC_CHP,observed_peak,2021-12-13,2021-12-21,8.0,1,2
"Empire Generating Co, LLC",56259,CT-1,339.0,668.0,50.7,CC_CHP,observed_peak,2022-05-30,2022-06-09,9.5,1,2
"Empire Generating Co, LLC",56259,CT-1,339.0,668.0,50.7,CC_CHP,observed_peak,2022-09-15,2022-10-07,21.8,1,2
"Empire Generating Co, LLC",56259,CT-1,339.0,668.0,50.7,CC_CHP,observed_peak,2022-12-12,2022-12-31,19.6,1,2
"Empire Generating Co, LLC",56259,CT-1,329.0,695.0,47.3,CC_CHP,observed_peak,2023-01-01,2023-03-10,68.5,1,2
"Empire Generating Co, LLC",56259,CT-1,329.0,695.0,47.3,CC_CHP,observed_peak,2023-04-14,2023-05-03,19.4,1,2
"Empire Generating Co, LLC",56259,CT-1,329.0,695.0,47.3,CC_CHP,observed_peak,2023-10-13,2023-10-24,11.7,1,2
"Empire Generating Co, LLC",56259,CT-1,329.0,695.0,47.3,CC_CHP,observed_peak,2023-10-25,2023-11-02,7.7,1,2
"Empire Generating Co, LLC",56259,CT-1,326.0,652.0,50.0,CC_CHP,observed_peak,2024-04-12,2024-04-23,11.4,1,2
"Empire Generating Co, LLC",56259,CT-1,326.0,652.0,50.0,CC_CHP,observed_peak,2024-06-13,2024-06-18,5.7,1,2
"Empire Generating Co, LLC",56259,CT-1,326.0,652.0,50.0,CC_CHP,observed_peak,2024-09-20,2024-10-31,41.3,1,2
"Empire Generating Co, LLC",56259,CT-1,326.0,652.0,50.0,CC_CHP,observed_peak,2024-10-31,2024-11-13,13.0,1,2
"Empire Generating Co, LLC",56259,CT-1,326.0,652.0,50.0,CC_CHP,observed_peak,2024-12-15,2024-12-20,5.4,1,2
"Empire Generating Co, LLC",56259,CT-1,328.0,653.0,50.2,CC_CHP,observed_peak,2025-02-06,2025-02-12,5.4,1,2
"Empire Generating Co, LLC",56259,CT-1,328.0,653.0,50.2,CC_CHP,observed_peak,2025-04-11,2025-04-25,14.4,1,2
"Empire Generating Co, LLC",56259,CT-1,328.0,653.0,50.2,CC_CHP,observed_peak,2025-04-26,2025-05-07,10.5,1,2
"Empire Generating Co, LLC",56259,CT-1,328.0,653.0,50.2,CC_CHP,observed_peak,2025-10-03,2025-10-18,15.3,1,2
"Empire Generating Co, LLC",56259,CT-1,328.0,653.0,50.2,CC_CHP,observed_peak,2025-12-24,2025-12-29,5.9,1,2
"Empire Generating Co, LLC",56259,CT-1,322.0,641.0,50.2,CC_CHP,observed_peak,2026-02-01,2026-02-15,14.4,1,2
"Empire Generating Co, LLC",56259,CT-2,327.0,654.0,50.0,CC_CHP,observed_peak,2019-02-14,2019-02-21,7.5,1,2
"Empire Generating Co, LLC",56259,CT-2,327.0,654.0,50.0,CC_CHP,observed_peak,2019-02-27,2019-03-05,5.7,1,2
"Empire Generating Co, LLC",56259,CT-2,327.0,654.0,50.0,CC_CHP,observed_peak,2019-04-05,2019-05-10,34.5,1,2
"Empire Generating Co, LLC",56259,CT-2,327.0,654.0,50.0,CC_CHP,observed_peak,2019-10-04,2019-10-15,10.7,1,2
"Empire Generating Co, LLC",56259,CT-2,327.0,654.0,50.0,CC_CHP,observed_peak,2019-11-19,2019-11-27,7.5,1,2
"Empire Generating Co, LLC",56259,CT-2,324.0,648.0,50.0,CC_CHP,observed_peak,2020-02-04,2020-02-10,5.3,1,2
"Empire Generating Co, LLC",56259,CT-2,324.0,648.0,50.0,CC_CHP,observed_peak,2020-04-01,2020-04-09,7.2,1,2
"Empire Generating Co, LLC",56259,CT-2,324.0,648.0,50.0,CC_CHP,observed_peak,2020-04-24,2020-04-30,5.3,1,2
"Empire Generating Co, LLC",56259,CT-2,324.0,648.0,50.0,CC_CHP,observed_peak,2020-05-01,2020-05-08,6.3,1,2
"Empire Generating Co, LLC",56259,CT-2,324.0,648.0,50.0,CC_CHP,observed_peak,2020-10-03,2020-10-29,26.2,1,2
"Empire Generating Co, LLC",56259,CT-2,326.0,652.0,50.0,CC_CHP,observed_peak,2021-04-10,2021-04-23,13.4,1,2
"Empire Generating Co, LLC",56259,CT-2,326.0,652.0,50.0,CC_CHP,observed_peak,2021-10-28,2021-11-08,11.4,1,2
"Empire Generating Co, LLC",56259,CT-2,329.0,668.0,49.3,CC_CHP,observed_peak,2022-05-31,2022-06-09,9.9,1,2
"Empire Generating Co, LLC",56259,CT-2,329.0,668.0,49.3,CC_CHP,observed_peak,2022-09-15,2022-10-08,22.8,1,2
"Empire Generating Co, LLC",56259,CT-2,366.0,695.0,52.7,CC_CHP,observed_peak,2023-04-14,2023-05-06,22.5,1,2
"Empire Generating Co, LLC",56259,CT-2,366.0,695.0,52.7,CC_CHP,observed_peak,2023-10-13,2023-10-25,12.5,1,2
"Empire Generating Co, LLC",56259,CT-2,326.0,652.0,50.0,CC_CHP,observed_peak,2024-04-12,2024-04-24,12.1,1,2
"Empire Generating Co, LLC",56259,CT-2,326.0,652.0,50.0,CC_CHP,observed_peak,2024-09-20,2024-10-29,39.5,1,2
"Empire Generating Co, LLC",56259,CT-2,326.0,652.0,50.0,CC_CHP,observed_peak,2024-12-15,2024-12-23,8.4,1,2
"Empire Generating Co, LLC",56259,CT-2,325.0,653.0,49.8,CC_CHP,observed_peak,2025-04-11,2025-05-08,27.7,1,2
"Empire Generating Co, LLC",56259,CT-2,325.0,653.0,49.8,CC_CHP,observed_peak,2025-10-03,2025-10-16,13.6,1,2
"Empire Generating Co, LLC",56259,CT-2,325.0,653.0,49.8,CC_CHP,observed_peak,2025-12-25,2025-12-31,6.2,1,2
Valley Energy Center,56940,1,385.2,770.5,50.0,CC_REGULAR,eia_digits_cc,2019-01-07,2019-01-17,10.7,1,2
Valley Energy Center,56940,1,385.2,770.5,50.0,CC_REGULAR,eia_digits_cc,2019-03-14,2019-04-04,20.3,1,2
Valley Energy Center,56940,1,385.2,770.5,50.0,CC_REGULAR,eia_digits_cc,2019-05-14,2019-05-20,5.2,1,2
Valley Energy Center,56940,1,385.2,770.5,50.0,CC_REGULAR,eia_digits_cc,2019-05-20,2019-05-29,8.2,1,2
Valley Energy Center,56940,1,385.2,770.5,50.0,CC_REGULAR,eia_digits_cc,2019-05-31,2019-06-16,16.5,1,2
Valley Energy Center,56940,1,385.2,770.5,50.0,CC_REGULAR,eia_digits_cc,2019-10-12,2019-10-19,6.8,1,2
Valley Energy Center,56940,1,385.2,770.5,50.0,CC_REGULAR,eia_digits_cc,2020-04-20,2020-04-30,10.0,1,2
Valley Energy Center,56940,1,385.2,770.5,50.0,CC_REGULAR,eia_digits_cc,2020-10-11,2020-10-17,5.4,1,2
Valley Energy Center,56940,1,385.2,770.5,50.0,CC_REGULAR,eia_digits_cc,2021-04-10,2021-05-07,27.2,1,2
Valley Energy Center,56940,1,385.2,770.5,50.0,CC_REGULAR,eia_digits_cc,2021-05-28,2021-06-06,9.2,1,2
Valley Energy Center,56940,1,385.2,770.5,50.0,CC_REGULAR,eia_digits_cc,2021-09-09,2021-09-29,20.2,1,2
Valley Energy Center,56940,1,385.2,770.5,50.0,CC_REGULAR,eia_digits_cc,2022-05-07,2022-05-28,21.3,1,2
Valley Energy Center,56940,1,385.2,770.5,50.0,CC_REGULAR,eia_digits_cc,2022-09-23,2022-09-30,6.8,1,2
Valley Energy Center,56940,1,385.2,770.5,50.0,CC_REGULAR,eia_digits_cc,2023-03-06,2023-03-12,6.9,1,2
Valley Energy Center,56940,1,385.2,770.5,50.0,CC_REGULAR,eia_digits_cc,2023-04-11,2023-04-16,5.6,1,2
Valley Energy Center,56940,1,385.2,770.5,50.0,CC_REGULAR,eia_digits_cc,2023-04-19,2023-04-24,5.2,1,2
Valley Energy Center,56940,1,385.2,770.5,50.0,CC_REGULAR,eia_digits_cc,2023-05-04,2023-05-16,11.9,1,2
Valley Energy Center,56940,1,385.2,770.5,50.0,CC_REGULAR,eia_digits_cc,2023-05-26,2023-06-01,5.1,1,2
Valley Energy Center,56940,1,385.2,770.5,50.0,CC_REGULAR,eia_digits_cc,2023-09-30,2023-10-30,30.2,1,2
Valley Energy Center,56940,1,385.2,770.5,50.0,CC_REGULAR,eia_digits_cc,2024-04-20,2024-04-29,9.2,1,2
Valley Energy Center,56940,1,385.2,770.5,50.0,CC_REGULAR,eia_digits_cc,2024-10-19,2024-10-29,10.5,1,2
Valley Energy Center,56940,1,385.2,770.5,50.0,CC_REGULAR,eia_digits_cc,2025-05-03,2025-05-13,10.7,1,2
Valley Energy Center,56940,1,385.2,770.5,50.0,CC_REGULAR,eia_digits_cc,2025-10-11,2025-11-19,39.5,1,2
Valley Energy Center,56940,2,385.2,770.5,50.0,CC_REGULAR,eia_digits_cc,2019-01-09,2019-01-17,8.2,1,2
Valley Energy Center,56940,2,385.2,770.5,50.0,CC_REGULAR,eia_digits_cc,2019-03-14,2019-04-03,19.4,1,2
Valley Energy Center,56940,2,385.2,770.5,50.0,CC_REGULAR,eia_digits_cc,2019-05-08,2019-05-20,12.1,1,2
Valley Energy Center,56940,2,385.2,770.5,50.0,CC_REGULAR,eia_digits_cc,2019-05-20,2019-05-28,7.2,1,2
Valley Energy Center,56940,2,385.2,770.5,50.0,CC_REGULAR,eia_digits_cc,2019-05-31,2019-06-12,11.8,1,2
Valley Energy Center,56940,2,385.2,770.5,50.0,CC_REGULAR,eia_digits_cc,2019-10-12,2019-10-19,6.6,1,2
Valley Energy Center,56940,2,385.2,770.5,50.0,CC_REGULAR,eia_digits_cc,2020-04-09,2020-04-17,8.2,1,2
Valley Energy Center,56940,2,385.2,770.5,50.0,CC_REGULAR,eia_digits_cc,2020-04-18,2020-05-01,13.4,1,2
Valley Energy Center,56940,2,385.2,770.5,50.0,CC_REGULAR,eia_digits_cc,2020-05-18,2020-05-26,7.2,1,2
Valley Energy Center,56940,2,385.2,770.5,50.0,CC_REGULAR,eia_digits_cc,2020-10-11,2020-10-17,5.5,1,2
Valley Energy Center,56940,2,385.2,770.5,50.0,CC_REGULAR,eia_digits_cc,2020-12-06,2020-12-11,5.1,1,2
Valley Energy Center,56940,2,385.2,770.5,50.0,CC_REGULAR,eia_digits_cc,2021-04-08,2021-05-07,28.6,1,2
Valley Energy Center,56940,2,385.2,770.5,50.0,CC_REGULAR,eia_digits_cc,2021-05-28,2021-06-06,9.1,1,2
Valley Energy Center,56940,2,385.2,770.5,50.0,CC_REGULAR,eia_digits_cc,2021-09-08,2021-09-29,20.6,1,2
Valley Energy Center,56940,2,385.2,770.5,50.0,CC_REGULAR,eia_digits_cc,2022-05-07,2022-05-21,15.0,1,2
Valley Energy Center,56940,2,385.2,770.5,50.0,CC_REGULAR,eia_digits_cc,2022-09-23,2022-09-30,6.9,1,2
Valley Energy Center,56940,2,385.2,770.5,50.0,CC_REGULAR,eia_digits_cc,2022-11-25,2022-12-06,10.7,1,2
Valley Energy Center,56940,2,385.2,770.5,50.0,CC_REGULAR,eia_digits_cc,2023-01-06,2023-01-19,13.0,1,2
Valley Energy Center,56940,2,385.2,770.5,50.0,CC_REGULAR,eia_digits_cc,2023-03-05,2023-03-13,7.4,1,2
Valley Energy Center,56940,2,385.2,770.5,50.0,CC_REGULAR,eia_digits_cc,2023-04-09,2023-04-16,7.2,1,2
Valley Energy Center,56940,2,385.2,770.5,50.0,CC_REGULAR,eia_digits_cc,2023-04-19,2023-04-25,5.6,1,2
Valley Energy Center,56940,2,385.2,770.5,50.0,CC_REGULAR,eia_digits_cc,2023-05-04,2023-05-17,12.8,1,2
Valley Energy Center,56940,2,385.2,770.5,50.0,CC_REGULAR,eia_digits_cc,2023-09-30,2023-10-28,28.4,1,2
Valley Energy Center,56940,2,385.2,770.5,50.0,CC_REGULAR,eia_digits_cc,2024-04-20,2024-04-28,8.6,1,2
Valley Energy Center,56940,2,385.2,770.5,50.0,CC_REGULAR,eia_digits_cc,2024-10-19,2024-11-26,38.8,1,2
Valley Energy Center,56940,2,385.2,770.5,50.0,CC_REGULAR,eia_digits_cc,2025-05-03,2025-05-14,11.0,1,2
Valley Energy Center,56940,2,385.2,770.5,50.0,CC_REGULAR,eia_digits_cc,2025-10-11,2025-11-26,46.5,1,2
Cricket Valley Energy Center,57185,U001,174.2,522.6,33.3,CC_REGULAR,eia_exact,2020-01-01,2020-02-11,41.8,2,3
Cricket Valley Energy Center,57185,U001,174.2,522.6,33.3,CC_REGULAR,eia_exact,2020-04-06,2020-04-11,5.0,2,3
Cricket Valley Energy Center,57185,U001,174.2,522.6,33.3,CC_REGULAR,eia_exact,2020-06-13,2020-06-19,6.2,2,3
Cricket Valley Energy Center,57185,U001,174.2,522.6,33.3,CC_REGULAR,eia_exact,2020-08-24,2020-09-06,12.6,2,3
Cricket Valley Energy Center,57185,U001,174.2,522.6,33.3,CC_REGULAR,eia_exact,2020-10-22,2020-11-01,9.9,2,3
Cricket Valley Energy Center,57185,U001,174.2,522.6,33.3,CC_REGULAR,eia_exact,2020-11-17,2020-12-30,42.2,2,3
Cricket Valley Energy Center,57185,U001,174.2,522.6,33.3,CC_REGULAR,eia_exact,2021-01-04,2021-01-12,7.6,2,3
Cricket Valley Energy Center,57185,U001,174.2,522.6,33.3,CC_REGULAR,eia_exact,2021-01-21,2021-02-02,11.4,2,3
Cricket Valley Energy Center,57185,U001,174.2,522.6,33.3,CC_REGULAR,eia_exact,2021-02-09,2021-02-22,12.5,2,3
Cricket Valley Energy Center,57185,U001,174.2,522.6,33.3,CC_REGULAR,eia_exact,2021-02-25,2021-03-03,6.8,2,3
Cricket Valley Energy Center,57185,U001,174.2,522.6,33.3,CC_REGULAR,eia_exact,2021-03-12,2021-03-24,11.2,2,3
Cricket Valley Energy Center,57185,U001,174.2,522.6,33.3,CC_REGULAR,eia_exact,2021-10-30,2021-11-20,21.8,2,3
Cricket Valley Energy Center,57185,U001,174.2,522.6,33.3,CC_REGULAR,eia_exact,2021-12-15,2021-12-22,6.4,2,3
Cricket Valley Energy Center,57185,U001,174.2,522.6,33.3,CC_REGULAR,eia_exact,2021-12-23,2021-12-31,9.0,2,3
Cricket Valley Energy Center,57185,U001,174.2,522.6,33.3,CC_REGULAR,eia_exact,2022-01-01,2022-01-21,20.0,2,3
Cricket Valley Energy Center,57185,U001,174.2,522.6,33.3,CC_REGULAR,eia_exact,2022-01-22,2022-02-02,11.4,2,3
Cricket Valley Energy Center,57185,U001,174.2,522.6,33.3,CC_REGULAR,eia_exact,2022-02-10,2022-02-16,5.6,2,3
Cricket Valley Energy Center,57185,U001,174.2,522.6,33.3,CC_REGULAR,eia_exact,2022-02-25,2022-03-02,5.4,2,3
Cricket Valley Energy Center,57185,U001,174.2,522.6,33.3,CC_REGULAR,eia_exact,2022-03-13,2022-03-22,9.9,2,3
Cricket Valley Energy Center,57185,U001,174.2,522.6,33.3,CC_REGULAR,eia_exact,2022-11-24,2022-12-15,20.8,2,3
Cricket Valley Energy Center,57185,U001,174.2,522.6,33.3,CC_REGULAR,eia_exact,2022-12-16,2022-12-22,6.5,2,3
Cricket Valley Energy Center,57185,U001,174.2,522.6,33.3,CC_REGULAR,eia_exact,2022-12-23,2022-12-29,6.0,2,3
Cricket Valley Energy Center,57185,U001,174.2,522.6,33.3,CC_REGULAR,eia_exact,2023-02-02,2023-02-07,5.1,2,3
Cricket Valley Energy Center,57185,U001,174.2,522.6,33.3,CC_REGULAR,eia_exact,2023-02-08,2023-02-14,6.0,2,3
Cricket Valley Energy Center,57185,U001,174.2,522.6,33.3,CC_REGULAR,eia_exact,2023-02-17,2023-02-23,5.2,2,3
Cricket Valley Energy Center,57185,U001,174.2,522.6,33.3,CC_REGULAR,eia_exact,2023-03-04,2023-03-12,8.4,2,3
Cricket Valley Energy Center,57185,U001,174.2,522.6,33.3,CC_REGULAR,eia_exact,2023-10-06,2023-10-12,5.5,2,3
Cricket Valley Energy Center,57185,U001,174.2,522.6,33.3,CC_REGULAR,eia_exact,2023-10-27,2023-11-15,19.4,2,3
Cricket Valley Energy Center,57185,U001,174.2,522.6,33.3,CC_REGULAR,eia_exact,2023-12-05,2023-12-11,5.6,2,3
Cricket Valley Energy Center,57185,U001,174.2,522.6,33.3,CC_REGULAR,eia_exact,2023-12-21,2023-12-28,7.0,2,3
Cricket Valley Energy Center,57185,U001,174.2,522.6,33.3,CC_REGULAR,eia_exact,2024-01-05,2024-01-10,5.5,2,3
Cricket Valley Energy Center,57185,U001,174.2,522.6,33.3,CC_REGULAR,eia_exact,2024-01-12,2024-01-24,11.5,2,3
Cricket Valley Energy Center,57185,U001,174.2,522.6,33.3,CC_REGULAR,eia_exact,2024-02-27,2024-03-08,10.3,2,3
Cricket Valley Energy Center,57185,U001,174.2,522.6,33.3,CC_REGULAR,eia_exact,2024-03-24,2024-03-31,8.0,2,3
Cricket Valley Energy Center,57185,U001,174.2,522.6,33.3,CC_REGULAR,eia_exact,2024-06-15,2024-06-21,6.2,2,3
Cricket Valley Energy Center,57185,U001,174.2,522.6,33.3,CC_REGULAR,eia_exact,2024-08-01,2024-08-27,26.1,2,3
Cricket Valley Energy Center,57185,U001,174.2,522.6,33.3,CC_REGULAR,eia_exact,2024-10-12,2024-10-29,17.7,2,3
Cricket Valley Energy Center,57185,U001,174.2,522.6,33.3,CC_REGULAR,eia_exact,2024-12-01,2024-12-09,7.7,2,3
Cricket Valley Energy Center,57185,U001,174.2,522.6,33.3,CC_REGULAR,eia_exact,2024-12-20,2024-12-31,11.5,2,3
Cricket Valley Energy Center,57185,U001,174.2,522.6,33.3,CC_REGULAR,eia_exact,2025-01-01,2025-02-21,51.3,2,3
Cricket Valley Energy Center,57185,U001,174.2,522.6,33.3,CC_REGULAR,eia_exact,2025-02-21,2025-02-26,5.3,2,3
Cricket Valley Energy Center,57185,U001,174.2,522.6,33.3,CC_REGULAR,eia_exact,2025-03-15,2025-04-02,18.8,2,3
Cricket Valley Energy Center,57185,U001,174.2,522.6,33.3,CC_REGULAR,eia_exact,2025-05-07,2025-05-12,5.8,2,3
Cricket Valley Energy Center,57185,U001,174.2,522.6,33.3,CC_REGULAR,eia_exact,2025-08-30,2025-09-04,5.3,2,3
Cricket Valley Energy Center,57185,U001,174.2,522.6,33.3,CC_REGULAR,eia_exact,2025-10-04,2025-10-12,8.8,2,3
Cricket Valley Energy Center,57185,U001,174.2,522.6,33.3,CC_REGULAR,eia_exact,2026-01-24,2026-02-01,8.2,2,3
Cricket Valley Energy Center,57185,U001,174.2,522.6,33.3,CC_REGULAR,eia_exact,2026-02-17,2026-02-28,11.6,2,3
Cricket Valley Energy Center,57185,U001,174.2,522.6,33.3,CC_REGULAR,eia_exact,2026-03-12,2026-03-17,5.6,2,3
Cricket Valley Energy Center,57185,U002,174.2,522.6,33.3,CC_REGULAR,eia_exact,2020-01-01,2020-02-25,56.0,2,3
Cricket Valley Energy Center,57185,U002,174.2,522.6,33.3,CC_REGULAR,eia_exact,2020-02-26,2020-03-03,5.9,2,3
Cricket Valley Energy Center,57185,U002,174.2,522.6,33.3,CC_REGULAR,eia_exact,2020-04-06,2020-04-15,8.8,2,3
Cricket Valley Energy Center,57185,U002,174.2,522.6,33.3,CC_REGULAR,eia_exact,2020-10-29,2020-11-10,11.2,2,3
Cricket Valley Energy Center,57185,U002,174.2,522.6,33.3,CC_REGULAR,eia_exact,2020-11-26,2020-12-02,6.1,2,3
Cricket Valley Energy Center,57185,U002,174.2,522.6,33.3,CC_REGULAR,eia_exact,2020-12-16,2020-12-23,7.0,2,3
Cricket Valley Energy Center,57185,U002,174.2,522.6,33.3,CC_REGULAR,eia_exact,2021-01-21,2021-02-22,31.8,2,3
Cricket Valley Energy Center,57185,U002,174.2,522.6,33.3,CC_REGULAR,eia_exact,2021-03-04,2021-03-17,12.4,2,3
Cricket Valley Energy Center,57185,U002,174.2,522.6,33.3,CC_REGULAR,eia_exact,2021-11-06,2021-11-23,18.0,2,3
Cricket Valley Energy Center,57185,U002,174.2,522.6,33.3,CC_REGULAR,eia_exact,2021-12-23,2021-12-30,7.3,2,3
Cricket Valley Energy Center,57185,U002,174.2,522.6,33.3,CC_REGULAR,eia_exact,2022-01-01,2022-02-08,38.2,2,3
Cricket Valley Energy Center,57185,U002,174.2,522.6,33.3,CC_REGULAR,eia_exact,2022-02-25,2022-03-13,16.9,2,3
Cricket Valley Energy Center,57185,U002,174.2,522.6,33.3,CC_REGULAR,eia_exact,2022-10-29,2022-11-22,24.3,2,3
Cricket Valley Energy Center,57185,U002,174.2,522.6,33.3,CC_REGULAR,eia_exact,2022-12-24,2022-12-29,5.9,2,3
Cricket Valley Energy Center,57185,U002,174.2,522.6,33.3,CC_REGULAR,eia_exact,2023-03-11,2023-04-23,43.5,2,3
Cricket Valley Energy Center,57185,U002,174.2,522.6,33.3,CC_REGULAR,eia_exact,2023-10-25,2023-11-22,28.6,2,3
Cricket Valley Energy Center,57185,U002,174.2,522.6,33.3,CC_REGULAR,eia_exact,2023-11-22,2023-12-01,8.4,2,3
Cricket Valley Energy Center,57185,U002,174.2,522.6,33.3,CC_REGULAR,eia_exact,2023-12-04,2023-12-10,7.0,2,3
Cricket Valley Energy Center,57185,U002,174.2,522.6,33.3,CC_REGULAR,eia_exact,2024-01-13,2024-01-24,10.9,2,3
Cricket Valley Energy Center,57185,U002,174.2,522.6,33.3,CC_REGULAR,eia_exact,2024-01-28,2024-02-04,7.3,2,3
Cricket Valley Energy Center,57185,U002,174.2,522.6,33.3,CC_REGULAR,eia_exact,2024-02-04,2024-03-19,43.6,2,3
Cricket Valley Energy Center,57185,U002,174.2,522.6,33.3,CC_REGULAR,eia_exact,2024-04-09,2024-06-07,58.8,2,3
Cricket Valley Energy Center,57185,U002,174.2,522.6,33.3,CC_REGULAR,eia_exact,2024-12-20,2024-12-27,7.0,2,3
Cricket Valley Energy Center,57185,U002,174.2,522.6,33.3,CC_REGULAR,eia_exact,2025-01-08,2025-01-13,5.5,2,3
Cricket Valley Energy Center,57185,U002,174.2,522.6,33.3,CC_REGULAR,eia_exact,2025-01-15,2025-01-22,6.8,2,3
Cricket Valley Energy Center,57185,U002,174.2,522.6,33.3,CC_REGULAR,eia_exact,2025-01-23,2025-01-31,8.5,2,3
Cricket Valley Energy Center,57185,U002,174.2,522.6,33.3,CC_REGULAR,eia_exact,2025-05-01,2025-05-12,11.7,2,3
Cricket Valley Energy Center,57185,U002,174.2,522.6,33.3,CC_REGULAR,eia_exact,2025-09-17,2025-09-23,6.4,2,3
Cricket Valley Energy Center,57185,U002,174.2,522.6,33.3,CC_REGULAR,eia_exact,2025-10-07,2025-10-14,7.9,2,3
Cricket Valley Energy Center,57185,U002,174.2,522.6,33.3,CC_REGULAR,eia_exact,2025-10-31,2025-11-06,6.8,2,3
Cricket Valley Energy Center,57185,U002,174.2,522.6,33.3,CC_REGULAR,eia_exact,2025-11-29,2025-12-13,14.4,2,3
Cricket Valley Energy Center,57185,U002,174.2,522.6,33.3,CC_REGULAR,eia_exact,2026-01-24,2026-02-16,23.4,2,3
Cricket Valley Energy Center,57185,U003,174.2,522.6,33.3,CC_REGULAR,eia_exact,2020-01-01,2020-04-04,95.0,2,3
Cricket Valley Energy Center,57185,U003,174.2,522.6,33.3,CC_REGULAR,eia_exact,2020-04-06,2020-04-11,5.3,2,3
Cricket Valley Energy Center,57185,U003,174.2,522.6,33.3,CC_REGULAR,eia_exact,2020-08-26,2020-09-01,5.5,2,3
Cricket Valley Energy Center,57185,U003,174.2,522.6,33.3,CC_REGULAR,eia_exact,2020-09-06,2020-09-13,6.7,2,3
Cricket Valley Energy Center,57185,U003,174.2,522.6,33.3,CC_REGULAR,eia_exact,2020-11-01,2020-11-13,12.1,2,3
Cricket Valley Energy Center,57185,U003,174.2,522.6,33.3,CC_REGULAR,eia_exact,2020-11-26,2020-12-02,6.0,2,3
Cricket Valley Energy Center,57185,U003,174.2,522.6,33.3,CC_REGULAR,eia_exact,2020-12-16,2020-12-23,6.5,2,3
Cricket Valley Energy Center,57185,U003,174.2,522.6,33.3,CC_REGULAR,eia_exact,2021-01-07,2021-01-16,8.4,2,3
Cricket Valley Energy Center,57185,U003,174.2,522.6,33.3,CC_REGULAR,eia_exact,2021-01-21,2021-02-04,13.6,2,3
Cricket Valley Energy Center,57185,U003,174.2,522.6,33.3,CC_REGULAR,eia_exact,2021-02-05,2021-02-22,17.3,2,3
Cricket Valley Energy Center,57185,U003,174.2,522.6,33.3,CC_REGULAR,eia_exact,2021-03-12,2021-03-25,12.2,2,3
Cricket Valley Energy Center,57185,U003,174.2,522.6,33.3,CC_REGULAR,eia_exact,2021-11-06,2021-11-15,9.1,2,3
Cricket Valley Energy Center,57185,U003,174.2,522.6,33.3,CC_REGULAR,eia_exact,2021-12-15,2021-12-22,6.6,2,3
Cricket Valley Energy Center,57185,U003,174.2,522.6,33.3,CC_REGULAR,eia_exact,2021-12-23,2021-12-31,9.0,2,3
Cricket Valley Energy Center,57185,U003,174.2,522.6,33.3,CC_REGULAR,eia_exact,2022-01-01,2022-02-02,32.5,2,3
Cricket Valley Energy Center,57185,U003,174.2,522.6,33.3,CC_REGULAR,eia_exact,2022-02-02,2022-02-11,8.2,2,3
Cricket Valley Energy Center,57185,U003,174.2,522.6,33.3,CC_REGULAR,eia_exact,2022-02-17,2022-03-05,16.4,2,3
Cricket Valley Energy Center,57185,U003,174.2,522.6,33.3,CC_REGULAR,eia_exact,2022-12-09,2022-12-20,11.5,2,3
Cricket Valley Energy Center,57185,U003,174.2,522.6,33.3,CC_REGULAR,eia_exact,2023-03-11,2023-03-22,11.7,2,3
Cricket Valley Energy Center,57185,U003,174.2,522.6,33.3,CC_REGULAR,eia_exact,2023-08-24,2023-08-29,5.2,2,3
Cricket Valley Energy Center,57185,U003,174.2,522.6,33.3,CC_REGULAR,eia_exact,2023-10-27,2023-11-13,17.8,2,3
Cricket Valley Energy Center,57185,U003,174.2,522.6,33.3,CC_REGULAR,eia_exact,2023-12-15,2023-12-20,5.1,2,3
Cricket Valley Energy Center,57185,U003,174.2,522.6,33.3,CC_REGULAR,eia_exact,2024-01-05,2024-01-24,19.4,2,3
Cricket Valley Energy Center,57185,U003,174.2,522.6,33.3,CC_REGULAR,eia_exact,2024-01-26,2024-02-01,5.4,2,3
Cricket Valley Energy Center,57185,U003,174.2,522.6,33.3,CC_REGULAR,eia_exact,2024-02-29,2024-03-11,10.9,2,3
Cricket Valley Energy Center,57185,U003,174.2,522.6,33.3,CC_REGULAR,eia_exact,2024-06-30,2024-07-13,13.6,2,3
Cricket Valley Energy Center,57185,U003,174.2,522.6,33.3,CC_REGULAR,eia_exact,2024-07-15,2024-12-31,169.1,2,3
Cricket Valley Energy Center,57185,U003,174.2,522.6,33.3,CC_REGULAR,eia_exact,2025-01-01,2025-08-13,224.4,2,3
Cricket Valley Energy Center,57185,U003,174.2,522.6,33.3,CC_REGULAR,eia_exact,2025-10-07,2025-10-16,9.8,2,3
Cricket Valley Energy Center,57185,U003,174.2,522.6,33.3,CC_REGULAR,eia_exact,2026-01-01,2026-01-06,5.3,2,3
Cricket Valley Energy Center,57185,U003,174.2,522.6,33.3,CC_REGULAR,eia_exact,2026-03-01,2026-03-08,7.5,2,3
Astoria Energy II,57664,CT3,325.0,650.0,50.0,CC_REGULAR,eia_exact_cc,2019-03-14,2019-03-30,15.6,1,2
Astoria Energy II,57664,CT3,325.0,650.0,50.0,CC_REGULAR,eia_exact_cc,2019-09-27,2019-10-09,12.0,1,2
Astoria Energy II,57664,CT3,325.0,650.0,50.0,CC_REGULAR,eia_exact_cc,2020-01-16,2020-01-23,6.4,1,2
Astoria Energy II,57664,CT3,325.0,650.0,50.0,CC_REGULAR,eia_exact_cc,2020-03-13,2020-03-21,7.6,1,2
Astoria Energy II,57664,CT3,325.0,650.0,50.0,CC_REGULAR,eia_exact_cc,2020-03-22,2020-04-11,19.9,1,2
Astoria Energy II,57664,CT3,325.0,650.0,50.0,CC_REGULAR,eia_exact_cc,2020-04-17,2020-04-26,9.2,1,2
Astoria Energy II,57664,CT3,325.0,650.0,50.0,CC_REGULAR,eia_exact_cc,2020-04-28,2020-05-03,5.2,1,2
Astoria Energy II,57664,CT3,325.0,650.0,50.0,CC_REGULAR,eia_exact_cc,2020-09-18,2020-09-27,9.1,1,2
Astoria Energy II,57664,CT3,325.0,650.0,50.0,CC_REGULAR,eia_exact_cc,2021-03-26,2021-04-05,9.5,1,2
Astoria Energy II,57664,CT3,325.0,650.0,50.0,CC_REGULAR,eia_exact_cc,2021-09-19,2021-11-23,65.2,1,2
Astoria Energy II,57664,CT3,325.0,650.0,50.0,CC_REGULAR,eia_exact_cc,2022-02-05,2022-02-10,5.4,1,2
Astoria Energy II,57664,CT3,325.0,650.0,50.0,CC_REGULAR,eia_exact_cc,2022-03-11,2022-03-25,13.3,1,2
Astoria Energy II,57664,CT3,325.0,650.0,50.0,CC_REGULAR,eia_exact_cc,2022-09-23,2022-10-02,8.5,1,2
Astoria Energy II,57664,CT3,325.0,650.0,50.0,CC_REGULAR,eia_exact_cc,2023-03-15,2023-04-09,25.5,1,2
Astoria Energy II,57664,CT3,325.0,650.0,50.0,CC_REGULAR,eia_exact_cc,2023-10-20,2023-10-29,8.5,1,2
Astoria Energy II,57664,CT3,325.0,650.0,50.0,CC_REGULAR,eia_exact_cc,2024-03-15,2024-03-25,9.3,1,2
Astoria Energy II,57664,CT3,325.0,650.0,50.0,CC_REGULAR,eia_exact_cc,2024-09-20,2024-09-30,9.3,1,2
Astoria Energy II,57664,CT3,325.0,650.0,50.0,CC_REGULAR,eia_exact_cc,2025-03-07,2025-04-08,31.6,1,2
Astoria Energy II,57664,CT3,325.0,650.0,50.0,CC_REGULAR,eia_exact_cc,2025-04-11,2025-04-19,7.8,1,2
Astoria Energy II,57664,CT3,325.0,650.0,50.0,CC_REGULAR,eia_exact_cc,2025-05-26,2025-06-05,10.0,1,2
Astoria Energy II,57664,CT3,325.0,650.0,50.0,CC_REGULAR,eia_exact_cc,2025-07-23,2025-08-02,10.4,1,2
Astoria Energy II,57664,CT3,325.0,650.0,50.0,CC_REGULAR,eia_exact_cc,2025-08-05,2025-08-13,7.9,1,2
Astoria Energy II,57664,CT3,325.0,650.0,50.0,CC_REGULAR,eia_exact_cc,2025-08-18,2025-08-26,7.9,1,2
Astoria Energy II,57664,CT3,325.0,650.0,50.0,CC_REGULAR,eia_exact_cc,2025-08-26,2025-09-04,9.0,1,2
Astoria Energy II,57664,CT3,325.0,650.0,50.0,CC_REGULAR,eia_exact_cc,2025-09-04,2025-09-11,6.9,1,2
Astoria Energy II,57664,CT3,325.0,650.0,50.0,CC_REGULAR,eia_exact_cc,2025-10-28,2025-11-10,12.3,1,2
Astoria Energy II,57664,CT3,325.0,650.0,50.0,CC_REGULAR,eia_exact_cc,2025-11-14,2025-11-20,5.8,1,2
Astoria Energy II,57664,CT3,325.0,650.0,50.0,CC_REGULAR,eia_exact_cc,2025-11-20,2025-11-28,8.0,1,2
Astoria Energy II,57664,CT3,325.0,650.0,50.0,CC_REGULAR,eia_exact_cc,2026-03-06,2026-03-15,8.3,1,2
Astoria Energy II,57664,CT4,325.0,650.0,50.0,CC_REGULAR,eia_exact_cc,2019-03-15,2019-03-24,8.5,1,2
Astoria Energy II,57664,CT4,325.0,650.0,50.0,CC_REGULAR,eia_exact_cc,2019-03-24,2019-03-30,5.9,1,2
Astoria Energy II,57664,CT4,325.0,650.0,50.0,CC_REGULAR,eia_exact_cc,2019-09-27,2019-10-08,10.6,1,2
Astoria Energy II,57664,CT4,325.0,650.0,50.0,CC_REGULAR,eia_exact_cc,2020-01-17,2020-01-22,5.9,1,2
Astoria Energy II,57664,CT4,325.0,650.0,50.0,CC_REGULAR,eia_exact_cc,2020-03-13,2020-03-22,8.5,1,2
Astoria Energy II,57664,CT4,325.0,650.0,50.0,CC_REGULAR,eia_exact_cc,2020-03-22,2020-04-11,19.8,1,2
Astoria Energy II,57664,CT4,325.0,650.0,50.0,CC_REGULAR,eia_exact_cc,2020-04-21,2020-04-27,5.3,1,2
Astoria Energy II,57664,CT4,325.0,650.0,50.0,CC_REGULAR,eia_exact_cc,2020-09-18,2020-09-27,8.7,1,2
Astoria Energy II,57664,CT4,325.0,650.0,50.0,CC_REGULAR,eia_exact_cc,2021-03-26,2021-04-16,20.8,1,2
Astoria Energy II,57664,CT4,325.0,650.0,50.0,CC_REGULAR,eia_exact_cc,2021-09-19,2021-11-22,64.3,1,2
Astoria Energy II,57664,CT4,325.0,650.0,50.0,CC_REGULAR,eia_exact_cc,2022-01-31,2022-02-07,7.1,1,2
Astoria Energy II,57664,CT4,325.0,650.0,50.0,CC_REGULAR,eia_exact_cc,2022-03-11,2022-03-25,13.5,1,2
Astoria Energy II,57664,CT4,325.0,650.0,50.0,CC_REGULAR,eia_exact_cc,2022-09-23,2022-10-02,8.6,1,2
Astoria Energy II,57664,CT4,325.0,650.0,50.0,CC_REGULAR,eia_exact_cc,2023-03-17,2023-03-27,9.3,1,2
Astoria Energy II,57664,CT4,325.0,650.0,50.0,CC_REGULAR,eia_exact_cc,2023-10-20,2023-10-29,8.8,1,2
Astoria Energy II,57664,CT4,325.0,650.0,50.0,CC_REGULAR,eia_exact_cc,2024-03-15,2024-03-25,9.3,1,2
Astoria Energy II,57664,CT4,325.0,650.0,50.0,CC_REGULAR,eia_exact_cc,2024-09-20,2024-10-20,29.4,1,2
Astoria Energy II,57664,CT4,325.0,650.0,50.0,CC_REGULAR,eia_exact_cc,2025-03-07,2025-03-19,11.9,1,2
Astoria Energy II,57664,CT4,325.0,650.0,50.0,CC_REGULAR,eia_exact_cc,2025-04-11,2025-04-19,7.7,1,2
Astoria Energy II,57664,CT4,325.0,650.0,50.0,CC_REGULAR,eia_exact_cc,2025-06-13,2025-06-19,5.9,1,2
Astoria Energy II,57664,CT4,325.0,650.0,50.0,CC_REGULAR,eia_exact_cc,2025-09-11,2025-09-17,5.8,1,2
Astoria Energy II,57664,CT4,325.0,650.0,50.0,CC_REGULAR,eia_exact_cc,2025-09-19,2025-10-01,12.3,1,2
Astoria Energy II,57664,CT4,325.0,650.0,50.0,CC_REGULAR,eia_exact_cc,2025-10-01,2025-10-10,8.4,1,2
Astoria Energy II,57664,CT4,325.0,650.0,50.0,CC_REGULAR,eia_exact_cc,2025-10-15,2025-11-14,30.0,1,2
Astoria Energy II,57664,CT4,325.0,650.0,50.0,CC_REGULAR,eia_exact_cc,2026-03-06,2026-03-16,9.5,1,2
Peak Power 1 Cogen,57789,NET0-923,6.3,6.3,100.0,CT_CHP,eia923_netzero,2025-01-01,2025-12-31,365.0,0,1
Peak Power 1 Cogen,57789,NET0-923,6.3,6.3,100.0,CT_CHP,eia923_netzero,2026-01-01,2026-12-31,365.0,0,1
OBP Cogen,57798,NET0-923,4.6,4.6,100.0,CT_CHP,eia923_netzero,2024-01-01,2024-12-31,365.0,0,1
OBP Cogen,57798,NET0-923,4.6,4.6,100.0,CT_CHP,eia923_netzero,2025-01-01,2025-12-31,365.0,0,1
OBP Cogen,57798,NET0-923,4.6,4.6,100.0,CT_CHP,eia923_netzero,2026-01-01,2026-12-31,365.0,0,1
HVCC Cogen Plant,58186,NET0-923,8.1,8.1,100.0,CT_CHP,eia923_netzero,2023-01-01,2023-12-31,365.0,0,1
HVCC Cogen Plant,58186,NET0-923,8.1,8.1,100.0,CT_CHP,eia923_netzero,2025-01-01,2025-12-31,365.0,0,1
HVCC Cogen Plant,58186,NET0-923,8.1,8.1,100.0,CT_CHP,eia923_netzero,2026-01-01,2026-12-31,365.0,0,1
Montefieor Medical Center Moses Division,58507,NET0-923,18.7,18.7,100.0,CT_CHP,eia923_netzero,2025-01-01,2025-12-31,365.0,0,1
Montefieor Medical Center Moses Division,58507,NET0-923,18.7,18.7,100.0,CT_CHP,eia923_netzero,2026-01-01,2026-12-31,365.0,0,1
New York Presbyterian Hospital- 68th Street,61238,NET0-923,22.9,22.9,100.0,CT_CHP,eia923_netzero,2025-01-01,2025-12-31,365.0,0,1
New York Presbyterian Hospital- 68th Street,61238,NET0-923,22.9,22.9,100.0,CT_CHP,eia923_netzero,2026-01-01,2026-12-31,365.0,0,1
NYU LANGONE HEALTH,61488,NET0-923,34.0,34.0,100.0,CT_CHP,eia923_netzero,2025-01-01,2025-12-31,365.0,0,1
NYU LANGONE HEALTH,61488,NET0-923,34.0,34.0,100.0,CT_CHP,eia923_netzero,2026-01-01,2026-12-31,365.0,0,1
Kings Plaza Total Energy Plant (TEP),63236,NET0-923,12.8,12.8,100.0,CT_CHP,eia923_netzero,2025-01-01,2025-12-31,365.0,0,1
Kings Plaza Total Energy Plant (TEP),63236,NET0-923,12.8,12.8,100.0,CT_CHP,eia923_netzero,2026-01-01,2026-12-31,365.0,0,1
