date,plant_code,unit_no,reactor,avail_raw,avail
2023-01-01,566,2,Millstone 2,1.0,0.9995
2023-01-02,566,2,Millstone 2,1.0,0.9995
2023-01-03,566,2,Millstone 2,1.0,0.9995
2023-01-04,566,2,Millstone 2,1.0,0.9995
2023-01-05,566,2,Millstone 2,1.0,0.9995
2023-01-06,566,2,Millstone 2,1.0,0.9995
2023-01-07,566,2,Millstone 2,1.0,0.9995
2023-01-08,566,2,Millstone 2,1.0,0.9995
2023-01-09,566,2,Millstone 2,1.0,0.9995
2023-01-10,566,2,Millstone 2,1.0,0.9995
2023-01-11,566,2,Millstone 2,1.0,0.9995
2023-01-12,566,2,Millstone 2,1.0,0.9995
2023-01-13,566,2,Millstone 2,1.0,0.9995
2023-01-14,566,2,Millstone 2,1.0,0.9995
2023-01-15,566,2,Millstone 2,1.0,0.9995
2023-01-16,566,2,Millstone 2,1.0,0.9995
2023-01-17,566,2,Millstone 2,1.0,0.9995
2023-01-18,566,2,Millstone 2,1.0,0.9995
2023-01-19,566,2,Millstone 2,1.0,0.9995
2023-01-20,566,2,Millstone 2,1.0,0.9995
2023-01-21,566,2,Millstone 2,1.0,0.9995
2023-01-22,566,2,Millstone 2,1.0,0.9995
2023-01-23,566,2,Millstone 2,1.0,0.9995
2023-01-24,566,2,Millstone 2,1.0,0.9995
2023-01-25,566,2,Millstone 2,1.0,0.9995
2023-01-26,566,2,Millstone 2,1.0,0.9995
2023-01-27,566,2,Millstone 2,1.0,0.9995
2023-01-28,566,2,Millstone 2,1.0,0.9995
2023-01-29,566,2,Millstone 2,1.0,0.9995
2023-01-30,566,2,Millstone 2,1.0,0.9995
2023-01-31,566,2,Millstone 2,1.0,0.9995
2023-02-01,566,2,Millstone 2,1.0,1.0
2023-02-02,566,2,Millstone 2,1.0,1.0
2023-02-03,566,2,Millstone 2,1.0,1.0
2023-02-04,566,2,Millstone 2,1.0,1.0
2023-02-05,566,2,Millstone 2,1.0,1.0
2023-02-06,566,2,Millstone 2,1.0,1.0
2023-02-07,566,2,Millstone 2,1.0,1.0
2023-02-08,566,2,Millstone 2,1.0,1.0
2023-02-09,566,2,Millstone 2,1.0,1.0
2023-02-10,566,2,Millstone 2,1.0,1.0
2023-02-11,566,2,Millstone 2,1.0,1.0
2023-02-12,566,2,Millstone 2,1.0,1.0
2023-02-13,566,2,Millstone 2,1.0,1.0
2023-02-14,566,2,Millstone 2,1.0,1.0
2023-02-15,566,2,Millstone 2,0.45,0.45
2023-02-16,566,2,Millstone 2,0.37,0.37
2023-02-17,566,2,Millstone 2,0.37,0.37
2023-02-18,566,2,Millstone 2,0.37,0.37
2023-02-19,566,2,Millstone 2,0.98,1.0
2023-02-20,566,2,Millstone 2,1.0,1.0
2023-02-21,566,2,Millstone 2,1.0,1.0
2023-02-22,566,2,Millstone 2,1.0,1.0
2023-02-23,566,2,Millstone 2,1.0,1.0
2023-02-24,566,2,Millstone 2,1.0,1.0
2023-02-25,566,2,Millstone 2,1.0,1.0
2023-02-26,566,2,Millstone 2,1.0,1.0
2023-02-27,566,2,Millstone 2,1.0,1.0
2023-02-28,566,2,Millstone 2,1.0,1.0
2023-03-01,566,2,Millstone 2,1.0,0.994
2023-03-02,566,2,Millstone 2,1.0,0.994
2023-03-03,566,2,Millstone 2,1.0,0.994
2023-03-04,566,2,Millstone 2,1.0,0.994
2023-03-05,566,2,Millstone 2,1.0,0.994
2023-03-06,566,2,Millstone 2,1.0,0.994
2023-03-07,566,2,Millstone 2,1.0,0.994
2023-03-08,566,2,Millstone 2,1.0,0.994
2023-03-09,566,2,Millstone 2,1.0,0.994
2023-03-10,566,2,Millstone 2,1.0,0.994
2023-03-11,566,2,Millstone 2,1.0,0.994
2023-03-12,566,2,Millstone 2,1.0,0.994
2023-03-13,566,2,Millstone 2,1.0,0.994
2023-03-14,566,2,Millstone 2,1.0,0.994
2023-03-15,566,2,Millstone 2,1.0,0.994
2023-03-16,566,2,Millstone 2,1.0,0.994
2023-03-17,566,2,Millstone 2,1.0,0.994
2023-03-18,566,2,Millstone 2,1.0,0.994
2023-03-19,566,2,Millstone 2,1.0,0.994
2023-03-20,566,2,Millstone 2,1.0,0.994
2023-03-21,566,2,Millstone 2,1.0,0.994
2023-03-22,566,2,Millstone 2,1.0,0.994
2023-03-23,566,2,Millstone 2,0.99,0.984
2023-03-24,566,2,Millstone 2,0.97,0.9641
2023-03-25,566,2,Millstone 2,0.96,0.9542
2023-03-26,566,2,Millstone 2,0.96,0.9542
2023-03-27,566,2,Millstone 2,0.95,0.9443
2023-03-28,566,2,Millstone 2,0.95,0.9443
2023-03-29,566,2,Millstone 2,0.93,0.9244
2023-03-30,566,2,Millstone 2,0.92,0.9144
2023-03-31,566,2,Millstone 2,0.92,0.9144
2023-04-01,566,2,Millstone 2,0.91,0.8945
2023-04-02,566,2,Millstone 2,0.9,0.8847
2023-04-03,566,2,Millstone 2,0.89,0.89
2023-04-04,566,2,Millstone 2,0.88,0.88
2023-04-05,566,2,Millstone 2,0.87,0.87
2023-04-06,566,2,Millstone 2,0.86,0.86
2023-04-07,566,2,Millstone 2,0.0,0.0
2023-04-08,566,2,Millstone 2,0.0,0.0
2023-04-09,566,2,Millstone 2,0.0,0.0
2023-04-10,566,2,Millstone 2,0.0,0.0
2023-04-11,566,2,Millstone 2,0.0,0.0
2023-04-12,566,2,Millstone 2,0.0,0.0
2023-04-13,566,2,Millstone 2,0.0,0.0
2023-04-14,566,2,Millstone 2,0.0,0.0
2023-04-15,566,2,Millstone 2,0.0,0.0
2023-04-16,566,2,Millstone 2,0.0,0.0
2023-04-17,566,2,Millstone 2,0.0,0.0
2023-04-18,566,2,Millstone 2,0.0,0.0
2023-04-19,566,2,Millstone 2,0.0,0.0
2023-04-20,566,2,Millstone 2,0.0,0.0
2023-04-21,566,2,Millstone 2,0.0,0.0
2023-04-22,566,2,Millstone 2,0.0,0.0
2023-04-23,566,2,Millstone 2,0.0,0.0
2023-04-24,566,2,Millstone 2,0.0,0.0
2023-04-25,566,2,Millstone 2,0.0,0.0
2023-04-26,566,2,Millstone 2,0.0,0.0
2023-04-27,566,2,Millstone 2,0.0,0.0
2023-04-28,566,2,Millstone 2,0.0,0.0
2023-04-29,566,2,Millstone 2,0.0,0.0
2023-04-30,566,2,Millstone 2,0.0,0.0
2023-05-01,566,2,Millstone 2,0.0,0.0
2023-05-02,566,2,Millstone 2,0.0,0.0
2023-05-03,566,2,Millstone 2,0.0,0.0
2023-05-04,566,2,Millstone 2,0.0,0.0
2023-05-05,566,2,Millstone 2,0.0,0.0
2023-05-06,566,2,Millstone 2,0.0,0.0
2023-05-07,566,2,Millstone 2,0.0,0.0
2023-05-08,566,2,Millstone 2,0.0,0.0
2023-05-09,566,2,Millstone 2,0.0,0.0
2023-05-10,566,2,Millstone 2,0.0,0.0
2023-05-11,566,2,Millstone 2,0.0,0.0
2023-05-12,566,2,Millstone 2,0.0,0.0
2023-05-13,566,2,Millstone 2,0.0,0.0
2023-05-14,566,2,Millstone 2,0.0,0.0
2023-05-15,566,2,Millstone 2,0.0,0.0
2023-05-16,566,2,Millstone 2,0.0,0.0
2023-05-17,566,2,Millstone 2,0.0,0.0
2023-05-18,566,2,Millstone 2,0.0,0.0
2023-05-19,566,2,Millstone 2,0.0,0.0
2023-05-20,566,2,Millstone 2,0.0,0.0
2023-05-21,566,2,Millstone 2,0.0,0.0
2023-05-22,566,2,Millstone 2,0.0,0.0
2023-05-23,566,2,Millstone 2,0.0,0.0
2023-05-24,566,2,Millstone 2,0.0,0.0
2023-05-25,566,2,Millstone 2,0.0,0.0
2023-05-26,566,2,Millstone 2,0.0,0.0
2023-05-27,566,2,Millstone 2,0.0,0.0
2023-05-28,566,2,Millstone 2,0.0,0.0
2023-05-29,566,2,Millstone 2,0.0,0.0
2023-05-30,566,2,Millstone 2,0.0,0.0
2023-05-31,566,2,Millstone 2,0.0,0.0
2023-06-01,566,2,Millstone 2,0.0,0.0
2023-06-02,566,2,Millstone 2,0.0,0.0
2023-06-03,566,2,Millstone 2,0.0,0.0
2023-06-04,566,2,Millstone 2,0.0,0.0
2023-06-05,566,2,Millstone 2,0.0,0.0
2023-06-06,566,2,Millstone 2,0.0,0.0
2023-06-07,566,2,Millstone 2,0.0,0.0
2023-06-08,566,2,Millstone 2,0.0,0.0
2023-06-09,566,2,Millstone 2,0.0,0.0
2023-06-10,566,2,Millstone 2,0.0,0.0
2023-06-11,566,2,Millstone 2,0.0,0.0
2023-06-12,566,2,Millstone 2,0.0,0.0
2023-06-13,566,2,Millstone 2,0.0,0.0
2023-06-14,566,2,Millstone 2,0.0,0.0
2023-06-15,566,2,Millstone 2,0.0,0.0
2023-06-16,566,2,Millstone 2,0.0,0.0
2023-06-17,566,2,Millstone 2,0.0,0.0
2023-06-18,566,2,Millstone 2,0.0,0.0
2023-06-19,566,2,Millstone 2,0.0,0.0
2023-06-20,566,2,Millstone 2,0.0,0.0
2023-06-21,566,2,Millstone 2,0.0,0.0
2023-06-22,566,2,Millstone 2,0.0,0.0
2023-06-23,566,2,Millstone 2,0.0,0.0
2023-06-24,566,2,Millstone 2,0.0,0.0
2023-06-25,566,2,Millstone 2,0.0,0.0
2023-06-26,566,2,Millstone 2,0.0,0.0
2023-06-27,566,2,Millstone 2,0.0,0.0
2023-06-28,566,2,Millstone 2,0.0,0.0
2023-06-29,566,2,Millstone 2,0.0,0.0
2023-06-30,566,2,Millstone 2,0.0,0.0
2023-07-01,566,2,Millstone 2,0.0,0.0
2023-07-02,566,2,Millstone 2,0.13,0.13
2023-07-03,566,2,Millstone 2,0.56,0.56
2023-07-04,566,2,Millstone 2,0.95,0.9327
2023-07-05,566,2,Millstone 2,1.0,0.9818
2023-07-06,566,2,Millstone 2,1.0,0.9818
2023-07-07,566,2,Millstone 2,1.0,0.9818
2023-07-08,566,2,Millstone 2,1.0,0.9818
2023-07-09,566,2,Millstone 2,1.0,0.9818
2023-07-10,566,2,Millstone 2,1.0,0.9818
2023-07-11,566,2,Millstone 2,0.86,0.86
2023-07-12,566,2,Millstone 2,0.86,0.86
2023-07-13,566,2,Millstone 2,0.86,0.86
2023-07-14,566,2,Millstone 2,0.86,0.86
2023-07-15,566,2,Millstone 2,0.86,0.86
2023-07-16,566,2,Millstone 2,0.86,0.86
2023-07-17,566,2,Millstone 2,0.86,0.86
2023-07-18,566,2,Millstone 2,0.86,0.86
2023-07-19,566,2,Millstone 2,0.86,0.86
2023-07-20,566,2,Millstone 2,0.86,0.86
2023-07-21,566,2,Millstone 2,0.86,0.86
2023-07-22,566,2,Millstone 2,0.86,0.86
2023-07-23,566,2,Millstone 2,0.86,0.86
2023-07-24,566,2,Millstone 2,0.86,0.86
2023-07-25,566,2,Millstone 2,0.86,0.86
2023-07-26,566,2,Millstone 2,0.86,0.86
2023-07-27,566,2,Millstone 2,1.0,0.9818
2023-07-28,566,2,Millstone 2,1.0,0.9818
2023-07-29,566,2,Millstone 2,1.0,0.9818
2023-07-30,566,2,Millstone 2,1.0,0.9818
2023-07-31,566,2,Millstone 2,1.0,0.9818
2023-08-01,566,2,Millstone 2,1.0,0.9919
2023-08-02,566,2,Millstone 2,1.0,0.9919
2023-08-03,566,2,Millstone 2,1.0,0.9919
2023-08-04,566,2,Millstone 2,1.0,0.9919
2023-08-05,566,2,Millstone 2,1.0,0.9919
2023-08-06,566,2,Millstone 2,1.0,0.9919
2023-08-07,566,2,Millstone 2,1.0,0.9919
2023-08-08,566,2,Millstone 2,1.0,0.9919
2023-08-09,566,2,Millstone 2,1.0,0.9919
2023-08-10,566,2,Millstone 2,1.0,0.9919
2023-08-11,566,2,Millstone 2,1.0,0.9919
2023-08-12,566,2,Millstone 2,1.0,0.9919
2023-08-13,566,2,Millstone 2,1.0,0.9919
2023-08-14,566,2,Millstone 2,1.0,0.9919
2023-08-15,566,2,Millstone 2,1.0,0.9919
2023-08-16,566,2,Millstone 2,1.0,0.9919
2023-08-17,566,2,Millstone 2,1.0,0.9919
2023-08-18,566,2,Millstone 2,1.0,0.9919
2023-08-19,566,2,Millstone 2,1.0,0.9919
2023-08-20,566,2,Millstone 2,1.0,0.9919
2023-08-21,566,2,Millstone 2,1.0,0.9919
2023-08-22,566,2,Millstone 2,1.0,0.9919
2023-08-23,566,2,Millstone 2,1.0,0.9919
2023-08-24,566,2,Millstone 2,1.0,0.9919
2023-08-25,566,2,Millstone 2,1.0,0.9919
2023-08-26,566,2,Millstone 2,1.0,0.9919
2023-08-27,566,2,Millstone 2,1.0,0.9919
2023-08-28,566,2,Millstone 2,1.0,0.9919
2023-08-29,566,2,Millstone 2,1.0,0.9919
2023-08-30,566,2,Millstone 2,1.0,0.9919
2023-08-31,566,2,Millstone 2,1.0,0.9919
2023-09-01,566,2,Millstone 2,1.0,0.971
2023-09-02,566,2,Millstone 2,1.0,0.971
2023-09-03,566,2,Millstone 2,1.0,0.971
2023-09-04,566,2,Millstone 2,1.0,0.971
2023-09-05,566,2,Millstone 2,1.0,0.971
2023-09-06,566,2,Millstone 2,1.0,0.971
2023-09-07,566,2,Millstone 2,0.82,0.82
2023-09-08,566,2,Millstone 2,0.82,0.82
2023-09-09,566,2,Millstone 2,0.82,0.82
2023-09-10,566,2,Millstone 2,0.82,0.82
2023-09-11,566,2,Millstone 2,0.68,0.68
2023-09-12,566,2,Millstone 2,0.68,0.68
2023-09-13,566,2,Millstone 2,0.68,0.68
2023-09-14,566,2,Millstone 2,0.68,0.68
2023-09-15,566,2,Millstone 2,0.68,0.68
2023-09-16,566,2,Millstone 2,0.68,0.68
2023-09-17,566,2,Millstone 2,0.9,0.8739
2023-09-18,566,2,Millstone 2,0.92,0.8934
2023-09-19,566,2,Millstone 2,0.92,0.8934
2023-09-20,566,2,Millstone 2,0.92,0.8934
2023-09-21,566,2,Millstone 2,0.61,0.61
2023-09-22,566,2,Millstone 2,0.61,0.61
2023-09-23,566,2,Millstone 2,0.61,0.61
2023-09-24,566,2,Millstone 2,0.8,0.8
2023-09-25,566,2,Millstone 2,0.68,0.68
2023-09-26,566,2,Millstone 2,0.69,0.69
2023-09-27,566,2,Millstone 2,0.69,0.69
2023-09-28,566,2,Millstone 2,0.69,0.69
2023-09-29,566,2,Millstone 2,0.69,0.69
2023-09-30,566,2,Millstone 2,0.69,0.69
2023-10-01,566,2,Millstone 2,0.68,0.68
2023-10-02,566,2,Millstone 2,0.69,0.69
2023-10-03,566,2,Millstone 2,0.69,0.69
2023-10-04,566,2,Millstone 2,0.69,0.69
2023-10-05,566,2,Millstone 2,1.0,0.9927
2023-10-06,566,2,Millstone 2,1.0,0.9927
2023-10-07,566,2,Millstone 2,1.0,0.9927
2023-10-08,566,2,Millstone 2,1.0,0.9927
2023-10-09,566,2,Millstone 2,1.0,0.9927
2023-10-10,566,2,Millstone 2,1.0,0.9927
2023-10-11,566,2,Millstone 2,1.0,0.9927
2023-10-12,566,2,Millstone 2,1.0,0.9927
2023-10-13,566,2,Millstone 2,1.0,0.9927
2023-10-14,566,2,Millstone 2,1.0,0.9927
2023-10-15,566,2,Millstone 2,1.0,0.9927
2023-10-16,566,2,Millstone 2,1.0,0.9927
2023-10-17,566,2,Millstone 2,1.0,0.9927
2023-10-18,566,2,Millstone 2,1.0,0.9927
2023-10-19,566,2,Millstone 2,1.0,0.9927
2023-10-20,566,2,Millstone 2,1.0,0.9927
2023-10-21,566,2,Millstone 2,1.0,0.9927
2023-10-22,566,2,Millstone 2,1.0,0.9927
2023-10-23,566,2,Millstone 2,1.0,0.9927
2023-10-24,566,2,Millstone 2,1.0,0.9927
2023-10-25,566,2,Millstone 2,1.0,0.9927
2023-10-26,566,2,Millstone 2,1.0,0.9927
2023-10-27,566,2,Millstone 2,1.0,0.9927
2023-10-28,566,2,Millstone 2,1.0,0.9927
2023-10-29,566,2,Millstone 2,1.0,0.9927
2023-10-30,566,2,Millstone 2,1.0,0.9927
2023-10-31,566,2,Millstone 2,1.0,0.9927
2023-11-01,566,2,Millstone 2,1.0,1.0
2023-11-02,566,2,Millstone 2,1.0,1.0
2023-11-03,566,2,Millstone 2,1.0,1.0
2023-11-04,566,2,Millstone 2,1.0,1.0
2023-11-05,566,2,Millstone 2,1.0,1.0
2023-11-06,566,2,Millstone 2,1.0,1.0
2023-11-07,566,2,Millstone 2,1.0,1.0
2023-11-08,566,2,Millstone 2,1.0,1.0
2023-11-09,566,2,Millstone 2,1.0,1.0
2023-11-10,566,2,Millstone 2,1.0,1.0
2023-11-11,566,2,Millstone 2,1.0,1.0
2023-11-12,566,2,Millstone 2,1.0,1.0
2023-11-13,566,2,Millstone 2,1.0,1.0
2023-11-14,566,2,Millstone 2,1.0,1.0
2023-11-15,566,2,Millstone 2,1.0,1.0
2023-11-16,566,2,Millstone 2,1.0,1.0
2023-11-17,566,2,Millstone 2,1.0,1.0
2023-11-18,566,2,Millstone 2,1.0,1.0
2023-11-19,566,2,Millstone 2,1.0,1.0
2023-11-20,566,2,Millstone 2,1.0,1.0
2023-11-21,566,2,Millstone 2,1.0,1.0
2023-11-22,566,2,Millstone 2,1.0,1.0
2023-11-23,566,2,Millstone 2,1.0,1.0
2023-11-24,566,2,Millstone 2,1.0,1.0
2023-11-25,566,2,Millstone 2,1.0,1.0
2023-11-26,566,2,Millstone 2,1.0,1.0
2023-11-27,566,2,Millstone 2,1.0,1.0
2023-11-28,566,2,Millstone 2,1.0,1.0
2023-11-29,566,2,Millstone 2,1.0,1.0
2023-11-30,566,2,Millstone 2,1.0,1.0
2023-12-01,566,2,Millstone 2,1.0,0.9945
2023-12-02,566,2,Millstone 2,1.0,0.9945
2023-12-03,566,2,Millstone 2,1.0,0.9945
2023-12-04,566,2,Millstone 2,1.0,0.9945
2023-12-05,566,2,Millstone 2,1.0,0.9945
2023-12-06,566,2,Millstone 2,1.0,0.9945
2023-12-07,566,2,Millstone 2,1.0,0.9945
2023-12-08,566,2,Millstone 2,1.0,0.9945
2023-12-09,566,2,Millstone 2,1.0,0.9945
2023-12-10,566,2,Millstone 2,1.0,0.9945
2023-12-11,566,2,Millstone 2,1.0,0.9945
2023-12-12,566,2,Millstone 2,1.0,0.9945
2023-12-13,566,2,Millstone 2,1.0,0.9945
2023-12-14,566,2,Millstone 2,1.0,0.9945
2023-12-15,566,2,Millstone 2,1.0,0.9945
2023-12-16,566,2,Millstone 2,1.0,0.9945
2023-12-17,566,2,Millstone 2,1.0,0.9945
2023-12-18,566,2,Millstone 2,1.0,0.9945
2023-12-19,566,2,Millstone 2,1.0,0.9945
2023-12-20,566,2,Millstone 2,1.0,0.9945
2023-12-21,566,2,Millstone 2,1.0,0.9945
2023-12-22,566,2,Millstone 2,1.0,0.9945
2023-12-23,566,2,Millstone 2,0.99,0.9846
2023-12-24,566,2,Millstone 2,1.0,0.9945
2023-12-25,566,2,Millstone 2,1.0,0.9945
2023-12-26,566,2,Millstone 2,1.0,0.9945
2023-12-27,566,2,Millstone 2,1.0,0.9945
2023-12-28,566,2,Millstone 2,1.0,0.9945
2023-12-29,566,2,Millstone 2,1.0,0.9945
2023-12-30,566,2,Millstone 2,1.0,0.9945
2023-12-31,566,2,Millstone 2,1.0,0.9945
2024-01-01,566,2,Millstone 2,1.0,1.0
2024-01-02,566,2,Millstone 2,1.0,1.0
2024-01-03,566,2,Millstone 2,1.0,1.0
2024-01-04,566,2,Millstone 2,1.0,1.0
2024-01-05,566,2,Millstone 2,1.0,1.0
2024-01-06,566,2,Millstone 2,1.0,1.0
2024-01-07,566,2,Millstone 2,1.0,1.0
2024-01-08,566,2,Millstone 2,1.0,1.0
2024-01-09,566,2,Millstone 2,1.0,1.0
2024-01-10,566,2,Millstone 2,1.0,1.0
2024-01-11,566,2,Millstone 2,1.0,1.0
2024-01-12,566,2,Millstone 2,1.0,1.0
2024-01-13,566,2,Millstone 2,1.0,1.0
2024-01-14,566,2,Millstone 2,1.0,1.0
2024-01-15,566,2,Millstone 2,1.0,1.0
2024-01-16,566,2,Millstone 2,1.0,1.0
2024-01-17,566,2,Millstone 2,1.0,1.0
2024-01-18,566,2,Millstone 2,1.0,1.0
2024-01-19,566,2,Millstone 2,1.0,1.0
2024-01-20,566,2,Millstone 2,1.0,1.0
2024-01-21,566,2,Millstone 2,1.0,1.0
2024-01-22,566,2,Millstone 2,1.0,1.0
2024-01-23,566,2,Millstone 2,1.0,1.0
2024-01-24,566,2,Millstone 2,1.0,1.0
2024-01-25,566,2,Millstone 2,1.0,1.0
2024-01-26,566,2,Millstone 2,1.0,1.0
2024-01-27,566,2,Millstone 2,1.0,1.0
2024-01-28,566,2,Millstone 2,1.0,1.0
2024-01-29,566,2,Millstone 2,1.0,1.0
2024-01-30,566,2,Millstone 2,1.0,1.0
2024-01-31,566,2,Millstone 2,1.0,1.0
2024-02-01,566,2,Millstone 2,1.0,1.0
2024-02-02,566,2,Millstone 2,1.0,1.0
2024-02-03,566,2,Millstone 2,1.0,1.0
2024-02-04,566,2,Millstone 2,1.0,1.0
2024-02-05,566,2,Millstone 2,1.0,1.0
2024-02-06,566,2,Millstone 2,1.0,1.0
2024-02-07,566,2,Millstone 2,1.0,1.0
2024-02-08,566,2,Millstone 2,1.0,1.0
2024-02-09,566,2,Millstone 2,1.0,1.0
2024-02-10,566,2,Millstone 2,1.0,1.0
2024-02-11,566,2,Millstone 2,1.0,1.0
2024-02-12,566,2,Millstone 2,1.0,1.0
2024-02-13,566,2,Millstone 2,1.0,1.0
2024-02-14,566,2,Millstone 2,1.0,1.0
2024-02-15,566,2,Millstone 2,1.0,1.0
2024-02-16,566,2,Millstone 2,1.0,1.0
2024-02-17,566,2,Millstone 2,1.0,1.0
2024-02-18,566,2,Millstone 2,1.0,1.0
2024-02-19,566,2,Millstone 2,1.0,1.0
2024-02-20,566,2,Millstone 2,1.0,1.0
2024-02-21,566,2,Millstone 2,1.0,1.0
2024-02-22,566,2,Millstone 2,1.0,1.0
2024-02-23,566,2,Millstone 2,1.0,1.0
2024-02-24,566,2,Millstone 2,1.0,1.0
2024-02-25,566,2,Millstone 2,1.0,1.0
2024-02-26,566,2,Millstone 2,1.0,1.0
2024-02-27,566,2,Millstone 2,1.0,1.0
2024-02-28,566,2,Millstone 2,1.0,1.0
2024-02-29,566,2,Millstone 2,1.0,1.0
2024-03-01,566,2,Millstone 2,1.0,1.0
2024-03-02,566,2,Millstone 2,1.0,1.0
2024-03-03,566,2,Millstone 2,1.0,1.0
2024-03-04,566,2,Millstone 2,1.0,1.0
2024-03-05,566,2,Millstone 2,1.0,1.0
2024-03-06,566,2,Millstone 2,1.0,1.0
2024-03-07,566,2,Millstone 2,1.0,1.0
2024-03-08,566,2,Millstone 2,1.0,1.0
2024-03-09,566,2,Millstone 2,1.0,1.0
2024-03-10,566,2,Millstone 2,1.0,1.0
2024-03-11,566,2,Millstone 2,1.0,1.0
2024-03-12,566,2,Millstone 2,1.0,1.0
2024-03-13,566,2,Millstone 2,1.0,1.0
2024-03-14,566,2,Millstone 2,1.0,1.0
2024-03-15,566,2,Millstone 2,1.0,1.0
2024-03-16,566,2,Millstone 2,1.0,1.0
2024-03-17,566,2,Millstone 2,1.0,1.0
2024-03-18,566,2,Millstone 2,1.0,1.0
2024-03-19,566,2,Millstone 2,1.0,1.0
2024-03-20,566,2,Millstone 2,1.0,1.0
2024-03-21,566,2,Millstone 2,1.0,1.0
2024-03-22,566,2,Millstone 2,1.0,1.0
2024-03-23,566,2,Millstone 2,1.0,1.0
2024-03-24,566,2,Millstone 2,1.0,1.0
2024-03-25,566,2,Millstone 2,1.0,1.0
2024-03-26,566,2,Millstone 2,1.0,1.0
2024-03-27,566,2,Millstone 2,1.0,1.0
2024-03-28,566,2,Millstone 2,1.0,1.0
2024-03-29,566,2,Millstone 2,1.0,1.0
2024-03-30,566,2,Millstone 2,1.0,1.0
2024-03-31,566,2,Millstone 2,1.0,1.0
2024-04-01,566,2,Millstone 2,1.0,1.0
2024-04-02,566,2,Millstone 2,1.0,1.0
2024-04-03,566,2,Millstone 2,1.0,1.0
2024-04-04,566,2,Millstone 2,1.0,1.0
2024-04-05,566,2,Millstone 2,1.0,1.0
2024-04-06,566,2,Millstone 2,1.0,1.0
2024-04-07,566,2,Millstone 2,1.0,1.0
2024-04-08,566,2,Millstone 2,1.0,1.0
2024-04-09,566,2,Millstone 2,1.0,1.0
2024-04-10,566,2,Millstone 2,1.0,1.0
2024-04-11,566,2,Millstone 2,1.0,1.0
2024-04-12,566,2,Millstone 2,1.0,1.0
2024-04-13,566,2,Millstone 2,1.0,1.0
2024-04-14,566,2,Millstone 2,1.0,1.0
2024-04-15,566,2,Millstone 2,1.0,1.0
2024-04-16,566,2,Millstone 2,1.0,1.0
2024-04-17,566,2,Millstone 2,1.0,1.0
2024-04-18,566,2,Millstone 2,1.0,1.0
2024-04-19,566,2,Millstone 2,1.0,1.0
2024-04-20,566,2,Millstone 2,1.0,1.0
2024-04-21,566,2,Millstone 2,1.0,1.0
2024-04-22,566,2,Millstone 2,1.0,1.0
2024-04-23,566,2,Millstone 2,1.0,1.0
2024-04-24,566,2,Millstone 2,1.0,1.0
2024-04-25,566,2,Millstone 2,1.0,1.0
2024-04-26,566,2,Millstone 2,1.0,1.0
2024-04-27,566,2,Millstone 2,1.0,1.0
2024-04-28,566,2,Millstone 2,1.0,1.0
2024-04-29,566,2,Millstone 2,1.0,1.0
2024-04-30,566,2,Millstone 2,1.0,1.0
2024-05-01,566,2,Millstone 2,1.0,1.0
2024-05-02,566,2,Millstone 2,1.0,1.0
2024-05-03,566,2,Millstone 2,1.0,1.0
2024-05-04,566,2,Millstone 2,1.0,1.0
2024-05-05,566,2,Millstone 2,1.0,1.0
2024-05-06,566,2,Millstone 2,1.0,1.0
2024-05-07,566,2,Millstone 2,1.0,1.0
2024-05-08,566,2,Millstone 2,1.0,1.0
2024-05-09,566,2,Millstone 2,1.0,1.0
2024-05-10,566,2,Millstone 2,1.0,1.0
2024-05-11,566,2,Millstone 2,1.0,1.0
2024-05-12,566,2,Millstone 2,1.0,1.0
2024-05-13,566,2,Millstone 2,1.0,1.0
2024-05-14,566,2,Millstone 2,1.0,1.0
2024-05-15,566,2,Millstone 2,1.0,1.0
2024-05-16,566,2,Millstone 2,1.0,1.0
2024-05-17,566,2,Millstone 2,1.0,1.0
2024-05-18,566,2,Millstone 2,1.0,1.0
2024-05-19,566,2,Millstone 2,1.0,1.0
2024-05-20,566,2,Millstone 2,1.0,1.0
2024-05-21,566,2,Millstone 2,1.0,1.0
2024-05-22,566,2,Millstone 2,1.0,1.0
2024-05-23,566,2,Millstone 2,1.0,1.0
2024-05-24,566,2,Millstone 2,1.0,1.0
2024-05-25,566,2,Millstone 2,1.0,1.0
2024-05-26,566,2,Millstone 2,1.0,1.0
2024-05-27,566,2,Millstone 2,1.0,1.0
2024-05-28,566,2,Millstone 2,1.0,1.0
2024-05-29,566,2,Millstone 2,1.0,1.0
2024-05-30,566,2,Millstone 2,1.0,1.0
2024-05-31,566,2,Millstone 2,1.0,1.0
2024-06-01,566,2,Millstone 2,1.0,1.0
2024-06-02,566,2,Millstone 2,1.0,1.0
2024-06-03,566,2,Millstone 2,1.0,1.0
2024-06-04,566,2,Millstone 2,1.0,1.0
2024-06-05,566,2,Millstone 2,1.0,1.0
2024-06-06,566,2,Millstone 2,1.0,1.0
2024-06-07,566,2,Millstone 2,1.0,1.0
2024-06-08,566,2,Millstone 2,1.0,1.0
2024-06-09,566,2,Millstone 2,1.0,1.0
2024-06-10,566,2,Millstone 2,1.0,1.0
2024-06-11,566,2,Millstone 2,1.0,1.0
2024-06-12,566,2,Millstone 2,1.0,1.0
2024-06-13,566,2,Millstone 2,1.0,1.0
2024-06-14,566,2,Millstone 2,1.0,1.0
2024-06-15,566,2,Millstone 2,1.0,1.0
2024-06-16,566,2,Millstone 2,1.0,1.0
2024-06-17,566,2,Millstone 2,1.0,1.0
2024-06-18,566,2,Millstone 2,1.0,1.0
2024-06-19,566,2,Millstone 2,1.0,1.0
2024-06-20,566,2,Millstone 2,1.0,1.0
2024-06-21,566,2,Millstone 2,1.0,1.0
2024-06-22,566,2,Millstone 2,1.0,1.0
2024-06-23,566,2,Millstone 2,1.0,1.0
2024-06-24,566,2,Millstone 2,1.0,1.0
2024-06-25,566,2,Millstone 2,1.0,1.0
2024-06-26,566,2,Millstone 2,1.0,1.0
2024-06-27,566,2,Millstone 2,1.0,1.0
2024-06-28,566,2,Millstone 2,1.0,1.0
2024-06-29,566,2,Millstone 2,1.0,1.0
2024-06-30,566,2,Millstone 2,1.0,1.0
2024-07-01,566,2,Millstone 2,1.0,0.99
2024-07-02,566,2,Millstone 2,1.0,0.99
2024-07-03,566,2,Millstone 2,1.0,0.99
2024-07-04,566,2,Millstone 2,1.0,0.99
2024-07-05,566,2,Millstone 2,1.0,0.99
2024-07-06,566,2,Millstone 2,1.0,0.99
2024-07-07,566,2,Millstone 2,1.0,0.99
2024-07-08,566,2,Millstone 2,1.0,0.99
2024-07-09,566,2,Millstone 2,1.0,0.99
2024-07-10,566,2,Millstone 2,1.0,0.99
2024-07-11,566,2,Millstone 2,1.0,0.99
2024-07-12,566,2,Millstone 2,1.0,0.99
2024-07-13,566,2,Millstone 2,1.0,0.99
2024-07-14,566,2,Millstone 2,1.0,0.99
2024-07-15,566,2,Millstone 2,1.0,0.99
2024-07-16,566,2,Millstone 2,1.0,0.99
2024-07-17,566,2,Millstone 2,1.0,0.99
2024-07-18,566,2,Millstone 2,1.0,0.99
2024-07-19,566,2,Millstone 2,1.0,0.99
2024-07-20,566,2,Millstone 2,1.0,0.99
2024-07-21,566,2,Millstone 2,1.0,0.99
2024-07-22,566,2,Millstone 2,1.0,0.99
2024-07-23,566,2,Millstone 2,1.0,0.99
2024-07-24,566,2,Millstone 2,1.0,0.99
2024-07-25,566,2,Millstone 2,1.0,0.99
2024-07-26,566,2,Millstone 2,1.0,0.99
2024-07-27,566,2,Millstone 2,1.0,0.99
2024-07-28,566,2,Millstone 2,1.0,0.99
2024-07-29,566,2,Millstone 2,1.0,0.99
2024-07-30,566,2,Millstone 2,1.0,0.99
2024-07-31,566,2,Millstone 2,1.0,0.99
2024-08-01,566,2,Millstone 2,0.9,0.8888
2024-08-02,566,2,Millstone 2,0.9,0.8888
2024-08-03,566,2,Millstone 2,0.92,0.9086
2024-08-04,566,2,Millstone 2,0.99,0.9777
2024-08-05,566,2,Millstone 2,0.99,0.9777
2024-08-06,566,2,Millstone 2,0.99,0.9777
2024-08-07,566,2,Millstone 2,0.99,0.9777
2024-08-08,566,2,Millstone 2,0.99,0.9777
2024-08-09,566,2,Millstone 2,1.0,0.9876
2024-08-10,566,2,Millstone 2,1.0,0.9876
2024-08-11,566,2,Millstone 2,1.0,0.9876
2024-08-12,566,2,Millstone 2,1.0,0.9876
2024-08-13,566,2,Millstone 2,0.99,0.9777
2024-08-14,566,2,Millstone 2,0.89,0.89
2024-08-15,566,2,Millstone 2,0.89,0.89
2024-08-16,566,2,Millstone 2,1.0,0.9876
2024-08-17,566,2,Millstone 2,1.0,0.9876
2024-08-18,566,2,Millstone 2,1.0,0.9876
2024-08-19,566,2,Millstone 2,1.0,0.9876
2024-08-20,566,2,Millstone 2,1.0,0.9876
2024-08-21,566,2,Millstone 2,1.0,0.9876
2024-08-22,566,2,Millstone 2,1.0,0.9876
2024-08-23,566,2,Millstone 2,1.0,0.9876
2024-08-24,566,2,Millstone 2,1.0,0.9876
2024-08-25,566,2,Millstone 2,1.0,0.9876
2024-08-26,566,2,Millstone 2,1.0,0.9876
2024-08-27,566,2,Millstone 2,1.0,0.9876
2024-08-28,566,2,Millstone 2,1.0,0.9876
2024-08-29,566,2,Millstone 2,1.0,0.9876
2024-08-30,566,2,Millstone 2,1.0,0.9876
2024-08-31,566,2,Millstone 2,1.0,0.9876
2024-09-01,566,2,Millstone 2,1.0,0.9795
2024-09-02,566,2,Millstone 2,1.0,0.9795
2024-09-03,566,2,Millstone 2,1.0,0.9795
2024-09-04,566,2,Millstone 2,1.0,0.9795
2024-09-05,566,2,Millstone 2,1.0,0.9795
2024-09-06,566,2,Millstone 2,1.0,0.9795
2024-09-07,566,2,Millstone 2,1.0,0.9795
2024-09-08,566,2,Millstone 2,1.0,0.9795
2024-09-09,566,2,Millstone 2,1.0,0.9795
2024-09-10,566,2,Millstone 2,1.0,0.9795
2024-09-11,566,2,Millstone 2,1.0,0.9795
2024-09-12,566,2,Millstone 2,1.0,0.9795
2024-09-13,566,2,Millstone 2,1.0,0.9795
2024-09-14,566,2,Millstone 2,1.0,0.9795
2024-09-15,566,2,Millstone 2,1.0,0.9795
2024-09-16,566,2,Millstone 2,1.0,0.9795
2024-09-17,566,2,Millstone 2,1.0,0.9795
2024-09-18,566,2,Millstone 2,1.0,0.9795
2024-09-19,566,2,Millstone 2,1.0,0.9795
2024-09-20,566,2,Millstone 2,1.0,0.9795
2024-09-21,566,2,Millstone 2,1.0,0.9795
2024-09-22,566,2,Millstone 2,1.0,0.9795
2024-09-23,566,2,Millstone 2,1.0,0.9795
2024-09-24,566,2,Millstone 2,1.0,0.9795
2024-09-25,566,2,Millstone 2,1.0,0.9795
2024-09-26,566,2,Millstone 2,1.0,0.9795
2024-09-27,566,2,Millstone 2,1.0,0.9795
2024-09-28,566,2,Millstone 2,1.0,0.9795
2024-09-29,566,2,Millstone 2,1.0,0.9795
2024-09-30,566,2,Millstone 2,1.0,0.9795
2024-10-01,566,2,Millstone 2,1.0,0.9926
2024-10-02,566,2,Millstone 2,1.0,0.9926
2024-10-03,566,2,Millstone 2,1.0,0.9926
2024-10-04,566,2,Millstone 2,0.0,0.0
2024-10-05,566,2,Millstone 2,0.0,0.0
2024-10-06,566,2,Millstone 2,0.0,0.0
2024-10-07,566,2,Millstone 2,0.0,0.0
2024-10-08,566,2,Millstone 2,0.0,0.0
2024-10-09,566,2,Millstone 2,0.0,0.0
2024-10-10,566,2,Millstone 2,0.0,0.0
2024-10-11,566,2,Millstone 2,0.0,0.0
2024-10-12,566,2,Millstone 2,0.0,0.0
2024-10-13,566,2,Millstone 2,0.0,0.0
2024-10-14,566,2,Millstone 2,0.0,0.0
2024-10-15,566,2,Millstone 2,0.0,0.0
2024-10-16,566,2,Millstone 2,0.0,0.0
2024-10-17,566,2,Millstone 2,0.0,0.0
2024-10-18,566,2,Millstone 2,0.0,0.0
2024-10-19,566,2,Millstone 2,0.0,0.0
2024-10-20,566,2,Millstone 2,0.0,0.0
2024-10-21,566,2,Millstone 2,0.0,0.0
2024-10-22,566,2,Millstone 2,0.0,0.0
2024-10-23,566,2,Millstone 2,0.0,0.0
2024-10-24,566,2,Millstone 2,0.0,0.0
2024-10-25,566,2,Millstone 2,0.0,0.0
2024-10-26,566,2,Millstone 2,0.0,0.0
2024-10-27,566,2,Millstone 2,0.0,0.0
2024-10-28,566,2,Millstone 2,0.0,0.0
2024-10-29,566,2,Millstone 2,0.0,0.0
2024-10-30,566,2,Millstone 2,0.0,0.0
2024-10-31,566,2,Millstone 2,0.0,0.0
2024-11-01,566,2,Millstone 2,0.0,0.0
2024-11-02,566,2,Millstone 2,0.0,0.0
2024-11-03,566,2,Millstone 2,0.0,0.0
2024-11-04,566,2,Millstone 2,0.0,0.0
2024-11-05,566,2,Millstone 2,0.0,0.0
2024-11-06,566,2,Millstone 2,0.0,0.0
2024-11-07,566,2,Millstone 2,0.12,0.12
2024-11-08,566,2,Millstone 2,0.6,0.6
2024-11-09,566,2,Millstone 2,1.0,0.9941
2024-11-10,566,2,Millstone 2,1.0,0.9941
2024-11-11,566,2,Millstone 2,1.0,0.9941
2024-11-12,566,2,Millstone 2,1.0,0.9941
2024-11-13,566,2,Millstone 2,1.0,0.9941
2024-11-14,566,2,Millstone 2,0.12,0.12
2024-11-15,566,2,Millstone 2,0.12,0.12
2024-11-16,566,2,Millstone 2,1.0,0.9941
2024-11-17,566,2,Millstone 2,1.0,0.9941
2024-11-18,566,2,Millstone 2,1.0,0.9941
2024-11-19,566,2,Millstone 2,1.0,0.9941
2024-11-20,566,2,Millstone 2,1.0,0.9941
2024-11-21,566,2,Millstone 2,1.0,0.9941
2024-11-22,566,2,Millstone 2,1.0,0.9941
2024-11-23,566,2,Millstone 2,1.0,0.9941
2024-11-24,566,2,Millstone 2,1.0,0.9941
2024-11-25,566,2,Millstone 2,1.0,0.9941
2024-11-26,566,2,Millstone 2,1.0,0.9941
2024-11-27,566,2,Millstone 2,1.0,0.9941
2024-11-28,566,2,Millstone 2,1.0,0.9941
2024-11-29,566,2,Millstone 2,1.0,0.9941
2024-11-30,566,2,Millstone 2,1.0,0.9941
2024-12-01,566,2,Millstone 2,1.0,1.0
2024-12-02,566,2,Millstone 2,1.0,1.0
2024-12-03,566,2,Millstone 2,1.0,1.0
2024-12-04,566,2,Millstone 2,1.0,1.0
2024-12-05,566,2,Millstone 2,1.0,1.0
2024-12-06,566,2,Millstone 2,1.0,1.0
2024-12-07,566,2,Millstone 2,1.0,1.0
2024-12-08,566,2,Millstone 2,1.0,1.0
2024-12-09,566,2,Millstone 2,1.0,1.0
2024-12-10,566,2,Millstone 2,1.0,1.0
2024-12-11,566,2,Millstone 2,1.0,1.0
2024-12-12,566,2,Millstone 2,1.0,1.0
2024-12-13,566,2,Millstone 2,1.0,1.0
2024-12-14,566,2,Millstone 2,1.0,1.0
2024-12-15,566,2,Millstone 2,1.0,1.0
2024-12-16,566,2,Millstone 2,1.0,1.0
2024-12-17,566,2,Millstone 2,1.0,1.0
2024-12-18,566,2,Millstone 2,1.0,1.0
2024-12-19,566,2,Millstone 2,1.0,1.0
2024-12-20,566,2,Millstone 2,1.0,1.0
2024-12-21,566,2,Millstone 2,1.0,1.0
2024-12-22,566,2,Millstone 2,1.0,1.0
2024-12-23,566,2,Millstone 2,1.0,1.0
2024-12-24,566,2,Millstone 2,1.0,1.0
2024-12-25,566,2,Millstone 2,1.0,1.0
2024-12-26,566,2,Millstone 2,1.0,1.0
2024-12-27,566,2,Millstone 2,1.0,1.0
2024-12-28,566,2,Millstone 2,1.0,1.0
2024-12-29,566,2,Millstone 2,1.0,1.0
2024-12-30,566,2,Millstone 2,1.0,1.0
2024-12-31,566,2,Millstone 2,1.0,1.0
2025-01-01,566,2,Millstone 2,1.0,1.0
2025-01-02,566,2,Millstone 2,1.0,1.0
2025-01-03,566,2,Millstone 2,1.0,1.0
2025-01-04,566,2,Millstone 2,1.0,1.0
2025-01-05,566,2,Millstone 2,1.0,1.0
2025-01-06,566,2,Millstone 2,1.0,1.0
2025-01-07,566,2,Millstone 2,1.0,1.0
2025-01-08,566,2,Millstone 2,1.0,1.0
2025-01-09,566,2,Millstone 2,1.0,1.0
2025-01-10,566,2,Millstone 2,1.0,1.0
2025-01-11,566,2,Millstone 2,1.0,1.0
2025-01-12,566,2,Millstone 2,1.0,1.0
2025-01-13,566,2,Millstone 2,1.0,1.0
2025-01-14,566,2,Millstone 2,1.0,1.0
2025-01-15,566,2,Millstone 2,1.0,1.0
2025-01-16,566,2,Millstone 2,1.0,1.0
2025-01-17,566,2,Millstone 2,1.0,1.0
2025-01-18,566,2,Millstone 2,1.0,1.0
2025-01-19,566,2,Millstone 2,1.0,1.0
2025-01-20,566,2,Millstone 2,1.0,1.0
2025-01-21,566,2,Millstone 2,1.0,1.0
2025-01-22,566,2,Millstone 2,1.0,1.0
2025-01-23,566,2,Millstone 2,1.0,1.0
2025-01-24,566,2,Millstone 2,1.0,1.0
2025-01-25,566,2,Millstone 2,1.0,1.0
2025-01-26,566,2,Millstone 2,1.0,1.0
2025-01-27,566,2,Millstone 2,1.0,1.0
2025-01-28,566,2,Millstone 2,1.0,1.0
2025-01-29,566,2,Millstone 2,1.0,1.0
2025-01-30,566,2,Millstone 2,1.0,1.0
2025-01-31,566,2,Millstone 2,1.0,1.0
2025-02-01,566,2,Millstone 2,1.0,1.0
2025-02-02,566,2,Millstone 2,1.0,1.0
2025-02-03,566,2,Millstone 2,1.0,1.0
2025-02-04,566,2,Millstone 2,1.0,1.0
2025-02-05,566,2,Millstone 2,1.0,1.0
2025-02-06,566,2,Millstone 2,1.0,1.0
2025-02-07,566,2,Millstone 2,1.0,1.0
2025-02-08,566,2,Millstone 2,1.0,1.0
2025-02-09,566,2,Millstone 2,1.0,1.0
2025-02-10,566,2,Millstone 2,1.0,1.0
2025-02-11,566,2,Millstone 2,1.0,1.0
2025-02-12,566,2,Millstone 2,1.0,1.0
2025-02-13,566,2,Millstone 2,1.0,1.0
2025-02-14,566,2,Millstone 2,1.0,1.0
2025-02-15,566,2,Millstone 2,1.0,1.0
2025-02-16,566,2,Millstone 2,1.0,1.0
2025-02-17,566,2,Millstone 2,1.0,1.0
2025-02-18,566,2,Millstone 2,1.0,1.0
2025-02-19,566,2,Millstone 2,1.0,1.0
2025-02-20,566,2,Millstone 2,1.0,1.0
2025-02-21,566,2,Millstone 2,1.0,1.0
2025-02-22,566,2,Millstone 2,1.0,1.0
2025-02-23,566,2,Millstone 2,1.0,1.0
2025-02-24,566,2,Millstone 2,1.0,1.0
2025-02-25,566,2,Millstone 2,1.0,1.0
2025-02-26,566,2,Millstone 2,1.0,1.0
2025-02-27,566,2,Millstone 2,1.0,1.0
2025-02-28,566,2,Millstone 2,1.0,1.0
2025-03-01,566,2,Millstone 2,1.0,1.0
2025-03-02,566,2,Millstone 2,1.0,1.0
2025-03-03,566,2,Millstone 2,1.0,1.0
2025-03-04,566,2,Millstone 2,1.0,1.0
2025-03-05,566,2,Millstone 2,1.0,1.0
2025-03-06,566,2,Millstone 2,1.0,1.0
2025-03-07,566,2,Millstone 2,1.0,1.0
2025-03-08,566,2,Millstone 2,1.0,1.0
2025-03-09,566,2,Millstone 2,1.0,1.0
2025-03-10,566,2,Millstone 2,1.0,1.0
2025-03-11,566,2,Millstone 2,1.0,1.0
2025-03-12,566,2,Millstone 2,1.0,1.0
2025-03-13,566,2,Millstone 2,1.0,1.0
2025-03-14,566,2,Millstone 2,1.0,1.0
2025-03-15,566,2,Millstone 2,1.0,1.0
2025-03-16,566,2,Millstone 2,1.0,1.0
2025-03-17,566,2,Millstone 2,1.0,1.0
2025-03-18,566,2,Millstone 2,1.0,1.0
2025-03-19,566,2,Millstone 2,1.0,1.0
2025-03-20,566,2,Millstone 2,1.0,1.0
2025-03-21,566,2,Millstone 2,1.0,1.0
2025-03-22,566,2,Millstone 2,1.0,1.0
2025-03-23,566,2,Millstone 2,1.0,1.0
2025-03-24,566,2,Millstone 2,1.0,1.0
2025-03-25,566,2,Millstone 2,1.0,1.0
2025-03-26,566,2,Millstone 2,1.0,1.0
2025-03-27,566,2,Millstone 2,1.0,1.0
2025-03-28,566,2,Millstone 2,1.0,1.0
2025-03-29,566,2,Millstone 2,1.0,1.0
2025-03-30,566,2,Millstone 2,1.0,1.0
2025-03-31,566,2,Millstone 2,1.0,1.0
2025-04-01,566,2,Millstone 2,1.0,0.9965
2025-04-02,566,2,Millstone 2,1.0,0.9965
2025-04-03,566,2,Millstone 2,1.0,0.9965
2025-04-04,566,2,Millstone 2,1.0,0.9965
2025-04-05,566,2,Millstone 2,1.0,0.9965
2025-04-06,566,2,Millstone 2,1.0,0.9965
2025-04-07,566,2,Millstone 2,1.0,0.9965
2025-04-08,566,2,Millstone 2,1.0,0.9965
2025-04-09,566,2,Millstone 2,1.0,0.9965
2025-04-10,566,2,Millstone 2,1.0,0.9965
2025-04-11,566,2,Millstone 2,1.0,0.9965
2025-04-12,566,2,Millstone 2,1.0,0.9965
2025-04-13,566,2,Millstone 2,1.0,0.9965
2025-04-14,566,2,Millstone 2,1.0,0.9965
2025-04-15,566,2,Millstone 2,1.0,0.9965
2025-04-16,566,2,Millstone 2,1.0,0.9965
2025-04-17,566,2,Millstone 2,1.0,0.9965
2025-04-18,566,2,Millstone 2,1.0,0.9965
2025-04-19,566,2,Millstone 2,1.0,0.9965
2025-04-20,566,2,Millstone 2,1.0,0.9965
2025-04-21,566,2,Millstone 2,1.0,0.9965
2025-04-22,566,2,Millstone 2,1.0,0.9965
2025-04-23,566,2,Millstone 2,1.0,0.9965
2025-04-24,566,2,Millstone 2,1.0,0.9965
2025-04-25,566,2,Millstone 2,1.0,0.9965
2025-04-26,566,2,Millstone 2,1.0,0.9965
2025-04-27,566,2,Millstone 2,1.0,0.9965
2025-04-28,566,2,Millstone 2,1.0,0.9965
2025-04-29,566,2,Millstone 2,1.0,0.9965
2025-04-30,566,2,Millstone 2,1.0,0.9965
2025-05-01,566,2,Millstone 2,1.0,0.9975
2025-05-02,566,2,Millstone 2,1.0,0.9975
2025-05-03,566,2,Millstone 2,1.0,0.9975
2025-05-04,566,2,Millstone 2,1.0,0.9975
2025-05-05,566,2,Millstone 2,1.0,0.9975
2025-05-06,566,2,Millstone 2,1.0,0.9975
2025-05-07,566,2,Millstone 2,1.0,0.9975
2025-05-08,566,2,Millstone 2,1.0,0.9975
2025-05-09,566,2,Millstone 2,1.0,0.9975
2025-05-10,566,2,Millstone 2,1.0,0.9975
2025-05-11,566,2,Millstone 2,1.0,0.9975
2025-05-12,566,2,Millstone 2,1.0,0.9975
2025-05-13,566,2,Millstone 2,1.0,0.9975
2025-05-14,566,2,Millstone 2,1.0,0.9975
2025-05-15,566,2,Millstone 2,1.0,0.9975
2025-05-16,566,2,Millstone 2,1.0,0.9975
2025-05-17,566,2,Millstone 2,1.0,0.9975
2025-05-18,566,2,Millstone 2,1.0,0.9975
2025-05-19,566,2,Millstone 2,1.0,0.9975
2025-05-20,566,2,Millstone 2,1.0,0.9975
2025-05-21,566,2,Millstone 2,1.0,0.9975
2025-05-22,566,2,Millstone 2,1.0,0.9975
2025-05-23,566,2,Millstone 2,1.0,0.9975
2025-05-24,566,2,Millstone 2,1.0,0.9975
2025-05-25,566,2,Millstone 2,1.0,0.9975
2025-05-26,566,2,Millstone 2,1.0,0.9975
2025-05-27,566,2,Millstone 2,1.0,0.9975
2025-05-28,566,2,Millstone 2,1.0,0.9975
2025-05-29,566,2,Millstone 2,1.0,0.9975
2025-05-30,566,2,Millstone 2,1.0,0.9975
2025-05-31,566,2,Millstone 2,1.0,0.9975
2025-06-01,566,2,Millstone 2,1.0,1.0
2025-06-02,566,2,Millstone 2,1.0,1.0
2025-06-03,566,2,Millstone 2,1.0,1.0
2025-06-04,566,2,Millstone 2,1.0,1.0
2025-06-05,566,2,Millstone 2,1.0,1.0
2025-06-06,566,2,Millstone 2,1.0,1.0
2025-06-07,566,2,Millstone 2,1.0,1.0
2025-06-08,566,2,Millstone 2,1.0,1.0
2025-06-09,566,2,Millstone 2,1.0,1.0
2025-06-10,566,2,Millstone 2,1.0,1.0
2025-06-11,566,2,Millstone 2,1.0,1.0
2025-06-12,566,2,Millstone 2,1.0,1.0
2025-06-13,566,2,Millstone 2,1.0,1.0
2025-06-14,566,2,Millstone 2,1.0,1.0
2025-06-15,566,2,Millstone 2,1.0,1.0
2025-06-16,566,2,Millstone 2,1.0,1.0
2025-06-17,566,2,Millstone 2,1.0,1.0
2025-06-18,566,2,Millstone 2,1.0,1.0
2025-06-19,566,2,Millstone 2,1.0,1.0
2025-06-20,566,2,Millstone 2,1.0,1.0
2025-06-21,566,2,Millstone 2,1.0,1.0
2025-06-22,566,2,Millstone 2,1.0,1.0
2025-06-23,566,2,Millstone 2,1.0,1.0
2025-06-24,566,2,Millstone 2,1.0,1.0
2025-06-25,566,2,Millstone 2,1.0,1.0
2025-06-26,566,2,Millstone 2,1.0,1.0
2025-06-27,566,2,Millstone 2,1.0,1.0
2025-06-28,566,2,Millstone 2,1.0,1.0
2025-06-29,566,2,Millstone 2,1.0,1.0
2025-06-30,566,2,Millstone 2,1.0,1.0
2025-07-01,566,2,Millstone 2,1.0,0.99
2025-07-02,566,2,Millstone 2,1.0,0.99
2025-07-03,566,2,Millstone 2,1.0,0.99
2025-07-04,566,2,Millstone 2,1.0,0.99
2025-07-05,566,2,Millstone 2,1.0,0.99
2025-07-06,566,2,Millstone 2,1.0,0.99
2025-07-07,566,2,Millstone 2,1.0,0.99
2025-07-08,566,2,Millstone 2,1.0,0.99
2025-07-09,566,2,Millstone 2,1.0,0.99
2025-07-10,566,2,Millstone 2,1.0,0.99
2025-07-11,566,2,Millstone 2,1.0,0.99
2025-07-12,566,2,Millstone 2,1.0,0.99
2025-07-13,566,2,Millstone 2,1.0,0.99
2025-07-14,566,2,Millstone 2,1.0,0.99
2025-07-15,566,2,Millstone 2,1.0,0.99
2025-07-16,566,2,Millstone 2,1.0,0.99
2025-07-17,566,2,Millstone 2,1.0,0.99
2025-07-18,566,2,Millstone 2,1.0,0.99
2025-07-19,566,2,Millstone 2,1.0,0.99
2025-07-20,566,2,Millstone 2,1.0,0.99
2025-07-21,566,2,Millstone 2,1.0,0.99
2025-07-22,566,2,Millstone 2,1.0,0.99
2025-07-23,566,2,Millstone 2,1.0,0.99
2025-07-24,566,2,Millstone 2,1.0,0.99
2025-07-25,566,2,Millstone 2,1.0,0.99
2025-07-26,566,2,Millstone 2,1.0,0.99
2025-07-27,566,2,Millstone 2,1.0,0.99
2025-07-28,566,2,Millstone 2,1.0,0.99
2025-07-29,566,2,Millstone 2,1.0,0.99
2025-07-30,566,2,Millstone 2,1.0,0.99
2025-07-31,566,2,Millstone 2,1.0,0.99
2025-08-01,566,2,Millstone 2,1.0,0.9923
2025-08-02,566,2,Millstone 2,1.0,0.9923
2025-08-03,566,2,Millstone 2,1.0,0.9923
2025-08-04,566,2,Millstone 2,1.0,0.9923
2025-08-05,566,2,Millstone 2,1.0,0.9923
2025-08-06,566,2,Millstone 2,1.0,0.9923
2025-08-07,566,2,Millstone 2,1.0,0.9923
2025-08-08,566,2,Millstone 2,1.0,0.9923
2025-08-09,566,2,Millstone 2,1.0,0.9923
2025-08-10,566,2,Millstone 2,1.0,0.9923
2025-08-11,566,2,Millstone 2,1.0,0.9923
2025-08-12,566,2,Millstone 2,1.0,0.9923
2025-08-13,566,2,Millstone 2,1.0,0.9923
2025-08-14,566,2,Millstone 2,1.0,0.9923
2025-08-15,566,2,Millstone 2,1.0,0.9923
2025-08-16,566,2,Millstone 2,1.0,0.9923
2025-08-17,566,2,Millstone 2,1.0,0.9923
2025-08-18,566,2,Millstone 2,1.0,0.9923
2025-08-19,566,2,Millstone 2,1.0,0.9923
2025-08-20,566,2,Millstone 2,1.0,0.9923
2025-08-21,566,2,Millstone 2,0.94,0.9328
2025-08-22,566,2,Millstone 2,1.0,0.9923
2025-08-23,566,2,Millstone 2,1.0,0.9923
2025-08-24,566,2,Millstone 2,1.0,0.9923
2025-08-25,566,2,Millstone 2,1.0,0.9923
2025-08-26,566,2,Millstone 2,1.0,0.9923
2025-08-27,566,2,Millstone 2,1.0,0.9923
2025-08-28,566,2,Millstone 2,1.0,0.9923
2025-08-29,566,2,Millstone 2,1.0,0.9923
2025-08-30,566,2,Millstone 2,1.0,0.9923
2025-08-31,566,2,Millstone 2,1.0,0.9923
2025-09-01,566,2,Millstone 2,1.0,0.9904
2025-09-02,566,2,Millstone 2,1.0,0.9904
2025-09-03,566,2,Millstone 2,1.0,0.9904
2025-09-04,566,2,Millstone 2,1.0,0.9904
2025-09-05,566,2,Millstone 2,1.0,0.9904
2025-09-06,566,2,Millstone 2,1.0,0.9904
2025-09-07,566,2,Millstone 2,1.0,0.9904
2025-09-08,566,2,Millstone 2,1.0,0.9904
2025-09-09,566,2,Millstone 2,1.0,0.9904
2025-09-10,566,2,Millstone 2,1.0,0.9904
2025-09-11,566,2,Millstone 2,1.0,0.9904
2025-09-12,566,2,Millstone 2,1.0,0.9904
2025-09-13,566,2,Millstone 2,1.0,0.9904
2025-09-14,566,2,Millstone 2,1.0,0.9904
2025-09-15,566,2,Millstone 2,1.0,0.9904
2025-09-16,566,2,Millstone 2,1.0,0.9904
2025-09-17,566,2,Millstone 2,1.0,0.9904
2025-09-18,566,2,Millstone 2,1.0,0.9904
2025-09-19,566,2,Millstone 2,1.0,0.9904
2025-09-20,566,2,Millstone 2,1.0,0.9904
2025-09-21,566,2,Millstone 2,1.0,0.9904
2025-09-22,566,2,Millstone 2,1.0,0.9904
2025-09-23,566,2,Millstone 2,1.0,0.9904
2025-09-24,566,2,Millstone 2,1.0,0.9904
2025-09-25,566,2,Millstone 2,1.0,0.9904
2025-09-26,566,2,Millstone 2,1.0,0.9904
2025-09-27,566,2,Millstone 2,1.0,0.9904
2025-09-28,566,2,Millstone 2,1.0,0.9904
2025-09-29,566,2,Millstone 2,1.0,0.9904
2025-09-30,566,2,Millstone 2,1.0,0.9904
2025-10-01,566,2,Millstone 2,1.0,0.9917
2025-10-02,566,2,Millstone 2,1.0,0.9917
2025-10-03,566,2,Millstone 2,1.0,0.9917
2025-10-04,566,2,Millstone 2,1.0,0.9917
2025-10-05,566,2,Millstone 2,1.0,0.9917
2025-10-06,566,2,Millstone 2,1.0,0.9917
2025-10-07,566,2,Millstone 2,1.0,0.9917
2025-10-08,566,2,Millstone 2,1.0,0.9917
2025-10-09,566,2,Millstone 2,1.0,0.9917
2025-10-10,566,2,Millstone 2,1.0,0.9917
2025-10-11,566,2,Millstone 2,1.0,0.9917
2025-10-12,566,2,Millstone 2,1.0,0.9917
2025-10-13,566,2,Millstone 2,1.0,0.9917
2025-10-14,566,2,Millstone 2,1.0,0.9917
2025-10-15,566,2,Millstone 2,1.0,0.9917
2025-10-16,566,2,Millstone 2,1.0,0.9917
2025-10-17,566,2,Millstone 2,1.0,0.9917
2025-10-18,566,2,Millstone 2,1.0,0.9917
2025-10-19,566,2,Millstone 2,1.0,0.9917
2025-10-20,566,2,Millstone 2,1.0,0.9917
2025-10-21,566,2,Millstone 2,1.0,0.9917
2025-10-22,566,2,Millstone 2,1.0,0.9917
2025-10-23,566,2,Millstone 2,1.0,0.9917
2025-10-24,566,2,Millstone 2,1.0,0.9917
2025-10-25,566,2,Millstone 2,1.0,0.9917
2025-10-26,566,2,Millstone 2,1.0,0.9917
2025-10-27,566,2,Millstone 2,1.0,0.9917
2025-10-28,566,2,Millstone 2,1.0,0.9917
2025-10-29,566,2,Millstone 2,1.0,0.9917
2025-10-30,566,2,Millstone 2,1.0,0.9917
2025-10-31,566,2,Millstone 2,1.0,0.9917
2025-11-01,566,2,Millstone 2,1.0,1.0
2025-11-02,566,2,Millstone 2,1.0,1.0
2025-11-03,566,2,Millstone 2,1.0,1.0
2025-11-04,566,2,Millstone 2,1.0,1.0
2025-11-05,566,2,Millstone 2,1.0,1.0
2025-11-06,566,2,Millstone 2,1.0,1.0
2025-11-07,566,2,Millstone 2,1.0,1.0
2025-11-08,566,2,Millstone 2,1.0,1.0
2025-11-09,566,2,Millstone 2,1.0,1.0
2025-11-10,566,2,Millstone 2,1.0,1.0
2025-11-11,566,2,Millstone 2,1.0,1.0
2025-11-12,566,2,Millstone 2,1.0,1.0
2025-11-13,566,2,Millstone 2,1.0,1.0
2025-11-14,566,2,Millstone 2,1.0,1.0
2025-11-15,566,2,Millstone 2,1.0,1.0
2025-11-16,566,2,Millstone 2,1.0,1.0
2025-11-17,566,2,Millstone 2,1.0,1.0
2025-11-18,566,2,Millstone 2,1.0,1.0
2025-11-19,566,2,Millstone 2,1.0,1.0
2025-11-20,566,2,Millstone 2,1.0,1.0
2025-11-21,566,2,Millstone 2,1.0,1.0
2025-11-22,566,2,Millstone 2,1.0,1.0
2025-11-23,566,2,Millstone 2,1.0,1.0
2025-11-24,566,2,Millstone 2,1.0,1.0
2025-11-25,566,2,Millstone 2,1.0,1.0
2025-11-26,566,2,Millstone 2,1.0,1.0
2025-11-27,566,2,Millstone 2,1.0,1.0
2025-11-28,566,2,Millstone 2,1.0,1.0
2025-11-29,566,2,Millstone 2,1.0,1.0
2025-11-30,566,2,Millstone 2,1.0,1.0
2025-12-01,566,2,Millstone 2,1.0,1.0
2025-12-02,566,2,Millstone 2,1.0,1.0
2025-12-03,566,2,Millstone 2,1.0,1.0
2025-12-04,566,2,Millstone 2,1.0,1.0
2025-12-05,566,2,Millstone 2,1.0,1.0
2025-12-06,566,2,Millstone 2,1.0,1.0
2025-12-07,566,2,Millstone 2,1.0,1.0
2025-12-08,566,2,Millstone 2,1.0,1.0
2025-12-09,566,2,Millstone 2,1.0,1.0
2025-12-10,566,2,Millstone 2,1.0,1.0
2025-12-11,566,2,Millstone 2,1.0,1.0
2025-12-12,566,2,Millstone 2,1.0,1.0
2025-12-13,566,2,Millstone 2,1.0,1.0
2025-12-14,566,2,Millstone 2,1.0,1.0
2025-12-15,566,2,Millstone 2,1.0,1.0
2025-12-16,566,2,Millstone 2,1.0,1.0
2025-12-17,566,2,Millstone 2,1.0,1.0
2025-12-18,566,2,Millstone 2,1.0,1.0
2025-12-19,566,2,Millstone 2,1.0,1.0
2025-12-20,566,2,Millstone 2,1.0,1.0
2025-12-21,566,2,Millstone 2,1.0,1.0
2025-12-22,566,2,Millstone 2,1.0,1.0
2025-12-23,566,2,Millstone 2,1.0,1.0
2025-12-24,566,2,Millstone 2,1.0,1.0
2025-12-25,566,2,Millstone 2,1.0,1.0
2025-12-26,566,2,Millstone 2,1.0,1.0
2025-12-27,566,2,Millstone 2,1.0,1.0
2025-12-28,566,2,Millstone 2,1.0,1.0
2025-12-29,566,2,Millstone 2,1.0,1.0
2025-12-30,566,2,Millstone 2,1.0,1.0
2025-12-31,566,2,Millstone 2,1.0,1.0
2023-01-01,566,3,Millstone 3,1.0,0.9995
2023-01-02,566,3,Millstone 3,1.0,0.9995
2023-01-03,566,3,Millstone 3,1.0,0.9995
2023-01-04,566,3,Millstone 3,1.0,0.9995
2023-01-05,566,3,Millstone 3,1.0,0.9995
2023-01-06,566,3,Millstone 3,1.0,0.9995
2023-01-07,566,3,Millstone 3,0.23,0.23
2023-01-08,566,3,Millstone 3,0.24,0.24
2023-01-09,566,3,Millstone 3,0.9,0.8995
2023-01-10,566,3,Millstone 3,1.0,0.9995
2023-01-11,566,3,Millstone 3,1.0,0.9995
2023-01-12,566,3,Millstone 3,1.0,0.9995
2023-01-13,566,3,Millstone 3,1.0,0.9995
2023-01-14,566,3,Millstone 3,1.0,0.9995
2023-01-15,566,3,Millstone 3,1.0,0.9995
2023-01-16,566,3,Millstone 3,1.0,0.9995
2023-01-17,566,3,Millstone 3,1.0,0.9995
2023-01-18,566,3,Millstone 3,1.0,0.9995
2023-01-19,566,3,Millstone 3,1.0,0.9995
2023-01-20,566,3,Millstone 3,1.0,0.9995
2023-01-21,566,3,Millstone 3,1.0,0.9995
2023-01-22,566,3,Millstone 3,1.0,0.9995
2023-01-23,566,3,Millstone 3,1.0,0.9995
2023-01-24,566,3,Millstone 3,1.0,0.9995
2023-01-25,566,3,Millstone 3,1.0,0.9995
2023-01-26,566,3,Millstone 3,1.0,0.9995
2023-01-27,566,3,Millstone 3,1.0,0.9995
2023-01-28,566,3,Millstone 3,1.0,0.9995
2023-01-29,566,3,Millstone 3,1.0,0.9995
2023-01-30,566,3,Millstone 3,1.0,0.9995
2023-01-31,566,3,Millstone 3,1.0,0.9995
2023-02-01,566,3,Millstone 3,1.0,1.0
2023-02-02,566,3,Millstone 3,1.0,1.0
2023-02-03,566,3,Millstone 3,1.0,1.0
2023-02-04,566,3,Millstone 3,1.0,1.0
2023-02-05,566,3,Millstone 3,1.0,1.0
2023-02-06,566,3,Millstone 3,1.0,1.0
2023-02-07,566,3,Millstone 3,1.0,1.0
2023-02-08,566,3,Millstone 3,1.0,1.0
2023-02-09,566,3,Millstone 3,1.0,1.0
2023-02-10,566,3,Millstone 3,1.0,1.0
2023-02-11,566,3,Millstone 3,1.0,1.0
2023-02-12,566,3,Millstone 3,1.0,1.0
2023-02-13,566,3,Millstone 3,1.0,1.0
2023-02-14,566,3,Millstone 3,1.0,1.0
2023-02-15,566,3,Millstone 3,1.0,1.0
2023-02-16,566,3,Millstone 3,1.0,1.0
2023-02-17,566,3,Millstone 3,1.0,1.0
2023-02-18,566,3,Millstone 3,1.0,1.0
2023-02-19,566,3,Millstone 3,1.0,1.0
2023-02-20,566,3,Millstone 3,1.0,1.0
2023-02-21,566,3,Millstone 3,1.0,1.0
2023-02-22,566,3,Millstone 3,1.0,1.0
2023-02-23,566,3,Millstone 3,1.0,1.0
2023-02-24,566,3,Millstone 3,1.0,1.0
2023-02-25,566,3,Millstone 3,1.0,1.0
2023-02-26,566,3,Millstone 3,1.0,1.0
2023-02-27,566,3,Millstone 3,1.0,1.0
2023-02-28,566,3,Millstone 3,1.0,1.0
2023-03-01,566,3,Millstone 3,1.0,0.994
2023-03-02,566,3,Millstone 3,1.0,0.994
2023-03-03,566,3,Millstone 3,1.0,0.994
2023-03-04,566,3,Millstone 3,1.0,0.994
2023-03-05,566,3,Millstone 3,1.0,0.994
2023-03-06,566,3,Millstone 3,1.0,0.994
2023-03-07,566,3,Millstone 3,1.0,0.994
2023-03-08,566,3,Millstone 3,1.0,0.994
2023-03-09,566,3,Millstone 3,1.0,0.994
2023-03-10,566,3,Millstone 3,1.0,0.994
2023-03-11,566,3,Millstone 3,1.0,0.994
2023-03-12,566,3,Millstone 3,1.0,0.994
2023-03-13,566,3,Millstone 3,1.0,0.994
2023-03-14,566,3,Millstone 3,1.0,0.994
2023-03-15,566,3,Millstone 3,1.0,0.994
2023-03-16,566,3,Millstone 3,1.0,0.994
2023-03-17,566,3,Millstone 3,1.0,0.994
2023-03-18,566,3,Millstone 3,1.0,0.994
2023-03-19,566,3,Millstone 3,1.0,0.994
2023-03-20,566,3,Millstone 3,1.0,0.994
2023-03-21,566,3,Millstone 3,1.0,0.994
2023-03-22,566,3,Millstone 3,1.0,0.994
2023-03-23,566,3,Millstone 3,1.0,0.994
2023-03-24,566,3,Millstone 3,1.0,0.994
2023-03-25,566,3,Millstone 3,1.0,0.994
2023-03-26,566,3,Millstone 3,1.0,0.994
2023-03-27,566,3,Millstone 3,1.0,0.994
2023-03-28,566,3,Millstone 3,1.0,0.994
2023-03-29,566,3,Millstone 3,1.0,0.994
2023-03-30,566,3,Millstone 3,1.0,0.994
2023-03-31,566,3,Millstone 3,1.0,0.994
2023-04-01,566,3,Millstone 3,1.0,0.983
2023-04-02,566,3,Millstone 3,1.0,0.983
2023-04-03,566,3,Millstone 3,1.0,0.983
2023-04-04,566,3,Millstone 3,1.0,0.983
2023-04-05,566,3,Millstone 3,1.0,0.983
2023-04-06,566,3,Millstone 3,1.0,0.983
2023-04-07,566,3,Millstone 3,1.0,0.983
2023-04-08,566,3,Millstone 3,1.0,0.983
2023-04-09,566,3,Millstone 3,1.0,0.983
2023-04-10,566,3,Millstone 3,1.0,0.983
2023-04-11,566,3,Millstone 3,1.0,0.983
2023-04-12,566,3,Millstone 3,1.0,0.983
2023-04-13,566,3,Millstone 3,1.0,0.983
2023-04-14,566,3,Millstone 3,1.0,0.983
2023-04-15,566,3,Millstone 3,1.0,0.983
2023-04-16,566,3,Millstone 3,1.0,0.983
2023-04-17,566,3,Millstone 3,1.0,0.983
2023-04-18,566,3,Millstone 3,1.0,0.983
2023-04-19,566,3,Millstone 3,1.0,0.983
2023-04-20,566,3,Millstone 3,1.0,0.983
2023-04-21,566,3,Millstone 3,1.0,0.983
2023-04-22,566,3,Millstone 3,1.0,0.983
2023-04-23,566,3,Millstone 3,1.0,0.983
2023-04-24,566,3,Millstone 3,1.0,0.983
2023-04-25,566,3,Millstone 3,1.0,0.983
2023-04-26,566,3,Millstone 3,1.0,0.983
2023-04-27,566,3,Millstone 3,1.0,0.983
2023-04-28,566,3,Millstone 3,1.0,0.983
2023-04-29,566,3,Millstone 3,1.0,0.983
2023-04-30,566,3,Millstone 3,1.0,0.983
2023-05-01,566,3,Millstone 3,1.0,0.9918
2023-05-02,566,3,Millstone 3,1.0,0.9918
2023-05-03,566,3,Millstone 3,1.0,0.9918
2023-05-04,566,3,Millstone 3,1.0,0.9918
2023-05-05,566,3,Millstone 3,1.0,0.9918
2023-05-06,566,3,Millstone 3,1.0,0.9918
2023-05-07,566,3,Millstone 3,1.0,0.9918
2023-05-08,566,3,Millstone 3,1.0,0.9918
2023-05-09,566,3,Millstone 3,1.0,0.9918
2023-05-10,566,3,Millstone 3,1.0,0.9918
2023-05-11,566,3,Millstone 3,1.0,0.9918
2023-05-12,566,3,Millstone 3,1.0,0.9918
2023-05-13,566,3,Millstone 3,1.0,0.9918
2023-05-14,566,3,Millstone 3,1.0,0.9918
2023-05-15,566,3,Millstone 3,1.0,0.9918
2023-05-16,566,3,Millstone 3,1.0,0.9918
2023-05-17,566,3,Millstone 3,1.0,0.9918
2023-05-18,566,3,Millstone 3,0.92,0.9124
2023-05-19,566,3,Millstone 3,1.0,0.9918
2023-05-20,566,3,Millstone 3,1.0,0.9918
2023-05-21,566,3,Millstone 3,1.0,0.9918
2023-05-22,566,3,Millstone 3,1.0,0.9918
2023-05-23,566,3,Millstone 3,1.0,0.9918
2023-05-24,566,3,Millstone 3,1.0,0.9918
2023-05-25,566,3,Millstone 3,1.0,0.9918
2023-05-26,566,3,Millstone 3,1.0,0.9918
2023-05-27,566,3,Millstone 3,1.0,0.9918
2023-05-28,566,3,Millstone 3,1.0,0.9918
2023-05-29,566,3,Millstone 3,1.0,0.9918
2023-05-30,566,3,Millstone 3,1.0,0.9918
2023-05-31,566,3,Millstone 3,0.0,0.0
2023-06-01,566,3,Millstone 3,0.0,0.0
2023-06-02,566,3,Millstone 3,0.0,0.0
2023-06-03,566,3,Millstone 3,0.0,0.0
2023-06-04,566,3,Millstone 3,0.0,0.0
2023-06-05,566,3,Millstone 3,0.0,0.0
2023-06-06,566,3,Millstone 3,0.0,0.0
2023-06-07,566,3,Millstone 3,0.0,0.0
2023-06-08,566,3,Millstone 3,0.0,0.0
2023-06-09,566,3,Millstone 3,0.0,0.0
2023-06-10,566,3,Millstone 3,0.0,0.0
2023-06-11,566,3,Millstone 3,0.0,0.0
2023-06-12,566,3,Millstone 3,0.0,0.0
2023-06-13,566,3,Millstone 3,0.0,0.0
2023-06-14,566,3,Millstone 3,0.0,0.0
2023-06-15,566,3,Millstone 3,0.0,0.0
2023-06-16,566,3,Millstone 3,0.0,0.0
2023-06-17,566,3,Millstone 3,0.0,0.0
2023-06-18,566,3,Millstone 3,0.0,0.0
2023-06-19,566,3,Millstone 3,0.0,0.0
2023-06-20,566,3,Millstone 3,0.0,0.0
2023-06-21,566,3,Millstone 3,0.0,0.0
2023-06-22,566,3,Millstone 3,0.0,0.0
2023-06-23,566,3,Millstone 3,0.0,0.0
2023-06-24,566,3,Millstone 3,0.0,0.0
2023-06-25,566,3,Millstone 3,0.0,0.0
2023-06-26,566,3,Millstone 3,0.0,0.0
2023-06-27,566,3,Millstone 3,0.0,0.0
2023-06-28,566,3,Millstone 3,0.0,0.0
2023-06-29,566,3,Millstone 3,0.18,0.18
2023-06-30,566,3,Millstone 3,0.72,0.72
2023-07-01,566,3,Millstone 3,0.74,0.74
2023-07-02,566,3,Millstone 3,0.83,0.83
2023-07-03,566,3,Millstone 3,1.0,0.9818
2023-07-04,566,3,Millstone 3,1.0,0.9818
2023-07-05,566,3,Millstone 3,1.0,0.9818
2023-07-06,566,3,Millstone 3,1.0,0.9818
2023-07-07,566,3,Millstone 3,1.0,0.9818
2023-07-08,566,3,Millstone 3,1.0,0.9818
2023-07-09,566,3,Millstone 3,1.0,0.9818
2023-07-10,566,3,Millstone 3,1.0,0.9818
2023-07-11,566,3,Millstone 3,1.0,0.9818
2023-07-12,566,3,Millstone 3,1.0,0.9818
2023-07-13,566,3,Millstone 3,1.0,0.9818
2023-07-14,566,3,Millstone 3,1.0,0.9818
2023-07-15,566,3,Millstone 3,1.0,0.9818
2023-07-16,566,3,Millstone 3,1.0,0.9818
2023-07-17,566,3,Millstone 3,1.0,0.9818
2023-07-18,566,3,Millstone 3,1.0,0.9818
2023-07-19,566,3,Millstone 3,1.0,0.9818
2023-07-20,566,3,Millstone 3,1.0,0.9818
2023-07-21,566,3,Millstone 3,1.0,0.9818
2023-07-22,566,3,Millstone 3,1.0,0.9818
2023-07-23,566,3,Millstone 3,1.0,0.9818
2023-07-24,566,3,Millstone 3,1.0,0.9818
2023-07-25,566,3,Millstone 3,1.0,0.9818
2023-07-26,566,3,Millstone 3,1.0,0.9818
2023-07-27,566,3,Millstone 3,1.0,0.9818
2023-07-28,566,3,Millstone 3,1.0,0.9818
2023-07-29,566,3,Millstone 3,1.0,0.9818
2023-07-30,566,3,Millstone 3,1.0,0.9818
2023-07-31,566,3,Millstone 3,1.0,0.9818
2023-08-01,566,3,Millstone 3,1.0,0.9919
2023-08-02,566,3,Millstone 3,1.0,0.9919
2023-08-03,566,3,Millstone 3,1.0,0.9919
2023-08-04,566,3,Millstone 3,1.0,0.9919
2023-08-05,566,3,Millstone 3,1.0,0.9919
2023-08-06,566,3,Millstone 3,1.0,0.9919
2023-08-07,566,3,Millstone 3,1.0,0.9919
2023-08-08,566,3,Millstone 3,1.0,0.9919
2023-08-09,566,3,Millstone 3,1.0,0.9919
2023-08-10,566,3,Millstone 3,1.0,0.9919
2023-08-11,566,3,Millstone 3,1.0,0.9919
2023-08-12,566,3,Millstone 3,1.0,0.9919
2023-08-13,566,3,Millstone 3,1.0,0.9919
2023-08-14,566,3,Millstone 3,1.0,0.9919
2023-08-15,566,3,Millstone 3,1.0,0.9919
2023-08-16,566,3,Millstone 3,1.0,0.9919
2023-08-17,566,3,Millstone 3,1.0,0.9919
2023-08-18,566,3,Millstone 3,1.0,0.9919
2023-08-19,566,3,Millstone 3,1.0,0.9919
2023-08-20,566,3,Millstone 3,1.0,0.9919
2023-08-21,566,3,Millstone 3,1.0,0.9919
2023-08-22,566,3,Millstone 3,1.0,0.9919
2023-08-23,566,3,Millstone 3,1.0,0.9919
2023-08-24,566,3,Millstone 3,1.0,0.9919
2023-08-25,566,3,Millstone 3,1.0,0.9919
2023-08-26,566,3,Millstone 3,1.0,0.9919
2023-08-27,566,3,Millstone 3,1.0,0.9919
2023-08-28,566,3,Millstone 3,1.0,0.9919
2023-08-29,566,3,Millstone 3,1.0,0.9919
2023-08-30,566,3,Millstone 3,1.0,0.9919
2023-08-31,566,3,Millstone 3,1.0,0.9919
2023-09-01,566,3,Millstone 3,0.92,0.8934
2023-09-02,566,3,Millstone 3,0.92,0.8934
2023-09-03,566,3,Millstone 3,0.8,0.8
2023-09-04,566,3,Millstone 3,0.8,0.8
2023-09-05,566,3,Millstone 3,0.8,0.8
2023-09-06,566,3,Millstone 3,0.8,0.8
2023-09-07,566,3,Millstone 3,0.8,0.8
2023-09-08,566,3,Millstone 3,0.98,0.9516
2023-09-09,566,3,Millstone 3,1.0,0.971
2023-09-10,566,3,Millstone 3,1.0,0.971
2023-09-11,566,3,Millstone 3,1.0,0.971
2023-09-12,566,3,Millstone 3,1.0,0.971
2023-09-13,566,3,Millstone 3,1.0,0.971
2023-09-14,566,3,Millstone 3,1.0,0.971
2023-09-15,566,3,Millstone 3,1.0,0.971
2023-09-16,566,3,Millstone 3,1.0,0.971
2023-09-17,566,3,Millstone 3,1.0,0.971
2023-09-18,566,3,Millstone 3,1.0,0.971
2023-09-19,566,3,Millstone 3,1.0,0.971
2023-09-20,566,3,Millstone 3,1.0,0.971
2023-09-21,566,3,Millstone 3,1.0,0.971
2023-09-22,566,3,Millstone 3,1.0,0.971
2023-09-23,566,3,Millstone 3,1.0,0.971
2023-09-24,566,3,Millstone 3,1.0,0.971
2023-09-25,566,3,Millstone 3,1.0,0.971
2023-09-26,566,3,Millstone 3,1.0,0.971
2023-09-27,566,3,Millstone 3,1.0,0.971
2023-09-28,566,3,Millstone 3,1.0,0.971
2023-09-29,566,3,Millstone 3,1.0,0.971
2023-09-30,566,3,Millstone 3,1.0,0.971
2023-10-01,566,3,Millstone 3,1.0,0.9927
2023-10-02,566,3,Millstone 3,1.0,0.9927
2023-10-03,566,3,Millstone 3,1.0,0.9927
2023-10-04,566,3,Millstone 3,1.0,0.9927
2023-10-05,566,3,Millstone 3,1.0,0.9927
2023-10-06,566,3,Millstone 3,1.0,0.9927
2023-10-07,566,3,Millstone 3,1.0,0.9927
2023-10-08,566,3,Millstone 3,1.0,0.9927
2023-10-09,566,3,Millstone 3,1.0,0.9927
2023-10-10,566,3,Millstone 3,1.0,0.9927
2023-10-11,566,3,Millstone 3,1.0,0.9927
2023-10-12,566,3,Millstone 3,1.0,0.9927
2023-10-13,566,3,Millstone 3,1.0,0.9927
2023-10-14,566,3,Millstone 3,1.0,0.9927
2023-10-15,566,3,Millstone 3,1.0,0.9927
2023-10-16,566,3,Millstone 3,1.0,0.9927
2023-10-17,566,3,Millstone 3,1.0,0.9927
2023-10-18,566,3,Millstone 3,1.0,0.9927
2023-10-19,566,3,Millstone 3,1.0,0.9927
2023-10-20,566,3,Millstone 3,0.0,0.0
2023-10-21,566,3,Millstone 3,0.0,0.0
2023-10-22,566,3,Millstone 3,0.0,0.0
2023-10-23,566,3,Millstone 3,0.0,0.0
2023-10-24,566,3,Millstone 3,0.0,0.0
2023-10-25,566,3,Millstone 3,0.0,0.0
2023-10-26,566,3,Millstone 3,0.0,0.0
2023-10-27,566,3,Millstone 3,0.0,0.0
2023-10-28,566,3,Millstone 3,0.0,0.0
2023-10-29,566,3,Millstone 3,0.0,0.0
2023-10-30,566,3,Millstone 3,0.0,0.0
2023-10-31,566,3,Millstone 3,0.0,0.0
2023-11-01,566,3,Millstone 3,0.0,0.0
2023-11-02,566,3,Millstone 3,0.0,0.0
2023-11-03,566,3,Millstone 3,0.0,0.0
2023-11-04,566,3,Millstone 3,0.0,0.0
2023-11-05,566,3,Millstone 3,0.0,0.0
2023-11-06,566,3,Millstone 3,0.0,0.0
2023-11-07,566,3,Millstone 3,0.0,0.0
2023-11-08,566,3,Millstone 3,0.0,0.0
2023-11-09,566,3,Millstone 3,0.0,0.0
2023-11-10,566,3,Millstone 3,0.0,0.0
2023-11-11,566,3,Millstone 3,0.0,0.0
2023-11-12,566,3,Millstone 3,0.0,0.0
2023-11-13,566,3,Millstone 3,0.0,0.0
2023-11-14,566,3,Millstone 3,0.0,0.0
2023-11-15,566,3,Millstone 3,0.0,0.0
2023-11-16,566,3,Millstone 3,0.0,0.0
2023-11-17,566,3,Millstone 3,0.0,0.0
2023-11-18,566,3,Millstone 3,0.0,0.0
2023-11-19,566,3,Millstone 3,0.0,0.0
2023-11-20,566,3,Millstone 3,0.0,0.0
2023-11-21,566,3,Millstone 3,0.0,0.0
2023-11-22,566,3,Millstone 3,0.0,0.0
2023-11-23,566,3,Millstone 3,0.0,0.0
2023-11-24,566,3,Millstone 3,0.0,0.0
2023-11-25,566,3,Millstone 3,0.0,0.0
2023-11-26,566,3,Millstone 3,0.0,0.0
2023-11-27,566,3,Millstone 3,0.0,0.0
2023-11-28,566,3,Millstone 3,0.0,0.0
2023-11-29,566,3,Millstone 3,0.0,0.0
2023-11-30,566,3,Millstone 3,0.0,0.0
2023-12-01,566,3,Millstone 3,0.01,0.01
2023-12-02,566,3,Millstone 3,0.41,0.41
2023-12-03,566,3,Millstone 3,0.0,0.0
2023-12-04,566,3,Millstone 3,0.0,0.0
2023-12-05,566,3,Millstone 3,0.0,0.0
2023-12-06,566,3,Millstone 3,0.0,0.0
2023-12-07,566,3,Millstone 3,0.0,0.0
2023-12-08,566,3,Millstone 3,0.0,0.0
2023-12-09,566,3,Millstone 3,0.17,0.17
2023-12-10,566,3,Millstone 3,0.46,0.46
2023-12-11,566,3,Millstone 3,0.7,0.7
2023-12-12,566,3,Millstone 3,0.83,0.83
2023-12-13,566,3,Millstone 3,0.98,0.9746
2023-12-14,566,3,Millstone 3,1.0,0.9945
2023-12-15,566,3,Millstone 3,1.0,0.9945
2023-12-16,566,3,Millstone 3,1.0,0.9945
2023-12-17,566,3,Millstone 3,1.0,0.9945
2023-12-18,566,3,Millstone 3,1.0,0.9945
2023-12-19,566,3,Millstone 3,0.57,0.57
2023-12-20,566,3,Millstone 3,0.61,0.61
2023-12-21,566,3,Millstone 3,0.93,0.9249
2023-12-22,566,3,Millstone 3,1.0,0.9945
2023-12-23,566,3,Millstone 3,0.85,0.85
2023-12-24,566,3,Millstone 3,1.0,0.9945
2023-12-25,566,3,Millstone 3,1.0,0.9945
2023-12-26,566,3,Millstone 3,1.0,0.9945
2023-12-27,566,3,Millstone 3,1.0,0.9945
2023-12-28,566,3,Millstone 3,1.0,0.9945
2023-12-29,566,3,Millstone 3,1.0,0.9945
2023-12-30,566,3,Millstone 3,1.0,0.9945
2023-12-31,566,3,Millstone 3,1.0,0.9945
2024-01-01,566,3,Millstone 3,1.0,1.0
2024-01-02,566,3,Millstone 3,1.0,1.0
2024-01-03,566,3,Millstone 3,1.0,1.0
2024-01-04,566,3,Millstone 3,1.0,1.0
2024-01-05,566,3,Millstone 3,1.0,1.0
2024-01-06,566,3,Millstone 3,1.0,1.0
2024-01-07,566,3,Millstone 3,1.0,1.0
2024-01-08,566,3,Millstone 3,1.0,1.0
2024-01-09,566,3,Millstone 3,0.0,0.0
2024-01-10,566,3,Millstone 3,0.0,0.0
2024-01-11,566,3,Millstone 3,0.0,0.0
2024-01-12,566,3,Millstone 3,0.0,0.0
2024-01-13,566,3,Millstone 3,0.0,0.0
2024-01-14,566,3,Millstone 3,0.0,0.0
2024-01-15,566,3,Millstone 3,0.0,0.0
2024-01-16,566,3,Millstone 3,0.0,0.0
2024-01-17,566,3,Millstone 3,0.0,0.0
2024-01-18,566,3,Millstone 3,0.16,0.16
2024-01-19,566,3,Millstone 3,0.8,0.8
2024-01-20,566,3,Millstone 3,1.0,1.0
2024-01-21,566,3,Millstone 3,1.0,1.0
2024-01-22,566,3,Millstone 3,1.0,1.0
2024-01-23,566,3,Millstone 3,1.0,1.0
2024-01-24,566,3,Millstone 3,1.0,1.0
2024-01-25,566,3,Millstone 3,1.0,1.0
2024-01-26,566,3,Millstone 3,1.0,1.0
2024-01-27,566,3,Millstone 3,1.0,1.0
2024-01-28,566,3,Millstone 3,1.0,1.0
2024-01-29,566,3,Millstone 3,1.0,1.0
2024-01-30,566,3,Millstone 3,1.0,1.0
2024-01-31,566,3,Millstone 3,1.0,1.0
2024-02-01,566,3,Millstone 3,1.0,1.0
2024-02-02,566,3,Millstone 3,1.0,1.0
2024-02-03,566,3,Millstone 3,1.0,1.0
2024-02-04,566,3,Millstone 3,1.0,1.0
2024-02-05,566,3,Millstone 3,1.0,1.0
2024-02-06,566,3,Millstone 3,1.0,1.0
2024-02-07,566,3,Millstone 3,1.0,1.0
2024-02-08,566,3,Millstone 3,1.0,1.0
2024-02-09,566,3,Millstone 3,1.0,1.0
2024-02-10,566,3,Millstone 3,1.0,1.0
2024-02-11,566,3,Millstone 3,1.0,1.0
2024-02-12,566,3,Millstone 3,1.0,1.0
2024-02-13,566,3,Millstone 3,1.0,1.0
2024-02-14,566,3,Millstone 3,0.91,1.0
2024-02-15,566,3,Millstone 3,1.0,1.0
2024-02-16,566,3,Millstone 3,1.0,1.0
2024-02-17,566,3,Millstone 3,1.0,1.0
2024-02-18,566,3,Millstone 3,1.0,1.0
2024-02-19,566,3,Millstone 3,1.0,1.0
2024-02-20,566,3,Millstone 3,1.0,1.0
2024-02-21,566,3,Millstone 3,1.0,1.0
2024-02-22,566,3,Millstone 3,1.0,1.0
2024-02-23,566,3,Millstone 3,1.0,1.0
2024-02-24,566,3,Millstone 3,1.0,1.0
2024-02-25,566,3,Millstone 3,1.0,1.0
2024-02-26,566,3,Millstone 3,1.0,1.0
2024-02-27,566,3,Millstone 3,1.0,1.0
2024-02-28,566,3,Millstone 3,1.0,1.0
2024-02-29,566,3,Millstone 3,1.0,1.0
2024-03-01,566,3,Millstone 3,1.0,1.0
2024-03-02,566,3,Millstone 3,1.0,1.0
2024-03-03,566,3,Millstone 3,1.0,1.0
2024-03-04,566,3,Millstone 3,1.0,1.0
2024-03-05,566,3,Millstone 3,1.0,1.0
2024-03-06,566,3,Millstone 3,1.0,1.0
2024-03-07,566,3,Millstone 3,1.0,1.0
2024-03-08,566,3,Millstone 3,1.0,1.0
2024-03-09,566,3,Millstone 3,1.0,1.0
2024-03-10,566,3,Millstone 3,1.0,1.0
2024-03-11,566,3,Millstone 3,1.0,1.0
2024-03-12,566,3,Millstone 3,1.0,1.0
2024-03-13,566,3,Millstone 3,1.0,1.0
2024-03-14,566,3,Millstone 3,1.0,1.0
2024-03-15,566,3,Millstone 3,1.0,1.0
2024-03-16,566,3,Millstone 3,1.0,1.0
2024-03-17,566,3,Millstone 3,1.0,1.0
2024-03-18,566,3,Millstone 3,1.0,1.0
2024-03-19,566,3,Millstone 3,1.0,1.0
2024-03-20,566,3,Millstone 3,1.0,1.0
2024-03-21,566,3,Millstone 3,1.0,1.0
2024-03-22,566,3,Millstone 3,1.0,1.0
2024-03-23,566,3,Millstone 3,1.0,1.0
2024-03-24,566,3,Millstone 3,1.0,1.0
2024-03-25,566,3,Millstone 3,1.0,1.0
2024-03-26,566,3,Millstone 3,1.0,1.0
2024-03-27,566,3,Millstone 3,1.0,1.0
2024-03-28,566,3,Millstone 3,1.0,1.0
2024-03-29,566,3,Millstone 3,1.0,1.0
2024-03-30,566,3,Millstone 3,1.0,1.0
2024-03-31,566,3,Millstone 3,1.0,1.0
2024-04-01,566,3,Millstone 3,1.0,1.0
2024-04-02,566,3,Millstone 3,1.0,1.0
2024-04-03,566,3,Millstone 3,1.0,1.0
2024-04-04,566,3,Millstone 3,1.0,1.0
2024-04-05,566,3,Millstone 3,1.0,1.0
2024-04-06,566,3,Millstone 3,1.0,1.0
2024-04-07,566,3,Millstone 3,1.0,1.0
2024-04-08,566,3,Millstone 3,1.0,1.0
2024-04-09,566,3,Millstone 3,1.0,1.0
2024-04-10,566,3,Millstone 3,1.0,1.0
2024-04-11,566,3,Millstone 3,1.0,1.0
2024-04-12,566,3,Millstone 3,1.0,1.0
2024-04-13,566,3,Millstone 3,1.0,1.0
2024-04-14,566,3,Millstone 3,1.0,1.0
2024-04-15,566,3,Millstone 3,1.0,1.0
2024-04-16,566,3,Millstone 3,1.0,1.0
2024-04-17,566,3,Millstone 3,1.0,1.0
2024-04-18,566,3,Millstone 3,1.0,1.0
2024-04-19,566,3,Millstone 3,1.0,1.0
2024-04-20,566,3,Millstone 3,1.0,1.0
2024-04-21,566,3,Millstone 3,1.0,1.0
2024-04-22,566,3,Millstone 3,1.0,1.0
2024-04-23,566,3,Millstone 3,1.0,1.0
2024-04-24,566,3,Millstone 3,1.0,1.0
2024-04-25,566,3,Millstone 3,1.0,1.0
2024-04-26,566,3,Millstone 3,1.0,1.0
2024-04-27,566,3,Millstone 3,1.0,1.0
2024-04-28,566,3,Millstone 3,1.0,1.0
2024-04-29,566,3,Millstone 3,1.0,1.0
2024-04-30,566,3,Millstone 3,1.0,1.0
2024-05-01,566,3,Millstone 3,1.0,1.0
2024-05-02,566,3,Millstone 3,1.0,1.0
2024-05-03,566,3,Millstone 3,1.0,1.0
2024-05-04,566,3,Millstone 3,1.0,1.0
2024-05-05,566,3,Millstone 3,1.0,1.0
2024-05-06,566,3,Millstone 3,1.0,1.0
2024-05-07,566,3,Millstone 3,1.0,1.0
2024-05-08,566,3,Millstone 3,1.0,1.0
2024-05-09,566,3,Millstone 3,1.0,1.0
2024-05-10,566,3,Millstone 3,1.0,1.0
2024-05-11,566,3,Millstone 3,1.0,1.0
2024-05-12,566,3,Millstone 3,1.0,1.0
2024-05-13,566,3,Millstone 3,1.0,1.0
2024-05-14,566,3,Millstone 3,1.0,1.0
2024-05-15,566,3,Millstone 3,1.0,1.0
2024-05-16,566,3,Millstone 3,1.0,1.0
2024-05-17,566,3,Millstone 3,1.0,1.0
2024-05-18,566,3,Millstone 3,0.95,1.0
2024-05-19,566,3,Millstone 3,0.92,1.0
2024-05-20,566,3,Millstone 3,0.95,1.0
2024-05-21,566,3,Millstone 3,1.0,1.0
2024-05-22,566,3,Millstone 3,1.0,1.0
2024-05-23,566,3,Millstone 3,1.0,1.0
2024-05-24,566,3,Millstone 3,1.0,1.0
2024-05-25,566,3,Millstone 3,1.0,1.0
2024-05-26,566,3,Millstone 3,1.0,1.0
2024-05-27,566,3,Millstone 3,1.0,1.0
2024-05-28,566,3,Millstone 3,1.0,1.0
2024-05-29,566,3,Millstone 3,1.0,1.0
2024-05-30,566,3,Millstone 3,1.0,1.0
2024-05-31,566,3,Millstone 3,1.0,1.0
2024-06-01,566,3,Millstone 3,1.0,1.0
2024-06-02,566,3,Millstone 3,1.0,1.0
2024-06-03,566,3,Millstone 3,1.0,1.0
2024-06-04,566,3,Millstone 3,1.0,1.0
2024-06-05,566,3,Millstone 3,1.0,1.0
2024-06-06,566,3,Millstone 3,1.0,1.0
2024-06-07,566,3,Millstone 3,1.0,1.0
2024-06-08,566,3,Millstone 3,1.0,1.0
2024-06-09,566,3,Millstone 3,1.0,1.0
2024-06-10,566,3,Millstone 3,1.0,1.0
2024-06-11,566,3,Millstone 3,1.0,1.0
2024-06-12,566,3,Millstone 3,1.0,1.0
2024-06-13,566,3,Millstone 3,1.0,1.0
2024-06-14,566,3,Millstone 3,1.0,1.0
2024-06-15,566,3,Millstone 3,1.0,1.0
2024-06-16,566,3,Millstone 3,1.0,1.0
2024-06-17,566,3,Millstone 3,1.0,1.0
2024-06-18,566,3,Millstone 3,1.0,1.0
2024-06-19,566,3,Millstone 3,1.0,1.0
2024-06-20,566,3,Millstone 3,1.0,1.0
2024-06-21,566,3,Millstone 3,1.0,1.0
2024-06-22,566,3,Millstone 3,1.0,1.0
2024-06-23,566,3,Millstone 3,1.0,1.0
2024-06-24,566,3,Millstone 3,1.0,1.0
2024-06-25,566,3,Millstone 3,1.0,1.0
2024-06-26,566,3,Millstone 3,1.0,1.0
2024-06-27,566,3,Millstone 3,1.0,1.0
2024-06-28,566,3,Millstone 3,1.0,1.0
2024-06-29,566,3,Millstone 3,1.0,1.0
2024-06-30,566,3,Millstone 3,1.0,1.0
2024-07-01,566,3,Millstone 3,1.0,0.99
2024-07-02,566,3,Millstone 3,1.0,0.99
2024-07-03,566,3,Millstone 3,1.0,0.99
2024-07-04,566,3,Millstone 3,1.0,0.99
2024-07-05,566,3,Millstone 3,1.0,0.99
2024-07-06,566,3,Millstone 3,1.0,0.99
2024-07-07,566,3,Millstone 3,1.0,0.99
2024-07-08,566,3,Millstone 3,1.0,0.99
2024-07-09,566,3,Millstone 3,1.0,0.99
2024-07-10,566,3,Millstone 3,1.0,0.99
2024-07-11,566,3,Millstone 3,1.0,0.99
2024-07-12,566,3,Millstone 3,1.0,0.99
2024-07-13,566,3,Millstone 3,1.0,0.99
2024-07-14,566,3,Millstone 3,1.0,0.99
2024-07-15,566,3,Millstone 3,1.0,0.99
2024-07-16,566,3,Millstone 3,1.0,0.99
2024-07-17,566,3,Millstone 3,1.0,0.99
2024-07-18,566,3,Millstone 3,1.0,0.99
2024-07-19,566,3,Millstone 3,1.0,0.99
2024-07-20,566,3,Millstone 3,1.0,0.99
2024-07-21,566,3,Millstone 3,1.0,0.99
2024-07-22,566,3,Millstone 3,1.0,0.99
2024-07-23,566,3,Millstone 3,1.0,0.99
2024-07-24,566,3,Millstone 3,1.0,0.99
2024-07-25,566,3,Millstone 3,1.0,0.99
2024-07-26,566,3,Millstone 3,1.0,0.99
2024-07-27,566,3,Millstone 3,1.0,0.99
2024-07-28,566,3,Millstone 3,1.0,0.99
2024-07-29,566,3,Millstone 3,1.0,0.99
2024-07-30,566,3,Millstone 3,1.0,0.99
2024-07-31,566,3,Millstone 3,1.0,0.99
2024-08-01,566,3,Millstone 3,1.0,0.9876
2024-08-02,566,3,Millstone 3,1.0,0.9876
2024-08-03,566,3,Millstone 3,1.0,0.9876
2024-08-04,566,3,Millstone 3,1.0,0.9876
2024-08-05,566,3,Millstone 3,1.0,0.9876
2024-08-06,566,3,Millstone 3,1.0,0.9876
2024-08-07,566,3,Millstone 3,1.0,0.9876
2024-08-08,566,3,Millstone 3,1.0,0.9876
2024-08-09,566,3,Millstone 3,1.0,0.9876
2024-08-10,566,3,Millstone 3,1.0,0.9876
2024-08-11,566,3,Millstone 3,1.0,0.9876
2024-08-12,566,3,Millstone 3,1.0,0.9876
2024-08-13,566,3,Millstone 3,1.0,0.9876
2024-08-14,566,3,Millstone 3,1.0,0.9876
2024-08-15,566,3,Millstone 3,1.0,0.9876
2024-08-16,566,3,Millstone 3,1.0,0.9876
2024-08-17,566,3,Millstone 3,1.0,0.9876
2024-08-18,566,3,Millstone 3,1.0,0.9876
2024-08-19,566,3,Millstone 3,1.0,0.9876
2024-08-20,566,3,Millstone 3,1.0,0.9876
2024-08-21,566,3,Millstone 3,1.0,0.9876
2024-08-22,566,3,Millstone 3,1.0,0.9876
2024-08-23,566,3,Millstone 3,1.0,0.9876
2024-08-24,566,3,Millstone 3,1.0,0.9876
2024-08-25,566,3,Millstone 3,1.0,0.9876
2024-08-26,566,3,Millstone 3,1.0,0.9876
2024-08-27,566,3,Millstone 3,1.0,0.9876
2024-08-28,566,3,Millstone 3,1.0,0.9876
2024-08-29,566,3,Millstone 3,0.91,0.8987
2024-08-30,566,3,Millstone 3,0.91,0.8987
2024-08-31,566,3,Millstone 3,0.91,0.8987
2024-09-01,566,3,Millstone 3,1.0,0.9795
2024-09-02,566,3,Millstone 3,1.0,0.9795
2024-09-03,566,3,Millstone 3,1.0,0.9795
2024-09-04,566,3,Millstone 3,0.0,0.0
2024-09-05,566,3,Millstone 3,0.0,0.0
2024-09-06,566,3,Millstone 3,0.0,0.0
2024-09-07,566,3,Millstone 3,0.0,0.0
2024-09-08,566,3,Millstone 3,0.0,0.0
2024-09-09,566,3,Millstone 3,0.0,0.0
2024-09-10,566,3,Millstone 3,0.0,0.0
2024-09-11,566,3,Millstone 3,0.0,0.0
2024-09-12,566,3,Millstone 3,0.0,0.0
2024-09-13,566,3,Millstone 3,0.0,0.0
2024-09-14,566,3,Millstone 3,0.0,0.0
2024-09-15,566,3,Millstone 3,0.0,0.0
2024-09-16,566,3,Millstone 3,0.0,0.0
2024-09-17,566,3,Millstone 3,0.25,0.25
2024-09-18,566,3,Millstone 3,0.74,0.74
2024-09-19,566,3,Millstone 3,1.0,0.9795
2024-09-20,566,3,Millstone 3,1.0,0.9795
2024-09-21,566,3,Millstone 3,1.0,0.9795
2024-09-22,566,3,Millstone 3,1.0,0.9795
2024-09-23,566,3,Millstone 3,1.0,0.9795
2024-09-24,566,3,Millstone 3,1.0,0.9795
2024-09-25,566,3,Millstone 3,1.0,0.9795
2024-09-26,566,3,Millstone 3,1.0,0.9795
2024-09-27,566,3,Millstone 3,1.0,0.9795
2024-09-28,566,3,Millstone 3,1.0,0.9795
2024-09-29,566,3,Millstone 3,1.0,0.9795
2024-09-30,566,3,Millstone 3,1.0,0.9795
2024-10-01,566,3,Millstone 3,1.0,0.9926
2024-10-02,566,3,Millstone 3,1.0,0.9926
2024-10-03,566,3,Millstone 3,1.0,0.9926
2024-10-04,566,3,Millstone 3,1.0,0.9926
2024-10-05,566,3,Millstone 3,1.0,0.9926
2024-10-06,566,3,Millstone 3,1.0,0.9926
2024-10-07,566,3,Millstone 3,1.0,0.9926
2024-10-08,566,3,Millstone 3,1.0,0.9926
2024-10-09,566,3,Millstone 3,1.0,0.9926
2024-10-10,566,3,Millstone 3,1.0,0.9926
2024-10-11,566,3,Millstone 3,1.0,0.9926
2024-10-12,566,3,Millstone 3,1.0,0.9926
2024-10-13,566,3,Millstone 3,1.0,0.9926
2024-10-14,566,3,Millstone 3,1.0,0.9926
2024-10-15,566,3,Millstone 3,1.0,0.9926
2024-10-16,566,3,Millstone 3,1.0,0.9926
2024-10-17,566,3,Millstone 3,1.0,0.9926
2024-10-18,566,3,Millstone 3,1.0,0.9926
2024-10-19,566,3,Millstone 3,1.0,0.9926
2024-10-20,566,3,Millstone 3,1.0,0.9926
2024-10-21,566,3,Millstone 3,1.0,0.9926
2024-10-22,566,3,Millstone 3,1.0,0.9926
2024-10-23,566,3,Millstone 3,1.0,0.9926
2024-10-24,566,3,Millstone 3,1.0,0.9926
2024-10-25,566,3,Millstone 3,1.0,0.9926
2024-10-26,566,3,Millstone 3,1.0,0.9926
2024-10-27,566,3,Millstone 3,1.0,0.9926
2024-10-28,566,3,Millstone 3,1.0,0.9926
2024-10-29,566,3,Millstone 3,1.0,0.9926
2024-10-30,566,3,Millstone 3,1.0,0.9926
2024-10-31,566,3,Millstone 3,1.0,0.9926
2024-11-01,566,3,Millstone 3,1.0,0.9941
2024-11-02,566,3,Millstone 3,1.0,0.9941
2024-11-03,566,3,Millstone 3,1.0,0.9941
2024-11-04,566,3,Millstone 3,1.0,0.9941
2024-11-05,566,3,Millstone 3,1.0,0.9941
2024-11-06,566,3,Millstone 3,1.0,0.9941
2024-11-07,566,3,Millstone 3,1.0,0.9941
2024-11-08,566,3,Millstone 3,1.0,0.9941
2024-11-09,566,3,Millstone 3,1.0,0.9941
2024-11-10,566,3,Millstone 3,1.0,0.9941
2024-11-11,566,3,Millstone 3,1.0,0.9941
2024-11-12,566,3,Millstone 3,1.0,0.9941
2024-11-13,566,3,Millstone 3,1.0,0.9941
2024-11-14,566,3,Millstone 3,1.0,0.9941
2024-11-15,566,3,Millstone 3,1.0,0.9941
2024-11-16,566,3,Millstone 3,1.0,0.9941
2024-11-17,566,3,Millstone 3,1.0,0.9941
2024-11-18,566,3,Millstone 3,1.0,0.9941
2024-11-19,566,3,Millstone 3,1.0,0.9941
2024-11-20,566,3,Millstone 3,1.0,0.9941
2024-11-21,566,3,Millstone 3,1.0,0.9941
2024-11-22,566,3,Millstone 3,1.0,0.9941
2024-11-23,566,3,Millstone 3,1.0,0.9941
2024-11-24,566,3,Millstone 3,1.0,0.9941
2024-11-25,566,3,Millstone 3,1.0,0.9941
2024-11-26,566,3,Millstone 3,1.0,0.9941
2024-11-27,566,3,Millstone 3,1.0,0.9941
2024-11-28,566,3,Millstone 3,1.0,0.9941
2024-11-29,566,3,Millstone 3,1.0,0.9941
2024-11-30,566,3,Millstone 3,1.0,0.9941
2024-12-01,566,3,Millstone 3,1.0,1.0
2024-12-02,566,3,Millstone 3,1.0,1.0
2024-12-03,566,3,Millstone 3,1.0,1.0
2024-12-04,566,3,Millstone 3,1.0,1.0
2024-12-05,566,3,Millstone 3,1.0,1.0
2024-12-06,566,3,Millstone 3,1.0,1.0
2024-12-07,566,3,Millstone 3,1.0,1.0
2024-12-08,566,3,Millstone 3,1.0,1.0
2024-12-09,566,3,Millstone 3,1.0,1.0
2024-12-10,566,3,Millstone 3,1.0,1.0
2024-12-11,566,3,Millstone 3,1.0,1.0
2024-12-12,566,3,Millstone 3,1.0,1.0
2024-12-13,566,3,Millstone 3,1.0,1.0
2024-12-14,566,3,Millstone 3,0.92,0.9392
2024-12-15,566,3,Millstone 3,0.92,0.9392
2024-12-16,566,3,Millstone 3,1.0,1.0
2024-12-17,566,3,Millstone 3,1.0,1.0
2024-12-18,566,3,Millstone 3,1.0,1.0
2024-12-19,566,3,Millstone 3,1.0,1.0
2024-12-20,566,3,Millstone 3,1.0,1.0
2024-12-21,566,3,Millstone 3,1.0,1.0
2024-12-22,566,3,Millstone 3,1.0,1.0
2024-12-23,566,3,Millstone 3,1.0,1.0
2024-12-24,566,3,Millstone 3,0.91,0.9289
2024-12-25,566,3,Millstone 3,1.0,1.0
2024-12-26,566,3,Millstone 3,1.0,1.0
2024-12-27,566,3,Millstone 3,1.0,1.0
2024-12-28,566,3,Millstone 3,1.0,1.0
2024-12-29,566,3,Millstone 3,1.0,1.0
2024-12-30,566,3,Millstone 3,1.0,1.0
2024-12-31,566,3,Millstone 3,1.0,1.0
2025-01-01,566,3,Millstone 3,1.0,1.0
2025-01-02,566,3,Millstone 3,1.0,1.0
2025-01-03,566,3,Millstone 3,1.0,1.0
2025-01-04,566,3,Millstone 3,1.0,1.0
2025-01-05,566,3,Millstone 3,1.0,1.0
2025-01-06,566,3,Millstone 3,1.0,1.0
2025-01-07,566,3,Millstone 3,1.0,1.0
2025-01-08,566,3,Millstone 3,1.0,1.0
2025-01-09,566,3,Millstone 3,1.0,1.0
2025-01-10,566,3,Millstone 3,1.0,1.0
2025-01-11,566,3,Millstone 3,1.0,1.0
2025-01-12,566,3,Millstone 3,1.0,1.0
2025-01-13,566,3,Millstone 3,1.0,1.0
2025-01-14,566,3,Millstone 3,1.0,1.0
2025-01-15,566,3,Millstone 3,1.0,1.0
2025-01-16,566,3,Millstone 3,1.0,1.0
2025-01-17,566,3,Millstone 3,1.0,1.0
2025-01-18,566,3,Millstone 3,1.0,1.0
2025-01-19,566,3,Millstone 3,1.0,1.0
2025-01-20,566,3,Millstone 3,1.0,1.0
2025-01-21,566,3,Millstone 3,1.0,1.0
2025-01-22,566,3,Millstone 3,1.0,1.0
2025-01-23,566,3,Millstone 3,1.0,1.0
2025-01-24,566,3,Millstone 3,1.0,1.0
2025-01-25,566,3,Millstone 3,1.0,1.0
2025-01-26,566,3,Millstone 3,1.0,1.0
2025-01-27,566,3,Millstone 3,1.0,1.0
2025-01-28,566,3,Millstone 3,1.0,1.0
2025-01-29,566,3,Millstone 3,1.0,1.0
2025-01-30,566,3,Millstone 3,1.0,1.0
2025-01-31,566,3,Millstone 3,1.0,1.0
2025-02-01,566,3,Millstone 3,1.0,1.0
2025-02-02,566,3,Millstone 3,1.0,1.0
2025-02-03,566,3,Millstone 3,1.0,1.0
2025-02-04,566,3,Millstone 3,1.0,1.0
2025-02-05,566,3,Millstone 3,1.0,1.0
2025-02-06,566,3,Millstone 3,1.0,1.0
2025-02-07,566,3,Millstone 3,1.0,1.0
2025-02-08,566,3,Millstone 3,1.0,1.0
2025-02-09,566,3,Millstone 3,1.0,1.0
2025-02-10,566,3,Millstone 3,1.0,1.0
2025-02-11,566,3,Millstone 3,1.0,1.0
2025-02-12,566,3,Millstone 3,1.0,1.0
2025-02-13,566,3,Millstone 3,1.0,1.0
2025-02-14,566,3,Millstone 3,1.0,1.0
2025-02-15,566,3,Millstone 3,1.0,1.0
2025-02-16,566,3,Millstone 3,1.0,1.0
2025-02-17,566,3,Millstone 3,1.0,1.0
2025-02-18,566,3,Millstone 3,1.0,1.0
2025-02-19,566,3,Millstone 3,1.0,1.0
2025-02-20,566,3,Millstone 3,1.0,1.0
2025-02-21,566,3,Millstone 3,1.0,1.0
2025-02-22,566,3,Millstone 3,1.0,1.0
2025-02-23,566,3,Millstone 3,1.0,1.0
2025-02-24,566,3,Millstone 3,1.0,1.0
2025-02-25,566,3,Millstone 3,1.0,1.0
2025-02-26,566,3,Millstone 3,1.0,1.0
2025-02-27,566,3,Millstone 3,1.0,1.0
2025-02-28,566,3,Millstone 3,1.0,1.0
2025-03-01,566,3,Millstone 3,1.0,1.0
2025-03-02,566,3,Millstone 3,1.0,1.0
2025-03-03,566,3,Millstone 3,1.0,1.0
2025-03-04,566,3,Millstone 3,1.0,1.0
2025-03-05,566,3,Millstone 3,1.0,1.0
2025-03-06,566,3,Millstone 3,1.0,1.0
2025-03-07,566,3,Millstone 3,1.0,1.0
2025-03-08,566,3,Millstone 3,1.0,1.0
2025-03-09,566,3,Millstone 3,1.0,1.0
2025-03-10,566,3,Millstone 3,1.0,1.0
2025-03-11,566,3,Millstone 3,1.0,1.0
2025-03-12,566,3,Millstone 3,1.0,1.0
2025-03-13,566,3,Millstone 3,1.0,1.0
2025-03-14,566,3,Millstone 3,1.0,1.0
2025-03-15,566,3,Millstone 3,1.0,1.0
2025-03-16,566,3,Millstone 3,1.0,1.0
2025-03-17,566,3,Millstone 3,1.0,1.0
2025-03-18,566,3,Millstone 3,1.0,1.0
2025-03-19,566,3,Millstone 3,1.0,1.0
2025-03-20,566,3,Millstone 3,1.0,1.0
2025-03-21,566,3,Millstone 3,1.0,1.0
2025-03-22,566,3,Millstone 3,1.0,1.0
2025-03-23,566,3,Millstone 3,1.0,1.0
2025-03-24,566,3,Millstone 3,1.0,1.0
2025-03-25,566,3,Millstone 3,1.0,1.0
2025-03-26,566,3,Millstone 3,1.0,1.0
2025-03-27,566,3,Millstone 3,1.0,1.0
2025-03-28,566,3,Millstone 3,1.0,1.0
2025-03-29,566,3,Millstone 3,1.0,1.0
2025-03-30,566,3,Millstone 3,1.0,1.0
2025-03-31,566,3,Millstone 3,1.0,1.0
2025-04-01,566,3,Millstone 3,1.0,0.9965
2025-04-02,566,3,Millstone 3,1.0,0.9965
2025-04-03,566,3,Millstone 3,1.0,0.9965
2025-04-04,566,3,Millstone 3,1.0,0.9965
2025-04-05,566,3,Millstone 3,1.0,0.9965
2025-04-06,566,3,Millstone 3,1.0,0.9965
2025-04-07,566,3,Millstone 3,1.0,0.9965
2025-04-08,566,3,Millstone 3,1.0,0.9965
2025-04-09,566,3,Millstone 3,1.0,0.9965
2025-04-10,566,3,Millstone 3,1.0,0.9965
2025-04-11,566,3,Millstone 3,0.0,0.0
2025-04-12,566,3,Millstone 3,0.0,0.0
2025-04-13,566,3,Millstone 3,0.0,0.0
2025-04-14,566,3,Millstone 3,0.0,0.0
2025-04-15,566,3,Millstone 3,0.0,0.0
2025-04-16,566,3,Millstone 3,0.0,0.0
2025-04-17,566,3,Millstone 3,0.0,0.0
2025-04-18,566,3,Millstone 3,0.0,0.0
2025-04-19,566,3,Millstone 3,0.0,0.0
2025-04-20,566,3,Millstone 3,0.0,0.0
2025-04-21,566,3,Millstone 3,0.0,0.0
2025-04-22,566,3,Millstone 3,0.0,0.0
2025-04-23,566,3,Millstone 3,0.0,0.0
2025-04-24,566,3,Millstone 3,0.0,0.0
2025-04-25,566,3,Millstone 3,0.0,0.0
2025-04-26,566,3,Millstone 3,0.0,0.0
2025-04-27,566,3,Millstone 3,0.0,0.0
2025-04-28,566,3,Millstone 3,0.0,0.0
2025-04-29,566,3,Millstone 3,0.0,0.0
2025-04-30,566,3,Millstone 3,0.0,0.0
2025-05-01,566,3,Millstone 3,0.0,0.0
2025-05-02,566,3,Millstone 3,0.0,0.0
2025-05-03,566,3,Millstone 3,0.0,0.0
2025-05-04,566,3,Millstone 3,0.0,0.0
2025-05-05,566,3,Millstone 3,0.0,0.0
2025-05-06,566,3,Millstone 3,0.0,0.0
2025-05-07,566,3,Millstone 3,0.0,0.0
2025-05-08,566,3,Millstone 3,0.0,0.0
2025-05-09,566,3,Millstone 3,0.0,0.0
2025-05-10,566,3,Millstone 3,0.0,0.0
2025-05-11,566,3,Millstone 3,0.0,0.0
2025-05-12,566,3,Millstone 3,0.0,0.0
2025-05-13,566,3,Millstone 3,0.0,0.0
2025-05-14,566,3,Millstone 3,0.0,0.0
2025-05-15,566,3,Millstone 3,0.0,0.0
2025-05-16,566,3,Millstone 3,0.0,0.0
2025-05-17,566,3,Millstone 3,0.0,0.0
2025-05-18,566,3,Millstone 3,0.01,0.01
2025-05-19,566,3,Millstone 3,0.28,0.28
2025-05-20,566,3,Millstone 3,0.75,0.75
2025-05-21,566,3,Millstone 3,0.9,0.8978
2025-05-22,566,3,Millstone 3,1.0,0.9975
2025-05-23,566,3,Millstone 3,1.0,0.9975
2025-05-24,566,3,Millstone 3,1.0,0.9975
2025-05-25,566,3,Millstone 3,1.0,0.9975
2025-05-26,566,3,Millstone 3,1.0,0.9975
2025-05-27,566,3,Millstone 3,1.0,0.9975
2025-05-28,566,3,Millstone 3,1.0,0.9975
2025-05-29,566,3,Millstone 3,1.0,0.9975
2025-05-30,566,3,Millstone 3,1.0,0.9975
2025-05-31,566,3,Millstone 3,1.0,0.9975
2025-06-01,566,3,Millstone 3,1.0,1.0
2025-06-02,566,3,Millstone 3,1.0,1.0
2025-06-03,566,3,Millstone 3,1.0,1.0
2025-06-04,566,3,Millstone 3,1.0,1.0
2025-06-05,566,3,Millstone 3,1.0,1.0
2025-06-06,566,3,Millstone 3,1.0,1.0
2025-06-07,566,3,Millstone 3,1.0,1.0
2025-06-08,566,3,Millstone 3,1.0,1.0
2025-06-09,566,3,Millstone 3,1.0,1.0
2025-06-10,566,3,Millstone 3,1.0,1.0
2025-06-11,566,3,Millstone 3,1.0,1.0
2025-06-12,566,3,Millstone 3,1.0,1.0
2025-06-13,566,3,Millstone 3,1.0,1.0
2025-06-14,566,3,Millstone 3,1.0,1.0
2025-06-15,566,3,Millstone 3,1.0,1.0
2025-06-16,566,3,Millstone 3,1.0,1.0
2025-06-17,566,3,Millstone 3,1.0,1.0
2025-06-18,566,3,Millstone 3,1.0,1.0
2025-06-19,566,3,Millstone 3,1.0,1.0
2025-06-20,566,3,Millstone 3,1.0,1.0
2025-06-21,566,3,Millstone 3,1.0,1.0
2025-06-22,566,3,Millstone 3,1.0,1.0
2025-06-23,566,3,Millstone 3,1.0,1.0
2025-06-24,566,3,Millstone 3,1.0,1.0
2025-06-25,566,3,Millstone 3,1.0,1.0
2025-06-26,566,3,Millstone 3,1.0,1.0
2025-06-27,566,3,Millstone 3,1.0,1.0
2025-06-28,566,3,Millstone 3,1.0,1.0
2025-06-29,566,3,Millstone 3,1.0,1.0
2025-06-30,566,3,Millstone 3,1.0,1.0
2025-07-01,566,3,Millstone 3,1.0,0.99
2025-07-02,566,3,Millstone 3,1.0,0.99
2025-07-03,566,3,Millstone 3,1.0,0.99
2025-07-04,566,3,Millstone 3,1.0,0.99
2025-07-05,566,3,Millstone 3,1.0,0.99
2025-07-06,566,3,Millstone 3,1.0,0.99
2025-07-07,566,3,Millstone 3,1.0,0.99
2025-07-08,566,3,Millstone 3,1.0,0.99
2025-07-09,566,3,Millstone 3,1.0,0.99
2025-07-10,566,3,Millstone 3,1.0,0.99
2025-07-11,566,3,Millstone 3,1.0,0.99
2025-07-12,566,3,Millstone 3,1.0,0.99
2025-07-13,566,3,Millstone 3,1.0,0.99
2025-07-14,566,3,Millstone 3,1.0,0.99
2025-07-15,566,3,Millstone 3,1.0,0.99
2025-07-16,566,3,Millstone 3,1.0,0.99
2025-07-17,566,3,Millstone 3,1.0,0.99
2025-07-18,566,3,Millstone 3,1.0,0.99
2025-07-19,566,3,Millstone 3,1.0,0.99
2025-07-20,566,3,Millstone 3,1.0,0.99
2025-07-21,566,3,Millstone 3,1.0,0.99
2025-07-22,566,3,Millstone 3,1.0,0.99
2025-07-23,566,3,Millstone 3,1.0,0.99
2025-07-24,566,3,Millstone 3,1.0,0.99
2025-07-25,566,3,Millstone 3,1.0,0.99
2025-07-26,566,3,Millstone 3,1.0,0.99
2025-07-27,566,3,Millstone 3,1.0,0.99
2025-07-28,566,3,Millstone 3,1.0,0.99
2025-07-29,566,3,Millstone 3,1.0,0.99
2025-07-30,566,3,Millstone 3,1.0,0.99
2025-07-31,566,3,Millstone 3,1.0,0.99
2025-08-01,566,3,Millstone 3,0.0,0.0
2025-08-02,566,3,Millstone 3,0.0,0.0
2025-08-03,566,3,Millstone 3,0.0,0.0
2025-08-04,566,3,Millstone 3,0.17,0.17
2025-08-05,566,3,Millstone 3,1.0,0.9923
2025-08-06,566,3,Millstone 3,1.0,0.9923
2025-08-07,566,3,Millstone 3,1.0,0.9923
2025-08-08,566,3,Millstone 3,1.0,0.9923
2025-08-09,566,3,Millstone 3,1.0,0.9923
2025-08-10,566,3,Millstone 3,1.0,0.9923
2025-08-11,566,3,Millstone 3,0.9,0.8931
2025-08-12,566,3,Millstone 3,0.9,0.8931
2025-08-13,566,3,Millstone 3,1.0,0.9923
2025-08-14,566,3,Millstone 3,1.0,0.9923
2025-08-15,566,3,Millstone 3,0.18,0.18
2025-08-16,566,3,Millstone 3,0.85,0.85
2025-08-17,566,3,Millstone 3,1.0,0.9923
2025-08-18,566,3,Millstone 3,0.88,0.88
2025-08-19,566,3,Millstone 3,0.9,0.8931
2025-08-20,566,3,Millstone 3,1.0,0.9923
2025-08-21,566,3,Millstone 3,1.0,0.9923
2025-08-22,566,3,Millstone 3,1.0,0.9923
2025-08-23,566,3,Millstone 3,1.0,0.9923
2025-08-24,566,3,Millstone 3,1.0,0.9923
2025-08-25,566,3,Millstone 3,1.0,0.9923
2025-08-26,566,3,Millstone 3,1.0,0.9923
2025-08-27,566,3,Millstone 3,1.0,0.9923
2025-08-28,566,3,Millstone 3,1.0,0.9923
2025-08-29,566,3,Millstone 3,1.0,0.9923
2025-08-30,566,3,Millstone 3,1.0,0.9923
2025-08-31,566,3,Millstone 3,1.0,0.9923
2025-09-01,566,3,Millstone 3,1.0,0.9904
2025-09-02,566,3,Millstone 3,1.0,0.9904
2025-09-03,566,3,Millstone 3,1.0,0.9904
2025-09-04,566,3,Millstone 3,1.0,0.9904
2025-09-05,566,3,Millstone 3,1.0,0.9904
2025-09-06,566,3,Millstone 3,1.0,0.9904
2025-09-07,566,3,Millstone 3,1.0,0.9904
2025-09-08,566,3,Millstone 3,1.0,0.9904
2025-09-09,566,3,Millstone 3,1.0,0.9904
2025-09-10,566,3,Millstone 3,1.0,0.9904
2025-09-11,566,3,Millstone 3,1.0,0.9904
2025-09-12,566,3,Millstone 3,1.0,0.9904
2025-09-13,566,3,Millstone 3,1.0,0.9904
2025-09-14,566,3,Millstone 3,1.0,0.9904
2025-09-15,566,3,Millstone 3,1.0,0.9904
2025-09-16,566,3,Millstone 3,1.0,0.9904
2025-09-17,566,3,Millstone 3,1.0,0.9904
2025-09-18,566,3,Millstone 3,1.0,0.9904
2025-09-19,566,3,Millstone 3,1.0,0.9904
2025-09-20,566,3,Millstone 3,1.0,0.9904
2025-09-21,566,3,Millstone 3,1.0,0.9904
2025-09-22,566,3,Millstone 3,1.0,0.9904
2025-09-23,566,3,Millstone 3,1.0,0.9904
2025-09-24,566,3,Millstone 3,1.0,0.9904
2025-09-25,566,3,Millstone 3,1.0,0.9904
2025-09-26,566,3,Millstone 3,1.0,0.9904
2025-09-27,566,3,Millstone 3,1.0,0.9904
2025-09-28,566,3,Millstone 3,1.0,0.9904
2025-09-29,566,3,Millstone 3,1.0,0.9904
2025-09-30,566,3,Millstone 3,1.0,0.9904
2025-10-01,566,3,Millstone 3,1.0,0.9917
2025-10-02,566,3,Millstone 3,1.0,0.9917
2025-10-03,566,3,Millstone 3,1.0,0.9917
2025-10-04,566,3,Millstone 3,1.0,0.9917
2025-10-05,566,3,Millstone 3,1.0,0.9917
2025-10-06,566,3,Millstone 3,1.0,0.9917
2025-10-07,566,3,Millstone 3,1.0,0.9917
2025-10-08,566,3,Millstone 3,1.0,0.9917
2025-10-09,566,3,Millstone 3,1.0,0.9917
2025-10-10,566,3,Millstone 3,1.0,0.9917
2025-10-11,566,3,Millstone 3,1.0,0.9917
2025-10-12,566,3,Millstone 3,1.0,0.9917
2025-10-13,566,3,Millstone 3,1.0,0.9917
2025-10-14,566,3,Millstone 3,1.0,0.9917
2025-10-15,566,3,Millstone 3,1.0,0.9917
2025-10-16,566,3,Millstone 3,1.0,0.9917
2025-10-17,566,3,Millstone 3,0.0,0.0
2025-10-18,566,3,Millstone 3,0.0,0.0
2025-10-19,566,3,Millstone 3,0.0,0.0
2025-10-20,566,3,Millstone 3,0.0,0.0
2025-10-21,566,3,Millstone 3,0.0,0.0
2025-10-22,566,3,Millstone 3,0.0,0.0
2025-10-23,566,3,Millstone 3,0.0,0.0
2025-10-24,566,3,Millstone 3,0.0,0.0
2025-10-25,566,3,Millstone 3,0.0,0.0
2025-10-26,566,3,Millstone 3,0.0,0.0
2025-10-27,566,3,Millstone 3,0.17,0.17
2025-10-28,566,3,Millstone 3,0.73,0.73
2025-10-29,566,3,Millstone 3,1.0,0.9917
2025-10-30,566,3,Millstone 3,1.0,0.9917
2025-10-31,566,3,Millstone 3,1.0,0.9917
2025-11-01,566,3,Millstone 3,1.0,1.0
2025-11-02,566,3,Millstone 3,1.0,1.0
2025-11-03,566,3,Millstone 3,1.0,1.0
2025-11-04,566,3,Millstone 3,0.73,0.73
2025-11-05,566,3,Millstone 3,0.75,0.75
2025-11-06,566,3,Millstone 3,1.0,1.0
2025-11-07,566,3,Millstone 3,1.0,1.0
2025-11-08,566,3,Millstone 3,1.0,1.0
2025-11-09,566,3,Millstone 3,1.0,1.0
2025-11-10,566,3,Millstone 3,1.0,1.0
2025-11-11,566,3,Millstone 3,1.0,1.0
2025-11-12,566,3,Millstone 3,1.0,1.0
2025-11-13,566,3,Millstone 3,1.0,1.0
2025-11-14,566,3,Millstone 3,1.0,1.0
2025-11-15,566,3,Millstone 3,1.0,1.0
2025-11-16,566,3,Millstone 3,1.0,1.0
2025-11-17,566,3,Millstone 3,1.0,1.0
2025-11-18,566,3,Millstone 3,1.0,1.0
2025-11-19,566,3,Millstone 3,1.0,1.0
2025-11-20,566,3,Millstone 3,1.0,1.0
2025-11-21,566,3,Millstone 3,1.0,1.0
2025-11-22,566,3,Millstone 3,1.0,1.0
2025-11-23,566,3,Millstone 3,1.0,1.0
2025-11-24,566,3,Millstone 3,1.0,1.0
2025-11-25,566,3,Millstone 3,1.0,1.0
2025-11-26,566,3,Millstone 3,1.0,1.0
2025-11-27,566,3,Millstone 3,1.0,1.0
2025-11-28,566,3,Millstone 3,1.0,1.0
2025-11-29,566,3,Millstone 3,1.0,1.0
2025-11-30,566,3,Millstone 3,1.0,1.0
2025-12-01,566,3,Millstone 3,1.0,1.0
2025-12-02,566,3,Millstone 3,1.0,1.0
2025-12-03,566,3,Millstone 3,1.0,1.0
2025-12-04,566,3,Millstone 3,1.0,1.0
2025-12-05,566,3,Millstone 3,1.0,1.0
2025-12-06,566,3,Millstone 3,1.0,1.0
2025-12-07,566,3,Millstone 3,1.0,1.0
2025-12-08,566,3,Millstone 3,1.0,1.0
2025-12-09,566,3,Millstone 3,1.0,1.0
2025-12-10,566,3,Millstone 3,1.0,1.0
2025-12-11,566,3,Millstone 3,1.0,1.0
2025-12-12,566,3,Millstone 3,1.0,1.0
2025-12-13,566,3,Millstone 3,1.0,1.0
2025-12-14,566,3,Millstone 3,1.0,1.0
2025-12-15,566,3,Millstone 3,1.0,1.0
2025-12-16,566,3,Millstone 3,1.0,1.0
2025-12-17,566,3,Millstone 3,1.0,1.0
2025-12-18,566,3,Millstone 3,1.0,1.0
2025-12-19,566,3,Millstone 3,1.0,1.0
2025-12-20,566,3,Millstone 3,1.0,1.0
2025-12-21,566,3,Millstone 3,1.0,1.0
2025-12-22,566,3,Millstone 3,1.0,1.0
2025-12-23,566,3,Millstone 3,1.0,1.0
2025-12-24,566,3,Millstone 3,1.0,1.0
2025-12-25,566,3,Millstone 3,1.0,1.0
2025-12-26,566,3,Millstone 3,1.0,1.0
2025-12-27,566,3,Millstone 3,1.0,1.0
2025-12-28,566,3,Millstone 3,1.0,1.0
2025-12-29,566,3,Millstone 3,1.0,1.0
2025-12-30,566,3,Millstone 3,1.0,1.0
2025-12-31,566,3,Millstone 3,1.0,1.0
2023-01-01,6115,1,Seabrook 1,1.0,0.9995
2023-01-02,6115,1,Seabrook 1,1.0,0.9995
2023-01-03,6115,1,Seabrook 1,1.0,0.9995
2023-01-04,6115,1,Seabrook 1,1.0,0.9995
2023-01-05,6115,1,Seabrook 1,1.0,0.9995
2023-01-06,6115,1,Seabrook 1,1.0,0.9995
2023-01-07,6115,1,Seabrook 1,1.0,0.9995
2023-01-08,6115,1,Seabrook 1,1.0,0.9995
2023-01-09,6115,1,Seabrook 1,1.0,0.9995
2023-01-10,6115,1,Seabrook 1,1.0,0.9995
2023-01-11,6115,1,Seabrook 1,1.0,0.9995
2023-01-12,6115,1,Seabrook 1,1.0,0.9995
2023-01-13,6115,1,Seabrook 1,1.0,0.9995
2023-01-14,6115,1,Seabrook 1,1.0,0.9995
2023-01-15,6115,1,Seabrook 1,1.0,0.9995
2023-01-16,6115,1,Seabrook 1,1.0,0.9995
2023-01-17,6115,1,Seabrook 1,1.0,0.9995
2023-01-18,6115,1,Seabrook 1,1.0,0.9995
2023-01-19,6115,1,Seabrook 1,1.0,0.9995
2023-01-20,6115,1,Seabrook 1,1.0,0.9995
2023-01-21,6115,1,Seabrook 1,1.0,0.9995
2023-01-22,6115,1,Seabrook 1,1.0,0.9995
2023-01-23,6115,1,Seabrook 1,1.0,0.9995
2023-01-24,6115,1,Seabrook 1,1.0,0.9995
2023-01-25,6115,1,Seabrook 1,1.0,0.9995
2023-01-26,6115,1,Seabrook 1,1.0,0.9995
2023-01-27,6115,1,Seabrook 1,1.0,0.9995
2023-01-28,6115,1,Seabrook 1,1.0,0.9995
2023-01-29,6115,1,Seabrook 1,1.0,0.9995
2023-01-30,6115,1,Seabrook 1,1.0,0.9995
2023-01-31,6115,1,Seabrook 1,1.0,0.9995
2023-02-01,6115,1,Seabrook 1,1.0,1.0
2023-02-02,6115,1,Seabrook 1,1.0,1.0
2023-02-03,6115,1,Seabrook 1,1.0,1.0
2023-02-04,6115,1,Seabrook 1,1.0,1.0
2023-02-05,6115,1,Seabrook 1,1.0,1.0
2023-02-06,6115,1,Seabrook 1,1.0,1.0
2023-02-07,6115,1,Seabrook 1,1.0,1.0
2023-02-08,6115,1,Seabrook 1,1.0,1.0
2023-02-09,6115,1,Seabrook 1,1.0,1.0
2023-02-10,6115,1,Seabrook 1,1.0,1.0
2023-02-11,6115,1,Seabrook 1,1.0,1.0
2023-02-12,6115,1,Seabrook 1,1.0,1.0
2023-02-13,6115,1,Seabrook 1,1.0,1.0
2023-02-14,6115,1,Seabrook 1,1.0,1.0
2023-02-15,6115,1,Seabrook 1,1.0,1.0
2023-02-16,6115,1,Seabrook 1,1.0,1.0
2023-02-17,6115,1,Seabrook 1,1.0,1.0
2023-02-18,6115,1,Seabrook 1,1.0,1.0
2023-02-19,6115,1,Seabrook 1,1.0,1.0
2023-02-20,6115,1,Seabrook 1,1.0,1.0
2023-02-21,6115,1,Seabrook 1,1.0,1.0
2023-02-22,6115,1,Seabrook 1,1.0,1.0
2023-02-23,6115,1,Seabrook 1,1.0,1.0
2023-02-24,6115,1,Seabrook 1,1.0,1.0
2023-02-25,6115,1,Seabrook 1,1.0,1.0
2023-02-26,6115,1,Seabrook 1,1.0,1.0
2023-02-27,6115,1,Seabrook 1,1.0,1.0
2023-02-28,6115,1,Seabrook 1,1.0,1.0
2023-03-01,6115,1,Seabrook 1,1.0,0.994
2023-03-02,6115,1,Seabrook 1,1.0,0.994
2023-03-03,6115,1,Seabrook 1,1.0,0.994
2023-03-04,6115,1,Seabrook 1,1.0,0.994
2023-03-05,6115,1,Seabrook 1,1.0,0.994
2023-03-06,6115,1,Seabrook 1,1.0,0.994
2023-03-07,6115,1,Seabrook 1,1.0,0.994
2023-03-08,6115,1,Seabrook 1,1.0,0.994
2023-03-09,6115,1,Seabrook 1,1.0,0.994
2023-03-10,6115,1,Seabrook 1,1.0,0.994
2023-03-11,6115,1,Seabrook 1,1.0,0.994
2023-03-12,6115,1,Seabrook 1,1.0,0.994
2023-03-13,6115,1,Seabrook 1,1.0,0.994
2023-03-14,6115,1,Seabrook 1,1.0,0.994
2023-03-15,6115,1,Seabrook 1,1.0,0.994
2023-03-16,6115,1,Seabrook 1,1.0,0.994
2023-03-17,6115,1,Seabrook 1,1.0,0.994
2023-03-18,6115,1,Seabrook 1,1.0,0.994
2023-03-19,6115,1,Seabrook 1,1.0,0.994
2023-03-20,6115,1,Seabrook 1,1.0,0.994
2023-03-21,6115,1,Seabrook 1,1.0,0.994
2023-03-22,6115,1,Seabrook 1,1.0,0.994
2023-03-23,6115,1,Seabrook 1,1.0,0.994
2023-03-24,6115,1,Seabrook 1,1.0,0.994
2023-03-25,6115,1,Seabrook 1,1.0,0.994
2023-03-26,6115,1,Seabrook 1,1.0,0.994
2023-03-27,6115,1,Seabrook 1,1.0,0.994
2023-03-28,6115,1,Seabrook 1,1.0,0.994
2023-03-29,6115,1,Seabrook 1,1.0,0.994
2023-03-30,6115,1,Seabrook 1,0.99,0.984
2023-03-31,6115,1,Seabrook 1,0.99,0.984
2023-04-01,6115,1,Seabrook 1,0.0,0.0
2023-04-02,6115,1,Seabrook 1,0.0,0.0
2023-04-03,6115,1,Seabrook 1,0.0,0.0
2023-04-04,6115,1,Seabrook 1,0.0,0.0
2023-04-05,6115,1,Seabrook 1,0.0,0.0
2023-04-06,6115,1,Seabrook 1,0.0,0.0
2023-04-07,6115,1,Seabrook 1,0.0,0.0
2023-04-08,6115,1,Seabrook 1,0.0,0.0
2023-04-09,6115,1,Seabrook 1,0.0,0.0
2023-04-10,6115,1,Seabrook 1,0.0,0.0
2023-04-11,6115,1,Seabrook 1,0.0,0.0
2023-04-12,6115,1,Seabrook 1,0.0,0.0
2023-04-13,6115,1,Seabrook 1,0.0,0.0
2023-04-14,6115,1,Seabrook 1,0.0,0.0
2023-04-15,6115,1,Seabrook 1,0.0,0.0
2023-04-16,6115,1,Seabrook 1,0.0,0.0
2023-04-17,6115,1,Seabrook 1,0.0,0.0
2023-04-18,6115,1,Seabrook 1,0.0,0.0
2023-04-19,6115,1,Seabrook 1,0.0,0.0
2023-04-20,6115,1,Seabrook 1,0.0,0.0
2023-04-21,6115,1,Seabrook 1,0.0,0.0
2023-04-22,6115,1,Seabrook 1,0.0,0.0
2023-04-23,6115,1,Seabrook 1,0.0,0.0
2023-04-24,6115,1,Seabrook 1,0.0,0.0
2023-04-25,6115,1,Seabrook 1,0.0,0.0
2023-04-26,6115,1,Seabrook 1,0.0,0.0
2023-04-27,6115,1,Seabrook 1,0.0,0.0
2023-04-28,6115,1,Seabrook 1,0.0,0.0
2023-04-29,6115,1,Seabrook 1,0.0,0.0
2023-04-30,6115,1,Seabrook 1,0.0,0.0
2023-05-01,6115,1,Seabrook 1,0.0,0.0
2023-05-02,6115,1,Seabrook 1,0.0,0.0
2023-05-03,6115,1,Seabrook 1,0.0,0.0
2023-05-04,6115,1,Seabrook 1,0.0,0.0
2023-05-05,6115,1,Seabrook 1,0.0,0.0
2023-05-06,6115,1,Seabrook 1,0.0,0.0
2023-05-07,6115,1,Seabrook 1,0.0,0.0
2023-05-08,6115,1,Seabrook 1,0.0,0.0
2023-05-09,6115,1,Seabrook 1,0.29,0.29
2023-05-10,6115,1,Seabrook 1,0.49,0.49
2023-05-11,6115,1,Seabrook 1,0.88,0.88
2023-05-12,6115,1,Seabrook 1,0.5,0.5
2023-05-13,6115,1,Seabrook 1,0.49,0.49
2023-05-14,6115,1,Seabrook 1,0.92,0.9124
2023-05-15,6115,1,Seabrook 1,1.0,0.9918
2023-05-16,6115,1,Seabrook 1,1.0,0.9918
2023-05-17,6115,1,Seabrook 1,1.0,0.9918
2023-05-18,6115,1,Seabrook 1,1.0,0.9918
2023-05-19,6115,1,Seabrook 1,1.0,0.9918
2023-05-20,6115,1,Seabrook 1,1.0,0.9918
2023-05-21,6115,1,Seabrook 1,1.0,0.9918
2023-05-22,6115,1,Seabrook 1,1.0,0.9918
2023-05-23,6115,1,Seabrook 1,1.0,0.9918
2023-05-24,6115,1,Seabrook 1,1.0,0.9918
2023-05-25,6115,1,Seabrook 1,1.0,0.9918
2023-05-26,6115,1,Seabrook 1,1.0,0.9918
2023-05-27,6115,1,Seabrook 1,1.0,0.9918
2023-05-28,6115,1,Seabrook 1,1.0,0.9918
2023-05-29,6115,1,Seabrook 1,1.0,0.9918
2023-05-30,6115,1,Seabrook 1,1.0,0.9918
2023-05-31,6115,1,Seabrook 1,1.0,0.9918
2023-06-01,6115,1,Seabrook 1,1.0,0.9925
2023-06-02,6115,1,Seabrook 1,1.0,0.9925
2023-06-03,6115,1,Seabrook 1,1.0,0.9925
2023-06-04,6115,1,Seabrook 1,1.0,0.9925
2023-06-05,6115,1,Seabrook 1,1.0,0.9925
2023-06-06,6115,1,Seabrook 1,1.0,0.9925
2023-06-07,6115,1,Seabrook 1,1.0,0.9925
2023-06-08,6115,1,Seabrook 1,1.0,0.9925
2023-06-09,6115,1,Seabrook 1,1.0,0.9925
2023-06-10,6115,1,Seabrook 1,1.0,0.9925
2023-06-11,6115,1,Seabrook 1,1.0,0.9925
2023-06-12,6115,1,Seabrook 1,1.0,0.9925
2023-06-13,6115,1,Seabrook 1,1.0,0.9925
2023-06-14,6115,1,Seabrook 1,1.0,0.9925
2023-06-15,6115,1,Seabrook 1,1.0,0.9925
2023-06-16,6115,1,Seabrook 1,1.0,0.9925
2023-06-17,6115,1,Seabrook 1,1.0,0.9925
2023-06-18,6115,1,Seabrook 1,1.0,0.9925
2023-06-19,6115,1,Seabrook 1,1.0,0.9925
2023-06-20,6115,1,Seabrook 1,1.0,0.9925
2023-06-21,6115,1,Seabrook 1,1.0,0.9925
2023-06-22,6115,1,Seabrook 1,1.0,0.9925
2023-06-23,6115,1,Seabrook 1,1.0,0.9925
2023-06-24,6115,1,Seabrook 1,1.0,0.9925
2023-06-25,6115,1,Seabrook 1,1.0,0.9925
2023-06-26,6115,1,Seabrook 1,1.0,0.9925
2023-06-27,6115,1,Seabrook 1,1.0,0.9925
2023-06-28,6115,1,Seabrook 1,1.0,0.9925
2023-06-29,6115,1,Seabrook 1,1.0,0.9925
2023-06-30,6115,1,Seabrook 1,1.0,0.9925
2023-07-01,6115,1,Seabrook 1,1.0,0.9818
2023-07-02,6115,1,Seabrook 1,1.0,0.9818
2023-07-03,6115,1,Seabrook 1,1.0,0.9818
2023-07-04,6115,1,Seabrook 1,1.0,0.9818
2023-07-05,6115,1,Seabrook 1,1.0,0.9818
2023-07-06,6115,1,Seabrook 1,1.0,0.9818
2023-07-07,6115,1,Seabrook 1,1.0,0.9818
2023-07-08,6115,1,Seabrook 1,1.0,0.9818
2023-07-09,6115,1,Seabrook 1,1.0,0.9818
2023-07-10,6115,1,Seabrook 1,1.0,0.9818
2023-07-11,6115,1,Seabrook 1,1.0,0.9818
2023-07-12,6115,1,Seabrook 1,1.0,0.9818
2023-07-13,6115,1,Seabrook 1,1.0,0.9818
2023-07-14,6115,1,Seabrook 1,1.0,0.9818
2023-07-15,6115,1,Seabrook 1,1.0,0.9818
2023-07-16,6115,1,Seabrook 1,1.0,0.9818
2023-07-17,6115,1,Seabrook 1,1.0,0.9818
2023-07-18,6115,1,Seabrook 1,1.0,0.9818
2023-07-19,6115,1,Seabrook 1,1.0,0.9818
2023-07-20,6115,1,Seabrook 1,1.0,0.9818
2023-07-21,6115,1,Seabrook 1,1.0,0.9818
2023-07-22,6115,1,Seabrook 1,1.0,0.9818
2023-07-23,6115,1,Seabrook 1,1.0,0.9818
2023-07-24,6115,1,Seabrook 1,1.0,0.9818
2023-07-25,6115,1,Seabrook 1,1.0,0.9818
2023-07-26,6115,1,Seabrook 1,1.0,0.9818
2023-07-27,6115,1,Seabrook 1,1.0,0.9818
2023-07-28,6115,1,Seabrook 1,1.0,0.9818
2023-07-29,6115,1,Seabrook 1,1.0,0.9818
2023-07-30,6115,1,Seabrook 1,1.0,0.9818
2023-07-31,6115,1,Seabrook 1,0.0,0.0
2023-08-01,6115,1,Seabrook 1,0.0,0.0
2023-08-02,6115,1,Seabrook 1,0.0,0.0
2023-08-03,6115,1,Seabrook 1,0.0,0.0
2023-08-04,6115,1,Seabrook 1,0.0,0.0
2023-08-05,6115,1,Seabrook 1,0.45,0.45
2023-08-06,6115,1,Seabrook 1,0.45,0.45
2023-08-07,6115,1,Seabrook 1,0.92,0.9125
2023-08-08,6115,1,Seabrook 1,0.97,0.9621
2023-08-09,6115,1,Seabrook 1,1.0,0.9919
2023-08-10,6115,1,Seabrook 1,1.0,0.9919
2023-08-11,6115,1,Seabrook 1,1.0,0.9919
2023-08-12,6115,1,Seabrook 1,1.0,0.9919
2023-08-13,6115,1,Seabrook 1,1.0,0.9919
2023-08-14,6115,1,Seabrook 1,1.0,0.9919
2023-08-15,6115,1,Seabrook 1,1.0,0.9919
2023-08-16,6115,1,Seabrook 1,1.0,0.9919
2023-08-17,6115,1,Seabrook 1,1.0,0.9919
2023-08-18,6115,1,Seabrook 1,1.0,0.9919
2023-08-19,6115,1,Seabrook 1,1.0,0.9919
2023-08-20,6115,1,Seabrook 1,1.0,0.9919
2023-08-21,6115,1,Seabrook 1,1.0,0.9919
2023-08-22,6115,1,Seabrook 1,1.0,0.9919
2023-08-23,6115,1,Seabrook 1,1.0,0.9919
2023-08-24,6115,1,Seabrook 1,1.0,0.9919
2023-08-25,6115,1,Seabrook 1,1.0,0.9919
2023-08-26,6115,1,Seabrook 1,1.0,0.9919
2023-08-27,6115,1,Seabrook 1,1.0,0.9919
2023-08-28,6115,1,Seabrook 1,1.0,0.9919
2023-08-29,6115,1,Seabrook 1,1.0,0.9919
2023-08-30,6115,1,Seabrook 1,1.0,0.9919
2023-08-31,6115,1,Seabrook 1,1.0,0.9919
2023-09-01,6115,1,Seabrook 1,1.0,0.971
2023-09-02,6115,1,Seabrook 1,1.0,0.971
2023-09-03,6115,1,Seabrook 1,1.0,0.971
2023-09-04,6115,1,Seabrook 1,1.0,0.971
2023-09-05,6115,1,Seabrook 1,1.0,0.971
2023-09-06,6115,1,Seabrook 1,1.0,0.971
2023-09-07,6115,1,Seabrook 1,1.0,0.971
2023-09-08,6115,1,Seabrook 1,1.0,0.971
2023-09-09,6115,1,Seabrook 1,1.0,0.971
2023-09-10,6115,1,Seabrook 1,1.0,0.971
2023-09-11,6115,1,Seabrook 1,1.0,0.971
2023-09-12,6115,1,Seabrook 1,1.0,0.971
2023-09-13,6115,1,Seabrook 1,1.0,0.971
2023-09-14,6115,1,Seabrook 1,1.0,0.971
2023-09-15,6115,1,Seabrook 1,1.0,0.971
2023-09-16,6115,1,Seabrook 1,1.0,0.971
2023-09-17,6115,1,Seabrook 1,1.0,0.971
2023-09-18,6115,1,Seabrook 1,1.0,0.971
2023-09-19,6115,1,Seabrook 1,1.0,0.971
2023-09-20,6115,1,Seabrook 1,1.0,0.971
2023-09-21,6115,1,Seabrook 1,1.0,0.971
2023-09-22,6115,1,Seabrook 1,1.0,0.971
2023-09-23,6115,1,Seabrook 1,1.0,0.971
2023-09-24,6115,1,Seabrook 1,1.0,0.971
2023-09-25,6115,1,Seabrook 1,1.0,0.971
2023-09-26,6115,1,Seabrook 1,1.0,0.971
2023-09-27,6115,1,Seabrook 1,1.0,0.971
2023-09-28,6115,1,Seabrook 1,1.0,0.971
2023-09-29,6115,1,Seabrook 1,1.0,0.971
2023-09-30,6115,1,Seabrook 1,1.0,0.971
2023-10-01,6115,1,Seabrook 1,1.0,0.9927
2023-10-02,6115,1,Seabrook 1,1.0,0.9927
2023-10-03,6115,1,Seabrook 1,1.0,0.9927
2023-10-04,6115,1,Seabrook 1,1.0,0.9927
2023-10-05,6115,1,Seabrook 1,1.0,0.9927
2023-10-06,6115,1,Seabrook 1,1.0,0.9927
2023-10-07,6115,1,Seabrook 1,1.0,0.9927
2023-10-08,6115,1,Seabrook 1,1.0,0.9927
2023-10-09,6115,1,Seabrook 1,1.0,0.9927
2023-10-10,6115,1,Seabrook 1,1.0,0.9927
2023-10-11,6115,1,Seabrook 1,1.0,0.9927
2023-10-12,6115,1,Seabrook 1,1.0,0.9927
2023-10-13,6115,1,Seabrook 1,1.0,0.9927
2023-10-14,6115,1,Seabrook 1,1.0,0.9927
2023-10-15,6115,1,Seabrook 1,1.0,0.9927
2023-10-16,6115,1,Seabrook 1,1.0,0.9927
2023-10-17,6115,1,Seabrook 1,1.0,0.9927
2023-10-18,6115,1,Seabrook 1,1.0,0.9927
2023-10-19,6115,1,Seabrook 1,1.0,0.9927
2023-10-20,6115,1,Seabrook 1,1.0,0.9927
2023-10-21,6115,1,Seabrook 1,1.0,0.9927
2023-10-22,6115,1,Seabrook 1,1.0,0.9927
2023-10-23,6115,1,Seabrook 1,1.0,0.9927
2023-10-24,6115,1,Seabrook 1,1.0,0.9927
2023-10-25,6115,1,Seabrook 1,1.0,0.9927
2023-10-26,6115,1,Seabrook 1,1.0,0.9927
2023-10-27,6115,1,Seabrook 1,1.0,0.9927
2023-10-28,6115,1,Seabrook 1,1.0,0.9927
2023-10-29,6115,1,Seabrook 1,1.0,0.9927
2023-10-30,6115,1,Seabrook 1,1.0,0.9927
2023-10-31,6115,1,Seabrook 1,1.0,0.9927
2023-11-01,6115,1,Seabrook 1,1.0,1.0
2023-11-02,6115,1,Seabrook 1,1.0,1.0
2023-11-03,6115,1,Seabrook 1,1.0,1.0
2023-11-04,6115,1,Seabrook 1,1.0,1.0
2023-11-05,6115,1,Seabrook 1,1.0,1.0
2023-11-06,6115,1,Seabrook 1,1.0,1.0
2023-11-07,6115,1,Seabrook 1,1.0,1.0
2023-11-08,6115,1,Seabrook 1,1.0,1.0
2023-11-09,6115,1,Seabrook 1,1.0,1.0
2023-11-10,6115,1,Seabrook 1,1.0,1.0
2023-11-11,6115,1,Seabrook 1,1.0,1.0
2023-11-12,6115,1,Seabrook 1,1.0,1.0
2023-11-13,6115,1,Seabrook 1,1.0,1.0
2023-11-14,6115,1,Seabrook 1,1.0,1.0
2023-11-15,6115,1,Seabrook 1,1.0,1.0
2023-11-16,6115,1,Seabrook 1,1.0,1.0
2023-11-17,6115,1,Seabrook 1,1.0,1.0
2023-11-18,6115,1,Seabrook 1,0.98,1.0
2023-11-19,6115,1,Seabrook 1,0.98,1.0
2023-11-20,6115,1,Seabrook 1,0.98,1.0
2023-11-21,6115,1,Seabrook 1,0.98,1.0
2023-11-22,6115,1,Seabrook 1,0.98,1.0
2023-11-23,6115,1,Seabrook 1,1.0,1.0
2023-11-24,6115,1,Seabrook 1,1.0,1.0
2023-11-25,6115,1,Seabrook 1,1.0,1.0
2023-11-26,6115,1,Seabrook 1,1.0,1.0
2023-11-27,6115,1,Seabrook 1,1.0,1.0
2023-11-28,6115,1,Seabrook 1,1.0,1.0
2023-11-29,6115,1,Seabrook 1,1.0,1.0
2023-11-30,6115,1,Seabrook 1,1.0,1.0
2023-12-01,6115,1,Seabrook 1,1.0,0.9945
2023-12-02,6115,1,Seabrook 1,1.0,0.9945
2023-12-03,6115,1,Seabrook 1,1.0,0.9945
2023-12-04,6115,1,Seabrook 1,1.0,0.9945
2023-12-05,6115,1,Seabrook 1,1.0,0.9945
2023-12-06,6115,1,Seabrook 1,1.0,0.9945
2023-12-07,6115,1,Seabrook 1,1.0,0.9945
2023-12-08,6115,1,Seabrook 1,1.0,0.9945
2023-12-09,6115,1,Seabrook 1,1.0,0.9945
2023-12-10,6115,1,Seabrook 1,1.0,0.9945
2023-12-11,6115,1,Seabrook 1,1.0,0.9945
2023-12-12,6115,1,Seabrook 1,1.0,0.9945
2023-12-13,6115,1,Seabrook 1,1.0,0.9945
2023-12-14,6115,1,Seabrook 1,1.0,0.9945
2023-12-15,6115,1,Seabrook 1,1.0,0.9945
2023-12-16,6115,1,Seabrook 1,1.0,0.9945
2023-12-17,6115,1,Seabrook 1,1.0,0.9945
2023-12-18,6115,1,Seabrook 1,1.0,0.9945
2023-12-19,6115,1,Seabrook 1,1.0,0.9945
2023-12-20,6115,1,Seabrook 1,1.0,0.9945
2023-12-21,6115,1,Seabrook 1,1.0,0.9945
2023-12-22,6115,1,Seabrook 1,1.0,0.9945
2023-12-23,6115,1,Seabrook 1,1.0,0.9945
2023-12-24,6115,1,Seabrook 1,1.0,0.9945
2023-12-25,6115,1,Seabrook 1,1.0,0.9945
2023-12-26,6115,1,Seabrook 1,1.0,0.9945
2023-12-27,6115,1,Seabrook 1,1.0,0.9945
2023-12-28,6115,1,Seabrook 1,1.0,0.9945
2023-12-29,6115,1,Seabrook 1,1.0,0.9945
2023-12-30,6115,1,Seabrook 1,1.0,0.9945
2023-12-31,6115,1,Seabrook 1,1.0,0.9945
2024-01-01,6115,1,Seabrook 1,1.0,1.0
2024-01-02,6115,1,Seabrook 1,1.0,1.0
2024-01-03,6115,1,Seabrook 1,1.0,1.0
2024-01-04,6115,1,Seabrook 1,1.0,1.0
2024-01-05,6115,1,Seabrook 1,1.0,1.0
2024-01-06,6115,1,Seabrook 1,1.0,1.0
2024-01-07,6115,1,Seabrook 1,1.0,1.0
2024-01-08,6115,1,Seabrook 1,1.0,1.0
2024-01-09,6115,1,Seabrook 1,1.0,1.0
2024-01-10,6115,1,Seabrook 1,1.0,1.0
2024-01-11,6115,1,Seabrook 1,1.0,1.0
2024-01-12,6115,1,Seabrook 1,1.0,1.0
2024-01-13,6115,1,Seabrook 1,1.0,1.0
2024-01-14,6115,1,Seabrook 1,1.0,1.0
2024-01-15,6115,1,Seabrook 1,1.0,1.0
2024-01-16,6115,1,Seabrook 1,1.0,1.0
2024-01-17,6115,1,Seabrook 1,1.0,1.0
2024-01-18,6115,1,Seabrook 1,1.0,1.0
2024-01-19,6115,1,Seabrook 1,1.0,1.0
2024-01-20,6115,1,Seabrook 1,1.0,1.0
2024-01-21,6115,1,Seabrook 1,1.0,1.0
2024-01-22,6115,1,Seabrook 1,1.0,1.0
2024-01-23,6115,1,Seabrook 1,1.0,1.0
2024-01-24,6115,1,Seabrook 1,1.0,1.0
2024-01-25,6115,1,Seabrook 1,1.0,1.0
2024-01-26,6115,1,Seabrook 1,1.0,1.0
2024-01-27,6115,1,Seabrook 1,1.0,1.0
2024-01-28,6115,1,Seabrook 1,1.0,1.0
2024-01-29,6115,1,Seabrook 1,1.0,1.0
2024-01-30,6115,1,Seabrook 1,1.0,1.0
2024-01-31,6115,1,Seabrook 1,1.0,1.0
2024-02-01,6115,1,Seabrook 1,1.0,1.0
2024-02-02,6115,1,Seabrook 1,1.0,1.0
2024-02-03,6115,1,Seabrook 1,1.0,1.0
2024-02-04,6115,1,Seabrook 1,1.0,1.0
2024-02-05,6115,1,Seabrook 1,1.0,1.0
2024-02-06,6115,1,Seabrook 1,1.0,1.0
2024-02-07,6115,1,Seabrook 1,1.0,1.0
2024-02-08,6115,1,Seabrook 1,1.0,1.0
2024-02-09,6115,1,Seabrook 1,1.0,1.0
2024-02-10,6115,1,Seabrook 1,1.0,1.0
2024-02-11,6115,1,Seabrook 1,1.0,1.0
2024-02-12,6115,1,Seabrook 1,1.0,1.0
2024-02-13,6115,1,Seabrook 1,1.0,1.0
2024-02-14,6115,1,Seabrook 1,1.0,1.0
2024-02-15,6115,1,Seabrook 1,1.0,1.0
2024-02-16,6115,1,Seabrook 1,1.0,1.0
2024-02-17,6115,1,Seabrook 1,1.0,1.0
2024-02-18,6115,1,Seabrook 1,1.0,1.0
2024-02-19,6115,1,Seabrook 1,1.0,1.0
2024-02-20,6115,1,Seabrook 1,1.0,1.0
2024-02-21,6115,1,Seabrook 1,1.0,1.0
2024-02-22,6115,1,Seabrook 1,1.0,1.0
2024-02-23,6115,1,Seabrook 1,1.0,1.0
2024-02-24,6115,1,Seabrook 1,1.0,1.0
2024-02-25,6115,1,Seabrook 1,1.0,1.0
2024-02-26,6115,1,Seabrook 1,1.0,1.0
2024-02-27,6115,1,Seabrook 1,1.0,1.0
2024-02-28,6115,1,Seabrook 1,1.0,1.0
2024-02-29,6115,1,Seabrook 1,1.0,1.0
2024-03-01,6115,1,Seabrook 1,1.0,1.0
2024-03-02,6115,1,Seabrook 1,1.0,1.0
2024-03-03,6115,1,Seabrook 1,1.0,1.0
2024-03-04,6115,1,Seabrook 1,1.0,1.0
2024-03-05,6115,1,Seabrook 1,1.0,1.0
2024-03-06,6115,1,Seabrook 1,1.0,1.0
2024-03-07,6115,1,Seabrook 1,1.0,1.0
2024-03-08,6115,1,Seabrook 1,1.0,1.0
2024-03-09,6115,1,Seabrook 1,1.0,1.0
2024-03-10,6115,1,Seabrook 1,1.0,1.0
2024-03-11,6115,1,Seabrook 1,1.0,1.0
2024-03-12,6115,1,Seabrook 1,1.0,1.0
2024-03-13,6115,1,Seabrook 1,1.0,1.0
2024-03-14,6115,1,Seabrook 1,1.0,1.0
2024-03-15,6115,1,Seabrook 1,1.0,1.0
2024-03-16,6115,1,Seabrook 1,1.0,1.0
2024-03-17,6115,1,Seabrook 1,1.0,1.0
2024-03-18,6115,1,Seabrook 1,1.0,1.0
2024-03-19,6115,1,Seabrook 1,1.0,1.0
2024-03-20,6115,1,Seabrook 1,1.0,1.0
2024-03-21,6115,1,Seabrook 1,1.0,1.0
2024-03-22,6115,1,Seabrook 1,1.0,1.0
2024-03-23,6115,1,Seabrook 1,1.0,1.0
2024-03-24,6115,1,Seabrook 1,1.0,1.0
2024-03-25,6115,1,Seabrook 1,1.0,1.0
2024-03-26,6115,1,Seabrook 1,1.0,1.0
2024-03-27,6115,1,Seabrook 1,1.0,1.0
2024-03-28,6115,1,Seabrook 1,1.0,1.0
2024-03-29,6115,1,Seabrook 1,1.0,1.0
2024-03-30,6115,1,Seabrook 1,1.0,1.0
2024-03-31,6115,1,Seabrook 1,1.0,1.0
2024-04-01,6115,1,Seabrook 1,1.0,1.0
2024-04-02,6115,1,Seabrook 1,1.0,1.0
2024-04-03,6115,1,Seabrook 1,1.0,1.0
2024-04-04,6115,1,Seabrook 1,1.0,1.0
2024-04-05,6115,1,Seabrook 1,1.0,1.0
2024-04-06,6115,1,Seabrook 1,1.0,1.0
2024-04-07,6115,1,Seabrook 1,1.0,1.0
2024-04-08,6115,1,Seabrook 1,1.0,1.0
2024-04-09,6115,1,Seabrook 1,1.0,1.0
2024-04-10,6115,1,Seabrook 1,1.0,1.0
2024-04-11,6115,1,Seabrook 1,1.0,1.0
2024-04-12,6115,1,Seabrook 1,1.0,1.0
2024-04-13,6115,1,Seabrook 1,1.0,1.0
2024-04-14,6115,1,Seabrook 1,1.0,1.0
2024-04-15,6115,1,Seabrook 1,1.0,1.0
2024-04-16,6115,1,Seabrook 1,1.0,1.0
2024-04-17,6115,1,Seabrook 1,1.0,1.0
2024-04-18,6115,1,Seabrook 1,1.0,1.0
2024-04-19,6115,1,Seabrook 1,1.0,1.0
2024-04-20,6115,1,Seabrook 1,1.0,1.0
2024-04-21,6115,1,Seabrook 1,1.0,1.0
2024-04-22,6115,1,Seabrook 1,1.0,1.0
2024-04-23,6115,1,Seabrook 1,1.0,1.0
2024-04-24,6115,1,Seabrook 1,1.0,1.0
2024-04-25,6115,1,Seabrook 1,1.0,1.0
2024-04-26,6115,1,Seabrook 1,1.0,1.0
2024-04-27,6115,1,Seabrook 1,1.0,1.0
2024-04-28,6115,1,Seabrook 1,1.0,1.0
2024-04-29,6115,1,Seabrook 1,1.0,1.0
2024-04-30,6115,1,Seabrook 1,1.0,1.0
2024-05-01,6115,1,Seabrook 1,1.0,1.0
2024-05-02,6115,1,Seabrook 1,1.0,1.0
2024-05-03,6115,1,Seabrook 1,1.0,1.0
2024-05-04,6115,1,Seabrook 1,1.0,1.0
2024-05-05,6115,1,Seabrook 1,1.0,1.0
2024-05-06,6115,1,Seabrook 1,1.0,1.0
2024-05-07,6115,1,Seabrook 1,1.0,1.0
2024-05-08,6115,1,Seabrook 1,1.0,1.0
2024-05-09,6115,1,Seabrook 1,1.0,1.0
2024-05-10,6115,1,Seabrook 1,1.0,1.0
2024-05-11,6115,1,Seabrook 1,0.58,0.58
2024-05-12,6115,1,Seabrook 1,0.58,0.58
2024-05-13,6115,1,Seabrook 1,1.0,1.0
2024-05-14,6115,1,Seabrook 1,1.0,1.0
2024-05-15,6115,1,Seabrook 1,1.0,1.0
2024-05-16,6115,1,Seabrook 1,1.0,1.0
2024-05-17,6115,1,Seabrook 1,1.0,1.0
2024-05-18,6115,1,Seabrook 1,1.0,1.0
2024-05-19,6115,1,Seabrook 1,1.0,1.0
2024-05-20,6115,1,Seabrook 1,1.0,1.0
2024-05-21,6115,1,Seabrook 1,1.0,1.0
2024-05-22,6115,1,Seabrook 1,1.0,1.0
2024-05-23,6115,1,Seabrook 1,1.0,1.0
2024-05-24,6115,1,Seabrook 1,1.0,1.0
2024-05-25,6115,1,Seabrook 1,1.0,1.0
2024-05-26,6115,1,Seabrook 1,1.0,1.0
2024-05-27,6115,1,Seabrook 1,1.0,1.0
2024-05-28,6115,1,Seabrook 1,1.0,1.0
2024-05-29,6115,1,Seabrook 1,1.0,1.0
2024-05-30,6115,1,Seabrook 1,1.0,1.0
2024-05-31,6115,1,Seabrook 1,1.0,1.0
2024-06-01,6115,1,Seabrook 1,1.0,1.0
2024-06-02,6115,1,Seabrook 1,1.0,1.0
2024-06-03,6115,1,Seabrook 1,1.0,1.0
2024-06-04,6115,1,Seabrook 1,1.0,1.0
2024-06-05,6115,1,Seabrook 1,1.0,1.0
2024-06-06,6115,1,Seabrook 1,1.0,1.0
2024-06-07,6115,1,Seabrook 1,1.0,1.0
2024-06-08,6115,1,Seabrook 1,1.0,1.0
2024-06-09,6115,1,Seabrook 1,1.0,1.0
2024-06-10,6115,1,Seabrook 1,1.0,1.0
2024-06-11,6115,1,Seabrook 1,1.0,1.0
2024-06-12,6115,1,Seabrook 1,1.0,1.0
2024-06-13,6115,1,Seabrook 1,1.0,1.0
2024-06-14,6115,1,Seabrook 1,1.0,1.0
2024-06-15,6115,1,Seabrook 1,1.0,1.0
2024-06-16,6115,1,Seabrook 1,1.0,1.0
2024-06-17,6115,1,Seabrook 1,1.0,1.0
2024-06-18,6115,1,Seabrook 1,1.0,1.0
2024-06-19,6115,1,Seabrook 1,1.0,1.0
2024-06-20,6115,1,Seabrook 1,1.0,1.0
2024-06-21,6115,1,Seabrook 1,1.0,1.0
2024-06-22,6115,1,Seabrook 1,1.0,1.0
2024-06-23,6115,1,Seabrook 1,1.0,1.0
2024-06-24,6115,1,Seabrook 1,1.0,1.0
2024-06-25,6115,1,Seabrook 1,1.0,1.0
2024-06-26,6115,1,Seabrook 1,1.0,1.0
2024-06-27,6115,1,Seabrook 1,1.0,1.0
2024-06-28,6115,1,Seabrook 1,1.0,1.0
2024-06-29,6115,1,Seabrook 1,1.0,1.0
2024-06-30,6115,1,Seabrook 1,1.0,1.0
2024-07-01,6115,1,Seabrook 1,1.0,0.99
2024-07-02,6115,1,Seabrook 1,1.0,0.99
2024-07-03,6115,1,Seabrook 1,1.0,0.99
2024-07-04,6115,1,Seabrook 1,1.0,0.99
2024-07-05,6115,1,Seabrook 1,1.0,0.99
2024-07-06,6115,1,Seabrook 1,1.0,0.99
2024-07-07,6115,1,Seabrook 1,1.0,0.99
2024-07-08,6115,1,Seabrook 1,1.0,0.99
2024-07-09,6115,1,Seabrook 1,1.0,0.99
2024-07-10,6115,1,Seabrook 1,1.0,0.99
2024-07-11,6115,1,Seabrook 1,1.0,0.99
2024-07-12,6115,1,Seabrook 1,1.0,0.99
2024-07-13,6115,1,Seabrook 1,1.0,0.99
2024-07-14,6115,1,Seabrook 1,1.0,0.99
2024-07-15,6115,1,Seabrook 1,1.0,0.99
2024-07-16,6115,1,Seabrook 1,1.0,0.99
2024-07-17,6115,1,Seabrook 1,1.0,0.99
2024-07-18,6115,1,Seabrook 1,1.0,0.99
2024-07-19,6115,1,Seabrook 1,1.0,0.99
2024-07-20,6115,1,Seabrook 1,1.0,0.99
2024-07-21,6115,1,Seabrook 1,1.0,0.99
2024-07-22,6115,1,Seabrook 1,1.0,0.99
2024-07-23,6115,1,Seabrook 1,1.0,0.99
2024-07-24,6115,1,Seabrook 1,1.0,0.99
2024-07-25,6115,1,Seabrook 1,1.0,0.99
2024-07-26,6115,1,Seabrook 1,1.0,0.99
2024-07-27,6115,1,Seabrook 1,1.0,0.99
2024-07-28,6115,1,Seabrook 1,1.0,0.99
2024-07-29,6115,1,Seabrook 1,1.0,0.99
2024-07-30,6115,1,Seabrook 1,1.0,0.99
2024-07-31,6115,1,Seabrook 1,1.0,0.99
2024-08-01,6115,1,Seabrook 1,1.0,0.9876
2024-08-02,6115,1,Seabrook 1,1.0,0.9876
2024-08-03,6115,1,Seabrook 1,1.0,0.9876
2024-08-04,6115,1,Seabrook 1,1.0,0.9876
2024-08-05,6115,1,Seabrook 1,1.0,0.9876
2024-08-06,6115,1,Seabrook 1,1.0,0.9876
2024-08-07,6115,1,Seabrook 1,1.0,0.9876
2024-08-08,6115,1,Seabrook 1,1.0,0.9876
2024-08-09,6115,1,Seabrook 1,1.0,0.9876
2024-08-10,6115,1,Seabrook 1,1.0,0.9876
2024-08-11,6115,1,Seabrook 1,1.0,0.9876
2024-08-12,6115,1,Seabrook 1,1.0,0.9876
2024-08-13,6115,1,Seabrook 1,1.0,0.9876
2024-08-14,6115,1,Seabrook 1,1.0,0.9876
2024-08-15,6115,1,Seabrook 1,1.0,0.9876
2024-08-16,6115,1,Seabrook 1,1.0,0.9876
2024-08-17,6115,1,Seabrook 1,1.0,0.9876
2024-08-18,6115,1,Seabrook 1,1.0,0.9876
2024-08-19,6115,1,Seabrook 1,1.0,0.9876
2024-08-20,6115,1,Seabrook 1,1.0,0.9876
2024-08-21,6115,1,Seabrook 1,1.0,0.9876
2024-08-22,6115,1,Seabrook 1,1.0,0.9876
2024-08-23,6115,1,Seabrook 1,1.0,0.9876
2024-08-24,6115,1,Seabrook 1,1.0,0.9876
2024-08-25,6115,1,Seabrook 1,1.0,0.9876
2024-08-26,6115,1,Seabrook 1,1.0,0.9876
2024-08-27,6115,1,Seabrook 1,1.0,0.9876
2024-08-28,6115,1,Seabrook 1,1.0,0.9876
2024-08-29,6115,1,Seabrook 1,1.0,0.9876
2024-08-30,6115,1,Seabrook 1,1.0,0.9876
2024-08-31,6115,1,Seabrook 1,1.0,0.9876
2024-09-01,6115,1,Seabrook 1,1.0,0.9795
2024-09-02,6115,1,Seabrook 1,1.0,0.9795
2024-09-03,6115,1,Seabrook 1,1.0,0.9795
2024-09-04,6115,1,Seabrook 1,1.0,0.9795
2024-09-05,6115,1,Seabrook 1,1.0,0.9795
2024-09-06,6115,1,Seabrook 1,1.0,0.9795
2024-09-07,6115,1,Seabrook 1,1.0,0.9795
2024-09-08,6115,1,Seabrook 1,1.0,0.9795
2024-09-09,6115,1,Seabrook 1,1.0,0.9795
2024-09-10,6115,1,Seabrook 1,1.0,0.9795
2024-09-11,6115,1,Seabrook 1,1.0,0.9795
2024-09-12,6115,1,Seabrook 1,1.0,0.9795
2024-09-13,6115,1,Seabrook 1,1.0,0.9795
2024-09-14,6115,1,Seabrook 1,1.0,0.9795
2024-09-15,6115,1,Seabrook 1,1.0,0.9795
2024-09-16,6115,1,Seabrook 1,1.0,0.9795
2024-09-17,6115,1,Seabrook 1,1.0,0.9795
2024-09-18,6115,1,Seabrook 1,1.0,0.9795
2024-09-19,6115,1,Seabrook 1,1.0,0.9795
2024-09-20,6115,1,Seabrook 1,1.0,0.9795
2024-09-21,6115,1,Seabrook 1,1.0,0.9795
2024-09-22,6115,1,Seabrook 1,1.0,0.9795
2024-09-23,6115,1,Seabrook 1,1.0,0.9795
2024-09-24,6115,1,Seabrook 1,1.0,0.9795
2024-09-25,6115,1,Seabrook 1,1.0,0.9795
2024-09-26,6115,1,Seabrook 1,1.0,0.9795
2024-09-27,6115,1,Seabrook 1,1.0,0.9795
2024-09-28,6115,1,Seabrook 1,1.0,0.9795
2024-09-29,6115,1,Seabrook 1,1.0,0.9795
2024-09-30,6115,1,Seabrook 1,1.0,0.9795
2024-10-01,6115,1,Seabrook 1,0.99,0.9826
2024-10-02,6115,1,Seabrook 1,0.99,0.9826
2024-10-03,6115,1,Seabrook 1,0.99,0.9826
2024-10-04,6115,1,Seabrook 1,0.98,0.9727
2024-10-05,6115,1,Seabrook 1,0.0,0.0
2024-10-06,6115,1,Seabrook 1,0.0,0.0
2024-10-07,6115,1,Seabrook 1,0.0,0.0
2024-10-08,6115,1,Seabrook 1,0.0,0.0
2024-10-09,6115,1,Seabrook 1,0.0,0.0
2024-10-10,6115,1,Seabrook 1,0.0,0.0
2024-10-11,6115,1,Seabrook 1,0.0,0.0
2024-10-12,6115,1,Seabrook 1,0.0,0.0
2024-10-13,6115,1,Seabrook 1,0.0,0.0
2024-10-14,6115,1,Seabrook 1,0.0,0.0
2024-10-15,6115,1,Seabrook 1,0.0,0.0
2024-10-16,6115,1,Seabrook 1,0.0,0.0
2024-10-17,6115,1,Seabrook 1,0.0,0.0
2024-10-18,6115,1,Seabrook 1,0.0,0.0
2024-10-19,6115,1,Seabrook 1,0.0,0.0
2024-10-20,6115,1,Seabrook 1,0.0,0.0
2024-10-21,6115,1,Seabrook 1,0.0,0.0
2024-10-22,6115,1,Seabrook 1,0.0,0.0
2024-10-23,6115,1,Seabrook 1,0.0,0.0
2024-10-24,6115,1,Seabrook 1,0.0,0.0
2024-10-25,6115,1,Seabrook 1,0.0,0.0
2024-10-26,6115,1,Seabrook 1,0.0,0.0
2024-10-27,6115,1,Seabrook 1,0.0,0.0
2024-10-28,6115,1,Seabrook 1,0.0,0.0
2024-10-29,6115,1,Seabrook 1,0.0,0.0
2024-10-30,6115,1,Seabrook 1,0.0,0.0
2024-10-31,6115,1,Seabrook 1,0.0,0.0
2024-11-01,6115,1,Seabrook 1,0.0,0.0
2024-11-02,6115,1,Seabrook 1,0.0,0.0
2024-11-03,6115,1,Seabrook 1,0.0,0.0
2024-11-04,6115,1,Seabrook 1,0.0,0.0
2024-11-05,6115,1,Seabrook 1,0.0,0.0
2024-11-06,6115,1,Seabrook 1,0.0,0.0
2024-11-07,6115,1,Seabrook 1,0.0,0.0
2024-11-08,6115,1,Seabrook 1,0.0,0.0
2024-11-09,6115,1,Seabrook 1,0.0,0.0
2024-11-10,6115,1,Seabrook 1,0.11,0.11
2024-11-11,6115,1,Seabrook 1,0.3,0.3
2024-11-12,6115,1,Seabrook 1,0.49,0.49
2024-11-13,6115,1,Seabrook 1,0.88,0.88
2024-11-14,6115,1,Seabrook 1,0.96,0.9544
2024-11-15,6115,1,Seabrook 1,1.0,0.9941
2024-11-16,6115,1,Seabrook 1,1.0,0.9941
2024-11-17,6115,1,Seabrook 1,1.0,0.9941
2024-11-18,6115,1,Seabrook 1,1.0,0.9941
2024-11-19,6115,1,Seabrook 1,1.0,0.9941
2024-11-20,6115,1,Seabrook 1,0.0,0.0
2024-11-21,6115,1,Seabrook 1,0.49,0.49
2024-11-22,6115,1,Seabrook 1,1.0,0.9941
2024-11-23,6115,1,Seabrook 1,1.0,0.9941
2024-11-24,6115,1,Seabrook 1,1.0,0.9941
2024-11-25,6115,1,Seabrook 1,1.0,0.9941
2024-11-26,6115,1,Seabrook 1,1.0,0.9941
2024-11-27,6115,1,Seabrook 1,1.0,0.9941
2024-11-28,6115,1,Seabrook 1,1.0,0.9941
2024-11-29,6115,1,Seabrook 1,1.0,0.9941
2024-11-30,6115,1,Seabrook 1,1.0,0.9941
2024-12-01,6115,1,Seabrook 1,1.0,1.0
2024-12-02,6115,1,Seabrook 1,1.0,1.0
2024-12-03,6115,1,Seabrook 1,1.0,1.0
2024-12-04,6115,1,Seabrook 1,1.0,1.0
2024-12-05,6115,1,Seabrook 1,1.0,1.0
2024-12-06,6115,1,Seabrook 1,1.0,1.0
2024-12-07,6115,1,Seabrook 1,1.0,1.0
2024-12-08,6115,1,Seabrook 1,1.0,1.0
2024-12-09,6115,1,Seabrook 1,1.0,1.0
2024-12-10,6115,1,Seabrook 1,1.0,1.0
2024-12-11,6115,1,Seabrook 1,1.0,1.0
2024-12-12,6115,1,Seabrook 1,1.0,1.0
2024-12-13,6115,1,Seabrook 1,1.0,1.0
2024-12-14,6115,1,Seabrook 1,1.0,1.0
2024-12-15,6115,1,Seabrook 1,1.0,1.0
2024-12-16,6115,1,Seabrook 1,1.0,1.0
2024-12-17,6115,1,Seabrook 1,1.0,1.0
2024-12-18,6115,1,Seabrook 1,0.6,0.6
2024-12-19,6115,1,Seabrook 1,0.5,0.5
2024-12-20,6115,1,Seabrook 1,0.79,0.79
2024-12-21,6115,1,Seabrook 1,0.8,0.8
2024-12-22,6115,1,Seabrook 1,0.75,0.75
2024-12-23,6115,1,Seabrook 1,0.75,0.75
2024-12-24,6115,1,Seabrook 1,0.5,0.5
2024-12-25,6115,1,Seabrook 1,1.0,1.0
2024-12-26,6115,1,Seabrook 1,1.0,1.0
2024-12-27,6115,1,Seabrook 1,1.0,1.0
2024-12-28,6115,1,Seabrook 1,1.0,1.0
2024-12-29,6115,1,Seabrook 1,1.0,1.0
2024-12-30,6115,1,Seabrook 1,1.0,1.0
2024-12-31,6115,1,Seabrook 1,1.0,1.0
2025-01-01,6115,1,Seabrook 1,1.0,1.0
2025-01-02,6115,1,Seabrook 1,1.0,1.0
2025-01-03,6115,1,Seabrook 1,1.0,1.0
2025-01-04,6115,1,Seabrook 1,1.0,1.0
2025-01-05,6115,1,Seabrook 1,1.0,1.0
2025-01-06,6115,1,Seabrook 1,1.0,1.0
2025-01-07,6115,1,Seabrook 1,1.0,1.0
2025-01-08,6115,1,Seabrook 1,1.0,1.0
2025-01-09,6115,1,Seabrook 1,1.0,1.0
2025-01-10,6115,1,Seabrook 1,1.0,1.0
2025-01-11,6115,1,Seabrook 1,1.0,1.0
2025-01-12,6115,1,Seabrook 1,1.0,1.0
2025-01-13,6115,1,Seabrook 1,1.0,1.0
2025-01-14,6115,1,Seabrook 1,1.0,1.0
2025-01-15,6115,1,Seabrook 1,1.0,1.0
2025-01-16,6115,1,Seabrook 1,1.0,1.0
2025-01-17,6115,1,Seabrook 1,1.0,1.0
2025-01-18,6115,1,Seabrook 1,1.0,1.0
2025-01-19,6115,1,Seabrook 1,1.0,1.0
2025-01-20,6115,1,Seabrook 1,1.0,1.0
2025-01-21,6115,1,Seabrook 1,1.0,1.0
2025-01-22,6115,1,Seabrook 1,1.0,1.0
2025-01-23,6115,1,Seabrook 1,1.0,1.0
2025-01-24,6115,1,Seabrook 1,1.0,1.0
2025-01-25,6115,1,Seabrook 1,1.0,1.0
2025-01-26,6115,1,Seabrook 1,1.0,1.0
2025-01-27,6115,1,Seabrook 1,1.0,1.0
2025-01-28,6115,1,Seabrook 1,1.0,1.0
2025-01-29,6115,1,Seabrook 1,1.0,1.0
2025-01-30,6115,1,Seabrook 1,1.0,1.0
2025-01-31,6115,1,Seabrook 1,1.0,1.0
2025-02-01,6115,1,Seabrook 1,1.0,1.0
2025-02-02,6115,1,Seabrook 1,1.0,1.0
2025-02-03,6115,1,Seabrook 1,1.0,1.0
2025-02-04,6115,1,Seabrook 1,1.0,1.0
2025-02-05,6115,1,Seabrook 1,1.0,1.0
2025-02-06,6115,1,Seabrook 1,1.0,1.0
2025-02-07,6115,1,Seabrook 1,1.0,1.0
2025-02-08,6115,1,Seabrook 1,1.0,1.0
2025-02-09,6115,1,Seabrook 1,1.0,1.0
2025-02-10,6115,1,Seabrook 1,1.0,1.0
2025-02-11,6115,1,Seabrook 1,1.0,1.0
2025-02-12,6115,1,Seabrook 1,1.0,1.0
2025-02-13,6115,1,Seabrook 1,1.0,1.0
2025-02-14,6115,1,Seabrook 1,0.47,0.47
2025-02-15,6115,1,Seabrook 1,1.0,1.0
2025-02-16,6115,1,Seabrook 1,1.0,1.0
2025-02-17,6115,1,Seabrook 1,1.0,1.0
2025-02-18,6115,1,Seabrook 1,1.0,1.0
2025-02-19,6115,1,Seabrook 1,1.0,1.0
2025-02-20,6115,1,Seabrook 1,1.0,1.0
2025-02-21,6115,1,Seabrook 1,1.0,1.0
2025-02-22,6115,1,Seabrook 1,1.0,1.0
2025-02-23,6115,1,Seabrook 1,1.0,1.0
2025-02-24,6115,1,Seabrook 1,1.0,1.0
2025-02-25,6115,1,Seabrook 1,1.0,1.0
2025-02-26,6115,1,Seabrook 1,1.0,1.0
2025-02-27,6115,1,Seabrook 1,1.0,1.0
2025-02-28,6115,1,Seabrook 1,1.0,1.0
2025-03-01,6115,1,Seabrook 1,1.0,1.0
2025-03-02,6115,1,Seabrook 1,1.0,1.0
2025-03-03,6115,1,Seabrook 1,1.0,1.0
2025-03-04,6115,1,Seabrook 1,1.0,1.0
2025-03-05,6115,1,Seabrook 1,1.0,1.0
2025-03-06,6115,1,Seabrook 1,1.0,1.0
2025-03-07,6115,1,Seabrook 1,1.0,1.0
2025-03-08,6115,1,Seabrook 1,1.0,1.0
2025-03-09,6115,1,Seabrook 1,1.0,1.0
2025-03-10,6115,1,Seabrook 1,1.0,1.0
2025-03-11,6115,1,Seabrook 1,1.0,1.0
2025-03-12,6115,1,Seabrook 1,1.0,1.0
2025-03-13,6115,1,Seabrook 1,1.0,1.0
2025-03-14,6115,1,Seabrook 1,1.0,1.0
2025-03-15,6115,1,Seabrook 1,1.0,1.0
2025-03-16,6115,1,Seabrook 1,1.0,1.0
2025-03-17,6115,1,Seabrook 1,1.0,1.0
2025-03-18,6115,1,Seabrook 1,1.0,1.0
2025-03-19,6115,1,Seabrook 1,1.0,1.0
2025-03-20,6115,1,Seabrook 1,1.0,1.0
2025-03-21,6115,1,Seabrook 1,1.0,1.0
2025-03-22,6115,1,Seabrook 1,1.0,1.0
2025-03-23,6115,1,Seabrook 1,1.0,1.0
2025-03-24,6115,1,Seabrook 1,1.0,1.0
2025-03-25,6115,1,Seabrook 1,1.0,1.0
2025-03-26,6115,1,Seabrook 1,1.0,1.0
2025-03-27,6115,1,Seabrook 1,1.0,1.0
2025-03-28,6115,1,Seabrook 1,1.0,1.0
2025-03-29,6115,1,Seabrook 1,1.0,1.0
2025-03-30,6115,1,Seabrook 1,1.0,1.0
2025-03-31,6115,1,Seabrook 1,1.0,1.0
2025-04-01,6115,1,Seabrook 1,1.0,0.9965
2025-04-02,6115,1,Seabrook 1,1.0,0.9965
2025-04-03,6115,1,Seabrook 1,1.0,0.9965
2025-04-04,6115,1,Seabrook 1,1.0,0.9965
2025-04-05,6115,1,Seabrook 1,1.0,0.9965
2025-04-06,6115,1,Seabrook 1,1.0,0.9965
2025-04-07,6115,1,Seabrook 1,1.0,0.9965
2025-04-08,6115,1,Seabrook 1,1.0,0.9965
2025-04-09,6115,1,Seabrook 1,1.0,0.9965
2025-04-10,6115,1,Seabrook 1,1.0,0.9965
2025-04-11,6115,1,Seabrook 1,1.0,0.9965
2025-04-12,6115,1,Seabrook 1,1.0,0.9965
2025-04-13,6115,1,Seabrook 1,1.0,0.9965
2025-04-14,6115,1,Seabrook 1,1.0,0.9965
2025-04-15,6115,1,Seabrook 1,1.0,0.9965
2025-04-16,6115,1,Seabrook 1,1.0,0.9965
2025-04-17,6115,1,Seabrook 1,1.0,0.9965
2025-04-18,6115,1,Seabrook 1,1.0,0.9965
2025-04-19,6115,1,Seabrook 1,1.0,0.9965
2025-04-20,6115,1,Seabrook 1,1.0,0.9965
2025-04-21,6115,1,Seabrook 1,1.0,0.9965
2025-04-22,6115,1,Seabrook 1,1.0,0.9965
2025-04-23,6115,1,Seabrook 1,1.0,0.9965
2025-04-24,6115,1,Seabrook 1,1.0,0.9965
2025-04-25,6115,1,Seabrook 1,1.0,0.9965
2025-04-26,6115,1,Seabrook 1,1.0,0.9965
2025-04-27,6115,1,Seabrook 1,1.0,0.9965
2025-04-28,6115,1,Seabrook 1,1.0,0.9965
2025-04-29,6115,1,Seabrook 1,1.0,0.9965
2025-04-30,6115,1,Seabrook 1,1.0,0.9965
2025-05-01,6115,1,Seabrook 1,1.0,0.9975
2025-05-02,6115,1,Seabrook 1,1.0,0.9975
2025-05-03,6115,1,Seabrook 1,1.0,0.9975
2025-05-04,6115,1,Seabrook 1,1.0,0.9975
2025-05-05,6115,1,Seabrook 1,1.0,0.9975
2025-05-06,6115,1,Seabrook 1,1.0,0.9975
2025-05-07,6115,1,Seabrook 1,1.0,0.9975
2025-05-08,6115,1,Seabrook 1,1.0,0.9975
2025-05-09,6115,1,Seabrook 1,1.0,0.9975
2025-05-10,6115,1,Seabrook 1,1.0,0.9975
2025-05-11,6115,1,Seabrook 1,1.0,0.9975
2025-05-12,6115,1,Seabrook 1,1.0,0.9975
2025-05-13,6115,1,Seabrook 1,1.0,0.9975
2025-05-14,6115,1,Seabrook 1,1.0,0.9975
2025-05-15,6115,1,Seabrook 1,1.0,0.9975
2025-05-16,6115,1,Seabrook 1,1.0,0.9975
2025-05-17,6115,1,Seabrook 1,1.0,0.9975
2025-05-18,6115,1,Seabrook 1,1.0,0.9975
2025-05-19,6115,1,Seabrook 1,1.0,0.9975
2025-05-20,6115,1,Seabrook 1,1.0,0.9975
2025-05-21,6115,1,Seabrook 1,1.0,0.9975
2025-05-22,6115,1,Seabrook 1,1.0,0.9975
2025-05-23,6115,1,Seabrook 1,1.0,0.9975
2025-05-24,6115,1,Seabrook 1,1.0,0.9975
2025-05-25,6115,1,Seabrook 1,1.0,0.9975
2025-05-26,6115,1,Seabrook 1,1.0,0.9975
2025-05-27,6115,1,Seabrook 1,1.0,0.9975
2025-05-28,6115,1,Seabrook 1,1.0,0.9975
2025-05-29,6115,1,Seabrook 1,1.0,0.9975
2025-05-30,6115,1,Seabrook 1,1.0,0.9975
2025-05-31,6115,1,Seabrook 1,1.0,0.9975
2025-06-01,6115,1,Seabrook 1,1.0,1.0
2025-06-02,6115,1,Seabrook 1,1.0,1.0
2025-06-03,6115,1,Seabrook 1,1.0,1.0
2025-06-04,6115,1,Seabrook 1,1.0,1.0
2025-06-05,6115,1,Seabrook 1,1.0,1.0
2025-06-06,6115,1,Seabrook 1,1.0,1.0
2025-06-07,6115,1,Seabrook 1,1.0,1.0
2025-06-08,6115,1,Seabrook 1,1.0,1.0
2025-06-09,6115,1,Seabrook 1,1.0,1.0
2025-06-10,6115,1,Seabrook 1,1.0,1.0
2025-06-11,6115,1,Seabrook 1,1.0,1.0
2025-06-12,6115,1,Seabrook 1,1.0,1.0
2025-06-13,6115,1,Seabrook 1,1.0,1.0
2025-06-14,6115,1,Seabrook 1,1.0,1.0
2025-06-15,6115,1,Seabrook 1,1.0,1.0
2025-06-16,6115,1,Seabrook 1,1.0,1.0
2025-06-17,6115,1,Seabrook 1,1.0,1.0
2025-06-18,6115,1,Seabrook 1,1.0,1.0
2025-06-19,6115,1,Seabrook 1,1.0,1.0
2025-06-20,6115,1,Seabrook 1,1.0,1.0
2025-06-21,6115,1,Seabrook 1,1.0,1.0
2025-06-22,6115,1,Seabrook 1,1.0,1.0
2025-06-23,6115,1,Seabrook 1,1.0,1.0
2025-06-24,6115,1,Seabrook 1,1.0,1.0
2025-06-25,6115,1,Seabrook 1,1.0,1.0
2025-06-26,6115,1,Seabrook 1,1.0,1.0
2025-06-27,6115,1,Seabrook 1,1.0,1.0
2025-06-28,6115,1,Seabrook 1,1.0,1.0
2025-06-29,6115,1,Seabrook 1,1.0,1.0
2025-06-30,6115,1,Seabrook 1,1.0,1.0
2025-07-01,6115,1,Seabrook 1,1.0,0.99
2025-07-02,6115,1,Seabrook 1,1.0,0.99
2025-07-03,6115,1,Seabrook 1,1.0,0.99
2025-07-04,6115,1,Seabrook 1,1.0,0.99
2025-07-05,6115,1,Seabrook 1,1.0,0.99
2025-07-06,6115,1,Seabrook 1,1.0,0.99
2025-07-07,6115,1,Seabrook 1,1.0,0.99
2025-07-08,6115,1,Seabrook 1,1.0,0.99
2025-07-09,6115,1,Seabrook 1,1.0,0.99
2025-07-10,6115,1,Seabrook 1,1.0,0.99
2025-07-11,6115,1,Seabrook 1,1.0,0.99
2025-07-12,6115,1,Seabrook 1,1.0,0.99
2025-07-13,6115,1,Seabrook 1,1.0,0.99
2025-07-14,6115,1,Seabrook 1,1.0,0.99
2025-07-15,6115,1,Seabrook 1,1.0,0.99
2025-07-16,6115,1,Seabrook 1,1.0,0.99
2025-07-17,6115,1,Seabrook 1,1.0,0.99
2025-07-18,6115,1,Seabrook 1,1.0,0.99
2025-07-19,6115,1,Seabrook 1,1.0,0.99
2025-07-20,6115,1,Seabrook 1,1.0,0.99
2025-07-21,6115,1,Seabrook 1,1.0,0.99
2025-07-22,6115,1,Seabrook 1,1.0,0.99
2025-07-23,6115,1,Seabrook 1,1.0,0.99
2025-07-24,6115,1,Seabrook 1,1.0,0.99
2025-07-25,6115,1,Seabrook 1,1.0,0.99
2025-07-26,6115,1,Seabrook 1,1.0,0.99
2025-07-27,6115,1,Seabrook 1,1.0,0.99
2025-07-28,6115,1,Seabrook 1,1.0,0.99
2025-07-29,6115,1,Seabrook 1,1.0,0.99
2025-07-30,6115,1,Seabrook 1,1.0,0.99
2025-07-31,6115,1,Seabrook 1,1.0,0.99
2025-08-01,6115,1,Seabrook 1,1.0,0.9923
2025-08-02,6115,1,Seabrook 1,1.0,0.9923
2025-08-03,6115,1,Seabrook 1,1.0,0.9923
2025-08-04,6115,1,Seabrook 1,1.0,0.9923
2025-08-05,6115,1,Seabrook 1,1.0,0.9923
2025-08-06,6115,1,Seabrook 1,1.0,0.9923
2025-08-07,6115,1,Seabrook 1,1.0,0.9923
2025-08-08,6115,1,Seabrook 1,1.0,0.9923
2025-08-09,6115,1,Seabrook 1,1.0,0.9923
2025-08-10,6115,1,Seabrook 1,1.0,0.9923
2025-08-11,6115,1,Seabrook 1,1.0,0.9923
2025-08-12,6115,1,Seabrook 1,1.0,0.9923
2025-08-13,6115,1,Seabrook 1,1.0,0.9923
2025-08-14,6115,1,Seabrook 1,1.0,0.9923
2025-08-15,6115,1,Seabrook 1,1.0,0.9923
2025-08-16,6115,1,Seabrook 1,1.0,0.9923
2025-08-17,6115,1,Seabrook 1,1.0,0.9923
2025-08-18,6115,1,Seabrook 1,1.0,0.9923
2025-08-19,6115,1,Seabrook 1,1.0,0.9923
2025-08-20,6115,1,Seabrook 1,1.0,0.9923
2025-08-21,6115,1,Seabrook 1,1.0,0.9923
2025-08-22,6115,1,Seabrook 1,1.0,0.9923
2025-08-23,6115,1,Seabrook 1,1.0,0.9923
2025-08-24,6115,1,Seabrook 1,1.0,0.9923
2025-08-25,6115,1,Seabrook 1,1.0,0.9923
2025-08-26,6115,1,Seabrook 1,1.0,0.9923
2025-08-27,6115,1,Seabrook 1,1.0,0.9923
2025-08-28,6115,1,Seabrook 1,1.0,0.9923
2025-08-29,6115,1,Seabrook 1,1.0,0.9923
2025-08-30,6115,1,Seabrook 1,1.0,0.9923
2025-08-31,6115,1,Seabrook 1,1.0,0.9923
2025-09-01,6115,1,Seabrook 1,1.0,0.9904
2025-09-02,6115,1,Seabrook 1,1.0,0.9904
2025-09-03,6115,1,Seabrook 1,1.0,0.9904
2025-09-04,6115,1,Seabrook 1,1.0,0.9904
2025-09-05,6115,1,Seabrook 1,1.0,0.9904
2025-09-06,6115,1,Seabrook 1,1.0,0.9904
2025-09-07,6115,1,Seabrook 1,1.0,0.9904
2025-09-08,6115,1,Seabrook 1,1.0,0.9904
2025-09-09,6115,1,Seabrook 1,1.0,0.9904
2025-09-10,6115,1,Seabrook 1,1.0,0.9904
2025-09-11,6115,1,Seabrook 1,1.0,0.9904
2025-09-12,6115,1,Seabrook 1,1.0,0.9904
2025-09-13,6115,1,Seabrook 1,1.0,0.9904
2025-09-14,6115,1,Seabrook 1,0.97,0.9607
2025-09-15,6115,1,Seabrook 1,1.0,0.9904
2025-09-16,6115,1,Seabrook 1,1.0,0.9904
2025-09-17,6115,1,Seabrook 1,1.0,0.9904
2025-09-18,6115,1,Seabrook 1,1.0,0.9904
2025-09-19,6115,1,Seabrook 1,1.0,0.9904
2025-09-20,6115,1,Seabrook 1,1.0,0.9904
2025-09-21,6115,1,Seabrook 1,1.0,0.9904
2025-09-22,6115,1,Seabrook 1,1.0,0.9904
2025-09-23,6115,1,Seabrook 1,1.0,0.9904
2025-09-24,6115,1,Seabrook 1,1.0,0.9904
2025-09-25,6115,1,Seabrook 1,1.0,0.9904
2025-09-26,6115,1,Seabrook 1,1.0,0.9904
2025-09-27,6115,1,Seabrook 1,1.0,0.9904
2025-09-28,6115,1,Seabrook 1,1.0,0.9904
2025-09-29,6115,1,Seabrook 1,1.0,0.9904
2025-09-30,6115,1,Seabrook 1,1.0,0.9904
2025-10-01,6115,1,Seabrook 1,1.0,0.9917
2025-10-02,6115,1,Seabrook 1,1.0,0.9917
2025-10-03,6115,1,Seabrook 1,1.0,0.9917
2025-10-04,6115,1,Seabrook 1,1.0,0.9917
2025-10-05,6115,1,Seabrook 1,1.0,0.9917
2025-10-06,6115,1,Seabrook 1,1.0,0.9917
2025-10-07,6115,1,Seabrook 1,1.0,0.9917
2025-10-08,6115,1,Seabrook 1,1.0,0.9917
2025-10-09,6115,1,Seabrook 1,1.0,0.9917
2025-10-10,6115,1,Seabrook 1,1.0,0.9917
2025-10-11,6115,1,Seabrook 1,1.0,0.9917
2025-10-12,6115,1,Seabrook 1,1.0,0.9917
2025-10-13,6115,1,Seabrook 1,1.0,0.9917
2025-10-14,6115,1,Seabrook 1,1.0,0.9917
2025-10-15,6115,1,Seabrook 1,1.0,0.9917
2025-10-16,6115,1,Seabrook 1,1.0,0.9917
2025-10-17,6115,1,Seabrook 1,1.0,0.9917
2025-10-18,6115,1,Seabrook 1,1.0,0.9917
2025-10-19,6115,1,Seabrook 1,1.0,0.9917
2025-10-20,6115,1,Seabrook 1,1.0,0.9917
2025-10-21,6115,1,Seabrook 1,1.0,0.9917
2025-10-22,6115,1,Seabrook 1,1.0,0.9917
2025-10-23,6115,1,Seabrook 1,1.0,0.9917
2025-10-24,6115,1,Seabrook 1,1.0,0.9917
2025-10-25,6115,1,Seabrook 1,1.0,0.9917
2025-10-26,6115,1,Seabrook 1,1.0,0.9917
2025-10-27,6115,1,Seabrook 1,1.0,0.9917
2025-10-28,6115,1,Seabrook 1,1.0,0.9917
2025-10-29,6115,1,Seabrook 1,1.0,0.9917
2025-10-30,6115,1,Seabrook 1,1.0,0.9917
2025-10-31,6115,1,Seabrook 1,1.0,0.9917
2025-11-01,6115,1,Seabrook 1,1.0,1.0
2025-11-02,6115,1,Seabrook 1,1.0,1.0
2025-11-03,6115,1,Seabrook 1,1.0,1.0
2025-11-04,6115,1,Seabrook 1,1.0,1.0
2025-11-05,6115,1,Seabrook 1,1.0,1.0
2025-11-06,6115,1,Seabrook 1,1.0,1.0
2025-11-07,6115,1,Seabrook 1,1.0,1.0
2025-11-08,6115,1,Seabrook 1,1.0,1.0
2025-11-09,6115,1,Seabrook 1,1.0,1.0
2025-11-10,6115,1,Seabrook 1,1.0,1.0
2025-11-11,6115,1,Seabrook 1,1.0,1.0
2025-11-12,6115,1,Seabrook 1,1.0,1.0
2025-11-13,6115,1,Seabrook 1,1.0,1.0
2025-11-14,6115,1,Seabrook 1,1.0,1.0
2025-11-15,6115,1,Seabrook 1,1.0,1.0
2025-11-16,6115,1,Seabrook 1,1.0,1.0
2025-11-17,6115,1,Seabrook 1,1.0,1.0
2025-11-18,6115,1,Seabrook 1,1.0,1.0
2025-11-19,6115,1,Seabrook 1,1.0,1.0
2025-11-20,6115,1,Seabrook 1,1.0,1.0
2025-11-21,6115,1,Seabrook 1,1.0,1.0
2025-11-22,6115,1,Seabrook 1,1.0,1.0
2025-11-23,6115,1,Seabrook 1,1.0,1.0
2025-11-24,6115,1,Seabrook 1,1.0,1.0
2025-11-25,6115,1,Seabrook 1,1.0,1.0
2025-11-26,6115,1,Seabrook 1,1.0,1.0
2025-11-27,6115,1,Seabrook 1,1.0,1.0
2025-11-28,6115,1,Seabrook 1,1.0,1.0
2025-11-29,6115,1,Seabrook 1,1.0,1.0
2025-11-30,6115,1,Seabrook 1,1.0,1.0
2025-12-01,6115,1,Seabrook 1,1.0,1.0
2025-12-02,6115,1,Seabrook 1,1.0,1.0
2025-12-03,6115,1,Seabrook 1,1.0,1.0
2025-12-04,6115,1,Seabrook 1,1.0,1.0
2025-12-05,6115,1,Seabrook 1,1.0,1.0
2025-12-06,6115,1,Seabrook 1,1.0,1.0
2025-12-07,6115,1,Seabrook 1,1.0,1.0
2025-12-08,6115,1,Seabrook 1,1.0,1.0
2025-12-09,6115,1,Seabrook 1,1.0,1.0
2025-12-10,6115,1,Seabrook 1,1.0,1.0
2025-12-11,6115,1,Seabrook 1,1.0,1.0
2025-12-12,6115,1,Seabrook 1,1.0,1.0
2025-12-13,6115,1,Seabrook 1,1.0,1.0
2025-12-14,6115,1,Seabrook 1,1.0,1.0
2025-12-15,6115,1,Seabrook 1,1.0,1.0
2025-12-16,6115,1,Seabrook 1,1.0,1.0
2025-12-17,6115,1,Seabrook 1,1.0,1.0
2025-12-18,6115,1,Seabrook 1,1.0,1.0
2025-12-19,6115,1,Seabrook 1,1.0,1.0
2025-12-20,6115,1,Seabrook 1,1.0,1.0
2025-12-21,6115,1,Seabrook 1,1.0,1.0
2025-12-22,6115,1,Seabrook 1,1.0,1.0
2025-12-23,6115,1,Seabrook 1,1.0,1.0
2025-12-24,6115,1,Seabrook 1,1.0,1.0
2025-12-25,6115,1,Seabrook 1,1.0,1.0
2025-12-26,6115,1,Seabrook 1,1.0,1.0
2025-12-27,6115,1,Seabrook 1,1.0,1.0
2025-12-28,6115,1,Seabrook 1,1.0,1.0
2025-12-29,6115,1,Seabrook 1,1.0,1.0
2025-12-30,6115,1,Seabrook 1,1.0,1.0
2025-12-31,6115,1,Seabrook 1,1.0,1.0
